filename,schedule,dose,gradient,vegf_level,VconcST,Vconc,run,hours,drug_tumour_nM,drug_gut_mgL,drug_blood_mgL,drug_blood_nM,vasc_score,vegfr_inhibition,dll4_average
1200_dose_0.2_gradient_0_VconcST_0.04_Vconc_3.2_run_0.csv,1200.0,0.2,0,3.2,0.04,3.2,0,0.0,0.0,0.0,0.0,0.0,0.0,0.0,0.0
1200_dose_0.2_gradient_0_VconcST_0.04_Vconc_3.2_run_0.csv,1200.0,0.2,0,3.2,0.04,3.2,0,0.25,0.0,0.0,0.0,0.0,0.0,0.0,8075.98
1200_dose_0.2_gradient_0_VconcST_0.04_Vconc_3.2_run_0.csv,1200.0,0.2,0,3.2,0.04,3.2,0,0.5,0.0,0.0,0.0,0.0,0.0,0.0,274.218
1200_dose_0.2_gradient_0_VconcST_0.04_Vconc_3.2_run_0.csv,1200.0,0.2,0,3.2,0.04,3.2,0,0.75,0.0,0.0,0.0,0.0,0.0,0.0,8414.37
1200_dose_0.2_gradient_0_VconcST_0.04_Vconc_3.2_run_0.csv,1200.0,0.2,0,3.2,0.04,3.2,0,1.0,0.0,0.0,0.0,0.0,0.0,0.0,308.341
1200_dose_0.2_gradient_0_VconcST_0.04_Vconc_3.2_run_0.csv,1200.0,0.2,0,3.2,0.04,3.2,0,1.25,0.0,0.0,0.0,0.0,0.0,0.0,8874.66
1200_dose_0.2_gradient_0_VconcST_0.04_Vconc_3.2_run_0.csv,1200.0,0.2,0,3.2,0.04,3.2,0,1.5,0.0,0.0,0.0,0.0,0.0,0.0,303.884
1200_dose_0.2_gradient_0_VconcST_0.04_Vconc_3.2_run_0.csv,1200.0,0.2,0,3.2,0.04,3.2,0,1.75,0.0,0.0,0.0,0.0,0.0,0.0,8158.08
1200_dose_0.2_gradient_0_VconcST_0.04_Vconc_3.2_run_0.csv,1200.0,0.2,0,3.2,0.04,3.2,0,2.0,0.0,0.0,0.0,0.0,0.0,0.0,292.556
1200_dose_0.2_gradient_0_VconcST_0.04_Vconc_3.2_run_0.csv,1200.0,0.2,0,3.2,0.04,3.2,0,2.25,0.0,0.0,0.0,0.0,0.0,0.0,7871.92
1200_dose_0.2_gradient_0_VconcST_0.04_Vconc_3.2_run_0.csv,1200.0,0.2,0,3.2,0.04,3.2,0,2.5,0.0,0.0,0.0,0.0,0.0,0.0,292.433
1200_dose_0.2_gradient_0_VconcST_0.04_Vconc_3.2_run_0.csv,1200.0,0.2,0,3.2,0.04,3.2,0,2.75,0.0,0.0,0.0,0.0,0.0,0.0,8062.11
1200_dose_0.2_gradient_0_VconcST_0.04_Vconc_3.2_run_0.csv,1200.0,0.2,0,3.2,0.04,3.2,0,3.0,0.0,0.0,0.0,0.0,0.0,0.0,299.612
1200_dose_0.2_gradient_0_VconcST_0.04_Vconc_3.2_run_0.csv,1200.0,0.2,0,3.2,0.04,3.2,0,3.25,0.0,0.0,0.0,0.0,0.0,0.0,8240.34
1200_dose_0.2_gradient_0_VconcST_0.04_Vconc_3.2_run_0.csv,1200.0,0.2,0,3.2,0.04,3.2,0,3.5,0.0,0.0,0.0,0.0,0.0,0.0,297.102
1200_dose_0.2_gradient_0_VconcST_0.04_Vconc_3.2_run_0.csv,1200.0,0.2,0,3.2,0.04,3.2,0,3.75,0.0,0.0,0.0,0.0,0.0,0.0,7611.18
1200_dose_0.2_gradient_0_VconcST_0.04_Vconc_3.2_run_0.csv,1200.0,0.2,0,3.2,0.04,3.2,0,4.0,0.0,0.0,0.0,0.0,0.0,0.0,294.866
1200_dose_0.2_gradient_0_VconcST_0.04_Vconc_3.2_run_0.csv,1200.0,0.2,0,3.2,0.04,3.2,0,4.25,0.0,0.0,0.0,0.0,0.0,0.0,8332.92
1200_dose_0.2_gradient_0_VconcST_0.04_Vconc_3.2_run_0.csv,1200.0,0.2,0,3.2,0.04,3.2,0,4.5,0.0,0.0,0.0,0.0,0.0,0.0,296.106
1200_dose_0.2_gradient_0_VconcST_0.04_Vconc_3.2_run_0.csv,1200.0,0.2,0,3.2,0.04,3.2,0,4.75,0.0,0.0,0.0,0.0,0.0,0.0,8961.74
1200_dose_0.2_gradient_0_VconcST_0.04_Vconc_3.2_run_0.csv,1200.0,0.2,0,3.2,0.04,3.2,0,5.0,0.0155725,0.2,6.06501e-06,0.0155725,0.0,0.0,289.521
1200_dose_0.2_gradient_0_VconcST_0.04_Vconc_3.2_run_0.csv,1200.0,0.2,0,3.2,0.04,3.2,0,5.25,0.938689,0.196036,0.00036559,0.938689,0.0,0.103489,7446.71
1200_dose_0.2_gradient_0_VconcST_0.04_Vconc_3.2_run_0.csv,1200.0,0.2,0,3.2,0.04,3.2,0,5.5,1.84001,0.192151,0.000716626,1.84001,0.0,0.185764,224.96
1200_dose_0.2_gradient_0_VconcST_0.04_Vconc_3.2_run_0.csv,1200.0,0.2,0,3.2,0.04,3.2,0,5.75,2.71998,0.188343,0.00105935,2.71998,0.000143229,0.252719,5991.15
1200_dose_0.2_gradient_0_VconcST_0.04_Vconc_3.2_run_0.csv,1200.0,0.2,0,3.2,0.04,3.2,0,6.0,3.57903,0.18461,0.00139392,3.57903,0.0,0.308251,176.825
1200_dose_0.2_gradient_0_VconcST_0.04_Vconc_3.2_run_0.csv,1200.0,0.2,0,3.2,0.04,3.2,0,6.25,4.4176,0.180951,0.00172052,4.4176,0.0,0.355036,4925.92
1200_dose_0.2_gradient_0_VconcST_0.04_Vconc_3.2_run_0.csv,1200.0,0.2,0,3.2,0.04,3.2,0,6.5,5.23609,0.177365,0.0020393,5.23609,0.0,0.394976,137.293
1200_dose_0.2_gradient_0_VconcST_0.04_Vconc_3.2_run_0.csv,1200.0,0.2,0,3.2,0.04,3.2,0,6.75,6.03493,0.17385,0.00235042,6.03493,0.0,0.429459,4052.33
1200_dose_0.2_gradient_0_VconcST_0.04_Vconc_3.2_run_0.csv,1200.0,0.2,0,3.2,0.04,3.2,0,7.0,6.81452,0.170404,0.00265405,6.81452,0.0,0.459521,117.173
1200_dose_0.2_gradient_0_VconcST_0.04_Vconc_3.2_run_0.csv,1200.0,0.2,0,3.2,0.04,3.2,0,7.25,7.57525,0.167027,0.00295032,7.57525,0.0,0.485951,3689.58
1200_dose_0.2_gradient_0_VconcST_0.04_Vconc_3.2_run_0.csv,1200.0,0.2,0,3.2,0.04,3.2,0,7.5,8.3175,0.163717,0.00323941,8.3175,0.0,0.509361,97.8615
1200_dose_0.2_gradient_0_VconcST_0.04_Vconc_3.2_run_0.csv,1200.0,0.2,0,3.2,0.04,3.2,0,7.75,9.04166,0.160472,0.00352145,9.04166,0.0,0.530234,3300.09
1200_dose_0.2_gradient_0_VconcST_0.04_Vconc_3.2_run_0.csv,1200.0,0.2,0,3.2,0.04,3.2,0,8.0,9.7481,0.157292,0.00379658,9.7481,0.0,0.548952,88.5437
1200_dose_0.2_gradient_0_VconcST_0.04_Vconc_3.2_run_0.csv,1200.0,0.2,0,3.2,0.04,3.2,0,8.25,10.4372,0.154174,0.00406496,10.4372,0.0,0.565827,2941.25
1200_dose_0.2_gradient_0_VconcST_0.04_Vconc_3.2_run_0.csv,1200.0,0.2,0,3.2,0.04,3.2,0,8.5,11.1092,0.151119,0.00432671,11.1092,0.0,0.581112,76.457
1200_dose_0.2_gradient_0_VconcST_0.04_Vconc_3.2_run_0.csv,1200.0,0.2,0,3.2,0.04,3.2,0,8.75,11.7647,0.148124,0.00458197,11.7647,0.0,0.595016,2758.44
1200_dose_0.2_gradient_0_VconcST_0.04_Vconc_3.2_run_0.csv,1200.0,0.2,0,3.2,0.04,3.2,0,9.0,12.4038,0.145188,0.00483089,12.4038,0.0,0.607714,75.5185
1200_dose_0.2_gradient_0_VconcST_0.04_Vconc_3.2_run_0.csv,1200.0,0.2,0,3.2,0.04,3.2,0,9.25,13.0269,0.142311,0.00507358,13.0269,0.0,0.61935,2590.02
1200_dose_0.2_gradient_0_VconcST_0.04_Vconc_3.2_run_0.csv,1200.0,0.2,0,3.2,0.04,3.2,0,9.5,13.6344,0.13949,0.00531018,13.6344,0.0,0.630048,68.2945
1200_dose_0.2_gradient_0_VconcST_0.04_Vconc_3.2_run_0.csv,1200.0,0.2,0,3.2,0.04,3.2,0,9.75,14.2266,0.136726,0.00554082,14.2266,0.0,0.639913,2465.8
1200_dose_0.2_gradient_0_VconcST_0.04_Vconc_3.2_run_0.csv,1200.0,0.2,0,3.2,0.04,3.2,0,10.0,14.8193,0.334016,0.00577167,14.8193,0.0,0.649034,57.6942
1200_dose_0.2_gradient_0_VconcST_0.04_Vconc_3.2_run_0.csv,1200.0,0.2,0,3.2,0.04,3.2,0,10.25,16.3049,0.327396,0.00635026,16.3049,0.0,0.670517,2108.12
1200_dose_0.2_gradient_0_VconcST_0.04_Vconc_3.2_run_0.csv,1200.0,0.2,0,3.2,0.04,3.2,0,10.5,17.7543,0.320908,0.00691475,17.7543,0.0,0.689084,100.128
1200_dose_0.2_gradient_0_VconcST_0.04_Vconc_3.2_run_0.csv,1200.0,0.2,0,3.2,0.04,3.2,0,10.75,19.1682,0.314548,0.00746544,19.1682,0.0,0.705286,1563.76
1200_dose_0.2_gradient_0_VconcST_0.04_Vconc_3.2_run_0.csv,1200.0,0.2,0,3.2,0.04,3.2,0,11.0,20.5475,0.308314,0.00800261,20.5475,0.0,0.719542,887.442
1200_dose_0.2_gradient_0_VconcST_0.04_Vconc_3.2_run_0.csv,1200.0,0.2,0,3.2,0.04,3.2,0,11.25,21.8927,0.302203,0.00852653,21.8927,0.0,0.732178,795.911
1200_dose_0.2_gradient_0_VconcST_0.04_Vconc_3.2_run_0.csv,1200.0,0.2,0,3.2,0.04,3.2,0,11.5,23.2046,0.296214,0.00903748,23.2046,0.0,0.74345,1278.19
1200_dose_0.2_gradient_0_VconcST_0.04_Vconc_3.2_run_0.csv,1200.0,0.2,0,3.2,0.04,3.2,0,11.75,24.4839,0.290343,0.00953573,24.4839,0.0,0.753565,798.111
1200_dose_0.2_gradient_0_VconcST_0.04_Vconc_3.2_run_0.csv,1200.0,0.2,0,3.2,0.04,3.2,0,12.0,25.7313,0.284589,0.0100215,25.7313,0.0,0.762687,1189.36
1200_dose_0.2_gradient_0_VconcST_0.04_Vconc_3.2_run_0.csv,1200.0,0.2,0,3.2,0.04,3.2,0,12.25,26.9473,0.278949,0.0104951,26.9473,0.0,0.770953,1083.87
1200_dose_0.2_gradient_0_VconcST_0.04_Vconc_3.2_run_0.csv,1200.0,0.2,0,3.2,0.04,3.2,0,12.5,28.1327,0.27342,0.0109568,28.1327,0.0107031,0.778475,1176.38
1200_dose_0.2_gradient_0_VconcST_0.04_Vconc_3.2_run_0.csv,1200.0,0.2,0,3.2,0.04,3.2,0,12.75,29.2881,0.268001,0.0114068,29.2881,0.0410417,0.785345,1182.07
1200_dose_0.2_gradient_0_VconcST_0.04_Vconc_3.2_run_0.csv,1200.0,0.2,0,3.2,0.04,3.2,0,13.0,30.4142,0.26269,0.0118454,30.4142,0.104852,0.791643,1260.29
1200_dose_0.2_gradient_0_VconcST_0.04_Vconc_3.2_run_0.csv,1200.0,0.2,0,3.2,0.04,3.2,0,13.25,31.5114,0.257483,0.0122727,31.5114,0.172671,0.797434,1198.78
1200_dose_0.2_gradient_0_VconcST_0.04_Vconc_3.2_run_0.csv,1200.0,0.2,0,3.2,0.04,3.2,0,13.5,32.5804,0.25238,0.0126891,32.5804,0.254442,0.802775,1003.5
1200_dose_0.2_gradient_0_VconcST_0.04_Vconc_3.2_run_0.csv,1200.0,0.2,0,3.2,0.04,3.2,0,13.75,33.6218,0.247379,0.0130947,33.6218,0.0,0.807714,948.511
1200_dose_0.2_gradient_0_VconcST_0.04_Vconc_3.2_run_0.csv,1200.0,0.2,0,3.2,0.04,3.2,0,14.0,34.6362,0.242476,0.0134897,34.6362,0.0,0.812292,836.934
1200_dose_0.2_gradient_0_VconcST_0.04_Vconc_3.2_run_0.csv,1200.0,0.2,0,3.2,0.04,3.2,0,14.25,35.6241,0.23767,0.0138745,35.6241,0.0,0.816547,844.239
1200_dose_0.2_gradient_0_VconcST_0.04_Vconc_3.2_run_0.csv,1200.0,0.2,0,3.2,0.04,3.2,0,14.5,36.5861,0.23296,0.0142491,36.5861,0.0,0.820508,746.388
1200_dose_0.2_gradient_0_VconcST_0.04_Vconc_3.2_run_0.csv,1200.0,0.2,0,3.2,0.04,3.2,0,14.75,37.5226,0.228343,0.0146139,37.5226,0.0,0.824204,750.027
1200_dose_0.2_gradient_0_VconcST_0.04_Vconc_3.2_run_0.csv,1200.0,0.2,0,3.2,0.04,3.2,0,15.0,38.4499,0.423817,0.0149751,38.4499,0.0,0.827658,767.168
1200_dose_0.2_gradient_0_VconcST_0.04_Vconc_3.2_run_0.csv,1200.0,0.2,0,3.2,0.04,3.2,0,15.25,40.2604,0.415418,0.0156802,40.2604,0.0,0.83413,726.016
1200_dose_0.2_gradient_0_VconcST_0.04_Vconc_3.2_run_0.csv,1200.0,0.2,0,3.2,0.04,3.2,0,15.5,42.0253,0.407185,0.0163675,42.0253,0.0,0.839988,702.412
1200_dose_0.2_gradient_0_VconcST_0.04_Vconc_3.2_run_0.csv,1200.0,0.2,0,3.2,0.04,3.2,0,15.75,43.7454,0.399115,0.0170375,43.7454,0.0,0.845312,713.763
1200_dose_0.2_gradient_0_VconcST_0.04_Vconc_3.2_run_0.csv,1200.0,0.2,0,3.2,0.04,3.2,0,16.0,45.4218,0.391205,0.0176904,45.4218,0.0,0.850171,687.99
1200_dose_0.2_gradient_0_VconcST_0.04_Vconc_3.2_run_0.csv,1200.0,0.2,0,3.2,0.04,3.2,0,16.25,47.0553,0.383452,0.0183266,47.0553,0.0,0.854621,681.039
1200_dose_0.2_gradient_0_VconcST_0.04_Vconc_3.2_run_0.csv,1200.0,0.2,0,3.2,0.04,3.2,0,16.5,48.6469,0.375852,0.0189465,48.6469,0.0,0.858709,646.373
1200_dose_0.2_gradient_0_VconcST_0.04_Vconc_3.2_run_0.csv,1200.0,0.2,0,3.2,0.04,3.2,0,16.75,50.1973,0.368403,0.0195503,50.1973,0.0,0.862476,623.125
1200_dose_0.2_gradient_0_VconcST_0.04_Vconc_3.2_run_0.csv,1200.0,0.2,0,3.2,0.04,3.2,0,17.0,51.7075,0.361102,0.0201385,51.7075,0.0,0.865958,604.865
1200_dose_0.2_gradient_0_VconcST_0.04_Vconc_3.2_run_0.csv,1200.0,0.2,0,3.2,0.04,3.2,0,17.25,53.1782,0.353945,0.0207113,53.1782,0.0,0.869183,582.0
1200_dose_0.2_gradient_0_VconcST_0.04_Vconc_3.2_run_0.csv,1200.0,0.2,0,3.2,0.04,3.2,0,17.5,54.6103,0.34693,0.021269,54.6103,0.0,0.872177,584.588
1200_dose_0.2_gradient_0_VconcST_0.04_Vconc_3.2_run_0.csv,1200.0,0.2,0,3.2,0.04,3.2,0,17.75,56.0046,0.340054,0.0218121,56.0046,0.0,0.874964,585.686
1200_dose_0.2_gradient_0_VconcST_0.04_Vconc_3.2_run_0.csv,1200.0,0.2,0,3.2,0.04,3.2,0,18.0,57.3619,0.333315,0.0223407,57.3619,0.0,0.877563,583.616
1200_dose_0.2_gradient_0_VconcST_0.04_Vconc_3.2_run_0.csv,1200.0,0.2,0,3.2,0.04,3.2,0,18.25,58.683,0.326709,0.0228552,58.683,0.0,0.87999,576.62
1200_dose_0.2_gradient_0_VconcST_0.04_Vconc_3.2_run_0.csv,1200.0,0.2,0,3.2,0.04,3.2,0,18.5,59.9685,0.320234,0.0233559,59.9685,0.0,0.882262,552.364
1200_dose_0.2_gradient_0_VconcST_0.04_Vconc_3.2_run_0.csv,1200.0,0.2,0,3.2,0.04,3.2,0,18.75,61.2193,0.313887,0.023843,61.2193,0.0,0.884391,578.732
1200_dose_0.2_gradient_0_VconcST_0.04_Vconc_3.2_run_0.csv,1200.0,0.2,0,3.2,0.04,3.2,0,19.0,62.436,0.307667,0.0243169,62.436,0.0,0.886389,524.66
1200_dose_0.2_gradient_0_VconcST_0.04_Vconc_3.2_run_0.csv,1200.0,0.2,0,3.2,0.04,3.2,0,19.25,63.6194,0.301569,0.0247778,63.6194,0.0,0.888268,513.872
1200_dose_0.2_gradient_0_VconcST_0.04_Vconc_3.2_run_0.csv,1200.0,0.2,0,3.2,0.04,3.2,0,19.5,64.7702,0.295592,0.025226,64.7702,0.0,0.890036,518.395
1200_dose_0.2_gradient_0_VconcST_0.04_Vconc_3.2_run_0.csv,1200.0,0.2,0,3.2,0.04,3.2,0,19.75,65.889,0.289734,0.0256617,65.889,0.0,0.891703,520.602
1200_dose_0.2_gradient_0_VconcST_0.04_Vconc_3.2_run_0.csv,1200.0,0.2,0,3.2,0.04,3.2,0,20.0,66.9921,0.483992,0.0260914,66.9921,0.0,0.893274,512.694
1200_dose_0.2_gradient_0_VconcST_0.04_Vconc_3.2_run_0.csv,1200.0,0.2,0,3.2,0.04,3.2,0,20.25,68.9721,0.4744,0.0268625,68.9721,0.0,0.896022,499.522
1200_dose_0.2_gradient_0_VconcST_0.04_Vconc_3.2_run_0.csv,1200.0,0.2,0,3.2,0.04,3.2,0,20.5,70.9004,0.464997,0.0276135,70.9004,0.0,0.898566,480.911
1200_dose_0.2_gradient_0_VconcST_0.04_Vconc_3.2_run_0.csv,1200.0,0.2,0,3.2,0.04,3.2,0,20.75,72.7779,0.455782,0.0283447,72.7779,0.0,0.900925,485.741
1200_dose_0.2_gradient_0_VconcST_0.04_Vconc_3.2_run_0.csv,1200.0,0.2,0,3.2,0.04,3.2,0,21.0,74.6058,0.446749,0.0290566,74.6058,0.0,0.903119,478.494
1200_dose_0.2_gradient_0_VconcST_0.04_Vconc_3.2_run_0.csv,1200.0,0.2,0,3.2,0.04,3.2,0,21.25,76.385,0.437895,0.0297496,76.385,0.0,0.905164,453.49
1200_dose_0.2_gradient_0_VconcST_0.04_Vconc_3.2_run_0.csv,1200.0,0.2,0,3.2,0.04,3.2,0,21.5,78.1167,0.429216,0.030424,78.1167,0.0,0.907072,445.9
1200_dose_0.2_gradient_0_VconcST_0.04_Vconc_3.2_run_0.csv,1200.0,0.2,0,3.2,0.04,3.2,0,21.75,79.8017,0.420709,0.0310803,79.8017,0.0,0.908857,441.399
1200_dose_0.2_gradient_0_VconcST_0.04_Vconc_3.2_run_0.csv,1200.0,0.2,0,3.2,0.04,3.2,0,22.0,81.441,0.412372,0.0317187,81.441,0.0,0.910529,449.98
1200_dose_0.2_gradient_0_VconcST_0.04_Vconc_3.2_run_0.csv,1200.0,0.2,0,3.2,0.04,3.2,0,22.25,83.0357,0.404199,0.0323398,83.0357,0.0,0.912097,430.4
1200_dose_0.2_gradient_0_VconcST_0.04_Vconc_3.2_run_0.csv,1200.0,0.2,0,3.2,0.04,3.2,0,22.5,84.5865,0.396188,0.0329438,84.5865,0.0,0.913571,429.61
1200_dose_0.2_gradient_0_VconcST_0.04_Vconc_3.2_run_0.csv,1200.0,0.2,0,3.2,0.04,3.2,0,22.75,86.0945,0.388336,0.0335312,86.0945,0.0,0.914957,413.906
1200_dose_0.2_gradient_0_VconcST_0.04_Vconc_3.2_run_0.csv,1200.0,0.2,0,3.2,0.04,3.2,0,23.0,87.5606,0.38064,0.0341021,87.5606,0.0,0.916262,406.434
1200_dose_0.2_gradient_0_VconcST_0.04_Vconc_3.2_run_0.csv,1200.0,0.2,0,3.2,0.04,3.2,0,23.25,88.9855,0.373096,0.0346571,88.9855,0.0,0.917494,409.048
1200_dose_0.2_gradient_0_VconcST_0.04_Vconc_3.2_run_0.csv,1200.0,0.2,0,3.2,0.04,3.2,0,23.5,90.3703,0.365701,0.0351964,90.3703,0.0,0.918656,397.855
1200_dose_0.2_gradient_0_VconcST_0.04_Vconc_3.2_run_0.csv,1200.0,0.2,0,3.2,0.04,3.2,0,23.75,91.7157,0.358454,0.0357204,91.7157,0.0,0.919754,394.039
1200_dose_0.2_gradient_0_VconcST_0.04_Vconc_3.2_run_0.csv,1200.0,0.2,0,3.2,0.04,3.2,0,24.0,93.0225,0.35135,0.0362294,93.0225,0.0,0.920793,396.318
1200_dose_0.2_gradient_0_VconcST_0.04_Vconc_3.2_run_0.csv,1200.0,0.2,0,3.2,0.04,3.2,0,24.25,94.2915,0.344386,0.0367236,94.2915,0.0,0.921776,392.379
1200_dose_0.2_gradient_0_VconcST_0.04_Vconc_3.2_run_0.csv,1200.0,0.2,0,3.2,0.04,3.2,0,24.5,95.5236,0.337561,0.0372035,95.5236,0.0,0.922708,384.237
1200_dose_0.2_gradient_0_VconcST_0.04_Vconc_3.2_run_0.csv,1200.0,0.2,0,3.2,0.04,3.2,0,24.75,96.7195,0.330871,0.0376693,96.7195,0.0,0.923591,380.62
1200_dose_0.2_gradient_0_VconcST_0.04_Vconc_3.2_run_0.csv,1200.0,0.2,0,3.2,0.04,3.2,0,25.0,97.8956,0.524313,0.0381273,97.8956,0.0,0.924429,381.18
1200_dose_0.2_gradient_0_VconcST_0.04_Vconc_3.2_run_0.csv,1200.0,0.2,0,3.2,0.04,3.2,0,25.25,99.9446,0.513922,0.0389253,99.9446,0.0,0.925865,357.149
1200_dose_0.2_gradient_0_VconcST_0.04_Vconc_3.2_run_0.csv,1200.0,0.2,0,3.2,0.04,3.2,0,25.5,101.938,0.503737,0.0397016,101.938,0.0,0.92721,362.344
1200_dose_0.2_gradient_0_VconcST_0.04_Vconc_3.2_run_0.csv,1200.0,0.2,0,3.2,0.04,3.2,0,25.75,103.876,0.493753,0.0404567,103.876,0.0,0.928472,351.941
1200_dose_0.2_gradient_0_VconcST_0.04_Vconc_3.2_run_0.csv,1200.0,0.2,0,3.2,0.04,3.2,0,26.0,105.762,0.483968,0.0411909,105.762,0.0,0.929658,350.206
1200_dose_0.2_gradient_0_VconcST_0.04_Vconc_3.2_run_0.csv,1200.0,0.2,0,3.2,0.04,3.2,0,26.25,107.595,0.474376,0.0419048,107.595,0.0,0.930775,344.204
1200_dose_0.2_gradient_0_VconcST_0.04_Vconc_3.2_run_0.csv,1200.0,0.2,0,3.2,0.04,3.2,0,26.5,109.376,0.464974,0.0425987,109.376,0.0,0.931826,335.957
1200_dose_0.2_gradient_0_VconcST_0.04_Vconc_3.2_run_0.csv,1200.0,0.2,0,3.2,0.04,3.2,0,26.75,111.108,0.455759,0.043273,111.108,0.0,0.932818,342.728
1200_dose_0.2_gradient_0_VconcST_0.04_Vconc_3.2_run_0.csv,1200.0,0.2,0,3.2,0.04,3.2,0,27.0,112.79,0.446726,0.0439283,112.79,0.0,0.933754,329.754
1200_dose_0.2_gradient_0_VconcST_0.04_Vconc_3.2_run_0.csv,1200.0,0.2,0,3.2,0.04,3.2,0,27.25,114.425,0.437873,0.0445648,114.425,0.0,0.934639,332.459
1200_dose_0.2_gradient_0_VconcST_0.04_Vconc_3.2_run_0.csv,1200.0,0.2,0,3.2,0.04,3.2,0,27.5,116.012,0.429195,0.045183,116.012,0.0,0.935476,328.299
1200_dose_0.2_gradient_0_VconcST_0.04_Vconc_3.2_run_0.csv,1200.0,0.2,0,3.2,0.04,3.2,0,27.75,117.553,0.420689,0.0457833,117.553,0.0,0.936269,329.616
1200_dose_0.2_gradient_0_VconcST_0.04_Vconc_3.2_run_0.csv,1200.0,0.2,0,3.2,0.04,3.2,0,28.0,119.049,0.412351,0.046366,119.049,0.0,0.93702,319.443
1200_dose_0.2_gradient_0_VconcST_0.04_Vconc_3.2_run_0.csv,1200.0,0.2,0,3.2,0.04,3.2,0,28.25,120.501,0.404179,0.0469314,120.501,0.0,0.937732,318.325
1200_dose_0.2_gradient_0_VconcST_0.04_Vconc_3.2_run_0.csv,1200.0,0.2,0,3.2,0.04,3.2,0,28.5,121.91,0.396168,0.0474801,121.91,0.0,0.938408,308.117
1200_dose_0.2_gradient_0_VconcST_0.04_Vconc_3.2_run_0.csv,1200.0,0.2,0,3.2,0.04,3.2,0,28.75,123.276,0.388317,0.0480123,123.276,0.0,0.939049,308.144
1200_dose_0.2_gradient_0_VconcST_0.04_Vconc_0.8_run_0.csv,1200.0,0.2,0,0.8,0.04,0.8,0,0.0,0.0,0.0,0.0,0.0,0.0,0.0,0.0
1200_dose_0.2_gradient_0_VconcST_0.04_Vconc_0.8_run_0.csv,1200.0,0.2,0,0.8,0.04,0.8,0,0.25,0.0,0.0,0.0,0.0,0.0,0.0,1309.32
1200_dose_0.2_gradient_0_VconcST_0.04_Vconc_0.8_run_0.csv,1200.0,0.2,0,0.8,0.04,0.8,0,0.5,0.0,0.0,0.0,0.0,0.0,0.0,819.442
1200_dose_0.2_gradient_0_VconcST_0.04_Vconc_0.8_run_0.csv,1200.0,0.2,0,0.8,0.04,0.8,0,0.75,0.0,0.0,0.0,0.0,0.0,0.0,994.966
1200_dose_0.2_gradient_0_VconcST_0.04_Vconc_0.8_run_0.csv,1200.0,0.2,0,0.8,0.04,0.8,0,1.0,0.0,0.0,0.0,0.0,0.0,0.0,977.208
1200_dose_0.2_gradient_0_VconcST_0.04_Vconc_0.8_run_0.csv,1200.0,0.2,0,0.8,0.04,0.8,0,1.25,0.0,0.0,0.0,0.0,0.0,0.0,941.219
1200_dose_0.2_gradient_0_VconcST_0.04_Vconc_0.8_run_0.csv,1200.0,0.2,0,0.8,0.04,0.8,0,1.5,0.0,0.0,0.0,0.0,0.0,0.0,990.196
1200_dose_0.2_gradient_0_VconcST_0.04_Vconc_0.8_run_0.csv,1200.0,0.2,0,0.8,0.04,0.8,0,1.75,0.0,0.0,0.0,0.0,0.0,0.0,962.323
1200_dose_0.2_gradient_0_VconcST_0.04_Vconc_0.8_run_0.csv,1200.0,0.2,0,0.8,0.04,0.8,0,2.0,0.0,0.0,0.0,0.0,0.0,0.0,962.217
1200_dose_0.2_gradient_0_VconcST_0.04_Vconc_0.8_run_0.csv,1200.0,0.2,0,0.8,0.04,0.8,0,2.25,0.0,0.0,0.0,0.0,0.0,0.0,1042.86
1200_dose_0.2_gradient_0_VconcST_0.04_Vconc_0.8_run_0.csv,1200.0,0.2,0,0.8,0.04,0.8,0,2.5,0.0,0.0,0.0,0.0,0.0,0.0,973.086
1200_dose_0.2_gradient_0_VconcST_0.04_Vconc_0.8_run_0.csv,1200.0,0.2,0,0.8,0.04,0.8,0,2.75,0.0,0.0,0.0,0.0,0.0,0.0,1044.16
1200_dose_0.2_gradient_0_VconcST_0.04_Vconc_0.8_run_0.csv,1200.0,0.2,0,0.8,0.04,0.8,0,3.0,0.0,0.0,0.0,0.0,0.0,0.0,954.919
1200_dose_0.2_gradient_0_VconcST_0.04_Vconc_0.8_run_0.csv,1200.0,0.2,0,0.8,0.04,0.8,0,3.25,0.0,0.0,0.0,0.0,0.0,0.0,1039.13
1200_dose_0.2_gradient_0_VconcST_0.04_Vconc_0.8_run_0.csv,1200.0,0.2,0,0.8,0.04,0.8,0,3.5,0.0,0.0,0.0,0.0,0.0,0.0,1124.65
1200_dose_0.2_gradient_0_VconcST_0.04_Vconc_0.8_run_0.csv,1200.0,0.2,0,0.8,0.04,0.8,0,3.75,0.0,0.0,0.0,0.0,0.0,0.0,1370.9
1200_dose_0.2_gradient_0_VconcST_0.04_Vconc_0.8_run_0.csv,1200.0,0.2,0,0.8,0.04,0.8,0,4.0,0.0,0.0,0.0,0.0,0.028776,0.0,1509.46
1200_dose_0.2_gradient_0_VconcST_0.04_Vconc_0.8_run_0.csv,1200.0,0.2,0,0.8,0.04,0.8,0,4.25,0.0,0.0,0.0,0.0,0.0923437,0.0,1735.17
1200_dose_0.2_gradient_0_VconcST_0.04_Vconc_0.8_run_0.csv,1200.0,0.2,0,0.8,0.04,0.8,0,4.5,0.0,0.0,0.0,0.0,0.18987,0.0,2042.18
1200_dose_0.2_gradient_0_VconcST_0.04_Vconc_0.8_run_0.csv,1200.0,0.2,0,0.8,0.04,0.8,0,4.75,0.0,0.0,0.0,0.0,0.318646,0.0,2040.92
1200_dose_0.2_gradient_0_VconcST_0.04_Vconc_0.8_run_0.csv,1200.0,0.2,0,0.8,0.04,0.8,0,5.0,0.0155725,0.2,6.06501e-06,0.0155725,0.478672,0.0,2205.97
1200_dose_0.2_gradient_0_VconcST_0.04_Vconc_0.8_run_0.csv,1200.0,0.2,0,0.8,0.04,0.8,0,5.25,0.938689,0.196036,0.00036559,0.938689,0.669948,0.103489,1863.98
1200_dose_0.2_gradient_0_VconcST_0.04_Vconc_0.8_run_0.csv,1200.0,0.2,0,0.8,0.04,0.8,0,5.5,1.84001,0.192151,0.000716626,1.84001,0.830208,0.185764,1865.94
1200_dose_0.2_gradient_0_VconcST_0.04_Vconc_0.8_run_0.csv,1200.0,0.2,0,0.8,0.04,0.8,0,5.75,2.71998,0.188343,0.00105935,2.71998,0.951042,0.252719,1271.65
1200_dose_0.2_gradient_0_VconcST_0.04_Vconc_0.8_run_0.csv,1200.0,0.2,0,0.8,0.04,0.8,0,6.0,3.57903,0.18461,0.00139392,3.57903,0.0,0.308251,939.405
1200_dose_0.2_gradient_0_VconcST_0.04_Vconc_0.8_run_0.csv,1200.0,0.2,0,0.8,0.04,0.8,0,6.25,4.4176,0.180951,0.00172052,4.4176,0.0,0.355036,745.993
1200_dose_0.2_gradient_0_VconcST_0.04_Vconc_0.8_run_0.csv,1200.0,0.2,0,0.8,0.04,0.8,0,6.5,5.23609,0.177365,0.0020393,5.23609,0.0,0.394976,711.36
1200_dose_0.2_gradient_0_VconcST_0.04_Vconc_0.8_run_0.csv,1200.0,0.2,0,0.8,0.04,0.8,0,6.75,6.03493,0.17385,0.00235042,6.03493,0.0,0.429459,639.145
1200_dose_0.2_gradient_0_VconcST_0.04_Vconc_0.8_run_0.csv,1200.0,0.2,0,0.8,0.04,0.8,0,7.0,6.81452,0.170404,0.00265405,6.81452,0.0,0.459521,606.482
1200_dose_0.2_gradient_0_VconcST_0.04_Vconc_0.8_run_0.csv,1200.0,0.2,0,0.8,0.04,0.8,0,7.25,7.57525,0.167027,0.00295032,7.57525,0.0,0.485951,593.48
1200_dose_0.2_gradient_0_VconcST_0.04_Vconc_0.8_run_0.csv,1200.0,0.2,0,0.8,0.04,0.8,0,7.5,8.3175,0.163717,0.00323941,8.3175,0.0,0.509361,560.477
1200_dose_0.2_gradient_0_VconcST_0.04_Vconc_0.8_run_0.csv,1200.0,0.2,0,0.8,0.04,0.8,0,7.75,9.04166,0.160472,0.00352145,9.04166,0.0,0.530234,560.013
1200_dose_0.2_gradient_0_VconcST_0.04_Vconc_0.8_run_0.csv,1200.0,0.2,0,0.8,0.04,0.8,0,8.0,9.7481,0.157292,0.00379658,9.7481,0.0,0.548952,529.989
1200_dose_0.2_gradient_0_VconcST_0.04_Vconc_0.8_run_0.csv,1200.0,0.2,0,0.8,0.04,0.8,0,8.25,10.4372,0.154174,0.00406496,10.4372,0.0,0.565827,511.504
1200_dose_0.2_gradient_0_VconcST_0.04_Vconc_0.8_run_0.csv,1200.0,0.2,0,0.8,0.04,0.8,0,8.5,11.1092,0.151119,0.00432671,11.1092,0.0,0.581112,503.16
1200_dose_0.2_gradient_0_VconcST_0.04_Vconc_0.8_run_0.csv,1200.0,0.2,0,0.8,0.04,0.8,0,8.75,11.7647,0.148124,0.00458197,11.7647,0.0,0.595016,482.498
1200_dose_0.2_gradient_0_VconcST_0.04_Vconc_0.8_run_0.csv,1200.0,0.2,0,0.8,0.04,0.8,0,9.0,12.4038,0.145188,0.00483089,12.4038,0.0,0.607714,479.337
1200_dose_0.2_gradient_0_VconcST_0.04_Vconc_0.8_run_0.csv,1200.0,0.2,0,0.8,0.04,0.8,0,9.25,13.0269,0.142311,0.00507358,13.0269,0.0,0.61935,456.984
1200_dose_0.2_gradient_0_VconcST_0.04_Vconc_0.8_run_0.csv,1200.0,0.2,0,0.8,0.04,0.8,0,9.5,13.6344,0.13949,0.00531018,13.6344,0.0,0.630048,452.445
1200_dose_0.2_gradient_0_VconcST_0.04_Vconc_0.8_run_0.csv,1200.0,0.2,0,0.8,0.04,0.8,0,9.75,14.2266,0.136726,0.00554082,14.2266,0.0,0.639913,446.799
1200_dose_0.2_gradient_0_VconcST_0.04_Vconc_0.8_run_0.csv,1200.0,0.2,0,0.8,0.04,0.8,0,10.0,14.8193,0.334016,0.00577167,14.8193,0.0,0.649034,436.422
1200_dose_0.2_gradient_0_VconcST_0.04_Vconc_0.8_run_0.csv,1200.0,0.2,0,0.8,0.04,0.8,0,10.25,16.3049,0.327396,0.00635026,16.3049,0.0,0.670517,408.081
1200_dose_0.2_gradient_0_VconcST_0.04_Vconc_0.8_run_0.csv,1200.0,0.2,0,0.8,0.04,0.8,0,10.5,17.7543,0.320908,0.00691475,17.7543,0.0,0.689084,396.98
1200_dose_0.2_gradient_0_VconcST_0.04_Vconc_0.8_run_0.csv,1200.0,0.2,0,0.8,0.04,0.8,0,10.75,19.1682,0.314548,0.00746544,19.1682,0.0,0.705286,377.573
1200_dose_0.2_gradient_0_VconcST_0.04_Vconc_0.8_run_0.csv,1200.0,0.2,0,0.8,0.04,0.8,0,11.0,20.5475,0.308314,0.00800261,20.5475,0.0,0.719542,350.997
1200_dose_0.2_gradient_0_VconcST_0.04_Vconc_0.8_run_0.csv,1200.0,0.2,0,0.8,0.04,0.8,0,11.25,21.8927,0.302203,0.00852653,21.8927,0.0,0.732178,335.397
1200_dose_0.2_gradient_0_VconcST_0.04_Vconc_0.8_run_0.csv,1200.0,0.2,0,0.8,0.04,0.8,0,11.5,23.2046,0.296214,0.00903748,23.2046,0.0,0.74345,326.292
1200_dose_0.2_gradient_0_VconcST_0.04_Vconc_0.8_run_0.csv,1200.0,0.2,0,0.8,0.04,0.8,0,11.75,24.4839,0.290343,0.00953573,24.4839,0.0,0.753565,306.798
1200_dose_0.2_gradient_0_VconcST_0.04_Vconc_0.8_run_0.csv,1200.0,0.2,0,0.8,0.04,0.8,0,12.0,25.7313,0.284589,0.0100215,25.7313,0.0,0.762687,296.2
1200_dose_0.2_gradient_0_VconcST_0.04_Vconc_0.8_run_0.csv,1200.0,0.2,0,0.8,0.04,0.8,0,12.25,26.9473,0.278949,0.0104951,26.9473,0.0,0.770953,288.092
1200_dose_0.2_gradient_0_VconcST_0.04_Vconc_0.8_run_0.csv,1200.0,0.2,0,0.8,0.04,0.8,0,12.5,28.1327,0.27342,0.0109568,28.1327,0.0,0.778475,277.27
1200_dose_0.2_gradient_0_VconcST_0.04_Vconc_0.8_run_0.csv,1200.0,0.2,0,0.8,0.04,0.8,0,12.75,29.2881,0.268001,0.0114068,29.2881,0.0,0.785345,267.532
1200_dose_0.2_gradient_0_VconcST_0.04_Vconc_0.8_run_0.csv,1200.0,0.2,0,0.8,0.04,0.8,0,13.0,30.4142,0.26269,0.0118454,30.4142,0.0,0.791643,266.354
1200_dose_0.2_gradient_0_VconcST_0.04_Vconc_0.8_run_0.csv,1200.0,0.2,0,0.8,0.04,0.8,0,13.25,31.5114,0.257483,0.0122727,31.5114,0.0,0.797434,259.072
1200_dose_0.2_gradient_0_VconcST_0.04_Vconc_0.8_run_0.csv,1200.0,0.2,0,0.8,0.04,0.8,0,13.5,32.5804,0.25238,0.0126891,32.5804,0.0,0.802775,252.022
1200_dose_0.2_gradient_0_VconcST_0.04_Vconc_0.8_run_0.csv,1200.0,0.2,0,0.8,0.04,0.8,0,13.75,33.6218,0.247379,0.0130947,33.6218,0.0,0.807714,247.009
1200_dose_0.2_gradient_0_VconcST_0.04_Vconc_0.8_run_0.csv,1200.0,0.2,0,0.8,0.04,0.8,0,14.0,34.6362,0.242476,0.0134897,34.6362,0.0,0.812292,239.773
1200_dose_0.2_gradient_0_VconcST_0.04_Vconc_0.8_run_0.csv,1200.0,0.2,0,0.8,0.04,0.8,0,14.25,35.6241,0.23767,0.0138745,35.6241,0.0,0.816547,234.86
1200_dose_0.2_gradient_0_VconcST_0.04_Vconc_0.8_run_0.csv,1200.0,0.2,0,0.8,0.04,0.8,0,14.5,36.5861,0.23296,0.0142491,36.5861,0.0,0.820508,230.005
1200_dose_0.2_gradient_0_VconcST_0.04_Vconc_0.8_run_0.csv,1200.0,0.2,0,0.8,0.04,0.8,0,14.75,37.5226,0.228343,0.0146139,37.5226,0.0,0.824204,226.484
1200_dose_0.2_gradient_0_VconcST_0.04_Vconc_0.8_run_0.csv,1200.0,0.2,0,0.8,0.04,0.8,0,15.0,38.4499,0.423817,0.0149751,38.4499,0.0,0.827658,221.901
1200_dose_0.2_gradient_0_VconcST_0.04_Vconc_0.8_run_0.csv,1200.0,0.2,0,0.8,0.04,0.8,0,15.25,40.2604,0.415418,0.0156802,40.2604,0.0,0.83413,210.326
1200_dose_0.2_gradient_0_VconcST_0.04_Vconc_0.8_run_0.csv,1200.0,0.2,0,0.8,0.04,0.8,0,15.5,42.0253,0.407185,0.0163675,42.0253,0.0,0.839988,205.321
1200_dose_0.2_gradient_0_VconcST_0.04_Vconc_0.8_run_0.csv,1200.0,0.2,0,0.8,0.04,0.8,0,15.75,43.7454,0.399115,0.0170375,43.7454,0.0,0.845312,198.906
1200_dose_0.2_gradient_0_VconcST_0.04_Vconc_0.8_run_0.csv,1200.0,0.2,0,0.8,0.04,0.8,0,16.0,45.4218,0.391205,0.0176904,45.4218,0.0,0.850171,190.594
1200_dose_0.2_gradient_0_VconcST_0.04_Vconc_0.8_run_0.csv,1200.0,0.2,0,0.8,0.04,0.8,0,16.25,47.0553,0.383452,0.0183266,47.0553,0.0,0.854621,188.154
1200_dose_0.2_gradient_0_VconcST_0.04_Vconc_0.8_run_0.csv,1200.0,0.2,0,0.8,0.04,0.8,0,16.5,48.6469,0.375852,0.0189465,48.6469,0.0,0.858709,181.686
1200_dose_0.2_gradient_0_VconcST_0.04_Vconc_0.8_run_0.csv,1200.0,0.2,0,0.8,0.04,0.8,0,16.75,50.1973,0.368403,0.0195503,50.1973,0.0,0.862476,177.393
1200_dose_0.2_gradient_0_VconcST_0.04_Vconc_0.8_run_0.csv,1200.0,0.2,0,0.8,0.04,0.8,0,17.0,51.7075,0.361102,0.0201385,51.7075,0.0,0.865958,174.426
1200_dose_0.2_gradient_0_VconcST_0.04_Vconc_0.8_run_0.csv,1200.0,0.2,0,0.8,0.04,0.8,0,17.25,53.1782,0.353945,0.0207113,53.1782,0.0,0.869183,167.499
1200_dose_0.2_gradient_0_VconcST_0.04_Vconc_0.8_run_0.csv,1200.0,0.2,0,0.8,0.04,0.8,0,17.5,54.6103,0.34693,0.021269,54.6103,0.0,0.872177,162.827
1200_dose_0.2_gradient_0_VconcST_0.04_Vconc_0.8_run_0.csv,1200.0,0.2,0,0.8,0.04,0.8,0,17.75,56.0046,0.340054,0.0218121,56.0046,0.0,0.874964,164.729
1200_dose_0.2_gradient_0_VconcST_0.04_Vconc_0.8_run_0.csv,1200.0,0.2,0,0.8,0.04,0.8,0,18.0,57.3619,0.333315,0.0223407,57.3619,0.0,0.877563,158.567
1200_dose_0.2_gradient_0_VconcST_0.04_Vconc_0.8_run_0.csv,1200.0,0.2,0,0.8,0.04,0.8,0,18.25,58.683,0.326709,0.0228552,58.683,0.0,0.87999,156.306
1200_dose_0.2_gradient_0_VconcST_0.04_Vconc_0.8_run_0.csv,1200.0,0.2,0,0.8,0.04,0.8,0,18.5,59.9685,0.320234,0.0233559,59.9685,0.0,0.882262,153.321
1200_dose_0.2_gradient_0_VconcST_0.04_Vconc_0.8_run_0.csv,1200.0,0.2,0,0.8,0.04,0.8,0,18.75,61.2193,0.313887,0.023843,61.2193,0.0,0.884391,149.294
1200_dose_0.2_gradient_0_VconcST_0.04_Vconc_0.8_run_0.csv,1200.0,0.2,0,0.8,0.04,0.8,0,19.0,62.436,0.307667,0.0243169,62.436,0.0,0.886389,149.508
1200_dose_0.2_gradient_0_VconcST_0.04_Vconc_0.8_run_0.csv,1200.0,0.2,0,0.8,0.04,0.8,0,19.25,63.6194,0.301569,0.0247778,63.6194,0.0,0.888268,143.742
1200_dose_0.2_gradient_0_VconcST_0.04_Vconc_0.8_run_0.csv,1200.0,0.2,0,0.8,0.04,0.8,0,19.5,64.7702,0.295592,0.025226,64.7702,0.0,0.890036,141.888
1200_dose_0.2_gradient_0_VconcST_0.04_Vconc_0.8_run_0.csv,1200.0,0.2,0,0.8,0.04,0.8,0,19.75,65.889,0.289734,0.0256617,65.889,0.0,0.891703,141.94
1200_dose_0.2_gradient_0_VconcST_0.04_Vconc_0.8_run_0.csv,1200.0,0.2,0,0.8,0.04,0.8,0,20.0,66.9921,0.483992,0.0260914,66.9921,0.0,0.893274,137.464
1200_dose_0.2_gradient_0_VconcST_0.04_Vconc_0.8_run_0.csv,1200.0,0.2,0,0.8,0.04,0.8,0,20.25,68.9721,0.4744,0.0268625,68.9721,0.0,0.896022,135.009
1200_dose_0.2_gradient_0_VconcST_0.04_Vconc_0.8_run_0.csv,1200.0,0.2,0,0.8,0.04,0.8,0,20.5,70.9004,0.464997,0.0276135,70.9004,0.0,0.898566,131.436
1200_dose_0.2_gradient_0_VconcST_0.04_Vconc_0.8_run_0.csv,1200.0,0.2,0,0.8,0.04,0.8,0,20.75,72.7779,0.455782,0.0283447,72.7779,0.0,0.900925,131.001
1200_dose_0.2_gradient_0_VconcST_0.04_Vconc_0.8_run_0.csv,1200.0,0.2,0,0.8,0.04,0.8,0,21.0,74.6058,0.446749,0.0290566,74.6058,0.0,0.903119,125.888
1200_dose_0.2_gradient_0_VconcST_0.04_Vconc_0.8_run_0.csv,1200.0,0.2,0,0.8,0.04,0.8,0,21.25,76.385,0.437895,0.0297496,76.385,0.0,0.905164,122.591
1200_dose_0.2_gradient_0_VconcST_0.04_Vconc_0.8_run_0.csv,1200.0,0.2,0,0.8,0.04,0.8,0,21.5,78.1167,0.429216,0.030424,78.1167,0.0,0.907072,119.661
1200_dose_0.2_gradient_0_VconcST_0.04_Vconc_0.8_run_0.csv,1200.0,0.2,0,0.8,0.04,0.8,0,21.75,79.8017,0.420709,0.0310803,79.8017,0.0,0.908857,121.616
1200_dose_0.2_gradient_0_VconcST_0.04_Vconc_0.8_run_0.csv,1200.0,0.2,0,0.8,0.04,0.8,0,22.0,81.441,0.412372,0.0317187,81.441,0.0,0.910529,116.491
1200_dose_0.2_gradient_0_VconcST_0.04_Vconc_0.8_run_0.csv,1200.0,0.2,0,0.8,0.04,0.8,0,22.25,83.0357,0.404199,0.0323398,83.0357,0.0,0.912097,114.449
1200_dose_0.2_gradient_0_VconcST_0.04_Vconc_0.8_run_0.csv,1200.0,0.2,0,0.8,0.04,0.8,0,22.5,84.5865,0.396188,0.0329438,84.5865,0.0,0.913571,113.304
1200_dose_0.2_gradient_0_VconcST_0.04_Vconc_0.8_run_0.csv,1200.0,0.2,0,0.8,0.04,0.8,0,22.75,86.0945,0.388336,0.0335312,86.0945,0.0,0.914957,109.432
1200_dose_0.2_gradient_0_VconcST_0.04_Vconc_0.8_run_0.csv,1200.0,0.2,0,0.8,0.04,0.8,0,23.0,87.5606,0.38064,0.0341021,87.5606,0.0,0.916262,109.482
1200_dose_0.2_gradient_0_VconcST_0.04_Vconc_0.8_run_0.csv,1200.0,0.2,0,0.8,0.04,0.8,0,23.25,88.9855,0.373096,0.0346571,88.9855,0.0,0.917494,107.538
1200_dose_0.2_gradient_0_VconcST_0.04_Vconc_0.8_run_0.csv,1200.0,0.2,0,0.8,0.04,0.8,0,23.5,90.3703,0.365701,0.0351964,90.3703,0.0,0.918656,104.214
1200_dose_0.2_gradient_0_VconcST_0.04_Vconc_0.8_run_0.csv,1200.0,0.2,0,0.8,0.04,0.8,0,23.75,91.7157,0.358454,0.0357204,91.7157,0.0,0.919754,103.937
1200_dose_0.2_gradient_0_VconcST_0.04_Vconc_0.8_run_0.csv,1200.0,0.2,0,0.8,0.04,0.8,0,24.0,93.0225,0.35135,0.0362294,93.0225,0.0,0.920793,102.191
1200_dose_0.2_gradient_0_VconcST_0.04_Vconc_0.8_run_0.csv,1200.0,0.2,0,0.8,0.04,0.8,0,24.25,94.2915,0.344386,0.0367236,94.2915,0.0,0.921776,103.364
1200_dose_0.2_gradient_0_VconcST_0.04_Vconc_0.8_run_0.csv,1200.0,0.2,0,0.8,0.04,0.8,0,24.5,95.5236,0.337561,0.0372035,95.5236,0.0,0.922708,100.538
1200_dose_0.2_gradient_0_VconcST_0.04_Vconc_0.8_run_0.csv,1200.0,0.2,0,0.8,0.04,0.8,0,24.75,96.7195,0.330871,0.0376693,96.7195,0.0,0.923591,100.415
1200_dose_0.2_gradient_0_VconcST_0.04_Vconc_0.8_run_0.csv,1200.0,0.2,0,0.8,0.04,0.8,0,25.0,97.8956,0.524313,0.0381273,97.8956,0.0,0.924429,99.3868
1200_dose_0.2_gradient_0_VconcST_0.04_Vconc_0.8_run_0.csv,1200.0,0.2,0,0.8,0.04,0.8,0,25.25,99.9446,0.513922,0.0389253,99.9446,0.0,0.925865,95.9424
1200_dose_0.2_gradient_0_VconcST_0.04_Vconc_0.8_run_0.csv,1200.0,0.2,0,0.8,0.04,0.8,0,25.5,101.938,0.503737,0.0397016,101.938,0.0,0.92721,94.7109
1200_dose_0.2_gradient_0_VconcST_0.04_Vconc_0.8_run_0.csv,1200.0,0.2,0,0.8,0.04,0.8,0,25.75,103.876,0.493753,0.0404567,103.876,0.0,0.928472,93.342
1200_dose_0.2_gradient_0_VconcST_0.04_Vconc_0.8_run_0.csv,1200.0,0.2,0,0.8,0.04,0.8,0,26.0,105.762,0.483968,0.0411909,105.762,0.0,0.929658,91.6383
1200_dose_0.2_gradient_0_VconcST_0.04_Vconc_0.8_run_0.csv,1200.0,0.2,0,0.8,0.04,0.8,0,26.25,107.595,0.474376,0.0419048,107.595,0.0,0.930775,90.9165
1200_dose_0.2_gradient_0_VconcST_0.04_Vconc_0.8_run_0.csv,1200.0,0.2,0,0.8,0.04,0.8,0,26.5,109.376,0.464974,0.0425987,109.376,0.0,0.931826,88.9883
1200_dose_0.2_gradient_0_VconcST_0.04_Vconc_0.8_run_0.csv,1200.0,0.2,0,0.8,0.04,0.8,0,26.75,111.108,0.455759,0.043273,111.108,0.0,0.932818,86.969
1200_dose_0.2_gradient_0_VconcST_0.04_Vconc_0.8_run_0.csv,1200.0,0.2,0,0.8,0.04,0.8,0,27.0,112.79,0.446726,0.0439283,112.79,0.0,0.933754,86.4687
1200_dose_0.2_gradient_0_VconcST_0.04_Vconc_0.8_run_0.csv,1200.0,0.2,0,0.8,0.04,0.8,0,27.25,114.425,0.437873,0.0445648,114.425,0.0,0.934639,85.203
1200_dose_0.2_gradient_0_VconcST_0.04_Vconc_0.8_run_0.csv,1200.0,0.2,0,0.8,0.04,0.8,0,27.5,116.012,0.429195,0.045183,116.012,0.0,0.935476,84.9495
1200_dose_0.2_gradient_0_VconcST_0.04_Vconc_0.8_run_0.csv,1200.0,0.2,0,0.8,0.04,0.8,0,27.75,117.553,0.420689,0.0457833,117.553,0.0,0.936269,82.946
1200_dose_0.2_gradient_0_VconcST_0.04_Vconc_0.8_run_0.csv,1200.0,0.2,0,0.8,0.04,0.8,0,28.0,119.049,0.412351,0.046366,119.049,0.0,0.93702,82.5258
1200_dose_0.2_gradient_0_VconcST_0.04_Vconc_0.8_run_0.csv,1200.0,0.2,0,0.8,0.04,0.8,0,28.25,120.501,0.404179,0.0469314,120.501,0.0,0.937732,81.8304
1200_dose_0.2_gradient_0_VconcST_0.04_Vconc_0.8_run_0.csv,1200.0,0.2,0,0.8,0.04,0.8,0,28.5,121.91,0.396168,0.0474801,121.91,0.0,0.938408,80.8251
1200_dose_0.2_gradient_0_VconcST_0.04_Vconc_0.8_run_0.csv,1200.0,0.2,0,0.8,0.04,0.8,0,28.75,123.276,0.388317,0.0480123,123.276,0.0,0.939049,79.334
1200_dose_0.2_gradient_0_VconcST_0.04_Vconc_6.4_run_0.csv,1200.0,0.2,0,6.4,0.04,6.4,0,0.0,0.0,0.0,0.0,0.0,0.0,0.0,0.0
1200_dose_0.2_gradient_0_VconcST_0.04_Vconc_6.4_run_0.csv,1200.0,0.2,0,6.4,0.04,6.4,0,0.25,0.0,0.0,0.0,0.0,0.0,0.0,10000.0
1200_dose_0.2_gradient_0_VconcST_0.04_Vconc_6.4_run_0.csv,1200.0,0.2,0,6.4,0.04,6.4,0,0.5,0.0,0.0,0.0,0.0,0.0,0.0,769.55
1200_dose_0.2_gradient_0_VconcST_0.04_Vconc_6.4_run_0.csv,1200.0,0.2,0,6.4,0.04,6.4,0,0.75,0.0,0.0,0.0,0.0,0.0,0.0,10000.0
1200_dose_0.2_gradient_0_VconcST_0.04_Vconc_6.4_run_0.csv,1200.0,0.2,0,6.4,0.04,6.4,0,1.0,0.0,0.0,0.0,0.0,0.0,0.0,768.538
1200_dose_0.2_gradient_0_VconcST_0.04_Vconc_6.4_run_0.csv,1200.0,0.2,0,6.4,0.04,6.4,0,1.25,0.0,0.0,0.0,0.0,0.0,0.0,10000.0
1200_dose_0.2_gradient_0_VconcST_0.04_Vconc_6.4_run_0.csv,1200.0,0.2,0,6.4,0.04,6.4,0,1.5,0.0,0.0,0.0,0.0,0.0,0.0,757.415
1200_dose_0.2_gradient_0_VconcST_0.04_Vconc_6.4_run_0.csv,1200.0,0.2,0,6.4,0.04,6.4,0,1.75,0.0,0.0,0.0,0.0,0.0,0.0,10000.0
1200_dose_0.2_gradient_0_VconcST_0.04_Vconc_6.4_run_0.csv,1200.0,0.2,0,6.4,0.04,6.4,0,2.0,0.0,0.0,0.0,0.0,0.0,0.0,765.247
1200_dose_0.2_gradient_0_VconcST_0.04_Vconc_6.4_run_0.csv,1200.0,0.2,0,6.4,0.04,6.4,0,2.25,0.0,0.0,0.0,0.0,0.0,0.0,10000.0
1200_dose_0.2_gradient_0_VconcST_0.04_Vconc_6.4_run_0.csv,1200.0,0.2,0,6.4,0.04,6.4,0,2.5,0.0,0.0,0.0,0.0,0.0,0.0,757.16
1200_dose_0.2_gradient_0_VconcST_0.04_Vconc_6.4_run_0.csv,1200.0,0.2,0,6.4,0.04,6.4,0,2.75,0.0,0.0,0.0,0.0,0.0,0.0,10000.0
1200_dose_0.2_gradient_0_VconcST_0.04_Vconc_6.4_run_0.csv,1200.0,0.2,0,6.4,0.04,6.4,0,3.0,0.0,0.0,0.0,0.0,0.0,0.0,758.226
1200_dose_0.2_gradient_0_VconcST_0.04_Vconc_6.4_run_0.csv,1200.0,0.2,0,6.4,0.04,6.4,0,3.25,0.0,0.0,0.0,0.0,0.0,0.0,10000.0
1200_dose_0.2_gradient_0_VconcST_0.04_Vconc_6.4_run_0.csv,1200.0,0.2,0,6.4,0.04,6.4,0,3.5,0.0,0.0,0.0,0.0,0.0,0.0,776.896
1200_dose_0.2_gradient_0_VconcST_0.04_Vconc_6.4_run_0.csv,1200.0,0.2,0,6.4,0.04,6.4,0,3.75,0.0,0.0,0.0,0.0,0.0,0.0,10000.0
1200_dose_0.2_gradient_0_VconcST_0.04_Vconc_6.4_run_0.csv,1200.0,0.2,0,6.4,0.04,6.4,0,4.0,0.0,0.0,0.0,0.0,0.0,0.0,766.05
1200_dose_0.2_gradient_0_VconcST_0.04_Vconc_6.4_run_0.csv,1200.0,0.2,0,6.4,0.04,6.4,0,4.25,0.0,0.0,0.0,0.0,0.0,0.0,10000.0
1200_dose_0.2_gradient_0_VconcST_0.04_Vconc_6.4_run_0.csv,1200.0,0.2,0,6.4,0.04,6.4,0,4.5,0.0,0.0,0.0,0.0,0.0,0.0,768.677
1200_dose_0.2_gradient_0_VconcST_0.04_Vconc_6.4_run_0.csv,1200.0,0.2,0,6.4,0.04,6.4,0,4.75,0.0,0.0,0.0,0.0,0.0,0.0,10000.0
1200_dose_0.2_gradient_0_VconcST_0.04_Vconc_6.4_run_0.csv,1200.0,0.2,0,6.4,0.04,6.4,0,5.0,0.0155725,0.2,6.06501e-06,0.0155725,0.0,0.0,761.455
1200_dose_0.2_gradient_0_VconcST_0.04_Vconc_6.4_run_0.csv,1200.0,0.2,0,6.4,0.04,6.4,0,5.25,0.938689,0.196036,0.00036559,0.938689,0.0,0.103489,10000.0
1200_dose_0.2_gradient_0_VconcST_0.04_Vconc_6.4_run_0.csv,1200.0,0.2,0,6.4,0.04,6.4,0,5.5,1.84001,0.192151,0.000716626,1.84001,0.0,0.185764,640.939
1200_dose_0.2_gradient_0_VconcST_0.04_Vconc_6.4_run_0.csv,1200.0,0.2,0,6.4,0.04,6.4,0,5.75,2.71998,0.188343,0.00105935,2.71998,0.0,0.252719,10000.0
1200_dose_0.2_gradient_0_VconcST_0.04_Vconc_6.4_run_0.csv,1200.0,0.2,0,6.4,0.04,6.4,0,6.0,3.57903,0.18461,0.00139392,3.57903,0.0,0.308251,509.863
1200_dose_0.2_gradient_0_VconcST_0.04_Vconc_6.4_run_0.csv,1200.0,0.2,0,6.4,0.04,6.4,0,6.25,4.4176,0.180951,0.00172052,4.4176,0.0,0.355036,10000.0
1200_dose_0.2_gradient_0_VconcST_0.04_Vconc_6.4_run_0.csv,1200.0,0.2,0,6.4,0.04,6.4,0,6.5,5.23609,0.177365,0.0020393,5.23609,0.0,0.394976,433.222
1200_dose_0.2_gradient_0_VconcST_0.04_Vconc_6.4_run_0.csv,1200.0,0.2,0,6.4,0.04,6.4,0,6.75,6.03493,0.17385,0.00235042,6.03493,0.0,0.429459,10000.0
1200_dose_0.2_gradient_0_VconcST_0.04_Vconc_6.4_run_0.csv,1200.0,0.2,0,6.4,0.04,6.4,0,7.0,6.81452,0.170404,0.00265405,6.81452,0.0,0.459521,349.331
1200_dose_0.2_gradient_0_VconcST_0.04_Vconc_6.4_run_0.csv,1200.0,0.2,0,6.4,0.04,6.4,0,7.25,7.57525,0.167027,0.00295032,7.57525,0.0,0.485951,8828.67
1200_dose_0.2_gradient_0_VconcST_0.04_Vconc_6.4_run_0.csv,1200.0,0.2,0,6.4,0.04,6.4,0,7.5,8.3175,0.163717,0.00323941,8.3175,0.0,0.509361,298.528
1200_dose_0.2_gradient_0_VconcST_0.04_Vconc_6.4_run_0.csv,1200.0,0.2,0,6.4,0.04,6.4,0,7.75,9.04166,0.160472,0.00352145,9.04166,0.0,0.530234,7890.3
1200_dose_0.2_gradient_0_VconcST_0.04_Vconc_6.4_run_0.csv,1200.0,0.2,0,6.4,0.04,6.4,0,8.0,9.7481,0.157292,0.00379658,9.7481,0.0,0.548952,258.453
1200_dose_0.2_gradient_0_VconcST_0.04_Vconc_6.4_run_0.csv,1200.0,0.2,0,6.4,0.04,6.4,0,8.25,10.4372,0.154174,0.00406496,10.4372,0.0,0.565827,7140.54
1200_dose_0.2_gradient_0_VconcST_0.04_Vconc_6.4_run_0.csv,1200.0,0.2,0,6.4,0.04,6.4,0,8.5,11.1092,0.151119,0.00432671,11.1092,0.0,0.581112,220.591
1200_dose_0.2_gradient_0_VconcST_0.04_Vconc_6.4_run_0.csv,1200.0,0.2,0,6.4,0.04,6.4,0,8.75,11.7647,0.148124,0.00458197,11.7647,0.00109375,0.595016,6286.12
1200_dose_0.2_gradient_0_VconcST_0.04_Vconc_6.4_run_0.csv,1200.0,0.2,0,6.4,0.04,6.4,0,9.0,12.4038,0.145188,0.00483089,12.4038,0.0,0.607714,202.049
1200_dose_0.2_gradient_0_VconcST_0.04_Vconc_6.4_run_0.csv,1200.0,0.2,0,6.4,0.04,6.4,0,9.25,13.0269,0.142311,0.00507358,13.0269,0.0,0.61935,6184.04
1200_dose_0.2_gradient_0_VconcST_0.04_Vconc_6.4_run_0.csv,1200.0,0.2,0,6.4,0.04,6.4,0,9.5,13.6344,0.13949,0.00531018,13.6344,0.0,0.630048,194.906
1200_dose_0.2_gradient_0_VconcST_0.04_Vconc_6.4_run_0.csv,1200.0,0.2,0,6.4,0.04,6.4,0,9.75,14.2266,0.136726,0.00554082,14.2266,0.00185547,0.639913,5521.72
1200_dose_0.2_gradient_0_VconcST_0.04_Vconc_6.4_run_0.csv,1200.0,0.2,0,6.4,0.04,6.4,0,10.0,14.8193,0.334016,0.00577167,14.8193,0.0,0.649034,166.239
1200_dose_0.2_gradient_0_VconcST_0.04_Vconc_6.4_run_0.csv,1200.0,0.2,0,6.4,0.04,6.4,0,10.25,16.3049,0.327396,0.00635026,16.3049,0.0,0.670517,5035.85
1200_dose_0.2_gradient_0_VconcST_0.04_Vconc_6.4_run_0.csv,1200.0,0.2,0,6.4,0.04,6.4,0,10.5,17.7543,0.320908,0.00691475,17.7543,0.0,0.689084,136.111
1200_dose_0.2_gradient_0_VconcST_0.04_Vconc_6.4_run_0.csv,1200.0,0.2,0,6.4,0.04,6.4,0,10.75,19.1682,0.314548,0.00746544,19.1682,0.0,0.705286,4434.34
1200_dose_0.2_gradient_0_VconcST_0.04_Vconc_6.4_run_0.csv,1200.0,0.2,0,6.4,0.04,6.4,0,11.0,20.5475,0.308314,0.00800261,20.5475,0.0,0.719542,121.641
1200_dose_0.2_gradient_0_VconcST_0.04_Vconc_6.4_run_0.csv,1200.0,0.2,0,6.4,0.04,6.4,0,11.25,21.8927,0.302203,0.00852653,21.8927,0.0,0.732178,3846.9
1200_dose_0.2_gradient_0_VconcST_0.04_Vconc_6.4_run_0.csv,1200.0,0.2,0,6.4,0.04,6.4,0,11.5,23.2046,0.296214,0.00903748,23.2046,0.0,0.74345,100.773
1200_dose_0.2_gradient_0_VconcST_0.04_Vconc_6.4_run_0.csv,1200.0,0.2,0,6.4,0.04,6.4,0,11.75,24.4839,0.290343,0.00953573,24.4839,0.0,0.753565,3587.37
1200_dose_0.2_gradient_0_VconcST_0.04_Vconc_6.4_run_0.csv,1200.0,0.2,0,6.4,0.04,6.4,0,12.0,25.7313,0.284589,0.0100215,25.7313,0.0,0.762687,93.5205
1200_dose_0.2_gradient_0_VconcST_0.04_Vconc_6.4_run_0.csv,1200.0,0.2,0,6.4,0.04,6.4,0,12.25,26.9473,0.278949,0.0104951,26.9473,0.0,0.770953,3163.18
1200_dose_0.2_gradient_0_VconcST_0.04_Vconc_6.4_run_0.csv,1200.0,0.2,0,6.4,0.04,6.4,0,12.5,28.1327,0.27342,0.0109568,28.1327,0.0,0.778475,85.1669
1200_dose_0.2_gradient_0_VconcST_0.04_Vconc_6.4_run_0.csv,1200.0,0.2,0,6.4,0.04,6.4,0,12.75,29.2881,0.268001,0.0114068,29.2881,0.0,0.785345,3017.91
1200_dose_0.2_gradient_0_VconcST_0.04_Vconc_6.4_run_0.csv,1200.0,0.2,0,6.4,0.04,6.4,0,13.0,30.4142,0.26269,0.0118454,30.4142,0.0,0.791643,76.6095
1200_dose_0.2_gradient_0_VconcST_0.04_Vconc_6.4_run_0.csv,1200.0,0.2,0,6.4,0.04,6.4,0,13.25,31.5114,0.257483,0.0122727,31.5114,0.0,0.797434,2759.27
1200_dose_0.2_gradient_0_VconcST_0.04_Vconc_6.4_run_0.csv,1200.0,0.2,0,6.4,0.04,6.4,0,13.5,32.5804,0.25238,0.0126891,32.5804,0.0,0.802775,69.4287
1200_dose_0.2_gradient_0_VconcST_0.04_Vconc_6.4_run_0.csv,1200.0,0.2,0,6.4,0.04,6.4,0,13.75,33.6218,0.247379,0.0130947,33.6218,0.0,0.807714,2582.04
1200_dose_0.2_gradient_0_VconcST_0.04_Vconc_6.4_run_0.csv,1200.0,0.2,0,6.4,0.04,6.4,0,14.0,34.6362,0.242476,0.0134897,34.6362,0.0,0.812292,71.2721
1200_dose_0.2_gradient_0_VconcST_0.04_Vconc_6.4_run_0.csv,1200.0,0.2,0,6.4,0.04,6.4,0,14.25,35.6241,0.23767,0.0138745,35.6241,0.0,0.816547,2462.3
1200_dose_0.2_gradient_0_VconcST_0.04_Vconc_6.4_run_0.csv,1200.0,0.2,0,6.4,0.04,6.4,0,14.5,36.5861,0.23296,0.0142491,36.5861,0.0,0.820508,66.3068
1200_dose_0.2_gradient_0_VconcST_0.04_Vconc_6.4_run_0.csv,1200.0,0.2,0,6.4,0.04,6.4,0,14.75,37.5226,0.228343,0.0146139,37.5226,0.0,0.824204,2269.34
1200_dose_0.2_gradient_0_VconcST_0.04_Vconc_6.4_run_0.csv,1200.0,0.2,0,6.4,0.04,6.4,0,15.0,38.4499,0.423817,0.0149751,38.4499,0.0,0.827658,57.306
1200_dose_0.2_gradient_0_VconcST_0.04_Vconc_6.4_run_0.csv,1200.0,0.2,0,6.4,0.04,6.4,0,15.25,40.2604,0.415418,0.0156802,40.2604,0.0,0.83413,2112.15
1200_dose_0.2_gradient_0_VconcST_0.04_Vconc_6.4_run_0.csv,1200.0,0.2,0,6.4,0.04,6.4,0,15.5,42.0253,0.407185,0.0163675,42.0253,0.0,0.839988,88.1039
1200_dose_0.2_gradient_0_VconcST_0.04_Vconc_6.4_run_0.csv,1200.0,0.2,0,6.4,0.04,6.4,0,15.75,43.7454,0.399115,0.0170375,43.7454,0.0,0.845312,1631.93
1200_dose_0.2_gradient_0_VconcST_0.04_Vconc_6.4_run_0.csv,1200.0,0.2,0,6.4,0.04,6.4,0,16.0,45.4218,0.391205,0.0176904,45.4218,0.0,0.850171,888.236
1200_dose_0.2_gradient_0_VconcST_0.04_Vconc_6.4_run_0.csv,1200.0,0.2,0,6.4,0.04,6.4,0,16.25,47.0553,0.383452,0.0183266,47.0553,0.0,0.854621,846.356
1200_dose_0.2_gradient_0_VconcST_0.04_Vconc_6.4_run_0.csv,1200.0,0.2,0,6.4,0.04,6.4,0,16.5,48.6469,0.375852,0.0189465,48.6469,0.0,0.858709,1544.87
1200_dose_0.2_gradient_0_VconcST_0.04_Vconc_6.4_run_0.csv,1200.0,0.2,0,6.4,0.04,6.4,0,16.75,50.1973,0.368403,0.0195503,50.1973,0.0,0.862476,825.997
1200_dose_0.2_gradient_0_VconcST_0.04_Vconc_6.4_run_0.csv,1200.0,0.2,0,6.4,0.04,6.4,0,17.0,51.7075,0.361102,0.0201385,51.7075,0.000564236,0.865958,1487.63
1200_dose_0.2_gradient_0_VconcST_0.04_Vconc_6.4_run_0.csv,1200.0,0.2,0,6.4,0.04,6.4,0,17.25,53.1782,0.353945,0.0207113,53.1782,0.0240755,0.869183,1873.88
1200_dose_0.2_gradient_0_VconcST_0.04_Vconc_6.4_run_0.csv,1200.0,0.2,0,6.4,0.04,6.4,0,17.5,54.6103,0.34693,0.021269,54.6103,0.0788932,0.872177,2151.15
1200_dose_0.2_gradient_0_VconcST_0.04_Vconc_6.4_run_0.csv,1200.0,0.2,0,6.4,0.04,6.4,0,17.75,56.0046,0.340054,0.0218121,56.0046,0.164961,0.874964,2241.06
1200_dose_0.2_gradient_0_VconcST_0.04_Vconc_6.4_run_0.csv,1200.0,0.2,0,6.4,0.04,6.4,0,18.0,57.3619,0.333315,0.0223407,57.3619,0.282279,0.877563,2127.71
1200_dose_0.2_gradient_0_VconcST_0.04_Vconc_6.4_run_0.csv,1200.0,0.2,0,6.4,0.04,6.4,0,18.25,58.683,0.326709,0.0228552,58.683,0.430846,0.87999,2155.69
1200_dose_0.2_gradient_0_VconcST_0.04_Vconc_6.4_run_0.csv,1200.0,0.2,0,6.4,0.04,6.4,0,18.5,59.9685,0.320234,0.0233559,59.9685,0.610664,0.882262,2071.65
1200_dose_0.2_gradient_0_VconcST_0.04_Vconc_6.4_run_0.csv,1200.0,0.2,0,6.4,0.04,6.4,0,18.75,61.2193,0.313887,0.023843,61.2193,0.821732,0.884391,1802.4
1200_dose_0.2_gradient_0_VconcST_0.04_Vconc_6.4_run_0.csv,1200.0,0.2,0,6.4,0.04,6.4,0,19.0,62.436,0.307667,0.0243169,62.436,0.998958,0.886389,1796.73
1200_dose_0.2_gradient_0_VconcST_0.04_Vconc_6.4_run_0.csv,1200.0,0.2,0,6.4,0.04,6.4,0,19.25,63.6194,0.301569,0.0247778,63.6194,1.0,0.888268,1805.25
1200_dose_0.2_gradient_0_VconcST_0.04_Vconc_6.4_run_0.csv,1200.0,0.2,0,6.4,0.04,6.4,0,19.5,64.7702,0.295592,0.025226,64.7702,1.0,0.890036,1833.15
1200_dose_0.2_gradient_0_VconcST_0.04_Vconc_6.4_run_0.csv,1200.0,0.2,0,6.4,0.04,6.4,0,19.75,65.889,0.289734,0.0256617,65.889,1.0,0.891703,1496.91
1200_dose_0.2_gradient_0_VconcST_0.04_Vconc_6.4_run_0.csv,1200.0,0.2,0,6.4,0.04,6.4,0,20.0,66.9921,0.483992,0.0260914,66.9921,1.0,0.893274,1495.67
1200_dose_0.2_gradient_0_VconcST_0.04_Vconc_6.4_run_0.csv,1200.0,0.2,0,6.4,0.04,6.4,0,20.25,68.9721,0.4744,0.0268625,68.9721,1.0,0.896022,1337.73
1200_dose_0.2_gradient_0_VconcST_0.04_Vconc_6.4_run_0.csv,1200.0,0.2,0,6.4,0.04,6.4,0,20.5,70.9004,0.464997,0.0276135,70.9004,0.973958,0.898566,1133.92
1200_dose_0.2_gradient_0_VconcST_0.04_Vconc_6.4_run_0.csv,1200.0,0.2,0,6.4,0.04,6.4,0,20.75,72.7779,0.455782,0.0283447,72.7779,0.911458,0.900925,1125.42
1200_dose_0.2_gradient_0_VconcST_0.04_Vconc_6.4_run_0.csv,1200.0,0.2,0,6.4,0.04,6.4,0,21.0,74.6058,0.446749,0.0290566,74.6058,0.848958,0.903119,1142.81
1200_dose_0.2_gradient_0_VconcST_0.04_Vconc_6.4_run_0.csv,1200.0,0.2,0,6.4,0.04,6.4,0,21.25,76.385,0.437895,0.0297496,76.385,0.786458,0.905164,1055.26
1200_dose_0.2_gradient_0_VconcST_0.04_Vconc_6.4_run_0.csv,1200.0,0.2,0,6.4,0.04,6.4,0,21.5,78.1167,0.429216,0.030424,78.1167,0.723958,0.907072,1002.99
1200_dose_0.2_gradient_0_VconcST_0.04_Vconc_6.4_run_0.csv,1200.0,0.2,0,6.4,0.04,6.4,0,21.75,79.8017,0.420709,0.0310803,79.8017,0.0,0.908857,981.934
1200_dose_0.2_gradient_0_VconcST_0.04_Vconc_6.4_run_0.csv,1200.0,0.2,0,6.4,0.04,6.4,0,22.0,81.441,0.412372,0.0317187,81.441,0.0,0.910529,794.819
1200_dose_0.2_gradient_0_VconcST_0.04_Vconc_6.4_run_0.csv,1200.0,0.2,0,6.4,0.04,6.4,0,22.25,83.0357,0.404199,0.0323398,83.0357,0.0,0.912097,764.115
1200_dose_0.2_gradient_0_VconcST_0.04_Vconc_6.4_run_0.csv,1200.0,0.2,0,6.4,0.04,6.4,0,22.5,84.5865,0.396188,0.0329438,84.5865,0.0,0.913571,769.319
1200_dose_0.2_gradient_0_VconcST_0.04_Vconc_6.4_run_0.csv,1200.0,0.2,0,6.4,0.04,6.4,0,22.75,86.0945,0.388336,0.0335312,86.0945,0.0,0.914957,750.826
1200_dose_0.2_gradient_0_VconcST_0.04_Vconc_6.4_run_0.csv,1200.0,0.2,0,6.4,0.04,6.4,0,23.0,87.5606,0.38064,0.0341021,87.5606,0.0,0.916262,735.137
1200_dose_0.2_gradient_0_VconcST_0.04_Vconc_6.4_run_0.csv,1200.0,0.2,0,6.4,0.04,6.4,0,23.25,88.9855,0.373096,0.0346571,88.9855,0.0,0.917494,713.27
1200_dose_0.2_gradient_0_VconcST_0.04_Vconc_6.4_run_0.csv,1200.0,0.2,0,6.4,0.04,6.4,0,23.5,90.3703,0.365701,0.0351964,90.3703,0.0,0.918656,705.475
1200_dose_0.2_gradient_0_VconcST_0.04_Vconc_6.4_run_0.csv,1200.0,0.2,0,6.4,0.04,6.4,0,23.75,91.7157,0.358454,0.0357204,91.7157,0.0,0.919754,704.37
1200_dose_0.2_gradient_0_VconcST_0.04_Vconc_6.4_run_0.csv,1200.0,0.2,0,6.4,0.04,6.4,0,24.0,93.0225,0.35135,0.0362294,93.0225,0.0,0.920793,705.157
1200_dose_0.2_gradient_0_VconcST_0.04_Vconc_6.4_run_0.csv,1200.0,0.2,0,6.4,0.04,6.4,0,24.25,94.2915,0.344386,0.0367236,94.2915,0.0,0.921776,696.972
1200_dose_0.2_gradient_0_VconcST_0.04_Vconc_6.4_run_0.csv,1200.0,0.2,0,6.4,0.04,6.4,0,24.5,95.5236,0.337561,0.0372035,95.5236,0.0,0.922708,699.362
1200_dose_0.2_gradient_0_VconcST_0.04_Vconc_6.4_run_0.csv,1200.0,0.2,0,6.4,0.04,6.4,0,24.75,96.7195,0.330871,0.0376693,96.7195,0.0,0.923591,675.398
1200_dose_0.2_gradient_0_VconcST_0.04_Vconc_6.4_run_0.csv,1200.0,0.2,0,6.4,0.04,6.4,0,25.0,97.8956,0.524313,0.0381273,97.8956,0.0,0.924429,681.834
1200_dose_0.2_gradient_0_VconcST_0.04_Vconc_6.4_run_0.csv,1200.0,0.2,0,6.4,0.04,6.4,0,25.25,99.9446,0.513922,0.0389253,99.9446,0.0,0.925865,669.048
1200_dose_0.2_gradient_0_VconcST_0.04_Vconc_6.4_run_0.csv,1200.0,0.2,0,6.4,0.04,6.4,0,25.5,101.938,0.503737,0.0397016,101.938,0.0,0.92721,651.49
1200_dose_0.2_gradient_0_VconcST_0.04_Vconc_6.4_run_0.csv,1200.0,0.2,0,6.4,0.04,6.4,0,25.75,103.876,0.493753,0.0404567,103.876,0.0,0.928472,654.713
1200_dose_0.2_gradient_0_VconcST_0.04_Vconc_6.4_run_0.csv,1200.0,0.2,0,6.4,0.04,6.4,0,26.0,105.762,0.483968,0.0411909,105.762,0.0,0.929658,633.774
1200_dose_0.2_gradient_0_VconcST_0.04_Vconc_6.4_run_0.csv,1200.0,0.2,0,6.4,0.04,6.4,0,26.25,107.595,0.474376,0.0419048,107.595,0.0,0.930775,640.115
1200_dose_0.2_gradient_0_VconcST_0.04_Vconc_6.4_run_0.csv,1200.0,0.2,0,6.4,0.04,6.4,0,26.5,109.376,0.464974,0.0425987,109.376,0.0,0.931826,638.577
1200_dose_0.2_gradient_0_VconcST_0.04_Vconc_6.4_run_0.csv,1200.0,0.2,0,6.4,0.04,6.4,0,26.75,111.108,0.455759,0.043273,111.108,0.0,0.932818,631.938
1200_dose_0.2_gradient_0_VconcST_0.04_Vconc_6.4_run_0.csv,1200.0,0.2,0,6.4,0.04,6.4,0,27.0,112.79,0.446726,0.0439283,112.79,0.0,0.933754,615.188
1200_dose_0.2_gradient_0_VconcST_0.04_Vconc_6.4_run_0.csv,1200.0,0.2,0,6.4,0.04,6.4,0,27.25,114.425,0.437873,0.0445648,114.425,0.0,0.934639,599.95
1200_dose_0.2_gradient_0_VconcST_0.04_Vconc_6.4_run_0.csv,1200.0,0.2,0,6.4,0.04,6.4,0,27.5,116.012,0.429195,0.045183,116.012,0.0,0.935476,591.457
1200_dose_0.2_gradient_0_VconcST_0.04_Vconc_6.4_run_0.csv,1200.0,0.2,0,6.4,0.04,6.4,0,27.75,117.553,0.420689,0.0457833,117.553,0.0,0.936269,584.351
1200_dose_0.2_gradient_0_VconcST_0.04_Vconc_6.4_run_0.csv,1200.0,0.2,0,6.4,0.04,6.4,0,28.0,119.049,0.412351,0.046366,119.049,0.0,0.93702,583.08
1200_dose_0.2_gradient_0_VconcST_0.04_Vconc_6.4_run_0.csv,1200.0,0.2,0,6.4,0.04,6.4,0,28.25,120.501,0.404179,0.0469314,120.501,0.0,0.937732,586.075
1200_dose_0.2_gradient_0_VconcST_0.04_Vconc_6.4_run_0.csv,1200.0,0.2,0,6.4,0.04,6.4,0,28.5,121.91,0.396168,0.0474801,121.91,0.0,0.938408,595.427
1200_dose_0.2_gradient_0_VconcST_0.04_Vconc_6.4_run_0.csv,1200.0,0.2,0,6.4,0.04,6.4,0,28.75,123.276,0.388317,0.0480123,123.276,0.0,0.939049,571.983
1200_dose_0.2_gradient_0_VconcST_0.04_Vconc_1.6_run_0.csv,1200.0,0.2,0,1.6,0.04,1.6,0,0.0,0.0,0.0,0.0,0.0,0.0,0.0,0.0
1200_dose_0.2_gradient_0_VconcST_0.04_Vconc_1.6_run_0.csv,1200.0,0.2,0,1.6,0.04,1.6,0,0.25,0.0,0.0,0.0,0.0,0.0,0.0,3619.86
1200_dose_0.2_gradient_0_VconcST_0.04_Vconc_1.6_run_0.csv,1200.0,0.2,0,1.6,0.04,1.6,0,0.5,0.0,0.0,0.0,0.0,0.0,0.0,96.2059
1200_dose_0.2_gradient_0_VconcST_0.04_Vconc_1.6_run_0.csv,1200.0,0.2,0,1.6,0.04,1.6,0,0.75,0.0,0.0,0.0,0.0,0.0,0.0,3480.61
1200_dose_0.2_gradient_0_VconcST_0.04_Vconc_1.6_run_0.csv,1200.0,0.2,0,1.6,0.04,1.6,0,1.0,0.0,0.0,0.0,0.0,0.0,0.0,95.9548
1200_dose_0.2_gradient_0_VconcST_0.04_Vconc_1.6_run_0.csv,1200.0,0.2,0,1.6,0.04,1.6,0,1.25,0.0,0.0,0.0,0.0,0.0,0.0,3603.77
1200_dose_0.2_gradient_0_VconcST_0.04_Vconc_1.6_run_0.csv,1200.0,0.2,0,1.6,0.04,1.6,0,1.5,0.0,0.0,0.0,0.0,0.0,0.0,97.9671
1200_dose_0.2_gradient_0_VconcST_0.04_Vconc_1.6_run_0.csv,1200.0,0.2,0,1.6,0.04,1.6,0,1.75,0.0,0.0,0.0,0.0,0.0,0.0,3573.01
1200_dose_0.2_gradient_0_VconcST_0.04_Vconc_1.6_run_0.csv,1200.0,0.2,0,1.6,0.04,1.6,0,2.0,0.0,0.0,0.0,0.0,0.0,0.0,99.7861
1200_dose_0.2_gradient_0_VconcST_0.04_Vconc_1.6_run_0.csv,1200.0,0.2,0,1.6,0.04,1.6,0,2.25,0.0,0.0,0.0,0.0,0.0,0.0,3541.0
1200_dose_0.2_gradient_0_VconcST_0.04_Vconc_1.6_run_0.csv,1200.0,0.2,0,1.6,0.04,1.6,0,2.5,0.0,0.0,0.0,0.0,0.0,0.0,99.931
1200_dose_0.2_gradient_0_VconcST_0.04_Vconc_1.6_run_0.csv,1200.0,0.2,0,1.6,0.04,1.6,0,2.75,0.0,0.0,0.0,0.0,0.0,0.0,3532.13
1200_dose_0.2_gradient_0_VconcST_0.04_Vconc_1.6_run_0.csv,1200.0,0.2,0,1.6,0.04,1.6,0,3.0,0.0,0.0,0.0,0.0,0.0,0.0,97.521
1200_dose_0.2_gradient_0_VconcST_0.04_Vconc_1.6_run_0.csv,1200.0,0.2,0,1.6,0.04,1.6,0,3.25,0.0,0.0,0.0,0.0,0.0,0.0,3541.4
1200_dose_0.2_gradient_0_VconcST_0.04_Vconc_1.6_run_0.csv,1200.0,0.2,0,1.6,0.04,1.6,0,3.5,0.0,0.0,0.0,0.0,0.0,0.0,101.596
1200_dose_0.2_gradient_0_VconcST_0.04_Vconc_1.6_run_0.csv,1200.0,0.2,0,1.6,0.04,1.6,0,3.75,0.0,0.0,0.0,0.0,0.0,0.0,3598.35
1200_dose_0.2_gradient_0_VconcST_0.04_Vconc_1.6_run_0.csv,1200.0,0.2,0,1.6,0.04,1.6,0,4.0,0.0,0.0,0.0,0.0,0.0,0.0,98.2702
1200_dose_0.2_gradient_0_VconcST_0.04_Vconc_1.6_run_0.csv,1200.0,0.2,0,1.6,0.04,1.6,0,4.25,0.0,0.0,0.0,0.0,0.0,0.0,3386.82
1200_dose_0.2_gradient_0_VconcST_0.04_Vconc_1.6_run_0.csv,1200.0,0.2,0,1.6,0.04,1.6,0,4.5,0.0,0.0,0.0,0.0,0.0,0.0,101.341
1200_dose_0.2_gradient_0_VconcST_0.04_Vconc_1.6_run_0.csv,1200.0,0.2,0,1.6,0.04,1.6,0,4.75,0.0,0.0,0.0,0.0,0.0,0.0,3614.52
1200_dose_0.2_gradient_0_VconcST_0.04_Vconc_1.6_run_0.csv,1200.0,0.2,0,1.6,0.04,1.6,0,5.0,0.0155725,0.2,6.06501e-06,0.0155725,0.0,0.0,100.943
1200_dose_0.2_gradient_0_VconcST_0.04_Vconc_1.6_run_0.csv,1200.0,0.2,0,1.6,0.04,1.6,0,5.25,0.938689,0.196036,0.00036559,0.938689,0.0,0.103489,3131.97
1200_dose_0.2_gradient_0_VconcST_0.04_Vconc_1.6_run_0.csv,1200.0,0.2,0,1.6,0.04,1.6,0,5.5,1.84001,0.192151,0.000716626,1.84001,0.0,0.185764,75.8073
1200_dose_0.2_gradient_0_VconcST_0.04_Vconc_1.6_run_0.csv,1200.0,0.2,0,1.6,0.04,1.6,0,5.75,2.71998,0.188343,0.00105935,2.71998,0.0,0.252719,2665.22
1200_dose_0.2_gradient_0_VconcST_0.04_Vconc_1.6_run_0.csv,1200.0,0.2,0,1.6,0.04,1.6,0,6.0,3.57903,0.18461,0.00139392,3.57903,0.0,0.308251,62.899
1200_dose_0.2_gradient_0_VconcST_0.04_Vconc_1.6_run_0.csv,1200.0,0.2,0,1.6,0.04,1.6,0,6.25,4.4176,0.180951,0.00172052,4.4176,0.0,0.355036,2160.9
1200_dose_0.2_gradient_0_VconcST_0.04_Vconc_1.6_run_0.csv,1200.0,0.2,0,1.6,0.04,1.6,0,6.5,5.23609,0.177365,0.0020393,5.23609,0.0,0.394976,204.962
1200_dose_0.2_gradient_0_VconcST_0.04_Vconc_1.6_run_0.csv,1200.0,0.2,0,1.6,0.04,1.6,0,6.75,6.03493,0.17385,0.00235042,6.03493,0.0,0.429459,1466.41
1200_dose_0.2_gradient_0_VconcST_0.04_Vconc_1.6_run_0.csv,1200.0,0.2,0,1.6,0.04,1.6,0,7.0,6.81452,0.170404,0.00265405,6.81452,0.0,0.459521,911.669
1200_dose_0.2_gradient_0_VconcST_0.04_Vconc_1.6_run_0.csv,1200.0,0.2,0,1.6,0.04,1.6,0,7.25,7.57525,0.167027,0.00295032,7.57525,0.0,0.485951,891.495
1200_dose_0.2_gradient_0_VconcST_0.04_Vconc_1.6_run_0.csv,1200.0,0.2,0,1.6,0.04,1.6,0,7.5,8.3175,0.163717,0.00323941,8.3175,0.0,0.509361,1112.35
1200_dose_0.2_gradient_0_VconcST_0.04_Vconc_1.6_run_0.csv,1200.0,0.2,0,1.6,0.04,1.6,0,7.75,9.04166,0.160472,0.00352145,9.04166,0.0,0.530234,815.316
1200_dose_0.2_gradient_0_VconcST_0.04_Vconc_1.6_run_0.csv,1200.0,0.2,0,1.6,0.04,1.6,0,8.0,9.7481,0.157292,0.00379658,9.7481,0.0,0.548952,947.216
1200_dose_0.2_gradient_0_VconcST_0.04_Vconc_1.6_run_0.csv,1200.0,0.2,0,1.6,0.04,1.6,0,8.25,10.4372,0.154174,0.00406496,10.4372,0.0,0.565827,866.698
1200_dose_0.2_gradient_0_VconcST_0.04_Vconc_1.6_run_0.csv,1200.0,0.2,0,1.6,0.04,1.6,0,8.5,11.1092,0.151119,0.00432671,11.1092,0.0,0.581112,898.359
1200_dose_0.2_gradient_0_VconcST_0.04_Vconc_1.6_run_0.csv,1200.0,0.2,0,1.6,0.04,1.6,0,8.75,11.7647,0.148124,0.00458197,11.7647,0.0,0.595016,812.481
1200_dose_0.2_gradient_0_VconcST_0.04_Vconc_1.6_run_0.csv,1200.0,0.2,0,1.6,0.04,1.6,0,9.0,12.4038,0.145188,0.00483089,12.4038,0.0,0.607714,837.985
1200_dose_0.2_gradient_0_VconcST_0.04_Vconc_1.6_run_0.csv,1200.0,0.2,0,1.6,0.04,1.6,0,9.25,13.0269,0.142311,0.00507358,13.0269,0.0,0.61935,829.887
1200_dose_0.2_gradient_0_VconcST_0.04_Vconc_1.6_run_0.csv,1200.0,0.2,0,1.6,0.04,1.6,0,9.5,13.6344,0.13949,0.00531018,13.6344,0.0,0.630048,827.636
1200_dose_0.2_gradient_0_VconcST_0.04_Vconc_1.6_run_0.csv,1200.0,0.2,0,1.6,0.04,1.6,0,9.75,14.2266,0.136726,0.00554082,14.2266,0.0,0.639913,785.885
1200_dose_0.2_gradient_0_VconcST_0.04_Vconc_1.6_run_0.csv,1200.0,0.2,0,1.6,0.04,1.6,0,10.0,14.8193,0.334016,0.00577167,14.8193,0.0,0.649034,782.36
1200_dose_0.2_gradient_0_VconcST_0.04_Vconc_1.6_run_0.csv,1200.0,0.2,0,1.6,0.04,1.6,0,10.25,16.3049,0.327396,0.00635026,16.3049,0.0,0.670517,728.76
1200_dose_0.2_gradient_0_VconcST_0.04_Vconc_1.6_run_0.csv,1200.0,0.2,0,1.6,0.04,1.6,0,10.5,17.7543,0.320908,0.00691475,17.7543,0.0,0.689084,702.806
1200_dose_0.2_gradient_0_VconcST_0.04_Vconc_1.6_run_0.csv,1200.0,0.2,0,1.6,0.04,1.6,0,10.75,19.1682,0.314548,0.00746544,19.1682,0.0,0.705286,672.251
1200_dose_0.2_gradient_0_VconcST_0.04_Vconc_1.6_run_0.csv,1200.0,0.2,0,1.6,0.04,1.6,0,11.0,20.5475,0.308314,0.00800261,20.5475,0.0,0.719542,636.793
1200_dose_0.2_gradient_0_VconcST_0.04_Vconc_1.6_run_0.csv,1200.0,0.2,0,1.6,0.04,1.6,0,11.25,21.8927,0.302203,0.00852653,21.8927,0.0,0.732178,623.714
1200_dose_0.2_gradient_0_VconcST_0.04_Vconc_1.6_run_0.csv,1200.0,0.2,0,1.6,0.04,1.6,0,11.5,23.2046,0.296214,0.00903748,23.2046,0.0,0.74345,612.15
1200_dose_0.2_gradient_0_VconcST_0.04_Vconc_1.6_run_0.csv,1200.0,0.2,0,1.6,0.04,1.6,0,11.75,24.4839,0.290343,0.00953573,24.4839,0.0,0.753565,571.077
1200_dose_0.2_gradient_0_VconcST_0.04_Vconc_1.6_run_0.csv,1200.0,0.2,0,1.6,0.04,1.6,0,12.0,25.7313,0.284589,0.0100215,25.7313,0.0,0.762687,540.819
1200_dose_0.2_gradient_0_VconcST_0.04_Vconc_1.6_run_0.csv,1200.0,0.2,0,1.6,0.04,1.6,0,12.25,26.9473,0.278949,0.0104951,26.9473,0.0,0.770953,556.752
1200_dose_0.2_gradient_0_VconcST_0.04_Vconc_1.6_run_0.csv,1200.0,0.2,0,1.6,0.04,1.6,0,12.5,28.1327,0.27342,0.0109568,28.1327,0.0,0.778475,516.033
1200_dose_0.2_gradient_0_VconcST_0.04_Vconc_1.6_run_0.csv,1200.0,0.2,0,1.6,0.04,1.6,0,12.75,29.2881,0.268001,0.0114068,29.2881,0.0,0.785345,521.666
1200_dose_0.2_gradient_0_VconcST_0.04_Vconc_1.6_run_0.csv,1200.0,0.2,0,1.6,0.04,1.6,0,13.0,30.4142,0.26269,0.0118454,30.4142,0.0,0.791643,501.203
1200_dose_0.2_gradient_0_VconcST_0.04_Vconc_1.6_run_0.csv,1200.0,0.2,0,1.6,0.04,1.6,0,13.25,31.5114,0.257483,0.0122727,31.5114,0.0,0.797434,479.567
1200_dose_0.2_gradient_0_VconcST_0.04_Vconc_1.6_run_0.csv,1200.0,0.2,0,1.6,0.04,1.6,0,13.5,32.5804,0.25238,0.0126891,32.5804,0.0,0.802775,480.829
1200_dose_0.2_gradient_0_VconcST_0.04_Vconc_1.6_run_0.csv,1200.0,0.2,0,1.6,0.04,1.6,0,13.75,33.6218,0.247379,0.0130947,33.6218,0.0,0.807714,460.167
1200_dose_0.2_gradient_0_VconcST_0.04_Vconc_1.6_run_0.csv,1200.0,0.2,0,1.6,0.04,1.6,0,14.0,34.6362,0.242476,0.0134897,34.6362,0.0,0.812292,449.973
1200_dose_0.2_gradient_0_VconcST_0.04_Vconc_1.6_run_0.csv,1200.0,0.2,0,1.6,0.04,1.6,0,14.25,35.6241,0.23767,0.0138745,35.6241,0.0,0.816547,451.381
1200_dose_0.2_gradient_0_VconcST_0.04_Vconc_1.6_run_0.csv,1200.0,0.2,0,1.6,0.04,1.6,0,14.5,36.5861,0.23296,0.0142491,36.5861,0.0,0.820508,441.049
1200_dose_0.2_gradient_0_VconcST_0.04_Vconc_1.6_run_0.csv,1200.0,0.2,0,1.6,0.04,1.6,0,14.75,37.5226,0.228343,0.0146139,37.5226,0.0,0.824204,427.826
1200_dose_0.2_gradient_0_VconcST_0.04_Vconc_1.6_run_0.csv,1200.0,0.2,0,1.6,0.04,1.6,0,15.0,38.4499,0.423817,0.0149751,38.4499,0.0,0.827658,419.955
1200_dose_0.2_gradient_0_VconcST_0.04_Vconc_1.6_run_0.csv,1200.0,0.2,0,1.6,0.04,1.6,0,15.25,40.2604,0.415418,0.0156802,40.2604,0.0,0.83413,406.412
1200_dose_0.2_gradient_0_VconcST_0.04_Vconc_1.6_run_0.csv,1200.0,0.2,0,1.6,0.04,1.6,0,15.5,42.0253,0.407185,0.0163675,42.0253,0.0,0.839988,396.135
1200_dose_0.2_gradient_0_VconcST_0.04_Vconc_1.6_run_0.csv,1200.0,0.2,0,1.6,0.04,1.6,0,15.75,43.7454,0.399115,0.0170375,43.7454,0.0,0.845312,385.647
1200_dose_0.2_gradient_0_VconcST_0.04_Vconc_1.6_run_0.csv,1200.0,0.2,0,1.6,0.04,1.6,0,16.0,45.4218,0.391205,0.0176904,45.4218,0.0,0.850171,377.381
1200_dose_0.2_gradient_0_VconcST_0.04_Vconc_1.6_run_0.csv,1200.0,0.2,0,1.6,0.04,1.6,0,16.25,47.0553,0.383452,0.0183266,47.0553,0.0,0.854621,371.673
1200_dose_0.2_gradient_0_VconcST_0.04_Vconc_1.6_run_0.csv,1200.0,0.2,0,1.6,0.04,1.6,0,16.5,48.6469,0.375852,0.0189465,48.6469,0.0,0.858709,353.922
1200_dose_0.2_gradient_0_VconcST_0.04_Vconc_1.6_run_0.csv,1200.0,0.2,0,1.6,0.04,1.6,0,16.75,50.1973,0.368403,0.0195503,50.1973,0.0,0.862476,344.394
1200_dose_0.2_gradient_0_VconcST_0.04_Vconc_1.6_run_0.csv,1200.0,0.2,0,1.6,0.04,1.6,0,17.0,51.7075,0.361102,0.0201385,51.7075,0.0,0.865958,335.402
1200_dose_0.2_gradient_0_VconcST_0.04_Vconc_1.6_run_0.csv,1200.0,0.2,0,1.6,0.04,1.6,0,17.25,53.1782,0.353945,0.0207113,53.1782,0.0,0.869183,333.166
1200_dose_0.2_gradient_0_VconcST_0.04_Vconc_1.6_run_0.csv,1200.0,0.2,0,1.6,0.04,1.6,0,17.5,54.6103,0.34693,0.021269,54.6103,0.0,0.872177,317.98
1200_dose_0.2_gradient_0_VconcST_0.04_Vconc_1.6_run_0.csv,1200.0,0.2,0,1.6,0.04,1.6,0,17.75,56.0046,0.340054,0.0218121,56.0046,0.0,0.874964,314.552
1200_dose_0.2_gradient_0_VconcST_0.04_Vconc_1.6_run_0.csv,1200.0,0.2,0,1.6,0.04,1.6,0,18.0,57.3619,0.333315,0.0223407,57.3619,0.0,0.877563,306.14
1200_dose_0.2_gradient_0_VconcST_0.04_Vconc_1.6_run_0.csv,1200.0,0.2,0,1.6,0.04,1.6,0,18.25,58.683,0.326709,0.0228552,58.683,0.0,0.87999,305.417
1200_dose_0.2_gradient_0_VconcST_0.04_Vconc_1.6_run_0.csv,1200.0,0.2,0,1.6,0.04,1.6,0,18.5,59.9685,0.320234,0.0233559,59.9685,0.0,0.882262,302.713
1200_dose_0.2_gradient_0_VconcST_0.04_Vconc_1.6_run_0.csv,1200.0,0.2,0,1.6,0.04,1.6,0,18.75,61.2193,0.313887,0.023843,61.2193,0.0,0.884391,291.839
1200_dose_0.2_gradient_0_VconcST_0.04_Vconc_1.6_run_0.csv,1200.0,0.2,0,1.6,0.04,1.6,0,19.0,62.436,0.307667,0.0243169,62.436,0.0,0.886389,288.316
1200_dose_0.2_gradient_0_VconcST_0.04_Vconc_1.6_run_0.csv,1200.0,0.2,0,1.6,0.04,1.6,0,19.25,63.6194,0.301569,0.0247778,63.6194,0.0,0.888268,287.232
1200_dose_0.2_gradient_0_VconcST_0.04_Vconc_1.6_run_0.csv,1200.0,0.2,0,1.6,0.04,1.6,0,19.5,64.7702,0.295592,0.025226,64.7702,0.0,0.890036,279.198
1200_dose_0.2_gradient_0_VconcST_0.04_Vconc_1.6_run_0.csv,1200.0,0.2,0,1.6,0.04,1.6,0,19.75,65.889,0.289734,0.0256617,65.889,0.0,0.891703,278.965
1200_dose_0.2_gradient_0_VconcST_0.04_Vconc_1.6_run_0.csv,1200.0,0.2,0,1.6,0.04,1.6,0,20.0,66.9921,0.483992,0.0260914,66.9921,0.0,0.893274,274.836
1200_dose_0.2_gradient_0_VconcST_0.04_Vconc_1.6_run_0.csv,1200.0,0.2,0,1.6,0.04,1.6,0,20.25,68.9721,0.4744,0.0268625,68.9721,0.0,0.896022,260.976
1200_dose_0.2_gradient_0_VconcST_0.04_Vconc_1.6_run_0.csv,1200.0,0.2,0,1.6,0.04,1.6,0,20.5,70.9004,0.464997,0.0276135,70.9004,0.0,0.898566,261.734
1200_dose_0.2_gradient_0_VconcST_0.04_Vconc_1.6_run_0.csv,1200.0,0.2,0,1.6,0.04,1.6,0,20.75,72.7779,0.455782,0.0283447,72.7779,0.0,0.900925,257.617
1200_dose_0.2_gradient_0_VconcST_0.04_Vconc_1.6_run_0.csv,1200.0,0.2,0,1.6,0.04,1.6,0,21.0,74.6058,0.446749,0.0290566,74.6058,0.0,0.903119,244.141
1200_dose_0.2_gradient_0_VconcST_0.04_Vconc_1.6_run_0.csv,1200.0,0.2,0,1.6,0.04,1.6,0,21.25,76.385,0.437895,0.0297496,76.385,0.0,0.905164,240.859
1200_dose_0.2_gradient_0_VconcST_0.04_Vconc_1.6_run_0.csv,1200.0,0.2,0,1.6,0.04,1.6,0,21.5,78.1167,0.429216,0.030424,78.1167,0.0,0.907072,234.664
1200_dose_0.2_gradient_0_VconcST_0.04_Vconc_1.6_run_0.csv,1200.0,0.2,0,1.6,0.04,1.6,0,21.75,79.8017,0.420709,0.0310803,79.8017,0.0,0.908857,234.089
1200_dose_0.2_gradient_0_VconcST_0.04_Vconc_1.6_run_0.csv,1200.0,0.2,0,1.6,0.04,1.6,0,22.0,81.441,0.412372,0.0317187,81.441,0.0,0.910529,230.886
1200_dose_0.2_gradient_0_VconcST_0.04_Vconc_1.6_run_0.csv,1200.0,0.2,0,1.6,0.04,1.6,0,22.25,83.0357,0.404199,0.0323398,83.0357,0.0,0.912097,228.122
1200_dose_0.2_gradient_0_VconcST_0.04_Vconc_1.6_run_0.csv,1200.0,0.2,0,1.6,0.04,1.6,0,22.5,84.5865,0.396188,0.0329438,84.5865,0.0,0.913571,222.712
1200_dose_0.2_gradient_0_VconcST_0.04_Vconc_1.6_run_0.csv,1200.0,0.2,0,1.6,0.04,1.6,0,22.75,86.0945,0.388336,0.0335312,86.0945,0.0,0.914957,219.812
1200_dose_0.2_gradient_0_VconcST_0.04_Vconc_1.6_run_0.csv,1200.0,0.2,0,1.6,0.04,1.6,0,23.0,87.5606,0.38064,0.0341021,87.5606,0.0,0.916262,214.859
1200_dose_0.2_gradient_0_VconcST_0.04_Vconc_1.6_run_0.csv,1200.0,0.2,0,1.6,0.04,1.6,0,23.25,88.9855,0.373096,0.0346571,88.9855,0.0,0.917494,210.412
1200_dose_0.2_gradient_0_VconcST_0.04_Vconc_1.6_run_0.csv,1200.0,0.2,0,1.6,0.04,1.6,0,23.5,90.3703,0.365701,0.0351964,90.3703,0.0,0.918656,212.484
1200_dose_0.2_gradient_0_VconcST_0.04_Vconc_1.6_run_0.csv,1200.0,0.2,0,1.6,0.04,1.6,0,23.75,91.7157,0.358454,0.0357204,91.7157,0.0,0.919754,207.066
1200_dose_0.2_gradient_0_VconcST_0.04_Vconc_1.6_run_0.csv,1200.0,0.2,0,1.6,0.04,1.6,0,24.0,93.0225,0.35135,0.0362294,93.0225,0.0,0.920793,201.826
1200_dose_0.2_gradient_0_VconcST_0.04_Vconc_1.6_run_0.csv,1200.0,0.2,0,1.6,0.04,1.6,0,24.25,94.2915,0.344386,0.0367236,94.2915,0.0,0.921776,200.615
1200_dose_0.2_gradient_0_VconcST_0.04_Vconc_1.6_run_0.csv,1200.0,0.2,0,1.6,0.04,1.6,0,24.5,95.5236,0.337561,0.0372035,95.5236,0.0,0.922708,198.127
1200_dose_0.2_gradient_0_VconcST_0.04_Vconc_1.6_run_0.csv,1200.0,0.2,0,1.6,0.04,1.6,0,24.75,96.7195,0.330871,0.0376693,96.7195,0.0,0.923591,199.485
1200_dose_0.2_gradient_0_VconcST_0.04_Vconc_1.6_run_0.csv,1200.0,0.2,0,1.6,0.04,1.6,0,25.0,97.8956,0.524313,0.0381273,97.8956,0.0,0.924429,196.982
1200_dose_0.2_gradient_0_VconcST_0.04_Vconc_1.6_run_0.csv,1200.0,0.2,0,1.6,0.04,1.6,0,25.25,99.9446,0.513922,0.0389253,99.9446,0.0,0.925865,193.347
1200_dose_0.2_gradient_0_VconcST_0.04_Vconc_1.6_run_0.csv,1200.0,0.2,0,1.6,0.04,1.6,0,25.5,101.938,0.503737,0.0397016,101.938,0.0,0.92721,186.684
1200_dose_0.2_gradient_0_VconcST_0.04_Vconc_1.6_run_0.csv,1200.0,0.2,0,1.6,0.04,1.6,0,25.75,103.876,0.493753,0.0404567,103.876,0.0,0.928472,183.388
1200_dose_0.2_gradient_0_VconcST_0.04_Vconc_1.6_run_0.csv,1200.0,0.2,0,1.6,0.04,1.6,0,26.0,105.762,0.483968,0.0411909,105.762,0.0,0.929658,183.969
1200_dose_0.2_gradient_0_VconcST_0.04_Vconc_1.6_run_0.csv,1200.0,0.2,0,1.6,0.04,1.6,0,26.25,107.595,0.474376,0.0419048,107.595,0.0,0.930775,181.32
1200_dose_0.2_gradient_0_VconcST_0.04_Vconc_1.6_run_0.csv,1200.0,0.2,0,1.6,0.04,1.6,0,26.5,109.376,0.464974,0.0425987,109.376,0.0,0.931826,178.059
1200_dose_0.2_gradient_0_VconcST_0.04_Vconc_1.6_run_0.csv,1200.0,0.2,0,1.6,0.04,1.6,0,26.75,111.108,0.455759,0.043273,111.108,0.0,0.932818,169.835
1200_dose_0.2_gradient_0_VconcST_0.04_Vconc_1.6_run_0.csv,1200.0,0.2,0,1.6,0.04,1.6,0,27.0,112.79,0.446726,0.0439283,112.79,0.0,0.933754,171.176
1200_dose_0.2_gradient_0_VconcST_0.04_Vconc_1.6_run_0.csv,1200.0,0.2,0,1.6,0.04,1.6,0,27.25,114.425,0.437873,0.0445648,114.425,0.0,0.934639,169.378
1200_dose_0.2_gradient_0_VconcST_0.04_Vconc_1.6_run_0.csv,1200.0,0.2,0,1.6,0.04,1.6,0,27.5,116.012,0.429195,0.045183,116.012,0.0,0.935476,167.421
1200_dose_0.2_gradient_0_VconcST_0.04_Vconc_1.6_run_0.csv,1200.0,0.2,0,1.6,0.04,1.6,0,27.75,117.553,0.420689,0.0457833,117.553,0.0,0.936269,165.662
1200_dose_0.2_gradient_0_VconcST_0.04_Vconc_1.6_run_0.csv,1200.0,0.2,0,1.6,0.04,1.6,0,28.0,119.049,0.412351,0.046366,119.049,0.0,0.93702,161.755
1200_dose_0.2_gradient_0_VconcST_0.04_Vconc_1.6_run_0.csv,1200.0,0.2,0,1.6,0.04,1.6,0,28.25,120.501,0.404179,0.0469314,120.501,0.0,0.937732,159.455
1200_dose_0.2_gradient_0_VconcST_0.04_Vconc_1.6_run_0.csv,1200.0,0.2,0,1.6,0.04,1.6,0,28.5,121.91,0.396168,0.0474801,121.91,0.0,0.938408,162.027
1200_dose_0.2_gradient_0_VconcST_0.04_Vconc_1.6_run_0.csv,1200.0,0.2,0,1.6,0.04,1.6,0,28.75,123.276,0.388317,0.0480123,123.276,0.0,0.939049,156.623
1200_dose_0.2_gradient_0_VconcST_0.04_Vconc_7.2_run_0.csv,1200.0,0.2,0,7.2,0.04,7.2,0,0.0,0.0,0.0,0.0,0.0,0.0,0.0,0.0
1200_dose_0.2_gradient_0_VconcST_0.04_Vconc_7.2_run_0.csv,1200.0,0.2,0,7.2,0.04,7.2,0,0.25,0.0,0.0,0.0,0.0,0.0,0.0,10000.0
1200_dose_0.2_gradient_0_VconcST_0.04_Vconc_7.2_run_0.csv,1200.0,0.2,0,7.2,0.04,7.2,0,0.5,0.0,0.0,0.0,0.0,0.0,0.0,855.475
1200_dose_0.2_gradient_0_VconcST_0.04_Vconc_7.2_run_0.csv,1200.0,0.2,0,7.2,0.04,7.2,0,0.75,0.0,0.0,0.0,0.0,0.0,0.0,10000.0
1200_dose_0.2_gradient_0_VconcST_0.04_Vconc_7.2_run_0.csv,1200.0,0.2,0,7.2,0.04,7.2,0,1.0,0.0,0.0,0.0,0.0,0.0,0.0,843.078
1200_dose_0.2_gradient_0_VconcST_0.04_Vconc_7.2_run_0.csv,1200.0,0.2,0,7.2,0.04,7.2,0,1.25,0.0,0.0,0.0,0.0,0.0,0.0,10000.0
1200_dose_0.2_gradient_0_VconcST_0.04_Vconc_7.2_run_0.csv,1200.0,0.2,0,7.2,0.04,7.2,0,1.5,0.0,0.0,0.0,0.0,0.0,0.0,836.332
1200_dose_0.2_gradient_0_VconcST_0.04_Vconc_7.2_run_0.csv,1200.0,0.2,0,7.2,0.04,7.2,0,1.75,0.0,0.0,0.0,0.0,0.0,0.0,10000.0
1200_dose_0.2_gradient_0_VconcST_0.04_Vconc_7.2_run_0.csv,1200.0,0.2,0,7.2,0.04,7.2,0,2.0,0.0,0.0,0.0,0.0,0.0,0.0,842.235
1200_dose_0.2_gradient_0_VconcST_0.04_Vconc_7.2_run_0.csv,1200.0,0.2,0,7.2,0.04,7.2,0,2.25,0.0,0.0,0.0,0.0,0.0,0.0,10000.0
1200_dose_0.2_gradient_0_VconcST_0.04_Vconc_7.2_run_0.csv,1200.0,0.2,0,7.2,0.04,7.2,0,2.5,0.0,0.0,0.0,0.0,0.0,0.0,848.853
1200_dose_0.2_gradient_0_VconcST_0.04_Vconc_7.2_run_0.csv,1200.0,0.2,0,7.2,0.04,7.2,0,2.75,0.0,0.0,0.0,0.0,0.0,0.0,10000.0
1200_dose_0.2_gradient_0_VconcST_0.04_Vconc_7.2_run_0.csv,1200.0,0.2,0,7.2,0.04,7.2,0,3.0,0.0,0.0,0.0,0.0,0.0,0.0,835.655
1200_dose_0.2_gradient_0_VconcST_0.04_Vconc_7.2_run_0.csv,1200.0,0.2,0,7.2,0.04,7.2,0,3.25,0.0,0.0,0.0,0.0,0.0,0.0,10000.0
1200_dose_0.2_gradient_0_VconcST_0.04_Vconc_7.2_run_0.csv,1200.0,0.2,0,7.2,0.04,7.2,0,3.5,0.0,0.0,0.0,0.0,0.0,0.0,847.807
1200_dose_0.2_gradient_0_VconcST_0.04_Vconc_7.2_run_0.csv,1200.0,0.2,0,7.2,0.04,7.2,0,3.75,0.0,0.0,0.0,0.0,0.0,0.0,10000.0
1200_dose_0.2_gradient_0_VconcST_0.04_Vconc_7.2_run_0.csv,1200.0,0.2,0,7.2,0.04,7.2,0,4.0,0.0,0.0,0.0,0.0,0.0,0.0,849.437
1200_dose_0.2_gradient_0_VconcST_0.04_Vconc_7.2_run_0.csv,1200.0,0.2,0,7.2,0.04,7.2,0,4.25,0.0,0.0,0.0,0.0,0.0,0.0,10000.0
1200_dose_0.2_gradient_0_VconcST_0.04_Vconc_7.2_run_0.csv,1200.0,0.2,0,7.2,0.04,7.2,0,4.5,0.0,0.0,0.0,0.0,0.0,0.0,842.439
1200_dose_0.2_gradient_0_VconcST_0.04_Vconc_7.2_run_0.csv,1200.0,0.2,0,7.2,0.04,7.2,0,4.75,0.0,0.0,0.0,0.0,0.0,0.0,10000.0
1200_dose_0.2_gradient_0_VconcST_0.04_Vconc_7.2_run_0.csv,1200.0,0.2,0,7.2,0.04,7.2,0,5.0,0.0155725,0.2,6.06501e-06,0.0155725,0.0,0.0,838.264
1200_dose_0.2_gradient_0_VconcST_0.04_Vconc_7.2_run_0.csv,1200.0,0.2,0,7.2,0.04,7.2,0,5.25,0.938689,0.196036,0.00036559,0.938689,0.0,0.103489,10000.0
1200_dose_0.2_gradient_0_VconcST_0.04_Vconc_7.2_run_0.csv,1200.0,0.2,0,7.2,0.04,7.2,0,5.5,1.84001,0.192151,0.000716626,1.84001,0.0,0.185764,708.633
1200_dose_0.2_gradient_0_VconcST_0.04_Vconc_7.2_run_0.csv,1200.0,0.2,0,7.2,0.04,7.2,0,5.75,2.71998,0.188343,0.00105935,2.71998,0.0,0.252719,10000.0
1200_dose_0.2_gradient_0_VconcST_0.04_Vconc_7.2_run_0.csv,1200.0,0.2,0,7.2,0.04,7.2,0,6.0,3.57903,0.18461,0.00139392,3.57903,0.0,0.308251,615.772
1200_dose_0.2_gradient_0_VconcST_0.04_Vconc_7.2_run_0.csv,1200.0,0.2,0,7.2,0.04,7.2,0,6.25,4.4176,0.180951,0.00172052,4.4176,0.0,0.355036,10000.0
1200_dose_0.2_gradient_0_VconcST_0.04_Vconc_7.2_run_0.csv,1200.0,0.2,0,7.2,0.04,7.2,0,6.5,5.23609,0.177365,0.0020393,5.23609,0.0,0.394976,524.216
1200_dose_0.2_gradient_0_VconcST_0.04_Vconc_7.2_run_0.csv,1200.0,0.2,0,7.2,0.04,7.2,0,6.75,6.03493,0.17385,0.00235042,6.03493,0.0,0.429459,10000.0
1200_dose_0.2_gradient_0_VconcST_0.04_Vconc_7.2_run_0.csv,1200.0,0.2,0,7.2,0.04,7.2,0,7.0,6.81452,0.170404,0.00265405,6.81452,0.0,0.459521,438.329
1200_dose_0.2_gradient_0_VconcST_0.04_Vconc_7.2_run_0.csv,1200.0,0.2,0,7.2,0.04,7.2,0,7.25,7.57525,0.167027,0.00295032,7.57525,0.0,0.485951,10000.0
1200_dose_0.2_gradient_0_VconcST_0.04_Vconc_7.2_run_0.csv,1200.0,0.2,0,7.2,0.04,7.2,0,7.5,8.3175,0.163717,0.00323941,8.3175,0.0,0.509361,374.841
1200_dose_0.2_gradient_0_VconcST_0.04_Vconc_7.2_run_0.csv,1200.0,0.2,0,7.2,0.04,7.2,0,7.75,9.04166,0.160472,0.00352145,9.04166,0.0,0.530234,9160.04
1200_dose_0.2_gradient_0_VconcST_0.04_Vconc_7.2_run_0.csv,1200.0,0.2,0,7.2,0.04,7.2,0,8.0,9.7481,0.157292,0.00379658,9.7481,0.0,0.548952,305.905
1200_dose_0.2_gradient_0_VconcST_0.04_Vconc_7.2_run_0.csv,1200.0,0.2,0,7.2,0.04,7.2,0,8.25,10.4372,0.154174,0.00406496,10.4372,0.0,0.565827,8378.16
1200_dose_0.2_gradient_0_VconcST_0.04_Vconc_7.2_run_0.csv,1200.0,0.2,0,7.2,0.04,7.2,0,8.5,11.1092,0.151119,0.00432671,11.1092,0.0,0.581112,270.753
1200_dose_0.2_gradient_0_VconcST_0.04_Vconc_7.2_run_0.csv,1200.0,0.2,0,7.2,0.04,7.2,0,8.75,11.7647,0.148124,0.00458197,11.7647,0.0,0.595016,7397.41
1200_dose_0.2_gradient_0_VconcST_0.04_Vconc_7.2_run_0.csv,1200.0,0.2,0,7.2,0.04,7.2,0,9.0,12.4038,0.145188,0.00483089,12.4038,0.0,0.607714,240.451
1200_dose_0.2_gradient_0_VconcST_0.04_Vconc_7.2_run_0.csv,1200.0,0.2,0,7.2,0.04,7.2,0,9.25,13.0269,0.142311,0.00507358,13.0269,0.00148438,0.61935,6680.78
1200_dose_0.2_gradient_0_VconcST_0.04_Vconc_7.2_run_0.csv,1200.0,0.2,0,7.2,0.04,7.2,0,9.5,13.6344,0.13949,0.00531018,13.6344,0.0,0.630048,215.138
1200_dose_0.2_gradient_0_VconcST_0.04_Vconc_7.2_run_0.csv,1200.0,0.2,0,7.2,0.04,7.2,0,9.75,14.2266,0.136726,0.00554082,14.2266,0.00164063,0.639913,6307.17
1200_dose_0.2_gradient_0_VconcST_0.04_Vconc_7.2_run_0.csv,1200.0,0.2,0,7.2,0.04,7.2,0,10.0,14.8193,0.334016,0.00577167,14.8193,0.0,0.649034,188.464
1200_dose_0.2_gradient_0_VconcST_0.04_Vconc_7.2_run_0.csv,1200.0,0.2,0,7.2,0.04,7.2,0,10.25,16.3049,0.327396,0.00635026,16.3049,0.000164931,0.670517,5847.69
1200_dose_0.2_gradient_0_VconcST_0.04_Vconc_7.2_run_0.csv,1200.0,0.2,0,7.2,0.04,7.2,0,10.5,17.7543,0.320908,0.00691475,17.7543,0.0,0.689084,170.809
1200_dose_0.2_gradient_0_VconcST_0.04_Vconc_7.2_run_0.csv,1200.0,0.2,0,7.2,0.04,7.2,0,10.75,19.1682,0.314548,0.00746544,19.1682,0.0,0.705286,4952.86
1200_dose_0.2_gradient_0_VconcST_0.04_Vconc_7.2_run_0.csv,1200.0,0.2,0,7.2,0.04,7.2,0,11.0,20.5475,0.308314,0.00800261,20.5475,0.0,0.719542,148.273
1200_dose_0.2_gradient_0_VconcST_0.04_Vconc_7.2_run_0.csv,1200.0,0.2,0,7.2,0.04,7.2,0,11.25,21.8927,0.302203,0.00852653,21.8927,0.0,0.732178,4641.8
1200_dose_0.2_gradient_0_VconcST_0.04_Vconc_7.2_run_0.csv,1200.0,0.2,0,7.2,0.04,7.2,0,11.5,23.2046,0.296214,0.00903748,23.2046,0.0,0.74345,124.614
1200_dose_0.2_gradient_0_VconcST_0.04_Vconc_7.2_run_0.csv,1200.0,0.2,0,7.2,0.04,7.2,0,11.75,24.4839,0.290343,0.00953573,24.4839,0.0,0.753565,4049.55
1200_dose_0.2_gradient_0_VconcST_0.04_Vconc_7.2_run_0.csv,1200.0,0.2,0,7.2,0.04,7.2,0,12.0,25.7313,0.284589,0.0100215,25.7313,0.0,0.762687,114.403
1200_dose_0.2_gradient_0_VconcST_0.04_Vconc_7.2_run_0.csv,1200.0,0.2,0,7.2,0.04,7.2,0,12.25,26.9473,0.278949,0.0104951,26.9473,0.0,0.770953,3748.22
1200_dose_0.2_gradient_0_VconcST_0.04_Vconc_7.2_run_0.csv,1200.0,0.2,0,7.2,0.04,7.2,0,12.5,28.1327,0.27342,0.0109568,28.1327,0.0,0.778475,101.693
1200_dose_0.2_gradient_0_VconcST_0.04_Vconc_7.2_run_0.csv,1200.0,0.2,0,7.2,0.04,7.2,0,12.75,29.2881,0.268001,0.0114068,29.2881,0.0,0.785345,3478.41
1200_dose_0.2_gradient_0_VconcST_0.04_Vconc_7.2_run_0.csv,1200.0,0.2,0,7.2,0.04,7.2,0,13.0,30.4142,0.26269,0.0118454,30.4142,0.0,0.791643,92.5415
1200_dose_0.2_gradient_0_VconcST_0.04_Vconc_7.2_run_0.csv,1200.0,0.2,0,7.2,0.04,7.2,0,13.25,31.5114,0.257483,0.0122727,31.5114,0.0,0.797434,3184.82
1200_dose_0.2_gradient_0_VconcST_0.04_Vconc_7.2_run_0.csv,1200.0,0.2,0,7.2,0.04,7.2,0,13.5,32.5804,0.25238,0.0126891,32.5804,0.0,0.802775,82.629
1200_dose_0.2_gradient_0_VconcST_0.04_Vconc_7.2_run_0.csv,1200.0,0.2,0,7.2,0.04,7.2,0,13.75,33.6218,0.247379,0.0130947,33.6218,0.0,0.807714,2977.08
1200_dose_0.2_gradient_0_VconcST_0.04_Vconc_7.2_run_0.csv,1200.0,0.2,0,7.2,0.04,7.2,0,14.0,34.6362,0.242476,0.0134897,34.6362,0.0,0.812292,79.4678
1200_dose_0.2_gradient_0_VconcST_0.04_Vconc_7.2_run_0.csv,1200.0,0.2,0,7.2,0.04,7.2,0,14.25,35.6241,0.23767,0.0138745,35.6241,0.0,0.816547,2876.67
1200_dose_0.2_gradient_0_VconcST_0.04_Vconc_7.2_run_0.csv,1200.0,0.2,0,7.2,0.04,7.2,0,14.5,36.5861,0.23296,0.0142491,36.5861,0.0,0.820508,76.4591
1200_dose_0.2_gradient_0_VconcST_0.04_Vconc_7.2_run_0.csv,1200.0,0.2,0,7.2,0.04,7.2,0,14.75,37.5226,0.228343,0.0146139,37.5226,0.0,0.824204,2709.63
1200_dose_0.2_gradient_0_VconcST_0.04_Vconc_7.2_run_0.csv,1200.0,0.2,0,7.2,0.04,7.2,0,15.0,38.4499,0.423817,0.0149751,38.4499,0.0,0.827658,70.8786
1200_dose_0.2_gradient_0_VconcST_0.04_Vconc_7.2_run_0.csv,1200.0,0.2,0,7.2,0.04,7.2,0,15.25,40.2604,0.415418,0.0156802,40.2604,0.0,0.83413,2477.04
1200_dose_0.2_gradient_0_VconcST_0.04_Vconc_7.2_run_0.csv,1200.0,0.2,0,7.2,0.04,7.2,0,15.5,42.0253,0.407185,0.0163675,42.0253,0.0,0.839988,64.2372
1200_dose_0.2_gradient_0_VconcST_0.04_Vconc_7.2_run_0.csv,1200.0,0.2,0,7.2,0.04,7.2,0,15.75,43.7454,0.399115,0.0170375,43.7454,0.0,0.845312,2236.25
1200_dose_0.2_gradient_0_VconcST_0.04_Vconc_7.2_run_0.csv,1200.0,0.2,0,7.2,0.04,7.2,0,16.0,45.4218,0.391205,0.0176904,45.4218,0.0,0.850171,60.6844
1200_dose_0.2_gradient_0_VconcST_0.04_Vconc_7.2_run_0.csv,1200.0,0.2,0,7.2,0.04,7.2,0,16.25,47.0553,0.383452,0.0183266,47.0553,0.0,0.854621,2082.25
1200_dose_0.2_gradient_0_VconcST_0.04_Vconc_7.2_run_0.csv,1200.0,0.2,0,7.2,0.04,7.2,0,16.5,48.6469,0.375852,0.0189465,48.6469,0.0,0.858709,159.712
1200_dose_0.2_gradient_0_VconcST_0.04_Vconc_7.2_run_0.csv,1200.0,0.2,0,7.2,0.04,7.2,0,16.75,50.1973,0.368403,0.0195503,50.1973,0.0,0.862476,1472.79
1200_dose_0.2_gradient_0_VconcST_0.04_Vconc_7.2_run_0.csv,1200.0,0.2,0,7.2,0.04,7.2,0,17.0,51.7075,0.361102,0.0201385,51.7075,0.0,0.865958,1057.24
1200_dose_0.2_gradient_0_VconcST_0.04_Vconc_7.2_run_0.csv,1200.0,0.2,0,7.2,0.04,7.2,0,17.25,53.1782,0.353945,0.0207113,53.1782,0.0,0.869183,664.729
1200_dose_0.2_gradient_0_VconcST_0.04_Vconc_7.2_run_0.csv,1200.0,0.2,0,7.2,0.04,7.2,0,17.5,54.6103,0.34693,0.021269,54.6103,0.0,0.872177,1615.5
1200_dose_0.2_gradient_0_VconcST_0.04_Vconc_7.2_run_0.csv,1200.0,0.2,0,7.2,0.04,7.2,0,17.75,56.0046,0.340054,0.0218121,56.0046,0.0,0.874964,432.208
1200_dose_0.2_gradient_0_VconcST_0.04_Vconc_7.2_run_0.csv,1200.0,0.2,0,7.2,0.04,7.2,0,18.0,57.3619,0.333315,0.0223407,57.3619,0.0,0.877563,1653.58
1200_dose_0.2_gradient_0_VconcST_0.04_Vconc_7.2_run_0.csv,1200.0,0.2,0,7.2,0.04,7.2,0,18.25,58.683,0.326709,0.0228552,58.683,0.0,0.87999,662.408
1200_dose_0.2_gradient_0_VconcST_0.04_Vconc_7.2_run_0.csv,1200.0,0.2,0,7.2,0.04,7.2,0,18.5,59.9685,0.320234,0.0233559,59.9685,0.0,0.882262,1361.45
1200_dose_0.2_gradient_0_VconcST_0.04_Vconc_7.2_run_0.csv,1200.0,0.2,0,7.2,0.04,7.2,0,18.75,61.2193,0.313887,0.023843,61.2193,0.0,0.884391,1213.85
1200_dose_0.2_gradient_0_VconcST_0.04_Vconc_7.2_run_0.csv,1200.0,0.2,0,7.2,0.04,7.2,0,19.0,62.436,0.307667,0.0243169,62.436,0.0171115,0.886389,1604.63
1200_dose_0.2_gradient_0_VconcST_0.04_Vconc_7.2_run_0.csv,1200.0,0.2,0,7.2,0.04,7.2,0,19.25,63.6194,0.301569,0.0247778,63.6194,0.0682834,0.888268,1796.28
1200_dose_0.2_gradient_0_VconcST_0.04_Vconc_7.2_run_0.csv,1200.0,0.2,0,7.2,0.04,7.2,0,19.5,64.7702,0.295592,0.025226,64.7702,0.150705,0.890036,1998.03
1200_dose_0.2_gradient_0_VconcST_0.04_Vconc_7.2_run_0.csv,1200.0,0.2,0,7.2,0.04,7.2,0,19.75,65.889,0.289734,0.0256617,65.889,0.264377,0.891703,1940.36
1200_dose_0.2_gradient_0_VconcST_0.04_Vconc_7.2_run_0.csv,1200.0,0.2,0,7.2,0.04,7.2,0,20.0,66.9921,0.483992,0.0260914,66.9921,0.409299,0.893274,1926.22
1200_dose_0.2_gradient_0_VconcST_0.04_Vconc_7.2_run_0.csv,1200.0,0.2,0,7.2,0.04,7.2,0,20.25,68.9721,0.4744,0.0268625,68.9721,0.585471,0.896022,1837.63
1200_dose_0.2_gradient_0_VconcST_0.04_Vconc_7.2_run_0.csv,1200.0,0.2,0,7.2,0.04,7.2,0,20.5,70.9004,0.464997,0.0276135,70.9004,0.792893,0.898566,1886.32
1200_dose_0.2_gradient_0_VconcST_0.04_Vconc_7.2_run_0.csv,1200.0,0.2,0,7.2,0.04,7.2,0,20.75,72.7779,0.455782,0.0283447,72.7779,0.961458,0.900925,1582.47
1200_dose_0.2_gradient_0_VconcST_0.04_Vconc_7.2_run_0.csv,1200.0,0.2,0,7.2,0.04,7.2,0,21.0,74.6058,0.446749,0.0290566,74.6058,0.9875,0.903119,1523.17
1200_dose_0.2_gradient_0_VconcST_0.04_Vconc_7.2_run_0.csv,1200.0,0.2,0,7.2,0.04,7.2,0,21.25,76.385,0.437895,0.0297496,76.385,0.970833,0.905164,1534.85
1200_dose_0.2_gradient_0_VconcST_0.04_Vconc_7.2_run_0.csv,1200.0,0.2,0,7.2,0.04,7.2,0,21.5,78.1167,0.429216,0.030424,78.1167,0.919792,0.907072,1429.54
1200_dose_0.2_gradient_0_VconcST_0.04_Vconc_7.2_run_0.csv,1200.0,0.2,0,7.2,0.04,7.2,0,21.75,79.8017,0.420709,0.0310803,79.8017,0.857292,0.908857,1339.13
1200_dose_0.2_gradient_0_VconcST_0.04_Vconc_7.2_run_0.csv,1200.0,0.2,0,7.2,0.04,7.2,0,22.0,81.441,0.412372,0.0317187,81.441,0.794792,0.910529,1277.79
1200_dose_0.2_gradient_0_VconcST_0.04_Vconc_7.2_run_0.csv,1200.0,0.2,0,7.2,0.04,7.2,0,22.25,83.0357,0.404199,0.0323398,83.0357,0.732292,0.912097,1208.42
1200_dose_0.2_gradient_0_VconcST_0.04_Vconc_7.2_run_0.csv,1200.0,0.2,0,7.2,0.04,7.2,0,22.5,84.5865,0.396188,0.0329438,84.5865,0.669792,0.913571,1134.01
1200_dose_0.2_gradient_0_VconcST_0.04_Vconc_7.2_run_0.csv,1200.0,0.2,0,7.2,0.04,7.2,0,22.75,86.0945,0.388336,0.0335312,86.0945,0.607292,0.914957,997.78
1200_dose_0.2_gradient_0_VconcST_0.04_Vconc_7.2_run_0.csv,1200.0,0.2,0,7.2,0.04,7.2,0,23.0,87.5606,0.38064,0.0341021,87.5606,0.0,0.916262,935.643
1200_dose_0.2_gradient_0_VconcST_0.04_Vconc_7.2_run_0.csv,1200.0,0.2,0,7.2,0.04,7.2,0,23.25,88.9855,0.373096,0.0346571,88.9855,0.0,0.917494,843.403
1200_dose_0.2_gradient_0_VconcST_0.04_Vconc_7.2_run_0.csv,1200.0,0.2,0,7.2,0.04,7.2,0,23.5,90.3703,0.365701,0.0351964,90.3703,0.0,0.918656,797.378
1200_dose_0.2_gradient_0_VconcST_0.04_Vconc_7.2_run_0.csv,1200.0,0.2,0,7.2,0.04,7.2,0,23.75,91.7157,0.358454,0.0357204,91.7157,0.0,0.919754,766.72
1200_dose_0.2_gradient_0_VconcST_0.04_Vconc_7.2_run_0.csv,1200.0,0.2,0,7.2,0.04,7.2,0,24.0,93.0225,0.35135,0.0362294,93.0225,0.0,0.920793,763.397
1200_dose_0.2_gradient_0_VconcST_0.04_Vconc_7.2_run_0.csv,1200.0,0.2,0,7.2,0.04,7.2,0,24.25,94.2915,0.344386,0.0367236,94.2915,0.0,0.921776,751.861
1200_dose_0.2_gradient_0_VconcST_0.04_Vconc_7.2_run_0.csv,1200.0,0.2,0,7.2,0.04,7.2,0,24.5,95.5236,0.337561,0.0372035,95.5236,0.0,0.922708,790.012
1200_dose_0.2_gradient_0_VconcST_0.04_Vconc_7.2_run_0.csv,1200.0,0.2,0,7.2,0.04,7.2,0,24.75,96.7195,0.330871,0.0376693,96.7195,0.0,0.923591,733.067
1200_dose_0.2_gradient_0_VconcST_0.04_Vconc_7.2_run_0.csv,1200.0,0.2,0,7.2,0.04,7.2,0,25.0,97.8956,0.524313,0.0381273,97.8956,0.0,0.924429,770.505
1200_dose_0.2_gradient_0_VconcST_0.04_Vconc_7.2_run_0.csv,1200.0,0.2,0,7.2,0.04,7.2,0,25.25,99.9446,0.513922,0.0389253,99.9446,0.0,0.925865,700.393
1200_dose_0.2_gradient_0_VconcST_0.04_Vconc_7.2_run_0.csv,1200.0,0.2,0,7.2,0.04,7.2,0,25.5,101.938,0.503737,0.0397016,101.938,0.0,0.92721,716.86
1200_dose_0.2_gradient_0_VconcST_0.04_Vconc_7.2_run_0.csv,1200.0,0.2,0,7.2,0.04,7.2,0,25.75,103.876,0.493753,0.0404567,103.876,0.0,0.928472,698.261
1200_dose_0.2_gradient_0_VconcST_0.04_Vconc_7.2_run_0.csv,1200.0,0.2,0,7.2,0.04,7.2,0,26.0,105.762,0.483968,0.0411909,105.762,0.0,0.929658,700.555
1200_dose_0.2_gradient_0_VconcST_0.04_Vconc_7.2_run_0.csv,1200.0,0.2,0,7.2,0.04,7.2,0,26.25,107.595,0.474376,0.0419048,107.595,0.0,0.930775,701.295
1200_dose_0.2_gradient_0_VconcST_0.04_Vconc_7.2_run_0.csv,1200.0,0.2,0,7.2,0.04,7.2,0,26.5,109.376,0.464974,0.0425987,109.376,0.0,0.931826,682.772
1200_dose_0.2_gradient_0_VconcST_0.04_Vconc_7.2_run_0.csv,1200.0,0.2,0,7.2,0.04,7.2,0,26.75,111.108,0.455759,0.043273,111.108,0.0,0.932818,687.661
1200_dose_0.2_gradient_0_VconcST_0.04_Vconc_7.2_run_0.csv,1200.0,0.2,0,7.2,0.04,7.2,0,27.0,112.79,0.446726,0.0439283,112.79,0.0,0.933754,665.681
1200_dose_0.2_gradient_0_VconcST_0.04_Vconc_7.2_run_0.csv,1200.0,0.2,0,7.2,0.04,7.2,0,27.25,114.425,0.437873,0.0445648,114.425,0.0,0.934639,663.251
1200_dose_0.2_gradient_0_VconcST_0.04_Vconc_7.2_run_0.csv,1200.0,0.2,0,7.2,0.04,7.2,0,27.5,116.012,0.429195,0.045183,116.012,0.0,0.935476,661.831
1200_dose_0.2_gradient_0_VconcST_0.04_Vconc_7.2_run_0.csv,1200.0,0.2,0,7.2,0.04,7.2,0,27.75,117.553,0.420689,0.0457833,117.553,0.0,0.936269,663.647
1200_dose_0.2_gradient_0_VconcST_0.04_Vconc_7.2_run_0.csv,1200.0,0.2,0,7.2,0.04,7.2,0,28.0,119.049,0.412351,0.046366,119.049,0.0,0.93702,619.996
1200_dose_0.2_gradient_0_VconcST_0.04_Vconc_7.2_run_0.csv,1200.0,0.2,0,7.2,0.04,7.2,0,28.25,120.501,0.404179,0.0469314,120.501,0.0,0.937732,647.19
1200_dose_0.2_gradient_0_VconcST_0.04_Vconc_7.2_run_0.csv,1200.0,0.2,0,7.2,0.04,7.2,0,28.5,121.91,0.396168,0.0474801,121.91,0.0,0.938408,637.073
1200_dose_0.2_gradient_0_VconcST_0.04_Vconc_7.2_run_0.csv,1200.0,0.2,0,7.2,0.04,7.2,0,28.75,123.276,0.388317,0.0480123,123.276,0.0,0.939049,613.216
1200_dose_0.2_gradient_0_VconcST_0.04_Vconc_4.8_run_0.csv,1200.0,0.2,0,4.8,0.04,4.8,0,0.0,0.0,0.0,0.0,0.0,0.0,0.0,0.0
1200_dose_0.2_gradient_0_VconcST_0.04_Vconc_4.8_run_0.csv,1200.0,0.2,0,4.8,0.04,4.8,0,0.25,0.0,0.0,0.0,0.0,0.0,0.0,10000.0
1200_dose_0.2_gradient_0_VconcST_0.04_Vconc_4.8_run_0.csv,1200.0,0.2,0,4.8,0.04,4.8,0,0.5,0.0,0.0,0.0,0.0,0.0,0.0,562.35
1200_dose_0.2_gradient_0_VconcST_0.04_Vconc_4.8_run_0.csv,1200.0,0.2,0,4.8,0.04,4.8,0,0.75,0.0,0.0,0.0,0.0,0.0,0.0,10000.0
1200_dose_0.2_gradient_0_VconcST_0.04_Vconc_4.8_run_0.csv,1200.0,0.2,0,4.8,0.04,4.8,0,1.0,0.0,0.0,0.0,0.0,0.0,0.0,582.895
1200_dose_0.2_gradient_0_VconcST_0.04_Vconc_4.8_run_0.csv,1200.0,0.2,0,4.8,0.04,4.8,0,1.25,0.0,0.0,0.0,0.0,0.0,0.0,10000.0
1200_dose_0.2_gradient_0_VconcST_0.04_Vconc_4.8_run_0.csv,1200.0,0.2,0,4.8,0.04,4.8,0,1.5,0.0,0.0,0.0,0.0,0.0,0.0,561.504
1200_dose_0.2_gradient_0_VconcST_0.04_Vconc_4.8_run_0.csv,1200.0,0.2,0,4.8,0.04,4.8,0,1.75,0.0,0.0,0.0,0.0,0.0,0.0,10000.0
1200_dose_0.2_gradient_0_VconcST_0.04_Vconc_4.8_run_0.csv,1200.0,0.2,0,4.8,0.04,4.8,0,2.0,0.0,0.0,0.0,0.0,0.0,0.0,570.519
1200_dose_0.2_gradient_0_VconcST_0.04_Vconc_4.8_run_0.csv,1200.0,0.2,0,4.8,0.04,4.8,0,2.25,0.0,0.0,0.0,0.0,0.0,0.0,10000.0
1200_dose_0.2_gradient_0_VconcST_0.04_Vconc_4.8_run_0.csv,1200.0,0.2,0,4.8,0.04,4.8,0,2.5,0.0,0.0,0.0,0.0,0.0,0.0,570.693
1200_dose_0.2_gradient_0_VconcST_0.04_Vconc_4.8_run_0.csv,1200.0,0.2,0,4.8,0.04,4.8,0,2.75,0.0,0.0,0.0,0.0,0.0,0.0,10000.0
1200_dose_0.2_gradient_0_VconcST_0.04_Vconc_4.8_run_0.csv,1200.0,0.2,0,4.8,0.04,4.8,0,3.0,0.0,0.0,0.0,0.0,0.0,0.0,569.836
1200_dose_0.2_gradient_0_VconcST_0.04_Vconc_4.8_run_0.csv,1200.0,0.2,0,4.8,0.04,4.8,0,3.25,0.0,0.0,0.0,0.0,0.0,0.0,10000.0
1200_dose_0.2_gradient_0_VconcST_0.04_Vconc_4.8_run_0.csv,1200.0,0.2,0,4.8,0.04,4.8,0,3.5,0.0,0.0,0.0,0.0,0.0,0.0,552.872
1200_dose_0.2_gradient_0_VconcST_0.04_Vconc_4.8_run_0.csv,1200.0,0.2,0,4.8,0.04,4.8,0,3.75,0.0,0.0,0.0,0.0,0.0,0.0,10000.0
1200_dose_0.2_gradient_0_VconcST_0.04_Vconc_4.8_run_0.csv,1200.0,0.2,0,4.8,0.04,4.8,0,4.0,0.0,0.0,0.0,0.0,0.0,0.0,557.391
1200_dose_0.2_gradient_0_VconcST_0.04_Vconc_4.8_run_0.csv,1200.0,0.2,0,4.8,0.04,4.8,0,4.25,0.0,0.0,0.0,0.0,0.0,0.0,10000.0
1200_dose_0.2_gradient_0_VconcST_0.04_Vconc_4.8_run_0.csv,1200.0,0.2,0,4.8,0.04,4.8,0,4.5,0.0,0.0,0.0,0.0,0.0,0.0,571.215
1200_dose_0.2_gradient_0_VconcST_0.04_Vconc_4.8_run_0.csv,1200.0,0.2,0,4.8,0.04,4.8,0,4.75,0.0,0.0,0.0,0.0,0.0,0.0,10000.0
1200_dose_0.2_gradient_0_VconcST_0.04_Vconc_4.8_run_0.csv,1200.0,0.2,0,4.8,0.04,4.8,0,5.0,0.0155725,0.2,6.06501e-06,0.0155725,0.0,0.0,582.565
1200_dose_0.2_gradient_0_VconcST_0.04_Vconc_4.8_run_0.csv,1200.0,0.2,0,4.8,0.04,4.8,0,5.25,0.938689,0.196036,0.00036559,0.938689,0.0,0.103489,10000.0
1200_dose_0.2_gradient_0_VconcST_0.04_Vconc_4.8_run_0.csv,1200.0,0.2,0,4.8,0.04,4.8,0,5.5,1.84001,0.192151,0.000716626,1.84001,0.0,0.185764,436.659
1200_dose_0.2_gradient_0_VconcST_0.04_Vconc_4.8_run_0.csv,1200.0,0.2,0,4.8,0.04,4.8,0,5.75,2.71998,0.188343,0.00105935,2.71998,0.0,0.252719,9695.27
1200_dose_0.2_gradient_0_VconcST_0.04_Vconc_4.8_run_0.csv,1200.0,0.2,0,4.8,0.04,4.8,0,6.0,3.57903,0.18461,0.00139392,3.57903,0.0,0.308251,327.672
1200_dose_0.2_gradient_0_VconcST_0.04_Vconc_4.8_run_0.csv,1200.0,0.2,0,4.8,0.04,4.8,0,6.25,4.4176,0.180951,0.00172052,4.4176,0.0,0.355036,8507.82
1200_dose_0.2_gradient_0_VconcST_0.04_Vconc_4.8_run_0.csv,1200.0,0.2,0,4.8,0.04,4.8,0,6.5,5.23609,0.177365,0.0020393,5.23609,0.0,0.394976,272.644
1200_dose_0.2_gradient_0_VconcST_0.04_Vconc_4.8_run_0.csv,1200.0,0.2,0,4.8,0.04,4.8,0,6.75,6.03493,0.17385,0.00235042,6.03493,0.0,0.429459,6984.21
1200_dose_0.2_gradient_0_VconcST_0.04_Vconc_4.8_run_0.csv,1200.0,0.2,0,4.8,0.04,4.8,0,7.0,6.81452,0.170404,0.00265405,6.81452,0.0,0.459521,229.356
1200_dose_0.2_gradient_0_VconcST_0.04_Vconc_4.8_run_0.csv,1200.0,0.2,0,4.8,0.04,4.8,0,7.25,7.57525,0.167027,0.00295032,7.57525,0.0,0.485951,6294.36
1200_dose_0.2_gradient_0_VconcST_0.04_Vconc_4.8_run_0.csv,1200.0,0.2,0,4.8,0.04,4.8,0,7.5,8.3175,0.163717,0.00323941,8.3175,0.0,0.509361,174.378
1200_dose_0.2_gradient_0_VconcST_0.04_Vconc_4.8_run_0.csv,1200.0,0.2,0,4.8,0.04,4.8,0,7.75,9.04166,0.160472,0.00352145,9.04166,0.0,0.530234,5549.15
1200_dose_0.2_gradient_0_VconcST_0.04_Vconc_4.8_run_0.csv,1200.0,0.2,0,4.8,0.04,4.8,0,8.0,9.7481,0.157292,0.00379658,9.7481,0.0,0.548952,153.617
1200_dose_0.2_gradient_0_VconcST_0.04_Vconc_4.8_run_0.csv,1200.0,0.2,0,4.8,0.04,4.8,0,8.25,10.4372,0.154174,0.00406496,10.4372,0.00111328,0.565827,4894.18
1200_dose_0.2_gradient_0_VconcST_0.04_Vconc_4.8_run_0.csv,1200.0,0.2,0,4.8,0.04,4.8,0,8.5,11.1092,0.151119,0.00432671,11.1092,0.0,0.581112,146.617
1200_dose_0.2_gradient_0_VconcST_0.04_Vconc_4.8_run_0.csv,1200.0,0.2,0,4.8,0.04,4.8,0,8.75,11.7647,0.148124,0.00458197,11.7647,0.0,0.595016,4489.57
1200_dose_0.2_gradient_0_VconcST_0.04_Vconc_4.8_run_0.csv,1200.0,0.2,0,4.8,0.04,4.8,0,9.0,12.4038,0.145188,0.00483089,12.4038,0.0,0.607714,132.539
1200_dose_0.2_gradient_0_VconcST_0.04_Vconc_4.8_run_0.csv,1200.0,0.2,0,4.8,0.04,4.8,0,9.25,13.0269,0.142311,0.00507358,13.0269,0.0,0.61935,4334.84
1200_dose_0.2_gradient_0_VconcST_0.04_Vconc_4.8_run_0.csv,1200.0,0.2,0,4.8,0.04,4.8,0,9.5,13.6344,0.13949,0.00531018,13.6344,0.0,0.630048,120.211
1200_dose_0.2_gradient_0_VconcST_0.04_Vconc_4.8_run_0.csv,1200.0,0.2,0,4.8,0.04,4.8,0,9.75,14.2266,0.136726,0.00554082,14.2266,0.0,0.639913,4116.27
1200_dose_0.2_gradient_0_VconcST_0.04_Vconc_4.8_run_0.csv,1200.0,0.2,0,4.8,0.04,4.8,0,10.0,14.8193,0.334016,0.00577167,14.8193,0.0,0.649034,108.228
1200_dose_0.2_gradient_0_VconcST_0.04_Vconc_4.8_run_0.csv,1200.0,0.2,0,4.8,0.04,4.8,0,10.25,16.3049,0.327396,0.00635026,16.3049,0.0,0.670517,3602.58
1200_dose_0.2_gradient_0_VconcST_0.04_Vconc_4.8_run_0.csv,1200.0,0.2,0,4.8,0.04,4.8,0,10.5,17.7543,0.320908,0.00691475,17.7543,0.0,0.689084,91.9418
1200_dose_0.2_gradient_0_VconcST_0.04_Vconc_4.8_run_0.csv,1200.0,0.2,0,4.8,0.04,4.8,0,10.75,19.1682,0.314548,0.00746544,19.1682,0.0,0.705286,3122.89
1200_dose_0.2_gradient_0_VconcST_0.04_Vconc_4.8_run_0.csv,1200.0,0.2,0,4.8,0.04,4.8,0,11.0,20.5475,0.308314,0.00800261,20.5475,0.0,0.719542,82.0496
1200_dose_0.2_gradient_0_VconcST_0.04_Vconc_4.8_run_0.csv,1200.0,0.2,0,4.8,0.04,4.8,0,11.25,21.8927,0.302203,0.00852653,21.8927,0.0,0.732178,2842.1
1200_dose_0.2_gradient_0_VconcST_0.04_Vconc_4.8_run_0.csv,1200.0,0.2,0,4.8,0.04,4.8,0,11.5,23.2046,0.296214,0.00903748,23.2046,0.0,0.74345,69.5388
1200_dose_0.2_gradient_0_VconcST_0.04_Vconc_4.8_run_0.csv,1200.0,0.2,0,4.8,0.04,4.8,0,11.75,24.4839,0.290343,0.00953573,24.4839,0.0,0.753565,2494.43
1200_dose_0.2_gradient_0_VconcST_0.04_Vconc_4.8_run_0.csv,1200.0,0.2,0,4.8,0.04,4.8,0,12.0,25.7313,0.284589,0.0100215,25.7313,0.0,0.762687,65.26
1200_dose_0.2_gradient_0_VconcST_0.04_Vconc_4.8_run_0.csv,1200.0,0.2,0,4.8,0.04,4.8,0,12.25,26.9473,0.278949,0.0104951,26.9473,0.0,0.770953,2300.52
1200_dose_0.2_gradient_0_VconcST_0.04_Vconc_4.8_run_0.csv,1200.0,0.2,0,4.8,0.04,4.8,0,12.5,28.1327,0.27342,0.0109568,28.1327,0.0,0.778475,58.0373
1200_dose_0.2_gradient_0_VconcST_0.04_Vconc_4.8_run_0.csv,1200.0,0.2,0,4.8,0.04,4.8,0,12.75,29.2881,0.268001,0.0114068,29.2881,0.0,0.785345,1985.41
1200_dose_0.2_gradient_0_VconcST_0.04_Vconc_4.8_run_0.csv,1200.0,0.2,0,4.8,0.04,4.8,0,13.0,30.4142,0.26269,0.0118454,30.4142,0.0,0.791643,381.584
1200_dose_0.2_gradient_0_VconcST_0.04_Vconc_4.8_run_0.csv,1200.0,0.2,0,4.8,0.04,4.8,0,13.25,31.5114,0.257483,0.0122727,31.5114,0.0,0.797434,1238.8
1200_dose_0.2_gradient_0_VconcST_0.04_Vconc_4.8_run_0.csv,1200.0,0.2,0,4.8,0.04,4.8,0,13.5,32.5804,0.25238,0.0126891,32.5804,0.0,0.802775,1260.65
1200_dose_0.2_gradient_0_VconcST_0.04_Vconc_4.8_run_0.csv,1200.0,0.2,0,4.8,0.04,4.8,0,13.75,33.6218,0.247379,0.0130947,33.6218,0.0,0.807714,531.347
1200_dose_0.2_gradient_0_VconcST_0.04_Vconc_4.8_run_0.csv,1200.0,0.2,0,4.8,0.04,4.8,0,14.0,34.6362,0.242476,0.0134897,34.6362,0.0,0.812292,1706.71
1200_dose_0.2_gradient_0_VconcST_0.04_Vconc_4.8_run_0.csv,1200.0,0.2,0,4.8,0.04,4.8,0,14.25,35.6241,0.23767,0.0138745,35.6241,0.0,0.816547,640.354
1200_dose_0.2_gradient_0_VconcST_0.04_Vconc_4.8_run_0.csv,1200.0,0.2,0,4.8,0.04,4.8,0,14.5,36.5861,0.23296,0.0142491,36.5861,0.0,0.820508,1379.64
1200_dose_0.2_gradient_0_VconcST_0.04_Vconc_4.8_run_0.csv,1200.0,0.2,0,4.8,0.04,4.8,0,14.75,37.5226,0.228343,0.0146139,37.5226,0.00349392,0.824204,1472.98
1200_dose_0.2_gradient_0_VconcST_0.04_Vconc_4.8_run_0.csv,1200.0,0.2,0,4.8,0.04,4.8,0,15.0,38.4499,0.423817,0.0149751,38.4499,0.0273741,0.827658,1700.85
1200_dose_0.2_gradient_0_VconcST_0.04_Vconc_4.8_run_0.csv,1200.0,0.2,0,4.8,0.04,4.8,0,15.25,40.2604,0.415418,0.0156802,40.2604,0.0860981,0.83413,1912.82
1200_dose_0.2_gradient_0_VconcST_0.04_Vconc_4.8_run_0.csv,1200.0,0.2,0,4.8,0.04,4.8,0,15.5,42.0253,0.407185,0.0163675,42.0253,0.176072,0.839988,1974.46
1200_dose_0.2_gradient_0_VconcST_0.04_Vconc_4.8_run_0.csv,1200.0,0.2,0,4.8,0.04,4.8,0,15.75,43.7454,0.399115,0.0170375,43.7454,0.297296,0.845312,2050.24
1200_dose_0.2_gradient_0_VconcST_0.04_Vconc_4.8_run_0.csv,1200.0,0.2,0,4.8,0.04,4.8,0,16.0,45.4218,0.391205,0.0176904,45.4218,0.44977,0.850171,1830.55
1200_dose_0.2_gradient_0_VconcST_0.04_Vconc_4.8_run_0.csv,1200.0,0.2,0,4.8,0.04,4.8,0,16.25,47.0553,0.383452,0.0183266,47.0553,0.633494,0.854621,1867.75
1200_dose_0.2_gradient_0_VconcST_0.04_Vconc_4.8_run_0.csv,1200.0,0.2,0,4.8,0.04,4.8,0,16.5,48.6469,0.375852,0.0189465,48.6469,0.848468,0.858709,1874.23
1200_dose_0.2_gradient_0_VconcST_0.04_Vconc_4.8_run_0.csv,1200.0,0.2,0,4.8,0.04,4.8,0,16.75,50.1973,0.368403,0.0195503,50.1973,0.9625,0.862476,1826.0
1200_dose_0.2_gradient_0_VconcST_0.04_Vconc_4.8_run_0.csv,1200.0,0.2,0,4.8,0.04,4.8,0,17.0,51.7075,0.361102,0.0201385,51.7075,1.0,0.865958,1537.88
1200_dose_0.2_gradient_0_VconcST_0.04_Vconc_4.8_run_0.csv,1200.0,0.2,0,4.8,0.04,4.8,0,17.25,53.1782,0.353945,0.0207113,53.1782,1.0,0.869183,1499.0
1200_dose_0.2_gradient_0_VconcST_0.04_Vconc_4.8_run_0.csv,1200.0,0.2,0,4.8,0.04,4.8,0,17.5,54.6103,0.34693,0.021269,54.6103,1.0,0.872177,1339.01
1200_dose_0.2_gradient_0_VconcST_0.04_Vconc_4.8_run_0.csv,1200.0,0.2,0,4.8,0.04,4.8,0,17.75,56.0046,0.340054,0.0218121,56.0046,0.9875,0.874964,1101.33
1200_dose_0.2_gradient_0_VconcST_0.04_Vconc_4.8_run_0.csv,1200.0,0.2,0,4.8,0.04,4.8,0,18.0,57.3619,0.333315,0.0223407,57.3619,0.0,0.877563,928.233
1200_dose_0.2_gradient_0_VconcST_0.04_Vconc_4.8_run_0.csv,1200.0,0.2,0,4.8,0.04,4.8,0,18.25,58.683,0.326709,0.0228552,58.683,0.0,0.87999,841.993
1200_dose_0.2_gradient_0_VconcST_0.04_Vconc_4.8_run_0.csv,1200.0,0.2,0,4.8,0.04,4.8,0,18.5,59.9685,0.320234,0.0233559,59.9685,0.0,0.882262,766.211
1200_dose_0.2_gradient_0_VconcST_0.04_Vconc_4.8_run_0.csv,1200.0,0.2,0,4.8,0.04,4.8,0,18.75,61.2193,0.313887,0.023843,61.2193,0.0,0.884391,752.736
1200_dose_0.2_gradient_0_VconcST_0.04_Vconc_4.8_run_0.csv,1200.0,0.2,0,4.8,0.04,4.8,0,19.0,62.436,0.307667,0.0243169,62.436,0.0,0.886389,753.688
1200_dose_0.2_gradient_0_VconcST_0.04_Vconc_4.8_run_0.csv,1200.0,0.2,0,4.8,0.04,4.8,0,19.25,63.6194,0.301569,0.0247778,63.6194,0.0,0.888268,720.891
1200_dose_0.2_gradient_0_VconcST_0.04_Vconc_4.8_run_0.csv,1200.0,0.2,0,4.8,0.04,4.8,0,19.5,64.7702,0.295592,0.025226,64.7702,0.0,0.890036,752.503
1200_dose_0.2_gradient_0_VconcST_0.04_Vconc_4.8_run_0.csv,1200.0,0.2,0,4.8,0.04,4.8,0,19.75,65.889,0.289734,0.0256617,65.889,0.0,0.891703,705.448
1200_dose_0.2_gradient_0_VconcST_0.04_Vconc_4.8_run_0.csv,1200.0,0.2,0,4.8,0.04,4.8,0,20.0,66.9921,0.483992,0.0260914,66.9921,0.0,0.893274,735.876
1200_dose_0.2_gradient_0_VconcST_0.04_Vconc_4.8_run_0.csv,1200.0,0.2,0,4.8,0.04,4.8,0,20.25,68.9721,0.4744,0.0268625,68.9721,0.0,0.896022,719.45
1200_dose_0.2_gradient_0_VconcST_0.04_Vconc_4.8_run_0.csv,1200.0,0.2,0,4.8,0.04,4.8,0,20.5,70.9004,0.464997,0.0276135,70.9004,0.0,0.898566,679.145
1200_dose_0.2_gradient_0_VconcST_0.04_Vconc_4.8_run_0.csv,1200.0,0.2,0,4.8,0.04,4.8,0,20.75,72.7779,0.455782,0.0283447,72.7779,0.0,0.900925,658.109
1200_dose_0.2_gradient_0_VconcST_0.04_Vconc_4.8_run_0.csv,1200.0,0.2,0,4.8,0.04,4.8,0,21.0,74.6058,0.446749,0.0290566,74.6058,0.0,0.903119,657.128
1200_dose_0.2_gradient_0_VconcST_0.04_Vconc_4.8_run_0.csv,1200.0,0.2,0,4.8,0.04,4.8,0,21.25,76.385,0.437895,0.0297496,76.385,0.0,0.905164,655.83
1200_dose_0.2_gradient_0_VconcST_0.04_Vconc_4.8_run_0.csv,1200.0,0.2,0,4.8,0.04,4.8,0,21.5,78.1167,0.429216,0.030424,78.1167,0.0,0.907072,636.762
1200_dose_0.2_gradient_0_VconcST_0.04_Vconc_4.8_run_0.csv,1200.0,0.2,0,4.8,0.04,4.8,0,21.75,79.8017,0.420709,0.0310803,79.8017,0.0,0.908857,617.467
1200_dose_0.2_gradient_0_VconcST_0.04_Vconc_4.8_run_0.csv,1200.0,0.2,0,4.8,0.04,4.8,0,22.0,81.441,0.412372,0.0317187,81.441,0.0,0.910529,600.443
1200_dose_0.2_gradient_0_VconcST_0.04_Vconc_4.8_run_0.csv,1200.0,0.2,0,4.8,0.04,4.8,0,22.25,83.0357,0.404199,0.0323398,83.0357,0.0,0.912097,615.393
1200_dose_0.2_gradient_0_VconcST_0.04_Vconc_4.8_run_0.csv,1200.0,0.2,0,4.8,0.04,4.8,0,22.5,84.5865,0.396188,0.0329438,84.5865,0.0,0.913571,600.622
1200_dose_0.2_gradient_0_VconcST_0.04_Vconc_4.8_run_0.csv,1200.0,0.2,0,4.8,0.04,4.8,0,22.75,86.0945,0.388336,0.0335312,86.0945,0.0,0.914957,596.753
1200_dose_0.2_gradient_0_VconcST_0.04_Vconc_4.8_run_0.csv,1200.0,0.2,0,4.8,0.04,4.8,0,23.0,87.5606,0.38064,0.0341021,87.5606,0.0,0.916262,583.368
1200_dose_0.2_gradient_0_VconcST_0.04_Vconc_4.8_run_0.csv,1200.0,0.2,0,4.8,0.04,4.8,0,23.25,88.9855,0.373096,0.0346571,88.9855,0.0,0.917494,574.237
1200_dose_0.2_gradient_0_VconcST_0.04_Vconc_4.8_run_0.csv,1200.0,0.2,0,4.8,0.04,4.8,0,23.5,90.3703,0.365701,0.0351964,90.3703,0.0,0.918656,563.511
1200_dose_0.2_gradient_0_VconcST_0.04_Vconc_4.8_run_0.csv,1200.0,0.2,0,4.8,0.04,4.8,0,23.75,91.7157,0.358454,0.0357204,91.7157,0.0,0.919754,567.254
1200_dose_0.2_gradient_0_VconcST_0.04_Vconc_4.8_run_0.csv,1200.0,0.2,0,4.8,0.04,4.8,0,24.0,93.0225,0.35135,0.0362294,93.0225,0.0,0.920793,554.495
1200_dose_0.2_gradient_0_VconcST_0.04_Vconc_4.8_run_0.csv,1200.0,0.2,0,4.8,0.04,4.8,0,24.25,94.2915,0.344386,0.0367236,94.2915,0.0,0.921776,550.123
1200_dose_0.2_gradient_0_VconcST_0.04_Vconc_4.8_run_0.csv,1200.0,0.2,0,4.8,0.04,4.8,0,24.5,95.5236,0.337561,0.0372035,95.5236,0.0,0.922708,547.82
1200_dose_0.2_gradient_0_VconcST_0.04_Vconc_4.8_run_0.csv,1200.0,0.2,0,4.8,0.04,4.8,0,24.75,96.7195,0.330871,0.0376693,96.7195,0.0,0.923591,543.502
1200_dose_0.2_gradient_0_VconcST_0.04_Vconc_4.8_run_0.csv,1200.0,0.2,0,4.8,0.04,4.8,0,25.0,97.8956,0.524313,0.0381273,97.8956,0.0,0.924429,535.114
1200_dose_0.2_gradient_0_VconcST_0.04_Vconc_4.8_run_0.csv,1200.0,0.2,0,4.8,0.04,4.8,0,25.25,99.9446,0.513922,0.0389253,99.9446,0.0,0.925865,543.428
1200_dose_0.2_gradient_0_VconcST_0.04_Vconc_4.8_run_0.csv,1200.0,0.2,0,4.8,0.04,4.8,0,25.5,101.938,0.503737,0.0397016,101.938,0.0,0.92721,519.343
1200_dose_0.2_gradient_0_VconcST_0.04_Vconc_4.8_run_0.csv,1200.0,0.2,0,4.8,0.04,4.8,0,25.75,103.876,0.493753,0.0404567,103.876,0.0,0.928472,514.408
1200_dose_0.2_gradient_0_VconcST_0.04_Vconc_4.8_run_0.csv,1200.0,0.2,0,4.8,0.04,4.8,0,26.0,105.762,0.483968,0.0411909,105.762,0.0,0.929658,519.639
1200_dose_0.2_gradient_0_VconcST_0.04_Vconc_4.8_run_0.csv,1200.0,0.2,0,4.8,0.04,4.8,0,26.25,107.595,0.474376,0.0419048,107.595,0.0,0.930775,492.608
1200_dose_0.2_gradient_0_VconcST_0.04_Vconc_4.8_run_0.csv,1200.0,0.2,0,4.8,0.04,4.8,0,26.5,109.376,0.464974,0.0425987,109.376,0.0,0.931826,499.288
1200_dose_0.2_gradient_0_VconcST_0.04_Vconc_4.8_run_0.csv,1200.0,0.2,0,4.8,0.04,4.8,0,26.75,111.108,0.455759,0.043273,111.108,0.0,0.932818,487.52
1200_dose_0.2_gradient_0_VconcST_0.04_Vconc_4.8_run_0.csv,1200.0,0.2,0,4.8,0.04,4.8,0,27.0,112.79,0.446726,0.0439283,112.79,0.0,0.933754,486.824
1200_dose_0.2_gradient_0_VconcST_0.04_Vconc_4.8_run_0.csv,1200.0,0.2,0,4.8,0.04,4.8,0,27.25,114.425,0.437873,0.0445648,114.425,0.0,0.934639,468.674
1200_dose_0.2_gradient_0_VconcST_0.04_Vconc_4.8_run_0.csv,1200.0,0.2,0,4.8,0.04,4.8,0,27.5,116.012,0.429195,0.045183,116.012,0.0,0.935476,483.068
1200_dose_0.2_gradient_0_VconcST_0.04_Vconc_4.8_run_0.csv,1200.0,0.2,0,4.8,0.04,4.8,0,27.75,117.553,0.420689,0.0457833,117.553,0.0,0.936269,458.706
1200_dose_0.2_gradient_0_VconcST_0.04_Vconc_4.8_run_0.csv,1200.0,0.2,0,4.8,0.04,4.8,0,28.0,119.049,0.412351,0.046366,119.049,0.0,0.93702,473.812
1200_dose_0.2_gradient_0_VconcST_0.04_Vconc_4.8_run_0.csv,1200.0,0.2,0,4.8,0.04,4.8,0,28.25,120.501,0.404179,0.0469314,120.501,0.0,0.937732,465.641
1200_dose_0.2_gradient_0_VconcST_0.04_Vconc_4.8_run_0.csv,1200.0,0.2,0,4.8,0.04,4.8,0,28.5,121.91,0.396168,0.0474801,121.91,0.0,0.938408,435.147
1200_dose_0.2_gradient_0_VconcST_0.04_Vconc_4.8_run_0.csv,1200.0,0.2,0,4.8,0.04,4.8,0,28.75,123.276,0.388317,0.0480123,123.276,0.0,0.939049,440.655
1200_dose_0.2_gradient_0_VconcST_0.04_Vconc_2.4_run_0.csv,1200.0,0.2,0,2.4,0.04,2.4,0,0.0,0.0,0.0,0.0,0.0,0.0,0.0,0.0
1200_dose_0.2_gradient_0_VconcST_0.04_Vconc_2.4_run_0.csv,1200.0,0.2,0,2.4,0.04,2.4,0,0.25,0.0,0.0,0.0,0.0,8.24653e-05,0.0,5578.39
1200_dose_0.2_gradient_0_VconcST_0.04_Vconc_2.4_run_0.csv,1200.0,0.2,0,2.4,0.04,2.4,0,0.5,0.0,0.0,0.0,0.0,0.0,0.0,187.582
1200_dose_0.2_gradient_0_VconcST_0.04_Vconc_2.4_run_0.csv,1200.0,0.2,0,2.4,0.04,2.4,0,0.75,0.0,0.0,0.0,0.0,0.0,0.0,5915.97
1200_dose_0.2_gradient_0_VconcST_0.04_Vconc_2.4_run_0.csv,1200.0,0.2,0,2.4,0.04,2.4,0,1.0,0.0,0.0,0.0,0.0,0.0,0.0,173.423
1200_dose_0.2_gradient_0_VconcST_0.04_Vconc_2.4_run_0.csv,1200.0,0.2,0,2.4,0.04,2.4,0,1.25,0.0,0.0,0.0,0.0,0.0,0.0,5674.61
1200_dose_0.2_gradient_0_VconcST_0.04_Vconc_2.4_run_0.csv,1200.0,0.2,0,2.4,0.04,2.4,0,1.5,0.0,0.0,0.0,0.0,0.0,0.0,178.081
1200_dose_0.2_gradient_0_VconcST_0.04_Vconc_2.4_run_0.csv,1200.0,0.2,0,2.4,0.04,2.4,0,1.75,0.0,0.0,0.0,0.0,0.0,0.0,5591.51
1200_dose_0.2_gradient_0_VconcST_0.04_Vconc_2.4_run_0.csv,1200.0,0.2,0,2.4,0.04,2.4,0,2.0,0.0,0.0,0.0,0.0,0.0,0.0,185.488
1200_dose_0.2_gradient_0_VconcST_0.04_Vconc_2.4_run_0.csv,1200.0,0.2,0,2.4,0.04,2.4,0,2.25,0.0,0.0,0.0,0.0,0.00107205,0.0,5722.01
1200_dose_0.2_gradient_0_VconcST_0.04_Vconc_2.4_run_0.csv,1200.0,0.2,0,2.4,0.04,2.4,0,2.5,0.0,0.0,0.0,0.0,0.0,0.0,184.066
1200_dose_0.2_gradient_0_VconcST_0.04_Vconc_2.4_run_0.csv,1200.0,0.2,0,2.4,0.04,2.4,0,2.75,0.0,0.0,0.0,0.0,0.0,0.0,6098.51
1200_dose_0.2_gradient_0_VconcST_0.04_Vconc_2.4_run_0.csv,1200.0,0.2,0,2.4,0.04,2.4,0,3.0,0.0,0.0,0.0,0.0,0.0,0.0,185.615
1200_dose_0.2_gradient_0_VconcST_0.04_Vconc_2.4_run_0.csv,1200.0,0.2,0,2.4,0.04,2.4,0,3.25,0.0,0.0,0.0,0.0,0.00115451,0.0,5774.08
1200_dose_0.2_gradient_0_VconcST_0.04_Vconc_2.4_run_0.csv,1200.0,0.2,0,2.4,0.04,2.4,0,3.5,0.0,0.0,0.0,0.0,0.0,0.0,183.365
1200_dose_0.2_gradient_0_VconcST_0.04_Vconc_2.4_run_0.csv,1200.0,0.2,0,2.4,0.04,2.4,0,3.75,0.0,0.0,0.0,0.0,0.00136068,0.0,5754.26
1200_dose_0.2_gradient_0_VconcST_0.04_Vconc_2.4_run_0.csv,1200.0,0.2,0,2.4,0.04,2.4,0,4.0,0.0,0.0,0.0,0.0,0.0,0.0,192.808
1200_dose_0.2_gradient_0_VconcST_0.04_Vconc_2.4_run_0.csv,1200.0,0.2,0,2.4,0.04,2.4,0,4.25,0.0,0.0,0.0,0.0,0.00148438,0.0,5778.27
1200_dose_0.2_gradient_0_VconcST_0.04_Vconc_2.4_run_0.csv,1200.0,0.2,0,2.4,0.04,2.4,0,4.5,0.0,0.0,0.0,0.0,0.0,0.0,179.008
1200_dose_0.2_gradient_0_VconcST_0.04_Vconc_2.4_run_0.csv,1200.0,0.2,0,2.4,0.04,2.4,0,4.75,0.0,0.0,0.0,0.0,0.00144314,0.0,5669.92
1200_dose_0.2_gradient_0_VconcST_0.04_Vconc_2.4_run_0.csv,1200.0,0.2,0,2.4,0.04,2.4,0,5.0,0.0155725,0.2,6.06501e-06,0.0155725,0.0,0.0,188.935
1200_dose_0.2_gradient_0_VconcST_0.04_Vconc_2.4_run_0.csv,1200.0,0.2,0,2.4,0.04,2.4,0,5.25,0.938689,0.196036,0.00036559,0.938689,0.0,0.103489,5039.4
1200_dose_0.2_gradient_0_VconcST_0.04_Vconc_2.4_run_0.csv,1200.0,0.2,0,2.4,0.04,2.4,0,5.5,1.84001,0.192151,0.000716626,1.84001,0.0,0.185764,133.778
1200_dose_0.2_gradient_0_VconcST_0.04_Vconc_2.4_run_0.csv,1200.0,0.2,0,2.4,0.04,2.4,0,5.75,2.71998,0.188343,0.00105935,2.71998,0.0,0.252719,4102.83
1200_dose_0.2_gradient_0_VconcST_0.04_Vconc_2.4_run_0.csv,1200.0,0.2,0,2.4,0.04,2.4,0,6.0,3.57903,0.18461,0.00139392,3.57903,0.0,0.308251,110.503
1200_dose_0.2_gradient_0_VconcST_0.04_Vconc_2.4_run_0.csv,1200.0,0.2,0,2.4,0.04,2.4,0,6.25,4.4176,0.180951,0.00172052,4.4176,0.0,0.355036,3357.53
1200_dose_0.2_gradient_0_VconcST_0.04_Vconc_2.4_run_0.csv,1200.0,0.2,0,2.4,0.04,2.4,0,6.5,5.23609,0.177365,0.0020393,5.23609,0.0,0.394976,89.2244
1200_dose_0.2_gradient_0_VconcST_0.04_Vconc_2.4_run_0.csv,1200.0,0.2,0,2.4,0.04,2.4,0,6.75,6.03493,0.17385,0.00235042,6.03493,0.0,0.429459,2923.0
1200_dose_0.2_gradient_0_VconcST_0.04_Vconc_2.4_run_0.csv,1200.0,0.2,0,2.4,0.04,2.4,0,7.0,6.81452,0.170404,0.00265405,6.81452,0.0,0.459521,79.1976
1200_dose_0.2_gradient_0_VconcST_0.04_Vconc_2.4_run_0.csv,1200.0,0.2,0,2.4,0.04,2.4,0,7.25,7.57525,0.167027,0.00295032,7.57525,0.0,0.485951,2599.93
1200_dose_0.2_gradient_0_VconcST_0.04_Vconc_2.4_run_0.csv,1200.0,0.2,0,2.4,0.04,2.4,0,7.5,8.3175,0.163717,0.00323941,8.3175,0.0,0.509361,65.3501
1200_dose_0.2_gradient_0_VconcST_0.04_Vconc_2.4_run_0.csv,1200.0,0.2,0,2.4,0.04,2.4,0,7.75,9.04166,0.160472,0.00352145,9.04166,0.0,0.530234,2367.46
1200_dose_0.2_gradient_0_VconcST_0.04_Vconc_2.4_run_0.csv,1200.0,0.2,0,2.4,0.04,2.4,0,8.0,9.7481,0.157292,0.00379658,9.7481,0.0,0.548952,59.5644
1200_dose_0.2_gradient_0_VconcST_0.04_Vconc_2.4_run_0.csv,1200.0,0.2,0,2.4,0.04,2.4,0,8.25,10.4372,0.154174,0.00406496,10.4372,0.0,0.565827,2119.01
1200_dose_0.2_gradient_0_VconcST_0.04_Vconc_2.4_run_0.csv,1200.0,0.2,0,2.4,0.04,2.4,0,8.5,11.1092,0.151119,0.00432671,11.1092,0.0,0.581112,123.735
1200_dose_0.2_gradient_0_VconcST_0.04_Vconc_2.4_run_0.csv,1200.0,0.2,0,2.4,0.04,2.4,0,8.75,11.7647,0.148124,0.00458197,11.7647,0.0,0.595016,1580.24
1200_dose_0.2_gradient_0_VconcST_0.04_Vconc_2.4_run_0.csv,1200.0,0.2,0,2.4,0.04,2.4,0,9.0,12.4038,0.145188,0.00483089,12.4038,0.0,0.607714,905.286
1200_dose_0.2_gradient_0_VconcST_0.04_Vconc_2.4_run_0.csv,1200.0,0.2,0,2.4,0.04,2.4,0,9.25,13.0269,0.142311,0.00507358,13.0269,0.0,0.61935,804.964
1200_dose_0.2_gradient_0_VconcST_0.04_Vconc_2.4_run_0.csv,1200.0,0.2,0,2.4,0.04,2.4,0,9.5,13.6344,0.13949,0.00531018,13.6344,0.0,0.630048,1476.73
1200_dose_0.2_gradient_0_VconcST_0.04_Vconc_2.4_run_0.csv,1200.0,0.2,0,2.4,0.04,2.4,0,9.75,14.2266,0.136726,0.00554082,14.2266,0.0,0.639913,557.713
1200_dose_0.2_gradient_0_VconcST_0.04_Vconc_2.4_run_0.csv,1200.0,0.2,0,2.4,0.04,2.4,0,10.0,14.8193,0.334016,0.00577167,14.8193,0.0,0.649034,1358.5
1200_dose_0.2_gradient_0_VconcST_0.04_Vconc_2.4_run_0.csv,1200.0,0.2,0,2.4,0.04,2.4,0,10.25,16.3049,0.327396,0.00635026,16.3049,0.0,0.670517,777.223
1200_dose_0.2_gradient_0_VconcST_0.04_Vconc_2.4_run_0.csv,1200.0,0.2,0,2.4,0.04,2.4,0,10.5,17.7543,0.320908,0.00691475,17.7543,0.0,0.689084,1117.28
1200_dose_0.2_gradient_0_VconcST_0.04_Vconc_2.4_run_0.csv,1200.0,0.2,0,2.4,0.04,2.4,0,10.75,19.1682,0.314548,0.00746544,19.1682,0.0,0.705286,969.915
1200_dose_0.2_gradient_0_VconcST_0.04_Vconc_2.4_run_0.csv,1200.0,0.2,0,2.4,0.04,2.4,0,11.0,20.5475,0.308314,0.00800261,20.5475,0.0,0.719542,1059.57
1200_dose_0.2_gradient_0_VconcST_0.04_Vconc_2.4_run_0.csv,1200.0,0.2,0,2.4,0.04,2.4,0,11.25,21.8927,0.302203,0.00852653,21.8927,0.0,0.732178,1010.21
1200_dose_0.2_gradient_0_VconcST_0.04_Vconc_2.4_run_0.csv,1200.0,0.2,0,2.4,0.04,2.4,0,11.5,23.2046,0.296214,0.00903748,23.2046,0.0,0.74345,932.352
1200_dose_0.2_gradient_0_VconcST_0.04_Vconc_2.4_run_0.csv,1200.0,0.2,0,2.4,0.04,2.4,0,11.75,24.4839,0.290343,0.00953573,24.4839,0.0,0.753565,847.649
1200_dose_0.2_gradient_0_VconcST_0.04_Vconc_2.4_run_0.csv,1200.0,0.2,0,2.4,0.04,2.4,0,12.0,25.7313,0.284589,0.0100215,25.7313,0.0,0.762687,800.687
1200_dose_0.2_gradient_0_VconcST_0.04_Vconc_2.4_run_0.csv,1200.0,0.2,0,2.4,0.04,2.4,0,12.25,26.9473,0.278949,0.0104951,26.9473,0.0,0.770953,766.664
1200_dose_0.2_gradient_0_VconcST_0.04_Vconc_2.4_run_0.csv,1200.0,0.2,0,2.4,0.04,2.4,0,12.5,28.1327,0.27342,0.0109568,28.1327,0.0,0.778475,723.448
1200_dose_0.2_gradient_0_VconcST_0.04_Vconc_2.4_run_0.csv,1200.0,0.2,0,2.4,0.04,2.4,0,12.75,29.2881,0.268001,0.0114068,29.2881,0.0,0.785345,722.407
1200_dose_0.2_gradient_0_VconcST_0.04_Vconc_2.4_run_0.csv,1200.0,0.2,0,2.4,0.04,2.4,0,13.0,30.4142,0.26269,0.0118454,30.4142,0.0,0.791643,669.982
1200_dose_0.2_gradient_0_VconcST_0.04_Vconc_2.4_run_0.csv,1200.0,0.2,0,2.4,0.04,2.4,0,13.25,31.5114,0.257483,0.0122727,31.5114,0.0,0.797434,698.453
1200_dose_0.2_gradient_0_VconcST_0.04_Vconc_2.4_run_0.csv,1200.0,0.2,0,2.4,0.04,2.4,0,13.5,32.5804,0.25238,0.0126891,32.5804,0.0,0.802775,673.503
1200_dose_0.2_gradient_0_VconcST_0.04_Vconc_2.4_run_0.csv,1200.0,0.2,0,2.4,0.04,2.4,0,13.75,33.6218,0.247379,0.0130947,33.6218,0.0,0.807714,633.635
1200_dose_0.2_gradient_0_VconcST_0.04_Vconc_2.4_run_0.csv,1200.0,0.2,0,2.4,0.04,2.4,0,14.0,34.6362,0.242476,0.0134897,34.6362,0.0,0.812292,648.932
1200_dose_0.2_gradient_0_VconcST_0.04_Vconc_2.4_run_0.csv,1200.0,0.2,0,2.4,0.04,2.4,0,14.25,35.6241,0.23767,0.0138745,35.6241,0.0,0.816547,622.631
1200_dose_0.2_gradient_0_VconcST_0.04_Vconc_2.4_run_0.csv,1200.0,0.2,0,2.4,0.04,2.4,0,14.5,36.5861,0.23296,0.0142491,36.5861,0.0,0.820508,615.436
1200_dose_0.2_gradient_0_VconcST_0.04_Vconc_2.4_run_0.csv,1200.0,0.2,0,2.4,0.04,2.4,0,14.75,37.5226,0.228343,0.0146139,37.5226,0.0,0.824204,604.353
1200_dose_0.2_gradient_0_VconcST_0.04_Vconc_2.4_run_0.csv,1200.0,0.2,0,2.4,0.04,2.4,0,15.0,38.4499,0.423817,0.0149751,38.4499,0.0,0.827658,605.696
1200_dose_0.2_gradient_0_VconcST_0.04_Vconc_2.4_run_0.csv,1200.0,0.2,0,2.4,0.04,2.4,0,15.25,40.2604,0.415418,0.0156802,40.2604,0.0,0.83413,581.786
1200_dose_0.2_gradient_0_VconcST_0.04_Vconc_2.4_run_0.csv,1200.0,0.2,0,2.4,0.04,2.4,0,15.5,42.0253,0.407185,0.0163675,42.0253,0.0,0.839988,576.696
1200_dose_0.2_gradient_0_VconcST_0.04_Vconc_2.4_run_0.csv,1200.0,0.2,0,2.4,0.04,2.4,0,15.75,43.7454,0.399115,0.0170375,43.7454,0.0,0.845312,537.607
1200_dose_0.2_gradient_0_VconcST_0.04_Vconc_2.4_run_0.csv,1200.0,0.2,0,2.4,0.04,2.4,0,16.0,45.4218,0.391205,0.0176904,45.4218,0.0,0.850171,525.071
1200_dose_0.2_gradient_0_VconcST_0.04_Vconc_2.4_run_0.csv,1200.0,0.2,0,2.4,0.04,2.4,0,16.25,47.0553,0.383452,0.0183266,47.0553,0.0,0.854621,542.101
1200_dose_0.2_gradient_0_VconcST_0.04_Vconc_2.4_run_0.csv,1200.0,0.2,0,2.4,0.04,2.4,0,16.5,48.6469,0.375852,0.0189465,48.6469,0.0,0.858709,505.184
1200_dose_0.2_gradient_0_VconcST_0.04_Vconc_2.4_run_0.csv,1200.0,0.2,0,2.4,0.04,2.4,0,16.75,50.1973,0.368403,0.0195503,50.1973,0.0,0.862476,482.002
1200_dose_0.2_gradient_0_VconcST_0.04_Vconc_2.4_run_0.csv,1200.0,0.2,0,2.4,0.04,2.4,0,17.0,51.7075,0.361102,0.0201385,51.7075,0.0,0.865958,471.521
1200_dose_0.2_gradient_0_VconcST_0.04_Vconc_2.4_run_0.csv,1200.0,0.2,0,2.4,0.04,2.4,0,17.25,53.1782,0.353945,0.0207113,53.1782,0.0,0.869183,472.894
1200_dose_0.2_gradient_0_VconcST_0.04_Vconc_2.4_run_0.csv,1200.0,0.2,0,2.4,0.04,2.4,0,17.5,54.6103,0.34693,0.021269,54.6103,0.0,0.872177,465.367
1200_dose_0.2_gradient_0_VconcST_0.04_Vconc_2.4_run_0.csv,1200.0,0.2,0,2.4,0.04,2.4,0,17.75,56.0046,0.340054,0.0218121,56.0046,0.0,0.874964,458.551
1200_dose_0.2_gradient_0_VconcST_0.04_Vconc_2.4_run_0.csv,1200.0,0.2,0,2.4,0.04,2.4,0,18.0,57.3619,0.333315,0.0223407,57.3619,0.0,0.877563,435.523
1200_dose_0.2_gradient_0_VconcST_0.04_Vconc_2.4_run_0.csv,1200.0,0.2,0,2.4,0.04,2.4,0,18.25,58.683,0.326709,0.0228552,58.683,0.0,0.87999,441.45
1200_dose_0.2_gradient_0_VconcST_0.04_Vconc_2.4_run_0.csv,1200.0,0.2,0,2.4,0.04,2.4,0,18.5,59.9685,0.320234,0.0233559,59.9685,0.0,0.882262,431.756
1200_dose_0.2_gradient_0_VconcST_0.04_Vconc_2.4_run_0.csv,1200.0,0.2,0,2.4,0.04,2.4,0,18.75,61.2193,0.313887,0.023843,61.2193,0.0,0.884391,423.211
1200_dose_0.2_gradient_0_VconcST_0.04_Vconc_2.4_run_0.csv,1200.0,0.2,0,2.4,0.04,2.4,0,19.0,62.436,0.307667,0.0243169,62.436,0.0,0.886389,414.381
1200_dose_0.2_gradient_0_VconcST_0.04_Vconc_2.4_run_0.csv,1200.0,0.2,0,2.4,0.04,2.4,0,19.25,63.6194,0.301569,0.0247778,63.6194,0.0,0.888268,412.728
1200_dose_0.2_gradient_0_VconcST_0.04_Vconc_2.4_run_0.csv,1200.0,0.2,0,2.4,0.04,2.4,0,19.5,64.7702,0.295592,0.025226,64.7702,0.0,0.890036,409.192
1200_dose_0.2_gradient_0_VconcST_0.04_Vconc_2.4_run_0.csv,1200.0,0.2,0,2.4,0.04,2.4,0,19.75,65.889,0.289734,0.0256617,65.889,0.0,0.891703,399.538
1200_dose_0.2_gradient_0_VconcST_0.04_Vconc_2.4_run_0.csv,1200.0,0.2,0,2.4,0.04,2.4,0,20.0,66.9921,0.483992,0.0260914,66.9921,0.0,0.893274,395.55
1200_dose_0.2_gradient_0_VconcST_0.04_Vconc_2.4_run_0.csv,1200.0,0.2,0,2.4,0.04,2.4,0,20.25,68.9721,0.4744,0.0268625,68.9721,0.0,0.896022,376.571
1200_dose_0.2_gradient_0_VconcST_0.04_Vconc_2.4_run_0.csv,1200.0,0.2,0,2.4,0.04,2.4,0,20.5,70.9004,0.464997,0.0276135,70.9004,0.0,0.898566,369.957
1200_dose_0.2_gradient_0_VconcST_0.04_Vconc_2.4_run_0.csv,1200.0,0.2,0,2.4,0.04,2.4,0,20.75,72.7779,0.455782,0.0283447,72.7779,0.0,0.900925,376.074
1200_dose_0.2_gradient_0_VconcST_0.04_Vconc_2.4_run_0.csv,1200.0,0.2,0,2.4,0.04,2.4,0,21.0,74.6058,0.446749,0.0290566,74.6058,0.0,0.903119,363.08
1200_dose_0.2_gradient_0_VconcST_0.04_Vconc_2.4_run_0.csv,1200.0,0.2,0,2.4,0.04,2.4,0,21.25,76.385,0.437895,0.0297496,76.385,0.0,0.905164,353.204
1200_dose_0.2_gradient_0_VconcST_0.04_Vconc_2.4_run_0.csv,1200.0,0.2,0,2.4,0.04,2.4,0,21.5,78.1167,0.429216,0.030424,78.1167,0.0,0.907072,353.549
1200_dose_0.2_gradient_0_VconcST_0.04_Vconc_2.4_run_0.csv,1200.0,0.2,0,2.4,0.04,2.4,0,21.75,79.8017,0.420709,0.0310803,79.8017,0.0,0.908857,344.722
1200_dose_0.2_gradient_0_VconcST_0.04_Vconc_2.4_run_0.csv,1200.0,0.2,0,2.4,0.04,2.4,0,22.0,81.441,0.412372,0.0317187,81.441,0.0,0.910529,334.099
1200_dose_0.2_gradient_0_VconcST_0.04_Vconc_2.4_run_0.csv,1200.0,0.2,0,2.4,0.04,2.4,0,22.25,83.0357,0.404199,0.0323398,83.0357,0.0,0.912097,327.823
1200_dose_0.2_gradient_0_VconcST_0.04_Vconc_2.4_run_0.csv,1200.0,0.2,0,2.4,0.04,2.4,0,22.5,84.5865,0.396188,0.0329438,84.5865,0.0,0.913571,333.478
1200_dose_0.2_gradient_0_VconcST_0.04_Vconc_2.4_run_0.csv,1200.0,0.2,0,2.4,0.04,2.4,0,22.75,86.0945,0.388336,0.0335312,86.0945,0.0,0.914957,316.079
1200_dose_0.2_gradient_0_VconcST_0.04_Vconc_2.4_run_0.csv,1200.0,0.2,0,2.4,0.04,2.4,0,23.0,87.5606,0.38064,0.0341021,87.5606,0.0,0.916262,321.898
1200_dose_0.2_gradient_0_VconcST_0.04_Vconc_2.4_run_0.csv,1200.0,0.2,0,2.4,0.04,2.4,0,23.25,88.9855,0.373096,0.0346571,88.9855,0.0,0.917494,314.838
1200_dose_0.2_gradient_0_VconcST_0.04_Vconc_2.4_run_0.csv,1200.0,0.2,0,2.4,0.04,2.4,0,23.5,90.3703,0.365701,0.0351964,90.3703,0.0,0.918656,312.287
1200_dose_0.2_gradient_0_VconcST_0.04_Vconc_2.4_run_0.csv,1200.0,0.2,0,2.4,0.04,2.4,0,23.75,91.7157,0.358454,0.0357204,91.7157,0.0,0.919754,307.121
1200_dose_0.2_gradient_0_VconcST_0.04_Vconc_2.4_run_0.csv,1200.0,0.2,0,2.4,0.04,2.4,0,24.0,93.0225,0.35135,0.0362294,93.0225,0.0,0.920793,298.823
1200_dose_0.2_gradient_0_VconcST_0.04_Vconc_2.4_run_0.csv,1200.0,0.2,0,2.4,0.04,2.4,0,24.25,94.2915,0.344386,0.0367236,94.2915,0.0,0.921776,301.452
1200_dose_0.2_gradient_0_VconcST_0.04_Vconc_2.4_run_0.csv,1200.0,0.2,0,2.4,0.04,2.4,0,24.5,95.5236,0.337561,0.0372035,95.5236,0.0,0.922708,294.528
1200_dose_0.2_gradient_0_VconcST_0.04_Vconc_2.4_run_0.csv,1200.0,0.2,0,2.4,0.04,2.4,0,24.75,96.7195,0.330871,0.0376693,96.7195,0.0,0.923591,289.723
1200_dose_0.2_gradient_0_VconcST_0.04_Vconc_2.4_run_0.csv,1200.0,0.2,0,2.4,0.04,2.4,0,25.0,97.8956,0.524313,0.0381273,97.8956,0.0,0.924429,293.464
1200_dose_0.2_gradient_0_VconcST_0.04_Vconc_2.4_run_0.csv,1200.0,0.2,0,2.4,0.04,2.4,0,25.25,99.9446,0.513922,0.0389253,99.9446,0.0,0.925865,284.963
1200_dose_0.2_gradient_0_VconcST_0.04_Vconc_2.4_run_0.csv,1200.0,0.2,0,2.4,0.04,2.4,0,25.5,101.938,0.503737,0.0397016,101.938,0.0,0.92721,275.687
1200_dose_0.2_gradient_0_VconcST_0.04_Vconc_2.4_run_0.csv,1200.0,0.2,0,2.4,0.04,2.4,0,25.75,103.876,0.493753,0.0404567,103.876,0.0,0.928472,271.176
1200_dose_0.2_gradient_0_VconcST_0.04_Vconc_2.4_run_0.csv,1200.0,0.2,0,2.4,0.04,2.4,0,26.0,105.762,0.483968,0.0411909,105.762,0.0,0.929658,272.272
1200_dose_0.2_gradient_0_VconcST_0.04_Vconc_2.4_run_0.csv,1200.0,0.2,0,2.4,0.04,2.4,0,26.25,107.595,0.474376,0.0419048,107.595,0.0,0.930775,263.868
1200_dose_0.2_gradient_0_VconcST_0.04_Vconc_2.4_run_0.csv,1200.0,0.2,0,2.4,0.04,2.4,0,26.5,109.376,0.464974,0.0425987,109.376,0.0,0.931826,262.473
1200_dose_0.2_gradient_0_VconcST_0.04_Vconc_2.4_run_0.csv,1200.0,0.2,0,2.4,0.04,2.4,0,26.75,111.108,0.455759,0.043273,111.108,0.0,0.932818,261.858
1200_dose_0.2_gradient_0_VconcST_0.04_Vconc_2.4_run_0.csv,1200.0,0.2,0,2.4,0.04,2.4,0,27.0,112.79,0.446726,0.0439283,112.79,0.0,0.933754,251.54
1200_dose_0.2_gradient_0_VconcST_0.04_Vconc_2.4_run_0.csv,1200.0,0.2,0,2.4,0.04,2.4,0,27.25,114.425,0.437873,0.0445648,114.425,0.0,0.934639,248.446
1200_dose_0.2_gradient_0_VconcST_0.04_Vconc_2.4_run_0.csv,1200.0,0.2,0,2.4,0.04,2.4,0,27.5,116.012,0.429195,0.045183,116.012,0.0,0.935476,248.313
1200_dose_0.2_gradient_0_VconcST_0.04_Vconc_2.4_run_0.csv,1200.0,0.2,0,2.4,0.04,2.4,0,27.75,117.553,0.420689,0.0457833,117.553,0.0,0.936269,250.404
1200_dose_0.2_gradient_0_VconcST_0.04_Vconc_2.4_run_0.csv,1200.0,0.2,0,2.4,0.04,2.4,0,28.0,119.049,0.412351,0.046366,119.049,0.0,0.93702,241.671
1200_dose_0.2_gradient_0_VconcST_0.04_Vconc_2.4_run_0.csv,1200.0,0.2,0,2.4,0.04,2.4,0,28.25,120.501,0.404179,0.0469314,120.501,0.0,0.937732,238.399
1200_dose_0.2_gradient_0_VconcST_0.04_Vconc_2.4_run_0.csv,1200.0,0.2,0,2.4,0.04,2.4,0,28.5,121.91,0.396168,0.0474801,121.91,0.0,0.938408,238.272
1200_dose_0.2_gradient_0_VconcST_0.04_Vconc_2.4_run_0.csv,1200.0,0.2,0,2.4,0.04,2.4,0,28.75,123.276,0.388317,0.0480123,123.276,0.0,0.939049,236.072
1200_dose_0.2_gradient_0_VconcST_0.04_Vconc_8_run_0.csv,1200.0,0.2,0,8.0,0.04,8.0,0,0.0,0.0,0.0,0.0,0.0,0.0,0.0,0.0
1200_dose_0.2_gradient_0_VconcST_0.04_Vconc_8_run_0.csv,1200.0,0.2,0,8.0,0.04,8.0,0,0.25,0.0,0.0,0.0,0.0,0.0,0.0,10000.0
1200_dose_0.2_gradient_0_VconcST_0.04_Vconc_8_run_0.csv,1200.0,0.2,0,8.0,0.04,8.0,0,0.5,0.0,0.0,0.0,0.0,0.0,0.0,893.836
1200_dose_0.2_gradient_0_VconcST_0.04_Vconc_8_run_0.csv,1200.0,0.2,0,8.0,0.04,8.0,0,0.75,0.0,0.0,0.0,0.0,0.0,0.0,10000.0
1200_dose_0.2_gradient_0_VconcST_0.04_Vconc_8_run_0.csv,1200.0,0.2,0,8.0,0.04,8.0,0,1.0,0.0,0.0,0.0,0.0,0.0,0.0,891.987
1200_dose_0.2_gradient_0_VconcST_0.04_Vconc_8_run_0.csv,1200.0,0.2,0,8.0,0.04,8.0,0,1.25,0.0,0.0,0.0,0.0,0.0,0.0,10000.0
1200_dose_0.2_gradient_0_VconcST_0.04_Vconc_8_run_0.csv,1200.0,0.2,0,8.0,0.04,8.0,0,1.5,0.0,0.0,0.0,0.0,0.0,0.0,889.691
1200_dose_0.2_gradient_0_VconcST_0.04_Vconc_8_run_0.csv,1200.0,0.2,0,8.0,0.04,8.0,0,1.75,0.0,0.0,0.0,0.0,0.0,0.0,10000.0
1200_dose_0.2_gradient_0_VconcST_0.04_Vconc_8_run_0.csv,1200.0,0.2,0,8.0,0.04,8.0,0,2.0,0.0,0.0,0.0,0.0,0.0,0.0,893.654
1200_dose_0.2_gradient_0_VconcST_0.04_Vconc_8_run_0.csv,1200.0,0.2,0,8.0,0.04,8.0,0,2.25,0.0,0.0,0.0,0.0,0.0,0.0,10000.0
1200_dose_0.2_gradient_0_VconcST_0.04_Vconc_8_run_0.csv,1200.0,0.2,0,8.0,0.04,8.0,0,2.5,0.0,0.0,0.0,0.0,0.0,0.0,894.716
1200_dose_0.2_gradient_0_VconcST_0.04_Vconc_8_run_0.csv,1200.0,0.2,0,8.0,0.04,8.0,0,2.75,0.0,0.0,0.0,0.0,0.0,0.0,10000.0
1200_dose_0.2_gradient_0_VconcST_0.04_Vconc_8_run_0.csv,1200.0,0.2,0,8.0,0.04,8.0,0,3.0,0.0,0.0,0.0,0.0,0.0,0.0,897.655
1200_dose_0.2_gradient_0_VconcST_0.04_Vconc_8_run_0.csv,1200.0,0.2,0,8.0,0.04,8.0,0,3.25,0.0,0.0,0.0,0.0,0.0,0.0,10000.0
1200_dose_0.2_gradient_0_VconcST_0.04_Vconc_8_run_0.csv,1200.0,0.2,0,8.0,0.04,8.0,0,3.5,0.0,0.0,0.0,0.0,0.0,0.0,897.638
1200_dose_0.2_gradient_0_VconcST_0.04_Vconc_8_run_0.csv,1200.0,0.2,0,8.0,0.04,8.0,0,3.75,0.0,0.0,0.0,0.0,0.0,0.0,10000.0
1200_dose_0.2_gradient_0_VconcST_0.04_Vconc_8_run_0.csv,1200.0,0.2,0,8.0,0.04,8.0,0,4.0,0.0,0.0,0.0,0.0,0.0,0.0,891.543
1200_dose_0.2_gradient_0_VconcST_0.04_Vconc_8_run_0.csv,1200.0,0.2,0,8.0,0.04,8.0,0,4.25,0.0,0.0,0.0,0.0,0.0,0.0,10000.0
1200_dose_0.2_gradient_0_VconcST_0.04_Vconc_8_run_0.csv,1200.0,0.2,0,8.0,0.04,8.0,0,4.5,0.0,0.0,0.0,0.0,0.0,0.0,901.342
1200_dose_0.2_gradient_0_VconcST_0.04_Vconc_8_run_0.csv,1200.0,0.2,0,8.0,0.04,8.0,0,4.75,0.0,0.0,0.0,0.0,0.0,0.0,10000.0
1200_dose_0.2_gradient_0_VconcST_0.04_Vconc_8_run_0.csv,1200.0,0.2,0,8.0,0.04,8.0,0,5.0,0.0155725,0.2,6.06501e-06,0.0155725,0.0,0.0,902.396
1200_dose_0.2_gradient_0_VconcST_0.04_Vconc_8_run_0.csv,1200.0,0.2,0,8.0,0.04,8.0,0,5.25,0.938689,0.196036,0.00036559,0.938689,0.0,0.103489,10000.0
1200_dose_0.2_gradient_0_VconcST_0.04_Vconc_8_run_0.csv,1200.0,0.2,0,8.0,0.04,8.0,0,5.5,1.84001,0.192151,0.000716626,1.84001,0.0,0.185764,763.677
1200_dose_0.2_gradient_0_VconcST_0.04_Vconc_8_run_0.csv,1200.0,0.2,0,8.0,0.04,8.0,0,5.75,2.71998,0.188343,0.00105935,2.71998,0.0,0.252719,10000.0
1200_dose_0.2_gradient_0_VconcST_0.04_Vconc_8_run_0.csv,1200.0,0.2,0,8.0,0.04,8.0,0,6.0,3.57903,0.18461,0.00139392,3.57903,0.0,0.308251,655.818
1200_dose_0.2_gradient_0_VconcST_0.04_Vconc_8_run_0.csv,1200.0,0.2,0,8.0,0.04,8.0,0,6.25,4.4176,0.180951,0.00172052,4.4176,0.0,0.355036,10000.0
1200_dose_0.2_gradient_0_VconcST_0.04_Vconc_8_run_0.csv,1200.0,0.2,0,8.0,0.04,8.0,0,6.5,5.23609,0.177365,0.0020393,5.23609,0.0,0.394976,521.886
1200_dose_0.2_gradient_0_VconcST_0.04_Vconc_8_run_0.csv,1200.0,0.2,0,8.0,0.04,8.0,0,6.75,6.03493,0.17385,0.00235042,6.03493,0.0,0.429459,9934.02
1200_dose_0.2_gradient_0_VconcST_0.04_Vconc_8_run_0.csv,1200.0,0.2,0,8.0,0.04,8.0,0,7.0,6.81452,0.170404,0.00265405,6.81452,0.0,0.459521,471.163
1200_dose_0.2_gradient_0_VconcST_0.04_Vconc_8_run_0.csv,1200.0,0.2,0,8.0,0.04,8.0,0,7.25,7.57525,0.167027,0.00295032,7.57525,0.0,0.485951,9802.51
1200_dose_0.2_gradient_0_VconcST_0.04_Vconc_8_run_0.csv,1200.0,0.2,0,8.0,0.04,8.0,0,7.5,8.3175,0.163717,0.00323941,8.3175,0.0,0.509361,415.989
1200_dose_0.2_gradient_0_VconcST_0.04_Vconc_8_run_0.csv,1200.0,0.2,0,8.0,0.04,8.0,0,7.75,9.04166,0.160472,0.00352145,9.04166,0.0,0.530234,9046.68
1200_dose_0.2_gradient_0_VconcST_0.04_Vconc_8_run_0.csv,1200.0,0.2,0,8.0,0.04,8.0,0,8.0,9.7481,0.157292,0.00379658,9.7481,0.0,0.548952,368.767
1200_dose_0.2_gradient_0_VconcST_0.04_Vconc_8_run_0.csv,1200.0,0.2,0,8.0,0.04,8.0,0,8.25,10.4372,0.154174,0.00406496,10.4372,0.0,0.565827,8501.23
1200_dose_0.2_gradient_0_VconcST_0.04_Vconc_8_run_0.csv,1200.0,0.2,0,8.0,0.04,8.0,0,8.5,11.1092,0.151119,0.00432671,11.1092,0.0,0.581112,314.108
1200_dose_0.2_gradient_0_VconcST_0.04_Vconc_8_run_0.csv,1200.0,0.2,0,8.0,0.04,8.0,0,8.75,11.7647,0.148124,0.00458197,11.7647,0.0,0.595016,7560.19
1200_dose_0.2_gradient_0_VconcST_0.04_Vconc_8_run_0.csv,1200.0,0.2,0,8.0,0.04,8.0,0,9.0,12.4038,0.145188,0.00483089,12.4038,0.0,0.607714,313.936
1200_dose_0.2_gradient_0_VconcST_0.04_Vconc_8_run_0.csv,1200.0,0.2,0,8.0,0.04,8.0,0,9.25,13.0269,0.142311,0.00507358,13.0269,0.0139453,0.61935,7847.13
1200_dose_0.2_gradient_0_VconcST_0.04_Vconc_8_run_0.csv,1200.0,0.2,0,8.0,0.04,8.0,0,9.5,13.6344,0.13949,0.00531018,13.6344,0.0,0.630048,288.687
1200_dose_0.2_gradient_0_VconcST_0.04_Vconc_8_run_0.csv,1200.0,0.2,0,8.0,0.04,8.0,0,9.75,14.2266,0.136726,0.00554082,14.2266,0.0168229,0.639913,7598.46
1200_dose_0.2_gradient_0_VconcST_0.04_Vconc_8_run_0.csv,1200.0,0.2,0,8.0,0.04,8.0,0,10.0,14.8193,0.334016,0.00577167,14.8193,0.0,0.649034,265.69
1200_dose_0.2_gradient_0_VconcST_0.04_Vconc_8_run_0.csv,1200.0,0.2,0,8.0,0.04,8.0,0,10.25,16.3049,0.327396,0.00635026,16.3049,0.0194618,0.670517,7228.97
1200_dose_0.2_gradient_0_VconcST_0.04_Vconc_8_run_0.csv,1200.0,0.2,0,8.0,0.04,8.0,0,10.5,17.7543,0.320908,0.00691475,17.7543,0.0,0.689084,224.564
1200_dose_0.2_gradient_0_VconcST_0.04_Vconc_8_run_0.csv,1200.0,0.2,0,8.0,0.04,8.0,0,10.75,19.1682,0.314548,0.00746544,19.1682,0.022513,0.705286,6898.27
1200_dose_0.2_gradient_0_VconcST_0.04_Vconc_8_run_0.csv,1200.0,0.2,0,8.0,0.04,8.0,0,11.0,20.5475,0.308314,0.00800261,20.5475,0.0,0.719542,202.684
1200_dose_0.2_gradient_0_VconcST_0.04_Vconc_8_run_0.csv,1200.0,0.2,0,8.0,0.04,8.0,0,11.25,21.8927,0.302203,0.00852653,21.8927,0.0251931,0.732178,5553.3
1200_dose_0.2_gradient_0_VconcST_0.04_Vconc_8_run_0.csv,1200.0,0.2,0,8.0,0.04,8.0,0,11.5,23.2046,0.296214,0.00903748,23.2046,0.0,0.74345,5055.28
1200_dose_0.2_gradient_0_VconcST_0.04_Vconc_8_run_0.csv,1200.0,0.2,0,8.0,0.04,8.0,0,11.75,24.4839,0.290343,0.00953573,24.4839,0.0266363,0.753565,5036.15
1200_dose_0.2_gradient_0_VconcST_0.04_Vconc_8_run_0.csv,1200.0,0.2,0,8.0,0.04,8.0,0,12.0,25.7313,0.284589,0.0100215,25.7313,0.0,0.762687,5050.62
1200_dose_0.2_gradient_0_VconcST_0.04_Vconc_8_run_0.csv,1200.0,0.2,0,8.0,0.04,8.0,0,12.25,26.9473,0.278949,0.0104951,26.9473,0.0278733,0.770953,5033.94
1200_dose_0.2_gradient_0_VconcST_0.04_Vconc_8_run_0.csv,1200.0,0.2,0,8.0,0.04,8.0,0,12.5,28.1327,0.27342,0.0109568,28.1327,0.0,0.778475,5045.82
1200_dose_0.2_gradient_0_VconcST_0.04_Vconc_8_run_0.csv,1200.0,0.2,0,8.0,0.04,8.0,0,12.75,29.2881,0.268001,0.0114068,29.2881,0.0291927,0.785345,5031.39
1200_dose_0.2_gradient_0_VconcST_0.04_Vconc_8_run_0.csv,1200.0,0.2,0,8.0,0.04,8.0,0,13.0,30.4142,0.26269,0.0118454,30.4142,0.0,0.791643,5041.24
1200_dose_0.2_gradient_0_VconcST_0.04_Vconc_8_run_0.csv,1200.0,0.2,0,8.0,0.04,8.0,0,13.25,31.5114,0.257483,0.0122727,31.5114,0.0306771,0.797434,4826.18
1200_dose_0.2_gradient_0_VconcST_0.04_Vconc_8_run_0.csv,1200.0,0.2,0,8.0,0.04,8.0,0,13.5,32.5804,0.25238,0.0126891,32.5804,0.0,0.802775,4672.08
1200_dose_0.2_gradient_0_VconcST_0.04_Vconc_8_run_0.csv,1200.0,0.2,0,8.0,0.04,8.0,0,13.75,33.6218,0.247379,0.0130947,33.6218,0.0321615,0.807714,4333.57
1200_dose_0.2_gradient_0_VconcST_0.04_Vconc_8_run_0.csv,1200.0,0.2,0,8.0,0.04,8.0,0,14.0,34.6362,0.242476,0.0134897,34.6362,0.0,0.812292,4194.48
1200_dose_0.2_gradient_0_VconcST_0.04_Vconc_8_run_0.csv,1200.0,0.2,0,8.0,0.04,8.0,0,14.25,35.6241,0.23767,0.0138745,35.6241,0.0335634,0.816547,3977.8
1200_dose_0.2_gradient_0_VconcST_0.04_Vconc_8_run_0.csv,1200.0,0.2,0,8.0,0.04,8.0,0,14.5,36.5861,0.23296,0.0142491,36.5861,0.0,0.820508,4069.07
1200_dose_0.2_gradient_0_VconcST_0.04_Vconc_8_run_0.csv,1200.0,0.2,0,8.0,0.04,8.0,0,14.75,37.5226,0.228343,0.0146139,37.5226,0.0348003,0.824204,3932.76
1200_dose_0.2_gradient_0_VconcST_0.04_Vconc_8_run_0.csv,1200.0,0.2,0,8.0,0.04,8.0,0,15.0,38.4499,0.423817,0.0149751,38.4499,0.0,0.827658,3804.89
1200_dose_0.2_gradient_0_VconcST_0.04_Vconc_8_run_0.csv,1200.0,0.2,0,8.0,0.04,8.0,0,15.25,40.2604,0.415418,0.0156802,40.2604,0.0357075,0.83413,3527.33
1200_dose_0.2_gradient_0_VconcST_0.04_Vconc_8_run_0.csv,1200.0,0.2,0,8.0,0.04,8.0,0,15.5,42.0253,0.407185,0.0163675,42.0253,0.0,0.839988,3488.56
1200_dose_0.2_gradient_0_VconcST_0.04_Vconc_8_run_0.csv,1200.0,0.2,0,8.0,0.04,8.0,0,15.75,43.7454,0.399115,0.0170375,43.7454,0.0364497,0.845312,3418.47
1200_dose_0.2_gradient_0_VconcST_0.04_Vconc_8_run_0.csv,1200.0,0.2,0,8.0,0.04,8.0,0,16.0,45.4218,0.391205,0.0176904,45.4218,0.0758333,0.850171,3312.9
1200_dose_0.2_gradient_0_VconcST_0.04_Vconc_8_run_0.csv,1200.0,0.2,0,8.0,0.04,8.0,0,16.25,47.0553,0.383452,0.0183266,47.0553,0.0372743,0.854621,3224.06
1200_dose_0.2_gradient_0_VconcST_0.04_Vconc_8_run_0.csv,1200.0,0.2,0,8.0,0.04,8.0,0,16.5,48.6469,0.375852,0.0189465,48.6469,0.15704,0.858709,3120.12
1200_dose_0.2_gradient_0_VconcST_0.04_Vconc_8_run_0.csv,1200.0,0.2,0,8.0,0.04,8.0,0,16.75,50.1973,0.368403,0.0195503,50.1973,0.278724,0.862476,3016.91
1200_dose_0.2_gradient_0_VconcST_0.04_Vconc_8_run_0.csv,1200.0,0.2,0,8.0,0.04,8.0,0,17.0,51.7075,0.361102,0.0201385,51.7075,0.403355,0.865958,2931.55
1200_dose_0.2_gradient_0_VconcST_0.04_Vconc_8_run_0.csv,1200.0,0.2,0,8.0,0.04,8.0,0,17.25,53.1782,0.353945,0.0207113,53.1782,0.529466,0.869183,2854.08
1200_dose_0.2_gradient_0_VconcST_0.04_Vconc_8_run_0.csv,1200.0,0.2,0,8.0,0.04,8.0,0,17.5,54.6103,0.34693,0.021269,54.6103,0.657661,0.872177,2809.26
1200_dose_0.2_gradient_0_VconcST_0.04_Vconc_8_run_0.csv,1200.0,0.2,0,8.0,0.04,8.0,0,17.75,56.0046,0.340054,0.0218121,56.0046,0.786293,0.874964,2742.54
1200_dose_0.2_gradient_0_VconcST_0.04_Vconc_8_run_0.csv,1200.0,0.2,0,8.0,0.04,8.0,0,18.0,57.3619,0.333315,0.0223407,57.3619,0.912678,0.877563,2740.03
1200_dose_0.2_gradient_0_VconcST_0.04_Vconc_8_run_0.csv,1200.0,0.2,0,8.0,0.04,8.0,0,18.25,58.683,0.326709,0.0228552,58.683,1.0,0.87999,2664.74
1200_dose_0.2_gradient_0_VconcST_0.04_Vconc_8_run_0.csv,1200.0,0.2,0,8.0,0.04,8.0,0,18.5,59.9685,0.320234,0.0233559,59.9685,1.0,0.882262,2602.19
1200_dose_0.2_gradient_0_VconcST_0.04_Vconc_8_run_0.csv,1200.0,0.2,0,8.0,0.04,8.0,0,18.75,61.2193,0.313887,0.023843,61.2193,1.0,0.884391,2576.97
1200_dose_0.2_gradient_0_VconcST_0.04_Vconc_8_run_0.csv,1200.0,0.2,0,8.0,0.04,8.0,0,19.0,62.436,0.307667,0.0243169,62.436,1.0,0.886389,2536.59
1200_dose_0.2_gradient_0_VconcST_0.04_Vconc_8_run_0.csv,1200.0,0.2,0,8.0,0.04,8.0,0,19.25,63.6194,0.301569,0.0247778,63.6194,1.0,0.888268,2460.32
1200_dose_0.2_gradient_0_VconcST_0.04_Vconc_8_run_0.csv,1200.0,0.2,0,8.0,0.04,8.0,0,19.5,64.7702,0.295592,0.025226,64.7702,1.0,0.890036,2460.69
1200_dose_0.2_gradient_0_VconcST_0.04_Vconc_8_run_0.csv,1200.0,0.2,0,8.0,0.04,8.0,0,19.75,65.889,0.289734,0.0256617,65.889,1.0,0.891703,2449.09
1200_dose_0.2_gradient_0_VconcST_0.04_Vconc_8_run_0.csv,1200.0,0.2,0,8.0,0.04,8.0,0,20.0,66.9921,0.483992,0.0260914,66.9921,1.0,0.893274,2456.07
1200_dose_0.2_gradient_0_VconcST_0.04_Vconc_8_run_0.csv,1200.0,0.2,0,8.0,0.04,8.0,0,20.25,68.9721,0.4744,0.0268625,68.9721,1.0,0.896022,2344.92
1200_dose_0.2_gradient_0_VconcST_0.04_Vconc_8_run_0.csv,1200.0,0.2,0,8.0,0.04,8.0,0,20.5,70.9004,0.464997,0.0276135,70.9004,1.0,0.898566,2252.86
1200_dose_0.2_gradient_0_VconcST_0.04_Vconc_8_run_0.csv,1200.0,0.2,0,8.0,0.04,8.0,0,20.75,72.7779,0.455782,0.0283447,72.7779,1.0,0.900925,2171.21
1200_dose_0.2_gradient_0_VconcST_0.04_Vconc_8_run_0.csv,1200.0,0.2,0,8.0,0.04,8.0,0,21.0,74.6058,0.446749,0.0290566,74.6058,1.0,0.903119,2133.17
1200_dose_0.2_gradient_0_VconcST_0.04_Vconc_8_run_0.csv,1200.0,0.2,0,8.0,0.04,8.0,0,21.25,76.385,0.437895,0.0297496,76.385,1.0,0.905164,2127.25
1200_dose_0.2_gradient_0_VconcST_0.04_Vconc_8_run_0.csv,1200.0,0.2,0,8.0,0.04,8.0,0,21.5,78.1167,0.429216,0.030424,78.1167,1.0,0.907072,2049.85
1200_dose_0.2_gradient_0_VconcST_0.04_Vconc_8_run_0.csv,1200.0,0.2,0,8.0,0.04,8.0,0,21.75,79.8017,0.420709,0.0310803,79.8017,1.0,0.908857,1980.94
1200_dose_0.2_gradient_0_VconcST_0.04_Vconc_8_run_0.csv,1200.0,0.2,0,8.0,0.04,8.0,0,22.0,81.441,0.412372,0.0317187,81.441,1.0,0.910529,1887.02
1200_dose_0.2_gradient_0_VconcST_0.04_Vconc_8_run_0.csv,1200.0,0.2,0,8.0,0.04,8.0,0,22.25,83.0357,0.404199,0.0323398,83.0357,1.0,0.912097,1754.88
1200_dose_0.2_gradient_0_VconcST_0.04_Vconc_8_run_0.csv,1200.0,0.2,0,8.0,0.04,8.0,0,22.5,84.5865,0.396188,0.0329438,84.5865,1.0,0.913571,1864.01
1200_dose_0.2_gradient_0_VconcST_0.04_Vconc_8_run_0.csv,1200.0,0.2,0,8.0,0.04,8.0,0,22.75,86.0945,0.388336,0.0335312,86.0945,1.0,0.914957,1710.86
1200_dose_0.2_gradient_0_VconcST_0.04_Vconc_8_run_0.csv,1200.0,0.2,0,8.0,0.04,8.0,0,23.0,87.5606,0.38064,0.0341021,87.5606,1.0,0.916262,1553.3
1200_dose_0.2_gradient_0_VconcST_0.04_Vconc_8_run_0.csv,1200.0,0.2,0,8.0,0.04,8.0,0,23.25,88.9855,0.373096,0.0346571,88.9855,1.0,0.917494,1612.59
1200_dose_0.2_gradient_0_VconcST_0.04_Vconc_8_run_0.csv,1200.0,0.2,0,8.0,0.04,8.0,0,23.5,90.3703,0.365701,0.0351964,90.3703,1.0,0.918656,1510.85
1200_dose_0.2_gradient_0_VconcST_0.04_Vconc_8_run_0.csv,1200.0,0.2,0,8.0,0.04,8.0,0,23.75,91.7157,0.358454,0.0357204,91.7157,0.978125,0.919754,1241.31
1200_dose_0.2_gradient_0_VconcST_0.04_Vconc_8_run_0.csv,1200.0,0.2,0,8.0,0.04,8.0,0,24.0,93.0225,0.35135,0.0362294,93.0225,0.915625,0.920793,1104.92
1200_dose_0.2_gradient_0_VconcST_0.04_Vconc_8_run_0.csv,1200.0,0.2,0,8.0,0.04,8.0,0,24.25,94.2915,0.344386,0.0367236,94.2915,0.853125,0.921776,1104.79
1200_dose_0.2_gradient_0_VconcST_0.04_Vconc_8_run_0.csv,1200.0,0.2,0,8.0,0.04,8.0,0,24.5,95.5236,0.337561,0.0372035,95.5236,0.0,0.922708,960.287
1200_dose_0.2_gradient_0_VconcST_0.04_Vconc_8_run_0.csv,1200.0,0.2,0,8.0,0.04,8.0,0,24.75,96.7195,0.330871,0.0376693,96.7195,0.0,0.923591,901.247
1200_dose_0.2_gradient_0_VconcST_0.04_Vconc_8_run_0.csv,1200.0,0.2,0,8.0,0.04,8.0,0,25.0,97.8956,0.524313,0.0381273,97.8956,0.0,0.924429,819.871
1200_dose_0.2_gradient_0_VconcST_0.04_Vconc_8_run_0.csv,1200.0,0.2,0,8.0,0.04,8.0,0,25.25,99.9446,0.513922,0.0389253,99.9446,0.0,0.925865,766.159
1200_dose_0.2_gradient_0_VconcST_0.04_Vconc_8_run_0.csv,1200.0,0.2,0,8.0,0.04,8.0,0,25.5,101.938,0.503737,0.0397016,101.938,0.0,0.92721,802.454
1200_dose_0.2_gradient_0_VconcST_0.04_Vconc_8_run_0.csv,1200.0,0.2,0,8.0,0.04,8.0,0,25.75,103.876,0.493753,0.0404567,103.876,0.0,0.928472,767.731
1200_dose_0.2_gradient_0_VconcST_0.04_Vconc_8_run_0.csv,1200.0,0.2,0,8.0,0.04,8.0,0,26.0,105.762,0.483968,0.0411909,105.762,0.0,0.929658,764.73
1200_dose_0.2_gradient_0_VconcST_0.04_Vconc_8_run_0.csv,1200.0,0.2,0,8.0,0.04,8.0,0,26.25,107.595,0.474376,0.0419048,107.595,0.0,0.930775,788.853
1200_dose_0.2_gradient_0_VconcST_0.04_Vconc_8_run_0.csv,1200.0,0.2,0,8.0,0.04,8.0,0,26.5,109.376,0.464974,0.0425987,109.376,0.0,0.931826,743.734
1200_dose_0.2_gradient_0_VconcST_0.04_Vconc_8_run_0.csv,1200.0,0.2,0,8.0,0.04,8.0,0,26.75,111.108,0.455759,0.043273,111.108,0.0,0.932818,758.238
1200_dose_0.2_gradient_0_VconcST_0.04_Vconc_8_run_0.csv,1200.0,0.2,0,8.0,0.04,8.0,0,27.0,112.79,0.446726,0.0439283,112.79,0.0,0.933754,722.289
1200_dose_0.2_gradient_0_VconcST_0.04_Vconc_8_run_0.csv,1200.0,0.2,0,8.0,0.04,8.0,0,27.25,114.425,0.437873,0.0445648,114.425,0.0,0.934639,730.733
1200_dose_0.2_gradient_0_VconcST_0.04_Vconc_8_run_0.csv,1200.0,0.2,0,8.0,0.04,8.0,0,27.5,116.012,0.429195,0.045183,116.012,0.0,0.935476,722.238
1200_dose_0.2_gradient_0_VconcST_0.04_Vconc_8_run_0.csv,1200.0,0.2,0,8.0,0.04,8.0,0,27.75,117.553,0.420689,0.0457833,117.553,0.0,0.936269,724.452
1200_dose_0.2_gradient_0_VconcST_0.04_Vconc_8_run_0.csv,1200.0,0.2,0,8.0,0.04,8.0,0,28.0,119.049,0.412351,0.046366,119.049,0.0,0.93702,694.046
1200_dose_0.2_gradient_0_VconcST_0.04_Vconc_8_run_0.csv,1200.0,0.2,0,8.0,0.04,8.0,0,28.25,120.501,0.404179,0.0469314,120.501,0.0,0.937732,676.958
1200_dose_0.2_gradient_0_VconcST_0.04_Vconc_8_run_0.csv,1200.0,0.2,0,8.0,0.04,8.0,0,28.5,121.91,0.396168,0.0474801,121.91,0.0,0.938408,691.2
1200_dose_0.2_gradient_0_VconcST_0.04_Vconc_8_run_0.csv,1200.0,0.2,0,8.0,0.04,8.0,0,28.75,123.276,0.388317,0.0480123,123.276,0.0,0.939049,674.429
1200_dose_0.2_gradient_0_VconcST_0.04_Vconc_5.6_run_0.csv,1200.0,0.2,0,5.6,0.04,5.6,0,0.0,0.0,0.0,0.0,0.0,0.0,0.0,0.0
1200_dose_0.2_gradient_0_VconcST_0.04_Vconc_5.6_run_0.csv,1200.0,0.2,0,5.6,0.04,5.6,0,0.25,0.0,0.0,0.0,0.0,0.0,0.0,10000.0
1200_dose_0.2_gradient_0_VconcST_0.04_Vconc_5.6_run_0.csv,1200.0,0.2,0,5.6,0.04,5.6,0,0.5,0.0,0.0,0.0,0.0,0.0,0.0,657.1
1200_dose_0.2_gradient_0_VconcST_0.04_Vconc_5.6_run_0.csv,1200.0,0.2,0,5.6,0.04,5.6,0,0.75,0.0,0.0,0.0,0.0,0.0,0.0,10000.0
1200_dose_0.2_gradient_0_VconcST_0.04_Vconc_5.6_run_0.csv,1200.0,0.2,0,5.6,0.04,5.6,0,1.0,0.0,0.0,0.0,0.0,0.0,0.0,667.638
1200_dose_0.2_gradient_0_VconcST_0.04_Vconc_5.6_run_0.csv,1200.0,0.2,0,5.6,0.04,5.6,0,1.25,0.0,0.0,0.0,0.0,0.0,0.0,10000.0
1200_dose_0.2_gradient_0_VconcST_0.04_Vconc_5.6_run_0.csv,1200.0,0.2,0,5.6,0.04,5.6,0,1.5,0.0,0.0,0.0,0.0,0.0,0.0,678.986
1200_dose_0.2_gradient_0_VconcST_0.04_Vconc_5.6_run_0.csv,1200.0,0.2,0,5.6,0.04,5.6,0,1.75,0.0,0.0,0.0,0.0,0.0,0.0,10000.0
1200_dose_0.2_gradient_0_VconcST_0.04_Vconc_5.6_run_0.csv,1200.0,0.2,0,5.6,0.04,5.6,0,2.0,0.0,0.0,0.0,0.0,0.0,0.0,665.34
1200_dose_0.2_gradient_0_VconcST_0.04_Vconc_5.6_run_0.csv,1200.0,0.2,0,5.6,0.04,5.6,0,2.25,0.0,0.0,0.0,0.0,0.0,0.0,10000.0
1200_dose_0.2_gradient_0_VconcST_0.04_Vconc_5.6_run_0.csv,1200.0,0.2,0,5.6,0.04,5.6,0,2.5,0.0,0.0,0.0,0.0,0.0,0.0,666.11
1200_dose_0.2_gradient_0_VconcST_0.04_Vconc_5.6_run_0.csv,1200.0,0.2,0,5.6,0.04,5.6,0,2.75,0.0,0.0,0.0,0.0,0.0,0.0,10000.0
1200_dose_0.2_gradient_0_VconcST_0.04_Vconc_5.6_run_0.csv,1200.0,0.2,0,5.6,0.04,5.6,0,3.0,0.0,0.0,0.0,0.0,0.0,0.0,681.568
1200_dose_0.2_gradient_0_VconcST_0.04_Vconc_5.6_run_0.csv,1200.0,0.2,0,5.6,0.04,5.6,0,3.25,0.0,0.0,0.0,0.0,0.0,0.0,10000.0
1200_dose_0.2_gradient_0_VconcST_0.04_Vconc_5.6_run_0.csv,1200.0,0.2,0,5.6,0.04,5.6,0,3.5,0.0,0.0,0.0,0.0,0.0,0.0,666.299
1200_dose_0.2_gradient_0_VconcST_0.04_Vconc_5.6_run_0.csv,1200.0,0.2,0,5.6,0.04,5.6,0,3.75,0.0,0.0,0.0,0.0,0.0,0.0,10000.0
1200_dose_0.2_gradient_0_VconcST_0.04_Vconc_5.6_run_0.csv,1200.0,0.2,0,5.6,0.04,5.6,0,4.0,0.0,0.0,0.0,0.0,0.0,0.0,668.766
1200_dose_0.2_gradient_0_VconcST_0.04_Vconc_5.6_run_0.csv,1200.0,0.2,0,5.6,0.04,5.6,0,4.25,0.0,0.0,0.0,0.0,0.0,0.0,10000.0
1200_dose_0.2_gradient_0_VconcST_0.04_Vconc_5.6_run_0.csv,1200.0,0.2,0,5.6,0.04,5.6,0,4.5,0.0,0.0,0.0,0.0,0.0,0.0,677.215
1200_dose_0.2_gradient_0_VconcST_0.04_Vconc_5.6_run_0.csv,1200.0,0.2,0,5.6,0.04,5.6,0,4.75,0.0,0.0,0.0,0.0,0.0,0.0,10000.0
1200_dose_0.2_gradient_0_VconcST_0.04_Vconc_5.6_run_0.csv,1200.0,0.2,0,5.6,0.04,5.6,0,5.0,0.0155725,0.2,6.06501e-06,0.0155725,0.0,0.0,654.329
1200_dose_0.2_gradient_0_VconcST_0.04_Vconc_5.6_run_0.csv,1200.0,0.2,0,5.6,0.04,5.6,0,5.25,0.938689,0.196036,0.00036559,0.938689,0.0,0.103489,10000.0
1200_dose_0.2_gradient_0_VconcST_0.04_Vconc_5.6_run_0.csv,1200.0,0.2,0,5.6,0.04,5.6,0,5.5,1.84001,0.192151,0.000716626,1.84001,0.0,0.185764,558.853
1200_dose_0.2_gradient_0_VconcST_0.04_Vconc_5.6_run_0.csv,1200.0,0.2,0,5.6,0.04,5.6,0,5.75,2.71998,0.188343,0.00105935,2.71998,0.0,0.252719,10000.0
1200_dose_0.2_gradient_0_VconcST_0.04_Vconc_5.6_run_0.csv,1200.0,0.2,0,5.6,0.04,5.6,0,6.0,3.57903,0.18461,0.00139392,3.57903,0.0,0.308251,440.759
1200_dose_0.2_gradient_0_VconcST_0.04_Vconc_5.6_run_0.csv,1200.0,0.2,0,5.6,0.04,5.6,0,6.25,4.4176,0.180951,0.00172052,4.4176,0.0,0.355036,9720.61
1200_dose_0.2_gradient_0_VconcST_0.04_Vconc_5.6_run_0.csv,1200.0,0.2,0,5.6,0.04,5.6,0,6.5,5.23609,0.177365,0.0020393,5.23609,0.0,0.394976,343.998
1200_dose_0.2_gradient_0_VconcST_0.04_Vconc_5.6_run_0.csv,1200.0,0.2,0,5.6,0.04,5.6,0,6.75,6.03493,0.17385,0.00235042,6.03493,0.0,0.429459,9027.03
1200_dose_0.2_gradient_0_VconcST_0.04_Vconc_5.6_run_0.csv,1200.0,0.2,0,5.6,0.04,5.6,0,7.0,6.81452,0.170404,0.00265405,6.81452,0.0,0.459521,277.935
1200_dose_0.2_gradient_0_VconcST_0.04_Vconc_5.6_run_0.csv,1200.0,0.2,0,5.6,0.04,5.6,0,7.25,7.57525,0.167027,0.00295032,7.57525,0.0,0.485951,7502.9
1200_dose_0.2_gradient_0_VconcST_0.04_Vconc_5.6_run_0.csv,1200.0,0.2,0,5.6,0.04,5.6,0,7.5,8.3175,0.163717,0.00323941,8.3175,0.0,0.509361,227.868
1200_dose_0.2_gradient_0_VconcST_0.04_Vconc_5.6_run_0.csv,1200.0,0.2,0,5.6,0.04,5.6,0,7.75,9.04166,0.160472,0.00352145,9.04166,0.00109375,0.530234,6148.46
1200_dose_0.2_gradient_0_VconcST_0.04_Vconc_5.6_run_0.csv,1200.0,0.2,0,5.6,0.04,5.6,0,8.0,9.7481,0.157292,0.00379658,9.7481,0.0,0.548952,204.158
1200_dose_0.2_gradient_0_VconcST_0.04_Vconc_5.6_run_0.csv,1200.0,0.2,0,5.6,0.04,5.6,0,8.25,10.4372,0.154174,0.00406496,10.4372,0.00131944,0.565827,5937.08
1200_dose_0.2_gradient_0_VconcST_0.04_Vconc_5.6_run_0.csv,1200.0,0.2,0,5.6,0.04,5.6,0,8.5,11.1092,0.151119,0.00432671,11.1092,0.0,0.581112,177.082
1200_dose_0.2_gradient_0_VconcST_0.04_Vconc_5.6_run_0.csv,1200.0,0.2,0,5.6,0.04,5.6,0,8.75,11.7647,0.148124,0.00458197,11.7647,0.0,0.595016,5324.51
1200_dose_0.2_gradient_0_VconcST_0.04_Vconc_5.6_run_0.csv,1200.0,0.2,0,5.6,0.04,5.6,0,9.0,12.4038,0.145188,0.00483089,12.4038,0.0,0.607714,156.012
1200_dose_0.2_gradient_0_VconcST_0.04_Vconc_5.6_run_0.csv,1200.0,0.2,0,5.6,0.04,5.6,0,9.25,13.0269,0.142311,0.00507358,13.0269,0.0,0.61935,4858.58
1200_dose_0.2_gradient_0_VconcST_0.04_Vconc_5.6_run_0.csv,1200.0,0.2,0,5.6,0.04,5.6,0,9.5,13.6344,0.13949,0.00531018,13.6344,0.0,0.630048,140.608
1200_dose_0.2_gradient_0_VconcST_0.04_Vconc_5.6_run_0.csv,1200.0,0.2,0,5.6,0.04,5.6,0,9.75,14.2266,0.136726,0.00554082,14.2266,0.0,0.639913,4688.79
1200_dose_0.2_gradient_0_VconcST_0.04_Vconc_5.6_run_0.csv,1200.0,0.2,0,5.6,0.04,5.6,0,10.0,14.8193,0.334016,0.00577167,14.8193,0.0,0.649034,139.939
1200_dose_0.2_gradient_0_VconcST_0.04_Vconc_5.6_run_0.csv,1200.0,0.2,0,5.6,0.04,5.6,0,10.25,16.3049,0.327396,0.00635026,16.3049,0.0,0.670517,4157.76
1200_dose_0.2_gradient_0_VconcST_0.04_Vconc_5.6_run_0.csv,1200.0,0.2,0,5.6,0.04,5.6,0,10.5,17.7543,0.320908,0.00691475,17.7543,0.0,0.689084,118.0
1200_dose_0.2_gradient_0_VconcST_0.04_Vconc_5.6_run_0.csv,1200.0,0.2,0,5.6,0.04,5.6,0,10.75,19.1682,0.314548,0.00746544,19.1682,0.0,0.705286,3591.89
1200_dose_0.2_gradient_0_VconcST_0.04_Vconc_5.6_run_0.csv,1200.0,0.2,0,5.6,0.04,5.6,0,11.0,20.5475,0.308314,0.00800261,20.5475,0.0,0.719542,96.4288
1200_dose_0.2_gradient_0_VconcST_0.04_Vconc_5.6_run_0.csv,1200.0,0.2,0,5.6,0.04,5.6,0,11.25,21.8927,0.302203,0.00852653,21.8927,0.0,0.732178,3333.18
1200_dose_0.2_gradient_0_VconcST_0.04_Vconc_5.6_run_0.csv,1200.0,0.2,0,5.6,0.04,5.6,0,11.5,23.2046,0.296214,0.00903748,23.2046,0.0,0.74345,87.8917
1200_dose_0.2_gradient_0_VconcST_0.04_Vconc_5.6_run_0.csv,1200.0,0.2,0,5.6,0.04,5.6,0,11.75,24.4839,0.290343,0.00953573,24.4839,0.0,0.753565,2946.74
1200_dose_0.2_gradient_0_VconcST_0.04_Vconc_5.6_run_0.csv,1200.0,0.2,0,5.6,0.04,5.6,0,12.0,25.7313,0.284589,0.0100215,25.7313,0.0,0.762687,74.3951
1200_dose_0.2_gradient_0_VconcST_0.04_Vconc_5.6_run_0.csv,1200.0,0.2,0,5.6,0.04,5.6,0,12.25,26.9473,0.278949,0.0104951,26.9473,0.0,0.770953,2748.74
1200_dose_0.2_gradient_0_VconcST_0.04_Vconc_5.6_run_0.csv,1200.0,0.2,0,5.6,0.04,5.6,0,12.5,28.1327,0.27342,0.0109568,28.1327,0.0,0.778475,67.4117
1200_dose_0.2_gradient_0_VconcST_0.04_Vconc_5.6_run_0.csv,1200.0,0.2,0,5.6,0.04,5.6,0,12.75,29.2881,0.268001,0.0114068,29.2881,0.0,0.785345,2599.67
1200_dose_0.2_gradient_0_VconcST_0.04_Vconc_5.6_run_0.csv,1200.0,0.2,0,5.6,0.04,5.6,0,13.0,30.4142,0.26269,0.0118454,30.4142,0.0,0.791643,62.148
1200_dose_0.2_gradient_0_VconcST_0.04_Vconc_5.6_run_0.csv,1200.0,0.2,0,5.6,0.04,5.6,0,13.25,31.5114,0.257483,0.0122727,31.5114,0.0,0.797434,2326.44
1200_dose_0.2_gradient_0_VconcST_0.04_Vconc_5.6_run_0.csv,1200.0,0.2,0,5.6,0.04,5.6,0,13.5,32.5804,0.25238,0.0126891,32.5804,0.0,0.802775,61.7752
1200_dose_0.2_gradient_0_VconcST_0.04_Vconc_5.6_run_0.csv,1200.0,0.2,0,5.6,0.04,5.6,0,13.75,33.6218,0.247379,0.0130947,33.6218,0.0,0.807714,2136.31
1200_dose_0.2_gradient_0_VconcST_0.04_Vconc_5.6_run_0.csv,1200.0,0.2,0,5.6,0.04,5.6,0,14.0,34.6362,0.242476,0.0134897,34.6362,0.0,0.812292,58.4395
1200_dose_0.2_gradient_0_VconcST_0.04_Vconc_5.6_run_0.csv,1200.0,0.2,0,5.6,0.04,5.6,0,14.25,35.6241,0.23767,0.0138745,35.6241,0.0,0.816547,1937.84
1200_dose_0.2_gradient_0_VconcST_0.04_Vconc_5.6_run_0.csv,1200.0,0.2,0,5.6,0.04,5.6,0,14.5,36.5861,0.23296,0.0142491,36.5861,0.0,0.820508,495.731
1200_dose_0.2_gradient_0_VconcST_0.04_Vconc_5.6_run_0.csv,1200.0,0.2,0,5.6,0.04,5.6,0,14.75,37.5226,0.228343,0.0146139,37.5226,0.0,0.824204,1093.2
1200_dose_0.2_gradient_0_VconcST_0.04_Vconc_5.6_run_0.csv,1200.0,0.2,0,5.6,0.04,5.6,0,15.0,38.4499,0.423817,0.0149751,38.4499,0.0,0.827658,1443.88
1200_dose_0.2_gradient_0_VconcST_0.04_Vconc_5.6_run_0.csv,1200.0,0.2,0,5.6,0.04,5.6,0,15.25,40.2604,0.415418,0.0156802,40.2604,0.0,0.83413,443.885
1200_dose_0.2_gradient_0_VconcST_0.04_Vconc_5.6_run_0.csv,1200.0,0.2,0,5.6,0.04,5.6,0,15.5,42.0253,0.407185,0.0163675,42.0253,0.0,0.839988,1691.57
1200_dose_0.2_gradient_0_VconcST_0.04_Vconc_5.6_run_0.csv,1200.0,0.2,0,5.6,0.04,5.6,0,15.75,43.7454,0.399115,0.0170375,43.7454,0.0,0.845312,647.666
1200_dose_0.2_gradient_0_VconcST_0.04_Vconc_5.6_run_0.csv,1200.0,0.2,0,5.6,0.04,5.6,0,16.0,45.4218,0.391205,0.0176904,45.4218,0.000729167,0.850171,1462.51
1200_dose_0.2_gradient_0_VconcST_0.04_Vconc_5.6_run_0.csv,1200.0,0.2,0,5.6,0.04,5.6,0,16.25,47.0553,0.383452,0.0183266,47.0553,0.0224219,0.854621,1679.76
1200_dose_0.2_gradient_0_VconcST_0.04_Vconc_5.6_run_0.csv,1200.0,0.2,0,5.6,0.04,5.6,0,16.5,48.6469,0.375852,0.0189465,48.6469,0.0759375,0.858709,2082.63
1200_dose_0.2_gradient_0_VconcST_0.04_Vconc_5.6_run_0.csv,1200.0,0.2,0,5.6,0.04,5.6,0,16.75,50.1973,0.368403,0.0195503,50.1973,0.160703,0.862476,2112.23
1200_dose_0.2_gradient_0_VconcST_0.04_Vconc_5.6_run_0.csv,1200.0,0.2,0,5.6,0.04,5.6,0,17.0,51.7075,0.361102,0.0201385,51.7075,0.276719,0.865958,2055.89
1200_dose_0.2_gradient_0_VconcST_0.04_Vconc_5.6_run_0.csv,1200.0,0.2,0,5.6,0.04,5.6,0,17.25,53.1782,0.353945,0.0207113,53.1782,0.423984,0.869183,2036.38
1200_dose_0.2_gradient_0_VconcST_0.04_Vconc_5.6_run_0.csv,1200.0,0.2,0,5.6,0.04,5.6,0,17.5,54.6103,0.34693,0.021269,54.6103,0.6025,0.872177,1884.73
1200_dose_0.2_gradient_0_VconcST_0.04_Vconc_5.6_run_0.csv,1200.0,0.2,0,5.6,0.04,5.6,0,17.75,56.0046,0.340054,0.0218121,56.0046,0.812266,0.874964,1962.05
1200_dose_0.2_gradient_0_VconcST_0.04_Vconc_5.6_run_0.csv,1200.0,0.2,0,5.6,0.04,5.6,0,18.0,57.3619,0.333315,0.0223407,57.3619,0.988542,0.877563,1620.16
1200_dose_0.2_gradient_0_VconcST_0.04_Vconc_5.6_run_0.csv,1200.0,0.2,0,5.6,0.04,5.6,0,18.25,58.683,0.326709,0.0228552,58.683,1.0,0.87999,1431.51
1200_dose_0.2_gradient_0_VconcST_0.04_Vconc_5.6_run_0.csv,1200.0,0.2,0,5.6,0.04,5.6,0,18.5,59.9685,0.320234,0.0233559,59.9685,1.0,0.882262,1302.4
1200_dose_0.2_gradient_0_VconcST_0.04_Vconc_5.6_run_0.csv,1200.0,0.2,0,5.6,0.04,5.6,0,18.75,61.2193,0.313887,0.023843,61.2193,1.0,0.884391,1244.18
1200_dose_0.2_gradient_0_VconcST_0.04_Vconc_5.6_run_0.csv,1200.0,0.2,0,5.6,0.04,5.6,0,19.0,62.436,0.307667,0.0243169,62.436,0.0,0.886389,1136.65
1200_dose_0.2_gradient_0_VconcST_0.04_Vconc_5.6_run_0.csv,1200.0,0.2,0,5.6,0.04,5.6,0,19.25,63.6194,0.301569,0.0247778,63.6194,0.0,0.888268,969.789
1200_dose_0.2_gradient_0_VconcST_0.04_Vconc_5.6_run_0.csv,1200.0,0.2,0,5.6,0.04,5.6,0,19.5,64.7702,0.295592,0.025226,64.7702,0.0,0.890036,863.948
1200_dose_0.2_gradient_0_VconcST_0.04_Vconc_5.6_run_0.csv,1200.0,0.2,0,5.6,0.04,5.6,0,19.75,65.889,0.289734,0.0256617,65.889,0.0,0.891703,813.051
1200_dose_0.2_gradient_0_VconcST_0.04_Vconc_5.6_run_0.csv,1200.0,0.2,0,5.6,0.04,5.6,0,20.0,66.9921,0.483992,0.0260914,66.9921,0.0,0.893274,811.882
1200_dose_0.2_gradient_0_VconcST_0.04_Vconc_5.6_run_0.csv,1200.0,0.2,0,5.6,0.04,5.6,0,20.25,68.9721,0.4744,0.0268625,68.9721,0.0,0.896022,773.802
1200_dose_0.2_gradient_0_VconcST_0.04_Vconc_5.6_run_0.csv,1200.0,0.2,0,5.6,0.04,5.6,0,20.5,70.9004,0.464997,0.0276135,70.9004,0.0,0.898566,792.565
1200_dose_0.2_gradient_0_VconcST_0.04_Vconc_5.6_run_0.csv,1200.0,0.2,0,5.6,0.04,5.6,0,20.75,72.7779,0.455782,0.0283447,72.7779,0.0,0.900925,748.57
1200_dose_0.2_gradient_0_VconcST_0.04_Vconc_5.6_run_0.csv,1200.0,0.2,0,5.6,0.04,5.6,0,21.0,74.6058,0.446749,0.0290566,74.6058,0.0,0.903119,721.161
1200_dose_0.2_gradient_0_VconcST_0.04_Vconc_5.6_run_0.csv,1200.0,0.2,0,5.6,0.04,5.6,0,21.25,76.385,0.437895,0.0297496,76.385,0.0,0.905164,716.151
1200_dose_0.2_gradient_0_VconcST_0.04_Vconc_5.6_run_0.csv,1200.0,0.2,0,5.6,0.04,5.6,0,21.5,78.1167,0.429216,0.030424,78.1167,0.0,0.907072,708.992
1200_dose_0.2_gradient_0_VconcST_0.04_Vconc_5.6_run_0.csv,1200.0,0.2,0,5.6,0.04,5.6,0,21.75,79.8017,0.420709,0.0310803,79.8017,0.0,0.908857,738.098
1200_dose_0.2_gradient_0_VconcST_0.04_Vconc_5.6_run_0.csv,1200.0,0.2,0,5.6,0.04,5.6,0,22.0,81.441,0.412372,0.0317187,81.441,0.0,0.910529,698.311
1200_dose_0.2_gradient_0_VconcST_0.04_Vconc_5.6_run_0.csv,1200.0,0.2,0,5.6,0.04,5.6,0,22.25,83.0357,0.404199,0.0323398,83.0357,0.0,0.912097,681.031
1200_dose_0.2_gradient_0_VconcST_0.04_Vconc_5.6_run_0.csv,1200.0,0.2,0,5.6,0.04,5.6,0,22.5,84.5865,0.396188,0.0329438,84.5865,0.0,0.913571,664.794
1200_dose_0.2_gradient_0_VconcST_0.04_Vconc_5.6_run_0.csv,1200.0,0.2,0,5.6,0.04,5.6,0,22.75,86.0945,0.388336,0.0335312,86.0945,0.0,0.914957,687.539
1200_dose_0.2_gradient_0_VconcST_0.04_Vconc_5.6_run_0.csv,1200.0,0.2,0,5.6,0.04,5.6,0,23.0,87.5606,0.38064,0.0341021,87.5606,0.0,0.916262,659.771
1200_dose_0.2_gradient_0_VconcST_0.04_Vconc_5.6_run_0.csv,1200.0,0.2,0,5.6,0.04,5.6,0,23.25,88.9855,0.373096,0.0346571,88.9855,0.0,0.917494,669.16
1200_dose_0.2_gradient_0_VconcST_0.04_Vconc_5.6_run_0.csv,1200.0,0.2,0,5.6,0.04,5.6,0,23.5,90.3703,0.365701,0.0351964,90.3703,0.0,0.918656,649.309
1200_dose_0.2_gradient_0_VconcST_0.04_Vconc_5.6_run_0.csv,1200.0,0.2,0,5.6,0.04,5.6,0,23.75,91.7157,0.358454,0.0357204,91.7157,0.0,0.919754,638.43
1200_dose_0.2_gradient_0_VconcST_0.04_Vconc_5.6_run_0.csv,1200.0,0.2,0,5.6,0.04,5.6,0,24.0,93.0225,0.35135,0.0362294,93.0225,0.0,0.920793,624.431
1200_dose_0.2_gradient_0_VconcST_0.04_Vconc_5.6_run_0.csv,1200.0,0.2,0,5.6,0.04,5.6,0,24.25,94.2915,0.344386,0.0367236,94.2915,0.0,0.921776,620.092
1200_dose_0.2_gradient_0_VconcST_0.04_Vconc_5.6_run_0.csv,1200.0,0.2,0,5.6,0.04,5.6,0,24.5,95.5236,0.337561,0.0372035,95.5236,0.0,0.922708,610.61
1200_dose_0.2_gradient_0_VconcST_0.04_Vconc_5.6_run_0.csv,1200.0,0.2,0,5.6,0.04,5.6,0,24.75,96.7195,0.330871,0.0376693,96.7195,0.0,0.923591,606.27
1200_dose_0.2_gradient_0_VconcST_0.04_Vconc_5.6_run_0.csv,1200.0,0.2,0,5.6,0.04,5.6,0,25.0,97.8956,0.524313,0.0381273,97.8956,0.0,0.924429,595.479
1200_dose_0.2_gradient_0_VconcST_0.04_Vconc_5.6_run_0.csv,1200.0,0.2,0,5.6,0.04,5.6,0,25.25,99.9446,0.513922,0.0389253,99.9446,0.0,0.925865,610.548
1200_dose_0.2_gradient_0_VconcST_0.04_Vconc_5.6_run_0.csv,1200.0,0.2,0,5.6,0.04,5.6,0,25.5,101.938,0.503737,0.0397016,101.938,0.0,0.92721,578.055
1200_dose_0.2_gradient_0_VconcST_0.04_Vconc_5.6_run_0.csv,1200.0,0.2,0,5.6,0.04,5.6,0,25.75,103.876,0.493753,0.0404567,103.876,0.0,0.928472,593.969
1200_dose_0.2_gradient_0_VconcST_0.04_Vconc_5.6_run_0.csv,1200.0,0.2,0,5.6,0.04,5.6,0,26.0,105.762,0.483968,0.0411909,105.762,0.0,0.929658,568.134
1200_dose_0.2_gradient_0_VconcST_0.04_Vconc_5.6_run_0.csv,1200.0,0.2,0,5.6,0.04,5.6,0,26.25,107.595,0.474376,0.0419048,107.595,0.0,0.930775,576.507
1200_dose_0.2_gradient_0_VconcST_0.04_Vconc_5.6_run_0.csv,1200.0,0.2,0,5.6,0.04,5.6,0,26.5,109.376,0.464974,0.0425987,109.376,0.0,0.931826,555.296
1200_dose_0.2_gradient_0_VconcST_0.04_Vconc_5.6_run_0.csv,1200.0,0.2,0,5.6,0.04,5.6,0,26.75,111.108,0.455759,0.043273,111.108,0.0,0.932818,556.297
1200_dose_0.2_gradient_0_VconcST_0.04_Vconc_5.6_run_0.csv,1200.0,0.2,0,5.6,0.04,5.6,0,27.0,112.79,0.446726,0.0439283,112.79,0.0,0.933754,537.365
1200_dose_0.2_gradient_0_VconcST_0.04_Vconc_5.6_run_0.csv,1200.0,0.2,0,5.6,0.04,5.6,0,27.25,114.425,0.437873,0.0445648,114.425,0.0,0.934639,541.876
1200_dose_0.2_gradient_0_VconcST_0.04_Vconc_5.6_run_0.csv,1200.0,0.2,0,5.6,0.04,5.6,0,27.5,116.012,0.429195,0.045183,116.012,0.0,0.935476,546.694
1200_dose_0.2_gradient_0_VconcST_0.04_Vconc_5.6_run_0.csv,1200.0,0.2,0,5.6,0.04,5.6,0,27.75,117.553,0.420689,0.0457833,117.553,0.0,0.936269,528.73
1200_dose_0.2_gradient_0_VconcST_0.04_Vconc_5.6_run_0.csv,1200.0,0.2,0,5.6,0.04,5.6,0,28.0,119.049,0.412351,0.046366,119.049,0.0,0.93702,523.804
1200_dose_0.2_gradient_0_VconcST_0.04_Vconc_5.6_run_0.csv,1200.0,0.2,0,5.6,0.04,5.6,0,28.25,120.501,0.404179,0.0469314,120.501,0.0,0.937732,525.636
1200_dose_0.2_gradient_0_VconcST_0.04_Vconc_5.6_run_0.csv,1200.0,0.2,0,5.6,0.04,5.6,0,28.5,121.91,0.396168,0.0474801,121.91,0.0,0.938408,512.525
1200_dose_0.2_gradient_0_VconcST_0.04_Vconc_5.6_run_0.csv,1200.0,0.2,0,5.6,0.04,5.6,0,28.75,123.276,0.388317,0.0480123,123.276,0.0,0.939049,499.895
1200_dose_0.2_gradient_0_VconcST_0.04_Vconc_4_run_0.csv,1200.0,0.2,0,4.0,0.04,4.0,0,0.0,0.0,0.0,0.0,0.0,0.0,0.0,0.0
1200_dose_0.2_gradient_0_VconcST_0.04_Vconc_4_run_0.csv,1200.0,0.2,0,4.0,0.04,4.0,0,0.25,0.0,0.0,0.0,0.0,0.0,0.0,10000.0
1200_dose_0.2_gradient_0_VconcST_0.04_Vconc_4_run_0.csv,1200.0,0.2,0,4.0,0.04,4.0,0,0.5,0.0,0.0,0.0,0.0,0.0,0.0,425.005
1200_dose_0.2_gradient_0_VconcST_0.04_Vconc_4_run_0.csv,1200.0,0.2,0,4.0,0.04,4.0,0,0.75,0.0,0.0,0.0,0.0,0.0,0.0,10000.0
1200_dose_0.2_gradient_0_VconcST_0.04_Vconc_4_run_0.csv,1200.0,0.2,0,4.0,0.04,4.0,0,1.0,0.0,0.0,0.0,0.0,0.0,0.0,459.404
1200_dose_0.2_gradient_0_VconcST_0.04_Vconc_4_run_0.csv,1200.0,0.2,0,4.0,0.04,4.0,0,1.25,0.0,0.0,0.0,0.0,0.0,0.0,10000.0
1200_dose_0.2_gradient_0_VconcST_0.04_Vconc_4_run_0.csv,1200.0,0.2,0,4.0,0.04,4.0,0,1.5,0.0,0.0,0.0,0.0,0.0,0.0,443.269
1200_dose_0.2_gradient_0_VconcST_0.04_Vconc_4_run_0.csv,1200.0,0.2,0,4.0,0.04,4.0,0,1.75,0.0,0.0,0.0,0.0,0.0,0.0,10000.0
1200_dose_0.2_gradient_0_VconcST_0.04_Vconc_4_run_0.csv,1200.0,0.2,0,4.0,0.04,4.0,0,2.0,0.0,0.0,0.0,0.0,0.0,0.0,441.598
1200_dose_0.2_gradient_0_VconcST_0.04_Vconc_4_run_0.csv,1200.0,0.2,0,4.0,0.04,4.0,0,2.25,0.0,0.0,0.0,0.0,0.0,0.0,10000.0
1200_dose_0.2_gradient_0_VconcST_0.04_Vconc_4_run_0.csv,1200.0,0.2,0,4.0,0.04,4.0,0,2.5,0.0,0.0,0.0,0.0,0.0,0.0,451.712
1200_dose_0.2_gradient_0_VconcST_0.04_Vconc_4_run_0.csv,1200.0,0.2,0,4.0,0.04,4.0,0,2.75,0.0,0.0,0.0,0.0,0.0,0.0,10000.0
1200_dose_0.2_gradient_0_VconcST_0.04_Vconc_4_run_0.csv,1200.0,0.2,0,4.0,0.04,4.0,0,3.0,0.0,0.0,0.0,0.0,0.0,0.0,437.161
1200_dose_0.2_gradient_0_VconcST_0.04_Vconc_4_run_0.csv,1200.0,0.2,0,4.0,0.04,4.0,0,3.25,0.0,0.0,0.0,0.0,0.0,0.0,10000.0
1200_dose_0.2_gradient_0_VconcST_0.04_Vconc_4_run_0.csv,1200.0,0.2,0,4.0,0.04,4.0,0,3.5,0.0,0.0,0.0,0.0,0.0,0.0,429.586
1200_dose_0.2_gradient_0_VconcST_0.04_Vconc_4_run_0.csv,1200.0,0.2,0,4.0,0.04,4.0,0,3.75,0.0,0.0,0.0,0.0,0.0,0.0,10000.0
1200_dose_0.2_gradient_0_VconcST_0.04_Vconc_4_run_0.csv,1200.0,0.2,0,4.0,0.04,4.0,0,4.0,0.0,0.0,0.0,0.0,0.0,0.0,448.816
1200_dose_0.2_gradient_0_VconcST_0.04_Vconc_4_run_0.csv,1200.0,0.2,0,4.0,0.04,4.0,0,4.25,0.0,0.0,0.0,0.0,0.0,0.0,10000.0
1200_dose_0.2_gradient_0_VconcST_0.04_Vconc_4_run_0.csv,1200.0,0.2,0,4.0,0.04,4.0,0,4.5,0.0,0.0,0.0,0.0,0.0,0.0,429.519
1200_dose_0.2_gradient_0_VconcST_0.04_Vconc_4_run_0.csv,1200.0,0.2,0,4.0,0.04,4.0,0,4.75,0.0,0.0,0.0,0.0,0.0,0.0,10000.0
1200_dose_0.2_gradient_0_VconcST_0.04_Vconc_4_run_0.csv,1200.0,0.2,0,4.0,0.04,4.0,0,5.0,0.0155725,0.2,6.06501e-06,0.0155725,0.0,0.0,425.372
1200_dose_0.2_gradient_0_VconcST_0.04_Vconc_4_run_0.csv,1200.0,0.2,0,4.0,0.04,4.0,0,5.25,0.938689,0.196036,0.00036559,0.938689,0.0,0.103489,10000.0
1200_dose_0.2_gradient_0_VconcST_0.04_Vconc_4_run_0.csv,1200.0,0.2,0,4.0,0.04,4.0,0,5.5,1.84001,0.192151,0.000716626,1.84001,0.0,0.185764,340.907
1200_dose_0.2_gradient_0_VconcST_0.04_Vconc_4_run_0.csv,1200.0,0.2,0,4.0,0.04,4.0,0,5.75,2.71998,0.188343,0.00105935,2.71998,0.0,0.252719,7576.96
1200_dose_0.2_gradient_0_VconcST_0.04_Vconc_4_run_0.csv,1200.0,0.2,0,4.0,0.04,4.0,0,6.0,3.57903,0.18461,0.00139392,3.57903,0.0,0.308251,236.077
1200_dose_0.2_gradient_0_VconcST_0.04_Vconc_4_run_0.csv,1200.0,0.2,0,4.0,0.04,4.0,0,6.25,4.4176,0.180951,0.00172052,4.4176,0.0,0.355036,6387.97
1200_dose_0.2_gradient_0_VconcST_0.04_Vconc_4_run_0.csv,1200.0,0.2,0,4.0,0.04,4.0,0,6.5,5.23609,0.177365,0.0020393,5.23609,0.0,0.394976,191.713
1200_dose_0.2_gradient_0_VconcST_0.04_Vconc_4_run_0.csv,1200.0,0.2,0,4.0,0.04,4.0,0,6.75,6.03493,0.17385,0.00235042,6.03493,0.0,0.429459,5443.97
1200_dose_0.2_gradient_0_VconcST_0.04_Vconc_4_run_0.csv,1200.0,0.2,0,4.0,0.04,4.0,0,7.0,6.81452,0.170404,0.00265405,6.81452,0.0,0.459521,152.447
1200_dose_0.2_gradient_0_VconcST_0.04_Vconc_4_run_0.csv,1200.0,0.2,0,4.0,0.04,4.0,0,7.25,7.57525,0.167027,0.00295032,7.57525,0.000824653,0.485951,4928.34
1200_dose_0.2_gradient_0_VconcST_0.04_Vconc_4_run_0.csv,1200.0,0.2,0,4.0,0.04,4.0,0,7.5,8.3175,0.163717,0.00323941,8.3175,0.0,0.509361,135.994
1200_dose_0.2_gradient_0_VconcST_0.04_Vconc_4_run_0.csv,1200.0,0.2,0,4.0,0.04,4.0,0,7.75,9.04166,0.160472,0.00352145,9.04166,0.0,0.530234,4456.04
1200_dose_0.2_gradient_0_VconcST_0.04_Vconc_4_run_0.csv,1200.0,0.2,0,4.0,0.04,4.0,0,8.0,9.7481,0.157292,0.00379658,9.7481,0.0,0.548952,123.064
1200_dose_0.2_gradient_0_VconcST_0.04_Vconc_4_run_0.csv,1200.0,0.2,0,4.0,0.04,4.0,0,8.25,10.4372,0.154174,0.00406496,10.4372,0.0,0.565827,3945.98
1200_dose_0.2_gradient_0_VconcST_0.04_Vconc_4_run_0.csv,1200.0,0.2,0,4.0,0.04,4.0,0,8.5,11.1092,0.151119,0.00432671,11.1092,0.0,0.581112,108.79
1200_dose_0.2_gradient_0_VconcST_0.04_Vconc_4_run_0.csv,1200.0,0.2,0,4.0,0.04,4.0,0,8.75,11.7647,0.148124,0.00458197,11.7647,0.0,0.595016,3633.43
1200_dose_0.2_gradient_0_VconcST_0.04_Vconc_4_run_0.csv,1200.0,0.2,0,4.0,0.04,4.0,0,9.0,12.4038,0.145188,0.00483089,12.4038,0.0,0.607714,98.6159
1200_dose_0.2_gradient_0_VconcST_0.04_Vconc_4_run_0.csv,1200.0,0.2,0,4.0,0.04,4.0,0,9.25,13.0269,0.142311,0.00507358,13.0269,0.0,0.61935,3381.73
1200_dose_0.2_gradient_0_VconcST_0.04_Vconc_4_run_0.csv,1200.0,0.2,0,4.0,0.04,4.0,0,9.5,13.6344,0.13949,0.00531018,13.6344,0.0,0.630048,90.9747
1200_dose_0.2_gradient_0_VconcST_0.04_Vconc_4_run_0.csv,1200.0,0.2,0,4.0,0.04,4.0,0,9.75,14.2266,0.136726,0.00554082,14.2266,0.0,0.639913,3161.98
1200_dose_0.2_gradient_0_VconcST_0.04_Vconc_4_run_0.csv,1200.0,0.2,0,4.0,0.04,4.0,0,10.0,14.8193,0.334016,0.00577167,14.8193,0.0,0.649034,82.4876
1200_dose_0.2_gradient_0_VconcST_0.04_Vconc_4_run_0.csv,1200.0,0.2,0,4.0,0.04,4.0,0,10.25,16.3049,0.327396,0.00635026,16.3049,0.0,0.670517,2873.22
1200_dose_0.2_gradient_0_VconcST_0.04_Vconc_4_run_0.csv,1200.0,0.2,0,4.0,0.04,4.0,0,10.5,17.7543,0.320908,0.00691475,17.7543,0.0,0.689084,70.025
1200_dose_0.2_gradient_0_VconcST_0.04_Vconc_4_run_0.csv,1200.0,0.2,0,4.0,0.04,4.0,0,10.75,19.1682,0.314548,0.00746544,19.1682,0.0,0.705286,2480.28
1200_dose_0.2_gradient_0_VconcST_0.04_Vconc_4_run_0.csv,1200.0,0.2,0,4.0,0.04,4.0,0,11.0,20.5475,0.308314,0.00800261,20.5475,0.0,0.719542,60.7574
1200_dose_0.2_gradient_0_VconcST_0.04_Vconc_4_run_0.csv,1200.0,0.2,0,4.0,0.04,4.0,0,11.25,21.8927,0.302203,0.00852653,21.8927,0.0,0.732178,2185.94
1200_dose_0.2_gradient_0_VconcST_0.04_Vconc_4_run_0.csv,1200.0,0.2,0,4.0,0.04,4.0,0,11.5,23.2046,0.296214,0.00903748,23.2046,0.0,0.74345,55.9512
1200_dose_0.2_gradient_0_VconcST_0.04_Vconc_4_run_0.csv,1200.0,0.2,0,4.0,0.04,4.0,0,11.75,24.4839,0.290343,0.00953573,24.4839,0.0,0.753565,1875.03
1200_dose_0.2_gradient_0_VconcST_0.04_Vconc_4_run_0.csv,1200.0,0.2,0,4.0,0.04,4.0,0,12.0,25.7313,0.284589,0.0100215,25.7313,0.0,0.762687,554.969
1200_dose_0.2_gradient_0_VconcST_0.04_Vconc_4_run_0.csv,1200.0,0.2,0,4.0,0.04,4.0,0,12.25,26.9473,0.278949,0.0104951,26.9473,0.0,0.770953,1031.52
1200_dose_0.2_gradient_0_VconcST_0.04_Vconc_4_run_0.csv,1200.0,0.2,0,4.0,0.04,4.0,0,12.5,28.1327,0.27342,0.0109568,28.1327,0.0,0.778475,1301.49
1200_dose_0.2_gradient_0_VconcST_0.04_Vconc_4_run_0.csv,1200.0,0.2,0,4.0,0.04,4.0,0,12.75,29.2881,0.268001,0.0114068,29.2881,0.0,0.785345,689.101
1200_dose_0.2_gradient_0_VconcST_0.04_Vconc_4_run_0.csv,1200.0,0.2,0,4.0,0.04,4.0,0,13.0,30.4142,0.26269,0.0118454,30.4142,0.0,0.791643,1275.43
1200_dose_0.2_gradient_0_VconcST_0.04_Vconc_4_run_0.csv,1200.0,0.2,0,4.0,0.04,4.0,0,13.25,31.5114,0.257483,0.0122727,31.5114,0.0,0.797434,995.793
1200_dose_0.2_gradient_0_VconcST_0.04_Vconc_4_run_0.csv,1200.0,0.2,0,4.0,0.04,4.0,0,13.5,32.5804,0.25238,0.0126891,32.5804,0.00849392,0.802775,1432.1
1200_dose_0.2_gradient_0_VconcST_0.04_Vconc_4_run_0.csv,1200.0,0.2,0,4.0,0.04,4.0,0,13.75,33.6218,0.247379,0.0130947,33.6218,0.0558898,0.807714,1708.65
1200_dose_0.2_gradient_0_VconcST_0.04_Vconc_4_run_0.csv,1200.0,0.2,0,4.0,0.04,4.0,0,14.0,34.6362,0.242476,0.0134897,34.6362,0.134536,0.812292,1696.78
1200_dose_0.2_gradient_0_VconcST_0.04_Vconc_4_run_0.csv,1200.0,0.2,0,4.0,0.04,4.0,0,14.25,35.6241,0.23767,0.0138745,35.6241,0.244431,0.816547,1841.47
1200_dose_0.2_gradient_0_VconcST_0.04_Vconc_4_run_0.csv,1200.0,0.2,0,4.0,0.04,4.0,0,14.5,36.5861,0.23296,0.0142491,36.5861,0.385577,0.820508,1973.62
1200_dose_0.2_gradient_0_VconcST_0.04_Vconc_4_run_0.csv,1200.0,0.2,0,4.0,0.04,4.0,0,14.75,37.5226,0.228343,0.0146139,37.5226,0.557973,0.824204,1897.89
1200_dose_0.2_gradient_0_VconcST_0.04_Vconc_4_run_0.csv,1200.0,0.2,0,4.0,0.04,4.0,0,15.0,38.4499,0.423817,0.0149751,38.4499,0.761619,0.827658,1816.23
1200_dose_0.2_gradient_0_VconcST_0.04_Vconc_4_run_0.csv,1200.0,0.2,0,4.0,0.04,4.0,0,15.25,40.2604,0.415418,0.0156802,40.2604,0.914583,0.83413,1653.93
1200_dose_0.2_gradient_0_VconcST_0.04_Vconc_4_run_0.csv,1200.0,0.2,0,4.0,0.04,4.0,0,15.5,42.0253,0.407185,0.0163675,42.0253,1.0,0.839988,1579.35
1200_dose_0.2_gradient_0_VconcST_0.04_Vconc_4_run_0.csv,1200.0,0.2,0,4.0,0.04,4.0,0,15.75,43.7454,0.399115,0.0170375,43.7454,1.0,0.845312,1369.98
1200_dose_0.2_gradient_0_VconcST_0.04_Vconc_4_run_0.csv,1200.0,0.2,0,4.0,0.04,4.0,0,16.0,45.4218,0.391205,0.0176904,45.4218,0.986458,0.850171,1055.37
1200_dose_0.2_gradient_0_VconcST_0.04_Vconc_4_run_0.csv,1200.0,0.2,0,4.0,0.04,4.0,0,16.25,47.0553,0.383452,0.0183266,47.0553,0.0,0.854621,945.722
1200_dose_0.2_gradient_0_VconcST_0.04_Vconc_4_run_0.csv,1200.0,0.2,0,4.0,0.04,4.0,0,16.5,48.6469,0.375852,0.0189465,48.6469,0.0,0.858709,825.108
1200_dose_0.2_gradient_0_VconcST_0.04_Vconc_4_run_0.csv,1200.0,0.2,0,4.0,0.04,4.0,0,16.75,50.1973,0.368403,0.0195503,50.1973,0.0,0.862476,731.039
1200_dose_0.2_gradient_0_VconcST_0.04_Vconc_4_run_0.csv,1200.0,0.2,0,4.0,0.04,4.0,0,17.0,51.7075,0.361102,0.0201385,51.7075,0.0,0.865958,737.529
1200_dose_0.2_gradient_0_VconcST_0.04_Vconc_4_run_0.csv,1200.0,0.2,0,4.0,0.04,4.0,0,17.25,53.1782,0.353945,0.0207113,53.1782,0.0,0.869183,730.84
1200_dose_0.2_gradient_0_VconcST_0.04_Vconc_4_run_0.csv,1200.0,0.2,0,4.0,0.04,4.0,0,17.5,54.6103,0.34693,0.021269,54.6103,0.0,0.872177,715.608
1200_dose_0.2_gradient_0_VconcST_0.04_Vconc_4_run_0.csv,1200.0,0.2,0,4.0,0.04,4.0,0,17.75,56.0046,0.340054,0.0218121,56.0046,0.0,0.874964,708.034
1200_dose_0.2_gradient_0_VconcST_0.04_Vconc_4_run_0.csv,1200.0,0.2,0,4.0,0.04,4.0,0,18.0,57.3619,0.333315,0.0223407,57.3619,0.0,0.877563,695.658
1200_dose_0.2_gradient_0_VconcST_0.04_Vconc_4_run_0.csv,1200.0,0.2,0,4.0,0.04,4.0,0,18.25,58.683,0.326709,0.0228552,58.683,0.0,0.87999,688.978
1200_dose_0.2_gradient_0_VconcST_0.04_Vconc_4_run_0.csv,1200.0,0.2,0,4.0,0.04,4.0,0,18.5,59.9685,0.320234,0.0233559,59.9685,0.0,0.882262,688.819
1200_dose_0.2_gradient_0_VconcST_0.04_Vconc_4_run_0.csv,1200.0,0.2,0,4.0,0.04,4.0,0,18.75,61.2193,0.313887,0.023843,61.2193,0.0,0.884391,650.399
1200_dose_0.2_gradient_0_VconcST_0.04_Vconc_4_run_0.csv,1200.0,0.2,0,4.0,0.04,4.0,0,19.0,62.436,0.307667,0.0243169,62.436,0.0,0.886389,642.171
1200_dose_0.2_gradient_0_VconcST_0.04_Vconc_4_run_0.csv,1200.0,0.2,0,4.0,0.04,4.0,0,19.25,63.6194,0.301569,0.0247778,63.6194,0.0,0.888268,651.841
1200_dose_0.2_gradient_0_VconcST_0.04_Vconc_4_run_0.csv,1200.0,0.2,0,4.0,0.04,4.0,0,19.5,64.7702,0.295592,0.025226,64.7702,0.0,0.890036,613.518
1200_dose_0.2_gradient_0_VconcST_0.04_Vconc_4_run_0.csv,1200.0,0.2,0,4.0,0.04,4.0,0,19.75,65.889,0.289734,0.0256617,65.889,0.0,0.891703,634.038
1200_dose_0.2_gradient_0_VconcST_0.04_Vconc_4_run_0.csv,1200.0,0.2,0,4.0,0.04,4.0,0,20.0,66.9921,0.483992,0.0260914,66.9921,0.0,0.893274,629.819
1200_dose_0.2_gradient_0_VconcST_0.04_Vconc_4_run_0.csv,1200.0,0.2,0,4.0,0.04,4.0,0,20.25,68.9721,0.4744,0.0268625,68.9721,0.0,0.896022,593.28
1200_dose_0.2_gradient_0_VconcST_0.04_Vconc_4_run_0.csv,1200.0,0.2,0,4.0,0.04,4.0,0,20.5,70.9004,0.464997,0.0276135,70.9004,0.0,0.898566,597.268
1200_dose_0.2_gradient_0_VconcST_0.04_Vconc_4_run_0.csv,1200.0,0.2,0,4.0,0.04,4.0,0,20.75,72.7779,0.455782,0.0283447,72.7779,0.0,0.900925,558.928
1200_dose_0.2_gradient_0_VconcST_0.04_Vconc_4_run_0.csv,1200.0,0.2,0,4.0,0.04,4.0,0,21.0,74.6058,0.446749,0.0290566,74.6058,0.0,0.903119,571.659
1200_dose_0.2_gradient_0_VconcST_0.04_Vconc_4_run_0.csv,1200.0,0.2,0,4.0,0.04,4.0,0,21.25,76.385,0.437895,0.0297496,76.385,0.0,0.905164,541.075
1200_dose_0.2_gradient_0_VconcST_0.04_Vconc_4_run_0.csv,1200.0,0.2,0,4.0,0.04,4.0,0,21.5,78.1167,0.429216,0.030424,78.1167,0.0,0.907072,549.345
1200_dose_0.2_gradient_0_VconcST_0.04_Vconc_4_run_0.csv,1200.0,0.2,0,4.0,0.04,4.0,0,21.75,79.8017,0.420709,0.0310803,79.8017,0.0,0.908857,531.625
1200_dose_0.2_gradient_0_VconcST_0.04_Vconc_4_run_0.csv,1200.0,0.2,0,4.0,0.04,4.0,0,22.0,81.441,0.412372,0.0317187,81.441,0.0,0.910529,534.159
1200_dose_0.2_gradient_0_VconcST_0.04_Vconc_4_run_0.csv,1200.0,0.2,0,4.0,0.04,4.0,0,22.25,83.0357,0.404199,0.0323398,83.0357,0.0,0.912097,518.893
1200_dose_0.2_gradient_0_VconcST_0.04_Vconc_4_run_0.csv,1200.0,0.2,0,4.0,0.04,4.0,0,22.5,84.5865,0.396188,0.0329438,84.5865,0.0,0.913571,516.948
1200_dose_0.2_gradient_0_VconcST_0.04_Vconc_4_run_0.csv,1200.0,0.2,0,4.0,0.04,4.0,0,22.75,86.0945,0.388336,0.0335312,86.0945,0.0,0.914957,508.198
1200_dose_0.2_gradient_0_VconcST_0.04_Vconc_4_run_0.csv,1200.0,0.2,0,4.0,0.04,4.0,0,23.0,87.5606,0.38064,0.0341021,87.5606,0.0,0.916262,487.963
1200_dose_0.2_gradient_0_VconcST_0.04_Vconc_4_run_0.csv,1200.0,0.2,0,4.0,0.04,4.0,0,23.25,88.9855,0.373096,0.0346571,88.9855,0.0,0.917494,499.924
1200_dose_0.2_gradient_0_VconcST_0.04_Vconc_4_run_0.csv,1200.0,0.2,0,4.0,0.04,4.0,0,23.5,90.3703,0.365701,0.0351964,90.3703,0.0,0.918656,503.99
1200_dose_0.2_gradient_0_VconcST_0.04_Vconc_4_run_0.csv,1200.0,0.2,0,4.0,0.04,4.0,0,23.75,91.7157,0.358454,0.0357204,91.7157,0.0,0.919754,490.925
1200_dose_0.2_gradient_0_VconcST_0.04_Vconc_4_run_0.csv,1200.0,0.2,0,4.0,0.04,4.0,0,24.0,93.0225,0.35135,0.0362294,93.0225,0.0,0.920793,479.884
1200_dose_0.2_gradient_0_VconcST_0.04_Vconc_4_run_0.csv,1200.0,0.2,0,4.0,0.04,4.0,0,24.25,94.2915,0.344386,0.0367236,94.2915,0.0,0.921776,472.357
1200_dose_0.2_gradient_0_VconcST_0.04_Vconc_4_run_0.csv,1200.0,0.2,0,4.0,0.04,4.0,0,24.5,95.5236,0.337561,0.0372035,95.5236,0.0,0.922708,469.787
1200_dose_0.2_gradient_0_VconcST_0.04_Vconc_4_run_0.csv,1200.0,0.2,0,4.0,0.04,4.0,0,24.75,96.7195,0.330871,0.0376693,96.7195,0.0,0.923591,465.175
1200_dose_0.2_gradient_0_VconcST_0.04_Vconc_4_run_0.csv,1200.0,0.2,0,4.0,0.04,4.0,0,25.0,97.8956,0.524313,0.0381273,97.8956,0.0,0.924429,448.624
1200_dose_0.2_gradient_0_VconcST_0.04_Vconc_4_run_0.csv,1200.0,0.2,0,4.0,0.04,4.0,0,25.25,99.9446,0.513922,0.0389253,99.9446,0.0,0.925865,441.288
1200_dose_0.2_gradient_0_VconcST_0.04_Vconc_4_run_0.csv,1200.0,0.2,0,4.0,0.04,4.0,0,25.5,101.938,0.503737,0.0397016,101.938,0.0,0.92721,447.9
1200_dose_0.2_gradient_0_VconcST_0.04_Vconc_4_run_0.csv,1200.0,0.2,0,4.0,0.04,4.0,0,25.75,103.876,0.493753,0.0404567,103.876,0.0,0.928472,428.404
1200_dose_0.2_gradient_0_VconcST_0.04_Vconc_4_run_0.csv,1200.0,0.2,0,4.0,0.04,4.0,0,26.0,105.762,0.483968,0.0411909,105.762,0.0,0.929658,432.894
1200_dose_0.2_gradient_0_VconcST_0.04_Vconc_4_run_0.csv,1200.0,0.2,0,4.0,0.04,4.0,0,26.25,107.595,0.474376,0.0419048,107.595,0.0,0.930775,422.241
1200_dose_0.2_gradient_0_VconcST_0.04_Vconc_4_run_0.csv,1200.0,0.2,0,4.0,0.04,4.0,0,26.5,109.376,0.464974,0.0425987,109.376,0.0,0.931826,419.987
1200_dose_0.2_gradient_0_VconcST_0.04_Vconc_4_run_0.csv,1200.0,0.2,0,4.0,0.04,4.0,0,26.75,111.108,0.455759,0.043273,111.108,0.0,0.932818,408.452
1200_dose_0.2_gradient_0_VconcST_0.04_Vconc_4_run_0.csv,1200.0,0.2,0,4.0,0.04,4.0,0,27.0,112.79,0.446726,0.0439283,112.79,0.0,0.933754,416.725
1200_dose_0.2_gradient_0_VconcST_0.04_Vconc_4_run_0.csv,1200.0,0.2,0,4.0,0.04,4.0,0,27.25,114.425,0.437873,0.0445648,114.425,0.0,0.934639,395.575
1200_dose_0.2_gradient_0_VconcST_0.04_Vconc_4_run_0.csv,1200.0,0.2,0,4.0,0.04,4.0,0,27.5,116.012,0.429195,0.045183,116.012,0.0,0.935476,401.47
1200_dose_0.2_gradient_0_VconcST_0.04_Vconc_4_run_0.csv,1200.0,0.2,0,4.0,0.04,4.0,0,27.75,117.553,0.420689,0.0457833,117.553,0.0,0.936269,378.532
1200_dose_0.2_gradient_0_VconcST_0.04_Vconc_4_run_0.csv,1200.0,0.2,0,4.0,0.04,4.0,0,28.0,119.049,0.412351,0.046366,119.049,0.0,0.93702,386.671
1200_dose_0.2_gradient_0_VconcST_0.04_Vconc_4_run_0.csv,1200.0,0.2,0,4.0,0.04,4.0,0,28.25,120.501,0.404179,0.0469314,120.501,0.0,0.937732,387.589
1200_dose_0.2_gradient_0_VconcST_0.04_Vconc_4_run_0.csv,1200.0,0.2,0,4.0,0.04,4.0,0,28.5,121.91,0.396168,0.0474801,121.91,0.0,0.938408,385.759
1200_dose_0.2_gradient_0_VconcST_0.04_Vconc_4_run_0.csv,1200.0,0.2,0,4.0,0.04,4.0,0,28.75,123.276,0.388317,0.0480123,123.276,0.0,0.939049,377.802
