filename,schedule,dose,gradient,vegf_level,VconcST,Vconc,run,hours,drug_tumour_nM,drug_gut_mgL,drug_blood_mgL,drug_blood_nM,vasc_score,vegfr_inhibition,dll4_average
5760_dose_800_gradient_0_VconcST_0_Vconc_5.6_run_2.csv,5760.0,800.0,0,5.6,0.0,5.6,2,0.0,0.0,0.0,0.0,0.0,0.0,0.0,0.0
5760_dose_800_gradient_0_VconcST_0_Vconc_5.6_run_2.csv,5760.0,800.0,0,5.6,0.0,5.6,2,0.25,0.0,0.0,0.0,0.0,0.0,0.0,10000.0
5760_dose_800_gradient_0_VconcST_0_Vconc_5.6_run_2.csv,5760.0,800.0,0,5.6,0.0,5.6,2,0.5,0.0,0.0,0.0,0.0,0.0,0.0,277.107
5760_dose_800_gradient_0_VconcST_0_Vconc_5.6_run_2.csv,5760.0,800.0,0,5.6,0.0,5.6,2,0.75,0.0,0.0,0.0,0.0,0.0,0.0,10000.0
5760_dose_800_gradient_0_VconcST_0_Vconc_5.6_run_2.csv,5760.0,800.0,0,5.6,0.0,5.6,2,1.0,0.0,0.0,0.0,0.0,0.0,0.0,241.163
5760_dose_800_gradient_0_VconcST_0_Vconc_5.6_run_2.csv,5760.0,800.0,0,5.6,0.0,5.6,2,1.25,0.0,0.0,0.0,0.0,0.0,0.0,10000.0
5760_dose_800_gradient_0_VconcST_0_Vconc_5.6_run_2.csv,5760.0,800.0,0,5.6,0.0,5.6,2,1.5,0.0,0.0,0.0,0.0,0.0,0.0,239.71
5760_dose_800_gradient_0_VconcST_0_Vconc_5.6_run_2.csv,5760.0,800.0,0,5.6,0.0,5.6,2,1.75,0.0,0.0,0.0,0.0,0.0,0.0,10000.0
5760_dose_800_gradient_0_VconcST_0_Vconc_5.6_run_2.csv,5760.0,800.0,0,5.6,0.0,5.6,2,2.0,0.0,0.0,0.0,0.0,0.0,0.0,228.645
5760_dose_800_gradient_0_VconcST_0_Vconc_5.6_run_2.csv,5760.0,800.0,0,5.6,0.0,5.6,2,2.25,0.0,0.0,0.0,0.0,0.0,0.0,10000.0
5760_dose_800_gradient_0_VconcST_0_Vconc_5.6_run_2.csv,5760.0,800.0,0,5.6,0.0,5.6,2,2.5,0.0,0.0,0.0,0.0,0.0,0.0,225.421
5760_dose_800_gradient_0_VconcST_0_Vconc_5.6_run_2.csv,5760.0,800.0,0,5.6,0.0,5.6,2,2.75,0.0,0.0,0.0,0.0,0.0,0.0,10000.0
5760_dose_800_gradient_0_VconcST_0_Vconc_5.6_run_2.csv,5760.0,800.0,0,5.6,0.0,5.6,2,3.0,0.0,0.0,0.0,0.0,0.0,0.0,222.278
5760_dose_800_gradient_0_VconcST_0_Vconc_5.6_run_2.csv,5760.0,800.0,0,5.6,0.0,5.6,2,3.25,0.0,0.0,0.0,0.0,0.0,0.0,10000.0
5760_dose_800_gradient_0_VconcST_0_Vconc_5.6_run_2.csv,5760.0,800.0,0,5.6,0.0,5.6,2,3.5,0.0,0.0,0.0,0.0,0.0,0.0,218.615
5760_dose_800_gradient_0_VconcST_0_Vconc_5.6_run_2.csv,5760.0,800.0,0,5.6,0.0,5.6,2,3.75,0.0,0.0,0.0,0.0,0.0,0.0,10000.0
5760_dose_800_gradient_0_VconcST_0_Vconc_5.6_run_2.csv,5760.0,800.0,0,5.6,0.0,5.6,2,4.0,0.0,0.0,0.0,0.0,0.0,0.0,4705.51
5760_dose_800_gradient_0_VconcST_0_Vconc_5.6_run_2.csv,5760.0,800.0,0,5.6,0.0,5.6,2,4.25,0.0,0.0,0.0,0.0,0.0,0.0,680.365
5760_dose_800_gradient_0_VconcST_0_Vconc_5.6_run_2.csv,5760.0,800.0,0,5.6,0.0,5.6,2,4.5,0.0,0.0,0.0,0.0,0.0,0.0,9257.45
5760_dose_800_gradient_0_VconcST_0_Vconc_5.6_run_2.csv,5760.0,800.0,0,5.6,0.0,5.6,2,4.75,0.0,0.0,0.0,0.0,0.0,0.0,672.626
5760_dose_800_gradient_0_VconcST_0_Vconc_5.6_run_2.csv,5760.0,800.0,0,5.6,0.0,5.6,2,5.0,0.0,0.0,0.0,0.0,0.0,0.0,10000.0
5760_dose_800_gradient_0_VconcST_0_Vconc_5.6_run_2.csv,5760.0,800.0,0,5.6,0.0,5.6,2,5.25,0.0,0.0,0.0,0.0,0.0,0.0,674.458
5760_dose_800_gradient_0_VconcST_0_Vconc_5.6_run_2.csv,5760.0,800.0,0,5.6,0.0,5.6,2,5.5,0.0,0.0,0.0,0.0,0.0,0.0,10000.0
5760_dose_800_gradient_0_VconcST_0_Vconc_5.6_run_2.csv,5760.0,800.0,0,5.6,0.0,5.6,2,5.75,0.0,0.0,0.0,0.0,0.0,0.0,644.542
5760_dose_800_gradient_0_VconcST_0_Vconc_5.6_run_2.csv,5760.0,800.0,0,5.6,0.0,5.6,2,6.0,0.0,0.0,0.0,0.0,0.0,0.0,10000.0
5760_dose_800_gradient_0_VconcST_0_Vconc_5.6_run_2.csv,5760.0,800.0,0,5.6,0.0,5.6,2,6.25,0.0,0.0,0.0,0.0,0.0,0.0,480.682
5760_dose_800_gradient_0_VconcST_0_Vconc_5.6_run_2.csv,5760.0,800.0,0,5.6,0.0,5.6,2,6.5,0.0,0.0,0.0,0.0,0.0,0.0,10000.0
5760_dose_800_gradient_0_VconcST_0_Vconc_5.6_run_2.csv,5760.0,800.0,0,5.6,0.0,5.6,2,6.75,0.0,0.0,0.0,0.0,0.0,0.0,362.136
5760_dose_800_gradient_0_VconcST_0_Vconc_5.6_run_2.csv,5760.0,800.0,0,5.6,0.0,5.6,2,7.0,0.0,0.0,0.0,0.0,0.0,0.0,10000.0
5760_dose_800_gradient_0_VconcST_0_Vconc_5.6_run_2.csv,5760.0,800.0,0,5.6,0.0,5.6,2,7.25,0.0,0.0,0.0,0.0,0.0,0.0,293.133
5760_dose_800_gradient_0_VconcST_0_Vconc_5.6_run_2.csv,5760.0,800.0,0,5.6,0.0,5.6,2,7.5,0.0,0.0,0.0,0.0,0.0,0.0,10000.0
5760_dose_800_gradient_0_VconcST_0_Vconc_5.6_run_2.csv,5760.0,800.0,0,5.6,0.0,5.6,2,7.75,0.0,0.0,0.0,0.0,0.0,0.0,289.084
5760_dose_800_gradient_0_VconcST_0_Vconc_5.6_run_2.csv,5760.0,800.0,0,5.6,0.0,5.6,2,8.0,0.0,0.0,0.0,0.0,0.0,0.0,10000.0
5760_dose_800_gradient_0_VconcST_0_Vconc_5.6_run_2.csv,5760.0,800.0,0,5.6,0.0,5.6,2,8.25,0.0,0.0,0.0,0.0,0.0,0.0,250.72
5760_dose_800_gradient_0_VconcST_0_Vconc_5.6_run_2.csv,5760.0,800.0,0,5.6,0.0,5.6,2,8.5,0.0,0.0,0.0,0.0,0.0,0.0,10000.0
5760_dose_800_gradient_0_VconcST_0_Vconc_5.6_run_2.csv,5760.0,800.0,0,5.6,0.0,5.6,2,8.75,0.0,0.0,0.0,0.0,0.0,0.0,237.858
5760_dose_800_gradient_0_VconcST_0_Vconc_5.6_run_2.csv,5760.0,800.0,0,5.6,0.0,5.6,2,9.0,0.0,0.0,0.0,0.0,0.0,0.0,10000.0
5760_dose_800_gradient_0_VconcST_0_Vconc_5.6_run_2.csv,5760.0,800.0,0,5.6,0.0,5.6,2,9.25,0.0,0.0,0.0,0.0,0.0,0.0,247.861
5760_dose_800_gradient_0_VconcST_0_Vconc_5.6_run_2.csv,5760.0,800.0,0,5.6,0.0,5.6,2,9.5,0.0,0.0,0.0,0.0,0.0,0.0,10000.0
5760_dose_800_gradient_0_VconcST_0_Vconc_5.6_run_2.csv,5760.0,800.0,0,5.6,0.0,5.6,2,9.75,0.0,0.0,0.0,0.0,0.0,0.0,216.039
5760_dose_800_gradient_0_VconcST_0_Vconc_5.6_run_2.csv,5760.0,800.0,0,5.6,0.0,5.6,2,10.0,0.0,0.0,0.0,0.0,0.0,0.0,10000.0
5760_dose_800_gradient_0_VconcST_0_Vconc_5.6_run_2.csv,5760.0,800.0,0,5.6,0.0,5.6,2,10.25,0.0,0.0,0.0,0.0,0.0,0.0,219.034
5760_dose_800_gradient_0_VconcST_0_Vconc_5.6_run_2.csv,5760.0,800.0,0,5.6,0.0,5.6,2,10.5,0.0,0.0,0.0,0.0,0.0,0.0,10000.0
5760_dose_800_gradient_0_VconcST_0_Vconc_5.6_run_2.csv,5760.0,800.0,0,5.6,0.0,5.6,2,10.75,0.0,0.0,0.0,0.0,0.0,0.0,223.731
5760_dose_800_gradient_0_VconcST_0_Vconc_5.6_run_2.csv,5760.0,800.0,0,5.6,0.0,5.6,2,11.0,0.0,0.0,0.0,0.0,0.0,0.0,10000.0
5760_dose_800_gradient_0_VconcST_0_Vconc_5.6_run_2.csv,5760.0,800.0,0,5.6,0.0,5.6,2,11.25,0.0,0.0,0.0,0.0,0.0,0.0,1010.8
5760_dose_800_gradient_0_VconcST_0_Vconc_5.6_run_2.csv,5760.0,800.0,0,5.6,0.0,5.6,2,11.5,0.0,0.0,0.0,0.0,0.0,0.0,1178.81
5760_dose_800_gradient_0_VconcST_0_Vconc_5.6_run_2.csv,5760.0,800.0,0,5.6,0.0,5.6,2,11.75,0.0,0.0,0.0,0.0,0.0,0.0,8108.81
5760_dose_800_gradient_0_VconcST_0_Vconc_5.6_run_2.csv,5760.0,800.0,0,5.6,0.0,5.6,2,12.0,0.0,0.0,0.0,0.0,0.0,0.0,683.907
5760_dose_800_gradient_0_VconcST_0_Vconc_5.6_run_2.csv,5760.0,800.0,0,5.6,0.0,5.6,2,12.25,0.0,0.0,0.0,0.0,0.0,0.0,10000.0
5760_dose_800_gradient_0_VconcST_0_Vconc_5.6_run_2.csv,5760.0,800.0,0,5.6,0.0,5.6,2,12.5,0.0,0.0,0.0,0.0,0.0,0.0,680.865
5760_dose_800_gradient_0_VconcST_0_Vconc_5.6_run_2.csv,5760.0,800.0,0,5.6,0.0,5.6,2,12.75,0.0,0.0,0.0,0.0,0.0,0.0,10000.0
5760_dose_800_gradient_0_VconcST_0_Vconc_5.6_run_2.csv,5760.0,800.0,0,5.6,0.0,5.6,2,13.0,0.0,0.0,0.0,0.0,0.0,0.0,669.186
5760_dose_800_gradient_0_VconcST_0_Vconc_5.6_run_2.csv,5760.0,800.0,0,5.6,0.0,5.6,2,13.25,0.0,0.0,0.0,0.0,0.0,0.0,10000.0
5760_dose_800_gradient_0_VconcST_0_Vconc_5.6_run_2.csv,5760.0,800.0,0,5.6,0.0,5.6,2,13.5,0.0,0.0,0.0,0.0,0.0,0.0,567.915
5760_dose_800_gradient_0_VconcST_0_Vconc_5.6_run_2.csv,5760.0,800.0,0,5.6,0.0,5.6,2,13.75,0.0,0.0,0.0,0.0,0.0,0.0,10000.0
5760_dose_800_gradient_0_VconcST_0_Vconc_5.6_run_2.csv,5760.0,800.0,0,5.6,0.0,5.6,2,14.0,0.0,0.0,0.0,0.0,0.0,0.0,421.284
5760_dose_800_gradient_0_VconcST_0_Vconc_5.6_run_2.csv,5760.0,800.0,0,5.6,0.0,5.6,2,14.25,0.0,0.0,0.0,0.0,0.0,0.0,10000.0
5760_dose_800_gradient_0_VconcST_0_Vconc_5.6_run_2.csv,5760.0,800.0,0,5.6,0.0,5.6,2,14.5,0.0,0.0,0.0,0.0,0.0,0.0,334.471
5760_dose_800_gradient_0_VconcST_0_Vconc_5.6_run_2.csv,5760.0,800.0,0,5.6,0.0,5.6,2,14.75,0.0,0.0,0.0,0.0,0.0,0.0,10000.0
5760_dose_800_gradient_0_VconcST_0_Vconc_5.6_run_2.csv,5760.0,800.0,0,5.6,0.0,5.6,2,15.0,0.0,0.0,0.0,0.0,0.0,0.0,324.853
5760_dose_800_gradient_0_VconcST_0_Vconc_5.6_run_2.csv,5760.0,800.0,0,5.6,0.0,5.6,2,15.25,0.0,0.0,0.0,0.0,0.0033724,0.0,10000.0
5760_dose_800_gradient_0_VconcST_0_Vconc_5.6_run_2.csv,5760.0,800.0,0,5.6,0.0,5.6,2,15.5,0.0,0.0,0.0,0.0,0.0,0.0,269.76
5760_dose_800_gradient_0_VconcST_0_Vconc_5.6_run_2.csv,5760.0,800.0,0,5.6,0.0,5.6,2,15.75,0.0,0.0,0.0,0.0,0.0,0.0,10000.0
5760_dose_800_gradient_0_VconcST_0_Vconc_5.6_run_2.csv,5760.0,800.0,0,5.6,0.0,5.6,2,16.0,0.0,0.0,0.0,0.0,0.0,0.0,257.851
5760_dose_800_gradient_0_VconcST_0_Vconc_5.6_run_2.csv,5760.0,800.0,0,5.6,0.0,5.6,2,16.25,0.0,0.0,0.0,0.0,0.0,0.0,10000.0
5760_dose_800_gradient_0_VconcST_0_Vconc_5.6_run_2.csv,5760.0,800.0,0,5.6,0.0,5.6,2,16.5,0.0,0.0,0.0,0.0,0.0,0.0,238.31
5760_dose_800_gradient_0_VconcST_0_Vconc_5.6_run_2.csv,5760.0,800.0,0,5.6,0.0,5.6,2,16.75,0.0,0.0,0.0,0.0,0.0,0.0,10000.0
5760_dose_800_gradient_0_VconcST_0_Vconc_5.6_run_2.csv,5760.0,800.0,0,5.6,0.0,5.6,2,17.0,0.0,0.0,0.0,0.0,0.0,0.0,225.455
5760_dose_800_gradient_0_VconcST_0_Vconc_5.6_run_2.csv,5760.0,800.0,0,5.6,0.0,5.6,2,17.25,0.0,0.0,0.0,0.0,0.0,0.0,10000.0
5760_dose_800_gradient_0_VconcST_0_Vconc_5.6_run_2.csv,5760.0,800.0,0,5.6,0.0,5.6,2,17.5,0.0,0.0,0.0,0.0,0.0,0.0,229.882
5760_dose_800_gradient_0_VconcST_0_Vconc_5.6_run_2.csv,5760.0,800.0,0,5.6,0.0,5.6,2,17.75,0.0,0.0,0.0,0.0,0.0,0.0,10000.0
5760_dose_800_gradient_0_VconcST_0_Vconc_5.6_run_2.csv,5760.0,800.0,0,5.6,0.0,5.6,2,18.0,0.0,0.0,0.0,0.0,0.0,0.0,222.609
5760_dose_800_gradient_0_VconcST_0_Vconc_5.6_run_2.csv,5760.0,800.0,0,5.6,0.0,5.6,2,18.25,0.0,0.0,0.0,0.0,0.0,0.0,10000.0
5760_dose_800_gradient_0_VconcST_0_Vconc_5.6_run_2.csv,5760.0,800.0,0,5.6,0.0,5.6,2,18.5,0.0,0.0,0.0,0.0,0.0,0.0,220.102
5760_dose_800_gradient_0_VconcST_0_Vconc_5.6_run_2.csv,5760.0,800.0,0,5.6,0.0,5.6,2,18.75,0.0,0.0,0.0,0.0,0.0,0.0,10000.0
5760_dose_800_gradient_0_VconcST_0_Vconc_5.6_run_2.csv,5760.0,800.0,0,5.6,0.0,5.6,2,19.0,0.0,0.0,0.0,0.0,0.0,0.0,3713.08
5760_dose_800_gradient_0_VconcST_0_Vconc_5.6_run_2.csv,5760.0,800.0,0,5.6,0.0,5.6,2,19.25,0.0,0.0,0.0,0.0,0.0,0.0,1147.25
5760_dose_800_gradient_0_VconcST_0_Vconc_5.6_run_2.csv,5760.0,800.0,0,5.6,0.0,5.6,2,19.5,0.0,0.0,0.0,0.0,0.0,0.0,8880.68
5760_dose_800_gradient_0_VconcST_0_Vconc_5.6_run_2.csv,5760.0,800.0,0,5.6,0.0,5.6,2,19.75,0.0,0.0,0.0,0.0,0.0,0.0,682.622
5760_dose_800_gradient_0_VconcST_0_Vconc_5.6_run_2.csv,5760.0,800.0,0,5.6,0.0,5.6,2,20.0,0.0,0.0,0.0,0.0,0.0,0.0,10000.0
5760_dose_800_gradient_0_VconcST_0_Vconc_5.6_run_2.csv,5760.0,800.0,0,5.6,0.0,5.6,2,20.25,0.0,0.0,0.0,0.0,0.0,0.0,674.802
5760_dose_800_gradient_0_VconcST_0_Vconc_5.6_run_2.csv,5760.0,800.0,0,5.6,0.0,5.6,2,20.5,0.0,0.0,0.0,0.0,0.0,0.0,10000.0
5760_dose_800_gradient_0_VconcST_0_Vconc_5.6_run_2.csv,5760.0,800.0,0,5.6,0.0,5.6,2,20.75,0.0,0.0,0.0,0.0,0.0,0.0,641.805
5760_dose_800_gradient_0_VconcST_0_Vconc_5.6_run_2.csv,5760.0,800.0,0,5.6,0.0,5.6,2,21.0,0.0,0.0,0.0,0.0,0.0,0.0,10000.0
5760_dose_800_gradient_0_VconcST_0_Vconc_5.6_run_2.csv,5760.0,800.0,0,5.6,0.0,5.6,2,21.25,0.0,0.0,0.0,0.0,0.0,0.0,514.417
5760_dose_800_gradient_0_VconcST_0_Vconc_5.6_run_2.csv,5760.0,800.0,0,5.6,0.0,5.6,2,21.5,0.0,0.0,0.0,0.0,0.0,0.0,10000.0
5760_dose_800_gradient_0_VconcST_0_Vconc_5.6_run_2.csv,5760.0,800.0,0,5.6,0.0,5.6,2,21.75,0.0,0.0,0.0,0.0,0.0,0.0,368.537
5760_dose_800_gradient_0_VconcST_0_Vconc_5.6_run_2.csv,5760.0,800.0,0,5.6,0.0,5.6,2,22.0,0.0,0.0,0.0,0.0,0.0,0.0,10000.0
5760_dose_800_gradient_0_VconcST_0_Vconc_5.6_run_2.csv,5760.0,800.0,0,5.6,0.0,5.6,2,22.25,0.0,0.0,0.0,0.0,0.0,0.0,301.419
5760_dose_800_gradient_0_VconcST_0_Vconc_5.6_run_2.csv,5760.0,800.0,0,5.6,0.0,5.6,2,22.5,0.0,0.0,0.0,0.0,0.00247396,0.0,10000.0
5760_dose_800_gradient_0_VconcST_0_Vconc_5.6_run_2.csv,5760.0,800.0,0,5.6,0.0,5.6,2,22.75,0.0,0.0,0.0,0.0,0.0,0.0,277.898
5760_dose_800_gradient_0_VconcST_0_Vconc_5.6_run_2.csv,5760.0,800.0,0,5.6,0.0,5.6,2,23.0,0.0,0.0,0.0,0.0,0.0,0.0,10000.0
5760_dose_800_gradient_0_VconcST_0_Vconc_5.6_run_2.csv,5760.0,800.0,0,5.6,0.0,5.6,2,23.25,0.0,0.0,0.0,0.0,0.0,0.0,259.696
5760_dose_800_gradient_0_VconcST_0_Vconc_5.6_run_2.csv,5760.0,800.0,0,5.6,0.0,5.6,2,23.5,0.0,0.0,0.0,0.0,0.0,0.0,10000.0
5760_dose_800_gradient_0_VconcST_0_Vconc_5.6_run_2.csv,5760.0,800.0,0,5.6,0.0,5.6,2,23.75,0.0,0.0,0.0,0.0,0.0,0.0,240.007
5760_dose_800_gradient_0_VconcST_0_Vconc_5.6_run_2.csv,5760.0,800.0,0,5.6,0.0,5.6,2,24.0,62.29,800.0,0.02426,62.29,0.0,0.0,10000.0
5760_dose_800_gradient_0_VconcST_0_Vconc_5.6_run_2.csv,5760.0,800.0,0,5.6,0.0,5.6,2,24.25,3754.75,784.145,1.46236,3754.75,0.0,0.999946,0.019472
5760_dose_800_gradient_0_VconcST_0_Vconc_5.6_run_2.csv,5760.0,800.0,0,5.6,0.0,5.6,2,24.5,7360.03,768.604,2.8665,7360.03,0.0,0.999973,0.31553
5760_dose_800_gradient_0_VconcST_0_Vconc_5.6_run_2.csv,5760.0,800.0,0,5.6,0.0,5.6,2,24.75,10879.9,753.371,4.23739,10879.9,0.0,0.999982,0.193224
5760_dose_800_gradient_0_VconcST_0_Vconc_5.6_run_2.csv,5760.0,800.0,0,5.6,0.0,5.6,2,25.0,14316.1,738.44,5.57569,14316.1,0.0,0.999986,0.140206
5760_dose_800_gradient_0_VconcST_0_Vconc_5.6_run_2.csv,5760.0,800.0,0,5.6,0.0,5.6,2,25.25,17670.4,723.805,6.88207,17670.4,0.0,0.999989,0.110355
5760_dose_800_gradient_0_VconcST_0_Vconc_5.6_run_2.csv,5760.0,800.0,0,5.6,0.0,5.6,2,25.5,20944.4,709.46,8.15719,20944.4,0.0,0.99999,0.0912933
5760_dose_800_gradient_0_VconcST_0_Vconc_5.6_run_2.csv,5760.0,800.0,0,5.6,0.0,5.6,2,25.75,24139.7,695.4,9.40168,24139.7,0.0,0.999992,0.0781943
5760_dose_800_gradient_0_VconcST_0_Vconc_5.6_run_2.csv,5760.0,800.0,0,5.6,0.0,5.6,2,26.0,27258.1,681.618,10.6162,27258.1,0.0,0.999993,0.0687908
5760_dose_800_gradient_0_VconcST_0_Vconc_5.6_run_2.csv,5760.0,800.0,0,5.6,0.0,5.6,2,26.25,30301.0,668.109,11.8013,30301.0,0.0,0.999993,0.0613724
5760_dose_800_gradient_0_VconcST_0_Vconc_5.6_run_2.csv,5760.0,800.0,0,5.6,0.0,5.6,2,26.5,33270.0,654.868,12.9576,33270.0,0.0,0.999994,0.0554103
5760_dose_800_gradient_0_VconcST_0_Vconc_5.6_run_2.csv,5760.0,800.0,0,5.6,0.0,5.6,2,26.75,36166.6,641.889,14.0858,36166.6,0.0,0.999994,0.0507181
5760_dose_800_gradient_0_VconcST_0_Vconc_5.6_run_2.csv,5760.0,800.0,0,5.6,0.0,5.6,2,27.0,38992.4,629.168,15.1863,38992.4,0.0,0.999995,0.0470249
5760_dose_800_gradient_0_VconcST_0_Vconc_5.6_run_2.csv,5760.0,800.0,0,5.6,0.0,5.6,2,27.25,41748.7,616.698,16.2598,41748.7,0.0,0.999995,0.0438226
5760_dose_800_gradient_0_VconcST_0_Vconc_5.6_run_2.csv,5760.0,800.0,0,5.6,0.0,5.6,2,27.5,44437.0,604.476,17.3068,44437.0,0.0,0.999996,0.0406345
5760_dose_800_gradient_0_VconcST_0_Vconc_5.6_run_2.csv,5760.0,800.0,0,5.6,0.0,5.6,2,27.75,47058.6,592.496,18.3279,47058.6,0.0,0.999996,0.0385429
5760_dose_800_gradient_0_VconcST_0_Vconc_5.6_run_2.csv,5760.0,800.0,0,5.6,0.0,5.6,2,28.0,49615.1,580.753,19.3235,49615.1,0.0,0.999996,0.0364564
5760_dose_800_gradient_0_VconcST_0_Vconc_5.6_run_2.csv,5760.0,800.0,0,5.6,0.0,5.6,2,28.25,52107.7,569.244,20.2943,52107.7,0.0,0.999996,0.0348727
5760_dose_800_gradient_0_VconcST_0_Vconc_5.6_run_2.csv,5760.0,800.0,0,5.6,0.0,5.6,2,28.5,54537.6,557.962,21.2407,54537.6,0.0,0.999996,0.0332467
5760_dose_800_gradient_0_VconcST_0_Vconc_5.6_run_2.csv,5760.0,800.0,0,5.6,0.0,5.6,2,28.75,56906.3,546.904,22.1632,56906.3,0.0,0.999996,0.0317027
5760_dose_800_gradient_0_VconcST_0_Vconc_5.6_run_2.csv,5760.0,800.0,0,5.6,0.0,5.6,2,29.0,59214.9,536.065,23.0624,59214.9,0.0,0.999997,0.0306082
5760_dose_800_gradient_0_VconcST_0_Vconc_5.6_run_2.csv,5760.0,800.0,0,5.6,0.0,5.6,2,29.25,61464.8,525.441,23.9386,61464.8,0.0,0.999997,0.0291545
5760_dose_800_gradient_0_VconcST_0_Vconc_5.6_run_2.csv,5760.0,800.0,0,5.6,0.0,5.6,2,29.5,63657.1,515.027,24.7925,63657.1,0.0,0.999997,0.0279696
5760_dose_800_gradient_0_VconcST_0_Vconc_5.6_run_2.csv,5760.0,800.0,0,5.6,0.0,5.6,2,29.75,65793.0,504.82,25.6243,65793.0,0.0,0.999997,0.0274419
5760_dose_800_gradient_0_VconcST_0_Vconc_5.6_run_2.csv,5760.0,800.0,0,5.6,0.0,5.6,2,30.0,67873.7,494.815,26.4347,67873.7,0.0,0.999997,0.0269141
5760_dose_800_gradient_0_VconcST_0_Vconc_5.6_run_2.csv,5760.0,800.0,0,5.6,0.0,5.6,2,30.25,69900.4,485.009,27.224,69900.4,0.0,0.999997,0.0258586
5760_dose_800_gradient_0_VconcST_0_Vconc_5.6_run_2.csv,5760.0,800.0,0,5.6,0.0,5.6,2,30.5,71874.0,475.396,27.9927,71874.0,0.0,0.999997,0.0253309
5760_dose_800_gradient_0_VconcST_0_Vconc_5.6_run_2.csv,5760.0,800.0,0,5.6,0.0,5.6,2,30.75,73795.9,465.974,28.7412,73795.9,0.0,0.999997,0.0248259
5760_dose_800_gradient_0_VconcST_0_Vconc_5.6_run_2.csv,5760.0,800.0,0,5.6,0.0,5.6,2,31.0,75667.0,456.739,29.4699,75667.0,0.0,0.999997,0.0243642
5760_dose_800_gradient_0_VconcST_0_Vconc_5.6_run_2.csv,5760.0,800.0,0,5.6,0.0,5.6,2,31.25,77488.3,447.687,30.1793,77488.3,0.0,0.999997,0.0232412
5760_dose_800_gradient_0_VconcST_0_Vconc_5.6_run_2.csv,5760.0,800.0,0,5.6,0.0,5.6,2,31.5,79260.9,438.815,30.8697,79260.9,0.0,0.999997,0.022729
5760_dose_800_gradient_0_VconcST_0_Vconc_5.6_run_2.csv,5760.0,800.0,0,5.6,0.0,5.6,2,31.75,80985.9,430.118,31.5415,80985.9,0.0,0.999997,0.0227242
5760_dose_800_gradient_0_VconcST_0_Vconc_5.6_run_2.csv,5760.0,800.0,0,5.6,0.0,5.6,2,32.0,82664.2,421.593,32.1951,82664.2,0.0,0.999998,0.022237
5760_dose_800_gradient_0_VconcST_0_Vconc_5.6_run_2.csv,5760.0,800.0,0,5.6,0.0,5.6,2,32.25,84296.8,413.238,32.831,84296.8,0.0,0.999998,0.0216983
5760_dose_800_gradient_0_VconcST_0_Vconc_5.6_run_2.csv,5760.0,800.0,0,5.6,0.0,5.6,2,32.5,85884.6,405.048,33.4494,85884.6,0.0,0.999998,0.0211091
5760_dose_800_gradient_0_VconcST_0_Vconc_5.6_run_2.csv,5760.0,800.0,0,5.6,0.0,5.6,2,32.75,87428.5,397.021,34.0507,87428.5,0.0,0.999998,0.0205814
5760_dose_800_gradient_0_VconcST_0_Vconc_5.6_run_2.csv,5760.0,800.0,0,5.6,0.0,5.6,2,33.0,88929.6,389.152,34.6353,88929.6,0.0,0.999998,0.0206016
5760_dose_800_gradient_0_VconcST_0_Vconc_5.6_run_2.csv,5760.0,800.0,0,5.6,0.0,5.6,2,33.25,90388.7,381.44,35.2036,90388.7,0.0,0.999998,0.0200537
5760_dose_800_gradient_0_VconcST_0_Vconc_5.6_run_2.csv,5760.0,800.0,0,5.6,0.0,5.6,2,33.5,91806.5,373.88,35.7558,91806.5,0.0,0.999998,0.0195678
5760_dose_800_gradient_0_VconcST_0_Vconc_5.6_run_2.csv,5760.0,800.0,0,5.6,0.0,5.6,2,33.75,93184.2,366.47,36.2923,93184.2,0.0,0.999998,0.0195397
5760_dose_800_gradient_0_VconcST_0_Vconc_5.6_run_2.csv,5760.0,800.0,0,5.6,0.0,5.6,2,34.0,94522.4,359.207,36.8135,94522.4,0.0,0.999998,0.0190377
5760_dose_800_gradient_0_VconcST_0_Vconc_5.6_run_2.csv,5760.0,800.0,0,5.6,0.0,5.6,2,34.25,95822.0,352.088,37.3197,95822.0,0.0,0.999998,0.0190524
5760_dose_800_gradient_0_VconcST_0_Vconc_5.6_run_2.csv,5760.0,800.0,0,5.6,0.0,5.6,2,34.5,97083.9,345.11,37.8112,97083.9,0.0,0.999998,0.0184835
5760_dose_800_gradient_0_VconcST_0_Vconc_5.6_run_2.csv,5760.0,800.0,0,5.6,0.0,5.6,2,34.75,98308.7,338.27,38.2882,98308.7,0.0,0.999998,0.0184705
5760_dose_800_gradient_0_VconcST_0_Vconc_5.6_run_2.csv,5760.0,800.0,0,5.6,0.0,5.6,2,35.0,99497.4,331.566,38.7511,99497.4,0.0,0.999998,0.0179756
5760_dose_800_gradient_0_VconcST_0_Vconc_5.6_run_2.csv,5760.0,800.0,0,5.6,0.0,5.6,2,35.25,100651.0,324.995,39.2003,100651.0,0.0,0.999998,0.0179901
5760_dose_800_gradient_0_VconcST_0_Vconc_5.6_run_2.csv,5760.0,800.0,0,5.6,0.0,5.6,2,35.5,101769.0,318.554,39.6359,101769.0,0.0,0.999998,0.0179749
5760_dose_800_gradient_0_VconcST_0_Vconc_5.6_run_2.csv,5760.0,800.0,0,5.6,0.0,5.6,2,35.75,102854.0,312.241,40.0583,102854.0,0.0,0.999998,0.0174481
5760_dose_800_gradient_0_VconcST_0_Vconc_5.6_run_2.csv,5760.0,800.0,0,5.6,0.0,5.6,2,36.0,103905.0,306.052,40.4677,103905.0,0.0,0.999998,0.017415
5760_dose_800_gradient_0_VconcST_0_Vconc_5.6_run_2.csv,5760.0,800.0,0,5.6,0.0,5.6,2,36.25,104924.0,299.987,40.8645,104924.0,0.0,0.999998,0.017415
5760_dose_800_gradient_0_VconcST_0_Vconc_5.6_run_2.csv,5760.0,800.0,0,5.6,0.0,5.6,2,36.5,105910.0,294.041,41.2488,105910.0,0.0,0.999998,0.0168873
5760_dose_800_gradient_0_VconcST_0_Vconc_5.6_run_2.csv,5760.0,800.0,0,5.6,0.0,5.6,2,36.75,106866.0,288.214,41.621,106866.0,0.0,0.999998,0.0169028
5760_dose_800_gradient_0_VconcST_0_Vconc_5.6_run_2.csv,5760.0,800.0,0,5.6,0.0,5.6,2,37.0,107791.0,282.502,41.9813,107791.0,0.0,0.999998,0.0169229
5760_dose_800_gradient_0_VconcST_0_Vconc_5.6_run_2.csv,5760.0,800.0,0,5.6,0.0,5.6,2,37.25,108687.0,276.903,42.33,108687.0,0.0,0.999998,0.0163677
5760_dose_800_gradient_0_VconcST_0_Vconc_5.6_run_2.csv,5760.0,800.0,0,5.6,0.0,5.6,2,37.5,109553.0,271.414,42.6673,109553.0,0.0,0.999998,0.0164079
5760_dose_800_gradient_0_VconcST_0_Vconc_5.6_run_2.csv,5760.0,800.0,0,5.6,0.0,5.6,2,37.75,110390.0,266.035,42.9935,110390.0,0.0,0.999998,0.0163677
5760_dose_800_gradient_0_VconcST_0_Vconc_5.6_run_2.csv,5760.0,800.0,0,5.6,0.0,5.6,2,38.0,111199.0,260.763,43.3087,111199.0,0.0,0.999998,0.0164102
5760_dose_800_gradient_0_VconcST_0_Vconc_5.6_run_2.csv,5760.0,800.0,0,5.6,0.0,5.6,2,38.25,111981.0,255.595,43.6133,111981.0,0.0,0.999998,0.0163677
5760_dose_800_gradient_0_VconcST_0_Vconc_5.6_run_2.csv,5760.0,800.0,0,5.6,0.0,5.6,2,38.5,112737.0,250.529,43.9074,112737.0,0.0,0.999998,0.0158414
5760_dose_800_gradient_0_VconcST_0_Vconc_5.6_run_2.csv,5760.0,800.0,0,5.6,0.0,5.6,2,38.75,113465.0,245.564,44.1913,113465.0,0.0,0.999998,0.0158576
5760_dose_800_gradient_0_VconcST_0_Vconc_5.6_run_2.csv,5760.0,800.0,0,5.6,0.0,5.6,2,39.0,114169.0,240.697,44.4652,114169.0,0.0,0.999998,0.0158554
5760_dose_800_gradient_0_VconcST_0_Vconc_5.6_run_2.csv,5760.0,800.0,0,5.6,0.0,5.6,2,39.25,114847.0,235.927,44.7293,114847.0,0.0,0.999998,0.0158659
5760_dose_800_gradient_0_VconcST_0_Vconc_5.6_run_2.csv,5760.0,800.0,0,5.6,0.0,5.6,2,39.5,115500.0,231.251,44.9838,115500.0,0.0,0.999998,0.015832
5760_dose_800_gradient_0_VconcST_0_Vconc_5.6_run_2.csv,5760.0,800.0,0,5.6,0.0,5.6,2,39.75,116130.0,226.668,45.229,116130.0,0.0,0.999998,0.0153439
5760_dose_800_gradient_0_VconcST_0_Vconc_5.6_run_2.csv,5760.0,800.0,0,5.6,0.0,5.6,2,40.0,116736.0,222.176,45.465,116736.0,0.0,0.999998,0.0153122
5760_dose_800_gradient_0_VconcST_0_Vconc_5.6_run_2.csv,5760.0,800.0,0,5.6,0.0,5.6,2,40.25,117319.0,217.772,45.692,117319.0,0.0,0.999998,0.0153504
5760_dose_800_gradient_0_VconcST_0_Vconc_5.6_run_2.csv,5760.0,800.0,0,5.6,0.0,5.6,2,40.5,117879.0,213.456,45.9102,117879.0,0.0,0.999998,0.0153456
5760_dose_800_gradient_0_VconcST_0_Vconc_5.6_run_2.csv,5760.0,800.0,0,5.6,0.0,5.6,2,40.75,118417.0,209.226,46.1199,118417.0,0.0,0.999998,0.0153042
5760_dose_800_gradient_0_VconcST_0_Vconc_5.6_run_2.csv,5760.0,800.0,0,5.6,0.0,5.6,2,41.0,118934.0,205.079,46.3211,118934.0,0.0,0.999998,0.015323
5760_dose_800_gradient_0_VconcST_0_Vconc_5.6_run_2.csv,5760.0,800.0,0,5.6,0.0,5.6,2,41.25,119430.0,201.015,46.5142,119430.0,0.0,0.999998,0.0153042
5760_dose_800_gradient_0_VconcST_0_Vconc_5.6_run_2.csv,5760.0,800.0,0,5.6,0.0,5.6,2,41.5,119905.0,197.031,46.6992,119905.0,0.0,0.999998,0.0147764
5760_dose_800_gradient_0_VconcST_0_Vconc_5.6_run_0.csv,5760.0,800.0,0,5.6,0.0,5.6,0,0.0,0.0,0.0,0.0,0.0,0.0,0.0,0.0
5760_dose_800_gradient_0_VconcST_0_Vconc_5.6_run_0.csv,5760.0,800.0,0,5.6,0.0,5.6,0,0.25,0.0,0.0,0.0,0.0,0.0,0.0,10000.0
5760_dose_800_gradient_0_VconcST_0_Vconc_5.6_run_0.csv,5760.0,800.0,0,5.6,0.0,5.6,0,0.5,0.0,0.0,0.0,0.0,0.0,0.0,271.686
5760_dose_800_gradient_0_VconcST_0_Vconc_5.6_run_0.csv,5760.0,800.0,0,5.6,0.0,5.6,0,0.75,0.0,0.0,0.0,0.0,0.0,0.0,10000.0
5760_dose_800_gradient_0_VconcST_0_Vconc_5.6_run_0.csv,5760.0,800.0,0,5.6,0.0,5.6,0,1.0,0.0,0.0,0.0,0.0,0.0,0.0,240.818
5760_dose_800_gradient_0_VconcST_0_Vconc_5.6_run_0.csv,5760.0,800.0,0,5.6,0.0,5.6,0,1.25,0.0,0.0,0.0,0.0,0.0,0.0,10000.0
5760_dose_800_gradient_0_VconcST_0_Vconc_5.6_run_0.csv,5760.0,800.0,0,5.6,0.0,5.6,0,1.5,0.0,0.0,0.0,0.0,0.0,0.0,229.693
5760_dose_800_gradient_0_VconcST_0_Vconc_5.6_run_0.csv,5760.0,800.0,0,5.6,0.0,5.6,0,1.75,0.0,0.0,0.0,0.0,0.0,0.0,10000.0
5760_dose_800_gradient_0_VconcST_0_Vconc_5.6_run_0.csv,5760.0,800.0,0,5.6,0.0,5.6,0,2.0,0.0,0.0,0.0,0.0,0.0,0.0,233.694
5760_dose_800_gradient_0_VconcST_0_Vconc_5.6_run_0.csv,5760.0,800.0,0,5.6,0.0,5.6,0,2.25,0.0,0.0,0.0,0.0,0.0,0.0,10000.0
5760_dose_800_gradient_0_VconcST_0_Vconc_5.6_run_0.csv,5760.0,800.0,0,5.6,0.0,5.6,0,2.5,0.0,0.0,0.0,0.0,0.0,0.0,236.303
5760_dose_800_gradient_0_VconcST_0_Vconc_5.6_run_0.csv,5760.0,800.0,0,5.6,0.0,5.6,0,2.75,0.0,0.0,0.0,0.0,0.0,0.0,10000.0
5760_dose_800_gradient_0_VconcST_0_Vconc_5.6_run_0.csv,5760.0,800.0,0,5.6,0.0,5.6,0,3.0,0.0,0.0,0.0,0.0,0.0,0.0,218.716
5760_dose_800_gradient_0_VconcST_0_Vconc_5.6_run_0.csv,5760.0,800.0,0,5.6,0.0,5.6,0,3.25,0.0,0.0,0.0,0.0,0.0,0.0,10000.0
5760_dose_800_gradient_0_VconcST_0_Vconc_5.6_run_0.csv,5760.0,800.0,0,5.6,0.0,5.6,0,3.5,0.0,0.0,0.0,0.0,0.0,0.0,224.684
5760_dose_800_gradient_0_VconcST_0_Vconc_5.6_run_0.csv,5760.0,800.0,0,5.6,0.0,5.6,0,3.75,0.0,0.0,0.0,0.0,0.0,0.0,10000.0
5760_dose_800_gradient_0_VconcST_0_Vconc_5.6_run_0.csv,5760.0,800.0,0,5.6,0.0,5.6,0,4.0,0.0,0.0,0.0,0.0,0.0,0.0,1356.39
5760_dose_800_gradient_0_VconcST_0_Vconc_5.6_run_0.csv,5760.0,800.0,0,5.6,0.0,5.6,0,4.25,0.0,0.0,0.0,0.0,0.0,0.0,668.57
5760_dose_800_gradient_0_VconcST_0_Vconc_5.6_run_0.csv,5760.0,800.0,0,5.6,0.0,5.6,0,4.5,0.0,0.0,0.0,0.0,0.0,0.0,9025.57
5760_dose_800_gradient_0_VconcST_0_Vconc_5.6_run_0.csv,5760.0,800.0,0,5.6,0.0,5.6,0,4.75,0.0,0.0,0.0,0.0,0.0,0.0,679.155
5760_dose_800_gradient_0_VconcST_0_Vconc_5.6_run_0.csv,5760.0,800.0,0,5.6,0.0,5.6,0,5.0,0.0,0.0,0.0,0.0,0.0,0.0,10000.0
5760_dose_800_gradient_0_VconcST_0_Vconc_5.6_run_0.csv,5760.0,800.0,0,5.6,0.0,5.6,0,5.25,0.0,0.0,0.0,0.0,0.0,0.0,677.114
5760_dose_800_gradient_0_VconcST_0_Vconc_5.6_run_0.csv,5760.0,800.0,0,5.6,0.0,5.6,0,5.5,0.0,0.0,0.0,0.0,0.0,0.0,10000.0
5760_dose_800_gradient_0_VconcST_0_Vconc_5.6_run_0.csv,5760.0,800.0,0,5.6,0.0,5.6,0,5.75,0.0,0.0,0.0,0.0,0.0,0.0,642.859
5760_dose_800_gradient_0_VconcST_0_Vconc_5.6_run_0.csv,5760.0,800.0,0,5.6,0.0,5.6,0,6.0,0.0,0.0,0.0,0.0,0.0,0.0,10000.0
5760_dose_800_gradient_0_VconcST_0_Vconc_5.6_run_0.csv,5760.0,800.0,0,5.6,0.0,5.6,0,6.25,0.0,0.0,0.0,0.0,0.0,0.0,516.37
5760_dose_800_gradient_0_VconcST_0_Vconc_5.6_run_0.csv,5760.0,800.0,0,5.6,0.0,5.6,0,6.5,0.0,0.0,0.0,0.0,0.0,0.0,10000.0
5760_dose_800_gradient_0_VconcST_0_Vconc_5.6_run_0.csv,5760.0,800.0,0,5.6,0.0,5.6,0,6.75,0.0,0.0,0.0,0.0,0.0,0.0,349.631
5760_dose_800_gradient_0_VconcST_0_Vconc_5.6_run_0.csv,5760.0,800.0,0,5.6,0.0,5.6,0,7.0,0.0,0.0,0.0,0.0,0.0,0.0,10000.0
5760_dose_800_gradient_0_VconcST_0_Vconc_5.6_run_0.csv,5760.0,800.0,0,5.6,0.0,5.6,0,7.25,0.0,0.0,0.0,0.0,0.0,0.0,331.477
5760_dose_800_gradient_0_VconcST_0_Vconc_5.6_run_0.csv,5760.0,800.0,0,5.6,0.0,5.6,0,7.5,0.0,0.0,0.0,0.0,0.0,0.0,10000.0
5760_dose_800_gradient_0_VconcST_0_Vconc_5.6_run_0.csv,5760.0,800.0,0,5.6,0.0,5.6,0,7.75,0.0,0.0,0.0,0.0,0.0,0.0,288.537
5760_dose_800_gradient_0_VconcST_0_Vconc_5.6_run_0.csv,5760.0,800.0,0,5.6,0.0,5.6,0,8.0,0.0,0.0,0.0,0.0,0.0,0.0,10000.0
5760_dose_800_gradient_0_VconcST_0_Vconc_5.6_run_0.csv,5760.0,800.0,0,5.6,0.0,5.6,0,8.25,0.0,0.0,0.0,0.0,0.0,0.0,256.58
5760_dose_800_gradient_0_VconcST_0_Vconc_5.6_run_0.csv,5760.0,800.0,0,5.6,0.0,5.6,0,8.5,0.0,0.0,0.0,0.0,0.0,0.0,10000.0
5760_dose_800_gradient_0_VconcST_0_Vconc_5.6_run_0.csv,5760.0,800.0,0,5.6,0.0,5.6,0,8.75,0.0,0.0,0.0,0.0,0.0,0.0,237.628
5760_dose_800_gradient_0_VconcST_0_Vconc_5.6_run_0.csv,5760.0,800.0,0,5.6,0.0,5.6,0,9.0,0.0,0.0,0.0,0.0,0.0,0.0,10000.0
5760_dose_800_gradient_0_VconcST_0_Vconc_5.6_run_0.csv,5760.0,800.0,0,5.6,0.0,5.6,0,9.25,0.0,0.0,0.0,0.0,0.0,0.0,224.265
5760_dose_800_gradient_0_VconcST_0_Vconc_5.6_run_0.csv,5760.0,800.0,0,5.6,0.0,5.6,0,9.5,0.0,0.0,0.0,0.0,0.0,0.0,10000.0
5760_dose_800_gradient_0_VconcST_0_Vconc_5.6_run_0.csv,5760.0,800.0,0,5.6,0.0,5.6,0,9.75,0.0,0.0,0.0,0.0,0.0,0.0,225.793
5760_dose_800_gradient_0_VconcST_0_Vconc_5.6_run_0.csv,5760.0,800.0,0,5.6,0.0,5.6,0,10.0,0.0,0.0,0.0,0.0,0.0,0.0,10000.0
5760_dose_800_gradient_0_VconcST_0_Vconc_5.6_run_0.csv,5760.0,800.0,0,5.6,0.0,5.6,0,10.25,0.0,0.0,0.0,0.0,0.0,0.0,224.583
5760_dose_800_gradient_0_VconcST_0_Vconc_5.6_run_0.csv,5760.0,800.0,0,5.6,0.0,5.6,0,10.5,0.0,0.0,0.0,0.0,0.0,0.0,10000.0
5760_dose_800_gradient_0_VconcST_0_Vconc_5.6_run_0.csv,5760.0,800.0,0,5.6,0.0,5.6,0,10.75,0.0,0.0,0.0,0.0,0.0,0.0,225.664
5760_dose_800_gradient_0_VconcST_0_Vconc_5.6_run_0.csv,5760.0,800.0,0,5.6,0.0,5.6,0,11.0,0.0,0.0,0.0,0.0,0.0,0.0,10000.0
5760_dose_800_gradient_0_VconcST_0_Vconc_5.6_run_0.csv,5760.0,800.0,0,5.6,0.0,5.6,0,11.25,0.0,0.0,0.0,0.0,0.0,0.0,220.298
5760_dose_800_gradient_0_VconcST_0_Vconc_5.6_run_0.csv,5760.0,800.0,0,5.6,0.0,5.6,0,11.5,0.0,0.0,0.0,0.0,0.0,0.0,5341.05
5760_dose_800_gradient_0_VconcST_0_Vconc_5.6_run_0.csv,5760.0,800.0,0,5.6,0.0,5.6,0,11.75,0.0,0.0,0.0,0.0,0.0,0.0,8027.06
5760_dose_800_gradient_0_VconcST_0_Vconc_5.6_run_0.csv,5760.0,800.0,0,5.6,0.0,5.6,0,12.0,0.0,0.0,0.0,0.0,0.0,0.0,674.039
5760_dose_800_gradient_0_VconcST_0_Vconc_5.6_run_0.csv,5760.0,800.0,0,5.6,0.0,5.6,0,12.25,0.0,0.0,0.0,0.0,0.0,0.0,9791.8
5760_dose_800_gradient_0_VconcST_0_Vconc_5.6_run_0.csv,5760.0,800.0,0,5.6,0.0,5.6,0,12.5,0.0,0.0,0.0,0.0,0.0,0.0,676.188
5760_dose_800_gradient_0_VconcST_0_Vconc_5.6_run_0.csv,5760.0,800.0,0,5.6,0.0,5.6,0,12.75,0.0,0.0,0.0,0.0,0.0,0.0,10000.0
5760_dose_800_gradient_0_VconcST_0_Vconc_5.6_run_0.csv,5760.0,800.0,0,5.6,0.0,5.6,0,13.0,0.0,0.0,0.0,0.0,0.0,0.0,669.388
5760_dose_800_gradient_0_VconcST_0_Vconc_5.6_run_0.csv,5760.0,800.0,0,5.6,0.0,5.6,0,13.25,0.0,0.0,0.0,0.0,0.0,0.0,10000.0
5760_dose_800_gradient_0_VconcST_0_Vconc_5.6_run_0.csv,5760.0,800.0,0,5.6,0.0,5.6,0,13.5,0.0,0.0,0.0,0.0,0.0,0.0,556.485
5760_dose_800_gradient_0_VconcST_0_Vconc_5.6_run_0.csv,5760.0,800.0,0,5.6,0.0,5.6,0,13.75,0.0,0.0,0.0,0.0,0.0,0.0,10000.0
5760_dose_800_gradient_0_VconcST_0_Vconc_5.6_run_0.csv,5760.0,800.0,0,5.6,0.0,5.6,0,14.0,0.0,0.0,0.0,0.0,0.0,0.0,385.691
5760_dose_800_gradient_0_VconcST_0_Vconc_5.6_run_0.csv,5760.0,800.0,0,5.6,0.0,5.6,0,14.25,0.0,0.0,0.0,0.0,0.0,0.0,10000.0
5760_dose_800_gradient_0_VconcST_0_Vconc_5.6_run_0.csv,5760.0,800.0,0,5.6,0.0,5.6,0,14.5,0.0,0.0,0.0,0.0,0.0,0.0,324.191
5760_dose_800_gradient_0_VconcST_0_Vconc_5.6_run_0.csv,5760.0,800.0,0,5.6,0.0,5.6,0,14.75,0.0,0.0,0.0,0.0,0.0,0.0,10000.0
5760_dose_800_gradient_0_VconcST_0_Vconc_5.6_run_0.csv,5760.0,800.0,0,5.6,0.0,5.6,0,15.0,0.0,0.0,0.0,0.0,0.0,0.0,324.873
5760_dose_800_gradient_0_VconcST_0_Vconc_5.6_run_0.csv,5760.0,800.0,0,5.6,0.0,5.6,0,15.25,0.0,0.0,0.0,0.0,0.0,0.0,10000.0
5760_dose_800_gradient_0_VconcST_0_Vconc_5.6_run_0.csv,5760.0,800.0,0,5.6,0.0,5.6,0,15.5,0.0,0.0,0.0,0.0,0.0,0.0,252.058
5760_dose_800_gradient_0_VconcST_0_Vconc_5.6_run_0.csv,5760.0,800.0,0,5.6,0.0,5.6,0,15.75,0.0,0.0,0.0,0.0,0.0,0.0,10000.0
5760_dose_800_gradient_0_VconcST_0_Vconc_5.6_run_0.csv,5760.0,800.0,0,5.6,0.0,5.6,0,16.0,0.0,0.0,0.0,0.0,0.0,0.0,244.772
5760_dose_800_gradient_0_VconcST_0_Vconc_5.6_run_0.csv,5760.0,800.0,0,5.6,0.0,5.6,0,16.25,0.0,0.0,0.0,0.0,0.0,0.0,10000.0
5760_dose_800_gradient_0_VconcST_0_Vconc_5.6_run_0.csv,5760.0,800.0,0,5.6,0.0,5.6,0,16.5,0.0,0.0,0.0,0.0,0.0,0.0,235.221
5760_dose_800_gradient_0_VconcST_0_Vconc_5.6_run_0.csv,5760.0,800.0,0,5.6,0.0,5.6,0,16.75,0.0,0.0,0.0,0.0,0.0,0.0,10000.0
5760_dose_800_gradient_0_VconcST_0_Vconc_5.6_run_0.csv,5760.0,800.0,0,5.6,0.0,5.6,0,17.0,0.0,0.0,0.0,0.0,0.0,0.0,226.8
5760_dose_800_gradient_0_VconcST_0_Vconc_5.6_run_0.csv,5760.0,800.0,0,5.6,0.0,5.6,0,17.25,0.0,0.0,0.0,0.0,0.0,0.0,10000.0
5760_dose_800_gradient_0_VconcST_0_Vconc_5.6_run_0.csv,5760.0,800.0,0,5.6,0.0,5.6,0,17.5,0.0,0.0,0.0,0.0,0.0,0.0,228.49
5760_dose_800_gradient_0_VconcST_0_Vconc_5.6_run_0.csv,5760.0,800.0,0,5.6,0.0,5.6,0,17.75,0.0,0.0,0.0,0.0,0.0,0.0,10000.0
5760_dose_800_gradient_0_VconcST_0_Vconc_5.6_run_0.csv,5760.0,800.0,0,5.6,0.0,5.6,0,18.0,0.0,0.0,0.0,0.0,0.0,0.0,224.414
5760_dose_800_gradient_0_VconcST_0_Vconc_5.6_run_0.csv,5760.0,800.0,0,5.6,0.0,5.6,0,18.25,0.0,0.0,0.0,0.0,0.0,0.0,10000.0
5760_dose_800_gradient_0_VconcST_0_Vconc_5.6_run_0.csv,5760.0,800.0,0,5.6,0.0,5.6,0,18.5,0.0,0.0,0.0,0.0,0.0,0.0,213.674
5760_dose_800_gradient_0_VconcST_0_Vconc_5.6_run_0.csv,5760.0,800.0,0,5.6,0.0,5.6,0,18.75,0.0,0.0,0.0,0.0,0.0,0.0,5340.12
5760_dose_800_gradient_0_VconcST_0_Vconc_5.6_run_0.csv,5760.0,800.0,0,5.6,0.0,5.6,0,19.0,0.0,0.0,0.0,0.0,0.0,0.0,4643.51
5760_dose_800_gradient_0_VconcST_0_Vconc_5.6_run_0.csv,5760.0,800.0,0,5.6,0.0,5.6,0,19.25,0.0,0.0,0.0,0.0,0.0,0.0,674.539
5760_dose_800_gradient_0_VconcST_0_Vconc_5.6_run_0.csv,5760.0,800.0,0,5.6,0.0,5.6,0,19.5,0.0,0.0,0.0,0.0,0.0,0.0,9212.54
5760_dose_800_gradient_0_VconcST_0_Vconc_5.6_run_0.csv,5760.0,800.0,0,5.6,0.0,5.6,0,19.75,0.0,0.0,0.0,0.0,0.0,0.0,668.597
5760_dose_800_gradient_0_VconcST_0_Vconc_5.6_run_0.csv,5760.0,800.0,0,5.6,0.0,5.6,0,20.0,0.0,0.0,0.0,0.0,0.0,0.0,10000.0
5760_dose_800_gradient_0_VconcST_0_Vconc_5.6_run_0.csv,5760.0,800.0,0,5.6,0.0,5.6,0,20.25,0.0,0.0,0.0,0.0,0.0,0.0,675.249
5760_dose_800_gradient_0_VconcST_0_Vconc_5.6_run_0.csv,5760.0,800.0,0,5.6,0.0,5.6,0,20.5,0.0,0.0,0.0,0.0,0.0,0.0,10000.0
5760_dose_800_gradient_0_VconcST_0_Vconc_5.6_run_0.csv,5760.0,800.0,0,5.6,0.0,5.6,0,20.75,0.0,0.0,0.0,0.0,0.0,0.0,601.25
5760_dose_800_gradient_0_VconcST_0_Vconc_5.6_run_0.csv,5760.0,800.0,0,5.6,0.0,5.6,0,21.0,0.0,0.0,0.0,0.0,0.0,0.0,10000.0
5760_dose_800_gradient_0_VconcST_0_Vconc_5.6_run_0.csv,5760.0,800.0,0,5.6,0.0,5.6,0,21.25,0.0,0.0,0.0,0.0,0.0,0.0,438.662
5760_dose_800_gradient_0_VconcST_0_Vconc_5.6_run_0.csv,5760.0,800.0,0,5.6,0.0,5.6,0,21.5,0.0,0.0,0.0,0.0,0.0,0.0,10000.0
5760_dose_800_gradient_0_VconcST_0_Vconc_5.6_run_0.csv,5760.0,800.0,0,5.6,0.0,5.6,0,21.75,0.0,0.0,0.0,0.0,0.0,0.0,341.034
5760_dose_800_gradient_0_VconcST_0_Vconc_5.6_run_0.csv,5760.0,800.0,0,5.6,0.0,5.6,0,22.0,0.0,0.0,0.0,0.0,0.0,0.0,10000.0
5760_dose_800_gradient_0_VconcST_0_Vconc_5.6_run_0.csv,5760.0,800.0,0,5.6,0.0,5.6,0,22.25,0.0,0.0,0.0,0.0,0.0,0.0,308.854
5760_dose_800_gradient_0_VconcST_0_Vconc_5.6_run_0.csv,5760.0,800.0,0,5.6,0.0,5.6,0,22.5,0.0,0.0,0.0,0.0,0.0046875,0.0,10000.0
5760_dose_800_gradient_0_VconcST_0_Vconc_5.6_run_0.csv,5760.0,800.0,0,5.6,0.0,5.6,0,22.75,0.0,0.0,0.0,0.0,0.0,0.0,279.75
5760_dose_800_gradient_0_VconcST_0_Vconc_5.6_run_0.csv,5760.0,800.0,0,5.6,0.0,5.6,0,23.0,0.0,0.0,0.0,0.0,0.0,0.0,10000.0
5760_dose_800_gradient_0_VconcST_0_Vconc_5.6_run_0.csv,5760.0,800.0,0,5.6,0.0,5.6,0,23.25,0.0,0.0,0.0,0.0,0.0,0.0,274.485
5760_dose_800_gradient_0_VconcST_0_Vconc_5.6_run_0.csv,5760.0,800.0,0,5.6,0.0,5.6,0,23.5,0.0,0.0,0.0,0.0,0.0,0.0,10000.0
5760_dose_800_gradient_0_VconcST_0_Vconc_5.6_run_0.csv,5760.0,800.0,0,5.6,0.0,5.6,0,23.75,0.0,0.0,0.0,0.0,0.0,0.0,238.608
5760_dose_800_gradient_0_VconcST_0_Vconc_5.6_run_0.csv,5760.0,800.0,0,5.6,0.0,5.6,0,24.0,62.29,800.0,0.02426,62.29,0.0,0.0,10000.0
5760_dose_800_gradient_0_VconcST_0_Vconc_5.6_run_0.csv,5760.0,800.0,0,5.6,0.0,5.6,0,24.25,3754.75,784.145,1.46236,3754.75,0.0,0.999946,0.0194106
5760_dose_800_gradient_0_VconcST_0_Vconc_5.6_run_0.csv,5760.0,800.0,0,5.6,0.0,5.6,0,24.5,7360.03,768.604,2.8665,7360.03,0.0,0.999973,0.316083
5760_dose_800_gradient_0_VconcST_0_Vconc_5.6_run_0.csv,5760.0,800.0,0,5.6,0.0,5.6,0,24.75,10879.9,753.371,4.23739,10879.9,0.0,0.999982,0.192595
5760_dose_800_gradient_0_VconcST_0_Vconc_5.6_run_0.csv,5760.0,800.0,0,5.6,0.0,5.6,0,25.0,14316.1,738.44,5.57569,14316.1,0.0,0.999986,0.140039
5760_dose_800_gradient_0_VconcST_0_Vconc_5.6_run_0.csv,5760.0,800.0,0,5.6,0.0,5.6,0,25.25,17670.4,723.805,6.88207,17670.4,0.0,0.999989,0.110549
5760_dose_800_gradient_0_VconcST_0_Vconc_5.6_run_0.csv,5760.0,800.0,0,5.6,0.0,5.6,0,25.5,20944.4,709.46,8.15719,20944.4,0.0,0.99999,0.0913768
5760_dose_800_gradient_0_VconcST_0_Vconc_5.6_run_0.csv,5760.0,800.0,0,5.6,0.0,5.6,0,25.75,24139.7,695.4,9.40168,24139.7,0.0,0.999992,0.078101
5760_dose_800_gradient_0_VconcST_0_Vconc_5.6_run_0.csv,5760.0,800.0,0,5.6,0.0,5.6,0,26.0,27258.1,681.618,10.6162,27258.1,0.0,0.999993,0.0687426
5760_dose_800_gradient_0_VconcST_0_Vconc_5.6_run_0.csv,5760.0,800.0,0,5.6,0.0,5.6,0,26.25,30301.0,668.109,11.8013,30301.0,0.0,0.999993,0.0613509
5760_dose_800_gradient_0_VconcST_0_Vconc_5.6_run_0.csv,5760.0,800.0,0,5.6,0.0,5.6,0,26.5,33270.0,654.868,12.9576,33270.0,0.0,0.999994,0.0554609
5760_dose_800_gradient_0_VconcST_0_Vconc_5.6_run_0.csv,5760.0,800.0,0,5.6,0.0,5.6,0,26.75,36166.6,641.889,14.0858,36166.6,0.0,0.999994,0.050775
5760_dose_800_gradient_0_VconcST_0_Vconc_5.6_run_0.csv,5760.0,800.0,0,5.6,0.0,5.6,0,27.0,38992.4,629.168,15.1863,38992.4,0.0,0.999995,0.0469672
5760_dose_800_gradient_0_VconcST_0_Vconc_5.6_run_0.csv,5760.0,800.0,0,5.6,0.0,5.6,0,27.25,41748.7,616.698,16.2598,41748.7,0.0,0.999995,0.0441104
5760_dose_800_gradient_0_VconcST_0_Vconc_5.6_run_0.csv,5760.0,800.0,0,5.6,0.0,5.6,0,27.5,44437.0,604.476,17.3068,44437.0,0.0,0.999996,0.0406345
5760_dose_800_gradient_0_VconcST_0_Vconc_5.6_run_0.csv,5760.0,800.0,0,5.6,0.0,5.6,0,27.75,47058.6,592.496,18.3279,47058.6,0.0,0.999996,0.0385699
5760_dose_800_gradient_0_VconcST_0_Vconc_5.6_run_0.csv,5760.0,800.0,0,5.6,0.0,5.6,0,28.0,49615.1,580.753,19.3235,49615.1,0.0,0.999996,0.0364129
5760_dose_800_gradient_0_VconcST_0_Vconc_5.6_run_0.csv,5760.0,800.0,0,5.6,0.0,5.6,0,28.25,52107.7,569.244,20.2943,52107.7,0.0,0.999996,0.0348299
5760_dose_800_gradient_0_VconcST_0_Vconc_5.6_run_0.csv,5760.0,800.0,0,5.6,0.0,5.6,0,28.5,54537.6,557.962,21.2407,54537.6,0.0,0.999996,0.0332841
5760_dose_800_gradient_0_VconcST_0_Vconc_5.6_run_0.csv,5760.0,800.0,0,5.6,0.0,5.6,0,28.75,56906.3,546.904,22.1632,56906.3,0.0,0.999996,0.0316637
5760_dose_800_gradient_0_VconcST_0_Vconc_5.6_run_0.csv,5760.0,800.0,0,5.6,0.0,5.6,0,29.0,59214.9,536.065,23.0624,59214.9,0.0,0.999997,0.0306706
5760_dose_800_gradient_0_VconcST_0_Vconc_5.6_run_0.csv,5760.0,800.0,0,5.6,0.0,5.6,0,29.25,61464.8,525.441,23.9386,61464.8,0.0,0.999997,0.029025
5760_dose_800_gradient_0_VconcST_0_Vconc_5.6_run_0.csv,5760.0,800.0,0,5.6,0.0,5.6,0,29.5,63657.1,515.027,24.7925,63657.1,0.0,0.999997,0.0279892
5760_dose_800_gradient_0_VconcST_0_Vconc_5.6_run_0.csv,5760.0,800.0,0,5.6,0.0,5.6,0,29.75,65793.0,504.82,25.6243,65793.0,0.0,0.999997,0.0274583
5760_dose_800_gradient_0_VconcST_0_Vconc_5.6_run_0.csv,5760.0,800.0,0,5.6,0.0,5.6,0,30.0,67873.7,494.815,26.4347,67873.7,0.0,0.999997,0.0269386
5760_dose_800_gradient_0_VconcST_0_Vconc_5.6_run_0.csv,5760.0,800.0,0,5.6,0.0,5.6,0,30.25,69900.4,485.009,27.224,69900.4,0.0,0.999997,0.025874
5760_dose_800_gradient_0_VconcST_0_Vconc_5.6_run_0.csv,5760.0,800.0,0,5.6,0.0,5.6,0,30.5,71874.0,475.396,27.9927,71874.0,0.0,0.999997,0.0253309
5760_dose_800_gradient_0_VconcST_0_Vconc_5.6_run_0.csv,5760.0,800.0,0,5.6,0.0,5.6,0,30.75,73795.9,465.974,28.7412,73795.9,0.0,0.999997,0.0248285
5760_dose_800_gradient_0_VconcST_0_Vconc_5.6_run_0.csv,5760.0,800.0,0,5.6,0.0,5.6,0,31.0,75667.0,456.739,29.4699,75667.0,0.0,0.999997,0.0242755
5760_dose_800_gradient_0_VconcST_0_Vconc_5.6_run_0.csv,5760.0,800.0,0,5.6,0.0,5.6,0,31.25,77488.3,447.687,30.1793,77488.3,0.0,0.999997,0.0232567
5760_dose_800_gradient_0_VconcST_0_Vconc_5.6_run_0.csv,5760.0,800.0,0,5.6,0.0,5.6,0,31.5,79260.9,438.815,30.8697,79260.9,0.0,0.999997,0.0227776
5760_dose_800_gradient_0_VconcST_0_Vconc_5.6_run_0.csv,5760.0,800.0,0,5.6,0.0,5.6,0,31.75,80985.9,430.118,31.5415,80985.9,0.0,0.999997,0.0227593
5760_dose_800_gradient_0_VconcST_0_Vconc_5.6_run_0.csv,5760.0,800.0,0,5.6,0.0,5.6,0,32.0,82664.2,421.593,32.1951,82664.2,0.0,0.999998,0.0221755
5760_dose_800_gradient_0_VconcST_0_Vconc_5.6_run_0.csv,5760.0,800.0,0,5.6,0.0,5.6,0,32.25,84296.8,413.238,32.831,84296.8,0.0,0.999998,0.0216565
5760_dose_800_gradient_0_VconcST_0_Vconc_5.6_run_0.csv,5760.0,800.0,0,5.6,0.0,5.6,0,32.5,85884.6,405.048,33.4494,85884.6,0.0,0.999998,0.0211343
5760_dose_800_gradient_0_VconcST_0_Vconc_5.6_run_0.csv,5760.0,800.0,0,5.6,0.0,5.6,0,32.75,87428.5,397.021,34.0507,87428.5,0.0,0.999998,0.0205814
5760_dose_800_gradient_0_VconcST_0_Vconc_5.6_run_0.csv,5760.0,800.0,0,5.6,0.0,5.6,0,33.0,88929.6,389.152,34.6353,88929.6,0.0,0.999998,0.0205959
5760_dose_800_gradient_0_VconcST_0_Vconc_5.6_run_0.csv,5760.0,800.0,0,5.6,0.0,5.6,0,33.25,90388.7,381.44,35.2036,90388.7,0.0,0.999998,0.0201242
5760_dose_800_gradient_0_VconcST_0_Vconc_5.6_run_0.csv,5760.0,800.0,0,5.6,0.0,5.6,0,33.5,91806.5,373.88,35.7558,91806.5,0.0,0.999998,0.0195575
5760_dose_800_gradient_0_VconcST_0_Vconc_5.6_run_0.csv,5760.0,800.0,0,5.6,0.0,5.6,0,33.75,93184.2,366.47,36.2923,93184.2,0.0,0.999998,0.0195534
5760_dose_800_gradient_0_VconcST_0_Vconc_5.6_run_0.csv,5760.0,800.0,0,5.6,0.0,5.6,0,34.0,94522.4,359.207,36.8135,94522.4,0.0,0.999998,0.0189983
5760_dose_800_gradient_0_VconcST_0_Vconc_5.6_run_0.csv,5760.0,800.0,0,5.6,0.0,5.6,0,34.25,95822.0,352.088,37.3197,95822.0,0.0,0.999998,0.019029
5760_dose_800_gradient_0_VconcST_0_Vconc_5.6_run_0.csv,5760.0,800.0,0,5.6,0.0,5.6,0,34.5,97083.9,345.11,37.8112,97083.9,0.0,0.999998,0.0185017
5760_dose_800_gradient_0_VconcST_0_Vconc_5.6_run_0.csv,5760.0,800.0,0,5.6,0.0,5.6,0,34.75,98308.7,338.27,38.2882,98308.7,0.0,0.999998,0.0185205
5760_dose_800_gradient_0_VconcST_0_Vconc_5.6_run_0.csv,5760.0,800.0,0,5.6,0.0,5.6,0,35.0,99497.4,331.566,38.7511,99497.4,0.0,0.999998,0.0179648
5760_dose_800_gradient_0_VconcST_0_Vconc_5.6_run_0.csv,5760.0,800.0,0,5.6,0.0,5.6,0,35.25,100651.0,324.995,39.2003,100651.0,0.0,0.999998,0.0180027
5760_dose_800_gradient_0_VconcST_0_Vconc_5.6_run_0.csv,5760.0,800.0,0,5.6,0.0,5.6,0,35.5,101769.0,318.554,39.6359,101769.0,0.0,0.999998,0.0179642
5760_dose_800_gradient_0_VconcST_0_Vconc_5.6_run_0.csv,5760.0,800.0,0,5.6,0.0,5.6,0,35.75,102854.0,312.241,40.0583,102854.0,0.0,0.999998,0.0174254
5760_dose_800_gradient_0_VconcST_0_Vconc_5.6_run_0.csv,5760.0,800.0,0,5.6,0.0,5.6,0,36.0,103905.0,306.052,40.4677,103905.0,0.0,0.999998,0.0174499
5760_dose_800_gradient_0_VconcST_0_Vconc_5.6_run_0.csv,5760.0,800.0,0,5.6,0.0,5.6,0,36.25,104924.0,299.987,40.8645,104924.0,0.0,0.999998,0.017415
5760_dose_800_gradient_0_VconcST_0_Vconc_5.6_run_0.csv,5760.0,800.0,0,5.6,0.0,5.6,0,36.5,105910.0,294.041,41.2488,105910.0,0.0,0.999998,0.0169301
5760_dose_800_gradient_0_VconcST_0_Vconc_5.6_run_0.csv,5760.0,800.0,0,5.6,0.0,5.6,0,36.75,106866.0,288.214,41.621,106866.0,0.0,0.999998,0.0169081
5760_dose_800_gradient_0_VconcST_0_Vconc_5.6_run_0.csv,5760.0,800.0,0,5.6,0.0,5.6,0,37.0,107791.0,282.502,41.9813,107791.0,0.0,0.999998,0.0169134
5760_dose_800_gradient_0_VconcST_0_Vconc_5.6_run_0.csv,5760.0,800.0,0,5.6,0.0,5.6,0,37.25,108687.0,276.903,42.33,108687.0,0.0,0.999998,0.0163826
5760_dose_800_gradient_0_VconcST_0_Vconc_5.6_run_0.csv,5760.0,800.0,0,5.6,0.0,5.6,0,37.5,109553.0,271.414,42.6673,109553.0,0.0,0.999998,0.0163597
5760_dose_800_gradient_0_VconcST_0_Vconc_5.6_run_0.csv,5760.0,800.0,0,5.6,0.0,5.6,0,37.75,110390.0,266.035,42.9935,110390.0,0.0,0.999998,0.0163826
5760_dose_800_gradient_0_VconcST_0_Vconc_5.6_run_0.csv,5760.0,800.0,0,5.6,0.0,5.6,0,38.0,111199.0,260.763,43.3087,111199.0,0.0,0.999998,0.0163792
5760_dose_800_gradient_0_VconcST_0_Vconc_5.6_run_0.csv,5760.0,800.0,0,5.6,0.0,5.6,0,38.25,111981.0,255.595,43.6133,111981.0,0.0,0.999998,0.0163597
5760_dose_800_gradient_0_VconcST_0_Vconc_5.6_run_0.csv,5760.0,800.0,0,5.6,0.0,5.6,0,38.5,112737.0,250.529,43.9074,112737.0,0.0,0.999998,0.0158509
5760_dose_800_gradient_0_VconcST_0_Vconc_5.6_run_0.csv,5760.0,800.0,0,5.6,0.0,5.6,0,38.75,113465.0,245.564,44.1913,113465.0,0.0,0.999998,0.015832
5760_dose_800_gradient_0_VconcST_0_Vconc_5.6_run_0.csv,5760.0,800.0,0,5.6,0.0,5.6,0,39.0,114169.0,240.697,44.4652,114169.0,0.0,0.999998,0.0158414
5760_dose_800_gradient_0_VconcST_0_Vconc_5.6_run_0.csv,5760.0,800.0,0,5.6,0.0,5.6,0,39.25,114847.0,235.927,44.7293,114847.0,0.0,0.999998,0.0158548
5760_dose_800_gradient_0_VconcST_0_Vconc_5.6_run_0.csv,5760.0,800.0,0,5.6,0.0,5.6,0,39.5,115500.0,231.251,44.9838,115500.0,0.0,0.999998,0.015872
5760_dose_800_gradient_0_VconcST_0_Vconc_5.6_run_0.csv,5760.0,800.0,0,5.6,0.0,5.6,0,39.75,116130.0,226.668,45.229,116130.0,0.0,0.999998,0.0153321
5760_dose_800_gradient_0_VconcST_0_Vconc_5.6_run_0.csv,5760.0,800.0,0,5.6,0.0,5.6,0,40.0,116736.0,222.176,45.465,116736.0,0.0,0.999998,0.0153042
5760_dose_800_gradient_0_VconcST_0_Vconc_5.6_run_0.csv,5760.0,800.0,0,5.6,0.0,5.6,0,40.25,117319.0,217.772,45.692,117319.0,0.0,0.999998,0.0153042
5760_dose_800_gradient_0_VconcST_0_Vconc_5.6_run_0.csv,5760.0,800.0,0,5.6,0.0,5.6,0,40.5,117879.0,213.456,45.9102,117879.0,0.0,0.999998,0.0153042
5760_dose_800_gradient_0_VconcST_0_Vconc_5.6_run_0.csv,5760.0,800.0,0,5.6,0.0,5.6,0,40.75,118417.0,209.226,46.1199,118417.0,0.0,0.999998,0.0153133
5760_dose_800_gradient_0_VconcST_0_Vconc_5.6_run_0.csv,5760.0,800.0,0,5.6,0.0,5.6,0,41.0,118934.0,205.079,46.3211,118934.0,0.0,0.999998,0.0153332
5760_dose_800_gradient_0_VconcST_0_Vconc_5.6_run_0.csv,5760.0,800.0,0,5.6,0.0,5.6,0,41.25,119430.0,201.015,46.5142,119430.0,0.0,0.999998,0.0153042
5760_dose_800_gradient_0_VconcST_0_Vconc_5.6_run_0.csv,5760.0,800.0,0,5.6,0.0,5.6,0,41.5,119905.0,197.031,46.6992,119905.0,0.0,0.999998,0.0148065
5760_dose_800_gradient_0_VconcST_0_Vconc_5.6_run_1.csv,5760.0,800.0,0,5.6,0.0,5.6,1,0.0,0.0,0.0,0.0,0.0,0.0,0.0,0.0
5760_dose_800_gradient_0_VconcST_0_Vconc_5.6_run_1.csv,5760.0,800.0,0,5.6,0.0,5.6,1,0.25,0.0,0.0,0.0,0.0,0.0,0.0,10000.0
5760_dose_800_gradient_0_VconcST_0_Vconc_5.6_run_1.csv,5760.0,800.0,0,5.6,0.0,5.6,1,0.5,0.0,0.0,0.0,0.0,0.0,0.0,259.426
5760_dose_800_gradient_0_VconcST_0_Vconc_5.6_run_1.csv,5760.0,800.0,0,5.6,0.0,5.6,1,0.75,0.0,0.0,0.0,0.0,0.0,0.0,10000.0
5760_dose_800_gradient_0_VconcST_0_Vconc_5.6_run_1.csv,5760.0,800.0,0,5.6,0.0,5.6,1,1.0,0.0,0.0,0.0,0.0,0.0,0.0,265.279
5760_dose_800_gradient_0_VconcST_0_Vconc_5.6_run_1.csv,5760.0,800.0,0,5.6,0.0,5.6,1,1.25,0.0,0.0,0.0,0.0,0.0,0.0,10000.0
5760_dose_800_gradient_0_VconcST_0_Vconc_5.6_run_1.csv,5760.0,800.0,0,5.6,0.0,5.6,1,1.5,0.0,0.0,0.0,0.0,0.0,0.0,232.288
5760_dose_800_gradient_0_VconcST_0_Vconc_5.6_run_1.csv,5760.0,800.0,0,5.6,0.0,5.6,1,1.75,0.0,0.0,0.0,0.0,0.0,0.0,10000.0
5760_dose_800_gradient_0_VconcST_0_Vconc_5.6_run_1.csv,5760.0,800.0,0,5.6,0.0,5.6,1,2.0,0.0,0.0,0.0,0.0,0.000364583,0.0,233.174
5760_dose_800_gradient_0_VconcST_0_Vconc_5.6_run_1.csv,5760.0,800.0,0,5.6,0.0,5.6,1,2.25,0.0,0.0,0.0,0.0,0.0,0.0,10000.0
5760_dose_800_gradient_0_VconcST_0_Vconc_5.6_run_1.csv,5760.0,800.0,0,5.6,0.0,5.6,1,2.5,0.0,0.0,0.0,0.0,0.0,0.0,225.36
5760_dose_800_gradient_0_VconcST_0_Vconc_5.6_run_1.csv,5760.0,800.0,0,5.6,0.0,5.6,1,2.75,0.0,0.0,0.0,0.0,0.0,0.0,10000.0
5760_dose_800_gradient_0_VconcST_0_Vconc_5.6_run_1.csv,5760.0,800.0,0,5.6,0.0,5.6,1,3.0,0.0,0.0,0.0,0.0,0.0,0.0,219.987
5760_dose_800_gradient_0_VconcST_0_Vconc_5.6_run_1.csv,5760.0,800.0,0,5.6,0.0,5.6,1,3.25,0.0,0.0,0.0,0.0,0.0,0.0,10000.0
5760_dose_800_gradient_0_VconcST_0_Vconc_5.6_run_1.csv,5760.0,800.0,0,5.6,0.0,5.6,1,3.5,0.0,0.0,0.0,0.0,0.0,0.0,217.966
5760_dose_800_gradient_0_VconcST_0_Vconc_5.6_run_1.csv,5760.0,800.0,0,5.6,0.0,5.6,1,3.75,0.0,0.0,0.0,0.0,0.0,0.0,10000.0
5760_dose_800_gradient_0_VconcST_0_Vconc_5.6_run_1.csv,5760.0,800.0,0,5.6,0.0,5.6,1,4.0,0.0,0.0,0.0,0.0,0.0,0.0,3707.87
5760_dose_800_gradient_0_VconcST_0_Vconc_5.6_run_1.csv,5760.0,800.0,0,5.6,0.0,5.6,1,4.25,0.0,0.0,0.0,0.0,0.0,0.0,688.449
5760_dose_800_gradient_0_VconcST_0_Vconc_5.6_run_1.csv,5760.0,800.0,0,5.6,0.0,5.6,1,4.5,0.0,0.0,0.0,0.0,0.0,0.0,9028.67
5760_dose_800_gradient_0_VconcST_0_Vconc_5.6_run_1.csv,5760.0,800.0,0,5.6,0.0,5.6,1,4.75,0.0,0.0,0.0,0.0,0.0,0.0,683.413
5760_dose_800_gradient_0_VconcST_0_Vconc_5.6_run_1.csv,5760.0,800.0,0,5.6,0.0,5.6,1,5.0,0.0,0.0,0.0,0.0,0.0,0.0,10000.0
5760_dose_800_gradient_0_VconcST_0_Vconc_5.6_run_1.csv,5760.0,800.0,0,5.6,0.0,5.6,1,5.25,0.0,0.0,0.0,0.0,0.0,0.0,666.881
5760_dose_800_gradient_0_VconcST_0_Vconc_5.6_run_1.csv,5760.0,800.0,0,5.6,0.0,5.6,1,5.5,0.0,0.0,0.0,0.0,0.0,0.0,10000.0
5760_dose_800_gradient_0_VconcST_0_Vconc_5.6_run_1.csv,5760.0,800.0,0,5.6,0.0,5.6,1,5.75,0.0,0.0,0.0,0.0,0.0,0.0,652.024
5760_dose_800_gradient_0_VconcST_0_Vconc_5.6_run_1.csv,5760.0,800.0,0,5.6,0.0,5.6,1,6.0,0.0,0.0,0.0,0.0,0.0,0.0,10000.0
5760_dose_800_gradient_0_VconcST_0_Vconc_5.6_run_1.csv,5760.0,800.0,0,5.6,0.0,5.6,1,6.25,0.0,0.0,0.0,0.0,0.0,0.0,479.202
5760_dose_800_gradient_0_VconcST_0_Vconc_5.6_run_1.csv,5760.0,800.0,0,5.6,0.0,5.6,1,6.5,0.0,0.0,0.0,0.0,0.0,0.0,10000.0
5760_dose_800_gradient_0_VconcST_0_Vconc_5.6_run_1.csv,5760.0,800.0,0,5.6,0.0,5.6,1,6.75,0.0,0.0,0.0,0.0,0.0,0.0,366.381
5760_dose_800_gradient_0_VconcST_0_Vconc_5.6_run_1.csv,5760.0,800.0,0,5.6,0.0,5.6,1,7.0,0.0,0.0,0.0,0.0,0.0,0.0,10000.0
5760_dose_800_gradient_0_VconcST_0_Vconc_5.6_run_1.csv,5760.0,800.0,0,5.6,0.0,5.6,1,7.25,0.0,0.0,0.0,0.0,0.0,0.0,338.682
5760_dose_800_gradient_0_VconcST_0_Vconc_5.6_run_1.csv,5760.0,800.0,0,5.6,0.0,5.6,1,7.5,0.0,0.0,0.0,0.0,0.0,0.0,10000.0
5760_dose_800_gradient_0_VconcST_0_Vconc_5.6_run_1.csv,5760.0,800.0,0,5.6,0.0,5.6,1,7.75,0.0,0.0,0.0,0.0,0.0,0.0,304.623
5760_dose_800_gradient_0_VconcST_0_Vconc_5.6_run_1.csv,5760.0,800.0,0,5.6,0.0,5.6,1,8.0,0.0,0.0,0.0,0.0,0.0,0.0,10000.0
5760_dose_800_gradient_0_VconcST_0_Vconc_5.6_run_1.csv,5760.0,800.0,0,5.6,0.0,5.6,1,8.25,0.0,0.0,0.0,0.0,0.0,0.0,267.361
5760_dose_800_gradient_0_VconcST_0_Vconc_5.6_run_1.csv,5760.0,800.0,0,5.6,0.0,5.6,1,8.5,0.0,0.0,0.0,0.0,0.0,0.0,10000.0
5760_dose_800_gradient_0_VconcST_0_Vconc_5.6_run_1.csv,5760.0,800.0,0,5.6,0.0,5.6,1,8.75,0.0,0.0,0.0,0.0,0.0,0.0,243.461
5760_dose_800_gradient_0_VconcST_0_Vconc_5.6_run_1.csv,5760.0,800.0,0,5.6,0.0,5.6,1,9.0,0.0,0.0,0.0,0.0,0.0,0.0,10000.0
5760_dose_800_gradient_0_VconcST_0_Vconc_5.6_run_1.csv,5760.0,800.0,0,5.6,0.0,5.6,1,9.25,0.0,0.0,0.0,0.0,0.000394965,0.0,236.729
5760_dose_800_gradient_0_VconcST_0_Vconc_5.6_run_1.csv,5760.0,800.0,0,5.6,0.0,5.6,1,9.5,0.0,0.0,0.0,0.0,0.0,0.0,10000.0
5760_dose_800_gradient_0_VconcST_0_Vconc_5.6_run_1.csv,5760.0,800.0,0,5.6,0.0,5.6,1,9.75,0.0,0.0,0.0,0.0,0.0,0.0,221.771
5760_dose_800_gradient_0_VconcST_0_Vconc_5.6_run_1.csv,5760.0,800.0,0,5.6,0.0,5.6,1,10.0,0.0,0.0,0.0,0.0,0.0,0.0,10000.0
5760_dose_800_gradient_0_VconcST_0_Vconc_5.6_run_1.csv,5760.0,800.0,0,5.6,0.0,5.6,1,10.25,0.0,0.0,0.0,0.0,0.0,0.0,225.624
5760_dose_800_gradient_0_VconcST_0_Vconc_5.6_run_1.csv,5760.0,800.0,0,5.6,0.0,5.6,1,10.5,0.0,0.0,0.0,0.0,0.0,0.0,10000.0
5760_dose_800_gradient_0_VconcST_0_Vconc_5.6_run_1.csv,5760.0,800.0,0,5.6,0.0,5.6,1,10.75,0.0,0.0,0.0,0.0,0.0,0.0,215.445
5760_dose_800_gradient_0_VconcST_0_Vconc_5.6_run_1.csv,5760.0,800.0,0,5.6,0.0,5.6,1,11.0,0.0,0.0,0.0,0.0,0.0,0.0,10000.0
5760_dose_800_gradient_0_VconcST_0_Vconc_5.6_run_1.csv,5760.0,800.0,0,5.6,0.0,5.6,1,11.25,0.0,0.0,0.0,0.0,0.0,0.0,221.859
5760_dose_800_gradient_0_VconcST_0_Vconc_5.6_run_1.csv,5760.0,800.0,0,5.6,0.0,5.6,1,11.5,0.0,0.0,0.0,0.0,0.0,0.0,679.662
5760_dose_800_gradient_0_VconcST_0_Vconc_5.6_run_1.csv,5760.0,800.0,0,5.6,0.0,5.6,1,11.75,0.0,0.0,0.0,0.0,0.0,0.0,8466.97
5760_dose_800_gradient_0_VconcST_0_Vconc_5.6_run_1.csv,5760.0,800.0,0,5.6,0.0,5.6,1,12.0,0.0,0.0,0.0,0.0,0.0,0.0,676.972
5760_dose_800_gradient_0_VconcST_0_Vconc_5.6_run_1.csv,5760.0,800.0,0,5.6,0.0,5.6,1,12.25,0.0,0.0,0.0,0.0,0.0,0.0,10000.0
5760_dose_800_gradient_0_VconcST_0_Vconc_5.6_run_1.csv,5760.0,800.0,0,5.6,0.0,5.6,1,12.5,0.0,0.0,0.0,0.0,0.0,0.0,660.466
5760_dose_800_gradient_0_VconcST_0_Vconc_5.6_run_1.csv,5760.0,800.0,0,5.6,0.0,5.6,1,12.75,0.0,0.0,0.0,0.0,0.0,0.0,10000.0
5760_dose_800_gradient_0_VconcST_0_Vconc_5.6_run_1.csv,5760.0,800.0,0,5.6,0.0,5.6,1,13.0,0.0,0.0,0.0,0.0,0.0,0.0,652.815
5760_dose_800_gradient_0_VconcST_0_Vconc_5.6_run_1.csv,5760.0,800.0,0,5.6,0.0,5.6,1,13.25,0.0,0.0,0.0,0.0,0.0,0.0,10000.0
5760_dose_800_gradient_0_VconcST_0_Vconc_5.6_run_1.csv,5760.0,800.0,0,5.6,0.0,5.6,1,13.5,0.0,0.0,0.0,0.0,0.0,0.0,545.921
5760_dose_800_gradient_0_VconcST_0_Vconc_5.6_run_1.csv,5760.0,800.0,0,5.6,0.0,5.6,1,13.75,0.0,0.0,0.0,0.0,0.0,0.0,10000.0
5760_dose_800_gradient_0_VconcST_0_Vconc_5.6_run_1.csv,5760.0,800.0,0,5.6,0.0,5.6,1,14.0,0.0,0.0,0.0,0.0,0.0,0.0,397.168
5760_dose_800_gradient_0_VconcST_0_Vconc_5.6_run_1.csv,5760.0,800.0,0,5.6,0.0,5.6,1,14.25,0.0,0.0,0.0,0.0,0.0,0.0,10000.0
5760_dose_800_gradient_0_VconcST_0_Vconc_5.6_run_1.csv,5760.0,800.0,0,5.6,0.0,5.6,1,14.5,0.0,0.0,0.0,0.0,0.0,0.0,315.478
5760_dose_800_gradient_0_VconcST_0_Vconc_5.6_run_1.csv,5760.0,800.0,0,5.6,0.0,5.6,1,14.75,0.0,0.0,0.0,0.0,0.0,0.0,10000.0
5760_dose_800_gradient_0_VconcST_0_Vconc_5.6_run_1.csv,5760.0,800.0,0,5.6,0.0,5.6,1,15.0,0.0,0.0,0.0,0.0,0.0,0.0,306.252
5760_dose_800_gradient_0_VconcST_0_Vconc_5.6_run_1.csv,5760.0,800.0,0,5.6,0.0,5.6,1,15.25,0.0,0.0,0.0,0.0,0.0,0.0,10000.0
5760_dose_800_gradient_0_VconcST_0_Vconc_5.6_run_1.csv,5760.0,800.0,0,5.6,0.0,5.6,1,15.5,0.0,0.0,0.0,0.0,0.0,0.0,289.902
5760_dose_800_gradient_0_VconcST_0_Vconc_5.6_run_1.csv,5760.0,800.0,0,5.6,0.0,5.6,1,15.75,0.0,0.0,0.0,0.0,0.0,0.0,10000.0
5760_dose_800_gradient_0_VconcST_0_Vconc_5.6_run_1.csv,5760.0,800.0,0,5.6,0.0,5.6,1,16.0,0.0,0.0,0.0,0.0,0.0,0.0,250.132
5760_dose_800_gradient_0_VconcST_0_Vconc_5.6_run_1.csv,5760.0,800.0,0,5.6,0.0,5.6,1,16.25,0.0,0.0,0.0,0.0,0.0,0.0,10000.0
5760_dose_800_gradient_0_VconcST_0_Vconc_5.6_run_1.csv,5760.0,800.0,0,5.6,0.0,5.6,1,16.5,0.0,0.0,0.0,0.0,0.000755208,0.0,225.299
5760_dose_800_gradient_0_VconcST_0_Vconc_5.6_run_1.csv,5760.0,800.0,0,5.6,0.0,5.6,1,16.75,0.0,0.0,0.0,0.0,0.0,0.0,10000.0
5760_dose_800_gradient_0_VconcST_0_Vconc_5.6_run_1.csv,5760.0,800.0,0,5.6,0.0,5.6,1,17.0,0.0,0.0,0.0,0.0,0.0,0.0,236.148
5760_dose_800_gradient_0_VconcST_0_Vconc_5.6_run_1.csv,5760.0,800.0,0,5.6,0.0,5.6,1,17.25,0.0,0.0,0.0,0.0,0.0,0.0,10000.0
5760_dose_800_gradient_0_VconcST_0_Vconc_5.6_run_1.csv,5760.0,800.0,0,5.6,0.0,5.6,1,17.5,0.0,0.0,0.0,0.0,0.0,0.0,218.615
5760_dose_800_gradient_0_VconcST_0_Vconc_5.6_run_1.csv,5760.0,800.0,0,5.6,0.0,5.6,1,17.75,0.0,0.0,0.0,0.0,0.0,0.0,10000.0
5760_dose_800_gradient_0_VconcST_0_Vconc_5.6_run_1.csv,5760.0,800.0,0,5.6,0.0,5.6,1,18.0,0.0,0.0,0.0,0.0,0.0,0.0,223.508
5760_dose_800_gradient_0_VconcST_0_Vconc_5.6_run_1.csv,5760.0,800.0,0,5.6,0.0,5.6,1,18.25,0.0,0.0,0.0,0.0,0.0,0.0,10000.0
5760_dose_800_gradient_0_VconcST_0_Vconc_5.6_run_1.csv,5760.0,800.0,0,5.6,0.0,5.6,1,18.5,0.0,0.0,0.0,0.0,0.0,0.0,222.021
5760_dose_800_gradient_0_VconcST_0_Vconc_5.6_run_1.csv,5760.0,800.0,0,5.6,0.0,5.6,1,18.75,0.0,0.0,0.0,0.0,0.0,0.0,5825.64
5760_dose_800_gradient_0_VconcST_0_Vconc_5.6_run_1.csv,5760.0,800.0,0,5.6,0.0,5.6,1,19.0,0.0,0.0,0.0,0.0,0.0,0.0,5075.14
5760_dose_800_gradient_0_VconcST_0_Vconc_5.6_run_1.csv,5760.0,800.0,0,5.6,0.0,5.6,1,19.25,0.0,0.0,0.0,0.0,0.0,0.0,674.66
5760_dose_800_gradient_0_VconcST_0_Vconc_5.6_run_1.csv,5760.0,800.0,0,5.6,0.0,5.6,1,19.5,0.0,0.0,0.0,0.0,0.0,0.0,9641.06
5760_dose_800_gradient_0_VconcST_0_Vconc_5.6_run_1.csv,5760.0,800.0,0,5.6,0.0,5.6,1,19.75,0.0,0.0,0.0,0.0,0.0,0.0,670.017
5760_dose_800_gradient_0_VconcST_0_Vconc_5.6_run_1.csv,5760.0,800.0,0,5.6,0.0,5.6,1,20.0,0.0,0.0,0.0,0.0,0.0,0.0,10000.0
5760_dose_800_gradient_0_VconcST_0_Vconc_5.6_run_1.csv,5760.0,800.0,0,5.6,0.0,5.6,1,20.25,0.0,0.0,0.0,0.0,0.0,0.0,676.053
5760_dose_800_gradient_0_VconcST_0_Vconc_5.6_run_1.csv,5760.0,800.0,0,5.6,0.0,5.6,1,20.5,0.0,0.0,0.0,0.0,0.0,0.0,10000.0
5760_dose_800_gradient_0_VconcST_0_Vconc_5.6_run_1.csv,5760.0,800.0,0,5.6,0.0,5.6,1,20.75,0.0,0.0,0.0,0.0,0.0,0.0,622.589
5760_dose_800_gradient_0_VconcST_0_Vconc_5.6_run_1.csv,5760.0,800.0,0,5.6,0.0,5.6,1,21.0,0.0,0.0,0.0,0.0,0.0,0.0,10000.0
5760_dose_800_gradient_0_VconcST_0_Vconc_5.6_run_1.csv,5760.0,800.0,0,5.6,0.0,5.6,1,21.25,0.0,0.0,0.0,0.0,0.0,0.0,461.933
5760_dose_800_gradient_0_VconcST_0_Vconc_5.6_run_1.csv,5760.0,800.0,0,5.6,0.0,5.6,1,21.5,0.0,0.0,0.0,0.0,0.0,0.0,10000.0
5760_dose_800_gradient_0_VconcST_0_Vconc_5.6_run_1.csv,5760.0,800.0,0,5.6,0.0,5.6,1,21.75,0.0,0.0,0.0,0.0,0.0,0.0,347.644
5760_dose_800_gradient_0_VconcST_0_Vconc_5.6_run_1.csv,5760.0,800.0,0,5.6,0.0,5.6,1,22.0,0.0,0.0,0.0,0.0,0.0,0.0,10000.0
5760_dose_800_gradient_0_VconcST_0_Vconc_5.6_run_1.csv,5760.0,800.0,0,5.6,0.0,5.6,1,22.25,0.0,0.0,0.0,0.0,0.0,0.0,326.462
5760_dose_800_gradient_0_VconcST_0_Vconc_5.6_run_1.csv,5760.0,800.0,0,5.6,0.0,5.6,1,22.5,0.0,0.0,0.0,0.0,0.00313151,0.0,10000.0
5760_dose_800_gradient_0_VconcST_0_Vconc_5.6_run_1.csv,5760.0,800.0,0,5.6,0.0,5.6,1,22.75,0.0,0.0,0.0,0.0,0.0,0.0,296.972
5760_dose_800_gradient_0_VconcST_0_Vconc_5.6_run_1.csv,5760.0,800.0,0,5.6,0.0,5.6,1,23.0,0.0,0.0,0.0,0.0,0.0,0.0,10000.0
5760_dose_800_gradient_0_VconcST_0_Vconc_5.6_run_1.csv,5760.0,800.0,0,5.6,0.0,5.6,1,23.25,0.0,0.0,0.0,0.0,0.0,0.0,261.467
5760_dose_800_gradient_0_VconcST_0_Vconc_5.6_run_1.csv,5760.0,800.0,0,5.6,0.0,5.6,1,23.5,0.0,0.0,0.0,0.0,0.0,0.0,10000.0
5760_dose_800_gradient_0_VconcST_0_Vconc_5.6_run_1.csv,5760.0,800.0,0,5.6,0.0,5.6,1,23.75,0.0,0.0,0.0,0.0,0.0,0.0,245.083
5760_dose_800_gradient_0_VconcST_0_Vconc_5.6_run_1.csv,5760.0,800.0,0,5.6,0.0,5.6,1,24.0,62.29,800.0,0.02426,62.29,0.0,0.0,10000.0
5760_dose_800_gradient_0_VconcST_0_Vconc_5.6_run_1.csv,5760.0,800.0,0,5.6,0.0,5.6,1,24.25,3754.75,784.145,1.46236,3754.75,0.0,0.999946,0.0194106
5760_dose_800_gradient_0_VconcST_0_Vconc_5.6_run_1.csv,5760.0,800.0,0,5.6,0.0,5.6,1,24.5,7360.03,768.604,2.8665,7360.03,0.0,0.999973,0.315054
5760_dose_800_gradient_0_VconcST_0_Vconc_5.6_run_1.csv,5760.0,800.0,0,5.6,0.0,5.6,1,24.75,10879.9,753.371,4.23739,10879.9,0.0,0.999982,0.192832
5760_dose_800_gradient_0_VconcST_0_Vconc_5.6_run_1.csv,5760.0,800.0,0,5.6,0.0,5.6,1,25.0,14316.1,738.44,5.57569,14316.1,0.0,0.999986,0.140049
5760_dose_800_gradient_0_VconcST_0_Vconc_5.6_run_1.csv,5760.0,800.0,0,5.6,0.0,5.6,1,25.25,17670.4,723.805,6.88207,17670.4,0.0,0.999989,0.110378
5760_dose_800_gradient_0_VconcST_0_Vconc_5.6_run_1.csv,5760.0,800.0,0,5.6,0.0,5.6,1,25.5,20944.4,709.46,8.15719,20944.4,0.0,0.99999,0.0913479
5760_dose_800_gradient_0_VconcST_0_Vconc_5.6_run_1.csv,5760.0,800.0,0,5.6,0.0,5.6,1,25.75,24139.7,695.4,9.40168,24139.7,0.0,0.999992,0.078101
5760_dose_800_gradient_0_VconcST_0_Vconc_5.6_run_1.csv,5760.0,800.0,0,5.6,0.0,5.6,1,26.0,27258.1,681.618,10.6162,27258.1,0.0,0.999993,0.0686028
5760_dose_800_gradient_0_VconcST_0_Vconc_5.6_run_1.csv,5760.0,800.0,0,5.6,0.0,5.6,1,26.25,30301.0,668.109,11.8013,30301.0,0.0,0.999993,0.061282
5760_dose_800_gradient_0_VconcST_0_Vconc_5.6_run_1.csv,5760.0,800.0,0,5.6,0.0,5.6,1,26.5,33270.0,654.868,12.9576,33270.0,0.0,0.999994,0.0555018
5760_dose_800_gradient_0_VconcST_0_Vconc_5.6_run_1.csv,5760.0,800.0,0,5.6,0.0,5.6,1,26.75,36166.6,641.889,14.0858,36166.6,0.0,0.999994,0.0507055
5760_dose_800_gradient_0_VconcST_0_Vconc_5.6_run_1.csv,5760.0,800.0,0,5.6,0.0,5.6,1,27.0,38992.4,629.168,15.1863,38992.4,0.0,0.999995,0.0470711
5760_dose_800_gradient_0_VconcST_0_Vconc_5.6_run_1.csv,5760.0,800.0,0,5.6,0.0,5.6,1,27.25,41748.7,616.698,16.2598,41748.7,0.0,0.999995,0.0440027
5760_dose_800_gradient_0_VconcST_0_Vconc_5.6_run_1.csv,5760.0,800.0,0,5.6,0.0,5.6,1,27.5,44437.0,604.476,17.3068,44437.0,0.0,0.999996,0.040813
5760_dose_800_gradient_0_VconcST_0_Vconc_5.6_run_1.csv,5760.0,800.0,0,5.6,0.0,5.6,1,27.75,47058.6,592.496,18.3279,47058.6,0.0,0.999996,0.0385239
5760_dose_800_gradient_0_VconcST_0_Vconc_5.6_run_1.csv,5760.0,800.0,0,5.6,0.0,5.6,1,28.0,49615.1,580.753,19.3235,49615.1,0.0,0.999996,0.0364129
5760_dose_800_gradient_0_VconcST_0_Vconc_5.6_run_1.csv,5760.0,800.0,0,5.6,0.0,5.6,1,28.25,52107.7,569.244,20.2943,52107.7,0.0,0.999996,0.0348299
5760_dose_800_gradient_0_VconcST_0_Vconc_5.6_run_1.csv,5760.0,800.0,0,5.6,0.0,5.6,1,28.5,54537.6,557.962,21.2407,54537.6,0.0,0.999996,0.0332467
5760_dose_800_gradient_0_VconcST_0_Vconc_5.6_run_1.csv,5760.0,800.0,0,5.6,0.0,5.6,1,28.75,56906.3,546.904,22.1632,56906.3,0.0,0.999996,0.031686
5760_dose_800_gradient_0_VconcST_0_Vconc_5.6_run_1.csv,5760.0,800.0,0,5.6,0.0,5.6,1,29.0,59214.9,536.065,23.0624,59214.9,0.0,0.999997,0.0306556
5760_dose_800_gradient_0_VconcST_0_Vconc_5.6_run_1.csv,5760.0,800.0,0,5.6,0.0,5.6,1,29.25,61464.8,525.441,23.9386,61464.8,0.0,0.999997,0.0290597
5760_dose_800_gradient_0_VconcST_0_Vconc_5.6_run_1.csv,5760.0,800.0,0,5.6,0.0,5.6,1,29.5,63657.1,515.027,24.7925,63657.1,0.0,0.999997,0.028003
5760_dose_800_gradient_0_VconcST_0_Vconc_5.6_run_1.csv,5760.0,800.0,0,5.6,0.0,5.6,1,29.75,65793.0,504.82,25.6243,65793.0,0.0,0.999997,0.0274419
5760_dose_800_gradient_0_VconcST_0_Vconc_5.6_run_1.csv,5760.0,800.0,0,5.6,0.0,5.6,1,30.0,67873.7,494.815,26.4347,67873.7,0.0,0.999997,0.0269141
5760_dose_800_gradient_0_VconcST_0_Vconc_5.6_run_1.csv,5760.0,800.0,0,5.6,0.0,5.6,1,30.25,69900.4,485.009,27.224,69900.4,0.0,0.999997,0.0259086
5760_dose_800_gradient_0_VconcST_0_Vconc_5.6_run_1.csv,5760.0,800.0,0,5.6,0.0,5.6,1,30.5,71874.0,475.396,27.9927,71874.0,0.0,0.999997,0.0253434
5760_dose_800_gradient_0_VconcST_0_Vconc_5.6_run_1.csv,5760.0,800.0,0,5.6,0.0,5.6,1,30.75,73795.9,465.974,28.7412,73795.9,0.0,0.999997,0.0248032
5760_dose_800_gradient_0_VconcST_0_Vconc_5.6_run_1.csv,5760.0,800.0,0,5.6,0.0,5.6,1,31.0,75667.0,456.739,29.4699,75667.0,0.0,0.999997,0.0242925
5760_dose_800_gradient_0_VconcST_0_Vconc_5.6_run_1.csv,5760.0,800.0,0,5.6,0.0,5.6,1,31.25,77488.3,447.687,30.1793,77488.3,0.0,0.999997,0.02322
5760_dose_800_gradient_0_VconcST_0_Vconc_5.6_run_1.csv,5760.0,800.0,0,5.6,0.0,5.6,1,31.5,79260.9,438.815,30.8697,79260.9,0.0,0.999997,0.0227082
5760_dose_800_gradient_0_VconcST_0_Vconc_5.6_run_1.csv,5760.0,800.0,0,5.6,0.0,5.6,1,31.75,80985.9,430.118,31.5415,80985.9,0.0,0.999997,0.0227449
5760_dose_800_gradient_0_VconcST_0_Vconc_5.6_run_1.csv,5760.0,800.0,0,5.6,0.0,5.6,1,32.0,82664.2,421.593,32.1951,82664.2,0.0,0.999998,0.0222292
5760_dose_800_gradient_0_VconcST_0_Vconc_5.6_run_1.csv,5760.0,800.0,0,5.6,0.0,5.6,1,32.25,84296.8,413.238,32.831,84296.8,0.0,0.999998,0.0216367
5760_dose_800_gradient_0_VconcST_0_Vconc_5.6_run_1.csv,5760.0,800.0,0,5.6,0.0,5.6,1,32.5,85884.6,405.048,33.4494,85884.6,0.0,0.999998,0.0211351
5760_dose_800_gradient_0_VconcST_0_Vconc_5.6_run_1.csv,5760.0,800.0,0,5.6,0.0,5.6,1,32.75,87428.5,397.021,34.0507,87428.5,0.0,0.999998,0.0205814
5760_dose_800_gradient_0_VconcST_0_Vconc_5.6_run_1.csv,5760.0,800.0,0,5.6,0.0,5.6,1,33.0,88929.6,389.152,34.6353,88929.6,0.0,0.999998,0.020606
5760_dose_800_gradient_0_VconcST_0_Vconc_5.6_run_1.csv,5760.0,800.0,0,5.6,0.0,5.6,1,33.25,90388.7,381.44,35.2036,90388.7,0.0,0.999998,0.0200678
5760_dose_800_gradient_0_VconcST_0_Vconc_5.6_run_1.csv,5760.0,800.0,0,5.6,0.0,5.6,1,33.5,91806.5,373.88,35.7558,91806.5,0.0,0.999998,0.019526
5760_dose_800_gradient_0_VconcST_0_Vconc_5.6_run_1.csv,5760.0,800.0,0,5.6,0.0,5.6,1,33.75,93184.2,366.47,36.2923,93184.2,0.0,0.999998,0.019526
5760_dose_800_gradient_0_VconcST_0_Vconc_5.6_run_1.csv,5760.0,800.0,0,5.6,0.0,5.6,1,34.0,94522.4,359.207,36.8135,94522.4,0.0,0.999998,0.0190517
5760_dose_800_gradient_0_VconcST_0_Vconc_5.6_run_1.csv,5760.0,800.0,0,5.6,0.0,5.6,1,34.25,95822.0,352.088,37.3197,95822.0,0.0,0.999998,0.019021
5760_dose_800_gradient_0_VconcST_0_Vconc_5.6_run_1.csv,5760.0,800.0,0,5.6,0.0,5.6,1,34.5,97083.9,345.11,37.8112,97083.9,0.0,0.999998,0.0185264
5760_dose_800_gradient_0_VconcST_0_Vconc_5.6_run_1.csv,5760.0,800.0,0,5.6,0.0,5.6,1,34.75,98308.7,338.27,38.2882,98308.7,0.0,0.999998,0.0185147
5760_dose_800_gradient_0_VconcST_0_Vconc_5.6_run_1.csv,5760.0,800.0,0,5.6,0.0,5.6,1,35.0,99497.4,331.566,38.7511,99497.4,0.0,0.999998,0.0179756
5760_dose_800_gradient_0_VconcST_0_Vconc_5.6_run_1.csv,5760.0,800.0,0,5.6,0.0,5.6,1,35.25,100651.0,324.995,39.2003,100651.0,0.0,0.999998,0.0179686
5760_dose_800_gradient_0_VconcST_0_Vconc_5.6_run_1.csv,5760.0,800.0,0,5.6,0.0,5.6,1,35.5,101769.0,318.554,39.6359,101769.0,0.0,0.999998,0.0179535
5760_dose_800_gradient_0_VconcST_0_Vconc_5.6_run_1.csv,5760.0,800.0,0,5.6,0.0,5.6,1,35.75,102854.0,312.241,40.0583,102854.0,0.0,0.999998,0.0174628
5760_dose_800_gradient_0_VconcST_0_Vconc_5.6_run_1.csv,5760.0,800.0,0,5.6,0.0,5.6,1,36.0,103905.0,306.052,40.4677,103905.0,0.0,0.999998,0.0174273
5760_dose_800_gradient_0_VconcST_0_Vconc_5.6_run_1.csv,5760.0,800.0,0,5.6,0.0,5.6,1,36.25,104924.0,299.987,40.8645,104924.0,0.0,0.999998,0.017415
5760_dose_800_gradient_0_VconcST_0_Vconc_5.6_run_1.csv,5760.0,800.0,0,5.6,0.0,5.6,1,36.5,105910.0,294.041,41.2488,105910.0,0.0,0.999998,0.0168873
5760_dose_800_gradient_0_VconcST_0_Vconc_5.6_run_1.csv,5760.0,800.0,0,5.6,0.0,5.6,1,36.75,106866.0,288.214,41.621,106866.0,0.0,0.999998,0.0169045
5760_dose_800_gradient_0_VconcST_0_Vconc_5.6_run_1.csv,5760.0,800.0,0,5.6,0.0,5.6,1,37.0,107791.0,282.502,41.9813,107791.0,0.0,0.999998,0.0169146
5760_dose_800_gradient_0_VconcST_0_Vconc_5.6_run_1.csv,5760.0,800.0,0,5.6,0.0,5.6,1,37.25,108687.0,276.903,42.33,108687.0,0.0,0.999998,0.0163929
5760_dose_800_gradient_0_VconcST_0_Vconc_5.6_run_1.csv,5760.0,800.0,0,5.6,0.0,5.6,1,37.5,109553.0,271.414,42.6673,109553.0,0.0,0.999998,0.0163597
5760_dose_800_gradient_0_VconcST_0_Vconc_5.6_run_1.csv,5760.0,800.0,0,5.6,0.0,5.6,1,37.75,110390.0,266.035,42.9935,110390.0,0.0,0.999998,0.0163712
5760_dose_800_gradient_0_VconcST_0_Vconc_5.6_run_1.csv,5760.0,800.0,0,5.6,0.0,5.6,1,38.0,111199.0,260.763,43.3087,111199.0,0.0,0.999998,0.0163895
5760_dose_800_gradient_0_VconcST_0_Vconc_5.6_run_1.csv,5760.0,800.0,0,5.6,0.0,5.6,1,38.25,111981.0,255.595,43.6133,111981.0,0.0,0.999998,0.0163798
5760_dose_800_gradient_0_VconcST_0_Vconc_5.6_run_1.csv,5760.0,800.0,0,5.6,0.0,5.6,1,38.5,112737.0,250.529,43.9074,112737.0,0.0,0.999998,0.0158348
5760_dose_800_gradient_0_VconcST_0_Vconc_5.6_run_1.csv,5760.0,800.0,0,5.6,0.0,5.6,1,38.75,113465.0,245.564,44.1913,113465.0,0.0,0.999998,0.0158542
5760_dose_800_gradient_0_VconcST_0_Vconc_5.6_run_1.csv,5760.0,800.0,0,5.6,0.0,5.6,1,39.0,114169.0,240.697,44.4652,114169.0,0.0,0.999998,0.0158542
5760_dose_800_gradient_0_VconcST_0_Vconc_5.6_run_1.csv,5760.0,800.0,0,5.6,0.0,5.6,1,39.25,114847.0,235.927,44.7293,114847.0,0.0,0.999998,0.0158654
5760_dose_800_gradient_0_VconcST_0_Vconc_5.6_run_1.csv,5760.0,800.0,0,5.6,0.0,5.6,1,39.5,115500.0,231.251,44.9838,115500.0,0.0,0.999998,0.0158509
5760_dose_800_gradient_0_VconcST_0_Vconc_5.6_run_1.csv,5760.0,800.0,0,5.6,0.0,5.6,1,39.75,116130.0,226.668,45.229,116130.0,0.0,0.999998,0.015337
5760_dose_800_gradient_0_VconcST_0_Vconc_5.6_run_1.csv,5760.0,800.0,0,5.6,0.0,5.6,1,40.0,116736.0,222.176,45.465,116736.0,0.0,0.999998,0.0153042
5760_dose_800_gradient_0_VconcST_0_Vconc_5.6_run_1.csv,5760.0,800.0,0,5.6,0.0,5.6,1,40.25,117319.0,217.772,45.692,117319.0,0.0,0.999998,0.0153332
5760_dose_800_gradient_0_VconcST_0_Vconc_5.6_run_1.csv,5760.0,800.0,0,5.6,0.0,5.6,1,40.5,117879.0,213.456,45.9102,117879.0,0.0,0.999998,0.0153133
5760_dose_800_gradient_0_VconcST_0_Vconc_5.6_run_1.csv,5760.0,800.0,0,5.6,0.0,5.6,1,40.75,118417.0,209.226,46.1199,118417.0,0.0,0.999998,0.0153289
5760_dose_800_gradient_0_VconcST_0_Vconc_5.6_run_1.csv,5760.0,800.0,0,5.6,0.0,5.6,1,41.0,118934.0,205.079,46.3211,118934.0,0.0,0.999998,0.0153461
5760_dose_800_gradient_0_VconcST_0_Vconc_5.6_run_1.csv,5760.0,800.0,0,5.6,0.0,5.6,1,41.25,119430.0,201.015,46.5142,119430.0,0.0,0.999998,0.0153042
5760_dose_800_gradient_0_VconcST_0_Vconc_5.6_run_1.csv,5760.0,800.0,0,5.6,0.0,5.6,1,41.5,119905.0,197.031,46.6992,119905.0,0.0,0.999998,0.0147868
5760_dose_800_gradient_0_VconcST_0_Vconc_2.4_run_1.csv,5760.0,800.0,0,2.4,0.0,2.4,1,0.0,0.0,0.0,0.0,0.0,0.0,0.0,0.0
5760_dose_800_gradient_0_VconcST_0_Vconc_2.4_run_1.csv,5760.0,800.0,0,2.4,0.0,2.4,1,0.25,0.0,0.0,0.0,0.0,0.0,0.0,9845.4
5760_dose_800_gradient_0_VconcST_0_Vconc_2.4_run_1.csv,5760.0,800.0,0,2.4,0.0,2.4,1,0.5,0.0,0.0,0.0,0.0,0.0,0.0,96.2869
5760_dose_800_gradient_0_VconcST_0_Vconc_2.4_run_1.csv,5760.0,800.0,0,2.4,0.0,2.4,1,0.75,0.0,0.0,0.0,0.0,0.0,0.0,9525.35
5760_dose_800_gradient_0_VconcST_0_Vconc_2.4_run_1.csv,5760.0,800.0,0,2.4,0.0,2.4,1,1.0,0.0,0.0,0.0,0.0,0.0,0.0,89.3377
5760_dose_800_gradient_0_VconcST_0_Vconc_2.4_run_1.csv,5760.0,800.0,0,2.4,0.0,2.4,1,1.25,0.0,0.0,0.0,0.0,0.0,0.0,10000.0
5760_dose_800_gradient_0_VconcST_0_Vconc_2.4_run_1.csv,5760.0,800.0,0,2.4,0.0,2.4,1,1.5,0.0,0.0,0.0,0.0,0.0,0.0,89.2392
5760_dose_800_gradient_0_VconcST_0_Vconc_2.4_run_1.csv,5760.0,800.0,0,2.4,0.0,2.4,1,1.75,0.0,0.0,0.0,0.0,0.0,0.0,10000.0
5760_dose_800_gradient_0_VconcST_0_Vconc_2.4_run_1.csv,5760.0,800.0,0,2.4,0.0,2.4,1,2.0,0.0,0.0,0.0,0.0,0.0,0.0,90.9453
5760_dose_800_gradient_0_VconcST_0_Vconc_2.4_run_1.csv,5760.0,800.0,0,2.4,0.0,2.4,1,2.25,0.0,0.0,0.0,0.0,0.0,0.0,10000.0
5760_dose_800_gradient_0_VconcST_0_Vconc_2.4_run_1.csv,5760.0,800.0,0,2.4,0.0,2.4,1,2.5,0.0,0.0,0.0,0.0,0.0,0.0,87.7097
5760_dose_800_gradient_0_VconcST_0_Vconc_2.4_run_1.csv,5760.0,800.0,0,2.4,0.0,2.4,1,2.75,0.0,0.0,0.0,0.0,0.0,0.0,10000.0
5760_dose_800_gradient_0_VconcST_0_Vconc_2.4_run_1.csv,5760.0,800.0,0,2.4,0.0,2.4,1,3.0,0.0,0.0,0.0,0.0,0.0,0.0,88.8076
5760_dose_800_gradient_0_VconcST_0_Vconc_2.4_run_1.csv,5760.0,800.0,0,2.4,0.0,2.4,1,3.25,0.0,0.0,0.0,0.0,0.0,0.0,10000.0
5760_dose_800_gradient_0_VconcST_0_Vconc_2.4_run_1.csv,5760.0,800.0,0,2.4,0.0,2.4,1,3.5,0.0,0.0,0.0,0.0,0.0,0.0,88.0892
5760_dose_800_gradient_0_VconcST_0_Vconc_2.4_run_1.csv,5760.0,800.0,0,2.4,0.0,2.4,1,3.75,0.0,0.0,0.0,0.0,0.0,0.0,10000.0
5760_dose_800_gradient_0_VconcST_0_Vconc_2.4_run_1.csv,5760.0,800.0,0,2.4,0.0,2.4,1,4.0,0.0,0.0,0.0,0.0,0.0,0.0,89.0364
5760_dose_800_gradient_0_VconcST_0_Vconc_2.4_run_1.csv,5760.0,800.0,0,2.4,0.0,2.4,1,4.25,0.0,0.0,0.0,0.0,0.0,0.0,8486.96
5760_dose_800_gradient_0_VconcST_0_Vconc_2.4_run_1.csv,5760.0,800.0,0,2.4,0.0,2.4,1,4.5,0.0,0.0,0.0,0.0,0.0,0.0,3860.82
5760_dose_800_gradient_0_VconcST_0_Vconc_2.4_run_1.csv,5760.0,800.0,0,2.4,0.0,2.4,1,4.75,0.0,0.0,0.0,0.0,0.0,0.0,289.77
5760_dose_800_gradient_0_VconcST_0_Vconc_2.4_run_1.csv,5760.0,800.0,0,2.4,0.0,2.4,1,5.0,0.0,0.0,0.0,0.0,0.0,0.0,4481.82
5760_dose_800_gradient_0_VconcST_0_Vconc_2.4_run_1.csv,5760.0,800.0,0,2.4,0.0,2.4,1,5.25,0.0,0.0,0.0,0.0,0.0,0.0,292.264
5760_dose_800_gradient_0_VconcST_0_Vconc_2.4_run_1.csv,5760.0,800.0,0,2.4,0.0,2.4,1,5.5,0.0,0.0,0.0,0.0,0.0,0.0,5096.24
5760_dose_800_gradient_0_VconcST_0_Vconc_2.4_run_1.csv,5760.0,800.0,0,2.4,0.0,2.4,1,5.75,0.0,0.0,0.0,0.0,0.0,0.0,289.608
5760_dose_800_gradient_0_VconcST_0_Vconc_2.4_run_1.csv,5760.0,800.0,0,2.4,0.0,2.4,1,6.0,0.0,0.0,0.0,0.0,0.0,0.0,5639.79
5760_dose_800_gradient_0_VconcST_0_Vconc_2.4_run_1.csv,5760.0,800.0,0,2.4,0.0,2.4,1,6.25,0.0,0.0,0.0,0.0,0.0,0.0,275.39
5760_dose_800_gradient_0_VconcST_0_Vconc_2.4_run_1.csv,5760.0,800.0,0,2.4,0.0,2.4,1,6.5,0.0,0.0,0.0,0.0,0.0,0.0,5926.48
5760_dose_800_gradient_0_VconcST_0_Vconc_2.4_run_1.csv,5760.0,800.0,0,2.4,0.0,2.4,1,6.75,0.0,0.0,0.0,0.0,0.0,0.0,207.08
5760_dose_800_gradient_0_VconcST_0_Vconc_2.4_run_1.csv,5760.0,800.0,0,2.4,0.0,2.4,1,7.0,0.0,0.0,0.0,0.0,0.0,0.0,7135.59
5760_dose_800_gradient_0_VconcST_0_Vconc_2.4_run_1.csv,5760.0,800.0,0,2.4,0.0,2.4,1,7.25,0.0,0.0,0.0,0.0,0.0,0.0,131.963
5760_dose_800_gradient_0_VconcST_0_Vconc_2.4_run_1.csv,5760.0,800.0,0,2.4,0.0,2.4,1,7.5,0.0,0.0,0.0,0.0,0.0,0.0,7999.67
5760_dose_800_gradient_0_VconcST_0_Vconc_2.4_run_1.csv,5760.0,800.0,0,2.4,0.0,2.4,1,7.75,0.0,0.0,0.0,0.0,0.0,0.0,124.101
5760_dose_800_gradient_0_VconcST_0_Vconc_2.4_run_1.csv,5760.0,800.0,0,2.4,0.0,2.4,1,8.0,0.0,0.0,0.0,0.0,0.0,0.0,8290.76
5760_dose_800_gradient_0_VconcST_0_Vconc_2.4_run_1.csv,5760.0,800.0,0,2.4,0.0,2.4,1,8.25,0.0,0.0,0.0,0.0,0.0,0.0,99.9919
5760_dose_800_gradient_0_VconcST_0_Vconc_2.4_run_1.csv,5760.0,800.0,0,2.4,0.0,2.4,1,8.5,0.0,0.0,0.0,0.0,0.0,0.0,9432.39
5760_dose_800_gradient_0_VconcST_0_Vconc_2.4_run_1.csv,5760.0,800.0,0,2.4,0.0,2.4,1,8.75,0.0,0.0,0.0,0.0,0.0,0.0,94.7575
5760_dose_800_gradient_0_VconcST_0_Vconc_2.4_run_1.csv,5760.0,800.0,0,2.4,0.0,2.4,1,9.0,0.0,0.0,0.0,0.0,0.0,0.0,9873.76
5760_dose_800_gradient_0_VconcST_0_Vconc_2.4_run_1.csv,5760.0,800.0,0,2.4,0.0,2.4,1,9.25,0.0,0.0,0.0,0.0,0.0,0.0,89.8301
5760_dose_800_gradient_0_VconcST_0_Vconc_2.4_run_1.csv,5760.0,800.0,0,2.4,0.0,2.4,1,9.5,0.0,0.0,0.0,0.0,0.0,0.0,10000.0
5760_dose_800_gradient_0_VconcST_0_Vconc_2.4_run_1.csv,5760.0,800.0,0,2.4,0.0,2.4,1,9.75,0.0,0.0,0.0,0.0,0.0,0.0,91.8144
5760_dose_800_gradient_0_VconcST_0_Vconc_2.4_run_1.csv,5760.0,800.0,0,2.4,0.0,2.4,1,10.0,0.0,0.0,0.0,0.0,0.0,0.0,10000.0
5760_dose_800_gradient_0_VconcST_0_Vconc_2.4_run_1.csv,5760.0,800.0,0,2.4,0.0,2.4,1,10.25,0.0,0.0,0.0,0.0,0.0,0.0,87.6779
5760_dose_800_gradient_0_VconcST_0_Vconc_2.4_run_1.csv,5760.0,800.0,0,2.4,0.0,2.4,1,10.5,0.0,0.0,0.0,0.0,0.0,0.0,10000.0
5760_dose_800_gradient_0_VconcST_0_Vconc_2.4_run_1.csv,5760.0,800.0,0,2.4,0.0,2.4,1,10.75,0.0,0.0,0.0,0.0,0.0,0.0,88.9669
5760_dose_800_gradient_0_VconcST_0_Vconc_2.4_run_1.csv,5760.0,800.0,0,2.4,0.0,2.4,1,11.0,0.0,0.0,0.0,0.0,0.0,0.0,10000.0
5760_dose_800_gradient_0_VconcST_0_Vconc_2.4_run_1.csv,5760.0,800.0,0,2.4,0.0,2.4,1,11.25,0.0,0.0,0.0,0.0,0.000477431,0.0,89.6071
5760_dose_800_gradient_0_VconcST_0_Vconc_2.4_run_1.csv,5760.0,800.0,0,2.4,0.0,2.4,1,11.5,0.0,0.0,0.0,0.0,0.0,0.0,10000.0
5760_dose_800_gradient_0_VconcST_0_Vconc_2.4_run_1.csv,5760.0,800.0,0,2.4,0.0,2.4,1,11.75,0.0,0.0,0.0,0.0,0.000698785,0.0,88.5353
5760_dose_800_gradient_0_VconcST_0_Vconc_2.4_run_1.csv,5760.0,800.0,0,2.4,0.0,2.4,1,12.0,0.0,0.0,0.0,0.0,0.0,0.0,10000.0
5760_dose_800_gradient_0_VconcST_0_Vconc_2.4_run_1.csv,5760.0,800.0,0,2.4,0.0,2.4,1,12.25,0.0,0.0,0.0,0.0,0.0,0.0,87.6373
5760_dose_800_gradient_0_VconcST_0_Vconc_2.4_run_1.csv,5760.0,800.0,0,2.4,0.0,2.4,1,12.5,0.0,0.0,0.0,0.0,0.0,0.0,7087.77
5760_dose_800_gradient_0_VconcST_0_Vconc_2.4_run_1.csv,5760.0,800.0,0,2.4,0.0,2.4,1,12.75,0.0,0.0,0.0,0.0,0.0,0.0,3742.64
5760_dose_800_gradient_0_VconcST_0_Vconc_2.4_run_1.csv,5760.0,800.0,0,2.4,0.0,2.4,1,13.0,0.0,0.0,0.0,0.0,0.0,0.0,292.238
5760_dose_800_gradient_0_VconcST_0_Vconc_2.4_run_1.csv,5760.0,800.0,0,2.4,0.0,2.4,1,13.25,0.0,0.0,0.0,0.0,0.0,0.0,4397.06
5760_dose_800_gradient_0_VconcST_0_Vconc_2.4_run_1.csv,5760.0,800.0,0,2.4,0.0,2.4,1,13.5,0.0,0.0,0.0,0.0,0.0,0.0,291.334
5760_dose_800_gradient_0_VconcST_0_Vconc_2.4_run_1.csv,5760.0,800.0,0,2.4,0.0,2.4,1,13.75,0.0,0.0,0.0,0.0,0.0,0.0,5012.99
5760_dose_800_gradient_0_VconcST_0_Vconc_2.4_run_1.csv,5760.0,800.0,0,2.4,0.0,2.4,1,14.0,0.0,0.0,0.0,0.0,0.0,0.0,292.629
5760_dose_800_gradient_0_VconcST_0_Vconc_2.4_run_1.csv,5760.0,800.0,0,2.4,0.0,2.4,1,14.25,0.0,0.0,0.0,0.0,0.0,0.0,5510.15
5760_dose_800_gradient_0_VconcST_0_Vconc_2.4_run_1.csv,5760.0,800.0,0,2.4,0.0,2.4,1,14.5,0.0,0.0,0.0,0.0,0.0,0.0,279.295
5760_dose_800_gradient_0_VconcST_0_Vconc_2.4_run_1.csv,5760.0,800.0,0,2.4,0.0,2.4,1,14.75,0.0,0.0,0.0,0.0,0.0,0.0,6314.66
5760_dose_800_gradient_0_VconcST_0_Vconc_2.4_run_1.csv,5760.0,800.0,0,2.4,0.0,2.4,1,15.0,0.0,0.0,0.0,0.0,0.0,0.0,204.927
5760_dose_800_gradient_0_VconcST_0_Vconc_2.4_run_1.csv,5760.0,800.0,0,2.4,0.0,2.4,1,15.25,0.0,0.0,0.0,0.0,0.0,0.0,7100.22
5760_dose_800_gradient_0_VconcST_0_Vconc_2.4_run_1.csv,5760.0,800.0,0,2.4,0.0,2.4,1,15.5,0.0,0.0,0.0,0.0,0.0,0.0,125.043
5760_dose_800_gradient_0_VconcST_0_Vconc_2.4_run_1.csv,5760.0,800.0,0,2.4,0.0,2.4,1,15.75,0.0,0.0,0.0,0.0,0.0,0.0,7626.49
5760_dose_800_gradient_0_VconcST_0_Vconc_2.4_run_1.csv,5760.0,800.0,0,2.4,0.0,2.4,1,16.0,0.0,0.0,0.0,0.0,0.0,0.0,106.895
5760_dose_800_gradient_0_VconcST_0_Vconc_2.4_run_1.csv,5760.0,800.0,0,2.4,0.0,2.4,1,16.25,0.0,0.0,0.0,0.0,0.0,0.0,8323.97
5760_dose_800_gradient_0_VconcST_0_Vconc_2.4_run_1.csv,5760.0,800.0,0,2.4,0.0,2.4,1,16.5,0.0,0.0,0.0,0.0,0.0,0.0,106.901
5760_dose_800_gradient_0_VconcST_0_Vconc_2.4_run_1.csv,5760.0,800.0,0,2.4,0.0,2.4,1,16.75,0.0,0.0,0.0,0.0,0.0,0.0,8907.88
5760_dose_800_gradient_0_VconcST_0_Vconc_2.4_run_1.csv,5760.0,800.0,0,2.4,0.0,2.4,1,17.0,0.0,0.0,0.0,0.0,0.0,0.0,98.1756
5760_dose_800_gradient_0_VconcST_0_Vconc_2.4_run_1.csv,5760.0,800.0,0,2.4,0.0,2.4,1,17.25,0.0,0.0,0.0,0.0,0.0,0.0,9718.05
5760_dose_800_gradient_0_VconcST_0_Vconc_2.4_run_1.csv,5760.0,800.0,0,2.4,0.0,2.4,1,17.5,0.0,0.0,0.0,0.0,0.0,0.0,93.3699
5760_dose_800_gradient_0_VconcST_0_Vconc_2.4_run_1.csv,5760.0,800.0,0,2.4,0.0,2.4,1,17.75,0.0,0.0,0.0,0.0,0.0,0.0,10000.0
5760_dose_800_gradient_0_VconcST_0_Vconc_2.4_run_1.csv,5760.0,800.0,0,2.4,0.0,2.4,1,18.0,0.0,0.0,0.0,0.0,0.0,0.0,91.9332
5760_dose_800_gradient_0_VconcST_0_Vconc_2.4_run_1.csv,5760.0,800.0,0,2.4,0.0,2.4,1,18.25,0.0,0.0,0.0,0.0,0.0,0.0,10000.0
5760_dose_800_gradient_0_VconcST_0_Vconc_2.4_run_1.csv,5760.0,800.0,0,2.4,0.0,2.4,1,18.5,0.0,0.0,0.0,0.0,0.0,0.0,89.442
5760_dose_800_gradient_0_VconcST_0_Vconc_2.4_run_1.csv,5760.0,800.0,0,2.4,0.0,2.4,1,18.75,0.0,0.0,0.0,0.0,0.0,0.0,10000.0
5760_dose_800_gradient_0_VconcST_0_Vconc_2.4_run_1.csv,5760.0,800.0,0,2.4,0.0,2.4,1,19.0,0.0,0.0,0.0,0.0,0.0,0.0,89.6621
5760_dose_800_gradient_0_VconcST_0_Vconc_2.4_run_1.csv,5760.0,800.0,0,2.4,0.0,2.4,1,19.25,0.0,0.0,0.0,0.0,0.0,0.0,10000.0
5760_dose_800_gradient_0_VconcST_0_Vconc_2.4_run_1.csv,5760.0,800.0,0,2.4,0.0,2.4,1,19.5,0.0,0.0,0.0,0.0,0.0,0.0,89.0104
5760_dose_800_gradient_0_VconcST_0_Vconc_2.4_run_1.csv,5760.0,800.0,0,2.4,0.0,2.4,1,19.75,0.0,0.0,0.0,0.0,0.0,0.0,10000.0
5760_dose_800_gradient_0_VconcST_0_Vconc_2.4_run_1.csv,5760.0,800.0,0,2.4,0.0,2.4,1,20.0,0.0,0.0,0.0,0.0,0.0,0.0,88.5874
5760_dose_800_gradient_0_VconcST_0_Vconc_2.4_run_1.csv,5760.0,800.0,0,2.4,0.0,2.4,1,20.25,0.0,0.0,0.0,0.0,0.0,0.0,10000.0
5760_dose_800_gradient_0_VconcST_0_Vconc_2.4_run_1.csv,5760.0,800.0,0,2.4,0.0,2.4,1,20.5,0.0,0.0,0.0,0.0,0.0,0.0,88.8945
5760_dose_800_gradient_0_VconcST_0_Vconc_2.4_run_1.csv,5760.0,800.0,0,2.4,0.0,2.4,1,20.75,0.0,0.0,0.0,0.0,0.0,0.0,10000.0
5760_dose_800_gradient_0_VconcST_0_Vconc_2.4_run_1.csv,5760.0,800.0,0,2.4,0.0,2.4,1,21.0,0.0,0.0,0.0,0.0,0.0,0.0,3566.57
5760_dose_800_gradient_0_VconcST_0_Vconc_2.4_run_1.csv,5760.0,800.0,0,2.4,0.0,2.4,1,21.25,0.0,0.0,0.0,0.0,0.0,0.0,289.449
5760_dose_800_gradient_0_VconcST_0_Vconc_2.4_run_1.csv,5760.0,800.0,0,2.4,0.0,2.4,1,21.5,0.0,0.0,0.0,0.0,0.0,0.0,4463.34
5760_dose_800_gradient_0_VconcST_0_Vconc_2.4_run_1.csv,5760.0,800.0,0,2.4,0.0,2.4,1,21.75,0.0,0.0,0.0,0.0,0.0,0.0,295.039
5760_dose_800_gradient_0_VconcST_0_Vconc_2.4_run_1.csv,5760.0,800.0,0,2.4,0.0,2.4,1,22.0,0.0,0.0,0.0,0.0,0.0,0.0,5039.03
5760_dose_800_gradient_0_VconcST_0_Vconc_2.4_run_1.csv,5760.0,800.0,0,2.4,0.0,2.4,1,22.25,0.0,0.0,0.0,0.0,0.0,0.0,288.962
5760_dose_800_gradient_0_VconcST_0_Vconc_2.4_run_1.csv,5760.0,800.0,0,2.4,0.0,2.4,1,22.5,0.0,0.0,0.0,0.0,0.0,0.0,5359.86
5760_dose_800_gradient_0_VconcST_0_Vconc_2.4_run_1.csv,5760.0,800.0,0,2.4,0.0,2.4,1,22.75,0.0,0.0,0.0,0.0,0.0,0.0,287.841
5760_dose_800_gradient_0_VconcST_0_Vconc_2.4_run_1.csv,5760.0,800.0,0,2.4,0.0,2.4,1,23.0,0.0,0.0,0.0,0.0,0.0,0.0,6010.05
5760_dose_800_gradient_0_VconcST_0_Vconc_2.4_run_1.csv,5760.0,800.0,0,2.4,0.0,2.4,1,23.25,0.0,0.0,0.0,0.0,0.0,0.0,214.139
5760_dose_800_gradient_0_VconcST_0_Vconc_2.4_run_1.csv,5760.0,800.0,0,2.4,0.0,2.4,1,23.5,0.0,0.0,0.0,0.0,0.0,0.0,7011.61
5760_dose_800_gradient_0_VconcST_0_Vconc_2.4_run_1.csv,5760.0,800.0,0,2.4,0.0,2.4,1,23.75,0.0,0.0,0.0,0.0,0.0,0.0,134.382
5760_dose_800_gradient_0_VconcST_0_Vconc_2.4_run_1.csv,5760.0,800.0,0,2.4,0.0,2.4,1,24.0,62.29,800.0,0.02426,62.29,0.0,0.0,7396.56
5760_dose_800_gradient_0_VconcST_0_Vconc_2.4_run_1.csv,5760.0,800.0,0,2.4,0.0,2.4,1,24.25,3754.75,784.145,1.46236,3754.75,0.0,0.999946,0.00833288
5760_dose_800_gradient_0_VconcST_0_Vconc_2.4_run_1.csv,5760.0,800.0,0,2.4,0.0,2.4,1,24.5,7360.03,768.604,2.8665,7360.03,0.0,0.999973,0.135465
5760_dose_800_gradient_0_VconcST_0_Vconc_2.4_run_1.csv,5760.0,800.0,0,2.4,0.0,2.4,1,24.75,10879.9,753.371,4.23739,10879.9,0.0,0.999982,0.0827795
5760_dose_800_gradient_0_VconcST_0_Vconc_2.4_run_1.csv,5760.0,800.0,0,2.4,0.0,2.4,1,25.0,14316.1,738.44,5.57569,14316.1,0.0,0.999986,0.059933
5760_dose_800_gradient_0_VconcST_0_Vconc_2.4_run_1.csv,5760.0,800.0,0,2.4,0.0,2.4,1,25.25,17670.4,723.805,6.88207,17670.4,0.0,0.999989,0.0473267
5760_dose_800_gradient_0_VconcST_0_Vconc_2.4_run_1.csv,5760.0,800.0,0,2.4,0.0,2.4,1,25.5,20944.4,709.46,8.15719,20944.4,0.0,0.99999,0.0391667
5760_dose_800_gradient_0_VconcST_0_Vconc_2.4_run_1.csv,5760.0,800.0,0,2.4,0.0,2.4,1,25.75,24139.7,695.4,9.40168,24139.7,0.0,0.999992,0.0335363
5760_dose_800_gradient_0_VconcST_0_Vconc_2.4_run_1.csv,5760.0,800.0,0,2.4,0.0,2.4,1,26.0,27258.1,681.618,10.6162,27258.1,0.0,0.999993,0.0294433
5760_dose_800_gradient_0_VconcST_0_Vconc_2.4_run_1.csv,5760.0,800.0,0,2.4,0.0,2.4,1,26.25,30301.0,668.109,11.8013,30301.0,0.0,0.999993,0.0263875
5760_dose_800_gradient_0_VconcST_0_Vconc_2.4_run_1.csv,5760.0,800.0,0,2.4,0.0,2.4,1,26.5,33270.0,654.868,12.9576,33270.0,0.0,0.999994,0.0238004
5760_dose_800_gradient_0_VconcST_0_Vconc_2.4_run_1.csv,5760.0,800.0,0,2.4,0.0,2.4,1,26.75,36166.6,641.889,14.0858,36166.6,0.0,0.999994,0.0217649
5760_dose_800_gradient_0_VconcST_0_Vconc_2.4_run_1.csv,5760.0,800.0,0,2.4,0.0,2.4,1,27.0,38992.4,629.168,15.1863,38992.4,0.0,0.999995,0.0201553
5760_dose_800_gradient_0_VconcST_0_Vconc_2.4_run_1.csv,5760.0,800.0,0,2.4,0.0,2.4,1,27.25,41748.7,616.698,16.2598,41748.7,0.0,0.999995,0.0187832
5760_dose_800_gradient_0_VconcST_0_Vconc_2.4_run_1.csv,5760.0,800.0,0,2.4,0.0,2.4,1,27.5,44437.0,604.476,17.3068,44437.0,0.0,0.999996,0.0174309
5760_dose_800_gradient_0_VconcST_0_Vconc_2.4_run_1.csv,5760.0,800.0,0,2.4,0.0,2.4,1,27.75,47058.6,592.496,18.3279,47058.6,0.0,0.999996,0.0165104
5760_dose_800_gradient_0_VconcST_0_Vconc_2.4_run_1.csv,5760.0,800.0,0,2.4,0.0,2.4,1,28.0,49615.1,580.753,19.3235,49615.1,0.0,0.999996,0.0156058
5760_dose_800_gradient_0_VconcST_0_Vconc_2.4_run_1.csv,5760.0,800.0,0,2.4,0.0,2.4,1,28.25,52107.7,569.244,20.2943,52107.7,0.0,0.999996,0.0150442
5760_dose_800_gradient_0_VconcST_0_Vconc_2.4_run_1.csv,5760.0,800.0,0,2.4,0.0,2.4,1,28.5,54537.6,557.962,21.2407,54537.6,0.0,0.999996,0.0142572
5760_dose_800_gradient_0_VconcST_0_Vconc_2.4_run_1.csv,5760.0,800.0,0,2.4,0.0,2.4,1,28.75,56906.3,546.904,22.1632,56906.3,0.0,0.999996,0.0135703
5760_dose_800_gradient_0_VconcST_0_Vconc_2.4_run_1.csv,5760.0,800.0,0,2.4,0.0,2.4,1,29.0,59214.9,536.065,23.0624,59214.9,0.0,0.999997,0.0131178
5760_dose_800_gradient_0_VconcST_0_Vconc_2.4_run_1.csv,5760.0,800.0,0,2.4,0.0,2.4,1,29.25,61464.8,525.441,23.9386,61464.8,0.0,0.999997,0.0124534
5760_dose_800_gradient_0_VconcST_0_Vconc_2.4_run_1.csv,5760.0,800.0,0,2.4,0.0,2.4,1,29.5,63657.1,515.027,24.7925,63657.1,0.0,0.999997,0.0120086
5760_dose_800_gradient_0_VconcST_0_Vconc_2.4_run_1.csv,5760.0,800.0,0,2.4,0.0,2.4,1,29.75,65793.0,504.82,25.6243,65793.0,0.0,0.999997,0.0117609
5760_dose_800_gradient_0_VconcST_0_Vconc_2.4_run_1.csv,5760.0,800.0,0,2.4,0.0,2.4,1,30.0,67873.7,494.815,26.4347,67873.7,0.0,0.999997,0.0115744
5760_dose_800_gradient_0_VconcST_0_Vconc_2.4_run_1.csv,5760.0,800.0,0,2.4,0.0,2.4,1,30.25,69900.4,485.009,27.224,69900.4,0.0,0.999997,0.0110968
5760_dose_800_gradient_0_VconcST_0_Vconc_2.4_run_1.csv,5760.0,800.0,0,2.4,0.0,2.4,1,30.5,71874.0,475.396,27.9927,71874.0,0.0,0.999997,0.0108562
5760_dose_800_gradient_0_VconcST_0_Vconc_2.4_run_1.csv,5760.0,800.0,0,2.4,0.0,2.4,1,30.75,73795.9,465.974,28.7412,73795.9,0.0,0.999997,0.0106397
5760_dose_800_gradient_0_VconcST_0_Vconc_2.4_run_1.csv,5760.0,800.0,0,2.4,0.0,2.4,1,31.0,75667.0,456.739,29.4699,75667.0,0.0,0.999997,0.010439
5760_dose_800_gradient_0_VconcST_0_Vconc_2.4_run_1.csv,5760.0,800.0,0,2.4,0.0,2.4,1,31.25,77488.3,447.687,30.1793,77488.3,0.0,0.999997,0.0099515
5760_dose_800_gradient_0_VconcST_0_Vconc_2.4_run_1.csv,5760.0,800.0,0,2.4,0.0,2.4,1,31.5,79260.9,438.815,30.8697,79260.9,0.0,0.999997,0.00973936
5760_dose_800_gradient_0_VconcST_0_Vconc_2.4_run_1.csv,5760.0,800.0,0,2.4,0.0,2.4,1,31.75,80985.9,430.118,31.5415,80985.9,0.0,0.999997,0.00974517
5760_dose_800_gradient_0_VconcST_0_Vconc_2.4_run_1.csv,5760.0,800.0,0,2.4,0.0,2.4,1,32.0,82664.2,421.593,32.1951,82664.2,0.0,0.999998,0.00951051
5760_dose_800_gradient_0_VconcST_0_Vconc_2.4_run_1.csv,5760.0,800.0,0,2.4,0.0,2.4,1,32.25,84296.8,413.238,32.831,84296.8,0.0,0.999998,0.00927301
5760_dose_800_gradient_0_VconcST_0_Vconc_2.4_run_1.csv,5760.0,800.0,0,2.4,0.0,2.4,1,32.5,85884.6,405.048,33.4494,85884.6,0.0,0.999998,0.00905576
5760_dose_800_gradient_0_VconcST_0_Vconc_2.4_run_1.csv,5760.0,800.0,0,2.4,0.0,2.4,1,32.75,87428.5,397.021,34.0507,87428.5,0.0,0.999998,0.00884916
5760_dose_800_gradient_0_VconcST_0_Vconc_2.4_run_1.csv,5760.0,800.0,0,2.4,0.0,2.4,1,33.0,88929.6,389.152,34.6353,88929.6,0.0,0.999998,0.00884421
5760_dose_800_gradient_0_VconcST_0_Vconc_2.4_run_1.csv,5760.0,800.0,0,2.4,0.0,2.4,1,33.25,90388.7,381.44,35.2036,90388.7,0.0,0.999998,0.00861411
5760_dose_800_gradient_0_VconcST_0_Vconc_2.4_run_1.csv,5760.0,800.0,0,2.4,0.0,2.4,1,33.5,91806.5,373.88,35.7558,91806.5,0.0,0.999998,0.00837596
5760_dose_800_gradient_0_VconcST_0_Vconc_2.4_run_1.csv,5760.0,800.0,0,2.4,0.0,2.4,1,33.75,93184.2,366.47,36.2923,93184.2,0.0,0.999998,0.00836832
5760_dose_800_gradient_0_VconcST_0_Vconc_2.4_run_1.csv,5760.0,800.0,0,2.4,0.0,2.4,1,34.0,94522.4,359.207,36.8135,94522.4,0.0,0.999998,0.00817877
5760_dose_800_gradient_0_VconcST_0_Vconc_2.4_run_1.csv,5760.0,800.0,0,2.4,0.0,2.4,1,34.25,95822.0,352.088,37.3197,95822.0,0.0,0.999998,0.00814787
5760_dose_800_gradient_0_VconcST_0_Vconc_2.4_run_1.csv,5760.0,800.0,0,2.4,0.0,2.4,1,34.5,97083.9,345.11,37.8112,97083.9,0.0,0.999998,0.00792574
5760_dose_800_gradient_0_VconcST_0_Vconc_2.4_run_1.csv,5760.0,800.0,0,2.4,0.0,2.4,1,34.75,98308.7,338.27,38.2882,98308.7,0.0,0.999998,0.00791601
5760_dose_800_gradient_0_VconcST_0_Vconc_2.4_run_1.csv,5760.0,800.0,0,2.4,0.0,2.4,1,35.0,99497.4,331.566,38.7511,99497.4,0.0,0.999998,0.00769687
5760_dose_800_gradient_0_VconcST_0_Vconc_2.4_run_1.csv,5760.0,800.0,0,2.4,0.0,2.4,1,35.25,100651.0,324.995,39.2003,100651.0,0.0,0.999998,0.00769606
5760_dose_800_gradient_0_VconcST_0_Vconc_2.4_run_1.csv,5760.0,800.0,0,2.4,0.0,2.4,1,35.5,101769.0,318.554,39.6359,101769.0,0.0,0.999998,0.00769795
5760_dose_800_gradient_0_VconcST_0_Vconc_2.4_run_1.csv,5760.0,800.0,0,2.4,0.0,2.4,1,35.75,102854.0,312.241,40.0583,102854.0,0.0,0.999998,0.00749403
5760_dose_800_gradient_0_VconcST_0_Vconc_2.4_run_1.csv,5760.0,800.0,0,2.4,0.0,2.4,1,36.0,103905.0,306.052,40.4677,103905.0,0.0,0.999998,0.00747127
5760_dose_800_gradient_0_VconcST_0_Vconc_2.4_run_1.csv,5760.0,800.0,0,2.4,0.0,2.4,1,36.25,104924.0,299.987,40.8645,104924.0,0.0,0.999998,0.00746891
5760_dose_800_gradient_0_VconcST_0_Vconc_2.4_run_1.csv,5760.0,800.0,0,2.4,0.0,2.4,1,36.5,105910.0,294.041,41.2488,105910.0,0.0,0.999998,0.00724103
5760_dose_800_gradient_0_VconcST_0_Vconc_2.4_run_1.csv,5760.0,800.0,0,2.4,0.0,2.4,1,36.75,106866.0,288.214,41.621,106866.0,0.0,0.999998,0.00725807
5760_dose_800_gradient_0_VconcST_0_Vconc_2.4_run_1.csv,5760.0,800.0,0,2.4,0.0,2.4,1,37.0,107791.0,282.502,41.9813,107791.0,0.0,0.999998,0.00724612
5760_dose_800_gradient_0_VconcST_0_Vconc_2.4_run_1.csv,5760.0,800.0,0,2.4,0.0,2.4,1,37.25,108687.0,276.903,42.33,108687.0,0.0,0.999998,0.00701129
5760_dose_800_gradient_0_VconcST_0_Vconc_2.4_run_1.csv,5760.0,800.0,0,2.4,0.0,2.4,1,37.5,109553.0,271.414,42.6673,109553.0,0.0,0.999998,0.00701548
5760_dose_800_gradient_0_VconcST_0_Vconc_2.4_run_1.csv,5760.0,800.0,0,2.4,0.0,2.4,1,37.75,110390.0,266.035,42.9935,110390.0,0.0,0.999998,0.00701129
5760_dose_800_gradient_0_VconcST_0_Vconc_2.4_run_1.csv,5760.0,800.0,0,2.4,0.0,2.4,1,38.0,111199.0,260.763,43.3087,111199.0,0.0,0.999998,0.00702681
5760_dose_800_gradient_0_VconcST_0_Vconc_2.4_run_1.csv,5760.0,800.0,0,2.4,0.0,2.4,1,38.25,111981.0,255.595,43.6133,111981.0,0.0,0.999998,0.00701991
5760_dose_800_gradient_0_VconcST_0_Vconc_2.4_run_1.csv,5760.0,800.0,0,2.4,0.0,2.4,1,38.5,112737.0,250.529,43.9074,112737.0,0.0,0.999998,0.00679683
5760_dose_800_gradient_0_VconcST_0_Vconc_2.4_run_1.csv,5760.0,800.0,0,2.4,0.0,2.4,1,38.75,113465.0,245.564,44.1913,113465.0,0.0,0.999998,0.00678515
5760_dose_800_gradient_0_VconcST_0_Vconc_2.4_run_1.csv,5760.0,800.0,0,2.4,0.0,2.4,1,39.0,114169.0,240.697,44.4652,114169.0,0.0,0.999998,0.00681305
5760_dose_800_gradient_0_VconcST_0_Vconc_2.4_run_1.csv,5760.0,800.0,0,2.4,0.0,2.4,1,39.25,114847.0,235.927,44.7293,114847.0,0.0,0.999998,0.00678515
5760_dose_800_gradient_0_VconcST_0_Vconc_2.4_run_1.csv,5760.0,800.0,0,2.4,0.0,2.4,1,39.5,115500.0,231.251,44.9838,115500.0,0.0,0.999998,0.00679421
5760_dose_800_gradient_0_VconcST_0_Vconc_2.4_run_1.csv,5760.0,800.0,0,2.4,0.0,2.4,1,39.75,116130.0,226.668,45.229,116130.0,0.0,0.999998,0.0065629
5760_dose_800_gradient_0_VconcST_0_Vconc_2.4_run_1.csv,5760.0,800.0,0,2.4,0.0,2.4,1,40.0,116736.0,222.176,45.465,116736.0,0.0,0.999998,0.00658756
5760_dose_800_gradient_0_VconcST_0_Vconc_2.4_run_1.csv,5760.0,800.0,0,2.4,0.0,2.4,1,40.25,117319.0,217.772,45.692,117319.0,0.0,0.999998,0.00658203
5760_dose_800_gradient_0_VconcST_0_Vconc_2.4_run_1.csv,5760.0,800.0,0,2.4,0.0,2.4,1,40.5,117879.0,213.456,45.9102,117879.0,0.0,0.999998,0.00657235
5760_dose_800_gradient_0_VconcST_0_Vconc_2.4_run_1.csv,5760.0,800.0,0,2.4,0.0,2.4,1,40.75,118417.0,209.226,46.1199,118417.0,0.0,0.999998,0.00655898
5760_dose_800_gradient_0_VconcST_0_Vconc_2.4_run_1.csv,5760.0,800.0,0,2.4,0.0,2.4,1,41.0,118934.0,205.079,46.3211,118934.0,0.0,0.999998,0.00655898
5760_dose_800_gradient_0_VconcST_0_Vconc_2.4_run_1.csv,5760.0,800.0,0,2.4,0.0,2.4,1,41.25,119430.0,201.015,46.5142,119430.0,0.0,0.999998,0.00656359
5760_dose_800_gradient_0_VconcST_0_Vconc_2.4_run_1.csv,5760.0,800.0,0,2.4,0.0,2.4,1,41.5,119905.0,197.031,46.6992,119905.0,0.0,0.999998,0.00633281
5760_dose_800_gradient_0_VconcST_0_Vconc_4.8_run_2.csv,5760.0,800.0,0,4.8,0.0,4.8,2,0.0,0.0,0.0,0.0,0.0,0.0,0.0,0.0
5760_dose_800_gradient_0_VconcST_0_Vconc_4.8_run_2.csv,5760.0,800.0,0,4.8,0.0,4.8,2,0.25,0.0,0.0,0.0,0.0,0.0,0.0,10000.0
5760_dose_800_gradient_0_VconcST_0_Vconc_4.8_run_2.csv,5760.0,800.0,0,4.8,0.0,4.8,2,0.5,0.0,0.0,0.0,0.0,0.0,0.0,237.676
5760_dose_800_gradient_0_VconcST_0_Vconc_4.8_run_2.csv,5760.0,800.0,0,4.8,0.0,4.8,2,0.75,0.0,0.0,0.0,0.0,0.0,0.0,10000.0
5760_dose_800_gradient_0_VconcST_0_Vconc_4.8_run_2.csv,5760.0,800.0,0,4.8,0.0,4.8,2,1.0,0.0,0.0,0.0,0.0,0.0,0.0,198.808
5760_dose_800_gradient_0_VconcST_0_Vconc_4.8_run_2.csv,5760.0,800.0,0,4.8,0.0,4.8,2,1.25,0.0,0.0,0.0,0.0,0.0,0.0,10000.0
5760_dose_800_gradient_0_VconcST_0_Vconc_4.8_run_2.csv,5760.0,800.0,0,4.8,0.0,4.8,2,1.5,0.0,0.0,0.0,0.0,0.0,0.0,197.18
5760_dose_800_gradient_0_VconcST_0_Vconc_4.8_run_2.csv,5760.0,800.0,0,4.8,0.0,4.8,2,1.75,0.0,0.0,0.0,0.0,0.0,0.0,10000.0
5760_dose_800_gradient_0_VconcST_0_Vconc_4.8_run_2.csv,5760.0,800.0,0,4.8,0.0,4.8,2,2.0,0.0,0.0,0.0,0.0,0.0,0.0,189.747
5760_dose_800_gradient_0_VconcST_0_Vconc_4.8_run_2.csv,5760.0,800.0,0,4.8,0.0,4.8,2,2.25,0.0,0.0,0.0,0.0,0.0,0.0,10000.0
5760_dose_800_gradient_0_VconcST_0_Vconc_4.8_run_2.csv,5760.0,800.0,0,4.8,0.0,4.8,2,2.5,0.0,0.0,0.0,0.0,0.0,0.0,185.332
5760_dose_800_gradient_0_VconcST_0_Vconc_4.8_run_2.csv,5760.0,800.0,0,4.8,0.0,4.8,2,2.75,0.0,0.0,0.0,0.0,0.0,0.0,10000.0
5760_dose_800_gradient_0_VconcST_0_Vconc_4.8_run_2.csv,5760.0,800.0,0,4.8,0.0,4.8,2,3.0,0.0,0.0,0.0,0.0,0.0,0.0,186.566
5760_dose_800_gradient_0_VconcST_0_Vconc_4.8_run_2.csv,5760.0,800.0,0,4.8,0.0,4.8,2,3.25,0.0,0.0,0.0,0.0,0.0,0.0,10000.0
5760_dose_800_gradient_0_VconcST_0_Vconc_4.8_run_2.csv,5760.0,800.0,0,4.8,0.0,4.8,2,3.5,0.0,0.0,0.0,0.0,0.0,0.0,184.84
5760_dose_800_gradient_0_VconcST_0_Vconc_4.8_run_2.csv,5760.0,800.0,0,4.8,0.0,4.8,2,3.75,0.0,0.0,0.0,0.0,0.0,0.0,10000.0
5760_dose_800_gradient_0_VconcST_0_Vconc_4.8_run_2.csv,5760.0,800.0,0,4.8,0.0,4.8,2,4.0,0.0,0.0,0.0,0.0,0.0,0.0,3133.15
5760_dose_800_gradient_0_VconcST_0_Vconc_4.8_run_2.csv,5760.0,800.0,0,4.8,0.0,4.8,2,4.25,0.0,0.0,0.0,0.0,0.0,0.0,576.336
5760_dose_800_gradient_0_VconcST_0_Vconc_4.8_run_2.csv,5760.0,800.0,0,4.8,0.0,4.8,2,4.5,0.0,0.0,0.0,0.0,0.0,0.0,7989.49
5760_dose_800_gradient_0_VconcST_0_Vconc_4.8_run_2.csv,5760.0,800.0,0,4.8,0.0,4.8,2,4.75,0.0,0.0,0.0,0.0,0.0,0.0,570.241
5760_dose_800_gradient_0_VconcST_0_Vconc_4.8_run_2.csv,5760.0,800.0,0,4.8,0.0,4.8,2,5.0,0.0,0.0,0.0,0.0,0.0,0.0,9906.17
5760_dose_800_gradient_0_VconcST_0_Vconc_4.8_run_2.csv,5760.0,800.0,0,4.8,0.0,4.8,2,5.25,0.0,0.0,0.0,0.0,0.0,0.0,577.344
5760_dose_800_gradient_0_VconcST_0_Vconc_4.8_run_2.csv,5760.0,800.0,0,4.8,0.0,4.8,2,5.5,0.0,0.0,0.0,0.0,0.0,0.0,10000.0
5760_dose_800_gradient_0_VconcST_0_Vconc_4.8_run_2.csv,5760.0,800.0,0,4.8,0.0,4.8,2,5.75,0.0,0.0,0.0,0.0,0.0,0.0,562.119
5760_dose_800_gradient_0_VconcST_0_Vconc_4.8_run_2.csv,5760.0,800.0,0,4.8,0.0,4.8,2,6.0,0.0,0.0,0.0,0.0,0.0,0.0,10000.0
5760_dose_800_gradient_0_VconcST_0_Vconc_4.8_run_2.csv,5760.0,800.0,0,4.8,0.0,4.8,2,6.25,0.0,0.0,0.0,0.0,0.0,0.0,413.789
5760_dose_800_gradient_0_VconcST_0_Vconc_4.8_run_2.csv,5760.0,800.0,0,4.8,0.0,4.8,2,6.5,0.0,0.0,0.0,0.0,0.0,0.0,10000.0
5760_dose_800_gradient_0_VconcST_0_Vconc_4.8_run_2.csv,5760.0,800.0,0,4.8,0.0,4.8,2,6.75,0.0,0.0,0.0,0.0,0.0,0.0,314.195
5760_dose_800_gradient_0_VconcST_0_Vconc_4.8_run_2.csv,5760.0,800.0,0,4.8,0.0,4.8,2,7.0,0.0,0.0,0.0,0.0,0.0,0.0,10000.0
5760_dose_800_gradient_0_VconcST_0_Vconc_4.8_run_2.csv,5760.0,800.0,0,4.8,0.0,4.8,2,7.25,0.0,0.0,0.0,0.0,0.0,0.0,266.678
5760_dose_800_gradient_0_VconcST_0_Vconc_4.8_run_2.csv,5760.0,800.0,0,4.8,0.0,4.8,2,7.5,0.0,0.0,0.0,0.0,0.0,0.0,10000.0
5760_dose_800_gradient_0_VconcST_0_Vconc_4.8_run_2.csv,5760.0,800.0,0,4.8,0.0,4.8,2,7.75,0.0,0.0,0.0,0.0,0.0,0.0,239.037
5760_dose_800_gradient_0_VconcST_0_Vconc_4.8_run_2.csv,5760.0,800.0,0,4.8,0.0,4.8,2,8.0,0.0,0.0,0.0,0.0,0.0,0.0,10000.0
5760_dose_800_gradient_0_VconcST_0_Vconc_4.8_run_2.csv,5760.0,800.0,0,4.8,0.0,4.8,2,8.25,0.0,0.0,0.0,0.0,0.0,0.0,206.855
5760_dose_800_gradient_0_VconcST_0_Vconc_4.8_run_2.csv,5760.0,800.0,0,4.8,0.0,4.8,2,8.5,0.0,0.0,0.0,0.0,0.0,0.0,10000.0
5760_dose_800_gradient_0_VconcST_0_Vconc_4.8_run_2.csv,5760.0,800.0,0,4.8,0.0,4.8,2,8.75,0.0,0.0,0.0,0.0,0.0,0.0,209.833
5760_dose_800_gradient_0_VconcST_0_Vconc_4.8_run_2.csv,5760.0,800.0,0,4.8,0.0,4.8,2,9.0,0.0,0.0,0.0,0.0,0.0,0.0,10000.0
5760_dose_800_gradient_0_VconcST_0_Vconc_4.8_run_2.csv,5760.0,800.0,0,4.8,0.0,4.8,2,9.25,0.0,0.0,0.0,0.0,0.0,0.0,191.195
5760_dose_800_gradient_0_VconcST_0_Vconc_4.8_run_2.csv,5760.0,800.0,0,4.8,0.0,4.8,2,9.5,0.0,0.0,0.0,0.0,0.0,0.0,10000.0
5760_dose_800_gradient_0_VconcST_0_Vconc_4.8_run_2.csv,5760.0,800.0,0,4.8,0.0,4.8,2,9.75,0.0,0.0,0.0,0.0,0.0,0.0,191.004
5760_dose_800_gradient_0_VconcST_0_Vconc_4.8_run_2.csv,5760.0,800.0,0,4.8,0.0,4.8,2,10.0,0.0,0.0,0.0,0.0,0.0,0.0,10000.0
5760_dose_800_gradient_0_VconcST_0_Vconc_4.8_run_2.csv,5760.0,800.0,0,4.8,0.0,4.8,2,10.25,0.0,0.0,0.0,0.0,0.0,0.0,183.681
5760_dose_800_gradient_0_VconcST_0_Vconc_4.8_run_2.csv,5760.0,800.0,0,4.8,0.0,4.8,2,10.5,0.0,0.0,0.0,0.0,0.0,0.0,10000.0
5760_dose_800_gradient_0_VconcST_0_Vconc_4.8_run_2.csv,5760.0,800.0,0,4.8,0.0,4.8,2,10.75,0.0,0.0,0.0,0.0,0.0,0.0,183.351
5760_dose_800_gradient_0_VconcST_0_Vconc_4.8_run_2.csv,5760.0,800.0,0,4.8,0.0,4.8,2,11.0,0.0,0.0,0.0,0.0,0.0,0.0,10000.0
5760_dose_800_gradient_0_VconcST_0_Vconc_4.8_run_2.csv,5760.0,800.0,0,4.8,0.0,4.8,2,11.25,0.0,0.0,0.0,0.0,0.0,0.0,186.757
5760_dose_800_gradient_0_VconcST_0_Vconc_4.8_run_2.csv,5760.0,800.0,0,4.8,0.0,4.8,2,11.5,0.0,0.0,0.0,0.0,0.0,0.0,1034.66
5760_dose_800_gradient_0_VconcST_0_Vconc_4.8_run_2.csv,5760.0,800.0,0,4.8,0.0,4.8,2,11.75,0.0,0.0,0.0,0.0,0.0,0.0,7332.6
5760_dose_800_gradient_0_VconcST_0_Vconc_4.8_run_2.csv,5760.0,800.0,0,4.8,0.0,4.8,2,12.0,0.0,0.0,0.0,0.0,0.0,0.0,572.605
5760_dose_800_gradient_0_VconcST_0_Vconc_4.8_run_2.csv,5760.0,800.0,0,4.8,0.0,4.8,2,12.25,0.0,0.0,0.0,0.0,0.0,0.0,9265.57
5760_dose_800_gradient_0_VconcST_0_Vconc_4.8_run_2.csv,5760.0,800.0,0,4.8,0.0,4.8,2,12.5,0.0,0.0,0.0,0.0,0.0,0.0,585.682
5760_dose_800_gradient_0_VconcST_0_Vconc_4.8_run_2.csv,5760.0,800.0,0,4.8,0.0,4.8,2,12.75,0.0,0.0,0.0,0.0,0.0,0.0,10000.0
5760_dose_800_gradient_0_VconcST_0_Vconc_4.8_run_2.csv,5760.0,800.0,0,4.8,0.0,4.8,2,13.0,0.0,0.0,0.0,0.0,0.0,0.0,580.125
5760_dose_800_gradient_0_VconcST_0_Vconc_4.8_run_2.csv,5760.0,800.0,0,4.8,0.0,4.8,2,13.25,0.0,0.0,0.0,0.0,0.0,0.0,10000.0
5760_dose_800_gradient_0_VconcST_0_Vconc_4.8_run_2.csv,5760.0,800.0,0,4.8,0.0,4.8,2,13.5,0.0,0.0,0.0,0.0,0.0,0.0,477.023
5760_dose_800_gradient_0_VconcST_0_Vconc_4.8_run_2.csv,5760.0,800.0,0,4.8,0.0,4.8,2,13.75,0.0,0.0,0.0,0.0,0.0,0.0,10000.0
5760_dose_800_gradient_0_VconcST_0_Vconc_4.8_run_2.csv,5760.0,800.0,0,4.8,0.0,4.8,2,14.0,0.0,0.0,0.0,0.0,0.0,0.0,314.23
5760_dose_800_gradient_0_VconcST_0_Vconc_4.8_run_2.csv,5760.0,800.0,0,4.8,0.0,4.8,2,14.25,0.0,0.0,0.0,0.0,0.0,0.0,10000.0
5760_dose_800_gradient_0_VconcST_0_Vconc_4.8_run_2.csv,5760.0,800.0,0,4.8,0.0,4.8,2,14.5,0.0,0.0,0.0,0.0,0.0,0.0,272.906
5760_dose_800_gradient_0_VconcST_0_Vconc_4.8_run_2.csv,5760.0,800.0,0,4.8,0.0,4.8,2,14.75,0.0,0.0,0.0,0.0,0.0,0.0,10000.0
5760_dose_800_gradient_0_VconcST_0_Vconc_4.8_run_2.csv,5760.0,800.0,0,4.8,0.0,4.8,2,15.0,0.0,0.0,0.0,0.0,0.0,0.0,238.933
5760_dose_800_gradient_0_VconcST_0_Vconc_4.8_run_2.csv,5760.0,800.0,0,4.8,0.0,4.8,2,15.25,0.0,0.0,0.0,0.0,0.0,0.0,10000.0
5760_dose_800_gradient_0_VconcST_0_Vconc_4.8_run_2.csv,5760.0,800.0,0,4.8,0.0,4.8,2,15.5,0.0,0.0,0.0,0.0,0.0,0.0,225.423
5760_dose_800_gradient_0_VconcST_0_Vconc_4.8_run_2.csv,5760.0,800.0,0,4.8,0.0,4.8,2,15.75,0.0,0.0,0.0,0.0,0.0,0.0,10000.0
5760_dose_800_gradient_0_VconcST_0_Vconc_4.8_run_2.csv,5760.0,800.0,0,4.8,0.0,4.8,2,16.0,0.0,0.0,0.0,0.0,0.0,0.0,213.332
5760_dose_800_gradient_0_VconcST_0_Vconc_4.8_run_2.csv,5760.0,800.0,0,4.8,0.0,4.8,2,16.25,0.0,0.0,0.0,0.0,0.0,0.0,10000.0
5760_dose_800_gradient_0_VconcST_0_Vconc_4.8_run_2.csv,5760.0,800.0,0,4.8,0.0,4.8,2,16.5,0.0,0.0,0.0,0.0,0.000625,0.0,202.793
5760_dose_800_gradient_0_VconcST_0_Vconc_4.8_run_2.csv,5760.0,800.0,0,4.8,0.0,4.8,2,16.75,0.0,0.0,0.0,0.0,0.0,0.0,10000.0
5760_dose_800_gradient_0_VconcST_0_Vconc_4.8_run_2.csv,5760.0,800.0,0,4.8,0.0,4.8,2,17.0,0.0,0.0,0.0,0.0,0.0,0.0,190.112
5760_dose_800_gradient_0_VconcST_0_Vconc_4.8_run_2.csv,5760.0,800.0,0,4.8,0.0,4.8,2,17.25,0.0,0.0,0.0,0.0,0.0,0.0,10000.0
5760_dose_800_gradient_0_VconcST_0_Vconc_4.8_run_2.csv,5760.0,800.0,0,4.8,0.0,4.8,2,17.5,0.0,0.0,0.0,0.0,0.0,0.0,188.571
5760_dose_800_gradient_0_VconcST_0_Vconc_4.8_run_2.csv,5760.0,800.0,0,4.8,0.0,4.8,2,17.75,0.0,0.0,0.0,0.0,0.0,0.0,10000.0
5760_dose_800_gradient_0_VconcST_0_Vconc_4.8_run_2.csv,5760.0,800.0,0,4.8,0.0,4.8,2,18.0,0.0,0.0,0.0,0.0,0.0,0.0,184.434
5760_dose_800_gradient_0_VconcST_0_Vconc_4.8_run_2.csv,5760.0,800.0,0,4.8,0.0,4.8,2,18.25,0.0,0.0,0.0,0.0,0.0,0.0,10000.0
5760_dose_800_gradient_0_VconcST_0_Vconc_4.8_run_2.csv,5760.0,800.0,0,4.8,0.0,4.8,2,18.5,0.0,0.0,0.0,0.0,0.0,0.0,184.822
5760_dose_800_gradient_0_VconcST_0_Vconc_4.8_run_2.csv,5760.0,800.0,0,4.8,0.0,4.8,2,18.75,0.0,0.0,0.0,0.0,0.0,0.0,5293.65
5760_dose_800_gradient_0_VconcST_0_Vconc_4.8_run_2.csv,5760.0,800.0,0,4.8,0.0,4.8,2,19.0,0.0,0.0,0.0,0.0,0.0,0.0,6978.92
5760_dose_800_gradient_0_VconcST_0_Vconc_4.8_run_2.csv,5760.0,800.0,0,4.8,0.0,4.8,2,19.25,0.0,0.0,0.0,0.0,0.0,0.0,578.271
5760_dose_800_gradient_0_VconcST_0_Vconc_4.8_run_2.csv,5760.0,800.0,0,4.8,0.0,4.8,2,19.5,0.0,0.0,0.0,0.0,0.0,0.0,8858.26
5760_dose_800_gradient_0_VconcST_0_Vconc_4.8_run_2.csv,5760.0,800.0,0,4.8,0.0,4.8,2,19.75,0.0,0.0,0.0,0.0,0.0,0.0,573.613
5760_dose_800_gradient_0_VconcST_0_Vconc_4.8_run_2.csv,5760.0,800.0,0,4.8,0.0,4.8,2,20.0,0.0,0.0,0.0,0.0,0.0,0.0,10000.0
5760_dose_800_gradient_0_VconcST_0_Vconc_4.8_run_2.csv,5760.0,800.0,0,4.8,0.0,4.8,2,20.25,0.0,0.0,0.0,0.0,0.0,0.0,587.315
5760_dose_800_gradient_0_VconcST_0_Vconc_4.8_run_2.csv,5760.0,800.0,0,4.8,0.0,4.8,2,20.5,0.0,0.0,0.0,0.0,0.0,0.0,10000.0
5760_dose_800_gradient_0_VconcST_0_Vconc_4.8_run_2.csv,5760.0,800.0,0,4.8,0.0,4.8,2,20.75,0.0,0.0,0.0,0.0,0.0,0.0,512.125
5760_dose_800_gradient_0_VconcST_0_Vconc_4.8_run_2.csv,5760.0,800.0,0,4.8,0.0,4.8,2,21.0,0.0,0.0,0.0,0.0,0.0,0.0,10000.0
5760_dose_800_gradient_0_VconcST_0_Vconc_4.8_run_2.csv,5760.0,800.0,0,4.8,0.0,4.8,2,21.25,0.0,0.0,0.0,0.0,0.0,0.0,356.313
5760_dose_800_gradient_0_VconcST_0_Vconc_4.8_run_2.csv,5760.0,800.0,0,4.8,0.0,4.8,2,21.5,0.0,0.0,0.0,0.0,0.0,0.0,10000.0
5760_dose_800_gradient_0_VconcST_0_Vconc_4.8_run_2.csv,5760.0,800.0,0,4.8,0.0,4.8,2,21.75,0.0,0.0,0.0,0.0,0.0,0.0,290.338
5760_dose_800_gradient_0_VconcST_0_Vconc_4.8_run_2.csv,5760.0,800.0,0,4.8,0.0,4.8,2,22.0,0.0,0.0,0.0,0.0,0.0,0.0,10000.0
5760_dose_800_gradient_0_VconcST_0_Vconc_4.8_run_2.csv,5760.0,800.0,0,4.8,0.0,4.8,2,22.25,0.0,0.0,0.0,0.0,0.0,0.0,239.165
5760_dose_800_gradient_0_VconcST_0_Vconc_4.8_run_2.csv,5760.0,800.0,0,4.8,0.0,4.8,2,22.5,0.0,0.0,0.0,0.0,0.0,0.0,10000.0
5760_dose_800_gradient_0_VconcST_0_Vconc_4.8_run_2.csv,5760.0,800.0,0,4.8,0.0,4.8,2,22.75,0.0,0.0,0.0,0.0,0.0,0.0,230.95
5760_dose_800_gradient_0_VconcST_0_Vconc_4.8_run_2.csv,5760.0,800.0,0,4.8,0.0,4.8,2,23.0,0.0,0.0,0.0,0.0,0.0,0.0,10000.0
5760_dose_800_gradient_0_VconcST_0_Vconc_4.8_run_2.csv,5760.0,800.0,0,4.8,0.0,4.8,2,23.25,0.0,0.0,0.0,0.0,0.0,0.0,213.679
5760_dose_800_gradient_0_VconcST_0_Vconc_4.8_run_2.csv,5760.0,800.0,0,4.8,0.0,4.8,2,23.5,0.0,0.0,0.0,0.0,0.0,0.0,10000.0
5760_dose_800_gradient_0_VconcST_0_Vconc_4.8_run_2.csv,5760.0,800.0,0,4.8,0.0,4.8,2,23.75,0.0,0.0,0.0,0.0,0.0,0.0,188.078
5760_dose_800_gradient_0_VconcST_0_Vconc_4.8_run_2.csv,5760.0,800.0,0,4.8,0.0,4.8,2,24.0,62.29,800.0,0.02426,62.29,0.0,0.0,10000.0
5760_dose_800_gradient_0_VconcST_0_Vconc_4.8_run_2.csv,5760.0,800.0,0,4.8,0.0,4.8,2,24.25,3754.75,784.145,1.46236,3754.75,0.0,0.999946,0.0166377
5760_dose_800_gradient_0_VconcST_0_Vconc_4.8_run_2.csv,5760.0,800.0,0,4.8,0.0,4.8,2,24.5,7360.03,768.604,2.8665,7360.03,0.0,0.999973,0.271101
5760_dose_800_gradient_0_VconcST_0_Vconc_4.8_run_2.csv,5760.0,800.0,0,4.8,0.0,4.8,2,24.75,10879.9,753.371,4.23739,10879.9,0.0,0.999982,0.165351
5760_dose_800_gradient_0_VconcST_0_Vconc_4.8_run_2.csv,5760.0,800.0,0,4.8,0.0,4.8,2,25.0,14316.1,738.44,5.57569,14316.1,0.0,0.999986,0.120413
5760_dose_800_gradient_0_VconcST_0_Vconc_4.8_run_2.csv,5760.0,800.0,0,4.8,0.0,4.8,2,25.25,17670.4,723.805,6.88207,17670.4,0.0,0.999989,0.0945341
5760_dose_800_gradient_0_VconcST_0_Vconc_4.8_run_2.csv,5760.0,800.0,0,4.8,0.0,4.8,2,25.5,20944.4,709.46,8.15719,20944.4,0.0,0.99999,0.0783235
5760_dose_800_gradient_0_VconcST_0_Vconc_4.8_run_2.csv,5760.0,800.0,0,4.8,0.0,4.8,2,25.75,24139.7,695.4,9.40168,24139.7,0.0,0.999992,0.0669444
5760_dose_800_gradient_0_VconcST_0_Vconc_4.8_run_2.csv,5760.0,800.0,0,4.8,0.0,4.8,2,26.0,27258.1,681.618,10.6162,27258.1,0.0,0.999993,0.058875
5760_dose_800_gradient_0_VconcST_0_Vconc_4.8_run_2.csv,5760.0,800.0,0,4.8,0.0,4.8,2,26.25,30301.0,668.109,11.8013,30301.0,0.0,0.999993,0.0524702
5760_dose_800_gradient_0_VconcST_0_Vconc_4.8_run_2.csv,5760.0,800.0,0,4.8,0.0,4.8,2,26.5,33270.0,654.868,12.9576,33270.0,0.0,0.999994,0.0474949
5760_dose_800_gradient_0_VconcST_0_Vconc_4.8_run_2.csv,5760.0,800.0,0,4.8,0.0,4.8,2,26.75,36166.6,641.889,14.0858,36166.6,0.0,0.999994,0.0435612
5760_dose_800_gradient_0_VconcST_0_Vconc_4.8_run_2.csv,5760.0,800.0,0,4.8,0.0,4.8,2,27.0,38992.4,629.168,15.1863,38992.4,0.0,0.999995,0.0402577
5760_dose_800_gradient_0_VconcST_0_Vconc_4.8_run_2.csv,5760.0,800.0,0,4.8,0.0,4.8,2,27.25,41748.7,616.698,16.2598,41748.7,0.0,0.999995,0.0375438
5760_dose_800_gradient_0_VconcST_0_Vconc_4.8_run_2.csv,5760.0,800.0,0,4.8,0.0,4.8,2,27.5,44437.0,604.476,17.3068,44437.0,0.0,0.999996,0.0348299
5760_dose_800_gradient_0_VconcST_0_Vconc_4.8_run_2.csv,5760.0,800.0,0,4.8,0.0,4.8,2,27.75,47058.6,592.496,18.3279,47058.6,0.0,0.999996,0.0330575
5760_dose_800_gradient_0_VconcST_0_Vconc_4.8_run_2.csv,5760.0,800.0,0,4.8,0.0,4.8,2,28.0,49615.1,580.753,19.3235,49615.1,0.0,0.999996,0.0312111
5760_dose_800_gradient_0_VconcST_0_Vconc_4.8_run_2.csv,5760.0,800.0,0,4.8,0.0,4.8,2,28.25,52107.7,569.244,20.2943,52107.7,0.0,0.999996,0.0299539
5760_dose_800_gradient_0_VconcST_0_Vconc_4.8_run_2.csv,5760.0,800.0,0,4.8,0.0,4.8,2,28.5,54537.6,557.962,21.2407,54537.6,0.0,0.999996,0.0285522
5760_dose_800_gradient_0_VconcST_0_Vconc_4.8_run_2.csv,5760.0,800.0,0,4.8,0.0,4.8,2,28.75,56906.3,546.904,22.1632,56906.3,0.0,0.999996,0.0271738
5760_dose_800_gradient_0_VconcST_0_Vconc_4.8_run_2.csv,5760.0,800.0,0,4.8,0.0,4.8,2,29.0,59214.9,536.065,23.0624,59214.9,0.0,0.999997,0.0262621
5760_dose_800_gradient_0_VconcST_0_Vconc_4.8_run_2.csv,5760.0,800.0,0,4.8,0.0,4.8,2,29.25,61464.8,525.441,23.9386,61464.8,0.0,0.999997,0.0248787
5760_dose_800_gradient_0_VconcST_0_Vconc_4.8_run_2.csv,5760.0,800.0,0,4.8,0.0,4.8,2,29.5,63657.1,515.027,24.7925,63657.1,0.0,0.999997,0.0239739
5760_dose_800_gradient_0_VconcST_0_Vconc_4.8_run_2.csv,5760.0,800.0,0,4.8,0.0,4.8,2,29.75,65793.0,504.82,25.6243,65793.0,0.0,0.999997,0.023548
5760_dose_800_gradient_0_VconcST_0_Vconc_4.8_run_2.csv,5760.0,800.0,0,4.8,0.0,4.8,2,30.0,67873.7,494.815,26.4347,67873.7,0.0,0.999997,0.0231227
5760_dose_800_gradient_0_VconcST_0_Vconc_4.8_run_2.csv,5760.0,800.0,0,4.8,0.0,4.8,2,30.25,69900.4,485.009,27.224,69900.4,0.0,0.999997,0.0222721
5760_dose_800_gradient_0_VconcST_0_Vconc_4.8_run_2.csv,5760.0,800.0,0,4.8,0.0,4.8,2,30.5,71874.0,475.396,27.9927,71874.0,0.0,0.999997,0.0217664
5760_dose_800_gradient_0_VconcST_0_Vconc_4.8_run_2.csv,5760.0,800.0,0,4.8,0.0,4.8,2,30.75,73795.9,465.974,28.7412,73795.9,0.0,0.999997,0.0212749
5760_dose_800_gradient_0_VconcST_0_Vconc_4.8_run_2.csv,5760.0,800.0,0,4.8,0.0,4.8,2,31.0,75667.0,456.739,29.4699,75667.0,0.0,0.999997,0.0208222
5760_dose_800_gradient_0_VconcST_0_Vconc_4.8_run_2.csv,5760.0,800.0,0,4.8,0.0,4.8,2,31.25,77488.3,447.687,30.1793,77488.3,0.0,0.999997,0.0199029
5760_dose_800_gradient_0_VconcST_0_Vconc_4.8_run_2.csv,5760.0,800.0,0,4.8,0.0,4.8,2,31.5,79260.9,438.815,30.8697,79260.9,0.0,0.999997,0.0194799
5760_dose_800_gradient_0_VconcST_0_Vconc_4.8_run_2.csv,5760.0,800.0,0,4.8,0.0,4.8,2,31.75,80985.9,430.118,31.5415,80985.9,0.0,0.999997,0.0194902
5760_dose_800_gradient_0_VconcST_0_Vconc_4.8_run_2.csv,5760.0,800.0,0,4.8,0.0,4.8,2,32.0,82664.2,421.593,32.1951,82664.2,0.0,0.999998,0.0190096
5760_dose_800_gradient_0_VconcST_0_Vconc_4.8_run_2.csv,5760.0,800.0,0,4.8,0.0,4.8,2,32.25,84296.8,413.238,32.831,84296.8,0.0,0.999998,0.0185661
5760_dose_800_gradient_0_VconcST_0_Vconc_4.8_run_2.csv,5760.0,800.0,0,4.8,0.0,4.8,2,32.5,85884.6,405.048,33.4494,85884.6,0.0,0.999998,0.0180937
5760_dose_800_gradient_0_VconcST_0_Vconc_4.8_run_2.csv,5760.0,800.0,0,4.8,0.0,4.8,2,32.75,87428.5,397.021,34.0507,87428.5,0.0,0.999998,0.0176909
5760_dose_800_gradient_0_VconcST_0_Vconc_4.8_run_2.csv,5760.0,800.0,0,4.8,0.0,4.8,2,33.0,88929.6,389.152,34.6353,88929.6,0.0,0.999998,0.0176413
5760_dose_800_gradient_0_VconcST_0_Vconc_4.8_run_2.csv,5760.0,800.0,0,4.8,0.0,4.8,2,33.25,90388.7,381.44,35.2036,90388.7,0.0,0.999998,0.0171974
5760_dose_800_gradient_0_VconcST_0_Vconc_4.8_run_2.csv,5760.0,800.0,0,4.8,0.0,4.8,2,33.5,91806.5,373.88,35.7558,91806.5,0.0,0.999998,0.0167466
5760_dose_800_gradient_0_VconcST_0_Vconc_4.8_run_2.csv,5760.0,800.0,0,4.8,0.0,4.8,2,33.75,93184.2,366.47,36.2923,93184.2,0.0,0.999998,0.0167519
5760_dose_800_gradient_0_VconcST_0_Vconc_4.8_run_2.csv,5760.0,800.0,0,4.8,0.0,4.8,2,34.0,94522.4,359.207,36.8135,94522.4,0.0,0.999998,0.0163168
5760_dose_800_gradient_0_VconcST_0_Vconc_4.8_run_2.csv,5760.0,800.0,0,4.8,0.0,4.8,2,34.25,95822.0,352.088,37.3197,95822.0,0.0,0.999998,0.0162842
5760_dose_800_gradient_0_VconcST_0_Vconc_4.8_run_2.csv,5760.0,800.0,0,4.8,0.0,4.8,2,34.5,97083.9,345.11,37.8112,97083.9,0.0,0.999998,0.0158476
5760_dose_800_gradient_0_VconcST_0_Vconc_4.8_run_2.csv,5760.0,800.0,0,4.8,0.0,4.8,2,34.75,98308.7,338.27,38.2882,98308.7,0.0,0.999998,0.0158476
5760_dose_800_gradient_0_VconcST_0_Vconc_4.8_run_2.csv,5760.0,800.0,0,4.8,0.0,4.8,2,35.0,99497.4,331.566,38.7511,99497.4,0.0,0.999998,0.0153887
5760_dose_800_gradient_0_VconcST_0_Vconc_4.8_run_2.csv,5760.0,800.0,0,4.8,0.0,4.8,2,35.25,100651.0,324.995,39.2003,100651.0,0.0,0.999998,0.0153795
5760_dose_800_gradient_0_VconcST_0_Vconc_4.8_run_2.csv,5760.0,800.0,0,4.8,0.0,4.8,2,35.5,101769.0,318.554,39.6359,101769.0,0.0,0.999998,0.0153979
5760_dose_800_gradient_0_VconcST_0_Vconc_4.8_run_2.csv,5760.0,800.0,0,4.8,0.0,4.8,2,35.75,102854.0,312.241,40.0583,102854.0,0.0,0.999998,0.0149361
5760_dose_800_gradient_0_VconcST_0_Vconc_4.8_run_2.csv,5760.0,800.0,0,4.8,0.0,4.8,2,36.0,103905.0,306.052,40.4677,103905.0,0.0,0.999998,0.0149272
5760_dose_800_gradient_0_VconcST_0_Vconc_4.8_run_2.csv,5760.0,800.0,0,4.8,0.0,4.8,2,36.25,104924.0,299.987,40.8645,104924.0,0.0,0.999998,0.0149581
5760_dose_800_gradient_0_VconcST_0_Vconc_4.8_run_2.csv,5760.0,800.0,0,4.8,0.0,4.8,2,36.5,105910.0,294.041,41.2488,105910.0,0.0,0.999998,0.0145044
5760_dose_800_gradient_0_VconcST_0_Vconc_4.8_run_2.csv,5760.0,800.0,0,4.8,0.0,4.8,2,36.75,106866.0,288.214,41.621,106866.0,0.0,0.999998,0.0144749
5760_dose_800_gradient_0_VconcST_0_Vconc_4.8_run_2.csv,5760.0,800.0,0,4.8,0.0,4.8,2,37.0,107791.0,282.502,41.9813,107791.0,0.0,0.999998,0.0144866
5760_dose_800_gradient_0_VconcST_0_Vconc_4.8_run_2.csv,5760.0,800.0,0,4.8,0.0,4.8,2,37.25,108687.0,276.903,42.33,108687.0,0.0,0.999998,0.0140507
5760_dose_800_gradient_0_VconcST_0_Vconc_4.8_run_2.csv,5760.0,800.0,0,4.8,0.0,4.8,2,37.5,109553.0,271.414,42.6673,109553.0,0.0,0.999998,0.014031
5760_dose_800_gradient_0_VconcST_0_Vconc_4.8_run_2.csv,5760.0,800.0,0,4.8,0.0,4.8,2,37.75,110390.0,266.035,42.9935,110390.0,0.0,0.999998,0.0140354
5760_dose_800_gradient_0_VconcST_0_Vconc_4.8_run_2.csv,5760.0,800.0,0,4.8,0.0,4.8,2,38.0,111199.0,260.763,43.3087,111199.0,0.0,0.999998,0.0140497
5760_dose_800_gradient_0_VconcST_0_Vconc_4.8_run_2.csv,5760.0,800.0,0,4.8,0.0,4.8,2,38.25,111981.0,255.595,43.6133,111981.0,0.0,0.999998,0.0140324
5760_dose_800_gradient_0_VconcST_0_Vconc_4.8_run_2.csv,5760.0,800.0,0,4.8,0.0,4.8,2,38.5,112737.0,250.529,43.9074,112737.0,0.0,0.999998,0.0136018
5760_dose_800_gradient_0_VconcST_0_Vconc_4.8_run_2.csv,5760.0,800.0,0,4.8,0.0,4.8,2,38.75,113465.0,245.564,44.1913,113465.0,0.0,0.999998,0.0135703
5760_dose_800_gradient_0_VconcST_0_Vconc_4.8_run_2.csv,5760.0,800.0,0,4.8,0.0,4.8,2,39.0,114169.0,240.697,44.4652,114169.0,0.0,0.999998,0.0135703
5760_dose_800_gradient_0_VconcST_0_Vconc_4.8_run_2.csv,5760.0,800.0,0,4.8,0.0,4.8,2,39.25,114847.0,235.927,44.7293,114847.0,0.0,0.999998,0.0136142
5760_dose_800_gradient_0_VconcST_0_Vconc_4.8_run_2.csv,5760.0,800.0,0,4.8,0.0,4.8,2,39.5,115500.0,231.251,44.9838,115500.0,0.0,0.999998,0.0136018
5760_dose_800_gradient_0_VconcST_0_Vconc_4.8_run_2.csv,5760.0,800.0,0,4.8,0.0,4.8,2,39.75,116130.0,226.668,45.229,116130.0,0.0,0.999998,0.0131404
5760_dose_800_gradient_0_VconcST_0_Vconc_4.8_run_2.csv,5760.0,800.0,0,4.8,0.0,4.8,2,40.0,116736.0,222.176,45.465,116736.0,0.0,0.999998,0.0131538
5760_dose_800_gradient_0_VconcST_0_Vconc_4.8_run_2.csv,5760.0,800.0,0,4.8,0.0,4.8,2,40.25,117319.0,217.772,45.692,117319.0,0.0,0.999998,0.0131768
5760_dose_800_gradient_0_VconcST_0_Vconc_4.8_run_2.csv,5760.0,800.0,0,4.8,0.0,4.8,2,40.5,117879.0,213.456,45.9102,117879.0,0.0,0.999998,0.0131271
5760_dose_800_gradient_0_VconcST_0_Vconc_4.8_run_2.csv,5760.0,800.0,0,4.8,0.0,4.8,2,40.75,118417.0,209.226,46.1199,118417.0,0.0,0.999998,0.0131326
5760_dose_800_gradient_0_VconcST_0_Vconc_4.8_run_2.csv,5760.0,800.0,0,4.8,0.0,4.8,2,41.0,118934.0,205.079,46.3211,118934.0,0.0,0.999998,0.0131284
5760_dose_800_gradient_0_VconcST_0_Vconc_4.8_run_2.csv,5760.0,800.0,0,4.8,0.0,4.8,2,41.25,119430.0,201.015,46.5142,119430.0,0.0,0.999998,0.0131529
5760_dose_800_gradient_0_VconcST_0_Vconc_4.8_run_2.csv,5760.0,800.0,0,4.8,0.0,4.8,2,41.5,119905.0,197.031,46.6992,119905.0,0.0,0.999998,0.012686
5760_dose_800_gradient_0_VconcST_0_Vconc_2.4_run_0.csv,5760.0,800.0,0,2.4,0.0,2.4,0,0.0,0.0,0.0,0.0,0.0,0.0,0.0,0.0
5760_dose_800_gradient_0_VconcST_0_Vconc_2.4_run_0.csv,5760.0,800.0,0,2.4,0.0,2.4,0,0.25,0.0,0.0,0.0,0.0,0.0,0.0,9977.41
5760_dose_800_gradient_0_VconcST_0_Vconc_2.4_run_0.csv,5760.0,800.0,0,2.4,0.0,2.4,0,0.5,0.0,0.0,0.0,0.0,0.0,0.0,93.4626
5760_dose_800_gradient_0_VconcST_0_Vconc_2.4_run_0.csv,5760.0,800.0,0,2.4,0.0,2.4,0,0.75,0.0,0.0,0.0,0.0,0.0,0.0,9472.97
5760_dose_800_gradient_0_VconcST_0_Vconc_2.4_run_0.csv,5760.0,800.0,0,2.4,0.0,2.4,0,1.0,0.0,0.0,0.0,0.0,0.0,0.0,88.2398
5760_dose_800_gradient_0_VconcST_0_Vconc_2.4_run_0.csv,5760.0,800.0,0,2.4,0.0,2.4,0,1.25,0.0,0.0,0.0,0.0,0.0,0.0,9863.08
5760_dose_800_gradient_0_VconcST_0_Vconc_2.4_run_0.csv,5760.0,800.0,0,2.4,0.0,2.4,0,1.5,0.0,0.0,0.0,0.0,0.0,0.0,89.833
5760_dose_800_gradient_0_VconcST_0_Vconc_2.4_run_0.csv,5760.0,800.0,0,2.4,0.0,2.4,0,1.75,0.0,0.0,0.0,0.0,0.0,0.0,10000.0
5760_dose_800_gradient_0_VconcST_0_Vconc_2.4_run_0.csv,5760.0,800.0,0,2.4,0.0,2.4,0,2.0,0.0,0.0,0.0,0.0,0.0,0.0,90.0068
5760_dose_800_gradient_0_VconcST_0_Vconc_2.4_run_0.csv,5760.0,800.0,0,2.4,0.0,2.4,0,2.25,0.0,0.0,0.0,0.0,0.0,0.0,10000.0
5760_dose_800_gradient_0_VconcST_0_Vconc_2.4_run_0.csv,5760.0,800.0,0,2.4,0.0,2.4,0,2.5,0.0,0.0,0.0,0.0,0.0,0.0,90.0358
5760_dose_800_gradient_0_VconcST_0_Vconc_2.4_run_0.csv,5760.0,800.0,0,2.4,0.0,2.4,0,2.75,0.0,0.0,0.0,0.0,0.0,0.0,10000.0
5760_dose_800_gradient_0_VconcST_0_Vconc_2.4_run_0.csv,5760.0,800.0,0,2.4,0.0,2.4,0,3.0,0.0,0.0,0.0,0.0,0.0,0.0,91.3972
5760_dose_800_gradient_0_VconcST_0_Vconc_2.4_run_0.csv,5760.0,800.0,0,2.4,0.0,2.4,0,3.25,0.0,0.0,0.0,0.0,0.0,0.0,10000.0
5760_dose_800_gradient_0_VconcST_0_Vconc_2.4_run_0.csv,5760.0,800.0,0,2.4,0.0,2.4,0,3.5,0.0,0.0,0.0,0.0,0.0,0.0,88.8423
5760_dose_800_gradient_0_VconcST_0_Vconc_2.4_run_0.csv,5760.0,800.0,0,2.4,0.0,2.4,0,3.75,0.0,0.0,0.0,0.0,0.0,0.0,10000.0
5760_dose_800_gradient_0_VconcST_0_Vconc_2.4_run_0.csv,5760.0,800.0,0,2.4,0.0,2.4,0,4.0,0.0,0.0,0.0,0.0,0.0,0.0,88.3296
5760_dose_800_gradient_0_VconcST_0_Vconc_2.4_run_0.csv,5760.0,800.0,0,2.4,0.0,2.4,0,4.25,0.0,0.0,0.0,0.0,0.0,0.0,10000.0
5760_dose_800_gradient_0_VconcST_0_Vconc_2.4_run_0.csv,5760.0,800.0,0,2.4,0.0,2.4,0,4.5,0.0,0.0,0.0,0.0,0.0,0.0,3668.63
5760_dose_800_gradient_0_VconcST_0_Vconc_2.4_run_0.csv,5760.0,800.0,0,2.4,0.0,2.4,0,4.75,0.0,0.0,0.0,0.0,0.0,0.0,286.676
5760_dose_800_gradient_0_VconcST_0_Vconc_2.4_run_0.csv,5760.0,800.0,0,2.4,0.0,2.4,0,5.0,0.0,0.0,0.0,0.0,0.0,0.0,4417.89
5760_dose_800_gradient_0_VconcST_0_Vconc_2.4_run_0.csv,5760.0,800.0,0,2.4,0.0,2.4,0,5.25,0.0,0.0,0.0,0.0,0.0,0.0,283.997
5760_dose_800_gradient_0_VconcST_0_Vconc_2.4_run_0.csv,5760.0,800.0,0,2.4,0.0,2.4,0,5.5,0.0,0.0,0.0,0.0,0.0,0.0,5002.84
5760_dose_800_gradient_0_VconcST_0_Vconc_2.4_run_0.csv,5760.0,800.0,0,2.4,0.0,2.4,0,5.75,0.0,0.0,0.0,0.0,0.0,0.0,292.597
5760_dose_800_gradient_0_VconcST_0_Vconc_2.4_run_0.csv,5760.0,800.0,0,2.4,0.0,2.4,0,6.0,0.0,0.0,0.0,0.0,0.0,0.0,5431.36
5760_dose_800_gradient_0_VconcST_0_Vconc_2.4_run_0.csv,5760.0,800.0,0,2.4,0.0,2.4,0,6.25,0.0,0.0,0.0,0.0,0.0,0.0,281.413
5760_dose_800_gradient_0_VconcST_0_Vconc_2.4_run_0.csv,5760.0,800.0,0,2.4,0.0,2.4,0,6.5,0.0,0.0,0.0,0.0,0.0,0.0,5968.14
5760_dose_800_gradient_0_VconcST_0_Vconc_2.4_run_0.csv,5760.0,800.0,0,2.4,0.0,2.4,0,6.75,0.0,0.0,0.0,0.0,0.0,0.0,212.873
5760_dose_800_gradient_0_VconcST_0_Vconc_2.4_run_0.csv,5760.0,800.0,0,2.4,0.0,2.4,0,7.0,0.0,0.0,0.0,0.0,0.0,0.0,7142.13
5760_dose_800_gradient_0_VconcST_0_Vconc_2.4_run_0.csv,5760.0,800.0,0,2.4,0.0,2.4,0,7.25,0.0,0.0,0.0,0.0,0.0,0.0,133.238
5760_dose_800_gradient_0_VconcST_0_Vconc_2.4_run_0.csv,5760.0,800.0,0,2.4,0.0,2.4,0,7.5,0.0,0.0,0.0,0.0,0.0,0.0,7646.13
5760_dose_800_gradient_0_VconcST_0_Vconc_2.4_run_0.csv,5760.0,800.0,0,2.4,0.0,2.4,0,7.75,0.0,0.0,0.0,0.0,0.0,0.0,108.34
5760_dose_800_gradient_0_VconcST_0_Vconc_2.4_run_0.csv,5760.0,800.0,0,2.4,0.0,2.4,0,8.0,0.0,0.0,0.0,0.0,0.0,0.0,8049.9
5760_dose_800_gradient_0_VconcST_0_Vconc_2.4_run_0.csv,5760.0,800.0,0,2.4,0.0,2.4,0,8.25,0.0,0.0,0.0,0.0,0.0,0.0,110.304
5760_dose_800_gradient_0_VconcST_0_Vconc_2.4_run_0.csv,5760.0,800.0,0,2.4,0.0,2.4,0,8.5,0.0,0.0,0.0,0.0,0.0,0.0,8815.56
5760_dose_800_gradient_0_VconcST_0_Vconc_2.4_run_0.csv,5760.0,800.0,0,2.4,0.0,2.4,0,8.75,0.0,0.0,0.0,0.0,0.0,0.0,102.182
5760_dose_800_gradient_0_VconcST_0_Vconc_2.4_run_0.csv,5760.0,800.0,0,2.4,0.0,2.4,0,9.0,0.0,0.0,0.0,0.0,0.0,0.0,9558.31
5760_dose_800_gradient_0_VconcST_0_Vconc_2.4_run_0.csv,5760.0,800.0,0,2.4,0.0,2.4,0,9.25,0.0,0.0,0.0,0.0,0.0,0.0,92.5386
5760_dose_800_gradient_0_VconcST_0_Vconc_2.4_run_0.csv,5760.0,800.0,0,2.4,0.0,2.4,0,9.5,0.0,0.0,0.0,0.0,0.0,0.0,9896.71
5760_dose_800_gradient_0_VconcST_0_Vconc_2.4_run_0.csv,5760.0,800.0,0,2.4,0.0,2.4,0,9.75,0.0,0.0,0.0,0.0,0.0,0.0,90.0271
5760_dose_800_gradient_0_VconcST_0_Vconc_2.4_run_0.csv,5760.0,800.0,0,2.4,0.0,2.4,0,10.0,0.0,0.0,0.0,0.0,0.0,0.0,9837.68
5760_dose_800_gradient_0_VconcST_0_Vconc_2.4_run_0.csv,5760.0,800.0,0,2.4,0.0,2.4,0,10.25,0.0,0.0,0.0,0.0,0.0,0.0,90.0648
5760_dose_800_gradient_0_VconcST_0_Vconc_2.4_run_0.csv,5760.0,800.0,0,2.4,0.0,2.4,0,10.5,0.0,0.0,0.0,0.0,0.0,0.0,10000.0
5760_dose_800_gradient_0_VconcST_0_Vconc_2.4_run_0.csv,5760.0,800.0,0,2.4,0.0,2.4,0,10.75,0.0,0.0,0.0,0.0,0.0,0.0,88.5005
5760_dose_800_gradient_0_VconcST_0_Vconc_2.4_run_0.csv,5760.0,800.0,0,2.4,0.0,2.4,0,11.0,0.0,0.0,0.0,0.0,0.0,0.0,10000.0
5760_dose_800_gradient_0_VconcST_0_Vconc_2.4_run_0.csv,5760.0,800.0,0,2.4,0.0,2.4,0,11.25,0.0,0.0,0.0,0.0,0.0,0.0,89.3869
5760_dose_800_gradient_0_VconcST_0_Vconc_2.4_run_0.csv,5760.0,800.0,0,2.4,0.0,2.4,0,11.5,0.0,0.0,0.0,0.0,0.0,0.0,10000.0
5760_dose_800_gradient_0_VconcST_0_Vconc_2.4_run_0.csv,5760.0,800.0,0,2.4,0.0,2.4,0,11.75,0.0,0.0,0.0,0.0,0.0,0.0,88.2804
5760_dose_800_gradient_0_VconcST_0_Vconc_2.4_run_0.csv,5760.0,800.0,0,2.4,0.0,2.4,0,12.0,0.0,0.0,0.0,0.0,0.0,0.0,10000.0
5760_dose_800_gradient_0_VconcST_0_Vconc_2.4_run_0.csv,5760.0,800.0,0,2.4,0.0,2.4,0,12.25,0.0,0.0,0.0,0.0,0.0,0.0,88.9176
5760_dose_800_gradient_0_VconcST_0_Vconc_2.4_run_0.csv,5760.0,800.0,0,2.4,0.0,2.4,0,12.5,0.0,0.0,0.0,0.0,0.0,0.0,9518.29
5760_dose_800_gradient_0_VconcST_0_Vconc_2.4_run_0.csv,5760.0,800.0,0,2.4,0.0,2.4,0,12.75,0.0,0.0,0.0,0.0,0.0,0.0,3789.29
5760_dose_800_gradient_0_VconcST_0_Vconc_2.4_run_0.csv,5760.0,800.0,0,2.4,0.0,2.4,0,13.0,0.0,0.0,0.0,0.0,0.0,0.0,298.973
5760_dose_800_gradient_0_VconcST_0_Vconc_2.4_run_0.csv,5760.0,800.0,0,2.4,0.0,2.4,0,13.25,0.0,0.0,0.0,0.0,0.0,0.0,4556.43
5760_dose_800_gradient_0_VconcST_0_Vconc_2.4_run_0.csv,5760.0,800.0,0,2.4,0.0,2.4,0,13.5,0.0,0.0,0.0,0.0,0.0,0.0,290.3
5760_dose_800_gradient_0_VconcST_0_Vconc_2.4_run_0.csv,5760.0,800.0,0,2.4,0.0,2.4,0,13.75,0.0,0.0,0.0,0.0,0.0,0.0,5186.29
5760_dose_800_gradient_0_VconcST_0_Vconc_2.4_run_0.csv,5760.0,800.0,0,2.4,0.0,2.4,0,14.0,0.0,0.0,0.0,0.0,0.0,0.0,292.875
5760_dose_800_gradient_0_VconcST_0_Vconc_2.4_run_0.csv,5760.0,800.0,0,2.4,0.0,2.4,0,14.25,0.0,0.0,0.0,0.0,0.0,0.0,5589.67
5760_dose_800_gradient_0_VconcST_0_Vconc_2.4_run_0.csv,5760.0,800.0,0,2.4,0.0,2.4,0,14.5,0.0,0.0,0.0,0.0,0.0,0.0,279.046
5760_dose_800_gradient_0_VconcST_0_Vconc_2.4_run_0.csv,5760.0,800.0,0,2.4,0.0,2.4,0,14.75,0.0,0.0,0.0,0.0,0.0,0.0,6418.83
5760_dose_800_gradient_0_VconcST_0_Vconc_2.4_run_0.csv,5760.0,800.0,0,2.4,0.0,2.4,0,15.0,0.0,0.0,0.0,0.0,0.0,0.0,216.691
5760_dose_800_gradient_0_VconcST_0_Vconc_2.4_run_0.csv,5760.0,800.0,0,2.4,0.0,2.4,0,15.25,0.0,0.0,0.0,0.0,0.0,0.0,6992.77
5760_dose_800_gradient_0_VconcST_0_Vconc_2.4_run_0.csv,5760.0,800.0,0,2.4,0.0,2.4,0,15.5,0.0,0.0,0.0,0.0,0.0,0.0,134.017
5760_dose_800_gradient_0_VconcST_0_Vconc_2.4_run_0.csv,5760.0,800.0,0,2.4,0.0,2.4,0,15.75,0.0,0.0,0.0,0.0,0.0,0.0,7592.83
5760_dose_800_gradient_0_VconcST_0_Vconc_2.4_run_0.csv,5760.0,800.0,0,2.4,0.0,2.4,0,16.0,0.0,0.0,0.0,0.0,0.0,0.0,108.297
5760_dose_800_gradient_0_VconcST_0_Vconc_2.4_run_0.csv,5760.0,800.0,0,2.4,0.0,2.4,0,16.25,0.0,0.0,0.0,0.0,0.0,0.0,8332.6
5760_dose_800_gradient_0_VconcST_0_Vconc_2.4_run_0.csv,5760.0,800.0,0,2.4,0.0,2.4,0,16.5,0.0,0.0,0.0,0.0,0.0,0.0,105.061
5760_dose_800_gradient_0_VconcST_0_Vconc_2.4_run_0.csv,5760.0,800.0,0,2.4,0.0,2.4,0,16.75,0.0,0.0,0.0,0.0,0.0,0.0,9115.35
5760_dose_800_gradient_0_VconcST_0_Vconc_2.4_run_0.csv,5760.0,800.0,0,2.4,0.0,2.4,0,17.0,0.0,0.0,0.0,0.0,0.0,0.0,96.9561
5760_dose_800_gradient_0_VconcST_0_Vconc_2.4_run_0.csv,5760.0,800.0,0,2.4,0.0,2.4,0,17.25,0.0,0.0,0.0,0.0,0.0,0.0,9360.48
5760_dose_800_gradient_0_VconcST_0_Vconc_2.4_run_0.csv,5760.0,800.0,0,2.4,0.0,2.4,0,17.5,0.0,0.0,0.0,0.0,0.0,0.0,95.1138
5760_dose_800_gradient_0_VconcST_0_Vconc_2.4_run_0.csv,5760.0,800.0,0,2.4,0.0,2.4,0,17.75,0.0,0.0,0.0,0.0,0.0,0.0,10000.0
5760_dose_800_gradient_0_VconcST_0_Vconc_2.4_run_0.csv,5760.0,800.0,0,2.4,0.0,2.4,0,18.0,0.0,0.0,0.0,0.0,0.0,0.0,88.5208
5760_dose_800_gradient_0_VconcST_0_Vconc_2.4_run_0.csv,5760.0,800.0,0,2.4,0.0,2.4,0,18.25,0.0,0.0,0.0,0.0,0.0,0.0,10000.0
5760_dose_800_gradient_0_VconcST_0_Vconc_2.4_run_0.csv,5760.0,800.0,0,2.4,0.0,2.4,0,18.5,0.0,0.0,0.0,0.0,0.0,0.0,91.4001
5760_dose_800_gradient_0_VconcST_0_Vconc_2.4_run_0.csv,5760.0,800.0,0,2.4,0.0,2.4,0,18.75,0.0,0.0,0.0,0.0,0.0,0.0,10000.0
5760_dose_800_gradient_0_VconcST_0_Vconc_2.4_run_0.csv,5760.0,800.0,0,2.4,0.0,2.4,0,19.0,0.0,0.0,0.0,0.0,0.0,0.0,89.7635
5760_dose_800_gradient_0_VconcST_0_Vconc_2.4_run_0.csv,5760.0,800.0,0,2.4,0.0,2.4,0,19.25,0.0,0.0,0.0,0.0,0.0,0.0,10000.0
5760_dose_800_gradient_0_VconcST_0_Vconc_2.4_run_0.csv,5760.0,800.0,0,2.4,0.0,2.4,0,19.5,0.0,0.0,0.0,0.0,0.000651042,0.0,88.3036
5760_dose_800_gradient_0_VconcST_0_Vconc_2.4_run_0.csv,5760.0,800.0,0,2.4,0.0,2.4,0,19.75,0.0,0.0,0.0,0.0,0.0,0.0,10000.0
5760_dose_800_gradient_0_VconcST_0_Vconc_2.4_run_0.csv,5760.0,800.0,0,2.4,0.0,2.4,0,20.0,0.0,0.0,0.0,0.0,0.0,0.0,88.3644
5760_dose_800_gradient_0_VconcST_0_Vconc_2.4_run_0.csv,5760.0,800.0,0,2.4,0.0,2.4,0,20.25,0.0,0.0,0.0,0.0,0.0,0.0,10000.0
5760_dose_800_gradient_0_VconcST_0_Vconc_2.4_run_0.csv,5760.0,800.0,0,2.4,0.0,2.4,0,20.5,0.0,0.0,0.0,0.0,0.0,0.0,88.1848
5760_dose_800_gradient_0_VconcST_0_Vconc_2.4_run_0.csv,5760.0,800.0,0,2.4,0.0,2.4,0,20.75,0.0,0.0,0.0,0.0,0.0,0.0,7085.12
5760_dose_800_gradient_0_VconcST_0_Vconc_2.4_run_0.csv,5760.0,800.0,0,2.4,0.0,2.4,0,21.0,0.0,0.0,0.0,0.0,0.0,0.0,3696.67
5760_dose_800_gradient_0_VconcST_0_Vconc_2.4_run_0.csv,5760.0,800.0,0,2.4,0.0,2.4,0,21.25,0.0,0.0,0.0,0.0,0.0,0.0,297.247
5760_dose_800_gradient_0_VconcST_0_Vconc_2.4_run_0.csv,5760.0,800.0,0,2.4,0.0,2.4,0,21.5,0.0,0.0,0.0,0.0,0.0,0.0,4394.37
5760_dose_800_gradient_0_VconcST_0_Vconc_2.4_run_0.csv,5760.0,800.0,0,2.4,0.0,2.4,0,21.75,0.0,0.0,0.0,0.0,0.0,0.0,286.494
5760_dose_800_gradient_0_VconcST_0_Vconc_2.4_run_0.csv,5760.0,800.0,0,2.4,0.0,2.4,0,22.0,0.0,0.0,0.0,0.0,0.0,0.0,5047.37
5760_dose_800_gradient_0_VconcST_0_Vconc_2.4_run_0.csv,5760.0,800.0,0,2.4,0.0,2.4,0,22.25,0.0,0.0,0.0,0.0,0.0,0.0,295.668
5760_dose_800_gradient_0_VconcST_0_Vconc_2.4_run_0.csv,5760.0,800.0,0,2.4,0.0,2.4,0,22.5,0.0,0.0,0.0,0.0,0.0,0.0,5426.25
5760_dose_800_gradient_0_VconcST_0_Vconc_2.4_run_0.csv,5760.0,800.0,0,2.4,0.0,2.4,0,22.75,0.0,0.0,0.0,0.0,0.0,0.0,291.882
5760_dose_800_gradient_0_VconcST_0_Vconc_2.4_run_0.csv,5760.0,800.0,0,2.4,0.0,2.4,0,23.0,0.0,0.0,0.0,0.0,0.0,0.0,6078.46
5760_dose_800_gradient_0_VconcST_0_Vconc_2.4_run_0.csv,5760.0,800.0,0,2.4,0.0,2.4,0,23.25,0.0,0.0,0.0,0.0,0.0,0.0,231.053
5760_dose_800_gradient_0_VconcST_0_Vconc_2.4_run_0.csv,5760.0,800.0,0,2.4,0.0,2.4,0,23.5,0.0,0.0,0.0,0.0,0.0,0.0,6798.97
5760_dose_800_gradient_0_VconcST_0_Vconc_2.4_run_0.csv,5760.0,800.0,0,2.4,0.0,2.4,0,23.75,0.0,0.0,0.0,0.0,0.0,0.0,139.491
5760_dose_800_gradient_0_VconcST_0_Vconc_2.4_run_0.csv,5760.0,800.0,0,2.4,0.0,2.4,0,24.0,62.29,800.0,0.02426,62.29,0.0,0.0,7375.63
5760_dose_800_gradient_0_VconcST_0_Vconc_2.4_run_0.csv,5760.0,800.0,0,2.4,0.0,2.4,0,24.25,3754.75,784.145,1.46236,3754.75,0.0,0.999946,0.00831885
5760_dose_800_gradient_0_VconcST_0_Vconc_2.4_run_0.csv,5760.0,800.0,0,2.4,0.0,2.4,0,24.5,7360.03,768.604,2.8665,7360.03,0.0,0.999973,0.135669
5760_dose_800_gradient_0_VconcST_0_Vconc_2.4_run_0.csv,5760.0,800.0,0,2.4,0.0,2.4,0,24.75,10879.9,753.371,4.23739,10879.9,0.0,0.999982,0.0825475
5760_dose_800_gradient_0_VconcST_0_Vconc_2.4_run_0.csv,5760.0,800.0,0,2.4,0.0,2.4,0,25.0,14316.1,738.44,5.57569,14316.1,0.0,0.999986,0.059933
5760_dose_800_gradient_0_VconcST_0_Vconc_2.4_run_0.csv,5760.0,800.0,0,2.4,0.0,2.4,0,25.25,17670.4,723.805,6.88207,17670.4,0.0,0.999989,0.0472686
5760_dose_800_gradient_0_VconcST_0_Vconc_2.4_run_0.csv,5760.0,800.0,0,2.4,0.0,2.4,0,25.5,20944.4,709.46,8.15719,20944.4,0.0,0.99999,0.0391269
5760_dose_800_gradient_0_VconcST_0_Vconc_2.4_run_0.csv,5760.0,800.0,0,2.4,0.0,2.4,0,25.75,24139.7,695.4,9.40168,24139.7,0.0,0.999992,0.0335139
5760_dose_800_gradient_0_VconcST_0_Vconc_2.4_run_0.csv,5760.0,800.0,0,2.4,0.0,2.4,0,26.0,27258.1,681.618,10.6162,27258.1,0.0,0.999993,0.0295343
5760_dose_800_gradient_0_VconcST_0_Vconc_2.4_run_0.csv,5760.0,800.0,0,2.4,0.0,2.4,0,26.25,30301.0,668.109,11.8013,30301.0,0.0,0.999993,0.0262354
5760_dose_800_gradient_0_VconcST_0_Vconc_2.4_run_0.csv,5760.0,800.0,0,2.4,0.0,2.4,0,26.5,33270.0,654.868,12.9576,33270.0,0.0,0.999994,0.0238054
5760_dose_800_gradient_0_VconcST_0_Vconc_2.4_run_0.csv,5760.0,800.0,0,2.4,0.0,2.4,0,26.75,36166.6,641.889,14.0858,36166.6,0.0,0.999994,0.0217366
5760_dose_800_gradient_0_VconcST_0_Vconc_2.4_run_0.csv,5760.0,800.0,0,2.4,0.0,2.4,0,27.0,38992.4,629.168,15.1863,38992.4,0.0,0.999995,0.0201673
5760_dose_800_gradient_0_VconcST_0_Vconc_2.4_run_0.csv,5760.0,800.0,0,2.4,0.0,2.4,0,27.25,41748.7,616.698,16.2598,41748.7,0.0,0.999995,0.0188459
5760_dose_800_gradient_0_VconcST_0_Vconc_2.4_run_0.csv,5760.0,800.0,0,2.4,0.0,2.4,0,27.5,44437.0,604.476,17.3068,44437.0,0.0,0.999996,0.0174358
5760_dose_800_gradient_0_VconcST_0_Vconc_2.4_run_0.csv,5760.0,800.0,0,2.4,0.0,2.4,0,27.75,47058.6,592.496,18.3279,47058.6,0.0,0.999996,0.0165104
5760_dose_800_gradient_0_VconcST_0_Vconc_2.4_run_0.csv,5760.0,800.0,0,2.4,0.0,2.4,0,28.0,49615.1,580.753,19.3235,49615.1,0.0,0.999996,0.0156244
5760_dose_800_gradient_0_VconcST_0_Vconc_2.4_run_0.csv,5760.0,800.0,0,2.4,0.0,2.4,0,28.25,52107.7,569.244,20.2943,52107.7,0.0,0.999996,0.0149272
5760_dose_800_gradient_0_VconcST_0_Vconc_2.4_run_0.csv,5760.0,800.0,0,2.4,0.0,2.4,0,28.5,54537.6,557.962,21.2407,54537.6,0.0,0.999996,0.0142487
5760_dose_800_gradient_0_VconcST_0_Vconc_2.4_run_0.csv,5760.0,800.0,0,2.4,0.0,2.4,0,28.75,56906.3,546.904,22.1632,56906.3,0.0,0.999996,0.0135703
5760_dose_800_gradient_0_VconcST_0_Vconc_2.4_run_0.csv,5760.0,800.0,0,2.4,0.0,2.4,0,29.0,59214.9,536.065,23.0624,59214.9,0.0,0.999997,0.0131584
5760_dose_800_gradient_0_VconcST_0_Vconc_2.4_run_0.csv,5760.0,800.0,0,2.4,0.0,2.4,0,29.25,61464.8,525.441,23.9386,61464.8,0.0,0.999997,0.0124455
5760_dose_800_gradient_0_VconcST_0_Vconc_2.4_run_0.csv,5760.0,800.0,0,2.4,0.0,2.4,0,29.5,63657.1,515.027,24.7925,63657.1,0.0,0.999997,0.0119871
5760_dose_800_gradient_0_VconcST_0_Vconc_2.4_run_0.csv,5760.0,800.0,0,2.4,0.0,2.4,0,29.75,65793.0,504.82,25.6243,65793.0,0.0,0.999997,0.0117869
5760_dose_800_gradient_0_VconcST_0_Vconc_2.4_run_0.csv,5760.0,800.0,0,2.4,0.0,2.4,0,30.0,67873.7,494.815,26.4347,67873.7,0.0,0.999997,0.0115537
5760_dose_800_gradient_0_VconcST_0_Vconc_2.4_run_0.csv,5760.0,800.0,0,2.4,0.0,2.4,0,30.25,69900.4,485.009,27.224,69900.4,0.0,0.999997,0.0111151
5760_dose_800_gradient_0_VconcST_0_Vconc_2.4_run_0.csv,5760.0,800.0,0,2.4,0.0,2.4,0,30.5,71874.0,475.396,27.9927,71874.0,0.0,0.999997,0.0108661
5760_dose_800_gradient_0_VconcST_0_Vconc_2.4_run_0.csv,5760.0,800.0,0,2.4,0.0,2.4,0,30.75,73795.9,465.974,28.7412,73795.9,0.0,0.999997,0.0106408
5760_dose_800_gradient_0_VconcST_0_Vconc_2.4_run_0.csv,5760.0,800.0,0,2.4,0.0,2.4,0,31.0,75667.0,456.739,29.4699,75667.0,0.0,0.999997,0.0104258
5760_dose_800_gradient_0_VconcST_0_Vconc_2.4_run_0.csv,5760.0,800.0,0,2.4,0.0,2.4,0,31.25,77488.3,447.687,30.1793,77488.3,0.0,0.999997,0.00996654
5760_dose_800_gradient_0_VconcST_0_Vconc_2.4_run_0.csv,5760.0,800.0,0,2.4,0.0,2.4,0,31.5,79260.9,438.815,30.8697,79260.9,0.0,0.999997,0.00973424
5760_dose_800_gradient_0_VconcST_0_Vconc_2.4_run_0.csv,5760.0,800.0,0,2.4,0.0,2.4,0,31.75,80985.9,430.118,31.5415,80985.9,0.0,0.999997,0.0097421
5760_dose_800_gradient_0_VconcST_0_Vconc_2.4_run_0.csv,5760.0,800.0,0,2.4,0.0,2.4,0,32.0,82664.2,421.593,32.1951,82664.2,0.0,0.999998,0.00949916
5760_dose_800_gradient_0_VconcST_0_Vconc_2.4_run_0.csv,5760.0,800.0,0,2.4,0.0,2.4,0,32.25,84296.8,413.238,32.831,84296.8,0.0,0.999998,0.00929354
5760_dose_800_gradient_0_VconcST_0_Vconc_2.4_run_0.csv,5760.0,800.0,0,2.4,0.0,2.4,0,32.5,85884.6,405.048,33.4494,85884.6,0.0,0.999998,0.00904686
5760_dose_800_gradient_0_VconcST_0_Vconc_2.4_run_0.csv,5760.0,800.0,0,2.4,0.0,2.4,0,32.75,87428.5,397.021,34.0507,87428.5,0.0,0.999998,0.00884296
5760_dose_800_gradient_0_VconcST_0_Vconc_2.4_run_0.csv,5760.0,800.0,0,2.4,0.0,2.4,0,33.0,88929.6,389.152,34.6353,88929.6,0.0,0.999998,0.00882592
5760_dose_800_gradient_0_VconcST_0_Vconc_2.4_run_0.csv,5760.0,800.0,0,2.4,0.0,2.4,0,33.25,90388.7,381.44,35.2036,90388.7,0.0,0.999998,0.00859448
5760_dose_800_gradient_0_VconcST_0_Vconc_2.4_run_0.csv,5760.0,800.0,0,2.4,0.0,2.4,0,33.5,91806.5,373.88,35.7558,91806.5,0.0,0.999998,0.00840213
5760_dose_800_gradient_0_VconcST_0_Vconc_2.4_run_0.csv,5760.0,800.0,0,2.4,0.0,2.4,0,33.75,93184.2,366.47,36.2923,93184.2,0.0,0.999998,0.00837243
5760_dose_800_gradient_0_VconcST_0_Vconc_2.4_run_0.csv,5760.0,800.0,0,2.4,0.0,2.4,0,34.0,94522.4,359.207,36.8135,94522.4,0.0,0.999998,0.00814701
5760_dose_800_gradient_0_VconcST_0_Vconc_2.4_run_0.csv,5760.0,800.0,0,2.4,0.0,2.4,0,34.25,95822.0,352.088,37.3197,95822.0,0.0,0.999998,0.00816246
5760_dose_800_gradient_0_VconcST_0_Vconc_2.4_run_0.csv,5760.0,800.0,0,2.4,0.0,2.4,0,34.5,97083.9,345.11,37.8112,97083.9,0.0,0.999998,0.00792463
5760_dose_800_gradient_0_VconcST_0_Vconc_2.4_run_0.csv,5760.0,800.0,0,2.4,0.0,2.4,0,34.75,98308.7,338.27,38.2882,98308.7,0.0,0.999998,0.0079288
5760_dose_800_gradient_0_VconcST_0_Vconc_2.4_run_0.csv,5760.0,800.0,0,2.4,0.0,2.4,0,35.0,99497.4,331.566,38.7511,99497.4,0.0,0.999998,0.00768985
5760_dose_800_gradient_0_VconcST_0_Vconc_2.4_run_0.csv,5760.0,800.0,0,2.4,0.0,2.4,0,35.25,100651.0,324.995,39.2003,100651.0,0.0,0.999998,0.00770011
5760_dose_800_gradient_0_VconcST_0_Vconc_2.4_run_0.csv,5760.0,800.0,0,2.4,0.0,2.4,0,35.5,101769.0,318.554,39.6359,101769.0,0.0,0.999998,0.00768985
5760_dose_800_gradient_0_VconcST_0_Vconc_2.4_run_0.csv,5760.0,800.0,0,2.4,0.0,2.4,0,35.75,102854.0,312.241,40.0583,102854.0,0.0,0.999998,0.00746363
5760_dose_800_gradient_0_VconcST_0_Vconc_2.4_run_0.csv,5760.0,800.0,0,2.4,0.0,2.4,0,36.0,103905.0,306.052,40.4677,103905.0,0.0,0.999998,0.00747835
5760_dose_800_gradient_0_VconcST_0_Vconc_2.4_run_0.csv,5760.0,800.0,0,2.4,0.0,2.4,0,36.25,104924.0,299.987,40.8645,104924.0,0.0,0.999998,0.00747783
5760_dose_800_gradient_0_VconcST_0_Vconc_2.4_run_0.csv,5760.0,800.0,0,2.4,0.0,2.4,0,36.5,105910.0,294.041,41.2488,105910.0,0.0,0.999998,0.00724917
5760_dose_800_gradient_0_VconcST_0_Vconc_2.4_run_0.csv,5760.0,800.0,0,2.4,0.0,2.4,0,36.75,106866.0,288.214,41.621,106866.0,0.0,0.999998,0.00724256
5760_dose_800_gradient_0_VconcST_0_Vconc_2.4_run_0.csv,5760.0,800.0,0,2.4,0.0,2.4,0,37.0,107791.0,282.502,41.9813,107791.0,0.0,0.999998,0.00725629
5760_dose_800_gradient_0_VconcST_0_Vconc_2.4_run_0.csv,5760.0,800.0,0,2.4,0.0,2.4,0,37.25,108687.0,276.903,42.33,108687.0,0.0,0.999998,0.00701622
5760_dose_800_gradient_0_VconcST_0_Vconc_2.4_run_0.csv,5760.0,800.0,0,2.4,0.0,2.4,0,37.5,109553.0,271.414,42.6673,109553.0,0.0,0.999998,0.00701129
5760_dose_800_gradient_0_VconcST_0_Vconc_2.4_run_0.csv,5760.0,800.0,0,2.4,0.0,2.4,0,37.75,110390.0,266.035,42.9935,110390.0,0.0,0.999998,0.00701129
5760_dose_800_gradient_0_VconcST_0_Vconc_2.4_run_0.csv,5760.0,800.0,0,2.4,0.0,2.4,0,38.0,111199.0,260.763,43.3087,111199.0,0.0,0.999998,0.00702558
5760_dose_800_gradient_0_VconcST_0_Vconc_2.4_run_0.csv,5760.0,800.0,0,2.4,0.0,2.4,0,38.25,111981.0,255.595,43.6133,111981.0,0.0,0.999998,0.00701844
5760_dose_800_gradient_0_VconcST_0_Vconc_2.4_run_0.csv,5760.0,800.0,0,2.4,0.0,2.4,0,38.5,112737.0,250.529,43.9074,112737.0,0.0,0.999998,0.00679588
5760_dose_800_gradient_0_VconcST_0_Vconc_2.4_run_0.csv,5760.0,800.0,0,2.4,0.0,2.4,0,38.75,113465.0,245.564,44.1913,113465.0,0.0,0.999998,0.00679803
5760_dose_800_gradient_0_VconcST_0_Vconc_2.4_run_0.csv,5760.0,800.0,0,2.4,0.0,2.4,0,39.0,114169.0,240.697,44.4652,114169.0,0.0,0.999998,0.00678515
5760_dose_800_gradient_0_VconcST_0_Vconc_2.4_run_0.csv,5760.0,800.0,0,2.4,0.0,2.4,0,39.25,114847.0,235.927,44.7293,114847.0,0.0,0.999998,0.00678515
5760_dose_800_gradient_0_VconcST_0_Vconc_2.4_run_0.csv,5760.0,800.0,0,2.4,0.0,2.4,0,39.5,115500.0,231.251,44.9838,115500.0,0.0,0.999998,0.00678515
5760_dose_800_gradient_0_VconcST_0_Vconc_2.4_run_0.csv,5760.0,800.0,0,2.4,0.0,2.4,0,39.75,116130.0,226.668,45.229,116130.0,0.0,0.999998,0.00655898
5760_dose_800_gradient_0_VconcST_0_Vconc_2.4_run_0.csv,5760.0,800.0,0,2.4,0.0,2.4,0,40.0,116736.0,222.176,45.465,116736.0,0.0,0.999998,0.00656682
5760_dose_800_gradient_0_VconcST_0_Vconc_2.4_run_0.csv,5760.0,800.0,0,2.4,0.0,2.4,0,40.25,117319.0,217.772,45.692,117319.0,0.0,0.999998,0.00656889
5760_dose_800_gradient_0_VconcST_0_Vconc_2.4_run_0.csv,5760.0,800.0,0,2.4,0.0,2.4,0,40.5,117879.0,213.456,45.9102,117879.0,0.0,0.999998,0.00656497
5760_dose_800_gradient_0_VconcST_0_Vconc_2.4_run_0.csv,5760.0,800.0,0,2.4,0.0,2.4,0,40.75,118417.0,209.226,46.1199,118417.0,0.0,0.999998,0.00655898
5760_dose_800_gradient_0_VconcST_0_Vconc_2.4_run_0.csv,5760.0,800.0,0,2.4,0.0,2.4,0,41.0,118934.0,205.079,46.3211,118934.0,0.0,0.999998,0.00655898
5760_dose_800_gradient_0_VconcST_0_Vconc_2.4_run_0.csv,5760.0,800.0,0,2.4,0.0,2.4,0,41.25,119430.0,201.015,46.5142,119430.0,0.0,0.999998,0.00656774
5760_dose_800_gradient_0_VconcST_0_Vconc_2.4_run_0.csv,5760.0,800.0,0,2.4,0.0,2.4,0,41.5,119905.0,197.031,46.6992,119905.0,0.0,0.999998,0.00633859
5760_dose_800_gradient_0_VconcST_0_Vconc_7.2_run_2.csv,5760.0,800.0,0,7.2,0.0,7.2,2,0.0,0.0,0.0,0.0,0.0,0.0,0.0,0.0
5760_dose_800_gradient_0_VconcST_0_Vconc_7.2_run_2.csv,5760.0,800.0,0,7.2,0.0,7.2,2,0.25,0.0,0.0,0.0,0.0,0.0,0.0,10000.0
5760_dose_800_gradient_0_VconcST_0_Vconc_7.2_run_2.csv,5760.0,800.0,0,7.2,0.0,7.2,2,0.5,0.0,0.0,0.0,0.0,0.0,0.0,387.165
5760_dose_800_gradient_0_VconcST_0_Vconc_7.2_run_2.csv,5760.0,800.0,0,7.2,0.0,7.2,2,0.75,0.0,0.0,0.0,0.0,0.0,0.0,10000.0
5760_dose_800_gradient_0_VconcST_0_Vconc_7.2_run_2.csv,5760.0,800.0,0,7.2,0.0,7.2,2,1.0,0.0,0.0,0.0,0.0,0.0,0.0,351.857
5760_dose_800_gradient_0_VconcST_0_Vconc_7.2_run_2.csv,5760.0,800.0,0,7.2,0.0,7.2,2,1.25,0.0,0.0,0.0,0.0,0.0,0.0,10000.0
5760_dose_800_gradient_0_VconcST_0_Vconc_7.2_run_2.csv,5760.0,800.0,0,7.2,0.0,7.2,2,1.5,0.0,0.0,0.0,0.0,0.0,0.0,340.342
5760_dose_800_gradient_0_VconcST_0_Vconc_7.2_run_2.csv,5760.0,800.0,0,7.2,0.0,7.2,2,1.75,0.0,0.0,0.0,0.0,0.0,0.0,10000.0
5760_dose_800_gradient_0_VconcST_0_Vconc_7.2_run_2.csv,5760.0,800.0,0,7.2,0.0,7.2,2,2.0,0.0,0.0,0.0,0.0,0.0,0.0,313.168
5760_dose_800_gradient_0_VconcST_0_Vconc_7.2_run_2.csv,5760.0,800.0,0,7.2,0.0,7.2,2,2.25,0.0,0.0,0.0,0.0,0.0,0.0,10000.0
5760_dose_800_gradient_0_VconcST_0_Vconc_7.2_run_2.csv,5760.0,800.0,0,7.2,0.0,7.2,2,2.5,0.0,0.0,0.0,0.0,0.0,0.0,300.828
5760_dose_800_gradient_0_VconcST_0_Vconc_7.2_run_2.csv,5760.0,800.0,0,7.2,0.0,7.2,2,2.75,0.0,0.0,0.0,0.0,0.0,0.0,10000.0
5760_dose_800_gradient_0_VconcST_0_Vconc_7.2_run_2.csv,5760.0,800.0,0,7.2,0.0,7.2,2,3.0,0.0,0.0,0.0,0.0,0.0,0.0,295.066
5760_dose_800_gradient_0_VconcST_0_Vconc_7.2_run_2.csv,5760.0,800.0,0,7.2,0.0,7.2,2,3.25,0.0,0.0,0.0,0.0,0.0,0.0,10000.0
5760_dose_800_gradient_0_VconcST_0_Vconc_7.2_run_2.csv,5760.0,800.0,0,7.2,0.0,7.2,2,3.5,0.0,0.0,0.0,0.0,0.0,0.0,302.931
5760_dose_800_gradient_0_VconcST_0_Vconc_7.2_run_2.csv,5760.0,800.0,0,7.2,0.0,7.2,2,3.75,0.0,0.0,0.0,0.0,0.0,0.0,10000.0
5760_dose_800_gradient_0_VconcST_0_Vconc_7.2_run_2.csv,5760.0,800.0,0,7.2,0.0,7.2,2,4.0,0.0,0.0,0.0,0.0,0.0,0.0,285.263
5760_dose_800_gradient_0_VconcST_0_Vconc_7.2_run_2.csv,5760.0,800.0,0,7.2,0.0,7.2,2,4.25,0.0,0.0,0.0,0.0,0.0,0.0,5886.0
5760_dose_800_gradient_0_VconcST_0_Vconc_7.2_run_2.csv,5760.0,800.0,0,7.2,0.0,7.2,2,4.5,0.0,0.0,0.0,0.0,0.0,0.0,8707.97
5760_dose_800_gradient_0_VconcST_0_Vconc_7.2_run_2.csv,5760.0,800.0,0,7.2,0.0,7.2,2,4.75,0.0,0.0,0.0,0.0,0.0,0.0,847.583
5760_dose_800_gradient_0_VconcST_0_Vconc_7.2_run_2.csv,5760.0,800.0,0,7.2,0.0,7.2,2,5.0,0.0,0.0,0.0,0.0,0.0,0.0,10000.0
5760_dose_800_gradient_0_VconcST_0_Vconc_7.2_run_2.csv,5760.0,800.0,0,7.2,0.0,7.2,2,5.25,0.0,0.0,0.0,0.0,0.0,0.0,858.639
5760_dose_800_gradient_0_VconcST_0_Vconc_7.2_run_2.csv,5760.0,800.0,0,7.2,0.0,7.2,2,5.5,0.0,0.0,0.0,0.0,0.0,0.0,10000.0
5760_dose_800_gradient_0_VconcST_0_Vconc_7.2_run_2.csv,5760.0,800.0,0,7.2,0.0,7.2,2,5.75,0.0,0.0,0.0,0.0,0.0,0.0,834.713
5760_dose_800_gradient_0_VconcST_0_Vconc_7.2_run_2.csv,5760.0,800.0,0,7.2,0.0,7.2,2,6.0,0.0,0.0,0.0,0.0,0.0,0.0,10000.0
5760_dose_800_gradient_0_VconcST_0_Vconc_7.2_run_2.csv,5760.0,800.0,0,7.2,0.0,7.2,2,6.25,0.0,0.0,0.0,0.0,0.0,0.0,805.881
5760_dose_800_gradient_0_VconcST_0_Vconc_7.2_run_2.csv,5760.0,800.0,0,7.2,0.0,7.2,2,6.5,0.0,0.0,0.0,0.0,0.0,0.0,10000.0
5760_dose_800_gradient_0_VconcST_0_Vconc_7.2_run_2.csv,5760.0,800.0,0,7.2,0.0,7.2,2,6.75,0.0,0.0,0.0,0.0,0.0,0.0,578.322
5760_dose_800_gradient_0_VconcST_0_Vconc_7.2_run_2.csv,5760.0,800.0,0,7.2,0.0,7.2,2,7.0,0.0,0.0,0.0,0.0,0.0,0.0,10000.0
5760_dose_800_gradient_0_VconcST_0_Vconc_7.2_run_2.csv,5760.0,800.0,0,7.2,0.0,7.2,2,7.25,0.0,0.0,0.0,0.0,0.0,0.0,446.354
5760_dose_800_gradient_0_VconcST_0_Vconc_7.2_run_2.csv,5760.0,800.0,0,7.2,0.0,7.2,2,7.5,0.0,0.0,0.0,0.0,0.0,0.0,10000.0
5760_dose_800_gradient_0_VconcST_0_Vconc_7.2_run_2.csv,5760.0,800.0,0,7.2,0.0,7.2,2,7.75,0.0,0.0,0.0,0.0,0.0,0.0,402.989
5760_dose_800_gradient_0_VconcST_0_Vconc_7.2_run_2.csv,5760.0,800.0,0,7.2,0.0,7.2,2,8.0,0.0,0.0,0.0,0.0,0.00390625,0.0,10000.0
5760_dose_800_gradient_0_VconcST_0_Vconc_7.2_run_2.csv,5760.0,800.0,0,7.2,0.0,7.2,2,8.25,0.0,0.0,0.0,0.0,0.0,0.0,384.253
5760_dose_800_gradient_0_VconcST_0_Vconc_7.2_run_2.csv,5760.0,800.0,0,7.2,0.0,7.2,2,8.5,0.0,0.0,0.0,0.0,0.0,0.0,10000.0
5760_dose_800_gradient_0_VconcST_0_Vconc_7.2_run_2.csv,5760.0,800.0,0,7.2,0.0,7.2,2,8.75,0.0,0.0,0.0,0.0,0.0,0.0,361.772
5760_dose_800_gradient_0_VconcST_0_Vconc_7.2_run_2.csv,5760.0,800.0,0,7.2,0.0,7.2,2,9.0,0.0,0.0,0.0,0.0,0.0,0.0,10000.0
5760_dose_800_gradient_0_VconcST_0_Vconc_7.2_run_2.csv,5760.0,800.0,0,7.2,0.0,7.2,2,9.25,0.0,0.0,0.0,0.0,0.0,0.0,339.169
5760_dose_800_gradient_0_VconcST_0_Vconc_7.2_run_2.csv,5760.0,800.0,0,7.2,0.0,7.2,2,9.5,0.0,0.0,0.0,0.0,0.0,0.0,10000.0
5760_dose_800_gradient_0_VconcST_0_Vconc_7.2_run_2.csv,5760.0,800.0,0,7.2,0.0,7.2,2,9.75,0.0,0.0,0.0,0.0,0.00138238,0.0,316.14
5760_dose_800_gradient_0_VconcST_0_Vconc_7.2_run_2.csv,5760.0,800.0,0,7.2,0.0,7.2,2,10.0,0.0,0.0,0.0,0.0,0.0,0.0,10000.0
5760_dose_800_gradient_0_VconcST_0_Vconc_7.2_run_2.csv,5760.0,800.0,0,7.2,0.0,7.2,2,10.25,0.0,0.0,0.0,0.0,0.0,0.0,303.226
5760_dose_800_gradient_0_VconcST_0_Vconc_7.2_run_2.csv,5760.0,800.0,0,7.2,0.0,7.2,2,10.5,0.0,0.0,0.0,0.0,0.0,0.0,10000.0
5760_dose_800_gradient_0_VconcST_0_Vconc_7.2_run_2.csv,5760.0,800.0,0,7.2,0.0,7.2,2,10.75,0.0,0.0,0.0,0.0,0.0,0.0,308.145
5760_dose_800_gradient_0_VconcST_0_Vconc_7.2_run_2.csv,5760.0,800.0,0,7.2,0.0,7.2,2,11.0,0.0,0.0,0.0,0.0,0.0,0.0,10000.0
5760_dose_800_gradient_0_VconcST_0_Vconc_7.2_run_2.csv,5760.0,800.0,0,7.2,0.0,7.2,2,11.25,0.0,0.0,0.0,0.0,0.0,0.0,308.258
5760_dose_800_gradient_0_VconcST_0_Vconc_7.2_run_2.csv,5760.0,800.0,0,7.2,0.0,7.2,2,11.5,0.0,0.0,0.0,0.0,0.0,0.0,10000.0
5760_dose_800_gradient_0_VconcST_0_Vconc_7.2_run_2.csv,5760.0,800.0,0,7.2,0.0,7.2,2,11.75,0.0,0.0,0.0,0.0,0.0,0.0,1309.94
5760_dose_800_gradient_0_VconcST_0_Vconc_7.2_run_2.csv,5760.0,800.0,0,7.2,0.0,7.2,2,12.0,0.0,0.0,0.0,0.0,0.0,0.0,5428.27
5760_dose_800_gradient_0_VconcST_0_Vconc_7.2_run_2.csv,5760.0,800.0,0,7.2,0.0,7.2,2,12.25,0.0,0.0,0.0,0.0,0.0,0.0,5149.63
5760_dose_800_gradient_0_VconcST_0_Vconc_7.2_run_2.csv,5760.0,800.0,0,7.2,0.0,7.2,2,12.5,0.0,0.0,0.0,0.0,0.0,0.0,852.203
5760_dose_800_gradient_0_VconcST_0_Vconc_7.2_run_2.csv,5760.0,800.0,0,7.2,0.0,7.2,2,12.75,0.0,0.0,0.0,0.0,0.0,0.0,10000.0
5760_dose_800_gradient_0_VconcST_0_Vconc_7.2_run_2.csv,5760.0,800.0,0,7.2,0.0,7.2,2,13.0,0.0,0.0,0.0,0.0,0.0,0.0,856.415
5760_dose_800_gradient_0_VconcST_0_Vconc_7.2_run_2.csv,5760.0,800.0,0,7.2,0.0,7.2,2,13.25,0.0,0.0,0.0,0.0,0.0,0.0,10000.0
5760_dose_800_gradient_0_VconcST_0_Vconc_7.2_run_2.csv,5760.0,800.0,0,7.2,0.0,7.2,2,13.5,0.0,0.0,0.0,0.0,0.0,0.0,849.906
5760_dose_800_gradient_0_VconcST_0_Vconc_7.2_run_2.csv,5760.0,800.0,0,7.2,0.0,7.2,2,13.75,0.0,0.0,0.0,0.0,0.0,0.0,10000.0
5760_dose_800_gradient_0_VconcST_0_Vconc_7.2_run_2.csv,5760.0,800.0,0,7.2,0.0,7.2,2,14.0,0.0,0.0,0.0,0.0,0.0,0.0,763.3
5760_dose_800_gradient_0_VconcST_0_Vconc_7.2_run_2.csv,5760.0,800.0,0,7.2,0.0,7.2,2,14.25,0.0,0.0,0.0,0.0,0.0,0.0,10000.0
5760_dose_800_gradient_0_VconcST_0_Vconc_7.2_run_2.csv,5760.0,800.0,0,7.2,0.0,7.2,2,14.5,0.0,0.0,0.0,0.0,0.0,0.0,686.005
5760_dose_800_gradient_0_VconcST_0_Vconc_7.2_run_2.csv,5760.0,800.0,0,7.2,0.0,7.2,2,14.75,0.0,0.0,0.0,0.0,0.0,0.0,10000.0
5760_dose_800_gradient_0_VconcST_0_Vconc_7.2_run_2.csv,5760.0,800.0,0,7.2,0.0,7.2,2,15.0,0.0,0.0,0.0,0.0,0.0,0.0,555.596
5760_dose_800_gradient_0_VconcST_0_Vconc_7.2_run_2.csv,5760.0,800.0,0,7.2,0.0,7.2,2,15.25,0.0,0.0,0.0,0.0,0.0,0.0,10000.0
5760_dose_800_gradient_0_VconcST_0_Vconc_7.2_run_2.csv,5760.0,800.0,0,7.2,0.0,7.2,2,15.5,0.0,0.0,0.0,0.0,0.0,0.0,462.552
5760_dose_800_gradient_0_VconcST_0_Vconc_7.2_run_2.csv,5760.0,800.0,0,7.2,0.0,7.2,2,15.75,0.0,0.0,0.0,0.0,0.00807292,0.0,10000.0
5760_dose_800_gradient_0_VconcST_0_Vconc_7.2_run_2.csv,5760.0,800.0,0,7.2,0.0,7.2,2,16.0,0.0,0.0,0.0,0.0,0.0,0.0,434.613
5760_dose_800_gradient_0_VconcST_0_Vconc_7.2_run_2.csv,5760.0,800.0,0,7.2,0.0,7.2,2,16.25,0.0,0.0,0.0,0.0,0.0053125,0.0,10000.0
5760_dose_800_gradient_0_VconcST_0_Vconc_7.2_run_2.csv,5760.0,800.0,0,7.2,0.0,7.2,2,16.5,0.0,0.0,0.0,0.0,0.0,0.0,382.211
5760_dose_800_gradient_0_VconcST_0_Vconc_7.2_run_2.csv,5760.0,800.0,0,7.2,0.0,7.2,2,16.75,0.0,0.0,0.0,0.0,0.0,0.0,10000.0
5760_dose_800_gradient_0_VconcST_0_Vconc_7.2_run_2.csv,5760.0,800.0,0,7.2,0.0,7.2,2,17.0,0.0,0.0,0.0,0.0,0.00206163,0.0,347.781
5760_dose_800_gradient_0_VconcST_0_Vconc_7.2_run_2.csv,5760.0,800.0,0,7.2,0.0,7.2,2,17.25,0.0,0.0,0.0,0.0,0.0,0.0,10000.0
5760_dose_800_gradient_0_VconcST_0_Vconc_7.2_run_2.csv,5760.0,800.0,0,7.2,0.0,7.2,2,17.5,0.0,0.0,0.0,0.0,0.0028559,0.0,351.231
5760_dose_800_gradient_0_VconcST_0_Vconc_7.2_run_2.csv,5760.0,800.0,0,7.2,0.0,7.2,2,17.75,0.0,0.0,0.0,0.0,0.0,0.0,10000.0
5760_dose_800_gradient_0_VconcST_0_Vconc_7.2_run_2.csv,5760.0,800.0,0,7.2,0.0,7.2,2,18.0,0.0,0.0,0.0,0.0,0.0,0.0,316.018
5760_dose_800_gradient_0_VconcST_0_Vconc_7.2_run_2.csv,5760.0,800.0,0,7.2,0.0,7.2,2,18.25,0.0,0.0,0.0,0.0,0.0,0.0,10000.0
5760_dose_800_gradient_0_VconcST_0_Vconc_7.2_run_2.csv,5760.0,800.0,0,7.2,0.0,7.2,2,18.5,0.0,0.0,0.0,0.0,0.0,0.0,298.768
5760_dose_800_gradient_0_VconcST_0_Vconc_7.2_run_2.csv,5760.0,800.0,0,7.2,0.0,7.2,2,18.75,0.0,0.0,0.0,0.0,0.0,0.0,10000.0
5760_dose_800_gradient_0_VconcST_0_Vconc_7.2_run_2.csv,5760.0,800.0,0,7.2,0.0,7.2,2,19.0,0.0,0.0,0.0,0.0,0.0,0.0,311.855
5760_dose_800_gradient_0_VconcST_0_Vconc_7.2_run_2.csv,5760.0,800.0,0,7.2,0.0,7.2,2,19.25,0.0,0.0,0.0,0.0,0.0,0.0,10000.0
5760_dose_800_gradient_0_VconcST_0_Vconc_7.2_run_2.csv,5760.0,800.0,0,7.2,0.0,7.2,2,19.5,0.0,0.0,0.0,0.0,0.0,0.0,292.737
5760_dose_800_gradient_0_VconcST_0_Vconc_7.2_run_2.csv,5760.0,800.0,0,7.2,0.0,7.2,2,19.75,0.0,0.0,0.0,0.0,0.0,0.0,5819.9
5760_dose_800_gradient_0_VconcST_0_Vconc_7.2_run_2.csv,5760.0,800.0,0,7.2,0.0,7.2,2,20.0,0.0,0.0,0.0,0.0,0.0,0.0,4909.91
5760_dose_800_gradient_0_VconcST_0_Vconc_7.2_run_2.csv,5760.0,800.0,0,7.2,0.0,7.2,2,20.25,0.0,0.0,0.0,0.0,0.0,0.0,5427.54
5760_dose_800_gradient_0_VconcST_0_Vconc_7.2_run_2.csv,5760.0,800.0,0,7.2,0.0,7.2,2,20.5,0.0,0.0,0.0,0.0,0.0,0.0,5140.46
5760_dose_800_gradient_0_VconcST_0_Vconc_7.2_run_2.csv,5760.0,800.0,0,7.2,0.0,7.2,2,20.75,0.0,0.0,0.0,0.0,0.0,0.0,1123.35
5760_dose_800_gradient_0_VconcST_0_Vconc_7.2_run_2.csv,5760.0,800.0,0,7.2,0.0,7.2,2,21.0,0.0,0.0,0.0,0.0,0.0,0.0,9555.23
5760_dose_800_gradient_0_VconcST_0_Vconc_7.2_run_2.csv,5760.0,800.0,0,7.2,0.0,7.2,2,21.25,0.0,0.0,0.0,0.0,0.0,0.0,857.706
5760_dose_800_gradient_0_VconcST_0_Vconc_7.2_run_2.csv,5760.0,800.0,0,7.2,0.0,7.2,2,21.5,0.0,0.0,0.0,0.0,0.0,0.0,10000.0
5760_dose_800_gradient_0_VconcST_0_Vconc_7.2_run_2.csv,5760.0,800.0,0,7.2,0.0,7.2,2,21.75,0.0,0.0,0.0,0.0,0.0,0.0,794.33
5760_dose_800_gradient_0_VconcST_0_Vconc_7.2_run_2.csv,5760.0,800.0,0,7.2,0.0,7.2,2,22.0,0.0,0.0,0.0,0.0,0.0,0.0,10000.0
5760_dose_800_gradient_0_VconcST_0_Vconc_7.2_run_2.csv,5760.0,800.0,0,7.2,0.0,7.2,2,22.25,0.0,0.0,0.0,0.0,0.0,0.0,683.487
5760_dose_800_gradient_0_VconcST_0_Vconc_7.2_run_2.csv,5760.0,800.0,0,7.2,0.0,7.2,2,22.5,0.0,0.0,0.0,0.0,0.0,0.0,10000.0
5760_dose_800_gradient_0_VconcST_0_Vconc_7.2_run_2.csv,5760.0,800.0,0,7.2,0.0,7.2,2,22.75,0.0,0.0,0.0,0.0,0.0,0.0,620.519
5760_dose_800_gradient_0_VconcST_0_Vconc_7.2_run_2.csv,5760.0,800.0,0,7.2,0.0,7.2,2,23.0,0.0,0.0,0.0,0.0,0.0,0.0,10000.0
5760_dose_800_gradient_0_VconcST_0_Vconc_7.2_run_2.csv,5760.0,800.0,0,7.2,0.0,7.2,2,23.25,0.0,0.0,0.0,0.0,0.0,0.0,481.574
5760_dose_800_gradient_0_VconcST_0_Vconc_7.2_run_2.csv,5760.0,800.0,0,7.2,0.0,7.2,2,23.5,0.0,0.0,0.0,0.0,0.0,0.0,10000.0
5760_dose_800_gradient_0_VconcST_0_Vconc_7.2_run_2.csv,5760.0,800.0,0,7.2,0.0,7.2,2,23.75,0.0,0.0,0.0,0.0,0.0,0.0,459.927
5760_dose_800_gradient_0_VconcST_0_Vconc_7.2_run_2.csv,5760.0,800.0,0,7.2,0.0,7.2,2,24.0,62.29,800.0,0.02426,62.29,0.0102083,0.0,10000.0
5760_dose_800_gradient_0_VconcST_0_Vconc_7.2_run_2.csv,5760.0,800.0,0,7.2,0.0,7.2,2,24.25,3754.75,784.145,1.46236,3754.75,0.0,0.999946,0.0250171
5760_dose_800_gradient_0_VconcST_0_Vconc_7.2_run_2.csv,5760.0,800.0,0,7.2,0.0,7.2,2,24.5,7360.03,768.604,2.8665,7360.03,0.0,0.999973,0.405069
5760_dose_800_gradient_0_VconcST_0_Vconc_7.2_run_2.csv,5760.0,800.0,0,7.2,0.0,7.2,2,24.75,10879.9,753.371,4.23739,10879.9,0.0,0.999982,0.247612
5760_dose_800_gradient_0_VconcST_0_Vconc_7.2_run_2.csv,5760.0,800.0,0,7.2,0.0,7.2,2,25.0,14316.1,738.44,5.57569,14316.1,0.0,0.999986,0.180026
5760_dose_800_gradient_0_VconcST_0_Vconc_7.2_run_2.csv,5760.0,800.0,0,7.2,0.0,7.2,2,25.25,17670.4,723.805,6.88207,17670.4,0.0,0.999989,0.141968
5760_dose_800_gradient_0_VconcST_0_Vconc_7.2_run_2.csv,5760.0,800.0,0,7.2,0.0,7.2,2,25.5,20944.4,709.46,8.15719,20944.4,0.0,0.99999,0.117483
5760_dose_800_gradient_0_VconcST_0_Vconc_7.2_run_2.csv,5760.0,800.0,0,7.2,0.0,7.2,2,25.75,24139.7,695.4,9.40168,24139.7,0.0,0.999992,0.100578
5760_dose_800_gradient_0_VconcST_0_Vconc_7.2_run_2.csv,5760.0,800.0,0,7.2,0.0,7.2,2,26.0,27258.1,681.618,10.6162,27258.1,0.0,0.999993,0.0882029
5760_dose_800_gradient_0_VconcST_0_Vconc_7.2_run_2.csv,5760.0,800.0,0,7.2,0.0,7.2,2,26.25,30301.0,668.109,11.8013,30301.0,0.0,0.999993,0.0789895
5760_dose_800_gradient_0_VconcST_0_Vconc_7.2_run_2.csv,5760.0,800.0,0,7.2,0.0,7.2,2,26.5,33270.0,654.868,12.9576,33270.0,0.0,0.999994,0.0714268
5760_dose_800_gradient_0_VconcST_0_Vconc_7.2_run_2.csv,5760.0,800.0,0,7.2,0.0,7.2,2,26.75,36166.6,641.889,14.0858,36166.6,0.0,0.999994,0.0652864
5760_dose_800_gradient_0_VconcST_0_Vconc_7.2_run_2.csv,5760.0,800.0,0,7.2,0.0,7.2,2,27.0,38992.4,629.168,15.1863,38992.4,0.0,0.999995,0.0604158
5760_dose_800_gradient_0_VconcST_0_Vconc_7.2_run_2.csv,5760.0,800.0,0,7.2,0.0,7.2,2,27.25,41748.7,616.698,16.2598,41748.7,0.0,0.999995,0.0564597
5760_dose_800_gradient_0_VconcST_0_Vconc_7.2_run_2.csv,5760.0,800.0,0,7.2,0.0,7.2,2,27.5,44437.0,604.476,17.3068,44437.0,0.0,0.999996,0.05227
5760_dose_800_gradient_0_VconcST_0_Vconc_7.2_run_2.csv,5760.0,800.0,0,7.2,0.0,7.2,2,27.75,47058.6,592.496,18.3279,47058.6,0.0,0.999996,0.0495967
5760_dose_800_gradient_0_VconcST_0_Vconc_7.2_run_2.csv,5760.0,800.0,0,7.2,0.0,7.2,2,28.0,49615.1,580.753,19.3235,49615.1,0.0,0.999996,0.0469248
5760_dose_800_gradient_0_VconcST_0_Vconc_7.2_run_2.csv,5760.0,800.0,0,7.2,0.0,7.2,2,28.25,52107.7,569.244,20.2943,52107.7,0.0,0.999996,0.0448077
5760_dose_800_gradient_0_VconcST_0_Vconc_7.2_run_2.csv,5760.0,800.0,0,7.2,0.0,7.2,2,28.5,54537.6,557.962,21.2407,54537.6,0.0,0.999996,0.0428717
5760_dose_800_gradient_0_VconcST_0_Vconc_7.2_run_2.csv,5760.0,800.0,0,7.2,0.0,7.2,2,28.75,56906.3,546.904,22.1632,56906.3,0.0,0.999996,0.040776
5760_dose_800_gradient_0_VconcST_0_Vconc_7.2_run_2.csv,5760.0,800.0,0,7.2,0.0,7.2,2,29.0,59214.9,536.065,23.0624,59214.9,0.0,0.999997,0.0393533
5760_dose_800_gradient_0_VconcST_0_Vconc_7.2_run_2.csv,5760.0,800.0,0,7.2,0.0,7.2,2,29.25,61464.8,525.441,23.9386,61464.8,0.0,0.999997,0.037386
5760_dose_800_gradient_0_VconcST_0_Vconc_7.2_run_2.csv,5760.0,800.0,0,7.2,0.0,7.2,2,29.5,63657.1,515.027,24.7925,63657.1,0.0,0.999997,0.0359784
5760_dose_800_gradient_0_VconcST_0_Vconc_7.2_run_2.csv,5760.0,800.0,0,7.2,0.0,7.2,2,29.75,65793.0,504.82,25.6243,65793.0,0.0,0.999997,0.0353367
5760_dose_800_gradient_0_VconcST_0_Vconc_7.2_run_2.csv,5760.0,800.0,0,7.2,0.0,7.2,2,30.0,67873.7,494.815,26.4347,67873.7,0.0,0.999997,0.0346036
5760_dose_800_gradient_0_VconcST_0_Vconc_7.2_run_2.csv,5760.0,800.0,0,7.2,0.0,7.2,2,30.25,69900.4,485.009,27.224,69900.4,0.0,0.999997,0.0332701
5760_dose_800_gradient_0_VconcST_0_Vconc_7.2_run_2.csv,5760.0,800.0,0,7.2,0.0,7.2,2,30.5,71874.0,475.396,27.9927,71874.0,0.0,0.999997,0.0325682
5760_dose_800_gradient_0_VconcST_0_Vconc_7.2_run_2.csv,5760.0,800.0,0,7.2,0.0,7.2,2,30.75,73795.9,465.974,28.7412,73795.9,0.0,0.999997,0.0319053
5760_dose_800_gradient_0_VconcST_0_Vconc_7.2_run_2.csv,5760.0,800.0,0,7.2,0.0,7.2,2,31.0,75667.0,456.739,29.4699,75667.0,0.0,0.999997,0.0312111
5760_dose_800_gradient_0_VconcST_0_Vconc_7.2_run_2.csv,5760.0,800.0,0,7.2,0.0,7.2,2,31.25,77488.3,447.687,30.1793,77488.3,0.0,0.999997,0.0298542
5760_dose_800_gradient_0_VconcST_0_Vconc_7.2_run_2.csv,5760.0,800.0,0,7.2,0.0,7.2,2,31.5,79260.9,438.815,30.8697,79260.9,0.0,0.999997,0.0292342
5760_dose_800_gradient_0_VconcST_0_Vconc_7.2_run_2.csv,5760.0,800.0,0,7.2,0.0,7.2,2,31.75,80985.9,430.118,31.5415,80985.9,0.0,0.999997,0.0292198
5760_dose_800_gradient_0_VconcST_0_Vconc_7.2_run_2.csv,5760.0,800.0,0,7.2,0.0,7.2,2,32.0,82664.2,421.593,32.1951,82664.2,0.0,0.999998,0.0286403
5760_dose_800_gradient_0_VconcST_0_Vconc_7.2_run_2.csv,5760.0,800.0,0,7.2,0.0,7.2,2,32.25,84296.8,413.238,32.831,84296.8,0.0,0.999998,0.0278355
5760_dose_800_gradient_0_VconcST_0_Vconc_7.2_run_2.csv,5760.0,800.0,0,7.2,0.0,7.2,2,32.5,85884.6,405.048,33.4494,85884.6,0.0,0.999998,0.0271948
5760_dose_800_gradient_0_VconcST_0_Vconc_7.2_run_2.csv,5760.0,800.0,0,7.2,0.0,7.2,2,32.75,87428.5,397.021,34.0507,87428.5,0.0,0.999998,0.0265259
5760_dose_800_gradient_0_VconcST_0_Vconc_7.2_run_2.csv,5760.0,800.0,0,7.2,0.0,7.2,2,33.0,88929.6,389.152,34.6353,88929.6,0.0,0.999998,0.0264804
5760_dose_800_gradient_0_VconcST_0_Vconc_7.2_run_2.csv,5760.0,800.0,0,7.2,0.0,7.2,2,33.25,90388.7,381.44,35.2036,90388.7,0.0,0.999998,0.025833
5760_dose_800_gradient_0_VconcST_0_Vconc_7.2_run_2.csv,5760.0,800.0,0,7.2,0.0,7.2,2,33.5,91806.5,373.88,35.7558,91806.5,0.0,0.999998,0.0251198
5760_dose_800_gradient_0_VconcST_0_Vconc_7.2_run_2.csv,5760.0,800.0,0,7.2,0.0,7.2,2,33.75,93184.2,366.47,36.2923,93184.2,0.0,0.999998,0.0251304
5760_dose_800_gradient_0_VconcST_0_Vconc_7.2_run_2.csv,5760.0,800.0,0,7.2,0.0,7.2,2,34.0,94522.4,359.207,36.8135,94522.4,0.0,0.999998,0.0244512
5760_dose_800_gradient_0_VconcST_0_Vconc_7.2_run_2.csv,5760.0,800.0,0,7.2,0.0,7.2,2,34.25,95822.0,352.088,37.3197,95822.0,0.0,0.999998,0.0244563
5760_dose_800_gradient_0_VconcST_0_Vconc_7.2_run_2.csv,5760.0,800.0,0,7.2,0.0,7.2,2,34.5,97083.9,345.11,37.8112,97083.9,0.0,0.999998,0.0237479
5760_dose_800_gradient_0_VconcST_0_Vconc_7.2_run_2.csv,5760.0,800.0,0,7.2,0.0,7.2,2,34.75,98308.7,338.27,38.2882,98308.7,0.0,0.999998,0.0237646
5760_dose_800_gradient_0_VconcST_0_Vconc_7.2_run_2.csv,5760.0,800.0,0,7.2,0.0,7.2,2,35.0,99497.4,331.566,38.7511,99497.4,0.0,0.999998,0.0231025
5760_dose_800_gradient_0_VconcST_0_Vconc_7.2_run_2.csv,5760.0,800.0,0,7.2,0.0,7.2,2,35.25,100651.0,324.995,39.2003,100651.0,0.0,0.999998,0.0231195
5760_dose_800_gradient_0_VconcST_0_Vconc_7.2_run_2.csv,5760.0,800.0,0,7.2,0.0,7.2,2,35.5,101769.0,318.554,39.6359,101769.0,0.0,0.999998,0.0231276
5760_dose_800_gradient_0_VconcST_0_Vconc_7.2_run_2.csv,5760.0,800.0,0,7.2,0.0,7.2,2,35.75,102854.0,312.241,40.0583,102854.0,0.0,0.999998,0.022404
5760_dose_800_gradient_0_VconcST_0_Vconc_7.2_run_2.csv,5760.0,800.0,0,7.2,0.0,7.2,2,36.0,103905.0,306.052,40.4677,103905.0,0.0,0.999998,0.0223907
5760_dose_800_gradient_0_VconcST_0_Vconc_7.2_run_2.csv,5760.0,800.0,0,7.2,0.0,7.2,2,36.25,104924.0,299.987,40.8645,104924.0,0.0,0.999998,0.0224835
5760_dose_800_gradient_0_VconcST_0_Vconc_7.2_run_2.csv,5760.0,800.0,0,7.2,0.0,7.2,2,36.5,105910.0,294.041,41.2488,105910.0,0.0,0.999998,0.0217679
5760_dose_800_gradient_0_VconcST_0_Vconc_7.2_run_2.csv,5760.0,800.0,0,7.2,0.0,7.2,2,36.75,106866.0,288.214,41.621,106866.0,0.0,0.999998,0.0217733
5760_dose_800_gradient_0_VconcST_0_Vconc_7.2_run_2.csv,5760.0,800.0,0,7.2,0.0,7.2,2,37.0,107791.0,282.502,41.9813,107791.0,0.0,0.999998,0.0217122
5760_dose_800_gradient_0_VconcST_0_Vconc_7.2_run_2.csv,5760.0,800.0,0,7.2,0.0,7.2,2,37.25,108687.0,276.903,42.33,108687.0,0.0,0.999998,0.0210744
5760_dose_800_gradient_0_VconcST_0_Vconc_7.2_run_2.csv,5760.0,800.0,0,7.2,0.0,7.2,2,37.5,109553.0,271.414,42.6673,109553.0,0.0,0.999998,0.021053
5760_dose_800_gradient_0_VconcST_0_Vconc_7.2_run_2.csv,5760.0,800.0,0,7.2,0.0,7.2,2,37.75,110390.0,266.035,42.9935,110390.0,0.0,0.999998,0.0210337
5760_dose_800_gradient_0_VconcST_0_Vconc_7.2_run_2.csv,5760.0,800.0,0,7.2,0.0,7.2,2,38.0,111199.0,260.763,43.3087,111199.0,0.0,0.999998,0.0210552
5760_dose_800_gradient_0_VconcST_0_Vconc_7.2_run_2.csv,5760.0,800.0,0,7.2,0.0,7.2,2,38.25,111981.0,255.595,43.6133,111981.0,0.0,0.999998,0.0210574
5760_dose_800_gradient_0_VconcST_0_Vconc_7.2_run_2.csv,5760.0,800.0,0,7.2,0.0,7.2,2,38.5,112737.0,250.529,43.9074,112737.0,0.0,0.999998,0.0203804
5760_dose_800_gradient_0_VconcST_0_Vconc_7.2_run_2.csv,5760.0,800.0,0,7.2,0.0,7.2,2,38.75,113465.0,245.564,44.1913,113465.0,0.0,0.999998,0.0203697
5760_dose_800_gradient_0_VconcST_0_Vconc_7.2_run_2.csv,5760.0,800.0,0,7.2,0.0,7.2,2,39.0,114169.0,240.697,44.4652,114169.0,0.0,0.999998,0.0203554
5760_dose_800_gradient_0_VconcST_0_Vconc_7.2_run_2.csv,5760.0,800.0,0,7.2,0.0,7.2,2,39.25,114847.0,235.927,44.7293,114847.0,0.0,0.999998,0.0204033
5760_dose_800_gradient_0_VconcST_0_Vconc_7.2_run_2.csv,5760.0,800.0,0,7.2,0.0,7.2,2,39.5,115500.0,231.251,44.9838,115500.0,0.0,0.999998,0.0204012
5760_dose_800_gradient_0_VconcST_0_Vconc_7.2_run_2.csv,5760.0,800.0,0,7.2,0.0,7.2,2,39.75,116130.0,226.668,45.229,116130.0,0.0,0.999998,0.0196767
5760_dose_800_gradient_0_VconcST_0_Vconc_7.2_run_2.csv,5760.0,800.0,0,7.2,0.0,7.2,2,40.0,116736.0,222.176,45.465,116736.0,0.0,0.999998,0.0197493
5760_dose_800_gradient_0_VconcST_0_Vconc_7.2_run_2.csv,5760.0,800.0,0,7.2,0.0,7.2,2,40.25,117319.0,217.772,45.692,117319.0,0.0,0.999998,0.0197037
5760_dose_800_gradient_0_VconcST_0_Vconc_7.2_run_2.csv,5760.0,800.0,0,7.2,0.0,7.2,2,40.5,117879.0,213.456,45.9102,117879.0,0.0,0.999998,0.0196767
5760_dose_800_gradient_0_VconcST_0_Vconc_7.2_run_2.csv,5760.0,800.0,0,7.2,0.0,7.2,2,40.75,118417.0,209.226,46.1199,118417.0,0.0,0.999998,0.0196885
5760_dose_800_gradient_0_VconcST_0_Vconc_7.2_run_2.csv,5760.0,800.0,0,7.2,0.0,7.2,2,41.0,118934.0,205.079,46.3211,118934.0,0.0,0.999998,0.0197424
5760_dose_800_gradient_0_VconcST_0_Vconc_7.2_run_2.csv,5760.0,800.0,0,7.2,0.0,7.2,2,41.25,119430.0,201.015,46.5142,119430.0,0.0,0.999998,0.0196767
5760_dose_800_gradient_0_VconcST_0_Vconc_7.2_run_2.csv,5760.0,800.0,0,7.2,0.0,7.2,2,41.5,119905.0,197.031,46.6992,119905.0,0.0,0.999998,0.019025
5760_dose_800_gradient_0_VconcST_0_Vconc_7.2_run_0.csv,5760.0,800.0,0,7.2,0.0,7.2,0,0.0,0.0,0.0,0.0,0.0,0.0,0.0,0.0
5760_dose_800_gradient_0_VconcST_0_Vconc_7.2_run_0.csv,5760.0,800.0,0,7.2,0.0,7.2,0,0.25,0.0,0.0,0.0,0.0,0.0,0.0,10000.0
5760_dose_800_gradient_0_VconcST_0_Vconc_7.2_run_0.csv,5760.0,800.0,0,7.2,0.0,7.2,0,0.5,0.0,0.0,0.0,0.0,0.0,0.0,394.69
5760_dose_800_gradient_0_VconcST_0_Vconc_7.2_run_0.csv,5760.0,800.0,0,7.2,0.0,7.2,0,0.75,0.0,0.0,0.0,0.0,0.0,0.0,10000.0
5760_dose_800_gradient_0_VconcST_0_Vconc_7.2_run_0.csv,5760.0,800.0,0,7.2,0.0,7.2,0,1.0,0.0,0.0,0.0,0.0,0.0,0.0,370.262
5760_dose_800_gradient_0_VconcST_0_Vconc_7.2_run_0.csv,5760.0,800.0,0,7.2,0.0,7.2,0,1.25,0.0,0.0,0.0,0.0,0.0,0.0,10000.0
5760_dose_800_gradient_0_VconcST_0_Vconc_7.2_run_0.csv,5760.0,800.0,0,7.2,0.0,7.2,0,1.5,0.0,0.0,0.0,0.0,0.0,0.0,320.25
5760_dose_800_gradient_0_VconcST_0_Vconc_7.2_run_0.csv,5760.0,800.0,0,7.2,0.0,7.2,0,1.75,0.0,0.0,0.0,0.0,0.0,0.0,10000.0
5760_dose_800_gradient_0_VconcST_0_Vconc_7.2_run_0.csv,5760.0,800.0,0,7.2,0.0,7.2,0,2.0,0.0,0.0,0.0,0.0,0.0,0.0,322.388
5760_dose_800_gradient_0_VconcST_0_Vconc_7.2_run_0.csv,5760.0,800.0,0,7.2,0.0,7.2,0,2.25,0.0,0.0,0.0,0.0,0.0,0.0,10000.0
5760_dose_800_gradient_0_VconcST_0_Vconc_7.2_run_0.csv,5760.0,800.0,0,7.2,0.0,7.2,0,2.5,0.0,0.0,0.0,0.0,0.0,0.0,309.735
5760_dose_800_gradient_0_VconcST_0_Vconc_7.2_run_0.csv,5760.0,800.0,0,7.2,0.0,7.2,0,2.75,0.0,0.0,0.0,0.0,0.0,0.0,10000.0
5760_dose_800_gradient_0_VconcST_0_Vconc_7.2_run_0.csv,5760.0,800.0,0,7.2,0.0,7.2,0,3.0,0.0,0.0,0.0,0.0,0.0,0.0,296.908
5760_dose_800_gradient_0_VconcST_0_Vconc_7.2_run_0.csv,5760.0,800.0,0,7.2,0.0,7.2,0,3.25,0.0,0.0,0.0,0.0,0.0,0.0,10000.0
5760_dose_800_gradient_0_VconcST_0_Vconc_7.2_run_0.csv,5760.0,800.0,0,7.2,0.0,7.2,0,3.5,0.0,0.0,0.0,0.0,0.0,0.0,290.234
5760_dose_800_gradient_0_VconcST_0_Vconc_7.2_run_0.csv,5760.0,800.0,0,7.2,0.0,7.2,0,3.75,0.0,0.0,0.0,0.0,0.0,0.0,10000.0
5760_dose_800_gradient_0_VconcST_0_Vconc_7.2_run_0.csv,5760.0,800.0,0,7.2,0.0,7.2,0,4.0,0.0,0.0,0.0,0.0,0.0,0.0,281.535
5760_dose_800_gradient_0_VconcST_0_Vconc_7.2_run_0.csv,5760.0,800.0,0,7.2,0.0,7.2,0,4.25,0.0,0.0,0.0,0.0,0.0,0.0,1384.71
5760_dose_800_gradient_0_VconcST_0_Vconc_7.2_run_0.csv,5760.0,800.0,0,7.2,0.0,7.2,0,4.5,0.0,0.0,0.0,0.0,0.0,0.0,9486.99
5760_dose_800_gradient_0_VconcST_0_Vconc_7.2_run_0.csv,5760.0,800.0,0,7.2,0.0,7.2,0,4.75,0.0,0.0,0.0,0.0,0.0,0.0,849.665
5760_dose_800_gradient_0_VconcST_0_Vconc_7.2_run_0.csv,5760.0,800.0,0,7.2,0.0,7.2,0,5.0,0.0,0.0,0.0,0.0,0.0,0.0,10000.0
5760_dose_800_gradient_0_VconcST_0_Vconc_7.2_run_0.csv,5760.0,800.0,0,7.2,0.0,7.2,0,5.25,0.0,0.0,0.0,0.0,0.0,0.0,858.873
5760_dose_800_gradient_0_VconcST_0_Vconc_7.2_run_0.csv,5760.0,800.0,0,7.2,0.0,7.2,0,5.5,0.0,0.0,0.0,0.0,0.0,0.0,10000.0
5760_dose_800_gradient_0_VconcST_0_Vconc_7.2_run_0.csv,5760.0,800.0,0,7.2,0.0,7.2,0,5.75,0.0,0.0,0.0,0.0,0.0,0.0,850.984
5760_dose_800_gradient_0_VconcST_0_Vconc_7.2_run_0.csv,5760.0,800.0,0,7.2,0.0,7.2,0,6.0,0.0,0.0,0.0,0.0,0.0,0.0,10000.0
5760_dose_800_gradient_0_VconcST_0_Vconc_7.2_run_0.csv,5760.0,800.0,0,7.2,0.0,7.2,0,6.25,0.0,0.0,0.0,0.0,0.0,0.0,799.559
5760_dose_800_gradient_0_VconcST_0_Vconc_7.2_run_0.csv,5760.0,800.0,0,7.2,0.0,7.2,0,6.5,0.0,0.0,0.0,0.0,0.0,0.0,10000.0
5760_dose_800_gradient_0_VconcST_0_Vconc_7.2_run_0.csv,5760.0,800.0,0,7.2,0.0,7.2,0,6.75,0.0,0.0,0.0,0.0,0.0,0.0,577.148
5760_dose_800_gradient_0_VconcST_0_Vconc_7.2_run_0.csv,5760.0,800.0,0,7.2,0.0,7.2,0,7.0,0.0,0.0,0.0,0.0,0.0,0.0,10000.0
5760_dose_800_gradient_0_VconcST_0_Vconc_7.2_run_0.csv,5760.0,800.0,0,7.2,0.0,7.2,0,7.25,0.0,0.0,0.0,0.0,0.0,0.0,454.766
5760_dose_800_gradient_0_VconcST_0_Vconc_7.2_run_0.csv,5760.0,800.0,0,7.2,0.0,7.2,0,7.5,0.0,0.0,0.0,0.0,0.0,0.0,10000.0
5760_dose_800_gradient_0_VconcST_0_Vconc_7.2_run_0.csv,5760.0,800.0,0,7.2,0.0,7.2,0,7.75,0.0,0.0,0.0,0.0,0.0,0.0,465.559
5760_dose_800_gradient_0_VconcST_0_Vconc_7.2_run_0.csv,5760.0,800.0,0,7.2,0.0,7.2,0,8.0,0.0,0.0,0.0,0.0,0.0,0.0,10000.0
5760_dose_800_gradient_0_VconcST_0_Vconc_7.2_run_0.csv,5760.0,800.0,0,7.2,0.0,7.2,0,8.25,0.0,0.0,0.0,0.0,0.0,0.0,407.647
5760_dose_800_gradient_0_VconcST_0_Vconc_7.2_run_0.csv,5760.0,800.0,0,7.2,0.0,7.2,0,8.5,0.0,0.0,0.0,0.0,0.0,0.0,10000.0
5760_dose_800_gradient_0_VconcST_0_Vconc_7.2_run_0.csv,5760.0,800.0,0,7.2,0.0,7.2,0,8.75,0.0,0.0,0.0,0.0,0.0,0.0,378.222
5760_dose_800_gradient_0_VconcST_0_Vconc_7.2_run_0.csv,5760.0,800.0,0,7.2,0.0,7.2,0,9.0,0.0,0.0,0.0,0.0,0.0,0.0,10000.0
5760_dose_800_gradient_0_VconcST_0_Vconc_7.2_run_0.csv,5760.0,800.0,0,7.2,0.0,7.2,0,9.25,0.0,0.0,0.0,0.0,0.0,0.0,334.111
5760_dose_800_gradient_0_VconcST_0_Vconc_7.2_run_0.csv,5760.0,800.0,0,7.2,0.0,7.2,0,9.5,0.0,0.0,0.0,0.0,0.0,0.0,10000.0
5760_dose_800_gradient_0_VconcST_0_Vconc_7.2_run_0.csv,5760.0,800.0,0,7.2,0.0,7.2,0,9.75,0.0,0.0,0.0,0.0,0.0,0.0,309.831
5760_dose_800_gradient_0_VconcST_0_Vconc_7.2_run_0.csv,5760.0,800.0,0,7.2,0.0,7.2,0,10.0,0.0,0.0,0.0,0.0,0.0,0.0,10000.0
5760_dose_800_gradient_0_VconcST_0_Vconc_7.2_run_0.csv,5760.0,800.0,0,7.2,0.0,7.2,0,10.25,0.0,0.0,0.0,0.0,0.0,0.0,307.901
5760_dose_800_gradient_0_VconcST_0_Vconc_7.2_run_0.csv,5760.0,800.0,0,7.2,0.0,7.2,0,10.5,0.0,0.0,0.0,0.0,0.0,0.0,10000.0
5760_dose_800_gradient_0_VconcST_0_Vconc_7.2_run_0.csv,5760.0,800.0,0,7.2,0.0,7.2,0,10.75,0.0,0.0,0.0,0.0,0.0,0.0,301.479
5760_dose_800_gradient_0_VconcST_0_Vconc_7.2_run_0.csv,5760.0,800.0,0,7.2,0.0,7.2,0,11.0,0.0,0.0,0.0,0.0,0.0,0.0,10000.0
5760_dose_800_gradient_0_VconcST_0_Vconc_7.2_run_0.csv,5760.0,800.0,0,7.2,0.0,7.2,0,11.25,0.0,0.0,0.0,0.0,0.0,0.0,306.772
5760_dose_800_gradient_0_VconcST_0_Vconc_7.2_run_0.csv,5760.0,800.0,0,7.2,0.0,7.2,0,11.5,0.0,0.0,0.0,0.0,0.0,0.0,10000.0
5760_dose_800_gradient_0_VconcST_0_Vconc_7.2_run_0.csv,5760.0,800.0,0,7.2,0.0,7.2,0,11.75,0.0,0.0,0.0,0.0,0.0,0.0,289.452
5760_dose_800_gradient_0_VconcST_0_Vconc_7.2_run_0.csv,5760.0,800.0,0,7.2,0.0,7.2,0,12.0,0.0,0.0,0.0,0.0,0.0,0.0,10000.0
5760_dose_800_gradient_0_VconcST_0_Vconc_7.2_run_0.csv,5760.0,800.0,0,7.2,0.0,7.2,0,12.25,0.0,0.0,0.0,0.0,0.0,0.0,6953.5
5760_dose_800_gradient_0_VconcST_0_Vconc_7.2_run_0.csv,5760.0,800.0,0,7.2,0.0,7.2,0,12.5,0.0,0.0,0.0,0.0,0.0,0.0,853.825
5760_dose_800_gradient_0_VconcST_0_Vconc_7.2_run_0.csv,5760.0,800.0,0,7.2,0.0,7.2,0,12.75,0.0,0.0,0.0,0.0,0.0,0.0,10000.0
5760_dose_800_gradient_0_VconcST_0_Vconc_7.2_run_0.csv,5760.0,800.0,0,7.2,0.0,7.2,0,13.0,0.0,0.0,0.0,0.0,0.0,0.0,844.596
5760_dose_800_gradient_0_VconcST_0_Vconc_7.2_run_0.csv,5760.0,800.0,0,7.2,0.0,7.2,0,13.25,0.0,0.0,0.0,0.0,0.0,0.0,10000.0
5760_dose_800_gradient_0_VconcST_0_Vconc_7.2_run_0.csv,5760.0,800.0,0,7.2,0.0,7.2,0,13.5,0.0,0.0,0.0,0.0,0.0,0.0,846.8
5760_dose_800_gradient_0_VconcST_0_Vconc_7.2_run_0.csv,5760.0,800.0,0,7.2,0.0,7.2,0,13.75,0.0,0.0,0.0,0.0,0.0,0.0,10000.0
5760_dose_800_gradient_0_VconcST_0_Vconc_7.2_run_0.csv,5760.0,800.0,0,7.2,0.0,7.2,0,14.0,0.0,0.0,0.0,0.0,0.0,0.0,842.311
5760_dose_800_gradient_0_VconcST_0_Vconc_7.2_run_0.csv,5760.0,800.0,0,7.2,0.0,7.2,0,14.25,0.0,0.0,0.0,0.0,0.0,0.0,10000.0
5760_dose_800_gradient_0_VconcST_0_Vconc_7.2_run_0.csv,5760.0,800.0,0,7.2,0.0,7.2,0,14.5,0.0,0.0,0.0,0.0,0.0,0.0,713.85
5760_dose_800_gradient_0_VconcST_0_Vconc_7.2_run_0.csv,5760.0,800.0,0,7.2,0.0,7.2,0,14.75,0.0,0.0,0.0,0.0,0.0,0.0,10000.0
5760_dose_800_gradient_0_VconcST_0_Vconc_7.2_run_0.csv,5760.0,800.0,0,7.2,0.0,7.2,0,15.0,0.0,0.0,0.0,0.0,0.0,0.0,572.186
5760_dose_800_gradient_0_VconcST_0_Vconc_7.2_run_0.csv,5760.0,800.0,0,7.2,0.0,7.2,0,15.25,0.0,0.0,0.0,0.0,0.0,0.0,10000.0
5760_dose_800_gradient_0_VconcST_0_Vconc_7.2_run_0.csv,5760.0,800.0,0,7.2,0.0,7.2,0,15.5,0.0,0.0,0.0,0.0,0.0,0.0,484.929
5760_dose_800_gradient_0_VconcST_0_Vconc_7.2_run_0.csv,5760.0,800.0,0,7.2,0.0,7.2,0,15.75,0.0,0.0,0.0,0.0,0.0,0.0,10000.0
5760_dose_800_gradient_0_VconcST_0_Vconc_7.2_run_0.csv,5760.0,800.0,0,7.2,0.0,7.2,0,16.0,0.0,0.0,0.0,0.0,0.0,0.0,435.378
5760_dose_800_gradient_0_VconcST_0_Vconc_7.2_run_0.csv,5760.0,800.0,0,7.2,0.0,7.2,0,16.25,0.0,0.0,0.0,0.0,0.00147569,0.0,10000.0
5760_dose_800_gradient_0_VconcST_0_Vconc_7.2_run_0.csv,5760.0,800.0,0,7.2,0.0,7.2,0,16.5,0.0,0.0,0.0,0.0,0.0,0.0,372.157
5760_dose_800_gradient_0_VconcST_0_Vconc_7.2_run_0.csv,5760.0,800.0,0,7.2,0.0,7.2,0,16.75,0.0,0.0,0.0,0.0,0.0,0.0,10000.0
5760_dose_800_gradient_0_VconcST_0_Vconc_7.2_run_0.csv,5760.0,800.0,0,7.2,0.0,7.2,0,17.0,0.0,0.0,0.0,0.0,0.0,0.0,376.649
5760_dose_800_gradient_0_VconcST_0_Vconc_7.2_run_0.csv,5760.0,800.0,0,7.2,0.0,7.2,0,17.25,0.0,0.0,0.0,0.0,0.0,0.0,10000.0
5760_dose_800_gradient_0_VconcST_0_Vconc_7.2_run_0.csv,5760.0,800.0,0,7.2,0.0,7.2,0,17.5,0.0,0.0,0.0,0.0,0.0,0.0,306.467
5760_dose_800_gradient_0_VconcST_0_Vconc_7.2_run_0.csv,5760.0,800.0,0,7.2,0.0,7.2,0,17.75,0.0,0.0,0.0,0.0,0.0,0.0,10000.0
5760_dose_800_gradient_0_VconcST_0_Vconc_7.2_run_0.csv,5760.0,800.0,0,7.2,0.0,7.2,0,18.0,0.0,0.0,0.0,0.0,0.0,0.0,323.987
5760_dose_800_gradient_0_VconcST_0_Vconc_7.2_run_0.csv,5760.0,800.0,0,7.2,0.0,7.2,0,18.25,0.0,0.0,0.0,0.0,0.0,0.0,10000.0
5760_dose_800_gradient_0_VconcST_0_Vconc_7.2_run_0.csv,5760.0,800.0,0,7.2,0.0,7.2,0,18.5,0.0,0.0,0.0,0.0,0.0,0.0,314.906
5760_dose_800_gradient_0_VconcST_0_Vconc_7.2_run_0.csv,5760.0,800.0,0,7.2,0.0,7.2,0,18.75,0.0,0.0,0.0,0.0,0.0,0.0,10000.0
5760_dose_800_gradient_0_VconcST_0_Vconc_7.2_run_0.csv,5760.0,800.0,0,7.2,0.0,7.2,0,19.0,0.0,0.0,0.0,0.0,0.0,0.0,297.647
5760_dose_800_gradient_0_VconcST_0_Vconc_7.2_run_0.csv,5760.0,800.0,0,7.2,0.0,7.2,0,19.25,0.0,0.0,0.0,0.0,0.0,0.0,10000.0
5760_dose_800_gradient_0_VconcST_0_Vconc_7.2_run_0.csv,5760.0,800.0,0,7.2,0.0,7.2,0,19.5,0.0,0.0,0.0,0.0,0.0,0.0,297.256
5760_dose_800_gradient_0_VconcST_0_Vconc_7.2_run_0.csv,5760.0,800.0,0,7.2,0.0,7.2,0,19.75,0.0,0.0,0.0,0.0,0.0,0.0,10000.0
5760_dose_800_gradient_0_VconcST_0_Vconc_7.2_run_0.csv,5760.0,800.0,0,7.2,0.0,7.2,0,20.0,0.0,0.0,0.0,0.0,0.0,0.0,292.268
5760_dose_800_gradient_0_VconcST_0_Vconc_7.2_run_0.csv,5760.0,800.0,0,7.2,0.0,7.2,0,20.25,0.0,0.0,0.0,0.0,0.0,0.0,5856.88
5760_dose_800_gradient_0_VconcST_0_Vconc_7.2_run_0.csv,5760.0,800.0,0,7.2,0.0,7.2,0,20.5,0.0,0.0,0.0,0.0,0.0,0.0,6562.06
5760_dose_800_gradient_0_VconcST_0_Vconc_7.2_run_0.csv,5760.0,800.0,0,7.2,0.0,7.2,0,20.75,0.0,0.0,0.0,0.0,0.0,0.0,865.861
5760_dose_800_gradient_0_VconcST_0_Vconc_7.2_run_0.csv,5760.0,800.0,0,7.2,0.0,7.2,0,21.0,0.0,0.0,0.0,0.0,0.0,0.0,10000.0
5760_dose_800_gradient_0_VconcST_0_Vconc_7.2_run_0.csv,5760.0,800.0,0,7.2,0.0,7.2,0,21.25,0.0,0.0,0.0,0.0,0.0,0.0,856.289
5760_dose_800_gradient_0_VconcST_0_Vconc_7.2_run_0.csv,5760.0,800.0,0,7.2,0.0,7.2,0,21.5,0.0,0.0,0.0,0.0,0.0,0.0,10000.0
5760_dose_800_gradient_0_VconcST_0_Vconc_7.2_run_0.csv,5760.0,800.0,0,7.2,0.0,7.2,0,21.75,0.0,0.0,0.0,0.0,0.0,0.0,848.501
5760_dose_800_gradient_0_VconcST_0_Vconc_7.2_run_0.csv,5760.0,800.0,0,7.2,0.0,7.2,0,22.0,0.0,0.0,0.0,0.0,0.0,0.0,10000.0
5760_dose_800_gradient_0_VconcST_0_Vconc_7.2_run_0.csv,5760.0,800.0,0,7.2,0.0,7.2,0,22.25,0.0,0.0,0.0,0.0,0.0,0.0,813.016
5760_dose_800_gradient_0_VconcST_0_Vconc_7.2_run_0.csv,5760.0,800.0,0,7.2,0.0,7.2,0,22.5,0.0,0.0,0.0,0.0,0.0,0.0,10000.0
5760_dose_800_gradient_0_VconcST_0_Vconc_7.2_run_0.csv,5760.0,800.0,0,7.2,0.0,7.2,0,22.75,0.0,0.0,0.0,0.0,0.0,0.0,621.415
5760_dose_800_gradient_0_VconcST_0_Vconc_7.2_run_0.csv,5760.0,800.0,0,7.2,0.0,7.2,0,23.0,0.0,0.0,0.0,0.0,0.0,0.0,10000.0
5760_dose_800_gradient_0_VconcST_0_Vconc_7.2_run_0.csv,5760.0,800.0,0,7.2,0.0,7.2,0,23.25,0.0,0.0,0.0,0.0,0.0,0.0,508.367
5760_dose_800_gradient_0_VconcST_0_Vconc_7.2_run_0.csv,5760.0,800.0,0,7.2,0.0,7.2,0,23.5,0.0,0.0,0.0,0.0,0.0,0.0,10000.0
5760_dose_800_gradient_0_VconcST_0_Vconc_7.2_run_0.csv,5760.0,800.0,0,7.2,0.0,7.2,0,23.75,0.0,0.0,0.0,0.0,0.0,0.0,462.735
5760_dose_800_gradient_0_VconcST_0_Vconc_7.2_run_0.csv,5760.0,800.0,0,7.2,0.0,7.2,0,24.0,62.29,800.0,0.02426,62.29,0.0,0.0,10000.0
5760_dose_800_gradient_0_VconcST_0_Vconc_7.2_run_0.csv,5760.0,800.0,0,7.2,0.0,7.2,0,24.25,3754.75,784.145,1.46236,3754.75,0.0,0.999946,0.0251434
5760_dose_800_gradient_0_VconcST_0_Vconc_7.2_run_0.csv,5760.0,800.0,0,7.2,0.0,7.2,0,24.5,7360.03,768.604,2.8665,7360.03,0.0,0.999973,0.406407
5760_dose_800_gradient_0_VconcST_0_Vconc_7.2_run_0.csv,5760.0,800.0,0,7.2,0.0,7.2,0,24.75,10879.9,753.371,4.23739,10879.9,0.0,0.999982,0.248621
5760_dose_800_gradient_0_VconcST_0_Vconc_7.2_run_0.csv,5760.0,800.0,0,7.2,0.0,7.2,0,25.0,14316.1,738.44,5.57569,14316.1,0.0,0.999986,0.180234
5760_dose_800_gradient_0_VconcST_0_Vconc_7.2_run_0.csv,5760.0,800.0,0,7.2,0.0,7.2,0,25.25,17670.4,723.805,6.88207,17670.4,0.0,0.999989,0.141898
5760_dose_800_gradient_0_VconcST_0_Vconc_7.2_run_0.csv,5760.0,800.0,0,7.2,0.0,7.2,0,25.5,20944.4,709.46,8.15719,20944.4,0.0,0.99999,0.117446
5760_dose_800_gradient_0_VconcST_0_Vconc_7.2_run_0.csv,5760.0,800.0,0,7.2,0.0,7.2,0,25.75,24139.7,695.4,9.40168,24139.7,0.0,0.999992,0.100648
5760_dose_800_gradient_0_VconcST_0_Vconc_7.2_run_0.csv,5760.0,800.0,0,7.2,0.0,7.2,0,26.0,27258.1,681.618,10.6162,27258.1,0.0,0.999993,0.0882029
5760_dose_800_gradient_0_VconcST_0_Vconc_7.2_run_0.csv,5760.0,800.0,0,7.2,0.0,7.2,0,26.25,30301.0,668.109,11.8013,30301.0,0.0,0.999993,0.078818
5760_dose_800_gradient_0_VconcST_0_Vconc_7.2_run_0.csv,5760.0,800.0,0,7.2,0.0,7.2,0,26.5,33270.0,654.868,12.9576,33270.0,0.0,0.999994,0.0714894
5760_dose_800_gradient_0_VconcST_0_Vconc_7.2_run_0.csv,5760.0,800.0,0,7.2,0.0,7.2,0,26.75,36166.6,641.889,14.0858,36166.6,0.0,0.999994,0.0652544
5760_dose_800_gradient_0_VconcST_0_Vconc_7.2_run_0.csv,5760.0,800.0,0,7.2,0.0,7.2,0,27.0,38992.4,629.168,15.1863,38992.4,0.0,0.999995,0.0603861
5760_dose_800_gradient_0_VconcST_0_Vconc_7.2_run_0.csv,5760.0,800.0,0,7.2,0.0,7.2,0,27.25,41748.7,616.698,16.2598,41748.7,0.0,0.999995,0.0564241
5760_dose_800_gradient_0_VconcST_0_Vconc_7.2_run_0.csv,5760.0,800.0,0,7.2,0.0,7.2,0,27.5,44437.0,604.476,17.3068,44437.0,0.0,0.999996,0.052281
5760_dose_800_gradient_0_VconcST_0_Vconc_7.2_run_0.csv,5760.0,800.0,0,7.2,0.0,7.2,0,27.75,47058.6,592.496,18.3279,47058.6,0.0,0.999996,0.0495306
5760_dose_800_gradient_0_VconcST_0_Vconc_7.2_run_0.csv,5760.0,800.0,0,7.2,0.0,7.2,0,28.0,49615.1,580.753,19.3235,49615.1,0.0,0.999996,0.0469264
5760_dose_800_gradient_0_VconcST_0_Vconc_7.2_run_0.csv,5760.0,800.0,0,7.2,0.0,7.2,0,28.25,52107.7,569.244,20.2943,52107.7,0.0,0.999996,0.0448172
5760_dose_800_gradient_0_VconcST_0_Vconc_7.2_run_0.csv,5760.0,800.0,0,7.2,0.0,7.2,0,28.5,54537.6,557.962,21.2407,54537.6,0.0,0.999996,0.0429093
5760_dose_800_gradient_0_VconcST_0_Vconc_7.2_run_0.csv,5760.0,800.0,0,7.2,0.0,7.2,0,28.75,56906.3,546.904,22.1632,56906.3,0.0,0.999996,0.0407517
5760_dose_800_gradient_0_VconcST_0_Vconc_7.2_run_0.csv,5760.0,800.0,0,7.2,0.0,7.2,0,29.0,59214.9,536.065,23.0624,59214.9,0.0,0.999997,0.0394639
5760_dose_800_gradient_0_VconcST_0_Vconc_7.2_run_0.csv,5760.0,800.0,0,7.2,0.0,7.2,0,29.25,61464.8,525.441,23.9386,61464.8,0.0,0.999997,0.0373637
5760_dose_800_gradient_0_VconcST_0_Vconc_7.2_run_0.csv,5760.0,800.0,0,7.2,0.0,7.2,0,29.5,63657.1,515.027,24.7925,63657.1,0.0,0.999997,0.0360921
5760_dose_800_gradient_0_VconcST_0_Vconc_7.2_run_0.csv,5760.0,800.0,0,7.2,0.0,7.2,0,29.75,65793.0,504.82,25.6243,65793.0,0.0,0.999997,0.0352821
5760_dose_800_gradient_0_VconcST_0_Vconc_7.2_run_0.csv,5760.0,800.0,0,7.2,0.0,7.2,0,30.0,67873.7,494.815,26.4347,67873.7,0.0,0.999997,0.0346936
5760_dose_800_gradient_0_VconcST_0_Vconc_7.2_run_0.csv,5760.0,800.0,0,7.2,0.0,7.2,0,30.25,69900.4,485.009,27.224,69900.4,0.0,0.999997,0.033332
5760_dose_800_gradient_0_VconcST_0_Vconc_7.2_run_0.csv,5760.0,800.0,0,7.2,0.0,7.2,0,30.5,71874.0,475.396,27.9927,71874.0,0.0,0.999997,0.0325876
5760_dose_800_gradient_0_VconcST_0_Vconc_7.2_run_0.csv,5760.0,800.0,0,7.2,0.0,7.2,0,30.75,73795.9,465.974,28.7412,73795.9,0.0,0.999997,0.0319344
5760_dose_800_gradient_0_VconcST_0_Vconc_7.2_run_0.csv,5760.0,800.0,0,7.2,0.0,7.2,0,31.0,75667.0,456.739,29.4699,75667.0,0.0,0.999997,0.0312111
5760_dose_800_gradient_0_VconcST_0_Vconc_7.2_run_0.csv,5760.0,800.0,0,7.2,0.0,7.2,0,31.25,77488.3,447.687,30.1793,77488.3,0.0,0.999997,0.0298784
5760_dose_800_gradient_0_VconcST_0_Vconc_7.2_run_0.csv,5760.0,800.0,0,7.2,0.0,7.2,0,31.5,79260.9,438.815,30.8697,79260.9,0.0,0.999997,0.0291757
5760_dose_800_gradient_0_VconcST_0_Vconc_7.2_run_0.csv,5760.0,800.0,0,7.2,0.0,7.2,0,31.75,80985.9,430.118,31.5415,80985.9,0.0,0.999997,0.0291758
5760_dose_800_gradient_0_VconcST_0_Vconc_7.2_run_0.csv,5760.0,800.0,0,7.2,0.0,7.2,0,32.0,82664.2,421.593,32.1951,82664.2,0.0,0.999998,0.0285321
5760_dose_800_gradient_0_VconcST_0_Vconc_7.2_run_0.csv,5760.0,800.0,0,7.2,0.0,7.2,0,32.25,84296.8,413.238,32.831,84296.8,0.0,0.999998,0.0278189
5760_dose_800_gradient_0_VconcST_0_Vconc_7.2_run_0.csv,5760.0,800.0,0,7.2,0.0,7.2,0,32.5,85884.6,405.048,33.4494,85884.6,0.0,0.999998,0.0272482
5760_dose_800_gradient_0_VconcST_0_Vconc_7.2_run_0.csv,5760.0,800.0,0,7.2,0.0,7.2,0,32.75,87428.5,397.021,34.0507,87428.5,0.0,0.999998,0.0264887
5760_dose_800_gradient_0_VconcST_0_Vconc_7.2_run_0.csv,5760.0,800.0,0,7.2,0.0,7.2,0,33.0,88929.6,389.152,34.6353,88929.6,0.0,0.999998,0.0265027
5760_dose_800_gradient_0_VconcST_0_Vconc_7.2_run_0.csv,5760.0,800.0,0,7.2,0.0,7.2,0,33.25,90388.7,381.44,35.2036,90388.7,0.0,0.999998,0.0258303
5760_dose_800_gradient_0_VconcST_0_Vconc_7.2_run_0.csv,5760.0,800.0,0,7.2,0.0,7.2,0,33.5,91806.5,373.88,35.7558,91806.5,0.0,0.999998,0.0251551
5760_dose_800_gradient_0_VconcST_0_Vconc_7.2_run_0.csv,5760.0,800.0,0,7.2,0.0,7.2,0,33.75,93184.2,366.47,36.2923,93184.2,0.0,0.999998,0.0251348
5760_dose_800_gradient_0_VconcST_0_Vconc_7.2_run_0.csv,5760.0,800.0,0,7.2,0.0,7.2,0,34.0,94522.4,359.207,36.8135,94522.4,0.0,0.999998,0.0244409
5760_dose_800_gradient_0_VconcST_0_Vconc_7.2_run_0.csv,5760.0,800.0,0,7.2,0.0,7.2,0,34.25,95822.0,352.088,37.3197,95822.0,0.0,0.999998,0.0244306
5760_dose_800_gradient_0_VconcST_0_Vconc_7.2_run_0.csv,5760.0,800.0,0,7.2,0.0,7.2,0,34.5,97083.9,345.11,37.8112,97083.9,0.0,0.999998,0.0238013
5760_dose_800_gradient_0_VconcST_0_Vconc_7.2_run_0.csv,5760.0,800.0,0,7.2,0.0,7.2,0,34.75,98308.7,338.27,38.2882,98308.7,0.0,0.999998,0.0237813
5760_dose_800_gradient_0_VconcST_0_Vconc_7.2_run_0.csv,5760.0,800.0,0,7.2,0.0,7.2,0,35.0,99497.4,331.566,38.7511,99497.4,0.0,0.999998,0.0230692
5760_dose_800_gradient_0_VconcST_0_Vconc_7.2_run_0.csv,5760.0,800.0,0,7.2,0.0,7.2,0,35.25,100651.0,324.995,39.2003,100651.0,0.0,0.999998,0.0230927
5760_dose_800_gradient_0_VconcST_0_Vconc_7.2_run_0.csv,5760.0,800.0,0,7.2,0.0,7.2,0,35.5,101769.0,318.554,39.6359,101769.0,0.0,0.999998,0.0230854
5760_dose_800_gradient_0_VconcST_0_Vconc_7.2_run_0.csv,5760.0,800.0,0,7.2,0.0,7.2,0,35.75,102854.0,312.241,40.0583,102854.0,0.0,0.999998,0.022404
5760_dose_800_gradient_0_VconcST_0_Vconc_7.2_run_0.csv,5760.0,800.0,0,7.2,0.0,7.2,0,36.0,103905.0,306.052,40.4677,103905.0,0.0,0.999998,0.0224843
5760_dose_800_gradient_0_VconcST_0_Vconc_7.2_run_0.csv,5760.0,800.0,0,7.2,0.0,7.2,0,36.25,104924.0,299.987,40.8645,104924.0,0.0,0.999998,0.0223907
5760_dose_800_gradient_0_VconcST_0_Vconc_7.2_run_0.csv,5760.0,800.0,0,7.2,0.0,7.2,0,36.5,105910.0,294.041,41.2488,105910.0,0.0,0.999998,0.0217427
5760_dose_800_gradient_0_VconcST_0_Vconc_7.2_run_0.csv,5760.0,800.0,0,7.2,0.0,7.2,0,36.75,106866.0,288.214,41.621,106866.0,0.0,0.999998,0.0217664
5760_dose_800_gradient_0_VconcST_0_Vconc_7.2_run_0.csv,5760.0,800.0,0,7.2,0.0,7.2,0,37.0,107791.0,282.502,41.9813,107791.0,0.0,0.999998,0.021745
5760_dose_800_gradient_0_VconcST_0_Vconc_7.2_run_0.csv,5760.0,800.0,0,7.2,0.0,7.2,0,37.25,108687.0,276.903,42.33,108687.0,0.0,0.999998,0.0210337
5760_dose_800_gradient_0_VconcST_0_Vconc_7.2_run_0.csv,5760.0,800.0,0,7.2,0.0,7.2,0,37.5,109553.0,271.414,42.6673,109553.0,0.0,0.999998,0.0210714
5760_dose_800_gradient_0_VconcST_0_Vconc_7.2_run_0.csv,5760.0,800.0,0,7.2,0.0,7.2,0,37.75,110390.0,266.035,42.9935,110390.0,0.0,0.999998,0.0210611
5760_dose_800_gradient_0_VconcST_0_Vconc_7.2_run_0.csv,5760.0,800.0,0,7.2,0.0,7.2,0,38.0,111199.0,260.763,43.3087,111199.0,0.0,0.999998,0.0210737
5760_dose_800_gradient_0_VconcST_0_Vconc_7.2_run_0.csv,5760.0,800.0,0,7.2,0.0,7.2,0,38.25,111981.0,255.595,43.6133,111981.0,0.0,0.999998,0.0210596
5760_dose_800_gradient_0_VconcST_0_Vconc_7.2_run_0.csv,5760.0,800.0,0,7.2,0.0,7.2,0,38.5,112737.0,250.529,43.9074,112737.0,0.0,0.999998,0.0204026
5760_dose_800_gradient_0_VconcST_0_Vconc_7.2_run_0.csv,5760.0,800.0,0,7.2,0.0,7.2,0,38.75,113465.0,245.564,44.1913,113465.0,0.0,0.999998,0.0203554
5760_dose_800_gradient_0_VconcST_0_Vconc_7.2_run_0.csv,5760.0,800.0,0,7.2,0.0,7.2,0,39.0,114169.0,240.697,44.4652,114169.0,0.0,0.999998,0.0203554
5760_dose_800_gradient_0_VconcST_0_Vconc_7.2_run_0.csv,5760.0,800.0,0,7.2,0.0,7.2,0,39.25,114847.0,235.927,44.7293,114847.0,0.0,0.999998,0.020384
5760_dose_800_gradient_0_VconcST_0_Vconc_7.2_run_0.csv,5760.0,800.0,0,7.2,0.0,7.2,0,39.5,115500.0,231.251,44.9838,115500.0,0.0,0.999998,0.0203654
5760_dose_800_gradient_0_VconcST_0_Vconc_7.2_run_0.csv,5760.0,800.0,0,7.2,0.0,7.2,0,39.75,116130.0,226.668,45.229,116130.0,0.0,0.999998,0.0197002
5760_dose_800_gradient_0_VconcST_0_Vconc_7.2_run_0.csv,5760.0,800.0,0,7.2,0.0,7.2,0,40.0,116736.0,222.176,45.465,116736.0,0.0,0.999998,0.0196905
5760_dose_800_gradient_0_VconcST_0_Vconc_7.2_run_0.csv,5760.0,800.0,0,7.2,0.0,7.2,0,40.25,117319.0,217.772,45.692,117319.0,0.0,0.999998,0.0196885
5760_dose_800_gradient_0_VconcST_0_Vconc_7.2_run_0.csv,5760.0,800.0,0,7.2,0.0,7.2,0,40.5,117879.0,213.456,45.9102,117879.0,0.0,0.999998,0.0196885
5760_dose_800_gradient_0_VconcST_0_Vconc_7.2_run_0.csv,5760.0,800.0,0,7.2,0.0,7.2,0,40.75,118417.0,209.226,46.1199,118417.0,0.0,0.999998,0.0196905
5760_dose_800_gradient_0_VconcST_0_Vconc_7.2_run_0.csv,5760.0,800.0,0,7.2,0.0,7.2,0,41.0,118934.0,205.079,46.3211,118934.0,0.0,0.999998,0.0196767
5760_dose_800_gradient_0_VconcST_0_Vconc_7.2_run_0.csv,5760.0,800.0,0,7.2,0.0,7.2,0,41.25,119430.0,201.015,46.5142,119430.0,0.0,0.999998,0.0196767
5760_dose_800_gradient_0_VconcST_0_Vconc_7.2_run_0.csv,5760.0,800.0,0,7.2,0.0,7.2,0,41.5,119905.0,197.031,46.6992,119905.0,0.0,0.999998,0.0190197
5760_dose_800_gradient_0_VconcST_0_Vconc_4.8_run_0.csv,5760.0,800.0,0,4.8,0.0,4.8,0,0.0,0.0,0.0,0.0,0.0,0.0,0.0,0.0
5760_dose_800_gradient_0_VconcST_0_Vconc_4.8_run_0.csv,5760.0,800.0,0,4.8,0.0,4.8,0,0.25,0.0,0.0,0.0,0.0,0.0,0.0,10000.0
5760_dose_800_gradient_0_VconcST_0_Vconc_4.8_run_0.csv,5760.0,800.0,0,4.8,0.0,4.8,0,0.5,0.0,0.0,0.0,0.0,0.0,0.0,221.952
5760_dose_800_gradient_0_VconcST_0_Vconc_4.8_run_0.csv,5760.0,800.0,0,4.8,0.0,4.8,0,0.75,0.0,0.0,0.0,0.0,0.0,0.0,10000.0
5760_dose_800_gradient_0_VconcST_0_Vconc_4.8_run_0.csv,5760.0,800.0,0,4.8,0.0,4.8,0,1.0,0.0,0.0,0.0,0.0,0.0,0.0,211.594
5760_dose_800_gradient_0_VconcST_0_Vconc_4.8_run_0.csv,5760.0,800.0,0,4.8,0.0,4.8,0,1.25,0.0,0.0,0.0,0.0,0.0,0.0,10000.0
5760_dose_800_gradient_0_VconcST_0_Vconc_4.8_run_0.csv,5760.0,800.0,0,4.8,0.0,4.8,0,1.5,0.0,0.0,0.0,0.0,0.0,0.0,208.135
5760_dose_800_gradient_0_VconcST_0_Vconc_4.8_run_0.csv,5760.0,800.0,0,4.8,0.0,4.8,0,1.75,0.0,0.0,0.0,0.0,0.0,0.0,10000.0
5760_dose_800_gradient_0_VconcST_0_Vconc_4.8_run_0.csv,5760.0,800.0,0,4.8,0.0,4.8,0,2.0,0.0,0.0,0.0,0.0,0.0,0.0,195.824
5760_dose_800_gradient_0_VconcST_0_Vconc_4.8_run_0.csv,5760.0,800.0,0,4.8,0.0,4.8,0,2.25,0.0,0.0,0.0,0.0,0.0,0.0,10000.0
5760_dose_800_gradient_0_VconcST_0_Vconc_4.8_run_0.csv,5760.0,800.0,0,4.8,0.0,4.8,0,2.5,0.0,0.0,0.0,0.0,0.0,0.0,184.272
5760_dose_800_gradient_0_VconcST_0_Vconc_4.8_run_0.csv,5760.0,800.0,0,4.8,0.0,4.8,0,2.75,0.0,0.0,0.0,0.0,0.0,0.0,10000.0
5760_dose_800_gradient_0_VconcST_0_Vconc_4.8_run_0.csv,5760.0,800.0,0,4.8,0.0,4.8,0,3.0,0.0,0.0,0.0,0.0,0.0,0.0,184.596
5760_dose_800_gradient_0_VconcST_0_Vconc_4.8_run_0.csv,5760.0,800.0,0,4.8,0.0,4.8,0,3.25,0.0,0.0,0.0,0.0,0.0,0.0,10000.0
5760_dose_800_gradient_0_VconcST_0_Vconc_4.8_run_0.csv,5760.0,800.0,0,4.8,0.0,4.8,0,3.5,0.0,0.0,0.0,0.0,0.0,0.0,189.932
5760_dose_800_gradient_0_VconcST_0_Vconc_4.8_run_0.csv,5760.0,800.0,0,4.8,0.0,4.8,0,3.75,0.0,0.0,0.0,0.0,0.0,0.0,10000.0
5760_dose_800_gradient_0_VconcST_0_Vconc_4.8_run_0.csv,5760.0,800.0,0,4.8,0.0,4.8,0,4.0,0.0,0.0,0.0,0.0,0.0,0.0,1190.82
5760_dose_800_gradient_0_VconcST_0_Vconc_4.8_run_0.csv,5760.0,800.0,0,4.8,0.0,4.8,0,4.25,0.0,0.0,0.0,0.0,0.0,0.0,569.871
5760_dose_800_gradient_0_VconcST_0_Vconc_4.8_run_0.csv,5760.0,800.0,0,4.8,0.0,4.8,0,4.5,0.0,0.0,0.0,0.0,0.0,0.0,8227.28
5760_dose_800_gradient_0_VconcST_0_Vconc_4.8_run_0.csv,5760.0,800.0,0,4.8,0.0,4.8,0,4.75,0.0,0.0,0.0,0.0,0.0,0.0,584.54
5760_dose_800_gradient_0_VconcST_0_Vconc_4.8_run_0.csv,5760.0,800.0,0,4.8,0.0,4.8,0,5.0,0.0,0.0,0.0,0.0,0.0,0.0,10000.0
5760_dose_800_gradient_0_VconcST_0_Vconc_4.8_run_0.csv,5760.0,800.0,0,4.8,0.0,4.8,0,5.25,0.0,0.0,0.0,0.0,0.0,0.0,567.878
5760_dose_800_gradient_0_VconcST_0_Vconc_4.8_run_0.csv,5760.0,800.0,0,4.8,0.0,4.8,0,5.5,0.0,0.0,0.0,0.0,0.0,0.0,10000.0
5760_dose_800_gradient_0_VconcST_0_Vconc_4.8_run_0.csv,5760.0,800.0,0,4.8,0.0,4.8,0,5.75,0.0,0.0,0.0,0.0,0.0,0.0,577.541
5760_dose_800_gradient_0_VconcST_0_Vconc_4.8_run_0.csv,5760.0,800.0,0,4.8,0.0,4.8,0,6.0,0.0,0.0,0.0,0.0,0.0,0.0,10000.0
5760_dose_800_gradient_0_VconcST_0_Vconc_4.8_run_0.csv,5760.0,800.0,0,4.8,0.0,4.8,0,6.25,0.0,0.0,0.0,0.0,0.0,0.0,461.885
5760_dose_800_gradient_0_VconcST_0_Vconc_4.8_run_0.csv,5760.0,800.0,0,4.8,0.0,4.8,0,6.5,0.0,0.0,0.0,0.0,0.0,0.0,10000.0
5760_dose_800_gradient_0_VconcST_0_Vconc_4.8_run_0.csv,5760.0,800.0,0,4.8,0.0,4.8,0,6.75,0.0,0.0,0.0,0.0,0.0,0.0,341.488
5760_dose_800_gradient_0_VconcST_0_Vconc_4.8_run_0.csv,5760.0,800.0,0,4.8,0.0,4.8,0,7.0,0.0,0.0,0.0,0.0,0.0,0.0,10000.0
5760_dose_800_gradient_0_VconcST_0_Vconc_4.8_run_0.csv,5760.0,800.0,0,4.8,0.0,4.8,0,7.25,0.0,0.0,0.0,0.0,0.0,0.0,264.181
5760_dose_800_gradient_0_VconcST_0_Vconc_4.8_run_0.csv,5760.0,800.0,0,4.8,0.0,4.8,0,7.5,0.0,0.0,0.0,0.0,0.0,0.0,10000.0
5760_dose_800_gradient_0_VconcST_0_Vconc_4.8_run_0.csv,5760.0,800.0,0,4.8,0.0,4.8,0,7.75,0.0,0.0,0.0,0.0,0.0,0.0,240.451
5760_dose_800_gradient_0_VconcST_0_Vconc_4.8_run_0.csv,5760.0,800.0,0,4.8,0.0,4.8,0,8.0,0.0,0.0,0.0,0.0,0.0,0.0,10000.0
5760_dose_800_gradient_0_VconcST_0_Vconc_4.8_run_0.csv,5760.0,800.0,0,4.8,0.0,4.8,0,8.25,0.0,0.0,0.0,0.0,0.0,0.0,223.633
5760_dose_800_gradient_0_VconcST_0_Vconc_4.8_run_0.csv,5760.0,800.0,0,4.8,0.0,4.8,0,8.5,0.0,0.0,0.0,0.0,0.0,0.0,10000.0
5760_dose_800_gradient_0_VconcST_0_Vconc_4.8_run_0.csv,5760.0,800.0,0,4.8,0.0,4.8,0,8.75,0.0,0.0,0.0,0.0,0.0,0.0,217.526
5760_dose_800_gradient_0_VconcST_0_Vconc_4.8_run_0.csv,5760.0,800.0,0,4.8,0.0,4.8,0,9.0,0.0,0.0,0.0,0.0,0.0,0.0,10000.0
5760_dose_800_gradient_0_VconcST_0_Vconc_4.8_run_0.csv,5760.0,800.0,0,4.8,0.0,4.8,0,9.25,0.0,0.0,0.0,0.0,0.0,0.0,211.217
5760_dose_800_gradient_0_VconcST_0_Vconc_4.8_run_0.csv,5760.0,800.0,0,4.8,0.0,4.8,0,9.5,0.0,0.0,0.0,0.0,0.0,0.0,10000.0
5760_dose_800_gradient_0_VconcST_0_Vconc_4.8_run_0.csv,5760.0,800.0,0,4.8,0.0,4.8,0,9.75,0.0,0.0,0.0,0.0,0.0,0.0,200.158
5760_dose_800_gradient_0_VconcST_0_Vconc_4.8_run_0.csv,5760.0,800.0,0,4.8,0.0,4.8,0,10.0,0.0,0.0,0.0,0.0,0.0,0.0,10000.0
5760_dose_800_gradient_0_VconcST_0_Vconc_4.8_run_0.csv,5760.0,800.0,0,4.8,0.0,4.8,0,10.25,0.0,0.0,0.0,0.0,0.000922309,0.0,187.331
5760_dose_800_gradient_0_VconcST_0_Vconc_4.8_run_0.csv,5760.0,800.0,0,4.8,0.0,4.8,0,10.5,0.0,0.0,0.0,0.0,0.0,0.0,10000.0
5760_dose_800_gradient_0_VconcST_0_Vconc_4.8_run_0.csv,5760.0,800.0,0,4.8,0.0,4.8,0,10.75,0.0,0.0,0.0,0.0,0.0,0.0,187.105
5760_dose_800_gradient_0_VconcST_0_Vconc_4.8_run_0.csv,5760.0,800.0,0,4.8,0.0,4.8,0,11.0,0.0,0.0,0.0,0.0,0.0,0.0,10000.0
5760_dose_800_gradient_0_VconcST_0_Vconc_4.8_run_0.csv,5760.0,800.0,0,4.8,0.0,4.8,0,11.25,0.0,0.0,0.0,0.0,0.0,0.0,183.75
5760_dose_800_gradient_0_VconcST_0_Vconc_4.8_run_0.csv,5760.0,800.0,0,4.8,0.0,4.8,0,11.5,0.0,0.0,0.0,0.0,0.0,0.0,10000.0
5760_dose_800_gradient_0_VconcST_0_Vconc_4.8_run_0.csv,5760.0,800.0,0,4.8,0.0,4.8,0,11.75,0.0,0.0,0.0,0.0,0.0,0.0,185.662
5760_dose_800_gradient_0_VconcST_0_Vconc_4.8_run_0.csv,5760.0,800.0,0,4.8,0.0,4.8,0,12.0,0.0,0.0,0.0,0.0,0.0,0.0,570.369
5760_dose_800_gradient_0_VconcST_0_Vconc_4.8_run_0.csv,5760.0,800.0,0,4.8,0.0,4.8,0,12.25,0.0,0.0,0.0,0.0,0.0,0.0,7541.78
5760_dose_800_gradient_0_VconcST_0_Vconc_4.8_run_0.csv,5760.0,800.0,0,4.8,0.0,4.8,0,12.5,0.0,0.0,0.0,0.0,0.0,0.0,576.481
5760_dose_800_gradient_0_VconcST_0_Vconc_4.8_run_0.csv,5760.0,800.0,0,4.8,0.0,4.8,0,12.75,0.0,0.0,0.0,0.0,0.0,0.0,9900.26
5760_dose_800_gradient_0_VconcST_0_Vconc_4.8_run_0.csv,5760.0,800.0,0,4.8,0.0,4.8,0,13.0,0.0,0.0,0.0,0.0,0.0,0.0,589.667
5760_dose_800_gradient_0_VconcST_0_Vconc_4.8_run_0.csv,5760.0,800.0,0,4.8,0.0,4.8,0,13.25,0.0,0.0,0.0,0.0,0.0,0.0,10000.0
5760_dose_800_gradient_0_VconcST_0_Vconc_4.8_run_0.csv,5760.0,800.0,0,4.8,0.0,4.8,0,13.5,0.0,0.0,0.0,0.0,0.0,0.0,576.898
5760_dose_800_gradient_0_VconcST_0_Vconc_4.8_run_0.csv,5760.0,800.0,0,4.8,0.0,4.8,0,13.75,0.0,0.0,0.0,0.0,0.0,0.0,10000.0
5760_dose_800_gradient_0_VconcST_0_Vconc_4.8_run_0.csv,5760.0,800.0,0,4.8,0.0,4.8,0,14.0,0.0,0.0,0.0,0.0,0.0,0.0,461.636
5760_dose_800_gradient_0_VconcST_0_Vconc_4.8_run_0.csv,5760.0,800.0,0,4.8,0.0,4.8,0,14.25,0.0,0.0,0.0,0.0,0.0,0.0,10000.0
5760_dose_800_gradient_0_VconcST_0_Vconc_4.8_run_0.csv,5760.0,800.0,0,4.8,0.0,4.8,0,14.5,0.0,0.0,0.0,0.0,0.0,0.0,313.256
5760_dose_800_gradient_0_VconcST_0_Vconc_4.8_run_0.csv,5760.0,800.0,0,4.8,0.0,4.8,0,14.75,0.0,0.0,0.0,0.0,0.0,0.0,10000.0
5760_dose_800_gradient_0_VconcST_0_Vconc_4.8_run_0.csv,5760.0,800.0,0,4.8,0.0,4.8,0,15.0,0.0,0.0,0.0,0.0,0.0,0.0,265.067
5760_dose_800_gradient_0_VconcST_0_Vconc_4.8_run_0.csv,5760.0,800.0,0,4.8,0.0,4.8,0,15.25,0.0,0.0,0.0,0.0,0.0,0.0,10000.0
5760_dose_800_gradient_0_VconcST_0_Vconc_4.8_run_0.csv,5760.0,800.0,0,4.8,0.0,4.8,0,15.5,0.0,0.0,0.0,0.0,0.0,0.0,262.165
5760_dose_800_gradient_0_VconcST_0_Vconc_4.8_run_0.csv,5760.0,800.0,0,4.8,0.0,4.8,0,15.75,0.0,0.0,0.0,0.0,0.0,0.0,10000.0
5760_dose_800_gradient_0_VconcST_0_Vconc_4.8_run_0.csv,5760.0,800.0,0,4.8,0.0,4.8,0,16.0,0.0,0.0,0.0,0.0,0.0,0.0,205.899
5760_dose_800_gradient_0_VconcST_0_Vconc_4.8_run_0.csv,5760.0,800.0,0,4.8,0.0,4.8,0,16.25,0.0,0.0,0.0,0.0,0.0,0.0,10000.0
5760_dose_800_gradient_0_VconcST_0_Vconc_4.8_run_0.csv,5760.0,800.0,0,4.8,0.0,4.8,0,16.5,0.0,0.0,0.0,0.0,0.0,0.0,210.088
5760_dose_800_gradient_0_VconcST_0_Vconc_4.8_run_0.csv,5760.0,800.0,0,4.8,0.0,4.8,0,16.75,0.0,0.0,0.0,0.0,0.0,0.0,10000.0
5760_dose_800_gradient_0_VconcST_0_Vconc_4.8_run_0.csv,5760.0,800.0,0,4.8,0.0,4.8,0,17.0,0.0,0.0,0.0,0.0,0.0,0.0,195.998
5760_dose_800_gradient_0_VconcST_0_Vconc_4.8_run_0.csv,5760.0,800.0,0,4.8,0.0,4.8,0,17.25,0.0,0.0,0.0,0.0,0.0,0.0,10000.0
5760_dose_800_gradient_0_VconcST_0_Vconc_4.8_run_0.csv,5760.0,800.0,0,4.8,0.0,4.8,0,17.5,0.0,0.0,0.0,0.0,0.00078125,0.0,189.202
5760_dose_800_gradient_0_VconcST_0_Vconc_4.8_run_0.csv,5760.0,800.0,0,4.8,0.0,4.8,0,17.75,0.0,0.0,0.0,0.0,0.0,0.0,10000.0
5760_dose_800_gradient_0_VconcST_0_Vconc_4.8_run_0.csv,5760.0,800.0,0,4.8,0.0,4.8,0,18.0,0.0,0.0,0.0,0.0,0.0,0.0,187.319
5760_dose_800_gradient_0_VconcST_0_Vconc_4.8_run_0.csv,5760.0,800.0,0,4.8,0.0,4.8,0,18.25,0.0,0.0,0.0,0.0,0.0,0.0,10000.0
5760_dose_800_gradient_0_VconcST_0_Vconc_4.8_run_0.csv,5760.0,800.0,0,4.8,0.0,4.8,0,18.5,0.0,0.0,0.0,0.0,0.0,0.0,187.006
5760_dose_800_gradient_0_VconcST_0_Vconc_4.8_run_0.csv,5760.0,800.0,0,4.8,0.0,4.8,0,18.75,0.0,0.0,0.0,0.0,0.0,0.0,10000.0
5760_dose_800_gradient_0_VconcST_0_Vconc_4.8_run_0.csv,5760.0,800.0,0,4.8,0.0,4.8,0,19.0,0.0,0.0,0.0,0.0,0.0,0.0,187.058
5760_dose_800_gradient_0_VconcST_0_Vconc_4.8_run_0.csv,5760.0,800.0,0,4.8,0.0,4.8,0,19.25,0.0,0.0,0.0,0.0,0.0,0.0,5782.08
5760_dose_800_gradient_0_VconcST_0_Vconc_4.8_run_0.csv,5760.0,800.0,0,4.8,0.0,4.8,0,19.5,0.0,0.0,0.0,0.0,0.0,0.0,4415.62
5760_dose_800_gradient_0_VconcST_0_Vconc_4.8_run_0.csv,5760.0,800.0,0,4.8,0.0,4.8,0,19.75,0.0,0.0,0.0,0.0,0.0,0.0,575.056
5760_dose_800_gradient_0_VconcST_0_Vconc_4.8_run_0.csv,5760.0,800.0,0,4.8,0.0,4.8,0,20.0,0.0,0.0,0.0,0.0,0.0,0.0,8452.79
5760_dose_800_gradient_0_VconcST_0_Vconc_4.8_run_0.csv,5760.0,800.0,0,4.8,0.0,4.8,0,20.25,0.0,0.0,0.0,0.0,0.0,0.0,577.877
5760_dose_800_gradient_0_VconcST_0_Vconc_4.8_run_0.csv,5760.0,800.0,0,4.8,0.0,4.8,0,20.5,0.0,0.0,0.0,0.0,0.0,0.0,9692.9
5760_dose_800_gradient_0_VconcST_0_Vconc_4.8_run_0.csv,5760.0,800.0,0,4.8,0.0,4.8,0,20.75,0.0,0.0,0.0,0.0,0.0,0.0,575.201
5760_dose_800_gradient_0_VconcST_0_Vconc_4.8_run_0.csv,5760.0,800.0,0,4.8,0.0,4.8,0,21.0,0.0,0.0,0.0,0.0,0.0,0.0,10000.0
5760_dose_800_gradient_0_VconcST_0_Vconc_4.8_run_0.csv,5760.0,800.0,0,4.8,0.0,4.8,0,21.25,0.0,0.0,0.0,0.0,0.0,0.0,550.508
5760_dose_800_gradient_0_VconcST_0_Vconc_4.8_run_0.csv,5760.0,800.0,0,4.8,0.0,4.8,0,21.5,0.0,0.0,0.0,0.0,0.0,0.0,10000.0
5760_dose_800_gradient_0_VconcST_0_Vconc_4.8_run_0.csv,5760.0,800.0,0,4.8,0.0,4.8,0,21.75,0.0,0.0,0.0,0.0,0.0,0.0,423.852
5760_dose_800_gradient_0_VconcST_0_Vconc_4.8_run_0.csv,5760.0,800.0,0,4.8,0.0,4.8,0,22.0,0.0,0.0,0.0,0.0,0.0,0.0,10000.0
5760_dose_800_gradient_0_VconcST_0_Vconc_4.8_run_0.csv,5760.0,800.0,0,4.8,0.0,4.8,0,22.25,0.0,0.0,0.0,0.0,0.0,0.0,298.976
5760_dose_800_gradient_0_VconcST_0_Vconc_4.8_run_0.csv,5760.0,800.0,0,4.8,0.0,4.8,0,22.5,0.0,0.0,0.0,0.0,0.0,0.0,10000.0
5760_dose_800_gradient_0_VconcST_0_Vconc_4.8_run_0.csv,5760.0,800.0,0,4.8,0.0,4.8,0,22.75,0.0,0.0,0.0,0.0,0.0,0.0,248.318
5760_dose_800_gradient_0_VconcST_0_Vconc_4.8_run_0.csv,5760.0,800.0,0,4.8,0.0,4.8,0,23.0,0.0,0.0,0.0,0.0,0.0,0.0,10000.0
5760_dose_800_gradient_0_VconcST_0_Vconc_4.8_run_0.csv,5760.0,800.0,0,4.8,0.0,4.8,0,23.25,0.0,0.0,0.0,0.0,0.0,0.0,222.526
5760_dose_800_gradient_0_VconcST_0_Vconc_4.8_run_0.csv,5760.0,800.0,0,4.8,0.0,4.8,0,23.5,0.0,0.0,0.0,0.0,0.0,0.0,10000.0
5760_dose_800_gradient_0_VconcST_0_Vconc_4.8_run_0.csv,5760.0,800.0,0,4.8,0.0,4.8,0,23.75,0.0,0.0,0.0,0.0,0.0,0.0,218.592
5760_dose_800_gradient_0_VconcST_0_Vconc_4.8_run_0.csv,5760.0,800.0,0,4.8,0.0,4.8,0,24.0,62.29,800.0,0.02426,62.29,0.0,0.0,10000.0
5760_dose_800_gradient_0_VconcST_0_Vconc_4.8_run_0.csv,5760.0,800.0,0,4.8,0.0,4.8,0,24.25,3754.75,784.145,1.46236,3754.75,0.0,0.999946,0.0167026
5760_dose_800_gradient_0_VconcST_0_Vconc_4.8_run_0.csv,5760.0,800.0,0,4.8,0.0,4.8,0,24.5,7360.03,768.604,2.8665,7360.03,0.0,0.999973,0.270237
5760_dose_800_gradient_0_VconcST_0_Vconc_4.8_run_0.csv,5760.0,800.0,0,4.8,0.0,4.8,0,24.75,10879.9,753.371,4.23739,10879.9,0.0,0.999982,0.165218
5760_dose_800_gradient_0_VconcST_0_Vconc_4.8_run_0.csv,5760.0,800.0,0,4.8,0.0,4.8,0,25.0,14316.1,738.44,5.57569,14316.1,0.0,0.999986,0.120093
5760_dose_800_gradient_0_VconcST_0_Vconc_4.8_run_0.csv,5760.0,800.0,0,4.8,0.0,4.8,0,25.25,17670.4,723.805,6.88207,17670.4,0.0,0.999989,0.0946869
5760_dose_800_gradient_0_VconcST_0_Vconc_4.8_run_0.csv,5760.0,800.0,0,4.8,0.0,4.8,0,25.5,20944.4,709.46,8.15719,20944.4,0.0,0.99999,0.078252
5760_dose_800_gradient_0_VconcST_0_Vconc_4.8_run_0.csv,5760.0,800.0,0,4.8,0.0,4.8,0,25.75,24139.7,695.4,9.40168,24139.7,0.0,0.999992,0.0670056
5760_dose_800_gradient_0_VconcST_0_Vconc_4.8_run_0.csv,5760.0,800.0,0,4.8,0.0,4.8,0,26.0,27258.1,681.618,10.6162,27258.1,0.0,0.999993,0.0589762
5760_dose_800_gradient_0_VconcST_0_Vconc_4.8_run_0.csv,5760.0,800.0,0,4.8,0.0,4.8,0,26.25,30301.0,668.109,11.8013,30301.0,0.0,0.999993,0.0525532
5760_dose_800_gradient_0_VconcST_0_Vconc_4.8_run_0.csv,5760.0,800.0,0,4.8,0.0,4.8,0,26.5,33270.0,654.868,12.9576,33270.0,0.0,0.999994,0.0475183
5760_dose_800_gradient_0_VconcST_0_Vconc_4.8_run_0.csv,5760.0,800.0,0,4.8,0.0,4.8,0,26.75,36166.6,641.889,14.0858,36166.6,0.0,0.999994,0.0435261
5760_dose_800_gradient_0_VconcST_0_Vconc_4.8_run_0.csv,5760.0,800.0,0,4.8,0.0,4.8,0,27.0,38992.4,629.168,15.1863,38992.4,0.0,0.999995,0.0402577
5760_dose_800_gradient_0_VconcST_0_Vconc_4.8_run_0.csv,5760.0,800.0,0,4.8,0.0,4.8,0,27.25,41748.7,616.698,16.2598,41748.7,0.0,0.999995,0.0375926
5760_dose_800_gradient_0_VconcST_0_Vconc_4.8_run_0.csv,5760.0,800.0,0,4.8,0.0,4.8,0,27.5,44437.0,604.476,17.3068,44437.0,0.0,0.999996,0.0348801
5760_dose_800_gradient_0_VconcST_0_Vconc_4.8_run_0.csv,5760.0,800.0,0,4.8,0.0,4.8,0,27.75,47058.6,592.496,18.3279,47058.6,0.0,0.999996,0.0331306
5760_dose_800_gradient_0_VconcST_0_Vconc_4.8_run_0.csv,5760.0,800.0,0,4.8,0.0,4.8,0,28.0,49615.1,580.753,19.3235,49615.1,0.0,0.999996,0.0313021
5760_dose_800_gradient_0_VconcST_0_Vconc_4.8_run_0.csv,5760.0,800.0,0,4.8,0.0,4.8,0,28.25,52107.7,569.244,20.2943,52107.7,0.0,0.999996,0.0298721
5760_dose_800_gradient_0_VconcST_0_Vconc_4.8_run_0.csv,5760.0,800.0,0,4.8,0.0,4.8,0,28.5,54537.6,557.962,21.2407,54537.6,0.0,0.999996,0.0286213
5760_dose_800_gradient_0_VconcST_0_Vconc_4.8_run_0.csv,5760.0,800.0,0,4.8,0.0,4.8,0,28.75,56906.3,546.904,22.1632,56906.3,0.0,0.999996,0.0271967
5760_dose_800_gradient_0_VconcST_0_Vconc_4.8_run_0.csv,5760.0,800.0,0,4.8,0.0,4.8,0,29.0,59214.9,536.065,23.0624,59214.9,0.0,0.999997,0.0262354
5760_dose_800_gradient_0_VconcST_0_Vconc_4.8_run_0.csv,5760.0,800.0,0,4.8,0.0,4.8,0,29.25,61464.8,525.441,23.9386,61464.8,0.0,0.999997,0.0248787
5760_dose_800_gradient_0_VconcST_0_Vconc_4.8_run_0.csv,5760.0,800.0,0,4.8,0.0,4.8,0,29.5,63657.1,515.027,24.7925,63657.1,0.0,0.999997,0.024016
5760_dose_800_gradient_0_VconcST_0_Vconc_4.8_run_0.csv,5760.0,800.0,0,4.8,0.0,4.8,0,29.75,65793.0,504.82,25.6243,65793.0,0.0,0.999997,0.0235736
5760_dose_800_gradient_0_VconcST_0_Vconc_4.8_run_0.csv,5760.0,800.0,0,4.8,0.0,4.8,0,30.0,67873.7,494.815,26.4347,67873.7,0.0,0.999997,0.0231138
5760_dose_800_gradient_0_VconcST_0_Vconc_4.8_run_0.csv,5760.0,800.0,0,4.8,0.0,4.8,0,30.25,69900.4,485.009,27.224,69900.4,0.0,0.999997,0.0222549
5760_dose_800_gradient_0_VconcST_0_Vconc_4.8_run_0.csv,5760.0,800.0,0,4.8,0.0,4.8,0,30.5,71874.0,475.396,27.9927,71874.0,0.0,0.999997,0.0217649
5760_dose_800_gradient_0_VconcST_0_Vconc_4.8_run_0.csv,5760.0,800.0,0,4.8,0.0,4.8,0,30.75,73795.9,465.974,28.7412,73795.9,0.0,0.999997,0.0213249
5760_dose_800_gradient_0_VconcST_0_Vconc_4.8_run_0.csv,5760.0,800.0,0,4.8,0.0,4.8,0,31.0,75667.0,456.739,29.4699,75667.0,0.0,0.999997,0.0208368
5760_dose_800_gradient_0_VconcST_0_Vconc_4.8_run_0.csv,5760.0,800.0,0,4.8,0.0,4.8,0,31.25,77488.3,447.687,30.1793,77488.3,0.0,0.999997,0.0199309
5760_dose_800_gradient_0_VconcST_0_Vconc_4.8_run_0.csv,5760.0,800.0,0,4.8,0.0,4.8,0,31.5,79260.9,438.815,30.8697,79260.9,0.0,0.999997,0.0194779
5760_dose_800_gradient_0_VconcST_0_Vconc_4.8_run_0.csv,5760.0,800.0,0,4.8,0.0,4.8,0,31.75,80985.9,430.118,31.5415,80985.9,0.0,0.999997,0.01948
5760_dose_800_gradient_0_VconcST_0_Vconc_4.8_run_0.csv,5760.0,800.0,0,4.8,0.0,4.8,0,32.0,82664.2,421.593,32.1951,82664.2,0.0,0.999998,0.019021
5760_dose_800_gradient_0_VconcST_0_Vconc_4.8_run_0.csv,5760.0,800.0,0,4.8,0.0,4.8,0,32.25,84296.8,413.238,32.831,84296.8,0.0,0.999998,0.0185758
5760_dose_800_gradient_0_VconcST_0_Vconc_4.8_run_0.csv,5760.0,800.0,0,4.8,0.0,4.8,0,32.5,85884.6,405.048,33.4494,85884.6,0.0,0.999998,0.0181153
5760_dose_800_gradient_0_VconcST_0_Vconc_4.8_run_0.csv,5760.0,800.0,0,4.8,0.0,4.8,0,32.75,87428.5,397.021,34.0507,87428.5,0.0,0.999998,0.0176518
5760_dose_800_gradient_0_VconcST_0_Vconc_4.8_run_0.csv,5760.0,800.0,0,4.8,0.0,4.8,0,33.0,88929.6,389.152,34.6353,88929.6,0.0,0.999998,0.017702
5760_dose_800_gradient_0_VconcST_0_Vconc_4.8_run_0.csv,5760.0,800.0,0,4.8,0.0,4.8,0,33.25,90388.7,381.44,35.2036,90388.7,0.0,0.999998,0.0171889
5760_dose_800_gradient_0_VconcST_0_Vconc_4.8_run_0.csv,5760.0,800.0,0,4.8,0.0,4.8,0,33.5,91806.5,373.88,35.7558,91806.5,0.0,0.999998,0.0167448
5760_dose_800_gradient_0_VconcST_0_Vconc_4.8_run_0.csv,5760.0,800.0,0,4.8,0.0,4.8,0,33.75,93184.2,366.47,36.2923,93184.2,0.0,0.999998,0.0167366
5760_dose_800_gradient_0_VconcST_0_Vconc_4.8_run_0.csv,5760.0,800.0,0,4.8,0.0,4.8,0,34.0,94522.4,359.207,36.8135,94522.4,0.0,0.999998,0.0162991
5760_dose_800_gradient_0_VconcST_0_Vconc_4.8_run_0.csv,5760.0,800.0,0,4.8,0.0,4.8,0,34.25,95822.0,352.088,37.3197,95822.0,0.0,0.999998,0.0163088
5760_dose_800_gradient_0_VconcST_0_Vconc_4.8_run_0.csv,5760.0,800.0,0,4.8,0.0,4.8,0,34.5,97083.9,345.11,37.8112,97083.9,0.0,0.999998,0.0158398
5760_dose_800_gradient_0_VconcST_0_Vconc_4.8_run_0.csv,5760.0,800.0,0,4.8,0.0,4.8,0,34.75,98308.7,338.27,38.2882,98308.7,0.0,0.999998,0.0158465
5760_dose_800_gradient_0_VconcST_0_Vconc_4.8_run_0.csv,5760.0,800.0,0,4.8,0.0,4.8,0,35.0,99497.4,331.566,38.7511,99497.4,0.0,0.999998,0.0153979
5760_dose_800_gradient_0_VconcST_0_Vconc_4.8_run_0.csv,5760.0,800.0,0,4.8,0.0,4.8,0,35.25,100651.0,324.995,39.2003,100651.0,0.0,0.999998,0.0154012
5760_dose_800_gradient_0_VconcST_0_Vconc_4.8_run_0.csv,5760.0,800.0,0,4.8,0.0,4.8,0,35.5,101769.0,318.554,39.6359,101769.0,0.0,0.999998,0.0154093
5760_dose_800_gradient_0_VconcST_0_Vconc_4.8_run_0.csv,5760.0,800.0,0,4.8,0.0,4.8,0,35.75,102854.0,312.241,40.0583,102854.0,0.0,0.999998,0.0149592
5760_dose_800_gradient_0_VconcST_0_Vconc_4.8_run_0.csv,5760.0,800.0,0,4.8,0.0,4.8,0,36.0,103905.0,306.052,40.4677,103905.0,0.0,0.999998,0.0149655
5760_dose_800_gradient_0_VconcST_0_Vconc_4.8_run_0.csv,5760.0,800.0,0,4.8,0.0,4.8,0,36.25,104924.0,299.987,40.8645,104924.0,0.0,0.999998,0.0149456
5760_dose_800_gradient_0_VconcST_0_Vconc_4.8_run_0.csv,5760.0,800.0,0,4.8,0.0,4.8,0,36.5,105910.0,294.041,41.2488,105910.0,0.0,0.999998,0.0144749
5760_dose_800_gradient_0_VconcST_0_Vconc_4.8_run_0.csv,5760.0,800.0,0,4.8,0.0,4.8,0,36.75,106866.0,288.214,41.621,106866.0,0.0,0.999998,0.014482
5760_dose_800_gradient_0_VconcST_0_Vconc_4.8_run_0.csv,5760.0,800.0,0,4.8,0.0,4.8,0,37.0,107791.0,282.502,41.9813,107791.0,0.0,0.999998,0.0144891
5760_dose_800_gradient_0_VconcST_0_Vconc_4.8_run_0.csv,5760.0,800.0,0,4.8,0.0,4.8,0,37.25,108687.0,276.903,42.33,108687.0,0.0,0.999998,0.0140354
5760_dose_800_gradient_0_VconcST_0_Vconc_4.8_run_0.csv,5760.0,800.0,0,4.8,0.0,4.8,0,37.5,109553.0,271.414,42.6673,109553.0,0.0,0.999998,0.0140226
5760_dose_800_gradient_0_VconcST_0_Vconc_4.8_run_0.csv,5760.0,800.0,0,4.8,0.0,4.8,0,37.75,110390.0,266.035,42.9935,110390.0,0.0,0.999998,0.0140723
5760_dose_800_gradient_0_VconcST_0_Vconc_4.8_run_0.csv,5760.0,800.0,0,4.8,0.0,4.8,0,38.0,111199.0,260.763,43.3087,111199.0,0.0,0.999998,0.0140364
5760_dose_800_gradient_0_VconcST_0_Vconc_4.8_run_0.csv,5760.0,800.0,0,4.8,0.0,4.8,0,38.25,111981.0,255.595,43.6133,111981.0,0.0,0.999998,0.0140226
5760_dose_800_gradient_0_VconcST_0_Vconc_4.8_run_0.csv,5760.0,800.0,0,4.8,0.0,4.8,0,38.5,112737.0,250.529,43.9074,112737.0,0.0,0.999998,0.013606
5760_dose_800_gradient_0_VconcST_0_Vconc_4.8_run_0.csv,5760.0,800.0,0,4.8,0.0,4.8,0,38.75,113465.0,245.564,44.1913,113465.0,0.0,0.999998,0.0135865
5760_dose_800_gradient_0_VconcST_0_Vconc_4.8_run_0.csv,5760.0,800.0,0,4.8,0.0,4.8,0,39.0,114169.0,240.697,44.4652,114169.0,0.0,0.999998,0.0135865
5760_dose_800_gradient_0_VconcST_0_Vconc_4.8_run_0.csv,5760.0,800.0,0,4.8,0.0,4.8,0,39.25,114847.0,235.927,44.7293,114847.0,0.0,0.999998,0.0135703
5760_dose_800_gradient_0_VconcST_0_Vconc_4.8_run_0.csv,5760.0,800.0,0,4.8,0.0,4.8,0,39.5,115500.0,231.251,44.9838,115500.0,0.0,0.999998,0.0135865
5760_dose_800_gradient_0_VconcST_0_Vconc_4.8_run_0.csv,5760.0,800.0,0,4.8,0.0,4.8,0,39.75,116130.0,226.668,45.229,116130.0,0.0,0.999998,0.0131271
5760_dose_800_gradient_0_VconcST_0_Vconc_4.8_run_0.csv,5760.0,800.0,0,4.8,0.0,4.8,0,40.0,116736.0,222.176,45.465,116736.0,0.0,0.999998,0.0131271
5760_dose_800_gradient_0_VconcST_0_Vconc_4.8_run_0.csv,5760.0,800.0,0,4.8,0.0,4.8,0,40.25,117319.0,217.772,45.692,117319.0,0.0,0.999998,0.013134
5760_dose_800_gradient_0_VconcST_0_Vconc_4.8_run_0.csv,5760.0,800.0,0,4.8,0.0,4.8,0,40.5,117879.0,213.456,45.9102,117879.0,0.0,0.999998,0.0131298
5760_dose_800_gradient_0_VconcST_0_Vconc_4.8_run_0.csv,5760.0,800.0,0,4.8,0.0,4.8,0,40.75,118417.0,209.226,46.1199,118417.0,0.0,0.999998,0.0131321
5760_dose_800_gradient_0_VconcST_0_Vconc_4.8_run_0.csv,5760.0,800.0,0,4.8,0.0,4.8,0,41.0,118934.0,205.079,46.3211,118934.0,0.0,0.999998,0.013139
5760_dose_800_gradient_0_VconcST_0_Vconc_4.8_run_0.csv,5760.0,800.0,0,4.8,0.0,4.8,0,41.25,119430.0,201.015,46.5142,119430.0,0.0,0.999998,0.0131685
5760_dose_800_gradient_0_VconcST_0_Vconc_4.8_run_0.csv,5760.0,800.0,0,4.8,0.0,4.8,0,41.5,119905.0,197.031,46.6992,119905.0,0.0,0.999998,0.0126851
5760_dose_800_gradient_0_VconcST_0_Vconc_2.4_run_2.csv,5760.0,800.0,0,2.4,0.0,2.4,2,0.0,0.0,0.0,0.0,0.0,0.0,0.0,0.0
5760_dose_800_gradient_0_VconcST_0_Vconc_2.4_run_2.csv,5760.0,800.0,0,2.4,0.0,2.4,2,0.25,0.0,0.0,0.0,0.0,0.0,0.0,9829.08
5760_dose_800_gradient_0_VconcST_0_Vconc_2.4_run_2.csv,5760.0,800.0,0,2.4,0.0,2.4,2,0.5,0.0,0.0,0.0,0.0,0.0,0.0,92.388
5760_dose_800_gradient_0_VconcST_0_Vconc_2.4_run_2.csv,5760.0,800.0,0,2.4,0.0,2.4,2,0.75,0.0,0.0,0.0,0.0,0.0,0.0,9118.62
5760_dose_800_gradient_0_VconcST_0_Vconc_2.4_run_2.csv,5760.0,800.0,0,2.4,0.0,2.4,2,1.0,0.0,0.0,0.0,0.0,0.0,0.0,90.702
5760_dose_800_gradient_0_VconcST_0_Vconc_2.4_run_2.csv,5760.0,800.0,0,2.4,0.0,2.4,2,1.25,0.0,0.0,0.0,0.0,0.0,0.0,10000.0
5760_dose_800_gradient_0_VconcST_0_Vconc_2.4_run_2.csv,5760.0,800.0,0,2.4,0.0,2.4,2,1.5,0.0,0.0,0.0,0.0,0.0,0.0,90.2849
5760_dose_800_gradient_0_VconcST_0_Vconc_2.4_run_2.csv,5760.0,800.0,0,2.4,0.0,2.4,2,1.75,0.0,0.0,0.0,0.0,0.0,0.0,10000.0
5760_dose_800_gradient_0_VconcST_0_Vconc_2.4_run_2.csv,5760.0,800.0,0,2.4,0.0,2.4,2,2.0,0.0,0.0,0.0,0.0,0.0,0.0,88.8365
5760_dose_800_gradient_0_VconcST_0_Vconc_2.4_run_2.csv,5760.0,800.0,0,2.4,0.0,2.4,2,2.25,0.0,0.0,0.0,0.0,0.0,0.0,10000.0
5760_dose_800_gradient_0_VconcST_0_Vconc_2.4_run_2.csv,5760.0,800.0,0,2.4,0.0,2.4,2,2.5,0.0,0.0,0.0,0.0,0.0,0.0,89.0074
5760_dose_800_gradient_0_VconcST_0_Vconc_2.4_run_2.csv,5760.0,800.0,0,2.4,0.0,2.4,2,2.75,0.0,0.0,0.0,0.0,0.0,0.0,10000.0
5760_dose_800_gradient_0_VconcST_0_Vconc_2.4_run_2.csv,5760.0,800.0,0,2.4,0.0,2.4,2,3.0,0.0,0.0,0.0,0.0,0.0,0.0,89.271
5760_dose_800_gradient_0_VconcST_0_Vconc_2.4_run_2.csv,5760.0,800.0,0,2.4,0.0,2.4,2,3.25,0.0,0.0,0.0,0.0,0.0,0.0,10000.0
5760_dose_800_gradient_0_VconcST_0_Vconc_2.4_run_2.csv,5760.0,800.0,0,2.4,0.0,2.4,2,3.5,0.0,0.0,0.0,0.0,0.0,0.0,88.0631
5760_dose_800_gradient_0_VconcST_0_Vconc_2.4_run_2.csv,5760.0,800.0,0,2.4,0.0,2.4,2,3.75,0.0,0.0,0.0,0.0,0.0,0.0,10000.0
5760_dose_800_gradient_0_VconcST_0_Vconc_2.4_run_2.csv,5760.0,800.0,0,2.4,0.0,2.4,2,4.0,0.0,0.0,0.0,0.0,0.0009375,0.0,89.7606
5760_dose_800_gradient_0_VconcST_0_Vconc_2.4_run_2.csv,5760.0,800.0,0,2.4,0.0,2.4,2,4.25,0.0,0.0,0.0,0.0,0.0,0.0,10000.0
5760_dose_800_gradient_0_VconcST_0_Vconc_2.4_run_2.csv,5760.0,800.0,0,2.4,0.0,2.4,2,4.5,0.0,0.0,0.0,0.0,0.0,0.0,3702.87
5760_dose_800_gradient_0_VconcST_0_Vconc_2.4_run_2.csv,5760.0,800.0,0,2.4,0.0,2.4,2,4.75,0.0,0.0,0.0,0.0,0.0,0.0,293.301
5760_dose_800_gradient_0_VconcST_0_Vconc_2.4_run_2.csv,5760.0,800.0,0,2.4,0.0,2.4,2,5.0,0.0,0.0,0.0,0.0,0.0,0.0,4418.65
5760_dose_800_gradient_0_VconcST_0_Vconc_2.4_run_2.csv,5760.0,800.0,0,2.4,0.0,2.4,2,5.25,0.0,0.0,0.0,0.0,0.0,0.0,289.443
5760_dose_800_gradient_0_VconcST_0_Vconc_2.4_run_2.csv,5760.0,800.0,0,2.4,0.0,2.4,2,5.5,0.0,0.0,0.0,0.0,0.0,0.0,4987.67
5760_dose_800_gradient_0_VconcST_0_Vconc_2.4_run_2.csv,5760.0,800.0,0,2.4,0.0,2.4,2,5.75,0.0,0.0,0.0,0.0,0.0,0.0,287.696
5760_dose_800_gradient_0_VconcST_0_Vconc_2.4_run_2.csv,5760.0,800.0,0,2.4,0.0,2.4,2,6.0,0.0,0.0,0.0,0.0,0.0,0.0,5477.32
5760_dose_800_gradient_0_VconcST_0_Vconc_2.4_run_2.csv,5760.0,800.0,0,2.4,0.0,2.4,2,6.25,0.0,0.0,0.0,0.0,0.0,0.0,286.465
5760_dose_800_gradient_0_VconcST_0_Vconc_2.4_run_2.csv,5760.0,800.0,0,2.4,0.0,2.4,2,6.5,0.0,0.0,0.0,0.0,0.0,0.0,5794.33
5760_dose_800_gradient_0_VconcST_0_Vconc_2.4_run_2.csv,5760.0,800.0,0,2.4,0.0,2.4,2,6.75,0.0,0.0,0.0,0.0,0.0,0.0,215.057
5760_dose_800_gradient_0_VconcST_0_Vconc_2.4_run_2.csv,5760.0,800.0,0,2.4,0.0,2.4,2,7.0,0.0,0.0,0.0,0.0,0.0,0.0,6998.36
5760_dose_800_gradient_0_VconcST_0_Vconc_2.4_run_2.csv,5760.0,800.0,0,2.4,0.0,2.4,2,7.25,0.0,0.0,0.0,0.0,0.0,0.0,136.357
5760_dose_800_gradient_0_VconcST_0_Vconc_2.4_run_2.csv,5760.0,800.0,0,2.4,0.0,2.4,2,7.5,0.0,0.0,0.0,0.0,0.0,0.0,8035.08
5760_dose_800_gradient_0_VconcST_0_Vconc_2.4_run_2.csv,5760.0,800.0,0,2.4,0.0,2.4,2,7.75,0.0,0.0,0.0,0.0,0.0,0.0,119.319
5760_dose_800_gradient_0_VconcST_0_Vconc_2.4_run_2.csv,5760.0,800.0,0,2.4,0.0,2.4,2,8.0,0.0,0.0,0.0,0.0,0.0,0.0,8225.95
5760_dose_800_gradient_0_VconcST_0_Vconc_2.4_run_2.csv,5760.0,800.0,0,2.4,0.0,2.4,2,8.25,0.0,0.0,0.0,0.0,0.0,0.0,103.801
5760_dose_800_gradient_0_VconcST_0_Vconc_2.4_run_2.csv,5760.0,800.0,0,2.4,0.0,2.4,2,8.5,0.0,0.0,0.0,0.0,0.0,0.0,8876.77
5760_dose_800_gradient_0_VconcST_0_Vconc_2.4_run_2.csv,5760.0,800.0,0,2.4,0.0,2.4,2,8.75,0.0,0.0,0.0,0.0,0.0,0.0,97.069
5760_dose_800_gradient_0_VconcST_0_Vconc_2.4_run_2.csv,5760.0,800.0,0,2.4,0.0,2.4,2,9.0,0.0,0.0,0.0,0.0,0.0,0.0,9738.96
5760_dose_800_gradient_0_VconcST_0_Vconc_2.4_run_2.csv,5760.0,800.0,0,2.4,0.0,2.4,2,9.25,0.0,0.0,0.0,0.0,0.0,0.0,91.7014
5760_dose_800_gradient_0_VconcST_0_Vconc_2.4_run_2.csv,5760.0,800.0,0,2.4,0.0,2.4,2,9.5,0.0,0.0,0.0,0.0,0.0,0.0,9756.84
5760_dose_800_gradient_0_VconcST_0_Vconc_2.4_run_2.csv,5760.0,800.0,0,2.4,0.0,2.4,2,9.75,0.0,0.0,0.0,0.0,0.0,0.0,88.6946
5760_dose_800_gradient_0_VconcST_0_Vconc_2.4_run_2.csv,5760.0,800.0,0,2.4,0.0,2.4,2,10.0,0.0,0.0,0.0,0.0,0.0,0.0,10000.0
5760_dose_800_gradient_0_VconcST_0_Vconc_2.4_run_2.csv,5760.0,800.0,0,2.4,0.0,2.4,2,10.25,0.0,0.0,0.0,0.0,0.0,0.0,88.9234
5760_dose_800_gradient_0_VconcST_0_Vconc_2.4_run_2.csv,5760.0,800.0,0,2.4,0.0,2.4,2,10.5,0.0,0.0,0.0,0.0,0.0,0.0,10000.0
5760_dose_800_gradient_0_VconcST_0_Vconc_2.4_run_2.csv,5760.0,800.0,0,2.4,0.0,2.4,2,10.75,0.0,0.0,0.0,0.0,0.0,0.0,87.6605
5760_dose_800_gradient_0_VconcST_0_Vconc_2.4_run_2.csv,5760.0,800.0,0,2.4,0.0,2.4,2,11.0,0.0,0.0,0.0,0.0,0.0,0.0,10000.0
5760_dose_800_gradient_0_VconcST_0_Vconc_2.4_run_2.csv,5760.0,800.0,0,2.4,0.0,2.4,2,11.25,0.0,0.0,0.0,0.0,0.0,0.0,88.8307
5760_dose_800_gradient_0_VconcST_0_Vconc_2.4_run_2.csv,5760.0,800.0,0,2.4,0.0,2.4,2,11.5,0.0,0.0,0.0,0.0,0.0,0.0,10000.0
5760_dose_800_gradient_0_VconcST_0_Vconc_2.4_run_2.csv,5760.0,800.0,0,2.4,0.0,2.4,2,11.75,0.0,0.0,0.0,0.0,0.0,0.0,89.0625
5760_dose_800_gradient_0_VconcST_0_Vconc_2.4_run_2.csv,5760.0,800.0,0,2.4,0.0,2.4,2,12.0,0.0,0.0,0.0,0.0,0.0,0.0,10000.0
5760_dose_800_gradient_0_VconcST_0_Vconc_2.4_run_2.csv,5760.0,800.0,0,2.4,0.0,2.4,2,12.25,0.0,0.0,0.0,0.0,0.0,0.0,88.5063
5760_dose_800_gradient_0_VconcST_0_Vconc_2.4_run_2.csv,5760.0,800.0,0,2.4,0.0,2.4,2,12.5,0.0,0.0,0.0,0.0,0.0,0.0,10000.0
5760_dose_800_gradient_0_VconcST_0_Vconc_2.4_run_2.csv,5760.0,800.0,0,2.4,0.0,2.4,2,12.75,0.0,0.0,0.0,0.0,0.0,0.0,3591.36
5760_dose_800_gradient_0_VconcST_0_Vconc_2.4_run_2.csv,5760.0,800.0,0,2.4,0.0,2.4,2,13.0,0.0,0.0,0.0,0.0,0.0,0.0,282.948
5760_dose_800_gradient_0_VconcST_0_Vconc_2.4_run_2.csv,5760.0,800.0,0,2.4,0.0,2.4,2,13.25,0.0,0.0,0.0,0.0,0.0,0.0,4469.03
5760_dose_800_gradient_0_VconcST_0_Vconc_2.4_run_2.csv,5760.0,800.0,0,2.4,0.0,2.4,2,13.5,0.0,0.0,0.0,0.0,0.0,0.0,290.984
5760_dose_800_gradient_0_VconcST_0_Vconc_2.4_run_2.csv,5760.0,800.0,0,2.4,0.0,2.4,2,13.75,0.0,0.0,0.0,0.0,0.0,0.0,4826.48
5760_dose_800_gradient_0_VconcST_0_Vconc_2.4_run_2.csv,5760.0,800.0,0,2.4,0.0,2.4,2,14.0,0.0,0.0,0.0,0.0,0.0,0.0,281.335
5760_dose_800_gradient_0_VconcST_0_Vconc_2.4_run_2.csv,5760.0,800.0,0,2.4,0.0,2.4,2,14.25,0.0,0.0,0.0,0.0,0.0,0.0,5474.85
5760_dose_800_gradient_0_VconcST_0_Vconc_2.4_run_2.csv,5760.0,800.0,0,2.4,0.0,2.4,2,14.5,0.0,0.0,0.0,0.0,0.0,0.0,285.66
5760_dose_800_gradient_0_VconcST_0_Vconc_2.4_run_2.csv,5760.0,800.0,0,2.4,0.0,2.4,2,14.75,0.0,0.0,0.0,0.0,0.0,0.0,6127.3
5760_dose_800_gradient_0_VconcST_0_Vconc_2.4_run_2.csv,5760.0,800.0,0,2.4,0.0,2.4,2,15.0,0.0,0.0,0.0,0.0,0.0,0.0,228.341
5760_dose_800_gradient_0_VconcST_0_Vconc_2.4_run_2.csv,5760.0,800.0,0,2.4,0.0,2.4,2,15.25,0.0,0.0,0.0,0.0,0.0,0.0,6948.35
5760_dose_800_gradient_0_VconcST_0_Vconc_2.4_run_2.csv,5760.0,800.0,0,2.4,0.0,2.4,2,15.5,0.0,0.0,0.0,0.0,0.0,0.0,139.138
5760_dose_800_gradient_0_VconcST_0_Vconc_2.4_run_2.csv,5760.0,800.0,0,2.4,0.0,2.4,2,15.75,0.0,0.0,0.0,0.0,0.0,0.0,7544.64
5760_dose_800_gradient_0_VconcST_0_Vconc_2.4_run_2.csv,5760.0,800.0,0,2.4,0.0,2.4,2,16.0,0.0,0.0,0.0,0.0,0.0,0.0,107.99
5760_dose_800_gradient_0_VconcST_0_Vconc_2.4_run_2.csv,5760.0,800.0,0,2.4,0.0,2.4,2,16.25,0.0,0.0,0.0,0.0,0.0,0.0,8602.63
5760_dose_800_gradient_0_VconcST_0_Vconc_2.4_run_2.csv,5760.0,800.0,0,2.4,0.0,2.4,2,16.5,0.0,0.0,0.0,0.0,0.0,0.0,110.429
5760_dose_800_gradient_0_VconcST_0_Vconc_2.4_run_2.csv,5760.0,800.0,0,2.4,0.0,2.4,2,16.75,0.0,0.0,0.0,0.0,0.00138455,0.0,8954.03
5760_dose_800_gradient_0_VconcST_0_Vconc_2.4_run_2.csv,5760.0,800.0,0,2.4,0.0,2.4,2,17.0,0.0,0.0,0.0,0.0,0.0,0.0,101.614
5760_dose_800_gradient_0_VconcST_0_Vconc_2.4_run_2.csv,5760.0,800.0,0,2.4,0.0,2.4,2,17.25,0.0,0.0,0.0,0.0,0.0,0.0,9227.01
5760_dose_800_gradient_0_VconcST_0_Vconc_2.4_run_2.csv,5760.0,800.0,0,2.4,0.0,2.4,2,17.5,0.0,0.0,0.0,0.0,0.0,0.0,95.3542
5760_dose_800_gradient_0_VconcST_0_Vconc_2.4_run_2.csv,5760.0,800.0,0,2.4,0.0,2.4,2,17.75,0.0,0.0,0.0,0.0,0.0,0.0,10000.0
5760_dose_800_gradient_0_VconcST_0_Vconc_2.4_run_2.csv,5760.0,800.0,0,2.4,0.0,2.4,2,18.0,0.0,0.0,0.0,0.0,0.0,0.0,89.8185
5760_dose_800_gradient_0_VconcST_0_Vconc_2.4_run_2.csv,5760.0,800.0,0,2.4,0.0,2.4,2,18.25,0.0,0.0,0.0,0.0,0.0,0.0,10000.0
5760_dose_800_gradient_0_VconcST_0_Vconc_2.4_run_2.csv,5760.0,800.0,0,2.4,0.0,2.4,2,18.5,0.0,0.0,0.0,0.0,0.0,0.0,88.6077
5760_dose_800_gradient_0_VconcST_0_Vconc_2.4_run_2.csv,5760.0,800.0,0,2.4,0.0,2.4,2,18.75,0.0,0.0,0.0,0.0,0.0,0.0,10000.0
5760_dose_800_gradient_0_VconcST_0_Vconc_2.4_run_2.csv,5760.0,800.0,0,2.4,0.0,2.4,2,19.0,0.0,0.0,0.0,0.0,0.0,0.0,90.0271
5760_dose_800_gradient_0_VconcST_0_Vconc_2.4_run_2.csv,5760.0,800.0,0,2.4,0.0,2.4,2,19.25,0.0,0.0,0.0,0.0,0.0,0.0,10000.0
5760_dose_800_gradient_0_VconcST_0_Vconc_2.4_run_2.csv,5760.0,800.0,0,2.4,0.0,2.4,2,19.5,0.0,0.0,0.0,0.0,0.0,0.0,89.9721
5760_dose_800_gradient_0_VconcST_0_Vconc_2.4_run_2.csv,5760.0,800.0,0,2.4,0.0,2.4,2,19.75,0.0,0.0,0.0,0.0,0.0,0.0,10000.0
5760_dose_800_gradient_0_VconcST_0_Vconc_2.4_run_2.csv,5760.0,800.0,0,2.4,0.0,2.4,2,20.0,0.0,0.0,0.0,0.0,0.000549045,0.0,88.796
5760_dose_800_gradient_0_VconcST_0_Vconc_2.4_run_2.csv,5760.0,800.0,0,2.4,0.0,2.4,2,20.25,0.0,0.0,0.0,0.0,0.0,0.0,10000.0
5760_dose_800_gradient_0_VconcST_0_Vconc_2.4_run_2.csv,5760.0,800.0,0,2.4,0.0,2.4,2,20.5,0.0,0.0,0.0,0.0,0.0,0.0,88.8771
5760_dose_800_gradient_0_VconcST_0_Vconc_2.4_run_2.csv,5760.0,800.0,0,2.4,0.0,2.4,2,20.75,0.0,0.0,0.0,0.0,0.0,0.0,10000.0
5760_dose_800_gradient_0_VconcST_0_Vconc_2.4_run_2.csv,5760.0,800.0,0,2.4,0.0,2.4,2,21.0,0.0,0.0,0.0,0.0,0.0,0.0,3508.88
5760_dose_800_gradient_0_VconcST_0_Vconc_2.4_run_2.csv,5760.0,800.0,0,2.4,0.0,2.4,2,21.25,0.0,0.0,0.0,0.0,0.0,0.0,292.751
5760_dose_800_gradient_0_VconcST_0_Vconc_2.4_run_2.csv,5760.0,800.0,0,2.4,0.0,2.4,2,21.5,0.0,0.0,0.0,0.0,0.0,0.0,4241.76
5760_dose_800_gradient_0_VconcST_0_Vconc_2.4_run_2.csv,5760.0,800.0,0,2.4,0.0,2.4,2,21.75,0.0,0.0,0.0,0.0,0.0,0.0,289.593
5760_dose_800_gradient_0_VconcST_0_Vconc_2.4_run_2.csv,5760.0,800.0,0,2.4,0.0,2.4,2,22.0,0.0,0.0,0.0,0.0,0.0,0.0,5196.2
5760_dose_800_gradient_0_VconcST_0_Vconc_2.4_run_2.csv,5760.0,800.0,0,2.4,0.0,2.4,2,22.25,0.0,0.0,0.0,0.0,0.0,0.0,292.748
5760_dose_800_gradient_0_VconcST_0_Vconc_2.4_run_2.csv,5760.0,800.0,0,2.4,0.0,2.4,2,22.5,0.0,0.0,0.0,0.0,0.0,0.0,5392.72
5760_dose_800_gradient_0_VconcST_0_Vconc_2.4_run_2.csv,5760.0,800.0,0,2.4,0.0,2.4,2,22.75,0.0,0.0,0.0,0.0,0.0,0.0,283.655
5760_dose_800_gradient_0_VconcST_0_Vconc_2.4_run_2.csv,5760.0,800.0,0,2.4,0.0,2.4,2,23.0,0.0,0.0,0.0,0.0,0.0,0.0,6144.96
5760_dose_800_gradient_0_VconcST_0_Vconc_2.4_run_2.csv,5760.0,800.0,0,2.4,0.0,2.4,2,23.25,0.0,0.0,0.0,0.0,0.0,0.0,223.313
5760_dose_800_gradient_0_VconcST_0_Vconc_2.4_run_2.csv,5760.0,800.0,0,2.4,0.0,2.4,2,23.5,0.0,0.0,0.0,0.0,0.0,0.0,6457.13
5760_dose_800_gradient_0_VconcST_0_Vconc_2.4_run_2.csv,5760.0,800.0,0,2.4,0.0,2.4,2,23.75,0.0,0.0,0.0,0.0,0.0,0.0,151.182
5760_dose_800_gradient_0_VconcST_0_Vconc_2.4_run_2.csv,5760.0,800.0,0,2.4,0.0,2.4,2,24.0,62.29,800.0,0.02426,62.29,0.0,0.0,7161.33
5760_dose_800_gradient_0_VconcST_0_Vconc_2.4_run_2.csv,5760.0,800.0,0,2.4,0.0,2.4,2,24.25,3754.75,784.145,1.46236,3754.75,0.0,0.999946,0.00831885
5760_dose_800_gradient_0_VconcST_0_Vconc_2.4_run_2.csv,5760.0,800.0,0,2.4,0.0,2.4,2,24.5,7360.03,768.604,2.8665,7360.03,0.0,0.999973,0.135223
5760_dose_800_gradient_0_VconcST_0_Vconc_2.4_run_2.csv,5760.0,800.0,0,2.4,0.0,2.4,2,24.75,10879.9,753.371,4.23739,10879.9,0.0,0.999982,0.0826055
5760_dose_800_gradient_0_VconcST_0_Vconc_2.4_run_2.csv,5760.0,800.0,0,2.4,0.0,2.4,2,25.0,14316.1,738.44,5.57569,14316.1,0.0,0.999986,0.060013
5760_dose_800_gradient_0_VconcST_0_Vconc_2.4_run_2.csv,5760.0,800.0,0,2.4,0.0,2.4,2,25.25,17670.4,723.805,6.88207,17670.4,0.0,0.999989,0.0473067
5760_dose_800_gradient_0_VconcST_0_Vconc_2.4_run_2.csv,5760.0,800.0,0,2.4,0.0,2.4,2,25.5,20944.4,709.46,8.15719,20944.4,0.0,0.99999,0.0391544
5760_dose_800_gradient_0_VconcST_0_Vconc_2.4_run_2.csv,5760.0,800.0,0,2.4,0.0,2.4,2,25.75,24139.7,695.4,9.40168,24139.7,0.0,0.999992,0.0335398
5760_dose_800_gradient_0_VconcST_0_Vconc_2.4_run_2.csv,5760.0,800.0,0,2.4,0.0,2.4,2,26.0,27258.1,681.618,10.6162,27258.1,0.0,0.999993,0.029463
5760_dose_800_gradient_0_VconcST_0_Vconc_2.4_run_2.csv,5760.0,800.0,0,2.4,0.0,2.4,2,26.25,30301.0,668.109,11.8013,30301.0,0.0,0.999993,0.0262354
5760_dose_800_gradient_0_VconcST_0_Vconc_2.4_run_2.csv,5760.0,800.0,0,2.4,0.0,2.4,2,26.5,33270.0,654.868,12.9576,33270.0,0.0,0.999994,0.0237478
5760_dose_800_gradient_0_VconcST_0_Vconc_2.4_run_2.csv,5760.0,800.0,0,2.4,0.0,2.4,2,26.75,36166.6,641.889,14.0858,36166.6,0.0,0.999994,0.0217404
5760_dose_800_gradient_0_VconcST_0_Vconc_2.4_run_2.csv,5760.0,800.0,0,2.4,0.0,2.4,2,27.0,38992.4,629.168,15.1863,38992.4,0.0,0.999995,0.0201659
5760_dose_800_gradient_0_VconcST_0_Vconc_2.4_run_2.csv,5760.0,800.0,0,2.4,0.0,2.4,2,27.25,41748.7,616.698,16.2598,41748.7,0.0,0.999995,0.0188129
5760_dose_800_gradient_0_VconcST_0_Vconc_2.4_run_2.csv,5760.0,800.0,0,2.4,0.0,2.4,2,27.5,44437.0,604.476,17.3068,44437.0,0.0,0.999996,0.017415
5760_dose_800_gradient_0_VconcST_0_Vconc_2.4_run_2.csv,5760.0,800.0,0,2.4,0.0,2.4,2,27.75,47058.6,592.496,18.3279,47058.6,0.0,0.999996,0.0165255
5760_dose_800_gradient_0_VconcST_0_Vconc_2.4_run_2.csv,5760.0,800.0,0,2.4,0.0,2.4,2,28.0,49615.1,580.753,19.3235,49615.1,0.0,0.999996,0.0156293
5760_dose_800_gradient_0_VconcST_0_Vconc_2.4_run_2.csv,5760.0,800.0,0,2.4,0.0,2.4,2,28.25,52107.7,569.244,20.2943,52107.7,0.0,0.999996,0.0149435
5760_dose_800_gradient_0_VconcST_0_Vconc_2.4_run_2.csv,5760.0,800.0,0,2.4,0.0,2.4,2,28.5,54537.6,557.962,21.2407,54537.6,0.0,0.999996,0.0142837
5760_dose_800_gradient_0_VconcST_0_Vconc_2.4_run_2.csv,5760.0,800.0,0,2.4,0.0,2.4,2,28.75,56906.3,546.904,22.1632,56906.3,0.0,0.999996,0.0135703
5760_dose_800_gradient_0_VconcST_0_Vconc_2.4_run_2.csv,5760.0,800.0,0,2.4,0.0,2.4,2,29.0,59214.9,536.065,23.0624,59214.9,0.0,0.999997,0.0131178
5760_dose_800_gradient_0_VconcST_0_Vconc_2.4_run_2.csv,5760.0,800.0,0,2.4,0.0,2.4,2,29.25,61464.8,525.441,23.9386,61464.8,0.0,0.999997,0.0124482
5760_dose_800_gradient_0_VconcST_0_Vconc_2.4_run_2.csv,5760.0,800.0,0,2.4,0.0,2.4,2,29.5,63657.1,515.027,24.7925,63657.1,0.0,0.999997,0.0120162
5760_dose_800_gradient_0_VconcST_0_Vconc_2.4_run_2.csv,5760.0,800.0,0,2.4,0.0,2.4,2,29.75,65793.0,504.82,25.6243,65793.0,0.0,0.999997,0.0117811
5760_dose_800_gradient_0_VconcST_0_Vconc_2.4_run_2.csv,5760.0,800.0,0,2.4,0.0,2.4,2,30.0,67873.7,494.815,26.4347,67873.7,0.0,0.999997,0.0115346
5760_dose_800_gradient_0_VconcST_0_Vconc_2.4_run_2.csv,5760.0,800.0,0,2.4,0.0,2.4,2,30.25,69900.4,485.009,27.224,69900.4,0.0,0.999997,0.0110878
5760_dose_800_gradient_0_VconcST_0_Vconc_2.4_run_2.csv,5760.0,800.0,0,2.4,0.0,2.4,2,30.5,71874.0,475.396,27.9927,71874.0,0.0,0.999997,0.0108906
5760_dose_800_gradient_0_VconcST_0_Vconc_2.4_run_2.csv,5760.0,800.0,0,2.4,0.0,2.4,2,30.75,73795.9,465.974,28.7412,73795.9,0.0,0.999997,0.010642
5760_dose_800_gradient_0_VconcST_0_Vconc_2.4_run_2.csv,5760.0,800.0,0,2.4,0.0,2.4,2,31.0,75667.0,456.739,29.4699,75667.0,0.0,0.999997,0.0104207
5760_dose_800_gradient_0_VconcST_0_Vconc_2.4_run_2.csv,5760.0,800.0,0,2.4,0.0,2.4,2,31.25,77488.3,447.687,30.1793,77488.3,0.0,0.999997,0.00996829
5760_dose_800_gradient_0_VconcST_0_Vconc_2.4_run_2.csv,5760.0,800.0,0,2.4,0.0,2.4,2,31.5,79260.9,438.815,30.8697,79260.9,0.0,0.999997,0.00973424
5760_dose_800_gradient_0_VconcST_0_Vconc_2.4_run_2.csv,5760.0,800.0,0,2.4,0.0,2.4,2,31.75,80985.9,430.118,31.5415,80985.9,0.0,0.999997,0.00973116
5760_dose_800_gradient_0_VconcST_0_Vconc_2.4_run_2.csv,5760.0,800.0,0,2.4,0.0,2.4,2,32.0,82664.2,421.593,32.1951,82664.2,0.0,0.999998,0.0095085
5760_dose_800_gradient_0_VconcST_0_Vconc_2.4_run_2.csv,5760.0,800.0,0,2.4,0.0,2.4,2,32.25,84296.8,413.238,32.831,84296.8,0.0,0.999998,0.00928214
5760_dose_800_gradient_0_VconcST_0_Vconc_2.4_run_2.csv,5760.0,800.0,0,2.4,0.0,2.4,2,32.5,85884.6,405.048,33.4494,85884.6,0.0,0.999998,0.00905322
5760_dose_800_gradient_0_VconcST_0_Vconc_2.4_run_2.csv,5760.0,800.0,0,2.4,0.0,2.4,2,32.75,87428.5,397.021,34.0507,87428.5,0.0,0.999998,0.00884048
5760_dose_800_gradient_0_VconcST_0_Vconc_2.4_run_2.csv,5760.0,800.0,0,2.4,0.0,2.4,2,33.0,88929.6,389.152,34.6353,88929.6,0.0,0.999998,0.00884234
5760_dose_800_gradient_0_VconcST_0_Vconc_2.4_run_2.csv,5760.0,800.0,0,2.4,0.0,2.4,2,33.25,90388.7,381.44,35.2036,90388.7,0.0,0.999998,0.00859448
5760_dose_800_gradient_0_VconcST_0_Vconc_2.4_run_2.csv,5760.0,800.0,0,2.4,0.0,2.4,2,33.5,91806.5,373.88,35.7558,91806.5,0.0,0.999998,0.00839214
5760_dose_800_gradient_0_VconcST_0_Vconc_2.4_run_2.csv,5760.0,800.0,0,2.4,0.0,2.4,2,33.75,93184.2,366.47,36.2923,93184.2,0.0,0.999998,0.00836832
5760_dose_800_gradient_0_VconcST_0_Vconc_2.4_run_2.csv,5760.0,800.0,0,2.4,0.0,2.4,2,34.0,94522.4,359.207,36.8135,94522.4,0.0,0.999998,0.00814215
5760_dose_800_gradient_0_VconcST_0_Vconc_2.4_run_2.csv,5760.0,800.0,0,2.4,0.0,2.4,2,34.25,95822.0,352.088,37.3197,95822.0,0.0,0.999998,0.00816361
5760_dose_800_gradient_0_VconcST_0_Vconc_2.4_run_2.csv,5760.0,800.0,0,2.4,0.0,2.4,2,34.5,97083.9,345.11,37.8112,97083.9,0.0,0.999998,0.0079327
5760_dose_800_gradient_0_VconcST_0_Vconc_2.4_run_2.csv,5760.0,800.0,0,2.4,0.0,2.4,2,34.75,98308.7,338.27,38.2882,98308.7,0.0,0.999998,0.00793325
5760_dose_800_gradient_0_VconcST_0_Vconc_2.4_run_2.csv,5760.0,800.0,0,2.4,0.0,2.4,2,35.0,99497.4,331.566,38.7511,99497.4,0.0,0.999998,0.00769741
5760_dose_800_gradient_0_VconcST_0_Vconc_2.4_run_2.csv,5760.0,800.0,0,2.4,0.0,2.4,2,35.25,100651.0,324.995,39.2003,100651.0,0.0,0.999998,0.0077093
5760_dose_800_gradient_0_VconcST_0_Vconc_2.4_run_2.csv,5760.0,800.0,0,2.4,0.0,2.4,2,35.5,101769.0,318.554,39.6359,101769.0,0.0,0.999998,0.00769525
5760_dose_800_gradient_0_VconcST_0_Vconc_2.4_run_2.csv,5760.0,800.0,0,2.4,0.0,2.4,2,35.75,102854.0,312.241,40.0583,102854.0,0.0,0.999998,0.00746363
5760_dose_800_gradient_0_VconcST_0_Vconc_2.4_run_2.csv,5760.0,800.0,0,2.4,0.0,2.4,2,36.0,103905.0,306.052,40.4677,103905.0,0.0,0.999998,0.00747704
5760_dose_800_gradient_0_VconcST_0_Vconc_2.4_run_2.csv,5760.0,800.0,0,2.4,0.0,2.4,2,36.25,104924.0,299.987,40.8645,104924.0,0.0,0.999998,0.00746367
5760_dose_800_gradient_0_VconcST_0_Vconc_2.4_run_2.csv,5760.0,800.0,0,2.4,0.0,2.4,2,36.5,105910.0,294.041,41.2488,105910.0,0.0,0.999998,0.00724179
5760_dose_800_gradient_0_VconcST_0_Vconc_2.4_run_2.csv,5760.0,800.0,0,2.4,0.0,2.4,2,36.75,106866.0,288.214,41.621,106866.0,0.0,0.999998,0.00726265
5760_dose_800_gradient_0_VconcST_0_Vconc_2.4_run_2.csv,5760.0,800.0,0,2.4,0.0,2.4,2,37.0,107791.0,282.502,41.9813,107791.0,0.0,0.999998,0.00724764
5760_dose_800_gradient_0_VconcST_0_Vconc_2.4_run_2.csv,5760.0,800.0,0,2.4,0.0,2.4,2,37.25,108687.0,276.903,42.33,108687.0,0.0,0.999998,0.00701129
5760_dose_800_gradient_0_VconcST_0_Vconc_2.4_run_2.csv,5760.0,800.0,0,2.4,0.0,2.4,2,37.5,109553.0,271.414,42.6673,109553.0,0.0,0.999998,0.00701129
5760_dose_800_gradient_0_VconcST_0_Vconc_2.4_run_2.csv,5760.0,800.0,0,2.4,0.0,2.4,2,37.75,110390.0,266.035,42.9935,110390.0,0.0,0.999998,0.00701129
5760_dose_800_gradient_0_VconcST_0_Vconc_2.4_run_2.csv,5760.0,800.0,0,2.4,0.0,2.4,2,38.0,111199.0,260.763,43.3087,111199.0,0.0,0.999998,0.00702115
5760_dose_800_gradient_0_VconcST_0_Vconc_2.4_run_2.csv,5760.0,800.0,0,2.4,0.0,2.4,2,38.25,111981.0,255.595,43.6133,111981.0,0.0,0.999998,0.00701129
5760_dose_800_gradient_0_VconcST_0_Vconc_2.4_run_2.csv,5760.0,800.0,0,2.4,0.0,2.4,2,38.5,112737.0,250.529,43.9074,112737.0,0.0,0.999998,0.00679636
5760_dose_800_gradient_0_VconcST_0_Vconc_2.4_run_2.csv,5760.0,800.0,0,2.4,0.0,2.4,2,38.75,113465.0,245.564,44.1913,113465.0,0.0,0.999998,0.00678992
5760_dose_800_gradient_0_VconcST_0_Vconc_2.4_run_2.csv,5760.0,800.0,0,2.4,0.0,2.4,2,39.0,114169.0,240.697,44.4652,114169.0,0.0,0.999998,0.00681495
5760_dose_800_gradient_0_VconcST_0_Vconc_2.4_run_2.csv,5760.0,800.0,0,2.4,0.0,2.4,2,39.25,114847.0,235.927,44.7293,114847.0,0.0,0.999998,0.00678515
5760_dose_800_gradient_0_VconcST_0_Vconc_2.4_run_2.csv,5760.0,800.0,0,2.4,0.0,2.4,2,39.5,115500.0,231.251,44.9838,115500.0,0.0,0.999998,0.00678849
5760_dose_800_gradient_0_VconcST_0_Vconc_2.4_run_2.csv,5760.0,800.0,0,2.4,0.0,2.4,2,39.75,116130.0,226.668,45.229,116130.0,0.0,0.999998,0.00656428
5760_dose_800_gradient_0_VconcST_0_Vconc_2.4_run_2.csv,5760.0,800.0,0,2.4,0.0,2.4,2,40.0,116736.0,222.176,45.465,116736.0,0.0,0.999998,0.00656612
5760_dose_800_gradient_0_VconcST_0_Vconc_2.4_run_2.csv,5760.0,800.0,0,2.4,0.0,2.4,2,40.25,117319.0,217.772,45.692,117319.0,0.0,0.999998,0.00656682
5760_dose_800_gradient_0_VconcST_0_Vconc_2.4_run_2.csv,5760.0,800.0,0,2.4,0.0,2.4,2,40.5,117879.0,213.456,45.9102,117879.0,0.0,0.999998,0.00655898
5760_dose_800_gradient_0_VconcST_0_Vconc_2.4_run_2.csv,5760.0,800.0,0,2.4,0.0,2.4,2,40.75,118417.0,209.226,46.1199,118417.0,0.0,0.999998,0.00655898
5760_dose_800_gradient_0_VconcST_0_Vconc_2.4_run_2.csv,5760.0,800.0,0,2.4,0.0,2.4,2,41.0,118934.0,205.079,46.3211,118934.0,0.0,0.999998,0.00656359
5760_dose_800_gradient_0_VconcST_0_Vconc_2.4_run_2.csv,5760.0,800.0,0,2.4,0.0,2.4,2,41.25,119430.0,201.015,46.5142,119430.0,0.0,0.999998,0.00657604
5760_dose_800_gradient_0_VconcST_0_Vconc_2.4_run_2.csv,5760.0,800.0,0,2.4,0.0,2.4,2,41.5,119905.0,197.031,46.6992,119905.0,0.0,0.999998,0.00633281
5760_dose_800_gradient_0_VconcST_0_Vconc_4.8_run_1.csv,5760.0,800.0,0,4.8,0.0,4.8,1,0.0,0.0,0.0,0.0,0.0,0.0,0.0,0.0
5760_dose_800_gradient_0_VconcST_0_Vconc_4.8_run_1.csv,5760.0,800.0,0,4.8,0.0,4.8,1,0.25,0.0,0.0,0.0,0.0,0.0,0.0,10000.0
5760_dose_800_gradient_0_VconcST_0_Vconc_4.8_run_1.csv,5760.0,800.0,0,4.8,0.0,4.8,1,0.5,0.0,0.0,0.0,0.0,0.0,0.0,229.727
5760_dose_800_gradient_0_VconcST_0_Vconc_4.8_run_1.csv,5760.0,800.0,0,4.8,0.0,4.8,1,0.75,0.0,0.0,0.0,0.0,0.0,0.0,10000.0
5760_dose_800_gradient_0_VconcST_0_Vconc_4.8_run_1.csv,5760.0,800.0,0,4.8,0.0,4.8,1,1.0,0.0,0.0,0.0,0.0,0.0,0.0,202.295
5760_dose_800_gradient_0_VconcST_0_Vconc_4.8_run_1.csv,5760.0,800.0,0,4.8,0.0,4.8,1,1.25,0.0,0.0,0.0,0.0,0.0,0.0,10000.0
5760_dose_800_gradient_0_VconcST_0_Vconc_4.8_run_1.csv,5760.0,800.0,0,4.8,0.0,4.8,1,1.5,0.0,0.0,0.0,0.0,0.0,0.0,194.381
5760_dose_800_gradient_0_VconcST_0_Vconc_4.8_run_1.csv,5760.0,800.0,0,4.8,0.0,4.8,1,1.75,0.0,0.0,0.0,0.0,0.0,0.0,10000.0
5760_dose_800_gradient_0_VconcST_0_Vconc_4.8_run_1.csv,5760.0,800.0,0,4.8,0.0,4.8,1,2.0,0.0,0.0,0.0,0.0,0.000303819,0.0,186.572
5760_dose_800_gradient_0_VconcST_0_Vconc_4.8_run_1.csv,5760.0,800.0,0,4.8,0.0,4.8,1,2.25,0.0,0.0,0.0,0.0,0.0,0.0,10000.0
5760_dose_800_gradient_0_VconcST_0_Vconc_4.8_run_1.csv,5760.0,800.0,0,4.8,0.0,4.8,1,2.5,0.0,0.0,0.0,0.0,0.0,0.0,188.09
5760_dose_800_gradient_0_VconcST_0_Vconc_4.8_run_1.csv,5760.0,800.0,0,4.8,0.0,4.8,1,2.75,0.0,0.0,0.0,0.0,0.0,0.0,10000.0
5760_dose_800_gradient_0_VconcST_0_Vconc_4.8_run_1.csv,5760.0,800.0,0,4.8,0.0,4.8,1,3.0,0.0,0.0,0.0,0.0,0.0,0.0,186.201
5760_dose_800_gradient_0_VconcST_0_Vconc_4.8_run_1.csv,5760.0,800.0,0,4.8,0.0,4.8,1,3.25,0.0,0.0,0.0,0.0,0.0,0.0,10000.0
5760_dose_800_gradient_0_VconcST_0_Vconc_4.8_run_1.csv,5760.0,800.0,0,4.8,0.0,4.8,1,3.5,0.0,0.0,0.0,0.0,0.0,0.0,185.9
5760_dose_800_gradient_0_VconcST_0_Vconc_4.8_run_1.csv,5760.0,800.0,0,4.8,0.0,4.8,1,3.75,0.0,0.0,0.0,0.0,0.0,0.0,10000.0
5760_dose_800_gradient_0_VconcST_0_Vconc_4.8_run_1.csv,5760.0,800.0,0,4.8,0.0,4.8,1,4.0,0.0,0.0,0.0,0.0,0.0,0.0,6486.04
5760_dose_800_gradient_0_VconcST_0_Vconc_4.8_run_1.csv,5760.0,800.0,0,4.8,0.0,4.8,1,4.25,0.0,0.0,0.0,0.0,0.0,0.0,587.501
5760_dose_800_gradient_0_VconcST_0_Vconc_4.8_run_1.csv,5760.0,800.0,0,4.8,0.0,4.8,1,4.5,0.0,0.0,0.0,0.0,0.0,0.0,8745.84
5760_dose_800_gradient_0_VconcST_0_Vconc_4.8_run_1.csv,5760.0,800.0,0,4.8,0.0,4.8,1,4.75,0.0,0.0,0.0,0.0,0.0,0.0,587.854
5760_dose_800_gradient_0_VconcST_0_Vconc_4.8_run_1.csv,5760.0,800.0,0,4.8,0.0,4.8,1,5.0,0.0,0.0,0.0,0.0,0.0,0.0,10000.0
5760_dose_800_gradient_0_VconcST_0_Vconc_4.8_run_1.csv,5760.0,800.0,0,4.8,0.0,4.8,1,5.25,0.0,0.0,0.0,0.0,0.0,0.0,581.301
5760_dose_800_gradient_0_VconcST_0_Vconc_4.8_run_1.csv,5760.0,800.0,0,4.8,0.0,4.8,1,5.5,0.0,0.0,0.0,0.0,0.0,0.0,10000.0
5760_dose_800_gradient_0_VconcST_0_Vconc_4.8_run_1.csv,5760.0,800.0,0,4.8,0.0,4.8,1,5.75,0.0,0.0,0.0,0.0,0.0,0.0,539.917
5760_dose_800_gradient_0_VconcST_0_Vconc_4.8_run_1.csv,5760.0,800.0,0,4.8,0.0,4.8,1,6.0,0.0,0.0,0.0,0.0,0.0,0.0,10000.0
5760_dose_800_gradient_0_VconcST_0_Vconc_4.8_run_1.csv,5760.0,800.0,0,4.8,0.0,4.8,1,6.25,0.0,0.0,0.0,0.0,0.0,0.0,394.155
5760_dose_800_gradient_0_VconcST_0_Vconc_4.8_run_1.csv,5760.0,800.0,0,4.8,0.0,4.8,1,6.5,0.0,0.0,0.0,0.0,0.0,0.0,10000.0
5760_dose_800_gradient_0_VconcST_0_Vconc_4.8_run_1.csv,5760.0,800.0,0,4.8,0.0,4.8,1,6.75,0.0,0.0,0.0,0.0,0.0,0.0,285.107
5760_dose_800_gradient_0_VconcST_0_Vconc_4.8_run_1.csv,5760.0,800.0,0,4.8,0.0,4.8,1,7.0,0.0,0.0,0.0,0.0,0.0,0.0,10000.0
5760_dose_800_gradient_0_VconcST_0_Vconc_4.8_run_1.csv,5760.0,800.0,0,4.8,0.0,4.8,1,7.25,0.0,0.0,0.0,0.0,0.0,0.0,265.241
5760_dose_800_gradient_0_VconcST_0_Vconc_4.8_run_1.csv,5760.0,800.0,0,4.8,0.0,4.8,1,7.5,0.0,0.0,0.0,0.0,0.0,0.0,10000.0
5760_dose_800_gradient_0_VconcST_0_Vconc_4.8_run_1.csv,5760.0,800.0,0,4.8,0.0,4.8,1,7.75,0.0,0.0,0.0,0.0,0.0,0.0,219.571
5760_dose_800_gradient_0_VconcST_0_Vconc_4.8_run_1.csv,5760.0,800.0,0,4.8,0.0,4.8,1,8.0,0.0,0.0,0.0,0.0,0.0,0.0,10000.0
5760_dose_800_gradient_0_VconcST_0_Vconc_4.8_run_1.csv,5760.0,800.0,0,4.8,0.0,4.8,1,8.25,0.0,0.0,0.0,0.0,0.0,0.0,202.226
5760_dose_800_gradient_0_VconcST_0_Vconc_4.8_run_1.csv,5760.0,800.0,0,4.8,0.0,4.8,1,8.5,0.0,0.0,0.0,0.0,0.0,0.0,10000.0
5760_dose_800_gradient_0_VconcST_0_Vconc_4.8_run_1.csv,5760.0,800.0,0,4.8,0.0,4.8,1,8.75,0.0,0.0,0.0,0.0,0.0,0.0,200.372
5760_dose_800_gradient_0_VconcST_0_Vconc_4.8_run_1.csv,5760.0,800.0,0,4.8,0.0,4.8,1,9.0,0.0,0.0,0.0,0.0,0.0,0.0,10000.0
5760_dose_800_gradient_0_VconcST_0_Vconc_4.8_run_1.csv,5760.0,800.0,0,4.8,0.0,4.8,1,9.25,0.0,0.0,0.0,0.0,0.0,0.0,190.274
5760_dose_800_gradient_0_VconcST_0_Vconc_4.8_run_1.csv,5760.0,800.0,0,4.8,0.0,4.8,1,9.5,0.0,0.0,0.0,0.0,0.0,0.0,10000.0
5760_dose_800_gradient_0_VconcST_0_Vconc_4.8_run_1.csv,5760.0,800.0,0,4.8,0.0,4.8,1,9.75,0.0,0.0,0.0,0.0,0.0,0.0,188.571
5760_dose_800_gradient_0_VconcST_0_Vconc_4.8_run_1.csv,5760.0,800.0,0,4.8,0.0,4.8,1,10.0,0.0,0.0,0.0,0.0,0.0,0.0,10000.0
5760_dose_800_gradient_0_VconcST_0_Vconc_4.8_run_1.csv,5760.0,800.0,0,4.8,0.0,4.8,1,10.25,0.0,0.0,0.0,0.0,0.0,0.0,185.772
5760_dose_800_gradient_0_VconcST_0_Vconc_4.8_run_1.csv,5760.0,800.0,0,4.8,0.0,4.8,1,10.5,0.0,0.0,0.0,0.0,0.0,0.0,10000.0
5760_dose_800_gradient_0_VconcST_0_Vconc_4.8_run_1.csv,5760.0,800.0,0,4.8,0.0,4.8,1,10.75,0.0,0.0,0.0,0.0,0.0,0.0,187.006
5760_dose_800_gradient_0_VconcST_0_Vconc_4.8_run_1.csv,5760.0,800.0,0,4.8,0.0,4.8,1,11.0,0.0,0.0,0.0,0.0,0.0,0.0,10000.0
5760_dose_800_gradient_0_VconcST_0_Vconc_4.8_run_1.csv,5760.0,800.0,0,4.8,0.0,4.8,1,11.25,0.0,0.0,0.0,0.0,0.0,0.0,184.492
5760_dose_800_gradient_0_VconcST_0_Vconc_4.8_run_1.csv,5760.0,800.0,0,4.8,0.0,4.8,1,11.5,0.0,0.0,0.0,0.0,0.0,0.0,590.525
5760_dose_800_gradient_0_VconcST_0_Vconc_4.8_run_1.csv,5760.0,800.0,0,4.8,0.0,4.8,1,11.75,0.0,0.0,0.0,0.0,0.0,0.0,7587.77
5760_dose_800_gradient_0_VconcST_0_Vconc_4.8_run_1.csv,5760.0,800.0,0,4.8,0.0,4.8,1,12.0,0.0,0.0,0.0,0.0,0.0,0.0,573.202
5760_dose_800_gradient_0_VconcST_0_Vconc_4.8_run_1.csv,5760.0,800.0,0,4.8,0.0,4.8,1,12.25,0.0,0.0,0.0,0.0,0.0,0.0,9835.85
5760_dose_800_gradient_0_VconcST_0_Vconc_4.8_run_1.csv,5760.0,800.0,0,4.8,0.0,4.8,1,12.5,0.0,0.0,0.0,0.0,0.0,0.0,569.952
5760_dose_800_gradient_0_VconcST_0_Vconc_4.8_run_1.csv,5760.0,800.0,0,4.8,0.0,4.8,1,12.75,0.0,0.0,0.0,0.0,0.0,0.0,10000.0
5760_dose_800_gradient_0_VconcST_0_Vconc_4.8_run_1.csv,5760.0,800.0,0,4.8,0.0,4.8,1,13.0,0.0,0.0,0.0,0.0,0.0,0.0,568.822
5760_dose_800_gradient_0_VconcST_0_Vconc_4.8_run_1.csv,5760.0,800.0,0,4.8,0.0,4.8,1,13.25,0.0,0.0,0.0,0.0,0.0,0.0,10000.0
5760_dose_800_gradient_0_VconcST_0_Vconc_4.8_run_1.csv,5760.0,800.0,0,4.8,0.0,4.8,1,13.5,0.0,0.0,0.0,0.0,0.0,0.0,465.002
5760_dose_800_gradient_0_VconcST_0_Vconc_4.8_run_1.csv,5760.0,800.0,0,4.8,0.0,4.8,1,13.75,0.0,0.0,0.0,0.0,0.0,0.0,10000.0
5760_dose_800_gradient_0_VconcST_0_Vconc_4.8_run_1.csv,5760.0,800.0,0,4.8,0.0,4.8,1,14.0,0.0,0.0,0.0,0.0,0.0,0.0,341.968
5760_dose_800_gradient_0_VconcST_0_Vconc_4.8_run_1.csv,5760.0,800.0,0,4.8,0.0,4.8,1,14.25,0.0,0.0,0.0,0.0,0.0,0.0,10000.0
5760_dose_800_gradient_0_VconcST_0_Vconc_4.8_run_1.csv,5760.0,800.0,0,4.8,0.0,4.8,1,14.5,0.0,0.0,0.0,0.0,0.0,0.0,269.36
5760_dose_800_gradient_0_VconcST_0_Vconc_4.8_run_1.csv,5760.0,800.0,0,4.8,0.0,4.8,1,14.75,0.0,0.0,0.0,0.0,0.0,0.0,10000.0
5760_dose_800_gradient_0_VconcST_0_Vconc_4.8_run_1.csv,5760.0,800.0,0,4.8,0.0,4.8,1,15.0,0.0,0.0,0.0,0.0,0.0,0.0,236.222
5760_dose_800_gradient_0_VconcST_0_Vconc_4.8_run_1.csv,5760.0,800.0,0,4.8,0.0,4.8,1,15.25,0.0,0.0,0.0,0.0,0.0,0.0,10000.0
5760_dose_800_gradient_0_VconcST_0_Vconc_4.8_run_1.csv,5760.0,800.0,0,4.8,0.0,4.8,1,15.5,0.0,0.0,0.0,0.0,0.0,0.0,202.365
5760_dose_800_gradient_0_VconcST_0_Vconc_4.8_run_1.csv,5760.0,800.0,0,4.8,0.0,4.8,1,15.75,0.0,0.0,0.0,0.0,0.0,0.0,10000.0
5760_dose_800_gradient_0_VconcST_0_Vconc_4.8_run_1.csv,5760.0,800.0,0,4.8,0.0,4.8,1,16.0,0.0,0.0,0.0,0.0,0.0,0.0,207.272
5760_dose_800_gradient_0_VconcST_0_Vconc_4.8_run_1.csv,5760.0,800.0,0,4.8,0.0,4.8,1,16.25,0.0,0.0,0.0,0.0,0.0,0.0,10000.0
5760_dose_800_gradient_0_VconcST_0_Vconc_4.8_run_1.csv,5760.0,800.0,0,4.8,0.0,4.8,1,16.5,0.0,0.0,0.0,0.0,0.0,0.0,187.597
5760_dose_800_gradient_0_VconcST_0_Vconc_4.8_run_1.csv,5760.0,800.0,0,4.8,0.0,4.8,1,16.75,0.0,0.0,0.0,0.0,0.0,0.0,10000.0
5760_dose_800_gradient_0_VconcST_0_Vconc_4.8_run_1.csv,5760.0,800.0,0,4.8,0.0,4.8,1,17.0,0.0,0.0,0.0,0.0,0.000972222,0.0,184.845
5760_dose_800_gradient_0_VconcST_0_Vconc_4.8_run_1.csv,5760.0,800.0,0,4.8,0.0,4.8,1,17.25,0.0,0.0,0.0,0.0,0.0,0.0,10000.0
5760_dose_800_gradient_0_VconcST_0_Vconc_4.8_run_1.csv,5760.0,800.0,0,4.8,0.0,4.8,1,17.5,0.0,0.0,0.0,0.0,0.0,0.0,184.457
5760_dose_800_gradient_0_VconcST_0_Vconc_4.8_run_1.csv,5760.0,800.0,0,4.8,0.0,4.8,1,17.75,0.0,0.0,0.0,0.0,0.0,0.0,10000.0
5760_dose_800_gradient_0_VconcST_0_Vconc_4.8_run_1.csv,5760.0,800.0,0,4.8,0.0,4.8,1,18.0,0.0,0.0,0.0,0.0,0.0,0.0,188.246
5760_dose_800_gradient_0_VconcST_0_Vconc_4.8_run_1.csv,5760.0,800.0,0,4.8,0.0,4.8,1,18.25,0.0,0.0,0.0,0.0,0.0,0.0,10000.0
5760_dose_800_gradient_0_VconcST_0_Vconc_4.8_run_1.csv,5760.0,800.0,0,4.8,0.0,4.8,1,18.5,0.0,0.0,0.0,0.0,0.0,0.0,182.354
5760_dose_800_gradient_0_VconcST_0_Vconc_4.8_run_1.csv,5760.0,800.0,0,4.8,0.0,4.8,1,18.75,0.0,0.0,0.0,0.0,0.0,0.0,5291.86
5760_dose_800_gradient_0_VconcST_0_Vconc_4.8_run_1.csv,5760.0,800.0,0,4.8,0.0,4.8,1,19.0,0.0,0.0,0.0,0.0,0.0,0.0,3911.78
5760_dose_800_gradient_0_VconcST_0_Vconc_4.8_run_1.csv,5760.0,800.0,0,4.8,0.0,4.8,1,19.25,0.0,0.0,0.0,0.0,0.0,0.0,571.458
5760_dose_800_gradient_0_VconcST_0_Vconc_4.8_run_1.csv,5760.0,800.0,0,4.8,0.0,4.8,1,19.5,0.0,0.0,0.0,0.0,0.0,0.0,8980.9
5760_dose_800_gradient_0_VconcST_0_Vconc_4.8_run_1.csv,5760.0,800.0,0,4.8,0.0,4.8,1,19.75,0.0,0.0,0.0,0.0,0.0,0.0,577.043
5760_dose_800_gradient_0_VconcST_0_Vconc_4.8_run_1.csv,5760.0,800.0,0,4.8,0.0,4.8,1,20.0,0.0,0.0,0.0,0.0,0.0,0.0,9929.86
5760_dose_800_gradient_0_VconcST_0_Vconc_4.8_run_1.csv,5760.0,800.0,0,4.8,0.0,4.8,1,20.25,0.0,0.0,0.0,0.0,0.0,0.0,573.654
5760_dose_800_gradient_0_VconcST_0_Vconc_4.8_run_1.csv,5760.0,800.0,0,4.8,0.0,4.8,1,20.5,0.0,0.0,0.0,0.0,0.0,0.0,10000.0
5760_dose_800_gradient_0_VconcST_0_Vconc_4.8_run_1.csv,5760.0,800.0,0,4.8,0.0,4.8,1,20.75,0.0,0.0,0.0,0.0,0.0,0.0,502.052
5760_dose_800_gradient_0_VconcST_0_Vconc_4.8_run_1.csv,5760.0,800.0,0,4.8,0.0,4.8,1,21.0,0.0,0.0,0.0,0.0,0.0,0.0,10000.0
5760_dose_800_gradient_0_VconcST_0_Vconc_4.8_run_1.csv,5760.0,800.0,0,4.8,0.0,4.8,1,21.25,0.0,0.0,0.0,0.0,0.0,0.0,405.052
5760_dose_800_gradient_0_VconcST_0_Vconc_4.8_run_1.csv,5760.0,800.0,0,4.8,0.0,4.8,1,21.5,0.0,0.0,0.0,0.0,0.0,0.0,10000.0
5760_dose_800_gradient_0_VconcST_0_Vconc_4.8_run_1.csv,5760.0,800.0,0,4.8,0.0,4.8,1,21.75,0.0,0.0,0.0,0.0,0.0,0.0,301.716
5760_dose_800_gradient_0_VconcST_0_Vconc_4.8_run_1.csv,5760.0,800.0,0,4.8,0.0,4.8,1,22.0,0.0,0.0,0.0,0.0,0.0,0.0,10000.0
5760_dose_800_gradient_0_VconcST_0_Vconc_4.8_run_1.csv,5760.0,800.0,0,4.8,0.0,4.8,1,22.25,0.0,0.0,0.0,0.0,0.0,0.0,253.672
5760_dose_800_gradient_0_VconcST_0_Vconc_4.8_run_1.csv,5760.0,800.0,0,4.8,0.0,4.8,1,22.5,0.0,0.0,0.0,0.0,0.00546007,0.0,10000.0
5760_dose_800_gradient_0_VconcST_0_Vconc_4.8_run_1.csv,5760.0,800.0,0,4.8,0.0,4.8,1,22.75,0.0,0.0,0.0,0.0,0.0,0.0,247.189
5760_dose_800_gradient_0_VconcST_0_Vconc_4.8_run_1.csv,5760.0,800.0,0,4.8,0.0,4.8,1,23.0,0.0,0.0,0.0,0.0,0.0,0.0,10000.0
5760_dose_800_gradient_0_VconcST_0_Vconc_4.8_run_1.csv,5760.0,800.0,0,4.8,0.0,4.8,1,23.25,0.0,0.0,0.0,0.0,0.0,0.0,223.47
5760_dose_800_gradient_0_VconcST_0_Vconc_4.8_run_1.csv,5760.0,800.0,0,4.8,0.0,4.8,1,23.5,0.0,0.0,0.0,0.0,0.0,0.0,10000.0
5760_dose_800_gradient_0_VconcST_0_Vconc_4.8_run_1.csv,5760.0,800.0,0,4.8,0.0,4.8,1,23.75,0.0,0.0,0.0,0.0,0.0,0.0,212.967
5760_dose_800_gradient_0_VconcST_0_Vconc_4.8_run_1.csv,5760.0,800.0,0,4.8,0.0,4.8,1,24.0,62.29,800.0,0.02426,62.29,0.0,0.0,10000.0
5760_dose_800_gradient_0_VconcST_0_Vconc_4.8_run_1.csv,5760.0,800.0,0,4.8,0.0,4.8,1,24.25,3754.75,784.145,1.46236,3754.75,0.0,0.999946,0.0166459
5760_dose_800_gradient_0_VconcST_0_Vconc_4.8_run_1.csv,5760.0,800.0,0,4.8,0.0,4.8,1,24.5,7360.03,768.604,2.8665,7360.03,0.0,0.999973,0.270455
5760_dose_800_gradient_0_VconcST_0_Vconc_4.8_run_1.csv,5760.0,800.0,0,4.8,0.0,4.8,1,24.75,10879.9,753.371,4.23739,10879.9,0.0,0.999982,0.165317
5760_dose_800_gradient_0_VconcST_0_Vconc_4.8_run_1.csv,5760.0,800.0,0,4.8,0.0,4.8,1,25.0,14316.1,738.44,5.57569,14316.1,0.0,0.999986,0.12035
5760_dose_800_gradient_0_VconcST_0_Vconc_4.8_run_1.csv,5760.0,800.0,0,4.8,0.0,4.8,1,25.25,17670.4,723.805,6.88207,17670.4,0.0,0.999989,0.0947334
5760_dose_800_gradient_0_VconcST_0_Vconc_4.8_run_1.csv,5760.0,800.0,0,4.8,0.0,4.8,1,25.5,20944.4,709.46,8.15719,20944.4,0.0,0.99999,0.0783758
5760_dose_800_gradient_0_VconcST_0_Vconc_4.8_run_1.csv,5760.0,800.0,0,4.8,0.0,4.8,1,25.75,24139.7,695.4,9.40168,24139.7,0.0,0.999992,0.0669844
5760_dose_800_gradient_0_VconcST_0_Vconc_4.8_run_1.csv,5760.0,800.0,0,4.8,0.0,4.8,1,26.0,27258.1,681.618,10.6162,27258.1,0.0,0.999993,0.0588688
5760_dose_800_gradient_0_VconcST_0_Vconc_4.8_run_1.csv,5760.0,800.0,0,4.8,0.0,4.8,1,26.25,30301.0,668.109,11.8013,30301.0,0.0,0.999993,0.0525495
5760_dose_800_gradient_0_VconcST_0_Vconc_4.8_run_1.csv,5760.0,800.0,0,4.8,0.0,4.8,1,26.5,33270.0,654.868,12.9576,33270.0,0.0,0.999994,0.0474949
5760_dose_800_gradient_0_VconcST_0_Vconc_4.8_run_1.csv,5760.0,800.0,0,4.8,0.0,4.8,1,26.75,36166.6,641.889,14.0858,36166.6,0.0,0.999994,0.0434819
5760_dose_800_gradient_0_VconcST_0_Vconc_4.8_run_1.csv,5760.0,800.0,0,4.8,0.0,4.8,1,27.0,38992.4,629.168,15.1863,38992.4,0.0,0.999995,0.0403228
5760_dose_800_gradient_0_VconcST_0_Vconc_4.8_run_1.csv,5760.0,800.0,0,4.8,0.0,4.8,1,27.25,41748.7,616.698,16.2598,41748.7,0.0,0.999995,0.0375702
5760_dose_800_gradient_0_VconcST_0_Vconc_4.8_run_1.csv,5760.0,800.0,0,4.8,0.0,4.8,1,27.5,44437.0,604.476,17.3068,44437.0,0.0,0.999996,0.0348507
5760_dose_800_gradient_0_VconcST_0_Vconc_4.8_run_1.csv,5760.0,800.0,0,4.8,0.0,4.8,1,27.75,47058.6,592.496,18.3279,47058.6,0.0,0.999996,0.0330947
5760_dose_800_gradient_0_VconcST_0_Vconc_4.8_run_1.csv,5760.0,800.0,0,4.8,0.0,4.8,1,28.0,49615.1,580.753,19.3235,49615.1,0.0,0.999996,0.0312111
5760_dose_800_gradient_0_VconcST_0_Vconc_4.8_run_1.csv,5760.0,800.0,0,4.8,0.0,4.8,1,28.25,52107.7,569.244,20.2943,52107.7,0.0,0.999996,0.0298543
5760_dose_800_gradient_0_VconcST_0_Vconc_4.8_run_1.csv,5760.0,800.0,0,4.8,0.0,4.8,1,28.5,54537.6,557.962,21.2407,54537.6,0.0,0.999996,0.0284971
5760_dose_800_gradient_0_VconcST_0_Vconc_4.8_run_1.csv,5760.0,800.0,0,4.8,0.0,4.8,1,28.75,56906.3,546.904,22.1632,56906.3,0.0,0.999996,0.0271652
5760_dose_800_gradient_0_VconcST_0_Vconc_4.8_run_1.csv,5760.0,800.0,0,4.8,0.0,4.8,1,29.0,59214.9,536.065,23.0624,59214.9,0.0,0.999997,0.0262538
5760_dose_800_gradient_0_VconcST_0_Vconc_4.8_run_1.csv,5760.0,800.0,0,4.8,0.0,4.8,1,29.25,61464.8,525.441,23.9386,61464.8,0.0,0.999997,0.0248787
5760_dose_800_gradient_0_VconcST_0_Vconc_4.8_run_1.csv,5760.0,800.0,0,4.8,0.0,4.8,1,29.5,63657.1,515.027,24.7925,63657.1,0.0,0.999997,0.0240447
5760_dose_800_gradient_0_VconcST_0_Vconc_4.8_run_1.csv,5760.0,800.0,0,4.8,0.0,4.8,1,29.75,65793.0,504.82,25.6243,65793.0,0.0,0.999997,0.0235496
5760_dose_800_gradient_0_VconcST_0_Vconc_4.8_run_1.csv,5760.0,800.0,0,4.8,0.0,4.8,1,30.0,67873.7,494.815,26.4347,67873.7,0.0,0.999997,0.0231227
5760_dose_800_gradient_0_VconcST_0_Vconc_4.8_run_1.csv,5760.0,800.0,0,4.8,0.0,4.8,1,30.25,69900.4,485.009,27.224,69900.4,0.0,0.999997,0.0221934
5760_dose_800_gradient_0_VconcST_0_Vconc_4.8_run_1.csv,5760.0,800.0,0,4.8,0.0,4.8,1,30.5,71874.0,475.396,27.9927,71874.0,0.0,0.999997,0.0217694
5760_dose_800_gradient_0_VconcST_0_Vconc_4.8_run_1.csv,5760.0,800.0,0,4.8,0.0,4.8,1,30.75,73795.9,465.974,28.7412,73795.9,0.0,0.999997,0.0212898
5760_dose_800_gradient_0_VconcST_0_Vconc_4.8_run_1.csv,5760.0,800.0,0,4.8,0.0,4.8,1,31.0,75667.0,456.739,29.4699,75667.0,0.0,0.999997,0.0208076
5760_dose_800_gradient_0_VconcST_0_Vconc_4.8_run_1.csv,5760.0,800.0,0,4.8,0.0,4.8,1,31.25,77488.3,447.687,30.1793,77488.3,0.0,0.999997,0.0199372
5760_dose_800_gradient_0_VconcST_0_Vconc_4.8_run_1.csv,5760.0,800.0,0,4.8,0.0,4.8,1,31.5,79260.9,438.815,30.8697,79260.9,0.0,0.999997,0.0194506
5760_dose_800_gradient_0_VconcST_0_Vconc_4.8_run_1.csv,5760.0,800.0,0,4.8,0.0,4.8,1,31.75,80985.9,430.118,31.5415,80985.9,0.0,0.999997,0.0195011
5760_dose_800_gradient_0_VconcST_0_Vconc_4.8_run_1.csv,5760.0,800.0,0,4.8,0.0,4.8,1,32.0,82664.2,421.593,32.1951,82664.2,0.0,0.999998,0.0189983
5760_dose_800_gradient_0_VconcST_0_Vconc_4.8_run_1.csv,5760.0,800.0,0,4.8,0.0,4.8,1,32.25,84296.8,413.238,32.831,84296.8,0.0,0.999998,0.018568
5760_dose_800_gradient_0_VconcST_0_Vconc_4.8_run_1.csv,5760.0,800.0,0,4.8,0.0,4.8,1,32.5,85884.6,405.048,33.4494,85884.6,0.0,0.999998,0.0180937
5760_dose_800_gradient_0_VconcST_0_Vconc_4.8_run_1.csv,5760.0,800.0,0,4.8,0.0,4.8,1,32.75,87428.5,397.021,34.0507,87428.5,0.0,0.999998,0.0176592
5760_dose_800_gradient_0_VconcST_0_Vconc_4.8_run_1.csv,5760.0,800.0,0,4.8,0.0,4.8,1,33.0,88929.6,389.152,34.6353,88929.6,0.0,0.999998,0.0176741
5760_dose_800_gradient_0_VconcST_0_Vconc_4.8_run_1.csv,5760.0,800.0,0,4.8,0.0,4.8,1,33.25,90388.7,381.44,35.2036,90388.7,0.0,0.999998,0.0171889
5760_dose_800_gradient_0_VconcST_0_Vconc_4.8_run_1.csv,5760.0,800.0,0,4.8,0.0,4.8,1,33.5,91806.5,373.88,35.7558,91806.5,0.0,0.999998,0.0167648
5760_dose_800_gradient_0_VconcST_0_Vconc_4.8_run_1.csv,5760.0,800.0,0,4.8,0.0,4.8,1,33.75,93184.2,366.47,36.2923,93184.2,0.0,0.999998,0.0167854
5760_dose_800_gradient_0_VconcST_0_Vconc_4.8_run_1.csv,5760.0,800.0,0,4.8,0.0,4.8,1,34.0,94522.4,359.207,36.8135,94522.4,0.0,0.999998,0.0162951
5760_dose_800_gradient_0_VconcST_0_Vconc_4.8_run_1.csv,5760.0,800.0,0,4.8,0.0,4.8,1,34.25,95822.0,352.088,37.3197,95822.0,0.0,0.999998,0.0163219
5760_dose_800_gradient_0_VconcST_0_Vconc_4.8_run_1.csv,5760.0,800.0,0,4.8,0.0,4.8,1,34.5,97083.9,345.11,37.8112,97083.9,0.0,0.999998,0.0158565
5760_dose_800_gradient_0_VconcST_0_Vconc_4.8_run_1.csv,5760.0,800.0,0,4.8,0.0,4.8,1,34.75,98308.7,338.27,38.2882,98308.7,0.0,0.999998,0.0158531
5760_dose_800_gradient_0_VconcST_0_Vconc_4.8_run_1.csv,5760.0,800.0,0,4.8,0.0,4.8,1,35.0,99497.4,331.566,38.7511,99497.4,0.0,0.999998,0.0154082
5760_dose_800_gradient_0_VconcST_0_Vconc_4.8_run_1.csv,5760.0,800.0,0,4.8,0.0,4.8,1,35.25,100651.0,324.995,39.2003,100651.0,0.0,0.999998,0.0153795
5760_dose_800_gradient_0_VconcST_0_Vconc_4.8_run_1.csv,5760.0,800.0,0,4.8,0.0,4.8,1,35.5,101769.0,318.554,39.6359,101769.0,0.0,0.999998,0.0153871
5760_dose_800_gradient_0_VconcST_0_Vconc_4.8_run_1.csv,5760.0,800.0,0,4.8,0.0,4.8,1,35.75,102854.0,312.241,40.0583,102854.0,0.0,0.999998,0.0149345
5760_dose_800_gradient_0_VconcST_0_Vconc_4.8_run_1.csv,5760.0,800.0,0,4.8,0.0,4.8,1,36.0,103905.0,306.052,40.4677,103905.0,0.0,0.999998,0.0149817
5760_dose_800_gradient_0_VconcST_0_Vconc_4.8_run_1.csv,5760.0,800.0,0,4.8,0.0,4.8,1,36.25,104924.0,299.987,40.8645,104924.0,0.0,0.999998,0.0149361
5760_dose_800_gradient_0_VconcST_0_Vconc_4.8_run_1.csv,5760.0,800.0,0,4.8,0.0,4.8,1,36.5,105910.0,294.041,41.2488,105910.0,0.0,0.999998,0.0145492
5760_dose_800_gradient_0_VconcST_0_Vconc_4.8_run_1.csv,5760.0,800.0,0,4.8,0.0,4.8,1,36.75,106866.0,288.214,41.621,106866.0,0.0,0.999998,0.0145186
5760_dose_800_gradient_0_VconcST_0_Vconc_4.8_run_1.csv,5760.0,800.0,0,4.8,0.0,4.8,1,37.0,107791.0,282.502,41.9813,107791.0,0.0,0.999998,0.01451
5760_dose_800_gradient_0_VconcST_0_Vconc_4.8_run_1.csv,5760.0,800.0,0,4.8,0.0,4.8,1,37.25,108687.0,276.903,42.33,108687.0,0.0,0.999998,0.0140324
5760_dose_800_gradient_0_VconcST_0_Vconc_4.8_run_1.csv,5760.0,800.0,0,4.8,0.0,4.8,1,37.5,109553.0,271.414,42.6673,109553.0,0.0,0.999998,0.0140354
5760_dose_800_gradient_0_VconcST_0_Vconc_4.8_run_1.csv,5760.0,800.0,0,4.8,0.0,4.8,1,37.75,110390.0,266.035,42.9935,110390.0,0.0,0.999998,0.0140512
5760_dose_800_gradient_0_VconcST_0_Vconc_4.8_run_1.csv,5760.0,800.0,0,4.8,0.0,4.8,1,38.0,111199.0,260.763,43.3087,111199.0,0.0,0.999998,0.0140649
5760_dose_800_gradient_0_VconcST_0_Vconc_4.8_run_1.csv,5760.0,800.0,0,4.8,0.0,4.8,1,38.25,111981.0,255.595,43.6133,111981.0,0.0,0.999998,0.0140226
5760_dose_800_gradient_0_VconcST_0_Vconc_4.8_run_1.csv,5760.0,800.0,0,4.8,0.0,4.8,1,38.5,112737.0,250.529,43.9074,112737.0,0.0,0.999998,0.0135908
5760_dose_800_gradient_0_VconcST_0_Vconc_4.8_run_1.csv,5760.0,800.0,0,4.8,0.0,4.8,1,38.75,113465.0,245.564,44.1913,113465.0,0.0,0.999998,0.0135703
5760_dose_800_gradient_0_VconcST_0_Vconc_4.8_run_1.csv,5760.0,800.0,0,4.8,0.0,4.8,1,39.0,114169.0,240.697,44.4652,114169.0,0.0,0.999998,0.0135703
5760_dose_800_gradient_0_VconcST_0_Vconc_4.8_run_1.csv,5760.0,800.0,0,4.8,0.0,4.8,1,39.25,114847.0,235.927,44.7293,114847.0,0.0,0.999998,0.0135827
5760_dose_800_gradient_0_VconcST_0_Vconc_4.8_run_1.csv,5760.0,800.0,0,4.8,0.0,4.8,1,39.5,115500.0,231.251,44.9838,115500.0,0.0,0.999998,0.0136056
5760_dose_800_gradient_0_VconcST_0_Vconc_4.8_run_1.csv,5760.0,800.0,0,4.8,0.0,4.8,1,39.75,116130.0,226.668,45.229,116130.0,0.0,0.999998,0.0131552
5760_dose_800_gradient_0_VconcST_0_Vconc_4.8_run_1.csv,5760.0,800.0,0,4.8,0.0,4.8,1,40.0,116736.0,222.176,45.465,116736.0,0.0,0.999998,0.0131178
5760_dose_800_gradient_0_VconcST_0_Vconc_4.8_run_1.csv,5760.0,800.0,0,4.8,0.0,4.8,1,40.25,117319.0,217.772,45.692,117319.0,0.0,0.999998,0.0131446
5760_dose_800_gradient_0_VconcST_0_Vconc_4.8_run_1.csv,5760.0,800.0,0,4.8,0.0,4.8,1,40.5,117879.0,213.456,45.9102,117879.0,0.0,0.999998,0.0131178
5760_dose_800_gradient_0_VconcST_0_Vconc_4.8_run_1.csv,5760.0,800.0,0,4.8,0.0,4.8,1,40.75,118417.0,209.226,46.1199,118417.0,0.0,0.999998,0.0131178
5760_dose_800_gradient_0_VconcST_0_Vconc_4.8_run_1.csv,5760.0,800.0,0,4.8,0.0,4.8,1,41.0,118934.0,205.079,46.3211,118934.0,0.0,0.999998,0.0131529
5760_dose_800_gradient_0_VconcST_0_Vconc_4.8_run_1.csv,5760.0,800.0,0,4.8,0.0,4.8,1,41.25,119430.0,201.015,46.5142,119430.0,0.0,0.999998,0.0131178
5760_dose_800_gradient_0_VconcST_0_Vconc_4.8_run_1.csv,5760.0,800.0,0,4.8,0.0,4.8,1,41.5,119905.0,197.031,46.6992,119905.0,0.0,0.999998,0.0126806
5760_dose_800_gradient_0_VconcST_0_Vconc_7.2_run_1.csv,5760.0,800.0,0,7.2,0.0,7.2,1,0.0,0.0,0.0,0.0,0.0,0.0,0.0,0.0
5760_dose_800_gradient_0_VconcST_0_Vconc_7.2_run_1.csv,5760.0,800.0,0,7.2,0.0,7.2,1,0.25,0.0,0.0,0.0,0.0,0.0,0.0,10000.0
5760_dose_800_gradient_0_VconcST_0_Vconc_7.2_run_1.csv,5760.0,800.0,0,7.2,0.0,7.2,1,0.5,0.0,0.0,0.0,0.0,0.0,0.0,387.477
5760_dose_800_gradient_0_VconcST_0_Vconc_7.2_run_1.csv,5760.0,800.0,0,7.2,0.0,7.2,1,0.75,0.0,0.0,0.0,0.0,0.0,0.0,10000.0
5760_dose_800_gradient_0_VconcST_0_Vconc_7.2_run_1.csv,5760.0,800.0,0,7.2,0.0,7.2,1,1.0,0.0,0.0,0.0,0.0,0.0,0.0,352.751
5760_dose_800_gradient_0_VconcST_0_Vconc_7.2_run_1.csv,5760.0,800.0,0,7.2,0.0,7.2,1,1.25,0.0,0.0,0.0,0.0,0.0,0.0,10000.0
5760_dose_800_gradient_0_VconcST_0_Vconc_7.2_run_1.csv,5760.0,800.0,0,7.2,0.0,7.2,1,1.5,0.0,0.0,0.0,0.0,0.0,0.0,320.702
5760_dose_800_gradient_0_VconcST_0_Vconc_7.2_run_1.csv,5760.0,800.0,0,7.2,0.0,7.2,1,1.75,0.0,0.0,0.0,0.0,0.0,0.0,10000.0
5760_dose_800_gradient_0_VconcST_0_Vconc_7.2_run_1.csv,5760.0,800.0,0,7.2,0.0,7.2,1,2.0,0.0,0.0,0.0,0.0,0.0,0.0,323.144
5760_dose_800_gradient_0_VconcST_0_Vconc_7.2_run_1.csv,5760.0,800.0,0,7.2,0.0,7.2,1,2.25,0.0,0.0,0.0,0.0,0.0,0.0,10000.0
5760_dose_800_gradient_0_VconcST_0_Vconc_7.2_run_1.csv,5760.0,800.0,0,7.2,0.0,7.2,1,2.5,0.0,0.0,0.0,0.0,0.0,0.0,307.875
5760_dose_800_gradient_0_VconcST_0_Vconc_7.2_run_1.csv,5760.0,800.0,0,7.2,0.0,7.2,1,2.75,0.0,0.0,0.0,0.0,0.0,0.0,10000.0
5760_dose_800_gradient_0_VconcST_0_Vconc_7.2_run_1.csv,5760.0,800.0,0,7.2,0.0,7.2,1,3.0,0.0,0.0,0.0,0.0,0.0,0.0,314.619
5760_dose_800_gradient_0_VconcST_0_Vconc_7.2_run_1.csv,5760.0,800.0,0,7.2,0.0,7.2,1,3.25,0.0,0.0,0.0,0.0,0.0,0.0,10000.0
5760_dose_800_gradient_0_VconcST_0_Vconc_7.2_run_1.csv,5760.0,800.0,0,7.2,0.0,7.2,1,3.5,0.0,0.0,0.0,0.0,0.0,0.0,296.144
5760_dose_800_gradient_0_VconcST_0_Vconc_7.2_run_1.csv,5760.0,800.0,0,7.2,0.0,7.2,1,3.75,0.0,0.0,0.0,0.0,0.0,0.0,10000.0
5760_dose_800_gradient_0_VconcST_0_Vconc_7.2_run_1.csv,5760.0,800.0,0,7.2,0.0,7.2,1,4.0,0.0,0.0,0.0,0.0,0.0,0.0,292.98
5760_dose_800_gradient_0_VconcST_0_Vconc_7.2_run_1.csv,5760.0,800.0,0,7.2,0.0,7.2,1,4.25,0.0,0.0,0.0,0.0,0.0,0.0,5922.39
5760_dose_800_gradient_0_VconcST_0_Vconc_7.2_run_1.csv,5760.0,800.0,0,7.2,0.0,7.2,1,4.5,0.0,0.0,0.0,0.0,0.0,0.0,8604.86
5760_dose_800_gradient_0_VconcST_0_Vconc_7.2_run_1.csv,5760.0,800.0,0,7.2,0.0,7.2,1,4.75,0.0,0.0,0.0,0.0,0.0,0.0,847.282
5760_dose_800_gradient_0_VconcST_0_Vconc_7.2_run_1.csv,5760.0,800.0,0,7.2,0.0,7.2,1,5.0,0.0,0.0,0.0,0.0,0.0,0.0,10000.0
5760_dose_800_gradient_0_VconcST_0_Vconc_7.2_run_1.csv,5760.0,800.0,0,7.2,0.0,7.2,1,5.25,0.0,0.0,0.0,0.0,0.0,0.0,855.891
5760_dose_800_gradient_0_VconcST_0_Vconc_7.2_run_1.csv,5760.0,800.0,0,7.2,0.0,7.2,1,5.5,0.0,0.0,0.0,0.0,0.0,0.0,10000.0
5760_dose_800_gradient_0_VconcST_0_Vconc_7.2_run_1.csv,5760.0,800.0,0,7.2,0.0,7.2,1,5.75,0.0,0.0,0.0,0.0,0.0,0.0,850.881
5760_dose_800_gradient_0_VconcST_0_Vconc_7.2_run_1.csv,5760.0,800.0,0,7.2,0.0,7.2,1,6.0,0.0,0.0,0.0,0.0,0.0,0.0,10000.0
5760_dose_800_gradient_0_VconcST_0_Vconc_7.2_run_1.csv,5760.0,800.0,0,7.2,0.0,7.2,1,6.25,0.0,0.0,0.0,0.0,0.0,0.0,838.445
5760_dose_800_gradient_0_VconcST_0_Vconc_7.2_run_1.csv,5760.0,800.0,0,7.2,0.0,7.2,1,6.5,0.0,0.0,0.0,0.0,0.0,0.0,10000.0
5760_dose_800_gradient_0_VconcST_0_Vconc_7.2_run_1.csv,5760.0,800.0,0,7.2,0.0,7.2,1,6.75,0.0,0.0,0.0,0.0,0.0,0.0,669.948
5760_dose_800_gradient_0_VconcST_0_Vconc_7.2_run_1.csv,5760.0,800.0,0,7.2,0.0,7.2,1,7.0,0.0,0.0,0.0,0.0,0.0,0.0,10000.0
5760_dose_800_gradient_0_VconcST_0_Vconc_7.2_run_1.csv,5760.0,800.0,0,7.2,0.0,7.2,1,7.25,0.0,0.0,0.0,0.0,0.0,0.0,470.199
5760_dose_800_gradient_0_VconcST_0_Vconc_7.2_run_1.csv,5760.0,800.0,0,7.2,0.0,7.2,1,7.5,0.0,0.0,0.0,0.0,0.0,0.0,10000.0
5760_dose_800_gradient_0_VconcST_0_Vconc_7.2_run_1.csv,5760.0,800.0,0,7.2,0.0,7.2,1,7.75,0.0,0.0,0.0,0.0,0.0,0.0,468.496
5760_dose_800_gradient_0_VconcST_0_Vconc_7.2_run_1.csv,5760.0,800.0,0,7.2,0.0,7.2,1,8.0,0.0,0.0,0.0,0.0,0.0,0.0,10000.0
5760_dose_800_gradient_0_VconcST_0_Vconc_7.2_run_1.csv,5760.0,800.0,0,7.2,0.0,7.2,1,8.25,0.0,0.0,0.0,0.0,0.0,0.0,434.344
5760_dose_800_gradient_0_VconcST_0_Vconc_7.2_run_1.csv,5760.0,800.0,0,7.2,0.0,7.2,1,8.5,0.0,0.0,0.0,0.0,0.0,0.0,10000.0
5760_dose_800_gradient_0_VconcST_0_Vconc_7.2_run_1.csv,5760.0,800.0,0,7.2,0.0,7.2,1,8.75,0.0,0.0,0.0,0.0,0.0,0.0,342.601
5760_dose_800_gradient_0_VconcST_0_Vconc_7.2_run_1.csv,5760.0,800.0,0,7.2,0.0,7.2,1,9.0,0.0,0.0,0.0,0.0,0.0,0.0,10000.0
5760_dose_800_gradient_0_VconcST_0_Vconc_7.2_run_1.csv,5760.0,800.0,0,7.2,0.0,7.2,1,9.25,0.0,0.0,0.0,0.0,0.0,0.0,370.897
5760_dose_800_gradient_0_VconcST_0_Vconc_7.2_run_1.csv,5760.0,800.0,0,7.2,0.0,7.2,1,9.5,0.0,0.0,0.0,0.0,0.0,0.0,10000.0
5760_dose_800_gradient_0_VconcST_0_Vconc_7.2_run_1.csv,5760.0,800.0,0,7.2,0.0,7.2,1,9.75,0.0,0.0,0.0,0.0,0.000549045,0.0,333.268
5760_dose_800_gradient_0_VconcST_0_Vconc_7.2_run_1.csv,5760.0,800.0,0,7.2,0.0,7.2,1,10.0,0.0,0.0,0.0,0.0,0.0,0.0,10000.0
5760_dose_800_gradient_0_VconcST_0_Vconc_7.2_run_1.csv,5760.0,800.0,0,7.2,0.0,7.2,1,10.25,0.0,0.0,0.0,0.0,0.0,0.0,325.03
5760_dose_800_gradient_0_VconcST_0_Vconc_7.2_run_1.csv,5760.0,800.0,0,7.2,0.0,7.2,1,10.5,0.0,0.0,0.0,0.0,0.0,0.0,10000.0
5760_dose_800_gradient_0_VconcST_0_Vconc_7.2_run_1.csv,5760.0,800.0,0,7.2,0.0,7.2,1,10.75,0.0,0.0,0.0,0.0,0.0,0.0,304.869
5760_dose_800_gradient_0_VconcST_0_Vconc_7.2_run_1.csv,5760.0,800.0,0,7.2,0.0,7.2,1,11.0,0.0,0.0,0.0,0.0,0.0,0.0,10000.0
5760_dose_800_gradient_0_VconcST_0_Vconc_7.2_run_1.csv,5760.0,800.0,0,7.2,0.0,7.2,1,11.25,0.0,0.0,0.0,0.0,0.0,0.0,298.942
5760_dose_800_gradient_0_VconcST_0_Vconc_7.2_run_1.csv,5760.0,800.0,0,7.2,0.0,7.2,1,11.5,0.0,0.0,0.0,0.0,0.0,0.0,10000.0
5760_dose_800_gradient_0_VconcST_0_Vconc_7.2_run_1.csv,5760.0,800.0,0,7.2,0.0,7.2,1,11.75,0.0,0.0,0.0,0.0,0.0,0.0,308.127
5760_dose_800_gradient_0_VconcST_0_Vconc_7.2_run_1.csv,5760.0,800.0,0,7.2,0.0,7.2,1,12.0,0.0,0.0,0.0,0.0,0.0,0.0,10000.0
5760_dose_800_gradient_0_VconcST_0_Vconc_7.2_run_1.csv,5760.0,800.0,0,7.2,0.0,7.2,1,12.25,0.0,0.0,0.0,0.0,0.0,0.0,1400.09
5760_dose_800_gradient_0_VconcST_0_Vconc_7.2_run_1.csv,5760.0,800.0,0,7.2,0.0,7.2,1,12.5,0.0,0.0,0.0,0.0,0.0,0.0,1382.88
5760_dose_800_gradient_0_VconcST_0_Vconc_7.2_run_1.csv,5760.0,800.0,0,7.2,0.0,7.2,1,12.75,0.0,0.0,0.0,0.0,0.0,0.0,9493.67
5760_dose_800_gradient_0_VconcST_0_Vconc_7.2_run_1.csv,5760.0,800.0,0,7.2,0.0,7.2,1,13.0,0.0,0.0,0.0,0.0,0.0,0.0,848.0
5760_dose_800_gradient_0_VconcST_0_Vconc_7.2_run_1.csv,5760.0,800.0,0,7.2,0.0,7.2,1,13.25,0.0,0.0,0.0,0.0,0.0,0.0,10000.0
5760_dose_800_gradient_0_VconcST_0_Vconc_7.2_run_1.csv,5760.0,800.0,0,7.2,0.0,7.2,1,13.5,0.0,0.0,0.0,0.0,0.0,0.0,854.96
5760_dose_800_gradient_0_VconcST_0_Vconc_7.2_run_1.csv,5760.0,800.0,0,7.2,0.0,7.2,1,13.75,0.0,0.0,0.0,0.0,0.0,0.0,10000.0
5760_dose_800_gradient_0_VconcST_0_Vconc_7.2_run_1.csv,5760.0,800.0,0,7.2,0.0,7.2,1,14.0,0.0,0.0,0.0,0.0,0.0,0.0,846.468
5760_dose_800_gradient_0_VconcST_0_Vconc_7.2_run_1.csv,5760.0,800.0,0,7.2,0.0,7.2,1,14.25,0.0,0.0,0.0,0.0,0.0,0.0,10000.0
5760_dose_800_gradient_0_VconcST_0_Vconc_7.2_run_1.csv,5760.0,800.0,0,7.2,0.0,7.2,1,14.5,0.0,0.0,0.0,0.0,0.0,0.0,730.173
5760_dose_800_gradient_0_VconcST_0_Vconc_7.2_run_1.csv,5760.0,800.0,0,7.2,0.0,7.2,1,14.75,0.0,0.0,0.0,0.0,0.0,0.0,10000.0
5760_dose_800_gradient_0_VconcST_0_Vconc_7.2_run_1.csv,5760.0,800.0,0,7.2,0.0,7.2,1,15.0,0.0,0.0,0.0,0.0,0.0,0.0,584.013
5760_dose_800_gradient_0_VconcST_0_Vconc_7.2_run_1.csv,5760.0,800.0,0,7.2,0.0,7.2,1,15.25,0.0,0.0,0.0,0.0,0.0,0.0,10000.0
5760_dose_800_gradient_0_VconcST_0_Vconc_7.2_run_1.csv,5760.0,800.0,0,7.2,0.0,7.2,1,15.5,0.0,0.0,0.0,0.0,0.0,0.0,484.772
5760_dose_800_gradient_0_VconcST_0_Vconc_7.2_run_1.csv,5760.0,800.0,0,7.2,0.0,7.2,1,15.75,0.0,0.0,0.0,0.0,0.0,0.0,10000.0
5760_dose_800_gradient_0_VconcST_0_Vconc_7.2_run_1.csv,5760.0,800.0,0,7.2,0.0,7.2,1,16.0,0.0,0.0,0.0,0.0,0.0,0.0,441.643
5760_dose_800_gradient_0_VconcST_0_Vconc_7.2_run_1.csv,5760.0,800.0,0,7.2,0.0,7.2,1,16.25,0.0,0.0,0.0,0.0,0.00263889,0.0,10000.0
5760_dose_800_gradient_0_VconcST_0_Vconc_7.2_run_1.csv,5760.0,800.0,0,7.2,0.0,7.2,1,16.5,0.0,0.0,0.0,0.0,0.0,0.0,381.264
5760_dose_800_gradient_0_VconcST_0_Vconc_7.2_run_1.csv,5760.0,800.0,0,7.2,0.0,7.2,1,16.75,0.0,0.0,0.0,0.0,0.0,0.0,10000.0
5760_dose_800_gradient_0_VconcST_0_Vconc_7.2_run_1.csv,5760.0,800.0,0,7.2,0.0,7.2,1,17.0,0.0,0.0,0.0,0.0,0.0,0.0,349.962
5760_dose_800_gradient_0_VconcST_0_Vconc_7.2_run_1.csv,5760.0,800.0,0,7.2,0.0,7.2,1,17.25,0.0,0.0,0.0,0.0,0.0,0.0,10000.0
5760_dose_800_gradient_0_VconcST_0_Vconc_7.2_run_1.csv,5760.0,800.0,0,7.2,0.0,7.2,1,17.5,0.0,0.0,0.0,0.0,0.0,0.0,349.423
5760_dose_800_gradient_0_VconcST_0_Vconc_7.2_run_1.csv,5760.0,800.0,0,7.2,0.0,7.2,1,17.75,0.0,0.0,0.0,0.0,0.0,0.0,10000.0
5760_dose_800_gradient_0_VconcST_0_Vconc_7.2_run_1.csv,5760.0,800.0,0,7.2,0.0,7.2,1,18.0,0.0,0.0,0.0,0.0,0.0,0.0,319.72
5760_dose_800_gradient_0_VconcST_0_Vconc_7.2_run_1.csv,5760.0,800.0,0,7.2,0.0,7.2,1,18.25,0.0,0.0,0.0,0.0,0.0,0.0,10000.0
5760_dose_800_gradient_0_VconcST_0_Vconc_7.2_run_1.csv,5760.0,800.0,0,7.2,0.0,7.2,1,18.5,0.0,0.0,0.0,0.0,0.0,0.0,294.284
5760_dose_800_gradient_0_VconcST_0_Vconc_7.2_run_1.csv,5760.0,800.0,0,7.2,0.0,7.2,1,18.75,0.0,0.0,0.0,0.0,0.0,0.0,10000.0
5760_dose_800_gradient_0_VconcST_0_Vconc_7.2_run_1.csv,5760.0,800.0,0,7.2,0.0,7.2,1,19.0,0.0,0.0,0.0,0.0,0.0,0.0,300.011
5760_dose_800_gradient_0_VconcST_0_Vconc_7.2_run_1.csv,5760.0,800.0,0,7.2,0.0,7.2,1,19.25,0.0,0.0,0.0,0.0,0.0,0.0,10000.0
5760_dose_800_gradient_0_VconcST_0_Vconc_7.2_run_1.csv,5760.0,800.0,0,7.2,0.0,7.2,1,19.5,0.0,0.0,0.0,0.0,0.0,0.0,290.799
5760_dose_800_gradient_0_VconcST_0_Vconc_7.2_run_1.csv,5760.0,800.0,0,7.2,0.0,7.2,1,19.75,0.0,0.0,0.0,0.0,0.0,0.0,10000.0
5760_dose_800_gradient_0_VconcST_0_Vconc_7.2_run_1.csv,5760.0,800.0,0,7.2,0.0,7.2,1,20.0,0.0,0.0,0.0,0.0,0.0,0.0,300.932
5760_dose_800_gradient_0_VconcST_0_Vconc_7.2_run_1.csv,5760.0,800.0,0,7.2,0.0,7.2,1,20.25,0.0,0.0,0.0,0.0,0.0,0.0,8125.16
5760_dose_800_gradient_0_VconcST_0_Vconc_7.2_run_1.csv,5760.0,800.0,0,7.2,0.0,7.2,1,20.5,0.0,0.0,0.0,0.0,0.0,0.0,5624.18
5760_dose_800_gradient_0_VconcST_0_Vconc_7.2_run_1.csv,5760.0,800.0,0,7.2,0.0,7.2,1,20.75,0.0,0.0,0.0,0.0,0.0,0.0,848.584
5760_dose_800_gradient_0_VconcST_0_Vconc_7.2_run_1.csv,5760.0,800.0,0,7.2,0.0,7.2,1,21.0,0.0,0.0,0.0,0.0,0.0,0.0,10000.0
5760_dose_800_gradient_0_VconcST_0_Vconc_7.2_run_1.csv,5760.0,800.0,0,7.2,0.0,7.2,1,21.25,0.0,0.0,0.0,0.0,0.0,0.0,860.979
5760_dose_800_gradient_0_VconcST_0_Vconc_7.2_run_1.csv,5760.0,800.0,0,7.2,0.0,7.2,1,21.5,0.0,0.0,0.0,0.0,0.0,0.0,10000.0
5760_dose_800_gradient_0_VconcST_0_Vconc_7.2_run_1.csv,5760.0,800.0,0,7.2,0.0,7.2,1,21.75,0.0,0.0,0.0,0.0,0.0,0.0,846.396
5760_dose_800_gradient_0_VconcST_0_Vconc_7.2_run_1.csv,5760.0,800.0,0,7.2,0.0,7.2,1,22.0,0.0,0.0,0.0,0.0,0.0,0.0,10000.0
5760_dose_800_gradient_0_VconcST_0_Vconc_7.2_run_1.csv,5760.0,800.0,0,7.2,0.0,7.2,1,22.25,0.0,0.0,0.0,0.0,0.0,0.0,835.464
5760_dose_800_gradient_0_VconcST_0_Vconc_7.2_run_1.csv,5760.0,800.0,0,7.2,0.0,7.2,1,22.5,0.0,0.0,0.0,0.0,0.0,0.0,10000.0
5760_dose_800_gradient_0_VconcST_0_Vconc_7.2_run_1.csv,5760.0,800.0,0,7.2,0.0,7.2,1,22.75,0.0,0.0,0.0,0.0,0.0,0.0,721.089
5760_dose_800_gradient_0_VconcST_0_Vconc_7.2_run_1.csv,5760.0,800.0,0,7.2,0.0,7.2,1,23.0,0.0,0.0,0.0,0.0,0.0,0.0,10000.0
5760_dose_800_gradient_0_VconcST_0_Vconc_7.2_run_1.csv,5760.0,800.0,0,7.2,0.0,7.2,1,23.25,0.0,0.0,0.0,0.0,0.0,0.0,529.266
5760_dose_800_gradient_0_VconcST_0_Vconc_7.2_run_1.csv,5760.0,800.0,0,7.2,0.0,7.2,1,23.5,0.0,0.0,0.0,0.0,0.0,0.0,10000.0
5760_dose_800_gradient_0_VconcST_0_Vconc_7.2_run_1.csv,5760.0,800.0,0,7.2,0.0,7.2,1,23.75,0.0,0.0,0.0,0.0,0.0,0.0,497.365
5760_dose_800_gradient_0_VconcST_0_Vconc_7.2_run_1.csv,5760.0,800.0,0,7.2,0.0,7.2,1,24.0,62.29,800.0,0.02426,62.29,0.0,0.0,10000.0
5760_dose_800_gradient_0_VconcST_0_Vconc_7.2_run_1.csv,5760.0,800.0,0,7.2,0.0,7.2,1,24.25,3754.75,784.145,1.46236,3754.75,0.0,0.999946,0.0249689
5760_dose_800_gradient_0_VconcST_0_Vconc_7.2_run_1.csv,5760.0,800.0,0,7.2,0.0,7.2,1,24.5,7360.03,768.604,2.8665,7360.03,0.0,0.999973,0.405069
5760_dose_800_gradient_0_VconcST_0_Vconc_7.2_run_1.csv,5760.0,800.0,0,7.2,0.0,7.2,1,24.75,10879.9,753.371,4.23739,10879.9,0.0,0.999982,0.247612
5760_dose_800_gradient_0_VconcST_0_Vconc_7.2_run_1.csv,5760.0,800.0,0,7.2,0.0,7.2,1,25.0,14316.1,738.44,5.57569,14316.1,0.0,0.999986,0.180228
5760_dose_800_gradient_0_VconcST_0_Vconc_7.2_run_1.csv,5760.0,800.0,0,7.2,0.0,7.2,1,25.25,17670.4,723.805,6.88207,17670.4,0.0,0.999989,0.141798
5760_dose_800_gradient_0_VconcST_0_Vconc_7.2_run_1.csv,5760.0,800.0,0,7.2,0.0,7.2,1,25.5,20944.4,709.46,8.15719,20944.4,0.0,0.99999,0.117738
5760_dose_800_gradient_0_VconcST_0_Vconc_7.2_run_1.csv,5760.0,800.0,0,7.2,0.0,7.2,1,25.75,24139.7,695.4,9.40168,24139.7,0.0,0.999992,0.100415
5760_dose_800_gradient_0_VconcST_0_Vconc_7.2_run_1.csv,5760.0,800.0,0,7.2,0.0,7.2,1,26.0,27258.1,681.618,10.6162,27258.1,0.0,0.999993,0.0884818
5760_dose_800_gradient_0_VconcST_0_Vconc_7.2_run_1.csv,5760.0,800.0,0,7.2,0.0,7.2,1,26.25,30301.0,668.109,11.8013,30301.0,0.0,0.999993,0.0787987
5760_dose_800_gradient_0_VconcST_0_Vconc_7.2_run_1.csv,5760.0,800.0,0,7.2,0.0,7.2,1,26.5,33270.0,654.868,12.9576,33270.0,0.0,0.999994,0.0713267
5760_dose_800_gradient_0_VconcST_0_Vconc_7.2_run_1.csv,5760.0,800.0,0,7.2,0.0,7.2,1,26.75,36166.6,641.889,14.0858,36166.6,0.0,0.999994,0.0652017
5760_dose_800_gradient_0_VconcST_0_Vconc_7.2_run_1.csv,5760.0,800.0,0,7.2,0.0,7.2,1,27.0,38992.4,629.168,15.1863,38992.4,0.0,0.999995,0.0603861
5760_dose_800_gradient_0_VconcST_0_Vconc_7.2_run_1.csv,5760.0,800.0,0,7.2,0.0,7.2,1,27.25,41748.7,616.698,16.2598,41748.7,0.0,0.999995,0.0563885
5760_dose_800_gradient_0_VconcST_0_Vconc_7.2_run_1.csv,5760.0,800.0,0,7.2,0.0,7.2,1,27.5,44437.0,604.476,17.3068,44437.0,0.0,0.999996,0.0523655
5760_dose_800_gradient_0_VconcST_0_Vconc_7.2_run_1.csv,5760.0,800.0,0,7.2,0.0,7.2,1,27.75,47058.6,592.496,18.3279,47058.6,0.0,0.999996,0.0495758
5760_dose_800_gradient_0_VconcST_0_Vconc_7.2_run_1.csv,5760.0,800.0,0,7.2,0.0,7.2,1,28.0,49615.1,580.753,19.3235,49615.1,0.0,0.999996,0.0468442
5760_dose_800_gradient_0_VconcST_0_Vconc_7.2_run_1.csv,5760.0,800.0,0,7.2,0.0,7.2,1,28.25,52107.7,569.244,20.2943,52107.7,0.0,0.999996,0.0448077
5760_dose_800_gradient_0_VconcST_0_Vconc_7.2_run_1.csv,5760.0,800.0,0,7.2,0.0,7.2,1,28.5,54537.6,557.962,21.2407,54537.6,0.0,0.999996,0.0427456
5760_dose_800_gradient_0_VconcST_0_Vconc_7.2_run_1.csv,5760.0,800.0,0,7.2,0.0,7.2,1,28.75,56906.3,546.904,22.1632,56906.3,0.0,0.999996,0.0407345
5760_dose_800_gradient_0_VconcST_0_Vconc_7.2_run_1.csv,5760.0,800.0,0,7.2,0.0,7.2,1,29.0,59214.9,536.065,23.0624,59214.9,0.0,0.999997,0.0394086
5760_dose_800_gradient_0_VconcST_0_Vconc_7.2_run_1.csv,5760.0,800.0,0,7.2,0.0,7.2,1,29.25,61464.8,525.441,23.9386,61464.8,0.0,0.999997,0.0373362
5760_dose_800_gradient_0_VconcST_0_Vconc_7.2_run_1.csv,5760.0,800.0,0,7.2,0.0,7.2,1,29.5,63657.1,515.027,24.7925,63657.1,0.0,0.999997,0.0359822
5760_dose_800_gradient_0_VconcST_0_Vconc_7.2_run_1.csv,5760.0,800.0,0,7.2,0.0,7.2,1,29.75,65793.0,504.82,25.6243,65793.0,0.0,0.999997,0.0353503
5760_dose_800_gradient_0_VconcST_0_Vconc_7.2_run_1.csv,5760.0,800.0,0,7.2,0.0,7.2,1,30.0,67873.7,494.815,26.4347,67873.7,0.0,0.999997,0.0347167
5760_dose_800_gradient_0_VconcST_0_Vconc_7.2_run_1.csv,5760.0,800.0,0,7.2,0.0,7.2,1,30.25,69900.4,485.009,27.224,69900.4,0.0,0.999997,0.0332841
5760_dose_800_gradient_0_VconcST_0_Vconc_7.2_run_1.csv,5760.0,800.0,0,7.2,0.0,7.2,1,30.5,71874.0,475.396,27.9927,71874.0,0.0,0.999997,0.0326563
5760_dose_800_gradient_0_VconcST_0_Vconc_7.2_run_1.csv,5760.0,800.0,0,7.2,0.0,7.2,1,30.75,73795.9,465.974,28.7412,73795.9,0.0,0.999997,0.0319501
5760_dose_800_gradient_0_VconcST_0_Vconc_7.2_run_1.csv,5760.0,800.0,0,7.2,0.0,7.2,1,31.0,75667.0,456.739,29.4699,75667.0,0.0,0.999997,0.03129
5760_dose_800_gradient_0_VconcST_0_Vconc_7.2_run_1.csv,5760.0,800.0,0,7.2,0.0,7.2,1,31.25,77488.3,447.687,30.1793,77488.3,0.0,0.999997,0.0298542
5760_dose_800_gradient_0_VconcST_0_Vconc_7.2_run_1.csv,5760.0,800.0,0,7.2,0.0,7.2,1,31.5,79260.9,438.815,30.8697,79260.9,0.0,0.999997,0.0291901
5760_dose_800_gradient_0_VconcST_0_Vconc_7.2_run_1.csv,5760.0,800.0,0,7.2,0.0,7.2,1,31.75,80985.9,430.118,31.5415,80985.9,0.0,0.999997,0.0291758
5760_dose_800_gradient_0_VconcST_0_Vconc_7.2_run_1.csv,5760.0,800.0,0,7.2,0.0,7.2,1,32.0,82664.2,421.593,32.1951,82664.2,0.0,0.999998,0.0285261
5760_dose_800_gradient_0_VconcST_0_Vconc_7.2_run_1.csv,5760.0,800.0,0,7.2,0.0,7.2,1,32.25,84296.8,413.238,32.831,84296.8,0.0,0.999998,0.0278531
5760_dose_800_gradient_0_VconcST_0_Vconc_7.2_run_1.csv,5760.0,800.0,0,7.2,0.0,7.2,1,32.5,85884.6,405.048,33.4494,85884.6,0.0,0.999998,0.0271814
5760_dose_800_gradient_0_VconcST_0_Vconc_7.2_run_1.csv,5760.0,800.0,0,7.2,0.0,7.2,1,32.75,87428.5,397.021,34.0507,87428.5,0.0,0.999998,0.0264915
5760_dose_800_gradient_0_VconcST_0_Vconc_7.2_run_1.csv,5760.0,800.0,0,7.2,0.0,7.2,1,33.0,88929.6,389.152,34.6353,88929.6,0.0,0.999998,0.0265445
5760_dose_800_gradient_0_VconcST_0_Vconc_7.2_run_1.csv,5760.0,800.0,0,7.2,0.0,7.2,1,33.25,90388.7,381.44,35.2036,90388.7,0.0,0.999998,0.0258068
5760_dose_800_gradient_0_VconcST_0_Vconc_7.2_run_1.csv,5760.0,800.0,0,7.2,0.0,7.2,1,33.5,91806.5,373.88,35.7558,91806.5,0.0,0.999998,0.0251356
5760_dose_800_gradient_0_VconcST_0_Vconc_7.2_run_1.csv,5760.0,800.0,0,7.2,0.0,7.2,1,33.75,93184.2,366.47,36.2923,93184.2,0.0,0.999998,0.0251427
5760_dose_800_gradient_0_VconcST_0_Vconc_7.2_run_1.csv,5760.0,800.0,0,7.2,0.0,7.2,1,34.0,94522.4,359.207,36.8135,94522.4,0.0,0.999998,0.0244263
5760_dose_800_gradient_0_VconcST_0_Vconc_7.2_run_1.csv,5760.0,800.0,0,7.2,0.0,7.2,1,34.25,95822.0,352.088,37.3197,95822.0,0.0,0.999998,0.0245104
5760_dose_800_gradient_0_VconcST_0_Vconc_7.2_run_1.csv,5760.0,800.0,0,7.2,0.0,7.2,1,34.5,97083.9,345.11,37.8112,97083.9,0.0,0.999998,0.0237996
5760_dose_800_gradient_0_VconcST_0_Vconc_7.2_run_1.csv,5760.0,800.0,0,7.2,0.0,7.2,1,34.75,98308.7,338.27,38.2882,98308.7,0.0,0.999998,0.0237796
5760_dose_800_gradient_0_VconcST_0_Vconc_7.2_run_1.csv,5760.0,800.0,0,7.2,0.0,7.2,1,35.0,99497.4,331.566,38.7511,99497.4,0.0,0.999998,0.0230903
5760_dose_800_gradient_0_VconcST_0_Vconc_7.2_run_1.csv,5760.0,800.0,0,7.2,0.0,7.2,1,35.25,100651.0,324.995,39.2003,100651.0,0.0,0.999998,0.0230692
5760_dose_800_gradient_0_VconcST_0_Vconc_7.2_run_1.csv,5760.0,800.0,0,7.2,0.0,7.2,1,35.5,101769.0,318.554,39.6359,101769.0,0.0,0.999998,0.0230919
5760_dose_800_gradient_0_VconcST_0_Vconc_7.2_run_1.csv,5760.0,800.0,0,7.2,0.0,7.2,1,35.75,102854.0,312.241,40.0583,102854.0,0.0,0.999998,0.022404
5760_dose_800_gradient_0_VconcST_0_Vconc_7.2_run_1.csv,5760.0,800.0,0,7.2,0.0,7.2,1,36.0,103905.0,306.052,40.4677,103905.0,0.0,0.999998,0.0224111
5760_dose_800_gradient_0_VconcST_0_Vconc_7.2_run_1.csv,5760.0,800.0,0,7.2,0.0,7.2,1,36.25,104924.0,299.987,40.8645,104924.0,0.0,0.999998,0.0224434
5760_dose_800_gradient_0_VconcST_0_Vconc_7.2_run_1.csv,5760.0,800.0,0,7.2,0.0,7.2,1,36.5,105910.0,294.041,41.2488,105910.0,0.0,0.999998,0.0217382
5760_dose_800_gradient_0_VconcST_0_Vconc_7.2_run_1.csv,5760.0,800.0,0,7.2,0.0,7.2,1,36.75,106866.0,288.214,41.621,106866.0,0.0,0.999998,0.0217382
5760_dose_800_gradient_0_VconcST_0_Vconc_7.2_run_1.csv,5760.0,800.0,0,7.2,0.0,7.2,1,37.0,107791.0,282.502,41.9813,107791.0,0.0,0.999998,0.0217122
5760_dose_800_gradient_0_VconcST_0_Vconc_7.2_run_1.csv,5760.0,800.0,0,7.2,0.0,7.2,1,37.25,108687.0,276.903,42.33,108687.0,0.0,0.999998,0.0210337
5760_dose_800_gradient_0_VconcST_0_Vconc_7.2_run_1.csv,5760.0,800.0,0,7.2,0.0,7.2,1,37.5,109553.0,271.414,42.6673,109553.0,0.0,0.999998,0.0210766
5760_dose_800_gradient_0_VconcST_0_Vconc_7.2_run_1.csv,5760.0,800.0,0,7.2,0.0,7.2,1,37.75,110390.0,266.035,42.9935,110390.0,0.0,0.999998,0.0210589
5760_dose_800_gradient_0_VconcST_0_Vconc_7.2_run_1.csv,5760.0,800.0,0,7.2,0.0,7.2,1,38.0,111199.0,260.763,43.3087,111199.0,0.0,0.999998,0.0210552
5760_dose_800_gradient_0_VconcST_0_Vconc_7.2_run_1.csv,5760.0,800.0,0,7.2,0.0,7.2,1,38.25,111981.0,255.595,43.6133,111981.0,0.0,0.999998,0.0210337
5760_dose_800_gradient_0_VconcST_0_Vconc_7.2_run_1.csv,5760.0,800.0,0,7.2,0.0,7.2,1,38.5,112737.0,250.529,43.9074,112737.0,0.0,0.999998,0.0203797
5760_dose_800_gradient_0_VconcST_0_Vconc_7.2_run_1.csv,5760.0,800.0,0,7.2,0.0,7.2,1,38.75,113465.0,245.564,44.1913,113465.0,0.0,0.999998,0.0204198
5760_dose_800_gradient_0_VconcST_0_Vconc_7.2_run_1.csv,5760.0,800.0,0,7.2,0.0,7.2,1,39.0,114169.0,240.697,44.4652,114169.0,0.0,0.999998,0.0203554
5760_dose_800_gradient_0_VconcST_0_Vconc_7.2_run_1.csv,5760.0,800.0,0,7.2,0.0,7.2,1,39.25,114847.0,235.927,44.7293,114847.0,0.0,0.999998,0.0203554
5760_dose_800_gradient_0_VconcST_0_Vconc_7.2_run_1.csv,5760.0,800.0,0,7.2,0.0,7.2,1,39.5,115500.0,231.251,44.9838,115500.0,0.0,0.999998,0.0203947
5760_dose_800_gradient_0_VconcST_0_Vconc_7.2_run_1.csv,5760.0,800.0,0,7.2,0.0,7.2,1,39.75,116130.0,226.668,45.229,116130.0,0.0,0.999998,0.0196947
5760_dose_800_gradient_0_VconcST_0_Vconc_7.2_run_1.csv,5760.0,800.0,0,7.2,0.0,7.2,1,40.0,116736.0,222.176,45.465,116736.0,0.0,0.999998,0.0196947
5760_dose_800_gradient_0_VconcST_0_Vconc_7.2_run_1.csv,5760.0,800.0,0,7.2,0.0,7.2,1,40.25,117319.0,217.772,45.692,117319.0,0.0,0.999998,0.0197389
5760_dose_800_gradient_0_VconcST_0_Vconc_7.2_run_1.csv,5760.0,800.0,0,7.2,0.0,7.2,1,40.5,117879.0,213.456,45.9102,117879.0,0.0,0.999998,0.0196864
5760_dose_800_gradient_0_VconcST_0_Vconc_7.2_run_1.csv,5760.0,800.0,0,7.2,0.0,7.2,1,40.75,118417.0,209.226,46.1199,118417.0,0.0,0.999998,0.0197279
5760_dose_800_gradient_0_VconcST_0_Vconc_7.2_run_1.csv,5760.0,800.0,0,7.2,0.0,7.2,1,41.0,118934.0,205.079,46.3211,118934.0,0.0,0.999998,0.0197085
5760_dose_800_gradient_0_VconcST_0_Vconc_7.2_run_1.csv,5760.0,800.0,0,7.2,0.0,7.2,1,41.25,119430.0,201.015,46.5142,119430.0,0.0,0.999998,0.0197044
5760_dose_800_gradient_0_VconcST_0_Vconc_7.2_run_1.csv,5760.0,800.0,0,7.2,0.0,7.2,1,41.5,119905.0,197.031,46.6992,119905.0,0.0,0.999998,0.0189983
5760_dose_800_gradient_0_VconcST_0_Vconc_1.6_run_2.csv,5760.0,800.0,0,1.6,0.0,1.6,2,0.0,0.0,0.0,0.0,0.0,0.0,0.0,0.0
5760_dose_800_gradient_0_VconcST_0_Vconc_1.6_run_2.csv,5760.0,800.0,0,1.6,0.0,1.6,2,0.25,0.0,0.0,0.0,0.0,0.0,0.0,5224.36
5760_dose_800_gradient_0_VconcST_0_Vconc_1.6_run_2.csv,5760.0,800.0,0,1.6,0.0,1.6,2,0.5,0.0,0.0,0.0,0.0,0.0,0.0,58.172
5760_dose_800_gradient_0_VconcST_0_Vconc_1.6_run_2.csv,5760.0,800.0,0,1.6,0.0,1.6,2,0.75,0.0,0.0,0.0,0.0,0.0,0.0,5724.69
5760_dose_800_gradient_0_VconcST_0_Vconc_1.6_run_2.csv,5760.0,800.0,0,1.6,0.0,1.6,2,1.0,0.0,0.0,0.0,0.0,0.0,0.0,58.8962
5760_dose_800_gradient_0_VconcST_0_Vconc_1.6_run_2.csv,5760.0,800.0,0,1.6,0.0,1.6,2,1.25,0.0,0.0,0.0,0.0,0.0,0.0,5643.49
5760_dose_800_gradient_0_VconcST_0_Vconc_1.6_run_2.csv,5760.0,800.0,0,1.6,0.0,1.6,2,1.5,0.0,0.0,0.0,0.0,0.0,0.0,58.7764
5760_dose_800_gradient_0_VconcST_0_Vconc_1.6_run_2.csv,5760.0,800.0,0,1.6,0.0,1.6,2,1.75,0.0,0.0,0.0,0.0,0.0,0.0,5851.02
5760_dose_800_gradient_0_VconcST_0_Vconc_1.6_run_2.csv,5760.0,800.0,0,1.6,0.0,1.6,2,2.0,0.0,0.0,0.0,0.0,0.0,0.0,58.0329
5760_dose_800_gradient_0_VconcST_0_Vconc_1.6_run_2.csv,5760.0,800.0,0,1.6,0.0,1.6,2,2.25,0.0,0.0,0.0,0.0,0.0,0.0,6054.45
5760_dose_800_gradient_0_VconcST_0_Vconc_1.6_run_2.csv,5760.0,800.0,0,1.6,0.0,1.6,2,2.5,0.0,0.0,0.0,0.0,0.0,0.0,58.5698
5760_dose_800_gradient_0_VconcST_0_Vconc_1.6_run_2.csv,5760.0,800.0,0,1.6,0.0,1.6,2,2.75,0.0,0.0,0.0,0.0,0.0,0.0,6776.75
5760_dose_800_gradient_0_VconcST_0_Vconc_1.6_run_2.csv,5760.0,800.0,0,1.6,0.0,1.6,2,3.0,0.0,0.0,0.0,0.0,0.0,0.0,57.6564
5760_dose_800_gradient_0_VconcST_0_Vconc_1.6_run_2.csv,5760.0,800.0,0,1.6,0.0,1.6,2,3.25,0.0,0.0,0.0,0.0,0.0,0.0,6887.15
5760_dose_800_gradient_0_VconcST_0_Vconc_1.6_run_2.csv,5760.0,800.0,0,1.6,0.0,1.6,2,3.5,0.0,0.0,0.0,0.0,0.0,0.0,57.9055
5760_dose_800_gradient_0_VconcST_0_Vconc_1.6_run_2.csv,5760.0,800.0,0,1.6,0.0,1.6,2,3.75,0.0,0.0,0.0,0.0,0.0,0.0,7194.19
5760_dose_800_gradient_0_VconcST_0_Vconc_1.6_run_2.csv,5760.0,800.0,0,1.6,0.0,1.6,2,4.0,0.0,0.0,0.0,0.0,0.0,0.0,2678.22
5760_dose_800_gradient_0_VconcST_0_Vconc_1.6_run_2.csv,5760.0,800.0,0,1.6,0.0,1.6,2,4.25,0.0,0.0,0.0,0.0,0.0,0.0,163.202
5760_dose_800_gradient_0_VconcST_0_Vconc_1.6_run_2.csv,5760.0,800.0,0,1.6,0.0,1.6,2,4.5,0.0,0.0,0.0,0.0,0.00182292,0.0,3044.07
5760_dose_800_gradient_0_VconcST_0_Vconc_1.6_run_2.csv,5760.0,800.0,0,1.6,0.0,1.6,2,4.75,0.0,0.0,0.0,0.0,0.0,0.0,148.524
5760_dose_800_gradient_0_VconcST_0_Vconc_1.6_run_2.csv,5760.0,800.0,0,1.6,0.0,1.6,2,5.0,0.0,0.0,0.0,0.0,0.0,0.0,3509.77
5760_dose_800_gradient_0_VconcST_0_Vconc_1.6_run_2.csv,5760.0,800.0,0,1.6,0.0,1.6,2,5.25,0.0,0.0,0.0,0.0,0.0,0.0,160.702
5760_dose_800_gradient_0_VconcST_0_Vconc_1.6_run_2.csv,5760.0,800.0,0,1.6,0.0,1.6,2,5.5,0.0,0.0,0.0,0.0,0.0,0.0,3806.75
5760_dose_800_gradient_0_VconcST_0_Vconc_1.6_run_2.csv,5760.0,800.0,0,1.6,0.0,1.6,2,5.75,0.0,0.0,0.0,0.0,0.0,0.0,133.934
5760_dose_800_gradient_0_VconcST_0_Vconc_1.6_run_2.csv,5760.0,800.0,0,1.6,0.0,1.6,2,6.0,0.0,0.0,0.0,0.0,0.0,0.0,4239.54
5760_dose_800_gradient_0_VconcST_0_Vconc_1.6_run_2.csv,5760.0,800.0,0,1.6,0.0,1.6,2,6.25,0.0,0.0,0.0,0.0,0.0,0.0,76.8654
5760_dose_800_gradient_0_VconcST_0_Vconc_1.6_run_2.csv,5760.0,800.0,0,1.6,0.0,1.6,2,6.5,0.0,0.0,0.0,0.0,0.0,0.0,4361.25
5760_dose_800_gradient_0_VconcST_0_Vconc_1.6_run_2.csv,5760.0,800.0,0,1.6,0.0,1.6,2,6.75,0.0,0.0,0.0,0.0,0.0,0.0,65.5663
5760_dose_800_gradient_0_VconcST_0_Vconc_1.6_run_2.csv,5760.0,800.0,0,1.6,0.0,1.6,2,7.0,0.0,0.0,0.0,0.0,0.0,0.0,4747.05
5760_dose_800_gradient_0_VconcST_0_Vconc_1.6_run_2.csv,5760.0,800.0,0,1.6,0.0,1.6,2,7.25,0.0,0.0,0.0,0.0,0.0,0.0,61.9338
5760_dose_800_gradient_0_VconcST_0_Vconc_1.6_run_2.csv,5760.0,800.0,0,1.6,0.0,1.6,2,7.5,0.0,0.0,0.0,0.0,0.0,0.0,5118.68
5760_dose_800_gradient_0_VconcST_0_Vconc_1.6_run_2.csv,5760.0,800.0,0,1.6,0.0,1.6,2,7.75,0.0,0.0,0.0,0.0,0.0,0.0,58.6857
5760_dose_800_gradient_0_VconcST_0_Vconc_1.6_run_2.csv,5760.0,800.0,0,1.6,0.0,1.6,2,8.0,0.0,0.0,0.0,0.0,0.0,0.0,5351.8
5760_dose_800_gradient_0_VconcST_0_Vconc_1.6_run_2.csv,5760.0,800.0,0,1.6,0.0,1.6,2,8.25,0.0,0.0,0.0,0.0,0.0,0.0,57.7355
5760_dose_800_gradient_0_VconcST_0_Vconc_1.6_run_2.csv,5760.0,800.0,0,1.6,0.0,1.6,2,8.5,0.0,0.0,0.0,0.0,0.0,0.0,5599.76
5760_dose_800_gradient_0_VconcST_0_Vconc_1.6_run_2.csv,5760.0,800.0,0,1.6,0.0,1.6,2,8.75,0.0,0.0,0.0,0.0,0.0,0.0,57.9673
5760_dose_800_gradient_0_VconcST_0_Vconc_1.6_run_2.csv,5760.0,800.0,0,1.6,0.0,1.6,2,9.0,0.0,0.0,0.0,0.0,0.0,0.0,5973.3
5760_dose_800_gradient_0_VconcST_0_Vconc_1.6_run_2.csv,5760.0,800.0,0,1.6,0.0,1.6,2,9.25,0.0,0.0,0.0,0.0,0.0,0.0,58.0426
5760_dose_800_gradient_0_VconcST_0_Vconc_1.6_run_2.csv,5760.0,800.0,0,1.6,0.0,1.6,2,9.5,0.0,0.0,0.0,0.0,0.0,0.0,6061.87
5760_dose_800_gradient_0_VconcST_0_Vconc_1.6_run_2.csv,5760.0,800.0,0,1.6,0.0,1.6,2,9.75,0.0,0.0,0.0,0.0,0.0,0.0,58.1488
5760_dose_800_gradient_0_VconcST_0_Vconc_1.6_run_2.csv,5760.0,800.0,0,1.6,0.0,1.6,2,10.0,0.0,0.0,0.0,0.0,0.0,0.0,6436.81
5760_dose_800_gradient_0_VconcST_0_Vconc_1.6_run_2.csv,5760.0,800.0,0,1.6,0.0,1.6,2,10.25,0.0,0.0,0.0,0.0,0.0,0.0,57.6448
5760_dose_800_gradient_0_VconcST_0_Vconc_1.6_run_2.csv,5760.0,800.0,0,1.6,0.0,1.6,2,10.5,0.0,0.0,0.0,0.0,0.0,0.0,6565.55
5760_dose_800_gradient_0_VconcST_0_Vconc_1.6_run_2.csv,5760.0,800.0,0,1.6,0.0,1.6,2,10.75,0.0,0.0,0.0,0.0,0.0,0.0,58.2647
5760_dose_800_gradient_0_VconcST_0_Vconc_1.6_run_2.csv,5760.0,800.0,0,1.6,0.0,1.6,2,11.0,0.0,0.0,0.0,0.0,0.0,0.0,6729.4
5760_dose_800_gradient_0_VconcST_0_Vconc_1.6_run_2.csv,5760.0,800.0,0,1.6,0.0,1.6,2,11.25,0.0,0.0,0.0,0.0,0.00154731,0.0,2697.03
5760_dose_800_gradient_0_VconcST_0_Vconc_1.6_run_2.csv,5760.0,800.0,0,1.6,0.0,1.6,2,11.5,0.0,0.0,0.0,0.0,0.0,0.0,160.711
5760_dose_800_gradient_0_VconcST_0_Vconc_1.6_run_2.csv,5760.0,800.0,0,1.6,0.0,1.6,2,11.75,0.0,0.0,0.0,0.0,0.0,0.0,3134.65
5760_dose_800_gradient_0_VconcST_0_Vconc_1.6_run_2.csv,5760.0,800.0,0,1.6,0.0,1.6,2,12.0,0.0,0.0,0.0,0.0,0.0,0.0,159.375
5760_dose_800_gradient_0_VconcST_0_Vconc_1.6_run_2.csv,5760.0,800.0,0,1.6,0.0,1.6,2,12.25,0.0,0.0,0.0,0.0,0.0,0.0,3437.21
5760_dose_800_gradient_0_VconcST_0_Vconc_1.6_run_2.csv,5760.0,800.0,0,1.6,0.0,1.6,2,12.5,0.0,0.0,0.0,0.0,0.0,0.0,151.874
5760_dose_800_gradient_0_VconcST_0_Vconc_1.6_run_2.csv,5760.0,800.0,0,1.6,0.0,1.6,2,12.75,0.0,0.0,0.0,0.0,0.0,0.0,3900.41
5760_dose_800_gradient_0_VconcST_0_Vconc_1.6_run_2.csv,5760.0,800.0,0,1.6,0.0,1.6,2,13.0,0.0,0.0,0.0,0.0,0.0,0.0,134.581
5760_dose_800_gradient_0_VconcST_0_Vconc_1.6_run_2.csv,5760.0,800.0,0,1.6,0.0,1.6,2,13.25,0.0,0.0,0.0,0.0,0.0,0.0,4120.62
5760_dose_800_gradient_0_VconcST_0_Vconc_1.6_run_2.csv,5760.0,800.0,0,1.6,0.0,1.6,2,13.5,0.0,0.0,0.0,0.0,0.0,0.0,81.2954
5760_dose_800_gradient_0_VconcST_0_Vconc_1.6_run_2.csv,5760.0,800.0,0,1.6,0.0,1.6,2,13.75,0.0,0.0,0.0,0.0,0.0,0.0,4472.46
5760_dose_800_gradient_0_VconcST_0_Vconc_1.6_run_2.csv,5760.0,800.0,0,1.6,0.0,1.6,2,14.0,0.0,0.0,0.0,0.0,0.0,0.0,63.6603
5760_dose_800_gradient_0_VconcST_0_Vconc_1.6_run_2.csv,5760.0,800.0,0,1.6,0.0,1.6,2,14.25,0.0,0.0,0.0,0.0,0.0,0.0,4706.16
5760_dose_800_gradient_0_VconcST_0_Vconc_1.6_run_2.csv,5760.0,800.0,0,1.6,0.0,1.6,2,14.5,0.0,0.0,0.0,0.0,0.0,0.0,58.4713
5760_dose_800_gradient_0_VconcST_0_Vconc_1.6_run_2.csv,5760.0,800.0,0,1.6,0.0,1.6,2,14.75,0.0,0.0,0.0,0.0,0.0,0.0,5057.59
5760_dose_800_gradient_0_VconcST_0_Vconc_1.6_run_2.csv,5760.0,800.0,0,1.6,0.0,1.6,2,15.0,0.0,0.0,0.0,0.0,0.0,0.0,61.2753
5760_dose_800_gradient_0_VconcST_0_Vconc_1.6_run_2.csv,5760.0,800.0,0,1.6,0.0,1.6,2,15.25,0.0,0.0,0.0,0.0,0.0,0.0,5384.39
5760_dose_800_gradient_0_VconcST_0_Vconc_1.6_run_2.csv,5760.0,800.0,0,1.6,0.0,1.6,2,15.5,0.0,0.0,0.0,0.0,0.0,0.0,58.8633
5760_dose_800_gradient_0_VconcST_0_Vconc_1.6_run_2.csv,5760.0,800.0,0,1.6,0.0,1.6,2,15.75,0.0,0.0,0.0,0.0,0.0,0.0,5543.28
5760_dose_800_gradient_0_VconcST_0_Vconc_1.6_run_2.csv,5760.0,800.0,0,1.6,0.0,1.6,2,16.0,0.0,0.0,0.0,0.0,0.0,0.0,58.004
5760_dose_800_gradient_0_VconcST_0_Vconc_1.6_run_2.csv,5760.0,800.0,0,1.6,0.0,1.6,2,16.25,0.0,0.0,0.0,0.0,0.0,0.0,6158.84
5760_dose_800_gradient_0_VconcST_0_Vconc_1.6_run_2.csv,5760.0,800.0,0,1.6,0.0,1.6,2,16.5,0.0,0.0,0.0,0.0,0.0,0.0,57.8881
5760_dose_800_gradient_0_VconcST_0_Vconc_1.6_run_2.csv,5760.0,800.0,0,1.6,0.0,1.6,2,16.75,0.0,0.0,0.0,0.0,0.0,0.0,6209.59
5760_dose_800_gradient_0_VconcST_0_Vconc_1.6_run_2.csv,5760.0,800.0,0,1.6,0.0,1.6,2,17.0,0.0,0.0,0.0,0.0,0.0,0.0,58.3863
5760_dose_800_gradient_0_VconcST_0_Vconc_1.6_run_2.csv,5760.0,800.0,0,1.6,0.0,1.6,2,17.25,0.0,0.0,0.0,0.0,0.0,0.0,6542.82
5760_dose_800_gradient_0_VconcST_0_Vconc_1.6_run_2.csv,5760.0,800.0,0,1.6,0.0,1.6,2,17.5,0.0,0.0,0.0,0.0,0.0,0.0,57.946
5760_dose_800_gradient_0_VconcST_0_Vconc_1.6_run_2.csv,5760.0,800.0,0,1.6,0.0,1.6,2,17.75,0.0,0.0,0.0,0.0,0.0,0.0,7029.14
5760_dose_800_gradient_0_VconcST_0_Vconc_1.6_run_2.csv,5760.0,800.0,0,1.6,0.0,1.6,2,18.0,0.0,0.0,0.0,0.0,0.0,0.0,58.5524
5760_dose_800_gradient_0_VconcST_0_Vconc_1.6_run_2.csv,5760.0,800.0,0,1.6,0.0,1.6,2,18.25,0.0,0.0,0.0,0.0,0.0,0.0,6751.05
5760_dose_800_gradient_0_VconcST_0_Vconc_1.6_run_2.csv,5760.0,800.0,0,1.6,0.0,1.6,2,18.5,0.0,0.0,0.0,0.0,0.0,0.0,2624.63
5760_dose_800_gradient_0_VconcST_0_Vconc_1.6_run_2.csv,5760.0,800.0,0,1.6,0.0,1.6,2,18.75,0.0,0.0,0.0,0.0,0.0,0.0,158.45
5760_dose_800_gradient_0_VconcST_0_Vconc_1.6_run_2.csv,5760.0,800.0,0,1.6,0.0,1.6,2,19.0,0.0,0.0,0.0,0.0,0.00113932,0.0,3113.19
5760_dose_800_gradient_0_VconcST_0_Vconc_1.6_run_2.csv,5760.0,800.0,0,1.6,0.0,1.6,2,19.25,0.0,0.0,0.0,0.0,0.0,0.0,152.498
5760_dose_800_gradient_0_VconcST_0_Vconc_1.6_run_2.csv,5760.0,800.0,0,1.6,0.0,1.6,2,19.5,0.0,0.0,0.0,0.0,0.0,0.0,3548.06
5760_dose_800_gradient_0_VconcST_0_Vconc_1.6_run_2.csv,5760.0,800.0,0,1.6,0.0,1.6,2,19.75,0.0,0.0,0.0,0.0,0.0,0.0,156.092
5760_dose_800_gradient_0_VconcST_0_Vconc_1.6_run_2.csv,5760.0,800.0,0,1.6,0.0,1.6,2,20.0,0.0,0.0,0.0,0.0,0.0,0.0,3741.92
5760_dose_800_gradient_0_VconcST_0_Vconc_1.6_run_2.csv,5760.0,800.0,0,1.6,0.0,1.6,2,20.25,0.0,0.0,0.0,0.0,0.0,0.0,131.495
5760_dose_800_gradient_0_VconcST_0_Vconc_1.6_run_2.csv,5760.0,800.0,0,1.6,0.0,1.6,2,20.5,0.0,0.0,0.0,0.0,0.0,0.0,4250.01
5760_dose_800_gradient_0_VconcST_0_Vconc_1.6_run_2.csv,5760.0,800.0,0,1.6,0.0,1.6,2,20.75,0.0,0.0,0.0,0.0,0.0,0.0,75.3648
5760_dose_800_gradient_0_VconcST_0_Vconc_1.6_run_2.csv,5760.0,800.0,0,1.6,0.0,1.6,2,21.0,0.0,0.0,0.0,0.0,0.0,0.0,4420.62
5760_dose_800_gradient_0_VconcST_0_Vconc_1.6_run_2.csv,5760.0,800.0,0,1.6,0.0,1.6,2,21.25,0.0,0.0,0.0,0.0,0.0,0.0,63.7839
5760_dose_800_gradient_0_VconcST_0_Vconc_1.6_run_2.csv,5760.0,800.0,0,1.6,0.0,1.6,2,21.5,0.0,0.0,0.0,0.0,0.0,0.0,4815.76
5760_dose_800_gradient_0_VconcST_0_Vconc_1.6_run_2.csv,5760.0,800.0,0,1.6,0.0,1.6,2,21.75,0.0,0.0,0.0,0.0,0.0,0.0,60.5956
5760_dose_800_gradient_0_VconcST_0_Vconc_1.6_run_2.csv,5760.0,800.0,0,1.6,0.0,1.6,2,22.0,0.0,0.0,0.0,0.0,0.0,0.0,5281.68
5760_dose_800_gradient_0_VconcST_0_Vconc_1.6_run_2.csv,5760.0,800.0,0,1.6,0.0,1.6,2,22.25,0.0,0.0,0.0,0.0,0.0,0.0,59.7942
5760_dose_800_gradient_0_VconcST_0_Vconc_1.6_run_2.csv,5760.0,800.0,0,1.6,0.0,1.6,2,22.5,0.0,0.0,0.0,0.0,0.0,0.0,5364.44
5760_dose_800_gradient_0_VconcST_0_Vconc_1.6_run_2.csv,5760.0,800.0,0,1.6,0.0,1.6,2,22.75,0.0,0.0,0.0,0.0,0.0,0.0,59.8154
5760_dose_800_gradient_0_VconcST_0_Vconc_1.6_run_2.csv,5760.0,800.0,0,1.6,0.0,1.6,2,23.0,0.0,0.0,0.0,0.0,0.0,0.0,5722.33
5760_dose_800_gradient_0_VconcST_0_Vconc_1.6_run_2.csv,5760.0,800.0,0,1.6,0.0,1.6,2,23.25,0.0,0.0,0.0,0.0,0.0,0.0,58.1623
5760_dose_800_gradient_0_VconcST_0_Vconc_1.6_run_2.csv,5760.0,800.0,0,1.6,0.0,1.6,2,23.5,0.0,0.0,0.0,0.0,0.0,0.0,5770.25
5760_dose_800_gradient_0_VconcST_0_Vconc_1.6_run_2.csv,5760.0,800.0,0,1.6,0.0,1.6,2,23.75,0.0,0.0,0.0,0.0,0.0,0.0,58.0117
5760_dose_800_gradient_0_VconcST_0_Vconc_1.6_run_2.csv,5760.0,800.0,0,1.6,0.0,1.6,2,24.0,62.29,800.0,0.02426,62.29,0.0,0.0,6060.91
5760_dose_800_gradient_0_VconcST_0_Vconc_1.6_run_2.csv,5760.0,800.0,0,1.6,0.0,1.6,2,24.25,3754.75,784.145,1.46236,3754.75,0.0,0.999946,0.00554592
5760_dose_800_gradient_0_VconcST_0_Vconc_1.6_run_2.csv,5760.0,800.0,0,1.6,0.0,1.6,2,24.5,7360.03,768.604,2.8665,7360.03,0.0,0.999973,0.0900163
5760_dose_800_gradient_0_VconcST_0_Vconc_1.6_run_2.csv,5760.0,800.0,0,1.6,0.0,1.6,2,24.75,10879.9,753.371,4.23739,10879.9,0.0,0.999982,0.0550712
5760_dose_800_gradient_0_VconcST_0_Vconc_1.6_run_2.csv,5760.0,800.0,0,1.6,0.0,1.6,2,25.0,14316.1,738.44,5.57569,14316.1,0.0,0.999986,0.0400739
5760_dose_800_gradient_0_VconcST_0_Vconc_1.6_run_2.csv,5760.0,800.0,0,1.6,0.0,1.6,2,25.25,17670.4,723.805,6.88207,17670.4,0.0,0.999989,0.0315436
5760_dose_800_gradient_0_VconcST_0_Vconc_1.6_run_2.csv,5760.0,800.0,0,1.6,0.0,1.6,2,25.5,20944.4,709.46,8.15719,20944.4,0.0,0.99999,0.0261884
5760_dose_800_gradient_0_VconcST_0_Vconc_1.6_run_2.csv,5760.0,800.0,0,1.6,0.0,1.6,2,25.75,24139.7,695.4,9.40168,24139.7,0.0,0.999992,0.0223287
5760_dose_800_gradient_0_VconcST_0_Vconc_1.6_run_2.csv,5760.0,800.0,0,1.6,0.0,1.6,2,26.0,27258.1,681.618,10.6162,27258.1,0.0,0.999993,0.0196014
5760_dose_800_gradient_0_VconcST_0_Vconc_1.6_run_2.csv,5760.0,800.0,0,1.6,0.0,1.6,2,26.25,30301.0,668.109,11.8013,30301.0,0.0,0.999993,0.0174991
5760_dose_800_gradient_0_VconcST_0_Vconc_1.6_run_2.csv,5760.0,800.0,0,1.6,0.0,1.6,2,26.5,33270.0,654.868,12.9576,33270.0,0.0,0.999994,0.0158398
5760_dose_800_gradient_0_VconcST_0_Vconc_1.6_run_2.csv,5760.0,800.0,0,1.6,0.0,1.6,2,26.75,36166.6,641.889,14.0858,36166.6,0.0,0.999994,0.014508
5760_dose_800_gradient_0_VconcST_0_Vconc_1.6_run_2.csv,5760.0,800.0,0,1.6,0.0,1.6,2,27.0,38992.4,629.168,15.1863,38992.4,0.0,0.999995,0.0134444
5760_dose_800_gradient_0_VconcST_0_Vconc_1.6_run_2.csv,5760.0,800.0,0,1.6,0.0,1.6,2,27.25,41748.7,616.698,16.2598,41748.7,0.0,0.999995,0.0125261
5760_dose_800_gradient_0_VconcST_0_Vconc_1.6_run_2.csv,5760.0,800.0,0,1.6,0.0,1.6,2,27.5,44437.0,604.476,17.3068,44437.0,0.0,0.999996,0.0116277
5760_dose_800_gradient_0_VconcST_0_Vconc_1.6_run_2.csv,5760.0,800.0,0,1.6,0.0,1.6,2,27.75,47058.6,592.496,18.3279,47058.6,0.0,0.999996,0.0110314
5760_dose_800_gradient_0_VconcST_0_Vconc_1.6_run_2.csv,5760.0,800.0,0,1.6,0.0,1.6,2,28.0,49615.1,580.753,19.3235,49615.1,0.0,0.999996,0.0104134
5760_dose_800_gradient_0_VconcST_0_Vconc_1.6_run_2.csv,5760.0,800.0,0,1.6,0.0,1.6,2,28.25,52107.7,569.244,20.2943,52107.7,0.0,0.999996,0.00996619
5760_dose_800_gradient_0_VconcST_0_Vconc_1.6_run_2.csv,5760.0,800.0,0,1.6,0.0,1.6,2,28.5,54537.6,557.962,21.2407,54537.6,0.0,0.999996,0.00950784
5760_dose_800_gradient_0_VconcST_0_Vconc_1.6_run_2.csv,5760.0,800.0,0,1.6,0.0,1.6,2,28.75,56906.3,546.904,22.1632,56906.3,0.0,0.999996,0.00907516
5760_dose_800_gradient_0_VconcST_0_Vconc_1.6_run_2.csv,5760.0,800.0,0,1.6,0.0,1.6,2,29.0,59214.9,536.065,23.0624,59214.9,0.0,0.999997,0.0087453
5760_dose_800_gradient_0_VconcST_0_Vconc_1.6_run_2.csv,5760.0,800.0,0,1.6,0.0,1.6,2,29.25,61464.8,525.441,23.9386,61464.8,0.0,0.999997,0.0082979
5760_dose_800_gradient_0_VconcST_0_Vconc_1.6_run_2.csv,5760.0,800.0,0,1.6,0.0,1.6,2,29.5,63657.1,515.027,24.7925,63657.1,0.0,0.999997,0.00800989
5760_dose_800_gradient_0_VconcST_0_Vconc_1.6_run_2.csv,5760.0,800.0,0,1.6,0.0,1.6,2,29.75,65793.0,504.82,25.6243,65793.0,0.0,0.999997,0.00785078
5760_dose_800_gradient_0_VconcST_0_Vconc_1.6_run_2.csv,5760.0,800.0,0,1.6,0.0,1.6,2,30.0,67873.7,494.815,26.4347,67873.7,0.0,0.999997,0.00770282
5760_dose_800_gradient_0_VconcST_0_Vconc_1.6_run_2.csv,5760.0,800.0,0,1.6,0.0,1.6,2,30.25,69900.4,485.009,27.224,69900.4,0.0,0.999997,0.00740768
5760_dose_800_gradient_0_VconcST_0_Vconc_1.6_run_2.csv,5760.0,800.0,0,1.6,0.0,1.6,2,30.5,71874.0,475.396,27.9927,71874.0,0.0,0.999997,0.0072479
5760_dose_800_gradient_0_VconcST_0_Vconc_1.6_run_2.csv,5760.0,800.0,0,1.6,0.0,1.6,2,30.75,73795.9,465.974,28.7412,73795.9,0.0,0.999997,0.00709388
5760_dose_800_gradient_0_VconcST_0_Vconc_1.6_run_2.csv,5760.0,800.0,0,1.6,0.0,1.6,2,31.0,75667.0,456.739,29.4699,75667.0,0.0,0.999997,0.00694447
5760_dose_800_gradient_0_VconcST_0_Vconc_1.6_run_2.csv,5760.0,800.0,0,1.6,0.0,1.6,2,31.25,77488.3,447.687,30.1793,77488.3,0.0,0.999997,0.00664228
5760_dose_800_gradient_0_VconcST_0_Vconc_1.6_run_2.csv,5760.0,800.0,0,1.6,0.0,1.6,2,31.5,79260.9,438.815,30.8697,79260.9,0.0,0.999997,0.00649613
5760_dose_800_gradient_0_VconcST_0_Vconc_1.6_run_2.csv,5760.0,800.0,0,1.6,0.0,1.6,2,31.75,80985.9,430.118,31.5415,80985.9,0.0,0.999997,0.00649089
5760_dose_800_gradient_0_VconcST_0_Vconc_1.6_run_2.csv,5760.0,800.0,0,1.6,0.0,1.6,2,32.0,82664.2,421.593,32.1951,82664.2,0.0,0.999998,0.00633281
5760_dose_800_gradient_0_VconcST_0_Vconc_1.6_run_2.csv,5760.0,800.0,0,1.6,0.0,1.6,2,32.25,84296.8,413.238,32.831,84296.8,0.0,0.999998,0.00618203
5760_dose_800_gradient_0_VconcST_0_Vconc_1.6_run_2.csv,5760.0,800.0,0,1.6,0.0,1.6,2,32.5,85884.6,405.048,33.4494,85884.6,0.0,0.999998,0.00603802
5760_dose_800_gradient_0_VconcST_0_Vconc_1.6_run_2.csv,5760.0,800.0,0,1.6,0.0,1.6,2,32.75,87428.5,397.021,34.0507,87428.5,0.0,0.999998,0.00588809
5760_dose_800_gradient_0_VconcST_0_Vconc_1.6_run_2.csv,5760.0,800.0,0,1.6,0.0,1.6,2,33.0,88929.6,389.152,34.6353,88929.6,0.0,0.999998,0.00588044
5760_dose_800_gradient_0_VconcST_0_Vconc_1.6_run_2.csv,5760.0,800.0,0,1.6,0.0,1.6,2,33.25,90388.7,381.44,35.2036,90388.7,0.0,0.999998,0.00574077
5760_dose_800_gradient_0_VconcST_0_Vconc_1.6_run_2.csv,5760.0,800.0,0,1.6,0.0,1.6,2,33.5,91806.5,373.88,35.7558,91806.5,0.0,0.999998,0.00558967
5760_dose_800_gradient_0_VconcST_0_Vconc_1.6_run_2.csv,5760.0,800.0,0,1.6,0.0,1.6,2,33.75,93184.2,366.47,36.2923,93184.2,0.0,0.999998,0.00558398
5760_dose_800_gradient_0_VconcST_0_Vconc_1.6_run_2.csv,5760.0,800.0,0,1.6,0.0,1.6,2,34.0,94522.4,359.207,36.8135,94522.4,0.0,0.999998,0.00543137
5760_dose_800_gradient_0_VconcST_0_Vconc_1.6_run_2.csv,5760.0,800.0,0,1.6,0.0,1.6,2,34.25,95822.0,352.088,37.3197,95822.0,0.0,0.999998,0.00543806
5760_dose_800_gradient_0_VconcST_0_Vconc_1.6_run_2.csv,5760.0,800.0,0,1.6,0.0,1.6,2,34.5,97083.9,345.11,37.8112,97083.9,0.0,0.999998,0.00527734
5760_dose_800_gradient_0_VconcST_0_Vconc_1.6_run_2.csv,5760.0,800.0,0,1.6,0.0,1.6,2,34.75,98308.7,338.27,38.2882,98308.7,0.0,0.999998,0.00528957
5760_dose_800_gradient_0_VconcST_0_Vconc_1.6_run_2.csv,5760.0,800.0,0,1.6,0.0,1.6,2,35.0,99497.4,331.566,38.7511,99497.4,0.0,0.999998,0.00512652
5760_dose_800_gradient_0_VconcST_0_Vconc_1.6_run_2.csv,5760.0,800.0,0,1.6,0.0,1.6,2,35.25,100651.0,324.995,39.2003,100651.0,0.0,0.999998,0.00513913
5760_dose_800_gradient_0_VconcST_0_Vconc_1.6_run_2.csv,5760.0,800.0,0,1.6,0.0,1.6,2,35.5,101769.0,318.554,39.6359,101769.0,0.0,0.999998,0.00514039
5760_dose_800_gradient_0_VconcST_0_Vconc_1.6_run_2.csv,5760.0,800.0,0,1.6,0.0,1.6,2,35.75,102854.0,312.241,40.0583,102854.0,0.0,0.999998,0.0049798
5760_dose_800_gradient_0_VconcST_0_Vconc_1.6_run_2.csv,5760.0,800.0,0,1.6,0.0,1.6,2,36.0,103905.0,306.052,40.4677,103905.0,0.0,0.999998,0.00497578
5760_dose_800_gradient_0_VconcST_0_Vconc_1.6_run_2.csv,5760.0,800.0,0,1.6,0.0,1.6,2,36.25,104924.0,299.987,40.8645,104924.0,0.0,0.999998,0.0049847
5760_dose_800_gradient_0_VconcST_0_Vconc_1.6_run_2.csv,5760.0,800.0,0,1.6,0.0,1.6,2,36.5,105910.0,294.041,41.2488,105910.0,0.0,0.999998,0.00483089
5760_dose_800_gradient_0_VconcST_0_Vconc_1.6_run_2.csv,5760.0,800.0,0,1.6,0.0,1.6,2,36.75,106866.0,288.214,41.621,106866.0,0.0,0.999998,0.00484106
5760_dose_800_gradient_0_VconcST_0_Vconc_1.6_run_2.csv,5760.0,800.0,0,1.6,0.0,1.6,2,37.0,107791.0,282.502,41.9813,107791.0,0.0,0.999998,0.00482987
5760_dose_800_gradient_0_VconcST_0_Vconc_1.6_run_2.csv,5760.0,800.0,0,1.6,0.0,1.6,2,37.25,108687.0,276.903,42.33,108687.0,0.0,0.999998,0.0046742
5760_dose_800_gradient_0_VconcST_0_Vconc_1.6_run_2.csv,5760.0,800.0,0,1.6,0.0,1.6,2,37.5,109553.0,271.414,42.6673,109553.0,0.0,0.999998,0.00467847
5760_dose_800_gradient_0_VconcST_0_Vconc_1.6_run_2.csv,5760.0,800.0,0,1.6,0.0,1.6,2,37.75,110390.0,266.035,42.9935,110390.0,0.0,0.999998,0.0046742
5760_dose_800_gradient_0_VconcST_0_Vconc_1.6_run_2.csv,5760.0,800.0,0,1.6,0.0,1.6,2,38.0,111199.0,260.763,43.3087,111199.0,0.0,0.999998,0.00469145
5760_dose_800_gradient_0_VconcST_0_Vconc_1.6_run_2.csv,5760.0,800.0,0,1.6,0.0,1.6,2,38.25,111981.0,255.595,43.6133,111981.0,0.0,0.999998,0.00468488
5760_dose_800_gradient_0_VconcST_0_Vconc_1.6_run_2.csv,5760.0,800.0,0,1.6,0.0,1.6,2,38.5,112737.0,250.529,43.9074,112737.0,0.0,0.999998,0.00452836
5760_dose_800_gradient_0_VconcST_0_Vconc_1.6_run_2.csv,5760.0,800.0,0,1.6,0.0,1.6,2,38.75,113465.0,245.564,44.1913,113465.0,0.0,0.999998,0.00452979
5760_dose_800_gradient_0_VconcST_0_Vconc_1.6_run_2.csv,5760.0,800.0,0,1.6,0.0,1.6,2,39.0,114169.0,240.697,44.4652,114169.0,0.0,0.999998,0.00452343
5760_dose_800_gradient_0_VconcST_0_Vconc_1.6_run_2.csv,5760.0,800.0,0,1.6,0.0,1.6,2,39.25,114847.0,235.927,44.7293,114847.0,0.0,0.999998,0.00452757
5760_dose_800_gradient_0_VconcST_0_Vconc_1.6_run_2.csv,5760.0,800.0,0,1.6,0.0,1.6,2,39.5,115500.0,231.251,44.9838,115500.0,0.0,0.999998,0.00452566
5760_dose_800_gradient_0_VconcST_0_Vconc_1.6_run_2.csv,5760.0,800.0,0,1.6,0.0,1.6,2,39.75,116130.0,226.668,45.229,116130.0,0.0,0.999998,0.00437527
5760_dose_800_gradient_0_VconcST_0_Vconc_1.6_run_2.csv,5760.0,800.0,0,1.6,0.0,1.6,2,40.0,116736.0,222.176,45.465,116736.0,0.0,0.999998,0.0043785
5760_dose_800_gradient_0_VconcST_0_Vconc_1.6_run_2.csv,5760.0,800.0,0,1.6,0.0,1.6,2,40.25,117319.0,217.772,45.692,117319.0,0.0,0.999998,0.00437666
5760_dose_800_gradient_0_VconcST_0_Vconc_1.6_run_2.csv,5760.0,800.0,0,1.6,0.0,1.6,2,40.5,117879.0,213.456,45.9102,117879.0,0.0,0.999998,0.00437789
5760_dose_800_gradient_0_VconcST_0_Vconc_1.6_run_2.csv,5760.0,800.0,0,1.6,0.0,1.6,2,40.75,118417.0,209.226,46.1199,118417.0,0.0,0.999998,0.00437266
5760_dose_800_gradient_0_VconcST_0_Vconc_1.6_run_2.csv,5760.0,800.0,0,1.6,0.0,1.6,2,41.0,118934.0,205.079,46.3211,118934.0,0.0,0.999998,0.00439187
5760_dose_800_gradient_0_VconcST_0_Vconc_1.6_run_2.csv,5760.0,800.0,0,1.6,0.0,1.6,2,41.25,119430.0,201.015,46.5142,119430.0,0.0,0.999998,0.00437266
5760_dose_800_gradient_0_VconcST_0_Vconc_1.6_run_2.csv,5760.0,800.0,0,1.6,0.0,1.6,2,41.5,119905.0,197.031,46.6992,119905.0,0.0,0.999998,0.0042244
5760_dose_800_gradient_0_VconcST_0_Vconc_1.6_run_1.csv,5760.0,800.0,0,1.6,0.0,1.6,1,0.0,0.0,0.0,0.0,0.0,0.0,0.0,0.0
5760_dose_800_gradient_0_VconcST_0_Vconc_1.6_run_1.csv,5760.0,800.0,0,1.6,0.0,1.6,1,0.25,0.0,0.0,0.0,0.0,0.0,0.0,5337.7
5760_dose_800_gradient_0_VconcST_0_Vconc_1.6_run_1.csv,5760.0,800.0,0,1.6,0.0,1.6,1,0.5,0.0,0.0,0.0,0.0,0.0,0.0,59.236
5760_dose_800_gradient_0_VconcST_0_Vconc_1.6_run_1.csv,5760.0,800.0,0,1.6,0.0,1.6,1,0.75,0.0,0.0,0.0,0.0,0.0,0.0,5510.32
5760_dose_800_gradient_0_VconcST_0_Vconc_1.6_run_1.csv,5760.0,800.0,0,1.6,0.0,1.6,1,1.0,0.0,0.0,0.0,0.0,0.0,0.0,58.8324
5760_dose_800_gradient_0_VconcST_0_Vconc_1.6_run_1.csv,5760.0,800.0,0,1.6,0.0,1.6,1,1.25,0.0,0.0,0.0,0.0,0.0,0.0,5553.19
5760_dose_800_gradient_0_VconcST_0_Vconc_1.6_run_1.csv,5760.0,800.0,0,1.6,0.0,1.6,1,1.5,0.0,0.0,0.0,0.0,0.0,0.0,58.6857
5760_dose_800_gradient_0_VconcST_0_Vconc_1.6_run_1.csv,5760.0,800.0,0,1.6,0.0,1.6,1,1.75,0.0,0.0,0.0,0.0,0.0,0.0,5950.56
5760_dose_800_gradient_0_VconcST_0_Vconc_1.6_run_1.csv,5760.0,800.0,0,1.6,0.0,1.6,1,2.0,0.0,0.0,0.0,0.0,0.0,0.0,58.3477
5760_dose_800_gradient_0_VconcST_0_Vconc_1.6_run_1.csv,5760.0,800.0,0,1.6,0.0,1.6,1,2.25,0.0,0.0,0.0,0.0,0.0,0.0,6383.63
5760_dose_800_gradient_0_VconcST_0_Vconc_1.6_run_1.csv,5760.0,800.0,0,1.6,0.0,1.6,1,2.5,0.0,0.0,0.0,0.0,0.0,0.0,58.4848
5760_dose_800_gradient_0_VconcST_0_Vconc_1.6_run_1.csv,5760.0,800.0,0,1.6,0.0,1.6,1,2.75,0.0,0.0,0.0,0.0,0.0,0.0,6446.88
5760_dose_800_gradient_0_VconcST_0_Vconc_1.6_run_1.csv,5760.0,800.0,0,1.6,0.0,1.6,1,3.0,0.0,0.0,0.0,0.0,0.0,0.0,59.2013
5760_dose_800_gradient_0_VconcST_0_Vconc_1.6_run_1.csv,5760.0,800.0,0,1.6,0.0,1.6,1,3.25,0.0,0.0,0.0,0.0,0.0,0.0,6822.32
5760_dose_800_gradient_0_VconcST_0_Vconc_1.6_run_1.csv,5760.0,800.0,0,1.6,0.0,1.6,1,3.5,0.0,0.0,0.0,0.0,0.0,0.0,57.7915
5760_dose_800_gradient_0_VconcST_0_Vconc_1.6_run_1.csv,5760.0,800.0,0,1.6,0.0,1.6,1,3.75,0.0,0.0,0.0,0.0,0.0,0.0,6972.83
5760_dose_800_gradient_0_VconcST_0_Vconc_1.6_run_1.csv,5760.0,800.0,0,1.6,0.0,1.6,1,4.0,0.0,0.0,0.0,0.0,0.0,0.0,2674.28
5760_dose_800_gradient_0_VconcST_0_Vconc_1.6_run_1.csv,5760.0,800.0,0,1.6,0.0,1.6,1,4.25,0.0,0.0,0.0,0.0,0.0,0.0,144.434
5760_dose_800_gradient_0_VconcST_0_Vconc_1.6_run_1.csv,5760.0,800.0,0,1.6,0.0,1.6,1,4.5,0.0,0.0,0.0,0.0,0.0,0.0,3043.2
5760_dose_800_gradient_0_VconcST_0_Vconc_1.6_run_1.csv,5760.0,800.0,0,1.6,0.0,1.6,1,4.75,0.0,0.0,0.0,0.0,0.0,0.0,155.559
5760_dose_800_gradient_0_VconcST_0_Vconc_1.6_run_1.csv,5760.0,800.0,0,1.6,0.0,1.6,1,5.0,0.0,0.0,0.0,0.0,0.0,0.0,3364.21
5760_dose_800_gradient_0_VconcST_0_Vconc_1.6_run_1.csv,5760.0,800.0,0,1.6,0.0,1.6,1,5.25,0.0,0.0,0.0,0.0,0.0,0.0,151.083
5760_dose_800_gradient_0_VconcST_0_Vconc_1.6_run_1.csv,5760.0,800.0,0,1.6,0.0,1.6,1,5.5,0.0,0.0,0.0,0.0,0.0,0.0,3721.44
5760_dose_800_gradient_0_VconcST_0_Vconc_1.6_run_1.csv,5760.0,800.0,0,1.6,0.0,1.6,1,5.75,0.0,0.0,0.0,0.0,0.0,0.0,119.628
5760_dose_800_gradient_0_VconcST_0_Vconc_1.6_run_1.csv,5760.0,800.0,0,1.6,0.0,1.6,1,6.0,0.0,0.0,0.0,0.0,0.0,0.0,4187.49
5760_dose_800_gradient_0_VconcST_0_Vconc_1.6_run_1.csv,5760.0,800.0,0,1.6,0.0,1.6,1,6.25,0.0,0.0,0.0,0.0,0.0,0.0,74.8126
5760_dose_800_gradient_0_VconcST_0_Vconc_1.6_run_1.csv,5760.0,800.0,0,1.6,0.0,1.6,1,6.5,0.0,0.0,0.0,0.0,0.0,0.0,4383.86
5760_dose_800_gradient_0_VconcST_0_Vconc_1.6_run_1.csv,5760.0,800.0,0,1.6,0.0,1.6,1,6.75,0.0,0.0,0.0,0.0,0.0,0.0,61.3932
5760_dose_800_gradient_0_VconcST_0_Vconc_1.6_run_1.csv,5760.0,800.0,0,1.6,0.0,1.6,1,7.0,0.0,0.0,0.0,0.0,0.0,0.0,4793.74
5760_dose_800_gradient_0_VconcST_0_Vconc_1.6_run_1.csv,5760.0,800.0,0,1.6,0.0,1.6,1,7.25,0.0,0.0,0.0,0.0,0.0,0.0,62.7121
5760_dose_800_gradient_0_VconcST_0_Vconc_1.6_run_1.csv,5760.0,800.0,0,1.6,0.0,1.6,1,7.5,0.0,0.0,0.0,0.0,0.0,0.0,5014.92
5760_dose_800_gradient_0_VconcST_0_Vconc_1.6_run_1.csv,5760.0,800.0,0,1.6,0.0,1.6,1,7.75,0.0,0.0,0.0,0.0,0.0,0.0,58.6471
5760_dose_800_gradient_0_VconcST_0_Vconc_1.6_run_1.csv,5760.0,800.0,0,1.6,0.0,1.6,1,8.0,0.0,0.0,0.0,0.0,0.0,0.0,5250.28
5760_dose_800_gradient_0_VconcST_0_Vconc_1.6_run_1.csv,5760.0,800.0,0,1.6,0.0,1.6,1,8.25,0.0,0.0,0.0,0.0,0.0,0.0,58.172
5760_dose_800_gradient_0_VconcST_0_Vconc_1.6_run_1.csv,5760.0,800.0,0,1.6,0.0,1.6,1,8.5,0.0,0.0,0.0,0.0,0.0,0.0,5883.08
5760_dose_800_gradient_0_VconcST_0_Vconc_1.6_run_1.csv,5760.0,800.0,0,1.6,0.0,1.6,1,8.75,0.0,0.0,0.0,0.0,0.0,0.0,58.9599
5760_dose_800_gradient_0_VconcST_0_Vconc_1.6_run_1.csv,5760.0,800.0,0,1.6,0.0,1.6,1,9.0,0.0,0.0,0.0,0.0,0.0,0.0,5744.09
5760_dose_800_gradient_0_VconcST_0_Vconc_1.6_run_1.csv,5760.0,800.0,0,1.6,0.0,1.6,1,9.25,0.0,0.0,0.0,0.0,0.0,0.0,58.3168
5760_dose_800_gradient_0_VconcST_0_Vconc_1.6_run_1.csv,5760.0,800.0,0,1.6,0.0,1.6,1,9.5,0.0,0.0,0.0,0.0,0.0,0.0,6081.38
5760_dose_800_gradient_0_VconcST_0_Vconc_1.6_run_1.csv,5760.0,800.0,0,1.6,0.0,1.6,1,9.75,0.0,0.0,0.0,0.0,0.0,0.0,57.3493
5760_dose_800_gradient_0_VconcST_0_Vconc_1.6_run_1.csv,5760.0,800.0,0,1.6,0.0,1.6,1,10.0,0.0,0.0,0.0,0.0,0.0,0.0,6259.16
5760_dose_800_gradient_0_VconcST_0_Vconc_1.6_run_1.csv,5760.0,800.0,0,1.6,0.0,1.6,1,10.25,0.0,0.0,0.0,0.0,0.0,0.0,57.4555
5760_dose_800_gradient_0_VconcST_0_Vconc_1.6_run_1.csv,5760.0,800.0,0,1.6,0.0,1.6,1,10.5,0.0,0.0,0.0,0.0,0.0,0.0,6804.34
5760_dose_800_gradient_0_VconcST_0_Vconc_1.6_run_1.csv,5760.0,800.0,0,1.6,0.0,1.6,1,10.75,0.0,0.0,0.0,0.0,0.0,0.0,57.7838
5760_dose_800_gradient_0_VconcST_0_Vconc_1.6_run_1.csv,5760.0,800.0,0,1.6,0.0,1.6,1,11.0,0.0,0.0,0.0,0.0,0.0,0.0,6571.65
5760_dose_800_gradient_0_VconcST_0_Vconc_1.6_run_1.csv,5760.0,800.0,0,1.6,0.0,1.6,1,11.25,0.0,0.0,0.0,0.0,0.0,0.0,2705.72
5760_dose_800_gradient_0_VconcST_0_Vconc_1.6_run_1.csv,5760.0,800.0,0,1.6,0.0,1.6,1,11.5,0.0,0.0,0.0,0.0,0.0,0.0,152.147
5760_dose_800_gradient_0_VconcST_0_Vconc_1.6_run_1.csv,5760.0,800.0,0,1.6,0.0,1.6,1,11.75,0.0,0.0,0.0,0.0,0.0,0.0,3134.27
5760_dose_800_gradient_0_VconcST_0_Vconc_1.6_run_1.csv,5760.0,800.0,0,1.6,0.0,1.6,1,12.0,0.0,0.0,0.0,0.0,0.0,0.0,155.198
5760_dose_800_gradient_0_VconcST_0_Vconc_1.6_run_1.csv,5760.0,800.0,0,1.6,0.0,1.6,1,12.25,0.0,0.0,0.0,0.0,0.0,0.0,3448.7
5760_dose_800_gradient_0_VconcST_0_Vconc_1.6_run_1.csv,5760.0,800.0,0,1.6,0.0,1.6,1,12.5,0.0,0.0,0.0,0.0,0.0,0.0,151.245
5760_dose_800_gradient_0_VconcST_0_Vconc_1.6_run_1.csv,5760.0,800.0,0,1.6,0.0,1.6,1,12.75,0.0,0.0,0.0,0.0,0.0,0.0,3818.49
5760_dose_800_gradient_0_VconcST_0_Vconc_1.6_run_1.csv,5760.0,800.0,0,1.6,0.0,1.6,1,13.0,0.0,0.0,0.0,0.0,0.0,0.0,131.499
5760_dose_800_gradient_0_VconcST_0_Vconc_1.6_run_1.csv,5760.0,800.0,0,1.6,0.0,1.6,1,13.25,0.0,0.0,0.0,0.0,0.0,0.0,4035.9
5760_dose_800_gradient_0_VconcST_0_Vconc_1.6_run_1.csv,5760.0,800.0,0,1.6,0.0,1.6,1,13.5,0.0,0.0,0.0,0.0,0.0,0.0,75.0539
5760_dose_800_gradient_0_VconcST_0_Vconc_1.6_run_1.csv,5760.0,800.0,0,1.6,0.0,1.6,1,13.75,0.0,0.0,0.0,0.0,0.0,0.0,4610.32
5760_dose_800_gradient_0_VconcST_0_Vconc_1.6_run_1.csv,5760.0,800.0,0,1.6,0.0,1.6,1,14.0,0.0,0.0,0.0,0.0,0.0,0.0,63.9017
5760_dose_800_gradient_0_VconcST_0_Vconc_1.6_run_1.csv,5760.0,800.0,0,1.6,0.0,1.6,1,14.25,0.0,0.0,0.0,0.0,0.0,0.0,4655.4
5760_dose_800_gradient_0_VconcST_0_Vconc_1.6_run_1.csv,5760.0,800.0,0,1.6,0.0,1.6,1,14.5,0.0,0.0,0.0,0.0,0.0,0.0,59.7324
5760_dose_800_gradient_0_VconcST_0_Vconc_1.6_run_1.csv,5760.0,800.0,0,1.6,0.0,1.6,1,14.75,0.0,0.0,0.0,0.0,0.0,0.0,5081.9
5760_dose_800_gradient_0_VconcST_0_Vconc_1.6_run_1.csv,5760.0,800.0,0,1.6,0.0,1.6,1,15.0,0.0,0.0,0.0,0.0,0.0,0.0,62.1907
5760_dose_800_gradient_0_VconcST_0_Vconc_1.6_run_1.csv,5760.0,800.0,0,1.6,0.0,1.6,1,15.25,0.0,0.0,0.0,0.0,0.0,0.0,5143.82
5760_dose_800_gradient_0_VconcST_0_Vconc_1.6_run_1.csv,5760.0,800.0,0,1.6,0.0,1.6,1,15.5,0.0,0.0,0.0,0.0,0.0,0.0,58.4752
5760_dose_800_gradient_0_VconcST_0_Vconc_1.6_run_1.csv,5760.0,800.0,0,1.6,0.0,1.6,1,15.75,0.0,0.0,0.0,0.0,0.0,0.0,5605.2
5760_dose_800_gradient_0_VconcST_0_Vconc_1.6_run_1.csv,5760.0,800.0,0,1.6,0.0,1.6,1,16.0,0.0,0.0,0.0,0.0,0.0,0.0,58.1874
5760_dose_800_gradient_0_VconcST_0_Vconc_1.6_run_1.csv,5760.0,800.0,0,1.6,0.0,1.6,1,16.25,0.0,0.0,0.0,0.0,0.0,0.0,6286.25
5760_dose_800_gradient_0_VconcST_0_Vconc_1.6_run_1.csv,5760.0,800.0,0,1.6,0.0,1.6,1,16.5,0.0,0.0,0.0,0.0,0.0,0.0,57.6351
5760_dose_800_gradient_0_VconcST_0_Vconc_1.6_run_1.csv,5760.0,800.0,0,1.6,0.0,1.6,1,16.75,0.0,0.0,0.0,0.0,0.0,0.0,5979.88
5760_dose_800_gradient_0_VconcST_0_Vconc_1.6_run_1.csv,5760.0,800.0,0,1.6,0.0,1.6,1,17.0,0.0,0.0,0.0,0.0,0.0,0.0,57.9306
5760_dose_800_gradient_0_VconcST_0_Vconc_1.6_run_1.csv,5760.0,800.0,0,1.6,0.0,1.6,1,17.25,0.0,0.0,0.0,0.0,0.0,0.0,6190.44
5760_dose_800_gradient_0_VconcST_0_Vconc_1.6_run_1.csv,5760.0,800.0,0,1.6,0.0,1.6,1,17.5,0.0,0.0,0.0,0.0,0.0,0.0,59.0854
5760_dose_800_gradient_0_VconcST_0_Vconc_1.6_run_1.csv,5760.0,800.0,0,1.6,0.0,1.6,1,17.75,0.0,0.0,0.0,0.0,0.0,0.0,6549.56
5760_dose_800_gradient_0_VconcST_0_Vconc_1.6_run_1.csv,5760.0,800.0,0,1.6,0.0,1.6,1,18.0,0.0,0.0,0.0,0.0,0.0,0.0,58.425
5760_dose_800_gradient_0_VconcST_0_Vconc_1.6_run_1.csv,5760.0,800.0,0,1.6,0.0,1.6,1,18.25,0.0,0.0,0.0,0.0,0.0,0.0,6968.31
5760_dose_800_gradient_0_VconcST_0_Vconc_1.6_run_1.csv,5760.0,800.0,0,1.6,0.0,1.6,1,18.5,0.0,0.0,0.0,0.0,0.00275825,0.0,2671.25
5760_dose_800_gradient_0_VconcST_0_Vconc_1.6_run_1.csv,5760.0,800.0,0,1.6,0.0,1.6,1,18.75,0.0,0.0,0.0,0.0,0.0,0.0,157.32
5760_dose_800_gradient_0_VconcST_0_Vconc_1.6_run_1.csv,5760.0,800.0,0,1.6,0.0,1.6,1,19.0,0.0,0.0,0.0,0.0,0.00273437,0.0,3092.41
5760_dose_800_gradient_0_VconcST_0_Vconc_1.6_run_1.csv,5760.0,800.0,0,1.6,0.0,1.6,1,19.25,0.0,0.0,0.0,0.0,0.0,0.0,149.026
5760_dose_800_gradient_0_VconcST_0_Vconc_1.6_run_1.csv,5760.0,800.0,0,1.6,0.0,1.6,1,19.5,0.0,0.0,0.0,0.0,0.0,0.0,3526.77
5760_dose_800_gradient_0_VconcST_0_Vconc_1.6_run_1.csv,5760.0,800.0,0,1.6,0.0,1.6,1,19.75,0.0,0.0,0.0,0.0,0.0,0.0,148.528
5760_dose_800_gradient_0_VconcST_0_Vconc_1.6_run_1.csv,5760.0,800.0,0,1.6,0.0,1.6,1,20.0,0.0,0.0,0.0,0.0,0.0,0.0,3767.93
5760_dose_800_gradient_0_VconcST_0_Vconc_1.6_run_1.csv,5760.0,800.0,0,1.6,0.0,1.6,1,20.25,0.0,0.0,0.0,0.0,0.0,0.0,127.285
5760_dose_800_gradient_0_VconcST_0_Vconc_1.6_run_1.csv,5760.0,800.0,0,1.6,0.0,1.6,1,20.5,0.0,0.0,0.0,0.0,0.0,0.0,4004.49
5760_dose_800_gradient_0_VconcST_0_Vconc_1.6_run_1.csv,5760.0,800.0,0,1.6,0.0,1.6,1,20.75,0.0,0.0,0.0,0.0,0.0,0.0,77.6591
5760_dose_800_gradient_0_VconcST_0_Vconc_1.6_run_1.csv,5760.0,800.0,0,1.6,0.0,1.6,1,21.0,0.0,0.0,0.0,0.0,0.0,0.0,4552.55
5760_dose_800_gradient_0_VconcST_0_Vconc_1.6_run_1.csv,5760.0,800.0,0,1.6,0.0,1.6,1,21.25,0.0,0.0,0.0,0.0,0.0,0.0,66.4218
5760_dose_800_gradient_0_VconcST_0_Vconc_1.6_run_1.csv,5760.0,800.0,0,1.6,0.0,1.6,1,21.5,0.0,0.0,0.0,0.0,0.0,0.0,4928.46
5760_dose_800_gradient_0_VconcST_0_Vconc_1.6_run_1.csv,5760.0,800.0,0,1.6,0.0,1.6,1,21.75,0.0,0.0,0.0,0.0,0.0,0.0,64.1605
5760_dose_800_gradient_0_VconcST_0_Vconc_1.6_run_1.csv,5760.0,800.0,0,1.6,0.0,1.6,1,22.0,0.0,0.0,0.0,0.0,0.0,0.0,4892.93
5760_dose_800_gradient_0_VconcST_0_Vconc_1.6_run_1.csv,5760.0,800.0,0,1.6,0.0,1.6,1,22.25,0.0,0.0,0.0,0.0,0.0,0.0,60.3136
5760_dose_800_gradient_0_VconcST_0_Vconc_1.6_run_1.csv,5760.0,800.0,0,1.6,0.0,1.6,1,22.5,0.0,0.0,0.0,0.0,0.0,0.0,5342.42
5760_dose_800_gradient_0_VconcST_0_Vconc_1.6_run_1.csv,5760.0,800.0,0,1.6,0.0,1.6,1,22.75,0.0,0.0,0.0,0.0,0.0,0.0,57.2721
5760_dose_800_gradient_0_VconcST_0_Vconc_1.6_run_1.csv,5760.0,800.0,0,1.6,0.0,1.6,1,23.0,0.0,0.0,0.0,0.0,0.0,0.0,5596.46
5760_dose_800_gradient_0_VconcST_0_Vconc_1.6_run_1.csv,5760.0,800.0,0,1.6,0.0,1.6,1,23.25,0.0,0.0,0.0,0.0,0.0,0.0,58.1314
5760_dose_800_gradient_0_VconcST_0_Vconc_1.6_run_1.csv,5760.0,800.0,0,1.6,0.0,1.6,1,23.5,0.0,0.0,0.0,0.0,0.0,0.0,5831.55
5760_dose_800_gradient_0_VconcST_0_Vconc_1.6_run_1.csv,5760.0,800.0,0,1.6,0.0,1.6,1,23.75,0.0,0.0,0.0,0.0,0.0,0.0,59.153
5760_dose_800_gradient_0_VconcST_0_Vconc_1.6_run_1.csv,5760.0,800.0,0,1.6,0.0,1.6,1,24.0,62.29,800.0,0.02426,62.29,0.0,0.0,6568.02
5760_dose_800_gradient_0_VconcST_0_Vconc_1.6_run_1.csv,5760.0,800.0,0,1.6,0.0,1.6,1,24.25,3754.75,784.145,1.46236,3754.75,0.0,0.999946,0.00556521
5760_dose_800_gradient_0_VconcST_0_Vconc_1.6_run_1.csv,5760.0,800.0,0,1.6,0.0,1.6,1,24.5,7360.03,768.604,2.8665,7360.03,0.0,0.999973,0.0900163
5760_dose_800_gradient_0_VconcST_0_Vconc_1.6_run_1.csv,5760.0,800.0,0,1.6,0.0,1.6,1,24.75,10879.9,753.371,4.23739,10879.9,0.0,0.999982,0.0551138
5760_dose_800_gradient_0_VconcST_0_Vconc_1.6_run_1.csv,5760.0,800.0,0,1.6,0.0,1.6,1,25.0,14316.1,738.44,5.57569,14316.1,0.0,0.999986,0.0400921
5760_dose_800_gradient_0_VconcST_0_Vconc_1.6_run_1.csv,5760.0,800.0,0,1.6,0.0,1.6,1,25.25,17670.4,723.805,6.88207,17670.4,0.0,0.999989,0.0315635
5760_dose_800_gradient_0_VconcST_0_Vconc_1.6_run_1.csv,5760.0,800.0,0,1.6,0.0,1.6,1,25.5,20944.4,709.46,8.15719,20944.4,0.0,0.99999,0.0262058
5760_dose_800_gradient_0_VconcST_0_Vconc_1.6_run_1.csv,5760.0,800.0,0,1.6,0.0,1.6,1,25.75,24139.7,695.4,9.40168,24139.7,0.0,0.999992,0.0223577
5760_dose_800_gradient_0_VconcST_0_Vconc_1.6_run_1.csv,5760.0,800.0,0,1.6,0.0,1.6,1,26.0,27258.1,681.618,10.6162,27258.1,0.0,0.999993,0.0196565
5760_dose_800_gradient_0_VconcST_0_Vconc_1.6_run_1.csv,5760.0,800.0,0,1.6,0.0,1.6,1,26.25,30301.0,668.109,11.8013,30301.0,0.0,0.999993,0.0175206
5760_dose_800_gradient_0_VconcST_0_Vconc_1.6_run_1.csv,5760.0,800.0,0,1.6,0.0,1.6,1,26.5,33270.0,654.868,12.9576,33270.0,0.0,0.999994,0.0158398
5760_dose_800_gradient_0_VconcST_0_Vconc_1.6_run_1.csv,5760.0,800.0,0,1.6,0.0,1.6,1,26.75,36166.6,641.889,14.0858,36166.6,0.0,0.999994,0.0145227
5760_dose_800_gradient_0_VconcST_0_Vconc_1.6_run_1.csv,5760.0,800.0,0,1.6,0.0,1.6,1,27.0,38992.4,629.168,15.1863,38992.4,0.0,0.999995,0.0134194
5760_dose_800_gradient_0_VconcST_0_Vconc_1.6_run_1.csv,5760.0,800.0,0,1.6,0.0,1.6,1,27.25,41748.7,616.698,16.2598,41748.7,0.0,0.999995,0.012531
5760_dose_800_gradient_0_VconcST_0_Vconc_1.6_run_1.csv,5760.0,800.0,0,1.6,0.0,1.6,1,27.5,44437.0,604.476,17.3068,44437.0,0.0,0.999996,0.0116305
5760_dose_800_gradient_0_VconcST_0_Vconc_1.6_run_1.csv,5760.0,800.0,0,1.6,0.0,1.6,1,27.75,47058.6,592.496,18.3279,47058.6,0.0,0.999996,0.0110569
5760_dose_800_gradient_0_VconcST_0_Vconc_1.6_run_1.csv,5760.0,800.0,0,1.6,0.0,1.6,1,28.0,49615.1,580.753,19.3235,49615.1,0.0,0.999996,0.0104039
5760_dose_800_gradient_0_VconcST_0_Vconc_1.6_run_1.csv,5760.0,800.0,0,1.6,0.0,1.6,1,28.25,52107.7,569.244,20.2943,52107.7,0.0,0.999996,0.00997144
5760_dose_800_gradient_0_VconcST_0_Vconc_1.6_run_1.csv,5760.0,800.0,0,1.6,0.0,1.6,1,28.5,54537.6,557.962,21.2407,54537.6,0.0,0.999996,0.00951618
5760_dose_800_gradient_0_VconcST_0_Vconc_1.6_run_1.csv,5760.0,800.0,0,1.6,0.0,1.6,1,28.75,56906.3,546.904,22.1632,56906.3,0.0,0.999996,0.00905513
5760_dose_800_gradient_0_VconcST_0_Vconc_1.6_run_1.csv,5760.0,800.0,0,1.6,0.0,1.6,1,29.0,59214.9,536.065,23.0624,59214.9,0.0,0.999997,0.00876743
5760_dose_800_gradient_0_VconcST_0_Vconc_1.6_run_1.csv,5760.0,800.0,0,1.6,0.0,1.6,1,29.25,61464.8,525.441,23.9386,61464.8,0.0,0.999997,0.00829294
5760_dose_800_gradient_0_VconcST_0_Vconc_1.6_run_1.csv,5760.0,800.0,0,1.6,0.0,1.6,1,29.5,63657.1,515.027,24.7925,63657.1,0.0,0.999997,0.00802225
5760_dose_800_gradient_0_VconcST_0_Vconc_1.6_run_1.csv,5760.0,800.0,0,1.6,0.0,1.6,1,29.75,65793.0,504.82,25.6243,65793.0,0.0,0.999997,0.00785244
5760_dose_800_gradient_0_VconcST_0_Vconc_1.6_run_1.csv,5760.0,800.0,0,1.6,0.0,1.6,1,30.0,67873.7,494.815,26.4347,67873.7,0.0,0.999997,0.00770174
5760_dose_800_gradient_0_VconcST_0_Vconc_1.6_run_1.csv,5760.0,800.0,0,1.6,0.0,1.6,1,30.25,69900.4,485.009,27.224,69900.4,0.0,0.999997,0.00741806
5760_dose_800_gradient_0_VconcST_0_Vconc_1.6_run_1.csv,5760.0,800.0,0,1.6,0.0,1.6,1,30.5,71874.0,475.396,27.9927,71874.0,0.0,0.999997,0.00725655
5760_dose_800_gradient_0_VconcST_0_Vconc_1.6_run_1.csv,5760.0,800.0,0,1.6,0.0,1.6,1,30.75,73795.9,465.974,28.7412,73795.9,0.0,0.999997,0.00710782
5760_dose_800_gradient_0_VconcST_0_Vconc_1.6_run_1.csv,5760.0,800.0,0,1.6,0.0,1.6,1,31.0,75667.0,456.739,29.4699,75667.0,0.0,0.999997,0.00694667
5760_dose_800_gradient_0_VconcST_0_Vconc_1.6_run_1.csv,5760.0,800.0,0,1.6,0.0,1.6,1,31.25,77488.3,447.687,30.1793,77488.3,0.0,0.999997,0.00663831
5760_dose_800_gradient_0_VconcST_0_Vconc_1.6_run_1.csv,5760.0,800.0,0,1.6,0.0,1.6,1,31.5,79260.9,438.815,30.8697,79260.9,0.0,0.999997,0.00651367
5760_dose_800_gradient_0_VconcST_0_Vconc_1.6_run_1.csv,5760.0,800.0,0,1.6,0.0,1.6,1,31.75,80985.9,430.118,31.5415,80985.9,0.0,0.999997,0.00650456
5760_dose_800_gradient_0_VconcST_0_Vconc_1.6_run_1.csv,5760.0,800.0,0,1.6,0.0,1.6,1,32.0,82664.2,421.593,32.1951,82664.2,0.0,0.999998,0.00633726
5760_dose_800_gradient_0_VconcST_0_Vconc_1.6_run_1.csv,5760.0,800.0,0,1.6,0.0,1.6,1,32.25,84296.8,413.238,32.831,84296.8,0.0,0.999998,0.00619311
5760_dose_800_gradient_0_VconcST_0_Vconc_1.6_run_1.csv,5760.0,800.0,0,1.6,0.0,1.6,1,32.5,85884.6,405.048,33.4494,85884.6,0.0,0.999998,0.00604883
5760_dose_800_gradient_0_VconcST_0_Vconc_1.6_run_1.csv,5760.0,800.0,0,1.6,0.0,1.6,1,32.75,87428.5,397.021,34.0507,87428.5,0.0,0.999998,0.0059011
5760_dose_800_gradient_0_VconcST_0_Vconc_1.6_run_1.csv,5760.0,800.0,0,1.6,0.0,1.6,1,33.0,88929.6,389.152,34.6353,88929.6,0.0,0.999998,0.00589428
5760_dose_800_gradient_0_VconcST_0_Vconc_1.6_run_1.csv,5760.0,800.0,0,1.6,0.0,1.6,1,33.25,90388.7,381.44,35.2036,90388.7,0.0,0.999998,0.0057297
5760_dose_800_gradient_0_VconcST_0_Vconc_1.6_run_1.csv,5760.0,800.0,0,1.6,0.0,1.6,1,33.5,91806.5,373.88,35.7558,91806.5,0.0,0.999998,0.0055879
5760_dose_800_gradient_0_VconcST_0_Vconc_1.6_run_1.csv,5760.0,800.0,0,1.6,0.0,1.6,1,33.75,93184.2,366.47,36.2923,93184.2,0.0,0.999998,0.0056026
5760_dose_800_gradient_0_VconcST_0_Vconc_1.6_run_1.csv,5760.0,800.0,0,1.6,0.0,1.6,1,34.0,94522.4,359.207,36.8135,94522.4,0.0,0.999998,0.005439
5760_dose_800_gradient_0_VconcST_0_Vconc_1.6_run_1.csv,5760.0,800.0,0,1.6,0.0,1.6,1,34.25,95822.0,352.088,37.3197,95822.0,0.0,0.999998,0.0054331
5760_dose_800_gradient_0_VconcST_0_Vconc_1.6_run_1.csv,5760.0,800.0,0,1.6,0.0,1.6,1,34.5,97083.9,345.11,37.8112,97083.9,0.0,0.999998,0.00528494
5760_dose_800_gradient_0_VconcST_0_Vconc_1.6_run_1.csv,5760.0,800.0,0,1.6,0.0,1.6,1,34.75,98308.7,338.27,38.2882,98308.7,0.0,0.999998,0.00528475
5760_dose_800_gradient_0_VconcST_0_Vconc_1.6_run_1.csv,5760.0,800.0,0,1.6,0.0,1.6,1,35.0,99497.4,331.566,38.7511,99497.4,0.0,0.999998,0.00513733
5760_dose_800_gradient_0_VconcST_0_Vconc_1.6_run_1.csv,5760.0,800.0,0,1.6,0.0,1.6,1,35.25,100651.0,324.995,39.2003,100651.0,0.0,0.999998,0.00513066
5760_dose_800_gradient_0_VconcST_0_Vconc_1.6_run_1.csv,5760.0,800.0,0,1.6,0.0,1.6,1,35.5,101769.0,318.554,39.6359,101769.0,0.0,0.999998,0.00514147
5760_dose_800_gradient_0_VconcST_0_Vconc_1.6_run_1.csv,5760.0,800.0,0,1.6,0.0,1.6,1,35.75,102854.0,312.241,40.0583,102854.0,0.0,0.999998,0.00499082
5760_dose_800_gradient_0_VconcST_0_Vconc_1.6_run_1.csv,5760.0,800.0,0,1.6,0.0,1.6,1,36.0,103905.0,306.052,40.4677,103905.0,0.0,0.999998,0.00499186
5760_dose_800_gradient_0_VconcST_0_Vconc_1.6_run_1.csv,5760.0,800.0,0,1.6,0.0,1.6,1,36.25,104924.0,299.987,40.8645,104924.0,0.0,0.999998,0.00499204
5760_dose_800_gradient_0_VconcST_0_Vconc_1.6_run_1.csv,5760.0,800.0,0,1.6,0.0,1.6,1,36.5,105910.0,294.041,41.2488,105910.0,0.0,0.999998,0.00482496
5760_dose_800_gradient_0_VconcST_0_Vconc_1.6_run_1.csv,5760.0,800.0,0,1.6,0.0,1.6,1,36.75,106866.0,288.214,41.621,106866.0,0.0,0.999998,0.00482784
5760_dose_800_gradient_0_VconcST_0_Vconc_1.6_run_1.csv,5760.0,800.0,0,1.6,0.0,1.6,1,37.0,107791.0,282.502,41.9813,107791.0,0.0,0.999998,0.00483327
5760_dose_800_gradient_0_VconcST_0_Vconc_1.6_run_1.csv,5760.0,800.0,0,1.6,0.0,1.6,1,37.25,108687.0,276.903,42.33,108687.0,0.0,0.999998,0.00468077
5760_dose_800_gradient_0_VconcST_0_Vconc_1.6_run_1.csv,5760.0,800.0,0,1.6,0.0,1.6,1,37.5,109553.0,271.414,42.6673,109553.0,0.0,0.999998,0.00468127
5760_dose_800_gradient_0_VconcST_0_Vconc_1.6_run_1.csv,5760.0,800.0,0,1.6,0.0,1.6,1,37.75,110390.0,266.035,42.9935,110390.0,0.0,0.999998,0.0046742
5760_dose_800_gradient_0_VconcST_0_Vconc_1.6_run_1.csv,5760.0,800.0,0,1.6,0.0,1.6,1,38.0,111199.0,260.763,43.3087,111199.0,0.0,0.999998,0.00467847
5760_dose_800_gradient_0_VconcST_0_Vconc_1.6_run_1.csv,5760.0,800.0,0,1.6,0.0,1.6,1,38.25,111981.0,255.595,43.6133,111981.0,0.0,0.999998,0.00468619
5760_dose_800_gradient_0_VconcST_0_Vconc_1.6_run_1.csv,5760.0,800.0,0,1.6,0.0,1.6,1,38.5,112737.0,250.529,43.9074,112737.0,0.0,0.999998,0.00454728
5760_dose_800_gradient_0_VconcST_0_Vconc_1.6_run_1.csv,5760.0,800.0,0,1.6,0.0,1.6,1,38.75,113465.0,245.564,44.1913,113465.0,0.0,0.999998,0.00452343
5760_dose_800_gradient_0_VconcST_0_Vconc_1.6_run_1.csv,5760.0,800.0,0,1.6,0.0,1.6,1,39.0,114169.0,240.697,44.4652,114169.0,0.0,0.999998,0.00452343
5760_dose_800_gradient_0_VconcST_0_Vconc_1.6_run_1.csv,5760.0,800.0,0,1.6,0.0,1.6,1,39.25,114847.0,235.927,44.7293,114847.0,0.0,0.999998,0.00452343
5760_dose_800_gradient_0_VconcST_0_Vconc_1.6_run_1.csv,5760.0,800.0,0,1.6,0.0,1.6,1,39.5,115500.0,231.251,44.9838,115500.0,0.0,0.999998,0.00452709
5760_dose_800_gradient_0_VconcST_0_Vconc_1.6_run_1.csv,5760.0,800.0,0,1.6,0.0,1.6,1,39.75,116130.0,226.668,45.229,116130.0,0.0,0.999998,0.00437574
5760_dose_800_gradient_0_VconcST_0_Vconc_1.6_run_1.csv,5760.0,800.0,0,1.6,0.0,1.6,1,40.0,116736.0,222.176,45.465,116736.0,0.0,0.999998,0.00438019
5760_dose_800_gradient_0_VconcST_0_Vconc_1.6_run_1.csv,5760.0,800.0,0,1.6,0.0,1.6,1,40.25,117319.0,217.772,45.692,117319.0,0.0,0.999998,0.00439294
5760_dose_800_gradient_0_VconcST_0_Vconc_1.6_run_1.csv,5760.0,800.0,0,1.6,0.0,1.6,1,40.5,117879.0,213.456,45.9102,117879.0,0.0,0.999998,0.00437712
5760_dose_800_gradient_0_VconcST_0_Vconc_1.6_run_1.csv,5760.0,800.0,0,1.6,0.0,1.6,1,40.75,118417.0,209.226,46.1199,118417.0,0.0,0.999998,0.00437266
5760_dose_800_gradient_0_VconcST_0_Vconc_1.6_run_1.csv,5760.0,800.0,0,1.6,0.0,1.6,1,41.0,118934.0,205.079,46.3211,118934.0,0.0,0.999998,0.00438572
5760_dose_800_gradient_0_VconcST_0_Vconc_1.6_run_1.csv,5760.0,800.0,0,1.6,0.0,1.6,1,41.25,119430.0,201.015,46.5142,119430.0,0.0,0.999998,0.00438511
5760_dose_800_gradient_0_VconcST_0_Vconc_1.6_run_1.csv,5760.0,800.0,0,1.6,0.0,1.6,1,41.5,119905.0,197.031,46.6992,119905.0,0.0,0.999998,0.00423078
5760_dose_800_gradient_0_VconcST_0_Vconc_1.6_run_0.csv,5760.0,800.0,0,1.6,0.0,1.6,0,0.0,0.0,0.0,0.0,0.0,0.0,0.0,0.0
5760_dose_800_gradient_0_VconcST_0_Vconc_1.6_run_0.csv,5760.0,800.0,0,1.6,0.0,1.6,0,0.25,0.0,0.0,0.0,0.0,0.0,0.0,5167.91
5760_dose_800_gradient_0_VconcST_0_Vconc_1.6_run_0.csv,5760.0,800.0,0,1.6,0.0,1.6,0,0.5,0.0,0.0,0.0,0.0,0.0,0.0,59.1376
5760_dose_800_gradient_0_VconcST_0_Vconc_1.6_run_0.csv,5760.0,800.0,0,1.6,0.0,1.6,0,0.75,0.0,0.0,0.0,0.0,0.0,0.0,5319.09
5760_dose_800_gradient_0_VconcST_0_Vconc_1.6_run_0.csv,5760.0,800.0,0,1.6,0.0,1.6,0,1.0,0.0,0.0,0.0,0.0,0.0,0.0,58.4095
5760_dose_800_gradient_0_VconcST_0_Vconc_1.6_run_0.csv,5760.0,800.0,0,1.6,0.0,1.6,0,1.25,0.0,0.0,0.0,0.0,0.0,0.0,5926.97
5760_dose_800_gradient_0_VconcST_0_Vconc_1.6_run_0.csv,5760.0,800.0,0,1.6,0.0,1.6,0,1.5,0.0,0.0,0.0,0.0,0.0,0.0,58.3477
5760_dose_800_gradient_0_VconcST_0_Vconc_1.6_run_0.csv,5760.0,800.0,0,1.6,0.0,1.6,0,1.75,0.0,0.0,0.0,0.0,0.0,0.0,5956.03
5760_dose_800_gradient_0_VconcST_0_Vconc_1.6_run_0.csv,5760.0,800.0,0,1.6,0.0,1.6,0,2.0,0.0,0.0,0.0,0.0,0.0,0.0,57.9306
5760_dose_800_gradient_0_VconcST_0_Vconc_1.6_run_0.csv,5760.0,800.0,0,1.6,0.0,1.6,0,2.25,0.0,0.0,0.0,0.0,0.0,0.0,6005.83
5760_dose_800_gradient_0_VconcST_0_Vconc_1.6_run_0.csv,5760.0,800.0,0,1.6,0.0,1.6,0,2.5,0.0,0.0,0.0,0.0,0.0,0.0,58.0001
5760_dose_800_gradient_0_VconcST_0_Vconc_1.6_run_0.csv,5760.0,800.0,0,1.6,0.0,1.6,0,2.75,0.0,0.0,0.0,0.0,0.0,0.0,6306.65
5760_dose_800_gradient_0_VconcST_0_Vconc_1.6_run_0.csv,5760.0,800.0,0,1.6,0.0,1.6,0,3.0,0.0,0.0,0.0,0.0,0.0,0.0,58.0252
5760_dose_800_gradient_0_VconcST_0_Vconc_1.6_run_0.csv,5760.0,800.0,0,1.6,0.0,1.6,0,3.25,0.0,0.0,0.0,0.0,0.0,0.0,6891.8
5760_dose_800_gradient_0_VconcST_0_Vconc_1.6_run_0.csv,5760.0,800.0,0,1.6,0.0,1.6,0,3.5,0.0,0.0,0.0,0.0,0.0,0.0,58.2821
5760_dose_800_gradient_0_VconcST_0_Vconc_1.6_run_0.csv,5760.0,800.0,0,1.6,0.0,1.6,0,3.75,0.0,0.0,0.0,0.0,0.0,0.0,6930.89
5760_dose_800_gradient_0_VconcST_0_Vconc_1.6_run_0.csv,5760.0,800.0,0,1.6,0.0,1.6,0,4.0,0.0,0.0,0.0,0.0,0.0,0.0,2644.6
5760_dose_800_gradient_0_VconcST_0_Vconc_1.6_run_0.csv,5760.0,800.0,0,1.6,0.0,1.6,0,4.25,0.0,0.0,0.0,0.0,0.0,0.0,152.834
5760_dose_800_gradient_0_VconcST_0_Vconc_1.6_run_0.csv,5760.0,800.0,0,1.6,0.0,1.6,0,4.5,0.0,0.0,0.0,0.0,0.00129123,0.0,3115.06
5760_dose_800_gradient_0_VconcST_0_Vconc_1.6_run_0.csv,5760.0,800.0,0,1.6,0.0,1.6,0,4.75,0.0,0.0,0.0,0.0,0.0,0.0,157.141
5760_dose_800_gradient_0_VconcST_0_Vconc_1.6_run_0.csv,5760.0,800.0,0,1.6,0.0,1.6,0,5.0,0.0,0.0,0.0,0.0,0.0,0.0,3450.44
5760_dose_800_gradient_0_VconcST_0_Vconc_1.6_run_0.csv,5760.0,800.0,0,1.6,0.0,1.6,0,5.25,0.0,0.0,0.0,0.0,0.0,0.0,155.986
5760_dose_800_gradient_0_VconcST_0_Vconc_1.6_run_0.csv,5760.0,800.0,0,1.6,0.0,1.6,0,5.5,0.0,0.0,0.0,0.0,0.0,0.0,3750.42
5760_dose_800_gradient_0_VconcST_0_Vconc_1.6_run_0.csv,5760.0,800.0,0,1.6,0.0,1.6,0,5.75,0.0,0.0,0.0,0.0,0.0,0.0,138.772
5760_dose_800_gradient_0_VconcST_0_Vconc_1.6_run_0.csv,5760.0,800.0,0,1.6,0.0,1.6,0,6.0,0.0,0.0,0.0,0.0,0.0,0.0,4061.42
5760_dose_800_gradient_0_VconcST_0_Vconc_1.6_run_0.csv,5760.0,800.0,0,1.6,0.0,1.6,0,6.25,0.0,0.0,0.0,0.0,0.0,0.0,80.3105
5760_dose_800_gradient_0_VconcST_0_Vconc_1.6_run_0.csv,5760.0,800.0,0,1.6,0.0,1.6,0,6.5,0.0,0.0,0.0,0.0,0.0,0.0,4341.13
5760_dose_800_gradient_0_VconcST_0_Vconc_1.6_run_0.csv,5760.0,800.0,0,1.6,0.0,1.6,0,6.75,0.0,0.0,0.0,0.0,0.0,0.0,64.0253
5760_dose_800_gradient_0_VconcST_0_Vconc_1.6_run_0.csv,5760.0,800.0,0,1.6,0.0,1.6,0,7.0,0.0,0.0,0.0,0.0,0.0,0.0,4764.63
5760_dose_800_gradient_0_VconcST_0_Vconc_1.6_run_0.csv,5760.0,800.0,0,1.6,0.0,1.6,0,7.25,0.0,0.0,0.0,0.0,0.0,0.0,60.9046
5760_dose_800_gradient_0_VconcST_0_Vconc_1.6_run_0.csv,5760.0,800.0,0,1.6,0.0,1.6,0,7.5,0.0,0.0,0.0,0.0,0.0,0.0,5163.03
5760_dose_800_gradient_0_VconcST_0_Vconc_1.6_run_0.csv,5760.0,800.0,0,1.6,0.0,1.6,0,7.75,0.0,0.0,0.0,0.0,0.0,0.0,58.7919
5760_dose_800_gradient_0_VconcST_0_Vconc_1.6_run_0.csv,5760.0,800.0,0,1.6,0.0,1.6,0,8.0,0.0,0.0,0.0,0.0,0.0,0.0,5240.12
5760_dose_800_gradient_0_VconcST_0_Vconc_1.6_run_0.csv,5760.0,800.0,0,1.6,0.0,1.6,0,8.25,0.0,0.0,0.0,0.0,0.0,0.0,59.1105
5760_dose_800_gradient_0_VconcST_0_Vconc_1.6_run_0.csv,5760.0,800.0,0,1.6,0.0,1.6,0,8.5,0.0,0.0,0.0,0.0,0.0,0.0,5568.21
5760_dose_800_gradient_0_VconcST_0_Vconc_1.6_run_0.csv,5760.0,800.0,0,1.6,0.0,1.6,0,8.75,0.0,0.0,0.0,0.0,0.0,0.0,59.4871
5760_dose_800_gradient_0_VconcST_0_Vconc_1.6_run_0.csv,5760.0,800.0,0,1.6,0.0,1.6,0,9.0,0.0,0.0,0.0,0.0,0.0,0.0,6355.69
5760_dose_800_gradient_0_VconcST_0_Vconc_1.6_run_0.csv,5760.0,800.0,0,1.6,0.0,1.6,0,9.25,0.0,0.0,0.0,0.0,0.0,0.0,58.3612
5760_dose_800_gradient_0_VconcST_0_Vconc_1.6_run_0.csv,5760.0,800.0,0,1.6,0.0,1.6,0,9.5,0.0,0.0,0.0,0.0,0.0,0.0,6139.91
5760_dose_800_gradient_0_VconcST_0_Vconc_1.6_run_0.csv,5760.0,800.0,0,1.6,0.0,1.6,0,9.75,0.0,0.0,0.0,0.0,0.0,0.0,57.7742
5760_dose_800_gradient_0_VconcST_0_Vconc_1.6_run_0.csv,5760.0,800.0,0,1.6,0.0,1.6,0,10.0,0.0,0.0,0.0,0.0,0.0,0.0,6113.48
5760_dose_800_gradient_0_VconcST_0_Vconc_1.6_run_0.csv,5760.0,800.0,0,1.6,0.0,1.6,0,10.25,0.0,0.0,0.0,0.0,0.0,0.0,57.8109
5760_dose_800_gradient_0_VconcST_0_Vconc_1.6_run_0.csv,5760.0,800.0,0,1.6,0.0,1.6,0,10.5,0.0,0.0,0.0,0.0,0.0,0.0,6966.94
5760_dose_800_gradient_0_VconcST_0_Vconc_1.6_run_0.csv,5760.0,800.0,0,1.6,0.0,1.6,0,10.75,0.0,0.0,0.0,0.0,0.0,0.0,57.5482
5760_dose_800_gradient_0_VconcST_0_Vconc_1.6_run_0.csv,5760.0,800.0,0,1.6,0.0,1.6,0,11.0,0.0,0.0,0.0,0.0,0.0,0.0,7003.55
5760_dose_800_gradient_0_VconcST_0_Vconc_1.6_run_0.csv,5760.0,800.0,0,1.6,0.0,1.6,0,11.25,0.0,0.0,0.0,0.0,0.0,0.0,2687.53
5760_dose_800_gradient_0_VconcST_0_Vconc_1.6_run_0.csv,5760.0,800.0,0,1.6,0.0,1.6,0,11.5,0.0,0.0,0.0,0.0,0.0,0.0,160.593
5760_dose_800_gradient_0_VconcST_0_Vconc_1.6_run_0.csv,5760.0,800.0,0,1.6,0.0,1.6,0,11.75,0.0,0.0,0.0,0.0,0.0,0.0,3093.38
5760_dose_800_gradient_0_VconcST_0_Vconc_1.6_run_0.csv,5760.0,800.0,0,1.6,0.0,1.6,0,12.0,0.0,0.0,0.0,0.0,0.0,0.0,152.861
5760_dose_800_gradient_0_VconcST_0_Vconc_1.6_run_0.csv,5760.0,800.0,0,1.6,0.0,1.6,0,12.25,0.0,0.0,0.0,0.0,0.0,0.0,3558.02
5760_dose_800_gradient_0_VconcST_0_Vconc_1.6_run_0.csv,5760.0,800.0,0,1.6,0.0,1.6,0,12.5,0.0,0.0,0.0,0.0,0.0,0.0,150.727
5760_dose_800_gradient_0_VconcST_0_Vconc_1.6_run_0.csv,5760.0,800.0,0,1.6,0.0,1.6,0,12.75,0.0,0.0,0.0,0.0,0.0,0.0,3811.87
5760_dose_800_gradient_0_VconcST_0_Vconc_1.6_run_0.csv,5760.0,800.0,0,1.6,0.0,1.6,0,13.0,0.0,0.0,0.0,0.0,0.0,0.0,134.662
5760_dose_800_gradient_0_VconcST_0_Vconc_1.6_run_0.csv,5760.0,800.0,0,1.6,0.0,1.6,0,13.25,0.0,0.0,0.0,0.0,0.0,0.0,4060.18
5760_dose_800_gradient_0_VconcST_0_Vconc_1.6_run_0.csv,5760.0,800.0,0,1.6,0.0,1.6,0,13.5,0.0,0.0,0.0,0.0,0.0,0.0,80.2101
5760_dose_800_gradient_0_VconcST_0_Vconc_1.6_run_0.csv,5760.0,800.0,0,1.6,0.0,1.6,0,13.75,0.0,0.0,0.0,0.0,0.0,0.0,4718.35
5760_dose_800_gradient_0_VconcST_0_Vconc_1.6_run_0.csv,5760.0,800.0,0,1.6,0.0,1.6,0,14.0,0.0,0.0,0.0,0.0,0.0,0.0,67.1363
5760_dose_800_gradient_0_VconcST_0_Vconc_1.6_run_0.csv,5760.0,800.0,0,1.6,0.0,1.6,0,14.25,0.0,0.0,0.0,0.0,0.0,0.0,4682.17
5760_dose_800_gradient_0_VconcST_0_Vconc_1.6_run_0.csv,5760.0,800.0,0,1.6,0.0,1.6,0,14.5,0.0,0.0,0.0,0.0,0.0,0.0,63.1717
5760_dose_800_gradient_0_VconcST_0_Vconc_1.6_run_0.csv,5760.0,800.0,0,1.6,0.0,1.6,0,14.75,0.0,0.0,0.0,0.0,0.0,0.0,5031.78
5760_dose_800_gradient_0_VconcST_0_Vconc_1.6_run_0.csv,5760.0,800.0,0,1.6,0.0,1.6,0,15.0,0.0,0.0,0.0,0.0,0.0,0.0,61.3294
5760_dose_800_gradient_0_VconcST_0_Vconc_1.6_run_0.csv,5760.0,800.0,0,1.6,0.0,1.6,0,15.25,0.0,0.0,0.0,0.0,0.0,0.0,5371.93
5760_dose_800_gradient_0_VconcST_0_Vconc_1.6_run_0.csv,5760.0,800.0,0,1.6,0.0,1.6,0,15.5,0.0,0.0,0.0,0.0,0.0,0.0,59.3075
5760_dose_800_gradient_0_VconcST_0_Vconc_1.6_run_0.csv,5760.0,800.0,0,1.6,0.0,1.6,0,15.75,0.0,0.0,0.0,0.0,0.0,0.0,5772.48
5760_dose_800_gradient_0_VconcST_0_Vconc_1.6_run_0.csv,5760.0,800.0,0,1.6,0.0,1.6,0,16.0,0.0,0.0,0.0,0.0,0.0,0.0,59.0062
5760_dose_800_gradient_0_VconcST_0_Vconc_1.6_run_0.csv,5760.0,800.0,0,1.6,0.0,1.6,0,16.25,0.0,0.0,0.0,0.0,0.0,0.0,5682.74
5760_dose_800_gradient_0_VconcST_0_Vconc_1.6_run_0.csv,5760.0,800.0,0,1.6,0.0,1.6,0,16.5,0.0,0.0,0.0,0.0,0.0,0.0,57.3744
5760_dose_800_gradient_0_VconcST_0_Vconc_1.6_run_0.csv,5760.0,800.0,0,1.6,0.0,1.6,0,16.75,0.0,0.0,0.0,0.0,0.0,0.0,6015.76
5760_dose_800_gradient_0_VconcST_0_Vconc_1.6_run_0.csv,5760.0,800.0,0,1.6,0.0,1.6,0,17.0,0.0,0.0,0.0,0.0,0.0,0.0,57.5733
5760_dose_800_gradient_0_VconcST_0_Vconc_1.6_run_0.csv,5760.0,800.0,0,1.6,0.0,1.6,0,17.25,0.0,0.0,0.0,0.0,0.0,0.0,6277.41
5760_dose_800_gradient_0_VconcST_0_Vconc_1.6_run_0.csv,5760.0,800.0,0,1.6,0.0,1.6,0,17.5,0.0,0.0,0.0,0.0,0.0,0.0,57.9634
5760_dose_800_gradient_0_VconcST_0_Vconc_1.6_run_0.csv,5760.0,800.0,0,1.6,0.0,1.6,0,17.75,0.0,0.0,0.0,0.0,0.0,0.0,6485.02
5760_dose_800_gradient_0_VconcST_0_Vconc_1.6_run_0.csv,5760.0,800.0,0,1.6,0.0,1.6,0,18.0,0.0,0.0,0.0,0.0,0.0,0.0,57.6602
5760_dose_800_gradient_0_VconcST_0_Vconc_1.6_run_0.csv,5760.0,800.0,0,1.6,0.0,1.6,0,18.25,0.0,0.0,0.0,0.0,0.0,0.0,7017.69
5760_dose_800_gradient_0_VconcST_0_Vconc_1.6_run_0.csv,5760.0,800.0,0,1.6,0.0,1.6,0,18.5,0.0,0.0,0.0,0.0,0.00154731,0.0,2684.18
5760_dose_800_gradient_0_VconcST_0_Vconc_1.6_run_0.csv,5760.0,800.0,0,1.6,0.0,1.6,0,18.75,0.0,0.0,0.0,0.0,0.0,0.0,165.612
5760_dose_800_gradient_0_VconcST_0_Vconc_1.6_run_0.csv,5760.0,800.0,0,1.6,0.0,1.6,0,19.0,0.0,0.0,0.0,0.0,0.0,0.0,3161.17
5760_dose_800_gradient_0_VconcST_0_Vconc_1.6_run_0.csv,5760.0,800.0,0,1.6,0.0,1.6,0,19.25,0.0,0.0,0.0,0.0,0.0,0.0,159.682
5760_dose_800_gradient_0_VconcST_0_Vconc_1.6_run_0.csv,5760.0,800.0,0,1.6,0.0,1.6,0,19.5,0.0,0.0,0.0,0.0,0.0,0.0,3418.62
5760_dose_800_gradient_0_VconcST_0_Vconc_1.6_run_0.csv,5760.0,800.0,0,1.6,0.0,1.6,0,19.75,0.0,0.0,0.0,0.0,0.0,0.0,157.869
5760_dose_800_gradient_0_VconcST_0_Vconc_1.6_run_0.csv,5760.0,800.0,0,1.6,0.0,1.6,0,20.0,0.0,0.0,0.0,0.0,0.0,0.0,3911.62
5760_dose_800_gradient_0_VconcST_0_Vconc_1.6_run_0.csv,5760.0,800.0,0,1.6,0.0,1.6,0,20.25,0.0,0.0,0.0,0.0,0.0,0.0,135.769
5760_dose_800_gradient_0_VconcST_0_Vconc_1.6_run_0.csv,5760.0,800.0,0,1.6,0.0,1.6,0,20.5,0.0,0.0,0.0,0.0,0.0,0.0,4081.74
5760_dose_800_gradient_0_VconcST_0_Vconc_1.6_run_0.csv,5760.0,800.0,0,1.6,0.0,1.6,0,20.75,0.0,0.0,0.0,0.0,0.0,0.0,79.1287
5760_dose_800_gradient_0_VconcST_0_Vconc_1.6_run_0.csv,5760.0,800.0,0,1.6,0.0,1.6,0,21.0,0.0,0.0,0.0,0.0,0.0,0.0,4443.73
5760_dose_800_gradient_0_VconcST_0_Vconc_1.6_run_0.csv,5760.0,800.0,0,1.6,0.0,1.6,0,21.25,0.0,0.0,0.0,0.0,0.0,0.0,64.9001
5760_dose_800_gradient_0_VconcST_0_Vconc_1.6_run_0.csv,5760.0,800.0,0,1.6,0.0,1.6,0,21.5,0.0,0.0,0.0,0.0,0.0,0.0,4616.24
5760_dose_800_gradient_0_VconcST_0_Vconc_1.6_run_0.csv,5760.0,800.0,0,1.6,0.0,1.6,0,21.75,0.0,0.0,0.0,0.0,0.0,0.0,62.3626
5760_dose_800_gradient_0_VconcST_0_Vconc_1.6_run_0.csv,5760.0,800.0,0,1.6,0.0,1.6,0,22.0,0.0,0.0,0.0,0.0,0.0,0.0,5301.58
5760_dose_800_gradient_0_VconcST_0_Vconc_1.6_run_0.csv,5760.0,800.0,0,1.6,0.0,1.6,0,22.25,0.0,0.0,0.0,0.0,0.0,0.0,59.0603
5760_dose_800_gradient_0_VconcST_0_Vconc_1.6_run_0.csv,5760.0,800.0,0,1.6,0.0,1.6,0,22.5,0.0,0.0,0.0,0.0,0.0,0.0,5385.32
5760_dose_800_gradient_0_VconcST_0_Vconc_1.6_run_0.csv,5760.0,800.0,0,1.6,0.0,1.6,0,22.75,0.0,0.0,0.0,0.0,0.0,0.0,57.975
5760_dose_800_gradient_0_VconcST_0_Vconc_1.6_run_0.csv,5760.0,800.0,0,1.6,0.0,1.6,0,23.0,0.0,0.0,0.0,0.0,0.0,0.0,5849.36
5760_dose_800_gradient_0_VconcST_0_Vconc_1.6_run_0.csv,5760.0,800.0,0,1.6,0.0,1.6,0,23.25,0.0,0.0,0.0,0.0,0.0,0.0,58.6973
5760_dose_800_gradient_0_VconcST_0_Vconc_1.6_run_0.csv,5760.0,800.0,0,1.6,0.0,1.6,0,23.5,0.0,0.0,0.0,0.0,0.0,0.0,5860.72
5760_dose_800_gradient_0_VconcST_0_Vconc_1.6_run_0.csv,5760.0,800.0,0,1.6,0.0,1.6,0,23.75,0.0,0.0,0.0,0.0,0.0,0.0,57.3493
5760_dose_800_gradient_0_VconcST_0_Vconc_1.6_run_0.csv,5760.0,800.0,0,1.6,0.0,1.6,0,24.0,62.29,800.0,0.02426,62.29,0.0,0.0,6331.17
5760_dose_800_gradient_0_VconcST_0_Vconc_1.6_run_0.csv,5760.0,800.0,0,1.6,0.0,1.6,0,24.25,3754.75,784.145,1.46236,3754.75,0.0,0.999946,0.00555293
5760_dose_800_gradient_0_VconcST_0_Vconc_1.6_run_0.csv,5760.0,800.0,0,1.6,0.0,1.6,0,24.5,7360.03,768.604,2.8665,7360.03,0.0,0.999973,0.0902598
5760_dose_800_gradient_0_VconcST_0_Vconc_1.6_run_0.csv,5760.0,800.0,0,1.6,0.0,1.6,0,24.75,10879.9,753.371,4.23739,10879.9,0.0,0.999982,0.0550944
5760_dose_800_gradient_0_VconcST_0_Vconc_1.6_run_0.csv,5760.0,800.0,0,1.6,0.0,1.6,0,25.0,14316.1,738.44,5.57569,14316.1,0.0,0.999986,0.0400542
5760_dose_800_gradient_0_VconcST_0_Vconc_1.6_run_0.csv,5760.0,800.0,0,1.6,0.0,1.6,0,25.25,17670.4,723.805,6.88207,17670.4,0.0,0.999989,0.0315414
5760_dose_800_gradient_0_VconcST_0_Vconc_1.6_run_0.csv,5760.0,800.0,0,1.6,0.0,1.6,0,25.5,20944.4,709.46,8.15719,20944.4,0.0,0.99999,0.0260848
5760_dose_800_gradient_0_VconcST_0_Vconc_1.6_run_0.csv,5760.0,800.0,0,1.6,0.0,1.6,0,25.75,24139.7,695.4,9.40168,24139.7,0.0,0.999992,0.022342
5760_dose_800_gradient_0_VconcST_0_Vconc_1.6_run_0.csv,5760.0,800.0,0,1.6,0.0,1.6,0,26.0,27258.1,681.618,10.6162,27258.1,0.0,0.999993,0.0196014
5760_dose_800_gradient_0_VconcST_0_Vconc_1.6_run_0.csv,5760.0,800.0,0,1.6,0.0,1.6,0,26.25,30301.0,668.109,11.8013,30301.0,0.0,0.999993,0.0174905
5760_dose_800_gradient_0_VconcST_0_Vconc_1.6_run_0.csv,5760.0,800.0,0,1.6,0.0,1.6,0,26.5,33270.0,654.868,12.9576,33270.0,0.0,0.999994,0.0158765
5760_dose_800_gradient_0_VconcST_0_Vconc_1.6_run_0.csv,5760.0,800.0,0,1.6,0.0,1.6,0,26.75,36166.6,641.889,14.0858,36166.6,0.0,0.999994,0.0145044
5760_dose_800_gradient_0_VconcST_0_Vconc_1.6_run_0.csv,5760.0,800.0,0,1.6,0.0,1.6,0,27.0,38992.4,629.168,15.1863,38992.4,0.0,0.999995,0.0134402
5760_dose_800_gradient_0_VconcST_0_Vconc_1.6_run_0.csv,5760.0,800.0,0,1.6,0.0,1.6,0,27.25,41748.7,616.698,16.2598,41748.7,0.0,0.999995,0.0125147
5760_dose_800_gradient_0_VconcST_0_Vconc_1.6_run_0.csv,5760.0,800.0,0,1.6,0.0,1.6,0,27.5,44437.0,604.476,17.3068,44437.0,0.0,0.999996,0.0116101
5760_dose_800_gradient_0_VconcST_0_Vconc_1.6_run_0.csv,5760.0,800.0,0,1.6,0.0,1.6,0,27.75,47058.6,592.496,18.3279,47058.6,0.0,0.999996,0.0110379
5760_dose_800_gradient_0_VconcST_0_Vconc_1.6_run_0.csv,5760.0,800.0,0,1.6,0.0,1.6,0,28.0,49615.1,580.753,19.3235,49615.1,0.0,0.999996,0.0104196
5760_dose_800_gradient_0_VconcST_0_Vconc_1.6_run_0.csv,5760.0,800.0,0,1.6,0.0,1.6,0,28.25,52107.7,569.244,20.2943,52107.7,0.0,0.999996,0.00996934
5760_dose_800_gradient_0_VconcST_0_Vconc_1.6_run_0.csv,5760.0,800.0,0,1.6,0.0,1.6,0,28.5,54537.6,557.962,21.2407,54537.6,0.0,0.999996,0.00949916
5760_dose_800_gradient_0_VconcST_0_Vconc_1.6_run_0.csv,5760.0,800.0,0,1.6,0.0,1.6,0,28.75,56906.3,546.904,22.1632,56906.3,0.0,0.999996,0.00905958
5760_dose_800_gradient_0_VconcST_0_Vconc_1.6_run_0.csv,5760.0,800.0,0,1.6,0.0,1.6,0,29.0,59214.9,536.065,23.0624,59214.9,0.0,0.999997,0.00877081
5760_dose_800_gradient_0_VconcST_0_Vconc_1.6_run_0.csv,5760.0,800.0,0,1.6,0.0,1.6,0,29.25,61464.8,525.441,23.9386,61464.8,0.0,0.999997,0.00831334
5760_dose_800_gradient_0_VconcST_0_Vconc_1.6_run_0.csv,5760.0,800.0,0,1.6,0.0,1.6,0,29.5,63657.1,515.027,24.7925,63657.1,0.0,0.999997,0.00800905
5760_dose_800_gradient_0_VconcST_0_Vconc_1.6_run_0.csv,5760.0,800.0,0,1.6,0.0,1.6,0,29.75,65793.0,504.82,25.6243,65793.0,0.0,0.999997,0.00787227
5760_dose_800_gradient_0_VconcST_0_Vconc_1.6_run_0.csv,5760.0,800.0,0,1.6,0.0,1.6,0,30.0,67873.7,494.815,26.4347,67873.7,0.0,0.999997,0.00770444
5760_dose_800_gradient_0_VconcST_0_Vconc_1.6_run_0.csv,5760.0,800.0,0,1.6,0.0,1.6,0,30.25,69900.4,485.009,27.224,69900.4,0.0,0.999997,0.00740093
5760_dose_800_gradient_0_VconcST_0_Vconc_1.6_run_0.csv,5760.0,800.0,0,1.6,0.0,1.6,0,30.5,71874.0,475.396,27.9927,71874.0,0.0,0.999997,0.00724993
5760_dose_800_gradient_0_VconcST_0_Vconc_1.6_run_0.csv,5760.0,800.0,0,1.6,0.0,1.6,0,30.75,73795.9,465.974,28.7412,73795.9,0.0,0.999997,0.00709463
5760_dose_800_gradient_0_VconcST_0_Vconc_1.6_run_0.csv,5760.0,800.0,0,1.6,0.0,1.6,0,31.0,75667.0,456.739,29.4699,75667.0,0.0,0.999997,0.00693594
5760_dose_800_gradient_0_VconcST_0_Vconc_1.6_run_0.csv,5760.0,800.0,0,1.6,0.0,1.6,0,31.25,77488.3,447.687,30.1793,77488.3,0.0,0.999997,0.00664251
5760_dose_800_gradient_0_VconcST_0_Vconc_1.6_run_0.csv,5760.0,800.0,0,1.6,0.0,1.6,0,31.5,79260.9,438.815,30.8697,79260.9,0.0,0.999997,0.00649863
5760_dose_800_gradient_0_VconcST_0_Vconc_1.6_run_0.csv,5760.0,800.0,0,1.6,0.0,1.6,0,31.75,80985.9,430.118,31.5415,80985.9,0.0,0.999997,0.00649704
5760_dose_800_gradient_0_VconcST_0_Vconc_1.6_run_0.csv,5760.0,800.0,0,1.6,0.0,1.6,0,32.0,82664.2,421.593,32.1951,82664.2,0.0,0.999998,0.00633726
5760_dose_800_gradient_0_VconcST_0_Vconc_1.6_run_0.csv,5760.0,800.0,0,1.6,0.0,1.6,0,32.25,84296.8,413.238,32.831,84296.8,0.0,0.999998,0.00618963
5760_dose_800_gradient_0_VconcST_0_Vconc_1.6_run_0.csv,5760.0,800.0,0,1.6,0.0,1.6,0,32.5,85884.6,405.048,33.4494,85884.6,0.0,0.999998,0.00604269
5760_dose_800_gradient_0_VconcST_0_Vconc_1.6_run_0.csv,5760.0,800.0,0,1.6,0.0,1.6,0,32.75,87428.5,397.021,34.0507,87428.5,0.0,0.999998,0.00589594
5760_dose_800_gradient_0_VconcST_0_Vconc_1.6_run_0.csv,5760.0,800.0,0,1.6,0.0,1.6,0,33.0,88929.6,389.152,34.6353,88929.6,0.0,0.999998,0.00588044
5760_dose_800_gradient_0_VconcST_0_Vconc_1.6_run_0.csv,5760.0,800.0,0,1.6,0.0,1.6,0,33.25,90388.7,381.44,35.2036,90388.7,0.0,0.999998,0.00573775
5760_dose_800_gradient_0_VconcST_0_Vconc_1.6_run_0.csv,5760.0,800.0,0,1.6,0.0,1.6,0,33.5,91806.5,373.88,35.7558,91806.5,0.0,0.999998,0.00557888
5760_dose_800_gradient_0_VconcST_0_Vconc_1.6_run_0.csv,5760.0,800.0,0,1.6,0.0,1.6,0,33.75,93184.2,366.47,36.2923,93184.2,0.0,0.999998,0.00558614
5760_dose_800_gradient_0_VconcST_0_Vconc_1.6_run_0.csv,5760.0,800.0,0,1.6,0.0,1.6,0,34.0,94522.4,359.207,36.8135,94522.4,0.0,0.999998,0.00543729
5760_dose_800_gradient_0_VconcST_0_Vconc_1.6_run_0.csv,5760.0,800.0,0,1.6,0.0,1.6,0,34.25,95822.0,352.088,37.3197,95822.0,0.0,0.999998,0.00542814
5760_dose_800_gradient_0_VconcST_0_Vconc_1.6_run_0.csv,5760.0,800.0,0,1.6,0.0,1.6,0,34.5,97083.9,345.11,37.8112,97083.9,0.0,0.999998,0.00528049
5760_dose_800_gradient_0_VconcST_0_Vconc_1.6_run_0.csv,5760.0,800.0,0,1.6,0.0,1.6,0,34.75,98308.7,338.27,38.2882,98308.7,0.0,0.999998,0.00528568
5760_dose_800_gradient_0_VconcST_0_Vconc_1.6_run_0.csv,5760.0,800.0,0,1.6,0.0,1.6,0,35.0,99497.4,331.566,38.7511,99497.4,0.0,0.999998,0.00513066
5760_dose_800_gradient_0_VconcST_0_Vconc_1.6_run_0.csv,5760.0,800.0,0,1.6,0.0,1.6,0,35.25,100651.0,324.995,39.2003,100651.0,0.0,0.999998,0.00513282
5760_dose_800_gradient_0_VconcST_0_Vconc_1.6_run_0.csv,5760.0,800.0,0,1.6,0.0,1.6,0,35.5,101769.0,318.554,39.6359,101769.0,0.0,0.999998,0.00512652
5760_dose_800_gradient_0_VconcST_0_Vconc_1.6_run_0.csv,5760.0,800.0,0,1.6,0.0,1.6,0,35.75,102854.0,312.241,40.0583,102854.0,0.0,0.999998,0.00497578
5760_dose_800_gradient_0_VconcST_0_Vconc_1.6_run_0.csv,5760.0,800.0,0,1.6,0.0,1.6,0,36.0,103905.0,306.052,40.4677,103905.0,0.0,0.999998,0.00498277
5760_dose_800_gradient_0_VconcST_0_Vconc_1.6_run_0.csv,5760.0,800.0,0,1.6,0.0,1.6,0,36.25,104924.0,299.987,40.8645,104924.0,0.0,0.999998,0.00499099
5760_dose_800_gradient_0_VconcST_0_Vconc_1.6_run_0.csv,5760.0,800.0,0,1.6,0.0,1.6,0,36.5,105910.0,294.041,41.2488,105910.0,0.0,0.999998,0.00482971
5760_dose_800_gradient_0_VconcST_0_Vconc_1.6_run_0.csv,5760.0,800.0,0,1.6,0.0,1.6,0,36.75,106866.0,288.214,41.621,106866.0,0.0,0.999998,0.00482784
5760_dose_800_gradient_0_VconcST_0_Vconc_1.6_run_0.csv,5760.0,800.0,0,1.6,0.0,1.6,0,37.0,107791.0,282.502,41.9813,107791.0,0.0,0.999998,0.00482496
5760_dose_800_gradient_0_VconcST_0_Vconc_1.6_run_0.csv,5760.0,800.0,0,1.6,0.0,1.6,0,37.25,108687.0,276.903,42.33,108687.0,0.0,0.999998,0.00469326
5760_dose_800_gradient_0_VconcST_0_Vconc_1.6_run_0.csv,5760.0,800.0,0,1.6,0.0,1.6,0,37.5,109553.0,271.414,42.6673,109553.0,0.0,0.999998,0.00468044
5760_dose_800_gradient_0_VconcST_0_Vconc_1.6_run_0.csv,5760.0,800.0,0,1.6,0.0,1.6,0,37.75,110390.0,266.035,42.9935,110390.0,0.0,0.999998,0.00468274
5760_dose_800_gradient_0_VconcST_0_Vconc_1.6_run_0.csv,5760.0,800.0,0,1.6,0.0,1.6,0,38.0,111199.0,260.763,43.3087,111199.0,0.0,0.999998,0.00467749
5760_dose_800_gradient_0_VconcST_0_Vconc_1.6_run_0.csv,5760.0,800.0,0,1.6,0.0,1.6,0,38.25,111981.0,255.595,43.6133,111981.0,0.0,0.999998,0.00468159
5760_dose_800_gradient_0_VconcST_0_Vconc_1.6_run_0.csv,5760.0,800.0,0,1.6,0.0,1.6,0,38.5,112737.0,250.529,43.9074,112737.0,0.0,0.999998,0.00454283
5760_dose_800_gradient_0_VconcST_0_Vconc_1.6_run_0.csv,5760.0,800.0,0,1.6,0.0,1.6,0,38.75,113465.0,245.564,44.1913,113465.0,0.0,0.999998,0.00452343
5760_dose_800_gradient_0_VconcST_0_Vconc_1.6_run_0.csv,5760.0,800.0,0,1.6,0.0,1.6,0,39.0,114169.0,240.697,44.4652,114169.0,0.0,0.999998,0.00452343
5760_dose_800_gradient_0_VconcST_0_Vconc_1.6_run_0.csv,5760.0,800.0,0,1.6,0.0,1.6,0,39.25,114847.0,235.927,44.7293,114847.0,0.0,0.999998,0.00453424
5760_dose_800_gradient_0_VconcST_0_Vconc_1.6_run_0.csv,5760.0,800.0,0,1.6,0.0,1.6,0,39.5,115500.0,231.251,44.9838,115500.0,0.0,0.999998,0.00453059
5760_dose_800_gradient_0_VconcST_0_Vconc_1.6_run_0.csv,5760.0,800.0,0,1.6,0.0,1.6,0,39.75,116130.0,226.668,45.229,116130.0,0.0,0.999998,0.00437266
5760_dose_800_gradient_0_VconcST_0_Vconc_1.6_run_0.csv,5760.0,800.0,0,1.6,0.0,1.6,0,40.0,116736.0,222.176,45.465,116736.0,0.0,0.999998,0.00439755
5760_dose_800_gradient_0_VconcST_0_Vconc_1.6_run_0.csv,5760.0,800.0,0,1.6,0.0,1.6,0,40.25,117319.0,217.772,45.692,117319.0,0.0,0.999998,0.00438188
5760_dose_800_gradient_0_VconcST_0_Vconc_1.6_run_0.csv,5760.0,800.0,0,1.6,0.0,1.6,0,40.5,117879.0,213.456,45.9102,117879.0,0.0,0.999998,0.00437266
5760_dose_800_gradient_0_VconcST_0_Vconc_1.6_run_0.csv,5760.0,800.0,0,1.6,0.0,1.6,0,40.75,118417.0,209.226,46.1199,118417.0,0.0,0.999998,0.00437712
5760_dose_800_gradient_0_VconcST_0_Vconc_1.6_run_0.csv,5760.0,800.0,0,1.6,0.0,1.6,0,41.0,118934.0,205.079,46.3211,118934.0,0.0,0.999998,0.00437266
5760_dose_800_gradient_0_VconcST_0_Vconc_1.6_run_0.csv,5760.0,800.0,0,1.6,0.0,1.6,0,41.25,119430.0,201.015,46.5142,119430.0,0.0,0.999998,0.00437266
5760_dose_800_gradient_0_VconcST_0_Vconc_1.6_run_0.csv,5760.0,800.0,0,1.6,0.0,1.6,0,41.5,119905.0,197.031,46.6992,119905.0,0.0,0.999998,0.0042287
5760_dose_800_gradient_0_VconcST_0_Vconc_4_run_2.csv,5760.0,800.0,0,4.0,0.0,4.0,2,0.0,0.0,0.0,0.0,0.0,0.0,0.0,0.0
5760_dose_800_gradient_0_VconcST_0_Vconc_4_run_2.csv,5760.0,800.0,0,4.0,0.0,4.0,2,0.25,0.0,0.0,0.0,0.0,0.0,0.0,10000.0
5760_dose_800_gradient_0_VconcST_0_Vconc_4_run_2.csv,5760.0,800.0,0,4.0,0.0,4.0,2,0.5,0.0,0.0,0.0,0.0,0.0,0.0,181.832
5760_dose_800_gradient_0_VconcST_0_Vconc_4_run_2.csv,5760.0,800.0,0,4.0,0.0,4.0,2,0.75,0.0,0.0,0.0,0.0,0.0,0.0,10000.0
5760_dose_800_gradient_0_VconcST_0_Vconc_4_run_2.csv,5760.0,800.0,0,4.0,0.0,4.0,2,1.0,0.0,0.0,0.0,0.0,0.0,0.0,162.743
5760_dose_800_gradient_0_VconcST_0_Vconc_4_run_2.csv,5760.0,800.0,0,4.0,0.0,4.0,2,1.25,0.0,0.0,0.0,0.0,0.0,0.0,10000.0
5760_dose_800_gradient_0_VconcST_0_Vconc_4_run_2.csv,5760.0,800.0,0,4.0,0.0,4.0,2,1.5,0.0,0.0,0.0,0.0,0.0,0.0,167.773
5760_dose_800_gradient_0_VconcST_0_Vconc_4_run_2.csv,5760.0,800.0,0,4.0,0.0,4.0,2,1.75,0.0,0.0,0.0,0.0,0.0,0.0,10000.0
5760_dose_800_gradient_0_VconcST_0_Vconc_4_run_2.csv,5760.0,800.0,0,4.0,0.0,4.0,2,2.0,0.0,0.0,0.0,0.0,0.000182292,0.0,154.376
5760_dose_800_gradient_0_VconcST_0_Vconc_4_run_2.csv,5760.0,800.0,0,4.0,0.0,4.0,2,2.25,0.0,0.0,0.0,0.0,0.0,0.0,10000.0
5760_dose_800_gradient_0_VconcST_0_Vconc_4_run_2.csv,5760.0,800.0,0,4.0,0.0,4.0,2,2.5,0.0,0.0,0.0,0.0,0.0,0.0,154.637
5760_dose_800_gradient_0_VconcST_0_Vconc_4_run_2.csv,5760.0,800.0,0,4.0,0.0,4.0,2,2.75,0.0,0.0,0.0,0.0,0.0,0.0,10000.0
5760_dose_800_gradient_0_VconcST_0_Vconc_4_run_2.csv,5760.0,800.0,0,4.0,0.0,4.0,2,3.0,0.0,0.0,0.0,0.0,0.0,0.0,153.854
5760_dose_800_gradient_0_VconcST_0_Vconc_4_run_2.csv,5760.0,800.0,0,4.0,0.0,4.0,2,3.25,0.0,0.0,0.0,0.0,0.0,0.0,10000.0
5760_dose_800_gradient_0_VconcST_0_Vconc_4_run_2.csv,5760.0,800.0,0,4.0,0.0,4.0,2,3.5,0.0,0.0,0.0,0.0,0.0,0.0,151.513
5760_dose_800_gradient_0_VconcST_0_Vconc_4_run_2.csv,5760.0,800.0,0,4.0,0.0,4.0,2,3.75,0.0,0.0,0.0,0.0,0.0,0.0,10000.0
5760_dose_800_gradient_0_VconcST_0_Vconc_4_run_2.csv,5760.0,800.0,0,4.0,0.0,4.0,2,4.0,0.0,0.0,0.0,0.0,0.0,0.0,4056.14
5760_dose_800_gradient_0_VconcST_0_Vconc_4_run_2.csv,5760.0,800.0,0,4.0,0.0,4.0,2,4.25,0.0,0.0,0.0,0.0,0.0,0.0,488.922
5760_dose_800_gradient_0_VconcST_0_Vconc_4_run_2.csv,5760.0,800.0,0,4.0,0.0,4.0,2,4.5,0.0,0.0,0.0,0.0,0.0,0.0,7133.99
5760_dose_800_gradient_0_VconcST_0_Vconc_4_run_2.csv,5760.0,800.0,0,4.0,0.0,4.0,2,4.75,0.0,0.0,0.0,0.0,0.0,0.0,486.566
5760_dose_800_gradient_0_VconcST_0_Vconc_4_run_2.csv,5760.0,800.0,0,4.0,0.0,4.0,2,5.0,0.0,0.0,0.0,0.0,0.0,0.0,8420.57
5760_dose_800_gradient_0_VconcST_0_Vconc_4_run_2.csv,5760.0,800.0,0,4.0,0.0,4.0,2,5.25,0.0,0.0,0.0,0.0,0.0,0.0,487.334
5760_dose_800_gradient_0_VconcST_0_Vconc_4_run_2.csv,5760.0,800.0,0,4.0,0.0,4.0,2,5.5,0.0,0.0,0.0,0.0,0.0,0.0,9821.72
5760_dose_800_gradient_0_VconcST_0_Vconc_4_run_2.csv,5760.0,800.0,0,4.0,0.0,4.0,2,5.75,0.0,0.0,0.0,0.0,0.0,0.0,471.208
5760_dose_800_gradient_0_VconcST_0_Vconc_4_run_2.csv,5760.0,800.0,0,4.0,0.0,4.0,2,6.0,0.0,0.0,0.0,0.0,0.0,0.0,10000.0
5760_dose_800_gradient_0_VconcST_0_Vconc_4_run_2.csv,5760.0,800.0,0,4.0,0.0,4.0,2,6.25,0.0,0.0,0.0,0.0,0.0,0.0,333.984
5760_dose_800_gradient_0_VconcST_0_Vconc_4_run_2.csv,5760.0,800.0,0,4.0,0.0,4.0,2,6.5,0.0,0.0,0.0,0.0,0.0,0.0,10000.0
5760_dose_800_gradient_0_VconcST_0_Vconc_4_run_2.csv,5760.0,800.0,0,4.0,0.0,4.0,2,6.75,0.0,0.0,0.0,0.0,0.0,0.0,235.528
5760_dose_800_gradient_0_VconcST_0_Vconc_4_run_2.csv,5760.0,800.0,0,4.0,0.0,4.0,2,7.0,0.0,0.0,0.0,0.0,0.0,0.0,10000.0
5760_dose_800_gradient_0_VconcST_0_Vconc_4_run_2.csv,5760.0,800.0,0,4.0,0.0,4.0,2,7.25,0.0,0.0,0.0,0.0,0.0,0.0,192.207
5760_dose_800_gradient_0_VconcST_0_Vconc_4_run_2.csv,5760.0,800.0,0,4.0,0.0,4.0,2,7.5,0.0,0.0,0.0,0.0,0.0,0.0,10000.0
5760_dose_800_gradient_0_VconcST_0_Vconc_4_run_2.csv,5760.0,800.0,0,4.0,0.0,4.0,2,7.75,0.0,0.0,0.0,0.0,0.0,0.0,182.248
5760_dose_800_gradient_0_VconcST_0_Vconc_4_run_2.csv,5760.0,800.0,0,4.0,0.0,4.0,2,8.0,0.0,0.0,0.0,0.0,0.0,0.0,10000.0
5760_dose_800_gradient_0_VconcST_0_Vconc_4_run_2.csv,5760.0,800.0,0,4.0,0.0,4.0,2,8.25,0.0,0.0,0.0,0.0,0.0,0.0,176.483
5760_dose_800_gradient_0_VconcST_0_Vconc_4_run_2.csv,5760.0,800.0,0,4.0,0.0,4.0,2,8.5,0.0,0.0,0.0,0.0,0.0,0.0,10000.0
5760_dose_800_gradient_0_VconcST_0_Vconc_4_run_2.csv,5760.0,800.0,0,4.0,0.0,4.0,2,8.75,0.0,0.0,0.0,0.0,0.0,0.0,161.594
5760_dose_800_gradient_0_VconcST_0_Vconc_4_run_2.csv,5760.0,800.0,0,4.0,0.0,4.0,2,9.0,0.0,0.0,0.0,0.0,0.0,0.0,10000.0
5760_dose_800_gradient_0_VconcST_0_Vconc_4_run_2.csv,5760.0,800.0,0,4.0,0.0,4.0,2,9.25,0.0,0.0,0.0,0.0,0.0,0.0,160.107
5760_dose_800_gradient_0_VconcST_0_Vconc_4_run_2.csv,5760.0,800.0,0,4.0,0.0,4.0,2,9.5,0.0,0.0,0.0,0.0,0.0,0.0,10000.0
5760_dose_800_gradient_0_VconcST_0_Vconc_4_run_2.csv,5760.0,800.0,0,4.0,0.0,4.0,2,9.75,0.0,0.0,0.0,0.0,0.0,0.0,154.815
5760_dose_800_gradient_0_VconcST_0_Vconc_4_run_2.csv,5760.0,800.0,0,4.0,0.0,4.0,2,10.0,0.0,0.0,0.0,0.0,0.0,0.0,10000.0
5760_dose_800_gradient_0_VconcST_0_Vconc_4_run_2.csv,5760.0,800.0,0,4.0,0.0,4.0,2,10.25,0.0,0.0,0.0,0.0,0.0,0.0,149.823
5760_dose_800_gradient_0_VconcST_0_Vconc_4_run_2.csv,5760.0,800.0,0,4.0,0.0,4.0,2,10.5,0.0,0.0,0.0,0.0,0.0,0.0,10000.0
5760_dose_800_gradient_0_VconcST_0_Vconc_4_run_2.csv,5760.0,800.0,0,4.0,0.0,4.0,2,10.75,0.0,0.0,0.0,0.0,0.0,0.0,154.183
5760_dose_800_gradient_0_VconcST_0_Vconc_4_run_2.csv,5760.0,800.0,0,4.0,0.0,4.0,2,11.0,0.0,0.0,0.0,0.0,0.0,0.0,10000.0
5760_dose_800_gradient_0_VconcST_0_Vconc_4_run_2.csv,5760.0,800.0,0,4.0,0.0,4.0,2,11.25,0.0,0.0,0.0,0.0,0.0,0.0,1235.81
5760_dose_800_gradient_0_VconcST_0_Vconc_4_run_2.csv,5760.0,800.0,0,4.0,0.0,4.0,2,11.5,0.0,0.0,0.0,0.0,0.0,0.0,980.064
5760_dose_800_gradient_0_VconcST_0_Vconc_4_run_2.csv,5760.0,800.0,0,4.0,0.0,4.0,2,11.75,0.0,0.0,0.0,0.0,0.0,0.0,6766.31
5760_dose_800_gradient_0_VconcST_0_Vconc_4_run_2.csv,5760.0,800.0,0,4.0,0.0,4.0,2,12.0,0.0,0.0,0.0,0.0,0.0,0.0,487.57
5760_dose_800_gradient_0_VconcST_0_Vconc_4_run_2.csv,5760.0,800.0,0,4.0,0.0,4.0,2,12.25,0.0,0.0,0.0,0.0,0.0,0.0,7802.92
5760_dose_800_gradient_0_VconcST_0_Vconc_4_run_2.csv,5760.0,800.0,0,4.0,0.0,4.0,2,12.5,0.0,0.0,0.0,0.0,0.0,0.0,487.015
5760_dose_800_gradient_0_VconcST_0_Vconc_4_run_2.csv,5760.0,800.0,0,4.0,0.0,4.0,2,12.75,0.0,0.0,0.0,0.0,0.0,0.0,9505.07
5760_dose_800_gradient_0_VconcST_0_Vconc_4_run_2.csv,5760.0,800.0,0,4.0,0.0,4.0,2,13.0,0.0,0.0,0.0,0.0,0.0,0.0,480.135
5760_dose_800_gradient_0_VconcST_0_Vconc_4_run_2.csv,5760.0,800.0,0,4.0,0.0,4.0,2,13.25,0.0,0.0,0.0,0.0,0.0,0.0,10000.0
5760_dose_800_gradient_0_VconcST_0_Vconc_4_run_2.csv,5760.0,800.0,0,4.0,0.0,4.0,2,13.5,0.0,0.0,0.0,0.0,0.0,0.0,379.878
5760_dose_800_gradient_0_VconcST_0_Vconc_4_run_2.csv,5760.0,800.0,0,4.0,0.0,4.0,2,13.75,0.0,0.0,0.0,0.0,0.0,0.0,10000.0
5760_dose_800_gradient_0_VconcST_0_Vconc_4_run_2.csv,5760.0,800.0,0,4.0,0.0,4.0,2,14.0,0.0,0.0,0.0,0.0,0.0,0.0,254.333
5760_dose_800_gradient_0_VconcST_0_Vconc_4_run_2.csv,5760.0,800.0,0,4.0,0.0,4.0,2,14.25,0.0,0.0,0.0,0.0,0.0,0.0,10000.0
5760_dose_800_gradient_0_VconcST_0_Vconc_4_run_2.csv,5760.0,800.0,0,4.0,0.0,4.0,2,14.5,0.0,0.0,0.0,0.0,0.0,0.0,186.337
5760_dose_800_gradient_0_VconcST_0_Vconc_4_run_2.csv,5760.0,800.0,0,4.0,0.0,4.0,2,14.75,0.0,0.0,0.0,0.0,0.0,0.0,10000.0
5760_dose_800_gradient_0_VconcST_0_Vconc_4_run_2.csv,5760.0,800.0,0,4.0,0.0,4.0,2,15.0,0.0,0.0,0.0,0.0,0.0,0.0,186.583
5760_dose_800_gradient_0_VconcST_0_Vconc_4_run_2.csv,5760.0,800.0,0,4.0,0.0,4.0,2,15.25,0.0,0.0,0.0,0.0,0.0,0.0,10000.0
5760_dose_800_gradient_0_VconcST_0_Vconc_4_run_2.csv,5760.0,800.0,0,4.0,0.0,4.0,2,15.5,0.0,0.0,0.0,0.0,0.0,0.0,180.051
5760_dose_800_gradient_0_VconcST_0_Vconc_4_run_2.csv,5760.0,800.0,0,4.0,0.0,4.0,2,15.75,0.0,0.0,0.0,0.0,0.0,0.0,10000.0
5760_dose_800_gradient_0_VconcST_0_Vconc_4_run_2.csv,5760.0,800.0,0,4.0,0.0,4.0,2,16.0,0.0,0.0,0.0,0.0,0.0,0.0,160.923
5760_dose_800_gradient_0_VconcST_0_Vconc_4_run_2.csv,5760.0,800.0,0,4.0,0.0,4.0,2,16.25,0.0,0.0,0.0,0.0,0.0,0.0,10000.0
5760_dose_800_gradient_0_VconcST_0_Vconc_4_run_2.csv,5760.0,800.0,0,4.0,0.0,4.0,2,16.5,0.0,0.0,0.0,0.0,0.0,0.0,157.355
5760_dose_800_gradient_0_VconcST_0_Vconc_4_run_2.csv,5760.0,800.0,0,4.0,0.0,4.0,2,16.75,0.0,0.0,0.0,0.0,0.0,0.0,10000.0
5760_dose_800_gradient_0_VconcST_0_Vconc_4_run_2.csv,5760.0,800.0,0,4.0,0.0,4.0,2,17.0,0.0,0.0,0.0,0.0,0.000729167,0.0,155.028
5760_dose_800_gradient_0_VconcST_0_Vconc_4_run_2.csv,5760.0,800.0,0,4.0,0.0,4.0,2,17.25,0.0,0.0,0.0,0.0,0.0,0.0,10000.0
5760_dose_800_gradient_0_VconcST_0_Vconc_4_run_2.csv,5760.0,800.0,0,4.0,0.0,4.0,2,17.5,0.0,0.0,0.0,0.0,0.0,0.0,151.527
5760_dose_800_gradient_0_VconcST_0_Vconc_4_run_2.csv,5760.0,800.0,0,4.0,0.0,4.0,2,17.75,0.0,0.0,0.0,0.0,0.0,0.0,10000.0
5760_dose_800_gradient_0_VconcST_0_Vconc_4_run_2.csv,5760.0,800.0,0,4.0,0.0,4.0,2,18.0,0.0,0.0,0.0,0.0,0.0,0.0,147.443
5760_dose_800_gradient_0_VconcST_0_Vconc_4_run_2.csv,5760.0,800.0,0,4.0,0.0,4.0,2,18.25,0.0,0.0,0.0,0.0,0.0,0.0,10000.0
5760_dose_800_gradient_0_VconcST_0_Vconc_4_run_2.csv,5760.0,800.0,0,4.0,0.0,4.0,2,18.5,0.0,0.0,0.0,0.0,0.0,0.0,152.667
5760_dose_800_gradient_0_VconcST_0_Vconc_4_run_2.csv,5760.0,800.0,0,4.0,0.0,4.0,2,18.75,0.0,0.0,0.0,0.0,0.0,0.0,5737.12
5760_dose_800_gradient_0_VconcST_0_Vconc_4_run_2.csv,5760.0,800.0,0,4.0,0.0,4.0,2,19.0,0.0,0.0,0.0,0.0,0.0,0.0,4325.26
5760_dose_800_gradient_0_VconcST_0_Vconc_4_run_2.csv,5760.0,800.0,0,4.0,0.0,4.0,2,19.25,0.0,0.0,0.0,0.0,0.0,0.0,480.966
5760_dose_800_gradient_0_VconcST_0_Vconc_4_run_2.csv,5760.0,800.0,0,4.0,0.0,4.0,2,19.5,0.0,0.0,0.0,0.0,0.0,0.0,7530.99
5760_dose_800_gradient_0_VconcST_0_Vconc_4_run_2.csv,5760.0,800.0,0,4.0,0.0,4.0,2,19.75,0.0,0.0,0.0,0.0,0.0,0.0,479.556
5760_dose_800_gradient_0_VconcST_0_Vconc_4_run_2.csv,5760.0,800.0,0,4.0,0.0,4.0,2,20.0,0.0,0.0,0.0,0.0,0.0,0.0,8942.77
5760_dose_800_gradient_0_VconcST_0_Vconc_4_run_2.csv,5760.0,800.0,0,4.0,0.0,4.0,2,20.25,0.0,0.0,0.0,0.0,0.0,0.0,475.346
5760_dose_800_gradient_0_VconcST_0_Vconc_4_run_2.csv,5760.0,800.0,0,4.0,0.0,4.0,2,20.5,0.0,0.0,0.0,0.0,0.0,0.0,10000.0
5760_dose_800_gradient_0_VconcST_0_Vconc_4_run_2.csv,5760.0,800.0,0,4.0,0.0,4.0,2,20.75,0.0,0.0,0.0,0.0,0.0,0.0,437.741
5760_dose_800_gradient_0_VconcST_0_Vconc_4_run_2.csv,5760.0,800.0,0,4.0,0.0,4.0,2,21.0,0.0,0.0,0.0,0.0,0.0,0.0,10000.0
5760_dose_800_gradient_0_VconcST_0_Vconc_4_run_2.csv,5760.0,800.0,0,4.0,0.0,4.0,2,21.25,0.0,0.0,0.0,0.0,0.0,0.0,299.194
5760_dose_800_gradient_0_VconcST_0_Vconc_4_run_2.csv,5760.0,800.0,0,4.0,0.0,4.0,2,21.5,0.0,0.0,0.0,0.0,0.0,0.0,10000.0
5760_dose_800_gradient_0_VconcST_0_Vconc_4_run_2.csv,5760.0,800.0,0,4.0,0.0,4.0,2,21.75,0.0,0.0,0.0,0.0,0.0,0.0,221.788
5760_dose_800_gradient_0_VconcST_0_Vconc_4_run_2.csv,5760.0,800.0,0,4.0,0.0,4.0,2,22.0,0.0,0.0,0.0,0.0,0.0,0.0,10000.0
5760_dose_800_gradient_0_VconcST_0_Vconc_4_run_2.csv,5760.0,800.0,0,4.0,0.0,4.0,2,22.25,0.0,0.0,0.0,0.0,0.0,0.0,185.733
5760_dose_800_gradient_0_VconcST_0_Vconc_4_run_2.csv,5760.0,800.0,0,4.0,0.0,4.0,2,22.5,0.0,0.0,0.0,0.0,0.0015191,0.0,10000.0
5760_dose_800_gradient_0_VconcST_0_Vconc_4_run_2.csv,5760.0,800.0,0,4.0,0.0,4.0,2,22.75,0.0,0.0,0.0,0.0,0.0,0.0,171.52
5760_dose_800_gradient_0_VconcST_0_Vconc_4_run_2.csv,5760.0,800.0,0,4.0,0.0,4.0,2,23.0,0.0,0.0,0.0,0.0,0.0,0.0,10000.0
5760_dose_800_gradient_0_VconcST_0_Vconc_4_run_2.csv,5760.0,800.0,0,4.0,0.0,4.0,2,23.25,0.0,0.0,0.0,0.0,0.0,0.0,161.478
5760_dose_800_gradient_0_VconcST_0_Vconc_4_run_2.csv,5760.0,800.0,0,4.0,0.0,4.0,2,23.5,0.0,0.0,0.0,0.0,0.0,0.0,10000.0
5760_dose_800_gradient_0_VconcST_0_Vconc_4_run_2.csv,5760.0,800.0,0,4.0,0.0,4.0,2,23.75,0.0,0.0,0.0,0.0,0.0,0.0,164.625
5760_dose_800_gradient_0_VconcST_0_Vconc_4_run_2.csv,5760.0,800.0,0,4.0,0.0,4.0,2,24.0,62.29,800.0,0.02426,62.29,0.0,0.0,10000.0
5760_dose_800_gradient_0_VconcST_0_Vconc_4_run_2.csv,5760.0,800.0,0,4.0,0.0,4.0,2,24.25,3754.75,784.145,1.46236,3754.75,0.0,0.999946,0.0138648
5760_dose_800_gradient_0_VconcST_0_Vconc_4_run_2.csv,5760.0,800.0,0,4.0,0.0,4.0,2,24.5,7360.03,768.604,2.8665,7360.03,0.0,0.999973,0.225041
5760_dose_800_gradient_0_VconcST_0_Vconc_4_run_2.csv,5760.0,800.0,0,4.0,0.0,4.0,2,24.75,10879.9,753.371,4.23739,10879.9,0.0,0.999982,0.137574
5760_dose_800_gradient_0_VconcST_0_Vconc_4_run_2.csv,5760.0,800.0,0,4.0,0.0,4.0,2,25.0,14316.1,738.44,5.57569,14316.1,0.0,0.999986,0.100273
5760_dose_800_gradient_0_VconcST_0_Vconc_4_run_2.csv,5760.0,800.0,0,4.0,0.0,4.0,2,25.25,17670.4,723.805,6.88207,17670.4,0.0,0.999989,0.0787796
5760_dose_800_gradient_0_VconcST_0_Vconc_4_run_2.csv,5760.0,800.0,0,4.0,0.0,4.0,2,25.5,20944.4,709.46,8.15719,20944.4,0.0,0.99999,0.0652629
5760_dose_800_gradient_0_VconcST_0_Vconc_4_run_2.csv,5760.0,800.0,0,4.0,0.0,4.0,2,25.75,24139.7,695.4,9.40168,24139.7,0.0,0.999992,0.0557872
5760_dose_800_gradient_0_VconcST_0_Vconc_4_run_2.csv,5760.0,800.0,0,4.0,0.0,4.0,2,26.0,27258.1,681.618,10.6162,27258.1,0.0,0.999993,0.0490527
5760_dose_800_gradient_0_VconcST_0_Vconc_4_run_2.csv,5760.0,800.0,0,4.0,0.0,4.0,2,26.25,30301.0,668.109,11.8013,30301.0,0.0,0.999993,0.0438009
5760_dose_800_gradient_0_VconcST_0_Vconc_4_run_2.csv,5760.0,800.0,0,4.0,0.0,4.0,2,26.5,33270.0,654.868,12.9576,33270.0,0.0,0.999994,0.0395793
5760_dose_800_gradient_0_VconcST_0_Vconc_4_run_2.csv,5760.0,800.0,0,4.0,0.0,4.0,2,26.75,36166.6,641.889,14.0858,36166.6,0.0,0.999994,0.0362645
5760_dose_800_gradient_0_VconcST_0_Vconc_4_run_2.csv,5760.0,800.0,0,4.0,0.0,4.0,2,27.0,38992.4,629.168,15.1863,38992.4,0.0,0.999995,0.0335483
5760_dose_800_gradient_0_VconcST_0_Vconc_4_run_2.csv,5760.0,800.0,0,4.0,0.0,4.0,2,27.25,41748.7,616.698,16.2598,41748.7,0.0,0.999995,0.0313152
5760_dose_800_gradient_0_VconcST_0_Vconc_4_run_2.csv,5760.0,800.0,0,4.0,0.0,4.0,2,27.5,44437.0,604.476,17.3068,44437.0,0.0,0.999996,0.0290393
5760_dose_800_gradient_0_VconcST_0_Vconc_4_run_2.csv,5760.0,800.0,0,4.0,0.0,4.0,2,27.75,47058.6,592.496,18.3279,47058.6,0.0,0.999996,0.0275171
5760_dose_800_gradient_0_VconcST_0_Vconc_4_run_2.csv,5760.0,800.0,0,4.0,0.0,4.0,2,28.0,49615.1,580.753,19.3235,49615.1,0.0,0.999996,0.0260096
5760_dose_800_gradient_0_VconcST_0_Vconc_4_run_2.csv,5760.0,800.0,0,4.0,0.0,4.0,2,28.25,52107.7,569.244,20.2943,52107.7,0.0,0.999996,0.0249119
5760_dose_800_gradient_0_VconcST_0_Vconc_4_run_2.csv,5760.0,800.0,0,4.0,0.0,4.0,2,28.5,54537.6,557.962,21.2407,54537.6,0.0,0.999996,0.0237595
5760_dose_800_gradient_0_VconcST_0_Vconc_4_run_2.csv,5760.0,800.0,0,4.0,0.0,4.0,2,28.75,56906.3,546.904,22.1632,56906.3,0.0,0.999996,0.0226171
5760_dose_800_gradient_0_VconcST_0_Vconc_4_run_2.csv,5760.0,800.0,0,4.0,0.0,4.0,2,29.0,59214.9,536.065,23.0624,59214.9,0.0,0.999997,0.0218738
5760_dose_800_gradient_0_VconcST_0_Vconc_4_run_2.csv,5760.0,800.0,0,4.0,0.0,4.0,2,29.25,61464.8,525.441,23.9386,61464.8,0.0,0.999997,0.0208233
5760_dose_800_gradient_0_VconcST_0_Vconc_4_run_2.csv,5760.0,800.0,0,4.0,0.0,4.0,2,29.5,63657.1,515.027,24.7925,63657.1,0.0,0.999997,0.0200155
5760_dose_800_gradient_0_VconcST_0_Vconc_4_run_2.csv,5760.0,800.0,0,4.0,0.0,4.0,2,29.75,65793.0,504.82,25.6243,65793.0,0.0,0.999997,0.0196331
5760_dose_800_gradient_0_VconcST_0_Vconc_4_run_2.csv,5760.0,800.0,0,4.0,0.0,4.0,2,30.0,67873.7,494.815,26.4347,67873.7,0.0,0.999997,0.0192245
5760_dose_800_gradient_0_VconcST_0_Vconc_4_run_2.csv,5760.0,800.0,0,4.0,0.0,4.0,2,30.25,69900.4,485.009,27.224,69900.4,0.0,0.999997,0.0184835
5760_dose_800_gradient_0_VconcST_0_Vconc_4_run_2.csv,5760.0,800.0,0,4.0,0.0,4.0,2,30.5,71874.0,475.396,27.9927,71874.0,0.0,0.999997,0.0181026
5760_dose_800_gradient_0_VconcST_0_Vconc_4_run_2.csv,5760.0,800.0,0,4.0,0.0,4.0,2,30.75,73795.9,465.974,28.7412,73795.9,0.0,0.999997,0.0177491
5760_dose_800_gradient_0_VconcST_0_Vconc_4_run_2.csv,5760.0,800.0,0,4.0,0.0,4.0,2,31.0,75667.0,456.739,29.4699,75667.0,0.0,0.999997,0.0173397
5760_dose_800_gradient_0_VconcST_0_Vconc_4_run_2.csv,5760.0,800.0,0,4.0,0.0,4.0,2,31.25,77488.3,447.687,30.1793,77488.3,0.0,0.999997,0.0165975
5760_dose_800_gradient_0_VconcST_0_Vconc_4_run_2.csv,5760.0,800.0,0,4.0,0.0,4.0,2,31.5,79260.9,438.815,30.8697,79260.9,0.0,0.999997,0.0162088
5760_dose_800_gradient_0_VconcST_0_Vconc_4_run_2.csv,5760.0,800.0,0,4.0,0.0,4.0,2,31.75,80985.9,430.118,31.5415,80985.9,0.0,0.999997,0.0162088
5760_dose_800_gradient_0_VconcST_0_Vconc_4_run_2.csv,5760.0,800.0,0,4.0,0.0,4.0,2,32.0,82664.2,421.593,32.1951,82664.2,0.0,0.999998,0.0158448
5760_dose_800_gradient_0_VconcST_0_Vconc_4_run_2.csv,5760.0,800.0,0,4.0,0.0,4.0,2,32.25,84296.8,413.238,32.831,84296.8,0.0,0.999998,0.0154691
5760_dose_800_gradient_0_VconcST_0_Vconc_4_run_2.csv,5760.0,800.0,0,4.0,0.0,4.0,2,32.5,85884.6,405.048,33.4494,85884.6,0.0,0.999998,0.0151071
5760_dose_800_gradient_0_VconcST_0_Vconc_4_run_2.csv,5760.0,800.0,0,4.0,0.0,4.0,2,32.75,87428.5,397.021,34.0507,87428.5,0.0,0.999998,0.0147187
5760_dose_800_gradient_0_VconcST_0_Vconc_4_run_2.csv,5760.0,800.0,0,4.0,0.0,4.0,2,33.0,88929.6,389.152,34.6353,88929.6,0.0,0.999998,0.0147099
5760_dose_800_gradient_0_VconcST_0_Vconc_4_run_2.csv,5760.0,800.0,0,4.0,0.0,4.0,2,33.25,90388.7,381.44,35.2036,90388.7,0.0,0.999998,0.0143417
5760_dose_800_gradient_0_VconcST_0_Vconc_4_run_2.csv,5760.0,800.0,0,4.0,0.0,4.0,2,33.5,91806.5,373.88,35.7558,91806.5,0.0,0.999998,0.0139643
5760_dose_800_gradient_0_VconcST_0_Vconc_4_run_2.csv,5760.0,800.0,0,4.0,0.0,4.0,2,33.75,93184.2,366.47,36.2923,93184.2,0.0,0.999998,0.013957
5760_dose_800_gradient_0_VconcST_0_Vconc_4_run_2.csv,5760.0,800.0,0,4.0,0.0,4.0,2,34.0,94522.4,359.207,36.8135,94522.4,0.0,0.999998,0.0135827
5760_dose_800_gradient_0_VconcST_0_Vconc_4_run_2.csv,5760.0,800.0,0,4.0,0.0,4.0,2,34.25,95822.0,352.088,37.3197,95822.0,0.0,0.999998,0.0135989
5760_dose_800_gradient_0_VconcST_0_Vconc_4_run_2.csv,5760.0,800.0,0,4.0,0.0,4.0,2,34.5,97083.9,345.11,37.8112,97083.9,0.0,0.999998,0.0131933
5760_dose_800_gradient_0_VconcST_0_Vconc_4_run_2.csv,5760.0,800.0,0,4.0,0.0,4.0,2,34.75,98308.7,338.27,38.2882,98308.7,0.0,0.999998,0.0132123
5760_dose_800_gradient_0_VconcST_0_Vconc_4_run_2.csv,5760.0,800.0,0,4.0,0.0,4.0,2,35.0,99497.4,331.566,38.7511,99497.4,0.0,0.999998,0.0128475
5760_dose_800_gradient_0_VconcST_0_Vconc_4_run_2.csv,5760.0,800.0,0,4.0,0.0,4.0,2,35.25,100651.0,324.995,39.2003,100651.0,0.0,0.999998,0.0128164
5760_dose_800_gradient_0_VconcST_0_Vconc_4_run_2.csv,5760.0,800.0,0,4.0,0.0,4.0,2,35.5,101769.0,318.554,39.6359,101769.0,0.0,0.999998,0.0128538
5760_dose_800_gradient_0_VconcST_0_Vconc_4_run_2.csv,5760.0,800.0,0,4.0,0.0,4.0,2,35.75,102854.0,312.241,40.0583,102854.0,0.0,0.999998,0.0124455
5760_dose_800_gradient_0_VconcST_0_Vconc_4_run_2.csv,5760.0,800.0,0,4.0,0.0,4.0,2,36.0,103905.0,306.052,40.4677,103905.0,0.0,0.999998,0.0124534
5760_dose_800_gradient_0_VconcST_0_Vconc_4_run_2.csv,5760.0,800.0,0,4.0,0.0,4.0,2,36.25,104924.0,299.987,40.8645,104924.0,0.0,0.999998,0.0124394
5760_dose_800_gradient_0_VconcST_0_Vconc_4_run_2.csv,5760.0,800.0,0,4.0,0.0,4.0,2,36.5,105910.0,294.041,41.2488,105910.0,0.0,0.999998,0.0121175
5760_dose_800_gradient_0_VconcST_0_Vconc_4_run_2.csv,5760.0,800.0,0,4.0,0.0,4.0,2,36.75,106866.0,288.214,41.621,106866.0,0.0,0.999998,0.0120624
5760_dose_800_gradient_0_VconcST_0_Vconc_4_run_2.csv,5760.0,800.0,0,4.0,0.0,4.0,2,37.0,107791.0,282.502,41.9813,107791.0,0.0,0.999998,0.0120845
5760_dose_800_gradient_0_VconcST_0_Vconc_4_run_2.csv,5760.0,800.0,0,4.0,0.0,4.0,2,37.25,108687.0,276.903,42.33,108687.0,0.0,0.999998,0.0116987
5760_dose_800_gradient_0_VconcST_0_Vconc_4_run_2.csv,5760.0,800.0,0,4.0,0.0,4.0,2,37.5,109553.0,271.414,42.6673,109553.0,0.0,0.999998,0.0116925
5760_dose_800_gradient_0_VconcST_0_Vconc_4_run_2.csv,5760.0,800.0,0,4.0,0.0,4.0,2,37.75,110390.0,266.035,42.9935,110390.0,0.0,0.999998,0.0116855
5760_dose_800_gradient_0_VconcST_0_Vconc_4_run_2.csv,5760.0,800.0,0,4.0,0.0,4.0,2,38.0,111199.0,260.763,43.3087,111199.0,0.0,0.999998,0.0116925
5760_dose_800_gradient_0_VconcST_0_Vconc_4_run_2.csv,5760.0,800.0,0,4.0,0.0,4.0,2,38.25,111981.0,255.595,43.6133,111981.0,0.0,0.999998,0.0116962
5760_dose_800_gradient_0_VconcST_0_Vconc_4_run_2.csv,5760.0,800.0,0,4.0,0.0,4.0,2,38.5,112737.0,250.529,43.9074,112737.0,0.0,0.999998,0.0113507
5760_dose_800_gradient_0_VconcST_0_Vconc_4_run_2.csv,5760.0,800.0,0,4.0,0.0,4.0,2,38.75,113465.0,245.564,44.1913,113465.0,0.0,0.999998,0.0113189
5760_dose_800_gradient_0_VconcST_0_Vconc_4_run_2.csv,5760.0,800.0,0,4.0,0.0,4.0,2,39.0,114169.0,240.697,44.4652,114169.0,0.0,0.999998,0.0113189
5760_dose_800_gradient_0_VconcST_0_Vconc_4_run_2.csv,5760.0,800.0,0,4.0,0.0,4.0,2,39.25,114847.0,235.927,44.7293,114847.0,0.0,0.999998,0.0113404
5760_dose_800_gradient_0_VconcST_0_Vconc_4_run_2.csv,5760.0,800.0,0,4.0,0.0,4.0,2,39.5,115500.0,231.251,44.9838,115500.0,0.0,0.999998,0.0113153
5760_dose_800_gradient_0_VconcST_0_Vconc_4_run_2.csv,5760.0,800.0,0,4.0,0.0,4.0,2,39.75,116130.0,226.668,45.229,116130.0,0.0,0.999998,0.0109381
5760_dose_800_gradient_0_VconcST_0_Vconc_4_run_2.csv,5760.0,800.0,0,4.0,0.0,4.0,2,40.0,116736.0,222.176,45.465,116736.0,0.0,0.999998,0.0109316
5760_dose_800_gradient_0_VconcST_0_Vconc_4_run_2.csv,5760.0,800.0,0,4.0,0.0,4.0,2,40.25,117319.0,217.772,45.692,117319.0,0.0,0.999998,0.0109316
5760_dose_800_gradient_0_VconcST_0_Vconc_4_run_2.csv,5760.0,800.0,0,4.0,0.0,4.0,2,40.5,117879.0,213.456,45.9102,117879.0,0.0,0.999998,0.0109523
5760_dose_800_gradient_0_VconcST_0_Vconc_4_run_2.csv,5760.0,800.0,0,4.0,0.0,4.0,2,40.75,118417.0,209.226,46.1199,118417.0,0.0,0.999998,0.0109416
5760_dose_800_gradient_0_VconcST_0_Vconc_4_run_2.csv,5760.0,800.0,0,4.0,0.0,4.0,2,41.0,118934.0,205.079,46.3211,118934.0,0.0,0.999998,0.0109542
5760_dose_800_gradient_0_VconcST_0_Vconc_4_run_2.csv,5760.0,800.0,0,4.0,0.0,4.0,2,41.25,119430.0,201.015,46.5142,119430.0,0.0,0.999998,0.0109316
5760_dose_800_gradient_0_VconcST_0_Vconc_4_run_2.csv,5760.0,800.0,0,4.0,0.0,4.0,2,41.5,119905.0,197.031,46.6992,119905.0,0.0,0.999998,0.0105854
5760_dose_800_gradient_0_VconcST_0_Vconc_4_run_0.csv,5760.0,800.0,0,4.0,0.0,4.0,0,0.0,0.0,0.0,0.0,0.0,0.0,0.0,0.0
5760_dose_800_gradient_0_VconcST_0_Vconc_4_run_0.csv,5760.0,800.0,0,4.0,0.0,4.0,0,0.25,0.0,0.0,0.0,0.0,0.0,0.0,10000.0
5760_dose_800_gradient_0_VconcST_0_Vconc_4_run_0.csv,5760.0,800.0,0,4.0,0.0,4.0,0,0.5,0.0,0.0,0.0,0.0,0.0,0.0,176.584
5760_dose_800_gradient_0_VconcST_0_Vconc_4_run_0.csv,5760.0,800.0,0,4.0,0.0,4.0,0,0.75,0.0,0.0,0.0,0.0,0.0,0.0,10000.0
5760_dose_800_gradient_0_VconcST_0_Vconc_4_run_0.csv,5760.0,800.0,0,4.0,0.0,4.0,0,1.0,0.0,0.0,0.0,0.0,0.0,0.0,160.121
5760_dose_800_gradient_0_VconcST_0_Vconc_4_run_0.csv,5760.0,800.0,0,4.0,0.0,4.0,0,1.25,0.0,0.0,0.0,0.0,0.0,0.0,10000.0
5760_dose_800_gradient_0_VconcST_0_Vconc_4_run_0.csv,5760.0,800.0,0,4.0,0.0,4.0,0,1.5,0.0,0.0,0.0,0.0,0.0,0.0,158.557
5760_dose_800_gradient_0_VconcST_0_Vconc_4_run_0.csv,5760.0,800.0,0,4.0,0.0,4.0,0,1.75,0.0,0.0,0.0,0.0,0.0,0.0,10000.0
5760_dose_800_gradient_0_VconcST_0_Vconc_4_run_0.csv,5760.0,800.0,0,4.0,0.0,4.0,0,2.0,0.0,0.0,0.0,0.0,0.000366753,0.0,159.798
5760_dose_800_gradient_0_VconcST_0_Vconc_4_run_0.csv,5760.0,800.0,0,4.0,0.0,4.0,0,2.25,0.0,0.0,0.0,0.0,0.0,0.0,10000.0
5760_dose_800_gradient_0_VconcST_0_Vconc_4_run_0.csv,5760.0,800.0,0,4.0,0.0,4.0,0,2.5,0.0,0.0,0.0,0.0,0.0,0.0,154.395
5760_dose_800_gradient_0_VconcST_0_Vconc_4_run_0.csv,5760.0,800.0,0,4.0,0.0,4.0,0,2.75,0.0,0.0,0.0,0.0,0.0,0.0,10000.0
5760_dose_800_gradient_0_VconcST_0_Vconc_4_run_0.csv,5760.0,800.0,0,4.0,0.0,4.0,0,3.0,0.0,0.0,0.0,0.0,0.0,0.0,151.175
5760_dose_800_gradient_0_VconcST_0_Vconc_4_run_0.csv,5760.0,800.0,0,4.0,0.0,4.0,0,3.25,0.0,0.0,0.0,0.0,0.0,0.0,10000.0
5760_dose_800_gradient_0_VconcST_0_Vconc_4_run_0.csv,5760.0,800.0,0,4.0,0.0,4.0,0,3.5,0.0,0.0,0.0,0.0,0.0,0.0,150.398
5760_dose_800_gradient_0_VconcST_0_Vconc_4_run_0.csv,5760.0,800.0,0,4.0,0.0,4.0,0,3.75,0.0,0.0,0.0,0.0,0.0,0.0,10000.0
5760_dose_800_gradient_0_VconcST_0_Vconc_4_run_0.csv,5760.0,800.0,0,4.0,0.0,4.0,0,4.0,0.0,0.0,0.0,0.0,0.0,0.0,4072.66
5760_dose_800_gradient_0_VconcST_0_Vconc_4_run_0.csv,5760.0,800.0,0,4.0,0.0,4.0,0,4.25,0.0,0.0,0.0,0.0,0.0,0.0,481.439
5760_dose_800_gradient_0_VconcST_0_Vconc_4_run_0.csv,5760.0,800.0,0,4.0,0.0,4.0,0,4.5,0.0,0.0,0.0,0.0,0.0,0.0,7143.71
5760_dose_800_gradient_0_VconcST_0_Vconc_4_run_0.csv,5760.0,800.0,0,4.0,0.0,4.0,0,4.75,0.0,0.0,0.0,0.0,0.0,0.0,486.262
5760_dose_800_gradient_0_VconcST_0_Vconc_4_run_0.csv,5760.0,800.0,0,4.0,0.0,4.0,0,5.0,0.0,0.0,0.0,0.0,0.0,0.0,8673.83
5760_dose_800_gradient_0_VconcST_0_Vconc_4_run_0.csv,5760.0,800.0,0,4.0,0.0,4.0,0,5.25,0.0,0.0,0.0,0.0,0.0,0.0,482.216
5760_dose_800_gradient_0_VconcST_0_Vconc_4_run_0.csv,5760.0,800.0,0,4.0,0.0,4.0,0,5.5,0.0,0.0,0.0,0.0,0.0,0.0,10000.0
5760_dose_800_gradient_0_VconcST_0_Vconc_4_run_0.csv,5760.0,800.0,0,4.0,0.0,4.0,0,5.75,0.0,0.0,0.0,0.0,0.0,0.0,440.734
5760_dose_800_gradient_0_VconcST_0_Vconc_4_run_0.csv,5760.0,800.0,0,4.0,0.0,4.0,0,6.0,0.0,0.0,0.0,0.0,0.0,0.0,10000.0
5760_dose_800_gradient_0_VconcST_0_Vconc_4_run_0.csv,5760.0,800.0,0,4.0,0.0,4.0,0,6.25,0.0,0.0,0.0,0.0,0.0,0.0,293.888
5760_dose_800_gradient_0_VconcST_0_Vconc_4_run_0.csv,5760.0,800.0,0,4.0,0.0,4.0,0,6.5,0.0,0.0,0.0,0.0,0.0,0.0,10000.0
5760_dose_800_gradient_0_VconcST_0_Vconc_4_run_0.csv,5760.0,800.0,0,4.0,0.0,4.0,0,6.75,0.0,0.0,0.0,0.0,0.0,0.0,221.228
5760_dose_800_gradient_0_VconcST_0_Vconc_4_run_0.csv,5760.0,800.0,0,4.0,0.0,4.0,0,7.0,0.0,0.0,0.0,0.0,0.0,0.0,10000.0
5760_dose_800_gradient_0_VconcST_0_Vconc_4_run_0.csv,5760.0,800.0,0,4.0,0.0,4.0,0,7.25,0.0,0.0,0.0,0.0,0.0,0.0,193.458
5760_dose_800_gradient_0_VconcST_0_Vconc_4_run_0.csv,5760.0,800.0,0,4.0,0.0,4.0,0,7.5,0.0,0.0,0.0,0.0,0.000716146,0.0,10000.0
5760_dose_800_gradient_0_VconcST_0_Vconc_4_run_0.csv,5760.0,800.0,0,4.0,0.0,4.0,0,7.75,0.0,0.0,0.0,0.0,0.0,0.0,182.141
5760_dose_800_gradient_0_VconcST_0_Vconc_4_run_0.csv,5760.0,800.0,0,4.0,0.0,4.0,0,8.0,0.0,0.0,0.0,0.0,0.0,0.0,10000.0
5760_dose_800_gradient_0_VconcST_0_Vconc_4_run_0.csv,5760.0,800.0,0,4.0,0.0,4.0,0,8.25,0.0,0.0,0.0,0.0,0.0,0.0,168.285
5760_dose_800_gradient_0_VconcST_0_Vconc_4_run_0.csv,5760.0,800.0,0,4.0,0.0,4.0,0,8.5,0.0,0.0,0.0,0.0,0.0,0.0,10000.0
5760_dose_800_gradient_0_VconcST_0_Vconc_4_run_0.csv,5760.0,800.0,0,4.0,0.0,4.0,0,8.75,0.0,0.0,0.0,0.0,0.0,0.0,161.946
5760_dose_800_gradient_0_VconcST_0_Vconc_4_run_0.csv,5760.0,800.0,0,4.0,0.0,4.0,0,9.0,0.0,0.0,0.0,0.0,0.0,0.0,10000.0
5760_dose_800_gradient_0_VconcST_0_Vconc_4_run_0.csv,5760.0,800.0,0,4.0,0.0,4.0,0,9.25,0.0,0.0,0.0,0.0,0.0,0.0,159.281
5760_dose_800_gradient_0_VconcST_0_Vconc_4_run_0.csv,5760.0,800.0,0,4.0,0.0,4.0,0,9.5,0.0,0.0,0.0,0.0,0.0,0.0,10000.0
5760_dose_800_gradient_0_VconcST_0_Vconc_4_run_0.csv,5760.0,800.0,0,4.0,0.0,4.0,0,9.75,0.0,0.0,0.0,0.0,0.0,0.0,155.153
5760_dose_800_gradient_0_VconcST_0_Vconc_4_run_0.csv,5760.0,800.0,0,4.0,0.0,4.0,0,10.0,0.0,0.0,0.0,0.0,0.0,0.0,10000.0
5760_dose_800_gradient_0_VconcST_0_Vconc_4_run_0.csv,5760.0,800.0,0,4.0,0.0,4.0,0,10.25,0.0,0.0,0.0,0.0,0.0,0.0,151.73
5760_dose_800_gradient_0_VconcST_0_Vconc_4_run_0.csv,5760.0,800.0,0,4.0,0.0,4.0,0,10.5,0.0,0.0,0.0,0.0,0.0,0.0,10000.0
5760_dose_800_gradient_0_VconcST_0_Vconc_4_run_0.csv,5760.0,800.0,0,4.0,0.0,4.0,0,10.75,0.0,0.0,0.0,0.0,0.0,0.0,153.941
5760_dose_800_gradient_0_VconcST_0_Vconc_4_run_0.csv,5760.0,800.0,0,4.0,0.0,4.0,0,11.0,0.0,0.0,0.0,0.0,0.0,0.0,10000.0
5760_dose_800_gradient_0_VconcST_0_Vconc_4_run_0.csv,5760.0,800.0,0,4.0,0.0,4.0,0,11.25,0.0,0.0,0.0,0.0,0.0,0.0,2878.24
5760_dose_800_gradient_0_VconcST_0_Vconc_4_run_0.csv,5760.0,800.0,0,4.0,0.0,4.0,0,11.5,0.0,0.0,0.0,0.0,0.0,0.0,877.431
5760_dose_800_gradient_0_VconcST_0_Vconc_4_run_0.csv,5760.0,800.0,0,4.0,0.0,4.0,0,11.75,0.0,0.0,0.0,0.0,0.0,0.0,6904.54
5760_dose_800_gradient_0_VconcST_0_Vconc_4_run_0.csv,5760.0,800.0,0,4.0,0.0,4.0,0,12.0,0.0,0.0,0.0,0.0,0.0,0.0,490.525
5760_dose_800_gradient_0_VconcST_0_Vconc_4_run_0.csv,5760.0,800.0,0,4.0,0.0,4.0,0,12.25,0.0,0.0,0.0,0.0,0.0,0.0,8370.42
5760_dose_800_gradient_0_VconcST_0_Vconc_4_run_0.csv,5760.0,800.0,0,4.0,0.0,4.0,0,12.5,0.0,0.0,0.0,0.0,0.0,0.0,477.012
5760_dose_800_gradient_0_VconcST_0_Vconc_4_run_0.csv,5760.0,800.0,0,4.0,0.0,4.0,0,12.75,0.0,0.0,0.0,0.0,0.0,0.0,9467.32
5760_dose_800_gradient_0_VconcST_0_Vconc_4_run_0.csv,5760.0,800.0,0,4.0,0.0,4.0,0,13.0,0.0,0.0,0.0,0.0,0.0,0.0,460.442
5760_dose_800_gradient_0_VconcST_0_Vconc_4_run_0.csv,5760.0,800.0,0,4.0,0.0,4.0,0,13.25,0.0,0.0,0.0,0.0,0.0,0.0,10000.0
5760_dose_800_gradient_0_VconcST_0_Vconc_4_run_0.csv,5760.0,800.0,0,4.0,0.0,4.0,0,13.5,0.0,0.0,0.0,0.0,0.0,0.0,348.178
5760_dose_800_gradient_0_VconcST_0_Vconc_4_run_0.csv,5760.0,800.0,0,4.0,0.0,4.0,0,13.75,0.0,0.0,0.0,0.0,0.0,0.0,10000.0
5760_dose_800_gradient_0_VconcST_0_Vconc_4_run_0.csv,5760.0,800.0,0,4.0,0.0,4.0,0,14.0,0.0,0.0,0.0,0.0,0.0,0.0,214.59
5760_dose_800_gradient_0_VconcST_0_Vconc_4_run_0.csv,5760.0,800.0,0,4.0,0.0,4.0,0,14.25,0.0,0.0,0.0,0.0,0.0,0.0,10000.0
5760_dose_800_gradient_0_VconcST_0_Vconc_4_run_0.csv,5760.0,800.0,0,4.0,0.0,4.0,0,14.5,0.0,0.0,0.0,0.0,0.0,0.0,206.479
5760_dose_800_gradient_0_VconcST_0_Vconc_4_run_0.csv,5760.0,800.0,0,4.0,0.0,4.0,0,14.75,0.0,0.0,0.0,0.0,0.0,0.0,10000.0
5760_dose_800_gradient_0_VconcST_0_Vconc_4_run_0.csv,5760.0,800.0,0,4.0,0.0,4.0,0,15.0,0.0,0.0,0.0,0.0,0.0,0.0,199.483
5760_dose_800_gradient_0_VconcST_0_Vconc_4_run_0.csv,5760.0,800.0,0,4.0,0.0,4.0,0,15.25,0.0,0.0,0.0,0.0,0.0,0.0,10000.0
5760_dose_800_gradient_0_VconcST_0_Vconc_4_run_0.csv,5760.0,800.0,0,4.0,0.0,4.0,0,15.5,0.0,0.0,0.0,0.0,0.0,0.0,183.86
5760_dose_800_gradient_0_VconcST_0_Vconc_4_run_0.csv,5760.0,800.0,0,4.0,0.0,4.0,0,15.75,0.0,0.0,0.0,0.0,0.0,0.0,10000.0
5760_dose_800_gradient_0_VconcST_0_Vconc_4_run_0.csv,5760.0,800.0,0,4.0,0.0,4.0,0,16.0,0.0,0.0,0.0,0.0,0.0,0.0,167.02
5760_dose_800_gradient_0_VconcST_0_Vconc_4_run_0.csv,5760.0,800.0,0,4.0,0.0,4.0,0,16.25,0.0,0.0,0.0,0.0,0.0,0.0,10000.0
5760_dose_800_gradient_0_VconcST_0_Vconc_4_run_0.csv,5760.0,800.0,0,4.0,0.0,4.0,0,16.5,0.0,0.0,0.0,0.0,0.0,0.0,154.632
5760_dose_800_gradient_0_VconcST_0_Vconc_4_run_0.csv,5760.0,800.0,0,4.0,0.0,4.0,0,16.75,0.0,0.0,0.0,0.0,0.0,0.0,10000.0
5760_dose_800_gradient_0_VconcST_0_Vconc_4_run_0.csv,5760.0,800.0,0,4.0,0.0,4.0,0,17.0,0.0,0.0,0.0,0.0,0.00158637,0.0,156.095
5760_dose_800_gradient_0_VconcST_0_Vconc_4_run_0.csv,5760.0,800.0,0,4.0,0.0,4.0,0,17.25,0.0,0.0,0.0,0.0,0.0,0.0,10000.0
5760_dose_800_gradient_0_VconcST_0_Vconc_4_run_0.csv,5760.0,800.0,0,4.0,0.0,4.0,0,17.5,0.0,0.0,0.0,0.0,0.0,0.0,153.517
5760_dose_800_gradient_0_VconcST_0_Vconc_4_run_0.csv,5760.0,800.0,0,4.0,0.0,4.0,0,17.75,0.0,0.0,0.0,0.0,0.0,0.0,10000.0
5760_dose_800_gradient_0_VconcST_0_Vconc_4_run_0.csv,5760.0,800.0,0,4.0,0.0,4.0,0,18.0,0.0,0.0,0.0,0.0,0.0,0.0,148.732
5760_dose_800_gradient_0_VconcST_0_Vconc_4_run_0.csv,5760.0,800.0,0,4.0,0.0,4.0,0,18.25,0.0,0.0,0.0,0.0,0.0,0.0,10000.0
5760_dose_800_gradient_0_VconcST_0_Vconc_4_run_0.csv,5760.0,800.0,0,4.0,0.0,4.0,0,18.5,0.0,0.0,0.0,0.0,0.0,0.0,1389.0
5760_dose_800_gradient_0_VconcST_0_Vconc_4_run_0.csv,5760.0,800.0,0,4.0,0.0,4.0,0,18.75,0.0,0.0,0.0,0.0,0.0,0.0,5240.17
5760_dose_800_gradient_0_VconcST_0_Vconc_4_run_0.csv,5760.0,800.0,0,4.0,0.0,4.0,0,19.0,0.0,0.0,0.0,0.0,0.0,0.0,6291.37
5760_dose_800_gradient_0_VconcST_0_Vconc_4_run_0.csv,5760.0,800.0,0,4.0,0.0,4.0,0,19.25,0.0,0.0,0.0,0.0,0.0,0.0,484.78
5760_dose_800_gradient_0_VconcST_0_Vconc_4_run_0.csv,5760.0,800.0,0,4.0,0.0,4.0,0,19.5,0.0,0.0,0.0,0.0,0.0,0.0,8187.87
5760_dose_800_gradient_0_VconcST_0_Vconc_4_run_0.csv,5760.0,800.0,0,4.0,0.0,4.0,0,19.75,0.0,0.0,0.0,0.0,0.0,0.0,481.27
5760_dose_800_gradient_0_VconcST_0_Vconc_4_run_0.csv,5760.0,800.0,0,4.0,0.0,4.0,0,20.0,0.0,0.0,0.0,0.0,0.0,0.0,8755.14
5760_dose_800_gradient_0_VconcST_0_Vconc_4_run_0.csv,5760.0,800.0,0,4.0,0.0,4.0,0,20.25,0.0,0.0,0.0,0.0,0.0,0.0,470.156
5760_dose_800_gradient_0_VconcST_0_Vconc_4_run_0.csv,5760.0,800.0,0,4.0,0.0,4.0,0,20.5,0.0,0.0,0.0,0.0,0.0,0.0,10000.0
5760_dose_800_gradient_0_VconcST_0_Vconc_4_run_0.csv,5760.0,800.0,0,4.0,0.0,4.0,0,20.75,0.0,0.0,0.0,0.0,0.0,0.0,388.149
5760_dose_800_gradient_0_VconcST_0_Vconc_4_run_0.csv,5760.0,800.0,0,4.0,0.0,4.0,0,21.0,0.0,0.0,0.0,0.0,0.0,0.0,10000.0
5760_dose_800_gradient_0_VconcST_0_Vconc_4_run_0.csv,5760.0,800.0,0,4.0,0.0,4.0,0,21.25,0.0,0.0,0.0,0.0,0.0,0.0,294.168
5760_dose_800_gradient_0_VconcST_0_Vconc_4_run_0.csv,5760.0,800.0,0,4.0,0.0,4.0,0,21.5,0.0,0.0,0.0,0.0,0.0,0.0,10000.0
5760_dose_800_gradient_0_VconcST_0_Vconc_4_run_0.csv,5760.0,800.0,0,4.0,0.0,4.0,0,21.75,0.0,0.0,0.0,0.0,0.0,0.0,232.569
5760_dose_800_gradient_0_VconcST_0_Vconc_4_run_0.csv,5760.0,800.0,0,4.0,0.0,4.0,0,22.0,0.0,0.0,0.0,0.0,0.0,0.0,10000.0
5760_dose_800_gradient_0_VconcST_0_Vconc_4_run_0.csv,5760.0,800.0,0,4.0,0.0,4.0,0,22.25,0.0,0.0,0.0,0.0,0.0,0.0,190.006
5760_dose_800_gradient_0_VconcST_0_Vconc_4_run_0.csv,5760.0,800.0,0,4.0,0.0,4.0,0,22.5,0.0,0.0,0.0,0.0,0.00465495,0.0,10000.0
5760_dose_800_gradient_0_VconcST_0_Vconc_4_run_0.csv,5760.0,800.0,0,4.0,0.0,4.0,0,22.75,0.0,0.0,0.0,0.0,0.0,0.0,176.483
5760_dose_800_gradient_0_VconcST_0_Vconc_4_run_0.csv,5760.0,800.0,0,4.0,0.0,4.0,0,23.0,0.0,0.0,0.0,0.0,0.0,0.0,10000.0
5760_dose_800_gradient_0_VconcST_0_Vconc_4_run_0.csv,5760.0,800.0,0,4.0,0.0,4.0,0,23.25,0.0,0.0,0.0,0.0,0.0,0.0,170.327
5760_dose_800_gradient_0_VconcST_0_Vconc_4_run_0.csv,5760.0,800.0,0,4.0,0.0,4.0,0,23.5,0.0,0.0,0.0,0.0,0.0,0.0,10000.0
5760_dose_800_gradient_0_VconcST_0_Vconc_4_run_0.csv,5760.0,800.0,0,4.0,0.0,4.0,0,23.75,0.0,0.0,0.0,0.0,0.0,0.0,159.373
5760_dose_800_gradient_0_VconcST_0_Vconc_4_run_0.csv,5760.0,800.0,0,4.0,0.0,4.0,0,24.0,62.29,800.0,0.02426,62.29,0.0,0.0,10000.0
5760_dose_800_gradient_0_VconcST_0_Vconc_4_run_0.csv,5760.0,800.0,0,4.0,0.0,4.0,0,24.25,3754.75,784.145,1.46236,3754.75,0.0,0.999946,0.0138818
5760_dose_800_gradient_0_VconcST_0_Vconc_4_run_0.csv,5760.0,800.0,0,4.0,0.0,4.0,0,24.5,7360.03,768.604,2.8665,7360.03,0.0,0.999973,0.225357
5760_dose_800_gradient_0_VconcST_0_Vconc_4_run_0.csv,5760.0,800.0,0,4.0,0.0,4.0,0,24.75,10879.9,753.371,4.23739,10879.9,0.0,0.999982,0.137753
5760_dose_800_gradient_0_VconcST_0_Vconc_4_run_0.csv,5760.0,800.0,0,4.0,0.0,4.0,0,25.0,14316.1,738.44,5.57569,14316.1,0.0,0.999986,0.0998865
5760_dose_800_gradient_0_VconcST_0_Vconc_4_run_0.csv,5760.0,800.0,0,4.0,0.0,4.0,0,25.25,17670.4,723.805,6.88207,17670.4,0.0,0.999989,0.0789319
5760_dose_800_gradient_0_VconcST_0_Vconc_4_run_0.csv,5760.0,800.0,0,4.0,0.0,4.0,0,25.5,20944.4,709.46,8.15719,20944.4,0.0,0.99999,0.0652102
5760_dose_800_gradient_0_VconcST_0_Vconc_4_run_0.csv,5760.0,800.0,0,4.0,0.0,4.0,0,25.75,24139.7,695.4,9.40168,24139.7,0.0,0.999992,0.0558205
5760_dose_800_gradient_0_VconcST_0_Vconc_4_run_0.csv,5760.0,800.0,0,4.0,0.0,4.0,0,26.0,27258.1,681.618,10.6162,27258.1,0.0,0.999993,0.0490664
5760_dose_800_gradient_0_VconcST_0_Vconc_4_run_0.csv,5760.0,800.0,0,4.0,0.0,4.0,0,26.25,30301.0,668.109,11.8013,30301.0,0.0,0.999993,0.0438132
5760_dose_800_gradient_0_VconcST_0_Vconc_4_run_0.csv,5760.0,800.0,0,4.0,0.0,4.0,0,26.5,33270.0,654.868,12.9576,33270.0,0.0,0.999994,0.0396864
5760_dose_800_gradient_0_VconcST_0_Vconc_4_run_0.csv,5760.0,800.0,0,4.0,0.0,4.0,0,26.75,36166.6,641.889,14.0858,36166.6,0.0,0.999994,0.0362302
5760_dose_800_gradient_0_VconcST_0_Vconc_4_run_0.csv,5760.0,800.0,0,4.0,0.0,4.0,0,27.0,38992.4,629.168,15.1863,38992.4,0.0,0.999995,0.0335778
5760_dose_800_gradient_0_VconcST_0_Vconc_4_run_0.csv,5760.0,800.0,0,4.0,0.0,4.0,0,27.25,41748.7,616.698,16.2598,41748.7,0.0,0.999995,0.0312866
5760_dose_800_gradient_0_VconcST_0_Vconc_4_run_0.csv,5760.0,800.0,0,4.0,0.0,4.0,0,27.5,44437.0,604.476,17.3068,44437.0,0.0,0.999996,0.0291045
5760_dose_800_gradient_0_VconcST_0_Vconc_4_run_0.csv,5760.0,800.0,0,4.0,0.0,4.0,0,27.75,47058.6,592.496,18.3279,47058.6,0.0,0.999996,0.0275336
5760_dose_800_gradient_0_VconcST_0_Vconc_4_run_0.csv,5760.0,800.0,0,4.0,0.0,4.0,0,28.0,49615.1,580.753,19.3235,49615.1,0.0,0.999996,0.0260918
5760_dose_800_gradient_0_VconcST_0_Vconc_4_run_0.csv,5760.0,800.0,0,4.0,0.0,4.0,0,28.25,52107.7,569.244,20.2943,52107.7,0.0,0.999996,0.0249242
5760_dose_800_gradient_0_VconcST_0_Vconc_4_run_0.csv,5760.0,800.0,0,4.0,0.0,4.0,0,28.5,54537.6,557.962,21.2407,54537.6,0.0,0.999996,0.023762
5760_dose_800_gradient_0_VconcST_0_Vconc_4_run_0.csv,5760.0,800.0,0,4.0,0.0,4.0,0,28.75,56906.3,546.904,22.1632,56906.3,0.0,0.999996,0.0226171
5760_dose_800_gradient_0_VconcST_0_Vconc_4_run_0.csv,5760.0,800.0,0,4.0,0.0,4.0,0,29.0,59214.9,536.065,23.0624,59214.9,0.0,0.999997,0.0218631
5760_dose_800_gradient_0_VconcST_0_Vconc_4_run_0.csv,5760.0,800.0,0,4.0,0.0,4.0,0,29.25,61464.8,525.441,23.9386,61464.8,0.0,0.999997,0.0207621
5760_dose_800_gradient_0_VconcST_0_Vconc_4_run_0.csv,5760.0,800.0,0,4.0,0.0,4.0,0,29.5,63657.1,515.027,24.7925,63657.1,0.0,0.999997,0.0199783
5760_dose_800_gradient_0_VconcST_0_Vconc_4_run_0.csv,5760.0,800.0,0,4.0,0.0,4.0,0,29.75,65793.0,504.82,25.6243,65793.0,0.0,0.999997,0.019651
5760_dose_800_gradient_0_VconcST_0_Vconc_4_run_0.csv,5760.0,800.0,0,4.0,0.0,4.0,0,30.0,67873.7,494.815,26.4347,67873.7,0.0,0.999997,0.0192786
5760_dose_800_gradient_0_VconcST_0_Vconc_4_run_0.csv,5760.0,800.0,0,4.0,0.0,4.0,0,30.25,69900.4,485.009,27.224,69900.4,0.0,0.999997,0.0185101
5760_dose_800_gradient_0_VconcST_0_Vconc_4_run_0.csv,5760.0,800.0,0,4.0,0.0,4.0,0,30.5,71874.0,475.396,27.9927,71874.0,0.0,0.999997,0.0181267
5760_dose_800_gradient_0_VconcST_0_Vconc_4_run_0.csv,5760.0,800.0,0,4.0,0.0,4.0,0,30.75,73795.9,465.974,28.7412,73795.9,0.0,0.999997,0.0177385
5760_dose_800_gradient_0_VconcST_0_Vconc_4_run_0.csv,5760.0,800.0,0,4.0,0.0,4.0,0,31.0,75667.0,456.739,29.4699,75667.0,0.0,0.999997,0.0173397
5760_dose_800_gradient_0_VconcST_0_Vconc_4_run_0.csv,5760.0,800.0,0,4.0,0.0,4.0,0,31.25,77488.3,447.687,30.1793,77488.3,0.0,0.999997,0.0166092
5760_dose_800_gradient_0_VconcST_0_Vconc_4_run_0.csv,5760.0,800.0,0,4.0,0.0,4.0,0,31.5,79260.9,438.815,30.8697,79260.9,0.0,0.999997,0.0162088
5760_dose_800_gradient_0_VconcST_0_Vconc_4_run_0.csv,5760.0,800.0,0,4.0,0.0,4.0,0,31.75,80985.9,430.118,31.5415,80985.9,0.0,0.999997,0.0162436
5760_dose_800_gradient_0_VconcST_0_Vconc_4_run_0.csv,5760.0,800.0,0,4.0,0.0,4.0,0,32.0,82664.2,421.593,32.1951,82664.2,0.0,0.999998,0.015832
5760_dose_800_gradient_0_VconcST_0_Vconc_4_run_0.csv,5760.0,800.0,0,4.0,0.0,4.0,0,32.25,84296.8,413.238,32.831,84296.8,0.0,0.999998,0.0154827
5760_dose_800_gradient_0_VconcST_0_Vconc_4_run_0.csv,5760.0,800.0,0,4.0,0.0,4.0,0,32.5,85884.6,405.048,33.4494,85884.6,0.0,0.999998,0.0151023
5760_dose_800_gradient_0_VconcST_0_Vconc_4_run_0.csv,5760.0,800.0,0,4.0,0.0,4.0,0,32.75,87428.5,397.021,34.0507,87428.5,0.0,0.999998,0.0147636
5760_dose_800_gradient_0_VconcST_0_Vconc_4_run_0.csv,5760.0,800.0,0,4.0,0.0,4.0,0,33.0,88929.6,389.152,34.6353,88929.6,0.0,0.999998,0.0147161
5760_dose_800_gradient_0_VconcST_0_Vconc_4_run_0.csv,5760.0,800.0,0,4.0,0.0,4.0,0,33.25,90388.7,381.44,35.2036,90388.7,0.0,0.999998,0.0143443
5760_dose_800_gradient_0_VconcST_0_Vconc_4_run_0.csv,5760.0,800.0,0,4.0,0.0,4.0,0,33.5,91806.5,373.88,35.7558,91806.5,0.0,0.999998,0.0139608
5760_dose_800_gradient_0_VconcST_0_Vconc_4_run_0.csv,5760.0,800.0,0,4.0,0.0,4.0,0,33.75,93184.2,366.47,36.2923,93184.2,0.0,0.999998,0.013957
5760_dose_800_gradient_0_VconcST_0_Vconc_4_run_0.csv,5760.0,800.0,0,4.0,0.0,4.0,0,34.0,94522.4,359.207,36.8135,94522.4,0.0,0.999998,0.0136151
5760_dose_800_gradient_0_VconcST_0_Vconc_4_run_0.csv,5760.0,800.0,0,4.0,0.0,4.0,0,34.25,95822.0,352.088,37.3197,95822.0,0.0,0.999998,0.0135898
5760_dose_800_gradient_0_VconcST_0_Vconc_4_run_0.csv,5760.0,800.0,0,4.0,0.0,4.0,0,34.5,97083.9,345.11,37.8112,97083.9,0.0,0.999998,0.0132239
5760_dose_800_gradient_0_VconcST_0_Vconc_4_run_0.csv,5760.0,800.0,0,4.0,0.0,4.0,0,34.75,98308.7,338.27,38.2882,98308.7,0.0,0.999998,0.0132012
5760_dose_800_gradient_0_VconcST_0_Vconc_4_run_0.csv,5760.0,800.0,0,4.0,0.0,4.0,0,35.0,99497.4,331.566,38.7511,99497.4,0.0,0.999998,0.0128267
5760_dose_800_gradient_0_VconcST_0_Vconc_4_run_0.csv,5760.0,800.0,0,4.0,0.0,4.0,0,35.25,100651.0,324.995,39.2003,100651.0,0.0,0.999998,0.012824
5760_dose_800_gradient_0_VconcST_0_Vconc_4_run_0.csv,5760.0,800.0,0,4.0,0.0,4.0,0,35.5,101769.0,318.554,39.6359,101769.0,0.0,0.999998,0.0128254
5760_dose_800_gradient_0_VconcST_0_Vconc_4_run_0.csv,5760.0,800.0,0,4.0,0.0,4.0,0,35.75,102854.0,312.241,40.0583,102854.0,0.0,0.999998,0.0124455
5760_dose_800_gradient_0_VconcST_0_Vconc_4_run_0.csv,5760.0,800.0,0,4.0,0.0,4.0,0,36.0,103905.0,306.052,40.4677,103905.0,0.0,0.999998,0.0124394
5760_dose_800_gradient_0_VconcST_0_Vconc_4_run_0.csv,5760.0,800.0,0,4.0,0.0,4.0,0,36.25,104924.0,299.987,40.8645,104924.0,0.0,0.999998,0.0124394
5760_dose_800_gradient_0_VconcST_0_Vconc_4_run_0.csv,5760.0,800.0,0,4.0,0.0,4.0,0,36.5,105910.0,294.041,41.2488,105910.0,0.0,0.999998,0.0120624
5760_dose_800_gradient_0_VconcST_0_Vconc_4_run_0.csv,5760.0,800.0,0,4.0,0.0,4.0,0,36.75,106866.0,288.214,41.621,106866.0,0.0,0.999998,0.0120624
5760_dose_800_gradient_0_VconcST_0_Vconc_4_run_0.csv,5760.0,800.0,0,4.0,0.0,4.0,0,37.0,107791.0,282.502,41.9813,107791.0,0.0,0.999998,0.0120807
5760_dose_800_gradient_0_VconcST_0_Vconc_4_run_0.csv,5760.0,800.0,0,4.0,0.0,4.0,0,37.25,108687.0,276.903,42.33,108687.0,0.0,0.999998,0.0116855
5760_dose_800_gradient_0_VconcST_0_Vconc_4_run_0.csv,5760.0,800.0,0,4.0,0.0,4.0,0,37.5,109553.0,271.414,42.6673,109553.0,0.0,0.999998,0.011695
5760_dose_800_gradient_0_VconcST_0_Vconc_4_run_0.csv,5760.0,800.0,0,4.0,0.0,4.0,0,37.75,110390.0,266.035,42.9935,110390.0,0.0,0.999998,0.0117077
5760_dose_800_gradient_0_VconcST_0_Vconc_4_run_0.csv,5760.0,800.0,0,4.0,0.0,4.0,0,38.0,111199.0,260.763,43.3087,111199.0,0.0,0.999998,0.0117048
5760_dose_800_gradient_0_VconcST_0_Vconc_4_run_0.csv,5760.0,800.0,0,4.0,0.0,4.0,0,38.25,111981.0,255.595,43.6133,111981.0,0.0,0.999998,0.0116913
5760_dose_800_gradient_0_VconcST_0_Vconc_4_run_0.csv,5760.0,800.0,0,4.0,0.0,4.0,0,38.5,112737.0,250.529,43.9074,112737.0,0.0,0.999998,0.0113416
5760_dose_800_gradient_0_VconcST_0_Vconc_4_run_0.csv,5760.0,800.0,0,4.0,0.0,4.0,0,38.75,113465.0,245.564,44.1913,113465.0,0.0,0.999998,0.0113213
5760_dose_800_gradient_0_VconcST_0_Vconc_4_run_0.csv,5760.0,800.0,0,4.0,0.0,4.0,0,39.0,114169.0,240.697,44.4652,114169.0,0.0,0.999998,0.0113515
5760_dose_800_gradient_0_VconcST_0_Vconc_4_run_0.csv,5760.0,800.0,0,4.0,0.0,4.0,0,39.25,114847.0,235.927,44.7293,114847.0,0.0,0.999998,0.0113086
5760_dose_800_gradient_0_VconcST_0_Vconc_4_run_0.csv,5760.0,800.0,0,4.0,0.0,4.0,0,39.5,115500.0,231.251,44.9838,115500.0,0.0,0.999998,0.0113372
5760_dose_800_gradient_0_VconcST_0_Vconc_4_run_0.csv,5760.0,800.0,0,4.0,0.0,4.0,0,39.75,116130.0,226.668,45.229,116130.0,0.0,0.999998,0.0109416
5760_dose_800_gradient_0_VconcST_0_Vconc_4_run_0.csv,5760.0,800.0,0,4.0,0.0,4.0,0,40.0,116736.0,222.176,45.465,116736.0,0.0,0.999998,0.0109469
5760_dose_800_gradient_0_VconcST_0_Vconc_4_run_0.csv,5760.0,800.0,0,4.0,0.0,4.0,0,40.25,117319.0,217.772,45.692,117319.0,0.0,0.999998,0.0109316
5760_dose_800_gradient_0_VconcST_0_Vconc_4_run_0.csv,5760.0,800.0,0,4.0,0.0,4.0,0,40.5,117879.0,213.456,45.9102,117879.0,0.0,0.999998,0.0109592
5760_dose_800_gradient_0_VconcST_0_Vconc_4_run_0.csv,5760.0,800.0,0,4.0,0.0,4.0,0,40.75,118417.0,209.226,46.1199,118417.0,0.0,0.999998,0.010945
5760_dose_800_gradient_0_VconcST_0_Vconc_4_run_0.csv,5760.0,800.0,0,4.0,0.0,4.0,0,41.0,118934.0,205.079,46.3211,118934.0,0.0,0.999998,0.0109696
5760_dose_800_gradient_0_VconcST_0_Vconc_4_run_0.csv,5760.0,800.0,0,4.0,0.0,4.0,0,41.25,119430.0,201.015,46.5142,119430.0,0.0,0.999998,0.0109416
5760_dose_800_gradient_0_VconcST_0_Vconc_4_run_0.csv,5760.0,800.0,0,4.0,0.0,4.0,0,41.5,119905.0,197.031,46.6992,119905.0,0.0,0.999998,0.0105643
5760_dose_800_gradient_0_VconcST_0_Vconc_4_run_1.csv,5760.0,800.0,0,4.0,0.0,4.0,1,0.0,0.0,0.0,0.0,0.0,0.0,0.0,0.0
5760_dose_800_gradient_0_VconcST_0_Vconc_4_run_1.csv,5760.0,800.0,0,4.0,0.0,4.0,1,0.25,0.0,0.0,0.0,0.0,0.0,0.0,10000.0
5760_dose_800_gradient_0_VconcST_0_Vconc_4_run_1.csv,5760.0,800.0,0,4.0,0.0,4.0,1,0.5,0.0,0.0,0.0,0.0,0.0,0.0,189.016
5760_dose_800_gradient_0_VconcST_0_Vconc_4_run_1.csv,5760.0,800.0,0,4.0,0.0,4.0,1,0.75,0.0,0.0,0.0,0.0,0.0,0.0,10000.0
5760_dose_800_gradient_0_VconcST_0_Vconc_4_run_1.csv,5760.0,800.0,0,4.0,0.0,4.0,1,1.0,0.0,0.0,0.0,0.0,0.0,0.0,161.193
5760_dose_800_gradient_0_VconcST_0_Vconc_4_run_1.csv,5760.0,800.0,0,4.0,0.0,4.0,1,1.25,0.0,0.0,0.0,0.0,0.0,0.0,10000.0
5760_dose_800_gradient_0_VconcST_0_Vconc_4_run_1.csv,5760.0,800.0,0,4.0,0.0,4.0,1,1.5,0.0,0.0,0.0,0.0,0.0,0.0,160.16
5760_dose_800_gradient_0_VconcST_0_Vconc_4_run_1.csv,5760.0,800.0,0,4.0,0.0,4.0,1,1.75,0.0,0.0,0.0,0.0,0.0,0.0,10000.0
5760_dose_800_gradient_0_VconcST_0_Vconc_4_run_1.csv,5760.0,800.0,0,4.0,0.0,4.0,1,2.0,0.0,0.0,0.0,0.0,0.000479601,0.0,156.92
5760_dose_800_gradient_0_VconcST_0_Vconc_4_run_1.csv,5760.0,800.0,0,4.0,0.0,4.0,1,2.25,0.0,0.0,0.0,0.0,0.0,0.0,10000.0
5760_dose_800_gradient_0_VconcST_0_Vconc_4_run_1.csv,5760.0,800.0,0,4.0,0.0,4.0,1,2.5,0.0,0.0,0.0,0.0,0.0,0.0,156.824
5760_dose_800_gradient_0_VconcST_0_Vconc_4_run_1.csv,5760.0,800.0,0,4.0,0.0,4.0,1,2.75,0.0,0.0,0.0,0.0,0.0,0.0,10000.0
5760_dose_800_gradient_0_VconcST_0_Vconc_4_run_1.csv,5760.0,800.0,0,4.0,0.0,4.0,1,3.0,0.0,0.0,0.0,0.0,0.0,0.0,151.093
5760_dose_800_gradient_0_VconcST_0_Vconc_4_run_1.csv,5760.0,800.0,0,4.0,0.0,4.0,1,3.25,0.0,0.0,0.0,0.0,0.0,0.0,10000.0
5760_dose_800_gradient_0_VconcST_0_Vconc_4_run_1.csv,5760.0,800.0,0,4.0,0.0,4.0,1,3.5,0.0,0.0,0.0,0.0,0.0,0.0,152.107
5760_dose_800_gradient_0_VconcST_0_Vconc_4_run_1.csv,5760.0,800.0,0,4.0,0.0,4.0,1,3.75,0.0,0.0,0.0,0.0,0.0,0.0,10000.0
5760_dose_800_gradient_0_VconcST_0_Vconc_4_run_1.csv,5760.0,800.0,0,4.0,0.0,4.0,1,4.0,0.0,0.0,0.0,0.0,0.0,0.0,2871.15
5760_dose_800_gradient_0_VconcST_0_Vconc_4_run_1.csv,5760.0,800.0,0,4.0,0.0,4.0,1,4.25,0.0,0.0,0.0,0.0,0.0,0.0,490.1
5760_dose_800_gradient_0_VconcST_0_Vconc_4_run_1.csv,5760.0,800.0,0,4.0,0.0,4.0,1,4.5,0.0,0.0,0.0,0.0,0.0,0.0,6804.0
5760_dose_800_gradient_0_VconcST_0_Vconc_4_run_1.csv,5760.0,800.0,0,4.0,0.0,4.0,1,4.75,0.0,0.0,0.0,0.0,0.0,0.0,482.81
5760_dose_800_gradient_0_VconcST_0_Vconc_4_run_1.csv,5760.0,800.0,0,4.0,0.0,4.0,1,5.0,0.0,0.0,0.0,0.0,0.0,0.0,8511.76
5760_dose_800_gradient_0_VconcST_0_Vconc_4_run_1.csv,5760.0,800.0,0,4.0,0.0,4.0,1,5.25,0.0,0.0,0.0,0.0,0.0,0.0,483.418
5760_dose_800_gradient_0_VconcST_0_Vconc_4_run_1.csv,5760.0,800.0,0,4.0,0.0,4.0,1,5.5,0.0,0.0,0.0,0.0,0.0,0.0,9863.28
5760_dose_800_gradient_0_VconcST_0_Vconc_4_run_1.csv,5760.0,800.0,0,4.0,0.0,4.0,1,5.75,0.0,0.0,0.0,0.0,0.0,0.0,458.921
5760_dose_800_gradient_0_VconcST_0_Vconc_4_run_1.csv,5760.0,800.0,0,4.0,0.0,4.0,1,6.0,0.0,0.0,0.0,0.0,0.0,0.0,10000.0
5760_dose_800_gradient_0_VconcST_0_Vconc_4_run_1.csv,5760.0,800.0,0,4.0,0.0,4.0,1,6.25,0.0,0.0,0.0,0.0,0.0,0.0,348.931
5760_dose_800_gradient_0_VconcST_0_Vconc_4_run_1.csv,5760.0,800.0,0,4.0,0.0,4.0,1,6.5,0.0,0.0,0.0,0.0,0.0,0.0,10000.0
5760_dose_800_gradient_0_VconcST_0_Vconc_4_run_1.csv,5760.0,800.0,0,4.0,0.0,4.0,1,6.75,0.0,0.0,0.0,0.0,0.0,0.0,246.483
5760_dose_800_gradient_0_VconcST_0_Vconc_4_run_1.csv,5760.0,800.0,0,4.0,0.0,4.0,1,7.0,0.0,0.0,0.0,0.0,0.0,0.0,10000.0
5760_dose_800_gradient_0_VconcST_0_Vconc_4_run_1.csv,5760.0,800.0,0,4.0,0.0,4.0,1,7.25,0.0,0.0,0.0,0.0,0.0,0.0,201.134
5760_dose_800_gradient_0_VconcST_0_Vconc_4_run_1.csv,5760.0,800.0,0,4.0,0.0,4.0,1,7.5,0.0,0.0,0.0,0.0,0.00220269,0.0,10000.0
5760_dose_800_gradient_0_VconcST_0_Vconc_4_run_1.csv,5760.0,800.0,0,4.0,0.0,4.0,1,7.75,0.0,0.0,0.0,0.0,0.0,0.0,198.31
5760_dose_800_gradient_0_VconcST_0_Vconc_4_run_1.csv,5760.0,800.0,0,4.0,0.0,4.0,1,8.0,0.0,0.0,0.0,0.0,0.0,0.0,10000.0
5760_dose_800_gradient_0_VconcST_0_Vconc_4_run_1.csv,5760.0,800.0,0,4.0,0.0,4.0,1,8.25,0.0,0.0,0.0,0.0,0.0,0.0,184.232
5760_dose_800_gradient_0_VconcST_0_Vconc_4_run_1.csv,5760.0,800.0,0,4.0,0.0,4.0,1,8.5,0.0,0.0,0.0,0.0,0.0,0.0,10000.0
5760_dose_800_gradient_0_VconcST_0_Vconc_4_run_1.csv,5760.0,800.0,0,4.0,0.0,4.0,1,8.75,0.0,0.0,0.0,0.0,0.0,0.0,161.27
5760_dose_800_gradient_0_VconcST_0_Vconc_4_run_1.csv,5760.0,800.0,0,4.0,0.0,4.0,1,9.0,0.0,0.0,0.0,0.0,0.0,0.0,10000.0
5760_dose_800_gradient_0_VconcST_0_Vconc_4_run_1.csv,5760.0,800.0,0,4.0,0.0,4.0,1,9.25,0.0,0.0,0.0,0.0,0.0,0.0,157.751
5760_dose_800_gradient_0_VconcST_0_Vconc_4_run_1.csv,5760.0,800.0,0,4.0,0.0,4.0,1,9.5,0.0,0.0,0.0,0.0,0.0,0.0,10000.0
5760_dose_800_gradient_0_VconcST_0_Vconc_4_run_1.csv,5760.0,800.0,0,4.0,0.0,4.0,1,9.75,0.0,0.0,0.0,0.0,0.0,0.0,154.941
5760_dose_800_gradient_0_VconcST_0_Vconc_4_run_1.csv,5760.0,800.0,0,4.0,0.0,4.0,1,10.0,0.0,0.0,0.0,0.0,0.0,0.0,10000.0
5760_dose_800_gradient_0_VconcST_0_Vconc_4_run_1.csv,5760.0,800.0,0,4.0,0.0,4.0,1,10.25,0.0,0.0,0.0,0.0,0.0,0.0,151.803
5760_dose_800_gradient_0_VconcST_0_Vconc_4_run_1.csv,5760.0,800.0,0,4.0,0.0,4.0,1,10.5,0.0,0.0,0.0,0.0,0.0,0.0,10000.0
5760_dose_800_gradient_0_VconcST_0_Vconc_4_run_1.csv,5760.0,800.0,0,4.0,0.0,4.0,1,10.75,0.0,0.0,0.0,0.0,0.0,0.0,153.541
5760_dose_800_gradient_0_VconcST_0_Vconc_4_run_1.csv,5760.0,800.0,0,4.0,0.0,4.0,1,11.0,0.0,0.0,0.0,0.0,0.0,0.0,10000.0
5760_dose_800_gradient_0_VconcST_0_Vconc_4_run_1.csv,5760.0,800.0,0,4.0,0.0,4.0,1,11.25,0.0,0.0,0.0,0.0,0.0,0.0,1507.58
5760_dose_800_gradient_0_VconcST_0_Vconc_4_run_1.csv,5760.0,800.0,0,4.0,0.0,4.0,1,11.5,0.0,0.0,0.0,0.0,0.0,0.0,5244.61
5760_dose_800_gradient_0_VconcST_0_Vconc_4_run_1.csv,5760.0,800.0,0,4.0,0.0,4.0,1,11.75,0.0,0.0,0.0,0.0,0.0,0.0,6388.37
5760_dose_800_gradient_0_VconcST_0_Vconc_4_run_1.csv,5760.0,800.0,0,4.0,0.0,4.0,1,12.0,0.0,0.0,0.0,0.0,0.0,0.0,480.082
5760_dose_800_gradient_0_VconcST_0_Vconc_4_run_1.csv,5760.0,800.0,0,4.0,0.0,4.0,1,12.25,0.0,0.0,0.0,0.0,0.0,0.0,7980.74
5760_dose_800_gradient_0_VconcST_0_Vconc_4_run_1.csv,5760.0,800.0,0,4.0,0.0,4.0,1,12.5,0.0,0.0,0.0,0.0,0.0,0.0,481.313
5760_dose_800_gradient_0_VconcST_0_Vconc_4_run_1.csv,5760.0,800.0,0,4.0,0.0,4.0,1,12.75,0.0,0.0,0.0,0.0,0.0,0.0,9385.54
5760_dose_800_gradient_0_VconcST_0_Vconc_4_run_1.csv,5760.0,800.0,0,4.0,0.0,4.0,1,13.0,0.0,0.0,0.0,0.0,0.0,0.0,473.859
5760_dose_800_gradient_0_VconcST_0_Vconc_4_run_1.csv,5760.0,800.0,0,4.0,0.0,4.0,1,13.25,0.0,0.0,0.0,0.0,0.0,0.0,10000.0
5760_dose_800_gradient_0_VconcST_0_Vconc_4_run_1.csv,5760.0,800.0,0,4.0,0.0,4.0,1,13.5,0.0,0.0,0.0,0.0,0.0,0.0,410.844
5760_dose_800_gradient_0_VconcST_0_Vconc_4_run_1.csv,5760.0,800.0,0,4.0,0.0,4.0,1,13.75,0.0,0.0,0.0,0.0,0.0,0.0,10000.0
5760_dose_800_gradient_0_VconcST_0_Vconc_4_run_1.csv,5760.0,800.0,0,4.0,0.0,4.0,1,14.0,0.0,0.0,0.0,0.0,0.0,0.0,273.442
5760_dose_800_gradient_0_VconcST_0_Vconc_4_run_1.csv,5760.0,800.0,0,4.0,0.0,4.0,1,14.25,0.0,0.0,0.0,0.0,0.0,0.0,10000.0
5760_dose_800_gradient_0_VconcST_0_Vconc_4_run_1.csv,5760.0,800.0,0,4.0,0.0,4.0,1,14.5,0.0,0.0,0.0,0.0,0.0,0.0,206.58
5760_dose_800_gradient_0_VconcST_0_Vconc_4_run_1.csv,5760.0,800.0,0,4.0,0.0,4.0,1,14.75,0.0,0.0,0.0,0.0,0.0,0.0,10000.0
5760_dose_800_gradient_0_VconcST_0_Vconc_4_run_1.csv,5760.0,800.0,0,4.0,0.0,4.0,1,15.0,0.0,0.0,0.0,0.0,0.0,0.0,185.989
5760_dose_800_gradient_0_VconcST_0_Vconc_4_run_1.csv,5760.0,800.0,0,4.0,0.0,4.0,1,15.25,0.0,0.0,0.0,0.0,0.0,0.0,10000.0
5760_dose_800_gradient_0_VconcST_0_Vconc_4_run_1.csv,5760.0,800.0,0,4.0,0.0,4.0,1,15.5,0.0,0.0,0.0,0.0,0.0,0.0,184.357
5760_dose_800_gradient_0_VconcST_0_Vconc_4_run_1.csv,5760.0,800.0,0,4.0,0.0,4.0,1,15.75,0.0,0.0,0.0,0.0,0.0,0.0,10000.0
5760_dose_800_gradient_0_VconcST_0_Vconc_4_run_1.csv,5760.0,800.0,0,4.0,0.0,4.0,1,16.0,0.0,0.0,0.0,0.0,0.0,0.0,167.141
5760_dose_800_gradient_0_VconcST_0_Vconc_4_run_1.csv,5760.0,800.0,0,4.0,0.0,4.0,1,16.25,0.0,0.0,0.0,0.0,0.0,0.0,10000.0
5760_dose_800_gradient_0_VconcST_0_Vconc_4_run_1.csv,5760.0,800.0,0,4.0,0.0,4.0,1,16.5,0.0,0.0,0.0,0.0,0.0,0.0,152.638
5760_dose_800_gradient_0_VconcST_0_Vconc_4_run_1.csv,5760.0,800.0,0,4.0,0.0,4.0,1,16.75,0.0,0.0,0.0,0.0,0.0,0.0,10000.0
5760_dose_800_gradient_0_VconcST_0_Vconc_4_run_1.csv,5760.0,800.0,0,4.0,0.0,4.0,1,17.0,0.0,0.0,0.0,0.0,0.000303819,0.0,155.612
5760_dose_800_gradient_0_VconcST_0_Vconc_4_run_1.csv,5760.0,800.0,0,4.0,0.0,4.0,1,17.25,0.0,0.0,0.0,0.0,0.0,0.0,10000.0
5760_dose_800_gradient_0_VconcST_0_Vconc_4_run_1.csv,5760.0,800.0,0,4.0,0.0,4.0,1,17.5,0.0,0.0,0.0,0.0,0.0,0.0,152.754
5760_dose_800_gradient_0_VconcST_0_Vconc_4_run_1.csv,5760.0,800.0,0,4.0,0.0,4.0,1,17.75,0.0,0.0,0.0,0.0,0.0,0.0,10000.0
5760_dose_800_gradient_0_VconcST_0_Vconc_4_run_1.csv,5760.0,800.0,0,4.0,0.0,4.0,1,18.0,0.0,0.0,0.0,0.0,0.0,0.0,155.882
5760_dose_800_gradient_0_VconcST_0_Vconc_4_run_1.csv,5760.0,800.0,0,4.0,0.0,4.0,1,18.25,0.0,0.0,0.0,0.0,0.0,0.0,10000.0
5760_dose_800_gradient_0_VconcST_0_Vconc_4_run_1.csv,5760.0,800.0,0,4.0,0.0,4.0,1,18.5,0.0,0.0,0.0,0.0,0.0,0.0,151.296
5760_dose_800_gradient_0_VconcST_0_Vconc_4_run_1.csv,5760.0,800.0,0,4.0,0.0,4.0,1,18.75,0.0,0.0,0.0,0.0,0.0,0.0,10000.0
5760_dose_800_gradient_0_VconcST_0_Vconc_4_run_1.csv,5760.0,800.0,0,4.0,0.0,4.0,1,19.0,0.0,0.0,0.0,0.0,0.0,0.0,694.741
5760_dose_800_gradient_0_VconcST_0_Vconc_4_run_1.csv,5760.0,800.0,0,4.0,0.0,4.0,1,19.25,0.0,0.0,0.0,0.0,0.0,0.0,480.512
5760_dose_800_gradient_0_VconcST_0_Vconc_4_run_1.csv,5760.0,800.0,0,4.0,0.0,4.0,1,19.5,0.0,0.0,0.0,0.0,0.0,0.0,6586.94
5760_dose_800_gradient_0_VconcST_0_Vconc_4_run_1.csv,5760.0,800.0,0,4.0,0.0,4.0,1,19.75,0.0,0.0,0.0,0.0,0.0,0.0,482.395
5760_dose_800_gradient_0_VconcST_0_Vconc_4_run_1.csv,5760.0,800.0,0,4.0,0.0,4.0,1,20.0,0.0,0.0,0.0,0.0,0.0,0.0,8125.44
5760_dose_800_gradient_0_VconcST_0_Vconc_4_run_1.csv,5760.0,800.0,0,4.0,0.0,4.0,1,20.25,0.0,0.0,0.0,0.0,0.0,0.0,482.472
5760_dose_800_gradient_0_VconcST_0_Vconc_4_run_1.csv,5760.0,800.0,0,4.0,0.0,4.0,1,20.5,0.0,0.0,0.0,0.0,0.0,0.0,9645.52
5760_dose_800_gradient_0_VconcST_0_Vconc_4_run_1.csv,5760.0,800.0,0,4.0,0.0,4.0,1,20.75,0.0,0.0,0.0,0.0,0.0,0.0,473.318
5760_dose_800_gradient_0_VconcST_0_Vconc_4_run_1.csv,5760.0,800.0,0,4.0,0.0,4.0,1,21.0,0.0,0.0,0.0,0.0,0.0,0.0,10000.0
5760_dose_800_gradient_0_VconcST_0_Vconc_4_run_1.csv,5760.0,800.0,0,4.0,0.0,4.0,1,21.25,0.0,0.0,0.0,0.0,0.0,0.0,391.069
5760_dose_800_gradient_0_VconcST_0_Vconc_4_run_1.csv,5760.0,800.0,0,4.0,0.0,4.0,1,21.5,0.0,0.0,0.0,0.0,0.0,0.0,10000.0
5760_dose_800_gradient_0_VconcST_0_Vconc_4_run_1.csv,5760.0,800.0,0,4.0,0.0,4.0,1,21.75,0.0,0.0,0.0,0.0,0.0,0.0,237.411
5760_dose_800_gradient_0_VconcST_0_Vconc_4_run_1.csv,5760.0,800.0,0,4.0,0.0,4.0,1,22.0,0.0,0.0,0.0,0.0,0.0,0.0,10000.0
5760_dose_800_gradient_0_VconcST_0_Vconc_4_run_1.csv,5760.0,800.0,0,4.0,0.0,4.0,1,22.25,0.0,0.0,0.0,0.0,0.0,0.0,199.053
5760_dose_800_gradient_0_VconcST_0_Vconc_4_run_1.csv,5760.0,800.0,0,4.0,0.0,4.0,1,22.5,0.0,0.0,0.0,0.0,0.0,0.0,10000.0
5760_dose_800_gradient_0_VconcST_0_Vconc_4_run_1.csv,5760.0,800.0,0,4.0,0.0,4.0,1,22.75,0.0,0.0,0.0,0.0,0.0,0.0,196.948
5760_dose_800_gradient_0_VconcST_0_Vconc_4_run_1.csv,5760.0,800.0,0,4.0,0.0,4.0,1,23.0,0.0,0.0,0.0,0.0,0.0,0.0,10000.0
5760_dose_800_gradient_0_VconcST_0_Vconc_4_run_1.csv,5760.0,800.0,0,4.0,0.0,4.0,1,23.25,0.0,0.0,0.0,0.0,0.0,0.0,181.861
5760_dose_800_gradient_0_VconcST_0_Vconc_4_run_1.csv,5760.0,800.0,0,4.0,0.0,4.0,1,23.5,0.0,0.0,0.0,0.0,0.0,0.0,10000.0
5760_dose_800_gradient_0_VconcST_0_Vconc_4_run_1.csv,5760.0,800.0,0,4.0,0.0,4.0,1,23.75,0.0,0.0,0.0,0.0,0.0,0.0,163.481
5760_dose_800_gradient_0_VconcST_0_Vconc_4_run_1.csv,5760.0,800.0,0,4.0,0.0,4.0,1,24.0,62.29,800.0,0.02426,62.29,0.0,0.0,10000.0
5760_dose_800_gradient_0_VconcST_0_Vconc_4_run_1.csv,5760.0,800.0,0,4.0,0.0,4.0,1,24.25,3754.75,784.145,1.46236,3754.75,0.0,0.999946,0.0138775
5760_dose_800_gradient_0_VconcST_0_Vconc_4_run_1.csv,5760.0,800.0,0,4.0,0.0,4.0,1,24.5,7360.03,768.604,2.8665,7360.03,0.0,0.999973,0.225618
5760_dose_800_gradient_0_VconcST_0_Vconc_4_run_1.csv,5760.0,800.0,0,4.0,0.0,4.0,1,24.75,10879.9,753.371,4.23739,10879.9,0.0,0.999982,0.137743
5760_dose_800_gradient_0_VconcST_0_Vconc_4_run_1.csv,5760.0,800.0,0,4.0,0.0,4.0,1,25.0,14316.1,738.44,5.57569,14316.1,0.0,0.999986,0.0998865
5760_dose_800_gradient_0_VconcST_0_Vconc_4_run_1.csv,5760.0,800.0,0,4.0,0.0,4.0,1,25.25,17670.4,723.805,6.88207,17670.4,0.0,0.999989,0.0790924
5760_dose_800_gradient_0_VconcST_0_Vconc_4_run_1.csv,5760.0,800.0,0,4.0,0.0,4.0,1,25.5,20944.4,709.46,8.15719,20944.4,0.0,0.99999,0.065327
5760_dose_800_gradient_0_VconcST_0_Vconc_4_run_1.csv,5760.0,800.0,0,4.0,0.0,4.0,1,25.75,24139.7,695.4,9.40168,24139.7,0.0,0.999992,0.0557872
5760_dose_800_gradient_0_VconcST_0_Vconc_4_run_1.csv,5760.0,800.0,0,4.0,0.0,4.0,1,26.0,27258.1,681.618,10.6162,27258.1,0.0,0.999993,0.0491319
5760_dose_800_gradient_0_VconcST_0_Vconc_4_run_1.csv,5760.0,800.0,0,4.0,0.0,4.0,1,26.25,30301.0,668.109,11.8013,30301.0,0.0,0.999993,0.0437517
5760_dose_800_gradient_0_VconcST_0_Vconc_4_run_1.csv,5760.0,800.0,0,4.0,0.0,4.0,1,26.5,33270.0,654.868,12.9576,33270.0,0.0,0.999994,0.0396072
5760_dose_800_gradient_0_VconcST_0_Vconc_4_run_1.csv,5760.0,800.0,0,4.0,0.0,4.0,1,26.75,36166.6,641.889,14.0858,36166.6,0.0,0.999994,0.0362518
5760_dose_800_gradient_0_VconcST_0_Vconc_4_run_1.csv,5760.0,800.0,0,4.0,0.0,4.0,1,27.0,38992.4,629.168,15.1863,38992.4,0.0,0.999995,0.0335884
5760_dose_800_gradient_0_VconcST_0_Vconc_4_run_1.csv,5760.0,800.0,0,4.0,0.0,4.0,1,27.25,41748.7,616.698,16.2598,41748.7,0.0,0.999995,0.0313086
5760_dose_800_gradient_0_VconcST_0_Vconc_4_run_1.csv,5760.0,800.0,0,4.0,0.0,4.0,1,27.5,44437.0,604.476,17.3068,44437.0,0.0,0.999996,0.029025
5760_dose_800_gradient_0_VconcST_0_Vconc_4_run_1.csv,5760.0,800.0,0,4.0,0.0,4.0,1,27.75,47058.6,592.496,18.3279,47058.6,0.0,0.999996,0.0275974
5760_dose_800_gradient_0_VconcST_0_Vconc_4_run_1.csv,5760.0,800.0,0,4.0,0.0,4.0,1,28.0,49615.1,580.753,19.3235,49615.1,0.0,0.999996,0.0260425
5760_dose_800_gradient_0_VconcST_0_Vconc_4_run_1.csv,5760.0,800.0,0,4.0,0.0,4.0,1,28.25,52107.7,569.244,20.2943,52107.7,0.0,0.999996,0.0249215
5760_dose_800_gradient_0_VconcST_0_Vconc_4_run_1.csv,5760.0,800.0,0,4.0,0.0,4.0,1,28.5,54537.6,557.962,21.2407,54537.6,0.0,0.999996,0.0237771
5760_dose_800_gradient_0_VconcST_0_Vconc_4_run_1.csv,5760.0,800.0,0,4.0,0.0,4.0,1,28.75,56906.3,546.904,22.1632,56906.3,0.0,0.999996,0.0226719
5760_dose_800_gradient_0_VconcST_0_Vconc_4_run_1.csv,5760.0,800.0,0,4.0,0.0,4.0,1,29.0,59214.9,536.065,23.0624,59214.9,0.0,0.999997,0.0218631
5760_dose_800_gradient_0_VconcST_0_Vconc_4_run_1.csv,5760.0,800.0,0,4.0,0.0,4.0,1,29.25,61464.8,525.441,23.9386,61464.8,0.0,0.999997,0.0207446
5760_dose_800_gradient_0_VconcST_0_Vconc_4_run_1.csv,5760.0,800.0,0,4.0,0.0,4.0,1,29.5,63657.1,515.027,24.7925,63657.1,0.0,0.999997,0.0199783
5760_dose_800_gradient_0_VconcST_0_Vconc_4_run_1.csv,5760.0,800.0,0,4.0,0.0,4.0,1,29.75,65793.0,504.82,25.6243,65793.0,0.0,0.999997,0.0196014
5760_dose_800_gradient_0_VconcST_0_Vconc_4_run_1.csv,5760.0,800.0,0,4.0,0.0,4.0,1,30.0,67873.7,494.815,26.4347,67873.7,0.0,0.999997,0.0192826
5760_dose_800_gradient_0_VconcST_0_Vconc_4_run_1.csv,5760.0,800.0,0,4.0,0.0,4.0,1,30.25,69900.4,485.009,27.224,69900.4,0.0,0.999997,0.0185095
5760_dose_800_gradient_0_VconcST_0_Vconc_4_run_1.csv,5760.0,800.0,0,4.0,0.0,4.0,1,30.5,71874.0,475.396,27.9927,71874.0,0.0,0.999997,0.0181064
5760_dose_800_gradient_0_VconcST_0_Vconc_4_run_1.csv,5760.0,800.0,0,4.0,0.0,4.0,1,30.75,73795.9,465.974,28.7412,73795.9,0.0,0.999997,0.0177709
5760_dose_800_gradient_0_VconcST_0_Vconc_4_run_1.csv,5760.0,800.0,0,4.0,0.0,4.0,1,31.0,75667.0,456.739,29.4699,75667.0,0.0,0.999997,0.0174201
5760_dose_800_gradient_0_VconcST_0_Vconc_4_run_1.csv,5760.0,800.0,0,4.0,0.0,4.0,1,31.25,77488.3,447.687,30.1793,77488.3,0.0,0.999997,0.0166243
5760_dose_800_gradient_0_VconcST_0_Vconc_4_run_1.csv,5760.0,800.0,0,4.0,0.0,4.0,1,31.5,79260.9,438.815,30.8697,79260.9,0.0,0.999997,0.0162088
5760_dose_800_gradient_0_VconcST_0_Vconc_4_run_1.csv,5760.0,800.0,0,4.0,0.0,4.0,1,31.75,80985.9,430.118,31.5415,80985.9,0.0,0.999997,0.0162316
5760_dose_800_gradient_0_VconcST_0_Vconc_4_run_1.csv,5760.0,800.0,0,4.0,0.0,4.0,1,32.0,82664.2,421.593,32.1951,82664.2,0.0,0.999998,0.0158448
5760_dose_800_gradient_0_VconcST_0_Vconc_4_run_1.csv,5760.0,800.0,0,4.0,0.0,4.0,1,32.25,84296.8,413.238,32.831,84296.8,0.0,0.999998,0.0154691
5760_dose_800_gradient_0_VconcST_0_Vconc_4_run_1.csv,5760.0,800.0,0,4.0,0.0,4.0,1,32.5,85884.6,405.048,33.4494,85884.6,0.0,0.999998,0.0151246
5760_dose_800_gradient_0_VconcST_0_Vconc_4_run_1.csv,5760.0,800.0,0,4.0,0.0,4.0,1,32.75,87428.5,397.021,34.0507,87428.5,0.0,0.999998,0.0147202
5760_dose_800_gradient_0_VconcST_0_Vconc_4_run_1.csv,5760.0,800.0,0,4.0,0.0,4.0,1,33.0,88929.6,389.152,34.6353,88929.6,0.0,0.999998,0.014729
5760_dose_800_gradient_0_VconcST_0_Vconc_4_run_1.csv,5760.0,800.0,0,4.0,0.0,4.0,1,33.25,90388.7,381.44,35.2036,90388.7,0.0,0.999998,0.0143241
5760_dose_800_gradient_0_VconcST_0_Vconc_4_run_1.csv,5760.0,800.0,0,4.0,0.0,4.0,1,33.5,91806.5,373.88,35.7558,91806.5,0.0,0.999998,0.0139741
5760_dose_800_gradient_0_VconcST_0_Vconc_4_run_1.csv,5760.0,800.0,0,4.0,0.0,4.0,1,33.75,93184.2,366.47,36.2923,93184.2,0.0,0.999998,0.013957
5760_dose_800_gradient_0_VconcST_0_Vconc_4_run_1.csv,5760.0,800.0,0,4.0,0.0,4.0,1,34.0,94522.4,359.207,36.8135,94522.4,0.0,0.999998,0.0135841
5760_dose_800_gradient_0_VconcST_0_Vconc_4_run_1.csv,5760.0,800.0,0,4.0,0.0,4.0,1,34.25,95822.0,352.088,37.3197,95822.0,0.0,0.999998,0.0135965
5760_dose_800_gradient_0_VconcST_0_Vconc_4_run_1.csv,5760.0,800.0,0,4.0,0.0,4.0,1,34.5,97083.9,345.11,37.8112,97083.9,0.0,0.999998,0.0131933
5760_dose_800_gradient_0_VconcST_0_Vconc_4_run_1.csv,5760.0,800.0,0,4.0,0.0,4.0,1,34.75,98308.7,338.27,38.2882,98308.7,0.0,0.999998,0.0131933
5760_dose_800_gradient_0_VconcST_0_Vconc_4_run_1.csv,5760.0,800.0,0,4.0,0.0,4.0,1,35.0,99497.4,331.566,38.7511,99497.4,0.0,0.999998,0.0128164
5760_dose_800_gradient_0_VconcST_0_Vconc_4_run_1.csv,5760.0,800.0,0,4.0,0.0,4.0,1,35.25,100651.0,324.995,39.2003,100651.0,0.0,0.999998,0.0128389
5760_dose_800_gradient_0_VconcST_0_Vconc_4_run_1.csv,5760.0,800.0,0,4.0,0.0,4.0,1,35.5,101769.0,318.554,39.6359,101769.0,0.0,0.999998,0.0128344
5760_dose_800_gradient_0_VconcST_0_Vconc_4_run_1.csv,5760.0,800.0,0,4.0,0.0,4.0,1,35.75,102854.0,312.241,40.0583,102854.0,0.0,0.999998,0.0124709
5760_dose_800_gradient_0_VconcST_0_Vconc_4_run_1.csv,5760.0,800.0,0,4.0,0.0,4.0,1,36.0,103905.0,306.052,40.4677,103905.0,0.0,0.999998,0.0124394
5760_dose_800_gradient_0_VconcST_0_Vconc_4_run_1.csv,5760.0,800.0,0,4.0,0.0,4.0,1,36.25,104924.0,299.987,40.8645,104924.0,0.0,0.999998,0.0124748
5760_dose_800_gradient_0_VconcST_0_Vconc_4_run_1.csv,5760.0,800.0,0,4.0,0.0,4.0,1,36.5,105910.0,294.041,41.2488,105910.0,0.0,0.999998,0.0120794
5760_dose_800_gradient_0_VconcST_0_Vconc_4_run_1.csv,5760.0,800.0,0,4.0,0.0,4.0,1,36.75,106866.0,288.214,41.621,106866.0,0.0,0.999998,0.0120624
5760_dose_800_gradient_0_VconcST_0_Vconc_4_run_1.csv,5760.0,800.0,0,4.0,0.0,4.0,1,37.0,107791.0,282.502,41.9813,107791.0,0.0,0.999998,0.0120696
5760_dose_800_gradient_0_VconcST_0_Vconc_4_run_1.csv,5760.0,800.0,0,4.0,0.0,4.0,1,37.25,108687.0,276.903,42.33,108687.0,0.0,0.999998,0.0117007
5760_dose_800_gradient_0_VconcST_0_Vconc_4_run_1.csv,5760.0,800.0,0,4.0,0.0,4.0,1,37.5,109553.0,271.414,42.6673,109553.0,0.0,0.999998,0.0116925
5760_dose_800_gradient_0_VconcST_0_Vconc_4_run_1.csv,5760.0,800.0,0,4.0,0.0,4.0,1,37.75,110390.0,266.035,42.9935,110390.0,0.0,0.999998,0.0116855
5760_dose_800_gradient_0_VconcST_0_Vconc_4_run_1.csv,5760.0,800.0,0,4.0,0.0,4.0,1,38.0,111199.0,260.763,43.3087,111199.0,0.0,0.999998,0.0116855
5760_dose_800_gradient_0_VconcST_0_Vconc_4_run_1.csv,5760.0,800.0,0,4.0,0.0,4.0,1,38.25,111981.0,255.595,43.6133,111981.0,0.0,0.999998,0.0117229
5760_dose_800_gradient_0_VconcST_0_Vconc_4_run_1.csv,5760.0,800.0,0,4.0,0.0,4.0,1,38.5,112737.0,250.529,43.9074,112737.0,0.0,0.999998,0.0113292
5760_dose_800_gradient_0_VconcST_0_Vconc_4_run_1.csv,5760.0,800.0,0,4.0,0.0,4.0,1,38.75,113465.0,245.564,44.1913,113465.0,0.0,0.999998,0.011336
5760_dose_800_gradient_0_VconcST_0_Vconc_4_run_1.csv,5760.0,800.0,0,4.0,0.0,4.0,1,39.0,114169.0,240.697,44.4652,114169.0,0.0,0.999998,0.0113463
5760_dose_800_gradient_0_VconcST_0_Vconc_4_run_1.csv,5760.0,800.0,0,4.0,0.0,4.0,1,39.25,114847.0,235.927,44.7293,114847.0,0.0,0.999998,0.0113368
5760_dose_800_gradient_0_VconcST_0_Vconc_4_run_1.csv,5760.0,800.0,0,4.0,0.0,4.0,1,39.5,115500.0,231.251,44.9838,115500.0,0.0,0.999998,0.0113201
5760_dose_800_gradient_0_VconcST_0_Vconc_4_run_1.csv,5760.0,800.0,0,4.0,0.0,4.0,1,39.75,116130.0,226.668,45.229,116130.0,0.0,0.999998,0.0109604
5760_dose_800_gradient_0_VconcST_0_Vconc_4_run_1.csv,5760.0,800.0,0,4.0,0.0,4.0,1,40.0,116736.0,222.176,45.465,116736.0,0.0,0.999998,0.0109458
5760_dose_800_gradient_0_VconcST_0_Vconc_4_run_1.csv,5760.0,800.0,0,4.0,0.0,4.0,1,40.25,117319.0,217.772,45.692,117319.0,0.0,0.999998,0.0109481
5760_dose_800_gradient_0_VconcST_0_Vconc_4_run_1.csv,5760.0,800.0,0,4.0,0.0,4.0,1,40.5,117879.0,213.456,45.9102,117879.0,0.0,0.999998,0.0109316
5760_dose_800_gradient_0_VconcST_0_Vconc_4_run_1.csv,5760.0,800.0,0,4.0,0.0,4.0,1,40.75,118417.0,209.226,46.1199,118417.0,0.0,0.999998,0.0109477
5760_dose_800_gradient_0_VconcST_0_Vconc_4_run_1.csv,5760.0,800.0,0,4.0,0.0,4.0,1,41.0,118934.0,205.079,46.3211,118934.0,0.0,0.999998,0.0109546
5760_dose_800_gradient_0_VconcST_0_Vconc_4_run_1.csv,5760.0,800.0,0,4.0,0.0,4.0,1,41.25,119430.0,201.015,46.5142,119430.0,0.0,0.999998,0.010955
5760_dose_800_gradient_0_VconcST_0_Vconc_4_run_1.csv,5760.0,800.0,0,4.0,0.0,4.0,1,41.5,119905.0,197.031,46.6992,119905.0,0.0,0.999998,0.0105684
5760_dose_800_gradient_0_VconcST_0_Vconc_6.4_run_0.csv,5760.0,800.0,0,6.4,0.0,6.4,0,0.0,0.0,0.0,0.0,0.0,0.0,0.0,0.0
5760_dose_800_gradient_0_VconcST_0_Vconc_6.4_run_0.csv,5760.0,800.0,0,6.4,0.0,6.4,0,0.25,0.0,0.0,0.0,0.0,0.0,0.0,10000.0
5760_dose_800_gradient_0_VconcST_0_Vconc_6.4_run_0.csv,5760.0,800.0,0,6.4,0.0,6.4,0,0.5,0.0,0.0,0.0,0.0,0.0,0.0,340.692
5760_dose_800_gradient_0_VconcST_0_Vconc_6.4_run_0.csv,5760.0,800.0,0,6.4,0.0,6.4,0,0.75,0.0,0.0,0.0,0.0,0.0,0.0,10000.0
5760_dose_800_gradient_0_VconcST_0_Vconc_6.4_run_0.csv,5760.0,800.0,0,6.4,0.0,6.4,0,1.0,0.0,0.0,0.0,0.0,0.0,0.0,293.827
5760_dose_800_gradient_0_VconcST_0_Vconc_6.4_run_0.csv,5760.0,800.0,0,6.4,0.0,6.4,0,1.25,0.0,0.0,0.0,0.0,0.0,0.0,10000.0
5760_dose_800_gradient_0_VconcST_0_Vconc_6.4_run_0.csv,5760.0,800.0,0,6.4,0.0,6.4,0,1.5,0.0,0.0,0.0,0.0,0.0,0.0,306.465
5760_dose_800_gradient_0_VconcST_0_Vconc_6.4_run_0.csv,5760.0,800.0,0,6.4,0.0,6.4,0,1.75,0.0,0.0,0.0,0.0,0.0,0.0,10000.0
5760_dose_800_gradient_0_VconcST_0_Vconc_6.4_run_0.csv,5760.0,800.0,0,6.4,0.0,6.4,0,2.0,0.0,0.0,0.0,0.0,0.0,0.0,272.377
5760_dose_800_gradient_0_VconcST_0_Vconc_6.4_run_0.csv,5760.0,800.0,0,6.4,0.0,6.4,0,2.25,0.0,0.0,0.0,0.0,0.0,0.0,10000.0
5760_dose_800_gradient_0_VconcST_0_Vconc_6.4_run_0.csv,5760.0,800.0,0,6.4,0.0,6.4,0,2.5,0.0,0.0,0.0,0.0,0.0,0.0,268.113
5760_dose_800_gradient_0_VconcST_0_Vconc_6.4_run_0.csv,5760.0,800.0,0,6.4,0.0,6.4,0,2.75,0.0,0.0,0.0,0.0,0.0,0.0,10000.0
5760_dose_800_gradient_0_VconcST_0_Vconc_6.4_run_0.csv,5760.0,800.0,0,6.4,0.0,6.4,0,3.0,0.0,0.0,0.0,0.0,0.0,0.0,256.958
5760_dose_800_gradient_0_VconcST_0_Vconc_6.4_run_0.csv,5760.0,800.0,0,6.4,0.0,6.4,0,3.25,0.0,0.0,0.0,0.0,0.0,0.0,10000.0
5760_dose_800_gradient_0_VconcST_0_Vconc_6.4_run_0.csv,5760.0,800.0,0,6.4,0.0,6.4,0,3.5,0.0,0.0,0.0,0.0,0.0,0.0,251.544
5760_dose_800_gradient_0_VconcST_0_Vconc_6.4_run_0.csv,5760.0,800.0,0,6.4,0.0,6.4,0,3.75,0.0,0.0,0.0,0.0,0.0,0.0,10000.0
5760_dose_800_gradient_0_VconcST_0_Vconc_6.4_run_0.csv,5760.0,800.0,0,6.4,0.0,6.4,0,4.0,0.0,0.0,0.0,0.0,0.0,0.0,255.962
5760_dose_800_gradient_0_VconcST_0_Vconc_6.4_run_0.csv,5760.0,800.0,0,6.4,0.0,6.4,0,4.25,0.0,0.0,0.0,0.0,0.0,0.0,767.247
5760_dose_800_gradient_0_VconcST_0_Vconc_6.4_run_0.csv,5760.0,800.0,0,6.4,0.0,6.4,0,4.5,0.0,0.0,0.0,0.0,0.0,0.0,9355.8
5760_dose_800_gradient_0_VconcST_0_Vconc_6.4_run_0.csv,5760.0,800.0,0,6.4,0.0,6.4,0,4.75,0.0,0.0,0.0,0.0,0.0,0.0,775.157
5760_dose_800_gradient_0_VconcST_0_Vconc_6.4_run_0.csv,5760.0,800.0,0,6.4,0.0,6.4,0,5.0,0.0,0.0,0.0,0.0,0.0,0.0,10000.0
5760_dose_800_gradient_0_VconcST_0_Vconc_6.4_run_0.csv,5760.0,800.0,0,6.4,0.0,6.4,0,5.25,0.0,0.0,0.0,0.0,0.0,0.0,767.325
5760_dose_800_gradient_0_VconcST_0_Vconc_6.4_run_0.csv,5760.0,800.0,0,6.4,0.0,6.4,0,5.5,0.0,0.0,0.0,0.0,0.0,0.0,10000.0
5760_dose_800_gradient_0_VconcST_0_Vconc_6.4_run_0.csv,5760.0,800.0,0,6.4,0.0,6.4,0,5.75,0.0,0.0,0.0,0.0,0.0,0.0,774.57
5760_dose_800_gradient_0_VconcST_0_Vconc_6.4_run_0.csv,5760.0,800.0,0,6.4,0.0,6.4,0,6.0,0.0,0.0,0.0,0.0,0.0,0.0,10000.0
5760_dose_800_gradient_0_VconcST_0_Vconc_6.4_run_0.csv,5760.0,800.0,0,6.4,0.0,6.4,0,6.25,0.0,0.0,0.0,0.0,0.0,0.0,659.352
5760_dose_800_gradient_0_VconcST_0_Vconc_6.4_run_0.csv,5760.0,800.0,0,6.4,0.0,6.4,0,6.5,0.0,0.0,0.0,0.0,0.0,0.0,10000.0
5760_dose_800_gradient_0_VconcST_0_Vconc_6.4_run_0.csv,5760.0,800.0,0,6.4,0.0,6.4,0,6.75,0.0,0.0,0.0,0.0,0.0,0.0,469.345
5760_dose_800_gradient_0_VconcST_0_Vconc_6.4_run_0.csv,5760.0,800.0,0,6.4,0.0,6.4,0,7.0,0.0,0.0,0.0,0.0,0.0,0.0,10000.0
5760_dose_800_gradient_0_VconcST_0_Vconc_6.4_run_0.csv,5760.0,800.0,0,6.4,0.0,6.4,0,7.25,0.0,0.0,0.0,0.0,0.0,0.0,413.187
5760_dose_800_gradient_0_VconcST_0_Vconc_6.4_run_0.csv,5760.0,800.0,0,6.4,0.0,6.4,0,7.5,0.0,0.0,0.0,0.0,0.0,0.0,10000.0
5760_dose_800_gradient_0_VconcST_0_Vconc_6.4_run_0.csv,5760.0,800.0,0,6.4,0.0,6.4,0,7.75,0.0,0.0,0.0,0.0,0.0,0.0,341.017
5760_dose_800_gradient_0_VconcST_0_Vconc_6.4_run_0.csv,5760.0,800.0,0,6.4,0.0,6.4,0,8.0,0.0,0.0,0.0,0.0,0.0,0.0,10000.0
5760_dose_800_gradient_0_VconcST_0_Vconc_6.4_run_0.csv,5760.0,800.0,0,6.4,0.0,6.4,0,8.25,0.0,0.0,0.0,0.0,0.0,0.0,354.234
5760_dose_800_gradient_0_VconcST_0_Vconc_6.4_run_0.csv,5760.0,800.0,0,6.4,0.0,6.4,0,8.5,0.0,0.0,0.0,0.0,0.0,0.0,10000.0
5760_dose_800_gradient_0_VconcST_0_Vconc_6.4_run_0.csv,5760.0,800.0,0,6.4,0.0,6.4,0,8.75,0.0,0.0,0.0,0.0,0.0,0.0,295.975
5760_dose_800_gradient_0_VconcST_0_Vconc_6.4_run_0.csv,5760.0,800.0,0,6.4,0.0,6.4,0,9.0,0.0,0.0,0.0,0.0,0.0,0.0,10000.0
5760_dose_800_gradient_0_VconcST_0_Vconc_6.4_run_0.csv,5760.0,800.0,0,6.4,0.0,6.4,0,9.25,0.0,0.0,0.0,0.0,0.0,0.0,281.615
5760_dose_800_gradient_0_VconcST_0_Vconc_6.4_run_0.csv,5760.0,800.0,0,6.4,0.0,6.4,0,9.5,0.0,0.0,0.0,0.0,0.0,0.0,10000.0
5760_dose_800_gradient_0_VconcST_0_Vconc_6.4_run_0.csv,5760.0,800.0,0,6.4,0.0,6.4,0,9.75,0.0,0.0,0.0,0.0,0.0,0.0,256.34
5760_dose_800_gradient_0_VconcST_0_Vconc_6.4_run_0.csv,5760.0,800.0,0,6.4,0.0,6.4,0,10.0,0.0,0.0,0.0,0.0,0.0,0.0,10000.0
5760_dose_800_gradient_0_VconcST_0_Vconc_6.4_run_0.csv,5760.0,800.0,0,6.4,0.0,6.4,0,10.25,0.0,0.0,0.0,0.0,0.0,0.0,271.117
5760_dose_800_gradient_0_VconcST_0_Vconc_6.4_run_0.csv,5760.0,800.0,0,6.4,0.0,6.4,0,10.5,0.0,0.0,0.0,0.0,0.0,0.0,10000.0
5760_dose_800_gradient_0_VconcST_0_Vconc_6.4_run_0.csv,5760.0,800.0,0,6.4,0.0,6.4,0,10.75,0.0,0.0,0.0,0.0,0.0,0.0,257.731
5760_dose_800_gradient_0_VconcST_0_Vconc_6.4_run_0.csv,5760.0,800.0,0,6.4,0.0,6.4,0,11.0,0.0,0.0,0.0,0.0,0.0,0.0,10000.0
5760_dose_800_gradient_0_VconcST_0_Vconc_6.4_run_0.csv,5760.0,800.0,0,6.4,0.0,6.4,0,11.25,0.0,0.0,0.0,0.0,0.0,0.0,261.323
5760_dose_800_gradient_0_VconcST_0_Vconc_6.4_run_0.csv,5760.0,800.0,0,6.4,0.0,6.4,0,11.5,0.0,0.0,0.0,0.0,0.0,0.0,10000.0
5760_dose_800_gradient_0_VconcST_0_Vconc_6.4_run_0.csv,5760.0,800.0,0,6.4,0.0,6.4,0,11.75,0.0,0.0,0.0,0.0,0.0,0.0,1658.85
5760_dose_800_gradient_0_VconcST_0_Vconc_6.4_run_0.csv,5760.0,800.0,0,6.4,0.0,6.4,0,12.0,0.0,0.0,0.0,0.0,0.0,0.0,1232.53
5760_dose_800_gradient_0_VconcST_0_Vconc_6.4_run_0.csv,5760.0,800.0,0,6.4,0.0,6.4,0,12.25,0.0,0.0,0.0,0.0,0.0,0.0,9425.71
5760_dose_800_gradient_0_VconcST_0_Vconc_6.4_run_0.csv,5760.0,800.0,0,6.4,0.0,6.4,0,12.5,0.0,0.0,0.0,0.0,0.0,0.0,767.317
5760_dose_800_gradient_0_VconcST_0_Vconc_6.4_run_0.csv,5760.0,800.0,0,6.4,0.0,6.4,0,12.75,0.0,0.0,0.0,0.0,0.0,0.0,10000.0
5760_dose_800_gradient_0_VconcST_0_Vconc_6.4_run_0.csv,5760.0,800.0,0,6.4,0.0,6.4,0,13.0,0.0,0.0,0.0,0.0,0.0,0.0,782.92
5760_dose_800_gradient_0_VconcST_0_Vconc_6.4_run_0.csv,5760.0,800.0,0,6.4,0.0,6.4,0,13.25,0.0,0.0,0.0,0.0,0.0,0.0,10000.0
5760_dose_800_gradient_0_VconcST_0_Vconc_6.4_run_0.csv,5760.0,800.0,0,6.4,0.0,6.4,0,13.5,0.0,0.0,0.0,0.0,0.0,0.0,769.55
5760_dose_800_gradient_0_VconcST_0_Vconc_6.4_run_0.csv,5760.0,800.0,0,6.4,0.0,6.4,0,13.75,0.0,0.0,0.0,0.0,0.0,0.0,10000.0
5760_dose_800_gradient_0_VconcST_0_Vconc_6.4_run_0.csv,5760.0,800.0,0,6.4,0.0,6.4,0,14.0,0.0,0.0,0.0,0.0,0.0,0.0,676.809
5760_dose_800_gradient_0_VconcST_0_Vconc_6.4_run_0.csv,5760.0,800.0,0,6.4,0.0,6.4,0,14.25,0.0,0.0,0.0,0.0,0.0,0.0,10000.0
5760_dose_800_gradient_0_VconcST_0_Vconc_6.4_run_0.csv,5760.0,800.0,0,6.4,0.0,6.4,0,14.5,0.0,0.0,0.0,0.0,0.0,0.0,526.9
5760_dose_800_gradient_0_VconcST_0_Vconc_6.4_run_0.csv,5760.0,800.0,0,6.4,0.0,6.4,0,14.75,0.0,0.0,0.0,0.0,0.0,0.0,10000.0
5760_dose_800_gradient_0_VconcST_0_Vconc_6.4_run_0.csv,5760.0,800.0,0,6.4,0.0,6.4,0,15.0,0.0,0.0,0.0,0.0,0.0,0.0,389.929
5760_dose_800_gradient_0_VconcST_0_Vconc_6.4_run_0.csv,5760.0,800.0,0,6.4,0.0,6.4,0,15.25,0.0,0.0,0.0,0.0,0.0,0.0,10000.0
5760_dose_800_gradient_0_VconcST_0_Vconc_6.4_run_0.csv,5760.0,800.0,0,6.4,0.0,6.4,0,15.5,0.0,0.0,0.0,0.0,0.0,0.0,382.096
5760_dose_800_gradient_0_VconcST_0_Vconc_6.4_run_0.csv,5760.0,800.0,0,6.4,0.0,6.4,0,15.75,0.0,0.0,0.0,0.0,0.000883247,0.0,10000.0
5760_dose_800_gradient_0_VconcST_0_Vconc_6.4_run_0.csv,5760.0,800.0,0,6.4,0.0,6.4,0,16.0,0.0,0.0,0.0,0.0,0.0,0.0,345.497
5760_dose_800_gradient_0_VconcST_0_Vconc_6.4_run_0.csv,5760.0,800.0,0,6.4,0.0,6.4,0,16.25,0.0,0.0,0.0,0.0,0.0,0.0,10000.0
5760_dose_800_gradient_0_VconcST_0_Vconc_6.4_run_0.csv,5760.0,800.0,0,6.4,0.0,6.4,0,16.5,0.0,0.0,0.0,0.0,0.0,0.0,292.754
5760_dose_800_gradient_0_VconcST_0_Vconc_6.4_run_0.csv,5760.0,800.0,0,6.4,0.0,6.4,0,16.75,0.0,0.0,0.0,0.0,0.0,0.0,10000.0
5760_dose_800_gradient_0_VconcST_0_Vconc_6.4_run_0.csv,5760.0,800.0,0,6.4,0.0,6.4,0,17.0,0.0,0.0,0.0,0.0,0.0,0.0,298.509
5760_dose_800_gradient_0_VconcST_0_Vconc_6.4_run_0.csv,5760.0,800.0,0,6.4,0.0,6.4,0,17.25,0.0,0.0,0.0,0.0,0.0,0.0,10000.0
5760_dose_800_gradient_0_VconcST_0_Vconc_6.4_run_0.csv,5760.0,800.0,0,6.4,0.0,6.4,0,17.5,0.0,0.0,0.0,0.0,0.000789931,0.0,274.725
5760_dose_800_gradient_0_VconcST_0_Vconc_6.4_run_0.csv,5760.0,800.0,0,6.4,0.0,6.4,0,17.75,0.0,0.0,0.0,0.0,0.0,0.0,10000.0
5760_dose_800_gradient_0_VconcST_0_Vconc_6.4_run_0.csv,5760.0,800.0,0,6.4,0.0,6.4,0,18.0,0.0,0.0,0.0,0.0,0.0,0.0,260.519
5760_dose_800_gradient_0_VconcST_0_Vconc_6.4_run_0.csv,5760.0,800.0,0,6.4,0.0,6.4,0,18.25,0.0,0.0,0.0,0.0,0.0,0.0,10000.0
5760_dose_800_gradient_0_VconcST_0_Vconc_6.4_run_0.csv,5760.0,800.0,0,6.4,0.0,6.4,0,18.5,0.0,0.0,0.0,0.0,0.0,0.0,265.787
5760_dose_800_gradient_0_VconcST_0_Vconc_6.4_run_0.csv,5760.0,800.0,0,6.4,0.0,6.4,0,18.75,0.0,0.0,0.0,0.0,0.0,0.0,10000.0
5760_dose_800_gradient_0_VconcST_0_Vconc_6.4_run_0.csv,5760.0,800.0,0,6.4,0.0,6.4,0,19.0,0.0,0.0,0.0,0.0,0.0,0.0,255.251
5760_dose_800_gradient_0_VconcST_0_Vconc_6.4_run_0.csv,5760.0,800.0,0,6.4,0.0,6.4,0,19.25,0.0,0.0,0.0,0.0,0.0,0.0,10000.0
5760_dose_800_gradient_0_VconcST_0_Vconc_6.4_run_0.csv,5760.0,800.0,0,6.4,0.0,6.4,0,19.5,0.0,0.0,0.0,0.0,0.0,0.0,262.481
5760_dose_800_gradient_0_VconcST_0_Vconc_6.4_run_0.csv,5760.0,800.0,0,6.4,0.0,6.4,0,19.75,0.0,0.0,0.0,0.0,0.0,0.0,5389.72
5760_dose_800_gradient_0_VconcST_0_Vconc_6.4_run_0.csv,5760.0,800.0,0,6.4,0.0,6.4,0,20.0,0.0,0.0,0.0,0.0,0.0,0.0,4704.91
5760_dose_800_gradient_0_VconcST_0_Vconc_6.4_run_0.csv,5760.0,800.0,0,6.4,0.0,6.4,0,20.25,0.0,0.0,0.0,0.0,0.0,0.0,776.099
5760_dose_800_gradient_0_VconcST_0_Vconc_6.4_run_0.csv,5760.0,800.0,0,6.4,0.0,6.4,0,20.5,0.0,0.0,0.0,0.0,0.0,0.0,9840.03
5760_dose_800_gradient_0_VconcST_0_Vconc_6.4_run_0.csv,5760.0,800.0,0,6.4,0.0,6.4,0,20.75,0.0,0.0,0.0,0.0,0.0,0.0,773.767
5760_dose_800_gradient_0_VconcST_0_Vconc_6.4_run_0.csv,5760.0,800.0,0,6.4,0.0,6.4,0,21.0,0.0,0.0,0.0,0.0,0.0,0.0,10000.0
5760_dose_800_gradient_0_VconcST_0_Vconc_6.4_run_0.csv,5760.0,800.0,0,6.4,0.0,6.4,0,21.25,0.0,0.0,0.0,0.0,0.0,0.0,770.036
5760_dose_800_gradient_0_VconcST_0_Vconc_6.4_run_0.csv,5760.0,800.0,0,6.4,0.0,6.4,0,21.5,0.0,0.0,0.0,0.0,0.0,0.0,10000.0
5760_dose_800_gradient_0_VconcST_0_Vconc_6.4_run_0.csv,5760.0,800.0,0,6.4,0.0,6.4,0,21.75,0.0,0.0,0.0,0.0,0.0,0.0,689.469
5760_dose_800_gradient_0_VconcST_0_Vconc_6.4_run_0.csv,5760.0,800.0,0,6.4,0.0,6.4,0,22.0,0.0,0.0,0.0,0.0,0.0,0.0,10000.0
5760_dose_800_gradient_0_VconcST_0_Vconc_6.4_run_0.csv,5760.0,800.0,0,6.4,0.0,6.4,0,22.25,0.0,0.0,0.0,0.0,0.0,0.0,597.78
5760_dose_800_gradient_0_VconcST_0_Vconc_6.4_run_0.csv,5760.0,800.0,0,6.4,0.0,6.4,0,22.5,0.0,0.0,0.0,0.0,0.0,0.0,10000.0
5760_dose_800_gradient_0_VconcST_0_Vconc_6.4_run_0.csv,5760.0,800.0,0,6.4,0.0,6.4,0,22.75,0.0,0.0,0.0,0.0,0.0,0.0,441.49
5760_dose_800_gradient_0_VconcST_0_Vconc_6.4_run_0.csv,5760.0,800.0,0,6.4,0.0,6.4,0,23.0,0.0,0.0,0.0,0.0,0.0,0.0,10000.0
5760_dose_800_gradient_0_VconcST_0_Vconc_6.4_run_0.csv,5760.0,800.0,0,6.4,0.0,6.4,0,23.25,0.0,0.0,0.0,0.0,0.0,0.0,364.26
5760_dose_800_gradient_0_VconcST_0_Vconc_6.4_run_0.csv,5760.0,800.0,0,6.4,0.0,6.4,0,23.5,0.0,0.0,0.0,0.0,0.00546875,0.0,10000.0
5760_dose_800_gradient_0_VconcST_0_Vconc_6.4_run_0.csv,5760.0,800.0,0,6.4,0.0,6.4,0,23.75,0.0,0.0,0.0,0.0,0.0,0.0,348.015
5760_dose_800_gradient_0_VconcST_0_Vconc_6.4_run_0.csv,5760.0,800.0,0,6.4,0.0,6.4,0,24.0,62.29,800.0,0.02426,62.29,0.0,0.0,10000.0
5760_dose_800_gradient_0_VconcST_0_Vconc_6.4_run_0.csv,5760.0,800.0,0,6.4,0.0,6.4,0,24.25,3754.75,784.145,1.46236,3754.75,0.0,0.999946,0.0221837
5760_dose_800_gradient_0_VconcST_0_Vconc_6.4_run_0.csv,5760.0,800.0,0,6.4,0.0,6.4,0,24.5,7360.03,768.604,2.8665,7360.03,0.0,0.999973,0.360605
5760_dose_800_gradient_0_VconcST_0_Vconc_6.4_run_0.csv,5760.0,800.0,0,6.4,0.0,6.4,0,24.75,10879.9,753.371,4.23739,10879.9,0.0,0.999982,0.2208
5760_dose_800_gradient_0_VconcST_0_Vconc_6.4_run_0.csv,5760.0,800.0,0,6.4,0.0,6.4,0,25.0,14316.1,738.44,5.57569,14316.1,0.0,0.999986,0.159924
5760_dose_800_gradient_0_VconcST_0_Vconc_6.4_run_0.csv,5760.0,800.0,0,6.4,0.0,6.4,0,25.25,17670.4,723.805,6.88207,17670.4,0.0,0.999989,0.126584
5760_dose_800_gradient_0_VconcST_0_Vconc_6.4_run_0.csv,5760.0,800.0,0,6.4,0.0,6.4,0,25.5,20944.4,709.46,8.15719,20944.4,0.0,0.99999,0.104419
5760_dose_800_gradient_0_VconcST_0_Vconc_6.4_run_0.csv,5760.0,800.0,0,6.4,0.0,6.4,0,25.75,24139.7,695.4,9.40168,24139.7,0.0,0.999992,0.0893959
5760_dose_800_gradient_0_VconcST_0_Vconc_6.4_run_0.csv,5760.0,800.0,0,6.4,0.0,6.4,0,26.0,27258.1,681.618,10.6162,27258.1,0.0,0.999993,0.0784799
5760_dose_800_gradient_0_VconcST_0_Vconc_6.4_run_0.csv,5760.0,800.0,0,6.4,0.0,6.4,0,26.25,30301.0,668.109,11.8013,30301.0,0.0,0.999993,0.0700461
5760_dose_800_gradient_0_VconcST_0_Vconc_6.4_run_0.csv,5760.0,800.0,0,6.4,0.0,6.4,0,26.5,33270.0,654.868,12.9576,33270.0,0.0,0.999994,0.0634284
5760_dose_800_gradient_0_VconcST_0_Vconc_6.4_run_0.csv,5760.0,800.0,0,6.4,0.0,6.4,0,26.75,36166.6,641.889,14.0858,36166.6,0.0,0.999994,0.0579511
5760_dose_800_gradient_0_VconcST_0_Vconc_6.4_run_0.csv,5760.0,800.0,0,6.4,0.0,6.4,0,27.0,38992.4,629.168,15.1863,38992.4,0.0,0.999995,0.0538389
5760_dose_800_gradient_0_VconcST_0_Vconc_6.4_run_0.csv,5760.0,800.0,0,6.4,0.0,6.4,0,27.25,41748.7,616.698,16.2598,41748.7,0.0,0.999995,0.0502182
5760_dose_800_gradient_0_VconcST_0_Vconc_6.4_run_0.csv,5760.0,800.0,0,6.4,0.0,6.4,0,27.5,44437.0,604.476,17.3068,44437.0,0.0,0.999996,0.0464395
5760_dose_800_gradient_0_VconcST_0_Vconc_6.4_run_0.csv,5760.0,800.0,0,6.4,0.0,6.4,0,27.75,47058.6,592.496,18.3279,47058.6,0.0,0.999996,0.0440533
5760_dose_800_gradient_0_VconcST_0_Vconc_6.4_run_0.csv,5760.0,800.0,0,6.4,0.0,6.4,0,28.0,49615.1,580.753,19.3235,49615.1,0.0,0.999996,0.041644
5760_dose_800_gradient_0_VconcST_0_Vconc_6.4_run_0.csv,5760.0,800.0,0,6.4,0.0,6.4,0,28.25,52107.7,569.244,20.2943,52107.7,0.0,0.999996,0.0398965
5760_dose_800_gradient_0_VconcST_0_Vconc_6.4_run_0.csv,5760.0,800.0,0,6.4,0.0,6.4,0,28.5,54537.6,557.962,21.2407,54537.6,0.0,0.999996,0.0379961
5760_dose_800_gradient_0_VconcST_0_Vconc_6.4_run_0.csv,5760.0,800.0,0,6.4,0.0,6.4,0,28.75,56906.3,546.904,22.1632,56906.3,0.0,0.999996,0.0362378
5760_dose_800_gradient_0_VconcST_0_Vconc_6.4_run_0.csv,5760.0,800.0,0,6.4,0.0,6.4,0,29.0,59214.9,536.065,23.0624,59214.9,0.0,0.999997,0.0350224
5760_dose_800_gradient_0_VconcST_0_Vconc_6.4_run_0.csv,5760.0,800.0,0,6.4,0.0,6.4,0,29.25,61464.8,525.441,23.9386,61464.8,0.0,0.999997,0.0331714
5760_dose_800_gradient_0_VconcST_0_Vconc_6.4_run_0.csv,5760.0,800.0,0,6.4,0.0,6.4,0,29.5,63657.1,515.027,24.7925,63657.1,0.0,0.999997,0.0320032
5760_dose_800_gradient_0_VconcST_0_Vconc_6.4_run_0.csv,5760.0,800.0,0,6.4,0.0,6.4,0,29.75,65793.0,504.82,25.6243,65793.0,0.0,0.999997,0.0313809
5760_dose_800_gradient_0_VconcST_0_Vconc_6.4_run_0.csv,5760.0,800.0,0,6.4,0.0,6.4,0,30.0,67873.7,494.815,26.4347,67873.7,0.0,0.999997,0.0307587
5760_dose_800_gradient_0_VconcST_0_Vconc_6.4_run_0.csv,5760.0,800.0,0,6.4,0.0,6.4,0,30.25,69900.4,485.009,27.224,69900.4,0.0,0.999997,0.0295526
5760_dose_800_gradient_0_VconcST_0_Vconc_6.4_run_0.csv,5760.0,800.0,0,6.4,0.0,6.4,0,30.5,71874.0,475.396,27.9927,71874.0,0.0,0.999997,0.0289904
5760_dose_800_gradient_0_VconcST_0_Vconc_6.4_run_0.csv,5760.0,800.0,0,6.4,0.0,6.4,0,30.75,73795.9,465.974,28.7412,73795.9,0.0,0.999997,0.0283744
5760_dose_800_gradient_0_VconcST_0_Vconc_6.4_run_0.csv,5760.0,800.0,0,6.4,0.0,6.4,0,31.0,75667.0,456.739,29.4699,75667.0,0.0,0.999997,0.0277434
5760_dose_800_gradient_0_VconcST_0_Vconc_6.4_run_0.csv,5760.0,800.0,0,6.4,0.0,6.4,0,31.25,77488.3,447.687,30.1793,77488.3,0.0,0.999997,0.0266845
5760_dose_800_gradient_0_VconcST_0_Vconc_6.4_run_0.csv,5760.0,800.0,0,6.4,0.0,6.4,0,31.5,79260.9,438.815,30.8697,79260.9,0.0,0.999997,0.0259596
5760_dose_800_gradient_0_VconcST_0_Vconc_6.4_run_0.csv,5760.0,800.0,0,6.4,0.0,6.4,0,31.75,80985.9,430.118,31.5415,80985.9,0.0,0.999997,0.0259523
5760_dose_800_gradient_0_VconcST_0_Vconc_6.4_run_0.csv,5760.0,800.0,0,6.4,0.0,6.4,0,32.0,82664.2,421.593,32.1951,82664.2,0.0,0.999998,0.0253514
5760_dose_800_gradient_0_VconcST_0_Vconc_6.4_run_0.csv,5760.0,800.0,0,6.4,0.0,6.4,0,32.25,84296.8,413.238,32.831,84296.8,0.0,0.999998,0.0247277
5760_dose_800_gradient_0_VconcST_0_Vconc_6.4_run_0.csv,5760.0,800.0,0,6.4,0.0,6.4,0,32.5,85884.6,405.048,33.4494,85884.6,0.0,0.999998,0.0241612
5760_dose_800_gradient_0_VconcST_0_Vconc_6.4_run_0.csv,5760.0,800.0,0,6.4,0.0,6.4,0,32.75,87428.5,397.021,34.0507,87428.5,0.0,0.999998,0.0235571
5760_dose_800_gradient_0_VconcST_0_Vconc_6.4_run_0.csv,5760.0,800.0,0,6.4,0.0,6.4,0,33.0,88929.6,389.152,34.6353,88929.6,0.0,0.999998,0.0235215
5760_dose_800_gradient_0_VconcST_0_Vconc_6.4_run_0.csv,5760.0,800.0,0,6.4,0.0,6.4,0,33.25,90388.7,381.44,35.2036,90388.7,0.0,0.999998,0.0229532
5760_dose_800_gradient_0_VconcST_0_Vconc_6.4_run_0.csv,5760.0,800.0,0,6.4,0.0,6.4,0,33.5,91806.5,373.88,35.7558,91806.5,0.0,0.999998,0.0223844
5760_dose_800_gradient_0_VconcST_0_Vconc_6.4_run_0.csv,5760.0,800.0,0,6.4,0.0,6.4,0,33.75,93184.2,366.47,36.2923,93184.2,0.0,0.999998,0.0224322
5760_dose_800_gradient_0_VconcST_0_Vconc_6.4_run_0.csv,5760.0,800.0,0,6.4,0.0,6.4,0,34.0,94522.4,359.207,36.8135,94522.4,0.0,0.999998,0.0217122
5760_dose_800_gradient_0_VconcST_0_Vconc_6.4_run_0.csv,5760.0,800.0,0,6.4,0.0,6.4,0,34.25,95822.0,352.088,37.3197,95822.0,0.0,0.999998,0.0217122
5760_dose_800_gradient_0_VconcST_0_Vconc_6.4_run_0.csv,5760.0,800.0,0,6.4,0.0,6.4,0,34.5,97083.9,345.11,37.8112,97083.9,0.0,0.999998,0.0211588
5760_dose_800_gradient_0_VconcST_0_Vconc_6.4_run_0.csv,5760.0,800.0,0,6.4,0.0,6.4,0,34.75,98308.7,338.27,38.2882,98308.7,0.0,0.999998,0.0211343
5760_dose_800_gradient_0_VconcST_0_Vconc_6.4_run_0.csv,5760.0,800.0,0,6.4,0.0,6.4,0,35.0,99497.4,331.566,38.7511,99497.4,0.0,0.999998,0.0205312
5760_dose_800_gradient_0_VconcST_0_Vconc_6.4_run_0.csv,5760.0,800.0,0,6.4,0.0,6.4,0,35.25,100651.0,324.995,39.2003,100651.0,0.0,0.999998,0.0205709
5760_dose_800_gradient_0_VconcST_0_Vconc_6.4_run_0.csv,5760.0,800.0,0,6.4,0.0,6.4,0,35.5,101769.0,318.554,39.6359,101769.0,0.0,0.999998,0.020506
5760_dose_800_gradient_0_VconcST_0_Vconc_6.4_run_0.csv,5760.0,800.0,0,6.4,0.0,6.4,0,35.75,102854.0,312.241,40.0583,102854.0,0.0,0.999998,0.0199029
5760_dose_800_gradient_0_VconcST_0_Vconc_6.4_run_0.csv,5760.0,800.0,0,6.4,0.0,6.4,0,36.0,103905.0,306.052,40.4677,103905.0,0.0,0.999998,0.0199211
5760_dose_800_gradient_0_VconcST_0_Vconc_6.4_run_0.csv,5760.0,800.0,0,6.4,0.0,6.4,0,36.25,104924.0,299.987,40.8645,104924.0,0.0,0.999998,0.0199211
5760_dose_800_gradient_0_VconcST_0_Vconc_6.4_run_0.csv,5760.0,800.0,0,6.4,0.0,6.4,0,36.5,105910.0,294.041,41.2488,105910.0,0.0,0.999998,0.0193431
5760_dose_800_gradient_0_VconcST_0_Vconc_6.4_run_0.csv,5760.0,800.0,0,6.4,0.0,6.4,0,36.75,106866.0,288.214,41.621,106866.0,0.0,0.999998,0.0192997
5760_dose_800_gradient_0_VconcST_0_Vconc_6.4_run_0.csv,5760.0,800.0,0,6.4,0.0,6.4,0,37.0,107791.0,282.502,41.9813,107791.0,0.0,0.999998,0.019335
5760_dose_800_gradient_0_VconcST_0_Vconc_6.4_run_0.csv,5760.0,800.0,0,6.4,0.0,6.4,0,37.25,108687.0,276.903,42.33,108687.0,0.0,0.999998,0.0187492
5760_dose_800_gradient_0_VconcST_0_Vconc_6.4_run_0.csv,5760.0,800.0,0,6.4,0.0,6.4,0,37.5,109553.0,271.414,42.6673,109553.0,0.0,0.999998,0.0187446
5760_dose_800_gradient_0_VconcST_0_Vconc_6.4_run_0.csv,5760.0,800.0,0,6.4,0.0,6.4,0,37.75,110390.0,266.035,42.9935,110390.0,0.0,0.999998,0.0187059
5760_dose_800_gradient_0_VconcST_0_Vconc_6.4_run_0.csv,5760.0,800.0,0,6.4,0.0,6.4,0,38.0,111199.0,260.763,43.3087,111199.0,0.0,0.999998,0.0187078
5760_dose_800_gradient_0_VconcST_0_Vconc_6.4_run_0.csv,5760.0,800.0,0,6.4,0.0,6.4,0,38.25,111981.0,255.595,43.6133,111981.0,0.0,0.999998,0.0187137
5760_dose_800_gradient_0_VconcST_0_Vconc_6.4_run_0.csv,5760.0,800.0,0,6.4,0.0,6.4,0,38.5,112737.0,250.529,43.9074,112737.0,0.0,0.999998,0.0180937
5760_dose_800_gradient_0_VconcST_0_Vconc_6.4_run_0.csv,5760.0,800.0,0,6.4,0.0,6.4,0,38.75,113465.0,245.564,44.1913,113465.0,0.0,0.999998,0.0181064
5760_dose_800_gradient_0_VconcST_0_Vconc_6.4_run_0.csv,5760.0,800.0,0,6.4,0.0,6.4,0,39.0,114169.0,240.697,44.4652,114169.0,0.0,0.999998,0.0181026
5760_dose_800_gradient_0_VconcST_0_Vconc_6.4_run_0.csv,5760.0,800.0,0,6.4,0.0,6.4,0,39.25,114847.0,235.927,44.7293,114847.0,0.0,0.999998,0.0181026
5760_dose_800_gradient_0_VconcST_0_Vconc_6.4_run_0.csv,5760.0,800.0,0,6.4,0.0,6.4,0,39.5,115500.0,231.251,44.9838,115500.0,0.0,0.999998,0.0181344
5760_dose_800_gradient_0_VconcST_0_Vconc_6.4_run_0.csv,5760.0,800.0,0,6.4,0.0,6.4,0,39.75,116130.0,226.668,45.229,116130.0,0.0,0.999998,0.0175243
5760_dose_800_gradient_0_VconcST_0_Vconc_6.4_run_0.csv,5760.0,800.0,0,6.4,0.0,6.4,0,40.0,116736.0,222.176,45.465,116736.0,0.0,0.999998,0.0175046
5760_dose_800_gradient_0_VconcST_0_Vconc_6.4_run_0.csv,5760.0,800.0,0,6.4,0.0,6.4,0,40.25,117319.0,217.772,45.692,117319.0,0.0,0.999998,0.0175009
5760_dose_800_gradient_0_VconcST_0_Vconc_6.4_run_0.csv,5760.0,800.0,0,6.4,0.0,6.4,0,40.5,117879.0,213.456,45.9102,117879.0,0.0,0.999998,0.0175187
5760_dose_800_gradient_0_VconcST_0_Vconc_6.4_run_0.csv,5760.0,800.0,0,6.4,0.0,6.4,0,40.75,118417.0,209.226,46.1199,118417.0,0.0,0.999998,0.0174905
5760_dose_800_gradient_0_VconcST_0_Vconc_6.4_run_0.csv,5760.0,800.0,0,6.4,0.0,6.4,0,41.0,118934.0,205.079,46.3211,118934.0,0.0,0.999998,0.0175169
5760_dose_800_gradient_0_VconcST_0_Vconc_6.4_run_0.csv,5760.0,800.0,0,6.4,0.0,6.4,0,41.25,119430.0,201.015,46.5142,119430.0,0.0,0.999998,0.0175335
5760_dose_800_gradient_0_VconcST_0_Vconc_6.4_run_0.csv,5760.0,800.0,0,6.4,0.0,6.4,0,41.5,119905.0,197.031,46.6992,119905.0,0.0,0.999998,0.0169336
5760_dose_800_gradient_0_VconcST_0_Vconc_0.8_run_2.csv,5760.0,800.0,0,0.8,0.0,0.8,2,0.0,0.0,0.0,0.0,0.0,0.0,0.0,0.0
5760_dose_800_gradient_0_VconcST_0_Vconc_0.8_run_2.csv,5760.0,800.0,0,0.8,0.0,0.8,2,0.25,0.0,0.0,0.0,0.0,0.0,0.0,2146.62
5760_dose_800_gradient_0_VconcST_0_Vconc_0.8_run_2.csv,5760.0,800.0,0,0.8,0.0,0.8,2,0.5,0.0,0.0,0.0,0.0,0.0,0.0,31.0364
5760_dose_800_gradient_0_VconcST_0_Vconc_0.8_run_2.csv,5760.0,800.0,0,0.8,0.0,0.8,2,0.75,0.0,0.0,0.0,0.0,0.0,0.0,1996.14
5760_dose_800_gradient_0_VconcST_0_Vconc_0.8_run_2.csv,5760.0,800.0,0,0.8,0.0,0.8,2,1.0,0.0,0.0,0.0,0.0,0.0,0.0,71.8454
5760_dose_800_gradient_0_VconcST_0_Vconc_0.8_run_2.csv,5760.0,800.0,0,0.8,0.0,0.8,2,1.25,0.0,0.0,0.0,0.0,0.0,0.0,1858.99
5760_dose_800_gradient_0_VconcST_0_Vconc_0.8_run_2.csv,5760.0,800.0,0,0.8,0.0,0.8,2,1.5,0.0,0.0,0.0,0.0,0.0,0.0,179.895
5760_dose_800_gradient_0_VconcST_0_Vconc_0.8_run_2.csv,5760.0,800.0,0,0.8,0.0,0.8,2,1.75,0.0,0.0,0.0,0.0,0.0,0.0,1679.39
5760_dose_800_gradient_0_VconcST_0_Vconc_0.8_run_2.csv,5760.0,800.0,0,0.8,0.0,0.8,2,2.0,0.0,0.0,0.0,0.0,0.0,0.0,306.129
5760_dose_800_gradient_0_VconcST_0_Vconc_0.8_run_2.csv,5760.0,800.0,0,0.8,0.0,0.8,2,2.25,0.0,0.0,0.0,0.0,0.0,0.0,1628.23
5760_dose_800_gradient_0_VconcST_0_Vconc_0.8_run_2.csv,5760.0,800.0,0,0.8,0.0,0.8,2,2.5,0.0,0.0,0.0,0.0,0.0,0.0,352.238
5760_dose_800_gradient_0_VconcST_0_Vconc_0.8_run_2.csv,5760.0,800.0,0,0.8,0.0,0.8,2,2.75,0.0,0.0,0.0,0.0,0.0,0.0,1614.34
5760_dose_800_gradient_0_VconcST_0_Vconc_0.8_run_2.csv,5760.0,800.0,0,0.8,0.0,0.8,2,3.0,0.0,0.0,0.0,0.0,0.0,0.0,361.823
5760_dose_800_gradient_0_VconcST_0_Vconc_0.8_run_2.csv,5760.0,800.0,0,0.8,0.0,0.8,2,3.25,0.0,0.0,0.0,0.0,0.0,0.0,1475.13
5760_dose_800_gradient_0_VconcST_0_Vconc_0.8_run_2.csv,5760.0,800.0,0,0.8,0.0,0.8,2,3.5,0.0,0.0,0.0,0.0,0.0,0.0,503.524
5760_dose_800_gradient_0_VconcST_0_Vconc_0.8_run_2.csv,5760.0,800.0,0,0.8,0.0,0.8,2,3.75,0.0,0.0,0.0,0.0,0.0,0.0,1447.13
5760_dose_800_gradient_0_VconcST_0_Vconc_0.8_run_2.csv,5760.0,800.0,0,0.8,0.0,0.8,2,4.0,0.0,0.0,0.0,0.0,0.0,0.0,601.672
5760_dose_800_gradient_0_VconcST_0_Vconc_0.8_run_2.csv,5760.0,800.0,0,0.8,0.0,0.8,2,4.25,0.0,0.0,0.0,0.0,0.0,0.0,1265.57
5760_dose_800_gradient_0_VconcST_0_Vconc_0.8_run_2.csv,5760.0,800.0,0,0.8,0.0,0.8,2,4.5,0.0,0.0,0.0,0.0,0.0,0.0,731.098
5760_dose_800_gradient_0_VconcST_0_Vconc_0.8_run_2.csv,5760.0,800.0,0,0.8,0.0,0.8,2,4.75,0.0,0.0,0.0,0.0,0.0,0.0,1171.29
5760_dose_800_gradient_0_VconcST_0_Vconc_0.8_run_2.csv,5760.0,800.0,0,0.8,0.0,0.8,2,5.0,0.0,0.0,0.0,0.0,0.0,0.0,837.489
5760_dose_800_gradient_0_VconcST_0_Vconc_0.8_run_2.csv,5760.0,800.0,0,0.8,0.0,0.8,2,5.25,0.0,0.0,0.0,0.0,0.0,0.0,1022.13
5760_dose_800_gradient_0_VconcST_0_Vconc_0.8_run_2.csv,5760.0,800.0,0,0.8,0.0,0.8,2,5.5,0.0,0.0,0.0,0.0,0.0,0.0,982.026
5760_dose_800_gradient_0_VconcST_0_Vconc_0.8_run_2.csv,5760.0,800.0,0,0.8,0.0,0.8,2,5.75,0.0,0.0,0.0,0.0,0.0,0.0,927.983
5760_dose_800_gradient_0_VconcST_0_Vconc_0.8_run_2.csv,5760.0,800.0,0,0.8,0.0,0.8,2,6.0,0.0,0.0,0.0,0.0,0.0,0.0,1127.24
5760_dose_800_gradient_0_VconcST_0_Vconc_0.8_run_2.csv,5760.0,800.0,0,0.8,0.0,0.8,2,6.25,0.0,0.0,0.0,0.0,0.0,0.0,819.778
5760_dose_800_gradient_0_VconcST_0_Vconc_0.8_run_2.csv,5760.0,800.0,0,0.8,0.0,0.8,2,6.5,0.0,0.0,0.0,0.0,0.0,0.0,1252.89
5760_dose_800_gradient_0_VconcST_0_Vconc_0.8_run_2.csv,5760.0,800.0,0,0.8,0.0,0.8,2,6.75,0.0,0.0,0.0,0.0,0.0,0.0,696.114
5760_dose_800_gradient_0_VconcST_0_Vconc_0.8_run_2.csv,5760.0,800.0,0,0.8,0.0,0.8,2,7.0,0.0,0.0,0.0,0.0,0.0,0.0,1438.02
5760_dose_800_gradient_0_VconcST_0_Vconc_0.8_run_2.csv,5760.0,800.0,0,0.8,0.0,0.8,2,7.25,0.0,0.0,0.0,0.0,0.0,0.0,540.515
5760_dose_800_gradient_0_VconcST_0_Vconc_0.8_run_2.csv,5760.0,800.0,0,0.8,0.0,0.8,2,7.5,0.0,0.0,0.0,0.0,0.0,0.0,1529.4
5760_dose_800_gradient_0_VconcST_0_Vconc_0.8_run_2.csv,5760.0,800.0,0,0.8,0.0,0.8,2,7.75,0.0,0.0,0.0,0.0,0.0,0.0,498.484
5760_dose_800_gradient_0_VconcST_0_Vconc_0.8_run_2.csv,5760.0,800.0,0,0.8,0.0,0.8,2,8.0,0.0,0.0,0.0,0.0,0.0,0.0,1559.15
5760_dose_800_gradient_0_VconcST_0_Vconc_0.8_run_2.csv,5760.0,800.0,0,0.8,0.0,0.8,2,8.25,0.0,0.0,0.0,0.0,0.0,0.0,477.369
5760_dose_800_gradient_0_VconcST_0_Vconc_0.8_run_2.csv,5760.0,800.0,0,0.8,0.0,0.8,2,8.5,0.0,0.0,0.0,0.0,0.0,0.0,1771.05
5760_dose_800_gradient_0_VconcST_0_Vconc_0.8_run_2.csv,5760.0,800.0,0,0.8,0.0,0.8,2,8.75,0.0,0.0,0.0,0.0,0.0,0.0,462.025
5760_dose_800_gradient_0_VconcST_0_Vconc_0.8_run_2.csv,5760.0,800.0,0,0.8,0.0,0.8,2,9.0,0.0,0.0,0.0,0.0,0.0,0.0,1718.63
5760_dose_800_gradient_0_VconcST_0_Vconc_0.8_run_2.csv,5760.0,800.0,0,0.8,0.0,0.8,2,9.25,0.0,0.0,0.0,0.0,0.0,0.0,534.62
5760_dose_800_gradient_0_VconcST_0_Vconc_0.8_run_2.csv,5760.0,800.0,0,0.8,0.0,0.8,2,9.5,0.0,0.0,0.0,0.0,0.00479818,0.0,1599.89
5760_dose_800_gradient_0_VconcST_0_Vconc_0.8_run_2.csv,5760.0,800.0,0,0.8,0.0,0.8,2,9.75,0.0,0.0,0.0,0.0,0.00157552,0.0,814.58
5760_dose_800_gradient_0_VconcST_0_Vconc_0.8_run_2.csv,5760.0,800.0,0,0.8,0.0,0.8,2,10.0,0.0,0.0,0.0,0.0,0.023112,0.0,1590.65
5760_dose_800_gradient_0_VconcST_0_Vconc_0.8_run_2.csv,5760.0,800.0,0,0.8,0.0,0.8,2,10.25,0.0,0.0,0.0,0.0,0.0767578,0.0,1409.43
5760_dose_800_gradient_0_VconcST_0_Vconc_0.8_run_2.csv,5760.0,800.0,0,0.8,0.0,0.8,2,10.5,0.0,0.0,0.0,0.0,0.159581,0.0,1647.61
5760_dose_800_gradient_0_VconcST_0_Vconc_0.8_run_2.csv,5760.0,800.0,0,0.8,0.0,0.8,2,10.75,0.0,0.0,0.0,0.0,0.275076,0.0,1949.52
5760_dose_800_gradient_0_VconcST_0_Vconc_0.8_run_2.csv,5760.0,800.0,0,0.8,0.0,0.8,2,11.0,0.0,0.0,0.0,0.0,0.415072,0.0,2133.88
5760_dose_800_gradient_0_VconcST_0_Vconc_0.8_run_2.csv,5760.0,800.0,0,0.8,0.0,0.8,2,11.25,0.0,0.0,0.0,0.0,0.591764,0.0,2250.26
5760_dose_800_gradient_0_VconcST_0_Vconc_0.8_run_2.csv,5760.0,800.0,0,0.8,0.0,0.8,2,11.5,0.0,0.0,0.0,0.0,0.782871,0.0,2232.92
5760_dose_800_gradient_0_VconcST_0_Vconc_0.8_run_2.csv,5760.0,800.0,0,0.8,0.0,0.8,2,11.75,0.0,0.0,0.0,0.0,0.9625,0.0,2261.95
5760_dose_800_gradient_0_VconcST_0_Vconc_0.8_run_2.csv,5760.0,800.0,0,0.8,0.0,0.8,2,12.0,0.0,0.0,0.0,0.0,1.0,0.0,2103.04
5760_dose_800_gradient_0_VconcST_0_Vconc_0.8_run_2.csv,5760.0,800.0,0,0.8,0.0,0.8,2,12.25,0.0,0.0,0.0,0.0,1.0,0.0,2154.22
5760_dose_800_gradient_0_VconcST_0_Vconc_0.8_run_2.csv,5760.0,800.0,0,0.8,0.0,0.8,2,12.5,0.0,0.0,0.0,0.0,1.0,0.0,2113.68
5760_dose_800_gradient_0_VconcST_0_Vconc_0.8_run_2.csv,5760.0,800.0,0,0.8,0.0,0.8,2,12.75,0.0,0.0,0.0,0.0,1.0,0.0,2196.67
5760_dose_800_gradient_0_VconcST_0_Vconc_0.8_run_2.csv,5760.0,800.0,0,0.8,0.0,0.8,2,13.0,0.0,0.0,0.0,0.0,1.0,0.0,2119.33
5760_dose_800_gradient_0_VconcST_0_Vconc_0.8_run_2.csv,5760.0,800.0,0,0.8,0.0,0.8,2,13.25,0.0,0.0,0.0,0.0,1.0,0.0,2214.12
5760_dose_800_gradient_0_VconcST_0_Vconc_0.8_run_2.csv,5760.0,800.0,0,0.8,0.0,0.8,2,13.5,0.0,0.0,0.0,0.0,1.0,0.0,2158.07
5760_dose_800_gradient_0_VconcST_0_Vconc_0.8_run_2.csv,5760.0,800.0,0,0.8,0.0,0.8,2,13.75,0.0,0.0,0.0,0.0,1.0,0.0,2176.28
5760_dose_800_gradient_0_VconcST_0_Vconc_0.8_run_2.csv,5760.0,800.0,0,0.8,0.0,0.8,2,14.0,0.0,0.0,0.0,0.0,1.0,0.0,2180.2
5760_dose_800_gradient_0_VconcST_0_Vconc_0.8_run_2.csv,5760.0,800.0,0,0.8,0.0,0.8,2,14.25,0.0,0.0,0.0,0.0,1.0,0.0,2123.84
5760_dose_800_gradient_0_VconcST_0_Vconc_0.8_run_2.csv,5760.0,800.0,0,0.8,0.0,0.8,2,14.5,0.0,0.0,0.0,0.0,1.0,0.0,2154.87
5760_dose_800_gradient_0_VconcST_0_Vconc_0.8_run_2.csv,5760.0,800.0,0,0.8,0.0,0.8,2,14.75,0.0,0.0,0.0,0.0,1.0,0.0,2039.25
5760_dose_800_gradient_0_VconcST_0_Vconc_0.8_run_2.csv,5760.0,800.0,0,0.8,0.0,0.8,2,15.0,0.0,0.0,0.0,0.0,1.0,0.0,2106.8
5760_dose_800_gradient_0_VconcST_0_Vconc_0.8_run_2.csv,5760.0,800.0,0,0.8,0.0,0.8,2,15.25,0.0,0.0,0.0,0.0,1.0,0.0,2129.48
5760_dose_800_gradient_0_VconcST_0_Vconc_0.8_run_2.csv,5760.0,800.0,0,0.8,0.0,0.8,2,15.5,0.0,0.0,0.0,0.0,1.0,0.0,2186.07
5760_dose_800_gradient_0_VconcST_0_Vconc_0.8_run_2.csv,5760.0,800.0,0,0.8,0.0,0.8,2,15.75,0.0,0.0,0.0,0.0,1.0,0.0,2179.85
5760_dose_800_gradient_0_VconcST_0_Vconc_0.8_run_2.csv,5760.0,800.0,0,0.8,0.0,0.8,2,16.0,0.0,0.0,0.0,0.0,1.0,0.0,2152.33
5760_dose_800_gradient_0_VconcST_0_Vconc_0.8_run_2.csv,5760.0,800.0,0,0.8,0.0,0.8,2,16.25,0.0,0.0,0.0,0.0,1.0,0.0,2184.78
5760_dose_800_gradient_0_VconcST_0_Vconc_0.8_run_2.csv,5760.0,800.0,0,0.8,0.0,0.8,2,16.5,0.0,0.0,0.0,0.0,1.0,0.0,2002.8
5760_dose_800_gradient_0_VconcST_0_Vconc_0.8_run_2.csv,5760.0,800.0,0,0.8,0.0,0.8,2,16.75,0.0,0.0,0.0,0.0,1.0,0.0,2104.78
5760_dose_800_gradient_0_VconcST_0_Vconc_0.8_run_2.csv,5760.0,800.0,0,0.8,0.0,0.8,2,17.0,0.0,0.0,0.0,0.0,1.0,0.0,2280.49
5760_dose_800_gradient_0_VconcST_0_Vconc_0.8_run_2.csv,5760.0,800.0,0,0.8,0.0,0.8,2,17.25,0.0,0.0,0.0,0.0,1.0,0.0,2269.18
5760_dose_800_gradient_0_VconcST_0_Vconc_0.8_run_2.csv,5760.0,800.0,0,0.8,0.0,0.8,2,17.5,0.0,0.0,0.0,0.0,1.0,0.0,2198.66
5760_dose_800_gradient_0_VconcST_0_Vconc_0.8_run_2.csv,5760.0,800.0,0,0.8,0.0,0.8,2,17.75,0.0,0.0,0.0,0.0,1.0,0.0,2208.48
5760_dose_800_gradient_0_VconcST_0_Vconc_0.8_run_2.csv,5760.0,800.0,0,0.8,0.0,0.8,2,18.0,0.0,0.0,0.0,0.0,1.0,0.0,2168.18
5760_dose_800_gradient_0_VconcST_0_Vconc_0.8_run_2.csv,5760.0,800.0,0,0.8,0.0,0.8,2,18.25,0.0,0.0,0.0,0.0,1.0,0.0,2215.91
5760_dose_800_gradient_0_VconcST_0_Vconc_0.8_run_2.csv,5760.0,800.0,0,0.8,0.0,0.8,2,18.5,0.0,0.0,0.0,0.0,1.0,0.0,2226.04
5760_dose_800_gradient_0_VconcST_0_Vconc_0.8_run_2.csv,5760.0,800.0,0,0.8,0.0,0.8,2,18.75,0.0,0.0,0.0,0.0,1.0,0.0,2158.8
5760_dose_800_gradient_0_VconcST_0_Vconc_0.8_run_2.csv,5760.0,800.0,0,0.8,0.0,0.8,2,19.0,0.0,0.0,0.0,0.0,1.0,0.0,2158.82
5760_dose_800_gradient_0_VconcST_0_Vconc_0.8_run_2.csv,5760.0,800.0,0,0.8,0.0,0.8,2,19.25,0.0,0.0,0.0,0.0,1.0,0.0,2204.11
5760_dose_800_gradient_0_VconcST_0_Vconc_0.8_run_2.csv,5760.0,800.0,0,0.8,0.0,0.8,2,19.5,0.0,0.0,0.0,0.0,1.0,0.0,2183.47
5760_dose_800_gradient_0_VconcST_0_Vconc_0.8_run_2.csv,5760.0,800.0,0,0.8,0.0,0.8,2,19.75,0.0,0.0,0.0,0.0,1.0,0.0,2181.74
5760_dose_800_gradient_0_VconcST_0_Vconc_0.8_run_2.csv,5760.0,800.0,0,0.8,0.0,0.8,2,20.0,0.0,0.0,0.0,0.0,1.0,0.0,2081.28
5760_dose_800_gradient_0_VconcST_0_Vconc_0.8_run_2.csv,5760.0,800.0,0,0.8,0.0,0.8,2,20.25,0.0,0.0,0.0,0.0,1.0,0.0,2124.7
5760_dose_800_gradient_0_VconcST_0_Vconc_0.8_run_2.csv,5760.0,800.0,0,0.8,0.0,0.8,2,20.5,0.0,0.0,0.0,0.0,1.0,0.0,2182.78
5760_dose_800_gradient_0_VconcST_0_Vconc_0.8_run_2.csv,5760.0,800.0,0,0.8,0.0,0.8,2,20.75,0.0,0.0,0.0,0.0,1.0,0.0,2123.45
5760_dose_800_gradient_0_VconcST_0_Vconc_0.8_run_2.csv,5760.0,800.0,0,0.8,0.0,0.8,2,21.0,0.0,0.0,0.0,0.0,1.0,0.0,2167.11
5760_dose_800_gradient_0_VconcST_0_Vconc_0.8_run_2.csv,5760.0,800.0,0,0.8,0.0,0.8,2,21.25,0.0,0.0,0.0,0.0,1.0,0.0,2073.27
5760_dose_800_gradient_0_VconcST_0_Vconc_0.8_run_2.csv,5760.0,800.0,0,0.8,0.0,0.8,2,21.5,0.0,0.0,0.0,0.0,1.0,0.0,2145.28
5760_dose_800_gradient_0_VconcST_0_Vconc_0.8_run_2.csv,5760.0,800.0,0,0.8,0.0,0.8,2,21.75,0.0,0.0,0.0,0.0,1.0,0.0,2167.81
5760_dose_800_gradient_0_VconcST_0_Vconc_0.8_run_2.csv,5760.0,800.0,0,0.8,0.0,0.8,2,22.0,0.0,0.0,0.0,0.0,1.0,0.0,2225.3
5760_dose_800_gradient_0_VconcST_0_Vconc_0.8_run_2.csv,5760.0,800.0,0,0.8,0.0,0.8,2,22.25,0.0,0.0,0.0,0.0,1.0,0.0,2211.91
5760_dose_800_gradient_0_VconcST_0_Vconc_0.8_run_2.csv,5760.0,800.0,0,0.8,0.0,0.8,2,22.5,0.0,0.0,0.0,0.0,1.0,0.0,2188.32
5760_dose_800_gradient_0_VconcST_0_Vconc_0.8_run_2.csv,5760.0,800.0,0,0.8,0.0,0.8,2,22.75,0.0,0.0,0.0,0.0,1.0,0.0,2269.33
5760_dose_800_gradient_0_VconcST_0_Vconc_0.8_run_2.csv,5760.0,800.0,0,0.8,0.0,0.8,2,23.0,0.0,0.0,0.0,0.0,1.0,0.0,2231.2
5760_dose_800_gradient_0_VconcST_0_Vconc_0.8_run_2.csv,5760.0,800.0,0,0.8,0.0,0.8,2,23.25,0.0,0.0,0.0,0.0,1.0,0.0,2179.66
5760_dose_800_gradient_0_VconcST_0_Vconc_0.8_run_2.csv,5760.0,800.0,0,0.8,0.0,0.8,2,23.5,0.0,0.0,0.0,0.0,1.0,0.0,2185.41
5760_dose_800_gradient_0_VconcST_0_Vconc_0.8_run_2.csv,5760.0,800.0,0,0.8,0.0,0.8,2,23.75,0.0,0.0,0.0,0.0,1.0,0.0,2113.4
5760_dose_800_gradient_0_VconcST_0_Vconc_0.8_run_2.csv,5760.0,800.0,0,0.8,0.0,0.8,2,24.0,62.29,800.0,0.02426,62.29,1.0,0.0,2137.84
5760_dose_800_gradient_0_VconcST_0_Vconc_0.8_run_2.csv,5760.0,800.0,0,0.8,0.0,0.8,2,24.25,3754.75,784.145,1.46236,3754.75,0.0,0.999946,0.0652189
5760_dose_800_gradient_0_VconcST_0_Vconc_0.8_run_2.csv,5760.0,800.0,0,0.8,0.0,0.8,2,24.5,7360.03,768.604,2.8665,7360.03,0.0,0.999973,0.0451033
5760_dose_800_gradient_0_VconcST_0_Vconc_0.8_run_2.csv,5760.0,800.0,0,0.8,0.0,0.8,2,24.75,10879.9,753.371,4.23739,10879.9,0.0,0.999982,0.027549
5760_dose_800_gradient_0_VconcST_0_Vconc_0.8_run_2.csv,5760.0,800.0,0,0.8,0.0,0.8,2,25.0,14316.1,738.44,5.57569,14316.1,0.0,0.999986,0.0200007
5760_dose_800_gradient_0_VconcST_0_Vconc_0.8_run_2.csv,5760.0,800.0,0,0.8,0.0,0.8,2,25.25,17670.4,723.805,6.88207,17670.4,0.0,0.999989,0.0157564
5760_dose_800_gradient_0_VconcST_0_Vconc_0.8_run_2.csv,5760.0,800.0,0,0.8,0.0,0.8,2,25.5,20944.4,709.46,8.15719,20944.4,0.0,0.99999,0.0130424
5760_dose_800_gradient_0_VconcST_0_Vconc_0.8_run_2.csv,5760.0,800.0,0,0.8,0.0,0.8,2,25.75,24139.7,695.4,9.40168,24139.7,0.0,0.999992,0.0111577
5760_dose_800_gradient_0_VconcST_0_Vconc_0.8_run_2.csv,5760.0,800.0,0,0.8,0.0,0.8,2,26.0,27258.1,681.618,10.6162,27258.1,0.0,0.999993,0.00980071
5760_dose_800_gradient_0_VconcST_0_Vconc_0.8_run_2.csv,5760.0,800.0,0,0.8,0.0,0.8,2,26.25,30301.0,668.109,11.8013,30301.0,0.0,0.999993,0.00875052
5760_dose_800_gradient_0_VconcST_0_Vconc_0.8_run_2.csv,5760.0,800.0,0,0.8,0.0,0.8,2,26.5,33270.0,654.868,12.9576,33270.0,0.0,0.999994,0.00793353
5760_dose_800_gradient_0_VconcST_0_Vconc_0.8_run_2.csv,5760.0,800.0,0,0.8,0.0,0.8,2,26.75,36166.6,641.889,14.0858,36166.6,0.0,0.999994,0.00724764
5760_dose_800_gradient_0_VconcST_0_Vconc_0.8_run_2.csv,5760.0,800.0,0,0.8,0.0,0.8,2,27.0,38992.4,629.168,15.1863,38992.4,0.0,0.999995,0.00670973
5760_dose_800_gradient_0_VconcST_0_Vconc_0.8_run_2.csv,5760.0,800.0,0,0.8,0.0,0.8,2,27.25,41748.7,616.698,16.2598,41748.7,0.0,0.999995,0.00626308
5760_dose_800_gradient_0_VconcST_0_Vconc_0.8_run_2.csv,5760.0,800.0,0,0.8,0.0,0.8,2,27.5,44437.0,604.476,17.3068,44437.0,0.0,0.999996,0.0058167
5760_dose_800_gradient_0_VconcST_0_Vconc_0.8_run_2.csv,5760.0,800.0,0,0.8,0.0,0.8,2,27.75,47058.6,592.496,18.3279,47058.6,0.0,0.999996,0.00550853
5760_dose_800_gradient_0_VconcST_0_Vconc_0.8_run_2.csv,5760.0,800.0,0,0.8,0.0,0.8,2,28.0,49615.1,580.753,19.3235,49615.1,0.0,0.999996,0.00520194
5760_dose_800_gradient_0_VconcST_0_Vconc_0.8_run_2.csv,5760.0,800.0,0,0.8,0.0,0.8,2,28.25,52107.7,569.244,20.2943,52107.7,0.0,0.999996,0.00498242
5760_dose_800_gradient_0_VconcST_0_Vconc_0.8_run_2.csv,5760.0,800.0,0,0.8,0.0,0.8,2,28.5,54537.6,557.962,21.2407,54537.6,0.0,0.999996,0.00474959
5760_dose_800_gradient_0_VconcST_0_Vconc_0.8_run_2.csv,5760.0,800.0,0,0.8,0.0,0.8,2,28.75,56906.3,546.904,22.1632,56906.3,0.0,0.999996,0.004529
5760_dose_800_gradient_0_VconcST_0_Vconc_0.8_run_2.csv,5760.0,800.0,0,0.8,0.0,0.8,2,29.0,59214.9,536.065,23.0624,59214.9,0.0,0.999997,0.00437266
5760_dose_800_gradient_0_VconcST_0_Vconc_0.8_run_2.csv,5760.0,800.0,0,0.8,0.0,0.8,2,29.25,61464.8,525.441,23.9386,61464.8,0.0,0.999997,0.00415814
5760_dose_800_gradient_0_VconcST_0_Vconc_0.8_run_2.csv,5760.0,800.0,0,0.8,0.0,0.8,2,29.5,63657.1,515.027,24.7925,63657.1,0.0,0.999997,0.00399978
5760_dose_800_gradient_0_VconcST_0_Vconc_0.8_run_2.csv,5760.0,800.0,0,0.8,0.0,0.8,2,29.75,65793.0,504.82,25.6243,65793.0,0.0,0.999997,0.00392305
5760_dose_800_gradient_0_VconcST_0_Vconc_0.8_run_2.csv,5760.0,800.0,0,0.8,0.0,0.8,2,30.0,67873.7,494.815,26.4347,67873.7,0.0,0.999997,0.00384844
5760_dose_800_gradient_0_VconcST_0_Vconc_0.8_run_2.csv,5760.0,800.0,0,0.8,0.0,0.8,2,30.25,69900.4,485.009,27.224,69900.4,0.0,0.999997,0.00369411
5760_dose_800_gradient_0_VconcST_0_Vconc_0.8_run_2.csv,5760.0,800.0,0,0.8,0.0,0.8,2,30.5,71874.0,475.396,27.9927,71874.0,0.0,0.999997,0.00361875
5760_dose_800_gradient_0_VconcST_0_Vconc_0.8_run_2.csv,5760.0,800.0,0,0.8,0.0,0.8,2,30.75,73795.9,465.974,28.7412,73795.9,0.0,0.999997,0.00355703
5760_dose_800_gradient_0_VconcST_0_Vconc_0.8_run_2.csv,5760.0,800.0,0,0.8,0.0,0.8,2,31.0,75667.0,456.739,29.4699,75667.0,0.0,0.999997,0.00347918
5760_dose_800_gradient_0_VconcST_0_Vconc_0.8_run_2.csv,5760.0,800.0,0,0.8,0.0,0.8,2,31.25,77488.3,447.687,30.1793,77488.3,0.0,0.999997,0.00332965
5760_dose_800_gradient_0_VconcST_0_Vconc_0.8_run_2.csv,5760.0,800.0,0,0.8,0.0,0.8,2,31.5,79260.9,438.815,30.8697,79260.9,0.0,0.999997,0.00324352
5760_dose_800_gradient_0_VconcST_0_Vconc_0.8_run_2.csv,5760.0,800.0,0,0.8,0.0,0.8,2,31.75,80985.9,430.118,31.5415,80985.9,0.0,0.999997,0.00324409
5760_dose_800_gradient_0_VconcST_0_Vconc_0.8_run_2.csv,5760.0,800.0,0,0.8,0.0,0.8,2,32.0,82664.2,421.593,32.1951,82664.2,0.0,0.999998,0.0031683
5760_dose_800_gradient_0_VconcST_0_Vconc_0.8_run_2.csv,5760.0,800.0,0,0.8,0.0,0.8,2,32.25,84296.8,413.238,32.831,84296.8,0.0,0.999998,0.00310057
5760_dose_800_gradient_0_VconcST_0_Vconc_0.8_run_2.csv,5760.0,800.0,0,0.8,0.0,0.8,2,32.5,85884.6,405.048,33.4494,85884.6,0.0,0.999998,0.00303332
5760_dose_800_gradient_0_VconcST_0_Vconc_0.8_run_2.csv,5760.0,800.0,0,0.8,0.0,0.8,2,32.75,87428.5,397.021,34.0507,87428.5,0.0,0.999998,0.00294353
5760_dose_800_gradient_0_VconcST_0_Vconc_0.8_run_2.csv,5760.0,800.0,0,0.8,0.0,0.8,2,33.0,88929.6,389.152,34.6353,88929.6,0.0,0.999998,0.00294022
5760_dose_800_gradient_0_VconcST_0_Vconc_0.8_run_2.csv,5760.0,800.0,0,0.8,0.0,0.8,2,33.25,90388.7,381.44,35.2036,90388.7,0.0,0.999998,0.00287159
5760_dose_800_gradient_0_VconcST_0_Vconc_0.8_run_2.csv,5760.0,800.0,0,0.8,0.0,0.8,2,33.5,91806.5,373.88,35.7558,91806.5,0.0,0.999998,0.00279856
5760_dose_800_gradient_0_VconcST_0_Vconc_0.8_run_2.csv,5760.0,800.0,0,0.8,0.0,0.8,2,33.75,93184.2,366.47,36.2923,93184.2,0.0,0.999998,0.00278944
5760_dose_800_gradient_0_VconcST_0_Vconc_0.8_run_2.csv,5760.0,800.0,0,0.8,0.0,0.8,2,34.0,94522.4,359.207,36.8135,94522.4,0.0,0.999998,0.00271788
5760_dose_800_gradient_0_VconcST_0_Vconc_0.8_run_2.csv,5760.0,800.0,0,0.8,0.0,0.8,2,34.25,95822.0,352.088,37.3197,95822.0,0.0,0.999998,0.0027217
5760_dose_800_gradient_0_VconcST_0_Vconc_0.8_run_2.csv,5760.0,800.0,0,0.8,0.0,0.8,2,34.5,97083.9,345.11,37.8112,97083.9,0.0,0.999998,0.00264563
5760_dose_800_gradient_0_VconcST_0_Vconc_0.8_run_2.csv,5760.0,800.0,0,0.8,0.0,0.8,2,34.75,98308.7,338.27,38.2882,98308.7,0.0,0.999998,0.00264127
5760_dose_800_gradient_0_VconcST_0_Vconc_0.8_run_2.csv,5760.0,800.0,0,0.8,0.0,0.8,2,35.0,99497.4,331.566,38.7511,99497.4,0.0,0.999998,0.00256328
5760_dose_800_gradient_0_VconcST_0_Vconc_0.8_run_2.csv,5760.0,800.0,0,0.8,0.0,0.8,2,35.25,100651.0,324.995,39.2003,100651.0,0.0,0.999998,0.0025676
5760_dose_800_gradient_0_VconcST_0_Vconc_0.8_run_2.csv,5760.0,800.0,0,0.8,0.0,0.8,2,35.5,101769.0,318.554,39.6359,101769.0,0.0,0.999998,0.00256328
5760_dose_800_gradient_0_VconcST_0_Vconc_0.8_run_2.csv,5760.0,800.0,0,0.8,0.0,0.8,2,35.75,102854.0,312.241,40.0583,102854.0,0.0,0.999998,0.00249288
5760_dose_800_gradient_0_VconcST_0_Vconc_0.8_run_2.csv,5760.0,800.0,0,0.8,0.0,0.8,2,36.0,103905.0,306.052,40.4677,103905.0,0.0,0.999998,0.00249349
5760_dose_800_gradient_0_VconcST_0_Vconc_0.8_run_2.csv,5760.0,800.0,0,0.8,0.0,0.8,2,36.25,104924.0,299.987,40.8645,104924.0,0.0,0.999998,0.00248789
5760_dose_800_gradient_0_VconcST_0_Vconc_0.8_run_2.csv,5760.0,800.0,0,0.8,0.0,0.8,2,36.5,105910.0,294.041,41.2488,105910.0,0.0,0.999998,0.00242223
5760_dose_800_gradient_0_VconcST_0_Vconc_0.8_run_2.csv,5760.0,800.0,0,0.8,0.0,0.8,2,36.75,106866.0,288.214,41.621,106866.0,0.0,0.999998,0.00241418
5760_dose_800_gradient_0_VconcST_0_Vconc_0.8_run_2.csv,5760.0,800.0,0,0.8,0.0,0.8,2,37.0,107791.0,282.502,41.9813,107791.0,0.0,0.999998,0.00241248
5760_dose_800_gradient_0_VconcST_0_Vconc_0.8_run_2.csv,5760.0,800.0,0,0.8,0.0,0.8,2,37.25,108687.0,276.903,42.33,108687.0,0.0,0.999998,0.00233825
5760_dose_800_gradient_0_VconcST_0_Vconc_0.8_run_2.csv,5760.0,800.0,0,0.8,0.0,0.8,2,37.5,109553.0,271.414,42.6673,109553.0,0.0,0.999998,0.00234211
5760_dose_800_gradient_0_VconcST_0_Vconc_0.8_run_2.csv,5760.0,800.0,0,0.8,0.0,0.8,2,37.75,110390.0,266.035,42.9935,110390.0,0.0,0.999998,0.00233875
5760_dose_800_gradient_0_VconcST_0_Vconc_0.8_run_2.csv,5760.0,800.0,0,0.8,0.0,0.8,2,38.0,111199.0,260.763,43.3087,111199.0,0.0,0.999998,0.00234104
5760_dose_800_gradient_0_VconcST_0_Vconc_0.8_run_2.csv,5760.0,800.0,0,0.8,0.0,0.8,2,38.25,111981.0,255.595,43.6133,111981.0,0.0,0.999998,0.00233875
5760_dose_800_gradient_0_VconcST_0_Vconc_0.8_run_2.csv,5760.0,800.0,0,0.8,0.0,0.8,2,38.5,112737.0,250.529,43.9074,112737.0,0.0,0.999998,0.00226895
5760_dose_800_gradient_0_VconcST_0_Vconc_0.8_run_2.csv,5760.0,800.0,0,0.8,0.0,0.8,2,38.75,113465.0,245.564,44.1913,113465.0,0.0,0.999998,0.00226172
5760_dose_800_gradient_0_VconcST_0_Vconc_0.8_run_2.csv,5760.0,800.0,0,0.8,0.0,0.8,2,39.0,114169.0,240.697,44.4652,114169.0,0.0,0.999998,0.00226378
5760_dose_800_gradient_0_VconcST_0_Vconc_0.8_run_2.csv,5760.0,800.0,0,0.8,0.0,0.8,2,39.25,114847.0,235.927,44.7293,114847.0,0.0,0.999998,0.00226545
5760_dose_800_gradient_0_VconcST_0_Vconc_0.8_run_2.csv,5760.0,800.0,0,0.8,0.0,0.8,2,39.5,115500.0,231.251,44.9838,115500.0,0.0,0.999998,0.00226442
5760_dose_800_gradient_0_VconcST_0_Vconc_0.8_run_2.csv,5760.0,800.0,0,0.8,0.0,0.8,2,39.75,116130.0,226.668,45.229,116130.0,0.0,0.999998,0.00218633
5760_dose_800_gradient_0_VconcST_0_Vconc_0.8_run_2.csv,5760.0,800.0,0,0.8,0.0,0.8,2,40.0,116736.0,222.176,45.465,116736.0,0.0,0.999998,0.00218902
5760_dose_800_gradient_0_VconcST_0_Vconc_0.8_run_2.csv,5760.0,800.0,0,0.8,0.0,0.8,2,40.25,117319.0,217.772,45.692,117319.0,0.0,0.999998,0.00218833
5760_dose_800_gradient_0_VconcST_0_Vconc_0.8_run_2.csv,5760.0,800.0,0,0.8,0.0,0.8,2,40.5,117879.0,213.456,45.9102,117879.0,0.0,0.999998,0.0021924
5760_dose_800_gradient_0_VconcST_0_Vconc_0.8_run_2.csv,5760.0,800.0,0,0.8,0.0,0.8,2,40.75,118417.0,209.226,46.1199,118417.0,0.0,0.999998,0.00219163
5760_dose_800_gradient_0_VconcST_0_Vconc_0.8_run_2.csv,5760.0,800.0,0,0.8,0.0,0.8,2,41.0,118934.0,205.079,46.3211,118934.0,0.0,0.999998,0.00218633
5760_dose_800_gradient_0_VconcST_0_Vconc_0.8_run_2.csv,5760.0,800.0,0,0.8,0.0,0.8,2,41.25,119430.0,201.015,46.5142,119430.0,0.0,0.999998,0.00218833
5760_dose_800_gradient_0_VconcST_0_Vconc_0.8_run_2.csv,5760.0,800.0,0,0.8,0.0,0.8,2,41.5,119905.0,197.031,46.6992,119905.0,0.0,0.999998,0.00211242
5760_dose_800_gradient_0_VconcST_0_Vconc_3.2_run_2.csv,5760.0,800.0,0,3.2,0.0,3.2,2,0.0,0.0,0.0,0.0,0.0,0.0,0.0,0.0
5760_dose_800_gradient_0_VconcST_0_Vconc_3.2_run_2.csv,5760.0,800.0,0,3.2,0.0,3.2,2,0.25,0.0,0.0,0.0,0.0,0.0,0.0,10000.0
5760_dose_800_gradient_0_VconcST_0_Vconc_3.2_run_2.csv,5760.0,800.0,0,3.2,0.0,3.2,2,0.5,0.0,0.0,0.0,0.0,0.0,0.0,137.104
5760_dose_800_gradient_0_VconcST_0_Vconc_3.2_run_2.csv,5760.0,800.0,0,3.2,0.0,3.2,2,0.75,0.0,0.0,0.0,0.0,0.0,0.0,10000.0
5760_dose_800_gradient_0_VconcST_0_Vconc_3.2_run_2.csv,5760.0,800.0,0,3.2,0.0,3.2,2,1.0,0.0,0.0,0.0,0.0,0.0,0.0,132.666
5760_dose_800_gradient_0_VconcST_0_Vconc_3.2_run_2.csv,5760.0,800.0,0,3.2,0.0,3.2,2,1.25,0.0,0.0,0.0,0.0,0.0,0.0,10000.0
5760_dose_800_gradient_0_VconcST_0_Vconc_3.2_run_2.csv,5760.0,800.0,0,3.2,0.0,3.2,2,1.5,0.0,0.0,0.0,0.0,0.0,0.0,122.721
5760_dose_800_gradient_0_VconcST_0_Vconc_3.2_run_2.csv,5760.0,800.0,0,3.2,0.0,3.2,2,1.75,0.0,0.0,0.0,0.0,0.0,0.0,10000.0
5760_dose_800_gradient_0_VconcST_0_Vconc_3.2_run_2.csv,5760.0,800.0,0,3.2,0.0,3.2,2,2.0,0.0,0.0,0.0,0.0,0.0,0.0,122.717
5760_dose_800_gradient_0_VconcST_0_Vconc_3.2_run_2.csv,5760.0,800.0,0,3.2,0.0,3.2,2,2.25,0.0,0.0,0.0,0.0,0.0,0.0,10000.0
5760_dose_800_gradient_0_VconcST_0_Vconc_3.2_run_2.csv,5760.0,800.0,0,3.2,0.0,3.2,2,2.5,0.0,0.0,0.0,0.0,0.0,0.0,120.901
5760_dose_800_gradient_0_VconcST_0_Vconc_3.2_run_2.csv,5760.0,800.0,0,3.2,0.0,3.2,2,2.75,0.0,0.0,0.0,0.0,0.0,0.0,10000.0
5760_dose_800_gradient_0_VconcST_0_Vconc_3.2_run_2.csv,5760.0,800.0,0,3.2,0.0,3.2,2,3.0,0.0,0.0,0.0,0.0,0.0,0.0,118.681
5760_dose_800_gradient_0_VconcST_0_Vconc_3.2_run_2.csv,5760.0,800.0,0,3.2,0.0,3.2,2,3.25,0.0,0.0,0.0,0.0,0.0,0.0,10000.0
5760_dose_800_gradient_0_VconcST_0_Vconc_3.2_run_2.csv,5760.0,800.0,0,3.2,0.0,3.2,2,3.5,0.0,0.0,0.0,0.0,0.0,0.0,119.414
5760_dose_800_gradient_0_VconcST_0_Vconc_3.2_run_2.csv,5760.0,800.0,0,3.2,0.0,3.2,2,3.75,0.0,0.0,0.0,0.0,0.0,0.0,10000.0
5760_dose_800_gradient_0_VconcST_0_Vconc_3.2_run_2.csv,5760.0,800.0,0,3.2,0.0,3.2,2,4.0,0.0,0.0,0.0,0.0,0.0,0.0,120.229
5760_dose_800_gradient_0_VconcST_0_Vconc_3.2_run_2.csv,5760.0,800.0,0,3.2,0.0,3.2,2,4.25,0.0,0.0,0.0,0.0,0.0,0.0,816.999
5760_dose_800_gradient_0_VconcST_0_Vconc_3.2_run_2.csv,5760.0,800.0,0,3.2,0.0,3.2,2,4.5,0.0,0.0,0.0,0.0,0.0,0.0,5151.28
5760_dose_800_gradient_0_VconcST_0_Vconc_3.2_run_2.csv,5760.0,800.0,0,3.2,0.0,3.2,2,4.75,0.0,0.0,0.0,0.0,0.0,0.0,394.326
5760_dose_800_gradient_0_VconcST_0_Vconc_3.2_run_2.csv,5760.0,800.0,0,3.2,0.0,3.2,2,5.0,0.0,0.0,0.0,0.0,0.0,0.0,6307.89
5760_dose_800_gradient_0_VconcST_0_Vconc_3.2_run_2.csv,5760.0,800.0,0,3.2,0.0,3.2,2,5.25,0.0,0.0,0.0,0.0,0.0,0.0,389.182
5760_dose_800_gradient_0_VconcST_0_Vconc_3.2_run_2.csv,5760.0,800.0,0,3.2,0.0,3.2,2,5.5,0.0,0.0,0.0,0.0,0.0,0.0,7103.01
5760_dose_800_gradient_0_VconcST_0_Vconc_3.2_run_2.csv,5760.0,800.0,0,3.2,0.0,3.2,2,5.75,0.0,0.0,0.0,0.0,0.0,0.0,386.66
5760_dose_800_gradient_0_VconcST_0_Vconc_3.2_run_2.csv,5760.0,800.0,0,3.2,0.0,3.2,2,6.0,0.0,0.0,0.0,0.0,0.0,0.0,8149.83
5760_dose_800_gradient_0_VconcST_0_Vconc_3.2_run_2.csv,5760.0,800.0,0,3.2,0.0,3.2,2,6.25,0.0,0.0,0.0,0.0,0.0,0.0,352.818
5760_dose_800_gradient_0_VconcST_0_Vconc_3.2_run_2.csv,5760.0,800.0,0,3.2,0.0,3.2,2,6.5,0.0,0.0,0.0,0.0,0.0,0.0,9429.97
5760_dose_800_gradient_0_VconcST_0_Vconc_3.2_run_2.csv,5760.0,800.0,0,3.2,0.0,3.2,2,6.75,0.0,0.0,0.0,0.0,0.0,0.0,208.996
5760_dose_800_gradient_0_VconcST_0_Vconc_3.2_run_2.csv,5760.0,800.0,0,3.2,0.0,3.2,2,7.0,0.0,0.0,0.0,0.0,0.0,0.0,10000.0
5760_dose_800_gradient_0_VconcST_0_Vconc_3.2_run_2.csv,5760.0,800.0,0,3.2,0.0,3.2,2,7.25,0.0,0.0,0.0,0.0,0.0,0.0,179.326
5760_dose_800_gradient_0_VconcST_0_Vconc_3.2_run_2.csv,5760.0,800.0,0,3.2,0.0,3.2,2,7.5,0.0,0.0,0.0,0.0,0.0,0.0,10000.0
5760_dose_800_gradient_0_VconcST_0_Vconc_3.2_run_2.csv,5760.0,800.0,0,3.2,0.0,3.2,2,7.75,0.0,0.0,0.0,0.0,0.0,0.0,152.827
5760_dose_800_gradient_0_VconcST_0_Vconc_3.2_run_2.csv,5760.0,800.0,0,3.2,0.0,3.2,2,8.0,0.0,0.0,0.0,0.0,0.0,0.0,10000.0
5760_dose_800_gradient_0_VconcST_0_Vconc_3.2_run_2.csv,5760.0,800.0,0,3.2,0.0,3.2,2,8.25,0.0,0.0,0.0,0.0,0.0,0.0,147.667
5760_dose_800_gradient_0_VconcST_0_Vconc_3.2_run_2.csv,5760.0,800.0,0,3.2,0.0,3.2,2,8.5,0.0,0.0,0.0,0.0,0.0,0.0,10000.0
5760_dose_800_gradient_0_VconcST_0_Vconc_3.2_run_2.csv,5760.0,800.0,0,3.2,0.0,3.2,2,8.75,0.0,0.0,0.0,0.0,0.0,0.0,132.681
5760_dose_800_gradient_0_VconcST_0_Vconc_3.2_run_2.csv,5760.0,800.0,0,3.2,0.0,3.2,2,9.0,0.0,0.0,0.0,0.0,0.0,0.0,10000.0
5760_dose_800_gradient_0_VconcST_0_Vconc_3.2_run_2.csv,5760.0,800.0,0,3.2,0.0,3.2,2,9.25,0.0,0.0,0.0,0.0,0.0,0.0,130.99
5760_dose_800_gradient_0_VconcST_0_Vconc_3.2_run_2.csv,5760.0,800.0,0,3.2,0.0,3.2,2,9.5,0.0,0.0,0.0,0.0,0.0,0.0,10000.0
5760_dose_800_gradient_0_VconcST_0_Vconc_3.2_run_2.csv,5760.0,800.0,0,3.2,0.0,3.2,2,9.75,0.0,0.0,0.0,0.0,0.0,0.0,125.575
5760_dose_800_gradient_0_VconcST_0_Vconc_3.2_run_2.csv,5760.0,800.0,0,3.2,0.0,3.2,2,10.0,0.0,0.0,0.0,0.0,0.0,0.0,10000.0
5760_dose_800_gradient_0_VconcST_0_Vconc_3.2_run_2.csv,5760.0,800.0,0,3.2,0.0,3.2,2,10.25,0.0,0.0,0.0,0.0,0.0,0.0,121.535
5760_dose_800_gradient_0_VconcST_0_Vconc_3.2_run_2.csv,5760.0,800.0,0,3.2,0.0,3.2,2,10.5,0.0,0.0,0.0,0.0,0.0,0.0,10000.0
5760_dose_800_gradient_0_VconcST_0_Vconc_3.2_run_2.csv,5760.0,800.0,0,3.2,0.0,3.2,2,10.75,0.0,0.0,0.0,0.0,0.0,0.0,119.322
5760_dose_800_gradient_0_VconcST_0_Vconc_3.2_run_2.csv,5760.0,800.0,0,3.2,0.0,3.2,2,11.0,0.0,0.0,0.0,0.0,0.0,0.0,10000.0
5760_dose_800_gradient_0_VconcST_0_Vconc_3.2_run_2.csv,5760.0,800.0,0,3.2,0.0,3.2,2,11.25,0.0,0.0,0.0,0.0,0.0,0.0,121.21
5760_dose_800_gradient_0_VconcST_0_Vconc_3.2_run_2.csv,5760.0,800.0,0,3.2,0.0,3.2,2,11.5,0.0,0.0,0.0,0.0,0.0,0.0,10000.0
5760_dose_800_gradient_0_VconcST_0_Vconc_3.2_run_2.csv,5760.0,800.0,0,3.2,0.0,3.2,2,11.75,0.0,0.0,0.0,0.0,0.0,0.0,119.689
5760_dose_800_gradient_0_VconcST_0_Vconc_3.2_run_2.csv,5760.0,800.0,0,3.2,0.0,3.2,2,12.0,0.0,0.0,0.0,0.0,0.0,0.0,5690.08
5760_dose_800_gradient_0_VconcST_0_Vconc_3.2_run_2.csv,5760.0,800.0,0,3.2,0.0,3.2,2,12.25,0.0,0.0,0.0,0.0,0.0,0.0,4904.92
5760_dose_800_gradient_0_VconcST_0_Vconc_3.2_run_2.csv,5760.0,800.0,0,3.2,0.0,3.2,2,12.5,0.0,0.0,0.0,0.0,0.0,0.0,389.008
5760_dose_800_gradient_0_VconcST_0_Vconc_3.2_run_2.csv,5760.0,800.0,0,3.2,0.0,3.2,2,12.75,0.0,0.0,0.0,0.0,0.0,0.0,5916.64
5760_dose_800_gradient_0_VconcST_0_Vconc_3.2_run_2.csv,5760.0,800.0,0,3.2,0.0,3.2,2,13.0,0.0,0.0,0.0,0.0,0.0,0.0,386.177
5760_dose_800_gradient_0_VconcST_0_Vconc_3.2_run_2.csv,5760.0,800.0,0,3.2,0.0,3.2,2,13.25,0.0,0.0,0.0,0.0,0.0,0.0,6857.79
5760_dose_800_gradient_0_VconcST_0_Vconc_3.2_run_2.csv,5760.0,800.0,0,3.2,0.0,3.2,2,13.5,0.0,0.0,0.0,0.0,0.0,0.0,389.575
5760_dose_800_gradient_0_VconcST_0_Vconc_3.2_run_2.csv,5760.0,800.0,0,3.2,0.0,3.2,2,13.75,0.0,0.0,0.0,0.0,0.0,0.0,7834.79
5760_dose_800_gradient_0_VconcST_0_Vconc_3.2_run_2.csv,5760.0,800.0,0,3.2,0.0,3.2,2,14.0,0.0,0.0,0.0,0.0,0.0,0.0,370.233
5760_dose_800_gradient_0_VconcST_0_Vconc_3.2_run_2.csv,5760.0,800.0,0,3.2,0.0,3.2,2,14.25,0.0,0.0,0.0,0.0,0.0,0.0,8607.37
5760_dose_800_gradient_0_VconcST_0_Vconc_3.2_run_2.csv,5760.0,800.0,0,3.2,0.0,3.2,2,14.5,0.0,0.0,0.0,0.0,0.0,0.0,274.878
5760_dose_800_gradient_0_VconcST_0_Vconc_3.2_run_2.csv,5760.0,800.0,0,3.2,0.0,3.2,2,14.75,0.0,0.0,0.0,0.0,0.0,0.0,10000.0
5760_dose_800_gradient_0_VconcST_0_Vconc_3.2_run_2.csv,5760.0,800.0,0,3.2,0.0,3.2,2,15.0,0.0,0.0,0.0,0.0,0.0,0.0,186.413
5760_dose_800_gradient_0_VconcST_0_Vconc_3.2_run_2.csv,5760.0,800.0,0,3.2,0.0,3.2,2,15.25,0.0,0.0,0.0,0.0,0.0,0.0,10000.0
5760_dose_800_gradient_0_VconcST_0_Vconc_3.2_run_2.csv,5760.0,800.0,0,3.2,0.0,3.2,2,15.5,0.0,0.0,0.0,0.0,0.0,0.0,162.923
5760_dose_800_gradient_0_VconcST_0_Vconc_3.2_run_2.csv,5760.0,800.0,0,3.2,0.0,3.2,2,15.75,0.0,0.0,0.0,0.0,0.0,0.0,10000.0
5760_dose_800_gradient_0_VconcST_0_Vconc_3.2_run_2.csv,5760.0,800.0,0,3.2,0.0,3.2,2,16.0,0.0,0.0,0.0,0.0,0.0,0.0,149.772
5760_dose_800_gradient_0_VconcST_0_Vconc_3.2_run_2.csv,5760.0,800.0,0,3.2,0.0,3.2,2,16.25,0.0,0.0,0.0,0.0,0.0,0.0,10000.0
5760_dose_800_gradient_0_VconcST_0_Vconc_3.2_run_2.csv,5760.0,800.0,0,3.2,0.0,3.2,2,16.5,0.0,0.0,0.0,0.0,0.0,0.0,131.078
5760_dose_800_gradient_0_VconcST_0_Vconc_3.2_run_2.csv,5760.0,800.0,0,3.2,0.0,3.2,2,16.75,0.0,0.0,0.0,0.0,0.0,0.0,10000.0
5760_dose_800_gradient_0_VconcST_0_Vconc_3.2_run_2.csv,5760.0,800.0,0,3.2,0.0,3.2,2,17.0,0.0,0.0,0.0,0.0,0.0,0.0,127.027
5760_dose_800_gradient_0_VconcST_0_Vconc_3.2_run_2.csv,5760.0,800.0,0,3.2,0.0,3.2,2,17.25,0.0,0.0,0.0,0.0,0.0,0.0,10000.0
5760_dose_800_gradient_0_VconcST_0_Vconc_3.2_run_2.csv,5760.0,800.0,0,3.2,0.0,3.2,2,17.5,0.0,0.0,0.0,0.0,0.0,0.0,120.365
5760_dose_800_gradient_0_VconcST_0_Vconc_3.2_run_2.csv,5760.0,800.0,0,3.2,0.0,3.2,2,17.75,0.0,0.0,0.0,0.0,0.0,0.0,10000.0
5760_dose_800_gradient_0_VconcST_0_Vconc_3.2_run_2.csv,5760.0,800.0,0,3.2,0.0,3.2,2,18.0,0.0,0.0,0.0,0.0,0.0,0.0,119.666
5760_dose_800_gradient_0_VconcST_0_Vconc_3.2_run_2.csv,5760.0,800.0,0,3.2,0.0,3.2,2,18.25,0.0,0.0,0.0,0.0,0.0,0.0,10000.0
5760_dose_800_gradient_0_VconcST_0_Vconc_3.2_run_2.csv,5760.0,800.0,0,3.2,0.0,3.2,2,18.5,0.0,0.0,0.0,0.0,0.0,0.0,119.264
5760_dose_800_gradient_0_VconcST_0_Vconc_3.2_run_2.csv,5760.0,800.0,0,3.2,0.0,3.2,2,18.75,0.0,0.0,0.0,0.0,0.0,0.0,10000.0
5760_dose_800_gradient_0_VconcST_0_Vconc_3.2_run_2.csv,5760.0,800.0,0,3.2,0.0,3.2,2,19.0,0.0,0.0,0.0,0.0,0.00157552,0.0,119.797
5760_dose_800_gradient_0_VconcST_0_Vconc_3.2_run_2.csv,5760.0,800.0,0,3.2,0.0,3.2,2,19.25,0.0,0.0,0.0,0.0,0.0,0.0,10000.0
5760_dose_800_gradient_0_VconcST_0_Vconc_3.2_run_2.csv,5760.0,800.0,0,3.2,0.0,3.2,2,19.5,0.0,0.0,0.0,0.0,0.0,0.0,118.124
5760_dose_800_gradient_0_VconcST_0_Vconc_3.2_run_2.csv,5760.0,800.0,0,3.2,0.0,3.2,2,19.75,0.0,0.0,0.0,0.0,0.0,0.0,10000.0
5760_dose_800_gradient_0_VconcST_0_Vconc_3.2_run_2.csv,5760.0,800.0,0,3.2,0.0,3.2,2,20.0,0.0,0.0,0.0,0.0,0.0,0.0,120.056
5760_dose_800_gradient_0_VconcST_0_Vconc_3.2_run_2.csv,5760.0,800.0,0,3.2,0.0,3.2,2,20.25,0.0,0.0,0.0,0.0,0.0,0.0,5195.6
5760_dose_800_gradient_0_VconcST_0_Vconc_3.2_run_2.csv,5760.0,800.0,0,3.2,0.0,3.2,2,20.5,0.0,0.0,0.0,0.0,0.0,0.0,5070.44
5760_dose_800_gradient_0_VconcST_0_Vconc_3.2_run_2.csv,5760.0,800.0,0,3.2,0.0,3.2,2,20.75,0.0,0.0,0.0,0.0,0.0,0.0,384.377
5760_dose_800_gradient_0_VconcST_0_Vconc_3.2_run_2.csv,5760.0,800.0,0,3.2,0.0,3.2,2,21.0,0.0,0.0,0.0,0.0,0.0,0.0,6293.73
5760_dose_800_gradient_0_VconcST_0_Vconc_3.2_run_2.csv,5760.0,800.0,0,3.2,0.0,3.2,2,21.25,0.0,0.0,0.0,0.0,0.0,0.0,388.791
5760_dose_800_gradient_0_VconcST_0_Vconc_3.2_run_2.csv,5760.0,800.0,0,3.2,0.0,3.2,2,21.5,0.0,0.0,0.0,0.0,0.0,0.0,6976.39
5760_dose_800_gradient_0_VconcST_0_Vconc_3.2_run_2.csv,5760.0,800.0,0,3.2,0.0,3.2,2,21.75,0.0,0.0,0.0,0.0,0.0,0.0,386.528
5760_dose_800_gradient_0_VconcST_0_Vconc_3.2_run_2.csv,5760.0,800.0,0,3.2,0.0,3.2,2,22.0,0.0,0.0,0.0,0.0,0.0,0.0,8230.92
5760_dose_800_gradient_0_VconcST_0_Vconc_3.2_run_2.csv,5760.0,800.0,0,3.2,0.0,3.2,2,22.25,0.0,0.0,0.0,0.0,0.0,0.0,338.833
5760_dose_800_gradient_0_VconcST_0_Vconc_3.2_run_2.csv,5760.0,800.0,0,3.2,0.0,3.2,2,22.5,0.0,0.0,0.0,0.0,0.0,0.0,9583.2
5760_dose_800_gradient_0_VconcST_0_Vconc_3.2_run_2.csv,5760.0,800.0,0,3.2,0.0,3.2,2,22.75,0.0,0.0,0.0,0.0,0.0,0.0,245.317
5760_dose_800_gradient_0_VconcST_0_Vconc_3.2_run_2.csv,5760.0,800.0,0,3.2,0.0,3.2,2,23.0,0.0,0.0,0.0,0.0,0.0,0.0,10000.0
5760_dose_800_gradient_0_VconcST_0_Vconc_3.2_run_2.csv,5760.0,800.0,0,3.2,0.0,3.2,2,23.25,0.0,0.0,0.0,0.0,0.0,0.0,182.4
5760_dose_800_gradient_0_VconcST_0_Vconc_3.2_run_2.csv,5760.0,800.0,0,3.2,0.0,3.2,2,23.5,0.0,0.0,0.0,0.0,0.0,0.0,10000.0
5760_dose_800_gradient_0_VconcST_0_Vconc_3.2_run_2.csv,5760.0,800.0,0,3.2,0.0,3.2,2,23.75,0.0,0.0,0.0,0.0,0.0,0.0,146.052
5760_dose_800_gradient_0_VconcST_0_Vconc_3.2_run_2.csv,5760.0,800.0,0,3.2,0.0,3.2,2,24.0,62.29,800.0,0.02426,62.29,0.00289497,0.0,10000.0
5760_dose_800_gradient_0_VconcST_0_Vconc_3.2_run_2.csv,5760.0,800.0,0,3.2,0.0,3.2,2,24.25,3754.75,784.145,1.46236,3754.75,0.0,0.999946,0.0111027
5760_dose_800_gradient_0_VconcST_0_Vconc_3.2_run_2.csv,5760.0,800.0,0,3.2,0.0,3.2,2,24.5,7360.03,768.604,2.8665,7360.03,0.0,0.999973,0.180254
5760_dose_800_gradient_0_VconcST_0_Vconc_3.2_run_2.csv,5760.0,800.0,0,3.2,0.0,3.2,2,24.75,10879.9,753.371,4.23739,10879.9,0.0,0.999982,0.110061
5760_dose_800_gradient_0_VconcST_0_Vconc_3.2_run_2.csv,5760.0,800.0,0,3.2,0.0,3.2,2,25.0,14316.1,738.44,5.57569,14316.1,0.0,0.999986,0.0799098
5760_dose_800_gradient_0_VconcST_0_Vconc_3.2_run_2.csv,5760.0,800.0,0,3.2,0.0,3.2,2,25.25,17670.4,723.805,6.88207,17670.4,0.0,0.999989,0.0630241
5760_dose_800_gradient_0_VconcST_0_Vconc_3.2_run_2.csv,5760.0,800.0,0,3.2,0.0,3.2,2,25.5,20944.4,709.46,8.15719,20944.4,0.0,0.99999,0.0522112
5760_dose_800_gradient_0_VconcST_0_Vconc_3.2_run_2.csv,5760.0,800.0,0,3.2,0.0,3.2,2,25.75,24139.7,695.4,9.40168,24139.7,0.0,0.999992,0.0446301
5760_dose_800_gradient_0_VconcST_0_Vconc_3.2_run_2.csv,5760.0,800.0,0,3.2,0.0,3.2,2,26.0,27258.1,681.618,10.6162,27258.1,0.0,0.999993,0.0392656
5760_dose_800_gradient_0_VconcST_0_Vconc_3.2_run_2.csv,5760.0,800.0,0,3.2,0.0,3.2,2,26.25,30301.0,668.109,11.8013,30301.0,0.0,0.999993,0.0350469
5760_dose_800_gradient_0_VconcST_0_Vconc_3.2_run_2.csv,5760.0,800.0,0,3.2,0.0,3.2,2,26.5,33270.0,654.868,12.9576,33270.0,0.0,0.999994,0.0317127
5760_dose_800_gradient_0_VconcST_0_Vconc_3.2_run_2.csv,5760.0,800.0,0,3.2,0.0,3.2,2,26.75,36166.6,641.889,14.0858,36166.6,0.0,0.999994,0.0289497
5760_dose_800_gradient_0_VconcST_0_Vconc_3.2_run_2.csv,5760.0,800.0,0,3.2,0.0,3.2,2,27.0,38992.4,629.168,15.1863,38992.4,0.0,0.999995,0.0268746
5760_dose_800_gradient_0_VconcST_0_Vconc_3.2_run_2.csv,5760.0,800.0,0,3.2,0.0,3.2,2,27.25,41748.7,616.698,16.2598,41748.7,0.0,0.999995,0.0250468
5760_dose_800_gradient_0_VconcST_0_Vconc_3.2_run_2.csv,5760.0,800.0,0,3.2,0.0,3.2,2,27.5,44437.0,604.476,17.3068,44437.0,0.0,0.999996,0.02322
5760_dose_800_gradient_0_VconcST_0_Vconc_3.2_run_2.csv,5760.0,800.0,0,3.2,0.0,3.2,2,27.75,47058.6,592.496,18.3279,47058.6,0.0,0.999996,0.0220138
5760_dose_800_gradient_0_VconcST_0_Vconc_3.2_run_2.csv,5760.0,800.0,0,3.2,0.0,3.2,2,28.0,49615.1,580.753,19.3235,49615.1,0.0,0.999996,0.0208076
5760_dose_800_gradient_0_VconcST_0_Vconc_3.2_run_2.csv,5760.0,800.0,0,3.2,0.0,3.2,2,28.25,52107.7,569.244,20.2943,52107.7,0.0,0.999996,0.0199211
5760_dose_800_gradient_0_VconcST_0_Vconc_3.2_run_2.csv,5760.0,800.0,0,3.2,0.0,3.2,2,28.5,54537.6,557.962,21.2407,54537.6,0.0,0.999996,0.0190156
5760_dose_800_gradient_0_VconcST_0_Vconc_3.2_run_2.csv,5760.0,800.0,0,3.2,0.0,3.2,2,28.75,56906.3,546.904,22.1632,56906.3,0.0,0.999996,0.0181312
5760_dose_800_gradient_0_VconcST_0_Vconc_3.2_run_2.csv,5760.0,800.0,0,3.2,0.0,3.2,2,29.0,59214.9,536.065,23.0624,59214.9,0.0,0.999997,0.0175206
5760_dose_800_gradient_0_VconcST_0_Vconc_3.2_run_2.csv,5760.0,800.0,0,3.2,0.0,3.2,2,29.25,61464.8,525.441,23.9386,61464.8,0.0,0.999997,0.016594
5760_dose_800_gradient_0_VconcST_0_Vconc_3.2_run_2.csv,5760.0,800.0,0,3.2,0.0,3.2,2,29.5,63657.1,515.027,24.7925,63657.1,0.0,0.999997,0.0160473
5760_dose_800_gradient_0_VconcST_0_Vconc_3.2_run_2.csv,5760.0,800.0,0,3.2,0.0,3.2,2,29.75,65793.0,504.82,25.6243,65793.0,0.0,0.999997,0.0156839
5760_dose_800_gradient_0_VconcST_0_Vconc_3.2_run_2.csv,5760.0,800.0,0,3.2,0.0,3.2,2,30.0,67873.7,494.815,26.4347,67873.7,0.0,0.999997,0.0153984
5760_dose_800_gradient_0_VconcST_0_Vconc_3.2_run_2.csv,5760.0,800.0,0,3.2,0.0,3.2,2,30.25,69900.4,485.009,27.224,69900.4,0.0,0.999997,0.0147837
5760_dose_800_gradient_0_VconcST_0_Vconc_3.2_run_2.csv,5760.0,800.0,0,3.2,0.0,3.2,2,30.5,71874.0,475.396,27.9927,71874.0,0.0,0.999997,0.0144998
5760_dose_800_gradient_0_VconcST_0_Vconc_3.2_run_2.csv,5760.0,800.0,0,3.2,0.0,3.2,2,30.75,73795.9,465.974,28.7412,73795.9,0.0,0.999997,0.0141947
5760_dose_800_gradient_0_VconcST_0_Vconc_3.2_run_2.csv,5760.0,800.0,0,3.2,0.0,3.2,2,31.0,75667.0,456.739,29.4699,75667.0,0.0,0.999997,0.0138888
5760_dose_800_gradient_0_VconcST_0_Vconc_3.2_run_2.csv,5760.0,800.0,0,3.2,0.0,3.2,2,31.25,77488.3,447.687,30.1793,77488.3,0.0,0.999997,0.0132752
5760_dose_800_gradient_0_VconcST_0_Vconc_3.2_run_2.csv,5760.0,800.0,0,3.2,0.0,3.2,2,31.5,79260.9,438.815,30.8697,79260.9,0.0,0.999997,0.0129749
5760_dose_800_gradient_0_VconcST_0_Vconc_3.2_run_2.csv,5760.0,800.0,0,3.2,0.0,3.2,2,31.75,80985.9,430.118,31.5415,80985.9,0.0,0.999997,0.0129672
5760_dose_800_gradient_0_VconcST_0_Vconc_3.2_run_2.csv,5760.0,800.0,0,3.2,0.0,3.2,2,32.0,82664.2,421.593,32.1951,82664.2,0.0,0.999998,0.0126833
5760_dose_800_gradient_0_VconcST_0_Vconc_3.2_run_2.csv,5760.0,800.0,0,3.2,0.0,3.2,2,32.25,84296.8,413.238,32.831,84296.8,0.0,0.999998,0.0123901
5760_dose_800_gradient_0_VconcST_0_Vconc_3.2_run_2.csv,5760.0,800.0,0,3.2,0.0,3.2,2,32.5,85884.6,405.048,33.4494,85884.6,0.0,0.999998,0.012112
5760_dose_800_gradient_0_VconcST_0_Vconc_3.2_run_2.csv,5760.0,800.0,0,3.2,0.0,3.2,2,32.75,87428.5,397.021,34.0507,87428.5,0.0,0.999998,0.0117749
5760_dose_800_gradient_0_VconcST_0_Vconc_3.2_run_2.csv,5760.0,800.0,0,3.2,0.0,3.2,2,33.0,88929.6,389.152,34.6353,88929.6,0.0,0.999998,0.0117609
5760_dose_800_gradient_0_VconcST_0_Vconc_3.2_run_2.csv,5760.0,800.0,0,3.2,0.0,3.2,2,33.25,90388.7,381.44,35.2036,90388.7,0.0,0.999998,0.0114722
5760_dose_800_gradient_0_VconcST_0_Vconc_3.2_run_2.csv,5760.0,800.0,0,3.2,0.0,3.2,2,33.5,91806.5,373.88,35.7558,91806.5,0.0,0.999998,0.011177
5760_dose_800_gradient_0_VconcST_0_Vconc_3.2_run_2.csv,5760.0,800.0,0,3.2,0.0,3.2,2,33.75,93184.2,366.47,36.2923,93184.2,0.0,0.999998,0.0111577
5760_dose_800_gradient_0_VconcST_0_Vconc_3.2_run_2.csv,5760.0,800.0,0,3.2,0.0,3.2,2,34.0,94522.4,359.207,36.8135,94522.4,0.0,0.999998,0.0108627
5760_dose_800_gradient_0_VconcST_0_Vconc_3.2_run_2.csv,5760.0,800.0,0,3.2,0.0,3.2,2,34.25,95822.0,352.088,37.3197,95822.0,0.0,0.999998,0.0108661
5760_dose_800_gradient_0_VconcST_0_Vconc_3.2_run_2.csv,5760.0,800.0,0,3.2,0.0,3.2,2,34.5,97083.9,345.11,37.8112,97083.9,0.0,0.999998,0.0105695
5760_dose_800_gradient_0_VconcST_0_Vconc_3.2_run_2.csv,5760.0,800.0,0,3.2,0.0,3.2,2,34.75,98308.7,338.27,38.2882,98308.7,0.0,0.999998,0.0105598
5760_dose_800_gradient_0_VconcST_0_Vconc_3.2_run_2.csv,5760.0,800.0,0,3.2,0.0,3.2,2,35.0,99497.4,331.566,38.7511,99497.4,0.0,0.999998,0.010253
5760_dose_800_gradient_0_VconcST_0_Vconc_3.2_run_2.csv,5760.0,800.0,0,3.2,0.0,3.2,2,35.25,100651.0,324.995,39.2003,100651.0,0.0,0.999998,0.0102581
5760_dose_800_gradient_0_VconcST_0_Vconc_3.2_run_2.csv,5760.0,800.0,0,3.2,0.0,3.2,2,35.5,101769.0,318.554,39.6359,101769.0,0.0,0.999998,0.0102747
5760_dose_800_gradient_0_VconcST_0_Vconc_3.2_run_2.csv,5760.0,800.0,0,3.2,0.0,3.2,2,35.75,102854.0,312.241,40.0583,102854.0,0.0,0.999998,0.00996444
5760_dose_800_gradient_0_VconcST_0_Vconc_3.2_run_2.csv,5760.0,800.0,0,3.2,0.0,3.2,2,36.0,103905.0,306.052,40.4677,103905.0,0.0,0.999998,0.00995151
5760_dose_800_gradient_0_VconcST_0_Vconc_3.2_run_2.csv,5760.0,800.0,0,3.2,0.0,3.2,2,36.25,104924.0,299.987,40.8645,104924.0,0.0,0.999998,0.00995151
5760_dose_800_gradient_0_VconcST_0_Vconc_3.2_run_2.csv,5760.0,800.0,0,3.2,0.0,3.2,2,36.5,105910.0,294.041,41.2488,105910.0,0.0,0.999998,0.00965465
5760_dose_800_gradient_0_VconcST_0_Vconc_3.2_run_2.csv,5760.0,800.0,0,3.2,0.0,3.2,2,36.75,106866.0,288.214,41.621,106866.0,0.0,0.999998,0.0096499
5760_dose_800_gradient_0_VconcST_0_Vconc_3.2_run_2.csv,5760.0,800.0,0,3.2,0.0,3.2,2,37.0,107791.0,282.502,41.9813,107791.0,0.0,0.999998,0.00966177
5760_dose_800_gradient_0_VconcST_0_Vconc_3.2_run_2.csv,5760.0,800.0,0,3.2,0.0,3.2,2,37.25,108687.0,276.903,42.33,108687.0,0.0,0.999998,0.00936844
5760_dose_800_gradient_0_VconcST_0_Vconc_3.2_run_2.csv,5760.0,800.0,0,3.2,0.0,3.2,2,37.5,109553.0,271.414,42.6673,109553.0,0.0,0.999998,0.00937336
5760_dose_800_gradient_0_VconcST_0_Vconc_3.2_run_2.csv,5760.0,800.0,0,3.2,0.0,3.2,2,37.75,110390.0,266.035,42.9935,110390.0,0.0,0.999998,0.00935398
5760_dose_800_gradient_0_VconcST_0_Vconc_3.2_run_2.csv,5760.0,800.0,0,3.2,0.0,3.2,2,38.0,111199.0,260.763,43.3087,111199.0,0.0,0.999998,0.00935497
5760_dose_800_gradient_0_VconcST_0_Vconc_3.2_run_2.csv,5760.0,800.0,0,3.2,0.0,3.2,2,38.25,111981.0,255.595,43.6133,111981.0,0.0,0.999998,0.00935398
5760_dose_800_gradient_0_VconcST_0_Vconc_3.2_run_2.csv,5760.0,800.0,0,3.2,0.0,3.2,2,38.5,112737.0,250.529,43.9074,112737.0,0.0,0.999998,0.00906308
5760_dose_800_gradient_0_VconcST_0_Vconc_3.2_run_2.csv,5760.0,800.0,0,3.2,0.0,3.2,2,38.75,113465.0,245.564,44.1913,113465.0,0.0,0.999998,0.00905513
5760_dose_800_gradient_0_VconcST_0_Vconc_3.2_run_2.csv,5760.0,800.0,0,3.2,0.0,3.2,2,39.0,114169.0,240.697,44.4652,114169.0,0.0,0.999998,0.00906975
5760_dose_800_gradient_0_VconcST_0_Vconc_3.2_run_2.csv,5760.0,800.0,0,3.2,0.0,3.2,2,39.25,114847.0,235.927,44.7293,114847.0,0.0,0.999998,0.00905513
5760_dose_800_gradient_0_VconcST_0_Vconc_3.2_run_2.csv,5760.0,800.0,0,3.2,0.0,3.2,2,39.5,115500.0,231.251,44.9838,115500.0,0.0,0.999998,0.00905894
5760_dose_800_gradient_0_VconcST_0_Vconc_3.2_run_2.csv,5760.0,800.0,0,3.2,0.0,3.2,2,39.75,116130.0,226.668,45.229,116130.0,0.0,0.999998,0.0087453
5760_dose_800_gradient_0_VconcST_0_Vconc_3.2_run_2.csv,5760.0,800.0,0,3.2,0.0,3.2,2,40.0,116736.0,222.176,45.465,116736.0,0.0,0.999998,0.00876405
5760_dose_800_gradient_0_VconcST_0_Vconc_3.2_run_2.csv,5760.0,800.0,0,3.2,0.0,3.2,2,40.25,117319.0,217.772,45.692,117319.0,0.0,0.999998,0.00875422
5760_dose_800_gradient_0_VconcST_0_Vconc_3.2_run_2.csv,5760.0,800.0,0,3.2,0.0,3.2,2,40.5,117879.0,213.456,45.9102,117879.0,0.0,0.999998,0.00874531
5760_dose_800_gradient_0_VconcST_0_Vconc_3.2_run_2.csv,5760.0,800.0,0,3.2,0.0,3.2,2,40.75,118417.0,209.226,46.1199,118417.0,0.0,0.999998,0.00876928
5760_dose_800_gradient_0_VconcST_0_Vconc_3.2_run_2.csv,5760.0,800.0,0,3.2,0.0,3.2,2,41.0,118934.0,205.079,46.3211,118934.0,0.0,0.999998,0.00874531
5760_dose_800_gradient_0_VconcST_0_Vconc_3.2_run_2.csv,5760.0,800.0,0,3.2,0.0,3.2,2,41.25,119430.0,201.015,46.5142,119430.0,0.0,0.999998,0.00874531
5760_dose_800_gradient_0_VconcST_0_Vconc_3.2_run_2.csv,5760.0,800.0,0,3.2,0.0,3.2,2,41.5,119905.0,197.031,46.6992,119905.0,0.0,0.999998,0.00846748
5760_dose_800_gradient_0_VconcST_0_Vconc_8_run_0.csv,5760.0,800.0,0,8.0,0.0,8.0,0,0.0,0.0,0.0,0.0,0.0,0.0,0.0,0.0
5760_dose_800_gradient_0_VconcST_0_Vconc_8_run_0.csv,5760.0,800.0,0,8.0,0.0,8.0,0,0.25,0.0,0.0,0.0,0.0,0.0,0.0,10000.0
5760_dose_800_gradient_0_VconcST_0_Vconc_8_run_0.csv,5760.0,800.0,0,8.0,0.0,8.0,0,0.5,0.0,0.0,0.0,0.0,0.0,0.0,419.359
5760_dose_800_gradient_0_VconcST_0_Vconc_8_run_0.csv,5760.0,800.0,0,8.0,0.0,8.0,0,0.75,0.0,0.0,0.0,0.0,0.0,0.0,10000.0
5760_dose_800_gradient_0_VconcST_0_Vconc_8_run_0.csv,5760.0,800.0,0,8.0,0.0,8.0,0,1.0,0.0,0.0,0.0,0.0,0.0,0.0,411.963
5760_dose_800_gradient_0_VconcST_0_Vconc_8_run_0.csv,5760.0,800.0,0,8.0,0.0,8.0,0,1.25,0.0,0.0,0.0,0.0,0.0,0.0,10000.0
5760_dose_800_gradient_0_VconcST_0_Vconc_8_run_0.csv,5760.0,800.0,0,8.0,0.0,8.0,0,1.5,0.0,0.0,0.0,0.0,0.00015625,0.0,372.847
5760_dose_800_gradient_0_VconcST_0_Vconc_8_run_0.csv,5760.0,800.0,0,8.0,0.0,8.0,0,1.75,0.0,0.0,0.0,0.0,0.0,0.0,10000.0
5760_dose_800_gradient_0_VconcST_0_Vconc_8_run_0.csv,5760.0,800.0,0,8.0,0.0,8.0,0,2.0,0.0,0.0,0.0,0.0,0.0,0.0,399.7
5760_dose_800_gradient_0_VconcST_0_Vconc_8_run_0.csv,5760.0,800.0,0,8.0,0.0,8.0,0,2.25,0.0,0.0,0.0,0.0,0.0,0.0,10000.0
5760_dose_800_gradient_0_VconcST_0_Vconc_8_run_0.csv,5760.0,800.0,0,8.0,0.0,8.0,0,2.5,0.0,0.0,0.0,0.0,0.0,0.0,332.631
5760_dose_800_gradient_0_VconcST_0_Vconc_8_run_0.csv,5760.0,800.0,0,8.0,0.0,8.0,0,2.75,0.0,0.0,0.0,0.0,0.0,0.0,10000.0
5760_dose_800_gradient_0_VconcST_0_Vconc_8_run_0.csv,5760.0,800.0,0,8.0,0.0,8.0,0,3.0,0.0,0.0,0.0,0.0,0.0,0.0,341.755
5760_dose_800_gradient_0_VconcST_0_Vconc_8_run_0.csv,5760.0,800.0,0,8.0,0.0,8.0,0,3.25,0.0,0.0,0.0,0.0,0.0,0.0,10000.0
5760_dose_800_gradient_0_VconcST_0_Vconc_8_run_0.csv,5760.0,800.0,0,8.0,0.0,8.0,0,3.5,0.0,0.0,0.0,0.0,0.0,0.0,357.977
5760_dose_800_gradient_0_VconcST_0_Vconc_8_run_0.csv,5760.0,800.0,0,8.0,0.0,8.0,0,3.75,0.0,0.0,0.0,0.0,0.0,0.0,10000.0
5760_dose_800_gradient_0_VconcST_0_Vconc_8_run_0.csv,5760.0,800.0,0,8.0,0.0,8.0,0,4.0,0.0,0.0,0.0,0.0,0.0,0.0,323.293
5760_dose_800_gradient_0_VconcST_0_Vconc_8_run_0.csv,5760.0,800.0,0,8.0,0.0,8.0,0,4.25,0.0,0.0,0.0,0.0,0.0,0.0,5855.7
5760_dose_800_gradient_0_VconcST_0_Vconc_8_run_0.csv,5760.0,800.0,0,8.0,0.0,8.0,0,4.5,0.0,0.0,0.0,0.0,0.0,0.0,9426.12
5760_dose_800_gradient_0_VconcST_0_Vconc_8_run_0.csv,5760.0,800.0,0,8.0,0.0,8.0,0,4.75,0.0,0.0,0.0,0.0,0.0,0.0,911.817
5760_dose_800_gradient_0_VconcST_0_Vconc_8_run_0.csv,5760.0,800.0,0,8.0,0.0,8.0,0,5.0,0.0,0.0,0.0,0.0,0.0,0.0,10000.0
5760_dose_800_gradient_0_VconcST_0_Vconc_8_run_0.csv,5760.0,800.0,0,8.0,0.0,8.0,0,5.25,0.0,0.0,0.0,0.0,0.0,0.0,894.704
5760_dose_800_gradient_0_VconcST_0_Vconc_8_run_0.csv,5760.0,800.0,0,8.0,0.0,8.0,0,5.5,0.0,0.0,0.0,0.0,0.0,0.0,10000.0
5760_dose_800_gradient_0_VconcST_0_Vconc_8_run_0.csv,5760.0,800.0,0,8.0,0.0,8.0,0,5.75,0.0,0.0,0.0,0.0,0.0,0.0,905.365
5760_dose_800_gradient_0_VconcST_0_Vconc_8_run_0.csv,5760.0,800.0,0,8.0,0.0,8.0,0,6.0,0.0,0.0,0.0,0.0,0.0,0.0,10000.0
5760_dose_800_gradient_0_VconcST_0_Vconc_8_run_0.csv,5760.0,800.0,0,8.0,0.0,8.0,0,6.25,0.0,0.0,0.0,0.0,0.0,0.0,867.679
5760_dose_800_gradient_0_VconcST_0_Vconc_8_run_0.csv,5760.0,800.0,0,8.0,0.0,8.0,0,6.5,0.0,0.0,0.0,0.0,0.0,0.0,10000.0
5760_dose_800_gradient_0_VconcST_0_Vconc_8_run_0.csv,5760.0,800.0,0,8.0,0.0,8.0,0,6.75,0.0,0.0,0.0,0.0,0.0,0.0,709.095
5760_dose_800_gradient_0_VconcST_0_Vconc_8_run_0.csv,5760.0,800.0,0,8.0,0.0,8.0,0,7.0,0.0,0.0,0.0,0.0,0.0,0.0,10000.0
5760_dose_800_gradient_0_VconcST_0_Vconc_8_run_0.csv,5760.0,800.0,0,8.0,0.0,8.0,0,7.25,0.0,0.0,0.0,0.0,0.0,0.0,538.667
5760_dose_800_gradient_0_VconcST_0_Vconc_8_run_0.csv,5760.0,800.0,0,8.0,0.0,8.0,0,7.5,0.0,0.0,0.0,0.0,0.0,0.0,10000.0
5760_dose_800_gradient_0_VconcST_0_Vconc_8_run_0.csv,5760.0,800.0,0,8.0,0.0,8.0,0,7.75,0.0,0.0,0.0,0.0,0.0,0.0,484.14
5760_dose_800_gradient_0_VconcST_0_Vconc_8_run_0.csv,5760.0,800.0,0,8.0,0.0,8.0,0,8.0,0.0,0.0,0.0,0.0,0.0,0.0,10000.0
5760_dose_800_gradient_0_VconcST_0_Vconc_8_run_0.csv,5760.0,800.0,0,8.0,0.0,8.0,0,8.25,0.0,0.0,0.0,0.0,0.0,0.0,490.851
5760_dose_800_gradient_0_VconcST_0_Vconc_8_run_0.csv,5760.0,800.0,0,8.0,0.0,8.0,0,8.5,0.0,0.0,0.0,0.0,0.0,0.0,10000.0
5760_dose_800_gradient_0_VconcST_0_Vconc_8_run_0.csv,5760.0,800.0,0,8.0,0.0,8.0,0,8.75,0.0,0.0,0.0,0.0,0.0,0.0,444.291
5760_dose_800_gradient_0_VconcST_0_Vconc_8_run_0.csv,5760.0,800.0,0,8.0,0.0,8.0,0,9.0,0.0,0.0,0.0,0.0,0.0,0.0,10000.0
5760_dose_800_gradient_0_VconcST_0_Vconc_8_run_0.csv,5760.0,800.0,0,8.0,0.0,8.0,0,9.25,0.0,0.0,0.0,0.0,0.0,0.0,429.788
5760_dose_800_gradient_0_VconcST_0_Vconc_8_run_0.csv,5760.0,800.0,0,8.0,0.0,8.0,0,9.5,0.0,0.0,0.0,0.0,0.0,0.0,10000.0
5760_dose_800_gradient_0_VconcST_0_Vconc_8_run_0.csv,5760.0,800.0,0,8.0,0.0,8.0,0,9.75,0.0,0.0,0.0,0.0,0.0,0.0,371.321
5760_dose_800_gradient_0_VconcST_0_Vconc_8_run_0.csv,5760.0,800.0,0,8.0,0.0,8.0,0,10.0,0.0,0.0,0.0,0.0,0.0,0.0,10000.0
5760_dose_800_gradient_0_VconcST_0_Vconc_8_run_0.csv,5760.0,800.0,0,8.0,0.0,8.0,0,10.25,0.0,0.0,0.0,0.0,0.0,0.0,341.205
5760_dose_800_gradient_0_VconcST_0_Vconc_8_run_0.csv,5760.0,800.0,0,8.0,0.0,8.0,0,10.5,0.0,0.0,0.0,0.0,0.0,0.0,10000.0
5760_dose_800_gradient_0_VconcST_0_Vconc_8_run_0.csv,5760.0,800.0,0,8.0,0.0,8.0,0,10.75,0.0,0.0,0.0,0.0,0.0,0.0,349.21
5760_dose_800_gradient_0_VconcST_0_Vconc_8_run_0.csv,5760.0,800.0,0,8.0,0.0,8.0,0,11.0,0.0,0.0,0.0,0.0,0.0,0.0,10000.0
5760_dose_800_gradient_0_VconcST_0_Vconc_8_run_0.csv,5760.0,800.0,0,8.0,0.0,8.0,0,11.25,0.0,0.0,0.0,0.0,0.0,0.0,331.52
5760_dose_800_gradient_0_VconcST_0_Vconc_8_run_0.csv,5760.0,800.0,0,8.0,0.0,8.0,0,11.5,0.0,0.0,0.0,0.0,0.0,0.0,10000.0
5760_dose_800_gradient_0_VconcST_0_Vconc_8_run_0.csv,5760.0,800.0,0,8.0,0.0,8.0,0,11.75,0.0,0.0,0.0,0.0,0.0,0.0,328.478
5760_dose_800_gradient_0_VconcST_0_Vconc_8_run_0.csv,5760.0,800.0,0,8.0,0.0,8.0,0,12.0,0.0,0.0,0.0,0.0,0.0,0.0,10000.0
5760_dose_800_gradient_0_VconcST_0_Vconc_8_run_0.csv,5760.0,800.0,0,8.0,0.0,8.0,0,12.25,0.0,0.0,0.0,0.0,0.0,0.0,325.871
5760_dose_800_gradient_0_VconcST_0_Vconc_8_run_0.csv,5760.0,800.0,0,8.0,0.0,8.0,0,12.5,0.0,0.0,0.0,0.0,0.0,0.0,5843.69
5760_dose_800_gradient_0_VconcST_0_Vconc_8_run_0.csv,5760.0,800.0,0,8.0,0.0,8.0,0,12.75,0.0,0.0,0.0,0.0,0.0,0.0,9336.16
5760_dose_800_gradient_0_VconcST_0_Vconc_8_run_0.csv,5760.0,800.0,0,8.0,0.0,8.0,0,13.0,0.0,0.0,0.0,0.0,0.0,0.0,905.879
5760_dose_800_gradient_0_VconcST_0_Vconc_8_run_0.csv,5760.0,800.0,0,8.0,0.0,8.0,0,13.25,0.0,0.0,0.0,0.0,0.0,0.0,10000.0
5760_dose_800_gradient_0_VconcST_0_Vconc_8_run_0.csv,5760.0,800.0,0,8.0,0.0,8.0,0,13.5,0.0,0.0,0.0,0.0,0.0,0.0,899.771
5760_dose_800_gradient_0_VconcST_0_Vconc_8_run_0.csv,5760.0,800.0,0,8.0,0.0,8.0,0,13.75,0.0,0.0,0.0,0.0,0.0,0.0,10000.0
5760_dose_800_gradient_0_VconcST_0_Vconc_8_run_0.csv,5760.0,800.0,0,8.0,0.0,8.0,0,14.0,0.0,0.0,0.0,0.0,0.0,0.0,899.17
5760_dose_800_gradient_0_VconcST_0_Vconc_8_run_0.csv,5760.0,800.0,0,8.0,0.0,8.0,0,14.25,0.0,0.0,0.0,0.0,0.0,0.0,10000.0
5760_dose_800_gradient_0_VconcST_0_Vconc_8_run_0.csv,5760.0,800.0,0,8.0,0.0,8.0,0,14.5,0.0,0.0,0.0,0.0,0.0,0.0,854.822
5760_dose_800_gradient_0_VconcST_0_Vconc_8_run_0.csv,5760.0,800.0,0,8.0,0.0,8.0,0,14.75,0.0,0.0,0.0,0.0,0.0,0.0,10000.0
5760_dose_800_gradient_0_VconcST_0_Vconc_8_run_0.csv,5760.0,800.0,0,8.0,0.0,8.0,0,15.0,0.0,0.0,0.0,0.0,0.0,0.0,665.176
5760_dose_800_gradient_0_VconcST_0_Vconc_8_run_0.csv,5760.0,800.0,0,8.0,0.0,8.0,0,15.25,0.0,0.0,0.0,0.0,0.0,0.0,10000.0
5760_dose_800_gradient_0_VconcST_0_Vconc_8_run_0.csv,5760.0,800.0,0,8.0,0.0,8.0,0,15.5,0.0,0.0,0.0,0.0,0.0,0.0,540.781
5760_dose_800_gradient_0_VconcST_0_Vconc_8_run_0.csv,5760.0,800.0,0,8.0,0.0,8.0,0,15.75,0.0,0.0,0.0,0.0,0.0,0.0,10000.0
5760_dose_800_gradient_0_VconcST_0_Vconc_8_run_0.csv,5760.0,800.0,0,8.0,0.0,8.0,0,16.0,0.0,0.0,0.0,0.0,0.0,0.0,510.105
5760_dose_800_gradient_0_VconcST_0_Vconc_8_run_0.csv,5760.0,800.0,0,8.0,0.0,8.0,0,16.25,0.0,0.0,0.0,0.0,0.0,0.0,10000.0
5760_dose_800_gradient_0_VconcST_0_Vconc_8_run_0.csv,5760.0,800.0,0,8.0,0.0,8.0,0,16.5,0.0,0.0,0.0,0.0,0.0,0.0,479.988
5760_dose_800_gradient_0_VconcST_0_Vconc_8_run_0.csv,5760.0,800.0,0,8.0,0.0,8.0,0,16.75,0.0,0.0,0.0,0.0,0.0,0.0,10000.0
5760_dose_800_gradient_0_VconcST_0_Vconc_8_run_0.csv,5760.0,800.0,0,8.0,0.0,8.0,0,17.0,0.0,0.0,0.0,0.0,0.0,0.0,410.959
5760_dose_800_gradient_0_VconcST_0_Vconc_8_run_0.csv,5760.0,800.0,0,8.0,0.0,8.0,0,17.25,0.0,0.0,0.0,0.0,0.0,0.0,10000.0
5760_dose_800_gradient_0_VconcST_0_Vconc_8_run_0.csv,5760.0,800.0,0,8.0,0.0,8.0,0,17.5,0.0,0.0,0.0,0.0,0.0,0.0,373.059
5760_dose_800_gradient_0_VconcST_0_Vconc_8_run_0.csv,5760.0,800.0,0,8.0,0.0,8.0,0,17.75,0.0,0.0,0.0,0.0,0.0,0.0,10000.0
5760_dose_800_gradient_0_VconcST_0_Vconc_8_run_0.csv,5760.0,800.0,0,8.0,0.0,8.0,0,18.0,0.0,0.0,0.0,0.0,0.0,0.0,366.001
5760_dose_800_gradient_0_VconcST_0_Vconc_8_run_0.csv,5760.0,800.0,0,8.0,0.0,8.0,0,18.25,0.0,0.0,0.0,0.0,0.0,0.0,10000.0
5760_dose_800_gradient_0_VconcST_0_Vconc_8_run_0.csv,5760.0,800.0,0,8.0,0.0,8.0,0,18.5,0.0,0.0,0.0,0.0,0.0,0.0,355.747
5760_dose_800_gradient_0_VconcST_0_Vconc_8_run_0.csv,5760.0,800.0,0,8.0,0.0,8.0,0,18.75,0.0,0.0,0.0,0.0,0.0,0.0,10000.0
5760_dose_800_gradient_0_VconcST_0_Vconc_8_run_0.csv,5760.0,800.0,0,8.0,0.0,8.0,0,19.0,0.0,0.0,0.0,0.0,0.0,0.0,333.442
5760_dose_800_gradient_0_VconcST_0_Vconc_8_run_0.csv,5760.0,800.0,0,8.0,0.0,8.0,0,19.25,0.0,0.0,0.0,0.0,0.0,0.0,10000.0
5760_dose_800_gradient_0_VconcST_0_Vconc_8_run_0.csv,5760.0,800.0,0,8.0,0.0,8.0,0,19.5,0.0,0.0,0.0,0.0,0.0,0.0,341.079
5760_dose_800_gradient_0_VconcST_0_Vconc_8_run_0.csv,5760.0,800.0,0,8.0,0.0,8.0,0,19.75,0.0,0.0,0.0,0.0,0.0,0.0,10000.0
5760_dose_800_gradient_0_VconcST_0_Vconc_8_run_0.csv,5760.0,800.0,0,8.0,0.0,8.0,0,20.0,0.0,0.0,0.0,0.0,0.0,0.0,339.998
5760_dose_800_gradient_0_VconcST_0_Vconc_8_run_0.csv,5760.0,800.0,0,8.0,0.0,8.0,0,20.25,0.0,0.0,0.0,0.0,0.0,0.0,5458.24
5760_dose_800_gradient_0_VconcST_0_Vconc_8_run_0.csv,5760.0,800.0,0,8.0,0.0,8.0,0,20.5,0.0,0.0,0.0,0.0,0.0,0.0,5161.25
5760_dose_800_gradient_0_VconcST_0_Vconc_8_run_0.csv,5760.0,800.0,0,8.0,0.0,8.0,0,20.75,0.0,0.0,0.0,0.0,0.0,0.0,906.683
5760_dose_800_gradient_0_VconcST_0_Vconc_8_run_0.csv,5760.0,800.0,0,8.0,0.0,8.0,0,21.0,0.0,0.0,0.0,0.0,0.0,0.0,10000.0
5760_dose_800_gradient_0_VconcST_0_Vconc_8_run_0.csv,5760.0,800.0,0,8.0,0.0,8.0,0,21.25,0.0,0.0,0.0,0.0,0.0,0.0,901.34
5760_dose_800_gradient_0_VconcST_0_Vconc_8_run_0.csv,5760.0,800.0,0,8.0,0.0,8.0,0,21.5,0.0,0.0,0.0,0.0,0.0,0.0,10000.0
5760_dose_800_gradient_0_VconcST_0_Vconc_8_run_0.csv,5760.0,800.0,0,8.0,0.0,8.0,0,21.75,0.0,0.0,0.0,0.0,0.0,0.0,906.47
5760_dose_800_gradient_0_VconcST_0_Vconc_8_run_0.csv,5760.0,800.0,0,8.0,0.0,8.0,0,22.0,0.0,0.0,0.0,0.0,0.0,0.0,10000.0
5760_dose_800_gradient_0_VconcST_0_Vconc_8_run_0.csv,5760.0,800.0,0,8.0,0.0,8.0,0,22.25,0.0,0.0,0.0,0.0,0.0,0.0,865.064
5760_dose_800_gradient_0_VconcST_0_Vconc_8_run_0.csv,5760.0,800.0,0,8.0,0.0,8.0,0,22.5,0.0,0.0,0.0,0.0,0.0,0.0,10000.0
5760_dose_800_gradient_0_VconcST_0_Vconc_8_run_0.csv,5760.0,800.0,0,8.0,0.0,8.0,0,22.75,0.0,0.0,0.0,0.0,0.0,0.0,730.158
5760_dose_800_gradient_0_VconcST_0_Vconc_8_run_0.csv,5760.0,800.0,0,8.0,0.0,8.0,0,23.0,0.0,0.0,0.0,0.0,0.0,0.0,10000.0
5760_dose_800_gradient_0_VconcST_0_Vconc_8_run_0.csv,5760.0,800.0,0,8.0,0.0,8.0,0,23.25,0.0,0.0,0.0,0.0,0.0,0.0,608.372
5760_dose_800_gradient_0_VconcST_0_Vconc_8_run_0.csv,5760.0,800.0,0,8.0,0.0,8.0,0,23.5,0.0,0.0,0.0,0.0,0.0,0.0,10000.0
5760_dose_800_gradient_0_VconcST_0_Vconc_8_run_0.csv,5760.0,800.0,0,8.0,0.0,8.0,0,23.75,0.0,0.0,0.0,0.0,0.0,0.0,522.725
5760_dose_800_gradient_0_VconcST_0_Vconc_8_run_0.csv,5760.0,800.0,0,8.0,0.0,8.0,0,24.0,62.29,800.0,0.02426,62.29,0.00859375,0.0,10000.0
5760_dose_800_gradient_0_VconcST_0_Vconc_8_run_0.csv,5760.0,800.0,0,8.0,0.0,8.0,0,24.25,3754.75,784.145,1.46236,3754.75,0.0,0.999946,0.0277296
5760_dose_800_gradient_0_VconcST_0_Vconc_8_run_0.csv,5760.0,800.0,0,8.0,0.0,8.0,0,24.5,7360.03,768.604,2.8665,7360.03,0.0,0.999973,0.450949
5760_dose_800_gradient_0_VconcST_0_Vconc_8_run_0.csv,5760.0,800.0,0,8.0,0.0,8.0,0,24.75,10879.9,753.371,4.23739,10879.9,0.0,0.999982,0.276172
5760_dose_800_gradient_0_VconcST_0_Vconc_8_run_0.csv,5760.0,800.0,0,8.0,0.0,8.0,0,25.0,14316.1,738.44,5.57569,14316.1,0.0,0.999986,0.200103
5760_dose_800_gradient_0_VconcST_0_Vconc_8_run_0.csv,5760.0,800.0,0,8.0,0.0,8.0,0,25.25,17670.4,723.805,6.88207,17670.4,0.0,0.999989,0.157552
5760_dose_800_gradient_0_VconcST_0_Vconc_8_run_0.csv,5760.0,800.0,0,8.0,0.0,8.0,0,25.5,20944.4,709.46,8.15719,20944.4,0.0,0.99999,0.130741
5760_dose_800_gradient_0_VconcST_0_Vconc_8_run_0.csv,5760.0,800.0,0,8.0,0.0,8.0,0,25.75,24139.7,695.4,9.40168,24139.7,0.0,0.999992,0.111571
5760_dose_800_gradient_0_VconcST_0_Vconc_8_run_0.csv,5760.0,800.0,0,8.0,0.0,8.0,0,26.0,27258.1,681.618,10.6162,27258.1,0.0,0.999993,0.0981334
5760_dose_800_gradient_0_VconcST_0_Vconc_8_run_0.csv,5760.0,800.0,0,8.0,0.0,8.0,0,26.25,30301.0,668.109,11.8013,30301.0,0.0,0.999993,0.0874487
5760_dose_800_gradient_0_VconcST_0_Vconc_8_run_0.csv,5760.0,800.0,0,8.0,0.0,8.0,0,26.5,33270.0,654.868,12.9576,33270.0,0.0,0.999994,0.0792375
5760_dose_800_gradient_0_VconcST_0_Vconc_8_run_0.csv,5760.0,800.0,0,8.0,0.0,8.0,0,26.75,36166.6,641.889,14.0858,36166.6,0.0,0.999994,0.0723724
5760_dose_800_gradient_0_VconcST_0_Vconc_8_run_0.csv,5760.0,800.0,0,8.0,0.0,8.0,0,27.0,38992.4,629.168,15.1863,38992.4,0.0,0.999995,0.0671614
5760_dose_800_gradient_0_VconcST_0_Vconc_8_run_0.csv,5760.0,800.0,0,8.0,0.0,8.0,0,27.25,41748.7,616.698,16.2598,41748.7,0.0,0.999995,0.0627679
5760_dose_800_gradient_0_VconcST_0_Vconc_8_run_0.csv,5760.0,800.0,0,8.0,0.0,8.0,0,27.5,44437.0,604.476,17.3068,44437.0,0.0,0.999996,0.0581407
5760_dose_800_gradient_0_VconcST_0_Vconc_8_run_0.csv,5760.0,800.0,0,8.0,0.0,8.0,0,27.75,47058.6,592.496,18.3279,47058.6,0.0,0.999996,0.0550335
5760_dose_800_gradient_0_VconcST_0_Vconc_8_run_0.csv,5760.0,800.0,0,8.0,0.0,8.0,0,28.0,49615.1,580.753,19.3235,49615.1,0.0,0.999996,0.0520932
5760_dose_800_gradient_0_VconcST_0_Vconc_8_run_0.csv,5760.0,800.0,0,8.0,0.0,8.0,0,28.25,52107.7,569.244,20.2943,52107.7,0.0,0.999996,0.0497566
5760_dose_800_gradient_0_VconcST_0_Vconc_8_run_0.csv,5760.0,800.0,0,8.0,0.0,8.0,0,28.5,54537.6,557.962,21.2407,54537.6,0.0,0.999996,0.0475617
5760_dose_800_gradient_0_VconcST_0_Vconc_8_run_0.csv,5760.0,800.0,0,8.0,0.0,8.0,0,28.75,56906.3,546.904,22.1632,56906.3,0.0,0.999996,0.0452654
5760_dose_800_gradient_0_VconcST_0_Vconc_8_run_0.csv,5760.0,800.0,0,8.0,0.0,8.0,0,29.0,59214.9,536.065,23.0624,59214.9,0.0,0.999997,0.0437256
5760_dose_800_gradient_0_VconcST_0_Vconc_8_run_0.csv,5760.0,800.0,0,8.0,0.0,8.0,0,29.25,61464.8,525.441,23.9386,61464.8,0.0,0.999997,0.0415397
5760_dose_800_gradient_0_VconcST_0_Vconc_8_run_0.csv,5760.0,800.0,0,8.0,0.0,8.0,0,29.5,63657.1,515.027,24.7925,63657.1,0.0,0.999997,0.0400615
5760_dose_800_gradient_0_VconcST_0_Vconc_8_run_0.csv,5760.0,800.0,0,8.0,0.0,8.0,0,29.75,65793.0,504.82,25.6243,65793.0,0.0,0.999997,0.0392505
5760_dose_800_gradient_0_VconcST_0_Vconc_8_run_0.csv,5760.0,800.0,0,8.0,0.0,8.0,0,30.0,67873.7,494.815,26.4347,67873.7,0.0,0.999997,0.0385514
5760_dose_800_gradient_0_VconcST_0_Vconc_8_run_0.csv,5760.0,800.0,0,8.0,0.0,8.0,0,30.25,69900.4,485.009,27.224,69900.4,0.0,0.999997,0.0369928
5760_dose_800_gradient_0_VconcST_0_Vconc_8_run_0.csv,5760.0,800.0,0,8.0,0.0,8.0,0,30.5,71874.0,475.396,27.9927,71874.0,0.0,0.999997,0.0362162
5760_dose_800_gradient_0_VconcST_0_Vconc_8_run_0.csv,5760.0,800.0,0,8.0,0.0,8.0,0,30.75,73795.9,465.974,28.7412,73795.9,0.0,0.999997,0.0354331
5760_dose_800_gradient_0_VconcST_0_Vconc_8_run_0.csv,5760.0,800.0,0,8.0,0.0,8.0,0,31.0,75667.0,456.739,29.4699,75667.0,0.0,0.999997,0.0346792
5760_dose_800_gradient_0_VconcST_0_Vconc_8_run_0.csv,5760.0,800.0,0,8.0,0.0,8.0,0,31.25,77488.3,447.687,30.1793,77488.3,0.0,0.999997,0.033211
5760_dose_800_gradient_0_VconcST_0_Vconc_8_run_0.csv,5760.0,800.0,0,8.0,0.0,8.0,0,31.5,79260.9,438.815,30.8697,79260.9,0.0,0.999997,0.0324562
5760_dose_800_gradient_0_VconcST_0_Vconc_8_run_0.csv,5760.0,800.0,0,8.0,0.0,8.0,0,31.75,80985.9,430.118,31.5415,80985.9,0.0,0.999997,0.0324779
5760_dose_800_gradient_0_VconcST_0_Vconc_8_run_0.csv,5760.0,800.0,0,8.0,0.0,8.0,0,32.0,82664.2,421.593,32.1951,82664.2,0.0,0.999998,0.031716
5760_dose_800_gradient_0_VconcST_0_Vconc_8_run_0.csv,5760.0,800.0,0,8.0,0.0,8.0,0,32.25,84296.8,413.238,32.831,84296.8,0.0,0.999998,0.0309575
5760_dose_800_gradient_0_VconcST_0_Vconc_8_run_0.csv,5760.0,800.0,0,8.0,0.0,8.0,0,32.5,85884.6,405.048,33.4494,85884.6,0.0,0.999998,0.0302438
5760_dose_800_gradient_0_VconcST_0_Vconc_8_run_0.csv,5760.0,800.0,0,8.0,0.0,8.0,0,32.75,87428.5,397.021,34.0507,87428.5,0.0,0.999998,0.0294765
5760_dose_800_gradient_0_VconcST_0_Vconc_8_run_0.csv,5760.0,800.0,0,8.0,0.0,8.0,0,33.0,88929.6,389.152,34.6353,88929.6,0.0,0.999998,0.0294289
5760_dose_800_gradient_0_VconcST_0_Vconc_8_run_0.csv,5760.0,800.0,0,8.0,0.0,8.0,0,33.25,90388.7,381.44,35.2036,90388.7,0.0,0.999998,0.028648
5760_dose_800_gradient_0_VconcST_0_Vconc_8_run_0.csv,5760.0,800.0,0,8.0,0.0,8.0,0,33.5,91806.5,373.88,35.7558,91806.5,0.0,0.999998,0.0279373
5760_dose_800_gradient_0_VconcST_0_Vconc_8_run_0.csv,5760.0,800.0,0,8.0,0.0,8.0,0,33.75,93184.2,366.47,36.2923,93184.2,0.0,0.999998,0.0279255
5760_dose_800_gradient_0_VconcST_0_Vconc_8_run_0.csv,5760.0,800.0,0,8.0,0.0,8.0,0,34.0,94522.4,359.207,36.8135,94522.4,0.0,0.999998,0.0271919
5760_dose_800_gradient_0_VconcST_0_Vconc_8_run_0.csv,5760.0,800.0,0,8.0,0.0,8.0,0,34.25,95822.0,352.088,37.3197,95822.0,0.0,0.999998,0.0271843
5760_dose_800_gradient_0_VconcST_0_Vconc_8_run_0.csv,5760.0,800.0,0,8.0,0.0,8.0,0,34.5,97083.9,345.11,37.8112,97083.9,0.0,0.999998,0.0264848
5760_dose_800_gradient_0_VconcST_0_Vconc_8_run_0.csv,5760.0,800.0,0,8.0,0.0,8.0,0,34.75,98308.7,338.27,38.2882,98308.7,0.0,0.999998,0.0263865
5760_dose_800_gradient_0_VconcST_0_Vconc_8_run_0.csv,5760.0,800.0,0,8.0,0.0,8.0,0,35.0,99497.4,331.566,38.7511,99497.4,0.0,0.999998,0.0256325
5760_dose_800_gradient_0_VconcST_0_Vconc_8_run_0.csv,5760.0,800.0,0,8.0,0.0,8.0,0,35.25,100651.0,324.995,39.2003,100651.0,0.0,0.999998,0.0256712
5760_dose_800_gradient_0_VconcST_0_Vconc_8_run_0.csv,5760.0,800.0,0,8.0,0.0,8.0,0,35.5,101769.0,318.554,39.6359,101769.0,0.0,0.999998,0.0257379
5760_dose_800_gradient_0_VconcST_0_Vconc_8_run_0.csv,5760.0,800.0,0,8.0,0.0,8.0,0,35.75,102854.0,312.241,40.0583,102854.0,0.0,0.999998,0.024967
5760_dose_800_gradient_0_VconcST_0_Vconc_8_run_0.csv,5760.0,800.0,0,8.0,0.0,8.0,0,36.0,103905.0,306.052,40.4677,103905.0,0.0,0.999998,0.0249268
5760_dose_800_gradient_0_VconcST_0_Vconc_8_run_0.csv,5760.0,800.0,0,8.0,0.0,8.0,0,36.25,104924.0,299.987,40.8645,104924.0,0.0,0.999998,0.0248787
5760_dose_800_gradient_0_VconcST_0_Vconc_8_run_0.csv,5760.0,800.0,0,8.0,0.0,8.0,0,36.5,105910.0,294.041,41.2488,105910.0,0.0,0.999998,0.0241248
5760_dose_800_gradient_0_VconcST_0_Vconc_8_run_0.csv,5760.0,800.0,0,8.0,0.0,8.0,0,36.75,106866.0,288.214,41.621,106866.0,0.0,0.999998,0.0241689
5760_dose_800_gradient_0_VconcST_0_Vconc_8_run_0.csv,5760.0,800.0,0,8.0,0.0,8.0,0,37.0,107791.0,282.502,41.9813,107791.0,0.0,0.999998,0.0241417
5760_dose_800_gradient_0_VconcST_0_Vconc_8_run_0.csv,5760.0,800.0,0,8.0,0.0,8.0,0,37.25,108687.0,276.903,42.33,108687.0,0.0,0.999998,0.0233708
5760_dose_800_gradient_0_VconcST_0_Vconc_8_run_0.csv,5760.0,800.0,0,8.0,0.0,8.0,0,37.5,109553.0,271.414,42.6673,109553.0,0.0,0.999998,0.0233872
5760_dose_800_gradient_0_VconcST_0_Vconc_8_run_0.csv,5760.0,800.0,0,8.0,0.0,8.0,0,37.75,110390.0,266.035,42.9935,110390.0,0.0,0.999998,0.0233938
5760_dose_800_gradient_0_VconcST_0_Vconc_8_run_0.csv,5760.0,800.0,0,8.0,0.0,8.0,0,38.0,111199.0,260.763,43.3087,111199.0,0.0,0.999998,0.0233708
5760_dose_800_gradient_0_VconcST_0_Vconc_8_run_0.csv,5760.0,800.0,0,8.0,0.0,8.0,0,38.25,111981.0,255.595,43.6133,111981.0,0.0,0.999998,0.0234267
5760_dose_800_gradient_0_VconcST_0_Vconc_8_run_0.csv,5760.0,800.0,0,8.0,0.0,8.0,0,38.5,112737.0,250.529,43.9074,112737.0,0.0,0.999998,0.0226608
5760_dose_800_gradient_0_VconcST_0_Vconc_8_run_0.csv,5760.0,800.0,0,8.0,0.0,8.0,0,38.75,113465.0,245.564,44.1913,113465.0,0.0,0.999998,0.0226282
5760_dose_800_gradient_0_VconcST_0_Vconc_8_run_0.csv,5760.0,800.0,0,8.0,0.0,8.0,0,39.0,114169.0,240.697,44.4652,114169.0,0.0,0.999998,0.0226441
5760_dose_800_gradient_0_VconcST_0_Vconc_8_run_0.csv,5760.0,800.0,0,8.0,0.0,8.0,0,39.25,114847.0,235.927,44.7293,114847.0,0.0,0.999998,0.0226306
5760_dose_800_gradient_0_VconcST_0_Vconc_8_run_0.csv,5760.0,800.0,0,8.0,0.0,8.0,0,39.5,115500.0,231.251,44.9838,115500.0,0.0,0.999998,0.0226981
5760_dose_800_gradient_0_VconcST_0_Vconc_8_run_0.csv,5760.0,800.0,0,8.0,0.0,8.0,0,39.75,116130.0,226.668,45.229,116130.0,0.0,0.999998,0.0219276
5760_dose_800_gradient_0_VconcST_0_Vconc_8_run_0.csv,5760.0,800.0,0,8.0,0.0,8.0,0,40.0,116736.0,222.176,45.465,116736.0,0.0,0.999998,0.0218915
5760_dose_800_gradient_0_VconcST_0_Vconc_8_run_0.csv,5760.0,800.0,0,8.0,0.0,8.0,0,40.25,117319.0,217.772,45.692,117319.0,0.0,0.999998,0.0218631
5760_dose_800_gradient_0_VconcST_0_Vconc_8_run_0.csv,5760.0,800.0,0,8.0,0.0,8.0,0,40.5,117879.0,213.456,45.9102,117879.0,0.0,0.999998,0.021903
5760_dose_800_gradient_0_VconcST_0_Vconc_8_run_0.csv,5760.0,800.0,0,8.0,0.0,8.0,0,40.75,118417.0,209.226,46.1199,118417.0,0.0,0.999998,0.0218631
5760_dose_800_gradient_0_VconcST_0_Vconc_8_run_0.csv,5760.0,800.0,0,8.0,0.0,8.0,0,41.0,118934.0,205.079,46.3211,118934.0,0.0,0.999998,0.0219023
5760_dose_800_gradient_0_VconcST_0_Vconc_8_run_0.csv,5760.0,800.0,0,8.0,0.0,8.0,0,41.25,119430.0,201.015,46.5142,119430.0,0.0,0.999998,0.0218785
5760_dose_800_gradient_0_VconcST_0_Vconc_8_run_0.csv,5760.0,800.0,0,8.0,0.0,8.0,0,41.5,119905.0,197.031,46.6992,119905.0,0.0,0.999998,0.0211647
5760_dose_800_gradient_0_VconcST_0_Vconc_8_run_1.csv,5760.0,800.0,0,8.0,0.0,8.0,1,0.0,0.0,0.0,0.0,0.0,0.0,0.0,0.0
5760_dose_800_gradient_0_VconcST_0_Vconc_8_run_1.csv,5760.0,800.0,0,8.0,0.0,8.0,1,0.25,0.0,0.0,0.0,0.0,0.0,0.0,10000.0
5760_dose_800_gradient_0_VconcST_0_Vconc_8_run_1.csv,5760.0,800.0,0,8.0,0.0,8.0,1,0.5,0.0,0.0,0.0,0.0,0.0,0.0,444.59
5760_dose_800_gradient_0_VconcST_0_Vconc_8_run_1.csv,5760.0,800.0,0,8.0,0.0,8.0,1,0.75,0.0,0.0,0.0,0.0,0.0,0.0,10000.0
5760_dose_800_gradient_0_VconcST_0_Vconc_8_run_1.csv,5760.0,800.0,0,8.0,0.0,8.0,1,1.0,0.0,0.0,0.0,0.0,0.0,0.0,416.868
5760_dose_800_gradient_0_VconcST_0_Vconc_8_run_1.csv,5760.0,800.0,0,8.0,0.0,8.0,1,1.25,0.0,0.0,0.0,0.0,0.0,0.0,10000.0
5760_dose_800_gradient_0_VconcST_0_Vconc_8_run_1.csv,5760.0,800.0,0,8.0,0.0,8.0,1,1.5,0.0,0.0,0.0,0.0,0.0,0.0,405.31
5760_dose_800_gradient_0_VconcST_0_Vconc_8_run_1.csv,5760.0,800.0,0,8.0,0.0,8.0,1,1.75,0.0,0.0,0.0,0.0,0.0,0.0,10000.0
5760_dose_800_gradient_0_VconcST_0_Vconc_8_run_1.csv,5760.0,800.0,0,8.0,0.0,8.0,1,2.0,0.0,0.0,0.0,0.0,0.0,0.0,381.557
5760_dose_800_gradient_0_VconcST_0_Vconc_8_run_1.csv,5760.0,800.0,0,8.0,0.0,8.0,1,2.25,0.0,0.0,0.0,0.0,0.0,0.0,10000.0
5760_dose_800_gradient_0_VconcST_0_Vconc_8_run_1.csv,5760.0,800.0,0,8.0,0.0,8.0,1,2.5,0.0,0.0,0.0,0.0,0.0,0.0,347.896
5760_dose_800_gradient_0_VconcST_0_Vconc_8_run_1.csv,5760.0,800.0,0,8.0,0.0,8.0,1,2.75,0.0,0.0,0.0,0.0,0.0,0.0,10000.0
5760_dose_800_gradient_0_VconcST_0_Vconc_8_run_1.csv,5760.0,800.0,0,8.0,0.0,8.0,1,3.0,0.0,0.0,0.0,0.0,0.0,0.0,343.831
5760_dose_800_gradient_0_VconcST_0_Vconc_8_run_1.csv,5760.0,800.0,0,8.0,0.0,8.0,1,3.25,0.0,0.0,0.0,0.0,0.0,0.0,10000.0
5760_dose_800_gradient_0_VconcST_0_Vconc_8_run_1.csv,5760.0,800.0,0,8.0,0.0,8.0,1,3.5,0.0,0.0,0.0,0.0,0.0,0.0,334.34
5760_dose_800_gradient_0_VconcST_0_Vconc_8_run_1.csv,5760.0,800.0,0,8.0,0.0,8.0,1,3.75,0.0,0.0,0.0,0.0,0.0,0.0,10000.0
5760_dose_800_gradient_0_VconcST_0_Vconc_8_run_1.csv,5760.0,800.0,0,8.0,0.0,8.0,1,4.0,0.0,0.0,0.0,0.0,0.0,0.0,340.094
5760_dose_800_gradient_0_VconcST_0_Vconc_8_run_1.csv,5760.0,800.0,0,8.0,0.0,8.0,1,4.25,0.0,0.0,0.0,0.0,0.0,0.0,10000.0
5760_dose_800_gradient_0_VconcST_0_Vconc_8_run_1.csv,5760.0,800.0,0,8.0,0.0,8.0,1,4.5,0.0,0.0,0.0,0.0,0.0,0.0,2135.2
5760_dose_800_gradient_0_VconcST_0_Vconc_8_run_1.csv,5760.0,800.0,0,8.0,0.0,8.0,1,4.75,0.0,0.0,0.0,0.0,0.0,0.0,910.556
5760_dose_800_gradient_0_VconcST_0_Vconc_8_run_1.csv,5760.0,800.0,0,8.0,0.0,8.0,1,5.0,0.0,0.0,0.0,0.0,0.0,0.0,10000.0
5760_dose_800_gradient_0_VconcST_0_Vconc_8_run_1.csv,5760.0,800.0,0,8.0,0.0,8.0,1,5.25,0.0,0.0,0.0,0.0,0.0,0.0,907.844
5760_dose_800_gradient_0_VconcST_0_Vconc_8_run_1.csv,5760.0,800.0,0,8.0,0.0,8.0,1,5.5,0.0,0.0,0.0,0.0,0.0,0.0,10000.0
5760_dose_800_gradient_0_VconcST_0_Vconc_8_run_1.csv,5760.0,800.0,0,8.0,0.0,8.0,1,5.75,0.0,0.0,0.0,0.0,0.0,0.0,905.698
5760_dose_800_gradient_0_VconcST_0_Vconc_8_run_1.csv,5760.0,800.0,0,8.0,0.0,8.0,1,6.0,0.0,0.0,0.0,0.0,0.0,0.0,10000.0
5760_dose_800_gradient_0_VconcST_0_Vconc_8_run_1.csv,5760.0,800.0,0,8.0,0.0,8.0,1,6.25,0.0,0.0,0.0,0.0,0.0,0.0,894.717
5760_dose_800_gradient_0_VconcST_0_Vconc_8_run_1.csv,5760.0,800.0,0,8.0,0.0,8.0,1,6.5,0.0,0.0,0.0,0.0,0.0,0.0,10000.0
5760_dose_800_gradient_0_VconcST_0_Vconc_8_run_1.csv,5760.0,800.0,0,8.0,0.0,8.0,1,6.75,0.0,0.0,0.0,0.0,0.0,0.0,842.932
5760_dose_800_gradient_0_VconcST_0_Vconc_8_run_1.csv,5760.0,800.0,0,8.0,0.0,8.0,1,7.0,0.0,0.0,0.0,0.0,0.0,0.0,10000.0
5760_dose_800_gradient_0_VconcST_0_Vconc_8_run_1.csv,5760.0,800.0,0,8.0,0.0,8.0,1,7.25,0.0,0.0,0.0,0.0,0.0,0.0,629.711
5760_dose_800_gradient_0_VconcST_0_Vconc_8_run_1.csv,5760.0,800.0,0,8.0,0.0,8.0,1,7.5,0.0,0.0,0.0,0.0,0.0,0.0,10000.0
5760_dose_800_gradient_0_VconcST_0_Vconc_8_run_1.csv,5760.0,800.0,0,8.0,0.0,8.0,1,7.75,0.0,0.0,0.0,0.0,0.0,0.0,508.454
5760_dose_800_gradient_0_VconcST_0_Vconc_8_run_1.csv,5760.0,800.0,0,8.0,0.0,8.0,1,8.0,0.0,0.0,0.0,0.0,0.0,0.0,10000.0
5760_dose_800_gradient_0_VconcST_0_Vconc_8_run_1.csv,5760.0,800.0,0,8.0,0.0,8.0,1,8.25,0.0,0.0,0.0,0.0,0.0,0.0,541.506
5760_dose_800_gradient_0_VconcST_0_Vconc_8_run_1.csv,5760.0,800.0,0,8.0,0.0,8.0,1,8.5,0.0,0.0,0.0,0.0,0.0,0.0,10000.0
5760_dose_800_gradient_0_VconcST_0_Vconc_8_run_1.csv,5760.0,800.0,0,8.0,0.0,8.0,1,8.75,0.0,0.0,0.0,0.0,0.0,0.0,459.807
5760_dose_800_gradient_0_VconcST_0_Vconc_8_run_1.csv,5760.0,800.0,0,8.0,0.0,8.0,1,9.0,0.0,0.0,0.0,0.0,0.0,0.0,10000.0
5760_dose_800_gradient_0_VconcST_0_Vconc_8_run_1.csv,5760.0,800.0,0,8.0,0.0,8.0,1,9.25,0.0,0.0,0.0,0.0,0.0,0.0,424.419
5760_dose_800_gradient_0_VconcST_0_Vconc_8_run_1.csv,5760.0,800.0,0,8.0,0.0,8.0,1,9.5,0.0,0.0,0.0,0.0,0.0,0.0,10000.0
5760_dose_800_gradient_0_VconcST_0_Vconc_8_run_1.csv,5760.0,800.0,0,8.0,0.0,8.0,1,9.75,0.0,0.0,0.0,0.0,0.0,0.0,397.971
5760_dose_800_gradient_0_VconcST_0_Vconc_8_run_1.csv,5760.0,800.0,0,8.0,0.0,8.0,1,10.0,0.0,0.0,0.0,0.0,0.0,0.0,10000.0
5760_dose_800_gradient_0_VconcST_0_Vconc_8_run_1.csv,5760.0,800.0,0,8.0,0.0,8.0,1,10.25,0.0,0.0,0.0,0.0,0.0,0.0,375.155
5760_dose_800_gradient_0_VconcST_0_Vconc_8_run_1.csv,5760.0,800.0,0,8.0,0.0,8.0,1,10.5,0.0,0.0,0.0,0.0,0.0,0.0,10000.0
5760_dose_800_gradient_0_VconcST_0_Vconc_8_run_1.csv,5760.0,800.0,0,8.0,0.0,8.0,1,10.75,0.0,0.0,0.0,0.0,0.0,0.0,336.445
5760_dose_800_gradient_0_VconcST_0_Vconc_8_run_1.csv,5760.0,800.0,0,8.0,0.0,8.0,1,11.0,0.0,0.0,0.0,0.0,0.0,0.0,10000.0
5760_dose_800_gradient_0_VconcST_0_Vconc_8_run_1.csv,5760.0,800.0,0,8.0,0.0,8.0,1,11.25,0.0,0.0,0.0,0.0,0.0,0.0,333.065
5760_dose_800_gradient_0_VconcST_0_Vconc_8_run_1.csv,5760.0,800.0,0,8.0,0.0,8.0,1,11.5,0.0,0.0,0.0,0.0,0.0,0.0,10000.0
5760_dose_800_gradient_0_VconcST_0_Vconc_8_run_1.csv,5760.0,800.0,0,8.0,0.0,8.0,1,11.75,0.0,0.0,0.0,0.0,0.0,0.0,353.381
5760_dose_800_gradient_0_VconcST_0_Vconc_8_run_1.csv,5760.0,800.0,0,8.0,0.0,8.0,1,12.0,0.0,0.0,0.0,0.0,0.0,0.0,10000.0
5760_dose_800_gradient_0_VconcST_0_Vconc_8_run_1.csv,5760.0,800.0,0,8.0,0.0,8.0,1,12.25,0.0,0.0,0.0,0.0,0.0,0.0,324.819
5760_dose_800_gradient_0_VconcST_0_Vconc_8_run_1.csv,5760.0,800.0,0,8.0,0.0,8.0,1,12.5,0.0,0.0,0.0,0.0,0.0,0.0,10000.0
5760_dose_800_gradient_0_VconcST_0_Vconc_8_run_1.csv,5760.0,800.0,0,8.0,0.0,8.0,1,12.75,0.0,0.0,0.0,0.0,0.0,0.0,319.991
5760_dose_800_gradient_0_VconcST_0_Vconc_8_run_1.csv,5760.0,800.0,0,8.0,0.0,8.0,1,13.0,0.0,0.0,0.0,0.0,0.0,0.0,906.859
5760_dose_800_gradient_0_VconcST_0_Vconc_8_run_1.csv,5760.0,800.0,0,8.0,0.0,8.0,1,13.25,0.0,0.0,0.0,0.0,0.0,0.0,10000.0
5760_dose_800_gradient_0_VconcST_0_Vconc_8_run_1.csv,5760.0,800.0,0,8.0,0.0,8.0,1,13.5,0.0,0.0,0.0,0.0,0.0,0.0,904.323
5760_dose_800_gradient_0_VconcST_0_Vconc_8_run_1.csv,5760.0,800.0,0,8.0,0.0,8.0,1,13.75,0.0,0.0,0.0,0.0,0.0,0.0,10000.0
5760_dose_800_gradient_0_VconcST_0_Vconc_8_run_1.csv,5760.0,800.0,0,8.0,0.0,8.0,1,14.0,0.0,0.0,0.0,0.0,0.0,0.0,906.983
5760_dose_800_gradient_0_VconcST_0_Vconc_8_run_1.csv,5760.0,800.0,0,8.0,0.0,8.0,1,14.25,0.0,0.0,0.0,0.0,0.0,0.0,10000.0
5760_dose_800_gradient_0_VconcST_0_Vconc_8_run_1.csv,5760.0,800.0,0,8.0,0.0,8.0,1,14.5,0.0,0.0,0.0,0.0,0.0,0.0,900.588
5760_dose_800_gradient_0_VconcST_0_Vconc_8_run_1.csv,5760.0,800.0,0,8.0,0.0,8.0,1,14.75,0.0,0.0,0.0,0.0,0.0,0.0,10000.0
5760_dose_800_gradient_0_VconcST_0_Vconc_8_run_1.csv,5760.0,800.0,0,8.0,0.0,8.0,1,15.0,0.0,0.0,0.0,0.0,0.0,0.0,759.096
5760_dose_800_gradient_0_VconcST_0_Vconc_8_run_1.csv,5760.0,800.0,0,8.0,0.0,8.0,1,15.25,0.0,0.0,0.0,0.0,0.0,0.0,10000.0
5760_dose_800_gradient_0_VconcST_0_Vconc_8_run_1.csv,5760.0,800.0,0,8.0,0.0,8.0,1,15.5,0.0,0.0,0.0,0.0,0.0,0.0,575.726
5760_dose_800_gradient_0_VconcST_0_Vconc_8_run_1.csv,5760.0,800.0,0,8.0,0.0,8.0,1,15.75,0.0,0.0,0.0,0.0,0.0,0.0,10000.0
5760_dose_800_gradient_0_VconcST_0_Vconc_8_run_1.csv,5760.0,800.0,0,8.0,0.0,8.0,1,16.0,0.0,0.0,0.0,0.0,0.0,0.0,513.262
5760_dose_800_gradient_0_VconcST_0_Vconc_8_run_1.csv,5760.0,800.0,0,8.0,0.0,8.0,1,16.25,0.0,0.0,0.0,0.0,0.0,0.0,10000.0
5760_dose_800_gradient_0_VconcST_0_Vconc_8_run_1.csv,5760.0,800.0,0,8.0,0.0,8.0,1,16.5,0.0,0.0,0.0,0.0,0.0,0.0,473.702
5760_dose_800_gradient_0_VconcST_0_Vconc_8_run_1.csv,5760.0,800.0,0,8.0,0.0,8.0,1,16.75,0.0,0.0,0.0,0.0,0.00190972,0.0,10000.0
5760_dose_800_gradient_0_VconcST_0_Vconc_8_run_1.csv,5760.0,800.0,0,8.0,0.0,8.0,1,17.0,0.0,0.0,0.0,0.0,0.0,0.0,436.517
5760_dose_800_gradient_0_VconcST_0_Vconc_8_run_1.csv,5760.0,800.0,0,8.0,0.0,8.0,1,17.25,0.0,0.0,0.0,0.0,0.0,0.0,10000.0
5760_dose_800_gradient_0_VconcST_0_Vconc_8_run_1.csv,5760.0,800.0,0,8.0,0.0,8.0,1,17.5,0.0,0.0,0.0,0.0,0.0,0.0,420.682
5760_dose_800_gradient_0_VconcST_0_Vconc_8_run_1.csv,5760.0,800.0,0,8.0,0.0,8.0,1,17.75,0.0,0.0,0.0,0.0,0.0,0.0,10000.0
5760_dose_800_gradient_0_VconcST_0_Vconc_8_run_1.csv,5760.0,800.0,0,8.0,0.0,8.0,1,18.0,0.0,0.0,0.0,0.0,0.0,0.0,414.087
5760_dose_800_gradient_0_VconcST_0_Vconc_8_run_1.csv,5760.0,800.0,0,8.0,0.0,8.0,1,18.25,0.0,0.0,0.0,0.0,0.0,0.0,10000.0
5760_dose_800_gradient_0_VconcST_0_Vconc_8_run_1.csv,5760.0,800.0,0,8.0,0.0,8.0,1,18.5,0.0,0.0,0.0,0.0,0.0,0.0,358.064
5760_dose_800_gradient_0_VconcST_0_Vconc_8_run_1.csv,5760.0,800.0,0,8.0,0.0,8.0,1,18.75,0.0,0.0,0.0,0.0,0.0,0.0,10000.0
5760_dose_800_gradient_0_VconcST_0_Vconc_8_run_1.csv,5760.0,800.0,0,8.0,0.0,8.0,1,19.0,0.0,0.0,0.0,0.0,0.0,0.0,354.723
5760_dose_800_gradient_0_VconcST_0_Vconc_8_run_1.csv,5760.0,800.0,0,8.0,0.0,8.0,1,19.25,0.0,0.0,0.0,0.0,0.0,0.0,10000.0
5760_dose_800_gradient_0_VconcST_0_Vconc_8_run_1.csv,5760.0,800.0,0,8.0,0.0,8.0,1,19.5,0.0,0.0,0.0,0.0,0.0,0.0,344.488
5760_dose_800_gradient_0_VconcST_0_Vconc_8_run_1.csv,5760.0,800.0,0,8.0,0.0,8.0,1,19.75,0.0,0.0,0.0,0.0,0.0,0.0,10000.0
5760_dose_800_gradient_0_VconcST_0_Vconc_8_run_1.csv,5760.0,800.0,0,8.0,0.0,8.0,1,20.0,0.0,0.0,0.0,0.0,0.0,0.0,354.375
5760_dose_800_gradient_0_VconcST_0_Vconc_8_run_1.csv,5760.0,800.0,0,8.0,0.0,8.0,1,20.25,0.0,0.0,0.0,0.0,0.0,0.0,10000.0
5760_dose_800_gradient_0_VconcST_0_Vconc_8_run_1.csv,5760.0,800.0,0,8.0,0.0,8.0,1,20.5,0.0,0.0,0.0,0.0,0.0,0.0,346.255
5760_dose_800_gradient_0_VconcST_0_Vconc_8_run_1.csv,5760.0,800.0,0,8.0,0.0,8.0,1,20.75,0.0,0.0,0.0,0.0,0.0,0.0,5447.69
5760_dose_800_gradient_0_VconcST_0_Vconc_8_run_1.csv,5760.0,800.0,0,8.0,0.0,8.0,1,21.0,0.0,0.0,0.0,0.0,0.0,0.0,6086.88
5760_dose_800_gradient_0_VconcST_0_Vconc_8_run_1.csv,5760.0,800.0,0,8.0,0.0,8.0,1,21.25,0.0,0.0,0.0,0.0,0.0,0.0,902.506
5760_dose_800_gradient_0_VconcST_0_Vconc_8_run_1.csv,5760.0,800.0,0,8.0,0.0,8.0,1,21.5,0.0,0.0,0.0,0.0,0.0,0.0,10000.0
5760_dose_800_gradient_0_VconcST_0_Vconc_8_run_1.csv,5760.0,800.0,0,8.0,0.0,8.0,1,21.75,0.0,0.0,0.0,0.0,0.0,0.0,902.965
5760_dose_800_gradient_0_VconcST_0_Vconc_8_run_1.csv,5760.0,800.0,0,8.0,0.0,8.0,1,22.0,0.0,0.0,0.0,0.0,0.0,0.0,10000.0
5760_dose_800_gradient_0_VconcST_0_Vconc_8_run_1.csv,5760.0,800.0,0,8.0,0.0,8.0,1,22.25,0.0,0.0,0.0,0.0,0.0,0.0,907.417
5760_dose_800_gradient_0_VconcST_0_Vconc_8_run_1.csv,5760.0,800.0,0,8.0,0.0,8.0,1,22.5,0.0,0.0,0.0,0.0,0.0,0.0,10000.0
5760_dose_800_gradient_0_VconcST_0_Vconc_8_run_1.csv,5760.0,800.0,0,8.0,0.0,8.0,1,22.75,0.0,0.0,0.0,0.0,0.0,0.0,866.653
5760_dose_800_gradient_0_VconcST_0_Vconc_8_run_1.csv,5760.0,800.0,0,8.0,0.0,8.0,1,23.0,0.0,0.0,0.0,0.0,0.0,0.0,10000.0
5760_dose_800_gradient_0_VconcST_0_Vconc_8_run_1.csv,5760.0,800.0,0,8.0,0.0,8.0,1,23.25,0.0,0.0,0.0,0.0,0.0,0.0,698.693
5760_dose_800_gradient_0_VconcST_0_Vconc_8_run_1.csv,5760.0,800.0,0,8.0,0.0,8.0,1,23.5,0.0,0.0,0.0,0.0,0.0,0.0,10000.0
5760_dose_800_gradient_0_VconcST_0_Vconc_8_run_1.csv,5760.0,800.0,0,8.0,0.0,8.0,1,23.75,0.0,0.0,0.0,0.0,0.0,0.0,570.067
5760_dose_800_gradient_0_VconcST_0_Vconc_8_run_1.csv,5760.0,800.0,0,8.0,0.0,8.0,1,24.0,62.29,800.0,0.02426,62.29,0.0,0.0,10000.0
5760_dose_800_gradient_0_VconcST_0_Vconc_8_run_1.csv,5760.0,800.0,0,8.0,0.0,8.0,1,24.25,3754.75,784.145,1.46236,3754.75,0.0,0.999946,0.0277296
5760_dose_800_gradient_0_VconcST_0_Vconc_8_run_1.csv,5760.0,800.0,0,8.0,0.0,8.0,1,24.5,7360.03,768.604,2.8665,7360.03,0.0,0.999973,0.451392
5760_dose_800_gradient_0_VconcST_0_Vconc_8_run_1.csv,5760.0,800.0,0,8.0,0.0,8.0,1,24.75,10879.9,753.371,4.23739,10879.9,0.0,0.999982,0.275166
5760_dose_800_gradient_0_VconcST_0_Vconc_8_run_1.csv,5760.0,800.0,0,8.0,0.0,8.0,1,25.0,14316.1,738.44,5.57569,14316.1,0.0,0.999986,0.199759
5760_dose_800_gradient_0_VconcST_0_Vconc_8_run_1.csv,5760.0,800.0,0,8.0,0.0,8.0,1,25.25,17670.4,723.805,6.88207,17670.4,0.0,0.999989,0.157552
5760_dose_800_gradient_0_VconcST_0_Vconc_8_run_1.csv,5760.0,800.0,0,8.0,0.0,8.0,1,25.5,20944.4,709.46,8.15719,20944.4,0.0,0.99999,0.13054
5760_dose_800_gradient_0_VconcST_0_Vconc_8_run_1.csv,5760.0,800.0,0,8.0,0.0,8.0,1,25.75,24139.7,695.4,9.40168,24139.7,0.0,0.999992,0.111771
5760_dose_800_gradient_0_VconcST_0_Vconc_8_run_1.csv,5760.0,800.0,0,8.0,0.0,8.0,1,26.0,27258.1,681.618,10.6162,27258.1,0.0,0.999993,0.0980025
5760_dose_800_gradient_0_VconcST_0_Vconc_8_run_1.csv,5760.0,800.0,0,8.0,0.0,8.0,1,26.25,30301.0,668.109,11.8013,30301.0,0.0,0.999993,0.087501
5760_dose_800_gradient_0_VconcST_0_Vconc_8_run_1.csv,5760.0,800.0,0,8.0,0.0,8.0,1,26.5,33270.0,654.868,12.9576,33270.0,0.0,0.999994,0.0793961
5760_dose_800_gradient_0_VconcST_0_Vconc_8_run_1.csv,5760.0,800.0,0,8.0,0.0,8.0,1,26.75,36166.6,641.889,14.0858,36166.6,0.0,0.999994,0.0723724
5760_dose_800_gradient_0_VconcST_0_Vconc_8_run_1.csv,5760.0,800.0,0,8.0,0.0,8.0,1,27.0,38992.4,629.168,15.1863,38992.4,0.0,0.999995,0.0672558
5760_dose_800_gradient_0_VconcST_0_Vconc_8_run_1.csv,5760.0,800.0,0,8.0,0.0,8.0,1,27.25,41748.7,616.698,16.2598,41748.7,0.0,0.999995,0.0626668
5760_dose_800_gradient_0_VconcST_0_Vconc_8_run_1.csv,5760.0,800.0,0,8.0,0.0,8.0,1,27.5,44437.0,604.476,17.3068,44437.0,0.0,0.999996,0.0580775
5760_dose_800_gradient_0_VconcST_0_Vconc_8_run_1.csv,5760.0,800.0,0,8.0,0.0,8.0,1,27.75,47058.6,592.496,18.3279,47058.6,0.0,0.999996,0.0551379
5760_dose_800_gradient_0_VconcST_0_Vconc_8_run_1.csv,5760.0,800.0,0,8.0,0.0,8.0,1,28.0,49615.1,580.753,19.3235,49615.1,0.0,0.999996,0.0520494
5760_dose_800_gradient_0_VconcST_0_Vconc_8_run_1.csv,5760.0,800.0,0,8.0,0.0,8.0,1,28.25,52107.7,569.244,20.2943,52107.7,0.0,0.999996,0.049907
5760_dose_800_gradient_0_VconcST_0_Vconc_8_run_1.csv,5760.0,800.0,0,8.0,0.0,8.0,1,28.5,54537.6,557.962,21.2407,54537.6,0.0,0.999996,0.0474949
5760_dose_800_gradient_0_VconcST_0_Vconc_8_run_1.csv,5760.0,800.0,0,8.0,0.0,8.0,1,28.75,56906.3,546.904,22.1632,56906.3,0.0,0.999996,0.0453115
5760_dose_800_gradient_0_VconcST_0_Vconc_8_run_1.csv,5760.0,800.0,0,8.0,0.0,8.0,1,29.0,59214.9,536.065,23.0624,59214.9,0.0,0.999997,0.0437564
5760_dose_800_gradient_0_VconcST_0_Vconc_8_run_1.csv,5760.0,800.0,0,8.0,0.0,8.0,1,29.25,61464.8,525.441,23.9386,61464.8,0.0,0.999997,0.0415135
5760_dose_800_gradient_0_VconcST_0_Vconc_8_run_1.csv,5760.0,800.0,0,8.0,0.0,8.0,1,29.5,63657.1,515.027,24.7925,63657.1,0.0,0.999997,0.0400278
5760_dose_800_gradient_0_VconcST_0_Vconc_8_run_1.csv,5760.0,800.0,0,8.0,0.0,8.0,1,29.75,65793.0,504.82,25.6243,65793.0,0.0,0.999997,0.0393317
5760_dose_800_gradient_0_VconcST_0_Vconc_8_run_1.csv,5760.0,800.0,0,8.0,0.0,8.0,1,30.0,67873.7,494.815,26.4347,67873.7,0.0,0.999997,0.0384487
5760_dose_800_gradient_0_VconcST_0_Vconc_8_run_1.csv,5760.0,800.0,0,8.0,0.0,8.0,1,30.25,69900.4,485.009,27.224,69900.4,0.0,0.999997,0.0369785
5760_dose_800_gradient_0_VconcST_0_Vconc_8_run_1.csv,5760.0,800.0,0,8.0,0.0,8.0,1,30.5,71874.0,475.396,27.9927,71874.0,0.0,0.999997,0.0362048
5760_dose_800_gradient_0_VconcST_0_Vconc_8_run_1.csv,5760.0,800.0,0,8.0,0.0,8.0,1,30.75,73795.9,465.974,28.7412,73795.9,0.0,0.999997,0.0354692
5760_dose_800_gradient_0_VconcST_0_Vconc_8_run_1.csv,5760.0,800.0,0,8.0,0.0,8.0,1,31.0,75667.0,456.739,29.4699,75667.0,0.0,0.999997,0.0347718
5760_dose_800_gradient_0_VconcST_0_Vconc_8_run_1.csv,5760.0,800.0,0,8.0,0.0,8.0,1,31.25,77488.3,447.687,30.1793,77488.3,0.0,0.999997,0.0333066
5760_dose_800_gradient_0_VconcST_0_Vconc_8_run_1.csv,5760.0,800.0,0,8.0,0.0,8.0,1,31.5,79260.9,438.815,30.8697,79260.9,0.0,0.999997,0.0324665
5760_dose_800_gradient_0_VconcST_0_Vconc_8_run_1.csv,5760.0,800.0,0,8.0,0.0,8.0,1,31.75,80985.9,430.118,31.5415,80985.9,0.0,0.999997,0.0324904
5760_dose_800_gradient_0_VconcST_0_Vconc_8_run_1.csv,5760.0,800.0,0,8.0,0.0,8.0,1,32.0,82664.2,421.593,32.1951,82664.2,0.0,0.999998,0.0316793
5760_dose_800_gradient_0_VconcST_0_Vconc_8_run_1.csv,5760.0,800.0,0,8.0,0.0,8.0,1,32.25,84296.8,413.238,32.831,84296.8,0.0,0.999998,0.0309097
5760_dose_800_gradient_0_VconcST_0_Vconc_8_run_1.csv,5760.0,800.0,0,8.0,0.0,8.0,1,32.5,85884.6,405.048,33.4494,85884.6,0.0,0.999998,0.0301558
5760_dose_800_gradient_0_VconcST_0_Vconc_8_run_1.csv,5760.0,800.0,0,8.0,0.0,8.0,1,32.75,87428.5,397.021,34.0507,87428.5,0.0,0.999998,0.0295384
5760_dose_800_gradient_0_VconcST_0_Vconc_8_run_1.csv,5760.0,800.0,0,8.0,0.0,8.0,1,33.0,88929.6,389.152,34.6353,88929.6,0.0,0.999998,0.0294021
5760_dose_800_gradient_0_VconcST_0_Vconc_8_run_1.csv,5760.0,800.0,0,8.0,0.0,8.0,1,33.25,90388.7,381.44,35.2036,90388.7,0.0,0.999998,0.028648
5760_dose_800_gradient_0_VconcST_0_Vconc_8_run_1.csv,5760.0,800.0,0,8.0,0.0,8.0,1,33.5,91806.5,373.88,35.7558,91806.5,0.0,0.999998,0.0279275
5760_dose_800_gradient_0_VconcST_0_Vconc_8_run_1.csv,5760.0,800.0,0,8.0,0.0,8.0,1,33.75,93184.2,366.47,36.2923,93184.2,0.0,0.999998,0.0278942
5760_dose_800_gradient_0_VconcST_0_Vconc_8_run_1.csv,5760.0,800.0,0,8.0,0.0,8.0,1,34.0,94522.4,359.207,36.8135,94522.4,0.0,0.999998,0.0272854
5760_dose_800_gradient_0_VconcST_0_Vconc_8_run_1.csv,5760.0,800.0,0,8.0,0.0,8.0,1,34.25,95822.0,352.088,37.3197,95822.0,0.0,0.999998,0.0271404
5760_dose_800_gradient_0_VconcST_0_Vconc_8_run_1.csv,5760.0,800.0,0,8.0,0.0,8.0,1,34.5,97083.9,345.11,37.8112,97083.9,0.0,0.999998,0.0264421
5760_dose_800_gradient_0_VconcST_0_Vconc_8_run_1.csv,5760.0,800.0,0,8.0,0.0,8.0,1,34.75,98308.7,338.27,38.2882,98308.7,0.0,0.999998,0.0263995
5760_dose_800_gradient_0_VconcST_0_Vconc_8_run_1.csv,5760.0,800.0,0,8.0,0.0,8.0,1,35.0,99497.4,331.566,38.7511,99497.4,0.0,0.999998,0.0256325
5760_dose_800_gradient_0_VconcST_0_Vconc_8_run_1.csv,5760.0,800.0,0,8.0,0.0,8.0,1,35.25,100651.0,324.995,39.2003,100651.0,0.0,0.999998,0.0257001
5760_dose_800_gradient_0_VconcST_0_Vconc_8_run_1.csv,5760.0,800.0,0,8.0,0.0,8.0,1,35.5,101769.0,318.554,39.6359,101769.0,0.0,0.999998,0.0256631
5760_dose_800_gradient_0_VconcST_0_Vconc_8_run_1.csv,5760.0,800.0,0,8.0,0.0,8.0,1,35.75,102854.0,312.241,40.0583,102854.0,0.0,0.999998,0.0248831
5760_dose_800_gradient_0_VconcST_0_Vconc_8_run_1.csv,5760.0,800.0,0,8.0,0.0,8.0,1,36.0,103905.0,306.052,40.4677,103905.0,0.0,0.999998,0.0249338
5760_dose_800_gradient_0_VconcST_0_Vconc_8_run_1.csv,5760.0,800.0,0,8.0,0.0,8.0,1,36.25,104924.0,299.987,40.8645,104924.0,0.0,0.999998,0.0249014
5760_dose_800_gradient_0_VconcST_0_Vconc_8_run_1.csv,5760.0,800.0,0,8.0,0.0,8.0,1,36.5,105910.0,294.041,41.2488,105910.0,0.0,0.999998,0.0241519
5760_dose_800_gradient_0_VconcST_0_Vconc_8_run_1.csv,5760.0,800.0,0,8.0,0.0,8.0,1,36.75,106866.0,288.214,41.621,106866.0,0.0,0.999998,0.024207
5760_dose_800_gradient_0_VconcST_0_Vconc_8_run_1.csv,5760.0,800.0,0,8.0,0.0,8.0,1,37.0,107791.0,282.502,41.9813,107791.0,0.0,0.999998,0.024235
5760_dose_800_gradient_0_VconcST_0_Vconc_8_run_1.csv,5760.0,800.0,0,8.0,0.0,8.0,1,37.25,108687.0,276.903,42.33,108687.0,0.0,0.999998,0.0233996
5760_dose_800_gradient_0_VconcST_0_Vconc_8_run_1.csv,5760.0,800.0,0,8.0,0.0,8.0,1,37.5,109553.0,271.414,42.6673,109553.0,0.0,0.999998,0.0234111
5760_dose_800_gradient_0_VconcST_0_Vconc_8_run_1.csv,5760.0,800.0,0,8.0,0.0,8.0,1,37.75,110390.0,266.035,42.9935,110390.0,0.0,0.999998,0.0233708
5760_dose_800_gradient_0_VconcST_0_Vconc_8_run_1.csv,5760.0,800.0,0,8.0,0.0,8.0,1,38.0,111199.0,260.763,43.3087,111199.0,0.0,0.999998,0.0234201
5760_dose_800_gradient_0_VconcST_0_Vconc_8_run_1.csv,5760.0,800.0,0,8.0,0.0,8.0,1,38.25,111981.0,255.595,43.6133,111981.0,0.0,0.999998,0.0233708
5760_dose_800_gradient_0_VconcST_0_Vconc_8_run_1.csv,5760.0,800.0,0,8.0,0.0,8.0,1,38.5,112737.0,250.529,43.9074,112737.0,0.0,0.999998,0.0226576
5760_dose_800_gradient_0_VconcST_0_Vconc_8_run_1.csv,5760.0,800.0,0,8.0,0.0,8.0,1,38.75,113465.0,245.564,44.1913,113465.0,0.0,0.999998,0.0226171
5760_dose_800_gradient_0_VconcST_0_Vconc_8_run_1.csv,5760.0,800.0,0,8.0,0.0,8.0,1,39.0,114169.0,240.697,44.4652,114169.0,0.0,0.999998,0.0226171
5760_dose_800_gradient_0_VconcST_0_Vconc_8_run_1.csv,5760.0,800.0,0,8.0,0.0,8.0,1,39.25,114847.0,235.927,44.7293,114847.0,0.0,0.999998,0.0226838
5760_dose_800_gradient_0_VconcST_0_Vconc_8_run_1.csv,5760.0,800.0,0,8.0,0.0,8.0,1,39.5,115500.0,231.251,44.9838,115500.0,0.0,0.999998,0.0226171
5760_dose_800_gradient_0_VconcST_0_Vconc_8_run_1.csv,5760.0,800.0,0,8.0,0.0,8.0,1,39.75,116130.0,226.668,45.229,116130.0,0.0,0.999998,0.0218784
5760_dose_800_gradient_0_VconcST_0_Vconc_8_run_1.csv,5760.0,800.0,0,8.0,0.0,8.0,1,40.0,116736.0,222.176,45.465,116736.0,0.0,0.999998,0.0218831
5760_dose_800_gradient_0_VconcST_0_Vconc_8_run_1.csv,5760.0,800.0,0,8.0,0.0,8.0,1,40.25,117319.0,217.772,45.692,117319.0,0.0,0.999998,0.0218631
5760_dose_800_gradient_0_VconcST_0_Vconc_8_run_1.csv,5760.0,800.0,0,8.0,0.0,8.0,1,40.5,117879.0,213.456,45.9102,117879.0,0.0,0.999998,0.0218785
5760_dose_800_gradient_0_VconcST_0_Vconc_8_run_1.csv,5760.0,800.0,0,8.0,0.0,8.0,1,40.75,118417.0,209.226,46.1199,118417.0,0.0,0.999998,0.0218631
5760_dose_800_gradient_0_VconcST_0_Vconc_8_run_1.csv,5760.0,800.0,0,8.0,0.0,8.0,1,41.0,118934.0,205.079,46.3211,118934.0,0.0,0.999998,0.0218762
5760_dose_800_gradient_0_VconcST_0_Vconc_8_run_1.csv,5760.0,800.0,0,8.0,0.0,8.0,1,41.25,119430.0,201.015,46.5142,119430.0,0.0,0.999998,0.0218631
5760_dose_800_gradient_0_VconcST_0_Vconc_8_run_1.csv,5760.0,800.0,0,8.0,0.0,8.0,1,41.5,119905.0,197.031,46.6992,119905.0,0.0,0.999998,0.0211343
5760_dose_800_gradient_0_VconcST_0_Vconc_6.4_run_1.csv,5760.0,800.0,0,6.4,0.0,6.4,1,0.0,0.0,0.0,0.0,0.0,0.0,0.0,0.0
5760_dose_800_gradient_0_VconcST_0_Vconc_6.4_run_1.csv,5760.0,800.0,0,6.4,0.0,6.4,1,0.25,0.0,0.0,0.0,0.0,0.0,0.0,10000.0
5760_dose_800_gradient_0_VconcST_0_Vconc_6.4_run_1.csv,5760.0,800.0,0,6.4,0.0,6.4,1,0.5,0.0,0.0,0.0,0.0,0.0,0.0,336.011
5760_dose_800_gradient_0_VconcST_0_Vconc_6.4_run_1.csv,5760.0,800.0,0,6.4,0.0,6.4,1,0.75,0.0,0.0,0.0,0.0,0.0,0.0,10000.0
5760_dose_800_gradient_0_VconcST_0_Vconc_6.4_run_1.csv,5760.0,800.0,0,6.4,0.0,6.4,1,1.0,0.0,0.0,0.0,0.0,0.0,0.0,291.085
5760_dose_800_gradient_0_VconcST_0_Vconc_6.4_run_1.csv,5760.0,800.0,0,6.4,0.0,6.4,1,1.25,0.0,0.0,0.0,0.0,0.0,0.0,10000.0
5760_dose_800_gradient_0_VconcST_0_Vconc_6.4_run_1.csv,5760.0,800.0,0,6.4,0.0,6.4,1,1.5,0.0,0.0,0.0,0.0,0.0,0.0,285.601
5760_dose_800_gradient_0_VconcST_0_Vconc_6.4_run_1.csv,5760.0,800.0,0,6.4,0.0,6.4,1,1.75,0.0,0.0,0.0,0.0,0.0,0.0,10000.0
5760_dose_800_gradient_0_VconcST_0_Vconc_6.4_run_1.csv,5760.0,800.0,0,6.4,0.0,6.4,1,2.0,0.0,0.0,0.0,0.0,0.0,0.0,259.137
5760_dose_800_gradient_0_VconcST_0_Vconc_6.4_run_1.csv,5760.0,800.0,0,6.4,0.0,6.4,1,2.25,0.0,0.0,0.0,0.0,0.0,0.0,10000.0
5760_dose_800_gradient_0_VconcST_0_Vconc_6.4_run_1.csv,5760.0,800.0,0,6.4,0.0,6.4,1,2.5,0.0,0.0,0.0,0.0,0.0,0.0,256.51
5760_dose_800_gradient_0_VconcST_0_Vconc_6.4_run_1.csv,5760.0,800.0,0,6.4,0.0,6.4,1,2.75,0.0,0.0,0.0,0.0,0.0,0.0,10000.0
5760_dose_800_gradient_0_VconcST_0_Vconc_6.4_run_1.csv,5760.0,800.0,0,6.4,0.0,6.4,1,3.0,0.0,0.0,0.0,0.0,0.0,0.0,249.79
5760_dose_800_gradient_0_VconcST_0_Vconc_6.4_run_1.csv,5760.0,800.0,0,6.4,0.0,6.4,1,3.25,0.0,0.0,0.0,0.0,0.0,0.0,10000.0
5760_dose_800_gradient_0_VconcST_0_Vconc_6.4_run_1.csv,5760.0,800.0,0,6.4,0.0,6.4,1,3.5,0.0,0.0,0.0,0.0,0.0,0.0,256.572
5760_dose_800_gradient_0_VconcST_0_Vconc_6.4_run_1.csv,5760.0,800.0,0,6.4,0.0,6.4,1,3.75,0.0,0.0,0.0,0.0,0.0,0.0,10000.0
5760_dose_800_gradient_0_VconcST_0_Vconc_6.4_run_1.csv,5760.0,800.0,0,6.4,0.0,6.4,1,4.0,0.0,0.0,0.0,0.0,0.0,0.0,2243.47
5760_dose_800_gradient_0_VconcST_0_Vconc_6.4_run_1.csv,5760.0,800.0,0,6.4,0.0,6.4,1,4.25,0.0,0.0,0.0,0.0,0.0,0.0,773.551
5760_dose_800_gradient_0_VconcST_0_Vconc_6.4_run_1.csv,5760.0,800.0,0,6.4,0.0,6.4,1,4.5,0.0,0.0,0.0,0.0,0.0,0.0,10000.0
5760_dose_800_gradient_0_VconcST_0_Vconc_6.4_run_1.csv,5760.0,800.0,0,6.4,0.0,6.4,1,4.75,0.0,0.0,0.0,0.0,0.0,0.0,783.276
5760_dose_800_gradient_0_VconcST_0_Vconc_6.4_run_1.csv,5760.0,800.0,0,6.4,0.0,6.4,1,5.0,0.0,0.0,0.0,0.0,0.0,0.0,10000.0
5760_dose_800_gradient_0_VconcST_0_Vconc_6.4_run_1.csv,5760.0,800.0,0,6.4,0.0,6.4,1,5.25,0.0,0.0,0.0,0.0,0.0,0.0,764.552
5760_dose_800_gradient_0_VconcST_0_Vconc_6.4_run_1.csv,5760.0,800.0,0,6.4,0.0,6.4,1,5.5,0.0,0.0,0.0,0.0,0.0,0.0,10000.0
5760_dose_800_gradient_0_VconcST_0_Vconc_6.4_run_1.csv,5760.0,800.0,0,6.4,0.0,6.4,1,5.75,0.0,0.0,0.0,0.0,0.0,0.0,761.022
5760_dose_800_gradient_0_VconcST_0_Vconc_6.4_run_1.csv,5760.0,800.0,0,6.4,0.0,6.4,1,6.0,0.0,0.0,0.0,0.0,0.0,0.0,10000.0
5760_dose_800_gradient_0_VconcST_0_Vconc_6.4_run_1.csv,5760.0,800.0,0,6.4,0.0,6.4,1,6.25,0.0,0.0,0.0,0.0,0.0,0.0,635.437
5760_dose_800_gradient_0_VconcST_0_Vconc_6.4_run_1.csv,5760.0,800.0,0,6.4,0.0,6.4,1,6.5,0.0,0.0,0.0,0.0,0.0,0.0,10000.0
5760_dose_800_gradient_0_VconcST_0_Vconc_6.4_run_1.csv,5760.0,800.0,0,6.4,0.0,6.4,1,6.75,0.0,0.0,0.0,0.0,0.0,0.0,472.55
5760_dose_800_gradient_0_VconcST_0_Vconc_6.4_run_1.csv,5760.0,800.0,0,6.4,0.0,6.4,1,7.0,0.0,0.0,0.0,0.0,0.0,0.0,10000.0
5760_dose_800_gradient_0_VconcST_0_Vconc_6.4_run_1.csv,5760.0,800.0,0,6.4,0.0,6.4,1,7.25,0.0,0.0,0.0,0.0,0.0,0.0,380.898
5760_dose_800_gradient_0_VconcST_0_Vconc_6.4_run_1.csv,5760.0,800.0,0,6.4,0.0,6.4,1,7.5,0.0,0.0,0.0,0.0,0.0,0.0,10000.0
5760_dose_800_gradient_0_VconcST_0_Vconc_6.4_run_1.csv,5760.0,800.0,0,6.4,0.0,6.4,1,7.75,0.0,0.0,0.0,0.0,0.0,0.0,335.648
5760_dose_800_gradient_0_VconcST_0_Vconc_6.4_run_1.csv,5760.0,800.0,0,6.4,0.0,6.4,1,8.0,0.0,0.0,0.0,0.0,0.0,0.0,10000.0
5760_dose_800_gradient_0_VconcST_0_Vconc_6.4_run_1.csv,5760.0,800.0,0,6.4,0.0,6.4,1,8.25,0.0,0.0,0.0,0.0,0.0,0.0,342.037
5760_dose_800_gradient_0_VconcST_0_Vconc_6.4_run_1.csv,5760.0,800.0,0,6.4,0.0,6.4,1,8.5,0.0,0.0,0.0,0.0,0.0,0.0,10000.0
5760_dose_800_gradient_0_VconcST_0_Vconc_6.4_run_1.csv,5760.0,800.0,0,6.4,0.0,6.4,1,8.75,0.0,0.0,0.0,0.0,0.0,0.0,300.046
5760_dose_800_gradient_0_VconcST_0_Vconc_6.4_run_1.csv,5760.0,800.0,0,6.4,0.0,6.4,1,9.0,0.0,0.0,0.0,0.0,0.0,0.0,10000.0
5760_dose_800_gradient_0_VconcST_0_Vconc_6.4_run_1.csv,5760.0,800.0,0,6.4,0.0,6.4,1,9.25,0.0,0.0,0.0,0.0,0.0,0.0,275.335
5760_dose_800_gradient_0_VconcST_0_Vconc_6.4_run_1.csv,5760.0,800.0,0,6.4,0.0,6.4,1,9.5,0.0,0.0,0.0,0.0,0.0,0.0,10000.0
5760_dose_800_gradient_0_VconcST_0_Vconc_6.4_run_1.csv,5760.0,800.0,0,6.4,0.0,6.4,1,9.75,0.0,0.0,0.0,0.0,0.0,0.0,270.793
5760_dose_800_gradient_0_VconcST_0_Vconc_6.4_run_1.csv,5760.0,800.0,0,6.4,0.0,6.4,1,10.0,0.0,0.0,0.0,0.0,0.0,0.0,10000.0
5760_dose_800_gradient_0_VconcST_0_Vconc_6.4_run_1.csv,5760.0,800.0,0,6.4,0.0,6.4,1,10.25,0.0,0.0,0.0,0.0,0.0,0.0,259.585
5760_dose_800_gradient_0_VconcST_0_Vconc_6.4_run_1.csv,5760.0,800.0,0,6.4,0.0,6.4,1,10.5,0.0,0.0,0.0,0.0,0.0,0.0,10000.0
5760_dose_800_gradient_0_VconcST_0_Vconc_6.4_run_1.csv,5760.0,800.0,0,6.4,0.0,6.4,1,10.75,0.0,0.0,0.0,0.0,0.0,0.0,269.596
5760_dose_800_gradient_0_VconcST_0_Vconc_6.4_run_1.csv,5760.0,800.0,0,6.4,0.0,6.4,1,11.0,0.0,0.0,0.0,0.0,0.0,0.0,10000.0
5760_dose_800_gradient_0_VconcST_0_Vconc_6.4_run_1.csv,5760.0,800.0,0,6.4,0.0,6.4,1,11.25,0.0,0.0,0.0,0.0,0.0,0.0,254.579
5760_dose_800_gradient_0_VconcST_0_Vconc_6.4_run_1.csv,5760.0,800.0,0,6.4,0.0,6.4,1,11.5,0.0,0.0,0.0,0.0,0.0,0.0,10000.0
5760_dose_800_gradient_0_VconcST_0_Vconc_6.4_run_1.csv,5760.0,800.0,0,6.4,0.0,6.4,1,11.75,0.0,0.0,0.0,0.0,0.0,0.0,248.886
5760_dose_800_gradient_0_VconcST_0_Vconc_6.4_run_1.csv,5760.0,800.0,0,6.4,0.0,6.4,1,12.0,0.0,0.0,0.0,0.0,0.0,0.0,1241.75
5760_dose_800_gradient_0_VconcST_0_Vconc_6.4_run_1.csv,5760.0,800.0,0,6.4,0.0,6.4,1,12.25,0.0,0.0,0.0,0.0,0.0,0.0,8496.55
5760_dose_800_gradient_0_VconcST_0_Vconc_6.4_run_1.csv,5760.0,800.0,0,6.4,0.0,6.4,1,12.5,0.0,0.0,0.0,0.0,0.0,0.0,775.088
5760_dose_800_gradient_0_VconcST_0_Vconc_6.4_run_1.csv,5760.0,800.0,0,6.4,0.0,6.4,1,12.75,0.0,0.0,0.0,0.0,0.0,0.0,10000.0
5760_dose_800_gradient_0_VconcST_0_Vconc_6.4_run_1.csv,5760.0,800.0,0,6.4,0.0,6.4,1,13.0,0.0,0.0,0.0,0.0,0.0,0.0,774.802
5760_dose_800_gradient_0_VconcST_0_Vconc_6.4_run_1.csv,5760.0,800.0,0,6.4,0.0,6.4,1,13.25,0.0,0.0,0.0,0.0,0.0,0.0,10000.0
5760_dose_800_gradient_0_VconcST_0_Vconc_6.4_run_1.csv,5760.0,800.0,0,6.4,0.0,6.4,1,13.5,0.0,0.0,0.0,0.0,0.0,0.0,767.24
5760_dose_800_gradient_0_VconcST_0_Vconc_6.4_run_1.csv,5760.0,800.0,0,6.4,0.0,6.4,1,13.75,0.0,0.0,0.0,0.0,0.0,0.0,10000.0
5760_dose_800_gradient_0_VconcST_0_Vconc_6.4_run_1.csv,5760.0,800.0,0,6.4,0.0,6.4,1,14.0,0.0,0.0,0.0,0.0,0.0,0.0,698.461
5760_dose_800_gradient_0_VconcST_0_Vconc_6.4_run_1.csv,5760.0,800.0,0,6.4,0.0,6.4,1,14.25,0.0,0.0,0.0,0.0,0.0,0.0,10000.0
5760_dose_800_gradient_0_VconcST_0_Vconc_6.4_run_1.csv,5760.0,800.0,0,6.4,0.0,6.4,1,14.5,0.0,0.0,0.0,0.0,0.0,0.0,548.405
5760_dose_800_gradient_0_VconcST_0_Vconc_6.4_run_1.csv,5760.0,800.0,0,6.4,0.0,6.4,1,14.75,0.0,0.0,0.0,0.0,0.0,0.0,10000.0
5760_dose_800_gradient_0_VconcST_0_Vconc_6.4_run_1.csv,5760.0,800.0,0,6.4,0.0,6.4,1,15.0,0.0,0.0,0.0,0.0,0.0,0.0,394.285
5760_dose_800_gradient_0_VconcST_0_Vconc_6.4_run_1.csv,5760.0,800.0,0,6.4,0.0,6.4,1,15.25,0.0,0.0,0.0,0.0,0.0,0.0,10000.0
5760_dose_800_gradient_0_VconcST_0_Vconc_6.4_run_1.csv,5760.0,800.0,0,6.4,0.0,6.4,1,15.5,0.0,0.0,0.0,0.0,0.0,0.0,356.489
5760_dose_800_gradient_0_VconcST_0_Vconc_6.4_run_1.csv,5760.0,800.0,0,6.4,0.0,6.4,1,15.75,0.0,0.0,0.0,0.0,0.0,0.0,10000.0
5760_dose_800_gradient_0_VconcST_0_Vconc_6.4_run_1.csv,5760.0,800.0,0,6.4,0.0,6.4,1,16.0,0.0,0.0,0.0,0.0,0.0,0.0,355.863
5760_dose_800_gradient_0_VconcST_0_Vconc_6.4_run_1.csv,5760.0,800.0,0,6.4,0.0,6.4,1,16.25,0.0,0.0,0.0,0.0,0.0,0.0,10000.0
5760_dose_800_gradient_0_VconcST_0_Vconc_6.4_run_1.csv,5760.0,800.0,0,6.4,0.0,6.4,1,16.5,0.0,0.0,0.0,0.0,0.0,0.0,310.968
5760_dose_800_gradient_0_VconcST_0_Vconc_6.4_run_1.csv,5760.0,800.0,0,6.4,0.0,6.4,1,16.75,0.0,0.0,0.0,0.0,0.0,0.0,10000.0
5760_dose_800_gradient_0_VconcST_0_Vconc_6.4_run_1.csv,5760.0,800.0,0,6.4,0.0,6.4,1,17.0,0.0,0.0,0.0,0.0,0.0,0.0,307.546
5760_dose_800_gradient_0_VconcST_0_Vconc_6.4_run_1.csv,5760.0,800.0,0,6.4,0.0,6.4,1,17.25,0.0,0.0,0.0,0.0,0.0,0.0,10000.0
5760_dose_800_gradient_0_VconcST_0_Vconc_6.4_run_1.csv,5760.0,800.0,0,6.4,0.0,6.4,1,17.5,0.0,0.0,0.0,0.0,0.000381944,0.0,276.401
5760_dose_800_gradient_0_VconcST_0_Vconc_6.4_run_1.csv,5760.0,800.0,0,6.4,0.0,6.4,1,17.75,0.0,0.0,0.0,0.0,0.0,0.0,10000.0
5760_dose_800_gradient_0_VconcST_0_Vconc_6.4_run_1.csv,5760.0,800.0,0,6.4,0.0,6.4,1,18.0,0.0,0.0,0.0,0.0,0.0,0.0,264.088
5760_dose_800_gradient_0_VconcST_0_Vconc_6.4_run_1.csv,5760.0,800.0,0,6.4,0.0,6.4,1,18.25,0.0,0.0,0.0,0.0,0.0,0.0,10000.0
5760_dose_800_gradient_0_VconcST_0_Vconc_6.4_run_1.csv,5760.0,800.0,0,6.4,0.0,6.4,1,18.5,0.0,0.0,0.0,0.0,0.0,0.0,263.679
5760_dose_800_gradient_0_VconcST_0_Vconc_6.4_run_1.csv,5760.0,800.0,0,6.4,0.0,6.4,1,18.75,0.0,0.0,0.0,0.0,0.0,0.0,10000.0
5760_dose_800_gradient_0_VconcST_0_Vconc_6.4_run_1.csv,5760.0,800.0,0,6.4,0.0,6.4,1,19.0,0.0,0.0,0.0,0.0,0.0,0.0,251.605
5760_dose_800_gradient_0_VconcST_0_Vconc_6.4_run_1.csv,5760.0,800.0,0,6.4,0.0,6.4,1,19.25,0.0,0.0,0.0,0.0,0.0,0.0,10000.0
5760_dose_800_gradient_0_VconcST_0_Vconc_6.4_run_1.csv,5760.0,800.0,0,6.4,0.0,6.4,1,19.5,0.0,0.0,0.0,0.0,0.0,0.0,252.579
5760_dose_800_gradient_0_VconcST_0_Vconc_6.4_run_1.csv,5760.0,800.0,0,6.4,0.0,6.4,1,19.75,0.0,0.0,0.0,0.0,0.0,0.0,5913.37
5760_dose_800_gradient_0_VconcST_0_Vconc_6.4_run_1.csv,5760.0,800.0,0,6.4,0.0,6.4,1,20.0,0.0,0.0,0.0,0.0,0.0,0.0,7865.32
5760_dose_800_gradient_0_VconcST_0_Vconc_6.4_run_1.csv,5760.0,800.0,0,6.4,0.0,6.4,1,20.25,0.0,0.0,0.0,0.0,0.0,0.0,774.184
5760_dose_800_gradient_0_VconcST_0_Vconc_6.4_run_1.csv,5760.0,800.0,0,6.4,0.0,6.4,1,20.5,0.0,0.0,0.0,0.0,0.0,0.0,10000.0
5760_dose_800_gradient_0_VconcST_0_Vconc_6.4_run_1.csv,5760.0,800.0,0,6.4,0.0,6.4,1,20.75,0.0,0.0,0.0,0.0,0.0,0.0,789.602
5760_dose_800_gradient_0_VconcST_0_Vconc_6.4_run_1.csv,5760.0,800.0,0,6.4,0.0,6.4,1,21.0,0.0,0.0,0.0,0.0,0.0,0.0,10000.0
5760_dose_800_gradient_0_VconcST_0_Vconc_6.4_run_1.csv,5760.0,800.0,0,6.4,0.0,6.4,1,21.25,0.0,0.0,0.0,0.0,0.0,0.0,772.068
5760_dose_800_gradient_0_VconcST_0_Vconc_6.4_run_1.csv,5760.0,800.0,0,6.4,0.0,6.4,1,21.5,0.0,0.0,0.0,0.0,0.0,0.0,10000.0
5760_dose_800_gradient_0_VconcST_0_Vconc_6.4_run_1.csv,5760.0,800.0,0,6.4,0.0,6.4,1,21.75,0.0,0.0,0.0,0.0,0.0,0.0,730.023
5760_dose_800_gradient_0_VconcST_0_Vconc_6.4_run_1.csv,5760.0,800.0,0,6.4,0.0,6.4,1,22.0,0.0,0.0,0.0,0.0,0.0,0.0,10000.0
5760_dose_800_gradient_0_VconcST_0_Vconc_6.4_run_1.csv,5760.0,800.0,0,6.4,0.0,6.4,1,22.25,0.0,0.0,0.0,0.0,0.0,0.0,569.431
5760_dose_800_gradient_0_VconcST_0_Vconc_6.4_run_1.csv,5760.0,800.0,0,6.4,0.0,6.4,1,22.5,0.0,0.0,0.0,0.0,0.0,0.0,10000.0
5760_dose_800_gradient_0_VconcST_0_Vconc_6.4_run_1.csv,5760.0,800.0,0,6.4,0.0,6.4,1,22.75,0.0,0.0,0.0,0.0,0.0,0.0,426.28
5760_dose_800_gradient_0_VconcST_0_Vconc_6.4_run_1.csv,5760.0,800.0,0,6.4,0.0,6.4,1,23.0,0.0,0.0,0.0,0.0,0.0,0.0,10000.0
5760_dose_800_gradient_0_VconcST_0_Vconc_6.4_run_1.csv,5760.0,800.0,0,6.4,0.0,6.4,1,23.25,0.0,0.0,0.0,0.0,0.0,0.0,403.856
5760_dose_800_gradient_0_VconcST_0_Vconc_6.4_run_1.csv,5760.0,800.0,0,6.4,0.0,6.4,1,23.5,0.0,0.0,0.0,0.0,0.0,0.0,10000.0
5760_dose_800_gradient_0_VconcST_0_Vconc_6.4_run_1.csv,5760.0,800.0,0,6.4,0.0,6.4,1,23.75,0.0,0.0,0.0,0.0,0.0,0.0,345.621
5760_dose_800_gradient_0_VconcST_0_Vconc_6.4_run_1.csv,5760.0,800.0,0,6.4,0.0,6.4,1,24.0,62.29,800.0,0.02426,62.29,0.0,0.0,10000.0
5760_dose_800_gradient_0_VconcST_0_Vconc_6.4_run_1.csv,5760.0,800.0,0,6.4,0.0,6.4,1,24.25,3754.75,784.145,1.46236,3754.75,0.0,0.999946,0.0221969
5760_dose_800_gradient_0_VconcST_0_Vconc_6.4_run_1.csv,5760.0,800.0,0,6.4,0.0,6.4,1,24.5,7360.03,768.604,2.8665,7360.03,0.0,0.999973,0.360719
5760_dose_800_gradient_0_VconcST_0_Vconc_6.4_run_1.csv,5760.0,800.0,0,6.4,0.0,6.4,1,24.75,10879.9,753.371,4.23739,10879.9,0.0,0.999982,0.220235
5760_dose_800_gradient_0_VconcST_0_Vconc_6.4_run_1.csv,5760.0,800.0,0,6.4,0.0,6.4,1,25.0,14316.1,738.44,5.57569,14316.1,0.0,0.999986,0.159958
5760_dose_800_gradient_0_VconcST_0_Vconc_6.4_run_1.csv,5760.0,800.0,0,6.4,0.0,6.4,1,25.25,17670.4,723.805,6.88207,17670.4,0.0,0.999989,0.126044
5760_dose_800_gradient_0_VconcST_0_Vconc_6.4_run_1.csv,5760.0,800.0,0,6.4,0.0,6.4,1,25.5,20944.4,709.46,8.15719,20944.4,0.0,0.99999,0.104565
5760_dose_800_gradient_0_VconcST_0_Vconc_6.4_run_1.csv,5760.0,800.0,0,6.4,0.0,6.4,1,25.75,24139.7,695.4,9.40168,24139.7,0.0,0.999992,0.0894774
5760_dose_800_gradient_0_VconcST_0_Vconc_6.4_run_1.csv,5760.0,800.0,0,6.4,0.0,6.4,1,26.0,27258.1,681.618,10.6162,27258.1,0.0,0.999993,0.0784028
5760_dose_800_gradient_0_VconcST_0_Vconc_6.4_run_1.csv,5760.0,800.0,0,6.4,0.0,6.4,1,26.25,30301.0,668.109,11.8013,30301.0,0.0,0.999993,0.0700879
5760_dose_800_gradient_0_VconcST_0_Vconc_6.4_run_1.csv,5760.0,800.0,0,6.4,0.0,6.4,1,26.5,33270.0,654.868,12.9576,33270.0,0.0,0.999994,0.0634996
5760_dose_800_gradient_0_VconcST_0_Vconc_6.4_run_1.csv,5760.0,800.0,0,6.4,0.0,6.4,1,26.75,36166.6,641.889,14.0858,36166.6,0.0,0.999994,0.0579511
5760_dose_800_gradient_0_VconcST_0_Vconc_6.4_run_1.csv,5760.0,800.0,0,6.4,0.0,6.4,1,27.0,38992.4,629.168,15.1863,38992.4,0.0,0.999995,0.0537031
5760_dose_800_gradient_0_VconcST_0_Vconc_6.4_run_1.csv,5760.0,800.0,0,6.4,0.0,6.4,1,27.25,41748.7,616.698,16.2598,41748.7,0.0,0.999995,0.0500582
5760_dose_800_gradient_0_VconcST_0_Vconc_6.4_run_1.csv,5760.0,800.0,0,6.4,0.0,6.4,1,27.5,44437.0,604.476,17.3068,44437.0,0.0,0.999996,0.0464721
5760_dose_800_gradient_0_VconcST_0_Vconc_6.4_run_1.csv,5760.0,800.0,0,6.4,0.0,6.4,1,27.75,47058.6,592.496,18.3279,47058.6,0.0,0.999996,0.044027
5760_dose_800_gradient_0_VconcST_0_Vconc_6.4_run_1.csv,5760.0,800.0,0,6.4,0.0,6.4,1,28.0,49615.1,580.753,19.3235,49615.1,0.0,0.999996,0.0417186
5760_dose_800_gradient_0_VconcST_0_Vconc_6.4_run_1.csv,5760.0,800.0,0,6.4,0.0,6.4,1,28.25,52107.7,569.244,20.2943,52107.7,0.0,0.999996,0.0398055
5760_dose_800_gradient_0_VconcST_0_Vconc_6.4_run_1.csv,5760.0,800.0,0,6.4,0.0,6.4,1,28.5,54537.6,557.962,21.2407,54537.6,0.0,0.999996,0.0380816
5760_dose_800_gradient_0_VconcST_0_Vconc_6.4_run_1.csv,5760.0,800.0,0,6.4,0.0,6.4,1,28.75,56906.3,546.904,22.1632,56906.3,0.0,0.999996,0.03622
5760_dose_800_gradient_0_VconcST_0_Vconc_6.4_run_1.csv,5760.0,800.0,0,6.4,0.0,6.4,1,29.0,59214.9,536.065,23.0624,59214.9,0.0,0.999997,0.0350236
5760_dose_800_gradient_0_VconcST_0_Vconc_6.4_run_1.csv,5760.0,800.0,0,6.4,0.0,6.4,1,29.25,61464.8,525.441,23.9386,61464.8,0.0,0.999997,0.0331714
5760_dose_800_gradient_0_VconcST_0_Vconc_6.4_run_1.csv,5760.0,800.0,0,6.4,0.0,6.4,1,29.5,63657.1,515.027,24.7925,63657.1,0.0,0.999997,0.0319942
5760_dose_800_gradient_0_VconcST_0_Vconc_6.4_run_1.csv,5760.0,800.0,0,6.4,0.0,6.4,1,29.75,65793.0,504.82,25.6243,65793.0,0.0,0.999997,0.0314062
5760_dose_800_gradient_0_VconcST_0_Vconc_6.4_run_1.csv,5760.0,800.0,0,6.4,0.0,6.4,1,30.0,67873.7,494.815,26.4347,67873.7,0.0,0.999997,0.0307587
5760_dose_800_gradient_0_VconcST_0_Vconc_6.4_run_1.csv,5760.0,800.0,0,6.4,0.0,6.4,1,30.25,69900.4,485.009,27.224,69900.4,0.0,0.999997,0.0296512
5760_dose_800_gradient_0_VconcST_0_Vconc_6.4_run_1.csv,5760.0,800.0,0,6.4,0.0,6.4,1,30.5,71874.0,475.396,27.9927,71874.0,0.0,0.999997,0.0289497
5760_dose_800_gradient_0_VconcST_0_Vconc_6.4_run_1.csv,5760.0,800.0,0,6.4,0.0,6.4,1,30.75,73795.9,465.974,28.7412,73795.9,0.0,0.999997,0.0283466
5760_dose_800_gradient_0_VconcST_0_Vconc_6.4_run_1.csv,5760.0,800.0,0,6.4,0.0,6.4,1,31.0,75667.0,456.739,29.4699,75667.0,0.0,0.999997,0.0278009
5760_dose_800_gradient_0_VconcST_0_Vconc_6.4_run_1.csv,5760.0,800.0,0,6.4,0.0,6.4,1,31.25,77488.3,447.687,30.1793,77488.3,0.0,0.999997,0.0265372
5760_dose_800_gradient_0_VconcST_0_Vconc_6.4_run_1.csv,5760.0,800.0,0,6.4,0.0,6.4,1,31.5,79260.9,438.815,30.8697,79260.9,0.0,0.999997,0.0259496
5760_dose_800_gradient_0_VconcST_0_Vconc_6.4_run_1.csv,5760.0,800.0,0,6.4,0.0,6.4,1,31.75,80985.9,430.118,31.5415,80985.9,0.0,0.999997,0.0259942
5760_dose_800_gradient_0_VconcST_0_Vconc_6.4_run_1.csv,5760.0,800.0,0,6.4,0.0,6.4,1,32.0,82664.2,421.593,32.1951,82664.2,0.0,0.999998,0.0253309
5760_dose_800_gradient_0_VconcST_0_Vconc_6.4_run_1.csv,5760.0,800.0,0,6.4,0.0,6.4,1,32.25,84296.8,413.238,32.831,84296.8,0.0,0.999998,0.0247529
5760_dose_800_gradient_0_VconcST_0_Vconc_6.4_run_1.csv,5760.0,800.0,0,6.4,0.0,6.4,1,32.5,85884.6,405.048,33.4494,85884.6,0.0,0.999998,0.0241663
5760_dose_800_gradient_0_VconcST_0_Vconc_6.4_run_1.csv,5760.0,800.0,0,6.4,0.0,6.4,1,32.75,87428.5,397.021,34.0507,87428.5,0.0,0.999998,0.0235455
5760_dose_800_gradient_0_VconcST_0_Vconc_6.4_run_1.csv,5760.0,800.0,0,6.4,0.0,6.4,1,33.0,88929.6,389.152,34.6353,88929.6,0.0,0.999998,0.023543
5760_dose_800_gradient_0_VconcST_0_Vconc_6.4_run_1.csv,5760.0,800.0,0,6.4,0.0,6.4,1,33.25,90388.7,381.44,35.2036,90388.7,0.0,0.999998,0.0230023
5760_dose_800_gradient_0_VconcST_0_Vconc_6.4_run_1.csv,5760.0,800.0,0,6.4,0.0,6.4,1,33.5,91806.5,373.88,35.7558,91806.5,0.0,0.999998,0.0223153
5760_dose_800_gradient_0_VconcST_0_Vconc_6.4_run_1.csv,5760.0,800.0,0,6.4,0.0,6.4,1,33.75,93184.2,366.47,36.2923,93184.2,0.0,0.999998,0.0223655
5760_dose_800_gradient_0_VconcST_0_Vconc_6.4_run_1.csv,5760.0,800.0,0,6.4,0.0,6.4,1,34.0,94522.4,359.207,36.8135,94522.4,0.0,0.999998,0.0217519
5760_dose_800_gradient_0_VconcST_0_Vconc_6.4_run_1.csv,5760.0,800.0,0,6.4,0.0,6.4,1,34.25,95822.0,352.088,37.3197,95822.0,0.0,0.999998,0.0217382
5760_dose_800_gradient_0_VconcST_0_Vconc_6.4_run_1.csv,5760.0,800.0,0,6.4,0.0,6.4,1,34.5,97083.9,345.11,37.8112,97083.9,0.0,0.999998,0.0211343
5760_dose_800_gradient_0_VconcST_0_Vconc_6.4_run_1.csv,5760.0,800.0,0,6.4,0.0,6.4,1,34.75,98308.7,338.27,38.2882,98308.7,0.0,0.999998,0.0211091
5760_dose_800_gradient_0_VconcST_0_Vconc_6.4_run_1.csv,5760.0,800.0,0,6.4,0.0,6.4,1,35.0,99497.4,331.566,38.7511,99497.4,0.0,0.999998,0.0206357
5760_dose_800_gradient_0_VconcST_0_Vconc_6.4_run_1.csv,5760.0,800.0,0,6.4,0.0,6.4,1,35.25,100651.0,324.995,39.2003,100651.0,0.0,0.999998,0.0205183
5760_dose_800_gradient_0_VconcST_0_Vconc_6.4_run_1.csv,5760.0,800.0,0,6.4,0.0,6.4,1,35.5,101769.0,318.554,39.6359,101769.0,0.0,0.999998,0.020506
5760_dose_800_gradient_0_VconcST_0_Vconc_6.4_run_1.csv,5760.0,800.0,0,6.4,0.0,6.4,1,35.75,102854.0,312.241,40.0583,102854.0,0.0,0.999998,0.0199386
5760_dose_800_gradient_0_VconcST_0_Vconc_6.4_run_1.csv,5760.0,800.0,0,6.4,0.0,6.4,1,36.0,103905.0,306.052,40.4677,103905.0,0.0,0.999998,0.0199756
5760_dose_800_gradient_0_VconcST_0_Vconc_6.4_run_1.csv,5760.0,800.0,0,6.4,0.0,6.4,1,36.25,104924.0,299.987,40.8645,104924.0,0.0,0.999998,0.0199945
5760_dose_800_gradient_0_VconcST_0_Vconc_6.4_run_1.csv,5760.0,800.0,0,6.4,0.0,6.4,1,36.5,105910.0,294.041,41.2488,105910.0,0.0,0.999998,0.0193492
5760_dose_800_gradient_0_VconcST_0_Vconc_6.4_run_1.csv,5760.0,800.0,0,6.4,0.0,6.4,1,36.75,106866.0,288.214,41.621,106866.0,0.0,0.999998,0.0193384
5760_dose_800_gradient_0_VconcST_0_Vconc_6.4_run_1.csv,5760.0,800.0,0,6.4,0.0,6.4,1,37.0,107791.0,282.502,41.9813,107791.0,0.0,0.999998,0.0193269
5760_dose_800_gradient_0_VconcST_0_Vconc_6.4_run_1.csv,5760.0,800.0,0,6.4,0.0,6.4,1,37.25,108687.0,276.903,42.33,108687.0,0.0,0.999998,0.0187059
5760_dose_800_gradient_0_VconcST_0_Vconc_6.4_run_1.csv,5760.0,800.0,0,6.4,0.0,6.4,1,37.5,109553.0,271.414,42.6673,109553.0,0.0,0.999998,0.0187775
5760_dose_800_gradient_0_VconcST_0_Vconc_6.4_run_1.csv,5760.0,800.0,0,6.4,0.0,6.4,1,37.75,110390.0,266.035,42.9935,110390.0,0.0,0.999998,0.0187479
5760_dose_800_gradient_0_VconcST_0_Vconc_6.4_run_1.csv,5760.0,800.0,0,6.4,0.0,6.4,1,38.0,111199.0,260.763,43.3087,111199.0,0.0,0.999998,0.0186967
5760_dose_800_gradient_0_VconcST_0_Vconc_6.4_run_1.csv,5760.0,800.0,0,6.4,0.0,6.4,1,38.25,111981.0,255.595,43.6133,111981.0,0.0,0.999998,0.0187059
5760_dose_800_gradient_0_VconcST_0_Vconc_6.4_run_1.csv,5760.0,800.0,0,6.4,0.0,6.4,1,38.5,112737.0,250.529,43.9074,112737.0,0.0,0.999998,0.0180937
5760_dose_800_gradient_0_VconcST_0_Vconc_6.4_run_1.csv,5760.0,800.0,0,6.4,0.0,6.4,1,38.75,113465.0,245.564,44.1913,113465.0,0.0,0.999998,0.0181306
5760_dose_800_gradient_0_VconcST_0_Vconc_6.4_run_1.csv,5760.0,800.0,0,6.4,0.0,6.4,1,39.0,114169.0,240.697,44.4652,114169.0,0.0,0.999998,0.0180937
5760_dose_800_gradient_0_VconcST_0_Vconc_6.4_run_1.csv,5760.0,800.0,0,6.4,0.0,6.4,1,39.25,114847.0,235.927,44.7293,114847.0,0.0,0.999998,0.0181236
5760_dose_800_gradient_0_VconcST_0_Vconc_6.4_run_1.csv,5760.0,800.0,0,6.4,0.0,6.4,1,39.5,115500.0,231.251,44.9838,115500.0,0.0,0.999998,0.0181191
5760_dose_800_gradient_0_VconcST_0_Vconc_6.4_run_1.csv,5760.0,800.0,0,6.4,0.0,6.4,1,39.75,116130.0,226.668,45.229,116130.0,0.0,0.999998,0.017531
5760_dose_800_gradient_0_VconcST_0_Vconc_6.4_run_1.csv,5760.0,800.0,0,6.4,0.0,6.4,1,40.0,116736.0,222.176,45.465,116736.0,0.0,0.999998,0.0175574
5760_dose_800_gradient_0_VconcST_0_Vconc_6.4_run_1.csv,5760.0,800.0,0,6.4,0.0,6.4,1,40.25,117319.0,217.772,45.692,117319.0,0.0,0.999998,0.017515
5760_dose_800_gradient_0_VconcST_0_Vconc_6.4_run_1.csv,5760.0,800.0,0,6.4,0.0,6.4,1,40.5,117879.0,213.456,45.9102,117879.0,0.0,0.999998,0.0175452
5760_dose_800_gradient_0_VconcST_0_Vconc_6.4_run_1.csv,5760.0,800.0,0,6.4,0.0,6.4,1,40.75,118417.0,209.226,46.1199,118417.0,0.0,0.999998,0.0174905
5760_dose_800_gradient_0_VconcST_0_Vconc_6.4_run_1.csv,5760.0,800.0,0,6.4,0.0,6.4,1,41.0,118934.0,205.079,46.3211,118934.0,0.0,0.999998,0.0174991
5760_dose_800_gradient_0_VconcST_0_Vconc_6.4_run_1.csv,5760.0,800.0,0,6.4,0.0,6.4,1,41.25,119430.0,201.015,46.5142,119430.0,0.0,0.999998,0.0175986
5760_dose_800_gradient_0_VconcST_0_Vconc_6.4_run_1.csv,5760.0,800.0,0,6.4,0.0,6.4,1,41.5,119905.0,197.031,46.6992,119905.0,0.0,0.999998,0.0169413
5760_dose_800_gradient_0_VconcST_0_Vconc_0.8_run_1.csv,5760.0,800.0,0,0.8,0.0,0.8,1,0.0,0.0,0.0,0.0,0.0,0.0,0.0,0.0
5760_dose_800_gradient_0_VconcST_0_Vconc_0.8_run_1.csv,5760.0,800.0,0,0.8,0.0,0.8,1,0.25,0.0,0.0,0.0,0.0,0.0,0.0,2050.7
5760_dose_800_gradient_0_VconcST_0_Vconc_0.8_run_1.csv,5760.0,800.0,0,0.8,0.0,0.8,1,0.5,0.0,0.0,0.0,0.0,0.0,0.0,46.5658
5760_dose_800_gradient_0_VconcST_0_Vconc_0.8_run_1.csv,5760.0,800.0,0,0.8,0.0,0.8,1,0.75,0.0,0.0,0.0,0.0,0.0,0.0,1894.34
5760_dose_800_gradient_0_VconcST_0_Vconc_0.8_run_1.csv,5760.0,800.0,0,0.8,0.0,0.8,1,1.0,0.0,0.0,0.0,0.0,0.0,0.0,126.682
5760_dose_800_gradient_0_VconcST_0_Vconc_0.8_run_1.csv,5760.0,800.0,0,0.8,0.0,0.8,1,1.25,0.0,0.0,0.0,0.0,0.0,0.0,1836.6
5760_dose_800_gradient_0_VconcST_0_Vconc_0.8_run_1.csv,5760.0,800.0,0,0.8,0.0,0.8,1,1.5,0.0,0.0,0.0,0.0,0.0,0.0,214.123
5760_dose_800_gradient_0_VconcST_0_Vconc_0.8_run_1.csv,5760.0,800.0,0,0.8,0.0,0.8,1,1.75,0.0,0.0,0.0,0.0,0.0,0.0,1761.01
5760_dose_800_gradient_0_VconcST_0_Vconc_0.8_run_1.csv,5760.0,800.0,0,0.8,0.0,0.8,1,2.0,0.0,0.0,0.0,0.0,0.0,0.0,226.602
5760_dose_800_gradient_0_VconcST_0_Vconc_0.8_run_1.csv,5760.0,800.0,0,0.8,0.0,0.8,1,2.25,0.0,0.0,0.0,0.0,0.0,0.0,1636.77
5760_dose_800_gradient_0_VconcST_0_Vconc_0.8_run_1.csv,5760.0,800.0,0,0.8,0.0,0.8,1,2.5,0.0,0.0,0.0,0.0,0.0,0.0,357.805
5760_dose_800_gradient_0_VconcST_0_Vconc_0.8_run_1.csv,5760.0,800.0,0,0.8,0.0,0.8,1,2.75,0.0,0.0,0.0,0.0,0.0,0.0,1515.44
5760_dose_800_gradient_0_VconcST_0_Vconc_0.8_run_1.csv,5760.0,800.0,0,0.8,0.0,0.8,1,3.0,0.0,0.0,0.0,0.0,0.0,0.0,471.678
5760_dose_800_gradient_0_VconcST_0_Vconc_0.8_run_1.csv,5760.0,800.0,0,0.8,0.0,0.8,1,3.25,0.0,0.0,0.0,0.0,0.0,0.0,1452.3
5760_dose_800_gradient_0_VconcST_0_Vconc_0.8_run_1.csv,5760.0,800.0,0,0.8,0.0,0.8,1,3.5,0.0,0.0,0.0,0.0,0.0,0.0,540.5
5760_dose_800_gradient_0_VconcST_0_Vconc_0.8_run_1.csv,5760.0,800.0,0,0.8,0.0,0.8,1,3.75,0.0,0.0,0.0,0.0,0.0,0.0,1339.03
5760_dose_800_gradient_0_VconcST_0_Vconc_0.8_run_1.csv,5760.0,800.0,0,0.8,0.0,0.8,1,4.0,0.0,0.0,0.0,0.0,0.0,0.0,707.966
5760_dose_800_gradient_0_VconcST_0_Vconc_0.8_run_1.csv,5760.0,800.0,0,0.8,0.0,0.8,1,4.25,0.0,0.0,0.0,0.0,0.0,0.0,1140.28
5760_dose_800_gradient_0_VconcST_0_Vconc_0.8_run_1.csv,5760.0,800.0,0,0.8,0.0,0.8,1,4.5,0.0,0.0,0.0,0.0,0.0,0.0,919.714
5760_dose_800_gradient_0_VconcST_0_Vconc_0.8_run_1.csv,5760.0,800.0,0,0.8,0.0,0.8,1,4.75,0.0,0.0,0.0,0.0,0.0,0.0,984.003
5760_dose_800_gradient_0_VconcST_0_Vconc_0.8_run_1.csv,5760.0,800.0,0,0.8,0.0,0.8,1,5.0,0.0,0.0,0.0,0.0,0.0,0.0,1082.95
5760_dose_800_gradient_0_VconcST_0_Vconc_0.8_run_1.csv,5760.0,800.0,0,0.8,0.0,0.8,1,5.25,0.0,0.0,0.0,0.0,0.0,0.0,855.999
5760_dose_800_gradient_0_VconcST_0_Vconc_0.8_run_1.csv,5760.0,800.0,0,0.8,0.0,0.8,1,5.5,0.0,0.0,0.0,0.0,0.0,0.0,1201.52
5760_dose_800_gradient_0_VconcST_0_Vconc_0.8_run_1.csv,5760.0,800.0,0,0.8,0.0,0.8,1,5.75,0.0,0.0,0.0,0.0,0.0,0.0,716.147
5760_dose_800_gradient_0_VconcST_0_Vconc_0.8_run_1.csv,5760.0,800.0,0,0.8,0.0,0.8,1,6.0,0.0,0.0,0.0,0.0,0.0,0.0,1402.75
5760_dose_800_gradient_0_VconcST_0_Vconc_0.8_run_1.csv,5760.0,800.0,0,0.8,0.0,0.8,1,6.25,0.0,0.0,0.0,0.0,0.0,0.0,567.255
5760_dose_800_gradient_0_VconcST_0_Vconc_0.8_run_1.csv,5760.0,800.0,0,0.8,0.0,0.8,1,6.5,0.0,0.0,0.0,0.0,0.0,0.0,1519.74
5760_dose_800_gradient_0_VconcST_0_Vconc_0.8_run_1.csv,5760.0,800.0,0,0.8,0.0,0.8,1,6.75,0.0,0.0,0.0,0.0,0.0,0.0,465.859
5760_dose_800_gradient_0_VconcST_0_Vconc_0.8_run_1.csv,5760.0,800.0,0,0.8,0.0,0.8,1,7.0,0.0,0.0,0.0,0.0,0.0,0.0,1620.76
5760_dose_800_gradient_0_VconcST_0_Vconc_0.8_run_1.csv,5760.0,800.0,0,0.8,0.0,0.8,1,7.25,0.0,0.0,0.0,0.0,0.0,0.0,372.287
5760_dose_800_gradient_0_VconcST_0_Vconc_0.8_run_1.csv,5760.0,800.0,0,0.8,0.0,0.8,1,7.5,0.0,0.0,0.0,0.0,0.0,0.0,1822.0
5760_dose_800_gradient_0_VconcST_0_Vconc_0.8_run_1.csv,5760.0,800.0,0,0.8,0.0,0.8,1,7.75,0.0,0.0,0.0,0.0,0.0,0.0,320.176
5760_dose_800_gradient_0_VconcST_0_Vconc_0.8_run_1.csv,5760.0,800.0,0,0.8,0.0,0.8,1,8.0,0.0,0.0,0.0,0.0,0.0,0.0,1757.28
5760_dose_800_gradient_0_VconcST_0_Vconc_0.8_run_1.csv,5760.0,800.0,0,0.8,0.0,0.8,1,8.25,0.0,0.0,0.0,0.0,0.0,0.0,354.128
5760_dose_800_gradient_0_VconcST_0_Vconc_0.8_run_1.csv,5760.0,800.0,0,0.8,0.0,0.8,1,8.5,0.0,0.0,0.0,0.0,0.0,0.0,1784.16
5760_dose_800_gradient_0_VconcST_0_Vconc_0.8_run_1.csv,5760.0,800.0,0,0.8,0.0,0.8,1,8.75,0.0,0.0,0.0,0.0,0.0,0.0,418.281
5760_dose_800_gradient_0_VconcST_0_Vconc_0.8_run_1.csv,5760.0,800.0,0,0.8,0.0,0.8,1,9.0,0.0,0.0,0.0,0.0,0.00329427,0.0,1769.05
5760_dose_800_gradient_0_VconcST_0_Vconc_0.8_run_1.csv,5760.0,800.0,0,0.8,0.0,0.8,1,9.25,0.0,0.0,0.0,0.0,0.0,0.0,678.324
5760_dose_800_gradient_0_VconcST_0_Vconc_0.8_run_1.csv,5760.0,800.0,0,0.8,0.0,0.8,1,9.5,0.0,0.0,0.0,0.0,0.0120009,0.0,1535.38
5760_dose_800_gradient_0_VconcST_0_Vconc_0.8_run_1.csv,5760.0,800.0,0,0.8,0.0,0.8,1,9.75,0.0,0.0,0.0,0.0,0.040625,0.0,1060.54
5760_dose_800_gradient_0_VconcST_0_Vconc_0.8_run_1.csv,5760.0,800.0,0,0.8,0.0,0.8,1,10.0,0.0,0.0,0.0,0.0,0.107617,0.0,1479.5
5760_dose_800_gradient_0_VconcST_0_Vconc_0.8_run_1.csv,5760.0,800.0,0,0.8,0.0,0.8,1,10.25,0.0,0.0,0.0,0.0,0.206706,0.0,1617.01
5760_dose_800_gradient_0_VconcST_0_Vconc_0.8_run_1.csv,5760.0,800.0,0,0.8,0.0,0.8,1,10.5,0.0,0.0,0.0,0.0,0.337044,0.0,1926.59
5760_dose_800_gradient_0_VconcST_0_Vconc_0.8_run_1.csv,5760.0,800.0,0,0.8,0.0,0.8,1,10.75,0.0,0.0,0.0,0.0,0.498633,0.0,2099.08
5760_dose_800_gradient_0_VconcST_0_Vconc_0.8_run_1.csv,5760.0,800.0,0,0.8,0.0,0.8,1,11.0,0.0,0.0,0.0,0.0,0.670009,0.0,2109.75
5760_dose_800_gradient_0_VconcST_0_Vconc_0.8_run_1.csv,5760.0,800.0,0,0.8,0.0,0.8,1,11.25,0.0,0.0,0.0,0.0,0.854167,0.0,2226.55
5760_dose_800_gradient_0_VconcST_0_Vconc_0.8_run_1.csv,5760.0,800.0,0,0.8,0.0,0.8,1,11.5,0.0,0.0,0.0,0.0,0.939583,0.0,2086.62
5760_dose_800_gradient_0_VconcST_0_Vconc_0.8_run_1.csv,5760.0,800.0,0,0.8,0.0,0.8,1,11.75,0.0,0.0,0.0,0.0,0.996875,0.0,2213.37
5760_dose_800_gradient_0_VconcST_0_Vconc_0.8_run_1.csv,5760.0,800.0,0,0.8,0.0,0.8,1,12.0,0.0,0.0,0.0,0.0,1.0,0.0,2185.13
5760_dose_800_gradient_0_VconcST_0_Vconc_0.8_run_1.csv,5760.0,800.0,0,0.8,0.0,0.8,1,12.25,0.0,0.0,0.0,0.0,1.0,0.0,2168.77
5760_dose_800_gradient_0_VconcST_0_Vconc_0.8_run_1.csv,5760.0,800.0,0,0.8,0.0,0.8,1,12.5,0.0,0.0,0.0,0.0,1.0,0.0,2183.87
5760_dose_800_gradient_0_VconcST_0_Vconc_0.8_run_1.csv,5760.0,800.0,0,0.8,0.0,0.8,1,12.75,0.0,0.0,0.0,0.0,1.0,0.0,2212.2
5760_dose_800_gradient_0_VconcST_0_Vconc_0.8_run_1.csv,5760.0,800.0,0,0.8,0.0,0.8,1,13.0,0.0,0.0,0.0,0.0,1.0,0.0,2348.33
5760_dose_800_gradient_0_VconcST_0_Vconc_0.8_run_1.csv,5760.0,800.0,0,0.8,0.0,0.8,1,13.25,0.0,0.0,0.0,0.0,1.0,0.0,2250.79
5760_dose_800_gradient_0_VconcST_0_Vconc_0.8_run_1.csv,5760.0,800.0,0,0.8,0.0,0.8,1,13.5,0.0,0.0,0.0,0.0,1.0,0.0,2225.9
5760_dose_800_gradient_0_VconcST_0_Vconc_0.8_run_1.csv,5760.0,800.0,0,0.8,0.0,0.8,1,13.75,0.0,0.0,0.0,0.0,1.0,0.0,2173.6
5760_dose_800_gradient_0_VconcST_0_Vconc_0.8_run_1.csv,5760.0,800.0,0,0.8,0.0,0.8,1,14.0,0.0,0.0,0.0,0.0,1.0,0.0,2243.25
5760_dose_800_gradient_0_VconcST_0_Vconc_0.8_run_1.csv,5760.0,800.0,0,0.8,0.0,0.8,1,14.25,0.0,0.0,0.0,0.0,1.0,0.0,2198.8
5760_dose_800_gradient_0_VconcST_0_Vconc_0.8_run_1.csv,5760.0,800.0,0,0.8,0.0,0.8,1,14.5,0.0,0.0,0.0,0.0,1.0,0.0,2103.8
5760_dose_800_gradient_0_VconcST_0_Vconc_0.8_run_1.csv,5760.0,800.0,0,0.8,0.0,0.8,1,14.75,0.0,0.0,0.0,0.0,1.0,0.0,2168.59
5760_dose_800_gradient_0_VconcST_0_Vconc_0.8_run_1.csv,5760.0,800.0,0,0.8,0.0,0.8,1,15.0,0.0,0.0,0.0,0.0,1.0,0.0,2249.12
5760_dose_800_gradient_0_VconcST_0_Vconc_0.8_run_1.csv,5760.0,800.0,0,0.8,0.0,0.8,1,15.25,0.0,0.0,0.0,0.0,1.0,0.0,2216.56
5760_dose_800_gradient_0_VconcST_0_Vconc_0.8_run_1.csv,5760.0,800.0,0,0.8,0.0,0.8,1,15.5,0.0,0.0,0.0,0.0,1.0,0.0,2187.51
5760_dose_800_gradient_0_VconcST_0_Vconc_0.8_run_1.csv,5760.0,800.0,0,0.8,0.0,0.8,1,15.75,0.0,0.0,0.0,0.0,1.0,0.0,2200.77
5760_dose_800_gradient_0_VconcST_0_Vconc_0.8_run_1.csv,5760.0,800.0,0,0.8,0.0,0.8,1,16.0,0.0,0.0,0.0,0.0,1.0,0.0,2148.42
5760_dose_800_gradient_0_VconcST_0_Vconc_0.8_run_1.csv,5760.0,800.0,0,0.8,0.0,0.8,1,16.25,0.0,0.0,0.0,0.0,1.0,0.0,2149.9
5760_dose_800_gradient_0_VconcST_0_Vconc_0.8_run_1.csv,5760.0,800.0,0,0.8,0.0,0.8,1,16.5,0.0,0.0,0.0,0.0,1.0,0.0,2254.39
5760_dose_800_gradient_0_VconcST_0_Vconc_0.8_run_1.csv,5760.0,800.0,0,0.8,0.0,0.8,1,16.75,0.0,0.0,0.0,0.0,1.0,0.0,2194.95
5760_dose_800_gradient_0_VconcST_0_Vconc_0.8_run_1.csv,5760.0,800.0,0,0.8,0.0,0.8,1,17.0,0.0,0.0,0.0,0.0,1.0,0.0,2169.1
5760_dose_800_gradient_0_VconcST_0_Vconc_0.8_run_1.csv,5760.0,800.0,0,0.8,0.0,0.8,1,17.25,0.0,0.0,0.0,0.0,1.0,0.0,2228.34
5760_dose_800_gradient_0_VconcST_0_Vconc_0.8_run_1.csv,5760.0,800.0,0,0.8,0.0,0.8,1,17.5,0.0,0.0,0.0,0.0,1.0,0.0,2220.36
5760_dose_800_gradient_0_VconcST_0_Vconc_0.8_run_1.csv,5760.0,800.0,0,0.8,0.0,0.8,1,17.75,0.0,0.0,0.0,0.0,1.0,0.0,2252.91
5760_dose_800_gradient_0_VconcST_0_Vconc_0.8_run_1.csv,5760.0,800.0,0,0.8,0.0,0.8,1,18.0,0.0,0.0,0.0,0.0,1.0,0.0,2189.5
5760_dose_800_gradient_0_VconcST_0_Vconc_0.8_run_1.csv,5760.0,800.0,0,0.8,0.0,0.8,1,18.25,0.0,0.0,0.0,0.0,1.0,0.0,2204.28
5760_dose_800_gradient_0_VconcST_0_Vconc_0.8_run_1.csv,5760.0,800.0,0,0.8,0.0,0.8,1,18.5,0.0,0.0,0.0,0.0,1.0,0.0,2195.52
5760_dose_800_gradient_0_VconcST_0_Vconc_0.8_run_1.csv,5760.0,800.0,0,0.8,0.0,0.8,1,18.75,0.0,0.0,0.0,0.0,1.0,0.0,2179.79
5760_dose_800_gradient_0_VconcST_0_Vconc_0.8_run_1.csv,5760.0,800.0,0,0.8,0.0,0.8,1,19.0,0.0,0.0,0.0,0.0,1.0,0.0,2164.27
5760_dose_800_gradient_0_VconcST_0_Vconc_0.8_run_1.csv,5760.0,800.0,0,0.8,0.0,0.8,1,19.25,0.0,0.0,0.0,0.0,1.0,0.0,2122.75
5760_dose_800_gradient_0_VconcST_0_Vconc_0.8_run_1.csv,5760.0,800.0,0,0.8,0.0,0.8,1,19.5,0.0,0.0,0.0,0.0,1.0,0.0,1991.08
5760_dose_800_gradient_0_VconcST_0_Vconc_0.8_run_1.csv,5760.0,800.0,0,0.8,0.0,0.8,1,19.75,0.0,0.0,0.0,0.0,1.0,0.0,2028.9
5760_dose_800_gradient_0_VconcST_0_Vconc_0.8_run_1.csv,5760.0,800.0,0,0.8,0.0,0.8,1,20.0,0.0,0.0,0.0,0.0,1.0,0.0,2140.77
5760_dose_800_gradient_0_VconcST_0_Vconc_0.8_run_1.csv,5760.0,800.0,0,0.8,0.0,0.8,1,20.25,0.0,0.0,0.0,0.0,1.0,0.0,2199.15
5760_dose_800_gradient_0_VconcST_0_Vconc_0.8_run_1.csv,5760.0,800.0,0,0.8,0.0,0.8,1,20.5,0.0,0.0,0.0,0.0,1.0,0.0,2073.93
5760_dose_800_gradient_0_VconcST_0_Vconc_0.8_run_1.csv,5760.0,800.0,0,0.8,0.0,0.8,1,20.75,0.0,0.0,0.0,0.0,1.0,0.0,2220.7
5760_dose_800_gradient_0_VconcST_0_Vconc_0.8_run_1.csv,5760.0,800.0,0,0.8,0.0,0.8,1,21.0,0.0,0.0,0.0,0.0,1.0,0.0,2128.47
5760_dose_800_gradient_0_VconcST_0_Vconc_0.8_run_1.csv,5760.0,800.0,0,0.8,0.0,0.8,1,21.25,0.0,0.0,0.0,0.0,1.0,0.0,2197.23
5760_dose_800_gradient_0_VconcST_0_Vconc_0.8_run_1.csv,5760.0,800.0,0,0.8,0.0,0.8,1,21.5,0.0,0.0,0.0,0.0,1.0,0.0,2090.5
5760_dose_800_gradient_0_VconcST_0_Vconc_0.8_run_1.csv,5760.0,800.0,0,0.8,0.0,0.8,1,21.75,0.0,0.0,0.0,0.0,1.0,0.0,2182.92
5760_dose_800_gradient_0_VconcST_0_Vconc_0.8_run_1.csv,5760.0,800.0,0,0.8,0.0,0.8,1,22.0,0.0,0.0,0.0,0.0,1.0,0.0,2203.21
5760_dose_800_gradient_0_VconcST_0_Vconc_0.8_run_1.csv,5760.0,800.0,0,0.8,0.0,0.8,1,22.25,0.0,0.0,0.0,0.0,1.0,0.0,2217.8
5760_dose_800_gradient_0_VconcST_0_Vconc_0.8_run_1.csv,5760.0,800.0,0,0.8,0.0,0.8,1,22.5,0.0,0.0,0.0,0.0,1.0,0.0,2218.98
5760_dose_800_gradient_0_VconcST_0_Vconc_0.8_run_1.csv,5760.0,800.0,0,0.8,0.0,0.8,1,22.75,0.0,0.0,0.0,0.0,1.0,0.0,2199.01
5760_dose_800_gradient_0_VconcST_0_Vconc_0.8_run_1.csv,5760.0,800.0,0,0.8,0.0,0.8,1,23.0,0.0,0.0,0.0,0.0,1.0,0.0,2308.4
5760_dose_800_gradient_0_VconcST_0_Vconc_0.8_run_1.csv,5760.0,800.0,0,0.8,0.0,0.8,1,23.25,0.0,0.0,0.0,0.0,1.0,0.0,2238.65
5760_dose_800_gradient_0_VconcST_0_Vconc_0.8_run_1.csv,5760.0,800.0,0,0.8,0.0,0.8,1,23.5,0.0,0.0,0.0,0.0,1.0,0.0,2084.73
5760_dose_800_gradient_0_VconcST_0_Vconc_0.8_run_1.csv,5760.0,800.0,0,0.8,0.0,0.8,1,23.75,0.0,0.0,0.0,0.0,1.0,0.0,2136.9
5760_dose_800_gradient_0_VconcST_0_Vconc_0.8_run_1.csv,5760.0,800.0,0,0.8,0.0,0.8,1,24.0,62.29,800.0,0.02426,62.29,1.0,0.0,2049.31
5760_dose_800_gradient_0_VconcST_0_Vconc_0.8_run_1.csv,5760.0,800.0,0,0.8,0.0,0.8,1,24.25,3754.75,784.145,1.46236,3754.75,0.0,0.999946,0.0652981
5760_dose_800_gradient_0_VconcST_0_Vconc_0.8_run_1.csv,5760.0,800.0,0,0.8,0.0,0.8,1,24.5,7360.03,768.604,2.8665,7360.03,0.0,0.999973,0.0450574
5760_dose_800_gradient_0_VconcST_0_Vconc_0.8_run_1.csv,5760.0,800.0,0,0.8,0.0,0.8,1,24.75,10879.9,753.371,4.23739,10879.9,0.0,0.999982,0.0275751
5760_dose_800_gradient_0_VconcST_0_Vconc_0.8_run_1.csv,5760.0,800.0,0,0.8,0.0,0.8,1,25.0,14316.1,738.44,5.57569,14316.1,0.0,0.999986,0.0200365
5760_dose_800_gradient_0_VconcST_0_Vconc_0.8_run_1.csv,5760.0,800.0,0,0.8,0.0,0.8,1,25.25,17670.4,723.805,6.88207,17670.4,0.0,0.999989,0.0157836
5760_dose_800_gradient_0_VconcST_0_Vconc_0.8_run_1.csv,5760.0,800.0,0,0.8,0.0,0.8,1,25.5,20944.4,709.46,8.15719,20944.4,0.0,0.99999,0.0130672
5760_dose_800_gradient_0_VconcST_0_Vconc_0.8_run_1.csv,5760.0,800.0,0,0.8,0.0,0.8,1,25.75,24139.7,695.4,9.40168,24139.7,0.0,0.999992,0.0111577
5760_dose_800_gradient_0_VconcST_0_Vconc_0.8_run_1.csv,5760.0,800.0,0,0.8,0.0,0.8,1,26.0,27258.1,681.618,10.6162,27258.1,0.0,0.999993,0.00981931
5760_dose_800_gradient_0_VconcST_0_Vconc_0.8_run_1.csv,5760.0,800.0,0,0.8,0.0,0.8,1,26.25,30301.0,668.109,11.8013,30301.0,0.0,0.999993,0.00875574
5760_dose_800_gradient_0_VconcST_0_Vconc_0.8_run_1.csv,5760.0,800.0,0,0.8,0.0,0.8,1,26.5,33270.0,654.868,12.9576,33270.0,0.0,0.999994,0.00792964
5760_dose_800_gradient_0_VconcST_0_Vconc_0.8_run_1.csv,5760.0,800.0,0,0.8,0.0,0.8,1,26.75,36166.6,641.889,14.0858,36166.6,0.0,0.999994,0.00724256
5760_dose_800_gradient_0_VconcST_0_Vconc_0.8_run_1.csv,5760.0,800.0,0,0.8,0.0,0.8,1,27.0,38992.4,629.168,15.1863,38992.4,0.0,0.999995,0.00670973
5760_dose_800_gradient_0_VconcST_0_Vconc_0.8_run_1.csv,5760.0,800.0,0,0.8,0.0,0.8,1,27.25,41748.7,616.698,16.2598,41748.7,0.0,0.999995,0.00627385
5760_dose_800_gradient_0_VconcST_0_Vconc_0.8_run_1.csv,5760.0,800.0,0,0.8,0.0,0.8,1,27.5,44437.0,604.476,17.3068,44437.0,0.0,0.999996,0.00580915
5760_dose_800_gradient_0_VconcST_0_Vconc_0.8_run_1.csv,5760.0,800.0,0,0.8,0.0,0.8,1,27.75,47058.6,592.496,18.3279,47058.6,0.0,0.999996,0.0055035
5760_dose_800_gradient_0_VconcST_0_Vconc_0.8_run_1.csv,5760.0,800.0,0,0.8,0.0,0.8,1,28.0,49615.1,580.753,19.3235,49615.1,0.0,0.999996,0.00520615
5760_dose_800_gradient_0_VconcST_0_Vconc_0.8_run_1.csv,5760.0,800.0,0,0.8,0.0,0.8,1,28.25,52107.7,569.244,20.2943,52107.7,0.0,0.999996,0.00497578
5760_dose_800_gradient_0_VconcST_0_Vconc_0.8_run_1.csv,5760.0,800.0,0,0.8,0.0,0.8,1,28.5,54537.6,557.962,21.2407,54537.6,0.0,0.999996,0.00474959
5760_dose_800_gradient_0_VconcST_0_Vconc_0.8_run_1.csv,5760.0,800.0,0,0.8,0.0,0.8,1,28.75,56906.3,546.904,22.1632,56906.3,0.0,0.999996,0.00452343
5760_dose_800_gradient_0_VconcST_0_Vconc_0.8_run_1.csv,5760.0,800.0,0,0.8,0.0,0.8,1,29.0,59214.9,536.065,23.0624,59214.9,0.0,0.999997,0.00437481
5760_dose_800_gradient_0_VconcST_0_Vconc_0.8_run_1.csv,5760.0,800.0,0,0.8,0.0,0.8,1,29.25,61464.8,525.441,23.9386,61464.8,0.0,0.999997,0.00415114
5760_dose_800_gradient_0_VconcST_0_Vconc_0.8_run_1.csv,5760.0,800.0,0,0.8,0.0,0.8,1,29.5,63657.1,515.027,24.7925,63657.1,0.0,0.999997,0.0040068
5760_dose_800_gradient_0_VconcST_0_Vconc_0.8_run_1.csv,5760.0,800.0,0,0.8,0.0,0.8,1,29.75,65793.0,504.82,25.6243,65793.0,0.0,0.999997,0.00393504
5760_dose_800_gradient_0_VconcST_0_Vconc_0.8_run_1.csv,5760.0,800.0,0,0.8,0.0,0.8,1,30.0,67873.7,494.815,26.4347,67873.7,0.0,0.999997,0.00384493
5760_dose_800_gradient_0_VconcST_0_Vconc_0.8_run_1.csv,5760.0,800.0,0,0.8,0.0,0.8,1,30.25,69900.4,485.009,27.224,69900.4,0.0,0.999997,0.00369411
5760_dose_800_gradient_0_VconcST_0_Vconc_0.8_run_1.csv,5760.0,800.0,0,0.8,0.0,0.8,1,30.5,71874.0,475.396,27.9927,71874.0,0.0,0.999997,0.00361875
5760_dose_800_gradient_0_VconcST_0_Vconc_0.8_run_1.csv,5760.0,800.0,0,0.8,0.0,0.8,1,30.75,73795.9,465.974,28.7412,73795.9,0.0,0.999997,0.00355516
5760_dose_800_gradient_0_VconcST_0_Vconc_0.8_run_1.csv,5760.0,800.0,0,0.8,0.0,0.8,1,31.0,75667.0,456.739,29.4699,75667.0,0.0,0.999997,0.00346797
5760_dose_800_gradient_0_VconcST_0_Vconc_0.8_run_1.csv,5760.0,800.0,0,0.8,0.0,0.8,1,31.25,77488.3,447.687,30.1793,77488.3,0.0,0.999997,0.00332231
5760_dose_800_gradient_0_VconcST_0_Vconc_0.8_run_1.csv,5760.0,800.0,0,0.8,0.0,0.8,1,31.5,79260.9,438.815,30.8697,79260.9,0.0,0.999997,0.00324546
5760_dose_800_gradient_0_VconcST_0_Vconc_0.8_run_1.csv,5760.0,800.0,0,0.8,0.0,0.8,1,31.75,80985.9,430.118,31.5415,80985.9,0.0,0.999997,0.00324796
5760_dose_800_gradient_0_VconcST_0_Vconc_0.8_run_1.csv,5760.0,800.0,0,0.8,0.0,0.8,1,32.0,82664.2,421.593,32.1951,82664.2,0.0,0.999998,0.0031664
5760_dose_800_gradient_0_VconcST_0_Vconc_0.8_run_1.csv,5760.0,800.0,0,0.8,0.0,0.8,1,32.25,84296.8,413.238,32.831,84296.8,0.0,0.999998,0.00309286
5760_dose_800_gradient_0_VconcST_0_Vconc_0.8_run_1.csv,5760.0,800.0,0,0.8,0.0,0.8,1,32.5,85884.6,405.048,33.4494,85884.6,0.0,0.999998,0.00302081
5760_dose_800_gradient_0_VconcST_0_Vconc_0.8_run_1.csv,5760.0,800.0,0,0.8,0.0,0.8,1,32.75,87428.5,397.021,34.0507,87428.5,0.0,0.999998,0.00294735
5760_dose_800_gradient_0_VconcST_0_Vconc_0.8_run_1.csv,5760.0,800.0,0,0.8,0.0,0.8,1,33.0,88929.6,389.152,34.6353,88929.6,0.0,0.999998,0.00294022
5760_dose_800_gradient_0_VconcST_0_Vconc_0.8_run_1.csv,5760.0,800.0,0,0.8,0.0,0.8,1,33.25,90388.7,381.44,35.2036,90388.7,0.0,0.999998,0.00286485
5760_dose_800_gradient_0_VconcST_0_Vconc_0.8_run_1.csv,5760.0,800.0,0,0.8,0.0,0.8,1,33.5,91806.5,373.88,35.7558,91806.5,0.0,0.999998,0.00278944
5760_dose_800_gradient_0_VconcST_0_Vconc_0.8_run_1.csv,5760.0,800.0,0,0.8,0.0,0.8,1,33.75,93184.2,366.47,36.2923,93184.2,0.0,0.999998,0.00280013
5760_dose_800_gradient_0_VconcST_0_Vconc_0.8_run_1.csv,5760.0,800.0,0,0.8,0.0,0.8,1,34.0,94522.4,359.207,36.8135,94522.4,0.0,0.999998,0.00271407
5760_dose_800_gradient_0_VconcST_0_Vconc_0.8_run_1.csv,5760.0,800.0,0,0.8,0.0,0.8,1,34.25,95822.0,352.088,37.3197,95822.0,0.0,0.999998,0.00271598
5760_dose_800_gradient_0_VconcST_0_Vconc_0.8_run_1.csv,5760.0,800.0,0,0.8,0.0,0.8,1,34.5,97083.9,345.11,37.8112,97083.9,0.0,0.999998,0.00264368
5760_dose_800_gradient_0_VconcST_0_Vconc_0.8_run_1.csv,5760.0,800.0,0,0.8,0.0,0.8,1,34.75,98308.7,338.27,38.2882,98308.7,0.0,0.999998,0.00264238
5760_dose_800_gradient_0_VconcST_0_Vconc_0.8_run_1.csv,5760.0,800.0,0,0.8,0.0,0.8,1,35.0,99497.4,331.566,38.7511,99497.4,0.0,0.999998,0.00256742
5760_dose_800_gradient_0_VconcST_0_Vconc_0.8_run_1.csv,5760.0,800.0,0,0.8,0.0,0.8,1,35.25,100651.0,324.995,39.2003,100651.0,0.0,0.999998,0.00256643
5760_dose_800_gradient_0_VconcST_0_Vconc_0.8_run_1.csv,5760.0,800.0,0,0.8,0.0,0.8,1,35.5,101769.0,318.554,39.6359,101769.0,0.0,0.999998,0.00256328
5760_dose_800_gradient_0_VconcST_0_Vconc_0.8_run_1.csv,5760.0,800.0,0,0.8,0.0,0.8,1,35.75,102854.0,312.241,40.0583,102854.0,0.0,0.999998,0.00248789
5760_dose_800_gradient_0_VconcST_0_Vconc_0.8_run_1.csv,5760.0,800.0,0,0.8,0.0,0.8,1,36.0,103905.0,306.052,40.4677,103905.0,0.0,0.999998,0.00248938
5760_dose_800_gradient_0_VconcST_0_Vconc_0.8_run_1.csv,5760.0,800.0,0,0.8,0.0,0.8,1,36.25,104924.0,299.987,40.8645,104924.0,0.0,0.999998,0.00248938
5760_dose_800_gradient_0_VconcST_0_Vconc_0.8_run_1.csv,5760.0,800.0,0,0.8,0.0,0.8,1,36.5,105910.0,294.041,41.2488,105910.0,0.0,0.999998,0.00241731
5760_dose_800_gradient_0_VconcST_0_Vconc_0.8_run_1.csv,5760.0,800.0,0,0.8,0.0,0.8,1,36.75,106866.0,288.214,41.621,106866.0,0.0,0.999998,0.00241638
5760_dose_800_gradient_0_VconcST_0_Vconc_0.8_run_1.csv,5760.0,800.0,0,0.8,0.0,0.8,1,37.0,107791.0,282.502,41.9813,107791.0,0.0,0.999998,0.00241519
5760_dose_800_gradient_0_VconcST_0_Vconc_0.8_run_1.csv,5760.0,800.0,0,0.8,0.0,0.8,1,37.25,108687.0,276.903,42.33,108687.0,0.0,0.999998,0.0023371
5760_dose_800_gradient_0_VconcST_0_Vconc_0.8_run_1.csv,5760.0,800.0,0,0.8,0.0,0.8,1,37.5,109553.0,271.414,42.6673,109553.0,0.0,0.999998,0.00233948
5760_dose_800_gradient_0_VconcST_0_Vconc_0.8_run_1.csv,5760.0,800.0,0,0.8,0.0,0.8,1,37.75,110390.0,266.035,42.9935,110390.0,0.0,0.999998,0.00234614
5760_dose_800_gradient_0_VconcST_0_Vconc_0.8_run_1.csv,5760.0,800.0,0,0.8,0.0,0.8,1,38.0,111199.0,260.763,43.3087,111199.0,0.0,0.999998,0.00234326
5760_dose_800_gradient_0_VconcST_0_Vconc_0.8_run_1.csv,5760.0,800.0,0,0.8,0.0,0.8,1,38.25,111981.0,255.595,43.6133,111981.0,0.0,0.999998,0.00234162
5760_dose_800_gradient_0_VconcST_0_Vconc_0.8_run_1.csv,5760.0,800.0,0,0.8,0.0,0.8,1,38.5,112737.0,250.529,43.9074,112737.0,0.0,0.999998,0.00226466
5760_dose_800_gradient_0_VconcST_0_Vconc_0.8_run_1.csv,5760.0,800.0,0,0.8,0.0,0.8,1,38.75,113465.0,245.564,44.1913,113465.0,0.0,0.999998,0.00226545
5760_dose_800_gradient_0_VconcST_0_Vconc_0.8_run_1.csv,5760.0,800.0,0,0.8,0.0,0.8,1,39.0,114169.0,240.697,44.4652,114169.0,0.0,0.999998,0.00226172
5760_dose_800_gradient_0_VconcST_0_Vconc_0.8_run_1.csv,5760.0,800.0,0,0.8,0.0,0.8,1,39.25,114847.0,235.927,44.7293,114847.0,0.0,0.999998,0.00226633
5760_dose_800_gradient_0_VconcST_0_Vconc_0.8_run_1.csv,5760.0,800.0,0,0.8,0.0,0.8,1,39.5,115500.0,231.251,44.9838,115500.0,0.0,0.999998,0.00226521
5760_dose_800_gradient_0_VconcST_0_Vconc_0.8_run_1.csv,5760.0,800.0,0,0.8,0.0,0.8,1,39.75,116130.0,226.668,45.229,116130.0,0.0,0.999998,0.00218633
5760_dose_800_gradient_0_VconcST_0_Vconc_0.8_run_1.csv,5760.0,800.0,0,0.8,0.0,0.8,1,40.0,116736.0,222.176,45.465,116736.0,0.0,0.999998,0.00219486
5760_dose_800_gradient_0_VconcST_0_Vconc_0.8_run_1.csv,5760.0,800.0,0,0.8,0.0,0.8,1,40.25,117319.0,217.772,45.692,117319.0,0.0,0.999998,0.00219955
5760_dose_800_gradient_0_VconcST_0_Vconc_0.8_run_1.csv,5760.0,800.0,0,0.8,0.0,0.8,1,40.5,117879.0,213.456,45.9102,117879.0,0.0,0.999998,0.00219186
5760_dose_800_gradient_0_VconcST_0_Vconc_0.8_run_1.csv,5760.0,800.0,0,0.8,0.0,0.8,1,40.75,118417.0,209.226,46.1199,118417.0,0.0,0.999998,0.00218633
5760_dose_800_gradient_0_VconcST_0_Vconc_0.8_run_1.csv,5760.0,800.0,0,0.8,0.0,0.8,1,41.0,118934.0,205.079,46.3211,118934.0,0.0,0.999998,0.00218787
5760_dose_800_gradient_0_VconcST_0_Vconc_0.8_run_1.csv,5760.0,800.0,0,0.8,0.0,0.8,1,41.25,119430.0,201.015,46.5142,119430.0,0.0,0.999998,0.00219263
5760_dose_800_gradient_0_VconcST_0_Vconc_0.8_run_1.csv,5760.0,800.0,0,0.8,0.0,0.8,1,41.5,119905.0,197.031,46.6992,119905.0,0.0,0.999998,0.00211457
5760_dose_800_gradient_0_VconcST_0_Vconc_3.2_run_1.csv,5760.0,800.0,0,3.2,0.0,3.2,1,0.0,0.0,0.0,0.0,0.0,0.0,0.0,0.0
5760_dose_800_gradient_0_VconcST_0_Vconc_3.2_run_1.csv,5760.0,800.0,0,3.2,0.0,3.2,1,0.25,0.0,0.0,0.0,0.0,0.0,0.0,10000.0
5760_dose_800_gradient_0_VconcST_0_Vconc_3.2_run_1.csv,5760.0,800.0,0,3.2,0.0,3.2,1,0.5,0.0,0.0,0.0,0.0,0.0,0.0,134.558
5760_dose_800_gradient_0_VconcST_0_Vconc_3.2_run_1.csv,5760.0,800.0,0,3.2,0.0,3.2,1,0.75,0.0,0.0,0.0,0.0,0.0,0.0,10000.0
5760_dose_800_gradient_0_VconcST_0_Vconc_3.2_run_1.csv,5760.0,800.0,0,3.2,0.0,3.2,1,1.0,0.0,0.0,0.0,0.0,0.0,0.0,130.21
5760_dose_800_gradient_0_VconcST_0_Vconc_3.2_run_1.csv,5760.0,800.0,0,3.2,0.0,3.2,1,1.25,0.0,0.0,0.0,0.0,0.0,0.0,10000.0
5760_dose_800_gradient_0_VconcST_0_Vconc_3.2_run_1.csv,5760.0,800.0,0,3.2,0.0,3.2,1,1.5,0.0,0.0,0.0,0.0,0.0,0.0,128.336
5760_dose_800_gradient_0_VconcST_0_Vconc_3.2_run_1.csv,5760.0,800.0,0,3.2,0.0,3.2,1,1.75,0.0,0.0,0.0,0.0,0.0,0.0,10000.0
5760_dose_800_gradient_0_VconcST_0_Vconc_3.2_run_1.csv,5760.0,800.0,0,3.2,0.0,3.2,1,2.0,0.0,0.0,0.0,0.0,0.0,0.0,123.829
5760_dose_800_gradient_0_VconcST_0_Vconc_3.2_run_1.csv,5760.0,800.0,0,3.2,0.0,3.2,1,2.25,0.0,0.0,0.0,0.0,0.0,0.0,10000.0
5760_dose_800_gradient_0_VconcST_0_Vconc_3.2_run_1.csv,5760.0,800.0,0,3.2,0.0,3.2,1,2.5,0.0,0.0,0.0,0.0,0.0,0.0,123.505
5760_dose_800_gradient_0_VconcST_0_Vconc_3.2_run_1.csv,5760.0,800.0,0,3.2,0.0,3.2,1,2.75,0.0,0.0,0.0,0.0,0.0,0.0,10000.0
5760_dose_800_gradient_0_VconcST_0_Vconc_3.2_run_1.csv,5760.0,800.0,0,3.2,0.0,3.2,1,3.0,0.0,0.0,0.0,0.0,0.0,0.0,121.272
5760_dose_800_gradient_0_VconcST_0_Vconc_3.2_run_1.csv,5760.0,800.0,0,3.2,0.0,3.2,1,3.25,0.0,0.0,0.0,0.0,0.0,0.0,10000.0
5760_dose_800_gradient_0_VconcST_0_Vconc_3.2_run_1.csv,5760.0,800.0,0,3.2,0.0,3.2,1,3.5,0.0,0.0,0.0,0.0,0.0,0.0,119.727
5760_dose_800_gradient_0_VconcST_0_Vconc_3.2_run_1.csv,5760.0,800.0,0,3.2,0.0,3.2,1,3.75,0.0,0.0,0.0,0.0,0.0,0.0,10000.0
5760_dose_800_gradient_0_VconcST_0_Vconc_3.2_run_1.csv,5760.0,800.0,0,3.2,0.0,3.2,1,4.0,0.0,0.0,0.0,0.0,0.0,0.0,119.905
5760_dose_800_gradient_0_VconcST_0_Vconc_3.2_run_1.csv,5760.0,800.0,0,3.2,0.0,3.2,1,4.25,0.0,0.0,0.0,0.0,0.0,0.0,5654.31
5760_dose_800_gradient_0_VconcST_0_Vconc_3.2_run_1.csv,5760.0,800.0,0,3.2,0.0,3.2,1,4.5,0.0,0.0,0.0,0.0,0.0,0.0,4914.6
5760_dose_800_gradient_0_VconcST_0_Vconc_3.2_run_1.csv,5760.0,800.0,0,3.2,0.0,3.2,1,4.75,0.0,0.0,0.0,0.0,0.0,0.0,391.333
5760_dose_800_gradient_0_VconcST_0_Vconc_3.2_run_1.csv,5760.0,800.0,0,3.2,0.0,3.2,1,5.0,0.0,0.0,0.0,0.0,0.0,0.0,5878.08
5760_dose_800_gradient_0_VconcST_0_Vconc_3.2_run_1.csv,5760.0,800.0,0,3.2,0.0,3.2,1,5.25,0.0,0.0,0.0,0.0,0.0,0.0,389.15
5760_dose_800_gradient_0_VconcST_0_Vconc_3.2_run_1.csv,5760.0,800.0,0,3.2,0.0,3.2,1,5.5,0.0,0.0,0.0,0.0,0.0,0.0,6754.02
5760_dose_800_gradient_0_VconcST_0_Vconc_3.2_run_1.csv,5760.0,800.0,0,3.2,0.0,3.2,1,5.75,0.0,0.0,0.0,0.0,0.0,0.0,377.189
5760_dose_800_gradient_0_VconcST_0_Vconc_3.2_run_1.csv,5760.0,800.0,0,3.2,0.0,3.2,1,6.0,0.0,0.0,0.0,0.0,0.0,0.0,7899.56
5760_dose_800_gradient_0_VconcST_0_Vconc_3.2_run_1.csv,5760.0,800.0,0,3.2,0.0,3.2,1,6.25,0.0,0.0,0.0,0.0,0.0,0.0,367.684
5760_dose_800_gradient_0_VconcST_0_Vconc_3.2_run_1.csv,5760.0,800.0,0,3.2,0.0,3.2,1,6.5,0.0,0.0,0.0,0.0,0.0,0.0,8668.76
5760_dose_800_gradient_0_VconcST_0_Vconc_3.2_run_1.csv,5760.0,800.0,0,3.2,0.0,3.2,1,6.75,0.0,0.0,0.0,0.0,0.0,0.0,258.367
5760_dose_800_gradient_0_VconcST_0_Vconc_3.2_run_1.csv,5760.0,800.0,0,3.2,0.0,3.2,1,7.0,0.0,0.0,0.0,0.0,0.0,0.0,10000.0
5760_dose_800_gradient_0_VconcST_0_Vconc_3.2_run_1.csv,5760.0,800.0,0,3.2,0.0,3.2,1,7.25,0.0,0.0,0.0,0.0,0.0,0.0,177.437
5760_dose_800_gradient_0_VconcST_0_Vconc_3.2_run_1.csv,5760.0,800.0,0,3.2,0.0,3.2,1,7.5,0.0,0.0,0.0,0.0,0.0,0.0,10000.0
5760_dose_800_gradient_0_VconcST_0_Vconc_3.2_run_1.csv,5760.0,800.0,0,3.2,0.0,3.2,1,7.75,0.0,0.0,0.0,0.0,0.0,0.0,154.198
5760_dose_800_gradient_0_VconcST_0_Vconc_3.2_run_1.csv,5760.0,800.0,0,3.2,0.0,3.2,1,8.0,0.0,0.0,0.0,0.0,0.0,0.0,10000.0
5760_dose_800_gradient_0_VconcST_0_Vconc_3.2_run_1.csv,5760.0,800.0,0,3.2,0.0,3.2,1,8.25,0.0,0.0,0.0,0.0,0.0,0.0,146.566
5760_dose_800_gradient_0_VconcST_0_Vconc_3.2_run_1.csv,5760.0,800.0,0,3.2,0.0,3.2,1,8.5,0.0,0.0,0.0,0.0,0.0,0.0,10000.0
5760_dose_800_gradient_0_VconcST_0_Vconc_3.2_run_1.csv,5760.0,800.0,0,3.2,0.0,3.2,1,8.75,0.0,0.0,0.0,0.0,0.0,0.0,138.351
5760_dose_800_gradient_0_VconcST_0_Vconc_3.2_run_1.csv,5760.0,800.0,0,3.2,0.0,3.2,1,9.0,0.0,0.0,0.0,0.0,0.0,0.0,10000.0
5760_dose_800_gradient_0_VconcST_0_Vconc_3.2_run_1.csv,5760.0,800.0,0,3.2,0.0,3.2,1,9.25,0.0,0.0,0.0,0.0,0.0,0.0,129.777
5760_dose_800_gradient_0_VconcST_0_Vconc_3.2_run_1.csv,5760.0,800.0,0,3.2,0.0,3.2,1,9.5,0.0,0.0,0.0,0.0,0.0,0.0,10000.0
5760_dose_800_gradient_0_VconcST_0_Vconc_3.2_run_1.csv,5760.0,800.0,0,3.2,0.0,3.2,1,9.75,0.0,0.0,0.0,0.0,0.0,0.0,126.965
5760_dose_800_gradient_0_VconcST_0_Vconc_3.2_run_1.csv,5760.0,800.0,0,3.2,0.0,3.2,1,10.0,0.0,0.0,0.0,0.0,0.0,0.0,10000.0
5760_dose_800_gradient_0_VconcST_0_Vconc_3.2_run_1.csv,5760.0,800.0,0,3.2,0.0,3.2,1,10.25,0.0,0.0,0.0,0.0,0.0,0.0,119.071
5760_dose_800_gradient_0_VconcST_0_Vconc_3.2_run_1.csv,5760.0,800.0,0,3.2,0.0,3.2,1,10.5,0.0,0.0,0.0,0.0,0.0,0.0,10000.0
5760_dose_800_gradient_0_VconcST_0_Vconc_3.2_run_1.csv,5760.0,800.0,0,3.2,0.0,3.2,1,10.75,0.0,0.0,0.0,0.0,0.0,0.0,120.704
5760_dose_800_gradient_0_VconcST_0_Vconc_3.2_run_1.csv,5760.0,800.0,0,3.2,0.0,3.2,1,11.0,0.0,0.0,0.0,0.0,0.0,0.0,10000.0
5760_dose_800_gradient_0_VconcST_0_Vconc_3.2_run_1.csv,5760.0,800.0,0,3.2,0.0,3.2,1,11.25,0.0,0.0,0.0,0.0,0.0,0.0,121.79
5760_dose_800_gradient_0_VconcST_0_Vconc_3.2_run_1.csv,5760.0,800.0,0,3.2,0.0,3.2,1,11.5,0.0,0.0,0.0,0.0,0.0,0.0,10000.0
5760_dose_800_gradient_0_VconcST_0_Vconc_3.2_run_1.csv,5760.0,800.0,0,3.2,0.0,3.2,1,11.75,0.0,0.0,0.0,0.0,0.0,0.0,121.071
5760_dose_800_gradient_0_VconcST_0_Vconc_3.2_run_1.csv,5760.0,800.0,0,3.2,0.0,3.2,1,12.0,0.0,0.0,0.0,0.0,0.0,0.0,5657.08
5760_dose_800_gradient_0_VconcST_0_Vconc_3.2_run_1.csv,5760.0,800.0,0,3.2,0.0,3.2,1,12.25,0.0,0.0,0.0,0.0,0.0,0.0,3615.27
5760_dose_800_gradient_0_VconcST_0_Vconc_3.2_run_1.csv,5760.0,800.0,0,3.2,0.0,3.2,1,12.5,0.0,0.0,0.0,0.0,0.0,0.0,389.842
5760_dose_800_gradient_0_VconcST_0_Vconc_3.2_run_1.csv,5760.0,800.0,0,3.2,0.0,3.2,1,12.75,0.0,0.0,0.0,0.0,0.0,0.0,5937.29
5760_dose_800_gradient_0_VconcST_0_Vconc_3.2_run_1.csv,5760.0,800.0,0,3.2,0.0,3.2,1,13.0,0.0,0.0,0.0,0.0,0.0,0.0,388.104
5760_dose_800_gradient_0_VconcST_0_Vconc_3.2_run_1.csv,5760.0,800.0,0,3.2,0.0,3.2,1,13.25,0.0,0.0,0.0,0.0,0.0,0.0,6911.39
5760_dose_800_gradient_0_VconcST_0_Vconc_3.2_run_1.csv,5760.0,800.0,0,3.2,0.0,3.2,1,13.5,0.0,0.0,0.0,0.0,0.0,0.0,385.134
5760_dose_800_gradient_0_VconcST_0_Vconc_3.2_run_1.csv,5760.0,800.0,0,3.2,0.0,3.2,1,13.75,0.0,0.0,0.0,0.0,0.0,0.0,7630.25
5760_dose_800_gradient_0_VconcST_0_Vconc_3.2_run_1.csv,5760.0,800.0,0,3.2,0.0,3.2,1,14.0,0.0,0.0,0.0,0.0,0.0,0.0,347.879
5760_dose_800_gradient_0_VconcST_0_Vconc_3.2_run_1.csv,5760.0,800.0,0,3.2,0.0,3.2,1,14.25,0.0,0.0,0.0,0.0,0.0,0.0,9316.92
5760_dose_800_gradient_0_VconcST_0_Vconc_3.2_run_1.csv,5760.0,800.0,0,3.2,0.0,3.2,1,14.5,0.0,0.0,0.0,0.0,0.0,0.0,258.962
5760_dose_800_gradient_0_VconcST_0_Vconc_3.2_run_1.csv,5760.0,800.0,0,3.2,0.0,3.2,1,14.75,0.0,0.0,0.0,0.0,0.0,0.0,9825.62
5760_dose_800_gradient_0_VconcST_0_Vconc_3.2_run_1.csv,5760.0,800.0,0,3.2,0.0,3.2,1,15.0,0.0,0.0,0.0,0.0,0.0,0.0,180.469
5760_dose_800_gradient_0_VconcST_0_Vconc_3.2_run_1.csv,5760.0,800.0,0,3.2,0.0,3.2,1,15.25,0.0,0.0,0.0,0.0,0.0,0.0,10000.0
5760_dose_800_gradient_0_VconcST_0_Vconc_3.2_run_1.csv,5760.0,800.0,0,3.2,0.0,3.2,1,15.5,0.0,0.0,0.0,0.0,0.0,0.0,160.397
5760_dose_800_gradient_0_VconcST_0_Vconc_3.2_run_1.csv,5760.0,800.0,0,3.2,0.0,3.2,1,15.75,0.0,0.0,0.0,0.0,0.00490885,0.0,10000.0
5760_dose_800_gradient_0_VconcST_0_Vconc_3.2_run_1.csv,5760.0,800.0,0,3.2,0.0,3.2,1,16.0,0.0,0.0,0.0,0.0,0.0,0.0,145.257
5760_dose_800_gradient_0_VconcST_0_Vconc_3.2_run_1.csv,5760.0,800.0,0,3.2,0.0,3.2,1,16.25,0.0,0.0,0.0,0.0,0.0,0.0,10000.0
5760_dose_800_gradient_0_VconcST_0_Vconc_3.2_run_1.csv,5760.0,800.0,0,3.2,0.0,3.2,1,16.5,0.0,0.0,0.0,0.0,0.0,0.0,133.944
5760_dose_800_gradient_0_VconcST_0_Vconc_3.2_run_1.csv,5760.0,800.0,0,3.2,0.0,3.2,1,16.75,0.0,0.0,0.0,0.0,0.0,0.0,10000.0
5760_dose_800_gradient_0_VconcST_0_Vconc_3.2_run_1.csv,5760.0,800.0,0,3.2,0.0,3.2,1,17.0,0.0,0.0,0.0,0.0,0.0,0.0,122.555
5760_dose_800_gradient_0_VconcST_0_Vconc_3.2_run_1.csv,5760.0,800.0,0,3.2,0.0,3.2,1,17.25,0.0,0.0,0.0,0.0,0.0,0.0,10000.0
5760_dose_800_gradient_0_VconcST_0_Vconc_3.2_run_1.csv,5760.0,800.0,0,3.2,0.0,3.2,1,17.5,0.0,0.0,0.0,0.0,0.0,0.0,122.817
5760_dose_800_gradient_0_VconcST_0_Vconc_3.2_run_1.csv,5760.0,800.0,0,3.2,0.0,3.2,1,17.75,0.0,0.0,0.0,0.0,0.0,0.0,10000.0
5760_dose_800_gradient_0_VconcST_0_Vconc_3.2_run_1.csv,5760.0,800.0,0,3.2,0.0,3.2,1,18.0,0.0,0.0,0.0,0.0,0.0,0.0,121.079
5760_dose_800_gradient_0_VconcST_0_Vconc_3.2_run_1.csv,5760.0,800.0,0,3.2,0.0,3.2,1,18.25,0.0,0.0,0.0,0.0,0.0,0.0,10000.0
5760_dose_800_gradient_0_VconcST_0_Vconc_3.2_run_1.csv,5760.0,800.0,0,3.2,0.0,3.2,1,18.5,0.0,0.0,0.0,0.0,0.00199653,0.0,123.887
5760_dose_800_gradient_0_VconcST_0_Vconc_3.2_run_1.csv,5760.0,800.0,0,3.2,0.0,3.2,1,18.75,0.0,0.0,0.0,0.0,0.0,0.0,10000.0
5760_dose_800_gradient_0_VconcST_0_Vconc_3.2_run_1.csv,5760.0,800.0,0,3.2,0.0,3.2,1,19.0,0.0,0.0,0.0,0.0,0.0,0.0,119.65
5760_dose_800_gradient_0_VconcST_0_Vconc_3.2_run_1.csv,5760.0,800.0,0,3.2,0.0,3.2,1,19.25,0.0,0.0,0.0,0.0,0.0,0.0,10000.0
5760_dose_800_gradient_0_VconcST_0_Vconc_3.2_run_1.csv,5760.0,800.0,0,3.2,0.0,3.2,1,19.5,0.0,0.0,0.0,0.0,0.0,0.0,118.955
5760_dose_800_gradient_0_VconcST_0_Vconc_3.2_run_1.csv,5760.0,800.0,0,3.2,0.0,3.2,1,19.75,0.0,0.0,0.0,0.0,0.0,0.0,5654.77
5760_dose_800_gradient_0_VconcST_0_Vconc_3.2_run_1.csv,5760.0,800.0,0,3.2,0.0,3.2,1,20.0,0.0,0.0,0.0,0.0,0.0,0.0,2705.32
5760_dose_800_gradient_0_VconcST_0_Vconc_3.2_run_1.csv,5760.0,800.0,0,3.2,0.0,3.2,1,20.25,0.0,0.0,0.0,0.0,0.0,0.0,384.725
5760_dose_800_gradient_0_VconcST_0_Vconc_3.2_run_1.csv,5760.0,800.0,0,3.2,0.0,3.2,1,20.5,0.0,0.0,0.0,0.0,0.0,0.0,5619.04
5760_dose_800_gradient_0_VconcST_0_Vconc_3.2_run_1.csv,5760.0,800.0,0,3.2,0.0,3.2,1,20.75,0.0,0.0,0.0,0.0,0.0,0.0,390.024
5760_dose_800_gradient_0_VconcST_0_Vconc_3.2_run_1.csv,5760.0,800.0,0,3.2,0.0,3.2,1,21.0,0.0,0.0,0.0,0.0,0.0,0.0,6929.72
5760_dose_800_gradient_0_VconcST_0_Vconc_3.2_run_1.csv,5760.0,800.0,0,3.2,0.0,3.2,1,21.25,0.0,0.0,0.0,0.0,0.0,0.0,392.352
5760_dose_800_gradient_0_VconcST_0_Vconc_3.2_run_1.csv,5760.0,800.0,0,3.2,0.0,3.2,1,21.5,0.0,0.0,0.0,0.0,0.0,0.0,7498.37
5760_dose_800_gradient_0_VconcST_0_Vconc_3.2_run_1.csv,5760.0,800.0,0,3.2,0.0,3.2,1,21.75,0.0,0.0,0.0,0.0,0.0,0.0,365.954
5760_dose_800_gradient_0_VconcST_0_Vconc_3.2_run_1.csv,5760.0,800.0,0,3.2,0.0,3.2,1,22.0,0.0,0.0,0.0,0.0,0.0,0.0,8860.35
5760_dose_800_gradient_0_VconcST_0_Vconc_3.2_run_1.csv,5760.0,800.0,0,3.2,0.0,3.2,1,22.25,0.0,0.0,0.0,0.0,0.0,0.0,284.005
5760_dose_800_gradient_0_VconcST_0_Vconc_3.2_run_1.csv,5760.0,800.0,0,3.2,0.0,3.2,1,22.5,0.0,0.0,0.0,0.0,0.0,0.0,9951.88
5760_dose_800_gradient_0_VconcST_0_Vconc_3.2_run_1.csv,5760.0,800.0,0,3.2,0.0,3.2,1,22.75,0.0,0.0,0.0,0.0,0.0,0.0,188.02
5760_dose_800_gradient_0_VconcST_0_Vconc_3.2_run_1.csv,5760.0,800.0,0,3.2,0.0,3.2,1,23.0,0.0,0.0,0.0,0.0,0.0,0.0,10000.0
5760_dose_800_gradient_0_VconcST_0_Vconc_3.2_run_1.csv,5760.0,800.0,0,3.2,0.0,3.2,1,23.25,0.0,0.0,0.0,0.0,0.0,0.0,151.772
5760_dose_800_gradient_0_VconcST_0_Vconc_3.2_run_1.csv,5760.0,800.0,0,3.2,0.0,3.2,1,23.5,0.0,0.0,0.0,0.0,0.0,0.0,10000.0
5760_dose_800_gradient_0_VconcST_0_Vconc_3.2_run_1.csv,5760.0,800.0,0,3.2,0.0,3.2,1,23.75,0.0,0.0,0.0,0.0,0.0,0.0,138.95
5760_dose_800_gradient_0_VconcST_0_Vconc_3.2_run_1.csv,5760.0,800.0,0,3.2,0.0,3.2,1,24.0,62.29,800.0,0.02426,62.29,0.0,0.0,10000.0
5760_dose_800_gradient_0_VconcST_0_Vconc_3.2_run_1.csv,5760.0,800.0,0,3.2,0.0,3.2,1,24.25,3754.75,784.145,1.46236,3754.75,0.0,0.999946,0.0111164
5760_dose_800_gradient_0_VconcST_0_Vconc_3.2_run_1.csv,5760.0,800.0,0,3.2,0.0,3.2,1,24.5,7360.03,768.604,2.8665,7360.03,0.0,0.999973,0.180664
5760_dose_800_gradient_0_VconcST_0_Vconc_3.2_run_1.csv,5760.0,800.0,0,3.2,0.0,3.2,1,24.75,10879.9,753.371,4.23739,10879.9,0.0,0.999982,0.11027
5760_dose_800_gradient_0_VconcST_0_Vconc_3.2_run_1.csv,5760.0,800.0,0,3.2,0.0,3.2,1,25.0,14316.1,738.44,5.57569,14316.1,0.0,0.999986,0.0799098
5760_dose_800_gradient_0_VconcST_0_Vconc_3.2_run_1.csv,5760.0,800.0,0,3.2,0.0,3.2,1,25.25,17670.4,723.805,6.88207,17670.4,0.0,0.999989,0.0632079
5760_dose_800_gradient_0_VconcST_0_Vconc_3.2_run_1.csv,5760.0,800.0,0,3.2,0.0,3.2,1,25.5,20944.4,709.46,8.15719,20944.4,0.0,0.99999,0.0522992
5760_dose_800_gradient_0_VconcST_0_Vconc_3.2_run_1.csv,5760.0,800.0,0,3.2,0.0,3.2,1,25.75,24139.7,695.4,9.40168,24139.7,0.0,0.999992,0.0446301
5760_dose_800_gradient_0_VconcST_0_Vconc_3.2_run_1.csv,5760.0,800.0,0,3.2,0.0,3.2,1,26.0,27258.1,681.618,10.6162,27258.1,0.0,0.999993,0.0393097
5760_dose_800_gradient_0_VconcST_0_Vconc_3.2_run_1.csv,5760.0,800.0,0,3.2,0.0,3.2,1,26.25,30301.0,668.109,11.8013,30301.0,0.0,0.999993,0.0350236
5760_dose_800_gradient_0_VconcST_0_Vconc_3.2_run_1.csv,5760.0,800.0,0,3.2,0.0,3.2,1,26.5,33270.0,654.868,12.9576,33270.0,0.0,0.999994,0.0317717
5760_dose_800_gradient_0_VconcST_0_Vconc_3.2_run_1.csv,5760.0,800.0,0,3.2,0.0,3.2,1,26.75,36166.6,641.889,14.0858,36166.6,0.0,0.999994,0.0290311
5760_dose_800_gradient_0_VconcST_0_Vconc_3.2_run_1.csv,5760.0,800.0,0,3.2,0.0,3.2,1,27.0,38992.4,629.168,15.1863,38992.4,0.0,0.999995,0.026852
5760_dose_800_gradient_0_VconcST_0_Vconc_3.2_run_1.csv,5760.0,800.0,0,3.2,0.0,3.2,1,27.25,41748.7,616.698,16.2598,41748.7,0.0,0.999995,0.0250292
5760_dose_800_gradient_0_VconcST_0_Vconc_3.2_run_1.csv,5760.0,800.0,0,3.2,0.0,3.2,1,27.5,44437.0,604.476,17.3068,44437.0,0.0,0.999996,0.0232453
5760_dose_800_gradient_0_VconcST_0_Vconc_3.2_run_1.csv,5760.0,800.0,0,3.2,0.0,3.2,1,27.75,47058.6,592.496,18.3279,47058.6,0.0,0.999996,0.0220788
5760_dose_800_gradient_0_VconcST_0_Vconc_3.2_run_1.csv,5760.0,800.0,0,3.2,0.0,3.2,1,28.0,49615.1,580.753,19.3235,49615.1,0.0,0.999996,0.0208178
5760_dose_800_gradient_0_VconcST_0_Vconc_3.2_run_1.csv,5760.0,800.0,0,3.2,0.0,3.2,1,28.25,52107.7,569.244,20.2943,52107.7,0.0,0.999996,0.0199309
5760_dose_800_gradient_0_VconcST_0_Vconc_3.2_run_1.csv,5760.0,800.0,0,3.2,0.0,3.2,1,28.5,54537.6,557.962,21.2407,54537.6,0.0,0.999996,0.0190076
5760_dose_800_gradient_0_VconcST_0_Vconc_3.2_run_1.csv,5760.0,800.0,0,3.2,0.0,3.2,1,28.75,56906.3,546.904,22.1632,56906.3,0.0,0.999996,0.0182037
5760_dose_800_gradient_0_VconcST_0_Vconc_3.2_run_1.csv,5760.0,800.0,0,3.2,0.0,3.2,1,29.0,59214.9,536.065,23.0624,59214.9,0.0,0.999997,0.0174984
5760_dose_800_gradient_0_VconcST_0_Vconc_3.2_run_1.csv,5760.0,800.0,0,3.2,0.0,3.2,1,29.25,61464.8,525.441,23.9386,61464.8,0.0,0.999997,0.0166109
5760_dose_800_gradient_0_VconcST_0_Vconc_3.2_run_1.csv,5760.0,800.0,0,3.2,0.0,3.2,1,29.5,63657.1,515.027,24.7925,63657.1,0.0,0.999997,0.0160366
5760_dose_800_gradient_0_VconcST_0_Vconc_3.2_run_1.csv,5760.0,800.0,0,3.2,0.0,3.2,1,29.75,65793.0,504.82,25.6243,65793.0,0.0,0.999997,0.0156811
5760_dose_800_gradient_0_VconcST_0_Vconc_3.2_run_1.csv,5760.0,800.0,0,3.2,0.0,3.2,1,30.0,67873.7,494.815,26.4347,67873.7,0.0,0.999997,0.0154568
5760_dose_800_gradient_0_VconcST_0_Vconc_3.2_run_1.csv,5760.0,800.0,0,3.2,0.0,3.2,1,30.25,69900.4,485.009,27.224,69900.4,0.0,0.999997,0.0147764
5760_dose_800_gradient_0_VconcST_0_Vconc_3.2_run_1.csv,5760.0,800.0,0,3.2,0.0,3.2,1,30.5,71874.0,475.396,27.9927,71874.0,0.0,0.999997,0.0145197
5760_dose_800_gradient_0_VconcST_0_Vconc_3.2_run_1.csv,5760.0,800.0,0,3.2,0.0,3.2,1,30.75,73795.9,465.974,28.7412,73795.9,0.0,0.999997,0.0141733
5760_dose_800_gradient_0_VconcST_0_Vconc_3.2_run_1.csv,5760.0,800.0,0,3.2,0.0,3.2,1,31.0,75667.0,456.739,29.4699,75667.0,0.0,0.999997,0.0138941
5760_dose_800_gradient_0_VconcST_0_Vconc_3.2_run_1.csv,5760.0,800.0,0,3.2,0.0,3.2,1,31.25,77488.3,447.687,30.1793,77488.3,0.0,0.999997,0.0132887
5760_dose_800_gradient_0_VconcST_0_Vconc_3.2_run_1.csv,5760.0,800.0,0,3.2,0.0,3.2,1,31.5,79260.9,438.815,30.8697,79260.9,0.0,0.999997,0.0130182
5760_dose_800_gradient_0_VconcST_0_Vconc_3.2_run_1.csv,5760.0,800.0,0,3.2,0.0,3.2,1,31.75,80985.9,430.118,31.5415,80985.9,0.0,0.999997,0.0129735
5760_dose_800_gradient_0_VconcST_0_Vconc_3.2_run_1.csv,5760.0,800.0,0,3.2,0.0,3.2,1,32.0,82664.2,421.593,32.1951,82664.2,0.0,0.999998,0.0126806
5760_dose_800_gradient_0_VconcST_0_Vconc_3.2_run_1.csv,5760.0,800.0,0,3.2,0.0,3.2,1,32.25,84296.8,413.238,32.831,84296.8,0.0,0.999998,0.012364
5760_dose_800_gradient_0_VconcST_0_Vconc_3.2_run_1.csv,5760.0,800.0,0,3.2,0.0,3.2,1,32.5,85884.6,405.048,33.4494,85884.6,0.0,0.999998,0.0120811
5760_dose_800_gradient_0_VconcST_0_Vconc_3.2_run_1.csv,5760.0,800.0,0,3.2,0.0,3.2,1,32.75,87428.5,397.021,34.0507,87428.5,0.0,0.999998,0.0117852
5760_dose_800_gradient_0_VconcST_0_Vconc_3.2_run_1.csv,5760.0,800.0,0,3.2,0.0,3.2,1,33.0,88929.6,389.152,34.6353,88929.6,0.0,0.999998,0.0117609
5760_dose_800_gradient_0_VconcST_0_Vconc_3.2_run_1.csv,5760.0,800.0,0,3.2,0.0,3.2,1,33.25,90388.7,381.44,35.2036,90388.7,0.0,0.999998,0.0114593
5760_dose_800_gradient_0_VconcST_0_Vconc_3.2_run_1.csv,5760.0,800.0,0,3.2,0.0,3.2,1,33.5,91806.5,373.88,35.7558,91806.5,0.0,0.999998,0.0111632
5760_dose_800_gradient_0_VconcST_0_Vconc_3.2_run_1.csv,5760.0,800.0,0,3.2,0.0,3.2,1,33.75,93184.2,366.47,36.2923,93184.2,0.0,0.999998,0.0111577
5760_dose_800_gradient_0_VconcST_0_Vconc_3.2_run_1.csv,5760.0,800.0,0,3.2,0.0,3.2,1,34.0,94522.4,359.207,36.8135,94522.4,0.0,0.999998,0.0108627
5760_dose_800_gradient_0_VconcST_0_Vconc_3.2_run_1.csv,5760.0,800.0,0,3.2,0.0,3.2,1,34.25,95822.0,352.088,37.3197,95822.0,0.0,0.999998,0.0108837
5760_dose_800_gradient_0_VconcST_0_Vconc_3.2_run_1.csv,5760.0,800.0,0,3.2,0.0,3.2,1,34.5,97083.9,345.11,37.8112,97083.9,0.0,0.999998,0.0105851
5760_dose_800_gradient_0_VconcST_0_Vconc_3.2_run_1.csv,5760.0,800.0,0,3.2,0.0,3.2,1,34.75,98308.7,338.27,38.2882,98308.7,0.0,0.999998,0.010571
5760_dose_800_gradient_0_VconcST_0_Vconc_3.2_run_1.csv,5760.0,800.0,0,3.2,0.0,3.2,1,35.0,99497.4,331.566,38.7511,99497.4,0.0,0.999998,0.0102653
5760_dose_800_gradient_0_VconcST_0_Vconc_3.2_run_1.csv,5760.0,800.0,0,3.2,0.0,3.2,1,35.25,100651.0,324.995,39.2003,100651.0,0.0,0.999998,0.0102696
5760_dose_800_gradient_0_VconcST_0_Vconc_3.2_run_1.csv,5760.0,800.0,0,3.2,0.0,3.2,1,35.5,101769.0,318.554,39.6359,101769.0,0.0,0.999998,0.0102775
5760_dose_800_gradient_0_VconcST_0_Vconc_3.2_run_1.csv,5760.0,800.0,0,3.2,0.0,3.2,1,35.75,102854.0,312.241,40.0583,102854.0,0.0,0.999998,0.00998403
5760_dose_800_gradient_0_VconcST_0_Vconc_3.2_run_1.csv,5760.0,800.0,0,3.2,0.0,3.2,1,36.0,103905.0,306.052,40.4677,103905.0,0.0,0.999998,0.00995151
5760_dose_800_gradient_0_VconcST_0_Vconc_3.2_run_1.csv,5760.0,800.0,0,3.2,0.0,3.2,1,36.25,104924.0,299.987,40.8645,104924.0,0.0,0.999998,0.00997983
5760_dose_800_gradient_0_VconcST_0_Vconc_3.2_run_1.csv,5760.0,800.0,0,3.2,0.0,3.2,1,36.5,105910.0,294.041,41.2488,105910.0,0.0,0.999998,0.0096655
5760_dose_800_gradient_0_VconcST_0_Vconc_3.2_run_1.csv,5760.0,800.0,0,3.2,0.0,3.2,1,36.75,106866.0,288.214,41.621,106866.0,0.0,0.999998,0.00966075
5760_dose_800_gradient_0_VconcST_0_Vconc_3.2_run_1.csv,5760.0,800.0,0,3.2,0.0,3.2,1,37.0,107791.0,282.502,41.9813,107791.0,0.0,0.999998,0.00968042
5760_dose_800_gradient_0_VconcST_0_Vconc_3.2_run_1.csv,5760.0,800.0,0,3.2,0.0,3.2,1,37.25,108687.0,276.903,42.33,108687.0,0.0,0.999998,0.00935497
5760_dose_800_gradient_0_VconcST_0_Vconc_3.2_run_1.csv,5760.0,800.0,0,3.2,0.0,3.2,1,37.5,109553.0,271.414,42.6673,109553.0,0.0,0.999998,0.0093484
5760_dose_800_gradient_0_VconcST_0_Vconc_3.2_run_1.csv,5760.0,800.0,0,3.2,0.0,3.2,1,37.75,110390.0,266.035,42.9935,110390.0,0.0,0.999998,0.0093484
5760_dose_800_gradient_0_VconcST_0_Vconc_3.2_run_1.csv,5760.0,800.0,0,3.2,0.0,3.2,1,38.0,111199.0,260.763,43.3087,111199.0,0.0,0.999998,0.0093484
5760_dose_800_gradient_0_VconcST_0_Vconc_3.2_run_1.csv,5760.0,800.0,0,3.2,0.0,3.2,1,38.25,111981.0,255.595,43.6133,111981.0,0.0,0.999998,0.00935497
5760_dose_800_gradient_0_VconcST_0_Vconc_3.2_run_1.csv,5760.0,800.0,0,3.2,0.0,3.2,1,38.5,112737.0,250.529,43.9074,112737.0,0.0,0.999998,0.00906912
5760_dose_800_gradient_0_VconcST_0_Vconc_3.2_run_1.csv,5760.0,800.0,0,3.2,0.0,3.2,1,38.75,113465.0,245.564,44.1913,113465.0,0.0,0.999998,0.00905227
5760_dose_800_gradient_0_VconcST_0_Vconc_3.2_run_1.csv,5760.0,800.0,0,3.2,0.0,3.2,1,39.0,114169.0,240.697,44.4652,114169.0,0.0,0.999998,0.00905322
5760_dose_800_gradient_0_VconcST_0_Vconc_3.2_run_1.csv,5760.0,800.0,0,3.2,0.0,3.2,1,39.25,114847.0,235.927,44.7293,114847.0,0.0,0.999998,0.00905322
5760_dose_800_gradient_0_VconcST_0_Vconc_3.2_run_1.csv,5760.0,800.0,0,3.2,0.0,3.2,1,39.5,115500.0,231.251,44.9838,115500.0,0.0,0.999998,0.00905704
5760_dose_800_gradient_0_VconcST_0_Vconc_3.2_run_1.csv,5760.0,800.0,0,3.2,0.0,3.2,1,39.75,116130.0,226.668,45.229,116130.0,0.0,0.999998,0.0087453
5760_dose_800_gradient_0_VconcST_0_Vconc_3.2_run_1.csv,5760.0,800.0,0,3.2,0.0,3.2,1,40.0,116736.0,222.176,45.465,116736.0,0.0,0.999998,0.00875575
5760_dose_800_gradient_0_VconcST_0_Vconc_3.2_run_1.csv,5760.0,800.0,0,3.2,0.0,3.2,1,40.25,117319.0,217.772,45.692,117319.0,0.0,0.999998,0.00875575
5760_dose_800_gradient_0_VconcST_0_Vconc_3.2_run_1.csv,5760.0,800.0,0,3.2,0.0,3.2,1,40.5,117879.0,213.456,45.9102,117879.0,0.0,0.999998,0.00875575
5760_dose_800_gradient_0_VconcST_0_Vconc_3.2_run_1.csv,5760.0,800.0,0,3.2,0.0,3.2,1,40.75,118417.0,209.226,46.1199,118417.0,0.0,0.999998,0.00874961
5760_dose_800_gradient_0_VconcST_0_Vconc_3.2_run_1.csv,5760.0,800.0,0,3.2,0.0,3.2,1,41.0,118934.0,205.079,46.3211,118934.0,0.0,0.999998,0.00874531
5760_dose_800_gradient_0_VconcST_0_Vconc_3.2_run_1.csv,5760.0,800.0,0,3.2,0.0,3.2,1,41.25,119430.0,201.015,46.5142,119430.0,0.0,0.999998,0.00876405
5760_dose_800_gradient_0_VconcST_0_Vconc_3.2_run_1.csv,5760.0,800.0,0,3.2,0.0,3.2,1,41.5,119905.0,197.031,46.6992,119905.0,0.0,0.999998,0.00844375
5760_dose_800_gradient_0_VconcST_0_Vconc_8_run_2.csv,5760.0,800.0,0,8.0,0.0,8.0,2,0.0,0.0,0.0,0.0,0.0,0.0,0.0,0.0
5760_dose_800_gradient_0_VconcST_0_Vconc_8_run_2.csv,5760.0,800.0,0,8.0,0.0,8.0,2,0.25,0.0,0.0,0.0,0.0,0.0,0.0,10000.0
5760_dose_800_gradient_0_VconcST_0_Vconc_8_run_2.csv,5760.0,800.0,0,8.0,0.0,8.0,2,0.5,0.0,0.0,0.0,0.0,0.0,0.0,460.657
5760_dose_800_gradient_0_VconcST_0_Vconc_8_run_2.csv,5760.0,800.0,0,8.0,0.0,8.0,2,0.75,0.0,0.0,0.0,0.0,0.0,0.0,10000.0
5760_dose_800_gradient_0_VconcST_0_Vconc_8_run_2.csv,5760.0,800.0,0,8.0,0.0,8.0,2,1.0,0.0,0.0,0.0,0.0,0.0,0.0,397.122
5760_dose_800_gradient_0_VconcST_0_Vconc_8_run_2.csv,5760.0,800.0,0,8.0,0.0,8.0,2,1.25,0.0,0.0,0.0,0.0,0.0,0.0,10000.0
5760_dose_800_gradient_0_VconcST_0_Vconc_8_run_2.csv,5760.0,800.0,0,8.0,0.0,8.0,2,1.5,0.0,0.0,0.0,0.0,0.0,0.0,380.852
5760_dose_800_gradient_0_VconcST_0_Vconc_8_run_2.csv,5760.0,800.0,0,8.0,0.0,8.0,2,1.75,0.0,0.0,0.0,0.0,0.0,0.0,10000.0
5760_dose_800_gradient_0_VconcST_0_Vconc_8_run_2.csv,5760.0,800.0,0,8.0,0.0,8.0,2,2.0,0.0,0.0,0.0,0.0,0.0,0.0,360.546
5760_dose_800_gradient_0_VconcST_0_Vconc_8_run_2.csv,5760.0,800.0,0,8.0,0.0,8.0,2,2.25,0.0,0.0,0.0,0.0,0.0,0.0,10000.0
5760_dose_800_gradient_0_VconcST_0_Vconc_8_run_2.csv,5760.0,800.0,0,8.0,0.0,8.0,2,2.5,0.0,0.0,0.0,0.0,0.0,0.0,340.345
5760_dose_800_gradient_0_VconcST_0_Vconc_8_run_2.csv,5760.0,800.0,0,8.0,0.0,8.0,2,2.75,0.0,0.0,0.0,0.0,0.0,0.0,10000.0
5760_dose_800_gradient_0_VconcST_0_Vconc_8_run_2.csv,5760.0,800.0,0,8.0,0.0,8.0,2,3.0,0.0,0.0,0.0,0.0,0.0,0.0,329.0
5760_dose_800_gradient_0_VconcST_0_Vconc_8_run_2.csv,5760.0,800.0,0,8.0,0.0,8.0,2,3.25,0.0,0.0,0.0,0.0,0.0,0.0,10000.0
5760_dose_800_gradient_0_VconcST_0_Vconc_8_run_2.csv,5760.0,800.0,0,8.0,0.0,8.0,2,3.5,0.0,0.0,0.0,0.0,0.0,0.0,332.177
5760_dose_800_gradient_0_VconcST_0_Vconc_8_run_2.csv,5760.0,800.0,0,8.0,0.0,8.0,2,3.75,0.0,0.0,0.0,0.0,0.0,0.0,10000.0
5760_dose_800_gradient_0_VconcST_0_Vconc_8_run_2.csv,5760.0,800.0,0,8.0,0.0,8.0,2,4.0,0.0,0.0,0.0,0.0,0.0,0.0,343.619
5760_dose_800_gradient_0_VconcST_0_Vconc_8_run_2.csv,5760.0,800.0,0,8.0,0.0,8.0,2,4.25,0.0,0.0,0.0,0.0,0.0,0.0,10000.0
5760_dose_800_gradient_0_VconcST_0_Vconc_8_run_2.csv,5760.0,800.0,0,8.0,0.0,8.0,2,4.5,0.0,0.0,0.0,0.0,0.0,0.0,1424.62
5760_dose_800_gradient_0_VconcST_0_Vconc_8_run_2.csv,5760.0,800.0,0,8.0,0.0,8.0,2,4.75,0.0,0.0,0.0,0.0,0.0,0.0,904.119
5760_dose_800_gradient_0_VconcST_0_Vconc_8_run_2.csv,5760.0,800.0,0,8.0,0.0,8.0,2,5.0,0.0,0.0,0.0,0.0,0.0,0.0,10000.0
5760_dose_800_gradient_0_VconcST_0_Vconc_8_run_2.csv,5760.0,800.0,0,8.0,0.0,8.0,2,5.25,0.0,0.0,0.0,0.0,0.0,0.0,899.078
5760_dose_800_gradient_0_VconcST_0_Vconc_8_run_2.csv,5760.0,800.0,0,8.0,0.0,8.0,2,5.5,0.0,0.0,0.0,0.0,0.0,0.0,10000.0
5760_dose_800_gradient_0_VconcST_0_Vconc_8_run_2.csv,5760.0,800.0,0,8.0,0.0,8.0,2,5.75,0.0,0.0,0.0,0.0,0.0,0.0,901.137
5760_dose_800_gradient_0_VconcST_0_Vconc_8_run_2.csv,5760.0,800.0,0,8.0,0.0,8.0,2,6.0,0.0,0.0,0.0,0.0,0.0,0.0,10000.0
5760_dose_800_gradient_0_VconcST_0_Vconc_8_run_2.csv,5760.0,800.0,0,8.0,0.0,8.0,2,6.25,0.0,0.0,0.0,0.0,0.0,0.0,907.468
5760_dose_800_gradient_0_VconcST_0_Vconc_8_run_2.csv,5760.0,800.0,0,8.0,0.0,8.0,2,6.5,0.0,0.0,0.0,0.0,0.0,0.0,10000.0
5760_dose_800_gradient_0_VconcST_0_Vconc_8_run_2.csv,5760.0,800.0,0,8.0,0.0,8.0,2,6.75,0.0,0.0,0.0,0.0,0.0,0.0,849.697
5760_dose_800_gradient_0_VconcST_0_Vconc_8_run_2.csv,5760.0,800.0,0,8.0,0.0,8.0,2,7.0,0.0,0.0,0.0,0.0,0.0,0.0,10000.0
5760_dose_800_gradient_0_VconcST_0_Vconc_8_run_2.csv,5760.0,800.0,0,8.0,0.0,8.0,2,7.25,0.0,0.0,0.0,0.0,0.0,0.0,593.444
5760_dose_800_gradient_0_VconcST_0_Vconc_8_run_2.csv,5760.0,800.0,0,8.0,0.0,8.0,2,7.5,0.0,0.0,0.0,0.0,0.0,0.0,10000.0
5760_dose_800_gradient_0_VconcST_0_Vconc_8_run_2.csv,5760.0,800.0,0,8.0,0.0,8.0,2,7.75,0.0,0.0,0.0,0.0,0.0,0.0,539.14
5760_dose_800_gradient_0_VconcST_0_Vconc_8_run_2.csv,5760.0,800.0,0,8.0,0.0,8.0,2,8.0,0.0,0.0,0.0,0.0,0.0,0.0,10000.0
5760_dose_800_gradient_0_VconcST_0_Vconc_8_run_2.csv,5760.0,800.0,0,8.0,0.0,8.0,2,8.25,0.0,0.0,0.0,0.0,0.0,0.0,527.9
5760_dose_800_gradient_0_VconcST_0_Vconc_8_run_2.csv,5760.0,800.0,0,8.0,0.0,8.0,2,8.5,0.0,0.0,0.0,0.0,0.0,0.0,10000.0
5760_dose_800_gradient_0_VconcST_0_Vconc_8_run_2.csv,5760.0,800.0,0,8.0,0.0,8.0,2,8.75,0.0,0.0,0.0,0.0,0.0,0.0,437.155
5760_dose_800_gradient_0_VconcST_0_Vconc_8_run_2.csv,5760.0,800.0,0,8.0,0.0,8.0,2,9.0,0.0,0.0,0.0,0.0,0.0,0.0,10000.0
5760_dose_800_gradient_0_VconcST_0_Vconc_8_run_2.csv,5760.0,800.0,0,8.0,0.0,8.0,2,9.25,0.0,0.0,0.0,0.0,0.0,0.0,417.177
5760_dose_800_gradient_0_VconcST_0_Vconc_8_run_2.csv,5760.0,800.0,0,8.0,0.0,8.0,2,9.5,0.0,0.0,0.0,0.0,0.0,0.0,10000.0
5760_dose_800_gradient_0_VconcST_0_Vconc_8_run_2.csv,5760.0,800.0,0,8.0,0.0,8.0,2,9.75,0.0,0.0,0.0,0.0,0.0,0.0,380.147
5760_dose_800_gradient_0_VconcST_0_Vconc_8_run_2.csv,5760.0,800.0,0,8.0,0.0,8.0,2,10.0,0.0,0.0,0.0,0.0,0.0,0.0,10000.0
5760_dose_800_gradient_0_VconcST_0_Vconc_8_run_2.csv,5760.0,800.0,0,8.0,0.0,8.0,2,10.25,0.0,0.0,0.0,0.0,0.0,0.0,369.033
5760_dose_800_gradient_0_VconcST_0_Vconc_8_run_2.csv,5760.0,800.0,0,8.0,0.0,8.0,2,10.5,0.0,0.0,0.0,0.0,0.0,0.0,10000.0
5760_dose_800_gradient_0_VconcST_0_Vconc_8_run_2.csv,5760.0,800.0,0,8.0,0.0,8.0,2,10.75,0.0,0.0,0.0,0.0,0.0,0.0,348.92
5760_dose_800_gradient_0_VconcST_0_Vconc_8_run_2.csv,5760.0,800.0,0,8.0,0.0,8.0,2,11.0,0.0,0.0,0.0,0.0,0.0,0.0,10000.0
5760_dose_800_gradient_0_VconcST_0_Vconc_8_run_2.csv,5760.0,800.0,0,8.0,0.0,8.0,2,11.25,0.0,0.0,0.0,0.0,0.0,0.0,328.266
5760_dose_800_gradient_0_VconcST_0_Vconc_8_run_2.csv,5760.0,800.0,0,8.0,0.0,8.0,2,11.5,0.0,0.0,0.0,0.0,0.0,0.0,10000.0
5760_dose_800_gradient_0_VconcST_0_Vconc_8_run_2.csv,5760.0,800.0,0,8.0,0.0,8.0,2,11.75,0.0,0.0,0.0,0.0,0.0,0.0,331.684
5760_dose_800_gradient_0_VconcST_0_Vconc_8_run_2.csv,5760.0,800.0,0,8.0,0.0,8.0,2,12.0,0.0,0.0,0.0,0.0,0.0,0.0,10000.0
5760_dose_800_gradient_0_VconcST_0_Vconc_8_run_2.csv,5760.0,800.0,0,8.0,0.0,8.0,2,12.25,0.0,0.0,0.0,0.0,0.0,0.0,340.355
5760_dose_800_gradient_0_VconcST_0_Vconc_8_run_2.csv,5760.0,800.0,0,8.0,0.0,8.0,2,12.5,0.0,0.0,0.0,0.0,0.0,0.0,10000.0
5760_dose_800_gradient_0_VconcST_0_Vconc_8_run_2.csv,5760.0,800.0,0,8.0,0.0,8.0,2,12.75,0.0,0.0,0.0,0.0,0.0,0.0,2160.09
5760_dose_800_gradient_0_VconcST_0_Vconc_8_run_2.csv,5760.0,800.0,0,8.0,0.0,8.0,2,13.0,0.0,0.0,0.0,0.0,0.0,0.0,1392.86
5760_dose_800_gradient_0_VconcST_0_Vconc_8_run_2.csv,5760.0,800.0,0,8.0,0.0,8.0,2,13.25,0.0,0.0,0.0,0.0,0.0,0.0,9888.5
5760_dose_800_gradient_0_VconcST_0_Vconc_8_run_2.csv,5760.0,800.0,0,8.0,0.0,8.0,2,13.5,0.0,0.0,0.0,0.0,0.0,0.0,910.332
5760_dose_800_gradient_0_VconcST_0_Vconc_8_run_2.csv,5760.0,800.0,0,8.0,0.0,8.0,2,13.75,0.0,0.0,0.0,0.0,0.0,0.0,10000.0
5760_dose_800_gradient_0_VconcST_0_Vconc_8_run_2.csv,5760.0,800.0,0,8.0,0.0,8.0,2,14.0,0.0,0.0,0.0,0.0,0.0,0.0,910.994
5760_dose_800_gradient_0_VconcST_0_Vconc_8_run_2.csv,5760.0,800.0,0,8.0,0.0,8.0,2,14.25,0.0,0.0,0.0,0.0,0.0,0.0,10000.0
5760_dose_800_gradient_0_VconcST_0_Vconc_8_run_2.csv,5760.0,800.0,0,8.0,0.0,8.0,2,14.5,0.0,0.0,0.0,0.0,0.0,0.0,893.718
5760_dose_800_gradient_0_VconcST_0_Vconc_8_run_2.csv,5760.0,800.0,0,8.0,0.0,8.0,2,14.75,0.0,0.0,0.0,0.0,0.0,0.0,10000.0
5760_dose_800_gradient_0_VconcST_0_Vconc_8_run_2.csv,5760.0,800.0,0,8.0,0.0,8.0,2,15.0,0.0,0.0,0.0,0.0,0.0,0.0,869.593
5760_dose_800_gradient_0_VconcST_0_Vconc_8_run_2.csv,5760.0,800.0,0,8.0,0.0,8.0,2,15.25,0.0,0.0,0.0,0.0,0.0,0.0,10000.0
5760_dose_800_gradient_0_VconcST_0_Vconc_8_run_2.csv,5760.0,800.0,0,8.0,0.0,8.0,2,15.5,0.0,0.0,0.0,0.0,0.0,0.0,662.002
5760_dose_800_gradient_0_VconcST_0_Vconc_8_run_2.csv,5760.0,800.0,0,8.0,0.0,8.0,2,15.75,0.0,0.0,0.0,0.0,0.0,0.0,10000.0
5760_dose_800_gradient_0_VconcST_0_Vconc_8_run_2.csv,5760.0,800.0,0,8.0,0.0,8.0,2,16.0,0.0,0.0,0.0,0.0,0.0,0.0,581.23
5760_dose_800_gradient_0_VconcST_0_Vconc_8_run_2.csv,5760.0,800.0,0,8.0,0.0,8.0,2,16.25,0.0,0.0,0.0,0.0,0.0,0.0,10000.0
5760_dose_800_gradient_0_VconcST_0_Vconc_8_run_2.csv,5760.0,800.0,0,8.0,0.0,8.0,2,16.5,0.0,0.0,0.0,0.0,0.0,0.0,549.105
5760_dose_800_gradient_0_VconcST_0_Vconc_8_run_2.csv,5760.0,800.0,0,8.0,0.0,8.0,2,16.75,0.0,0.0,0.0,0.0,0.0,0.0,10000.0
5760_dose_800_gradient_0_VconcST_0_Vconc_8_run_2.csv,5760.0,800.0,0,8.0,0.0,8.0,2,17.0,0.0,0.0,0.0,0.0,0.0,0.0,483.146
5760_dose_800_gradient_0_VconcST_0_Vconc_8_run_2.csv,5760.0,800.0,0,8.0,0.0,8.0,2,17.25,0.0,0.0,0.0,0.0,0.0,0.0,10000.0
5760_dose_800_gradient_0_VconcST_0_Vconc_8_run_2.csv,5760.0,800.0,0,8.0,0.0,8.0,2,17.5,0.0,0.0,0.0,0.0,0.0,0.0,415.313
5760_dose_800_gradient_0_VconcST_0_Vconc_8_run_2.csv,5760.0,800.0,0,8.0,0.0,8.0,2,17.75,0.0,0.0,0.0,0.0,0.0,0.0,10000.0
5760_dose_800_gradient_0_VconcST_0_Vconc_8_run_2.csv,5760.0,800.0,0,8.0,0.0,8.0,2,18.0,0.0,0.0,0.0,0.0,0.0,0.0,408.39
5760_dose_800_gradient_0_VconcST_0_Vconc_8_run_2.csv,5760.0,800.0,0,8.0,0.0,8.0,2,18.25,0.0,0.0,0.0,0.0,0.0,0.0,10000.0
5760_dose_800_gradient_0_VconcST_0_Vconc_8_run_2.csv,5760.0,800.0,0,8.0,0.0,8.0,2,18.5,0.0,0.0,0.0,0.0,0.000692274,0.0,368.174
5760_dose_800_gradient_0_VconcST_0_Vconc_8_run_2.csv,5760.0,800.0,0,8.0,0.0,8.0,2,18.75,0.0,0.0,0.0,0.0,0.0,0.0,10000.0
5760_dose_800_gradient_0_VconcST_0_Vconc_8_run_2.csv,5760.0,800.0,0,8.0,0.0,8.0,2,19.0,0.0,0.0,0.0,0.0,0.0,0.0,364.186
5760_dose_800_gradient_0_VconcST_0_Vconc_8_run_2.csv,5760.0,800.0,0,8.0,0.0,8.0,2,19.25,0.0,0.0,0.0,0.0,0.0,0.0,10000.0
5760_dose_800_gradient_0_VconcST_0_Vconc_8_run_2.csv,5760.0,800.0,0,8.0,0.0,8.0,2,19.5,0.0,0.0,0.0,0.0,0.0,0.0,332.544
5760_dose_800_gradient_0_VconcST_0_Vconc_8_run_2.csv,5760.0,800.0,0,8.0,0.0,8.0,2,19.75,0.0,0.0,0.0,0.0,0.0,0.0,10000.0
5760_dose_800_gradient_0_VconcST_0_Vconc_8_run_2.csv,5760.0,800.0,0,8.0,0.0,8.0,2,20.0,0.0,0.0,0.0,0.0,0.0,0.0,337.41
5760_dose_800_gradient_0_VconcST_0_Vconc_8_run_2.csv,5760.0,800.0,0,8.0,0.0,8.0,2,20.25,0.0,0.0,0.0,0.0,0.0,0.0,10000.0
5760_dose_800_gradient_0_VconcST_0_Vconc_8_run_2.csv,5760.0,800.0,0,8.0,0.0,8.0,2,20.5,0.0,0.0,0.0,0.0,0.0,0.0,332.544
5760_dose_800_gradient_0_VconcST_0_Vconc_8_run_2.csv,5760.0,800.0,0,8.0,0.0,8.0,2,20.75,0.0,0.0,0.0,0.0,0.0,0.0,10000.0
5760_dose_800_gradient_0_VconcST_0_Vconc_8_run_2.csv,5760.0,800.0,0,8.0,0.0,8.0,2,21.0,0.0,0.0,0.0,0.0,0.0,0.0,4437.38
5760_dose_800_gradient_0_VconcST_0_Vconc_8_run_2.csv,5760.0,800.0,0,8.0,0.0,8.0,2,21.25,0.0,0.0,0.0,0.0,0.0,0.0,5452.73
5760_dose_800_gradient_0_VconcST_0_Vconc_8_run_2.csv,5760.0,800.0,0,8.0,0.0,8.0,2,21.5,0.0,0.0,0.0,0.0,0.0,0.0,6039.35
5760_dose_800_gradient_0_VconcST_0_Vconc_8_run_2.csv,5760.0,800.0,0,8.0,0.0,8.0,2,21.75,0.0,0.0,0.0,0.0,0.0,0.0,898.945
5760_dose_800_gradient_0_VconcST_0_Vconc_8_run_2.csv,5760.0,800.0,0,8.0,0.0,8.0,2,22.0,0.0,0.0,0.0,0.0,0.0,0.0,10000.0
5760_dose_800_gradient_0_VconcST_0_Vconc_8_run_2.csv,5760.0,800.0,0,8.0,0.0,8.0,2,22.25,0.0,0.0,0.0,0.0,0.0,0.0,904.104
5760_dose_800_gradient_0_VconcST_0_Vconc_8_run_2.csv,5760.0,800.0,0,8.0,0.0,8.0,2,22.5,0.0,0.0,0.0,0.0,0.0,0.0,10000.0
5760_dose_800_gradient_0_VconcST_0_Vconc_8_run_2.csv,5760.0,800.0,0,8.0,0.0,8.0,2,22.75,0.0,0.0,0.0,0.0,0.0,0.0,909.798
5760_dose_800_gradient_0_VconcST_0_Vconc_8_run_2.csv,5760.0,800.0,0,8.0,0.0,8.0,2,23.0,0.0,0.0,0.0,0.0,0.0,0.0,10000.0
5760_dose_800_gradient_0_VconcST_0_Vconc_8_run_2.csv,5760.0,800.0,0,8.0,0.0,8.0,2,23.25,0.0,0.0,0.0,0.0,0.0,0.0,866.621
5760_dose_800_gradient_0_VconcST_0_Vconc_8_run_2.csv,5760.0,800.0,0,8.0,0.0,8.0,2,23.5,0.0,0.0,0.0,0.0,0.0,0.0,10000.0
5760_dose_800_gradient_0_VconcST_0_Vconc_8_run_2.csv,5760.0,800.0,0,8.0,0.0,8.0,2,23.75,0.0,0.0,0.0,0.0,0.0,0.0,679.172
5760_dose_800_gradient_0_VconcST_0_Vconc_8_run_2.csv,5760.0,800.0,0,8.0,0.0,8.0,2,24.0,62.29,800.0,0.02426,62.29,0.0,0.0,10000.0
5760_dose_800_gradient_0_VconcST_0_Vconc_8_run_2.csv,5760.0,800.0,0,8.0,0.0,8.0,2,24.25,3754.75,784.145,1.46236,3754.75,0.0,0.999946,0.0277432
5760_dose_800_gradient_0_VconcST_0_Vconc_8_run_2.csv,5760.0,800.0,0,8.0,0.0,8.0,2,24.5,7360.03,768.604,2.8665,7360.03,0.0,0.999973,0.450585
5760_dose_800_gradient_0_VconcST_0_Vconc_8_run_2.csv,5760.0,800.0,0,8.0,0.0,8.0,2,24.75,10879.9,753.371,4.23739,10879.9,0.0,0.999982,0.27534
5760_dose_800_gradient_0_VconcST_0_Vconc_8_run_2.csv,5760.0,800.0,0,8.0,0.0,8.0,2,25.0,14316.1,738.44,5.57569,14316.1,0.0,0.999986,0.199759
5760_dose_800_gradient_0_VconcST_0_Vconc_8_run_2.csv,5760.0,800.0,0,8.0,0.0,8.0,2,25.25,17670.4,723.805,6.88207,17670.4,0.0,0.999989,0.157917
5760_dose_800_gradient_0_VconcST_0_Vconc_8_run_2.csv,5760.0,800.0,0,8.0,0.0,8.0,2,25.5,20944.4,709.46,8.15719,20944.4,0.0,0.99999,0.130741
5760_dose_800_gradient_0_VconcST_0_Vconc_8_run_2.csv,5760.0,800.0,0,8.0,0.0,8.0,2,25.75,24139.7,695.4,9.40168,24139.7,0.0,0.999992,0.111842
5760_dose_800_gradient_0_VconcST_0_Vconc_8_run_2.csv,5760.0,800.0,0,8.0,0.0,8.0,2,26.0,27258.1,681.618,10.6162,27258.1,0.0,0.999993,0.098092
5760_dose_800_gradient_0_VconcST_0_Vconc_8_run_2.csv,5760.0,800.0,0,8.0,0.0,8.0,2,26.25,30301.0,668.109,11.8013,30301.0,0.0,0.999993,0.0874487
5760_dose_800_gradient_0_VconcST_0_Vconc_8_run_2.csv,5760.0,800.0,0,8.0,0.0,8.0,2,26.5,33270.0,654.868,12.9576,33270.0,0.0,0.999994,0.0792347
5760_dose_800_gradient_0_VconcST_0_Vconc_8_run_2.csv,5760.0,800.0,0,8.0,0.0,8.0,2,26.75,36166.6,641.889,14.0858,36166.6,0.0,0.999994,0.0723724
5760_dose_800_gradient_0_VconcST_0_Vconc_8_run_2.csv,5760.0,800.0,0,8.0,0.0,8.0,2,27.0,38992.4,629.168,15.1863,38992.4,0.0,0.999995,0.0671803
5760_dose_800_gradient_0_VconcST_0_Vconc_8_run_2.csv,5760.0,800.0,0,8.0,0.0,8.0,2,27.25,41748.7,616.698,16.2598,41748.7,0.0,0.999995,0.062636
5760_dose_800_gradient_0_VconcST_0_Vconc_8_run_2.csv,5760.0,800.0,0,8.0,0.0,8.0,2,27.5,44437.0,604.476,17.3068,44437.0,0.0,0.999996,0.058106
5760_dose_800_gradient_0_VconcST_0_Vconc_8_run_2.csv,5760.0,800.0,0,8.0,0.0,8.0,2,27.75,47058.6,592.496,18.3279,47058.6,0.0,0.999996,0.0550992
5760_dose_800_gradient_0_VconcST_0_Vconc_8_run_2.csv,5760.0,800.0,0,8.0,0.0,8.0,2,28.0,49615.1,580.753,19.3235,49615.1,0.0,0.999996,0.0520183
5760_dose_800_gradient_0_VconcST_0_Vconc_8_run_2.csv,5760.0,800.0,0,8.0,0.0,8.0,2,28.25,52107.7,569.244,20.2943,52107.7,0.0,0.999996,0.0498405
5760_dose_800_gradient_0_VconcST_0_Vconc_8_run_2.csv,5760.0,800.0,0,8.0,0.0,8.0,2,28.5,54537.6,557.962,21.2407,54537.6,0.0,0.999996,0.0475383
5760_dose_800_gradient_0_VconcST_0_Vconc_8_run_2.csv,5760.0,800.0,0,8.0,0.0,8.0,2,28.75,56906.3,546.904,22.1632,56906.3,0.0,0.999996,0.0453687
5760_dose_800_gradient_0_VconcST_0_Vconc_8_run_2.csv,5760.0,800.0,0,8.0,0.0,8.0,2,29.0,59214.9,536.065,23.0624,59214.9,0.0,0.999997,0.0437502
5760_dose_800_gradient_0_VconcST_0_Vconc_8_run_2.csv,5760.0,800.0,0,8.0,0.0,8.0,2,29.25,61464.8,525.441,23.9386,61464.8,0.0,0.999997,0.0415557
5760_dose_800_gradient_0_VconcST_0_Vconc_8_run_2.csv,5760.0,800.0,0,8.0,0.0,8.0,2,29.5,63657.1,515.027,24.7925,63657.1,0.0,0.999997,0.0399562
5760_dose_800_gradient_0_VconcST_0_Vconc_8_run_2.csv,5760.0,800.0,0,8.0,0.0,8.0,2,29.75,65793.0,504.82,25.6243,65793.0,0.0,0.999997,0.0392698
5760_dose_800_gradient_0_VconcST_0_Vconc_8_run_2.csv,5760.0,800.0,0,8.0,0.0,8.0,2,30.0,67873.7,494.815,26.4347,67873.7,0.0,0.999997,0.0384487
5760_dose_800_gradient_0_VconcST_0_Vconc_8_run_2.csv,5760.0,800.0,0,8.0,0.0,8.0,2,30.25,69900.4,485.009,27.224,69900.4,0.0,0.999997,0.036985
5760_dose_800_gradient_0_VconcST_0_Vconc_8_run_2.csv,5760.0,800.0,0,8.0,0.0,8.0,2,30.5,71874.0,475.396,27.9927,71874.0,0.0,0.999997,0.0362391
5760_dose_800_gradient_0_VconcST_0_Vconc_8_run_2.csv,5760.0,800.0,0,8.0,0.0,8.0,2,30.75,73795.9,465.974,28.7412,73795.9,0.0,0.999997,0.0354829
5760_dose_800_gradient_0_VconcST_0_Vconc_8_run_2.csv,5760.0,800.0,0,8.0,0.0,8.0,2,31.0,75667.0,456.739,29.4699,75667.0,0.0,0.999997,0.0346962
5760_dose_800_gradient_0_VconcST_0_Vconc_8_run_2.csv,5760.0,800.0,0,8.0,0.0,8.0,2,31.25,77488.3,447.687,30.1793,77488.3,0.0,0.999997,0.0331947
5760_dose_800_gradient_0_VconcST_0_Vconc_8_run_2.csv,5760.0,800.0,0,8.0,0.0,8.0,2,31.5,79260.9,438.815,30.8697,79260.9,0.0,0.999997,0.0324369
5760_dose_800_gradient_0_VconcST_0_Vconc_8_run_2.csv,5760.0,800.0,0,8.0,0.0,8.0,2,31.75,80985.9,430.118,31.5415,80985.9,0.0,0.999997,0.0324369
5760_dose_800_gradient_0_VconcST_0_Vconc_8_run_2.csv,5760.0,800.0,0,8.0,0.0,8.0,2,32.0,82664.2,421.593,32.1951,82664.2,0.0,0.999998,0.0316927
5760_dose_800_gradient_0_VconcST_0_Vconc_8_run_2.csv,5760.0,800.0,0,8.0,0.0,8.0,2,32.25,84296.8,413.238,32.831,84296.8,0.0,0.999998,0.0309347
5760_dose_800_gradient_0_VconcST_0_Vconc_8_run_2.csv,5760.0,800.0,0,8.0,0.0,8.0,2,32.5,85884.6,405.048,33.4494,85884.6,0.0,0.999998,0.0301558
5760_dose_800_gradient_0_VconcST_0_Vconc_8_run_2.csv,5760.0,800.0,0,8.0,0.0,8.0,2,32.75,87428.5,397.021,34.0507,87428.5,0.0,0.999998,0.0294227
5760_dose_800_gradient_0_VconcST_0_Vconc_8_run_2.csv,5760.0,800.0,0,8.0,0.0,8.0,2,33.0,88929.6,389.152,34.6353,88929.6,0.0,0.999998,0.0294403
5760_dose_800_gradient_0_VconcST_0_Vconc_8_run_2.csv,5760.0,800.0,0,8.0,0.0,8.0,2,33.25,90388.7,381.44,35.2036,90388.7,0.0,0.999998,0.0286822
5760_dose_800_gradient_0_VconcST_0_Vconc_8_run_2.csv,5760.0,800.0,0,8.0,0.0,8.0,2,33.5,91806.5,373.88,35.7558,91806.5,0.0,0.999998,0.0278941
5760_dose_800_gradient_0_VconcST_0_Vconc_8_run_2.csv,5760.0,800.0,0,8.0,0.0,8.0,2,33.75,93184.2,366.47,36.2923,93184.2,0.0,0.999998,0.0279138
5760_dose_800_gradient_0_VconcST_0_Vconc_8_run_2.csv,5760.0,800.0,0,8.0,0.0,8.0,2,34.0,94522.4,359.207,36.8135,94522.4,0.0,0.999998,0.0271795
5760_dose_800_gradient_0_VconcST_0_Vconc_8_run_2.csv,5760.0,800.0,0,8.0,0.0,8.0,2,34.25,95822.0,352.088,37.3197,95822.0,0.0,0.999998,0.0272301
5760_dose_800_gradient_0_VconcST_0_Vconc_8_run_2.csv,5760.0,800.0,0,8.0,0.0,8.0,2,34.5,97083.9,345.11,37.8112,97083.9,0.0,0.999998,0.0263865
5760_dose_800_gradient_0_VconcST_0_Vconc_8_run_2.csv,5760.0,800.0,0,8.0,0.0,8.0,2,34.75,98308.7,338.27,38.2882,98308.7,0.0,0.999998,0.0264375
5760_dose_800_gradient_0_VconcST_0_Vconc_8_run_2.csv,5760.0,800.0,0,8.0,0.0,8.0,2,35.0,99497.4,331.566,38.7511,99497.4,0.0,0.999998,0.0256478
5760_dose_800_gradient_0_VconcST_0_Vconc_8_run_2.csv,5760.0,800.0,0,8.0,0.0,8.0,2,35.25,100651.0,324.995,39.2003,100651.0,0.0,0.999998,0.0256586
5760_dose_800_gradient_0_VconcST_0_Vconc_8_run_2.csv,5760.0,800.0,0,8.0,0.0,8.0,2,35.5,101769.0,318.554,39.6359,101769.0,0.0,0.999998,0.0256839
5760_dose_800_gradient_0_VconcST_0_Vconc_8_run_2.csv,5760.0,800.0,0,8.0,0.0,8.0,2,35.75,102854.0,312.241,40.0583,102854.0,0.0,0.999998,0.0249548
5760_dose_800_gradient_0_VconcST_0_Vconc_8_run_2.csv,5760.0,800.0,0,8.0,0.0,8.0,2,36.0,103905.0,306.052,40.4677,103905.0,0.0,0.999998,0.0249119
5760_dose_800_gradient_0_VconcST_0_Vconc_8_run_2.csv,5760.0,800.0,0,8.0,0.0,8.0,2,36.25,104924.0,299.987,40.8645,104924.0,0.0,0.999998,0.0249137
5760_dose_800_gradient_0_VconcST_0_Vconc_8_run_2.csv,5760.0,800.0,0,8.0,0.0,8.0,2,36.5,105910.0,294.041,41.2488,105910.0,0.0,0.999998,0.0241392
5760_dose_800_gradient_0_VconcST_0_Vconc_8_run_2.csv,5760.0,800.0,0,8.0,0.0,8.0,2,36.75,106866.0,288.214,41.621,106866.0,0.0,0.999998,0.0241485
5760_dose_800_gradient_0_VconcST_0_Vconc_8_run_2.csv,5760.0,800.0,0,8.0,0.0,8.0,2,37.0,107791.0,282.502,41.9813,107791.0,0.0,0.999998,0.0241248
5760_dose_800_gradient_0_VconcST_0_Vconc_8_run_2.csv,5760.0,800.0,0,8.0,0.0,8.0,2,37.25,108687.0,276.903,42.33,108687.0,0.0,0.999998,0.0233823
5760_dose_800_gradient_0_VconcST_0_Vconc_8_run_2.csv,5760.0,800.0,0,8.0,0.0,8.0,2,37.5,109553.0,271.414,42.6673,109553.0,0.0,0.999998,0.0234234
5760_dose_800_gradient_0_VconcST_0_Vconc_8_run_2.csv,5760.0,800.0,0,8.0,0.0,8.0,2,37.75,110390.0,266.035,42.9935,110390.0,0.0,0.999998,0.0233922
5760_dose_800_gradient_0_VconcST_0_Vconc_8_run_2.csv,5760.0,800.0,0,8.0,0.0,8.0,2,38.0,111199.0,260.763,43.3087,111199.0,0.0,0.999998,0.0234061
5760_dose_800_gradient_0_VconcST_0_Vconc_8_run_2.csv,5760.0,800.0,0,8.0,0.0,8.0,2,38.25,111981.0,255.595,43.6133,111981.0,0.0,0.999998,0.0233708
5760_dose_800_gradient_0_VconcST_0_Vconc_8_run_2.csv,5760.0,800.0,0,8.0,0.0,8.0,2,38.5,112737.0,250.529,43.9074,112737.0,0.0,0.999998,0.0226171
5760_dose_800_gradient_0_VconcST_0_Vconc_8_run_2.csv,5760.0,800.0,0,8.0,0.0,8.0,2,38.75,113465.0,245.564,44.1913,113465.0,0.0,0.999998,0.0226926
5760_dose_800_gradient_0_VconcST_0_Vconc_8_run_2.csv,5760.0,800.0,0,8.0,0.0,8.0,2,39.0,114169.0,240.697,44.4652,114169.0,0.0,0.999998,0.022633
5760_dose_800_gradient_0_VconcST_0_Vconc_8_run_2.csv,5760.0,800.0,0,8.0,0.0,8.0,2,39.25,114847.0,235.927,44.7293,114847.0,0.0,0.999998,0.0226171
5760_dose_800_gradient_0_VconcST_0_Vconc_8_run_2.csv,5760.0,800.0,0,8.0,0.0,8.0,2,39.5,115500.0,231.251,44.9838,115500.0,0.0,0.999998,0.0226536
5760_dose_800_gradient_0_VconcST_0_Vconc_8_run_2.csv,5760.0,800.0,0,8.0,0.0,8.0,2,39.75,116130.0,226.668,45.229,116130.0,0.0,0.999998,0.0219022
5760_dose_800_gradient_0_VconcST_0_Vconc_8_run_2.csv,5760.0,800.0,0,8.0,0.0,8.0,2,40.0,116736.0,222.176,45.465,116736.0,0.0,0.999998,0.0219007
5760_dose_800_gradient_0_VconcST_0_Vconc_8_run_2.csv,5760.0,800.0,0,8.0,0.0,8.0,2,40.25,117319.0,217.772,45.692,117319.0,0.0,0.999998,0.0218785
5760_dose_800_gradient_0_VconcST_0_Vconc_8_run_2.csv,5760.0,800.0,0,8.0,0.0,8.0,2,40.5,117879.0,213.456,45.9102,117879.0,0.0,0.999998,0.0219245
5760_dose_800_gradient_0_VconcST_0_Vconc_8_run_2.csv,5760.0,800.0,0,8.0,0.0,8.0,2,40.75,118417.0,209.226,46.1199,118417.0,0.0,0.999998,0.0218892
5760_dose_800_gradient_0_VconcST_0_Vconc_8_run_2.csv,5760.0,800.0,0,8.0,0.0,8.0,2,41.0,118934.0,205.079,46.3211,118934.0,0.0,0.999998,0.0219007
5760_dose_800_gradient_0_VconcST_0_Vconc_8_run_2.csv,5760.0,800.0,0,8.0,0.0,8.0,2,41.25,119430.0,201.015,46.5142,119430.0,0.0,0.999998,0.0218631
5760_dose_800_gradient_0_VconcST_0_Vconc_8_run_2.csv,5760.0,800.0,0,8.0,0.0,8.0,2,41.5,119905.0,197.031,46.6992,119905.0,0.0,0.999998,0.0211091
5760_dose_800_gradient_0_VconcST_0_Vconc_3.2_run_0.csv,5760.0,800.0,0,3.2,0.0,3.2,0,0.0,0.0,0.0,0.0,0.0,0.0,0.0,0.0
5760_dose_800_gradient_0_VconcST_0_Vconc_3.2_run_0.csv,5760.0,800.0,0,3.2,0.0,3.2,0,0.25,0.0,0.0,0.0,0.0,0.0,0.0,10000.0
5760_dose_800_gradient_0_VconcST_0_Vconc_3.2_run_0.csv,5760.0,800.0,0,3.2,0.0,3.2,0,0.5,0.0,0.0,0.0,0.0,0.0,0.0,129.673
5760_dose_800_gradient_0_VconcST_0_Vconc_3.2_run_0.csv,5760.0,800.0,0,3.2,0.0,3.2,0,0.75,0.0,0.0,0.0,0.0,0.0,0.0,10000.0
5760_dose_800_gradient_0_VconcST_0_Vconc_3.2_run_0.csv,5760.0,800.0,0,3.2,0.0,3.2,0,1.0,0.0,0.0,0.0,0.0,0.0,0.0,136.003
5760_dose_800_gradient_0_VconcST_0_Vconc_3.2_run_0.csv,5760.0,800.0,0,3.2,0.0,3.2,0,1.25,0.0,0.0,0.0,0.0,0.0,0.0,10000.0
5760_dose_800_gradient_0_VconcST_0_Vconc_3.2_run_0.csv,5760.0,800.0,0,3.2,0.0,3.2,0,1.5,0.0,0.0,0.0,0.0,0.0,0.0,122.825
5760_dose_800_gradient_0_VconcST_0_Vconc_3.2_run_0.csv,5760.0,800.0,0,3.2,0.0,3.2,0,1.75,0.0,0.0,0.0,0.0,0.0,0.0,10000.0
5760_dose_800_gradient_0_VconcST_0_Vconc_3.2_run_0.csv,5760.0,800.0,0,3.2,0.0,3.2,0,2.0,0.0,0.0,0.0,0.0,0.0,0.0,120.766
5760_dose_800_gradient_0_VconcST_0_Vconc_3.2_run_0.csv,5760.0,800.0,0,3.2,0.0,3.2,0,2.25,0.0,0.0,0.0,0.0,0.0,0.0,10000.0
5760_dose_800_gradient_0_VconcST_0_Vconc_3.2_run_0.csv,5760.0,800.0,0,3.2,0.0,3.2,0,2.5,0.0,0.0,0.0,0.0,0.0,0.0,123.053
5760_dose_800_gradient_0_VconcST_0_Vconc_3.2_run_0.csv,5760.0,800.0,0,3.2,0.0,3.2,0,2.75,0.0,0.0,0.0,0.0,0.0,0.0,10000.0
5760_dose_800_gradient_0_VconcST_0_Vconc_3.2_run_0.csv,5760.0,800.0,0,3.2,0.0,3.2,0,3.0,0.0,0.0,0.0,0.0,0.0,0.0,118.75
5760_dose_800_gradient_0_VconcST_0_Vconc_3.2_run_0.csv,5760.0,800.0,0,3.2,0.0,3.2,0,3.25,0.0,0.0,0.0,0.0,0.0,0.0,10000.0
5760_dose_800_gradient_0_VconcST_0_Vconc_3.2_run_0.csv,5760.0,800.0,0,3.2,0.0,3.2,0,3.5,0.0,0.0,0.0,0.0,0.0,0.0,119.666
5760_dose_800_gradient_0_VconcST_0_Vconc_3.2_run_0.csv,5760.0,800.0,0,3.2,0.0,3.2,0,3.75,0.0,0.0,0.0,0.0,0.0,0.0,10000.0
5760_dose_800_gradient_0_VconcST_0_Vconc_3.2_run_0.csv,5760.0,800.0,0,3.2,0.0,3.2,0,4.0,0.0,0.0,0.0,0.0,0.0,0.0,1013.62
5760_dose_800_gradient_0_VconcST_0_Vconc_3.2_run_0.csv,5760.0,800.0,0,3.2,0.0,3.2,0,4.25,0.0,0.0,0.0,0.0,0.0,0.0,888.782
5760_dose_800_gradient_0_VconcST_0_Vconc_3.2_run_0.csv,5760.0,800.0,0,3.2,0.0,3.2,0,4.5,0.0,0.0,0.0,0.0,0.0,0.0,5337.72
5760_dose_800_gradient_0_VconcST_0_Vconc_3.2_run_0.csv,5760.0,800.0,0,3.2,0.0,3.2,0,4.75,0.0,0.0,0.0,0.0,0.0,0.0,387.189
5760_dose_800_gradient_0_VconcST_0_Vconc_3.2_run_0.csv,5760.0,800.0,0,3.2,0.0,3.2,0,5.0,0.0,0.0,0.0,0.0,0.0,0.0,6282.11
5760_dose_800_gradient_0_VconcST_0_Vconc_3.2_run_0.csv,5760.0,800.0,0,3.2,0.0,3.2,0,5.25,0.0,0.0,0.0,0.0,0.0,0.0,384.767
5760_dose_800_gradient_0_VconcST_0_Vconc_3.2_run_0.csv,5760.0,800.0,0,3.2,0.0,3.2,0,5.5,0.0,0.0,0.0,0.0,0.0,0.0,6980.94
5760_dose_800_gradient_0_VconcST_0_Vconc_3.2_run_0.csv,5760.0,800.0,0,3.2,0.0,3.2,0,5.75,0.0,0.0,0.0,0.0,0.0,0.0,383.531
5760_dose_800_gradient_0_VconcST_0_Vconc_3.2_run_0.csv,5760.0,800.0,0,3.2,0.0,3.2,0,6.0,0.0,0.0,0.0,0.0,0.0,0.0,7891.57
5760_dose_800_gradient_0_VconcST_0_Vconc_3.2_run_0.csv,5760.0,800.0,0,3.2,0.0,3.2,0,6.25,0.0,0.0,0.0,0.0,0.0,0.0,310.658
5760_dose_800_gradient_0_VconcST_0_Vconc_3.2_run_0.csv,5760.0,800.0,0,3.2,0.0,3.2,0,6.5,0.0,0.0,0.0,0.0,0.0,0.0,9413.57
5760_dose_800_gradient_0_VconcST_0_Vconc_3.2_run_0.csv,5760.0,800.0,0,3.2,0.0,3.2,0,6.75,0.0,0.0,0.0,0.0,0.0,0.0,228.67
5760_dose_800_gradient_0_VconcST_0_Vconc_3.2_run_0.csv,5760.0,800.0,0,3.2,0.0,3.2,0,7.0,0.0,0.0,0.0,0.0,0.0,0.0,10000.0
5760_dose_800_gradient_0_VconcST_0_Vconc_3.2_run_0.csv,5760.0,800.0,0,3.2,0.0,3.2,0,7.25,0.0,0.0,0.0,0.0,0.0,0.0,161.266
5760_dose_800_gradient_0_VconcST_0_Vconc_3.2_run_0.csv,5760.0,800.0,0,3.2,0.0,3.2,0,7.5,0.0,0.0,0.0,0.0,0.0,0.0,10000.0
5760_dose_800_gradient_0_VconcST_0_Vconc_3.2_run_0.csv,5760.0,800.0,0,3.2,0.0,3.2,0,7.75,0.0,0.0,0.0,0.0,0.0,0.0,147.47
5760_dose_800_gradient_0_VconcST_0_Vconc_3.2_run_0.csv,5760.0,800.0,0,3.2,0.0,3.2,0,8.0,0.0,0.0,0.0,0.0,0.00553819,0.0,10000.0
5760_dose_800_gradient_0_VconcST_0_Vconc_3.2_run_0.csv,5760.0,800.0,0,3.2,0.0,3.2,0,8.25,0.0,0.0,0.0,0.0,0.0,0.0,133.794
5760_dose_800_gradient_0_VconcST_0_Vconc_3.2_run_0.csv,5760.0,800.0,0,3.2,0.0,3.2,0,8.5,0.0,0.0,0.0,0.0,0.0,0.0,10000.0
5760_dose_800_gradient_0_VconcST_0_Vconc_3.2_run_0.csv,5760.0,800.0,0,3.2,0.0,3.2,0,8.75,0.0,0.0,0.0,0.0,0.0,0.0,128.46
5760_dose_800_gradient_0_VconcST_0_Vconc_3.2_run_0.csv,5760.0,800.0,0,3.2,0.0,3.2,0,9.0,0.0,0.0,0.0,0.0,0.0,0.0,10000.0
5760_dose_800_gradient_0_VconcST_0_Vconc_3.2_run_0.csv,5760.0,800.0,0,3.2,0.0,3.2,0,9.25,0.0,0.0,0.0,0.0,0.0,0.0,121.828
5760_dose_800_gradient_0_VconcST_0_Vconc_3.2_run_0.csv,5760.0,800.0,0,3.2,0.0,3.2,0,9.5,0.0,0.0,0.0,0.0,0.0,0.0,10000.0
5760_dose_800_gradient_0_VconcST_0_Vconc_3.2_run_0.csv,5760.0,800.0,0,3.2,0.0,3.2,0,9.75,0.0,0.0,0.0,0.0,0.0,0.0,123.752
5760_dose_800_gradient_0_VconcST_0_Vconc_3.2_run_0.csv,5760.0,800.0,0,3.2,0.0,3.2,0,10.0,0.0,0.0,0.0,0.0,0.0,0.0,10000.0
5760_dose_800_gradient_0_VconcST_0_Vconc_3.2_run_0.csv,5760.0,800.0,0,3.2,0.0,3.2,0,10.25,0.0,0.0,0.0,0.0,0.000959201,0.0,123.617
5760_dose_800_gradient_0_VconcST_0_Vconc_3.2_run_0.csv,5760.0,800.0,0,3.2,0.0,3.2,0,10.5,0.0,0.0,0.0,0.0,0.0,0.0,10000.0
5760_dose_800_gradient_0_VconcST_0_Vconc_3.2_run_0.csv,5760.0,800.0,0,3.2,0.0,3.2,0,10.75,0.0,0.0,0.0,0.0,0.00145833,0.0,120.465
5760_dose_800_gradient_0_VconcST_0_Vconc_3.2_run_0.csv,5760.0,800.0,0,3.2,0.0,3.2,0,11.0,0.0,0.0,0.0,0.0,0.0,0.0,10000.0
5760_dose_800_gradient_0_VconcST_0_Vconc_3.2_run_0.csv,5760.0,800.0,0,3.2,0.0,3.2,0,11.25,0.0,0.0,0.0,0.0,0.0,0.0,120.009
5760_dose_800_gradient_0_VconcST_0_Vconc_3.2_run_0.csv,5760.0,800.0,0,3.2,0.0,3.2,0,11.5,0.0,0.0,0.0,0.0,0.0,0.0,10000.0
5760_dose_800_gradient_0_VconcST_0_Vconc_3.2_run_0.csv,5760.0,800.0,0,3.2,0.0,3.2,0,11.75,0.0,0.0,0.0,0.0,0.0,0.0,119.302
5760_dose_800_gradient_0_VconcST_0_Vconc_3.2_run_0.csv,5760.0,800.0,0,3.2,0.0,3.2,0,12.0,0.0,0.0,0.0,0.0,0.0,0.0,5195.34
5760_dose_800_gradient_0_VconcST_0_Vconc_3.2_run_0.csv,5760.0,800.0,0,3.2,0.0,3.2,0,12.25,0.0,0.0,0.0,0.0,0.0,0.0,3719.91
5760_dose_800_gradient_0_VconcST_0_Vconc_3.2_run_0.csv,5760.0,800.0,0,3.2,0.0,3.2,0,12.5,0.0,0.0,0.0,0.0,0.0,0.0,393.418
5760_dose_800_gradient_0_VconcST_0_Vconc_3.2_run_0.csv,5760.0,800.0,0,3.2,0.0,3.2,0,12.75,0.0,0.0,0.0,0.0,0.0,0.0,5882.47
5760_dose_800_gradient_0_VconcST_0_Vconc_3.2_run_0.csv,5760.0,800.0,0,3.2,0.0,3.2,0,13.0,0.0,0.0,0.0,0.0,0.0,0.0,387.78
5760_dose_800_gradient_0_VconcST_0_Vconc_3.2_run_0.csv,5760.0,800.0,0,3.2,0.0,3.2,0,13.25,0.0,0.0,0.0,0.0,0.0,0.0,7078.65
5760_dose_800_gradient_0_VconcST_0_Vconc_3.2_run_0.csv,5760.0,800.0,0,3.2,0.0,3.2,0,13.5,0.0,0.0,0.0,0.0,0.0,0.0,381.538
5760_dose_800_gradient_0_VconcST_0_Vconc_3.2_run_0.csv,5760.0,800.0,0,3.2,0.0,3.2,0,13.75,0.0,0.0,0.0,0.0,0.0,0.0,7862.93
5760_dose_800_gradient_0_VconcST_0_Vconc_3.2_run_0.csv,5760.0,800.0,0,3.2,0.0,3.2,0,14.0,0.0,0.0,0.0,0.0,0.0,0.0,355.198
5760_dose_800_gradient_0_VconcST_0_Vconc_3.2_run_0.csv,5760.0,800.0,0,3.2,0.0,3.2,0,14.25,0.0,0.0,0.0,0.0,0.0,0.0,9465.94
5760_dose_800_gradient_0_VconcST_0_Vconc_3.2_run_0.csv,5760.0,800.0,0,3.2,0.0,3.2,0,14.5,0.0,0.0,0.0,0.0,0.0,0.0,249.357
5760_dose_800_gradient_0_VconcST_0_Vconc_3.2_run_0.csv,5760.0,800.0,0,3.2,0.0,3.2,0,14.75,0.0,0.0,0.0,0.0,0.0,0.0,10000.0
5760_dose_800_gradient_0_VconcST_0_Vconc_3.2_run_0.csv,5760.0,800.0,0,3.2,0.0,3.2,0,15.0,0.0,0.0,0.0,0.0,0.0,0.0,171.424
5760_dose_800_gradient_0_VconcST_0_Vconc_3.2_run_0.csv,5760.0,800.0,0,3.2,0.0,3.2,0,15.25,0.0,0.0,0.0,0.0,0.0,0.0,10000.0
5760_dose_800_gradient_0_VconcST_0_Vconc_3.2_run_0.csv,5760.0,800.0,0,3.2,0.0,3.2,0,15.5,0.0,0.0,0.0,0.0,0.0,0.0,163.417
5760_dose_800_gradient_0_VconcST_0_Vconc_3.2_run_0.csv,5760.0,800.0,0,3.2,0.0,3.2,0,15.75,0.0,0.0,0.0,0.0,0.0,0.0,10000.0
5760_dose_800_gradient_0_VconcST_0_Vconc_3.2_run_0.csv,5760.0,800.0,0,3.2,0.0,3.2,0,16.0,0.0,0.0,0.0,0.0,0.0,0.0,149.351
5760_dose_800_gradient_0_VconcST_0_Vconc_3.2_run_0.csv,5760.0,800.0,0,3.2,0.0,3.2,0,16.25,0.0,0.0,0.0,0.0,0.0,0.0,10000.0
5760_dose_800_gradient_0_VconcST_0_Vconc_3.2_run_0.csv,5760.0,800.0,0,3.2,0.0,3.2,0,16.5,0.0,0.0,0.0,0.0,0.0,0.0,131.063
5760_dose_800_gradient_0_VconcST_0_Vconc_3.2_run_0.csv,5760.0,800.0,0,3.2,0.0,3.2,0,16.75,0.0,0.0,0.0,0.0,0.0,0.0,10000.0
5760_dose_800_gradient_0_VconcST_0_Vconc_3.2_run_0.csv,5760.0,800.0,0,3.2,0.0,3.2,0,17.0,0.0,0.0,0.0,0.0,0.0,0.0,129.348
5760_dose_800_gradient_0_VconcST_0_Vconc_3.2_run_0.csv,5760.0,800.0,0,3.2,0.0,3.2,0,17.25,0.0,0.0,0.0,0.0,0.0,0.0,10000.0
5760_dose_800_gradient_0_VconcST_0_Vconc_3.2_run_0.csv,5760.0,800.0,0,3.2,0.0,3.2,0,17.5,0.0,0.0,0.0,0.0,0.0,0.0,126.073
5760_dose_800_gradient_0_VconcST_0_Vconc_3.2_run_0.csv,5760.0,800.0,0,3.2,0.0,3.2,0,17.75,0.0,0.0,0.0,0.0,0.0,0.0,10000.0
5760_dose_800_gradient_0_VconcST_0_Vconc_3.2_run_0.csv,5760.0,800.0,0,3.2,0.0,3.2,0,18.0,0.0,0.0,0.0,0.0,0.0,0.0,119.071
5760_dose_800_gradient_0_VconcST_0_Vconc_3.2_run_0.csv,5760.0,800.0,0,3.2,0.0,3.2,0,18.25,0.0,0.0,0.0,0.0,0.0,0.0,10000.0
5760_dose_800_gradient_0_VconcST_0_Vconc_3.2_run_0.csv,5760.0,800.0,0,3.2,0.0,3.2,0,18.5,0.0,0.0,0.0,0.0,0.000659722,0.0,118.619
5760_dose_800_gradient_0_VconcST_0_Vconc_3.2_run_0.csv,5760.0,800.0,0,3.2,0.0,3.2,0,18.75,0.0,0.0,0.0,0.0,0.0,0.0,10000.0
5760_dose_800_gradient_0_VconcST_0_Vconc_3.2_run_0.csv,5760.0,800.0,0,3.2,0.0,3.2,0,19.0,0.0,0.0,0.0,0.0,0.0,0.0,121.89
5760_dose_800_gradient_0_VconcST_0_Vconc_3.2_run_0.csv,5760.0,800.0,0,3.2,0.0,3.2,0,19.25,0.0,0.0,0.0,0.0,0.0,0.0,10000.0
5760_dose_800_gradient_0_VconcST_0_Vconc_3.2_run_0.csv,5760.0,800.0,0,3.2,0.0,3.2,0,19.5,0.0,0.0,0.0,0.0,0.0,0.0,119.704
5760_dose_800_gradient_0_VconcST_0_Vconc_3.2_run_0.csv,5760.0,800.0,0,3.2,0.0,3.2,0,19.75,0.0,0.0,0.0,0.0,0.0,0.0,7071.59
5760_dose_800_gradient_0_VconcST_0_Vconc_3.2_run_0.csv,5760.0,800.0,0,3.2,0.0,3.2,0,20.0,0.0,0.0,0.0,0.0,0.0,0.0,4843.58
5760_dose_800_gradient_0_VconcST_0_Vconc_3.2_run_0.csv,5760.0,800.0,0,3.2,0.0,3.2,0,20.25,0.0,0.0,0.0,0.0,0.0,0.0,392.545
5760_dose_800_gradient_0_VconcST_0_Vconc_3.2_run_0.csv,5760.0,800.0,0,3.2,0.0,3.2,0,20.5,0.0,0.0,0.0,0.0,0.0,0.0,5973.84
5760_dose_800_gradient_0_VconcST_0_Vconc_3.2_run_0.csv,5760.0,800.0,0,3.2,0.0,3.2,0,20.75,0.0,0.0,0.0,0.0,0.0,0.0,392.067
5760_dose_800_gradient_0_VconcST_0_Vconc_3.2_run_0.csv,5760.0,800.0,0,3.2,0.0,3.2,0,21.0,0.0,0.0,0.0,0.0,0.0,0.0,6736.62
5760_dose_800_gradient_0_VconcST_0_Vconc_3.2_run_0.csv,5760.0,800.0,0,3.2,0.0,3.2,0,21.25,0.0,0.0,0.0,0.0,0.0,0.0,381.751
5760_dose_800_gradient_0_VconcST_0_Vconc_3.2_run_0.csv,5760.0,800.0,0,3.2,0.0,3.2,0,21.5,0.0,0.0,0.0,0.0,0.0,0.0,7483.9
5760_dose_800_gradient_0_VconcST_0_Vconc_3.2_run_0.csv,5760.0,800.0,0,3.2,0.0,3.2,0,21.75,0.0,0.0,0.0,0.0,0.0,0.0,353.919
5760_dose_800_gradient_0_VconcST_0_Vconc_3.2_run_0.csv,5760.0,800.0,0,3.2,0.0,3.2,0,22.0,0.0,0.0,0.0,0.0,0.0,0.0,9293.5
5760_dose_800_gradient_0_VconcST_0_Vconc_3.2_run_0.csv,5760.0,800.0,0,3.2,0.0,3.2,0,22.25,0.0,0.0,0.0,0.0,0.0,0.0,249.179
5760_dose_800_gradient_0_VconcST_0_Vconc_3.2_run_0.csv,5760.0,800.0,0,3.2,0.0,3.2,0,22.5,0.0,0.0,0.0,0.0,0.0,0.0,10000.0
5760_dose_800_gradient_0_VconcST_0_Vconc_3.2_run_0.csv,5760.0,800.0,0,3.2,0.0,3.2,0,22.75,0.0,0.0,0.0,0.0,0.0,0.0,175.861
5760_dose_800_gradient_0_VconcST_0_Vconc_3.2_run_0.csv,5760.0,800.0,0,3.2,0.0,3.2,0,23.0,0.0,0.0,0.0,0.0,0.0,0.0,10000.0
5760_dose_800_gradient_0_VconcST_0_Vconc_3.2_run_0.csv,5760.0,800.0,0,3.2,0.0,3.2,0,23.25,0.0,0.0,0.0,0.0,0.0,0.0,167.395
5760_dose_800_gradient_0_VconcST_0_Vconc_3.2_run_0.csv,5760.0,800.0,0,3.2,0.0,3.2,0,23.5,0.0,0.0,0.0,0.0,0.0,0.0,10000.0
5760_dose_800_gradient_0_VconcST_0_Vconc_3.2_run_0.csv,5760.0,800.0,0,3.2,0.0,3.2,0,23.75,0.0,0.0,0.0,0.0,0.0,0.0,145.566
5760_dose_800_gradient_0_VconcST_0_Vconc_3.2_run_0.csv,5760.0,800.0,0,3.2,0.0,3.2,0,24.0,62.29,800.0,0.02426,62.29,0.0,0.0,10000.0
5760_dose_800_gradient_0_VconcST_0_Vconc_3.2_run_0.csv,5760.0,800.0,0,3.2,0.0,3.2,0,24.25,3754.75,784.145,1.46236,3754.75,0.0,0.999946,0.0111152
5760_dose_800_gradient_0_VconcST_0_Vconc_3.2_run_0.csv,5760.0,800.0,0,3.2,0.0,3.2,0,24.5,7360.03,768.604,2.8665,7360.03,0.0,0.999973,0.180462
5760_dose_800_gradient_0_VconcST_0_Vconc_3.2_run_0.csv,5760.0,800.0,0,3.2,0.0,3.2,0,24.75,10879.9,753.371,4.23739,10879.9,0.0,0.999982,0.11027
5760_dose_800_gradient_0_VconcST_0_Vconc_3.2_run_0.csv,5760.0,800.0,0,3.2,0.0,3.2,0,25.0,14316.1,738.44,5.57569,14316.1,0.0,0.999986,0.0800558
5760_dose_800_gradient_0_VconcST_0_Vconc_3.2_run_0.csv,5760.0,800.0,0,3.2,0.0,3.2,0,25.25,17670.4,723.805,6.88207,17670.4,0.0,0.999989,0.0630241
5760_dose_800_gradient_0_VconcST_0_Vconc_3.2_run_0.csv,5760.0,800.0,0,3.2,0.0,3.2,0,25.5,20944.4,709.46,8.15719,20944.4,0.0,0.99999,0.0522974
5760_dose_800_gradient_0_VconcST_0_Vconc_3.2_run_0.csv,5760.0,800.0,0,3.2,0.0,3.2,0,25.75,24139.7,695.4,9.40168,24139.7,0.0,0.999992,0.0446301
5760_dose_800_gradient_0_VconcST_0_Vconc_3.2_run_0.csv,5760.0,800.0,0,3.2,0.0,3.2,0,26.0,27258.1,681.618,10.6162,27258.1,0.0,0.999993,0.0392256
5760_dose_800_gradient_0_VconcST_0_Vconc_3.2_run_0.csv,5760.0,800.0,0,3.2,0.0,3.2,0,26.25,30301.0,668.109,11.8013,30301.0,0.0,0.999993,0.0349805
5760_dose_800_gradient_0_VconcST_0_Vconc_3.2_run_0.csv,5760.0,800.0,0,3.2,0.0,3.2,0,26.5,33270.0,654.868,12.9576,33270.0,0.0,0.999994,0.0316927
5760_dose_800_gradient_0_VconcST_0_Vconc_3.2_run_0.csv,5760.0,800.0,0,3.2,0.0,3.2,0,26.75,36166.6,641.889,14.0858,36166.6,0.0,0.999994,0.0289843
5760_dose_800_gradient_0_VconcST_0_Vconc_3.2_run_0.csv,5760.0,800.0,0,3.2,0.0,3.2,0,27.0,38992.4,629.168,15.1863,38992.4,0.0,0.999995,0.0269293
5760_dose_800_gradient_0_VconcST_0_Vconc_3.2_run_0.csv,5760.0,800.0,0,3.2,0.0,3.2,0,27.25,41748.7,616.698,16.2598,41748.7,0.0,0.999995,0.0250573
5760_dose_800_gradient_0_VconcST_0_Vconc_3.2_run_0.csv,5760.0,800.0,0,3.2,0.0,3.2,0,27.5,44437.0,604.476,17.3068,44437.0,0.0,0.999996,0.02322
5760_dose_800_gradient_0_VconcST_0_Vconc_3.2_run_0.csv,5760.0,800.0,0,3.2,0.0,3.2,0,27.75,47058.6,592.496,18.3279,47058.6,0.0,0.999996,0.0220138
5760_dose_800_gradient_0_VconcST_0_Vconc_3.2_run_0.csv,5760.0,800.0,0,3.2,0.0,3.2,0,28.0,49615.1,580.753,19.3235,49615.1,0.0,0.999996,0.0208412
5760_dose_800_gradient_0_VconcST_0_Vconc_3.2_run_0.csv,5760.0,800.0,0,3.2,0.0,3.2,0,28.25,52107.7,569.244,20.2943,52107.7,0.0,0.999996,0.0199427
5760_dose_800_gradient_0_VconcST_0_Vconc_3.2_run_0.csv,5760.0,800.0,0,3.2,0.0,3.2,0,28.5,54537.6,557.962,21.2407,54537.6,0.0,0.999996,0.0189983
5760_dose_800_gradient_0_VconcST_0_Vconc_3.2_run_0.csv,5760.0,800.0,0,3.2,0.0,3.2,0,28.75,56906.3,546.904,22.1632,56906.3,0.0,0.999996,0.0180937
5760_dose_800_gradient_0_VconcST_0_Vconc_3.2_run_0.csv,5760.0,800.0,0,3.2,0.0,3.2,0,29.0,59214.9,536.065,23.0624,59214.9,0.0,0.999997,0.0175304
5760_dose_800_gradient_0_VconcST_0_Vconc_3.2_run_0.csv,5760.0,800.0,0,3.2,0.0,3.2,0,29.25,61464.8,525.441,23.9386,61464.8,0.0,0.999997,0.0166371
5760_dose_800_gradient_0_VconcST_0_Vconc_3.2_run_0.csv,5760.0,800.0,0,3.2,0.0,3.2,0,29.5,63657.1,515.027,24.7925,63657.1,0.0,0.999997,0.0159973
5760_dose_800_gradient_0_VconcST_0_Vconc_3.2_run_0.csv,5760.0,800.0,0,3.2,0.0,3.2,0,29.75,65793.0,504.82,25.6243,65793.0,0.0,0.999997,0.0157125
5760_dose_800_gradient_0_VconcST_0_Vconc_3.2_run_0.csv,5760.0,800.0,0,3.2,0.0,3.2,0,30.0,67873.7,494.815,26.4347,67873.7,0.0,0.999997,0.0153795
5760_dose_800_gradient_0_VconcST_0_Vconc_3.2_run_0.csv,5760.0,800.0,0,3.2,0.0,3.2,0,30.25,69900.4,485.009,27.224,69900.4,0.0,0.999997,0.0147914
5760_dose_800_gradient_0_VconcST_0_Vconc_3.2_run_0.csv,5760.0,800.0,0,3.2,0.0,3.2,0,30.5,71874.0,475.396,27.9927,71874.0,0.0,0.999997,0.0144749
5760_dose_800_gradient_0_VconcST_0_Vconc_3.2_run_0.csv,5760.0,800.0,0,3.2,0.0,3.2,0,30.75,73795.9,465.974,28.7412,73795.9,0.0,0.999997,0.0141962
5760_dose_800_gradient_0_VconcST_0_Vconc_3.2_run_0.csv,5760.0,800.0,0,3.2,0.0,3.2,0,31.0,75667.0,456.739,29.4699,75667.0,0.0,0.999997,0.0138883
5760_dose_800_gradient_0_VconcST_0_Vconc_3.2_run_0.csv,5760.0,800.0,0,3.2,0.0,3.2,0,31.25,77488.3,447.687,30.1793,77488.3,0.0,0.999997,0.013291
5760_dose_800_gradient_0_VconcST_0_Vconc_3.2_run_0.csv,5760.0,800.0,0,3.2,0.0,3.2,0,31.5,79260.9,438.815,30.8697,79260.9,0.0,0.999997,0.0129672
5760_dose_800_gradient_0_VconcST_0_Vconc_3.2_run_0.csv,5760.0,800.0,0,3.2,0.0,3.2,0,31.75,80985.9,430.118,31.5415,80985.9,0.0,0.999997,0.0129745
5760_dose_800_gradient_0_VconcST_0_Vconc_3.2_run_0.csv,5760.0,800.0,0,3.2,0.0,3.2,0,32.0,82664.2,421.593,32.1951,82664.2,0.0,0.999998,0.0127056
5760_dose_800_gradient_0_VconcST_0_Vconc_3.2_run_0.csv,5760.0,800.0,0,3.2,0.0,3.2,0,32.25,84296.8,413.238,32.831,84296.8,0.0,0.999998,0.0123701
5760_dose_800_gradient_0_VconcST_0_Vconc_3.2_run_0.csv,5760.0,800.0,0,3.2,0.0,3.2,0,32.5,85884.6,405.048,33.4494,85884.6,0.0,0.999998,0.0120917
5760_dose_800_gradient_0_VconcST_0_Vconc_3.2_run_0.csv,5760.0,800.0,0,3.2,0.0,3.2,0,32.75,87428.5,397.021,34.0507,87428.5,0.0,0.999998,0.0117716
5760_dose_800_gradient_0_VconcST_0_Vconc_3.2_run_0.csv,5760.0,800.0,0,3.2,0.0,3.2,0,33.0,88929.6,389.152,34.6353,88929.6,0.0,0.999998,0.0117844
5760_dose_800_gradient_0_VconcST_0_Vconc_3.2_run_0.csv,5760.0,800.0,0,3.2,0.0,3.2,0,33.25,90388.7,381.44,35.2036,90388.7,0.0,0.999998,0.0114661
5760_dose_800_gradient_0_VconcST_0_Vconc_3.2_run_0.csv,5760.0,800.0,0,3.2,0.0,3.2,0,33.5,91806.5,373.88,35.7558,91806.5,0.0,0.999998,0.0111632
5760_dose_800_gradient_0_VconcST_0_Vconc_3.2_run_0.csv,5760.0,800.0,0,3.2,0.0,3.2,0,33.75,93184.2,366.47,36.2923,93184.2,0.0,0.999998,0.0111644
5760_dose_800_gradient_0_VconcST_0_Vconc_3.2_run_0.csv,5760.0,800.0,0,3.2,0.0,3.2,0,34.0,94522.4,359.207,36.8135,94522.4,0.0,0.999998,0.0108562
5760_dose_800_gradient_0_VconcST_0_Vconc_3.2_run_0.csv,5760.0,800.0,0,3.2,0.0,3.2,0,34.25,95822.0,352.088,37.3197,95822.0,0.0,0.999998,0.0108562
5760_dose_800_gradient_0_VconcST_0_Vconc_3.2_run_0.csv,5760.0,800.0,0,3.2,0.0,3.2,0,34.5,97083.9,345.11,37.8112,97083.9,0.0,0.999998,0.010561
5760_dose_800_gradient_0_VconcST_0_Vconc_3.2_run_0.csv,5760.0,800.0,0,3.2,0.0,3.2,0,34.75,98308.7,338.27,38.2882,98308.7,0.0,0.999998,0.0105773
5760_dose_800_gradient_0_VconcST_0_Vconc_3.2_run_0.csv,5760.0,800.0,0,3.2,0.0,3.2,0,35.0,99497.4,331.566,38.7511,99497.4,0.0,0.999998,0.0102761
5760_dose_800_gradient_0_VconcST_0_Vconc_3.2_run_0.csv,5760.0,800.0,0,3.2,0.0,3.2,0,35.25,100651.0,324.995,39.2003,100651.0,0.0,0.999998,0.0102718
5760_dose_800_gradient_0_VconcST_0_Vconc_3.2_run_0.csv,5760.0,800.0,0,3.2,0.0,3.2,0,35.5,101769.0,318.554,39.6359,101769.0,0.0,0.999998,0.010253
5760_dose_800_gradient_0_VconcST_0_Vconc_3.2_run_0.csv,5760.0,800.0,0,3.2,0.0,3.2,0,35.75,102854.0,312.241,40.0583,102854.0,0.0,0.999998,0.00995151
5760_dose_800_gradient_0_VconcST_0_Vconc_3.2_run_0.csv,5760.0,800.0,0,3.2,0.0,3.2,0,36.0,103905.0,306.052,40.4677,103905.0,0.0,0.999998,0.00995745
5760_dose_800_gradient_0_VconcST_0_Vconc_3.2_run_0.csv,5760.0,800.0,0,3.2,0.0,3.2,0,36.25,104924.0,299.987,40.8645,104924.0,0.0,0.999998,0.00996374
5760_dose_800_gradient_0_VconcST_0_Vconc_3.2_run_0.csv,5760.0,800.0,0,3.2,0.0,3.2,0,36.5,105910.0,294.041,41.2488,105910.0,0.0,0.999998,0.00965668
5760_dose_800_gradient_0_VconcST_0_Vconc_3.2_run_0.csv,5760.0,800.0,0,3.2,0.0,3.2,0,36.75,106866.0,288.214,41.621,106866.0,0.0,0.999998,0.00965465
5760_dose_800_gradient_0_VconcST_0_Vconc_3.2_run_0.csv,5760.0,800.0,0,3.2,0.0,3.2,0,37.0,107791.0,282.502,41.9813,107791.0,0.0,0.999998,0.0096499
5760_dose_800_gradient_0_VconcST_0_Vconc_3.2_run_0.csv,5760.0,800.0,0,3.2,0.0,3.2,0,37.25,108687.0,276.903,42.33,108687.0,0.0,0.999998,0.00936285
5760_dose_800_gradient_0_VconcST_0_Vconc_3.2_run_0.csv,5760.0,800.0,0,3.2,0.0,3.2,0,37.5,109553.0,271.414,42.6673,109553.0,0.0,0.999998,0.0093484
5760_dose_800_gradient_0_VconcST_0_Vconc_3.2_run_0.csv,5760.0,800.0,0,3.2,0.0,3.2,0,37.75,110390.0,266.035,42.9935,110390.0,0.0,0.999998,0.00936154
5760_dose_800_gradient_0_VconcST_0_Vconc_3.2_run_0.csv,5760.0,800.0,0,3.2,0.0,3.2,0,38.0,111199.0,260.763,43.3087,111199.0,0.0,0.999998,0.00935957
5760_dose_800_gradient_0_VconcST_0_Vconc_3.2_run_0.csv,5760.0,800.0,0,3.2,0.0,3.2,0,38.25,111981.0,255.595,43.6133,111981.0,0.0,0.999998,0.009353
5760_dose_800_gradient_0_VconcST_0_Vconc_3.2_run_0.csv,5760.0,800.0,0,3.2,0.0,3.2,0,38.5,112737.0,250.529,43.9074,112737.0,0.0,0.999998,0.00906308
5760_dose_800_gradient_0_VconcST_0_Vconc_3.2_run_0.csv,5760.0,800.0,0,3.2,0.0,3.2,0,38.75,113465.0,245.564,44.1913,113465.0,0.0,0.999998,0.00905322
5760_dose_800_gradient_0_VconcST_0_Vconc_3.2_run_0.csv,5760.0,800.0,0,3.2,0.0,3.2,0,39.0,114169.0,240.697,44.4652,114169.0,0.0,0.999998,0.00908215
5760_dose_800_gradient_0_VconcST_0_Vconc_3.2_run_0.csv,5760.0,800.0,0,3.2,0.0,3.2,0,39.25,114847.0,235.927,44.7293,114847.0,0.0,0.999998,0.00904686
5760_dose_800_gradient_0_VconcST_0_Vconc_3.2_run_0.csv,5760.0,800.0,0,3.2,0.0,3.2,0,39.5,115500.0,231.251,44.9838,115500.0,0.0,0.999998,0.009051
5760_dose_800_gradient_0_VconcST_0_Vconc_3.2_run_0.csv,5760.0,800.0,0,3.2,0.0,3.2,0,39.75,116130.0,226.668,45.229,116130.0,0.0,0.999998,0.0087453
5760_dose_800_gradient_0_VconcST_0_Vconc_3.2_run_0.csv,5760.0,800.0,0,3.2,0.0,3.2,0,40.0,116736.0,222.176,45.465,116736.0,0.0,0.999998,0.00875145
5760_dose_800_gradient_0_VconcST_0_Vconc_3.2_run_0.csv,5760.0,800.0,0,3.2,0.0,3.2,0,40.25,117319.0,217.772,45.692,117319.0,0.0,0.999998,0.00874961
5760_dose_800_gradient_0_VconcST_0_Vconc_3.2_run_0.csv,5760.0,800.0,0,3.2,0.0,3.2,0,40.5,117879.0,213.456,45.9102,117879.0,0.0,0.999998,0.00875944
5760_dose_800_gradient_0_VconcST_0_Vconc_3.2_run_0.csv,5760.0,800.0,0,3.2,0.0,3.2,0,40.75,118417.0,209.226,46.1199,118417.0,0.0,0.999998,0.00875883
5760_dose_800_gradient_0_VconcST_0_Vconc_3.2_run_0.csv,5760.0,800.0,0,3.2,0.0,3.2,0,41.0,118934.0,205.079,46.3211,118934.0,0.0,0.999998,0.0087533
5760_dose_800_gradient_0_VconcST_0_Vconc_3.2_run_0.csv,5760.0,800.0,0,3.2,0.0,3.2,0,41.25,119430.0,201.015,46.5142,119430.0,0.0,0.999998,0.0087576
5760_dose_800_gradient_0_VconcST_0_Vconc_3.2_run_0.csv,5760.0,800.0,0,3.2,0.0,3.2,0,41.5,119905.0,197.031,46.6992,119905.0,0.0,0.999998,0.00846066
5760_dose_800_gradient_0_VconcST_0_Vconc_6.4_run_2.csv,5760.0,800.0,0,6.4,0.0,6.4,2,0.0,0.0,0.0,0.0,0.0,0.0,0.0,0.0
5760_dose_800_gradient_0_VconcST_0_Vconc_6.4_run_2.csv,5760.0,800.0,0,6.4,0.0,6.4,2,0.25,0.0,0.0,0.0,0.0,0.0,0.0,10000.0
5760_dose_800_gradient_0_VconcST_0_Vconc_6.4_run_2.csv,5760.0,800.0,0,6.4,0.0,6.4,2,0.5,0.0,0.0,0.0,0.0,0.0,0.0,358.768
5760_dose_800_gradient_0_VconcST_0_Vconc_6.4_run_2.csv,5760.0,800.0,0,6.4,0.0,6.4,2,0.75,0.0,0.0,0.0,0.0,0.0,0.0,10000.0
5760_dose_800_gradient_0_VconcST_0_Vconc_6.4_run_2.csv,5760.0,800.0,0,6.4,0.0,6.4,2,1.0,0.0,0.0,0.0,0.0,0.0,0.0,306.928
5760_dose_800_gradient_0_VconcST_0_Vconc_6.4_run_2.csv,5760.0,800.0,0,6.4,0.0,6.4,2,1.25,0.0,0.0,0.0,0.0,0.0,0.0,10000.0
5760_dose_800_gradient_0_VconcST_0_Vconc_6.4_run_2.csv,5760.0,800.0,0,6.4,0.0,6.4,2,1.5,0.0,0.0,0.0,0.0,0.0,0.0,288.158
5760_dose_800_gradient_0_VconcST_0_Vconc_6.4_run_2.csv,5760.0,800.0,0,6.4,0.0,6.4,2,1.75,0.0,0.0,0.0,0.0,0.0,0.0,10000.0
5760_dose_800_gradient_0_VconcST_0_Vconc_6.4_run_2.csv,5760.0,800.0,0,6.4,0.0,6.4,2,2.0,0.0,0.0,0.0,0.0,0.0,0.0,269.588
5760_dose_800_gradient_0_VconcST_0_Vconc_6.4_run_2.csv,5760.0,800.0,0,6.4,0.0,6.4,2,2.25,0.0,0.0,0.0,0.0,0.0,0.0,10000.0
5760_dose_800_gradient_0_VconcST_0_Vconc_6.4_run_2.csv,5760.0,800.0,0,6.4,0.0,6.4,2,2.5,0.0,0.0,0.0,0.0,0.0,0.0,263.123
5760_dose_800_gradient_0_VconcST_0_Vconc_6.4_run_2.csv,5760.0,800.0,0,6.4,0.0,6.4,2,2.75,0.0,0.0,0.0,0.0,0.0,0.0,10000.0
5760_dose_800_gradient_0_VconcST_0_Vconc_6.4_run_2.csv,5760.0,800.0,0,6.4,0.0,6.4,2,3.0,0.0,0.0,0.0,0.0,0.0,0.0,262.628
5760_dose_800_gradient_0_VconcST_0_Vconc_6.4_run_2.csv,5760.0,800.0,0,6.4,0.0,6.4,2,3.25,0.0,0.0,0.0,0.0,0.0,0.0,10000.0
5760_dose_800_gradient_0_VconcST_0_Vconc_6.4_run_2.csv,5760.0,800.0,0,6.4,0.0,6.4,2,3.5,0.0,0.0,0.0,0.0,0.0,0.0,266.398
5760_dose_800_gradient_0_VconcST_0_Vconc_6.4_run_2.csv,5760.0,800.0,0,6.4,0.0,6.4,2,3.75,0.0,0.0,0.0,0.0,0.0,0.0,10000.0
5760_dose_800_gradient_0_VconcST_0_Vconc_6.4_run_2.csv,5760.0,800.0,0,6.4,0.0,6.4,2,4.0,0.0,0.0,0.0,0.0,0.0,0.0,252.973
5760_dose_800_gradient_0_VconcST_0_Vconc_6.4_run_2.csv,5760.0,800.0,0,6.4,0.0,6.4,2,4.25,0.0,0.0,0.0,0.0,0.0,0.0,772.477
5760_dose_800_gradient_0_VconcST_0_Vconc_6.4_run_2.csv,5760.0,800.0,0,6.4,0.0,6.4,2,4.5,0.0,0.0,0.0,0.0,0.0,0.0,9559.83
5760_dose_800_gradient_0_VconcST_0_Vconc_6.4_run_2.csv,5760.0,800.0,0,6.4,0.0,6.4,2,4.75,0.0,0.0,0.0,0.0,0.0,0.0,769.936
5760_dose_800_gradient_0_VconcST_0_Vconc_6.4_run_2.csv,5760.0,800.0,0,6.4,0.0,6.4,2,5.0,0.0,0.0,0.0,0.0,0.0,0.0,10000.0
5760_dose_800_gradient_0_VconcST_0_Vconc_6.4_run_2.csv,5760.0,800.0,0,6.4,0.0,6.4,2,5.25,0.0,0.0,0.0,0.0,0.0,0.0,779.877
5760_dose_800_gradient_0_VconcST_0_Vconc_6.4_run_2.csv,5760.0,800.0,0,6.4,0.0,6.4,2,5.5,0.0,0.0,0.0,0.0,0.0,0.0,10000.0
5760_dose_800_gradient_0_VconcST_0_Vconc_6.4_run_2.csv,5760.0,800.0,0,6.4,0.0,6.4,2,5.75,0.0,0.0,0.0,0.0,0.0,0.0,767.672
5760_dose_800_gradient_0_VconcST_0_Vconc_6.4_run_2.csv,5760.0,800.0,0,6.4,0.0,6.4,2,6.0,0.0,0.0,0.0,0.0,0.0,0.0,10000.0
5760_dose_800_gradient_0_VconcST_0_Vconc_6.4_run_2.csv,5760.0,800.0,0,6.4,0.0,6.4,2,6.25,0.0,0.0,0.0,0.0,0.0,0.0,661.476
5760_dose_800_gradient_0_VconcST_0_Vconc_6.4_run_2.csv,5760.0,800.0,0,6.4,0.0,6.4,2,6.5,0.0,0.0,0.0,0.0,0.0,0.0,10000.0
5760_dose_800_gradient_0_VconcST_0_Vconc_6.4_run_2.csv,5760.0,800.0,0,6.4,0.0,6.4,2,6.75,0.0,0.0,0.0,0.0,0.0,0.0,502.614
5760_dose_800_gradient_0_VconcST_0_Vconc_6.4_run_2.csv,5760.0,800.0,0,6.4,0.0,6.4,2,7.0,0.0,0.0,0.0,0.0,0.0,0.0,10000.0
5760_dose_800_gradient_0_VconcST_0_Vconc_6.4_run_2.csv,5760.0,800.0,0,6.4,0.0,6.4,2,7.25,0.0,0.0,0.0,0.0,0.0,0.0,391.134
5760_dose_800_gradient_0_VconcST_0_Vconc_6.4_run_2.csv,5760.0,800.0,0,6.4,0.0,6.4,2,7.5,0.0,0.0,0.0,0.0,0.0,0.0,10000.0
5760_dose_800_gradient_0_VconcST_0_Vconc_6.4_run_2.csv,5760.0,800.0,0,6.4,0.0,6.4,2,7.75,0.0,0.0,0.0,0.0,0.0,0.0,374.101
5760_dose_800_gradient_0_VconcST_0_Vconc_6.4_run_2.csv,5760.0,800.0,0,6.4,0.0,6.4,2,8.0,0.0,0.0,0.0,0.0,0.000592448,0.0,10000.0
5760_dose_800_gradient_0_VconcST_0_Vconc_6.4_run_2.csv,5760.0,800.0,0,6.4,0.0,6.4,2,8.25,0.0,0.0,0.0,0.0,0.0,0.0,354.844
5760_dose_800_gradient_0_VconcST_0_Vconc_6.4_run_2.csv,5760.0,800.0,0,6.4,0.0,6.4,2,8.5,0.0,0.0,0.0,0.0,0.0,0.0,10000.0
5760_dose_800_gradient_0_VconcST_0_Vconc_6.4_run_2.csv,5760.0,800.0,0,6.4,0.0,6.4,2,8.75,0.0,0.0,0.0,0.0,0.0,0.0,307.685
5760_dose_800_gradient_0_VconcST_0_Vconc_6.4_run_2.csv,5760.0,800.0,0,6.4,0.0,6.4,2,9.0,0.0,0.0,0.0,0.0,0.0,0.0,10000.0
5760_dose_800_gradient_0_VconcST_0_Vconc_6.4_run_2.csv,5760.0,800.0,0,6.4,0.0,6.4,2,9.25,0.0,0.0,0.0,0.0,0.0,0.0,295.743
5760_dose_800_gradient_0_VconcST_0_Vconc_6.4_run_2.csv,5760.0,800.0,0,6.4,0.0,6.4,2,9.5,0.0,0.0,0.0,0.0,0.0,0.0,10000.0
5760_dose_800_gradient_0_VconcST_0_Vconc_6.4_run_2.csv,5760.0,800.0,0,6.4,0.0,6.4,2,9.75,0.0,0.0,0.0,0.0,0.000451389,0.0,265.44
5760_dose_800_gradient_0_VconcST_0_Vconc_6.4_run_2.csv,5760.0,800.0,0,6.4,0.0,6.4,2,10.0,0.0,0.0,0.0,0.0,0.0,0.0,10000.0
5760_dose_800_gradient_0_VconcST_0_Vconc_6.4_run_2.csv,5760.0,800.0,0,6.4,0.0,6.4,2,10.25,0.0,0.0,0.0,0.0,0.0,0.0,260.589
5760_dose_800_gradient_0_VconcST_0_Vconc_6.4_run_2.csv,5760.0,800.0,0,6.4,0.0,6.4,2,10.5,0.0,0.0,0.0,0.0,0.0,0.0,10000.0
5760_dose_800_gradient_0_VconcST_0_Vconc_6.4_run_2.csv,5760.0,800.0,0,6.4,0.0,6.4,2,10.75,0.0,0.0,0.0,0.0,0.0,0.0,248.4
5760_dose_800_gradient_0_VconcST_0_Vconc_6.4_run_2.csv,5760.0,800.0,0,6.4,0.0,6.4,2,11.0,0.0,0.0,0.0,0.0,0.0,0.0,10000.0
5760_dose_800_gradient_0_VconcST_0_Vconc_6.4_run_2.csv,5760.0,800.0,0,6.4,0.0,6.4,2,11.25,0.0,0.0,0.0,0.0,0.0,0.0,258.712
5760_dose_800_gradient_0_VconcST_0_Vconc_6.4_run_2.csv,5760.0,800.0,0,6.4,0.0,6.4,2,11.5,0.0,0.0,0.0,0.0,0.0,0.0,10000.0
5760_dose_800_gradient_0_VconcST_0_Vconc_6.4_run_2.csv,5760.0,800.0,0,6.4,0.0,6.4,2,11.75,0.0,0.0,0.0,0.0,0.0,0.0,257.87
5760_dose_800_gradient_0_VconcST_0_Vconc_6.4_run_2.csv,5760.0,800.0,0,6.4,0.0,6.4,2,12.0,0.0,0.0,0.0,0.0,0.0,0.0,4937.31
5760_dose_800_gradient_0_VconcST_0_Vconc_6.4_run_2.csv,5760.0,800.0,0,6.4,0.0,6.4,2,12.25,0.0,0.0,0.0,0.0,0.0,0.0,8895.71
5760_dose_800_gradient_0_VconcST_0_Vconc_6.4_run_2.csv,5760.0,800.0,0,6.4,0.0,6.4,2,12.5,0.0,0.0,0.0,0.0,0.0,0.0,773.829
5760_dose_800_gradient_0_VconcST_0_Vconc_6.4_run_2.csv,5760.0,800.0,0,6.4,0.0,6.4,2,12.75,0.0,0.0,0.0,0.0,0.0,0.0,10000.0
5760_dose_800_gradient_0_VconcST_0_Vconc_6.4_run_2.csv,5760.0,800.0,0,6.4,0.0,6.4,2,13.0,0.0,0.0,0.0,0.0,0.0,0.0,763.988
5760_dose_800_gradient_0_VconcST_0_Vconc_6.4_run_2.csv,5760.0,800.0,0,6.4,0.0,6.4,2,13.25,0.0,0.0,0.0,0.0,0.0,0.0,10000.0
5760_dose_800_gradient_0_VconcST_0_Vconc_6.4_run_2.csv,5760.0,800.0,0,6.4,0.0,6.4,2,13.5,0.0,0.0,0.0,0.0,0.0,0.0,772.037
5760_dose_800_gradient_0_VconcST_0_Vconc_6.4_run_2.csv,5760.0,800.0,0,6.4,0.0,6.4,2,13.75,0.0,0.0,0.0,0.0,0.0,0.0,10000.0
5760_dose_800_gradient_0_VconcST_0_Vconc_6.4_run_2.csv,5760.0,800.0,0,6.4,0.0,6.4,2,14.0,0.0,0.0,0.0,0.0,0.0,0.0,670.73
5760_dose_800_gradient_0_VconcST_0_Vconc_6.4_run_2.csv,5760.0,800.0,0,6.4,0.0,6.4,2,14.25,0.0,0.0,0.0,0.0,0.0,0.0,10000.0
5760_dose_800_gradient_0_VconcST_0_Vconc_6.4_run_2.csv,5760.0,800.0,0,6.4,0.0,6.4,2,14.5,0.0,0.0,0.0,0.0,0.0,0.0,484.23
5760_dose_800_gradient_0_VconcST_0_Vconc_6.4_run_2.csv,5760.0,800.0,0,6.4,0.0,6.4,2,14.75,0.0,0.0,0.0,0.0,0.0,0.0,10000.0
5760_dose_800_gradient_0_VconcST_0_Vconc_6.4_run_2.csv,5760.0,800.0,0,6.4,0.0,6.4,2,15.0,0.0,0.0,0.0,0.0,0.0,0.0,465.057
5760_dose_800_gradient_0_VconcST_0_Vconc_6.4_run_2.csv,5760.0,800.0,0,6.4,0.0,6.4,2,15.25,0.0,0.0,0.0,0.0,0.0,0.0,10000.0
5760_dose_800_gradient_0_VconcST_0_Vconc_6.4_run_2.csv,5760.0,800.0,0,6.4,0.0,6.4,2,15.5,0.0,0.0,0.0,0.0,0.0,0.0,361.417
5760_dose_800_gradient_0_VconcST_0_Vconc_6.4_run_2.csv,5760.0,800.0,0,6.4,0.0,6.4,2,15.75,0.0,0.0,0.0,0.0,0.00211589,0.0,10000.0
5760_dose_800_gradient_0_VconcST_0_Vconc_6.4_run_2.csv,5760.0,800.0,0,6.4,0.0,6.4,2,16.0,0.0,0.0,0.0,0.0,0.0,0.0,330.233
5760_dose_800_gradient_0_VconcST_0_Vconc_6.4_run_2.csv,5760.0,800.0,0,6.4,0.0,6.4,2,16.25,0.0,0.0,0.0,0.0,0.0,0.0,10000.0
5760_dose_800_gradient_0_VconcST_0_Vconc_6.4_run_2.csv,5760.0,800.0,0,6.4,0.0,6.4,2,16.5,0.0,0.0,0.0,0.0,0.0,0.0,315.016
5760_dose_800_gradient_0_VconcST_0_Vconc_6.4_run_2.csv,5760.0,800.0,0,6.4,0.0,6.4,2,16.75,0.0,0.0,0.0,0.0,0.0,0.0,10000.0
5760_dose_800_gradient_0_VconcST_0_Vconc_6.4_run_2.csv,5760.0,800.0,0,6.4,0.0,6.4,2,17.0,0.0,0.0,0.0,0.0,0.0,0.0,281.059
5760_dose_800_gradient_0_VconcST_0_Vconc_6.4_run_2.csv,5760.0,800.0,0,6.4,0.0,6.4,2,17.25,0.0,0.0,0.0,0.0,0.0,0.0,10000.0
5760_dose_800_gradient_0_VconcST_0_Vconc_6.4_run_2.csv,5760.0,800.0,0,6.4,0.0,6.4,2,17.5,0.0,0.0,0.0,0.0,0.0,0.0,259.623
5760_dose_800_gradient_0_VconcST_0_Vconc_6.4_run_2.csv,5760.0,800.0,0,6.4,0.0,6.4,2,17.75,0.0,0.0,0.0,0.0,0.0,0.0,10000.0
5760_dose_800_gradient_0_VconcST_0_Vconc_6.4_run_2.csv,5760.0,800.0,0,6.4,0.0,6.4,2,18.0,0.0,0.0,0.0,0.0,0.0,0.0,257.291
5760_dose_800_gradient_0_VconcST_0_Vconc_6.4_run_2.csv,5760.0,800.0,0,6.4,0.0,6.4,2,18.25,0.0,0.0,0.0,0.0,0.0,0.0,10000.0
5760_dose_800_gradient_0_VconcST_0_Vconc_6.4_run_2.csv,5760.0,800.0,0,6.4,0.0,6.4,2,18.5,0.0,0.0,0.0,0.0,0.0,0.0,255.638
5760_dose_800_gradient_0_VconcST_0_Vconc_6.4_run_2.csv,5760.0,800.0,0,6.4,0.0,6.4,2,18.75,0.0,0.0,0.0,0.0,0.0,0.0,10000.0
5760_dose_800_gradient_0_VconcST_0_Vconc_6.4_run_2.csv,5760.0,800.0,0,6.4,0.0,6.4,2,19.0,0.0,0.0,0.0,0.0,0.0,0.0,261.331
5760_dose_800_gradient_0_VconcST_0_Vconc_6.4_run_2.csv,5760.0,800.0,0,6.4,0.0,6.4,2,19.25,0.0,0.0,0.0,0.0,0.0,0.0,10000.0
5760_dose_800_gradient_0_VconcST_0_Vconc_6.4_run_2.csv,5760.0,800.0,0,6.4,0.0,6.4,2,19.5,0.0,0.0,0.0,0.0,0.0,0.0,254.61
5760_dose_800_gradient_0_VconcST_0_Vconc_6.4_run_2.csv,5760.0,800.0,0,6.4,0.0,6.4,2,19.75,0.0,0.0,0.0,0.0,0.0,0.0,5388.53
5760_dose_800_gradient_0_VconcST_0_Vconc_6.4_run_2.csv,5760.0,800.0,0,6.4,0.0,6.4,2,20.0,0.0,0.0,0.0,0.0,0.0,0.0,6183.99
5760_dose_800_gradient_0_VconcST_0_Vconc_6.4_run_2.csv,5760.0,800.0,0,6.4,0.0,6.4,2,20.25,0.0,0.0,0.0,0.0,0.0,0.0,776.957
5760_dose_800_gradient_0_VconcST_0_Vconc_6.4_run_2.csv,5760.0,800.0,0,6.4,0.0,6.4,2,20.5,0.0,0.0,0.0,0.0,0.0,0.0,9962.07
5760_dose_800_gradient_0_VconcST_0_Vconc_6.4_run_2.csv,5760.0,800.0,0,6.4,0.0,6.4,2,20.75,0.0,0.0,0.0,0.0,0.0,0.0,769.82
5760_dose_800_gradient_0_VconcST_0_Vconc_6.4_run_2.csv,5760.0,800.0,0,6.4,0.0,6.4,2,21.0,0.0,0.0,0.0,0.0,0.0,0.0,10000.0
5760_dose_800_gradient_0_VconcST_0_Vconc_6.4_run_2.csv,5760.0,800.0,0,6.4,0.0,6.4,2,21.25,0.0,0.0,0.0,0.0,0.0,0.0,769.31
5760_dose_800_gradient_0_VconcST_0_Vconc_6.4_run_2.csv,5760.0,800.0,0,6.4,0.0,6.4,2,21.5,0.0,0.0,0.0,0.0,0.0,0.0,10000.0
5760_dose_800_gradient_0_VconcST_0_Vconc_6.4_run_2.csv,5760.0,800.0,0,6.4,0.0,6.4,2,21.75,0.0,0.0,0.0,0.0,0.0,0.0,683.406
5760_dose_800_gradient_0_VconcST_0_Vconc_6.4_run_2.csv,5760.0,800.0,0,6.4,0.0,6.4,2,22.0,0.0,0.0,0.0,0.0,0.0,0.0,10000.0
5760_dose_800_gradient_0_VconcST_0_Vconc_6.4_run_2.csv,5760.0,800.0,0,6.4,0.0,6.4,2,22.25,0.0,0.0,0.0,0.0,0.0,0.0,571.764
5760_dose_800_gradient_0_VconcST_0_Vconc_6.4_run_2.csv,5760.0,800.0,0,6.4,0.0,6.4,2,22.5,0.0,0.0,0.0,0.0,0.0,0.0,10000.0
5760_dose_800_gradient_0_VconcST_0_Vconc_6.4_run_2.csv,5760.0,800.0,0,6.4,0.0,6.4,2,22.75,0.0,0.0,0.0,0.0,0.0,0.0,453.926
5760_dose_800_gradient_0_VconcST_0_Vconc_6.4_run_2.csv,5760.0,800.0,0,6.4,0.0,6.4,2,23.0,0.0,0.0,0.0,0.0,0.0,0.0,10000.0
5760_dose_800_gradient_0_VconcST_0_Vconc_6.4_run_2.csv,5760.0,800.0,0,6.4,0.0,6.4,2,23.25,0.0,0.0,0.0,0.0,0.0,0.0,395.382
5760_dose_800_gradient_0_VconcST_0_Vconc_6.4_run_2.csv,5760.0,800.0,0,6.4,0.0,6.4,2,23.5,0.0,0.0,0.0,0.0,0.00494792,0.0,10000.0
5760_dose_800_gradient_0_VconcST_0_Vconc_6.4_run_2.csv,5760.0,800.0,0,6.4,0.0,6.4,2,23.75,0.0,0.0,0.0,0.0,0.0,0.0,339.063
5760_dose_800_gradient_0_VconcST_0_Vconc_6.4_run_2.csv,5760.0,800.0,0,6.4,0.0,6.4,2,24.0,62.29,800.0,0.02426,62.29,0.0,0.0,10000.0
5760_dose_800_gradient_0_VconcST_0_Vconc_6.4_run_2.csv,5760.0,800.0,0,6.4,0.0,6.4,2,24.25,3754.75,784.145,1.46236,3754.75,0.0,0.999946,0.0221969
5760_dose_800_gradient_0_VconcST_0_Vconc_6.4_run_2.csv,5760.0,800.0,0,6.4,0.0,6.4,2,24.5,7360.03,768.604,2.8665,7360.03,0.0,0.999973,0.360618
5760_dose_800_gradient_0_VconcST_0_Vconc_6.4_run_2.csv,5760.0,800.0,0,6.4,0.0,6.4,2,24.75,10879.9,753.371,4.23739,10879.9,0.0,0.999982,0.220212
5760_dose_800_gradient_0_VconcST_0_Vconc_6.4_run_2.csv,5760.0,800.0,0,6.4,0.0,6.4,2,25.0,14316.1,738.44,5.57569,14316.1,0.0,0.999986,0.159812
5760_dose_800_gradient_0_VconcST_0_Vconc_6.4_run_2.csv,5760.0,800.0,0,6.4,0.0,6.4,2,25.25,17670.4,723.805,6.88207,17670.4,0.0,0.999989,0.126132
5760_dose_800_gradient_0_VconcST_0_Vconc_6.4_run_2.csv,5760.0,800.0,0,6.4,0.0,6.4,2,25.5,20944.4,709.46,8.15719,20944.4,0.0,0.99999,0.104639
5760_dose_800_gradient_0_VconcST_0_Vconc_6.4_run_2.csv,5760.0,800.0,0,6.4,0.0,6.4,2,25.75,24139.7,695.4,9.40168,24139.7,0.0,0.999992,0.0893394
5760_dose_800_gradient_0_VconcST_0_Vconc_6.4_run_2.csv,5760.0,800.0,0,6.4,0.0,6.4,2,26.0,27258.1,681.618,10.6162,27258.1,0.0,0.999993,0.0784028
5760_dose_800_gradient_0_VconcST_0_Vconc_6.4_run_2.csv,5760.0,800.0,0,6.4,0.0,6.4,2,26.25,30301.0,668.109,11.8013,30301.0,0.0,0.999993,0.0701272
5760_dose_800_gradient_0_VconcST_0_Vconc_6.4_run_2.csv,5760.0,800.0,0,6.4,0.0,6.4,2,26.5,33270.0,654.868,12.9576,33270.0,0.0,0.999994,0.0633261
5760_dose_800_gradient_0_VconcST_0_Vconc_6.4_run_2.csv,5760.0,800.0,0,6.4,0.0,6.4,2,26.75,36166.6,641.889,14.0858,36166.6,0.0,0.999994,0.0579674
5760_dose_800_gradient_0_VconcST_0_Vconc_6.4_run_2.csv,5760.0,800.0,0,6.4,0.0,6.4,2,27.0,38992.4,629.168,15.1863,38992.4,0.0,0.999995,0.0537314
5760_dose_800_gradient_0_VconcST_0_Vconc_6.4_run_2.csv,5760.0,800.0,0,6.4,0.0,6.4,2,27.25,41748.7,616.698,16.2598,41748.7,0.0,0.999995,0.0500934
5760_dose_800_gradient_0_VconcST_0_Vconc_6.4_run_2.csv,5760.0,800.0,0,6.4,0.0,6.4,2,27.5,44437.0,604.476,17.3068,44437.0,0.0,0.999996,0.0464721
5760_dose_800_gradient_0_VconcST_0_Vconc_6.4_run_2.csv,5760.0,800.0,0,6.4,0.0,6.4,2,27.75,47058.6,592.496,18.3279,47058.6,0.0,0.999996,0.0440487
5760_dose_800_gradient_0_VconcST_0_Vconc_6.4_run_2.csv,5760.0,800.0,0,6.4,0.0,6.4,2,28.0,49615.1,580.753,19.3235,49615.1,0.0,0.999996,0.0416396
5760_dose_800_gradient_0_VconcST_0_Vconc_6.4_run_2.csv,5760.0,800.0,0,6.4,0.0,6.4,2,28.25,52107.7,569.244,20.2943,52107.7,0.0,0.999996,0.0398055
5760_dose_800_gradient_0_VconcST_0_Vconc_6.4_run_2.csv,5760.0,800.0,0,6.4,0.0,6.4,2,28.5,54537.6,557.962,21.2407,54537.6,0.0,0.999996,0.0380602
5760_dose_800_gradient_0_VconcST_0_Vconc_6.4_run_2.csv,5760.0,800.0,0,6.4,0.0,6.4,2,28.75,56906.3,546.904,22.1632,56906.3,0.0,0.999996,0.036187
5760_dose_800_gradient_0_VconcST_0_Vconc_6.4_run_2.csv,5760.0,800.0,0,6.4,0.0,6.4,2,29.0,59214.9,536.065,23.0624,59214.9,0.0,0.999997,0.0351256
5760_dose_800_gradient_0_VconcST_0_Vconc_6.4_run_2.csv,5760.0,800.0,0,6.4,0.0,6.4,2,29.25,61464.8,525.441,23.9386,61464.8,0.0,0.999997,0.0331714
5760_dose_800_gradient_0_VconcST_0_Vconc_6.4_run_2.csv,5760.0,800.0,0,6.4,0.0,6.4,2,29.5,63657.1,515.027,24.7925,63657.1,0.0,0.999997,0.0320459
5760_dose_800_gradient_0_VconcST_0_Vconc_6.4_run_2.csv,5760.0,800.0,0,6.4,0.0,6.4,2,29.75,65793.0,504.82,25.6243,65793.0,0.0,0.999997,0.0314481
5760_dose_800_gradient_0_VconcST_0_Vconc_6.4_run_2.csv,5760.0,800.0,0,6.4,0.0,6.4,2,30.0,67873.7,494.815,26.4347,67873.7,0.0,0.999997,0.0308074
5760_dose_800_gradient_0_VconcST_0_Vconc_6.4_run_2.csv,5760.0,800.0,0,6.4,0.0,6.4,2,30.25,69900.4,485.009,27.224,69900.4,0.0,0.999997,0.0296221
5760_dose_800_gradient_0_VconcST_0_Vconc_6.4_run_2.csv,5760.0,800.0,0,6.4,0.0,6.4,2,30.5,71874.0,475.396,27.9927,71874.0,0.0,0.999997,0.029026
5760_dose_800_gradient_0_VconcST_0_Vconc_6.4_run_2.csv,5760.0,800.0,0,6.4,0.0,6.4,2,30.75,73795.9,465.974,28.7412,73795.9,0.0,0.999997,0.0283466
5760_dose_800_gradient_0_VconcST_0_Vconc_6.4_run_2.csv,5760.0,800.0,0,6.4,0.0,6.4,2,31.0,75667.0,456.739,29.4699,75667.0,0.0,0.999997,0.027834
5760_dose_800_gradient_0_VconcST_0_Vconc_6.4_run_2.csv,5760.0,800.0,0,6.4,0.0,6.4,2,31.25,77488.3,447.687,30.1793,77488.3,0.0,0.999997,0.0265698
5760_dose_800_gradient_0_VconcST_0_Vconc_6.4_run_2.csv,5760.0,800.0,0,6.4,0.0,6.4,2,31.5,79260.9,438.815,30.8697,79260.9,0.0,0.999997,0.0259341
5760_dose_800_gradient_0_VconcST_0_Vconc_6.4_run_2.csv,5760.0,800.0,0,6.4,0.0,6.4,2,31.75,80985.9,430.118,31.5415,80985.9,0.0,0.999997,0.0259632
5760_dose_800_gradient_0_VconcST_0_Vconc_6.4_run_2.csv,5760.0,800.0,0,6.4,0.0,6.4,2,32.0,82664.2,421.593,32.1951,82664.2,0.0,0.999998,0.025395
5760_dose_800_gradient_0_VconcST_0_Vconc_6.4_run_2.csv,5760.0,800.0,0,6.4,0.0,6.4,2,32.25,84296.8,413.238,32.831,84296.8,0.0,0.999998,0.0247729
5760_dose_800_gradient_0_VconcST_0_Vconc_6.4_run_2.csv,5760.0,800.0,0,6.4,0.0,6.4,2,32.5,85884.6,405.048,33.4494,85884.6,0.0,0.999998,0.0241561
5760_dose_800_gradient_0_VconcST_0_Vconc_6.4_run_2.csv,5760.0,800.0,0,6.4,0.0,6.4,2,32.75,87428.5,397.021,34.0507,87428.5,0.0,0.999998,0.0235405
5760_dose_800_gradient_0_VconcST_0_Vconc_6.4_run_2.csv,5760.0,800.0,0,6.4,0.0,6.4,2,33.0,88929.6,389.152,34.6353,88929.6,0.0,0.999998,0.0235496
5760_dose_800_gradient_0_VconcST_0_Vconc_6.4_run_2.csv,5760.0,800.0,0,6.4,0.0,6.4,2,33.25,90388.7,381.44,35.2036,90388.7,0.0,0.999998,0.0229347
5760_dose_800_gradient_0_VconcST_0_Vconc_6.4_run_2.csv,5760.0,800.0,0,6.4,0.0,6.4,2,33.5,91806.5,373.88,35.7558,91806.5,0.0,0.999998,0.0223153
5760_dose_800_gradient_0_VconcST_0_Vconc_6.4_run_2.csv,5760.0,800.0,0,6.4,0.0,6.4,2,33.75,93184.2,366.47,36.2923,93184.2,0.0,0.999998,0.0223154
5760_dose_800_gradient_0_VconcST_0_Vconc_6.4_run_2.csv,5760.0,800.0,0,6.4,0.0,6.4,2,34.0,94522.4,359.207,36.8135,94522.4,0.0,0.999998,0.0217122
5760_dose_800_gradient_0_VconcST_0_Vconc_6.4_run_2.csv,5760.0,800.0,0,6.4,0.0,6.4,2,34.25,95822.0,352.088,37.3197,95822.0,0.0,0.999998,0.0217733
5760_dose_800_gradient_0_VconcST_0_Vconc_6.4_run_2.csv,5760.0,800.0,0,6.4,0.0,6.4,2,34.5,97083.9,345.11,37.8112,97083.9,0.0,0.999998,0.0211091
5760_dose_800_gradient_0_VconcST_0_Vconc_6.4_run_2.csv,5760.0,800.0,0,6.4,0.0,6.4,2,34.75,98308.7,338.27,38.2882,98308.7,0.0,0.999998,0.021124
5760_dose_800_gradient_0_VconcST_0_Vconc_6.4_run_2.csv,5760.0,800.0,0,6.4,0.0,6.4,2,35.0,99497.4,331.566,38.7511,99497.4,0.0,0.999998,0.020506
5760_dose_800_gradient_0_VconcST_0_Vconc_6.4_run_2.csv,5760.0,800.0,0,6.4,0.0,6.4,2,35.25,100651.0,324.995,39.2003,100651.0,0.0,0.999998,0.020506
5760_dose_800_gradient_0_VconcST_0_Vconc_6.4_run_2.csv,5760.0,800.0,0,6.4,0.0,6.4,2,35.5,101769.0,318.554,39.6359,101769.0,0.0,0.999998,0.020506
5760_dose_800_gradient_0_VconcST_0_Vconc_6.4_run_2.csv,5760.0,800.0,0,6.4,0.0,6.4,2,35.75,102854.0,312.241,40.0583,102854.0,0.0,0.999998,0.0199029
5760_dose_800_gradient_0_VconcST_0_Vconc_6.4_run_2.csv,5760.0,800.0,0,6.4,0.0,6.4,2,36.0,103905.0,306.052,40.4677,103905.0,0.0,0.999998,0.0199029
5760_dose_800_gradient_0_VconcST_0_Vconc_6.4_run_2.csv,5760.0,800.0,0,6.4,0.0,6.4,2,36.25,104924.0,299.987,40.8645,104924.0,0.0,0.999998,0.0199253
5760_dose_800_gradient_0_VconcST_0_Vconc_6.4_run_2.csv,5760.0,800.0,0,6.4,0.0,6.4,2,36.5,105910.0,294.041,41.2488,105910.0,0.0,0.999998,0.0193519
5760_dose_800_gradient_0_VconcST_0_Vconc_6.4_run_2.csv,5760.0,800.0,0,6.4,0.0,6.4,2,36.75,106866.0,288.214,41.621,106866.0,0.0,0.999998,0.0193133
5760_dose_800_gradient_0_VconcST_0_Vconc_6.4_run_2.csv,5760.0,800.0,0,6.4,0.0,6.4,2,37.0,107791.0,282.502,41.9813,107791.0,0.0,0.999998,0.019333
5760_dose_800_gradient_0_VconcST_0_Vconc_6.4_run_2.csv,5760.0,800.0,0,6.4,0.0,6.4,2,37.25,108687.0,276.903,42.33,108687.0,0.0,0.999998,0.0187709
5760_dose_800_gradient_0_VconcST_0_Vconc_6.4_run_2.csv,5760.0,800.0,0,6.4,0.0,6.4,2,37.5,109553.0,271.414,42.6673,109553.0,0.0,0.999998,0.018719
5760_dose_800_gradient_0_VconcST_0_Vconc_6.4_run_2.csv,5760.0,800.0,0,6.4,0.0,6.4,2,37.75,110390.0,266.035,42.9935,110390.0,0.0,0.999998,0.0187341
5760_dose_800_gradient_0_VconcST_0_Vconc_6.4_run_2.csv,5760.0,800.0,0,6.4,0.0,6.4,2,38.0,111199.0,260.763,43.3087,111199.0,0.0,0.999998,0.0187302
5760_dose_800_gradient_0_VconcST_0_Vconc_6.4_run_2.csv,5760.0,800.0,0,6.4,0.0,6.4,2,38.25,111981.0,255.595,43.6133,111981.0,0.0,0.999998,0.0187098
5760_dose_800_gradient_0_VconcST_0_Vconc_6.4_run_2.csv,5760.0,800.0,0,6.4,0.0,6.4,2,38.5,112737.0,250.529,43.9074,112737.0,0.0,0.999998,0.0181172
5760_dose_800_gradient_0_VconcST_0_Vconc_6.4_run_2.csv,5760.0,800.0,0,6.4,0.0,6.4,2,38.75,113465.0,245.564,44.1913,113465.0,0.0,0.999998,0.0180937
5760_dose_800_gradient_0_VconcST_0_Vconc_6.4_run_2.csv,5760.0,800.0,0,6.4,0.0,6.4,2,39.0,114169.0,240.697,44.4652,114169.0,0.0,0.999998,0.0181121
5760_dose_800_gradient_0_VconcST_0_Vconc_6.4_run_2.csv,5760.0,800.0,0,6.4,0.0,6.4,2,39.25,114847.0,235.927,44.7293,114847.0,0.0,0.999998,0.0181604
5760_dose_800_gradient_0_VconcST_0_Vconc_6.4_run_2.csv,5760.0,800.0,0,6.4,0.0,6.4,2,39.5,115500.0,231.251,44.9838,115500.0,0.0,0.999998,0.0180937
5760_dose_800_gradient_0_VconcST_0_Vconc_6.4_run_2.csv,5760.0,800.0,0,6.4,0.0,6.4,2,39.75,116130.0,226.668,45.229,116130.0,0.0,0.999998,0.0175058
5760_dose_800_gradient_0_VconcST_0_Vconc_6.4_run_2.csv,5760.0,800.0,0,6.4,0.0,6.4,2,40.0,116736.0,222.176,45.465,116736.0,0.0,0.999998,0.0174905
5760_dose_800_gradient_0_VconcST_0_Vconc_6.4_run_2.csv,5760.0,800.0,0,6.4,0.0,6.4,2,40.25,117319.0,217.772,45.692,117319.0,0.0,0.999998,0.0175114
5760_dose_800_gradient_0_VconcST_0_Vconc_6.4_run_2.csv,5760.0,800.0,0,6.4,0.0,6.4,2,40.5,117879.0,213.456,45.9102,117879.0,0.0,0.999998,0.0175876
5760_dose_800_gradient_0_VconcST_0_Vconc_6.4_run_2.csv,5760.0,800.0,0,6.4,0.0,6.4,2,40.75,118417.0,209.226,46.1199,118417.0,0.0,0.999998,0.0175095
5760_dose_800_gradient_0_VconcST_0_Vconc_6.4_run_2.csv,5760.0,800.0,0,6.4,0.0,6.4,2,41.0,118934.0,205.079,46.3211,118934.0,0.0,0.999998,0.017531
5760_dose_800_gradient_0_VconcST_0_Vconc_6.4_run_2.csv,5760.0,800.0,0,6.4,0.0,6.4,2,41.25,119430.0,201.015,46.5142,119430.0,0.0,0.999998,0.0175353
5760_dose_800_gradient_0_VconcST_0_Vconc_6.4_run_2.csv,5760.0,800.0,0,6.4,0.0,6.4,2,41.5,119905.0,197.031,46.6992,119905.0,0.0,0.999998,0.0168992
5760_dose_800_gradient_0_VconcST_0_Vconc_0.8_run_0.csv,5760.0,800.0,0,0.8,0.0,0.8,0,0.0,0.0,0.0,0.0,0.0,0.0,0.0,0.0
5760_dose_800_gradient_0_VconcST_0_Vconc_0.8_run_0.csv,5760.0,800.0,0,0.8,0.0,0.8,0,0.25,0.0,0.0,0.0,0.0,0.0,0.0,2005.02
5760_dose_800_gradient_0_VconcST_0_Vconc_0.8_run_0.csv,5760.0,800.0,0,0.8,0.0,0.8,0,0.5,0.0,0.0,0.0,0.0,0.0,0.0,67.2853
5760_dose_800_gradient_0_VconcST_0_Vconc_0.8_run_0.csv,5760.0,800.0,0,0.8,0.0,0.8,0,0.75,0.0,0.0,0.0,0.0,0.0,0.0,1969.92
5760_dose_800_gradient_0_VconcST_0_Vconc_0.8_run_0.csv,5760.0,800.0,0,0.8,0.0,0.8,0,1.0,0.0,0.0,0.0,0.0,0.0,0.0,94.3558
5760_dose_800_gradient_0_VconcST_0_Vconc_0.8_run_0.csv,5760.0,800.0,0,0.8,0.0,0.8,0,1.25,0.0,0.0,0.0,0.0,0.0,0.0,1902.29
5760_dose_800_gradient_0_VconcST_0_Vconc_0.8_run_0.csv,5760.0,800.0,0,0.8,0.0,0.8,0,1.5,0.0,0.0,0.0,0.0,0.0,0.0,137.382
5760_dose_800_gradient_0_VconcST_0_Vconc_0.8_run_0.csv,5760.0,800.0,0,0.8,0.0,0.8,0,1.75,0.0,0.0,0.0,0.0,0.0,0.0,1892.67
5760_dose_800_gradient_0_VconcST_0_Vconc_0.8_run_0.csv,5760.0,800.0,0,0.8,0.0,0.8,0,2.0,0.0,0.0,0.0,0.0,0.0,0.0,158.997
5760_dose_800_gradient_0_VconcST_0_Vconc_0.8_run_0.csv,5760.0,800.0,0,0.8,0.0,0.8,0,2.25,0.0,0.0,0.0,0.0,0.0,0.0,1757.39
5760_dose_800_gradient_0_VconcST_0_Vconc_0.8_run_0.csv,5760.0,800.0,0,0.8,0.0,0.8,0,2.5,0.0,0.0,0.0,0.0,0.0,0.0,248.696
5760_dose_800_gradient_0_VconcST_0_Vconc_0.8_run_0.csv,5760.0,800.0,0,0.8,0.0,0.8,0,2.75,0.0,0.0,0.0,0.0,0.0,0.0,1621.08
5760_dose_800_gradient_0_VconcST_0_Vconc_0.8_run_0.csv,5760.0,800.0,0,0.8,0.0,0.8,0,3.0,0.0,0.0,0.0,0.0,0.0,0.0,366.745
5760_dose_800_gradient_0_VconcST_0_Vconc_0.8_run_0.csv,5760.0,800.0,0,0.8,0.0,0.8,0,3.25,0.0,0.0,0.0,0.0,0.0,0.0,1503.2
5760_dose_800_gradient_0_VconcST_0_Vconc_0.8_run_0.csv,5760.0,800.0,0,0.8,0.0,0.8,0,3.5,0.0,0.0,0.0,0.0,0.0,0.0,443.009
5760_dose_800_gradient_0_VconcST_0_Vconc_0.8_run_0.csv,5760.0,800.0,0,0.8,0.0,0.8,0,3.75,0.0,0.0,0.0,0.0,0.0,0.0,1472.82
5760_dose_800_gradient_0_VconcST_0_Vconc_0.8_run_0.csv,5760.0,800.0,0,0.8,0.0,0.8,0,4.0,0.0,0.0,0.0,0.0,0.0,0.0,538.061
5760_dose_800_gradient_0_VconcST_0_Vconc_0.8_run_0.csv,5760.0,800.0,0,0.8,0.0,0.8,0,4.25,0.0,0.0,0.0,0.0,0.0,0.0,1378.29
5760_dose_800_gradient_0_VconcST_0_Vconc_0.8_run_0.csv,5760.0,800.0,0,0.8,0.0,0.8,0,4.5,0.0,0.0,0.0,0.0,0.0,0.0,653.438
5760_dose_800_gradient_0_VconcST_0_Vconc_0.8_run_0.csv,5760.0,800.0,0,0.8,0.0,0.8,0,4.75,0.0,0.0,0.0,0.0,0.0,0.0,1255.44
5760_dose_800_gradient_0_VconcST_0_Vconc_0.8_run_0.csv,5760.0,800.0,0,0.8,0.0,0.8,0,5.0,0.0,0.0,0.0,0.0,0.0,0.0,805.457
5760_dose_800_gradient_0_VconcST_0_Vconc_0.8_run_0.csv,5760.0,800.0,0,0.8,0.0,0.8,0,5.25,0.0,0.0,0.0,0.0,0.0,0.0,1186.63
5760_dose_800_gradient_0_VconcST_0_Vconc_0.8_run_0.csv,5760.0,800.0,0,0.8,0.0,0.8,0,5.5,0.0,0.0,0.0,0.0,0.0,0.0,926.189
5760_dose_800_gradient_0_VconcST_0_Vconc_0.8_run_0.csv,5760.0,800.0,0,0.8,0.0,0.8,0,5.75,0.0,0.0,0.0,0.0,0.0,0.0,1102.79
5760_dose_800_gradient_0_VconcST_0_Vconc_0.8_run_0.csv,5760.0,800.0,0,0.8,0.0,0.8,0,6.0,0.0,0.0,0.0,0.0,0.0,0.0,1113.01
5760_dose_800_gradient_0_VconcST_0_Vconc_0.8_run_0.csv,5760.0,800.0,0,0.8,0.0,0.8,0,6.25,0.0,0.0,0.0,0.0,0.0,0.0,1065.09
5760_dose_800_gradient_0_VconcST_0_Vconc_0.8_run_0.csv,5760.0,800.0,0,0.8,0.0,0.8,0,6.5,0.0,0.0,0.0,0.0,0.00307292,0.0,1339.28
5760_dose_800_gradient_0_VconcST_0_Vconc_0.8_run_0.csv,5760.0,800.0,0,0.8,0.0,0.8,0,6.75,0.0,0.0,0.0,0.0,0.0139692,0.0,1375.31
5760_dose_800_gradient_0_VconcST_0_Vconc_0.8_run_0.csv,5760.0,800.0,0,0.8,0.0,0.8,0,7.0,0.0,0.0,0.0,0.0,0.060714,0.0,1513.17
5760_dose_800_gradient_0_VconcST_0_Vconc_0.8_run_0.csv,5760.0,800.0,0,0.8,0.0,0.8,0,7.25,0.0,0.0,0.0,0.0,0.128227,0.0,1624.69
5760_dose_800_gradient_0_VconcST_0_Vconc_0.8_run_0.csv,5760.0,800.0,0,0.8,0.0,0.8,0,7.5,0.0,0.0,0.0,0.0,0.224453,0.0,1675.63
5760_dose_800_gradient_0_VconcST_0_Vconc_0.8_run_0.csv,5760.0,800.0,0,0.8,0.0,0.8,0,7.75,0.0,0.0,0.0,0.0,0.358568,0.0,1794.1
5760_dose_800_gradient_0_VconcST_0_Vconc_0.8_run_0.csv,5760.0,800.0,0,0.8,0.0,0.8,0,8.0,0.0,0.0,0.0,0.0,0.493592,0.0,1860.82
5760_dose_800_gradient_0_VconcST_0_Vconc_0.8_run_0.csv,5760.0,800.0,0,0.8,0.0,0.8,0,8.25,0.0,0.0,0.0,0.0,0.684868,0.0,1783.23
5760_dose_800_gradient_0_VconcST_0_Vconc_0.8_run_0.csv,5760.0,800.0,0,0.8,0.0,0.8,0,8.5,0.0,0.0,0.0,0.0,0.83036,0.0,1988.54
5760_dose_800_gradient_0_VconcST_0_Vconc_0.8_run_0.csv,5760.0,800.0,0,0.8,0.0,0.8,0,8.75,0.0,0.0,0.0,0.0,0.948958,0.0,2314.08
5760_dose_800_gradient_0_VconcST_0_Vconc_0.8_run_0.csv,5760.0,800.0,0,0.8,0.0,0.8,0,9.0,0.0,0.0,0.0,0.0,0.948958,0.0,2213.92
5760_dose_800_gradient_0_VconcST_0_Vconc_0.8_run_0.csv,5760.0,800.0,0,0.8,0.0,0.8,0,9.25,0.0,0.0,0.0,0.0,0.980208,0.0,2253.97
5760_dose_800_gradient_0_VconcST_0_Vconc_0.8_run_0.csv,5760.0,800.0,0,0.8,0.0,0.8,0,9.5,0.0,0.0,0.0,0.0,1.0,0.0,2151.67
5760_dose_800_gradient_0_VconcST_0_Vconc_0.8_run_0.csv,5760.0,800.0,0,0.8,0.0,0.8,0,9.75,0.0,0.0,0.0,0.0,1.0,0.0,2156.76
5760_dose_800_gradient_0_VconcST_0_Vconc_0.8_run_0.csv,5760.0,800.0,0,0.8,0.0,0.8,0,10.0,0.0,0.0,0.0,0.0,1.0,0.0,2212.27
5760_dose_800_gradient_0_VconcST_0_Vconc_0.8_run_0.csv,5760.0,800.0,0,0.8,0.0,0.8,0,10.25,0.0,0.0,0.0,0.0,1.0,0.0,2091.86
5760_dose_800_gradient_0_VconcST_0_Vconc_0.8_run_0.csv,5760.0,800.0,0,0.8,0.0,0.8,0,10.5,0.0,0.0,0.0,0.0,1.0,0.0,2158.68
5760_dose_800_gradient_0_VconcST_0_Vconc_0.8_run_0.csv,5760.0,800.0,0,0.8,0.0,0.8,0,10.75,0.0,0.0,0.0,0.0,1.0,0.0,2171.78
5760_dose_800_gradient_0_VconcST_0_Vconc_0.8_run_0.csv,5760.0,800.0,0,0.8,0.0,0.8,0,11.0,0.0,0.0,0.0,0.0,1.0,0.0,2176.84
5760_dose_800_gradient_0_VconcST_0_Vconc_0.8_run_0.csv,5760.0,800.0,0,0.8,0.0,0.8,0,11.25,0.0,0.0,0.0,0.0,1.0,0.0,2218.71
5760_dose_800_gradient_0_VconcST_0_Vconc_0.8_run_0.csv,5760.0,800.0,0,0.8,0.0,0.8,0,11.5,0.0,0.0,0.0,0.0,1.0,0.0,2222.02
5760_dose_800_gradient_0_VconcST_0_Vconc_0.8_run_0.csv,5760.0,800.0,0,0.8,0.0,0.8,0,11.75,0.0,0.0,0.0,0.0,1.0,0.0,2200.52
5760_dose_800_gradient_0_VconcST_0_Vconc_0.8_run_0.csv,5760.0,800.0,0,0.8,0.0,0.8,0,12.0,0.0,0.0,0.0,0.0,1.0,0.0,2247.68
5760_dose_800_gradient_0_VconcST_0_Vconc_0.8_run_0.csv,5760.0,800.0,0,0.8,0.0,0.8,0,12.25,0.0,0.0,0.0,0.0,1.0,0.0,2218.39
5760_dose_800_gradient_0_VconcST_0_Vconc_0.8_run_0.csv,5760.0,800.0,0,0.8,0.0,0.8,0,12.5,0.0,0.0,0.0,0.0,1.0,0.0,2272.55
5760_dose_800_gradient_0_VconcST_0_Vconc_0.8_run_0.csv,5760.0,800.0,0,0.8,0.0,0.8,0,12.75,0.0,0.0,0.0,0.0,1.0,0.0,2191.62
5760_dose_800_gradient_0_VconcST_0_Vconc_0.8_run_0.csv,5760.0,800.0,0,0.8,0.0,0.8,0,13.0,0.0,0.0,0.0,0.0,1.0,0.0,2105.38
5760_dose_800_gradient_0_VconcST_0_Vconc_0.8_run_0.csv,5760.0,800.0,0,0.8,0.0,0.8,0,13.25,0.0,0.0,0.0,0.0,1.0,0.0,2171.52
5760_dose_800_gradient_0_VconcST_0_Vconc_0.8_run_0.csv,5760.0,800.0,0,0.8,0.0,0.8,0,13.5,0.0,0.0,0.0,0.0,1.0,0.0,2205.74
5760_dose_800_gradient_0_VconcST_0_Vconc_0.8_run_0.csv,5760.0,800.0,0,0.8,0.0,0.8,0,13.75,0.0,0.0,0.0,0.0,1.0,0.0,2172.55
5760_dose_800_gradient_0_VconcST_0_Vconc_0.8_run_0.csv,5760.0,800.0,0,0.8,0.0,0.8,0,14.0,0.0,0.0,0.0,0.0,1.0,0.0,2224.04
5760_dose_800_gradient_0_VconcST_0_Vconc_0.8_run_0.csv,5760.0,800.0,0,0.8,0.0,0.8,0,14.25,0.0,0.0,0.0,0.0,1.0,0.0,2082.46
5760_dose_800_gradient_0_VconcST_0_Vconc_0.8_run_0.csv,5760.0,800.0,0,0.8,0.0,0.8,0,14.5,0.0,0.0,0.0,0.0,1.0,0.0,2183.66
5760_dose_800_gradient_0_VconcST_0_Vconc_0.8_run_0.csv,5760.0,800.0,0,0.8,0.0,0.8,0,14.75,0.0,0.0,0.0,0.0,1.0,0.0,2232.32
5760_dose_800_gradient_0_VconcST_0_Vconc_0.8_run_0.csv,5760.0,800.0,0,0.8,0.0,0.8,0,15.0,0.0,0.0,0.0,0.0,1.0,0.0,2219.67
5760_dose_800_gradient_0_VconcST_0_Vconc_0.8_run_0.csv,5760.0,800.0,0,0.8,0.0,0.8,0,15.25,0.0,0.0,0.0,0.0,1.0,0.0,2134.77
5760_dose_800_gradient_0_VconcST_0_Vconc_0.8_run_0.csv,5760.0,800.0,0,0.8,0.0,0.8,0,15.5,0.0,0.0,0.0,0.0,1.0,0.0,2174.77
5760_dose_800_gradient_0_VconcST_0_Vconc_0.8_run_0.csv,5760.0,800.0,0,0.8,0.0,0.8,0,15.75,0.0,0.0,0.0,0.0,1.0,0.0,2211.49
5760_dose_800_gradient_0_VconcST_0_Vconc_0.8_run_0.csv,5760.0,800.0,0,0.8,0.0,0.8,0,16.0,0.0,0.0,0.0,0.0,1.0,0.0,2204.81
5760_dose_800_gradient_0_VconcST_0_Vconc_0.8_run_0.csv,5760.0,800.0,0,0.8,0.0,0.8,0,16.25,0.0,0.0,0.0,0.0,1.0,0.0,2144.44
5760_dose_800_gradient_0_VconcST_0_Vconc_0.8_run_0.csv,5760.0,800.0,0,0.8,0.0,0.8,0,16.5,0.0,0.0,0.0,0.0,1.0,0.0,2175.13
5760_dose_800_gradient_0_VconcST_0_Vconc_0.8_run_0.csv,5760.0,800.0,0,0.8,0.0,0.8,0,16.75,0.0,0.0,0.0,0.0,1.0,0.0,2158.03
5760_dose_800_gradient_0_VconcST_0_Vconc_0.8_run_0.csv,5760.0,800.0,0,0.8,0.0,0.8,0,17.0,0.0,0.0,0.0,0.0,1.0,0.0,2209.7
5760_dose_800_gradient_0_VconcST_0_Vconc_0.8_run_0.csv,5760.0,800.0,0,0.8,0.0,0.8,0,17.25,0.0,0.0,0.0,0.0,1.0,0.0,2257.53
5760_dose_800_gradient_0_VconcST_0_Vconc_0.8_run_0.csv,5760.0,800.0,0,0.8,0.0,0.8,0,17.5,0.0,0.0,0.0,0.0,1.0,0.0,2239.04
5760_dose_800_gradient_0_VconcST_0_Vconc_0.8_run_0.csv,5760.0,800.0,0,0.8,0.0,0.8,0,17.75,0.0,0.0,0.0,0.0,1.0,0.0,2292.32
5760_dose_800_gradient_0_VconcST_0_Vconc_0.8_run_0.csv,5760.0,800.0,0,0.8,0.0,0.8,0,18.0,0.0,0.0,0.0,0.0,1.0,0.0,2219.05
5760_dose_800_gradient_0_VconcST_0_Vconc_0.8_run_0.csv,5760.0,800.0,0,0.8,0.0,0.8,0,18.25,0.0,0.0,0.0,0.0,1.0,0.0,2273.05
5760_dose_800_gradient_0_VconcST_0_Vconc_0.8_run_0.csv,5760.0,800.0,0,0.8,0.0,0.8,0,18.5,0.0,0.0,0.0,0.0,1.0,0.0,2248.56
5760_dose_800_gradient_0_VconcST_0_Vconc_0.8_run_0.csv,5760.0,800.0,0,0.8,0.0,0.8,0,18.75,0.0,0.0,0.0,0.0,1.0,0.0,2218.7
5760_dose_800_gradient_0_VconcST_0_Vconc_0.8_run_0.csv,5760.0,800.0,0,0.8,0.0,0.8,0,19.0,0.0,0.0,0.0,0.0,1.0,0.0,2164.13
5760_dose_800_gradient_0_VconcST_0_Vconc_0.8_run_0.csv,5760.0,800.0,0,0.8,0.0,0.8,0,19.25,0.0,0.0,0.0,0.0,1.0,0.0,2150.64
5760_dose_800_gradient_0_VconcST_0_Vconc_0.8_run_0.csv,5760.0,800.0,0,0.8,0.0,0.8,0,19.5,0.0,0.0,0.0,0.0,1.0,0.0,2133.06
5760_dose_800_gradient_0_VconcST_0_Vconc_0.8_run_0.csv,5760.0,800.0,0,0.8,0.0,0.8,0,19.75,0.0,0.0,0.0,0.0,1.0,0.0,2145.83
5760_dose_800_gradient_0_VconcST_0_Vconc_0.8_run_0.csv,5760.0,800.0,0,0.8,0.0,0.8,0,20.0,0.0,0.0,0.0,0.0,1.0,0.0,2212.19
5760_dose_800_gradient_0_VconcST_0_Vconc_0.8_run_0.csv,5760.0,800.0,0,0.8,0.0,0.8,0,20.25,0.0,0.0,0.0,0.0,1.0,0.0,2167.54
5760_dose_800_gradient_0_VconcST_0_Vconc_0.8_run_0.csv,5760.0,800.0,0,0.8,0.0,0.8,0,20.5,0.0,0.0,0.0,0.0,1.0,0.0,2190.32
5760_dose_800_gradient_0_VconcST_0_Vconc_0.8_run_0.csv,5760.0,800.0,0,0.8,0.0,0.8,0,20.75,0.0,0.0,0.0,0.0,1.0,0.0,2191.82
5760_dose_800_gradient_0_VconcST_0_Vconc_0.8_run_0.csv,5760.0,800.0,0,0.8,0.0,0.8,0,21.0,0.0,0.0,0.0,0.0,1.0,0.0,2077.85
5760_dose_800_gradient_0_VconcST_0_Vconc_0.8_run_0.csv,5760.0,800.0,0,0.8,0.0,0.8,0,21.25,0.0,0.0,0.0,0.0,1.0,0.0,2224.44
5760_dose_800_gradient_0_VconcST_0_Vconc_0.8_run_0.csv,5760.0,800.0,0,0.8,0.0,0.8,0,21.5,0.0,0.0,0.0,0.0,1.0,0.0,2192.18
5760_dose_800_gradient_0_VconcST_0_Vconc_0.8_run_0.csv,5760.0,800.0,0,0.8,0.0,0.8,0,21.75,0.0,0.0,0.0,0.0,1.0,0.0,2206.64
5760_dose_800_gradient_0_VconcST_0_Vconc_0.8_run_0.csv,5760.0,800.0,0,0.8,0.0,0.8,0,22.0,0.0,0.0,0.0,0.0,1.0,0.0,2102.41
5760_dose_800_gradient_0_VconcST_0_Vconc_0.8_run_0.csv,5760.0,800.0,0,0.8,0.0,0.8,0,22.25,0.0,0.0,0.0,0.0,1.0,0.0,2189.63
5760_dose_800_gradient_0_VconcST_0_Vconc_0.8_run_0.csv,5760.0,800.0,0,0.8,0.0,0.8,0,22.5,0.0,0.0,0.0,0.0,1.0,0.0,2263.35
5760_dose_800_gradient_0_VconcST_0_Vconc_0.8_run_0.csv,5760.0,800.0,0,0.8,0.0,0.8,0,22.75,0.0,0.0,0.0,0.0,1.0,0.0,2207.57
5760_dose_800_gradient_0_VconcST_0_Vconc_0.8_run_0.csv,5760.0,800.0,0,0.8,0.0,0.8,0,23.0,0.0,0.0,0.0,0.0,1.0,0.0,2149.83
5760_dose_800_gradient_0_VconcST_0_Vconc_0.8_run_0.csv,5760.0,800.0,0,0.8,0.0,0.8,0,23.25,0.0,0.0,0.0,0.0,1.0,0.0,2170.39
5760_dose_800_gradient_0_VconcST_0_Vconc_0.8_run_0.csv,5760.0,800.0,0,0.8,0.0,0.8,0,23.5,0.0,0.0,0.0,0.0,1.0,0.0,2249.24
5760_dose_800_gradient_0_VconcST_0_Vconc_0.8_run_0.csv,5760.0,800.0,0,0.8,0.0,0.8,0,23.75,0.0,0.0,0.0,0.0,1.0,0.0,2189.29
5760_dose_800_gradient_0_VconcST_0_Vconc_0.8_run_0.csv,5760.0,800.0,0,0.8,0.0,0.8,0,24.0,62.29,800.0,0.02426,62.29,1.0,0.0,2260.38
5760_dose_800_gradient_0_VconcST_0_Vconc_0.8_run_0.csv,5760.0,800.0,0,0.8,0.0,0.8,0,24.25,3754.75,784.145,1.46236,3754.75,0.0,0.999946,0.064918
5760_dose_800_gradient_0_VconcST_0_Vconc_0.8_run_0.csv,5760.0,800.0,0,0.8,0.0,0.8,0,24.5,7360.03,768.604,2.8665,7360.03,0.0,0.999973,0.0451301
5760_dose_800_gradient_0_VconcST_0_Vconc_0.8_run_0.csv,5760.0,800.0,0,0.8,0.0,0.8,0,24.75,10879.9,753.371,4.23739,10879.9,0.0,0.999982,0.0275499
5760_dose_800_gradient_0_VconcST_0_Vconc_0.8_run_0.csv,5760.0,800.0,0,0.8,0.0,0.8,0,25.0,14316.1,738.44,5.57569,14316.1,0.0,0.999986,0.0200618
5760_dose_800_gradient_0_VconcST_0_Vconc_0.8_run_0.csv,5760.0,800.0,0,0.8,0.0,0.8,0,25.25,17670.4,723.805,6.88207,17670.4,0.0,0.999989,0.0157659
5760_dose_800_gradient_0_VconcST_0_Vconc_0.8_run_0.csv,5760.0,800.0,0,0.8,0.0,0.8,0,25.5,20944.4,709.46,8.15719,20944.4,0.0,0.99999,0.0130663
5760_dose_800_gradient_0_VconcST_0_Vconc_0.8_run_0.csv,5760.0,800.0,0,0.8,0.0,0.8,0,25.75,24139.7,695.4,9.40168,24139.7,0.0,0.999992,0.0111715
5760_dose_800_gradient_0_VconcST_0_Vconc_0.8_run_0.csv,5760.0,800.0,0,0.8,0.0,0.8,0,26.0,27258.1,681.618,10.6162,27258.1,0.0,0.999993,0.00980071
5760_dose_800_gradient_0_VconcST_0_Vconc_0.8_run_0.csv,5760.0,800.0,0,0.8,0.0,0.8,0,26.25,30301.0,668.109,11.8013,30301.0,0.0,0.999993,0.00876926
5760_dose_800_gradient_0_VconcST_0_Vconc_0.8_run_0.csv,5760.0,800.0,0,0.8,0.0,0.8,0,26.5,33270.0,654.868,12.9576,33270.0,0.0,0.999994,0.0079199
5760_dose_800_gradient_0_VconcST_0_Vconc_0.8_run_0.csv,5760.0,800.0,0,0.8,0.0,0.8,0,26.75,36166.6,641.889,14.0858,36166.6,0.0,0.999994,0.00724841
5760_dose_800_gradient_0_VconcST_0_Vconc_0.8_run_0.csv,5760.0,800.0,0,0.8,0.0,0.8,0,27.0,38992.4,629.168,15.1863,38992.4,0.0,0.999995,0.00671304
5760_dose_800_gradient_0_VconcST_0_Vconc_0.8_run_0.csv,5760.0,800.0,0,0.8,0.0,0.8,0,27.25,41748.7,616.698,16.2598,41748.7,0.0,0.999995,0.00627429
5760_dose_800_gradient_0_VconcST_0_Vconc_0.8_run_0.csv,5760.0,800.0,0,0.8,0.0,0.8,0,27.5,44437.0,604.476,17.3068,44437.0,0.0,0.999996,0.00581078
5760_dose_800_gradient_0_VconcST_0_Vconc_0.8_run_0.csv,5760.0,800.0,0,0.8,0.0,0.8,0,27.75,47058.6,592.496,18.3279,47058.6,0.0,0.999996,0.0055035
5760_dose_800_gradient_0_VconcST_0_Vconc_0.8_run_0.csv,5760.0,800.0,0,0.8,0.0,0.8,0,28.0,49615.1,580.753,19.3235,49615.1,0.0,0.999996,0.00520194
5760_dose_800_gradient_0_VconcST_0_Vconc_0.8_run_0.csv,5760.0,800.0,0,0.8,0.0,0.8,0,28.25,52107.7,569.244,20.2943,52107.7,0.0,0.999996,0.00498627
5760_dose_800_gradient_0_VconcST_0_Vconc_0.8_run_0.csv,5760.0,800.0,0,0.8,0.0,0.8,0,28.5,54537.6,557.962,21.2407,54537.6,0.0,0.999996,0.00475726
5760_dose_800_gradient_0_VconcST_0_Vconc_0.8_run_0.csv,5760.0,800.0,0,0.8,0.0,0.8,0,28.75,56906.3,546.904,22.1632,56906.3,0.0,0.999996,0.00453265
5760_dose_800_gradient_0_VconcST_0_Vconc_0.8_run_0.csv,5760.0,800.0,0,0.8,0.0,0.8,0,29.0,59214.9,536.065,23.0624,59214.9,0.0,0.999997,0.00437574
5760_dose_800_gradient_0_VconcST_0_Vconc_0.8_run_0.csv,5760.0,800.0,0,0.8,0.0,0.8,0,29.25,61464.8,525.441,23.9386,61464.8,0.0,0.999997,0.0041561
5760_dose_800_gradient_0_VconcST_0_Vconc_0.8_run_0.csv,5760.0,800.0,0,0.8,0.0,0.8,0,29.5,63657.1,515.027,24.7925,63657.1,0.0,0.999997,0.00399571
5760_dose_800_gradient_0_VconcST_0_Vconc_0.8_run_0.csv,5760.0,800.0,0,0.8,0.0,0.8,0,29.75,65793.0,504.82,25.6243,65793.0,0.0,0.999997,0.00393366
5760_dose_800_gradient_0_VconcST_0_Vconc_0.8_run_0.csv,5760.0,800.0,0,0.8,0.0,0.8,0,30.0,67873.7,494.815,26.4347,67873.7,0.0,0.999997,0.00384493
5760_dose_800_gradient_0_VconcST_0_Vconc_0.8_run_0.csv,5760.0,800.0,0,0.8,0.0,0.8,0,30.25,69900.4,485.009,27.224,69900.4,0.0,0.999997,0.00369631
5760_dose_800_gradient_0_VconcST_0_Vconc_0.8_run_0.csv,5760.0,800.0,0,0.8,0.0,0.8,0,30.5,71874.0,475.396,27.9927,71874.0,0.0,0.999997,0.00362472
5760_dose_800_gradient_0_VconcST_0_Vconc_0.8_run_0.csv,5760.0,800.0,0,0.8,0.0,0.8,0,30.75,73795.9,465.974,28.7412,73795.9,0.0,0.999997,0.00355728
5760_dose_800_gradient_0_VconcST_0_Vconc_0.8_run_0.csv,5760.0,800.0,0,0.8,0.0,0.8,0,31.0,75667.0,456.739,29.4699,75667.0,0.0,0.999997,0.00347516
5760_dose_800_gradient_0_VconcST_0_Vconc_0.8_run_0.csv,5760.0,800.0,0,0.8,0.0,0.8,0,31.25,77488.3,447.687,30.1793,77488.3,0.0,0.999997,0.00331718
5760_dose_800_gradient_0_VconcST_0_Vconc_0.8_run_0.csv,5760.0,800.0,0,0.8,0.0,0.8,0,31.5,79260.9,438.815,30.8697,79260.9,0.0,0.999997,0.00324796
5760_dose_800_gradient_0_VconcST_0_Vconc_0.8_run_0.csv,5760.0,800.0,0,0.8,0.0,0.8,0,31.75,80985.9,430.118,31.5415,80985.9,0.0,0.999997,0.00324808
5760_dose_800_gradient_0_VconcST_0_Vconc_0.8_run_0.csv,5760.0,800.0,0,0.8,0.0,0.8,0,32.0,82664.2,421.593,32.1951,82664.2,0.0,0.999998,0.00317119
5760_dose_800_gradient_0_VconcST_0_Vconc_0.8_run_0.csv,5760.0,800.0,0,0.8,0.0,0.8,0,32.25,84296.8,413.238,32.831,84296.8,0.0,0.999998,0.00310676
5760_dose_800_gradient_0_VconcST_0_Vconc_0.8_run_0.csv,5760.0,800.0,0,0.8,0.0,0.8,0,32.5,85884.6,405.048,33.4494,85884.6,0.0,0.999998,0.00301933
5760_dose_800_gradient_0_VconcST_0_Vconc_0.8_run_0.csv,5760.0,800.0,0,0.8,0.0,0.8,0,32.75,87428.5,397.021,34.0507,87428.5,0.0,0.999998,0.00294022
5760_dose_800_gradient_0_VconcST_0_Vconc_0.8_run_0.csv,5760.0,800.0,0,0.8,0.0,0.8,0,33.0,88929.6,389.152,34.6353,88929.6,0.0,0.999998,0.00294198
5760_dose_800_gradient_0_VconcST_0_Vconc_0.8_run_0.csv,5760.0,800.0,0,0.8,0.0,0.8,0,33.25,90388.7,381.44,35.2036,90388.7,0.0,0.999998,0.00286485
5760_dose_800_gradient_0_VconcST_0_Vconc_0.8_run_0.csv,5760.0,800.0,0,0.8,0.0,0.8,0,33.5,91806.5,373.88,35.7558,91806.5,0.0,0.999998,0.00279082
5760_dose_800_gradient_0_VconcST_0_Vconc_0.8_run_0.csv,5760.0,800.0,0,0.8,0.0,0.8,0,33.75,93184.2,366.47,36.2923,93184.2,0.0,0.999998,0.00278944
5760_dose_800_gradient_0_VconcST_0_Vconc_0.8_run_0.csv,5760.0,800.0,0,0.8,0.0,0.8,0,34.0,94522.4,359.207,36.8135,94522.4,0.0,0.999998,0.0027195
5760_dose_800_gradient_0_VconcST_0_Vconc_0.8_run_0.csv,5760.0,800.0,0,0.8,0.0,0.8,0,34.25,95822.0,352.088,37.3197,95822.0,0.0,0.999998,0.00272065
5760_dose_800_gradient_0_VconcST_0_Vconc_0.8_run_0.csv,5760.0,800.0,0,0.8,0.0,0.8,0,34.5,97083.9,345.11,37.8112,97083.9,0.0,0.999998,0.00264377
5760_dose_800_gradient_0_VconcST_0_Vconc_0.8_run_0.csv,5760.0,800.0,0,0.8,0.0,0.8,0,34.75,98308.7,338.27,38.2882,98308.7,0.0,0.999998,0.00263867
5760_dose_800_gradient_0_VconcST_0_Vconc_0.8_run_0.csv,5760.0,800.0,0,0.8,0.0,0.8,0,35.0,99497.4,331.566,38.7511,99497.4,0.0,0.999998,0.00256634
5760_dose_800_gradient_0_VconcST_0_Vconc_0.8_run_0.csv,5760.0,800.0,0,0.8,0.0,0.8,0,35.25,100651.0,324.995,39.2003,100651.0,0.0,0.999998,0.00256481
5760_dose_800_gradient_0_VconcST_0_Vconc_0.8_run_0.csv,5760.0,800.0,0,0.8,0.0,0.8,0,35.5,101769.0,318.554,39.6359,101769.0,0.0,0.999998,0.00256688
5760_dose_800_gradient_0_VconcST_0_Vconc_0.8_run_0.csv,5760.0,800.0,0,0.8,0.0,0.8,0,35.75,102854.0,312.241,40.0583,102854.0,0.0,0.999998,0.00248964
5760_dose_800_gradient_0_VconcST_0_Vconc_0.8_run_0.csv,5760.0,800.0,0,0.8,0.0,0.8,0,36.0,103905.0,306.052,40.4677,103905.0,0.0,0.999998,0.00248964
5760_dose_800_gradient_0_VconcST_0_Vconc_0.8_run_0.csv,5760.0,800.0,0,0.8,0.0,0.8,0,36.25,104924.0,299.987,40.8645,104924.0,0.0,0.999998,0.00249436
5760_dose_800_gradient_0_VconcST_0_Vconc_0.8_run_0.csv,5760.0,800.0,0,0.8,0.0,0.8,0,36.5,105910.0,294.041,41.2488,105910.0,0.0,0.999998,0.00241706
5760_dose_800_gradient_0_VconcST_0_Vconc_0.8_run_0.csv,5760.0,800.0,0,0.8,0.0,0.8,0,36.75,106866.0,288.214,41.621,106866.0,0.0,0.999998,0.00241468
5760_dose_800_gradient_0_VconcST_0_Vconc_0.8_run_0.csv,5760.0,800.0,0,0.8,0.0,0.8,0,37.0,107791.0,282.502,41.9813,107791.0,0.0,0.999998,0.00241655
5760_dose_800_gradient_0_VconcST_0_Vconc_0.8_run_0.csv,5760.0,800.0,0,0.8,0.0,0.8,0,37.25,108687.0,276.903,42.33,108687.0,0.0,0.999998,0.00234039
5760_dose_800_gradient_0_VconcST_0_Vconc_0.8_run_0.csv,5760.0,800.0,0,0.8,0.0,0.8,0,37.5,109553.0,271.414,42.6673,109553.0,0.0,0.999998,0.0023371
5760_dose_800_gradient_0_VconcST_0_Vconc_0.8_run_0.csv,5760.0,800.0,0,0.8,0.0,0.8,0,37.75,110390.0,266.035,42.9935,110390.0,0.0,0.999998,0.0023371
5760_dose_800_gradient_0_VconcST_0_Vconc_0.8_run_0.csv,5760.0,800.0,0,0.8,0.0,0.8,0,38.0,111199.0,260.763,43.3087,111199.0,0.0,0.999998,0.0023371
5760_dose_800_gradient_0_VconcST_0_Vconc_0.8_run_0.csv,5760.0,800.0,0,0.8,0.0,0.8,0,38.25,111981.0,255.595,43.6133,111981.0,0.0,0.999998,0.00234343
5760_dose_800_gradient_0_VconcST_0_Vconc_0.8_run_0.csv,5760.0,800.0,0,0.8,0.0,0.8,0,38.5,112737.0,250.529,43.9074,112737.0,0.0,0.999998,0.0022649
5760_dose_800_gradient_0_VconcST_0_Vconc_0.8_run_0.csv,5760.0,800.0,0,0.8,0.0,0.8,0,38.75,113465.0,245.564,44.1913,113465.0,0.0,0.999998,0.00226172
5760_dose_800_gradient_0_VconcST_0_Vconc_0.8_run_0.csv,5760.0,800.0,0,0.8,0.0,0.8,0,39.0,114169.0,240.697,44.4652,114169.0,0.0,0.999998,0.00227054
5760_dose_800_gradient_0_VconcST_0_Vconc_0.8_run_0.csv,5760.0,800.0,0,0.8,0.0,0.8,0,39.25,114847.0,235.927,44.7293,114847.0,0.0,0.999998,0.00226283
5760_dose_800_gradient_0_VconcST_0_Vconc_0.8_run_0.csv,5760.0,800.0,0,0.8,0.0,0.8,0,39.5,115500.0,231.251,44.9838,115500.0,0.0,0.999998,0.00226172
5760_dose_800_gradient_0_VconcST_0_Vconc_0.8_run_0.csv,5760.0,800.0,0,0.8,0.0,0.8,0,39.75,116130.0,226.668,45.229,116130.0,0.0,0.999998,0.00218633
5760_dose_800_gradient_0_VconcST_0_Vconc_0.8_run_0.csv,5760.0,800.0,0,0.8,0.0,0.8,0,40.0,116736.0,222.176,45.465,116736.0,0.0,0.999998,0.00219332
5760_dose_800_gradient_0_VconcST_0_Vconc_0.8_run_0.csv,5760.0,800.0,0,0.8,0.0,0.8,0,40.25,117319.0,217.772,45.692,117319.0,0.0,0.999998,0.00218902
5760_dose_800_gradient_0_VconcST_0_Vconc_0.8_run_0.csv,5760.0,800.0,0,0.8,0.0,0.8,0,40.5,117879.0,213.456,45.9102,117879.0,0.0,0.999998,0.00218833
5760_dose_800_gradient_0_VconcST_0_Vconc_0.8_run_0.csv,5760.0,800.0,0,0.8,0.0,0.8,0,40.75,118417.0,209.226,46.1199,118417.0,0.0,0.999998,0.00219163
5760_dose_800_gradient_0_VconcST_0_Vconc_0.8_run_0.csv,5760.0,800.0,0,0.8,0.0,0.8,0,41.0,118934.0,205.079,46.3211,118934.0,0.0,0.999998,0.00218987
5760_dose_800_gradient_0_VconcST_0_Vconc_0.8_run_0.csv,5760.0,800.0,0,0.8,0.0,0.8,0,41.25,119430.0,201.015,46.5142,119430.0,0.0,0.999998,0.00218741
5760_dose_800_gradient_0_VconcST_0_Vconc_0.8_run_0.csv,5760.0,800.0,0,0.8,0.0,0.8,0,41.5,119905.0,197.031,46.6992,119905.0,0.0,0.999998,0.0021168
