filename,schedule,dose,gradient,vegf_level,VconcST,Vconc,run,hours,drug_tumour_nM,drug_gut_mgL,drug_blood_mgL,drug_blood_nM,vasc_score,vegfr_inhibition,dll4_average
1200_dose_200_gradient_0_VconcST_0.04_Vconc_1.6_run_0.csv,1200.0,200.0,0,1.6,0.04,1.6,0,0.0,0.0,0.0,0.0,0.0,0.0,0.0,0.0
1200_dose_200_gradient_0_VconcST_0.04_Vconc_1.6_run_0.csv,1200.0,200.0,0,1.6,0.04,1.6,0,0.25,0.0,0.0,0.0,0.0,0.0,0.0,3669.24
1200_dose_200_gradient_0_VconcST_0.04_Vconc_1.6_run_0.csv,1200.0,200.0,0,1.6,0.04,1.6,0,0.5,0.0,0.0,0.0,0.0,0.0,0.0,97.66
1200_dose_200_gradient_0_VconcST_0.04_Vconc_1.6_run_0.csv,1200.0,200.0,0,1.6,0.04,1.6,0,0.75,0.0,0.0,0.0,0.0,0.0,0.0,3578.21
1200_dose_200_gradient_0_VconcST_0.04_Vconc_1.6_run_0.csv,1200.0,200.0,0,1.6,0.04,1.6,0,1.0,0.0,0.0,0.0,0.0,0.0,0.0,96.6056
1200_dose_200_gradient_0_VconcST_0.04_Vconc_1.6_run_0.csv,1200.0,200.0,0,1.6,0.04,1.6,0,1.25,0.0,0.0,0.0,0.0,0.0,0.0,3570.29
1200_dose_200_gradient_0_VconcST_0.04_Vconc_1.6_run_0.csv,1200.0,200.0,0,1.6,0.04,1.6,0,1.5,0.0,0.0,0.0,0.0,0.0,0.0,97.183
1200_dose_200_gradient_0_VconcST_0.04_Vconc_1.6_run_0.csv,1200.0,200.0,0,1.6,0.04,1.6,0,1.75,0.0,0.0,0.0,0.0,0.0,0.0,3536.29
1200_dose_200_gradient_0_VconcST_0.04_Vconc_1.6_run_0.csv,1200.0,200.0,0,1.6,0.04,1.6,0,2.0,0.0,0.0,0.0,0.0,0.0,0.0,101.045
1200_dose_200_gradient_0_VconcST_0.04_Vconc_1.6_run_0.csv,1200.0,200.0,0,1.6,0.04,1.6,0,2.25,0.0,0.0,0.0,0.0,0.0,0.0,3527.74
1200_dose_200_gradient_0_VconcST_0.04_Vconc_1.6_run_0.csv,1200.0,200.0,0,1.6,0.04,1.6,0,2.5,0.0,0.0,0.0,0.0,0.0,0.0,96.1093
1200_dose_200_gradient_0_VconcST_0.04_Vconc_1.6_run_0.csv,1200.0,200.0,0,1.6,0.04,1.6,0,2.75,0.0,0.0,0.0,0.0,0.0,0.0,3531.26
1200_dose_200_gradient_0_VconcST_0.04_Vconc_1.6_run_0.csv,1200.0,200.0,0,1.6,0.04,1.6,0,3.0,0.0,0.0,0.0,0.0,0.0,0.0,98.1331
1200_dose_200_gradient_0_VconcST_0.04_Vconc_1.6_run_0.csv,1200.0,200.0,0,1.6,0.04,1.6,0,3.25,0.0,0.0,0.0,0.0,0.0,0.0,3549.41
1200_dose_200_gradient_0_VconcST_0.04_Vconc_1.6_run_0.csv,1200.0,200.0,0,1.6,0.04,1.6,0,3.5,0.0,0.0,0.0,0.0,0.0,0.0,98.2644
1200_dose_200_gradient_0_VconcST_0.04_Vconc_1.6_run_0.csv,1200.0,200.0,0,1.6,0.04,1.6,0,3.75,0.0,0.0,0.0,0.0,0.0,0.0,3607.21
1200_dose_200_gradient_0_VconcST_0.04_Vconc_1.6_run_0.csv,1200.0,200.0,0,1.6,0.04,1.6,0,4.0,0.0,0.0,0.0,0.0,0.0,0.0,101.961
1200_dose_200_gradient_0_VconcST_0.04_Vconc_1.6_run_0.csv,1200.0,200.0,0,1.6,0.04,1.6,0,4.25,0.0,0.0,0.0,0.0,0.0,0.0,3583.87
1200_dose_200_gradient_0_VconcST_0.04_Vconc_1.6_run_0.csv,1200.0,200.0,0,1.6,0.04,1.6,0,4.5,0.0,0.0,0.0,0.0,0.0,0.0,100.669
1200_dose_200_gradient_0_VconcST_0.04_Vconc_1.6_run_0.csv,1200.0,200.0,0,1.6,0.04,1.6,0,4.75,0.0,0.0,0.0,0.0,0.0,0.0,3521.78
1200_dose_200_gradient_0_VconcST_0.04_Vconc_1.6_run_0.csv,1200.0,200.0,0,1.6,0.04,1.6,0,5.0,15.5725,200.0,0.00606501,15.5725,0.0,0.0,98.7009
1200_dose_200_gradient_0_VconcST_0.04_Vconc_1.6_run_0.csv,1200.0,200.0,0,1.6,0.04,1.6,0,5.25,938.689,196.036,0.36559,938.689,0.0,0.991412,25.6308
1200_dose_200_gradient_0_VconcST_0.04_Vconc_1.6_run_0.csv,1200.0,200.0,0,1.6,0.04,1.6,0,5.5,1840.01,192.151,0.716626,1840.01,0.0,0.995636,12.0006
1200_dose_200_gradient_0_VconcST_0.04_Vconc_1.6_run_0.csv,1200.0,200.0,0,1.6,0.04,1.6,0,5.75,2719.98,188.343,1.05935,2719.98,0.0,0.997052,7.9039
1200_dose_200_gradient_0_VconcST_0.04_Vconc_1.6_run_0.csv,1200.0,200.0,0,1.6,0.04,1.6,0,6.0,3579.03,184.61,1.39392,3579.03,0.0,0.997761,5.91665
1200_dose_200_gradient_0_VconcST_0.04_Vconc_1.6_run_0.csv,1200.0,200.0,0,1.6,0.04,1.6,0,6.25,4417.6,180.951,1.72052,4417.6,0.0,0.998187,4.76888
1200_dose_200_gradient_0_VconcST_0.04_Vconc_1.6_run_0.csv,1200.0,200.0,0,1.6,0.04,1.6,0,6.5,5236.1,177.365,2.0393,5236.1,0.0,0.998471,3.97177
1200_dose_200_gradient_0_VconcST_0.04_Vconc_1.6_run_0.csv,1200.0,200.0,0,1.6,0.04,1.6,0,6.75,6034.93,173.85,2.35042,6034.93,0.0,0.998673,3.44484
1200_dose_200_gradient_0_VconcST_0.04_Vconc_1.6_run_0.csv,1200.0,200.0,0,1.6,0.04,1.6,0,7.0,6814.52,170.404,2.65404,6814.52,0.0,0.998825,3.0324
1200_dose_200_gradient_0_VconcST_0.04_Vconc_1.6_run_0.csv,1200.0,200.0,0,1.6,0.04,1.6,0,7.25,7575.25,167.027,2.95032,7575.25,0.0,0.998943,2.72721
1200_dose_200_gradient_0_VconcST_0.04_Vconc_1.6_run_0.csv,1200.0,200.0,0,1.6,0.04,1.6,0,7.5,8317.5,163.717,3.23941,8317.5,0.0,0.999038,2.48239
1200_dose_200_gradient_0_VconcST_0.04_Vconc_1.6_run_0.csv,1200.0,200.0,0,1.6,0.04,1.6,0,7.75,9041.66,160.472,3.52144,9041.66,0.0,0.999115,2.26374
1200_dose_200_gradient_0_VconcST_0.04_Vconc_1.6_run_0.csv,1200.0,200.0,0,1.6,0.04,1.6,0,8.0,9748.09,157.292,3.79658,9748.09,0.0,0.999179,2.10197
1200_dose_200_gradient_0_VconcST_0.04_Vconc_1.6_run_0.csv,1200.0,200.0,0,1.6,0.04,1.6,0,8.25,10437.2,154.175,4.06495,10437.2,0.0,0.999233,1.9601
1200_dose_200_gradient_0_VconcST_0.04_Vconc_1.6_run_0.csv,1200.0,200.0,0,1.6,0.04,1.6,0,8.5,11109.2,151.119,4.3267,11109.2,0.0,0.99928,1.84031
1200_dose_200_gradient_0_VconcST_0.04_Vconc_1.6_run_0.csv,1200.0,200.0,0,1.6,0.04,1.6,0,8.75,11764.7,148.124,4.58197,11764.7,0.0,0.99932,1.73466
1200_dose_200_gradient_0_VconcST_0.04_Vconc_1.6_run_0.csv,1200.0,200.0,0,1.6,0.04,1.6,0,9.0,12403.8,145.188,4.83089,12403.8,0.0,0.999355,1.64861
1200_dose_200_gradient_0_VconcST_0.04_Vconc_1.6_run_0.csv,1200.0,200.0,0,1.6,0.04,1.6,0,9.25,13026.9,142.311,5.07358,13026.9,0.0,0.999386,1.56587
1200_dose_200_gradient_0_VconcST_0.04_Vconc_1.6_run_0.csv,1200.0,200.0,0,1.6,0.04,1.6,0,9.5,13634.4,139.49,5.31017,13634.4,0.0,0.999413,1.49483
1200_dose_200_gradient_0_VconcST_0.04_Vconc_1.6_run_0.csv,1200.0,200.0,0,1.6,0.04,1.6,0,9.75,14226.6,136.726,5.54081,14226.6,0.0,0.999438,1.43546
1200_dose_200_gradient_0_VconcST_0.04_Vconc_1.6_run_0.csv,1200.0,200.0,0,1.6,0.04,1.6,0,10.0,14819.3,334.016,5.77166,14819.3,0.0,0.99946,1.37629
1200_dose_200_gradient_0_VconcST_0.04_Vconc_1.6_run_0.csv,1200.0,200.0,0,1.6,0.04,1.6,0,10.25,16304.9,327.396,6.35025,16304.9,0.0,0.999509,1.26149
1200_dose_200_gradient_0_VconcST_0.04_Vconc_1.6_run_0.csv,1200.0,200.0,0,1.6,0.04,1.6,0,10.5,17754.3,320.908,6.91475,17754.3,0.0,0.999549,1.15556
1200_dose_200_gradient_0_VconcST_0.04_Vconc_1.6_run_0.csv,1200.0,200.0,0,1.6,0.04,1.6,0,10.75,19168.2,314.548,7.46544,19168.2,0.0,0.999582,1.06837
1200_dose_200_gradient_0_VconcST_0.04_Vconc_1.6_run_0.csv,1200.0,200.0,0,1.6,0.04,1.6,0,11.0,20547.5,308.314,8.0026,20547.5,0.0,0.99961,0.999322
1200_dose_200_gradient_0_VconcST_0.04_Vconc_1.6_run_0.csv,1200.0,200.0,0,1.6,0.04,1.6,0,11.25,21892.7,302.203,8.52653,21892.7,0.0,0.999634,0.934276
1200_dose_200_gradient_0_VconcST_0.04_Vconc_1.6_run_0.csv,1200.0,200.0,0,1.6,0.04,1.6,0,11.5,23204.6,296.214,9.03748,23204.6,0.0,0.999655,0.883355
1200_dose_200_gradient_0_VconcST_0.04_Vconc_1.6_run_0.csv,1200.0,200.0,0,1.6,0.04,1.6,0,11.75,24483.9,290.344,9.53573,24483.9,0.0,0.999673,0.835116
1200_dose_200_gradient_0_VconcST_0.04_Vconc_1.6_run_0.csv,1200.0,200.0,0,1.6,0.04,1.6,0,12.0,25731.3,284.589,10.0215,25731.3,0.0,0.999689,0.793468
1200_dose_200_gradient_0_VconcST_0.04_Vconc_1.6_run_0.csv,1200.0,200.0,0,1.6,0.04,1.6,0,12.25,26947.3,278.949,10.4951,26947.3,0.0,0.999703,0.756196
1200_dose_200_gradient_0_VconcST_0.04_Vconc_1.6_run_0.csv,1200.0,200.0,0,1.6,0.04,1.6,0,12.5,28132.7,273.42,10.9568,28132.7,0.0,0.999716,0.724459
1200_dose_200_gradient_0_VconcST_0.04_Vconc_1.6_run_0.csv,1200.0,200.0,0,1.6,0.04,1.6,0,12.75,29288.2,268.001,11.4068,29288.2,0.0,0.999727,0.69536
1200_dose_200_gradient_0_VconcST_0.04_Vconc_1.6_run_0.csv,1200.0,200.0,0,1.6,0.04,1.6,0,13.0,30414.2,262.69,11.8454,30414.2,0.0,0.999737,0.669101
1200_dose_200_gradient_0_VconcST_0.04_Vconc_1.6_run_0.csv,1200.0,200.0,0,1.6,0.04,1.6,0,13.25,31511.4,257.484,12.2727,31511.4,0.0,0.999746,0.645595
1200_dose_200_gradient_0_VconcST_0.04_Vconc_1.6_run_0.csv,1200.0,200.0,0,1.6,0.04,1.6,0,13.5,32580.4,252.381,12.6891,32580.4,0.0,0.999754,0.6249
1200_dose_200_gradient_0_VconcST_0.04_Vconc_1.6_run_0.csv,1200.0,200.0,0,1.6,0.04,1.6,0,13.75,33621.8,247.379,13.0947,33621.8,0.0,0.999762,0.604759
1200_dose_200_gradient_0_VconcST_0.04_Vconc_1.6_run_0.csv,1200.0,200.0,0,1.6,0.04,1.6,0,14.0,34636.2,242.476,13.4897,34636.2,0.0,0.999769,0.588309
1200_dose_200_gradient_0_VconcST_0.04_Vconc_1.6_run_0.csv,1200.0,200.0,0,1.6,0.04,1.6,0,14.25,35624.1,237.67,13.8745,35624.1,0.0,0.999775,0.571022
1200_dose_200_gradient_0_VconcST_0.04_Vconc_1.6_run_0.csv,1200.0,200.0,0,1.6,0.04,1.6,0,14.5,36586.1,232.96,14.2491,36586.1,0.0,0.999781,0.555719
1200_dose_200_gradient_0_VconcST_0.04_Vconc_1.6_run_0.csv,1200.0,200.0,0,1.6,0.04,1.6,0,14.75,37522.7,228.343,14.6139,37522.7,0.0,0.999787,0.54196
1200_dose_200_gradient_0_VconcST_0.04_Vconc_1.6_run_0.csv,1200.0,200.0,0,1.6,0.04,1.6,0,15.0,38450.0,423.817,14.9751,38450.0,0.0,0.999792,0.529227
1200_dose_200_gradient_0_VconcST_0.04_Vconc_1.6_run_0.csv,1200.0,200.0,0,1.6,0.04,1.6,0,15.25,40260.5,415.418,15.6802,40260.5,0.0,0.999801,0.506983
1200_dose_200_gradient_0_VconcST_0.04_Vconc_1.6_run_0.csv,1200.0,200.0,0,1.6,0.04,1.6,0,15.5,42025.3,407.184,16.3676,42025.3,0.0,0.99981,0.484646
1200_dose_200_gradient_0_VconcST_0.04_Vconc_1.6_run_0.csv,1200.0,200.0,0,1.6,0.04,1.6,0,15.75,43745.5,399.115,17.0375,43745.5,0.0,0.999817,0.466066
1200_dose_200_gradient_0_VconcST_0.04_Vconc_1.6_run_0.csv,1200.0,200.0,0,1.6,0.04,1.6,0,16.0,45421.9,391.205,17.6904,45421.9,0.0,0.999824,0.448894
1200_dose_200_gradient_0_VconcST_0.04_Vconc_1.6_run_0.csv,1200.0,200.0,0,1.6,0.04,1.6,0,16.25,47055.4,383.451,18.3266,47055.4,0.0,0.99983,0.433384
1200_dose_200_gradient_0_VconcST_0.04_Vconc_1.6_run_0.csv,1200.0,200.0,0,1.6,0.04,1.6,0,16.5,48647.0,375.852,18.9465,48647.0,0.0,0.999835,0.418565
1200_dose_200_gradient_0_VconcST_0.04_Vconc_1.6_run_0.csv,1200.0,200.0,0,1.6,0.04,1.6,0,16.75,50197.4,368.403,19.5503,50197.4,0.0,0.999841,0.405554
1200_dose_200_gradient_0_VconcST_0.04_Vconc_1.6_run_0.csv,1200.0,200.0,0,1.6,0.04,1.6,0,17.0,51707.5,361.102,20.1385,51707.5,0.0,0.999845,0.393163
1200_dose_200_gradient_0_VconcST_0.04_Vconc_1.6_run_0.csv,1200.0,200.0,0,1.6,0.04,1.6,0,17.25,53178.3,353.945,20.7113,53178.3,0.0,0.999849,0.38216
1200_dose_200_gradient_0_VconcST_0.04_Vconc_1.6_run_0.csv,1200.0,200.0,0,1.6,0.04,1.6,0,17.5,54610.4,346.93,21.2691,54610.4,0.0,0.999853,0.372062
1200_dose_200_gradient_0_VconcST_0.04_Vconc_1.6_run_0.csv,1200.0,200.0,0,1.6,0.04,1.6,0,17.75,56004.7,340.054,21.8121,56004.7,0.0,0.999857,0.362718
1200_dose_200_gradient_0_VconcST_0.04_Vconc_1.6_run_0.csv,1200.0,200.0,0,1.6,0.04,1.6,0,18.0,57362.0,333.315,22.3407,57362.0,0.0,0.999861,0.354585
1200_dose_200_gradient_0_VconcST_0.04_Vconc_1.6_run_0.csv,1200.0,200.0,0,1.6,0.04,1.6,0,18.25,58683.0,326.709,22.8552,58683.0,0.0,0.999864,0.346619
1200_dose_200_gradient_0_VconcST_0.04_Vconc_1.6_run_0.csv,1200.0,200.0,0,1.6,0.04,1.6,0,18.5,59968.6,320.234,23.3559,59968.6,0.0,0.999867,0.339326
1200_dose_200_gradient_0_VconcST_0.04_Vconc_1.6_run_0.csv,1200.0,200.0,0,1.6,0.04,1.6,0,18.75,61219.4,313.887,23.843,61219.4,0.0,0.999869,0.33197
1200_dose_200_gradient_0_VconcST_0.04_Vconc_1.6_run_0.csv,1200.0,200.0,0,1.6,0.04,1.6,0,19.0,62436.1,307.666,24.3169,62436.1,0.0,0.999872,0.325035
1200_dose_200_gradient_0_VconcST_0.04_Vconc_1.6_run_0.csv,1200.0,200.0,0,1.6,0.04,1.6,0,19.25,63619.5,301.569,24.7778,63619.5,0.0,0.999874,0.319745
1200_dose_200_gradient_0_VconcST_0.04_Vconc_1.6_run_0.csv,1200.0,200.0,0,1.6,0.04,1.6,0,19.5,64770.3,295.592,25.226,64770.3,0.0,0.999876,0.314135
1200_dose_200_gradient_0_VconcST_0.04_Vconc_1.6_run_0.csv,1200.0,200.0,0,1.6,0.04,1.6,0,19.75,65889.1,289.734,25.6618,65889.1,0.0,0.999879,0.30785
1200_dose_200_gradient_0_VconcST_0.04_Vconc_1.6_run_0.csv,1200.0,200.0,0,1.6,0.04,1.6,0,20.0,66992.2,483.992,26.0914,66992.2,0.0,0.999881,0.303025
1200_dose_200_gradient_0_VconcST_0.04_Vconc_1.6_run_0.csv,1200.0,200.0,0,1.6,0.04,1.6,0,20.25,68972.2,474.4,26.8625,68972.2,0.0,0.999884,0.29548
1200_dose_200_gradient_0_VconcST_0.04_Vconc_1.6_run_0.csv,1200.0,200.0,0,1.6,0.04,1.6,0,20.5,70900.4,464.997,27.6135,70900.4,0.0,0.999887,0.286596
1200_dose_200_gradient_0_VconcST_0.04_Vconc_1.6_run_0.csv,1200.0,200.0,0,1.6,0.04,1.6,0,20.75,72777.9,455.782,28.3447,72777.9,0.0,0.99989,0.279974
1200_dose_200_gradient_0_VconcST_0.04_Vconc_1.6_run_0.csv,1200.0,200.0,0,1.6,0.04,1.6,0,21.0,74605.8,446.749,29.0566,74605.8,0.0,0.999893,0.273041
1200_dose_200_gradient_0_VconcST_0.04_Vconc_1.6_run_0.csv,1200.0,200.0,0,1.6,0.04,1.6,0,21.25,76385.0,437.895,29.7496,76385.0,0.0,0.999895,0.265944
1200_dose_200_gradient_0_VconcST_0.04_Vconc_1.6_run_0.csv,1200.0,200.0,0,1.6,0.04,1.6,0,21.5,78116.7,429.216,30.424,78116.7,0.0,0.999898,0.260151
1200_dose_200_gradient_0_VconcST_0.04_Vconc_1.6_run_0.csv,1200.0,200.0,0,1.6,0.04,1.6,0,21.75,79801.7,420.71,31.0803,79801.7,0.0,0.9999,0.25498
1200_dose_200_gradient_0_VconcST_0.04_Vconc_1.6_run_0.csv,1200.0,200.0,0,1.6,0.04,1.6,0,22.0,81441.0,412.372,31.7187,81441.0,0.0,0.999902,0.24951
1200_dose_200_gradient_0_VconcST_0.04_Vconc_1.6_run_0.csv,1200.0,200.0,0,1.6,0.04,1.6,0,22.25,83035.6,404.199,32.3398,83035.6,0.0,0.999904,0.244782
1200_dose_200_gradient_0_VconcST_0.04_Vconc_1.6_run_0.csv,1200.0,200.0,0,1.6,0.04,1.6,0,22.5,84586.6,396.188,32.9438,84586.6,0.0,0.999905,0.240084
1200_dose_200_gradient_0_VconcST_0.04_Vconc_1.6_run_0.csv,1200.0,200.0,0,1.6,0.04,1.6,0,22.75,86094.6,388.336,33.5312,86094.6,0.0,0.999907,0.235999
1200_dose_200_gradient_0_VconcST_0.04_Vconc_1.6_run_0.csv,1200.0,200.0,0,1.6,0.04,1.6,0,23.0,87560.6,380.64,34.1021,87560.6,0.0,0.999909,0.232164
1200_dose_200_gradient_0_VconcST_0.04_Vconc_1.6_run_0.csv,1200.0,200.0,0,1.6,0.04,1.6,0,23.25,88985.7,373.096,34.6572,88985.7,0.0,0.99991,0.228766
1200_dose_200_gradient_0_VconcST_0.04_Vconc_1.6_run_0.csv,1200.0,200.0,0,1.6,0.04,1.6,0,23.5,90370.4,365.702,35.1965,90370.4,0.0,0.999911,0.225113
1200_dose_200_gradient_0_VconcST_0.04_Vconc_1.6_run_0.csv,1200.0,200.0,0,1.6,0.04,1.6,0,23.75,91715.7,358.454,35.7204,91715.7,0.0,0.999913,0.221639
1200_dose_200_gradient_0_VconcST_0.04_Vconc_1.6_run_0.csv,1200.0,200.0,0,1.6,0.04,1.6,0,24.0,93022.6,351.35,36.2294,93022.6,0.0,0.999914,0.218138
1200_dose_200_gradient_0_VconcST_0.04_Vconc_1.6_run_0.csv,1200.0,200.0,0,1.6,0.04,1.6,0,24.25,94291.6,344.386,36.7237,94291.6,0.0,0.999915,0.214993
1200_dose_200_gradient_0_VconcST_0.04_Vconc_1.6_run_0.csv,1200.0,200.0,0,1.6,0.04,1.6,0,24.5,95523.7,337.561,37.2035,95523.7,0.0,0.999916,0.212726
1200_dose_200_gradient_0_VconcST_0.04_Vconc_1.6_run_0.csv,1200.0,200.0,0,1.6,0.04,1.6,0,24.75,96719.7,330.871,37.6693,96719.7,0.0,0.999917,0.209917
1200_dose_200_gradient_0_VconcST_0.04_Vconc_1.6_run_0.csv,1200.0,200.0,0,1.6,0.04,1.6,0,25.0,97895.8,524.314,38.1274,97895.8,0.0,0.999918,0.207152
1200_dose_200_gradient_0_VconcST_0.04_Vconc_1.6_run_0.csv,1200.0,200.0,0,1.6,0.04,1.6,0,25.25,99944.7,513.922,38.9254,99944.7,0.0,0.99992,0.203083
1200_dose_200_gradient_0_VconcST_0.04_Vconc_1.6_run_0.csv,1200.0,200.0,0,1.6,0.04,1.6,0,25.5,101938.0,503.737,39.7017,101938.0,0.0,0.999922,0.199163
1200_dose_200_gradient_0_VconcST_0.04_Vconc_1.6_run_0.csv,1200.0,200.0,0,1.6,0.04,1.6,0,25.75,103877.0,493.753,40.4567,103877.0,0.0,0.999923,0.195771
1200_dose_200_gradient_0_VconcST_0.04_Vconc_1.6_run_0.csv,1200.0,200.0,0,1.6,0.04,1.6,0,26.0,105762.0,483.968,41.191,105762.0,0.0,0.999924,0.191928
1200_dose_200_gradient_0_VconcST_0.04_Vconc_1.6_run_0.csv,1200.0,200.0,0,1.6,0.04,1.6,0,26.25,107595.0,474.376,41.9048,107595.0,0.0,0.999926,0.188762
1200_dose_200_gradient_0_VconcST_0.04_Vconc_1.6_run_0.csv,1200.0,200.0,0,1.6,0.04,1.6,0,26.5,109376.0,464.975,42.5987,109376.0,0.0,0.999927,0.185966
1200_dose_200_gradient_0_VconcST_0.04_Vconc_1.6_run_0.csv,1200.0,200.0,0,1.6,0.04,1.6,0,26.75,111108.0,455.759,43.2731,111108.0,0.0,0.999928,0.182798
1200_dose_200_gradient_0_VconcST_0.04_Vconc_1.6_run_0.csv,1200.0,200.0,0,1.6,0.04,1.6,0,27.0,112790.0,446.727,43.9283,112790.0,0.0,0.999929,0.180391
1200_dose_200_gradient_0_VconcST_0.04_Vconc_1.6_run_0.csv,1200.0,200.0,0,1.6,0.04,1.6,0,27.25,114425.0,437.873,44.5649,114425.0,0.0,0.99993,0.177628
1200_dose_200_gradient_0_VconcST_0.04_Vconc_1.6_run_0.csv,1200.0,200.0,0,1.6,0.04,1.6,0,27.5,116012.0,429.195,45.1831,116012.0,0.0,0.999931,0.174956
1200_dose_200_gradient_0_VconcST_0.04_Vconc_1.6_run_0.csv,1200.0,200.0,0,1.6,0.04,1.6,0,27.75,117553.0,420.689,45.7833,117553.0,0.0,0.999932,0.17248
1200_dose_200_gradient_0_VconcST_0.04_Vconc_1.6_run_0.csv,1200.0,200.0,0,1.6,0.04,1.6,0,28.0,119049.0,412.351,46.366,119049.0,0.0,0.999933,0.170819
1200_dose_200_gradient_0_VconcST_0.04_Vconc_1.6_run_0.csv,1200.0,200.0,0,1.6,0.04,1.6,0,28.25,120501.0,404.179,46.9315,120501.0,0.0,0.999934,0.168259
1200_dose_200_gradient_0_VconcST_0.04_Vconc_1.6_run_0.csv,1200.0,200.0,0,1.6,0.04,1.6,0,28.5,121910.0,396.169,47.4802,121910.0,0.0,0.999934,0.166381
1200_dose_200_gradient_0_VconcST_0.04_Vconc_1.6_run_0.csv,1200.0,200.0,0,1.6,0.04,1.6,0,28.75,123276.0,388.317,48.0123,123276.0,0.0,0.999935,0.16449
1200_dose_200_gradient_0_VconcST_0.04_Vconc_3.2_run_0.csv,1200.0,200.0,0,3.2,0.04,3.2,0,0.0,0.0,0.0,0.0,0.0,0.0,0.0,0.0
1200_dose_200_gradient_0_VconcST_0.04_Vconc_3.2_run_0.csv,1200.0,200.0,0,3.2,0.04,3.2,0,0.25,0.0,0.0,0.0,0.0,0.0,0.0,7421.71
1200_dose_200_gradient_0_VconcST_0.04_Vconc_3.2_run_0.csv,1200.0,200.0,0,3.2,0.04,3.2,0,0.5,0.0,0.0,0.0,0.0,0.0,0.0,292.456
1200_dose_200_gradient_0_VconcST_0.04_Vconc_3.2_run_0.csv,1200.0,200.0,0,3.2,0.04,3.2,0,0.75,0.0,0.0,0.0,0.0,0.0,0.0,8375.32
1200_dose_200_gradient_0_VconcST_0.04_Vconc_3.2_run_0.csv,1200.0,200.0,0,3.2,0.04,3.2,0,1.0,0.0,0.0,0.0,0.0,0.0,0.0,291.417
1200_dose_200_gradient_0_VconcST_0.04_Vconc_3.2_run_0.csv,1200.0,200.0,0,3.2,0.04,3.2,0,1.25,0.0,0.0,0.0,0.0,0.0,0.0,9136.84
1200_dose_200_gradient_0_VconcST_0.04_Vconc_3.2_run_0.csv,1200.0,200.0,0,3.2,0.04,3.2,0,1.5,0.0,0.0,0.0,0.0,0.0,0.0,306.29
1200_dose_200_gradient_0_VconcST_0.04_Vconc_3.2_run_0.csv,1200.0,200.0,0,3.2,0.04,3.2,0,1.75,0.0,0.0,0.0,0.0,0.0,0.0,8140.55
1200_dose_200_gradient_0_VconcST_0.04_Vconc_3.2_run_0.csv,1200.0,200.0,0,3.2,0.04,3.2,0,2.0,0.0,0.0,0.0,0.0,0.0,0.0,289.374
1200_dose_200_gradient_0_VconcST_0.04_Vconc_3.2_run_0.csv,1200.0,200.0,0,3.2,0.04,3.2,0,2.25,0.0,0.0,0.0,0.0,0.0,0.0,8780.98
1200_dose_200_gradient_0_VconcST_0.04_Vconc_3.2_run_0.csv,1200.0,200.0,0,3.2,0.04,3.2,0,2.5,0.0,0.0,0.0,0.0,0.0,0.0,296.013
1200_dose_200_gradient_0_VconcST_0.04_Vconc_3.2_run_0.csv,1200.0,200.0,0,3.2,0.04,3.2,0,2.75,0.0,0.0,0.0,0.0,0.0,0.0,8542.21
1200_dose_200_gradient_0_VconcST_0.04_Vconc_3.2_run_0.csv,1200.0,200.0,0,3.2,0.04,3.2,0,3.0,0.0,0.0,0.0,0.0,0.0,0.0,298.496
1200_dose_200_gradient_0_VconcST_0.04_Vconc_3.2_run_0.csv,1200.0,200.0,0,3.2,0.04,3.2,0,3.25,0.0,0.0,0.0,0.0,0.0,0.0,8206.88
1200_dose_200_gradient_0_VconcST_0.04_Vconc_3.2_run_0.csv,1200.0,200.0,0,3.2,0.04,3.2,0,3.5,0.0,0.0,0.0,0.0,0.0,0.0,290.787
1200_dose_200_gradient_0_VconcST_0.04_Vconc_3.2_run_0.csv,1200.0,200.0,0,3.2,0.04,3.2,0,3.75,0.0,0.0,0.0,0.0,0.0,0.0,8817.58
1200_dose_200_gradient_0_VconcST_0.04_Vconc_3.2_run_0.csv,1200.0,200.0,0,3.2,0.04,3.2,0,4.0,0.0,0.0,0.0,0.0,0.0,0.0,282.287
1200_dose_200_gradient_0_VconcST_0.04_Vconc_3.2_run_0.csv,1200.0,200.0,0,3.2,0.04,3.2,0,4.25,0.0,0.0,0.0,0.0,0.0,0.0,8223.41
1200_dose_200_gradient_0_VconcST_0.04_Vconc_3.2_run_0.csv,1200.0,200.0,0,3.2,0.04,3.2,0,4.5,0.0,0.0,0.0,0.0,0.0,0.0,290.563
1200_dose_200_gradient_0_VconcST_0.04_Vconc_3.2_run_0.csv,1200.0,200.0,0,3.2,0.04,3.2,0,4.75,0.0,0.0,0.0,0.0,0.0,0.0,8111.07
1200_dose_200_gradient_0_VconcST_0.04_Vconc_3.2_run_0.csv,1200.0,200.0,0,3.2,0.04,3.2,0,5.0,15.5725,200.0,0.00606501,15.5725,0.0,0.0,300.744
1200_dose_200_gradient_0_VconcST_0.04_Vconc_3.2_run_0.csv,1200.0,200.0,0,3.2,0.04,3.2,0,5.25,938.689,196.036,0.36559,938.689,0.0,0.991412,51.4081
1200_dose_200_gradient_0_VconcST_0.04_Vconc_3.2_run_0.csv,1200.0,200.0,0,3.2,0.04,3.2,0,5.5,1840.01,192.151,0.716626,1840.01,0.0,0.995636,23.9864
1200_dose_200_gradient_0_VconcST_0.04_Vconc_3.2_run_0.csv,1200.0,200.0,0,3.2,0.04,3.2,0,5.75,2719.98,188.343,1.05935,2719.98,0.0,0.997052,15.9792
1200_dose_200_gradient_0_VconcST_0.04_Vconc_3.2_run_0.csv,1200.0,200.0,0,3.2,0.04,3.2,0,6.0,3579.03,184.61,1.39392,3579.03,0.0,0.997761,11.8567
1200_dose_200_gradient_0_VconcST_0.04_Vconc_3.2_run_0.csv,1200.0,200.0,0,3.2,0.04,3.2,0,6.25,4417.6,180.951,1.72052,4417.6,0.0,0.998187,9.48653
1200_dose_200_gradient_0_VconcST_0.04_Vconc_3.2_run_0.csv,1200.0,200.0,0,3.2,0.04,3.2,0,6.5,5236.1,177.365,2.0393,5236.1,0.0,0.998471,8.0116
1200_dose_200_gradient_0_VconcST_0.04_Vconc_3.2_run_0.csv,1200.0,200.0,0,3.2,0.04,3.2,0,6.75,6034.93,173.85,2.35042,6034.93,0.0,0.998673,6.88889
1200_dose_200_gradient_0_VconcST_0.04_Vconc_3.2_run_0.csv,1200.0,200.0,0,3.2,0.04,3.2,0,7.0,6814.52,170.404,2.65404,6814.52,0.0,0.998825,6.09653
1200_dose_200_gradient_0_VconcST_0.04_Vconc_3.2_run_0.csv,1200.0,200.0,0,3.2,0.04,3.2,0,7.25,7575.25,167.027,2.95032,7575.25,0.0,0.998943,5.44539
1200_dose_200_gradient_0_VconcST_0.04_Vconc_3.2_run_0.csv,1200.0,200.0,0,3.2,0.04,3.2,0,7.5,8317.5,163.717,3.23941,8317.5,0.0,0.999038,4.94963
1200_dose_200_gradient_0_VconcST_0.04_Vconc_3.2_run_0.csv,1200.0,200.0,0,3.2,0.04,3.2,0,7.75,9041.66,160.472,3.52144,9041.66,0.0,0.999115,4.55722
1200_dose_200_gradient_0_VconcST_0.04_Vconc_3.2_run_0.csv,1200.0,200.0,0,3.2,0.04,3.2,0,8.0,9748.09,157.292,3.79658,9748.09,0.0,0.999179,4.22144
1200_dose_200_gradient_0_VconcST_0.04_Vconc_3.2_run_0.csv,1200.0,200.0,0,3.2,0.04,3.2,0,8.25,10437.2,154.175,4.06495,10437.2,0.0,0.999233,3.91013
1200_dose_200_gradient_0_VconcST_0.04_Vconc_3.2_run_0.csv,1200.0,200.0,0,3.2,0.04,3.2,0,8.5,11109.2,151.119,4.3267,11109.2,0.0,0.99928,3.69847
1200_dose_200_gradient_0_VconcST_0.04_Vconc_3.2_run_0.csv,1200.0,200.0,0,3.2,0.04,3.2,0,8.75,11764.7,148.124,4.58197,11764.7,0.0,0.99932,3.49111
1200_dose_200_gradient_0_VconcST_0.04_Vconc_3.2_run_0.csv,1200.0,200.0,0,3.2,0.04,3.2,0,9.0,12403.8,145.188,4.83089,12403.8,0.0,0.999355,3.29345
1200_dose_200_gradient_0_VconcST_0.04_Vconc_3.2_run_0.csv,1200.0,200.0,0,3.2,0.04,3.2,0,9.25,13026.9,142.311,5.07358,13026.9,0.0,0.999386,3.14844
1200_dose_200_gradient_0_VconcST_0.04_Vconc_3.2_run_0.csv,1200.0,200.0,0,3.2,0.04,3.2,0,9.5,13634.4,139.49,5.31017,13634.4,0.0,0.999413,2.99353
1200_dose_200_gradient_0_VconcST_0.04_Vconc_3.2_run_0.csv,1200.0,200.0,0,3.2,0.04,3.2,0,9.75,14226.6,136.726,5.54081,14226.6,0.0,0.999438,2.87638
1200_dose_200_gradient_0_VconcST_0.04_Vconc_3.2_run_0.csv,1200.0,200.0,0,3.2,0.04,3.2,0,10.0,14819.3,334.016,5.77166,14819.3,0.0,0.99946,2.75357
1200_dose_200_gradient_0_VconcST_0.04_Vconc_3.2_run_0.csv,1200.0,200.0,0,3.2,0.04,3.2,0,10.25,16304.9,327.396,6.35025,16304.9,0.0,0.999509,2.52151
1200_dose_200_gradient_0_VconcST_0.04_Vconc_3.2_run_0.csv,1200.0,200.0,0,3.2,0.04,3.2,0,10.5,17754.3,320.908,6.91475,17754.3,0.0,0.999549,2.31451
1200_dose_200_gradient_0_VconcST_0.04_Vconc_3.2_run_0.csv,1200.0,200.0,0,3.2,0.04,3.2,0,10.75,19168.2,314.548,7.46544,19168.2,0.0,0.999582,2.14619
1200_dose_200_gradient_0_VconcST_0.04_Vconc_3.2_run_0.csv,1200.0,200.0,0,3.2,0.04,3.2,0,11.0,20547.5,308.314,8.0026,20547.5,0.0,0.99961,1.99153
1200_dose_200_gradient_0_VconcST_0.04_Vconc_3.2_run_0.csv,1200.0,200.0,0,3.2,0.04,3.2,0,11.25,21892.7,302.203,8.52653,21892.7,0.0,0.999634,1.87269
1200_dose_200_gradient_0_VconcST_0.04_Vconc_3.2_run_0.csv,1200.0,200.0,0,3.2,0.04,3.2,0,11.5,23204.6,296.214,9.03748,23204.6,0.0,0.999655,1.76613
1200_dose_200_gradient_0_VconcST_0.04_Vconc_3.2_run_0.csv,1200.0,200.0,0,3.2,0.04,3.2,0,11.75,24483.9,290.344,9.53573,24483.9,0.0,0.999673,1.67459
1200_dose_200_gradient_0_VconcST_0.04_Vconc_3.2_run_0.csv,1200.0,200.0,0,3.2,0.04,3.2,0,12.0,25731.3,284.589,10.0215,25731.3,0.0,0.999689,1.59012
1200_dose_200_gradient_0_VconcST_0.04_Vconc_3.2_run_0.csv,1200.0,200.0,0,3.2,0.04,3.2,0,12.25,26947.3,278.949,10.4951,26947.3,0.0,0.999703,1.51614
1200_dose_200_gradient_0_VconcST_0.04_Vconc_3.2_run_0.csv,1200.0,200.0,0,3.2,0.04,3.2,0,12.5,28132.7,273.42,10.9568,28132.7,0.0,0.999716,1.45035
1200_dose_200_gradient_0_VconcST_0.04_Vconc_3.2_run_0.csv,1200.0,200.0,0,3.2,0.04,3.2,0,12.75,29288.2,268.001,11.4068,29288.2,0.0,0.999727,1.39138
1200_dose_200_gradient_0_VconcST_0.04_Vconc_3.2_run_0.csv,1200.0,200.0,0,3.2,0.04,3.2,0,13.0,30414.2,262.69,11.8454,30414.2,0.0,0.999737,1.34751
1200_dose_200_gradient_0_VconcST_0.04_Vconc_3.2_run_0.csv,1200.0,200.0,0,3.2,0.04,3.2,0,13.25,31511.4,257.484,12.2727,31511.4,0.0,0.999746,1.29388
1200_dose_200_gradient_0_VconcST_0.04_Vconc_3.2_run_0.csv,1200.0,200.0,0,3.2,0.04,3.2,0,13.5,32580.4,252.381,12.6891,32580.4,0.0,0.999754,1.24877
1200_dose_200_gradient_0_VconcST_0.04_Vconc_3.2_run_0.csv,1200.0,200.0,0,3.2,0.04,3.2,0,13.75,33621.8,247.379,13.0947,33621.8,0.0,0.999762,1.21469
1200_dose_200_gradient_0_VconcST_0.04_Vconc_3.2_run_0.csv,1200.0,200.0,0,3.2,0.04,3.2,0,14.0,34636.2,242.476,13.4897,34636.2,0.0,0.999769,1.1784
1200_dose_200_gradient_0_VconcST_0.04_Vconc_3.2_run_0.csv,1200.0,200.0,0,3.2,0.04,3.2,0,14.25,35624.1,237.67,13.8745,35624.1,0.0,0.999775,1.14325
1200_dose_200_gradient_0_VconcST_0.04_Vconc_3.2_run_0.csv,1200.0,200.0,0,3.2,0.04,3.2,0,14.5,36586.1,232.96,14.2491,36586.1,0.0,0.999781,1.11384
1200_dose_200_gradient_0_VconcST_0.04_Vconc_3.2_run_0.csv,1200.0,200.0,0,3.2,0.04,3.2,0,14.75,37522.7,228.343,14.6139,37522.7,0.0,0.999787,1.08467
1200_dose_200_gradient_0_VconcST_0.04_Vconc_3.2_run_0.csv,1200.0,200.0,0,3.2,0.04,3.2,0,15.0,38450.0,423.817,14.9751,38450.0,0.0,0.999792,1.05923
1200_dose_200_gradient_0_VconcST_0.04_Vconc_3.2_run_0.csv,1200.0,200.0,0,3.2,0.04,3.2,0,15.25,40260.5,415.418,15.6802,40260.5,0.0,0.999801,1.01287
1200_dose_200_gradient_0_VconcST_0.04_Vconc_3.2_run_0.csv,1200.0,200.0,0,3.2,0.04,3.2,0,15.5,42025.3,407.184,16.3676,42025.3,0.0,0.99981,0.971418
1200_dose_200_gradient_0_VconcST_0.04_Vconc_3.2_run_0.csv,1200.0,200.0,0,3.2,0.04,3.2,0,15.75,43745.5,399.115,17.0375,43745.5,0.0,0.999817,0.931983
1200_dose_200_gradient_0_VconcST_0.04_Vconc_3.2_run_0.csv,1200.0,200.0,0,3.2,0.04,3.2,0,16.0,45421.9,391.205,17.6904,45421.9,0.0,0.999824,0.895859
1200_dose_200_gradient_0_VconcST_0.04_Vconc_3.2_run_0.csv,1200.0,200.0,0,3.2,0.04,3.2,0,16.25,47055.4,383.451,18.3266,47055.4,0.0,0.99983,0.866105
1200_dose_200_gradient_0_VconcST_0.04_Vconc_3.2_run_0.csv,1200.0,200.0,0,3.2,0.04,3.2,0,16.5,48647.0,375.852,18.9465,48647.0,0.0,0.999835,0.836195
1200_dose_200_gradient_0_VconcST_0.04_Vconc_3.2_run_0.csv,1200.0,200.0,0,3.2,0.04,3.2,0,16.75,50197.4,368.403,19.5503,50197.4,0.0,0.999841,0.813652
1200_dose_200_gradient_0_VconcST_0.04_Vconc_3.2_run_0.csv,1200.0,200.0,0,3.2,0.04,3.2,0,17.0,51707.5,361.102,20.1385,51707.5,0.0,0.999845,0.7869
1200_dose_200_gradient_0_VconcST_0.04_Vconc_3.2_run_0.csv,1200.0,200.0,0,3.2,0.04,3.2,0,17.25,53178.3,353.945,20.7113,53178.3,0.0,0.999849,0.764179
1200_dose_200_gradient_0_VconcST_0.04_Vconc_3.2_run_0.csv,1200.0,200.0,0,3.2,0.04,3.2,0,17.5,54610.4,346.93,21.2691,54610.4,0.0,0.999853,0.746032
1200_dose_200_gradient_0_VconcST_0.04_Vconc_3.2_run_0.csv,1200.0,200.0,0,3.2,0.04,3.2,0,17.75,56004.7,340.054,21.8121,56004.7,0.0,0.999857,0.726555
1200_dose_200_gradient_0_VconcST_0.04_Vconc_3.2_run_0.csv,1200.0,200.0,0,3.2,0.04,3.2,0,18.0,57362.0,333.315,22.3407,57362.0,0.0,0.999861,0.709776
1200_dose_200_gradient_0_VconcST_0.04_Vconc_3.2_run_0.csv,1200.0,200.0,0,3.2,0.04,3.2,0,18.25,58683.0,326.709,22.8552,58683.0,0.0,0.999864,0.692831
1200_dose_200_gradient_0_VconcST_0.04_Vconc_3.2_run_0.csv,1200.0,200.0,0,3.2,0.04,3.2,0,18.5,59968.6,320.234,23.3559,59968.6,0.0,0.999867,0.67833
1200_dose_200_gradient_0_VconcST_0.04_Vconc_3.2_run_0.csv,1200.0,200.0,0,3.2,0.04,3.2,0,18.75,61219.4,313.887,23.843,61219.4,0.0,0.999869,0.666654
1200_dose_200_gradient_0_VconcST_0.04_Vconc_3.2_run_0.csv,1200.0,200.0,0,3.2,0.04,3.2,0,19.0,62436.1,307.666,24.3169,62436.1,0.0,0.999872,0.649964
1200_dose_200_gradient_0_VconcST_0.04_Vconc_3.2_run_0.csv,1200.0,200.0,0,3.2,0.04,3.2,0,19.25,63619.5,301.569,24.7778,63619.5,0.0,0.999874,0.638675
1200_dose_200_gradient_0_VconcST_0.04_Vconc_3.2_run_0.csv,1200.0,200.0,0,3.2,0.04,3.2,0,19.5,64770.3,295.592,25.226,64770.3,0.0,0.999876,0.626768
1200_dose_200_gradient_0_VconcST_0.04_Vconc_3.2_run_0.csv,1200.0,200.0,0,3.2,0.04,3.2,0,19.75,65889.1,289.734,25.6618,65889.1,0.0,0.999879,0.617342
1200_dose_200_gradient_0_VconcST_0.04_Vconc_3.2_run_0.csv,1200.0,200.0,0,3.2,0.04,3.2,0,20.0,66992.2,483.992,26.0914,66992.2,0.0,0.999881,0.606944
1200_dose_200_gradient_0_VconcST_0.04_Vconc_3.2_run_0.csv,1200.0,200.0,0,3.2,0.04,3.2,0,20.25,68972.2,474.4,26.8625,68972.2,0.0,0.999884,0.589802
1200_dose_200_gradient_0_VconcST_0.04_Vconc_3.2_run_0.csv,1200.0,200.0,0,3.2,0.04,3.2,0,20.5,70900.4,464.997,27.6135,70900.4,0.0,0.999887,0.573817
1200_dose_200_gradient_0_VconcST_0.04_Vconc_3.2_run_0.csv,1200.0,200.0,0,3.2,0.04,3.2,0,20.75,72777.9,455.782,28.3447,72777.9,0.0,0.99989,0.559131
1200_dose_200_gradient_0_VconcST_0.04_Vconc_3.2_run_0.csv,1200.0,200.0,0,3.2,0.04,3.2,0,21.0,74605.8,446.749,29.0566,74605.8,0.0,0.999893,0.544747
1200_dose_200_gradient_0_VconcST_0.04_Vconc_3.2_run_0.csv,1200.0,200.0,0,3.2,0.04,3.2,0,21.25,76385.0,437.895,29.7496,76385.0,0.0,0.999895,0.531822
1200_dose_200_gradient_0_VconcST_0.04_Vconc_3.2_run_0.csv,1200.0,200.0,0,3.2,0.04,3.2,0,21.5,78116.7,429.216,30.424,78116.7,0.0,0.999898,0.520827
1200_dose_200_gradient_0_VconcST_0.04_Vconc_3.2_run_0.csv,1200.0,200.0,0,3.2,0.04,3.2,0,21.75,79801.7,420.71,31.0803,79801.7,0.0,0.9999,0.509219
1200_dose_200_gradient_0_VconcST_0.04_Vconc_3.2_run_0.csv,1200.0,200.0,0,3.2,0.04,3.2,0,22.0,81441.0,412.372,31.7187,81441.0,0.0,0.999902,0.498818
1200_dose_200_gradient_0_VconcST_0.04_Vconc_3.2_run_0.csv,1200.0,200.0,0,3.2,0.04,3.2,0,22.25,83035.6,404.199,32.3398,83035.6,0.0,0.999904,0.489407
1200_dose_200_gradient_0_VconcST_0.04_Vconc_3.2_run_0.csv,1200.0,200.0,0,3.2,0.04,3.2,0,22.5,84586.6,396.188,32.9438,84586.6,0.0,0.999905,0.480788
1200_dose_200_gradient_0_VconcST_0.04_Vconc_3.2_run_0.csv,1200.0,200.0,0,3.2,0.04,3.2,0,22.75,86094.6,388.336,33.5312,86094.6,0.0,0.999907,0.471237
1200_dose_200_gradient_0_VconcST_0.04_Vconc_3.2_run_0.csv,1200.0,200.0,0,3.2,0.04,3.2,0,23.0,87560.6,380.64,34.1021,87560.6,0.0,0.999909,0.463399
1200_dose_200_gradient_0_VconcST_0.04_Vconc_3.2_run_0.csv,1200.0,200.0,0,3.2,0.04,3.2,0,23.25,88985.7,373.096,34.6572,88985.7,0.0,0.99991,0.457448
1200_dose_200_gradient_0_VconcST_0.04_Vconc_3.2_run_0.csv,1200.0,200.0,0,3.2,0.04,3.2,0,23.5,90370.4,365.702,35.1965,90370.4,0.0,0.999911,0.449246
1200_dose_200_gradient_0_VconcST_0.04_Vconc_3.2_run_0.csv,1200.0,200.0,0,3.2,0.04,3.2,0,23.75,91715.7,358.454,35.7204,91715.7,0.0,0.999913,0.44252
1200_dose_200_gradient_0_VconcST_0.04_Vconc_3.2_run_0.csv,1200.0,200.0,0,3.2,0.04,3.2,0,24.0,93022.6,351.35,36.2294,93022.6,0.0,0.999914,0.437654
1200_dose_200_gradient_0_VconcST_0.04_Vconc_3.2_run_0.csv,1200.0,200.0,0,3.2,0.04,3.2,0,24.25,94291.6,344.386,36.7237,94291.6,0.0,0.999915,0.43015
1200_dose_200_gradient_0_VconcST_0.04_Vconc_3.2_run_0.csv,1200.0,200.0,0,3.2,0.04,3.2,0,24.5,95523.7,337.561,37.2035,95523.7,0.0,0.999916,0.424516
1200_dose_200_gradient_0_VconcST_0.04_Vconc_3.2_run_0.csv,1200.0,200.0,0,3.2,0.04,3.2,0,24.75,96719.7,330.871,37.6693,96719.7,0.0,0.999917,0.419381
1200_dose_200_gradient_0_VconcST_0.04_Vconc_3.2_run_0.csv,1200.0,200.0,0,3.2,0.04,3.2,0,25.0,97895.8,524.314,38.1274,97895.8,0.0,0.999918,0.41495
1200_dose_200_gradient_0_VconcST_0.04_Vconc_3.2_run_0.csv,1200.0,200.0,0,3.2,0.04,3.2,0,25.25,99944.7,513.922,38.9254,99944.7,0.0,0.99992,0.406952
1200_dose_200_gradient_0_VconcST_0.04_Vconc_3.2_run_0.csv,1200.0,200.0,0,3.2,0.04,3.2,0,25.5,101938.0,503.737,39.7017,101938.0,0.0,0.999922,0.398822
1200_dose_200_gradient_0_VconcST_0.04_Vconc_3.2_run_0.csv,1200.0,200.0,0,3.2,0.04,3.2,0,25.75,103877.0,493.753,40.4567,103877.0,0.0,0.999923,0.391068
1200_dose_200_gradient_0_VconcST_0.04_Vconc_3.2_run_0.csv,1200.0,200.0,0,3.2,0.04,3.2,0,26.0,105762.0,483.968,41.191,105762.0,0.0,0.999924,0.384398
1200_dose_200_gradient_0_VconcST_0.04_Vconc_3.2_run_0.csv,1200.0,200.0,0,3.2,0.04,3.2,0,26.25,107595.0,474.376,41.9048,107595.0,0.0,0.999926,0.377638
1200_dose_200_gradient_0_VconcST_0.04_Vconc_3.2_run_0.csv,1200.0,200.0,0,3.2,0.04,3.2,0,26.5,109376.0,464.975,42.5987,109376.0,0.0,0.999927,0.371076
1200_dose_200_gradient_0_VconcST_0.04_Vconc_3.2_run_0.csv,1200.0,200.0,0,3.2,0.04,3.2,0,26.75,111108.0,455.759,43.2731,111108.0,0.0,0.999928,0.365743
1200_dose_200_gradient_0_VconcST_0.04_Vconc_3.2_run_0.csv,1200.0,200.0,0,3.2,0.04,3.2,0,27.0,112790.0,446.727,43.9283,112790.0,0.0,0.999929,0.359704
1200_dose_200_gradient_0_VconcST_0.04_Vconc_3.2_run_0.csv,1200.0,200.0,0,3.2,0.04,3.2,0,27.25,114425.0,437.873,44.5649,114425.0,0.0,0.99993,0.354865
1200_dose_200_gradient_0_VconcST_0.04_Vconc_3.2_run_0.csv,1200.0,200.0,0,3.2,0.04,3.2,0,27.5,116012.0,429.195,45.1831,116012.0,0.0,0.999931,0.349452
1200_dose_200_gradient_0_VconcST_0.04_Vconc_3.2_run_0.csv,1200.0,200.0,0,3.2,0.04,3.2,0,27.75,117553.0,420.689,45.7833,117553.0,0.0,0.999932,0.345392
1200_dose_200_gradient_0_VconcST_0.04_Vconc_3.2_run_0.csv,1200.0,200.0,0,3.2,0.04,3.2,0,28.0,119049.0,412.351,46.366,119049.0,0.0,0.999933,0.341943
1200_dose_200_gradient_0_VconcST_0.04_Vconc_3.2_run_0.csv,1200.0,200.0,0,3.2,0.04,3.2,0,28.25,120501.0,404.179,46.9315,120501.0,0.0,0.999934,0.336491
1200_dose_200_gradient_0_VconcST_0.04_Vconc_3.2_run_0.csv,1200.0,200.0,0,3.2,0.04,3.2,0,28.5,121910.0,396.169,47.4802,121910.0,0.0,0.999934,0.332571
1200_dose_200_gradient_0_VconcST_0.04_Vconc_3.2_run_0.csv,1200.0,200.0,0,3.2,0.04,3.2,0,28.75,123276.0,388.317,48.0123,123276.0,0.0,0.999935,0.329636
1200_dose_200_gradient_0_VconcST_0.04_Vconc_0.8_run_0.csv,1200.0,200.0,0,0.8,0.04,0.8,0,0.0,0.0,0.0,0.0,0.0,0.0,0.0,0.0
1200_dose_200_gradient_0_VconcST_0.04_Vconc_0.8_run_0.csv,1200.0,200.0,0,0.8,0.04,0.8,0,0.25,0.0,0.0,0.0,0.0,0.0,0.0,1340.46
1200_dose_200_gradient_0_VconcST_0.04_Vconc_0.8_run_0.csv,1200.0,200.0,0,0.8,0.04,0.8,0,0.5,0.0,0.0,0.0,0.0,0.0,0.0,836.666
1200_dose_200_gradient_0_VconcST_0.04_Vconc_0.8_run_0.csv,1200.0,200.0,0,0.8,0.04,0.8,0,0.75,0.0,0.0,0.0,0.0,0.0,0.0,926.416
1200_dose_200_gradient_0_VconcST_0.04_Vconc_0.8_run_0.csv,1200.0,200.0,0,0.8,0.04,0.8,0,1.0,0.0,0.0,0.0,0.0,0.0,0.0,1048.82
1200_dose_200_gradient_0_VconcST_0.04_Vconc_0.8_run_0.csv,1200.0,200.0,0,0.8,0.04,0.8,0,1.25,0.0,0.0,0.0,0.0,0.0,0.0,944.044
1200_dose_200_gradient_0_VconcST_0.04_Vconc_0.8_run_0.csv,1200.0,200.0,0,0.8,0.04,0.8,0,1.5,0.0,0.0,0.0,0.0,0.0,0.0,1012.72
1200_dose_200_gradient_0_VconcST_0.04_Vconc_0.8_run_0.csv,1200.0,200.0,0,0.8,0.04,0.8,0,1.75,0.0,0.0,0.0,0.0,0.0,0.0,1000.93
1200_dose_200_gradient_0_VconcST_0.04_Vconc_0.8_run_0.csv,1200.0,200.0,0,0.8,0.04,0.8,0,2.0,0.0,0.0,0.0,0.0,0.0,0.0,1010.54
1200_dose_200_gradient_0_VconcST_0.04_Vconc_0.8_run_0.csv,1200.0,200.0,0,0.8,0.04,0.8,0,2.25,0.0,0.0,0.0,0.0,0.0,0.0,1170.09
1200_dose_200_gradient_0_VconcST_0.04_Vconc_0.8_run_0.csv,1200.0,200.0,0,0.8,0.04,0.8,0,2.5,0.0,0.0,0.0,0.0,0.00203125,0.0,1409.4
1200_dose_200_gradient_0_VconcST_0.04_Vconc_0.8_run_0.csv,1200.0,200.0,0,0.8,0.04,0.8,0,2.75,0.0,0.0,0.0,0.0,0.0309375,0.0,1601.24
1200_dose_200_gradient_0_VconcST_0.04_Vconc_0.8_run_0.csv,1200.0,200.0,0,0.8,0.04,0.8,0,3.0,0.0,0.0,0.0,0.0,0.0910938,0.0,1745.46
1200_dose_200_gradient_0_VconcST_0.04_Vconc_0.8_run_0.csv,1200.0,200.0,0,0.8,0.04,0.8,0,3.25,0.0,0.0,0.0,0.0,0.1825,0.0,2133.63
1200_dose_200_gradient_0_VconcST_0.04_Vconc_0.8_run_0.csv,1200.0,200.0,0,0.8,0.04,0.8,0,3.5,0.0,0.0,0.0,0.0,0.305156,0.0,2062.73
1200_dose_200_gradient_0_VconcST_0.04_Vconc_0.8_run_0.csv,1200.0,200.0,0,0.8,0.04,0.8,0,3.75,0.0,0.0,0.0,0.0,0.459062,0.0,2169.16
1200_dose_200_gradient_0_VconcST_0.04_Vconc_0.8_run_0.csv,1200.0,200.0,0,0.8,0.04,0.8,0,4.0,0.0,0.0,0.0,0.0,0.644219,0.0,2255.99
1200_dose_200_gradient_0_VconcST_0.04_Vconc_0.8_run_0.csv,1200.0,200.0,0,0.8,0.04,0.8,0,4.25,0.0,0.0,0.0,0.0,0.860625,0.0,2244.98
1200_dose_200_gradient_0_VconcST_0.04_Vconc_0.8_run_0.csv,1200.0,200.0,0,0.8,0.04,0.8,0,4.5,0.0,0.0,0.0,0.0,1.0,0.0,2256.74
1200_dose_200_gradient_0_VconcST_0.04_Vconc_0.8_run_0.csv,1200.0,200.0,0,0.8,0.04,0.8,0,4.75,0.0,0.0,0.0,0.0,1.0,0.0,2207.41
1200_dose_200_gradient_0_VconcST_0.04_Vconc_0.8_run_0.csv,1200.0,200.0,0,0.8,0.04,0.8,0,5.0,15.5725,200.0,0.00606501,15.5725,1.0,0.0,2197.55
1200_dose_200_gradient_0_VconcST_0.04_Vconc_0.8_run_0.csv,1200.0,200.0,0,0.8,0.04,0.8,0,5.25,938.689,196.036,0.36559,938.689,0.0,0.991412,12.8744
1200_dose_200_gradient_0_VconcST_0.04_Vconc_0.8_run_0.csv,1200.0,200.0,0,0.8,0.04,0.8,0,5.5,1840.01,192.151,0.716626,1840.01,0.0,0.995636,6.00313
1200_dose_200_gradient_0_VconcST_0.04_Vconc_0.8_run_0.csv,1200.0,200.0,0,0.8,0.04,0.8,0,5.75,2719.98,188.343,1.05935,2719.98,0.0,0.997052,3.94399
1200_dose_200_gradient_0_VconcST_0.04_Vconc_0.8_run_0.csv,1200.0,200.0,0,0.8,0.04,0.8,0,6.0,3579.03,184.61,1.39392,3579.03,0.0,0.997761,2.95426
1200_dose_200_gradient_0_VconcST_0.04_Vconc_0.8_run_0.csv,1200.0,200.0,0,0.8,0.04,0.8,0,6.25,4417.6,180.951,1.72052,4417.6,0.0,0.998187,2.36887
1200_dose_200_gradient_0_VconcST_0.04_Vconc_0.8_run_0.csv,1200.0,200.0,0,0.8,0.04,0.8,0,6.5,5236.1,177.365,2.0393,5236.1,0.0,0.998471,1.99107
1200_dose_200_gradient_0_VconcST_0.04_Vconc_0.8_run_0.csv,1200.0,200.0,0,0.8,0.04,0.8,0,6.75,6034.93,173.85,2.35042,6034.93,0.0,0.998673,1.71229
1200_dose_200_gradient_0_VconcST_0.04_Vconc_0.8_run_0.csv,1200.0,200.0,0,0.8,0.04,0.8,0,7.0,6814.52,170.404,2.65404,6814.52,0.0,0.998825,1.51054
1200_dose_200_gradient_0_VconcST_0.04_Vconc_0.8_run_0.csv,1200.0,200.0,0,0.8,0.04,0.8,0,7.25,7575.25,167.027,2.95032,7575.25,0.0,0.998943,1.35671
1200_dose_200_gradient_0_VconcST_0.04_Vconc_0.8_run_0.csv,1200.0,200.0,0,0.8,0.04,0.8,0,7.5,8317.5,163.717,3.23941,8317.5,0.0,0.999038,1.24089
1200_dose_200_gradient_0_VconcST_0.04_Vconc_0.8_run_0.csv,1200.0,200.0,0,0.8,0.04,0.8,0,7.75,9041.66,160.472,3.52144,9041.66,0.0,0.999115,1.13365
1200_dose_200_gradient_0_VconcST_0.04_Vconc_0.8_run_0.csv,1200.0,200.0,0,0.8,0.04,0.8,0,8.0,9748.09,157.292,3.79658,9748.09,0.0,0.999179,1.05573
1200_dose_200_gradient_0_VconcST_0.04_Vconc_0.8_run_0.csv,1200.0,200.0,0,0.8,0.04,0.8,0,8.25,10437.2,154.175,4.06495,10437.2,0.0,0.999233,0.983372
1200_dose_200_gradient_0_VconcST_0.04_Vconc_0.8_run_0.csv,1200.0,200.0,0,0.8,0.04,0.8,0,8.5,11109.2,151.119,4.3267,11109.2,0.0,0.99928,0.920266
1200_dose_200_gradient_0_VconcST_0.04_Vconc_0.8_run_0.csv,1200.0,200.0,0,0.8,0.04,0.8,0,8.75,11764.7,148.124,4.58197,11764.7,0.0,0.99932,0.870162
1200_dose_200_gradient_0_VconcST_0.04_Vconc_0.8_run_0.csv,1200.0,200.0,0,0.8,0.04,0.8,0,9.0,12403.8,145.188,4.83089,12403.8,0.0,0.999355,0.823039
1200_dose_200_gradient_0_VconcST_0.04_Vconc_0.8_run_0.csv,1200.0,200.0,0,0.8,0.04,0.8,0,9.25,13026.9,142.311,5.07358,13026.9,0.0,0.999386,0.783863
1200_dose_200_gradient_0_VconcST_0.04_Vconc_0.8_run_0.csv,1200.0,200.0,0,0.8,0.04,0.8,0,9.5,13634.4,139.49,5.31017,13634.4,0.0,0.999413,0.746931
1200_dose_200_gradient_0_VconcST_0.04_Vconc_0.8_run_0.csv,1200.0,200.0,0,0.8,0.04,0.8,0,9.75,14226.6,136.726,5.54081,14226.6,0.0,0.999438,0.715938
1200_dose_200_gradient_0_VconcST_0.04_Vconc_0.8_run_0.csv,1200.0,200.0,0,0.8,0.04,0.8,0,10.0,14819.3,334.016,5.77166,14819.3,0.0,0.99946,0.687746
1200_dose_200_gradient_0_VconcST_0.04_Vconc_0.8_run_0.csv,1200.0,200.0,0,0.8,0.04,0.8,0,10.25,16304.9,327.396,6.35025,16304.9,0.0,0.999509,0.630605
1200_dose_200_gradient_0_VconcST_0.04_Vconc_0.8_run_0.csv,1200.0,200.0,0,0.8,0.04,0.8,0,10.5,17754.3,320.908,6.91475,17754.3,0.0,0.999549,0.579689
1200_dose_200_gradient_0_VconcST_0.04_Vconc_0.8_run_0.csv,1200.0,200.0,0,0.8,0.04,0.8,0,10.75,19168.2,314.548,7.46544,19168.2,0.0,0.999582,0.534004
1200_dose_200_gradient_0_VconcST_0.04_Vconc_0.8_run_0.csv,1200.0,200.0,0,0.8,0.04,0.8,0,11.0,20547.5,308.314,8.0026,20547.5,0.0,0.99961,0.497684
1200_dose_200_gradient_0_VconcST_0.04_Vconc_0.8_run_0.csv,1200.0,200.0,0,0.8,0.04,0.8,0,11.25,21892.7,302.203,8.52653,21892.7,0.0,0.999634,0.466637
1200_dose_200_gradient_0_VconcST_0.04_Vconc_0.8_run_0.csv,1200.0,200.0,0,0.8,0.04,0.8,0,11.5,23204.6,296.214,9.03748,23204.6,0.0,0.999655,0.43996
1200_dose_200_gradient_0_VconcST_0.04_Vconc_0.8_run_0.csv,1200.0,200.0,0,0.8,0.04,0.8,0,11.75,24483.9,290.344,9.53573,24483.9,0.0,0.999673,0.418124
1200_dose_200_gradient_0_VconcST_0.04_Vconc_0.8_run_0.csv,1200.0,200.0,0,0.8,0.04,0.8,0,12.0,25731.3,284.589,10.0215,25731.3,0.0,0.999689,0.396253
1200_dose_200_gradient_0_VconcST_0.04_Vconc_0.8_run_0.csv,1200.0,200.0,0,0.8,0.04,0.8,0,12.25,26947.3,278.949,10.4951,26947.3,0.0,0.999703,0.378164
1200_dose_200_gradient_0_VconcST_0.04_Vconc_0.8_run_0.csv,1200.0,200.0,0,0.8,0.04,0.8,0,12.5,28132.7,273.42,10.9568,28132.7,0.0,0.999716,0.362407
1200_dose_200_gradient_0_VconcST_0.04_Vconc_0.8_run_0.csv,1200.0,200.0,0,0.8,0.04,0.8,0,12.75,29288.2,268.001,11.4068,29288.2,0.0,0.999727,0.347775
1200_dose_200_gradient_0_VconcST_0.04_Vconc_0.8_run_0.csv,1200.0,200.0,0,0.8,0.04,0.8,0,13.0,30414.2,262.69,11.8454,30414.2,0.0,0.999737,0.334606
1200_dose_200_gradient_0_VconcST_0.04_Vconc_0.8_run_0.csv,1200.0,200.0,0,0.8,0.04,0.8,0,13.25,31511.4,257.484,12.2727,31511.4,0.0,0.999746,0.324277
1200_dose_200_gradient_0_VconcST_0.04_Vconc_0.8_run_0.csv,1200.0,200.0,0,0.8,0.04,0.8,0,13.5,32580.4,252.381,12.6891,32580.4,0.0,0.999754,0.312803
1200_dose_200_gradient_0_VconcST_0.04_Vconc_0.8_run_0.csv,1200.0,200.0,0,0.8,0.04,0.8,0,13.75,33621.8,247.379,13.0947,33621.8,0.0,0.999762,0.302636
1200_dose_200_gradient_0_VconcST_0.04_Vconc_0.8_run_0.csv,1200.0,200.0,0,0.8,0.04,0.8,0,14.0,34636.2,242.476,13.4897,34636.2,0.0,0.999769,0.293456
1200_dose_200_gradient_0_VconcST_0.04_Vconc_0.8_run_0.csv,1200.0,200.0,0,0.8,0.04,0.8,0,14.25,35624.1,237.67,13.8745,35624.1,0.0,0.999775,0.28567
1200_dose_200_gradient_0_VconcST_0.04_Vconc_0.8_run_0.csv,1200.0,200.0,0,0.8,0.04,0.8,0,14.5,36586.1,232.96,14.2491,36586.1,0.0,0.999781,0.278033
1200_dose_200_gradient_0_VconcST_0.04_Vconc_0.8_run_0.csv,1200.0,200.0,0,0.8,0.04,0.8,0,14.75,37522.7,228.343,14.6139,37522.7,0.0,0.999787,0.270854
1200_dose_200_gradient_0_VconcST_0.04_Vconc_0.8_run_0.csv,1200.0,200.0,0,0.8,0.04,0.8,0,15.0,38450.0,423.817,14.9751,38450.0,0.0,0.999792,0.264657
1200_dose_200_gradient_0_VconcST_0.04_Vconc_0.8_run_0.csv,1200.0,200.0,0,0.8,0.04,0.8,0,15.25,40260.5,415.418,15.6802,40260.5,0.0,0.999801,0.253131
1200_dose_200_gradient_0_VconcST_0.04_Vconc_0.8_run_0.csv,1200.0,200.0,0,0.8,0.04,0.8,0,15.5,42025.3,407.184,16.3676,42025.3,0.0,0.99981,0.242702
1200_dose_200_gradient_0_VconcST_0.04_Vconc_0.8_run_0.csv,1200.0,200.0,0,0.8,0.04,0.8,0,15.75,43745.5,399.115,17.0375,43745.5,0.0,0.999817,0.232968
1200_dose_200_gradient_0_VconcST_0.04_Vconc_0.8_run_0.csv,1200.0,200.0,0,0.8,0.04,0.8,0,16.0,45421.9,391.205,17.6904,45421.9,0.0,0.999824,0.224336
1200_dose_200_gradient_0_VconcST_0.04_Vconc_0.8_run_0.csv,1200.0,200.0,0,0.8,0.04,0.8,0,16.25,47055.4,383.451,18.3266,47055.4,0.0,0.99983,0.216479
1200_dose_200_gradient_0_VconcST_0.04_Vconc_0.8_run_0.csv,1200.0,200.0,0,0.8,0.04,0.8,0,16.5,48647.0,375.852,18.9465,48647.0,0.0,0.999835,0.20962
1200_dose_200_gradient_0_VconcST_0.04_Vconc_0.8_run_0.csv,1200.0,200.0,0,0.8,0.04,0.8,0,16.75,50197.4,368.403,19.5503,50197.4,0.0,0.999841,0.202861
1200_dose_200_gradient_0_VconcST_0.04_Vconc_0.8_run_0.csv,1200.0,200.0,0,0.8,0.04,0.8,0,17.0,51707.5,361.102,20.1385,51707.5,0.0,0.999845,0.19678
1200_dose_200_gradient_0_VconcST_0.04_Vconc_0.8_run_0.csv,1200.0,200.0,0,0.8,0.04,0.8,0,17.25,53178.3,353.945,20.7113,53178.3,0.0,0.999849,0.191642
1200_dose_200_gradient_0_VconcST_0.04_Vconc_0.8_run_0.csv,1200.0,200.0,0,0.8,0.04,0.8,0,17.5,54610.4,346.93,21.2691,54610.4,0.0,0.999853,0.186159
1200_dose_200_gradient_0_VconcST_0.04_Vconc_0.8_run_0.csv,1200.0,200.0,0,0.8,0.04,0.8,0,17.75,56004.7,340.054,21.8121,56004.7,0.0,0.999857,0.18189
1200_dose_200_gradient_0_VconcST_0.04_Vconc_0.8_run_0.csv,1200.0,200.0,0,0.8,0.04,0.8,0,18.0,57362.0,333.315,22.3407,57362.0,0.0,0.999861,0.177077
1200_dose_200_gradient_0_VconcST_0.04_Vconc_0.8_run_0.csv,1200.0,200.0,0,0.8,0.04,0.8,0,18.25,58683.0,326.709,22.8552,58683.0,0.0,0.999864,0.173165
1200_dose_200_gradient_0_VconcST_0.04_Vconc_0.8_run_0.csv,1200.0,200.0,0,0.8,0.04,0.8,0,18.5,59968.6,320.234,23.3559,59968.6,0.0,0.999867,0.169568
1200_dose_200_gradient_0_VconcST_0.04_Vconc_0.8_run_0.csv,1200.0,200.0,0,0.8,0.04,0.8,0,18.75,61219.4,313.887,23.843,61219.4,0.0,0.999869,0.165847
1200_dose_200_gradient_0_VconcST_0.04_Vconc_0.8_run_0.csv,1200.0,200.0,0,0.8,0.04,0.8,0,19.0,62436.1,307.666,24.3169,62436.1,0.0,0.999872,0.162695
1200_dose_200_gradient_0_VconcST_0.04_Vconc_0.8_run_0.csv,1200.0,200.0,0,0.8,0.04,0.8,0,19.25,63619.5,301.569,24.7778,63619.5,0.0,0.999874,0.159721
1200_dose_200_gradient_0_VconcST_0.04_Vconc_0.8_run_0.csv,1200.0,200.0,0,0.8,0.04,0.8,0,19.5,64770.3,295.592,25.226,64770.3,0.0,0.999876,0.15676
1200_dose_200_gradient_0_VconcST_0.04_Vconc_0.8_run_0.csv,1200.0,200.0,0,0.8,0.04,0.8,0,19.75,65889.1,289.734,25.6618,65889.1,0.0,0.999879,0.154435
1200_dose_200_gradient_0_VconcST_0.04_Vconc_0.8_run_0.csv,1200.0,200.0,0,0.8,0.04,0.8,0,20.0,66992.2,483.992,26.0914,66992.2,0.0,0.999881,0.151448
1200_dose_200_gradient_0_VconcST_0.04_Vconc_0.8_run_0.csv,1200.0,200.0,0,0.8,0.04,0.8,0,20.25,68972.2,474.4,26.8625,68972.2,0.0,0.999884,0.147378
1200_dose_200_gradient_0_VconcST_0.04_Vconc_0.8_run_0.csv,1200.0,200.0,0,0.8,0.04,0.8,0,20.5,70900.4,464.997,27.6135,70900.4,0.0,0.999887,0.143394
1200_dose_200_gradient_0_VconcST_0.04_Vconc_0.8_run_0.csv,1200.0,200.0,0,0.8,0.04,0.8,0,20.75,72777.9,455.782,28.3447,72777.9,0.0,0.99989,0.139614
1200_dose_200_gradient_0_VconcST_0.04_Vconc_0.8_run_0.csv,1200.0,200.0,0,0.8,0.04,0.8,0,21.0,74605.8,446.749,29.0566,74605.8,0.0,0.999893,0.136146
1200_dose_200_gradient_0_VconcST_0.04_Vconc_0.8_run_0.csv,1200.0,200.0,0,0.8,0.04,0.8,0,21.25,76385.0,437.895,29.7496,76385.0,0.0,0.999895,0.132981
1200_dose_200_gradient_0_VconcST_0.04_Vconc_0.8_run_0.csv,1200.0,200.0,0,0.8,0.04,0.8,0,21.5,78116.7,429.216,30.424,78116.7,0.0,0.999898,0.130422
1200_dose_200_gradient_0_VconcST_0.04_Vconc_0.8_run_0.csv,1200.0,200.0,0,0.8,0.04,0.8,0,21.75,79801.7,420.71,31.0803,79801.7,0.0,0.9999,0.127252
1200_dose_200_gradient_0_VconcST_0.04_Vconc_0.8_run_0.csv,1200.0,200.0,0,0.8,0.04,0.8,0,22.0,81441.0,412.372,31.7187,81441.0,0.0,0.999902,0.124614
1200_dose_200_gradient_0_VconcST_0.04_Vconc_0.8_run_0.csv,1200.0,200.0,0,0.8,0.04,0.8,0,22.25,83035.6,404.199,32.3398,83035.6,0.0,0.999904,0.122201
1200_dose_200_gradient_0_VconcST_0.04_Vconc_0.8_run_0.csv,1200.0,200.0,0,0.8,0.04,0.8,0,22.5,84586.6,396.188,32.9438,84586.6,0.0,0.999905,0.11994
1200_dose_200_gradient_0_VconcST_0.04_Vconc_0.8_run_0.csv,1200.0,200.0,0,0.8,0.04,0.8,0,22.75,86094.6,388.336,33.5312,86094.6,0.0,0.999907,0.118562
1200_dose_200_gradient_0_VconcST_0.04_Vconc_0.8_run_0.csv,1200.0,200.0,0,0.8,0.04,0.8,0,23.0,87560.6,380.64,34.1021,87560.6,0.0,0.999909,0.116057
1200_dose_200_gradient_0_VconcST_0.04_Vconc_0.8_run_0.csv,1200.0,200.0,0,0.8,0.04,0.8,0,23.25,88985.7,373.096,34.6572,88985.7,0.0,0.99991,0.114205
1200_dose_200_gradient_0_VconcST_0.04_Vconc_0.8_run_0.csv,1200.0,200.0,0,0.8,0.04,0.8,0,23.5,90370.4,365.702,35.1965,90370.4,0.0,0.999911,0.112365
1200_dose_200_gradient_0_VconcST_0.04_Vconc_0.8_run_0.csv,1200.0,200.0,0,0.8,0.04,0.8,0,23.75,91715.7,358.454,35.7204,91715.7,0.0,0.999913,0.111058
1200_dose_200_gradient_0_VconcST_0.04_Vconc_0.8_run_0.csv,1200.0,200.0,0,0.8,0.04,0.8,0,24.0,93022.6,351.35,36.2294,93022.6,0.0,0.999914,0.109458
1200_dose_200_gradient_0_VconcST_0.04_Vconc_0.8_run_0.csv,1200.0,200.0,0,0.8,0.04,0.8,0,24.25,94291.6,344.386,36.7237,94291.6,0.0,0.999915,0.107502
1200_dose_200_gradient_0_VconcST_0.04_Vconc_0.8_run_0.csv,1200.0,200.0,0,0.8,0.04,0.8,0,24.5,95523.7,337.561,37.2035,95523.7,0.0,0.999916,0.106144
1200_dose_200_gradient_0_VconcST_0.04_Vconc_0.8_run_0.csv,1200.0,200.0,0,0.8,0.04,0.8,0,24.75,96719.7,330.871,37.6693,96719.7,0.0,0.999917,0.104905
1200_dose_200_gradient_0_VconcST_0.04_Vconc_0.8_run_0.csv,1200.0,200.0,0,0.8,0.04,0.8,0,25.0,97895.8,524.314,38.1274,97895.8,0.0,0.999918,0.103759
1200_dose_200_gradient_0_VconcST_0.04_Vconc_0.8_run_0.csv,1200.0,200.0,0,0.8,0.04,0.8,0,25.25,99944.7,513.922,38.9254,99944.7,0.0,0.99992,0.101618
1200_dose_200_gradient_0_VconcST_0.04_Vconc_0.8_run_0.csv,1200.0,200.0,0,0.8,0.04,0.8,0,25.5,101938.0,503.737,39.7017,101938.0,0.0,0.999922,0.0995863
1200_dose_200_gradient_0_VconcST_0.04_Vconc_0.8_run_0.csv,1200.0,200.0,0,0.8,0.04,0.8,0,25.75,103877.0,493.753,40.4567,103877.0,0.0,0.999923,0.0978526
1200_dose_200_gradient_0_VconcST_0.04_Vconc_0.8_run_0.csv,1200.0,200.0,0,0.8,0.04,0.8,0,26.0,105762.0,483.968,41.191,105762.0,0.0,0.999924,0.0961164
1200_dose_200_gradient_0_VconcST_0.04_Vconc_0.8_run_0.csv,1200.0,200.0,0,0.8,0.04,0.8,0,26.25,107595.0,474.376,41.9048,107595.0,0.0,0.999926,0.0943091
1200_dose_200_gradient_0_VconcST_0.04_Vconc_0.8_run_0.csv,1200.0,200.0,0,0.8,0.04,0.8,0,26.5,109376.0,464.975,42.5987,109376.0,0.0,0.999927,0.0927915
1200_dose_200_gradient_0_VconcST_0.04_Vconc_0.8_run_0.csv,1200.0,200.0,0,0.8,0.04,0.8,0,26.75,111108.0,455.759,43.2731,111108.0,0.0,0.999928,0.0915667
1200_dose_200_gradient_0_VconcST_0.04_Vconc_0.8_run_0.csv,1200.0,200.0,0,0.8,0.04,0.8,0,27.0,112790.0,446.727,43.9283,112790.0,0.0,0.999929,0.0902409
1200_dose_200_gradient_0_VconcST_0.04_Vconc_0.8_run_0.csv,1200.0,200.0,0,0.8,0.04,0.8,0,27.25,114425.0,437.873,44.5649,114425.0,0.0,0.99993,0.0886557
1200_dose_200_gradient_0_VconcST_0.04_Vconc_0.8_run_0.csv,1200.0,200.0,0,0.8,0.04,0.8,0,27.5,116012.0,429.195,45.1831,116012.0,0.0,0.999931,0.0873742
1200_dose_200_gradient_0_VconcST_0.04_Vconc_0.8_run_0.csv,1200.0,200.0,0,0.8,0.04,0.8,0,27.75,117553.0,420.689,45.7833,117553.0,0.0,0.999932,0.0863736
1200_dose_200_gradient_0_VconcST_0.04_Vconc_0.8_run_0.csv,1200.0,200.0,0,0.8,0.04,0.8,0,28.0,119049.0,412.351,46.366,119049.0,0.0,0.999933,0.0852897
1200_dose_200_gradient_0_VconcST_0.04_Vconc_0.8_run_0.csv,1200.0,200.0,0,0.8,0.04,0.8,0,28.25,120501.0,404.179,46.9315,120501.0,0.0,0.999934,0.0843098
1200_dose_200_gradient_0_VconcST_0.04_Vconc_0.8_run_0.csv,1200.0,200.0,0,0.8,0.04,0.8,0,28.5,121910.0,396.169,47.4802,121910.0,0.0,0.999934,0.0832816
1200_dose_200_gradient_0_VconcST_0.04_Vconc_0.8_run_0.csv,1200.0,200.0,0,0.8,0.04,0.8,0,28.75,123276.0,388.317,48.0123,123276.0,0.0,0.999935,0.0824707
1200_dose_200_gradient_0_VconcST_0.04_Vconc_6.4_run_0.csv,1200.0,200.0,0,6.4,0.04,6.4,0,0.0,0.0,0.0,0.0,0.0,0.0,0.0,0.0
1200_dose_200_gradient_0_VconcST_0.04_Vconc_6.4_run_0.csv,1200.0,200.0,0,6.4,0.04,6.4,0,0.25,0.0,0.0,0.0,0.0,0.0,0.0,10000.0
1200_dose_200_gradient_0_VconcST_0.04_Vconc_6.4_run_0.csv,1200.0,200.0,0,6.4,0.04,6.4,0,0.5,0.0,0.0,0.0,0.0,0.0,0.0,777.043
1200_dose_200_gradient_0_VconcST_0.04_Vconc_6.4_run_0.csv,1200.0,200.0,0,6.4,0.04,6.4,0,0.75,0.0,0.0,0.0,0.0,0.0,0.0,10000.0
1200_dose_200_gradient_0_VconcST_0.04_Vconc_6.4_run_0.csv,1200.0,200.0,0,6.4,0.04,6.4,0,1.0,0.0,0.0,0.0,0.0,0.0,0.0,770.013
1200_dose_200_gradient_0_VconcST_0.04_Vconc_6.4_run_0.csv,1200.0,200.0,0,6.4,0.04,6.4,0,1.25,0.0,0.0,0.0,0.0,0.0,0.0,10000.0
1200_dose_200_gradient_0_VconcST_0.04_Vconc_6.4_run_0.csv,1200.0,200.0,0,6.4,0.04,6.4,0,1.5,0.0,0.0,0.0,0.0,0.0,0.0,765.216
1200_dose_200_gradient_0_VconcST_0.04_Vconc_6.4_run_0.csv,1200.0,200.0,0,6.4,0.04,6.4,0,1.75,0.0,0.0,0.0,0.0,0.0,0.0,10000.0
1200_dose_200_gradient_0_VconcST_0.04_Vconc_6.4_run_0.csv,1200.0,200.0,0,6.4,0.04,6.4,0,2.0,0.0,0.0,0.0,0.0,0.0,0.0,765.263
1200_dose_200_gradient_0_VconcST_0.04_Vconc_6.4_run_0.csv,1200.0,200.0,0,6.4,0.04,6.4,0,2.25,0.0,0.0,0.0,0.0,0.0,0.0,10000.0
1200_dose_200_gradient_0_VconcST_0.04_Vconc_6.4_run_0.csv,1200.0,200.0,0,6.4,0.04,6.4,0,2.5,0.0,0.0,0.0,0.0,0.0,0.0,767.51
1200_dose_200_gradient_0_VconcST_0.04_Vconc_6.4_run_0.csv,1200.0,200.0,0,6.4,0.04,6.4,0,2.75,0.0,0.0,0.0,0.0,0.0,0.0,10000.0
1200_dose_200_gradient_0_VconcST_0.04_Vconc_6.4_run_0.csv,1200.0,200.0,0,6.4,0.04,6.4,0,3.0,0.0,0.0,0.0,0.0,0.0,0.0,756.495
1200_dose_200_gradient_0_VconcST_0.04_Vconc_6.4_run_0.csv,1200.0,200.0,0,6.4,0.04,6.4,0,3.25,0.0,0.0,0.0,0.0,0.0,0.0,10000.0
1200_dose_200_gradient_0_VconcST_0.04_Vconc_6.4_run_0.csv,1200.0,200.0,0,6.4,0.04,6.4,0,3.5,0.0,0.0,0.0,0.0,0.0,0.0,766.73
1200_dose_200_gradient_0_VconcST_0.04_Vconc_6.4_run_0.csv,1200.0,200.0,0,6.4,0.04,6.4,0,3.75,0.0,0.0,0.0,0.0,0.0,0.0,10000.0
1200_dose_200_gradient_0_VconcST_0.04_Vconc_6.4_run_0.csv,1200.0,200.0,0,6.4,0.04,6.4,0,4.0,0.0,0.0,0.0,0.0,0.0,0.0,769.751
1200_dose_200_gradient_0_VconcST_0.04_Vconc_6.4_run_0.csv,1200.0,200.0,0,6.4,0.04,6.4,0,4.25,0.0,0.0,0.0,0.0,0.0,0.0,10000.0
1200_dose_200_gradient_0_VconcST_0.04_Vconc_6.4_run_0.csv,1200.0,200.0,0,6.4,0.04,6.4,0,4.5,0.0,0.0,0.0,0.0,0.0,0.0,783.122
1200_dose_200_gradient_0_VconcST_0.04_Vconc_6.4_run_0.csv,1200.0,200.0,0,6.4,0.04,6.4,0,4.75,0.0,0.0,0.0,0.0,0.0,0.0,10000.0
1200_dose_200_gradient_0_VconcST_0.04_Vconc_6.4_run_0.csv,1200.0,200.0,0,6.4,0.04,6.4,0,5.0,15.5725,200.0,0.00606501,15.5725,0.0,0.0,768.082
1200_dose_200_gradient_0_VconcST_0.04_Vconc_6.4_run_0.csv,1200.0,200.0,0,6.4,0.04,6.4,0,5.25,938.689,196.036,0.36559,938.689,0.0,0.991412,105.047
1200_dose_200_gradient_0_VconcST_0.04_Vconc_6.4_run_0.csv,1200.0,200.0,0,6.4,0.04,6.4,0,5.5,1840.01,192.151,0.716626,1840.01,0.0,0.995636,49.3151
1200_dose_200_gradient_0_VconcST_0.04_Vconc_6.4_run_0.csv,1200.0,200.0,0,6.4,0.04,6.4,0,5.75,2719.98,188.343,1.05935,2719.98,0.0,0.997052,32.1122
1200_dose_200_gradient_0_VconcST_0.04_Vconc_6.4_run_0.csv,1200.0,200.0,0,6.4,0.04,6.4,0,6.0,3579.03,184.61,1.39392,3579.03,0.0,0.997761,23.773
1200_dose_200_gradient_0_VconcST_0.04_Vconc_6.4_run_0.csv,1200.0,200.0,0,6.4,0.04,6.4,0,6.25,4417.6,180.951,1.72052,4417.6,0.0,0.998187,19.0784
1200_dose_200_gradient_0_VconcST_0.04_Vconc_6.4_run_0.csv,1200.0,200.0,0,6.4,0.04,6.4,0,6.5,5236.1,177.365,2.0393,5236.1,0.0,0.998471,15.8979
1200_dose_200_gradient_0_VconcST_0.04_Vconc_6.4_run_0.csv,1200.0,200.0,0,6.4,0.04,6.4,0,6.75,6034.93,173.85,2.35042,6034.93,0.0,0.998673,13.8164
1200_dose_200_gradient_0_VconcST_0.04_Vconc_6.4_run_0.csv,1200.0,200.0,0,6.4,0.04,6.4,0,7.0,6814.52,170.404,2.65404,6814.52,0.0,0.998825,12.1941
1200_dose_200_gradient_0_VconcST_0.04_Vconc_6.4_run_0.csv,1200.0,200.0,0,6.4,0.04,6.4,0,7.25,7575.25,167.027,2.95032,7575.25,0.0,0.998943,10.9634
1200_dose_200_gradient_0_VconcST_0.04_Vconc_6.4_run_0.csv,1200.0,200.0,0,6.4,0.04,6.4,0,7.5,8317.5,163.717,3.23941,8317.5,0.0,0.999038,9.99665
1200_dose_200_gradient_0_VconcST_0.04_Vconc_6.4_run_0.csv,1200.0,200.0,0,6.4,0.04,6.4,0,7.75,9041.66,160.472,3.52144,9041.66,0.0,0.999115,9.13682
1200_dose_200_gradient_0_VconcST_0.04_Vconc_6.4_run_0.csv,1200.0,200.0,0,6.4,0.04,6.4,0,8.0,9748.09,157.292,3.79658,9748.09,0.0,0.999179,8.48552
1200_dose_200_gradient_0_VconcST_0.04_Vconc_6.4_run_0.csv,1200.0,200.0,0,6.4,0.04,6.4,0,8.25,10437.2,154.175,4.06495,10437.2,0.0,0.999233,7.86929
1200_dose_200_gradient_0_VconcST_0.04_Vconc_6.4_run_0.csv,1200.0,200.0,0,6.4,0.04,6.4,0,8.5,11109.2,151.119,4.3267,11109.2,0.0,0.99928,7.412
1200_dose_200_gradient_0_VconcST_0.04_Vconc_6.4_run_0.csv,1200.0,200.0,0,6.4,0.04,6.4,0,8.75,11764.7,148.124,4.58197,11764.7,0.0,0.99932,6.97827
1200_dose_200_gradient_0_VconcST_0.04_Vconc_6.4_run_0.csv,1200.0,200.0,0,6.4,0.04,6.4,0,9.0,12403.8,145.188,4.83089,12403.8,0.0,0.999355,6.59796
1200_dose_200_gradient_0_VconcST_0.04_Vconc_6.4_run_0.csv,1200.0,200.0,0,6.4,0.04,6.4,0,9.25,13026.9,142.311,5.07358,13026.9,0.0,0.999386,6.33659
1200_dose_200_gradient_0_VconcST_0.04_Vconc_6.4_run_0.csv,1200.0,200.0,0,6.4,0.04,6.4,0,9.5,13634.4,139.49,5.31017,13634.4,0.0,0.999413,5.97937
1200_dose_200_gradient_0_VconcST_0.04_Vconc_6.4_run_0.csv,1200.0,200.0,0,6.4,0.04,6.4,0,9.75,14226.6,136.726,5.54081,14226.6,0.0,0.999438,5.7544
1200_dose_200_gradient_0_VconcST_0.04_Vconc_6.4_run_0.csv,1200.0,200.0,0,6.4,0.04,6.4,0,10.0,14819.3,334.016,5.77166,14819.3,0.0,0.99946,5.51811
1200_dose_200_gradient_0_VconcST_0.04_Vconc_6.4_run_0.csv,1200.0,200.0,0,6.4,0.04,6.4,0,10.25,16304.9,327.396,6.35025,16304.9,0.0,0.999509,5.08212
1200_dose_200_gradient_0_VconcST_0.04_Vconc_6.4_run_0.csv,1200.0,200.0,0,6.4,0.04,6.4,0,10.5,17754.3,320.908,6.91475,17754.3,0.0,0.999549,4.67673
1200_dose_200_gradient_0_VconcST_0.04_Vconc_6.4_run_0.csv,1200.0,200.0,0,6.4,0.04,6.4,0,10.75,19168.2,314.548,7.46544,19168.2,0.0,0.999582,4.29454
1200_dose_200_gradient_0_VconcST_0.04_Vconc_6.4_run_0.csv,1200.0,200.0,0,6.4,0.04,6.4,0,11.0,20547.5,308.314,8.0026,20547.5,0.0,0.99961,3.98855
1200_dose_200_gradient_0_VconcST_0.04_Vconc_6.4_run_0.csv,1200.0,200.0,0,6.4,0.04,6.4,0,11.25,21892.7,302.203,8.52653,21892.7,0.0,0.999634,3.75536
1200_dose_200_gradient_0_VconcST_0.04_Vconc_6.4_run_0.csv,1200.0,200.0,0,6.4,0.04,6.4,0,11.5,23204.6,296.214,9.03748,23204.6,0.0,0.999655,3.53435
1200_dose_200_gradient_0_VconcST_0.04_Vconc_6.4_run_0.csv,1200.0,200.0,0,6.4,0.04,6.4,0,11.75,24483.9,290.344,9.53573,24483.9,0.0,0.999673,3.34567
1200_dose_200_gradient_0_VconcST_0.04_Vconc_6.4_run_0.csv,1200.0,200.0,0,6.4,0.04,6.4,0,12.0,25731.3,284.589,10.0215,25731.3,0.0,0.999689,3.17491
1200_dose_200_gradient_0_VconcST_0.04_Vconc_6.4_run_0.csv,1200.0,200.0,0,6.4,0.04,6.4,0,12.25,26947.3,278.949,10.4951,26947.3,0.0,0.999703,3.02909
1200_dose_200_gradient_0_VconcST_0.04_Vconc_6.4_run_0.csv,1200.0,200.0,0,6.4,0.04,6.4,0,12.5,28132.7,273.42,10.9568,28132.7,0.0,0.999716,2.90395
1200_dose_200_gradient_0_VconcST_0.04_Vconc_6.4_run_0.csv,1200.0,200.0,0,6.4,0.04,6.4,0,12.75,29288.2,268.001,11.4068,29288.2,0.0,0.999727,2.78607
1200_dose_200_gradient_0_VconcST_0.04_Vconc_6.4_run_0.csv,1200.0,200.0,0,6.4,0.04,6.4,0,13.0,30414.2,262.69,11.8454,30414.2,0.0,0.999737,2.6914
1200_dose_200_gradient_0_VconcST_0.04_Vconc_6.4_run_0.csv,1200.0,200.0,0,6.4,0.04,6.4,0,13.25,31511.4,257.484,12.2727,31511.4,0.0,0.999746,2.58415
1200_dose_200_gradient_0_VconcST_0.04_Vconc_6.4_run_0.csv,1200.0,200.0,0,6.4,0.04,6.4,0,13.5,32580.4,252.381,12.6891,32580.4,0.0,0.999754,2.50689
1200_dose_200_gradient_0_VconcST_0.04_Vconc_6.4_run_0.csv,1200.0,200.0,0,6.4,0.04,6.4,0,13.75,33621.8,247.379,13.0947,33621.8,0.0,0.999762,2.425
1200_dose_200_gradient_0_VconcST_0.04_Vconc_6.4_run_0.csv,1200.0,200.0,0,6.4,0.04,6.4,0,14.0,34636.2,242.476,13.4897,34636.2,0.0,0.999769,2.35224
1200_dose_200_gradient_0_VconcST_0.04_Vconc_6.4_run_0.csv,1200.0,200.0,0,6.4,0.04,6.4,0,14.25,35624.1,237.67,13.8745,35624.1,0.0,0.999775,2.29319
1200_dose_200_gradient_0_VconcST_0.04_Vconc_6.4_run_0.csv,1200.0,200.0,0,6.4,0.04,6.4,0,14.5,36586.1,232.96,14.2491,36586.1,0.0,0.999781,2.22221
1200_dose_200_gradient_0_VconcST_0.04_Vconc_6.4_run_0.csv,1200.0,200.0,0,6.4,0.04,6.4,0,14.75,37522.7,228.343,14.6139,37522.7,0.0,0.999787,2.17035
1200_dose_200_gradient_0_VconcST_0.04_Vconc_6.4_run_0.csv,1200.0,200.0,0,6.4,0.04,6.4,0,15.0,38450.0,423.817,14.9751,38450.0,0.0,0.999792,2.12013
1200_dose_200_gradient_0_VconcST_0.04_Vconc_6.4_run_0.csv,1200.0,200.0,0,6.4,0.04,6.4,0,15.25,40260.5,415.418,15.6802,40260.5,0.0,0.999801,2.02722
1200_dose_200_gradient_0_VconcST_0.04_Vconc_6.4_run_0.csv,1200.0,200.0,0,6.4,0.04,6.4,0,15.5,42025.3,407.184,16.3676,42025.3,0.0,0.99981,1.94364
1200_dose_200_gradient_0_VconcST_0.04_Vconc_6.4_run_0.csv,1200.0,200.0,0,6.4,0.04,6.4,0,15.75,43745.5,399.115,17.0375,43745.5,0.0,0.999817,1.87432
1200_dose_200_gradient_0_VconcST_0.04_Vconc_6.4_run_0.csv,1200.0,200.0,0,6.4,0.04,6.4,0,16.0,45421.9,391.205,17.6904,45421.9,0.0,0.999824,1.79547
1200_dose_200_gradient_0_VconcST_0.04_Vconc_6.4_run_0.csv,1200.0,200.0,0,6.4,0.04,6.4,0,16.25,47055.4,383.451,18.3266,47055.4,0.0,0.99983,1.73343
1200_dose_200_gradient_0_VconcST_0.04_Vconc_6.4_run_0.csv,1200.0,200.0,0,6.4,0.04,6.4,0,16.5,48647.0,375.852,18.9465,48647.0,0.0,0.999835,1.68194
1200_dose_200_gradient_0_VconcST_0.04_Vconc_6.4_run_0.csv,1200.0,200.0,0,6.4,0.04,6.4,0,16.75,50197.4,368.403,19.5503,50197.4,0.0,0.999841,1.62696
1200_dose_200_gradient_0_VconcST_0.04_Vconc_6.4_run_0.csv,1200.0,200.0,0,6.4,0.04,6.4,0,17.0,51707.5,361.102,20.1385,51707.5,0.0,0.999845,1.57431
1200_dose_200_gradient_0_VconcST_0.04_Vconc_6.4_run_0.csv,1200.0,200.0,0,6.4,0.04,6.4,0,17.25,53178.3,353.945,20.7113,53178.3,0.0,0.999849,1.5329
1200_dose_200_gradient_0_VconcST_0.04_Vconc_6.4_run_0.csv,1200.0,200.0,0,6.4,0.04,6.4,0,17.5,54610.4,346.93,21.2691,54610.4,0.0,0.999853,1.48923
1200_dose_200_gradient_0_VconcST_0.04_Vconc_6.4_run_0.csv,1200.0,200.0,0,6.4,0.04,6.4,0,17.75,56004.7,340.054,21.8121,56004.7,0.0,0.999857,1.45552
1200_dose_200_gradient_0_VconcST_0.04_Vconc_6.4_run_0.csv,1200.0,200.0,0,6.4,0.04,6.4,0,18.0,57362.0,333.315,22.3407,57362.0,0.0,0.999861,1.42593
1200_dose_200_gradient_0_VconcST_0.04_Vconc_6.4_run_0.csv,1200.0,200.0,0,6.4,0.04,6.4,0,18.25,58683.0,326.709,22.8552,58683.0,0.0,0.999864,1.38714
1200_dose_200_gradient_0_VconcST_0.04_Vconc_6.4_run_0.csv,1200.0,200.0,0,6.4,0.04,6.4,0,18.5,59968.6,320.234,23.3559,59968.6,0.0,0.999867,1.35374
1200_dose_200_gradient_0_VconcST_0.04_Vconc_6.4_run_0.csv,1200.0,200.0,0,6.4,0.04,6.4,0,18.75,61219.4,313.887,23.843,61219.4,0.0,0.999869,1.32901
1200_dose_200_gradient_0_VconcST_0.04_Vconc_6.4_run_0.csv,1200.0,200.0,0,6.4,0.04,6.4,0,19.0,62436.1,307.666,24.3169,62436.1,0.0,0.999872,1.3025
1200_dose_200_gradient_0_VconcST_0.04_Vconc_6.4_run_0.csv,1200.0,200.0,0,6.4,0.04,6.4,0,19.25,63619.5,301.569,24.7778,63619.5,0.0,0.999874,1.27615
1200_dose_200_gradient_0_VconcST_0.04_Vconc_6.4_run_0.csv,1200.0,200.0,0,6.4,0.04,6.4,0,19.5,64770.3,295.592,25.226,64770.3,0.0,0.999876,1.25532
1200_dose_200_gradient_0_VconcST_0.04_Vconc_6.4_run_0.csv,1200.0,200.0,0,6.4,0.04,6.4,0,19.75,65889.1,289.734,25.6618,65889.1,0.0,0.999879,1.23527
1200_dose_200_gradient_0_VconcST_0.04_Vconc_6.4_run_0.csv,1200.0,200.0,0,6.4,0.04,6.4,0,20.0,66992.2,483.992,26.0914,66992.2,0.0,0.999881,1.21379
1200_dose_200_gradient_0_VconcST_0.04_Vconc_6.4_run_0.csv,1200.0,200.0,0,6.4,0.04,6.4,0,20.25,68972.2,474.4,26.8625,68972.2,0.0,0.999884,1.18201
1200_dose_200_gradient_0_VconcST_0.04_Vconc_6.4_run_0.csv,1200.0,200.0,0,6.4,0.04,6.4,0,20.5,70900.4,464.997,27.6135,70900.4,0.0,0.999887,1.14728
1200_dose_200_gradient_0_VconcST_0.04_Vconc_6.4_run_0.csv,1200.0,200.0,0,6.4,0.04,6.4,0,20.75,72777.9,455.782,28.3447,72777.9,0.0,0.99989,1.11705
1200_dose_200_gradient_0_VconcST_0.04_Vconc_6.4_run_0.csv,1200.0,200.0,0,6.4,0.04,6.4,0,21.0,74605.8,446.749,29.0566,74605.8,0.0,0.999893,1.08955
1200_dose_200_gradient_0_VconcST_0.04_Vconc_6.4_run_0.csv,1200.0,200.0,0,6.4,0.04,6.4,0,21.25,76385.0,437.895,29.7496,76385.0,0.0,0.999895,1.06412
1200_dose_200_gradient_0_VconcST_0.04_Vconc_6.4_run_0.csv,1200.0,200.0,0,6.4,0.04,6.4,0,21.5,78116.7,429.216,30.424,78116.7,0.0,0.999898,1.04237
1200_dose_200_gradient_0_VconcST_0.04_Vconc_6.4_run_0.csv,1200.0,200.0,0,6.4,0.04,6.4,0,21.75,79801.7,420.71,31.0803,79801.7,0.0,0.9999,1.02126
1200_dose_200_gradient_0_VconcST_0.04_Vconc_6.4_run_0.csv,1200.0,200.0,0,6.4,0.04,6.4,0,22.0,81441.0,412.372,31.7187,81441.0,0.0,0.999902,0.997679
1200_dose_200_gradient_0_VconcST_0.04_Vconc_6.4_run_0.csv,1200.0,200.0,0,6.4,0.04,6.4,0,22.25,83035.6,404.199,32.3398,83035.6,0.0,0.999904,0.979472
1200_dose_200_gradient_0_VconcST_0.04_Vconc_6.4_run_0.csv,1200.0,200.0,0,6.4,0.04,6.4,0,22.5,84586.6,396.188,32.9438,84586.6,0.0,0.999905,0.961863
1200_dose_200_gradient_0_VconcST_0.04_Vconc_6.4_run_0.csv,1200.0,200.0,0,6.4,0.04,6.4,0,22.75,86094.6,388.336,33.5312,86094.6,0.0,0.999907,0.944642
1200_dose_200_gradient_0_VconcST_0.04_Vconc_6.4_run_0.csv,1200.0,200.0,0,6.4,0.04,6.4,0,23.0,87560.6,380.64,34.1021,87560.6,0.0,0.999909,0.926597
1200_dose_200_gradient_0_VconcST_0.04_Vconc_6.4_run_0.csv,1200.0,200.0,0,6.4,0.04,6.4,0,23.25,88985.7,373.096,34.6572,88985.7,0.0,0.99991,0.914028
1200_dose_200_gradient_0_VconcST_0.04_Vconc_6.4_run_0.csv,1200.0,200.0,0,6.4,0.04,6.4,0,23.5,90370.4,365.702,35.1965,90370.4,0.0,0.999911,0.897667
1200_dose_200_gradient_0_VconcST_0.04_Vconc_6.4_run_0.csv,1200.0,200.0,0,6.4,0.04,6.4,0,23.75,91715.7,358.454,35.7204,91715.7,0.0,0.999913,0.887425
1200_dose_200_gradient_0_VconcST_0.04_Vconc_6.4_run_0.csv,1200.0,200.0,0,6.4,0.04,6.4,0,24.0,93022.6,351.35,36.2294,93022.6,0.0,0.999914,0.871753
1200_dose_200_gradient_0_VconcST_0.04_Vconc_6.4_run_0.csv,1200.0,200.0,0,6.4,0.04,6.4,0,24.25,94291.6,344.386,36.7237,94291.6,0.0,0.999915,0.861365
1200_dose_200_gradient_0_VconcST_0.04_Vconc_6.4_run_0.csv,1200.0,200.0,0,6.4,0.04,6.4,0,24.5,95523.7,337.561,37.2035,95523.7,0.0,0.999916,0.848853
1200_dose_200_gradient_0_VconcST_0.04_Vconc_6.4_run_0.csv,1200.0,200.0,0,6.4,0.04,6.4,0,24.75,96719.7,330.871,37.6693,96719.7,0.0,0.999917,0.83963
1200_dose_200_gradient_0_VconcST_0.04_Vconc_6.4_run_0.csv,1200.0,200.0,0,6.4,0.04,6.4,0,25.0,97895.8,524.314,38.1274,97895.8,0.0,0.999918,0.828859
1200_dose_200_gradient_0_VconcST_0.04_Vconc_6.4_run_0.csv,1200.0,200.0,0,6.4,0.04,6.4,0,25.25,99944.7,513.922,38.9254,99944.7,0.0,0.99992,0.813153
1200_dose_200_gradient_0_VconcST_0.04_Vconc_6.4_run_0.csv,1200.0,200.0,0,6.4,0.04,6.4,0,25.5,101938.0,503.737,39.7017,101938.0,0.0,0.999922,0.796422
1200_dose_200_gradient_0_VconcST_0.04_Vconc_6.4_run_0.csv,1200.0,200.0,0,6.4,0.04,6.4,0,25.75,103877.0,493.753,40.4567,103877.0,0.0,0.999923,0.783638
1200_dose_200_gradient_0_VconcST_0.04_Vconc_6.4_run_0.csv,1200.0,200.0,0,6.4,0.04,6.4,0,26.0,105762.0,483.968,41.191,105762.0,0.0,0.999924,0.767495
1200_dose_200_gradient_0_VconcST_0.04_Vconc_6.4_run_0.csv,1200.0,200.0,0,6.4,0.04,6.4,0,26.25,107595.0,474.376,41.9048,107595.0,0.0,0.999926,0.755457
1200_dose_200_gradient_0_VconcST_0.04_Vconc_6.4_run_0.csv,1200.0,200.0,0,6.4,0.04,6.4,0,26.5,109376.0,464.975,42.5987,109376.0,0.0,0.999927,0.74158
1200_dose_200_gradient_0_VconcST_0.04_Vconc_6.4_run_0.csv,1200.0,200.0,0,6.4,0.04,6.4,0,26.75,111108.0,455.759,43.2731,111108.0,0.0,0.999928,0.731721
1200_dose_200_gradient_0_VconcST_0.04_Vconc_6.4_run_0.csv,1200.0,200.0,0,6.4,0.04,6.4,0,27.0,112790.0,446.727,43.9283,112790.0,0.0,0.999929,0.720066
1200_dose_200_gradient_0_VconcST_0.04_Vconc_6.4_run_0.csv,1200.0,200.0,0,6.4,0.04,6.4,0,27.25,114425.0,437.873,44.5649,114425.0,0.0,0.99993,0.710782
1200_dose_200_gradient_0_VconcST_0.04_Vconc_6.4_run_0.csv,1200.0,200.0,0,6.4,0.04,6.4,0,27.5,116012.0,429.195,45.1831,116012.0,0.0,0.999931,0.700631
1200_dose_200_gradient_0_VconcST_0.04_Vconc_6.4_run_0.csv,1200.0,200.0,0,6.4,0.04,6.4,0,27.75,117553.0,420.689,45.7833,117553.0,0.0,0.999932,0.689749
1200_dose_200_gradient_0_VconcST_0.04_Vconc_6.4_run_0.csv,1200.0,200.0,0,6.4,0.04,6.4,0,28.0,119049.0,412.351,46.366,119049.0,0.0,0.999933,0.682483
1200_dose_200_gradient_0_VconcST_0.04_Vconc_6.4_run_0.csv,1200.0,200.0,0,6.4,0.04,6.4,0,28.25,120501.0,404.179,46.9315,120501.0,0.0,0.999934,0.673814
1200_dose_200_gradient_0_VconcST_0.04_Vconc_6.4_run_0.csv,1200.0,200.0,0,6.4,0.04,6.4,0,28.5,121910.0,396.169,47.4802,121910.0,0.0,0.999934,0.665856
1200_dose_200_gradient_0_VconcST_0.04_Vconc_6.4_run_0.csv,1200.0,200.0,0,6.4,0.04,6.4,0,28.75,123276.0,388.317,48.0123,123276.0,0.0,0.999935,0.658127
1200_dose_200_gradient_0_VconcST_0.04_Vconc_5.6_run_0.csv,1200.0,200.0,0,5.6,0.04,5.6,0,0.0,0.0,0.0,0.0,0.0,0.0,0.0,0.0
1200_dose_200_gradient_0_VconcST_0.04_Vconc_5.6_run_0.csv,1200.0,200.0,0,5.6,0.04,5.6,0,0.25,0.0,0.0,0.0,0.0,0.0,0.0,10000.0
1200_dose_200_gradient_0_VconcST_0.04_Vconc_5.6_run_0.csv,1200.0,200.0,0,5.6,0.04,5.6,0,0.5,0.0,0.0,0.0,0.0,0.0,0.0,676.85
1200_dose_200_gradient_0_VconcST_0.04_Vconc_5.6_run_0.csv,1200.0,200.0,0,5.6,0.04,5.6,0,0.75,0.0,0.0,0.0,0.0,0.0,0.0,10000.0
1200_dose_200_gradient_0_VconcST_0.04_Vconc_5.6_run_0.csv,1200.0,200.0,0,5.6,0.04,5.6,0,1.0,0.0,0.0,0.0,0.0,0.0,0.0,671.713
1200_dose_200_gradient_0_VconcST_0.04_Vconc_5.6_run_0.csv,1200.0,200.0,0,5.6,0.04,5.6,0,1.25,0.0,0.0,0.0,0.0,0.0,0.0,10000.0
1200_dose_200_gradient_0_VconcST_0.04_Vconc_5.6_run_0.csv,1200.0,200.0,0,5.6,0.04,5.6,0,1.5,0.0,0.0,0.0,0.0,0.0,0.0,662.453
1200_dose_200_gradient_0_VconcST_0.04_Vconc_5.6_run_0.csv,1200.0,200.0,0,5.6,0.04,5.6,0,1.75,0.0,0.0,0.0,0.0,0.0,0.0,10000.0
1200_dose_200_gradient_0_VconcST_0.04_Vconc_5.6_run_0.csv,1200.0,200.0,0,5.6,0.04,5.6,0,2.0,0.0,0.0,0.0,0.0,0.0,0.0,673.903
1200_dose_200_gradient_0_VconcST_0.04_Vconc_5.6_run_0.csv,1200.0,200.0,0,5.6,0.04,5.6,0,2.25,0.0,0.0,0.0,0.0,0.0,0.0,10000.0
1200_dose_200_gradient_0_VconcST_0.04_Vconc_5.6_run_0.csv,1200.0,200.0,0,5.6,0.04,5.6,0,2.5,0.0,0.0,0.0,0.0,0.0,0.0,667.049
1200_dose_200_gradient_0_VconcST_0.04_Vconc_5.6_run_0.csv,1200.0,200.0,0,5.6,0.04,5.6,0,2.75,0.0,0.0,0.0,0.0,0.0,0.0,10000.0
1200_dose_200_gradient_0_VconcST_0.04_Vconc_5.6_run_0.csv,1200.0,200.0,0,5.6,0.04,5.6,0,3.0,0.0,0.0,0.0,0.0,0.0,0.0,666.799
1200_dose_200_gradient_0_VconcST_0.04_Vconc_5.6_run_0.csv,1200.0,200.0,0,5.6,0.04,5.6,0,3.25,0.0,0.0,0.0,0.0,0.0,0.0,10000.0
1200_dose_200_gradient_0_VconcST_0.04_Vconc_5.6_run_0.csv,1200.0,200.0,0,5.6,0.04,5.6,0,3.5,0.0,0.0,0.0,0.0,0.0,0.0,661.919
1200_dose_200_gradient_0_VconcST_0.04_Vconc_5.6_run_0.csv,1200.0,200.0,0,5.6,0.04,5.6,0,3.75,0.0,0.0,0.0,0.0,0.0,0.0,10000.0
1200_dose_200_gradient_0_VconcST_0.04_Vconc_5.6_run_0.csv,1200.0,200.0,0,5.6,0.04,5.6,0,4.0,0.0,0.0,0.0,0.0,0.0,0.0,665.563
1200_dose_200_gradient_0_VconcST_0.04_Vconc_5.6_run_0.csv,1200.0,200.0,0,5.6,0.04,5.6,0,4.25,0.0,0.0,0.0,0.0,0.0,0.0,10000.0
1200_dose_200_gradient_0_VconcST_0.04_Vconc_5.6_run_0.csv,1200.0,200.0,0,5.6,0.04,5.6,0,4.5,0.0,0.0,0.0,0.0,0.0,0.0,665.217
1200_dose_200_gradient_0_VconcST_0.04_Vconc_5.6_run_0.csv,1200.0,200.0,0,5.6,0.04,5.6,0,4.75,0.0,0.0,0.0,0.0,0.0,0.0,10000.0
1200_dose_200_gradient_0_VconcST_0.04_Vconc_5.6_run_0.csv,1200.0,200.0,0,5.6,0.04,5.6,0,5.0,15.5725,200.0,0.00606501,15.5725,0.0,0.0,666.238
1200_dose_200_gradient_0_VconcST_0.04_Vconc_5.6_run_0.csv,1200.0,200.0,0,5.6,0.04,5.6,0,5.25,938.689,196.036,0.36559,938.689,0.0,0.991412,90.9524
1200_dose_200_gradient_0_VconcST_0.04_Vconc_5.6_run_0.csv,1200.0,200.0,0,5.6,0.04,5.6,0,5.5,1840.01,192.151,0.716626,1840.01,0.0,0.995636,42.2376
1200_dose_200_gradient_0_VconcST_0.04_Vconc_5.6_run_0.csv,1200.0,200.0,0,5.6,0.04,5.6,0,5.75,2719.98,188.343,1.05935,2719.98,0.0,0.997052,27.9589
1200_dose_200_gradient_0_VconcST_0.04_Vconc_5.6_run_0.csv,1200.0,200.0,0,5.6,0.04,5.6,0,6.0,3579.03,184.61,1.39392,3579.03,0.0,0.997761,20.9971
1200_dose_200_gradient_0_VconcST_0.04_Vconc_5.6_run_0.csv,1200.0,200.0,0,5.6,0.04,5.6,0,6.25,4417.6,180.951,1.72052,4417.6,0.0,0.998187,16.7002
1200_dose_200_gradient_0_VconcST_0.04_Vconc_5.6_run_0.csv,1200.0,200.0,0,5.6,0.04,5.6,0,6.5,5236.1,177.365,2.0393,5236.1,0.0,0.998471,14.0959
1200_dose_200_gradient_0_VconcST_0.04_Vconc_5.6_run_0.csv,1200.0,200.0,0,5.6,0.04,5.6,0,6.75,6034.93,173.85,2.35042,6034.93,0.0,0.998673,12.0967
1200_dose_200_gradient_0_VconcST_0.04_Vconc_5.6_run_0.csv,1200.0,200.0,0,5.6,0.04,5.6,0,7.0,6814.52,170.404,2.65404,6814.52,0.0,0.998825,10.6181
1200_dose_200_gradient_0_VconcST_0.04_Vconc_5.6_run_0.csv,1200.0,200.0,0,5.6,0.04,5.6,0,7.25,7575.25,167.027,2.95032,7575.25,0.0,0.998943,9.52235
1200_dose_200_gradient_0_VconcST_0.04_Vconc_5.6_run_0.csv,1200.0,200.0,0,5.6,0.04,5.6,0,7.5,8317.5,163.717,3.23941,8317.5,0.0,0.999038,8.76859
1200_dose_200_gradient_0_VconcST_0.04_Vconc_5.6_run_0.csv,1200.0,200.0,0,5.6,0.04,5.6,0,7.75,9041.66,160.472,3.52144,9041.66,0.0,0.999115,8.03903
1200_dose_200_gradient_0_VconcST_0.04_Vconc_5.6_run_0.csv,1200.0,200.0,0,5.6,0.04,5.6,0,8.0,9748.09,157.292,3.79658,9748.09,0.0,0.999179,7.4129
1200_dose_200_gradient_0_VconcST_0.04_Vconc_5.6_run_0.csv,1200.0,200.0,0,5.6,0.04,5.6,0,8.25,10437.2,154.175,4.06495,10437.2,0.0,0.999233,6.90135
1200_dose_200_gradient_0_VconcST_0.04_Vconc_5.6_run_0.csv,1200.0,200.0,0,5.6,0.04,5.6,0,8.5,11109.2,151.119,4.3267,11109.2,0.0,0.99928,6.51502
1200_dose_200_gradient_0_VconcST_0.04_Vconc_5.6_run_0.csv,1200.0,200.0,0,5.6,0.04,5.6,0,8.75,11764.7,148.124,4.58197,11764.7,0.0,0.99932,6.11627
1200_dose_200_gradient_0_VconcST_0.04_Vconc_5.6_run_0.csv,1200.0,200.0,0,5.6,0.04,5.6,0,9.0,12403.8,145.188,4.83089,12403.8,0.0,0.999355,5.78466
1200_dose_200_gradient_0_VconcST_0.04_Vconc_5.6_run_0.csv,1200.0,200.0,0,5.6,0.04,5.6,0,9.25,13026.9,142.311,5.07358,13026.9,0.0,0.999386,5.52431
1200_dose_200_gradient_0_VconcST_0.04_Vconc_5.6_run_0.csv,1200.0,200.0,0,5.6,0.04,5.6,0,9.5,13634.4,139.49,5.31017,13634.4,0.0,0.999413,5.25152
1200_dose_200_gradient_0_VconcST_0.04_Vconc_5.6_run_0.csv,1200.0,200.0,0,5.6,0.04,5.6,0,9.75,14226.6,136.726,5.54081,14226.6,0.0,0.999438,5.02102
1200_dose_200_gradient_0_VconcST_0.04_Vconc_5.6_run_0.csv,1200.0,200.0,0,5.6,0.04,5.6,0,10.0,14819.3,334.016,5.77166,14819.3,0.0,0.99946,4.83792
1200_dose_200_gradient_0_VconcST_0.04_Vconc_5.6_run_0.csv,1200.0,200.0,0,5.6,0.04,5.6,0,10.25,16304.9,327.396,6.35025,16304.9,0.0,0.999509,4.42458
1200_dose_200_gradient_0_VconcST_0.04_Vconc_5.6_run_0.csv,1200.0,200.0,0,5.6,0.04,5.6,0,10.5,17754.3,320.908,6.91475,17754.3,0.0,0.999549,4.04896
1200_dose_200_gradient_0_VconcST_0.04_Vconc_5.6_run_0.csv,1200.0,200.0,0,5.6,0.04,5.6,0,10.75,19168.2,314.548,7.46544,19168.2,0.0,0.999582,3.74895
1200_dose_200_gradient_0_VconcST_0.04_Vconc_5.6_run_0.csv,1200.0,200.0,0,5.6,0.04,5.6,0,11.0,20547.5,308.314,8.0026,20547.5,0.0,0.99961,3.50843
1200_dose_200_gradient_0_VconcST_0.04_Vconc_5.6_run_0.csv,1200.0,200.0,0,5.6,0.04,5.6,0,11.25,21892.7,302.203,8.52653,21892.7,0.0,0.999634,3.28481
1200_dose_200_gradient_0_VconcST_0.04_Vconc_5.6_run_0.csv,1200.0,200.0,0,5.6,0.04,5.6,0,11.5,23204.6,296.214,9.03748,23204.6,0.0,0.999655,3.08853
1200_dose_200_gradient_0_VconcST_0.04_Vconc_5.6_run_0.csv,1200.0,200.0,0,5.6,0.04,5.6,0,11.75,24483.9,290.344,9.53573,24483.9,0.0,0.999673,2.93
1200_dose_200_gradient_0_VconcST_0.04_Vconc_5.6_run_0.csv,1200.0,200.0,0,5.6,0.04,5.6,0,12.0,25731.3,284.589,10.0215,25731.3,0.0,0.999689,2.7812
1200_dose_200_gradient_0_VconcST_0.04_Vconc_5.6_run_0.csv,1200.0,200.0,0,5.6,0.04,5.6,0,12.25,26947.3,278.949,10.4951,26947.3,0.0,0.999703,2.657
1200_dose_200_gradient_0_VconcST_0.04_Vconc_5.6_run_0.csv,1200.0,200.0,0,5.6,0.04,5.6,0,12.5,28132.7,273.42,10.9568,28132.7,0.0,0.999716,2.54425
1200_dose_200_gradient_0_VconcST_0.04_Vconc_5.6_run_0.csv,1200.0,200.0,0,5.6,0.04,5.6,0,12.75,29288.2,268.001,11.4068,29288.2,0.0,0.999727,2.43345
1200_dose_200_gradient_0_VconcST_0.04_Vconc_5.6_run_0.csv,1200.0,200.0,0,5.6,0.04,5.6,0,13.0,30414.2,262.69,11.8454,30414.2,0.0,0.999737,2.35083
1200_dose_200_gradient_0_VconcST_0.04_Vconc_5.6_run_0.csv,1200.0,200.0,0,5.6,0.04,5.6,0,13.25,31511.4,257.484,12.2727,31511.4,0.0,0.999746,2.26767
1200_dose_200_gradient_0_VconcST_0.04_Vconc_5.6_run_0.csv,1200.0,200.0,0,5.6,0.04,5.6,0,13.5,32580.4,252.381,12.6891,32580.4,0.0,0.999754,2.18306
1200_dose_200_gradient_0_VconcST_0.04_Vconc_5.6_run_0.csv,1200.0,200.0,0,5.6,0.04,5.6,0,13.75,33621.8,247.379,13.0947,33621.8,0.0,0.999762,2.12745
1200_dose_200_gradient_0_VconcST_0.04_Vconc_5.6_run_0.csv,1200.0,200.0,0,5.6,0.04,5.6,0,14.0,34636.2,242.476,13.4897,34636.2,0.0,0.999769,2.05771
1200_dose_200_gradient_0_VconcST_0.04_Vconc_5.6_run_0.csv,1200.0,200.0,0,5.6,0.04,5.6,0,14.25,35624.1,237.67,13.8745,35624.1,0.0,0.999775,2.00408
1200_dose_200_gradient_0_VconcST_0.04_Vconc_5.6_run_0.csv,1200.0,200.0,0,5.6,0.04,5.6,0,14.5,36586.1,232.96,14.2491,36586.1,0.0,0.999781,1.94469
1200_dose_200_gradient_0_VconcST_0.04_Vconc_5.6_run_0.csv,1200.0,200.0,0,5.6,0.04,5.6,0,14.75,37522.7,228.343,14.6139,37522.7,0.0,0.999787,1.90228
1200_dose_200_gradient_0_VconcST_0.04_Vconc_5.6_run_0.csv,1200.0,200.0,0,5.6,0.04,5.6,0,15.0,38450.0,423.817,14.9751,38450.0,0.0,0.999792,1.85237
1200_dose_200_gradient_0_VconcST_0.04_Vconc_5.6_run_0.csv,1200.0,200.0,0,5.6,0.04,5.6,0,15.25,40260.5,415.418,15.6802,40260.5,0.0,0.999801,1.77598
1200_dose_200_gradient_0_VconcST_0.04_Vconc_5.6_run_0.csv,1200.0,200.0,0,5.6,0.04,5.6,0,15.5,42025.3,407.184,16.3676,42025.3,0.0,0.99981,1.69528
1200_dose_200_gradient_0_VconcST_0.04_Vconc_5.6_run_0.csv,1200.0,200.0,0,5.6,0.04,5.6,0,15.75,43745.5,399.115,17.0375,43745.5,0.0,0.999817,1.63706
1200_dose_200_gradient_0_VconcST_0.04_Vconc_5.6_run_0.csv,1200.0,200.0,0,5.6,0.04,5.6,0,16.0,45421.9,391.205,17.6904,45421.9,0.0,0.999824,1.57606
1200_dose_200_gradient_0_VconcST_0.04_Vconc_5.6_run_0.csv,1200.0,200.0,0,5.6,0.04,5.6,0,16.25,47055.4,383.451,18.3266,47055.4,0.0,0.99983,1.51887
1200_dose_200_gradient_0_VconcST_0.04_Vconc_5.6_run_0.csv,1200.0,200.0,0,5.6,0.04,5.6,0,16.5,48647.0,375.852,18.9465,48647.0,0.0,0.999835,1.46825
1200_dose_200_gradient_0_VconcST_0.04_Vconc_5.6_run_0.csv,1200.0,200.0,0,5.6,0.04,5.6,0,16.75,50197.4,368.403,19.5503,50197.4,0.0,0.999841,1.41905
1200_dose_200_gradient_0_VconcST_0.04_Vconc_5.6_run_0.csv,1200.0,200.0,0,5.6,0.04,5.6,0,17.0,51707.5,361.102,20.1385,51707.5,0.0,0.999845,1.38001
1200_dose_200_gradient_0_VconcST_0.04_Vconc_5.6_run_0.csv,1200.0,200.0,0,5.6,0.04,5.6,0,17.25,53178.3,353.945,20.7113,53178.3,0.0,0.999849,1.33696
1200_dose_200_gradient_0_VconcST_0.04_Vconc_5.6_run_0.csv,1200.0,200.0,0,5.6,0.04,5.6,0,17.5,54610.4,346.93,21.2691,54610.4,0.0,0.999853,1.30662
1200_dose_200_gradient_0_VconcST_0.04_Vconc_5.6_run_0.csv,1200.0,200.0,0,5.6,0.04,5.6,0,17.75,56004.7,340.054,21.8121,56004.7,0.0,0.999857,1.27587
1200_dose_200_gradient_0_VconcST_0.04_Vconc_5.6_run_0.csv,1200.0,200.0,0,5.6,0.04,5.6,0,18.0,57362.0,333.315,22.3407,57362.0,0.0,0.999861,1.24445
1200_dose_200_gradient_0_VconcST_0.04_Vconc_5.6_run_0.csv,1200.0,200.0,0,5.6,0.04,5.6,0,18.25,58683.0,326.709,22.8552,58683.0,0.0,0.999864,1.21479
1200_dose_200_gradient_0_VconcST_0.04_Vconc_5.6_run_0.csv,1200.0,200.0,0,5.6,0.04,5.6,0,18.5,59968.6,320.234,23.3559,59968.6,0.0,0.999867,1.18862
1200_dose_200_gradient_0_VconcST_0.04_Vconc_5.6_run_0.csv,1200.0,200.0,0,5.6,0.04,5.6,0,18.75,61219.4,313.887,23.843,61219.4,0.0,0.999869,1.16119
1200_dose_200_gradient_0_VconcST_0.04_Vconc_5.6_run_0.csv,1200.0,200.0,0,5.6,0.04,5.6,0,19.0,62436.1,307.666,24.3169,62436.1,0.0,0.999872,1.14333
1200_dose_200_gradient_0_VconcST_0.04_Vconc_5.6_run_0.csv,1200.0,200.0,0,5.6,0.04,5.6,0,19.25,63619.5,301.569,24.7778,63619.5,0.0,0.999874,1.12213
1200_dose_200_gradient_0_VconcST_0.04_Vconc_5.6_run_0.csv,1200.0,200.0,0,5.6,0.04,5.6,0,19.5,64770.3,295.592,25.226,64770.3,0.0,0.999876,1.09606
1200_dose_200_gradient_0_VconcST_0.04_Vconc_5.6_run_0.csv,1200.0,200.0,0,5.6,0.04,5.6,0,19.75,65889.1,289.734,25.6618,65889.1,0.0,0.999879,1.08068
1200_dose_200_gradient_0_VconcST_0.04_Vconc_5.6_run_0.csv,1200.0,200.0,0,5.6,0.04,5.6,0,20.0,66992.2,483.992,26.0914,66992.2,0.0,0.999881,1.06236
1200_dose_200_gradient_0_VconcST_0.04_Vconc_5.6_run_0.csv,1200.0,200.0,0,5.6,0.04,5.6,0,20.25,68972.2,474.4,26.8625,68972.2,0.0,0.999884,1.03193
1200_dose_200_gradient_0_VconcST_0.04_Vconc_5.6_run_0.csv,1200.0,200.0,0,5.6,0.04,5.6,0,20.5,70900.4,464.997,27.6135,70900.4,0.0,0.999887,1.00493
1200_dose_200_gradient_0_VconcST_0.04_Vconc_5.6_run_0.csv,1200.0,200.0,0,5.6,0.04,5.6,0,20.75,72777.9,455.782,28.3447,72777.9,0.0,0.99989,0.976912
1200_dose_200_gradient_0_VconcST_0.04_Vconc_5.6_run_0.csv,1200.0,200.0,0,5.6,0.04,5.6,0,21.0,74605.8,446.749,29.0566,74605.8,0.0,0.999893,0.953792
1200_dose_200_gradient_0_VconcST_0.04_Vconc_5.6_run_0.csv,1200.0,200.0,0,5.6,0.04,5.6,0,21.25,76385.0,437.895,29.7496,76385.0,0.0,0.999895,0.932766
1200_dose_200_gradient_0_VconcST_0.04_Vconc_5.6_run_0.csv,1200.0,200.0,0,5.6,0.04,5.6,0,21.5,78116.7,429.216,30.424,78116.7,0.0,0.999898,0.913411
1200_dose_200_gradient_0_VconcST_0.04_Vconc_5.6_run_0.csv,1200.0,200.0,0,5.6,0.04,5.6,0,21.75,79801.7,420.71,31.0803,79801.7,0.0,0.9999,0.893536
1200_dose_200_gradient_0_VconcST_0.04_Vconc_5.6_run_0.csv,1200.0,200.0,0,5.6,0.04,5.6,0,22.0,81441.0,412.372,31.7187,81441.0,0.0,0.999902,0.873146
1200_dose_200_gradient_0_VconcST_0.04_Vconc_5.6_run_0.csv,1200.0,200.0,0,5.6,0.04,5.6,0,22.25,83035.6,404.199,32.3398,83035.6,0.0,0.999904,0.85676
1200_dose_200_gradient_0_VconcST_0.04_Vconc_5.6_run_0.csv,1200.0,200.0,0,5.6,0.04,5.6,0,22.5,84586.6,396.188,32.9438,84586.6,0.0,0.999905,0.84082
1200_dose_200_gradient_0_VconcST_0.04_Vconc_5.6_run_0.csv,1200.0,200.0,0,5.6,0.04,5.6,0,22.75,86094.6,388.336,33.5312,86094.6,0.0,0.999907,0.825109
1200_dose_200_gradient_0_VconcST_0.04_Vconc_5.6_run_0.csv,1200.0,200.0,0,5.6,0.04,5.6,0,23.0,87560.6,380.64,34.1021,87560.6,0.0,0.999909,0.813895
1200_dose_200_gradient_0_VconcST_0.04_Vconc_5.6_run_0.csv,1200.0,200.0,0,5.6,0.04,5.6,0,23.25,88985.7,373.096,34.6572,88985.7,0.0,0.99991,0.799174
1200_dose_200_gradient_0_VconcST_0.04_Vconc_5.6_run_0.csv,1200.0,200.0,0,5.6,0.04,5.6,0,23.5,90370.4,365.702,35.1965,90370.4,0.0,0.999911,0.78669
1200_dose_200_gradient_0_VconcST_0.04_Vconc_5.6_run_0.csv,1200.0,200.0,0,5.6,0.04,5.6,0,23.75,91715.7,358.454,35.7204,91715.7,0.0,0.999913,0.776755
1200_dose_200_gradient_0_VconcST_0.04_Vconc_5.6_run_0.csv,1200.0,200.0,0,5.6,0.04,5.6,0,24.0,93022.6,351.35,36.2294,93022.6,0.0,0.999914,0.76481
1200_dose_200_gradient_0_VconcST_0.04_Vconc_5.6_run_0.csv,1200.0,200.0,0,5.6,0.04,5.6,0,24.25,94291.6,344.386,36.7237,94291.6,0.0,0.999915,0.753046
1200_dose_200_gradient_0_VconcST_0.04_Vconc_5.6_run_0.csv,1200.0,200.0,0,5.6,0.04,5.6,0,24.5,95523.7,337.561,37.2035,95523.7,0.0,0.999916,0.745501
1200_dose_200_gradient_0_VconcST_0.04_Vconc_5.6_run_0.csv,1200.0,200.0,0,5.6,0.04,5.6,0,24.75,96719.7,330.871,37.6693,96719.7,0.0,0.999917,0.734172
1200_dose_200_gradient_0_VconcST_0.04_Vconc_5.6_run_0.csv,1200.0,200.0,0,5.6,0.04,5.6,0,25.0,97895.8,524.314,38.1274,97895.8,0.0,0.999918,0.725239
1200_dose_200_gradient_0_VconcST_0.04_Vconc_5.6_run_0.csv,1200.0,200.0,0,5.6,0.04,5.6,0,25.25,99944.7,513.922,38.9254,99944.7,0.0,0.99992,0.712961
1200_dose_200_gradient_0_VconcST_0.04_Vconc_5.6_run_0.csv,1200.0,200.0,0,5.6,0.04,5.6,0,25.5,101938.0,503.737,39.7017,101938.0,0.0,0.999922,0.697246
1200_dose_200_gradient_0_VconcST_0.04_Vconc_5.6_run_0.csv,1200.0,200.0,0,5.6,0.04,5.6,0,25.75,103877.0,493.753,40.4567,103877.0,0.0,0.999923,0.683719
1200_dose_200_gradient_0_VconcST_0.04_Vconc_5.6_run_0.csv,1200.0,200.0,0,5.6,0.04,5.6,0,26.0,105762.0,483.968,41.191,105762.0,0.0,0.999924,0.671589
1200_dose_200_gradient_0_VconcST_0.04_Vconc_5.6_run_0.csv,1200.0,200.0,0,5.6,0.04,5.6,0,26.25,107595.0,474.376,41.9048,107595.0,0.0,0.999926,0.66085
1200_dose_200_gradient_0_VconcST_0.04_Vconc_5.6_run_0.csv,1200.0,200.0,0,5.6,0.04,5.6,0,26.5,109376.0,464.975,42.5987,109376.0,0.0,0.999927,0.650736
1200_dose_200_gradient_0_VconcST_0.04_Vconc_5.6_run_0.csv,1200.0,200.0,0,5.6,0.04,5.6,0,26.75,111108.0,455.759,43.2731,111108.0,0.0,0.999928,0.639519
1200_dose_200_gradient_0_VconcST_0.04_Vconc_5.6_run_0.csv,1200.0,200.0,0,5.6,0.04,5.6,0,27.0,112790.0,446.727,43.9283,112790.0,0.0,0.999929,0.629398
1200_dose_200_gradient_0_VconcST_0.04_Vconc_5.6_run_0.csv,1200.0,200.0,0,5.6,0.04,5.6,0,27.25,114425.0,437.873,44.5649,114425.0,0.0,0.99993,0.622327
1200_dose_200_gradient_0_VconcST_0.04_Vconc_5.6_run_0.csv,1200.0,200.0,0,5.6,0.04,5.6,0,27.5,116012.0,429.195,45.1831,116012.0,0.0,0.999931,0.611465
1200_dose_200_gradient_0_VconcST_0.04_Vconc_5.6_run_0.csv,1200.0,200.0,0,5.6,0.04,5.6,0,27.75,117553.0,420.689,45.7833,117553.0,0.0,0.999932,0.605315
1200_dose_200_gradient_0_VconcST_0.04_Vconc_5.6_run_0.csv,1200.0,200.0,0,5.6,0.04,5.6,0,28.0,119049.0,412.351,46.366,119049.0,0.0,0.999933,0.596171
1200_dose_200_gradient_0_VconcST_0.04_Vconc_5.6_run_0.csv,1200.0,200.0,0,5.6,0.04,5.6,0,28.25,120501.0,404.179,46.9315,120501.0,0.0,0.999934,0.588786
1200_dose_200_gradient_0_VconcST_0.04_Vconc_5.6_run_0.csv,1200.0,200.0,0,5.6,0.04,5.6,0,28.5,121910.0,396.169,47.4802,121910.0,0.0,0.999934,0.58246
1200_dose_200_gradient_0_VconcST_0.04_Vconc_5.6_run_0.csv,1200.0,200.0,0,5.6,0.04,5.6,0,28.75,123276.0,388.317,48.0123,123276.0,0.0,0.999935,0.575604
1200_dose_200_gradient_0_VconcST_0.04_Vconc_8_run_0.csv,1200.0,200.0,0,8.0,0.04,8.0,0,0.0,0.0,0.0,0.0,0.0,0.0,0.0,0.0
1200_dose_200_gradient_0_VconcST_0.04_Vconc_8_run_0.csv,1200.0,200.0,0,8.0,0.04,8.0,0,0.25,0.0,0.0,0.0,0.0,0.0,0.0,10000.0
1200_dose_200_gradient_0_VconcST_0.04_Vconc_8_run_0.csv,1200.0,200.0,0,8.0,0.04,8.0,0,0.5,0.0,0.0,0.0,0.0,0.0,0.0,894.481
1200_dose_200_gradient_0_VconcST_0.04_Vconc_8_run_0.csv,1200.0,200.0,0,8.0,0.04,8.0,0,0.75,0.0,0.0,0.0,0.0,0.0,0.0,10000.0
1200_dose_200_gradient_0_VconcST_0.04_Vconc_8_run_0.csv,1200.0,200.0,0,8.0,0.04,8.0,0,1.0,0.0,0.0,0.0,0.0,0.0,0.0,900.224
1200_dose_200_gradient_0_VconcST_0.04_Vconc_8_run_0.csv,1200.0,200.0,0,8.0,0.04,8.0,0,1.25,0.0,0.0,0.0,0.0,0.0,0.0,10000.0
1200_dose_200_gradient_0_VconcST_0.04_Vconc_8_run_0.csv,1200.0,200.0,0,8.0,0.04,8.0,0,1.5,0.0,0.0,0.0,0.0,0.0,0.0,892.411
1200_dose_200_gradient_0_VconcST_0.04_Vconc_8_run_0.csv,1200.0,200.0,0,8.0,0.04,8.0,0,1.75,0.0,0.0,0.0,0.0,0.0,0.0,10000.0
1200_dose_200_gradient_0_VconcST_0.04_Vconc_8_run_0.csv,1200.0,200.0,0,8.0,0.04,8.0,0,2.0,0.0,0.0,0.0,0.0,0.0,0.0,902.111
1200_dose_200_gradient_0_VconcST_0.04_Vconc_8_run_0.csv,1200.0,200.0,0,8.0,0.04,8.0,0,2.25,0.0,0.0,0.0,0.0,0.0,0.0,10000.0
1200_dose_200_gradient_0_VconcST_0.04_Vconc_8_run_0.csv,1200.0,200.0,0,8.0,0.04,8.0,0,2.5,0.0,0.0,0.0,0.0,0.0,0.0,903.67
1200_dose_200_gradient_0_VconcST_0.04_Vconc_8_run_0.csv,1200.0,200.0,0,8.0,0.04,8.0,0,2.75,0.0,0.0,0.0,0.0,0.0,0.0,10000.0
1200_dose_200_gradient_0_VconcST_0.04_Vconc_8_run_0.csv,1200.0,200.0,0,8.0,0.04,8.0,0,3.0,0.0,0.0,0.0,0.0,0.0,0.0,897.43
1200_dose_200_gradient_0_VconcST_0.04_Vconc_8_run_0.csv,1200.0,200.0,0,8.0,0.04,8.0,0,3.25,0.0,0.0,0.0,0.0,0.0,0.0,10000.0
1200_dose_200_gradient_0_VconcST_0.04_Vconc_8_run_0.csv,1200.0,200.0,0,8.0,0.04,8.0,0,3.5,0.0,0.0,0.0,0.0,0.0,0.0,896.713
1200_dose_200_gradient_0_VconcST_0.04_Vconc_8_run_0.csv,1200.0,200.0,0,8.0,0.04,8.0,0,3.75,0.0,0.0,0.0,0.0,0.0,0.0,10000.0
1200_dose_200_gradient_0_VconcST_0.04_Vconc_8_run_0.csv,1200.0,200.0,0,8.0,0.04,8.0,0,4.0,0.0,0.0,0.0,0.0,0.0,0.0,893.436
1200_dose_200_gradient_0_VconcST_0.04_Vconc_8_run_0.csv,1200.0,200.0,0,8.0,0.04,8.0,0,4.25,0.0,0.0,0.0,0.0,0.0,0.0,10000.0
1200_dose_200_gradient_0_VconcST_0.04_Vconc_8_run_0.csv,1200.0,200.0,0,8.0,0.04,8.0,0,4.5,0.0,0.0,0.0,0.0,0.0,0.0,899.852
1200_dose_200_gradient_0_VconcST_0.04_Vconc_8_run_0.csv,1200.0,200.0,0,8.0,0.04,8.0,0,4.75,0.0,0.0,0.0,0.0,0.0,0.0,10000.0
1200_dose_200_gradient_0_VconcST_0.04_Vconc_8_run_0.csv,1200.0,200.0,0,8.0,0.04,8.0,0,5.0,15.5725,200.0,0.00606501,15.5725,0.0,0.0,888.182
1200_dose_200_gradient_0_VconcST_0.04_Vconc_8_run_0.csv,1200.0,200.0,0,8.0,0.04,8.0,0,5.25,938.689,196.036,0.36559,938.689,0.0,0.991412,127.401
1200_dose_200_gradient_0_VconcST_0.04_Vconc_8_run_0.csv,1200.0,200.0,0,8.0,0.04,8.0,0,5.5,1840.01,192.151,0.716626,1840.01,0.0,0.995636,61.4138
1200_dose_200_gradient_0_VconcST_0.04_Vconc_8_run_0.csv,1200.0,200.0,0,8.0,0.04,8.0,0,5.75,2719.98,188.343,1.05935,2719.98,0.0,0.997052,40.1263
1200_dose_200_gradient_0_VconcST_0.04_Vconc_8_run_0.csv,1200.0,200.0,0,8.0,0.04,8.0,0,6.0,3579.03,184.61,1.39392,3579.03,0.0,0.997761,30.0319
1200_dose_200_gradient_0_VconcST_0.04_Vconc_8_run_0.csv,1200.0,200.0,0,8.0,0.04,8.0,0,6.25,4417.6,180.951,1.72052,4417.6,0.0,0.998187,23.7927
1200_dose_200_gradient_0_VconcST_0.04_Vconc_8_run_0.csv,1200.0,200.0,0,8.0,0.04,8.0,0,6.5,5236.1,177.365,2.0393,5236.1,0.0,0.998471,20.0307
1200_dose_200_gradient_0_VconcST_0.04_Vconc_8_run_0.csv,1200.0,200.0,0,8.0,0.04,8.0,0,6.75,6034.93,173.85,2.35042,6034.93,0.0,0.998673,17.4311
1200_dose_200_gradient_0_VconcST_0.04_Vconc_8_run_0.csv,1200.0,200.0,0,8.0,0.04,8.0,0,7.0,6814.52,170.404,2.65404,6814.52,0.0,0.998825,15.4164
1200_dose_200_gradient_0_VconcST_0.04_Vconc_8_run_0.csv,1200.0,200.0,0,8.0,0.04,8.0,0,7.25,7575.25,167.027,2.95032,7575.25,0.0,0.998943,13.7808
1200_dose_200_gradient_0_VconcST_0.04_Vconc_8_run_0.csv,1200.0,200.0,0,8.0,0.04,8.0,0,7.5,8317.5,163.717,3.23941,8317.5,0.0,0.999038,12.428
1200_dose_200_gradient_0_VconcST_0.04_Vconc_8_run_0.csv,1200.0,200.0,0,8.0,0.04,8.0,0,7.75,9041.66,160.472,3.52144,9041.66,0.0,0.999115,11.4033
1200_dose_200_gradient_0_VconcST_0.04_Vconc_8_run_0.csv,1200.0,200.0,0,8.0,0.04,8.0,0,8.0,9748.09,157.292,3.79658,9748.09,0.0,0.999179,10.5256
1200_dose_200_gradient_0_VconcST_0.04_Vconc_8_run_0.csv,1200.0,200.0,0,8.0,0.04,8.0,0,8.25,10437.2,154.175,4.06495,10437.2,0.0,0.999233,9.90405
1200_dose_200_gradient_0_VconcST_0.04_Vconc_8_run_0.csv,1200.0,200.0,0,8.0,0.04,8.0,0,8.5,11109.2,151.119,4.3267,11109.2,0.0,0.99928,9.27806
1200_dose_200_gradient_0_VconcST_0.04_Vconc_8_run_0.csv,1200.0,200.0,0,8.0,0.04,8.0,0,8.75,11764.7,148.124,4.58197,11764.7,0.0,0.99932,8.76441
1200_dose_200_gradient_0_VconcST_0.04_Vconc_8_run_0.csv,1200.0,200.0,0,8.0,0.04,8.0,0,9.0,12403.8,145.188,4.83089,12403.8,0.0,0.999355,8.27134
1200_dose_200_gradient_0_VconcST_0.04_Vconc_8_run_0.csv,1200.0,200.0,0,8.0,0.04,8.0,0,9.25,13026.9,142.311,5.07358,13026.9,0.0,0.999386,7.88999
1200_dose_200_gradient_0_VconcST_0.04_Vconc_8_run_0.csv,1200.0,200.0,0,8.0,0.04,8.0,0,9.5,13634.4,139.49,5.31017,13634.4,0.0,0.999413,7.49285
1200_dose_200_gradient_0_VconcST_0.04_Vconc_8_run_0.csv,1200.0,200.0,0,8.0,0.04,8.0,0,9.75,14226.6,136.726,5.54081,14226.6,0.0,0.999438,7.2429
1200_dose_200_gradient_0_VconcST_0.04_Vconc_8_run_0.csv,1200.0,200.0,0,8.0,0.04,8.0,0,10.0,14819.3,334.016,5.77166,14819.3,0.0,0.99946,6.90132
1200_dose_200_gradient_0_VconcST_0.04_Vconc_8_run_0.csv,1200.0,200.0,0,8.0,0.04,8.0,0,10.25,16304.9,327.396,6.35025,16304.9,0.0,0.999509,6.33885
1200_dose_200_gradient_0_VconcST_0.04_Vconc_8_run_0.csv,1200.0,200.0,0,8.0,0.04,8.0,0,10.5,17754.3,320.908,6.91475,17754.3,0.0,0.999549,5.78998
1200_dose_200_gradient_0_VconcST_0.04_Vconc_8_run_0.csv,1200.0,200.0,0,8.0,0.04,8.0,0,10.75,19168.2,314.548,7.46544,19168.2,0.0,0.999582,5.36961
1200_dose_200_gradient_0_VconcST_0.04_Vconc_8_run_0.csv,1200.0,200.0,0,8.0,0.04,8.0,0,11.0,20547.5,308.314,8.0026,20547.5,0.0,0.99961,4.99406
1200_dose_200_gradient_0_VconcST_0.04_Vconc_8_run_0.csv,1200.0,200.0,0,8.0,0.04,8.0,0,11.25,21892.7,302.203,8.52653,21892.7,0.0,0.999634,4.69404
1200_dose_200_gradient_0_VconcST_0.04_Vconc_8_run_0.csv,1200.0,200.0,0,8.0,0.04,8.0,0,11.5,23204.6,296.214,9.03748,23204.6,0.0,0.999655,4.4108
1200_dose_200_gradient_0_VconcST_0.04_Vconc_8_run_0.csv,1200.0,200.0,0,8.0,0.04,8.0,0,11.75,24483.9,290.344,9.53573,24483.9,0.0,0.999673,4.18863
1200_dose_200_gradient_0_VconcST_0.04_Vconc_8_run_0.csv,1200.0,200.0,0,8.0,0.04,8.0,0,12.0,25731.3,284.589,10.0215,25731.3,0.0,0.999689,3.97727
1200_dose_200_gradient_0_VconcST_0.04_Vconc_8_run_0.csv,1200.0,200.0,0,8.0,0.04,8.0,0,12.25,26947.3,278.949,10.4951,26947.3,0.0,0.999703,3.78766
1200_dose_200_gradient_0_VconcST_0.04_Vconc_8_run_0.csv,1200.0,200.0,0,8.0,0.04,8.0,0,12.5,28132.7,273.42,10.9568,28132.7,0.0,0.999716,3.63543
1200_dose_200_gradient_0_VconcST_0.04_Vconc_8_run_0.csv,1200.0,200.0,0,8.0,0.04,8.0,0,12.75,29288.2,268.001,11.4068,29288.2,0.0,0.999727,3.48616
1200_dose_200_gradient_0_VconcST_0.04_Vconc_8_run_0.csv,1200.0,200.0,0,8.0,0.04,8.0,0,13.0,30414.2,262.69,11.8454,30414.2,0.0,0.999737,3.35367
1200_dose_200_gradient_0_VconcST_0.04_Vconc_8_run_0.csv,1200.0,200.0,0,8.0,0.04,8.0,0,13.25,31511.4,257.484,12.2727,31511.4,0.0,0.999746,3.25002
1200_dose_200_gradient_0_VconcST_0.04_Vconc_8_run_0.csv,1200.0,200.0,0,8.0,0.04,8.0,0,13.5,32580.4,252.381,12.6891,32580.4,0.0,0.999754,3.13771
1200_dose_200_gradient_0_VconcST_0.04_Vconc_8_run_0.csv,1200.0,200.0,0,8.0,0.04,8.0,0,13.75,33621.8,247.379,13.0947,33621.8,0.0,0.999762,3.02454
1200_dose_200_gradient_0_VconcST_0.04_Vconc_8_run_0.csv,1200.0,200.0,0,8.0,0.04,8.0,0,14.0,34636.2,242.476,13.4897,34636.2,0.0,0.999769,2.93949
1200_dose_200_gradient_0_VconcST_0.04_Vconc_8_run_0.csv,1200.0,200.0,0,8.0,0.04,8.0,0,14.25,35624.1,237.67,13.8745,35624.1,0.0,0.999775,2.87371
1200_dose_200_gradient_0_VconcST_0.04_Vconc_8_run_0.csv,1200.0,200.0,0,8.0,0.04,8.0,0,14.5,36586.1,232.96,14.2491,36586.1,0.0,0.999781,2.77683
1200_dose_200_gradient_0_VconcST_0.04_Vconc_8_run_0.csv,1200.0,200.0,0,8.0,0.04,8.0,0,14.75,37522.7,228.343,14.6139,37522.7,0.0,0.999787,2.71421
1200_dose_200_gradient_0_VconcST_0.04_Vconc_8_run_0.csv,1200.0,200.0,0,8.0,0.04,8.0,0,15.0,38450.0,423.817,14.9751,38450.0,0.0,0.999792,2.64754
1200_dose_200_gradient_0_VconcST_0.04_Vconc_8_run_0.csv,1200.0,200.0,0,8.0,0.04,8.0,0,15.25,40260.5,415.418,15.6802,40260.5,0.0,0.999801,2.53333
1200_dose_200_gradient_0_VconcST_0.04_Vconc_8_run_0.csv,1200.0,200.0,0,8.0,0.04,8.0,0,15.5,42025.3,407.184,16.3676,42025.3,0.0,0.99981,2.42932
1200_dose_200_gradient_0_VconcST_0.04_Vconc_8_run_0.csv,1200.0,200.0,0,8.0,0.04,8.0,0,15.75,43745.5,399.115,17.0375,43745.5,0.0,0.999817,2.33109
1200_dose_200_gradient_0_VconcST_0.04_Vconc_8_run_0.csv,1200.0,200.0,0,8.0,0.04,8.0,0,16.0,45421.9,391.205,17.6904,45421.9,0.0,0.999824,2.24826
1200_dose_200_gradient_0_VconcST_0.04_Vconc_8_run_0.csv,1200.0,200.0,0,8.0,0.04,8.0,0,16.25,47055.4,383.451,18.3266,47055.4,0.0,0.99983,2.17346
1200_dose_200_gradient_0_VconcST_0.04_Vconc_8_run_0.csv,1200.0,200.0,0,8.0,0.04,8.0,0,16.5,48647.0,375.852,18.9465,48647.0,0.0,0.999835,2.09328
1200_dose_200_gradient_0_VconcST_0.04_Vconc_8_run_0.csv,1200.0,200.0,0,8.0,0.04,8.0,0,16.75,50197.4,368.403,19.5503,50197.4,0.0,0.999841,2.03594
1200_dose_200_gradient_0_VconcST_0.04_Vconc_8_run_0.csv,1200.0,200.0,0,8.0,0.04,8.0,0,17.0,51707.5,361.102,20.1385,51707.5,0.0,0.999845,1.96867
1200_dose_200_gradient_0_VconcST_0.04_Vconc_8_run_0.csv,1200.0,200.0,0,8.0,0.04,8.0,0,17.25,53178.3,353.945,20.7113,53178.3,0.0,0.999849,1.91651
1200_dose_200_gradient_0_VconcST_0.04_Vconc_8_run_0.csv,1200.0,200.0,0,8.0,0.04,8.0,0,17.5,54610.4,346.93,21.2691,54610.4,0.0,0.999853,1.86715
1200_dose_200_gradient_0_VconcST_0.04_Vconc_8_run_0.csv,1200.0,200.0,0,8.0,0.04,8.0,0,17.75,56004.7,340.054,21.8121,56004.7,0.0,0.999857,1.81882
1200_dose_200_gradient_0_VconcST_0.04_Vconc_8_run_0.csv,1200.0,200.0,0,8.0,0.04,8.0,0,18.0,57362.0,333.315,22.3407,57362.0,0.0,0.999861,1.77104
1200_dose_200_gradient_0_VconcST_0.04_Vconc_8_run_0.csv,1200.0,200.0,0,8.0,0.04,8.0,0,18.25,58683.0,326.709,22.8552,58683.0,0.0,0.999864,1.73328
1200_dose_200_gradient_0_VconcST_0.04_Vconc_8_run_0.csv,1200.0,200.0,0,8.0,0.04,8.0,0,18.5,59968.6,320.234,23.3559,59968.6,0.0,0.999867,1.69654
1200_dose_200_gradient_0_VconcST_0.04_Vconc_8_run_0.csv,1200.0,200.0,0,8.0,0.04,8.0,0,18.75,61219.4,313.887,23.843,61219.4,0.0,0.999869,1.66467
1200_dose_200_gradient_0_VconcST_0.04_Vconc_8_run_0.csv,1200.0,200.0,0,8.0,0.04,8.0,0,19.0,62436.1,307.666,24.3169,62436.1,0.0,0.999872,1.62582
1200_dose_200_gradient_0_VconcST_0.04_Vconc_8_run_0.csv,1200.0,200.0,0,8.0,0.04,8.0,0,19.25,63619.5,301.569,24.7778,63619.5,0.0,0.999874,1.59903
1200_dose_200_gradient_0_VconcST_0.04_Vconc_8_run_0.csv,1200.0,200.0,0,8.0,0.04,8.0,0,19.5,64770.3,295.592,25.226,64770.3,0.0,0.999876,1.56687
1200_dose_200_gradient_0_VconcST_0.04_Vconc_8_run_0.csv,1200.0,200.0,0,8.0,0.04,8.0,0,19.75,65889.1,289.734,25.6618,65889.1,0.0,0.999879,1.54191
1200_dose_200_gradient_0_VconcST_0.04_Vconc_8_run_0.csv,1200.0,200.0,0,8.0,0.04,8.0,0,20.0,66992.2,483.992,26.0914,66992.2,0.0,0.999881,1.51839
1200_dose_200_gradient_0_VconcST_0.04_Vconc_8_run_0.csv,1200.0,200.0,0,8.0,0.04,8.0,0,20.25,68972.2,474.4,26.8625,68972.2,0.0,0.999884,1.47657
1200_dose_200_gradient_0_VconcST_0.04_Vconc_8_run_0.csv,1200.0,200.0,0,8.0,0.04,8.0,0,20.5,70900.4,464.997,27.6135,70900.4,0.0,0.999887,1.43547
1200_dose_200_gradient_0_VconcST_0.04_Vconc_8_run_0.csv,1200.0,200.0,0,8.0,0.04,8.0,0,20.75,72777.9,455.782,28.3447,72777.9,0.0,0.99989,1.39766
1200_dose_200_gradient_0_VconcST_0.04_Vconc_8_run_0.csv,1200.0,200.0,0,8.0,0.04,8.0,0,21.0,74605.8,446.749,29.0566,74605.8,0.0,0.999893,1.37004
1200_dose_200_gradient_0_VconcST_0.04_Vconc_8_run_0.csv,1200.0,200.0,0,8.0,0.04,8.0,0,21.25,76385.0,437.895,29.7496,76385.0,0.0,0.999895,1.33236
1200_dose_200_gradient_0_VconcST_0.04_Vconc_8_run_0.csv,1200.0,200.0,0,8.0,0.04,8.0,0,21.5,78116.7,429.216,30.424,78116.7,0.0,0.999898,1.29984
1200_dose_200_gradient_0_VconcST_0.04_Vconc_8_run_0.csv,1200.0,200.0,0,8.0,0.04,8.0,0,21.75,79801.7,420.71,31.0803,79801.7,0.0,0.9999,1.27633
1200_dose_200_gradient_0_VconcST_0.04_Vconc_8_run_0.csv,1200.0,200.0,0,8.0,0.04,8.0,0,22.0,81441.0,412.372,31.7187,81441.0,0.0,0.999902,1.24962
1200_dose_200_gradient_0_VconcST_0.04_Vconc_8_run_0.csv,1200.0,200.0,0,8.0,0.04,8.0,0,22.25,83035.6,404.199,32.3398,83035.6,0.0,0.999904,1.22248
1200_dose_200_gradient_0_VconcST_0.04_Vconc_8_run_0.csv,1200.0,200.0,0,8.0,0.04,8.0,0,22.5,84586.6,396.188,32.9438,84586.6,0.0,0.999905,1.2008
1200_dose_200_gradient_0_VconcST_0.04_Vconc_8_run_0.csv,1200.0,200.0,0,8.0,0.04,8.0,0,22.75,86094.6,388.336,33.5312,86094.6,0.0,0.999907,1.18266
1200_dose_200_gradient_0_VconcST_0.04_Vconc_8_run_0.csv,1200.0,200.0,0,8.0,0.04,8.0,0,23.0,87560.6,380.64,34.1021,87560.6,0.0,0.999909,1.16055
1200_dose_200_gradient_0_VconcST_0.04_Vconc_8_run_0.csv,1200.0,200.0,0,8.0,0.04,8.0,0,23.25,88985.7,373.096,34.6572,88985.7,0.0,0.99991,1.14365
1200_dose_200_gradient_0_VconcST_0.04_Vconc_8_run_0.csv,1200.0,200.0,0,8.0,0.04,8.0,0,23.5,90370.4,365.702,35.1965,90370.4,0.0,0.999911,1.12433
1200_dose_200_gradient_0_VconcST_0.04_Vconc_8_run_0.csv,1200.0,200.0,0,8.0,0.04,8.0,0,23.75,91715.7,358.454,35.7204,91715.7,0.0,0.999913,1.10762
1200_dose_200_gradient_0_VconcST_0.04_Vconc_8_run_0.csv,1200.0,200.0,0,8.0,0.04,8.0,0,24.0,93022.6,351.35,36.2294,93022.6,0.0,0.999914,1.091
1200_dose_200_gradient_0_VconcST_0.04_Vconc_8_run_0.csv,1200.0,200.0,0,8.0,0.04,8.0,0,24.25,94291.6,344.386,36.7237,94291.6,0.0,0.999915,1.07867
1200_dose_200_gradient_0_VconcST_0.04_Vconc_8_run_0.csv,1200.0,200.0,0,8.0,0.04,8.0,0,24.5,95523.7,337.561,37.2035,95523.7,0.0,0.999916,1.06286
1200_dose_200_gradient_0_VconcST_0.04_Vconc_8_run_0.csv,1200.0,200.0,0,8.0,0.04,8.0,0,24.75,96719.7,330.871,37.6693,96719.7,0.0,0.999917,1.04877
1200_dose_200_gradient_0_VconcST_0.04_Vconc_8_run_0.csv,1200.0,200.0,0,8.0,0.04,8.0,0,25.0,97895.8,524.314,38.1274,97895.8,0.0,0.999918,1.03765
1200_dose_200_gradient_0_VconcST_0.04_Vconc_8_run_0.csv,1200.0,200.0,0,8.0,0.04,8.0,0,25.25,99944.7,513.922,38.9254,99944.7,0.0,0.99992,1.01673
1200_dose_200_gradient_0_VconcST_0.04_Vconc_8_run_0.csv,1200.0,200.0,0,8.0,0.04,8.0,0,25.5,101938.0,503.737,39.7017,101938.0,0.0,0.999922,0.999811
1200_dose_200_gradient_0_VconcST_0.04_Vconc_8_run_0.csv,1200.0,200.0,0,8.0,0.04,8.0,0,25.75,103877.0,493.753,40.4567,103877.0,0.0,0.999923,0.979488
1200_dose_200_gradient_0_VconcST_0.04_Vconc_8_run_0.csv,1200.0,200.0,0,8.0,0.04,8.0,0,26.0,105762.0,483.968,41.191,105762.0,0.0,0.999924,0.961206
1200_dose_200_gradient_0_VconcST_0.04_Vconc_8_run_0.csv,1200.0,200.0,0,8.0,0.04,8.0,0,26.25,107595.0,474.376,41.9048,107595.0,0.0,0.999926,0.943574
1200_dose_200_gradient_0_VconcST_0.04_Vconc_8_run_0.csv,1200.0,200.0,0,8.0,0.04,8.0,0,26.5,109376.0,464.975,42.5987,109376.0,0.0,0.999927,0.927997
1200_dose_200_gradient_0_VconcST_0.04_Vconc_8_run_0.csv,1200.0,200.0,0,8.0,0.04,8.0,0,26.75,111108.0,455.759,43.2731,111108.0,0.0,0.999928,0.915182
1200_dose_200_gradient_0_VconcST_0.04_Vconc_8_run_0.csv,1200.0,200.0,0,8.0,0.04,8.0,0,27.0,112790.0,446.727,43.9283,112790.0,0.0,0.999929,0.901872
1200_dose_200_gradient_0_VconcST_0.04_Vconc_8_run_0.csv,1200.0,200.0,0,8.0,0.04,8.0,0,27.25,114425.0,437.873,44.5649,114425.0,0.0,0.99993,0.88821
1200_dose_200_gradient_0_VconcST_0.04_Vconc_8_run_0.csv,1200.0,200.0,0,8.0,0.04,8.0,0,27.5,116012.0,429.195,45.1831,116012.0,0.0,0.999931,0.875532
1200_dose_200_gradient_0_VconcST_0.04_Vconc_8_run_0.csv,1200.0,200.0,0,8.0,0.04,8.0,0,27.75,117553.0,420.689,45.7833,117553.0,0.0,0.999932,0.865084
1200_dose_200_gradient_0_VconcST_0.04_Vconc_8_run_0.csv,1200.0,200.0,0,8.0,0.04,8.0,0,28.0,119049.0,412.351,46.366,119049.0,0.0,0.999933,0.852437
1200_dose_200_gradient_0_VconcST_0.04_Vconc_8_run_0.csv,1200.0,200.0,0,8.0,0.04,8.0,0,28.25,120501.0,404.179,46.9315,120501.0,0.0,0.999934,0.841024
1200_dose_200_gradient_0_VconcST_0.04_Vconc_8_run_0.csv,1200.0,200.0,0,8.0,0.04,8.0,0,28.5,121910.0,396.169,47.4802,121910.0,0.0,0.999934,0.831228
1200_dose_200_gradient_0_VconcST_0.04_Vconc_8_run_0.csv,1200.0,200.0,0,8.0,0.04,8.0,0,28.75,123276.0,388.317,48.0123,123276.0,0.0,0.999935,0.823577
1200_dose_200_gradient_0_VconcST_0.04_Vconc_7.2_run_0.csv,1200.0,200.0,0,7.2,0.04,7.2,0,0.0,0.0,0.0,0.0,0.0,0.0,0.0,0.0
1200_dose_200_gradient_0_VconcST_0.04_Vconc_7.2_run_0.csv,1200.0,200.0,0,7.2,0.04,7.2,0,0.25,0.0,0.0,0.0,0.0,0.0,0.0,10000.0
1200_dose_200_gradient_0_VconcST_0.04_Vconc_7.2_run_0.csv,1200.0,200.0,0,7.2,0.04,7.2,0,0.5,0.0,0.0,0.0,0.0,0.0,0.0,839.898
1200_dose_200_gradient_0_VconcST_0.04_Vconc_7.2_run_0.csv,1200.0,200.0,0,7.2,0.04,7.2,0,0.75,0.0,0.0,0.0,0.0,0.0,0.0,10000.0
1200_dose_200_gradient_0_VconcST_0.04_Vconc_7.2_run_0.csv,1200.0,200.0,0,7.2,0.04,7.2,0,1.0,0.0,0.0,0.0,0.0,0.0,0.0,842.062
1200_dose_200_gradient_0_VconcST_0.04_Vconc_7.2_run_0.csv,1200.0,200.0,0,7.2,0.04,7.2,0,1.25,0.0,0.0,0.0,0.0,0.0,0.0,10000.0
1200_dose_200_gradient_0_VconcST_0.04_Vconc_7.2_run_0.csv,1200.0,200.0,0,7.2,0.04,7.2,0,1.5,0.0,0.0,0.0,0.0,0.0,0.0,835.314
1200_dose_200_gradient_0_VconcST_0.04_Vconc_7.2_run_0.csv,1200.0,200.0,0,7.2,0.04,7.2,0,1.75,0.0,0.0,0.0,0.0,0.0,0.0,10000.0
1200_dose_200_gradient_0_VconcST_0.04_Vconc_7.2_run_0.csv,1200.0,200.0,0,7.2,0.04,7.2,0,2.0,0.0,0.0,0.0,0.0,0.0,0.0,839.384
1200_dose_200_gradient_0_VconcST_0.04_Vconc_7.2_run_0.csv,1200.0,200.0,0,7.2,0.04,7.2,0,2.25,0.0,0.0,0.0,0.0,0.0,0.0,10000.0
1200_dose_200_gradient_0_VconcST_0.04_Vconc_7.2_run_0.csv,1200.0,200.0,0,7.2,0.04,7.2,0,2.5,0.0,0.0,0.0,0.0,0.0,0.0,844.814
1200_dose_200_gradient_0_VconcST_0.04_Vconc_7.2_run_0.csv,1200.0,200.0,0,7.2,0.04,7.2,0,2.75,0.0,0.0,0.0,0.0,0.0,0.0,10000.0
1200_dose_200_gradient_0_VconcST_0.04_Vconc_7.2_run_0.csv,1200.0,200.0,0,7.2,0.04,7.2,0,3.0,0.0,0.0,0.0,0.0,0.0,0.0,841.837
1200_dose_200_gradient_0_VconcST_0.04_Vconc_7.2_run_0.csv,1200.0,200.0,0,7.2,0.04,7.2,0,3.25,0.0,0.0,0.0,0.0,0.0,0.0,10000.0
1200_dose_200_gradient_0_VconcST_0.04_Vconc_7.2_run_0.csv,1200.0,200.0,0,7.2,0.04,7.2,0,3.5,0.0,0.0,0.0,0.0,0.0,0.0,839.557
1200_dose_200_gradient_0_VconcST_0.04_Vconc_7.2_run_0.csv,1200.0,200.0,0,7.2,0.04,7.2,0,3.75,0.0,0.0,0.0,0.0,0.0,0.0,10000.0
1200_dose_200_gradient_0_VconcST_0.04_Vconc_7.2_run_0.csv,1200.0,200.0,0,7.2,0.04,7.2,0,4.0,0.0,0.0,0.0,0.0,0.0,0.0,845.721
1200_dose_200_gradient_0_VconcST_0.04_Vconc_7.2_run_0.csv,1200.0,200.0,0,7.2,0.04,7.2,0,4.25,0.0,0.0,0.0,0.0,0.0,0.0,10000.0
1200_dose_200_gradient_0_VconcST_0.04_Vconc_7.2_run_0.csv,1200.0,200.0,0,7.2,0.04,7.2,0,4.5,0.0,0.0,0.0,0.0,0.0,0.0,851.454
1200_dose_200_gradient_0_VconcST_0.04_Vconc_7.2_run_0.csv,1200.0,200.0,0,7.2,0.04,7.2,0,4.75,0.0,0.0,0.0,0.0,0.0,0.0,10000.0
1200_dose_200_gradient_0_VconcST_0.04_Vconc_7.2_run_0.csv,1200.0,200.0,0,7.2,0.04,7.2,0,5.0,15.5725,200.0,0.00606501,15.5725,0.0,0.0,850.478
1200_dose_200_gradient_0_VconcST_0.04_Vconc_7.2_run_0.csv,1200.0,200.0,0,7.2,0.04,7.2,0,5.25,938.689,196.036,0.36559,938.689,0.0,0.991412,116.695
1200_dose_200_gradient_0_VconcST_0.04_Vconc_7.2_run_0.csv,1200.0,200.0,0,7.2,0.04,7.2,0,5.5,1840.01,192.151,0.716626,1840.01,0.0,0.995636,54.6028
1200_dose_200_gradient_0_VconcST_0.04_Vconc_7.2_run_0.csv,1200.0,200.0,0,7.2,0.04,7.2,0,5.75,2719.98,188.343,1.05935,2719.98,0.0,0.997052,35.8475
1200_dose_200_gradient_0_VconcST_0.04_Vconc_7.2_run_0.csv,1200.0,200.0,0,7.2,0.04,7.2,0,6.0,3579.03,184.61,1.39392,3579.03,0.0,0.997761,26.8758
1200_dose_200_gradient_0_VconcST_0.04_Vconc_7.2_run_0.csv,1200.0,200.0,0,7.2,0.04,7.2,0,6.25,4417.6,180.951,1.72052,4417.6,0.0,0.998187,21.4577
1200_dose_200_gradient_0_VconcST_0.04_Vconc_7.2_run_0.csv,1200.0,200.0,0,7.2,0.04,7.2,0,6.5,5236.1,177.365,2.0393,5236.1,0.0,0.998471,18.1602
1200_dose_200_gradient_0_VconcST_0.04_Vconc_7.2_run_0.csv,1200.0,200.0,0,7.2,0.04,7.2,0,6.75,6034.93,173.85,2.35042,6034.93,0.0,0.998673,15.5909
1200_dose_200_gradient_0_VconcST_0.04_Vconc_7.2_run_0.csv,1200.0,200.0,0,7.2,0.04,7.2,0,7.0,6814.52,170.404,2.65404,6814.52,0.0,0.998825,13.7237
1200_dose_200_gradient_0_VconcST_0.04_Vconc_7.2_run_0.csv,1200.0,200.0,0,7.2,0.04,7.2,0,7.25,7575.25,167.027,2.95032,7575.25,0.0,0.998943,12.3547
1200_dose_200_gradient_0_VconcST_0.04_Vconc_7.2_run_0.csv,1200.0,200.0,0,7.2,0.04,7.2,0,7.5,8317.5,163.717,3.23941,8317.5,0.0,0.999038,11.2268
1200_dose_200_gradient_0_VconcST_0.04_Vconc_7.2_run_0.csv,1200.0,200.0,0,7.2,0.04,7.2,0,7.75,9041.66,160.472,3.52144,9041.66,0.0,0.999115,10.2836
1200_dose_200_gradient_0_VconcST_0.04_Vconc_7.2_run_0.csv,1200.0,200.0,0,7.2,0.04,7.2,0,8.0,9748.09,157.292,3.79658,9748.09,0.0,0.999179,9.56534
1200_dose_200_gradient_0_VconcST_0.04_Vconc_7.2_run_0.csv,1200.0,200.0,0,7.2,0.04,7.2,0,8.25,10437.2,154.175,4.06495,10437.2,0.0,0.999233,8.91003
1200_dose_200_gradient_0_VconcST_0.04_Vconc_7.2_run_0.csv,1200.0,200.0,0,7.2,0.04,7.2,0,8.5,11109.2,151.119,4.3267,11109.2,0.0,0.99928,8.36514
1200_dose_200_gradient_0_VconcST_0.04_Vconc_7.2_run_0.csv,1200.0,200.0,0,7.2,0.04,7.2,0,8.75,11764.7,148.124,4.58197,11764.7,0.0,0.99932,7.83974
1200_dose_200_gradient_0_VconcST_0.04_Vconc_7.2_run_0.csv,1200.0,200.0,0,7.2,0.04,7.2,0,9.0,12403.8,145.188,4.83089,12403.8,0.0,0.999355,7.44028
1200_dose_200_gradient_0_VconcST_0.04_Vconc_7.2_run_0.csv,1200.0,200.0,0,7.2,0.04,7.2,0,9.25,13026.9,142.311,5.07358,13026.9,0.0,0.999386,7.07903
1200_dose_200_gradient_0_VconcST_0.04_Vconc_7.2_run_0.csv,1200.0,200.0,0,7.2,0.04,7.2,0,9.5,13634.4,139.49,5.31017,13634.4,0.0,0.999413,6.76181
1200_dose_200_gradient_0_VconcST_0.04_Vconc_7.2_run_0.csv,1200.0,200.0,0,7.2,0.04,7.2,0,9.75,14226.6,136.726,5.54081,14226.6,0.0,0.999438,6.46518
1200_dose_200_gradient_0_VconcST_0.04_Vconc_7.2_run_0.csv,1200.0,200.0,0,7.2,0.04,7.2,0,10.0,14819.3,334.016,5.77166,14819.3,0.0,0.99946,6.2327
1200_dose_200_gradient_0_VconcST_0.04_Vconc_7.2_run_0.csv,1200.0,200.0,0,7.2,0.04,7.2,0,10.25,16304.9,327.396,6.35025,16304.9,0.0,0.999509,5.7096
1200_dose_200_gradient_0_VconcST_0.04_Vconc_7.2_run_0.csv,1200.0,200.0,0,7.2,0.04,7.2,0,10.5,17754.3,320.908,6.91475,17754.3,0.0,0.999549,5.22454
1200_dose_200_gradient_0_VconcST_0.04_Vconc_7.2_run_0.csv,1200.0,200.0,0,7.2,0.04,7.2,0,10.75,19168.2,314.548,7.46544,19168.2,0.0,0.999582,4.826
1200_dose_200_gradient_0_VconcST_0.04_Vconc_7.2_run_0.csv,1200.0,200.0,0,7.2,0.04,7.2,0,11.0,20547.5,308.314,8.0026,20547.5,0.0,0.99961,4.50002
1200_dose_200_gradient_0_VconcST_0.04_Vconc_7.2_run_0.csv,1200.0,200.0,0,7.2,0.04,7.2,0,11.25,21892.7,302.203,8.52653,21892.7,0.0,0.999634,4.22498
1200_dose_200_gradient_0_VconcST_0.04_Vconc_7.2_run_0.csv,1200.0,200.0,0,7.2,0.04,7.2,0,11.5,23204.6,296.214,9.03748,23204.6,0.0,0.999655,3.95722
1200_dose_200_gradient_0_VconcST_0.04_Vconc_7.2_run_0.csv,1200.0,200.0,0,7.2,0.04,7.2,0,11.75,24483.9,290.344,9.53573,24483.9,0.0,0.999673,3.76681
1200_dose_200_gradient_0_VconcST_0.04_Vconc_7.2_run_0.csv,1200.0,200.0,0,7.2,0.04,7.2,0,12.0,25731.3,284.589,10.0215,25731.3,0.0,0.999689,3.57133
1200_dose_200_gradient_0_VconcST_0.04_Vconc_7.2_run_0.csv,1200.0,200.0,0,7.2,0.04,7.2,0,12.25,26947.3,278.949,10.4951,26947.3,0.0,0.999703,3.40927
1200_dose_200_gradient_0_VconcST_0.04_Vconc_7.2_run_0.csv,1200.0,200.0,0,7.2,0.04,7.2,0,12.5,28132.7,273.42,10.9568,28132.7,0.0,0.999716,3.2809
1200_dose_200_gradient_0_VconcST_0.04_Vconc_7.2_run_0.csv,1200.0,200.0,0,7.2,0.04,7.2,0,12.75,29288.2,268.001,11.4068,29288.2,0.0,0.999727,3.1419
1200_dose_200_gradient_0_VconcST_0.04_Vconc_7.2_run_0.csv,1200.0,200.0,0,7.2,0.04,7.2,0,13.0,30414.2,262.69,11.8454,30414.2,0.0,0.999737,3.02139
1200_dose_200_gradient_0_VconcST_0.04_Vconc_7.2_run_0.csv,1200.0,200.0,0,7.2,0.04,7.2,0,13.25,31511.4,257.484,12.2727,31511.4,0.0,0.999746,2.91059
1200_dose_200_gradient_0_VconcST_0.04_Vconc_7.2_run_0.csv,1200.0,200.0,0,7.2,0.04,7.2,0,13.5,32580.4,252.381,12.6891,32580.4,0.0,0.999754,2.81926
1200_dose_200_gradient_0_VconcST_0.04_Vconc_7.2_run_0.csv,1200.0,200.0,0,7.2,0.04,7.2,0,13.75,33621.8,247.379,13.0947,33621.8,0.0,0.999762,2.73099
1200_dose_200_gradient_0_VconcST_0.04_Vconc_7.2_run_0.csv,1200.0,200.0,0,7.2,0.04,7.2,0,14.0,34636.2,242.476,13.4897,34636.2,0.0,0.999769,2.64666
1200_dose_200_gradient_0_VconcST_0.04_Vconc_7.2_run_0.csv,1200.0,200.0,0,7.2,0.04,7.2,0,14.25,35624.1,237.67,13.8745,35624.1,0.0,0.999775,2.58608
1200_dose_200_gradient_0_VconcST_0.04_Vconc_7.2_run_0.csv,1200.0,200.0,0,7.2,0.04,7.2,0,14.5,36586.1,232.96,14.2491,36586.1,0.0,0.999781,2.50132
1200_dose_200_gradient_0_VconcST_0.04_Vconc_7.2_run_0.csv,1200.0,200.0,0,7.2,0.04,7.2,0,14.75,37522.7,228.343,14.6139,37522.7,0.0,0.999787,2.44749
1200_dose_200_gradient_0_VconcST_0.04_Vconc_7.2_run_0.csv,1200.0,200.0,0,7.2,0.04,7.2,0,15.0,38450.0,423.817,14.9751,38450.0,0.0,0.999792,2.37908
1200_dose_200_gradient_0_VconcST_0.04_Vconc_7.2_run_0.csv,1200.0,200.0,0,7.2,0.04,7.2,0,15.25,40260.5,415.418,15.6802,40260.5,0.0,0.999801,2.28235
1200_dose_200_gradient_0_VconcST_0.04_Vconc_7.2_run_0.csv,1200.0,200.0,0,7.2,0.04,7.2,0,15.5,42025.3,407.184,16.3676,42025.3,0.0,0.99981,2.18222
1200_dose_200_gradient_0_VconcST_0.04_Vconc_7.2_run_0.csv,1200.0,200.0,0,7.2,0.04,7.2,0,15.75,43745.5,399.115,17.0375,43745.5,0.0,0.999817,2.09925
1200_dose_200_gradient_0_VconcST_0.04_Vconc_7.2_run_0.csv,1200.0,200.0,0,7.2,0.04,7.2,0,16.0,45421.9,391.205,17.6904,45421.9,0.0,0.999824,2.02579
1200_dose_200_gradient_0_VconcST_0.04_Vconc_7.2_run_0.csv,1200.0,200.0,0,7.2,0.04,7.2,0,16.25,47055.4,383.451,18.3266,47055.4,0.0,0.99983,1.95024
1200_dose_200_gradient_0_VconcST_0.04_Vconc_7.2_run_0.csv,1200.0,200.0,0,7.2,0.04,7.2,0,16.5,48647.0,375.852,18.9465,48647.0,0.0,0.999835,1.88354
1200_dose_200_gradient_0_VconcST_0.04_Vconc_7.2_run_0.csv,1200.0,200.0,0,7.2,0.04,7.2,0,16.75,50197.4,368.403,19.5503,50197.4,0.0,0.999841,1.82811
1200_dose_200_gradient_0_VconcST_0.04_Vconc_7.2_run_0.csv,1200.0,200.0,0,7.2,0.04,7.2,0,17.0,51707.5,361.102,20.1385,51707.5,0.0,0.999845,1.77411
1200_dose_200_gradient_0_VconcST_0.04_Vconc_7.2_run_0.csv,1200.0,200.0,0,7.2,0.04,7.2,0,17.25,53178.3,353.945,20.7113,53178.3,0.0,0.999849,1.72212
1200_dose_200_gradient_0_VconcST_0.04_Vconc_7.2_run_0.csv,1200.0,200.0,0,7.2,0.04,7.2,0,17.5,54610.4,346.93,21.2691,54610.4,0.0,0.999853,1.67505
1200_dose_200_gradient_0_VconcST_0.04_Vconc_7.2_run_0.csv,1200.0,200.0,0,7.2,0.04,7.2,0,17.75,56004.7,340.054,21.8121,56004.7,0.0,0.999857,1.64139
1200_dose_200_gradient_0_VconcST_0.04_Vconc_7.2_run_0.csv,1200.0,200.0,0,7.2,0.04,7.2,0,18.0,57362.0,333.315,22.3407,57362.0,0.0,0.999861,1.5986
1200_dose_200_gradient_0_VconcST_0.04_Vconc_7.2_run_0.csv,1200.0,200.0,0,7.2,0.04,7.2,0,18.25,58683.0,326.709,22.8552,58683.0,0.0,0.999864,1.56184
1200_dose_200_gradient_0_VconcST_0.04_Vconc_7.2_run_0.csv,1200.0,200.0,0,7.2,0.04,7.2,0,18.5,59968.6,320.234,23.3559,59968.6,0.0,0.999867,1.52621
1200_dose_200_gradient_0_VconcST_0.04_Vconc_7.2_run_0.csv,1200.0,200.0,0,7.2,0.04,7.2,0,18.75,61219.4,313.887,23.843,61219.4,0.0,0.999869,1.49319
1200_dose_200_gradient_0_VconcST_0.04_Vconc_7.2_run_0.csv,1200.0,200.0,0,7.2,0.04,7.2,0,19.0,62436.1,307.666,24.3169,62436.1,0.0,0.999872,1.46792
1200_dose_200_gradient_0_VconcST_0.04_Vconc_7.2_run_0.csv,1200.0,200.0,0,7.2,0.04,7.2,0,19.25,63619.5,301.569,24.7778,63619.5,0.0,0.999874,1.43754
1200_dose_200_gradient_0_VconcST_0.04_Vconc_7.2_run_0.csv,1200.0,200.0,0,7.2,0.04,7.2,0,19.5,64770.3,295.592,25.226,64770.3,0.0,0.999876,1.41212
1200_dose_200_gradient_0_VconcST_0.04_Vconc_7.2_run_0.csv,1200.0,200.0,0,7.2,0.04,7.2,0,19.75,65889.1,289.734,25.6618,65889.1,0.0,0.999879,1.3887
1200_dose_200_gradient_0_VconcST_0.04_Vconc_7.2_run_0.csv,1200.0,200.0,0,7.2,0.04,7.2,0,20.0,66992.2,483.992,26.0914,66992.2,0.0,0.999881,1.36225
1200_dose_200_gradient_0_VconcST_0.04_Vconc_7.2_run_0.csv,1200.0,200.0,0,7.2,0.04,7.2,0,20.25,68972.2,474.4,26.8625,68972.2,0.0,0.999884,1.327
1200_dose_200_gradient_0_VconcST_0.04_Vconc_7.2_run_0.csv,1200.0,200.0,0,7.2,0.04,7.2,0,20.5,70900.4,464.997,27.6135,70900.4,0.0,0.999887,1.29183
1200_dose_200_gradient_0_VconcST_0.04_Vconc_7.2_run_0.csv,1200.0,200.0,0,7.2,0.04,7.2,0,20.75,72777.9,455.782,28.3447,72777.9,0.0,0.99989,1.25855
1200_dose_200_gradient_0_VconcST_0.04_Vconc_7.2_run_0.csv,1200.0,200.0,0,7.2,0.04,7.2,0,21.0,74605.8,446.749,29.0566,74605.8,0.0,0.999893,1.22885
1200_dose_200_gradient_0_VconcST_0.04_Vconc_7.2_run_0.csv,1200.0,200.0,0,7.2,0.04,7.2,0,21.25,76385.0,437.895,29.7496,76385.0,0.0,0.999895,1.1995
1200_dose_200_gradient_0_VconcST_0.04_Vconc_7.2_run_0.csv,1200.0,200.0,0,7.2,0.04,7.2,0,21.5,78116.7,429.216,30.424,78116.7,0.0,0.999898,1.17322
1200_dose_200_gradient_0_VconcST_0.04_Vconc_7.2_run_0.csv,1200.0,200.0,0,7.2,0.04,7.2,0,21.75,79801.7,420.71,31.0803,79801.7,0.0,0.9999,1.14797
1200_dose_200_gradient_0_VconcST_0.04_Vconc_7.2_run_0.csv,1200.0,200.0,0,7.2,0.04,7.2,0,22.0,81441.0,412.372,31.7187,81441.0,0.0,0.999902,1.1254
1200_dose_200_gradient_0_VconcST_0.04_Vconc_7.2_run_0.csv,1200.0,200.0,0,7.2,0.04,7.2,0,22.25,83035.6,404.199,32.3398,83035.6,0.0,0.999904,1.10443
1200_dose_200_gradient_0_VconcST_0.04_Vconc_7.2_run_0.csv,1200.0,200.0,0,7.2,0.04,7.2,0,22.5,84586.6,396.188,32.9438,84586.6,0.0,0.999905,1.0795
1200_dose_200_gradient_0_VconcST_0.04_Vconc_7.2_run_0.csv,1200.0,200.0,0,7.2,0.04,7.2,0,22.75,86094.6,388.336,33.5312,86094.6,0.0,0.999907,1.06419
1200_dose_200_gradient_0_VconcST_0.04_Vconc_7.2_run_0.csv,1200.0,200.0,0,7.2,0.04,7.2,0,23.0,87560.6,380.64,34.1021,87560.6,0.0,0.999909,1.04445
1200_dose_200_gradient_0_VconcST_0.04_Vconc_7.2_run_0.csv,1200.0,200.0,0,7.2,0.04,7.2,0,23.25,88985.7,373.096,34.6572,88985.7,0.0,0.99991,1.02988
1200_dose_200_gradient_0_VconcST_0.04_Vconc_7.2_run_0.csv,1200.0,200.0,0,7.2,0.04,7.2,0,23.5,90370.4,365.702,35.1965,90370.4,0.0,0.999911,1.01234
1200_dose_200_gradient_0_VconcST_0.04_Vconc_7.2_run_0.csv,1200.0,200.0,0,7.2,0.04,7.2,0,23.75,91715.7,358.454,35.7204,91715.7,0.0,0.999913,0.995613
1200_dose_200_gradient_0_VconcST_0.04_Vconc_7.2_run_0.csv,1200.0,200.0,0,7.2,0.04,7.2,0,24.0,93022.6,351.35,36.2294,93022.6,0.0,0.999914,0.981675
1200_dose_200_gradient_0_VconcST_0.04_Vconc_7.2_run_0.csv,1200.0,200.0,0,7.2,0.04,7.2,0,24.25,94291.6,344.386,36.7237,94291.6,0.0,0.999915,0.972353
1200_dose_200_gradient_0_VconcST_0.04_Vconc_7.2_run_0.csv,1200.0,200.0,0,7.2,0.04,7.2,0,24.5,95523.7,337.561,37.2035,95523.7,0.0,0.999916,0.956358
1200_dose_200_gradient_0_VconcST_0.04_Vconc_7.2_run_0.csv,1200.0,200.0,0,7.2,0.04,7.2,0,24.75,96719.7,330.871,37.6693,96719.7,0.0,0.999917,0.942713
1200_dose_200_gradient_0_VconcST_0.04_Vconc_7.2_run_0.csv,1200.0,200.0,0,7.2,0.04,7.2,0,25.0,97895.8,524.314,38.1274,97895.8,0.0,0.999918,0.933178
1200_dose_200_gradient_0_VconcST_0.04_Vconc_7.2_run_0.csv,1200.0,200.0,0,7.2,0.04,7.2,0,25.25,99944.7,513.922,38.9254,99944.7,0.0,0.99992,0.91356
1200_dose_200_gradient_0_VconcST_0.04_Vconc_7.2_run_0.csv,1200.0,200.0,0,7.2,0.04,7.2,0,25.5,101938.0,503.737,39.7017,101938.0,0.0,0.999922,0.89675
1200_dose_200_gradient_0_VconcST_0.04_Vconc_7.2_run_0.csv,1200.0,200.0,0,7.2,0.04,7.2,0,25.75,103877.0,493.753,40.4567,103877.0,0.0,0.999923,0.881245
1200_dose_200_gradient_0_VconcST_0.04_Vconc_7.2_run_0.csv,1200.0,200.0,0,7.2,0.04,7.2,0,26.0,105762.0,483.968,41.191,105762.0,0.0,0.999924,0.864338
1200_dose_200_gradient_0_VconcST_0.04_Vconc_7.2_run_0.csv,1200.0,200.0,0,7.2,0.04,7.2,0,26.25,107595.0,474.376,41.9048,107595.0,0.0,0.999926,0.848893
1200_dose_200_gradient_0_VconcST_0.04_Vconc_7.2_run_0.csv,1200.0,200.0,0,7.2,0.04,7.2,0,26.5,109376.0,464.975,42.5987,109376.0,0.0,0.999927,0.835241
1200_dose_200_gradient_0_VconcST_0.04_Vconc_7.2_run_0.csv,1200.0,200.0,0,7.2,0.04,7.2,0,26.75,111108.0,455.759,43.2731,111108.0,0.0,0.999928,0.824768
1200_dose_200_gradient_0_VconcST_0.04_Vconc_7.2_run_0.csv,1200.0,200.0,0,7.2,0.04,7.2,0,27.0,112790.0,446.727,43.9283,112790.0,0.0,0.999929,0.811291
1200_dose_200_gradient_0_VconcST_0.04_Vconc_7.2_run_0.csv,1200.0,200.0,0,7.2,0.04,7.2,0,27.25,114425.0,437.873,44.5649,114425.0,0.0,0.99993,0.798753
1200_dose_200_gradient_0_VconcST_0.04_Vconc_7.2_run_0.csv,1200.0,200.0,0,7.2,0.04,7.2,0,27.5,116012.0,429.195,45.1831,116012.0,0.0,0.999931,0.78707
1200_dose_200_gradient_0_VconcST_0.04_Vconc_7.2_run_0.csv,1200.0,200.0,0,7.2,0.04,7.2,0,27.75,117553.0,420.689,45.7833,117553.0,0.0,0.999932,0.777328
1200_dose_200_gradient_0_VconcST_0.04_Vconc_7.2_run_0.csv,1200.0,200.0,0,7.2,0.04,7.2,0,28.0,119049.0,412.351,46.366,119049.0,0.0,0.999933,0.77083
1200_dose_200_gradient_0_VconcST_0.04_Vconc_7.2_run_0.csv,1200.0,200.0,0,7.2,0.04,7.2,0,28.25,120501.0,404.179,46.9315,120501.0,0.0,0.999934,0.757482
1200_dose_200_gradient_0_VconcST_0.04_Vconc_7.2_run_0.csv,1200.0,200.0,0,7.2,0.04,7.2,0,28.5,121910.0,396.169,47.4802,121910.0,0.0,0.999934,0.748138
1200_dose_200_gradient_0_VconcST_0.04_Vconc_7.2_run_0.csv,1200.0,200.0,0,7.2,0.04,7.2,0,28.75,123276.0,388.317,48.0123,123276.0,0.0,0.999935,0.74172
1200_dose_200_gradient_0_VconcST_0.04_Vconc_4.8_run_0.csv,1200.0,200.0,0,4.8,0.04,4.8,0,0.0,0.0,0.0,0.0,0.0,0.0,0.0,0.0
1200_dose_200_gradient_0_VconcST_0.04_Vconc_4.8_run_0.csv,1200.0,200.0,0,4.8,0.04,4.8,0,0.25,0.0,0.0,0.0,0.0,0.0,0.0,10000.0
1200_dose_200_gradient_0_VconcST_0.04_Vconc_4.8_run_0.csv,1200.0,200.0,0,4.8,0.04,4.8,0,0.5,0.0,0.0,0.0,0.0,0.0,0.0,573.897
1200_dose_200_gradient_0_VconcST_0.04_Vconc_4.8_run_0.csv,1200.0,200.0,0,4.8,0.04,4.8,0,0.75,0.0,0.0,0.0,0.0,0.0,0.0,10000.0
1200_dose_200_gradient_0_VconcST_0.04_Vconc_4.8_run_0.csv,1200.0,200.0,0,4.8,0.04,4.8,0,1.0,0.0,0.0,0.0,0.0,0.0,0.0,573.196
1200_dose_200_gradient_0_VconcST_0.04_Vconc_4.8_run_0.csv,1200.0,200.0,0,4.8,0.04,4.8,0,1.25,0.0,0.0,0.0,0.0,0.0,0.0,10000.0
1200_dose_200_gradient_0_VconcST_0.04_Vconc_4.8_run_0.csv,1200.0,200.0,0,4.8,0.04,4.8,0,1.5,0.0,0.0,0.0,0.0,0.0,0.0,566.725
1200_dose_200_gradient_0_VconcST_0.04_Vconc_4.8_run_0.csv,1200.0,200.0,0,4.8,0.04,4.8,0,1.75,0.0,0.0,0.0,0.0,0.0,0.0,10000.0
1200_dose_200_gradient_0_VconcST_0.04_Vconc_4.8_run_0.csv,1200.0,200.0,0,4.8,0.04,4.8,0,2.0,0.0,0.0,0.0,0.0,0.0,0.0,570.954
1200_dose_200_gradient_0_VconcST_0.04_Vconc_4.8_run_0.csv,1200.0,200.0,0,4.8,0.04,4.8,0,2.25,0.0,0.0,0.0,0.0,0.0,0.0,10000.0
1200_dose_200_gradient_0_VconcST_0.04_Vconc_4.8_run_0.csv,1200.0,200.0,0,4.8,0.04,4.8,0,2.5,0.0,0.0,0.0,0.0,0.0,0.0,575.989
1200_dose_200_gradient_0_VconcST_0.04_Vconc_4.8_run_0.csv,1200.0,200.0,0,4.8,0.04,4.8,0,2.75,0.0,0.0,0.0,0.0,0.0,0.0,10000.0
1200_dose_200_gradient_0_VconcST_0.04_Vconc_4.8_run_0.csv,1200.0,200.0,0,4.8,0.04,4.8,0,3.0,0.0,0.0,0.0,0.0,0.0,0.0,563.468
1200_dose_200_gradient_0_VconcST_0.04_Vconc_4.8_run_0.csv,1200.0,200.0,0,4.8,0.04,4.8,0,3.25,0.0,0.0,0.0,0.0,0.0,0.0,10000.0
1200_dose_200_gradient_0_VconcST_0.04_Vconc_4.8_run_0.csv,1200.0,200.0,0,4.8,0.04,4.8,0,3.5,0.0,0.0,0.0,0.0,0.0,0.0,586.771
1200_dose_200_gradient_0_VconcST_0.04_Vconc_4.8_run_0.csv,1200.0,200.0,0,4.8,0.04,4.8,0,3.75,0.0,0.0,0.0,0.0,0.0,0.0,10000.0
1200_dose_200_gradient_0_VconcST_0.04_Vconc_4.8_run_0.csv,1200.0,200.0,0,4.8,0.04,4.8,0,4.0,0.0,0.0,0.0,0.0,0.0,0.0,569.604
1200_dose_200_gradient_0_VconcST_0.04_Vconc_4.8_run_0.csv,1200.0,200.0,0,4.8,0.04,4.8,0,4.25,0.0,0.0,0.0,0.0,0.0,0.0,10000.0
1200_dose_200_gradient_0_VconcST_0.04_Vconc_4.8_run_0.csv,1200.0,200.0,0,4.8,0.04,4.8,0,4.5,0.0,0.0,0.0,0.0,0.0,0.0,584.268
1200_dose_200_gradient_0_VconcST_0.04_Vconc_4.8_run_0.csv,1200.0,200.0,0,4.8,0.04,4.8,0,4.75,0.0,0.0,0.0,0.0,0.0,0.0,10000.0
1200_dose_200_gradient_0_VconcST_0.04_Vconc_4.8_run_0.csv,1200.0,200.0,0,4.8,0.04,4.8,0,5.0,15.5725,200.0,0.00606501,15.5725,0.0,0.0,559.054
1200_dose_200_gradient_0_VconcST_0.04_Vconc_4.8_run_0.csv,1200.0,200.0,0,4.8,0.04,4.8,0,5.25,938.689,196.036,0.36559,938.689,0.0,0.991412,77.5326
1200_dose_200_gradient_0_VconcST_0.04_Vconc_4.8_run_0.csv,1200.0,200.0,0,4.8,0.04,4.8,0,5.5,1840.01,192.151,0.716626,1840.01,0.0,0.995636,36.4625
1200_dose_200_gradient_0_VconcST_0.04_Vconc_4.8_run_0.csv,1200.0,200.0,0,4.8,0.04,4.8,0,5.75,2719.98,188.343,1.05935,2719.98,0.0,0.997052,23.8649
1200_dose_200_gradient_0_VconcST_0.04_Vconc_4.8_run_0.csv,1200.0,200.0,0,4.8,0.04,4.8,0,6.0,3579.03,184.61,1.39392,3579.03,0.0,0.997761,17.8394
1200_dose_200_gradient_0_VconcST_0.04_Vconc_4.8_run_0.csv,1200.0,200.0,0,4.8,0.04,4.8,0,6.25,4417.6,180.951,1.72052,4417.6,0.0,0.998187,14.321
1200_dose_200_gradient_0_VconcST_0.04_Vconc_4.8_run_0.csv,1200.0,200.0,0,4.8,0.04,4.8,0,6.5,5236.1,177.365,2.0393,5236.1,0.0,0.998471,11.9536
1200_dose_200_gradient_0_VconcST_0.04_Vconc_4.8_run_0.csv,1200.0,200.0,0,4.8,0.04,4.8,0,6.75,6034.93,173.85,2.35042,6034.93,0.0,0.998673,10.3356
1200_dose_200_gradient_0_VconcST_0.04_Vconc_4.8_run_0.csv,1200.0,200.0,0,4.8,0.04,4.8,0,7.0,6814.52,170.404,2.65404,6814.52,0.0,0.998825,9.13107
1200_dose_200_gradient_0_VconcST_0.04_Vconc_4.8_run_0.csv,1200.0,200.0,0,4.8,0.04,4.8,0,7.25,7575.25,167.027,2.95032,7575.25,0.0,0.998943,8.19469
1200_dose_200_gradient_0_VconcST_0.04_Vconc_4.8_run_0.csv,1200.0,200.0,0,4.8,0.04,4.8,0,7.5,8317.5,163.717,3.23941,8317.5,0.0,0.999038,7.51185
1200_dose_200_gradient_0_VconcST_0.04_Vconc_4.8_run_0.csv,1200.0,200.0,0,4.8,0.04,4.8,0,7.75,9041.66,160.472,3.52144,9041.66,0.0,0.999115,6.8261
1200_dose_200_gradient_0_VconcST_0.04_Vconc_4.8_run_0.csv,1200.0,200.0,0,4.8,0.04,4.8,0,8.0,9748.09,157.292,3.79658,9748.09,0.0,0.999179,6.35341
1200_dose_200_gradient_0_VconcST_0.04_Vconc_4.8_run_0.csv,1200.0,200.0,0,4.8,0.04,4.8,0,8.25,10437.2,154.175,4.06495,10437.2,0.0,0.999233,5.91125
1200_dose_200_gradient_0_VconcST_0.04_Vconc_4.8_run_0.csv,1200.0,200.0,0,4.8,0.04,4.8,0,8.5,11109.2,151.119,4.3267,11109.2,0.0,0.99928,5.55007
1200_dose_200_gradient_0_VconcST_0.04_Vconc_4.8_run_0.csv,1200.0,200.0,0,4.8,0.04,4.8,0,8.75,11764.7,148.124,4.58197,11764.7,0.0,0.99932,5.21893
1200_dose_200_gradient_0_VconcST_0.04_Vconc_4.8_run_0.csv,1200.0,200.0,0,4.8,0.04,4.8,0,9.0,12403.8,145.188,4.83089,12403.8,0.0,0.999355,4.9824
1200_dose_200_gradient_0_VconcST_0.04_Vconc_4.8_run_0.csv,1200.0,200.0,0,4.8,0.04,4.8,0,9.25,13026.9,142.311,5.07358,13026.9,0.0,0.999386,4.71092
1200_dose_200_gradient_0_VconcST_0.04_Vconc_4.8_run_0.csv,1200.0,200.0,0,4.8,0.04,4.8,0,9.5,13634.4,139.49,5.31017,13634.4,0.0,0.999413,4.5016
1200_dose_200_gradient_0_VconcST_0.04_Vconc_4.8_run_0.csv,1200.0,200.0,0,4.8,0.04,4.8,0,9.75,14226.6,136.726,5.54081,14226.6,0.0,0.999438,4.30644
1200_dose_200_gradient_0_VconcST_0.04_Vconc_4.8_run_0.csv,1200.0,200.0,0,4.8,0.04,4.8,0,10.0,14819.3,334.016,5.77166,14819.3,0.0,0.99946,4.14321
1200_dose_200_gradient_0_VconcST_0.04_Vconc_4.8_run_0.csv,1200.0,200.0,0,4.8,0.04,4.8,0,10.25,16304.9,327.396,6.35025,16304.9,0.0,0.999509,3.78959
1200_dose_200_gradient_0_VconcST_0.04_Vconc_4.8_run_0.csv,1200.0,200.0,0,4.8,0.04,4.8,0,10.5,17754.3,320.908,6.91475,17754.3,0.0,0.999549,3.46665
1200_dose_200_gradient_0_VconcST_0.04_Vconc_4.8_run_0.csv,1200.0,200.0,0,4.8,0.04,4.8,0,10.75,19168.2,314.548,7.46544,19168.2,0.0,0.999582,3.21738
1200_dose_200_gradient_0_VconcST_0.04_Vconc_4.8_run_0.csv,1200.0,200.0,0,4.8,0.04,4.8,0,11.0,20547.5,308.314,8.0026,20547.5,0.0,0.99961,2.99591
1200_dose_200_gradient_0_VconcST_0.04_Vconc_4.8_run_0.csv,1200.0,200.0,0,4.8,0.04,4.8,0,11.25,21892.7,302.203,8.52653,21892.7,0.0,0.999634,2.79666
1200_dose_200_gradient_0_VconcST_0.04_Vconc_4.8_run_0.csv,1200.0,200.0,0,4.8,0.04,4.8,0,11.5,23204.6,296.214,9.03748,23204.6,0.0,0.999655,2.64873
1200_dose_200_gradient_0_VconcST_0.04_Vconc_4.8_run_0.csv,1200.0,200.0,0,4.8,0.04,4.8,0,11.75,24483.9,290.344,9.53573,24483.9,0.0,0.999673,2.51193
1200_dose_200_gradient_0_VconcST_0.04_Vconc_4.8_run_0.csv,1200.0,200.0,0,4.8,0.04,4.8,0,12.0,25731.3,284.589,10.0215,25731.3,0.0,0.999689,2.38518
1200_dose_200_gradient_0_VconcST_0.04_Vconc_4.8_run_0.csv,1200.0,200.0,0,4.8,0.04,4.8,0,12.25,26947.3,278.949,10.4951,26947.3,0.0,0.999703,2.27848
1200_dose_200_gradient_0_VconcST_0.04_Vconc_4.8_run_0.csv,1200.0,200.0,0,4.8,0.04,4.8,0,12.5,28132.7,273.42,10.9568,28132.7,0.0,0.999716,2.17293
1200_dose_200_gradient_0_VconcST_0.04_Vconc_4.8_run_0.csv,1200.0,200.0,0,4.8,0.04,4.8,0,12.75,29288.2,268.001,11.4068,29288.2,0.0,0.999727,2.09751
1200_dose_200_gradient_0_VconcST_0.04_Vconc_4.8_run_0.csv,1200.0,200.0,0,4.8,0.04,4.8,0,13.0,30414.2,262.69,11.8454,30414.2,0.0,0.999737,2.00883
1200_dose_200_gradient_0_VconcST_0.04_Vconc_4.8_run_0.csv,1200.0,200.0,0,4.8,0.04,4.8,0,13.25,31511.4,257.484,12.2727,31511.4,0.0,0.999746,1.94137
1200_dose_200_gradient_0_VconcST_0.04_Vconc_4.8_run_0.csv,1200.0,200.0,0,4.8,0.04,4.8,0,13.5,32580.4,252.381,12.6891,32580.4,0.0,0.999754,1.87831
1200_dose_200_gradient_0_VconcST_0.04_Vconc_4.8_run_0.csv,1200.0,200.0,0,4.8,0.04,4.8,0,13.75,33621.8,247.379,13.0947,33621.8,0.0,0.999762,1.8231
1200_dose_200_gradient_0_VconcST_0.04_Vconc_4.8_run_0.csv,1200.0,200.0,0,4.8,0.04,4.8,0,14.0,34636.2,242.476,13.4897,34636.2,0.0,0.999769,1.77012
1200_dose_200_gradient_0_VconcST_0.04_Vconc_4.8_run_0.csv,1200.0,200.0,0,4.8,0.04,4.8,0,14.25,35624.1,237.67,13.8745,35624.1,0.0,0.999775,1.72186
1200_dose_200_gradient_0_VconcST_0.04_Vconc_4.8_run_0.csv,1200.0,200.0,0,4.8,0.04,4.8,0,14.5,36586.1,232.96,14.2491,36586.1,0.0,0.999781,1.66627
1200_dose_200_gradient_0_VconcST_0.04_Vconc_4.8_run_0.csv,1200.0,200.0,0,4.8,0.04,4.8,0,14.75,37522.7,228.343,14.6139,37522.7,0.0,0.999787,1.62556
1200_dose_200_gradient_0_VconcST_0.04_Vconc_4.8_run_0.csv,1200.0,200.0,0,4.8,0.04,4.8,0,15.0,38450.0,423.817,14.9751,38450.0,0.0,0.999792,1.58905
1200_dose_200_gradient_0_VconcST_0.04_Vconc_4.8_run_0.csv,1200.0,200.0,0,4.8,0.04,4.8,0,15.25,40260.5,415.418,15.6802,40260.5,0.0,0.999801,1.52378
1200_dose_200_gradient_0_VconcST_0.04_Vconc_4.8_run_0.csv,1200.0,200.0,0,4.8,0.04,4.8,0,15.5,42025.3,407.184,16.3676,42025.3,0.0,0.99981,1.4573
1200_dose_200_gradient_0_VconcST_0.04_Vconc_4.8_run_0.csv,1200.0,200.0,0,4.8,0.04,4.8,0,15.75,43745.5,399.115,17.0375,43745.5,0.0,0.999817,1.3959
1200_dose_200_gradient_0_VconcST_0.04_Vconc_4.8_run_0.csv,1200.0,200.0,0,4.8,0.04,4.8,0,16.0,45421.9,391.205,17.6904,45421.9,0.0,0.999824,1.34444
1200_dose_200_gradient_0_VconcST_0.04_Vconc_4.8_run_0.csv,1200.0,200.0,0,4.8,0.04,4.8,0,16.25,47055.4,383.451,18.3266,47055.4,0.0,0.99983,1.30281
1200_dose_200_gradient_0_VconcST_0.04_Vconc_4.8_run_0.csv,1200.0,200.0,0,4.8,0.04,4.8,0,16.5,48647.0,375.852,18.9465,48647.0,0.0,0.999835,1.25519
1200_dose_200_gradient_0_VconcST_0.04_Vconc_4.8_run_0.csv,1200.0,200.0,0,4.8,0.04,4.8,0,16.75,50197.4,368.403,19.5503,50197.4,0.0,0.999841,1.21845
1200_dose_200_gradient_0_VconcST_0.04_Vconc_4.8_run_0.csv,1200.0,200.0,0,4.8,0.04,4.8,0,17.0,51707.5,361.102,20.1385,51707.5,0.0,0.999845,1.18224
1200_dose_200_gradient_0_VconcST_0.04_Vconc_4.8_run_0.csv,1200.0,200.0,0,4.8,0.04,4.8,0,17.25,53178.3,353.945,20.7113,53178.3,0.0,0.999849,1.15295
1200_dose_200_gradient_0_VconcST_0.04_Vconc_4.8_run_0.csv,1200.0,200.0,0,4.8,0.04,4.8,0,17.5,54610.4,346.93,21.2691,54610.4,0.0,0.999853,1.11579
1200_dose_200_gradient_0_VconcST_0.04_Vconc_4.8_run_0.csv,1200.0,200.0,0,4.8,0.04,4.8,0,17.75,56004.7,340.054,21.8121,56004.7,0.0,0.999857,1.08877
1200_dose_200_gradient_0_VconcST_0.04_Vconc_4.8_run_0.csv,1200.0,200.0,0,4.8,0.04,4.8,0,18.0,57362.0,333.315,22.3407,57362.0,0.0,0.999861,1.06384
1200_dose_200_gradient_0_VconcST_0.04_Vconc_4.8_run_0.csv,1200.0,200.0,0,4.8,0.04,4.8,0,18.25,58683.0,326.709,22.8552,58683.0,0.0,0.999864,1.04108
1200_dose_200_gradient_0_VconcST_0.04_Vconc_4.8_run_0.csv,1200.0,200.0,0,4.8,0.04,4.8,0,18.5,59968.6,320.234,23.3559,59968.6,0.0,0.999867,1.01547
1200_dose_200_gradient_0_VconcST_0.04_Vconc_4.8_run_0.csv,1200.0,200.0,0,4.8,0.04,4.8,0,18.75,61219.4,313.887,23.843,61219.4,0.0,0.999869,0.999718
1200_dose_200_gradient_0_VconcST_0.04_Vconc_4.8_run_0.csv,1200.0,200.0,0,4.8,0.04,4.8,0,19.0,62436.1,307.666,24.3169,62436.1,0.0,0.999872,0.975759
1200_dose_200_gradient_0_VconcST_0.04_Vconc_4.8_run_0.csv,1200.0,200.0,0,4.8,0.04,4.8,0,19.25,63619.5,301.569,24.7778,63619.5,0.0,0.999874,0.957393
1200_dose_200_gradient_0_VconcST_0.04_Vconc_4.8_run_0.csv,1200.0,200.0,0,4.8,0.04,4.8,0,19.5,64770.3,295.592,25.226,64770.3,0.0,0.999876,0.93955
1200_dose_200_gradient_0_VconcST_0.04_Vconc_4.8_run_0.csv,1200.0,200.0,0,4.8,0.04,4.8,0,19.75,65889.1,289.734,25.6618,65889.1,0.0,0.999879,0.923282
1200_dose_200_gradient_0_VconcST_0.04_Vconc_4.8_run_0.csv,1200.0,200.0,0,4.8,0.04,4.8,0,20.0,66992.2,483.992,26.0914,66992.2,0.0,0.999881,0.911236
1200_dose_200_gradient_0_VconcST_0.04_Vconc_4.8_run_0.csv,1200.0,200.0,0,4.8,0.04,4.8,0,20.25,68972.2,474.4,26.8625,68972.2,0.0,0.999884,0.885198
1200_dose_200_gradient_0_VconcST_0.04_Vconc_4.8_run_0.csv,1200.0,200.0,0,4.8,0.04,4.8,0,20.5,70900.4,464.997,27.6135,70900.4,0.0,0.999887,0.861878
1200_dose_200_gradient_0_VconcST_0.04_Vconc_4.8_run_0.csv,1200.0,200.0,0,4.8,0.04,4.8,0,20.75,72777.9,455.782,28.3447,72777.9,0.0,0.99989,0.838814
1200_dose_200_gradient_0_VconcST_0.04_Vconc_4.8_run_0.csv,1200.0,200.0,0,4.8,0.04,4.8,0,21.0,74605.8,446.749,29.0566,74605.8,0.0,0.999893,0.82009
1200_dose_200_gradient_0_VconcST_0.04_Vconc_4.8_run_0.csv,1200.0,200.0,0,4.8,0.04,4.8,0,21.25,76385.0,437.895,29.7496,76385.0,0.0,0.999895,0.798669
1200_dose_200_gradient_0_VconcST_0.04_Vconc_4.8_run_0.csv,1200.0,200.0,0,4.8,0.04,4.8,0,21.5,78116.7,429.216,30.424,78116.7,0.0,0.999898,0.779549
1200_dose_200_gradient_0_VconcST_0.04_Vconc_4.8_run_0.csv,1200.0,200.0,0,4.8,0.04,4.8,0,21.75,79801.7,420.71,31.0803,79801.7,0.0,0.9999,0.766362
1200_dose_200_gradient_0_VconcST_0.04_Vconc_4.8_run_0.csv,1200.0,200.0,0,4.8,0.04,4.8,0,22.0,81441.0,412.372,31.7187,81441.0,0.0,0.999902,0.747982
1200_dose_200_gradient_0_VconcST_0.04_Vconc_4.8_run_0.csv,1200.0,200.0,0,4.8,0.04,4.8,0,22.25,83035.6,404.199,32.3398,83035.6,0.0,0.999904,0.733869
1200_dose_200_gradient_0_VconcST_0.04_Vconc_4.8_run_0.csv,1200.0,200.0,0,4.8,0.04,4.8,0,22.5,84586.6,396.188,32.9438,84586.6,0.0,0.999905,0.72057
1200_dose_200_gradient_0_VconcST_0.04_Vconc_4.8_run_0.csv,1200.0,200.0,0,4.8,0.04,4.8,0,22.75,86094.6,388.336,33.5312,86094.6,0.0,0.999907,0.707497
1200_dose_200_gradient_0_VconcST_0.04_Vconc_4.8_run_0.csv,1200.0,200.0,0,4.8,0.04,4.8,0,23.0,87560.6,380.64,34.1021,87560.6,0.0,0.999909,0.696853
1200_dose_200_gradient_0_VconcST_0.04_Vconc_4.8_run_0.csv,1200.0,200.0,0,4.8,0.04,4.8,0,23.25,88985.7,373.096,34.6572,88985.7,0.0,0.99991,0.686146
1200_dose_200_gradient_0_VconcST_0.04_Vconc_4.8_run_0.csv,1200.0,200.0,0,4.8,0.04,4.8,0,23.5,90370.4,365.702,35.1965,90370.4,0.0,0.999911,0.673941
1200_dose_200_gradient_0_VconcST_0.04_Vconc_4.8_run_0.csv,1200.0,200.0,0,4.8,0.04,4.8,0,23.75,91715.7,358.454,35.7204,91715.7,0.0,0.999913,0.666668
1200_dose_200_gradient_0_VconcST_0.04_Vconc_4.8_run_0.csv,1200.0,200.0,0,4.8,0.04,4.8,0,24.0,93022.6,351.35,36.2294,93022.6,0.0,0.999914,0.653886
1200_dose_200_gradient_0_VconcST_0.04_Vconc_4.8_run_0.csv,1200.0,200.0,0,4.8,0.04,4.8,0,24.25,94291.6,344.386,36.7237,94291.6,0.0,0.999915,0.644842
1200_dose_200_gradient_0_VconcST_0.04_Vconc_4.8_run_0.csv,1200.0,200.0,0,4.8,0.04,4.8,0,24.5,95523.7,337.561,37.2035,95523.7,0.0,0.999916,0.63778
1200_dose_200_gradient_0_VconcST_0.04_Vconc_4.8_run_0.csv,1200.0,200.0,0,4.8,0.04,4.8,0,24.75,96719.7,330.871,37.6693,96719.7,0.0,0.999917,0.63027
1200_dose_200_gradient_0_VconcST_0.04_Vconc_4.8_run_0.csv,1200.0,200.0,0,4.8,0.04,4.8,0,25.0,97895.8,524.314,38.1274,97895.8,0.0,0.999918,0.621642
1200_dose_200_gradient_0_VconcST_0.04_Vconc_4.8_run_0.csv,1200.0,200.0,0,4.8,0.04,4.8,0,25.25,99944.7,513.922,38.9254,99944.7,0.0,0.99992,0.609129
1200_dose_200_gradient_0_VconcST_0.04_Vconc_4.8_run_0.csv,1200.0,200.0,0,4.8,0.04,4.8,0,25.5,101938.0,503.737,39.7017,101938.0,0.0,0.999922,0.597922
1200_dose_200_gradient_0_VconcST_0.04_Vconc_4.8_run_0.csv,1200.0,200.0,0,4.8,0.04,4.8,0,25.75,103877.0,493.753,40.4567,103877.0,0.0,0.999923,0.586832
1200_dose_200_gradient_0_VconcST_0.04_Vconc_4.8_run_0.csv,1200.0,200.0,0,4.8,0.04,4.8,0,26.0,105762.0,483.968,41.191,105762.0,0.0,0.999924,0.578143
1200_dose_200_gradient_0_VconcST_0.04_Vconc_4.8_run_0.csv,1200.0,200.0,0,4.8,0.04,4.8,0,26.25,107595.0,474.376,41.9048,107595.0,0.0,0.999926,0.566425
1200_dose_200_gradient_0_VconcST_0.04_Vconc_4.8_run_0.csv,1200.0,200.0,0,4.8,0.04,4.8,0,26.5,109376.0,464.975,42.5987,109376.0,0.0,0.999927,0.557293
1200_dose_200_gradient_0_VconcST_0.04_Vconc_4.8_run_0.csv,1200.0,200.0,0,4.8,0.04,4.8,0,26.75,111108.0,455.759,43.2731,111108.0,0.0,0.999928,0.547646
1200_dose_200_gradient_0_VconcST_0.04_Vconc_4.8_run_0.csv,1200.0,200.0,0,4.8,0.04,4.8,0,27.0,112790.0,446.727,43.9283,112790.0,0.0,0.999929,0.540171
1200_dose_200_gradient_0_VconcST_0.04_Vconc_4.8_run_0.csv,1200.0,200.0,0,4.8,0.04,4.8,0,27.25,114425.0,437.873,44.5649,114425.0,0.0,0.99993,0.532567
1200_dose_200_gradient_0_VconcST_0.04_Vconc_4.8_run_0.csv,1200.0,200.0,0,4.8,0.04,4.8,0,27.5,116012.0,429.195,45.1831,116012.0,0.0,0.999931,0.524669
1200_dose_200_gradient_0_VconcST_0.04_Vconc_4.8_run_0.csv,1200.0,200.0,0,4.8,0.04,4.8,0,27.75,117553.0,420.689,45.7833,117553.0,0.0,0.999932,0.517607
1200_dose_200_gradient_0_VconcST_0.04_Vconc_4.8_run_0.csv,1200.0,200.0,0,4.8,0.04,4.8,0,28.0,119049.0,412.351,46.366,119049.0,0.0,0.999933,0.511958
1200_dose_200_gradient_0_VconcST_0.04_Vconc_4.8_run_0.csv,1200.0,200.0,0,4.8,0.04,4.8,0,28.25,120501.0,404.179,46.9315,120501.0,0.0,0.999934,0.505403
1200_dose_200_gradient_0_VconcST_0.04_Vconc_4.8_run_0.csv,1200.0,200.0,0,4.8,0.04,4.8,0,28.5,121910.0,396.169,47.4802,121910.0,0.0,0.999934,0.500799
1200_dose_200_gradient_0_VconcST_0.04_Vconc_4.8_run_0.csv,1200.0,200.0,0,4.8,0.04,4.8,0,28.75,123276.0,388.317,48.0123,123276.0,0.0,0.999935,0.493391
1200_dose_200_gradient_0_VconcST_0.04_Vconc_2.4_run_0.csv,1200.0,200.0,0,2.4,0.04,2.4,0,0.0,0.0,0.0,0.0,0.0,0.0,0.0,0.0
1200_dose_200_gradient_0_VconcST_0.04_Vconc_2.4_run_0.csv,1200.0,200.0,0,2.4,0.04,2.4,0,0.25,0.0,0.0,0.0,0.0,0.0,0.0,5843.26
1200_dose_200_gradient_0_VconcST_0.04_Vconc_2.4_run_0.csv,1200.0,200.0,0,2.4,0.04,2.4,0,0.5,0.0,0.0,0.0,0.0,0.0,0.0,174.008
1200_dose_200_gradient_0_VconcST_0.04_Vconc_2.4_run_0.csv,1200.0,200.0,0,2.4,0.04,2.4,0,0.75,0.0,0.0,0.0,0.0,0.00061849,0.0,5841.18
1200_dose_200_gradient_0_VconcST_0.04_Vconc_2.4_run_0.csv,1200.0,200.0,0,2.4,0.04,2.4,0,1.0,0.0,0.0,0.0,0.0,0.0,0.0,181.542
1200_dose_200_gradient_0_VconcST_0.04_Vconc_2.4_run_0.csv,1200.0,200.0,0,2.4,0.04,2.4,0,1.25,0.0,0.0,0.0,0.0,5.85938e-05,0.0,5730.87
1200_dose_200_gradient_0_VconcST_0.04_Vconc_2.4_run_0.csv,1200.0,200.0,0,2.4,0.04,2.4,0,1.5,0.0,0.0,0.0,0.0,0.0,0.0,185.114
1200_dose_200_gradient_0_VconcST_0.04_Vconc_2.4_run_0.csv,1200.0,200.0,0,2.4,0.04,2.4,0,1.75,0.0,0.0,0.0,0.0,0.0,0.0,5890.88
1200_dose_200_gradient_0_VconcST_0.04_Vconc_2.4_run_0.csv,1200.0,200.0,0,2.4,0.04,2.4,0,2.0,0.0,0.0,0.0,0.0,0.0,0.0,184.572
1200_dose_200_gradient_0_VconcST_0.04_Vconc_2.4_run_0.csv,1200.0,200.0,0,2.4,0.04,2.4,0,2.25,0.0,0.0,0.0,0.0,0.0,0.0,5463.39
1200_dose_200_gradient_0_VconcST_0.04_Vconc_2.4_run_0.csv,1200.0,200.0,0,2.4,0.04,2.4,0,2.5,0.0,0.0,0.0,0.0,0.0,0.0,182.591
1200_dose_200_gradient_0_VconcST_0.04_Vconc_2.4_run_0.csv,1200.0,200.0,0,2.4,0.04,2.4,0,2.75,0.0,0.0,0.0,0.0,0.0,0.0,5874.49
1200_dose_200_gradient_0_VconcST_0.04_Vconc_2.4_run_0.csv,1200.0,200.0,0,2.4,0.04,2.4,0,3.0,0.0,0.0,0.0,0.0,0.0,0.0,177.394
1200_dose_200_gradient_0_VconcST_0.04_Vconc_2.4_run_0.csv,1200.0,200.0,0,2.4,0.04,2.4,0,3.25,0.0,0.0,0.0,0.0,0.000824653,0.0,5960.98
1200_dose_200_gradient_0_VconcST_0.04_Vconc_2.4_run_0.csv,1200.0,200.0,0,2.4,0.04,2.4,0,3.5,0.0,0.0,0.0,0.0,0.0,0.0,188.219
1200_dose_200_gradient_0_VconcST_0.04_Vconc_2.4_run_0.csv,1200.0,200.0,0,2.4,0.04,2.4,0,3.75,0.0,0.0,0.0,0.0,0.00111328,0.0,5719.65
1200_dose_200_gradient_0_VconcST_0.04_Vconc_2.4_run_0.csv,1200.0,200.0,0,2.4,0.04,2.4,0,4.0,0.0,0.0,0.0,0.0,0.0,0.0,178.272
1200_dose_200_gradient_0_VconcST_0.04_Vconc_2.4_run_0.csv,1200.0,200.0,0,2.4,0.04,2.4,0,4.25,0.0,0.0,0.0,0.0,0.0,0.0,6034.37
1200_dose_200_gradient_0_VconcST_0.04_Vconc_2.4_run_0.csv,1200.0,200.0,0,2.4,0.04,2.4,0,4.5,0.0,0.0,0.0,0.0,0.0,0.0,183.909
1200_dose_200_gradient_0_VconcST_0.04_Vconc_2.4_run_0.csv,1200.0,200.0,0,2.4,0.04,2.4,0,4.75,0.0,0.0,0.0,0.0,0.0,0.0,5882.31
1200_dose_200_gradient_0_VconcST_0.04_Vconc_2.4_run_0.csv,1200.0,200.0,0,2.4,0.04,2.4,0,5.0,15.5725,200.0,0.00606501,15.5725,0.0,0.0,179.689
1200_dose_200_gradient_0_VconcST_0.04_Vconc_2.4_run_0.csv,1200.0,200.0,0,2.4,0.04,2.4,0,5.25,938.689,196.036,0.36559,938.689,0.0,0.991412,38.8279
1200_dose_200_gradient_0_VconcST_0.04_Vconc_2.4_run_0.csv,1200.0,200.0,0,2.4,0.04,2.4,0,5.5,1840.01,192.151,0.716626,1840.01,0.0,0.995636,18.0602
1200_dose_200_gradient_0_VconcST_0.04_Vconc_2.4_run_0.csv,1200.0,200.0,0,2.4,0.04,2.4,0,5.75,2719.98,188.343,1.05935,2719.98,0.0,0.997052,11.8373
1200_dose_200_gradient_0_VconcST_0.04_Vconc_2.4_run_0.csv,1200.0,200.0,0,2.4,0.04,2.4,0,6.0,3579.03,184.61,1.39392,3579.03,0.0,0.997761,8.90065
1200_dose_200_gradient_0_VconcST_0.04_Vconc_2.4_run_0.csv,1200.0,200.0,0,2.4,0.04,2.4,0,6.25,4417.6,180.951,1.72052,4417.6,0.0,0.998187,7.15256
1200_dose_200_gradient_0_VconcST_0.04_Vconc_2.4_run_0.csv,1200.0,200.0,0,2.4,0.04,2.4,0,6.5,5236.1,177.365,2.0393,5236.1,0.0,0.998471,5.98028
1200_dose_200_gradient_0_VconcST_0.04_Vconc_2.4_run_0.csv,1200.0,200.0,0,2.4,0.04,2.4,0,6.75,6034.93,173.85,2.35042,6034.93,0.0,0.998673,5.18332
1200_dose_200_gradient_0_VconcST_0.04_Vconc_2.4_run_0.csv,1200.0,200.0,0,2.4,0.04,2.4,0,7.0,6814.52,170.404,2.65404,6814.52,0.0,0.998825,4.55424
1200_dose_200_gradient_0_VconcST_0.04_Vconc_2.4_run_0.csv,1200.0,200.0,0,2.4,0.04,2.4,0,7.25,7575.25,167.027,2.95032,7575.25,0.0,0.998943,4.08109
1200_dose_200_gradient_0_VconcST_0.04_Vconc_2.4_run_0.csv,1200.0,200.0,0,2.4,0.04,2.4,0,7.5,8317.5,163.717,3.23941,8317.5,0.0,0.999038,3.70886
1200_dose_200_gradient_0_VconcST_0.04_Vconc_2.4_run_0.csv,1200.0,200.0,0,2.4,0.04,2.4,0,7.75,9041.66,160.472,3.52144,9041.66,0.0,0.999115,3.41733
1200_dose_200_gradient_0_VconcST_0.04_Vconc_2.4_run_0.csv,1200.0,200.0,0,2.4,0.04,2.4,0,8.0,9748.09,157.292,3.79658,9748.09,0.0,0.999179,3.15233
1200_dose_200_gradient_0_VconcST_0.04_Vconc_2.4_run_0.csv,1200.0,200.0,0,2.4,0.04,2.4,0,8.25,10437.2,154.175,4.06495,10437.2,0.0,0.999233,2.94412
1200_dose_200_gradient_0_VconcST_0.04_Vconc_2.4_run_0.csv,1200.0,200.0,0,2.4,0.04,2.4,0,8.5,11109.2,151.119,4.3267,11109.2,0.0,0.99928,2.76484
1200_dose_200_gradient_0_VconcST_0.04_Vconc_2.4_run_0.csv,1200.0,200.0,0,2.4,0.04,2.4,0,8.75,11764.7,148.124,4.58197,11764.7,0.0,0.99932,2.60774
1200_dose_200_gradient_0_VconcST_0.04_Vconc_2.4_run_0.csv,1200.0,200.0,0,2.4,0.04,2.4,0,9.0,12403.8,145.188,4.83089,12403.8,0.0,0.999355,2.48316
1200_dose_200_gradient_0_VconcST_0.04_Vconc_2.4_run_0.csv,1200.0,200.0,0,2.4,0.04,2.4,0,9.25,13026.9,142.311,5.07358,13026.9,0.0,0.999386,2.35477
1200_dose_200_gradient_0_VconcST_0.04_Vconc_2.4_run_0.csv,1200.0,200.0,0,2.4,0.04,2.4,0,9.5,13634.4,139.49,5.31017,13634.4,0.0,0.999413,2.25254
1200_dose_200_gradient_0_VconcST_0.04_Vconc_2.4_run_0.csv,1200.0,200.0,0,2.4,0.04,2.4,0,9.75,14226.6,136.726,5.54081,14226.6,0.0,0.999438,2.15456
1200_dose_200_gradient_0_VconcST_0.04_Vconc_2.4_run_0.csv,1200.0,200.0,0,2.4,0.04,2.4,0,10.0,14819.3,334.016,5.77166,14819.3,0.0,0.99946,2.06433
1200_dose_200_gradient_0_VconcST_0.04_Vconc_2.4_run_0.csv,1200.0,200.0,0,2.4,0.04,2.4,0,10.25,16304.9,327.396,6.35025,16304.9,0.0,0.999509,1.89225
1200_dose_200_gradient_0_VconcST_0.04_Vconc_2.4_run_0.csv,1200.0,200.0,0,2.4,0.04,2.4,0,10.5,17754.3,320.908,6.91475,17754.3,0.0,0.999549,1.73948
1200_dose_200_gradient_0_VconcST_0.04_Vconc_2.4_run_0.csv,1200.0,200.0,0,2.4,0.04,2.4,0,10.75,19168.2,314.548,7.46544,19168.2,0.0,0.999582,1.60197
1200_dose_200_gradient_0_VconcST_0.04_Vconc_2.4_run_0.csv,1200.0,200.0,0,2.4,0.04,2.4,0,11.0,20547.5,308.314,8.0026,20547.5,0.0,0.99961,1.49443
1200_dose_200_gradient_0_VconcST_0.04_Vconc_2.4_run_0.csv,1200.0,200.0,0,2.4,0.04,2.4,0,11.25,21892.7,302.203,8.52653,21892.7,0.0,0.999634,1.4013
1200_dose_200_gradient_0_VconcST_0.04_Vconc_2.4_run_0.csv,1200.0,200.0,0,2.4,0.04,2.4,0,11.5,23204.6,296.214,9.03748,23204.6,0.0,0.999655,1.31933
1200_dose_200_gradient_0_VconcST_0.04_Vconc_2.4_run_0.csv,1200.0,200.0,0,2.4,0.04,2.4,0,11.75,24483.9,290.344,9.53573,24483.9,0.0,0.999673,1.25673
1200_dose_200_gradient_0_VconcST_0.04_Vconc_2.4_run_0.csv,1200.0,200.0,0,2.4,0.04,2.4,0,12.0,25731.3,284.589,10.0215,25731.3,0.0,0.999689,1.19035
1200_dose_200_gradient_0_VconcST_0.04_Vconc_2.4_run_0.csv,1200.0,200.0,0,2.4,0.04,2.4,0,12.25,26947.3,278.949,10.4951,26947.3,0.0,0.999703,1.13615
1200_dose_200_gradient_0_VconcST_0.04_Vconc_2.4_run_0.csv,1200.0,200.0,0,2.4,0.04,2.4,0,12.5,28132.7,273.42,10.9568,28132.7,0.0,0.999716,1.08573
1200_dose_200_gradient_0_VconcST_0.04_Vconc_2.4_run_0.csv,1200.0,200.0,0,2.4,0.04,2.4,0,12.75,29288.2,268.001,11.4068,29288.2,0.0,0.999727,1.04408
1200_dose_200_gradient_0_VconcST_0.04_Vconc_2.4_run_0.csv,1200.0,200.0,0,2.4,0.04,2.4,0,13.0,30414.2,262.69,11.8454,30414.2,0.0,0.999737,1.00734
1200_dose_200_gradient_0_VconcST_0.04_Vconc_2.4_run_0.csv,1200.0,200.0,0,2.4,0.04,2.4,0,13.25,31511.4,257.484,12.2727,31511.4,0.0,0.999746,0.970423
1200_dose_200_gradient_0_VconcST_0.04_Vconc_2.4_run_0.csv,1200.0,200.0,0,2.4,0.04,2.4,0,13.5,32580.4,252.381,12.6891,32580.4,0.0,0.999754,0.939118
1200_dose_200_gradient_0_VconcST_0.04_Vconc_2.4_run_0.csv,1200.0,200.0,0,2.4,0.04,2.4,0,13.75,33621.8,247.379,13.0947,33621.8,0.0,0.999762,0.908537
1200_dose_200_gradient_0_VconcST_0.04_Vconc_2.4_run_0.csv,1200.0,200.0,0,2.4,0.04,2.4,0,14.0,34636.2,242.476,13.4897,34636.2,0.0,0.999769,0.881354
1200_dose_200_gradient_0_VconcST_0.04_Vconc_2.4_run_0.csv,1200.0,200.0,0,2.4,0.04,2.4,0,14.25,35624.1,237.67,13.8745,35624.1,0.0,0.999775,0.857652
1200_dose_200_gradient_0_VconcST_0.04_Vconc_2.4_run_0.csv,1200.0,200.0,0,2.4,0.04,2.4,0,14.5,36586.1,232.96,14.2491,36586.1,0.0,0.999781,0.832882
1200_dose_200_gradient_0_VconcST_0.04_Vconc_2.4_run_0.csv,1200.0,200.0,0,2.4,0.04,2.4,0,14.75,37522.7,228.343,14.6139,37522.7,0.0,0.999787,0.811867
1200_dose_200_gradient_0_VconcST_0.04_Vconc_2.4_run_0.csv,1200.0,200.0,0,2.4,0.04,2.4,0,15.0,38450.0,423.817,14.9751,38450.0,0.0,0.999792,0.795911
1200_dose_200_gradient_0_VconcST_0.04_Vconc_2.4_run_0.csv,1200.0,200.0,0,2.4,0.04,2.4,0,15.25,40260.5,415.418,15.6802,40260.5,0.0,0.999801,0.761395
1200_dose_200_gradient_0_VconcST_0.04_Vconc_2.4_run_0.csv,1200.0,200.0,0,2.4,0.04,2.4,0,15.5,42025.3,407.184,16.3676,42025.3,0.0,0.99981,0.727963
1200_dose_200_gradient_0_VconcST_0.04_Vconc_2.4_run_0.csv,1200.0,200.0,0,2.4,0.04,2.4,0,15.75,43745.5,399.115,17.0375,43745.5,0.0,0.999817,0.698822
1200_dose_200_gradient_0_VconcST_0.04_Vconc_2.4_run_0.csv,1200.0,200.0,0,2.4,0.04,2.4,0,16.0,45421.9,391.205,17.6904,45421.9,0.0,0.999824,0.672297
1200_dose_200_gradient_0_VconcST_0.04_Vconc_2.4_run_0.csv,1200.0,200.0,0,2.4,0.04,2.4,0,16.25,47055.4,383.451,18.3266,47055.4,0.0,0.99983,0.649119
1200_dose_200_gradient_0_VconcST_0.04_Vconc_2.4_run_0.csv,1200.0,200.0,0,2.4,0.04,2.4,0,16.5,48647.0,375.852,18.9465,48647.0,0.0,0.999835,0.627717
1200_dose_200_gradient_0_VconcST_0.04_Vconc_2.4_run_0.csv,1200.0,200.0,0,2.4,0.04,2.4,0,16.75,50197.4,368.403,19.5503,50197.4,0.0,0.999841,0.609322
1200_dose_200_gradient_0_VconcST_0.04_Vconc_2.4_run_0.csv,1200.0,200.0,0,2.4,0.04,2.4,0,17.0,51707.5,361.102,20.1385,51707.5,0.0,0.999845,0.589691
1200_dose_200_gradient_0_VconcST_0.04_Vconc_2.4_run_0.csv,1200.0,200.0,0,2.4,0.04,2.4,0,17.25,53178.3,353.945,20.7113,53178.3,0.0,0.999849,0.574358
1200_dose_200_gradient_0_VconcST_0.04_Vconc_2.4_run_0.csv,1200.0,200.0,0,2.4,0.04,2.4,0,17.5,54610.4,346.93,21.2691,54610.4,0.0,0.999853,0.558374
1200_dose_200_gradient_0_VconcST_0.04_Vconc_2.4_run_0.csv,1200.0,200.0,0,2.4,0.04,2.4,0,17.75,56004.7,340.054,21.8121,56004.7,0.0,0.999857,0.545234
1200_dose_200_gradient_0_VconcST_0.04_Vconc_2.4_run_0.csv,1200.0,200.0,0,2.4,0.04,2.4,0,18.0,57362.0,333.315,22.3407,57362.0,0.0,0.999861,0.53178
1200_dose_200_gradient_0_VconcST_0.04_Vconc_2.4_run_0.csv,1200.0,200.0,0,2.4,0.04,2.4,0,18.25,58683.0,326.709,22.8552,58683.0,0.0,0.999864,0.519247
1200_dose_200_gradient_0_VconcST_0.04_Vconc_2.4_run_0.csv,1200.0,200.0,0,2.4,0.04,2.4,0,18.5,59968.6,320.234,23.3559,59968.6,0.0,0.999867,0.507858
1200_dose_200_gradient_0_VconcST_0.04_Vconc_2.4_run_0.csv,1200.0,200.0,0,2.4,0.04,2.4,0,18.75,61219.4,313.887,23.843,61219.4,0.0,0.999869,0.498264
1200_dose_200_gradient_0_VconcST_0.04_Vconc_2.4_run_0.csv,1200.0,200.0,0,2.4,0.04,2.4,0,19.0,62436.1,307.666,24.3169,62436.1,0.0,0.999872,0.487856
1200_dose_200_gradient_0_VconcST_0.04_Vconc_2.4_run_0.csv,1200.0,200.0,0,2.4,0.04,2.4,0,19.25,63619.5,301.569,24.7778,63619.5,0.0,0.999874,0.479766
1200_dose_200_gradient_0_VconcST_0.04_Vconc_2.4_run_0.csv,1200.0,200.0,0,2.4,0.04,2.4,0,19.5,64770.3,295.592,25.226,64770.3,0.0,0.999876,0.470587
1200_dose_200_gradient_0_VconcST_0.04_Vconc_2.4_run_0.csv,1200.0,200.0,0,2.4,0.04,2.4,0,19.75,65889.1,289.734,25.6618,65889.1,0.0,0.999879,0.462019
1200_dose_200_gradient_0_VconcST_0.04_Vconc_2.4_run_0.csv,1200.0,200.0,0,2.4,0.04,2.4,0,20.0,66992.2,483.992,26.0914,66992.2,0.0,0.999881,0.455142
1200_dose_200_gradient_0_VconcST_0.04_Vconc_2.4_run_0.csv,1200.0,200.0,0,2.4,0.04,2.4,0,20.25,68972.2,474.4,26.8625,68972.2,0.0,0.999884,0.443237
1200_dose_200_gradient_0_VconcST_0.04_Vconc_2.4_run_0.csv,1200.0,200.0,0,2.4,0.04,2.4,0,20.5,70900.4,464.997,27.6135,70900.4,0.0,0.999887,0.430259
1200_dose_200_gradient_0_VconcST_0.04_Vconc_2.4_run_0.csv,1200.0,200.0,0,2.4,0.04,2.4,0,20.75,72777.9,455.782,28.3447,72777.9,0.0,0.99989,0.419597
1200_dose_200_gradient_0_VconcST_0.04_Vconc_2.4_run_0.csv,1200.0,200.0,0,2.4,0.04,2.4,0,21.0,74605.8,446.749,29.0566,74605.8,0.0,0.999893,0.408585
1200_dose_200_gradient_0_VconcST_0.04_Vconc_2.4_run_0.csv,1200.0,200.0,0,2.4,0.04,2.4,0,21.25,76385.0,437.895,29.7496,76385.0,0.0,0.999895,0.400025
1200_dose_200_gradient_0_VconcST_0.04_Vconc_2.4_run_0.csv,1200.0,200.0,0,2.4,0.04,2.4,0,21.5,78116.7,429.216,30.424,78116.7,0.0,0.999898,0.391149
1200_dose_200_gradient_0_VconcST_0.04_Vconc_2.4_run_0.csv,1200.0,200.0,0,2.4,0.04,2.4,0,21.75,79801.7,420.71,31.0803,79801.7,0.0,0.9999,0.382969
1200_dose_200_gradient_0_VconcST_0.04_Vconc_2.4_run_0.csv,1200.0,200.0,0,2.4,0.04,2.4,0,22.0,81441.0,412.372,31.7187,81441.0,0.0,0.999902,0.37482
1200_dose_200_gradient_0_VconcST_0.04_Vconc_2.4_run_0.csv,1200.0,200.0,0,2.4,0.04,2.4,0,22.25,83035.6,404.199,32.3398,83035.6,0.0,0.999904,0.366741
1200_dose_200_gradient_0_VconcST_0.04_Vconc_2.4_run_0.csv,1200.0,200.0,0,2.4,0.04,2.4,0,22.5,84586.6,396.188,32.9438,84586.6,0.0,0.999905,0.359955
1200_dose_200_gradient_0_VconcST_0.04_Vconc_2.4_run_0.csv,1200.0,200.0,0,2.4,0.04,2.4,0,22.75,86094.6,388.336,33.5312,86094.6,0.0,0.999907,0.353696
1200_dose_200_gradient_0_VconcST_0.04_Vconc_2.4_run_0.csv,1200.0,200.0,0,2.4,0.04,2.4,0,23.0,87560.6,380.64,34.1021,87560.6,0.0,0.999909,0.34824
1200_dose_200_gradient_0_VconcST_0.04_Vconc_2.4_run_0.csv,1200.0,200.0,0,2.4,0.04,2.4,0,23.25,88985.7,373.096,34.6572,88985.7,0.0,0.99991,0.342793
1200_dose_200_gradient_0_VconcST_0.04_Vconc_2.4_run_0.csv,1200.0,200.0,0,2.4,0.04,2.4,0,23.5,90370.4,365.702,35.1965,90370.4,0.0,0.999911,0.337365
1200_dose_200_gradient_0_VconcST_0.04_Vconc_2.4_run_0.csv,1200.0,200.0,0,2.4,0.04,2.4,0,23.75,91715.7,358.454,35.7204,91715.7,0.0,0.999913,0.332243
1200_dose_200_gradient_0_VconcST_0.04_Vconc_2.4_run_0.csv,1200.0,200.0,0,2.4,0.04,2.4,0,24.0,93022.6,351.35,36.2294,93022.6,0.0,0.999914,0.326993
1200_dose_200_gradient_0_VconcST_0.04_Vconc_2.4_run_0.csv,1200.0,200.0,0,2.4,0.04,2.4,0,24.25,94291.6,344.386,36.7237,94291.6,0.0,0.999915,0.322472
1200_dose_200_gradient_0_VconcST_0.04_Vconc_2.4_run_0.csv,1200.0,200.0,0,2.4,0.04,2.4,0,24.5,95523.7,337.561,37.2035,95523.7,0.0,0.999916,0.318973
1200_dose_200_gradient_0_VconcST_0.04_Vconc_2.4_run_0.csv,1200.0,200.0,0,2.4,0.04,2.4,0,24.75,96719.7,330.871,37.6693,96719.7,0.0,0.999917,0.314641
1200_dose_200_gradient_0_VconcST_0.04_Vconc_2.4_run_0.csv,1200.0,200.0,0,2.4,0.04,2.4,0,25.0,97895.8,524.314,38.1274,97895.8,0.0,0.999918,0.311718
1200_dose_200_gradient_0_VconcST_0.04_Vconc_2.4_run_0.csv,1200.0,200.0,0,2.4,0.04,2.4,0,25.25,99944.7,513.922,38.9254,99944.7,0.0,0.99992,0.304973
1200_dose_200_gradient_0_VconcST_0.04_Vconc_2.4_run_0.csv,1200.0,200.0,0,2.4,0.04,2.4,0,25.5,101938.0,503.737,39.7017,101938.0,0.0,0.999922,0.298909
1200_dose_200_gradient_0_VconcST_0.04_Vconc_2.4_run_0.csv,1200.0,200.0,0,2.4,0.04,2.4,0,25.75,103877.0,493.753,40.4567,103877.0,0.0,0.999923,0.293077
1200_dose_200_gradient_0_VconcST_0.04_Vconc_2.4_run_0.csv,1200.0,200.0,0,2.4,0.04,2.4,0,26.0,105762.0,483.968,41.191,105762.0,0.0,0.999924,0.287876
1200_dose_200_gradient_0_VconcST_0.04_Vconc_2.4_run_0.csv,1200.0,200.0,0,2.4,0.04,2.4,0,26.25,107595.0,474.376,41.9048,107595.0,0.0,0.999926,0.28336
1200_dose_200_gradient_0_VconcST_0.04_Vconc_2.4_run_0.csv,1200.0,200.0,0,2.4,0.04,2.4,0,26.5,109376.0,464.975,42.5987,109376.0,0.0,0.999927,0.278546
1200_dose_200_gradient_0_VconcST_0.04_Vconc_2.4_run_0.csv,1200.0,200.0,0,2.4,0.04,2.4,0,26.75,111108.0,455.759,43.2731,111108.0,0.0,0.999928,0.274186
1200_dose_200_gradient_0_VconcST_0.04_Vconc_2.4_run_0.csv,1200.0,200.0,0,2.4,0.04,2.4,0,27.0,112790.0,446.727,43.9283,112790.0,0.0,0.999929,0.270679
1200_dose_200_gradient_0_VconcST_0.04_Vconc_2.4_run_0.csv,1200.0,200.0,0,2.4,0.04,2.4,0,27.25,114425.0,437.873,44.5649,114425.0,0.0,0.99993,0.266075
1200_dose_200_gradient_0_VconcST_0.04_Vconc_2.4_run_0.csv,1200.0,200.0,0,2.4,0.04,2.4,0,27.5,116012.0,429.195,45.1831,116012.0,0.0,0.999931,0.262285
1200_dose_200_gradient_0_VconcST_0.04_Vconc_2.4_run_0.csv,1200.0,200.0,0,2.4,0.04,2.4,0,27.75,117553.0,420.689,45.7833,117553.0,0.0,0.999932,0.258709
1200_dose_200_gradient_0_VconcST_0.04_Vconc_2.4_run_0.csv,1200.0,200.0,0,2.4,0.04,2.4,0,28.0,119049.0,412.351,46.366,119049.0,0.0,0.999933,0.256359
1200_dose_200_gradient_0_VconcST_0.04_Vconc_2.4_run_0.csv,1200.0,200.0,0,2.4,0.04,2.4,0,28.25,120501.0,404.179,46.9315,120501.0,0.0,0.999934,0.252759
1200_dose_200_gradient_0_VconcST_0.04_Vconc_2.4_run_0.csv,1200.0,200.0,0,2.4,0.04,2.4,0,28.5,121910.0,396.169,47.4802,121910.0,0.0,0.999934,0.249437
1200_dose_200_gradient_0_VconcST_0.04_Vconc_2.4_run_0.csv,1200.0,200.0,0,2.4,0.04,2.4,0,28.75,123276.0,388.317,48.0123,123276.0,0.0,0.999935,0.24734
1200_dose_200_gradient_0_VconcST_0.04_Vconc_4_run_0.csv,1200.0,200.0,0,4.0,0.04,4.0,0,0.0,0.0,0.0,0.0,0.0,0.0,0.0,0.0
1200_dose_200_gradient_0_VconcST_0.04_Vconc_4_run_0.csv,1200.0,200.0,0,4.0,0.04,4.0,0,0.25,0.0,0.0,0.0,0.0,0.0,0.0,10000.0
1200_dose_200_gradient_0_VconcST_0.04_Vconc_4_run_0.csv,1200.0,200.0,0,4.0,0.04,4.0,0,0.5,0.0,0.0,0.0,0.0,0.0,0.0,453.19
1200_dose_200_gradient_0_VconcST_0.04_Vconc_4_run_0.csv,1200.0,200.0,0,4.0,0.04,4.0,0,0.75,0.0,0.0,0.0,0.0,0.0,0.0,10000.0
1200_dose_200_gradient_0_VconcST_0.04_Vconc_4_run_0.csv,1200.0,200.0,0,4.0,0.04,4.0,0,1.0,0.0,0.0,0.0,0.0,0.0,0.0,426.38
1200_dose_200_gradient_0_VconcST_0.04_Vconc_4_run_0.csv,1200.0,200.0,0,4.0,0.04,4.0,0,1.25,0.0,0.0,0.0,0.0,0.0,0.0,10000.0
1200_dose_200_gradient_0_VconcST_0.04_Vconc_4_run_0.csv,1200.0,200.0,0,4.0,0.04,4.0,0,1.5,0.0,0.0,0.0,0.0,0.0,0.0,471.189
1200_dose_200_gradient_0_VconcST_0.04_Vconc_4_run_0.csv,1200.0,200.0,0,4.0,0.04,4.0,0,1.75,0.0,0.0,0.0,0.0,0.0,0.0,10000.0
1200_dose_200_gradient_0_VconcST_0.04_Vconc_4_run_0.csv,1200.0,200.0,0,4.0,0.04,4.0,0,2.0,0.0,0.0,0.0,0.0,0.0,0.0,430.629
1200_dose_200_gradient_0_VconcST_0.04_Vconc_4_run_0.csv,1200.0,200.0,0,4.0,0.04,4.0,0,2.25,0.0,0.0,0.0,0.0,0.0,0.0,10000.0
1200_dose_200_gradient_0_VconcST_0.04_Vconc_4_run_0.csv,1200.0,200.0,0,4.0,0.04,4.0,0,2.5,0.0,0.0,0.0,0.0,0.0,0.0,417.999
1200_dose_200_gradient_0_VconcST_0.04_Vconc_4_run_0.csv,1200.0,200.0,0,4.0,0.04,4.0,0,2.75,0.0,0.0,0.0,0.0,0.0,0.0,10000.0
1200_dose_200_gradient_0_VconcST_0.04_Vconc_4_run_0.csv,1200.0,200.0,0,4.0,0.04,4.0,0,3.0,0.0,0.0,0.0,0.0,0.0,0.0,443.529
1200_dose_200_gradient_0_VconcST_0.04_Vconc_4_run_0.csv,1200.0,200.0,0,4.0,0.04,4.0,0,3.25,0.0,0.0,0.0,0.0,0.0,0.0,10000.0
1200_dose_200_gradient_0_VconcST_0.04_Vconc_4_run_0.csv,1200.0,200.0,0,4.0,0.04,4.0,0,3.5,0.0,0.0,0.0,0.0,0.0,0.0,442.815
1200_dose_200_gradient_0_VconcST_0.04_Vconc_4_run_0.csv,1200.0,200.0,0,4.0,0.04,4.0,0,3.75,0.0,0.0,0.0,0.0,0.0,0.0,10000.0
1200_dose_200_gradient_0_VconcST_0.04_Vconc_4_run_0.csv,1200.0,200.0,0,4.0,0.04,4.0,0,4.0,0.0,0.0,0.0,0.0,0.0,0.0,457.42
1200_dose_200_gradient_0_VconcST_0.04_Vconc_4_run_0.csv,1200.0,200.0,0,4.0,0.04,4.0,0,4.25,0.0,0.0,0.0,0.0,0.0,0.0,10000.0
1200_dose_200_gradient_0_VconcST_0.04_Vconc_4_run_0.csv,1200.0,200.0,0,4.0,0.04,4.0,0,4.5,0.0,0.0,0.0,0.0,0.0,0.0,437.253
1200_dose_200_gradient_0_VconcST_0.04_Vconc_4_run_0.csv,1200.0,200.0,0,4.0,0.04,4.0,0,4.75,0.0,0.0,0.0,0.0,0.0,0.0,10000.0
1200_dose_200_gradient_0_VconcST_0.04_Vconc_4_run_0.csv,1200.0,200.0,0,4.0,0.04,4.0,0,5.0,15.5725,200.0,0.00606501,15.5725,0.0,0.0,463.763
1200_dose_200_gradient_0_VconcST_0.04_Vconc_4_run_0.csv,1200.0,200.0,0,4.0,0.04,4.0,0,5.25,938.689,196.036,0.36559,938.689,0.0,0.991412,64.471
1200_dose_200_gradient_0_VconcST_0.04_Vconc_4_run_0.csv,1200.0,200.0,0,4.0,0.04,4.0,0,5.5,1840.01,192.151,0.716626,1840.01,0.0,0.995636,30.4325
1200_dose_200_gradient_0_VconcST_0.04_Vconc_4_run_0.csv,1200.0,200.0,0,4.0,0.04,4.0,0,5.75,2719.98,188.343,1.05935,2719.98,0.0,0.997052,19.7613
1200_dose_200_gradient_0_VconcST_0.04_Vconc_4_run_0.csv,1200.0,200.0,0,4.0,0.04,4.0,0,6.0,3579.03,184.61,1.39392,3579.03,0.0,0.997761,14.7644
1200_dose_200_gradient_0_VconcST_0.04_Vconc_4_run_0.csv,1200.0,200.0,0,4.0,0.04,4.0,0,6.25,4417.6,180.951,1.72052,4417.6,0.0,0.998187,11.9449
1200_dose_200_gradient_0_VconcST_0.04_Vconc_4_run_0.csv,1200.0,200.0,0,4.0,0.04,4.0,0,6.5,5236.1,177.365,2.0393,5236.1,0.0,0.998471,9.91847
1200_dose_200_gradient_0_VconcST_0.04_Vconc_4_run_0.csv,1200.0,200.0,0,4.0,0.04,4.0,0,6.75,6034.93,173.85,2.35042,6034.93,0.0,0.998673,8.65484
1200_dose_200_gradient_0_VconcST_0.04_Vconc_4_run_0.csv,1200.0,200.0,0,4.0,0.04,4.0,0,7.0,6814.52,170.404,2.65404,6814.52,0.0,0.998825,7.69174
1200_dose_200_gradient_0_VconcST_0.04_Vconc_4_run_0.csv,1200.0,200.0,0,4.0,0.04,4.0,0,7.25,7575.25,167.027,2.95032,7575.25,0.0,0.998943,6.81829
1200_dose_200_gradient_0_VconcST_0.04_Vconc_4_run_0.csv,1200.0,200.0,0,4.0,0.04,4.0,0,7.5,8317.5,163.717,3.23941,8317.5,0.0,0.999038,6.22144
1200_dose_200_gradient_0_VconcST_0.04_Vconc_4_run_0.csv,1200.0,200.0,0,4.0,0.04,4.0,0,7.75,9041.66,160.472,3.52144,9041.66,0.0,0.999115,5.71386
1200_dose_200_gradient_0_VconcST_0.04_Vconc_4_run_0.csv,1200.0,200.0,0,4.0,0.04,4.0,0,8.0,9748.09,157.292,3.79658,9748.09,0.0,0.999179,5.26114
1200_dose_200_gradient_0_VconcST_0.04_Vconc_4_run_0.csv,1200.0,200.0,0,4.0,0.04,4.0,0,8.25,10437.2,154.175,4.06495,10437.2,0.0,0.999233,4.91005
1200_dose_200_gradient_0_VconcST_0.04_Vconc_4_run_0.csv,1200.0,200.0,0,4.0,0.04,4.0,0,8.5,11109.2,151.119,4.3267,11109.2,0.0,0.99928,4.61681
1200_dose_200_gradient_0_VconcST_0.04_Vconc_4_run_0.csv,1200.0,200.0,0,4.0,0.04,4.0,0,8.75,11764.7,148.124,4.58197,11764.7,0.0,0.99932,4.37056
1200_dose_200_gradient_0_VconcST_0.04_Vconc_4_run_0.csv,1200.0,200.0,0,4.0,0.04,4.0,0,9.0,12403.8,145.188,4.83089,12403.8,0.0,0.999355,4.12599
1200_dose_200_gradient_0_VconcST_0.04_Vconc_4_run_0.csv,1200.0,200.0,0,4.0,0.04,4.0,0,9.25,13026.9,142.311,5.07358,13026.9,0.0,0.999386,3.91886
1200_dose_200_gradient_0_VconcST_0.04_Vconc_4_run_0.csv,1200.0,200.0,0,4.0,0.04,4.0,0,9.5,13634.4,139.49,5.31017,13634.4,0.0,0.999413,3.74812
1200_dose_200_gradient_0_VconcST_0.04_Vconc_4_run_0.csv,1200.0,200.0,0,4.0,0.04,4.0,0,9.75,14226.6,136.726,5.54081,14226.6,0.0,0.999438,3.59724
1200_dose_200_gradient_0_VconcST_0.04_Vconc_4_run_0.csv,1200.0,200.0,0,4.0,0.04,4.0,0,10.0,14819.3,334.016,5.77166,14819.3,0.0,0.99946,3.4465
1200_dose_200_gradient_0_VconcST_0.04_Vconc_4_run_0.csv,1200.0,200.0,0,4.0,0.04,4.0,0,10.25,16304.9,327.396,6.35025,16304.9,0.0,0.999509,3.15928
1200_dose_200_gradient_0_VconcST_0.04_Vconc_4_run_0.csv,1200.0,200.0,0,4.0,0.04,4.0,0,10.5,17754.3,320.908,6.91475,17754.3,0.0,0.999549,2.90206
1200_dose_200_gradient_0_VconcST_0.04_Vconc_4_run_0.csv,1200.0,200.0,0,4.0,0.04,4.0,0,10.75,19168.2,314.548,7.46544,19168.2,0.0,0.999582,2.67288
1200_dose_200_gradient_0_VconcST_0.04_Vconc_4_run_0.csv,1200.0,200.0,0,4.0,0.04,4.0,0,11.0,20547.5,308.314,8.0026,20547.5,0.0,0.99961,2.49371
1200_dose_200_gradient_0_VconcST_0.04_Vconc_4_run_0.csv,1200.0,200.0,0,4.0,0.04,4.0,0,11.25,21892.7,302.203,8.52653,21892.7,0.0,0.999634,2.33501
1200_dose_200_gradient_0_VconcST_0.04_Vconc_4_run_0.csv,1200.0,200.0,0,4.0,0.04,4.0,0,11.5,23204.6,296.214,9.03748,23204.6,0.0,0.999655,2.21053
1200_dose_200_gradient_0_VconcST_0.04_Vconc_4_run_0.csv,1200.0,200.0,0,4.0,0.04,4.0,0,11.75,24483.9,290.344,9.53573,24483.9,0.0,0.999673,2.09297
1200_dose_200_gradient_0_VconcST_0.04_Vconc_4_run_0.csv,1200.0,200.0,0,4.0,0.04,4.0,0,12.0,25731.3,284.589,10.0215,25731.3,0.0,0.999689,1.9913
1200_dose_200_gradient_0_VconcST_0.04_Vconc_4_run_0.csv,1200.0,200.0,0,4.0,0.04,4.0,0,12.25,26947.3,278.949,10.4951,26947.3,0.0,0.999703,1.90273
1200_dose_200_gradient_0_VconcST_0.04_Vconc_4_run_0.csv,1200.0,200.0,0,4.0,0.04,4.0,0,12.5,28132.7,273.42,10.9568,28132.7,0.0,0.999716,1.81274
1200_dose_200_gradient_0_VconcST_0.04_Vconc_4_run_0.csv,1200.0,200.0,0,4.0,0.04,4.0,0,12.75,29288.2,268.001,11.4068,29288.2,0.0,0.999727,1.74596
1200_dose_200_gradient_0_VconcST_0.04_Vconc_4_run_0.csv,1200.0,200.0,0,4.0,0.04,4.0,0,13.0,30414.2,262.69,11.8454,30414.2,0.0,0.999737,1.68171
1200_dose_200_gradient_0_VconcST_0.04_Vconc_4_run_0.csv,1200.0,200.0,0,4.0,0.04,4.0,0,13.25,31511.4,257.484,12.2727,31511.4,0.0,0.999746,1.62033
1200_dose_200_gradient_0_VconcST_0.04_Vconc_4_run_0.csv,1200.0,200.0,0,4.0,0.04,4.0,0,13.5,32580.4,252.381,12.6891,32580.4,0.0,0.999754,1.56298
1200_dose_200_gradient_0_VconcST_0.04_Vconc_4_run_0.csv,1200.0,200.0,0,4.0,0.04,4.0,0,13.75,33621.8,247.379,13.0947,33621.8,0.0,0.999762,1.51294
1200_dose_200_gradient_0_VconcST_0.04_Vconc_4_run_0.csv,1200.0,200.0,0,4.0,0.04,4.0,0,14.0,34636.2,242.476,13.4897,34636.2,0.0,0.999769,1.46943
1200_dose_200_gradient_0_VconcST_0.04_Vconc_4_run_0.csv,1200.0,200.0,0,4.0,0.04,4.0,0,14.25,35624.1,237.67,13.8745,35624.1,0.0,0.999775,1.43129
1200_dose_200_gradient_0_VconcST_0.04_Vconc_4_run_0.csv,1200.0,200.0,0,4.0,0.04,4.0,0,14.5,36586.1,232.96,14.2491,36586.1,0.0,0.999781,1.39099
1200_dose_200_gradient_0_VconcST_0.04_Vconc_4_run_0.csv,1200.0,200.0,0,4.0,0.04,4.0,0,14.75,37522.7,228.343,14.6139,37522.7,0.0,0.999787,1.35762
1200_dose_200_gradient_0_VconcST_0.04_Vconc_4_run_0.csv,1200.0,200.0,0,4.0,0.04,4.0,0,15.0,38450.0,423.817,14.9751,38450.0,0.0,0.999792,1.32321
1200_dose_200_gradient_0_VconcST_0.04_Vconc_4_run_0.csv,1200.0,200.0,0,4.0,0.04,4.0,0,15.25,40260.5,415.418,15.6802,40260.5,0.0,0.999801,1.26504
1200_dose_200_gradient_0_VconcST_0.04_Vconc_4_run_0.csv,1200.0,200.0,0,4.0,0.04,4.0,0,15.5,42025.3,407.184,16.3676,42025.3,0.0,0.99981,1.2186
1200_dose_200_gradient_0_VconcST_0.04_Vconc_4_run_0.csv,1200.0,200.0,0,4.0,0.04,4.0,0,15.75,43745.5,399.115,17.0375,43745.5,0.0,0.999817,1.16873
1200_dose_200_gradient_0_VconcST_0.04_Vconc_4_run_0.csv,1200.0,200.0,0,4.0,0.04,4.0,0,16.0,45421.9,391.205,17.6904,45421.9,0.0,0.999824,1.12174
1200_dose_200_gradient_0_VconcST_0.04_Vconc_4_run_0.csv,1200.0,200.0,0,4.0,0.04,4.0,0,16.25,47055.4,383.451,18.3266,47055.4,0.0,0.99983,1.08502
1200_dose_200_gradient_0_VconcST_0.04_Vconc_4_run_0.csv,1200.0,200.0,0,4.0,0.04,4.0,0,16.5,48647.0,375.852,18.9465,48647.0,0.0,0.999835,1.04577
1200_dose_200_gradient_0_VconcST_0.04_Vconc_4_run_0.csv,1200.0,200.0,0,4.0,0.04,4.0,0,16.75,50197.4,368.403,19.5503,50197.4,0.0,0.999841,1.01363
1200_dose_200_gradient_0_VconcST_0.04_Vconc_4_run_0.csv,1200.0,200.0,0,4.0,0.04,4.0,0,17.0,51707.5,361.102,20.1385,51707.5,0.0,0.999845,0.984911
1200_dose_200_gradient_0_VconcST_0.04_Vconc_4_run_0.csv,1200.0,200.0,0,4.0,0.04,4.0,0,17.25,53178.3,353.945,20.7113,53178.3,0.0,0.999849,0.958031
1200_dose_200_gradient_0_VconcST_0.04_Vconc_4_run_0.csv,1200.0,200.0,0,4.0,0.04,4.0,0,17.5,54610.4,346.93,21.2691,54610.4,0.0,0.999853,0.933338
1200_dose_200_gradient_0_VconcST_0.04_Vconc_4_run_0.csv,1200.0,200.0,0,4.0,0.04,4.0,0,17.75,56004.7,340.054,21.8121,56004.7,0.0,0.999857,0.907195
1200_dose_200_gradient_0_VconcST_0.04_Vconc_4_run_0.csv,1200.0,200.0,0,4.0,0.04,4.0,0,18.0,57362.0,333.315,22.3407,57362.0,0.0,0.999861,0.885615
1200_dose_200_gradient_0_VconcST_0.04_Vconc_4_run_0.csv,1200.0,200.0,0,4.0,0.04,4.0,0,18.25,58683.0,326.709,22.8552,58683.0,0.0,0.999864,0.866328
1200_dose_200_gradient_0_VconcST_0.04_Vconc_4_run_0.csv,1200.0,200.0,0,4.0,0.04,4.0,0,18.5,59968.6,320.234,23.3559,59968.6,0.0,0.999867,0.846297
1200_dose_200_gradient_0_VconcST_0.04_Vconc_4_run_0.csv,1200.0,200.0,0,4.0,0.04,4.0,0,18.75,61219.4,313.887,23.843,61219.4,0.0,0.999869,0.832899
1200_dose_200_gradient_0_VconcST_0.04_Vconc_4_run_0.csv,1200.0,200.0,0,4.0,0.04,4.0,0,19.0,62436.1,307.666,24.3169,62436.1,0.0,0.999872,0.812963
1200_dose_200_gradient_0_VconcST_0.04_Vconc_4_run_0.csv,1200.0,200.0,0,4.0,0.04,4.0,0,19.25,63619.5,301.569,24.7778,63619.5,0.0,0.999874,0.797331
1200_dose_200_gradient_0_VconcST_0.04_Vconc_4_run_0.csv,1200.0,200.0,0,4.0,0.04,4.0,0,19.5,64770.3,295.592,25.226,64770.3,0.0,0.999876,0.786373
1200_dose_200_gradient_0_VconcST_0.04_Vconc_4_run_0.csv,1200.0,200.0,0,4.0,0.04,4.0,0,19.75,65889.1,289.734,25.6618,65889.1,0.0,0.999879,0.770834
1200_dose_200_gradient_0_VconcST_0.04_Vconc_4_run_0.csv,1200.0,200.0,0,4.0,0.04,4.0,0,20.0,66992.2,483.992,26.0914,66992.2,0.0,0.999881,0.758116
1200_dose_200_gradient_0_VconcST_0.04_Vconc_4_run_0.csv,1200.0,200.0,0,4.0,0.04,4.0,0,20.25,68972.2,474.4,26.8625,68972.2,0.0,0.999884,0.739816
1200_dose_200_gradient_0_VconcST_0.04_Vconc_4_run_0.csv,1200.0,200.0,0,4.0,0.04,4.0,0,20.5,70900.4,464.997,27.6135,70900.4,0.0,0.999887,0.718004
1200_dose_200_gradient_0_VconcST_0.04_Vconc_4_run_0.csv,1200.0,200.0,0,4.0,0.04,4.0,0,20.75,72777.9,455.782,28.3447,72777.9,0.0,0.99989,0.699844
1200_dose_200_gradient_0_VconcST_0.04_Vconc_4_run_0.csv,1200.0,200.0,0,4.0,0.04,4.0,0,21.0,74605.8,446.749,29.0566,74605.8,0.0,0.999893,0.682111
1200_dose_200_gradient_0_VconcST_0.04_Vconc_4_run_0.csv,1200.0,200.0,0,4.0,0.04,4.0,0,21.25,76385.0,437.895,29.7496,76385.0,0.0,0.999895,0.667329
1200_dose_200_gradient_0_VconcST_0.04_Vconc_4_run_0.csv,1200.0,200.0,0,4.0,0.04,4.0,0,21.5,78116.7,429.216,30.424,78116.7,0.0,0.999898,0.649667
1200_dose_200_gradient_0_VconcST_0.04_Vconc_4_run_0.csv,1200.0,200.0,0,4.0,0.04,4.0,0,21.75,79801.7,420.71,31.0803,79801.7,0.0,0.9999,0.636107
1200_dose_200_gradient_0_VconcST_0.04_Vconc_4_run_0.csv,1200.0,200.0,0,4.0,0.04,4.0,0,22.0,81441.0,412.372,31.7187,81441.0,0.0,0.999902,0.623355
1200_dose_200_gradient_0_VconcST_0.04_Vconc_4_run_0.csv,1200.0,200.0,0,4.0,0.04,4.0,0,22.25,83035.6,404.199,32.3398,83035.6,0.0,0.999904,0.613759
1200_dose_200_gradient_0_VconcST_0.04_Vconc_4_run_0.csv,1200.0,200.0,0,4.0,0.04,4.0,0,22.5,84586.6,396.188,32.9438,84586.6,0.0,0.999905,0.599562
1200_dose_200_gradient_0_VconcST_0.04_Vconc_4_run_0.csv,1200.0,200.0,0,4.0,0.04,4.0,0,22.75,86094.6,388.336,33.5312,86094.6,0.0,0.999907,0.589013
1200_dose_200_gradient_0_VconcST_0.04_Vconc_4_run_0.csv,1200.0,200.0,0,4.0,0.04,4.0,0,23.0,87560.6,380.64,34.1021,87560.6,0.0,0.999909,0.579216
1200_dose_200_gradient_0_VconcST_0.04_Vconc_4_run_0.csv,1200.0,200.0,0,4.0,0.04,4.0,0,23.25,88985.7,373.096,34.6572,88985.7,0.0,0.99991,0.570319
1200_dose_200_gradient_0_VconcST_0.04_Vconc_4_run_0.csv,1200.0,200.0,0,4.0,0.04,4.0,0,23.5,90370.4,365.702,35.1965,90370.4,0.0,0.999911,0.561134
1200_dose_200_gradient_0_VconcST_0.04_Vconc_4_run_0.csv,1200.0,200.0,0,4.0,0.04,4.0,0,23.75,91715.7,358.454,35.7204,91715.7,0.0,0.999913,0.553236
1200_dose_200_gradient_0_VconcST_0.04_Vconc_4_run_0.csv,1200.0,200.0,0,4.0,0.04,4.0,0,24.0,93022.6,351.35,36.2294,93022.6,0.0,0.999914,0.544933
1200_dose_200_gradient_0_VconcST_0.04_Vconc_4_run_0.csv,1200.0,200.0,0,4.0,0.04,4.0,0,24.25,94291.6,344.386,36.7237,94291.6,0.0,0.999915,0.537398
1200_dose_200_gradient_0_VconcST_0.04_Vconc_4_run_0.csv,1200.0,200.0,0,4.0,0.04,4.0,0,24.5,95523.7,337.561,37.2035,95523.7,0.0,0.999916,0.530988
1200_dose_200_gradient_0_VconcST_0.04_Vconc_4_run_0.csv,1200.0,200.0,0,4.0,0.04,4.0,0,24.75,96719.7,330.871,37.6693,96719.7,0.0,0.999917,0.524145
1200_dose_200_gradient_0_VconcST_0.04_Vconc_4_run_0.csv,1200.0,200.0,0,4.0,0.04,4.0,0,25.0,97895.8,524.314,38.1274,97895.8,0.0,0.999918,0.518062
1200_dose_200_gradient_0_VconcST_0.04_Vconc_4_run_0.csv,1200.0,200.0,0,4.0,0.04,4.0,0,25.25,99944.7,513.922,38.9254,99944.7,0.0,0.99992,0.508651
1200_dose_200_gradient_0_VconcST_0.04_Vconc_4_run_0.csv,1200.0,200.0,0,4.0,0.04,4.0,0,25.5,101938.0,503.737,39.7017,101938.0,0.0,0.999922,0.497837
1200_dose_200_gradient_0_VconcST_0.04_Vconc_4_run_0.csv,1200.0,200.0,0,4.0,0.04,4.0,0,25.75,103877.0,493.753,40.4567,103877.0,0.0,0.999923,0.4901
1200_dose_200_gradient_0_VconcST_0.04_Vconc_4_run_0.csv,1200.0,200.0,0,4.0,0.04,4.0,0,26.0,105762.0,483.968,41.191,105762.0,0.0,0.999924,0.48174
1200_dose_200_gradient_0_VconcST_0.04_Vconc_4_run_0.csv,1200.0,200.0,0,4.0,0.04,4.0,0,26.25,107595.0,474.376,41.9048,107595.0,0.0,0.999926,0.471462
1200_dose_200_gradient_0_VconcST_0.04_Vconc_4_run_0.csv,1200.0,200.0,0,4.0,0.04,4.0,0,26.5,109376.0,464.975,42.5987,109376.0,0.0,0.999927,0.464625
1200_dose_200_gradient_0_VconcST_0.04_Vconc_4_run_0.csv,1200.0,200.0,0,4.0,0.04,4.0,0,26.75,111108.0,455.759,43.2731,111108.0,0.0,0.999928,0.456392
1200_dose_200_gradient_0_VconcST_0.04_Vconc_4_run_0.csv,1200.0,200.0,0,4.0,0.04,4.0,0,27.0,112790.0,446.727,43.9283,112790.0,0.0,0.999929,0.45002
1200_dose_200_gradient_0_VconcST_0.04_Vconc_4_run_0.csv,1200.0,200.0,0,4.0,0.04,4.0,0,27.25,114425.0,437.873,44.5649,114425.0,0.0,0.99993,0.443203
1200_dose_200_gradient_0_VconcST_0.04_Vconc_4_run_0.csv,1200.0,200.0,0,4.0,0.04,4.0,0,27.5,116012.0,429.195,45.1831,116012.0,0.0,0.999931,0.438438
1200_dose_200_gradient_0_VconcST_0.04_Vconc_4_run_0.csv,1200.0,200.0,0,4.0,0.04,4.0,0,27.75,117553.0,420.689,45.7833,117553.0,0.0,0.999932,0.431144
1200_dose_200_gradient_0_VconcST_0.04_Vconc_4_run_0.csv,1200.0,200.0,0,4.0,0.04,4.0,0,28.0,119049.0,412.351,46.366,119049.0,0.0,0.999933,0.426424
1200_dose_200_gradient_0_VconcST_0.04_Vconc_4_run_0.csv,1200.0,200.0,0,4.0,0.04,4.0,0,28.25,120501.0,404.179,46.9315,120501.0,0.0,0.999934,0.420845
1200_dose_200_gradient_0_VconcST_0.04_Vconc_4_run_0.csv,1200.0,200.0,0,4.0,0.04,4.0,0,28.5,121910.0,396.169,47.4802,121910.0,0.0,0.999934,0.415991
1200_dose_200_gradient_0_VconcST_0.04_Vconc_4_run_0.csv,1200.0,200.0,0,4.0,0.04,4.0,0,28.75,123276.0,388.317,48.0123,123276.0,0.0,0.999935,0.411667
