filename,schedule,dose,gradient,vegf_level,VconcST,Vconc,run,hours,drug_tumour_nM,drug_gut_mgL,drug_blood_mgL,drug_blood_nM,vasc_score,vegfr_inhibition,dll4_average
5760_dose_850_gradient_0_VconcST_0_Vconc_0.9_run_2.csv,5760.0,850.0,0,0.9,0.0,0.9,2,0.0,0.0,0.0,0.0,0.0,0.0,0.0,0.0
5760_dose_850_gradient_0_VconcST_0_Vconc_0.9_run_2.csv,5760.0,850.0,0,0.9,0.0,0.9,2,0.25,0.0,0.0,0.0,0.0,0.0,0.0,2394.95
5760_dose_850_gradient_0_VconcST_0_Vconc_0.9_run_2.csv,5760.0,850.0,0,0.9,0.0,0.9,2,0.5,0.0,0.0,0.0,0.0,0.0,0.0,32.3503
5760_dose_850_gradient_0_VconcST_0_Vconc_0.9_run_2.csv,5760.0,850.0,0,0.9,0.0,0.9,2,0.75,0.0,0.0,0.0,0.0,0.0,0.0,2364.56
5760_dose_850_gradient_0_VconcST_0_Vconc_0.9_run_2.csv,5760.0,850.0,0,0.9,0.0,0.9,2,1.0,0.0,0.0,0.0,0.0,0.0,0.0,32.0222
5760_dose_850_gradient_0_VconcST_0_Vconc_0.9_run_2.csv,5760.0,850.0,0,0.9,0.0,0.9,2,1.25,0.0,0.0,0.0,0.0,0.0,0.0,2303.16
5760_dose_850_gradient_0_VconcST_0_Vconc_0.9_run_2.csv,5760.0,850.0,0,0.9,0.0,0.9,2,1.5,0.0,0.0,0.0,0.0,0.0,0.0,32.385
5760_dose_850_gradient_0_VconcST_0_Vconc_0.9_run_2.csv,5760.0,850.0,0,0.9,0.0,0.9,2,1.75,0.0,0.0,0.0,0.0,0.0,0.0,2372.32
5760_dose_850_gradient_0_VconcST_0_Vconc_0.9_run_2.csv,5760.0,850.0,0,0.9,0.0,0.9,2,2.0,0.0,0.0,0.0,0.0,0.0,0.0,32.4654
5760_dose_850_gradient_0_VconcST_0_Vconc_0.9_run_2.csv,5760.0,850.0,0,0.9,0.0,0.9,2,2.25,0.0,0.0,0.0,0.0,3.03819e-05,0.0,2314.24
5760_dose_850_gradient_0_VconcST_0_Vconc_0.9_run_2.csv,5760.0,850.0,0,0.9,0.0,0.9,2,2.5,0.0,0.0,0.0,0.0,0.0,0.0,34.0405
5760_dose_850_gradient_0_VconcST_0_Vconc_0.9_run_2.csv,5760.0,850.0,0,0.9,0.0,0.9,2,2.75,0.0,0.0,0.0,0.0,2.60417e-05,0.0,2279.95
5760_dose_850_gradient_0_VconcST_0_Vconc_0.9_run_2.csv,5760.0,850.0,0,0.9,0.0,0.9,2,3.0,0.0,0.0,0.0,0.0,0.0,0.0,33.5853
5760_dose_850_gradient_0_VconcST_0_Vconc_0.9_run_2.csv,5760.0,850.0,0,0.9,0.0,0.9,2,3.25,0.0,0.0,0.0,0.0,0.0015625,0.0,2317.04
5760_dose_850_gradient_0_VconcST_0_Vconc_0.9_run_2.csv,5760.0,850.0,0,0.9,0.0,0.9,2,3.5,0.0,0.0,0.0,0.0,0.0,0.0,33.9373
5760_dose_850_gradient_0_VconcST_0_Vconc_0.9_run_2.csv,5760.0,850.0,0,0.9,0.0,0.9,2,3.75,0.0,0.0,0.0,0.0,0.0,0.0,2221.08
5760_dose_850_gradient_0_VconcST_0_Vconc_0.9_run_2.csv,5760.0,850.0,0,0.9,0.0,0.9,2,4.0,0.0,0.0,0.0,0.0,0.0,0.0,34.9204
5760_dose_850_gradient_0_VconcST_0_Vconc_0.9_run_2.csv,5760.0,850.0,0,0.9,0.0,0.9,2,4.25,0.0,0.0,0.0,0.0,0.00241536,0.0,2262.3
5760_dose_850_gradient_0_VconcST_0_Vconc_0.9_run_2.csv,5760.0,850.0,0,0.9,0.0,0.9,2,4.5,0.0,0.0,0.0,0.0,0.0,0.0,38.1955
5760_dose_850_gradient_0_VconcST_0_Vconc_0.9_run_2.csv,5760.0,850.0,0,0.9,0.0,0.9,2,4.75,0.0,0.0,0.0,0.0,0.0,0.0,2164.5
5760_dose_850_gradient_0_VconcST_0_Vconc_0.9_run_2.csv,5760.0,850.0,0,0.9,0.0,0.9,2,5.0,0.0,0.0,0.0,0.0,0.0,0.0,38.769
5760_dose_850_gradient_0_VconcST_0_Vconc_0.9_run_2.csv,5760.0,850.0,0,0.9,0.0,0.9,2,5.25,0.0,0.0,0.0,0.0,0.0,0.0,2245.45
5760_dose_850_gradient_0_VconcST_0_Vconc_0.9_run_2.csv,5760.0,850.0,0,0.9,0.0,0.9,2,5.5,0.0,0.0,0.0,0.0,0.0,0.0,39.9064
5760_dose_850_gradient_0_VconcST_0_Vconc_0.9_run_2.csv,5760.0,850.0,0,0.9,0.0,0.9,2,5.75,0.0,0.0,0.0,0.0,0.00395833,0.0,2222.22
5760_dose_850_gradient_0_VconcST_0_Vconc_0.9_run_2.csv,5760.0,850.0,0,0.9,0.0,0.9,2,6.0,0.0,0.0,0.0,0.0,0.0,0.0,80.288
5760_dose_850_gradient_0_VconcST_0_Vconc_0.9_run_2.csv,5760.0,850.0,0,0.9,0.0,0.9,2,6.25,0.0,0.0,0.0,0.0,0.0,0.0,2119.43
5760_dose_850_gradient_0_VconcST_0_Vconc_0.9_run_2.csv,5760.0,850.0,0,0.9,0.0,0.9,2,6.5,0.0,0.0,0.0,0.0,0.0,0.0,76.6438
5760_dose_850_gradient_0_VconcST_0_Vconc_0.9_run_2.csv,5760.0,850.0,0,0.9,0.0,0.9,2,6.75,0.0,0.0,0.0,0.0,0.0,0.0,2097.82
5760_dose_850_gradient_0_VconcST_0_Vconc_0.9_run_2.csv,5760.0,850.0,0,0.9,0.0,0.9,2,7.0,0.0,0.0,0.0,0.0,0.0,0.0,131.867
5760_dose_850_gradient_0_VconcST_0_Vconc_0.9_run_2.csv,5760.0,850.0,0,0.9,0.0,0.9,2,7.25,0.0,0.0,0.0,0.0,0.0,0.0,2064.8
5760_dose_850_gradient_0_VconcST_0_Vconc_0.9_run_2.csv,5760.0,850.0,0,0.9,0.0,0.9,2,7.5,0.0,0.0,0.0,0.0,0.0,0.0,172.98
5760_dose_850_gradient_0_VconcST_0_Vconc_0.9_run_2.csv,5760.0,850.0,0,0.9,0.0,0.9,2,7.75,0.0,0.0,0.0,0.0,0.0,0.0,2027.2
5760_dose_850_gradient_0_VconcST_0_Vconc_0.9_run_2.csv,5760.0,850.0,0,0.9,0.0,0.9,2,8.0,0.0,0.0,0.0,0.0,0.0,0.0,234.376
5760_dose_850_gradient_0_VconcST_0_Vconc_0.9_run_2.csv,5760.0,850.0,0,0.9,0.0,0.9,2,8.25,0.0,0.0,0.0,0.0,0.0,0.0,1987.42
5760_dose_850_gradient_0_VconcST_0_Vconc_0.9_run_2.csv,5760.0,850.0,0,0.9,0.0,0.9,2,8.5,0.0,0.0,0.0,0.0,0.0,0.0,258.861
5760_dose_850_gradient_0_VconcST_0_Vconc_0.9_run_2.csv,5760.0,850.0,0,0.9,0.0,0.9,2,8.75,0.0,0.0,0.0,0.0,0.0,0.0,1840.83
5760_dose_850_gradient_0_VconcST_0_Vconc_0.9_run_2.csv,5760.0,850.0,0,0.9,0.0,0.9,2,9.0,0.0,0.0,0.0,0.0,0.0,0.0,361.494
5760_dose_850_gradient_0_VconcST_0_Vconc_0.9_run_2.csv,5760.0,850.0,0,0.9,0.0,0.9,2,9.25,0.0,0.0,0.0,0.0,0.0,0.0,1860.33
5760_dose_850_gradient_0_VconcST_0_Vconc_0.9_run_2.csv,5760.0,850.0,0,0.9,0.0,0.9,2,9.5,0.0,0.0,0.0,0.0,0.0,0.0,435.134
5760_dose_850_gradient_0_VconcST_0_Vconc_0.9_run_2.csv,5760.0,850.0,0,0.9,0.0,0.9,2,9.75,0.0,0.0,0.0,0.0,0.0,0.0,1840.92
5760_dose_850_gradient_0_VconcST_0_Vconc_0.9_run_2.csv,5760.0,850.0,0,0.9,0.0,0.9,2,10.0,0.0,0.0,0.0,0.0,0.0,0.0,487.504
5760_dose_850_gradient_0_VconcST_0_Vconc_0.9_run_2.csv,5760.0,850.0,0,0.9,0.0,0.9,2,10.25,0.0,0.0,0.0,0.0,0.0,0.0,1782.45
5760_dose_850_gradient_0_VconcST_0_Vconc_0.9_run_2.csv,5760.0,850.0,0,0.9,0.0,0.9,2,10.5,0.0,0.0,0.0,0.0,0.0,0.0,584.246
5760_dose_850_gradient_0_VconcST_0_Vconc_0.9_run_2.csv,5760.0,850.0,0,0.9,0.0,0.9,2,10.75,0.0,0.0,0.0,0.0,0.0059375,0.0,1789.58
5760_dose_850_gradient_0_VconcST_0_Vconc_0.9_run_2.csv,5760.0,850.0,0,0.9,0.0,0.9,2,11.0,0.0,0.0,0.0,0.0,0.0,0.0,797.471
5760_dose_850_gradient_0_VconcST_0_Vconc_0.9_run_2.csv,5760.0,850.0,0,0.9,0.0,0.9,2,11.25,0.0,0.0,0.0,0.0,0.0,0.0,1558.29
5760_dose_850_gradient_0_VconcST_0_Vconc_0.9_run_2.csv,5760.0,850.0,0,0.9,0.0,0.9,2,11.5,0.0,0.0,0.0,0.0,0.0,0.0,984.835
5760_dose_850_gradient_0_VconcST_0_Vconc_0.9_run_2.csv,5760.0,850.0,0,0.9,0.0,0.9,2,11.75,0.0,0.0,0.0,0.0,0.0216016,0.0,1764.51
5760_dose_850_gradient_0_VconcST_0_Vconc_0.9_run_2.csv,5760.0,850.0,0,0.9,0.0,0.9,2,12.0,0.0,0.0,0.0,0.0,0.00598958,0.0,1609.75
5760_dose_850_gradient_0_VconcST_0_Vconc_0.9_run_2.csv,5760.0,850.0,0,0.9,0.0,0.9,2,12.25,0.0,0.0,0.0,0.0,0.0601562,0.0,2432.16
5760_dose_850_gradient_0_VconcST_0_Vconc_0.9_run_2.csv,5760.0,850.0,0,0.9,0.0,0.9,2,12.5,0.0,0.0,0.0,0.0,0.143316,0.0,2487.0
5760_dose_850_gradient_0_VconcST_0_Vconc_0.9_run_2.csv,5760.0,850.0,0,0.9,0.0,0.9,2,12.75,0.0,0.0,0.0,0.0,0.256467,0.0,2515.98
5760_dose_850_gradient_0_VconcST_0_Vconc_0.9_run_2.csv,5760.0,850.0,0,0.9,0.0,0.9,2,13.0,0.0,0.0,0.0,0.0,0.377604,0.0,2513.95
5760_dose_850_gradient_0_VconcST_0_Vconc_0.9_run_2.csv,5760.0,850.0,0,0.9,0.0,0.9,2,13.25,0.0,0.0,0.0,0.0,0.548958,0.0,2540.64
5760_dose_850_gradient_0_VconcST_0_Vconc_0.9_run_2.csv,5760.0,850.0,0,0.9,0.0,0.9,2,13.5,0.0,0.0,0.0,0.0,0.736306,0.0,2518.75
5760_dose_850_gradient_0_VconcST_0_Vconc_0.9_run_2.csv,5760.0,850.0,0,0.9,0.0,0.9,2,13.75,0.0,0.0,0.0,0.0,0.895833,0.0,2564.09
5760_dose_850_gradient_0_VconcST_0_Vconc_0.9_run_2.csv,5760.0,850.0,0,0.9,0.0,0.9,2,14.0,0.0,0.0,0.0,0.0,1.0,0.0,2516.9
5760_dose_850_gradient_0_VconcST_0_Vconc_0.9_run_2.csv,5760.0,850.0,0,0.9,0.0,0.9,2,14.25,0.0,0.0,0.0,0.0,1.0,0.0,2484.66
5760_dose_850_gradient_0_VconcST_0_Vconc_0.9_run_2.csv,5760.0,850.0,0,0.9,0.0,0.9,2,14.5,0.0,0.0,0.0,0.0,1.0,0.0,2623.47
5760_dose_850_gradient_0_VconcST_0_Vconc_0.9_run_2.csv,5760.0,850.0,0,0.9,0.0,0.9,2,14.75,0.0,0.0,0.0,0.0,1.0,0.0,2474.72
5760_dose_850_gradient_0_VconcST_0_Vconc_0.9_run_2.csv,5760.0,850.0,0,0.9,0.0,0.9,2,15.0,0.0,0.0,0.0,0.0,1.0,0.0,2545.9
5760_dose_850_gradient_0_VconcST_0_Vconc_0.9_run_2.csv,5760.0,850.0,0,0.9,0.0,0.9,2,15.25,0.0,0.0,0.0,0.0,1.0,0.0,2500.5
5760_dose_850_gradient_0_VconcST_0_Vconc_0.9_run_2.csv,5760.0,850.0,0,0.9,0.0,0.9,2,15.5,0.0,0.0,0.0,0.0,1.0,0.0,2481.3
5760_dose_850_gradient_0_VconcST_0_Vconc_0.9_run_2.csv,5760.0,850.0,0,0.9,0.0,0.9,2,15.75,0.0,0.0,0.0,0.0,1.0,0.0,2585.1
5760_dose_850_gradient_0_VconcST_0_Vconc_0.9_run_2.csv,5760.0,850.0,0,0.9,0.0,0.9,2,16.0,0.0,0.0,0.0,0.0,1.0,0.0,2466.8
5760_dose_850_gradient_0_VconcST_0_Vconc_0.9_run_2.csv,5760.0,850.0,0,0.9,0.0,0.9,2,16.25,0.0,0.0,0.0,0.0,1.0,0.0,2480.1
5760_dose_850_gradient_0_VconcST_0_Vconc_0.9_run_2.csv,5760.0,850.0,0,0.9,0.0,0.9,2,16.5,0.0,0.0,0.0,0.0,1.0,0.0,2518.67
5760_dose_850_gradient_0_VconcST_0_Vconc_0.9_run_2.csv,5760.0,850.0,0,0.9,0.0,0.9,2,16.75,0.0,0.0,0.0,0.0,1.0,0.0,2529.02
5760_dose_850_gradient_0_VconcST_0_Vconc_0.9_run_2.csv,5760.0,850.0,0,0.9,0.0,0.9,2,17.0,0.0,0.0,0.0,0.0,1.0,0.0,2496.26
5760_dose_850_gradient_0_VconcST_0_Vconc_0.9_run_2.csv,5760.0,850.0,0,0.9,0.0,0.9,2,17.25,0.0,0.0,0.0,0.0,1.0,0.0,2487.73
5760_dose_850_gradient_0_VconcST_0_Vconc_0.9_run_2.csv,5760.0,850.0,0,0.9,0.0,0.9,2,17.5,0.0,0.0,0.0,0.0,1.0,0.0,2490.12
5760_dose_850_gradient_0_VconcST_0_Vconc_0.9_run_2.csv,5760.0,850.0,0,0.9,0.0,0.9,2,17.75,0.0,0.0,0.0,0.0,1.0,0.0,2539.73
5760_dose_850_gradient_0_VconcST_0_Vconc_0.9_run_2.csv,5760.0,850.0,0,0.9,0.0,0.9,2,18.0,0.0,0.0,0.0,0.0,1.0,0.0,2483.91
5760_dose_850_gradient_0_VconcST_0_Vconc_0.9_run_2.csv,5760.0,850.0,0,0.9,0.0,0.9,2,18.25,0.0,0.0,0.0,0.0,1.0,0.0,2540.74
5760_dose_850_gradient_0_VconcST_0_Vconc_0.9_run_2.csv,5760.0,850.0,0,0.9,0.0,0.9,2,18.5,0.0,0.0,0.0,0.0,1.0,0.0,2536.91
5760_dose_850_gradient_0_VconcST_0_Vconc_0.9_run_2.csv,5760.0,850.0,0,0.9,0.0,0.9,2,18.75,0.0,0.0,0.0,0.0,1.0,0.0,2433.9
5760_dose_850_gradient_0_VconcST_0_Vconc_0.9_run_2.csv,5760.0,850.0,0,0.9,0.0,0.9,2,19.0,0.0,0.0,0.0,0.0,1.0,0.0,2475.31
5760_dose_850_gradient_0_VconcST_0_Vconc_0.9_run_2.csv,5760.0,850.0,0,0.9,0.0,0.9,2,19.25,0.0,0.0,0.0,0.0,1.0,0.0,2525.9
5760_dose_850_gradient_0_VconcST_0_Vconc_0.9_run_2.csv,5760.0,850.0,0,0.9,0.0,0.9,2,19.5,0.0,0.0,0.0,0.0,1.0,0.0,2469.61
5760_dose_850_gradient_0_VconcST_0_Vconc_0.9_run_2.csv,5760.0,850.0,0,0.9,0.0,0.9,2,19.75,0.0,0.0,0.0,0.0,1.0,0.0,2488.15
5760_dose_850_gradient_0_VconcST_0_Vconc_0.9_run_2.csv,5760.0,850.0,0,0.9,0.0,0.9,2,20.0,0.0,0.0,0.0,0.0,1.0,0.0,2464.44
5760_dose_850_gradient_0_VconcST_0_Vconc_0.9_run_2.csv,5760.0,850.0,0,0.9,0.0,0.9,2,20.25,0.0,0.0,0.0,0.0,1.0,0.0,2519.22
5760_dose_850_gradient_0_VconcST_0_Vconc_0.9_run_2.csv,5760.0,850.0,0,0.9,0.0,0.9,2,20.5,0.0,0.0,0.0,0.0,1.0,0.0,2472.74
5760_dose_850_gradient_0_VconcST_0_Vconc_0.9_run_2.csv,5760.0,850.0,0,0.9,0.0,0.9,2,20.75,0.0,0.0,0.0,0.0,1.0,0.0,2499.94
5760_dose_850_gradient_0_VconcST_0_Vconc_0.9_run_2.csv,5760.0,850.0,0,0.9,0.0,0.9,2,21.0,0.0,0.0,0.0,0.0,1.0,0.0,2399.07
5760_dose_850_gradient_0_VconcST_0_Vconc_0.9_run_2.csv,5760.0,850.0,0,0.9,0.0,0.9,2,21.25,0.0,0.0,0.0,0.0,1.0,0.0,2534.16
5760_dose_850_gradient_0_VconcST_0_Vconc_0.9_run_2.csv,5760.0,850.0,0,0.9,0.0,0.9,2,21.5,0.0,0.0,0.0,0.0,1.0,0.0,2469.04
5760_dose_850_gradient_0_VconcST_0_Vconc_0.9_run_2.csv,5760.0,850.0,0,0.9,0.0,0.9,2,21.75,0.0,0.0,0.0,0.0,1.0,0.0,2488.69
5760_dose_850_gradient_0_VconcST_0_Vconc_0.9_run_2.csv,5760.0,850.0,0,0.9,0.0,0.9,2,22.0,0.0,0.0,0.0,0.0,1.0,0.0,2505.16
5760_dose_850_gradient_0_VconcST_0_Vconc_0.9_run_2.csv,5760.0,850.0,0,0.9,0.0,0.9,2,22.25,0.0,0.0,0.0,0.0,1.0,0.0,2476.6
5760_dose_850_gradient_0_VconcST_0_Vconc_0.9_run_2.csv,5760.0,850.0,0,0.9,0.0,0.9,2,22.5,0.0,0.0,0.0,0.0,1.0,0.0,2502.51
5760_dose_850_gradient_0_VconcST_0_Vconc_0.9_run_2.csv,5760.0,850.0,0,0.9,0.0,0.9,2,22.75,0.0,0.0,0.0,0.0,1.0,0.0,2462.72
5760_dose_850_gradient_0_VconcST_0_Vconc_0.9_run_2.csv,5760.0,850.0,0,0.9,0.0,0.9,2,23.0,0.0,0.0,0.0,0.0,1.0,0.0,2465.1
5760_dose_850_gradient_0_VconcST_0_Vconc_0.9_run_2.csv,5760.0,850.0,0,0.9,0.0,0.9,2,23.25,0.0,0.0,0.0,0.0,1.0,0.0,2453.68
5760_dose_850_gradient_0_VconcST_0_Vconc_0.9_run_2.csv,5760.0,850.0,0,0.9,0.0,0.9,2,23.5,0.0,0.0,0.0,0.0,1.0,0.0,2498.8
5760_dose_850_gradient_0_VconcST_0_Vconc_0.9_run_2.csv,5760.0,850.0,0,0.9,0.0,0.9,2,23.75,0.0,0.0,0.0,0.0,1.0,0.0,2506.89
5760_dose_850_gradient_0_VconcST_0_Vconc_0.9_run_2.csv,5760.0,850.0,0,0.9,0.0,0.9,2,24.0,56.8541,850.0,0.0221429,56.8541,1.0,0.0,2583.39
5760_dose_850_gradient_0_VconcST_0_Vconc_0.9_run_2.csv,5760.0,850.0,0,0.9,0.0,0.9,2,24.25,3431.91,835.508,1.33662,3431.91,0.0,0.999941,0.0813507
5760_dose_850_gradient_0_VconcST_0_Vconc_0.9_run_2.csv,5760.0,850.0,0,0.9,0.0,0.9,2,24.5,6736.63,821.264,2.62371,6736.63,0.0,0.99997,0.055336
5760_dose_850_gradient_0_VconcST_0_Vconc_0.9_run_2.csv,5760.0,850.0,0,0.9,0.0,0.9,2,24.75,9972.25,807.263,3.88388,9972.25,0.0,0.99998,0.033871
5760_dose_850_gradient_0_VconcST_0_Vconc_0.9_run_2.csv,5760.0,850.0,0,0.9,0.0,0.9,2,25.0,13140.0,793.5,5.11763,13140.0,0.0,0.999985,0.0245962
5760_dose_850_gradient_0_VconcST_0_Vconc_0.9_run_2.csv,5760.0,850.0,0,0.9,0.0,0.9,2,25.25,16241.1,779.971,6.32541,16241.1,0.0,0.999988,0.0193823
5760_dose_850_gradient_0_VconcST_0_Vconc_0.9_run_2.csv,5760.0,850.0,0,0.9,0.0,0.9,2,25.5,19276.7,766.674,7.50769,19276.7,0.0,0.99999,0.0159612
5760_dose_850_gradient_0_VconcST_0_Vconc_0.9_run_2.csv,5760.0,850.0,0,0.9,0.0,0.9,2,25.75,22248.0,753.603,8.66492,22248.0,0.0,0.999991,0.0136742
5760_dose_850_gradient_0_VconcST_0_Vconc_0.9_run_2.csv,5760.0,850.0,0,0.9,0.0,0.9,2,26.0,25156.1,740.755,9.79754,25156.1,0.0,0.999992,0.0120184
5760_dose_850_gradient_0_VconcST_0_Vconc_0.9_run_2.csv,5760.0,850.0,0,0.9,0.0,0.9,2,26.25,28002.2,728.126,10.906,28002.2,0.0,0.999993,0.0106167
5760_dose_850_gradient_0_VconcST_0_Vconc_0.9_run_2.csv,5760.0,850.0,0,0.9,0.0,0.9,2,26.5,30787.4,715.712,11.9907,30787.4,0.0,0.999994,0.00960252
5760_dose_850_gradient_0_VconcST_0_Vconc_0.9_run_2.csv,5760.0,850.0,0,0.9,0.0,0.9,2,26.75,33512.7,703.51,13.0521,33512.7,0.0,0.999994,0.00884358
5760_dose_850_gradient_0_VconcST_0_Vconc_0.9_run_2.csv,5760.0,850.0,0,0.9,0.0,0.9,2,27.0,36179.2,691.516,14.0907,36179.2,0.0,0.999995,0.00814215
5760_dose_850_gradient_0_VconcST_0_Vconc_0.9_run_2.csv,5760.0,850.0,0,0.9,0.0,0.9,2,27.25,38787.9,679.726,15.1067,38787.9,0.0,0.999995,0.00756122
5760_dose_850_gradient_0_VconcST_0_Vconc_0.9_run_2.csv,5760.0,850.0,0,0.9,0.0,0.9,2,27.5,41340.0,668.138,16.1006,41340.0,0.0,0.999995,0.00705097
5760_dose_850_gradient_0_VconcST_0_Vconc_0.9_run_2.csv,5760.0,850.0,0,0.9,0.0,0.9,2,27.75,43836.3,656.747,17.0729,43836.3,0.0,0.999995,0.00662831
5760_dose_850_gradient_0_VconcST_0_Vconc_0.9_run_2.csv,5760.0,850.0,0,0.9,0.0,0.9,2,28.0,46278.0,645.55,18.0238,46278.0,0.0,0.999996,0.00627935
5760_dose_850_gradient_0_VconcST_0_Vconc_0.9_run_2.csv,5760.0,850.0,0,0.9,0.0,0.9,2,28.25,48665.9,634.544,18.9539,48665.9,0.0,0.999996,0.00593701
5760_dose_850_gradient_0_VconcST_0_Vconc_0.9_run_2.csv,5760.0,850.0,0,0.9,0.0,0.9,2,28.5,51001.1,623.726,19.8634,51001.1,0.0,0.999996,0.00570593
5760_dose_850_gradient_0_VconcST_0_Vconc_0.9_run_2.csv,5760.0,850.0,0,0.9,0.0,0.9,2,28.75,53284.5,613.093,20.7527,53284.5,0.0,0.999996,0.00542812
5760_dose_850_gradient_0_VconcST_0_Vconc_0.9_run_2.csv,5760.0,850.0,0,0.9,0.0,0.9,2,29.0,55517.0,602.64,21.6222,55517.0,0.0,0.999996,0.00518511
5760_dose_850_gradient_0_VconcST_0_Vconc_0.9_run_2.csv,5760.0,850.0,0,0.9,0.0,0.9,2,29.25,57699.5,592.366,22.4722,57699.5,0.0,0.999997,0.00501162
5760_dose_850_gradient_0_VconcST_0_Vconc_0.9_run_2.csv,5760.0,850.0,0,0.9,0.0,0.9,2,29.5,59833.0,582.267,23.3031,59833.0,0.0,0.999997,0.00483442
5760_dose_850_gradient_0_VconcST_0_Vconc_0.9_run_2.csv,5760.0,850.0,0,0.9,0.0,0.9,2,29.75,61918.2,572.34,24.1152,61918.2,0.0,0.999997,0.00466479
5760_dose_850_gradient_0_VconcST_0_Vconc_0.9_run_2.csv,5760.0,850.0,0,0.9,0.0,0.9,2,30.0,63956.1,562.582,24.9089,63956.1,0.0,0.999997,0.00450194
5760_dose_850_gradient_0_VconcST_0_Vconc_0.9_run_2.csv,5760.0,850.0,0,0.9,0.0,0.9,2,30.25,65947.6,552.991,25.6845,65947.6,0.0,0.999997,0.00432765
5760_dose_850_gradient_0_VconcST_0_Vconc_0.9_run_2.csv,5760.0,850.0,0,0.9,0.0,0.9,2,30.5,67893.4,543.563,26.4424,67893.4,0.0,0.999997,0.00433297
5760_dose_850_gradient_0_VconcST_0_Vconc_0.9_run_2.csv,5760.0,850.0,0,0.9,0.0,0.9,2,30.75,69794.4,534.296,27.1827,69794.4,0.0,0.999997,0.00415591
5760_dose_850_gradient_0_VconcST_0_Vconc_0.9_run_2.csv,5760.0,850.0,0,0.9,0.0,0.9,2,31.0,71651.4,525.187,27.906,71651.4,0.0,0.999997,0.00407108
5760_dose_850_gradient_0_VconcST_0_Vconc_0.9_run_2.csv,5760.0,850.0,0,0.9,0.0,0.9,2,31.25,73465.2,516.233,28.6124,73465.2,0.0,0.999997,0.00398628
5760_dose_850_gradient_0_VconcST_0_Vconc_0.9_run_2.csv,5760.0,850.0,0,0.9,0.0,0.9,2,31.5,75236.4,507.432,29.3023,75236.4,0.0,0.999997,0.00391064
5760_dose_850_gradient_0_VconcST_0_Vconc_0.9_run_2.csv,5760.0,850.0,0,0.9,0.0,0.9,2,31.75,76966.1,498.781,29.9759,76966.1,0.0,0.999997,0.00382174
5760_dose_850_gradient_0_VconcST_0_Vconc_0.9_run_2.csv,5760.0,850.0,0,0.9,0.0,0.9,2,32.0,78654.9,490.277,30.6336,78654.9,0.0,0.999997,0.00374114
5760_dose_850_gradient_0_VconcST_0_Vconc_0.9_run_2.csv,5760.0,850.0,0,0.9,0.0,0.9,2,32.25,80303.5,481.918,31.2757,80303.5,0.0,0.999997,0.00365034
5760_dose_850_gradient_0_VconcST_0_Vconc_0.9_run_2.csv,5760.0,850.0,0,0.9,0.0,0.9,2,32.5,81912.7,473.702,31.9024,81912.7,0.0,0.999997,0.00356735
5760_dose_850_gradient_0_VconcST_0_Vconc_0.9_run_2.csv,5760.0,850.0,0,0.9,0.0,0.9,2,32.75,83483.1,465.626,32.5141,83483.1,0.0,0.999998,0.00347739
5760_dose_850_gradient_0_VconcST_0_Vconc_0.9_run_2.csv,5760.0,850.0,0,0.9,0.0,0.9,2,33.0,85015.5,457.688,33.1109,85015.5,0.0,0.999998,0.00339603
5760_dose_850_gradient_0_VconcST_0_Vconc_0.9_run_2.csv,5760.0,850.0,0,0.9,0.0,0.9,2,33.25,86510.6,449.885,33.6932,86510.6,0.0,0.999998,0.0033977
5760_dose_850_gradient_0_VconcST_0_Vconc_0.9_run_2.csv,5760.0,850.0,0,0.9,0.0,0.9,2,33.5,87969.0,442.215,34.2612,87969.0,0.0,0.999998,0.00330776
5760_dose_850_gradient_0_VconcST_0_Vconc_0.9_run_2.csv,5760.0,850.0,0,0.9,0.0,0.9,2,33.75,89391.4,434.676,34.8152,89391.4,0.0,0.999998,0.00322294
5760_dose_850_gradient_0_VconcST_0_Vconc_0.9_run_2.csv,5760.0,850.0,0,0.9,0.0,0.9,2,34.0,90778.5,427.265,35.3554,90778.5,0.0,0.999998,0.00322543
5760_dose_850_gradient_0_VconcST_0_Vconc_0.9_run_2.csv,5760.0,850.0,0,0.9,0.0,0.9,2,34.25,92130.9,419.981,35.8821,92130.9,0.0,0.999998,0.00313814
5760_dose_850_gradient_0_VconcST_0_Vconc_0.9_run_2.csv,5760.0,850.0,0,0.9,0.0,0.9,2,34.5,93449.3,412.82,36.3956,93449.3,0.0,0.999998,0.00313814
5760_dose_850_gradient_0_VconcST_0_Vconc_0.9_run_2.csv,5760.0,850.0,0,0.9,0.0,0.9,2,34.75,94734.2,405.782,36.896,94734.2,0.0,0.999998,0.00305825
5760_dose_850_gradient_0_VconcST_0_Vconc_0.9_run_2.csv,5760.0,850.0,0,0.9,0.0,0.9,2,35.0,95986.3,398.864,37.3837,95986.3,0.0,0.999998,0.00305729
5760_dose_850_gradient_0_VconcST_0_Vconc_0.9_run_2.csv,5760.0,850.0,0,0.9,0.0,0.9,2,35.25,97206.2,392.064,37.8588,97206.2,0.0,0.999998,0.00297205
5760_dose_850_gradient_0_VconcST_0_Vconc_0.9_run_2.csv,5760.0,850.0,0,0.9,0.0,0.9,2,35.5,98394.4,385.38,38.3216,98394.4,0.0,0.999998,0.00297059
5760_dose_850_gradient_0_VconcST_0_Vconc_0.9_run_2.csv,5760.0,850.0,0,0.9,0.0,0.9,2,35.75,99551.6,378.81,38.7723,99551.6,0.0,0.999998,0.00289098
5760_dose_850_gradient_0_VconcST_0_Vconc_0.9_run_2.csv,5760.0,850.0,0,0.9,0.0,0.9,2,36.0,100678.0,372.352,39.2111,100678.0,0.0,0.999998,0.00288825
5760_dose_850_gradient_0_VconcST_0_Vconc_0.9_run_2.csv,5760.0,850.0,0,0.9,0.0,0.9,2,36.25,101775.0,366.004,39.6383,101775.0,0.0,0.999998,0.00288419
5760_dose_850_gradient_0_VconcST_0_Vconc_0.9_run_2.csv,5760.0,850.0,0,0.9,0.0,0.9,2,36.5,102843.0,359.764,40.054,102843.0,0.0,0.999998,0.0028028
5760_dose_850_gradient_0_VconcST_0_Vconc_0.9_run_2.csv,5760.0,850.0,0,0.9,0.0,0.9,2,36.75,103881.0,353.63,40.4585,103881.0,0.0,0.999998,0.00280113
5760_dose_850_gradient_0_VconcST_0_Vconc_0.9_run_2.csv,5760.0,850.0,0,0.9,0.0,0.9,2,37.0,104892.0,347.601,40.852,104892.0,0.0,0.999998,0.0028031
5760_dose_850_gradient_0_VconcST_0_Vconc_0.9_run_2.csv,5760.0,850.0,0,0.9,0.0,0.9,2,37.25,105874.0,341.675,41.2347,105874.0,0.0,0.999998,0.00271989
5760_dose_850_gradient_0_VconcST_0_Vconc_0.9_run_2.csv,5760.0,850.0,0,0.9,0.0,0.9,2,37.5,106829.0,335.85,41.6068,106829.0,0.0,0.999998,0.0027154
5760_dose_850_gradient_0_VconcST_0_Vconc_0.9_run_2.csv,5760.0,850.0,0,0.9,0.0,0.9,2,37.75,107758.0,330.124,41.9684,107758.0,0.0,0.999998,0.00271407
5760_dose_850_gradient_0_VconcST_0_Vconc_0.9_run_2.csv,5760.0,850.0,0,0.9,0.0,0.9,2,38.0,108660.0,324.496,42.3198,108660.0,0.0,0.999998,0.00263082
5760_dose_850_gradient_0_VconcST_0_Vconc_0.9_run_2.csv,5760.0,850.0,0,0.9,0.0,0.9,2,38.25,109537.0,318.964,42.6612,109537.0,0.0,0.999998,0.0026335
5760_dose_850_gradient_0_VconcST_0_Vconc_0.9_run_2.csv,5760.0,850.0,0,0.9,0.0,0.9,2,38.5,110388.0,313.526,42.9927,110388.0,0.0,0.999998,0.00262925
5760_dose_850_gradient_0_VconcST_0_Vconc_0.9_run_2.csv,5760.0,850.0,0,0.9,0.0,0.9,2,38.75,111214.0,308.181,43.3146,111214.0,0.0,0.999998,0.00263184
5760_dose_850_gradient_0_VconcST_0_Vconc_0.9_run_2.csv,5760.0,850.0,0,0.9,0.0,0.9,2,39.0,112016.0,302.926,43.627,112016.0,0.0,0.999998,0.00263073
5760_dose_850_gradient_0_VconcST_0_Vconc_0.9_run_2.csv,5760.0,850.0,0,0.9,0.0,0.9,2,39.25,112795.0,297.762,43.93,112795.0,0.0,0.999998,0.00254908
5760_dose_850_gradient_0_VconcST_0_Vconc_0.9_run_2.csv,5760.0,850.0,0,0.9,0.0,0.9,2,39.5,113549.0,292.685,44.2239,113549.0,0.0,0.999998,0.00254443
5760_dose_850_gradient_0_VconcST_0_Vconc_0.9_run_2.csv,5760.0,850.0,0,0.9,0.0,0.9,2,39.75,114281.0,287.695,44.5089,114281.0,0.0,0.999998,0.00254622
5760_dose_850_gradient_0_VconcST_0_Vconc_0.9_run_2.csv,5760.0,850.0,0,0.9,0.0,0.9,2,40.0,114990.0,282.791,44.7851,114990.0,0.0,0.999998,0.00255167
5760_dose_850_gradient_0_VconcST_0_Vconc_0.9_run_2.csv,5760.0,850.0,0,0.9,0.0,0.9,2,40.25,115677.0,277.969,45.0526,115677.0,0.0,0.999998,0.00254756
5760_dose_850_gradient_0_VconcST_0_Vconc_0.9_run_2.csv,5760.0,850.0,0,0.9,0.0,0.9,2,40.5,116342.0,273.23,45.3116,116342.0,0.0,0.999998,0.00246558
5760_dose_850_gradient_0_VconcST_0_Vconc_0.9_run_2.csv,5760.0,850.0,0,0.9,0.0,0.9,2,40.75,116986.0,268.572,45.5624,116986.0,0.0,0.999998,0.00246644
5760_dose_850_gradient_0_VconcST_0_Vconc_0.9_run_2.csv,5760.0,850.0,0,0.9,0.0,0.9,2,41.0,117609.0,263.993,45.805,117609.0,0.0,0.999998,0.00245961
5760_dose_850_gradient_0_VconcST_0_Vconc_0.9_run_2.csv,5760.0,850.0,0,0.9,0.0,0.9,2,41.25,118211.0,259.492,46.0396,118211.0,0.0,0.999998,0.0024648
5760_dose_850_gradient_0_VconcST_0_Vconc_0.9_run_2.csv,5760.0,850.0,0,0.9,0.0,0.9,2,41.5,118793.0,255.068,46.2663,118793.0,0.0,0.999998,0.00246264
5760_dose_850_gradient_0_VconcST_0_Vconc_0.9_run_0.csv,5760.0,850.0,0,0.9,0.0,0.9,0,0.0,0.0,0.0,0.0,0.0,0.0,0.0,0.0
5760_dose_850_gradient_0_VconcST_0_Vconc_0.9_run_0.csv,5760.0,850.0,0,0.9,0.0,0.9,0,0.25,0.0,0.0,0.0,0.0,0.0,0.0,2346.5
5760_dose_850_gradient_0_VconcST_0_Vconc_0.9_run_0.csv,5760.0,850.0,0,0.9,0.0,0.9,0,0.5,0.0,0.0,0.0,0.0,0.0,0.0,32.1982
5760_dose_850_gradient_0_VconcST_0_Vconc_0.9_run_0.csv,5760.0,850.0,0,0.9,0.0,0.9,0,0.75,0.0,0.0,0.0,0.0,0.0,0.0,2330.45
5760_dose_850_gradient_0_VconcST_0_Vconc_0.9_run_0.csv,5760.0,850.0,0,0.9,0.0,0.9,0,1.0,0.0,0.0,0.0,0.0,0.0,0.0,32.2514
5760_dose_850_gradient_0_VconcST_0_Vconc_0.9_run_0.csv,5760.0,850.0,0,0.9,0.0,0.9,0,1.25,0.0,0.0,0.0,0.0,0.0,0.0,2345.15
5760_dose_850_gradient_0_VconcST_0_Vconc_0.9_run_0.csv,5760.0,850.0,0,0.9,0.0,0.9,0,1.5,0.0,0.0,0.0,0.0,0.0,0.0,32.6924
5760_dose_850_gradient_0_VconcST_0_Vconc_0.9_run_0.csv,5760.0,850.0,0,0.9,0.0,0.9,0,1.75,0.0,0.0,0.0,0.0,0.0,0.0,2394.16
5760_dose_850_gradient_0_VconcST_0_Vconc_0.9_run_0.csv,5760.0,850.0,0,0.9,0.0,0.9,0,2.0,0.0,0.0,0.0,0.0,0.0,0.0,33.5962
5760_dose_850_gradient_0_VconcST_0_Vconc_0.9_run_0.csv,5760.0,850.0,0,0.9,0.0,0.9,0,2.25,0.0,0.0,0.0,0.0,0.0,0.0,2231.3
5760_dose_850_gradient_0_VconcST_0_Vconc_0.9_run_0.csv,5760.0,850.0,0,0.9,0.0,0.9,0,2.5,0.0,0.0,0.0,0.0,0.0,0.0,32.6359
5760_dose_850_gradient_0_VconcST_0_Vconc_0.9_run_0.csv,5760.0,850.0,0,0.9,0.0,0.9,0,2.75,0.0,0.0,0.0,0.0,0.0,0.0,2338.11
5760_dose_850_gradient_0_VconcST_0_Vconc_0.9_run_0.csv,5760.0,850.0,0,0.9,0.0,0.9,0,3.0,0.0,0.0,0.0,0.0,0.0,0.0,33.3073
5760_dose_850_gradient_0_VconcST_0_Vconc_0.9_run_0.csv,5760.0,850.0,0,0.9,0.0,0.9,0,3.25,0.0,0.0,0.0,0.0,6.51042e-06,0.0,2318.2
5760_dose_850_gradient_0_VconcST_0_Vconc_0.9_run_0.csv,5760.0,850.0,0,0.9,0.0,0.9,0,3.5,0.0,0.0,0.0,0.0,0.0,0.0,33.8417
5760_dose_850_gradient_0_VconcST_0_Vconc_0.9_run_0.csv,5760.0,850.0,0,0.9,0.0,0.9,0,3.75,0.0,0.0,0.0,0.0,0.0,0.0,2171.94
5760_dose_850_gradient_0_VconcST_0_Vconc_0.9_run_0.csv,5760.0,850.0,0,0.9,0.0,0.9,0,4.0,0.0,0.0,0.0,0.0,0.0,0.0,34.1089
5760_dose_850_gradient_0_VconcST_0_Vconc_0.9_run_0.csv,5760.0,850.0,0,0.9,0.0,0.9,0,4.25,0.0,0.0,0.0,0.0,0.0,0.0,2220.02
5760_dose_850_gradient_0_VconcST_0_Vconc_0.9_run_0.csv,5760.0,850.0,0,0.9,0.0,0.9,0,4.5,0.0,0.0,0.0,0.0,0.0,0.0,36.0523
5760_dose_850_gradient_0_VconcST_0_Vconc_0.9_run_0.csv,5760.0,850.0,0,0.9,0.0,0.9,0,4.75,0.0,0.0,0.0,0.0,0.000564236,0.0,2234.24
5760_dose_850_gradient_0_VconcST_0_Vconc_0.9_run_0.csv,5760.0,850.0,0,0.9,0.0,0.9,0,5.0,0.0,0.0,0.0,0.0,0.0,0.0,38.794
5760_dose_850_gradient_0_VconcST_0_Vconc_0.9_run_0.csv,5760.0,850.0,0,0.9,0.0,0.9,0,5.25,0.0,0.0,0.0,0.0,0.0,0.0,2242.12
5760_dose_850_gradient_0_VconcST_0_Vconc_0.9_run_0.csv,5760.0,850.0,0,0.9,0.0,0.9,0,5.5,0.0,0.0,0.0,0.0,0.0,0.0,36.3781
5760_dose_850_gradient_0_VconcST_0_Vconc_0.9_run_0.csv,5760.0,850.0,0,0.9,0.0,0.9,0,5.75,0.0,0.0,0.0,0.0,0.0,0.0,2159.92
5760_dose_850_gradient_0_VconcST_0_Vconc_0.9_run_0.csv,5760.0,850.0,0,0.9,0.0,0.9,0,6.0,0.0,0.0,0.0,0.0,0.0,0.0,37.9511
5760_dose_850_gradient_0_VconcST_0_Vconc_0.9_run_0.csv,5760.0,850.0,0,0.9,0.0,0.9,0,6.25,0.0,0.0,0.0,0.0,0.0,0.0,2186.13
5760_dose_850_gradient_0_VconcST_0_Vconc_0.9_run_0.csv,5760.0,850.0,0,0.9,0.0,0.9,0,6.5,0.0,0.0,0.0,0.0,0.0,0.0,39.0906
5760_dose_850_gradient_0_VconcST_0_Vconc_0.9_run_0.csv,5760.0,850.0,0,0.9,0.0,0.9,0,6.75,0.0,0.0,0.0,0.0,0.0,0.0,2187.68
5760_dose_850_gradient_0_VconcST_0_Vconc_0.9_run_0.csv,5760.0,850.0,0,0.9,0.0,0.9,0,7.0,0.0,0.0,0.0,0.0,0.0,0.0,42.3711
5760_dose_850_gradient_0_VconcST_0_Vconc_0.9_run_0.csv,5760.0,850.0,0,0.9,0.0,0.9,0,7.25,0.0,0.0,0.0,0.0,0.0,0.0,2215.55
5760_dose_850_gradient_0_VconcST_0_Vconc_0.9_run_0.csv,5760.0,850.0,0,0.9,0.0,0.9,0,7.5,0.0,0.0,0.0,0.0,0.0,0.0,42.2864
5760_dose_850_gradient_0_VconcST_0_Vconc_0.9_run_0.csv,5760.0,850.0,0,0.9,0.0,0.9,0,7.75,0.0,0.0,0.0,0.0,0.0,0.0,2189.38
5760_dose_850_gradient_0_VconcST_0_Vconc_0.9_run_0.csv,5760.0,850.0,0,0.9,0.0,0.9,0,8.0,0.0,0.0,0.0,0.0,0.0,0.0,44.9271
5760_dose_850_gradient_0_VconcST_0_Vconc_0.9_run_0.csv,5760.0,850.0,0,0.9,0.0,0.9,0,8.25,0.0,0.0,0.0,0.0,0.0,0.0,2114.21
5760_dose_850_gradient_0_VconcST_0_Vconc_0.9_run_0.csv,5760.0,850.0,0,0.9,0.0,0.9,0,8.5,0.0,0.0,0.0,0.0,0.0,0.0,100.404
5760_dose_850_gradient_0_VconcST_0_Vconc_0.9_run_0.csv,5760.0,850.0,0,0.9,0.0,0.9,0,8.75,0.0,0.0,0.0,0.0,0.0,0.0,2052.23
5760_dose_850_gradient_0_VconcST_0_Vconc_0.9_run_0.csv,5760.0,850.0,0,0.9,0.0,0.9,0,9.0,0.0,0.0,0.0,0.0,0.0,0.0,88.9829
5760_dose_850_gradient_0_VconcST_0_Vconc_0.9_run_0.csv,5760.0,850.0,0,0.9,0.0,0.9,0,9.25,0.0,0.0,0.0,0.0,0.0,0.0,2022.85
5760_dose_850_gradient_0_VconcST_0_Vconc_0.9_run_0.csv,5760.0,850.0,0,0.9,0.0,0.9,0,9.5,0.0,0.0,0.0,0.0,0.0,0.0,112.925
5760_dose_850_gradient_0_VconcST_0_Vconc_0.9_run_0.csv,5760.0,850.0,0,0.9,0.0,0.9,0,9.75,0.0,0.0,0.0,0.0,0.0,0.0,2036.67
5760_dose_850_gradient_0_VconcST_0_Vconc_0.9_run_0.csv,5760.0,850.0,0,0.9,0.0,0.9,0,10.0,0.0,0.0,0.0,0.0,0.0,0.0,131.459
5760_dose_850_gradient_0_VconcST_0_Vconc_0.9_run_0.csv,5760.0,850.0,0,0.9,0.0,0.9,0,10.25,0.0,0.0,0.0,0.0,0.0,0.0,2007.97
5760_dose_850_gradient_0_VconcST_0_Vconc_0.9_run_0.csv,5760.0,850.0,0,0.9,0.0,0.9,0,10.5,0.0,0.0,0.0,0.0,0.0,0.0,204.556
5760_dose_850_gradient_0_VconcST_0_Vconc_0.9_run_0.csv,5760.0,850.0,0,0.9,0.0,0.9,0,10.75,0.0,0.0,0.0,0.0,0.0,0.0,1969.25
5760_dose_850_gradient_0_VconcST_0_Vconc_0.9_run_0.csv,5760.0,850.0,0,0.9,0.0,0.9,0,11.0,0.0,0.0,0.0,0.0,0.0,0.0,285.343
5760_dose_850_gradient_0_VconcST_0_Vconc_0.9_run_0.csv,5760.0,850.0,0,0.9,0.0,0.9,0,11.25,0.0,0.0,0.0,0.0,0.0,0.0,1843.75
5760_dose_850_gradient_0_VconcST_0_Vconc_0.9_run_0.csv,5760.0,850.0,0,0.9,0.0,0.9,0,11.5,0.0,0.0,0.0,0.0,0.0,0.0,292.727
5760_dose_850_gradient_0_VconcST_0_Vconc_0.9_run_0.csv,5760.0,850.0,0,0.9,0.0,0.9,0,11.75,0.0,0.0,0.0,0.0,0.0,0.0,1912.01
5760_dose_850_gradient_0_VconcST_0_Vconc_0.9_run_0.csv,5760.0,850.0,0,0.9,0.0,0.9,0,12.0,0.0,0.0,0.0,0.0,0.0,0.0,453.225
5760_dose_850_gradient_0_VconcST_0_Vconc_0.9_run_0.csv,5760.0,850.0,0,0.9,0.0,0.9,0,12.25,0.0,0.0,0.0,0.0,0.0,0.0,1827.6
5760_dose_850_gradient_0_VconcST_0_Vconc_0.9_run_0.csv,5760.0,850.0,0,0.9,0.0,0.9,0,12.5,0.0,0.0,0.0,0.0,0.0,0.0,569.504
5760_dose_850_gradient_0_VconcST_0_Vconc_0.9_run_0.csv,5760.0,850.0,0,0.9,0.0,0.9,0,12.75,0.0,0.0,0.0,0.0,0.00733724,0.0,1718.08
5760_dose_850_gradient_0_VconcST_0_Vconc_0.9_run_0.csv,5760.0,850.0,0,0.9,0.0,0.9,0,13.0,0.0,0.0,0.0,0.0,0.0,0.0,781.676
5760_dose_850_gradient_0_VconcST_0_Vconc_0.9_run_0.csv,5760.0,850.0,0,0.9,0.0,0.9,0,13.25,0.0,0.0,0.0,0.0,0.0,0.0,1471.08
5760_dose_850_gradient_0_VconcST_0_Vconc_0.9_run_0.csv,5760.0,850.0,0,0.9,0.0,0.9,0,13.5,0.0,0.0,0.0,0.0,0.0,0.0,930.256
5760_dose_850_gradient_0_VconcST_0_Vconc_0.9_run_0.csv,5760.0,850.0,0,0.9,0.0,0.9,0,13.75,0.0,0.0,0.0,0.0,0.0,0.0,1512.21
5760_dose_850_gradient_0_VconcST_0_Vconc_0.9_run_0.csv,5760.0,850.0,0,0.9,0.0,0.9,0,14.0,0.0,0.0,0.0,0.0,0.0,0.0,1187.43
5760_dose_850_gradient_0_VconcST_0_Vconc_0.9_run_0.csv,5760.0,850.0,0,0.9,0.0,0.9,0,14.25,0.0,0.0,0.0,0.0,0.0152148,0.0,1376.93
5760_dose_850_gradient_0_VconcST_0_Vconc_0.9_run_0.csv,5760.0,850.0,0,0.9,0.0,0.9,0,14.5,0.0,0.0,0.0,0.0,0.0,0.0,1398.54
5760_dose_850_gradient_0_VconcST_0_Vconc_0.9_run_0.csv,5760.0,850.0,0,0.9,0.0,0.9,0,14.75,0.0,0.0,0.0,0.0,0.0210503,0.0,1489.81
5760_dose_850_gradient_0_VconcST_0_Vconc_0.9_run_0.csv,5760.0,850.0,0,0.9,0.0,0.9,0,15.0,0.0,0.0,0.0,0.0,0.00369792,0.0,1687.72
5760_dose_850_gradient_0_VconcST_0_Vconc_0.9_run_0.csv,5760.0,850.0,0,0.9,0.0,0.9,0,15.25,0.0,0.0,0.0,0.0,0.0578646,0.0,2038.39
5760_dose_850_gradient_0_VconcST_0_Vconc_0.9_run_0.csv,5760.0,850.0,0,0.9,0.0,0.9,0,15.5,0.0,0.0,0.0,0.0,0.137812,0.0,2417.13
5760_dose_850_gradient_0_VconcST_0_Vconc_0.9_run_0.csv,5760.0,850.0,0,0.9,0.0,0.9,0,15.75,0.0,0.0,0.0,0.0,0.251875,0.0,2435.32
5760_dose_850_gradient_0_VconcST_0_Vconc_0.9_run_0.csv,5760.0,850.0,0,0.9,0.0,0.9,0,16.0,0.0,0.0,0.0,0.0,0.373698,0.0,2448.15
5760_dose_850_gradient_0_VconcST_0_Vconc_0.9_run_0.csv,5760.0,850.0,0,0.9,0.0,0.9,0,16.25,0.0,0.0,0.0,0.0,0.542539,0.0,2482.87
5760_dose_850_gradient_0_VconcST_0_Vconc_0.9_run_0.csv,5760.0,850.0,0,0.9,0.0,0.9,0,16.5,0.0,0.0,0.0,0.0,0.69737,0.0,2462.91
5760_dose_850_gradient_0_VconcST_0_Vconc_0.9_run_0.csv,5760.0,850.0,0,0.9,0.0,0.9,0,16.75,0.0,0.0,0.0,0.0,0.8875,0.0,2510.53
5760_dose_850_gradient_0_VconcST_0_Vconc_0.9_run_0.csv,5760.0,850.0,0,0.9,0.0,0.9,0,17.0,0.0,0.0,0.0,0.0,1.0,0.0,2467.15
5760_dose_850_gradient_0_VconcST_0_Vconc_0.9_run_0.csv,5760.0,850.0,0,0.9,0.0,0.9,0,17.25,0.0,0.0,0.0,0.0,1.0,0.0,2491.69
5760_dose_850_gradient_0_VconcST_0_Vconc_0.9_run_0.csv,5760.0,850.0,0,0.9,0.0,0.9,0,17.5,0.0,0.0,0.0,0.0,1.0,0.0,2497.47
5760_dose_850_gradient_0_VconcST_0_Vconc_0.9_run_0.csv,5760.0,850.0,0,0.9,0.0,0.9,0,17.75,0.0,0.0,0.0,0.0,1.0,0.0,2475.32
5760_dose_850_gradient_0_VconcST_0_Vconc_0.9_run_0.csv,5760.0,850.0,0,0.9,0.0,0.9,0,18.0,0.0,0.0,0.0,0.0,1.0,0.0,2486.04
5760_dose_850_gradient_0_VconcST_0_Vconc_0.9_run_0.csv,5760.0,850.0,0,0.9,0.0,0.9,0,18.25,0.0,0.0,0.0,0.0,1.0,0.0,2539.4
5760_dose_850_gradient_0_VconcST_0_Vconc_0.9_run_0.csv,5760.0,850.0,0,0.9,0.0,0.9,0,18.5,0.0,0.0,0.0,0.0,1.0,0.0,2494.49
5760_dose_850_gradient_0_VconcST_0_Vconc_0.9_run_0.csv,5760.0,850.0,0,0.9,0.0,0.9,0,18.75,0.0,0.0,0.0,0.0,1.0,0.0,2488.59
5760_dose_850_gradient_0_VconcST_0_Vconc_0.9_run_0.csv,5760.0,850.0,0,0.9,0.0,0.9,0,19.0,0.0,0.0,0.0,0.0,1.0,0.0,2577.79
5760_dose_850_gradient_0_VconcST_0_Vconc_0.9_run_0.csv,5760.0,850.0,0,0.9,0.0,0.9,0,19.25,0.0,0.0,0.0,0.0,1.0,0.0,2487.98
5760_dose_850_gradient_0_VconcST_0_Vconc_0.9_run_0.csv,5760.0,850.0,0,0.9,0.0,0.9,0,19.5,0.0,0.0,0.0,0.0,1.0,0.0,2489.98
5760_dose_850_gradient_0_VconcST_0_Vconc_0.9_run_0.csv,5760.0,850.0,0,0.9,0.0,0.9,0,19.75,0.0,0.0,0.0,0.0,1.0,0.0,2511.45
5760_dose_850_gradient_0_VconcST_0_Vconc_0.9_run_0.csv,5760.0,850.0,0,0.9,0.0,0.9,0,20.0,0.0,0.0,0.0,0.0,1.0,0.0,2468.68
5760_dose_850_gradient_0_VconcST_0_Vconc_0.9_run_0.csv,5760.0,850.0,0,0.9,0.0,0.9,0,20.25,0.0,0.0,0.0,0.0,1.0,0.0,2507.68
5760_dose_850_gradient_0_VconcST_0_Vconc_0.9_run_0.csv,5760.0,850.0,0,0.9,0.0,0.9,0,20.5,0.0,0.0,0.0,0.0,1.0,0.0,2463.74
5760_dose_850_gradient_0_VconcST_0_Vconc_0.9_run_0.csv,5760.0,850.0,0,0.9,0.0,0.9,0,20.75,0.0,0.0,0.0,0.0,1.0,0.0,2450.71
5760_dose_850_gradient_0_VconcST_0_Vconc_0.9_run_0.csv,5760.0,850.0,0,0.9,0.0,0.9,0,21.0,0.0,0.0,0.0,0.0,1.0,0.0,2559.43
5760_dose_850_gradient_0_VconcST_0_Vconc_0.9_run_0.csv,5760.0,850.0,0,0.9,0.0,0.9,0,21.25,0.0,0.0,0.0,0.0,1.0,0.0,2476.64
5760_dose_850_gradient_0_VconcST_0_Vconc_0.9_run_0.csv,5760.0,850.0,0,0.9,0.0,0.9,0,21.5,0.0,0.0,0.0,0.0,1.0,0.0,2482.34
5760_dose_850_gradient_0_VconcST_0_Vconc_0.9_run_0.csv,5760.0,850.0,0,0.9,0.0,0.9,0,21.75,0.0,0.0,0.0,0.0,1.0,0.0,2506.99
5760_dose_850_gradient_0_VconcST_0_Vconc_0.9_run_0.csv,5760.0,850.0,0,0.9,0.0,0.9,0,22.0,0.0,0.0,0.0,0.0,1.0,0.0,2491.58
5760_dose_850_gradient_0_VconcST_0_Vconc_0.9_run_0.csv,5760.0,850.0,0,0.9,0.0,0.9,0,22.25,0.0,0.0,0.0,0.0,1.0,0.0,2476.58
5760_dose_850_gradient_0_VconcST_0_Vconc_0.9_run_0.csv,5760.0,850.0,0,0.9,0.0,0.9,0,22.5,0.0,0.0,0.0,0.0,1.0,0.0,2506.14
5760_dose_850_gradient_0_VconcST_0_Vconc_0.9_run_0.csv,5760.0,850.0,0,0.9,0.0,0.9,0,22.75,0.0,0.0,0.0,0.0,1.0,0.0,2541.27
5760_dose_850_gradient_0_VconcST_0_Vconc_0.9_run_0.csv,5760.0,850.0,0,0.9,0.0,0.9,0,23.0,0.0,0.0,0.0,0.0,1.0,0.0,2551.54
5760_dose_850_gradient_0_VconcST_0_Vconc_0.9_run_0.csv,5760.0,850.0,0,0.9,0.0,0.9,0,23.25,0.0,0.0,0.0,0.0,1.0,0.0,2467.54
5760_dose_850_gradient_0_VconcST_0_Vconc_0.9_run_0.csv,5760.0,850.0,0,0.9,0.0,0.9,0,23.5,0.0,0.0,0.0,0.0,1.0,0.0,2537.36
5760_dose_850_gradient_0_VconcST_0_Vconc_0.9_run_0.csv,5760.0,850.0,0,0.9,0.0,0.9,0,23.75,0.0,0.0,0.0,0.0,1.0,0.0,2507.63
5760_dose_850_gradient_0_VconcST_0_Vconc_0.9_run_0.csv,5760.0,850.0,0,0.9,0.0,0.9,0,24.0,56.8541,850.0,0.0221429,56.8541,1.0,0.0,2502.09
5760_dose_850_gradient_0_VconcST_0_Vconc_0.9_run_0.csv,5760.0,850.0,0,0.9,0.0,0.9,0,24.25,3431.91,835.508,1.33662,3431.91,0.0,0.999941,0.0797394
5760_dose_850_gradient_0_VconcST_0_Vconc_0.9_run_0.csv,5760.0,850.0,0,0.9,0.0,0.9,0,24.5,6736.63,821.264,2.62371,6736.63,0.0,0.99997,0.0553535
5760_dose_850_gradient_0_VconcST_0_Vconc_0.9_run_0.csv,5760.0,850.0,0,0.9,0.0,0.9,0,24.75,9972.25,807.263,3.88388,9972.25,0.0,0.99998,0.0339352
5760_dose_850_gradient_0_VconcST_0_Vconc_0.9_run_0.csv,5760.0,850.0,0,0.9,0.0,0.9,0,25.0,13140.0,793.5,5.11763,13140.0,0.0,0.999985,0.0245282
5760_dose_850_gradient_0_VconcST_0_Vconc_0.9_run_0.csv,5760.0,850.0,0,0.9,0.0,0.9,0,25.25,16241.1,779.971,6.32541,16241.1,0.0,0.999988,0.0193612
5760_dose_850_gradient_0_VconcST_0_Vconc_0.9_run_0.csv,5760.0,850.0,0,0.9,0.0,0.9,0,25.5,19276.7,766.674,7.50769,19276.7,0.0,0.99999,0.0159741
5760_dose_850_gradient_0_VconcST_0_Vconc_0.9_run_0.csv,5760.0,850.0,0,0.9,0.0,0.9,0,25.75,22248.0,753.603,8.66492,22248.0,0.0,0.999991,0.013655
5760_dose_850_gradient_0_VconcST_0_Vconc_0.9_run_0.csv,5760.0,850.0,0,0.9,0.0,0.9,0,26.0,25156.1,740.755,9.79754,25156.1,0.0,0.999992,0.0119864
5760_dose_850_gradient_0_VconcST_0_Vconc_0.9_run_0.csv,5760.0,850.0,0,0.9,0.0,0.9,0,26.25,28002.2,728.126,10.906,28002.2,0.0,0.999993,0.0106223
5760_dose_850_gradient_0_VconcST_0_Vconc_0.9_run_0.csv,5760.0,850.0,0,0.9,0.0,0.9,0,26.5,30787.4,715.712,11.9907,30787.4,0.0,0.999994,0.00958399
5760_dose_850_gradient_0_VconcST_0_Vconc_0.9_run_0.csv,5760.0,850.0,0,0.9,0.0,0.9,0,26.75,33512.7,703.51,13.0521,33512.7,0.0,0.999994,0.00883149
5760_dose_850_gradient_0_VconcST_0_Vconc_0.9_run_0.csv,5760.0,850.0,0,0.9,0.0,0.9,0,27.0,36179.2,691.516,14.0907,36179.2,0.0,0.999995,0.00814215
5760_dose_850_gradient_0_VconcST_0_Vconc_0.9_run_0.csv,5760.0,850.0,0,0.9,0.0,0.9,0,27.25,38787.9,679.726,15.1067,38787.9,0.0,0.999995,0.00754849
5760_dose_850_gradient_0_VconcST_0_Vconc_0.9_run_0.csv,5760.0,850.0,0,0.9,0.0,0.9,0,27.5,41340.0,668.138,16.1006,41340.0,0.0,0.999995,0.00705419
5760_dose_850_gradient_0_VconcST_0_Vconc_0.9_run_0.csv,5760.0,850.0,0,0.9,0.0,0.9,0,27.75,43836.3,656.747,17.0729,43836.3,0.0,0.999995,0.00662342
5760_dose_850_gradient_0_VconcST_0_Vconc_0.9_run_0.csv,5760.0,850.0,0,0.9,0.0,0.9,0,28.0,46278.0,645.55,18.0238,46278.0,0.0,0.999996,0.00627626
5760_dose_850_gradient_0_VconcST_0_Vconc_0.9_run_0.csv,5760.0,850.0,0,0.9,0.0,0.9,0,28.25,48665.9,634.544,18.9539,48665.9,0.0,0.999996,0.00594973
5760_dose_850_gradient_0_VconcST_0_Vconc_0.9_run_0.csv,5760.0,850.0,0,0.9,0.0,0.9,0,28.5,51001.1,623.726,19.8634,51001.1,0.0,0.999996,0.00568256
5760_dose_850_gradient_0_VconcST_0_Vconc_0.9_run_0.csv,5760.0,850.0,0,0.9,0.0,0.9,0,28.75,53284.5,613.093,20.7527,53284.5,0.0,0.999996,0.00542812
5760_dose_850_gradient_0_VconcST_0_Vconc_0.9_run_0.csv,5760.0,850.0,0,0.9,0.0,0.9,0,29.0,55517.0,602.64,21.6222,55517.0,0.0,0.999996,0.00517729
5760_dose_850_gradient_0_VconcST_0_Vconc_0.9_run_0.csv,5760.0,850.0,0,0.9,0.0,0.9,0,29.25,57699.5,592.366,22.4722,57699.5,0.0,0.999997,0.00500406
5760_dose_850_gradient_0_VconcST_0_Vconc_0.9_run_0.csv,5760.0,850.0,0,0.9,0.0,0.9,0,29.5,59833.0,582.267,23.3031,59833.0,0.0,0.999997,0.00484122
5760_dose_850_gradient_0_VconcST_0_Vconc_0.9_run_0.csv,5760.0,850.0,0,0.9,0.0,0.9,0,29.75,61918.2,572.34,24.1152,61918.2,0.0,0.999997,0.00466479
5760_dose_850_gradient_0_VconcST_0_Vconc_0.9_run_0.csv,5760.0,850.0,0,0.9,0.0,0.9,0,30.0,63956.1,562.582,24.9089,63956.1,0.0,0.999997,0.00450068
5760_dose_850_gradient_0_VconcST_0_Vconc_0.9_run_0.csv,5760.0,850.0,0,0.9,0.0,0.9,0,30.25,65947.6,552.991,25.6845,65947.6,0.0,0.999997,0.00433905
5760_dose_850_gradient_0_VconcST_0_Vconc_0.9_run_0.csv,5760.0,850.0,0,0.9,0.0,0.9,0,30.5,67893.4,543.563,26.4424,67893.4,0.0,0.999997,0.00432856
5760_dose_850_gradient_0_VconcST_0_Vconc_0.9_run_0.csv,5760.0,850.0,0,0.9,0.0,0.9,0,30.75,69794.4,534.296,27.1827,69794.4,0.0,0.999997,0.00416643
5760_dose_850_gradient_0_VconcST_0_Vconc_0.9_run_0.csv,5760.0,850.0,0,0.9,0.0,0.9,0,31.0,71651.4,525.187,27.906,71651.4,0.0,0.999997,0.00407508
5760_dose_850_gradient_0_VconcST_0_Vconc_0.9_run_0.csv,5760.0,850.0,0,0.9,0.0,0.9,0,31.25,73465.2,516.233,28.6124,73465.2,0.0,0.999997,0.00398628
5760_dose_850_gradient_0_VconcST_0_Vconc_0.9_run_0.csv,5760.0,850.0,0,0.9,0.0,0.9,0,31.5,75236.4,507.432,29.3023,75236.4,0.0,0.999997,0.00390612
5760_dose_850_gradient_0_VconcST_0_Vconc_0.9_run_0.csv,5760.0,850.0,0,0.9,0.0,0.9,0,31.75,76966.1,498.781,29.9759,76966.1,0.0,0.999997,0.00382858
5760_dose_850_gradient_0_VconcST_0_Vconc_0.9_run_0.csv,5760.0,850.0,0,0.9,0.0,0.9,0,32.0,78654.9,490.277,30.6336,78654.9,0.0,0.999997,0.00373183
5760_dose_850_gradient_0_VconcST_0_Vconc_0.9_run_0.csv,5760.0,850.0,0,0.9,0.0,0.9,0,32.25,80303.5,481.918,31.2757,80303.5,0.0,0.999997,0.00364701
5760_dose_850_gradient_0_VconcST_0_Vconc_0.9_run_0.csv,5760.0,850.0,0,0.9,0.0,0.9,0,32.5,81912.7,473.702,31.9024,81912.7,0.0,0.999997,0.00356222
5760_dose_850_gradient_0_VconcST_0_Vconc_0.9_run_0.csv,5760.0,850.0,0,0.9,0.0,0.9,0,32.75,83483.1,465.626,32.5141,83483.1,0.0,0.999998,0.00348191
5760_dose_850_gradient_0_VconcST_0_Vconc_0.9_run_0.csv,5760.0,850.0,0,0.9,0.0,0.9,0,33.0,85015.5,457.688,33.1109,85015.5,0.0,0.999998,0.0033977
5760_dose_850_gradient_0_VconcST_0_Vconc_0.9_run_0.csv,5760.0,850.0,0,0.9,0.0,0.9,0,33.25,86510.6,449.885,33.6932,86510.6,0.0,0.999998,0.00339258
5760_dose_850_gradient_0_VconcST_0_Vconc_0.9_run_0.csv,5760.0,850.0,0,0.9,0.0,0.9,0,33.5,87969.0,442.215,34.2612,87969.0,0.0,0.999998,0.00330974
5760_dose_850_gradient_0_VconcST_0_Vconc_0.9_run_0.csv,5760.0,850.0,0,0.9,0.0,0.9,0,33.75,89391.4,434.676,34.8152,89391.4,0.0,0.999998,0.00323857
5760_dose_850_gradient_0_VconcST_0_Vconc_0.9_run_0.csv,5760.0,850.0,0,0.9,0.0,0.9,0,34.0,90778.5,427.265,35.3554,90778.5,0.0,0.999998,0.00322656
5760_dose_850_gradient_0_VconcST_0_Vconc_0.9_run_0.csv,5760.0,850.0,0,0.9,0.0,0.9,0,34.25,92130.9,419.981,35.8821,92130.9,0.0,0.999998,0.00314564
5760_dose_850_gradient_0_VconcST_0_Vconc_0.9_run_0.csv,5760.0,850.0,0,0.9,0.0,0.9,0,34.5,93449.3,412.82,36.3956,93449.3,0.0,0.999998,0.00314002
5760_dose_850_gradient_0_VconcST_0_Vconc_0.9_run_0.csv,5760.0,850.0,0,0.9,0.0,0.9,0,34.75,94734.2,405.782,36.896,94734.2,0.0,0.999998,0.00306126
5760_dose_850_gradient_0_VconcST_0_Vconc_0.9_run_0.csv,5760.0,850.0,0,0.9,0.0,0.9,0,35.0,95986.3,398.864,37.3837,95986.3,0.0,0.999998,0.00305332
5760_dose_850_gradient_0_VconcST_0_Vconc_0.9_run_0.csv,5760.0,850.0,0,0.9,0.0,0.9,0,35.25,97206.2,392.064,37.8588,97206.2,0.0,0.999998,0.0029685
5760_dose_850_gradient_0_VconcST_0_Vconc_0.9_run_0.csv,5760.0,850.0,0,0.9,0.0,0.9,0,35.5,98394.4,385.38,38.3216,98394.4,0.0,0.999998,0.0029685
5760_dose_850_gradient_0_VconcST_0_Vconc_0.9_run_0.csv,5760.0,850.0,0,0.9,0.0,0.9,0,35.75,99551.6,378.81,38.7723,99551.6,0.0,0.999998,0.00288571
5760_dose_850_gradient_0_VconcST_0_Vconc_0.9_run_0.csv,5760.0,850.0,0,0.9,0.0,0.9,0,36.0,100678.0,372.352,39.2111,100678.0,0.0,0.999998,0.00288916
5760_dose_850_gradient_0_VconcST_0_Vconc_0.9_run_0.csv,5760.0,850.0,0,0.9,0.0,0.9,0,36.25,101775.0,366.004,39.6383,101775.0,0.0,0.999998,0.00288369
5760_dose_850_gradient_0_VconcST_0_Vconc_0.9_run_0.csv,5760.0,850.0,0,0.9,0.0,0.9,0,36.5,102843.0,359.764,40.054,102843.0,0.0,0.999998,0.00280142
5760_dose_850_gradient_0_VconcST_0_Vconc_0.9_run_0.csv,5760.0,850.0,0,0.9,0.0,0.9,0,36.75,103881.0,353.63,40.4585,103881.0,0.0,0.999998,0.00280359
5760_dose_850_gradient_0_VconcST_0_Vconc_0.9_run_0.csv,5760.0,850.0,0,0.9,0.0,0.9,0,37.0,104892.0,347.601,40.852,104892.0,0.0,0.999998,0.00279887
5760_dose_850_gradient_0_VconcST_0_Vconc_0.9_run_0.csv,5760.0,850.0,0,0.9,0.0,0.9,0,37.25,105874.0,341.675,41.2347,105874.0,0.0,0.999998,0.00271407
5760_dose_850_gradient_0_VconcST_0_Vconc_0.9_run_0.csv,5760.0,850.0,0,0.9,0.0,0.9,0,37.5,106829.0,335.85,41.6068,106829.0,0.0,0.999998,0.00271741
5760_dose_850_gradient_0_VconcST_0_Vconc_0.9_run_0.csv,5760.0,850.0,0,0.9,0.0,0.9,0,37.75,107758.0,330.124,41.9684,107758.0,0.0,0.999998,0.00272198
5760_dose_850_gradient_0_VconcST_0_Vconc_0.9_run_0.csv,5760.0,850.0,0,0.9,0.0,0.9,0,38.0,108660.0,324.496,42.3198,108660.0,0.0,0.999998,0.00264043
5760_dose_850_gradient_0_VconcST_0_Vconc_0.9_run_0.csv,5760.0,850.0,0,0.9,0.0,0.9,0,38.25,109537.0,318.964,42.6612,109537.0,0.0,0.999998,0.00263525
5760_dose_850_gradient_0_VconcST_0_Vconc_0.9_run_0.csv,5760.0,850.0,0,0.9,0.0,0.9,0,38.5,110388.0,313.526,42.9927,110388.0,0.0,0.999998,0.00263867
5760_dose_850_gradient_0_VconcST_0_Vconc_0.9_run_0.csv,5760.0,850.0,0,0.9,0.0,0.9,0,38.75,111214.0,308.181,43.3146,111214.0,0.0,0.999998,0.00263904
5760_dose_850_gradient_0_VconcST_0_Vconc_0.9_run_0.csv,5760.0,850.0,0,0.9,0.0,0.9,0,39.0,112016.0,302.926,43.627,112016.0,0.0,0.999998,0.00262925
5760_dose_850_gradient_0_VconcST_0_Vconc_0.9_run_0.csv,5760.0,850.0,0,0.9,0.0,0.9,0,39.25,112795.0,297.762,43.93,112795.0,0.0,0.999998,0.0025481
5760_dose_850_gradient_0_VconcST_0_Vconc_0.9_run_0.csv,5760.0,850.0,0,0.9,0.0,0.9,0,39.5,113549.0,292.685,44.2239,113549.0,0.0,0.999998,0.00255212
5760_dose_850_gradient_0_VconcST_0_Vconc_0.9_run_0.csv,5760.0,850.0,0,0.9,0.0,0.9,0,39.75,114281.0,287.695,44.5089,114281.0,0.0,0.999998,0.00255042
5760_dose_850_gradient_0_VconcST_0_Vconc_0.9_run_0.csv,5760.0,850.0,0,0.9,0.0,0.9,0,40.0,114990.0,282.791,44.7851,114990.0,0.0,0.999998,0.00254443
5760_dose_850_gradient_0_VconcST_0_Vconc_0.9_run_0.csv,5760.0,850.0,0,0.9,0.0,0.9,0,40.25,115677.0,277.969,45.0526,115677.0,0.0,0.999998,0.00254676
5760_dose_850_gradient_0_VconcST_0_Vconc_0.9_run_0.csv,5760.0,850.0,0,0.9,0.0,0.9,0,40.5,116342.0,273.23,45.3116,116342.0,0.0,0.999998,0.0024635
5760_dose_850_gradient_0_VconcST_0_Vconc_0.9_run_0.csv,5760.0,850.0,0,0.9,0.0,0.9,0,40.75,116986.0,268.572,45.5624,116986.0,0.0,0.999998,0.00246108
5760_dose_850_gradient_0_VconcST_0_Vconc_0.9_run_0.csv,5760.0,850.0,0,0.9,0.0,0.9,0,41.0,117609.0,263.993,45.805,117609.0,0.0,0.999998,0.00246428
5760_dose_850_gradient_0_VconcST_0_Vconc_0.9_run_0.csv,5760.0,850.0,0,0.9,0.0,0.9,0,41.25,118211.0,259.492,46.0396,118211.0,0.0,0.999998,0.00246082
5760_dose_850_gradient_0_VconcST_0_Vconc_0.9_run_0.csv,5760.0,850.0,0,0.9,0.0,0.9,0,41.5,118793.0,255.068,46.2663,118793.0,0.0,0.999998,0.00245961
5760_dose_850_gradient_0_VconcST_0_Vconc_0.9_run_1.csv,5760.0,850.0,0,0.9,0.0,0.9,1,0.0,0.0,0.0,0.0,0.0,0.0,0.0,0.0
5760_dose_850_gradient_0_VconcST_0_Vconc_0.9_run_1.csv,5760.0,850.0,0,0.9,0.0,0.9,1,0.25,0.0,0.0,0.0,0.0,0.0,0.0,2409.4
5760_dose_850_gradient_0_VconcST_0_Vconc_0.9_run_1.csv,5760.0,850.0,0,0.9,0.0,0.9,1,0.5,0.0,0.0,0.0,0.0,0.0,0.0,32.5219
5760_dose_850_gradient_0_VconcST_0_Vconc_0.9_run_1.csv,5760.0,850.0,0,0.9,0.0,0.9,1,0.75,0.0,0.0,0.0,0.0,0.0,0.0,2368.62
5760_dose_850_gradient_0_VconcST_0_Vconc_0.9_run_1.csv,5760.0,850.0,0,0.9,0.0,0.9,1,1.0,0.0,0.0,0.0,0.0,0.0,0.0,31.8375
5760_dose_850_gradient_0_VconcST_0_Vconc_0.9_run_1.csv,5760.0,850.0,0,0.9,0.0,0.9,1,1.25,0.0,0.0,0.0,0.0,0.0,0.0,2253.28
5760_dose_850_gradient_0_VconcST_0_Vconc_0.9_run_1.csv,5760.0,850.0,0,0.9,0.0,0.9,1,1.5,0.0,0.0,0.0,0.0,0.0,0.0,31.9809
5760_dose_850_gradient_0_VconcST_0_Vconc_0.9_run_1.csv,5760.0,850.0,0,0.9,0.0,0.9,1,1.75,0.0,0.0,0.0,0.0,0.0,0.0,2333.76
5760_dose_850_gradient_0_VconcST_0_Vconc_0.9_run_1.csv,5760.0,850.0,0,0.9,0.0,0.9,1,2.0,0.0,0.0,0.0,0.0,0.0,0.0,34.6477
5760_dose_850_gradient_0_VconcST_0_Vconc_0.9_run_1.csv,5760.0,850.0,0,0.9,0.0,0.9,1,2.25,0.0,0.0,0.0,0.0,0.0,0.0,2319.71
5760_dose_850_gradient_0_VconcST_0_Vconc_0.9_run_1.csv,5760.0,850.0,0,0.9,0.0,0.9,1,2.5,0.0,0.0,0.0,0.0,0.0,0.0,33.9634
5760_dose_850_gradient_0_VconcST_0_Vconc_0.9_run_1.csv,5760.0,850.0,0,0.9,0.0,0.9,1,2.75,0.0,0.0,0.0,0.0,0.0,0.0,2340.4
5760_dose_850_gradient_0_VconcST_0_Vconc_0.9_run_1.csv,5760.0,850.0,0,0.9,0.0,0.9,1,3.0,0.0,0.0,0.0,0.0,0.0,0.0,33.682
5760_dose_850_gradient_0_VconcST_0_Vconc_0.9_run_1.csv,5760.0,850.0,0,0.9,0.0,0.9,1,3.25,0.0,0.0,0.0,0.0,0.0,0.0,2241.58
5760_dose_850_gradient_0_VconcST_0_Vconc_0.9_run_1.csv,5760.0,850.0,0,0.9,0.0,0.9,1,3.5,0.0,0.0,0.0,0.0,0.0,0.0,35.4504
5760_dose_850_gradient_0_VconcST_0_Vconc_0.9_run_1.csv,5760.0,850.0,0,0.9,0.0,0.9,1,3.75,0.0,0.0,0.0,0.0,0.0,0.0,2283.32
5760_dose_850_gradient_0_VconcST_0_Vconc_0.9_run_1.csv,5760.0,850.0,0,0.9,0.0,0.9,1,4.0,0.0,0.0,0.0,0.0,0.0,0.0,33.9471
5760_dose_850_gradient_0_VconcST_0_Vconc_0.9_run_1.csv,5760.0,850.0,0,0.9,0.0,0.9,1,4.25,0.0,0.0,0.0,0.0,0.0,0.0,2197.9
5760_dose_850_gradient_0_VconcST_0_Vconc_0.9_run_1.csv,5760.0,850.0,0,0.9,0.0,0.9,1,4.5,0.0,0.0,0.0,0.0,0.0,0.0,35.8382
5760_dose_850_gradient_0_VconcST_0_Vconc_0.9_run_1.csv,5760.0,850.0,0,0.9,0.0,0.9,1,4.75,0.0,0.0,0.0,0.0,0.000381944,0.0,2268.93
5760_dose_850_gradient_0_VconcST_0_Vconc_0.9_run_1.csv,5760.0,850.0,0,0.9,0.0,0.9,1,5.0,0.0,0.0,0.0,0.0,0.0,0.0,36.376
5760_dose_850_gradient_0_VconcST_0_Vconc_0.9_run_1.csv,5760.0,850.0,0,0.9,0.0,0.9,1,5.25,0.0,0.0,0.0,0.0,0.0,0.0,2270.55
5760_dose_850_gradient_0_VconcST_0_Vconc_0.9_run_1.csv,5760.0,850.0,0,0.9,0.0,0.9,1,5.5,0.0,0.0,0.0,0.0,0.0,0.0,37.7012
5760_dose_850_gradient_0_VconcST_0_Vconc_0.9_run_1.csv,5760.0,850.0,0,0.9,0.0,0.9,1,5.75,0.0,0.0,0.0,0.0,0.0,0.0,2134.07
5760_dose_850_gradient_0_VconcST_0_Vconc_0.9_run_1.csv,5760.0,850.0,0,0.9,0.0,0.9,1,6.0,0.0,0.0,0.0,0.0,0.0,0.0,38.4757
5760_dose_850_gradient_0_VconcST_0_Vconc_0.9_run_1.csv,5760.0,850.0,0,0.9,0.0,0.9,1,6.25,0.0,0.0,0.0,0.0,0.0,0.0,2152.59
5760_dose_850_gradient_0_VconcST_0_Vconc_0.9_run_1.csv,5760.0,850.0,0,0.9,0.0,0.9,1,6.5,0.0,0.0,0.0,0.0,0.0,0.0,41.5347
5760_dose_850_gradient_0_VconcST_0_Vconc_0.9_run_1.csv,5760.0,850.0,0,0.9,0.0,0.9,1,6.75,0.0,0.0,0.0,0.0,0.0,0.0,2111.94
5760_dose_850_gradient_0_VconcST_0_Vconc_0.9_run_1.csv,5760.0,850.0,0,0.9,0.0,0.9,1,7.0,0.0,0.0,0.0,0.0,0.0,0.0,58.6498
5760_dose_850_gradient_0_VconcST_0_Vconc_0.9_run_1.csv,5760.0,850.0,0,0.9,0.0,0.9,1,7.25,0.0,0.0,0.0,0.0,0.0,0.0,2050.46
5760_dose_850_gradient_0_VconcST_0_Vconc_0.9_run_1.csv,5760.0,850.0,0,0.9,0.0,0.9,1,7.5,0.0,0.0,0.0,0.0,0.0,0.0,75.0145
5760_dose_850_gradient_0_VconcST_0_Vconc_0.9_run_1.csv,5760.0,850.0,0,0.9,0.0,0.9,1,7.75,0.0,0.0,0.0,0.0,0.0,0.0,2084.32
5760_dose_850_gradient_0_VconcST_0_Vconc_0.9_run_1.csv,5760.0,850.0,0,0.9,0.0,0.9,1,8.0,0.0,0.0,0.0,0.0,0.0,0.0,42.6231
5760_dose_850_gradient_0_VconcST_0_Vconc_0.9_run_1.csv,5760.0,850.0,0,0.9,0.0,0.9,1,8.25,0.0,0.0,0.0,0.0,0.0,0.0,2068.95
5760_dose_850_gradient_0_VconcST_0_Vconc_0.9_run_1.csv,5760.0,850.0,0,0.9,0.0,0.9,1,8.5,0.0,0.0,0.0,0.0,0.0,0.0,45.43
5760_dose_850_gradient_0_VconcST_0_Vconc_0.9_run_1.csv,5760.0,850.0,0,0.9,0.0,0.9,1,8.75,0.0,0.0,0.0,0.0,0.0,0.0,1992.49
5760_dose_850_gradient_0_VconcST_0_Vconc_0.9_run_1.csv,5760.0,850.0,0,0.9,0.0,0.9,1,9.0,0.0,0.0,0.0,0.0,0.0,0.0,86.1677
5760_dose_850_gradient_0_VconcST_0_Vconc_0.9_run_1.csv,5760.0,850.0,0,0.9,0.0,0.9,1,9.25,0.0,0.0,0.0,0.0,0.0,0.0,2077.59
5760_dose_850_gradient_0_VconcST_0_Vconc_0.9_run_1.csv,5760.0,850.0,0,0.9,0.0,0.9,1,9.5,0.0,0.0,0.0,0.0,0.0,0.0,63.8237
5760_dose_850_gradient_0_VconcST_0_Vconc_0.9_run_1.csv,5760.0,850.0,0,0.9,0.0,0.9,1,9.75,0.0,0.0,0.0,0.0,0.0,0.0,1983.17
5760_dose_850_gradient_0_VconcST_0_Vconc_0.9_run_1.csv,5760.0,850.0,0,0.9,0.0,0.9,1,10.0,0.0,0.0,0.0,0.0,0.0,0.0,110.871
5760_dose_850_gradient_0_VconcST_0_Vconc_0.9_run_1.csv,5760.0,850.0,0,0.9,0.0,0.9,1,10.25,0.0,0.0,0.0,0.0,0.0,0.0,2018.51
5760_dose_850_gradient_0_VconcST_0_Vconc_0.9_run_1.csv,5760.0,850.0,0,0.9,0.0,0.9,1,10.5,0.0,0.0,0.0,0.0,0.0,0.0,184.557
5760_dose_850_gradient_0_VconcST_0_Vconc_0.9_run_1.csv,5760.0,850.0,0,0.9,0.0,0.9,1,10.75,0.0,0.0,0.0,0.0,0.0,0.0,1845.7
5760_dose_850_gradient_0_VconcST_0_Vconc_0.9_run_1.csv,5760.0,850.0,0,0.9,0.0,0.9,1,11.0,0.0,0.0,0.0,0.0,0.0,0.0,260.66
5760_dose_850_gradient_0_VconcST_0_Vconc_0.9_run_1.csv,5760.0,850.0,0,0.9,0.0,0.9,1,11.25,0.0,0.0,0.0,0.0,0.0,0.0,1820.27
5760_dose_850_gradient_0_VconcST_0_Vconc_0.9_run_1.csv,5760.0,850.0,0,0.9,0.0,0.9,1,11.5,0.0,0.0,0.0,0.0,0.0,0.0,371.771
5760_dose_850_gradient_0_VconcST_0_Vconc_0.9_run_1.csv,5760.0,850.0,0,0.9,0.0,0.9,1,11.75,0.0,0.0,0.0,0.0,0.0,0.0,1706.15
5760_dose_850_gradient_0_VconcST_0_Vconc_0.9_run_1.csv,5760.0,850.0,0,0.9,0.0,0.9,1,12.0,0.0,0.0,0.0,0.0,0.0,0.0,437.009
5760_dose_850_gradient_0_VconcST_0_Vconc_0.9_run_1.csv,5760.0,850.0,0,0.9,0.0,0.9,1,12.25,0.0,0.0,0.0,0.0,0.0,0.0,1669.41
5760_dose_850_gradient_0_VconcST_0_Vconc_0.9_run_1.csv,5760.0,850.0,0,0.9,0.0,0.9,1,12.5,0.0,0.0,0.0,0.0,0.0,0.0,534.417
5760_dose_850_gradient_0_VconcST_0_Vconc_0.9_run_1.csv,5760.0,850.0,0,0.9,0.0,0.9,1,12.75,0.0,0.0,0.0,0.0,0.0,0.0,1563.59
5760_dose_850_gradient_0_VconcST_0_Vconc_0.9_run_1.csv,5760.0,850.0,0,0.9,0.0,0.9,1,13.0,0.0,0.0,0.0,0.0,0.0,0.0,533.954
5760_dose_850_gradient_0_VconcST_0_Vconc_0.9_run_1.csv,5760.0,850.0,0,0.9,0.0,0.9,1,13.25,0.0,0.0,0.0,0.0,0.0,0.0,1529.91
5760_dose_850_gradient_0_VconcST_0_Vconc_0.9_run_1.csv,5760.0,850.0,0,0.9,0.0,0.9,1,13.5,0.0,0.0,0.0,0.0,0.0,0.0,726.536
5760_dose_850_gradient_0_VconcST_0_Vconc_0.9_run_1.csv,5760.0,850.0,0,0.9,0.0,0.9,1,13.75,0.0,0.0,0.0,0.0,0.0,0.0,1400.9
5760_dose_850_gradient_0_VconcST_0_Vconc_0.9_run_1.csv,5760.0,850.0,0,0.9,0.0,0.9,1,14.0,0.0,0.0,0.0,0.0,0.0,0.0,780.04
5760_dose_850_gradient_0_VconcST_0_Vconc_0.9_run_1.csv,5760.0,850.0,0,0.9,0.0,0.9,1,14.25,0.0,0.0,0.0,0.0,0.0,0.0,1319.07
5760_dose_850_gradient_0_VconcST_0_Vconc_0.9_run_1.csv,5760.0,850.0,0,0.9,0.0,0.9,1,14.5,0.0,0.0,0.0,0.0,0.0,0.0,960.309
5760_dose_850_gradient_0_VconcST_0_Vconc_0.9_run_1.csv,5760.0,850.0,0,0.9,0.0,0.9,1,14.75,0.0,0.0,0.0,0.0,0.0,0.0,1248.35
5760_dose_850_gradient_0_VconcST_0_Vconc_0.9_run_1.csv,5760.0,850.0,0,0.9,0.0,0.9,1,15.0,0.0,0.0,0.0,0.0,0.0,0.0,1031.58
5760_dose_850_gradient_0_VconcST_0_Vconc_0.9_run_1.csv,5760.0,850.0,0,0.9,0.0,0.9,1,15.25,0.0,0.0,0.0,0.0,0.0,0.0,1183.1
5760_dose_850_gradient_0_VconcST_0_Vconc_0.9_run_1.csv,5760.0,850.0,0,0.9,0.0,0.9,1,15.5,0.0,0.0,0.0,0.0,0.0,0.0,1131.54
5760_dose_850_gradient_0_VconcST_0_Vconc_0.9_run_1.csv,5760.0,850.0,0,0.9,0.0,0.9,1,15.75,0.0,0.0,0.0,0.0,0.0,0.0,1080.19
5760_dose_850_gradient_0_VconcST_0_Vconc_0.9_run_1.csv,5760.0,850.0,0,0.9,0.0,0.9,1,16.0,0.0,0.0,0.0,0.0,0.0,0.0,1297.21
5760_dose_850_gradient_0_VconcST_0_Vconc_0.9_run_1.csv,5760.0,850.0,0,0.9,0.0,0.9,1,16.25,0.0,0.0,0.0,0.0,0.0,0.0,1018.46
5760_dose_850_gradient_0_VconcST_0_Vconc_0.9_run_1.csv,5760.0,850.0,0,0.9,0.0,0.9,1,16.5,0.0,0.0,0.0,0.0,0.0,0.0,1575.28
5760_dose_850_gradient_0_VconcST_0_Vconc_0.9_run_1.csv,5760.0,850.0,0,0.9,0.0,0.9,1,16.75,0.0,0.0,0.0,0.0,0.0,0.0,1066.66
5760_dose_850_gradient_0_VconcST_0_Vconc_0.9_run_1.csv,5760.0,850.0,0,0.9,0.0,0.9,1,17.0,0.0,0.0,0.0,0.0,0.0,0.0,1400.03
5760_dose_850_gradient_0_VconcST_0_Vconc_0.9_run_1.csv,5760.0,850.0,0,0.9,0.0,0.9,1,17.25,0.0,0.0,0.0,0.0,0.0,0.0,1094.75
5760_dose_850_gradient_0_VconcST_0_Vconc_0.9_run_1.csv,5760.0,850.0,0,0.9,0.0,0.9,1,17.5,0.0,0.0,0.0,0.0,0.0,0.0,1678.93
5760_dose_850_gradient_0_VconcST_0_Vconc_0.9_run_1.csv,5760.0,850.0,0,0.9,0.0,0.9,1,17.75,0.0,0.0,0.0,0.0,0.0,0.0,1117.08
5760_dose_850_gradient_0_VconcST_0_Vconc_0.9_run_1.csv,5760.0,850.0,0,0.9,0.0,0.9,1,18.0,0.0,0.0,0.0,0.0,0.0,0.0,1713.95
5760_dose_850_gradient_0_VconcST_0_Vconc_0.9_run_1.csv,5760.0,850.0,0,0.9,0.0,0.9,1,18.25,0.0,0.0,0.0,0.0,0.0,0.0,1290.49
5760_dose_850_gradient_0_VconcST_0_Vconc_0.9_run_1.csv,5760.0,850.0,0,0.9,0.0,0.9,1,18.5,0.0,0.0,0.0,0.0,0.0,0.0,1716.19
5760_dose_850_gradient_0_VconcST_0_Vconc_0.9_run_1.csv,5760.0,850.0,0,0.9,0.0,0.9,1,18.75,0.0,0.0,0.0,0.0,0.0297743,0.0,1697.3
5760_dose_850_gradient_0_VconcST_0_Vconc_0.9_run_1.csv,5760.0,850.0,0,0.9,0.0,0.9,1,19.0,0.0,0.0,0.0,0.0,0.0946181,0.0,2263.26
5760_dose_850_gradient_0_VconcST_0_Vconc_0.9_run_1.csv,5760.0,850.0,0,0.9,0.0,0.9,1,19.25,0.0,0.0,0.0,0.0,0.190712,0.0,2373.86
5760_dose_850_gradient_0_VconcST_0_Vconc_0.9_run_1.csv,5760.0,850.0,0,0.9,0.0,0.9,1,19.5,0.0,0.0,0.0,0.0,0.293207,0.0,2506.22
5760_dose_850_gradient_0_VconcST_0_Vconc_0.9_run_1.csv,5760.0,850.0,0,0.9,0.0,0.9,1,19.75,0.0,0.0,0.0,0.0,0.445291,0.0,2487.82
5760_dose_850_gradient_0_VconcST_0_Vconc_0.9_run_1.csv,5760.0,850.0,0,0.9,0.0,0.9,1,20.0,0.0,0.0,0.0,0.0,0.583181,0.0,2516.45
5760_dose_850_gradient_0_VconcST_0_Vconc_0.9_run_1.csv,5760.0,850.0,0,0.9,0.0,0.9,1,20.25,0.0,0.0,0.0,0.0,0.789952,0.0,2541.14
5760_dose_850_gradient_0_VconcST_0_Vconc_0.9_run_1.csv,5760.0,850.0,0,0.9,0.0,0.9,1,20.5,0.0,0.0,0.0,0.0,0.946549,0.0,2515.89
5760_dose_850_gradient_0_VconcST_0_Vconc_0.9_run_1.csv,5760.0,850.0,0,0.9,0.0,0.9,1,20.75,0.0,0.0,0.0,0.0,1.0,0.0,2517.51
5760_dose_850_gradient_0_VconcST_0_Vconc_0.9_run_1.csv,5760.0,850.0,0,0.9,0.0,0.9,1,21.0,0.0,0.0,0.0,0.0,1.0,0.0,2543.29
5760_dose_850_gradient_0_VconcST_0_Vconc_0.9_run_1.csv,5760.0,850.0,0,0.9,0.0,0.9,1,21.25,0.0,0.0,0.0,0.0,1.0,0.0,2548.08
5760_dose_850_gradient_0_VconcST_0_Vconc_0.9_run_1.csv,5760.0,850.0,0,0.9,0.0,0.9,1,21.5,0.0,0.0,0.0,0.0,1.0,0.0,2515.14
5760_dose_850_gradient_0_VconcST_0_Vconc_0.9_run_1.csv,5760.0,850.0,0,0.9,0.0,0.9,1,21.75,0.0,0.0,0.0,0.0,1.0,0.0,2442.05
5760_dose_850_gradient_0_VconcST_0_Vconc_0.9_run_1.csv,5760.0,850.0,0,0.9,0.0,0.9,1,22.0,0.0,0.0,0.0,0.0,1.0,0.0,2558.4
5760_dose_850_gradient_0_VconcST_0_Vconc_0.9_run_1.csv,5760.0,850.0,0,0.9,0.0,0.9,1,22.25,0.0,0.0,0.0,0.0,1.0,0.0,2475.39
5760_dose_850_gradient_0_VconcST_0_Vconc_0.9_run_1.csv,5760.0,850.0,0,0.9,0.0,0.9,1,22.5,0.0,0.0,0.0,0.0,1.0,0.0,2529.86
5760_dose_850_gradient_0_VconcST_0_Vconc_0.9_run_1.csv,5760.0,850.0,0,0.9,0.0,0.9,1,22.75,0.0,0.0,0.0,0.0,1.0,0.0,2538.55
5760_dose_850_gradient_0_VconcST_0_Vconc_0.9_run_1.csv,5760.0,850.0,0,0.9,0.0,0.9,1,23.0,0.0,0.0,0.0,0.0,1.0,0.0,2549.59
5760_dose_850_gradient_0_VconcST_0_Vconc_0.9_run_1.csv,5760.0,850.0,0,0.9,0.0,0.9,1,23.25,0.0,0.0,0.0,0.0,1.0,0.0,2559.42
5760_dose_850_gradient_0_VconcST_0_Vconc_0.9_run_1.csv,5760.0,850.0,0,0.9,0.0,0.9,1,23.5,0.0,0.0,0.0,0.0,1.0,0.0,2501.96
5760_dose_850_gradient_0_VconcST_0_Vconc_0.9_run_1.csv,5760.0,850.0,0,0.9,0.0,0.9,1,23.75,0.0,0.0,0.0,0.0,1.0,0.0,2511.16
5760_dose_850_gradient_0_VconcST_0_Vconc_0.9_run_1.csv,5760.0,850.0,0,0.9,0.0,0.9,1,24.0,56.8541,850.0,0.0221429,56.8541,1.0,0.0,2571.58
5760_dose_850_gradient_0_VconcST_0_Vconc_0.9_run_1.csv,5760.0,850.0,0,0.9,0.0,0.9,1,24.25,3431.91,835.508,1.33662,3431.91,0.0,0.999941,0.0880443
5760_dose_850_gradient_0_VconcST_0_Vconc_0.9_run_1.csv,5760.0,850.0,0,0.9,0.0,0.9,1,24.5,6736.63,821.264,2.62371,6736.63,0.0,0.99997,0.055363
5760_dose_850_gradient_0_VconcST_0_Vconc_0.9_run_1.csv,5760.0,850.0,0,0.9,0.0,0.9,1,24.75,9972.25,807.263,3.88388,9972.25,0.0,0.99998,0.0338841
5760_dose_850_gradient_0_VconcST_0_Vconc_0.9_run_1.csv,5760.0,850.0,0,0.9,0.0,0.9,1,25.0,13140.0,793.5,5.11763,13140.0,0.0,0.999985,0.0245704
5760_dose_850_gradient_0_VconcST_0_Vconc_0.9_run_1.csv,5760.0,850.0,0,0.9,0.0,0.9,1,25.25,16241.1,779.971,6.32541,16241.1,0.0,0.999988,0.0193374
5760_dose_850_gradient_0_VconcST_0_Vconc_0.9_run_1.csv,5760.0,850.0,0,0.9,0.0,0.9,1,25.5,19276.7,766.674,7.50769,19276.7,0.0,0.99999,0.015945
5760_dose_850_gradient_0_VconcST_0_Vconc_0.9_run_1.csv,5760.0,850.0,0,0.9,0.0,0.9,1,25.75,22248.0,753.603,8.66492,22248.0,0.0,0.999991,0.0136675
5760_dose_850_gradient_0_VconcST_0_Vconc_0.9_run_1.csv,5760.0,850.0,0,0.9,0.0,0.9,1,26.0,25156.1,740.755,9.79754,25156.1,0.0,0.999992,0.0119705
5760_dose_850_gradient_0_VconcST_0_Vconc_0.9_run_1.csv,5760.0,850.0,0,0.9,0.0,0.9,1,26.25,28002.2,728.126,10.906,28002.2,0.0,0.999993,0.0106137
5760_dose_850_gradient_0_VconcST_0_Vconc_0.9_run_1.csv,5760.0,850.0,0,0.9,0.0,0.9,1,26.5,30787.4,715.712,11.9907,30787.4,0.0,0.999994,0.00958399
5760_dose_850_gradient_0_VconcST_0_Vconc_0.9_run_1.csv,5760.0,850.0,0,0.9,0.0,0.9,1,26.75,33512.7,703.51,13.0521,33512.7,0.0,0.999994,0.00885133
5760_dose_850_gradient_0_VconcST_0_Vconc_0.9_run_1.csv,5760.0,850.0,0,0.9,0.0,0.9,1,27.0,36179.2,691.516,14.0907,36179.2,0.0,0.999995,0.00814215
5760_dose_850_gradient_0_VconcST_0_Vconc_0.9_run_1.csv,5760.0,850.0,0,0.9,0.0,0.9,1,27.25,38787.9,679.726,15.1067,38787.9,0.0,0.999995,0.00754849
5760_dose_850_gradient_0_VconcST_0_Vconc_0.9_run_1.csv,5760.0,850.0,0,0.9,0.0,0.9,1,27.5,41340.0,668.138,16.1006,41340.0,0.0,0.999995,0.00704602
5760_dose_850_gradient_0_VconcST_0_Vconc_0.9_run_1.csv,5760.0,850.0,0,0.9,0.0,0.9,1,27.75,43836.3,656.747,17.0729,43836.3,0.0,0.999995,0.00662017
5760_dose_850_gradient_0_VconcST_0_Vconc_0.9_run_1.csv,5760.0,850.0,0,0.9,0.0,0.9,1,28.0,46278.0,645.55,18.0238,46278.0,0.0,0.999996,0.00627626
5760_dose_850_gradient_0_VconcST_0_Vconc_0.9_run_1.csv,5760.0,850.0,0,0.9,0.0,0.9,1,28.25,48665.9,634.544,18.9539,48665.9,0.0,0.999996,0.00593701
5760_dose_850_gradient_0_VconcST_0_Vconc_0.9_run_1.csv,5760.0,850.0,0,0.9,0.0,0.9,1,28.5,51001.1,623.726,19.8634,51001.1,0.0,0.999996,0.00568256
5760_dose_850_gradient_0_VconcST_0_Vconc_0.9_run_1.csv,5760.0,850.0,0,0.9,0.0,0.9,1,28.75,53284.5,613.093,20.7527,53284.5,0.0,0.999996,0.00544128
5760_dose_850_gradient_0_VconcST_0_Vconc_0.9_run_1.csv,5760.0,850.0,0,0.9,0.0,0.9,1,29.0,55517.0,602.64,21.6222,55517.0,0.0,0.999996,0.00517366
5760_dose_850_gradient_0_VconcST_0_Vconc_0.9_run_1.csv,5760.0,850.0,0,0.9,0.0,0.9,1,29.25,57699.5,592.366,22.4722,57699.5,0.0,0.999997,0.00500406
5760_dose_850_gradient_0_VconcST_0_Vconc_0.9_run_1.csv,5760.0,850.0,0,0.9,0.0,0.9,1,29.5,59833.0,582.267,23.3031,59833.0,0.0,0.999997,0.00484173
5760_dose_850_gradient_0_VconcST_0_Vconc_0.9_run_1.csv,5760.0,850.0,0,0.9,0.0,0.9,1,29.75,61918.2,572.34,24.1152,61918.2,0.0,0.999997,0.00467135
5760_dose_850_gradient_0_VconcST_0_Vconc_0.9_run_1.csv,5760.0,850.0,0,0.9,0.0,0.9,1,30.0,63956.1,562.582,24.9089,63956.1,0.0,0.999997,0.00449515
5760_dose_850_gradient_0_VconcST_0_Vconc_0.9_run_1.csv,5760.0,850.0,0,0.9,0.0,0.9,1,30.25,65947.6,552.991,25.6845,65947.6,0.0,0.999997,0.00432872
5760_dose_850_gradient_0_VconcST_0_Vconc_0.9_run_1.csv,5760.0,850.0,0,0.9,0.0,0.9,1,30.5,67893.4,543.563,26.4424,67893.4,0.0,0.999997,0.00433905
5760_dose_850_gradient_0_VconcST_0_Vconc_0.9_run_1.csv,5760.0,850.0,0,0.9,0.0,0.9,1,30.75,69794.4,534.296,27.1827,69794.4,0.0,0.999997,0.00416307
5760_dose_850_gradient_0_VconcST_0_Vconc_0.9_run_1.csv,5760.0,850.0,0,0.9,0.0,0.9,1,31.0,71651.4,525.187,27.906,71651.4,0.0,0.999997,0.00407694
5760_dose_850_gradient_0_VconcST_0_Vconc_0.9_run_1.csv,5760.0,850.0,0,0.9,0.0,0.9,1,31.25,73465.2,516.233,28.6124,73465.2,0.0,0.999997,0.00398628
5760_dose_850_gradient_0_VconcST_0_Vconc_0.9_run_1.csv,5760.0,850.0,0,0.9,0.0,0.9,1,31.5,75236.4,507.432,29.3023,75236.4,0.0,0.999997,0.00390146
5760_dose_850_gradient_0_VconcST_0_Vconc_0.9_run_1.csv,5760.0,850.0,0,0.9,0.0,0.9,1,31.75,76966.1,498.781,29.9759,76966.1,0.0,0.999997,0.00381665
5760_dose_850_gradient_0_VconcST_0_Vconc_0.9_run_1.csv,5760.0,850.0,0,0.9,0.0,0.9,1,32.0,78654.9,490.277,30.6336,78654.9,0.0,0.999997,0.00373446
5760_dose_850_gradient_0_VconcST_0_Vconc_0.9_run_1.csv,5760.0,850.0,0,0.9,0.0,0.9,1,32.25,80303.5,481.918,31.2757,80303.5,0.0,0.999997,0.00365367
5760_dose_850_gradient_0_VconcST_0_Vconc_0.9_run_1.csv,5760.0,850.0,0,0.9,0.0,0.9,1,32.5,81912.7,473.702,31.9024,81912.7,0.0,0.999997,0.00356222
5760_dose_850_gradient_0_VconcST_0_Vconc_0.9_run_1.csv,5760.0,850.0,0,0.9,0.0,0.9,1,32.75,83483.1,465.626,32.5141,83483.1,0.0,0.999998,0.00347947
5760_dose_850_gradient_0_VconcST_0_Vconc_0.9_run_1.csv,5760.0,850.0,0,0.9,0.0,0.9,1,33.0,85015.5,457.688,33.1109,85015.5,0.0,0.999998,0.00339913
5760_dose_850_gradient_0_VconcST_0_Vconc_0.9_run_1.csv,5760.0,850.0,0,0.9,0.0,0.9,1,33.25,86510.6,449.885,33.6932,86510.6,0.0,0.999998,0.00339425
5760_dose_850_gradient_0_VconcST_0_Vconc_0.9_run_1.csv,5760.0,850.0,0,0.9,0.0,0.9,1,33.5,87969.0,442.215,34.2612,87969.0,0.0,0.999998,0.00331206
5760_dose_850_gradient_0_VconcST_0_Vconc_0.9_run_1.csv,5760.0,850.0,0,0.9,0.0,0.9,1,33.75,89391.4,434.676,34.8152,89391.4,0.0,0.999998,0.00322294
5760_dose_850_gradient_0_VconcST_0_Vconc_0.9_run_1.csv,5760.0,850.0,0,0.9,0.0,0.9,1,34.0,90778.5,427.265,35.3554,90778.5,0.0,0.999998,0.00322294
5760_dose_850_gradient_0_VconcST_0_Vconc_0.9_run_1.csv,5760.0,850.0,0,0.9,0.0,0.9,1,34.25,92130.9,419.981,35.8821,92130.9,0.0,0.999998,0.00313814
5760_dose_850_gradient_0_VconcST_0_Vconc_0.9_run_1.csv,5760.0,850.0,0,0.9,0.0,0.9,1,34.5,93449.3,412.82,36.3956,93449.3,0.0,0.999998,0.00313814
5760_dose_850_gradient_0_VconcST_0_Vconc_0.9_run_1.csv,5760.0,850.0,0,0.9,0.0,0.9,1,34.75,94734.2,405.782,36.896,94734.2,0.0,0.999998,0.00305332
5760_dose_850_gradient_0_VconcST_0_Vconc_0.9_run_1.csv,5760.0,850.0,0,0.9,0.0,0.9,1,35.0,95986.3,398.864,37.3837,95986.3,0.0,0.999998,0.00305697
5760_dose_850_gradient_0_VconcST_0_Vconc_0.9_run_1.csv,5760.0,850.0,0,0.9,0.0,0.9,1,35.25,97206.2,392.064,37.8588,97206.2,0.0,0.999998,0.00297184
5760_dose_850_gradient_0_VconcST_0_Vconc_0.9_run_1.csv,5760.0,850.0,0,0.9,0.0,0.9,1,35.5,98394.4,385.38,38.3216,98394.4,0.0,0.999998,0.00297247
5760_dose_850_gradient_0_VconcST_0_Vconc_0.9_run_1.csv,5760.0,850.0,0,0.9,0.0,0.9,1,35.75,99551.6,378.81,38.7723,99551.6,0.0,0.999998,0.00288713
5760_dose_850_gradient_0_VconcST_0_Vconc_0.9_run_1.csv,5760.0,850.0,0,0.9,0.0,0.9,1,36.0,100678.0,372.352,39.2111,100678.0,0.0,0.999998,0.00288713
5760_dose_850_gradient_0_VconcST_0_Vconc_0.9_run_1.csv,5760.0,850.0,0,0.9,0.0,0.9,1,36.25,101775.0,366.004,39.6383,101775.0,0.0,0.999998,0.00288723
5760_dose_850_gradient_0_VconcST_0_Vconc_0.9_run_1.csv,5760.0,850.0,0,0.9,0.0,0.9,1,36.5,102843.0,359.764,40.054,102843.0,0.0,0.999998,0.00280054
5760_dose_850_gradient_0_VconcST_0_Vconc_0.9_run_1.csv,5760.0,850.0,0,0.9,0.0,0.9,1,36.75,103881.0,353.63,40.4585,103881.0,0.0,0.999998,0.00280654
5760_dose_850_gradient_0_VconcST_0_Vconc_0.9_run_1.csv,5760.0,850.0,0,0.9,0.0,0.9,1,37.0,104892.0,347.601,40.852,104892.0,0.0,0.999998,0.00280536
5760_dose_850_gradient_0_VconcST_0_Vconc_0.9_run_1.csv,5760.0,850.0,0,0.9,0.0,0.9,1,37.25,105874.0,341.675,41.2347,105874.0,0.0,0.999998,0.0027154
5760_dose_850_gradient_0_VconcST_0_Vconc_0.9_run_1.csv,5760.0,850.0,0,0.9,0.0,0.9,1,37.5,106829.0,335.85,41.6068,106829.0,0.0,0.999998,0.00271407
5760_dose_850_gradient_0_VconcST_0_Vconc_0.9_run_1.csv,5760.0,850.0,0,0.9,0.0,0.9,1,37.75,107758.0,330.124,41.9684,107758.0,0.0,0.999998,0.00271741
5760_dose_850_gradient_0_VconcST_0_Vconc_0.9_run_1.csv,5760.0,850.0,0,0.9,0.0,0.9,1,38.0,108660.0,324.496,42.3198,108660.0,0.0,0.999998,0.00263165
5760_dose_850_gradient_0_VconcST_0_Vconc_0.9_run_1.csv,5760.0,850.0,0,0.9,0.0,0.9,1,38.25,109537.0,318.964,42.6612,109537.0,0.0,0.999998,0.00263082
5760_dose_850_gradient_0_VconcST_0_Vconc_0.9_run_1.csv,5760.0,850.0,0,0.9,0.0,0.9,1,38.5,110388.0,313.526,42.9927,110388.0,0.0,0.999998,0.00262925
5760_dose_850_gradient_0_VconcST_0_Vconc_0.9_run_1.csv,5760.0,850.0,0,0.9,0.0,0.9,1,38.75,111214.0,308.181,43.3146,111214.0,0.0,0.999998,0.00262925
5760_dose_850_gradient_0_VconcST_0_Vconc_0.9_run_1.csv,5760.0,850.0,0,0.9,0.0,0.9,1,39.0,112016.0,302.926,43.627,112016.0,0.0,0.999998,0.00264708
5760_dose_850_gradient_0_VconcST_0_Vconc_0.9_run_1.csv,5760.0,850.0,0,0.9,0.0,0.9,1,39.25,112795.0,297.762,43.93,112795.0,0.0,0.999998,0.00254443
5760_dose_850_gradient_0_VconcST_0_Vconc_0.9_run_1.csv,5760.0,850.0,0,0.9,0.0,0.9,1,39.5,113549.0,292.685,44.2239,113549.0,0.0,0.999998,0.00254729
5760_dose_850_gradient_0_VconcST_0_Vconc_0.9_run_1.csv,5760.0,850.0,0,0.9,0.0,0.9,1,39.75,114281.0,287.695,44.5089,114281.0,0.0,0.999998,0.00255766
5760_dose_850_gradient_0_VconcST_0_Vconc_0.9_run_1.csv,5760.0,850.0,0,0.9,0.0,0.9,1,40.0,114990.0,282.791,44.7851,114990.0,0.0,0.999998,0.00254443
5760_dose_850_gradient_0_VconcST_0_Vconc_0.9_run_1.csv,5760.0,850.0,0,0.9,0.0,0.9,1,40.25,115677.0,277.969,45.0526,115677.0,0.0,0.999998,0.00254568
5760_dose_850_gradient_0_VconcST_0_Vconc_0.9_run_1.csv,5760.0,850.0,0,0.9,0.0,0.9,1,40.5,116342.0,273.23,45.3116,116342.0,0.0,0.999998,0.00246186
5760_dose_850_gradient_0_VconcST_0_Vconc_0.9_run_1.csv,5760.0,850.0,0,0.9,0.0,0.9,1,40.75,116986.0,268.572,45.5624,116986.0,0.0,0.999998,0.00246385
5760_dose_850_gradient_0_VconcST_0_Vconc_0.9_run_1.csv,5760.0,850.0,0,0.9,0.0,0.9,1,41.0,117609.0,263.993,45.805,117609.0,0.0,0.999998,0.00246281
5760_dose_850_gradient_0_VconcST_0_Vconc_0.9_run_1.csv,5760.0,850.0,0,0.9,0.0,0.9,1,41.25,118211.0,259.492,46.0396,118211.0,0.0,0.999998,0.00246601
5760_dose_850_gradient_0_VconcST_0_Vconc_0.9_run_1.csv,5760.0,850.0,0,0.9,0.0,0.9,1,41.5,118793.0,255.068,46.2663,118793.0,0.0,0.999998,0.00246817
5760_dose_850_gradient_0_VconcST_0_Vconc_0.8_run_2.csv,5760.0,850.0,0,0.8,0.0,0.8,2,0.0,0.0,0.0,0.0,0.0,0.0,0.0,0.0
5760_dose_850_gradient_0_VconcST_0_Vconc_0.8_run_2.csv,5760.0,850.0,0,0.8,0.0,0.8,2,0.25,0.0,0.0,0.0,0.0,0.0,0.0,2014.35
5760_dose_850_gradient_0_VconcST_0_Vconc_0.8_run_2.csv,5760.0,850.0,0,0.8,0.0,0.8,2,0.5,0.0,0.0,0.0,0.0,0.0,0.0,72.6634
5760_dose_850_gradient_0_VconcST_0_Vconc_0.8_run_2.csv,5760.0,850.0,0,0.8,0.0,0.8,2,0.75,0.0,0.0,0.0,0.0,0.0,0.0,1901.6
5760_dose_850_gradient_0_VconcST_0_Vconc_0.8_run_2.csv,5760.0,850.0,0,0.8,0.0,0.8,2,1.0,0.0,0.0,0.0,0.0,0.0,0.0,149.031
5760_dose_850_gradient_0_VconcST_0_Vconc_0.8_run_2.csv,5760.0,850.0,0,0.8,0.0,0.8,2,1.25,0.0,0.0,0.0,0.0,0.0,0.0,1886.01
5760_dose_850_gradient_0_VconcST_0_Vconc_0.8_run_2.csv,5760.0,850.0,0,0.8,0.0,0.8,2,1.5,0.0,0.0,0.0,0.0,0.0,0.0,141.438
5760_dose_850_gradient_0_VconcST_0_Vconc_0.8_run_2.csv,5760.0,850.0,0,0.8,0.0,0.8,2,1.75,0.0,0.0,0.0,0.0,0.0,0.0,1813.88
5760_dose_850_gradient_0_VconcST_0_Vconc_0.8_run_2.csv,5760.0,850.0,0,0.8,0.0,0.8,2,2.0,0.0,0.0,0.0,0.0,0.0,0.0,189.156
5760_dose_850_gradient_0_VconcST_0_Vconc_0.8_run_2.csv,5760.0,850.0,0,0.8,0.0,0.8,2,2.25,0.0,0.0,0.0,0.0,0.0,0.0,1820.98
5760_dose_850_gradient_0_VconcST_0_Vconc_0.8_run_2.csv,5760.0,850.0,0,0.8,0.0,0.8,2,2.5,0.0,0.0,0.0,0.0,0.0,0.0,206.111
5760_dose_850_gradient_0_VconcST_0_Vconc_0.8_run_2.csv,5760.0,850.0,0,0.8,0.0,0.8,2,2.75,0.0,0.0,0.0,0.0,0.0,0.0,1638.2
5760_dose_850_gradient_0_VconcST_0_Vconc_0.8_run_2.csv,5760.0,850.0,0,0.8,0.0,0.8,2,3.0,0.0,0.0,0.0,0.0,0.0,0.0,370.269
5760_dose_850_gradient_0_VconcST_0_Vconc_0.8_run_2.csv,5760.0,850.0,0,0.8,0.0,0.8,2,3.25,0.0,0.0,0.0,0.0,0.0,0.0,1555.3
5760_dose_850_gradient_0_VconcST_0_Vconc_0.8_run_2.csv,5760.0,850.0,0,0.8,0.0,0.8,2,3.5,0.0,0.0,0.0,0.0,0.0,0.0,430.763
5760_dose_850_gradient_0_VconcST_0_Vconc_0.8_run_2.csv,5760.0,850.0,0,0.8,0.0,0.8,2,3.75,0.0,0.0,0.0,0.0,0.0,0.0,1488.63
5760_dose_850_gradient_0_VconcST_0_Vconc_0.8_run_2.csv,5760.0,850.0,0,0.8,0.0,0.8,2,4.0,0.0,0.0,0.0,0.0,0.0,0.0,506.512
5760_dose_850_gradient_0_VconcST_0_Vconc_0.8_run_2.csv,5760.0,850.0,0,0.8,0.0,0.8,2,4.25,0.0,0.0,0.0,0.0,0.0,0.0,1345.93
5760_dose_850_gradient_0_VconcST_0_Vconc_0.8_run_2.csv,5760.0,850.0,0,0.8,0.0,0.8,2,4.5,0.0,0.0,0.0,0.0,0.0,0.0,687.349
5760_dose_850_gradient_0_VconcST_0_Vconc_0.8_run_2.csv,5760.0,850.0,0,0.8,0.0,0.8,2,4.75,0.0,0.0,0.0,0.0,0.0,0.0,1237.59
5760_dose_850_gradient_0_VconcST_0_Vconc_0.8_run_2.csv,5760.0,850.0,0,0.8,0.0,0.8,2,5.0,0.0,0.0,0.0,0.0,0.0,0.0,787.516
5760_dose_850_gradient_0_VconcST_0_Vconc_0.8_run_2.csv,5760.0,850.0,0,0.8,0.0,0.8,2,5.25,0.0,0.0,0.0,0.0,0.0,0.0,1093.96
5760_dose_850_gradient_0_VconcST_0_Vconc_0.8_run_2.csv,5760.0,850.0,0,0.8,0.0,0.8,2,5.5,0.0,0.0,0.0,0.0,0.0,0.0,971.648
5760_dose_850_gradient_0_VconcST_0_Vconc_0.8_run_2.csv,5760.0,850.0,0,0.8,0.0,0.8,2,5.75,0.0,0.0,0.0,0.0,0.0,0.0,988.058
5760_dose_850_gradient_0_VconcST_0_Vconc_0.8_run_2.csv,5760.0,850.0,0,0.8,0.0,0.8,2,6.0,0.0,0.0,0.0,0.0,0.0,0.0,1086.82
5760_dose_850_gradient_0_VconcST_0_Vconc_0.8_run_2.csv,5760.0,850.0,0,0.8,0.0,0.8,2,6.25,0.0,0.0,0.0,0.0,0.0,0.0,886.31
5760_dose_850_gradient_0_VconcST_0_Vconc_0.8_run_2.csv,5760.0,850.0,0,0.8,0.0,0.8,2,6.5,0.0,0.0,0.0,0.0,0.0,0.0,1205.49
5760_dose_850_gradient_0_VconcST_0_Vconc_0.8_run_2.csv,5760.0,850.0,0,0.8,0.0,0.8,2,6.75,0.0,0.0,0.0,0.0,0.0,0.0,815.839
5760_dose_850_gradient_0_VconcST_0_Vconc_0.8_run_2.csv,5760.0,850.0,0,0.8,0.0,0.8,2,7.0,0.0,0.0,0.0,0.0,0.0,0.0,1351.25
5760_dose_850_gradient_0_VconcST_0_Vconc_0.8_run_2.csv,5760.0,850.0,0,0.8,0.0,0.8,2,7.25,0.0,0.0,0.0,0.0,0.0,0.0,696.996
5760_dose_850_gradient_0_VconcST_0_Vconc_0.8_run_2.csv,5760.0,850.0,0,0.8,0.0,0.8,2,7.5,0.0,0.0,0.0,0.0,0.0,0.0,1465.13
5760_dose_850_gradient_0_VconcST_0_Vconc_0.8_run_2.csv,5760.0,850.0,0,0.8,0.0,0.8,2,7.75,0.0,0.0,0.0,0.0,0.0,0.0,893.06
5760_dose_850_gradient_0_VconcST_0_Vconc_0.8_run_2.csv,5760.0,850.0,0,0.8,0.0,0.8,2,8.0,0.0,0.0,0.0,0.0,0.0136502,0.0,1487.59
5760_dose_850_gradient_0_VconcST_0_Vconc_0.8_run_2.csv,5760.0,850.0,0,0.8,0.0,0.8,2,8.25,0.0,0.0,0.0,0.0,0.010178,0.0,1217.09
5760_dose_850_gradient_0_VconcST_0_Vconc_0.8_run_2.csv,5760.0,850.0,0,0.8,0.0,0.8,2,8.5,0.0,0.0,0.0,0.0,0.0509223,0.0,1508.77
5760_dose_850_gradient_0_VconcST_0_Vconc_0.8_run_2.csv,5760.0,850.0,0,0.8,0.0,0.8,2,8.75,0.0,0.0,0.0,0.0,0.123448,0.0,1737.49
5760_dose_850_gradient_0_VconcST_0_Vconc_0.8_run_2.csv,5760.0,850.0,0,0.8,0.0,0.8,2,9.0,0.0,0.0,0.0,0.0,0.227224,0.0,1950.05
5760_dose_850_gradient_0_VconcST_0_Vconc_0.8_run_2.csv,5760.0,850.0,0,0.8,0.0,0.8,2,9.25,0.0,0.0,0.0,0.0,0.36225,0.0,1999.38
5760_dose_850_gradient_0_VconcST_0_Vconc_0.8_run_2.csv,5760.0,850.0,0,0.8,0.0,0.8,2,9.5,0.0,0.0,0.0,0.0,0.528526,0.0,2159.15
5760_dose_850_gradient_0_VconcST_0_Vconc_0.8_run_2.csv,5760.0,850.0,0,0.8,0.0,0.8,2,9.75,0.0,0.0,0.0,0.0,0.726053,0.0,2209.65
5760_dose_850_gradient_0_VconcST_0_Vconc_0.8_run_2.csv,5760.0,850.0,0,0.8,0.0,0.8,2,10.0,0.0,0.0,0.0,0.0,0.88176,0.0,2251.27
5760_dose_850_gradient_0_VconcST_0_Vconc_0.8_run_2.csv,5760.0,850.0,0,0.8,0.0,0.8,2,10.25,0.0,0.0,0.0,0.0,0.992708,0.0,2262.33
5760_dose_850_gradient_0_VconcST_0_Vconc_0.8_run_2.csv,5760.0,850.0,0,0.8,0.0,0.8,2,10.5,0.0,0.0,0.0,0.0,1.0,0.0,2233.53
5760_dose_850_gradient_0_VconcST_0_Vconc_0.8_run_2.csv,5760.0,850.0,0,0.8,0.0,0.8,2,10.75,0.0,0.0,0.0,0.0,1.0,0.0,2228.91
5760_dose_850_gradient_0_VconcST_0_Vconc_0.8_run_2.csv,5760.0,850.0,0,0.8,0.0,0.8,2,11.0,0.0,0.0,0.0,0.0,1.0,0.0,2190.67
5760_dose_850_gradient_0_VconcST_0_Vconc_0.8_run_2.csv,5760.0,850.0,0,0.8,0.0,0.8,2,11.25,0.0,0.0,0.0,0.0,1.0,0.0,2304.7
5760_dose_850_gradient_0_VconcST_0_Vconc_0.8_run_2.csv,5760.0,850.0,0,0.8,0.0,0.8,2,11.5,0.0,0.0,0.0,0.0,1.0,0.0,2190.1
5760_dose_850_gradient_0_VconcST_0_Vconc_0.8_run_2.csv,5760.0,850.0,0,0.8,0.0,0.8,2,11.75,0.0,0.0,0.0,0.0,1.0,0.0,2256.92
5760_dose_850_gradient_0_VconcST_0_Vconc_0.8_run_2.csv,5760.0,850.0,0,0.8,0.0,0.8,2,12.0,0.0,0.0,0.0,0.0,1.0,0.0,2290.38
5760_dose_850_gradient_0_VconcST_0_Vconc_0.8_run_2.csv,5760.0,850.0,0,0.8,0.0,0.8,2,12.25,0.0,0.0,0.0,0.0,1.0,0.0,2212.46
5760_dose_850_gradient_0_VconcST_0_Vconc_0.8_run_2.csv,5760.0,850.0,0,0.8,0.0,0.8,2,12.5,0.0,0.0,0.0,0.0,1.0,0.0,2224.02
5760_dose_850_gradient_0_VconcST_0_Vconc_0.8_run_2.csv,5760.0,850.0,0,0.8,0.0,0.8,2,12.75,0.0,0.0,0.0,0.0,1.0,0.0,2105.47
5760_dose_850_gradient_0_VconcST_0_Vconc_0.8_run_2.csv,5760.0,850.0,0,0.8,0.0,0.8,2,13.0,0.0,0.0,0.0,0.0,1.0,0.0,2231.2
5760_dose_850_gradient_0_VconcST_0_Vconc_0.8_run_2.csv,5760.0,850.0,0,0.8,0.0,0.8,2,13.25,0.0,0.0,0.0,0.0,1.0,0.0,2209.52
5760_dose_850_gradient_0_VconcST_0_Vconc_0.8_run_2.csv,5760.0,850.0,0,0.8,0.0,0.8,2,13.5,0.0,0.0,0.0,0.0,1.0,0.0,2277.32
5760_dose_850_gradient_0_VconcST_0_Vconc_0.8_run_2.csv,5760.0,850.0,0,0.8,0.0,0.8,2,13.75,0.0,0.0,0.0,0.0,1.0,0.0,2237.14
5760_dose_850_gradient_0_VconcST_0_Vconc_0.8_run_2.csv,5760.0,850.0,0,0.8,0.0,0.8,2,14.0,0.0,0.0,0.0,0.0,1.0,0.0,2221.85
5760_dose_850_gradient_0_VconcST_0_Vconc_0.8_run_2.csv,5760.0,850.0,0,0.8,0.0,0.8,2,14.25,0.0,0.0,0.0,0.0,1.0,0.0,2156.2
5760_dose_850_gradient_0_VconcST_0_Vconc_0.8_run_2.csv,5760.0,850.0,0,0.8,0.0,0.8,2,14.5,0.0,0.0,0.0,0.0,1.0,0.0,2193.66
5760_dose_850_gradient_0_VconcST_0_Vconc_0.8_run_2.csv,5760.0,850.0,0,0.8,0.0,0.8,2,14.75,0.0,0.0,0.0,0.0,1.0,0.0,2216.04
5760_dose_850_gradient_0_VconcST_0_Vconc_0.8_run_2.csv,5760.0,850.0,0,0.8,0.0,0.8,2,15.0,0.0,0.0,0.0,0.0,1.0,0.0,2283.23
5760_dose_850_gradient_0_VconcST_0_Vconc_0.8_run_2.csv,5760.0,850.0,0,0.8,0.0,0.8,2,15.25,0.0,0.0,0.0,0.0,1.0,0.0,2205.15
5760_dose_850_gradient_0_VconcST_0_Vconc_0.8_run_2.csv,5760.0,850.0,0,0.8,0.0,0.8,2,15.5,0.0,0.0,0.0,0.0,1.0,0.0,2266.64
5760_dose_850_gradient_0_VconcST_0_Vconc_0.8_run_2.csv,5760.0,850.0,0,0.8,0.0,0.8,2,15.75,0.0,0.0,0.0,0.0,1.0,0.0,2191.21
5760_dose_850_gradient_0_VconcST_0_Vconc_0.8_run_2.csv,5760.0,850.0,0,0.8,0.0,0.8,2,16.0,0.0,0.0,0.0,0.0,1.0,0.0,2096.09
5760_dose_850_gradient_0_VconcST_0_Vconc_0.8_run_2.csv,5760.0,850.0,0,0.8,0.0,0.8,2,16.25,0.0,0.0,0.0,0.0,1.0,0.0,2172.98
5760_dose_850_gradient_0_VconcST_0_Vconc_0.8_run_2.csv,5760.0,850.0,0,0.8,0.0,0.8,2,16.5,0.0,0.0,0.0,0.0,1.0,0.0,2304.65
5760_dose_850_gradient_0_VconcST_0_Vconc_0.8_run_2.csv,5760.0,850.0,0,0.8,0.0,0.8,2,16.75,0.0,0.0,0.0,0.0,1.0,0.0,2202.84
5760_dose_850_gradient_0_VconcST_0_Vconc_0.8_run_2.csv,5760.0,850.0,0,0.8,0.0,0.8,2,17.0,0.0,0.0,0.0,0.0,1.0,0.0,2265.18
5760_dose_850_gradient_0_VconcST_0_Vconc_0.8_run_2.csv,5760.0,850.0,0,0.8,0.0,0.8,2,17.25,0.0,0.0,0.0,0.0,1.0,0.0,2226.94
5760_dose_850_gradient_0_VconcST_0_Vconc_0.8_run_2.csv,5760.0,850.0,0,0.8,0.0,0.8,2,17.5,0.0,0.0,0.0,0.0,1.0,0.0,2251.91
5760_dose_850_gradient_0_VconcST_0_Vconc_0.8_run_2.csv,5760.0,850.0,0,0.8,0.0,0.8,2,17.75,0.0,0.0,0.0,0.0,1.0,0.0,2212.74
5760_dose_850_gradient_0_VconcST_0_Vconc_0.8_run_2.csv,5760.0,850.0,0,0.8,0.0,0.8,2,18.0,0.0,0.0,0.0,0.0,1.0,0.0,2213.59
5760_dose_850_gradient_0_VconcST_0_Vconc_0.8_run_2.csv,5760.0,850.0,0,0.8,0.0,0.8,2,18.25,0.0,0.0,0.0,0.0,1.0,0.0,2205.85
5760_dose_850_gradient_0_VconcST_0_Vconc_0.8_run_2.csv,5760.0,850.0,0,0.8,0.0,0.8,2,18.5,0.0,0.0,0.0,0.0,1.0,0.0,2221.41
5760_dose_850_gradient_0_VconcST_0_Vconc_0.8_run_2.csv,5760.0,850.0,0,0.8,0.0,0.8,2,18.75,0.0,0.0,0.0,0.0,1.0,0.0,2240.2
5760_dose_850_gradient_0_VconcST_0_Vconc_0.8_run_2.csv,5760.0,850.0,0,0.8,0.0,0.8,2,19.0,0.0,0.0,0.0,0.0,1.0,0.0,2241.8
5760_dose_850_gradient_0_VconcST_0_Vconc_0.8_run_2.csv,5760.0,850.0,0,0.8,0.0,0.8,2,19.25,0.0,0.0,0.0,0.0,1.0,0.0,2227.34
5760_dose_850_gradient_0_VconcST_0_Vconc_0.8_run_2.csv,5760.0,850.0,0,0.8,0.0,0.8,2,19.5,0.0,0.0,0.0,0.0,1.0,0.0,2213.46
5760_dose_850_gradient_0_VconcST_0_Vconc_0.8_run_2.csv,5760.0,850.0,0,0.8,0.0,0.8,2,19.75,0.0,0.0,0.0,0.0,1.0,0.0,2271.69
5760_dose_850_gradient_0_VconcST_0_Vconc_0.8_run_2.csv,5760.0,850.0,0,0.8,0.0,0.8,2,20.0,0.0,0.0,0.0,0.0,1.0,0.0,2264.07
5760_dose_850_gradient_0_VconcST_0_Vconc_0.8_run_2.csv,5760.0,850.0,0,0.8,0.0,0.8,2,20.25,0.0,0.0,0.0,0.0,1.0,0.0,2285.65
5760_dose_850_gradient_0_VconcST_0_Vconc_0.8_run_2.csv,5760.0,850.0,0,0.8,0.0,0.8,2,20.5,0.0,0.0,0.0,0.0,1.0,0.0,2149.4
5760_dose_850_gradient_0_VconcST_0_Vconc_0.8_run_2.csv,5760.0,850.0,0,0.8,0.0,0.8,2,20.75,0.0,0.0,0.0,0.0,1.0,0.0,2190.42
5760_dose_850_gradient_0_VconcST_0_Vconc_0.8_run_2.csv,5760.0,850.0,0,0.8,0.0,0.8,2,21.0,0.0,0.0,0.0,0.0,1.0,0.0,2169.25
5760_dose_850_gradient_0_VconcST_0_Vconc_0.8_run_2.csv,5760.0,850.0,0,0.8,0.0,0.8,2,21.25,0.0,0.0,0.0,0.0,1.0,0.0,2225.89
5760_dose_850_gradient_0_VconcST_0_Vconc_0.8_run_2.csv,5760.0,850.0,0,0.8,0.0,0.8,2,21.5,0.0,0.0,0.0,0.0,1.0,0.0,2270.34
5760_dose_850_gradient_0_VconcST_0_Vconc_0.8_run_2.csv,5760.0,850.0,0,0.8,0.0,0.8,2,21.75,0.0,0.0,0.0,0.0,1.0,0.0,2159.12
5760_dose_850_gradient_0_VconcST_0_Vconc_0.8_run_2.csv,5760.0,850.0,0,0.8,0.0,0.8,2,22.0,0.0,0.0,0.0,0.0,1.0,0.0,2262.3
5760_dose_850_gradient_0_VconcST_0_Vconc_0.8_run_2.csv,5760.0,850.0,0,0.8,0.0,0.8,2,22.25,0.0,0.0,0.0,0.0,1.0,0.0,2263.41
5760_dose_850_gradient_0_VconcST_0_Vconc_0.8_run_2.csv,5760.0,850.0,0,0.8,0.0,0.8,2,22.5,0.0,0.0,0.0,0.0,1.0,0.0,2197.07
5760_dose_850_gradient_0_VconcST_0_Vconc_0.8_run_2.csv,5760.0,850.0,0,0.8,0.0,0.8,2,22.75,0.0,0.0,0.0,0.0,1.0,0.0,2233.72
5760_dose_850_gradient_0_VconcST_0_Vconc_0.8_run_2.csv,5760.0,850.0,0,0.8,0.0,0.8,2,23.0,0.0,0.0,0.0,0.0,1.0,0.0,2291.64
5760_dose_850_gradient_0_VconcST_0_Vconc_0.8_run_2.csv,5760.0,850.0,0,0.8,0.0,0.8,2,23.25,0.0,0.0,0.0,0.0,1.0,0.0,2300.75
5760_dose_850_gradient_0_VconcST_0_Vconc_0.8_run_2.csv,5760.0,850.0,0,0.8,0.0,0.8,2,23.5,0.0,0.0,0.0,0.0,1.0,0.0,2235.53
5760_dose_850_gradient_0_VconcST_0_Vconc_0.8_run_2.csv,5760.0,850.0,0,0.8,0.0,0.8,2,23.75,0.0,0.0,0.0,0.0,1.0,0.0,2234.43
5760_dose_850_gradient_0_VconcST_0_Vconc_0.8_run_2.csv,5760.0,850.0,0,0.8,0.0,0.8,2,24.0,56.8541,850.0,0.0221429,56.8541,1.0,0.0,2336.09
5760_dose_850_gradient_0_VconcST_0_Vconc_0.8_run_2.csv,5760.0,850.0,0,0.8,0.0,0.8,2,24.25,3431.91,835.508,1.33662,3431.91,0.0,0.999941,0.0754355
5760_dose_850_gradient_0_VconcST_0_Vconc_0.8_run_2.csv,5760.0,850.0,0,0.8,0.0,0.8,2,24.5,6736.63,821.264,2.62371,6736.63,0.0,0.99997,0.0492913
5760_dose_850_gradient_0_VconcST_0_Vconc_0.8_run_2.csv,5760.0,850.0,0,0.8,0.0,0.8,2,24.75,9972.25,807.263,3.88388,9972.25,0.0,0.99998,0.0301415
5760_dose_850_gradient_0_VconcST_0_Vconc_0.8_run_2.csv,5760.0,850.0,0,0.8,0.0,0.8,2,25.0,13140.0,793.5,5.11763,13140.0,0.0,0.999985,0.0217877
5760_dose_850_gradient_0_VconcST_0_Vconc_0.8_run_2.csv,5760.0,850.0,0,0.8,0.0,0.8,2,25.25,16241.1,779.971,6.32541,16241.1,0.0,0.999988,0.0171889
5760_dose_850_gradient_0_VconcST_0_Vconc_0.8_run_2.csv,5760.0,850.0,0,0.8,0.0,0.8,2,25.5,19276.7,766.674,7.50769,19276.7,0.0,0.99999,0.0141892
5760_dose_850_gradient_0_VconcST_0_Vconc_0.8_run_2.csv,5760.0,850.0,0,0.8,0.0,0.8,2,25.75,22248.0,753.603,8.66492,22248.0,0.0,0.999991,0.0121378
5760_dose_850_gradient_0_VconcST_0_Vconc_0.8_run_2.csv,5760.0,850.0,0,0.8,0.0,0.8,2,26.0,25156.1,740.755,9.79754,25156.1,0.0,0.999992,0.0106547
5760_dose_850_gradient_0_VconcST_0_Vconc_0.8_run_2.csv,5760.0,850.0,0,0.8,0.0,0.8,2,26.25,28002.2,728.126,10.906,28002.2,0.0,0.999993,0.00943307
5760_dose_850_gradient_0_VconcST_0_Vconc_0.8_run_2.csv,5760.0,850.0,0,0.8,0.0,0.8,2,26.5,30787.4,715.712,11.9907,30787.4,0.0,0.999994,0.00853103
5760_dose_850_gradient_0_VconcST_0_Vconc_0.8_run_2.csv,5760.0,850.0,0,0.8,0.0,0.8,2,26.75,33512.7,703.51,13.0521,33512.7,0.0,0.999994,0.0078461
5760_dose_850_gradient_0_VconcST_0_Vconc_0.8_run_2.csv,5760.0,850.0,0,0.8,0.0,0.8,2,27.0,36179.2,691.516,14.0907,36179.2,0.0,0.999995,0.00723747
5760_dose_850_gradient_0_VconcST_0_Vconc_0.8_run_2.csv,5760.0,850.0,0,0.8,0.0,0.8,2,27.25,38787.9,679.726,15.1067,38787.9,0.0,0.999995,0.00672058
5760_dose_850_gradient_0_VconcST_0_Vconc_0.8_run_2.csv,5760.0,850.0,0,0.8,0.0,0.8,2,27.5,41340.0,668.138,16.1006,41340.0,0.0,0.999995,0.00628067
5760_dose_850_gradient_0_VconcST_0_Vconc_0.8_run_2.csv,5760.0,850.0,0,0.8,0.0,0.8,2,27.75,43836.3,656.747,17.0729,43836.3,0.0,0.999995,0.00589036
5760_dose_850_gradient_0_VconcST_0_Vconc_0.8_run_2.csv,5760.0,850.0,0,0.8,0.0,0.8,2,28.0,46278.0,645.55,18.0238,46278.0,0.0,0.999996,0.00557888
5760_dose_850_gradient_0_VconcST_0_Vconc_0.8_run_2.csv,5760.0,850.0,0,0.8,0.0,0.8,2,28.25,48665.9,634.544,18.9539,48665.9,0.0,0.999996,0.0052816
5760_dose_850_gradient_0_VconcST_0_Vconc_0.8_run_2.csv,5760.0,850.0,0,0.8,0.0,0.8,2,28.5,51001.1,623.726,19.8634,51001.1,0.0,0.999996,0.0050643
5760_dose_850_gradient_0_VconcST_0_Vconc_0.8_run_2.csv,5760.0,850.0,0,0.8,0.0,0.8,2,28.75,53284.5,613.093,20.7527,53284.5,0.0,0.999996,0.00483174
5760_dose_850_gradient_0_VconcST_0_Vconc_0.8_run_2.csv,5760.0,850.0,0,0.8,0.0,0.8,2,29.0,55517.0,602.64,21.6222,55517.0,0.0,0.999996,0.00459884
5760_dose_850_gradient_0_VconcST_0_Vconc_0.8_run_2.csv,5760.0,850.0,0,0.8,0.0,0.8,2,29.25,57699.5,592.366,22.4722,57699.5,0.0,0.999997,0.00445428
5760_dose_850_gradient_0_VconcST_0_Vconc_0.8_run_2.csv,5760.0,850.0,0,0.8,0.0,0.8,2,29.5,59833.0,582.267,23.3031,59833.0,0.0,0.999997,0.00430346
5760_dose_850_gradient_0_VconcST_0_Vconc_0.8_run_2.csv,5760.0,850.0,0,0.8,0.0,0.8,2,29.75,61918.2,572.34,24.1152,61918.2,0.0,0.999997,0.00414648
5760_dose_850_gradient_0_VconcST_0_Vconc_0.8_run_2.csv,5760.0,850.0,0,0.8,0.0,0.8,2,30.0,63956.1,562.582,24.9089,63956.1,0.0,0.999997,0.00399852
5760_dose_850_gradient_0_VconcST_0_Vconc_0.8_run_2.csv,5760.0,850.0,0,0.8,0.0,0.8,2,30.25,65947.6,552.991,25.6845,65947.6,0.0,0.999997,0.00384912
5760_dose_850_gradient_0_VconcST_0_Vconc_0.8_run_2.csv,5760.0,850.0,0,0.8,0.0,0.8,2,30.5,67893.4,543.563,26.4424,67893.4,0.0,0.999997,0.00385033
5760_dose_850_gradient_0_VconcST_0_Vconc_0.8_run_2.csv,5760.0,850.0,0,0.8,0.0,0.8,2,30.75,69794.4,534.296,27.1827,69794.4,0.0,0.999997,0.00370579
5760_dose_850_gradient_0_VconcST_0_Vconc_0.8_run_2.csv,5760.0,850.0,0,0.8,0.0,0.8,2,31.0,71651.4,525.187,27.906,71651.4,0.0,0.999997,0.00361875
5760_dose_850_gradient_0_VconcST_0_Vconc_0.8_run_2.csv,5760.0,850.0,0,0.8,0.0,0.8,2,31.25,73465.2,516.233,28.6124,73465.2,0.0,0.999997,0.00354333
5760_dose_850_gradient_0_VconcST_0_Vconc_0.8_run_2.csv,5760.0,850.0,0,0.8,0.0,0.8,2,31.5,75236.4,507.432,29.3023,75236.4,0.0,0.999997,0.00347041
5760_dose_850_gradient_0_VconcST_0_Vconc_0.8_run_2.csv,5760.0,850.0,0,0.8,0.0,0.8,2,31.75,76966.1,498.781,29.9759,76966.1,0.0,0.999997,0.00339663
5760_dose_850_gradient_0_VconcST_0_Vconc_0.8_run_2.csv,5760.0,850.0,0,0.8,0.0,0.8,2,32.0,78654.9,490.277,30.6336,78654.9,0.0,0.999997,0.00331718
5760_dose_850_gradient_0_VconcST_0_Vconc_0.8_run_2.csv,5760.0,850.0,0,0.8,0.0,0.8,2,32.25,80303.5,481.918,31.2757,80303.5,0.0,0.999997,0.00324602
5760_dose_850_gradient_0_VconcST_0_Vconc_0.8_run_2.csv,5760.0,850.0,0,0.8,0.0,0.8,2,32.5,81912.7,473.702,31.9024,81912.7,0.0,0.999997,0.0031664
5760_dose_850_gradient_0_VconcST_0_Vconc_0.8_run_2.csv,5760.0,850.0,0,0.8,0.0,0.8,2,32.75,83483.1,465.626,32.5141,83483.1,0.0,0.999998,0.00309623
5760_dose_850_gradient_0_VconcST_0_Vconc_0.8_run_2.csv,5760.0,850.0,0,0.8,0.0,0.8,2,33.0,85015.5,457.688,33.1109,85015.5,0.0,0.999998,0.00301774
5760_dose_850_gradient_0_VconcST_0_Vconc_0.8_run_2.csv,5760.0,850.0,0,0.8,0.0,0.8,2,33.25,86510.6,449.885,33.6932,86510.6,0.0,0.999998,0.00301562
5760_dose_850_gradient_0_VconcST_0_Vconc_0.8_run_2.csv,5760.0,850.0,0,0.8,0.0,0.8,2,33.5,87969.0,442.215,34.2612,87969.0,0.0,0.999998,0.0029488
5760_dose_850_gradient_0_VconcST_0_Vconc_0.8_run_2.csv,5760.0,850.0,0,0.8,0.0,0.8,2,33.75,89391.4,434.676,34.8152,89391.4,0.0,0.999998,0.00286686
5760_dose_850_gradient_0_VconcST_0_Vconc_0.8_run_2.csv,5760.0,850.0,0,0.8,0.0,0.8,2,34.0,90778.5,427.265,35.3554,90778.5,0.0,0.999998,0.00287321
5760_dose_850_gradient_0_VconcST_0_Vconc_0.8_run_2.csv,5760.0,850.0,0,0.8,0.0,0.8,2,34.25,92130.9,419.981,35.8821,92130.9,0.0,0.999998,0.00279111
5760_dose_850_gradient_0_VconcST_0_Vconc_0.8_run_2.csv,5760.0,850.0,0,0.8,0.0,0.8,2,34.5,93449.3,412.82,36.3956,93449.3,0.0,0.999998,0.00279444
5760_dose_850_gradient_0_VconcST_0_Vconc_0.8_run_2.csv,5760.0,850.0,0,0.8,0.0,0.8,2,34.75,94734.2,405.782,36.896,94734.2,0.0,0.999998,0.00272265
5760_dose_850_gradient_0_VconcST_0_Vconc_0.8_run_2.csv,5760.0,850.0,0,0.8,0.0,0.8,2,35.0,95986.3,398.864,37.3837,95986.3,0.0,0.999998,0.00271741
5760_dose_850_gradient_0_VconcST_0_Vconc_0.8_run_2.csv,5760.0,850.0,0,0.8,0.0,0.8,2,35.25,97206.2,392.064,37.8588,97206.2,0.0,0.999998,0.00263867
5760_dose_850_gradient_0_VconcST_0_Vconc_0.8_run_2.csv,5760.0,850.0,0,0.8,0.0,0.8,2,35.5,98394.4,385.38,38.3216,98394.4,0.0,0.999998,0.00263997
5760_dose_850_gradient_0_VconcST_0_Vconc_0.8_run_2.csv,5760.0,850.0,0,0.8,0.0,0.8,2,35.75,99551.6,378.81,38.7723,99551.6,0.0,0.999998,0.00256923
5760_dose_850_gradient_0_VconcST_0_Vconc_0.8_run_2.csv,5760.0,850.0,0,0.8,0.0,0.8,2,36.0,100678.0,372.352,39.2111,100678.0,0.0,0.999998,0.00256797
5760_dose_850_gradient_0_VconcST_0_Vconc_0.8_run_2.csv,5760.0,850.0,0,0.8,0.0,0.8,2,36.25,101775.0,366.004,39.6383,101775.0,0.0,0.999998,0.00256878
5760_dose_850_gradient_0_VconcST_0_Vconc_0.8_run_2.csv,5760.0,850.0,0,0.8,0.0,0.8,2,36.5,102843.0,359.764,40.054,102843.0,0.0,0.999998,0.00248789
5760_dose_850_gradient_0_VconcST_0_Vconc_0.8_run_2.csv,5760.0,850.0,0,0.8,0.0,0.8,2,36.75,103881.0,353.63,40.4585,103881.0,0.0,0.999998,0.00249069
5760_dose_850_gradient_0_VconcST_0_Vconc_0.8_run_2.csv,5760.0,850.0,0,0.8,0.0,0.8,2,37.0,104892.0,347.601,40.852,104892.0,0.0,0.999998,0.00249462
5760_dose_850_gradient_0_VconcST_0_Vconc_0.8_run_2.csv,5760.0,850.0,0,0.8,0.0,0.8,2,37.25,105874.0,341.675,41.2347,105874.0,0.0,0.999998,0.0024174
5760_dose_850_gradient_0_VconcST_0_Vconc_0.8_run_2.csv,5760.0,850.0,0,0.8,0.0,0.8,2,37.5,106829.0,335.85,41.6068,106829.0,0.0,0.999998,0.00242087
5760_dose_850_gradient_0_VconcST_0_Vconc_0.8_run_2.csv,5760.0,850.0,0,0.8,0.0,0.8,2,37.75,107758.0,330.124,41.9684,107758.0,0.0,0.999998,0.00241248
5760_dose_850_gradient_0_VconcST_0_Vconc_0.8_run_2.csv,5760.0,850.0,0,0.8,0.0,0.8,2,38.0,108660.0,324.496,42.3198,108660.0,0.0,0.999998,0.0023371
5760_dose_850_gradient_0_VconcST_0_Vconc_0.8_run_2.csv,5760.0,850.0,0,0.8,0.0,0.8,2,38.25,109537.0,318.964,42.6612,109537.0,0.0,0.999998,0.0023371
5760_dose_850_gradient_0_VconcST_0_Vconc_0.8_run_2.csv,5760.0,850.0,0,0.8,0.0,0.8,2,38.5,110388.0,313.526,42.9927,110388.0,0.0,0.999998,0.0023385
5760_dose_850_gradient_0_VconcST_0_Vconc_0.8_run_2.csv,5760.0,850.0,0,0.8,0.0,0.8,2,38.75,111214.0,308.181,43.3146,111214.0,0.0,0.999998,0.00233899
5760_dose_850_gradient_0_VconcST_0_Vconc_0.8_run_2.csv,5760.0,850.0,0,0.8,0.0,0.8,2,39.0,112016.0,302.926,43.627,112016.0,0.0,0.999998,0.00233875
5760_dose_850_gradient_0_VconcST_0_Vconc_0.8_run_2.csv,5760.0,850.0,0,0.8,0.0,0.8,2,39.25,112795.0,297.762,43.93,112795.0,0.0,0.999998,0.00226808
5760_dose_850_gradient_0_VconcST_0_Vconc_0.8_run_2.csv,5760.0,850.0,0,0.8,0.0,0.8,2,39.5,113549.0,292.685,44.2239,113549.0,0.0,0.999998,0.00226442
5760_dose_850_gradient_0_VconcST_0_Vconc_0.8_run_2.csv,5760.0,850.0,0,0.8,0.0,0.8,2,39.75,114281.0,287.695,44.5089,114281.0,0.0,0.999998,0.00226172
5760_dose_850_gradient_0_VconcST_0_Vconc_0.8_run_2.csv,5760.0,850.0,0,0.8,0.0,0.8,2,40.0,114990.0,282.791,44.7851,114990.0,0.0,0.999998,0.00226816
5760_dose_850_gradient_0_VconcST_0_Vconc_0.8_run_2.csv,5760.0,850.0,0,0.8,0.0,0.8,2,40.25,115677.0,277.969,45.0526,115677.0,0.0,0.999998,0.00226172
5760_dose_850_gradient_0_VconcST_0_Vconc_0.8_run_2.csv,5760.0,850.0,0,0.8,0.0,0.8,2,40.5,116342.0,273.23,45.3116,116342.0,0.0,0.999998,0.00218633
5760_dose_850_gradient_0_VconcST_0_Vconc_0.8_run_2.csv,5760.0,850.0,0,0.8,0.0,0.8,2,40.75,116986.0,268.572,45.5624,116986.0,0.0,0.999998,0.00219002
5760_dose_850_gradient_0_VconcST_0_Vconc_0.8_run_2.csv,5760.0,850.0,0,0.8,0.0,0.8,2,41.0,117609.0,263.993,45.805,117609.0,0.0,0.999998,0.00218633
5760_dose_850_gradient_0_VconcST_0_Vconc_0.8_run_2.csv,5760.0,850.0,0,0.8,0.0,0.8,2,41.25,118211.0,259.492,46.0396,118211.0,0.0,0.999998,0.00218633
5760_dose_850_gradient_0_VconcST_0_Vconc_0.8_run_2.csv,5760.0,850.0,0,0.8,0.0,0.8,2,41.5,118793.0,255.068,46.2663,118793.0,0.0,0.999998,0.00219271
5760_dose_850_gradient_0_VconcST_0_Vconc_0.8_run_0.csv,5760.0,850.0,0,0.8,0.0,0.8,0,0.0,0.0,0.0,0.0,0.0,0.0,0.0,0.0
5760_dose_850_gradient_0_VconcST_0_Vconc_0.8_run_0.csv,5760.0,850.0,0,0.8,0.0,0.8,0,0.25,0.0,0.0,0.0,0.0,0.0,0.0,2050.93
5760_dose_850_gradient_0_VconcST_0_Vconc_0.8_run_0.csv,5760.0,850.0,0,0.8,0.0,0.8,0,0.5,0.0,0.0,0.0,0.0,0.0,0.0,45.8273
5760_dose_850_gradient_0_VconcST_0_Vconc_0.8_run_0.csv,5760.0,850.0,0,0.8,0.0,0.8,0,0.75,0.0,0.0,0.0,0.0,0.0,0.0,1934.27
5760_dose_850_gradient_0_VconcST_0_Vconc_0.8_run_0.csv,5760.0,850.0,0,0.8,0.0,0.8,0,1.0,0.0,0.0,0.0,0.0,0.0,0.0,106.463
5760_dose_850_gradient_0_VconcST_0_Vconc_0.8_run_0.csv,5760.0,850.0,0,0.8,0.0,0.8,0,1.25,0.0,0.0,0.0,0.0,0.0,0.0,1880.52
5760_dose_850_gradient_0_VconcST_0_Vconc_0.8_run_0.csv,5760.0,850.0,0,0.8,0.0,0.8,0,1.5,0.0,0.0,0.0,0.0,0.0,0.0,146.894
5760_dose_850_gradient_0_VconcST_0_Vconc_0.8_run_0.csv,5760.0,850.0,0,0.8,0.0,0.8,0,1.75,0.0,0.0,0.0,0.0,0.0,0.0,1846.95
5760_dose_850_gradient_0_VconcST_0_Vconc_0.8_run_0.csv,5760.0,850.0,0,0.8,0.0,0.8,0,2.0,0.0,0.0,0.0,0.0,0.0,0.0,187.564
5760_dose_850_gradient_0_VconcST_0_Vconc_0.8_run_0.csv,5760.0,850.0,0,0.8,0.0,0.8,0,2.25,0.0,0.0,0.0,0.0,0.0,0.0,1787.19
5760_dose_850_gradient_0_VconcST_0_Vconc_0.8_run_0.csv,5760.0,850.0,0,0.8,0.0,0.8,0,2.5,0.0,0.0,0.0,0.0,0.0,0.0,207.002
5760_dose_850_gradient_0_VconcST_0_Vconc_0.8_run_0.csv,5760.0,850.0,0,0.8,0.0,0.8,0,2.75,0.0,0.0,0.0,0.0,0.0,0.0,1731.69
5760_dose_850_gradient_0_VconcST_0_Vconc_0.8_run_0.csv,5760.0,850.0,0,0.8,0.0,0.8,0,3.0,0.0,0.0,0.0,0.0,0.0,0.0,258.929
5760_dose_850_gradient_0_VconcST_0_Vconc_0.8_run_0.csv,5760.0,850.0,0,0.8,0.0,0.8,0,3.25,0.0,0.0,0.0,0.0,0.0,0.0,1599.19
5760_dose_850_gradient_0_VconcST_0_Vconc_0.8_run_0.csv,5760.0,850.0,0,0.8,0.0,0.8,0,3.5,0.0,0.0,0.0,0.0,0.0,0.0,444.291
5760_dose_850_gradient_0_VconcST_0_Vconc_0.8_run_0.csv,5760.0,850.0,0,0.8,0.0,0.8,0,3.75,0.0,0.0,0.0,0.0,0.0,0.0,1447.75
5760_dose_850_gradient_0_VconcST_0_Vconc_0.8_run_0.csv,5760.0,850.0,0,0.8,0.0,0.8,0,4.0,0.0,0.0,0.0,0.0,0.0,0.0,601.366
5760_dose_850_gradient_0_VconcST_0_Vconc_0.8_run_0.csv,5760.0,850.0,0,0.8,0.0,0.8,0,4.25,0.0,0.0,0.0,0.0,0.0,0.0,1326.77
5760_dose_850_gradient_0_VconcST_0_Vconc_0.8_run_0.csv,5760.0,850.0,0,0.8,0.0,0.8,0,4.5,0.0,0.0,0.0,0.0,0.0,0.0,692.118
5760_dose_850_gradient_0_VconcST_0_Vconc_0.8_run_0.csv,5760.0,850.0,0,0.8,0.0,0.8,0,4.75,0.0,0.0,0.0,0.0,0.0,0.0,1220.9
5760_dose_850_gradient_0_VconcST_0_Vconc_0.8_run_0.csv,5760.0,850.0,0,0.8,0.0,0.8,0,5.0,0.0,0.0,0.0,0.0,0.0,0.0,873.289
5760_dose_850_gradient_0_VconcST_0_Vconc_0.8_run_0.csv,5760.0,850.0,0,0.8,0.0,0.8,0,5.25,0.0,0.0,0.0,0.0,0.0,0.0,1089.01
5760_dose_850_gradient_0_VconcST_0_Vconc_0.8_run_0.csv,5760.0,850.0,0,0.8,0.0,0.8,0,5.5,0.0,0.0,0.0,0.0,0.0,0.0,1007.31
5760_dose_850_gradient_0_VconcST_0_Vconc_0.8_run_0.csv,5760.0,850.0,0,0.8,0.0,0.8,0,5.75,0.0,0.0,0.0,0.0,0.0,0.0,962.987
5760_dose_850_gradient_0_VconcST_0_Vconc_0.8_run_0.csv,5760.0,850.0,0,0.8,0.0,0.8,0,6.0,0.0,0.0,0.0,0.0,0.0,0.0,1149.2
5760_dose_850_gradient_0_VconcST_0_Vconc_0.8_run_0.csv,5760.0,850.0,0,0.8,0.0,0.8,0,6.25,0.0,0.0,0.0,0.0,0.0,0.0,920.777
5760_dose_850_gradient_0_VconcST_0_Vconc_0.8_run_0.csv,5760.0,850.0,0,0.8,0.0,0.8,0,6.5,0.0,0.0,0.0,0.0,0.0,0.0,1262.86
5760_dose_850_gradient_0_VconcST_0_Vconc_0.8_run_0.csv,5760.0,850.0,0,0.8,0.0,0.8,0,6.75,0.0,0.0,0.0,0.0,0.0,0.0,925.961
5760_dose_850_gradient_0_VconcST_0_Vconc_0.8_run_0.csv,5760.0,850.0,0,0.8,0.0,0.8,0,7.0,0.0,0.0,0.0,0.0,0.00133681,0.0,1392.79
5760_dose_850_gradient_0_VconcST_0_Vconc_0.8_run_0.csv,5760.0,850.0,0,0.8,0.0,0.8,0,7.25,0.0,0.0,0.0,0.0,0.00973958,0.0,1324.91
5760_dose_850_gradient_0_VconcST_0_Vconc_0.8_run_0.csv,5760.0,850.0,0,0.8,0.0,0.8,0,7.5,0.0,0.0,0.0,0.0,0.0503863,0.0,1465.27
5760_dose_850_gradient_0_VconcST_0_Vconc_0.8_run_0.csv,5760.0,850.0,0,0.8,0.0,0.8,0,7.75,0.0,0.0,0.0,0.0,0.122652,0.0,1595.9
5760_dose_850_gradient_0_VconcST_0_Vconc_0.8_run_0.csv,5760.0,850.0,0,0.8,0.0,0.8,0,8.0,0.0,0.0,0.0,0.0,0.226168,0.0,1997.33
5760_dose_850_gradient_0_VconcST_0_Vconc_0.8_run_0.csv,5760.0,850.0,0,0.8,0.0,0.8,0,8.25,0.0,0.0,0.0,0.0,0.360933,0.0,2155.13
5760_dose_850_gradient_0_VconcST_0_Vconc_0.8_run_0.csv,5760.0,850.0,0,0.8,0.0,0.8,0,8.5,0.0,0.0,0.0,0.0,0.511727,0.0,2245.86
5760_dose_850_gradient_0_VconcST_0_Vconc_0.8_run_0.csv,5760.0,850.0,0,0.8,0.0,0.8,0,8.75,0.0,0.0,0.0,0.0,0.706259,0.0,2146.97
5760_dose_850_gradient_0_VconcST_0_Vconc_0.8_run_0.csv,5760.0,850.0,0,0.8,0.0,0.8,0,9.0,0.0,0.0,0.0,0.0,0.897556,0.0,2206.16
5760_dose_850_gradient_0_VconcST_0_Vconc_0.8_run_0.csv,5760.0,850.0,0,0.8,0.0,0.8,0,9.25,0.0,0.0,0.0,0.0,0.994792,0.0,2132.13
5760_dose_850_gradient_0_VconcST_0_Vconc_0.8_run_0.csv,5760.0,850.0,0,0.8,0.0,0.8,0,9.5,0.0,0.0,0.0,0.0,1.0,0.0,2257.12
5760_dose_850_gradient_0_VconcST_0_Vconc_0.8_run_0.csv,5760.0,850.0,0,0.8,0.0,0.8,0,9.75,0.0,0.0,0.0,0.0,1.0,0.0,2201.26
5760_dose_850_gradient_0_VconcST_0_Vconc_0.8_run_0.csv,5760.0,850.0,0,0.8,0.0,0.8,0,10.0,0.0,0.0,0.0,0.0,1.0,0.0,2234.44
5760_dose_850_gradient_0_VconcST_0_Vconc_0.8_run_0.csv,5760.0,850.0,0,0.8,0.0,0.8,0,10.25,0.0,0.0,0.0,0.0,1.0,0.0,2264.76
5760_dose_850_gradient_0_VconcST_0_Vconc_0.8_run_0.csv,5760.0,850.0,0,0.8,0.0,0.8,0,10.5,0.0,0.0,0.0,0.0,1.0,0.0,2208.16
5760_dose_850_gradient_0_VconcST_0_Vconc_0.8_run_0.csv,5760.0,850.0,0,0.8,0.0,0.8,0,10.75,0.0,0.0,0.0,0.0,1.0,0.0,2176.8
5760_dose_850_gradient_0_VconcST_0_Vconc_0.8_run_0.csv,5760.0,850.0,0,0.8,0.0,0.8,0,11.0,0.0,0.0,0.0,0.0,1.0,0.0,2145.29
5760_dose_850_gradient_0_VconcST_0_Vconc_0.8_run_0.csv,5760.0,850.0,0,0.8,0.0,0.8,0,11.25,0.0,0.0,0.0,0.0,1.0,0.0,2167.97
5760_dose_850_gradient_0_VconcST_0_Vconc_0.8_run_0.csv,5760.0,850.0,0,0.8,0.0,0.8,0,11.5,0.0,0.0,0.0,0.0,1.0,0.0,2204.89
5760_dose_850_gradient_0_VconcST_0_Vconc_0.8_run_0.csv,5760.0,850.0,0,0.8,0.0,0.8,0,11.75,0.0,0.0,0.0,0.0,1.0,0.0,2241.08
5760_dose_850_gradient_0_VconcST_0_Vconc_0.8_run_0.csv,5760.0,850.0,0,0.8,0.0,0.8,0,12.0,0.0,0.0,0.0,0.0,1.0,0.0,2199.26
5760_dose_850_gradient_0_VconcST_0_Vconc_0.8_run_0.csv,5760.0,850.0,0,0.8,0.0,0.8,0,12.25,0.0,0.0,0.0,0.0,1.0,0.0,2170.57
5760_dose_850_gradient_0_VconcST_0_Vconc_0.8_run_0.csv,5760.0,850.0,0,0.8,0.0,0.8,0,12.5,0.0,0.0,0.0,0.0,1.0,0.0,2168.32
5760_dose_850_gradient_0_VconcST_0_Vconc_0.8_run_0.csv,5760.0,850.0,0,0.8,0.0,0.8,0,12.75,0.0,0.0,0.0,0.0,1.0,0.0,2270.94
5760_dose_850_gradient_0_VconcST_0_Vconc_0.8_run_0.csv,5760.0,850.0,0,0.8,0.0,0.8,0,13.0,0.0,0.0,0.0,0.0,1.0,0.0,2254.33
5760_dose_850_gradient_0_VconcST_0_Vconc_0.8_run_0.csv,5760.0,850.0,0,0.8,0.0,0.8,0,13.25,0.0,0.0,0.0,0.0,1.0,0.0,2275.04
5760_dose_850_gradient_0_VconcST_0_Vconc_0.8_run_0.csv,5760.0,850.0,0,0.8,0.0,0.8,0,13.5,0.0,0.0,0.0,0.0,1.0,0.0,2304.36
5760_dose_850_gradient_0_VconcST_0_Vconc_0.8_run_0.csv,5760.0,850.0,0,0.8,0.0,0.8,0,13.75,0.0,0.0,0.0,0.0,1.0,0.0,2275.48
5760_dose_850_gradient_0_VconcST_0_Vconc_0.8_run_0.csv,5760.0,850.0,0,0.8,0.0,0.8,0,14.0,0.0,0.0,0.0,0.0,1.0,0.0,2239.44
5760_dose_850_gradient_0_VconcST_0_Vconc_0.8_run_0.csv,5760.0,850.0,0,0.8,0.0,0.8,0,14.25,0.0,0.0,0.0,0.0,1.0,0.0,2313.52
5760_dose_850_gradient_0_VconcST_0_Vconc_0.8_run_0.csv,5760.0,850.0,0,0.8,0.0,0.8,0,14.5,0.0,0.0,0.0,0.0,1.0,0.0,2273.59
5760_dose_850_gradient_0_VconcST_0_Vconc_0.8_run_0.csv,5760.0,850.0,0,0.8,0.0,0.8,0,14.75,0.0,0.0,0.0,0.0,1.0,0.0,2260.43
5760_dose_850_gradient_0_VconcST_0_Vconc_0.8_run_0.csv,5760.0,850.0,0,0.8,0.0,0.8,0,15.0,0.0,0.0,0.0,0.0,1.0,0.0,2259.01
5760_dose_850_gradient_0_VconcST_0_Vconc_0.8_run_0.csv,5760.0,850.0,0,0.8,0.0,0.8,0,15.25,0.0,0.0,0.0,0.0,1.0,0.0,2218.75
5760_dose_850_gradient_0_VconcST_0_Vconc_0.8_run_0.csv,5760.0,850.0,0,0.8,0.0,0.8,0,15.5,0.0,0.0,0.0,0.0,1.0,0.0,2215.01
5760_dose_850_gradient_0_VconcST_0_Vconc_0.8_run_0.csv,5760.0,850.0,0,0.8,0.0,0.8,0,15.75,0.0,0.0,0.0,0.0,1.0,0.0,2259.89
5760_dose_850_gradient_0_VconcST_0_Vconc_0.8_run_0.csv,5760.0,850.0,0,0.8,0.0,0.8,0,16.0,0.0,0.0,0.0,0.0,1.0,0.0,2219.31
5760_dose_850_gradient_0_VconcST_0_Vconc_0.8_run_0.csv,5760.0,850.0,0,0.8,0.0,0.8,0,16.25,0.0,0.0,0.0,0.0,1.0,0.0,2183.42
5760_dose_850_gradient_0_VconcST_0_Vconc_0.8_run_0.csv,5760.0,850.0,0,0.8,0.0,0.8,0,16.5,0.0,0.0,0.0,0.0,1.0,0.0,2272.58
5760_dose_850_gradient_0_VconcST_0_Vconc_0.8_run_0.csv,5760.0,850.0,0,0.8,0.0,0.8,0,16.75,0.0,0.0,0.0,0.0,1.0,0.0,2252.79
5760_dose_850_gradient_0_VconcST_0_Vconc_0.8_run_0.csv,5760.0,850.0,0,0.8,0.0,0.8,0,17.0,0.0,0.0,0.0,0.0,1.0,0.0,2217.78
5760_dose_850_gradient_0_VconcST_0_Vconc_0.8_run_0.csv,5760.0,850.0,0,0.8,0.0,0.8,0,17.25,0.0,0.0,0.0,0.0,1.0,0.0,2234.48
5760_dose_850_gradient_0_VconcST_0_Vconc_0.8_run_0.csv,5760.0,850.0,0,0.8,0.0,0.8,0,17.5,0.0,0.0,0.0,0.0,1.0,0.0,2140.23
5760_dose_850_gradient_0_VconcST_0_Vconc_0.8_run_0.csv,5760.0,850.0,0,0.8,0.0,0.8,0,17.75,0.0,0.0,0.0,0.0,1.0,0.0,2190.5
5760_dose_850_gradient_0_VconcST_0_Vconc_0.8_run_0.csv,5760.0,850.0,0,0.8,0.0,0.8,0,18.0,0.0,0.0,0.0,0.0,1.0,0.0,2198.03
5760_dose_850_gradient_0_VconcST_0_Vconc_0.8_run_0.csv,5760.0,850.0,0,0.8,0.0,0.8,0,18.25,0.0,0.0,0.0,0.0,1.0,0.0,2139.34
5760_dose_850_gradient_0_VconcST_0_Vconc_0.8_run_0.csv,5760.0,850.0,0,0.8,0.0,0.8,0,18.5,0.0,0.0,0.0,0.0,1.0,0.0,2201.25
5760_dose_850_gradient_0_VconcST_0_Vconc_0.8_run_0.csv,5760.0,850.0,0,0.8,0.0,0.8,0,18.75,0.0,0.0,0.0,0.0,1.0,0.0,2208.1
5760_dose_850_gradient_0_VconcST_0_Vconc_0.8_run_0.csv,5760.0,850.0,0,0.8,0.0,0.8,0,19.0,0.0,0.0,0.0,0.0,1.0,0.0,2210.7
5760_dose_850_gradient_0_VconcST_0_Vconc_0.8_run_0.csv,5760.0,850.0,0,0.8,0.0,0.8,0,19.25,0.0,0.0,0.0,0.0,1.0,0.0,2247.04
5760_dose_850_gradient_0_VconcST_0_Vconc_0.8_run_0.csv,5760.0,850.0,0,0.8,0.0,0.8,0,19.5,0.0,0.0,0.0,0.0,1.0,0.0,2245.21
5760_dose_850_gradient_0_VconcST_0_Vconc_0.8_run_0.csv,5760.0,850.0,0,0.8,0.0,0.8,0,19.75,0.0,0.0,0.0,0.0,1.0,0.0,2229.22
5760_dose_850_gradient_0_VconcST_0_Vconc_0.8_run_0.csv,5760.0,850.0,0,0.8,0.0,0.8,0,20.0,0.0,0.0,0.0,0.0,1.0,0.0,2155.0
5760_dose_850_gradient_0_VconcST_0_Vconc_0.8_run_0.csv,5760.0,850.0,0,0.8,0.0,0.8,0,20.25,0.0,0.0,0.0,0.0,1.0,0.0,2186.31
5760_dose_850_gradient_0_VconcST_0_Vconc_0.8_run_0.csv,5760.0,850.0,0,0.8,0.0,0.8,0,20.5,0.0,0.0,0.0,0.0,1.0,0.0,2224.9
5760_dose_850_gradient_0_VconcST_0_Vconc_0.8_run_0.csv,5760.0,850.0,0,0.8,0.0,0.8,0,20.75,0.0,0.0,0.0,0.0,1.0,0.0,2262.45
5760_dose_850_gradient_0_VconcST_0_Vconc_0.8_run_0.csv,5760.0,850.0,0,0.8,0.0,0.8,0,21.0,0.0,0.0,0.0,0.0,1.0,0.0,2278.15
5760_dose_850_gradient_0_VconcST_0_Vconc_0.8_run_0.csv,5760.0,850.0,0,0.8,0.0,0.8,0,21.25,0.0,0.0,0.0,0.0,1.0,0.0,2298.22
5760_dose_850_gradient_0_VconcST_0_Vconc_0.8_run_0.csv,5760.0,850.0,0,0.8,0.0,0.8,0,21.5,0.0,0.0,0.0,0.0,1.0,0.0,2218.79
5760_dose_850_gradient_0_VconcST_0_Vconc_0.8_run_0.csv,5760.0,850.0,0,0.8,0.0,0.8,0,21.75,0.0,0.0,0.0,0.0,1.0,0.0,2189.63
5760_dose_850_gradient_0_VconcST_0_Vconc_0.8_run_0.csv,5760.0,850.0,0,0.8,0.0,0.8,0,22.0,0.0,0.0,0.0,0.0,1.0,0.0,2257.6
5760_dose_850_gradient_0_VconcST_0_Vconc_0.8_run_0.csv,5760.0,850.0,0,0.8,0.0,0.8,0,22.25,0.0,0.0,0.0,0.0,1.0,0.0,2284.46
5760_dose_850_gradient_0_VconcST_0_Vconc_0.8_run_0.csv,5760.0,850.0,0,0.8,0.0,0.8,0,22.5,0.0,0.0,0.0,0.0,1.0,0.0,2227.04
5760_dose_850_gradient_0_VconcST_0_Vconc_0.8_run_0.csv,5760.0,850.0,0,0.8,0.0,0.8,0,22.75,0.0,0.0,0.0,0.0,1.0,0.0,2174.77
5760_dose_850_gradient_0_VconcST_0_Vconc_0.8_run_0.csv,5760.0,850.0,0,0.8,0.0,0.8,0,23.0,0.0,0.0,0.0,0.0,1.0,0.0,2193.02
5760_dose_850_gradient_0_VconcST_0_Vconc_0.8_run_0.csv,5760.0,850.0,0,0.8,0.0,0.8,0,23.25,0.0,0.0,0.0,0.0,1.0,0.0,2165.98
5760_dose_850_gradient_0_VconcST_0_Vconc_0.8_run_0.csv,5760.0,850.0,0,0.8,0.0,0.8,0,23.5,0.0,0.0,0.0,0.0,1.0,0.0,2189.67
5760_dose_850_gradient_0_VconcST_0_Vconc_0.8_run_0.csv,5760.0,850.0,0,0.8,0.0,0.8,0,23.75,0.0,0.0,0.0,0.0,1.0,0.0,2176.86
5760_dose_850_gradient_0_VconcST_0_Vconc_0.8_run_0.csv,5760.0,850.0,0,0.8,0.0,0.8,0,24.0,56.8541,850.0,0.0221429,56.8541,1.0,0.0,2116.63
5760_dose_850_gradient_0_VconcST_0_Vconc_0.8_run_0.csv,5760.0,850.0,0,0.8,0.0,0.8,0,24.25,3431.91,835.508,1.33662,3431.91,0.0,0.999941,0.0737723
5760_dose_850_gradient_0_VconcST_0_Vconc_0.8_run_0.csv,5760.0,850.0,0,0.8,0.0,0.8,0,24.5,6736.63,821.264,2.62371,6736.63,0.0,0.99997,0.0491877
5760_dose_850_gradient_0_VconcST_0_Vconc_0.8_run_0.csv,5760.0,850.0,0,0.8,0.0,0.8,0,24.75,9972.25,807.263,3.88388,9972.25,0.0,0.99998,0.0301795
5760_dose_850_gradient_0_VconcST_0_Vconc_0.8_run_0.csv,5760.0,850.0,0,0.8,0.0,0.8,0,25.0,13140.0,793.5,5.11763,13140.0,0.0,0.999985,0.0218673
5760_dose_850_gradient_0_VconcST_0_Vconc_0.8_run_0.csv,5760.0,850.0,0,0.8,0.0,0.8,0,25.25,16241.1,779.971,6.32541,16241.1,0.0,0.999988,0.0172046
5760_dose_850_gradient_0_VconcST_0_Vconc_0.8_run_0.csv,5760.0,850.0,0,0.8,0.0,0.8,0,25.5,19276.7,766.674,7.50769,19276.7,0.0,0.99999,0.0141952
5760_dose_850_gradient_0_VconcST_0_Vconc_0.8_run_0.csv,5760.0,850.0,0,0.8,0.0,0.8,0,25.75,22248.0,753.603,8.66492,22248.0,0.0,0.999991,0.0121489
5760_dose_850_gradient_0_VconcST_0_Vconc_0.8_run_0.csv,5760.0,850.0,0,0.8,0.0,0.8,0,26.0,25156.1,740.755,9.79754,25156.1,0.0,0.999992,0.0106647
5760_dose_850_gradient_0_VconcST_0_Vconc_0.8_run_0.csv,5760.0,850.0,0,0.8,0.0,0.8,0,26.25,28002.2,728.126,10.906,28002.2,0.0,0.999993,0.00945327
5760_dose_850_gradient_0_VconcST_0_Vconc_0.8_run_0.csv,5760.0,850.0,0,0.8,0.0,0.8,0,26.5,30787.4,715.712,11.9907,30787.4,0.0,0.999994,0.00853223
5760_dose_850_gradient_0_VconcST_0_Vconc_0.8_run_0.csv,5760.0,850.0,0,0.8,0.0,0.8,0,26.75,33512.7,703.51,13.0521,33512.7,0.0,0.999994,0.00785382
5760_dose_850_gradient_0_VconcST_0_Vconc_0.8_run_0.csv,5760.0,850.0,0,0.8,0.0,0.8,0,27.0,36179.2,691.516,14.0907,36179.2,0.0,0.999995,0.00724637
5760_dose_850_gradient_0_VconcST_0_Vconc_0.8_run_0.csv,5760.0,850.0,0,0.8,0.0,0.8,0,27.25,38787.9,679.726,15.1067,38787.9,0.0,0.999995,0.00670973
5760_dose_850_gradient_0_VconcST_0_Vconc_0.8_run_0.csv,5760.0,850.0,0,0.8,0.0,0.8,0,27.5,41340.0,668.138,16.1006,41340.0,0.0,0.999995,0.00626924
5760_dose_850_gradient_0_VconcST_0_Vconc_0.8_run_0.csv,5760.0,850.0,0,0.8,0.0,0.8,0,27.75,43836.3,656.747,17.0729,43836.3,0.0,0.999995,0.00589346
5760_dose_850_gradient_0_VconcST_0_Vconc_0.8_run_0.csv,5760.0,850.0,0,0.8,0.0,0.8,0,28.0,46278.0,645.55,18.0238,46278.0,0.0,0.999996,0.00559221
5760_dose_850_gradient_0_VconcST_0_Vconc_0.8_run_0.csv,5760.0,850.0,0,0.8,0.0,0.8,0,28.25,48665.9,634.544,18.9539,48665.9,0.0,0.999996,0.00527993
5760_dose_850_gradient_0_VconcST_0_Vconc_0.8_run_0.csv,5760.0,850.0,0,0.8,0.0,0.8,0,28.5,51001.1,623.726,19.8634,51001.1,0.0,0.999996,0.00505471
5760_dose_850_gradient_0_VconcST_0_Vconc_0.8_run_0.csv,5760.0,850.0,0,0.8,0.0,0.8,0,28.75,53284.5,613.093,20.7527,53284.5,0.0,0.999996,0.00483293
5760_dose_850_gradient_0_VconcST_0_Vconc_0.8_run_0.csv,5760.0,850.0,0,0.8,0.0,0.8,0,29.0,55517.0,602.64,21.6222,55517.0,0.0,0.999996,0.00460352
5760_dose_850_gradient_0_VconcST_0_Vconc_0.8_run_0.csv,5760.0,850.0,0,0.8,0.0,0.8,0,29.25,57699.5,592.366,22.4722,57699.5,0.0,0.999997,0.0044535
5760_dose_850_gradient_0_VconcST_0_Vconc_0.8_run_0.csv,5760.0,850.0,0,0.8,0.0,0.8,0,29.5,59833.0,582.267,23.3031,59833.0,0.0,0.999997,0.00430467
5760_dose_850_gradient_0_VconcST_0_Vconc_0.8_run_0.csv,5760.0,850.0,0,0.8,0.0,0.8,0,29.75,61918.2,572.34,24.1152,61918.2,0.0,0.999997,0.00414648
5760_dose_850_gradient_0_VconcST_0_Vconc_0.8_run_0.csv,5760.0,850.0,0,0.8,0.0,0.8,0,30.0,63956.1,562.582,24.9089,63956.1,0.0,0.999997,0.00399571
5760_dose_850_gradient_0_VconcST_0_Vconc_0.8_run_0.csv,5760.0,850.0,0,0.8,0.0,0.8,0,30.25,65947.6,552.991,25.6845,65947.6,0.0,0.999997,0.00384493
5760_dose_850_gradient_0_VconcST_0_Vconc_0.8_run_0.csv,5760.0,850.0,0,0.8,0.0,0.8,0,30.5,67893.4,543.563,26.4424,67893.4,0.0,0.999997,0.00384723
5760_dose_850_gradient_0_VconcST_0_Vconc_0.8_run_0.csv,5760.0,850.0,0,0.8,0.0,0.8,0,30.75,69794.4,534.296,27.1827,69794.4,0.0,0.999997,0.00370125
5760_dose_850_gradient_0_VconcST_0_Vconc_0.8_run_0.csv,5760.0,850.0,0,0.8,0.0,0.8,0,31.0,71651.4,525.187,27.906,71651.4,0.0,0.999997,0.00361875
5760_dose_850_gradient_0_VconcST_0_Vconc_0.8_run_0.csv,5760.0,850.0,0,0.8,0.0,0.8,0,31.25,73465.2,516.233,28.6124,73465.2,0.0,0.999997,0.00354333
5760_dose_850_gradient_0_VconcST_0_Vconc_0.8_run_0.csv,5760.0,850.0,0,0.8,0.0,0.8,0,31.5,75236.4,507.432,29.3023,75236.4,0.0,0.999997,0.00347455
5760_dose_850_gradient_0_VconcST_0_Vconc_0.8_run_0.csv,5760.0,850.0,0,0.8,0.0,0.8,0,31.75,76966.1,498.781,29.9759,76966.1,0.0,0.999997,0.00340509
5760_dose_850_gradient_0_VconcST_0_Vconc_0.8_run_0.csv,5760.0,850.0,0,0.8,0.0,0.8,0,32.0,78654.9,490.277,30.6336,78654.9,0.0,0.999997,0.00332907
5760_dose_850_gradient_0_VconcST_0_Vconc_0.8_run_0.csv,5760.0,850.0,0,0.8,0.0,0.8,0,32.25,80303.5,481.918,31.2757,80303.5,0.0,0.999997,0.00324181
5760_dose_850_gradient_0_VconcST_0_Vconc_0.8_run_0.csv,5760.0,850.0,0,0.8,0.0,0.8,0,32.5,81912.7,473.702,31.9024,81912.7,0.0,0.999997,0.0031683
5760_dose_850_gradient_0_VconcST_0_Vconc_0.8_run_0.csv,5760.0,850.0,0,0.8,0.0,0.8,0,32.75,83483.1,465.626,32.5141,83483.1,0.0,0.999998,0.00310144
5760_dose_850_gradient_0_VconcST_0_Vconc_0.8_run_0.csv,5760.0,850.0,0,0.8,0.0,0.8,0,33.0,85015.5,457.688,33.1109,85015.5,0.0,0.999998,0.00302664
5760_dose_850_gradient_0_VconcST_0_Vconc_0.8_run_0.csv,5760.0,850.0,0,0.8,0.0,0.8,0,33.25,86510.6,449.885,33.6932,86510.6,0.0,0.999998,0.00301774
5760_dose_850_gradient_0_VconcST_0_Vconc_0.8_run_0.csv,5760.0,850.0,0,0.8,0.0,0.8,0,33.5,87969.0,442.215,34.2612,87969.0,0.0,0.999998,0.00294405
5760_dose_850_gradient_0_VconcST_0_Vconc_0.8_run_0.csv,5760.0,850.0,0,0.8,0.0,0.8,0,33.75,89391.4,434.676,34.8152,89391.4,0.0,0.999998,0.0028718
5760_dose_850_gradient_0_VconcST_0_Vconc_0.8_run_0.csv,5760.0,850.0,0,0.8,0.0,0.8,0,34.0,90778.5,427.265,35.3554,90778.5,0.0,0.999998,0.002873
5760_dose_850_gradient_0_VconcST_0_Vconc_0.8_run_0.csv,5760.0,850.0,0,0.8,0.0,0.8,0,34.25,92130.9,419.981,35.8821,92130.9,0.0,0.999998,0.00279278
5760_dose_850_gradient_0_VconcST_0_Vconc_0.8_run_0.csv,5760.0,850.0,0,0.8,0.0,0.8,0,34.5,93449.3,412.82,36.3956,93449.3,0.0,0.999998,0.0027914
5760_dose_850_gradient_0_VconcST_0_Vconc_0.8_run_0.csv,5760.0,850.0,0,0.8,0.0,0.8,0,34.75,94734.2,405.782,36.896,94734.2,0.0,0.999998,0.00271655
5760_dose_850_gradient_0_VconcST_0_Vconc_0.8_run_0.csv,5760.0,850.0,0,0.8,0.0,0.8,0,35.0,95986.3,398.864,37.3837,95986.3,0.0,0.999998,0.00271407
5760_dose_850_gradient_0_VconcST_0_Vconc_0.8_run_0.csv,5760.0,850.0,0,0.8,0.0,0.8,0,35.25,97206.2,392.064,37.8588,97206.2,0.0,0.999998,0.00264507
5760_dose_850_gradient_0_VconcST_0_Vconc_0.8_run_0.csv,5760.0,850.0,0,0.8,0.0,0.8,0,35.5,98394.4,385.38,38.3216,98394.4,0.0,0.999998,0.00263867
5760_dose_850_gradient_0_VconcST_0_Vconc_0.8_run_0.csv,5760.0,850.0,0,0.8,0.0,0.8,0,35.75,99551.6,378.81,38.7723,99551.6,0.0,0.999998,0.0025686
5760_dose_850_gradient_0_VconcST_0_Vconc_0.8_run_0.csv,5760.0,850.0,0,0.8,0.0,0.8,0,36.0,100678.0,372.352,39.2111,100678.0,0.0,0.999998,0.00256977
5760_dose_850_gradient_0_VconcST_0_Vconc_0.8_run_0.csv,5760.0,850.0,0,0.8,0.0,0.8,0,36.25,101775.0,366.004,39.6383,101775.0,0.0,0.999998,0.00257247
5760_dose_850_gradient_0_VconcST_0_Vconc_0.8_run_0.csv,5760.0,850.0,0,0.8,0.0,0.8,0,36.5,102843.0,359.764,40.054,102843.0,0.0,0.999998,0.00249323
5760_dose_850_gradient_0_VconcST_0_Vconc_0.8_run_0.csv,5760.0,850.0,0,0.8,0.0,0.8,0,36.75,103881.0,353.63,40.4585,103881.0,0.0,0.999998,0.00248789
5760_dose_850_gradient_0_VconcST_0_Vconc_0.8_run_0.csv,5760.0,850.0,0,0.8,0.0,0.8,0,37.0,104892.0,347.601,40.852,104892.0,0.0,0.999998,0.00249017
5760_dose_850_gradient_0_VconcST_0_Vconc_0.8_run_0.csv,5760.0,850.0,0,0.8,0.0,0.8,0,37.25,105874.0,341.675,41.2347,105874.0,0.0,0.999998,0.00241494
5760_dose_850_gradient_0_VconcST_0_Vconc_0.8_run_0.csv,5760.0,850.0,0,0.8,0.0,0.8,0,37.5,106829.0,335.85,41.6068,106829.0,0.0,0.999998,0.00241248
5760_dose_850_gradient_0_VconcST_0_Vconc_0.8_run_0.csv,5760.0,850.0,0,0.8,0.0,0.8,0,37.75,107758.0,330.124,41.9684,107758.0,0.0,0.999998,0.00241443
5760_dose_850_gradient_0_VconcST_0_Vconc_0.8_run_0.csv,5760.0,850.0,0,0.8,0.0,0.8,0,38.0,108660.0,324.496,42.3198,108660.0,0.0,0.999998,0.00234137
5760_dose_850_gradient_0_VconcST_0_Vconc_0.8_run_0.csv,5760.0,850.0,0,0.8,0.0,0.8,0,38.25,109537.0,318.964,42.6612,109537.0,0.0,0.999998,0.00233998
5760_dose_850_gradient_0_VconcST_0_Vconc_0.8_run_0.csv,5760.0,850.0,0,0.8,0.0,0.8,0,38.5,110388.0,313.526,42.9927,110388.0,0.0,0.999998,0.00233875
5760_dose_850_gradient_0_VconcST_0_Vconc_0.8_run_0.csv,5760.0,850.0,0,0.8,0.0,0.8,0,38.75,111214.0,308.181,43.3146,111214.0,0.0,0.999998,0.0023587
5760_dose_850_gradient_0_VconcST_0_Vconc_0.8_run_0.csv,5760.0,850.0,0,0.8,0.0,0.8,0,39.0,112016.0,302.926,43.627,112016.0,0.0,0.999998,0.0023371
5760_dose_850_gradient_0_VconcST_0_Vconc_0.8_run_0.csv,5760.0,850.0,0,0.8,0.0,0.8,0,39.25,112795.0,297.762,43.93,112795.0,0.0,0.999998,0.00226514
5760_dose_850_gradient_0_VconcST_0_Vconc_0.8_run_0.csv,5760.0,850.0,0,0.8,0.0,0.8,0,39.5,113549.0,292.685,44.2239,113549.0,0.0,0.999998,0.00226172
5760_dose_850_gradient_0_VconcST_0_Vconc_0.8_run_0.csv,5760.0,850.0,0,0.8,0.0,0.8,0,39.75,114281.0,287.695,44.5089,114281.0,0.0,0.999998,0.00226172
5760_dose_850_gradient_0_VconcST_0_Vconc_0.8_run_0.csv,5760.0,850.0,0,0.8,0.0,0.8,0,40.0,114990.0,282.791,44.7851,114990.0,0.0,0.999998,0.00226402
5760_dose_850_gradient_0_VconcST_0_Vconc_0.8_run_0.csv,5760.0,850.0,0,0.8,0.0,0.8,0,40.25,115677.0,277.969,45.0526,115677.0,0.0,0.999998,0.00226172
5760_dose_850_gradient_0_VconcST_0_Vconc_0.8_run_0.csv,5760.0,850.0,0,0.8,0.0,0.8,0,40.5,116342.0,273.23,45.3116,116342.0,0.0,0.999998,0.00218633
5760_dose_850_gradient_0_VconcST_0_Vconc_0.8_run_0.csv,5760.0,850.0,0,0.8,0.0,0.8,0,40.75,116986.0,268.572,45.5624,116986.0,0.0,0.999998,0.00219079
5760_dose_850_gradient_0_VconcST_0_Vconc_0.8_run_0.csv,5760.0,850.0,0,0.8,0.0,0.8,0,41.0,117609.0,263.993,45.805,117609.0,0.0,0.999998,0.00218633
5760_dose_850_gradient_0_VconcST_0_Vconc_0.8_run_0.csv,5760.0,850.0,0,0.8,0.0,0.8,0,41.25,118211.0,259.492,46.0396,118211.0,0.0,0.999998,0.00218787
5760_dose_850_gradient_0_VconcST_0_Vconc_0.8_run_0.csv,5760.0,850.0,0,0.8,0.0,0.8,0,41.5,118793.0,255.068,46.2663,118793.0,0.0,0.999998,0.00218987
5760_dose_850_gradient_0_VconcST_0_Vconc_0.8_run_1.csv,5760.0,850.0,0,0.8,0.0,0.8,1,0.0,0.0,0.0,0.0,0.0,0.0,0.0,0.0
5760_dose_850_gradient_0_VconcST_0_Vconc_0.8_run_1.csv,5760.0,850.0,0,0.8,0.0,0.8,1,0.25,0.0,0.0,0.0,0.0,0.0,0.0,2046.08
5760_dose_850_gradient_0_VconcST_0_Vconc_0.8_run_1.csv,5760.0,850.0,0,0.8,0.0,0.8,1,0.5,0.0,0.0,0.0,0.0,0.0,0.0,42.7826
5760_dose_850_gradient_0_VconcST_0_Vconc_0.8_run_1.csv,5760.0,850.0,0,0.8,0.0,0.8,1,0.75,0.0,0.0,0.0,0.0,0.0,0.0,1937.99
5760_dose_850_gradient_0_VconcST_0_Vconc_0.8_run_1.csv,5760.0,850.0,0,0.8,0.0,0.8,1,1.0,0.0,0.0,0.0,0.0,0.0,0.0,88.1567
5760_dose_850_gradient_0_VconcST_0_Vconc_0.8_run_1.csv,5760.0,850.0,0,0.8,0.0,0.8,1,1.25,0.0,0.0,0.0,0.0,0.0,0.0,1871.83
5760_dose_850_gradient_0_VconcST_0_Vconc_0.8_run_1.csv,5760.0,850.0,0,0.8,0.0,0.8,1,1.5,0.0,0.0,0.0,0.0,0.0,0.0,159.695
5760_dose_850_gradient_0_VconcST_0_Vconc_0.8_run_1.csv,5760.0,850.0,0,0.8,0.0,0.8,1,1.75,0.0,0.0,0.0,0.0,0.0,0.0,1735.39
5760_dose_850_gradient_0_VconcST_0_Vconc_0.8_run_1.csv,5760.0,850.0,0,0.8,0.0,0.8,1,2.0,0.0,0.0,0.0,0.0,0.0,0.0,251.046
5760_dose_850_gradient_0_VconcST_0_Vconc_0.8_run_1.csv,5760.0,850.0,0,0.8,0.0,0.8,1,2.25,0.0,0.0,0.0,0.0,0.0,0.0,1735.14
5760_dose_850_gradient_0_VconcST_0_Vconc_0.8_run_1.csv,5760.0,850.0,0,0.8,0.0,0.8,1,2.5,0.0,0.0,0.0,0.0,0.0,0.0,262.872
5760_dose_850_gradient_0_VconcST_0_Vconc_0.8_run_1.csv,5760.0,850.0,0,0.8,0.0,0.8,1,2.75,0.0,0.0,0.0,0.0,0.0,0.0,1645.49
5760_dose_850_gradient_0_VconcST_0_Vconc_0.8_run_1.csv,5760.0,850.0,0,0.8,0.0,0.8,1,3.0,0.0,0.0,0.0,0.0,0.0,0.0,350.086
5760_dose_850_gradient_0_VconcST_0_Vconc_0.8_run_1.csv,5760.0,850.0,0,0.8,0.0,0.8,1,3.25,0.0,0.0,0.0,0.0,0.0,0.0,1557.53
5760_dose_850_gradient_0_VconcST_0_Vconc_0.8_run_1.csv,5760.0,850.0,0,0.8,0.0,0.8,1,3.5,0.0,0.0,0.0,0.0,0.0,0.0,456.013
5760_dose_850_gradient_0_VconcST_0_Vconc_0.8_run_1.csv,5760.0,850.0,0,0.8,0.0,0.8,1,3.75,0.0,0.0,0.0,0.0,0.0,0.0,1400.51
5760_dose_850_gradient_0_VconcST_0_Vconc_0.8_run_1.csv,5760.0,850.0,0,0.8,0.0,0.8,1,4.0,0.0,0.0,0.0,0.0,0.0,0.0,648.024
5760_dose_850_gradient_0_VconcST_0_Vconc_0.8_run_1.csv,5760.0,850.0,0,0.8,0.0,0.8,1,4.25,0.0,0.0,0.0,0.0,0.0,0.0,1244.02
5760_dose_850_gradient_0_VconcST_0_Vconc_0.8_run_1.csv,5760.0,850.0,0,0.8,0.0,0.8,1,4.5,0.0,0.0,0.0,0.0,0.0,0.0,787.627
5760_dose_850_gradient_0_VconcST_0_Vconc_0.8_run_1.csv,5760.0,850.0,0,0.8,0.0,0.8,1,4.75,0.0,0.0,0.0,0.0,0.0,0.0,1151.99
5760_dose_850_gradient_0_VconcST_0_Vconc_0.8_run_1.csv,5760.0,850.0,0,0.8,0.0,0.8,1,5.0,0.0,0.0,0.0,0.0,0.0,0.0,957.047
5760_dose_850_gradient_0_VconcST_0_Vconc_0.8_run_1.csv,5760.0,850.0,0,0.8,0.0,0.8,1,5.25,0.0,0.0,0.0,0.0,0.0,0.0,1054.36
5760_dose_850_gradient_0_VconcST_0_Vconc_0.8_run_1.csv,5760.0,850.0,0,0.8,0.0,0.8,1,5.5,0.0,0.0,0.0,0.0,0.0,0.0,1058.99
5760_dose_850_gradient_0_VconcST_0_Vconc_0.8_run_1.csv,5760.0,850.0,0,0.8,0.0,0.8,1,5.75,0.0,0.0,0.0,0.0,0.0,0.0,1033.52
5760_dose_850_gradient_0_VconcST_0_Vconc_0.8_run_1.csv,5760.0,850.0,0,0.8,0.0,0.8,1,6.0,0.0,0.0,0.0,0.0,0.0,0.0,1217.63
5760_dose_850_gradient_0_VconcST_0_Vconc_0.8_run_1.csv,5760.0,850.0,0,0.8,0.0,0.8,1,6.25,0.0,0.0,0.0,0.0,0.0,0.0,1015.68
5760_dose_850_gradient_0_VconcST_0_Vconc_0.8_run_1.csv,5760.0,850.0,0,0.8,0.0,0.8,1,6.5,0.0,0.0,0.0,0.0,0.0,0.0,1333.93
5760_dose_850_gradient_0_VconcST_0_Vconc_0.8_run_1.csv,5760.0,850.0,0,0.8,0.0,0.8,1,6.75,0.0,0.0,0.0,0.0,0.00156684,0.0,1272.12
5760_dose_850_gradient_0_VconcST_0_Vconc_0.8_run_1.csv,5760.0,850.0,0,0.8,0.0,0.8,1,7.0,0.0,0.0,0.0,0.0,0.0244575,0.0,1471.87
5760_dose_850_gradient_0_VconcST_0_Vconc_0.8_run_1.csv,5760.0,850.0,0,0.8,0.0,0.8,1,7.25,0.0,0.0,0.0,0.0,0.0805773,0.0,1866.13
5760_dose_850_gradient_0_VconcST_0_Vconc_0.8_run_1.csv,5760.0,850.0,0,0.8,0.0,0.8,1,7.5,0.0,0.0,0.0,0.0,0.167947,0.0,2191.15
5760_dose_850_gradient_0_VconcST_0_Vconc_0.8_run_1.csv,5760.0,850.0,0,0.8,0.0,0.8,1,7.75,0.0,0.0,0.0,0.0,0.286567,0.0,2211.92
5760_dose_850_gradient_0_VconcST_0_Vconc_0.8_run_1.csv,5760.0,850.0,0,0.8,0.0,0.8,1,8.0,0.0,0.0,0.0,0.0,0.426168,0.0,2161.16
5760_dose_850_gradient_0_VconcST_0_Vconc_0.8_run_1.csv,5760.0,850.0,0,0.8,0.0,0.8,1,8.25,0.0,0.0,0.0,0.0,0.605464,0.0,2200.89
5760_dose_850_gradient_0_VconcST_0_Vconc_0.8_run_1.csv,5760.0,850.0,0,0.8,0.0,0.8,1,8.5,0.0,0.0,0.0,0.0,0.816011,0.0,2211.75
5760_dose_850_gradient_0_VconcST_0_Vconc_0.8_run_1.csv,5760.0,850.0,0,0.8,0.0,0.8,1,8.75,0.0,0.0,0.0,0.0,0.975,0.0,2205.63
5760_dose_850_gradient_0_VconcST_0_Vconc_0.8_run_1.csv,5760.0,850.0,0,0.8,0.0,0.8,1,9.0,0.0,0.0,0.0,0.0,1.0,0.0,2252.15
5760_dose_850_gradient_0_VconcST_0_Vconc_0.8_run_1.csv,5760.0,850.0,0,0.8,0.0,0.8,1,9.25,0.0,0.0,0.0,0.0,1.0,0.0,2236.51
5760_dose_850_gradient_0_VconcST_0_Vconc_0.8_run_1.csv,5760.0,850.0,0,0.8,0.0,0.8,1,9.5,0.0,0.0,0.0,0.0,1.0,0.0,2254.22
5760_dose_850_gradient_0_VconcST_0_Vconc_0.8_run_1.csv,5760.0,850.0,0,0.8,0.0,0.8,1,9.75,0.0,0.0,0.0,0.0,1.0,0.0,2226.93
5760_dose_850_gradient_0_VconcST_0_Vconc_0.8_run_1.csv,5760.0,850.0,0,0.8,0.0,0.8,1,10.0,0.0,0.0,0.0,0.0,1.0,0.0,2225.5
5760_dose_850_gradient_0_VconcST_0_Vconc_0.8_run_1.csv,5760.0,850.0,0,0.8,0.0,0.8,1,10.25,0.0,0.0,0.0,0.0,1.0,0.0,2239.24
5760_dose_850_gradient_0_VconcST_0_Vconc_0.8_run_1.csv,5760.0,850.0,0,0.8,0.0,0.8,1,10.5,0.0,0.0,0.0,0.0,1.0,0.0,2266.48
5760_dose_850_gradient_0_VconcST_0_Vconc_0.8_run_1.csv,5760.0,850.0,0,0.8,0.0,0.8,1,10.75,0.0,0.0,0.0,0.0,1.0,0.0,2289.3
5760_dose_850_gradient_0_VconcST_0_Vconc_0.8_run_1.csv,5760.0,850.0,0,0.8,0.0,0.8,1,11.0,0.0,0.0,0.0,0.0,1.0,0.0,2242.86
5760_dose_850_gradient_0_VconcST_0_Vconc_0.8_run_1.csv,5760.0,850.0,0,0.8,0.0,0.8,1,11.25,0.0,0.0,0.0,0.0,1.0,0.0,2250.75
5760_dose_850_gradient_0_VconcST_0_Vconc_0.8_run_1.csv,5760.0,850.0,0,0.8,0.0,0.8,1,11.5,0.0,0.0,0.0,0.0,1.0,0.0,2232.61
5760_dose_850_gradient_0_VconcST_0_Vconc_0.8_run_1.csv,5760.0,850.0,0,0.8,0.0,0.8,1,11.75,0.0,0.0,0.0,0.0,1.0,0.0,2242.56
5760_dose_850_gradient_0_VconcST_0_Vconc_0.8_run_1.csv,5760.0,850.0,0,0.8,0.0,0.8,1,12.0,0.0,0.0,0.0,0.0,1.0,0.0,2134.59
5760_dose_850_gradient_0_VconcST_0_Vconc_0.8_run_1.csv,5760.0,850.0,0,0.8,0.0,0.8,1,12.25,0.0,0.0,0.0,0.0,1.0,0.0,2160.79
5760_dose_850_gradient_0_VconcST_0_Vconc_0.8_run_1.csv,5760.0,850.0,0,0.8,0.0,0.8,1,12.5,0.0,0.0,0.0,0.0,1.0,0.0,2241.44
5760_dose_850_gradient_0_VconcST_0_Vconc_0.8_run_1.csv,5760.0,850.0,0,0.8,0.0,0.8,1,12.75,0.0,0.0,0.0,0.0,1.0,0.0,2255.74
5760_dose_850_gradient_0_VconcST_0_Vconc_0.8_run_1.csv,5760.0,850.0,0,0.8,0.0,0.8,1,13.0,0.0,0.0,0.0,0.0,1.0,0.0,2232.26
5760_dose_850_gradient_0_VconcST_0_Vconc_0.8_run_1.csv,5760.0,850.0,0,0.8,0.0,0.8,1,13.25,0.0,0.0,0.0,0.0,1.0,0.0,2202.64
5760_dose_850_gradient_0_VconcST_0_Vconc_0.8_run_1.csv,5760.0,850.0,0,0.8,0.0,0.8,1,13.5,0.0,0.0,0.0,0.0,1.0,0.0,2188.31
5760_dose_850_gradient_0_VconcST_0_Vconc_0.8_run_1.csv,5760.0,850.0,0,0.8,0.0,0.8,1,13.75,0.0,0.0,0.0,0.0,1.0,0.0,2197.44
5760_dose_850_gradient_0_VconcST_0_Vconc_0.8_run_1.csv,5760.0,850.0,0,0.8,0.0,0.8,1,14.0,0.0,0.0,0.0,0.0,1.0,0.0,2174.71
5760_dose_850_gradient_0_VconcST_0_Vconc_0.8_run_1.csv,5760.0,850.0,0,0.8,0.0,0.8,1,14.25,0.0,0.0,0.0,0.0,1.0,0.0,2234.16
5760_dose_850_gradient_0_VconcST_0_Vconc_0.8_run_1.csv,5760.0,850.0,0,0.8,0.0,0.8,1,14.5,0.0,0.0,0.0,0.0,1.0,0.0,2150.04
5760_dose_850_gradient_0_VconcST_0_Vconc_0.8_run_1.csv,5760.0,850.0,0,0.8,0.0,0.8,1,14.75,0.0,0.0,0.0,0.0,1.0,0.0,2110.38
5760_dose_850_gradient_0_VconcST_0_Vconc_0.8_run_1.csv,5760.0,850.0,0,0.8,0.0,0.8,1,15.0,0.0,0.0,0.0,0.0,1.0,0.0,2207.89
5760_dose_850_gradient_0_VconcST_0_Vconc_0.8_run_1.csv,5760.0,850.0,0,0.8,0.0,0.8,1,15.25,0.0,0.0,0.0,0.0,1.0,0.0,2194.58
5760_dose_850_gradient_0_VconcST_0_Vconc_0.8_run_1.csv,5760.0,850.0,0,0.8,0.0,0.8,1,15.5,0.0,0.0,0.0,0.0,1.0,0.0,2270.82
5760_dose_850_gradient_0_VconcST_0_Vconc_0.8_run_1.csv,5760.0,850.0,0,0.8,0.0,0.8,1,15.75,0.0,0.0,0.0,0.0,1.0,0.0,2172.47
5760_dose_850_gradient_0_VconcST_0_Vconc_0.8_run_1.csv,5760.0,850.0,0,0.8,0.0,0.8,1,16.0,0.0,0.0,0.0,0.0,1.0,0.0,2244.56
5760_dose_850_gradient_0_VconcST_0_Vconc_0.8_run_1.csv,5760.0,850.0,0,0.8,0.0,0.8,1,16.25,0.0,0.0,0.0,0.0,1.0,0.0,2308.12
5760_dose_850_gradient_0_VconcST_0_Vconc_0.8_run_1.csv,5760.0,850.0,0,0.8,0.0,0.8,1,16.5,0.0,0.0,0.0,0.0,1.0,0.0,2188.55
5760_dose_850_gradient_0_VconcST_0_Vconc_0.8_run_1.csv,5760.0,850.0,0,0.8,0.0,0.8,1,16.75,0.0,0.0,0.0,0.0,1.0,0.0,2141.16
5760_dose_850_gradient_0_VconcST_0_Vconc_0.8_run_1.csv,5760.0,850.0,0,0.8,0.0,0.8,1,17.0,0.0,0.0,0.0,0.0,1.0,0.0,2261.67
5760_dose_850_gradient_0_VconcST_0_Vconc_0.8_run_1.csv,5760.0,850.0,0,0.8,0.0,0.8,1,17.25,0.0,0.0,0.0,0.0,1.0,0.0,2215.02
5760_dose_850_gradient_0_VconcST_0_Vconc_0.8_run_1.csv,5760.0,850.0,0,0.8,0.0,0.8,1,17.5,0.0,0.0,0.0,0.0,1.0,0.0,2234.39
5760_dose_850_gradient_0_VconcST_0_Vconc_0.8_run_1.csv,5760.0,850.0,0,0.8,0.0,0.8,1,17.75,0.0,0.0,0.0,0.0,1.0,0.0,2245.12
5760_dose_850_gradient_0_VconcST_0_Vconc_0.8_run_1.csv,5760.0,850.0,0,0.8,0.0,0.8,1,18.0,0.0,0.0,0.0,0.0,1.0,0.0,2219.12
5760_dose_850_gradient_0_VconcST_0_Vconc_0.8_run_1.csv,5760.0,850.0,0,0.8,0.0,0.8,1,18.25,0.0,0.0,0.0,0.0,1.0,0.0,2238.54
5760_dose_850_gradient_0_VconcST_0_Vconc_0.8_run_1.csv,5760.0,850.0,0,0.8,0.0,0.8,1,18.5,0.0,0.0,0.0,0.0,1.0,0.0,2191.43
5760_dose_850_gradient_0_VconcST_0_Vconc_0.8_run_1.csv,5760.0,850.0,0,0.8,0.0,0.8,1,18.75,0.0,0.0,0.0,0.0,1.0,0.0,2255.66
5760_dose_850_gradient_0_VconcST_0_Vconc_0.8_run_1.csv,5760.0,850.0,0,0.8,0.0,0.8,1,19.0,0.0,0.0,0.0,0.0,1.0,0.0,2235.81
5760_dose_850_gradient_0_VconcST_0_Vconc_0.8_run_1.csv,5760.0,850.0,0,0.8,0.0,0.8,1,19.25,0.0,0.0,0.0,0.0,1.0,0.0,2277.85
5760_dose_850_gradient_0_VconcST_0_Vconc_0.8_run_1.csv,5760.0,850.0,0,0.8,0.0,0.8,1,19.5,0.0,0.0,0.0,0.0,1.0,0.0,2189.05
5760_dose_850_gradient_0_VconcST_0_Vconc_0.8_run_1.csv,5760.0,850.0,0,0.8,0.0,0.8,1,19.75,0.0,0.0,0.0,0.0,1.0,0.0,2240.47
5760_dose_850_gradient_0_VconcST_0_Vconc_0.8_run_1.csv,5760.0,850.0,0,0.8,0.0,0.8,1,20.0,0.0,0.0,0.0,0.0,1.0,0.0,2206.98
5760_dose_850_gradient_0_VconcST_0_Vconc_0.8_run_1.csv,5760.0,850.0,0,0.8,0.0,0.8,1,20.25,0.0,0.0,0.0,0.0,1.0,0.0,2196.84
5760_dose_850_gradient_0_VconcST_0_Vconc_0.8_run_1.csv,5760.0,850.0,0,0.8,0.0,0.8,1,20.5,0.0,0.0,0.0,0.0,1.0,0.0,2145.66
5760_dose_850_gradient_0_VconcST_0_Vconc_0.8_run_1.csv,5760.0,850.0,0,0.8,0.0,0.8,1,20.75,0.0,0.0,0.0,0.0,1.0,0.0,2230.35
5760_dose_850_gradient_0_VconcST_0_Vconc_0.8_run_1.csv,5760.0,850.0,0,0.8,0.0,0.8,1,21.0,0.0,0.0,0.0,0.0,1.0,0.0,2237.82
5760_dose_850_gradient_0_VconcST_0_Vconc_0.8_run_1.csv,5760.0,850.0,0,0.8,0.0,0.8,1,21.25,0.0,0.0,0.0,0.0,1.0,0.0,2042.67
5760_dose_850_gradient_0_VconcST_0_Vconc_0.8_run_1.csv,5760.0,850.0,0,0.8,0.0,0.8,1,21.5,0.0,0.0,0.0,0.0,1.0,0.0,2241.18
5760_dose_850_gradient_0_VconcST_0_Vconc_0.8_run_1.csv,5760.0,850.0,0,0.8,0.0,0.8,1,21.75,0.0,0.0,0.0,0.0,1.0,0.0,2176.76
5760_dose_850_gradient_0_VconcST_0_Vconc_0.8_run_1.csv,5760.0,850.0,0,0.8,0.0,0.8,1,22.0,0.0,0.0,0.0,0.0,1.0,0.0,2074.61
5760_dose_850_gradient_0_VconcST_0_Vconc_0.8_run_1.csv,5760.0,850.0,0,0.8,0.0,0.8,1,22.25,0.0,0.0,0.0,0.0,1.0,0.0,2220.11
5760_dose_850_gradient_0_VconcST_0_Vconc_0.8_run_1.csv,5760.0,850.0,0,0.8,0.0,0.8,1,22.5,0.0,0.0,0.0,0.0,1.0,0.0,2243.62
5760_dose_850_gradient_0_VconcST_0_Vconc_0.8_run_1.csv,5760.0,850.0,0,0.8,0.0,0.8,1,22.75,0.0,0.0,0.0,0.0,1.0,0.0,2205.93
5760_dose_850_gradient_0_VconcST_0_Vconc_0.8_run_1.csv,5760.0,850.0,0,0.8,0.0,0.8,1,23.0,0.0,0.0,0.0,0.0,1.0,0.0,2232.27
5760_dose_850_gradient_0_VconcST_0_Vconc_0.8_run_1.csv,5760.0,850.0,0,0.8,0.0,0.8,1,23.25,0.0,0.0,0.0,0.0,1.0,0.0,2192.3
5760_dose_850_gradient_0_VconcST_0_Vconc_0.8_run_1.csv,5760.0,850.0,0,0.8,0.0,0.8,1,23.5,0.0,0.0,0.0,0.0,1.0,0.0,2112.12
5760_dose_850_gradient_0_VconcST_0_Vconc_0.8_run_1.csv,5760.0,850.0,0,0.8,0.0,0.8,1,23.75,0.0,0.0,0.0,0.0,1.0,0.0,2247.09
5760_dose_850_gradient_0_VconcST_0_Vconc_0.8_run_1.csv,5760.0,850.0,0,0.8,0.0,0.8,1,24.0,56.8541,850.0,0.0221429,56.8541,1.0,0.0,2128.22
5760_dose_850_gradient_0_VconcST_0_Vconc_0.8_run_1.csv,5760.0,850.0,0,0.8,0.0,0.8,1,24.25,3431.91,835.508,1.33662,3431.91,0.0,0.999941,0.0732043
5760_dose_850_gradient_0_VconcST_0_Vconc_0.8_run_1.csv,5760.0,850.0,0,0.8,0.0,0.8,1,24.5,6736.63,821.264,2.62371,6736.63,0.0,0.99997,0.0492101
5760_dose_850_gradient_0_VconcST_0_Vconc_0.8_run_1.csv,5760.0,850.0,0,0.8,0.0,0.8,1,24.75,9972.25,807.263,3.88388,9972.25,0.0,0.99998,0.0300802
5760_dose_850_gradient_0_VconcST_0_Vconc_0.8_run_1.csv,5760.0,850.0,0,0.8,0.0,0.8,1,25.0,13140.0,793.5,5.11763,13140.0,0.0,0.999985,0.0217877
5760_dose_850_gradient_0_VconcST_0_Vconc_0.8_run_1.csv,5760.0,850.0,0,0.8,0.0,0.8,1,25.25,16241.1,779.971,6.32541,16241.1,0.0,0.999988,0.0172619
5760_dose_850_gradient_0_VconcST_0_Vconc_0.8_run_1.csv,5760.0,850.0,0,0.8,0.0,0.8,1,25.5,19276.7,766.674,7.50769,19276.7,0.0,0.99999,0.0141733
5760_dose_850_gradient_0_VconcST_0_Vconc_0.8_run_1.csv,5760.0,850.0,0,0.8,0.0,0.8,1,25.75,22248.0,753.603,8.66492,22248.0,0.0,0.999991,0.012145
5760_dose_850_gradient_0_VconcST_0_Vconc_0.8_run_1.csv,5760.0,850.0,0,0.8,0.0,0.8,1,26.0,25156.1,740.755,9.79754,25156.1,0.0,0.999992,0.0106431
5760_dose_850_gradient_0_VconcST_0_Vconc_0.8_run_1.csv,5760.0,850.0,0,0.8,0.0,0.8,1,26.25,28002.2,728.126,10.906,28002.2,0.0,0.999993,0.00946022
5760_dose_850_gradient_0_VconcST_0_Vconc_0.8_run_1.csv,5760.0,850.0,0,0.8,0.0,0.8,1,26.5,30787.4,715.712,11.9907,30787.4,0.0,0.999994,0.00852863
5760_dose_850_gradient_0_VconcST_0_Vconc_0.8_run_1.csv,5760.0,850.0,0,0.8,0.0,0.8,1,26.75,33512.7,703.51,13.0521,33512.7,0.0,0.999994,0.00785189
5760_dose_850_gradient_0_VconcST_0_Vconc_0.8_run_1.csv,5760.0,850.0,0,0.8,0.0,0.8,1,27.0,36179.2,691.516,14.0907,36179.2,0.0,0.999995,0.00723747
5760_dose_850_gradient_0_VconcST_0_Vconc_0.8_run_1.csv,5760.0,850.0,0,0.8,0.0,0.8,1,27.25,38787.9,679.726,15.1067,38787.9,0.0,0.999995,0.00672058
5760_dose_850_gradient_0_VconcST_0_Vconc_0.8_run_1.csv,5760.0,850.0,0,0.8,0.0,0.8,1,27.5,41340.0,668.138,16.1006,41340.0,0.0,0.999995,0.00628507
5760_dose_850_gradient_0_VconcST_0_Vconc_0.8_run_1.csv,5760.0,850.0,0,0.8,0.0,0.8,1,27.75,43836.3,656.747,17.0729,43836.3,0.0,0.999995,0.00589614
5760_dose_850_gradient_0_VconcST_0_Vconc_0.8_run_1.csv,5760.0,850.0,0,0.8,0.0,0.8,1,28.0,46278.0,645.55,18.0238,46278.0,0.0,0.999996,0.00557888
5760_dose_850_gradient_0_VconcST_0_Vconc_0.8_run_1.csv,5760.0,850.0,0,0.8,0.0,0.8,1,28.25,48665.9,634.544,18.9539,48665.9,0.0,0.999996,0.00528438
5760_dose_850_gradient_0_VconcST_0_Vconc_0.8_run_1.csv,5760.0,850.0,0,0.8,0.0,0.8,1,28.5,51001.1,623.726,19.8634,51001.1,0.0,0.999996,0.00506057
5760_dose_850_gradient_0_VconcST_0_Vconc_0.8_run_1.csv,5760.0,850.0,0,0.8,0.0,0.8,1,28.75,53284.5,613.093,20.7527,53284.5,0.0,0.999996,0.00483377
5760_dose_850_gradient_0_VconcST_0_Vconc_0.8_run_1.csv,5760.0,850.0,0,0.8,0.0,0.8,1,29.0,55517.0,602.64,21.6222,55517.0,0.0,0.999996,0.00460158
5760_dose_850_gradient_0_VconcST_0_Vconc_0.8_run_1.csv,5760.0,850.0,0,0.8,0.0,0.8,1,29.25,57699.5,592.366,22.4722,57699.5,0.0,0.999997,0.00445506
5760_dose_850_gradient_0_VconcST_0_Vconc_0.8_run_1.csv,5760.0,850.0,0,0.8,0.0,0.8,1,29.5,59833.0,582.267,23.3031,59833.0,0.0,0.999997,0.00430905
5760_dose_850_gradient_0_VconcST_0_Vconc_0.8_run_1.csv,5760.0,850.0,0,0.8,0.0,0.8,1,29.75,61918.2,572.34,24.1152,61918.2,0.0,0.999997,0.0041577
5760_dose_850_gradient_0_VconcST_0_Vconc_0.8_run_1.csv,5760.0,850.0,0,0.8,0.0,0.8,1,30.0,63956.1,562.582,24.9089,63956.1,0.0,0.999997,0.00399936
5760_dose_850_gradient_0_VconcST_0_Vconc_0.8_run_1.csv,5760.0,850.0,0,0.8,0.0,0.8,1,30.25,65947.6,552.991,25.6845,65947.6,0.0,0.999997,0.00384493
5760_dose_850_gradient_0_VconcST_0_Vconc_0.8_run_1.csv,5760.0,850.0,0,0.8,0.0,0.8,1,30.5,67893.4,543.563,26.4424,67893.4,0.0,0.999997,0.00384844
5760_dose_850_gradient_0_VconcST_0_Vconc_0.8_run_1.csv,5760.0,850.0,0,0.8,0.0,0.8,1,30.75,69794.4,534.296,27.1827,69794.4,0.0,0.999997,0.00370371
5760_dose_850_gradient_0_VconcST_0_Vconc_0.8_run_1.csv,5760.0,850.0,0,0.8,0.0,0.8,1,31.0,71651.4,525.187,27.906,71651.4,0.0,0.999997,0.00362205
5760_dose_850_gradient_0_VconcST_0_Vconc_0.8_run_1.csv,5760.0,850.0,0,0.8,0.0,0.8,1,31.25,73465.2,516.233,28.6124,73465.2,0.0,0.999997,0.0035523
5760_dose_850_gradient_0_VconcST_0_Vconc_0.8_run_1.csv,5760.0,850.0,0,0.8,0.0,0.8,1,31.5,75236.4,507.432,29.3023,75236.4,0.0,0.999997,0.00347004
5760_dose_850_gradient_0_VconcST_0_Vconc_0.8_run_1.csv,5760.0,850.0,0,0.8,0.0,0.8,1,31.75,76966.1,498.781,29.9759,76966.1,0.0,0.999997,0.00339639
5760_dose_850_gradient_0_VconcST_0_Vconc_0.8_run_1.csv,5760.0,850.0,0,0.8,0.0,0.8,1,32.0,78654.9,490.277,30.6336,78654.9,0.0,0.999997,0.00332825
5760_dose_850_gradient_0_VconcST_0_Vconc_0.8_run_1.csv,5760.0,850.0,0,0.8,0.0,0.8,1,32.25,80303.5,481.918,31.2757,80303.5,0.0,0.999997,0.00325058
5760_dose_850_gradient_0_VconcST_0_Vconc_0.8_run_1.csv,5760.0,850.0,0,0.8,0.0,0.8,1,32.5,81912.7,473.702,31.9024,81912.7,0.0,0.999997,0.00318287
5760_dose_850_gradient_0_VconcST_0_Vconc_0.8_run_1.csv,5760.0,850.0,0,0.8,0.0,0.8,1,32.75,83483.1,465.626,32.5141,83483.1,0.0,0.999998,0.00309601
5760_dose_850_gradient_0_VconcST_0_Vconc_0.8_run_1.csv,5760.0,850.0,0,0.8,0.0,0.8,1,33.0,85015.5,457.688,33.1109,85015.5,0.0,0.999998,0.00302293
5760_dose_850_gradient_0_VconcST_0_Vconc_0.8_run_1.csv,5760.0,850.0,0,0.8,0.0,0.8,1,33.25,86510.6,449.885,33.6932,86510.6,0.0,0.999998,0.00301838
5760_dose_850_gradient_0_VconcST_0_Vconc_0.8_run_1.csv,5760.0,850.0,0,0.8,0.0,0.8,1,33.5,87969.0,442.215,34.2612,87969.0,0.0,0.999998,0.00294198
5760_dose_850_gradient_0_VconcST_0_Vconc_0.8_run_1.csv,5760.0,850.0,0,0.8,0.0,0.8,1,33.75,89391.4,434.676,34.8152,89391.4,0.0,0.999998,0.00286485
5760_dose_850_gradient_0_VconcST_0_Vconc_0.8_run_1.csv,5760.0,850.0,0,0.8,0.0,0.8,1,34.0,90778.5,427.265,35.3554,90778.5,0.0,0.999998,0.00286485
5760_dose_850_gradient_0_VconcST_0_Vconc_0.8_run_1.csv,5760.0,850.0,0,0.8,0.0,0.8,1,34.25,92130.9,419.981,35.8821,92130.9,0.0,0.999998,0.00279366
5760_dose_850_gradient_0_VconcST_0_Vconc_0.8_run_1.csv,5760.0,850.0,0,0.8,0.0,0.8,1,34.5,93449.3,412.82,36.3956,93449.3,0.0,0.999998,0.0027967
5760_dose_850_gradient_0_VconcST_0_Vconc_0.8_run_1.csv,5760.0,850.0,0,0.8,0.0,0.8,1,34.75,94734.2,405.782,36.896,94734.2,0.0,0.999998,0.00271407
5760_dose_850_gradient_0_VconcST_0_Vconc_0.8_run_1.csv,5760.0,850.0,0,0.8,0.0,0.8,1,35.0,95986.3,398.864,37.3837,95986.3,0.0,0.999998,0.00271407
5760_dose_850_gradient_0_VconcST_0_Vconc_0.8_run_1.csv,5760.0,850.0,0,0.8,0.0,0.8,1,35.25,97206.2,392.064,37.8588,97206.2,0.0,0.999998,0.00263867
5760_dose_850_gradient_0_VconcST_0_Vconc_0.8_run_1.csv,5760.0,850.0,0,0.8,0.0,0.8,1,35.5,98394.4,385.38,38.3216,98394.4,0.0,0.999998,0.00263867
5760_dose_850_gradient_0_VconcST_0_Vconc_0.8_run_1.csv,5760.0,850.0,0,0.8,0.0,0.8,1,35.75,99551.6,378.81,38.7723,99551.6,0.0,0.999998,0.00256797
5760_dose_850_gradient_0_VconcST_0_Vconc_0.8_run_1.csv,5760.0,850.0,0,0.8,0.0,0.8,1,36.0,100678.0,372.352,39.2111,100678.0,0.0,0.999998,0.00256328
5760_dose_850_gradient_0_VconcST_0_Vconc_0.8_run_1.csv,5760.0,850.0,0,0.8,0.0,0.8,1,36.25,101775.0,366.004,39.6383,101775.0,0.0,0.999998,0.00256688
5760_dose_850_gradient_0_VconcST_0_Vconc_0.8_run_1.csv,5760.0,850.0,0,0.8,0.0,0.8,1,36.5,102843.0,359.764,40.054,102843.0,0.0,0.999998,0.00249095
5760_dose_850_gradient_0_VconcST_0_Vconc_0.8_run_1.csv,5760.0,850.0,0,0.8,0.0,0.8,1,36.75,103881.0,353.63,40.4585,103881.0,0.0,0.999998,0.00248789
5760_dose_850_gradient_0_VconcST_0_Vconc_0.8_run_1.csv,5760.0,850.0,0,0.8,0.0,0.8,1,37.0,104892.0,347.601,40.852,104892.0,0.0,0.999998,0.00249524
5760_dose_850_gradient_0_VconcST_0_Vconc_0.8_run_1.csv,5760.0,850.0,0,0.8,0.0,0.8,1,37.25,105874.0,341.675,41.2347,105874.0,0.0,0.999998,0.00241545
5760_dose_850_gradient_0_VconcST_0_Vconc_0.8_run_1.csv,5760.0,850.0,0,0.8,0.0,0.8,1,37.5,106829.0,335.85,41.6068,106829.0,0.0,0.999998,0.00241536
5760_dose_850_gradient_0_VconcST_0_Vconc_0.8_run_1.csv,5760.0,850.0,0,0.8,0.0,0.8,1,37.75,107758.0,330.124,41.9684,107758.0,0.0,0.999998,0.0024157
5760_dose_850_gradient_0_VconcST_0_Vconc_0.8_run_1.csv,5760.0,850.0,0,0.8,0.0,0.8,1,38.0,108660.0,324.496,42.3198,108660.0,0.0,0.999998,0.0023371
5760_dose_850_gradient_0_VconcST_0_Vconc_0.8_run_1.csv,5760.0,850.0,0,0.8,0.0,0.8,1,38.25,109537.0,318.964,42.6612,109537.0,0.0,0.999998,0.00234343
5760_dose_850_gradient_0_VconcST_0_Vconc_0.8_run_1.csv,5760.0,850.0,0,0.8,0.0,0.8,1,38.5,110388.0,313.526,42.9927,110388.0,0.0,0.999998,0.0023371
5760_dose_850_gradient_0_VconcST_0_Vconc_0.8_run_1.csv,5760.0,850.0,0,0.8,0.0,0.8,1,38.75,111214.0,308.181,43.3146,111214.0,0.0,0.999998,0.00234195
5760_dose_850_gradient_0_VconcST_0_Vconc_0.8_run_1.csv,5760.0,850.0,0,0.8,0.0,0.8,1,39.0,112016.0,302.926,43.627,112016.0,0.0,0.999998,0.00234162
5760_dose_850_gradient_0_VconcST_0_Vconc_0.8_run_1.csv,5760.0,850.0,0,0.8,0.0,0.8,1,39.25,112795.0,297.762,43.93,112795.0,0.0,0.999998,0.0022668
5760_dose_850_gradient_0_VconcST_0_Vconc_0.8_run_1.csv,5760.0,850.0,0,0.8,0.0,0.8,1,39.5,113549.0,292.685,44.2239,113549.0,0.0,0.999998,0.0022645
5760_dose_850_gradient_0_VconcST_0_Vconc_0.8_run_1.csv,5760.0,850.0,0,0.8,0.0,0.8,1,39.75,114281.0,287.695,44.5089,114281.0,0.0,0.999998,0.00226998
5760_dose_850_gradient_0_VconcST_0_Vconc_0.8_run_1.csv,5760.0,850.0,0,0.8,0.0,0.8,1,40.0,114990.0,282.791,44.7851,114990.0,0.0,0.999998,0.00226911
5760_dose_850_gradient_0_VconcST_0_Vconc_0.8_run_1.csv,5760.0,850.0,0,0.8,0.0,0.8,1,40.25,115677.0,277.969,45.0526,115677.0,0.0,0.999998,0.00226951
5760_dose_850_gradient_0_VconcST_0_Vconc_0.8_run_1.csv,5760.0,850.0,0,0.8,0.0,0.8,1,40.5,116342.0,273.23,45.3116,116342.0,0.0,0.999998,0.00219094
5760_dose_850_gradient_0_VconcST_0_Vconc_0.8_run_1.csv,5760.0,850.0,0,0.8,0.0,0.8,1,40.75,116986.0,268.572,45.5624,116986.0,0.0,0.999998,0.00218741
5760_dose_850_gradient_0_VconcST_0_Vconc_0.8_run_1.csv,5760.0,850.0,0,0.8,0.0,0.8,1,41.0,117609.0,263.993,45.805,117609.0,0.0,0.999998,0.00218833
5760_dose_850_gradient_0_VconcST_0_Vconc_0.8_run_1.csv,5760.0,850.0,0,0.8,0.0,0.8,1,41.25,118211.0,259.492,46.0396,118211.0,0.0,0.999998,0.00218879
5760_dose_850_gradient_0_VconcST_0_Vconc_0.8_run_1.csv,5760.0,850.0,0,0.8,0.0,0.8,1,41.5,118793.0,255.068,46.2663,118793.0,0.0,0.999998,0.00219109
5760_dose_750_gradient_0_VconcST_0_Vconc_0.7_run_1.csv,5760.0,750.0,0,0.7,0.0,0.7,1,0.0,0.0,0.0,0.0,0.0,0.0,0.0,0.0
5760_dose_750_gradient_0_VconcST_0_Vconc_0.7_run_1.csv,5760.0,750.0,0,0.7,0.0,0.7,1,0.25,0.0,0.0,0.0,0.0,0.0,0.0,1682.33
5760_dose_750_gradient_0_VconcST_0_Vconc_0.7_run_1.csv,5760.0,750.0,0,0.7,0.0,0.7,1,0.5,0.0,0.0,0.0,0.0,0.0,0.0,287.715
5760_dose_750_gradient_0_VconcST_0_Vconc_0.7_run_1.csv,5760.0,750.0,0,0.7,0.0,0.7,1,0.75,0.0,0.0,0.0,0.0,0.0,0.0,1386.95
5760_dose_750_gradient_0_VconcST_0_Vconc_0.7_run_1.csv,5760.0,750.0,0,0.7,0.0,0.7,1,1.0,0.0,0.0,0.0,0.0,0.0,0.0,508.156
5760_dose_750_gradient_0_VconcST_0_Vconc_0.7_run_1.csv,5760.0,750.0,0,0.7,0.0,0.7,1,1.25,0.0,0.0,0.0,0.0,0.0,0.0,1214.73
5760_dose_750_gradient_0_VconcST_0_Vconc_0.7_run_1.csv,5760.0,750.0,0,0.7,0.0,0.7,1,1.5,0.0,0.0,0.0,0.0,0.0,0.0,616.0
5760_dose_750_gradient_0_VconcST_0_Vconc_0.7_run_1.csv,5760.0,750.0,0,0.7,0.0,0.7,1,1.75,0.0,0.0,0.0,0.0,0.0,0.0,1121.73
5760_dose_750_gradient_0_VconcST_0_Vconc_0.7_run_1.csv,5760.0,750.0,0,0.7,0.0,0.7,1,2.0,0.0,0.0,0.0,0.0,0.0,0.0,707.895
5760_dose_750_gradient_0_VconcST_0_Vconc_0.7_run_1.csv,5760.0,750.0,0,0.7,0.0,0.7,1,2.25,0.0,0.0,0.0,0.0,0.0,0.0,1015.1
5760_dose_750_gradient_0_VconcST_0_Vconc_0.7_run_1.csv,5760.0,750.0,0,0.7,0.0,0.7,1,2.5,0.0,0.0,0.0,0.0,0.0,0.0,822.896
5760_dose_750_gradient_0_VconcST_0_Vconc_0.7_run_1.csv,5760.0,750.0,0,0.7,0.0,0.7,1,2.75,0.0,0.0,0.0,0.0,0.0,0.0,921.839
5760_dose_750_gradient_0_VconcST_0_Vconc_0.7_run_1.csv,5760.0,750.0,0,0.7,0.0,0.7,1,3.0,0.0,0.0,0.0,0.0,0.0,0.0,856.377
5760_dose_750_gradient_0_VconcST_0_Vconc_0.7_run_1.csv,5760.0,750.0,0,0.7,0.0,0.7,1,3.25,0.0,0.0,0.0,0.0,0.0,0.0,896.121
5760_dose_750_gradient_0_VconcST_0_Vconc_0.7_run_1.csv,5760.0,750.0,0,0.7,0.0,0.7,1,3.5,0.0,0.0,0.0,0.0,0.0,0.0,910.665
5760_dose_750_gradient_0_VconcST_0_Vconc_0.7_run_1.csv,5760.0,750.0,0,0.7,0.0,0.7,1,3.75,0.0,0.0,0.0,0.0,0.0,0.0,863.254
5760_dose_750_gradient_0_VconcST_0_Vconc_0.7_run_1.csv,5760.0,750.0,0,0.7,0.0,0.7,1,4.0,0.0,0.0,0.0,0.0,0.0,0.0,882.772
5760_dose_750_gradient_0_VconcST_0_Vconc_0.7_run_1.csv,5760.0,750.0,0,0.7,0.0,0.7,1,4.25,0.0,0.0,0.0,0.0,0.0,0.0,918.924
5760_dose_750_gradient_0_VconcST_0_Vconc_0.7_run_1.csv,5760.0,750.0,0,0.7,0.0,0.7,1,4.5,0.0,0.0,0.0,0.0,0.0,0.0,865.746
5760_dose_750_gradient_0_VconcST_0_Vconc_0.7_run_1.csv,5760.0,750.0,0,0.7,0.0,0.7,1,4.75,0.0,0.0,0.0,0.0,0.0,0.0,911.276
5760_dose_750_gradient_0_VconcST_0_Vconc_0.7_run_1.csv,5760.0,750.0,0,0.7,0.0,0.7,1,5.0,0.0,0.0,0.0,0.0,0.0,0.0,858.615
5760_dose_750_gradient_0_VconcST_0_Vconc_0.7_run_1.csv,5760.0,750.0,0,0.7,0.0,0.7,1,5.25,0.0,0.0,0.0,0.0,0.0,0.0,910.629
5760_dose_750_gradient_0_VconcST_0_Vconc_0.7_run_1.csv,5760.0,750.0,0,0.7,0.0,0.7,1,5.5,0.0,0.0,0.0,0.0,0.0,0.0,874.134
5760_dose_750_gradient_0_VconcST_0_Vconc_0.7_run_1.csv,5760.0,750.0,0,0.7,0.0,0.7,1,5.75,0.0,0.0,0.0,0.0,0.0,0.0,887.248
5760_dose_750_gradient_0_VconcST_0_Vconc_0.7_run_1.csv,5760.0,750.0,0,0.7,0.0,0.7,1,6.0,0.0,0.0,0.0,0.0,0.0,0.0,850.397
5760_dose_750_gradient_0_VconcST_0_Vconc_0.7_run_1.csv,5760.0,750.0,0,0.7,0.0,0.7,1,6.25,0.0,0.0,0.0,0.0,0.0,0.0,950.479
5760_dose_750_gradient_0_VconcST_0_Vconc_0.7_run_1.csv,5760.0,750.0,0,0.7,0.0,0.7,1,6.5,0.0,0.0,0.0,0.0,0.0,0.0,846.831
5760_dose_750_gradient_0_VconcST_0_Vconc_0.7_run_1.csv,5760.0,750.0,0,0.7,0.0,0.7,1,6.75,0.0,0.0,0.0,0.0,0.0,0.0,922.27
5760_dose_750_gradient_0_VconcST_0_Vconc_0.7_run_1.csv,5760.0,750.0,0,0.7,0.0,0.7,1,7.0,0.0,0.0,0.0,0.0,0.0,0.0,846.641
5760_dose_750_gradient_0_VconcST_0_Vconc_0.7_run_1.csv,5760.0,750.0,0,0.7,0.0,0.7,1,7.25,0.0,0.0,0.0,0.0,0.0,0.0,930.216
5760_dose_750_gradient_0_VconcST_0_Vconc_0.7_run_1.csv,5760.0,750.0,0,0.7,0.0,0.7,1,7.5,0.0,0.0,0.0,0.0,0.0,0.0,861.826
5760_dose_750_gradient_0_VconcST_0_Vconc_0.7_run_1.csv,5760.0,750.0,0,0.7,0.0,0.7,1,7.75,0.0,0.0,0.0,0.0,0.0,0.0,928.841
5760_dose_750_gradient_0_VconcST_0_Vconc_0.7_run_1.csv,5760.0,750.0,0,0.7,0.0,0.7,1,8.0,0.0,0.0,0.0,0.0,0.0,0.0,865.44
5760_dose_750_gradient_0_VconcST_0_Vconc_0.7_run_1.csv,5760.0,750.0,0,0.7,0.0,0.7,1,8.25,0.0,0.0,0.0,0.0,0.0,0.0,953.41
5760_dose_750_gradient_0_VconcST_0_Vconc_0.7_run_1.csv,5760.0,750.0,0,0.7,0.0,0.7,1,8.5,0.0,0.0,0.0,0.0,0.0,0.0,850.998
5760_dose_750_gradient_0_VconcST_0_Vconc_0.7_run_1.csv,5760.0,750.0,0,0.7,0.0,0.7,1,8.75,0.0,0.0,0.0,0.0,0.0,0.0,947.653
5760_dose_750_gradient_0_VconcST_0_Vconc_0.7_run_1.csv,5760.0,750.0,0,0.7,0.0,0.7,1,9.0,0.0,0.0,0.0,0.0,0.0,0.0,844.278
5760_dose_750_gradient_0_VconcST_0_Vconc_0.7_run_1.csv,5760.0,750.0,0,0.7,0.0,0.7,1,9.25,0.0,0.0,0.0,0.0,0.0,0.0,955.724
5760_dose_750_gradient_0_VconcST_0_Vconc_0.7_run_1.csv,5760.0,750.0,0,0.7,0.0,0.7,1,9.5,0.0,0.0,0.0,0.0,0.0,0.0,839.575
5760_dose_750_gradient_0_VconcST_0_Vconc_0.7_run_1.csv,5760.0,750.0,0,0.7,0.0,0.7,1,9.75,0.0,0.0,0.0,0.0,0.0,0.0,943.411
5760_dose_750_gradient_0_VconcST_0_Vconc_0.7_run_1.csv,5760.0,750.0,0,0.7,0.0,0.7,1,10.0,0.0,0.0,0.0,0.0,0.0,0.0,844.591
5760_dose_750_gradient_0_VconcST_0_Vconc_0.7_run_1.csv,5760.0,750.0,0,0.7,0.0,0.7,1,10.25,0.0,0.0,0.0,0.0,0.0,0.0,937.728
5760_dose_750_gradient_0_VconcST_0_Vconc_0.7_run_1.csv,5760.0,750.0,0,0.7,0.0,0.7,1,10.5,0.0,0.0,0.0,0.0,0.0,0.0,862.491
5760_dose_750_gradient_0_VconcST_0_Vconc_0.7_run_1.csv,5760.0,750.0,0,0.7,0.0,0.7,1,10.75,0.0,0.0,0.0,0.0,0.0,0.0,908.825
5760_dose_750_gradient_0_VconcST_0_Vconc_0.7_run_1.csv,5760.0,750.0,0,0.7,0.0,0.7,1,11.0,0.0,0.0,0.0,0.0,0.0,0.0,905.03
5760_dose_750_gradient_0_VconcST_0_Vconc_0.7_run_1.csv,5760.0,750.0,0,0.7,0.0,0.7,1,11.25,0.0,0.0,0.0,0.0,0.0,0.0,870.369
5760_dose_750_gradient_0_VconcST_0_Vconc_0.7_run_1.csv,5760.0,750.0,0,0.7,0.0,0.7,1,11.5,0.0,0.0,0.0,0.0,0.0,0.0,890.4
5760_dose_750_gradient_0_VconcST_0_Vconc_0.7_run_1.csv,5760.0,750.0,0,0.7,0.0,0.7,1,11.75,0.0,0.0,0.0,0.0,0.0,0.0,911.253
5760_dose_750_gradient_0_VconcST_0_Vconc_0.7_run_1.csv,5760.0,750.0,0,0.7,0.0,0.7,1,12.0,0.0,0.0,0.0,0.0,0.0,0.0,872.324
5760_dose_750_gradient_0_VconcST_0_Vconc_0.7_run_1.csv,5760.0,750.0,0,0.7,0.0,0.7,1,12.25,0.0,0.0,0.0,0.0,0.0,0.0,909.093
5760_dose_750_gradient_0_VconcST_0_Vconc_0.7_run_1.csv,5760.0,750.0,0,0.7,0.0,0.7,1,12.5,0.0,0.0,0.0,0.0,0.0,0.0,890.195
5760_dose_750_gradient_0_VconcST_0_Vconc_0.7_run_1.csv,5760.0,750.0,0,0.7,0.0,0.7,1,12.75,0.0,0.0,0.0,0.0,0.0,0.0,900.541
5760_dose_750_gradient_0_VconcST_0_Vconc_0.7_run_1.csv,5760.0,750.0,0,0.7,0.0,0.7,1,13.0,0.0,0.0,0.0,0.0,0.0,0.0,898.848
5760_dose_750_gradient_0_VconcST_0_Vconc_0.7_run_1.csv,5760.0,750.0,0,0.7,0.0,0.7,1,13.25,0.0,0.0,0.0,0.0,0.0,0.0,930.153
5760_dose_750_gradient_0_VconcST_0_Vconc_0.7_run_1.csv,5760.0,750.0,0,0.7,0.0,0.7,1,13.5,0.0,0.0,0.0,0.0,0.0,0.0,887.49
5760_dose_750_gradient_0_VconcST_0_Vconc_0.7_run_1.csv,5760.0,750.0,0,0.7,0.0,0.7,1,13.75,0.0,0.0,0.0,0.0,0.0,0.0,906.157
5760_dose_750_gradient_0_VconcST_0_Vconc_0.7_run_1.csv,5760.0,750.0,0,0.7,0.0,0.7,1,14.0,0.0,0.0,0.0,0.0,0.0,0.0,887.531
5760_dose_750_gradient_0_VconcST_0_Vconc_0.7_run_1.csv,5760.0,750.0,0,0.7,0.0,0.7,1,14.25,0.0,0.0,0.0,0.0,0.0,0.0,950.962
5760_dose_750_gradient_0_VconcST_0_Vconc_0.7_run_1.csv,5760.0,750.0,0,0.7,0.0,0.7,1,14.5,0.0,0.0,0.0,0.0,0.0,0.0,873.272
5760_dose_750_gradient_0_VconcST_0_Vconc_0.7_run_1.csv,5760.0,750.0,0,0.7,0.0,0.7,1,14.75,0.0,0.0,0.0,0.0,0.0,0.0,930.179
5760_dose_750_gradient_0_VconcST_0_Vconc_0.7_run_1.csv,5760.0,750.0,0,0.7,0.0,0.7,1,15.0,0.0,0.0,0.0,0.0,0.0,0.0,887.655
5760_dose_750_gradient_0_VconcST_0_Vconc_0.7_run_1.csv,5760.0,750.0,0,0.7,0.0,0.7,1,15.25,0.0,0.0,0.0,0.0,0.0,0.0,923.699
5760_dose_750_gradient_0_VconcST_0_Vconc_0.7_run_1.csv,5760.0,750.0,0,0.7,0.0,0.7,1,15.5,0.0,0.0,0.0,0.0,0.0,0.0,869.747
5760_dose_750_gradient_0_VconcST_0_Vconc_0.7_run_1.csv,5760.0,750.0,0,0.7,0.0,0.7,1,15.75,0.0,0.0,0.0,0.0,0.0,0.0,924.771
5760_dose_750_gradient_0_VconcST_0_Vconc_0.7_run_1.csv,5760.0,750.0,0,0.7,0.0,0.7,1,16.0,0.0,0.0,0.0,0.0,0.0,0.0,898.073
5760_dose_750_gradient_0_VconcST_0_Vconc_0.7_run_1.csv,5760.0,750.0,0,0.7,0.0,0.7,1,16.25,0.0,0.0,0.0,0.0,0.0,0.0,903.707
5760_dose_750_gradient_0_VconcST_0_Vconc_0.7_run_1.csv,5760.0,750.0,0,0.7,0.0,0.7,1,16.5,0.0,0.0,0.0,0.0,0.0,0.0,944.512
5760_dose_750_gradient_0_VconcST_0_Vconc_0.7_run_1.csv,5760.0,750.0,0,0.7,0.0,0.7,1,16.75,0.0,0.0,0.0,0.0,0.0,0.0,867.389
5760_dose_750_gradient_0_VconcST_0_Vconc_0.7_run_1.csv,5760.0,750.0,0,0.7,0.0,0.7,1,17.0,0.0,0.0,0.0,0.0,0.0,0.0,934.443
5760_dose_750_gradient_0_VconcST_0_Vconc_0.7_run_1.csv,5760.0,750.0,0,0.7,0.0,0.7,1,17.25,0.0,0.0,0.0,0.0,0.0,0.0,878.655
5760_dose_750_gradient_0_VconcST_0_Vconc_0.7_run_1.csv,5760.0,750.0,0,0.7,0.0,0.7,1,17.5,0.0,0.0,0.0,0.0,0.0,0.0,935.227
5760_dose_750_gradient_0_VconcST_0_Vconc_0.7_run_1.csv,5760.0,750.0,0,0.7,0.0,0.7,1,17.75,0.0,0.0,0.0,0.0,0.0,0.0,901.594
5760_dose_750_gradient_0_VconcST_0_Vconc_0.7_run_1.csv,5760.0,750.0,0,0.7,0.0,0.7,1,18.0,0.0,0.0,0.0,0.0,0.0,0.0,899.956
5760_dose_750_gradient_0_VconcST_0_Vconc_0.7_run_1.csv,5760.0,750.0,0,0.7,0.0,0.7,1,18.25,0.0,0.0,0.0,0.0,0.0,0.0,897.651
5760_dose_750_gradient_0_VconcST_0_Vconc_0.7_run_1.csv,5760.0,750.0,0,0.7,0.0,0.7,1,18.5,0.0,0.0,0.0,0.0,0.0,0.0,895.777
5760_dose_750_gradient_0_VconcST_0_Vconc_0.7_run_1.csv,5760.0,750.0,0,0.7,0.0,0.7,1,18.75,0.0,0.0,0.0,0.0,0.0,0.0,906.156
5760_dose_750_gradient_0_VconcST_0_Vconc_0.7_run_1.csv,5760.0,750.0,0,0.7,0.0,0.7,1,19.0,0.0,0.0,0.0,0.0,0.0,0.0,934.19
5760_dose_750_gradient_0_VconcST_0_Vconc_0.7_run_1.csv,5760.0,750.0,0,0.7,0.0,0.7,1,19.25,0.0,0.0,0.0,0.0,0.0,0.0,883.643
5760_dose_750_gradient_0_VconcST_0_Vconc_0.7_run_1.csv,5760.0,750.0,0,0.7,0.0,0.7,1,19.5,0.0,0.0,0.0,0.0,0.0,0.0,922.378
5760_dose_750_gradient_0_VconcST_0_Vconc_0.7_run_1.csv,5760.0,750.0,0,0.7,0.0,0.7,1,19.75,0.0,0.0,0.0,0.0,0.0,0.0,894.255
5760_dose_750_gradient_0_VconcST_0_Vconc_0.7_run_1.csv,5760.0,750.0,0,0.7,0.0,0.7,1,20.0,0.0,0.0,0.0,0.0,0.0,0.0,915.405
5760_dose_750_gradient_0_VconcST_0_Vconc_0.7_run_1.csv,5760.0,750.0,0,0.7,0.0,0.7,1,20.25,0.0,0.0,0.0,0.0,0.0,0.0,913.666
5760_dose_750_gradient_0_VconcST_0_Vconc_0.7_run_1.csv,5760.0,750.0,0,0.7,0.0,0.7,1,20.5,0.0,0.0,0.0,0.0,0.0,0.0,899.892
5760_dose_750_gradient_0_VconcST_0_Vconc_0.7_run_1.csv,5760.0,750.0,0,0.7,0.0,0.7,1,20.75,0.0,0.0,0.0,0.0,0.0,0.0,884.761
5760_dose_750_gradient_0_VconcST_0_Vconc_0.7_run_1.csv,5760.0,750.0,0,0.7,0.0,0.7,1,21.0,0.0,0.0,0.0,0.0,0.0,0.0,926.488
5760_dose_750_gradient_0_VconcST_0_Vconc_0.7_run_1.csv,5760.0,750.0,0,0.7,0.0,0.7,1,21.25,0.0,0.0,0.0,0.0,0.0,0.0,874.937
5760_dose_750_gradient_0_VconcST_0_Vconc_0.7_run_1.csv,5760.0,750.0,0,0.7,0.0,0.7,1,21.5,0.0,0.0,0.0,0.0,0.0,0.0,921.603
5760_dose_750_gradient_0_VconcST_0_Vconc_0.7_run_1.csv,5760.0,750.0,0,0.7,0.0,0.7,1,21.75,0.0,0.0,0.0,0.0,0.0,0.0,901.451
5760_dose_750_gradient_0_VconcST_0_Vconc_0.7_run_1.csv,5760.0,750.0,0,0.7,0.0,0.7,1,22.0,0.0,0.0,0.0,0.0,0.0,0.0,940.314
5760_dose_750_gradient_0_VconcST_0_Vconc_0.7_run_1.csv,5760.0,750.0,0,0.7,0.0,0.7,1,22.25,0.0,0.0,0.0,0.0,0.0,0.0,905.176
5760_dose_750_gradient_0_VconcST_0_Vconc_0.7_run_1.csv,5760.0,750.0,0,0.7,0.0,0.7,1,22.5,0.0,0.0,0.0,0.0,0.0,0.0,907.07
5760_dose_750_gradient_0_VconcST_0_Vconc_0.7_run_1.csv,5760.0,750.0,0,0.7,0.0,0.7,1,22.75,0.0,0.0,0.0,0.0,0.0,0.0,913.121
5760_dose_750_gradient_0_VconcST_0_Vconc_0.7_run_1.csv,5760.0,750.0,0,0.7,0.0,0.7,1,23.0,0.0,0.0,0.0,0.0,0.0,0.0,956.984
5760_dose_750_gradient_0_VconcST_0_Vconc_0.7_run_1.csv,5760.0,750.0,0,0.7,0.0,0.7,1,23.25,0.0,0.0,0.0,0.0,0.0,0.0,899.675
5760_dose_750_gradient_0_VconcST_0_Vconc_0.7_run_1.csv,5760.0,750.0,0,0.7,0.0,0.7,1,23.5,0.0,0.0,0.0,0.0,0.0,0.0,997.584
5760_dose_750_gradient_0_VconcST_0_Vconc_0.7_run_1.csv,5760.0,750.0,0,0.7,0.0,0.7,1,23.75,0.0,0.0,0.0,0.0,0.0,0.0,903.683
5760_dose_750_gradient_0_VconcST_0_Vconc_0.7_run_1.csv,5760.0,750.0,0,0.7,0.0,0.7,1,24.0,50.1654,750.0,0.0195379,50.1654,0.0,0.0,983.568
5760_dose_750_gradient_0_VconcST_0_Vconc_0.7_run_1.csv,5760.0,750.0,0,0.7,0.0,0.7,1,24.25,3028.16,737.214,1.17937,3028.16,0.0,0.999933,0.0739707
5760_dose_750_gradient_0_VconcST_0_Vconc_0.7_run_1.csv,5760.0,750.0,0,0.7,0.0,0.7,1,24.5,5944.09,724.645,2.31504,5944.09,0.0,0.999966,0.0487821
5760_dose_750_gradient_0_VconcST_0_Vconc_0.7_run_1.csv,5760.0,750.0,0,0.7,0.0,0.7,1,24.75,8799.05,712.291,3.42696,8799.05,0.0,0.999977,0.0298163
5760_dose_750_gradient_0_VconcST_0_Vconc_0.7_run_1.csv,5760.0,750.0,0,0.7,0.0,0.7,1,25.0,11594.1,700.147,4.51555,11594.1,0.0,0.999983,0.0216367
5760_dose_750_gradient_0_VconcST_0_Vconc_0.7_run_1.csv,5760.0,750.0,0,0.7,0.0,0.7,1,25.25,14330.4,688.211,5.58124,14330.4,0.0,0.999986,0.0170456
5760_dose_750_gradient_0_VconcST_0_Vconc_0.7_run_1.csv,5760.0,750.0,0,0.7,0.0,0.7,1,25.5,17008.9,676.477,6.62443,17008.9,0.0,0.999988,0.0141371
5760_dose_750_gradient_0_VconcST_0_Vconc_0.7_run_1.csv,5760.0,750.0,0,0.7,0.0,0.7,1,25.75,19630.6,664.944,7.64551,19630.6,0.0,0.99999,0.0120253
5760_dose_750_gradient_0_VconcST_0_Vconc_0.7_run_1.csv,5760.0,750.0,0,0.7,0.0,0.7,1,26.0,22196.6,653.608,8.64489,22196.6,0.0,0.999991,0.0105141
5760_dose_750_gradient_0_VconcST_0_Vconc_0.7_run_1.csv,5760.0,750.0,0,0.7,0.0,0.7,1,26.25,24707.9,642.465,9.62295,24707.9,0.0,0.999992,0.00938298
5760_dose_750_gradient_0_VconcST_0_Vconc_0.7_run_1.csv,5760.0,750.0,0,0.7,0.0,0.7,1,26.5,27165.3,631.511,10.5801,27165.3,0.0,0.999993,0.00850967
5760_dose_750_gradient_0_VconcST_0_Vconc_0.7_run_1.csv,5760.0,750.0,0,0.7,0.0,0.7,1,26.75,29570.0,620.745,11.5166,29570.0,0.0,0.999993,0.00781226
5760_dose_750_gradient_0_VconcST_0_Vconc_0.7_run_1.csv,5760.0,750.0,0,0.7,0.0,0.7,1,27.0,31922.8,610.162,12.4329,31922.8,0.0,0.999994,0.00720732
5760_dose_750_gradient_0_VconcST_0_Vconc_0.7_run_1.csv,5760.0,750.0,0,0.7,0.0,0.7,1,27.25,34224.7,599.759,13.3295,34224.7,0.0,0.999994,0.00667055
5760_dose_750_gradient_0_VconcST_0_Vconc_0.7_run_1.csv,5760.0,750.0,0,0.7,0.0,0.7,1,27.5,36476.5,589.534,14.2065,36476.5,0.0,0.999995,0.00622681
5760_dose_750_gradient_0_VconcST_0_Vconc_0.7_run_1.csv,5760.0,750.0,0,0.7,0.0,0.7,1,27.75,38679.2,579.483,15.0643,38679.2,0.0,0.999995,0.00587105
5760_dose_750_gradient_0_VconcST_0_Vconc_0.7_run_1.csv,5760.0,750.0,0,0.7,0.0,0.7,1,28.0,40833.6,569.604,15.9034,40833.6,0.0,0.999995,0.00554121
5760_dose_750_gradient_0_VconcST_0_Vconc_0.7_run_1.csv,5760.0,750.0,0,0.7,0.0,0.7,1,28.25,42940.6,559.893,16.724,42940.6,0.0,0.999995,0.00527733
5760_dose_750_gradient_0_VconcST_0_Vconc_0.7_run_1.csv,5760.0,750.0,0,0.7,0.0,0.7,1,28.5,45001.1,550.347,17.5265,45001.1,0.0,0.999996,0.00501346
5760_dose_750_gradient_0_VconcST_0_Vconc_0.7_run_1.csv,5760.0,750.0,0,0.7,0.0,0.7,1,28.75,47015.8,540.964,18.3112,47015.8,0.0,0.999996,0.00481556
5760_dose_750_gradient_0_VconcST_0_Vconc_0.7_run_1.csv,5760.0,750.0,0,0.7,0.0,0.7,1,29.0,48985.7,531.742,19.0784,48985.7,0.0,0.999996,0.00462319
5760_dose_750_gradient_0_VconcST_0_Vconc_0.7_run_1.csv,5760.0,750.0,0,0.7,0.0,0.7,1,29.25,50911.4,522.676,19.8284,50911.4,0.0,0.999996,0.00442425
5760_dose_750_gradient_0_VconcST_0_Vconc_0.7_run_1.csv,5760.0,750.0,0,0.7,0.0,0.7,1,29.5,52793.9,513.765,20.5616,52793.9,0.0,0.999996,0.00423152
5760_dose_750_gradient_0_VconcST_0_Vconc_0.7_run_1.csv,5760.0,750.0,0,0.7,0.0,0.7,1,29.75,54633.8,505.006,21.2782,54633.8,0.0,0.999996,0.00410849
5760_dose_750_gradient_0_VconcST_0_Vconc_0.7_run_1.csv,5760.0,750.0,0,0.7,0.0,0.7,1,30.0,56432.0,496.396,21.9785,56432.0,0.0,0.999996,0.00396273
5760_dose_750_gradient_0_VconcST_0_Vconc_0.7_run_1.csv,5760.0,750.0,0,0.7,0.0,0.7,1,30.25,58189.1,487.933,22.6629,58189.1,0.0,0.999997,0.00383116
5760_dose_750_gradient_0_VconcST_0_Vconc_0.7_run_1.csv,5760.0,750.0,0,0.7,0.0,0.7,1,30.5,59906.0,479.615,23.3315,59906.0,0.0,0.999997,0.0037601
5760_dose_750_gradient_0_VconcST_0_Vconc_0.7_run_1.csv,5760.0,750.0,0,0.7,0.0,0.7,1,30.75,61583.3,471.438,23.9848,61583.3,0.0,0.999997,0.00363365
5760_dose_750_gradient_0_VconcST_0_Vconc_0.7_run_1.csv,5760.0,750.0,0,0.7,0.0,0.7,1,31.0,63221.9,463.4,24.623,63221.9,0.0,0.999997,0.0035721
5760_dose_750_gradient_0_VconcST_0_Vconc_0.7_run_1.csv,5760.0,750.0,0,0.7,0.0,0.7,1,31.25,64822.3,455.5,25.2463,64822.3,0.0,0.999997,0.00343438
5760_dose_750_gradient_0_VconcST_0_Vconc_0.7_run_1.csv,5760.0,750.0,0,0.7,0.0,0.7,1,31.5,66385.2,447.734,25.855,66385.2,0.0,0.999997,0.00343269
5760_dose_750_gradient_0_VconcST_0_Vconc_0.7_run_1.csv,5760.0,750.0,0,0.7,0.0,0.7,1,31.75,67911.4,440.101,26.4494,67911.4,0.0,0.999997,0.00337268
5760_dose_750_gradient_0_VconcST_0_Vconc_0.7_run_1.csv,5760.0,750.0,0,0.7,0.0,0.7,1,32.0,69401.5,432.598,27.0297,69401.5,0.0,0.999997,0.00330262
5760_dose_750_gradient_0_VconcST_0_Vconc_0.7_run_1.csv,5760.0,750.0,0,0.7,0.0,0.7,1,32.25,70856.1,425.222,27.5963,70856.1,0.0,0.999997,0.00323237
5760_dose_750_gradient_0_VconcST_0_Vconc_0.7_run_1.csv,5760.0,750.0,0,0.7,0.0,0.7,1,32.5,72276.0,417.973,28.1492,72276.0,0.0,0.999997,0.00317019
5760_dose_750_gradient_0_VconcST_0_Vconc_0.7_run_1.csv,5760.0,750.0,0,0.7,0.0,0.7,1,32.75,73661.6,410.847,28.6889,73661.6,0.0,0.999997,0.00311745
5760_dose_750_gradient_0_VconcST_0_Vconc_0.7_run_1.csv,5760.0,750.0,0,0.7,0.0,0.7,1,33.0,75013.7,403.842,29.2155,75013.7,0.0,0.999997,0.00303905
5760_dose_750_gradient_0_VconcST_0_Vconc_0.7_run_1.csv,5760.0,750.0,0,0.7,0.0,0.7,1,33.25,76332.9,396.957,29.7293,76332.9,0.0,0.999997,0.00297382
5760_dose_750_gradient_0_VconcST_0_Vconc_0.7_run_1.csv,5760.0,750.0,0,0.7,0.0,0.7,1,33.5,77619.8,390.19,30.2305,77619.8,0.0,0.999997,0.00290254
5760_dose_750_gradient_0_VconcST_0_Vconc_0.7_run_1.csv,5760.0,750.0,0,0.7,0.0,0.7,1,33.75,78874.8,383.537,30.7193,78874.8,0.0,0.999997,0.00290397
5760_dose_750_gradient_0_VconcST_0_Vconc_0.7_run_1.csv,5760.0,750.0,0,0.7,0.0,0.7,1,34.0,80098.7,376.999,31.196,80098.7,0.0,0.999997,0.00283655
5760_dose_750_gradient_0_VconcST_0_Vconc_0.7_run_1.csv,5760.0,750.0,0,0.7,0.0,0.7,1,34.25,81292.0,370.571,31.6607,81292.0,0.0,0.999997,0.00278122
5760_dose_750_gradient_0_VconcST_0_Vconc_0.7_run_1.csv,5760.0,750.0,0,0.7,0.0,0.7,1,34.5,82455.3,364.253,32.1138,82455.3,0.0,0.999998,0.0027706
5760_dose_750_gradient_0_VconcST_0_Vconc_0.7_run_1.csv,5760.0,750.0,0,0.7,0.0,0.7,1,34.75,83589.0,358.043,32.5553,83589.0,0.0,0.999998,0.00270654
5760_dose_750_gradient_0_VconcST_0_Vconc_0.7_run_1.csv,5760.0,750.0,0,0.7,0.0,0.7,1,35.0,84693.8,351.938,32.9856,84693.8,0.0,0.999998,0.00264618
5760_dose_750_gradient_0_VconcST_0_Vconc_0.7_run_1.csv,5760.0,750.0,0,0.7,0.0,0.7,1,35.25,85770.2,345.938,33.4048,85770.2,0.0,0.999998,0.00264025
5760_dose_750_gradient_0_VconcST_0_Vconc_0.7_run_1.csv,5760.0,750.0,0,0.7,0.0,0.7,1,35.5,86818.6,340.04,33.8132,86818.6,0.0,0.999998,0.00257859
5760_dose_750_gradient_0_VconcST_0_Vconc_0.7_run_1.csv,5760.0,750.0,0,0.7,0.0,0.7,1,35.75,87839.7,334.243,34.2108,87839.7,0.0,0.999998,0.00257398
5760_dose_750_gradient_0_VconcST_0_Vconc_0.7_run_1.csv,5760.0,750.0,0,0.7,0.0,0.7,1,36.0,88833.9,328.545,34.598,88833.9,0.0,0.999998,0.00257588
5760_dose_750_gradient_0_VconcST_0_Vconc_0.7_run_1.csv,5760.0,750.0,0,0.7,0.0,0.7,1,36.25,89801.6,322.943,34.975,89801.6,0.0,0.999998,0.00251025
5760_dose_750_gradient_0_VconcST_0_Vconc_0.7_run_1.csv,5760.0,750.0,0,0.7,0.0,0.7,1,36.5,90743.5,317.438,35.3418,90743.5,0.0,0.999998,0.00250999
5760_dose_750_gradient_0_VconcST_0_Vconc_0.7_run_1.csv,5760.0,750.0,0,0.7,0.0,0.7,1,36.75,91660.0,312.026,35.6987,91660.0,0.0,0.999998,0.00244352
5760_dose_750_gradient_0_VconcST_0_Vconc_0.7_run_1.csv,5760.0,750.0,0,0.7,0.0,0.7,1,37.0,92551.4,306.706,36.0459,92551.4,0.0,0.999998,0.0024503
5760_dose_750_gradient_0_VconcST_0_Vconc_0.7_run_1.csv,5760.0,750.0,0,0.7,0.0,0.7,1,37.25,93418.4,301.477,36.3836,93418.4,0.0,0.999998,0.00244301
5760_dose_750_gradient_0_VconcST_0_Vconc_0.7_run_1.csv,5760.0,750.0,0,0.7,0.0,0.7,1,37.5,94261.3,296.337,36.7118,94261.3,0.0,0.999998,0.00237864
5760_dose_750_gradient_0_VconcST_0_Vconc_0.7_run_1.csv,5760.0,750.0,0,0.7,0.0,0.7,1,37.75,95080.6,291.285,37.0309,95080.6,0.0,0.999998,0.00237788
5760_dose_750_gradient_0_VconcST_0_Vconc_0.7_run_1.csv,5760.0,750.0,0,0.7,0.0,0.7,1,38.0,95876.7,286.319,37.341,95876.7,0.0,0.999998,0.00237872
5760_dose_750_gradient_0_VconcST_0_Vconc_0.7_run_1.csv,5760.0,750.0,0,0.7,0.0,0.7,1,38.25,96650.1,281.438,37.6422,96650.1,0.0,0.999998,0.0023137
5760_dose_750_gradient_0_VconcST_0_Vconc_0.7_run_1.csv,5760.0,750.0,0,0.7,0.0,0.7,1,38.5,97401.2,276.639,37.9347,97401.2,0.0,0.999998,0.00231703
5760_dose_750_gradient_0_VconcST_0_Vconc_0.7_run_1.csv,5760.0,750.0,0,0.7,0.0,0.7,1,38.75,98130.4,271.923,38.2187,98130.4,0.0,0.999998,0.00231159
5760_dose_750_gradient_0_VconcST_0_Vconc_0.7_run_1.csv,5760.0,750.0,0,0.7,0.0,0.7,1,39.0,98838.0,267.287,38.4943,98838.0,0.0,0.999998,0.0023176
5760_dose_750_gradient_0_VconcST_0_Vconc_0.7_run_1.csv,5760.0,750.0,0,0.7,0.0,0.7,1,39.25,99524.6,262.73,38.7618,99524.6,0.0,0.999998,0.00224768
5760_dose_750_gradient_0_VconcST_0_Vconc_0.7_run_1.csv,5760.0,750.0,0,0.7,0.0,0.7,1,39.5,100191.0,258.251,39.0211,100191.0,0.0,0.999998,0.00224634
5760_dose_750_gradient_0_VconcST_0_Vconc_0.7_run_1.csv,5760.0,750.0,0,0.7,0.0,0.7,1,39.75,100836.0,253.848,39.2725,100836.0,0.0,0.999998,0.00224578
5760_dose_750_gradient_0_VconcST_0_Vconc_0.7_run_1.csv,5760.0,750.0,0,0.7,0.0,0.7,1,40.0,101462.0,249.52,39.5162,101462.0,0.0,0.999998,0.00224539
5760_dose_750_gradient_0_VconcST_0_Vconc_0.7_run_1.csv,5760.0,750.0,0,0.7,0.0,0.7,1,40.25,102068.0,245.266,39.7523,102068.0,0.0,0.999998,0.0021782
5760_dose_750_gradient_0_VconcST_0_Vconc_0.7_run_1.csv,5760.0,750.0,0,0.7,0.0,0.7,1,40.5,102655.0,241.085,39.9809,102655.0,0.0,0.999998,0.0021769
5760_dose_750_gradient_0_VconcST_0_Vconc_0.7_run_1.csv,5760.0,750.0,0,0.7,0.0,0.7,1,40.75,103223.0,236.975,40.2021,103223.0,0.0,0.999998,0.00218218
5760_dose_750_gradient_0_VconcST_0_Vconc_0.7_run_1.csv,5760.0,750.0,0,0.7,0.0,0.7,1,41.0,103772.0,232.934,40.4162,103772.0,0.0,0.999998,0.00217797
5760_dose_750_gradient_0_VconcST_0_Vconc_0.7_run_1.csv,5760.0,750.0,0,0.7,0.0,0.7,1,41.25,104304.0,228.963,40.6232,104304.0,0.0,0.999998,0.00218799
5760_dose_750_gradient_0_VconcST_0_Vconc_0.7_run_1.csv,5760.0,750.0,0,0.7,0.0,0.7,1,41.5,104818.0,225.06,40.8232,104818.0,0.0,0.999998,0.00217797
5760_dose_800_gradient_0_VconcST_0_Vconc_0.7_run_0.csv,5760.0,800.0,0,0.7,0.0,0.7,0,0.0,0.0,0.0,0.0,0.0,0.0,0.0,0.0
5760_dose_800_gradient_0_VconcST_0_Vconc_0.7_run_0.csv,5760.0,800.0,0,0.7,0.0,0.7,0,0.25,0.0,0.0,0.0,0.0,0.0,0.0,1740.47
5760_dose_800_gradient_0_VconcST_0_Vconc_0.7_run_0.csv,5760.0,800.0,0,0.7,0.0,0.7,0,0.5,0.0,0.0,0.0,0.0,0.0,0.0,233.046
5760_dose_800_gradient_0_VconcST_0_Vconc_0.7_run_0.csv,5760.0,800.0,0,0.7,0.0,0.7,0,0.75,0.0,0.0,0.0,0.0,0.0,0.0,1466.69
5760_dose_800_gradient_0_VconcST_0_Vconc_0.7_run_0.csv,5760.0,800.0,0,0.7,0.0,0.7,0,1.0,0.0,0.0,0.0,0.0,0.0,0.0,450.651
5760_dose_800_gradient_0_VconcST_0_Vconc_0.7_run_0.csv,5760.0,800.0,0,0.7,0.0,0.7,0,1.25,0.0,0.0,0.0,0.0,0.0,0.0,1271.74
5760_dose_800_gradient_0_VconcST_0_Vconc_0.7_run_0.csv,5760.0,800.0,0,0.7,0.0,0.7,0,1.5,0.0,0.0,0.0,0.0,0.0,0.0,593.167
5760_dose_800_gradient_0_VconcST_0_Vconc_0.7_run_0.csv,5760.0,800.0,0,0.7,0.0,0.7,0,1.75,0.0,0.0,0.0,0.0,0.0,0.0,1163.89
5760_dose_800_gradient_0_VconcST_0_Vconc_0.7_run_0.csv,5760.0,800.0,0,0.7,0.0,0.7,0,2.0,0.0,0.0,0.0,0.0,0.0,0.0,693.689
5760_dose_800_gradient_0_VconcST_0_Vconc_0.7_run_0.csv,5760.0,800.0,0,0.7,0.0,0.7,0,2.25,0.0,0.0,0.0,0.0,0.0,0.0,1084.28
5760_dose_800_gradient_0_VconcST_0_Vconc_0.7_run_0.csv,5760.0,800.0,0,0.7,0.0,0.7,0,2.5,0.0,0.0,0.0,0.0,0.0,0.0,726.765
5760_dose_800_gradient_0_VconcST_0_Vconc_0.7_run_0.csv,5760.0,800.0,0,0.7,0.0,0.7,0,2.75,0.0,0.0,0.0,0.0,0.0,0.0,1024.31
5760_dose_800_gradient_0_VconcST_0_Vconc_0.7_run_0.csv,5760.0,800.0,0,0.7,0.0,0.7,0,3.0,0.0,0.0,0.0,0.0,0.0,0.0,813.677
5760_dose_800_gradient_0_VconcST_0_Vconc_0.7_run_0.csv,5760.0,800.0,0,0.7,0.0,0.7,0,3.25,0.0,0.0,0.0,0.0,0.0,0.0,976.728
5760_dose_800_gradient_0_VconcST_0_Vconc_0.7_run_0.csv,5760.0,800.0,0,0.7,0.0,0.7,0,3.5,0.0,0.0,0.0,0.0,0.0,0.0,817.745
5760_dose_800_gradient_0_VconcST_0_Vconc_0.7_run_0.csv,5760.0,800.0,0,0.7,0.0,0.7,0,3.75,0.0,0.0,0.0,0.0,0.0,0.0,947.147
5760_dose_800_gradient_0_VconcST_0_Vconc_0.7_run_0.csv,5760.0,800.0,0,0.7,0.0,0.7,0,4.0,0.0,0.0,0.0,0.0,0.0,0.0,869.831
5760_dose_800_gradient_0_VconcST_0_Vconc_0.7_run_0.csv,5760.0,800.0,0,0.7,0.0,0.7,0,4.25,0.0,0.0,0.0,0.0,0.0,0.0,899.31
5760_dose_800_gradient_0_VconcST_0_Vconc_0.7_run_0.csv,5760.0,800.0,0,0.7,0.0,0.7,0,4.5,0.0,0.0,0.0,0.0,0.0,0.0,921.133
5760_dose_800_gradient_0_VconcST_0_Vconc_0.7_run_0.csv,5760.0,800.0,0,0.7,0.0,0.7,0,4.75,0.0,0.0,0.0,0.0,0.0,0.0,867.148
5760_dose_800_gradient_0_VconcST_0_Vconc_0.7_run_0.csv,5760.0,800.0,0,0.7,0.0,0.7,0,5.0,0.0,0.0,0.0,0.0,0.0,0.0,891.219
5760_dose_800_gradient_0_VconcST_0_Vconc_0.7_run_0.csv,5760.0,800.0,0,0.7,0.0,0.7,0,5.25,0.0,0.0,0.0,0.0,0.0,0.0,870.46
5760_dose_800_gradient_0_VconcST_0_Vconc_0.7_run_0.csv,5760.0,800.0,0,0.7,0.0,0.7,0,5.5,0.0,0.0,0.0,0.0,0.0,0.0,891.317
5760_dose_800_gradient_0_VconcST_0_Vconc_0.7_run_0.csv,5760.0,800.0,0,0.7,0.0,0.7,0,5.75,0.0,0.0,0.0,0.0,0.0,0.0,906.62
5760_dose_800_gradient_0_VconcST_0_Vconc_0.7_run_0.csv,5760.0,800.0,0,0.7,0.0,0.7,0,6.0,0.0,0.0,0.0,0.0,0.0,0.0,904.521
5760_dose_800_gradient_0_VconcST_0_Vconc_0.7_run_0.csv,5760.0,800.0,0,0.7,0.0,0.7,0,6.25,0.0,0.0,0.0,0.0,0.0,0.0,885.022
5760_dose_800_gradient_0_VconcST_0_Vconc_0.7_run_0.csv,5760.0,800.0,0,0.7,0.0,0.7,0,6.5,0.0,0.0,0.0,0.0,0.0,0.0,921.706
5760_dose_800_gradient_0_VconcST_0_Vconc_0.7_run_0.csv,5760.0,800.0,0,0.7,0.0,0.7,0,6.75,0.0,0.0,0.0,0.0,0.0,0.0,867.96
5760_dose_800_gradient_0_VconcST_0_Vconc_0.7_run_0.csv,5760.0,800.0,0,0.7,0.0,0.7,0,7.0,0.0,0.0,0.0,0.0,0.0,0.0,931.873
5760_dose_800_gradient_0_VconcST_0_Vconc_0.7_run_0.csv,5760.0,800.0,0,0.7,0.0,0.7,0,7.25,0.0,0.0,0.0,0.0,0.0,0.0,842.781
5760_dose_800_gradient_0_VconcST_0_Vconc_0.7_run_0.csv,5760.0,800.0,0,0.7,0.0,0.7,0,7.5,0.0,0.0,0.0,0.0,0.0,0.0,932.098
5760_dose_800_gradient_0_VconcST_0_Vconc_0.7_run_0.csv,5760.0,800.0,0,0.7,0.0,0.7,0,7.75,0.0,0.0,0.0,0.0,0.0,0.0,868.955
5760_dose_800_gradient_0_VconcST_0_Vconc_0.7_run_0.csv,5760.0,800.0,0,0.7,0.0,0.7,0,8.0,0.0,0.0,0.0,0.0,0.0,0.0,935.015
5760_dose_800_gradient_0_VconcST_0_Vconc_0.7_run_0.csv,5760.0,800.0,0,0.7,0.0,0.7,0,8.25,0.0,0.0,0.0,0.0,0.0,0.0,862.203
5760_dose_800_gradient_0_VconcST_0_Vconc_0.7_run_0.csv,5760.0,800.0,0,0.7,0.0,0.7,0,8.5,0.0,0.0,0.0,0.0,0.0,0.0,959.094
5760_dose_800_gradient_0_VconcST_0_Vconc_0.7_run_0.csv,5760.0,800.0,0,0.7,0.0,0.7,0,8.75,0.0,0.0,0.0,0.0,0.0,0.0,869.181
5760_dose_800_gradient_0_VconcST_0_Vconc_0.7_run_0.csv,5760.0,800.0,0,0.7,0.0,0.7,0,9.0,0.0,0.0,0.0,0.0,0.0,0.0,907.32
5760_dose_800_gradient_0_VconcST_0_Vconc_0.7_run_0.csv,5760.0,800.0,0,0.7,0.0,0.7,0,9.25,0.0,0.0,0.0,0.0,0.0,0.0,865.998
5760_dose_800_gradient_0_VconcST_0_Vconc_0.7_run_0.csv,5760.0,800.0,0,0.7,0.0,0.7,0,9.5,0.0,0.0,0.0,0.0,0.0,0.0,919.162
5760_dose_800_gradient_0_VconcST_0_Vconc_0.7_run_0.csv,5760.0,800.0,0,0.7,0.0,0.7,0,9.75,0.0,0.0,0.0,0.0,0.0,0.0,868.017
5760_dose_800_gradient_0_VconcST_0_Vconc_0.7_run_0.csv,5760.0,800.0,0,0.7,0.0,0.7,0,10.0,0.0,0.0,0.0,0.0,0.0,0.0,932.819
5760_dose_800_gradient_0_VconcST_0_Vconc_0.7_run_0.csv,5760.0,800.0,0,0.7,0.0,0.7,0,10.25,0.0,0.0,0.0,0.0,0.0,0.0,883.123
5760_dose_800_gradient_0_VconcST_0_Vconc_0.7_run_0.csv,5760.0,800.0,0,0.7,0.0,0.7,0,10.5,0.0,0.0,0.0,0.0,0.0,0.0,917.641
5760_dose_800_gradient_0_VconcST_0_Vconc_0.7_run_0.csv,5760.0,800.0,0,0.7,0.0,0.7,0,10.75,0.0,0.0,0.0,0.0,0.0,0.0,907.136
5760_dose_800_gradient_0_VconcST_0_Vconc_0.7_run_0.csv,5760.0,800.0,0,0.7,0.0,0.7,0,11.0,0.0,0.0,0.0,0.0,0.0,0.0,927.492
5760_dose_800_gradient_0_VconcST_0_Vconc_0.7_run_0.csv,5760.0,800.0,0,0.7,0.0,0.7,0,11.25,0.0,0.0,0.0,0.0,0.0,0.0,852.556
5760_dose_800_gradient_0_VconcST_0_Vconc_0.7_run_0.csv,5760.0,800.0,0,0.7,0.0,0.7,0,11.5,0.0,0.0,0.0,0.0,0.0,0.0,949.207
5760_dose_800_gradient_0_VconcST_0_Vconc_0.7_run_0.csv,5760.0,800.0,0,0.7,0.0,0.7,0,11.75,0.0,0.0,0.0,0.0,0.0,0.0,855.254
5760_dose_800_gradient_0_VconcST_0_Vconc_0.7_run_0.csv,5760.0,800.0,0,0.7,0.0,0.7,0,12.0,0.0,0.0,0.0,0.0,0.0,0.0,969.616
5760_dose_800_gradient_0_VconcST_0_Vconc_0.7_run_0.csv,5760.0,800.0,0,0.7,0.0,0.7,0,12.25,0.0,0.0,0.0,0.0,0.0,0.0,869.213
5760_dose_800_gradient_0_VconcST_0_Vconc_0.7_run_0.csv,5760.0,800.0,0,0.7,0.0,0.7,0,12.5,0.0,0.0,0.0,0.0,0.0,0.0,923.512
5760_dose_800_gradient_0_VconcST_0_Vconc_0.7_run_0.csv,5760.0,800.0,0,0.7,0.0,0.7,0,12.75,0.0,0.0,0.0,0.0,0.0,0.0,855.407
5760_dose_800_gradient_0_VconcST_0_Vconc_0.7_run_0.csv,5760.0,800.0,0,0.7,0.0,0.7,0,13.0,0.0,0.0,0.0,0.0,0.0,0.0,920.635
5760_dose_800_gradient_0_VconcST_0_Vconc_0.7_run_0.csv,5760.0,800.0,0,0.7,0.0,0.7,0,13.25,0.0,0.0,0.0,0.0,0.0,0.0,873.255
5760_dose_800_gradient_0_VconcST_0_Vconc_0.7_run_0.csv,5760.0,800.0,0,0.7,0.0,0.7,0,13.5,0.0,0.0,0.0,0.0,0.0,0.0,898.945
5760_dose_800_gradient_0_VconcST_0_Vconc_0.7_run_0.csv,5760.0,800.0,0,0.7,0.0,0.7,0,13.75,0.0,0.0,0.0,0.0,0.0,0.0,872.416
5760_dose_800_gradient_0_VconcST_0_Vconc_0.7_run_0.csv,5760.0,800.0,0,0.7,0.0,0.7,0,14.0,0.0,0.0,0.0,0.0,0.0,0.0,907.956
5760_dose_800_gradient_0_VconcST_0_Vconc_0.7_run_0.csv,5760.0,800.0,0,0.7,0.0,0.7,0,14.25,0.0,0.0,0.0,0.0,0.0,0.0,893.68
5760_dose_800_gradient_0_VconcST_0_Vconc_0.7_run_0.csv,5760.0,800.0,0,0.7,0.0,0.7,0,14.5,0.0,0.0,0.0,0.0,0.0,0.0,889.763
5760_dose_800_gradient_0_VconcST_0_Vconc_0.7_run_0.csv,5760.0,800.0,0,0.7,0.0,0.7,0,14.75,0.0,0.0,0.0,0.0,0.0,0.0,880.494
5760_dose_800_gradient_0_VconcST_0_Vconc_0.7_run_0.csv,5760.0,800.0,0,0.7,0.0,0.7,0,15.0,0.0,0.0,0.0,0.0,0.0,0.0,873.323
5760_dose_800_gradient_0_VconcST_0_Vconc_0.7_run_0.csv,5760.0,800.0,0,0.7,0.0,0.7,0,15.25,0.0,0.0,0.0,0.0,0.0,0.0,932.824
5760_dose_800_gradient_0_VconcST_0_Vconc_0.7_run_0.csv,5760.0,800.0,0,0.7,0.0,0.7,0,15.5,0.0,0.0,0.0,0.0,0.0,0.0,877.052
5760_dose_800_gradient_0_VconcST_0_Vconc_0.7_run_0.csv,5760.0,800.0,0,0.7,0.0,0.7,0,15.75,0.0,0.0,0.0,0.0,0.0,0.0,910.307
5760_dose_800_gradient_0_VconcST_0_Vconc_0.7_run_0.csv,5760.0,800.0,0,0.7,0.0,0.7,0,16.0,0.0,0.0,0.0,0.0,0.0,0.0,869.451
5760_dose_800_gradient_0_VconcST_0_Vconc_0.7_run_0.csv,5760.0,800.0,0,0.7,0.0,0.7,0,16.25,0.0,0.0,0.0,0.0,0.0,0.0,935.355
5760_dose_800_gradient_0_VconcST_0_Vconc_0.7_run_0.csv,5760.0,800.0,0,0.7,0.0,0.7,0,16.5,0.0,0.0,0.0,0.0,0.0,0.0,878.988
5760_dose_800_gradient_0_VconcST_0_Vconc_0.7_run_0.csv,5760.0,800.0,0,0.7,0.0,0.7,0,16.75,0.0,0.0,0.0,0.0,0.0,0.0,894.111
5760_dose_800_gradient_0_VconcST_0_Vconc_0.7_run_0.csv,5760.0,800.0,0,0.7,0.0,0.7,0,17.0,0.0,0.0,0.0,0.0,0.0,0.0,930.856
5760_dose_800_gradient_0_VconcST_0_Vconc_0.7_run_0.csv,5760.0,800.0,0,0.7,0.0,0.7,0,17.25,0.0,0.0,0.0,0.0,0.0,0.0,881.371
5760_dose_800_gradient_0_VconcST_0_Vconc_0.7_run_0.csv,5760.0,800.0,0,0.7,0.0,0.7,0,17.5,0.0,0.0,0.0,0.0,0.0,0.0,938.887
5760_dose_800_gradient_0_VconcST_0_Vconc_0.7_run_0.csv,5760.0,800.0,0,0.7,0.0,0.7,0,17.75,0.0,0.0,0.0,0.0,0.0,0.0,911.924
5760_dose_800_gradient_0_VconcST_0_Vconc_0.7_run_0.csv,5760.0,800.0,0,0.7,0.0,0.7,0,18.0,0.0,0.0,0.0,0.0,0.0,0.0,934.53
5760_dose_800_gradient_0_VconcST_0_Vconc_0.7_run_0.csv,5760.0,800.0,0,0.7,0.0,0.7,0,18.25,0.0,0.0,0.0,0.0,0.0,0.0,931.04
5760_dose_800_gradient_0_VconcST_0_Vconc_0.7_run_0.csv,5760.0,800.0,0,0.7,0.0,0.7,0,18.5,0.0,0.0,0.0,0.0,0.0,0.0,935.284
5760_dose_800_gradient_0_VconcST_0_Vconc_0.7_run_0.csv,5760.0,800.0,0,0.7,0.0,0.7,0,18.75,0.0,0.0,0.0,0.0,0.0,0.0,919.04
5760_dose_800_gradient_0_VconcST_0_Vconc_0.7_run_0.csv,5760.0,800.0,0,0.7,0.0,0.7,0,19.0,0.0,0.0,0.0,0.0,0.0,0.0,956.466
5760_dose_800_gradient_0_VconcST_0_Vconc_0.7_run_0.csv,5760.0,800.0,0,0.7,0.0,0.7,0,19.25,0.0,0.0,0.0,0.0,0.0,0.0,942.682
5760_dose_800_gradient_0_VconcST_0_Vconc_0.7_run_0.csv,5760.0,800.0,0,0.7,0.0,0.7,0,19.5,0.0,0.0,0.0,0.0,0.0,0.0,903.425
5760_dose_800_gradient_0_VconcST_0_Vconc_0.7_run_0.csv,5760.0,800.0,0,0.7,0.0,0.7,0,19.75,0.0,0.0,0.0,0.0,0.0,0.0,889.832
5760_dose_800_gradient_0_VconcST_0_Vconc_0.7_run_0.csv,5760.0,800.0,0,0.7,0.0,0.7,0,20.0,0.0,0.0,0.0,0.0,0.0,0.0,962.569
5760_dose_800_gradient_0_VconcST_0_Vconc_0.7_run_0.csv,5760.0,800.0,0,0.7,0.0,0.7,0,20.25,0.0,0.0,0.0,0.0,0.0,0.0,926.85
5760_dose_800_gradient_0_VconcST_0_Vconc_0.7_run_0.csv,5760.0,800.0,0,0.7,0.0,0.7,0,20.5,0.0,0.0,0.0,0.0,0.0,0.0,963.719
5760_dose_800_gradient_0_VconcST_0_Vconc_0.7_run_0.csv,5760.0,800.0,0,0.7,0.0,0.7,0,20.75,0.0,0.0,0.0,0.0,0.0,0.0,925.728
5760_dose_800_gradient_0_VconcST_0_Vconc_0.7_run_0.csv,5760.0,800.0,0,0.7,0.0,0.7,0,21.0,0.0,0.0,0.0,0.0,0.0,0.0,982.029
5760_dose_800_gradient_0_VconcST_0_Vconc_0.7_run_0.csv,5760.0,800.0,0,0.7,0.0,0.7,0,21.25,0.0,0.0,0.0,0.0,0.0,0.0,931.971
5760_dose_800_gradient_0_VconcST_0_Vconc_0.7_run_0.csv,5760.0,800.0,0,0.7,0.0,0.7,0,21.5,0.0,0.0,0.0,0.0,0.0,0.0,978.308
5760_dose_800_gradient_0_VconcST_0_Vconc_0.7_run_0.csv,5760.0,800.0,0,0.7,0.0,0.7,0,21.75,0.0,0.0,0.0,0.0,0.0,0.0,1018.68
5760_dose_800_gradient_0_VconcST_0_Vconc_0.7_run_0.csv,5760.0,800.0,0,0.7,0.0,0.7,0,22.0,0.0,0.0,0.0,0.0,0.0,0.0,955.665
5760_dose_800_gradient_0_VconcST_0_Vconc_0.7_run_0.csv,5760.0,800.0,0,0.7,0.0,0.7,0,22.25,0.0,0.0,0.0,0.0,0.0,0.0,990.153
5760_dose_800_gradient_0_VconcST_0_Vconc_0.7_run_0.csv,5760.0,800.0,0,0.7,0.0,0.7,0,22.5,0.0,0.0,0.0,0.0,0.0,0.0,987.362
5760_dose_800_gradient_0_VconcST_0_Vconc_0.7_run_0.csv,5760.0,800.0,0,0.7,0.0,0.7,0,22.75,0.0,0.0,0.0,0.0,0.0,0.0,983.971
5760_dose_800_gradient_0_VconcST_0_Vconc_0.7_run_0.csv,5760.0,800.0,0,0.7,0.0,0.7,0,23.0,0.0,0.0,0.0,0.0,0.0,0.0,1053.78
5760_dose_800_gradient_0_VconcST_0_Vconc_0.7_run_0.csv,5760.0,800.0,0,0.7,0.0,0.7,0,23.25,0.0,0.0,0.0,0.0,0.0,0.0,1094.82
5760_dose_800_gradient_0_VconcST_0_Vconc_0.7_run_0.csv,5760.0,800.0,0,0.7,0.0,0.7,0,23.5,0.0,0.0,0.0,0.0,0.00953559,0.0,1058.24
5760_dose_800_gradient_0_VconcST_0_Vconc_0.7_run_0.csv,5760.0,800.0,0,0.7,0.0,0.7,0,23.75,0.0,0.0,0.0,0.0,0.0276389,0.0,1138.01
5760_dose_800_gradient_0_VconcST_0_Vconc_0.7_run_0.csv,5760.0,800.0,0,0.7,0.0,0.7,0,24.0,53.5098,800.0,0.0208404,53.5098,0.112313,0.0,1286.42
5760_dose_800_gradient_0_VconcST_0_Vconc_0.7_run_0.csv,5760.0,800.0,0,0.7,0.0,0.7,0,24.25,3230.04,786.361,1.258,3230.04,0.0,0.999937,0.0659017
5760_dose_800_gradient_0_VconcST_0_Vconc_0.7_run_0.csv,5760.0,800.0,0,0.7,0.0,0.7,0,24.5,6340.36,772.954,2.46937,6340.36,0.0,0.999968,0.0457649
5760_dose_800_gradient_0_VconcST_0_Vconc_0.7_run_0.csv,5760.0,800.0,0,0.7,0.0,0.7,0,24.75,9385.65,759.777,3.65542,9385.65,0.0,0.999979,0.0279693
5760_dose_800_gradient_0_VconcST_0_Vconc_0.7_run_0.csv,5760.0,800.0,0,0.7,0.0,0.7,0,25.0,12367.1,746.823,4.81659,12367.1,0.0,0.999984,0.0202658
5760_dose_800_gradient_0_VconcST_0_Vconc_0.7_run_0.csv,5760.0,800.0,0,0.7,0.0,0.7,0,25.25,15285.7,734.092,5.95332,15285.7,0.0,0.999987,0.0159638
5760_dose_800_gradient_0_VconcST_0_Vconc_0.7_run_0.csv,5760.0,800.0,0,0.7,0.0,0.7,0,25.5,18142.8,721.576,7.06605,18142.8,0.0,0.999989,0.0131448
5760_dose_800_gradient_0_VconcST_0_Vconc_0.7_run_0.csv,5760.0,800.0,0,0.7,0.0,0.7,0,25.75,20939.3,709.274,8.15521,20939.3,0.0,0.99999,0.0113021
5760_dose_800_gradient_0_VconcST_0_Vconc_0.7_run_0.csv,5760.0,800.0,0,0.7,0.0,0.7,0,26.0,23676.4,697.182,9.22121,23676.4,0.0,0.999992,0.00982897
5760_dose_800_gradient_0_VconcST_0_Vconc_0.7_run_0.csv,5760.0,800.0,0,0.7,0.0,0.7,0,26.25,26355.0,685.296,10.2645,26355.0,0.0,0.999992,0.00878399
5760_dose_800_gradient_0_VconcST_0_Vconc_0.7_run_0.csv,5760.0,800.0,0,0.7,0.0,0.7,0,26.5,28976.4,673.613,11.2854,28976.4,0.0,0.999993,0.0079884
5760_dose_800_gradient_0_VconcST_0_Vconc_0.7_run_0.csv,5760.0,800.0,0,0.7,0.0,0.7,0,26.75,31541.3,662.128,12.2844,31541.3,0.0,0.999994,0.00726067
5760_dose_800_gradient_0_VconcST_0_Vconc_0.7_run_0.csv,5760.0,800.0,0,0.7,0.0,0.7,0,27.0,34051.0,650.84,13.2618,34051.0,0.0,0.999994,0.00673685
5760_dose_800_gradient_0_VconcST_0_Vconc_0.7_run_0.csv,5760.0,800.0,0,0.7,0.0,0.7,0,27.25,36506.3,639.744,14.2181,36506.3,0.0,0.999995,0.00626684
5760_dose_800_gradient_0_VconcST_0_Vconc_0.7_run_0.csv,5760.0,800.0,0,0.7,0.0,0.7,0,27.5,38908.2,628.837,15.1535,38908.2,0.0,0.999995,0.00589003
5760_dose_800_gradient_0_VconcST_0_Vconc_0.7_run_0.csv,5760.0,800.0,0,0.7,0.0,0.7,0,27.75,41257.7,618.116,16.0686,41257.7,0.0,0.999995,0.00547524
5760_dose_800_gradient_0_VconcST_0_Vconc_0.7_run_0.csv,5760.0,800.0,0,0.7,0.0,0.7,0,28.0,43555.8,607.578,16.9636,43555.8,0.0,0.999995,0.00522146
5760_dose_800_gradient_0_VconcST_0_Vconc_0.7_run_0.csv,5760.0,800.0,0,0.7,0.0,0.7,0,28.25,45803.3,597.219,17.839,45803.3,0.0,0.999996,0.00495203
5760_dose_800_gradient_0_VconcST_0_Vconc_0.7_run_0.csv,5760.0,800.0,0,0.7,0.0,0.7,0,28.5,48001.1,587.037,18.6949,48001.1,0.0,0.999996,0.00468821
5760_dose_800_gradient_0_VconcST_0_Vconc_0.7_run_0.csv,5760.0,800.0,0,0.7,0.0,0.7,0,28.75,50150.2,577.029,19.5319,50150.2,0.0,0.999996,0.00449866
5760_dose_800_gradient_0_VconcST_0_Vconc_0.7_run_0.csv,5760.0,800.0,0,0.7,0.0,0.7,0,29.0,52251.3,567.191,20.3503,52251.3,0.0,0.999996,0.00429688
5760_dose_800_gradient_0_VconcST_0_Vconc_0.7_run_0.csv,5760.0,800.0,0,0.7,0.0,0.7,0,29.25,54305.5,557.521,21.1503,54305.5,0.0,0.999996,0.0041692
5760_dose_800_gradient_0_VconcST_0_Vconc_0.7_run_0.csv,5760.0,800.0,0,0.7,0.0,0.7,0,29.5,56313.4,548.016,21.9323,56313.4,0.0,0.999996,0.00396079
5760_dose_800_gradient_0_VconcST_0_Vconc_0.7_run_0.csv,5760.0,800.0,0,0.7,0.0,0.7,0,29.75,58276.0,538.673,22.6967,58276.0,0.0,0.999997,0.00383116
5760_dose_800_gradient_0_VconcST_0_Vconc_0.7_run_0.csv,5760.0,800.0,0,0.7,0.0,0.7,0,30.0,60194.1,529.49,23.4437,60194.1,0.0,0.999997,0.0036967
5760_dose_800_gradient_0_VconcST_0_Vconc_0.7_run_0.csv,5760.0,800.0,0,0.7,0.0,0.7,0,30.25,62068.4,520.462,24.1737,62068.4,0.0,0.999997,0.00364143
5760_dose_800_gradient_0_VconcST_0_Vconc_0.7_run_0.csv,5760.0,800.0,0,0.7,0.0,0.7,0,30.5,63899.7,511.589,24.887,63899.7,0.0,0.999997,0.00350999
5760_dose_800_gradient_0_VconcST_0_Vconc_0.7_run_0.csv,5760.0,800.0,0,0.7,0.0,0.7,0,30.75,65688.9,502.867,25.5838,65688.9,0.0,0.999997,0.00343655
5760_dose_800_gradient_0_VconcST_0_Vconc_0.7_run_0.csv,5760.0,800.0,0,0.7,0.0,0.7,0,31.0,67436.6,494.294,26.2645,67436.6,0.0,0.999997,0.00336595
5760_dose_800_gradient_0_VconcST_0_Vconc_0.7_run_0.csv,5760.0,800.0,0,0.7,0.0,0.7,0,31.25,69143.7,485.867,26.9293,69143.7,0.0,0.999997,0.00330506
5760_dose_800_gradient_0_VconcST_0_Vconc_0.7_run_0.csv,5760.0,800.0,0,0.7,0.0,0.7,0,31.5,70810.9,477.583,27.5786,70810.9,0.0,0.999997,0.00323692
5760_dose_800_gradient_0_VconcST_0_Vconc_0.7_run_0.csv,5760.0,800.0,0,0.7,0.0,0.7,0,31.75,72438.8,469.441,28.2127,72438.8,0.0,0.999997,0.00317152
5760_dose_800_gradient_0_VconcST_0_Vconc_0.7_run_0.csv,5760.0,800.0,0,0.7,0.0,0.7,0,32.0,74028.2,461.438,28.8317,74028.2,0.0,0.999997,0.00310568
5760_dose_800_gradient_0_VconcST_0_Vconc_0.7_run_0.csv,5760.0,800.0,0,0.7,0.0,0.7,0,32.25,75579.8,453.571,29.436,75579.8,0.0,0.999997,0.00304086
5760_dose_800_gradient_0_VconcST_0_Vconc_0.7_run_0.csv,5760.0,800.0,0,0.7,0.0,0.7,0,32.5,77094.3,445.838,30.0259,77094.3,0.0,0.999997,0.00297205
5760_dose_800_gradient_0_VconcST_0_Vconc_0.7_run_0.csv,5760.0,800.0,0,0.7,0.0,0.7,0,32.75,78572.4,438.237,30.6015,78572.4,0.0,0.999997,0.00290254
5760_dose_800_gradient_0_VconcST_0_Vconc_0.7_run_0.csv,5760.0,800.0,0,0.7,0.0,0.7,0,33.0,80014.7,430.765,31.1632,80014.7,0.0,0.999997,0.00284741
5760_dose_800_gradient_0_VconcST_0_Vconc_0.7_run_0.csv,5760.0,800.0,0,0.7,0.0,0.7,0,33.25,81421.8,423.421,31.7113,81421.8,0.0,0.999997,0.00277625
5760_dose_800_gradient_0_VconcST_0_Vconc_0.7_run_0.csv,5760.0,800.0,0,0.7,0.0,0.7,0,33.5,82794.4,416.203,32.2459,82794.4,0.0,0.999998,0.00270464
5760_dose_800_gradient_0_VconcST_0_Vconc_0.7_run_0.csv,5760.0,800.0,0,0.7,0.0,0.7,0,33.75,84133.2,409.107,32.7673,84133.2,0.0,0.999998,0.00270464
5760_dose_800_gradient_0_VconcST_0_Vconc_0.7_run_0.csv,5760.0,800.0,0,0.7,0.0,0.7,0,34.0,85438.7,402.132,33.2757,85438.7,0.0,0.999998,0.00264479
5760_dose_800_gradient_0_VconcST_0_Vconc_0.7_run_0.csv,5760.0,800.0,0,0.7,0.0,0.7,0,34.25,86711.5,395.276,33.7715,86711.5,0.0,0.999998,0.00264053
5760_dose_800_gradient_0_VconcST_0_Vconc_0.7_run_0.csv,5760.0,800.0,0,0.7,0.0,0.7,0,34.5,87952.4,388.537,34.2547,87952.4,0.0,0.999998,0.00257506
5760_dose_800_gradient_0_VconcST_0_Vconc_0.7_run_0.csv,5760.0,800.0,0,0.7,0.0,0.7,0,34.75,89161.7,381.913,34.7257,89161.7,0.0,0.999998,0.00250875
5760_dose_800_gradient_0_VconcST_0_Vconc_0.7_run_0.csv,5760.0,800.0,0,0.7,0.0,0.7,0,35.0,90340.2,375.402,35.1847,90340.2,0.0,0.999998,0.00250673
5760_dose_800_gradient_0_VconcST_0_Vconc_0.7_run_0.csv,5760.0,800.0,0,0.7,0.0,0.7,0,35.25,91488.3,369.002,35.6319,91488.3,0.0,0.999998,0.00244223
5760_dose_800_gradient_0_VconcST_0_Vconc_0.7_run_0.csv,5760.0,800.0,0,0.7,0.0,0.7,0,35.5,92606.7,362.711,36.0674,92606.7,0.0,0.999998,0.00244644
5760_dose_800_gradient_0_VconcST_0_Vconc_0.7_run_0.csv,5760.0,800.0,0,0.7,0.0,0.7,0,35.75,93695.8,356.527,36.4916,93695.8,0.0,0.999998,0.00244078
5760_dose_800_gradient_0_VconcST_0_Vconc_0.7_run_0.csv,5760.0,800.0,0,0.7,0.0,0.7,0,36.0,94756.3,350.449,36.9046,94756.3,0.0,0.999998,0.0023748
5760_dose_800_gradient_0_VconcST_0_Vconc_0.7_run_0.csv,5760.0,800.0,0,0.7,0.0,0.7,0,36.25,95788.6,344.474,37.3067,95788.6,0.0,0.999998,0.00238056
5760_dose_800_gradient_0_VconcST_0_Vconc_0.7_run_0.csv,5760.0,800.0,0,0.7,0.0,0.7,0,36.5,96793.2,338.601,37.698,96793.2,0.0,0.999998,0.00231095
5760_dose_800_gradient_0_VconcST_0_Vconc_0.7_run_0.csv,5760.0,800.0,0,0.7,0.0,0.7,0,36.75,97770.8,332.828,38.0787,97770.8,0.0,0.999998,0.00230884
5760_dose_800_gradient_0_VconcST_0_Vconc_0.7_run_0.csv,5760.0,800.0,0,0.7,0.0,0.7,0,37.0,98721.6,327.154,38.449,98721.6,0.0,0.999998,0.00231046
5760_dose_800_gradient_0_VconcST_0_Vconc_0.7_run_0.csv,5760.0,800.0,0,0.7,0.0,0.7,0,37.25,99646.4,321.576,38.8092,99646.4,0.0,0.999998,0.00225059
5760_dose_800_gradient_0_VconcST_0_Vconc_0.7_run_0.csv,5760.0,800.0,0,0.7,0.0,0.7,0,37.5,100546.0,316.094,39.1594,100546.0,0.0,0.999998,0.00224626
5760_dose_800_gradient_0_VconcST_0_Vconc_0.7_run_0.csv,5760.0,800.0,0,0.7,0.0,0.7,0,37.75,101419.0,310.705,39.4997,101419.0,0.0,0.999998,0.00224287
5760_dose_800_gradient_0_VconcST_0_Vconc_0.7_run_0.csv,5760.0,800.0,0,0.7,0.0,0.7,0,38.0,102269.0,305.408,39.8305,102269.0,0.0,0.999998,0.00218057
5760_dose_800_gradient_0_VconcST_0_Vconc_0.7_run_0.csv,5760.0,800.0,0,0.7,0.0,0.7,0,38.25,103094.0,300.201,40.1518,103094.0,0.0,0.999998,0.00217935
5760_dose_800_gradient_0_VconcST_0_Vconc_0.7_run_0.csv,5760.0,800.0,0,0.7,0.0,0.7,0,38.5,103895.0,295.083,40.4638,103895.0,0.0,0.999998,0.00218149
5760_dose_800_gradient_0_VconcST_0_Vconc_0.7_run_0.csv,5760.0,800.0,0,0.7,0.0,0.7,0,38.75,104673.0,290.052,40.7667,104673.0,0.0,0.999998,0.00218156
5760_dose_800_gradient_0_VconcST_0_Vconc_0.7_run_0.csv,5760.0,800.0,0,0.7,0.0,0.7,0,39.0,105427.0,285.107,41.0607,105427.0,0.0,0.999998,0.0021122
5760_dose_800_gradient_0_VconcST_0_Vconc_0.7_run_0.csv,5760.0,800.0,0,0.7,0.0,0.7,0,39.25,106160.0,280.246,41.3459,106160.0,0.0,0.999998,0.00211094
5760_dose_800_gradient_0_VconcST_0_Vconc_0.7_run_0.csv,5760.0,800.0,0,0.7,0.0,0.7,0,39.5,106870.0,275.468,41.6226,106870.0,0.0,0.999998,0.00211094
5760_dose_800_gradient_0_VconcST_0_Vconc_0.7_run_0.csv,5760.0,800.0,0,0.7,0.0,0.7,0,39.75,107559.0,270.772,41.8908,107559.0,0.0,0.999998,0.00211094
5760_dose_800_gradient_0_VconcST_0_Vconc_0.7_run_0.csv,5760.0,800.0,0,0.7,0.0,0.7,0,40.0,108226.0,266.156,42.1507,108226.0,0.0,0.999998,0.00211094
5760_dose_800_gradient_0_VconcST_0_Vconc_0.7_run_0.csv,5760.0,800.0,0,0.7,0.0,0.7,0,40.25,108873.0,261.618,42.4025,108873.0,0.0,0.999998,0.00204929
5760_dose_800_gradient_0_VconcST_0_Vconc_0.7_run_0.csv,5760.0,800.0,0,0.7,0.0,0.7,0,40.5,109499.0,257.158,42.6463,109499.0,0.0,0.999998,0.00205374
5760_dose_800_gradient_0_VconcST_0_Vconc_0.7_run_0.csv,5760.0,800.0,0,0.7,0.0,0.7,0,40.75,110105.0,252.774,42.8823,110105.0,0.0,0.999998,0.00204498
5760_dose_800_gradient_0_VconcST_0_Vconc_0.7_run_0.csv,5760.0,800.0,0,0.7,0.0,0.7,0,41.0,110691.0,248.464,43.1107,110691.0,0.0,0.999998,0.00204684
5760_dose_800_gradient_0_VconcST_0_Vconc_0.7_run_0.csv,5760.0,800.0,0,0.7,0.0,0.7,0,41.25,111258.0,244.228,43.3315,111258.0,0.0,0.999998,0.00205216
5760_dose_800_gradient_0_VconcST_0_Vconc_0.7_run_0.csv,5760.0,800.0,0,0.7,0.0,0.7,0,41.5,111806.0,240.064,43.5449,111806.0,0.0,0.999998,0.0020485
5760_dose_800_gradient_0_VconcST_0_Vconc_0.7_run_1.csv,5760.0,800.0,0,0.7,0.0,0.7,1,0.0,0.0,0.0,0.0,0.0,0.0,0.0,0.0
5760_dose_800_gradient_0_VconcST_0_Vconc_0.7_run_1.csv,5760.0,800.0,0,0.7,0.0,0.7,1,0.25,0.0,0.0,0.0,0.0,0.0,0.0,1684.24
5760_dose_800_gradient_0_VconcST_0_Vconc_0.7_run_1.csv,5760.0,800.0,0,0.7,0.0,0.7,1,0.5,0.0,0.0,0.0,0.0,0.0,0.0,269.723
5760_dose_800_gradient_0_VconcST_0_Vconc_0.7_run_1.csv,5760.0,800.0,0,0.7,0.0,0.7,1,0.75,0.0,0.0,0.0,0.0,0.0,0.0,1444.19
5760_dose_800_gradient_0_VconcST_0_Vconc_0.7_run_1.csv,5760.0,800.0,0,0.7,0.0,0.7,1,1.0,0.0,0.0,0.0,0.0,0.0,0.0,442.912
5760_dose_800_gradient_0_VconcST_0_Vconc_0.7_run_1.csv,5760.0,800.0,0,0.7,0.0,0.7,1,1.25,0.0,0.0,0.0,0.0,0.0,0.0,1289.2
5760_dose_800_gradient_0_VconcST_0_Vconc_0.7_run_1.csv,5760.0,800.0,0,0.7,0.0,0.7,1,1.5,0.0,0.0,0.0,0.0,0.0,0.0,582.224
5760_dose_800_gradient_0_VconcST_0_Vconc_0.7_run_1.csv,5760.0,800.0,0,0.7,0.0,0.7,1,1.75,0.0,0.0,0.0,0.0,0.0,0.0,1176.2
5760_dose_800_gradient_0_VconcST_0_Vconc_0.7_run_1.csv,5760.0,800.0,0,0.7,0.0,0.7,1,2.0,0.0,0.0,0.0,0.0,0.0,0.0,624.461
5760_dose_800_gradient_0_VconcST_0_Vconc_0.7_run_1.csv,5760.0,800.0,0,0.7,0.0,0.7,1,2.25,0.0,0.0,0.0,0.0,0.0,0.0,1128.83
5760_dose_800_gradient_0_VconcST_0_Vconc_0.7_run_1.csv,5760.0,800.0,0,0.7,0.0,0.7,1,2.5,0.0,0.0,0.0,0.0,0.0,0.0,658.226
5760_dose_800_gradient_0_VconcST_0_Vconc_0.7_run_1.csv,5760.0,800.0,0,0.7,0.0,0.7,1,2.75,0.0,0.0,0.0,0.0,0.0,0.0,1024.61
5760_dose_800_gradient_0_VconcST_0_Vconc_0.7_run_1.csv,5760.0,800.0,0,0.7,0.0,0.7,1,3.0,0.0,0.0,0.0,0.0,0.0,0.0,782.909
5760_dose_800_gradient_0_VconcST_0_Vconc_0.7_run_1.csv,5760.0,800.0,0,0.7,0.0,0.7,1,3.25,0.0,0.0,0.0,0.0,0.0,0.0,1003.81
5760_dose_800_gradient_0_VconcST_0_Vconc_0.7_run_1.csv,5760.0,800.0,0,0.7,0.0,0.7,1,3.5,0.0,0.0,0.0,0.0,0.0,0.0,826.486
5760_dose_800_gradient_0_VconcST_0_Vconc_0.7_run_1.csv,5760.0,800.0,0,0.7,0.0,0.7,1,3.75,0.0,0.0,0.0,0.0,0.0,0.0,952.014
5760_dose_800_gradient_0_VconcST_0_Vconc_0.7_run_1.csv,5760.0,800.0,0,0.7,0.0,0.7,1,4.0,0.0,0.0,0.0,0.0,0.0,0.0,878.21
5760_dose_800_gradient_0_VconcST_0_Vconc_0.7_run_1.csv,5760.0,800.0,0,0.7,0.0,0.7,1,4.25,0.0,0.0,0.0,0.0,0.0,0.0,881.231
5760_dose_800_gradient_0_VconcST_0_Vconc_0.7_run_1.csv,5760.0,800.0,0,0.7,0.0,0.7,1,4.5,0.0,0.0,0.0,0.0,0.0,0.0,896.587
5760_dose_800_gradient_0_VconcST_0_Vconc_0.7_run_1.csv,5760.0,800.0,0,0.7,0.0,0.7,1,4.75,0.0,0.0,0.0,0.0,0.0,0.0,860.883
5760_dose_800_gradient_0_VconcST_0_Vconc_0.7_run_1.csv,5760.0,800.0,0,0.7,0.0,0.7,1,5.0,0.0,0.0,0.0,0.0,0.0,0.0,945.598
5760_dose_800_gradient_0_VconcST_0_Vconc_0.7_run_1.csv,5760.0,800.0,0,0.7,0.0,0.7,1,5.25,0.0,0.0,0.0,0.0,0.0,0.0,841.418
5760_dose_800_gradient_0_VconcST_0_Vconc_0.7_run_1.csv,5760.0,800.0,0,0.7,0.0,0.7,1,5.5,0.0,0.0,0.0,0.0,0.0,0.0,953.577
5760_dose_800_gradient_0_VconcST_0_Vconc_0.7_run_1.csv,5760.0,800.0,0,0.7,0.0,0.7,1,5.75,0.0,0.0,0.0,0.0,0.0,0.0,804.353
5760_dose_800_gradient_0_VconcST_0_Vconc_0.7_run_1.csv,5760.0,800.0,0,0.7,0.0,0.7,1,6.0,0.0,0.0,0.0,0.0,0.0,0.0,952.556
5760_dose_800_gradient_0_VconcST_0_Vconc_0.7_run_1.csv,5760.0,800.0,0,0.7,0.0,0.7,1,6.25,0.0,0.0,0.0,0.0,0.0,0.0,840.23
5760_dose_800_gradient_0_VconcST_0_Vconc_0.7_run_1.csv,5760.0,800.0,0,0.7,0.0,0.7,1,6.5,0.0,0.0,0.0,0.0,0.0,0.0,931.607
5760_dose_800_gradient_0_VconcST_0_Vconc_0.7_run_1.csv,5760.0,800.0,0,0.7,0.0,0.7,1,6.75,0.0,0.0,0.0,0.0,0.0,0.0,877.341
5760_dose_800_gradient_0_VconcST_0_Vconc_0.7_run_1.csv,5760.0,800.0,0,0.7,0.0,0.7,1,7.0,0.0,0.0,0.0,0.0,0.0,0.0,894.394
5760_dose_800_gradient_0_VconcST_0_Vconc_0.7_run_1.csv,5760.0,800.0,0,0.7,0.0,0.7,1,7.25,0.0,0.0,0.0,0.0,0.0,0.0,882.102
5760_dose_800_gradient_0_VconcST_0_Vconc_0.7_run_1.csv,5760.0,800.0,0,0.7,0.0,0.7,1,7.5,0.0,0.0,0.0,0.0,0.0,0.0,898.004
5760_dose_800_gradient_0_VconcST_0_Vconc_0.7_run_1.csv,5760.0,800.0,0,0.7,0.0,0.7,1,7.75,0.0,0.0,0.0,0.0,0.0,0.0,886.176
5760_dose_800_gradient_0_VconcST_0_Vconc_0.7_run_1.csv,5760.0,800.0,0,0.7,0.0,0.7,1,8.0,0.0,0.0,0.0,0.0,0.0,0.0,912.779
5760_dose_800_gradient_0_VconcST_0_Vconc_0.7_run_1.csv,5760.0,800.0,0,0.7,0.0,0.7,1,8.25,0.0,0.0,0.0,0.0,0.0,0.0,840.331
5760_dose_800_gradient_0_VconcST_0_Vconc_0.7_run_1.csv,5760.0,800.0,0,0.7,0.0,0.7,1,8.5,0.0,0.0,0.0,0.0,0.0,0.0,886.224
5760_dose_800_gradient_0_VconcST_0_Vconc_0.7_run_1.csv,5760.0,800.0,0,0.7,0.0,0.7,1,8.75,0.0,0.0,0.0,0.0,0.0,0.0,857.586
5760_dose_800_gradient_0_VconcST_0_Vconc_0.7_run_1.csv,5760.0,800.0,0,0.7,0.0,0.7,1,9.0,0.0,0.0,0.0,0.0,0.0,0.0,934.709
5760_dose_800_gradient_0_VconcST_0_Vconc_0.7_run_1.csv,5760.0,800.0,0,0.7,0.0,0.7,1,9.25,0.0,0.0,0.0,0.0,0.0,0.0,848.805
5760_dose_800_gradient_0_VconcST_0_Vconc_0.7_run_1.csv,5760.0,800.0,0,0.7,0.0,0.7,1,9.5,0.0,0.0,0.0,0.0,0.0,0.0,910.067
5760_dose_800_gradient_0_VconcST_0_Vconc_0.7_run_1.csv,5760.0,800.0,0,0.7,0.0,0.7,1,9.75,0.0,0.0,0.0,0.0,0.0,0.0,870.568
5760_dose_800_gradient_0_VconcST_0_Vconc_0.7_run_1.csv,5760.0,800.0,0,0.7,0.0,0.7,1,10.0,0.0,0.0,0.0,0.0,0.0,0.0,885.356
5760_dose_800_gradient_0_VconcST_0_Vconc_0.7_run_1.csv,5760.0,800.0,0,0.7,0.0,0.7,1,10.25,0.0,0.0,0.0,0.0,0.0,0.0,883.577
5760_dose_800_gradient_0_VconcST_0_Vconc_0.7_run_1.csv,5760.0,800.0,0,0.7,0.0,0.7,1,10.5,0.0,0.0,0.0,0.0,0.0,0.0,910.408
5760_dose_800_gradient_0_VconcST_0_Vconc_0.7_run_1.csv,5760.0,800.0,0,0.7,0.0,0.7,1,10.75,0.0,0.0,0.0,0.0,0.0,0.0,898.757
5760_dose_800_gradient_0_VconcST_0_Vconc_0.7_run_1.csv,5760.0,800.0,0,0.7,0.0,0.7,1,11.0,0.0,0.0,0.0,0.0,0.0,0.0,863.769
5760_dose_800_gradient_0_VconcST_0_Vconc_0.7_run_1.csv,5760.0,800.0,0,0.7,0.0,0.7,1,11.25,0.0,0.0,0.0,0.0,0.0,0.0,917.243
5760_dose_800_gradient_0_VconcST_0_Vconc_0.7_run_1.csv,5760.0,800.0,0,0.7,0.0,0.7,1,11.5,0.0,0.0,0.0,0.0,0.0,0.0,815.124
5760_dose_800_gradient_0_VconcST_0_Vconc_0.7_run_1.csv,5760.0,800.0,0,0.7,0.0,0.7,1,11.75,0.0,0.0,0.0,0.0,0.0,0.0,940.308
5760_dose_800_gradient_0_VconcST_0_Vconc_0.7_run_1.csv,5760.0,800.0,0,0.7,0.0,0.7,1,12.0,0.0,0.0,0.0,0.0,0.0,0.0,860.197
5760_dose_800_gradient_0_VconcST_0_Vconc_0.7_run_1.csv,5760.0,800.0,0,0.7,0.0,0.7,1,12.25,0.0,0.0,0.0,0.0,0.0,0.0,908.356
5760_dose_800_gradient_0_VconcST_0_Vconc_0.7_run_1.csv,5760.0,800.0,0,0.7,0.0,0.7,1,12.5,0.0,0.0,0.0,0.0,0.0,0.0,897.62
5760_dose_800_gradient_0_VconcST_0_Vconc_0.7_run_1.csv,5760.0,800.0,0,0.7,0.0,0.7,1,12.75,0.0,0.0,0.0,0.0,0.0,0.0,860.754
5760_dose_800_gradient_0_VconcST_0_Vconc_0.7_run_1.csv,5760.0,800.0,0,0.7,0.0,0.7,1,13.0,0.0,0.0,0.0,0.0,0.0,0.0,883.274
5760_dose_800_gradient_0_VconcST_0_Vconc_0.7_run_1.csv,5760.0,800.0,0,0.7,0.0,0.7,1,13.25,0.0,0.0,0.0,0.0,0.0,0.0,900.692
5760_dose_800_gradient_0_VconcST_0_Vconc_0.7_run_1.csv,5760.0,800.0,0,0.7,0.0,0.7,1,13.5,0.0,0.0,0.0,0.0,0.0,0.0,908.719
5760_dose_800_gradient_0_VconcST_0_Vconc_0.7_run_1.csv,5760.0,800.0,0,0.7,0.0,0.7,1,13.75,0.0,0.0,0.0,0.0,0.0,0.0,864.515
5760_dose_800_gradient_0_VconcST_0_Vconc_0.7_run_1.csv,5760.0,800.0,0,0.7,0.0,0.7,1,14.0,0.0,0.0,0.0,0.0,0.0,0.0,941.054
5760_dose_800_gradient_0_VconcST_0_Vconc_0.7_run_1.csv,5760.0,800.0,0,0.7,0.0,0.7,1,14.25,0.0,0.0,0.0,0.0,0.0,0.0,872.136
5760_dose_800_gradient_0_VconcST_0_Vconc_0.7_run_1.csv,5760.0,800.0,0,0.7,0.0,0.7,1,14.5,0.0,0.0,0.0,0.0,0.0,0.0,908.348
5760_dose_800_gradient_0_VconcST_0_Vconc_0.7_run_1.csv,5760.0,800.0,0,0.7,0.0,0.7,1,14.75,0.0,0.0,0.0,0.0,0.0,0.0,894.024
5760_dose_800_gradient_0_VconcST_0_Vconc_0.7_run_1.csv,5760.0,800.0,0,0.7,0.0,0.7,1,15.0,0.0,0.0,0.0,0.0,0.0,0.0,887.219
5760_dose_800_gradient_0_VconcST_0_Vconc_0.7_run_1.csv,5760.0,800.0,0,0.7,0.0,0.7,1,15.25,0.0,0.0,0.0,0.0,0.0,0.0,925.394
5760_dose_800_gradient_0_VconcST_0_Vconc_0.7_run_1.csv,5760.0,800.0,0,0.7,0.0,0.7,1,15.5,0.0,0.0,0.0,0.0,0.0,0.0,864.015
5760_dose_800_gradient_0_VconcST_0_Vconc_0.7_run_1.csv,5760.0,800.0,0,0.7,0.0,0.7,1,15.75,0.0,0.0,0.0,0.0,0.0,0.0,925.134
5760_dose_800_gradient_0_VconcST_0_Vconc_0.7_run_1.csv,5760.0,800.0,0,0.7,0.0,0.7,1,16.0,0.0,0.0,0.0,0.0,0.0,0.0,829.375
5760_dose_800_gradient_0_VconcST_0_Vconc_0.7_run_1.csv,5760.0,800.0,0,0.7,0.0,0.7,1,16.25,0.0,0.0,0.0,0.0,0.0,0.0,921.434
5760_dose_800_gradient_0_VconcST_0_Vconc_0.7_run_1.csv,5760.0,800.0,0,0.7,0.0,0.7,1,16.5,0.0,0.0,0.0,0.0,0.0,0.0,894.616
5760_dose_800_gradient_0_VconcST_0_Vconc_0.7_run_1.csv,5760.0,800.0,0,0.7,0.0,0.7,1,16.75,0.0,0.0,0.0,0.0,0.0,0.0,879.07
5760_dose_800_gradient_0_VconcST_0_Vconc_0.7_run_1.csv,5760.0,800.0,0,0.7,0.0,0.7,1,17.0,0.0,0.0,0.0,0.0,0.0,0.0,905.675
5760_dose_800_gradient_0_VconcST_0_Vconc_0.7_run_1.csv,5760.0,800.0,0,0.7,0.0,0.7,1,17.25,0.0,0.0,0.0,0.0,0.0,0.0,890.557
5760_dose_800_gradient_0_VconcST_0_Vconc_0.7_run_1.csv,5760.0,800.0,0,0.7,0.0,0.7,1,17.5,0.0,0.0,0.0,0.0,0.0,0.0,914.998
5760_dose_800_gradient_0_VconcST_0_Vconc_0.7_run_1.csv,5760.0,800.0,0,0.7,0.0,0.7,1,17.75,0.0,0.0,0.0,0.0,0.0,0.0,889.437
5760_dose_800_gradient_0_VconcST_0_Vconc_0.7_run_1.csv,5760.0,800.0,0,0.7,0.0,0.7,1,18.0,0.0,0.0,0.0,0.0,0.0,0.0,924.208
5760_dose_800_gradient_0_VconcST_0_Vconc_0.7_run_1.csv,5760.0,800.0,0,0.7,0.0,0.7,1,18.25,0.0,0.0,0.0,0.0,0.0,0.0,865.589
5760_dose_800_gradient_0_VconcST_0_Vconc_0.7_run_1.csv,5760.0,800.0,0,0.7,0.0,0.7,1,18.5,0.0,0.0,0.0,0.0,0.0,0.0,942.276
5760_dose_800_gradient_0_VconcST_0_Vconc_0.7_run_1.csv,5760.0,800.0,0,0.7,0.0,0.7,1,18.75,0.0,0.0,0.0,0.0,0.0,0.0,864.353
5760_dose_800_gradient_0_VconcST_0_Vconc_0.7_run_1.csv,5760.0,800.0,0,0.7,0.0,0.7,1,19.0,0.0,0.0,0.0,0.0,0.0,0.0,930.065
5760_dose_800_gradient_0_VconcST_0_Vconc_0.7_run_1.csv,5760.0,800.0,0,0.7,0.0,0.7,1,19.25,0.0,0.0,0.0,0.0,0.0,0.0,877.001
5760_dose_800_gradient_0_VconcST_0_Vconc_0.7_run_1.csv,5760.0,800.0,0,0.7,0.0,0.7,1,19.5,0.0,0.0,0.0,0.0,0.0,0.0,934.07
5760_dose_800_gradient_0_VconcST_0_Vconc_0.7_run_1.csv,5760.0,800.0,0,0.7,0.0,0.7,1,19.75,0.0,0.0,0.0,0.0,0.0,0.0,903.673
5760_dose_800_gradient_0_VconcST_0_Vconc_0.7_run_1.csv,5760.0,800.0,0,0.7,0.0,0.7,1,20.0,0.0,0.0,0.0,0.0,0.0,0.0,941.142
5760_dose_800_gradient_0_VconcST_0_Vconc_0.7_run_1.csv,5760.0,800.0,0,0.7,0.0,0.7,1,20.25,0.0,0.0,0.0,0.0,0.0,0.0,890.228
5760_dose_800_gradient_0_VconcST_0_Vconc_0.7_run_1.csv,5760.0,800.0,0,0.7,0.0,0.7,1,20.5,0.0,0.0,0.0,0.0,0.0,0.0,895.538
5760_dose_800_gradient_0_VconcST_0_Vconc_0.7_run_1.csv,5760.0,800.0,0,0.7,0.0,0.7,1,20.75,0.0,0.0,0.0,0.0,0.0,0.0,913.529
5760_dose_800_gradient_0_VconcST_0_Vconc_0.7_run_1.csv,5760.0,800.0,0,0.7,0.0,0.7,1,21.0,0.0,0.0,0.0,0.0,0.0,0.0,918.31
5760_dose_800_gradient_0_VconcST_0_Vconc_0.7_run_1.csv,5760.0,800.0,0,0.7,0.0,0.7,1,21.25,0.0,0.0,0.0,0.0,0.0,0.0,877.993
5760_dose_800_gradient_0_VconcST_0_Vconc_0.7_run_1.csv,5760.0,800.0,0,0.7,0.0,0.7,1,21.5,0.0,0.0,0.0,0.0,0.0,0.0,957.873
5760_dose_800_gradient_0_VconcST_0_Vconc_0.7_run_1.csv,5760.0,800.0,0,0.7,0.0,0.7,1,21.75,0.0,0.0,0.0,0.0,0.0,0.0,825.535
5760_dose_800_gradient_0_VconcST_0_Vconc_0.7_run_1.csv,5760.0,800.0,0,0.7,0.0,0.7,1,22.0,0.0,0.0,0.0,0.0,0.0,0.0,980.671
5760_dose_800_gradient_0_VconcST_0_Vconc_0.7_run_1.csv,5760.0,800.0,0,0.7,0.0,0.7,1,22.25,0.0,0.0,0.0,0.0,0.0,0.0,823.132
5760_dose_800_gradient_0_VconcST_0_Vconc_0.7_run_1.csv,5760.0,800.0,0,0.7,0.0,0.7,1,22.5,0.0,0.0,0.0,0.0,0.0,0.0,967.419
5760_dose_800_gradient_0_VconcST_0_Vconc_0.7_run_1.csv,5760.0,800.0,0,0.7,0.0,0.7,1,22.75,0.0,0.0,0.0,0.0,0.0,0.0,890.705
5760_dose_800_gradient_0_VconcST_0_Vconc_0.7_run_1.csv,5760.0,800.0,0,0.7,0.0,0.7,1,23.0,0.0,0.0,0.0,0.0,0.0,0.0,918.075
5760_dose_800_gradient_0_VconcST_0_Vconc_0.7_run_1.csv,5760.0,800.0,0,0.7,0.0,0.7,1,23.25,0.0,0.0,0.0,0.0,0.0,0.0,869.072
5760_dose_800_gradient_0_VconcST_0_Vconc_0.7_run_1.csv,5760.0,800.0,0,0.7,0.0,0.7,1,23.5,0.0,0.0,0.0,0.0,0.0,0.0,889.878
5760_dose_800_gradient_0_VconcST_0_Vconc_0.7_run_1.csv,5760.0,800.0,0,0.7,0.0,0.7,1,23.75,0.0,0.0,0.0,0.0,0.0,0.0,905.347
5760_dose_800_gradient_0_VconcST_0_Vconc_0.7_run_1.csv,5760.0,800.0,0,0.7,0.0,0.7,1,24.0,53.5098,800.0,0.0208404,53.5098,0.0,0.0,859.437
5760_dose_800_gradient_0_VconcST_0_Vconc_0.7_run_1.csv,5760.0,800.0,0,0.7,0.0,0.7,1,24.25,3230.04,786.361,1.258,3230.04,0.0,0.999937,0.0777398
5760_dose_800_gradient_0_VconcST_0_Vconc_0.7_run_1.csv,5760.0,800.0,0,0.7,0.0,0.7,1,24.5,6340.36,772.954,2.46937,6340.36,0.0,0.999968,0.0457361
5760_dose_800_gradient_0_VconcST_0_Vconc_0.7_run_1.csv,5760.0,800.0,0,0.7,0.0,0.7,1,24.75,9385.65,759.777,3.65542,9385.65,0.0,0.999979,0.0279831
5760_dose_800_gradient_0_VconcST_0_Vconc_0.7_run_1.csv,5760.0,800.0,0,0.7,0.0,0.7,1,25.0,12367.1,746.823,4.81659,12367.1,0.0,0.999984,0.0203319
5760_dose_800_gradient_0_VconcST_0_Vconc_0.7_run_1.csv,5760.0,800.0,0,0.7,0.0,0.7,1,25.25,15285.7,734.092,5.95332,15285.7,0.0,0.999987,0.0160025
5760_dose_800_gradient_0_VconcST_0_Vconc_0.7_run_1.csv,5760.0,800.0,0,0.7,0.0,0.7,1,25.5,18142.8,721.576,7.06605,18142.8,0.0,0.999989,0.0131379
5760_dose_800_gradient_0_VconcST_0_Vconc_0.7_run_1.csv,5760.0,800.0,0,0.7,0.0,0.7,1,25.75,20939.3,709.274,8.15521,20939.3,0.0,0.99999,0.0112803
5760_dose_800_gradient_0_VconcST_0_Vconc_0.7_run_1.csv,5760.0,800.0,0,0.7,0.0,0.7,1,26.0,23676.4,697.182,9.22121,23676.4,0.0,0.999992,0.00982897
5760_dose_800_gradient_0_VconcST_0_Vconc_0.7_run_1.csv,5760.0,800.0,0,0.7,0.0,0.7,1,26.25,26355.0,685.296,10.2645,26355.0,0.0,0.999992,0.00877351
5760_dose_800_gradient_0_VconcST_0_Vconc_0.7_run_1.csv,5760.0,800.0,0,0.7,0.0,0.7,1,26.5,28976.4,673.613,11.2854,28976.4,0.0,0.999993,0.00799906
5760_dose_800_gradient_0_VconcST_0_Vconc_0.7_run_1.csv,5760.0,800.0,0,0.7,0.0,0.7,1,26.75,31541.3,662.128,12.2844,31541.3,0.0,0.999994,0.00726756
5760_dose_800_gradient_0_VconcST_0_Vconc_0.7_run_1.csv,5760.0,800.0,0,0.7,0.0,0.7,1,27.0,34051.0,650.84,13.2618,34051.0,0.0,0.999994,0.006743
5760_dose_800_gradient_0_VconcST_0_Vconc_0.7_run_1.csv,5760.0,800.0,0,0.7,0.0,0.7,1,27.25,36506.3,639.744,14.2181,36506.3,0.0,0.999995,0.00627058
5760_dose_800_gradient_0_VconcST_0_Vconc_0.7_run_1.csv,5760.0,800.0,0,0.7,0.0,0.7,1,27.5,38908.2,628.837,15.1535,38908.2,0.0,0.999995,0.005889
5760_dose_800_gradient_0_VconcST_0_Vconc_0.7_run_1.csv,5760.0,800.0,0,0.7,0.0,0.7,1,27.75,41257.7,618.116,16.0686,41257.7,0.0,0.999995,0.00547851
5760_dose_800_gradient_0_VconcST_0_Vconc_0.7_run_1.csv,5760.0,800.0,0,0.7,0.0,0.7,1,28.0,43555.8,607.578,16.9636,43555.8,0.0,0.999995,0.00521981
5760_dose_800_gradient_0_VconcST_0_Vconc_0.7_run_1.csv,5760.0,800.0,0,0.7,0.0,0.7,1,28.25,45803.3,597.219,17.839,45803.3,0.0,0.999996,0.00494994
5760_dose_800_gradient_0_VconcST_0_Vconc_0.7_run_1.csv,5760.0,800.0,0,0.7,0.0,0.7,1,28.5,48001.1,587.037,18.6949,48001.1,0.0,0.999996,0.0046864
5760_dose_800_gradient_0_VconcST_0_Vconc_0.7_run_1.csv,5760.0,800.0,0,0.7,0.0,0.7,1,28.75,50150.2,577.029,19.5319,50150.2,0.0,0.999996,0.00449756
5760_dose_800_gradient_0_VconcST_0_Vconc_0.7_run_1.csv,5760.0,800.0,0,0.7,0.0,0.7,1,29.0,52251.3,567.191,20.3503,52251.3,0.0,0.999996,0.00428784
5760_dose_800_gradient_0_VconcST_0_Vconc_0.7_run_1.csv,5760.0,800.0,0,0.7,0.0,0.7,1,29.25,54305.5,557.521,21.1503,54305.5,0.0,0.999996,0.00416292
5760_dose_800_gradient_0_VconcST_0_Vconc_0.7_run_1.csv,5760.0,800.0,0,0.7,0.0,0.7,1,29.5,56313.4,548.016,21.9323,56313.4,0.0,0.999996,0.00396802
5760_dose_800_gradient_0_VconcST_0_Vconc_0.7_run_1.csv,5760.0,800.0,0,0.7,0.0,0.7,1,29.75,58276.0,538.673,22.6967,58276.0,0.0,0.999997,0.00382874
5760_dose_800_gradient_0_VconcST_0_Vconc_0.7_run_1.csv,5760.0,800.0,0,0.7,0.0,0.7,1,30.0,60194.1,529.49,23.4437,60194.1,0.0,0.999997,0.00370371
5760_dose_800_gradient_0_VconcST_0_Vconc_0.7_run_1.csv,5760.0,800.0,0,0.7,0.0,0.7,1,30.25,62068.4,520.462,24.1737,62068.4,0.0,0.999997,0.00363812
5760_dose_800_gradient_0_VconcST_0_Vconc_0.7_run_1.csv,5760.0,800.0,0,0.7,0.0,0.7,1,30.5,63899.7,511.589,24.887,63899.7,0.0,0.999997,0.00349623
5760_dose_800_gradient_0_VconcST_0_Vconc_0.7_run_1.csv,5760.0,800.0,0,0.7,0.0,0.7,1,30.75,65688.9,502.867,25.5838,65688.9,0.0,0.999997,0.00343342
5760_dose_800_gradient_0_VconcST_0_Vconc_0.7_run_1.csv,5760.0,800.0,0,0.7,0.0,0.7,1,31.0,67436.6,494.294,26.2645,67436.6,0.0,0.999997,0.0033663
5760_dose_800_gradient_0_VconcST_0_Vconc_0.7_run_1.csv,5760.0,800.0,0,0.7,0.0,0.7,1,31.25,69143.7,485.867,26.9293,69143.7,0.0,0.999997,0.00329834
5760_dose_800_gradient_0_VconcST_0_Vconc_0.7_run_1.csv,5760.0,800.0,0,0.7,0.0,0.7,1,31.5,70810.9,477.583,27.5786,70810.9,0.0,0.999997,0.00324589
5760_dose_800_gradient_0_VconcST_0_Vconc_0.7_run_1.csv,5760.0,800.0,0,0.7,0.0,0.7,1,31.75,72438.8,469.441,28.2127,72438.8,0.0,0.999997,0.00317063
5760_dose_800_gradient_0_VconcST_0_Vconc_0.7_run_1.csv,5760.0,800.0,0,0.7,0.0,0.7,1,32.0,74028.2,461.438,28.8317,74028.2,0.0,0.999997,0.00310731
5760_dose_800_gradient_0_VconcST_0_Vconc_0.7_run_1.csv,5760.0,800.0,0,0.7,0.0,0.7,1,32.25,75579.8,453.571,29.436,75579.8,0.0,0.999997,0.00303447
5760_dose_800_gradient_0_VconcST_0_Vconc_0.7_run_1.csv,5760.0,800.0,0,0.7,0.0,0.7,1,32.5,77094.3,445.838,30.0259,77094.3,0.0,0.999997,0.0029685
5760_dose_800_gradient_0_VconcST_0_Vconc_0.7_run_1.csv,5760.0,800.0,0,0.7,0.0,0.7,1,32.75,78572.4,438.237,30.6015,78572.4,0.0,0.999997,0.00290254
5760_dose_800_gradient_0_VconcST_0_Vconc_0.7_run_1.csv,5760.0,800.0,0,0.7,0.0,0.7,1,33.0,80014.7,430.765,31.1632,80014.7,0.0,0.999997,0.00284173
5760_dose_800_gradient_0_VconcST_0_Vconc_0.7_run_1.csv,5760.0,800.0,0,0.7,0.0,0.7,1,33.25,81421.8,423.421,31.7113,81421.8,0.0,0.999997,0.00277518
5760_dose_800_gradient_0_VconcST_0_Vconc_0.7_run_1.csv,5760.0,800.0,0,0.7,0.0,0.7,1,33.5,82794.4,416.203,32.2459,82794.4,0.0,0.999998,0.00272032
5760_dose_800_gradient_0_VconcST_0_Vconc_0.7_run_1.csv,5760.0,800.0,0,0.7,0.0,0.7,1,33.75,84133.2,409.107,32.7673,84133.2,0.0,0.999998,0.00270597
5760_dose_800_gradient_0_VconcST_0_Vconc_0.7_run_1.csv,5760.0,800.0,0,0.7,0.0,0.7,1,34.0,85438.7,402.132,33.2757,85438.7,0.0,0.999998,0.00264563
5760_dose_800_gradient_0_VconcST_0_Vconc_0.7_run_1.csv,5760.0,800.0,0,0.7,0.0,0.7,1,34.25,86711.5,395.276,33.7715,86711.5,0.0,0.999998,0.00264368
5760_dose_800_gradient_0_VconcST_0_Vconc_0.7_run_1.csv,5760.0,800.0,0,0.7,0.0,0.7,1,34.5,87952.4,388.537,34.2547,87952.4,0.0,0.999998,0.00258437
5760_dose_800_gradient_0_VconcST_0_Vconc_0.7_run_1.csv,5760.0,800.0,0,0.7,0.0,0.7,1,34.75,89161.7,381.913,34.7257,89161.7,0.0,0.999998,0.0025106
5760_dose_800_gradient_0_VconcST_0_Vconc_0.7_run_1.csv,5760.0,800.0,0,0.7,0.0,0.7,1,35.0,90340.2,375.402,35.1847,90340.2,0.0,0.999998,0.0025143
5760_dose_800_gradient_0_VconcST_0_Vconc_0.7_run_1.csv,5760.0,800.0,0,0.7,0.0,0.7,1,35.25,91488.3,369.002,35.6319,91488.3,0.0,0.999998,0.00244524
5760_dose_800_gradient_0_VconcST_0_Vconc_0.7_run_1.csv,5760.0,800.0,0,0.7,0.0,0.7,1,35.5,92606.7,362.711,36.0674,92606.7,0.0,0.999998,0.00244326
5760_dose_800_gradient_0_VconcST_0_Vconc_0.7_run_1.csv,5760.0,800.0,0,0.7,0.0,0.7,1,35.75,93695.8,356.527,36.4916,93695.8,0.0,0.999998,0.00244078
5760_dose_800_gradient_0_VconcST_0_Vconc_0.7_run_1.csv,5760.0,800.0,0,0.7,0.0,0.7,1,36.0,94756.3,350.449,36.9046,94756.3,0.0,0.999998,0.0023748
5760_dose_800_gradient_0_VconcST_0_Vconc_0.7_run_1.csv,5760.0,800.0,0,0.7,0.0,0.7,1,36.25,95788.6,344.474,37.3067,95788.6,0.0,0.999998,0.00237788
5760_dose_800_gradient_0_VconcST_0_Vconc_0.7_run_1.csv,5760.0,800.0,0,0.7,0.0,0.7,1,36.5,96793.2,338.601,37.698,96793.2,0.0,0.999998,0.00231022
5760_dose_800_gradient_0_VconcST_0_Vconc_0.7_run_1.csv,5760.0,800.0,0,0.7,0.0,0.7,1,36.75,97770.8,332.828,38.0787,97770.8,0.0,0.999998,0.00231541
5760_dose_800_gradient_0_VconcST_0_Vconc_0.7_run_1.csv,5760.0,800.0,0,0.7,0.0,0.7,1,37.0,98721.6,327.154,38.449,98721.6,0.0,0.999998,0.00231419
5760_dose_800_gradient_0_VconcST_0_Vconc_0.7_run_1.csv,5760.0,800.0,0,0.7,0.0,0.7,1,37.25,99646.4,321.576,38.8092,99646.4,0.0,0.999998,0.00225067
5760_dose_800_gradient_0_VconcST_0_Vconc_0.7_run_1.csv,5760.0,800.0,0,0.7,0.0,0.7,1,37.5,100546.0,316.094,39.1594,100546.0,0.0,0.999998,0.00224712
5760_dose_800_gradient_0_VconcST_0_Vconc_0.7_run_1.csv,5760.0,800.0,0,0.7,0.0,0.7,1,37.75,101419.0,310.705,39.4997,101419.0,0.0,0.999998,0.00224492
5760_dose_800_gradient_0_VconcST_0_Vconc_0.7_run_1.csv,5760.0,800.0,0,0.7,0.0,0.7,1,38.0,102269.0,305.408,39.8305,102269.0,0.0,0.999998,0.00218508
5760_dose_800_gradient_0_VconcST_0_Vconc_0.7_run_1.csv,5760.0,800.0,0,0.7,0.0,0.7,1,38.25,103094.0,300.201,40.1518,103094.0,0.0,0.999998,0.0021769
5760_dose_800_gradient_0_VconcST_0_Vconc_0.7_run_1.csv,5760.0,800.0,0,0.7,0.0,0.7,1,38.5,103895.0,295.083,40.4638,103895.0,0.0,0.999998,0.0021769
5760_dose_800_gradient_0_VconcST_0_Vconc_0.7_run_1.csv,5760.0,800.0,0,0.7,0.0,0.7,1,38.75,104673.0,290.052,40.7667,104673.0,0.0,0.999998,0.00217957
5760_dose_800_gradient_0_VconcST_0_Vconc_0.7_run_1.csv,5760.0,800.0,0,0.7,0.0,0.7,1,39.0,105427.0,285.107,41.0607,105427.0,0.0,0.999998,0.00211354
5760_dose_800_gradient_0_VconcST_0_Vconc_0.7_run_1.csv,5760.0,800.0,0,0.7,0.0,0.7,1,39.25,106160.0,280.246,41.3459,106160.0,0.0,0.999998,0.00211094
5760_dose_800_gradient_0_VconcST_0_Vconc_0.7_run_1.csv,5760.0,800.0,0,0.7,0.0,0.7,1,39.5,106870.0,275.468,41.6226,106870.0,0.0,0.999998,0.00211272
5760_dose_800_gradient_0_VconcST_0_Vconc_0.7_run_1.csv,5760.0,800.0,0,0.7,0.0,0.7,1,39.75,107559.0,270.772,41.8908,107559.0,0.0,0.999998,0.00211094
5760_dose_800_gradient_0_VconcST_0_Vconc_0.7_run_1.csv,5760.0,800.0,0,0.7,0.0,0.7,1,40.0,108226.0,266.156,42.1507,108226.0,0.0,0.999998,0.00211094
5760_dose_800_gradient_0_VconcST_0_Vconc_0.7_run_1.csv,5760.0,800.0,0,0.7,0.0,0.7,1,40.25,108873.0,261.618,42.4025,108873.0,0.0,0.999998,0.00205087
5760_dose_800_gradient_0_VconcST_0_Vconc_0.7_run_1.csv,5760.0,800.0,0,0.7,0.0,0.7,1,40.5,109499.0,257.158,42.6463,109499.0,0.0,0.999998,0.00204498
5760_dose_800_gradient_0_VconcST_0_Vconc_0.7_run_1.csv,5760.0,800.0,0,0.7,0.0,0.7,1,40.75,110105.0,252.774,42.8823,110105.0,0.0,0.999998,0.00204749
5760_dose_800_gradient_0_VconcST_0_Vconc_0.7_run_1.csv,5760.0,800.0,0,0.7,0.0,0.7,1,41.0,110691.0,248.464,43.1107,110691.0,0.0,0.999998,0.00204498
5760_dose_800_gradient_0_VconcST_0_Vconc_0.7_run_1.csv,5760.0,800.0,0,0.7,0.0,0.7,1,41.25,111258.0,244.228,43.3315,111258.0,0.0,0.999998,0.00205065
5760_dose_800_gradient_0_VconcST_0_Vconc_0.7_run_1.csv,5760.0,800.0,0,0.7,0.0,0.7,1,41.5,111806.0,240.064,43.5449,111806.0,0.0,0.999998,0.00204828
5760_dose_750_gradient_0_VconcST_0_Vconc_0.7_run_0.csv,5760.0,750.0,0,0.7,0.0,0.7,0,0.0,0.0,0.0,0.0,0.0,0.0,0.0,0.0
5760_dose_750_gradient_0_VconcST_0_Vconc_0.7_run_0.csv,5760.0,750.0,0,0.7,0.0,0.7,0,0.25,0.0,0.0,0.0,0.0,0.0,0.0,1693.57
5760_dose_750_gradient_0_VconcST_0_Vconc_0.7_run_0.csv,5760.0,750.0,0,0.7,0.0,0.7,0,0.5,0.0,0.0,0.0,0.0,0.0,0.0,244.363
5760_dose_750_gradient_0_VconcST_0_Vconc_0.7_run_0.csv,5760.0,750.0,0,0.7,0.0,0.7,0,0.75,0.0,0.0,0.0,0.0,0.0,0.0,1459.92
5760_dose_750_gradient_0_VconcST_0_Vconc_0.7_run_0.csv,5760.0,750.0,0,0.7,0.0,0.7,0,1.0,0.0,0.0,0.0,0.0,0.0,0.0,417.911
5760_dose_750_gradient_0_VconcST_0_Vconc_0.7_run_0.csv,5760.0,750.0,0,0.7,0.0,0.7,0,1.25,0.0,0.0,0.0,0.0,0.0,0.0,1328.7
5760_dose_750_gradient_0_VconcST_0_Vconc_0.7_run_0.csv,5760.0,750.0,0,0.7,0.0,0.7,0,1.5,0.0,0.0,0.0,0.0,0.0,0.0,554.029
5760_dose_750_gradient_0_VconcST_0_Vconc_0.7_run_0.csv,5760.0,750.0,0,0.7,0.0,0.7,0,1.75,0.0,0.0,0.0,0.0,0.0,0.0,1136.87
5760_dose_750_gradient_0_VconcST_0_Vconc_0.7_run_0.csv,5760.0,750.0,0,0.7,0.0,0.7,0,2.0,0.0,0.0,0.0,0.0,0.0,0.0,675.762
5760_dose_750_gradient_0_VconcST_0_Vconc_0.7_run_0.csv,5760.0,750.0,0,0.7,0.0,0.7,0,2.25,0.0,0.0,0.0,0.0,0.0,0.0,1078.09
5760_dose_750_gradient_0_VconcST_0_Vconc_0.7_run_0.csv,5760.0,750.0,0,0.7,0.0,0.7,0,2.5,0.0,0.0,0.0,0.0,0.0,0.0,771.25
5760_dose_750_gradient_0_VconcST_0_Vconc_0.7_run_0.csv,5760.0,750.0,0,0.7,0.0,0.7,0,2.75,0.0,0.0,0.0,0.0,0.0,0.0,969.876
5760_dose_750_gradient_0_VconcST_0_Vconc_0.7_run_0.csv,5760.0,750.0,0,0.7,0.0,0.7,0,3.0,0.0,0.0,0.0,0.0,0.0,0.0,842.829
5760_dose_750_gradient_0_VconcST_0_Vconc_0.7_run_0.csv,5760.0,750.0,0,0.7,0.0,0.7,0,3.25,0.0,0.0,0.0,0.0,0.0,0.0,924.352
5760_dose_750_gradient_0_VconcST_0_Vconc_0.7_run_0.csv,5760.0,750.0,0,0.7,0.0,0.7,0,3.5,0.0,0.0,0.0,0.0,0.0,0.0,896.563
5760_dose_750_gradient_0_VconcST_0_Vconc_0.7_run_0.csv,5760.0,750.0,0,0.7,0.0,0.7,0,3.75,0.0,0.0,0.0,0.0,0.0,0.0,852.642
5760_dose_750_gradient_0_VconcST_0_Vconc_0.7_run_0.csv,5760.0,750.0,0,0.7,0.0,0.7,0,4.0,0.0,0.0,0.0,0.0,0.0,0.0,969.877
5760_dose_750_gradient_0_VconcST_0_Vconc_0.7_run_0.csv,5760.0,750.0,0,0.7,0.0,0.7,0,4.25,0.0,0.0,0.0,0.0,0.0,0.0,835.335
5760_dose_750_gradient_0_VconcST_0_Vconc_0.7_run_0.csv,5760.0,750.0,0,0.7,0.0,0.7,0,4.5,0.0,0.0,0.0,0.0,0.0,0.0,952.122
5760_dose_750_gradient_0_VconcST_0_Vconc_0.7_run_0.csv,5760.0,750.0,0,0.7,0.0,0.7,0,4.75,0.0,0.0,0.0,0.0,0.0,0.0,858.83
5760_dose_750_gradient_0_VconcST_0_Vconc_0.7_run_0.csv,5760.0,750.0,0,0.7,0.0,0.7,0,5.0,0.0,0.0,0.0,0.0,0.0,0.0,948.334
5760_dose_750_gradient_0_VconcST_0_Vconc_0.7_run_0.csv,5760.0,750.0,0,0.7,0.0,0.7,0,5.25,0.0,0.0,0.0,0.0,0.0,0.0,857.266
5760_dose_750_gradient_0_VconcST_0_Vconc_0.7_run_0.csv,5760.0,750.0,0,0.7,0.0,0.7,0,5.5,0.0,0.0,0.0,0.0,0.0,0.0,913.734
5760_dose_750_gradient_0_VconcST_0_Vconc_0.7_run_0.csv,5760.0,750.0,0,0.7,0.0,0.7,0,5.75,0.0,0.0,0.0,0.0,0.0,0.0,857.017
5760_dose_750_gradient_0_VconcST_0_Vconc_0.7_run_0.csv,5760.0,750.0,0,0.7,0.0,0.7,0,6.0,0.0,0.0,0.0,0.0,0.0,0.0,942.425
5760_dose_750_gradient_0_VconcST_0_Vconc_0.7_run_0.csv,5760.0,750.0,0,0.7,0.0,0.7,0,6.25,0.0,0.0,0.0,0.0,0.0,0.0,873.269
5760_dose_750_gradient_0_VconcST_0_Vconc_0.7_run_0.csv,5760.0,750.0,0,0.7,0.0,0.7,0,6.5,0.0,0.0,0.0,0.0,0.0,0.0,912.821
5760_dose_750_gradient_0_VconcST_0_Vconc_0.7_run_0.csv,5760.0,750.0,0,0.7,0.0,0.7,0,6.75,0.0,0.0,0.0,0.0,0.0,0.0,875.192
5760_dose_750_gradient_0_VconcST_0_Vconc_0.7_run_0.csv,5760.0,750.0,0,0.7,0.0,0.7,0,7.0,0.0,0.0,0.0,0.0,0.0,0.0,876.083
5760_dose_750_gradient_0_VconcST_0_Vconc_0.7_run_0.csv,5760.0,750.0,0,0.7,0.0,0.7,0,7.25,0.0,0.0,0.0,0.0,0.0,0.0,924.215
5760_dose_750_gradient_0_VconcST_0_Vconc_0.7_run_0.csv,5760.0,750.0,0,0.7,0.0,0.7,0,7.5,0.0,0.0,0.0,0.0,0.0,0.0,839.992
5760_dose_750_gradient_0_VconcST_0_Vconc_0.7_run_0.csv,5760.0,750.0,0,0.7,0.0,0.7,0,7.75,0.0,0.0,0.0,0.0,0.0,0.0,950.239
5760_dose_750_gradient_0_VconcST_0_Vconc_0.7_run_0.csv,5760.0,750.0,0,0.7,0.0,0.7,0,8.0,0.0,0.0,0.0,0.0,0.0,0.0,825.772
5760_dose_750_gradient_0_VconcST_0_Vconc_0.7_run_0.csv,5760.0,750.0,0,0.7,0.0,0.7,0,8.25,0.0,0.0,0.0,0.0,0.0,0.0,876.508
5760_dose_750_gradient_0_VconcST_0_Vconc_0.7_run_0.csv,5760.0,750.0,0,0.7,0.0,0.7,0,8.5,0.0,0.0,0.0,0.0,0.0,0.0,914.639
5760_dose_750_gradient_0_VconcST_0_Vconc_0.7_run_0.csv,5760.0,750.0,0,0.7,0.0,0.7,0,8.75,0.0,0.0,0.0,0.0,0.0,0.0,892.674
5760_dose_750_gradient_0_VconcST_0_Vconc_0.7_run_0.csv,5760.0,750.0,0,0.7,0.0,0.7,0,9.0,0.0,0.0,0.0,0.0,0.0,0.0,875.756
5760_dose_750_gradient_0_VconcST_0_Vconc_0.7_run_0.csv,5760.0,750.0,0,0.7,0.0,0.7,0,9.25,0.0,0.0,0.0,0.0,0.0,0.0,845.407
5760_dose_750_gradient_0_VconcST_0_Vconc_0.7_run_0.csv,5760.0,750.0,0,0.7,0.0,0.7,0,9.5,0.0,0.0,0.0,0.0,0.0,0.0,987.023
5760_dose_750_gradient_0_VconcST_0_Vconc_0.7_run_0.csv,5760.0,750.0,0,0.7,0.0,0.7,0,9.75,0.0,0.0,0.0,0.0,0.0,0.0,848.455
5760_dose_750_gradient_0_VconcST_0_Vconc_0.7_run_0.csv,5760.0,750.0,0,0.7,0.0,0.7,0,10.0,0.0,0.0,0.0,0.0,0.0,0.0,884.442
5760_dose_750_gradient_0_VconcST_0_Vconc_0.7_run_0.csv,5760.0,750.0,0,0.7,0.0,0.7,0,10.25,0.0,0.0,0.0,0.0,0.0,0.0,888.423
5760_dose_750_gradient_0_VconcST_0_Vconc_0.7_run_0.csv,5760.0,750.0,0,0.7,0.0,0.7,0,10.5,0.0,0.0,0.0,0.0,0.0,0.0,910.241
5760_dose_750_gradient_0_VconcST_0_Vconc_0.7_run_0.csv,5760.0,750.0,0,0.7,0.0,0.7,0,10.75,0.0,0.0,0.0,0.0,0.0,0.0,926.728
5760_dose_750_gradient_0_VconcST_0_Vconc_0.7_run_0.csv,5760.0,750.0,0,0.7,0.0,0.7,0,11.0,0.0,0.0,0.0,0.0,0.0,0.0,866.756
5760_dose_750_gradient_0_VconcST_0_Vconc_0.7_run_0.csv,5760.0,750.0,0,0.7,0.0,0.7,0,11.25,0.0,0.0,0.0,0.0,0.0,0.0,879.791
5760_dose_750_gradient_0_VconcST_0_Vconc_0.7_run_0.csv,5760.0,750.0,0,0.7,0.0,0.7,0,11.5,0.0,0.0,0.0,0.0,0.0,0.0,886.473
5760_dose_750_gradient_0_VconcST_0_Vconc_0.7_run_0.csv,5760.0,750.0,0,0.7,0.0,0.7,0,11.75,0.0,0.0,0.0,0.0,0.0,0.0,900.531
5760_dose_750_gradient_0_VconcST_0_Vconc_0.7_run_0.csv,5760.0,750.0,0,0.7,0.0,0.7,0,12.0,0.0,0.0,0.0,0.0,0.0,0.0,860.038
5760_dose_750_gradient_0_VconcST_0_Vconc_0.7_run_0.csv,5760.0,750.0,0,0.7,0.0,0.7,0,12.25,0.0,0.0,0.0,0.0,0.0,0.0,959.784
5760_dose_750_gradient_0_VconcST_0_Vconc_0.7_run_0.csv,5760.0,750.0,0,0.7,0.0,0.7,0,12.5,0.0,0.0,0.0,0.0,0.0,0.0,836.714
5760_dose_750_gradient_0_VconcST_0_Vconc_0.7_run_0.csv,5760.0,750.0,0,0.7,0.0,0.7,0,12.75,0.0,0.0,0.0,0.0,0.0,0.0,964.379
5760_dose_750_gradient_0_VconcST_0_Vconc_0.7_run_0.csv,5760.0,750.0,0,0.7,0.0,0.7,0,13.0,0.0,0.0,0.0,0.0,0.0,0.0,830.761
5760_dose_750_gradient_0_VconcST_0_Vconc_0.7_run_0.csv,5760.0,750.0,0,0.7,0.0,0.7,0,13.25,0.0,0.0,0.0,0.0,0.0,0.0,906.352
5760_dose_750_gradient_0_VconcST_0_Vconc_0.7_run_0.csv,5760.0,750.0,0,0.7,0.0,0.7,0,13.5,0.0,0.0,0.0,0.0,0.0,0.0,880.16
5760_dose_750_gradient_0_VconcST_0_Vconc_0.7_run_0.csv,5760.0,750.0,0,0.7,0.0,0.7,0,13.75,0.0,0.0,0.0,0.0,0.0,0.0,927.731
5760_dose_750_gradient_0_VconcST_0_Vconc_0.7_run_0.csv,5760.0,750.0,0,0.7,0.0,0.7,0,14.0,0.0,0.0,0.0,0.0,0.0,0.0,855.081
5760_dose_750_gradient_0_VconcST_0_Vconc_0.7_run_0.csv,5760.0,750.0,0,0.7,0.0,0.7,0,14.25,0.0,0.0,0.0,0.0,0.0,0.0,944.039
5760_dose_750_gradient_0_VconcST_0_Vconc_0.7_run_0.csv,5760.0,750.0,0,0.7,0.0,0.7,0,14.5,0.0,0.0,0.0,0.0,0.0,0.0,825.281
5760_dose_750_gradient_0_VconcST_0_Vconc_0.7_run_0.csv,5760.0,750.0,0,0.7,0.0,0.7,0,14.75,0.0,0.0,0.0,0.0,0.0,0.0,910.271
5760_dose_750_gradient_0_VconcST_0_Vconc_0.7_run_0.csv,5760.0,750.0,0,0.7,0.0,0.7,0,15.0,0.0,0.0,0.0,0.0,0.0,0.0,894.228
5760_dose_750_gradient_0_VconcST_0_Vconc_0.7_run_0.csv,5760.0,750.0,0,0.7,0.0,0.7,0,15.25,0.0,0.0,0.0,0.0,0.0,0.0,875.747
5760_dose_750_gradient_0_VconcST_0_Vconc_0.7_run_0.csv,5760.0,750.0,0,0.7,0.0,0.7,0,15.5,0.0,0.0,0.0,0.0,0.0,0.0,855.668
5760_dose_750_gradient_0_VconcST_0_Vconc_0.7_run_0.csv,5760.0,750.0,0,0.7,0.0,0.7,0,15.75,0.0,0.0,0.0,0.0,0.0,0.0,905.342
5760_dose_750_gradient_0_VconcST_0_Vconc_0.7_run_0.csv,5760.0,750.0,0,0.7,0.0,0.7,0,16.0,0.0,0.0,0.0,0.0,0.0,0.0,863.767
5760_dose_750_gradient_0_VconcST_0_Vconc_0.7_run_0.csv,5760.0,750.0,0,0.7,0.0,0.7,0,16.25,0.0,0.0,0.0,0.0,0.0,0.0,930.749
5760_dose_750_gradient_0_VconcST_0_Vconc_0.7_run_0.csv,5760.0,750.0,0,0.7,0.0,0.7,0,16.5,0.0,0.0,0.0,0.0,0.0,0.0,854.918
5760_dose_750_gradient_0_VconcST_0_Vconc_0.7_run_0.csv,5760.0,750.0,0,0.7,0.0,0.7,0,16.75,0.0,0.0,0.0,0.0,0.0,0.0,911.971
5760_dose_750_gradient_0_VconcST_0_Vconc_0.7_run_0.csv,5760.0,750.0,0,0.7,0.0,0.7,0,17.0,0.0,0.0,0.0,0.0,0.0,0.0,887.913
5760_dose_750_gradient_0_VconcST_0_Vconc_0.7_run_0.csv,5760.0,750.0,0,0.7,0.0,0.7,0,17.25,0.0,0.0,0.0,0.0,0.0,0.0,903.05
5760_dose_750_gradient_0_VconcST_0_Vconc_0.7_run_0.csv,5760.0,750.0,0,0.7,0.0,0.7,0,17.5,0.0,0.0,0.0,0.0,0.0,0.0,892.247
5760_dose_750_gradient_0_VconcST_0_Vconc_0.7_run_0.csv,5760.0,750.0,0,0.7,0.0,0.7,0,17.75,0.0,0.0,0.0,0.0,0.0,0.0,879.787
5760_dose_750_gradient_0_VconcST_0_Vconc_0.7_run_0.csv,5760.0,750.0,0,0.7,0.0,0.7,0,18.0,0.0,0.0,0.0,0.0,0.0,0.0,956.966
5760_dose_750_gradient_0_VconcST_0_Vconc_0.7_run_0.csv,5760.0,750.0,0,0.7,0.0,0.7,0,18.25,0.0,0.0,0.0,0.0,0.0,0.0,850.328
5760_dose_750_gradient_0_VconcST_0_Vconc_0.7_run_0.csv,5760.0,750.0,0,0.7,0.0,0.7,0,18.5,0.0,0.0,0.0,0.0,0.0,0.0,925.543
5760_dose_750_gradient_0_VconcST_0_Vconc_0.7_run_0.csv,5760.0,750.0,0,0.7,0.0,0.7,0,18.75,0.0,0.0,0.0,0.0,0.0,0.0,877.442
5760_dose_750_gradient_0_VconcST_0_Vconc_0.7_run_0.csv,5760.0,750.0,0,0.7,0.0,0.7,0,19.0,0.0,0.0,0.0,0.0,0.0,0.0,903.614
5760_dose_750_gradient_0_VconcST_0_Vconc_0.7_run_0.csv,5760.0,750.0,0,0.7,0.0,0.7,0,19.25,0.0,0.0,0.0,0.0,0.0,0.0,877.977
5760_dose_750_gradient_0_VconcST_0_Vconc_0.7_run_0.csv,5760.0,750.0,0,0.7,0.0,0.7,0,19.5,0.0,0.0,0.0,0.0,0.0,0.0,899.01
5760_dose_750_gradient_0_VconcST_0_Vconc_0.7_run_0.csv,5760.0,750.0,0,0.7,0.0,0.7,0,19.75,0.0,0.0,0.0,0.0,0.0,0.0,860.156
5760_dose_750_gradient_0_VconcST_0_Vconc_0.7_run_0.csv,5760.0,750.0,0,0.7,0.0,0.7,0,20.0,0.0,0.0,0.0,0.0,0.0,0.0,919.73
5760_dose_750_gradient_0_VconcST_0_Vconc_0.7_run_0.csv,5760.0,750.0,0,0.7,0.0,0.7,0,20.25,0.0,0.0,0.0,0.0,0.0,0.0,863.576
5760_dose_750_gradient_0_VconcST_0_Vconc_0.7_run_0.csv,5760.0,750.0,0,0.7,0.0,0.7,0,20.5,0.0,0.0,0.0,0.0,0.0,0.0,934.92
5760_dose_750_gradient_0_VconcST_0_Vconc_0.7_run_0.csv,5760.0,750.0,0,0.7,0.0,0.7,0,20.75,0.0,0.0,0.0,0.0,0.0,0.0,872.657
5760_dose_750_gradient_0_VconcST_0_Vconc_0.7_run_0.csv,5760.0,750.0,0,0.7,0.0,0.7,0,21.0,0.0,0.0,0.0,0.0,0.0,0.0,951.762
5760_dose_750_gradient_0_VconcST_0_Vconc_0.7_run_0.csv,5760.0,750.0,0,0.7,0.0,0.7,0,21.25,0.0,0.0,0.0,0.0,0.0,0.0,834.332
5760_dose_750_gradient_0_VconcST_0_Vconc_0.7_run_0.csv,5760.0,750.0,0,0.7,0.0,0.7,0,21.5,0.0,0.0,0.0,0.0,0.0,0.0,1022.65
5760_dose_750_gradient_0_VconcST_0_Vconc_0.7_run_0.csv,5760.0,750.0,0,0.7,0.0,0.7,0,21.75,0.0,0.0,0.0,0.0,0.0,0.0,840.075
5760_dose_750_gradient_0_VconcST_0_Vconc_0.7_run_0.csv,5760.0,750.0,0,0.7,0.0,0.7,0,22.0,0.0,0.0,0.0,0.0,0.0,0.0,1005.4
5760_dose_750_gradient_0_VconcST_0_Vconc_0.7_run_0.csv,5760.0,750.0,0,0.7,0.0,0.7,0,22.25,0.0,0.0,0.0,0.0,0.0,0.0,811.621
5760_dose_750_gradient_0_VconcST_0_Vconc_0.7_run_0.csv,5760.0,750.0,0,0.7,0.0,0.7,0,22.5,0.0,0.0,0.0,0.0,0.0,0.0,963.959
5760_dose_750_gradient_0_VconcST_0_Vconc_0.7_run_0.csv,5760.0,750.0,0,0.7,0.0,0.7,0,22.75,0.0,0.0,0.0,0.0,0.0,0.0,880.456
5760_dose_750_gradient_0_VconcST_0_Vconc_0.7_run_0.csv,5760.0,750.0,0,0.7,0.0,0.7,0,23.0,0.0,0.0,0.0,0.0,0.0,0.0,944.048
5760_dose_750_gradient_0_VconcST_0_Vconc_0.7_run_0.csv,5760.0,750.0,0,0.7,0.0,0.7,0,23.25,0.0,0.0,0.0,0.0,0.0,0.0,888.187
5760_dose_750_gradient_0_VconcST_0_Vconc_0.7_run_0.csv,5760.0,750.0,0,0.7,0.0,0.7,0,23.5,0.0,0.0,0.0,0.0,0.0,0.0,991.057
5760_dose_750_gradient_0_VconcST_0_Vconc_0.7_run_0.csv,5760.0,750.0,0,0.7,0.0,0.7,0,23.75,0.0,0.0,0.0,0.0,0.0,0.0,852.849
5760_dose_750_gradient_0_VconcST_0_Vconc_0.7_run_0.csv,5760.0,750.0,0,0.7,0.0,0.7,0,24.0,50.1654,750.0,0.0195379,50.1654,0.0,0.0,951.437
5760_dose_750_gradient_0_VconcST_0_Vconc_0.7_run_0.csv,5760.0,750.0,0,0.7,0.0,0.7,0,24.25,3028.16,737.214,1.17937,3028.16,0.0,0.999933,0.0759719
5760_dose_750_gradient_0_VconcST_0_Vconc_0.7_run_0.csv,5760.0,750.0,0,0.7,0.0,0.7,0,24.5,5944.09,724.645,2.31504,5944.09,0.0,0.999966,0.0488367
5760_dose_750_gradient_0_VconcST_0_Vconc_0.7_run_0.csv,5760.0,750.0,0,0.7,0.0,0.7,0,24.75,8799.05,712.291,3.42696,8799.05,0.0,0.999977,0.0298163
5760_dose_750_gradient_0_VconcST_0_Vconc_0.7_run_0.csv,5760.0,750.0,0,0.7,0.0,0.7,0,25.0,11594.1,700.147,4.51555,11594.1,0.0,0.999983,0.0216656
5760_dose_750_gradient_0_VconcST_0_Vconc_0.7_run_0.csv,5760.0,750.0,0,0.7,0.0,0.7,0,25.25,14330.4,688.211,5.58124,14330.4,0.0,0.999986,0.017057
5760_dose_750_gradient_0_VconcST_0_Vconc_0.7_run_0.csv,5760.0,750.0,0,0.7,0.0,0.7,0,25.5,17008.9,676.477,6.62443,17008.9,0.0,0.999988,0.0141168
5760_dose_750_gradient_0_VconcST_0_Vconc_0.7_run_0.csv,5760.0,750.0,0,0.7,0.0,0.7,0,25.75,19630.6,664.944,7.64551,19630.6,0.0,0.99999,0.0120206
5760_dose_750_gradient_0_VconcST_0_Vconc_0.7_run_0.csv,5760.0,750.0,0,0.7,0.0,0.7,0,26.0,22196.6,653.608,8.64489,22196.6,0.0,0.999991,0.0105016
5760_dose_750_gradient_0_VconcST_0_Vconc_0.7_run_0.csv,5760.0,750.0,0,0.7,0.0,0.7,0,26.25,24707.9,642.465,9.62295,24707.9,0.0,0.999992,0.00937838
5760_dose_750_gradient_0_VconcST_0_Vconc_0.7_run_0.csv,5760.0,750.0,0,0.7,0.0,0.7,0,26.5,27165.3,631.511,10.5801,27165.3,0.0,0.999993,0.00850967
5760_dose_750_gradient_0_VconcST_0_Vconc_0.7_run_0.csv,5760.0,750.0,0,0.7,0.0,0.7,0,26.75,29570.0,620.745,11.5166,29570.0,0.0,0.999993,0.00779968
5760_dose_750_gradient_0_VconcST_0_Vconc_0.7_run_0.csv,5760.0,750.0,0,0.7,0.0,0.7,0,27.0,31922.8,610.162,12.4329,31922.8,0.0,0.999994,0.00719746
5760_dose_750_gradient_0_VconcST_0_Vconc_0.7_run_0.csv,5760.0,750.0,0,0.7,0.0,0.7,0,27.25,34224.7,599.759,13.3295,34224.7,0.0,0.999994,0.00667546
5760_dose_750_gradient_0_VconcST_0_Vconc_0.7_run_0.csv,5760.0,750.0,0,0.7,0.0,0.7,0,27.5,36476.5,589.534,14.2065,36476.5,0.0,0.999995,0.00620088
5760_dose_750_gradient_0_VconcST_0_Vconc_0.7_run_0.csv,5760.0,750.0,0,0.7,0.0,0.7,0,27.75,38679.2,579.483,15.0643,38679.2,0.0,0.999995,0.00587106
5760_dose_750_gradient_0_VconcST_0_Vconc_0.7_run_0.csv,5760.0,750.0,0,0.7,0.0,0.7,0,28.0,40833.6,569.604,15.9034,40833.6,0.0,0.999995,0.00554121
5760_dose_750_gradient_0_VconcST_0_Vconc_0.7_run_0.csv,5760.0,750.0,0,0.7,0.0,0.7,0,28.25,42940.6,559.893,16.724,42940.6,0.0,0.999995,0.00530738
5760_dose_750_gradient_0_VconcST_0_Vconc_0.7_run_0.csv,5760.0,750.0,0,0.7,0.0,0.7,0,28.5,45001.1,550.347,17.5265,45001.1,0.0,0.999996,0.00501346
5760_dose_750_gradient_0_VconcST_0_Vconc_0.7_run_0.csv,5760.0,750.0,0,0.7,0.0,0.7,0,28.75,47015.8,540.964,18.3112,47015.8,0.0,0.999996,0.00482233
5760_dose_750_gradient_0_VconcST_0_Vconc_0.7_run_0.csv,5760.0,750.0,0,0.7,0.0,0.7,0,29.0,48985.7,531.742,19.0784,48985.7,0.0,0.999996,0.00462043
5760_dose_750_gradient_0_VconcST_0_Vconc_0.7_run_0.csv,5760.0,750.0,0,0.7,0.0,0.7,0,29.25,50911.4,522.676,19.8284,50911.4,0.0,0.999996,0.00442238
5760_dose_750_gradient_0_VconcST_0_Vconc_0.7_run_0.csv,5760.0,750.0,0,0.7,0.0,0.7,0,29.5,52793.9,513.765,20.5616,52793.9,0.0,0.999996,0.00422826
5760_dose_750_gradient_0_VconcST_0_Vconc_0.7_run_0.csv,5760.0,750.0,0,0.7,0.0,0.7,0,29.75,54633.8,505.006,21.2782,54633.8,0.0,0.999996,0.00410245
5760_dose_750_gradient_0_VconcST_0_Vconc_0.7_run_0.csv,5760.0,750.0,0,0.7,0.0,0.7,0,30.0,56432.0,496.396,21.9785,56432.0,0.0,0.999996,0.00395801
5760_dose_750_gradient_0_VconcST_0_Vconc_0.7_run_0.csv,5760.0,750.0,0,0.7,0.0,0.7,0,30.25,58189.1,487.933,22.6629,58189.1,0.0,0.999997,0.00383263
5760_dose_750_gradient_0_VconcST_0_Vconc_0.7_run_0.csv,5760.0,750.0,0,0.7,0.0,0.7,0,30.5,59906.0,479.615,23.3315,59906.0,0.0,0.999997,0.0037601
5760_dose_750_gradient_0_VconcST_0_Vconc_0.7_run_0.csv,5760.0,750.0,0,0.7,0.0,0.7,0,30.75,61583.3,471.438,23.9848,61583.3,0.0,0.999997,0.00362817
5760_dose_750_gradient_0_VconcST_0_Vconc_0.7_run_0.csv,5760.0,750.0,0,0.7,0.0,0.7,0,31.0,63221.9,463.4,24.623,63221.9,0.0,0.999997,0.00356784
5760_dose_750_gradient_0_VconcST_0_Vconc_0.7_run_0.csv,5760.0,750.0,0,0.7,0.0,0.7,0,31.25,64822.3,455.5,25.2463,64822.3,0.0,0.999997,0.00343197
5760_dose_750_gradient_0_VconcST_0_Vconc_0.7_run_0.csv,5760.0,750.0,0,0.7,0.0,0.7,0,31.5,66385.2,447.734,25.855,66385.2,0.0,0.999997,0.0034351
5760_dose_750_gradient_0_VconcST_0_Vconc_0.7_run_0.csv,5760.0,750.0,0,0.7,0.0,0.7,0,31.75,67911.4,440.101,26.4494,67911.4,0.0,0.999997,0.00336949
5760_dose_750_gradient_0_VconcST_0_Vconc_0.7_run_0.csv,5760.0,750.0,0,0.7,0.0,0.7,0,32.0,69401.5,432.598,27.0297,69401.5,0.0,0.999997,0.0033119
5760_dose_750_gradient_0_VconcST_0_Vconc_0.7_run_0.csv,5760.0,750.0,0,0.7,0.0,0.7,0,32.25,70856.1,425.222,27.5963,70856.1,0.0,0.999997,0.00323601
5760_dose_750_gradient_0_VconcST_0_Vconc_0.7_run_0.csv,5760.0,750.0,0,0.7,0.0,0.7,0,32.5,72276.0,417.973,28.1492,72276.0,0.0,0.999997,0.00317163
5760_dose_750_gradient_0_VconcST_0_Vconc_0.7_run_0.csv,5760.0,750.0,0,0.7,0.0,0.7,0,32.75,73661.6,410.847,28.6889,73661.6,0.0,0.999997,0.00310045
5760_dose_750_gradient_0_VconcST_0_Vconc_0.7_run_0.csv,5760.0,750.0,0,0.7,0.0,0.7,0,33.0,75013.7,403.842,29.2155,75013.7,0.0,0.999997,0.00304129
5760_dose_750_gradient_0_VconcST_0_Vconc_0.7_run_0.csv,5760.0,750.0,0,0.7,0.0,0.7,0,33.25,76332.9,396.957,29.7293,76332.9,0.0,0.999997,0.00297216
5760_dose_750_gradient_0_VconcST_0_Vconc_0.7_run_0.csv,5760.0,750.0,0,0.7,0.0,0.7,0,33.5,77619.8,390.19,30.2305,77619.8,0.0,0.999997,0.00290611
5760_dose_750_gradient_0_VconcST_0_Vconc_0.7_run_0.csv,5760.0,750.0,0,0.7,0.0,0.7,0,33.75,78874.8,383.537,30.7193,78874.8,0.0,0.999997,0.00290254
5760_dose_750_gradient_0_VconcST_0_Vconc_0.7_run_0.csv,5760.0,750.0,0,0.7,0.0,0.7,0,34.0,80098.7,376.999,31.196,80098.7,0.0,0.999997,0.00283655
5760_dose_750_gradient_0_VconcST_0_Vconc_0.7_run_0.csv,5760.0,750.0,0,0.7,0.0,0.7,0,34.25,81292.0,370.571,31.6607,81292.0,0.0,0.999997,0.0027706
5760_dose_750_gradient_0_VconcST_0_Vconc_0.7_run_0.csv,5760.0,750.0,0,0.7,0.0,0.7,0,34.5,82455.3,364.253,32.1138,82455.3,0.0,0.999998,0.0027706
5760_dose_750_gradient_0_VconcST_0_Vconc_0.7_run_0.csv,5760.0,750.0,0,0.7,0.0,0.7,0,34.75,83589.0,358.043,32.5553,83589.0,0.0,0.999998,0.00270796
5760_dose_750_gradient_0_VconcST_0_Vconc_0.7_run_0.csv,5760.0,750.0,0,0.7,0.0,0.7,0,35.0,84693.8,351.938,32.9856,84693.8,0.0,0.999998,0.00264025
5760_dose_750_gradient_0_VconcST_0_Vconc_0.7_run_0.csv,5760.0,750.0,0,0.7,0.0,0.7,0,35.25,85770.2,345.938,33.4048,85770.2,0.0,0.999998,0.00264238
5760_dose_750_gradient_0_VconcST_0_Vconc_0.7_run_0.csv,5760.0,750.0,0,0.7,0.0,0.7,0,35.5,86818.6,340.04,33.8132,86818.6,0.0,0.999998,0.00258338
5760_dose_750_gradient_0_VconcST_0_Vconc_0.7_run_0.csv,5760.0,750.0,0,0.7,0.0,0.7,0,35.75,87839.7,334.243,34.2108,87839.7,0.0,0.999998,0.00258266
5760_dose_750_gradient_0_VconcST_0_Vconc_0.7_run_0.csv,5760.0,750.0,0,0.7,0.0,0.7,0,36.0,88833.9,328.545,34.598,88833.9,0.0,0.999998,0.00257271
5760_dose_750_gradient_0_VconcST_0_Vconc_0.7_run_0.csv,5760.0,750.0,0,0.7,0.0,0.7,0,36.25,89801.6,322.943,34.975,89801.6,0.0,0.999998,0.00251052
5760_dose_750_gradient_0_VconcST_0_Vconc_0.7_run_0.csv,5760.0,750.0,0,0.7,0.0,0.7,0,36.5,90743.5,317.438,35.3418,90743.5,0.0,0.999998,0.00250673
5760_dose_750_gradient_0_VconcST_0_Vconc_0.7_run_0.csv,5760.0,750.0,0,0.7,0.0,0.7,0,36.75,91660.0,312.026,35.6987,91660.0,0.0,0.999998,0.00244601
5760_dose_750_gradient_0_VconcST_0_Vconc_0.7_run_0.csv,5760.0,750.0,0,0.7,0.0,0.7,0,37.0,92551.4,306.706,36.0459,92551.4,0.0,0.999998,0.00244644
5760_dose_750_gradient_0_VconcST_0_Vconc_0.7_run_0.csv,5760.0,750.0,0,0.7,0.0,0.7,0,37.25,93418.4,301.477,36.3836,93418.4,0.0,0.999998,0.00244198
5760_dose_750_gradient_0_VconcST_0_Vconc_0.7_run_0.csv,5760.0,750.0,0,0.7,0.0,0.7,0,37.5,94261.3,296.337,36.7118,94261.3,0.0,0.999998,0.00238364
5760_dose_750_gradient_0_VconcST_0_Vconc_0.7_run_0.csv,5760.0,750.0,0,0.7,0.0,0.7,0,37.75,95080.6,291.285,37.0309,95080.6,0.0,0.999998,0.00237772
5760_dose_750_gradient_0_VconcST_0_Vconc_0.7_run_0.csv,5760.0,750.0,0,0.7,0.0,0.7,0,38.0,95876.7,286.319,37.341,95876.7,0.0,0.999998,0.0023748
5760_dose_750_gradient_0_VconcST_0_Vconc_0.7_run_0.csv,5760.0,750.0,0,0.7,0.0,0.7,0,38.25,96650.1,281.438,37.6422,96650.1,0.0,0.999998,0.00231022
5760_dose_750_gradient_0_VconcST_0_Vconc_0.7_run_0.csv,5760.0,750.0,0,0.7,0.0,0.7,0,38.5,97401.2,276.639,37.9347,97401.2,0.0,0.999998,0.00231119
5760_dose_750_gradient_0_VconcST_0_Vconc_0.7_run_0.csv,5760.0,750.0,0,0.7,0.0,0.7,0,38.75,98130.4,271.923,38.2187,98130.4,0.0,0.999998,0.00231046
5760_dose_750_gradient_0_VconcST_0_Vconc_0.7_run_0.csv,5760.0,750.0,0,0.7,0.0,0.7,0,39.0,98838.0,267.287,38.4943,98838.0,0.0,0.999998,0.00231184
5760_dose_750_gradient_0_VconcST_0_Vconc_0.7_run_0.csv,5760.0,750.0,0,0.7,0.0,0.7,0,39.25,99524.6,262.73,38.7618,99524.6,0.0,0.999998,0.00224287
5760_dose_750_gradient_0_VconcST_0_Vconc_0.7_run_0.csv,5760.0,750.0,0,0.7,0.0,0.7,0,39.5,100191.0,258.251,39.0211,100191.0,0.0,0.999998,0.0022476
5760_dose_750_gradient_0_VconcST_0_Vconc_0.7_run_0.csv,5760.0,750.0,0,0.7,0.0,0.7,0,39.75,100836.0,253.848,39.2725,100836.0,0.0,0.999998,0.00224791
5760_dose_750_gradient_0_VconcST_0_Vconc_0.7_run_0.csv,5760.0,750.0,0,0.7,0.0,0.7,0,40.0,101462.0,249.52,39.5162,101462.0,0.0,0.999998,0.00224949
5760_dose_750_gradient_0_VconcST_0_Vconc_0.7_run_0.csv,5760.0,750.0,0,0.7,0.0,0.7,0,40.25,102068.0,245.266,39.7523,102068.0,0.0,0.999998,0.00217973
5760_dose_750_gradient_0_VconcST_0_Vconc_0.7_run_0.csv,5760.0,750.0,0,0.7,0.0,0.7,0,40.5,102655.0,241.085,39.9809,102655.0,0.0,0.999998,0.00217843
5760_dose_750_gradient_0_VconcST_0_Vconc_0.7_run_0.csv,5760.0,750.0,0,0.7,0.0,0.7,0,40.75,103223.0,236.975,40.2021,103223.0,0.0,0.999998,0.00218286
5760_dose_750_gradient_0_VconcST_0_Vconc_0.7_run_0.csv,5760.0,750.0,0,0.7,0.0,0.7,0,41.0,103772.0,232.934,40.4162,103772.0,0.0,0.999998,0.00218531
5760_dose_750_gradient_0_VconcST_0_Vconc_0.7_run_0.csv,5760.0,750.0,0,0.7,0.0,0.7,0,41.25,104304.0,228.963,40.6232,104304.0,0.0,0.999998,0.00217797
5760_dose_750_gradient_0_VconcST_0_Vconc_0.7_run_0.csv,5760.0,750.0,0,0.7,0.0,0.7,0,41.5,104818.0,225.06,40.8232,104818.0,0.0,0.999998,0.0021769
5760_dose_750_gradient_0_VconcST_0_Vconc_0.7_run_2.csv,5760.0,750.0,0,0.7,0.0,0.7,2,0.0,0.0,0.0,0.0,0.0,0.0,0.0,0.0
5760_dose_750_gradient_0_VconcST_0_Vconc_0.7_run_2.csv,5760.0,750.0,0,0.7,0.0,0.7,2,0.25,0.0,0.0,0.0,0.0,0.0,0.0,1679.73
5760_dose_750_gradient_0_VconcST_0_Vconc_0.7_run_2.csv,5760.0,750.0,0,0.7,0.0,0.7,2,0.5,0.0,0.0,0.0,0.0,0.0,0.0,258.099
5760_dose_750_gradient_0_VconcST_0_Vconc_0.7_run_2.csv,5760.0,750.0,0,0.7,0.0,0.7,2,0.75,0.0,0.0,0.0,0.0,0.0,0.0,1470.04
5760_dose_750_gradient_0_VconcST_0_Vconc_0.7_run_2.csv,5760.0,750.0,0,0.7,0.0,0.7,2,1.0,0.0,0.0,0.0,0.0,0.0,0.0,427.939
5760_dose_750_gradient_0_VconcST_0_Vconc_0.7_run_2.csv,5760.0,750.0,0,0.7,0.0,0.7,2,1.25,0.0,0.0,0.0,0.0,0.0,0.0,1271.1
5760_dose_750_gradient_0_VconcST_0_Vconc_0.7_run_2.csv,5760.0,750.0,0,0.7,0.0,0.7,2,1.5,0.0,0.0,0.0,0.0,0.0,0.0,617.34
5760_dose_750_gradient_0_VconcST_0_Vconc_0.7_run_2.csv,5760.0,750.0,0,0.7,0.0,0.7,2,1.75,0.0,0.0,0.0,0.0,0.0,0.0,1076.3
5760_dose_750_gradient_0_VconcST_0_Vconc_0.7_run_2.csv,5760.0,750.0,0,0.7,0.0,0.7,2,2.0,0.0,0.0,0.0,0.0,0.0,0.0,719.263
5760_dose_750_gradient_0_VconcST_0_Vconc_0.7_run_2.csv,5760.0,750.0,0,0.7,0.0,0.7,2,2.25,0.0,0.0,0.0,0.0,0.0,0.0,1003.93
5760_dose_750_gradient_0_VconcST_0_Vconc_0.7_run_2.csv,5760.0,750.0,0,0.7,0.0,0.7,2,2.5,0.0,0.0,0.0,0.0,0.0,0.0,839.338
5760_dose_750_gradient_0_VconcST_0_Vconc_0.7_run_2.csv,5760.0,750.0,0,0.7,0.0,0.7,2,2.75,0.0,0.0,0.0,0.0,0.0,0.0,916.908
5760_dose_750_gradient_0_VconcST_0_Vconc_0.7_run_2.csv,5760.0,750.0,0,0.7,0.0,0.7,2,3.0,0.0,0.0,0.0,0.0,0.0,0.0,899.983
5760_dose_750_gradient_0_VconcST_0_Vconc_0.7_run_2.csv,5760.0,750.0,0,0.7,0.0,0.7,2,3.25,0.0,0.0,0.0,0.0,0.0,0.0,884.84
5760_dose_750_gradient_0_VconcST_0_Vconc_0.7_run_2.csv,5760.0,750.0,0,0.7,0.0,0.7,2,3.5,0.0,0.0,0.0,0.0,0.0,0.0,915.098
5760_dose_750_gradient_0_VconcST_0_Vconc_0.7_run_2.csv,5760.0,750.0,0,0.7,0.0,0.7,2,3.75,0.0,0.0,0.0,0.0,0.0,0.0,861.155
5760_dose_750_gradient_0_VconcST_0_Vconc_0.7_run_2.csv,5760.0,750.0,0,0.7,0.0,0.7,2,4.0,0.0,0.0,0.0,0.0,0.0,0.0,954.851
5760_dose_750_gradient_0_VconcST_0_Vconc_0.7_run_2.csv,5760.0,750.0,0,0.7,0.0,0.7,2,4.25,0.0,0.0,0.0,0.0,0.0,0.0,831.432
5760_dose_750_gradient_0_VconcST_0_Vconc_0.7_run_2.csv,5760.0,750.0,0,0.7,0.0,0.7,2,4.5,0.0,0.0,0.0,0.0,0.0,0.0,926.592
5760_dose_750_gradient_0_VconcST_0_Vconc_0.7_run_2.csv,5760.0,750.0,0,0.7,0.0,0.7,2,4.75,0.0,0.0,0.0,0.0,0.0,0.0,847.214
5760_dose_750_gradient_0_VconcST_0_Vconc_0.7_run_2.csv,5760.0,750.0,0,0.7,0.0,0.7,2,5.0,0.0,0.0,0.0,0.0,0.0,0.0,958.216
5760_dose_750_gradient_0_VconcST_0_Vconc_0.7_run_2.csv,5760.0,750.0,0,0.7,0.0,0.7,2,5.25,0.0,0.0,0.0,0.0,0.0,0.0,815.317
5760_dose_750_gradient_0_VconcST_0_Vconc_0.7_run_2.csv,5760.0,750.0,0,0.7,0.0,0.7,2,5.5,0.0,0.0,0.0,0.0,0.0,0.0,930.272
5760_dose_750_gradient_0_VconcST_0_Vconc_0.7_run_2.csv,5760.0,750.0,0,0.7,0.0,0.7,2,5.75,0.0,0.0,0.0,0.0,0.0,0.0,855.88
5760_dose_750_gradient_0_VconcST_0_Vconc_0.7_run_2.csv,5760.0,750.0,0,0.7,0.0,0.7,2,6.0,0.0,0.0,0.0,0.0,0.0,0.0,931.013
5760_dose_750_gradient_0_VconcST_0_Vconc_0.7_run_2.csv,5760.0,750.0,0,0.7,0.0,0.7,2,6.25,0.0,0.0,0.0,0.0,0.0,0.0,873.495
5760_dose_750_gradient_0_VconcST_0_Vconc_0.7_run_2.csv,5760.0,750.0,0,0.7,0.0,0.7,2,6.5,0.0,0.0,0.0,0.0,0.0,0.0,882.212
5760_dose_750_gradient_0_VconcST_0_Vconc_0.7_run_2.csv,5760.0,750.0,0,0.7,0.0,0.7,2,6.75,0.0,0.0,0.0,0.0,0.0,0.0,876.988
5760_dose_750_gradient_0_VconcST_0_Vconc_0.7_run_2.csv,5760.0,750.0,0,0.7,0.0,0.7,2,7.0,0.0,0.0,0.0,0.0,0.0,0.0,920.18
5760_dose_750_gradient_0_VconcST_0_Vconc_0.7_run_2.csv,5760.0,750.0,0,0.7,0.0,0.7,2,7.25,0.0,0.0,0.0,0.0,0.0,0.0,864.935
5760_dose_750_gradient_0_VconcST_0_Vconc_0.7_run_2.csv,5760.0,750.0,0,0.7,0.0,0.7,2,7.5,0.0,0.0,0.0,0.0,0.0,0.0,914.388
5760_dose_750_gradient_0_VconcST_0_Vconc_0.7_run_2.csv,5760.0,750.0,0,0.7,0.0,0.7,2,7.75,0.0,0.0,0.0,0.0,0.0,0.0,878.751
5760_dose_750_gradient_0_VconcST_0_Vconc_0.7_run_2.csv,5760.0,750.0,0,0.7,0.0,0.7,2,8.0,0.0,0.0,0.0,0.0,0.0,0.0,920.877
5760_dose_750_gradient_0_VconcST_0_Vconc_0.7_run_2.csv,5760.0,750.0,0,0.7,0.0,0.7,2,8.25,0.0,0.0,0.0,0.0,0.0,0.0,850.988
5760_dose_750_gradient_0_VconcST_0_Vconc_0.7_run_2.csv,5760.0,750.0,0,0.7,0.0,0.7,2,8.5,0.0,0.0,0.0,0.0,0.0,0.0,932.001
5760_dose_750_gradient_0_VconcST_0_Vconc_0.7_run_2.csv,5760.0,750.0,0,0.7,0.0,0.7,2,8.75,0.0,0.0,0.0,0.0,0.0,0.0,878.853
5760_dose_750_gradient_0_VconcST_0_Vconc_0.7_run_2.csv,5760.0,750.0,0,0.7,0.0,0.7,2,9.0,0.0,0.0,0.0,0.0,0.0,0.0,910.795
5760_dose_750_gradient_0_VconcST_0_Vconc_0.7_run_2.csv,5760.0,750.0,0,0.7,0.0,0.7,2,9.25,0.0,0.0,0.0,0.0,0.0,0.0,913.953
5760_dose_750_gradient_0_VconcST_0_Vconc_0.7_run_2.csv,5760.0,750.0,0,0.7,0.0,0.7,2,9.5,0.0,0.0,0.0,0.0,0.0,0.0,874.428
5760_dose_750_gradient_0_VconcST_0_Vconc_0.7_run_2.csv,5760.0,750.0,0,0.7,0.0,0.7,2,9.75,0.0,0.0,0.0,0.0,0.0,0.0,912.657
5760_dose_750_gradient_0_VconcST_0_Vconc_0.7_run_2.csv,5760.0,750.0,0,0.7,0.0,0.7,2,10.0,0.0,0.0,0.0,0.0,0.0,0.0,881.354
5760_dose_750_gradient_0_VconcST_0_Vconc_0.7_run_2.csv,5760.0,750.0,0,0.7,0.0,0.7,2,10.25,0.0,0.0,0.0,0.0,0.0,0.0,932.225
5760_dose_750_gradient_0_VconcST_0_Vconc_0.7_run_2.csv,5760.0,750.0,0,0.7,0.0,0.7,2,10.5,0.0,0.0,0.0,0.0,0.0,0.0,912.912
5760_dose_750_gradient_0_VconcST_0_Vconc_0.7_run_2.csv,5760.0,750.0,0,0.7,0.0,0.7,2,10.75,0.0,0.0,0.0,0.0,0.0,0.0,959.316
5760_dose_750_gradient_0_VconcST_0_Vconc_0.7_run_2.csv,5760.0,750.0,0,0.7,0.0,0.7,2,11.0,0.0,0.0,0.0,0.0,0.0,0.0,923.524
5760_dose_750_gradient_0_VconcST_0_Vconc_0.7_run_2.csv,5760.0,750.0,0,0.7,0.0,0.7,2,11.25,0.0,0.0,0.0,0.0,0.0,0.0,975.116
5760_dose_750_gradient_0_VconcST_0_Vconc_0.7_run_2.csv,5760.0,750.0,0,0.7,0.0,0.7,2,11.5,0.0,0.0,0.0,0.0,0.0,0.0,828.252
5760_dose_750_gradient_0_VconcST_0_Vconc_0.7_run_2.csv,5760.0,750.0,0,0.7,0.0,0.7,2,11.75,0.0,0.0,0.0,0.0,0.0,0.0,992.626
5760_dose_750_gradient_0_VconcST_0_Vconc_0.7_run_2.csv,5760.0,750.0,0,0.7,0.0,0.7,2,12.0,0.0,0.0,0.0,0.0,0.0,0.0,885.863
5760_dose_750_gradient_0_VconcST_0_Vconc_0.7_run_2.csv,5760.0,750.0,0,0.7,0.0,0.7,2,12.25,0.0,0.0,0.0,0.0,0.0,0.0,953.279
5760_dose_750_gradient_0_VconcST_0_Vconc_0.7_run_2.csv,5760.0,750.0,0,0.7,0.0,0.7,2,12.5,0.0,0.0,0.0,0.0,0.0,0.0,872.656
5760_dose_750_gradient_0_VconcST_0_Vconc_0.7_run_2.csv,5760.0,750.0,0,0.7,0.0,0.7,2,12.75,0.0,0.0,0.0,0.0,0.0,0.0,966.748
5760_dose_750_gradient_0_VconcST_0_Vconc_0.7_run_2.csv,5760.0,750.0,0,0.7,0.0,0.7,2,13.0,0.0,0.0,0.0,0.0,0.0,0.0,888.755
5760_dose_750_gradient_0_VconcST_0_Vconc_0.7_run_2.csv,5760.0,750.0,0,0.7,0.0,0.7,2,13.25,0.0,0.0,0.0,0.0,0.0,0.0,893.793
5760_dose_750_gradient_0_VconcST_0_Vconc_0.7_run_2.csv,5760.0,750.0,0,0.7,0.0,0.7,2,13.5,0.0,0.0,0.0,0.0,0.0,0.0,937.683
5760_dose_750_gradient_0_VconcST_0_Vconc_0.7_run_2.csv,5760.0,750.0,0,0.7,0.0,0.7,2,13.75,0.0,0.0,0.0,0.0,0.0,0.0,923.049
5760_dose_750_gradient_0_VconcST_0_Vconc_0.7_run_2.csv,5760.0,750.0,0,0.7,0.0,0.7,2,14.0,0.0,0.0,0.0,0.0,0.0,0.0,926.225
5760_dose_750_gradient_0_VconcST_0_Vconc_0.7_run_2.csv,5760.0,750.0,0,0.7,0.0,0.7,2,14.25,0.0,0.0,0.0,0.0,0.0,0.0,943.481
5760_dose_750_gradient_0_VconcST_0_Vconc_0.7_run_2.csv,5760.0,750.0,0,0.7,0.0,0.7,2,14.5,0.0,0.0,0.0,0.0,0.0,0.0,911.719
5760_dose_750_gradient_0_VconcST_0_Vconc_0.7_run_2.csv,5760.0,750.0,0,0.7,0.0,0.7,2,14.75,0.0,0.0,0.0,0.0,0.0,0.0,947.614
5760_dose_750_gradient_0_VconcST_0_Vconc_0.7_run_2.csv,5760.0,750.0,0,0.7,0.0,0.7,2,15.0,0.0,0.0,0.0,0.0,0.0,0.0,999.848
5760_dose_750_gradient_0_VconcST_0_Vconc_0.7_run_2.csv,5760.0,750.0,0,0.7,0.0,0.7,2,15.25,0.0,0.0,0.0,0.0,0.0,0.0,844.236
5760_dose_750_gradient_0_VconcST_0_Vconc_0.7_run_2.csv,5760.0,750.0,0,0.7,0.0,0.7,2,15.5,0.0,0.0,0.0,0.0,0.0,0.0,1003.59
5760_dose_750_gradient_0_VconcST_0_Vconc_0.7_run_2.csv,5760.0,750.0,0,0.7,0.0,0.7,2,15.75,0.0,0.0,0.0,0.0,0.0,0.0,913.725
5760_dose_750_gradient_0_VconcST_0_Vconc_0.7_run_2.csv,5760.0,750.0,0,0.7,0.0,0.7,2,16.0,0.0,0.0,0.0,0.0,0.0,0.0,949.182
5760_dose_750_gradient_0_VconcST_0_Vconc_0.7_run_2.csv,5760.0,750.0,0,0.7,0.0,0.7,2,16.25,0.0,0.0,0.0,0.0,0.0,0.0,928.12
5760_dose_750_gradient_0_VconcST_0_Vconc_0.7_run_2.csv,5760.0,750.0,0,0.7,0.0,0.7,2,16.5,0.0,0.0,0.0,0.0,0.0,0.0,932.331
5760_dose_750_gradient_0_VconcST_0_Vconc_0.7_run_2.csv,5760.0,750.0,0,0.7,0.0,0.7,2,16.75,0.0,0.0,0.0,0.0,0.0,0.0,979.359
5760_dose_750_gradient_0_VconcST_0_Vconc_0.7_run_2.csv,5760.0,750.0,0,0.7,0.0,0.7,2,17.0,0.0,0.0,0.0,0.0,0.0,0.0,956.046
5760_dose_750_gradient_0_VconcST_0_Vconc_0.7_run_2.csv,5760.0,750.0,0,0.7,0.0,0.7,2,17.25,0.0,0.0,0.0,0.0,0.0,0.0,1057.49
5760_dose_750_gradient_0_VconcST_0_Vconc_0.7_run_2.csv,5760.0,750.0,0,0.7,0.0,0.7,2,17.5,0.0,0.0,0.0,0.0,0.0,0.0,876.951
5760_dose_750_gradient_0_VconcST_0_Vconc_0.7_run_2.csv,5760.0,750.0,0,0.7,0.0,0.7,2,17.75,0.0,0.0,0.0,0.0,0.0,0.0,994.545
5760_dose_750_gradient_0_VconcST_0_Vconc_0.7_run_2.csv,5760.0,750.0,0,0.7,0.0,0.7,2,18.0,0.0,0.0,0.0,0.0,0.0,0.0,934.216
5760_dose_750_gradient_0_VconcST_0_Vconc_0.7_run_2.csv,5760.0,750.0,0,0.7,0.0,0.7,2,18.25,0.0,0.0,0.0,0.0,0.0,0.0,1082.54
5760_dose_750_gradient_0_VconcST_0_Vconc_0.7_run_2.csv,5760.0,750.0,0,0.7,0.0,0.7,2,18.5,0.0,0.0,0.0,0.0,0.0,0.0,858.114
5760_dose_750_gradient_0_VconcST_0_Vconc_0.7_run_2.csv,5760.0,750.0,0,0.7,0.0,0.7,2,18.75,0.0,0.0,0.0,0.0,0.0,0.0,1163.15
5760_dose_750_gradient_0_VconcST_0_Vconc_0.7_run_2.csv,5760.0,750.0,0,0.7,0.0,0.7,2,19.0,0.0,0.0,0.0,0.0,0.0,0.0,940.726
5760_dose_750_gradient_0_VconcST_0_Vconc_0.7_run_2.csv,5760.0,750.0,0,0.7,0.0,0.7,2,19.25,0.0,0.0,0.0,0.0,0.0,0.0,1154.92
5760_dose_750_gradient_0_VconcST_0_Vconc_0.7_run_2.csv,5760.0,750.0,0,0.7,0.0,0.7,2,19.5,0.0,0.0,0.0,0.0,0.0,0.0,1010.06
5760_dose_750_gradient_0_VconcST_0_Vconc_0.7_run_2.csv,5760.0,750.0,0,0.7,0.0,0.7,2,19.75,0.0,0.0,0.0,0.0,0.0479167,0.0,1131.64
5760_dose_750_gradient_0_VconcST_0_Vconc_0.7_run_2.csv,5760.0,750.0,0,0.7,0.0,0.7,2,20.0,0.0,0.0,0.0,0.0,0.110417,0.0,1249.35
5760_dose_750_gradient_0_VconcST_0_Vconc_0.7_run_2.csv,5760.0,750.0,0,0.7,0.0,0.7,2,20.25,0.0,0.0,0.0,0.0,0.208333,0.0,1320.47
5760_dose_750_gradient_0_VconcST_0_Vconc_0.7_run_2.csv,5760.0,750.0,0,0.7,0.0,0.7,2,20.5,0.0,0.0,0.0,0.0,0.330208,0.0,1338.14
5760_dose_750_gradient_0_VconcST_0_Vconc_0.7_run_2.csv,5760.0,750.0,0,0.7,0.0,0.7,2,20.75,0.0,0.0,0.0,0.0,0.448958,0.0,1335.0
5760_dose_750_gradient_0_VconcST_0_Vconc_0.7_run_2.csv,5760.0,750.0,0,0.7,0.0,0.7,2,21.0,0.0,0.0,0.0,0.0,0.566667,0.0,1358.58
5760_dose_750_gradient_0_VconcST_0_Vconc_0.7_run_2.csv,5760.0,750.0,0,0.7,0.0,0.7,2,21.25,0.0,0.0,0.0,0.0,0.0,0.0,1203.36
5760_dose_750_gradient_0_VconcST_0_Vconc_0.7_run_2.csv,5760.0,750.0,0,0.7,0.0,0.7,2,21.5,0.0,0.0,0.0,0.0,0.0,0.0,1190.24
5760_dose_750_gradient_0_VconcST_0_Vconc_0.7_run_2.csv,5760.0,750.0,0,0.7,0.0,0.7,2,21.75,0.0,0.0,0.0,0.0,0.707292,0.0,1222.92
5760_dose_750_gradient_0_VconcST_0_Vconc_0.7_run_2.csv,5760.0,750.0,0,0.7,0.0,0.7,2,22.0,0.0,0.0,0.0,0.0,0.729167,0.0,1207.29
5760_dose_750_gradient_0_VconcST_0_Vconc_0.7_run_2.csv,5760.0,750.0,0,0.7,0.0,0.7,2,22.25,0.0,0.0,0.0,0.0,0.75625,0.0,1313.26
5760_dose_750_gradient_0_VconcST_0_Vconc_0.7_run_2.csv,5760.0,750.0,0,0.7,0.0,0.7,2,22.5,0.0,0.0,0.0,0.0,0.698958,0.0,1292.59
5760_dose_750_gradient_0_VconcST_0_Vconc_0.7_run_2.csv,5760.0,750.0,0,0.7,0.0,0.7,2,22.75,0.0,0.0,0.0,0.0,0.678125,0.0,1332.32
5760_dose_750_gradient_0_VconcST_0_Vconc_0.7_run_2.csv,5760.0,750.0,0,0.7,0.0,0.7,2,23.0,0.0,0.0,0.0,0.0,0.645833,0.0,1373.24
5760_dose_750_gradient_0_VconcST_0_Vconc_0.7_run_2.csv,5760.0,750.0,0,0.7,0.0,0.7,2,23.25,0.0,0.0,0.0,0.0,0.663542,0.0,1284.58
5760_dose_750_gradient_0_VconcST_0_Vconc_0.7_run_2.csv,5760.0,750.0,0,0.7,0.0,0.7,2,23.5,0.0,0.0,0.0,0.0,0.715625,0.0,1246.86
5760_dose_750_gradient_0_VconcST_0_Vconc_0.7_run_2.csv,5760.0,750.0,0,0.7,0.0,0.7,2,23.75,0.0,0.0,0.0,0.0,0.745833,0.0,1293.99
5760_dose_750_gradient_0_VconcST_0_Vconc_0.7_run_2.csv,5760.0,750.0,0,0.7,0.0,0.7,2,24.0,50.1654,750.0,0.0195379,50.1654,0.786458,0.0,1216.13
5760_dose_750_gradient_0_VconcST_0_Vconc_0.7_run_2.csv,5760.0,750.0,0,0.7,0.0,0.7,2,24.25,3028.16,737.214,1.17937,3028.16,0.0,0.999933,0.0705414
5760_dose_750_gradient_0_VconcST_0_Vconc_0.7_run_2.csv,5760.0,750.0,0,0.7,0.0,0.7,2,24.5,5944.09,724.645,2.31504,5944.09,0.0,0.999966,0.0488011
5760_dose_750_gradient_0_VconcST_0_Vconc_0.7_run_2.csv,5760.0,750.0,0,0.7,0.0,0.7,2,24.75,8799.05,712.291,3.42696,8799.05,0.0,0.999977,0.0298582
5760_dose_750_gradient_0_VconcST_0_Vconc_0.7_run_2.csv,5760.0,750.0,0,0.7,0.0,0.7,2,25.0,11594.1,700.147,4.51555,11594.1,0.0,0.999983,0.0217044
5760_dose_750_gradient_0_VconcST_0_Vconc_0.7_run_2.csv,5760.0,750.0,0,0.7,0.0,0.7,2,25.25,14330.4,688.211,5.58124,14330.4,0.0,0.999986,0.017048
5760_dose_750_gradient_0_VconcST_0_Vconc_0.7_run_2.csv,5760.0,750.0,0,0.7,0.0,0.7,2,25.5,17008.9,676.477,6.62443,17008.9,0.0,0.999988,0.0141168
5760_dose_750_gradient_0_VconcST_0_Vconc_0.7_run_2.csv,5760.0,750.0,0,0.7,0.0,0.7,2,25.75,19630.6,664.944,7.64551,19630.6,0.0,0.99999,0.0120721
5760_dose_750_gradient_0_VconcST_0_Vconc_0.7_run_2.csv,5760.0,750.0,0,0.7,0.0,0.7,2,26.0,22196.6,653.608,8.64489,22196.6,0.0,0.999991,0.0104938
5760_dose_750_gradient_0_VconcST_0_Vconc_0.7_run_2.csv,5760.0,750.0,0,0.7,0.0,0.7,2,26.25,24707.9,642.465,9.62295,24707.9,0.0,0.999992,0.0093764
5760_dose_750_gradient_0_VconcST_0_Vconc_0.7_run_2.csv,5760.0,750.0,0,0.7,0.0,0.7,2,26.5,27165.3,631.511,10.5801,27165.3,0.0,0.999993,0.00852791
5760_dose_750_gradient_0_VconcST_0_Vconc_0.7_run_2.csv,5760.0,750.0,0,0.7,0.0,0.7,2,26.75,29570.0,620.745,11.5166,29570.0,0.0,0.999993,0.00778409
5760_dose_750_gradient_0_VconcST_0_Vconc_0.7_run_2.csv,5760.0,750.0,0,0.7,0.0,0.7,2,27.0,31922.8,610.162,12.4329,31922.8,0.0,0.999994,0.00719393
5760_dose_750_gradient_0_VconcST_0_Vconc_0.7_run_2.csv,5760.0,750.0,0,0.7,0.0,0.7,2,27.25,34224.7,599.759,13.3295,34224.7,0.0,0.999994,0.00669045
5760_dose_750_gradient_0_VconcST_0_Vconc_0.7_run_2.csv,5760.0,750.0,0,0.7,0.0,0.7,2,27.5,36476.5,589.534,14.2065,36476.5,0.0,0.999995,0.00623029
5760_dose_750_gradient_0_VconcST_0_Vconc_0.7_run_2.csv,5760.0,750.0,0,0.7,0.0,0.7,2,27.75,38679.2,579.483,15.0643,38679.2,0.0,0.999995,0.00588343
5760_dose_750_gradient_0_VconcST_0_Vconc_0.7_run_2.csv,5760.0,750.0,0,0.7,0.0,0.7,2,28.0,40833.6,569.604,15.9034,40833.6,0.0,0.999995,0.0055486
5760_dose_750_gradient_0_VconcST_0_Vconc_0.7_run_2.csv,5760.0,750.0,0,0.7,0.0,0.7,2,28.25,42940.6,559.893,16.724,42940.6,0.0,0.999995,0.00528642
5760_dose_750_gradient_0_VconcST_0_Vconc_0.7_run_2.csv,5760.0,750.0,0,0.7,0.0,0.7,2,28.5,45001.1,550.347,17.5265,45001.1,0.0,0.999996,0.00502156
5760_dose_750_gradient_0_VconcST_0_Vconc_0.7_run_2.csv,5760.0,750.0,0,0.7,0.0,0.7,2,28.75,47015.8,540.964,18.3112,47015.8,0.0,0.999996,0.00482132
5760_dose_750_gradient_0_VconcST_0_Vconc_0.7_run_2.csv,5760.0,750.0,0,0.7,0.0,0.7,2,29.0,48985.7,531.742,19.0784,48985.7,0.0,0.999996,0.00462221
5760_dose_750_gradient_0_VconcST_0_Vconc_0.7_run_2.csv,5760.0,750.0,0,0.7,0.0,0.7,2,29.25,50911.4,522.676,19.8284,50911.4,0.0,0.999996,0.00442285
5760_dose_750_gradient_0_VconcST_0_Vconc_0.7_run_2.csv,5760.0,750.0,0,0.7,0.0,0.7,2,29.5,52793.9,513.765,20.5616,52793.9,0.0,0.999996,0.00422826
5760_dose_750_gradient_0_VconcST_0_Vconc_0.7_run_2.csv,5760.0,750.0,0,0.7,0.0,0.7,2,29.75,54633.8,505.006,21.2782,54633.8,0.0,0.999996,0.00410633
5760_dose_750_gradient_0_VconcST_0_Vconc_0.7_run_2.csv,5760.0,750.0,0,0.7,0.0,0.7,2,30.0,56432.0,496.396,21.9785,56432.0,0.0,0.999996,0.00396399
5760_dose_750_gradient_0_VconcST_0_Vconc_0.7_run_2.csv,5760.0,750.0,0,0.7,0.0,0.7,2,30.25,58189.1,487.933,22.6629,58189.1,0.0,0.999997,0.00382605
5760_dose_750_gradient_0_VconcST_0_Vconc_0.7_run_2.csv,5760.0,750.0,0,0.7,0.0,0.7,2,30.5,59906.0,479.615,23.3315,59906.0,0.0,0.999997,0.0037601
5760_dose_750_gradient_0_VconcST_0_Vconc_0.7_run_2.csv,5760.0,750.0,0,0.7,0.0,0.7,2,30.75,61583.3,471.438,23.9848,61583.3,0.0,0.999997,0.00363149
5760_dose_750_gradient_0_VconcST_0_Vconc_0.7_run_2.csv,5760.0,750.0,0,0.7,0.0,0.7,2,31.0,63221.9,463.4,24.623,63221.9,0.0,0.999997,0.00356659
5760_dose_750_gradient_0_VconcST_0_Vconc_0.7_run_2.csv,5760.0,750.0,0,0.7,0.0,0.7,2,31.25,64822.3,455.5,25.2463,64822.3,0.0,0.999997,0.00344282
5760_dose_750_gradient_0_VconcST_0_Vconc_0.7_run_2.csv,5760.0,750.0,0,0.7,0.0,0.7,2,31.5,66385.2,447.734,25.855,66385.2,0.0,0.999997,0.00343824
5760_dose_750_gradient_0_VconcST_0_Vconc_0.7_run_2.csv,5760.0,750.0,0,0.7,0.0,0.7,2,31.75,67911.4,440.101,26.4494,67911.4,0.0,0.999997,0.00337623
5760_dose_750_gradient_0_VconcST_0_Vconc_0.7_run_2.csv,5760.0,750.0,0,0.7,0.0,0.7,2,32.0,69401.5,432.598,27.0297,69401.5,0.0,0.999997,0.00329834
5760_dose_750_gradient_0_VconcST_0_Vconc_0.7_run_2.csv,5760.0,750.0,0,0.7,0.0,0.7,2,32.25,70856.1,425.222,27.5963,70856.1,0.0,0.999997,0.00323555
5760_dose_750_gradient_0_VconcST_0_Vconc_0.7_run_2.csv,5760.0,750.0,0,0.7,0.0,0.7,2,32.5,72276.0,417.973,28.1492,72276.0,0.0,0.999997,0.00317597
5760_dose_750_gradient_0_VconcST_0_Vconc_0.7_run_2.csv,5760.0,750.0,0,0.7,0.0,0.7,2,32.75,73661.6,410.847,28.6889,73661.6,0.0,0.999997,0.00310045
5760_dose_750_gradient_0_VconcST_0_Vconc_0.7_run_2.csv,5760.0,750.0,0,0.7,0.0,0.7,2,33.0,75013.7,403.842,29.2155,75013.7,0.0,0.999997,0.00303596
5760_dose_750_gradient_0_VconcST_0_Vconc_0.7_run_2.csv,5760.0,750.0,0,0.7,0.0,0.7,2,33.25,76332.9,396.957,29.7293,76332.9,0.0,0.999997,0.00297508
5760_dose_750_gradient_0_VconcST_0_Vconc_0.7_run_2.csv,5760.0,750.0,0,0.7,0.0,0.7,2,33.5,77619.8,390.19,30.2305,77619.8,0.0,0.999997,0.00290845
5760_dose_750_gradient_0_VconcST_0_Vconc_0.7_run_2.csv,5760.0,750.0,0,0.7,0.0,0.7,2,33.75,78874.8,383.537,30.7193,78874.8,0.0,0.999997,0.00290937
5760_dose_750_gradient_0_VconcST_0_Vconc_0.7_run_2.csv,5760.0,750.0,0,0.7,0.0,0.7,2,34.0,80098.7,376.999,31.196,80098.7,0.0,0.999997,0.00283914
5760_dose_750_gradient_0_VconcST_0_Vconc_0.7_run_2.csv,5760.0,750.0,0,0.7,0.0,0.7,2,34.25,81292.0,370.571,31.6607,81292.0,0.0,0.999997,0.0027745
5760_dose_750_gradient_0_VconcST_0_Vconc_0.7_run_2.csv,5760.0,750.0,0,0.7,0.0,0.7,2,34.5,82455.3,364.253,32.1138,82455.3,0.0,0.999998,0.0027706
5760_dose_750_gradient_0_VconcST_0_Vconc_0.7_run_2.csv,5760.0,750.0,0,0.7,0.0,0.7,2,34.75,83589.0,358.043,32.5553,83589.0,0.0,0.999998,0.00270844
5760_dose_750_gradient_0_VconcST_0_Vconc_0.7_run_2.csv,5760.0,750.0,0,0.7,0.0,0.7,2,35.0,84693.8,351.938,32.9856,84693.8,0.0,0.999998,0.00264906
5760_dose_750_gradient_0_VconcST_0_Vconc_0.7_run_2.csv,5760.0,750.0,0,0.7,0.0,0.7,2,35.25,85770.2,345.938,33.4048,85770.2,0.0,0.999998,0.00264368
5760_dose_750_gradient_0_VconcST_0_Vconc_0.7_run_2.csv,5760.0,750.0,0,0.7,0.0,0.7,2,35.5,86818.6,340.04,33.8132,86818.6,0.0,0.999998,0.00257271
5760_dose_750_gradient_0_VconcST_0_Vconc_0.7_run_2.csv,5760.0,750.0,0,0.7,0.0,0.7,2,35.75,87839.7,334.243,34.2108,87839.7,0.0,0.999998,0.00257452
5760_dose_750_gradient_0_VconcST_0_Vconc_0.7_run_2.csv,5760.0,750.0,0,0.7,0.0,0.7,2,36.0,88833.9,328.545,34.598,88833.9,0.0,0.999998,0.00257271
5760_dose_750_gradient_0_VconcST_0_Vconc_0.7_run_2.csv,5760.0,750.0,0,0.7,0.0,0.7,2,36.25,89801.6,322.943,34.975,89801.6,0.0,0.999998,0.0025106
5760_dose_750_gradient_0_VconcST_0_Vconc_0.7_run_2.csv,5760.0,750.0,0,0.7,0.0,0.7,2,36.5,90743.5,317.438,35.3418,90743.5,0.0,0.999998,0.00251104
5760_dose_750_gradient_0_VconcST_0_Vconc_0.7_run_2.csv,5760.0,750.0,0,0.7,0.0,0.7,2,36.75,91660.0,312.026,35.6987,91660.0,0.0,0.999998,0.00244421
5760_dose_750_gradient_0_VconcST_0_Vconc_0.7_run_2.csv,5760.0,750.0,0,0.7,0.0,0.7,2,37.0,92551.4,306.706,36.0459,92551.4,0.0,0.999998,0.00245373
5760_dose_750_gradient_0_VconcST_0_Vconc_0.7_run_2.csv,5760.0,750.0,0,0.7,0.0,0.7,2,37.25,93418.4,301.477,36.3836,93418.4,0.0,0.999998,0.00244627
5760_dose_750_gradient_0_VconcST_0_Vconc_0.7_run_2.csv,5760.0,750.0,0,0.7,0.0,0.7,2,37.5,94261.3,296.337,36.7118,94261.3,0.0,0.999998,0.0023748
5760_dose_750_gradient_0_VconcST_0_Vconc_0.7_run_2.csv,5760.0,750.0,0,0.7,0.0,0.7,2,37.75,95080.6,291.285,37.0309,95080.6,0.0,0.999998,0.00237889
5760_dose_750_gradient_0_VconcST_0_Vconc_0.7_run_2.csv,5760.0,750.0,0,0.7,0.0,0.7,2,38.0,95876.7,286.319,37.341,95876.7,0.0,0.999998,0.00238256
5760_dose_750_gradient_0_VconcST_0_Vconc_0.7_run_2.csv,5760.0,750.0,0,0.7,0.0,0.7,2,38.25,96650.1,281.438,37.6422,96650.1,0.0,0.999998,0.00230884
5760_dose_750_gradient_0_VconcST_0_Vconc_0.7_run_2.csv,5760.0,750.0,0,0.7,0.0,0.7,2,38.5,97401.2,276.639,37.9347,97401.2,0.0,0.999998,0.00230884
5760_dose_750_gradient_0_VconcST_0_Vconc_0.7_run_2.csv,5760.0,750.0,0,0.7,0.0,0.7,2,38.75,98130.4,271.923,38.2187,98130.4,0.0,0.999998,0.00231589
5760_dose_750_gradient_0_VconcST_0_Vconc_0.7_run_2.csv,5760.0,750.0,0,0.7,0.0,0.7,2,39.0,98838.0,267.287,38.4943,98838.0,0.0,0.999998,0.0023146
5760_dose_750_gradient_0_VconcST_0_Vconc_0.7_run_2.csv,5760.0,750.0,0,0.7,0.0,0.7,2,39.25,99524.6,262.73,38.7618,99524.6,0.0,0.999998,0.00224862
5760_dose_750_gradient_0_VconcST_0_Vconc_0.7_run_2.csv,5760.0,750.0,0,0.7,0.0,0.7,2,39.5,100191.0,258.251,39.0211,100191.0,0.0,0.999998,0.0022487
5760_dose_750_gradient_0_VconcST_0_Vconc_0.7_run_2.csv,5760.0,750.0,0,0.7,0.0,0.7,2,39.75,100836.0,253.848,39.2725,100836.0,0.0,0.999998,0.00224634
5760_dose_750_gradient_0_VconcST_0_Vconc_0.7_run_2.csv,5760.0,750.0,0,0.7,0.0,0.7,2,40.0,101462.0,249.52,39.5162,101462.0,0.0,0.999998,0.00224689
5760_dose_750_gradient_0_VconcST_0_Vconc_0.7_run_2.csv,5760.0,750.0,0,0.7,0.0,0.7,2,40.25,102068.0,245.266,39.7523,102068.0,0.0,0.999998,0.00218156
5760_dose_750_gradient_0_VconcST_0_Vconc_0.7_run_2.csv,5760.0,750.0,0,0.7,0.0,0.7,2,40.5,102655.0,241.085,39.9809,102655.0,0.0,0.999998,0.00218019
5760_dose_750_gradient_0_VconcST_0_Vconc_0.7_run_2.csv,5760.0,750.0,0,0.7,0.0,0.7,2,40.75,103223.0,236.975,40.2021,103223.0,0.0,0.999998,0.0021769
5760_dose_750_gradient_0_VconcST_0_Vconc_0.7_run_2.csv,5760.0,750.0,0,0.7,0.0,0.7,2,41.0,103772.0,232.934,40.4162,103772.0,0.0,0.999998,0.00217912
5760_dose_750_gradient_0_VconcST_0_Vconc_0.7_run_2.csv,5760.0,750.0,0,0.7,0.0,0.7,2,41.25,104304.0,228.963,40.6232,104304.0,0.0,0.999998,0.0021769
5760_dose_750_gradient_0_VconcST_0_Vconc_0.7_run_2.csv,5760.0,750.0,0,0.7,0.0,0.7,2,41.5,104818.0,225.06,40.8232,104818.0,0.0,0.999998,0.00217935
5760_dose_800_gradient_0_VconcST_0_Vconc_0.7_run_2.csv,5760.0,800.0,0,0.7,0.0,0.7,2,0.0,0.0,0.0,0.0,0.0,0.0,0.0,0.0
5760_dose_800_gradient_0_VconcST_0_Vconc_0.7_run_2.csv,5760.0,800.0,0,0.7,0.0,0.7,2,0.25,0.0,0.0,0.0,0.0,0.0,0.0,1623.61
5760_dose_800_gradient_0_VconcST_0_Vconc_0.7_run_2.csv,5760.0,800.0,0,0.7,0.0,0.7,2,0.5,0.0,0.0,0.0,0.0,0.0,0.0,290.167
5760_dose_800_gradient_0_VconcST_0_Vconc_0.7_run_2.csv,5760.0,800.0,0,0.7,0.0,0.7,2,0.75,0.0,0.0,0.0,0.0,0.0,0.0,1388.69
5760_dose_800_gradient_0_VconcST_0_Vconc_0.7_run_2.csv,5760.0,800.0,0,0.7,0.0,0.7,2,1.0,0.0,0.0,0.0,0.0,0.0,0.0,509.604
5760_dose_800_gradient_0_VconcST_0_Vconc_0.7_run_2.csv,5760.0,800.0,0,0.7,0.0,0.7,2,1.25,0.0,0.0,0.0,0.0,0.0,0.0,1215.99
5760_dose_800_gradient_0_VconcST_0_Vconc_0.7_run_2.csv,5760.0,800.0,0,0.7,0.0,0.7,2,1.5,0.0,0.0,0.0,0.0,0.0,0.0,631.801
5760_dose_800_gradient_0_VconcST_0_Vconc_0.7_run_2.csv,5760.0,800.0,0,0.7,0.0,0.7,2,1.75,0.0,0.0,0.0,0.0,0.0,0.0,1071.28
5760_dose_800_gradient_0_VconcST_0_Vconc_0.7_run_2.csv,5760.0,800.0,0,0.7,0.0,0.7,2,2.0,0.0,0.0,0.0,0.0,0.0,0.0,742.736
5760_dose_800_gradient_0_VconcST_0_Vconc_0.7_run_2.csv,5760.0,800.0,0,0.7,0.0,0.7,2,2.25,0.0,0.0,0.0,0.0,0.0,0.0,972.854
5760_dose_800_gradient_0_VconcST_0_Vconc_0.7_run_2.csv,5760.0,800.0,0,0.7,0.0,0.7,2,2.5,0.0,0.0,0.0,0.0,0.0,0.0,810.168
5760_dose_800_gradient_0_VconcST_0_Vconc_0.7_run_2.csv,5760.0,800.0,0,0.7,0.0,0.7,2,2.75,0.0,0.0,0.0,0.0,0.0,0.0,947.645
5760_dose_800_gradient_0_VconcST_0_Vconc_0.7_run_2.csv,5760.0,800.0,0,0.7,0.0,0.7,2,3.0,0.0,0.0,0.0,0.0,0.0,0.0,882.715
5760_dose_800_gradient_0_VconcST_0_Vconc_0.7_run_2.csv,5760.0,800.0,0,0.7,0.0,0.7,2,3.25,0.0,0.0,0.0,0.0,0.0,0.0,913.352
5760_dose_800_gradient_0_VconcST_0_Vconc_0.7_run_2.csv,5760.0,800.0,0,0.7,0.0,0.7,2,3.5,0.0,0.0,0.0,0.0,0.0,0.0,881.996
5760_dose_800_gradient_0_VconcST_0_Vconc_0.7_run_2.csv,5760.0,800.0,0,0.7,0.0,0.7,2,3.75,0.0,0.0,0.0,0.0,0.0,0.0,909.698
5760_dose_800_gradient_0_VconcST_0_Vconc_0.7_run_2.csv,5760.0,800.0,0,0.7,0.0,0.7,2,4.0,0.0,0.0,0.0,0.0,0.0,0.0,897.587
5760_dose_800_gradient_0_VconcST_0_Vconc_0.7_run_2.csv,5760.0,800.0,0,0.7,0.0,0.7,2,4.25,0.0,0.0,0.0,0.0,0.0,0.0,897.153
5760_dose_800_gradient_0_VconcST_0_Vconc_0.7_run_2.csv,5760.0,800.0,0,0.7,0.0,0.7,2,4.5,0.0,0.0,0.0,0.0,0.0,0.0,913.91
5760_dose_800_gradient_0_VconcST_0_Vconc_0.7_run_2.csv,5760.0,800.0,0,0.7,0.0,0.7,2,4.75,0.0,0.0,0.0,0.0,0.0,0.0,859.135
5760_dose_800_gradient_0_VconcST_0_Vconc_0.7_run_2.csv,5760.0,800.0,0,0.7,0.0,0.7,2,5.0,0.0,0.0,0.0,0.0,0.0,0.0,934.975
5760_dose_800_gradient_0_VconcST_0_Vconc_0.7_run_2.csv,5760.0,800.0,0,0.7,0.0,0.7,2,5.25,0.0,0.0,0.0,0.0,0.0,0.0,868.69
5760_dose_800_gradient_0_VconcST_0_Vconc_0.7_run_2.csv,5760.0,800.0,0,0.7,0.0,0.7,2,5.5,0.0,0.0,0.0,0.0,0.0,0.0,902.029
5760_dose_800_gradient_0_VconcST_0_Vconc_0.7_run_2.csv,5760.0,800.0,0,0.7,0.0,0.7,2,5.75,0.0,0.0,0.0,0.0,0.0,0.0,898.024
5760_dose_800_gradient_0_VconcST_0_Vconc_0.7_run_2.csv,5760.0,800.0,0,0.7,0.0,0.7,2,6.0,0.0,0.0,0.0,0.0,0.0,0.0,910.373
5760_dose_800_gradient_0_VconcST_0_Vconc_0.7_run_2.csv,5760.0,800.0,0,0.7,0.0,0.7,2,6.25,0.0,0.0,0.0,0.0,0.0,0.0,909.929
5760_dose_800_gradient_0_VconcST_0_Vconc_0.7_run_2.csv,5760.0,800.0,0,0.7,0.0,0.7,2,6.5,0.0,0.0,0.0,0.0,0.0,0.0,889.847
5760_dose_800_gradient_0_VconcST_0_Vconc_0.7_run_2.csv,5760.0,800.0,0,0.7,0.0,0.7,2,6.75,0.0,0.0,0.0,0.0,0.0,0.0,873.797
5760_dose_800_gradient_0_VconcST_0_Vconc_0.7_run_2.csv,5760.0,800.0,0,0.7,0.0,0.7,2,7.0,0.0,0.0,0.0,0.0,0.0,0.0,866.2
5760_dose_800_gradient_0_VconcST_0_Vconc_0.7_run_2.csv,5760.0,800.0,0,0.7,0.0,0.7,2,7.25,0.0,0.0,0.0,0.0,0.0,0.0,877.141
5760_dose_800_gradient_0_VconcST_0_Vconc_0.7_run_2.csv,5760.0,800.0,0,0.7,0.0,0.7,2,7.5,0.0,0.0,0.0,0.0,0.0,0.0,924.134
5760_dose_800_gradient_0_VconcST_0_Vconc_0.7_run_2.csv,5760.0,800.0,0,0.7,0.0,0.7,2,7.75,0.0,0.0,0.0,0.0,0.0,0.0,854.71
5760_dose_800_gradient_0_VconcST_0_Vconc_0.7_run_2.csv,5760.0,800.0,0,0.7,0.0,0.7,2,8.0,0.0,0.0,0.0,0.0,0.0,0.0,922.371
5760_dose_800_gradient_0_VconcST_0_Vconc_0.7_run_2.csv,5760.0,800.0,0,0.7,0.0,0.7,2,8.25,0.0,0.0,0.0,0.0,0.0,0.0,857.447
5760_dose_800_gradient_0_VconcST_0_Vconc_0.7_run_2.csv,5760.0,800.0,0,0.7,0.0,0.7,2,8.5,0.0,0.0,0.0,0.0,0.0,0.0,915.392
5760_dose_800_gradient_0_VconcST_0_Vconc_0.7_run_2.csv,5760.0,800.0,0,0.7,0.0,0.7,2,8.75,0.0,0.0,0.0,0.0,0.0,0.0,860.738
5760_dose_800_gradient_0_VconcST_0_Vconc_0.7_run_2.csv,5760.0,800.0,0,0.7,0.0,0.7,2,9.0,0.0,0.0,0.0,0.0,0.0,0.0,874.686
5760_dose_800_gradient_0_VconcST_0_Vconc_0.7_run_2.csv,5760.0,800.0,0,0.7,0.0,0.7,2,9.25,0.0,0.0,0.0,0.0,0.0,0.0,912.291
5760_dose_800_gradient_0_VconcST_0_Vconc_0.7_run_2.csv,5760.0,800.0,0,0.7,0.0,0.7,2,9.5,0.0,0.0,0.0,0.0,0.0,0.0,869.2
5760_dose_800_gradient_0_VconcST_0_Vconc_0.7_run_2.csv,5760.0,800.0,0,0.7,0.0,0.7,2,9.75,0.0,0.0,0.0,0.0,0.0,0.0,890.96
5760_dose_800_gradient_0_VconcST_0_Vconc_0.7_run_2.csv,5760.0,800.0,0,0.7,0.0,0.7,2,10.0,0.0,0.0,0.0,0.0,0.0,0.0,940.195
5760_dose_800_gradient_0_VconcST_0_Vconc_0.7_run_2.csv,5760.0,800.0,0,0.7,0.0,0.7,2,10.25,0.0,0.0,0.0,0.0,0.0,0.0,898.427
5760_dose_800_gradient_0_VconcST_0_Vconc_0.7_run_2.csv,5760.0,800.0,0,0.7,0.0,0.7,2,10.5,0.0,0.0,0.0,0.0,0.0,0.0,882.409
5760_dose_800_gradient_0_VconcST_0_Vconc_0.7_run_2.csv,5760.0,800.0,0,0.7,0.0,0.7,2,10.75,0.0,0.0,0.0,0.0,0.0,0.0,905.415
5760_dose_800_gradient_0_VconcST_0_Vconc_0.7_run_2.csv,5760.0,800.0,0,0.7,0.0,0.7,2,11.0,0.0,0.0,0.0,0.0,0.0,0.0,906.219
5760_dose_800_gradient_0_VconcST_0_Vconc_0.7_run_2.csv,5760.0,800.0,0,0.7,0.0,0.7,2,11.25,0.0,0.0,0.0,0.0,0.0,0.0,870.231
5760_dose_800_gradient_0_VconcST_0_Vconc_0.7_run_2.csv,5760.0,800.0,0,0.7,0.0,0.7,2,11.5,0.0,0.0,0.0,0.0,0.0,0.0,916.558
5760_dose_800_gradient_0_VconcST_0_Vconc_0.7_run_2.csv,5760.0,800.0,0,0.7,0.0,0.7,2,11.75,0.0,0.0,0.0,0.0,0.0,0.0,881.578
5760_dose_800_gradient_0_VconcST_0_Vconc_0.7_run_2.csv,5760.0,800.0,0,0.7,0.0,0.7,2,12.0,0.0,0.0,0.0,0.0,0.0,0.0,932.084
5760_dose_800_gradient_0_VconcST_0_Vconc_0.7_run_2.csv,5760.0,800.0,0,0.7,0.0,0.7,2,12.25,0.0,0.0,0.0,0.0,0.0,0.0,909.468
5760_dose_800_gradient_0_VconcST_0_Vconc_0.7_run_2.csv,5760.0,800.0,0,0.7,0.0,0.7,2,12.5,0.0,0.0,0.0,0.0,0.0,0.0,877.418
5760_dose_800_gradient_0_VconcST_0_Vconc_0.7_run_2.csv,5760.0,800.0,0,0.7,0.0,0.7,2,12.75,0.0,0.0,0.0,0.0,0.0,0.0,900.05
5760_dose_800_gradient_0_VconcST_0_Vconc_0.7_run_2.csv,5760.0,800.0,0,0.7,0.0,0.7,2,13.0,0.0,0.0,0.0,0.0,0.0,0.0,905.145
5760_dose_800_gradient_0_VconcST_0_Vconc_0.7_run_2.csv,5760.0,800.0,0,0.7,0.0,0.7,2,13.25,0.0,0.0,0.0,0.0,0.0,0.0,946.245
5760_dose_800_gradient_0_VconcST_0_Vconc_0.7_run_2.csv,5760.0,800.0,0,0.7,0.0,0.7,2,13.5,0.0,0.0,0.0,0.0,0.0,0.0,915.444
5760_dose_800_gradient_0_VconcST_0_Vconc_0.7_run_2.csv,5760.0,800.0,0,0.7,0.0,0.7,2,13.75,0.0,0.0,0.0,0.0,0.0,0.0,922.638
5760_dose_800_gradient_0_VconcST_0_Vconc_0.7_run_2.csv,5760.0,800.0,0,0.7,0.0,0.7,2,14.0,0.0,0.0,0.0,0.0,0.0,0.0,909.264
5760_dose_800_gradient_0_VconcST_0_Vconc_0.7_run_2.csv,5760.0,800.0,0,0.7,0.0,0.7,2,14.25,0.0,0.0,0.0,0.0,0.0,0.0,882.884
5760_dose_800_gradient_0_VconcST_0_Vconc_0.7_run_2.csv,5760.0,800.0,0,0.7,0.0,0.7,2,14.5,0.0,0.0,0.0,0.0,0.0,0.0,887.719
5760_dose_800_gradient_0_VconcST_0_Vconc_0.7_run_2.csv,5760.0,800.0,0,0.7,0.0,0.7,2,14.75,0.0,0.0,0.0,0.0,0.0,0.0,905.664
5760_dose_800_gradient_0_VconcST_0_Vconc_0.7_run_2.csv,5760.0,800.0,0,0.7,0.0,0.7,2,15.0,0.0,0.0,0.0,0.0,0.0,0.0,886.145
5760_dose_800_gradient_0_VconcST_0_Vconc_0.7_run_2.csv,5760.0,800.0,0,0.7,0.0,0.7,2,15.25,0.0,0.0,0.0,0.0,0.0,0.0,941.311
5760_dose_800_gradient_0_VconcST_0_Vconc_0.7_run_2.csv,5760.0,800.0,0,0.7,0.0,0.7,2,15.5,0.0,0.0,0.0,0.0,0.0,0.0,869.849
5760_dose_800_gradient_0_VconcST_0_Vconc_0.7_run_2.csv,5760.0,800.0,0,0.7,0.0,0.7,2,15.75,0.0,0.0,0.0,0.0,0.0,0.0,937.553
5760_dose_800_gradient_0_VconcST_0_Vconc_0.7_run_2.csv,5760.0,800.0,0,0.7,0.0,0.7,2,16.0,0.0,0.0,0.0,0.0,0.0,0.0,926.385
5760_dose_800_gradient_0_VconcST_0_Vconc_0.7_run_2.csv,5760.0,800.0,0,0.7,0.0,0.7,2,16.25,0.0,0.0,0.0,0.0,0.0,0.0,927.248
5760_dose_800_gradient_0_VconcST_0_Vconc_0.7_run_2.csv,5760.0,800.0,0,0.7,0.0,0.7,2,16.5,0.0,0.0,0.0,0.0,0.0,0.0,948.497
5760_dose_800_gradient_0_VconcST_0_Vconc_0.7_run_2.csv,5760.0,800.0,0,0.7,0.0,0.7,2,16.75,0.0,0.0,0.0,0.0,0.0,0.0,926.259
5760_dose_800_gradient_0_VconcST_0_Vconc_0.7_run_2.csv,5760.0,800.0,0,0.7,0.0,0.7,2,17.0,0.0,0.0,0.0,0.0,0.0,0.0,943.364
5760_dose_800_gradient_0_VconcST_0_Vconc_0.7_run_2.csv,5760.0,800.0,0,0.7,0.0,0.7,2,17.25,0.0,0.0,0.0,0.0,0.0,0.0,912.212
5760_dose_800_gradient_0_VconcST_0_Vconc_0.7_run_2.csv,5760.0,800.0,0,0.7,0.0,0.7,2,17.5,0.0,0.0,0.0,0.0,0.0,0.0,958.695
5760_dose_800_gradient_0_VconcST_0_Vconc_0.7_run_2.csv,5760.0,800.0,0,0.7,0.0,0.7,2,17.75,0.0,0.0,0.0,0.0,0.0,0.0,903.708
5760_dose_800_gradient_0_VconcST_0_Vconc_0.7_run_2.csv,5760.0,800.0,0,0.7,0.0,0.7,2,18.0,0.0,0.0,0.0,0.0,0.0,0.0,943.589
5760_dose_800_gradient_0_VconcST_0_Vconc_0.7_run_2.csv,5760.0,800.0,0,0.7,0.0,0.7,2,18.25,0.0,0.0,0.0,0.0,0.0,0.0,924.206
5760_dose_800_gradient_0_VconcST_0_Vconc_0.7_run_2.csv,5760.0,800.0,0,0.7,0.0,0.7,2,18.5,0.0,0.0,0.0,0.0,0.0,0.0,902.18
5760_dose_800_gradient_0_VconcST_0_Vconc_0.7_run_2.csv,5760.0,800.0,0,0.7,0.0,0.7,2,18.75,0.0,0.0,0.0,0.0,0.0,0.0,994.83
5760_dose_800_gradient_0_VconcST_0_Vconc_0.7_run_2.csv,5760.0,800.0,0,0.7,0.0,0.7,2,19.0,0.0,0.0,0.0,0.0,0.0,0.0,885.505
5760_dose_800_gradient_0_VconcST_0_Vconc_0.7_run_2.csv,5760.0,800.0,0,0.7,0.0,0.7,2,19.25,0.0,0.0,0.0,0.0,0.0,0.0,952.865
5760_dose_800_gradient_0_VconcST_0_Vconc_0.7_run_2.csv,5760.0,800.0,0,0.7,0.0,0.7,2,19.5,0.0,0.0,0.0,0.0,0.0,0.0,873.994
5760_dose_800_gradient_0_VconcST_0_Vconc_0.7_run_2.csv,5760.0,800.0,0,0.7,0.0,0.7,2,19.75,0.0,0.0,0.0,0.0,0.0,0.0,939.156
5760_dose_800_gradient_0_VconcST_0_Vconc_0.7_run_2.csv,5760.0,800.0,0,0.7,0.0,0.7,2,20.0,0.0,0.0,0.0,0.0,0.0,0.0,972.003
5760_dose_800_gradient_0_VconcST_0_Vconc_0.7_run_2.csv,5760.0,800.0,0,0.7,0.0,0.7,2,20.25,0.0,0.0,0.0,0.0,0.0,0.0,982.603
5760_dose_800_gradient_0_VconcST_0_Vconc_0.7_run_2.csv,5760.0,800.0,0,0.7,0.0,0.7,2,20.5,0.0,0.0,0.0,0.0,0.0,0.0,993.362
5760_dose_800_gradient_0_VconcST_0_Vconc_0.7_run_2.csv,5760.0,800.0,0,0.7,0.0,0.7,2,20.75,0.0,0.0,0.0,0.0,0.0,0.0,946.561
5760_dose_800_gradient_0_VconcST_0_Vconc_0.7_run_2.csv,5760.0,800.0,0,0.7,0.0,0.7,2,21.0,0.0,0.0,0.0,0.0,0.0,0.0,1117.69
5760_dose_800_gradient_0_VconcST_0_Vconc_0.7_run_2.csv,5760.0,800.0,0,0.7,0.0,0.7,2,21.25,0.0,0.0,0.0,0.0,0.0,0.0,851.362
5760_dose_800_gradient_0_VconcST_0_Vconc_0.7_run_2.csv,5760.0,800.0,0,0.7,0.0,0.7,2,21.5,0.0,0.0,0.0,0.0,0.0,0.0,1121.39
5760_dose_800_gradient_0_VconcST_0_Vconc_0.7_run_2.csv,5760.0,800.0,0,0.7,0.0,0.7,2,21.75,0.0,0.0,0.0,0.0,0.0,0.0,916.208
5760_dose_800_gradient_0_VconcST_0_Vconc_0.7_run_2.csv,5760.0,800.0,0,0.7,0.0,0.7,2,22.0,0.0,0.0,0.0,0.0,0.0,0.0,1160.21
5760_dose_800_gradient_0_VconcST_0_Vconc_0.7_run_2.csv,5760.0,800.0,0,0.7,0.0,0.7,2,22.25,0.0,0.0,0.0,0.0,0.0,0.0,1051.58
5760_dose_800_gradient_0_VconcST_0_Vconc_0.7_run_2.csv,5760.0,800.0,0,0.7,0.0,0.7,2,22.5,0.0,0.0,0.0,0.0,0.0,0.0,1079.58
5760_dose_800_gradient_0_VconcST_0_Vconc_0.7_run_2.csv,5760.0,800.0,0,0.7,0.0,0.7,2,22.75,0.0,0.0,0.0,0.0,0.0,0.0,1171.91
5760_dose_800_gradient_0_VconcST_0_Vconc_0.7_run_2.csv,5760.0,800.0,0,0.7,0.0,0.7,2,23.0,0.0,0.0,0.0,0.0,0.0,0.0,1174.66
5760_dose_800_gradient_0_VconcST_0_Vconc_0.7_run_2.csv,5760.0,800.0,0,0.7,0.0,0.7,2,23.25,0.0,0.0,0.0,0.0,0.108615,0.0,1157.66
5760_dose_800_gradient_0_VconcST_0_Vconc_0.7_run_2.csv,5760.0,800.0,0,0.7,0.0,0.7,2,23.5,0.0,0.0,0.0,0.0,0.177083,0.0,1310.96
5760_dose_800_gradient_0_VconcST_0_Vconc_0.7_run_2.csv,5760.0,800.0,0,0.7,0.0,0.7,2,23.75,0.0,0.0,0.0,0.0,0.245833,0.0,1326.58
5760_dose_800_gradient_0_VconcST_0_Vconc_0.7_run_2.csv,5760.0,800.0,0,0.7,0.0,0.7,2,24.0,53.5098,800.0,0.0208404,53.5098,0.310417,0.0,1253.79
5760_dose_800_gradient_0_VconcST_0_Vconc_0.7_run_2.csv,5760.0,800.0,0,0.7,0.0,0.7,2,24.25,3230.04,786.361,1.258,3230.04,0.0,0.999937,0.0663712
5760_dose_800_gradient_0_VconcST_0_Vconc_0.7_run_2.csv,5760.0,800.0,0,0.7,0.0,0.7,2,24.5,6340.36,772.954,2.46937,6340.36,0.0,0.999968,0.0458549
5760_dose_800_gradient_0_VconcST_0_Vconc_0.7_run_2.csv,5760.0,800.0,0,0.7,0.0,0.7,2,24.75,9385.65,759.777,3.65542,9385.65,0.0,0.999979,0.0280234
5760_dose_800_gradient_0_VconcST_0_Vconc_0.7_run_2.csv,5760.0,800.0,0,0.7,0.0,0.7,2,25.0,12367.1,746.823,4.81659,12367.1,0.0,0.999984,0.0202515
5760_dose_800_gradient_0_VconcST_0_Vconc_0.7_run_2.csv,5760.0,800.0,0,0.7,0.0,0.7,2,25.25,15285.7,734.092,5.95332,15285.7,0.0,0.999987,0.0159896
5760_dose_800_gradient_0_VconcST_0_Vconc_0.7_run_2.csv,5760.0,800.0,0,0.7,0.0,0.7,2,25.5,18142.8,721.576,7.06605,18142.8,0.0,0.999989,0.0131351
5760_dose_800_gradient_0_VconcST_0_Vconc_0.7_run_2.csv,5760.0,800.0,0,0.7,0.0,0.7,2,25.75,20939.3,709.274,8.15521,20939.3,0.0,0.99999,0.0112961
5760_dose_800_gradient_0_VconcST_0_Vconc_0.7_run_2.csv,5760.0,800.0,0,0.7,0.0,0.7,2,26.0,23676.4,697.182,9.22121,23676.4,0.0,0.999992,0.0098338
5760_dose_800_gradient_0_VconcST_0_Vconc_0.7_run_2.csv,5760.0,800.0,0,0.7,0.0,0.7,2,26.25,26355.0,685.296,10.2645,26355.0,0.0,0.999992,0.00877875
5760_dose_800_gradient_0_VconcST_0_Vconc_0.7_run_2.csv,5760.0,800.0,0,0.7,0.0,0.7,2,26.5,28976.4,673.613,11.2854,28976.4,0.0,0.999993,0.00801084
5760_dose_800_gradient_0_VconcST_0_Vconc_0.7_run_2.csv,5760.0,800.0,0,0.7,0.0,0.7,2,26.75,31541.3,662.128,12.2844,31541.3,0.0,0.999994,0.00727954
5760_dose_800_gradient_0_VconcST_0_Vconc_0.7_run_2.csv,5760.0,800.0,0,0.7,0.0,0.7,2,27.0,34051.0,650.84,13.2618,34051.0,0.0,0.999994,0.00672858
5760_dose_800_gradient_0_VconcST_0_Vconc_0.7_run_2.csv,5760.0,800.0,0,0.7,0.0,0.7,2,27.25,36506.3,639.744,14.2181,36506.3,0.0,0.999995,0.00628379
5760_dose_800_gradient_0_VconcST_0_Vconc_0.7_run_2.csv,5760.0,800.0,0,0.7,0.0,0.7,2,27.5,38908.2,628.837,15.1535,38908.2,0.0,0.999995,0.00588465
5760_dose_800_gradient_0_VconcST_0_Vconc_0.7_run_2.csv,5760.0,800.0,0,0.7,0.0,0.7,2,27.75,41257.7,618.116,16.0686,41257.7,0.0,0.999995,0.00547908
5760_dose_800_gradient_0_VconcST_0_Vconc_0.7_run_2.csv,5760.0,800.0,0,0.7,0.0,0.7,2,28.0,43555.8,607.578,16.9636,43555.8,0.0,0.999995,0.00521707
5760_dose_800_gradient_0_VconcST_0_Vconc_0.7_run_2.csv,5760.0,800.0,0,0.7,0.0,0.7,2,28.25,45803.3,597.219,17.839,45803.3,0.0,0.999996,0.00495533
5760_dose_800_gradient_0_VconcST_0_Vconc_0.7_run_2.csv,5760.0,800.0,0,0.7,0.0,0.7,2,28.5,48001.1,587.037,18.6949,48001.1,0.0,0.999996,0.00468936
5760_dose_800_gradient_0_VconcST_0_Vconc_0.7_run_2.csv,5760.0,800.0,0,0.7,0.0,0.7,2,28.75,50150.2,577.029,19.5319,50150.2,0.0,0.999996,0.00448841
5760_dose_800_gradient_0_VconcST_0_Vconc_0.7_run_2.csv,5760.0,800.0,0,0.7,0.0,0.7,2,29.0,52251.3,567.191,20.3503,52251.3,0.0,0.999996,0.00429085
5760_dose_800_gradient_0_VconcST_0_Vconc_0.7_run_2.csv,5760.0,800.0,0,0.7,0.0,0.7,2,29.25,54305.5,557.521,21.1503,54305.5,0.0,0.999996,0.0041584
5760_dose_800_gradient_0_VconcST_0_Vconc_0.7_run_2.csv,5760.0,800.0,0,0.7,0.0,0.7,2,29.5,56313.4,548.016,21.9323,56313.4,0.0,0.999996,0.00396301
5760_dose_800_gradient_0_VconcST_0_Vconc_0.7_run_2.csv,5760.0,800.0,0,0.7,0.0,0.7,2,29.75,58276.0,538.673,22.6967,58276.0,0.0,0.999997,0.00383358
5760_dose_800_gradient_0_VconcST_0_Vconc_0.7_run_2.csv,5760.0,800.0,0,0.7,0.0,0.7,2,30.0,60194.1,529.49,23.4437,60194.1,0.0,0.999997,0.00370436
5760_dose_800_gradient_0_VconcST_0_Vconc_0.7_run_2.csv,5760.0,800.0,0,0.7,0.0,0.7,2,30.25,62068.4,520.462,24.1737,62068.4,0.0,0.999997,0.0036348
5760_dose_800_gradient_0_VconcST_0_Vconc_0.7_run_2.csv,5760.0,800.0,0,0.7,0.0,0.7,2,30.5,63899.7,511.589,24.887,63899.7,0.0,0.999997,0.0035004
5760_dose_800_gradient_0_VconcST_0_Vconc_0.7_run_2.csv,5760.0,800.0,0,0.7,0.0,0.7,2,30.75,65688.9,502.867,25.5838,65688.9,0.0,0.999997,0.00343378
5760_dose_800_gradient_0_VconcST_0_Vconc_0.7_run_2.csv,5760.0,800.0,0,0.7,0.0,0.7,2,31.0,67436.6,494.294,26.2645,67436.6,0.0,0.999997,0.0033663
5760_dose_800_gradient_0_VconcST_0_Vconc_0.7_run_2.csv,5760.0,800.0,0,0.7,0.0,0.7,2,31.25,69143.7,485.867,26.9293,69143.7,0.0,0.999997,0.00329834
5760_dose_800_gradient_0_VconcST_0_Vconc_0.7_run_2.csv,5760.0,800.0,0,0.7,0.0,0.7,2,31.5,70810.9,477.583,27.5786,70810.9,0.0,0.999997,0.00323237
5760_dose_800_gradient_0_VconcST_0_Vconc_0.7_run_2.csv,5760.0,800.0,0,0.7,0.0,0.7,2,31.75,72438.8,469.441,28.2127,72438.8,0.0,0.999997,0.0031664
5760_dose_800_gradient_0_VconcST_0_Vconc_0.7_run_2.csv,5760.0,800.0,0,0.7,0.0,0.7,2,32.0,74028.2,461.438,28.8317,74028.2,0.0,0.999997,0.00310198
5760_dose_800_gradient_0_VconcST_0_Vconc_0.7_run_2.csv,5760.0,800.0,0,0.7,0.0,0.7,2,32.25,75579.8,453.571,29.436,75579.8,0.0,0.999997,0.00304161
5760_dose_800_gradient_0_VconcST_0_Vconc_0.7_run_2.csv,5760.0,800.0,0,0.7,0.0,0.7,2,32.5,77094.3,445.838,30.0259,77094.3,0.0,0.999997,0.00297935
5760_dose_800_gradient_0_VconcST_0_Vconc_0.7_run_2.csv,5760.0,800.0,0,0.7,0.0,0.7,2,32.75,78572.4,438.237,30.6015,78572.4,0.0,0.999997,0.00290254
5760_dose_800_gradient_0_VconcST_0_Vconc_0.7_run_2.csv,5760.0,800.0,0,0.7,0.0,0.7,2,33.0,80014.7,430.765,31.1632,80014.7,0.0,0.999997,0.00283974
5760_dose_800_gradient_0_VconcST_0_Vconc_0.7_run_2.csv,5760.0,800.0,0,0.7,0.0,0.7,2,33.25,81421.8,423.421,31.7113,81421.8,0.0,0.999997,0.0027706
5760_dose_800_gradient_0_VconcST_0_Vconc_0.7_run_2.csv,5760.0,800.0,0,0.7,0.0,0.7,2,33.5,82794.4,416.203,32.2459,82794.4,0.0,0.999998,0.0027073
5760_dose_800_gradient_0_VconcST_0_Vconc_0.7_run_2.csv,5760.0,800.0,0,0.7,0.0,0.7,2,33.75,84133.2,409.107,32.7673,84133.2,0.0,0.999998,0.00270711
5760_dose_800_gradient_0_VconcST_0_Vconc_0.7_run_2.csv,5760.0,800.0,0,0.7,0.0,0.7,2,34.0,85438.7,402.132,33.2757,85438.7,0.0,0.999998,0.00264053
5760_dose_800_gradient_0_VconcST_0_Vconc_0.7_run_2.csv,5760.0,800.0,0,0.7,0.0,0.7,2,34.25,86711.5,395.276,33.7715,86711.5,0.0,0.999998,0.00263867
5760_dose_800_gradient_0_VconcST_0_Vconc_0.7_run_2.csv,5760.0,800.0,0,0.7,0.0,0.7,2,34.5,87952.4,388.537,34.2547,87952.4,0.0,0.999998,0.00257452
5760_dose_800_gradient_0_VconcST_0_Vconc_0.7_run_2.csv,5760.0,800.0,0,0.7,0.0,0.7,2,34.75,89161.7,381.913,34.7257,89161.7,0.0,0.999998,0.00250673
5760_dose_800_gradient_0_VconcST_0_Vconc_0.7_run_2.csv,5760.0,800.0,0,0.7,0.0,0.7,2,35.0,90340.2,375.402,35.1847,90340.2,0.0,0.999998,0.00250823
5760_dose_800_gradient_0_VconcST_0_Vconc_0.7_run_2.csv,5760.0,800.0,0,0.7,0.0,0.7,2,35.25,91488.3,369.002,35.6319,91488.3,0.0,0.999998,0.00244078
5760_dose_800_gradient_0_VconcST_0_Vconc_0.7_run_2.csv,5760.0,800.0,0,0.7,0.0,0.7,2,35.5,92606.7,362.711,36.0674,92606.7,0.0,0.999998,0.00244078
5760_dose_800_gradient_0_VconcST_0_Vconc_0.7_run_2.csv,5760.0,800.0,0,0.7,0.0,0.7,2,35.75,93695.8,356.527,36.4916,93695.8,0.0,0.999998,0.00244378
5760_dose_800_gradient_0_VconcST_0_Vconc_0.7_run_2.csv,5760.0,800.0,0,0.7,0.0,0.7,2,36.0,94756.3,350.449,36.9046,94756.3,0.0,0.999998,0.00237647
5760_dose_800_gradient_0_VconcST_0_Vconc_0.7_run_2.csv,5760.0,800.0,0,0.7,0.0,0.7,2,36.25,95788.6,344.474,37.3067,95788.6,0.0,0.999998,0.00237713
5760_dose_800_gradient_0_VconcST_0_Vconc_0.7_run_2.csv,5760.0,800.0,0,0.7,0.0,0.7,2,36.5,96793.2,338.601,37.698,96793.2,0.0,0.999998,0.00230997
5760_dose_800_gradient_0_VconcST_0_Vconc_0.7_run_2.csv,5760.0,800.0,0,0.7,0.0,0.7,2,36.75,97770.8,332.828,38.0787,97770.8,0.0,0.999998,0.0023107
5760_dose_800_gradient_0_VconcST_0_Vconc_0.7_run_2.csv,5760.0,800.0,0,0.7,0.0,0.7,2,37.0,98721.6,327.154,38.449,98721.6,0.0,0.999998,0.00231135
5760_dose_800_gradient_0_VconcST_0_Vconc_0.7_run_2.csv,5760.0,800.0,0,0.7,0.0,0.7,2,37.25,99646.4,321.576,38.8092,99646.4,0.0,0.999998,0.00224421
5760_dose_800_gradient_0_VconcST_0_Vconc_0.7_run_2.csv,5760.0,800.0,0,0.7,0.0,0.7,2,37.5,100546.0,316.094,39.1594,100546.0,0.0,0.999998,0.00224421
5760_dose_800_gradient_0_VconcST_0_Vconc_0.7_run_2.csv,5760.0,800.0,0,0.7,0.0,0.7,2,37.75,101419.0,310.705,39.4997,101419.0,0.0,0.999998,0.00224421
5760_dose_800_gradient_0_VconcST_0_Vconc_0.7_run_2.csv,5760.0,800.0,0,0.7,0.0,0.7,2,38.0,102269.0,305.408,39.8305,102269.0,0.0,0.999998,0.00218103
5760_dose_800_gradient_0_VconcST_0_Vconc_0.7_run_2.csv,5760.0,800.0,0,0.7,0.0,0.7,2,38.25,103094.0,300.201,40.1518,103094.0,0.0,0.999998,0.00217843
5760_dose_800_gradient_0_VconcST_0_Vconc_0.7_run_2.csv,5760.0,800.0,0,0.7,0.0,0.7,2,38.5,103895.0,295.083,40.4638,103895.0,0.0,0.999998,0.00218019
5760_dose_800_gradient_0_VconcST_0_Vconc_0.7_run_2.csv,5760.0,800.0,0,0.7,0.0,0.7,2,38.75,104673.0,290.052,40.7667,104673.0,0.0,0.999998,0.00217728
5760_dose_800_gradient_0_VconcST_0_Vconc_0.7_run_2.csv,5760.0,800.0,0,0.7,0.0,0.7,2,39.0,105427.0,285.107,41.0607,105427.0,0.0,0.999998,0.0021122
5760_dose_800_gradient_0_VconcST_0_Vconc_0.7_run_2.csv,5760.0,800.0,0,0.7,0.0,0.7,2,39.25,106160.0,280.246,41.3459,106160.0,0.0,0.999998,0.00211517
5760_dose_800_gradient_0_VconcST_0_Vconc_0.7_run_2.csv,5760.0,800.0,0,0.7,0.0,0.7,2,39.5,106870.0,275.468,41.6226,106870.0,0.0,0.999998,0.00211287
5760_dose_800_gradient_0_VconcST_0_Vconc_0.7_run_2.csv,5760.0,800.0,0,0.7,0.0,0.7,2,39.75,107559.0,270.772,41.8908,107559.0,0.0,0.999998,0.00211435
5760_dose_800_gradient_0_VconcST_0_Vconc_0.7_run_2.csv,5760.0,800.0,0,0.7,0.0,0.7,2,40.0,108226.0,266.156,42.1507,108226.0,0.0,0.999998,0.00211324
5760_dose_800_gradient_0_VconcST_0_Vconc_0.7_run_2.csv,5760.0,800.0,0,0.7,0.0,0.7,2,40.25,108873.0,261.618,42.4025,108873.0,0.0,0.999998,0.00204785
5760_dose_800_gradient_0_VconcST_0_Vconc_0.7_run_2.csv,5760.0,800.0,0,0.7,0.0,0.7,2,40.5,109499.0,257.158,42.6463,109499.0,0.0,0.999998,0.00204835
5760_dose_800_gradient_0_VconcST_0_Vconc_0.7_run_2.csv,5760.0,800.0,0,0.7,0.0,0.7,2,40.75,110105.0,252.774,42.8823,110105.0,0.0,0.999998,0.00204699
5760_dose_800_gradient_0_VconcST_0_Vconc_0.7_run_2.csv,5760.0,800.0,0,0.7,0.0,0.7,2,41.0,110691.0,248.464,43.1107,110691.0,0.0,0.999998,0.00204749
5760_dose_800_gradient_0_VconcST_0_Vconc_0.7_run_2.csv,5760.0,800.0,0,0.7,0.0,0.7,2,41.25,111258.0,244.228,43.3315,111258.0,0.0,0.999998,0.00204785
5760_dose_800_gradient_0_VconcST_0_Vconc_0.7_run_2.csv,5760.0,800.0,0,0.7,0.0,0.7,2,41.5,111806.0,240.064,43.5449,111806.0,0.0,0.999998,0.00204498
5760_dose_800_gradient_0_VconcST_0_Vconc_0.9_run_2.csv,5760.0,800.0,0,0.9,0.0,0.9,2,0.0,0.0,0.0,0.0,0.0,0.0,0.0,0.0
5760_dose_800_gradient_0_VconcST_0_Vconc_0.9_run_2.csv,5760.0,800.0,0,0.9,0.0,0.9,2,0.25,0.0,0.0,0.0,0.0,0.0,0.0,2431.0
5760_dose_800_gradient_0_VconcST_0_Vconc_0.9_run_2.csv,5760.0,800.0,0,0.9,0.0,0.9,2,0.5,0.0,0.0,0.0,0.0,0.0,0.0,32.4524
5760_dose_800_gradient_0_VconcST_0_Vconc_0.9_run_2.csv,5760.0,800.0,0,0.9,0.0,0.9,2,0.75,0.0,0.0,0.0,0.0,0.0,0.0,2401.63
5760_dose_800_gradient_0_VconcST_0_Vconc_0.9_run_2.csv,5760.0,800.0,0,0.9,0.0,0.9,2,1.0,0.0,0.0,0.0,0.0,0.0,0.0,32.9194
5760_dose_800_gradient_0_VconcST_0_Vconc_0.9_run_2.csv,5760.0,800.0,0,0.9,0.0,0.9,2,1.25,0.0,0.0,0.0,0.0,0.0,0.0,2275.04
5760_dose_800_gradient_0_VconcST_0_Vconc_0.9_run_2.csv,5760.0,800.0,0,0.9,0.0,0.9,2,1.5,0.0,0.0,0.0,0.0,0.0,0.0,32.7522
5760_dose_800_gradient_0_VconcST_0_Vconc_0.9_run_2.csv,5760.0,800.0,0,0.9,0.0,0.9,2,1.75,0.0,0.0,0.0,0.0,0.0,0.0,2371.3
5760_dose_800_gradient_0_VconcST_0_Vconc_0.9_run_2.csv,5760.0,800.0,0,0.9,0.0,0.9,2,2.0,0.0,0.0,0.0,0.0,0.0,0.0,32.1526
5760_dose_800_gradient_0_VconcST_0_Vconc_0.9_run_2.csv,5760.0,800.0,0,0.9,0.0,0.9,2,2.25,0.0,0.0,0.0,0.0,0.0,0.0,2356.21
5760_dose_800_gradient_0_VconcST_0_Vconc_0.9_run_2.csv,5760.0,800.0,0,0.9,0.0,0.9,2,2.5,0.0,0.0,0.0,0.0,0.0,0.0,32.9042
5760_dose_800_gradient_0_VconcST_0_Vconc_0.9_run_2.csv,5760.0,800.0,0,0.9,0.0,0.9,2,2.75,0.0,0.0,0.0,0.0,0.0,0.0,2300.87
5760_dose_800_gradient_0_VconcST_0_Vconc_0.9_run_2.csv,5760.0,800.0,0,0.9,0.0,0.9,2,3.0,0.0,0.0,0.0,0.0,0.0,0.0,33.2529
5760_dose_800_gradient_0_VconcST_0_Vconc_0.9_run_2.csv,5760.0,800.0,0,0.9,0.0,0.9,2,3.25,0.0,0.0,0.0,0.0,0.0,0.0,2432.97
5760_dose_800_gradient_0_VconcST_0_Vconc_0.9_run_2.csv,5760.0,800.0,0,0.9,0.0,0.9,2,3.5,0.0,0.0,0.0,0.0,0.0,0.0,34.9519
5760_dose_800_gradient_0_VconcST_0_Vconc_0.9_run_2.csv,5760.0,800.0,0,0.9,0.0,0.9,2,3.75,0.0,0.0,0.0,0.0,0.0,0.0,2281.36
5760_dose_800_gradient_0_VconcST_0_Vconc_0.9_run_2.csv,5760.0,800.0,0,0.9,0.0,0.9,2,4.0,0.0,0.0,0.0,0.0,0.0,0.0,35.1756
5760_dose_800_gradient_0_VconcST_0_Vconc_0.9_run_2.csv,5760.0,800.0,0,0.9,0.0,0.9,2,4.25,0.0,0.0,0.0,0.0,0.0,0.0,2325.58
5760_dose_800_gradient_0_VconcST_0_Vconc_0.9_run_2.csv,5760.0,800.0,0,0.9,0.0,0.9,2,4.5,0.0,0.0,0.0,0.0,0.0,0.0,35.5146
5760_dose_800_gradient_0_VconcST_0_Vconc_0.9_run_2.csv,5760.0,800.0,0,0.9,0.0,0.9,2,4.75,0.0,0.0,0.0,0.0,0.000677083,0.0,2153.82
5760_dose_800_gradient_0_VconcST_0_Vconc_0.9_run_2.csv,5760.0,800.0,0,0.9,0.0,0.9,2,5.0,0.0,0.0,0.0,0.0,0.0,0.0,35.8972
5760_dose_800_gradient_0_VconcST_0_Vconc_0.9_run_2.csv,5760.0,800.0,0,0.9,0.0,0.9,2,5.25,0.0,0.0,0.0,0.0,0.0,0.0,2246.44
5760_dose_800_gradient_0_VconcST_0_Vconc_0.9_run_2.csv,5760.0,800.0,0,0.9,0.0,0.9,2,5.5,0.0,0.0,0.0,0.0,0.0,0.0,37.0875
5760_dose_800_gradient_0_VconcST_0_Vconc_0.9_run_2.csv,5760.0,800.0,0,0.9,0.0,0.9,2,5.75,0.0,0.0,0.0,0.0,0.0,0.0,2160.54
5760_dose_800_gradient_0_VconcST_0_Vconc_0.9_run_2.csv,5760.0,800.0,0,0.9,0.0,0.9,2,6.0,0.0,0.0,0.0,0.0,0.0,0.0,38.3345
5760_dose_800_gradient_0_VconcST_0_Vconc_0.9_run_2.csv,5760.0,800.0,0,0.9,0.0,0.9,2,6.25,0.0,0.0,0.0,0.0,0.0,0.0,2205.33
5760_dose_800_gradient_0_VconcST_0_Vconc_0.9_run_2.csv,5760.0,800.0,0,0.9,0.0,0.9,2,6.5,0.0,0.0,0.0,0.0,0.0,0.0,54.4438
5760_dose_800_gradient_0_VconcST_0_Vconc_0.9_run_2.csv,5760.0,800.0,0,0.9,0.0,0.9,2,6.75,0.0,0.0,0.0,0.0,0.0,0.0,2151.8
5760_dose_800_gradient_0_VconcST_0_Vconc_0.9_run_2.csv,5760.0,800.0,0,0.9,0.0,0.9,2,7.0,0.0,0.0,0.0,0.0,0.0,0.0,129.979
5760_dose_800_gradient_0_VconcST_0_Vconc_0.9_run_2.csv,5760.0,800.0,0,0.9,0.0,0.9,2,7.25,0.0,0.0,0.0,0.0,0.00140625,0.0,2080.88
5760_dose_800_gradient_0_VconcST_0_Vconc_0.9_run_2.csv,5760.0,800.0,0,0.9,0.0,0.9,2,7.5,0.0,0.0,0.0,0.0,0.0,0.0,69.68
5760_dose_800_gradient_0_VconcST_0_Vconc_0.9_run_2.csv,5760.0,800.0,0,0.9,0.0,0.9,2,7.75,0.0,0.0,0.0,0.0,0.0,0.0,2145.98
5760_dose_800_gradient_0_VconcST_0_Vconc_0.9_run_2.csv,5760.0,800.0,0,0.9,0.0,0.9,2,8.0,0.0,0.0,0.0,0.0,0.0,0.0,98.3148
5760_dose_800_gradient_0_VconcST_0_Vconc_0.9_run_2.csv,5760.0,800.0,0,0.9,0.0,0.9,2,8.25,0.0,0.0,0.0,0.0,0.0,0.0,2081.52
5760_dose_800_gradient_0_VconcST_0_Vconc_0.9_run_2.csv,5760.0,800.0,0,0.9,0.0,0.9,2,8.5,0.0,0.0,0.0,0.0,0.0,0.0,178.709
5760_dose_800_gradient_0_VconcST_0_Vconc_0.9_run_2.csv,5760.0,800.0,0,0.9,0.0,0.9,2,8.75,0.0,0.0,0.0,0.0,0.0,0.0,2003.23
5760_dose_800_gradient_0_VconcST_0_Vconc_0.9_run_2.csv,5760.0,800.0,0,0.9,0.0,0.9,2,9.0,0.0,0.0,0.0,0.0,0.0,0.0,248.754
5760_dose_800_gradient_0_VconcST_0_Vconc_0.9_run_2.csv,5760.0,800.0,0,0.9,0.0,0.9,2,9.25,0.0,0.0,0.0,0.0,0.00984375,0.0,2045.23
5760_dose_800_gradient_0_VconcST_0_Vconc_0.9_run_2.csv,5760.0,800.0,0,0.9,0.0,0.9,2,9.5,0.0,0.0,0.0,0.0,0.0,0.0,297.045
5760_dose_800_gradient_0_VconcST_0_Vconc_0.9_run_2.csv,5760.0,800.0,0,0.9,0.0,0.9,2,9.75,0.0,0.0,0.0,0.0,0.0120161,0.0,1874.54
5760_dose_800_gradient_0_VconcST_0_Vconc_0.9_run_2.csv,5760.0,800.0,0,0.9,0.0,0.9,2,10.0,0.0,0.0,0.0,0.0,0.0,0.0,395.507
5760_dose_800_gradient_0_VconcST_0_Vconc_0.9_run_2.csv,5760.0,800.0,0,0.9,0.0,0.9,2,10.25,0.0,0.0,0.0,0.0,0.0,0.0,1827.32
5760_dose_800_gradient_0_VconcST_0_Vconc_0.9_run_2.csv,5760.0,800.0,0,0.9,0.0,0.9,2,10.5,0.0,0.0,0.0,0.0,0.0,0.0,476.471
5760_dose_800_gradient_0_VconcST_0_Vconc_0.9_run_2.csv,5760.0,800.0,0,0.9,0.0,0.9,2,10.75,0.0,0.0,0.0,0.0,0.0,0.0,1856.82
5760_dose_800_gradient_0_VconcST_0_Vconc_0.9_run_2.csv,5760.0,800.0,0,0.9,0.0,0.9,2,11.0,0.0,0.0,0.0,0.0,0.0,0.0,599.411
5760_dose_800_gradient_0_VconcST_0_Vconc_0.9_run_2.csv,5760.0,800.0,0,0.9,0.0,0.9,2,11.25,0.0,0.0,0.0,0.0,0.0,0.0,1686.54
5760_dose_800_gradient_0_VconcST_0_Vconc_0.9_run_2.csv,5760.0,800.0,0,0.9,0.0,0.9,2,11.5,0.0,0.0,0.0,0.0,0.0,0.0,718.828
5760_dose_800_gradient_0_VconcST_0_Vconc_0.9_run_2.csv,5760.0,800.0,0,0.9,0.0,0.9,2,11.75,0.0,0.0,0.0,0.0,0.0147656,0.0,1779.78
5760_dose_800_gradient_0_VconcST_0_Vconc_0.9_run_2.csv,5760.0,800.0,0,0.9,0.0,0.9,2,12.0,0.0,0.0,0.0,0.0,0.0,0.0,887.209
5760_dose_800_gradient_0_VconcST_0_Vconc_0.9_run_2.csv,5760.0,800.0,0,0.9,0.0,0.9,2,12.25,0.0,0.0,0.0,0.0,0.0247548,0.0,1677.82
5760_dose_800_gradient_0_VconcST_0_Vconc_0.9_run_2.csv,5760.0,800.0,0,0.9,0.0,0.9,2,12.5,0.0,0.0,0.0,0.0,0.00633681,0.0,1353.97
5760_dose_800_gradient_0_VconcST_0_Vconc_0.9_run_2.csv,5760.0,800.0,0,0.9,0.0,0.9,2,12.75,0.0,0.0,0.0,0.0,0.0625868,0.0,2203.15
5760_dose_800_gradient_0_VconcST_0_Vconc_0.9_run_2.csv,5760.0,800.0,0,0.9,0.0,0.9,2,13.0,0.0,0.0,0.0,0.0,0.142188,0.0,2417.39
5760_dose_800_gradient_0_VconcST_0_Vconc_0.9_run_2.csv,5760.0,800.0,0,0.9,0.0,0.9,2,13.25,0.0,0.0,0.0,0.0,0.257292,0.0,2512.51
5760_dose_800_gradient_0_VconcST_0_Vconc_0.9_run_2.csv,5760.0,800.0,0,0.9,0.0,0.9,2,13.5,0.0,0.0,0.0,0.0,0.388455,0.0,2527.53
5760_dose_800_gradient_0_VconcST_0_Vconc_0.9_run_2.csv,5760.0,800.0,0,0.9,0.0,0.9,2,13.75,0.0,0.0,0.0,0.0,0.551649,0.0,2555.28
5760_dose_800_gradient_0_VconcST_0_Vconc_0.9_run_2.csv,5760.0,800.0,0,0.9,0.0,0.9,2,14.0,0.0,0.0,0.0,0.0,0.705794,0.0,2496.71
5760_dose_800_gradient_0_VconcST_0_Vconc_0.9_run_2.csv,5760.0,800.0,0,0.9,0.0,0.9,2,14.25,0.0,0.0,0.0,0.0,0.895833,0.0,2484.79
5760_dose_800_gradient_0_VconcST_0_Vconc_0.9_run_2.csv,5760.0,800.0,0,0.9,0.0,0.9,2,14.5,0.0,0.0,0.0,0.0,1.0,0.0,2496.08
5760_dose_800_gradient_0_VconcST_0_Vconc_0.9_run_2.csv,5760.0,800.0,0,0.9,0.0,0.9,2,14.75,0.0,0.0,0.0,0.0,1.0,0.0,2546.0
5760_dose_800_gradient_0_VconcST_0_Vconc_0.9_run_2.csv,5760.0,800.0,0,0.9,0.0,0.9,2,15.0,0.0,0.0,0.0,0.0,1.0,0.0,2519.44
5760_dose_800_gradient_0_VconcST_0_Vconc_0.9_run_2.csv,5760.0,800.0,0,0.9,0.0,0.9,2,15.25,0.0,0.0,0.0,0.0,1.0,0.0,2537.39
5760_dose_800_gradient_0_VconcST_0_Vconc_0.9_run_2.csv,5760.0,800.0,0,0.9,0.0,0.9,2,15.5,0.0,0.0,0.0,0.0,1.0,0.0,2519.73
5760_dose_800_gradient_0_VconcST_0_Vconc_0.9_run_2.csv,5760.0,800.0,0,0.9,0.0,0.9,2,15.75,0.0,0.0,0.0,0.0,1.0,0.0,2519.26
5760_dose_800_gradient_0_VconcST_0_Vconc_0.9_run_2.csv,5760.0,800.0,0,0.9,0.0,0.9,2,16.0,0.0,0.0,0.0,0.0,1.0,0.0,2546.94
5760_dose_800_gradient_0_VconcST_0_Vconc_0.9_run_2.csv,5760.0,800.0,0,0.9,0.0,0.9,2,16.25,0.0,0.0,0.0,0.0,1.0,0.0,2470.91
5760_dose_800_gradient_0_VconcST_0_Vconc_0.9_run_2.csv,5760.0,800.0,0,0.9,0.0,0.9,2,16.5,0.0,0.0,0.0,0.0,1.0,0.0,2545.59
5760_dose_800_gradient_0_VconcST_0_Vconc_0.9_run_2.csv,5760.0,800.0,0,0.9,0.0,0.9,2,16.75,0.0,0.0,0.0,0.0,1.0,0.0,2534.98
5760_dose_800_gradient_0_VconcST_0_Vconc_0.9_run_2.csv,5760.0,800.0,0,0.9,0.0,0.9,2,17.0,0.0,0.0,0.0,0.0,1.0,0.0,2439.46
5760_dose_800_gradient_0_VconcST_0_Vconc_0.9_run_2.csv,5760.0,800.0,0,0.9,0.0,0.9,2,17.25,0.0,0.0,0.0,0.0,1.0,0.0,2479.33
5760_dose_800_gradient_0_VconcST_0_Vconc_0.9_run_2.csv,5760.0,800.0,0,0.9,0.0,0.9,2,17.5,0.0,0.0,0.0,0.0,1.0,0.0,2478.61
5760_dose_800_gradient_0_VconcST_0_Vconc_0.9_run_2.csv,5760.0,800.0,0,0.9,0.0,0.9,2,17.75,0.0,0.0,0.0,0.0,1.0,0.0,2467.28
5760_dose_800_gradient_0_VconcST_0_Vconc_0.9_run_2.csv,5760.0,800.0,0,0.9,0.0,0.9,2,18.0,0.0,0.0,0.0,0.0,1.0,0.0,2506.69
5760_dose_800_gradient_0_VconcST_0_Vconc_0.9_run_2.csv,5760.0,800.0,0,0.9,0.0,0.9,2,18.25,0.0,0.0,0.0,0.0,1.0,0.0,2535.78
5760_dose_800_gradient_0_VconcST_0_Vconc_0.9_run_2.csv,5760.0,800.0,0,0.9,0.0,0.9,2,18.5,0.0,0.0,0.0,0.0,1.0,0.0,2478.85
5760_dose_800_gradient_0_VconcST_0_Vconc_0.9_run_2.csv,5760.0,800.0,0,0.9,0.0,0.9,2,18.75,0.0,0.0,0.0,0.0,1.0,0.0,2484.07
5760_dose_800_gradient_0_VconcST_0_Vconc_0.9_run_2.csv,5760.0,800.0,0,0.9,0.0,0.9,2,19.0,0.0,0.0,0.0,0.0,1.0,0.0,2532.36
5760_dose_800_gradient_0_VconcST_0_Vconc_0.9_run_2.csv,5760.0,800.0,0,0.9,0.0,0.9,2,19.25,0.0,0.0,0.0,0.0,1.0,0.0,2510.49
5760_dose_800_gradient_0_VconcST_0_Vconc_0.9_run_2.csv,5760.0,800.0,0,0.9,0.0,0.9,2,19.5,0.0,0.0,0.0,0.0,1.0,0.0,2578.42
5760_dose_800_gradient_0_VconcST_0_Vconc_0.9_run_2.csv,5760.0,800.0,0,0.9,0.0,0.9,2,19.75,0.0,0.0,0.0,0.0,1.0,0.0,2571.92
5760_dose_800_gradient_0_VconcST_0_Vconc_0.9_run_2.csv,5760.0,800.0,0,0.9,0.0,0.9,2,20.0,0.0,0.0,0.0,0.0,1.0,0.0,2522.17
5760_dose_800_gradient_0_VconcST_0_Vconc_0.9_run_2.csv,5760.0,800.0,0,0.9,0.0,0.9,2,20.25,0.0,0.0,0.0,0.0,1.0,0.0,2529.14
5760_dose_800_gradient_0_VconcST_0_Vconc_0.9_run_2.csv,5760.0,800.0,0,0.9,0.0,0.9,2,20.5,0.0,0.0,0.0,0.0,1.0,0.0,2527.96
5760_dose_800_gradient_0_VconcST_0_Vconc_0.9_run_2.csv,5760.0,800.0,0,0.9,0.0,0.9,2,20.75,0.0,0.0,0.0,0.0,1.0,0.0,2567.43
5760_dose_800_gradient_0_VconcST_0_Vconc_0.9_run_2.csv,5760.0,800.0,0,0.9,0.0,0.9,2,21.0,0.0,0.0,0.0,0.0,1.0,0.0,2459.73
5760_dose_800_gradient_0_VconcST_0_Vconc_0.9_run_2.csv,5760.0,800.0,0,0.9,0.0,0.9,2,21.25,0.0,0.0,0.0,0.0,1.0,0.0,2526.75
5760_dose_800_gradient_0_VconcST_0_Vconc_0.9_run_2.csv,5760.0,800.0,0,0.9,0.0,0.9,2,21.5,0.0,0.0,0.0,0.0,1.0,0.0,2530.77
5760_dose_800_gradient_0_VconcST_0_Vconc_0.9_run_2.csv,5760.0,800.0,0,0.9,0.0,0.9,2,21.75,0.0,0.0,0.0,0.0,1.0,0.0,2507.88
5760_dose_800_gradient_0_VconcST_0_Vconc_0.9_run_2.csv,5760.0,800.0,0,0.9,0.0,0.9,2,22.0,0.0,0.0,0.0,0.0,1.0,0.0,2406.56
5760_dose_800_gradient_0_VconcST_0_Vconc_0.9_run_2.csv,5760.0,800.0,0,0.9,0.0,0.9,2,22.25,0.0,0.0,0.0,0.0,1.0,0.0,2472.49
5760_dose_800_gradient_0_VconcST_0_Vconc_0.9_run_2.csv,5760.0,800.0,0,0.9,0.0,0.9,2,22.5,0.0,0.0,0.0,0.0,1.0,0.0,2487.94
5760_dose_800_gradient_0_VconcST_0_Vconc_0.9_run_2.csv,5760.0,800.0,0,0.9,0.0,0.9,2,22.75,0.0,0.0,0.0,0.0,1.0,0.0,2461.38
5760_dose_800_gradient_0_VconcST_0_Vconc_0.9_run_2.csv,5760.0,800.0,0,0.9,0.0,0.9,2,23.0,0.0,0.0,0.0,0.0,1.0,0.0,2485.92
5760_dose_800_gradient_0_VconcST_0_Vconc_0.9_run_2.csv,5760.0,800.0,0,0.9,0.0,0.9,2,23.25,0.0,0.0,0.0,0.0,1.0,0.0,2492.85
5760_dose_800_gradient_0_VconcST_0_Vconc_0.9_run_2.csv,5760.0,800.0,0,0.9,0.0,0.9,2,23.5,0.0,0.0,0.0,0.0,1.0,0.0,2512.4
5760_dose_800_gradient_0_VconcST_0_Vconc_0.9_run_2.csv,5760.0,800.0,0,0.9,0.0,0.9,2,23.75,0.0,0.0,0.0,0.0,1.0,0.0,2528.46
5760_dose_800_gradient_0_VconcST_0_Vconc_0.9_run_2.csv,5760.0,800.0,0,0.9,0.0,0.9,2,24.0,53.5098,800.0,0.0208404,53.5098,1.0,0.0,2515.53
5760_dose_800_gradient_0_VconcST_0_Vconc_0.9_run_2.csv,5760.0,800.0,0,0.9,0.0,0.9,2,24.25,3230.04,786.361,1.258,3230.04,0.0,0.999937,0.089164
5760_dose_800_gradient_0_VconcST_0_Vconc_0.9_run_2.csv,5760.0,800.0,0,0.9,0.0,0.9,2,24.5,6340.36,772.954,2.46937,6340.36,0.0,0.999968,0.0587741
5760_dose_800_gradient_0_VconcST_0_Vconc_0.9_run_2.csv,5760.0,800.0,0,0.9,0.0,0.9,2,24.75,9385.65,759.777,3.65542,9385.65,0.0,0.999979,0.0360197
5760_dose_800_gradient_0_VconcST_0_Vconc_0.9_run_2.csv,5760.0,800.0,0,0.9,0.0,0.9,2,25.0,12367.1,746.823,4.81659,12367.1,0.0,0.999984,0.0260614
5760_dose_800_gradient_0_VconcST_0_Vconc_0.9_run_2.csv,5760.0,800.0,0,0.9,0.0,0.9,2,25.25,15285.7,734.092,5.95332,15285.7,0.0,0.999987,0.0205248
5760_dose_800_gradient_0_VconcST_0_Vconc_0.9_run_2.csv,5760.0,800.0,0,0.9,0.0,0.9,2,25.5,18142.8,721.576,7.06605,18142.8,0.0,0.999989,0.0168779
5760_dose_800_gradient_0_VconcST_0_Vconc_0.9_run_2.csv,5760.0,800.0,0,0.9,0.0,0.9,2,25.75,20939.3,709.274,8.15521,20939.3,0.0,0.99999,0.0145031
5760_dose_800_gradient_0_VconcST_0_Vconc_0.9_run_2.csv,5760.0,800.0,0,0.9,0.0,0.9,2,26.0,23676.4,697.182,9.22121,23676.4,0.0,0.999992,0.0126528
5760_dose_800_gradient_0_VconcST_0_Vconc_0.9_run_2.csv,5760.0,800.0,0,0.9,0.0,0.9,2,26.25,26355.0,685.296,10.2645,26355.0,0.0,0.999992,0.0112803
5760_dose_800_gradient_0_VconcST_0_Vconc_0.9_run_2.csv,5760.0,800.0,0,0.9,0.0,0.9,2,26.5,28976.4,673.613,11.2854,28976.4,0.0,0.999993,0.0102758
5760_dose_800_gradient_0_VconcST_0_Vconc_0.9_run_2.csv,5760.0,800.0,0,0.9,0.0,0.9,2,26.75,31541.3,662.128,12.2844,31541.3,0.0,0.999994,0.00934925
5760_dose_800_gradient_0_VconcST_0_Vconc_0.9_run_2.csv,5760.0,800.0,0,0.9,0.0,0.9,2,27.0,34051.0,650.84,13.2618,34051.0,0.0,0.999994,0.00865103
5760_dose_800_gradient_0_VconcST_0_Vconc_0.9_run_2.csv,5760.0,800.0,0,0.9,0.0,0.9,2,27.25,36506.3,639.744,14.2181,36506.3,0.0,0.999995,0.00806133
5760_dose_800_gradient_0_VconcST_0_Vconc_0.9_run_2.csv,5760.0,800.0,0,0.9,0.0,0.9,2,27.5,38908.2,628.837,15.1535,38908.2,0.0,0.999995,0.0075591
5760_dose_800_gradient_0_VconcST_0_Vconc_0.9_run_2.csv,5760.0,800.0,0,0.9,0.0,0.9,2,27.75,41257.7,618.116,16.0686,41257.7,0.0,0.999995,0.00703959
5760_dose_800_gradient_0_VconcST_0_Vconc_0.9_run_2.csv,5760.0,800.0,0,0.9,0.0,0.9,2,28.0,43555.8,607.578,16.9636,43555.8,0.0,0.999995,0.00670034
5760_dose_800_gradient_0_VconcST_0_Vconc_0.9_run_2.csv,5760.0,800.0,0,0.9,0.0,0.9,2,28.25,45803.3,597.219,17.839,45803.3,0.0,0.999996,0.00636421
5760_dose_800_gradient_0_VconcST_0_Vconc_0.9_run_2.csv,5760.0,800.0,0,0.9,0.0,0.9,2,28.5,48001.1,587.037,18.6949,48001.1,0.0,0.999996,0.00603534
5760_dose_800_gradient_0_VconcST_0_Vconc_0.9_run_2.csv,5760.0,800.0,0,0.9,0.0,0.9,2,28.75,50150.2,577.029,19.5319,50150.2,0.0,0.999996,0.00577669
5760_dose_800_gradient_0_VconcST_0_Vconc_0.9_run_2.csv,5760.0,800.0,0,0.9,0.0,0.9,2,29.0,52251.3,567.191,20.3503,52251.3,0.0,0.999996,0.00551294
5760_dose_800_gradient_0_VconcST_0_Vconc_0.9_run_2.csv,5760.0,800.0,0,0.9,0.0,0.9,2,29.25,54305.5,557.521,21.1503,54305.5,0.0,0.999996,0.00535081
5760_dose_800_gradient_0_VconcST_0_Vconc_0.9_run_2.csv,5760.0,800.0,0,0.9,0.0,0.9,2,29.5,56313.4,548.016,21.9323,56313.4,0.0,0.999996,0.00508886
5760_dose_800_gradient_0_VconcST_0_Vconc_0.9_run_2.csv,5760.0,800.0,0,0.9,0.0,0.9,2,29.75,58276.0,538.673,22.6967,58276.0,0.0,0.999997,0.00492752
5760_dose_800_gradient_0_VconcST_0_Vconc_0.9_run_2.csv,5760.0,800.0,0,0.9,0.0,0.9,2,30.0,60194.1,529.49,23.4437,60194.1,0.0,0.999997,0.00474959
5760_dose_800_gradient_0_VconcST_0_Vconc_0.9_run_2.csv,5760.0,800.0,0,0.9,0.0,0.9,2,30.25,62068.4,520.462,24.1737,62068.4,0.0,0.999997,0.00466479
5760_dose_800_gradient_0_VconcST_0_Vconc_0.9_run_2.csv,5760.0,800.0,0,0.9,0.0,0.9,2,30.5,63899.7,511.589,24.887,63899.7,0.0,0.999997,0.00450242
5760_dose_800_gradient_0_VconcST_0_Vconc_0.9_run_2.csv,5760.0,800.0,0,0.9,0.0,0.9,2,30.75,65688.9,502.867,25.5838,65688.9,0.0,0.999997,0.00442151
5760_dose_800_gradient_0_VconcST_0_Vconc_0.9_run_2.csv,5760.0,800.0,0,0.9,0.0,0.9,2,31.0,67436.6,494.294,26.2645,67436.6,0.0,0.999997,0.00432552
5760_dose_800_gradient_0_VconcST_0_Vconc_0.9_run_2.csv,5760.0,800.0,0,0.9,0.0,0.9,2,31.25,69143.7,485.867,26.9293,69143.7,0.0,0.999997,0.00425249
5760_dose_800_gradient_0_VconcST_0_Vconc_0.9_run_2.csv,5760.0,800.0,0,0.9,0.0,0.9,2,31.5,70810.9,477.583,27.5786,70810.9,0.0,0.999997,0.00415796
5760_dose_800_gradient_0_VconcST_0_Vconc_0.9_run_2.csv,5760.0,800.0,0,0.9,0.0,0.9,2,31.75,72438.8,469.441,28.2127,72438.8,0.0,0.999997,0.00407308
5760_dose_800_gradient_0_VconcST_0_Vconc_0.9_run_2.csv,5760.0,800.0,0,0.9,0.0,0.9,2,32.0,74028.2,461.438,28.8317,74028.2,0.0,0.999997,0.00399567
5760_dose_800_gradient_0_VconcST_0_Vconc_0.9_run_2.csv,5760.0,800.0,0,0.9,0.0,0.9,2,32.25,75579.8,453.571,29.436,75579.8,0.0,0.999997,0.00391119
5760_dose_800_gradient_0_VconcST_0_Vconc_0.9_run_2.csv,5760.0,800.0,0,0.9,0.0,0.9,2,32.5,77094.3,445.838,30.0259,77094.3,0.0,0.999997,0.00381853
5760_dose_800_gradient_0_VconcST_0_Vconc_0.9_run_2.csv,5760.0,800.0,0,0.9,0.0,0.9,2,32.75,78572.4,438.237,30.6015,78572.4,0.0,0.999997,0.00374128
5760_dose_800_gradient_0_VconcST_0_Vconc_0.9_run_2.csv,5760.0,800.0,0,0.9,0.0,0.9,2,33.0,80014.7,430.765,31.1632,80014.7,0.0,0.999997,0.00365034
5760_dose_800_gradient_0_VconcST_0_Vconc_0.9_run_2.csv,5760.0,800.0,0,0.9,0.0,0.9,2,33.25,81421.8,423.421,31.7113,81421.8,0.0,0.999997,0.00357724
5760_dose_800_gradient_0_VconcST_0_Vconc_0.9_run_2.csv,5760.0,800.0,0,0.9,0.0,0.9,2,33.5,82794.4,416.203,32.2459,82794.4,0.0,0.999998,0.00349181
5760_dose_800_gradient_0_VconcST_0_Vconc_0.9_run_2.csv,5760.0,800.0,0,0.9,0.0,0.9,2,33.75,84133.2,409.107,32.7673,84133.2,0.0,0.999998,0.00348301
5760_dose_800_gradient_0_VconcST_0_Vconc_0.9_run_2.csv,5760.0,800.0,0,0.9,0.0,0.9,2,34.0,85438.7,402.132,33.2757,85438.7,0.0,0.999998,0.00339425
5760_dose_800_gradient_0_VconcST_0_Vconc_0.9_run_2.csv,5760.0,800.0,0,0.9,0.0,0.9,2,34.25,86711.5,395.276,33.7715,86711.5,0.0,0.999998,0.00339675
5760_dose_800_gradient_0_VconcST_0_Vconc_0.9_run_2.csv,5760.0,800.0,0,0.9,0.0,0.9,2,34.5,87952.4,388.537,34.2547,87952.4,0.0,0.999998,0.00330776
5760_dose_800_gradient_0_VconcST_0_Vconc_0.9_run_2.csv,5760.0,800.0,0,0.9,0.0,0.9,2,34.75,89161.7,381.913,34.7257,89161.7,0.0,0.999998,0.00322294
5760_dose_800_gradient_0_VconcST_0_Vconc_0.9_run_2.csv,5760.0,800.0,0,0.9,0.0,0.9,2,35.0,90340.2,375.402,35.1847,90340.2,0.0,0.999998,0.00322713
5760_dose_800_gradient_0_VconcST_0_Vconc_0.9_run_2.csv,5760.0,800.0,0,0.9,0.0,0.9,2,35.25,91488.3,369.002,35.6319,91488.3,0.0,0.999998,0.00314674
5760_dose_800_gradient_0_VconcST_0_Vconc_0.9_run_2.csv,5760.0,800.0,0,0.9,0.0,0.9,2,35.5,92606.7,362.711,36.0674,92606.7,0.0,0.999998,0.0031527
5760_dose_800_gradient_0_VconcST_0_Vconc_0.9_run_2.csv,5760.0,800.0,0,0.9,0.0,0.9,2,35.75,93695.8,356.527,36.4916,93695.8,0.0,0.999998,0.00314476
5760_dose_800_gradient_0_VconcST_0_Vconc_0.9_run_2.csv,5760.0,800.0,0,0.9,0.0,0.9,2,36.0,94756.3,350.449,36.9046,94756.3,0.0,0.999998,0.00305332
5760_dose_800_gradient_0_VconcST_0_Vconc_0.9_run_2.csv,5760.0,800.0,0,0.9,0.0,0.9,2,36.25,95788.6,344.474,37.3067,95788.6,0.0,0.999998,0.00305697
5760_dose_800_gradient_0_VconcST_0_Vconc_0.9_run_2.csv,5760.0,800.0,0,0.9,0.0,0.9,2,36.5,96793.2,338.601,37.698,96793.2,0.0,0.999998,0.00297153
5760_dose_800_gradient_0_VconcST_0_Vconc_0.9_run_2.csv,5760.0,800.0,0,0.9,0.0,0.9,2,36.75,97770.8,332.828,38.0787,97770.8,0.0,0.999998,0.00297299
5760_dose_800_gradient_0_VconcST_0_Vconc_0.9_run_2.csv,5760.0,800.0,0,0.9,0.0,0.9,2,37.0,98721.6,327.154,38.449,98721.6,0.0,0.999998,0.00298123
5760_dose_800_gradient_0_VconcST_0_Vconc_0.9_run_2.csv,5760.0,800.0,0,0.9,0.0,0.9,2,37.25,99646.4,321.576,38.8092,99646.4,0.0,0.999998,0.00288774
5760_dose_800_gradient_0_VconcST_0_Vconc_0.9_run_2.csv,5760.0,800.0,0,0.9,0.0,0.9,2,37.5,100546.0,316.094,39.1594,100546.0,0.0,0.999998,0.0028921
5760_dose_800_gradient_0_VconcST_0_Vconc_0.9_run_2.csv,5760.0,800.0,0,0.9,0.0,0.9,2,37.75,101419.0,310.705,39.4997,101419.0,0.0,0.999998,0.0028925
5760_dose_800_gradient_0_VconcST_0_Vconc_0.9_run_2.csv,5760.0,800.0,0,0.9,0.0,0.9,2,38.0,102269.0,305.408,39.8305,102269.0,0.0,0.999998,0.00280713
5760_dose_800_gradient_0_VconcST_0_Vconc_0.9_run_2.csv,5760.0,800.0,0,0.9,0.0,0.9,2,38.25,103094.0,300.201,40.1518,103094.0,0.0,0.999998,0.00280487
5760_dose_800_gradient_0_VconcST_0_Vconc_0.9_run_2.csv,5760.0,800.0,0,0.9,0.0,0.9,2,38.5,103895.0,295.083,40.4638,103895.0,0.0,0.999998,0.00279887
5760_dose_800_gradient_0_VconcST_0_Vconc_0.9_run_2.csv,5760.0,800.0,0,0.9,0.0,0.9,2,38.75,104673.0,290.052,40.7667,104673.0,0.0,0.999998,0.00280369
5760_dose_800_gradient_0_VconcST_0_Vconc_0.9_run_2.csv,5760.0,800.0,0,0.9,0.0,0.9,2,39.0,105427.0,285.107,41.0607,105427.0,0.0,0.999998,0.00271865
5760_dose_800_gradient_0_VconcST_0_Vconc_0.9_run_2.csv,5760.0,800.0,0,0.9,0.0,0.9,2,39.25,106160.0,280.246,41.3459,106160.0,0.0,0.999998,0.00271407
5760_dose_800_gradient_0_VconcST_0_Vconc_0.9_run_2.csv,5760.0,800.0,0,0.9,0.0,0.9,2,39.5,106870.0,275.468,41.6226,106870.0,0.0,0.999998,0.00271569
5760_dose_800_gradient_0_VconcST_0_Vconc_0.9_run_2.csv,5760.0,800.0,0,0.9,0.0,0.9,2,39.75,107559.0,270.772,41.8908,107559.0,0.0,0.999998,0.00272179
5760_dose_800_gradient_0_VconcST_0_Vconc_0.9_run_2.csv,5760.0,800.0,0,0.9,0.0,0.9,2,40.0,108226.0,266.156,42.1507,108226.0,0.0,0.999998,0.00271817
5760_dose_800_gradient_0_VconcST_0_Vconc_0.9_run_2.csv,5760.0,800.0,0,0.9,0.0,0.9,2,40.25,108873.0,261.618,42.4025,108873.0,0.0,0.999998,0.00263618
5760_dose_800_gradient_0_VconcST_0_Vconc_0.9_run_2.csv,5760.0,800.0,0,0.9,0.0,0.9,2,40.5,109499.0,257.158,42.6463,109499.0,0.0,0.999998,0.00262925
5760_dose_800_gradient_0_VconcST_0_Vconc_0.9_run_2.csv,5760.0,800.0,0,0.9,0.0,0.9,2,40.75,110105.0,252.774,42.8823,110105.0,0.0,0.999998,0.00262925
5760_dose_800_gradient_0_VconcST_0_Vconc_0.9_run_2.csv,5760.0,800.0,0,0.9,0.0,0.9,2,41.0,110691.0,248.464,43.1107,110691.0,0.0,0.999998,0.00263664
5760_dose_800_gradient_0_VconcST_0_Vconc_0.9_run_2.csv,5760.0,800.0,0,0.9,0.0,0.9,2,41.25,111258.0,244.228,43.3315,111258.0,0.0,0.999998,0.00263331
5760_dose_800_gradient_0_VconcST_0_Vconc_0.9_run_2.csv,5760.0,800.0,0,0.9,0.0,0.9,2,41.5,111806.0,240.064,43.5449,111806.0,0.0,0.999998,0.00262925
5760_dose_750_gradient_0_VconcST_0_Vconc_0.9_run_2.csv,5760.0,750.0,0,0.9,0.0,0.9,2,0.0,0.0,0.0,0.0,0.0,0.0,0.0,0.0
5760_dose_750_gradient_0_VconcST_0_Vconc_0.9_run_2.csv,5760.0,750.0,0,0.9,0.0,0.9,2,0.25,0.0,0.0,0.0,0.0,0.0,0.0,2402.5
5760_dose_750_gradient_0_VconcST_0_Vconc_0.9_run_2.csv,5760.0,750.0,0,0.9,0.0,0.9,2,0.5,0.0,0.0,0.0,0.0,0.0,0.0,32.7826
5760_dose_750_gradient_0_VconcST_0_Vconc_0.9_run_2.csv,5760.0,750.0,0,0.9,0.0,0.9,2,0.75,0.0,0.0,0.0,0.0,0.0,0.0,2305.65
5760_dose_750_gradient_0_VconcST_0_Vconc_0.9_run_2.csv,5760.0,750.0,0,0.9,0.0,0.9,2,1.0,0.0,0.0,0.0,0.0,0.0,0.0,31.5986
5760_dose_750_gradient_0_VconcST_0_Vconc_0.9_run_2.csv,5760.0,750.0,0,0.9,0.0,0.9,2,1.25,0.0,0.0,0.0,0.0,0.0,0.0,2331.44
5760_dose_750_gradient_0_VconcST_0_Vconc_0.9_run_2.csv,5760.0,750.0,0,0.9,0.0,0.9,2,1.5,0.0,0.0,0.0,0.0,0.0,0.0,32.8478
5760_dose_750_gradient_0_VconcST_0_Vconc_0.9_run_2.csv,5760.0,750.0,0,0.9,0.0,0.9,2,1.75,0.0,0.0,0.0,0.0,0.0,0.0,2340.07
5760_dose_750_gradient_0_VconcST_0_Vconc_0.9_run_2.csv,5760.0,750.0,0,0.9,0.0,0.9,2,2.0,0.0,0.0,0.0,0.0,0.0,0.0,32.926
5760_dose_750_gradient_0_VconcST_0_Vconc_0.9_run_2.csv,5760.0,750.0,0,0.9,0.0,0.9,2,2.25,0.0,0.0,0.0,0.0,0.0,0.0,2297.82
5760_dose_750_gradient_0_VconcST_0_Vconc_0.9_run_2.csv,5760.0,750.0,0,0.9,0.0,0.9,2,2.5,0.0,0.0,0.0,0.0,0.0,0.0,32.6294
5760_dose_750_gradient_0_VconcST_0_Vconc_0.9_run_2.csv,5760.0,750.0,0,0.9,0.0,0.9,2,2.75,0.0,0.0,0.0,0.0,0.0,0.0,2383.33
5760_dose_750_gradient_0_VconcST_0_Vconc_0.9_run_2.csv,5760.0,750.0,0,0.9,0.0,0.9,2,3.0,0.0,0.0,0.0,0.0,0.0,0.0,33.5701
5760_dose_750_gradient_0_VconcST_0_Vconc_0.9_run_2.csv,5760.0,750.0,0,0.9,0.0,0.9,2,3.25,0.0,0.0,0.0,0.0,0.0,0.0,2228.82
5760_dose_750_gradient_0_VconcST_0_Vconc_0.9_run_2.csv,5760.0,750.0,0,0.9,0.0,0.9,2,3.5,0.0,0.0,0.0,0.0,0.0,0.0,34.173
5760_dose_750_gradient_0_VconcST_0_Vconc_0.9_run_2.csv,5760.0,750.0,0,0.9,0.0,0.9,2,3.75,0.0,0.0,0.0,0.0,0.0,0.0,2270.77
5760_dose_750_gradient_0_VconcST_0_Vconc_0.9_run_2.csv,5760.0,750.0,0,0.9,0.0,0.9,2,4.0,0.0,0.0,0.0,0.0,0.0,0.0,33.8764
5760_dose_750_gradient_0_VconcST_0_Vconc_0.9_run_2.csv,5760.0,750.0,0,0.9,0.0,0.9,2,4.25,0.0,0.0,0.0,0.0,0.0,0.0,2093.12
5760_dose_750_gradient_0_VconcST_0_Vconc_0.9_run_2.csv,5760.0,750.0,0,0.9,0.0,0.9,2,4.5,0.0,0.0,0.0,0.0,0.0,0.0,36.3075
5760_dose_750_gradient_0_VconcST_0_Vconc_0.9_run_2.csv,5760.0,750.0,0,0.9,0.0,0.9,2,4.75,0.0,0.0,0.0,0.0,0.0,0.0,2198.92
5760_dose_750_gradient_0_VconcST_0_Vconc_0.9_run_2.csv,5760.0,750.0,0,0.9,0.0,0.9,2,5.0,0.0,0.0,0.0,0.0,0.0,0.0,34.5793
5760_dose_750_gradient_0_VconcST_0_Vconc_0.9_run_2.csv,5760.0,750.0,0,0.9,0.0,0.9,2,5.25,0.0,0.0,0.0,0.0,0.0,0.0,2253.45
5760_dose_750_gradient_0_VconcST_0_Vconc_0.9_run_2.csv,5760.0,750.0,0,0.9,0.0,0.9,2,5.5,0.0,0.0,0.0,0.0,0.0,0.0,36.3238
5760_dose_750_gradient_0_VconcST_0_Vconc_0.9_run_2.csv,5760.0,750.0,0,0.9,0.0,0.9,2,5.75,0.0,0.0,0.0,0.0,0.0,0.0,2150.18
5760_dose_750_gradient_0_VconcST_0_Vconc_0.9_run_2.csv,5760.0,750.0,0,0.9,0.0,0.9,2,6.0,0.0,0.0,0.0,0.0,0.0,0.0,38.8635
5760_dose_750_gradient_0_VconcST_0_Vconc_0.9_run_2.csv,5760.0,750.0,0,0.9,0.0,0.9,2,6.25,0.0,0.0,0.0,0.0,0.0,0.0,2075.0
5760_dose_750_gradient_0_VconcST_0_Vconc_0.9_run_2.csv,5760.0,750.0,0,0.9,0.0,0.9,2,6.5,0.0,0.0,0.0,0.0,0.0,0.0,40.8134
5760_dose_750_gradient_0_VconcST_0_Vconc_0.9_run_2.csv,5760.0,750.0,0,0.9,0.0,0.9,2,6.75,0.0,0.0,0.0,0.0,0.0,0.0,2081.96
5760_dose_750_gradient_0_VconcST_0_Vconc_0.9_run_2.csv,5760.0,750.0,0,0.9,0.0,0.9,2,7.0,0.0,0.0,0.0,0.0,0.0,0.0,61.8869
5760_dose_750_gradient_0_VconcST_0_Vconc_0.9_run_2.csv,5760.0,750.0,0,0.9,0.0,0.9,2,7.25,0.0,0.0,0.0,0.0,0.0,0.0,2080.81
5760_dose_750_gradient_0_VconcST_0_Vconc_0.9_run_2.csv,5760.0,750.0,0,0.9,0.0,0.9,2,7.5,0.0,0.0,0.0,0.0,0.0,0.0,97.1575
5760_dose_750_gradient_0_VconcST_0_Vconc_0.9_run_2.csv,5760.0,750.0,0,0.9,0.0,0.9,2,7.75,0.0,0.0,0.0,0.0,0.0,0.0,2050.08
5760_dose_750_gradient_0_VconcST_0_Vconc_0.9_run_2.csv,5760.0,750.0,0,0.9,0.0,0.9,2,8.0,0.0,0.0,0.0,0.0,0.0,0.0,72.7574
5760_dose_750_gradient_0_VconcST_0_Vconc_0.9_run_2.csv,5760.0,750.0,0,0.9,0.0,0.9,2,8.25,0.0,0.0,0.0,0.0,0.0,0.0,2011.97
5760_dose_750_gradient_0_VconcST_0_Vconc_0.9_run_2.csv,5760.0,750.0,0,0.9,0.0,0.9,2,8.5,0.0,0.0,0.0,0.0,0.0,0.0,45.8841
5760_dose_750_gradient_0_VconcST_0_Vconc_0.9_run_2.csv,5760.0,750.0,0,0.9,0.0,0.9,2,8.75,0.0,0.0,0.0,0.0,0.0,0.0,2018.71
5760_dose_750_gradient_0_VconcST_0_Vconc_0.9_run_2.csv,5760.0,750.0,0,0.9,0.0,0.9,2,9.0,0.0,0.0,0.0,0.0,0.0,0.0,100.101
5760_dose_750_gradient_0_VconcST_0_Vconc_0.9_run_2.csv,5760.0,750.0,0,0.9,0.0,0.9,2,9.25,0.0,0.0,0.0,0.0,0.0,0.0,2041.93
5760_dose_750_gradient_0_VconcST_0_Vconc_0.9_run_2.csv,5760.0,750.0,0,0.9,0.0,0.9,2,9.5,0.0,0.0,0.0,0.0,0.0,0.0,82.0276
5760_dose_750_gradient_0_VconcST_0_Vconc_0.9_run_2.csv,5760.0,750.0,0,0.9,0.0,0.9,2,9.75,0.0,0.0,0.0,0.0,0.0,0.0,2012.56
5760_dose_750_gradient_0_VconcST_0_Vconc_0.9_run_2.csv,5760.0,750.0,0,0.9,0.0,0.9,2,10.0,0.0,0.0,0.0,0.0,0.0,0.0,128.256
5760_dose_750_gradient_0_VconcST_0_Vconc_0.9_run_2.csv,5760.0,750.0,0,0.9,0.0,0.9,2,10.25,0.0,0.0,0.0,0.0,0.0,0.0,2001.28
5760_dose_750_gradient_0_VconcST_0_Vconc_0.9_run_2.csv,5760.0,750.0,0,0.9,0.0,0.9,2,10.5,0.0,0.0,0.0,0.0,0.0,0.0,94.2124
5760_dose_750_gradient_0_VconcST_0_Vconc_0.9_run_2.csv,5760.0,750.0,0,0.9,0.0,0.9,2,10.75,0.0,0.0,0.0,0.0,0.0,0.0,2074.36
5760_dose_750_gradient_0_VconcST_0_Vconc_0.9_run_2.csv,5760.0,750.0,0,0.9,0.0,0.9,2,11.0,0.0,0.0,0.0,0.0,0.0,0.0,83.9371
5760_dose_750_gradient_0_VconcST_0_Vconc_0.9_run_2.csv,5760.0,750.0,0,0.9,0.0,0.9,2,11.25,0.0,0.0,0.0,0.0,0.0,0.0,2011.01
5760_dose_750_gradient_0_VconcST_0_Vconc_0.9_run_2.csv,5760.0,750.0,0,0.9,0.0,0.9,2,11.5,0.0,0.0,0.0,0.0,0.0,0.0,149.791
5760_dose_750_gradient_0_VconcST_0_Vconc_0.9_run_2.csv,5760.0,750.0,0,0.9,0.0,0.9,2,11.75,0.0,0.0,0.0,0.0,0.0,0.0,1903.9
5760_dose_750_gradient_0_VconcST_0_Vconc_0.9_run_2.csv,5760.0,750.0,0,0.9,0.0,0.9,2,12.0,0.0,0.0,0.0,0.0,0.0,0.0,233.563
5760_dose_750_gradient_0_VconcST_0_Vconc_0.9_run_2.csv,5760.0,750.0,0,0.9,0.0,0.9,2,12.25,0.0,0.0,0.0,0.0,0.0,0.0,1830.57
5760_dose_750_gradient_0_VconcST_0_Vconc_0.9_run_2.csv,5760.0,750.0,0,0.9,0.0,0.9,2,12.5,0.0,0.0,0.0,0.0,0.0,0.0,279.161
5760_dose_750_gradient_0_VconcST_0_Vconc_0.9_run_2.csv,5760.0,750.0,0,0.9,0.0,0.9,2,12.75,0.0,0.0,0.0,0.0,0.0,0.0,1759.45
5760_dose_750_gradient_0_VconcST_0_Vconc_0.9_run_2.csv,5760.0,750.0,0,0.9,0.0,0.9,2,13.0,0.0,0.0,0.0,0.0,0.0,0.0,315.281
5760_dose_750_gradient_0_VconcST_0_Vconc_0.9_run_2.csv,5760.0,750.0,0,0.9,0.0,0.9,2,13.25,0.0,0.0,0.0,0.0,0.0,0.0,1774.51
5760_dose_750_gradient_0_VconcST_0_Vconc_0.9_run_2.csv,5760.0,750.0,0,0.9,0.0,0.9,2,13.5,0.0,0.0,0.0,0.0,0.0,0.0,375.025
5760_dose_750_gradient_0_VconcST_0_Vconc_0.9_run_2.csv,5760.0,750.0,0,0.9,0.0,0.9,2,13.75,0.0,0.0,0.0,0.0,0.0,0.0,1686.07
5760_dose_750_gradient_0_VconcST_0_Vconc_0.9_run_2.csv,5760.0,750.0,0,0.9,0.0,0.9,2,14.0,0.0,0.0,0.0,0.0,0.0,0.0,439.424
5760_dose_750_gradient_0_VconcST_0_Vconc_0.9_run_2.csv,5760.0,750.0,0,0.9,0.0,0.9,2,14.25,0.0,0.0,0.0,0.0,0.0,0.0,1674.37
5760_dose_750_gradient_0_VconcST_0_Vconc_0.9_run_2.csv,5760.0,750.0,0,0.9,0.0,0.9,2,14.5,0.0,0.0,0.0,0.0,0.0,0.0,540.739
5760_dose_750_gradient_0_VconcST_0_Vconc_0.9_run_2.csv,5760.0,750.0,0,0.9,0.0,0.9,2,14.75,0.0,0.0,0.0,0.0,0.0,0.0,1548.74
5760_dose_750_gradient_0_VconcST_0_Vconc_0.9_run_2.csv,5760.0,750.0,0,0.9,0.0,0.9,2,15.0,0.0,0.0,0.0,0.0,0.0,0.0,721.447
5760_dose_750_gradient_0_VconcST_0_Vconc_0.9_run_2.csv,5760.0,750.0,0,0.9,0.0,0.9,2,15.25,0.0,0.0,0.0,0.0,0.0,0.0,1413.02
5760_dose_750_gradient_0_VconcST_0_Vconc_0.9_run_2.csv,5760.0,750.0,0,0.9,0.0,0.9,2,15.5,0.0,0.0,0.0,0.0,0.0,0.0,878.25
5760_dose_750_gradient_0_VconcST_0_Vconc_0.9_run_2.csv,5760.0,750.0,0,0.9,0.0,0.9,2,15.75,0.0,0.0,0.0,0.0,0.0,0.0,1329.85
5760_dose_750_gradient_0_VconcST_0_Vconc_0.9_run_2.csv,5760.0,750.0,0,0.9,0.0,0.9,2,16.0,0.0,0.0,0.0,0.0,0.0,0.0,1104.05
5760_dose_750_gradient_0_VconcST_0_Vconc_0.9_run_2.csv,5760.0,750.0,0,0.9,0.0,0.9,2,16.25,0.0,0.0,0.0,0.0,0.0,0.0,1127.22
5760_dose_750_gradient_0_VconcST_0_Vconc_0.9_run_2.csv,5760.0,750.0,0,0.9,0.0,0.9,2,16.5,0.0,0.0,0.0,0.0,0.0,0.0,1311.2
5760_dose_750_gradient_0_VconcST_0_Vconc_0.9_run_2.csv,5760.0,750.0,0,0.9,0.0,0.9,2,16.75,0.0,0.0,0.0,0.0,0.0,0.0,1080.49
5760_dose_750_gradient_0_VconcST_0_Vconc_0.9_run_2.csv,5760.0,750.0,0,0.9,0.0,0.9,2,17.0,0.0,0.0,0.0,0.0,0.0,0.0,1668.87
5760_dose_750_gradient_0_VconcST_0_Vconc_0.9_run_2.csv,5760.0,750.0,0,0.9,0.0,0.9,2,17.25,0.0,0.0,0.0,0.0,0.0,0.0,1163.26
5760_dose_750_gradient_0_VconcST_0_Vconc_0.9_run_2.csv,5760.0,750.0,0,0.9,0.0,0.9,2,17.5,0.0,0.0,0.0,0.0,0.0,0.0,1722.08
5760_dose_750_gradient_0_VconcST_0_Vconc_0.9_run_2.csv,5760.0,750.0,0,0.9,0.0,0.9,2,17.75,0.0,0.0,0.0,0.0,0.0116667,0.0,1251.69
5760_dose_750_gradient_0_VconcST_0_Vconc_0.9_run_2.csv,5760.0,750.0,0,0.9,0.0,0.9,2,18.0,0.0,0.0,0.0,0.0,0.00513021,0.0,1894.28
5760_dose_750_gradient_0_VconcST_0_Vconc_0.9_run_2.csv,5760.0,750.0,0,0.9,0.0,0.9,2,18.25,0.0,0.0,0.0,0.0,0.031263,0.0,1838.73
5760_dose_750_gradient_0_VconcST_0_Vconc_0.9_run_2.csv,5760.0,750.0,0,0.9,0.0,0.9,2,18.5,0.0,0.0,0.0,0.0,0.0034809,0.0,2292.65
5760_dose_750_gradient_0_VconcST_0_Vconc_0.9_run_2.csv,5760.0,750.0,0,0.9,0.0,0.9,2,18.75,0.0,0.0,0.0,0.0,0.0723611,0.0,2514.97
5760_dose_750_gradient_0_VconcST_0_Vconc_0.9_run_2.csv,5760.0,750.0,0,0.9,0.0,0.9,2,19.0,0.0,0.0,0.0,0.0,0.16092,0.0,2506.9
5760_dose_750_gradient_0_VconcST_0_Vconc_0.9_run_2.csv,5760.0,750.0,0,0.9,0.0,0.9,2,19.25,0.0,0.0,0.0,0.0,0.286701,0.0,2514.27
5760_dose_750_gradient_0_VconcST_0_Vconc_0.9_run_2.csv,5760.0,750.0,0,0.9,0.0,0.9,2,19.5,0.0,0.0,0.0,0.0,0.418316,0.0,2514.88
5760_dose_750_gradient_0_VconcST_0_Vconc_0.9_run_2.csv,5760.0,750.0,0,0.9,0.0,0.9,2,19.75,0.0,0.0,0.0,0.0,0.599687,0.0,2520.01
5760_dose_750_gradient_0_VconcST_0_Vconc_0.9_run_2.csv,5760.0,750.0,0,0.9,0.0,0.9,2,20.0,0.0,0.0,0.0,0.0,0.740165,0.0,2504.32
5760_dose_750_gradient_0_VconcST_0_Vconc_0.9_run_2.csv,5760.0,750.0,0,0.9,0.0,0.9,2,20.25,0.0,0.0,0.0,0.0,0.883333,0.0,2531.56
5760_dose_750_gradient_0_VconcST_0_Vconc_0.9_run_2.csv,5760.0,750.0,0,0.9,0.0,0.9,2,20.5,0.0,0.0,0.0,0.0,1.0,0.0,2540.34
5760_dose_750_gradient_0_VconcST_0_Vconc_0.9_run_2.csv,5760.0,750.0,0,0.9,0.0,0.9,2,20.75,0.0,0.0,0.0,0.0,1.0,0.0,2538.3
5760_dose_750_gradient_0_VconcST_0_Vconc_0.9_run_2.csv,5760.0,750.0,0,0.9,0.0,0.9,2,21.0,0.0,0.0,0.0,0.0,1.0,0.0,2520.48
5760_dose_750_gradient_0_VconcST_0_Vconc_0.9_run_2.csv,5760.0,750.0,0,0.9,0.0,0.9,2,21.25,0.0,0.0,0.0,0.0,1.0,0.0,2511.29
5760_dose_750_gradient_0_VconcST_0_Vconc_0.9_run_2.csv,5760.0,750.0,0,0.9,0.0,0.9,2,21.5,0.0,0.0,0.0,0.0,1.0,0.0,2533.5
5760_dose_750_gradient_0_VconcST_0_Vconc_0.9_run_2.csv,5760.0,750.0,0,0.9,0.0,0.9,2,21.75,0.0,0.0,0.0,0.0,1.0,0.0,2539.91
5760_dose_750_gradient_0_VconcST_0_Vconc_0.9_run_2.csv,5760.0,750.0,0,0.9,0.0,0.9,2,22.0,0.0,0.0,0.0,0.0,1.0,0.0,2528.62
5760_dose_750_gradient_0_VconcST_0_Vconc_0.9_run_2.csv,5760.0,750.0,0,0.9,0.0,0.9,2,22.25,0.0,0.0,0.0,0.0,1.0,0.0,2480.63
5760_dose_750_gradient_0_VconcST_0_Vconc_0.9_run_2.csv,5760.0,750.0,0,0.9,0.0,0.9,2,22.5,0.0,0.0,0.0,0.0,1.0,0.0,2503.83
5760_dose_750_gradient_0_VconcST_0_Vconc_0.9_run_2.csv,5760.0,750.0,0,0.9,0.0,0.9,2,22.75,0.0,0.0,0.0,0.0,1.0,0.0,2506.25
5760_dose_750_gradient_0_VconcST_0_Vconc_0.9_run_2.csv,5760.0,750.0,0,0.9,0.0,0.9,2,23.0,0.0,0.0,0.0,0.0,1.0,0.0,2559.36
5760_dose_750_gradient_0_VconcST_0_Vconc_0.9_run_2.csv,5760.0,750.0,0,0.9,0.0,0.9,2,23.25,0.0,0.0,0.0,0.0,1.0,0.0,2496.82
5760_dose_750_gradient_0_VconcST_0_Vconc_0.9_run_2.csv,5760.0,750.0,0,0.9,0.0,0.9,2,23.5,0.0,0.0,0.0,0.0,1.0,0.0,2479.95
5760_dose_750_gradient_0_VconcST_0_Vconc_0.9_run_2.csv,5760.0,750.0,0,0.9,0.0,0.9,2,23.75,0.0,0.0,0.0,0.0,1.0,0.0,2507.72
5760_dose_750_gradient_0_VconcST_0_Vconc_0.9_run_2.csv,5760.0,750.0,0,0.9,0.0,0.9,2,24.0,50.1654,750.0,0.0195379,50.1654,1.0,0.0,2528.69
5760_dose_750_gradient_0_VconcST_0_Vconc_0.9_run_2.csv,5760.0,750.0,0,0.9,0.0,0.9,2,24.25,3028.16,737.214,1.17937,3028.16,0.0,0.999933,0.092932
5760_dose_750_gradient_0_VconcST_0_Vconc_0.9_run_2.csv,5760.0,750.0,0,0.9,0.0,0.9,2,24.5,5944.09,724.645,2.31504,5944.09,0.0,0.999966,0.0627063
5760_dose_750_gradient_0_VconcST_0_Vconc_0.9_run_2.csv,5760.0,750.0,0,0.9,0.0,0.9,2,24.75,8799.05,712.291,3.42696,8799.05,0.0,0.999977,0.0383995
5760_dose_750_gradient_0_VconcST_0_Vconc_0.9_run_2.csv,5760.0,750.0,0,0.9,0.0,0.9,2,25.0,11594.1,700.147,4.51555,11594.1,0.0,0.999983,0.0279319
5760_dose_750_gradient_0_VconcST_0_Vconc_0.9_run_2.csv,5760.0,750.0,0,0.9,0.0,0.9,2,25.25,14330.4,688.211,5.58124,14330.4,0.0,0.999986,0.0219595
5760_dose_750_gradient_0_VconcST_0_Vconc_0.9_run_2.csv,5760.0,750.0,0,0.9,0.0,0.9,2,25.5,17008.9,676.477,6.62443,17008.9,0.0,0.999988,0.0181757
5760_dose_750_gradient_0_VconcST_0_Vconc_0.9_run_2.csv,5760.0,750.0,0,0.9,0.0,0.9,2,25.75,19630.6,664.944,7.64551,19630.6,0.0,0.99999,0.0154534
5760_dose_750_gradient_0_VconcST_0_Vconc_0.9_run_2.csv,5760.0,750.0,0,0.9,0.0,0.9,2,26.0,22196.6,653.608,8.64489,22196.6,0.0,0.999991,0.0135115
5760_dose_750_gradient_0_VconcST_0_Vconc_0.9_run_2.csv,5760.0,750.0,0,0.9,0.0,0.9,2,26.25,24707.9,642.465,9.62295,24707.9,0.0,0.999992,0.0120635
5760_dose_750_gradient_0_VconcST_0_Vconc_0.9_run_2.csv,5760.0,750.0,0,0.9,0.0,0.9,2,26.5,27165.3,631.511,10.5801,27165.3,0.0,0.999993,0.0109552
5760_dose_750_gradient_0_VconcST_0_Vconc_0.9_run_2.csv,5760.0,750.0,0,0.9,0.0,0.9,2,26.75,29570.0,620.745,11.5166,29570.0,0.0,0.999993,0.0100232
5760_dose_750_gradient_0_VconcST_0_Vconc_0.9_run_2.csv,5760.0,750.0,0,0.9,0.0,0.9,2,27.0,31922.8,610.162,12.4329,31922.8,0.0,0.999994,0.00925122
5760_dose_750_gradient_0_VconcST_0_Vconc_0.9_run_2.csv,5760.0,750.0,0,0.9,0.0,0.9,2,27.25,34224.7,599.759,13.3295,34224.7,0.0,0.999994,0.00859091
5760_dose_750_gradient_0_VconcST_0_Vconc_0.9_run_2.csv,5760.0,750.0,0,0.9,0.0,0.9,2,27.5,36476.5,589.534,14.2065,36476.5,0.0,0.999995,0.00800282
5760_dose_750_gradient_0_VconcST_0_Vconc_0.9_run_2.csv,5760.0,750.0,0,0.9,0.0,0.9,2,27.75,38679.2,579.483,15.0643,38679.2,0.0,0.999995,0.007553
5760_dose_750_gradient_0_VconcST_0_Vconc_0.9_run_2.csv,5760.0,750.0,0,0.9,0.0,0.9,2,28.0,40833.6,569.604,15.9034,40833.6,0.0,0.999995,0.00713092
5760_dose_750_gradient_0_VconcST_0_Vconc_0.9_run_2.csv,5760.0,750.0,0,0.9,0.0,0.9,2,28.25,42940.6,559.893,16.724,42940.6,0.0,0.999995,0.00680732
5760_dose_750_gradient_0_VconcST_0_Vconc_0.9_run_2.csv,5760.0,750.0,0,0.9,0.0,0.9,2,28.5,45001.1,550.347,17.5265,45001.1,0.0,0.999996,0.00645493
5760_dose_750_gradient_0_VconcST_0_Vconc_0.9_run_2.csv,5760.0,750.0,0,0.9,0.0,0.9,2,28.75,47015.8,540.964,18.3112,47015.8,0.0,0.999996,0.00619884
5760_dose_750_gradient_0_VconcST_0_Vconc_0.9_run_2.csv,5760.0,750.0,0,0.9,0.0,0.9,2,29.0,48985.7,531.742,19.0784,48985.7,0.0,0.999996,0.00594598
5760_dose_750_gradient_0_VconcST_0_Vconc_0.9_run_2.csv,5760.0,750.0,0,0.9,0.0,0.9,2,29.25,50911.4,522.676,19.8284,50911.4,0.0,0.999996,0.00568835
5760_dose_750_gradient_0_VconcST_0_Vconc_0.9_run_2.csv,5760.0,750.0,0,0.9,0.0,0.9,2,29.5,52793.9,513.765,20.5616,52793.9,0.0,0.999996,0.00543346
5760_dose_750_gradient_0_VconcST_0_Vconc_0.9_run_2.csv,5760.0,750.0,0,0.9,0.0,0.9,2,29.75,54633.8,505.006,21.2782,54633.8,0.0,0.999996,0.00527549
5760_dose_750_gradient_0_VconcST_0_Vconc_0.9_run_2.csv,5760.0,750.0,0,0.9,0.0,0.9,2,30.0,56432.0,496.396,21.9785,56432.0,0.0,0.999996,0.00509745
5760_dose_750_gradient_0_VconcST_0_Vconc_0.9_run_2.csv,5760.0,750.0,0,0.9,0.0,0.9,2,30.25,58189.1,487.933,22.6629,58189.1,0.0,0.999997,0.00491922
5760_dose_750_gradient_0_VconcST_0_Vconc_0.9_run_2.csv,5760.0,750.0,0,0.9,0.0,0.9,2,30.5,59906.0,479.615,23.3315,59906.0,0.0,0.999997,0.00483731
5760_dose_750_gradient_0_VconcST_0_Vconc_0.9_run_2.csv,5760.0,750.0,0,0.9,0.0,0.9,2,30.75,61583.3,471.438,23.9848,61583.3,0.0,0.999997,0.00467004
5760_dose_750_gradient_0_VconcST_0_Vconc_0.9_run_2.csv,5760.0,750.0,0,0.9,0.0,0.9,2,31.0,63221.9,463.4,24.623,63221.9,0.0,0.999997,0.00458321
5760_dose_750_gradient_0_VconcST_0_Vconc_0.9_run_2.csv,5760.0,750.0,0,0.9,0.0,0.9,2,31.25,64822.3,455.5,25.2463,64822.3,0.0,0.999997,0.00441299
5760_dose_750_gradient_0_VconcST_0_Vconc_0.9_run_2.csv,5760.0,750.0,0,0.9,0.0,0.9,2,31.5,66385.2,447.734,25.855,66385.2,0.0,0.999997,0.00441485
5760_dose_750_gradient_0_VconcST_0_Vconc_0.9_run_2.csv,5760.0,750.0,0,0.9,0.0,0.9,2,31.75,67911.4,440.101,26.4494,67911.4,0.0,0.999997,0.00432948
5760_dose_750_gradient_0_VconcST_0_Vconc_0.9_run_2.csv,5760.0,750.0,0,0.9,0.0,0.9,2,32.0,69401.5,432.598,27.0297,69401.5,0.0,0.999997,0.00425175
5760_dose_750_gradient_0_VconcST_0_Vconc_0.9_run_2.csv,5760.0,750.0,0,0.9,0.0,0.9,2,32.25,70856.1,425.222,27.5963,70856.1,0.0,0.999997,0.00416424
5760_dose_750_gradient_0_VconcST_0_Vconc_0.9_run_2.csv,5760.0,750.0,0,0.9,0.0,0.9,2,32.5,72276.0,417.973,28.1492,72276.0,0.0,0.999997,0.0040768
5760_dose_750_gradient_0_VconcST_0_Vconc_0.9_run_2.csv,5760.0,750.0,0,0.9,0.0,0.9,2,32.75,73661.6,410.847,28.6889,73661.6,0.0,0.999997,0.00399188
5760_dose_750_gradient_0_VconcST_0_Vconc_0.9_run_2.csv,5760.0,750.0,0,0.9,0.0,0.9,2,33.0,75013.7,403.842,29.2155,75013.7,0.0,0.999997,0.00390571
5760_dose_750_gradient_0_VconcST_0_Vconc_0.9_run_2.csv,5760.0,750.0,0,0.9,0.0,0.9,2,33.25,76332.9,396.957,29.7293,76332.9,0.0,0.999997,0.00382242
5760_dose_750_gradient_0_VconcST_0_Vconc_0.9_run_2.csv,5760.0,750.0,0,0.9,0.0,0.9,2,33.5,77619.8,390.19,30.2305,77619.8,0.0,0.999997,0.00373629
5760_dose_750_gradient_0_VconcST_0_Vconc_0.9_run_2.csv,5760.0,750.0,0,0.9,0.0,0.9,2,33.75,78874.8,383.537,30.7193,78874.8,0.0,0.999997,0.00373183
5760_dose_750_gradient_0_VconcST_0_Vconc_0.9_run_2.csv,5760.0,750.0,0,0.9,0.0,0.9,2,34.0,80098.7,376.999,31.196,80098.7,0.0,0.999997,0.00364918
5760_dose_750_gradient_0_VconcST_0_Vconc_0.9_run_2.csv,5760.0,750.0,0,0.9,0.0,0.9,2,34.25,81292.0,370.571,31.6607,81292.0,0.0,0.999997,0.00356222
5760_dose_750_gradient_0_VconcST_0_Vconc_0.9_run_2.csv,5760.0,750.0,0,0.9,0.0,0.9,2,34.5,82455.3,364.253,32.1138,82455.3,0.0,0.999998,0.00356434
5760_dose_750_gradient_0_VconcST_0_Vconc_0.9_run_2.csv,5760.0,750.0,0,0.9,0.0,0.9,2,34.75,83589.0,358.043,32.5553,83589.0,0.0,0.999998,0.00347739
5760_dose_750_gradient_0_VconcST_0_Vconc_0.9_run_2.csv,5760.0,750.0,0,0.9,0.0,0.9,2,35.0,84693.8,351.938,32.9856,84693.8,0.0,0.999998,0.00340068
5760_dose_750_gradient_0_VconcST_0_Vconc_0.9_run_2.csv,5760.0,750.0,0,0.9,0.0,0.9,2,35.25,85770.2,345.938,33.4048,85770.2,0.0,0.999998,0.00339258
5760_dose_750_gradient_0_VconcST_0_Vconc_0.9_run_2.csv,5760.0,750.0,0,0.9,0.0,0.9,2,35.5,86818.6,340.04,33.8132,86818.6,0.0,0.999998,0.00330939
5760_dose_750_gradient_0_VconcST_0_Vconc_0.9_run_2.csv,5760.0,750.0,0,0.9,0.0,0.9,2,35.75,87839.7,334.243,34.2108,87839.7,0.0,0.999998,0.00331136
5760_dose_750_gradient_0_VconcST_0_Vconc_0.9_run_2.csv,5760.0,750.0,0,0.9,0.0,0.9,2,36.0,88833.9,328.545,34.598,88833.9,0.0,0.999998,0.00330776
5760_dose_750_gradient_0_VconcST_0_Vconc_0.9_run_2.csv,5760.0,750.0,0,0.9,0.0,0.9,2,36.25,89801.6,322.943,34.975,89801.6,0.0,0.999998,0.00322294
5760_dose_750_gradient_0_VconcST_0_Vconc_0.9_run_2.csv,5760.0,750.0,0,0.9,0.0,0.9,2,36.5,90743.5,317.438,35.3418,90743.5,0.0,0.999998,0.00323392
5760_dose_750_gradient_0_VconcST_0_Vconc_0.9_run_2.csv,5760.0,750.0,0,0.9,0.0,0.9,2,36.75,91660.0,312.026,35.6987,91660.0,0.0,0.999998,0.0031452
5760_dose_750_gradient_0_VconcST_0_Vconc_0.9_run_2.csv,5760.0,750.0,0,0.9,0.0,0.9,2,37.0,92551.4,306.706,36.0459,92551.4,0.0,0.999998,0.00313814
5760_dose_750_gradient_0_VconcST_0_Vconc_0.9_run_2.csv,5760.0,750.0,0,0.9,0.0,0.9,2,37.25,93418.4,301.477,36.3836,93418.4,0.0,0.999998,0.00313814
5760_dose_750_gradient_0_VconcST_0_Vconc_0.9_run_2.csv,5760.0,750.0,0,0.9,0.0,0.9,2,37.5,94261.3,296.337,36.7118,94261.3,0.0,0.999998,0.00305332
5760_dose_750_gradient_0_VconcST_0_Vconc_0.9_run_2.csv,5760.0,750.0,0,0.9,0.0,0.9,2,37.75,95080.6,291.285,37.0309,95080.6,0.0,0.999998,0.00305697
5760_dose_750_gradient_0_VconcST_0_Vconc_0.9_run_2.csv,5760.0,750.0,0,0.9,0.0,0.9,2,38.0,95876.7,286.319,37.341,95876.7,0.0,0.999998,0.00305965
5760_dose_750_gradient_0_VconcST_0_Vconc_0.9_run_2.csv,5760.0,750.0,0,0.9,0.0,0.9,2,38.25,96650.1,281.438,37.6422,96650.1,0.0,0.999998,0.00297508
5760_dose_750_gradient_0_VconcST_0_Vconc_0.9_run_2.csv,5760.0,750.0,0,0.9,0.0,0.9,2,38.5,97401.2,276.639,37.9347,97401.2,0.0,0.999998,0.00297601
5760_dose_750_gradient_0_VconcST_0_Vconc_0.9_run_2.csv,5760.0,750.0,0,0.9,0.0,0.9,2,38.75,98130.4,271.923,38.2187,98130.4,0.0,0.999998,0.00298478
5760_dose_750_gradient_0_VconcST_0_Vconc_0.9_run_2.csv,5760.0,750.0,0,0.9,0.0,0.9,2,39.0,98838.0,267.287,38.4943,98838.0,0.0,0.999998,0.0029685
5760_dose_750_gradient_0_VconcST_0_Vconc_0.9_run_2.csv,5760.0,750.0,0,0.9,0.0,0.9,2,39.25,99524.6,262.73,38.7618,99524.6,0.0,0.999998,0.00288511
5760_dose_750_gradient_0_VconcST_0_Vconc_0.9_run_2.csv,5760.0,750.0,0,0.9,0.0,0.9,2,39.5,100191.0,258.251,39.0211,100191.0,0.0,0.999998,0.0028923
5760_dose_750_gradient_0_VconcST_0_Vconc_0.9_run_2.csv,5760.0,750.0,0,0.9,0.0,0.9,2,39.75,100836.0,253.848,39.2725,100836.0,0.0,0.999998,0.00288541
5760_dose_750_gradient_0_VconcST_0_Vconc_0.9_run_2.csv,5760.0,750.0,0,0.9,0.0,0.9,2,40.0,101462.0,249.52,39.5162,101462.0,0.0,0.999998,0.00289078
5760_dose_750_gradient_0_VconcST_0_Vconc_0.9_run_2.csv,5760.0,750.0,0,0.9,0.0,0.9,2,40.25,102068.0,245.266,39.7523,102068.0,0.0,0.999998,0.00281185
5760_dose_750_gradient_0_VconcST_0_Vconc_0.9_run_2.csv,5760.0,750.0,0,0.9,0.0,0.9,2,40.5,102655.0,241.085,39.9809,102655.0,0.0,0.999998,0.00279887
5760_dose_750_gradient_0_VconcST_0_Vconc_0.9_run_2.csv,5760.0,750.0,0,0.9,0.0,0.9,2,40.75,103223.0,236.975,40.2021,103223.0,0.0,0.999998,0.00280231
5760_dose_750_gradient_0_VconcST_0_Vconc_0.9_run_2.csv,5760.0,750.0,0,0.9,0.0,0.9,2,41.0,103772.0,232.934,40.4162,103772.0,0.0,0.999998,0.00279887
5760_dose_750_gradient_0_VconcST_0_Vconc_0.9_run_2.csv,5760.0,750.0,0,0.9,0.0,0.9,2,41.25,104304.0,228.963,40.6232,104304.0,0.0,0.999998,0.00280201
5760_dose_750_gradient_0_VconcST_0_Vconc_0.9_run_2.csv,5760.0,750.0,0,0.9,0.0,0.9,2,41.5,104818.0,225.06,40.8232,104818.0,0.0,0.999998,0.00280673
5760_dose_750_gradient_0_VconcST_0_Vconc_0.9_run_0.csv,5760.0,750.0,0,0.9,0.0,0.9,0,0.0,0.0,0.0,0.0,0.0,0.0,0.0,0.0
5760_dose_750_gradient_0_VconcST_0_Vconc_0.9_run_0.csv,5760.0,750.0,0,0.9,0.0,0.9,0,0.25,0.0,0.0,0.0,0.0,0.0,0.0,2411.6
5760_dose_750_gradient_0_VconcST_0_Vconc_0.9_run_0.csv,5760.0,750.0,0,0.9,0.0,0.9,0,0.5,0.0,0.0,0.0,0.0,0.0,0.0,32.461
5760_dose_750_gradient_0_VconcST_0_Vconc_0.9_run_0.csv,5760.0,750.0,0,0.9,0.0,0.9,0,0.75,0.0,0.0,0.0,0.0,0.0,0.0,2175.79
5760_dose_750_gradient_0_VconcST_0_Vconc_0.9_run_0.csv,5760.0,750.0,0,0.9,0.0,0.9,0,1.0,0.0,0.0,0.0,0.0,0.0,0.0,32.5827
5760_dose_750_gradient_0_VconcST_0_Vconc_0.9_run_0.csv,5760.0,750.0,0,0.9,0.0,0.9,0,1.25,0.0,0.0,0.0,0.0,0.0,0.0,2360.56
5760_dose_750_gradient_0_VconcST_0_Vconc_0.9_run_0.csv,5760.0,750.0,0,0.9,0.0,0.9,0,1.5,0.0,0.0,0.0,0.0,0.0,0.0,33.0498
5760_dose_750_gradient_0_VconcST_0_Vconc_0.9_run_0.csv,5760.0,750.0,0,0.9,0.0,0.9,0,1.75,0.0,0.0,0.0,0.0,0.0,0.0,2261.75
5760_dose_750_gradient_0_VconcST_0_Vconc_0.9_run_0.csv,5760.0,750.0,0,0.9,0.0,0.9,0,2.0,0.0,0.0,0.0,0.0,0.0,0.0,32.5414
5760_dose_750_gradient_0_VconcST_0_Vconc_0.9_run_0.csv,5760.0,750.0,0,0.9,0.0,0.9,0,2.25,0.0,0.0,0.0,0.0,0.0,0.0,2271.26
5760_dose_750_gradient_0_VconcST_0_Vconc_0.9_run_0.csv,5760.0,750.0,0,0.9,0.0,0.9,0,2.5,0.0,0.0,0.0,0.0,0.0,0.0,32.8467
5760_dose_750_gradient_0_VconcST_0_Vconc_0.9_run_0.csv,5760.0,750.0,0,0.9,0.0,0.9,0,2.75,0.0,0.0,0.0,0.0,0.0,0.0,2172.85
5760_dose_750_gradient_0_VconcST_0_Vconc_0.9_run_0.csv,5760.0,750.0,0,0.9,0.0,0.9,0,3.0,0.0,0.0,0.0,0.0,0.0,0.0,34.84
5760_dose_750_gradient_0_VconcST_0_Vconc_0.9_run_0.csv,5760.0,750.0,0,0.9,0.0,0.9,0,3.25,0.0,0.0,0.0,0.0,0.0,0.0,2274.7
5760_dose_750_gradient_0_VconcST_0_Vconc_0.9_run_0.csv,5760.0,750.0,0,0.9,0.0,0.9,0,3.5,0.0,0.0,0.0,0.0,0.0,0.0,33.8113
5760_dose_750_gradient_0_VconcST_0_Vconc_0.9_run_0.csv,5760.0,750.0,0,0.9,0.0,0.9,0,3.75,0.0,0.0,0.0,0.0,0.0,0.0,2171.04
5760_dose_750_gradient_0_VconcST_0_Vconc_0.9_run_0.csv,5760.0,750.0,0,0.9,0.0,0.9,0,4.0,0.0,0.0,0.0,0.0,0.0,0.0,35.5906
5760_dose_750_gradient_0_VconcST_0_Vconc_0.9_run_0.csv,5760.0,750.0,0,0.9,0.0,0.9,0,4.25,0.0,0.0,0.0,0.0,0.0,0.0,2354.27
5760_dose_750_gradient_0_VconcST_0_Vconc_0.9_run_0.csv,5760.0,750.0,0,0.9,0.0,0.9,0,4.5,0.0,0.0,0.0,0.0,0.0,0.0,35.3451
5760_dose_750_gradient_0_VconcST_0_Vconc_0.9_run_0.csv,5760.0,750.0,0,0.9,0.0,0.9,0,4.75,0.0,0.0,0.0,0.0,0.0,0.0,2218.1
5760_dose_750_gradient_0_VconcST_0_Vconc_0.9_run_0.csv,5760.0,750.0,0,0.9,0.0,0.9,0,5.0,0.0,0.0,0.0,0.0,0.0,0.0,34.4587
5760_dose_750_gradient_0_VconcST_0_Vconc_0.9_run_0.csv,5760.0,750.0,0,0.9,0.0,0.9,0,5.25,0.0,0.0,0.0,0.0,0.0,0.0,2244.97
5760_dose_750_gradient_0_VconcST_0_Vconc_0.9_run_0.csv,5760.0,750.0,0,0.9,0.0,0.9,0,5.5,0.0,0.0,0.0,0.0,0.0,0.0,37.2026
5760_dose_750_gradient_0_VconcST_0_Vconc_0.9_run_0.csv,5760.0,750.0,0,0.9,0.0,0.9,0,5.75,0.0,0.0,0.0,0.0,0.0,0.0,2200.51
5760_dose_750_gradient_0_VconcST_0_Vconc_0.9_run_0.csv,5760.0,750.0,0,0.9,0.0,0.9,0,6.0,0.0,0.0,0.0,0.0,0.0,0.0,36.7323
5760_dose_750_gradient_0_VconcST_0_Vconc_0.9_run_0.csv,5760.0,750.0,0,0.9,0.0,0.9,0,6.25,0.0,0.0,0.0,0.0,0.0,0.0,2153.47
5760_dose_750_gradient_0_VconcST_0_Vconc_0.9_run_0.csv,5760.0,750.0,0,0.9,0.0,0.9,0,6.5,0.0,0.0,0.0,0.0,0.0,0.0,52.727
5760_dose_750_gradient_0_VconcST_0_Vconc_0.9_run_0.csv,5760.0,750.0,0,0.9,0.0,0.9,0,6.75,0.0,0.0,0.0,0.0,0.0,0.0,2094.87
5760_dose_750_gradient_0_VconcST_0_Vconc_0.9_run_0.csv,5760.0,750.0,0,0.9,0.0,0.9,0,7.0,0.0,0.0,0.0,0.0,0.0,0.0,39.4642
5760_dose_750_gradient_0_VconcST_0_Vconc_0.9_run_0.csv,5760.0,750.0,0,0.9,0.0,0.9,0,7.25,0.0,0.0,0.0,0.0,0.0,0.0,2142.75
5760_dose_750_gradient_0_VconcST_0_Vconc_0.9_run_0.csv,5760.0,750.0,0,0.9,0.0,0.9,0,7.5,0.0,0.0,0.0,0.0,0.0,0.0,41.5151
5760_dose_750_gradient_0_VconcST_0_Vconc_0.9_run_0.csv,5760.0,750.0,0,0.9,0.0,0.9,0,7.75,0.0,0.0,0.0,0.0,0.0,0.0,2125.56
5760_dose_750_gradient_0_VconcST_0_Vconc_0.9_run_0.csv,5760.0,750.0,0,0.9,0.0,0.9,0,8.0,0.0,0.0,0.0,0.0,0.0,0.0,44.4285
5760_dose_750_gradient_0_VconcST_0_Vconc_0.9_run_0.csv,5760.0,750.0,0,0.9,0.0,0.9,0,8.25,0.0,0.0,0.0,0.0,0.0,0.0,2045.18
5760_dose_750_gradient_0_VconcST_0_Vconc_0.9_run_0.csv,5760.0,750.0,0,0.9,0.0,0.9,0,8.5,0.0,0.0,0.0,0.0,0.0,0.0,113.367
5760_dose_750_gradient_0_VconcST_0_Vconc_0.9_run_0.csv,5760.0,750.0,0,0.9,0.0,0.9,0,8.75,0.0,0.0,0.0,0.0,0.0,0.0,2004.95
5760_dose_750_gradient_0_VconcST_0_Vconc_0.9_run_0.csv,5760.0,750.0,0,0.9,0.0,0.9,0,9.0,0.0,0.0,0.0,0.0,0.0,0.0,93.2056
5760_dose_750_gradient_0_VconcST_0_Vconc_0.9_run_0.csv,5760.0,750.0,0,0.9,0.0,0.9,0,9.25,0.0,0.0,0.0,0.0,0.0,0.0,1946.33
5760_dose_750_gradient_0_VconcST_0_Vconc_0.9_run_0.csv,5760.0,750.0,0,0.9,0.0,0.9,0,9.5,0.0,0.0,0.0,0.0,0.0,0.0,121.644
5760_dose_750_gradient_0_VconcST_0_Vconc_0.9_run_0.csv,5760.0,750.0,0,0.9,0.0,0.9,0,9.75,0.0,0.0,0.0,0.0,0.0,0.0,1976.23
5760_dose_750_gradient_0_VconcST_0_Vconc_0.9_run_0.csv,5760.0,750.0,0,0.9,0.0,0.9,0,10.0,0.0,0.0,0.0,0.0,0.0,0.0,138.592
5760_dose_750_gradient_0_VconcST_0_Vconc_0.9_run_0.csv,5760.0,750.0,0,0.9,0.0,0.9,0,10.25,0.0,0.0,0.0,0.0,0.0,0.0,1937.04
5760_dose_750_gradient_0_VconcST_0_Vconc_0.9_run_0.csv,5760.0,750.0,0,0.9,0.0,0.9,0,10.5,0.0,0.0,0.0,0.0,0.0,0.0,175.46
5760_dose_750_gradient_0_VconcST_0_Vconc_0.9_run_0.csv,5760.0,750.0,0,0.9,0.0,0.9,0,10.75,0.0,0.0,0.0,0.0,0.0,0.0,1897.91
5760_dose_750_gradient_0_VconcST_0_Vconc_0.9_run_0.csv,5760.0,750.0,0,0.9,0.0,0.9,0,11.0,0.0,0.0,0.0,0.0,0.0,0.0,184.31
5760_dose_750_gradient_0_VconcST_0_Vconc_0.9_run_0.csv,5760.0,750.0,0,0.9,0.0,0.9,0,11.25,0.0,0.0,0.0,0.0,0.0,0.0,1897.6
5760_dose_750_gradient_0_VconcST_0_Vconc_0.9_run_0.csv,5760.0,750.0,0,0.9,0.0,0.9,0,11.5,0.0,0.0,0.0,0.0,0.0,0.0,249.851
5760_dose_750_gradient_0_VconcST_0_Vconc_0.9_run_0.csv,5760.0,750.0,0,0.9,0.0,0.9,0,11.75,0.0,0.0,0.0,0.0,0.0,0.0,1814.49
5760_dose_750_gradient_0_VconcST_0_Vconc_0.9_run_0.csv,5760.0,750.0,0,0.9,0.0,0.9,0,12.0,0.0,0.0,0.0,0.0,0.0,0.0,331.698
5760_dose_750_gradient_0_VconcST_0_Vconc_0.9_run_0.csv,5760.0,750.0,0,0.9,0.0,0.9,0,12.25,0.0,0.0,0.0,0.0,0.0,0.0,1741.01
5760_dose_750_gradient_0_VconcST_0_Vconc_0.9_run_0.csv,5760.0,750.0,0,0.9,0.0,0.9,0,12.5,0.0,0.0,0.0,0.0,0.0,0.0,384.288
5760_dose_750_gradient_0_VconcST_0_Vconc_0.9_run_0.csv,5760.0,750.0,0,0.9,0.0,0.9,0,12.75,0.0,0.0,0.0,0.0,0.0,0.0,1651.36
5760_dose_750_gradient_0_VconcST_0_Vconc_0.9_run_0.csv,5760.0,750.0,0,0.9,0.0,0.9,0,13.0,0.0,0.0,0.0,0.0,0.0,0.0,470.623
5760_dose_750_gradient_0_VconcST_0_Vconc_0.9_run_0.csv,5760.0,750.0,0,0.9,0.0,0.9,0,13.25,0.0,0.0,0.0,0.0,0.0,0.0,1673.22
5760_dose_750_gradient_0_VconcST_0_Vconc_0.9_run_0.csv,5760.0,750.0,0,0.9,0.0,0.9,0,13.5,0.0,0.0,0.0,0.0,0.0,0.0,528.739
5760_dose_750_gradient_0_VconcST_0_Vconc_0.9_run_0.csv,5760.0,750.0,0,0.9,0.0,0.9,0,13.75,0.0,0.0,0.0,0.0,0.0,0.0,1609.4
5760_dose_750_gradient_0_VconcST_0_Vconc_0.9_run_0.csv,5760.0,750.0,0,0.9,0.0,0.9,0,14.0,0.0,0.0,0.0,0.0,0.0,0.0,715.573
5760_dose_750_gradient_0_VconcST_0_Vconc_0.9_run_0.csv,5760.0,750.0,0,0.9,0.0,0.9,0,14.25,0.0,0.0,0.0,0.0,0.0,0.0,1378.99
5760_dose_750_gradient_0_VconcST_0_Vconc_0.9_run_0.csv,5760.0,750.0,0,0.9,0.0,0.9,0,14.5,0.0,0.0,0.0,0.0,0.0,0.0,906.766
5760_dose_750_gradient_0_VconcST_0_Vconc_0.9_run_0.csv,5760.0,750.0,0,0.9,0.0,0.9,0,14.75,0.0,0.0,0.0,0.0,0.0,0.0,1303.5
5760_dose_750_gradient_0_VconcST_0_Vconc_0.9_run_0.csv,5760.0,750.0,0,0.9,0.0,0.9,0,15.0,0.0,0.0,0.0,0.0,0.0,0.0,883.89
5760_dose_750_gradient_0_VconcST_0_Vconc_0.9_run_0.csv,5760.0,750.0,0,0.9,0.0,0.9,0,15.25,0.0,0.0,0.0,0.0,0.0,0.0,1305.41
5760_dose_750_gradient_0_VconcST_0_Vconc_0.9_run_0.csv,5760.0,750.0,0,0.9,0.0,0.9,0,15.5,0.0,0.0,0.0,0.0,0.0,0.0,1084.51
5760_dose_750_gradient_0_VconcST_0_Vconc_0.9_run_0.csv,5760.0,750.0,0,0.9,0.0,0.9,0,15.75,0.0,0.0,0.0,0.0,0.0,0.0,1183.84
5760_dose_750_gradient_0_VconcST_0_Vconc_0.9_run_0.csv,5760.0,750.0,0,0.9,0.0,0.9,0,16.0,0.0,0.0,0.0,0.0,0.0,0.0,1064.48
5760_dose_750_gradient_0_VconcST_0_Vconc_0.9_run_0.csv,5760.0,750.0,0,0.9,0.0,0.9,0,16.25,0.0,0.0,0.0,0.0,0.0,0.0,1202.22
5760_dose_750_gradient_0_VconcST_0_Vconc_0.9_run_0.csv,5760.0,750.0,0,0.9,0.0,0.9,0,16.5,0.0,0.0,0.0,0.0,0.0,0.0,1220.33
5760_dose_750_gradient_0_VconcST_0_Vconc_0.9_run_0.csv,5760.0,750.0,0,0.9,0.0,0.9,0,16.75,0.0,0.0,0.0,0.0,0.0,0.0,1054.94
5760_dose_750_gradient_0_VconcST_0_Vconc_0.9_run_0.csv,5760.0,750.0,0,0.9,0.0,0.9,0,17.0,0.0,0.0,0.0,0.0,0.0,0.0,1397.66
5760_dose_750_gradient_0_VconcST_0_Vconc_0.9_run_0.csv,5760.0,750.0,0,0.9,0.0,0.9,0,17.25,0.0,0.0,0.0,0.0,0.0,0.0,1166.98
5760_dose_750_gradient_0_VconcST_0_Vconc_0.9_run_0.csv,5760.0,750.0,0,0.9,0.0,0.9,0,17.5,0.0,0.0,0.0,0.0,0.0,0.0,1592.83
5760_dose_750_gradient_0_VconcST_0_Vconc_0.9_run_0.csv,5760.0,750.0,0,0.9,0.0,0.9,0,17.75,0.0,0.0,0.0,0.0,0.0,0.0,1082.74
5760_dose_750_gradient_0_VconcST_0_Vconc_0.9_run_0.csv,5760.0,750.0,0,0.9,0.0,0.9,0,18.0,0.0,0.0,0.0,0.0,0.0,0.0,1542.41
5760_dose_750_gradient_0_VconcST_0_Vconc_0.9_run_0.csv,5760.0,750.0,0,0.9,0.0,0.9,0,18.25,0.0,0.0,0.0,0.0,0.0,0.0,1139.6
5760_dose_750_gradient_0_VconcST_0_Vconc_0.9_run_0.csv,5760.0,750.0,0,0.9,0.0,0.9,0,18.5,0.0,0.0,0.0,0.0,0.0,0.0,1621.94
5760_dose_750_gradient_0_VconcST_0_Vconc_0.9_run_0.csv,5760.0,750.0,0,0.9,0.0,0.9,0,18.75,0.0,0.0,0.0,0.0,0.0,0.0,1244.27
5760_dose_750_gradient_0_VconcST_0_Vconc_0.9_run_0.csv,5760.0,750.0,0,0.9,0.0,0.9,0,19.0,0.0,0.0,0.0,0.0,0.0,0.0,1676.89
5760_dose_750_gradient_0_VconcST_0_Vconc_0.9_run_0.csv,5760.0,750.0,0,0.9,0.0,0.9,0,19.25,0.0,0.0,0.0,0.0,0.0232422,0.0,1468.83
5760_dose_750_gradient_0_VconcST_0_Vconc_0.9_run_0.csv,5760.0,750.0,0,0.9,0.0,0.9,0,19.5,0.0,0.0,0.0,0.0,0.000664063,0.0,2111.93
5760_dose_750_gradient_0_VconcST_0_Vconc_0.9_run_0.csv,5760.0,750.0,0,0.9,0.0,0.9,0,19.75,0.0,0.0,0.0,0.0,0.0536198,0.0,2047.77
5760_dose_750_gradient_0_VconcST_0_Vconc_0.9_run_0.csv,5760.0,750.0,0,0.9,0.0,0.9,0,20.0,0.0,0.0,0.0,0.0,0.134696,0.0,2237.97
5760_dose_750_gradient_0_VconcST_0_Vconc_0.9_run_0.csv,5760.0,750.0,0,0.9,0.0,0.9,0,20.25,0.0,0.0,0.0,0.0,0.24954,0.0,2520.66
5760_dose_750_gradient_0_VconcST_0_Vconc_0.9_run_0.csv,5760.0,750.0,0,0.9,0.0,0.9,0,20.5,0.0,0.0,0.0,0.0,0.37704,0.0,2518.57
5760_dose_750_gradient_0_VconcST_0_Vconc_0.9_run_0.csv,5760.0,750.0,0,0.9,0.0,0.9,0,20.75,0.0,0.0,0.0,0.0,0.549696,0.0,2597.27
5760_dose_750_gradient_0_VconcST_0_Vconc_0.9_run_0.csv,5760.0,750.0,0,0.9,0.0,0.9,0,21.0,0.0,0.0,0.0,0.0,0.689896,0.0,2524.77
5760_dose_750_gradient_0_VconcST_0_Vconc_0.9_run_0.csv,5760.0,750.0,0,0.9,0.0,0.9,0,21.25,0.0,0.0,0.0,0.0,0.870833,0.0,2540.58
5760_dose_750_gradient_0_VconcST_0_Vconc_0.9_run_0.csv,5760.0,750.0,0,0.9,0.0,0.9,0,21.5,0.0,0.0,0.0,0.0,0.995833,0.0,2464.76
5760_dose_750_gradient_0_VconcST_0_Vconc_0.9_run_0.csv,5760.0,750.0,0,0.9,0.0,0.9,0,21.75,0.0,0.0,0.0,0.0,1.0,0.0,2503.35
5760_dose_750_gradient_0_VconcST_0_Vconc_0.9_run_0.csv,5760.0,750.0,0,0.9,0.0,0.9,0,22.0,0.0,0.0,0.0,0.0,1.0,0.0,2508.17
5760_dose_750_gradient_0_VconcST_0_Vconc_0.9_run_0.csv,5760.0,750.0,0,0.9,0.0,0.9,0,22.25,0.0,0.0,0.0,0.0,1.0,0.0,2486.66
5760_dose_750_gradient_0_VconcST_0_Vconc_0.9_run_0.csv,5760.0,750.0,0,0.9,0.0,0.9,0,22.5,0.0,0.0,0.0,0.0,1.0,0.0,2487.43
5760_dose_750_gradient_0_VconcST_0_Vconc_0.9_run_0.csv,5760.0,750.0,0,0.9,0.0,0.9,0,22.75,0.0,0.0,0.0,0.0,1.0,0.0,2492.82
5760_dose_750_gradient_0_VconcST_0_Vconc_0.9_run_0.csv,5760.0,750.0,0,0.9,0.0,0.9,0,23.0,0.0,0.0,0.0,0.0,1.0,0.0,2510.1
5760_dose_750_gradient_0_VconcST_0_Vconc_0.9_run_0.csv,5760.0,750.0,0,0.9,0.0,0.9,0,23.25,0.0,0.0,0.0,0.0,1.0,0.0,2514.29
5760_dose_750_gradient_0_VconcST_0_Vconc_0.9_run_0.csv,5760.0,750.0,0,0.9,0.0,0.9,0,23.5,0.0,0.0,0.0,0.0,1.0,0.0,2487.2
5760_dose_750_gradient_0_VconcST_0_Vconc_0.9_run_0.csv,5760.0,750.0,0,0.9,0.0,0.9,0,23.75,0.0,0.0,0.0,0.0,1.0,0.0,2487.01
5760_dose_750_gradient_0_VconcST_0_Vconc_0.9_run_0.csv,5760.0,750.0,0,0.9,0.0,0.9,0,24.0,50.1654,750.0,0.0195379,50.1654,1.0,0.0,2460.77
5760_dose_750_gradient_0_VconcST_0_Vconc_0.9_run_0.csv,5760.0,750.0,0,0.9,0.0,0.9,0,24.25,3028.16,737.214,1.17937,3028.16,0.0,0.999933,0.0952142
5760_dose_750_gradient_0_VconcST_0_Vconc_0.9_run_0.csv,5760.0,750.0,0,0.9,0.0,0.9,0,24.5,5944.09,724.645,2.31504,5944.09,0.0,0.999966,0.0627126
5760_dose_750_gradient_0_VconcST_0_Vconc_0.9_run_0.csv,5760.0,750.0,0,0.9,0.0,0.9,0,24.75,8799.05,712.291,3.42696,8799.05,0.0,0.999977,0.0383349
5760_dose_750_gradient_0_VconcST_0_Vconc_0.9_run_0.csv,5760.0,750.0,0,0.9,0.0,0.9,0,25.0,11594.1,700.147,4.51555,11594.1,0.0,0.999983,0.0278185
5760_dose_750_gradient_0_VconcST_0_Vconc_0.9_run_0.csv,5760.0,750.0,0,0.9,0.0,0.9,0,25.25,14330.4,688.211,5.58124,14330.4,0.0,0.999986,0.0219018
5760_dose_750_gradient_0_VconcST_0_Vconc_0.9_run_0.csv,5760.0,750.0,0,0.9,0.0,0.9,0,25.5,17008.9,676.477,6.62443,17008.9,0.0,0.999988,0.0181501
5760_dose_750_gradient_0_VconcST_0_Vconc_0.9_run_0.csv,5760.0,750.0,0,0.9,0.0,0.9,0,25.75,19630.6,664.944,7.64551,19630.6,0.0,0.99999,0.0154453
5760_dose_750_gradient_0_VconcST_0_Vconc_0.9_run_0.csv,5760.0,750.0,0,0.9,0.0,0.9,0,26.0,22196.6,653.608,8.64489,22196.6,0.0,0.999991,0.0134987
5760_dose_750_gradient_0_VconcST_0_Vconc_0.9_run_0.csv,5760.0,750.0,0,0.9,0.0,0.9,0,26.25,24707.9,642.465,9.62295,24707.9,0.0,0.999992,0.0120436
5760_dose_750_gradient_0_VconcST_0_Vconc_0.9_run_0.csv,5760.0,750.0,0,0.9,0.0,0.9,0,26.5,27165.3,631.511,10.5801,27165.3,0.0,0.999993,0.0109748
5760_dose_750_gradient_0_VconcST_0_Vconc_0.9_run_0.csv,5760.0,750.0,0,0.9,0.0,0.9,0,26.75,29570.0,620.745,11.5166,29570.0,0.0,0.999993,0.0100295
5760_dose_750_gradient_0_VconcST_0_Vconc_0.9_run_0.csv,5760.0,750.0,0,0.9,0.0,0.9,0,27.0,31922.8,610.162,12.4329,31922.8,0.0,0.999994,0.0092902
5760_dose_750_gradient_0_VconcST_0_Vconc_0.9_run_0.csv,5760.0,750.0,0,0.9,0.0,0.9,0,27.25,34224.7,599.759,13.3295,34224.7,0.0,0.999994,0.00858699
5760_dose_750_gradient_0_VconcST_0_Vconc_0.9_run_0.csv,5760.0,750.0,0,0.9,0.0,0.9,0,27.5,36476.5,589.534,14.2065,36476.5,0.0,0.999995,0.00799973
5760_dose_750_gradient_0_VconcST_0_Vconc_0.9_run_0.csv,5760.0,750.0,0,0.9,0.0,0.9,0,27.75,38679.2,579.483,15.0643,38679.2,0.0,0.999995,0.0075591
5760_dose_750_gradient_0_VconcST_0_Vconc_0.9_run_0.csv,5760.0,750.0,0,0.9,0.0,0.9,0,28.0,40833.6,569.604,15.9034,40833.6,0.0,0.999995,0.00712441
5760_dose_750_gradient_0_VconcST_0_Vconc_0.9_run_0.csv,5760.0,750.0,0,0.9,0.0,0.9,0,28.25,42940.6,559.893,16.724,42940.6,0.0,0.999995,0.00679183
5760_dose_750_gradient_0_VconcST_0_Vconc_0.9_run_0.csv,5760.0,750.0,0,0.9,0.0,0.9,0,28.5,45001.1,550.347,17.5265,45001.1,0.0,0.999996,0.00644904
5760_dose_750_gradient_0_VconcST_0_Vconc_0.9_run_0.csv,5760.0,750.0,0,0.9,0.0,0.9,0,28.75,47015.8,540.964,18.3112,47015.8,0.0,0.999996,0.00621016
5760_dose_750_gradient_0_VconcST_0_Vconc_0.9_run_0.csv,5760.0,750.0,0,0.9,0.0,0.9,0,29.0,48985.7,531.742,19.0784,48985.7,0.0,0.999996,0.00593701
5760_dose_750_gradient_0_VconcST_0_Vconc_0.9_run_0.csv,5760.0,750.0,0,0.9,0.0,0.9,0,29.25,50911.4,522.676,19.8284,50911.4,0.0,0.999996,0.00568995
5760_dose_750_gradient_0_VconcST_0_Vconc_0.9_run_0.csv,5760.0,750.0,0,0.9,0.0,0.9,0,29.5,52793.9,513.765,20.5616,52793.9,0.0,0.999996,0.00544166
5760_dose_750_gradient_0_VconcST_0_Vconc_0.9_run_0.csv,5760.0,750.0,0,0.9,0.0,0.9,0,29.75,54633.8,505.006,21.2782,54633.8,0.0,0.999996,0.00527235
5760_dose_750_gradient_0_VconcST_0_Vconc_0.9_run_0.csv,5760.0,750.0,0,0.9,0.0,0.9,0,30.0,56432.0,496.396,21.9785,56432.0,0.0,0.999996,0.00508886
5760_dose_750_gradient_0_VconcST_0_Vconc_0.9_run_0.csv,5760.0,750.0,0,0.9,0.0,0.9,0,30.25,58189.1,487.933,22.6629,58189.1,0.0,0.999997,0.00492216
5760_dose_750_gradient_0_VconcST_0_Vconc_0.9_run_0.csv,5760.0,750.0,0,0.9,0.0,0.9,0,30.5,59906.0,479.615,23.3315,59906.0,0.0,0.999997,0.00483442
5760_dose_750_gradient_0_VconcST_0_Vconc_0.9_run_0.csv,5760.0,750.0,0,0.9,0.0,0.9,0,30.75,61583.3,471.438,23.9848,61583.3,0.0,0.999997,0.00467086
5760_dose_750_gradient_0_VconcST_0_Vconc_0.9_run_0.csv,5760.0,750.0,0,0.9,0.0,0.9,0,31.0,63221.9,463.4,24.623,63221.9,0.0,0.999997,0.00458417
5760_dose_750_gradient_0_VconcST_0_Vconc_0.9_run_0.csv,5760.0,750.0,0,0.9,0.0,0.9,0,31.25,64822.3,455.5,25.2463,64822.3,0.0,0.999997,0.00441035
5760_dose_750_gradient_0_VconcST_0_Vconc_0.9_run_0.csv,5760.0,750.0,0,0.9,0.0,0.9,0,31.5,66385.2,447.734,25.855,66385.2,0.0,0.999997,0.00441717
5760_dose_750_gradient_0_VconcST_0_Vconc_0.9_run_0.csv,5760.0,750.0,0,0.9,0.0,0.9,0,31.75,67911.4,440.101,26.4494,67911.4,0.0,0.999997,0.0043348
5760_dose_750_gradient_0_VconcST_0_Vconc_0.9_run_0.csv,5760.0,750.0,0,0.9,0.0,0.9,0,32.0,69401.5,432.598,27.0297,69401.5,0.0,0.999997,0.00424072
5760_dose_750_gradient_0_VconcST_0_Vconc_0.9_run_0.csv,5760.0,750.0,0,0.9,0.0,0.9,0,32.25,70856.1,425.222,27.5963,70856.1,0.0,0.999997,0.00416307
5760_dose_750_gradient_0_VconcST_0_Vconc_0.9_run_0.csv,5760.0,750.0,0,0.9,0.0,0.9,0,32.5,72276.0,417.973,28.1492,72276.0,0.0,0.999997,0.00407594
5760_dose_750_gradient_0_VconcST_0_Vconc_0.9_run_0.csv,5760.0,750.0,0,0.9,0.0,0.9,0,32.75,73661.6,410.847,28.6889,73661.6,0.0,0.999997,0.00398628
5760_dose_750_gradient_0_VconcST_0_Vconc_0.9_run_0.csv,5760.0,750.0,0,0.9,0.0,0.9,0,33.0,75013.7,403.842,29.2155,75013.7,0.0,0.999997,0.00390502
5760_dose_750_gradient_0_VconcST_0_Vconc_0.9_run_0.csv,5760.0,750.0,0,0.9,0.0,0.9,0,33.25,76332.9,396.957,29.7293,76332.9,0.0,0.999997,0.0038247
5760_dose_750_gradient_0_VconcST_0_Vconc_0.9_run_0.csv,5760.0,750.0,0,0.9,0.0,0.9,0,33.5,77619.8,390.19,30.2305,77619.8,0.0,0.999997,0.00373183
5760_dose_750_gradient_0_VconcST_0_Vconc_0.9_run_0.csv,5760.0,750.0,0,0.9,0.0,0.9,0,33.75,78874.8,383.537,30.7193,78874.8,0.0,0.999997,0.00374088
5760_dose_750_gradient_0_VconcST_0_Vconc_0.9_run_0.csv,5760.0,750.0,0,0.9,0.0,0.9,0,34.0,80098.7,376.999,31.196,80098.7,0.0,0.999997,0.00364701
5760_dose_750_gradient_0_VconcST_0_Vconc_0.9_run_0.csv,5760.0,750.0,0,0.9,0.0,0.9,0,34.25,81292.0,370.571,31.6607,81292.0,0.0,0.999997,0.00356222
5760_dose_750_gradient_0_VconcST_0_Vconc_0.9_run_0.csv,5760.0,750.0,0,0.9,0.0,0.9,0,34.5,82455.3,364.253,32.1138,82455.3,0.0,0.999998,0.00356472
5760_dose_750_gradient_0_VconcST_0_Vconc_0.9_run_0.csv,5760.0,750.0,0,0.9,0.0,0.9,0,34.75,83589.0,358.043,32.5553,83589.0,0.0,0.999998,0.00348863
5760_dose_750_gradient_0_VconcST_0_Vconc_0.9_run_0.csv,5760.0,750.0,0,0.9,0.0,0.9,0,35.0,84693.8,351.938,32.9856,84693.8,0.0,0.999998,0.00340366
5760_dose_750_gradient_0_VconcST_0_Vconc_0.9_run_0.csv,5760.0,750.0,0,0.9,0.0,0.9,0,35.25,85770.2,345.938,33.4048,85770.2,0.0,0.999998,0.00339258
5760_dose_750_gradient_0_VconcST_0_Vconc_0.9_run_0.csv,5760.0,750.0,0,0.9,0.0,0.9,0,35.5,86818.6,340.04,33.8132,86818.6,0.0,0.999998,0.00331101
5760_dose_750_gradient_0_VconcST_0_Vconc_0.9_run_0.csv,5760.0,750.0,0,0.9,0.0,0.9,0,35.75,87839.7,334.243,34.2108,87839.7,0.0,0.999998,0.00331009
5760_dose_750_gradient_0_VconcST_0_Vconc_0.9_run_0.csv,5760.0,750.0,0,0.9,0.0,0.9,0,36.0,88833.9,328.545,34.598,88833.9,0.0,0.999998,0.00331462
5760_dose_750_gradient_0_VconcST_0_Vconc_0.9_run_0.csv,5760.0,750.0,0,0.9,0.0,0.9,0,36.25,89801.6,322.943,34.975,89801.6,0.0,0.999998,0.00322849
5760_dose_750_gradient_0_VconcST_0_Vconc_0.9_run_0.csv,5760.0,750.0,0,0.9,0.0,0.9,0,36.5,90743.5,317.438,35.3418,90743.5,0.0,0.999998,0.00322905
5760_dose_750_gradient_0_VconcST_0_Vconc_0.9_run_0.csv,5760.0,750.0,0,0.9,0.0,0.9,0,36.75,91660.0,312.026,35.6987,91660.0,0.0,0.999998,0.00314233
5760_dose_750_gradient_0_VconcST_0_Vconc_0.9_run_0.csv,5760.0,750.0,0,0.9,0.0,0.9,0,37.0,92551.4,306.706,36.0459,92551.4,0.0,0.999998,0.00314035
5760_dose_750_gradient_0_VconcST_0_Vconc_0.9_run_0.csv,5760.0,750.0,0,0.9,0.0,0.9,0,37.25,93418.4,301.477,36.3836,93418.4,0.0,0.999998,0.00314487
5760_dose_750_gradient_0_VconcST_0_Vconc_0.9_run_0.csv,5760.0,750.0,0,0.9,0.0,0.9,0,37.5,94261.3,296.337,36.7118,94261.3,0.0,0.999998,0.00305643
5760_dose_750_gradient_0_VconcST_0_Vconc_0.9_run_0.csv,5760.0,750.0,0,0.9,0.0,0.9,0,37.75,95080.6,291.285,37.0309,95080.6,0.0,0.999998,0.00306061
5760_dose_750_gradient_0_VconcST_0_Vconc_0.9_run_0.csv,5760.0,750.0,0,0.9,0.0,0.9,0,38.0,95876.7,286.319,37.341,95876.7,0.0,0.999998,0.00305761
5760_dose_750_gradient_0_VconcST_0_Vconc_0.9_run_0.csv,5760.0,750.0,0,0.9,0.0,0.9,0,38.25,96650.1,281.438,37.6422,96650.1,0.0,0.999998,0.00298081
5760_dose_750_gradient_0_VconcST_0_Vconc_0.9_run_0.csv,5760.0,750.0,0,0.9,0.0,0.9,0,38.5,97401.2,276.639,37.9347,97401.2,0.0,0.999998,0.00297122
5760_dose_750_gradient_0_VconcST_0_Vconc_0.9_run_0.csv,5760.0,750.0,0,0.9,0.0,0.9,0,38.75,98130.4,271.923,38.2187,98130.4,0.0,0.999998,0.0029685
5760_dose_750_gradient_0_VconcST_0_Vconc_0.9_run_0.csv,5760.0,750.0,0,0.9,0.0,0.9,0,39.0,98838.0,267.287,38.4943,98838.0,0.0,0.999998,0.0029733
5760_dose_750_gradient_0_VconcST_0_Vconc_0.9_run_0.csv,5760.0,750.0,0,0.9,0.0,0.9,0,39.25,99524.6,262.73,38.7618,99524.6,0.0,0.999998,0.00288511
5760_dose_750_gradient_0_VconcST_0_Vconc_0.9_run_0.csv,5760.0,750.0,0,0.9,0.0,0.9,0,39.5,100191.0,258.251,39.0211,100191.0,0.0,0.999998,0.00288369
5760_dose_750_gradient_0_VconcST_0_Vconc_0.9_run_0.csv,5760.0,750.0,0,0.9,0.0,0.9,0,39.75,100836.0,253.848,39.2725,100836.0,0.0,0.999998,0.00289291
5760_dose_750_gradient_0_VconcST_0_Vconc_0.9_run_0.csv,5760.0,750.0,0,0.9,0.0,0.9,0,40.0,101462.0,249.52,39.5162,101462.0,0.0,0.999998,0.00288652
5760_dose_750_gradient_0_VconcST_0_Vconc_0.9_run_0.csv,5760.0,750.0,0,0.9,0.0,0.9,0,40.25,102068.0,245.266,39.7523,102068.0,0.0,0.999998,0.00280142
5760_dose_750_gradient_0_VconcST_0_Vconc_0.9_run_0.csv,5760.0,750.0,0,0.9,0.0,0.9,0,40.5,102655.0,241.085,39.9809,102655.0,0.0,0.999998,0.0028026
5760_dose_750_gradient_0_VconcST_0_Vconc_0.9_run_0.csv,5760.0,750.0,0,0.9,0.0,0.9,0,40.75,103223.0,236.975,40.2021,103223.0,0.0,0.999998,0.00280791
5760_dose_750_gradient_0_VconcST_0_Vconc_0.9_run_0.csv,5760.0,750.0,0,0.9,0.0,0.9,0,41.0,103772.0,232.934,40.4162,103772.0,0.0,0.999998,0.00279887
5760_dose_750_gradient_0_VconcST_0_Vconc_0.9_run_0.csv,5760.0,750.0,0,0.9,0.0,0.9,0,41.25,104304.0,228.963,40.6232,104304.0,0.0,0.999998,0.00279887
5760_dose_750_gradient_0_VconcST_0_Vconc_0.9_run_0.csv,5760.0,750.0,0,0.9,0.0,0.9,0,41.5,104818.0,225.06,40.8232,104818.0,0.0,0.999998,0.00279887
5760_dose_800_gradient_0_VconcST_0_Vconc_0.9_run_1.csv,5760.0,800.0,0,0.9,0.0,0.9,1,0.0,0.0,0.0,0.0,0.0,0.0,0.0,0.0
5760_dose_800_gradient_0_VconcST_0_Vconc_0.9_run_1.csv,5760.0,800.0,0,0.9,0.0,0.9,1,0.25,0.0,0.0,0.0,0.0,0.0,0.0,2393.6
5760_dose_800_gradient_0_VconcST_0_Vconc_0.9_run_1.csv,5760.0,800.0,0,0.9,0.0,0.9,1,0.5,0.0,0.0,0.0,0.0,0.0,0.0,32.0895
5760_dose_800_gradient_0_VconcST_0_Vconc_0.9_run_1.csv,5760.0,800.0,0,0.9,0.0,0.9,1,0.75,0.0,0.0,0.0,0.0,0.0,0.0,2340.8
5760_dose_800_gradient_0_VconcST_0_Vconc_0.9_run_1.csv,5760.0,800.0,0,0.9,0.0,0.9,1,1.0,0.0,0.0,0.0,0.0,0.0,0.0,32.1178
5760_dose_800_gradient_0_VconcST_0_Vconc_0.9_run_1.csv,5760.0,800.0,0,0.9,0.0,0.9,1,1.25,0.0,0.0,0.0,0.0,0.0,0.0,2478.3
5760_dose_800_gradient_0_VconcST_0_Vconc_0.9_run_1.csv,5760.0,800.0,0,0.9,0.0,0.9,1,1.5,0.0,0.0,0.0,0.0,0.0,0.0,32.6055
5760_dose_800_gradient_0_VconcST_0_Vconc_0.9_run_1.csv,5760.0,800.0,0,0.9,0.0,0.9,1,1.75,0.0,0.0,0.0,0.0,0.0,0.0,2379.17
5760_dose_800_gradient_0_VconcST_0_Vconc_0.9_run_1.csv,5760.0,800.0,0,0.9,0.0,0.9,1,2.0,0.0,0.0,0.0,0.0,0.0,0.0,33.4528
5760_dose_800_gradient_0_VconcST_0_Vconc_0.9_run_1.csv,5760.0,800.0,0,0.9,0.0,0.9,1,2.25,0.0,0.0,0.0,0.0,0.0,0.0,2293.08
5760_dose_800_gradient_0_VconcST_0_Vconc_0.9_run_1.csv,5760.0,800.0,0,0.9,0.0,0.9,1,2.5,0.0,0.0,0.0,0.0,0.0,0.0,33.3029
5760_dose_800_gradient_0_VconcST_0_Vconc_0.9_run_1.csv,5760.0,800.0,0,0.9,0.0,0.9,1,2.75,0.0,0.0,0.0,0.0,0.0,0.0,2231.54
5760_dose_800_gradient_0_VconcST_0_Vconc_0.9_run_1.csv,5760.0,800.0,0,0.9,0.0,0.9,1,3.0,0.0,0.0,0.0,0.0,0.0,0.0,34.2034
5760_dose_800_gradient_0_VconcST_0_Vconc_0.9_run_1.csv,5760.0,800.0,0,0.9,0.0,0.9,1,3.25,0.0,0.0,0.0,0.0,0.0,0.0,2249.84
5760_dose_800_gradient_0_VconcST_0_Vconc_0.9_run_1.csv,5760.0,800.0,0,0.9,0.0,0.9,1,3.5,0.0,0.0,0.0,0.0,0.0,0.0,33.6016
5760_dose_800_gradient_0_VconcST_0_Vconc_0.9_run_1.csv,5760.0,800.0,0,0.9,0.0,0.9,1,3.75,0.0,0.0,0.0,0.0,4.34028e-06,0.0,2306.12
5760_dose_800_gradient_0_VconcST_0_Vconc_0.9_run_1.csv,5760.0,800.0,0,0.9,0.0,0.9,1,4.0,0.0,0.0,0.0,0.0,0.0,0.0,34.538
5760_dose_800_gradient_0_VconcST_0_Vconc_0.9_run_1.csv,5760.0,800.0,0,0.9,0.0,0.9,1,4.25,0.0,0.0,0.0,0.0,0.0,0.0,2229.97
5760_dose_800_gradient_0_VconcST_0_Vconc_0.9_run_1.csv,5760.0,800.0,0,0.9,0.0,0.9,1,4.5,0.0,0.0,0.0,0.0,0.0,0.0,35.7209
5760_dose_800_gradient_0_VconcST_0_Vconc_0.9_run_1.csv,5760.0,800.0,0,0.9,0.0,0.9,1,4.75,0.0,0.0,0.0,0.0,0.0,0.0,2265.27
5760_dose_800_gradient_0_VconcST_0_Vconc_0.9_run_1.csv,5760.0,800.0,0,0.9,0.0,0.9,1,5.0,0.0,0.0,0.0,0.0,0.0,0.0,38.3693
5760_dose_800_gradient_0_VconcST_0_Vconc_0.9_run_1.csv,5760.0,800.0,0,0.9,0.0,0.9,1,5.25,0.0,0.0,0.0,0.0,0.0,0.0,2192.23
5760_dose_800_gradient_0_VconcST_0_Vconc_0.9_run_1.csv,5760.0,800.0,0,0.9,0.0,0.9,1,5.5,0.0,0.0,0.0,0.0,0.0,0.0,36.603
5760_dose_800_gradient_0_VconcST_0_Vconc_0.9_run_1.csv,5760.0,800.0,0,0.9,0.0,0.9,1,5.75,0.0,0.0,0.0,0.0,0.00212674,0.0,2228.89
5760_dose_800_gradient_0_VconcST_0_Vconc_0.9_run_1.csv,5760.0,800.0,0,0.9,0.0,0.9,1,6.0,0.0,0.0,0.0,0.0,0.0,0.0,37.9858
5760_dose_800_gradient_0_VconcST_0_Vconc_0.9_run_1.csv,5760.0,800.0,0,0.9,0.0,0.9,1,6.25,0.0,0.0,0.0,0.0,0.0,0.0,2230.58
5760_dose_800_gradient_0_VconcST_0_Vconc_0.9_run_1.csv,5760.0,800.0,0,0.9,0.0,0.9,1,6.5,0.0,0.0,0.0,0.0,0.0,0.0,39.4534
5760_dose_800_gradient_0_VconcST_0_Vconc_0.9_run_1.csv,5760.0,800.0,0,0.9,0.0,0.9,1,6.75,0.0,0.0,0.0,0.0,0.0,0.0,2075.58
5760_dose_800_gradient_0_VconcST_0_Vconc_0.9_run_1.csv,5760.0,800.0,0,0.9,0.0,0.9,1,7.0,0.0,0.0,0.0,0.0,0.0,0.0,50.4044
5760_dose_800_gradient_0_VconcST_0_Vconc_0.9_run_1.csv,5760.0,800.0,0,0.9,0.0,0.9,1,7.25,0.0,0.0,0.0,0.0,0.0,0.0,2118.97
5760_dose_800_gradient_0_VconcST_0_Vconc_0.9_run_1.csv,5760.0,800.0,0,0.9,0.0,0.9,1,7.5,0.0,0.0,0.0,0.0,0.0,0.0,57.9313
5760_dose_800_gradient_0_VconcST_0_Vconc_0.9_run_1.csv,5760.0,800.0,0,0.9,0.0,0.9,1,7.75,0.0,0.0,0.0,0.0,0.0,0.0,2124.64
5760_dose_800_gradient_0_VconcST_0_Vconc_0.9_run_1.csv,5760.0,800.0,0,0.9,0.0,0.9,1,8.0,0.0,0.0,0.0,0.0,0.0,0.0,48.9203
5760_dose_800_gradient_0_VconcST_0_Vconc_0.9_run_1.csv,5760.0,800.0,0,0.9,0.0,0.9,1,8.25,0.0,0.0,0.0,0.0,0.0,0.0,2079.13
5760_dose_800_gradient_0_VconcST_0_Vconc_0.9_run_1.csv,5760.0,800.0,0,0.9,0.0,0.9,1,8.5,0.0,0.0,0.0,0.0,0.0,0.0,123.529
5760_dose_800_gradient_0_VconcST_0_Vconc_0.9_run_1.csv,5760.0,800.0,0,0.9,0.0,0.9,1,8.75,0.0,0.0,0.0,0.0,0.0,0.0,2007.54
5760_dose_800_gradient_0_VconcST_0_Vconc_0.9_run_1.csv,5760.0,800.0,0,0.9,0.0,0.9,1,9.0,0.0,0.0,0.0,0.0,0.0,0.0,194.732
5760_dose_800_gradient_0_VconcST_0_Vconc_0.9_run_1.csv,5760.0,800.0,0,0.9,0.0,0.9,1,9.25,0.0,0.0,0.0,0.0,0.0,0.0,1971.16
5760_dose_800_gradient_0_VconcST_0_Vconc_0.9_run_1.csv,5760.0,800.0,0,0.9,0.0,0.9,1,9.5,0.0,0.0,0.0,0.0,0.0,0.0,216.004
5760_dose_800_gradient_0_VconcST_0_Vconc_0.9_run_1.csv,5760.0,800.0,0,0.9,0.0,0.9,1,9.75,0.0,0.0,0.0,0.0,0.0,0.0,1973.62
5760_dose_800_gradient_0_VconcST_0_Vconc_0.9_run_1.csv,5760.0,800.0,0,0.9,0.0,0.9,1,10.0,0.0,0.0,0.0,0.0,0.0,0.0,295.52
5760_dose_800_gradient_0_VconcST_0_Vconc_0.9_run_1.csv,5760.0,800.0,0,0.9,0.0,0.9,1,10.25,0.0,0.0,0.0,0.0,0.0,0.0,1818.6
5760_dose_800_gradient_0_VconcST_0_Vconc_0.9_run_1.csv,5760.0,800.0,0,0.9,0.0,0.9,1,10.5,0.0,0.0,0.0,0.0,0.0,0.0,415.5
5760_dose_800_gradient_0_VconcST_0_Vconc_0.9_run_1.csv,5760.0,800.0,0,0.9,0.0,0.9,1,10.75,0.0,0.0,0.0,0.0,0.0,0.0,1757.86
5760_dose_800_gradient_0_VconcST_0_Vconc_0.9_run_1.csv,5760.0,800.0,0,0.9,0.0,0.9,1,11.0,0.0,0.0,0.0,0.0,0.0,0.0,476.585
5760_dose_800_gradient_0_VconcST_0_Vconc_0.9_run_1.csv,5760.0,800.0,0,0.9,0.0,0.9,1,11.25,0.0,0.0,0.0,0.0,0.0,0.0,1701.75
5760_dose_800_gradient_0_VconcST_0_Vconc_0.9_run_1.csv,5760.0,800.0,0,0.9,0.0,0.9,1,11.5,0.0,0.0,0.0,0.0,0.0,0.0,638.766
5760_dose_800_gradient_0_VconcST_0_Vconc_0.9_run_1.csv,5760.0,800.0,0,0.9,0.0,0.9,1,11.75,0.0,0.0,0.0,0.0,0.0,0.0,1628.75
5760_dose_800_gradient_0_VconcST_0_Vconc_0.9_run_1.csv,5760.0,800.0,0,0.9,0.0,0.9,1,12.0,0.0,0.0,0.0,0.0,0.0,0.0,656.334
5760_dose_800_gradient_0_VconcST_0_Vconc_0.9_run_1.csv,5760.0,800.0,0,0.9,0.0,0.9,1,12.25,0.0,0.0,0.0,0.0,0.0,0.0,1646.58
5760_dose_800_gradient_0_VconcST_0_Vconc_0.9_run_1.csv,5760.0,800.0,0,0.9,0.0,0.9,1,12.5,0.0,0.0,0.0,0.0,0.0,0.0,756.352
5760_dose_800_gradient_0_VconcST_0_Vconc_0.9_run_1.csv,5760.0,800.0,0,0.9,0.0,0.9,1,12.75,0.0,0.0,0.0,0.0,0.0,0.0,1552.32
5760_dose_800_gradient_0_VconcST_0_Vconc_0.9_run_1.csv,5760.0,800.0,0,0.9,0.0,0.9,1,13.0,0.0,0.0,0.0,0.0,0.0,0.0,1008.65
5760_dose_800_gradient_0_VconcST_0_Vconc_0.9_run_1.csv,5760.0,800.0,0,0.9,0.0,0.9,1,13.25,0.0,0.0,0.0,0.0,0.0,0.0,1374.6
5760_dose_800_gradient_0_VconcST_0_Vconc_0.9_run_1.csv,5760.0,800.0,0,0.9,0.0,0.9,1,13.5,0.0,0.0,0.0,0.0,0.0,0.0,1217.97
5760_dose_800_gradient_0_VconcST_0_Vconc_0.9_run_1.csv,5760.0,800.0,0,0.9,0.0,0.9,1,13.75,0.0,0.0,0.0,0.0,0.0119531,0.0,1421.38
5760_dose_800_gradient_0_VconcST_0_Vconc_0.9_run_1.csv,5760.0,800.0,0,0.9,0.0,0.9,1,14.0,0.0,0.0,0.0,0.0,0.00062934,0.0,1647.12
5760_dose_800_gradient_0_VconcST_0_Vconc_0.9_run_1.csv,5760.0,800.0,0,0.9,0.0,0.9,1,14.25,0.0,0.0,0.0,0.0,0.0333681,0.0,1859.34
5760_dose_800_gradient_0_VconcST_0_Vconc_0.9_run_1.csv,5760.0,800.0,0,0.9,0.0,0.9,1,14.5,0.0,0.0,0.0,0.0,0.0945182,0.0,2279.49
5760_dose_800_gradient_0_VconcST_0_Vconc_0.9_run_1.csv,5760.0,800.0,0,0.9,0.0,0.9,1,14.75,0.0,0.0,0.0,0.0,0.188398,0.0,2570.48
5760_dose_800_gradient_0_VconcST_0_Vconc_0.9_run_1.csv,5760.0,800.0,0,0.9,0.0,0.9,1,15.0,0.0,0.0,0.0,0.0,0.300399,0.0,2431.2
5760_dose_800_gradient_0_VconcST_0_Vconc_0.9_run_1.csv,5760.0,800.0,0,0.9,0.0,0.9,1,15.25,0.0,0.0,0.0,0.0,0.453524,0.0,2498.96
5760_dose_800_gradient_0_VconcST_0_Vconc_0.9_run_1.csv,5760.0,800.0,0,0.9,0.0,0.9,1,15.5,0.0,0.0,0.0,0.0,0.611189,0.0,2514.62
5760_dose_800_gradient_0_VconcST_0_Vconc_0.9_run_1.csv,5760.0,800.0,0,0.9,0.0,0.9,1,15.75,0.0,0.0,0.0,0.0,0.818724,0.0,2541.77
5760_dose_800_gradient_0_VconcST_0_Vconc_0.9_run_1.csv,5760.0,800.0,0,0.9,0.0,0.9,1,16.0,0.0,0.0,0.0,0.0,0.982292,0.0,2534.44
5760_dose_800_gradient_0_VconcST_0_Vconc_0.9_run_1.csv,5760.0,800.0,0,0.9,0.0,0.9,1,16.25,0.0,0.0,0.0,0.0,1.0,0.0,2471.66
5760_dose_800_gradient_0_VconcST_0_Vconc_0.9_run_1.csv,5760.0,800.0,0,0.9,0.0,0.9,1,16.5,0.0,0.0,0.0,0.0,1.0,0.0,2494.01
5760_dose_800_gradient_0_VconcST_0_Vconc_0.9_run_1.csv,5760.0,800.0,0,0.9,0.0,0.9,1,16.75,0.0,0.0,0.0,0.0,1.0,0.0,2544.58
5760_dose_800_gradient_0_VconcST_0_Vconc_0.9_run_1.csv,5760.0,800.0,0,0.9,0.0,0.9,1,17.0,0.0,0.0,0.0,0.0,1.0,0.0,2539.66
5760_dose_800_gradient_0_VconcST_0_Vconc_0.9_run_1.csv,5760.0,800.0,0,0.9,0.0,0.9,1,17.25,0.0,0.0,0.0,0.0,1.0,0.0,2517.44
5760_dose_800_gradient_0_VconcST_0_Vconc_0.9_run_1.csv,5760.0,800.0,0,0.9,0.0,0.9,1,17.5,0.0,0.0,0.0,0.0,1.0,0.0,2503.17
5760_dose_800_gradient_0_VconcST_0_Vconc_0.9_run_1.csv,5760.0,800.0,0,0.9,0.0,0.9,1,17.75,0.0,0.0,0.0,0.0,1.0,0.0,2511.79
5760_dose_800_gradient_0_VconcST_0_Vconc_0.9_run_1.csv,5760.0,800.0,0,0.9,0.0,0.9,1,18.0,0.0,0.0,0.0,0.0,1.0,0.0,2457.92
5760_dose_800_gradient_0_VconcST_0_Vconc_0.9_run_1.csv,5760.0,800.0,0,0.9,0.0,0.9,1,18.25,0.0,0.0,0.0,0.0,1.0,0.0,2545.26
5760_dose_800_gradient_0_VconcST_0_Vconc_0.9_run_1.csv,5760.0,800.0,0,0.9,0.0,0.9,1,18.5,0.0,0.0,0.0,0.0,1.0,0.0,2481.16
5760_dose_800_gradient_0_VconcST_0_Vconc_0.9_run_1.csv,5760.0,800.0,0,0.9,0.0,0.9,1,18.75,0.0,0.0,0.0,0.0,1.0,0.0,2544.29
5760_dose_800_gradient_0_VconcST_0_Vconc_0.9_run_1.csv,5760.0,800.0,0,0.9,0.0,0.9,1,19.0,0.0,0.0,0.0,0.0,1.0,0.0,2469.75
5760_dose_800_gradient_0_VconcST_0_Vconc_0.9_run_1.csv,5760.0,800.0,0,0.9,0.0,0.9,1,19.25,0.0,0.0,0.0,0.0,1.0,0.0,2534.23
5760_dose_800_gradient_0_VconcST_0_Vconc_0.9_run_1.csv,5760.0,800.0,0,0.9,0.0,0.9,1,19.5,0.0,0.0,0.0,0.0,1.0,0.0,2493.66
5760_dose_800_gradient_0_VconcST_0_Vconc_0.9_run_1.csv,5760.0,800.0,0,0.9,0.0,0.9,1,19.75,0.0,0.0,0.0,0.0,1.0,0.0,2521.87
5760_dose_800_gradient_0_VconcST_0_Vconc_0.9_run_1.csv,5760.0,800.0,0,0.9,0.0,0.9,1,20.0,0.0,0.0,0.0,0.0,1.0,0.0,2461.26
5760_dose_800_gradient_0_VconcST_0_Vconc_0.9_run_1.csv,5760.0,800.0,0,0.9,0.0,0.9,1,20.25,0.0,0.0,0.0,0.0,1.0,0.0,2503.4
5760_dose_800_gradient_0_VconcST_0_Vconc_0.9_run_1.csv,5760.0,800.0,0,0.9,0.0,0.9,1,20.5,0.0,0.0,0.0,0.0,1.0,0.0,2563.39
5760_dose_800_gradient_0_VconcST_0_Vconc_0.9_run_1.csv,5760.0,800.0,0,0.9,0.0,0.9,1,20.75,0.0,0.0,0.0,0.0,1.0,0.0,2533.55
5760_dose_800_gradient_0_VconcST_0_Vconc_0.9_run_1.csv,5760.0,800.0,0,0.9,0.0,0.9,1,21.0,0.0,0.0,0.0,0.0,1.0,0.0,2489.09
5760_dose_800_gradient_0_VconcST_0_Vconc_0.9_run_1.csv,5760.0,800.0,0,0.9,0.0,0.9,1,21.25,0.0,0.0,0.0,0.0,1.0,0.0,2529.66
5760_dose_800_gradient_0_VconcST_0_Vconc_0.9_run_1.csv,5760.0,800.0,0,0.9,0.0,0.9,1,21.5,0.0,0.0,0.0,0.0,1.0,0.0,2460.59
5760_dose_800_gradient_0_VconcST_0_Vconc_0.9_run_1.csv,5760.0,800.0,0,0.9,0.0,0.9,1,21.75,0.0,0.0,0.0,0.0,1.0,0.0,2525.89
5760_dose_800_gradient_0_VconcST_0_Vconc_0.9_run_1.csv,5760.0,800.0,0,0.9,0.0,0.9,1,22.0,0.0,0.0,0.0,0.0,1.0,0.0,2517.56
5760_dose_800_gradient_0_VconcST_0_Vconc_0.9_run_1.csv,5760.0,800.0,0,0.9,0.0,0.9,1,22.25,0.0,0.0,0.0,0.0,1.0,0.0,2547.07
5760_dose_800_gradient_0_VconcST_0_Vconc_0.9_run_1.csv,5760.0,800.0,0,0.9,0.0,0.9,1,22.5,0.0,0.0,0.0,0.0,1.0,0.0,2429.81
5760_dose_800_gradient_0_VconcST_0_Vconc_0.9_run_1.csv,5760.0,800.0,0,0.9,0.0,0.9,1,22.75,0.0,0.0,0.0,0.0,1.0,0.0,2439.02
5760_dose_800_gradient_0_VconcST_0_Vconc_0.9_run_1.csv,5760.0,800.0,0,0.9,0.0,0.9,1,23.0,0.0,0.0,0.0,0.0,1.0,0.0,2363.79
5760_dose_800_gradient_0_VconcST_0_Vconc_0.9_run_1.csv,5760.0,800.0,0,0.9,0.0,0.9,1,23.25,0.0,0.0,0.0,0.0,1.0,0.0,2493.24
5760_dose_800_gradient_0_VconcST_0_Vconc_0.9_run_1.csv,5760.0,800.0,0,0.9,0.0,0.9,1,23.5,0.0,0.0,0.0,0.0,1.0,0.0,2460.65
5760_dose_800_gradient_0_VconcST_0_Vconc_0.9_run_1.csv,5760.0,800.0,0,0.9,0.0,0.9,1,23.75,0.0,0.0,0.0,0.0,1.0,0.0,2486.55
5760_dose_800_gradient_0_VconcST_0_Vconc_0.9_run_1.csv,5760.0,800.0,0,0.9,0.0,0.9,1,24.0,53.5098,800.0,0.0208404,53.5098,1.0,0.0,2495.98
5760_dose_800_gradient_0_VconcST_0_Vconc_0.9_run_1.csv,5760.0,800.0,0,0.9,0.0,0.9,1,24.25,3230.04,786.361,1.258,3230.04,0.0,0.999937,0.0847785
5760_dose_800_gradient_0_VconcST_0_Vconc_0.9_run_1.csv,5760.0,800.0,0,0.9,0.0,0.9,1,24.5,6340.36,772.954,2.46937,6340.36,0.0,0.999968,0.0588567
5760_dose_800_gradient_0_VconcST_0_Vconc_0.9_run_1.csv,5760.0,800.0,0,0.9,0.0,0.9,1,24.75,9385.65,759.777,3.65542,9385.65,0.0,0.999979,0.0359641
5760_dose_800_gradient_0_VconcST_0_Vconc_0.9_run_1.csv,5760.0,800.0,0,0.9,0.0,0.9,1,25.0,12367.1,746.823,4.81659,12367.1,0.0,0.999984,0.0260614
5760_dose_800_gradient_0_VconcST_0_Vconc_0.9_run_1.csv,5760.0,800.0,0,0.9,0.0,0.9,1,25.25,15285.7,734.092,5.95332,15285.7,0.0,0.999987,0.0205601
5760_dose_800_gradient_0_VconcST_0_Vconc_0.9_run_1.csv,5760.0,800.0,0,0.9,0.0,0.9,1,25.5,18142.8,721.576,7.06605,18142.8,0.0,0.999989,0.0168981
5760_dose_800_gradient_0_VconcST_0_Vconc_0.9_run_1.csv,5760.0,800.0,0,0.9,0.0,0.9,1,25.75,20939.3,709.274,8.15521,20939.3,0.0,0.99999,0.0145546
5760_dose_800_gradient_0_VconcST_0_Vconc_0.9_run_1.csv,5760.0,800.0,0,0.9,0.0,0.9,1,26.0,23676.4,697.182,9.22121,23676.4,0.0,0.999992,0.0126372
5760_dose_800_gradient_0_VconcST_0_Vconc_0.9_run_1.csv,5760.0,800.0,0,0.9,0.0,0.9,1,26.25,26355.0,685.296,10.2645,26355.0,0.0,0.999992,0.011314
5760_dose_800_gradient_0_VconcST_0_Vconc_0.9_run_1.csv,5760.0,800.0,0,0.9,0.0,0.9,1,26.5,28976.4,673.613,11.2854,28976.4,0.0,0.999993,0.0102751
5760_dose_800_gradient_0_VconcST_0_Vconc_0.9_run_1.csv,5760.0,800.0,0,0.9,0.0,0.9,1,26.75,31541.3,662.128,12.2844,31541.3,0.0,0.999994,0.00935712
5760_dose_800_gradient_0_VconcST_0_Vconc_0.9_run_1.csv,5760.0,800.0,0,0.9,0.0,0.9,1,27.0,34051.0,650.84,13.2618,34051.0,0.0,0.999994,0.0086635
5760_dose_800_gradient_0_VconcST_0_Vconc_0.9_run_1.csv,5760.0,800.0,0,0.9,0.0,0.9,1,27.25,36506.3,639.744,14.2181,36506.3,0.0,0.999995,0.00807039
5760_dose_800_gradient_0_VconcST_0_Vconc_0.9_run_1.csv,5760.0,800.0,0,0.9,0.0,0.9,1,27.5,38908.2,628.837,15.1535,38908.2,0.0,0.999995,0.00754849
5760_dose_800_gradient_0_VconcST_0_Vconc_0.9_run_1.csv,5760.0,800.0,0,0.9,0.0,0.9,1,27.75,41257.7,618.116,16.0686,41257.7,0.0,0.999995,0.00704306
5760_dose_800_gradient_0_VconcST_0_Vconc_0.9_run_1.csv,5760.0,800.0,0,0.9,0.0,0.9,1,28.0,43555.8,607.578,16.9636,43555.8,0.0,0.999995,0.00670364
5760_dose_800_gradient_0_VconcST_0_Vconc_0.9_run_1.csv,5760.0,800.0,0,0.9,0.0,0.9,1,28.25,45803.3,597.219,17.839,45803.3,0.0,0.999996,0.00636555
5760_dose_800_gradient_0_VconcST_0_Vconc_0.9_run_1.csv,5760.0,800.0,0,0.9,0.0,0.9,1,28.5,48001.1,587.037,18.6949,48001.1,0.0,0.999996,0.0060218
5760_dose_800_gradient_0_VconcST_0_Vconc_0.9_run_1.csv,5760.0,800.0,0,0.9,0.0,0.9,1,28.75,50150.2,577.029,19.5319,50150.2,0.0,0.999996,0.00577143
5760_dose_800_gradient_0_VconcST_0_Vconc_0.9_run_1.csv,5760.0,800.0,0,0.9,0.0,0.9,1,29.0,52251.3,567.191,20.3503,52251.3,0.0,0.999996,0.00551565
5760_dose_800_gradient_0_VconcST_0_Vconc_0.9_run_1.csv,5760.0,800.0,0,0.9,0.0,0.9,1,29.25,54305.5,557.521,21.1503,54305.5,0.0,0.999996,0.0053433
5760_dose_800_gradient_0_VconcST_0_Vconc_0.9_run_1.csv,5760.0,800.0,0,0.9,0.0,0.9,1,29.5,56313.4,548.016,21.9323,56313.4,0.0,0.999996,0.00509459
5760_dose_800_gradient_0_VconcST_0_Vconc_0.9_run_1.csv,5760.0,800.0,0,0.9,0.0,0.9,1,29.75,58276.0,538.673,22.6967,58276.0,0.0,0.999997,0.00492856
5760_dose_800_gradient_0_VconcST_0_Vconc_0.9_run_1.csv,5760.0,800.0,0,0.9,0.0,0.9,1,30.0,60194.1,529.49,23.4437,60194.1,0.0,0.999997,0.00475242
5760_dose_800_gradient_0_VconcST_0_Vconc_0.9_run_1.csv,5760.0,800.0,0,0.9,0.0,0.9,1,30.25,62068.4,520.462,24.1737,62068.4,0.0,0.999997,0.00467414
5760_dose_800_gradient_0_VconcST_0_Vconc_0.9_run_1.csv,5760.0,800.0,0,0.9,0.0,0.9,1,30.5,63899.7,511.589,24.887,63899.7,0.0,0.999997,0.00449515
5760_dose_800_gradient_0_VconcST_0_Vconc_0.9_run_1.csv,5760.0,800.0,0,0.9,0.0,0.9,1,30.75,65688.9,502.867,25.5838,65688.9,0.0,0.999997,0.00441469
5760_dose_800_gradient_0_VconcST_0_Vconc_0.9_run_1.csv,5760.0,800.0,0,0.9,0.0,0.9,1,31.0,67436.6,494.294,26.2645,67436.6,0.0,0.999997,0.00432552
5760_dose_800_gradient_0_VconcST_0_Vconc_0.9_run_1.csv,5760.0,800.0,0,0.9,0.0,0.9,1,31.25,69143.7,485.867,26.9293,69143.7,0.0,0.999997,0.00424072
5760_dose_800_gradient_0_VconcST_0_Vconc_0.9_run_1.csv,5760.0,800.0,0,0.9,0.0,0.9,1,31.5,70810.9,477.583,27.5786,70810.9,0.0,0.999997,0.00416803
5760_dose_800_gradient_0_VconcST_0_Vconc_0.9_run_1.csv,5760.0,800.0,0,0.9,0.0,0.9,1,31.75,72438.8,469.441,28.2127,72438.8,0.0,0.999997,0.00407108
5760_dose_800_gradient_0_VconcST_0_Vconc_0.9_run_1.csv,5760.0,800.0,0,0.9,0.0,0.9,1,32.0,74028.2,461.438,28.8317,74028.2,0.0,0.999997,0.00399188
5760_dose_800_gradient_0_VconcST_0_Vconc_0.9_run_1.csv,5760.0,800.0,0,0.9,0.0,0.9,1,32.25,75579.8,453.571,29.436,75579.8,0.0,0.999997,0.00390694
5760_dose_800_gradient_0_VconcST_0_Vconc_0.9_run_1.csv,5760.0,800.0,0,0.9,0.0,0.9,1,32.5,77094.3,445.838,30.0259,77094.3,0.0,0.999997,0.00381853
5760_dose_800_gradient_0_VconcST_0_Vconc_0.9_run_1.csv,5760.0,800.0,0,0.9,0.0,0.9,1,32.75,78572.4,438.237,30.6015,78572.4,0.0,0.999997,0.00373839
5760_dose_800_gradient_0_VconcST_0_Vconc_0.9_run_1.csv,5760.0,800.0,0,0.9,0.0,0.9,1,33.0,80014.7,430.765,31.1632,80014.7,0.0,0.999997,0.00365149
5760_dose_800_gradient_0_VconcST_0_Vconc_0.9_run_1.csv,5760.0,800.0,0,0.9,0.0,0.9,1,33.25,81421.8,423.421,31.7113,81421.8,0.0,0.999997,0.00356973
5760_dose_800_gradient_0_VconcST_0_Vconc_0.9_run_1.csv,5760.0,800.0,0,0.9,0.0,0.9,1,33.5,82794.4,416.203,32.2459,82794.4,0.0,0.999998,0.00348533
5760_dose_800_gradient_0_VconcST_0_Vconc_0.9_run_1.csv,5760.0,800.0,0,0.9,0.0,0.9,1,33.75,84133.2,409.107,32.7673,84133.2,0.0,0.999998,0.00347739
5760_dose_800_gradient_0_VconcST_0_Vconc_0.9_run_1.csv,5760.0,800.0,0,0.9,0.0,0.9,1,34.0,85438.7,402.132,33.2757,85438.7,0.0,0.999998,0.00339866
5760_dose_800_gradient_0_VconcST_0_Vconc_0.9_run_1.csv,5760.0,800.0,0,0.9,0.0,0.9,1,34.25,86711.5,395.276,33.7715,86711.5,0.0,0.999998,0.00339973
5760_dose_800_gradient_0_VconcST_0_Vconc_0.9_run_1.csv,5760.0,800.0,0,0.9,0.0,0.9,1,34.5,87952.4,388.537,34.2547,87952.4,0.0,0.999998,0.00330776
5760_dose_800_gradient_0_VconcST_0_Vconc_0.9_run_1.csv,5760.0,800.0,0,0.9,0.0,0.9,1,34.75,89161.7,381.913,34.7257,89161.7,0.0,0.999998,0.00323018
5760_dose_800_gradient_0_VconcST_0_Vconc_0.9_run_1.csv,5760.0,800.0,0,0.9,0.0,0.9,1,35.0,90340.2,375.402,35.1847,90340.2,0.0,0.999998,0.0032252
5760_dose_800_gradient_0_VconcST_0_Vconc_0.9_run_1.csv,5760.0,800.0,0,0.9,0.0,0.9,1,35.25,91488.3,369.002,35.6319,91488.3,0.0,0.999998,0.00313814
5760_dose_800_gradient_0_VconcST_0_Vconc_0.9_run_1.csv,5760.0,800.0,0,0.9,0.0,0.9,1,35.5,92606.7,362.711,36.0674,92606.7,0.0,0.999998,0.00314608
5760_dose_800_gradient_0_VconcST_0_Vconc_0.9_run_1.csv,5760.0,800.0,0,0.9,0.0,0.9,1,35.75,93695.8,356.527,36.4916,93695.8,0.0,0.999998,0.00314002
5760_dose_800_gradient_0_VconcST_0_Vconc_0.9_run_1.csv,5760.0,800.0,0,0.9,0.0,0.9,1,36.0,94756.3,350.449,36.9046,94756.3,0.0,0.999998,0.00305332
5760_dose_800_gradient_0_VconcST_0_Vconc_0.9_run_1.csv,5760.0,800.0,0,0.9,0.0,0.9,1,36.25,95788.6,344.474,37.3067,95788.6,0.0,0.999998,0.00305332
5760_dose_800_gradient_0_VconcST_0_Vconc_0.9_run_1.csv,5760.0,800.0,0,0.9,0.0,0.9,1,36.5,96793.2,338.601,37.698,96793.2,0.0,0.999998,0.00296996
5760_dose_800_gradient_0_VconcST_0_Vconc_0.9_run_1.csv,5760.0,800.0,0,0.9,0.0,0.9,1,36.75,97770.8,332.828,38.0787,97770.8,0.0,0.999998,0.00297685
5760_dose_800_gradient_0_VconcST_0_Vconc_0.9_run_1.csv,5760.0,800.0,0,0.9,0.0,0.9,1,37.0,98721.6,327.154,38.449,98721.6,0.0,0.999998,0.0029732
5760_dose_800_gradient_0_VconcST_0_Vconc_0.9_run_1.csv,5760.0,800.0,0,0.9,0.0,0.9,1,37.25,99646.4,321.576,38.8092,99646.4,0.0,0.999998,0.00288541
5760_dose_800_gradient_0_VconcST_0_Vconc_0.9_run_1.csv,5760.0,800.0,0,0.9,0.0,0.9,1,37.5,100546.0,316.094,39.1594,100546.0,0.0,0.999998,0.00288835
5760_dose_800_gradient_0_VconcST_0_Vconc_0.9_run_1.csv,5760.0,800.0,0,0.9,0.0,0.9,1,37.75,101419.0,310.705,39.4997,101419.0,0.0,0.999998,0.0028925
5760_dose_800_gradient_0_VconcST_0_Vconc_0.9_run_1.csv,5760.0,800.0,0,0.9,0.0,0.9,1,38.0,102269.0,305.408,39.8305,102269.0,0.0,0.999998,0.00280359
5760_dose_800_gradient_0_VconcST_0_Vconc_0.9_run_1.csv,5760.0,800.0,0,0.9,0.0,0.9,1,38.25,103094.0,300.201,40.1518,103094.0,0.0,0.999998,0.00279887
5760_dose_800_gradient_0_VconcST_0_Vconc_0.9_run_1.csv,5760.0,800.0,0,0.9,0.0,0.9,1,38.5,103895.0,295.083,40.4638,103895.0,0.0,0.999998,0.00279887
5760_dose_800_gradient_0_VconcST_0_Vconc_0.9_run_1.csv,5760.0,800.0,0,0.9,0.0,0.9,1,38.75,104673.0,290.052,40.7667,104673.0,0.0,0.999998,0.00280516
5760_dose_800_gradient_0_VconcST_0_Vconc_0.9_run_1.csv,5760.0,800.0,0,0.9,0.0,0.9,1,39.0,105427.0,285.107,41.0607,105427.0,0.0,0.999998,0.00271407
5760_dose_800_gradient_0_VconcST_0_Vconc_0.9_run_1.csv,5760.0,800.0,0,0.9,0.0,0.9,1,39.25,106160.0,280.246,41.3459,106160.0,0.0,0.999998,0.00272074
5760_dose_800_gradient_0_VconcST_0_Vconc_0.9_run_1.csv,5760.0,800.0,0,0.9,0.0,0.9,1,39.5,106870.0,275.468,41.6226,106870.0,0.0,0.999998,0.00272303
5760_dose_800_gradient_0_VconcST_0_Vconc_0.9_run_1.csv,5760.0,800.0,0,0.9,0.0,0.9,1,39.75,107559.0,270.772,41.8908,107559.0,0.0,0.999998,0.00271407
5760_dose_800_gradient_0_VconcST_0_Vconc_0.9_run_1.csv,5760.0,800.0,0,0.9,0.0,0.9,1,40.0,108226.0,266.156,42.1507,108226.0,0.0,0.999998,0.00271788
5760_dose_800_gradient_0_VconcST_0_Vconc_0.9_run_1.csv,5760.0,800.0,0,0.9,0.0,0.9,1,40.25,108873.0,261.618,42.4025,108873.0,0.0,0.999998,0.00263433
5760_dose_800_gradient_0_VconcST_0_Vconc_0.9_run_1.csv,5760.0,800.0,0,0.9,0.0,0.9,1,40.5,109499.0,257.158,42.6463,109499.0,0.0,0.999998,0.00263378
5760_dose_800_gradient_0_VconcST_0_Vconc_0.9_run_1.csv,5760.0,800.0,0,0.9,0.0,0.9,1,40.75,110105.0,252.774,42.8823,110105.0,0.0,0.999998,0.00263165
5760_dose_800_gradient_0_VconcST_0_Vconc_0.9_run_1.csv,5760.0,800.0,0,0.9,0.0,0.9,1,41.0,110691.0,248.464,43.1107,110691.0,0.0,0.999998,0.00263572
5760_dose_800_gradient_0_VconcST_0_Vconc_0.9_run_1.csv,5760.0,800.0,0,0.9,0.0,0.9,1,41.25,111258.0,244.228,43.3315,111258.0,0.0,0.999998,0.00262925
5760_dose_800_gradient_0_VconcST_0_Vconc_0.9_run_1.csv,5760.0,800.0,0,0.9,0.0,0.9,1,41.5,111806.0,240.064,43.5449,111806.0,0.0,0.999998,0.00263137
5760_dose_800_gradient_0_VconcST_0_Vconc_0.9_run_0.csv,5760.0,800.0,0,0.9,0.0,0.9,0,0.0,0.0,0.0,0.0,0.0,0.0,0.0,0.0
5760_dose_800_gradient_0_VconcST_0_Vconc_0.9_run_0.csv,5760.0,800.0,0,0.9,0.0,0.9,0,0.25,0.0,0.0,0.0,0.0,0.0,0.0,2333.9
5760_dose_800_gradient_0_VconcST_0_Vconc_0.9_run_0.csv,5760.0,800.0,0,0.9,0.0,0.9,0,0.5,0.0,0.0,0.0,0.0,0.0,0.0,32.9422
5760_dose_800_gradient_0_VconcST_0_Vconc_0.9_run_0.csv,5760.0,800.0,0,0.9,0.0,0.9,0,0.75,0.0,0.0,0.0,0.0,0.0,0.0,2353.53
5760_dose_800_gradient_0_VconcST_0_Vconc_0.9_run_0.csv,5760.0,800.0,0,0.9,0.0,0.9,0,1.0,0.0,0.0,0.0,0.0,0.0,0.0,31.9299
5760_dose_800_gradient_0_VconcST_0_Vconc_0.9_run_0.csv,5760.0,800.0,0,0.9,0.0,0.9,0,1.25,0.0,0.0,0.0,0.0,0.0,0.0,2370.77
5760_dose_800_gradient_0_VconcST_0_Vconc_0.9_run_0.csv,5760.0,800.0,0,0.9,0.0,0.9,0,1.5,0.0,0.0,0.0,0.0,0.0,0.0,31.7897
5760_dose_800_gradient_0_VconcST_0_Vconc_0.9_run_0.csv,5760.0,800.0,0,0.9,0.0,0.9,0,1.75,0.0,0.0,0.0,0.0,0.0,0.0,2374.09
5760_dose_800_gradient_0_VconcST_0_Vconc_0.9_run_0.csv,5760.0,800.0,0,0.9,0.0,0.9,0,2.0,0.0,0.0,0.0,0.0,0.0,0.0,32.6142
5760_dose_800_gradient_0_VconcST_0_Vconc_0.9_run_0.csv,5760.0,800.0,0,0.9,0.0,0.9,0,2.25,0.0,0.0,0.0,0.0,5.20833e-05,0.0,2330.68
5760_dose_800_gradient_0_VconcST_0_Vconc_0.9_run_0.csv,5760.0,800.0,0,0.9,0.0,0.9,0,2.5,0.0,0.0,0.0,0.0,0.0,0.0,33.1389
5760_dose_800_gradient_0_VconcST_0_Vconc_0.9_run_0.csv,5760.0,800.0,0,0.9,0.0,0.9,0,2.75,0.0,0.0,0.0,0.0,4.34028e-05,0.0,2405.68
5760_dose_800_gradient_0_VconcST_0_Vconc_0.9_run_0.csv,5760.0,800.0,0,0.9,0.0,0.9,0,3.0,0.0,0.0,0.0,0.0,0.0,0.0,33.6234
5760_dose_800_gradient_0_VconcST_0_Vconc_0.9_run_0.csv,5760.0,800.0,0,0.9,0.0,0.9,0,3.25,0.0,0.0,0.0,0.0,0.00299045,0.0,2252.8
5760_dose_800_gradient_0_VconcST_0_Vconc_0.9_run_0.csv,5760.0,800.0,0,0.9,0.0,0.9,0,3.5,0.0,0.0,0.0,0.0,0.0,0.0,34.6086
5760_dose_800_gradient_0_VconcST_0_Vconc_0.9_run_0.csv,5760.0,800.0,0,0.9,0.0,0.9,0,3.75,0.0,0.0,0.0,0.0,0.0,0.0,2253.13
5760_dose_800_gradient_0_VconcST_0_Vconc_0.9_run_0.csv,5760.0,800.0,0,0.9,0.0,0.9,0,4.0,0.0,0.0,0.0,0.0,0.0,0.0,34.8595
5760_dose_800_gradient_0_VconcST_0_Vconc_0.9_run_0.csv,5760.0,800.0,0,0.9,0.0,0.9,0,4.25,0.0,0.0,0.0,0.0,0.0,0.0,2206.34
5760_dose_800_gradient_0_VconcST_0_Vconc_0.9_run_0.csv,5760.0,800.0,0,0.9,0.0,0.9,0,4.5,0.0,0.0,0.0,0.0,0.0,0.0,37.1429
5760_dose_800_gradient_0_VconcST_0_Vconc_0.9_run_0.csv,5760.0,800.0,0,0.9,0.0,0.9,0,4.75,0.0,0.0,0.0,0.0,0.00138238,0.0,2223.67
5760_dose_800_gradient_0_VconcST_0_Vconc_0.9_run_0.csv,5760.0,800.0,0,0.9,0.0,0.9,0,5.0,0.0,0.0,0.0,0.0,0.0,0.0,36.9506
5760_dose_800_gradient_0_VconcST_0_Vconc_0.9_run_0.csv,5760.0,800.0,0,0.9,0.0,0.9,0,5.25,0.0,0.0,0.0,0.0,0.0,0.0,2254.07
5760_dose_800_gradient_0_VconcST_0_Vconc_0.9_run_0.csv,5760.0,800.0,0,0.9,0.0,0.9,0,5.5,0.0,0.0,0.0,0.0,0.0,0.0,40.9698
5760_dose_800_gradient_0_VconcST_0_Vconc_0.9_run_0.csv,5760.0,800.0,0,0.9,0.0,0.9,0,5.75,0.0,0.0,0.0,0.0,0.0,0.0,2217.17
5760_dose_800_gradient_0_VconcST_0_Vconc_0.9_run_0.csv,5760.0,800.0,0,0.9,0.0,0.9,0,6.0,0.0,0.0,0.0,0.0,0.0,0.0,42.6275
5760_dose_800_gradient_0_VconcST_0_Vconc_0.9_run_0.csv,5760.0,800.0,0,0.9,0.0,0.9,0,6.25,0.0,0.0,0.0,0.0,0.0,0.0,2162.12
5760_dose_800_gradient_0_VconcST_0_Vconc_0.9_run_0.csv,5760.0,800.0,0,0.9,0.0,0.9,0,6.5,0.0,0.0,0.0,0.0,0.0,0.0,74.4505
5760_dose_800_gradient_0_VconcST_0_Vconc_0.9_run_0.csv,5760.0,800.0,0,0.9,0.0,0.9,0,6.75,0.0,0.0,0.0,0.0,0.0,0.0,2158.74
5760_dose_800_gradient_0_VconcST_0_Vconc_0.9_run_0.csv,5760.0,800.0,0,0.9,0.0,0.9,0,7.0,0.0,0.0,0.0,0.0,0.0,0.0,88.2904
5760_dose_800_gradient_0_VconcST_0_Vconc_0.9_run_0.csv,5760.0,800.0,0,0.9,0.0,0.9,0,7.25,0.0,0.0,0.0,0.0,0.00540582,0.0,2198.65
5760_dose_800_gradient_0_VconcST_0_Vconc_0.9_run_0.csv,5760.0,800.0,0,0.9,0.0,0.9,0,7.5,0.0,0.0,0.0,0.0,0.0,0.0,98.7368
5760_dose_800_gradient_0_VconcST_0_Vconc_0.9_run_0.csv,5760.0,800.0,0,0.9,0.0,0.9,0,7.75,0.0,0.0,0.0,0.0,0.0,0.0,2124.42
5760_dose_800_gradient_0_VconcST_0_Vconc_0.9_run_0.csv,5760.0,800.0,0,0.9,0.0,0.9,0,8.0,0.0,0.0,0.0,0.0,0.0,0.0,165.059
5760_dose_800_gradient_0_VconcST_0_Vconc_0.9_run_0.csv,5760.0,800.0,0,0.9,0.0,0.9,0,8.25,0.0,0.0,0.0,0.0,0.0,0.0,2030.83
5760_dose_800_gradient_0_VconcST_0_Vconc_0.9_run_0.csv,5760.0,800.0,0,0.9,0.0,0.9,0,8.5,0.0,0.0,0.0,0.0,0.0,0.0,214.083
5760_dose_800_gradient_0_VconcST_0_Vconc_0.9_run_0.csv,5760.0,800.0,0,0.9,0.0,0.9,0,8.75,0.0,0.0,0.0,0.0,0.0,0.0,1929.69
5760_dose_800_gradient_0_VconcST_0_Vconc_0.9_run_0.csv,5760.0,800.0,0,0.9,0.0,0.9,0,9.0,0.0,0.0,0.0,0.0,0.0,0.0,204.0
5760_dose_800_gradient_0_VconcST_0_Vconc_0.9_run_0.csv,5760.0,800.0,0,0.9,0.0,0.9,0,9.25,0.0,0.0,0.0,0.0,0.0,0.0,1953.01
5760_dose_800_gradient_0_VconcST_0_Vconc_0.9_run_0.csv,5760.0,800.0,0,0.9,0.0,0.9,0,9.5,0.0,0.0,0.0,0.0,0.0,0.0,287.9
5760_dose_800_gradient_0_VconcST_0_Vconc_0.9_run_0.csv,5760.0,800.0,0,0.9,0.0,0.9,0,9.75,0.0,0.0,0.0,0.0,0.0,0.0,1801.53
5760_dose_800_gradient_0_VconcST_0_Vconc_0.9_run_0.csv,5760.0,800.0,0,0.9,0.0,0.9,0,10.0,0.0,0.0,0.0,0.0,0.0,0.0,434.821
5760_dose_800_gradient_0_VconcST_0_Vconc_0.9_run_0.csv,5760.0,800.0,0,0.9,0.0,0.9,0,10.25,0.0,0.0,0.0,0.0,0.0,0.0,1827.01
5760_dose_800_gradient_0_VconcST_0_Vconc_0.9_run_0.csv,5760.0,800.0,0,0.9,0.0,0.9,0,10.5,0.0,0.0,0.0,0.0,0.0,0.0,576.36
5760_dose_800_gradient_0_VconcST_0_Vconc_0.9_run_0.csv,5760.0,800.0,0,0.9,0.0,0.9,0,10.75,0.0,0.0,0.0,0.0,0.0,0.0,1763.01
5760_dose_800_gradient_0_VconcST_0_Vconc_0.9_run_0.csv,5760.0,800.0,0,0.9,0.0,0.9,0,11.0,0.0,0.0,0.0,0.0,0.0,0.0,680.451
5760_dose_800_gradient_0_VconcST_0_Vconc_0.9_run_0.csv,5760.0,800.0,0,0.9,0.0,0.9,0,11.25,0.0,0.0,0.0,0.0,0.0119987,0.0,1681.54
5760_dose_800_gradient_0_VconcST_0_Vconc_0.9_run_0.csv,5760.0,800.0,0,0.9,0.0,0.9,0,11.5,0.0,0.0,0.0,0.0,0.0,0.0,879.157
5760_dose_800_gradient_0_VconcST_0_Vconc_0.9_run_0.csv,5760.0,800.0,0,0.9,0.0,0.9,0,11.75,0.0,0.0,0.0,0.0,0.0290647,0.0,1820.95
5760_dose_800_gradient_0_VconcST_0_Vconc_0.9_run_0.csv,5760.0,800.0,0,0.9,0.0,0.9,0,12.0,0.0,0.0,0.0,0.0,0.0105425,0.0,1495.66
5760_dose_800_gradient_0_VconcST_0_Vconc_0.9_run_0.csv,5760.0,800.0,0,0.9,0.0,0.9,0,12.25,0.0,0.0,0.0,0.0,0.0749957,0.0,2108.29
5760_dose_800_gradient_0_VconcST_0_Vconc_0.9_run_0.csv,5760.0,800.0,0,0.9,0.0,0.9,0,12.5,0.0,0.0,0.0,0.0,0.167209,0.0,2472.04
5760_dose_800_gradient_0_VconcST_0_Vconc_0.9_run_0.csv,5760.0,800.0,0,0.9,0.0,0.9,0,12.75,0.0,0.0,0.0,0.0,0.2926,0.0,2482.54
5760_dose_800_gradient_0_VconcST_0_Vconc_0.9_run_0.csv,5760.0,800.0,0,0.9,0.0,0.9,0,13.0,0.0,0.0,0.0,0.0,0.422231,0.0,2468.86
5760_dose_800_gradient_0_VconcST_0_Vconc_0.9_run_0.csv,5760.0,800.0,0,0.9,0.0,0.9,0,13.25,0.0,0.0,0.0,0.0,0.586706,0.0,2480.66
5760_dose_800_gradient_0_VconcST_0_Vconc_0.9_run_0.csv,5760.0,800.0,0,0.9,0.0,0.9,0,13.5,0.0,0.0,0.0,0.0,0.746701,0.0,2497.82
5760_dose_800_gradient_0_VconcST_0_Vconc_0.9_run_0.csv,5760.0,800.0,0,0.9,0.0,0.9,0,13.75,0.0,0.0,0.0,0.0,0.904167,0.0,2556.0
5760_dose_800_gradient_0_VconcST_0_Vconc_0.9_run_0.csv,5760.0,800.0,0,0.9,0.0,0.9,0,14.0,0.0,0.0,0.0,0.0,1.0,0.0,2525.81
5760_dose_800_gradient_0_VconcST_0_Vconc_0.9_run_0.csv,5760.0,800.0,0,0.9,0.0,0.9,0,14.25,0.0,0.0,0.0,0.0,1.0,0.0,2515.75
5760_dose_800_gradient_0_VconcST_0_Vconc_0.9_run_0.csv,5760.0,800.0,0,0.9,0.0,0.9,0,14.5,0.0,0.0,0.0,0.0,1.0,0.0,2575.52
5760_dose_800_gradient_0_VconcST_0_Vconc_0.9_run_0.csv,5760.0,800.0,0,0.9,0.0,0.9,0,14.75,0.0,0.0,0.0,0.0,1.0,0.0,2508.98
5760_dose_800_gradient_0_VconcST_0_Vconc_0.9_run_0.csv,5760.0,800.0,0,0.9,0.0,0.9,0,15.0,0.0,0.0,0.0,0.0,1.0,0.0,2532.51
5760_dose_800_gradient_0_VconcST_0_Vconc_0.9_run_0.csv,5760.0,800.0,0,0.9,0.0,0.9,0,15.25,0.0,0.0,0.0,0.0,1.0,0.0,2543.4
5760_dose_800_gradient_0_VconcST_0_Vconc_0.9_run_0.csv,5760.0,800.0,0,0.9,0.0,0.9,0,15.5,0.0,0.0,0.0,0.0,1.0,0.0,2505.42
5760_dose_800_gradient_0_VconcST_0_Vconc_0.9_run_0.csv,5760.0,800.0,0,0.9,0.0,0.9,0,15.75,0.0,0.0,0.0,0.0,1.0,0.0,2534.03
5760_dose_800_gradient_0_VconcST_0_Vconc_0.9_run_0.csv,5760.0,800.0,0,0.9,0.0,0.9,0,16.0,0.0,0.0,0.0,0.0,1.0,0.0,2493.5
5760_dose_800_gradient_0_VconcST_0_Vconc_0.9_run_0.csv,5760.0,800.0,0,0.9,0.0,0.9,0,16.25,0.0,0.0,0.0,0.0,1.0,0.0,2454.6
5760_dose_800_gradient_0_VconcST_0_Vconc_0.9_run_0.csv,5760.0,800.0,0,0.9,0.0,0.9,0,16.5,0.0,0.0,0.0,0.0,1.0,0.0,2453.36
5760_dose_800_gradient_0_VconcST_0_Vconc_0.9_run_0.csv,5760.0,800.0,0,0.9,0.0,0.9,0,16.75,0.0,0.0,0.0,0.0,1.0,0.0,2531.45
5760_dose_800_gradient_0_VconcST_0_Vconc_0.9_run_0.csv,5760.0,800.0,0,0.9,0.0,0.9,0,17.0,0.0,0.0,0.0,0.0,1.0,0.0,2482.55
5760_dose_800_gradient_0_VconcST_0_Vconc_0.9_run_0.csv,5760.0,800.0,0,0.9,0.0,0.9,0,17.25,0.0,0.0,0.0,0.0,1.0,0.0,2532.09
5760_dose_800_gradient_0_VconcST_0_Vconc_0.9_run_0.csv,5760.0,800.0,0,0.9,0.0,0.9,0,17.5,0.0,0.0,0.0,0.0,1.0,0.0,2548.5
5760_dose_800_gradient_0_VconcST_0_Vconc_0.9_run_0.csv,5760.0,800.0,0,0.9,0.0,0.9,0,17.75,0.0,0.0,0.0,0.0,1.0,0.0,2536.99
5760_dose_800_gradient_0_VconcST_0_Vconc_0.9_run_0.csv,5760.0,800.0,0,0.9,0.0,0.9,0,18.0,0.0,0.0,0.0,0.0,1.0,0.0,2476.46
5760_dose_800_gradient_0_VconcST_0_Vconc_0.9_run_0.csv,5760.0,800.0,0,0.9,0.0,0.9,0,18.25,0.0,0.0,0.0,0.0,1.0,0.0,2470.69
5760_dose_800_gradient_0_VconcST_0_Vconc_0.9_run_0.csv,5760.0,800.0,0,0.9,0.0,0.9,0,18.5,0.0,0.0,0.0,0.0,1.0,0.0,2531.28
5760_dose_800_gradient_0_VconcST_0_Vconc_0.9_run_0.csv,5760.0,800.0,0,0.9,0.0,0.9,0,18.75,0.0,0.0,0.0,0.0,1.0,0.0,2487.36
5760_dose_800_gradient_0_VconcST_0_Vconc_0.9_run_0.csv,5760.0,800.0,0,0.9,0.0,0.9,0,19.0,0.0,0.0,0.0,0.0,1.0,0.0,2457.58
5760_dose_800_gradient_0_VconcST_0_Vconc_0.9_run_0.csv,5760.0,800.0,0,0.9,0.0,0.9,0,19.25,0.0,0.0,0.0,0.0,1.0,0.0,2505.17
5760_dose_800_gradient_0_VconcST_0_Vconc_0.9_run_0.csv,5760.0,800.0,0,0.9,0.0,0.9,0,19.5,0.0,0.0,0.0,0.0,1.0,0.0,2502.67
5760_dose_800_gradient_0_VconcST_0_Vconc_0.9_run_0.csv,5760.0,800.0,0,0.9,0.0,0.9,0,19.75,0.0,0.0,0.0,0.0,1.0,0.0,2446.75
5760_dose_800_gradient_0_VconcST_0_Vconc_0.9_run_0.csv,5760.0,800.0,0,0.9,0.0,0.9,0,20.0,0.0,0.0,0.0,0.0,1.0,0.0,2463.04
5760_dose_800_gradient_0_VconcST_0_Vconc_0.9_run_0.csv,5760.0,800.0,0,0.9,0.0,0.9,0,20.25,0.0,0.0,0.0,0.0,1.0,0.0,2417.09
5760_dose_800_gradient_0_VconcST_0_Vconc_0.9_run_0.csv,5760.0,800.0,0,0.9,0.0,0.9,0,20.5,0.0,0.0,0.0,0.0,1.0,0.0,2504.2
5760_dose_800_gradient_0_VconcST_0_Vconc_0.9_run_0.csv,5760.0,800.0,0,0.9,0.0,0.9,0,20.75,0.0,0.0,0.0,0.0,1.0,0.0,2592.5
5760_dose_800_gradient_0_VconcST_0_Vconc_0.9_run_0.csv,5760.0,800.0,0,0.9,0.0,0.9,0,21.0,0.0,0.0,0.0,0.0,1.0,0.0,2524.38
5760_dose_800_gradient_0_VconcST_0_Vconc_0.9_run_0.csv,5760.0,800.0,0,0.9,0.0,0.9,0,21.25,0.0,0.0,0.0,0.0,1.0,0.0,2518.34
5760_dose_800_gradient_0_VconcST_0_Vconc_0.9_run_0.csv,5760.0,800.0,0,0.9,0.0,0.9,0,21.5,0.0,0.0,0.0,0.0,1.0,0.0,2538.06
5760_dose_800_gradient_0_VconcST_0_Vconc_0.9_run_0.csv,5760.0,800.0,0,0.9,0.0,0.9,0,21.75,0.0,0.0,0.0,0.0,1.0,0.0,2569.92
5760_dose_800_gradient_0_VconcST_0_Vconc_0.9_run_0.csv,5760.0,800.0,0,0.9,0.0,0.9,0,22.0,0.0,0.0,0.0,0.0,1.0,0.0,2536.19
5760_dose_800_gradient_0_VconcST_0_Vconc_0.9_run_0.csv,5760.0,800.0,0,0.9,0.0,0.9,0,22.25,0.0,0.0,0.0,0.0,1.0,0.0,2510.66
5760_dose_800_gradient_0_VconcST_0_Vconc_0.9_run_0.csv,5760.0,800.0,0,0.9,0.0,0.9,0,22.5,0.0,0.0,0.0,0.0,1.0,0.0,2434.36
5760_dose_800_gradient_0_VconcST_0_Vconc_0.9_run_0.csv,5760.0,800.0,0,0.9,0.0,0.9,0,22.75,0.0,0.0,0.0,0.0,1.0,0.0,2479.49
5760_dose_800_gradient_0_VconcST_0_Vconc_0.9_run_0.csv,5760.0,800.0,0,0.9,0.0,0.9,0,23.0,0.0,0.0,0.0,0.0,1.0,0.0,2496.04
5760_dose_800_gradient_0_VconcST_0_Vconc_0.9_run_0.csv,5760.0,800.0,0,0.9,0.0,0.9,0,23.25,0.0,0.0,0.0,0.0,1.0,0.0,2493.78
5760_dose_800_gradient_0_VconcST_0_Vconc_0.9_run_0.csv,5760.0,800.0,0,0.9,0.0,0.9,0,23.5,0.0,0.0,0.0,0.0,1.0,0.0,2525.18
5760_dose_800_gradient_0_VconcST_0_Vconc_0.9_run_0.csv,5760.0,800.0,0,0.9,0.0,0.9,0,23.75,0.0,0.0,0.0,0.0,1.0,0.0,2546.99
5760_dose_800_gradient_0_VconcST_0_Vconc_0.9_run_0.csv,5760.0,800.0,0,0.9,0.0,0.9,0,24.0,53.5098,800.0,0.0208404,53.5098,1.0,0.0,2580.36
5760_dose_800_gradient_0_VconcST_0_Vconc_0.9_run_0.csv,5760.0,800.0,0,0.9,0.0,0.9,0,24.25,3230.04,786.361,1.258,3230.04,0.0,0.999937,0.0870392
5760_dose_800_gradient_0_VconcST_0_Vconc_0.9_run_0.csv,5760.0,800.0,0,0.9,0.0,0.9,0,24.5,6340.36,772.954,2.46937,6340.36,0.0,0.999968,0.0588753
5760_dose_800_gradient_0_VconcST_0_Vconc_0.9_run_0.csv,5760.0,800.0,0,0.9,0.0,0.9,0,24.75,9385.65,759.777,3.65542,9385.65,0.0,0.999979,0.035997
5760_dose_800_gradient_0_VconcST_0_Vconc_0.9_run_0.csv,5760.0,800.0,0,0.9,0.0,0.9,0,25.0,12367.1,746.823,4.81659,12367.1,0.0,0.999984,0.0260532
5760_dose_800_gradient_0_VconcST_0_Vconc_0.9_run_0.csv,5760.0,800.0,0,0.9,0.0,0.9,0,25.25,15285.7,734.092,5.95332,15285.7,0.0,0.999987,0.0205782
5760_dose_800_gradient_0_VconcST_0_Vconc_0.9_run_0.csv,5760.0,800.0,0,0.9,0.0,0.9,0,25.5,18142.8,721.576,7.06605,18142.8,0.0,0.999989,0.016888
5760_dose_800_gradient_0_VconcST_0_Vconc_0.9_run_0.csv,5760.0,800.0,0,0.9,0.0,0.9,0,25.75,20939.3,709.274,8.15521,20939.3,0.0,0.99999,0.0145617
5760_dose_800_gradient_0_VconcST_0_Vconc_0.9_run_0.csv,5760.0,800.0,0,0.9,0.0,0.9,0,26.0,23676.4,697.182,9.22121,23676.4,0.0,0.999992,0.0126448
5760_dose_800_gradient_0_VconcST_0_Vconc_0.9_run_0.csv,5760.0,800.0,0,0.9,0.0,0.9,0,26.25,26355.0,685.296,10.2645,26355.0,0.0,0.999992,0.0112882
5760_dose_800_gradient_0_VconcST_0_Vconc_0.9_run_0.csv,5760.0,800.0,0,0.9,0.0,0.9,0,26.5,28976.4,673.613,11.2854,28976.4,0.0,0.999993,0.0102719
5760_dose_800_gradient_0_VconcST_0_Vconc_0.9_run_0.csv,5760.0,800.0,0,0.9,0.0,0.9,0,26.75,31541.3,662.128,12.2844,31541.3,0.0,0.999994,0.00934269
5760_dose_800_gradient_0_VconcST_0_Vconc_0.9_run_0.csv,5760.0,800.0,0,0.9,0.0,0.9,0,27.0,34051.0,650.84,13.2618,34051.0,0.0,0.999994,0.00865103
5760_dose_800_gradient_0_VconcST_0_Vconc_0.9_run_0.csv,5760.0,800.0,0,0.9,0.0,0.9,0,27.25,36506.3,639.744,14.2181,36506.3,0.0,0.999995,0.00808002
5760_dose_800_gradient_0_VconcST_0_Vconc_0.9_run_0.csv,5760.0,800.0,0,0.9,0.0,0.9,0,27.5,38908.2,628.837,15.1535,38908.2,0.0,0.999995,0.00754849
5760_dose_800_gradient_0_VconcST_0_Vconc_0.9_run_0.csv,5760.0,800.0,0,0.9,0.0,0.9,0,27.75,41257.7,618.116,16.0686,41257.7,0.0,0.999995,0.00706111
5760_dose_800_gradient_0_VconcST_0_Vconc_0.9_run_0.csv,5760.0,800.0,0,0.9,0.0,0.9,0,28.0,43555.8,607.578,16.9636,43555.8,0.0,0.999995,0.00671117
5760_dose_800_gradient_0_VconcST_0_Vconc_0.9_run_0.csv,5760.0,800.0,0,0.9,0.0,0.9,0,28.25,45803.3,597.219,17.839,45803.3,0.0,0.999996,0.00636555
5760_dose_800_gradient_0_VconcST_0_Vconc_0.9_run_0.csv,5760.0,800.0,0,0.9,0.0,0.9,0,28.5,48001.1,587.037,18.6949,48001.1,0.0,0.999996,0.0060254
5760_dose_800_gradient_0_VconcST_0_Vconc_0.9_run_0.csv,5760.0,800.0,0,0.9,0.0,0.9,0,28.75,50150.2,577.029,19.5319,50150.2,0.0,0.999996,0.00577447
5760_dose_800_gradient_0_VconcST_0_Vconc_0.9_run_0.csv,5760.0,800.0,0,0.9,0.0,0.9,0,29.0,52251.3,567.191,20.3503,52251.3,0.0,0.999996,0.00551294
5760_dose_800_gradient_0_VconcST_0_Vconc_0.9_run_0.csv,5760.0,800.0,0,0.9,0.0,0.9,0,29.25,54305.5,557.521,21.1503,54305.5,0.0,0.999996,0.00534874
5760_dose_800_gradient_0_VconcST_0_Vconc_0.9_run_0.csv,5760.0,800.0,0,0.9,0.0,0.9,0,29.5,56313.4,548.016,21.9323,56313.4,0.0,0.999996,0.00509602
5760_dose_800_gradient_0_VconcST_0_Vconc_0.9_run_0.csv,5760.0,800.0,0,0.9,0.0,0.9,0,29.75,58276.0,538.673,22.6967,58276.0,0.0,0.999997,0.0049417
5760_dose_800_gradient_0_VconcST_0_Vconc_0.9_run_0.csv,5760.0,800.0,0,0.9,0.0,0.9,0,30.0,60194.1,529.49,23.4437,60194.1,0.0,0.999997,0.00475676
5760_dose_800_gradient_0_VconcST_0_Vconc_0.9_run_0.csv,5760.0,800.0,0,0.9,0.0,0.9,0,30.25,62068.4,520.462,24.1737,62068.4,0.0,0.999997,0.00466479
5760_dose_800_gradient_0_VconcST_0_Vconc_0.9_run_0.csv,5760.0,800.0,0,0.9,0.0,0.9,0,30.5,63899.7,511.589,24.887,63899.7,0.0,0.999997,0.00450321
5760_dose_800_gradient_0_VconcST_0_Vconc_0.9_run_0.csv,5760.0,800.0,0,0.9,0.0,0.9,0,30.75,65688.9,502.867,25.5838,65688.9,0.0,0.999997,0.00441748
5760_dose_800_gradient_0_VconcST_0_Vconc_0.9_run_0.csv,5760.0,800.0,0,0.9,0.0,0.9,0,31.0,67436.6,494.294,26.2645,67436.6,0.0,0.999997,0.00433206
5760_dose_800_gradient_0_VconcST_0_Vconc_0.9_run_0.csv,5760.0,800.0,0,0.9,0.0,0.9,0,31.25,69143.7,485.867,26.9293,69143.7,0.0,0.999997,0.00424743
5760_dose_800_gradient_0_VconcST_0_Vconc_0.9_run_0.csv,5760.0,800.0,0,0.9,0.0,0.9,0,31.5,70810.9,477.583,27.5786,70810.9,0.0,0.999997,0.00415591
5760_dose_800_gradient_0_VconcST_0_Vconc_0.9_run_0.csv,5760.0,800.0,0,0.9,0.0,0.9,0,31.75,72438.8,469.441,28.2127,72438.8,0.0,0.999997,0.00407437
5760_dose_800_gradient_0_VconcST_0_Vconc_0.9_run_0.csv,5760.0,800.0,0,0.9,0.0,0.9,0,32.0,74028.2,461.438,28.8317,74028.2,0.0,0.999997,0.00398628
5760_dose_800_gradient_0_VconcST_0_Vconc_0.9_run_0.csv,5760.0,800.0,0,0.9,0.0,0.9,0,32.25,75579.8,453.571,29.436,75579.8,0.0,0.999997,0.00390146
5760_dose_800_gradient_0_VconcST_0_Vconc_0.9_run_0.csv,5760.0,800.0,0,0.9,0.0,0.9,0,32.5,77094.3,445.838,30.0259,77094.3,0.0,0.999997,0.00381665
5760_dose_800_gradient_0_VconcST_0_Vconc_0.9_run_0.csv,5760.0,800.0,0,0.9,0.0,0.9,0,32.75,78572.4,438.237,30.6015,78572.4,0.0,0.999997,0.00373183
5760_dose_800_gradient_0_VconcST_0_Vconc_0.9_run_0.csv,5760.0,800.0,0,0.9,0.0,0.9,0,33.0,80014.7,430.765,31.1632,80014.7,0.0,0.999997,0.00365944
5760_dose_800_gradient_0_VconcST_0_Vconc_0.9_run_0.csv,5760.0,800.0,0,0.9,0.0,0.9,0,33.25,81421.8,423.421,31.7113,81421.8,0.0,0.999997,0.00356547
5760_dose_800_gradient_0_VconcST_0_Vconc_0.9_run_0.csv,5760.0,800.0,0,0.9,0.0,0.9,0,33.5,82794.4,416.203,32.2459,82794.4,0.0,0.999998,0.00348313
5760_dose_800_gradient_0_VconcST_0_Vconc_0.9_run_0.csv,5760.0,800.0,0,0.9,0.0,0.9,0,33.75,84133.2,409.107,32.7673,84133.2,0.0,0.999998,0.00348301
5760_dose_800_gradient_0_VconcST_0_Vconc_0.9_run_0.csv,5760.0,800.0,0,0.9,0.0,0.9,0,34.0,85438.7,402.132,33.2757,85438.7,0.0,0.999998,0.00339258
5760_dose_800_gradient_0_VconcST_0_Vconc_0.9_run_0.csv,5760.0,800.0,0,0.9,0.0,0.9,0,34.25,86711.5,395.276,33.7715,86711.5,0.0,0.999998,0.00340295
5760_dose_800_gradient_0_VconcST_0_Vconc_0.9_run_0.csv,5760.0,800.0,0,0.9,0.0,0.9,0,34.5,87952.4,388.537,34.2547,87952.4,0.0,0.999998,0.00330776
5760_dose_800_gradient_0_VconcST_0_Vconc_0.9_run_0.csv,5760.0,800.0,0,0.9,0.0,0.9,0,34.75,89161.7,381.913,34.7257,89161.7,0.0,0.999998,0.00322928
5760_dose_800_gradient_0_VconcST_0_Vconc_0.9_run_0.csv,5760.0,800.0,0,0.9,0.0,0.9,0,35.0,90340.2,375.402,35.1847,90340.2,0.0,0.999998,0.00323086
5760_dose_800_gradient_0_VconcST_0_Vconc_0.9_run_0.csv,5760.0,800.0,0,0.9,0.0,0.9,0,35.25,91488.3,369.002,35.6319,91488.3,0.0,0.999998,0.00314388
5760_dose_800_gradient_0_VconcST_0_Vconc_0.9_run_0.csv,5760.0,800.0,0,0.9,0.0,0.9,0,35.5,92606.7,362.711,36.0674,92606.7,0.0,0.999998,0.00314002
5760_dose_800_gradient_0_VconcST_0_Vconc_0.9_run_0.csv,5760.0,800.0,0,0.9,0.0,0.9,0,35.75,93695.8,356.527,36.4916,93695.8,0.0,0.999998,0.00314388
5760_dose_800_gradient_0_VconcST_0_Vconc_0.9_run_0.csv,5760.0,800.0,0,0.9,0.0,0.9,0,36.0,94756.3,350.449,36.9046,94756.3,0.0,0.999998,0.00306222
5760_dose_800_gradient_0_VconcST_0_Vconc_0.9_run_0.csv,5760.0,800.0,0,0.9,0.0,0.9,0,36.25,95788.6,344.474,37.3067,95788.6,0.0,0.999998,0.00306072
5760_dose_800_gradient_0_VconcST_0_Vconc_0.9_run_0.csv,5760.0,800.0,0,0.9,0.0,0.9,0,36.5,96793.2,338.601,37.698,96793.2,0.0,0.999998,0.00297487
5760_dose_800_gradient_0_VconcST_0_Vconc_0.9_run_0.csv,5760.0,800.0,0,0.9,0.0,0.9,0,36.75,97770.8,332.828,38.0787,97770.8,0.0,0.999998,0.00298791
5760_dose_800_gradient_0_VconcST_0_Vconc_0.9_run_0.csv,5760.0,800.0,0,0.9,0.0,0.9,0,37.0,98721.6,327.154,38.449,98721.6,0.0,0.999998,0.0029685
5760_dose_800_gradient_0_VconcST_0_Vconc_0.9_run_0.csv,5760.0,800.0,0,0.9,0.0,0.9,0,37.25,99646.4,321.576,38.8092,99646.4,0.0,0.999998,0.00289402
5760_dose_800_gradient_0_VconcST_0_Vconc_0.9_run_0.csv,5760.0,800.0,0,0.9,0.0,0.9,0,37.5,100546.0,316.094,39.1594,100546.0,0.0,0.999998,0.00288855
5760_dose_800_gradient_0_VconcST_0_Vconc_0.9_run_0.csv,5760.0,800.0,0,0.9,0.0,0.9,0,37.75,101419.0,310.705,39.4997,101419.0,0.0,0.999998,0.00288571
5760_dose_800_gradient_0_VconcST_0_Vconc_0.9_run_0.csv,5760.0,800.0,0,0.9,0.0,0.9,0,38.0,102269.0,305.408,39.8305,102269.0,0.0,0.999998,0.00280575
5760_dose_800_gradient_0_VconcST_0_Vconc_0.9_run_0.csv,5760.0,800.0,0,0.9,0.0,0.9,0,38.25,103094.0,300.201,40.1518,103094.0,0.0,0.999998,0.00280083
5760_dose_800_gradient_0_VconcST_0_Vconc_0.9_run_0.csv,5760.0,800.0,0,0.9,0.0,0.9,0,38.5,103895.0,295.083,40.4638,103895.0,0.0,0.999998,0.00280221
5760_dose_800_gradient_0_VconcST_0_Vconc_0.9_run_0.csv,5760.0,800.0,0,0.9,0.0,0.9,0,38.75,104673.0,290.052,40.7667,104673.0,0.0,0.999998,0.00279936
5760_dose_800_gradient_0_VconcST_0_Vconc_0.9_run_0.csv,5760.0,800.0,0,0.9,0.0,0.9,0,39.0,105427.0,285.107,41.0607,105427.0,0.0,0.999998,0.0027278
5760_dose_800_gradient_0_VconcST_0_Vconc_0.9_run_0.csv,5760.0,800.0,0,0.9,0.0,0.9,0,39.25,106160.0,280.246,41.3459,106160.0,0.0,0.999998,0.00271407
5760_dose_800_gradient_0_VconcST_0_Vconc_0.9_run_0.csv,5760.0,800.0,0,0.9,0.0,0.9,0,39.5,106870.0,275.468,41.6226,106870.0,0.0,0.999998,0.00271817
5760_dose_800_gradient_0_VconcST_0_Vconc_0.9_run_0.csv,5760.0,800.0,0,0.9,0.0,0.9,0,39.75,107559.0,270.772,41.8908,107559.0,0.0,0.999998,0.00271979
5760_dose_800_gradient_0_VconcST_0_Vconc_0.9_run_0.csv,5760.0,800.0,0,0.9,0.0,0.9,0,40.0,108226.0,266.156,42.1507,108226.0,0.0,0.999998,0.00271569
5760_dose_800_gradient_0_VconcST_0_Vconc_0.9_run_0.csv,5760.0,800.0,0,0.9,0.0,0.9,0,40.25,108873.0,261.618,42.4025,108873.0,0.0,0.999998,0.00263193
5760_dose_800_gradient_0_VconcST_0_Vconc_0.9_run_0.csv,5760.0,800.0,0,0.9,0.0,0.9,0,40.5,109499.0,257.158,42.6463,109499.0,0.0,0.999998,0.00263193
5760_dose_800_gradient_0_VconcST_0_Vconc_0.9_run_0.csv,5760.0,800.0,0,0.9,0.0,0.9,0,40.75,110105.0,252.774,42.8823,110105.0,0.0,0.999998,0.00262925
5760_dose_800_gradient_0_VconcST_0_Vconc_0.9_run_0.csv,5760.0,800.0,0,0.9,0.0,0.9,0,41.0,110691.0,248.464,43.1107,110691.0,0.0,0.999998,0.00263479
5760_dose_800_gradient_0_VconcST_0_Vconc_0.9_run_0.csv,5760.0,800.0,0,0.9,0.0,0.9,0,41.25,111258.0,244.228,43.3315,111258.0,0.0,0.999998,0.00263248
5760_dose_800_gradient_0_VconcST_0_Vconc_0.9_run_0.csv,5760.0,800.0,0,0.9,0.0,0.9,0,41.5,111806.0,240.064,43.5449,111806.0,0.0,0.999998,0.00263137
5760_dose_750_gradient_0_VconcST_0_Vconc_0.9_run_1.csv,5760.0,750.0,0,0.9,0.0,0.9,1,0.0,0.0,0.0,0.0,0.0,0.0,0.0,0.0
5760_dose_750_gradient_0_VconcST_0_Vconc_0.9_run_1.csv,5760.0,750.0,0,0.9,0.0,0.9,1,0.25,0.0,0.0,0.0,0.0,0.0,0.0,2291.7
5760_dose_750_gradient_0_VconcST_0_Vconc_0.9_run_1.csv,5760.0,750.0,0,0.9,0.0,0.9,1,0.5,0.0,0.0,0.0,0.0,0.0,0.0,32.5327
5760_dose_750_gradient_0_VconcST_0_Vconc_0.9_run_1.csv,5760.0,750.0,0,0.9,0.0,0.9,1,0.75,0.0,0.0,0.0,0.0,0.0,0.0,2376.11
5760_dose_750_gradient_0_VconcST_0_Vconc_0.9_run_1.csv,5760.0,750.0,0,0.9,0.0,0.9,1,1.0,0.0,0.0,0.0,0.0,0.0,0.0,32.3763
5760_dose_750_gradient_0_VconcST_0_Vconc_0.9_run_1.csv,5760.0,750.0,0,0.9,0.0,0.9,1,1.25,0.0,0.0,0.0,0.0,0.0,0.0,2274.93
5760_dose_750_gradient_0_VconcST_0_Vconc_0.9_run_1.csv,5760.0,750.0,0,0.9,0.0,0.9,1,1.5,0.0,0.0,0.0,0.0,0.0,0.0,32.5762
5760_dose_750_gradient_0_VconcST_0_Vconc_0.9_run_1.csv,5760.0,750.0,0,0.9,0.0,0.9,1,1.75,0.0,0.0,0.0,0.0,0.0,0.0,2257.32
5760_dose_750_gradient_0_VconcST_0_Vconc_0.9_run_1.csv,5760.0,750.0,0,0.9,0.0,0.9,1,2.0,0.0,0.0,0.0,0.0,0.0,0.0,33.5886
5760_dose_750_gradient_0_VconcST_0_Vconc_0.9_run_1.csv,5760.0,750.0,0,0.9,0.0,0.9,1,2.25,0.0,0.0,0.0,0.0,0.0,0.0,2371.74
5760_dose_750_gradient_0_VconcST_0_Vconc_0.9_run_1.csv,5760.0,750.0,0,0.9,0.0,0.9,1,2.5,0.0,0.0,0.0,0.0,0.0,0.0,34.035
5760_dose_750_gradient_0_VconcST_0_Vconc_0.9_run_1.csv,5760.0,750.0,0,0.9,0.0,0.9,1,2.75,0.0,0.0,0.0,0.0,0.0,0.0,2255.57
5760_dose_750_gradient_0_VconcST_0_Vconc_0.9_run_1.csv,5760.0,750.0,0,0.9,0.0,0.9,1,3.0,0.0,0.0,0.0,0.0,0.0,0.0,33.6462
5760_dose_750_gradient_0_VconcST_0_Vconc_0.9_run_1.csv,5760.0,750.0,0,0.9,0.0,0.9,1,3.25,0.0,0.0,0.0,0.0,0.0,0.0,2288.45
5760_dose_750_gradient_0_VconcST_0_Vconc_0.9_run_1.csv,5760.0,750.0,0,0.9,0.0,0.9,1,3.5,0.0,0.0,0.0,0.0,0.0,0.0,34.8986
5760_dose_750_gradient_0_VconcST_0_Vconc_0.9_run_1.csv,5760.0,750.0,0,0.9,0.0,0.9,1,3.75,0.0,0.0,0.0,0.0,0.0,0.0,2355.31
5760_dose_750_gradient_0_VconcST_0_Vconc_0.9_run_1.csv,5760.0,750.0,0,0.9,0.0,0.9,1,4.0,0.0,0.0,0.0,0.0,0.0,0.0,33.1128
5760_dose_750_gradient_0_VconcST_0_Vconc_0.9_run_1.csv,5760.0,750.0,0,0.9,0.0,0.9,1,4.25,0.0,0.0,0.0,0.0,0.0,0.0,2265.47
5760_dose_750_gradient_0_VconcST_0_Vconc_0.9_run_1.csv,5760.0,750.0,0,0.9,0.0,0.9,1,4.5,0.0,0.0,0.0,0.0,0.0,0.0,34.3099
5760_dose_750_gradient_0_VconcST_0_Vconc_0.9_run_1.csv,5760.0,750.0,0,0.9,0.0,0.9,1,4.75,0.0,0.0,0.0,0.0,0.0,0.0,2180.83
5760_dose_750_gradient_0_VconcST_0_Vconc_0.9_run_1.csv,5760.0,750.0,0,0.9,0.0,0.9,1,5.0,0.0,0.0,0.0,0.0,0.0,0.0,36.0816
5760_dose_750_gradient_0_VconcST_0_Vconc_0.9_run_1.csv,5760.0,750.0,0,0.9,0.0,0.9,1,5.25,0.0,0.0,0.0,0.0,0.0,0.0,2195.56
5760_dose_750_gradient_0_VconcST_0_Vconc_0.9_run_1.csv,5760.0,750.0,0,0.9,0.0,0.9,1,5.5,0.0,0.0,0.0,0.0,0.0,0.0,36.1978
5760_dose_750_gradient_0_VconcST_0_Vconc_0.9_run_1.csv,5760.0,750.0,0,0.9,0.0,0.9,1,5.75,0.0,0.0,0.0,0.0,0.0,0.0,2269.22
5760_dose_750_gradient_0_VconcST_0_Vconc_0.9_run_1.csv,5760.0,750.0,0,0.9,0.0,0.9,1,6.0,0.0,0.0,0.0,0.0,0.0,0.0,38.7158
5760_dose_750_gradient_0_VconcST_0_Vconc_0.9_run_1.csv,5760.0,750.0,0,0.9,0.0,0.9,1,6.25,0.0,0.0,0.0,0.0,0.0,0.0,2185.63
5760_dose_750_gradient_0_VconcST_0_Vconc_0.9_run_1.csv,5760.0,750.0,0,0.9,0.0,0.9,1,6.5,0.0,0.0,0.0,0.0,0.0,0.0,37.9554
5760_dose_750_gradient_0_VconcST_0_Vconc_0.9_run_1.csv,5760.0,750.0,0,0.9,0.0,0.9,1,6.75,0.0,0.0,0.0,0.0,0.0,0.0,2201.29
5760_dose_750_gradient_0_VconcST_0_Vconc_0.9_run_1.csv,5760.0,750.0,0,0.9,0.0,0.9,1,7.0,0.0,0.0,0.0,0.0,0.0,0.0,40.3691
5760_dose_750_gradient_0_VconcST_0_Vconc_0.9_run_1.csv,5760.0,750.0,0,0.9,0.0,0.9,1,7.25,0.0,0.0,0.0,0.0,0.0,0.0,2061.26
5760_dose_750_gradient_0_VconcST_0_Vconc_0.9_run_1.csv,5760.0,750.0,0,0.9,0.0,0.9,1,7.5,0.0,0.0,0.0,0.0,0.0,0.0,47.8904
5760_dose_750_gradient_0_VconcST_0_Vconc_0.9_run_1.csv,5760.0,750.0,0,0.9,0.0,0.9,1,7.75,0.0,0.0,0.0,0.0,0.0,0.0,2102.77
5760_dose_750_gradient_0_VconcST_0_Vconc_0.9_run_1.csv,5760.0,750.0,0,0.9,0.0,0.9,1,8.0,0.0,0.0,0.0,0.0,0.0,0.0,42.3287
5760_dose_750_gradient_0_VconcST_0_Vconc_0.9_run_1.csv,5760.0,750.0,0,0.9,0.0,0.9,1,8.25,0.0,0.0,0.0,0.0,0.000164931,0.0,2183.63
5760_dose_750_gradient_0_VconcST_0_Vconc_0.9_run_1.csv,5760.0,750.0,0,0.9,0.0,0.9,1,8.5,0.0,0.0,0.0,0.0,0.0,0.0,43.9223
5760_dose_750_gradient_0_VconcST_0_Vconc_0.9_run_1.csv,5760.0,750.0,0,0.9,0.0,0.9,1,8.75,0.0,0.0,0.0,0.0,0.0,0.0,2024.12
5760_dose_750_gradient_0_VconcST_0_Vconc_0.9_run_1.csv,5760.0,750.0,0,0.9,0.0,0.9,1,9.0,0.0,0.0,0.0,0.0,0.0,0.0,99.349
5760_dose_750_gradient_0_VconcST_0_Vconc_0.9_run_1.csv,5760.0,750.0,0,0.9,0.0,0.9,1,9.25,0.0,0.0,0.0,0.0,0.0,0.0,1981.35
5760_dose_750_gradient_0_VconcST_0_Vconc_0.9_run_1.csv,5760.0,750.0,0,0.9,0.0,0.9,1,9.5,0.0,0.0,0.0,0.0,0.0,0.0,154.54
5760_dose_750_gradient_0_VconcST_0_Vconc_0.9_run_1.csv,5760.0,750.0,0,0.9,0.0,0.9,1,9.75,0.0,0.0,0.0,0.0,0.0,0.0,1966.74
5760_dose_750_gradient_0_VconcST_0_Vconc_0.9_run_1.csv,5760.0,750.0,0,0.9,0.0,0.9,1,10.0,0.0,0.0,0.0,0.0,0.0,0.0,148.94
5760_dose_750_gradient_0_VconcST_0_Vconc_0.9_run_1.csv,5760.0,750.0,0,0.9,0.0,0.9,1,10.25,0.0,0.0,0.0,0.0,0.0,0.0,1962.92
5760_dose_750_gradient_0_VconcST_0_Vconc_0.9_run_1.csv,5760.0,750.0,0,0.9,0.0,0.9,1,10.5,0.0,0.0,0.0,0.0,0.0,0.0,216.426
5760_dose_750_gradient_0_VconcST_0_Vconc_0.9_run_1.csv,5760.0,750.0,0,0.9,0.0,0.9,1,10.75,0.0,0.0,0.0,0.0,0.0,0.0,1850.58
5760_dose_750_gradient_0_VconcST_0_Vconc_0.9_run_1.csv,5760.0,750.0,0,0.9,0.0,0.9,1,11.0,0.0,0.0,0.0,0.0,0.0,0.0,299.842
5760_dose_750_gradient_0_VconcST_0_Vconc_0.9_run_1.csv,5760.0,750.0,0,0.9,0.0,0.9,1,11.25,0.0,0.0,0.0,0.0,0.0,0.0,1840.35
5760_dose_750_gradient_0_VconcST_0_Vconc_0.9_run_1.csv,5760.0,750.0,0,0.9,0.0,0.9,1,11.5,0.0,0.0,0.0,0.0,0.0,0.0,328.28
5760_dose_750_gradient_0_VconcST_0_Vconc_0.9_run_1.csv,5760.0,750.0,0,0.9,0.0,0.9,1,11.75,0.0,0.0,0.0,0.0,0.0,0.0,1793.52
5760_dose_750_gradient_0_VconcST_0_Vconc_0.9_run_1.csv,5760.0,750.0,0,0.9,0.0,0.9,1,12.0,0.0,0.0,0.0,0.0,0.0,0.0,422.217
5760_dose_750_gradient_0_VconcST_0_Vconc_0.9_run_1.csv,5760.0,750.0,0,0.9,0.0,0.9,1,12.25,0.0,0.0,0.0,0.0,0.0,0.0,1686.75
5760_dose_750_gradient_0_VconcST_0_Vconc_0.9_run_1.csv,5760.0,750.0,0,0.9,0.0,0.9,1,12.5,0.0,0.0,0.0,0.0,0.0,0.0,555.308
5760_dose_750_gradient_0_VconcST_0_Vconc_0.9_run_1.csv,5760.0,750.0,0,0.9,0.0,0.9,1,12.75,0.0,0.0,0.0,0.0,0.0,0.0,1599.54
5760_dose_750_gradient_0_VconcST_0_Vconc_0.9_run_1.csv,5760.0,750.0,0,0.9,0.0,0.9,1,13.0,0.0,0.0,0.0,0.0,0.0,0.0,652.834
5760_dose_750_gradient_0_VconcST_0_Vconc_0.9_run_1.csv,5760.0,750.0,0,0.9,0.0,0.9,1,13.25,0.0,0.0,0.0,0.0,0.0,0.0,1509.5
5760_dose_750_gradient_0_VconcST_0_Vconc_0.9_run_1.csv,5760.0,750.0,0,0.9,0.0,0.9,1,13.5,0.0,0.0,0.0,0.0,0.0,0.0,751.694
5760_dose_750_gradient_0_VconcST_0_Vconc_0.9_run_1.csv,5760.0,750.0,0,0.9,0.0,0.9,1,13.75,0.0,0.0,0.0,0.0,0.0,0.0,1425.25
5760_dose_750_gradient_0_VconcST_0_Vconc_0.9_run_1.csv,5760.0,750.0,0,0.9,0.0,0.9,1,14.0,0.0,0.0,0.0,0.0,0.0,0.0,967.02
5760_dose_750_gradient_0_VconcST_0_Vconc_0.9_run_1.csv,5760.0,750.0,0,0.9,0.0,0.9,1,14.25,0.0,0.0,0.0,0.0,0.0,0.0,1246.5
5760_dose_750_gradient_0_VconcST_0_Vconc_0.9_run_1.csv,5760.0,750.0,0,0.9,0.0,0.9,1,14.5,0.0,0.0,0.0,0.0,0.0,0.0,1114.41
5760_dose_750_gradient_0_VconcST_0_Vconc_0.9_run_1.csv,5760.0,750.0,0,0.9,0.0,0.9,1,14.75,0.0,0.0,0.0,0.0,0.0,0.0,1160.37
5760_dose_750_gradient_0_VconcST_0_Vconc_0.9_run_1.csv,5760.0,750.0,0,0.9,0.0,0.9,1,15.0,0.0,0.0,0.0,0.0,0.0,0.0,1160.24
5760_dose_750_gradient_0_VconcST_0_Vconc_0.9_run_1.csv,5760.0,750.0,0,0.9,0.0,0.9,1,15.25,0.0,0.0,0.0,0.0,0.0,0.0,1176.88
5760_dose_750_gradient_0_VconcST_0_Vconc_0.9_run_1.csv,5760.0,750.0,0,0.9,0.0,0.9,1,15.5,0.0,0.0,0.0,0.0,0.0,0.0,1364.92
5760_dose_750_gradient_0_VconcST_0_Vconc_0.9_run_1.csv,5760.0,750.0,0,0.9,0.0,0.9,1,15.75,0.0,0.0,0.0,0.0,0.0,0.0,1158.63
5760_dose_750_gradient_0_VconcST_0_Vconc_0.9_run_1.csv,5760.0,750.0,0,0.9,0.0,0.9,1,16.0,0.0,0.0,0.0,0.0,0.0,0.0,1469.53
5760_dose_750_gradient_0_VconcST_0_Vconc_0.9_run_1.csv,5760.0,750.0,0,0.9,0.0,0.9,1,16.25,0.0,0.0,0.0,0.0,0.0,0.0,1237.98
5760_dose_750_gradient_0_VconcST_0_Vconc_0.9_run_1.csv,5760.0,750.0,0,0.9,0.0,0.9,1,16.5,0.0,0.0,0.0,0.0,0.0,0.0,1620.85
5760_dose_750_gradient_0_VconcST_0_Vconc_0.9_run_1.csv,5760.0,750.0,0,0.9,0.0,0.9,1,16.75,0.0,0.0,0.0,0.0,0.00878472,0.0,1390.9
5760_dose_750_gradient_0_VconcST_0_Vconc_0.9_run_1.csv,5760.0,750.0,0,0.9,0.0,0.9,1,17.0,0.0,0.0,0.0,0.0,0.00828776,0.0,1867.26
5760_dose_750_gradient_0_VconcST_0_Vconc_0.9_run_1.csv,5760.0,750.0,0,0.9,0.0,0.9,1,17.25,0.0,0.0,0.0,0.0,0.0385243,0.0,1943.86
5760_dose_750_gradient_0_VconcST_0_Vconc_0.9_run_1.csv,5760.0,750.0,0,0.9,0.0,0.9,1,17.5,0.0,0.0,0.0,0.0,0.102457,0.0,2471.36
5760_dose_750_gradient_0_VconcST_0_Vconc_0.9_run_1.csv,5760.0,750.0,0,0.9,0.0,0.9,1,17.75,0.0,0.0,0.0,0.0,0.201285,0.0,2599.08
5760_dose_750_gradient_0_VconcST_0_Vconc_0.9_run_1.csv,5760.0,750.0,0,0.9,0.0,0.9,1,18.0,0.0,0.0,0.0,0.0,0.323681,0.0,2538.86
5760_dose_750_gradient_0_VconcST_0_Vconc_0.9_run_1.csv,5760.0,750.0,0,0.9,0.0,0.9,1,18.25,0.0,0.0,0.0,0.0,0.483056,0.0,2528.35
5760_dose_750_gradient_0_VconcST_0_Vconc_0.9_run_1.csv,5760.0,750.0,0,0.9,0.0,0.9,1,18.5,0.0,0.0,0.0,0.0,0.645868,0.0,2477.84
5760_dose_750_gradient_0_VconcST_0_Vconc_0.9_run_1.csv,5760.0,750.0,0,0.9,0.0,0.9,1,18.75,0.0,0.0,0.0,0.0,0.856736,0.0,2498.17
5760_dose_750_gradient_0_VconcST_0_Vconc_0.9_run_1.csv,5760.0,750.0,0,0.9,0.0,0.9,1,19.0,0.0,0.0,0.0,0.0,0.987535,0.0,2582.22
5760_dose_750_gradient_0_VconcST_0_Vconc_0.9_run_1.csv,5760.0,750.0,0,0.9,0.0,0.9,1,19.25,0.0,0.0,0.0,0.0,1.0,0.0,2493.47
5760_dose_750_gradient_0_VconcST_0_Vconc_0.9_run_1.csv,5760.0,750.0,0,0.9,0.0,0.9,1,19.5,0.0,0.0,0.0,0.0,1.0,0.0,2513.15
5760_dose_750_gradient_0_VconcST_0_Vconc_0.9_run_1.csv,5760.0,750.0,0,0.9,0.0,0.9,1,19.75,0.0,0.0,0.0,0.0,1.0,0.0,2484.28
5760_dose_750_gradient_0_VconcST_0_Vconc_0.9_run_1.csv,5760.0,750.0,0,0.9,0.0,0.9,1,20.0,0.0,0.0,0.0,0.0,1.0,0.0,2489.48
5760_dose_750_gradient_0_VconcST_0_Vconc_0.9_run_1.csv,5760.0,750.0,0,0.9,0.0,0.9,1,20.25,0.0,0.0,0.0,0.0,1.0,0.0,2468.05
5760_dose_750_gradient_0_VconcST_0_Vconc_0.9_run_1.csv,5760.0,750.0,0,0.9,0.0,0.9,1,20.5,0.0,0.0,0.0,0.0,1.0,0.0,2506.09
5760_dose_750_gradient_0_VconcST_0_Vconc_0.9_run_1.csv,5760.0,750.0,0,0.9,0.0,0.9,1,20.75,0.0,0.0,0.0,0.0,1.0,0.0,2459.08
5760_dose_750_gradient_0_VconcST_0_Vconc_0.9_run_1.csv,5760.0,750.0,0,0.9,0.0,0.9,1,21.0,0.0,0.0,0.0,0.0,1.0,0.0,2539.77
5760_dose_750_gradient_0_VconcST_0_Vconc_0.9_run_1.csv,5760.0,750.0,0,0.9,0.0,0.9,1,21.25,0.0,0.0,0.0,0.0,1.0,0.0,2517.88
5760_dose_750_gradient_0_VconcST_0_Vconc_0.9_run_1.csv,5760.0,750.0,0,0.9,0.0,0.9,1,21.5,0.0,0.0,0.0,0.0,1.0,0.0,2534.7
5760_dose_750_gradient_0_VconcST_0_Vconc_0.9_run_1.csv,5760.0,750.0,0,0.9,0.0,0.9,1,21.75,0.0,0.0,0.0,0.0,1.0,0.0,2535.47
5760_dose_750_gradient_0_VconcST_0_Vconc_0.9_run_1.csv,5760.0,750.0,0,0.9,0.0,0.9,1,22.0,0.0,0.0,0.0,0.0,1.0,0.0,2530.67
5760_dose_750_gradient_0_VconcST_0_Vconc_0.9_run_1.csv,5760.0,750.0,0,0.9,0.0,0.9,1,22.25,0.0,0.0,0.0,0.0,1.0,0.0,2519.06
5760_dose_750_gradient_0_VconcST_0_Vconc_0.9_run_1.csv,5760.0,750.0,0,0.9,0.0,0.9,1,22.5,0.0,0.0,0.0,0.0,1.0,0.0,2479.41
5760_dose_750_gradient_0_VconcST_0_Vconc_0.9_run_1.csv,5760.0,750.0,0,0.9,0.0,0.9,1,22.75,0.0,0.0,0.0,0.0,1.0,0.0,2454.43
5760_dose_750_gradient_0_VconcST_0_Vconc_0.9_run_1.csv,5760.0,750.0,0,0.9,0.0,0.9,1,23.0,0.0,0.0,0.0,0.0,1.0,0.0,2505.45
5760_dose_750_gradient_0_VconcST_0_Vconc_0.9_run_1.csv,5760.0,750.0,0,0.9,0.0,0.9,1,23.25,0.0,0.0,0.0,0.0,1.0,0.0,2497.62
5760_dose_750_gradient_0_VconcST_0_Vconc_0.9_run_1.csv,5760.0,750.0,0,0.9,0.0,0.9,1,23.5,0.0,0.0,0.0,0.0,1.0,0.0,2491.87
5760_dose_750_gradient_0_VconcST_0_Vconc_0.9_run_1.csv,5760.0,750.0,0,0.9,0.0,0.9,1,23.75,0.0,0.0,0.0,0.0,1.0,0.0,2554.32
5760_dose_750_gradient_0_VconcST_0_Vconc_0.9_run_1.csv,5760.0,750.0,0,0.9,0.0,0.9,1,24.0,50.1654,750.0,0.0195379,50.1654,1.0,0.0,2507.13
5760_dose_750_gradient_0_VconcST_0_Vconc_0.9_run_1.csv,5760.0,750.0,0,0.9,0.0,0.9,1,24.25,3028.16,737.214,1.17937,3028.16,0.0,0.999933,0.0951664
5760_dose_750_gradient_0_VconcST_0_Vconc_0.9_run_1.csv,5760.0,750.0,0,0.9,0.0,0.9,1,24.5,5944.09,724.645,2.31504,5944.09,0.0,0.999966,0.0629835
5760_dose_750_gradient_0_VconcST_0_Vconc_0.9_run_1.csv,5760.0,750.0,0,0.9,0.0,0.9,1,24.75,8799.05,712.291,3.42696,8799.05,0.0,0.999977,0.0383618
5760_dose_750_gradient_0_VconcST_0_Vconc_0.9_run_1.csv,5760.0,750.0,0,0.9,0.0,0.9,1,25.0,11594.1,700.147,4.51555,11594.1,0.0,0.999983,0.0278909
5760_dose_750_gradient_0_VconcST_0_Vconc_0.9_run_1.csv,5760.0,750.0,0,0.9,0.0,0.9,1,25.25,14330.4,688.211,5.58124,14330.4,0.0,0.999986,0.0219126
5760_dose_750_gradient_0_VconcST_0_Vconc_0.9_run_1.csv,5760.0,750.0,0,0.9,0.0,0.9,1,25.5,17008.9,676.477,6.62443,17008.9,0.0,0.999988,0.0181718
5760_dose_750_gradient_0_VconcST_0_Vconc_0.9_run_1.csv,5760.0,750.0,0,0.9,0.0,0.9,1,25.75,19630.6,664.944,7.64551,19630.6,0.0,0.99999,0.0154708
5760_dose_750_gradient_0_VconcST_0_Vconc_0.9_run_1.csv,5760.0,750.0,0,0.9,0.0,0.9,1,26.0,22196.6,653.608,8.64489,22196.6,0.0,0.999991,0.0135015
5760_dose_750_gradient_0_VconcST_0_Vconc_0.9_run_1.csv,5760.0,750.0,0,0.9,0.0,0.9,1,26.25,24707.9,642.465,9.62295,24707.9,0.0,0.999992,0.0120736
5760_dose_750_gradient_0_VconcST_0_Vconc_0.9_run_1.csv,5760.0,750.0,0,0.9,0.0,0.9,1,26.5,27165.3,631.511,10.5801,27165.3,0.0,0.999993,0.010941
5760_dose_750_gradient_0_VconcST_0_Vconc_0.9_run_1.csv,5760.0,750.0,0,0.9,0.0,0.9,1,26.75,29570.0,620.745,11.5166,29570.0,0.0,0.999993,0.010039
5760_dose_750_gradient_0_VconcST_0_Vconc_0.9_run_1.csv,5760.0,750.0,0,0.9,0.0,0.9,1,27.0,31922.8,610.162,12.4329,31922.8,0.0,0.999994,0.00927233
5760_dose_750_gradient_0_VconcST_0_Vconc_0.9_run_1.csv,5760.0,750.0,0,0.9,0.0,0.9,1,27.25,34224.7,599.759,13.3295,34224.7,0.0,0.999994,0.00857134
5760_dose_750_gradient_0_VconcST_0_Vconc_0.9_run_1.csv,5760.0,750.0,0,0.9,0.0,0.9,1,27.5,36476.5,589.534,14.2065,36476.5,0.0,0.999995,0.00799105
5760_dose_750_gradient_0_VconcST_0_Vconc_0.9_run_1.csv,5760.0,750.0,0,0.9,0.0,0.9,1,27.75,38679.2,579.483,15.0643,38679.2,0.0,0.999995,0.00754849
5760_dose_750_gradient_0_VconcST_0_Vconc_0.9_run_1.csv,5760.0,750.0,0,0.9,0.0,0.9,1,28.0,40833.6,569.604,15.9034,40833.6,0.0,0.999995,0.00713943
5760_dose_750_gradient_0_VconcST_0_Vconc_0.9_run_1.csv,5760.0,750.0,0,0.9,0.0,0.9,1,28.25,42940.6,559.893,16.724,42940.6,0.0,0.999995,0.00680279
5760_dose_750_gradient_0_VconcST_0_Vconc_0.9_run_1.csv,5760.0,750.0,0,0.9,0.0,0.9,1,28.5,45001.1,550.347,17.5265,45001.1,0.0,0.999996,0.00644972
5760_dose_750_gradient_0_VconcST_0_Vconc_0.9_run_1.csv,5760.0,750.0,0,0.9,0.0,0.9,1,28.75,47015.8,540.964,18.3112,47015.8,0.0,0.999996,0.00619145
5760_dose_750_gradient_0_VconcST_0_Vconc_0.9_run_1.csv,5760.0,750.0,0,0.9,0.0,0.9,1,29.0,48985.7,531.742,19.0784,48985.7,0.0,0.999996,0.00595036
5760_dose_750_gradient_0_VconcST_0_Vconc_0.9_run_1.csv,5760.0,750.0,0,0.9,0.0,0.9,1,29.25,50911.4,522.676,19.8284,50911.4,0.0,0.999996,0.00569654
5760_dose_750_gradient_0_VconcST_0_Vconc_0.9_run_1.csv,5760.0,750.0,0,0.9,0.0,0.9,1,29.5,52793.9,513.765,20.5616,52793.9,0.0,0.999996,0.0054428
5760_dose_750_gradient_0_VconcST_0_Vconc_0.9_run_1.csv,5760.0,750.0,0,0.9,0.0,0.9,1,29.75,54633.8,505.006,21.2782,54633.8,0.0,0.999996,0.00526644
5760_dose_750_gradient_0_VconcST_0_Vconc_0.9_run_1.csv,5760.0,750.0,0,0.9,0.0,0.9,1,30.0,56432.0,496.396,21.9785,56432.0,0.0,0.999996,0.00509709
5760_dose_750_gradient_0_VconcST_0_Vconc_0.9_run_1.csv,5760.0,750.0,0,0.9,0.0,0.9,1,30.25,58189.1,487.933,22.6629,58189.1,0.0,0.999997,0.00491922
5760_dose_750_gradient_0_VconcST_0_Vconc_0.9_run_1.csv,5760.0,750.0,0,0.9,0.0,0.9,1,30.5,59906.0,479.615,23.3315,59906.0,0.0,0.999997,0.00483442
5760_dose_750_gradient_0_VconcST_0_Vconc_0.9_run_1.csv,5760.0,750.0,0,0.9,0.0,0.9,1,30.75,61583.3,471.438,23.9848,61583.3,0.0,0.999997,0.00468299
5760_dose_750_gradient_0_VconcST_0_Vconc_0.9_run_1.csv,5760.0,750.0,0,0.9,0.0,0.9,1,31.0,63221.9,463.4,24.623,63221.9,0.0,0.999997,0.00457999
5760_dose_750_gradient_0_VconcST_0_Vconc_0.9_run_1.csv,5760.0,750.0,0,0.9,0.0,0.9,1,31.25,64822.3,455.5,25.2463,64822.3,0.0,0.999997,0.00441035
5760_dose_750_gradient_0_VconcST_0_Vconc_0.9_run_1.csv,5760.0,750.0,0,0.9,0.0,0.9,1,31.5,66385.2,447.734,25.855,66385.2,0.0,0.999997,0.00441562
5760_dose_750_gradient_0_VconcST_0_Vconc_0.9_run_1.csv,5760.0,750.0,0,0.9,0.0,0.9,1,31.75,67911.4,440.101,26.4494,67911.4,0.0,0.999997,0.00434756
5760_dose_750_gradient_0_VconcST_0_Vconc_0.9_run_1.csv,5760.0,750.0,0,0.9,0.0,0.9,1,32.0,69401.5,432.598,27.0297,69401.5,0.0,0.999997,0.00424892
5760_dose_750_gradient_0_VconcST_0_Vconc_0.9_run_1.csv,5760.0,750.0,0,0.9,0.0,0.9,1,32.25,70856.1,425.222,27.5963,70856.1,0.0,0.999997,0.00416526
5760_dose_750_gradient_0_VconcST_0_Vconc_0.9_run_1.csv,5760.0,750.0,0,0.9,0.0,0.9,1,32.5,72276.0,417.973,28.1492,72276.0,0.0,0.999997,0.00407895
5760_dose_750_gradient_0_VconcST_0_Vconc_0.9_run_1.csv,5760.0,750.0,0,0.9,0.0,0.9,1,32.75,73661.6,410.847,28.6889,73661.6,0.0,0.999997,0.00399679
5760_dose_750_gradient_0_VconcST_0_Vconc_0.9_run_1.csv,5760.0,750.0,0,0.9,0.0,0.9,1,33.0,75013.7,403.842,29.2155,75013.7,0.0,0.999997,0.00390475
5760_dose_750_gradient_0_VconcST_0_Vconc_0.9_run_1.csv,5760.0,750.0,0,0.9,0.0,0.9,1,33.25,76332.9,396.957,29.7293,76332.9,0.0,0.999997,0.00381665
5760_dose_750_gradient_0_VconcST_0_Vconc_0.9_run_1.csv,5760.0,750.0,0,0.9,0.0,0.9,1,33.5,77619.8,390.19,30.2305,77619.8,0.0,0.999997,0.00373183
5760_dose_750_gradient_0_VconcST_0_Vconc_0.9_run_1.csv,5760.0,750.0,0,0.9,0.0,0.9,1,33.75,78874.8,383.537,30.7193,78874.8,0.0,0.999997,0.00373367
5760_dose_750_gradient_0_VconcST_0_Vconc_0.9_run_1.csv,5760.0,750.0,0,0.9,0.0,0.9,1,34.0,80098.7,376.999,31.196,80098.7,0.0,0.999997,0.00364701
5760_dose_750_gradient_0_VconcST_0_Vconc_0.9_run_1.csv,5760.0,750.0,0,0.9,0.0,0.9,1,34.25,81292.0,370.571,31.6607,81292.0,0.0,0.999997,0.00357511
5760_dose_750_gradient_0_VconcST_0_Vconc_0.9_run_1.csv,5760.0,750.0,0,0.9,0.0,0.9,1,34.5,82455.3,364.253,32.1138,82455.3,0.0,0.999998,0.00356873
5760_dose_750_gradient_0_VconcST_0_Vconc_0.9_run_1.csv,5760.0,750.0,0,0.9,0.0,0.9,1,34.75,83589.0,358.043,32.5553,83589.0,0.0,0.999998,0.00348093
5760_dose_750_gradient_0_VconcST_0_Vconc_0.9_run_1.csv,5760.0,750.0,0,0.9,0.0,0.9,1,35.0,84693.8,351.938,32.9856,84693.8,0.0,0.999998,0.00339639
5760_dose_750_gradient_0_VconcST_0_Vconc_0.9_run_1.csv,5760.0,750.0,0,0.9,0.0,0.9,1,35.25,85770.2,345.938,33.4048,85770.2,0.0,0.999998,0.00339532
5760_dose_750_gradient_0_VconcST_0_Vconc_0.9_run_1.csv,5760.0,750.0,0,0.9,0.0,0.9,1,35.5,86818.6,340.04,33.8132,86818.6,0.0,0.999998,0.00331102
5760_dose_750_gradient_0_VconcST_0_Vconc_0.9_run_1.csv,5760.0,750.0,0,0.9,0.0,0.9,1,35.75,87839.7,334.243,34.2108,87839.7,0.0,0.999998,0.00330776
5760_dose_750_gradient_0_VconcST_0_Vconc_0.9_run_1.csv,5760.0,750.0,0,0.9,0.0,0.9,1,36.0,88833.9,328.545,34.598,88833.9,0.0,0.999998,0.00332275
5760_dose_750_gradient_0_VconcST_0_Vconc_0.9_run_1.csv,5760.0,750.0,0,0.9,0.0,0.9,1,36.25,89801.6,322.943,34.975,89801.6,0.0,0.999998,0.00322882
5760_dose_750_gradient_0_VconcST_0_Vconc_0.9_run_1.csv,5760.0,750.0,0,0.9,0.0,0.9,1,36.5,90743.5,317.438,35.3418,90743.5,0.0,0.999998,0.00322917
5760_dose_750_gradient_0_VconcST_0_Vconc_0.9_run_1.csv,5760.0,750.0,0,0.9,0.0,0.9,1,36.75,91660.0,312.026,35.6987,91660.0,0.0,0.999998,0.00314983
5760_dose_750_gradient_0_VconcST_0_Vconc_0.9_run_1.csv,5760.0,750.0,0,0.9,0.0,0.9,1,37.0,92551.4,306.706,36.0459,92551.4,0.0,0.999998,0.00313814
5760_dose_750_gradient_0_VconcST_0_Vconc_0.9_run_1.csv,5760.0,750.0,0,0.9,0.0,0.9,1,37.25,93418.4,301.477,36.3836,93418.4,0.0,0.999998,0.00314002
5760_dose_750_gradient_0_VconcST_0_Vconc_0.9_run_1.csv,5760.0,750.0,0,0.9,0.0,0.9,1,37.5,94261.3,296.337,36.7118,94261.3,0.0,0.999998,0.00305675
5760_dose_750_gradient_0_VconcST_0_Vconc_0.9_run_1.csv,5760.0,750.0,0,0.9,0.0,0.9,1,37.75,95080.6,291.285,37.0309,95080.6,0.0,0.999998,0.00305922
5760_dose_750_gradient_0_VconcST_0_Vconc_0.9_run_1.csv,5760.0,750.0,0,0.9,0.0,0.9,1,38.0,95876.7,286.319,37.341,95876.7,0.0,0.999998,0.0030648
5760_dose_750_gradient_0_VconcST_0_Vconc_0.9_run_1.csv,5760.0,750.0,0,0.9,0.0,0.9,1,38.25,96650.1,281.438,37.6422,96650.1,0.0,0.999998,0.00297758
5760_dose_750_gradient_0_VconcST_0_Vconc_0.9_run_1.csv,5760.0,750.0,0,0.9,0.0,0.9,1,38.5,97401.2,276.639,37.9347,97401.2,0.0,0.999998,0.00297414
5760_dose_750_gradient_0_VconcST_0_Vconc_0.9_run_1.csv,5760.0,750.0,0,0.9,0.0,0.9,1,38.75,98130.4,271.923,38.2187,98130.4,0.0,0.999998,0.00296996
5760_dose_750_gradient_0_VconcST_0_Vconc_0.9_run_1.csv,5760.0,750.0,0,0.9,0.0,0.9,1,39.0,98838.0,267.287,38.4943,98838.0,0.0,0.999998,0.00297205
5760_dose_750_gradient_0_VconcST_0_Vconc_0.9_run_1.csv,5760.0,750.0,0,0.9,0.0,0.9,1,39.25,99524.6,262.73,38.7618,99524.6,0.0,0.999998,0.00288896
5760_dose_750_gradient_0_VconcST_0_Vconc_0.9_run_1.csv,5760.0,750.0,0,0.9,0.0,0.9,1,39.5,100191.0,258.251,39.0211,100191.0,0.0,0.999998,0.00288683
5760_dose_750_gradient_0_VconcST_0_Vconc_0.9_run_1.csv,5760.0,750.0,0,0.9,0.0,0.9,1,39.75,100836.0,253.848,39.2725,100836.0,0.0,0.999998,0.00288693
5760_dose_750_gradient_0_VconcST_0_Vconc_0.9_run_1.csv,5760.0,750.0,0,0.9,0.0,0.9,1,40.0,101462.0,249.52,39.5162,101462.0,0.0,0.999998,0.00288713
5760_dose_750_gradient_0_VconcST_0_Vconc_0.9_run_1.csv,5760.0,750.0,0,0.9,0.0,0.9,1,40.25,102068.0,245.266,39.7523,102068.0,0.0,0.999998,0.00279887
5760_dose_750_gradient_0_VconcST_0_Vconc_0.9_run_1.csv,5760.0,750.0,0,0.9,0.0,0.9,1,40.5,102655.0,241.085,39.9809,102655.0,0.0,0.999998,0.00280221
5760_dose_750_gradient_0_VconcST_0_Vconc_0.9_run_1.csv,5760.0,750.0,0,0.9,0.0,0.9,1,40.75,103223.0,236.975,40.2021,103223.0,0.0,0.999998,0.00280791
5760_dose_750_gradient_0_VconcST_0_Vconc_0.9_run_1.csv,5760.0,750.0,0,0.9,0.0,0.9,1,41.0,103772.0,232.934,40.4162,103772.0,0.0,0.999998,0.00280319
5760_dose_750_gradient_0_VconcST_0_Vconc_0.9_run_1.csv,5760.0,750.0,0,0.9,0.0,0.9,1,41.25,104304.0,228.963,40.6232,104304.0,0.0,0.999998,0.00280821
5760_dose_750_gradient_0_VconcST_0_Vconc_0.9_run_1.csv,5760.0,750.0,0,0.9,0.0,0.9,1,41.5,104818.0,225.06,40.8232,104818.0,0.0,0.999998,0.00280487
5760_dose_850_gradient_0_VconcST_0_Vconc_0.7_run_1.csv,5760.0,850.0,0,0.7,0.0,0.7,1,0.0,0.0,0.0,0.0,0.0,0.0,0.0,0.0
5760_dose_850_gradient_0_VconcST_0_Vconc_0.7_run_1.csv,5760.0,850.0,0,0.7,0.0,0.7,1,0.25,0.0,0.0,0.0,0.0,0.0,0.0,1714.22
5760_dose_850_gradient_0_VconcST_0_Vconc_0.7_run_1.csv,5760.0,850.0,0,0.7,0.0,0.7,1,0.5,0.0,0.0,0.0,0.0,0.0,0.0,227.559
5760_dose_850_gradient_0_VconcST_0_Vconc_0.7_run_1.csv,5760.0,850.0,0,0.7,0.0,0.7,1,0.75,0.0,0.0,0.0,0.0,0.0,0.0,1468.75
5760_dose_850_gradient_0_VconcST_0_Vconc_0.7_run_1.csv,5760.0,850.0,0,0.7,0.0,0.7,1,1.0,0.0,0.0,0.0,0.0,0.0,0.0,408.918
5760_dose_850_gradient_0_VconcST_0_Vconc_0.7_run_1.csv,5760.0,850.0,0,0.7,0.0,0.7,1,1.25,0.0,0.0,0.0,0.0,0.0,0.0,1318.41
5760_dose_850_gradient_0_VconcST_0_Vconc_0.7_run_1.csv,5760.0,850.0,0,0.7,0.0,0.7,1,1.5,0.0,0.0,0.0,0.0,0.0,0.0,561.716
5760_dose_850_gradient_0_VconcST_0_Vconc_0.7_run_1.csv,5760.0,850.0,0,0.7,0.0,0.7,1,1.75,0.0,0.0,0.0,0.0,0.0,0.0,1149.75
5760_dose_850_gradient_0_VconcST_0_Vconc_0.7_run_1.csv,5760.0,850.0,0,0.7,0.0,0.7,1,2.0,0.0,0.0,0.0,0.0,0.0,0.0,691.082
5760_dose_850_gradient_0_VconcST_0_Vconc_0.7_run_1.csv,5760.0,850.0,0,0.7,0.0,0.7,1,2.25,0.0,0.0,0.0,0.0,0.0,0.0,1079.22
5760_dose_850_gradient_0_VconcST_0_Vconc_0.7_run_1.csv,5760.0,850.0,0,0.7,0.0,0.7,1,2.5,0.0,0.0,0.0,0.0,0.0,0.0,747.993
5760_dose_850_gradient_0_VconcST_0_Vconc_0.7_run_1.csv,5760.0,850.0,0,0.7,0.0,0.7,1,2.75,0.0,0.0,0.0,0.0,0.0,0.0,995.133
5760_dose_850_gradient_0_VconcST_0_Vconc_0.7_run_1.csv,5760.0,850.0,0,0.7,0.0,0.7,1,3.0,0.0,0.0,0.0,0.0,0.0,0.0,815.613
5760_dose_850_gradient_0_VconcST_0_Vconc_0.7_run_1.csv,5760.0,850.0,0,0.7,0.0,0.7,1,3.25,0.0,0.0,0.0,0.0,0.0,0.0,981.009
5760_dose_850_gradient_0_VconcST_0_Vconc_0.7_run_1.csv,5760.0,850.0,0,0.7,0.0,0.7,1,3.5,0.0,0.0,0.0,0.0,0.0,0.0,837.947
5760_dose_850_gradient_0_VconcST_0_Vconc_0.7_run_1.csv,5760.0,850.0,0,0.7,0.0,0.7,1,3.75,0.0,0.0,0.0,0.0,0.0,0.0,912.789
5760_dose_850_gradient_0_VconcST_0_Vconc_0.7_run_1.csv,5760.0,850.0,0,0.7,0.0,0.7,1,4.0,0.0,0.0,0.0,0.0,0.0,0.0,896.832
5760_dose_850_gradient_0_VconcST_0_Vconc_0.7_run_1.csv,5760.0,850.0,0,0.7,0.0,0.7,1,4.25,0.0,0.0,0.0,0.0,0.0,0.0,902.558
5760_dose_850_gradient_0_VconcST_0_Vconc_0.7_run_1.csv,5760.0,850.0,0,0.7,0.0,0.7,1,4.5,0.0,0.0,0.0,0.0,0.0,0.0,851.461
5760_dose_850_gradient_0_VconcST_0_Vconc_0.7_run_1.csv,5760.0,850.0,0,0.7,0.0,0.7,1,4.75,0.0,0.0,0.0,0.0,0.0,0.0,930.251
5760_dose_850_gradient_0_VconcST_0_Vconc_0.7_run_1.csv,5760.0,850.0,0,0.7,0.0,0.7,1,5.0,0.0,0.0,0.0,0.0,0.0,0.0,880.138
5760_dose_850_gradient_0_VconcST_0_Vconc_0.7_run_1.csv,5760.0,850.0,0,0.7,0.0,0.7,1,5.25,0.0,0.0,0.0,0.0,0.0,0.0,878.469
5760_dose_850_gradient_0_VconcST_0_Vconc_0.7_run_1.csv,5760.0,850.0,0,0.7,0.0,0.7,1,5.5,0.0,0.0,0.0,0.0,0.0,0.0,914.556
5760_dose_850_gradient_0_VconcST_0_Vconc_0.7_run_1.csv,5760.0,850.0,0,0.7,0.0,0.7,1,5.75,0.0,0.0,0.0,0.0,0.0,0.0,887.143
5760_dose_850_gradient_0_VconcST_0_Vconc_0.7_run_1.csv,5760.0,850.0,0,0.7,0.0,0.7,1,6.0,0.0,0.0,0.0,0.0,0.0,0.0,889.381
5760_dose_850_gradient_0_VconcST_0_Vconc_0.7_run_1.csv,5760.0,850.0,0,0.7,0.0,0.7,1,6.25,0.0,0.0,0.0,0.0,0.0,0.0,863.879
5760_dose_850_gradient_0_VconcST_0_Vconc_0.7_run_1.csv,5760.0,850.0,0,0.7,0.0,0.7,1,6.5,0.0,0.0,0.0,0.0,0.0,0.0,928.899
5760_dose_850_gradient_0_VconcST_0_Vconc_0.7_run_1.csv,5760.0,850.0,0,0.7,0.0,0.7,1,6.75,0.0,0.0,0.0,0.0,0.0,0.0,870.478
5760_dose_850_gradient_0_VconcST_0_Vconc_0.7_run_1.csv,5760.0,850.0,0,0.7,0.0,0.7,1,7.0,0.0,0.0,0.0,0.0,0.0,0.0,891.042
5760_dose_850_gradient_0_VconcST_0_Vconc_0.7_run_1.csv,5760.0,850.0,0,0.7,0.0,0.7,1,7.25,0.0,0.0,0.0,0.0,0.0,0.0,901.574
5760_dose_850_gradient_0_VconcST_0_Vconc_0.7_run_1.csv,5760.0,850.0,0,0.7,0.0,0.7,1,7.5,0.0,0.0,0.0,0.0,0.0,0.0,884.477
5760_dose_850_gradient_0_VconcST_0_Vconc_0.7_run_1.csv,5760.0,850.0,0,0.7,0.0,0.7,1,7.75,0.0,0.0,0.0,0.0,0.0,0.0,916.605
5760_dose_850_gradient_0_VconcST_0_Vconc_0.7_run_1.csv,5760.0,850.0,0,0.7,0.0,0.7,1,8.0,0.0,0.0,0.0,0.0,0.0,0.0,885.656
5760_dose_850_gradient_0_VconcST_0_Vconc_0.7_run_1.csv,5760.0,850.0,0,0.7,0.0,0.7,1,8.25,0.0,0.0,0.0,0.0,0.0,0.0,889.439
5760_dose_850_gradient_0_VconcST_0_Vconc_0.7_run_1.csv,5760.0,850.0,0,0.7,0.0,0.7,1,8.5,0.0,0.0,0.0,0.0,0.0,0.0,902.746
5760_dose_850_gradient_0_VconcST_0_Vconc_0.7_run_1.csv,5760.0,850.0,0,0.7,0.0,0.7,1,8.75,0.0,0.0,0.0,0.0,0.0,0.0,922.401
5760_dose_850_gradient_0_VconcST_0_Vconc_0.7_run_1.csv,5760.0,850.0,0,0.7,0.0,0.7,1,9.0,0.0,0.0,0.0,0.0,0.0,0.0,872.095
5760_dose_850_gradient_0_VconcST_0_Vconc_0.7_run_1.csv,5760.0,850.0,0,0.7,0.0,0.7,1,9.25,0.0,0.0,0.0,0.0,0.0,0.0,939.478
5760_dose_850_gradient_0_VconcST_0_Vconc_0.7_run_1.csv,5760.0,850.0,0,0.7,0.0,0.7,1,9.5,0.0,0.0,0.0,0.0,0.0,0.0,887.329
5760_dose_850_gradient_0_VconcST_0_Vconc_0.7_run_1.csv,5760.0,850.0,0,0.7,0.0,0.7,1,9.75,0.0,0.0,0.0,0.0,0.0,0.0,898.904
5760_dose_850_gradient_0_VconcST_0_Vconc_0.7_run_1.csv,5760.0,850.0,0,0.7,0.0,0.7,1,10.0,0.0,0.0,0.0,0.0,0.0,0.0,930.166
5760_dose_850_gradient_0_VconcST_0_Vconc_0.7_run_1.csv,5760.0,850.0,0,0.7,0.0,0.7,1,10.25,0.0,0.0,0.0,0.0,0.0,0.0,855.916
5760_dose_850_gradient_0_VconcST_0_Vconc_0.7_run_1.csv,5760.0,850.0,0,0.7,0.0,0.7,1,10.5,0.0,0.0,0.0,0.0,0.0,0.0,922.708
5760_dose_850_gradient_0_VconcST_0_Vconc_0.7_run_1.csv,5760.0,850.0,0,0.7,0.0,0.7,1,10.75,0.0,0.0,0.0,0.0,0.0,0.0,859.559
5760_dose_850_gradient_0_VconcST_0_Vconc_0.7_run_1.csv,5760.0,850.0,0,0.7,0.0,0.7,1,11.0,0.0,0.0,0.0,0.0,0.0,0.0,913.55
5760_dose_850_gradient_0_VconcST_0_Vconc_0.7_run_1.csv,5760.0,850.0,0,0.7,0.0,0.7,1,11.25,0.0,0.0,0.0,0.0,0.0,0.0,918.66
5760_dose_850_gradient_0_VconcST_0_Vconc_0.7_run_1.csv,5760.0,850.0,0,0.7,0.0,0.7,1,11.5,0.0,0.0,0.0,0.0,0.0,0.0,881.108
5760_dose_850_gradient_0_VconcST_0_Vconc_0.7_run_1.csv,5760.0,850.0,0,0.7,0.0,0.7,1,11.75,0.0,0.0,0.0,0.0,0.0,0.0,905.374
5760_dose_850_gradient_0_VconcST_0_Vconc_0.7_run_1.csv,5760.0,850.0,0,0.7,0.0,0.7,1,12.0,0.0,0.0,0.0,0.0,0.0,0.0,913.164
5760_dose_850_gradient_0_VconcST_0_Vconc_0.7_run_1.csv,5760.0,850.0,0,0.7,0.0,0.7,1,12.25,0.0,0.0,0.0,0.0,0.0,0.0,892.363
5760_dose_850_gradient_0_VconcST_0_Vconc_0.7_run_1.csv,5760.0,850.0,0,0.7,0.0,0.7,1,12.5,0.0,0.0,0.0,0.0,0.0,0.0,948.548
5760_dose_850_gradient_0_VconcST_0_Vconc_0.7_run_1.csv,5760.0,850.0,0,0.7,0.0,0.7,1,12.75,0.0,0.0,0.0,0.0,0.0,0.0,882.523
5760_dose_850_gradient_0_VconcST_0_Vconc_0.7_run_1.csv,5760.0,850.0,0,0.7,0.0,0.7,1,13.0,0.0,0.0,0.0,0.0,0.0,0.0,938.062
5760_dose_850_gradient_0_VconcST_0_Vconc_0.7_run_1.csv,5760.0,850.0,0,0.7,0.0,0.7,1,13.25,0.0,0.0,0.0,0.0,0.0,0.0,891.352
5760_dose_850_gradient_0_VconcST_0_Vconc_0.7_run_1.csv,5760.0,850.0,0,0.7,0.0,0.7,1,13.5,0.0,0.0,0.0,0.0,0.0,0.0,874.532
5760_dose_850_gradient_0_VconcST_0_Vconc_0.7_run_1.csv,5760.0,850.0,0,0.7,0.0,0.7,1,13.75,0.0,0.0,0.0,0.0,0.0,0.0,923.862
5760_dose_850_gradient_0_VconcST_0_Vconc_0.7_run_1.csv,5760.0,850.0,0,0.7,0.0,0.7,1,14.0,0.0,0.0,0.0,0.0,0.0,0.0,917.035
5760_dose_850_gradient_0_VconcST_0_Vconc_0.7_run_1.csv,5760.0,850.0,0,0.7,0.0,0.7,1,14.25,0.0,0.0,0.0,0.0,0.0,0.0,912.258
5760_dose_850_gradient_0_VconcST_0_Vconc_0.7_run_1.csv,5760.0,850.0,0,0.7,0.0,0.7,1,14.5,0.0,0.0,0.0,0.0,0.0,0.0,903.804
5760_dose_850_gradient_0_VconcST_0_Vconc_0.7_run_1.csv,5760.0,850.0,0,0.7,0.0,0.7,1,14.75,0.0,0.0,0.0,0.0,0.0,0.0,857.939
5760_dose_850_gradient_0_VconcST_0_Vconc_0.7_run_1.csv,5760.0,850.0,0,0.7,0.0,0.7,1,15.0,0.0,0.0,0.0,0.0,0.0,0.0,990.761
5760_dose_850_gradient_0_VconcST_0_Vconc_0.7_run_1.csv,5760.0,850.0,0,0.7,0.0,0.7,1,15.25,0.0,0.0,0.0,0.0,0.0,0.0,839.066
5760_dose_850_gradient_0_VconcST_0_Vconc_0.7_run_1.csv,5760.0,850.0,0,0.7,0.0,0.7,1,15.5,0.0,0.0,0.0,0.0,0.0,0.0,996.231
5760_dose_850_gradient_0_VconcST_0_Vconc_0.7_run_1.csv,5760.0,850.0,0,0.7,0.0,0.7,1,15.75,0.0,0.0,0.0,0.0,0.0,0.0,853.61
5760_dose_850_gradient_0_VconcST_0_Vconc_0.7_run_1.csv,5760.0,850.0,0,0.7,0.0,0.7,1,16.0,0.0,0.0,0.0,0.0,0.0,0.0,913.771
5760_dose_850_gradient_0_VconcST_0_Vconc_0.7_run_1.csv,5760.0,850.0,0,0.7,0.0,0.7,1,16.25,0.0,0.0,0.0,0.0,0.0,0.0,940.628
5760_dose_850_gradient_0_VconcST_0_Vconc_0.7_run_1.csv,5760.0,850.0,0,0.7,0.0,0.7,1,16.5,0.0,0.0,0.0,0.0,0.0,0.0,881.065
5760_dose_850_gradient_0_VconcST_0_Vconc_0.7_run_1.csv,5760.0,850.0,0,0.7,0.0,0.7,1,16.75,0.0,0.0,0.0,0.0,0.0,0.0,985.109
5760_dose_850_gradient_0_VconcST_0_Vconc_0.7_run_1.csv,5760.0,850.0,0,0.7,0.0,0.7,1,17.0,0.0,0.0,0.0,0.0,0.0,0.0,888.487
5760_dose_850_gradient_0_VconcST_0_Vconc_0.7_run_1.csv,5760.0,850.0,0,0.7,0.0,0.7,1,17.25,0.0,0.0,0.0,0.0,0.0,0.0,920.081
5760_dose_850_gradient_0_VconcST_0_Vconc_0.7_run_1.csv,5760.0,850.0,0,0.7,0.0,0.7,1,17.5,0.0,0.0,0.0,0.0,0.0,0.0,943.95
5760_dose_850_gradient_0_VconcST_0_Vconc_0.7_run_1.csv,5760.0,850.0,0,0.7,0.0,0.7,1,17.75,0.0,0.0,0.0,0.0,0.0,0.0,915.337
5760_dose_850_gradient_0_VconcST_0_Vconc_0.7_run_1.csv,5760.0,850.0,0,0.7,0.0,0.7,1,18.0,0.0,0.0,0.0,0.0,0.0,0.0,937.006
5760_dose_850_gradient_0_VconcST_0_Vconc_0.7_run_1.csv,5760.0,850.0,0,0.7,0.0,0.7,1,18.25,0.0,0.0,0.0,0.0,0.0,0.0,926.639
5760_dose_850_gradient_0_VconcST_0_Vconc_0.7_run_1.csv,5760.0,850.0,0,0.7,0.0,0.7,1,18.5,0.0,0.0,0.0,0.0,0.0,0.0,959.647
5760_dose_850_gradient_0_VconcST_0_Vconc_0.7_run_1.csv,5760.0,850.0,0,0.7,0.0,0.7,1,18.75,0.0,0.0,0.0,0.0,0.0,0.0,870.19
5760_dose_850_gradient_0_VconcST_0_Vconc_0.7_run_1.csv,5760.0,850.0,0,0.7,0.0,0.7,1,19.0,0.0,0.0,0.0,0.0,0.0,0.0,954.93
5760_dose_850_gradient_0_VconcST_0_Vconc_0.7_run_1.csv,5760.0,850.0,0,0.7,0.0,0.7,1,19.25,0.0,0.0,0.0,0.0,0.0,0.0,945.231
5760_dose_850_gradient_0_VconcST_0_Vconc_0.7_run_1.csv,5760.0,850.0,0,0.7,0.0,0.7,1,19.5,0.0,0.0,0.0,0.0,0.0,0.0,974.597
5760_dose_850_gradient_0_VconcST_0_Vconc_0.7_run_1.csv,5760.0,850.0,0,0.7,0.0,0.7,1,19.75,0.0,0.0,0.0,0.0,0.0,0.0,968.561
5760_dose_850_gradient_0_VconcST_0_Vconc_0.7_run_1.csv,5760.0,850.0,0,0.7,0.0,0.7,1,20.0,0.0,0.0,0.0,0.0,0.0,0.0,964.302
5760_dose_850_gradient_0_VconcST_0_Vconc_0.7_run_1.csv,5760.0,850.0,0,0.7,0.0,0.7,1,20.25,0.0,0.0,0.0,0.0,0.0,0.0,922.487
5760_dose_850_gradient_0_VconcST_0_Vconc_0.7_run_1.csv,5760.0,850.0,0,0.7,0.0,0.7,1,20.5,0.0,0.0,0.0,0.0,0.0,0.0,1043.1
5760_dose_850_gradient_0_VconcST_0_Vconc_0.7_run_1.csv,5760.0,850.0,0,0.7,0.0,0.7,1,20.75,0.0,0.0,0.0,0.0,0.0,0.0,955.903
5760_dose_850_gradient_0_VconcST_0_Vconc_0.7_run_1.csv,5760.0,850.0,0,0.7,0.0,0.7,1,21.0,0.0,0.0,0.0,0.0,0.0,0.0,1027.04
5760_dose_850_gradient_0_VconcST_0_Vconc_0.7_run_1.csv,5760.0,850.0,0,0.7,0.0,0.7,1,21.25,0.0,0.0,0.0,0.0,0.0,0.0,1042.55
5760_dose_850_gradient_0_VconcST_0_Vconc_0.7_run_1.csv,5760.0,850.0,0,0.7,0.0,0.7,1,21.5,0.0,0.0,0.0,0.0,0.0,0.0,963.444
5760_dose_850_gradient_0_VconcST_0_Vconc_0.7_run_1.csv,5760.0,850.0,0,0.7,0.0,0.7,1,21.75,0.0,0.0,0.0,0.0,0.0,0.0,1086.23
5760_dose_850_gradient_0_VconcST_0_Vconc_0.7_run_1.csv,5760.0,850.0,0,0.7,0.0,0.7,1,22.0,0.0,0.0,0.0,0.0,0.0,0.0,1067.6
5760_dose_850_gradient_0_VconcST_0_Vconc_0.7_run_1.csv,5760.0,850.0,0,0.7,0.0,0.7,1,22.25,0.0,0.0,0.0,0.0,0.0,0.0,1054.74
5760_dose_850_gradient_0_VconcST_0_Vconc_0.7_run_1.csv,5760.0,850.0,0,0.7,0.0,0.7,1,22.5,0.0,0.0,0.0,0.0,0.0573611,0.0,1179.23
5760_dose_850_gradient_0_VconcST_0_Vconc_0.7_run_1.csv,5760.0,850.0,0,0.7,0.0,0.7,1,22.75,0.0,0.0,0.0,0.0,0.135495,0.0,1206.01
5760_dose_850_gradient_0_VconcST_0_Vconc_0.7_run_1.csv,5760.0,850.0,0,0.7,0.0,0.7,1,23.0,0.0,0.0,0.0,0.0,0.154167,0.0,1138.84
5760_dose_850_gradient_0_VconcST_0_Vconc_0.7_run_1.csv,5760.0,850.0,0,0.7,0.0,0.7,1,23.25,0.0,0.0,0.0,0.0,0.253125,0.0,1276.89
5760_dose_850_gradient_0_VconcST_0_Vconc_0.7_run_1.csv,5760.0,850.0,0,0.7,0.0,0.7,1,23.5,0.0,0.0,0.0,0.0,0.367708,0.0,1274.71
5760_dose_850_gradient_0_VconcST_0_Vconc_0.7_run_1.csv,5760.0,850.0,0,0.7,0.0,0.7,1,23.75,0.0,0.0,0.0,0.0,0.486458,0.0,1268.56
5760_dose_850_gradient_0_VconcST_0_Vconc_0.7_run_1.csv,5760.0,850.0,0,0.7,0.0,0.7,1,24.0,56.8541,850.0,0.0221429,56.8541,0.553125,0.0,1282.16
5760_dose_850_gradient_0_VconcST_0_Vconc_0.7_run_1.csv,5760.0,850.0,0,0.7,0.0,0.7,1,24.25,3431.91,835.508,1.33662,3431.91,0.0,0.999941,0.0621228
5760_dose_850_gradient_0_VconcST_0_Vconc_0.7_run_1.csv,5760.0,850.0,0,0.7,0.0,0.7,1,24.5,6736.63,821.264,2.62371,6736.63,0.0,0.99997,0.0430092
5760_dose_850_gradient_0_VconcST_0_Vconc_0.7_run_1.csv,5760.0,850.0,0,0.7,0.0,0.7,1,24.75,9972.25,807.263,3.88388,9972.25,0.0,0.99998,0.0263767
5760_dose_850_gradient_0_VconcST_0_Vconc_0.7_run_1.csv,5760.0,850.0,0,0.7,0.0,0.7,1,25.0,13140.0,793.5,5.11763,13140.0,0.0,0.999985,0.0190641
5760_dose_850_gradient_0_VconcST_0_Vconc_0.7_run_1.csv,5760.0,850.0,0,0.7,0.0,0.7,1,25.25,16241.1,779.971,6.32541,16241.1,0.0,0.999988,0.0150773
5760_dose_850_gradient_0_VconcST_0_Vconc_0.7_run_1.csv,5760.0,850.0,0,0.7,0.0,0.7,1,25.5,19276.7,766.674,7.50769,19276.7,0.0,0.99999,0.0124017
5760_dose_850_gradient_0_VconcST_0_Vconc_0.7_run_1.csv,5760.0,850.0,0,0.7,0.0,0.7,1,25.75,22248.0,753.603,8.66492,22248.0,0.0,0.999991,0.0106225
5760_dose_850_gradient_0_VconcST_0_Vconc_0.7_run_1.csv,5760.0,850.0,0,0.7,0.0,0.7,1,26.0,25156.1,740.755,9.79754,25156.1,0.0,0.999992,0.00934049
5760_dose_850_gradient_0_VconcST_0_Vconc_0.7_run_1.csv,5760.0,850.0,0,0.7,0.0,0.7,1,26.25,28002.2,728.126,10.906,28002.2,0.0,0.999993,0.00826062
5760_dose_850_gradient_0_VconcST_0_Vconc_0.7_run_1.csv,5760.0,850.0,0,0.7,0.0,0.7,1,26.5,30787.4,715.712,11.9907,30787.4,0.0,0.999994,0.00746943
5760_dose_850_gradient_0_VconcST_0_Vconc_0.7_run_1.csv,5760.0,850.0,0,0.7,0.0,0.7,1,26.75,33512.7,703.51,13.0521,33512.7,0.0,0.999994,0.00686051
5760_dose_850_gradient_0_VconcST_0_Vconc_0.7_run_1.csv,5760.0,850.0,0,0.7,0.0,0.7,1,27.0,36179.2,691.516,14.0907,36179.2,0.0,0.999995,0.00633281
5760_dose_850_gradient_0_VconcST_0_Vconc_0.7_run_1.csv,5760.0,850.0,0,0.7,0.0,0.7,1,27.25,38787.9,679.726,15.1067,38787.9,0.0,0.999995,0.00587639
5760_dose_850_gradient_0_VconcST_0_Vconc_0.7_run_1.csv,5760.0,850.0,0,0.7,0.0,0.7,1,27.5,41340.0,668.138,16.1006,41340.0,0.0,0.999995,0.00547851
5760_dose_850_gradient_0_VconcST_0_Vconc_0.7_run_1.csv,5760.0,850.0,0,0.7,0.0,0.7,1,27.75,43836.3,656.747,17.0729,43836.3,0.0,0.999995,0.0051454
5760_dose_850_gradient_0_VconcST_0_Vconc_0.7_run_1.csv,5760.0,850.0,0,0.7,0.0,0.7,1,28.0,46278.0,645.55,18.0238,46278.0,0.0,0.999996,0.00488653
5760_dose_850_gradient_0_VconcST_0_Vconc_0.7_run_1.csv,5760.0,850.0,0,0.7,0.0,0.7,1,28.25,48665.9,634.544,18.9539,48665.9,0.0,0.999996,0.00461767
5760_dose_850_gradient_0_VconcST_0_Vconc_0.7_run_1.csv,5760.0,850.0,0,0.7,0.0,0.7,1,28.5,51001.1,623.726,19.8634,51001.1,0.0,0.999996,0.00442301
5760_dose_850_gradient_0_VconcST_0_Vconc_0.7_run_1.csv,5760.0,850.0,0,0.7,0.0,0.7,1,28.75,53284.5,613.093,20.7527,53284.5,0.0,0.999996,0.00422929
5760_dose_850_gradient_0_VconcST_0_Vconc_0.7_run_1.csv,5760.0,850.0,0,0.7,0.0,0.7,1,29.0,55517.0,602.64,21.6222,55517.0,0.0,0.999996,0.00402806
5760_dose_850_gradient_0_VconcST_0_Vconc_0.7_run_1.csv,5760.0,850.0,0,0.7,0.0,0.7,1,29.25,57699.5,592.366,22.4722,57699.5,0.0,0.999997,0.00389642
5760_dose_850_gradient_0_VconcST_0_Vconc_0.7_run_1.csv,5760.0,850.0,0,0.7,0.0,0.7,1,29.5,59833.0,582.267,23.3031,59833.0,0.0,0.999997,0.00377279
5760_dose_850_gradient_0_VconcST_0_Vconc_0.7_run_1.csv,5760.0,850.0,0,0.7,0.0,0.7,1,29.75,61918.2,572.34,24.1152,61918.2,0.0,0.999997,0.00363812
5760_dose_850_gradient_0_VconcST_0_Vconc_0.7_run_1.csv,5760.0,850.0,0,0.7,0.0,0.7,1,30.0,63956.1,562.582,24.9089,63956.1,0.0,0.999997,0.00350851
5760_dose_850_gradient_0_VconcST_0_Vconc_0.7_run_1.csv,5760.0,850.0,0,0.7,0.0,0.7,1,30.25,65947.6,552.991,25.6845,65947.6,0.0,0.999997,0.00337765
5760_dose_850_gradient_0_VconcST_0_Vconc_0.7_run_1.csv,5760.0,850.0,0,0.7,0.0,0.7,1,30.5,67893.4,543.563,26.4424,67893.4,0.0,0.999997,0.00336831
5760_dose_850_gradient_0_VconcST_0_Vconc_0.7_run_1.csv,5760.0,850.0,0,0.7,0.0,0.7,1,30.75,69794.4,534.296,27.1827,69794.4,0.0,0.999997,0.00323464
5760_dose_850_gradient_0_VconcST_0_Vconc_0.7_run_1.csv,5760.0,850.0,0,0.7,0.0,0.7,1,31.0,71651.4,525.187,27.906,71651.4,0.0,0.999997,0.00317019
5760_dose_850_gradient_0_VconcST_0_Vconc_0.7_run_1.csv,5760.0,850.0,0,0.7,0.0,0.7,1,31.25,73465.2,516.233,28.6124,73465.2,0.0,0.999997,0.00310426
5760_dose_850_gradient_0_VconcST_0_Vconc_0.7_run_1.csv,5760.0,850.0,0,0.7,0.0,0.7,1,31.5,75236.4,507.432,29.3023,75236.4,0.0,0.999997,0.00304086
5760_dose_850_gradient_0_VconcST_0_Vconc_0.7_run_1.csv,5760.0,850.0,0,0.7,0.0,0.7,1,31.75,76966.1,498.781,29.9759,76966.1,0.0,0.999997,0.00297028
5760_dose_850_gradient_0_VconcST_0_Vconc_0.7_run_1.csv,5760.0,850.0,0,0.7,0.0,0.7,1,32.0,78654.9,490.277,30.6336,78654.9,0.0,0.999997,0.00291457
5760_dose_850_gradient_0_VconcST_0_Vconc_0.7_run_1.csv,5760.0,850.0,0,0.7,0.0,0.7,1,32.25,80303.5,481.918,31.2757,80303.5,0.0,0.999997,0.00283914
5760_dose_850_gradient_0_VconcST_0_Vconc_0.7_run_1.csv,5760.0,850.0,0,0.7,0.0,0.7,1,32.5,81912.7,473.702,31.9024,81912.7,0.0,0.999997,0.00277839
5760_dose_850_gradient_0_VconcST_0_Vconc_0.7_run_1.csv,5760.0,850.0,0,0.7,0.0,0.7,1,32.75,83483.1,465.626,32.5141,83483.1,0.0,0.999998,0.00270625
5760_dose_850_gradient_0_VconcST_0_Vconc_0.7_run_1.csv,5760.0,850.0,0,0.7,0.0,0.7,1,33.0,85015.5,457.688,33.1109,85015.5,0.0,0.999998,0.00264108
5760_dose_850_gradient_0_VconcST_0_Vconc_0.7_run_1.csv,5760.0,850.0,0,0.7,0.0,0.7,1,33.25,86510.6,449.885,33.6932,86510.6,0.0,0.999998,0.00264053
5760_dose_850_gradient_0_VconcST_0_Vconc_0.7_run_1.csv,5760.0,850.0,0,0.7,0.0,0.7,1,33.5,87969.0,442.215,34.2612,87969.0,0.0,0.999998,0.00257904
5760_dose_850_gradient_0_VconcST_0_Vconc_0.7_run_1.csv,5760.0,850.0,0,0.7,0.0,0.7,1,33.75,89391.4,434.676,34.8152,89391.4,0.0,0.999998,0.00250673
5760_dose_850_gradient_0_VconcST_0_Vconc_0.7_run_1.csv,5760.0,850.0,0,0.7,0.0,0.7,1,34.0,90778.5,427.265,35.3554,90778.5,0.0,0.999998,0.00250902
5760_dose_850_gradient_0_VconcST_0_Vconc_0.7_run_1.csv,5760.0,850.0,0,0.7,0.0,0.7,1,34.25,92130.9,419.981,35.8821,92130.9,0.0,0.999998,0.00244455
5760_dose_850_gradient_0_VconcST_0_Vconc_0.7_run_1.csv,5760.0,850.0,0,0.7,0.0,0.7,1,34.5,93449.3,412.82,36.3956,93449.3,0.0,0.999998,0.00244738
5760_dose_850_gradient_0_VconcST_0_Vconc_0.7_run_1.csv,5760.0,850.0,0,0.7,0.0,0.7,1,34.75,94734.2,405.782,36.896,94734.2,0.0,0.999998,0.0023748
5760_dose_850_gradient_0_VconcST_0_Vconc_0.7_run_1.csv,5760.0,850.0,0,0.7,0.0,0.7,1,35.0,95986.3,398.864,37.3837,95986.3,0.0,0.999998,0.00237622
5760_dose_850_gradient_0_VconcST_0_Vconc_0.7_run_1.csv,5760.0,850.0,0,0.7,0.0,0.7,1,35.25,97206.2,392.064,37.8588,97206.2,0.0,0.999998,0.00231095
5760_dose_850_gradient_0_VconcST_0_Vconc_0.7_run_1.csv,5760.0,850.0,0,0.7,0.0,0.7,1,35.5,98394.4,385.38,38.3216,98394.4,0.0,0.999998,0.00231468
5760_dose_850_gradient_0_VconcST_0_Vconc_0.7_run_1.csv,5760.0,850.0,0,0.7,0.0,0.7,1,35.75,99551.6,378.81,38.7723,99551.6,0.0,0.999998,0.0022472
5760_dose_850_gradient_0_VconcST_0_Vconc_0.7_run_1.csv,5760.0,850.0,0,0.7,0.0,0.7,1,36.0,100678.0,372.352,39.2111,100678.0,0.0,0.999998,0.00224444
5760_dose_850_gradient_0_VconcST_0_Vconc_0.7_run_1.csv,5760.0,850.0,0,0.7,0.0,0.7,1,36.25,101775.0,366.004,39.6383,101775.0,0.0,0.999998,0.00224287
5760_dose_850_gradient_0_VconcST_0_Vconc_0.7_run_1.csv,5760.0,850.0,0,0.7,0.0,0.7,1,36.5,102843.0,359.764,40.054,102843.0,0.0,0.999998,0.0021782
5760_dose_850_gradient_0_VconcST_0_Vconc_0.7_run_1.csv,5760.0,850.0,0,0.7,0.0,0.7,1,36.75,103881.0,353.63,40.4585,103881.0,0.0,0.999998,0.0021769
5760_dose_850_gradient_0_VconcST_0_Vconc_0.7_run_1.csv,5760.0,850.0,0,0.7,0.0,0.7,1,37.0,104892.0,347.601,40.852,104892.0,0.0,0.999998,0.00217797
5760_dose_850_gradient_0_VconcST_0_Vconc_0.7_run_1.csv,5760.0,850.0,0,0.7,0.0,0.7,1,37.25,105874.0,341.675,41.2347,105874.0,0.0,0.999998,0.00211925
5760_dose_850_gradient_0_VconcST_0_Vconc_0.7_run_1.csv,5760.0,850.0,0,0.7,0.0,0.7,1,37.5,106829.0,335.85,41.6068,106829.0,0.0,0.999998,0.00211658
5760_dose_850_gradient_0_VconcST_0_Vconc_0.7_run_1.csv,5760.0,850.0,0,0.7,0.0,0.7,1,37.75,107758.0,330.124,41.9684,107758.0,0.0,0.999998,0.00211094
5760_dose_850_gradient_0_VconcST_0_Vconc_0.7_run_1.csv,5760.0,850.0,0,0.7,0.0,0.7,1,38.0,108660.0,324.496,42.3198,108660.0,0.0,0.999998,0.00204498
5760_dose_850_gradient_0_VconcST_0_Vconc_0.7_run_1.csv,5760.0,850.0,0,0.7,0.0,0.7,1,38.25,109537.0,318.964,42.6612,109537.0,0.0,0.999998,0.00204641
5760_dose_850_gradient_0_VconcST_0_Vconc_0.7_run_1.csv,5760.0,850.0,0,0.7,0.0,0.7,1,38.5,110388.0,313.526,42.9927,110388.0,0.0,0.999998,0.0020495
5760_dose_850_gradient_0_VconcST_0_Vconc_0.7_run_1.csv,5760.0,850.0,0,0.7,0.0,0.7,1,38.75,111214.0,308.181,43.3146,111214.0,0.0,0.999998,0.00204598
5760_dose_850_gradient_0_VconcST_0_Vconc_0.7_run_1.csv,5760.0,850.0,0,0.7,0.0,0.7,1,39.0,112016.0,302.926,43.627,112016.0,0.0,0.999998,0.00204785
5760_dose_850_gradient_0_VconcST_0_Vconc_0.7_run_1.csv,5760.0,850.0,0,0.7,0.0,0.7,1,39.25,112795.0,297.762,43.93,112795.0,0.0,0.999998,0.001979
5760_dose_850_gradient_0_VconcST_0_Vconc_0.7_run_1.csv,5760.0,850.0,0,0.7,0.0,0.7,1,39.5,113549.0,292.685,44.2239,113549.0,0.0,0.999998,0.00198081
5760_dose_850_gradient_0_VconcST_0_Vconc_0.7_run_1.csv,5760.0,850.0,0,0.7,0.0,0.7,1,39.75,114281.0,287.695,44.5089,114281.0,0.0,0.999998,0.00198283
5760_dose_850_gradient_0_VconcST_0_Vconc_0.7_run_1.csv,5760.0,850.0,0,0.7,0.0,0.7,1,40.0,114990.0,282.791,44.7851,114990.0,0.0,0.999998,0.00198137
5760_dose_850_gradient_0_VconcST_0_Vconc_0.7_run_1.csv,5760.0,850.0,0,0.7,0.0,0.7,1,40.25,115677.0,277.969,45.0526,115677.0,0.0,0.999998,0.00198603
5760_dose_850_gradient_0_VconcST_0_Vconc_0.7_run_1.csv,5760.0,850.0,0,0.7,0.0,0.7,1,40.5,116342.0,273.23,45.3116,116342.0,0.0,0.999998,0.00191793
5760_dose_850_gradient_0_VconcST_0_Vconc_0.7_run_1.csv,5760.0,850.0,0,0.7,0.0,0.7,1,40.75,116986.0,268.572,45.5624,116986.0,0.0,0.999998,0.00191302
5760_dose_850_gradient_0_VconcST_0_Vconc_0.7_run_1.csv,5760.0,850.0,0,0.7,0.0,0.7,1,41.0,117609.0,263.993,45.805,117609.0,0.0,0.999998,0.00191632
5760_dose_850_gradient_0_VconcST_0_Vconc_0.7_run_1.csv,5760.0,850.0,0,0.7,0.0,0.7,1,41.25,118211.0,259.492,46.0396,118211.0,0.0,0.999998,0.00191961
5760_dose_850_gradient_0_VconcST_0_Vconc_0.7_run_1.csv,5760.0,850.0,0,0.7,0.0,0.7,1,41.5,118793.0,255.068,46.2663,118793.0,0.0,0.999998,0.00191302
5760_dose_850_gradient_0_VconcST_0_Vconc_0.7_run_0.csv,5760.0,850.0,0,0.7,0.0,0.7,0,0.0,0.0,0.0,0.0,0.0,0.0,0.0,0.0
5760_dose_850_gradient_0_VconcST_0_Vconc_0.7_run_0.csv,5760.0,850.0,0,0.7,0.0,0.7,0,0.25,0.0,0.0,0.0,0.0,0.0,0.0,1666.93
5760_dose_850_gradient_0_VconcST_0_Vconc_0.7_run_0.csv,5760.0,850.0,0,0.7,0.0,0.7,0,0.5,0.0,0.0,0.0,0.0,0.0,0.0,273.439
5760_dose_850_gradient_0_VconcST_0_Vconc_0.7_run_0.csv,5760.0,850.0,0,0.7,0.0,0.7,0,0.75,0.0,0.0,0.0,0.0,0.0,0.0,1411.86
5760_dose_850_gradient_0_VconcST_0_Vconc_0.7_run_0.csv,5760.0,850.0,0,0.7,0.0,0.7,0,1.0,0.0,0.0,0.0,0.0,0.0,0.0,477.631
5760_dose_850_gradient_0_VconcST_0_Vconc_0.7_run_0.csv,5760.0,850.0,0,0.7,0.0,0.7,0,1.25,0.0,0.0,0.0,0.0,0.0,0.0,1261.6
5760_dose_850_gradient_0_VconcST_0_Vconc_0.7_run_0.csv,5760.0,850.0,0,0.7,0.0,0.7,0,1.5,0.0,0.0,0.0,0.0,0.0,0.0,612.527
5760_dose_850_gradient_0_VconcST_0_Vconc_0.7_run_0.csv,5760.0,850.0,0,0.7,0.0,0.7,0,1.75,0.0,0.0,0.0,0.0,0.0,0.0,1141.11
5760_dose_850_gradient_0_VconcST_0_Vconc_0.7_run_0.csv,5760.0,850.0,0,0.7,0.0,0.7,0,2.0,0.0,0.0,0.0,0.0,0.0,0.0,703.1
5760_dose_850_gradient_0_VconcST_0_Vconc_0.7_run_0.csv,5760.0,850.0,0,0.7,0.0,0.7,0,2.25,0.0,0.0,0.0,0.0,0.0,0.0,1058.22
5760_dose_850_gradient_0_VconcST_0_Vconc_0.7_run_0.csv,5760.0,850.0,0,0.7,0.0,0.7,0,2.5,0.0,0.0,0.0,0.0,0.0,0.0,775.166
5760_dose_850_gradient_0_VconcST_0_Vconc_0.7_run_0.csv,5760.0,850.0,0,0.7,0.0,0.7,0,2.75,0.0,0.0,0.0,0.0,0.0,0.0,986.79
5760_dose_850_gradient_0_VconcST_0_Vconc_0.7_run_0.csv,5760.0,850.0,0,0.7,0.0,0.7,0,3.0,0.0,0.0,0.0,0.0,0.0,0.0,812.455
5760_dose_850_gradient_0_VconcST_0_Vconc_0.7_run_0.csv,5760.0,850.0,0,0.7,0.0,0.7,0,3.25,0.0,0.0,0.0,0.0,0.0,0.0,950.959
5760_dose_850_gradient_0_VconcST_0_Vconc_0.7_run_0.csv,5760.0,850.0,0,0.7,0.0,0.7,0,3.5,0.0,0.0,0.0,0.0,0.0,0.0,853.239
5760_dose_850_gradient_0_VconcST_0_Vconc_0.7_run_0.csv,5760.0,850.0,0,0.7,0.0,0.7,0,3.75,0.0,0.0,0.0,0.0,0.0,0.0,904.892
5760_dose_850_gradient_0_VconcST_0_Vconc_0.7_run_0.csv,5760.0,850.0,0,0.7,0.0,0.7,0,4.0,0.0,0.0,0.0,0.0,0.0,0.0,887.754
5760_dose_850_gradient_0_VconcST_0_Vconc_0.7_run_0.csv,5760.0,850.0,0,0.7,0.0,0.7,0,4.25,0.0,0.0,0.0,0.0,0.0,0.0,898.353
5760_dose_850_gradient_0_VconcST_0_Vconc_0.7_run_0.csv,5760.0,850.0,0,0.7,0.0,0.7,0,4.5,0.0,0.0,0.0,0.0,0.0,0.0,920.973
5760_dose_850_gradient_0_VconcST_0_Vconc_0.7_run_0.csv,5760.0,850.0,0,0.7,0.0,0.7,0,4.75,0.0,0.0,0.0,0.0,0.0,0.0,854.783
5760_dose_850_gradient_0_VconcST_0_Vconc_0.7_run_0.csv,5760.0,850.0,0,0.7,0.0,0.7,0,5.0,0.0,0.0,0.0,0.0,0.0,0.0,941.157
5760_dose_850_gradient_0_VconcST_0_Vconc_0.7_run_0.csv,5760.0,850.0,0,0.7,0.0,0.7,0,5.25,0.0,0.0,0.0,0.0,0.0,0.0,872.544
5760_dose_850_gradient_0_VconcST_0_Vconc_0.7_run_0.csv,5760.0,850.0,0,0.7,0.0,0.7,0,5.5,0.0,0.0,0.0,0.0,0.0,0.0,939.535
5760_dose_850_gradient_0_VconcST_0_Vconc_0.7_run_0.csv,5760.0,850.0,0,0.7,0.0,0.7,0,5.75,0.0,0.0,0.0,0.0,0.0,0.0,870.83
5760_dose_850_gradient_0_VconcST_0_Vconc_0.7_run_0.csv,5760.0,850.0,0,0.7,0.0,0.7,0,6.0,0.0,0.0,0.0,0.0,0.0,0.0,900.586
5760_dose_850_gradient_0_VconcST_0_Vconc_0.7_run_0.csv,5760.0,850.0,0,0.7,0.0,0.7,0,6.25,0.0,0.0,0.0,0.0,0.0,0.0,896.748
5760_dose_850_gradient_0_VconcST_0_Vconc_0.7_run_0.csv,5760.0,850.0,0,0.7,0.0,0.7,0,6.5,0.0,0.0,0.0,0.0,0.0,0.0,881.558
5760_dose_850_gradient_0_VconcST_0_Vconc_0.7_run_0.csv,5760.0,850.0,0,0.7,0.0,0.7,0,6.75,0.0,0.0,0.0,0.0,0.0,0.0,887.983
5760_dose_850_gradient_0_VconcST_0_Vconc_0.7_run_0.csv,5760.0,850.0,0,0.7,0.0,0.7,0,7.0,0.0,0.0,0.0,0.0,0.0,0.0,905.668
5760_dose_850_gradient_0_VconcST_0_Vconc_0.7_run_0.csv,5760.0,850.0,0,0.7,0.0,0.7,0,7.25,0.0,0.0,0.0,0.0,0.0,0.0,893.702
5760_dose_850_gradient_0_VconcST_0_Vconc_0.7_run_0.csv,5760.0,850.0,0,0.7,0.0,0.7,0,7.5,0.0,0.0,0.0,0.0,0.0,0.0,878.346
5760_dose_850_gradient_0_VconcST_0_Vconc_0.7_run_0.csv,5760.0,850.0,0,0.7,0.0,0.7,0,7.75,0.0,0.0,0.0,0.0,0.0,0.0,894.085
5760_dose_850_gradient_0_VconcST_0_Vconc_0.7_run_0.csv,5760.0,850.0,0,0.7,0.0,0.7,0,8.0,0.0,0.0,0.0,0.0,0.0,0.0,908.272
5760_dose_850_gradient_0_VconcST_0_Vconc_0.7_run_0.csv,5760.0,850.0,0,0.7,0.0,0.7,0,8.25,0.0,0.0,0.0,0.0,0.0,0.0,837.581
5760_dose_850_gradient_0_VconcST_0_Vconc_0.7_run_0.csv,5760.0,850.0,0,0.7,0.0,0.7,0,8.5,0.0,0.0,0.0,0.0,0.0,0.0,933.753
5760_dose_850_gradient_0_VconcST_0_Vconc_0.7_run_0.csv,5760.0,850.0,0,0.7,0.0,0.7,0,8.75,0.0,0.0,0.0,0.0,0.0,0.0,896.915
5760_dose_850_gradient_0_VconcST_0_Vconc_0.7_run_0.csv,5760.0,850.0,0,0.7,0.0,0.7,0,9.0,0.0,0.0,0.0,0.0,0.0,0.0,850.154
5760_dose_850_gradient_0_VconcST_0_Vconc_0.7_run_0.csv,5760.0,850.0,0,0.7,0.0,0.7,0,9.25,0.0,0.0,0.0,0.0,0.0,0.0,929.576
5760_dose_850_gradient_0_VconcST_0_Vconc_0.7_run_0.csv,5760.0,850.0,0,0.7,0.0,0.7,0,9.5,0.0,0.0,0.0,0.0,0.0,0.0,883.102
5760_dose_850_gradient_0_VconcST_0_Vconc_0.7_run_0.csv,5760.0,850.0,0,0.7,0.0,0.7,0,9.75,0.0,0.0,0.0,0.0,0.0,0.0,929.633
5760_dose_850_gradient_0_VconcST_0_Vconc_0.7_run_0.csv,5760.0,850.0,0,0.7,0.0,0.7,0,10.0,0.0,0.0,0.0,0.0,0.0,0.0,818.693
5760_dose_850_gradient_0_VconcST_0_Vconc_0.7_run_0.csv,5760.0,850.0,0,0.7,0.0,0.7,0,10.25,0.0,0.0,0.0,0.0,0.0,0.0,967.76
5760_dose_850_gradient_0_VconcST_0_Vconc_0.7_run_0.csv,5760.0,850.0,0,0.7,0.0,0.7,0,10.5,0.0,0.0,0.0,0.0,0.0,0.0,823.552
5760_dose_850_gradient_0_VconcST_0_Vconc_0.7_run_0.csv,5760.0,850.0,0,0.7,0.0,0.7,0,10.75,0.0,0.0,0.0,0.0,0.0,0.0,975.431
5760_dose_850_gradient_0_VconcST_0_Vconc_0.7_run_0.csv,5760.0,850.0,0,0.7,0.0,0.7,0,11.0,0.0,0.0,0.0,0.0,0.0,0.0,826.63
5760_dose_850_gradient_0_VconcST_0_Vconc_0.7_run_0.csv,5760.0,850.0,0,0.7,0.0,0.7,0,11.25,0.0,0.0,0.0,0.0,0.0,0.0,958.91
5760_dose_850_gradient_0_VconcST_0_Vconc_0.7_run_0.csv,5760.0,850.0,0,0.7,0.0,0.7,0,11.5,0.0,0.0,0.0,0.0,0.0,0.0,867.326
5760_dose_850_gradient_0_VconcST_0_Vconc_0.7_run_0.csv,5760.0,850.0,0,0.7,0.0,0.7,0,11.75,0.0,0.0,0.0,0.0,0.0,0.0,892.678
5760_dose_850_gradient_0_VconcST_0_Vconc_0.7_run_0.csv,5760.0,850.0,0,0.7,0.0,0.7,0,12.0,0.0,0.0,0.0,0.0,0.0,0.0,871.603
5760_dose_850_gradient_0_VconcST_0_Vconc_0.7_run_0.csv,5760.0,850.0,0,0.7,0.0,0.7,0,12.25,0.0,0.0,0.0,0.0,0.0,0.0,930.336
5760_dose_850_gradient_0_VconcST_0_Vconc_0.7_run_0.csv,5760.0,850.0,0,0.7,0.0,0.7,0,12.5,0.0,0.0,0.0,0.0,0.0,0.0,842.131
5760_dose_850_gradient_0_VconcST_0_Vconc_0.7_run_0.csv,5760.0,850.0,0,0.7,0.0,0.7,0,12.75,0.0,0.0,0.0,0.0,0.0,0.0,903.726
5760_dose_850_gradient_0_VconcST_0_Vconc_0.7_run_0.csv,5760.0,850.0,0,0.7,0.0,0.7,0,13.0,0.0,0.0,0.0,0.0,0.0,0.0,895.693
5760_dose_850_gradient_0_VconcST_0_Vconc_0.7_run_0.csv,5760.0,850.0,0,0.7,0.0,0.7,0,13.25,0.0,0.0,0.0,0.0,0.0,0.0,891.999
5760_dose_850_gradient_0_VconcST_0_Vconc_0.7_run_0.csv,5760.0,850.0,0,0.7,0.0,0.7,0,13.5,0.0,0.0,0.0,0.0,0.0,0.0,881.46
5760_dose_850_gradient_0_VconcST_0_Vconc_0.7_run_0.csv,5760.0,850.0,0,0.7,0.0,0.7,0,13.75,0.0,0.0,0.0,0.0,0.0,0.0,910.441
5760_dose_850_gradient_0_VconcST_0_Vconc_0.7_run_0.csv,5760.0,850.0,0,0.7,0.0,0.7,0,14.0,0.0,0.0,0.0,0.0,0.0,0.0,877.424
5760_dose_850_gradient_0_VconcST_0_Vconc_0.7_run_0.csv,5760.0,850.0,0,0.7,0.0,0.7,0,14.25,0.0,0.0,0.0,0.0,0.0,0.0,928.829
5760_dose_850_gradient_0_VconcST_0_Vconc_0.7_run_0.csv,5760.0,850.0,0,0.7,0.0,0.7,0,14.5,0.0,0.0,0.0,0.0,0.0,0.0,869.216
5760_dose_850_gradient_0_VconcST_0_Vconc_0.7_run_0.csv,5760.0,850.0,0,0.7,0.0,0.7,0,14.75,0.0,0.0,0.0,0.0,0.0,0.0,953.791
5760_dose_850_gradient_0_VconcST_0_Vconc_0.7_run_0.csv,5760.0,850.0,0,0.7,0.0,0.7,0,15.0,0.0,0.0,0.0,0.0,0.0,0.0,890.075
5760_dose_850_gradient_0_VconcST_0_Vconc_0.7_run_0.csv,5760.0,850.0,0,0.7,0.0,0.7,0,15.25,0.0,0.0,0.0,0.0,0.0,0.0,901.071
5760_dose_850_gradient_0_VconcST_0_Vconc_0.7_run_0.csv,5760.0,850.0,0,0.7,0.0,0.7,0,15.5,0.0,0.0,0.0,0.0,0.0,0.0,941.354
5760_dose_850_gradient_0_VconcST_0_Vconc_0.7_run_0.csv,5760.0,850.0,0,0.7,0.0,0.7,0,15.75,0.0,0.0,0.0,0.0,0.0,0.0,846.807
5760_dose_850_gradient_0_VconcST_0_Vconc_0.7_run_0.csv,5760.0,850.0,0,0.7,0.0,0.7,0,16.0,0.0,0.0,0.0,0.0,0.0,0.0,924.774
5760_dose_850_gradient_0_VconcST_0_Vconc_0.7_run_0.csv,5760.0,850.0,0,0.7,0.0,0.7,0,16.25,0.0,0.0,0.0,0.0,0.0,0.0,897.345
5760_dose_850_gradient_0_VconcST_0_Vconc_0.7_run_0.csv,5760.0,850.0,0,0.7,0.0,0.7,0,16.5,0.0,0.0,0.0,0.0,0.0,0.0,998.522
5760_dose_850_gradient_0_VconcST_0_Vconc_0.7_run_0.csv,5760.0,850.0,0,0.7,0.0,0.7,0,16.75,0.0,0.0,0.0,0.0,0.0,0.0,849.582
5760_dose_850_gradient_0_VconcST_0_Vconc_0.7_run_0.csv,5760.0,850.0,0,0.7,0.0,0.7,0,17.0,0.0,0.0,0.0,0.0,0.0,0.0,954.589
5760_dose_850_gradient_0_VconcST_0_Vconc_0.7_run_0.csv,5760.0,850.0,0,0.7,0.0,0.7,0,17.25,0.0,0.0,0.0,0.0,0.0,0.0,894.398
5760_dose_850_gradient_0_VconcST_0_Vconc_0.7_run_0.csv,5760.0,850.0,0,0.7,0.0,0.7,0,17.5,0.0,0.0,0.0,0.0,0.0,0.0,919.315
5760_dose_850_gradient_0_VconcST_0_Vconc_0.7_run_0.csv,5760.0,850.0,0,0.7,0.0,0.7,0,17.75,0.0,0.0,0.0,0.0,0.0,0.0,888.922
5760_dose_850_gradient_0_VconcST_0_Vconc_0.7_run_0.csv,5760.0,850.0,0,0.7,0.0,0.7,0,18.0,0.0,0.0,0.0,0.0,0.0,0.0,913.456
5760_dose_850_gradient_0_VconcST_0_Vconc_0.7_run_0.csv,5760.0,850.0,0,0.7,0.0,0.7,0,18.25,0.0,0.0,0.0,0.0,0.0,0.0,871.111
5760_dose_850_gradient_0_VconcST_0_Vconc_0.7_run_0.csv,5760.0,850.0,0,0.7,0.0,0.7,0,18.5,0.0,0.0,0.0,0.0,0.0,0.0,903.041
5760_dose_850_gradient_0_VconcST_0_Vconc_0.7_run_0.csv,5760.0,850.0,0,0.7,0.0,0.7,0,18.75,0.0,0.0,0.0,0.0,0.0,0.0,919.219
5760_dose_850_gradient_0_VconcST_0_Vconc_0.7_run_0.csv,5760.0,850.0,0,0.7,0.0,0.7,0,19.0,0.0,0.0,0.0,0.0,0.0,0.0,921.558
5760_dose_850_gradient_0_VconcST_0_Vconc_0.7_run_0.csv,5760.0,850.0,0,0.7,0.0,0.7,0,19.25,0.0,0.0,0.0,0.0,0.0,0.0,880.833
5760_dose_850_gradient_0_VconcST_0_Vconc_0.7_run_0.csv,5760.0,850.0,0,0.7,0.0,0.7,0,19.5,0.0,0.0,0.0,0.0,0.0,0.0,964.475
5760_dose_850_gradient_0_VconcST_0_Vconc_0.7_run_0.csv,5760.0,850.0,0,0.7,0.0,0.7,0,19.75,0.0,0.0,0.0,0.0,0.0,0.0,937.39
5760_dose_850_gradient_0_VconcST_0_Vconc_0.7_run_0.csv,5760.0,850.0,0,0.7,0.0,0.7,0,20.0,0.0,0.0,0.0,0.0,0.0,0.0,918.928
5760_dose_850_gradient_0_VconcST_0_Vconc_0.7_run_0.csv,5760.0,850.0,0,0.7,0.0,0.7,0,20.25,0.0,0.0,0.0,0.0,0.0,0.0,904.923
5760_dose_850_gradient_0_VconcST_0_Vconc_0.7_run_0.csv,5760.0,850.0,0,0.7,0.0,0.7,0,20.5,0.0,0.0,0.0,0.0,0.0,0.0,902.836
5760_dose_850_gradient_0_VconcST_0_Vconc_0.7_run_0.csv,5760.0,850.0,0,0.7,0.0,0.7,0,20.75,0.0,0.0,0.0,0.0,0.0,0.0,900.654
5760_dose_850_gradient_0_VconcST_0_Vconc_0.7_run_0.csv,5760.0,850.0,0,0.7,0.0,0.7,0,21.0,0.0,0.0,0.0,0.0,0.0,0.0,931.991
5760_dose_850_gradient_0_VconcST_0_Vconc_0.7_run_0.csv,5760.0,850.0,0,0.7,0.0,0.7,0,21.25,0.0,0.0,0.0,0.0,0.0,0.0,923.392
5760_dose_850_gradient_0_VconcST_0_Vconc_0.7_run_0.csv,5760.0,850.0,0,0.7,0.0,0.7,0,21.5,0.0,0.0,0.0,0.0,0.0,0.0,919.877
5760_dose_850_gradient_0_VconcST_0_Vconc_0.7_run_0.csv,5760.0,850.0,0,0.7,0.0,0.7,0,21.75,0.0,0.0,0.0,0.0,0.0,0.0,902.592
5760_dose_850_gradient_0_VconcST_0_Vconc_0.7_run_0.csv,5760.0,850.0,0,0.7,0.0,0.7,0,22.0,0.0,0.0,0.0,0.0,0.0,0.0,939.89
5760_dose_850_gradient_0_VconcST_0_Vconc_0.7_run_0.csv,5760.0,850.0,0,0.7,0.0,0.7,0,22.25,0.0,0.0,0.0,0.0,0.0,0.0,919.591
5760_dose_850_gradient_0_VconcST_0_Vconc_0.7_run_0.csv,5760.0,850.0,0,0.7,0.0,0.7,0,22.5,0.0,0.0,0.0,0.0,0.0,0.0,945.799
5760_dose_850_gradient_0_VconcST_0_Vconc_0.7_run_0.csv,5760.0,850.0,0,0.7,0.0,0.7,0,22.75,0.0,0.0,0.0,0.0,0.0,0.0,909.725
5760_dose_850_gradient_0_VconcST_0_Vconc_0.7_run_0.csv,5760.0,850.0,0,0.7,0.0,0.7,0,23.0,0.0,0.0,0.0,0.0,0.0,0.0,922.823
5760_dose_850_gradient_0_VconcST_0_Vconc_0.7_run_0.csv,5760.0,850.0,0,0.7,0.0,0.7,0,23.25,0.0,0.0,0.0,0.0,0.0,0.0,951.726
5760_dose_850_gradient_0_VconcST_0_Vconc_0.7_run_0.csv,5760.0,850.0,0,0.7,0.0,0.7,0,23.5,0.0,0.0,0.0,0.0,0.0,0.0,899.035
5760_dose_850_gradient_0_VconcST_0_Vconc_0.7_run_0.csv,5760.0,850.0,0,0.7,0.0,0.7,0,23.75,0.0,0.0,0.0,0.0,0.0,0.0,947.341
5760_dose_850_gradient_0_VconcST_0_Vconc_0.7_run_0.csv,5760.0,850.0,0,0.7,0.0,0.7,0,24.0,56.8541,850.0,0.0221429,56.8541,0.0,0.0,912.001
5760_dose_850_gradient_0_VconcST_0_Vconc_0.7_run_0.csv,5760.0,850.0,0,0.7,0.0,0.7,0,24.25,3431.91,835.508,1.33662,3431.91,0.0,0.999941,0.071056
5760_dose_850_gradient_0_VconcST_0_Vconc_0.7_run_0.csv,5760.0,850.0,0,0.7,0.0,0.7,0,24.5,6736.63,821.264,2.62371,6736.63,0.0,0.99997,0.0430603
5760_dose_850_gradient_0_VconcST_0_Vconc_0.7_run_0.csv,5760.0,850.0,0,0.7,0.0,0.7,0,24.75,9972.25,807.263,3.88388,9972.25,0.0,0.99998,0.0264229
5760_dose_850_gradient_0_VconcST_0_Vconc_0.7_run_0.csv,5760.0,850.0,0,0.7,0.0,0.7,0,25.0,13140.0,793.5,5.11763,13140.0,0.0,0.999985,0.0191519
5760_dose_850_gradient_0_VconcST_0_Vconc_0.7_run_0.csv,5760.0,850.0,0,0.7,0.0,0.7,0,25.25,16241.1,779.971,6.32541,16241.1,0.0,0.999988,0.015072
5760_dose_850_gradient_0_VconcST_0_Vconc_0.7_run_0.csv,5760.0,850.0,0,0.7,0.0,0.7,0,25.5,19276.7,766.674,7.50769,19276.7,0.0,0.99999,0.0124292
5760_dose_850_gradient_0_VconcST_0_Vconc_0.7_run_0.csv,5760.0,850.0,0,0.7,0.0,0.7,0,25.75,22248.0,753.603,8.66492,22248.0,0.0,0.999991,0.0106206
5760_dose_850_gradient_0_VconcST_0_Vconc_0.7_run_0.csv,5760.0,850.0,0,0.7,0.0,0.7,0,26.0,25156.1,740.755,9.79754,25156.1,0.0,0.999992,0.00932611
5760_dose_850_gradient_0_VconcST_0_Vconc_0.7_run_0.csv,5760.0,850.0,0,0.7,0.0,0.7,0,26.25,28002.2,728.126,10.906,28002.2,0.0,0.999993,0.00826989
5760_dose_850_gradient_0_VconcST_0_Vconc_0.7_run_0.csv,5760.0,850.0,0,0.7,0.0,0.7,0,26.5,30787.4,715.712,11.9907,30787.4,0.0,0.999994,0.00746314
5760_dose_850_gradient_0_VconcST_0_Vconc_0.7_run_0.csv,5760.0,850.0,0,0.7,0.0,0.7,0,26.75,33512.7,703.51,13.0521,33512.7,0.0,0.999994,0.00687232
5760_dose_850_gradient_0_VconcST_0_Vconc_0.7_run_0.csv,5760.0,850.0,0,0.7,0.0,0.7,0,27.0,36179.2,691.516,14.0907,36179.2,0.0,0.999995,0.00633281
5760_dose_850_gradient_0_VconcST_0_Vconc_0.7_run_0.csv,5760.0,850.0,0,0.7,0.0,0.7,0,27.25,38787.9,679.726,15.1067,38787.9,0.0,0.999995,0.00587805
5760_dose_850_gradient_0_VconcST_0_Vconc_0.7_run_0.csv,5760.0,850.0,0,0.7,0.0,0.7,0,27.5,41340.0,668.138,16.1006,41340.0,0.0,0.999995,0.00548024
5760_dose_850_gradient_0_VconcST_0_Vconc_0.7_run_0.csv,5760.0,850.0,0,0.7,0.0,0.7,0,27.75,43836.3,656.747,17.0729,43836.3,0.0,0.999995,0.0051454
5760_dose_850_gradient_0_VconcST_0_Vconc_0.7_run_0.csv,5760.0,850.0,0,0.7,0.0,0.7,0,28.0,46278.0,645.55,18.0238,46278.0,0.0,0.999996,0.00488601
5760_dose_850_gradient_0_VconcST_0_Vconc_0.7_run_0.csv,5760.0,850.0,0,0.7,0.0,0.7,0,28.25,48665.9,634.544,18.9539,48665.9,0.0,0.999996,0.00461767
5760_dose_850_gradient_0_VconcST_0_Vconc_0.7_run_0.csv,5760.0,850.0,0,0.7,0.0,0.7,0,28.5,51001.1,623.726,19.8634,51001.1,0.0,0.999996,0.00441974
5760_dose_850_gradient_0_VconcST_0_Vconc_0.7_run_0.csv,5760.0,850.0,0,0.7,0.0,0.7,0,28.75,53284.5,613.093,20.7527,53284.5,0.0,0.999996,0.00422781
5760_dose_850_gradient_0_VconcST_0_Vconc_0.7_run_0.csv,5760.0,850.0,0,0.7,0.0,0.7,0,29.0,55517.0,602.64,21.6222,55517.0,0.0,0.999996,0.00403202
5760_dose_850_gradient_0_VconcST_0_Vconc_0.7_run_0.csv,5760.0,850.0,0,0.7,0.0,0.7,0,29.25,57699.5,592.366,22.4722,57699.5,0.0,0.999997,0.00389396
5760_dose_850_gradient_0_VconcST_0_Vconc_0.7_run_0.csv,5760.0,850.0,0,0.7,0.0,0.7,0,29.5,59833.0,582.267,23.3031,59833.0,0.0,0.999997,0.00376235
5760_dose_850_gradient_0_VconcST_0_Vconc_0.7_run_0.csv,5760.0,850.0,0,0.7,0.0,0.7,0,29.75,61918.2,572.34,24.1152,61918.2,0.0,0.999997,0.00363263
5760_dose_850_gradient_0_VconcST_0_Vconc_0.7_run_0.csv,5760.0,850.0,0,0.7,0.0,0.7,0,30.0,63956.1,562.582,24.9089,63956.1,0.0,0.999997,0.00350114
5760_dose_850_gradient_0_VconcST_0_Vconc_0.7_run_0.csv,5760.0,850.0,0,0.7,0.0,0.7,0,30.25,65947.6,552.991,25.6845,65947.6,0.0,0.999997,0.00336949
5760_dose_850_gradient_0_VconcST_0_Vconc_0.7_run_0.csv,5760.0,850.0,0,0.7,0.0,0.7,0,30.5,67893.4,543.563,26.4424,67893.4,0.0,0.999997,0.00336666
5760_dose_850_gradient_0_VconcST_0_Vconc_0.7_run_0.csv,5760.0,850.0,0,0.7,0.0,0.7,0,30.75,69794.4,534.296,27.1827,69794.4,0.0,0.999997,0.00323862
5760_dose_850_gradient_0_VconcST_0_Vconc_0.7_run_0.csv,5760.0,850.0,0,0.7,0.0,0.7,0,31.0,71651.4,525.187,27.906,71651.4,0.0,0.999997,0.00316796
5760_dose_850_gradient_0_VconcST_0_Vconc_0.7_run_0.csv,5760.0,850.0,0,0.7,0.0,0.7,0,31.25,73465.2,516.233,28.6124,73465.2,0.0,0.999997,0.00310045
5760_dose_850_gradient_0_VconcST_0_Vconc_0.7_run_0.csv,5760.0,850.0,0,0.7,0.0,0.7,0,31.5,75236.4,507.432,29.3023,75236.4,0.0,0.999997,0.00304097
5760_dose_850_gradient_0_VconcST_0_Vconc_0.7_run_0.csv,5760.0,850.0,0,0.7,0.0,0.7,0,31.75,76966.1,498.781,29.9759,76966.1,0.0,0.999997,0.0029733
5760_dose_850_gradient_0_VconcST_0_Vconc_0.7_run_0.csv,5760.0,850.0,0,0.7,0.0,0.7,0,32.0,78654.9,490.277,30.6336,78654.9,0.0,0.999997,0.00290703
5760_dose_850_gradient_0_VconcST_0_Vconc_0.7_run_0.csv,5760.0,850.0,0,0.7,0.0,0.7,0,32.25,80303.5,481.918,31.2757,80303.5,0.0,0.999997,0.00283824
5760_dose_850_gradient_0_VconcST_0_Vconc_0.7_run_0.csv,5760.0,850.0,0,0.7,0.0,0.7,0,32.5,81912.7,473.702,31.9024,81912.7,0.0,0.999997,0.0027706
5760_dose_850_gradient_0_VconcST_0_Vconc_0.7_run_0.csv,5760.0,850.0,0,0.7,0.0,0.7,0,32.75,83483.1,465.626,32.5141,83483.1,0.0,0.999998,0.00270464
5760_dose_850_gradient_0_VconcST_0_Vconc_0.7_run_0.csv,5760.0,850.0,0,0.7,0.0,0.7,0,33.0,85015.5,457.688,33.1109,85015.5,0.0,0.999998,0.00263867
5760_dose_850_gradient_0_VconcST_0_Vconc_0.7_run_0.csv,5760.0,850.0,0,0.7,0.0,0.7,0,33.25,86510.6,449.885,33.6932,86510.6,0.0,0.999998,0.00264182
5760_dose_850_gradient_0_VconcST_0_Vconc_0.7_run_0.csv,5760.0,850.0,0,0.7,0.0,0.7,0,33.5,87969.0,442.215,34.2612,87969.0,0.0,0.999998,0.00257398
5760_dose_850_gradient_0_VconcST_0_Vconc_0.7_run_0.csv,5760.0,850.0,0,0.7,0.0,0.7,0,33.75,89391.4,434.676,34.8152,89391.4,0.0,0.999998,0.00251298
5760_dose_850_gradient_0_VconcST_0_Vconc_0.7_run_0.csv,5760.0,850.0,0,0.7,0.0,0.7,0,34.0,90778.5,427.265,35.3554,90778.5,0.0,0.999998,0.00250673
5760_dose_850_gradient_0_VconcST_0_Vconc_0.7_run_0.csv,5760.0,850.0,0,0.7,0.0,0.7,0,34.25,92130.9,419.981,35.8821,92130.9,0.0,0.999998,0.00244789
5760_dose_850_gradient_0_VconcST_0_Vconc_0.7_run_0.csv,5760.0,850.0,0,0.7,0.0,0.7,0,34.5,93449.3,412.82,36.3956,93449.3,0.0,0.999998,0.00244515
5760_dose_850_gradient_0_VconcST_0_Vconc_0.7_run_0.csv,5760.0,850.0,0,0.7,0.0,0.7,0,34.75,94734.2,405.782,36.896,94734.2,0.0,0.999998,0.00237597
5760_dose_850_gradient_0_VconcST_0_Vconc_0.7_run_0.csv,5760.0,850.0,0,0.7,0.0,0.7,0,35.0,95986.3,398.864,37.3837,95986.3,0.0,0.999998,0.0023748
5760_dose_850_gradient_0_VconcST_0_Vconc_0.7_run_0.csv,5760.0,850.0,0,0.7,0.0,0.7,0,35.25,97206.2,392.064,37.8588,97206.2,0.0,0.999998,0.00231525
5760_dose_850_gradient_0_VconcST_0_Vconc_0.7_run_0.csv,5760.0,850.0,0,0.7,0.0,0.7,0,35.5,98394.4,385.38,38.3216,98394.4,0.0,0.999998,0.00230884
5760_dose_850_gradient_0_VconcST_0_Vconc_0.7_run_0.csv,5760.0,850.0,0,0.7,0.0,0.7,0,35.75,99551.6,378.81,38.7723,99551.6,0.0,0.999998,0.00224421
5760_dose_850_gradient_0_VconcST_0_Vconc_0.7_run_0.csv,5760.0,850.0,0,0.7,0.0,0.7,0,36.0,100678.0,372.352,39.2111,100678.0,0.0,0.999998,0.00224507
5760_dose_850_gradient_0_VconcST_0_Vconc_0.7_run_0.csv,5760.0,850.0,0,0.7,0.0,0.7,0,36.25,101775.0,366.004,39.6383,101775.0,0.0,0.999998,0.00224768
5760_dose_850_gradient_0_VconcST_0_Vconc_0.7_run_0.csv,5760.0,850.0,0,0.7,0.0,0.7,0,36.5,102843.0,359.764,40.054,102843.0,0.0,0.999998,0.0021769
5760_dose_850_gradient_0_VconcST_0_Vconc_0.7_run_0.csv,5760.0,850.0,0,0.7,0.0,0.7,0,36.75,103881.0,353.63,40.4585,103881.0,0.0,0.999998,0.0021824
5760_dose_850_gradient_0_VconcST_0_Vconc_0.7_run_0.csv,5760.0,850.0,0,0.7,0.0,0.7,0,37.0,104892.0,347.601,40.852,104892.0,0.0,0.999998,0.0021769
5760_dose_850_gradient_0_VconcST_0_Vconc_0.7_run_0.csv,5760.0,850.0,0,0.7,0.0,0.7,0,37.25,105874.0,341.675,41.2347,105874.0,0.0,0.999998,0.00211413
5760_dose_850_gradient_0_VconcST_0_Vconc_0.7_run_0.csv,5760.0,850.0,0,0.7,0.0,0.7,0,37.5,106829.0,335.85,41.6068,106829.0,0.0,0.999998,0.00211331
5760_dose_850_gradient_0_VconcST_0_Vconc_0.7_run_0.csv,5760.0,850.0,0,0.7,0.0,0.7,0,37.75,107758.0,330.124,41.9684,107758.0,0.0,0.999998,0.00211094
5760_dose_850_gradient_0_VconcST_0_Vconc_0.7_run_0.csv,5760.0,850.0,0,0.7,0.0,0.7,0,38.0,108660.0,324.496,42.3198,108660.0,0.0,0.999998,0.00204598
5760_dose_850_gradient_0_VconcST_0_Vconc_0.7_run_0.csv,5760.0,850.0,0,0.7,0.0,0.7,0,38.25,109537.0,318.964,42.6612,109537.0,0.0,0.999998,0.00204598
5760_dose_850_gradient_0_VconcST_0_Vconc_0.7_run_0.csv,5760.0,850.0,0,0.7,0.0,0.7,0,38.5,110388.0,313.526,42.9927,110388.0,0.0,0.999998,0.00204828
5760_dose_850_gradient_0_VconcST_0_Vconc_0.7_run_0.csv,5760.0,850.0,0,0.7,0.0,0.7,0,38.75,111214.0,308.181,43.3146,111214.0,0.0,0.999998,0.00204828
5760_dose_850_gradient_0_VconcST_0_Vconc_0.7_run_0.csv,5760.0,850.0,0,0.7,0.0,0.7,0,39.0,112016.0,302.926,43.627,112016.0,0.0,0.999998,0.00204684
5760_dose_850_gradient_0_VconcST_0_Vconc_0.7_run_0.csv,5760.0,850.0,0,0.7,0.0,0.7,0,39.25,112795.0,297.762,43.93,112795.0,0.0,0.999998,0.00198234
5760_dose_850_gradient_0_VconcST_0_Vconc_0.7_run_0.csv,5760.0,850.0,0,0.7,0.0,0.7,0,39.5,113549.0,292.685,44.2239,113549.0,0.0,0.999998,0.00197998
5760_dose_850_gradient_0_VconcST_0_Vconc_0.7_run_0.csv,5760.0,850.0,0,0.7,0.0,0.7,0,39.75,114281.0,287.695,44.5089,114281.0,0.0,0.999998,0.00198436
5760_dose_850_gradient_0_VconcST_0_Vconc_0.7_run_0.csv,5760.0,850.0,0,0.7,0.0,0.7,0,40.0,114990.0,282.791,44.7851,114990.0,0.0,0.999998,0.001979
5760_dose_850_gradient_0_VconcST_0_Vconc_0.7_run_0.csv,5760.0,850.0,0,0.7,0.0,0.7,0,40.25,115677.0,277.969,45.0526,115677.0,0.0,0.999998,0.00198095
5760_dose_850_gradient_0_VconcST_0_Vconc_0.7_run_0.csv,5760.0,850.0,0,0.7,0.0,0.7,0,40.5,116342.0,273.23,45.3116,116342.0,0.0,0.999998,0.00191692
5760_dose_850_gradient_0_VconcST_0_Vconc_0.7_run_0.csv,5760.0,850.0,0,0.7,0.0,0.7,0,40.75,116986.0,268.572,45.5624,116986.0,0.0,0.999998,0.00191302
5760_dose_850_gradient_0_VconcST_0_Vconc_0.7_run_0.csv,5760.0,850.0,0,0.7,0.0,0.7,0,41.0,117609.0,263.993,45.805,117609.0,0.0,0.999998,0.00191302
5760_dose_850_gradient_0_VconcST_0_Vconc_0.7_run_0.csv,5760.0,850.0,0,0.7,0.0,0.7,0,41.25,118211.0,259.492,46.0396,118211.0,0.0,0.999998,0.00191302
5760_dose_850_gradient_0_VconcST_0_Vconc_0.7_run_0.csv,5760.0,850.0,0,0.7,0.0,0.7,0,41.5,118793.0,255.068,46.2663,118793.0,0.0,0.999998,0.00191652
5760_dose_850_gradient_0_VconcST_0_Vconc_0.7_run_2.csv,5760.0,850.0,0,0.7,0.0,0.7,2,0.0,0.0,0.0,0.0,0.0,0.0,0.0,0.0
5760_dose_850_gradient_0_VconcST_0_Vconc_0.7_run_2.csv,5760.0,850.0,0,0.7,0.0,0.7,2,0.25,0.0,0.0,0.0,0.0,0.0,0.0,1750.97
5760_dose_850_gradient_0_VconcST_0_Vconc_0.7_run_2.csv,5760.0,850.0,0,0.7,0.0,0.7,2,0.5,0.0,0.0,0.0,0.0,0.0,0.0,206.65
5760_dose_850_gradient_0_VconcST_0_Vconc_0.7_run_2.csv,5760.0,850.0,0,0.7,0.0,0.7,2,0.75,0.0,0.0,0.0,0.0,0.0,0.0,1524.13
5760_dose_850_gradient_0_VconcST_0_Vconc_0.7_run_2.csv,5760.0,850.0,0,0.7,0.0,0.7,2,1.0,0.0,0.0,0.0,0.0,0.0,0.0,422.389
5760_dose_850_gradient_0_VconcST_0_Vconc_0.7_run_2.csv,5760.0,850.0,0,0.7,0.0,0.7,2,1.25,0.0,0.0,0.0,0.0,0.0,0.0,1303.32
5760_dose_850_gradient_0_VconcST_0_Vconc_0.7_run_2.csv,5760.0,850.0,0,0.7,0.0,0.7,2,1.5,0.0,0.0,0.0,0.0,0.0,0.0,573.94
5760_dose_850_gradient_0_VconcST_0_Vconc_0.7_run_2.csv,5760.0,850.0,0,0.7,0.0,0.7,2,1.75,0.0,0.0,0.0,0.0,0.0,0.0,1142.33
5760_dose_850_gradient_0_VconcST_0_Vconc_0.7_run_2.csv,5760.0,850.0,0,0.7,0.0,0.7,2,2.0,0.0,0.0,0.0,0.0,0.0,0.0,697.963
5760_dose_850_gradient_0_VconcST_0_Vconc_0.7_run_2.csv,5760.0,850.0,0,0.7,0.0,0.7,2,2.25,0.0,0.0,0.0,0.0,0.0,0.0,1040.91
5760_dose_850_gradient_0_VconcST_0_Vconc_0.7_run_2.csv,5760.0,850.0,0,0.7,0.0,0.7,2,2.5,0.0,0.0,0.0,0.0,0.0,0.0,791.082
5760_dose_850_gradient_0_VconcST_0_Vconc_0.7_run_2.csv,5760.0,850.0,0,0.7,0.0,0.7,2,2.75,0.0,0.0,0.0,0.0,0.0,0.0,982.172
5760_dose_850_gradient_0_VconcST_0_Vconc_0.7_run_2.csv,5760.0,850.0,0,0.7,0.0,0.7,2,3.0,0.0,0.0,0.0,0.0,0.0,0.0,824.477
5760_dose_850_gradient_0_VconcST_0_Vconc_0.7_run_2.csv,5760.0,850.0,0,0.7,0.0,0.7,2,3.25,0.0,0.0,0.0,0.0,0.0,0.0,881.168
5760_dose_850_gradient_0_VconcST_0_Vconc_0.7_run_2.csv,5760.0,850.0,0,0.7,0.0,0.7,2,3.5,0.0,0.0,0.0,0.0,0.0,0.0,920.623
5760_dose_850_gradient_0_VconcST_0_Vconc_0.7_run_2.csv,5760.0,850.0,0,0.7,0.0,0.7,2,3.75,0.0,0.0,0.0,0.0,0.0,0.0,888.195
5760_dose_850_gradient_0_VconcST_0_Vconc_0.7_run_2.csv,5760.0,850.0,0,0.7,0.0,0.7,2,4.0,0.0,0.0,0.0,0.0,0.0,0.0,919.73
5760_dose_850_gradient_0_VconcST_0_Vconc_0.7_run_2.csv,5760.0,850.0,0,0.7,0.0,0.7,2,4.25,0.0,0.0,0.0,0.0,0.0,0.0,880.402
5760_dose_850_gradient_0_VconcST_0_Vconc_0.7_run_2.csv,5760.0,850.0,0,0.7,0.0,0.7,2,4.5,0.0,0.0,0.0,0.0,0.0,0.0,926.053
5760_dose_850_gradient_0_VconcST_0_Vconc_0.7_run_2.csv,5760.0,850.0,0,0.7,0.0,0.7,2,4.75,0.0,0.0,0.0,0.0,0.0,0.0,827.272
5760_dose_850_gradient_0_VconcST_0_Vconc_0.7_run_2.csv,5760.0,850.0,0,0.7,0.0,0.7,2,5.0,0.0,0.0,0.0,0.0,0.0,0.0,940.477
5760_dose_850_gradient_0_VconcST_0_Vconc_0.7_run_2.csv,5760.0,850.0,0,0.7,0.0,0.7,2,5.25,0.0,0.0,0.0,0.0,0.0,0.0,807.163
5760_dose_850_gradient_0_VconcST_0_Vconc_0.7_run_2.csv,5760.0,850.0,0,0.7,0.0,0.7,2,5.5,0.0,0.0,0.0,0.0,0.0,0.0,980.881
5760_dose_850_gradient_0_VconcST_0_Vconc_0.7_run_2.csv,5760.0,850.0,0,0.7,0.0,0.7,2,5.75,0.0,0.0,0.0,0.0,0.0,0.0,789.825
5760_dose_850_gradient_0_VconcST_0_Vconc_0.7_run_2.csv,5760.0,850.0,0,0.7,0.0,0.7,2,6.0,0.0,0.0,0.0,0.0,0.0,0.0,1010.19
5760_dose_850_gradient_0_VconcST_0_Vconc_0.7_run_2.csv,5760.0,850.0,0,0.7,0.0,0.7,2,6.25,0.0,0.0,0.0,0.0,0.0,0.0,772.531
5760_dose_850_gradient_0_VconcST_0_Vconc_0.7_run_2.csv,5760.0,850.0,0,0.7,0.0,0.7,2,6.5,0.0,0.0,0.0,0.0,0.0,0.0,964.56
5760_dose_850_gradient_0_VconcST_0_Vconc_0.7_run_2.csv,5760.0,850.0,0,0.7,0.0,0.7,2,6.75,0.0,0.0,0.0,0.0,0.0,0.0,839.969
5760_dose_850_gradient_0_VconcST_0_Vconc_0.7_run_2.csv,5760.0,850.0,0,0.7,0.0,0.7,2,7.0,0.0,0.0,0.0,0.0,0.0,0.0,911.898
5760_dose_850_gradient_0_VconcST_0_Vconc_0.7_run_2.csv,5760.0,850.0,0,0.7,0.0,0.7,2,7.25,0.0,0.0,0.0,0.0,0.0,0.0,867.041
5760_dose_850_gradient_0_VconcST_0_Vconc_0.7_run_2.csv,5760.0,850.0,0,0.7,0.0,0.7,2,7.5,0.0,0.0,0.0,0.0,0.0,0.0,930.913
5760_dose_850_gradient_0_VconcST_0_Vconc_0.7_run_2.csv,5760.0,850.0,0,0.7,0.0,0.7,2,7.75,0.0,0.0,0.0,0.0,0.0,0.0,853.747
5760_dose_850_gradient_0_VconcST_0_Vconc_0.7_run_2.csv,5760.0,850.0,0,0.7,0.0,0.7,2,8.0,0.0,0.0,0.0,0.0,0.0,0.0,905.504
5760_dose_850_gradient_0_VconcST_0_Vconc_0.7_run_2.csv,5760.0,850.0,0,0.7,0.0,0.7,2,8.25,0.0,0.0,0.0,0.0,0.0,0.0,851.124
5760_dose_850_gradient_0_VconcST_0_Vconc_0.7_run_2.csv,5760.0,850.0,0,0.7,0.0,0.7,2,8.5,0.0,0.0,0.0,0.0,0.0,0.0,918.77
5760_dose_850_gradient_0_VconcST_0_Vconc_0.7_run_2.csv,5760.0,850.0,0,0.7,0.0,0.7,2,8.75,0.0,0.0,0.0,0.0,0.0,0.0,872.434
5760_dose_850_gradient_0_VconcST_0_Vconc_0.7_run_2.csv,5760.0,850.0,0,0.7,0.0,0.7,2,9.0,0.0,0.0,0.0,0.0,0.0,0.0,897.558
5760_dose_850_gradient_0_VconcST_0_Vconc_0.7_run_2.csv,5760.0,850.0,0,0.7,0.0,0.7,2,9.25,0.0,0.0,0.0,0.0,0.0,0.0,894.086
5760_dose_850_gradient_0_VconcST_0_Vconc_0.7_run_2.csv,5760.0,850.0,0,0.7,0.0,0.7,2,9.5,0.0,0.0,0.0,0.0,0.0,0.0,874.446
5760_dose_850_gradient_0_VconcST_0_Vconc_0.7_run_2.csv,5760.0,850.0,0,0.7,0.0,0.7,2,9.75,0.0,0.0,0.0,0.0,0.0,0.0,877.38
5760_dose_850_gradient_0_VconcST_0_Vconc_0.7_run_2.csv,5760.0,850.0,0,0.7,0.0,0.7,2,10.0,0.0,0.0,0.0,0.0,0.0,0.0,943.287
5760_dose_850_gradient_0_VconcST_0_Vconc_0.7_run_2.csv,5760.0,850.0,0,0.7,0.0,0.7,2,10.25,0.0,0.0,0.0,0.0,0.0,0.0,879.193
5760_dose_850_gradient_0_VconcST_0_Vconc_0.7_run_2.csv,5760.0,850.0,0,0.7,0.0,0.7,2,10.5,0.0,0.0,0.0,0.0,0.0,0.0,906.659
5760_dose_850_gradient_0_VconcST_0_Vconc_0.7_run_2.csv,5760.0,850.0,0,0.7,0.0,0.7,2,10.75,0.0,0.0,0.0,0.0,0.0,0.0,862.085
5760_dose_850_gradient_0_VconcST_0_Vconc_0.7_run_2.csv,5760.0,850.0,0,0.7,0.0,0.7,2,11.0,0.0,0.0,0.0,0.0,0.0,0.0,930.131
5760_dose_850_gradient_0_VconcST_0_Vconc_0.7_run_2.csv,5760.0,850.0,0,0.7,0.0,0.7,2,11.25,0.0,0.0,0.0,0.0,0.0,0.0,848.901
5760_dose_850_gradient_0_VconcST_0_Vconc_0.7_run_2.csv,5760.0,850.0,0,0.7,0.0,0.7,2,11.5,0.0,0.0,0.0,0.0,0.0,0.0,996.821
5760_dose_850_gradient_0_VconcST_0_Vconc_0.7_run_2.csv,5760.0,850.0,0,0.7,0.0,0.7,2,11.75,0.0,0.0,0.0,0.0,0.0,0.0,842.128
5760_dose_850_gradient_0_VconcST_0_Vconc_0.7_run_2.csv,5760.0,850.0,0,0.7,0.0,0.7,2,12.0,0.0,0.0,0.0,0.0,0.0,0.0,967.659
5760_dose_850_gradient_0_VconcST_0_Vconc_0.7_run_2.csv,5760.0,850.0,0,0.7,0.0,0.7,2,12.25,0.0,0.0,0.0,0.0,0.0,0.0,808.099
5760_dose_850_gradient_0_VconcST_0_Vconc_0.7_run_2.csv,5760.0,850.0,0,0.7,0.0,0.7,2,12.5,0.0,0.0,0.0,0.0,0.0,0.0,968.642
5760_dose_850_gradient_0_VconcST_0_Vconc_0.7_run_2.csv,5760.0,850.0,0,0.7,0.0,0.7,2,12.75,0.0,0.0,0.0,0.0,0.0,0.0,850.009
5760_dose_850_gradient_0_VconcST_0_Vconc_0.7_run_2.csv,5760.0,850.0,0,0.7,0.0,0.7,2,13.0,0.0,0.0,0.0,0.0,0.0,0.0,942.995
5760_dose_850_gradient_0_VconcST_0_Vconc_0.7_run_2.csv,5760.0,850.0,0,0.7,0.0,0.7,2,13.25,0.0,0.0,0.0,0.0,0.0,0.0,816.379
5760_dose_850_gradient_0_VconcST_0_Vconc_0.7_run_2.csv,5760.0,850.0,0,0.7,0.0,0.7,2,13.5,0.0,0.0,0.0,0.0,0.0,0.0,937.573
5760_dose_850_gradient_0_VconcST_0_Vconc_0.7_run_2.csv,5760.0,850.0,0,0.7,0.0,0.7,2,13.75,0.0,0.0,0.0,0.0,0.0,0.0,828.955
5760_dose_850_gradient_0_VconcST_0_Vconc_0.7_run_2.csv,5760.0,850.0,0,0.7,0.0,0.7,2,14.0,0.0,0.0,0.0,0.0,0.0,0.0,944.307
5760_dose_850_gradient_0_VconcST_0_Vconc_0.7_run_2.csv,5760.0,850.0,0,0.7,0.0,0.7,2,14.25,0.0,0.0,0.0,0.0,0.0,0.0,857.595
5760_dose_850_gradient_0_VconcST_0_Vconc_0.7_run_2.csv,5760.0,850.0,0,0.7,0.0,0.7,2,14.5,0.0,0.0,0.0,0.0,0.0,0.0,914.168
5760_dose_850_gradient_0_VconcST_0_Vconc_0.7_run_2.csv,5760.0,850.0,0,0.7,0.0,0.7,2,14.75,0.0,0.0,0.0,0.0,0.0,0.0,880.976
5760_dose_850_gradient_0_VconcST_0_Vconc_0.7_run_2.csv,5760.0,850.0,0,0.7,0.0,0.7,2,15.0,0.0,0.0,0.0,0.0,0.0,0.0,918.132
5760_dose_850_gradient_0_VconcST_0_Vconc_0.7_run_2.csv,5760.0,850.0,0,0.7,0.0,0.7,2,15.25,0.0,0.0,0.0,0.0,0.0,0.0,905.951
5760_dose_850_gradient_0_VconcST_0_Vconc_0.7_run_2.csv,5760.0,850.0,0,0.7,0.0,0.7,2,15.5,0.0,0.0,0.0,0.0,0.0,0.0,861.578
5760_dose_850_gradient_0_VconcST_0_Vconc_0.7_run_2.csv,5760.0,850.0,0,0.7,0.0,0.7,2,15.75,0.0,0.0,0.0,0.0,0.0,0.0,926.334
5760_dose_850_gradient_0_VconcST_0_Vconc_0.7_run_2.csv,5760.0,850.0,0,0.7,0.0,0.7,2,16.0,0.0,0.0,0.0,0.0,0.0,0.0,880.417
5760_dose_850_gradient_0_VconcST_0_Vconc_0.7_run_2.csv,5760.0,850.0,0,0.7,0.0,0.7,2,16.25,0.0,0.0,0.0,0.0,0.0,0.0,915.168
5760_dose_850_gradient_0_VconcST_0_Vconc_0.7_run_2.csv,5760.0,850.0,0,0.7,0.0,0.7,2,16.5,0.0,0.0,0.0,0.0,0.0,0.0,861.683
5760_dose_850_gradient_0_VconcST_0_Vconc_0.7_run_2.csv,5760.0,850.0,0,0.7,0.0,0.7,2,16.75,0.0,0.0,0.0,0.0,0.0,0.0,905.847
5760_dose_850_gradient_0_VconcST_0_Vconc_0.7_run_2.csv,5760.0,850.0,0,0.7,0.0,0.7,2,17.0,0.0,0.0,0.0,0.0,0.0,0.0,897.669
5760_dose_850_gradient_0_VconcST_0_Vconc_0.7_run_2.csv,5760.0,850.0,0,0.7,0.0,0.7,2,17.25,0.0,0.0,0.0,0.0,0.0,0.0,870.405
5760_dose_850_gradient_0_VconcST_0_Vconc_0.7_run_2.csv,5760.0,850.0,0,0.7,0.0,0.7,2,17.5,0.0,0.0,0.0,0.0,0.0,0.0,927.561
5760_dose_850_gradient_0_VconcST_0_Vconc_0.7_run_2.csv,5760.0,850.0,0,0.7,0.0,0.7,2,17.75,0.0,0.0,0.0,0.0,0.0,0.0,931.862
5760_dose_850_gradient_0_VconcST_0_Vconc_0.7_run_2.csv,5760.0,850.0,0,0.7,0.0,0.7,2,18.0,0.0,0.0,0.0,0.0,0.0,0.0,847.751
5760_dose_850_gradient_0_VconcST_0_Vconc_0.7_run_2.csv,5760.0,850.0,0,0.7,0.0,0.7,2,18.25,0.0,0.0,0.0,0.0,0.0,0.0,922.047
5760_dose_850_gradient_0_VconcST_0_Vconc_0.7_run_2.csv,5760.0,850.0,0,0.7,0.0,0.7,2,18.5,0.0,0.0,0.0,0.0,0.0,0.0,871.478
5760_dose_850_gradient_0_VconcST_0_Vconc_0.7_run_2.csv,5760.0,850.0,0,0.7,0.0,0.7,2,18.75,0.0,0.0,0.0,0.0,0.0,0.0,929.7
5760_dose_850_gradient_0_VconcST_0_Vconc_0.7_run_2.csv,5760.0,850.0,0,0.7,0.0,0.7,2,19.0,0.0,0.0,0.0,0.0,0.0,0.0,839.068
5760_dose_850_gradient_0_VconcST_0_Vconc_0.7_run_2.csv,5760.0,850.0,0,0.7,0.0,0.7,2,19.25,0.0,0.0,0.0,0.0,0.0,0.0,929.205
5760_dose_850_gradient_0_VconcST_0_Vconc_0.7_run_2.csv,5760.0,850.0,0,0.7,0.0,0.7,2,19.5,0.0,0.0,0.0,0.0,0.0,0.0,921.653
5760_dose_850_gradient_0_VconcST_0_Vconc_0.7_run_2.csv,5760.0,850.0,0,0.7,0.0,0.7,2,19.75,0.0,0.0,0.0,0.0,0.0,0.0,846.034
5760_dose_850_gradient_0_VconcST_0_Vconc_0.7_run_2.csv,5760.0,850.0,0,0.7,0.0,0.7,2,20.0,0.0,0.0,0.0,0.0,0.0,0.0,972.008
5760_dose_850_gradient_0_VconcST_0_Vconc_0.7_run_2.csv,5760.0,850.0,0,0.7,0.0,0.7,2,20.25,0.0,0.0,0.0,0.0,0.0,0.0,883.127
5760_dose_850_gradient_0_VconcST_0_Vconc_0.7_run_2.csv,5760.0,850.0,0,0.7,0.0,0.7,2,20.5,0.0,0.0,0.0,0.0,0.0,0.0,949.529
5760_dose_850_gradient_0_VconcST_0_Vconc_0.7_run_2.csv,5760.0,850.0,0,0.7,0.0,0.7,2,20.75,0.0,0.0,0.0,0.0,0.0,0.0,900.242
5760_dose_850_gradient_0_VconcST_0_Vconc_0.7_run_2.csv,5760.0,850.0,0,0.7,0.0,0.7,2,21.0,0.0,0.0,0.0,0.0,0.0,0.0,916.752
5760_dose_850_gradient_0_VconcST_0_Vconc_0.7_run_2.csv,5760.0,850.0,0,0.7,0.0,0.7,2,21.25,0.0,0.0,0.0,0.0,0.0,0.0,928.261
5760_dose_850_gradient_0_VconcST_0_Vconc_0.7_run_2.csv,5760.0,850.0,0,0.7,0.0,0.7,2,21.5,0.0,0.0,0.0,0.0,0.0,0.0,872.241
5760_dose_850_gradient_0_VconcST_0_Vconc_0.7_run_2.csv,5760.0,850.0,0,0.7,0.0,0.7,2,21.75,0.0,0.0,0.0,0.0,0.0,0.0,962.032
5760_dose_850_gradient_0_VconcST_0_Vconc_0.7_run_2.csv,5760.0,850.0,0,0.7,0.0,0.7,2,22.0,0.0,0.0,0.0,0.0,0.0,0.0,877.924
5760_dose_850_gradient_0_VconcST_0_Vconc_0.7_run_2.csv,5760.0,850.0,0,0.7,0.0,0.7,2,22.25,0.0,0.0,0.0,0.0,0.0,0.0,959.864
5760_dose_850_gradient_0_VconcST_0_Vconc_0.7_run_2.csv,5760.0,850.0,0,0.7,0.0,0.7,2,22.5,0.0,0.0,0.0,0.0,0.0,0.0,871.957
5760_dose_850_gradient_0_VconcST_0_Vconc_0.7_run_2.csv,5760.0,850.0,0,0.7,0.0,0.7,2,22.75,0.0,0.0,0.0,0.0,0.0,0.0,979.785
5760_dose_850_gradient_0_VconcST_0_Vconc_0.7_run_2.csv,5760.0,850.0,0,0.7,0.0,0.7,2,23.0,0.0,0.0,0.0,0.0,0.0,0.0,897.707
5760_dose_850_gradient_0_VconcST_0_Vconc_0.7_run_2.csv,5760.0,850.0,0,0.7,0.0,0.7,2,23.25,0.0,0.0,0.0,0.0,0.0,0.0,911.344
5760_dose_850_gradient_0_VconcST_0_Vconc_0.7_run_2.csv,5760.0,850.0,0,0.7,0.0,0.7,2,23.5,0.0,0.0,0.0,0.0,0.0,0.0,942.175
5760_dose_850_gradient_0_VconcST_0_Vconc_0.7_run_2.csv,5760.0,850.0,0,0.7,0.0,0.7,2,23.75,0.0,0.0,0.0,0.0,0.0,0.0,912.285
5760_dose_850_gradient_0_VconcST_0_Vconc_0.7_run_2.csv,5760.0,850.0,0,0.7,0.0,0.7,2,24.0,56.8541,850.0,0.0221429,56.8541,0.0,0.0,924.995
5760_dose_850_gradient_0_VconcST_0_Vconc_0.7_run_2.csv,5760.0,850.0,0,0.7,0.0,0.7,2,24.25,3431.91,835.508,1.33662,3431.91,0.0,0.999941,0.0685803
5760_dose_850_gradient_0_VconcST_0_Vconc_0.7_run_2.csv,5760.0,850.0,0,0.7,0.0,0.7,2,24.5,6736.63,821.264,2.62371,6736.63,0.0,0.99997,0.0430089
5760_dose_850_gradient_0_VconcST_0_Vconc_0.7_run_2.csv,5760.0,850.0,0,0.7,0.0,0.7,2,24.75,9972.25,807.263,3.88388,9972.25,0.0,0.99998,0.0263517
5760_dose_850_gradient_0_VconcST_0_Vconc_0.7_run_2.csv,5760.0,850.0,0,0.7,0.0,0.7,2,25.0,13140.0,793.5,5.11763,13140.0,0.0,0.999985,0.0191097
5760_dose_850_gradient_0_VconcST_0_Vconc_0.7_run_2.csv,5760.0,850.0,0,0.7,0.0,0.7,2,25.25,16241.1,779.971,6.32541,16241.1,0.0,0.999988,0.0150477
5760_dose_850_gradient_0_VconcST_0_Vconc_0.7_run_2.csv,5760.0,850.0,0,0.7,0.0,0.7,2,25.5,19276.7,766.674,7.50769,19276.7,0.0,0.99999,0.0124405
5760_dose_850_gradient_0_VconcST_0_Vconc_0.7_run_2.csv,5760.0,850.0,0,0.7,0.0,0.7,2,25.75,22248.0,753.603,8.66492,22248.0,0.0,0.999991,0.0106453
5760_dose_850_gradient_0_VconcST_0_Vconc_0.7_run_2.csv,5760.0,850.0,0,0.7,0.0,0.7,2,26.0,25156.1,740.755,9.79754,25156.1,0.0,0.999992,0.00932088
5760_dose_850_gradient_0_VconcST_0_Vconc_0.7_run_2.csv,5760.0,850.0,0,0.7,0.0,0.7,2,26.25,28002.2,728.126,10.906,28002.2,0.0,0.999993,0.00824584
5760_dose_850_gradient_0_VconcST_0_Vconc_0.7_run_2.csv,5760.0,850.0,0,0.7,0.0,0.7,2,26.5,30787.4,715.712,11.9907,30787.4,0.0,0.999994,0.00747807
5760_dose_850_gradient_0_VconcST_0_Vconc_0.7_run_2.csv,5760.0,850.0,0,0.7,0.0,0.7,2,26.75,33512.7,703.51,13.0521,33512.7,0.0,0.999994,0.00686051
5760_dose_850_gradient_0_VconcST_0_Vconc_0.7_run_2.csv,5760.0,850.0,0,0.7,0.0,0.7,2,27.0,36179.2,691.516,14.0907,36179.2,0.0,0.999995,0.00633281
5760_dose_850_gradient_0_VconcST_0_Vconc_0.7_run_2.csv,5760.0,850.0,0,0.7,0.0,0.7,2,27.25,38787.9,679.726,15.1067,38787.9,0.0,0.999995,0.00588135
5760_dose_850_gradient_0_VconcST_0_Vconc_0.7_run_2.csv,5760.0,850.0,0,0.7,0.0,0.7,2,27.5,41340.0,668.138,16.1006,41340.0,0.0,0.999995,0.00547908
5760_dose_850_gradient_0_VconcST_0_Vconc_0.7_run_2.csv,5760.0,850.0,0,0.7,0.0,0.7,2,27.75,43836.3,656.747,17.0729,43836.3,0.0,0.999995,0.00516258
5760_dose_850_gradient_0_VconcST_0_Vconc_0.7_run_2.csv,5760.0,850.0,0,0.7,0.0,0.7,2,28.0,46278.0,645.55,18.0238,46278.0,0.0,0.999996,0.00489167
5760_dose_850_gradient_0_VconcST_0_Vconc_0.7_run_2.csv,5760.0,850.0,0,0.7,0.0,0.7,2,28.25,48665.9,634.544,18.9539,48665.9,0.0,0.999996,0.00461767
5760_dose_850_gradient_0_VconcST_0_Vconc_0.7_run_2.csv,5760.0,850.0,0,0.7,0.0,0.7,2,28.5,51001.1,623.726,19.8634,51001.1,0.0,0.999996,0.00442192
5760_dose_850_gradient_0_VconcST_0_Vconc_0.7_run_2.csv,5760.0,850.0,0,0.7,0.0,0.7,2,28.75,53284.5,613.093,20.7527,53284.5,0.0,0.999996,0.00422529
5760_dose_850_gradient_0_VconcST_0_Vconc_0.7_run_2.csv,5760.0,850.0,0,0.7,0.0,0.7,2,29.0,55517.0,602.64,21.6222,55517.0,0.0,0.999996,0.00402962
5760_dose_850_gradient_0_VconcST_0_Vconc_0.7_run_2.csv,5760.0,850.0,0,0.7,0.0,0.7,2,29.25,57699.5,592.366,22.4722,57699.5,0.0,0.999997,0.00389943
5760_dose_850_gradient_0_VconcST_0_Vconc_0.7_run_2.csv,5760.0,850.0,0,0.7,0.0,0.7,2,29.5,59833.0,582.267,23.3031,59833.0,0.0,0.999997,0.00376235
5760_dose_850_gradient_0_VconcST_0_Vconc_0.7_run_2.csv,5760.0,850.0,0,0.7,0.0,0.7,2,29.75,61918.2,572.34,24.1152,61918.2,0.0,0.999997,0.00363034
5760_dose_850_gradient_0_VconcST_0_Vconc_0.7_run_2.csv,5760.0,850.0,0,0.7,0.0,0.7,2,30.0,63956.1,562.582,24.9089,63956.1,0.0,0.999997,0.00350483
5760_dose_850_gradient_0_VconcST_0_Vconc_0.7_run_2.csv,5760.0,850.0,0,0.7,0.0,0.7,2,30.25,65947.6,552.991,25.6845,65947.6,0.0,0.999997,0.00336429
5760_dose_850_gradient_0_VconcST_0_Vconc_0.7_run_2.csv,5760.0,850.0,0,0.7,0.0,0.7,2,30.5,67893.4,543.563,26.4424,67893.4,0.0,0.999997,0.00336772
5760_dose_850_gradient_0_VconcST_0_Vconc_0.7_run_2.csv,5760.0,850.0,0,0.7,0.0,0.7,2,30.75,69794.4,534.296,27.1827,69794.4,0.0,0.999997,0.0032343
5760_dose_850_gradient_0_VconcST_0_Vconc_0.7_run_2.csv,5760.0,850.0,0,0.7,0.0,0.7,2,31.0,71651.4,525.187,27.906,71651.4,0.0,0.999997,0.00316796
5760_dose_850_gradient_0_VconcST_0_Vconc_0.7_run_2.csv,5760.0,850.0,0,0.7,0.0,0.7,2,31.25,73465.2,516.233,28.6124,73465.2,0.0,0.999997,0.00310426
5760_dose_850_gradient_0_VconcST_0_Vconc_0.7_run_2.csv,5760.0,850.0,0,0.7,0.0,0.7,2,31.5,75236.4,507.432,29.3023,75236.4,0.0,0.999997,0.00304161
5760_dose_850_gradient_0_VconcST_0_Vconc_0.7_run_2.csv,5760.0,850.0,0,0.7,0.0,0.7,2,31.75,76966.1,498.781,29.9759,76966.1,0.0,0.999997,0.0029685
5760_dose_850_gradient_0_VconcST_0_Vconc_0.7_run_2.csv,5760.0,850.0,0,0.7,0.0,0.7,2,32.0,78654.9,490.277,30.6336,78654.9,0.0,0.999997,0.00290488
5760_dose_850_gradient_0_VconcST_0_Vconc_0.7_run_2.csv,5760.0,850.0,0,0.7,0.0,0.7,2,32.25,80303.5,481.918,31.2757,80303.5,0.0,0.999997,0.00283824
5760_dose_850_gradient_0_VconcST_0_Vconc_0.7_run_2.csv,5760.0,850.0,0,0.7,0.0,0.7,2,32.5,81912.7,473.702,31.9024,81912.7,0.0,0.999997,0.00277518
5760_dose_850_gradient_0_VconcST_0_Vconc_0.7_run_2.csv,5760.0,850.0,0,0.7,0.0,0.7,2,32.75,83483.1,465.626,32.5141,83483.1,0.0,0.999998,0.00270711
5760_dose_850_gradient_0_VconcST_0_Vconc_0.7_run_2.csv,5760.0,850.0,0,0.7,0.0,0.7,2,33.0,85015.5,457.688,33.1109,85015.5,0.0,0.999998,0.00264544
5760_dose_850_gradient_0_VconcST_0_Vconc_0.7_run_2.csv,5760.0,850.0,0,0.7,0.0,0.7,2,33.25,86510.6,449.885,33.6932,86510.6,0.0,0.999998,0.00263867
5760_dose_850_gradient_0_VconcST_0_Vconc_0.7_run_2.csv,5760.0,850.0,0,0.7,0.0,0.7,2,33.5,87969.0,442.215,34.2612,87969.0,0.0,0.999998,0.00257271
5760_dose_850_gradient_0_VconcST_0_Vconc_0.7_run_2.csv,5760.0,850.0,0,0.7,0.0,0.7,2,33.75,89391.4,434.676,34.8152,89391.4,0.0,0.999998,0.00251052
5760_dose_850_gradient_0_VconcST_0_Vconc_0.7_run_2.csv,5760.0,850.0,0,0.7,0.0,0.7,2,34.0,90778.5,427.265,35.3554,90778.5,0.0,0.999998,0.00251888
5760_dose_850_gradient_0_VconcST_0_Vconc_0.7_run_2.csv,5760.0,850.0,0,0.7,0.0,0.7,2,34.25,92130.9,419.981,35.8821,92130.9,0.0,0.999998,0.00244961
5760_dose_850_gradient_0_VconcST_0_Vconc_0.7_run_2.csv,5760.0,850.0,0,0.7,0.0,0.7,2,34.5,93449.3,412.82,36.3956,93449.3,0.0,0.999998,0.00244438
5760_dose_850_gradient_0_VconcST_0_Vconc_0.7_run_2.csv,5760.0,850.0,0,0.7,0.0,0.7,2,34.75,94734.2,405.782,36.896,94734.2,0.0,0.999998,0.00237763
5760_dose_850_gradient_0_VconcST_0_Vconc_0.7_run_2.csv,5760.0,850.0,0,0.7,0.0,0.7,2,35.0,95986.3,398.864,37.3837,95986.3,0.0,0.999998,0.00237597
5760_dose_850_gradient_0_VconcST_0_Vconc_0.7_run_2.csv,5760.0,850.0,0,0.7,0.0,0.7,2,35.25,97206.2,392.064,37.8588,97206.2,0.0,0.999998,0.00231314
5760_dose_850_gradient_0_VconcST_0_Vconc_0.7_run_2.csv,5760.0,850.0,0,0.7,0.0,0.7,2,35.5,98394.4,385.38,38.3216,98394.4,0.0,0.999998,0.00230884
5760_dose_850_gradient_0_VconcST_0_Vconc_0.7_run_2.csv,5760.0,850.0,0,0.7,0.0,0.7,2,35.75,99551.6,378.81,38.7723,99551.6,0.0,0.999998,0.00224287
5760_dose_850_gradient_0_VconcST_0_Vconc_0.7_run_2.csv,5760.0,850.0,0,0.7,0.0,0.7,2,36.0,100678.0,372.352,39.2111,100678.0,0.0,0.999998,0.00224712
5760_dose_850_gradient_0_VconcST_0_Vconc_0.7_run_2.csv,5760.0,850.0,0,0.7,0.0,0.7,2,36.25,101775.0,366.004,39.6383,101775.0,0.0,0.999998,0.00224468
5760_dose_850_gradient_0_VconcST_0_Vconc_0.7_run_2.csv,5760.0,850.0,0,0.7,0.0,0.7,2,36.5,102843.0,359.764,40.054,102843.0,0.0,0.999998,0.00218011
5760_dose_850_gradient_0_VconcST_0_Vconc_0.7_run_2.csv,5760.0,850.0,0,0.7,0.0,0.7,2,36.75,103881.0,353.63,40.4585,103881.0,0.0,0.999998,0.0021769
5760_dose_850_gradient_0_VconcST_0_Vconc_0.7_run_2.csv,5760.0,850.0,0,0.7,0.0,0.7,2,37.0,104892.0,347.601,40.852,104892.0,0.0,0.999998,0.00218195
5760_dose_850_gradient_0_VconcST_0_Vconc_0.7_run_2.csv,5760.0,850.0,0,0.7,0.0,0.7,2,37.25,105874.0,341.675,41.2347,105874.0,0.0,0.999998,0.00211094
5760_dose_850_gradient_0_VconcST_0_Vconc_0.7_run_2.csv,5760.0,850.0,0,0.7,0.0,0.7,2,37.5,106829.0,335.85,41.6068,106829.0,0.0,0.999998,0.0021122
5760_dose_850_gradient_0_VconcST_0_Vconc_0.7_run_2.csv,5760.0,850.0,0,0.7,0.0,0.7,2,37.75,107758.0,330.124,41.9684,107758.0,0.0,0.999998,0.00211302
5760_dose_850_gradient_0_VconcST_0_Vconc_0.7_run_2.csv,5760.0,850.0,0,0.7,0.0,0.7,2,38.0,108660.0,324.496,42.3198,108660.0,0.0,0.999998,0.00204641
5760_dose_850_gradient_0_VconcST_0_Vconc_0.7_run_2.csv,5760.0,850.0,0,0.7,0.0,0.7,2,38.25,109537.0,318.964,42.6612,109537.0,0.0,0.999998,0.00204498
5760_dose_850_gradient_0_VconcST_0_Vconc_0.7_run_2.csv,5760.0,850.0,0,0.7,0.0,0.7,2,38.5,110388.0,313.526,42.9927,110388.0,0.0,0.999998,0.00204641
5760_dose_850_gradient_0_VconcST_0_Vconc_0.7_run_2.csv,5760.0,850.0,0,0.7,0.0,0.7,2,38.75,111214.0,308.181,43.3146,111214.0,0.0,0.999998,0.00204972
5760_dose_850_gradient_0_VconcST_0_Vconc_0.7_run_2.csv,5760.0,850.0,0,0.7,0.0,0.7,2,39.0,112016.0,302.926,43.627,112016.0,0.0,0.999998,0.00204498
5760_dose_850_gradient_0_VconcST_0_Vconc_0.7_run_2.csv,5760.0,850.0,0,0.7,0.0,0.7,2,39.25,112795.0,297.762,43.93,112795.0,0.0,0.999998,0.00197998
5760_dose_850_gradient_0_VconcST_0_Vconc_0.7_run_2.csv,5760.0,850.0,0,0.7,0.0,0.7,2,39.5,113549.0,292.685,44.2239,113549.0,0.0,0.999998,0.00197998
5760_dose_850_gradient_0_VconcST_0_Vconc_0.7_run_2.csv,5760.0,850.0,0,0.7,0.0,0.7,2,39.75,114281.0,287.695,44.5089,114281.0,0.0,0.999998,0.00198116
5760_dose_850_gradient_0_VconcST_0_Vconc_0.7_run_2.csv,5760.0,850.0,0,0.7,0.0,0.7,2,40.0,114990.0,282.791,44.7851,114990.0,0.0,0.999998,0.00198297
5760_dose_850_gradient_0_VconcST_0_Vconc_0.7_run_2.csv,5760.0,850.0,0,0.7,0.0,0.7,2,40.25,115677.0,277.969,45.0526,115677.0,0.0,0.999998,0.00198039
5760_dose_850_gradient_0_VconcST_0_Vconc_0.7_run_2.csv,5760.0,850.0,0,0.7,0.0,0.7,2,40.5,116342.0,273.23,45.3116,116342.0,0.0,0.999998,0.00191632
5760_dose_850_gradient_0_VconcST_0_Vconc_0.7_run_2.csv,5760.0,850.0,0,0.7,0.0,0.7,2,40.75,116986.0,268.572,45.5624,116986.0,0.0,0.999998,0.00192304
5760_dose_850_gradient_0_VconcST_0_Vconc_0.7_run_2.csv,5760.0,850.0,0,0.7,0.0,0.7,2,41.0,117609.0,263.993,45.805,117609.0,0.0,0.999998,0.00191417
5760_dose_850_gradient_0_VconcST_0_Vconc_0.7_run_2.csv,5760.0,850.0,0,0.7,0.0,0.7,2,41.25,118211.0,259.492,46.0396,118211.0,0.0,0.999998,0.00191692
5760_dose_850_gradient_0_VconcST_0_Vconc_0.7_run_2.csv,5760.0,850.0,0,0.7,0.0,0.7,2,41.5,118793.0,255.068,46.2663,118793.0,0.0,0.999998,0.00191517
5760_dose_800_gradient_0_VconcST_0_Vconc_0.8_run_2.csv,5760.0,800.0,0,0.8,0.0,0.8,2,0.0,0.0,0.0,0.0,0.0,0.0,0.0,0.0
5760_dose_800_gradient_0_VconcST_0_Vconc_0.8_run_2.csv,5760.0,800.0,0,0.8,0.0,0.8,2,0.25,0.0,0.0,0.0,0.0,0.0,0.0,2029.64
5760_dose_800_gradient_0_VconcST_0_Vconc_0.8_run_2.csv,5760.0,800.0,0,0.8,0.0,0.8,2,0.5,0.0,0.0,0.0,0.0,0.0,0.0,65.2451
5760_dose_800_gradient_0_VconcST_0_Vconc_0.8_run_2.csv,5760.0,800.0,0,0.8,0.0,0.8,2,0.75,0.0,0.0,0.0,0.0,0.0,0.0,1912.36
5760_dose_800_gradient_0_VconcST_0_Vconc_0.8_run_2.csv,5760.0,800.0,0,0.8,0.0,0.8,2,1.0,0.0,0.0,0.0,0.0,0.0,0.0,136.294
5760_dose_800_gradient_0_VconcST_0_Vconc_0.8_run_2.csv,5760.0,800.0,0,0.8,0.0,0.8,2,1.25,0.0,0.0,0.0,0.0,0.0,0.0,1855.86
5760_dose_800_gradient_0_VconcST_0_Vconc_0.8_run_2.csv,5760.0,800.0,0,0.8,0.0,0.8,2,1.5,0.0,0.0,0.0,0.0,0.0,0.0,187.243
5760_dose_800_gradient_0_VconcST_0_Vconc_0.8_run_2.csv,5760.0,800.0,0,0.8,0.0,0.8,2,1.75,0.0,0.0,0.0,0.0,0.0,0.0,1707.39
5760_dose_800_gradient_0_VconcST_0_Vconc_0.8_run_2.csv,5760.0,800.0,0,0.8,0.0,0.8,2,2.0,0.0,0.0,0.0,0.0,0.0,0.0,300.126
5760_dose_800_gradient_0_VconcST_0_Vconc_0.8_run_2.csv,5760.0,800.0,0,0.8,0.0,0.8,2,2.25,0.0,0.0,0.0,0.0,0.0,0.0,1623.28
5760_dose_800_gradient_0_VconcST_0_Vconc_0.8_run_2.csv,5760.0,800.0,0,0.8,0.0,0.8,2,2.5,0.0,0.0,0.0,0.0,0.0,0.0,327.465
5760_dose_800_gradient_0_VconcST_0_Vconc_0.8_run_2.csv,5760.0,800.0,0,0.8,0.0,0.8,2,2.75,0.0,0.0,0.0,0.0,0.0,0.0,1632.73
5760_dose_800_gradient_0_VconcST_0_Vconc_0.8_run_2.csv,5760.0,800.0,0,0.8,0.0,0.8,2,3.0,0.0,0.0,0.0,0.0,0.0,0.0,361.735
5760_dose_800_gradient_0_VconcST_0_Vconc_0.8_run_2.csv,5760.0,800.0,0,0.8,0.0,0.8,2,3.25,0.0,0.0,0.0,0.0,0.0,0.0,1576.89
5760_dose_800_gradient_0_VconcST_0_Vconc_0.8_run_2.csv,5760.0,800.0,0,0.8,0.0,0.8,2,3.5,0.0,0.0,0.0,0.0,0.0,0.0,489.25
5760_dose_800_gradient_0_VconcST_0_Vconc_0.8_run_2.csv,5760.0,800.0,0,0.8,0.0,0.8,2,3.75,0.0,0.0,0.0,0.0,0.0,0.0,1356.39
5760_dose_800_gradient_0_VconcST_0_Vconc_0.8_run_2.csv,5760.0,800.0,0,0.8,0.0,0.8,2,4.0,0.0,0.0,0.0,0.0,0.0,0.0,669.899
5760_dose_800_gradient_0_VconcST_0_Vconc_0.8_run_2.csv,5760.0,800.0,0,0.8,0.0,0.8,2,4.25,0.0,0.0,0.0,0.0,0.0,0.0,1320.89
5760_dose_800_gradient_0_VconcST_0_Vconc_0.8_run_2.csv,5760.0,800.0,0,0.8,0.0,0.8,2,4.5,0.0,0.0,0.0,0.0,0.0,0.0,757.774
5760_dose_800_gradient_0_VconcST_0_Vconc_0.8_run_2.csv,5760.0,800.0,0,0.8,0.0,0.8,2,4.75,0.0,0.0,0.0,0.0,0.0,0.0,1159.58
5760_dose_800_gradient_0_VconcST_0_Vconc_0.8_run_2.csv,5760.0,800.0,0,0.8,0.0,0.8,2,5.0,0.0,0.0,0.0,0.0,0.0,0.0,916.559
5760_dose_800_gradient_0_VconcST_0_Vconc_0.8_run_2.csv,5760.0,800.0,0,0.8,0.0,0.8,2,5.25,0.0,0.0,0.0,0.0,0.0,0.0,1031.42
5760_dose_800_gradient_0_VconcST_0_Vconc_0.8_run_2.csv,5760.0,800.0,0,0.8,0.0,0.8,2,5.5,0.0,0.0,0.0,0.0,0.0,0.0,1050.46
5760_dose_800_gradient_0_VconcST_0_Vconc_0.8_run_2.csv,5760.0,800.0,0,0.8,0.0,0.8,2,5.75,0.0,0.0,0.0,0.0,0.0,0.0,1016.68
5760_dose_800_gradient_0_VconcST_0_Vconc_0.8_run_2.csv,5760.0,800.0,0,0.8,0.0,0.8,2,6.0,0.0,0.0,0.0,0.0,0.0,0.0,1293.51
5760_dose_800_gradient_0_VconcST_0_Vconc_0.8_run_2.csv,5760.0,800.0,0,0.8,0.0,0.8,2,6.25,0.0,0.0,0.0,0.0,0.0,0.0,1031.99
5760_dose_800_gradient_0_VconcST_0_Vconc_0.8_run_2.csv,5760.0,800.0,0,0.8,0.0,0.8,2,6.5,0.0,0.0,0.0,0.0,0.0,0.0,1346.05
5760_dose_800_gradient_0_VconcST_0_Vconc_0.8_run_2.csv,5760.0,800.0,0,0.8,0.0,0.8,2,6.75,0.0,0.0,0.0,0.0,0.0111719,0.0,1346.25
5760_dose_800_gradient_0_VconcST_0_Vconc_0.8_run_2.csv,5760.0,800.0,0,0.8,0.0,0.8,2,7.0,0.0,0.0,0.0,0.0,0.0524219,0.0,1501.77
5760_dose_800_gradient_0_VconcST_0_Vconc_0.8_run_2.csv,5760.0,800.0,0,0.8,0.0,0.8,2,7.25,0.0,0.0,0.0,0.0,0.125599,0.0,1690.95
5760_dose_800_gradient_0_VconcST_0_Vconc_0.8_run_2.csv,5760.0,800.0,0,0.8,0.0,0.8,2,7.5,0.0,0.0,0.0,0.0,0.230026,0.0,1674.23
5760_dose_800_gradient_0_VconcST_0_Vconc_0.8_run_2.csv,5760.0,800.0,0,0.8,0.0,0.8,2,7.75,0.0,0.0,0.0,0.0,0.365703,0.0,1870.29
5760_dose_800_gradient_0_VconcST_0_Vconc_0.8_run_2.csv,5760.0,800.0,0,0.8,0.0,0.8,2,8.0,0.0,0.0,0.0,0.0,0.517917,0.0,2059.6
5760_dose_800_gradient_0_VconcST_0_Vconc_0.8_run_2.csv,5760.0,800.0,0,0.8,0.0,0.8,2,8.25,0.0,0.0,0.0,0.0,0.71349,0.0,2205.45
5760_dose_800_gradient_0_VconcST_0_Vconc_0.8_run_2.csv,5760.0,800.0,0,0.8,0.0,0.8,2,8.5,0.0,0.0,0.0,0.0,0.890508,0.0,2193.48
5760_dose_800_gradient_0_VconcST_0_Vconc_0.8_run_2.csv,5760.0,800.0,0,0.8,0.0,0.8,2,8.75,0.0,0.0,0.0,0.0,0.991667,0.0,2214.55
5760_dose_800_gradient_0_VconcST_0_Vconc_0.8_run_2.csv,5760.0,800.0,0,0.8,0.0,0.8,2,9.0,0.0,0.0,0.0,0.0,1.0,0.0,2225.18
5760_dose_800_gradient_0_VconcST_0_Vconc_0.8_run_2.csv,5760.0,800.0,0,0.8,0.0,0.8,2,9.25,0.0,0.0,0.0,0.0,1.0,0.0,2228.99
5760_dose_800_gradient_0_VconcST_0_Vconc_0.8_run_2.csv,5760.0,800.0,0,0.8,0.0,0.8,2,9.5,0.0,0.0,0.0,0.0,1.0,0.0,2262.1
5760_dose_800_gradient_0_VconcST_0_Vconc_0.8_run_2.csv,5760.0,800.0,0,0.8,0.0,0.8,2,9.75,0.0,0.0,0.0,0.0,1.0,0.0,2295.92
5760_dose_800_gradient_0_VconcST_0_Vconc_0.8_run_2.csv,5760.0,800.0,0,0.8,0.0,0.8,2,10.0,0.0,0.0,0.0,0.0,1.0,0.0,2119.15
5760_dose_800_gradient_0_VconcST_0_Vconc_0.8_run_2.csv,5760.0,800.0,0,0.8,0.0,0.8,2,10.25,0.0,0.0,0.0,0.0,1.0,0.0,2170.44
5760_dose_800_gradient_0_VconcST_0_Vconc_0.8_run_2.csv,5760.0,800.0,0,0.8,0.0,0.8,2,10.5,0.0,0.0,0.0,0.0,1.0,0.0,2187.31
5760_dose_800_gradient_0_VconcST_0_Vconc_0.8_run_2.csv,5760.0,800.0,0,0.8,0.0,0.8,2,10.75,0.0,0.0,0.0,0.0,1.0,0.0,2250.18
5760_dose_800_gradient_0_VconcST_0_Vconc_0.8_run_2.csv,5760.0,800.0,0,0.8,0.0,0.8,2,11.0,0.0,0.0,0.0,0.0,1.0,0.0,2238.58
5760_dose_800_gradient_0_VconcST_0_Vconc_0.8_run_2.csv,5760.0,800.0,0,0.8,0.0,0.8,2,11.25,0.0,0.0,0.0,0.0,1.0,0.0,2271.75
5760_dose_800_gradient_0_VconcST_0_Vconc_0.8_run_2.csv,5760.0,800.0,0,0.8,0.0,0.8,2,11.5,0.0,0.0,0.0,0.0,1.0,0.0,2222.8
5760_dose_800_gradient_0_VconcST_0_Vconc_0.8_run_2.csv,5760.0,800.0,0,0.8,0.0,0.8,2,11.75,0.0,0.0,0.0,0.0,1.0,0.0,2163.6
5760_dose_800_gradient_0_VconcST_0_Vconc_0.8_run_2.csv,5760.0,800.0,0,0.8,0.0,0.8,2,12.0,0.0,0.0,0.0,0.0,1.0,0.0,2213.07
5760_dose_800_gradient_0_VconcST_0_Vconc_0.8_run_2.csv,5760.0,800.0,0,0.8,0.0,0.8,2,12.25,0.0,0.0,0.0,0.0,1.0,0.0,2199.74
5760_dose_800_gradient_0_VconcST_0_Vconc_0.8_run_2.csv,5760.0,800.0,0,0.8,0.0,0.8,2,12.5,0.0,0.0,0.0,0.0,1.0,0.0,2128.71
5760_dose_800_gradient_0_VconcST_0_Vconc_0.8_run_2.csv,5760.0,800.0,0,0.8,0.0,0.8,2,12.75,0.0,0.0,0.0,0.0,1.0,0.0,2114.78
5760_dose_800_gradient_0_VconcST_0_Vconc_0.8_run_2.csv,5760.0,800.0,0,0.8,0.0,0.8,2,13.0,0.0,0.0,0.0,0.0,1.0,0.0,2236.47
5760_dose_800_gradient_0_VconcST_0_Vconc_0.8_run_2.csv,5760.0,800.0,0,0.8,0.0,0.8,2,13.25,0.0,0.0,0.0,0.0,1.0,0.0,2222.14
5760_dose_800_gradient_0_VconcST_0_Vconc_0.8_run_2.csv,5760.0,800.0,0,0.8,0.0,0.8,2,13.5,0.0,0.0,0.0,0.0,1.0,0.0,2301.31
5760_dose_800_gradient_0_VconcST_0_Vconc_0.8_run_2.csv,5760.0,800.0,0,0.8,0.0,0.8,2,13.75,0.0,0.0,0.0,0.0,1.0,0.0,2278.66
5760_dose_800_gradient_0_VconcST_0_Vconc_0.8_run_2.csv,5760.0,800.0,0,0.8,0.0,0.8,2,14.0,0.0,0.0,0.0,0.0,1.0,0.0,2229.55
5760_dose_800_gradient_0_VconcST_0_Vconc_0.8_run_2.csv,5760.0,800.0,0,0.8,0.0,0.8,2,14.25,0.0,0.0,0.0,0.0,1.0,0.0,2198.76
5760_dose_800_gradient_0_VconcST_0_Vconc_0.8_run_2.csv,5760.0,800.0,0,0.8,0.0,0.8,2,14.5,0.0,0.0,0.0,0.0,1.0,0.0,2258.3
5760_dose_800_gradient_0_VconcST_0_Vconc_0.8_run_2.csv,5760.0,800.0,0,0.8,0.0,0.8,2,14.75,0.0,0.0,0.0,0.0,1.0,0.0,2111.31
5760_dose_800_gradient_0_VconcST_0_Vconc_0.8_run_2.csv,5760.0,800.0,0,0.8,0.0,0.8,2,15.0,0.0,0.0,0.0,0.0,1.0,0.0,2155.27
5760_dose_800_gradient_0_VconcST_0_Vconc_0.8_run_2.csv,5760.0,800.0,0,0.8,0.0,0.8,2,15.25,0.0,0.0,0.0,0.0,1.0,0.0,2092.47
5760_dose_800_gradient_0_VconcST_0_Vconc_0.8_run_2.csv,5760.0,800.0,0,0.8,0.0,0.8,2,15.5,0.0,0.0,0.0,0.0,1.0,0.0,2187.03
5760_dose_800_gradient_0_VconcST_0_Vconc_0.8_run_2.csv,5760.0,800.0,0,0.8,0.0,0.8,2,15.75,0.0,0.0,0.0,0.0,1.0,0.0,2272.96
5760_dose_800_gradient_0_VconcST_0_Vconc_0.8_run_2.csv,5760.0,800.0,0,0.8,0.0,0.8,2,16.0,0.0,0.0,0.0,0.0,1.0,0.0,2301.85
5760_dose_800_gradient_0_VconcST_0_Vconc_0.8_run_2.csv,5760.0,800.0,0,0.8,0.0,0.8,2,16.25,0.0,0.0,0.0,0.0,1.0,0.0,2240.72
5760_dose_800_gradient_0_VconcST_0_Vconc_0.8_run_2.csv,5760.0,800.0,0,0.8,0.0,0.8,2,16.5,0.0,0.0,0.0,0.0,1.0,0.0,2258.3
5760_dose_800_gradient_0_VconcST_0_Vconc_0.8_run_2.csv,5760.0,800.0,0,0.8,0.0,0.8,2,16.75,0.0,0.0,0.0,0.0,1.0,0.0,2161.57
5760_dose_800_gradient_0_VconcST_0_Vconc_0.8_run_2.csv,5760.0,800.0,0,0.8,0.0,0.8,2,17.0,0.0,0.0,0.0,0.0,1.0,0.0,2227.41
5760_dose_800_gradient_0_VconcST_0_Vconc_0.8_run_2.csv,5760.0,800.0,0,0.8,0.0,0.8,2,17.25,0.0,0.0,0.0,0.0,1.0,0.0,2243.64
5760_dose_800_gradient_0_VconcST_0_Vconc_0.8_run_2.csv,5760.0,800.0,0,0.8,0.0,0.8,2,17.5,0.0,0.0,0.0,0.0,1.0,0.0,2301.89
5760_dose_800_gradient_0_VconcST_0_Vconc_0.8_run_2.csv,5760.0,800.0,0,0.8,0.0,0.8,2,17.75,0.0,0.0,0.0,0.0,1.0,0.0,2245.36
5760_dose_800_gradient_0_VconcST_0_Vconc_0.8_run_2.csv,5760.0,800.0,0,0.8,0.0,0.8,2,18.0,0.0,0.0,0.0,0.0,1.0,0.0,2207.22
5760_dose_800_gradient_0_VconcST_0_Vconc_0.8_run_2.csv,5760.0,800.0,0,0.8,0.0,0.8,2,18.25,0.0,0.0,0.0,0.0,1.0,0.0,2171.85
5760_dose_800_gradient_0_VconcST_0_Vconc_0.8_run_2.csv,5760.0,800.0,0,0.8,0.0,0.8,2,18.5,0.0,0.0,0.0,0.0,1.0,0.0,2250.3
5760_dose_800_gradient_0_VconcST_0_Vconc_0.8_run_2.csv,5760.0,800.0,0,0.8,0.0,0.8,2,18.75,0.0,0.0,0.0,0.0,1.0,0.0,2263.84
5760_dose_800_gradient_0_VconcST_0_Vconc_0.8_run_2.csv,5760.0,800.0,0,0.8,0.0,0.8,2,19.0,0.0,0.0,0.0,0.0,1.0,0.0,2254.33
5760_dose_800_gradient_0_VconcST_0_Vconc_0.8_run_2.csv,5760.0,800.0,0,0.8,0.0,0.8,2,19.25,0.0,0.0,0.0,0.0,1.0,0.0,2258.59
5760_dose_800_gradient_0_VconcST_0_Vconc_0.8_run_2.csv,5760.0,800.0,0,0.8,0.0,0.8,2,19.5,0.0,0.0,0.0,0.0,1.0,0.0,2257.37
5760_dose_800_gradient_0_VconcST_0_Vconc_0.8_run_2.csv,5760.0,800.0,0,0.8,0.0,0.8,2,19.75,0.0,0.0,0.0,0.0,1.0,0.0,2248.42
5760_dose_800_gradient_0_VconcST_0_Vconc_0.8_run_2.csv,5760.0,800.0,0,0.8,0.0,0.8,2,20.0,0.0,0.0,0.0,0.0,1.0,0.0,2201.34
5760_dose_800_gradient_0_VconcST_0_Vconc_0.8_run_2.csv,5760.0,800.0,0,0.8,0.0,0.8,2,20.25,0.0,0.0,0.0,0.0,1.0,0.0,2159.1
5760_dose_800_gradient_0_VconcST_0_Vconc_0.8_run_2.csv,5760.0,800.0,0,0.8,0.0,0.8,2,20.5,0.0,0.0,0.0,0.0,1.0,0.0,2171.13
5760_dose_800_gradient_0_VconcST_0_Vconc_0.8_run_2.csv,5760.0,800.0,0,0.8,0.0,0.8,2,20.75,0.0,0.0,0.0,0.0,1.0,0.0,2166.45
5760_dose_800_gradient_0_VconcST_0_Vconc_0.8_run_2.csv,5760.0,800.0,0,0.8,0.0,0.8,2,21.0,0.0,0.0,0.0,0.0,1.0,0.0,2222.59
5760_dose_800_gradient_0_VconcST_0_Vconc_0.8_run_2.csv,5760.0,800.0,0,0.8,0.0,0.8,2,21.25,0.0,0.0,0.0,0.0,1.0,0.0,2229.96
5760_dose_800_gradient_0_VconcST_0_Vconc_0.8_run_2.csv,5760.0,800.0,0,0.8,0.0,0.8,2,21.5,0.0,0.0,0.0,0.0,1.0,0.0,2236.81
5760_dose_800_gradient_0_VconcST_0_Vconc_0.8_run_2.csv,5760.0,800.0,0,0.8,0.0,0.8,2,21.75,0.0,0.0,0.0,0.0,1.0,0.0,2215.37
5760_dose_800_gradient_0_VconcST_0_Vconc_0.8_run_2.csv,5760.0,800.0,0,0.8,0.0,0.8,2,22.0,0.0,0.0,0.0,0.0,1.0,0.0,2240.42
5760_dose_800_gradient_0_VconcST_0_Vconc_0.8_run_2.csv,5760.0,800.0,0,0.8,0.0,0.8,2,22.25,0.0,0.0,0.0,0.0,1.0,0.0,2250.59
5760_dose_800_gradient_0_VconcST_0_Vconc_0.8_run_2.csv,5760.0,800.0,0,0.8,0.0,0.8,2,22.5,0.0,0.0,0.0,0.0,1.0,0.0,2290.27
5760_dose_800_gradient_0_VconcST_0_Vconc_0.8_run_2.csv,5760.0,800.0,0,0.8,0.0,0.8,2,22.75,0.0,0.0,0.0,0.0,1.0,0.0,2197.19
5760_dose_800_gradient_0_VconcST_0_Vconc_0.8_run_2.csv,5760.0,800.0,0,0.8,0.0,0.8,2,23.0,0.0,0.0,0.0,0.0,1.0,0.0,2187.07
5760_dose_800_gradient_0_VconcST_0_Vconc_0.8_run_2.csv,5760.0,800.0,0,0.8,0.0,0.8,2,23.25,0.0,0.0,0.0,0.0,1.0,0.0,2214.67
5760_dose_800_gradient_0_VconcST_0_Vconc_0.8_run_2.csv,5760.0,800.0,0,0.8,0.0,0.8,2,23.5,0.0,0.0,0.0,0.0,1.0,0.0,2194.31
5760_dose_800_gradient_0_VconcST_0_Vconc_0.8_run_2.csv,5760.0,800.0,0,0.8,0.0,0.8,2,23.75,0.0,0.0,0.0,0.0,1.0,0.0,2232.86
5760_dose_800_gradient_0_VconcST_0_Vconc_0.8_run_2.csv,5760.0,800.0,0,0.8,0.0,0.8,2,24.0,53.5098,800.0,0.0208404,53.5098,1.0,0.0,2166.66
5760_dose_800_gradient_0_VconcST_0_Vconc_0.8_run_2.csv,5760.0,800.0,0,0.8,0.0,0.8,2,24.25,3230.04,786.361,1.258,3230.04,0.0,0.999937,0.0769244
5760_dose_800_gradient_0_VconcST_0_Vconc_0.8_run_2.csv,5760.0,800.0,0,0.8,0.0,0.8,2,24.5,6340.36,772.954,2.46937,6340.36,0.0,0.999968,0.052244
5760_dose_800_gradient_0_VconcST_0_Vconc_0.8_run_2.csv,5760.0,800.0,0,0.8,0.0,0.8,2,24.75,9385.65,759.777,3.65542,9385.65,0.0,0.999979,0.0320028
5760_dose_800_gradient_0_VconcST_0_Vconc_0.8_run_2.csv,5760.0,800.0,0,0.8,0.0,0.8,2,25.0,12367.1,746.823,4.81659,12367.1,0.0,0.999984,0.0232031
5760_dose_800_gradient_0_VconcST_0_Vconc_0.8_run_2.csv,5760.0,800.0,0,0.8,0.0,0.8,2,25.25,15285.7,734.092,5.95332,15285.7,0.0,0.999987,0.0182963
5760_dose_800_gradient_0_VconcST_0_Vconc_0.8_run_2.csv,5760.0,800.0,0,0.8,0.0,0.8,2,25.5,18142.8,721.576,7.06605,18142.8,0.0,0.999989,0.0150099
5760_dose_800_gradient_0_VconcST_0_Vconc_0.8_run_2.csv,5760.0,800.0,0,0.8,0.0,0.8,2,25.75,20939.3,709.274,8.15521,20939.3,0.0,0.99999,0.0129216
5760_dose_800_gradient_0_VconcST_0_Vconc_0.8_run_2.csv,5760.0,800.0,0,0.8,0.0,0.8,2,26.0,23676.4,697.182,9.22121,23676.4,0.0,0.999992,0.0112332
5760_dose_800_gradient_0_VconcST_0_Vconc_0.8_run_2.csv,5760.0,800.0,0,0.8,0.0,0.8,2,26.25,26355.0,685.296,10.2645,26355.0,0.0,0.999992,0.0100269
5760_dose_800_gradient_0_VconcST_0_Vconc_0.8_run_2.csv,5760.0,800.0,0,0.8,0.0,0.8,2,26.5,28976.4,673.613,11.2854,28976.4,0.0,0.999993,0.00915265
5760_dose_800_gradient_0_VconcST_0_Vconc_0.8_run_2.csv,5760.0,800.0,0,0.8,0.0,0.8,2,26.75,31541.3,662.128,12.2844,31541.3,0.0,0.999994,0.00831975
5760_dose_800_gradient_0_VconcST_0_Vconc_0.8_run_2.csv,5760.0,800.0,0,0.8,0.0,0.8,2,27.0,34051.0,650.84,13.2618,34051.0,0.0,0.999994,0.00768985
5760_dose_800_gradient_0_VconcST_0_Vconc_0.8_run_2.csv,5760.0,800.0,0,0.8,0.0,0.8,2,27.25,36506.3,639.744,14.2181,36506.3,0.0,0.999995,0.00717592
5760_dose_800_gradient_0_VconcST_0_Vconc_0.8_run_2.csv,5760.0,800.0,0,0.8,0.0,0.8,2,27.5,38908.2,628.837,15.1535,38908.2,0.0,0.999995,0.00670973
5760_dose_800_gradient_0_VconcST_0_Vconc_0.8_run_2.csv,5760.0,800.0,0,0.8,0.0,0.8,2,27.75,41257.7,618.116,16.0686,41257.7,0.0,0.999995,0.00626682
5760_dose_800_gradient_0_VconcST_0_Vconc_0.8_run_2.csv,5760.0,800.0,0,0.8,0.0,0.8,2,28.0,43555.8,607.578,16.9636,43555.8,0.0,0.999995,0.00596062
5760_dose_800_gradient_0_VconcST_0_Vconc_0.8_run_2.csv,5760.0,800.0,0,0.8,0.0,0.8,2,28.25,45803.3,597.219,17.839,45803.3,0.0,0.999996,0.005669
5760_dose_800_gradient_0_VconcST_0_Vconc_0.8_run_2.csv,5760.0,800.0,0,0.8,0.0,0.8,2,28.5,48001.1,587.037,18.6949,48001.1,0.0,0.999996,0.00535275
5760_dose_800_gradient_0_VconcST_0_Vconc_0.8_run_2.csv,5760.0,800.0,0,0.8,0.0,0.8,2,28.75,50150.2,577.029,19.5319,50150.2,0.0,0.999996,0.00512652
5760_dose_800_gradient_0_VconcST_0_Vconc_0.8_run_2.csv,5760.0,800.0,0,0.8,0.0,0.8,2,29.0,52251.3,567.191,20.3503,52251.3,0.0,0.999996,0.0049028
5760_dose_800_gradient_0_VconcST_0_Vconc_0.8_run_2.csv,5760.0,800.0,0,0.8,0.0,0.8,2,29.25,54305.5,557.521,21.1503,54305.5,0.0,0.999996,0.00475192
5760_dose_800_gradient_0_VconcST_0_Vconc_0.8_run_2.csv,5760.0,800.0,0,0.8,0.0,0.8,2,29.5,56313.4,548.016,21.9323,56313.4,0.0,0.999996,0.00452757
5760_dose_800_gradient_0_VconcST_0_Vconc_0.8_run_2.csv,5760.0,800.0,0,0.8,0.0,0.8,2,29.75,58276.0,538.673,22.6967,58276.0,0.0,0.999997,0.0043825
5760_dose_800_gradient_0_VconcST_0_Vconc_0.8_run_2.csv,5760.0,800.0,0,0.8,0.0,0.8,2,30.0,60194.1,529.49,23.4437,60194.1,0.0,0.999997,0.00422618
5760_dose_800_gradient_0_VconcST_0_Vconc_0.8_run_2.csv,5760.0,800.0,0,0.8,0.0,0.8,2,30.25,62068.4,520.462,24.1737,62068.4,0.0,0.999997,0.00415493
5760_dose_800_gradient_0_VconcST_0_Vconc_0.8_run_2.csv,5760.0,800.0,0,0.8,0.0,0.8,2,30.5,63899.7,511.589,24.887,63899.7,0.0,0.999997,0.00400582
5760_dose_800_gradient_0_VconcST_0_Vconc_0.8_run_2.csv,5760.0,800.0,0,0.8,0.0,0.8,2,30.75,65688.9,502.867,25.5838,65688.9,0.0,0.999997,0.00392471
5760_dose_800_gradient_0_VconcST_0_Vconc_0.8_run_2.csv,5760.0,800.0,0,0.8,0.0,0.8,2,31.0,67436.6,494.294,26.2645,67436.6,0.0,0.999997,0.00384493
5760_dose_800_gradient_0_VconcST_0_Vconc_0.8_run_2.csv,5760.0,800.0,0,0.8,0.0,0.8,2,31.25,69143.7,485.867,26.9293,69143.7,0.0,0.999997,0.00377297
5760_dose_800_gradient_0_VconcST_0_Vconc_0.8_run_2.csv,5760.0,800.0,0,0.8,0.0,0.8,2,31.5,70810.9,477.583,27.5786,70810.9,0.0,0.999997,0.00370086
5760_dose_800_gradient_0_VconcST_0_Vconc_0.8_run_2.csv,5760.0,800.0,0,0.8,0.0,0.8,2,31.75,72438.8,469.441,28.2127,72438.8,0.0,0.999997,0.00361875
5760_dose_800_gradient_0_VconcST_0_Vconc_0.8_run_2.csv,5760.0,800.0,0,0.8,0.0,0.8,2,32.0,74028.2,461.438,28.8317,74028.2,0.0,0.999997,0.00354333
5760_dose_800_gradient_0_VconcST_0_Vconc_0.8_run_2.csv,5760.0,800.0,0,0.8,0.0,0.8,2,32.25,75579.8,453.571,29.436,75579.8,0.0,0.999997,0.00346797
5760_dose_800_gradient_0_VconcST_0_Vconc_0.8_run_2.csv,5760.0,800.0,0,0.8,0.0,0.8,2,32.5,77094.3,445.838,30.0259,77094.3,0.0,0.999997,0.00339568
5760_dose_800_gradient_0_VconcST_0_Vconc_0.8_run_2.csv,5760.0,800.0,0,0.8,0.0,0.8,2,32.75,78572.4,438.237,30.6015,78572.4,0.0,0.999997,0.00332429
5760_dose_800_gradient_0_VconcST_0_Vconc_0.8_run_2.csv,5760.0,800.0,0,0.8,0.0,0.8,2,33.0,80014.7,430.765,31.1632,80014.7,0.0,0.999997,0.00325696
5760_dose_800_gradient_0_VconcST_0_Vconc_0.8_run_2.csv,5760.0,800.0,0,0.8,0.0,0.8,2,33.25,81421.8,423.421,31.7113,81421.8,0.0,0.999997,0.0031703
5760_dose_800_gradient_0_VconcST_0_Vconc_0.8_run_2.csv,5760.0,800.0,0,0.8,0.0,0.8,2,33.5,82794.4,416.203,32.2459,82794.4,0.0,0.999998,0.00309731
5760_dose_800_gradient_0_VconcST_0_Vconc_0.8_run_2.csv,5760.0,800.0,0,0.8,0.0,0.8,2,33.75,84133.2,409.107,32.7673,84133.2,0.0,0.999998,0.00309319
5760_dose_800_gradient_0_VconcST_0_Vconc_0.8_run_2.csv,5760.0,800.0,0,0.8,0.0,0.8,2,34.0,85438.7,402.132,33.2757,85438.7,0.0,0.999998,0.00302039
5760_dose_800_gradient_0_VconcST_0_Vconc_0.8_run_2.csv,5760.0,800.0,0,0.8,0.0,0.8,2,34.25,86711.5,395.276,33.7715,86711.5,0.0,0.999998,0.00302389
5760_dose_800_gradient_0_VconcST_0_Vconc_0.8_run_2.csv,5760.0,800.0,0,0.8,0.0,0.8,2,34.5,87952.4,388.537,34.2547,87952.4,0.0,0.999998,0.00294498
5760_dose_800_gradient_0_VconcST_0_Vconc_0.8_run_2.csv,5760.0,800.0,0,0.8,0.0,0.8,2,34.75,89161.7,381.913,34.7257,89161.7,0.0,0.999998,0.00287029
5760_dose_800_gradient_0_VconcST_0_Vconc_0.8_run_2.csv,5760.0,800.0,0,0.8,0.0,0.8,2,35.0,90340.2,375.402,35.1847,90340.2,0.0,0.999998,0.0028726
5760_dose_800_gradient_0_VconcST_0_Vconc_0.8_run_2.csv,5760.0,800.0,0,0.8,0.0,0.8,2,35.25,91488.3,369.002,35.6319,91488.3,0.0,0.999998,0.00280042
5760_dose_800_gradient_0_VconcST_0_Vconc_0.8_run_2.csv,5760.0,800.0,0,0.8,0.0,0.8,2,35.5,92606.7,362.711,36.0674,92606.7,0.0,0.999998,0.00279307
5760_dose_800_gradient_0_VconcST_0_Vconc_0.8_run_2.csv,5760.0,800.0,0,0.8,0.0,0.8,2,35.75,93695.8,356.527,36.4916,93695.8,0.0,0.999998,0.00279082
5760_dose_800_gradient_0_VconcST_0_Vconc_0.8_run_2.csv,5760.0,800.0,0,0.8,0.0,0.8,2,36.0,94756.3,350.449,36.9046,94756.3,0.0,0.999998,0.00271598
5760_dose_800_gradient_0_VconcST_0_Vconc_0.8_run_2.csv,5760.0,800.0,0,0.8,0.0,0.8,2,36.25,95788.6,344.474,37.3067,95788.6,0.0,0.999998,0.00271827
5760_dose_800_gradient_0_VconcST_0_Vconc_0.8_run_2.csv,5760.0,800.0,0,0.8,0.0,0.8,2,36.5,96793.2,338.601,37.698,96793.2,0.0,0.999998,0.00263867
5760_dose_800_gradient_0_VconcST_0_Vconc_0.8_run_2.csv,5760.0,800.0,0,0.8,0.0,0.8,2,36.75,97770.8,332.828,38.0787,97770.8,0.0,0.999998,0.00264219
5760_dose_800_gradient_0_VconcST_0_Vconc_0.8_run_2.csv,5760.0,800.0,0,0.8,0.0,0.8,2,37.0,98721.6,327.154,38.449,98721.6,0.0,0.999998,0.00263867
5760_dose_800_gradient_0_VconcST_0_Vconc_0.8_run_2.csv,5760.0,800.0,0,0.8,0.0,0.8,2,37.25,99646.4,321.576,38.8092,99646.4,0.0,0.999998,0.00257058
5760_dose_800_gradient_0_VconcST_0_Vconc_0.8_run_2.csv,5760.0,800.0,0,0.8,0.0,0.8,2,37.5,100546.0,316.094,39.1594,100546.0,0.0,0.999998,0.0025676
5760_dose_800_gradient_0_VconcST_0_Vconc_0.8_run_2.csv,5760.0,800.0,0,0.8,0.0,0.8,2,37.75,101419.0,310.705,39.4997,101419.0,0.0,0.999998,0.00256328
5760_dose_800_gradient_0_VconcST_0_Vconc_0.8_run_2.csv,5760.0,800.0,0,0.8,0.0,0.8,2,38.0,102269.0,305.408,39.8305,102269.0,0.0,0.999998,0.00249349
5760_dose_800_gradient_0_VconcST_0_Vconc_0.8_run_2.csv,5760.0,800.0,0,0.8,0.0,0.8,2,38.25,103094.0,300.201,40.1518,103094.0,0.0,0.999998,0.00249165
5760_dose_800_gradient_0_VconcST_0_Vconc_0.8_run_2.csv,5760.0,800.0,0,0.8,0.0,0.8,2,38.5,103895.0,295.083,40.4638,103895.0,0.0,0.999998,0.00249454
5760_dose_800_gradient_0_VconcST_0_Vconc_0.8_run_2.csv,5760.0,800.0,0,0.8,0.0,0.8,2,38.75,104673.0,290.052,40.7667,104673.0,0.0,0.999998,0.00249812
5760_dose_800_gradient_0_VconcST_0_Vconc_0.8_run_2.csv,5760.0,800.0,0,0.8,0.0,0.8,2,39.0,105427.0,285.107,41.0607,105427.0,0.0,0.999998,0.00241706
5760_dose_800_gradient_0_VconcST_0_Vconc_0.8_run_2.csv,5760.0,800.0,0,0.8,0.0,0.8,2,39.25,106160.0,280.246,41.3459,106160.0,0.0,0.999998,0.00242002
5760_dose_800_gradient_0_VconcST_0_Vconc_0.8_run_2.csv,5760.0,800.0,0,0.8,0.0,0.8,2,39.5,106870.0,275.468,41.6226,106870.0,0.0,0.999998,0.00241367
5760_dose_800_gradient_0_VconcST_0_Vconc_0.8_run_2.csv,5760.0,800.0,0,0.8,0.0,0.8,2,39.75,107559.0,270.772,41.8908,107559.0,0.0,0.999998,0.00241248
5760_dose_800_gradient_0_VconcST_0_Vconc_0.8_run_2.csv,5760.0,800.0,0,0.8,0.0,0.8,2,40.0,108226.0,266.156,42.1507,108226.0,0.0,0.999998,0.00241562
5760_dose_800_gradient_0_VconcST_0_Vconc_0.8_run_2.csv,5760.0,800.0,0,0.8,0.0,0.8,2,40.25,108873.0,261.618,42.4025,108873.0,0.0,0.999998,0.0023385
5760_dose_800_gradient_0_VconcST_0_Vconc_0.8_run_2.csv,5760.0,800.0,0,0.8,0.0,0.8,2,40.5,109499.0,257.158,42.6463,109499.0,0.0,0.999998,0.0023385
5760_dose_800_gradient_0_VconcST_0_Vconc_0.8_run_2.csv,5760.0,800.0,0,0.8,0.0,0.8,2,40.75,110105.0,252.774,42.8823,110105.0,0.0,0.999998,0.00234285
5760_dose_800_gradient_0_VconcST_0_Vconc_0.8_run_2.csv,5760.0,800.0,0,0.8,0.0,0.8,2,41.0,110691.0,248.464,43.1107,110691.0,0.0,0.999998,0.0023385
5760_dose_800_gradient_0_VconcST_0_Vconc_0.8_run_2.csv,5760.0,800.0,0,0.8,0.0,0.8,2,41.25,111258.0,244.228,43.3315,111258.0,0.0,0.999998,0.0023449
5760_dose_800_gradient_0_VconcST_0_Vconc_0.8_run_2.csv,5760.0,800.0,0,0.8,0.0,0.8,2,41.5,111806.0,240.064,43.5449,111806.0,0.0,0.999998,0.00234006
5760_dose_750_gradient_0_VconcST_0_Vconc_0.8_run_2.csv,5760.0,750.0,0,0.8,0.0,0.8,2,0.0,0.0,0.0,0.0,0.0,0.0,0.0,0.0
5760_dose_750_gradient_0_VconcST_0_Vconc_0.8_run_2.csv,5760.0,750.0,0,0.8,0.0,0.8,2,0.25,0.0,0.0,0.0,0.0,0.0,0.0,2097.42
5760_dose_750_gradient_0_VconcST_0_Vconc_0.8_run_2.csv,5760.0,750.0,0,0.8,0.0,0.8,2,0.5,0.0,0.0,0.0,0.0,0.0,0.0,30.5797
5760_dose_750_gradient_0_VconcST_0_Vconc_0.8_run_2.csv,5760.0,750.0,0,0.8,0.0,0.8,2,0.75,0.0,0.0,0.0,0.0,0.0,0.0,1862.85
5760_dose_750_gradient_0_VconcST_0_Vconc_0.8_run_2.csv,5760.0,750.0,0,0.8,0.0,0.8,2,1.0,0.0,0.0,0.0,0.0,0.0,0.0,179.98
5760_dose_750_gradient_0_VconcST_0_Vconc_0.8_run_2.csv,5760.0,750.0,0,0.8,0.0,0.8,2,1.25,0.0,0.0,0.0,0.0,0.0,0.0,1810.38
5760_dose_750_gradient_0_VconcST_0_Vconc_0.8_run_2.csv,5760.0,750.0,0,0.8,0.0,0.8,2,1.5,0.0,0.0,0.0,0.0,0.0,0.0,171.316
5760_dose_750_gradient_0_VconcST_0_Vconc_0.8_run_2.csv,5760.0,750.0,0,0.8,0.0,0.8,2,1.75,0.0,0.0,0.0,0.0,0.0,0.0,1767.01
5760_dose_750_gradient_0_VconcST_0_Vconc_0.8_run_2.csv,5760.0,750.0,0,0.8,0.0,0.8,2,2.0,0.0,0.0,0.0,0.0,0.0,0.0,219.034
5760_dose_750_gradient_0_VconcST_0_Vconc_0.8_run_2.csv,5760.0,750.0,0,0.8,0.0,0.8,2,2.25,0.0,0.0,0.0,0.0,0.0,0.0,1689.92
5760_dose_750_gradient_0_VconcST_0_Vconc_0.8_run_2.csv,5760.0,750.0,0,0.8,0.0,0.8,2,2.5,0.0,0.0,0.0,0.0,0.0,0.0,302.876
5760_dose_750_gradient_0_VconcST_0_Vconc_0.8_run_2.csv,5760.0,750.0,0,0.8,0.0,0.8,2,2.75,0.0,0.0,0.0,0.0,0.0,0.0,1633.2
5760_dose_750_gradient_0_VconcST_0_Vconc_0.8_run_2.csv,5760.0,750.0,0,0.8,0.0,0.8,2,3.0,0.0,0.0,0.0,0.0,0.0,0.0,356.622
5760_dose_750_gradient_0_VconcST_0_Vconc_0.8_run_2.csv,5760.0,750.0,0,0.8,0.0,0.8,2,3.25,0.0,0.0,0.0,0.0,0.0,0.0,1588.95
5760_dose_750_gradient_0_VconcST_0_Vconc_0.8_run_2.csv,5760.0,750.0,0,0.8,0.0,0.8,2,3.5,0.0,0.0,0.0,0.0,0.0,0.0,391.054
5760_dose_750_gradient_0_VconcST_0_Vconc_0.8_run_2.csv,5760.0,750.0,0,0.8,0.0,0.8,2,3.75,0.0,0.0,0.0,0.0,0.0,0.0,1511.99
5760_dose_750_gradient_0_VconcST_0_Vconc_0.8_run_2.csv,5760.0,750.0,0,0.8,0.0,0.8,2,4.0,0.0,0.0,0.0,0.0,0.0,0.0,561.146
5760_dose_750_gradient_0_VconcST_0_Vconc_0.8_run_2.csv,5760.0,750.0,0,0.8,0.0,0.8,2,4.25,0.0,0.0,0.0,0.0,0.0,0.0,1408.2
5760_dose_750_gradient_0_VconcST_0_Vconc_0.8_run_2.csv,5760.0,750.0,0,0.8,0.0,0.8,2,4.5,0.0,0.0,0.0,0.0,0.0,0.0,618.81
5760_dose_750_gradient_0_VconcST_0_Vconc_0.8_run_2.csv,5760.0,750.0,0,0.8,0.0,0.8,2,4.75,0.0,0.0,0.0,0.0,0.0,0.0,1315.39
5760_dose_750_gradient_0_VconcST_0_Vconc_0.8_run_2.csv,5760.0,750.0,0,0.8,0.0,0.8,2,5.0,0.0,0.0,0.0,0.0,0.0,0.0,770.998
5760_dose_750_gradient_0_VconcST_0_Vconc_0.8_run_2.csv,5760.0,750.0,0,0.8,0.0,0.8,2,5.25,0.0,0.0,0.0,0.0,0.0,0.0,1144.67
5760_dose_750_gradient_0_VconcST_0_Vconc_0.8_run_2.csv,5760.0,750.0,0,0.8,0.0,0.8,2,5.5,0.0,0.0,0.0,0.0,0.0,0.0,1007.32
5760_dose_750_gradient_0_VconcST_0_Vconc_0.8_run_2.csv,5760.0,750.0,0,0.8,0.0,0.8,2,5.75,0.0,0.0,0.0,0.0,0.0,0.0,997.158
5760_dose_750_gradient_0_VconcST_0_Vconc_0.8_run_2.csv,5760.0,750.0,0,0.8,0.0,0.8,2,6.0,0.0,0.0,0.0,0.0,0.0,0.0,1270.82
5760_dose_750_gradient_0_VconcST_0_Vconc_0.8_run_2.csv,5760.0,750.0,0,0.8,0.0,0.8,2,6.25,0.0,0.0,0.0,0.0,0.0,0.0,1014.38
5760_dose_750_gradient_0_VconcST_0_Vconc_0.8_run_2.csv,5760.0,750.0,0,0.8,0.0,0.8,2,6.5,0.0,0.0,0.0,0.0,0.0,0.0,1372.06
5760_dose_750_gradient_0_VconcST_0_Vconc_0.8_run_2.csv,5760.0,750.0,0,0.8,0.0,0.8,2,6.75,0.0,0.0,0.0,0.0,0.0062283,0.0,1325.05
5760_dose_750_gradient_0_VconcST_0_Vconc_0.8_run_2.csv,5760.0,750.0,0,0.8,0.0,0.8,2,7.0,0.0,0.0,0.0,0.0,0.0409874,0.0,1510.58
5760_dose_750_gradient_0_VconcST_0_Vconc_0.8_run_2.csv,5760.0,750.0,0,0.8,0.0,0.8,2,7.25,0.0,0.0,0.0,0.0,0.107263,0.0,1627.62
5760_dose_750_gradient_0_VconcST_0_Vconc_0.8_run_2.csv,5760.0,750.0,0,0.8,0.0,0.8,2,7.5,0.0,0.0,0.0,0.0,0.20479,0.0,1705.74
5760_dose_750_gradient_0_VconcST_0_Vconc_0.8_run_2.csv,5760.0,750.0,0,0.8,0.0,0.8,2,7.75,0.0,0.0,0.0,0.0,0.333566,0.0,2084.32
5760_dose_750_gradient_0_VconcST_0_Vconc_0.8_run_2.csv,5760.0,750.0,0,0.8,0.0,0.8,2,8.0,0.0,0.0,0.0,0.0,0.478051,0.0,2077.19
5760_dose_750_gradient_0_VconcST_0_Vconc_0.8_run_2.csv,5760.0,750.0,0,0.8,0.0,0.8,2,8.25,0.0,0.0,0.0,0.0,0.666593,0.0,2222.2
5760_dose_750_gradient_0_VconcST_0_Vconc_0.8_run_2.csv,5760.0,750.0,0,0.8,0.0,0.8,2,8.5,0.0,0.0,0.0,0.0,0.883383,0.0,2278.97
5760_dose_750_gradient_0_VconcST_0_Vconc_0.8_run_2.csv,5760.0,750.0,0,0.8,0.0,0.8,2,8.75,0.0,0.0,0.0,0.0,0.996875,0.0,2259.35
5760_dose_750_gradient_0_VconcST_0_Vconc_0.8_run_2.csv,5760.0,750.0,0,0.8,0.0,0.8,2,9.0,0.0,0.0,0.0,0.0,1.0,0.0,2248.7
5760_dose_750_gradient_0_VconcST_0_Vconc_0.8_run_2.csv,5760.0,750.0,0,0.8,0.0,0.8,2,9.25,0.0,0.0,0.0,0.0,1.0,0.0,2260.14
5760_dose_750_gradient_0_VconcST_0_Vconc_0.8_run_2.csv,5760.0,750.0,0,0.8,0.0,0.8,2,9.5,0.0,0.0,0.0,0.0,1.0,0.0,2242.21
5760_dose_750_gradient_0_VconcST_0_Vconc_0.8_run_2.csv,5760.0,750.0,0,0.8,0.0,0.8,2,9.75,0.0,0.0,0.0,0.0,1.0,0.0,2279.75
5760_dose_750_gradient_0_VconcST_0_Vconc_0.8_run_2.csv,5760.0,750.0,0,0.8,0.0,0.8,2,10.0,0.0,0.0,0.0,0.0,1.0,0.0,2238.06
5760_dose_750_gradient_0_VconcST_0_Vconc_0.8_run_2.csv,5760.0,750.0,0,0.8,0.0,0.8,2,10.25,0.0,0.0,0.0,0.0,1.0,0.0,2278.37
5760_dose_750_gradient_0_VconcST_0_Vconc_0.8_run_2.csv,5760.0,750.0,0,0.8,0.0,0.8,2,10.5,0.0,0.0,0.0,0.0,1.0,0.0,2302.26
5760_dose_750_gradient_0_VconcST_0_Vconc_0.8_run_2.csv,5760.0,750.0,0,0.8,0.0,0.8,2,10.75,0.0,0.0,0.0,0.0,1.0,0.0,2312.35
5760_dose_750_gradient_0_VconcST_0_Vconc_0.8_run_2.csv,5760.0,750.0,0,0.8,0.0,0.8,2,11.0,0.0,0.0,0.0,0.0,1.0,0.0,2302.09
5760_dose_750_gradient_0_VconcST_0_Vconc_0.8_run_2.csv,5760.0,750.0,0,0.8,0.0,0.8,2,11.25,0.0,0.0,0.0,0.0,1.0,0.0,2273.6
5760_dose_750_gradient_0_VconcST_0_Vconc_0.8_run_2.csv,5760.0,750.0,0,0.8,0.0,0.8,2,11.5,0.0,0.0,0.0,0.0,1.0,0.0,2219.18
5760_dose_750_gradient_0_VconcST_0_Vconc_0.8_run_2.csv,5760.0,750.0,0,0.8,0.0,0.8,2,11.75,0.0,0.0,0.0,0.0,1.0,0.0,2263.04
5760_dose_750_gradient_0_VconcST_0_Vconc_0.8_run_2.csv,5760.0,750.0,0,0.8,0.0,0.8,2,12.0,0.0,0.0,0.0,0.0,1.0,0.0,2177.44
5760_dose_750_gradient_0_VconcST_0_Vconc_0.8_run_2.csv,5760.0,750.0,0,0.8,0.0,0.8,2,12.25,0.0,0.0,0.0,0.0,1.0,0.0,2241.78
5760_dose_750_gradient_0_VconcST_0_Vconc_0.8_run_2.csv,5760.0,750.0,0,0.8,0.0,0.8,2,12.5,0.0,0.0,0.0,0.0,1.0,0.0,2250.05
5760_dose_750_gradient_0_VconcST_0_Vconc_0.8_run_2.csv,5760.0,750.0,0,0.8,0.0,0.8,2,12.75,0.0,0.0,0.0,0.0,1.0,0.0,2255.3
5760_dose_750_gradient_0_VconcST_0_Vconc_0.8_run_2.csv,5760.0,750.0,0,0.8,0.0,0.8,2,13.0,0.0,0.0,0.0,0.0,1.0,0.0,2228.32
5760_dose_750_gradient_0_VconcST_0_Vconc_0.8_run_2.csv,5760.0,750.0,0,0.8,0.0,0.8,2,13.25,0.0,0.0,0.0,0.0,1.0,0.0,2206.74
5760_dose_750_gradient_0_VconcST_0_Vconc_0.8_run_2.csv,5760.0,750.0,0,0.8,0.0,0.8,2,13.5,0.0,0.0,0.0,0.0,1.0,0.0,2247.51
5760_dose_750_gradient_0_VconcST_0_Vconc_0.8_run_2.csv,5760.0,750.0,0,0.8,0.0,0.8,2,13.75,0.0,0.0,0.0,0.0,1.0,0.0,2240.57
5760_dose_750_gradient_0_VconcST_0_Vconc_0.8_run_2.csv,5760.0,750.0,0,0.8,0.0,0.8,2,14.0,0.0,0.0,0.0,0.0,1.0,0.0,2283.39
5760_dose_750_gradient_0_VconcST_0_Vconc_0.8_run_2.csv,5760.0,750.0,0,0.8,0.0,0.8,2,14.25,0.0,0.0,0.0,0.0,1.0,0.0,2264.14
5760_dose_750_gradient_0_VconcST_0_Vconc_0.8_run_2.csv,5760.0,750.0,0,0.8,0.0,0.8,2,14.5,0.0,0.0,0.0,0.0,1.0,0.0,2183.34
5760_dose_750_gradient_0_VconcST_0_Vconc_0.8_run_2.csv,5760.0,750.0,0,0.8,0.0,0.8,2,14.75,0.0,0.0,0.0,0.0,1.0,0.0,2234.73
5760_dose_750_gradient_0_VconcST_0_Vconc_0.8_run_2.csv,5760.0,750.0,0,0.8,0.0,0.8,2,15.0,0.0,0.0,0.0,0.0,1.0,0.0,2199.31
5760_dose_750_gradient_0_VconcST_0_Vconc_0.8_run_2.csv,5760.0,750.0,0,0.8,0.0,0.8,2,15.25,0.0,0.0,0.0,0.0,1.0,0.0,2201.65
5760_dose_750_gradient_0_VconcST_0_Vconc_0.8_run_2.csv,5760.0,750.0,0,0.8,0.0,0.8,2,15.5,0.0,0.0,0.0,0.0,1.0,0.0,2231.26
5760_dose_750_gradient_0_VconcST_0_Vconc_0.8_run_2.csv,5760.0,750.0,0,0.8,0.0,0.8,2,15.75,0.0,0.0,0.0,0.0,1.0,0.0,2208.96
5760_dose_750_gradient_0_VconcST_0_Vconc_0.8_run_2.csv,5760.0,750.0,0,0.8,0.0,0.8,2,16.0,0.0,0.0,0.0,0.0,1.0,0.0,2238.21
5760_dose_750_gradient_0_VconcST_0_Vconc_0.8_run_2.csv,5760.0,750.0,0,0.8,0.0,0.8,2,16.25,0.0,0.0,0.0,0.0,1.0,0.0,2172.3
5760_dose_750_gradient_0_VconcST_0_Vconc_0.8_run_2.csv,5760.0,750.0,0,0.8,0.0,0.8,2,16.5,0.0,0.0,0.0,0.0,1.0,0.0,2201.66
5760_dose_750_gradient_0_VconcST_0_Vconc_0.8_run_2.csv,5760.0,750.0,0,0.8,0.0,0.8,2,16.75,0.0,0.0,0.0,0.0,1.0,0.0,2180.55
5760_dose_750_gradient_0_VconcST_0_Vconc_0.8_run_2.csv,5760.0,750.0,0,0.8,0.0,0.8,2,17.0,0.0,0.0,0.0,0.0,1.0,0.0,2184.52
5760_dose_750_gradient_0_VconcST_0_Vconc_0.8_run_2.csv,5760.0,750.0,0,0.8,0.0,0.8,2,17.25,0.0,0.0,0.0,0.0,1.0,0.0,2229.5
5760_dose_750_gradient_0_VconcST_0_Vconc_0.8_run_2.csv,5760.0,750.0,0,0.8,0.0,0.8,2,17.5,0.0,0.0,0.0,0.0,1.0,0.0,2268.99
5760_dose_750_gradient_0_VconcST_0_Vconc_0.8_run_2.csv,5760.0,750.0,0,0.8,0.0,0.8,2,17.75,0.0,0.0,0.0,0.0,1.0,0.0,2236.04
5760_dose_750_gradient_0_VconcST_0_Vconc_0.8_run_2.csv,5760.0,750.0,0,0.8,0.0,0.8,2,18.0,0.0,0.0,0.0,0.0,1.0,0.0,2250.18
5760_dose_750_gradient_0_VconcST_0_Vconc_0.8_run_2.csv,5760.0,750.0,0,0.8,0.0,0.8,2,18.25,0.0,0.0,0.0,0.0,1.0,0.0,2219.15
5760_dose_750_gradient_0_VconcST_0_Vconc_0.8_run_2.csv,5760.0,750.0,0,0.8,0.0,0.8,2,18.5,0.0,0.0,0.0,0.0,1.0,0.0,2257.45
5760_dose_750_gradient_0_VconcST_0_Vconc_0.8_run_2.csv,5760.0,750.0,0,0.8,0.0,0.8,2,18.75,0.0,0.0,0.0,0.0,1.0,0.0,2221.4
5760_dose_750_gradient_0_VconcST_0_Vconc_0.8_run_2.csv,5760.0,750.0,0,0.8,0.0,0.8,2,19.0,0.0,0.0,0.0,0.0,1.0,0.0,2200.85
5760_dose_750_gradient_0_VconcST_0_Vconc_0.8_run_2.csv,5760.0,750.0,0,0.8,0.0,0.8,2,19.25,0.0,0.0,0.0,0.0,1.0,0.0,2224.41
5760_dose_750_gradient_0_VconcST_0_Vconc_0.8_run_2.csv,5760.0,750.0,0,0.8,0.0,0.8,2,19.5,0.0,0.0,0.0,0.0,1.0,0.0,2268.91
5760_dose_750_gradient_0_VconcST_0_Vconc_0.8_run_2.csv,5760.0,750.0,0,0.8,0.0,0.8,2,19.75,0.0,0.0,0.0,0.0,1.0,0.0,2227.56
5760_dose_750_gradient_0_VconcST_0_Vconc_0.8_run_2.csv,5760.0,750.0,0,0.8,0.0,0.8,2,20.0,0.0,0.0,0.0,0.0,1.0,0.0,2224.55
5760_dose_750_gradient_0_VconcST_0_Vconc_0.8_run_2.csv,5760.0,750.0,0,0.8,0.0,0.8,2,20.25,0.0,0.0,0.0,0.0,1.0,0.0,2306.35
5760_dose_750_gradient_0_VconcST_0_Vconc_0.8_run_2.csv,5760.0,750.0,0,0.8,0.0,0.8,2,20.5,0.0,0.0,0.0,0.0,1.0,0.0,2264.66
5760_dose_750_gradient_0_VconcST_0_Vconc_0.8_run_2.csv,5760.0,750.0,0,0.8,0.0,0.8,2,20.75,0.0,0.0,0.0,0.0,1.0,0.0,2220.34
5760_dose_750_gradient_0_VconcST_0_Vconc_0.8_run_2.csv,5760.0,750.0,0,0.8,0.0,0.8,2,21.0,0.0,0.0,0.0,0.0,1.0,0.0,2141.01
5760_dose_750_gradient_0_VconcST_0_Vconc_0.8_run_2.csv,5760.0,750.0,0,0.8,0.0,0.8,2,21.25,0.0,0.0,0.0,0.0,1.0,0.0,2238.81
5760_dose_750_gradient_0_VconcST_0_Vconc_0.8_run_2.csv,5760.0,750.0,0,0.8,0.0,0.8,2,21.5,0.0,0.0,0.0,0.0,1.0,0.0,2192.86
5760_dose_750_gradient_0_VconcST_0_Vconc_0.8_run_2.csv,5760.0,750.0,0,0.8,0.0,0.8,2,21.75,0.0,0.0,0.0,0.0,1.0,0.0,2208.54
5760_dose_750_gradient_0_VconcST_0_Vconc_0.8_run_2.csv,5760.0,750.0,0,0.8,0.0,0.8,2,22.0,0.0,0.0,0.0,0.0,1.0,0.0,2236.71
5760_dose_750_gradient_0_VconcST_0_Vconc_0.8_run_2.csv,5760.0,750.0,0,0.8,0.0,0.8,2,22.25,0.0,0.0,0.0,0.0,1.0,0.0,2208.55
5760_dose_750_gradient_0_VconcST_0_Vconc_0.8_run_2.csv,5760.0,750.0,0,0.8,0.0,0.8,2,22.5,0.0,0.0,0.0,0.0,1.0,0.0,2129.19
5760_dose_750_gradient_0_VconcST_0_Vconc_0.8_run_2.csv,5760.0,750.0,0,0.8,0.0,0.8,2,22.75,0.0,0.0,0.0,0.0,1.0,0.0,2231.64
5760_dose_750_gradient_0_VconcST_0_Vconc_0.8_run_2.csv,5760.0,750.0,0,0.8,0.0,0.8,2,23.0,0.0,0.0,0.0,0.0,1.0,0.0,2167.25
5760_dose_750_gradient_0_VconcST_0_Vconc_0.8_run_2.csv,5760.0,750.0,0,0.8,0.0,0.8,2,23.25,0.0,0.0,0.0,0.0,1.0,0.0,2262.7
5760_dose_750_gradient_0_VconcST_0_Vconc_0.8_run_2.csv,5760.0,750.0,0,0.8,0.0,0.8,2,23.5,0.0,0.0,0.0,0.0,1.0,0.0,2230.52
5760_dose_750_gradient_0_VconcST_0_Vconc_0.8_run_2.csv,5760.0,750.0,0,0.8,0.0,0.8,2,23.75,0.0,0.0,0.0,0.0,1.0,0.0,2248.47
5760_dose_750_gradient_0_VconcST_0_Vconc_0.8_run_2.csv,5760.0,750.0,0,0.8,0.0,0.8,2,24.0,50.1654,750.0,0.0195379,50.1654,1.0,0.0,2260.4
5760_dose_750_gradient_0_VconcST_0_Vconc_0.8_run_2.csv,5760.0,750.0,0,0.8,0.0,0.8,2,24.25,3028.16,737.214,1.17937,3028.16,0.0,0.999933,0.0857881
5760_dose_750_gradient_0_VconcST_0_Vconc_0.8_run_2.csv,5760.0,750.0,0,0.8,0.0,0.8,2,24.5,5944.09,724.645,2.31504,5944.09,0.0,0.999966,0.0557858
5760_dose_750_gradient_0_VconcST_0_Vconc_0.8_run_2.csv,5760.0,750.0,0,0.8,0.0,0.8,2,24.75,8799.05,712.291,3.42696,8799.05,0.0,0.999977,0.0341141
5760_dose_750_gradient_0_VconcST_0_Vconc_0.8_run_2.csv,5760.0,750.0,0,0.8,0.0,0.8,2,25.0,11594.1,700.147,4.51555,11594.1,0.0,0.999983,0.024785
5760_dose_750_gradient_0_VconcST_0_Vconc_0.8_run_2.csv,5760.0,750.0,0,0.8,0.0,0.8,2,25.25,14330.4,688.211,5.58124,14330.4,0.0,0.999986,0.0194895
5760_dose_750_gradient_0_VconcST_0_Vconc_0.8_run_2.csv,5760.0,750.0,0,0.8,0.0,0.8,2,25.5,17008.9,676.477,6.62443,17008.9,0.0,0.999988,0.0161334
5760_dose_750_gradient_0_VconcST_0_Vconc_0.8_run_2.csv,5760.0,750.0,0,0.8,0.0,0.8,2,25.75,19630.6,664.944,7.64551,19630.6,0.0,0.99999,0.0137625
5760_dose_750_gradient_0_VconcST_0_Vconc_0.8_run_2.csv,5760.0,750.0,0,0.8,0.0,0.8,2,26.0,22196.6,653.608,8.64489,22196.6,0.0,0.999991,0.0120085
5760_dose_750_gradient_0_VconcST_0_Vconc_0.8_run_2.csv,5760.0,750.0,0,0.8,0.0,0.8,2,26.25,24707.9,642.465,9.62295,24707.9,0.0,0.999992,0.0107054
5760_dose_750_gradient_0_VconcST_0_Vconc_0.8_run_2.csv,5760.0,750.0,0,0.8,0.0,0.8,2,26.5,27165.3,631.511,10.5801,27165.3,0.0,0.999993,0.00974791
5760_dose_750_gradient_0_VconcST_0_Vconc_0.8_run_2.csv,5760.0,750.0,0,0.8,0.0,0.8,2,26.75,29570.0,620.745,11.5166,29570.0,0.0,0.999993,0.00889604
5760_dose_750_gradient_0_VconcST_0_Vconc_0.8_run_2.csv,5760.0,750.0,0,0.8,0.0,0.8,2,27.0,31922.8,610.162,12.4329,31922.8,0.0,0.999994,0.00823918
5760_dose_750_gradient_0_VconcST_0_Vconc_0.8_run_2.csv,5760.0,750.0,0,0.8,0.0,0.8,2,27.25,34224.7,599.759,13.3295,34224.7,0.0,0.999994,0.00761447
5760_dose_750_gradient_0_VconcST_0_Vconc_0.8_run_2.csv,5760.0,750.0,0,0.8,0.0,0.8,2,27.5,36476.5,589.534,14.2065,36476.5,0.0,0.999995,0.00708666
5760_dose_750_gradient_0_VconcST_0_Vconc_0.8_run_2.csv,5760.0,750.0,0,0.8,0.0,0.8,2,27.75,38679.2,579.483,15.0643,38679.2,0.0,0.999995,0.00671374
5760_dose_750_gradient_0_VconcST_0_Vconc_0.8_run_2.csv,5760.0,750.0,0,0.8,0.0,0.8,2,28.0,40833.6,569.604,15.9034,40833.6,0.0,0.999995,0.00633592
5760_dose_750_gradient_0_VconcST_0_Vconc_0.8_run_2.csv,5760.0,750.0,0,0.8,0.0,0.8,2,28.25,42940.6,559.893,16.724,42940.6,0.0,0.999995,0.00603124
5760_dose_750_gradient_0_VconcST_0_Vconc_0.8_run_2.csv,5760.0,750.0,0,0.8,0.0,0.8,2,28.5,45001.1,550.347,17.5265,45001.1,0.0,0.999996,0.00574621
5760_dose_750_gradient_0_VconcST_0_Vconc_0.8_run_2.csv,5760.0,750.0,0,0.8,0.0,0.8,2,28.75,47015.8,540.964,18.3112,47015.8,0.0,0.999996,0.00550621
5760_dose_750_gradient_0_VconcST_0_Vconc_0.8_run_2.csv,5760.0,750.0,0,0.8,0.0,0.8,2,29.0,48985.7,531.742,19.0784,48985.7,0.0,0.999996,0.00529644
5760_dose_750_gradient_0_VconcST_0_Vconc_0.8_run_2.csv,5760.0,750.0,0,0.8,0.0,0.8,2,29.25,50911.4,522.676,19.8284,50911.4,0.0,0.999996,0.00506465
5760_dose_750_gradient_0_VconcST_0_Vconc_0.8_run_2.csv,5760.0,750.0,0,0.8,0.0,0.8,2,29.5,52793.9,513.765,20.5616,52793.9,0.0,0.999996,0.004837
5760_dose_750_gradient_0_VconcST_0_Vconc_0.8_run_2.csv,5760.0,750.0,0,0.8,0.0,0.8,2,29.75,54633.8,505.006,21.2782,54633.8,0.0,0.999996,0.0046742
5760_dose_750_gradient_0_VconcST_0_Vconc_0.8_run_2.csv,5760.0,750.0,0,0.8,0.0,0.8,2,30.0,56432.0,496.396,21.9785,56432.0,0.0,0.999996,0.00452614
5760_dose_750_gradient_0_VconcST_0_Vconc_0.8_run_2.csv,5760.0,750.0,0,0.8,0.0,0.8,2,30.25,58189.1,487.933,22.6629,58189.1,0.0,0.999997,0.00437266
5760_dose_750_gradient_0_VconcST_0_Vconc_0.8_run_2.csv,5760.0,750.0,0,0.8,0.0,0.8,2,30.5,59906.0,479.615,23.3315,59906.0,0.0,0.999997,0.0043021
5760_dose_750_gradient_0_VconcST_0_Vconc_0.8_run_2.csv,5760.0,750.0,0,0.8,0.0,0.8,2,30.75,61583.3,471.438,23.9848,61583.3,0.0,0.999997,0.00414648
5760_dose_750_gradient_0_VconcST_0_Vconc_0.8_run_2.csv,5760.0,750.0,0,0.8,0.0,0.8,2,31.0,63221.9,463.4,24.623,63221.9,0.0,0.999997,0.00407108
5760_dose_750_gradient_0_VconcST_0_Vconc_0.8_run_2.csv,5760.0,750.0,0,0.8,0.0,0.8,2,31.25,64822.3,455.5,25.2463,64822.3,0.0,0.999997,0.00392388
5760_dose_750_gradient_0_VconcST_0_Vconc_0.8_run_2.csv,5760.0,750.0,0,0.8,0.0,0.8,2,31.5,66385.2,447.734,25.855,66385.2,0.0,0.999997,0.0039203
5760_dose_750_gradient_0_VconcST_0_Vconc_0.8_run_2.csv,5760.0,750.0,0,0.8,0.0,0.8,2,31.75,67911.4,440.101,26.4494,67911.4,0.0,0.999997,0.00385614
5760_dose_750_gradient_0_VconcST_0_Vconc_0.8_run_2.csv,5760.0,750.0,0,0.8,0.0,0.8,2,32.0,69401.5,432.598,27.0297,69401.5,0.0,0.999997,0.00376953
5760_dose_750_gradient_0_VconcST_0_Vconc_0.8_run_2.csv,5760.0,750.0,0,0.8,0.0,0.8,2,32.25,70856.1,425.222,27.5963,70856.1,0.0,0.999997,0.00370345
5760_dose_750_gradient_0_VconcST_0_Vconc_0.8_run_2.csv,5760.0,750.0,0,0.8,0.0,0.8,2,32.5,72276.0,417.973,28.1492,72276.0,0.0,0.999997,0.00361875
5760_dose_750_gradient_0_VconcST_0_Vconc_0.8_run_2.csv,5760.0,750.0,0,0.8,0.0,0.8,2,32.75,73661.6,410.847,28.6889,73661.6,0.0,0.999997,0.00355192
5760_dose_750_gradient_0_VconcST_0_Vconc_0.8_run_2.csv,5760.0,750.0,0,0.8,0.0,0.8,2,33.0,75013.7,403.842,29.2155,75013.7,0.0,0.999997,0.00347419
5760_dose_750_gradient_0_VconcST_0_Vconc_0.8_run_2.csv,5760.0,750.0,0,0.8,0.0,0.8,2,33.25,76332.9,396.957,29.7293,76332.9,0.0,0.999997,0.00339258
5760_dose_750_gradient_0_VconcST_0_Vconc_0.8_run_2.csv,5760.0,750.0,0,0.8,0.0,0.8,2,33.5,77619.8,390.19,30.2305,77619.8,0.0,0.999997,0.00332464
5760_dose_750_gradient_0_VconcST_0_Vconc_0.8_run_2.csv,5760.0,750.0,0,0.8,0.0,0.8,2,33.75,78874.8,383.537,30.7193,78874.8,0.0,0.999997,0.00332382
5760_dose_750_gradient_0_VconcST_0_Vconc_0.8_run_2.csv,5760.0,750.0,0,0.8,0.0,0.8,2,34.0,80098.7,376.999,31.196,80098.7,0.0,0.999997,0.00324637
5760_dose_750_gradient_0_VconcST_0_Vconc_0.8_run_2.csv,5760.0,750.0,0,0.8,0.0,0.8,2,34.25,81292.0,370.571,31.6607,81292.0,0.0,0.999997,0.0031664
5760_dose_750_gradient_0_VconcST_0_Vconc_0.8_run_2.csv,5760.0,750.0,0,0.8,0.0,0.8,2,34.5,82455.3,364.253,32.1138,82455.3,0.0,0.999998,0.00317341
5760_dose_750_gradient_0_VconcST_0_Vconc_0.8_run_2.csv,5760.0,750.0,0,0.8,0.0,0.8,2,34.75,83589.0,358.043,32.5553,83589.0,0.0,0.999998,0.00309384
5760_dose_750_gradient_0_VconcST_0_Vconc_0.8_run_2.csv,5760.0,750.0,0,0.8,0.0,0.8,2,35.0,84693.8,351.938,32.9856,84693.8,0.0,0.999998,0.00301986
5760_dose_750_gradient_0_VconcST_0_Vconc_0.8_run_2.csv,5760.0,750.0,0,0.8,0.0,0.8,2,35.25,85770.2,345.938,33.4048,85770.2,0.0,0.999998,0.00301711
5760_dose_750_gradient_0_VconcST_0_Vconc_0.8_run_2.csv,5760.0,750.0,0,0.8,0.0,0.8,2,35.5,86818.6,340.04,33.8132,86818.6,0.0,0.999998,0.00294022
5760_dose_750_gradient_0_VconcST_0_Vconc_0.8_run_2.csv,5760.0,750.0,0,0.8,0.0,0.8,2,35.75,87839.7,334.243,34.2108,87839.7,0.0,0.999998,0.00294312
5760_dose_750_gradient_0_VconcST_0_Vconc_0.8_run_2.csv,5760.0,750.0,0,0.8,0.0,0.8,2,36.0,88833.9,328.545,34.598,88833.9,0.0,0.999998,0.00294177
5760_dose_750_gradient_0_VconcST_0_Vconc_0.8_run_2.csv,5760.0,750.0,0,0.8,0.0,0.8,2,36.25,89801.6,322.943,34.975,89801.6,0.0,0.999998,0.00286918
5760_dose_750_gradient_0_VconcST_0_Vconc_0.8_run_2.csv,5760.0,750.0,0,0.8,0.0,0.8,2,36.5,90743.5,317.438,35.3418,90743.5,0.0,0.999998,0.00286485
5760_dose_750_gradient_0_VconcST_0_Vconc_0.8_run_2.csv,5760.0,750.0,0,0.8,0.0,0.8,2,36.75,91660.0,312.026,35.6987,91660.0,0.0,0.999998,0.00279973
5760_dose_750_gradient_0_VconcST_0_Vconc_0.8_run_2.csv,5760.0,750.0,0,0.8,0.0,0.8,2,37.0,92551.4,306.706,36.0459,92551.4,0.0,0.999998,0.00279258
5760_dose_750_gradient_0_VconcST_0_Vconc_0.8_run_2.csv,5760.0,750.0,0,0.8,0.0,0.8,2,37.25,93418.4,301.477,36.3836,93418.4,0.0,0.999998,0.00279278
5760_dose_750_gradient_0_VconcST_0_Vconc_0.8_run_2.csv,5760.0,750.0,0,0.8,0.0,0.8,2,37.5,94261.3,296.337,36.7118,94261.3,0.0,0.999998,0.00271407
5760_dose_750_gradient_0_VconcST_0_Vconc_0.8_run_2.csv,5760.0,750.0,0,0.8,0.0,0.8,2,37.75,95080.6,291.285,37.0309,95080.6,0.0,0.999998,0.00271731
5760_dose_750_gradient_0_VconcST_0_Vconc_0.8_run_2.csv,5760.0,750.0,0,0.8,0.0,0.8,2,38.0,95876.7,286.319,37.341,95876.7,0.0,0.999998,0.00271407
5760_dose_750_gradient_0_VconcST_0_Vconc_0.8_run_2.csv,5760.0,750.0,0,0.8,0.0,0.8,2,38.25,96650.1,281.438,37.6422,96650.1,0.0,0.999998,0.00264321
5760_dose_750_gradient_0_VconcST_0_Vconc_0.8_run_2.csv,5760.0,750.0,0,0.8,0.0,0.8,2,38.5,97401.2,276.639,37.9347,97401.2,0.0,0.999998,0.00263867
5760_dose_750_gradient_0_VconcST_0_Vconc_0.8_run_2.csv,5760.0,750.0,0,0.8,0.0,0.8,2,38.75,98130.4,271.923,38.2187,98130.4,0.0,0.999998,0.00263867
5760_dose_750_gradient_0_VconcST_0_Vconc_0.8_run_2.csv,5760.0,750.0,0,0.8,0.0,0.8,2,39.0,98838.0,267.287,38.4943,98838.0,0.0,0.999998,0.00264618
5760_dose_750_gradient_0_VconcST_0_Vconc_0.8_run_2.csv,5760.0,750.0,0,0.8,0.0,0.8,2,39.25,99524.6,262.73,38.7618,99524.6,0.0,0.999998,0.00256878
5760_dose_750_gradient_0_VconcST_0_Vconc_0.8_run_2.csv,5760.0,750.0,0,0.8,0.0,0.8,2,39.5,100191.0,258.251,39.0211,100191.0,0.0,0.999998,0.00256562
5760_dose_750_gradient_0_VconcST_0_Vconc_0.8_run_2.csv,5760.0,750.0,0,0.8,0.0,0.8,2,39.75,100836.0,253.848,39.2725,100836.0,0.0,0.999998,0.00256742
5760_dose_750_gradient_0_VconcST_0_Vconc_0.8_run_2.csv,5760.0,750.0,0,0.8,0.0,0.8,2,40.0,101462.0,249.52,39.5162,101462.0,0.0,0.999998,0.00257607
5760_dose_750_gradient_0_VconcST_0_Vconc_0.8_run_2.csv,5760.0,750.0,0,0.8,0.0,0.8,2,40.25,102068.0,245.266,39.7523,102068.0,0.0,0.999998,0.00248938
5760_dose_750_gradient_0_VconcST_0_Vconc_0.8_run_2.csv,5760.0,750.0,0,0.8,0.0,0.8,2,40.5,102655.0,241.085,39.9809,102655.0,0.0,0.999998,0.00249375
5760_dose_750_gradient_0_VconcST_0_Vconc_0.8_run_2.csv,5760.0,750.0,0,0.8,0.0,0.8,2,40.75,103223.0,236.975,40.2021,103223.0,0.0,0.999998,0.00249532
5760_dose_750_gradient_0_VconcST_0_Vconc_0.8_run_2.csv,5760.0,750.0,0,0.8,0.0,0.8,2,41.0,103772.0,232.934,40.4162,103772.0,0.0,0.999998,0.00248789
5760_dose_750_gradient_0_VconcST_0_Vconc_0.8_run_2.csv,5760.0,750.0,0,0.8,0.0,0.8,2,41.25,104304.0,228.963,40.6232,104304.0,0.0,0.999998,0.00248789
5760_dose_750_gradient_0_VconcST_0_Vconc_0.8_run_2.csv,5760.0,750.0,0,0.8,0.0,0.8,2,41.5,104818.0,225.06,40.8232,104818.0,0.0,0.999998,0.00248789
5760_dose_800_gradient_0_VconcST_0_Vconc_0.8_run_1.csv,5760.0,800.0,0,0.8,0.0,0.8,1,0.0,0.0,0.0,0.0,0.0,0.0,0.0,0.0
5760_dose_800_gradient_0_VconcST_0_Vconc_0.8_run_1.csv,5760.0,800.0,0,0.8,0.0,0.8,1,0.25,0.0,0.0,0.0,0.0,0.0,0.0,1971.82
5760_dose_800_gradient_0_VconcST_0_Vconc_0.8_run_1.csv,5760.0,800.0,0,0.8,0.0,0.8,1,0.5,0.0,0.0,0.0,0.0,0.0,0.0,85.1641
5760_dose_800_gradient_0_VconcST_0_Vconc_0.8_run_1.csv,5760.0,800.0,0,0.8,0.0,0.8,1,0.75,0.0,0.0,0.0,0.0,0.0,0.0,1905.26
5760_dose_800_gradient_0_VconcST_0_Vconc_0.8_run_1.csv,5760.0,800.0,0,0.8,0.0,0.8,1,1.0,0.0,0.0,0.0,0.0,0.0,0.0,132.483
5760_dose_800_gradient_0_VconcST_0_Vconc_0.8_run_1.csv,5760.0,800.0,0,0.8,0.0,0.8,1,1.25,0.0,0.0,0.0,0.0,0.0,0.0,1727.94
5760_dose_800_gradient_0_VconcST_0_Vconc_0.8_run_1.csv,5760.0,800.0,0,0.8,0.0,0.8,1,1.5,0.0,0.0,0.0,0.0,0.0,0.0,246.821
5760_dose_800_gradient_0_VconcST_0_Vconc_0.8_run_1.csv,5760.0,800.0,0,0.8,0.0,0.8,1,1.75,0.0,0.0,0.0,0.0,0.0,0.0,1694.31
5760_dose_800_gradient_0_VconcST_0_Vconc_0.8_run_1.csv,5760.0,800.0,0,0.8,0.0,0.8,1,2.0,0.0,0.0,0.0,0.0,0.0,0.0,289.348
5760_dose_800_gradient_0_VconcST_0_Vconc_0.8_run_1.csv,5760.0,800.0,0,0.8,0.0,0.8,1,2.25,0.0,0.0,0.0,0.0,0.0,0.0,1595.84
5760_dose_800_gradient_0_VconcST_0_Vconc_0.8_run_1.csv,5760.0,800.0,0,0.8,0.0,0.8,1,2.5,0.0,0.0,0.0,0.0,0.0,0.0,385.237
5760_dose_800_gradient_0_VconcST_0_Vconc_0.8_run_1.csv,5760.0,800.0,0,0.8,0.0,0.8,1,2.75,0.0,0.0,0.0,0.0,0.0,0.0,1495.07
5760_dose_800_gradient_0_VconcST_0_Vconc_0.8_run_1.csv,5760.0,800.0,0,0.8,0.0,0.8,1,3.0,0.0,0.0,0.0,0.0,0.0,0.0,483.814
5760_dose_800_gradient_0_VconcST_0_Vconc_0.8_run_1.csv,5760.0,800.0,0,0.8,0.0,0.8,1,3.25,0.0,0.0,0.0,0.0,0.0,0.0,1386.6
5760_dose_800_gradient_0_VconcST_0_Vconc_0.8_run_1.csv,5760.0,800.0,0,0.8,0.0,0.8,1,3.5,0.0,0.0,0.0,0.0,0.0,0.0,621.789
5760_dose_800_gradient_0_VconcST_0_Vconc_0.8_run_1.csv,5760.0,800.0,0,0.8,0.0,0.8,1,3.75,0.0,0.0,0.0,0.0,0.0,0.0,1287.09
5760_dose_800_gradient_0_VconcST_0_Vconc_0.8_run_1.csv,5760.0,800.0,0,0.8,0.0,0.8,1,4.0,0.0,0.0,0.0,0.0,0.0,0.0,744.003
5760_dose_800_gradient_0_VconcST_0_Vconc_0.8_run_1.csv,5760.0,800.0,0,0.8,0.0,0.8,1,4.25,0.0,0.0,0.0,0.0,0.0,0.0,1121.46
5760_dose_800_gradient_0_VconcST_0_Vconc_0.8_run_1.csv,5760.0,800.0,0,0.8,0.0,0.8,1,4.5,0.0,0.0,0.0,0.0,0.0,0.0,898.582
5760_dose_800_gradient_0_VconcST_0_Vconc_0.8_run_1.csv,5760.0,800.0,0,0.8,0.0,0.8,1,4.75,0.0,0.0,0.0,0.0,0.0,0.0,987.418
5760_dose_800_gradient_0_VconcST_0_Vconc_0.8_run_1.csv,5760.0,800.0,0,0.8,0.0,0.8,1,5.0,0.0,0.0,0.0,0.0,0.0,0.0,1021.81
5760_dose_800_gradient_0_VconcST_0_Vconc_0.8_run_1.csv,5760.0,800.0,0,0.8,0.0,0.8,1,5.25,0.0,0.0,0.0,0.0,0.0,0.0,906.29
5760_dose_800_gradient_0_VconcST_0_Vconc_0.8_run_1.csv,5760.0,800.0,0,0.8,0.0,0.8,1,5.5,0.0,0.0,0.0,0.0,0.0,0.0,1164.28
5760_dose_800_gradient_0_VconcST_0_Vconc_0.8_run_1.csv,5760.0,800.0,0,0.8,0.0,0.8,1,5.75,0.0,0.0,0.0,0.0,0.0,0.0,769.02
5760_dose_800_gradient_0_VconcST_0_Vconc_0.8_run_1.csv,5760.0,800.0,0,0.8,0.0,0.8,1,6.0,0.0,0.0,0.0,0.0,0.0,0.0,1325.79
5760_dose_800_gradient_0_VconcST_0_Vconc_0.8_run_1.csv,5760.0,800.0,0,0.8,0.0,0.8,1,6.25,0.0,0.0,0.0,0.0,0.0,0.0,614.512
5760_dose_800_gradient_0_VconcST_0_Vconc_0.8_run_1.csv,5760.0,800.0,0,0.8,0.0,0.8,1,6.5,0.0,0.0,0.0,0.0,0.0,0.0,1482.84
5760_dose_800_gradient_0_VconcST_0_Vconc_0.8_run_1.csv,5760.0,800.0,0,0.8,0.0,0.8,1,6.75,0.0,0.0,0.0,0.0,0.0,0.0,482.761
5760_dose_800_gradient_0_VconcST_0_Vconc_0.8_run_1.csv,5760.0,800.0,0,0.8,0.0,0.8,1,7.0,0.0,0.0,0.0,0.0,0.0,0.0,1587.55
5760_dose_800_gradient_0_VconcST_0_Vconc_0.8_run_1.csv,5760.0,800.0,0,0.8,0.0,0.8,1,7.25,0.0,0.0,0.0,0.0,0.0,0.0,405.974
5760_dose_800_gradient_0_VconcST_0_Vconc_0.8_run_1.csv,5760.0,800.0,0,0.8,0.0,0.8,1,7.5,0.0,0.0,0.0,0.0,0.0,0.0,1681.37
5760_dose_800_gradient_0_VconcST_0_Vconc_0.8_run_1.csv,5760.0,800.0,0,0.8,0.0,0.8,1,7.75,0.0,0.0,0.0,0.0,0.0,0.0,348.721
5760_dose_800_gradient_0_VconcST_0_Vconc_0.8_run_1.csv,5760.0,800.0,0,0.8,0.0,0.8,1,8.0,0.0,0.0,0.0,0.0,0.0,0.0,1734.6
5760_dose_800_gradient_0_VconcST_0_Vconc_0.8_run_1.csv,5760.0,800.0,0,0.8,0.0,0.8,1,8.25,0.0,0.0,0.0,0.0,0.0,0.0,296.936
5760_dose_800_gradient_0_VconcST_0_Vconc_0.8_run_1.csv,5760.0,800.0,0,0.8,0.0,0.8,1,8.5,0.0,0.0,0.0,0.0,0.0,0.0,1759.0
5760_dose_800_gradient_0_VconcST_0_Vconc_0.8_run_1.csv,5760.0,800.0,0,0.8,0.0,0.8,1,8.75,0.0,0.0,0.0,0.0,0.0,0.0,279.409
5760_dose_800_gradient_0_VconcST_0_Vconc_0.8_run_1.csv,5760.0,800.0,0,0.8,0.0,0.8,1,9.0,0.0,0.0,0.0,0.0,0.0,0.0,1832.33
5760_dose_800_gradient_0_VconcST_0_Vconc_0.8_run_1.csv,5760.0,800.0,0,0.8,0.0,0.8,1,9.25,0.0,0.0,0.0,0.0,0.0,0.0,207.528
5760_dose_800_gradient_0_VconcST_0_Vconc_0.8_run_1.csv,5760.0,800.0,0,0.8,0.0,0.8,1,9.5,0.0,0.0,0.0,0.0,0.0,0.0,1769.39
5760_dose_800_gradient_0_VconcST_0_Vconc_0.8_run_1.csv,5760.0,800.0,0,0.8,0.0,0.8,1,9.75,0.0,0.0,0.0,0.0,0.0,0.0,273.54
5760_dose_800_gradient_0_VconcST_0_Vconc_0.8_run_1.csv,5760.0,800.0,0,0.8,0.0,0.8,1,10.0,0.0,0.0,0.0,0.0,0.0,0.0,1732.25
5760_dose_800_gradient_0_VconcST_0_Vconc_0.8_run_1.csv,5760.0,800.0,0,0.8,0.0,0.8,1,10.25,0.0,0.0,0.0,0.0,0.0,0.0,286.634
5760_dose_800_gradient_0_VconcST_0_Vconc_0.8_run_1.csv,5760.0,800.0,0,0.8,0.0,0.8,1,10.5,0.0,0.0,0.0,0.0,0.0,0.0,1658.68
5760_dose_800_gradient_0_VconcST_0_Vconc_0.8_run_1.csv,5760.0,800.0,0,0.8,0.0,0.8,1,10.75,0.0,0.0,0.0,0.0,0.0,0.0,416.047
5760_dose_800_gradient_0_VconcST_0_Vconc_0.8_run_1.csv,5760.0,800.0,0,0.8,0.0,0.8,1,11.0,0.0,0.0,0.0,0.0,0.0,0.0,1642.45
5760_dose_800_gradient_0_VconcST_0_Vconc_0.8_run_1.csv,5760.0,800.0,0,0.8,0.0,0.8,1,11.25,0.0,0.0,0.0,0.0,0.0,0.0,570.726
5760_dose_800_gradient_0_VconcST_0_Vconc_0.8_run_1.csv,5760.0,800.0,0,0.8,0.0,0.8,1,11.5,0.0,0.0,0.0,0.0,0.0,0.0,1580.1
5760_dose_800_gradient_0_VconcST_0_Vconc_0.8_run_1.csv,5760.0,800.0,0,0.8,0.0,0.8,1,11.75,0.0,0.0,0.0,0.0,0.0,0.0,791.02
5760_dose_800_gradient_0_VconcST_0_Vconc_0.8_run_1.csv,5760.0,800.0,0,0.8,0.0,0.8,1,12.0,0.0,0.0,0.0,0.0,0.0,0.0,1313.74
5760_dose_800_gradient_0_VconcST_0_Vconc_0.8_run_1.csv,5760.0,800.0,0,0.8,0.0,0.8,1,12.25,0.0,0.0,0.0,0.0,0.0161111,0.0,1059.38
5760_dose_800_gradient_0_VconcST_0_Vconc_0.8_run_1.csv,5760.0,800.0,0,0.8,0.0,0.8,1,12.5,0.0,0.0,0.0,0.0,0.0488889,0.0,1386.65
5760_dose_800_gradient_0_VconcST_0_Vconc_0.8_run_1.csv,5760.0,800.0,0,0.8,0.0,0.8,1,12.75,0.0,0.0,0.0,0.0,0.118819,0.0,1567.85
5760_dose_800_gradient_0_VconcST_0_Vconc_0.8_run_1.csv,5760.0,800.0,0,0.8,0.0,0.8,1,13.0,0.0,0.0,0.0,0.0,0.216476,0.0,1766.79
5760_dose_800_gradient_0_VconcST_0_Vconc_0.8_run_1.csv,5760.0,800.0,0,0.8,0.0,0.8,1,13.25,0.0,0.0,0.0,0.0,0.347656,0.0,1866.47
5760_dose_800_gradient_0_VconcST_0_Vconc_0.8_run_1.csv,5760.0,800.0,0,0.8,0.0,0.8,1,13.5,0.0,0.0,0.0,0.0,0.514583,0.0,2106.13
5760_dose_800_gradient_0_VconcST_0_Vconc_0.8_run_1.csv,5760.0,800.0,0,0.8,0.0,0.8,1,13.75,0.0,0.0,0.0,0.0,0.709661,0.0,2188.32
5760_dose_800_gradient_0_VconcST_0_Vconc_0.8_run_1.csv,5760.0,800.0,0,0.8,0.0,0.8,1,14.0,0.0,0.0,0.0,0.0,0.840625,0.0,2250.09
5760_dose_800_gradient_0_VconcST_0_Vconc_0.8_run_1.csv,5760.0,800.0,0,0.8,0.0,0.8,1,14.25,0.0,0.0,0.0,0.0,0.909375,0.0,2147.07
5760_dose_800_gradient_0_VconcST_0_Vconc_0.8_run_1.csv,5760.0,800.0,0,0.8,0.0,0.8,1,14.5,0.0,0.0,0.0,0.0,0.967708,0.0,2252.93
5760_dose_800_gradient_0_VconcST_0_Vconc_0.8_run_1.csv,5760.0,800.0,0,0.8,0.0,0.8,1,14.75,0.0,0.0,0.0,0.0,0.984375,0.0,2284.23
5760_dose_800_gradient_0_VconcST_0_Vconc_0.8_run_1.csv,5760.0,800.0,0,0.8,0.0,0.8,1,15.0,0.0,0.0,0.0,0.0,1.0,0.0,2210.36
5760_dose_800_gradient_0_VconcST_0_Vconc_0.8_run_1.csv,5760.0,800.0,0,0.8,0.0,0.8,1,15.25,0.0,0.0,0.0,0.0,1.0,0.0,2230.07
5760_dose_800_gradient_0_VconcST_0_Vconc_0.8_run_1.csv,5760.0,800.0,0,0.8,0.0,0.8,1,15.5,0.0,0.0,0.0,0.0,1.0,0.0,2237.93
5760_dose_800_gradient_0_VconcST_0_Vconc_0.8_run_1.csv,5760.0,800.0,0,0.8,0.0,0.8,1,15.75,0.0,0.0,0.0,0.0,1.0,0.0,2209.72
5760_dose_800_gradient_0_VconcST_0_Vconc_0.8_run_1.csv,5760.0,800.0,0,0.8,0.0,0.8,1,16.0,0.0,0.0,0.0,0.0,1.0,0.0,2230.5
5760_dose_800_gradient_0_VconcST_0_Vconc_0.8_run_1.csv,5760.0,800.0,0,0.8,0.0,0.8,1,16.25,0.0,0.0,0.0,0.0,1.0,0.0,2200.89
5760_dose_800_gradient_0_VconcST_0_Vconc_0.8_run_1.csv,5760.0,800.0,0,0.8,0.0,0.8,1,16.5,0.0,0.0,0.0,0.0,1.0,0.0,2151.37
5760_dose_800_gradient_0_VconcST_0_Vconc_0.8_run_1.csv,5760.0,800.0,0,0.8,0.0,0.8,1,16.75,0.0,0.0,0.0,0.0,1.0,0.0,2141.57
5760_dose_800_gradient_0_VconcST_0_Vconc_0.8_run_1.csv,5760.0,800.0,0,0.8,0.0,0.8,1,17.0,0.0,0.0,0.0,0.0,1.0,0.0,2083.73
5760_dose_800_gradient_0_VconcST_0_Vconc_0.8_run_1.csv,5760.0,800.0,0,0.8,0.0,0.8,1,17.25,0.0,0.0,0.0,0.0,1.0,0.0,2192.23
5760_dose_800_gradient_0_VconcST_0_Vconc_0.8_run_1.csv,5760.0,800.0,0,0.8,0.0,0.8,1,17.5,0.0,0.0,0.0,0.0,1.0,0.0,2221.64
5760_dose_800_gradient_0_VconcST_0_Vconc_0.8_run_1.csv,5760.0,800.0,0,0.8,0.0,0.8,1,17.75,0.0,0.0,0.0,0.0,1.0,0.0,2206.18
5760_dose_800_gradient_0_VconcST_0_Vconc_0.8_run_1.csv,5760.0,800.0,0,0.8,0.0,0.8,1,18.0,0.0,0.0,0.0,0.0,1.0,0.0,2194.17
5760_dose_800_gradient_0_VconcST_0_Vconc_0.8_run_1.csv,5760.0,800.0,0,0.8,0.0,0.8,1,18.25,0.0,0.0,0.0,0.0,1.0,0.0,2085.14
5760_dose_800_gradient_0_VconcST_0_Vconc_0.8_run_1.csv,5760.0,800.0,0,0.8,0.0,0.8,1,18.5,0.0,0.0,0.0,0.0,1.0,0.0,2162.42
5760_dose_800_gradient_0_VconcST_0_Vconc_0.8_run_1.csv,5760.0,800.0,0,0.8,0.0,0.8,1,18.75,0.0,0.0,0.0,0.0,1.0,0.0,2190.16
5760_dose_800_gradient_0_VconcST_0_Vconc_0.8_run_1.csv,5760.0,800.0,0,0.8,0.0,0.8,1,19.0,0.0,0.0,0.0,0.0,1.0,0.0,2172.53
5760_dose_800_gradient_0_VconcST_0_Vconc_0.8_run_1.csv,5760.0,800.0,0,0.8,0.0,0.8,1,19.25,0.0,0.0,0.0,0.0,1.0,0.0,2313.82
5760_dose_800_gradient_0_VconcST_0_Vconc_0.8_run_1.csv,5760.0,800.0,0,0.8,0.0,0.8,1,19.5,0.0,0.0,0.0,0.0,1.0,0.0,2162.72
5760_dose_800_gradient_0_VconcST_0_Vconc_0.8_run_1.csv,5760.0,800.0,0,0.8,0.0,0.8,1,19.75,0.0,0.0,0.0,0.0,1.0,0.0,2226.95
5760_dose_800_gradient_0_VconcST_0_Vconc_0.8_run_1.csv,5760.0,800.0,0,0.8,0.0,0.8,1,20.0,0.0,0.0,0.0,0.0,1.0,0.0,2125.58
5760_dose_800_gradient_0_VconcST_0_Vconc_0.8_run_1.csv,5760.0,800.0,0,0.8,0.0,0.8,1,20.25,0.0,0.0,0.0,0.0,1.0,0.0,2196.8
5760_dose_800_gradient_0_VconcST_0_Vconc_0.8_run_1.csv,5760.0,800.0,0,0.8,0.0,0.8,1,20.5,0.0,0.0,0.0,0.0,1.0,0.0,2292.42
5760_dose_800_gradient_0_VconcST_0_Vconc_0.8_run_1.csv,5760.0,800.0,0,0.8,0.0,0.8,1,20.75,0.0,0.0,0.0,0.0,1.0,0.0,2270.92
5760_dose_800_gradient_0_VconcST_0_Vconc_0.8_run_1.csv,5760.0,800.0,0,0.8,0.0,0.8,1,21.0,0.0,0.0,0.0,0.0,1.0,0.0,2262.03
5760_dose_800_gradient_0_VconcST_0_Vconc_0.8_run_1.csv,5760.0,800.0,0,0.8,0.0,0.8,1,21.25,0.0,0.0,0.0,0.0,1.0,0.0,2281.73
5760_dose_800_gradient_0_VconcST_0_Vconc_0.8_run_1.csv,5760.0,800.0,0,0.8,0.0,0.8,1,21.5,0.0,0.0,0.0,0.0,1.0,0.0,2187.28
5760_dose_800_gradient_0_VconcST_0_Vconc_0.8_run_1.csv,5760.0,800.0,0,0.8,0.0,0.8,1,21.75,0.0,0.0,0.0,0.0,1.0,0.0,2192.92
5760_dose_800_gradient_0_VconcST_0_Vconc_0.8_run_1.csv,5760.0,800.0,0,0.8,0.0,0.8,1,22.0,0.0,0.0,0.0,0.0,1.0,0.0,2234.31
5760_dose_800_gradient_0_VconcST_0_Vconc_0.8_run_1.csv,5760.0,800.0,0,0.8,0.0,0.8,1,22.25,0.0,0.0,0.0,0.0,1.0,0.0,2210.94
5760_dose_800_gradient_0_VconcST_0_Vconc_0.8_run_1.csv,5760.0,800.0,0,0.8,0.0,0.8,1,22.5,0.0,0.0,0.0,0.0,1.0,0.0,2241.78
5760_dose_800_gradient_0_VconcST_0_Vconc_0.8_run_1.csv,5760.0,800.0,0,0.8,0.0,0.8,1,22.75,0.0,0.0,0.0,0.0,1.0,0.0,2242.44
5760_dose_800_gradient_0_VconcST_0_Vconc_0.8_run_1.csv,5760.0,800.0,0,0.8,0.0,0.8,1,23.0,0.0,0.0,0.0,0.0,1.0,0.0,2143.5
5760_dose_800_gradient_0_VconcST_0_Vconc_0.8_run_1.csv,5760.0,800.0,0,0.8,0.0,0.8,1,23.25,0.0,0.0,0.0,0.0,1.0,0.0,2218.21
5760_dose_800_gradient_0_VconcST_0_Vconc_0.8_run_1.csv,5760.0,800.0,0,0.8,0.0,0.8,1,23.5,0.0,0.0,0.0,0.0,1.0,0.0,2207.03
5760_dose_800_gradient_0_VconcST_0_Vconc_0.8_run_1.csv,5760.0,800.0,0,0.8,0.0,0.8,1,23.75,0.0,0.0,0.0,0.0,1.0,0.0,2226.19
5760_dose_800_gradient_0_VconcST_0_Vconc_0.8_run_1.csv,5760.0,800.0,0,0.8,0.0,0.8,1,24.0,53.5098,800.0,0.0208404,53.5098,1.0,0.0,2169.65
5760_dose_800_gradient_0_VconcST_0_Vconc_0.8_run_1.csv,5760.0,800.0,0,0.8,0.0,0.8,1,24.25,3230.04,786.361,1.258,3230.04,0.0,0.999937,0.0751703
5760_dose_800_gradient_0_VconcST_0_Vconc_0.8_run_1.csv,5760.0,800.0,0,0.8,0.0,0.8,1,24.5,6340.36,772.954,2.46937,6340.36,0.0,0.999968,0.0522918
5760_dose_800_gradient_0_VconcST_0_Vconc_0.8_run_1.csv,5760.0,800.0,0,0.8,0.0,0.8,1,24.75,9385.65,759.777,3.65542,9385.65,0.0,0.999979,0.0319905
5760_dose_800_gradient_0_VconcST_0_Vconc_0.8_run_1.csv,5760.0,800.0,0,0.8,0.0,0.8,1,25.0,12367.1,746.823,4.81659,12367.1,0.0,0.999984,0.0231446
5760_dose_800_gradient_0_VconcST_0_Vconc_0.8_run_1.csv,5760.0,800.0,0,0.8,0.0,0.8,1,25.25,15285.7,734.092,5.95332,15285.7,0.0,0.999987,0.0182443
5760_dose_800_gradient_0_VconcST_0_Vconc_0.8_run_1.csv,5760.0,800.0,0,0.8,0.0,0.8,1,25.5,18142.8,721.576,7.06605,18142.8,0.0,0.999989,0.0150026
5760_dose_800_gradient_0_VconcST_0_Vconc_0.8_run_1.csv,5760.0,800.0,0,0.8,0.0,0.8,1,25.75,20939.3,709.274,8.15521,20939.3,0.0,0.99999,0.0129166
5760_dose_800_gradient_0_VconcST_0_Vconc_0.8_run_1.csv,5760.0,800.0,0,0.8,0.0,0.8,1,26.0,23676.4,697.182,9.22121,23676.4,0.0,0.999992,0.0112332
5760_dose_800_gradient_0_VconcST_0_Vconc_0.8_run_1.csv,5760.0,800.0,0,0.8,0.0,0.8,1,26.25,26355.0,685.296,10.2645,26355.0,0.0,0.999992,0.0100583
5760_dose_800_gradient_0_VconcST_0_Vconc_0.8_run_1.csv,5760.0,800.0,0,0.8,0.0,0.8,1,26.5,28976.4,673.613,11.2854,28976.4,0.0,0.999993,0.00912219
5760_dose_800_gradient_0_VconcST_0_Vconc_0.8_run_1.csv,5760.0,800.0,0,0.8,0.0,0.8,1,26.75,31541.3,662.128,12.2844,31541.3,0.0,0.999994,0.00829294
5760_dose_800_gradient_0_VconcST_0_Vconc_0.8_run_1.csv,5760.0,800.0,0,0.8,0.0,0.8,1,27.0,34051.0,650.84,13.2618,34051.0,0.0,0.999994,0.00770903
5760_dose_800_gradient_0_VconcST_0_Vconc_0.8_run_1.csv,5760.0,800.0,0,0.8,0.0,0.8,1,27.25,36506.3,639.744,14.2181,36506.3,0.0,0.999995,0.0071656
5760_dose_800_gradient_0_VconcST_0_Vconc_0.8_run_1.csv,5760.0,800.0,0,0.8,0.0,0.8,1,27.5,38908.2,628.837,15.1535,38908.2,0.0,0.999995,0.00672742
5760_dose_800_gradient_0_VconcST_0_Vconc_0.8_run_1.csv,5760.0,800.0,0,0.8,0.0,0.8,1,27.75,41257.7,618.116,16.0686,41257.7,0.0,0.999995,0.00626374
5760_dose_800_gradient_0_VconcST_0_Vconc_0.8_run_1.csv,5760.0,800.0,0,0.8,0.0,0.8,1,28.0,43555.8,607.578,16.9636,43555.8,0.0,0.999995,0.00596292
5760_dose_800_gradient_0_VconcST_0_Vconc_0.8_run_1.csv,5760.0,800.0,0,0.8,0.0,0.8,1,28.25,45803.3,597.219,17.839,45803.3,0.0,0.999996,0.00565946
5760_dose_800_gradient_0_VconcST_0_Vconc_0.8_run_1.csv,5760.0,800.0,0,0.8,0.0,0.8,1,28.5,48001.1,587.037,18.6949,48001.1,0.0,0.999996,0.00535275
5760_dose_800_gradient_0_VconcST_0_Vconc_0.8_run_1.csv,5760.0,800.0,0,0.8,0.0,0.8,1,28.75,50150.2,577.029,19.5319,50150.2,0.0,0.999996,0.00512652
5760_dose_800_gradient_0_VconcST_0_Vconc_0.8_run_1.csv,5760.0,800.0,0,0.8,0.0,0.8,1,29.0,52251.3,567.191,20.3503,52251.3,0.0,0.999996,0.00491175
5760_dose_800_gradient_0_VconcST_0_Vconc_0.8_run_1.csv,5760.0,800.0,0,0.8,0.0,0.8,1,29.25,54305.5,557.521,21.1503,54305.5,0.0,0.999996,0.00476294
5760_dose_800_gradient_0_VconcST_0_Vconc_0.8_run_1.csv,5760.0,800.0,0,0.8,0.0,0.8,1,29.5,56313.4,548.016,21.9323,56313.4,0.0,0.999996,0.00452343
5760_dose_800_gradient_0_VconcST_0_Vconc_0.8_run_1.csv,5760.0,800.0,0,0.8,0.0,0.8,1,29.75,58276.0,538.673,22.6967,58276.0,0.0,0.999997,0.00437266
5760_dose_800_gradient_0_VconcST_0_Vconc_0.8_run_1.csv,5760.0,800.0,0,0.8,0.0,0.8,1,30.0,60194.1,529.49,23.4437,60194.1,0.0,0.999997,0.00422959
5760_dose_800_gradient_0_VconcST_0_Vconc_0.8_run_1.csv,5760.0,800.0,0,0.8,0.0,0.8,1,30.25,62068.4,520.462,24.1737,62068.4,0.0,0.999997,0.0041577
5760_dose_800_gradient_0_VconcST_0_Vconc_0.8_run_1.csv,5760.0,800.0,0,0.8,0.0,0.8,1,30.5,63899.7,511.589,24.887,63899.7,0.0,0.999997,0.00400217
5760_dose_800_gradient_0_VconcST_0_Vconc_0.8_run_1.csv,5760.0,800.0,0,0.8,0.0,0.8,1,30.75,65688.9,502.867,25.5838,65688.9,0.0,0.999997,0.00392705
5760_dose_800_gradient_0_VconcST_0_Vconc_0.8_run_1.csv,5760.0,800.0,0,0.8,0.0,0.8,1,31.0,67436.6,494.294,26.2645,67436.6,0.0,0.999997,0.00384763
5760_dose_800_gradient_0_VconcST_0_Vconc_0.8_run_1.csv,5760.0,800.0,0,0.8,0.0,0.8,1,31.25,69143.7,485.867,26.9293,69143.7,0.0,0.999997,0.00377602
5760_dose_800_gradient_0_VconcST_0_Vconc_0.8_run_1.csv,5760.0,800.0,0,0.8,0.0,0.8,1,31.5,70810.9,477.583,27.5786,70810.9,0.0,0.999997,0.00369411
5760_dose_800_gradient_0_VconcST_0_Vconc_0.8_run_1.csv,5760.0,800.0,0,0.8,0.0,0.8,1,31.75,72438.8,469.441,28.2127,72438.8,0.0,0.999997,0.0036232
5760_dose_800_gradient_0_VconcST_0_Vconc_0.8_run_1.csv,5760.0,800.0,0,0.8,0.0,0.8,1,32.0,74028.2,461.438,28.8317,74028.2,0.0,0.999997,0.00354333
5760_dose_800_gradient_0_VconcST_0_Vconc_0.8_run_1.csv,5760.0,800.0,0,0.8,0.0,0.8,1,32.25,75579.8,453.571,29.436,75579.8,0.0,0.999997,0.00347638
5760_dose_800_gradient_0_VconcST_0_Vconc_0.8_run_1.csv,5760.0,800.0,0,0.8,0.0,0.8,1,32.5,77094.3,445.838,30.0259,77094.3,0.0,0.999997,0.00339258
5760_dose_800_gradient_0_VconcST_0_Vconc_0.8_run_1.csv,5760.0,800.0,0,0.8,0.0,0.8,1,32.75,78572.4,438.237,30.6015,78572.4,0.0,0.999997,0.00332021
5760_dose_800_gradient_0_VconcST_0_Vconc_0.8_run_1.csv,5760.0,800.0,0,0.8,0.0,0.8,1,33.0,80014.7,430.765,31.1632,80014.7,0.0,0.999997,0.00324181
5760_dose_800_gradient_0_VconcST_0_Vconc_0.8_run_1.csv,5760.0,800.0,0,0.8,0.0,0.8,1,33.25,81421.8,423.421,31.7113,81421.8,0.0,0.999997,0.0031683
5760_dose_800_gradient_0_VconcST_0_Vconc_0.8_run_1.csv,5760.0,800.0,0,0.8,0.0,0.8,1,33.5,82794.4,416.203,32.2459,82794.4,0.0,0.999998,0.00309101
5760_dose_800_gradient_0_VconcST_0_Vconc_0.8_run_1.csv,5760.0,800.0,0,0.8,0.0,0.8,1,33.75,84133.2,409.107,32.7673,84133.2,0.0,0.999998,0.00309319
5760_dose_800_gradient_0_VconcST_0_Vconc_0.8_run_1.csv,5760.0,800.0,0,0.8,0.0,0.8,1,34.0,85438.7,402.132,33.2757,85438.7,0.0,0.999998,0.00301742
5760_dose_800_gradient_0_VconcST_0_Vconc_0.8_run_1.csv,5760.0,800.0,0,0.8,0.0,0.8,1,34.25,86711.5,395.276,33.7715,86711.5,0.0,0.999998,0.00301922
5760_dose_800_gradient_0_VconcST_0_Vconc_0.8_run_1.csv,5760.0,800.0,0,0.8,0.0,0.8,1,34.5,87952.4,388.537,34.2547,87952.4,0.0,0.999998,0.00294198
5760_dose_800_gradient_0_VconcST_0_Vconc_0.8_run_1.csv,5760.0,800.0,0,0.8,0.0,0.8,1,34.75,89161.7,381.913,34.7257,89161.7,0.0,0.999998,0.00287623
5760_dose_800_gradient_0_VconcST_0_Vconc_0.8_run_1.csv,5760.0,800.0,0,0.8,0.0,0.8,1,35.0,90340.2,375.402,35.1847,90340.2,0.0,0.999998,0.00287904
5760_dose_800_gradient_0_VconcST_0_Vconc_0.8_run_1.csv,5760.0,800.0,0,0.8,0.0,0.8,1,35.25,91488.3,369.002,35.6319,91488.3,0.0,0.999998,0.00279336
5760_dose_800_gradient_0_VconcST_0_Vconc_0.8_run_1.csv,5760.0,800.0,0,0.8,0.0,0.8,1,35.5,92606.7,362.711,36.0674,92606.7,0.0,0.999998,0.00279307
5760_dose_800_gradient_0_VconcST_0_Vconc_0.8_run_1.csv,5760.0,800.0,0,0.8,0.0,0.8,1,35.75,93695.8,356.527,36.4916,93695.8,0.0,0.999998,0.00278944
5760_dose_800_gradient_0_VconcST_0_Vconc_0.8_run_1.csv,5760.0,800.0,0,0.8,0.0,0.8,1,36.0,94756.3,350.449,36.9046,94756.3,0.0,0.999998,0.00271407
5760_dose_800_gradient_0_VconcST_0_Vconc_0.8_run_1.csv,5760.0,800.0,0,0.8,0.0,0.8,1,36.25,95788.6,344.474,37.3067,95788.6,0.0,0.999998,0.00271807
5760_dose_800_gradient_0_VconcST_0_Vconc_0.8_run_1.csv,5760.0,800.0,0,0.8,0.0,0.8,1,36.5,96793.2,338.601,37.698,96793.2,0.0,0.999998,0.00264025
5760_dose_800_gradient_0_VconcST_0_Vconc_0.8_run_1.csv,5760.0,800.0,0,0.8,0.0,0.8,1,36.75,97770.8,332.828,38.0787,97770.8,0.0,0.999998,0.00263867
5760_dose_800_gradient_0_VconcST_0_Vconc_0.8_run_1.csv,5760.0,800.0,0,0.8,0.0,0.8,1,37.0,98721.6,327.154,38.449,98721.6,0.0,0.999998,0.00263867
5760_dose_800_gradient_0_VconcST_0_Vconc_0.8_run_1.csv,5760.0,800.0,0,0.8,0.0,0.8,1,37.25,99646.4,321.576,38.8092,99646.4,0.0,0.999998,0.00256328
5760_dose_800_gradient_0_VconcST_0_Vconc_0.8_run_1.csv,5760.0,800.0,0,0.8,0.0,0.8,1,37.5,100546.0,316.094,39.1594,100546.0,0.0,0.999998,0.00256328
5760_dose_800_gradient_0_VconcST_0_Vconc_0.8_run_1.csv,5760.0,800.0,0,0.8,0.0,0.8,1,37.75,101419.0,310.705,39.4997,101419.0,0.0,0.999998,0.00256815
5760_dose_800_gradient_0_VconcST_0_Vconc_0.8_run_1.csv,5760.0,800.0,0,0.8,0.0,0.8,1,38.0,102269.0,305.408,39.8305,102269.0,0.0,0.999998,0.00249611
5760_dose_800_gradient_0_VconcST_0_Vconc_0.8_run_1.csv,5760.0,800.0,0,0.8,0.0,0.8,1,38.25,103094.0,300.201,40.1518,103094.0,0.0,0.999998,0.00248964
5760_dose_800_gradient_0_VconcST_0_Vconc_0.8_run_1.csv,5760.0,800.0,0,0.8,0.0,0.8,1,38.5,103895.0,295.083,40.4638,103895.0,0.0,0.999998,0.00249209
5760_dose_800_gradient_0_VconcST_0_Vconc_0.8_run_1.csv,5760.0,800.0,0,0.8,0.0,0.8,1,38.75,104673.0,290.052,40.7667,104673.0,0.0,0.999998,0.00248938
5760_dose_800_gradient_0_VconcST_0_Vconc_0.8_run_1.csv,5760.0,800.0,0,0.8,0.0,0.8,1,39.0,105427.0,285.107,41.0607,105427.0,0.0,0.999998,0.00241248
5760_dose_800_gradient_0_VconcST_0_Vconc_0.8_run_1.csv,5760.0,800.0,0,0.8,0.0,0.8,1,39.25,106160.0,280.246,41.3459,106160.0,0.0,0.999998,0.00241468
5760_dose_800_gradient_0_VconcST_0_Vconc_0.8_run_1.csv,5760.0,800.0,0,0.8,0.0,0.8,1,39.5,106870.0,275.468,41.6226,106870.0,0.0,0.999998,0.00241248
5760_dose_800_gradient_0_VconcST_0_Vconc_0.8_run_1.csv,5760.0,800.0,0,0.8,0.0,0.8,1,39.75,107559.0,270.772,41.8908,107559.0,0.0,0.999998,0.00241248
5760_dose_800_gradient_0_VconcST_0_Vconc_0.8_run_1.csv,5760.0,800.0,0,0.8,0.0,0.8,1,40.0,108226.0,266.156,42.1507,108226.0,0.0,0.999998,0.00241248
5760_dose_800_gradient_0_VconcST_0_Vconc_0.8_run_1.csv,5760.0,800.0,0,0.8,0.0,0.8,1,40.25,108873.0,261.618,42.4025,108873.0,0.0,0.999998,0.0023394
5760_dose_800_gradient_0_VconcST_0_Vconc_0.8_run_1.csv,5760.0,800.0,0,0.8,0.0,0.8,1,40.5,109499.0,257.158,42.6463,109499.0,0.0,0.999998,0.00233875
5760_dose_800_gradient_0_VconcST_0_Vconc_0.8_run_1.csv,5760.0,800.0,0,0.8,0.0,0.8,1,40.75,110105.0,252.774,42.8823,110105.0,0.0,0.999998,0.0023394
5760_dose_800_gradient_0_VconcST_0_Vconc_0.8_run_1.csv,5760.0,800.0,0,0.8,0.0,0.8,1,41.0,110691.0,248.464,43.1107,110691.0,0.0,0.999998,0.0023371
5760_dose_800_gradient_0_VconcST_0_Vconc_0.8_run_1.csv,5760.0,800.0,0,0.8,0.0,0.8,1,41.25,111258.0,244.228,43.3315,111258.0,0.0,0.999998,0.0023371
5760_dose_800_gradient_0_VconcST_0_Vconc_0.8_run_1.csv,5760.0,800.0,0,0.8,0.0,0.8,1,41.5,111806.0,240.064,43.5449,111806.0,0.0,0.999998,0.00234063
5760_dose_750_gradient_0_VconcST_0_Vconc_0.8_run_0.csv,5760.0,750.0,0,0.8,0.0,0.8,0,0.0,0.0,0.0,0.0,0.0,0.0,0.0,0.0
5760_dose_750_gradient_0_VconcST_0_Vconc_0.8_run_0.csv,5760.0,750.0,0,0.8,0.0,0.8,0,0.25,0.0,0.0,0.0,0.0,0.0,0.0,2065.46
5760_dose_750_gradient_0_VconcST_0_Vconc_0.8_run_0.csv,5760.0,750.0,0,0.8,0.0,0.8,0,0.5,0.0,0.0,0.0,0.0,0.0,0.0,29.9849
5760_dose_750_gradient_0_VconcST_0_Vconc_0.8_run_0.csv,5760.0,750.0,0,0.8,0.0,0.8,0,0.75,0.0,0.0,0.0,0.0,0.0,0.0,1959.58
5760_dose_750_gradient_0_VconcST_0_Vconc_0.8_run_0.csv,5760.0,750.0,0,0.8,0.0,0.8,0,1.0,0.0,0.0,0.0,0.0,0.0,0.0,93.1543
5760_dose_750_gradient_0_VconcST_0_Vconc_0.8_run_0.csv,5760.0,750.0,0,0.8,0.0,0.8,0,1.25,0.0,0.0,0.0,0.0,0.0,0.0,1865.13
5760_dose_750_gradient_0_VconcST_0_Vconc_0.8_run_0.csv,5760.0,750.0,0,0.8,0.0,0.8,0,1.5,0.0,0.0,0.0,0.0,0.0,0.0,155.244
5760_dose_750_gradient_0_VconcST_0_Vconc_0.8_run_0.csv,5760.0,750.0,0,0.8,0.0,0.8,0,1.75,0.0,0.0,0.0,0.0,0.0,0.0,1802.89
5760_dose_750_gradient_0_VconcST_0_Vconc_0.8_run_0.csv,5760.0,750.0,0,0.8,0.0,0.8,0,2.0,0.0,0.0,0.0,0.0,0.0,0.0,203.61
5760_dose_750_gradient_0_VconcST_0_Vconc_0.8_run_0.csv,5760.0,750.0,0,0.8,0.0,0.8,0,2.25,0.0,0.0,0.0,0.0,0.0,0.0,1772.8
5760_dose_750_gradient_0_VconcST_0_Vconc_0.8_run_0.csv,5760.0,750.0,0,0.8,0.0,0.8,0,2.5,0.0,0.0,0.0,0.0,0.0,0.0,258.938
5760_dose_750_gradient_0_VconcST_0_Vconc_0.8_run_0.csv,5760.0,750.0,0,0.8,0.0,0.8,0,2.75,0.0,0.0,0.0,0.0,0.0,0.0,1649.16
5760_dose_750_gradient_0_VconcST_0_Vconc_0.8_run_0.csv,5760.0,750.0,0,0.8,0.0,0.8,0,3.0,0.0,0.0,0.0,0.0,0.0,0.0,339.032
5760_dose_750_gradient_0_VconcST_0_Vconc_0.8_run_0.csv,5760.0,750.0,0,0.8,0.0,0.8,0,3.25,0.0,0.0,0.0,0.0,0.0,0.0,1572.19
5760_dose_750_gradient_0_VconcST_0_Vconc_0.8_run_0.csv,5760.0,750.0,0,0.8,0.0,0.8,0,3.5,0.0,0.0,0.0,0.0,0.0,0.0,405.724
5760_dose_750_gradient_0_VconcST_0_Vconc_0.8_run_0.csv,5760.0,750.0,0,0.8,0.0,0.8,0,3.75,0.0,0.0,0.0,0.0,0.0,0.0,1477.71
5760_dose_750_gradient_0_VconcST_0_Vconc_0.8_run_0.csv,5760.0,750.0,0,0.8,0.0,0.8,0,4.0,0.0,0.0,0.0,0.0,0.0,0.0,557.763
5760_dose_750_gradient_0_VconcST_0_Vconc_0.8_run_0.csv,5760.0,750.0,0,0.8,0.0,0.8,0,4.25,0.0,0.0,0.0,0.0,0.0,0.0,1299.2
5760_dose_750_gradient_0_VconcST_0_Vconc_0.8_run_0.csv,5760.0,750.0,0,0.8,0.0,0.8,0,4.5,0.0,0.0,0.0,0.0,0.0,0.0,706.642
5760_dose_750_gradient_0_VconcST_0_Vconc_0.8_run_0.csv,5760.0,750.0,0,0.8,0.0,0.8,0,4.75,0.0,0.0,0.0,0.0,0.0,0.0,1201.48
5760_dose_750_gradient_0_VconcST_0_Vconc_0.8_run_0.csv,5760.0,750.0,0,0.8,0.0,0.8,0,5.0,0.0,0.0,0.0,0.0,0.0,0.0,832.309
5760_dose_750_gradient_0_VconcST_0_Vconc_0.8_run_0.csv,5760.0,750.0,0,0.8,0.0,0.8,0,5.25,0.0,0.0,0.0,0.0,0.0,0.0,1051.43
5760_dose_750_gradient_0_VconcST_0_Vconc_0.8_run_0.csv,5760.0,750.0,0,0.8,0.0,0.8,0,5.5,0.0,0.0,0.0,0.0,0.0,0.0,1033.48
5760_dose_750_gradient_0_VconcST_0_Vconc_0.8_run_0.csv,5760.0,750.0,0,0.8,0.0,0.8,0,5.75,0.0,0.0,0.0,0.0,0.0,0.0,906.096
5760_dose_750_gradient_0_VconcST_0_Vconc_0.8_run_0.csv,5760.0,750.0,0,0.8,0.0,0.8,0,6.0,0.0,0.0,0.0,0.0,0.0,0.0,1190.68
5760_dose_750_gradient_0_VconcST_0_Vconc_0.8_run_0.csv,5760.0,750.0,0,0.8,0.0,0.8,0,6.25,0.0,0.0,0.0,0.0,0.0,0.0,841.4
5760_dose_750_gradient_0_VconcST_0_Vconc_0.8_run_0.csv,5760.0,750.0,0,0.8,0.0,0.8,0,6.5,0.0,0.0,0.0,0.0,0.0,0.0,1332.41
5760_dose_750_gradient_0_VconcST_0_Vconc_0.8_run_0.csv,5760.0,750.0,0,0.8,0.0,0.8,0,6.75,0.0,0.0,0.0,0.0,0.0,0.0,818.789
5760_dose_750_gradient_0_VconcST_0_Vconc_0.8_run_0.csv,5760.0,750.0,0,0.8,0.0,0.8,0,7.0,0.0,0.0,0.0,0.0,0.0,0.0,1506.19
5760_dose_750_gradient_0_VconcST_0_Vconc_0.8_run_0.csv,5760.0,750.0,0,0.8,0.0,0.8,0,7.25,0.0,0.0,0.0,0.0,0.0,0.0,971.424
5760_dose_750_gradient_0_VconcST_0_Vconc_0.8_run_0.csv,5760.0,750.0,0,0.8,0.0,0.8,0,7.5,0.0,0.0,0.0,0.0,0.013941,0.0,1345.47
5760_dose_750_gradient_0_VconcST_0_Vconc_0.8_run_0.csv,5760.0,750.0,0,0.8,0.0,0.8,0,7.75,0.0,0.0,0.0,0.0,0.042717,0.0,1312.29
5760_dose_750_gradient_0_VconcST_0_Vconc_0.8_run_0.csv,5760.0,750.0,0,0.8,0.0,0.8,0,8.0,0.0,0.0,0.0,0.0,0.107431,0.0,1499.5
5760_dose_750_gradient_0_VconcST_0_Vconc_0.8_run_0.csv,5760.0,750.0,0,0.8,0.0,0.8,0,8.25,0.0,0.0,0.0,0.0,0.208212,0.0,1858.72
5760_dose_750_gradient_0_VconcST_0_Vconc_0.8_run_0.csv,5760.0,750.0,0,0.8,0.0,0.8,0,8.5,0.0,0.0,0.0,0.0,0.324583,0.0,2036.25
5760_dose_750_gradient_0_VconcST_0_Vconc_0.8_run_0.csv,5760.0,750.0,0,0.8,0.0,0.8,0,8.75,0.0,0.0,0.0,0.0,0.485,0.0,2222.75
5760_dose_750_gradient_0_VconcST_0_Vconc_0.8_run_0.csv,5760.0,750.0,0,0.8,0.0,0.8,0,9.0,0.0,0.0,0.0,0.0,0.65625,0.0,2284.4
5760_dose_750_gradient_0_VconcST_0_Vconc_0.8_run_0.csv,5760.0,750.0,0,0.8,0.0,0.8,0,9.25,0.0,0.0,0.0,0.0,0.828125,0.0,2234.19
5760_dose_750_gradient_0_VconcST_0_Vconc_0.8_run_0.csv,5760.0,750.0,0,0.8,0.0,0.8,0,9.5,0.0,0.0,0.0,0.0,0.921875,0.0,2268.91
5760_dose_750_gradient_0_VconcST_0_Vconc_0.8_run_0.csv,5760.0,750.0,0,0.8,0.0,0.8,0,9.75,0.0,0.0,0.0,0.0,0.984375,0.0,2244.68
5760_dose_750_gradient_0_VconcST_0_Vconc_0.8_run_0.csv,5760.0,750.0,0,0.8,0.0,0.8,0,10.0,0.0,0.0,0.0,0.0,1.0,0.0,2156.64
5760_dose_750_gradient_0_VconcST_0_Vconc_0.8_run_0.csv,5760.0,750.0,0,0.8,0.0,0.8,0,10.25,0.0,0.0,0.0,0.0,1.0,0.0,2076.44
5760_dose_750_gradient_0_VconcST_0_Vconc_0.8_run_0.csv,5760.0,750.0,0,0.8,0.0,0.8,0,10.5,0.0,0.0,0.0,0.0,1.0,0.0,2215.17
5760_dose_750_gradient_0_VconcST_0_Vconc_0.8_run_0.csv,5760.0,750.0,0,0.8,0.0,0.8,0,10.75,0.0,0.0,0.0,0.0,1.0,0.0,2257.71
5760_dose_750_gradient_0_VconcST_0_Vconc_0.8_run_0.csv,5760.0,750.0,0,0.8,0.0,0.8,0,11.0,0.0,0.0,0.0,0.0,1.0,0.0,2205.76
5760_dose_750_gradient_0_VconcST_0_Vconc_0.8_run_0.csv,5760.0,750.0,0,0.8,0.0,0.8,0,11.25,0.0,0.0,0.0,0.0,1.0,0.0,2270.14
5760_dose_750_gradient_0_VconcST_0_Vconc_0.8_run_0.csv,5760.0,750.0,0,0.8,0.0,0.8,0,11.5,0.0,0.0,0.0,0.0,1.0,0.0,2121.09
5760_dose_750_gradient_0_VconcST_0_Vconc_0.8_run_0.csv,5760.0,750.0,0,0.8,0.0,0.8,0,11.75,0.0,0.0,0.0,0.0,1.0,0.0,2261.76
5760_dose_750_gradient_0_VconcST_0_Vconc_0.8_run_0.csv,5760.0,750.0,0,0.8,0.0,0.8,0,12.0,0.0,0.0,0.0,0.0,1.0,0.0,2281.41
5760_dose_750_gradient_0_VconcST_0_Vconc_0.8_run_0.csv,5760.0,750.0,0,0.8,0.0,0.8,0,12.25,0.0,0.0,0.0,0.0,1.0,0.0,2291.76
5760_dose_750_gradient_0_VconcST_0_Vconc_0.8_run_0.csv,5760.0,750.0,0,0.8,0.0,0.8,0,12.5,0.0,0.0,0.0,0.0,1.0,0.0,2214.98
5760_dose_750_gradient_0_VconcST_0_Vconc_0.8_run_0.csv,5760.0,750.0,0,0.8,0.0,0.8,0,12.75,0.0,0.0,0.0,0.0,1.0,0.0,2223.24
5760_dose_750_gradient_0_VconcST_0_Vconc_0.8_run_0.csv,5760.0,750.0,0,0.8,0.0,0.8,0,13.0,0.0,0.0,0.0,0.0,1.0,0.0,2055.76
5760_dose_750_gradient_0_VconcST_0_Vconc_0.8_run_0.csv,5760.0,750.0,0,0.8,0.0,0.8,0,13.25,0.0,0.0,0.0,0.0,1.0,0.0,2230.26
5760_dose_750_gradient_0_VconcST_0_Vconc_0.8_run_0.csv,5760.0,750.0,0,0.8,0.0,0.8,0,13.5,0.0,0.0,0.0,0.0,1.0,0.0,2067.13
5760_dose_750_gradient_0_VconcST_0_Vconc_0.8_run_0.csv,5760.0,750.0,0,0.8,0.0,0.8,0,13.75,0.0,0.0,0.0,0.0,1.0,0.0,2231.15
5760_dose_750_gradient_0_VconcST_0_Vconc_0.8_run_0.csv,5760.0,750.0,0,0.8,0.0,0.8,0,14.0,0.0,0.0,0.0,0.0,1.0,0.0,2173.6
5760_dose_750_gradient_0_VconcST_0_Vconc_0.8_run_0.csv,5760.0,750.0,0,0.8,0.0,0.8,0,14.25,0.0,0.0,0.0,0.0,1.0,0.0,2252.23
5760_dose_750_gradient_0_VconcST_0_Vconc_0.8_run_0.csv,5760.0,750.0,0,0.8,0.0,0.8,0,14.5,0.0,0.0,0.0,0.0,1.0,0.0,2183.12
5760_dose_750_gradient_0_VconcST_0_Vconc_0.8_run_0.csv,5760.0,750.0,0,0.8,0.0,0.8,0,14.75,0.0,0.0,0.0,0.0,1.0,0.0,2220.33
5760_dose_750_gradient_0_VconcST_0_Vconc_0.8_run_0.csv,5760.0,750.0,0,0.8,0.0,0.8,0,15.0,0.0,0.0,0.0,0.0,1.0,0.0,2244.07
5760_dose_750_gradient_0_VconcST_0_Vconc_0.8_run_0.csv,5760.0,750.0,0,0.8,0.0,0.8,0,15.25,0.0,0.0,0.0,0.0,1.0,0.0,2178.43
5760_dose_750_gradient_0_VconcST_0_Vconc_0.8_run_0.csv,5760.0,750.0,0,0.8,0.0,0.8,0,15.5,0.0,0.0,0.0,0.0,1.0,0.0,2172.02
5760_dose_750_gradient_0_VconcST_0_Vconc_0.8_run_0.csv,5760.0,750.0,0,0.8,0.0,0.8,0,15.75,0.0,0.0,0.0,0.0,1.0,0.0,2247.56
5760_dose_750_gradient_0_VconcST_0_Vconc_0.8_run_0.csv,5760.0,750.0,0,0.8,0.0,0.8,0,16.0,0.0,0.0,0.0,0.0,1.0,0.0,2073.18
5760_dose_750_gradient_0_VconcST_0_Vconc_0.8_run_0.csv,5760.0,750.0,0,0.8,0.0,0.8,0,16.25,0.0,0.0,0.0,0.0,1.0,0.0,2248.03
5760_dose_750_gradient_0_VconcST_0_Vconc_0.8_run_0.csv,5760.0,750.0,0,0.8,0.0,0.8,0,16.5,0.0,0.0,0.0,0.0,1.0,0.0,2203.5
5760_dose_750_gradient_0_VconcST_0_Vconc_0.8_run_0.csv,5760.0,750.0,0,0.8,0.0,0.8,0,16.75,0.0,0.0,0.0,0.0,1.0,0.0,2282.22
5760_dose_750_gradient_0_VconcST_0_Vconc_0.8_run_0.csv,5760.0,750.0,0,0.8,0.0,0.8,0,17.0,0.0,0.0,0.0,0.0,1.0,0.0,2194.03
5760_dose_750_gradient_0_VconcST_0_Vconc_0.8_run_0.csv,5760.0,750.0,0,0.8,0.0,0.8,0,17.25,0.0,0.0,0.0,0.0,1.0,0.0,2278.45
5760_dose_750_gradient_0_VconcST_0_Vconc_0.8_run_0.csv,5760.0,750.0,0,0.8,0.0,0.8,0,17.5,0.0,0.0,0.0,0.0,1.0,0.0,2253.09
5760_dose_750_gradient_0_VconcST_0_Vconc_0.8_run_0.csv,5760.0,750.0,0,0.8,0.0,0.8,0,17.75,0.0,0.0,0.0,0.0,1.0,0.0,2170.91
5760_dose_750_gradient_0_VconcST_0_Vconc_0.8_run_0.csv,5760.0,750.0,0,0.8,0.0,0.8,0,18.0,0.0,0.0,0.0,0.0,1.0,0.0,2187.12
5760_dose_750_gradient_0_VconcST_0_Vconc_0.8_run_0.csv,5760.0,750.0,0,0.8,0.0,0.8,0,18.25,0.0,0.0,0.0,0.0,1.0,0.0,2225.22
5760_dose_750_gradient_0_VconcST_0_Vconc_0.8_run_0.csv,5760.0,750.0,0,0.8,0.0,0.8,0,18.5,0.0,0.0,0.0,0.0,1.0,0.0,2147.02
5760_dose_750_gradient_0_VconcST_0_Vconc_0.8_run_0.csv,5760.0,750.0,0,0.8,0.0,0.8,0,18.75,0.0,0.0,0.0,0.0,1.0,0.0,2235.52
5760_dose_750_gradient_0_VconcST_0_Vconc_0.8_run_0.csv,5760.0,750.0,0,0.8,0.0,0.8,0,19.0,0.0,0.0,0.0,0.0,1.0,0.0,2195.24
5760_dose_750_gradient_0_VconcST_0_Vconc_0.8_run_0.csv,5760.0,750.0,0,0.8,0.0,0.8,0,19.25,0.0,0.0,0.0,0.0,1.0,0.0,2198.58
5760_dose_750_gradient_0_VconcST_0_Vconc_0.8_run_0.csv,5760.0,750.0,0,0.8,0.0,0.8,0,19.5,0.0,0.0,0.0,0.0,1.0,0.0,2221.57
5760_dose_750_gradient_0_VconcST_0_Vconc_0.8_run_0.csv,5760.0,750.0,0,0.8,0.0,0.8,0,19.75,0.0,0.0,0.0,0.0,1.0,0.0,2252.38
5760_dose_750_gradient_0_VconcST_0_Vconc_0.8_run_0.csv,5760.0,750.0,0,0.8,0.0,0.8,0,20.0,0.0,0.0,0.0,0.0,1.0,0.0,2281.0
5760_dose_750_gradient_0_VconcST_0_Vconc_0.8_run_0.csv,5760.0,750.0,0,0.8,0.0,0.8,0,20.25,0.0,0.0,0.0,0.0,1.0,0.0,2137.46
5760_dose_750_gradient_0_VconcST_0_Vconc_0.8_run_0.csv,5760.0,750.0,0,0.8,0.0,0.8,0,20.5,0.0,0.0,0.0,0.0,1.0,0.0,2159.99
5760_dose_750_gradient_0_VconcST_0_Vconc_0.8_run_0.csv,5760.0,750.0,0,0.8,0.0,0.8,0,20.75,0.0,0.0,0.0,0.0,1.0,0.0,2195.22
5760_dose_750_gradient_0_VconcST_0_Vconc_0.8_run_0.csv,5760.0,750.0,0,0.8,0.0,0.8,0,21.0,0.0,0.0,0.0,0.0,1.0,0.0,2207.98
5760_dose_750_gradient_0_VconcST_0_Vconc_0.8_run_0.csv,5760.0,750.0,0,0.8,0.0,0.8,0,21.25,0.0,0.0,0.0,0.0,1.0,0.0,2183.11
5760_dose_750_gradient_0_VconcST_0_Vconc_0.8_run_0.csv,5760.0,750.0,0,0.8,0.0,0.8,0,21.5,0.0,0.0,0.0,0.0,1.0,0.0,2151.72
5760_dose_750_gradient_0_VconcST_0_Vconc_0.8_run_0.csv,5760.0,750.0,0,0.8,0.0,0.8,0,21.75,0.0,0.0,0.0,0.0,1.0,0.0,2279.59
5760_dose_750_gradient_0_VconcST_0_Vconc_0.8_run_0.csv,5760.0,750.0,0,0.8,0.0,0.8,0,22.0,0.0,0.0,0.0,0.0,1.0,0.0,2244.75
5760_dose_750_gradient_0_VconcST_0_Vconc_0.8_run_0.csv,5760.0,750.0,0,0.8,0.0,0.8,0,22.25,0.0,0.0,0.0,0.0,1.0,0.0,2238.5
5760_dose_750_gradient_0_VconcST_0_Vconc_0.8_run_0.csv,5760.0,750.0,0,0.8,0.0,0.8,0,22.5,0.0,0.0,0.0,0.0,1.0,0.0,2217.62
5760_dose_750_gradient_0_VconcST_0_Vconc_0.8_run_0.csv,5760.0,750.0,0,0.8,0.0,0.8,0,22.75,0.0,0.0,0.0,0.0,1.0,0.0,2234.07
5760_dose_750_gradient_0_VconcST_0_Vconc_0.8_run_0.csv,5760.0,750.0,0,0.8,0.0,0.8,0,23.0,0.0,0.0,0.0,0.0,1.0,0.0,2270.82
5760_dose_750_gradient_0_VconcST_0_Vconc_0.8_run_0.csv,5760.0,750.0,0,0.8,0.0,0.8,0,23.25,0.0,0.0,0.0,0.0,1.0,0.0,2060.92
5760_dose_750_gradient_0_VconcST_0_Vconc_0.8_run_0.csv,5760.0,750.0,0,0.8,0.0,0.8,0,23.5,0.0,0.0,0.0,0.0,1.0,0.0,2190.4
5760_dose_750_gradient_0_VconcST_0_Vconc_0.8_run_0.csv,5760.0,750.0,0,0.8,0.0,0.8,0,23.75,0.0,0.0,0.0,0.0,1.0,0.0,2177.05
5760_dose_750_gradient_0_VconcST_0_Vconc_0.8_run_0.csv,5760.0,750.0,0,0.8,0.0,0.8,0,24.0,50.1654,750.0,0.0195379,50.1654,1.0,0.0,2244.9
5760_dose_750_gradient_0_VconcST_0_Vconc_0.8_run_0.csv,5760.0,750.0,0,0.8,0.0,0.8,0,24.25,3028.16,737.214,1.17937,3028.16,0.0,0.999933,0.0811677
5760_dose_750_gradient_0_VconcST_0_Vconc_0.8_run_0.csv,5760.0,750.0,0,0.8,0.0,0.8,0,24.5,5944.09,724.645,2.31504,5944.09,0.0,0.999966,0.0558524
5760_dose_750_gradient_0_VconcST_0_Vconc_0.8_run_0.csv,5760.0,750.0,0,0.8,0.0,0.8,0,24.75,8799.05,712.291,3.42696,8799.05,0.0,0.999977,0.0341213
5760_dose_750_gradient_0_VconcST_0_Vconc_0.8_run_0.csv,5760.0,750.0,0,0.8,0.0,0.8,0,25.0,11594.1,700.147,4.51555,11594.1,0.0,0.999983,0.0247277
5760_dose_750_gradient_0_VconcST_0_Vconc_0.8_run_0.csv,5760.0,750.0,0,0.8,0.0,0.8,0,25.25,14330.4,688.211,5.58124,14330.4,0.0,0.999986,0.0194984
5760_dose_750_gradient_0_VconcST_0_Vconc_0.8_run_0.csv,5760.0,750.0,0,0.8,0.0,0.8,0,25.5,17008.9,676.477,6.62443,17008.9,0.0,0.999988,0.0161527
5760_dose_750_gradient_0_VconcST_0_Vconc_0.8_run_0.csv,5760.0,750.0,0,0.8,0.0,0.8,0,25.75,19630.6,664.944,7.64551,19630.6,0.0,0.99999,0.0137335
5760_dose_750_gradient_0_VconcST_0_Vconc_0.8_run_0.csv,5760.0,750.0,0,0.8,0.0,0.8,0,26.0,22196.6,653.608,8.64489,22196.6,0.0,0.999991,0.011987
5760_dose_750_gradient_0_VconcST_0_Vconc_0.8_run_0.csv,5760.0,750.0,0,0.8,0.0,0.8,0,26.25,24707.9,642.465,9.62295,24707.9,0.0,0.999992,0.010713
5760_dose_750_gradient_0_VconcST_0_Vconc_0.8_run_0.csv,5760.0,750.0,0,0.8,0.0,0.8,0,26.5,27165.3,631.511,10.5801,27165.3,0.0,0.999993,0.00973594
5760_dose_750_gradient_0_VconcST_0_Vconc_0.8_run_0.csv,5760.0,750.0,0,0.8,0.0,0.8,0,26.75,29570.0,620.745,11.5166,29570.0,0.0,0.999993,0.00890698
5760_dose_750_gradient_0_VconcST_0_Vconc_0.8_run_0.csv,5760.0,750.0,0,0.8,0.0,0.8,0,27.0,31922.8,610.162,12.4329,31922.8,0.0,0.999994,0.00821752
5760_dose_750_gradient_0_VconcST_0_Vconc_0.8_run_0.csv,5760.0,750.0,0,0.8,0.0,0.8,0,27.25,34224.7,599.759,13.3295,34224.7,0.0,0.999994,0.00762142
5760_dose_750_gradient_0_VconcST_0_Vconc_0.8_run_0.csv,5760.0,750.0,0,0.8,0.0,0.8,0,27.5,36476.5,589.534,14.2065,36476.5,0.0,0.999995,0.00709662
5760_dose_750_gradient_0_VconcST_0_Vconc_0.8_run_0.csv,5760.0,750.0,0,0.8,0.0,0.8,0,27.75,38679.2,579.483,15.0643,38679.2,0.0,0.999995,0.00672765
5760_dose_750_gradient_0_VconcST_0_Vconc_0.8_run_0.csv,5760.0,750.0,0,0.8,0.0,0.8,0,28.0,40833.6,569.604,15.9034,40833.6,0.0,0.999995,0.00633592
5760_dose_750_gradient_0_VconcST_0_Vconc_0.8_run_0.csv,5760.0,750.0,0,0.8,0.0,0.8,0,28.25,42940.6,559.893,16.724,42940.6,0.0,0.999995,0.00604163
5760_dose_750_gradient_0_VconcST_0_Vconc_0.8_run_0.csv,5760.0,750.0,0,0.8,0.0,0.8,0,28.5,45001.1,550.347,17.5265,45001.1,0.0,0.999996,0.00574701
5760_dose_750_gradient_0_VconcST_0_Vconc_0.8_run_0.csv,5760.0,750.0,0,0.8,0.0,0.8,0,28.75,47015.8,540.964,18.3112,47015.8,0.0,0.999996,0.00550737
5760_dose_750_gradient_0_VconcST_0_Vconc_0.8_run_0.csv,5760.0,750.0,0,0.8,0.0,0.8,0,29.0,48985.7,531.742,19.0784,48985.7,0.0,0.999996,0.00528549
5760_dose_750_gradient_0_VconcST_0_Vconc_0.8_run_0.csv,5760.0,750.0,0,0.8,0.0,0.8,0,29.25,50911.4,522.676,19.8284,50911.4,0.0,0.999996,0.00506607
5760_dose_750_gradient_0_VconcST_0_Vconc_0.8_run_0.csv,5760.0,750.0,0,0.8,0.0,0.8,0,29.5,52793.9,513.765,20.5616,52793.9,0.0,0.999996,0.00483208
5760_dose_750_gradient_0_VconcST_0_Vconc_0.8_run_0.csv,5760.0,750.0,0,0.8,0.0,0.8,0,29.75,54633.8,505.006,21.2782,54633.8,0.0,0.999996,0.0046742
5760_dose_750_gradient_0_VconcST_0_Vconc_0.8_run_0.csv,5760.0,750.0,0,0.8,0.0,0.8,0,30.0,56432.0,496.396,21.9785,56432.0,0.0,0.999996,0.00452614
5760_dose_750_gradient_0_VconcST_0_Vconc_0.8_run_0.csv,5760.0,750.0,0,0.8,0.0,0.8,0,30.25,58189.1,487.933,22.6629,58189.1,0.0,0.999997,0.00437696
5760_dose_750_gradient_0_VconcST_0_Vconc_0.8_run_0.csv,5760.0,750.0,0,0.8,0.0,0.8,0,30.5,59906.0,479.615,23.3315,59906.0,0.0,0.999997,0.00430346
5760_dose_750_gradient_0_VconcST_0_Vconc_0.8_run_0.csv,5760.0,750.0,0,0.8,0.0,0.8,0,30.75,61583.3,471.438,23.9848,61583.3,0.0,0.999997,0.00414648
5760_dose_750_gradient_0_VconcST_0_Vconc_0.8_run_0.csv,5760.0,750.0,0,0.8,0.0,0.8,0,31.0,63221.9,463.4,24.623,63221.9,0.0,0.999997,0.0040861
5760_dose_750_gradient_0_VconcST_0_Vconc_0.8_run_0.csv,5760.0,750.0,0,0.8,0.0,0.8,0,31.25,64822.3,455.5,25.2463,64822.3,0.0,0.999997,0.00392856
5760_dose_750_gradient_0_VconcST_0_Vconc_0.8_run_0.csv,5760.0,750.0,0,0.8,0.0,0.8,0,31.5,66385.2,447.734,25.855,66385.2,0.0,0.999997,0.00393187
5760_dose_750_gradient_0_VconcST_0_Vconc_0.8_run_0.csv,5760.0,750.0,0,0.8,0.0,0.8,0,31.75,67911.4,440.101,26.4494,67911.4,0.0,0.999997,0.00385817
5760_dose_750_gradient_0_VconcST_0_Vconc_0.8_run_0.csv,5760.0,750.0,0,0.8,0.0,0.8,0,32.0,69401.5,432.598,27.0297,69401.5,0.0,0.999997,0.00376953
5760_dose_750_gradient_0_VconcST_0_Vconc_0.8_run_0.csv,5760.0,750.0,0,0.8,0.0,0.8,0,32.25,70856.1,425.222,27.5963,70856.1,0.0,0.999997,0.00370021
5760_dose_750_gradient_0_VconcST_0_Vconc_0.8_run_0.csv,5760.0,750.0,0,0.8,0.0,0.8,0,32.5,72276.0,417.973,28.1492,72276.0,0.0,0.999997,0.00363019
5760_dose_750_gradient_0_VconcST_0_Vconc_0.8_run_0.csv,5760.0,750.0,0,0.8,0.0,0.8,0,32.75,73661.6,410.847,28.6889,73661.6,0.0,0.999997,0.00354545
5760_dose_750_gradient_0_VconcST_0_Vconc_0.8_run_0.csv,5760.0,750.0,0,0.8,0.0,0.8,0,33.0,75013.7,403.842,29.2155,75013.7,0.0,0.999997,0.0034776
5760_dose_750_gradient_0_VconcST_0_Vconc_0.8_run_0.csv,5760.0,750.0,0,0.8,0.0,0.8,0,33.25,76332.9,396.957,29.7293,76332.9,0.0,0.999997,0.00339735
5760_dose_750_gradient_0_VconcST_0_Vconc_0.8_run_0.csv,5760.0,750.0,0,0.8,0.0,0.8,0,33.5,77619.8,390.19,30.2305,77619.8,0.0,0.999997,0.00332778
5760_dose_750_gradient_0_VconcST_0_Vconc_0.8_run_0.csv,5760.0,750.0,0,0.8,0.0,0.8,0,33.75,78874.8,383.537,30.7193,78874.8,0.0,0.999997,0.00332825
5760_dose_750_gradient_0_VconcST_0_Vconc_0.8_run_0.csv,5760.0,750.0,0,0.8,0.0,0.8,0,34.0,80098.7,376.999,31.196,80098.7,0.0,0.999997,0.00325138
5760_dose_750_gradient_0_VconcST_0_Vconc_0.8_run_0.csv,5760.0,750.0,0,0.8,0.0,0.8,0,34.25,81292.0,370.571,31.6607,81292.0,0.0,0.999997,0.00317119
5760_dose_750_gradient_0_VconcST_0_Vconc_0.8_run_0.csv,5760.0,750.0,0,0.8,0.0,0.8,0,34.5,82455.3,364.253,32.1138,82455.3,0.0,0.999998,0.0031664
5760_dose_750_gradient_0_VconcST_0_Vconc_0.8_run_0.csv,5760.0,750.0,0,0.8,0.0,0.8,0,34.75,83589.0,358.043,32.5553,83589.0,0.0,0.999998,0.00309569
5760_dose_750_gradient_0_VconcST_0_Vconc_0.8_run_0.csv,5760.0,750.0,0,0.8,0.0,0.8,0,35.0,84693.8,351.938,32.9856,84693.8,0.0,0.999998,0.00301827
5760_dose_750_gradient_0_VconcST_0_Vconc_0.8_run_0.csv,5760.0,750.0,0,0.8,0.0,0.8,0,35.25,85770.2,345.938,33.4048,85770.2,0.0,0.999998,0.00301986
5760_dose_750_gradient_0_VconcST_0_Vconc_0.8_run_0.csv,5760.0,750.0,0,0.8,0.0,0.8,0,35.5,86818.6,340.04,33.8132,86818.6,0.0,0.999998,0.00294436
5760_dose_750_gradient_0_VconcST_0_Vconc_0.8_run_0.csv,5760.0,750.0,0,0.8,0.0,0.8,0,35.75,87839.7,334.243,34.2108,87839.7,0.0,0.999998,0.00294684
5760_dose_750_gradient_0_VconcST_0_Vconc_0.8_run_0.csv,5760.0,750.0,0,0.8,0.0,0.8,0,36.0,88833.9,328.545,34.598,88833.9,0.0,0.999998,0.0029458
5760_dose_750_gradient_0_VconcST_0_Vconc_0.8_run_0.csv,5760.0,750.0,0,0.8,0.0,0.8,0,36.25,89801.6,322.943,34.975,89801.6,0.0,0.999998,0.0028722
5760_dose_750_gradient_0_VconcST_0_Vconc_0.8_run_0.csv,5760.0,750.0,0,0.8,0.0,0.8,0,36.5,90743.5,317.438,35.3418,90743.5,0.0,0.999998,0.00287683
5760_dose_750_gradient_0_VconcST_0_Vconc_0.8_run_0.csv,5760.0,750.0,0,0.8,0.0,0.8,0,36.75,91660.0,312.026,35.6987,91660.0,0.0,0.999998,0.0028015
5760_dose_750_gradient_0_VconcST_0_Vconc_0.8_run_0.csv,5760.0,750.0,0,0.8,0.0,0.8,0,37.0,92551.4,306.706,36.0459,92551.4,0.0,0.999998,0.00279229
5760_dose_750_gradient_0_VconcST_0_Vconc_0.8_run_0.csv,5760.0,750.0,0,0.8,0.0,0.8,0,37.25,93418.4,301.477,36.3836,93418.4,0.0,0.999998,0.00279199
5760_dose_750_gradient_0_VconcST_0_Vconc_0.8_run_0.csv,5760.0,750.0,0,0.8,0.0,0.8,0,37.5,94261.3,296.337,36.7118,94261.3,0.0,0.999998,0.00271407
5760_dose_750_gradient_0_VconcST_0_Vconc_0.8_run_0.csv,5760.0,750.0,0,0.8,0.0,0.8,0,37.75,95080.6,291.285,37.0309,95080.6,0.0,0.999998,0.00271703
5760_dose_750_gradient_0_VconcST_0_Vconc_0.8_run_0.csv,5760.0,750.0,0,0.8,0.0,0.8,0,38.0,95876.7,286.319,37.341,95876.7,0.0,0.999998,0.00272046
5760_dose_750_gradient_0_VconcST_0_Vconc_0.8_run_0.csv,5760.0,750.0,0,0.8,0.0,0.8,0,38.25,96650.1,281.438,37.6422,96650.1,0.0,0.999998,0.00263867
5760_dose_750_gradient_0_VconcST_0_Vconc_0.8_run_0.csv,5760.0,750.0,0,0.8,0.0,0.8,0,38.5,97401.2,276.639,37.9347,97401.2,0.0,0.999998,0.00264053
5760_dose_750_gradient_0_VconcST_0_Vconc_0.8_run_0.csv,5760.0,750.0,0,0.8,0.0,0.8,0,38.75,98130.4,271.923,38.2187,98130.4,0.0,0.999998,0.00264525
5760_dose_750_gradient_0_VconcST_0_Vconc_0.8_run_0.csv,5760.0,750.0,0,0.8,0.0,0.8,0,39.0,98838.0,267.287,38.4943,98838.0,0.0,0.999998,0.00265388
5760_dose_750_gradient_0_VconcST_0_Vconc_0.8_run_0.csv,5760.0,750.0,0,0.8,0.0,0.8,0,39.25,99524.6,262.73,38.7618,99524.6,0.0,0.999998,0.0025676
5760_dose_750_gradient_0_VconcST_0_Vconc_0.8_run_0.csv,5760.0,750.0,0,0.8,0.0,0.8,0,39.5,100191.0,258.251,39.0211,100191.0,0.0,0.999998,0.00256328
5760_dose_750_gradient_0_VconcST_0_Vconc_0.8_run_0.csv,5760.0,750.0,0,0.8,0.0,0.8,0,39.75,100836.0,253.848,39.2725,100836.0,0.0,0.999998,0.00257328
5760_dose_750_gradient_0_VconcST_0_Vconc_0.8_run_0.csv,5760.0,750.0,0,0.8,0.0,0.8,0,40.0,101462.0,249.52,39.5162,101462.0,0.0,0.999998,0.00256454
5760_dose_750_gradient_0_VconcST_0_Vconc_0.8_run_0.csv,5760.0,750.0,0,0.8,0.0,0.8,0,40.25,102068.0,245.266,39.7523,102068.0,0.0,0.999998,0.00248938
5760_dose_750_gradient_0_VconcST_0_Vconc_0.8_run_0.csv,5760.0,750.0,0,0.8,0.0,0.8,0,40.5,102655.0,241.085,39.9809,102655.0,0.0,0.999998,0.00249095
5760_dose_750_gradient_0_VconcST_0_Vconc_0.8_run_0.csv,5760.0,750.0,0,0.8,0.0,0.8,0,40.75,103223.0,236.975,40.2021,103223.0,0.0,0.999998,0.00249139
5760_dose_750_gradient_0_VconcST_0_Vconc_0.8_run_0.csv,5760.0,750.0,0,0.8,0.0,0.8,0,41.0,103772.0,232.934,40.4162,103772.0,0.0,0.999998,0.00249095
5760_dose_750_gradient_0_VconcST_0_Vconc_0.8_run_0.csv,5760.0,750.0,0,0.8,0.0,0.8,0,41.25,104304.0,228.963,40.6232,104304.0,0.0,0.999998,0.00249191
5760_dose_750_gradient_0_VconcST_0_Vconc_0.8_run_0.csv,5760.0,750.0,0,0.8,0.0,0.8,0,41.5,104818.0,225.06,40.8232,104818.0,0.0,0.999998,0.00248789
5760_dose_750_gradient_0_VconcST_0_Vconc_0.8_run_1.csv,5760.0,750.0,0,0.8,0.0,0.8,1,0.0,0.0,0.0,0.0,0.0,0.0,0.0,0.0
5760_dose_750_gradient_0_VconcST_0_Vconc_0.8_run_1.csv,5760.0,750.0,0,0.8,0.0,0.8,1,0.25,0.0,0.0,0.0,0.0,0.0,0.0,2049.86
5760_dose_750_gradient_0_VconcST_0_Vconc_0.8_run_1.csv,5760.0,750.0,0,0.8,0.0,0.8,1,0.5,0.0,0.0,0.0,0.0,0.0,0.0,30.1327
5760_dose_750_gradient_0_VconcST_0_Vconc_0.8_run_1.csv,5760.0,750.0,0,0.8,0.0,0.8,1,0.75,0.0,0.0,0.0,0.0,0.0,0.0,1979.4
5760_dose_750_gradient_0_VconcST_0_Vconc_0.8_run_1.csv,5760.0,750.0,0,0.8,0.0,0.8,1,1.0,0.0,0.0,0.0,0.0,0.0,0.0,83.8551
5760_dose_750_gradient_0_VconcST_0_Vconc_0.8_run_1.csv,5760.0,750.0,0,0.8,0.0,0.8,1,1.25,0.0,0.0,0.0,0.0,0.0,0.0,1910.84
5760_dose_750_gradient_0_VconcST_0_Vconc_0.8_run_1.csv,5760.0,750.0,0,0.8,0.0,0.8,1,1.5,0.0,0.0,0.0,0.0,0.0,0.0,129.225
5760_dose_750_gradient_0_VconcST_0_Vconc_0.8_run_1.csv,5760.0,750.0,0,0.8,0.0,0.8,1,1.75,0.0,0.0,0.0,0.0,0.0,0.0,1843.61
5760_dose_750_gradient_0_VconcST_0_Vconc_0.8_run_1.csv,5760.0,750.0,0,0.8,0.0,0.8,1,2.0,0.0,0.0,0.0,0.0,0.0,0.0,166.414
5760_dose_750_gradient_0_VconcST_0_Vconc_0.8_run_1.csv,5760.0,750.0,0,0.8,0.0,0.8,1,2.25,0.0,0.0,0.0,0.0,0.0,0.0,1760.25
5760_dose_750_gradient_0_VconcST_0_Vconc_0.8_run_1.csv,5760.0,750.0,0,0.8,0.0,0.8,1,2.5,0.0,0.0,0.0,0.0,0.0,0.0,247.419
5760_dose_750_gradient_0_VconcST_0_Vconc_0.8_run_1.csv,5760.0,750.0,0,0.8,0.0,0.8,1,2.75,0.0,0.0,0.0,0.0,0.0,0.0,1712.38
5760_dose_750_gradient_0_VconcST_0_Vconc_0.8_run_1.csv,5760.0,750.0,0,0.8,0.0,0.8,1,3.0,0.0,0.0,0.0,0.0,0.0,0.0,275.168
5760_dose_750_gradient_0_VconcST_0_Vconc_0.8_run_1.csv,5760.0,750.0,0,0.8,0.0,0.8,1,3.25,0.0,0.0,0.0,0.0,0.0,0.0,1561.58
5760_dose_750_gradient_0_VconcST_0_Vconc_0.8_run_1.csv,5760.0,750.0,0,0.8,0.0,0.8,1,3.5,0.0,0.0,0.0,0.0,0.0,0.0,442.932
5760_dose_750_gradient_0_VconcST_0_Vconc_0.8_run_1.csv,5760.0,750.0,0,0.8,0.0,0.8,1,3.75,0.0,0.0,0.0,0.0,0.0,0.0,1477.16
5760_dose_750_gradient_0_VconcST_0_Vconc_0.8_run_1.csv,5760.0,750.0,0,0.8,0.0,0.8,1,4.0,0.0,0.0,0.0,0.0,0.0,0.0,629.724
5760_dose_750_gradient_0_VconcST_0_Vconc_0.8_run_1.csv,5760.0,750.0,0,0.8,0.0,0.8,1,4.25,0.0,0.0,0.0,0.0,0.0,0.0,1255.8
5760_dose_750_gradient_0_VconcST_0_Vconc_0.8_run_1.csv,5760.0,750.0,0,0.8,0.0,0.8,1,4.5,0.0,0.0,0.0,0.0,0.0,0.0,757.368
5760_dose_750_gradient_0_VconcST_0_Vconc_0.8_run_1.csv,5760.0,750.0,0,0.8,0.0,0.8,1,4.75,0.0,0.0,0.0,0.0,0.0,0.0,1178.4
5760_dose_750_gradient_0_VconcST_0_Vconc_0.8_run_1.csv,5760.0,750.0,0,0.8,0.0,0.8,1,5.0,0.0,0.0,0.0,0.0,0.0,0.0,894.159
5760_dose_750_gradient_0_VconcST_0_Vconc_0.8_run_1.csv,5760.0,750.0,0,0.8,0.0,0.8,1,5.25,0.0,0.0,0.0,0.0,0.0,0.0,1030.49
5760_dose_750_gradient_0_VconcST_0_Vconc_0.8_run_1.csv,5760.0,750.0,0,0.8,0.0,0.8,1,5.5,0.0,0.0,0.0,0.0,0.0,0.0,1069.39
5760_dose_750_gradient_0_VconcST_0_Vconc_0.8_run_1.csv,5760.0,750.0,0,0.8,0.0,0.8,1,5.75,0.0,0.0,0.0,0.0,0.0,0.0,919.132
5760_dose_750_gradient_0_VconcST_0_Vconc_0.8_run_1.csv,5760.0,750.0,0,0.8,0.0,0.8,1,6.0,0.0,0.0,0.0,0.0,0.0,0.0,1216.79
5760_dose_750_gradient_0_VconcST_0_Vconc_0.8_run_1.csv,5760.0,750.0,0,0.8,0.0,0.8,1,6.25,0.0,0.0,0.0,0.0,0.0,0.0,806.412
5760_dose_750_gradient_0_VconcST_0_Vconc_0.8_run_1.csv,5760.0,750.0,0,0.8,0.0,0.8,1,6.5,0.0,0.0,0.0,0.0,0.0,0.0,1348.46
5760_dose_750_gradient_0_VconcST_0_Vconc_0.8_run_1.csv,5760.0,750.0,0,0.8,0.0,0.8,1,6.75,0.0,0.0,0.0,0.0,0.0,0.0,753.049
5760_dose_750_gradient_0_VconcST_0_Vconc_0.8_run_1.csv,5760.0,750.0,0,0.8,0.0,0.8,1,7.0,0.0,0.0,0.0,0.0,0.0,0.0,1362.63
5760_dose_750_gradient_0_VconcST_0_Vconc_0.8_run_1.csv,5760.0,750.0,0,0.8,0.0,0.8,1,7.25,0.0,0.0,0.0,0.0,0.0,0.0,892.774
5760_dose_750_gradient_0_VconcST_0_Vconc_0.8_run_1.csv,5760.0,750.0,0,0.8,0.0,0.8,1,7.5,0.0,0.0,0.0,0.0,0.00954644,0.0,1475.68
5760_dose_750_gradient_0_VconcST_0_Vconc_0.8_run_1.csv,5760.0,750.0,0,0.8,0.0,0.8,1,7.75,0.0,0.0,0.0,0.0,0.0375499,0.0,1302.38
5760_dose_750_gradient_0_VconcST_0_Vconc_0.8_run_1.csv,5760.0,750.0,0,0.8,0.0,0.8,1,8.0,0.0,0.0,0.0,0.0,0.10617,0.0,1611.26
5760_dose_750_gradient_0_VconcST_0_Vconc_0.8_run_1.csv,5760.0,750.0,0,0.8,0.0,0.8,1,8.25,0.0,0.0,0.0,0.0,0.20604,0.0,1854.42
5760_dose_750_gradient_0_VconcST_0_Vconc_0.8_run_1.csv,5760.0,750.0,0,0.8,0.0,0.8,1,8.5,0.0,0.0,0.0,0.0,0.337159,0.0,2117.87
5760_dose_750_gradient_0_VconcST_0_Vconc_0.8_run_1.csv,5760.0,750.0,0,0.8,0.0,0.8,1,8.75,0.0,0.0,0.0,0.0,0.499529,0.0,1993.6
5760_dose_750_gradient_0_VconcST_0_Vconc_0.8_run_1.csv,5760.0,750.0,0,0.8,0.0,0.8,1,9.0,0.0,0.0,0.0,0.0,0.693149,0.0,2166.75
5760_dose_750_gradient_0_VconcST_0_Vconc_0.8_run_1.csv,5760.0,750.0,0,0.8,0.0,0.8,1,9.25,0.0,0.0,0.0,0.0,0.876042,0.0,2239.02
5760_dose_750_gradient_0_VconcST_0_Vconc_0.8_run_1.csv,5760.0,750.0,0,0.8,0.0,0.8,1,9.5,0.0,0.0,0.0,0.0,0.945833,0.0,2215.07
5760_dose_750_gradient_0_VconcST_0_Vconc_0.8_run_1.csv,5760.0,750.0,0,0.8,0.0,0.8,1,9.75,0.0,0.0,0.0,0.0,1.0,0.0,2201.69
5760_dose_750_gradient_0_VconcST_0_Vconc_0.8_run_1.csv,5760.0,750.0,0,0.8,0.0,0.8,1,10.0,0.0,0.0,0.0,0.0,1.0,0.0,2190.64
5760_dose_750_gradient_0_VconcST_0_Vconc_0.8_run_1.csv,5760.0,750.0,0,0.8,0.0,0.8,1,10.25,0.0,0.0,0.0,0.0,1.0,0.0,2202.2
5760_dose_750_gradient_0_VconcST_0_Vconc_0.8_run_1.csv,5760.0,750.0,0,0.8,0.0,0.8,1,10.5,0.0,0.0,0.0,0.0,1.0,0.0,2151.75
5760_dose_750_gradient_0_VconcST_0_Vconc_0.8_run_1.csv,5760.0,750.0,0,0.8,0.0,0.8,1,10.75,0.0,0.0,0.0,0.0,1.0,0.0,2148.48
5760_dose_750_gradient_0_VconcST_0_Vconc_0.8_run_1.csv,5760.0,750.0,0,0.8,0.0,0.8,1,11.0,0.0,0.0,0.0,0.0,1.0,0.0,2258.22
5760_dose_750_gradient_0_VconcST_0_Vconc_0.8_run_1.csv,5760.0,750.0,0,0.8,0.0,0.8,1,11.25,0.0,0.0,0.0,0.0,1.0,0.0,2270.94
5760_dose_750_gradient_0_VconcST_0_Vconc_0.8_run_1.csv,5760.0,750.0,0,0.8,0.0,0.8,1,11.5,0.0,0.0,0.0,0.0,1.0,0.0,2288.73
5760_dose_750_gradient_0_VconcST_0_Vconc_0.8_run_1.csv,5760.0,750.0,0,0.8,0.0,0.8,1,11.75,0.0,0.0,0.0,0.0,1.0,0.0,2211.35
5760_dose_750_gradient_0_VconcST_0_Vconc_0.8_run_1.csv,5760.0,750.0,0,0.8,0.0,0.8,1,12.0,0.0,0.0,0.0,0.0,1.0,0.0,2217.68
5760_dose_750_gradient_0_VconcST_0_Vconc_0.8_run_1.csv,5760.0,750.0,0,0.8,0.0,0.8,1,12.25,0.0,0.0,0.0,0.0,1.0,0.0,2213.13
5760_dose_750_gradient_0_VconcST_0_Vconc_0.8_run_1.csv,5760.0,750.0,0,0.8,0.0,0.8,1,12.5,0.0,0.0,0.0,0.0,1.0,0.0,2193.0
5760_dose_750_gradient_0_VconcST_0_Vconc_0.8_run_1.csv,5760.0,750.0,0,0.8,0.0,0.8,1,12.75,0.0,0.0,0.0,0.0,1.0,0.0,2113.97
5760_dose_750_gradient_0_VconcST_0_Vconc_0.8_run_1.csv,5760.0,750.0,0,0.8,0.0,0.8,1,13.0,0.0,0.0,0.0,0.0,1.0,0.0,2194.34
5760_dose_750_gradient_0_VconcST_0_Vconc_0.8_run_1.csv,5760.0,750.0,0,0.8,0.0,0.8,1,13.25,0.0,0.0,0.0,0.0,1.0,0.0,2169.51
5760_dose_750_gradient_0_VconcST_0_Vconc_0.8_run_1.csv,5760.0,750.0,0,0.8,0.0,0.8,1,13.5,0.0,0.0,0.0,0.0,1.0,0.0,2213.77
5760_dose_750_gradient_0_VconcST_0_Vconc_0.8_run_1.csv,5760.0,750.0,0,0.8,0.0,0.8,1,13.75,0.0,0.0,0.0,0.0,1.0,0.0,2193.53
5760_dose_750_gradient_0_VconcST_0_Vconc_0.8_run_1.csv,5760.0,750.0,0,0.8,0.0,0.8,1,14.0,0.0,0.0,0.0,0.0,1.0,0.0,2244.9
5760_dose_750_gradient_0_VconcST_0_Vconc_0.8_run_1.csv,5760.0,750.0,0,0.8,0.0,0.8,1,14.25,0.0,0.0,0.0,0.0,1.0,0.0,2222.38
5760_dose_750_gradient_0_VconcST_0_Vconc_0.8_run_1.csv,5760.0,750.0,0,0.8,0.0,0.8,1,14.5,0.0,0.0,0.0,0.0,1.0,0.0,2229.96
5760_dose_750_gradient_0_VconcST_0_Vconc_0.8_run_1.csv,5760.0,750.0,0,0.8,0.0,0.8,1,14.75,0.0,0.0,0.0,0.0,1.0,0.0,2234.24
5760_dose_750_gradient_0_VconcST_0_Vconc_0.8_run_1.csv,5760.0,750.0,0,0.8,0.0,0.8,1,15.0,0.0,0.0,0.0,0.0,1.0,0.0,2080.24
5760_dose_750_gradient_0_VconcST_0_Vconc_0.8_run_1.csv,5760.0,750.0,0,0.8,0.0,0.8,1,15.25,0.0,0.0,0.0,0.0,1.0,0.0,2235.13
5760_dose_750_gradient_0_VconcST_0_Vconc_0.8_run_1.csv,5760.0,750.0,0,0.8,0.0,0.8,1,15.5,0.0,0.0,0.0,0.0,1.0,0.0,2123.17
5760_dose_750_gradient_0_VconcST_0_Vconc_0.8_run_1.csv,5760.0,750.0,0,0.8,0.0,0.8,1,15.75,0.0,0.0,0.0,0.0,1.0,0.0,2111.69
5760_dose_750_gradient_0_VconcST_0_Vconc_0.8_run_1.csv,5760.0,750.0,0,0.8,0.0,0.8,1,16.0,0.0,0.0,0.0,0.0,1.0,0.0,2164.53
5760_dose_750_gradient_0_VconcST_0_Vconc_0.8_run_1.csv,5760.0,750.0,0,0.8,0.0,0.8,1,16.25,0.0,0.0,0.0,0.0,1.0,0.0,2122.09
5760_dose_750_gradient_0_VconcST_0_Vconc_0.8_run_1.csv,5760.0,750.0,0,0.8,0.0,0.8,1,16.5,0.0,0.0,0.0,0.0,1.0,0.0,2130.61
5760_dose_750_gradient_0_VconcST_0_Vconc_0.8_run_1.csv,5760.0,750.0,0,0.8,0.0,0.8,1,16.75,0.0,0.0,0.0,0.0,1.0,0.0,2219.61
5760_dose_750_gradient_0_VconcST_0_Vconc_0.8_run_1.csv,5760.0,750.0,0,0.8,0.0,0.8,1,17.0,0.0,0.0,0.0,0.0,1.0,0.0,2211.36
5760_dose_750_gradient_0_VconcST_0_Vconc_0.8_run_1.csv,5760.0,750.0,0,0.8,0.0,0.8,1,17.25,0.0,0.0,0.0,0.0,1.0,0.0,2255.97
5760_dose_750_gradient_0_VconcST_0_Vconc_0.8_run_1.csv,5760.0,750.0,0,0.8,0.0,0.8,1,17.5,0.0,0.0,0.0,0.0,1.0,0.0,2211.78
5760_dose_750_gradient_0_VconcST_0_Vconc_0.8_run_1.csv,5760.0,750.0,0,0.8,0.0,0.8,1,17.75,0.0,0.0,0.0,0.0,1.0,0.0,2148.2
5760_dose_750_gradient_0_VconcST_0_Vconc_0.8_run_1.csv,5760.0,750.0,0,0.8,0.0,0.8,1,18.0,0.0,0.0,0.0,0.0,1.0,0.0,2182.95
5760_dose_750_gradient_0_VconcST_0_Vconc_0.8_run_1.csv,5760.0,750.0,0,0.8,0.0,0.8,1,18.25,0.0,0.0,0.0,0.0,1.0,0.0,2187.62
5760_dose_750_gradient_0_VconcST_0_Vconc_0.8_run_1.csv,5760.0,750.0,0,0.8,0.0,0.8,1,18.5,0.0,0.0,0.0,0.0,1.0,0.0,2187.7
5760_dose_750_gradient_0_VconcST_0_Vconc_0.8_run_1.csv,5760.0,750.0,0,0.8,0.0,0.8,1,18.75,0.0,0.0,0.0,0.0,1.0,0.0,2174.49
5760_dose_750_gradient_0_VconcST_0_Vconc_0.8_run_1.csv,5760.0,750.0,0,0.8,0.0,0.8,1,19.0,0.0,0.0,0.0,0.0,1.0,0.0,2173.69
5760_dose_750_gradient_0_VconcST_0_Vconc_0.8_run_1.csv,5760.0,750.0,0,0.8,0.0,0.8,1,19.25,0.0,0.0,0.0,0.0,1.0,0.0,2180.2
5760_dose_750_gradient_0_VconcST_0_Vconc_0.8_run_1.csv,5760.0,750.0,0,0.8,0.0,0.8,1,19.5,0.0,0.0,0.0,0.0,1.0,0.0,2213.57
5760_dose_750_gradient_0_VconcST_0_Vconc_0.8_run_1.csv,5760.0,750.0,0,0.8,0.0,0.8,1,19.75,0.0,0.0,0.0,0.0,1.0,0.0,2136.38
5760_dose_750_gradient_0_VconcST_0_Vconc_0.8_run_1.csv,5760.0,750.0,0,0.8,0.0,0.8,1,20.0,0.0,0.0,0.0,0.0,1.0,0.0,2253.52
5760_dose_750_gradient_0_VconcST_0_Vconc_0.8_run_1.csv,5760.0,750.0,0,0.8,0.0,0.8,1,20.25,0.0,0.0,0.0,0.0,1.0,0.0,2197.78
5760_dose_750_gradient_0_VconcST_0_Vconc_0.8_run_1.csv,5760.0,750.0,0,0.8,0.0,0.8,1,20.5,0.0,0.0,0.0,0.0,1.0,0.0,2237.17
5760_dose_750_gradient_0_VconcST_0_Vconc_0.8_run_1.csv,5760.0,750.0,0,0.8,0.0,0.8,1,20.75,0.0,0.0,0.0,0.0,1.0,0.0,2214.23
5760_dose_750_gradient_0_VconcST_0_Vconc_0.8_run_1.csv,5760.0,750.0,0,0.8,0.0,0.8,1,21.0,0.0,0.0,0.0,0.0,1.0,0.0,2149.87
5760_dose_750_gradient_0_VconcST_0_Vconc_0.8_run_1.csv,5760.0,750.0,0,0.8,0.0,0.8,1,21.25,0.0,0.0,0.0,0.0,1.0,0.0,2235.63
5760_dose_750_gradient_0_VconcST_0_Vconc_0.8_run_1.csv,5760.0,750.0,0,0.8,0.0,0.8,1,21.5,0.0,0.0,0.0,0.0,1.0,0.0,2077.89
5760_dose_750_gradient_0_VconcST_0_Vconc_0.8_run_1.csv,5760.0,750.0,0,0.8,0.0,0.8,1,21.75,0.0,0.0,0.0,0.0,1.0,0.0,2169.61
5760_dose_750_gradient_0_VconcST_0_Vconc_0.8_run_1.csv,5760.0,750.0,0,0.8,0.0,0.8,1,22.0,0.0,0.0,0.0,0.0,1.0,0.0,2194.65
5760_dose_750_gradient_0_VconcST_0_Vconc_0.8_run_1.csv,5760.0,750.0,0,0.8,0.0,0.8,1,22.25,0.0,0.0,0.0,0.0,1.0,0.0,2184.0
5760_dose_750_gradient_0_VconcST_0_Vconc_0.8_run_1.csv,5760.0,750.0,0,0.8,0.0,0.8,1,22.5,0.0,0.0,0.0,0.0,1.0,0.0,2171.11
5760_dose_750_gradient_0_VconcST_0_Vconc_0.8_run_1.csv,5760.0,750.0,0,0.8,0.0,0.8,1,22.75,0.0,0.0,0.0,0.0,1.0,0.0,2246.9
5760_dose_750_gradient_0_VconcST_0_Vconc_0.8_run_1.csv,5760.0,750.0,0,0.8,0.0,0.8,1,23.0,0.0,0.0,0.0,0.0,1.0,0.0,2173.04
5760_dose_750_gradient_0_VconcST_0_Vconc_0.8_run_1.csv,5760.0,750.0,0,0.8,0.0,0.8,1,23.25,0.0,0.0,0.0,0.0,1.0,0.0,2159.79
5760_dose_750_gradient_0_VconcST_0_Vconc_0.8_run_1.csv,5760.0,750.0,0,0.8,0.0,0.8,1,23.5,0.0,0.0,0.0,0.0,1.0,0.0,2174.84
5760_dose_750_gradient_0_VconcST_0_Vconc_0.8_run_1.csv,5760.0,750.0,0,0.8,0.0,0.8,1,23.75,0.0,0.0,0.0,0.0,1.0,0.0,2155.21
5760_dose_750_gradient_0_VconcST_0_Vconc_0.8_run_1.csv,5760.0,750.0,0,0.8,0.0,0.8,1,24.0,50.1654,750.0,0.0195379,50.1654,1.0,0.0,2187.88
5760_dose_750_gradient_0_VconcST_0_Vconc_0.8_run_1.csv,5760.0,750.0,0,0.8,0.0,0.8,1,24.25,3028.16,737.214,1.17937,3028.16,0.0,0.999933,0.0801759
5760_dose_750_gradient_0_VconcST_0_Vconc_0.8_run_1.csv,5760.0,750.0,0,0.8,0.0,0.8,1,24.5,5944.09,724.645,2.31504,5944.09,0.0,0.999966,0.0557115
5760_dose_750_gradient_0_VconcST_0_Vconc_0.8_run_1.csv,5760.0,750.0,0,0.8,0.0,0.8,1,24.75,8799.05,712.291,3.42696,8799.05,0.0,0.999977,0.0340758
5760_dose_750_gradient_0_VconcST_0_Vconc_0.8_run_1.csv,5760.0,750.0,0,0.8,0.0,0.8,1,25.0,11594.1,700.147,4.51555,11594.1,0.0,0.999983,0.0247529
5760_dose_750_gradient_0_VconcST_0_Vconc_0.8_run_1.csv,5760.0,750.0,0,0.8,0.0,0.8,1,25.25,14330.4,688.211,5.58124,14330.4,0.0,0.999986,0.0195025
5760_dose_750_gradient_0_VconcST_0_Vconc_0.8_run_1.csv,5760.0,750.0,0,0.8,0.0,0.8,1,25.5,17008.9,676.477,6.62443,17008.9,0.0,0.999988,0.0161465
5760_dose_750_gradient_0_VconcST_0_Vconc_0.8_run_1.csv,5760.0,750.0,0,0.8,0.0,0.8,1,25.75,19630.6,664.944,7.64551,19630.6,0.0,0.99999,0.013721
5760_dose_750_gradient_0_VconcST_0_Vconc_0.8_run_1.csv,5760.0,750.0,0,0.8,0.0,0.8,1,26.0,22196.6,653.608,8.64489,22196.6,0.0,0.999991,0.011987
5760_dose_750_gradient_0_VconcST_0_Vconc_0.8_run_1.csv,5760.0,750.0,0,0.8,0.0,0.8,1,26.25,24707.9,642.465,9.62295,24707.9,0.0,0.999992,0.010713
5760_dose_750_gradient_0_VconcST_0_Vconc_0.8_run_1.csv,5760.0,750.0,0,0.8,0.0,0.8,1,26.5,27165.3,631.511,10.5801,27165.3,0.0,0.999993,0.00974859
5760_dose_750_gradient_0_VconcST_0_Vconc_0.8_run_1.csv,5760.0,750.0,0,0.8,0.0,0.8,1,26.75,29570.0,620.745,11.5166,29570.0,0.0,0.999993,0.00890229
5760_dose_750_gradient_0_VconcST_0_Vconc_0.8_run_1.csv,5760.0,750.0,0,0.8,0.0,0.8,1,27.0,31922.8,610.162,12.4329,31922.8,0.0,0.999994,0.00821752
5760_dose_750_gradient_0_VconcST_0_Vconc_0.8_run_1.csv,5760.0,750.0,0,0.8,0.0,0.8,1,27.25,34224.7,599.759,13.3295,34224.7,0.0,0.999994,0.00763346
5760_dose_750_gradient_0_VconcST_0_Vconc_0.8_run_1.csv,5760.0,750.0,0,0.8,0.0,0.8,1,27.5,36476.5,589.534,14.2065,36476.5,0.0,0.999995,0.00708666
5760_dose_750_gradient_0_VconcST_0_Vconc_0.8_run_1.csv,5760.0,750.0,0,0.8,0.0,0.8,1,27.75,38679.2,579.483,15.0643,38679.2,0.0,0.999995,0.00670973
5760_dose_750_gradient_0_VconcST_0_Vconc_0.8_run_1.csv,5760.0,750.0,0,0.8,0.0,0.8,1,28.0,40833.6,569.604,15.9034,40833.6,0.0,0.999995,0.0063535
5760_dose_750_gradient_0_VconcST_0_Vconc_0.8_run_1.csv,5760.0,750.0,0,0.8,0.0,0.8,1,28.25,42940.6,559.893,16.724,42940.6,0.0,0.999995,0.00603124
5760_dose_750_gradient_0_VconcST_0_Vconc_0.8_run_1.csv,5760.0,750.0,0,0.8,0.0,0.8,1,28.5,45001.1,550.347,17.5265,45001.1,0.0,0.999996,0.0057297
5760_dose_750_gradient_0_VconcST_0_Vconc_0.8_run_1.csv,5760.0,750.0,0,0.8,0.0,0.8,1,28.75,47015.8,540.964,18.3112,47015.8,0.0,0.999996,0.00550853
5760_dose_750_gradient_0_VconcST_0_Vconc_0.8_run_1.csv,5760.0,750.0,0,0.8,0.0,0.8,1,29.0,48985.7,531.742,19.0784,48985.7,0.0,0.999996,0.00528531
5760_dose_750_gradient_0_VconcST_0_Vconc_0.8_run_1.csv,5760.0,750.0,0,0.8,0.0,0.8,1,29.25,50911.4,522.676,19.8284,50911.4,0.0,0.999996,0.00505116
5760_dose_750_gradient_0_VconcST_0_Vconc_0.8_run_1.csv,5760.0,750.0,0,0.8,0.0,0.8,1,29.5,52793.9,513.765,20.5616,52793.9,0.0,0.999996,0.00482496
5760_dose_750_gradient_0_VconcST_0_Vconc_0.8_run_1.csv,5760.0,750.0,0,0.8,0.0,0.8,1,29.75,54633.8,505.006,21.2782,54633.8,0.0,0.999996,0.00467847
5760_dose_750_gradient_0_VconcST_0_Vconc_0.8_run_1.csv,5760.0,750.0,0,0.8,0.0,0.8,1,30.0,56432.0,496.396,21.9785,56432.0,0.0,0.999996,0.00453393
5760_dose_750_gradient_0_VconcST_0_Vconc_0.8_run_1.csv,5760.0,750.0,0,0.8,0.0,0.8,1,30.25,58189.1,487.933,22.6629,58189.1,0.0,0.999997,0.00437574
5760_dose_750_gradient_0_VconcST_0_Vconc_0.8_run_1.csv,5760.0,750.0,0,0.8,0.0,0.8,1,30.5,59906.0,479.615,23.3315,59906.0,0.0,0.999997,0.00429984
5760_dose_750_gradient_0_VconcST_0_Vconc_0.8_run_1.csv,5760.0,750.0,0,0.8,0.0,0.8,1,30.75,61583.3,471.438,23.9848,61583.3,0.0,0.999997,0.0041561
5760_dose_750_gradient_0_VconcST_0_Vconc_0.8_run_1.csv,5760.0,750.0,0,0.8,0.0,0.8,1,31.0,63221.9,463.4,24.623,63221.9,0.0,0.999997,0.00407108
5760_dose_750_gradient_0_VconcST_0_Vconc_0.8_run_1.csv,5760.0,750.0,0,0.8,0.0,0.8,1,31.25,64822.3,455.5,25.2463,64822.3,0.0,0.999997,0.00393104
5760_dose_750_gradient_0_VconcST_0_Vconc_0.8_run_1.csv,5760.0,750.0,0,0.8,0.0,0.8,1,31.5,66385.2,447.734,25.855,66385.2,0.0,0.999997,0.00392223
5760_dose_750_gradient_0_VconcST_0_Vconc_0.8_run_1.csv,5760.0,750.0,0,0.8,0.0,0.8,1,31.75,67911.4,440.101,26.4494,67911.4,0.0,0.999997,0.00384493
5760_dose_750_gradient_0_VconcST_0_Vconc_0.8_run_1.csv,5760.0,750.0,0,0.8,0.0,0.8,1,32.0,69401.5,432.598,27.0297,69401.5,0.0,0.999997,0.00377178
5760_dose_750_gradient_0_VconcST_0_Vconc_0.8_run_1.csv,5760.0,750.0,0,0.8,0.0,0.8,1,32.25,70856.1,425.222,27.5963,70856.1,0.0,0.999997,0.00370228
5760_dose_750_gradient_0_VconcST_0_Vconc_0.8_run_1.csv,5760.0,750.0,0,0.8,0.0,0.8,1,32.5,72276.0,417.973,28.1492,72276.0,0.0,0.999997,0.00362269
5760_dose_750_gradient_0_VconcST_0_Vconc_0.8_run_1.csv,5760.0,750.0,0,0.8,0.0,0.8,1,32.75,73661.6,410.847,28.6889,73661.6,0.0,0.999997,0.00354657
5760_dose_750_gradient_0_VconcST_0_Vconc_0.8_run_1.csv,5760.0,750.0,0,0.8,0.0,0.8,1,33.0,75013.7,403.842,29.2155,75013.7,0.0,0.999997,0.00347431
5760_dose_750_gradient_0_VconcST_0_Vconc_0.8_run_1.csv,5760.0,750.0,0,0.8,0.0,0.8,1,33.25,76332.9,396.957,29.7293,76332.9,0.0,0.999997,0.00339806
5760_dose_750_gradient_0_VconcST_0_Vconc_0.8_run_1.csv,5760.0,750.0,0,0.8,0.0,0.8,1,33.5,77619.8,390.19,30.2305,77619.8,0.0,0.999997,0.00332196
5760_dose_750_gradient_0_VconcST_0_Vconc_0.8_run_1.csv,5760.0,750.0,0,0.8,0.0,0.8,1,33.75,78874.8,383.537,30.7193,78874.8,0.0,0.999997,0.00331951
5760_dose_750_gradient_0_VconcST_0_Vconc_0.8_run_1.csv,5760.0,750.0,0,0.8,0.0,0.8,1,34.0,80098.7,376.999,31.196,80098.7,0.0,0.999997,0.00324785
5760_dose_750_gradient_0_VconcST_0_Vconc_0.8_run_1.csv,5760.0,750.0,0,0.8,0.0,0.8,1,34.25,81292.0,370.571,31.6607,81292.0,0.0,0.999997,0.00317352
5760_dose_750_gradient_0_VconcST_0_Vconc_0.8_run_1.csv,5760.0,750.0,0,0.8,0.0,0.8,1,34.5,82455.3,364.253,32.1138,82455.3,0.0,0.999998,0.00317174
5760_dose_750_gradient_0_VconcST_0_Vconc_0.8_run_1.csv,5760.0,750.0,0,0.8,0.0,0.8,1,34.75,83589.0,358.043,32.5553,83589.0,0.0,0.999998,0.00309319
5760_dose_750_gradient_0_VconcST_0_Vconc_0.8_run_1.csv,5760.0,750.0,0,0.8,0.0,0.8,1,35.0,84693.8,351.938,32.9856,84693.8,0.0,0.999998,0.00302134
5760_dose_750_gradient_0_VconcST_0_Vconc_0.8_run_1.csv,5760.0,750.0,0,0.8,0.0,0.8,1,35.25,85770.2,345.938,33.4048,85770.2,0.0,0.999998,0.00301869
5760_dose_750_gradient_0_VconcST_0_Vconc_0.8_run_1.csv,5760.0,750.0,0,0.8,0.0,0.8,1,35.5,86818.6,340.04,33.8132,86818.6,0.0,0.999998,0.00294229
5760_dose_750_gradient_0_VconcST_0_Vconc_0.8_run_1.csv,5760.0,750.0,0,0.8,0.0,0.8,1,35.75,87839.7,334.243,34.2108,87839.7,0.0,0.999998,0.00294405
5760_dose_750_gradient_0_VconcST_0_Vconc_0.8_run_1.csv,5760.0,750.0,0,0.8,0.0,0.8,1,36.0,88833.9,328.545,34.598,88833.9,0.0,0.999998,0.0029456
5760_dose_750_gradient_0_VconcST_0_Vconc_0.8_run_1.csv,5760.0,750.0,0,0.8,0.0,0.8,1,36.25,89801.6,322.943,34.975,89801.6,0.0,0.999998,0.00287874
5760_dose_750_gradient_0_VconcST_0_Vconc_0.8_run_1.csv,5760.0,750.0,0,0.8,0.0,0.8,1,36.5,90743.5,317.438,35.3418,90743.5,0.0,0.999998,0.00287381
5760_dose_750_gradient_0_VconcST_0_Vconc_0.8_run_1.csv,5760.0,750.0,0,0.8,0.0,0.8,1,36.75,91660.0,312.026,35.6987,91660.0,0.0,0.999998,0.00279111
5760_dose_750_gradient_0_VconcST_0_Vconc_0.8_run_1.csv,5760.0,750.0,0,0.8,0.0,0.8,1,37.0,92551.4,306.706,36.0459,92551.4,0.0,0.999998,0.00279082
5760_dose_750_gradient_0_VconcST_0_Vconc_0.8_run_1.csv,5760.0,750.0,0,0.8,0.0,0.8,1,37.25,93418.4,301.477,36.3836,93418.4,0.0,0.999998,0.00279278
5760_dose_750_gradient_0_VconcST_0_Vconc_0.8_run_1.csv,5760.0,750.0,0,0.8,0.0,0.8,1,37.5,94261.3,296.337,36.7118,94261.3,0.0,0.999998,0.00271817
5760_dose_750_gradient_0_VconcST_0_Vconc_0.8_run_1.csv,5760.0,750.0,0,0.8,0.0,0.8,1,37.75,95080.6,291.285,37.0309,95080.6,0.0,0.999998,0.00272122
5760_dose_750_gradient_0_VconcST_0_Vconc_0.8_run_1.csv,5760.0,750.0,0,0.8,0.0,0.8,1,38.0,95876.7,286.319,37.341,95876.7,0.0,0.999998,0.00271731
5760_dose_750_gradient_0_VconcST_0_Vconc_0.8_run_1.csv,5760.0,750.0,0,0.8,0.0,0.8,1,38.25,96650.1,281.438,37.6422,96650.1,0.0,0.999998,0.0026511
5760_dose_750_gradient_0_VconcST_0_Vconc_0.8_run_1.csv,5760.0,750.0,0,0.8,0.0,0.8,1,38.5,97401.2,276.639,37.9347,97401.2,0.0,0.999998,0.00263867
5760_dose_750_gradient_0_VconcST_0_Vconc_0.8_run_1.csv,5760.0,750.0,0,0.8,0.0,0.8,1,38.75,98130.4,271.923,38.2187,98130.4,0.0,0.999998,0.00264053
5760_dose_750_gradient_0_VconcST_0_Vconc_0.8_run_1.csv,5760.0,750.0,0,0.8,0.0,0.8,1,39.0,98838.0,267.287,38.4943,98838.0,0.0,0.999998,0.00264136
5760_dose_750_gradient_0_VconcST_0_Vconc_0.8_run_1.csv,5760.0,750.0,0,0.8,0.0,0.8,1,39.25,99524.6,262.73,38.7618,99524.6,0.0,0.999998,0.00257499
5760_dose_750_gradient_0_VconcST_0_Vconc_0.8_run_1.csv,5760.0,750.0,0,0.8,0.0,0.8,1,39.5,100191.0,258.251,39.0211,100191.0,0.0,0.999998,0.00256688
5760_dose_750_gradient_0_VconcST_0_Vconc_0.8_run_1.csv,5760.0,750.0,0,0.8,0.0,0.8,1,39.75,100836.0,253.848,39.2725,100836.0,0.0,0.999998,0.00256589
5760_dose_750_gradient_0_VconcST_0_Vconc_0.8_run_1.csv,5760.0,750.0,0,0.8,0.0,0.8,1,40.0,101462.0,249.52,39.5162,101462.0,0.0,0.999998,0.00256724
5760_dose_750_gradient_0_VconcST_0_Vconc_0.8_run_1.csv,5760.0,750.0,0,0.8,0.0,0.8,1,40.25,102068.0,245.266,39.7523,102068.0,0.0,0.999998,0.00249524
5760_dose_750_gradient_0_VconcST_0_Vconc_0.8_run_1.csv,5760.0,750.0,0,0.8,0.0,0.8,1,40.5,102655.0,241.085,39.9809,102655.0,0.0,0.999998,0.0024976
5760_dose_750_gradient_0_VconcST_0_Vconc_0.8_run_1.csv,5760.0,750.0,0,0.8,0.0,0.8,1,40.75,103223.0,236.975,40.2021,103223.0,0.0,0.999998,0.00248789
5760_dose_750_gradient_0_VconcST_0_Vconc_0.8_run_1.csv,5760.0,750.0,0,0.8,0.0,0.8,1,41.0,103772.0,232.934,40.4162,103772.0,0.0,0.999998,0.00248789
5760_dose_750_gradient_0_VconcST_0_Vconc_0.8_run_1.csv,5760.0,750.0,0,0.8,0.0,0.8,1,41.25,104304.0,228.963,40.6232,104304.0,0.0,0.999998,0.00248964
5760_dose_750_gradient_0_VconcST_0_Vconc_0.8_run_1.csv,5760.0,750.0,0,0.8,0.0,0.8,1,41.5,104818.0,225.06,40.8232,104818.0,0.0,0.999998,0.00248789
5760_dose_800_gradient_0_VconcST_0_Vconc_0.8_run_0.csv,5760.0,800.0,0,0.8,0.0,0.8,0,0.0,0.0,0.0,0.0,0.0,0.0,0.0,0.0
5760_dose_800_gradient_0_VconcST_0_Vconc_0.8_run_0.csv,5760.0,800.0,0,0.8,0.0,0.8,0,0.25,0.0,0.0,0.0,0.0,0.0,0.0,1992.48
5760_dose_800_gradient_0_VconcST_0_Vconc_0.8_run_0.csv,5760.0,800.0,0,0.8,0.0,0.8,0,0.5,0.0,0.0,0.0,0.0,0.0,0.0,56.8173
5760_dose_800_gradient_0_VconcST_0_Vconc_0.8_run_0.csv,5760.0,800.0,0,0.8,0.0,0.8,0,0.75,0.0,0.0,0.0,0.0,0.0,0.0,1986.39
5760_dose_800_gradient_0_VconcST_0_Vconc_0.8_run_0.csv,5760.0,800.0,0,0.8,0.0,0.8,0,1.0,0.0,0.0,0.0,0.0,0.0,0.0,72.6441
5760_dose_800_gradient_0_VconcST_0_Vconc_0.8_run_0.csv,5760.0,800.0,0,0.8,0.0,0.8,0,1.25,0.0,0.0,0.0,0.0,0.0,0.0,1933.16
5760_dose_800_gradient_0_VconcST_0_Vconc_0.8_run_0.csv,5760.0,800.0,0,0.8,0.0,0.8,0,1.5,0.0,0.0,0.0,0.0,0.0,0.0,105.0
5760_dose_800_gradient_0_VconcST_0_Vconc_0.8_run_0.csv,5760.0,800.0,0,0.8,0.0,0.8,0,1.75,0.0,0.0,0.0,0.0,0.0,0.0,1880.05
5760_dose_800_gradient_0_VconcST_0_Vconc_0.8_run_0.csv,5760.0,800.0,0,0.8,0.0,0.8,0,2.0,0.0,0.0,0.0,0.0,0.0,0.0,149.49
5760_dose_800_gradient_0_VconcST_0_Vconc_0.8_run_0.csv,5760.0,800.0,0,0.8,0.0,0.8,0,2.25,0.0,0.0,0.0,0.0,0.0,0.0,1770.08
5760_dose_800_gradient_0_VconcST_0_Vconc_0.8_run_0.csv,5760.0,800.0,0,0.8,0.0,0.8,0,2.5,0.0,0.0,0.0,0.0,0.0,0.0,257.763
5760_dose_800_gradient_0_VconcST_0_Vconc_0.8_run_0.csv,5760.0,800.0,0,0.8,0.0,0.8,0,2.75,0.0,0.0,0.0,0.0,0.0,0.0,1623.02
5760_dose_800_gradient_0_VconcST_0_Vconc_0.8_run_0.csv,5760.0,800.0,0,0.8,0.0,0.8,0,3.0,0.0,0.0,0.0,0.0,0.0,0.0,372.114
5760_dose_800_gradient_0_VconcST_0_Vconc_0.8_run_0.csv,5760.0,800.0,0,0.8,0.0,0.8,0,3.25,0.0,0.0,0.0,0.0,0.0,0.0,1456.56
5760_dose_800_gradient_0_VconcST_0_Vconc_0.8_run_0.csv,5760.0,800.0,0,0.8,0.0,0.8,0,3.5,0.0,0.0,0.0,0.0,0.0,0.0,544.5
5760_dose_800_gradient_0_VconcST_0_Vconc_0.8_run_0.csv,5760.0,800.0,0,0.8,0.0,0.8,0,3.75,0.0,0.0,0.0,0.0,0.0,0.0,1324.7
5760_dose_800_gradient_0_VconcST_0_Vconc_0.8_run_0.csv,5760.0,800.0,0,0.8,0.0,0.8,0,4.0,0.0,0.0,0.0,0.0,0.0,0.0,685.411
5760_dose_800_gradient_0_VconcST_0_Vconc_0.8_run_0.csv,5760.0,800.0,0,0.8,0.0,0.8,0,4.25,0.0,0.0,0.0,0.0,0.0,0.0,1234.18
5760_dose_800_gradient_0_VconcST_0_Vconc_0.8_run_0.csv,5760.0,800.0,0,0.8,0.0,0.8,0,4.5,0.0,0.0,0.0,0.0,0.0,0.0,789.226
5760_dose_800_gradient_0_VconcST_0_Vconc_0.8_run_0.csv,5760.0,800.0,0,0.8,0.0,0.8,0,4.75,0.0,0.0,0.0,0.0,0.0,0.0,1139.83
5760_dose_800_gradient_0_VconcST_0_Vconc_0.8_run_0.csv,5760.0,800.0,0,0.8,0.0,0.8,0,5.0,0.0,0.0,0.0,0.0,0.0,0.0,895.325
5760_dose_800_gradient_0_VconcST_0_Vconc_0.8_run_0.csv,5760.0,800.0,0,0.8,0.0,0.8,0,5.25,0.0,0.0,0.0,0.0,0.0,0.0,1092.02
5760_dose_800_gradient_0_VconcST_0_Vconc_0.8_run_0.csv,5760.0,800.0,0,0.8,0.0,0.8,0,5.5,0.0,0.0,0.0,0.0,0.0,0.0,1029.55
5760_dose_800_gradient_0_VconcST_0_Vconc_0.8_run_0.csv,5760.0,800.0,0,0.8,0.0,0.8,0,5.75,0.0,0.0,0.0,0.0,0.0,0.0,1134.43
5760_dose_800_gradient_0_VconcST_0_Vconc_0.8_run_0.csv,5760.0,800.0,0,0.8,0.0,0.8,0,6.0,0.0,0.0,0.0,0.0,0.0,0.0,1221.41
5760_dose_800_gradient_0_VconcST_0_Vconc_0.8_run_0.csv,5760.0,800.0,0,0.8,0.0,0.8,0,6.25,0.0,0.0,0.0,0.0,0.0,0.0,1226.78
5760_dose_800_gradient_0_VconcST_0_Vconc_0.8_run_0.csv,5760.0,800.0,0,0.8,0.0,0.8,0,6.5,0.0,0.0,0.0,0.0,0.0247396,0.0,1428.54
5760_dose_800_gradient_0_VconcST_0_Vconc_0.8_run_0.csv,5760.0,800.0,0,0.8,0.0,0.8,0,6.75,0.0,0.0,0.0,0.0,0.08125,0.0,1637.8
5760_dose_800_gradient_0_VconcST_0_Vconc_0.8_run_0.csv,5760.0,800.0,0,0.8,0.0,0.8,0,7.0,0.0,0.0,0.0,0.0,0.16901,0.0,1717.39
5760_dose_800_gradient_0_VconcST_0_Vconc_0.8_run_0.csv,5760.0,800.0,0,0.8,0.0,0.8,0,7.25,0.0,0.0,0.0,0.0,0.288021,0.0,2023.8
5760_dose_800_gradient_0_VconcST_0_Vconc_0.8_run_0.csv,5760.0,800.0,0,0.8,0.0,0.8,0,7.5,0.0,0.0,0.0,0.0,0.438281,0.0,2264.92
5760_dose_800_gradient_0_VconcST_0_Vconc_0.8_run_0.csv,5760.0,800.0,0,0.8,0.0,0.8,0,7.75,0.0,0.0,0.0,0.0,0.619792,0.0,2174.99
5760_dose_800_gradient_0_VconcST_0_Vconc_0.8_run_0.csv,5760.0,800.0,0,0.8,0.0,0.8,0,8.0,0.0,0.0,0.0,0.0,0.800608,0.0,2228.68
5760_dose_800_gradient_0_VconcST_0_Vconc_0.8_run_0.csv,5760.0,800.0,0,0.8,0.0,0.8,0,8.25,0.0,0.0,0.0,0.0,0.960417,0.0,2172.15
5760_dose_800_gradient_0_VconcST_0_Vconc_0.8_run_0.csv,5760.0,800.0,0,0.8,0.0,0.8,0,8.5,0.0,0.0,0.0,0.0,1.0,0.0,2221.87
5760_dose_800_gradient_0_VconcST_0_Vconc_0.8_run_0.csv,5760.0,800.0,0,0.8,0.0,0.8,0,8.75,0.0,0.0,0.0,0.0,1.0,0.0,2227.68
5760_dose_800_gradient_0_VconcST_0_Vconc_0.8_run_0.csv,5760.0,800.0,0,0.8,0.0,0.8,0,9.0,0.0,0.0,0.0,0.0,1.0,0.0,2121.57
5760_dose_800_gradient_0_VconcST_0_Vconc_0.8_run_0.csv,5760.0,800.0,0,0.8,0.0,0.8,0,9.25,0.0,0.0,0.0,0.0,1.0,0.0,2255.42
5760_dose_800_gradient_0_VconcST_0_Vconc_0.8_run_0.csv,5760.0,800.0,0,0.8,0.0,0.8,0,9.5,0.0,0.0,0.0,0.0,1.0,0.0,2232.12
5760_dose_800_gradient_0_VconcST_0_Vconc_0.8_run_0.csv,5760.0,800.0,0,0.8,0.0,0.8,0,9.75,0.0,0.0,0.0,0.0,1.0,0.0,2142.87
5760_dose_800_gradient_0_VconcST_0_Vconc_0.8_run_0.csv,5760.0,800.0,0,0.8,0.0,0.8,0,10.0,0.0,0.0,0.0,0.0,1.0,0.0,2197.52
5760_dose_800_gradient_0_VconcST_0_Vconc_0.8_run_0.csv,5760.0,800.0,0,0.8,0.0,0.8,0,10.25,0.0,0.0,0.0,0.0,1.0,0.0,2236.82
5760_dose_800_gradient_0_VconcST_0_Vconc_0.8_run_0.csv,5760.0,800.0,0,0.8,0.0,0.8,0,10.5,0.0,0.0,0.0,0.0,1.0,0.0,2257.34
5760_dose_800_gradient_0_VconcST_0_Vconc_0.8_run_0.csv,5760.0,800.0,0,0.8,0.0,0.8,0,10.75,0.0,0.0,0.0,0.0,1.0,0.0,2265.76
5760_dose_800_gradient_0_VconcST_0_Vconc_0.8_run_0.csv,5760.0,800.0,0,0.8,0.0,0.8,0,11.0,0.0,0.0,0.0,0.0,1.0,0.0,2245.0
5760_dose_800_gradient_0_VconcST_0_Vconc_0.8_run_0.csv,5760.0,800.0,0,0.8,0.0,0.8,0,11.25,0.0,0.0,0.0,0.0,1.0,0.0,2222.89
5760_dose_800_gradient_0_VconcST_0_Vconc_0.8_run_0.csv,5760.0,800.0,0,0.8,0.0,0.8,0,11.5,0.0,0.0,0.0,0.0,1.0,0.0,2145.98
5760_dose_800_gradient_0_VconcST_0_Vconc_0.8_run_0.csv,5760.0,800.0,0,0.8,0.0,0.8,0,11.75,0.0,0.0,0.0,0.0,1.0,0.0,2220.38
5760_dose_800_gradient_0_VconcST_0_Vconc_0.8_run_0.csv,5760.0,800.0,0,0.8,0.0,0.8,0,12.0,0.0,0.0,0.0,0.0,1.0,0.0,2158.75
5760_dose_800_gradient_0_VconcST_0_Vconc_0.8_run_0.csv,5760.0,800.0,0,0.8,0.0,0.8,0,12.25,0.0,0.0,0.0,0.0,1.0,0.0,2199.29
5760_dose_800_gradient_0_VconcST_0_Vconc_0.8_run_0.csv,5760.0,800.0,0,0.8,0.0,0.8,0,12.5,0.0,0.0,0.0,0.0,1.0,0.0,2235.37
5760_dose_800_gradient_0_VconcST_0_Vconc_0.8_run_0.csv,5760.0,800.0,0,0.8,0.0,0.8,0,12.75,0.0,0.0,0.0,0.0,1.0,0.0,2199.75
5760_dose_800_gradient_0_VconcST_0_Vconc_0.8_run_0.csv,5760.0,800.0,0,0.8,0.0,0.8,0,13.0,0.0,0.0,0.0,0.0,1.0,0.0,2264.99
5760_dose_800_gradient_0_VconcST_0_Vconc_0.8_run_0.csv,5760.0,800.0,0,0.8,0.0,0.8,0,13.25,0.0,0.0,0.0,0.0,1.0,0.0,2213.32
5760_dose_800_gradient_0_VconcST_0_Vconc_0.8_run_0.csv,5760.0,800.0,0,0.8,0.0,0.8,0,13.5,0.0,0.0,0.0,0.0,1.0,0.0,2257.82
5760_dose_800_gradient_0_VconcST_0_Vconc_0.8_run_0.csv,5760.0,800.0,0,0.8,0.0,0.8,0,13.75,0.0,0.0,0.0,0.0,1.0,0.0,2253.8
5760_dose_800_gradient_0_VconcST_0_Vconc_0.8_run_0.csv,5760.0,800.0,0,0.8,0.0,0.8,0,14.0,0.0,0.0,0.0,0.0,1.0,0.0,2228.77
5760_dose_800_gradient_0_VconcST_0_Vconc_0.8_run_0.csv,5760.0,800.0,0,0.8,0.0,0.8,0,14.25,0.0,0.0,0.0,0.0,1.0,0.0,2114.67
5760_dose_800_gradient_0_VconcST_0_Vconc_0.8_run_0.csv,5760.0,800.0,0,0.8,0.0,0.8,0,14.5,0.0,0.0,0.0,0.0,1.0,0.0,2105.28
5760_dose_800_gradient_0_VconcST_0_Vconc_0.8_run_0.csv,5760.0,800.0,0,0.8,0.0,0.8,0,14.75,0.0,0.0,0.0,0.0,1.0,0.0,2218.8
5760_dose_800_gradient_0_VconcST_0_Vconc_0.8_run_0.csv,5760.0,800.0,0,0.8,0.0,0.8,0,15.0,0.0,0.0,0.0,0.0,1.0,0.0,2210.86
5760_dose_800_gradient_0_VconcST_0_Vconc_0.8_run_0.csv,5760.0,800.0,0,0.8,0.0,0.8,0,15.25,0.0,0.0,0.0,0.0,1.0,0.0,2247.89
5760_dose_800_gradient_0_VconcST_0_Vconc_0.8_run_0.csv,5760.0,800.0,0,0.8,0.0,0.8,0,15.5,0.0,0.0,0.0,0.0,1.0,0.0,2194.16
5760_dose_800_gradient_0_VconcST_0_Vconc_0.8_run_0.csv,5760.0,800.0,0,0.8,0.0,0.8,0,15.75,0.0,0.0,0.0,0.0,1.0,0.0,2212.59
5760_dose_800_gradient_0_VconcST_0_Vconc_0.8_run_0.csv,5760.0,800.0,0,0.8,0.0,0.8,0,16.0,0.0,0.0,0.0,0.0,1.0,0.0,2252.74
5760_dose_800_gradient_0_VconcST_0_Vconc_0.8_run_0.csv,5760.0,800.0,0,0.8,0.0,0.8,0,16.25,0.0,0.0,0.0,0.0,1.0,0.0,2196.64
5760_dose_800_gradient_0_VconcST_0_Vconc_0.8_run_0.csv,5760.0,800.0,0,0.8,0.0,0.8,0,16.5,0.0,0.0,0.0,0.0,1.0,0.0,2205.67
5760_dose_800_gradient_0_VconcST_0_Vconc_0.8_run_0.csv,5760.0,800.0,0,0.8,0.0,0.8,0,16.75,0.0,0.0,0.0,0.0,1.0,0.0,2154.39
5760_dose_800_gradient_0_VconcST_0_Vconc_0.8_run_0.csv,5760.0,800.0,0,0.8,0.0,0.8,0,17.0,0.0,0.0,0.0,0.0,1.0,0.0,2158.35
5760_dose_800_gradient_0_VconcST_0_Vconc_0.8_run_0.csv,5760.0,800.0,0,0.8,0.0,0.8,0,17.25,0.0,0.0,0.0,0.0,1.0,0.0,2287.84
5760_dose_800_gradient_0_VconcST_0_Vconc_0.8_run_0.csv,5760.0,800.0,0,0.8,0.0,0.8,0,17.5,0.0,0.0,0.0,0.0,1.0,0.0,2143.44
5760_dose_800_gradient_0_VconcST_0_Vconc_0.8_run_0.csv,5760.0,800.0,0,0.8,0.0,0.8,0,17.75,0.0,0.0,0.0,0.0,1.0,0.0,2240.05
5760_dose_800_gradient_0_VconcST_0_Vconc_0.8_run_0.csv,5760.0,800.0,0,0.8,0.0,0.8,0,18.0,0.0,0.0,0.0,0.0,1.0,0.0,2242.3
5760_dose_800_gradient_0_VconcST_0_Vconc_0.8_run_0.csv,5760.0,800.0,0,0.8,0.0,0.8,0,18.25,0.0,0.0,0.0,0.0,1.0,0.0,2279.99
5760_dose_800_gradient_0_VconcST_0_Vconc_0.8_run_0.csv,5760.0,800.0,0,0.8,0.0,0.8,0,18.5,0.0,0.0,0.0,0.0,1.0,0.0,2089.58
5760_dose_800_gradient_0_VconcST_0_Vconc_0.8_run_0.csv,5760.0,800.0,0,0.8,0.0,0.8,0,18.75,0.0,0.0,0.0,0.0,1.0,0.0,2238.12
5760_dose_800_gradient_0_VconcST_0_Vconc_0.8_run_0.csv,5760.0,800.0,0,0.8,0.0,0.8,0,19.0,0.0,0.0,0.0,0.0,1.0,0.0,2241.87
5760_dose_800_gradient_0_VconcST_0_Vconc_0.8_run_0.csv,5760.0,800.0,0,0.8,0.0,0.8,0,19.25,0.0,0.0,0.0,0.0,1.0,0.0,2189.05
5760_dose_800_gradient_0_VconcST_0_Vconc_0.8_run_0.csv,5760.0,800.0,0,0.8,0.0,0.8,0,19.5,0.0,0.0,0.0,0.0,1.0,0.0,2184.93
5760_dose_800_gradient_0_VconcST_0_Vconc_0.8_run_0.csv,5760.0,800.0,0,0.8,0.0,0.8,0,19.75,0.0,0.0,0.0,0.0,1.0,0.0,2142.79
5760_dose_800_gradient_0_VconcST_0_Vconc_0.8_run_0.csv,5760.0,800.0,0,0.8,0.0,0.8,0,20.0,0.0,0.0,0.0,0.0,1.0,0.0,2231.62
5760_dose_800_gradient_0_VconcST_0_Vconc_0.8_run_0.csv,5760.0,800.0,0,0.8,0.0,0.8,0,20.25,0.0,0.0,0.0,0.0,1.0,0.0,2166.71
5760_dose_800_gradient_0_VconcST_0_Vconc_0.8_run_0.csv,5760.0,800.0,0,0.8,0.0,0.8,0,20.5,0.0,0.0,0.0,0.0,1.0,0.0,2238.36
5760_dose_800_gradient_0_VconcST_0_Vconc_0.8_run_0.csv,5760.0,800.0,0,0.8,0.0,0.8,0,20.75,0.0,0.0,0.0,0.0,1.0,0.0,2283.25
5760_dose_800_gradient_0_VconcST_0_Vconc_0.8_run_0.csv,5760.0,800.0,0,0.8,0.0,0.8,0,21.0,0.0,0.0,0.0,0.0,1.0,0.0,2241.02
5760_dose_800_gradient_0_VconcST_0_Vconc_0.8_run_0.csv,5760.0,800.0,0,0.8,0.0,0.8,0,21.25,0.0,0.0,0.0,0.0,1.0,0.0,2146.78
5760_dose_800_gradient_0_VconcST_0_Vconc_0.8_run_0.csv,5760.0,800.0,0,0.8,0.0,0.8,0,21.5,0.0,0.0,0.0,0.0,1.0,0.0,2228.79
5760_dose_800_gradient_0_VconcST_0_Vconc_0.8_run_0.csv,5760.0,800.0,0,0.8,0.0,0.8,0,21.75,0.0,0.0,0.0,0.0,1.0,0.0,2159.18
5760_dose_800_gradient_0_VconcST_0_Vconc_0.8_run_0.csv,5760.0,800.0,0,0.8,0.0,0.8,0,22.0,0.0,0.0,0.0,0.0,1.0,0.0,2254.61
5760_dose_800_gradient_0_VconcST_0_Vconc_0.8_run_0.csv,5760.0,800.0,0,0.8,0.0,0.8,0,22.25,0.0,0.0,0.0,0.0,1.0,0.0,2242.34
5760_dose_800_gradient_0_VconcST_0_Vconc_0.8_run_0.csv,5760.0,800.0,0,0.8,0.0,0.8,0,22.5,0.0,0.0,0.0,0.0,1.0,0.0,2247.88
5760_dose_800_gradient_0_VconcST_0_Vconc_0.8_run_0.csv,5760.0,800.0,0,0.8,0.0,0.8,0,22.75,0.0,0.0,0.0,0.0,1.0,0.0,2291.87
5760_dose_800_gradient_0_VconcST_0_Vconc_0.8_run_0.csv,5760.0,800.0,0,0.8,0.0,0.8,0,23.0,0.0,0.0,0.0,0.0,1.0,0.0,2229.0
5760_dose_800_gradient_0_VconcST_0_Vconc_0.8_run_0.csv,5760.0,800.0,0,0.8,0.0,0.8,0,23.25,0.0,0.0,0.0,0.0,1.0,0.0,2220.1
5760_dose_800_gradient_0_VconcST_0_Vconc_0.8_run_0.csv,5760.0,800.0,0,0.8,0.0,0.8,0,23.5,0.0,0.0,0.0,0.0,1.0,0.0,2148.63
5760_dose_800_gradient_0_VconcST_0_Vconc_0.8_run_0.csv,5760.0,800.0,0,0.8,0.0,0.8,0,23.75,0.0,0.0,0.0,0.0,1.0,0.0,2295.3
5760_dose_800_gradient_0_VconcST_0_Vconc_0.8_run_0.csv,5760.0,800.0,0,0.8,0.0,0.8,0,24.0,53.5098,800.0,0.0208404,53.5098,1.0,0.0,2237.96
5760_dose_800_gradient_0_VconcST_0_Vconc_0.8_run_0.csv,5760.0,800.0,0,0.8,0.0,0.8,0,24.25,3230.04,786.361,1.258,3230.04,0.0,0.999937,0.0769602
5760_dose_800_gradient_0_VconcST_0_Vconc_0.8_run_0.csv,5760.0,800.0,0,0.8,0.0,0.8,0,24.5,6340.36,772.954,2.46937,6340.36,0.0,0.999968,0.052244
5760_dose_800_gradient_0_VconcST_0_Vconc_0.8_run_0.csv,5760.0,800.0,0,0.8,0.0,0.8,0,24.75,9385.65,759.777,3.65542,9385.65,0.0,0.999979,0.0319647
5760_dose_800_gradient_0_VconcST_0_Vconc_0.8_run_0.csv,5760.0,800.0,0,0.8,0.0,0.8,0,25.0,12367.1,746.823,4.81659,12367.1,0.0,0.999984,0.0231633
5760_dose_800_gradient_0_VconcST_0_Vconc_0.8_run_0.csv,5760.0,800.0,0,0.8,0.0,0.8,0,25.25,15285.7,734.092,5.95332,15285.7,0.0,0.999987,0.0182443
5760_dose_800_gradient_0_VconcST_0_Vconc_0.8_run_0.csv,5760.0,800.0,0,0.8,0.0,0.8,0,25.5,18142.8,721.576,7.06605,18142.8,0.0,0.999989,0.0150236
5760_dose_800_gradient_0_VconcST_0_Vconc_0.8_run_0.csv,5760.0,800.0,0,0.8,0.0,0.8,0,25.75,20939.3,709.274,8.15521,20939.3,0.0,0.99999,0.012928
5760_dose_800_gradient_0_VconcST_0_Vconc_0.8_run_0.csv,5760.0,800.0,0,0.8,0.0,0.8,0,26.0,23676.4,697.182,9.22121,23676.4,0.0,0.999992,0.0112466
5760_dose_800_gradient_0_VconcST_0_Vconc_0.8_run_0.csv,5760.0,800.0,0,0.8,0.0,0.8,0,26.25,26355.0,685.296,10.2645,26355.0,0.0,0.999992,0.0100473
5760_dose_800_gradient_0_VconcST_0_Vconc_0.8_run_0.csv,5760.0,800.0,0,0.8,0.0,0.8,0,26.5,28976.4,673.613,11.2854,28976.4,0.0,0.999993,0.00913758
5760_dose_800_gradient_0_VconcST_0_Vconc_0.8_run_0.csv,5760.0,800.0,0,0.8,0.0,0.8,0,26.75,31541.3,662.128,12.2844,31541.3,0.0,0.999994,0.00830722
5760_dose_800_gradient_0_VconcST_0_Vconc_0.8_run_0.csv,5760.0,800.0,0,0.8,0.0,0.8,0,27.0,34051.0,650.84,13.2618,34051.0,0.0,0.999994,0.00771011
5760_dose_800_gradient_0_VconcST_0_Vconc_0.8_run_0.csv,5760.0,800.0,0,0.8,0.0,0.8,0,27.25,36506.3,639.744,14.2181,36506.3,0.0,0.999995,0.00717391
5760_dose_800_gradient_0_VconcST_0_Vconc_0.8_run_0.csv,5760.0,800.0,0,0.8,0.0,0.8,0,27.5,38908.2,628.837,15.1535,38908.2,0.0,0.999995,0.00671704
5760_dose_800_gradient_0_VconcST_0_Vconc_0.8_run_0.csv,5760.0,800.0,0,0.8,0.0,0.8,0,27.75,41257.7,618.116,16.0686,41257.7,0.0,0.999995,0.00628529
5760_dose_800_gradient_0_VconcST_0_Vconc_0.8_run_0.csv,5760.0,800.0,0,0.8,0.0,0.8,0,28.0,43555.8,607.578,16.9636,43555.8,0.0,0.999995,0.00597569
5760_dose_800_gradient_0_VconcST_0_Vconc_0.8_run_0.csv,5760.0,800.0,0,0.8,0.0,0.8,0,28.25,45803.3,597.219,17.839,45803.3,0.0,0.999996,0.00566761
5760_dose_800_gradient_0_VconcST_0_Vconc_0.8_run_0.csv,5760.0,800.0,0,0.8,0.0,0.8,0,28.5,48001.1,587.037,18.6949,48001.1,0.0,0.999996,0.00535651
5760_dose_800_gradient_0_VconcST_0_Vconc_0.8_run_0.csv,5760.0,800.0,0,0.8,0.0,0.8,0,28.75,50150.2,577.029,19.5319,50150.2,0.0,0.999996,0.00513643
5760_dose_800_gradient_0_VconcST_0_Vconc_0.8_run_0.csv,5760.0,800.0,0,0.8,0.0,0.8,0,29.0,52251.3,567.191,20.3503,52251.3,0.0,0.999996,0.0049028
5760_dose_800_gradient_0_VconcST_0_Vconc_0.8_run_0.csv,5760.0,800.0,0,0.8,0.0,0.8,0,29.25,54305.5,557.521,21.1503,54305.5,0.0,0.999996,0.00475543
5760_dose_800_gradient_0_VconcST_0_Vconc_0.8_run_0.csv,5760.0,800.0,0,0.8,0.0,0.8,0,29.5,56313.4,548.016,21.9323,56313.4,0.0,0.999996,0.00452343
5760_dose_800_gradient_0_VconcST_0_Vconc_0.8_run_0.csv,5760.0,800.0,0,0.8,0.0,0.8,0,29.75,58276.0,538.673,22.6967,58276.0,0.0,0.999997,0.00438004
5760_dose_800_gradient_0_VconcST_0_Vconc_0.8_run_0.csv,5760.0,800.0,0,0.8,0.0,0.8,0,30.0,60194.1,529.49,23.4437,60194.1,0.0,0.999997,0.0042382
5760_dose_800_gradient_0_VconcST_0_Vconc_0.8_run_0.csv,5760.0,800.0,0,0.8,0.0,0.8,0,30.25,62068.4,520.462,24.1737,62068.4,0.0,0.999997,0.00414852
5760_dose_800_gradient_0_VconcST_0_Vconc_0.8_run_0.csv,5760.0,800.0,0,0.8,0.0,0.8,0,30.5,63899.7,511.589,24.887,63899.7,0.0,0.999997,0.00400062
5760_dose_800_gradient_0_VconcST_0_Vconc_0.8_run_0.csv,5760.0,800.0,0,0.8,0.0,0.8,0,30.75,65688.9,502.867,25.5838,65688.9,0.0,0.999997,0.00392264
5760_dose_800_gradient_0_VconcST_0_Vconc_0.8_run_0.csv,5760.0,800.0,0,0.8,0.0,0.8,0,31.0,67436.6,494.294,26.2645,67436.6,0.0,0.999997,0.00384682
5760_dose_800_gradient_0_VconcST_0_Vconc_0.8_run_0.csv,5760.0,800.0,0,0.8,0.0,0.8,0,31.25,69143.7,485.867,26.9293,69143.7,0.0,0.999997,0.00377377
5760_dose_800_gradient_0_VconcST_0_Vconc_0.8_run_0.csv,5760.0,800.0,0,0.8,0.0,0.8,0,31.5,70810.9,477.583,27.5786,70810.9,0.0,0.999997,0.00369411
5760_dose_800_gradient_0_VconcST_0_Vconc_0.8_run_0.csv,5760.0,800.0,0,0.8,0.0,0.8,0,31.75,72438.8,469.441,28.2127,72438.8,0.0,0.999997,0.00363197
5760_dose_800_gradient_0_VconcST_0_Vconc_0.8_run_0.csv,5760.0,800.0,0,0.8,0.0,0.8,0,32.0,74028.2,461.438,28.8317,74028.2,0.0,0.999997,0.00354333
5760_dose_800_gradient_0_VconcST_0_Vconc_0.8_run_0.csv,5760.0,800.0,0,0.8,0.0,0.8,0,32.25,75579.8,453.571,29.436,75579.8,0.0,0.999997,0.00347455
5760_dose_800_gradient_0_VconcST_0_Vconc_0.8_run_0.csv,5760.0,800.0,0,0.8,0.0,0.8,0,32.5,77094.3,445.838,30.0259,77094.3,0.0,0.999997,0.00339568
5760_dose_800_gradient_0_VconcST_0_Vconc_0.8_run_0.csv,5760.0,800.0,0,0.8,0.0,0.8,0,32.75,78572.4,438.237,30.6015,78572.4,0.0,0.999997,0.00331718
5760_dose_800_gradient_0_VconcST_0_Vconc_0.8_run_0.csv,5760.0,800.0,0,0.8,0.0,0.8,0,33.0,80014.7,430.765,31.1632,80014.7,0.0,0.999997,0.00325309
5760_dose_800_gradient_0_VconcST_0_Vconc_0.8_run_0.csv,5760.0,800.0,0,0.8,0.0,0.8,0,33.25,81421.8,423.421,31.7113,81421.8,0.0,0.999997,0.00317842
5760_dose_800_gradient_0_VconcST_0_Vconc_0.8_run_0.csv,5760.0,800.0,0,0.8,0.0,0.8,0,33.5,82794.4,416.203,32.2459,82794.4,0.0,0.999998,0.00309981
5760_dose_800_gradient_0_VconcST_0_Vconc_0.8_run_0.csv,5760.0,800.0,0,0.8,0.0,0.8,0,33.75,84133.2,409.107,32.7673,84133.2,0.0,0.999998,0.00310046
5760_dose_800_gradient_0_VconcST_0_Vconc_0.8_run_0.csv,5760.0,800.0,0,0.8,0.0,0.8,0,34.0,85438.7,402.132,33.2757,85438.7,0.0,0.999998,0.00301711
5760_dose_800_gradient_0_VconcST_0_Vconc_0.8_run_0.csv,5760.0,800.0,0,0.8,0.0,0.8,0,34.25,86711.5,395.276,33.7715,86711.5,0.0,0.999998,0.0030277
5760_dose_800_gradient_0_VconcST_0_Vconc_0.8_run_0.csv,5760.0,800.0,0,0.8,0.0,0.8,0,34.5,87952.4,388.537,34.2547,87952.4,0.0,0.999998,0.00294498
5760_dose_800_gradient_0_VconcST_0_Vconc_0.8_run_0.csv,5760.0,800.0,0,0.8,0.0,0.8,0,34.75,89161.7,381.913,34.7257,89161.7,0.0,0.999998,0.00286485
5760_dose_800_gradient_0_VconcST_0_Vconc_0.8_run_0.csv,5760.0,800.0,0,0.8,0.0,0.8,0,35.0,90340.2,375.402,35.1847,90340.2,0.0,0.999998,0.00286485
5760_dose_800_gradient_0_VconcST_0_Vconc_0.8_run_0.csv,5760.0,800.0,0,0.8,0.0,0.8,0,35.25,91488.3,369.002,35.6319,91488.3,0.0,0.999998,0.00278944
5760_dose_800_gradient_0_VconcST_0_Vconc_0.8_run_0.csv,5760.0,800.0,0,0.8,0.0,0.8,0,35.5,92606.7,362.711,36.0674,92606.7,0.0,0.999998,0.00279964
5760_dose_800_gradient_0_VconcST_0_Vconc_0.8_run_0.csv,5760.0,800.0,0,0.8,0.0,0.8,0,35.75,93695.8,356.527,36.4916,93695.8,0.0,0.999998,0.00279336
5760_dose_800_gradient_0_VconcST_0_Vconc_0.8_run_0.csv,5760.0,800.0,0,0.8,0.0,0.8,0,36.0,94756.3,350.449,36.9046,94756.3,0.0,0.999998,0.00271598
5760_dose_800_gradient_0_VconcST_0_Vconc_0.8_run_0.csv,5760.0,800.0,0,0.8,0.0,0.8,0,36.25,95788.6,344.474,37.3067,95788.6,0.0,0.999998,0.0027154
5760_dose_800_gradient_0_VconcST_0_Vconc_0.8_run_0.csv,5760.0,800.0,0,0.8,0.0,0.8,0,36.5,96793.2,338.601,37.698,96793.2,0.0,0.999998,0.00264349
5760_dose_800_gradient_0_VconcST_0_Vconc_0.8_run_0.csv,5760.0,800.0,0,0.8,0.0,0.8,0,36.75,97770.8,332.828,38.0787,97770.8,0.0,0.999998,0.00264414
5760_dose_800_gradient_0_VconcST_0_Vconc_0.8_run_0.csv,5760.0,800.0,0,0.8,0.0,0.8,0,37.0,98721.6,327.154,38.449,98721.6,0.0,0.999998,0.00264349
5760_dose_800_gradient_0_VconcST_0_Vconc_0.8_run_0.csv,5760.0,800.0,0,0.8,0.0,0.8,0,37.25,99646.4,321.576,38.8092,99646.4,0.0,0.999998,0.00256634
5760_dose_800_gradient_0_VconcST_0_Vconc_0.8_run_0.csv,5760.0,800.0,0,0.8,0.0,0.8,0,37.5,100546.0,316.094,39.1594,100546.0,0.0,0.999998,0.00257184
5760_dose_800_gradient_0_VconcST_0_Vconc_0.8_run_0.csv,5760.0,800.0,0,0.8,0.0,0.8,0,37.75,101419.0,310.705,39.4997,101419.0,0.0,0.999998,0.00256896
5760_dose_800_gradient_0_VconcST_0_Vconc_0.8_run_0.csv,5760.0,800.0,0,0.8,0.0,0.8,0,38.0,102269.0,305.408,39.8305,102269.0,0.0,0.999998,0.002492
5760_dose_800_gradient_0_VconcST_0_Vconc_0.8_run_0.csv,5760.0,800.0,0,0.8,0.0,0.8,0,38.25,103094.0,300.201,40.1518,103094.0,0.0,0.999998,0.00249165
5760_dose_800_gradient_0_VconcST_0_Vconc_0.8_run_0.csv,5760.0,800.0,0,0.8,0.0,0.8,0,38.5,103895.0,295.083,40.4638,103895.0,0.0,0.999998,0.00248964
5760_dose_800_gradient_0_VconcST_0_Vconc_0.8_run_0.csv,5760.0,800.0,0,0.8,0.0,0.8,0,38.75,104673.0,290.052,40.7667,104673.0,0.0,0.999998,0.00249087
5760_dose_800_gradient_0_VconcST_0_Vconc_0.8_run_0.csv,5760.0,800.0,0,0.8,0.0,0.8,0,39.0,105427.0,285.107,41.0607,105427.0,0.0,0.999998,0.00241646
5760_dose_800_gradient_0_VconcST_0_Vconc_0.8_run_0.csv,5760.0,800.0,0,0.8,0.0,0.8,0,39.25,106160.0,280.246,41.3459,106160.0,0.0,0.999998,0.0024168
5760_dose_800_gradient_0_VconcST_0_Vconc_0.8_run_0.csv,5760.0,800.0,0,0.8,0.0,0.8,0,39.5,106870.0,275.468,41.6226,106870.0,0.0,0.999998,0.00241748
5760_dose_800_gradient_0_VconcST_0_Vconc_0.8_run_0.csv,5760.0,800.0,0,0.8,0.0,0.8,0,39.75,107559.0,270.772,41.8908,107559.0,0.0,0.999998,0.00241723
5760_dose_800_gradient_0_VconcST_0_Vconc_0.8_run_0.csv,5760.0,800.0,0,0.8,0.0,0.8,0,40.0,108226.0,266.156,42.1507,108226.0,0.0,0.999998,0.00241248
5760_dose_800_gradient_0_VconcST_0_Vconc_0.8_run_0.csv,5760.0,800.0,0,0.8,0.0,0.8,0,40.25,108873.0,261.618,42.4025,108873.0,0.0,0.999998,0.0023371
5760_dose_800_gradient_0_VconcST_0_Vconc_0.8_run_0.csv,5760.0,800.0,0,0.8,0.0,0.8,0,40.5,109499.0,257.158,42.6463,109499.0,0.0,0.999998,0.00233825
5760_dose_800_gradient_0_VconcST_0_Vconc_0.8_run_0.csv,5760.0,800.0,0,0.8,0.0,0.8,0,40.75,110105.0,252.774,42.8823,110105.0,0.0,0.999998,0.00234622
5760_dose_800_gradient_0_VconcST_0_Vconc_0.8_run_0.csv,5760.0,800.0,0,0.8,0.0,0.8,0,41.0,110691.0,248.464,43.1107,110691.0,0.0,0.999998,0.00233924
5760_dose_800_gradient_0_VconcST_0_Vconc_0.8_run_0.csv,5760.0,800.0,0,0.8,0.0,0.8,0,41.25,111258.0,244.228,43.3315,111258.0,0.0,0.999998,0.00233825
5760_dose_800_gradient_0_VconcST_0_Vconc_0.8_run_0.csv,5760.0,800.0,0,0.8,0.0,0.8,0,41.5,111806.0,240.064,43.5449,111806.0,0.0,0.999998,0.00233751
