filename,schedule,dose,gradient,vegf_level,VconcST,Vconc,run,hours,drug_tumour_nM,drug_gut_mgL,drug_blood_mgL,drug_blood_nM,vasc_score,vegfr_inhibition,dll4_average
5760_dose_600_gradient_0_VconcST_0_Vconc_0.8_run_2.csv,5760.0,600.0,0,0.8,0.0,0.8,2,0.0,0.0,0.0,0.0,0.0,0.0,0.0,0.0
5760_dose_600_gradient_0_VconcST_0_Vconc_0.8_run_2.csv,5760.0,600.0,0,0.8,0.0,0.8,2,0.25,0.0,0.0,0.0,0.0,0.0,0.0,2044.7
5760_dose_600_gradient_0_VconcST_0_Vconc_0.8_run_2.csv,5760.0,600.0,0,0.8,0.0,0.8,2,0.5,0.0,0.0,0.0,0.0,0.0,0.0,33.9463
5760_dose_600_gradient_0_VconcST_0_Vconc_0.8_run_2.csv,5760.0,600.0,0,0.8,0.0,0.8,2,0.75,0.0,0.0,0.0,0.0,0.0,0.0,1977.31
5760_dose_600_gradient_0_VconcST_0_Vconc_0.8_run_2.csv,5760.0,600.0,0,0.8,0.0,0.8,2,1.0,0.0,0.0,0.0,0.0,0.0,0.0,76.7195
5760_dose_600_gradient_0_VconcST_0_Vconc_0.8_run_2.csv,5760.0,600.0,0,0.8,0.0,0.8,2,1.25,0.0,0.0,0.0,0.0,0.0,0.0,1833.79
5760_dose_600_gradient_0_VconcST_0_Vconc_0.8_run_2.csv,5760.0,600.0,0,0.8,0.0,0.8,2,1.5,0.0,0.0,0.0,0.0,0.0,0.0,186.129
5760_dose_600_gradient_0_VconcST_0_Vconc_0.8_run_2.csv,5760.0,600.0,0,0.8,0.0,0.8,2,1.75,0.0,0.0,0.0,0.0,0.0,0.0,1737.9
5760_dose_600_gradient_0_VconcST_0_Vconc_0.8_run_2.csv,5760.0,600.0,0,0.8,0.0,0.8,2,2.0,0.0,0.0,0.0,0.0,0.0,0.0,253.597
5760_dose_600_gradient_0_VconcST_0_Vconc_0.8_run_2.csv,5760.0,600.0,0,0.8,0.0,0.8,2,2.25,0.0,0.0,0.0,0.0,0.0,0.0,1698.03
5760_dose_600_gradient_0_VconcST_0_Vconc_0.8_run_2.csv,5760.0,600.0,0,0.8,0.0,0.8,2,2.5,0.0,0.0,0.0,0.0,0.0,0.0,303.267
5760_dose_600_gradient_0_VconcST_0_Vconc_0.8_run_2.csv,5760.0,600.0,0,0.8,0.0,0.8,2,2.75,0.0,0.0,0.0,0.0,0.0,0.0,1616.87
5760_dose_600_gradient_0_VconcST_0_Vconc_0.8_run_2.csv,5760.0,600.0,0,0.8,0.0,0.8,2,3.0,0.0,0.0,0.0,0.0,0.0,0.0,357.723
5760_dose_600_gradient_0_VconcST_0_Vconc_0.8_run_2.csv,5760.0,600.0,0,0.8,0.0,0.8,2,3.25,0.0,0.0,0.0,0.0,0.0,0.0,1558.55
5760_dose_600_gradient_0_VconcST_0_Vconc_0.8_run_2.csv,5760.0,600.0,0,0.8,0.0,0.8,2,3.5,0.0,0.0,0.0,0.0,0.0,0.0,418.822
5760_dose_600_gradient_0_VconcST_0_Vconc_0.8_run_2.csv,5760.0,600.0,0,0.8,0.0,0.8,2,3.75,0.0,0.0,0.0,0.0,0.0,0.0,1401.93
5760_dose_600_gradient_0_VconcST_0_Vconc_0.8_run_2.csv,5760.0,600.0,0,0.8,0.0,0.8,2,4.0,0.0,0.0,0.0,0.0,0.0,0.0,597.467
5760_dose_600_gradient_0_VconcST_0_Vconc_0.8_run_2.csv,5760.0,600.0,0,0.8,0.0,0.8,2,4.25,0.0,0.0,0.0,0.0,0.0,0.0,1280.82
5760_dose_600_gradient_0_VconcST_0_Vconc_0.8_run_2.csv,5760.0,600.0,0,0.8,0.0,0.8,2,4.5,0.0,0.0,0.0,0.0,0.0,0.0,744.618
5760_dose_600_gradient_0_VconcST_0_Vconc_0.8_run_2.csv,5760.0,600.0,0,0.8,0.0,0.8,2,4.75,0.0,0.0,0.0,0.0,0.0,0.0,1135.75
5760_dose_600_gradient_0_VconcST_0_Vconc_0.8_run_2.csv,5760.0,600.0,0,0.8,0.0,0.8,2,5.0,0.0,0.0,0.0,0.0,0.0,0.0,902.139
5760_dose_600_gradient_0_VconcST_0_Vconc_0.8_run_2.csv,5760.0,600.0,0,0.8,0.0,0.8,2,5.25,0.0,0.0,0.0,0.0,0.0,0.0,1003.08
5760_dose_600_gradient_0_VconcST_0_Vconc_0.8_run_2.csv,5760.0,600.0,0,0.8,0.0,0.8,2,5.5,0.0,0.0,0.0,0.0,0.0,0.0,1061.51
5760_dose_600_gradient_0_VconcST_0_Vconc_0.8_run_2.csv,5760.0,600.0,0,0.8,0.0,0.8,2,5.75,0.0,0.0,0.0,0.0,0.0,0.0,843.324
5760_dose_600_gradient_0_VconcST_0_Vconc_0.8_run_2.csv,5760.0,600.0,0,0.8,0.0,0.8,2,6.0,0.0,0.0,0.0,0.0,0.0,0.0,1203.92
5760_dose_600_gradient_0_VconcST_0_Vconc_0.8_run_2.csv,5760.0,600.0,0,0.8,0.0,0.8,2,6.25,0.0,0.0,0.0,0.0,0.0,0.0,770.203
5760_dose_600_gradient_0_VconcST_0_Vconc_0.8_run_2.csv,5760.0,600.0,0,0.8,0.0,0.8,2,6.5,0.0,0.0,0.0,0.0,0.0,0.0,1349.21
5760_dose_600_gradient_0_VconcST_0_Vconc_0.8_run_2.csv,5760.0,600.0,0,0.8,0.0,0.8,2,6.75,0.0,0.0,0.0,0.0,0.0,0.0,673.236
5760_dose_600_gradient_0_VconcST_0_Vconc_0.8_run_2.csv,5760.0,600.0,0,0.8,0.0,0.8,2,7.0,0.0,0.0,0.0,0.0,0.0,0.0,1450.38
5760_dose_600_gradient_0_VconcST_0_Vconc_0.8_run_2.csv,5760.0,600.0,0,0.8,0.0,0.8,2,7.25,0.0,0.0,0.0,0.0,0.0,0.0,662.262
5760_dose_600_gradient_0_VconcST_0_Vconc_0.8_run_2.csv,5760.0,600.0,0,0.8,0.0,0.8,2,7.5,0.0,0.0,0.0,0.0,0.0,0.0,1514.84
5760_dose_600_gradient_0_VconcST_0_Vconc_0.8_run_2.csv,5760.0,600.0,0,0.8,0.0,0.8,2,7.75,0.0,0.0,0.0,0.0,0.0,0.0,837.664
5760_dose_600_gradient_0_VconcST_0_Vconc_0.8_run_2.csv,5760.0,600.0,0,0.8,0.0,0.8,2,8.0,0.0,0.0,0.0,0.0,0.00093316,0.0,1445.4
5760_dose_600_gradient_0_VconcST_0_Vconc_0.8_run_2.csv,5760.0,600.0,0,0.8,0.0,0.8,2,8.25,0.0,0.0,0.0,0.0,0.00347222,0.0,1165.76
5760_dose_600_gradient_0_VconcST_0_Vconc_0.8_run_2.csv,5760.0,600.0,0,0.8,0.0,0.8,2,8.5,0.0,0.0,0.0,0.0,0.028125,0.0,1445.91
5760_dose_600_gradient_0_VconcST_0_Vconc_0.8_run_2.csv,5760.0,600.0,0,0.8,0.0,0.8,2,8.75,0.0,0.0,0.0,0.0,0.0856771,0.0,1671.36
5760_dose_600_gradient_0_VconcST_0_Vconc_0.8_run_2.csv,5760.0,600.0,0,0.8,0.0,0.8,2,9.0,0.0,0.0,0.0,0.0,0.174479,0.0,1946.28
5760_dose_600_gradient_0_VconcST_0_Vconc_0.8_run_2.csv,5760.0,600.0,0,0.8,0.0,0.8,2,9.25,0.0,0.0,0.0,0.0,0.294531,0.0,2193.37
5760_dose_600_gradient_0_VconcST_0_Vconc_0.8_run_2.csv,5760.0,600.0,0,0.8,0.0,0.8,2,9.5,0.0,0.0,0.0,0.0,0.445833,0.0,2217.86
5760_dose_600_gradient_0_VconcST_0_Vconc_0.8_run_2.csv,5760.0,600.0,0,0.8,0.0,0.8,2,9.75,0.0,0.0,0.0,0.0,0.628385,0.0,2217.17
5760_dose_600_gradient_0_VconcST_0_Vconc_0.8_run_2.csv,5760.0,600.0,0,0.8,0.0,0.8,2,10.0,0.0,0.0,0.0,0.0,0.801129,0.0,2235.61
5760_dose_600_gradient_0_VconcST_0_Vconc_0.8_run_2.csv,5760.0,600.0,0,0.8,0.0,0.8,2,10.25,0.0,0.0,0.0,0.0,0.960417,0.0,2233.41
5760_dose_600_gradient_0_VconcST_0_Vconc_0.8_run_2.csv,5760.0,600.0,0,0.8,0.0,0.8,2,10.5,0.0,0.0,0.0,0.0,1.0,0.0,2094.23
5760_dose_600_gradient_0_VconcST_0_Vconc_0.8_run_2.csv,5760.0,600.0,0,0.8,0.0,0.8,2,10.75,0.0,0.0,0.0,0.0,1.0,0.0,2223.81
5760_dose_600_gradient_0_VconcST_0_Vconc_0.8_run_2.csv,5760.0,600.0,0,0.8,0.0,0.8,2,11.0,0.0,0.0,0.0,0.0,1.0,0.0,2292.17
5760_dose_600_gradient_0_VconcST_0_Vconc_0.8_run_2.csv,5760.0,600.0,0,0.8,0.0,0.8,2,11.25,0.0,0.0,0.0,0.0,1.0,0.0,2299.81
5760_dose_600_gradient_0_VconcST_0_Vconc_0.8_run_2.csv,5760.0,600.0,0,0.8,0.0,0.8,2,11.5,0.0,0.0,0.0,0.0,1.0,0.0,2245.31
5760_dose_600_gradient_0_VconcST_0_Vconc_0.8_run_2.csv,5760.0,600.0,0,0.8,0.0,0.8,2,11.75,0.0,0.0,0.0,0.0,1.0,0.0,2234.35
5760_dose_600_gradient_0_VconcST_0_Vconc_0.8_run_2.csv,5760.0,600.0,0,0.8,0.0,0.8,2,12.0,0.0,0.0,0.0,0.0,1.0,0.0,2168.93
5760_dose_600_gradient_0_VconcST_0_Vconc_0.8_run_2.csv,5760.0,600.0,0,0.8,0.0,0.8,2,12.25,0.0,0.0,0.0,0.0,1.0,0.0,2212.67
5760_dose_600_gradient_0_VconcST_0_Vconc_0.8_run_2.csv,5760.0,600.0,0,0.8,0.0,0.8,2,12.5,0.0,0.0,0.0,0.0,1.0,0.0,2204.05
5760_dose_600_gradient_0_VconcST_0_Vconc_0.8_run_2.csv,5760.0,600.0,0,0.8,0.0,0.8,2,12.75,0.0,0.0,0.0,0.0,1.0,0.0,2234.07
5760_dose_600_gradient_0_VconcST_0_Vconc_0.8_run_2.csv,5760.0,600.0,0,0.8,0.0,0.8,2,13.0,0.0,0.0,0.0,0.0,1.0,0.0,2224.96
5760_dose_600_gradient_0_VconcST_0_Vconc_0.8_run_2.csv,5760.0,600.0,0,0.8,0.0,0.8,2,13.25,0.0,0.0,0.0,0.0,1.0,0.0,2219.39
5760_dose_600_gradient_0_VconcST_0_Vconc_0.8_run_2.csv,5760.0,600.0,0,0.8,0.0,0.8,2,13.5,0.0,0.0,0.0,0.0,1.0,0.0,2195.98
5760_dose_600_gradient_0_VconcST_0_Vconc_0.8_run_2.csv,5760.0,600.0,0,0.8,0.0,0.8,2,13.75,0.0,0.0,0.0,0.0,1.0,0.0,2198.97
5760_dose_600_gradient_0_VconcST_0_Vconc_0.8_run_2.csv,5760.0,600.0,0,0.8,0.0,0.8,2,14.0,0.0,0.0,0.0,0.0,1.0,0.0,2246.56
5760_dose_600_gradient_0_VconcST_0_Vconc_0.8_run_2.csv,5760.0,600.0,0,0.8,0.0,0.8,2,14.25,0.0,0.0,0.0,0.0,1.0,0.0,2159.82
5760_dose_600_gradient_0_VconcST_0_Vconc_0.8_run_2.csv,5760.0,600.0,0,0.8,0.0,0.8,2,14.5,0.0,0.0,0.0,0.0,1.0,0.0,2193.35
5760_dose_600_gradient_0_VconcST_0_Vconc_0.8_run_2.csv,5760.0,600.0,0,0.8,0.0,0.8,2,14.75,0.0,0.0,0.0,0.0,1.0,0.0,2191.44
5760_dose_600_gradient_0_VconcST_0_Vconc_0.8_run_2.csv,5760.0,600.0,0,0.8,0.0,0.8,2,15.0,0.0,0.0,0.0,0.0,1.0,0.0,2229.82
5760_dose_600_gradient_0_VconcST_0_Vconc_0.8_run_2.csv,5760.0,600.0,0,0.8,0.0,0.8,2,15.25,0.0,0.0,0.0,0.0,1.0,0.0,2214.75
5760_dose_600_gradient_0_VconcST_0_Vconc_0.8_run_2.csv,5760.0,600.0,0,0.8,0.0,0.8,2,15.5,0.0,0.0,0.0,0.0,1.0,0.0,2192.19
5760_dose_600_gradient_0_VconcST_0_Vconc_0.8_run_2.csv,5760.0,600.0,0,0.8,0.0,0.8,2,15.75,0.0,0.0,0.0,0.0,1.0,0.0,2203.97
5760_dose_600_gradient_0_VconcST_0_Vconc_0.8_run_2.csv,5760.0,600.0,0,0.8,0.0,0.8,2,16.0,0.0,0.0,0.0,0.0,1.0,0.0,2179.46
5760_dose_600_gradient_0_VconcST_0_Vconc_0.8_run_2.csv,5760.0,600.0,0,0.8,0.0,0.8,2,16.25,0.0,0.0,0.0,0.0,1.0,0.0,2243.81
5760_dose_600_gradient_0_VconcST_0_Vconc_0.8_run_2.csv,5760.0,600.0,0,0.8,0.0,0.8,2,16.5,0.0,0.0,0.0,0.0,1.0,0.0,2181.43
5760_dose_600_gradient_0_VconcST_0_Vconc_0.8_run_2.csv,5760.0,600.0,0,0.8,0.0,0.8,2,16.75,0.0,0.0,0.0,0.0,1.0,0.0,2156.38
5760_dose_600_gradient_0_VconcST_0_Vconc_0.8_run_2.csv,5760.0,600.0,0,0.8,0.0,0.8,2,17.0,0.0,0.0,0.0,0.0,1.0,0.0,2138.64
5760_dose_600_gradient_0_VconcST_0_Vconc_0.8_run_2.csv,5760.0,600.0,0,0.8,0.0,0.8,2,17.25,0.0,0.0,0.0,0.0,1.0,0.0,2193.29
5760_dose_600_gradient_0_VconcST_0_Vconc_0.8_run_2.csv,5760.0,600.0,0,0.8,0.0,0.8,2,17.5,0.0,0.0,0.0,0.0,1.0,0.0,2245.29
5760_dose_600_gradient_0_VconcST_0_Vconc_0.8_run_2.csv,5760.0,600.0,0,0.8,0.0,0.8,2,17.75,0.0,0.0,0.0,0.0,1.0,0.0,2258.5
5760_dose_600_gradient_0_VconcST_0_Vconc_0.8_run_2.csv,5760.0,600.0,0,0.8,0.0,0.8,2,18.0,0.0,0.0,0.0,0.0,1.0,0.0,2264.69
5760_dose_600_gradient_0_VconcST_0_Vconc_0.8_run_2.csv,5760.0,600.0,0,0.8,0.0,0.8,2,18.25,0.0,0.0,0.0,0.0,1.0,0.0,2246.92
5760_dose_600_gradient_0_VconcST_0_Vconc_0.8_run_2.csv,5760.0,600.0,0,0.8,0.0,0.8,2,18.5,0.0,0.0,0.0,0.0,1.0,0.0,2221.91
5760_dose_600_gradient_0_VconcST_0_Vconc_0.8_run_2.csv,5760.0,600.0,0,0.8,0.0,0.8,2,18.75,0.0,0.0,0.0,0.0,1.0,0.0,2230.7
5760_dose_600_gradient_0_VconcST_0_Vconc_0.8_run_2.csv,5760.0,600.0,0,0.8,0.0,0.8,2,19.0,0.0,0.0,0.0,0.0,1.0,0.0,2278.27
5760_dose_600_gradient_0_VconcST_0_Vconc_0.8_run_2.csv,5760.0,600.0,0,0.8,0.0,0.8,2,19.25,0.0,0.0,0.0,0.0,1.0,0.0,2296.4
5760_dose_600_gradient_0_VconcST_0_Vconc_0.8_run_2.csv,5760.0,600.0,0,0.8,0.0,0.8,2,19.5,0.0,0.0,0.0,0.0,1.0,0.0,2255.36
5760_dose_600_gradient_0_VconcST_0_Vconc_0.8_run_2.csv,5760.0,600.0,0,0.8,0.0,0.8,2,19.75,0.0,0.0,0.0,0.0,1.0,0.0,2201.58
5760_dose_600_gradient_0_VconcST_0_Vconc_0.8_run_2.csv,5760.0,600.0,0,0.8,0.0,0.8,2,20.0,0.0,0.0,0.0,0.0,1.0,0.0,2163.36
5760_dose_600_gradient_0_VconcST_0_Vconc_0.8_run_2.csv,5760.0,600.0,0,0.8,0.0,0.8,2,20.25,0.0,0.0,0.0,0.0,1.0,0.0,2101.73
5760_dose_600_gradient_0_VconcST_0_Vconc_0.8_run_2.csv,5760.0,600.0,0,0.8,0.0,0.8,2,20.5,0.0,0.0,0.0,0.0,1.0,0.0,2106.2
5760_dose_600_gradient_0_VconcST_0_Vconc_0.8_run_2.csv,5760.0,600.0,0,0.8,0.0,0.8,2,20.75,0.0,0.0,0.0,0.0,1.0,0.0,2173.39
5760_dose_600_gradient_0_VconcST_0_Vconc_0.8_run_2.csv,5760.0,600.0,0,0.8,0.0,0.8,2,21.0,0.0,0.0,0.0,0.0,1.0,0.0,2267.95
5760_dose_600_gradient_0_VconcST_0_Vconc_0.8_run_2.csv,5760.0,600.0,0,0.8,0.0,0.8,2,21.25,0.0,0.0,0.0,0.0,1.0,0.0,2225.68
5760_dose_600_gradient_0_VconcST_0_Vconc_0.8_run_2.csv,5760.0,600.0,0,0.8,0.0,0.8,2,21.5,0.0,0.0,0.0,0.0,1.0,0.0,2206.01
5760_dose_600_gradient_0_VconcST_0_Vconc_0.8_run_2.csv,5760.0,600.0,0,0.8,0.0,0.8,2,21.75,0.0,0.0,0.0,0.0,1.0,0.0,2169.07
5760_dose_600_gradient_0_VconcST_0_Vconc_0.8_run_2.csv,5760.0,600.0,0,0.8,0.0,0.8,2,22.0,0.0,0.0,0.0,0.0,1.0,0.0,2279.53
5760_dose_600_gradient_0_VconcST_0_Vconc_0.8_run_2.csv,5760.0,600.0,0,0.8,0.0,0.8,2,22.25,0.0,0.0,0.0,0.0,1.0,0.0,2179.98
5760_dose_600_gradient_0_VconcST_0_Vconc_0.8_run_2.csv,5760.0,600.0,0,0.8,0.0,0.8,2,22.5,0.0,0.0,0.0,0.0,1.0,0.0,2202.28
5760_dose_600_gradient_0_VconcST_0_Vconc_0.8_run_2.csv,5760.0,600.0,0,0.8,0.0,0.8,2,22.75,0.0,0.0,0.0,0.0,1.0,0.0,2136.0
5760_dose_600_gradient_0_VconcST_0_Vconc_0.8_run_2.csv,5760.0,600.0,0,0.8,0.0,0.8,2,23.0,0.0,0.0,0.0,0.0,1.0,0.0,2179.76
5760_dose_600_gradient_0_VconcST_0_Vconc_0.8_run_2.csv,5760.0,600.0,0,0.8,0.0,0.8,2,23.25,0.0,0.0,0.0,0.0,1.0,0.0,2251.91
5760_dose_600_gradient_0_VconcST_0_Vconc_0.8_run_2.csv,5760.0,600.0,0,0.8,0.0,0.8,2,23.5,0.0,0.0,0.0,0.0,1.0,0.0,2242.65
5760_dose_600_gradient_0_VconcST_0_Vconc_0.8_run_2.csv,5760.0,600.0,0,0.8,0.0,0.8,2,23.75,0.0,0.0,0.0,0.0,1.0,0.0,2302.04
5760_dose_600_gradient_0_VconcST_0_Vconc_0.8_run_2.csv,5760.0,600.0,0,0.8,0.0,0.8,2,24.0,46.7175,600.0,0.018195,46.7175,1.0,0.0,2230.61
5760_dose_600_gradient_0_VconcST_0_Vconc_0.8_run_2.csv,5760.0,600.0,0,0.8,0.0,0.8,2,24.25,2816.07,588.109,1.09677,2816.07,0.0,0.999928,0.0861228
5760_dose_600_gradient_0_VconcST_0_Vconc_0.8_run_2.csv,5760.0,600.0,0,0.8,0.0,0.8,2,24.5,5520.02,576.453,2.14988,5520.02,0.0,0.999963,0.0600382
5760_dose_600_gradient_0_VconcST_0_Vconc_0.8_run_2.csv,5760.0,600.0,0,0.8,0.0,0.8,2,24.75,8159.93,565.029,3.17804,8159.93,0.0,0.999975,0.0367142
5760_dose_600_gradient_0_VconcST_0_Vconc_0.8_run_2.csv,5760.0,600.0,0,0.8,0.0,0.8,2,25.0,10737.1,553.83,4.18176,10737.1,0.0,0.999981,0.0267383
5760_dose_600_gradient_0_VconcST_0_Vconc_0.8_run_2.csv,5760.0,600.0,0,0.8,0.0,0.8,2,25.25,13252.8,542.853,5.16155,13252.8,0.0,0.999985,0.0210803
5760_dose_600_gradient_0_VconcST_0_Vconc_0.8_run_2.csv,5760.0,600.0,0,0.8,0.0,0.8,2,25.5,15708.3,532.094,6.11789,15708.3,0.0,0.999987,0.0174468
5760_dose_600_gradient_0_VconcST_0_Vconc_0.8_run_2.csv,5760.0,600.0,0,0.8,0.0,0.8,2,25.75,18104.8,521.549,7.05126,18104.8,0.0,0.999989,0.0148654
5760_dose_600_gradient_0_VconcST_0_Vconc_0.8_run_2.csv,5760.0,600.0,0,0.8,0.0,0.8,2,26.0,20443.6,511.213,7.96213,20443.6,0.0,0.99999,0.0130704
5760_dose_600_gradient_0_VconcST_0_Vconc_0.8_run_2.csv,5760.0,600.0,0,0.8,0.0,0.8,2,26.25,22725.7,501.081,8.85097,22725.7,0.0,0.999991,0.0117019
5760_dose_600_gradient_0_VconcST_0_Vconc_0.8_run_2.csv,5760.0,600.0,0,0.8,0.0,0.8,2,26.5,24952.5,491.15,9.71822,24952.5,0.0,0.999992,0.0105547
5760_dose_600_gradient_0_VconcST_0_Vconc_0.8_run_2.csv,5760.0,600.0,0,0.8,0.0,0.8,2,26.75,27124.9,481.416,10.5643,27124.9,0.0,0.999993,0.0096499
5760_dose_600_gradient_0_VconcST_0_Vconc_0.8_run_2.csv,5760.0,600.0,0,0.8,0.0,0.8,2,27.0,29244.3,471.875,11.3897,29244.3,0.0,0.999993,0.0089273
5760_dose_600_gradient_0_VconcST_0_Vconc_0.8_run_2.csv,5760.0,600.0,0,0.8,0.0,0.8,2,27.25,31311.5,462.523,12.1949,31311.5,0.0,0.999994,0.00829294
5760_dose_600_gradient_0_VconcST_0_Vconc_0.8_run_2.csv,5760.0,600.0,0,0.8,0.0,0.8,2,27.5,33327.7,453.356,12.9801,33327.7,0.0,0.999994,0.00779331
5760_dose_600_gradient_0_VconcST_0_Vconc_0.8_run_2.csv,5760.0,600.0,0,0.8,0.0,0.8,2,27.75,35294.0,444.371,13.7459,35294.0,0.0,0.999994,0.00732393
5760_dose_600_gradient_0_VconcST_0_Vconc_0.8_run_2.csv,5760.0,600.0,0,0.8,0.0,0.8,2,28.0,37211.3,435.564,14.4926,37211.3,0.0,0.999995,0.00694496
5760_dose_600_gradient_0_VconcST_0_Vconc_0.8_run_2.csv,5760.0,600.0,0,0.8,0.0,0.8,2,28.25,39080.7,426.932,15.2207,39080.7,0.0,0.999995,0.00663831
5760_dose_600_gradient_0_VconcST_0_Vconc_0.8_run_2.csv,5760.0,600.0,0,0.8,0.0,0.8,2,28.5,40903.2,418.471,15.9305,40903.2,0.0,0.999995,0.00626176
5760_dose_600_gradient_0_VconcST_0_Vconc_0.8_run_2.csv,5760.0,600.0,0,0.8,0.0,0.8,2,28.75,42679.7,410.177,16.6224,42679.7,0.0,0.999995,0.00603612
5760_dose_600_gradient_0_VconcST_0_Vconc_0.8_run_2.csv,5760.0,600.0,0,0.8,0.0,0.8,2,29.0,44411.2,402.048,17.2968,44411.2,0.0,0.999996,0.00580507
5760_dose_600_gradient_0_VconcST_0_Vconc_0.8_run_2.csv,5760.0,600.0,0,0.8,0.0,0.8,2,29.25,46098.6,394.08,17.954,46098.6,0.0,0.999996,0.00558163
5760_dose_600_gradient_0_VconcST_0_Vconc_0.8_run_2.csv,5760.0,600.0,0,0.8,0.0,0.8,2,29.5,47742.8,386.27,18.5943,47742.8,0.0,0.999996,0.00538453
5760_dose_600_gradient_0_VconcST_0_Vconc_0.8_run_2.csv,5760.0,600.0,0,0.8,0.0,0.8,2,29.75,49344.8,378.614,19.2183,49344.8,0.0,0.999996,0.0052098
5760_dose_600_gradient_0_VconcST_0_Vconc_0.8_run_2.csv,5760.0,600.0,0,0.8,0.0,0.8,2,30.0,50905.4,371.11,19.8261,50905.4,0.0,0.999996,0.00505116
5760_dose_600_gradient_0_VconcST_0_Vconc_0.8_run_2.csv,5760.0,600.0,0,0.8,0.0,0.8,2,30.25,52425.4,363.755,20.4181,52425.4,0.0,0.999996,0.0049133
5760_dose_600_gradient_0_VconcST_0_Vconc_0.8_run_2.csv,5760.0,600.0,0,0.8,0.0,0.8,2,30.5,53905.6,356.546,20.9946,53905.6,0.0,0.999996,0.00475526
5760_dose_600_gradient_0_VconcST_0_Vconc_0.8_run_2.csv,5760.0,600.0,0,0.8,0.0,0.8,2,30.75,55347.0,349.48,21.5559,55347.0,0.0,0.999996,0.00459884
5760_dose_600_gradient_0_VconcST_0_Vconc_0.8_run_2.csv,5760.0,600.0,0,0.8,0.0,0.8,2,31.0,56750.3,342.554,22.1025,56750.3,0.0,0.999996,0.00452343
5760_dose_600_gradient_0_VconcST_0_Vconc_0.8_run_2.csv,5760.0,600.0,0,0.8,0.0,0.8,2,31.25,58116.3,335.765,22.6345,58116.3,0.0,0.999997,0.00438019
5760_dose_600_gradient_0_VconcST_0_Vconc_0.8_run_2.csv,5760.0,600.0,0,0.8,0.0,0.8,2,31.5,59445.8,329.11,23.1523,59445.8,0.0,0.999997,0.00432113
5760_dose_600_gradient_0_VconcST_0_Vconc_0.8_run_2.csv,5760.0,600.0,0,0.8,0.0,0.8,2,31.75,60739.5,322.588,23.6562,60739.5,0.0,0.999997,0.00423004
5760_dose_600_gradient_0_VconcST_0_Vconc_0.8_run_2.csv,5760.0,600.0,0,0.8,0.0,0.8,2,32.0,61998.2,316.194,24.1464,61998.2,0.0,0.999997,0.00407108
5760_dose_600_gradient_0_VconcST_0_Vconc_0.8_run_2.csv,5760.0,600.0,0,0.8,0.0,0.8,2,32.25,63222.6,309.928,24.6233,63222.6,0.0,0.999997,0.00400975
5760_dose_600_gradient_0_VconcST_0_Vconc_0.8_run_2.csv,5760.0,600.0,0,0.8,0.0,0.8,2,32.5,64413.5,303.785,25.0871,64413.5,0.0,0.999997,0.0039203
5760_dose_600_gradient_0_VconcST_0_Vconc_0.8_run_2.csv,5760.0,600.0,0,0.8,0.0,0.8,2,32.75,65571.4,297.765,25.538,65571.4,0.0,0.999997,0.00385155
5760_dose_600_gradient_0_VconcST_0_Vconc_0.8_run_2.csv,5760.0,600.0,0,0.8,0.0,0.8,2,33.0,66697.3,291.863,25.9765,66697.3,0.0,0.999997,0.003936
5760_dose_600_gradient_0_VconcST_0_Vconc_0.8_run_2.csv,5760.0,600.0,0,0.8,0.0,0.8,2,33.25,67791.5,286.079,26.4027,67791.5,0.0,0.999997,0.00384493
5760_dose_600_gradient_0_VconcST_0_Vconc_0.8_run_2.csv,5760.0,600.0,0,0.8,0.0,0.8,2,33.5,68855.0,280.409,26.8169,68855.0,0.0,0.999997,0.00377748
5760_dose_600_gradient_0_VconcST_0_Vconc_0.8_run_2.csv,5760.0,600.0,0,0.8,0.0,0.8,2,33.75,69888.3,274.852,27.2193,69888.3,0.0,0.999997,0.00369852
5760_dose_600_gradient_0_VconcST_0_Vconc_0.8_run_2.csv,5760.0,600.0,0,0.8,0.0,0.8,2,34.0,70892.0,269.405,27.6102,70892.0,0.0,0.999997,0.0036237
5760_dose_600_gradient_0_VconcST_0_Vconc_0.8_run_2.csv,5760.0,600.0,0,0.8,0.0,0.8,2,34.25,71866.7,264.066,27.9898,71866.7,0.0,0.999997,0.00362561
5760_dose_600_gradient_0_VconcST_0_Vconc_0.8_run_2.csv,5760.0,600.0,0,0.8,0.0,0.8,2,34.5,72813.1,258.832,28.3584,72813.1,0.0,0.999997,0.00355192
5760_dose_600_gradient_0_VconcST_0_Vconc_0.8_run_2.csv,5760.0,600.0,0,0.8,0.0,0.8,2,34.75,73731.7,253.702,28.7162,73731.7,0.0,0.999997,0.00346797
5760_dose_600_gradient_0_VconcST_0_Vconc_0.8_run_2.csv,5760.0,600.0,0,0.8,0.0,0.8,2,35.0,74623.2,248.674,29.0634,74623.2,0.0,0.999997,0.00347784
5760_dose_600_gradient_0_VconcST_0_Vconc_0.8_run_2.csv,5760.0,600.0,0,0.8,0.0,0.8,2,35.25,75488.1,243.746,29.4003,75488.1,0.0,0.999997,0.00339603
5760_dose_600_gradient_0_VconcST_0_Vconc_0.8_run_2.csv,5760.0,600.0,0,0.8,0.0,0.8,2,35.5,76326.9,238.915,29.727,76326.9,0.0,0.999997,0.00339496
5760_dose_600_gradient_0_VconcST_0_Vconc_0.8_run_2.csv,5760.0,600.0,0,0.8,0.0,0.8,2,35.75,77140.3,234.18,30.0437,77140.3,0.0,0.999997,0.00331951
5760_dose_600_gradient_0_VconcST_0_Vconc_0.8_run_2.csv,5760.0,600.0,0,0.8,0.0,0.8,2,36.0,77928.7,229.539,30.3508,77928.7,0.0,0.999997,0.00331718
5760_dose_600_gradient_0_VconcST_0_Vconc_0.8_run_2.csv,5760.0,600.0,0,0.8,0.0,0.8,2,36.25,78692.7,224.99,30.6484,78692.7,0.0,0.999997,0.00332044
5760_dose_600_gradient_0_VconcST_0_Vconc_0.8_run_2.csv,5760.0,600.0,0,0.8,0.0,0.8,2,36.5,79432.9,220.531,30.9366,79432.9,0.0,0.999997,0.00324477
5760_dose_600_gradient_0_VconcST_0_Vconc_0.8_run_2.csv,5760.0,600.0,0,0.8,0.0,0.8,2,36.75,80149.6,216.16,31.2158,80149.6,0.0,0.999997,0.00324477
5760_dose_600_gradient_0_VconcST_0_Vconc_0.8_run_2.csv,5760.0,600.0,0,0.8,0.0,0.8,2,37.0,80843.5,211.876,31.486,80843.5,0.0,0.999997,0.0031664
5760_dose_600_gradient_0_VconcST_0_Vconc_0.8_run_2.csv,5760.0,600.0,0,0.8,0.0,0.8,2,37.25,81514.9,207.677,31.7475,81514.9,0.0,0.999997,0.00318131
5760_dose_600_gradient_0_VconcST_0_Vconc_0.8_run_2.csv,5760.0,600.0,0,0.8,0.0,0.8,2,37.5,82164.5,203.561,32.0005,82164.5,0.0,0.999998,0.0031772
5760_dose_600_gradient_0_VconcST_0_Vconc_0.8_run_2.csv,5760.0,600.0,0,0.8,0.0,0.8,2,37.75,82792.5,199.527,32.2451,82792.5,0.0,0.999998,0.00309254
5760_dose_600_gradient_0_VconcST_0_Vconc_0.8_run_2.csv,5760.0,600.0,0,0.8,0.0,0.8,2,38.0,83399.6,195.572,32.4815,83399.6,0.0,0.999998,0.00309101
5760_dose_600_gradient_0_VconcST_0_Vconc_0.8_run_2.csv,5760.0,600.0,0,0.8,0.0,0.8,2,38.25,83986.0,191.696,32.71,83986.0,0.0,0.999998,0.00309536
5760_dose_600_gradient_0_VconcST_0_Vconc_0.8_run_2.csv,5760.0,600.0,0,0.8,0.0,0.8,2,38.5,84552.4,187.897,32.9306,84552.4,0.0,0.999998,0.00301562
5760_dose_600_gradient_0_VconcST_0_Vconc_0.8_run_2.csv,5760.0,600.0,0,0.8,0.0,0.8,2,38.75,85099.1,184.173,33.1435,85099.1,0.0,0.999998,0.00301742
5760_dose_600_gradient_0_VconcST_0_Vconc_0.8_run_2.csv,5760.0,600.0,0,0.8,0.0,0.8,2,39.0,85626.6,180.523,33.3489,85626.6,0.0,0.999998,0.00301806
5760_dose_600_gradient_0_VconcST_0_Vconc_0.8_run_2.csv,5760.0,600.0,0,0.8,0.0,0.8,2,39.25,86135.1,176.945,33.547,86135.1,0.0,0.999998,0.00301838
5760_dose_600_gradient_0_VconcST_0_Vconc_0.8_run_2.csv,5760.0,600.0,0,0.8,0.0,0.8,2,39.5,86625.3,173.438,33.7379,86625.3,0.0,0.999998,0.00294022
5760_dose_600_gradient_0_VconcST_0_Vconc_0.8_run_2.csv,5760.0,600.0,0,0.8,0.0,0.8,2,39.75,87097.4,170.001,33.9217,87097.4,0.0,0.999998,0.00294229
5760_dose_600_gradient_0_VconcST_0_Vconc_0.8_run_2.csv,5760.0,600.0,0,0.8,0.0,0.8,2,40.0,87551.8,166.632,34.0987,87551.8,0.0,0.999998,0.00294312
5760_dose_600_gradient_0_VconcST_0_Vconc_0.8_run_2.csv,5760.0,600.0,0,0.8,0.0,0.8,2,40.25,87989.0,163.329,34.269,87989.0,0.0,0.999998,0.00294353
5760_dose_600_gradient_0_VconcST_0_Vconc_0.8_run_2.csv,5760.0,600.0,0,0.8,0.0,0.8,2,40.5,88409.3,160.092,34.4327,88409.3,0.0,0.999998,0.00295035
5760_dose_600_gradient_0_VconcST_0_Vconc_0.8_run_2.csv,5760.0,600.0,0,0.8,0.0,0.8,2,40.75,88813.0,156.919,34.5899,88813.0,0.0,0.999998,0.0028729
5760_dose_600_gradient_0_VconcST_0_Vconc_0.8_run_2.csv,5760.0,600.0,0,0.8,0.0,0.8,2,41.0,89200.5,153.809,34.7408,89200.5,0.0,0.999998,0.00286485
5760_dose_600_gradient_0_VconcST_0_Vconc_0.8_run_2.csv,5760.0,600.0,0,0.8,0.0,0.8,2,41.25,89572.2,150.761,34.8856,89572.2,0.0,0.999998,0.00287029
5760_dose_600_gradient_0_VconcST_0_Vconc_0.8_run_2.csv,5760.0,600.0,0,0.8,0.0,0.8,2,41.5,89928.5,147.773,35.0244,89928.5,0.0,0.999998,0.00287129
5760_dose_600_gradient_0_VconcST_0_Vconc_6.4_run_0.csv,5760.0,600.0,0,6.4,0.0,6.4,0,0.0,0.0,0.0,0.0,0.0,0.0,0.0,0.0
5760_dose_600_gradient_0_VconcST_0_Vconc_6.4_run_0.csv,5760.0,600.0,0,6.4,0.0,6.4,0,0.25,0.0,0.0,0.0,0.0,0.0,0.0,10000.0
5760_dose_600_gradient_0_VconcST_0_Vconc_6.4_run_0.csv,5760.0,600.0,0,6.4,0.0,6.4,0,0.5,0.0,0.0,0.0,0.0,0.0,0.0,348.301
5760_dose_600_gradient_0_VconcST_0_Vconc_6.4_run_0.csv,5760.0,600.0,0,6.4,0.0,6.4,0,0.75,0.0,0.0,0.0,0.0,0.0,0.0,10000.0
5760_dose_600_gradient_0_VconcST_0_Vconc_6.4_run_0.csv,5760.0,600.0,0,6.4,0.0,6.4,0,1.0,0.0,0.0,0.0,0.0,0.0,0.0,305.059
5760_dose_600_gradient_0_VconcST_0_Vconc_6.4_run_0.csv,5760.0,600.0,0,6.4,0.0,6.4,0,1.25,0.0,0.0,0.0,0.0,0.0,0.0,10000.0
5760_dose_600_gradient_0_VconcST_0_Vconc_6.4_run_0.csv,5760.0,600.0,0,6.4,0.0,6.4,0,1.5,0.0,0.0,0.0,0.0,0.0,0.0,273.435
5760_dose_600_gradient_0_VconcST_0_Vconc_6.4_run_0.csv,5760.0,600.0,0,6.4,0.0,6.4,0,1.75,0.0,0.0,0.0,0.0,0.0,0.0,10000.0
5760_dose_600_gradient_0_VconcST_0_Vconc_6.4_run_0.csv,5760.0,600.0,0,6.4,0.0,6.4,0,2.0,0.0,0.0,0.0,0.0,0.0,0.0,277.807
5760_dose_600_gradient_0_VconcST_0_Vconc_6.4_run_0.csv,5760.0,600.0,0,6.4,0.0,6.4,0,2.25,0.0,0.0,0.0,0.0,0.0,0.0,10000.0
5760_dose_600_gradient_0_VconcST_0_Vconc_6.4_run_0.csv,5760.0,600.0,0,6.4,0.0,6.4,0,2.5,0.0,0.0,0.0,0.0,0.0,0.0,264.281
5760_dose_600_gradient_0_VconcST_0_Vconc_6.4_run_0.csv,5760.0,600.0,0,6.4,0.0,6.4,0,2.75,0.0,0.0,0.0,0.0,0.0,0.0,10000.0
5760_dose_600_gradient_0_VconcST_0_Vconc_6.4_run_0.csv,5760.0,600.0,0,6.4,0.0,6.4,0,3.0,0.0,0.0,0.0,0.0,0.0,0.0,251.281
5760_dose_600_gradient_0_VconcST_0_Vconc_6.4_run_0.csv,5760.0,600.0,0,6.4,0.0,6.4,0,3.25,0.0,0.0,0.0,0.0,0.0,0.0,10000.0
5760_dose_600_gradient_0_VconcST_0_Vconc_6.4_run_0.csv,5760.0,600.0,0,6.4,0.0,6.4,0,3.5,0.0,0.0,0.0,0.0,0.0,0.0,248.075
5760_dose_600_gradient_0_VconcST_0_Vconc_6.4_run_0.csv,5760.0,600.0,0,6.4,0.0,6.4,0,3.75,0.0,0.0,0.0,0.0,0.0,0.0,10000.0
5760_dose_600_gradient_0_VconcST_0_Vconc_6.4_run_0.csv,5760.0,600.0,0,6.4,0.0,6.4,0,4.0,0.0,0.0,0.0,0.0,0.0,0.0,250.261
5760_dose_600_gradient_0_VconcST_0_Vconc_6.4_run_0.csv,5760.0,600.0,0,6.4,0.0,6.4,0,4.25,0.0,0.0,0.0,0.0,0.0,0.0,767.216
5760_dose_600_gradient_0_VconcST_0_Vconc_6.4_run_0.csv,5760.0,600.0,0,6.4,0.0,6.4,0,4.5,0.0,0.0,0.0,0.0,0.0,0.0,9686.62
5760_dose_600_gradient_0_VconcST_0_Vconc_6.4_run_0.csv,5760.0,600.0,0,6.4,0.0,6.4,0,4.75,0.0,0.0,0.0,0.0,0.0,0.0,771.01
5760_dose_600_gradient_0_VconcST_0_Vconc_6.4_run_0.csv,5760.0,600.0,0,6.4,0.0,6.4,0,5.0,0.0,0.0,0.0,0.0,0.0,0.0,10000.0
5760_dose_600_gradient_0_VconcST_0_Vconc_6.4_run_0.csv,5760.0,600.0,0,6.4,0.0,6.4,0,5.25,0.0,0.0,0.0,0.0,0.0,0.0,762.991
5760_dose_600_gradient_0_VconcST_0_Vconc_6.4_run_0.csv,5760.0,600.0,0,6.4,0.0,6.4,0,5.5,0.0,0.0,0.0,0.0,0.0,0.0,10000.0
5760_dose_600_gradient_0_VconcST_0_Vconc_6.4_run_0.csv,5760.0,600.0,0,6.4,0.0,6.4,0,5.75,0.0,0.0,0.0,0.0,0.0,0.0,783.585
5760_dose_600_gradient_0_VconcST_0_Vconc_6.4_run_0.csv,5760.0,600.0,0,6.4,0.0,6.4,0,6.0,0.0,0.0,0.0,0.0,0.0,0.0,10000.0
5760_dose_600_gradient_0_VconcST_0_Vconc_6.4_run_0.csv,5760.0,600.0,0,6.4,0.0,6.4,0,6.25,0.0,0.0,0.0,0.0,0.0,0.0,646.058
5760_dose_600_gradient_0_VconcST_0_Vconc_6.4_run_0.csv,5760.0,600.0,0,6.4,0.0,6.4,0,6.5,0.0,0.0,0.0,0.0,0.0,0.0,10000.0
5760_dose_600_gradient_0_VconcST_0_Vconc_6.4_run_0.csv,5760.0,600.0,0,6.4,0.0,6.4,0,6.75,0.0,0.0,0.0,0.0,0.0,0.0,460.793
5760_dose_600_gradient_0_VconcST_0_Vconc_6.4_run_0.csv,5760.0,600.0,0,6.4,0.0,6.4,0,7.0,0.0,0.0,0.0,0.0,0.0,0.0,10000.0
5760_dose_600_gradient_0_VconcST_0_Vconc_6.4_run_0.csv,5760.0,600.0,0,6.4,0.0,6.4,0,7.25,0.0,0.0,0.0,0.0,0.0,0.0,392.663
5760_dose_600_gradient_0_VconcST_0_Vconc_6.4_run_0.csv,5760.0,600.0,0,6.4,0.0,6.4,0,7.5,0.0,0.0,0.0,0.0,0.0,0.0,10000.0
5760_dose_600_gradient_0_VconcST_0_Vconc_6.4_run_0.csv,5760.0,600.0,0,6.4,0.0,6.4,0,7.75,0.0,0.0,0.0,0.0,0.0,0.0,363.047
5760_dose_600_gradient_0_VconcST_0_Vconc_6.4_run_0.csv,5760.0,600.0,0,6.4,0.0,6.4,0,8.0,0.0,0.0,0.0,0.0,0.00222656,0.0,10000.0
5760_dose_600_gradient_0_VconcST_0_Vconc_6.4_run_0.csv,5760.0,600.0,0,6.4,0.0,6.4,0,8.25,0.0,0.0,0.0,0.0,0.0,0.0,339.549
5760_dose_600_gradient_0_VconcST_0_Vconc_6.4_run_0.csv,5760.0,600.0,0,6.4,0.0,6.4,0,8.5,0.0,0.0,0.0,0.0,0.0,0.0,10000.0
5760_dose_600_gradient_0_VconcST_0_Vconc_6.4_run_0.csv,5760.0,600.0,0,6.4,0.0,6.4,0,8.75,0.0,0.0,0.0,0.0,0.0,0.0,301.235
5760_dose_600_gradient_0_VconcST_0_Vconc_6.4_run_0.csv,5760.0,600.0,0,6.4,0.0,6.4,0,9.0,0.0,0.0,0.0,0.0,0.0,0.0,10000.0
5760_dose_600_gradient_0_VconcST_0_Vconc_6.4_run_0.csv,5760.0,600.0,0,6.4,0.0,6.4,0,9.25,0.0,0.0,0.0,0.0,0.00093099,0.0,285.199
5760_dose_600_gradient_0_VconcST_0_Vconc_6.4_run_0.csv,5760.0,600.0,0,6.4,0.0,6.4,0,9.5,0.0,0.0,0.0,0.0,0.0,0.0,10000.0
5760_dose_600_gradient_0_VconcST_0_Vconc_6.4_run_0.csv,5760.0,600.0,0,6.4,0.0,6.4,0,9.75,0.0,0.0,0.0,0.0,0.00139757,0.0,279.653
5760_dose_600_gradient_0_VconcST_0_Vconc_6.4_run_0.csv,5760.0,600.0,0,6.4,0.0,6.4,0,10.0,0.0,0.0,0.0,0.0,0.0,0.0,10000.0
5760_dose_600_gradient_0_VconcST_0_Vconc_6.4_run_0.csv,5760.0,600.0,0,6.4,0.0,6.4,0,10.25,0.0,0.0,0.0,0.0,0.0,0.0,259.044
5760_dose_600_gradient_0_VconcST_0_Vconc_6.4_run_0.csv,5760.0,600.0,0,6.4,0.0,6.4,0,10.5,0.0,0.0,0.0,0.0,0.0,0.0,10000.0
5760_dose_600_gradient_0_VconcST_0_Vconc_6.4_run_0.csv,5760.0,600.0,0,6.4,0.0,6.4,0,10.75,0.0,0.0,0.0,0.0,0.0,0.0,259.214
5760_dose_600_gradient_0_VconcST_0_Vconc_6.4_run_0.csv,5760.0,600.0,0,6.4,0.0,6.4,0,11.0,0.0,0.0,0.0,0.0,0.0,0.0,10000.0
5760_dose_600_gradient_0_VconcST_0_Vconc_6.4_run_0.csv,5760.0,600.0,0,6.4,0.0,6.4,0,11.25,0.0,0.0,0.0,0.0,0.0,0.0,252.262
5760_dose_600_gradient_0_VconcST_0_Vconc_6.4_run_0.csv,5760.0,600.0,0,6.4,0.0,6.4,0,11.5,0.0,0.0,0.0,0.0,0.0,0.0,10000.0
5760_dose_600_gradient_0_VconcST_0_Vconc_6.4_run_0.csv,5760.0,600.0,0,6.4,0.0,6.4,0,11.75,0.0,0.0,0.0,0.0,0.0,0.0,253.761
5760_dose_600_gradient_0_VconcST_0_Vconc_6.4_run_0.csv,5760.0,600.0,0,6.4,0.0,6.4,0,12.0,0.0,0.0,0.0,0.0,0.0,0.0,5383.56
5760_dose_600_gradient_0_VconcST_0_Vconc_6.4_run_0.csv,5760.0,600.0,0,6.4,0.0,6.4,0,12.25,0.0,0.0,0.0,0.0,0.0,0.0,8282.63
5760_dose_600_gradient_0_VconcST_0_Vconc_6.4_run_0.csv,5760.0,600.0,0,6.4,0.0,6.4,0,12.5,0.0,0.0,0.0,0.0,0.0,0.0,768.638
5760_dose_600_gradient_0_VconcST_0_Vconc_6.4_run_0.csv,5760.0,600.0,0,6.4,0.0,6.4,0,12.75,0.0,0.0,0.0,0.0,0.0,0.0,10000.0
5760_dose_600_gradient_0_VconcST_0_Vconc_6.4_run_0.csv,5760.0,600.0,0,6.4,0.0,6.4,0,13.0,0.0,0.0,0.0,0.0,0.0,0.0,771.141
5760_dose_600_gradient_0_VconcST_0_Vconc_6.4_run_0.csv,5760.0,600.0,0,6.4,0.0,6.4,0,13.25,0.0,0.0,0.0,0.0,0.0,0.0,10000.0
5760_dose_600_gradient_0_VconcST_0_Vconc_6.4_run_0.csv,5760.0,600.0,0,6.4,0.0,6.4,0,13.5,0.0,0.0,0.0,0.0,0.0,0.0,759.152
5760_dose_600_gradient_0_VconcST_0_Vconc_6.4_run_0.csv,5760.0,600.0,0,6.4,0.0,6.4,0,13.75,0.0,0.0,0.0,0.0,0.0,0.0,10000.0
5760_dose_600_gradient_0_VconcST_0_Vconc_6.4_run_0.csv,5760.0,600.0,0,6.4,0.0,6.4,0,14.0,0.0,0.0,0.0,0.0,0.0,0.0,707.097
5760_dose_600_gradient_0_VconcST_0_Vconc_6.4_run_0.csv,5760.0,600.0,0,6.4,0.0,6.4,0,14.25,0.0,0.0,0.0,0.0,0.0,0.0,10000.0
5760_dose_600_gradient_0_VconcST_0_Vconc_6.4_run_0.csv,5760.0,600.0,0,6.4,0.0,6.4,0,14.5,0.0,0.0,0.0,0.0,0.0,0.0,532.238
5760_dose_600_gradient_0_VconcST_0_Vconc_6.4_run_0.csv,5760.0,600.0,0,6.4,0.0,6.4,0,14.75,0.0,0.0,0.0,0.0,0.0,0.0,10000.0
5760_dose_600_gradient_0_VconcST_0_Vconc_6.4_run_0.csv,5760.0,600.0,0,6.4,0.0,6.4,0,15.0,0.0,0.0,0.0,0.0,0.0,0.0,468.471
5760_dose_600_gradient_0_VconcST_0_Vconc_6.4_run_0.csv,5760.0,600.0,0,6.4,0.0,6.4,0,15.25,0.0,0.0,0.0,0.0,0.0,0.0,10000.0
5760_dose_600_gradient_0_VconcST_0_Vconc_6.4_run_0.csv,5760.0,600.0,0,6.4,0.0,6.4,0,15.5,0.0,0.0,0.0,0.0,0.0,0.0,434.607
5760_dose_600_gradient_0_VconcST_0_Vconc_6.4_run_0.csv,5760.0,600.0,0,6.4,0.0,6.4,0,15.75,0.0,0.0,0.0,0.0,0.0,0.0,10000.0
5760_dose_600_gradient_0_VconcST_0_Vconc_6.4_run_0.csv,5760.0,600.0,0,6.4,0.0,6.4,0,16.0,0.0,0.0,0.0,0.0,0.0,0.0,315.225
5760_dose_600_gradient_0_VconcST_0_Vconc_6.4_run_0.csv,5760.0,600.0,0,6.4,0.0,6.4,0,16.25,0.0,0.0,0.0,0.0,0.0,0.0,10000.0
5760_dose_600_gradient_0_VconcST_0_Vconc_6.4_run_0.csv,5760.0,600.0,0,6.4,0.0,6.4,0,16.5,0.0,0.0,0.0,0.0,0.0,0.0,323.814
5760_dose_600_gradient_0_VconcST_0_Vconc_6.4_run_0.csv,5760.0,600.0,0,6.4,0.0,6.4,0,16.75,0.0,0.0,0.0,0.0,0.0,0.0,10000.0
5760_dose_600_gradient_0_VconcST_0_Vconc_6.4_run_0.csv,5760.0,600.0,0,6.4,0.0,6.4,0,17.0,0.0,0.0,0.0,0.0,0.0,0.0,290.892
5760_dose_600_gradient_0_VconcST_0_Vconc_6.4_run_0.csv,5760.0,600.0,0,6.4,0.0,6.4,0,17.25,0.0,0.0,0.0,0.0,0.0,0.0,10000.0
5760_dose_600_gradient_0_VconcST_0_Vconc_6.4_run_0.csv,5760.0,600.0,0,6.4,0.0,6.4,0,17.5,0.0,0.0,0.0,0.0,0.0,0.0,287.54
5760_dose_600_gradient_0_VconcST_0_Vconc_6.4_run_0.csv,5760.0,600.0,0,6.4,0.0,6.4,0,17.75,0.0,0.0,0.0,0.0,0.0,0.0,10000.0
5760_dose_600_gradient_0_VconcST_0_Vconc_6.4_run_0.csv,5760.0,600.0,0,6.4,0.0,6.4,0,18.0,0.0,0.0,0.0,0.0,0.0,0.0,260.566
5760_dose_600_gradient_0_VconcST_0_Vconc_6.4_run_0.csv,5760.0,600.0,0,6.4,0.0,6.4,0,18.25,0.0,0.0,0.0,0.0,0.0,0.0,10000.0
5760_dose_600_gradient_0_VconcST_0_Vconc_6.4_run_0.csv,5760.0,600.0,0,6.4,0.0,6.4,0,18.5,0.0,0.0,0.0,0.0,0.0,0.0,256.217
5760_dose_600_gradient_0_VconcST_0_Vconc_6.4_run_0.csv,5760.0,600.0,0,6.4,0.0,6.4,0,18.75,0.0,0.0,0.0,0.0,0.0,0.0,10000.0
5760_dose_600_gradient_0_VconcST_0_Vconc_6.4_run_0.csv,5760.0,600.0,0,6.4,0.0,6.4,0,19.0,0.0,0.0,0.0,0.0,0.0,0.0,262.002
5760_dose_600_gradient_0_VconcST_0_Vconc_6.4_run_0.csv,5760.0,600.0,0,6.4,0.0,6.4,0,19.25,0.0,0.0,0.0,0.0,0.0,0.0,10000.0
5760_dose_600_gradient_0_VconcST_0_Vconc_6.4_run_0.csv,5760.0,600.0,0,6.4,0.0,6.4,0,19.5,0.0,0.0,0.0,0.0,0.0,0.0,260.55
5760_dose_600_gradient_0_VconcST_0_Vconc_6.4_run_0.csv,5760.0,600.0,0,6.4,0.0,6.4,0,19.75,0.0,0.0,0.0,0.0,0.0,0.0,1760.77
5760_dose_600_gradient_0_VconcST_0_Vconc_6.4_run_0.csv,5760.0,600.0,0,6.4,0.0,6.4,0,20.0,0.0,0.0,0.0,0.0,0.0,0.0,8471.28
5760_dose_600_gradient_0_VconcST_0_Vconc_6.4_run_0.csv,5760.0,600.0,0,6.4,0.0,6.4,0,20.25,0.0,0.0,0.0,0.0,0.0,0.0,770.028
5760_dose_600_gradient_0_VconcST_0_Vconc_6.4_run_0.csv,5760.0,600.0,0,6.4,0.0,6.4,0,20.5,0.0,0.0,0.0,0.0,0.0,0.0,10000.0
5760_dose_600_gradient_0_VconcST_0_Vconc_6.4_run_0.csv,5760.0,600.0,0,6.4,0.0,6.4,0,20.75,0.0,0.0,0.0,0.0,0.0,0.0,769.673
5760_dose_600_gradient_0_VconcST_0_Vconc_6.4_run_0.csv,5760.0,600.0,0,6.4,0.0,6.4,0,21.0,0.0,0.0,0.0,0.0,0.0,0.0,10000.0
5760_dose_600_gradient_0_VconcST_0_Vconc_6.4_run_0.csv,5760.0,600.0,0,6.4,0.0,6.4,0,21.25,0.0,0.0,0.0,0.0,0.0,0.0,769.704
5760_dose_600_gradient_0_VconcST_0_Vconc_6.4_run_0.csv,5760.0,600.0,0,6.4,0.0,6.4,0,21.5,0.0,0.0,0.0,0.0,0.0,0.0,10000.0
5760_dose_600_gradient_0_VconcST_0_Vconc_6.4_run_0.csv,5760.0,600.0,0,6.4,0.0,6.4,0,21.75,0.0,0.0,0.0,0.0,0.0,0.0,733.237
5760_dose_600_gradient_0_VconcST_0_Vconc_6.4_run_0.csv,5760.0,600.0,0,6.4,0.0,6.4,0,22.0,0.0,0.0,0.0,0.0,0.0,0.0,10000.0
5760_dose_600_gradient_0_VconcST_0_Vconc_6.4_run_0.csv,5760.0,600.0,0,6.4,0.0,6.4,0,22.25,0.0,0.0,0.0,0.0,0.0,0.0,521.547
5760_dose_600_gradient_0_VconcST_0_Vconc_6.4_run_0.csv,5760.0,600.0,0,6.4,0.0,6.4,0,22.5,0.0,0.0,0.0,0.0,0.0,0.0,10000.0
5760_dose_600_gradient_0_VconcST_0_Vconc_6.4_run_0.csv,5760.0,600.0,0,6.4,0.0,6.4,0,22.75,0.0,0.0,0.0,0.0,0.0,0.0,440.694
5760_dose_600_gradient_0_VconcST_0_Vconc_6.4_run_0.csv,5760.0,600.0,0,6.4,0.0,6.4,0,23.0,0.0,0.0,0.0,0.0,0.0,0.0,10000.0
5760_dose_600_gradient_0_VconcST_0_Vconc_6.4_run_0.csv,5760.0,600.0,0,6.4,0.0,6.4,0,23.25,0.0,0.0,0.0,0.0,0.0,0.0,366.261
5760_dose_600_gradient_0_VconcST_0_Vconc_6.4_run_0.csv,5760.0,600.0,0,6.4,0.0,6.4,0,23.5,0.0,0.0,0.0,0.0,0.0,0.0,10000.0
5760_dose_600_gradient_0_VconcST_0_Vconc_6.4_run_0.csv,5760.0,600.0,0,6.4,0.0,6.4,0,23.75,0.0,0.0,0.0,0.0,0.0,0.0,330.96
5760_dose_600_gradient_0_VconcST_0_Vconc_6.4_run_0.csv,5760.0,600.0,0,6.4,0.0,6.4,0,24.0,46.7175,600.0,0.018195,46.7175,0.0,0.0,10000.0
5760_dose_600_gradient_0_VconcST_0_Vconc_6.4_run_0.csv,5760.0,600.0,0,6.4,0.0,6.4,0,24.25,2816.07,588.109,1.09677,2816.07,0.0,0.999928,0.0296402
5760_dose_600_gradient_0_VconcST_0_Vconc_6.4_run_0.csv,5760.0,600.0,0,6.4,0.0,6.4,0,24.5,5520.02,576.453,2.14988,5520.02,0.0,0.999963,0.480857
5760_dose_600_gradient_0_VconcST_0_Vconc_6.4_run_0.csv,5760.0,600.0,0,6.4,0.0,6.4,0,24.75,8159.93,565.029,3.17804,8159.93,0.0,0.999975,0.294078
5760_dose_600_gradient_0_VconcST_0_Vconc_6.4_run_0.csv,5760.0,600.0,0,6.4,0.0,6.4,0,25.0,10737.1,553.83,4.18176,10737.1,0.0,0.999981,0.213582
5760_dose_600_gradient_0_VconcST_0_Vconc_6.4_run_0.csv,5760.0,600.0,0,6.4,0.0,6.4,0,25.25,13252.8,542.853,5.16155,13252.8,0.0,0.999985,0.168556
5760_dose_600_gradient_0_VconcST_0_Vconc_6.4_run_0.csv,5760.0,600.0,0,6.4,0.0,6.4,0,25.5,15708.3,532.094,6.11789,15708.3,0.0,0.999987,0.139673
5760_dose_600_gradient_0_VconcST_0_Vconc_6.4_run_0.csv,5760.0,600.0,0,6.4,0.0,6.4,0,25.75,18104.8,521.549,7.05126,18104.8,0.0,0.999989,0.118949
5760_dose_600_gradient_0_VconcST_0_Vconc_6.4_run_0.csv,5760.0,600.0,0,6.4,0.0,6.4,0,26.0,20443.6,511.213,7.96213,20443.6,0.0,0.99999,0.104459
5760_dose_600_gradient_0_VconcST_0_Vconc_6.4_run_0.csv,5760.0,600.0,0,6.4,0.0,6.4,0,26.25,22725.7,501.081,8.85097,22725.7,0.0,0.999991,0.0935257
5760_dose_600_gradient_0_VconcST_0_Vconc_6.4_run_0.csv,5760.0,600.0,0,6.4,0.0,6.4,0,26.5,24952.5,491.15,9.71822,24952.5,0.0,0.999992,0.0844338
5760_dose_600_gradient_0_VconcST_0_Vconc_6.4_run_0.csv,5760.0,600.0,0,6.4,0.0,6.4,0,26.75,27124.9,481.416,10.5643,27124.9,0.0,0.999993,0.0772975
5760_dose_600_gradient_0_VconcST_0_Vconc_6.4_run_0.csv,5760.0,600.0,0,6.4,0.0,6.4,0,27.0,29244.3,471.875,11.3897,29244.3,0.0,0.999993,0.0712539
5760_dose_600_gradient_0_VconcST_0_Vconc_6.4_run_0.csv,5760.0,600.0,0,6.4,0.0,6.4,0,27.25,31311.5,462.523,12.1949,31311.5,0.0,0.999994,0.0663948
5760_dose_600_gradient_0_VconcST_0_Vconc_6.4_run_0.csv,5760.0,600.0,0,6.4,0.0,6.4,0,27.5,33327.7,453.356,12.9801,33327.7,0.0,0.999994,0.0622137
5760_dose_600_gradient_0_VconcST_0_Vconc_6.4_run_0.csv,5760.0,600.0,0,6.4,0.0,6.4,0,27.75,35294.0,444.371,13.7459,35294.0,0.0,0.999994,0.0585425
5760_dose_600_gradient_0_VconcST_0_Vconc_6.4_run_0.csv,5760.0,600.0,0,6.4,0.0,6.4,0,28.0,37211.3,435.564,14.4926,37211.3,0.0,0.999995,0.0555131
5760_dose_600_gradient_0_VconcST_0_Vconc_6.4_run_0.csv,5760.0,600.0,0,6.4,0.0,6.4,0,28.25,39080.7,426.932,15.2207,39080.7,0.0,0.999995,0.0531817
5760_dose_600_gradient_0_VconcST_0_Vconc_6.4_run_0.csv,5760.0,600.0,0,6.4,0.0,6.4,0,28.5,40903.2,418.471,15.9305,40903.2,0.0,0.999995,0.0500828
5760_dose_600_gradient_0_VconcST_0_Vconc_6.4_run_0.csv,5760.0,600.0,0,6.4,0.0,6.4,0,28.75,42679.7,410.177,16.6224,42679.7,0.0,0.999995,0.048249
5760_dose_600_gradient_0_VconcST_0_Vconc_6.4_run_0.csv,5760.0,600.0,0,6.4,0.0,6.4,0,29.0,44411.2,402.048,17.2968,44411.2,0.0,0.999996,0.0465015
5760_dose_600_gradient_0_VconcST_0_Vconc_6.4_run_0.csv,5760.0,600.0,0,6.4,0.0,6.4,0,29.25,46098.6,394.08,17.954,46098.6,0.0,0.999996,0.0446662
5760_dose_600_gradient_0_VconcST_0_Vconc_6.4_run_0.csv,5760.0,600.0,0,6.4,0.0,6.4,0,29.5,47742.8,386.27,18.5943,47742.8,0.0,0.999996,0.0428208
5760_dose_600_gradient_0_VconcST_0_Vconc_6.4_run_0.csv,5760.0,600.0,0,6.4,0.0,6.4,0,29.75,49344.8,378.614,19.2183,49344.8,0.0,0.999996,0.0416849
5760_dose_600_gradient_0_VconcST_0_Vconc_6.4_run_0.csv,5760.0,600.0,0,6.4,0.0,6.4,0,30.0,50905.4,371.11,19.8261,50905.4,0.0,0.999996,0.0404085
5760_dose_600_gradient_0_VconcST_0_Vconc_6.4_run_0.csv,5760.0,600.0,0,6.4,0.0,6.4,0,30.25,52425.4,363.755,20.4181,52425.4,0.0,0.999996,0.0392973
5760_dose_600_gradient_0_VconcST_0_Vconc_6.4_run_0.csv,5760.0,600.0,0,6.4,0.0,6.4,0,30.5,53905.6,356.546,20.9946,53905.6,0.0,0.999996,0.0380308
5760_dose_600_gradient_0_VconcST_0_Vconc_6.4_run_0.csv,5760.0,600.0,0,6.4,0.0,6.4,0,30.75,55347.0,349.48,21.5559,55347.0,0.0,0.999996,0.0368121
5760_dose_600_gradient_0_VconcST_0_Vconc_6.4_run_0.csv,5760.0,600.0,0,6.4,0.0,6.4,0,31.0,56750.3,342.554,22.1025,56750.3,0.0,0.999996,0.036187
5760_dose_600_gradient_0_VconcST_0_Vconc_6.4_run_0.csv,5760.0,600.0,0,6.4,0.0,6.4,0,31.25,58116.3,335.765,22.6345,58116.3,0.0,0.999997,0.0350519
5760_dose_600_gradient_0_VconcST_0_Vconc_6.4_run_0.csv,5760.0,600.0,0,6.4,0.0,6.4,0,31.5,59445.8,329.11,23.1523,59445.8,0.0,0.999997,0.0344223
5760_dose_600_gradient_0_VconcST_0_Vconc_6.4_run_0.csv,5760.0,600.0,0,6.4,0.0,6.4,0,31.75,60739.5,322.588,23.6562,60739.5,0.0,0.999997,0.0337744
5760_dose_600_gradient_0_VconcST_0_Vconc_6.4_run_0.csv,5760.0,600.0,0,6.4,0.0,6.4,0,32.0,61998.2,316.194,24.1464,61998.2,0.0,0.999997,0.0326368
5760_dose_600_gradient_0_VconcST_0_Vconc_6.4_run_0.csv,5760.0,600.0,0,6.4,0.0,6.4,0,32.25,63222.6,309.928,24.6233,63222.6,0.0,0.999997,0.031965
5760_dose_600_gradient_0_VconcST_0_Vconc_6.4_run_0.csv,5760.0,600.0,0,6.4,0.0,6.4,0,32.5,64413.5,303.785,25.0871,64413.5,0.0,0.999997,0.0313908
5760_dose_600_gradient_0_VconcST_0_Vconc_6.4_run_0.csv,5760.0,600.0,0,6.4,0.0,6.4,0,32.75,65571.4,297.765,25.538,65571.4,0.0,0.999997,0.0307587
5760_dose_600_gradient_0_VconcST_0_Vconc_6.4_run_0.csv,5760.0,600.0,0,6.4,0.0,6.4,0,33.0,66697.3,291.863,25.9765,66697.3,0.0,0.999997,0.0313809
5760_dose_600_gradient_0_VconcST_0_Vconc_6.4_run_0.csv,5760.0,600.0,0,6.4,0.0,6.4,0,33.25,67791.5,286.079,26.4027,67791.5,0.0,0.999997,0.0307739
5760_dose_600_gradient_0_VconcST_0_Vconc_6.4_run_0.csv,5760.0,600.0,0,6.4,0.0,6.4,0,33.5,68855.0,280.409,26.8169,68855.0,0.0,0.999997,0.0301558
5760_dose_600_gradient_0_VconcST_0_Vconc_6.4_run_0.csv,5760.0,600.0,0,6.4,0.0,6.4,0,33.75,69888.3,274.852,27.2193,69888.3,0.0,0.999997,0.029617
5760_dose_600_gradient_0_VconcST_0_Vconc_6.4_run_0.csv,5760.0,600.0,0,6.4,0.0,6.4,0,34.0,70892.0,269.405,27.6102,70892.0,0.0,0.999997,0.0290515
5760_dose_600_gradient_0_VconcST_0_Vconc_6.4_run_0.csv,5760.0,600.0,0,6.4,0.0,6.4,0,34.25,71866.7,264.066,27.9898,71866.7,0.0,0.999997,0.0290525
5760_dose_600_gradient_0_VconcST_0_Vconc_6.4_run_0.csv,5760.0,600.0,0,6.4,0.0,6.4,0,34.5,72813.1,258.832,28.3584,72813.1,0.0,0.999997,0.0283814
5760_dose_600_gradient_0_VconcST_0_Vconc_6.4_run_0.csv,5760.0,600.0,0,6.4,0.0,6.4,0,34.75,73731.7,253.702,28.7162,73731.7,0.0,0.999997,0.0277687
5760_dose_600_gradient_0_VconcST_0_Vconc_6.4_run_0.csv,5760.0,600.0,0,6.4,0.0,6.4,0,35.0,74623.2,248.674,29.0634,74623.2,0.0,0.999997,0.027796
5760_dose_600_gradient_0_VconcST_0_Vconc_6.4_run_0.csv,5760.0,600.0,0,6.4,0.0,6.4,0,35.25,75488.1,243.746,29.4003,75488.1,0.0,0.999997,0.0272368
5760_dose_600_gradient_0_VconcST_0_Vconc_6.4_run_0.csv,5760.0,600.0,0,6.4,0.0,6.4,0,35.5,76326.9,238.915,29.727,76326.9,0.0,0.999997,0.0271786
5760_dose_600_gradient_0_VconcST_0_Vconc_6.4_run_0.csv,5760.0,600.0,0,6.4,0.0,6.4,0,35.75,77140.3,234.18,30.0437,77140.3,0.0,0.999997,0.026623
5760_dose_600_gradient_0_VconcST_0_Vconc_6.4_run_0.csv,5760.0,600.0,0,6.4,0.0,6.4,0,36.0,77928.7,229.539,30.3508,77928.7,0.0,0.999997,0.0265372
5760_dose_600_gradient_0_VconcST_0_Vconc_6.4_run_0.csv,5760.0,600.0,0,6.4,0.0,6.4,0,36.25,78692.7,224.99,30.6484,78692.7,0.0,0.999997,0.0265941
5760_dose_600_gradient_0_VconcST_0_Vconc_6.4_run_0.csv,5760.0,600.0,0,6.4,0.0,6.4,0,36.5,79432.9,220.531,30.9366,79432.9,0.0,0.999997,0.0259496
5760_dose_600_gradient_0_VconcST_0_Vconc_6.4_run_0.csv,5760.0,600.0,0,6.4,0.0,6.4,0,36.75,80149.6,216.16,31.2158,80149.6,0.0,0.999997,0.0259942
5760_dose_600_gradient_0_VconcST_0_Vconc_6.4_run_0.csv,5760.0,600.0,0,6.4,0.0,6.4,0,37.0,80843.5,211.876,31.486,80843.5,0.0,0.999997,0.0253621
5760_dose_600_gradient_0_VconcST_0_Vconc_6.4_run_0.csv,5760.0,600.0,0,6.4,0.0,6.4,0,37.25,81514.9,207.677,31.7475,81514.9,0.0,0.999997,0.0254021
5760_dose_600_gradient_0_VconcST_0_Vconc_6.4_run_0.csv,5760.0,600.0,0,6.4,0.0,6.4,0,37.5,82164.5,203.561,32.0005,82164.5,0.0,0.999998,0.0253461
5760_dose_600_gradient_0_VconcST_0_Vconc_6.4_run_0.csv,5760.0,600.0,0,6.4,0.0,6.4,0,37.75,82792.5,199.527,32.2451,82792.5,0.0,0.999998,0.0247547
5760_dose_600_gradient_0_VconcST_0_Vconc_6.4_run_0.csv,5760.0,600.0,0,6.4,0.0,6.4,0,38.0,83399.6,195.572,32.4815,83399.6,0.0,0.999998,0.0247399
5760_dose_600_gradient_0_VconcST_0_Vconc_6.4_run_0.csv,5760.0,600.0,0,6.4,0.0,6.4,0,38.25,83986.0,191.696,32.71,83986.0,0.0,0.999998,0.0247547
5760_dose_600_gradient_0_VconcST_0_Vconc_6.4_run_0.csv,5760.0,600.0,0,6.4,0.0,6.4,0,38.5,84552.4,187.897,32.9306,84552.4,0.0,0.999998,0.0241561
5760_dose_600_gradient_0_VconcST_0_Vconc_6.4_run_0.csv,5760.0,600.0,0,6.4,0.0,6.4,0,38.75,85099.1,184.173,33.1435,85099.1,0.0,0.999998,0.0241366
5760_dose_600_gradient_0_VconcST_0_Vconc_6.4_run_0.csv,5760.0,600.0,0,6.4,0.0,6.4,0,39.0,85626.6,180.523,33.3489,85626.6,0.0,0.999998,0.0241587
5760_dose_600_gradient_0_VconcST_0_Vconc_6.4_run_0.csv,5760.0,600.0,0,6.4,0.0,6.4,0,39.25,86135.1,176.945,33.547,86135.1,0.0,0.999998,0.0241934
5760_dose_600_gradient_0_VconcST_0_Vconc_6.4_run_0.csv,5760.0,600.0,0,6.4,0.0,6.4,0,39.5,86625.3,173.438,33.7379,86625.3,0.0,0.999998,0.0235694
5760_dose_600_gradient_0_VconcST_0_Vconc_6.4_run_0.csv,5760.0,600.0,0,6.4,0.0,6.4,0,39.75,87097.4,170.001,33.9217,87097.4,0.0,0.999998,0.0235686
5760_dose_600_gradient_0_VconcST_0_Vconc_6.4_run_0.csv,5760.0,600.0,0,6.4,0.0,6.4,0,40.0,87551.8,166.632,34.0987,87551.8,0.0,0.999998,0.023567
5760_dose_600_gradient_0_VconcST_0_Vconc_6.4_run_0.csv,5760.0,600.0,0,6.4,0.0,6.4,0,40.25,87989.0,163.329,34.269,87989.0,0.0,0.999998,0.023562
5760_dose_600_gradient_0_VconcST_0_Vconc_6.4_run_0.csv,5760.0,600.0,0,6.4,0.0,6.4,0,40.5,88409.3,160.092,34.4327,88409.3,0.0,0.999998,0.0235356
5760_dose_600_gradient_0_VconcST_0_Vconc_6.4_run_0.csv,5760.0,600.0,0,6.4,0.0,6.4,0,40.75,88813.0,156.919,34.5899,88813.0,0.0,0.999998,0.0229467
5760_dose_600_gradient_0_VconcST_0_Vconc_6.4_run_0.csv,5760.0,600.0,0,6.4,0.0,6.4,0,41.0,89200.5,153.809,34.7408,89200.5,0.0,0.999998,0.0229185
5760_dose_600_gradient_0_VconcST_0_Vconc_6.4_run_0.csv,5760.0,600.0,0,6.4,0.0,6.4,0,41.25,89572.2,150.761,34.8856,89572.2,0.0,0.999998,0.0229725
5760_dose_600_gradient_0_VconcST_0_Vconc_6.4_run_0.csv,5760.0,600.0,0,6.4,0.0,6.4,0,41.5,89928.5,147.773,35.0244,89928.5,0.0,0.999998,0.0229185
5760_dose_600_gradient_0_VconcST_0_Vconc_3.2_run_2.csv,5760.0,600.0,0,3.2,0.0,3.2,2,0.0,0.0,0.0,0.0,0.0,0.0,0.0,0.0
5760_dose_600_gradient_0_VconcST_0_Vconc_3.2_run_2.csv,5760.0,600.0,0,3.2,0.0,3.2,2,0.25,0.0,0.0,0.0,0.0,0.0,0.0,10000.0
5760_dose_600_gradient_0_VconcST_0_Vconc_3.2_run_2.csv,5760.0,600.0,0,3.2,0.0,3.2,2,0.5,0.0,0.0,0.0,0.0,0.0,0.0,147.497
5760_dose_600_gradient_0_VconcST_0_Vconc_3.2_run_2.csv,5760.0,600.0,0,3.2,0.0,3.2,2,0.75,0.0,0.0,0.0,0.0,0.0,0.0,10000.0
5760_dose_600_gradient_0_VconcST_0_Vconc_3.2_run_2.csv,5760.0,600.0,0,3.2,0.0,3.2,2,1.0,0.0,0.0,0.0,0.0,0.0,0.0,125.776
5760_dose_600_gradient_0_VconcST_0_Vconc_3.2_run_2.csv,5760.0,600.0,0,3.2,0.0,3.2,2,1.25,0.0,0.0,0.0,0.0,0.0,0.0,10000.0
5760_dose_600_gradient_0_VconcST_0_Vconc_3.2_run_2.csv,5760.0,600.0,0,3.2,0.0,3.2,2,1.5,0.0,0.0,0.0,0.0,0.0,0.0,122.145
5760_dose_600_gradient_0_VconcST_0_Vconc_3.2_run_2.csv,5760.0,600.0,0,3.2,0.0,3.2,2,1.75,0.0,0.0,0.0,0.0,0.0,0.0,10000.0
5760_dose_600_gradient_0_VconcST_0_Vconc_3.2_run_2.csv,5760.0,600.0,0,3.2,0.0,3.2,2,2.0,0.0,0.0,0.0,0.0,0.0,0.0,122.103
5760_dose_600_gradient_0_VconcST_0_Vconc_3.2_run_2.csv,5760.0,600.0,0,3.2,0.0,3.2,2,2.25,0.0,0.0,0.0,0.0,0.0,0.0,10000.0
5760_dose_600_gradient_0_VconcST_0_Vconc_3.2_run_2.csv,5760.0,600.0,0,3.2,0.0,3.2,2,2.5,0.0,0.0,0.0,0.0,0.0,0.0,119.72
5760_dose_600_gradient_0_VconcST_0_Vconc_3.2_run_2.csv,5760.0,600.0,0,3.2,0.0,3.2,2,2.75,0.0,0.0,0.0,0.0,0.0,0.0,10000.0
5760_dose_600_gradient_0_VconcST_0_Vconc_3.2_run_2.csv,5760.0,600.0,0,3.2,0.0,3.2,2,3.0,0.0,0.0,0.0,0.0,0.000564236,0.0,119.302
5760_dose_600_gradient_0_VconcST_0_Vconc_3.2_run_2.csv,5760.0,600.0,0,3.2,0.0,3.2,2,3.25,0.0,0.0,0.0,0.0,0.0,0.0,10000.0
5760_dose_600_gradient_0_VconcST_0_Vconc_3.2_run_2.csv,5760.0,600.0,0,3.2,0.0,3.2,2,3.5,0.0,0.0,0.0,0.0,0.0,0.0,118.851
5760_dose_600_gradient_0_VconcST_0_Vconc_3.2_run_2.csv,5760.0,600.0,0,3.2,0.0,3.2,2,3.75,0.0,0.0,0.0,0.0,0.0,0.0,10000.0
5760_dose_600_gradient_0_VconcST_0_Vconc_3.2_run_2.csv,5760.0,600.0,0,3.2,0.0,3.2,2,4.0,0.0,0.0,0.0,0.0,0.0,0.0,120.851
5760_dose_600_gradient_0_VconcST_0_Vconc_3.2_run_2.csv,5760.0,600.0,0,3.2,0.0,3.2,2,4.25,0.0,0.0,0.0,0.0,0.0,0.0,850.218
5760_dose_600_gradient_0_VconcST_0_Vconc_3.2_run_2.csv,5760.0,600.0,0,3.2,0.0,3.2,2,4.5,0.0,0.0,0.0,0.0,0.0,0.0,5087.48
5760_dose_600_gradient_0_VconcST_0_Vconc_3.2_run_2.csv,5760.0,600.0,0,3.2,0.0,3.2,2,4.75,0.0,0.0,0.0,0.0,0.0,0.0,393.658
5760_dose_600_gradient_0_VconcST_0_Vconc_3.2_run_2.csv,5760.0,600.0,0,3.2,0.0,3.2,2,5.0,0.0,0.0,0.0,0.0,0.0,0.0,5986.9
5760_dose_600_gradient_0_VconcST_0_Vconc_3.2_run_2.csv,5760.0,600.0,0,3.2,0.0,3.2,2,5.25,0.0,0.0,0.0,0.0,0.0,0.0,387.023
5760_dose_600_gradient_0_VconcST_0_Vconc_3.2_run_2.csv,5760.0,600.0,0,3.2,0.0,3.2,2,5.5,0.0,0.0,0.0,0.0,0.0,0.0,7116.66
5760_dose_600_gradient_0_VconcST_0_Vconc_3.2_run_2.csv,5760.0,600.0,0,3.2,0.0,3.2,2,5.75,0.0,0.0,0.0,0.0,0.0,0.0,380.65
5760_dose_600_gradient_0_VconcST_0_Vconc_3.2_run_2.csv,5760.0,600.0,0,3.2,0.0,3.2,2,6.0,0.0,0.0,0.0,0.0,0.0,0.0,8315.5
5760_dose_600_gradient_0_VconcST_0_Vconc_3.2_run_2.csv,5760.0,600.0,0,3.2,0.0,3.2,2,6.25,0.0,0.0,0.0,0.0,0.0,0.0,338.66
5760_dose_600_gradient_0_VconcST_0_Vconc_3.2_run_2.csv,5760.0,600.0,0,3.2,0.0,3.2,2,6.5,0.0,0.0,0.0,0.0,0.0,0.0,9820.53
5760_dose_600_gradient_0_VconcST_0_Vconc_3.2_run_2.csv,5760.0,600.0,0,3.2,0.0,3.2,2,6.75,0.0,0.0,0.0,0.0,0.0,0.0,238.303
5760_dose_600_gradient_0_VconcST_0_Vconc_3.2_run_2.csv,5760.0,600.0,0,3.2,0.0,3.2,2,7.0,0.0,0.0,0.0,0.0,0.0,0.0,9989.29
5760_dose_600_gradient_0_VconcST_0_Vconc_3.2_run_2.csv,5760.0,600.0,0,3.2,0.0,3.2,2,7.25,0.0,0.0,0.0,0.0,0.0,0.0,175.41
5760_dose_600_gradient_0_VconcST_0_Vconc_3.2_run_2.csv,5760.0,600.0,0,3.2,0.0,3.2,2,7.5,0.0,0.0,0.0,0.0,0.0,0.0,10000.0
5760_dose_600_gradient_0_VconcST_0_Vconc_3.2_run_2.csv,5760.0,600.0,0,3.2,0.0,3.2,2,7.75,0.0,0.0,0.0,0.0,0.0,0.0,149.876
5760_dose_600_gradient_0_VconcST_0_Vconc_3.2_run_2.csv,5760.0,600.0,0,3.2,0.0,3.2,2,8.0,0.0,0.0,0.0,0.0,0.0,0.0,10000.0
5760_dose_600_gradient_0_VconcST_0_Vconc_3.2_run_2.csv,5760.0,600.0,0,3.2,0.0,3.2,2,8.25,0.0,0.0,0.0,0.0,0.0,0.0,145.384
5760_dose_600_gradient_0_VconcST_0_Vconc_3.2_run_2.csv,5760.0,600.0,0,3.2,0.0,3.2,2,8.5,0.0,0.0,0.0,0.0,0.0,0.0,10000.0
5760_dose_600_gradient_0_VconcST_0_Vconc_3.2_run_2.csv,5760.0,600.0,0,3.2,0.0,3.2,2,8.75,0.0,0.0,0.0,0.0,0.0,0.0,130.078
5760_dose_600_gradient_0_VconcST_0_Vconc_3.2_run_2.csv,5760.0,600.0,0,3.2,0.0,3.2,2,9.0,0.0,0.0,0.0,0.0,0.0,0.0,10000.0
5760_dose_600_gradient_0_VconcST_0_Vconc_3.2_run_2.csv,5760.0,600.0,0,3.2,0.0,3.2,2,9.25,0.0,0.0,0.0,0.0,0.0,0.0,122.713
5760_dose_600_gradient_0_VconcST_0_Vconc_3.2_run_2.csv,5760.0,600.0,0,3.2,0.0,3.2,2,9.5,0.0,0.0,0.0,0.0,0.0,0.0,10000.0
5760_dose_600_gradient_0_VconcST_0_Vconc_3.2_run_2.csv,5760.0,600.0,0,3.2,0.0,3.2,2,9.75,0.0,0.0,0.0,0.0,0.0,0.0,122.995
5760_dose_600_gradient_0_VconcST_0_Vconc_3.2_run_2.csv,5760.0,600.0,0,3.2,0.0,3.2,2,10.0,0.0,0.0,0.0,0.0,0.0,0.0,10000.0
5760_dose_600_gradient_0_VconcST_0_Vconc_3.2_run_2.csv,5760.0,600.0,0,3.2,0.0,3.2,2,10.25,0.0,0.0,0.0,0.0,0.0,0.0,122.122
5760_dose_600_gradient_0_VconcST_0_Vconc_3.2_run_2.csv,5760.0,600.0,0,3.2,0.0,3.2,2,10.5,0.0,0.0,0.0,0.0,0.0,0.0,10000.0
5760_dose_600_gradient_0_VconcST_0_Vconc_3.2_run_2.csv,5760.0,600.0,0,3.2,0.0,3.2,2,10.75,0.0,0.0,0.0,0.0,0.0,0.0,120.029
5760_dose_600_gradient_0_VconcST_0_Vconc_3.2_run_2.csv,5760.0,600.0,0,3.2,0.0,3.2,2,11.0,0.0,0.0,0.0,0.0,0.0,0.0,10000.0
5760_dose_600_gradient_0_VconcST_0_Vconc_3.2_run_2.csv,5760.0,600.0,0,3.2,0.0,3.2,2,11.25,0.0,0.0,0.0,0.0,0.0,0.0,119.94
5760_dose_600_gradient_0_VconcST_0_Vconc_3.2_run_2.csv,5760.0,600.0,0,3.2,0.0,3.2,2,11.5,0.0,0.0,0.0,0.0,0.0,0.0,10000.0
5760_dose_600_gradient_0_VconcST_0_Vconc_3.2_run_2.csv,5760.0,600.0,0,3.2,0.0,3.2,2,11.75,0.0,0.0,0.0,0.0,0.0,0.0,121.153
5760_dose_600_gradient_0_VconcST_0_Vconc_3.2_run_2.csv,5760.0,600.0,0,3.2,0.0,3.2,2,12.0,0.0,0.0,0.0,0.0,0.0,0.0,1765.21
5760_dose_600_gradient_0_VconcST_0_Vconc_3.2_run_2.csv,5760.0,600.0,0,3.2,0.0,3.2,2,12.25,0.0,0.0,0.0,0.0,0.0,0.0,4932.29
5760_dose_600_gradient_0_VconcST_0_Vconc_3.2_run_2.csv,5760.0,600.0,0,3.2,0.0,3.2,2,12.5,0.0,0.0,0.0,0.0,0.0,0.0,387.695
5760_dose_600_gradient_0_VconcST_0_Vconc_3.2_run_2.csv,5760.0,600.0,0,3.2,0.0,3.2,2,12.75,0.0,0.0,0.0,0.0,0.0,0.0,6072.32
5760_dose_600_gradient_0_VconcST_0_Vconc_3.2_run_2.csv,5760.0,600.0,0,3.2,0.0,3.2,2,13.0,0.0,0.0,0.0,0.0,0.0,0.0,387.181
5760_dose_600_gradient_0_VconcST_0_Vconc_3.2_run_2.csv,5760.0,600.0,0,3.2,0.0,3.2,2,13.25,0.0,0.0,0.0,0.0,0.0,0.0,7035.45
5760_dose_600_gradient_0_VconcST_0_Vconc_3.2_run_2.csv,5760.0,600.0,0,3.2,0.0,3.2,2,13.5,0.0,0.0,0.0,0.0,0.0,0.0,391.074
5760_dose_600_gradient_0_VconcST_0_Vconc_3.2_run_2.csv,5760.0,600.0,0,3.2,0.0,3.2,2,13.75,0.0,0.0,0.0,0.0,0.0,0.0,7762.57
5760_dose_600_gradient_0_VconcST_0_Vconc_3.2_run_2.csv,5760.0,600.0,0,3.2,0.0,3.2,2,14.0,0.0,0.0,0.0,0.0,0.0,0.0,363.683
5760_dose_600_gradient_0_VconcST_0_Vconc_3.2_run_2.csv,5760.0,600.0,0,3.2,0.0,3.2,2,14.25,0.0,0.0,0.0,0.0,0.0,0.0,9371.48
5760_dose_600_gradient_0_VconcST_0_Vconc_3.2_run_2.csv,5760.0,600.0,0,3.2,0.0,3.2,2,14.5,0.0,0.0,0.0,0.0,0.0,0.0,262.357
5760_dose_600_gradient_0_VconcST_0_Vconc_3.2_run_2.csv,5760.0,600.0,0,3.2,0.0,3.2,2,14.75,0.0,0.0,0.0,0.0,0.0,0.0,10000.0
5760_dose_600_gradient_0_VconcST_0_Vconc_3.2_run_2.csv,5760.0,600.0,0,3.2,0.0,3.2,2,15.0,0.0,0.0,0.0,0.0,0.0,0.0,186.506
5760_dose_600_gradient_0_VconcST_0_Vconc_3.2_run_2.csv,5760.0,600.0,0,3.2,0.0,3.2,2,15.25,0.0,0.0,0.0,0.0,0.0,0.0,10000.0
5760_dose_600_gradient_0_VconcST_0_Vconc_3.2_run_2.csv,5760.0,600.0,0,3.2,0.0,3.2,2,15.5,0.0,0.0,0.0,0.0,0.0,0.0,161.092
5760_dose_600_gradient_0_VconcST_0_Vconc_3.2_run_2.csv,5760.0,600.0,0,3.2,0.0,3.2,2,15.75,0.0,0.0,0.0,0.0,0.0,0.0,10000.0
5760_dose_600_gradient_0_VconcST_0_Vconc_3.2_run_2.csv,5760.0,600.0,0,3.2,0.0,3.2,2,16.0,0.0,0.0,0.0,0.0,0.0,0.0,143.519
5760_dose_600_gradient_0_VconcST_0_Vconc_3.2_run_2.csv,5760.0,600.0,0,3.2,0.0,3.2,2,16.25,0.0,0.0,0.0,0.0,0.0,0.0,10000.0
5760_dose_600_gradient_0_VconcST_0_Vconc_3.2_run_2.csv,5760.0,600.0,0,3.2,0.0,3.2,2,16.5,0.0,0.0,0.0,0.0,0.0,0.0,138.938
5760_dose_600_gradient_0_VconcST_0_Vconc_3.2_run_2.csv,5760.0,600.0,0,3.2,0.0,3.2,2,16.75,0.0,0.0,0.0,0.0,0.0,0.0,10000.0
5760_dose_600_gradient_0_VconcST_0_Vconc_3.2_run_2.csv,5760.0,600.0,0,3.2,0.0,3.2,2,17.0,0.0,0.0,0.0,0.0,0.0,0.0,124.026
5760_dose_600_gradient_0_VconcST_0_Vconc_3.2_run_2.csv,5760.0,600.0,0,3.2,0.0,3.2,2,17.25,0.0,0.0,0.0,0.0,0.0,0.0,10000.0
5760_dose_600_gradient_0_VconcST_0_Vconc_3.2_run_2.csv,5760.0,600.0,0,3.2,0.0,3.2,2,17.5,0.0,0.0,0.0,0.0,0.0,0.0,122.52
5760_dose_600_gradient_0_VconcST_0_Vconc_3.2_run_2.csv,5760.0,600.0,0,3.2,0.0,3.2,2,17.75,0.0,0.0,0.0,0.0,0.0,0.0,10000.0
5760_dose_600_gradient_0_VconcST_0_Vconc_3.2_run_2.csv,5760.0,600.0,0,3.2,0.0,3.2,2,18.0,0.0,0.0,0.0,0.0,0.0,0.0,118.723
5760_dose_600_gradient_0_VconcST_0_Vconc_3.2_run_2.csv,5760.0,600.0,0,3.2,0.0,3.2,2,18.25,0.0,0.0,0.0,0.0,0.0,0.0,10000.0
5760_dose_600_gradient_0_VconcST_0_Vconc_3.2_run_2.csv,5760.0,600.0,0,3.2,0.0,3.2,2,18.5,0.0,0.0,0.0,0.0,0.000907118,0.0,119.121
5760_dose_600_gradient_0_VconcST_0_Vconc_3.2_run_2.csv,5760.0,600.0,0,3.2,0.0,3.2,2,18.75,0.0,0.0,0.0,0.0,0.0,0.0,10000.0
5760_dose_600_gradient_0_VconcST_0_Vconc_3.2_run_2.csv,5760.0,600.0,0,3.2,0.0,3.2,2,19.0,0.0,0.0,0.0,0.0,0.0,0.0,120.755
5760_dose_600_gradient_0_VconcST_0_Vconc_3.2_run_2.csv,5760.0,600.0,0,3.2,0.0,3.2,2,19.25,0.0,0.0,0.0,0.0,0.0,0.0,10000.0
5760_dose_600_gradient_0_VconcST_0_Vconc_3.2_run_2.csv,5760.0,600.0,0,3.2,0.0,3.2,2,19.5,0.0,0.0,0.0,0.0,0.0,0.0,118.047
5760_dose_600_gradient_0_VconcST_0_Vconc_3.2_run_2.csv,5760.0,600.0,0,3.2,0.0,3.2,2,19.75,0.0,0.0,0.0,0.0,0.0,0.0,5587.22
5760_dose_600_gradient_0_VconcST_0_Vconc_3.2_run_2.csv,5760.0,600.0,0,3.2,0.0,3.2,2,20.0,0.0,0.0,0.0,0.0,0.0,0.0,2652.93
5760_dose_600_gradient_0_VconcST_0_Vconc_3.2_run_2.csv,5760.0,600.0,0,3.2,0.0,3.2,2,20.25,0.0,0.0,0.0,0.0,0.0,0.0,388.286
5760_dose_600_gradient_0_VconcST_0_Vconc_3.2_run_2.csv,5760.0,600.0,0,3.2,0.0,3.2,2,20.5,0.0,0.0,0.0,0.0,0.0,0.0,5639.56
5760_dose_600_gradient_0_VconcST_0_Vconc_3.2_run_2.csv,5760.0,600.0,0,3.2,0.0,3.2,2,20.75,0.0,0.0,0.0,0.0,0.0,0.0,389.398
5760_dose_600_gradient_0_VconcST_0_Vconc_3.2_run_2.csv,5760.0,600.0,0,3.2,0.0,3.2,2,21.0,0.0,0.0,0.0,0.0,0.0,0.0,6508.93
5760_dose_600_gradient_0_VconcST_0_Vconc_3.2_run_2.csv,5760.0,600.0,0,3.2,0.0,3.2,2,21.25,0.0,0.0,0.0,0.0,0.0,0.0,386.621
5760_dose_600_gradient_0_VconcST_0_Vconc_3.2_run_2.csv,5760.0,600.0,0,3.2,0.0,3.2,2,21.5,0.0,0.0,0.0,0.0,0.0,0.0,7769.28
5760_dose_600_gradient_0_VconcST_0_Vconc_3.2_run_2.csv,5760.0,600.0,0,3.2,0.0,3.2,2,21.75,0.0,0.0,0.0,0.0,0.0,0.0,358.925
5760_dose_600_gradient_0_VconcST_0_Vconc_3.2_run_2.csv,5760.0,600.0,0,3.2,0.0,3.2,2,22.0,0.0,0.0,0.0,0.0,0.0,0.0,9298.96
5760_dose_600_gradient_0_VconcST_0_Vconc_3.2_run_2.csv,5760.0,600.0,0,3.2,0.0,3.2,2,22.25,0.0,0.0,0.0,0.0,0.0,0.0,266.281
5760_dose_600_gradient_0_VconcST_0_Vconc_3.2_run_2.csv,5760.0,600.0,0,3.2,0.0,3.2,2,22.5,0.0,0.0,0.0,0.0,0.0,0.0,9792.26
5760_dose_600_gradient_0_VconcST_0_Vconc_3.2_run_2.csv,5760.0,600.0,0,3.2,0.0,3.2,2,22.75,0.0,0.0,0.0,0.0,0.0,0.0,184.772
5760_dose_600_gradient_0_VconcST_0_Vconc_3.2_run_2.csv,5760.0,600.0,0,3.2,0.0,3.2,2,23.0,0.0,0.0,0.0,0.0,0.0,0.0,10000.0
5760_dose_600_gradient_0_VconcST_0_Vconc_3.2_run_2.csv,5760.0,600.0,0,3.2,0.0,3.2,2,23.25,0.0,0.0,0.0,0.0,0.0,0.0,157.438
5760_dose_600_gradient_0_VconcST_0_Vconc_3.2_run_2.csv,5760.0,600.0,0,3.2,0.0,3.2,2,23.5,0.0,0.0,0.0,0.0,0.00960287,0.0,10000.0
5760_dose_600_gradient_0_VconcST_0_Vconc_3.2_run_2.csv,5760.0,600.0,0,3.2,0.0,3.2,2,23.75,0.0,0.0,0.0,0.0,0.0,0.0,138.525
5760_dose_600_gradient_0_VconcST_0_Vconc_3.2_run_2.csv,5760.0,600.0,0,3.2,0.0,3.2,2,24.0,46.7175,600.0,0.018195,46.7175,0.0113477,0.0,10000.0
5760_dose_600_gradient_0_VconcST_0_Vconc_3.2_run_2.csv,5760.0,600.0,0,3.2,0.0,3.2,2,24.25,2816.07,588.109,1.09677,2816.07,0.0,0.999928,0.0148154
5760_dose_600_gradient_0_VconcST_0_Vconc_3.2_run_2.csv,5760.0,600.0,0,3.2,0.0,3.2,2,24.5,5520.02,576.453,2.14988,5520.02,0.0,0.999963,0.240041
5760_dose_600_gradient_0_VconcST_0_Vconc_3.2_run_2.csv,5760.0,600.0,0,3.2,0.0,3.2,2,24.75,8159.93,565.029,3.17804,8159.93,0.0,0.999975,0.146845
5760_dose_600_gradient_0_VconcST_0_Vconc_3.2_run_2.csv,5760.0,600.0,0,3.2,0.0,3.2,2,25.0,10737.1,553.83,4.18176,10737.1,0.0,0.999981,0.106746
5760_dose_600_gradient_0_VconcST_0_Vconc_3.2_run_2.csv,5760.0,600.0,0,3.2,0.0,3.2,2,25.25,13252.8,542.853,5.16155,13252.8,0.0,0.999985,0.0843
5760_dose_600_gradient_0_VconcST_0_Vconc_3.2_run_2.csv,5760.0,600.0,0,3.2,0.0,3.2,2,25.5,15708.3,532.094,6.11789,15708.3,0.0,0.999987,0.0696996
5760_dose_600_gradient_0_VconcST_0_Vconc_3.2_run_2.csv,5760.0,600.0,0,3.2,0.0,3.2,2,25.75,18104.8,521.549,7.05126,18104.8,0.0,0.999989,0.0595266
5760_dose_600_gradient_0_VconcST_0_Vconc_3.2_run_2.csv,5760.0,600.0,0,3.2,0.0,3.2,2,26.0,20443.6,511.213,7.96213,20443.6,0.0,0.99999,0.0521691
5760_dose_600_gradient_0_VconcST_0_Vconc_3.2_run_2.csv,5760.0,600.0,0,3.2,0.0,3.2,2,26.25,22725.7,501.081,8.85097,22725.7,0.0,0.999991,0.0468215
5760_dose_600_gradient_0_VconcST_0_Vconc_3.2_run_2.csv,5760.0,600.0,0,3.2,0.0,3.2,2,26.5,24952.5,491.15,9.71822,24952.5,0.0,0.999992,0.0423053
5760_dose_600_gradient_0_VconcST_0_Vconc_3.2_run_2.csv,5760.0,600.0,0,3.2,0.0,3.2,2,26.75,27124.9,481.416,10.5643,27124.9,0.0,0.999993,0.0385994
5760_dose_600_gradient_0_VconcST_0_Vconc_3.2_run_2.csv,5760.0,600.0,0,3.2,0.0,3.2,2,27.0,29244.3,471.875,11.3897,29244.3,0.0,0.999993,0.03566
5760_dose_600_gradient_0_VconcST_0_Vconc_3.2_run_2.csv,5760.0,600.0,0,3.2,0.0,3.2,2,27.25,31311.5,462.523,12.1949,31311.5,0.0,0.999994,0.0332821
5760_dose_600_gradient_0_VconcST_0_Vconc_3.2_run_2.csv,5760.0,600.0,0,3.2,0.0,3.2,2,27.5,33327.7,453.356,12.9801,33327.7,0.0,0.999994,0.0311073
5760_dose_600_gradient_0_VconcST_0_Vconc_3.2_run_2.csv,5760.0,600.0,0,3.2,0.0,3.2,2,27.75,35294.0,444.371,13.7459,35294.0,0.0,0.999994,0.0293066
5760_dose_600_gradient_0_VconcST_0_Vconc_3.2_run_2.csv,5760.0,600.0,0,3.2,0.0,3.2,2,28.0,37211.3,435.564,14.4926,37211.3,0.0,0.999995,0.0277433
5760_dose_600_gradient_0_VconcST_0_Vconc_3.2_run_2.csv,5760.0,600.0,0,3.2,0.0,3.2,2,28.25,39080.7,426.932,15.2207,39080.7,0.0,0.999995,0.0265558
5760_dose_600_gradient_0_VconcST_0_Vconc_3.2_run_2.csv,5760.0,600.0,0,3.2,0.0,3.2,2,28.5,40903.2,418.471,15.9305,40903.2,0.0,0.999995,0.0251058
5760_dose_600_gradient_0_VconcST_0_Vconc_3.2_run_2.csv,5760.0,600.0,0,3.2,0.0,3.2,2,28.75,42679.7,410.177,16.6224,42679.7,0.0,0.999995,0.0241248
5760_dose_600_gradient_0_VconcST_0_Vconc_3.2_run_2.csv,5760.0,600.0,0,3.2,0.0,3.2,2,29.0,44411.2,402.048,17.2968,44411.2,0.0,0.999996,0.0232853
5760_dose_600_gradient_0_VconcST_0_Vconc_3.2_run_2.csv,5760.0,600.0,0,3.2,0.0,3.2,2,29.25,46098.6,394.08,17.954,46098.6,0.0,0.999996,0.0223624
5760_dose_600_gradient_0_VconcST_0_Vconc_3.2_run_2.csv,5760.0,600.0,0,3.2,0.0,3.2,2,29.5,47742.8,386.27,18.5943,47742.8,0.0,0.999996,0.0214108
5760_dose_600_gradient_0_VconcST_0_Vconc_3.2_run_2.csv,5760.0,600.0,0,3.2,0.0,3.2,2,29.75,49344.8,378.614,19.2183,49344.8,0.0,0.999996,0.0208178
5760_dose_600_gradient_0_VconcST_0_Vconc_3.2_run_2.csv,5760.0,600.0,0,3.2,0.0,3.2,2,30.0,50905.4,371.11,19.8261,50905.4,0.0,0.999996,0.0202045
5760_dose_600_gradient_0_VconcST_0_Vconc_3.2_run_2.csv,5760.0,600.0,0,3.2,0.0,3.2,2,30.25,52425.4,363.755,20.4181,52425.4,0.0,0.999996,0.0196386
5760_dose_600_gradient_0_VconcST_0_Vconc_3.2_run_2.csv,5760.0,600.0,0,3.2,0.0,3.2,2,30.5,53905.6,356.546,20.9946,53905.6,0.0,0.999996,0.0190363
5760_dose_600_gradient_0_VconcST_0_Vconc_3.2_run_2.csv,5760.0,600.0,0,3.2,0.0,3.2,2,30.75,55347.0,349.48,21.5559,55347.0,0.0,0.999996,0.0184249
5760_dose_600_gradient_0_VconcST_0_Vconc_3.2_run_2.csv,5760.0,600.0,0,3.2,0.0,3.2,2,31.0,56750.3,342.554,22.1025,56750.3,0.0,0.999996,0.0181045
5760_dose_600_gradient_0_VconcST_0_Vconc_3.2_run_2.csv,5760.0,600.0,0,3.2,0.0,3.2,2,31.25,58116.3,335.765,22.6345,58116.3,0.0,0.999997,0.0175028
5760_dose_600_gradient_0_VconcST_0_Vconc_3.2_run_2.csv,5760.0,600.0,0,3.2,0.0,3.2,2,31.5,59445.8,329.11,23.1523,59445.8,0.0,0.999997,0.017201
5760_dose_600_gradient_0_VconcST_0_Vconc_3.2_run_2.csv,5760.0,600.0,0,3.2,0.0,3.2,2,31.75,60739.5,322.588,23.6562,60739.5,0.0,0.999997,0.0168974
5760_dose_600_gradient_0_VconcST_0_Vconc_3.2_run_2.csv,5760.0,600.0,0,3.2,0.0,3.2,2,32.0,61998.2,316.194,24.1464,61998.2,0.0,0.999997,0.0163036
5760_dose_600_gradient_0_VconcST_0_Vconc_3.2_run_2.csv,5760.0,600.0,0,3.2,0.0,3.2,2,32.25,63222.6,309.928,24.6233,63222.6,0.0,0.999997,0.0160164
5760_dose_600_gradient_0_VconcST_0_Vconc_3.2_run_2.csv,5760.0,600.0,0,3.2,0.0,3.2,2,32.5,64413.5,303.785,25.0871,64413.5,0.0,0.999997,0.0156932
5760_dose_600_gradient_0_VconcST_0_Vconc_3.2_run_2.csv,5760.0,600.0,0,3.2,0.0,3.2,2,32.75,65571.4,297.765,25.538,65571.4,0.0,0.999997,0.0154249
5760_dose_600_gradient_0_VconcST_0_Vconc_3.2_run_2.csv,5760.0,600.0,0,3.2,0.0,3.2,2,33.0,66697.3,291.863,25.9765,66697.3,0.0,0.999997,0.0156954
5760_dose_600_gradient_0_VconcST_0_Vconc_3.2_run_2.csv,5760.0,600.0,0,3.2,0.0,3.2,2,33.25,67791.5,286.079,26.4027,67791.5,0.0,0.999997,0.0154368
5760_dose_600_gradient_0_VconcST_0_Vconc_3.2_run_2.csv,5760.0,600.0,0,3.2,0.0,3.2,2,33.5,68855.0,280.409,26.8169,68855.0,0.0,0.999997,0.0151023
5760_dose_600_gradient_0_VconcST_0_Vconc_3.2_run_2.csv,5760.0,600.0,0,3.2,0.0,3.2,2,33.75,69888.3,274.852,27.2193,69888.3,0.0,0.999997,0.0147764
5760_dose_600_gradient_0_VconcST_0_Vconc_3.2_run_2.csv,5760.0,600.0,0,3.2,0.0,3.2,2,34.0,70892.0,269.405,27.6102,70892.0,0.0,0.999997,0.0145487
5760_dose_600_gradient_0_VconcST_0_Vconc_3.2_run_2.csv,5760.0,600.0,0,3.2,0.0,3.2,2,34.25,71866.7,264.066,27.9898,71866.7,0.0,0.999997,0.0144958
5760_dose_600_gradient_0_VconcST_0_Vconc_3.2_run_2.csv,5760.0,600.0,0,3.2,0.0,3.2,2,34.5,72813.1,258.832,28.3584,72813.1,0.0,0.999997,0.0141932
5760_dose_600_gradient_0_VconcST_0_Vconc_3.2_run_2.csv,5760.0,600.0,0,3.2,0.0,3.2,2,34.75,73731.7,253.702,28.7162,73731.7,0.0,0.999997,0.0138717
5760_dose_600_gradient_0_VconcST_0_Vconc_3.2_run_2.csv,5760.0,600.0,0,3.2,0.0,3.2,2,35.0,74623.2,248.674,29.0634,74623.2,0.0,0.999997,0.0138927
5760_dose_600_gradient_0_VconcST_0_Vconc_3.2_run_2.csv,5760.0,600.0,0,3.2,0.0,3.2,2,35.25,75488.1,243.746,29.4003,75488.1,0.0,0.999997,0.0136037
5760_dose_600_gradient_0_VconcST_0_Vconc_3.2_run_2.csv,5760.0,600.0,0,3.2,0.0,3.2,2,35.5,76326.9,238.915,29.727,76326.9,0.0,0.999997,0.0135784
5760_dose_600_gradient_0_VconcST_0_Vconc_3.2_run_2.csv,5760.0,600.0,0,3.2,0.0,3.2,2,35.75,77140.3,234.18,30.0437,77140.3,0.0,0.999997,0.0133064
5760_dose_600_gradient_0_VconcST_0_Vconc_3.2_run_2.csv,5760.0,600.0,0,3.2,0.0,3.2,2,36.0,77928.7,229.539,30.3508,77928.7,0.0,0.999997,0.0132999
5760_dose_600_gradient_0_VconcST_0_Vconc_3.2_run_2.csv,5760.0,600.0,0,3.2,0.0,3.2,2,36.25,78692.7,224.99,30.6484,78692.7,0.0,0.999997,0.0132808
5760_dose_600_gradient_0_VconcST_0_Vconc_3.2_run_2.csv,5760.0,600.0,0,3.2,0.0,3.2,2,36.5,79432.9,220.531,30.9366,79432.9,0.0,0.999997,0.0129763
5760_dose_600_gradient_0_VconcST_0_Vconc_3.2_run_2.csv,5760.0,600.0,0,3.2,0.0,3.2,2,36.75,80149.6,216.16,31.2158,80149.6,0.0,0.999997,0.0130086
5760_dose_600_gradient_0_VconcST_0_Vconc_3.2_run_2.csv,5760.0,600.0,0,3.2,0.0,3.2,2,37.0,80843.5,211.876,31.486,80843.5,0.0,0.999997,0.0126806
5760_dose_600_gradient_0_VconcST_0_Vconc_3.2_run_2.csv,5760.0,600.0,0,3.2,0.0,3.2,2,37.25,81514.9,207.677,31.7475,81514.9,0.0,0.999997,0.0126655
5760_dose_600_gradient_0_VconcST_0_Vconc_3.2_run_2.csv,5760.0,600.0,0,3.2,0.0,3.2,2,37.5,82164.5,203.561,32.0005,82164.5,0.0,0.999998,0.0126855
5760_dose_600_gradient_0_VconcST_0_Vconc_3.2_run_2.csv,5760.0,600.0,0,3.2,0.0,3.2,2,37.75,82792.5,199.527,32.2451,82792.5,0.0,0.999998,0.012384
5760_dose_600_gradient_0_VconcST_0_Vconc_3.2_run_2.csv,5760.0,600.0,0,3.2,0.0,3.2,2,38.0,83399.6,195.572,32.4815,83399.6,0.0,0.999998,0.0123788
5760_dose_600_gradient_0_VconcST_0_Vconc_3.2_run_2.csv,5760.0,600.0,0,3.2,0.0,3.2,2,38.25,83986.0,191.696,32.71,83986.0,0.0,0.999998,0.012364
5760_dose_600_gradient_0_VconcST_0_Vconc_3.2_run_2.csv,5760.0,600.0,0,3.2,0.0,3.2,2,38.5,84552.4,187.897,32.9306,84552.4,0.0,0.999998,0.0121002
5760_dose_600_gradient_0_VconcST_0_Vconc_3.2_run_2.csv,5760.0,600.0,0,3.2,0.0,3.2,2,38.75,85099.1,184.173,33.1435,85099.1,0.0,0.999998,0.0120624
5760_dose_600_gradient_0_VconcST_0_Vconc_3.2_run_2.csv,5760.0,600.0,0,3.2,0.0,3.2,2,39.0,85626.6,180.523,33.3489,85626.6,0.0,0.999998,0.0121061
5760_dose_600_gradient_0_VconcST_0_Vconc_3.2_run_2.csv,5760.0,600.0,0,3.2,0.0,3.2,2,39.25,86135.1,176.945,33.547,86135.1,0.0,0.999998,0.0120802
5760_dose_600_gradient_0_VconcST_0_Vconc_3.2_run_2.csv,5760.0,600.0,0,3.2,0.0,3.2,2,39.5,86625.3,173.438,33.7379,86625.3,0.0,0.999998,0.0117774
5760_dose_600_gradient_0_VconcST_0_Vconc_3.2_run_2.csv,5760.0,600.0,0,3.2,0.0,3.2,2,39.75,87097.4,170.001,33.9217,87097.4,0.0,0.999998,0.0118034
5760_dose_600_gradient_0_VconcST_0_Vconc_3.2_run_2.csv,5760.0,600.0,0,3.2,0.0,3.2,2,40.0,87551.8,166.632,34.0987,87551.8,0.0,0.999998,0.0117679
5760_dose_600_gradient_0_VconcST_0_Vconc_3.2_run_2.csv,5760.0,600.0,0,3.2,0.0,3.2,2,40.25,87989.0,163.329,34.269,87989.0,0.0,0.999998,0.0117666
5760_dose_600_gradient_0_VconcST_0_Vconc_3.2_run_2.csv,5760.0,600.0,0,3.2,0.0,3.2,2,40.5,88409.3,160.092,34.4327,88409.3,0.0,0.999998,0.0117609
5760_dose_600_gradient_0_VconcST_0_Vconc_3.2_run_2.csv,5760.0,600.0,0,3.2,0.0,3.2,2,40.75,88813.0,156.919,34.5899,88813.0,0.0,0.999998,0.0114674
5760_dose_600_gradient_0_VconcST_0_Vconc_3.2_run_2.csv,5760.0,600.0,0,3.2,0.0,3.2,2,41.0,89200.5,153.809,34.7408,89200.5,0.0,0.999998,0.0114593
5760_dose_600_gradient_0_VconcST_0_Vconc_3.2_run_2.csv,5760.0,600.0,0,3.2,0.0,3.2,2,41.25,89572.2,150.761,34.8856,89572.2,0.0,0.999998,0.0114831
5760_dose_600_gradient_0_VconcST_0_Vconc_3.2_run_2.csv,5760.0,600.0,0,3.2,0.0,3.2,2,41.5,89928.5,147.773,35.0244,89928.5,0.0,0.999998,0.0114754
5760_dose_600_gradient_0_VconcST_0_Vconc_8_run_2.csv,5760.0,600.0,0,8.0,0.0,8.0,2,0.0,0.0,0.0,0.0,0.0,0.0,0.0,0.0
5760_dose_600_gradient_0_VconcST_0_Vconc_8_run_2.csv,5760.0,600.0,0,8.0,0.0,8.0,2,0.25,0.0,0.0,0.0,0.0,0.0,0.0,10000.0
5760_dose_600_gradient_0_VconcST_0_Vconc_8_run_2.csv,5760.0,600.0,0,8.0,0.0,8.0,2,0.5,0.0,0.0,0.0,0.0,0.0,0.0,476.435
5760_dose_600_gradient_0_VconcST_0_Vconc_8_run_2.csv,5760.0,600.0,0,8.0,0.0,8.0,2,0.75,0.0,0.0,0.0,0.0,0.0,0.0,10000.0
5760_dose_600_gradient_0_VconcST_0_Vconc_8_run_2.csv,5760.0,600.0,0,8.0,0.0,8.0,2,1.0,0.0,0.0,0.0,0.0,0.0,0.0,386.703
5760_dose_600_gradient_0_VconcST_0_Vconc_8_run_2.csv,5760.0,600.0,0,8.0,0.0,8.0,2,1.25,0.0,0.0,0.0,0.0,0.0,0.0,10000.0
5760_dose_600_gradient_0_VconcST_0_Vconc_8_run_2.csv,5760.0,600.0,0,8.0,0.0,8.0,2,1.5,0.0,0.0,0.0,0.0,0.0,0.0,400.038
5760_dose_600_gradient_0_VconcST_0_Vconc_8_run_2.csv,5760.0,600.0,0,8.0,0.0,8.0,2,1.75,0.0,0.0,0.0,0.0,0.0,0.0,10000.0
5760_dose_600_gradient_0_VconcST_0_Vconc_8_run_2.csv,5760.0,600.0,0,8.0,0.0,8.0,2,2.0,0.0,0.0,0.0,0.0,0.0,0.0,360.159
5760_dose_600_gradient_0_VconcST_0_Vconc_8_run_2.csv,5760.0,600.0,0,8.0,0.0,8.0,2,2.25,0.0,0.0,0.0,0.0,0.0,0.0,10000.0
5760_dose_600_gradient_0_VconcST_0_Vconc_8_run_2.csv,5760.0,600.0,0,8.0,0.0,8.0,2,2.5,0.0,0.0,0.0,0.0,0.0,0.0,346.853
5760_dose_600_gradient_0_VconcST_0_Vconc_8_run_2.csv,5760.0,600.0,0,8.0,0.0,8.0,2,2.75,0.0,0.0,0.0,0.0,0.0,0.0,10000.0
5760_dose_600_gradient_0_VconcST_0_Vconc_8_run_2.csv,5760.0,600.0,0,8.0,0.0,8.0,2,3.0,0.0,0.0,0.0,0.0,0.0,0.0,345.318
5760_dose_600_gradient_0_VconcST_0_Vconc_8_run_2.csv,5760.0,600.0,0,8.0,0.0,8.0,2,3.25,0.0,0.0,0.0,0.0,0.0,0.0,10000.0
5760_dose_600_gradient_0_VconcST_0_Vconc_8_run_2.csv,5760.0,600.0,0,8.0,0.0,8.0,2,3.5,0.0,0.0,0.0,0.0,0.0,0.0,326.402
5760_dose_600_gradient_0_VconcST_0_Vconc_8_run_2.csv,5760.0,600.0,0,8.0,0.0,8.0,2,3.75,0.0,0.0,0.0,0.0,0.0,0.0,10000.0
5760_dose_600_gradient_0_VconcST_0_Vconc_8_run_2.csv,5760.0,600.0,0,8.0,0.0,8.0,2,4.0,0.0,0.0,0.0,0.0,0.0,0.0,331.491
5760_dose_600_gradient_0_VconcST_0_Vconc_8_run_2.csv,5760.0,600.0,0,8.0,0.0,8.0,2,4.25,0.0,0.0,0.0,0.0,0.0,0.0,5944.98
5760_dose_600_gradient_0_VconcST_0_Vconc_8_run_2.csv,5760.0,600.0,0,8.0,0.0,8.0,2,4.5,0.0,0.0,0.0,0.0,0.0,0.0,9664.55
5760_dose_600_gradient_0_VconcST_0_Vconc_8_run_2.csv,5760.0,600.0,0,8.0,0.0,8.0,2,4.75,0.0,0.0,0.0,0.0,0.0,0.0,895.04
5760_dose_600_gradient_0_VconcST_0_Vconc_8_run_2.csv,5760.0,600.0,0,8.0,0.0,8.0,2,5.0,0.0,0.0,0.0,0.0,0.0,0.0,10000.0
5760_dose_600_gradient_0_VconcST_0_Vconc_8_run_2.csv,5760.0,600.0,0,8.0,0.0,8.0,2,5.25,0.0,0.0,0.0,0.0,0.0,0.0,899.98
5760_dose_600_gradient_0_VconcST_0_Vconc_8_run_2.csv,5760.0,600.0,0,8.0,0.0,8.0,2,5.5,0.0,0.0,0.0,0.0,0.0,0.0,10000.0
5760_dose_600_gradient_0_VconcST_0_Vconc_8_run_2.csv,5760.0,600.0,0,8.0,0.0,8.0,2,5.75,0.0,0.0,0.0,0.0,0.0,0.0,907.977
5760_dose_600_gradient_0_VconcST_0_Vconc_8_run_2.csv,5760.0,600.0,0,8.0,0.0,8.0,2,6.0,0.0,0.0,0.0,0.0,0.0,0.0,10000.0
5760_dose_600_gradient_0_VconcST_0_Vconc_8_run_2.csv,5760.0,600.0,0,8.0,0.0,8.0,2,6.25,0.0,0.0,0.0,0.0,0.0,0.0,873.202
5760_dose_600_gradient_0_VconcST_0_Vconc_8_run_2.csv,5760.0,600.0,0,8.0,0.0,8.0,2,6.5,0.0,0.0,0.0,0.0,0.0,0.0,10000.0
5760_dose_600_gradient_0_VconcST_0_Vconc_8_run_2.csv,5760.0,600.0,0,8.0,0.0,8.0,2,6.75,0.0,0.0,0.0,0.0,0.0,0.0,699.565
5760_dose_600_gradient_0_VconcST_0_Vconc_8_run_2.csv,5760.0,600.0,0,8.0,0.0,8.0,2,7.0,0.0,0.0,0.0,0.0,0.0,0.0,10000.0
5760_dose_600_gradient_0_VconcST_0_Vconc_8_run_2.csv,5760.0,600.0,0,8.0,0.0,8.0,2,7.25,0.0,0.0,0.0,0.0,0.0,0.0,557.699
5760_dose_600_gradient_0_VconcST_0_Vconc_8_run_2.csv,5760.0,600.0,0,8.0,0.0,8.0,2,7.5,0.0,0.0,0.0,0.0,0.0,0.0,10000.0
5760_dose_600_gradient_0_VconcST_0_Vconc_8_run_2.csv,5760.0,600.0,0,8.0,0.0,8.0,2,7.75,0.0,0.0,0.0,0.0,0.0,0.0,480.983
5760_dose_600_gradient_0_VconcST_0_Vconc_8_run_2.csv,5760.0,600.0,0,8.0,0.0,8.0,2,8.0,0.0,0.0,0.0,0.0,0.0,0.0,10000.0
5760_dose_600_gradient_0_VconcST_0_Vconc_8_run_2.csv,5760.0,600.0,0,8.0,0.0,8.0,2,8.25,0.0,0.0,0.0,0.0,0.0,0.0,450.007
5760_dose_600_gradient_0_VconcST_0_Vconc_8_run_2.csv,5760.0,600.0,0,8.0,0.0,8.0,2,8.5,0.0,0.0,0.0,0.0,0.0,0.0,10000.0
5760_dose_600_gradient_0_VconcST_0_Vconc_8_run_2.csv,5760.0,600.0,0,8.0,0.0,8.0,2,8.75,0.0,0.0,0.0,0.0,0.0,0.0,444.049
5760_dose_600_gradient_0_VconcST_0_Vconc_8_run_2.csv,5760.0,600.0,0,8.0,0.0,8.0,2,9.0,0.0,0.0,0.0,0.0,0.0,0.0,10000.0
5760_dose_600_gradient_0_VconcST_0_Vconc_8_run_2.csv,5760.0,600.0,0,8.0,0.0,8.0,2,9.25,0.0,0.0,0.0,0.0,0.0,0.0,403.388
5760_dose_600_gradient_0_VconcST_0_Vconc_8_run_2.csv,5760.0,600.0,0,8.0,0.0,8.0,2,9.5,0.0,0.0,0.0,0.0,0.0,0.0,10000.0
5760_dose_600_gradient_0_VconcST_0_Vconc_8_run_2.csv,5760.0,600.0,0,8.0,0.0,8.0,2,9.75,0.0,0.0,0.0,0.0,0.0,0.0,365.065
5760_dose_600_gradient_0_VconcST_0_Vconc_8_run_2.csv,5760.0,600.0,0,8.0,0.0,8.0,2,10.0,0.0,0.0,0.0,0.0,0.0,0.0,10000.0
5760_dose_600_gradient_0_VconcST_0_Vconc_8_run_2.csv,5760.0,600.0,0,8.0,0.0,8.0,2,10.25,0.0,0.0,0.0,0.0,0.0011849,0.0,366.677
5760_dose_600_gradient_0_VconcST_0_Vconc_8_run_2.csv,5760.0,600.0,0,8.0,0.0,8.0,2,10.5,0.0,0.0,0.0,0.0,0.0,0.0,10000.0
5760_dose_600_gradient_0_VconcST_0_Vconc_8_run_2.csv,5760.0,600.0,0,8.0,0.0,8.0,2,10.75,0.0,0.0,0.0,0.0,0.0,0.0,351.865
5760_dose_600_gradient_0_VconcST_0_Vconc_8_run_2.csv,5760.0,600.0,0,8.0,0.0,8.0,2,11.0,0.0,0.0,0.0,0.0,0.0,0.0,10000.0
5760_dose_600_gradient_0_VconcST_0_Vconc_8_run_2.csv,5760.0,600.0,0,8.0,0.0,8.0,2,11.25,0.0,0.0,0.0,0.0,0.0,0.0,338.018
5760_dose_600_gradient_0_VconcST_0_Vconc_8_run_2.csv,5760.0,600.0,0,8.0,0.0,8.0,2,11.5,0.0,0.0,0.0,0.0,0.0,0.0,10000.0
5760_dose_600_gradient_0_VconcST_0_Vconc_8_run_2.csv,5760.0,600.0,0,8.0,0.0,8.0,2,11.75,0.0,0.0,0.0,0.0,0.0,0.0,337.507
5760_dose_600_gradient_0_VconcST_0_Vconc_8_run_2.csv,5760.0,600.0,0,8.0,0.0,8.0,2,12.0,0.0,0.0,0.0,0.0,0.0,0.0,10000.0
5760_dose_600_gradient_0_VconcST_0_Vconc_8_run_2.csv,5760.0,600.0,0,8.0,0.0,8.0,2,12.25,0.0,0.0,0.0,0.0,0.0,0.0,970.811
5760_dose_600_gradient_0_VconcST_0_Vconc_8_run_2.csv,5760.0,600.0,0,8.0,0.0,8.0,2,12.5,0.0,0.0,0.0,0.0,0.0,0.0,5451.52
5760_dose_600_gradient_0_VconcST_0_Vconc_8_run_2.csv,5760.0,600.0,0,8.0,0.0,8.0,2,12.75,0.0,0.0,0.0,0.0,0.0,0.0,6018.07
5760_dose_600_gradient_0_VconcST_0_Vconc_8_run_2.csv,5760.0,600.0,0,8.0,0.0,8.0,2,13.0,0.0,0.0,0.0,0.0,0.0,0.0,907.304
5760_dose_600_gradient_0_VconcST_0_Vconc_8_run_2.csv,5760.0,600.0,0,8.0,0.0,8.0,2,13.25,0.0,0.0,0.0,0.0,0.0,0.0,10000.0
5760_dose_600_gradient_0_VconcST_0_Vconc_8_run_2.csv,5760.0,600.0,0,8.0,0.0,8.0,2,13.5,0.0,0.0,0.0,0.0,0.0,0.0,909.955
5760_dose_600_gradient_0_VconcST_0_Vconc_8_run_2.csv,5760.0,600.0,0,8.0,0.0,8.0,2,13.75,0.0,0.0,0.0,0.0,0.0,0.0,10000.0
5760_dose_600_gradient_0_VconcST_0_Vconc_8_run_2.csv,5760.0,600.0,0,8.0,0.0,8.0,2,14.0,0.0,0.0,0.0,0.0,0.0,0.0,901.439
5760_dose_600_gradient_0_VconcST_0_Vconc_8_run_2.csv,5760.0,600.0,0,8.0,0.0,8.0,2,14.25,0.0,0.0,0.0,0.0,0.0,0.0,10000.0
5760_dose_600_gradient_0_VconcST_0_Vconc_8_run_2.csv,5760.0,600.0,0,8.0,0.0,8.0,2,14.5,0.0,0.0,0.0,0.0,0.0,0.0,848.867
5760_dose_600_gradient_0_VconcST_0_Vconc_8_run_2.csv,5760.0,600.0,0,8.0,0.0,8.0,2,14.75,0.0,0.0,0.0,0.0,0.0,0.0,10000.0
5760_dose_600_gradient_0_VconcST_0_Vconc_8_run_2.csv,5760.0,600.0,0,8.0,0.0,8.0,2,15.0,0.0,0.0,0.0,0.0,0.0,0.0,716.571
5760_dose_600_gradient_0_VconcST_0_Vconc_8_run_2.csv,5760.0,600.0,0,8.0,0.0,8.0,2,15.25,0.0,0.0,0.0,0.0,0.0,0.0,10000.0
5760_dose_600_gradient_0_VconcST_0_Vconc_8_run_2.csv,5760.0,600.0,0,8.0,0.0,8.0,2,15.5,0.0,0.0,0.0,0.0,0.0,0.0,558.114
5760_dose_600_gradient_0_VconcST_0_Vconc_8_run_2.csv,5760.0,600.0,0,8.0,0.0,8.0,2,15.75,0.0,0.0,0.0,0.0,0.0,0.0,10000.0
5760_dose_600_gradient_0_VconcST_0_Vconc_8_run_2.csv,5760.0,600.0,0,8.0,0.0,8.0,2,16.0,0.0,0.0,0.0,0.0,0.0,0.0,492.879
5760_dose_600_gradient_0_VconcST_0_Vconc_8_run_2.csv,5760.0,600.0,0,8.0,0.0,8.0,2,16.25,0.0,0.0,0.0,0.0,0.0,0.0,10000.0
5760_dose_600_gradient_0_VconcST_0_Vconc_8_run_2.csv,5760.0,600.0,0,8.0,0.0,8.0,2,16.5,0.0,0.0,0.0,0.0,0.0,0.0,513.649
5760_dose_600_gradient_0_VconcST_0_Vconc_8_run_2.csv,5760.0,600.0,0,8.0,0.0,8.0,2,16.75,0.0,0.0,0.0,0.0,0.0037934,0.0,10000.0
5760_dose_600_gradient_0_VconcST_0_Vconc_8_run_2.csv,5760.0,600.0,0,8.0,0.0,8.0,2,17.0,0.0,0.0,0.0,0.0,0.0,0.0,417.158
5760_dose_600_gradient_0_VconcST_0_Vconc_8_run_2.csv,5760.0,600.0,0,8.0,0.0,8.0,2,17.25,0.0,0.0,0.0,0.0,0.0,0.0,10000.0
5760_dose_600_gradient_0_VconcST_0_Vconc_8_run_2.csv,5760.0,600.0,0,8.0,0.0,8.0,2,17.5,0.0,0.0,0.0,0.0,0.000850694,0.0,409.549
5760_dose_600_gradient_0_VconcST_0_Vconc_8_run_2.csv,5760.0,600.0,0,8.0,0.0,8.0,2,17.75,0.0,0.0,0.0,0.0,0.0,0.0,10000.0
5760_dose_600_gradient_0_VconcST_0_Vconc_8_run_2.csv,5760.0,600.0,0,8.0,0.0,8.0,2,18.0,0.0,0.0,0.0,0.0,0.00145833,0.0,350.127
5760_dose_600_gradient_0_VconcST_0_Vconc_8_run_2.csv,5760.0,600.0,0,8.0,0.0,8.0,2,18.25,0.0,0.0,0.0,0.0,0.0,0.0,10000.0
5760_dose_600_gradient_0_VconcST_0_Vconc_8_run_2.csv,5760.0,600.0,0,8.0,0.0,8.0,2,18.5,0.0,0.0,0.0,0.0,0.0,0.0,366.745
5760_dose_600_gradient_0_VconcST_0_Vconc_8_run_2.csv,5760.0,600.0,0,8.0,0.0,8.0,2,18.75,0.0,0.0,0.0,0.0,0.0,0.0,10000.0
5760_dose_600_gradient_0_VconcST_0_Vconc_8_run_2.csv,5760.0,600.0,0,8.0,0.0,8.0,2,19.0,0.0,0.0,0.0,0.0,0.0,0.0,354.8
5760_dose_600_gradient_0_VconcST_0_Vconc_8_run_2.csv,5760.0,600.0,0,8.0,0.0,8.0,2,19.25,0.0,0.0,0.0,0.0,0.0,0.0,10000.0
5760_dose_600_gradient_0_VconcST_0_Vconc_8_run_2.csv,5760.0,600.0,0,8.0,0.0,8.0,2,19.5,0.0,0.0,0.0,0.0,0.0,0.0,356.258
5760_dose_600_gradient_0_VconcST_0_Vconc_8_run_2.csv,5760.0,600.0,0,8.0,0.0,8.0,2,19.75,0.0,0.0,0.0,0.0,0.0,0.0,10000.0
5760_dose_600_gradient_0_VconcST_0_Vconc_8_run_2.csv,5760.0,600.0,0,8.0,0.0,8.0,2,20.0,0.0,0.0,0.0,0.0,0.0,0.0,322.704
5760_dose_600_gradient_0_VconcST_0_Vconc_8_run_2.csv,5760.0,600.0,0,8.0,0.0,8.0,2,20.25,0.0,0.0,0.0,0.0,0.0,0.0,10000.0
5760_dose_600_gradient_0_VconcST_0_Vconc_8_run_2.csv,5760.0,600.0,0,8.0,0.0,8.0,2,20.5,0.0,0.0,0.0,0.0,0.0,0.0,1276.5
5760_dose_600_gradient_0_VconcST_0_Vconc_8_run_2.csv,5760.0,600.0,0,8.0,0.0,8.0,2,20.75,0.0,0.0,0.0,0.0,0.0,0.0,5453.58
5760_dose_600_gradient_0_VconcST_0_Vconc_8_run_2.csv,5760.0,600.0,0,8.0,0.0,8.0,2,21.0,0.0,0.0,0.0,0.0,0.0,0.0,5165.54
5760_dose_600_gradient_0_VconcST_0_Vconc_8_run_2.csv,5760.0,600.0,0,8.0,0.0,8.0,2,21.25,0.0,0.0,0.0,0.0,0.0,0.0,1392.15
5760_dose_600_gradient_0_VconcST_0_Vconc_8_run_2.csv,5760.0,600.0,0,8.0,0.0,8.0,2,21.5,0.0,0.0,0.0,0.0,0.0,0.0,9884.35
5760_dose_600_gradient_0_VconcST_0_Vconc_8_run_2.csv,5760.0,600.0,0,8.0,0.0,8.0,2,21.75,0.0,0.0,0.0,0.0,0.0,0.0,915.0
5760_dose_600_gradient_0_VconcST_0_Vconc_8_run_2.csv,5760.0,600.0,0,8.0,0.0,8.0,2,22.0,0.0,0.0,0.0,0.0,0.0,0.0,10000.0
5760_dose_600_gradient_0_VconcST_0_Vconc_8_run_2.csv,5760.0,600.0,0,8.0,0.0,8.0,2,22.25,0.0,0.0,0.0,0.0,0.0,0.0,904.261
5760_dose_600_gradient_0_VconcST_0_Vconc_8_run_2.csv,5760.0,600.0,0,8.0,0.0,8.0,2,22.5,0.0,0.0,0.0,0.0,0.0,0.0,10000.0
5760_dose_600_gradient_0_VconcST_0_Vconc_8_run_2.csv,5760.0,600.0,0,8.0,0.0,8.0,2,22.75,0.0,0.0,0.0,0.0,0.0,0.0,830.182
5760_dose_600_gradient_0_VconcST_0_Vconc_8_run_2.csv,5760.0,600.0,0,8.0,0.0,8.0,2,23.0,0.0,0.0,0.0,0.0,0.0,0.0,10000.0
5760_dose_600_gradient_0_VconcST_0_Vconc_8_run_2.csv,5760.0,600.0,0,8.0,0.0,8.0,2,23.25,0.0,0.0,0.0,0.0,0.0,0.0,708.677
5760_dose_600_gradient_0_VconcST_0_Vconc_8_run_2.csv,5760.0,600.0,0,8.0,0.0,8.0,2,23.5,0.0,0.0,0.0,0.0,0.0,0.0,10000.0
5760_dose_600_gradient_0_VconcST_0_Vconc_8_run_2.csv,5760.0,600.0,0,8.0,0.0,8.0,2,23.75,0.0,0.0,0.0,0.0,0.0,0.0,648.981
5760_dose_600_gradient_0_VconcST_0_Vconc_8_run_2.csv,5760.0,600.0,0,8.0,0.0,8.0,2,24.0,46.7175,600.0,0.018195,46.7175,0.0,0.0,10000.0
5760_dose_600_gradient_0_VconcST_0_Vconc_8_run_2.csv,5760.0,600.0,0,8.0,0.0,8.0,2,24.25,2816.07,588.109,1.09677,2816.07,0.0,0.999928,0.0369674
5760_dose_600_gradient_0_VconcST_0_Vconc_8_run_2.csv,5760.0,600.0,0,8.0,0.0,8.0,2,24.5,5520.02,576.453,2.14988,5520.02,0.0,0.999963,0.600101
5760_dose_600_gradient_0_VconcST_0_Vconc_8_run_2.csv,5760.0,600.0,0,8.0,0.0,8.0,2,24.75,8159.93,565.029,3.17804,8159.93,0.0,0.999975,0.367218
5760_dose_600_gradient_0_VconcST_0_Vconc_8_run_2.csv,5760.0,600.0,0,8.0,0.0,8.0,2,25.0,10737.1,553.83,4.18176,10737.1,0.0,0.999981,0.266837
5760_dose_600_gradient_0_VconcST_0_Vconc_8_run_2.csv,5760.0,600.0,0,8.0,0.0,8.0,2,25.25,13252.8,542.853,5.16155,13252.8,0.0,0.999985,0.21044
5760_dose_600_gradient_0_VconcST_0_Vconc_8_run_2.csv,5760.0,600.0,0,8.0,0.0,8.0,2,25.5,15708.3,532.094,6.11789,15708.3,0.0,0.999987,0.174503
5760_dose_600_gradient_0_VconcST_0_Vconc_8_run_2.csv,5760.0,600.0,0,8.0,0.0,8.0,2,25.75,18104.8,521.549,7.05126,18104.8,0.0,0.999989,0.148508
5760_dose_600_gradient_0_VconcST_0_Vconc_8_run_2.csv,5760.0,600.0,0,8.0,0.0,8.0,2,26.0,20443.6,511.213,7.96213,20443.6,0.0,0.99999,0.130792
5760_dose_600_gradient_0_VconcST_0_Vconc_8_run_2.csv,5760.0,600.0,0,8.0,0.0,8.0,2,26.25,22725.7,501.081,8.85097,22725.7,0.0,0.999991,0.117103
5760_dose_600_gradient_0_VconcST_0_Vconc_8_run_2.csv,5760.0,600.0,0,8.0,0.0,8.0,2,26.5,24952.5,491.15,9.71822,24952.5,0.0,0.999992,0.105645
5760_dose_600_gradient_0_VconcST_0_Vconc_8_run_2.csv,5760.0,600.0,0,8.0,0.0,8.0,2,26.75,27124.9,481.416,10.5643,27124.9,0.0,0.999993,0.0964945
5760_dose_600_gradient_0_VconcST_0_Vconc_8_run_2.csv,5760.0,600.0,0,8.0,0.0,8.0,2,27.0,29244.3,471.875,11.3897,29244.3,0.0,0.999993,0.0890819
5760_dose_600_gradient_0_VconcST_0_Vconc_8_run_2.csv,5760.0,600.0,0,8.0,0.0,8.0,2,27.25,31311.5,462.523,12.1949,31311.5,0.0,0.999994,0.083034
5760_dose_600_gradient_0_VconcST_0_Vconc_8_run_2.csv,5760.0,600.0,0,8.0,0.0,8.0,2,27.5,33327.7,453.356,12.9801,33327.7,0.0,0.999994,0.0776491
5760_dose_600_gradient_0_VconcST_0_Vconc_8_run_2.csv,5760.0,600.0,0,8.0,0.0,8.0,2,27.75,35294.0,444.371,13.7459,35294.0,0.0,0.999994,0.0732367
5760_dose_600_gradient_0_VconcST_0_Vconc_8_run_2.csv,5760.0,600.0,0,8.0,0.0,8.0,2,28.0,37211.3,435.564,14.4926,37211.3,0.0,0.999995,0.0694059
5760_dose_600_gradient_0_VconcST_0_Vconc_8_run_2.csv,5760.0,600.0,0,8.0,0.0,8.0,2,28.25,39080.7,426.932,15.2207,39080.7,0.0,0.999995,0.0663413
5760_dose_600_gradient_0_VconcST_0_Vconc_8_run_2.csv,5760.0,600.0,0,8.0,0.0,8.0,2,28.5,40903.2,418.471,15.9305,40903.2,0.0,0.999995,0.0626096
5760_dose_600_gradient_0_VconcST_0_Vconc_8_run_2.csv,5760.0,600.0,0,8.0,0.0,8.0,2,28.75,42679.7,410.177,16.6224,42679.7,0.0,0.999995,0.0603106
5760_dose_600_gradient_0_VconcST_0_Vconc_8_run_2.csv,5760.0,600.0,0,8.0,0.0,8.0,2,29.0,44411.2,402.048,17.2968,44411.2,0.0,0.999996,0.0581774
5760_dose_600_gradient_0_VconcST_0_Vconc_8_run_2.csv,5760.0,600.0,0,8.0,0.0,8.0,2,29.25,46098.6,394.08,17.954,46098.6,0.0,0.999996,0.0558382
5760_dose_600_gradient_0_VconcST_0_Vconc_8_run_2.csv,5760.0,600.0,0,8.0,0.0,8.0,2,29.5,47742.8,386.27,18.5943,47742.8,0.0,0.999996,0.0535262
5760_dose_600_gradient_0_VconcST_0_Vconc_8_run_2.csv,5760.0,600.0,0,8.0,0.0,8.0,2,29.75,49344.8,378.614,19.2183,49344.8,0.0,0.999996,0.0520275
5760_dose_600_gradient_0_VconcST_0_Vconc_8_run_2.csv,5760.0,600.0,0,8.0,0.0,8.0,2,30.0,50905.4,371.11,19.8261,50905.4,0.0,0.999996,0.0506083
5760_dose_600_gradient_0_VconcST_0_Vconc_8_run_2.csv,5760.0,600.0,0,8.0,0.0,8.0,2,30.25,52425.4,363.755,20.4181,52425.4,0.0,0.999996,0.0491302
5760_dose_600_gradient_0_VconcST_0_Vconc_8_run_2.csv,5760.0,600.0,0,8.0,0.0,8.0,2,30.5,53905.6,356.546,20.9946,53905.6,0.0,0.999996,0.0474953
5760_dose_600_gradient_0_VconcST_0_Vconc_8_run_2.csv,5760.0,600.0,0,8.0,0.0,8.0,2,30.75,55347.0,349.48,21.5559,55347.0,0.0,0.999996,0.0459873
5760_dose_600_gradient_0_VconcST_0_Vconc_8_run_2.csv,5760.0,600.0,0,8.0,0.0,8.0,2,31.0,56750.3,342.554,22.1025,56750.3,0.0,0.999996,0.0452336
5760_dose_600_gradient_0_VconcST_0_Vconc_8_run_2.csv,5760.0,600.0,0,8.0,0.0,8.0,2,31.25,58116.3,335.765,22.6345,58116.3,0.0,0.999997,0.0437256
5760_dose_600_gradient_0_VconcST_0_Vconc_8_run_2.csv,5760.0,600.0,0,8.0,0.0,8.0,2,31.5,59445.8,329.11,23.1523,59445.8,0.0,0.999997,0.0430066
5760_dose_600_gradient_0_VconcST_0_Vconc_8_run_2.csv,5760.0,600.0,0,8.0,0.0,8.0,2,31.75,60739.5,322.588,23.6562,60739.5,0.0,0.999997,0.0422772
5760_dose_600_gradient_0_VconcST_0_Vconc_8_run_2.csv,5760.0,600.0,0,8.0,0.0,8.0,2,32.0,61998.2,316.194,24.1464,61998.2,0.0,0.999997,0.0407288
5760_dose_600_gradient_0_VconcST_0_Vconc_8_run_2.csv,5760.0,600.0,0,8.0,0.0,8.0,2,32.25,63222.6,309.928,24.6233,63222.6,0.0,0.999997,0.0399801
5760_dose_600_gradient_0_VconcST_0_Vconc_8_run_2.csv,5760.0,600.0,0,8.0,0.0,8.0,2,32.5,64413.5,303.785,25.0871,64413.5,0.0,0.999997,0.0392023
5760_dose_600_gradient_0_VconcST_0_Vconc_8_run_2.csv,5760.0,600.0,0,8.0,0.0,8.0,2,32.75,65571.4,297.765,25.538,65571.4,0.0,0.999997,0.0384703
5760_dose_600_gradient_0_VconcST_0_Vconc_8_run_2.csv,5760.0,600.0,0,8.0,0.0,8.0,2,33.0,66697.3,291.863,25.9765,66697.3,0.0,0.999997,0.0393087
5760_dose_600_gradient_0_VconcST_0_Vconc_8_run_2.csv,5760.0,600.0,0,8.0,0.0,8.0,2,33.25,67791.5,286.079,26.4027,67791.5,0.0,0.999997,0.0385392
5760_dose_600_gradient_0_VconcST_0_Vconc_8_run_2.csv,5760.0,600.0,0,8.0,0.0,8.0,2,33.5,68855.0,280.409,26.8169,68855.0,0.0,0.999997,0.0377292
5760_dose_600_gradient_0_VconcST_0_Vconc_8_run_2.csv,5760.0,600.0,0,8.0,0.0,8.0,2,33.75,69888.3,274.852,27.2193,69888.3,0.0,0.999997,0.0369824
5760_dose_600_gradient_0_VconcST_0_Vconc_8_run_2.csv,5760.0,600.0,0,8.0,0.0,8.0,2,34.0,70892.0,269.405,27.6102,70892.0,0.0,0.999997,0.036187
5760_dose_600_gradient_0_VconcST_0_Vconc_8_run_2.csv,5760.0,600.0,0,8.0,0.0,8.0,2,34.25,71866.7,264.066,27.9898,71866.7,0.0,0.999997,0.0362048
5760_dose_600_gradient_0_VconcST_0_Vconc_8_run_2.csv,5760.0,600.0,0,8.0,0.0,8.0,2,34.5,72813.1,258.832,28.3584,72813.1,0.0,0.999997,0.0355128
5760_dose_600_gradient_0_VconcST_0_Vconc_8_run_2.csv,5760.0,600.0,0,8.0,0.0,8.0,2,34.75,73731.7,253.702,28.7162,73731.7,0.0,0.999997,0.0347109
5760_dose_600_gradient_0_VconcST_0_Vconc_8_run_2.csv,5760.0,600.0,0,8.0,0.0,8.0,2,35.0,74623.2,248.674,29.0634,74623.2,0.0,0.999997,0.0346828
5760_dose_600_gradient_0_VconcST_0_Vconc_8_run_2.csv,5760.0,600.0,0,8.0,0.0,8.0,2,35.25,75488.1,243.746,29.4003,75488.1,0.0,0.999997,0.0339849
5760_dose_600_gradient_0_VconcST_0_Vconc_8_run_2.csv,5760.0,600.0,0,8.0,0.0,8.0,2,35.5,76326.9,238.915,29.727,76326.9,0.0,0.999997,0.0339636
5760_dose_600_gradient_0_VconcST_0_Vconc_8_run_2.csv,5760.0,600.0,0,8.0,0.0,8.0,2,35.75,77140.3,234.18,30.0437,77140.3,0.0,0.999997,0.0331947
5760_dose_600_gradient_0_VconcST_0_Vconc_8_run_2.csv,5760.0,600.0,0,8.0,0.0,8.0,2,36.0,77928.7,229.539,30.3508,77928.7,0.0,0.999997,0.0332017
5760_dose_600_gradient_0_VconcST_0_Vconc_8_run_2.csv,5760.0,600.0,0,8.0,0.0,8.0,2,36.25,78692.7,224.99,30.6484,78692.7,0.0,0.999997,0.0332716
5760_dose_600_gradient_0_VconcST_0_Vconc_8_run_2.csv,5760.0,600.0,0,8.0,0.0,8.0,2,36.5,79432.9,220.531,30.9366,79432.9,0.0,0.999997,0.0324893
5760_dose_600_gradient_0_VconcST_0_Vconc_8_run_2.csv,5760.0,600.0,0,8.0,0.0,8.0,2,36.75,80149.6,216.16,31.2158,80149.6,0.0,0.999997,0.0324858
5760_dose_600_gradient_0_VconcST_0_Vconc_8_run_2.csv,5760.0,600.0,0,8.0,0.0,8.0,2,37.0,80843.5,211.876,31.486,80843.5,0.0,0.999997,0.0316637
5760_dose_600_gradient_0_VconcST_0_Vconc_8_run_2.csv,5760.0,600.0,0,8.0,0.0,8.0,2,37.25,81514.9,207.677,31.7475,81514.9,0.0,0.999997,0.0317016
5760_dose_600_gradient_0_VconcST_0_Vconc_8_run_2.csv,5760.0,600.0,0,8.0,0.0,8.0,2,37.5,82164.5,203.561,32.0005,82164.5,0.0,0.999998,0.0316638
5760_dose_600_gradient_0_VconcST_0_Vconc_8_run_2.csv,5760.0,600.0,0,8.0,0.0,8.0,2,37.75,82792.5,199.527,32.2451,82792.5,0.0,0.999998,0.0309097
5760_dose_600_gradient_0_VconcST_0_Vconc_8_run_2.csv,5760.0,600.0,0,8.0,0.0,8.0,2,38.0,83399.6,195.572,32.4815,83399.6,0.0,0.999998,0.0310259
5760_dose_600_gradient_0_VconcST_0_Vconc_8_run_2.csv,5760.0,600.0,0,8.0,0.0,8.0,2,38.25,83986.0,191.696,32.71,83986.0,0.0,0.999998,0.0309097
5760_dose_600_gradient_0_VconcST_0_Vconc_8_run_2.csv,5760.0,600.0,0,8.0,0.0,8.0,2,38.5,84552.4,187.897,32.9306,84552.4,0.0,0.999998,0.0302035
5760_dose_600_gradient_0_VconcST_0_Vconc_8_run_2.csv,5760.0,600.0,0,8.0,0.0,8.0,2,38.75,85099.1,184.173,33.1435,85099.1,0.0,0.999998,0.0302279
5760_dose_600_gradient_0_VconcST_0_Vconc_8_run_2.csv,5760.0,600.0,0,8.0,0.0,8.0,2,39.0,85626.6,180.523,33.3489,85626.6,0.0,0.999998,0.0302173
5760_dose_600_gradient_0_VconcST_0_Vconc_8_run_2.csv,5760.0,600.0,0,8.0,0.0,8.0,2,39.25,86135.1,176.945,33.547,86135.1,0.0,0.999998,0.0302173
5760_dose_600_gradient_0_VconcST_0_Vconc_8_run_2.csv,5760.0,600.0,0,8.0,0.0,8.0,2,39.5,86625.3,173.438,33.7379,86625.3,0.0,0.999998,0.0294796
5760_dose_600_gradient_0_VconcST_0_Vconc_8_run_2.csv,5760.0,600.0,0,8.0,0.0,8.0,2,39.75,87097.4,170.001,33.9217,87097.4,0.0,0.999998,0.0294021
5760_dose_600_gradient_0_VconcST_0_Vconc_8_run_2.csv,5760.0,600.0,0,8.0,0.0,8.0,2,40.0,87551.8,166.632,34.0987,87551.8,0.0,0.999998,0.0294196
5760_dose_600_gradient_0_VconcST_0_Vconc_8_run_2.csv,5760.0,600.0,0,8.0,0.0,8.0,2,40.25,87989.0,163.329,34.269,87989.0,0.0,0.999998,0.0294227
5760_dose_600_gradient_0_VconcST_0_Vconc_8_run_2.csv,5760.0,600.0,0,8.0,0.0,8.0,2,40.5,88409.3,160.092,34.4327,88409.3,0.0,0.999998,0.0294672
5760_dose_600_gradient_0_VconcST_0_Vconc_8_run_2.csv,5760.0,600.0,0,8.0,0.0,8.0,2,40.75,88813.0,156.919,34.5899,88813.0,0.0,0.999998,0.0286651
5760_dose_600_gradient_0_VconcST_0_Vconc_8_run_2.csv,5760.0,600.0,0,8.0,0.0,8.0,2,41.0,89200.5,153.809,34.7408,89200.5,0.0,0.999998,0.028648
5760_dose_600_gradient_0_VconcST_0_Vconc_8_run_2.csv,5760.0,600.0,0,8.0,0.0,8.0,2,41.25,89572.2,150.761,34.8856,89572.2,0.0,0.999998,0.0287537
5760_dose_600_gradient_0_VconcST_0_Vconc_8_run_2.csv,5760.0,600.0,0,8.0,0.0,8.0,2,41.5,89928.5,147.773,35.0244,89928.5,0.0,0.999998,0.0286943
5760_dose_600_gradient_0_VconcST_0_Vconc_6.4_run_1.csv,5760.0,600.0,0,6.4,0.0,6.4,1,0.0,0.0,0.0,0.0,0.0,0.0,0.0,0.0
5760_dose_600_gradient_0_VconcST_0_Vconc_6.4_run_1.csv,5760.0,600.0,0,6.4,0.0,6.4,1,0.25,0.0,0.0,0.0,0.0,0.0,0.0,10000.0
5760_dose_600_gradient_0_VconcST_0_Vconc_6.4_run_1.csv,5760.0,600.0,0,6.4,0.0,6.4,1,0.5,0.0,0.0,0.0,0.0,0.0,0.0,323.459
5760_dose_600_gradient_0_VconcST_0_Vconc_6.4_run_1.csv,5760.0,600.0,0,6.4,0.0,6.4,1,0.75,0.0,0.0,0.0,0.0,0.0,0.0,10000.0
5760_dose_600_gradient_0_VconcST_0_Vconc_6.4_run_1.csv,5760.0,600.0,0,6.4,0.0,6.4,1,1.0,0.0,0.0,0.0,0.0,0.0,0.0,308.975
5760_dose_600_gradient_0_VconcST_0_Vconc_6.4_run_1.csv,5760.0,600.0,0,6.4,0.0,6.4,1,1.25,0.0,0.0,0.0,0.0,0.0,0.0,10000.0
5760_dose_600_gradient_0_VconcST_0_Vconc_6.4_run_1.csv,5760.0,600.0,0,6.4,0.0,6.4,1,1.5,0.0,0.0,0.0,0.0,0.0,0.0,293.055
5760_dose_600_gradient_0_VconcST_0_Vconc_6.4_run_1.csv,5760.0,600.0,0,6.4,0.0,6.4,1,1.75,0.0,0.0,0.0,0.0,0.0,0.0,10000.0
5760_dose_600_gradient_0_VconcST_0_Vconc_6.4_run_1.csv,5760.0,600.0,0,6.4,0.0,6.4,1,2.0,0.0,0.0,0.0,0.0,0.0,0.0,290.776
5760_dose_600_gradient_0_VconcST_0_Vconc_6.4_run_1.csv,5760.0,600.0,0,6.4,0.0,6.4,1,2.25,0.0,0.0,0.0,0.0,0.0,0.0,10000.0
5760_dose_600_gradient_0_VconcST_0_Vconc_6.4_run_1.csv,5760.0,600.0,0,6.4,0.0,6.4,1,2.5,0.0,0.0,0.0,0.0,0.0,0.0,261.493
5760_dose_600_gradient_0_VconcST_0_Vconc_6.4_run_1.csv,5760.0,600.0,0,6.4,0.0,6.4,1,2.75,0.0,0.0,0.0,0.0,0.0,0.0,10000.0
5760_dose_600_gradient_0_VconcST_0_Vconc_6.4_run_1.csv,5760.0,600.0,0,6.4,0.0,6.4,1,3.0,0.0,0.0,0.0,0.0,0.0,0.0,256.765
5760_dose_600_gradient_0_VconcST_0_Vconc_6.4_run_1.csv,5760.0,600.0,0,6.4,0.0,6.4,1,3.25,0.0,0.0,0.0,0.0,0.0,0.0,10000.0
5760_dose_600_gradient_0_VconcST_0_Vconc_6.4_run_1.csv,5760.0,600.0,0,6.4,0.0,6.4,1,3.5,0.0,0.0,0.0,0.0,0.0,0.0,261.199
5760_dose_600_gradient_0_VconcST_0_Vconc_6.4_run_1.csv,5760.0,600.0,0,6.4,0.0,6.4,1,3.75,0.0,0.0,0.0,0.0,0.0,0.0,10000.0
5760_dose_600_gradient_0_VconcST_0_Vconc_6.4_run_1.csv,5760.0,600.0,0,6.4,0.0,6.4,1,4.0,0.0,0.0,0.0,0.0,0.0,0.0,261.114
5760_dose_600_gradient_0_VconcST_0_Vconc_6.4_run_1.csv,5760.0,600.0,0,6.4,0.0,6.4,1,4.25,0.0,0.0,0.0,0.0,0.0,0.0,5382.68
5760_dose_600_gradient_0_VconcST_0_Vconc_6.4_run_1.csv,5760.0,600.0,0,6.4,0.0,6.4,1,4.5,0.0,0.0,0.0,0.0,0.0,0.0,8337.33
5760_dose_600_gradient_0_VconcST_0_Vconc_6.4_run_1.csv,5760.0,600.0,0,6.4,0.0,6.4,1,4.75,0.0,0.0,0.0,0.0,0.0,0.0,770.577
5760_dose_600_gradient_0_VconcST_0_Vconc_6.4_run_1.csv,5760.0,600.0,0,6.4,0.0,6.4,1,5.0,0.0,0.0,0.0,0.0,0.0,0.0,10000.0
5760_dose_600_gradient_0_VconcST_0_Vconc_6.4_run_1.csv,5760.0,600.0,0,6.4,0.0,6.4,1,5.25,0.0,0.0,0.0,0.0,0.0,0.0,773.025
5760_dose_600_gradient_0_VconcST_0_Vconc_6.4_run_1.csv,5760.0,600.0,0,6.4,0.0,6.4,1,5.5,0.0,0.0,0.0,0.0,0.0,0.0,10000.0
5760_dose_600_gradient_0_VconcST_0_Vconc_6.4_run_1.csv,5760.0,600.0,0,6.4,0.0,6.4,1,5.75,0.0,0.0,0.0,0.0,0.0,0.0,768.437
5760_dose_600_gradient_0_VconcST_0_Vconc_6.4_run_1.csv,5760.0,600.0,0,6.4,0.0,6.4,1,6.0,0.0,0.0,0.0,0.0,0.0,0.0,10000.0
5760_dose_600_gradient_0_VconcST_0_Vconc_6.4_run_1.csv,5760.0,600.0,0,6.4,0.0,6.4,1,6.25,0.0,0.0,0.0,0.0,0.0,0.0,723.991
5760_dose_600_gradient_0_VconcST_0_Vconc_6.4_run_1.csv,5760.0,600.0,0,6.4,0.0,6.4,1,6.5,0.0,0.0,0.0,0.0,0.0,0.0,10000.0
5760_dose_600_gradient_0_VconcST_0_Vconc_6.4_run_1.csv,5760.0,600.0,0,6.4,0.0,6.4,1,6.75,0.0,0.0,0.0,0.0,0.0,0.0,545.717
5760_dose_600_gradient_0_VconcST_0_Vconc_6.4_run_1.csv,5760.0,600.0,0,6.4,0.0,6.4,1,7.0,0.0,0.0,0.0,0.0,0.0,0.0,10000.0
5760_dose_600_gradient_0_VconcST_0_Vconc_6.4_run_1.csv,5760.0,600.0,0,6.4,0.0,6.4,1,7.25,0.0,0.0,0.0,0.0,0.0,0.0,427.029
5760_dose_600_gradient_0_VconcST_0_Vconc_6.4_run_1.csv,5760.0,600.0,0,6.4,0.0,6.4,1,7.5,0.0,0.0,0.0,0.0,0.0,0.0,10000.0
5760_dose_600_gradient_0_VconcST_0_Vconc_6.4_run_1.csv,5760.0,600.0,0,6.4,0.0,6.4,1,7.75,0.0,0.0,0.0,0.0,0.0,0.0,392.439
5760_dose_600_gradient_0_VconcST_0_Vconc_6.4_run_1.csv,5760.0,600.0,0,6.4,0.0,6.4,1,8.0,0.0,0.0,0.0,0.0,0.0,0.0,10000.0
5760_dose_600_gradient_0_VconcST_0_Vconc_6.4_run_1.csv,5760.0,600.0,0,6.4,0.0,6.4,1,8.25,0.0,0.0,0.0,0.0,0.0,0.0,380.628
5760_dose_600_gradient_0_VconcST_0_Vconc_6.4_run_1.csv,5760.0,600.0,0,6.4,0.0,6.4,1,8.5,0.0,0.0,0.0,0.0,0.0,0.0,10000.0
5760_dose_600_gradient_0_VconcST_0_Vconc_6.4_run_1.csv,5760.0,600.0,0,6.4,0.0,6.4,1,8.75,0.0,0.0,0.0,0.0,0.0,0.0,286.482
5760_dose_600_gradient_0_VconcST_0_Vconc_6.4_run_1.csv,5760.0,600.0,0,6.4,0.0,6.4,1,9.0,0.0,0.0,0.0,0.0,0.0,0.0,10000.0
5760_dose_600_gradient_0_VconcST_0_Vconc_6.4_run_1.csv,5760.0,600.0,0,6.4,0.0,6.4,1,9.25,0.0,0.0,0.0,0.0,0.0,0.0,281.893
5760_dose_600_gradient_0_VconcST_0_Vconc_6.4_run_1.csv,5760.0,600.0,0,6.4,0.0,6.4,1,9.5,0.0,0.0,0.0,0.0,0.0,0.0,10000.0
5760_dose_600_gradient_0_VconcST_0_Vconc_6.4_run_1.csv,5760.0,600.0,0,6.4,0.0,6.4,1,9.75,0.0,0.0,0.0,0.0,0.0,0.0,283.577
5760_dose_600_gradient_0_VconcST_0_Vconc_6.4_run_1.csv,5760.0,600.0,0,6.4,0.0,6.4,1,10.0,0.0,0.0,0.0,0.0,0.0,0.0,10000.0
5760_dose_600_gradient_0_VconcST_0_Vconc_6.4_run_1.csv,5760.0,600.0,0,6.4,0.0,6.4,1,10.25,0.0,0.0,0.0,0.0,0.0,0.0,262.281
5760_dose_600_gradient_0_VconcST_0_Vconc_6.4_run_1.csv,5760.0,600.0,0,6.4,0.0,6.4,1,10.5,0.0,0.0,0.0,0.0,0.0,0.0,10000.0
5760_dose_600_gradient_0_VconcST_0_Vconc_6.4_run_1.csv,5760.0,600.0,0,6.4,0.0,6.4,1,10.75,0.0,0.0,0.0,0.0,0.0,0.0,252.895
5760_dose_600_gradient_0_VconcST_0_Vconc_6.4_run_1.csv,5760.0,600.0,0,6.4,0.0,6.4,1,11.0,0.0,0.0,0.0,0.0,0.0,0.0,10000.0
5760_dose_600_gradient_0_VconcST_0_Vconc_6.4_run_1.csv,5760.0,600.0,0,6.4,0.0,6.4,1,11.25,0.0,0.0,0.0,0.0,0.0,0.0,260.597
5760_dose_600_gradient_0_VconcST_0_Vconc_6.4_run_1.csv,5760.0,600.0,0,6.4,0.0,6.4,1,11.5,0.0,0.0,0.0,0.0,0.0,0.0,10000.0
5760_dose_600_gradient_0_VconcST_0_Vconc_6.4_run_1.csv,5760.0,600.0,0,6.4,0.0,6.4,1,11.75,0.0,0.0,0.0,0.0,0.0,0.0,262.149
5760_dose_600_gradient_0_VconcST_0_Vconc_6.4_run_1.csv,5760.0,600.0,0,6.4,0.0,6.4,1,12.0,0.0,0.0,0.0,0.0,0.0,0.0,5884.09
5760_dose_600_gradient_0_VconcST_0_Vconc_6.4_run_1.csv,5760.0,600.0,0,6.4,0.0,6.4,1,12.25,0.0,0.0,0.0,0.0,0.0,0.0,8165.72
5760_dose_600_gradient_0_VconcST_0_Vconc_6.4_run_1.csv,5760.0,600.0,0,6.4,0.0,6.4,1,12.5,0.0,0.0,0.0,0.0,0.0,0.0,765.78
5760_dose_600_gradient_0_VconcST_0_Vconc_6.4_run_1.csv,5760.0,600.0,0,6.4,0.0,6.4,1,12.75,0.0,0.0,0.0,0.0,0.0,0.0,10000.0
5760_dose_600_gradient_0_VconcST_0_Vconc_6.4_run_1.csv,5760.0,600.0,0,6.4,0.0,6.4,1,13.0,0.0,0.0,0.0,0.0,0.0,0.0,759.94
5760_dose_600_gradient_0_VconcST_0_Vconc_6.4_run_1.csv,5760.0,600.0,0,6.4,0.0,6.4,1,13.25,0.0,0.0,0.0,0.0,0.0,0.0,10000.0
5760_dose_600_gradient_0_VconcST_0_Vconc_6.4_run_1.csv,5760.0,600.0,0,6.4,0.0,6.4,1,13.5,0.0,0.0,0.0,0.0,0.0,0.0,771.681
5760_dose_600_gradient_0_VconcST_0_Vconc_6.4_run_1.csv,5760.0,600.0,0,6.4,0.0,6.4,1,13.75,0.0,0.0,0.0,0.0,0.0,0.0,10000.0
5760_dose_600_gradient_0_VconcST_0_Vconc_6.4_run_1.csv,5760.0,600.0,0,6.4,0.0,6.4,1,14.0,0.0,0.0,0.0,0.0,0.0,0.0,747.195
5760_dose_600_gradient_0_VconcST_0_Vconc_6.4_run_1.csv,5760.0,600.0,0,6.4,0.0,6.4,1,14.25,0.0,0.0,0.0,0.0,0.0,0.0,10000.0
5760_dose_600_gradient_0_VconcST_0_Vconc_6.4_run_1.csv,5760.0,600.0,0,6.4,0.0,6.4,1,14.5,0.0,0.0,0.0,0.0,0.0,0.0,559.25
5760_dose_600_gradient_0_VconcST_0_Vconc_6.4_run_1.csv,5760.0,600.0,0,6.4,0.0,6.4,1,14.75,0.0,0.0,0.0,0.0,0.0,0.0,10000.0
5760_dose_600_gradient_0_VconcST_0_Vconc_6.4_run_1.csv,5760.0,600.0,0,6.4,0.0,6.4,1,15.0,0.0,0.0,0.0,0.0,0.0,0.0,379.848
5760_dose_600_gradient_0_VconcST_0_Vconc_6.4_run_1.csv,5760.0,600.0,0,6.4,0.0,6.4,1,15.25,0.0,0.0,0.0,0.0,0.0,0.0,10000.0
5760_dose_600_gradient_0_VconcST_0_Vconc_6.4_run_1.csv,5760.0,600.0,0,6.4,0.0,6.4,1,15.5,0.0,0.0,0.0,0.0,0.0,0.0,384.12
5760_dose_600_gradient_0_VconcST_0_Vconc_6.4_run_1.csv,5760.0,600.0,0,6.4,0.0,6.4,1,15.75,0.0,0.0,0.0,0.0,0.0,0.0,10000.0
5760_dose_600_gradient_0_VconcST_0_Vconc_6.4_run_1.csv,5760.0,600.0,0,6.4,0.0,6.4,1,16.0,0.0,0.0,0.0,0.0,0.0,0.0,392.825
5760_dose_600_gradient_0_VconcST_0_Vconc_6.4_run_1.csv,5760.0,600.0,0,6.4,0.0,6.4,1,16.25,0.0,0.0,0.0,0.0,0.0,0.0,10000.0
5760_dose_600_gradient_0_VconcST_0_Vconc_6.4_run_1.csv,5760.0,600.0,0,6.4,0.0,6.4,1,16.5,0.0,0.0,0.0,0.0,0.0,0.0,316.144
5760_dose_600_gradient_0_VconcST_0_Vconc_6.4_run_1.csv,5760.0,600.0,0,6.4,0.0,6.4,1,16.75,0.0,0.0,0.0,0.0,0.0,0.0,10000.0
5760_dose_600_gradient_0_VconcST_0_Vconc_6.4_run_1.csv,5760.0,600.0,0,6.4,0.0,6.4,1,17.0,0.0,0.0,0.0,0.0,0.0,0.0,270.152
5760_dose_600_gradient_0_VconcST_0_Vconc_6.4_run_1.csv,5760.0,600.0,0,6.4,0.0,6.4,1,17.25,0.0,0.0,0.0,0.0,0.0,0.0,10000.0
5760_dose_600_gradient_0_VconcST_0_Vconc_6.4_run_1.csv,5760.0,600.0,0,6.4,0.0,6.4,1,17.5,0.0,0.0,0.0,0.0,0.000130208,0.0,280.634
5760_dose_600_gradient_0_VconcST_0_Vconc_6.4_run_1.csv,5760.0,600.0,0,6.4,0.0,6.4,1,17.75,0.0,0.0,0.0,0.0,0.0,0.0,10000.0
5760_dose_600_gradient_0_VconcST_0_Vconc_6.4_run_1.csv,5760.0,600.0,0,6.4,0.0,6.4,1,18.0,0.0,0.0,0.0,0.0,0.0,0.0,277.93
5760_dose_600_gradient_0_VconcST_0_Vconc_6.4_run_1.csv,5760.0,600.0,0,6.4,0.0,6.4,1,18.25,0.0,0.0,0.0,0.0,0.0,0.0,10000.0
5760_dose_600_gradient_0_VconcST_0_Vconc_6.4_run_1.csv,5760.0,600.0,0,6.4,0.0,6.4,1,18.5,0.0,0.0,0.0,0.0,0.0,0.0,265.648
5760_dose_600_gradient_0_VconcST_0_Vconc_6.4_run_1.csv,5760.0,600.0,0,6.4,0.0,6.4,1,18.75,0.0,0.0,0.0,0.0,0.0,0.0,10000.0
5760_dose_600_gradient_0_VconcST_0_Vconc_6.4_run_1.csv,5760.0,600.0,0,6.4,0.0,6.4,1,19.0,0.0,0.0,0.0,0.0,0.0,0.0,259.144
5760_dose_600_gradient_0_VconcST_0_Vconc_6.4_run_1.csv,5760.0,600.0,0,6.4,0.0,6.4,1,19.25,0.0,0.0,0.0,0.0,0.0,0.0,10000.0
5760_dose_600_gradient_0_VconcST_0_Vconc_6.4_run_1.csv,5760.0,600.0,0,6.4,0.0,6.4,1,19.5,0.0,0.0,0.0,0.0,0.0,0.0,256.711
5760_dose_600_gradient_0_VconcST_0_Vconc_6.4_run_1.csv,5760.0,600.0,0,6.4,0.0,6.4,1,19.75,0.0,0.0,0.0,0.0,0.0,0.0,5389.68
5760_dose_600_gradient_0_VconcST_0_Vconc_6.4_run_1.csv,5760.0,600.0,0,6.4,0.0,6.4,1,20.0,0.0,0.0,0.0,0.0,0.0,0.0,5910.74
5760_dose_600_gradient_0_VconcST_0_Vconc_6.4_run_1.csv,5760.0,600.0,0,6.4,0.0,6.4,1,20.25,0.0,0.0,0.0,0.0,0.0,0.0,776.154
5760_dose_600_gradient_0_VconcST_0_Vconc_6.4_run_1.csv,5760.0,600.0,0,6.4,0.0,6.4,1,20.5,0.0,0.0,0.0,0.0,0.0,0.0,9983.13
5760_dose_600_gradient_0_VconcST_0_Vconc_6.4_run_1.csv,5760.0,600.0,0,6.4,0.0,6.4,1,20.75,0.0,0.0,0.0,0.0,0.0,0.0,765.17
5760_dose_600_gradient_0_VconcST_0_Vconc_6.4_run_1.csv,5760.0,600.0,0,6.4,0.0,6.4,1,21.0,0.0,0.0,0.0,0.0,0.0,0.0,10000.0
5760_dose_600_gradient_0_VconcST_0_Vconc_6.4_run_1.csv,5760.0,600.0,0,6.4,0.0,6.4,1,21.25,0.0,0.0,0.0,0.0,0.0,0.0,775.567
5760_dose_600_gradient_0_VconcST_0_Vconc_6.4_run_1.csv,5760.0,600.0,0,6.4,0.0,6.4,1,21.5,0.0,0.0,0.0,0.0,0.0,0.0,10000.0
5760_dose_600_gradient_0_VconcST_0_Vconc_6.4_run_1.csv,5760.0,600.0,0,6.4,0.0,6.4,1,21.75,0.0,0.0,0.0,0.0,0.0,0.0,736.211
5760_dose_600_gradient_0_VconcST_0_Vconc_6.4_run_1.csv,5760.0,600.0,0,6.4,0.0,6.4,1,22.0,0.0,0.0,0.0,0.0,0.0,0.0,10000.0
5760_dose_600_gradient_0_VconcST_0_Vconc_6.4_run_1.csv,5760.0,600.0,0,6.4,0.0,6.4,1,22.25,0.0,0.0,0.0,0.0,0.0,0.0,508.384
5760_dose_600_gradient_0_VconcST_0_Vconc_6.4_run_1.csv,5760.0,600.0,0,6.4,0.0,6.4,1,22.5,0.0,0.0,0.0,0.0,0.0,0.0,10000.0
5760_dose_600_gradient_0_VconcST_0_Vconc_6.4_run_1.csv,5760.0,600.0,0,6.4,0.0,6.4,1,22.75,0.0,0.0,0.0,0.0,0.0,0.0,451.493
5760_dose_600_gradient_0_VconcST_0_Vconc_6.4_run_1.csv,5760.0,600.0,0,6.4,0.0,6.4,1,23.0,0.0,0.0,0.0,0.0,0.0,0.0,10000.0
5760_dose_600_gradient_0_VconcST_0_Vconc_6.4_run_1.csv,5760.0,600.0,0,6.4,0.0,6.4,1,23.25,0.0,0.0,0.0,0.0,0.0,0.0,372.935
5760_dose_600_gradient_0_VconcST_0_Vconc_6.4_run_1.csv,5760.0,600.0,0,6.4,0.0,6.4,1,23.5,0.0,0.0,0.0,0.0,0.00211589,0.0,10000.0
5760_dose_600_gradient_0_VconcST_0_Vconc_6.4_run_1.csv,5760.0,600.0,0,6.4,0.0,6.4,1,23.75,0.0,0.0,0.0,0.0,0.0,0.0,330.094
5760_dose_600_gradient_0_VconcST_0_Vconc_6.4_run_1.csv,5760.0,600.0,0,6.4,0.0,6.4,1,24.0,46.7175,600.0,0.018195,46.7175,0.0,0.0,10000.0
5760_dose_600_gradient_0_VconcST_0_Vconc_6.4_run_1.csv,5760.0,600.0,0,6.4,0.0,6.4,1,24.25,2816.07,588.109,1.09677,2816.07,0.0,0.999928,0.0296039
5760_dose_600_gradient_0_VconcST_0_Vconc_6.4_run_1.csv,5760.0,600.0,0,6.4,0.0,6.4,1,24.5,5520.02,576.453,2.14988,5520.02,0.0,0.999963,0.480553
5760_dose_600_gradient_0_VconcST_0_Vconc_6.4_run_1.csv,5760.0,600.0,0,6.4,0.0,6.4,1,24.75,8159.93,565.029,3.17804,8159.93,0.0,0.999975,0.293831
5760_dose_600_gradient_0_VconcST_0_Vconc_6.4_run_1.csv,5760.0,600.0,0,6.4,0.0,6.4,1,25.0,10737.1,553.83,4.18176,10737.1,0.0,0.999981,0.213694
5760_dose_600_gradient_0_VconcST_0_Vconc_6.4_run_1.csv,5760.0,600.0,0,6.4,0.0,6.4,1,25.25,13252.8,542.853,5.16155,13252.8,0.0,0.999985,0.168722
5760_dose_600_gradient_0_VconcST_0_Vconc_6.4_run_1.csv,5760.0,600.0,0,6.4,0.0,6.4,1,25.5,15708.3,532.094,6.11789,15708.3,0.0,0.999987,0.139311
5760_dose_600_gradient_0_VconcST_0_Vconc_6.4_run_1.csv,5760.0,600.0,0,6.4,0.0,6.4,1,25.75,18104.8,521.549,7.05126,18104.8,0.0,0.999989,0.118999
5760_dose_600_gradient_0_VconcST_0_Vconc_6.4_run_1.csv,5760.0,600.0,0,6.4,0.0,6.4,1,26.0,20443.6,511.213,7.96213,20443.6,0.0,0.99999,0.104459
5760_dose_600_gradient_0_VconcST_0_Vconc_6.4_run_1.csv,5760.0,600.0,0,6.4,0.0,6.4,1,26.25,22725.7,501.081,8.85097,22725.7,0.0,0.999991,0.0934797
5760_dose_600_gradient_0_VconcST_0_Vconc_6.4_run_1.csv,5760.0,600.0,0,6.4,0.0,6.4,1,26.5,24952.5,491.15,9.71822,24952.5,0.0,0.999992,0.0844338
5760_dose_600_gradient_0_VconcST_0_Vconc_6.4_run_1.csv,5760.0,600.0,0,6.4,0.0,6.4,1,26.75,27124.9,481.416,10.5643,27124.9,0.0,0.999993,0.0773056
5760_dose_600_gradient_0_VconcST_0_Vconc_6.4_run_1.csv,5760.0,600.0,0,6.4,0.0,6.4,1,27.0,29244.3,471.875,11.3897,29244.3,0.0,0.999993,0.0712739
5760_dose_600_gradient_0_VconcST_0_Vconc_6.4_run_1.csv,5760.0,600.0,0,6.4,0.0,6.4,1,27.25,31311.5,462.523,12.1949,31311.5,0.0,0.999994,0.0663878
5760_dose_600_gradient_0_VconcST_0_Vconc_6.4_run_1.csv,5760.0,600.0,0,6.4,0.0,6.4,1,27.5,33327.7,453.356,12.9801,33327.7,0.0,0.999994,0.0621198
5760_dose_600_gradient_0_VconcST_0_Vconc_6.4_run_1.csv,5760.0,600.0,0,6.4,0.0,6.4,1,27.75,35294.0,444.371,13.7459,35294.0,0.0,0.999994,0.0585014
5760_dose_600_gradient_0_VconcST_0_Vconc_6.4_run_1.csv,5760.0,600.0,0,6.4,0.0,6.4,1,28.0,37211.3,435.564,14.4926,37211.3,0.0,0.999995,0.0554858
5760_dose_600_gradient_0_VconcST_0_Vconc_6.4_run_1.csv,5760.0,600.0,0,6.4,0.0,6.4,1,28.25,39080.7,426.932,15.2207,39080.7,0.0,0.999995,0.0531594
5760_dose_600_gradient_0_VconcST_0_Vconc_6.4_run_1.csv,5760.0,600.0,0,6.4,0.0,6.4,1,28.5,40903.2,418.471,15.9305,40903.2,0.0,0.999995,0.0500582
5760_dose_600_gradient_0_VconcST_0_Vconc_6.4_run_1.csv,5760.0,600.0,0,6.4,0.0,6.4,1,28.75,42679.7,410.177,16.6224,42679.7,0.0,0.999995,0.0482778
5760_dose_600_gradient_0_VconcST_0_Vconc_6.4_run_1.csv,5760.0,600.0,0,6.4,0.0,6.4,1,29.0,44411.2,402.048,17.2968,44411.2,0.0,0.999996,0.0464395
5760_dose_600_gradient_0_VconcST_0_Vconc_6.4_run_1.csv,5760.0,600.0,0,6.4,0.0,6.4,1,29.25,46098.6,394.08,17.954,46098.6,0.0,0.999996,0.0448073
5760_dose_600_gradient_0_VconcST_0_Vconc_6.4_run_1.csv,5760.0,600.0,0,6.4,0.0,6.4,1,29.5,47742.8,386.27,18.5943,47742.8,0.0,0.999996,0.042878
5760_dose_600_gradient_0_VconcST_0_Vconc_6.4_run_1.csv,5760.0,600.0,0,6.4,0.0,6.4,1,29.75,49344.8,378.614,19.2183,49344.8,0.0,0.999996,0.0416776
5760_dose_600_gradient_0_VconcST_0_Vconc_6.4_run_1.csv,5760.0,600.0,0,6.4,0.0,6.4,1,30.0,50905.4,371.11,19.8261,50905.4,0.0,0.999996,0.0404582
5760_dose_600_gradient_0_VconcST_0_Vconc_6.4_run_1.csv,5760.0,600.0,0,6.4,0.0,6.4,1,30.25,52425.4,363.755,20.4181,52425.4,0.0,0.999996,0.0392504
5760_dose_600_gradient_0_VconcST_0_Vconc_6.4_run_1.csv,5760.0,600.0,0,6.4,0.0,6.4,1,30.5,53905.6,356.546,20.9946,53905.6,0.0,0.999996,0.0380335
5760_dose_600_gradient_0_VconcST_0_Vconc_6.4_run_1.csv,5760.0,600.0,0,6.4,0.0,6.4,1,30.75,55347.0,349.48,21.5559,55347.0,0.0,0.999996,0.0368573
5760_dose_600_gradient_0_VconcST_0_Vconc_6.4_run_1.csv,5760.0,600.0,0,6.4,0.0,6.4,1,31.0,56750.3,342.554,22.1025,56750.3,0.0,0.999996,0.0362302
5760_dose_600_gradient_0_VconcST_0_Vconc_6.4_run_1.csv,5760.0,600.0,0,6.4,0.0,6.4,1,31.25,58116.3,335.765,22.6345,58116.3,0.0,0.999997,0.0350297
5760_dose_600_gradient_0_VconcST_0_Vconc_6.4_run_1.csv,5760.0,600.0,0,6.4,0.0,6.4,1,31.5,59445.8,329.11,23.1523,59445.8,0.0,0.999997,0.0344295
5760_dose_600_gradient_0_VconcST_0_Vconc_6.4_run_1.csv,5760.0,600.0,0,6.4,0.0,6.4,1,31.75,60739.5,322.588,23.6562,60739.5,0.0,0.999997,0.0338123
5760_dose_600_gradient_0_VconcST_0_Vconc_6.4_run_1.csv,5760.0,600.0,0,6.4,0.0,6.4,1,32.0,61998.2,316.194,24.1464,61998.2,0.0,0.999997,0.0325979
5760_dose_600_gradient_0_VconcST_0_Vconc_6.4_run_1.csv,5760.0,600.0,0,6.4,0.0,6.4,1,32.25,63222.6,309.928,24.6233,63222.6,0.0,0.999997,0.031965
5760_dose_600_gradient_0_VconcST_0_Vconc_6.4_run_1.csv,5760.0,600.0,0,6.4,0.0,6.4,1,32.5,64413.5,303.785,25.0871,64413.5,0.0,0.999997,0.0314393
5760_dose_600_gradient_0_VconcST_0_Vconc_6.4_run_1.csv,5760.0,600.0,0,6.4,0.0,6.4,1,32.75,65571.4,297.765,25.538,65571.4,0.0,0.999997,0.0307966
5760_dose_600_gradient_0_VconcST_0_Vconc_6.4_run_1.csv,5760.0,600.0,0,6.4,0.0,6.4,1,33.0,66697.3,291.863,25.9765,66697.3,0.0,0.999997,0.0315087
5760_dose_600_gradient_0_VconcST_0_Vconc_6.4_run_1.csv,5760.0,600.0,0,6.4,0.0,6.4,1,33.25,67791.5,286.079,26.4027,67791.5,0.0,0.999997,0.0308203
5760_dose_600_gradient_0_VconcST_0_Vconc_6.4_run_1.csv,5760.0,600.0,0,6.4,0.0,6.4,1,33.5,68855.0,280.409,26.8169,68855.0,0.0,0.999997,0.0301558
5760_dose_600_gradient_0_VconcST_0_Vconc_6.4_run_1.csv,5760.0,600.0,0,6.4,0.0,6.4,1,33.75,69888.3,274.852,27.2193,69888.3,0.0,0.999997,0.0295526
5760_dose_600_gradient_0_VconcST_0_Vconc_6.4_run_1.csv,5760.0,600.0,0,6.4,0.0,6.4,1,34.0,70892.0,269.405,27.6102,70892.0,0.0,0.999997,0.0290189
5760_dose_600_gradient_0_VconcST_0_Vconc_6.4_run_1.csv,5760.0,600.0,0,6.4,0.0,6.4,1,34.25,71866.7,264.066,27.9898,71866.7,0.0,0.999997,0.0289975
5760_dose_600_gradient_0_VconcST_0_Vconc_6.4_run_1.csv,5760.0,600.0,0,6.4,0.0,6.4,1,34.5,72813.1,258.832,28.3584,72813.1,0.0,0.999997,0.0283466
5760_dose_600_gradient_0_VconcST_0_Vconc_6.4_run_1.csv,5760.0,600.0,0,6.4,0.0,6.4,1,34.75,73731.7,253.702,28.7162,73731.7,0.0,0.999997,0.0277707
5760_dose_600_gradient_0_VconcST_0_Vconc_6.4_run_1.csv,5760.0,600.0,0,6.4,0.0,6.4,1,35.0,74623.2,248.674,29.0634,74623.2,0.0,0.999997,0.0278145
5760_dose_600_gradient_0_VconcST_0_Vconc_6.4_run_1.csv,5760.0,600.0,0,6.4,0.0,6.4,1,35.25,75488.1,243.746,29.4003,75488.1,0.0,0.999997,0.0271566
5760_dose_600_gradient_0_VconcST_0_Vconc_6.4_run_1.csv,5760.0,600.0,0,6.4,0.0,6.4,1,35.5,76326.9,238.915,29.727,76326.9,0.0,0.999997,0.0272034
5760_dose_600_gradient_0_VconcST_0_Vconc_6.4_run_1.csv,5760.0,600.0,0,6.4,0.0,6.4,1,35.75,77140.3,234.18,30.0437,77140.3,0.0,0.999997,0.0265372
5760_dose_600_gradient_0_VconcST_0_Vconc_6.4_run_1.csv,5760.0,600.0,0,6.4,0.0,6.4,1,36.0,77928.7,229.539,30.3508,77928.7,0.0,0.999997,0.0265847
5760_dose_600_gradient_0_VconcST_0_Vconc_6.4_run_1.csv,5760.0,600.0,0,6.4,0.0,6.4,1,36.25,78692.7,224.99,30.6484,78692.7,0.0,0.999997,0.0265847
5760_dose_600_gradient_0_VconcST_0_Vconc_6.4_run_1.csv,5760.0,600.0,0,6.4,0.0,6.4,1,36.5,79432.9,220.531,30.9366,79432.9,0.0,0.999997,0.0259869
5760_dose_600_gradient_0_VconcST_0_Vconc_6.4_run_1.csv,5760.0,600.0,0,6.4,0.0,6.4,1,36.75,80149.6,216.16,31.2158,80149.6,0.0,0.999997,0.0259523
5760_dose_600_gradient_0_VconcST_0_Vconc_6.4_run_1.csv,5760.0,600.0,0,6.4,0.0,6.4,1,37.0,80843.5,211.876,31.486,80843.5,0.0,0.999997,0.0253941
5760_dose_600_gradient_0_VconcST_0_Vconc_6.4_run_1.csv,5760.0,600.0,0,6.4,0.0,6.4,1,37.25,81514.9,207.677,31.7475,81514.9,0.0,0.999997,0.0253487
5760_dose_600_gradient_0_VconcST_0_Vconc_6.4_run_1.csv,5760.0,600.0,0,6.4,0.0,6.4,1,37.5,82164.5,203.561,32.0005,82164.5,0.0,0.999998,0.0253763
5760_dose_600_gradient_0_VconcST_0_Vconc_6.4_run_1.csv,5760.0,600.0,0,6.4,0.0,6.4,1,37.75,82792.5,199.527,32.2451,82792.5,0.0,0.999998,0.0248033
5760_dose_600_gradient_0_VconcST_0_Vconc_6.4_run_1.csv,5760.0,600.0,0,6.4,0.0,6.4,1,38.0,83399.6,195.572,32.4815,83399.6,0.0,0.999998,0.0247755
5760_dose_600_gradient_0_VconcST_0_Vconc_6.4_run_1.csv,5760.0,600.0,0,6.4,0.0,6.4,1,38.25,83986.0,191.696,32.71,83986.0,0.0,0.999998,0.0247277
5760_dose_600_gradient_0_VconcST_0_Vconc_6.4_run_1.csv,5760.0,600.0,0,6.4,0.0,6.4,1,38.5,84552.4,187.897,32.9306,84552.4,0.0,0.999998,0.0241536
5760_dose_600_gradient_0_VconcST_0_Vconc_6.4_run_1.csv,5760.0,600.0,0,6.4,0.0,6.4,1,38.75,85099.1,184.173,33.1435,85099.1,0.0,0.999998,0.0241366
5760_dose_600_gradient_0_VconcST_0_Vconc_6.4_run_1.csv,5760.0,600.0,0,6.4,0.0,6.4,1,39.0,85626.6,180.523,33.3489,85626.6,0.0,0.999998,0.0241443
5760_dose_600_gradient_0_VconcST_0_Vconc_6.4_run_1.csv,5760.0,600.0,0,6.4,0.0,6.4,1,39.25,86135.1,176.945,33.547,86135.1,0.0,0.999998,0.0241366
5760_dose_600_gradient_0_VconcST_0_Vconc_6.4_run_1.csv,5760.0,600.0,0,6.4,0.0,6.4,1,39.5,86625.3,173.438,33.7379,86625.3,0.0,0.999998,0.0236323
5760_dose_600_gradient_0_VconcST_0_Vconc_6.4_run_1.csv,5760.0,600.0,0,6.4,0.0,6.4,1,39.75,87097.4,170.001,33.9217,87097.4,0.0,0.999998,0.023543
5760_dose_600_gradient_0_VconcST_0_Vconc_6.4_run_1.csv,5760.0,600.0,0,6.4,0.0,6.4,1,40.0,87551.8,166.632,34.0987,87551.8,0.0,0.999998,0.0235694
5760_dose_600_gradient_0_VconcST_0_Vconc_6.4_run_1.csv,5760.0,600.0,0,6.4,0.0,6.4,1,40.25,87989.0,163.329,34.269,87989.0,0.0,0.999998,0.0235802
5760_dose_600_gradient_0_VconcST_0_Vconc_6.4_run_1.csv,5760.0,600.0,0,6.4,0.0,6.4,1,40.5,88409.3,160.092,34.4327,88409.3,0.0,0.999998,0.0235736
5760_dose_600_gradient_0_VconcST_0_Vconc_6.4_run_1.csv,5760.0,600.0,0,6.4,0.0,6.4,1,40.75,88813.0,156.919,34.5899,88813.0,0.0,0.999998,0.0229894
5760_dose_600_gradient_0_VconcST_0_Vconc_6.4_run_1.csv,5760.0,600.0,0,6.4,0.0,6.4,1,41.0,89200.5,153.809,34.7408,89200.5,0.0,0.999998,0.0229709
5760_dose_600_gradient_0_VconcST_0_Vconc_6.4_run_1.csv,5760.0,600.0,0,6.4,0.0,6.4,1,41.25,89572.2,150.761,34.8856,89572.2,0.0,0.999998,0.022954
5760_dose_600_gradient_0_VconcST_0_Vconc_6.4_run_1.csv,5760.0,600.0,0,6.4,0.0,6.4,1,41.5,89928.5,147.773,35.0244,89928.5,0.0,0.999998,0.0229347
5760_dose_600_gradient_0_VconcST_0_Vconc_0.8_run_1.csv,5760.0,600.0,0,0.8,0.0,0.8,1,0.0,0.0,0.0,0.0,0.0,0.0,0.0,0.0
5760_dose_600_gradient_0_VconcST_0_Vconc_0.8_run_1.csv,5760.0,600.0,0,0.8,0.0,0.8,1,0.25,0.0,0.0,0.0,0.0,0.0,0.0,2036.17
5760_dose_600_gradient_0_VconcST_0_Vconc_0.8_run_1.csv,5760.0,600.0,0,0.8,0.0,0.8,1,0.5,0.0,0.0,0.0,0.0,0.0,0.0,34.3702
5760_dose_600_gradient_0_VconcST_0_Vconc_0.8_run_1.csv,5760.0,600.0,0,0.8,0.0,0.8,1,0.75,0.0,0.0,0.0,0.0,0.0,0.0,1955.11
5760_dose_600_gradient_0_VconcST_0_Vconc_0.8_run_1.csv,5760.0,600.0,0,0.8,0.0,0.8,1,1.0,0.0,0.0,0.0,0.0,0.0,0.0,77.4372
5760_dose_600_gradient_0_VconcST_0_Vconc_0.8_run_1.csv,5760.0,600.0,0,0.8,0.0,0.8,1,1.25,0.0,0.0,0.0,0.0,0.0,0.0,1964.0
5760_dose_600_gradient_0_VconcST_0_Vconc_0.8_run_1.csv,5760.0,600.0,0,0.8,0.0,0.8,1,1.5,0.0,0.0,0.0,0.0,0.0,0.0,124.443
5760_dose_600_gradient_0_VconcST_0_Vconc_0.8_run_1.csv,5760.0,600.0,0,0.8,0.0,0.8,1,1.75,0.0,0.0,0.0,0.0,0.0,0.0,1928.02
5760_dose_600_gradient_0_VconcST_0_Vconc_0.8_run_1.csv,5760.0,600.0,0,0.8,0.0,0.8,1,2.0,0.0,0.0,0.0,0.0,0.0,0.0,123.564
5760_dose_600_gradient_0_VconcST_0_Vconc_0.8_run_1.csv,5760.0,600.0,0,0.8,0.0,0.8,1,2.25,0.0,0.0,0.0,0.0,0.0,0.0,1810.29
5760_dose_600_gradient_0_VconcST_0_Vconc_0.8_run_1.csv,5760.0,600.0,0,0.8,0.0,0.8,1,2.5,0.0,0.0,0.0,0.0,0.0,0.0,249.569
5760_dose_600_gradient_0_VconcST_0_Vconc_0.8_run_1.csv,5760.0,600.0,0,0.8,0.0,0.8,1,2.75,0.0,0.0,0.0,0.0,0.0,0.0,1683.42
5760_dose_600_gradient_0_VconcST_0_Vconc_0.8_run_1.csv,5760.0,600.0,0,0.8,0.0,0.8,1,3.0,0.0,0.0,0.0,0.0,0.0,0.0,315.926
5760_dose_600_gradient_0_VconcST_0_Vconc_0.8_run_1.csv,5760.0,600.0,0,0.8,0.0,0.8,1,3.25,0.0,0.0,0.0,0.0,0.0,0.0,1545.95
5760_dose_600_gradient_0_VconcST_0_Vconc_0.8_run_1.csv,5760.0,600.0,0,0.8,0.0,0.8,1,3.5,0.0,0.0,0.0,0.0,0.0,0.0,481.634
5760_dose_600_gradient_0_VconcST_0_Vconc_0.8_run_1.csv,5760.0,600.0,0,0.8,0.0,0.8,1,3.75,0.0,0.0,0.0,0.0,0.0,0.0,1467.16
5760_dose_600_gradient_0_VconcST_0_Vconc_0.8_run_1.csv,5760.0,600.0,0,0.8,0.0,0.8,1,4.0,0.0,0.0,0.0,0.0,0.0,0.0,674.923
5760_dose_600_gradient_0_VconcST_0_Vconc_0.8_run_1.csv,5760.0,600.0,0,0.8,0.0,0.8,1,4.25,0.0,0.0,0.0,0.0,0.0,0.0,1261.29
5760_dose_600_gradient_0_VconcST_0_Vconc_0.8_run_1.csv,5760.0,600.0,0,0.8,0.0,0.8,1,4.5,0.0,0.0,0.0,0.0,0.0,0.0,965.646
5760_dose_600_gradient_0_VconcST_0_Vconc_0.8_run_1.csv,5760.0,600.0,0,0.8,0.0,0.8,1,4.75,0.0,0.0,0.0,0.0,0.0,0.0,1115.6
5760_dose_600_gradient_0_VconcST_0_Vconc_0.8_run_1.csv,5760.0,600.0,0,0.8,0.0,0.8,1,5.0,0.0,0.0,0.0,0.0,0.0,0.0,1099.46
5760_dose_600_gradient_0_VconcST_0_Vconc_0.8_run_1.csv,5760.0,600.0,0,0.8,0.0,0.8,1,5.25,0.0,0.0,0.0,0.0,0.0,0.0,1123.19
5760_dose_600_gradient_0_VconcST_0_Vconc_0.8_run_1.csv,5760.0,600.0,0,0.8,0.0,0.8,1,5.5,0.0,0.0,0.0,0.0,0.0,0.0,1287.55
5760_dose_600_gradient_0_VconcST_0_Vconc_0.8_run_1.csv,5760.0,600.0,0,0.8,0.0,0.8,1,5.75,0.0,0.0,0.0,0.0,0.010918,0.0,1426.03
5760_dose_600_gradient_0_VconcST_0_Vconc_0.8_run_1.csv,5760.0,600.0,0,0.8,0.0,0.8,1,6.0,0.0,0.0,0.0,0.0,0.0400109,0.0,1517.19
5760_dose_600_gradient_0_VconcST_0_Vconc_0.8_run_1.csv,5760.0,600.0,0,0.8,0.0,0.8,1,6.25,0.0,0.0,0.0,0.0,0.102582,0.0,1746.63
5760_dose_600_gradient_0_VconcST_0_Vconc_0.8_run_1.csv,5760.0,600.0,0,0.8,0.0,0.8,1,6.5,0.0,0.0,0.0,0.0,0.190673,0.0,1986.62
5760_dose_600_gradient_0_VconcST_0_Vconc_0.8_run_1.csv,5760.0,600.0,0,0.8,0.0,0.8,1,6.75,0.0,0.0,0.0,0.0,0.315673,0.0,2050.3
5760_dose_600_gradient_0_VconcST_0_Vconc_0.8_run_1.csv,5760.0,600.0,0,0.8,0.0,0.8,1,7.0,0.0,0.0,0.0,0.0,0.464479,0.0,2199.42
5760_dose_600_gradient_0_VconcST_0_Vconc_0.8_run_1.csv,5760.0,600.0,0,0.8,0.0,0.8,1,7.25,0.0,0.0,0.0,0.0,0.650677,0.0,2231.13
5760_dose_600_gradient_0_VconcST_0_Vconc_0.8_run_1.csv,5760.0,600.0,0,0.8,0.0,0.8,1,7.5,0.0,0.0,0.0,0.0,0.833963,0.0,2263.66
5760_dose_600_gradient_0_VconcST_0_Vconc_0.8_run_1.csv,5760.0,600.0,0,0.8,0.0,0.8,1,7.75,0.0,0.0,0.0,0.0,0.930208,0.0,2258.97
5760_dose_600_gradient_0_VconcST_0_Vconc_0.8_run_1.csv,5760.0,600.0,0,0.8,0.0,0.8,1,8.0,0.0,0.0,0.0,0.0,0.990625,0.0,2167.29
5760_dose_600_gradient_0_VconcST_0_Vconc_0.8_run_1.csv,5760.0,600.0,0,0.8,0.0,0.8,1,8.25,0.0,0.0,0.0,0.0,1.0,0.0,2200.4
5760_dose_600_gradient_0_VconcST_0_Vconc_0.8_run_1.csv,5760.0,600.0,0,0.8,0.0,0.8,1,8.5,0.0,0.0,0.0,0.0,1.0,0.0,2292.13
5760_dose_600_gradient_0_VconcST_0_Vconc_0.8_run_1.csv,5760.0,600.0,0,0.8,0.0,0.8,1,8.75,0.0,0.0,0.0,0.0,1.0,0.0,2104.27
5760_dose_600_gradient_0_VconcST_0_Vconc_0.8_run_1.csv,5760.0,600.0,0,0.8,0.0,0.8,1,9.0,0.0,0.0,0.0,0.0,1.0,0.0,2117.93
5760_dose_600_gradient_0_VconcST_0_Vconc_0.8_run_1.csv,5760.0,600.0,0,0.8,0.0,0.8,1,9.25,0.0,0.0,0.0,0.0,1.0,0.0,2237.03
5760_dose_600_gradient_0_VconcST_0_Vconc_0.8_run_1.csv,5760.0,600.0,0,0.8,0.0,0.8,1,9.5,0.0,0.0,0.0,0.0,1.0,0.0,2217.07
5760_dose_600_gradient_0_VconcST_0_Vconc_0.8_run_1.csv,5760.0,600.0,0,0.8,0.0,0.8,1,9.75,0.0,0.0,0.0,0.0,1.0,0.0,2223.9
5760_dose_600_gradient_0_VconcST_0_Vconc_0.8_run_1.csv,5760.0,600.0,0,0.8,0.0,0.8,1,10.0,0.0,0.0,0.0,0.0,1.0,0.0,2215.28
5760_dose_600_gradient_0_VconcST_0_Vconc_0.8_run_1.csv,5760.0,600.0,0,0.8,0.0,0.8,1,10.25,0.0,0.0,0.0,0.0,1.0,0.0,2201.22
5760_dose_600_gradient_0_VconcST_0_Vconc_0.8_run_1.csv,5760.0,600.0,0,0.8,0.0,0.8,1,10.5,0.0,0.0,0.0,0.0,1.0,0.0,2238.46
5760_dose_600_gradient_0_VconcST_0_Vconc_0.8_run_1.csv,5760.0,600.0,0,0.8,0.0,0.8,1,10.75,0.0,0.0,0.0,0.0,1.0,0.0,2087.91
5760_dose_600_gradient_0_VconcST_0_Vconc_0.8_run_1.csv,5760.0,600.0,0,0.8,0.0,0.8,1,11.0,0.0,0.0,0.0,0.0,1.0,0.0,2156.35
5760_dose_600_gradient_0_VconcST_0_Vconc_0.8_run_1.csv,5760.0,600.0,0,0.8,0.0,0.8,1,11.25,0.0,0.0,0.0,0.0,1.0,0.0,2157.61
5760_dose_600_gradient_0_VconcST_0_Vconc_0.8_run_1.csv,5760.0,600.0,0,0.8,0.0,0.8,1,11.5,0.0,0.0,0.0,0.0,1.0,0.0,2290.15
5760_dose_600_gradient_0_VconcST_0_Vconc_0.8_run_1.csv,5760.0,600.0,0,0.8,0.0,0.8,1,11.75,0.0,0.0,0.0,0.0,1.0,0.0,2258.85
5760_dose_600_gradient_0_VconcST_0_Vconc_0.8_run_1.csv,5760.0,600.0,0,0.8,0.0,0.8,1,12.0,0.0,0.0,0.0,0.0,1.0,0.0,2120.99
5760_dose_600_gradient_0_VconcST_0_Vconc_0.8_run_1.csv,5760.0,600.0,0,0.8,0.0,0.8,1,12.25,0.0,0.0,0.0,0.0,1.0,0.0,2209.16
5760_dose_600_gradient_0_VconcST_0_Vconc_0.8_run_1.csv,5760.0,600.0,0,0.8,0.0,0.8,1,12.5,0.0,0.0,0.0,0.0,1.0,0.0,2249.17
5760_dose_600_gradient_0_VconcST_0_Vconc_0.8_run_1.csv,5760.0,600.0,0,0.8,0.0,0.8,1,12.75,0.0,0.0,0.0,0.0,1.0,0.0,2238.08
5760_dose_600_gradient_0_VconcST_0_Vconc_0.8_run_1.csv,5760.0,600.0,0,0.8,0.0,0.8,1,13.0,0.0,0.0,0.0,0.0,1.0,0.0,2275.92
5760_dose_600_gradient_0_VconcST_0_Vconc_0.8_run_1.csv,5760.0,600.0,0,0.8,0.0,0.8,1,13.25,0.0,0.0,0.0,0.0,1.0,0.0,2223.98
5760_dose_600_gradient_0_VconcST_0_Vconc_0.8_run_1.csv,5760.0,600.0,0,0.8,0.0,0.8,1,13.5,0.0,0.0,0.0,0.0,1.0,0.0,2215.63
5760_dose_600_gradient_0_VconcST_0_Vconc_0.8_run_1.csv,5760.0,600.0,0,0.8,0.0,0.8,1,13.75,0.0,0.0,0.0,0.0,1.0,0.0,2223.66
5760_dose_600_gradient_0_VconcST_0_Vconc_0.8_run_1.csv,5760.0,600.0,0,0.8,0.0,0.8,1,14.0,0.0,0.0,0.0,0.0,1.0,0.0,2241.01
5760_dose_600_gradient_0_VconcST_0_Vconc_0.8_run_1.csv,5760.0,600.0,0,0.8,0.0,0.8,1,14.25,0.0,0.0,0.0,0.0,1.0,0.0,2217.78
5760_dose_600_gradient_0_VconcST_0_Vconc_0.8_run_1.csv,5760.0,600.0,0,0.8,0.0,0.8,1,14.5,0.0,0.0,0.0,0.0,1.0,0.0,2221.3
5760_dose_600_gradient_0_VconcST_0_Vconc_0.8_run_1.csv,5760.0,600.0,0,0.8,0.0,0.8,1,14.75,0.0,0.0,0.0,0.0,1.0,0.0,2239.51
5760_dose_600_gradient_0_VconcST_0_Vconc_0.8_run_1.csv,5760.0,600.0,0,0.8,0.0,0.8,1,15.0,0.0,0.0,0.0,0.0,1.0,0.0,2184.92
5760_dose_600_gradient_0_VconcST_0_Vconc_0.8_run_1.csv,5760.0,600.0,0,0.8,0.0,0.8,1,15.25,0.0,0.0,0.0,0.0,1.0,0.0,2192.74
5760_dose_600_gradient_0_VconcST_0_Vconc_0.8_run_1.csv,5760.0,600.0,0,0.8,0.0,0.8,1,15.5,0.0,0.0,0.0,0.0,1.0,0.0,2242.26
5760_dose_600_gradient_0_VconcST_0_Vconc_0.8_run_1.csv,5760.0,600.0,0,0.8,0.0,0.8,1,15.75,0.0,0.0,0.0,0.0,1.0,0.0,2199.84
5760_dose_600_gradient_0_VconcST_0_Vconc_0.8_run_1.csv,5760.0,600.0,0,0.8,0.0,0.8,1,16.0,0.0,0.0,0.0,0.0,1.0,0.0,2224.9
5760_dose_600_gradient_0_VconcST_0_Vconc_0.8_run_1.csv,5760.0,600.0,0,0.8,0.0,0.8,1,16.25,0.0,0.0,0.0,0.0,1.0,0.0,2209.11
5760_dose_600_gradient_0_VconcST_0_Vconc_0.8_run_1.csv,5760.0,600.0,0,0.8,0.0,0.8,1,16.5,0.0,0.0,0.0,0.0,1.0,0.0,2238.65
5760_dose_600_gradient_0_VconcST_0_Vconc_0.8_run_1.csv,5760.0,600.0,0,0.8,0.0,0.8,1,16.75,0.0,0.0,0.0,0.0,1.0,0.0,2223.69
5760_dose_600_gradient_0_VconcST_0_Vconc_0.8_run_1.csv,5760.0,600.0,0,0.8,0.0,0.8,1,17.0,0.0,0.0,0.0,0.0,1.0,0.0,2157.43
5760_dose_600_gradient_0_VconcST_0_Vconc_0.8_run_1.csv,5760.0,600.0,0,0.8,0.0,0.8,1,17.25,0.0,0.0,0.0,0.0,1.0,0.0,2150.57
5760_dose_600_gradient_0_VconcST_0_Vconc_0.8_run_1.csv,5760.0,600.0,0,0.8,0.0,0.8,1,17.5,0.0,0.0,0.0,0.0,1.0,0.0,2233.65
5760_dose_600_gradient_0_VconcST_0_Vconc_0.8_run_1.csv,5760.0,600.0,0,0.8,0.0,0.8,1,17.75,0.0,0.0,0.0,0.0,1.0,0.0,2226.81
5760_dose_600_gradient_0_VconcST_0_Vconc_0.8_run_1.csv,5760.0,600.0,0,0.8,0.0,0.8,1,18.0,0.0,0.0,0.0,0.0,1.0,0.0,2181.78
5760_dose_600_gradient_0_VconcST_0_Vconc_0.8_run_1.csv,5760.0,600.0,0,0.8,0.0,0.8,1,18.25,0.0,0.0,0.0,0.0,1.0,0.0,2215.05
5760_dose_600_gradient_0_VconcST_0_Vconc_0.8_run_1.csv,5760.0,600.0,0,0.8,0.0,0.8,1,18.5,0.0,0.0,0.0,0.0,1.0,0.0,2231.81
5760_dose_600_gradient_0_VconcST_0_Vconc_0.8_run_1.csv,5760.0,600.0,0,0.8,0.0,0.8,1,18.75,0.0,0.0,0.0,0.0,1.0,0.0,2231.04
5760_dose_600_gradient_0_VconcST_0_Vconc_0.8_run_1.csv,5760.0,600.0,0,0.8,0.0,0.8,1,19.0,0.0,0.0,0.0,0.0,1.0,0.0,2270.67
5760_dose_600_gradient_0_VconcST_0_Vconc_0.8_run_1.csv,5760.0,600.0,0,0.8,0.0,0.8,1,19.25,0.0,0.0,0.0,0.0,1.0,0.0,2216.25
5760_dose_600_gradient_0_VconcST_0_Vconc_0.8_run_1.csv,5760.0,600.0,0,0.8,0.0,0.8,1,19.5,0.0,0.0,0.0,0.0,1.0,0.0,2169.05
5760_dose_600_gradient_0_VconcST_0_Vconc_0.8_run_1.csv,5760.0,600.0,0,0.8,0.0,0.8,1,19.75,0.0,0.0,0.0,0.0,1.0,0.0,2255.66
5760_dose_600_gradient_0_VconcST_0_Vconc_0.8_run_1.csv,5760.0,600.0,0,0.8,0.0,0.8,1,20.0,0.0,0.0,0.0,0.0,1.0,0.0,2220.55
5760_dose_600_gradient_0_VconcST_0_Vconc_0.8_run_1.csv,5760.0,600.0,0,0.8,0.0,0.8,1,20.25,0.0,0.0,0.0,0.0,1.0,0.0,2148.35
5760_dose_600_gradient_0_VconcST_0_Vconc_0.8_run_1.csv,5760.0,600.0,0,0.8,0.0,0.8,1,20.5,0.0,0.0,0.0,0.0,1.0,0.0,2085.94
5760_dose_600_gradient_0_VconcST_0_Vconc_0.8_run_1.csv,5760.0,600.0,0,0.8,0.0,0.8,1,20.75,0.0,0.0,0.0,0.0,1.0,0.0,2228.33
5760_dose_600_gradient_0_VconcST_0_Vconc_0.8_run_1.csv,5760.0,600.0,0,0.8,0.0,0.8,1,21.0,0.0,0.0,0.0,0.0,1.0,0.0,2218.52
5760_dose_600_gradient_0_VconcST_0_Vconc_0.8_run_1.csv,5760.0,600.0,0,0.8,0.0,0.8,1,21.25,0.0,0.0,0.0,0.0,1.0,0.0,2238.96
5760_dose_600_gradient_0_VconcST_0_Vconc_0.8_run_1.csv,5760.0,600.0,0,0.8,0.0,0.8,1,21.5,0.0,0.0,0.0,0.0,1.0,0.0,2218.46
5760_dose_600_gradient_0_VconcST_0_Vconc_0.8_run_1.csv,5760.0,600.0,0,0.8,0.0,0.8,1,21.75,0.0,0.0,0.0,0.0,1.0,0.0,2275.1
5760_dose_600_gradient_0_VconcST_0_Vconc_0.8_run_1.csv,5760.0,600.0,0,0.8,0.0,0.8,1,22.0,0.0,0.0,0.0,0.0,1.0,0.0,2236.13
5760_dose_600_gradient_0_VconcST_0_Vconc_0.8_run_1.csv,5760.0,600.0,0,0.8,0.0,0.8,1,22.25,0.0,0.0,0.0,0.0,1.0,0.0,2299.81
5760_dose_600_gradient_0_VconcST_0_Vconc_0.8_run_1.csv,5760.0,600.0,0,0.8,0.0,0.8,1,22.5,0.0,0.0,0.0,0.0,1.0,0.0,2288.02
5760_dose_600_gradient_0_VconcST_0_Vconc_0.8_run_1.csv,5760.0,600.0,0,0.8,0.0,0.8,1,22.75,0.0,0.0,0.0,0.0,1.0,0.0,2253.53
5760_dose_600_gradient_0_VconcST_0_Vconc_0.8_run_1.csv,5760.0,600.0,0,0.8,0.0,0.8,1,23.0,0.0,0.0,0.0,0.0,1.0,0.0,2230.08
5760_dose_600_gradient_0_VconcST_0_Vconc_0.8_run_1.csv,5760.0,600.0,0,0.8,0.0,0.8,1,23.25,0.0,0.0,0.0,0.0,1.0,0.0,2197.89
5760_dose_600_gradient_0_VconcST_0_Vconc_0.8_run_1.csv,5760.0,600.0,0,0.8,0.0,0.8,1,23.5,0.0,0.0,0.0,0.0,1.0,0.0,2191.97
5760_dose_600_gradient_0_VconcST_0_Vconc_0.8_run_1.csv,5760.0,600.0,0,0.8,0.0,0.8,1,23.75,0.0,0.0,0.0,0.0,1.0,0.0,2190.98
5760_dose_600_gradient_0_VconcST_0_Vconc_0.8_run_1.csv,5760.0,600.0,0,0.8,0.0,0.8,1,24.0,46.7175,600.0,0.018195,46.7175,1.0,0.0,2230.25
5760_dose_600_gradient_0_VconcST_0_Vconc_0.8_run_1.csv,5760.0,600.0,0,0.8,0.0,0.8,1,24.25,2816.07,588.109,1.09677,2816.07,0.0,0.999928,0.0877919
5760_dose_600_gradient_0_VconcST_0_Vconc_0.8_run_1.csv,5760.0,600.0,0,0.8,0.0,0.8,1,24.5,5520.02,576.453,2.14988,5520.02,0.0,0.999963,0.0603165
5760_dose_600_gradient_0_VconcST_0_Vconc_0.8_run_1.csv,5760.0,600.0,0,0.8,0.0,0.8,1,24.75,8159.93,565.029,3.17804,8159.93,0.0,0.999975,0.0367142
5760_dose_600_gradient_0_VconcST_0_Vconc_0.8_run_1.csv,5760.0,600.0,0,0.8,0.0,0.8,1,25.0,10737.1,553.83,4.18176,10737.1,0.0,0.999981,0.0267064
5760_dose_600_gradient_0_VconcST_0_Vconc_0.8_run_1.csv,5760.0,600.0,0,0.8,0.0,0.8,1,25.25,13252.8,542.853,5.16155,13252.8,0.0,0.999985,0.0210337
5760_dose_600_gradient_0_VconcST_0_Vconc_0.8_run_1.csv,5760.0,600.0,0,0.8,0.0,0.8,1,25.5,15708.3,532.094,6.11789,15708.3,0.0,0.999987,0.0174236
5760_dose_600_gradient_0_VconcST_0_Vconc_0.8_run_1.csv,5760.0,600.0,0,0.8,0.0,0.8,1,25.75,18104.8,521.549,7.05126,18104.8,0.0,0.999989,0.0148519
5760_dose_600_gradient_0_VconcST_0_Vconc_0.8_run_1.csv,5760.0,600.0,0,0.8,0.0,0.8,1,26.0,20443.6,511.213,7.96213,20443.6,0.0,0.99999,0.0130424
5760_dose_600_gradient_0_VconcST_0_Vconc_0.8_run_1.csv,5760.0,600.0,0,0.8,0.0,0.8,1,26.25,22725.7,501.081,8.85097,22725.7,0.0,0.999991,0.0116937
5760_dose_600_gradient_0_VconcST_0_Vconc_0.8_run_1.csv,5760.0,600.0,0,0.8,0.0,0.8,1,26.5,24952.5,491.15,9.71822,24952.5,0.0,0.999992,0.0105547
5760_dose_600_gradient_0_VconcST_0_Vconc_0.8_run_1.csv,5760.0,600.0,0,0.8,0.0,0.8,1,26.75,27124.9,481.416,10.5643,27124.9,0.0,0.999993,0.00965668
5760_dose_600_gradient_0_VconcST_0_Vconc_0.8_run_1.csv,5760.0,600.0,0,0.8,0.0,0.8,1,27.0,29244.3,471.875,11.3897,29244.3,0.0,0.999993,0.00890573
5760_dose_600_gradient_0_VconcST_0_Vconc_0.8_run_1.csv,5760.0,600.0,0,0.8,0.0,0.8,1,27.25,31311.5,462.523,12.1949,31311.5,0.0,0.999994,0.00830052
5760_dose_600_gradient_0_VconcST_0_Vconc_0.8_run_1.csv,5760.0,600.0,0,0.8,0.0,0.8,1,27.5,33327.7,453.356,12.9801,33327.7,0.0,0.999994,0.0077652
5760_dose_600_gradient_0_VconcST_0_Vconc_0.8_run_1.csv,5760.0,600.0,0,0.8,0.0,0.8,1,27.75,35294.0,444.371,13.7459,35294.0,0.0,0.999994,0.00732984
5760_dose_600_gradient_0_VconcST_0_Vconc_0.8_run_1.csv,5760.0,600.0,0,0.8,0.0,0.8,1,28.0,37211.3,435.564,14.4926,37211.3,0.0,0.999995,0.00694593
5760_dose_600_gradient_0_VconcST_0_Vconc_0.8_run_1.csv,5760.0,600.0,0,0.8,0.0,0.8,1,28.25,39080.7,426.932,15.2207,39080.7,0.0,0.999995,0.0066537
5760_dose_600_gradient_0_VconcST_0_Vconc_0.8_run_1.csv,5760.0,600.0,0,0.8,0.0,0.8,1,28.5,40903.2,418.471,15.9305,40903.2,0.0,0.999995,0.00625736
5760_dose_600_gradient_0_VconcST_0_Vconc_0.8_run_1.csv,5760.0,600.0,0,0.8,0.0,0.8,1,28.75,42679.7,410.177,16.6224,42679.7,0.0,0.999995,0.00603124
5760_dose_600_gradient_0_VconcST_0_Vconc_0.8_run_1.csv,5760.0,600.0,0,0.8,0.0,0.8,1,29.0,44411.2,402.048,17.2968,44411.2,0.0,0.999996,0.00582547
5760_dose_600_gradient_0_VconcST_0_Vconc_0.8_run_1.csv,5760.0,600.0,0,0.8,0.0,0.8,1,29.25,46098.6,394.08,17.954,46098.6,0.0,0.999996,0.00557888
5760_dose_600_gradient_0_VconcST_0_Vconc_0.8_run_1.csv,5760.0,600.0,0,0.8,0.0,0.8,1,29.5,47742.8,386.27,18.5943,47742.8,0.0,0.999996,0.00535933
5760_dose_600_gradient_0_VconcST_0_Vconc_0.8_run_1.csv,5760.0,600.0,0,0.8,0.0,0.8,1,29.75,49344.8,378.614,19.2183,49344.8,0.0,0.999996,0.0052109
5760_dose_600_gradient_0_VconcST_0_Vconc_0.8_run_1.csv,5760.0,600.0,0,0.8,0.0,0.8,1,30.0,50905.4,371.11,19.8261,50905.4,0.0,0.999996,0.00505471
5760_dose_600_gradient_0_VconcST_0_Vconc_0.8_run_1.csv,5760.0,600.0,0,0.8,0.0,0.8,1,30.25,52425.4,363.755,20.4181,52425.4,0.0,0.999996,0.00490038
5760_dose_600_gradient_0_VconcST_0_Vconc_0.8_run_1.csv,5760.0,600.0,0,0.8,0.0,0.8,1,30.5,53905.6,356.546,20.9946,53905.6,0.0,0.999996,0.00476411
5760_dose_600_gradient_0_VconcST_0_Vconc_0.8_run_1.csv,5760.0,600.0,0,0.8,0.0,0.8,1,30.75,55347.0,349.48,21.5559,55347.0,0.0,0.999996,0.00460449
5760_dose_600_gradient_0_VconcST_0_Vconc_0.8_run_1.csv,5760.0,600.0,0,0.8,0.0,0.8,1,31.0,56750.3,342.554,22.1025,56750.3,0.0,0.999996,0.00452343
5760_dose_600_gradient_0_VconcST_0_Vconc_0.8_run_1.csv,5760.0,600.0,0,0.8,0.0,0.8,1,31.25,58116.3,335.765,22.6345,58116.3,0.0,0.999997,0.00438096
5760_dose_600_gradient_0_VconcST_0_Vconc_0.8_run_1.csv,5760.0,600.0,0,0.8,0.0,0.8,1,31.5,59445.8,329.11,23.1523,59445.8,0.0,0.999997,0.00429727
5760_dose_600_gradient_0_VconcST_0_Vconc_0.8_run_1.csv,5760.0,600.0,0,0.8,0.0,0.8,1,31.75,60739.5,322.588,23.6562,60739.5,0.0,0.999997,0.00422573
5760_dose_600_gradient_0_VconcST_0_Vconc_0.8_run_1.csv,5760.0,600.0,0,0.8,0.0,0.8,1,32.0,61998.2,316.194,24.1464,61998.2,0.0,0.999997,0.0040748
5760_dose_600_gradient_0_VconcST_0_Vconc_0.8_run_1.csv,5760.0,600.0,0,0.8,0.0,0.8,1,32.25,63222.6,309.928,24.6233,63222.6,0.0,0.999997,0.00399964
5760_dose_600_gradient_0_VconcST_0_Vconc_0.8_run_1.csv,5760.0,600.0,0,0.8,0.0,0.8,1,32.5,64413.5,303.785,25.0871,64413.5,0.0,0.999997,0.00392223
5760_dose_600_gradient_0_VconcST_0_Vconc_0.8_run_1.csv,5760.0,600.0,0,0.8,0.0,0.8,1,32.75,65571.4,297.765,25.538,65571.4,0.0,0.999997,0.00384804
5760_dose_600_gradient_0_VconcST_0_Vconc_0.8_run_1.csv,5760.0,600.0,0,0.8,0.0,0.8,1,33.0,66697.3,291.863,25.9765,66697.3,0.0,0.999997,0.0039203
5760_dose_600_gradient_0_VconcST_0_Vconc_0.8_run_1.csv,5760.0,600.0,0,0.8,0.0,0.8,1,33.25,67791.5,286.079,26.4027,67791.5,0.0,0.999997,0.00384885
5760_dose_600_gradient_0_VconcST_0_Vconc_0.8_run_1.csv,5760.0,600.0,0,0.8,0.0,0.8,1,33.5,68855.0,280.409,26.8169,68855.0,0.0,0.999997,0.00377324
5760_dose_600_gradient_0_VconcST_0_Vconc_0.8_run_1.csv,5760.0,600.0,0,0.8,0.0,0.8,1,33.75,69888.3,274.852,27.2193,69888.3,0.0,0.999997,0.00369411
5760_dose_600_gradient_0_VconcST_0_Vconc_0.8_run_1.csv,5760.0,600.0,0,0.8,0.0,0.8,1,34.0,70892.0,269.405,27.6102,70892.0,0.0,0.999997,0.00362091
5760_dose_600_gradient_0_VconcST_0_Vconc_0.8_run_1.csv,5760.0,600.0,0,0.8,0.0,0.8,1,34.25,71866.7,264.066,27.9898,71866.7,0.0,0.999997,0.00363617
5760_dose_600_gradient_0_VconcST_0_Vconc_0.8_run_1.csv,5760.0,600.0,0,0.8,0.0,0.8,1,34.5,72813.1,258.832,28.3584,72813.1,0.0,0.999997,0.00354794
5760_dose_600_gradient_0_VconcST_0_Vconc_0.8_run_1.csv,5760.0,600.0,0,0.8,0.0,0.8,1,34.75,73731.7,253.702,28.7162,73731.7,0.0,0.999997,0.00347224
5760_dose_600_gradient_0_VconcST_0_Vconc_0.8_run_1.csv,5760.0,600.0,0,0.8,0.0,0.8,1,35.0,74623.2,248.674,29.0634,74623.2,0.0,0.999997,0.00348296
5760_dose_600_gradient_0_VconcST_0_Vconc_0.8_run_1.csv,5760.0,600.0,0,0.8,0.0,0.8,1,35.25,75488.1,243.746,29.4003,75488.1,0.0,0.999997,0.00339711
5760_dose_600_gradient_0_VconcST_0_Vconc_0.8_run_1.csv,5760.0,600.0,0,0.8,0.0,0.8,1,35.5,76326.9,238.915,29.727,76326.9,0.0,0.999997,0.00339675
5760_dose_600_gradient_0_VconcST_0_Vconc_0.8_run_1.csv,5760.0,600.0,0,0.8,0.0,0.8,1,35.75,77140.3,234.18,30.0437,77140.3,0.0,0.999997,0.00332056
5760_dose_600_gradient_0_VconcST_0_Vconc_0.8_run_1.csv,5760.0,600.0,0,0.8,0.0,0.8,1,36.0,77928.7,229.539,30.3508,77928.7,0.0,0.999997,0.00332988
5760_dose_600_gradient_0_VconcST_0_Vconc_0.8_run_1.csv,5760.0,600.0,0,0.8,0.0,0.8,1,36.25,78692.7,224.99,30.6484,78692.7,0.0,0.999997,0.00332324
5760_dose_600_gradient_0_VconcST_0_Vconc_0.8_run_1.csv,5760.0,600.0,0,0.8,0.0,0.8,1,36.5,79432.9,220.531,30.9366,79432.9,0.0,0.999997,0.00324181
5760_dose_600_gradient_0_VconcST_0_Vconc_0.8_run_1.csv,5760.0,600.0,0,0.8,0.0,0.8,1,36.75,80149.6,216.16,31.2158,80149.6,0.0,0.999997,0.00325058
5760_dose_600_gradient_0_VconcST_0_Vconc_0.8_run_1.csv,5760.0,600.0,0,0.8,0.0,0.8,1,37.0,80843.5,211.876,31.486,80843.5,0.0,0.999997,0.0031713
5760_dose_600_gradient_0_VconcST_0_Vconc_0.8_run_1.csv,5760.0,600.0,0,0.8,0.0,0.8,1,37.25,81514.9,207.677,31.7475,81514.9,0.0,0.999997,0.00317675
5760_dose_600_gradient_0_VconcST_0_Vconc_0.8_run_1.csv,5760.0,600.0,0,0.8,0.0,0.8,1,37.5,82164.5,203.561,32.0005,82164.5,0.0,0.999998,0.0031664
5760_dose_600_gradient_0_VconcST_0_Vconc_0.8_run_1.csv,5760.0,600.0,0,0.8,0.0,0.8,1,37.75,82792.5,199.527,32.2451,82792.5,0.0,0.999998,0.00309101
5760_dose_600_gradient_0_VconcST_0_Vconc_0.8_run_1.csv,5760.0,600.0,0,0.8,0.0,0.8,1,38.0,83399.6,195.572,32.4815,83399.6,0.0,0.999998,0.00310329
5760_dose_600_gradient_0_VconcST_0_Vconc_0.8_run_1.csv,5760.0,600.0,0,0.8,0.0,0.8,1,38.25,83986.0,191.696,32.71,83986.0,0.0,0.999998,0.00309319
5760_dose_600_gradient_0_VconcST_0_Vconc_0.8_run_1.csv,5760.0,600.0,0,0.8,0.0,0.8,1,38.5,84552.4,187.897,32.9306,84552.4,0.0,0.999998,0.00301838
5760_dose_600_gradient_0_VconcST_0_Vconc_0.8_run_1.csv,5760.0,600.0,0,0.8,0.0,0.8,1,38.75,85099.1,184.173,33.1435,85099.1,0.0,0.999998,0.00302325
5760_dose_600_gradient_0_VconcST_0_Vconc_0.8_run_1.csv,5760.0,600.0,0,0.8,0.0,0.8,1,39.0,85626.6,180.523,33.3489,85626.6,0.0,0.999998,0.00301562
5760_dose_600_gradient_0_VconcST_0_Vconc_0.8_run_1.csv,5760.0,600.0,0,0.8,0.0,0.8,1,39.25,86135.1,176.945,33.547,86135.1,0.0,0.999998,0.00302039
5760_dose_600_gradient_0_VconcST_0_Vconc_0.8_run_1.csv,5760.0,600.0,0,0.8,0.0,0.8,1,39.5,86625.3,173.438,33.7379,86625.3,0.0,0.999998,0.00294591
5760_dose_600_gradient_0_VconcST_0_Vconc_0.8_run_1.csv,5760.0,600.0,0,0.8,0.0,0.8,1,39.75,87097.4,170.001,33.9217,87097.4,0.0,0.999998,0.00294229
5760_dose_600_gradient_0_VconcST_0_Vconc_0.8_run_1.csv,5760.0,600.0,0,0.8,0.0,0.8,1,40.0,87551.8,166.632,34.0987,87551.8,0.0,0.999998,0.00294405
5760_dose_600_gradient_0_VconcST_0_Vconc_0.8_run_1.csv,5760.0,600.0,0,0.8,0.0,0.8,1,40.25,87989.0,163.329,34.269,87989.0,0.0,0.999998,0.00294022
5760_dose_600_gradient_0_VconcST_0_Vconc_0.8_run_1.csv,5760.0,600.0,0,0.8,0.0,0.8,1,40.5,88409.3,160.092,34.4327,88409.3,0.0,0.999998,0.00294921
5760_dose_600_gradient_0_VconcST_0_Vconc_0.8_run_1.csv,5760.0,600.0,0,0.8,0.0,0.8,1,40.75,88813.0,156.919,34.5899,88813.0,0.0,0.999998,0.00286656
5760_dose_600_gradient_0_VconcST_0_Vconc_0.8_run_1.csv,5760.0,600.0,0,0.8,0.0,0.8,1,41.0,89200.5,153.809,34.7408,89200.5,0.0,0.999998,0.00286686
5760_dose_600_gradient_0_VconcST_0_Vconc_0.8_run_1.csv,5760.0,600.0,0,0.8,0.0,0.8,1,41.25,89572.2,150.761,34.8856,89572.2,0.0,0.999998,0.00286857
5760_dose_600_gradient_0_VconcST_0_Vconc_0.8_run_1.csv,5760.0,600.0,0,0.8,0.0,0.8,1,41.5,89928.5,147.773,35.0244,89928.5,0.0,0.999998,0.00286626
5760_dose_600_gradient_0_VconcST_0_Vconc_3.2_run_1.csv,5760.0,600.0,0,3.2,0.0,3.2,1,0.0,0.0,0.0,0.0,0.0,0.0,0.0,0.0
5760_dose_600_gradient_0_VconcST_0_Vconc_3.2_run_1.csv,5760.0,600.0,0,3.2,0.0,3.2,1,0.25,0.0,0.0,0.0,0.0,0.0,0.0,10000.0
5760_dose_600_gradient_0_VconcST_0_Vconc_3.2_run_1.csv,5760.0,600.0,0,3.2,0.0,3.2,1,0.5,0.0,0.0,0.0,0.0,0.0,0.0,133.647
5760_dose_600_gradient_0_VconcST_0_Vconc_3.2_run_1.csv,5760.0,600.0,0,3.2,0.0,3.2,1,0.75,0.0,0.0,0.0,0.0,0.0,0.0,10000.0
5760_dose_600_gradient_0_VconcST_0_Vconc_3.2_run_1.csv,5760.0,600.0,0,3.2,0.0,3.2,1,1.0,0.0,0.0,0.0,0.0,0.0,0.0,128.796
5760_dose_600_gradient_0_VconcST_0_Vconc_3.2_run_1.csv,5760.0,600.0,0,3.2,0.0,3.2,1,1.25,0.0,0.0,0.0,0.0,0.0,0.0,10000.0
5760_dose_600_gradient_0_VconcST_0_Vconc_3.2_run_1.csv,5760.0,600.0,0,3.2,0.0,3.2,1,1.5,0.0,0.0,0.0,0.0,0.0,0.0,124.014
5760_dose_600_gradient_0_VconcST_0_Vconc_3.2_run_1.csv,5760.0,600.0,0,3.2,0.0,3.2,1,1.75,0.0,0.0,0.0,0.0,0.0,0.0,10000.0
5760_dose_600_gradient_0_VconcST_0_Vconc_3.2_run_1.csv,5760.0,600.0,0,3.2,0.0,3.2,1,2.0,0.0,0.0,0.0,0.0,0.0,0.0,120.338
5760_dose_600_gradient_0_VconcST_0_Vconc_3.2_run_1.csv,5760.0,600.0,0,3.2,0.0,3.2,1,2.25,0.0,0.0,0.0,0.0,0.0,0.0,10000.0
5760_dose_600_gradient_0_VconcST_0_Vconc_3.2_run_1.csv,5760.0,600.0,0,3.2,0.0,3.2,1,2.5,0.0,0.0,0.0,0.0,0.0,0.0,118.121
5760_dose_600_gradient_0_VconcST_0_Vconc_3.2_run_1.csv,5760.0,600.0,0,3.2,0.0,3.2,1,2.75,0.0,0.0,0.0,0.0,0.0,0.0,10000.0
5760_dose_600_gradient_0_VconcST_0_Vconc_3.2_run_1.csv,5760.0,600.0,0,3.2,0.0,3.2,1,3.0,0.0,0.0,0.0,0.0,0.0,0.0,121.72
5760_dose_600_gradient_0_VconcST_0_Vconc_3.2_run_1.csv,5760.0,600.0,0,3.2,0.0,3.2,1,3.25,0.0,0.0,0.0,0.0,0.0,0.0,10000.0
5760_dose_600_gradient_0_VconcST_0_Vconc_3.2_run_1.csv,5760.0,600.0,0,3.2,0.0,3.2,1,3.5,0.0,0.0,0.0,0.0,0.0,0.0,119.295
5760_dose_600_gradient_0_VconcST_0_Vconc_3.2_run_1.csv,5760.0,600.0,0,3.2,0.0,3.2,1,3.75,0.0,0.0,0.0,0.0,0.0,0.0,10000.0
5760_dose_600_gradient_0_VconcST_0_Vconc_3.2_run_1.csv,5760.0,600.0,0,3.2,0.0,3.2,1,4.0,0.0,0.0,0.0,0.0,0.0,0.0,120.886
5760_dose_600_gradient_0_VconcST_0_Vconc_3.2_run_1.csv,5760.0,600.0,0,3.2,0.0,3.2,1,4.25,0.0,0.0,0.0,0.0,0.0,0.0,784.146
5760_dose_600_gradient_0_VconcST_0_Vconc_3.2_run_1.csv,5760.0,600.0,0,3.2,0.0,3.2,1,4.5,0.0,0.0,0.0,0.0,0.0,0.0,5266.0
5760_dose_600_gradient_0_VconcST_0_Vconc_3.2_run_1.csv,5760.0,600.0,0,3.2,0.0,3.2,1,4.75,0.0,0.0,0.0,0.0,0.0,0.0,396.593
5760_dose_600_gradient_0_VconcST_0_Vconc_3.2_run_1.csv,5760.0,600.0,0,3.2,0.0,3.2,1,5.0,0.0,0.0,0.0,0.0,0.0,0.0,6208.65
5760_dose_600_gradient_0_VconcST_0_Vconc_3.2_run_1.csv,5760.0,600.0,0,3.2,0.0,3.2,1,5.25,0.0,0.0,0.0,0.0,0.0,0.0,391.692
5760_dose_600_gradient_0_VconcST_0_Vconc_3.2_run_1.csv,5760.0,600.0,0,3.2,0.0,3.2,1,5.5,0.0,0.0,0.0,0.0,0.0,0.0,7114.03
5760_dose_600_gradient_0_VconcST_0_Vconc_3.2_run_1.csv,5760.0,600.0,0,3.2,0.0,3.2,1,5.75,0.0,0.0,0.0,0.0,0.0,0.0,382.531
5760_dose_600_gradient_0_VconcST_0_Vconc_3.2_run_1.csv,5760.0,600.0,0,3.2,0.0,3.2,1,6.0,0.0,0.0,0.0,0.0,0.0,0.0,8362.52
5760_dose_600_gradient_0_VconcST_0_Vconc_3.2_run_1.csv,5760.0,600.0,0,3.2,0.0,3.2,1,6.25,0.0,0.0,0.0,0.0,0.0,0.0,339.189
5760_dose_600_gradient_0_VconcST_0_Vconc_3.2_run_1.csv,5760.0,600.0,0,3.2,0.0,3.2,1,6.5,0.0,0.0,0.0,0.0,0.0,0.0,9626.63
5760_dose_600_gradient_0_VconcST_0_Vconc_3.2_run_1.csv,5760.0,600.0,0,3.2,0.0,3.2,1,6.75,0.0,0.0,0.0,0.0,0.0,0.0,222.355
5760_dose_600_gradient_0_VconcST_0_Vconc_3.2_run_1.csv,5760.0,600.0,0,3.2,0.0,3.2,1,7.0,0.0,0.0,0.0,0.0,0.0,0.0,10000.0
5760_dose_600_gradient_0_VconcST_0_Vconc_3.2_run_1.csv,5760.0,600.0,0,3.2,0.0,3.2,1,7.25,0.0,0.0,0.0,0.0,0.0,0.0,166.159
5760_dose_600_gradient_0_VconcST_0_Vconc_3.2_run_1.csv,5760.0,600.0,0,3.2,0.0,3.2,1,7.5,0.0,0.0,0.0,0.0,0.0,0.0,10000.0
5760_dose_600_gradient_0_VconcST_0_Vconc_3.2_run_1.csv,5760.0,600.0,0,3.2,0.0,3.2,1,7.75,0.0,0.0,0.0,0.0,0.0,0.0,144.5
5760_dose_600_gradient_0_VconcST_0_Vconc_3.2_run_1.csv,5760.0,600.0,0,3.2,0.0,3.2,1,8.0,0.0,0.0,0.0,0.0,0.0027691,0.0,10000.0
5760_dose_600_gradient_0_VconcST_0_Vconc_3.2_run_1.csv,5760.0,600.0,0,3.2,0.0,3.2,1,8.25,0.0,0.0,0.0,0.0,0.0,0.0,136.211
5760_dose_600_gradient_0_VconcST_0_Vconc_3.2_run_1.csv,5760.0,600.0,0,3.2,0.0,3.2,1,8.5,0.0,0.0,0.0,0.0,0.0,0.0,10000.0
5760_dose_600_gradient_0_VconcST_0_Vconc_3.2_run_1.csv,5760.0,600.0,0,3.2,0.0,3.2,1,8.75,0.0,0.0,0.0,0.0,0.0,0.0,134.288
5760_dose_600_gradient_0_VconcST_0_Vconc_3.2_run_1.csv,5760.0,600.0,0,3.2,0.0,3.2,1,9.0,0.0,0.0,0.0,0.0,0.0,0.0,10000.0
5760_dose_600_gradient_0_VconcST_0_Vconc_3.2_run_1.csv,5760.0,600.0,0,3.2,0.0,3.2,1,9.25,0.0,0.0,0.0,0.0,0.0,0.0,122.037
5760_dose_600_gradient_0_VconcST_0_Vconc_3.2_run_1.csv,5760.0,600.0,0,3.2,0.0,3.2,1,9.5,0.0,0.0,0.0,0.0,0.0,0.0,10000.0
5760_dose_600_gradient_0_VconcST_0_Vconc_3.2_run_1.csv,5760.0,600.0,0,3.2,0.0,3.2,1,9.75,0.0,0.0,0.0,0.0,0.0,0.0,121.979
5760_dose_600_gradient_0_VconcST_0_Vconc_3.2_run_1.csv,5760.0,600.0,0,3.2,0.0,3.2,1,10.0,0.0,0.0,0.0,0.0,0.0,0.0,10000.0
5760_dose_600_gradient_0_VconcST_0_Vconc_3.2_run_1.csv,5760.0,600.0,0,3.2,0.0,3.2,1,10.25,0.0,0.0,0.0,0.0,0.0,0.0,122.199
5760_dose_600_gradient_0_VconcST_0_Vconc_3.2_run_1.csv,5760.0,600.0,0,3.2,0.0,3.2,1,10.5,0.0,0.0,0.0,0.0,0.0,0.0,10000.0
5760_dose_600_gradient_0_VconcST_0_Vconc_3.2_run_1.csv,5760.0,600.0,0,3.2,0.0,3.2,1,10.75,0.0,0.0,0.0,0.0,0.0,0.0,118.592
5760_dose_600_gradient_0_VconcST_0_Vconc_3.2_run_1.csv,5760.0,600.0,0,3.2,0.0,3.2,1,11.0,0.0,0.0,0.0,0.0,0.0,0.0,10000.0
5760_dose_600_gradient_0_VconcST_0_Vconc_3.2_run_1.csv,5760.0,600.0,0,3.2,0.0,3.2,1,11.25,0.0,0.0,0.0,0.0,0.00255208,0.0,121.241
5760_dose_600_gradient_0_VconcST_0_Vconc_3.2_run_1.csv,5760.0,600.0,0,3.2,0.0,3.2,1,11.5,0.0,0.0,0.0,0.0,0.0,0.0,10000.0
5760_dose_600_gradient_0_VconcST_0_Vconc_3.2_run_1.csv,5760.0,600.0,0,3.2,0.0,3.2,1,11.75,0.0,0.0,0.0,0.0,0.0,0.0,119.484
5760_dose_600_gradient_0_VconcST_0_Vconc_3.2_run_1.csv,5760.0,600.0,0,3.2,0.0,3.2,1,12.0,0.0,0.0,0.0,0.0,0.0,0.0,5190.99
5760_dose_600_gradient_0_VconcST_0_Vconc_3.2_run_1.csv,5760.0,600.0,0,3.2,0.0,3.2,1,12.25,0.0,0.0,0.0,0.0,0.0,0.0,2696.03
5760_dose_600_gradient_0_VconcST_0_Vconc_3.2_run_1.csv,5760.0,600.0,0,3.2,0.0,3.2,1,12.5,0.0,0.0,0.0,0.0,0.0,0.0,389.622
5760_dose_600_gradient_0_VconcST_0_Vconc_3.2_run_1.csv,5760.0,600.0,0,3.2,0.0,3.2,1,12.75,0.0,0.0,0.0,0.0,0.0,0.0,5773.65
5760_dose_600_gradient_0_VconcST_0_Vconc_3.2_run_1.csv,5760.0,600.0,0,3.2,0.0,3.2,1,13.0,0.0,0.0,0.0,0.0,0.0,0.0,388.68
5760_dose_600_gradient_0_VconcST_0_Vconc_3.2_run_1.csv,5760.0,600.0,0,3.2,0.0,3.2,1,13.25,0.0,0.0,0.0,0.0,0.0,0.0,6869.64
5760_dose_600_gradient_0_VconcST_0_Vconc_3.2_run_1.csv,5760.0,600.0,0,3.2,0.0,3.2,1,13.5,0.0,0.0,0.0,0.0,0.0,0.0,390.753
5760_dose_600_gradient_0_VconcST_0_Vconc_3.2_run_1.csv,5760.0,600.0,0,3.2,0.0,3.2,1,13.75,0.0,0.0,0.0,0.0,0.0,0.0,7456.82
5760_dose_600_gradient_0_VconcST_0_Vconc_3.2_run_1.csv,5760.0,600.0,0,3.2,0.0,3.2,1,14.0,0.0,0.0,0.0,0.0,0.0,0.0,363.838
5760_dose_600_gradient_0_VconcST_0_Vconc_3.2_run_1.csv,5760.0,600.0,0,3.2,0.0,3.2,1,14.25,0.0,0.0,0.0,0.0,0.0,0.0,8841.23
5760_dose_600_gradient_0_VconcST_0_Vconc_3.2_run_1.csv,5760.0,600.0,0,3.2,0.0,3.2,1,14.5,0.0,0.0,0.0,0.0,0.0,0.0,285.623
5760_dose_600_gradient_0_VconcST_0_Vconc_3.2_run_1.csv,5760.0,600.0,0,3.2,0.0,3.2,1,14.75,0.0,0.0,0.0,0.0,0.0,0.0,9817.48
5760_dose_600_gradient_0_VconcST_0_Vconc_3.2_run_1.csv,5760.0,600.0,0,3.2,0.0,3.2,1,15.0,0.0,0.0,0.0,0.0,0.0,0.0,207.528
5760_dose_600_gradient_0_VconcST_0_Vconc_3.2_run_1.csv,5760.0,600.0,0,3.2,0.0,3.2,1,15.25,0.0,0.0,0.0,0.0,0.0,0.0,10000.0
5760_dose_600_gradient_0_VconcST_0_Vconc_3.2_run_1.csv,5760.0,600.0,0,3.2,0.0,3.2,1,15.5,0.0,0.0,0.0,0.0,0.0,0.0,165.592
5760_dose_600_gradient_0_VconcST_0_Vconc_3.2_run_1.csv,5760.0,600.0,0,3.2,0.0,3.2,1,15.75,0.0,0.0,0.0,0.0,0.0,0.0,10000.0
5760_dose_600_gradient_0_VconcST_0_Vconc_3.2_run_1.csv,5760.0,600.0,0,3.2,0.0,3.2,1,16.0,0.0,0.0,0.0,0.0,0.0,0.0,148.941
5760_dose_600_gradient_0_VconcST_0_Vconc_3.2_run_1.csv,5760.0,600.0,0,3.2,0.0,3.2,1,16.25,0.0,0.0,0.0,0.0,0.00807509,0.0,10000.0
5760_dose_600_gradient_0_VconcST_0_Vconc_3.2_run_1.csv,5760.0,600.0,0,3.2,0.0,3.2,1,16.5,0.0,0.0,0.0,0.0,0.0,0.0,133.967
5760_dose_600_gradient_0_VconcST_0_Vconc_3.2_run_1.csv,5760.0,600.0,0,3.2,0.0,3.2,1,16.75,0.0,0.0,0.0,0.0,0.0,0.0,10000.0
5760_dose_600_gradient_0_VconcST_0_Vconc_3.2_run_1.csv,5760.0,600.0,0,3.2,0.0,3.2,1,17.0,0.0,0.0,0.0,0.0,0.0,0.0,125.93
5760_dose_600_gradient_0_VconcST_0_Vconc_3.2_run_1.csv,5760.0,600.0,0,3.2,0.0,3.2,1,17.25,0.0,0.0,0.0,0.0,0.0,0.0,10000.0
5760_dose_600_gradient_0_VconcST_0_Vconc_3.2_run_1.csv,5760.0,600.0,0,3.2,0.0,3.2,1,17.5,0.0,0.0,0.0,0.0,0.0,0.0,120.117
5760_dose_600_gradient_0_VconcST_0_Vconc_3.2_run_1.csv,5760.0,600.0,0,3.2,0.0,3.2,1,17.75,0.0,0.0,0.0,0.0,0.0,0.0,10000.0
5760_dose_600_gradient_0_VconcST_0_Vconc_3.2_run_1.csv,5760.0,600.0,0,3.2,0.0,3.2,1,18.0,0.0,0.0,0.0,0.0,0.0,0.0,121.079
5760_dose_600_gradient_0_VconcST_0_Vconc_3.2_run_1.csv,5760.0,600.0,0,3.2,0.0,3.2,1,18.25,0.0,0.0,0.0,0.0,0.0,0.0,10000.0
5760_dose_600_gradient_0_VconcST_0_Vconc_3.2_run_1.csv,5760.0,600.0,0,3.2,0.0,3.2,1,18.5,0.0,0.0,0.0,0.0,0.0,0.0,120.365
5760_dose_600_gradient_0_VconcST_0_Vconc_3.2_run_1.csv,5760.0,600.0,0,3.2,0.0,3.2,1,18.75,0.0,0.0,0.0,0.0,0.0,0.0,10000.0
5760_dose_600_gradient_0_VconcST_0_Vconc_3.2_run_1.csv,5760.0,600.0,0,3.2,0.0,3.2,1,19.0,0.0,0.0,0.0,0.0,0.00329427,0.0,119.009
5760_dose_600_gradient_0_VconcST_0_Vconc_3.2_run_1.csv,5760.0,600.0,0,3.2,0.0,3.2,1,19.25,0.0,0.0,0.0,0.0,0.0,0.0,10000.0
5760_dose_600_gradient_0_VconcST_0_Vconc_3.2_run_1.csv,5760.0,600.0,0,3.2,0.0,3.2,1,19.5,0.0,0.0,0.0,0.0,0.0,0.0,121.037
5760_dose_600_gradient_0_VconcST_0_Vconc_3.2_run_1.csv,5760.0,600.0,0,3.2,0.0,3.2,1,19.75,0.0,0.0,0.0,0.0,0.0,0.0,10000.0
5760_dose_600_gradient_0_VconcST_0_Vconc_3.2_run_1.csv,5760.0,600.0,0,3.2,0.0,3.2,1,20.0,0.0,0.0,0.0,0.0,0.0,0.0,2395.84
5760_dose_600_gradient_0_VconcST_0_Vconc_3.2_run_1.csv,5760.0,600.0,0,3.2,0.0,3.2,1,20.25,0.0,0.0,0.0,0.0,0.0,0.0,5194.96
5760_dose_600_gradient_0_VconcST_0_Vconc_3.2_run_1.csv,5760.0,600.0,0,3.2,0.0,3.2,1,20.5,0.0,0.0,0.0,0.0,0.0,0.0,3948.53
5760_dose_600_gradient_0_VconcST_0_Vconc_3.2_run_1.csv,5760.0,600.0,0,3.2,0.0,3.2,1,20.75,0.0,0.0,0.0,0.0,0.0,0.0,389.436
5760_dose_600_gradient_0_VconcST_0_Vconc_3.2_run_1.csv,5760.0,600.0,0,3.2,0.0,3.2,1,21.0,0.0,0.0,0.0,0.0,0.0,0.0,6338.12
5760_dose_600_gradient_0_VconcST_0_Vconc_3.2_run_1.csv,5760.0,600.0,0,3.2,0.0,3.2,1,21.25,0.0,0.0,0.0,0.0,0.0,0.0,388.008
5760_dose_600_gradient_0_VconcST_0_Vconc_3.2_run_1.csv,5760.0,600.0,0,3.2,0.0,3.2,1,21.5,0.0,0.0,0.0,0.0,0.0,0.0,6877.34
5760_dose_600_gradient_0_VconcST_0_Vconc_3.2_run_1.csv,5760.0,600.0,0,3.2,0.0,3.2,1,21.75,0.0,0.0,0.0,0.0,0.0,0.0,383.369
5760_dose_600_gradient_0_VconcST_0_Vconc_3.2_run_1.csv,5760.0,600.0,0,3.2,0.0,3.2,1,22.0,0.0,0.0,0.0,0.0,0.0,0.0,7925.45
5760_dose_600_gradient_0_VconcST_0_Vconc_3.2_run_1.csv,5760.0,600.0,0,3.2,0.0,3.2,1,22.25,0.0,0.0,0.0,0.0,0.0,0.0,334.079
5760_dose_600_gradient_0_VconcST_0_Vconc_3.2_run_1.csv,5760.0,600.0,0,3.2,0.0,3.2,1,22.5,0.0,0.0,0.0,0.0,0.0,0.0,9248.42
5760_dose_600_gradient_0_VconcST_0_Vconc_3.2_run_1.csv,5760.0,600.0,0,3.2,0.0,3.2,1,22.75,0.0,0.0,0.0,0.0,0.0,0.0,226.218
5760_dose_600_gradient_0_VconcST_0_Vconc_3.2_run_1.csv,5760.0,600.0,0,3.2,0.0,3.2,1,23.0,0.0,0.0,0.0,0.0,0.0,0.0,10000.0
5760_dose_600_gradient_0_VconcST_0_Vconc_3.2_run_1.csv,5760.0,600.0,0,3.2,0.0,3.2,1,23.25,0.0,0.0,0.0,0.0,0.0,0.0,161.382
5760_dose_600_gradient_0_VconcST_0_Vconc_3.2_run_1.csv,5760.0,600.0,0,3.2,0.0,3.2,1,23.5,0.0,0.0,0.0,0.0,0.0,0.0,10000.0
5760_dose_600_gradient_0_VconcST_0_Vconc_3.2_run_1.csv,5760.0,600.0,0,3.2,0.0,3.2,1,23.75,0.0,0.0,0.0,0.0,0.0,0.0,146.96
5760_dose_600_gradient_0_VconcST_0_Vconc_3.2_run_1.csv,5760.0,600.0,0,3.2,0.0,3.2,1,24.0,46.7175,600.0,0.018195,46.7175,0.00832248,0.0,10000.0
5760_dose_600_gradient_0_VconcST_0_Vconc_3.2_run_1.csv,5760.0,600.0,0,3.2,0.0,3.2,1,24.25,2816.07,588.109,1.09677,2816.07,0.0,0.999928,0.0148097
5760_dose_600_gradient_0_VconcST_0_Vconc_3.2_run_1.csv,5760.0,600.0,0,3.2,0.0,3.2,1,24.5,5520.02,576.453,2.14988,5520.02,0.0,0.999963,0.24021
5760_dose_600_gradient_0_VconcST_0_Vconc_3.2_run_1.csv,5760.0,600.0,0,3.2,0.0,3.2,1,24.75,8159.93,565.029,3.17804,8159.93,0.0,0.999975,0.146979
5760_dose_600_gradient_0_VconcST_0_Vconc_3.2_run_1.csv,5760.0,600.0,0,3.2,0.0,3.2,1,25.0,10737.1,553.83,4.18176,10737.1,0.0,0.999981,0.107061
5760_dose_600_gradient_0_VconcST_0_Vconc_3.2_run_1.csv,5760.0,600.0,0,3.2,0.0,3.2,1,25.25,13252.8,542.853,5.16155,13252.8,0.0,0.999985,0.0845039
5760_dose_600_gradient_0_VconcST_0_Vconc_3.2_run_1.csv,5760.0,600.0,0,3.2,0.0,3.2,1,25.5,15708.3,532.094,6.11789,15708.3,0.0,0.999987,0.069658
5760_dose_600_gradient_0_VconcST_0_Vconc_3.2_run_1.csv,5760.0,600.0,0,3.2,0.0,3.2,1,25.75,18104.8,521.549,7.05126,18104.8,0.0,0.999989,0.0594661
5760_dose_600_gradient_0_VconcST_0_Vconc_3.2_run_1.csv,5760.0,600.0,0,3.2,0.0,3.2,1,26.0,20443.6,511.213,7.96213,20443.6,0.0,0.99999,0.0521691
5760_dose_600_gradient_0_VconcST_0_Vconc_3.2_run_1.csv,5760.0,600.0,0,3.2,0.0,3.2,1,26.25,22725.7,501.081,8.85097,22725.7,0.0,0.999991,0.046792
5760_dose_600_gradient_0_VconcST_0_Vconc_3.2_run_1.csv,5760.0,600.0,0,3.2,0.0,3.2,1,26.5,24952.5,491.15,9.71822,24952.5,0.0,0.999992,0.0423557
5760_dose_600_gradient_0_VconcST_0_Vconc_3.2_run_1.csv,5760.0,600.0,0,3.2,0.0,3.2,1,26.75,27124.9,481.416,10.5643,27124.9,0.0,0.999993,0.0386373
5760_dose_600_gradient_0_VconcST_0_Vconc_3.2_run_1.csv,5760.0,600.0,0,3.2,0.0,3.2,1,27.0,29244.3,471.875,11.3897,29244.3,0.0,0.999993,0.03568
5760_dose_600_gradient_0_VconcST_0_Vconc_3.2_run_1.csv,5760.0,600.0,0,3.2,0.0,3.2,1,27.25,31311.5,462.523,12.1949,31311.5,0.0,0.999994,0.03326
5760_dose_600_gradient_0_VconcST_0_Vconc_3.2_run_1.csv,5760.0,600.0,0,3.2,0.0,3.2,1,27.5,33327.7,453.356,12.9801,33327.7,0.0,0.999994,0.031092
5760_dose_600_gradient_0_VconcST_0_Vconc_3.2_run_1.csv,5760.0,600.0,0,3.2,0.0,3.2,1,27.75,35294.0,444.371,13.7459,35294.0,0.0,0.999994,0.0292511
5760_dose_600_gradient_0_VconcST_0_Vconc_3.2_run_1.csv,5760.0,600.0,0,3.2,0.0,3.2,1,28.0,37211.3,435.564,14.4926,37211.3,0.0,0.999995,0.0278194
5760_dose_600_gradient_0_VconcST_0_Vconc_3.2_run_1.csv,5760.0,600.0,0,3.2,0.0,3.2,1,28.25,39080.7,426.932,15.2207,39080.7,0.0,0.999995,0.0265558
5760_dose_600_gradient_0_VconcST_0_Vconc_3.2_run_1.csv,5760.0,600.0,0,3.2,0.0,3.2,1,28.5,40903.2,418.471,15.9305,40903.2,0.0,0.999995,0.0250469
5760_dose_600_gradient_0_VconcST_0_Vconc_3.2_run_1.csv,5760.0,600.0,0,3.2,0.0,3.2,1,28.75,42679.7,410.177,16.6224,42679.7,0.0,0.999995,0.0241248
5760_dose_600_gradient_0_VconcST_0_Vconc_3.2_run_1.csv,5760.0,600.0,0,3.2,0.0,3.2,1,29.0,44411.2,402.048,17.2968,44411.2,0.0,0.999996,0.0232412
5760_dose_600_gradient_0_VconcST_0_Vconc_3.2_run_1.csv,5760.0,600.0,0,3.2,0.0,3.2,1,29.25,46098.6,394.08,17.954,46098.6,0.0,0.999996,0.0223153
5760_dose_600_gradient_0_VconcST_0_Vconc_3.2_run_1.csv,5760.0,600.0,0,3.2,0.0,3.2,1,29.5,47742.8,386.27,18.5943,47742.8,0.0,0.999996,0.0214364
5760_dose_600_gradient_0_VconcST_0_Vconc_3.2_run_1.csv,5760.0,600.0,0,3.2,0.0,3.2,1,29.75,49344.8,378.614,19.2183,49344.8,0.0,0.999996,0.0208076
5760_dose_600_gradient_0_VconcST_0_Vconc_3.2_run_1.csv,5760.0,600.0,0,3.2,0.0,3.2,1,30.0,50905.4,371.11,19.8261,50905.4,0.0,0.999996,0.0202045
5760_dose_600_gradient_0_VconcST_0_Vconc_3.2_run_1.csv,5760.0,600.0,0,3.2,0.0,3.2,1,30.25,52425.4,363.755,20.4181,52425.4,0.0,0.999996,0.0196014
5760_dose_600_gradient_0_VconcST_0_Vconc_3.2_run_1.csv,5760.0,600.0,0,3.2,0.0,3.2,1,30.5,53905.6,356.546,20.9946,53905.6,0.0,0.999996,0.0190156
5760_dose_600_gradient_0_VconcST_0_Vconc_3.2_run_1.csv,5760.0,600.0,0,3.2,0.0,3.2,1,30.75,55347.0,349.48,21.5559,55347.0,0.0,0.999996,0.0184158
5760_dose_600_gradient_0_VconcST_0_Vconc_3.2_run_1.csv,5760.0,600.0,0,3.2,0.0,3.2,1,31.0,56750.3,342.554,22.1025,56750.3,0.0,0.999996,0.0181286
5760_dose_600_gradient_0_VconcST_0_Vconc_3.2_run_1.csv,5760.0,600.0,0,3.2,0.0,3.2,1,31.25,58116.3,335.765,22.6345,58116.3,0.0,0.999997,0.0174905
5760_dose_600_gradient_0_VconcST_0_Vconc_3.2_run_1.csv,5760.0,600.0,0,3.2,0.0,3.2,1,31.5,59445.8,329.11,23.1523,59445.8,0.0,0.999997,0.0172095
5760_dose_600_gradient_0_VconcST_0_Vconc_3.2_run_1.csv,5760.0,600.0,0,3.2,0.0,3.2,1,31.75,60739.5,322.588,23.6562,60739.5,0.0,0.999997,0.0169146
5760_dose_600_gradient_0_VconcST_0_Vconc_3.2_run_1.csv,5760.0,600.0,0,3.2,0.0,3.2,1,32.0,61998.2,316.194,24.1464,61998.2,0.0,0.999997,0.0163219
5760_dose_600_gradient_0_VconcST_0_Vconc_3.2_run_1.csv,5760.0,600.0,0,3.2,0.0,3.2,1,32.25,63222.6,309.928,24.6233,63222.6,0.0,0.999997,0.0160231
5760_dose_600_gradient_0_VconcST_0_Vconc_3.2_run_1.csv,5760.0,600.0,0,3.2,0.0,3.2,1,32.5,64413.5,303.785,25.0871,64413.5,0.0,0.999997,0.0156954
5760_dose_600_gradient_0_VconcST_0_Vconc_3.2_run_1.csv,5760.0,600.0,0,3.2,0.0,3.2,1,32.75,65571.4,297.765,25.538,65571.4,0.0,0.999997,0.0154184
5760_dose_600_gradient_0_VconcST_0_Vconc_3.2_run_1.csv,5760.0,600.0,0,3.2,0.0,3.2,1,33.0,66697.3,291.863,25.9765,66697.3,0.0,0.999997,0.0157164
5760_dose_600_gradient_0_VconcST_0_Vconc_3.2_run_1.csv,5760.0,600.0,0,3.2,0.0,3.2,1,33.25,67791.5,286.079,26.4027,67791.5,0.0,0.999997,0.0153795
5760_dose_600_gradient_0_VconcST_0_Vconc_3.2_run_1.csv,5760.0,600.0,0,3.2,0.0,3.2,1,33.5,68855.0,280.409,26.8169,68855.0,0.0,0.999997,0.0150944
5760_dose_600_gradient_0_VconcST_0_Vconc_3.2_run_1.csv,5760.0,600.0,0,3.2,0.0,3.2,1,33.75,69888.3,274.852,27.2193,69888.3,0.0,0.999997,0.0148423
5760_dose_600_gradient_0_VconcST_0_Vconc_3.2_run_1.csv,5760.0,600.0,0,3.2,0.0,3.2,1,34.0,70892.0,269.405,27.6102,70892.0,0.0,0.999997,0.0144881
5760_dose_600_gradient_0_VconcST_0_Vconc_3.2_run_1.csv,5760.0,600.0,0,3.2,0.0,3.2,1,34.25,71866.7,264.066,27.9898,71866.7,0.0,0.999997,0.0145146
5760_dose_600_gradient_0_VconcST_0_Vconc_3.2_run_1.csv,5760.0,600.0,0,3.2,0.0,3.2,1,34.5,72813.1,258.832,28.3584,72813.1,0.0,0.999997,0.0142062
5760_dose_600_gradient_0_VconcST_0_Vconc_3.2_run_1.csv,5760.0,600.0,0,3.2,0.0,3.2,1,34.75,73731.7,253.702,28.7162,73731.7,0.0,0.999997,0.0138844
5760_dose_600_gradient_0_VconcST_0_Vconc_3.2_run_1.csv,5760.0,600.0,0,3.2,0.0,3.2,1,35.0,74623.2,248.674,29.0634,74623.2,0.0,0.999997,0.0138815
5760_dose_600_gradient_0_VconcST_0_Vconc_3.2_run_1.csv,5760.0,600.0,0,3.2,0.0,3.2,1,35.25,75488.1,243.746,29.4003,75488.1,0.0,0.999997,0.013596
5760_dose_600_gradient_0_VconcST_0_Vconc_3.2_run_1.csv,5760.0,600.0,0,3.2,0.0,3.2,1,35.5,76326.9,238.915,29.727,76326.9,0.0,0.999997,0.013577
5760_dose_600_gradient_0_VconcST_0_Vconc_3.2_run_1.csv,5760.0,600.0,0,3.2,0.0,3.2,1,35.75,77140.3,234.18,30.0437,77140.3,0.0,0.999997,0.0132808
5760_dose_600_gradient_0_VconcST_0_Vconc_3.2_run_1.csv,5760.0,600.0,0,3.2,0.0,3.2,1,36.0,77928.7,229.539,30.3508,77928.7,0.0,0.999997,0.0132845
5760_dose_600_gradient_0_VconcST_0_Vconc_3.2_run_1.csv,5760.0,600.0,0,3.2,0.0,3.2,1,36.25,78692.7,224.99,30.6484,78692.7,0.0,0.999997,0.013298
5760_dose_600_gradient_0_VconcST_0_Vconc_3.2_run_1.csv,5760.0,600.0,0,3.2,0.0,3.2,1,36.5,79432.9,220.531,30.9366,79432.9,0.0,0.999997,0.0129831
5760_dose_600_gradient_0_VconcST_0_Vconc_3.2_run_1.csv,5760.0,600.0,0,3.2,0.0,3.2,1,36.75,80149.6,216.16,31.2158,80149.6,0.0,0.999997,0.0129672
5760_dose_600_gradient_0_VconcST_0_Vconc_3.2_run_1.csv,5760.0,600.0,0,3.2,0.0,3.2,1,37.0,80843.5,211.876,31.486,80843.5,0.0,0.999997,0.0126655
5760_dose_600_gradient_0_VconcST_0_Vconc_3.2_run_1.csv,5760.0,600.0,0,3.2,0.0,3.2,1,37.25,81514.9,207.677,31.7475,81514.9,0.0,0.999997,0.0127029
5760_dose_600_gradient_0_VconcST_0_Vconc_3.2_run_1.csv,5760.0,600.0,0,3.2,0.0,3.2,1,37.5,82164.5,203.561,32.0005,82164.5,0.0,0.999998,0.0126717
5760_dose_600_gradient_0_VconcST_0_Vconc_3.2_run_1.csv,5760.0,600.0,0,3.2,0.0,3.2,1,37.75,82792.5,199.527,32.2451,82792.5,0.0,0.999998,0.0123844
5760_dose_600_gradient_0_VconcST_0_Vconc_3.2_run_1.csv,5760.0,600.0,0,3.2,0.0,3.2,1,38.0,83399.6,195.572,32.4815,83399.6,0.0,0.999998,0.012364
5760_dose_600_gradient_0_VconcST_0_Vconc_3.2_run_1.csv,5760.0,600.0,0,3.2,0.0,3.2,1,38.25,83986.0,191.696,32.71,83986.0,0.0,0.999998,0.012364
5760_dose_600_gradient_0_VconcST_0_Vconc_3.2_run_1.csv,5760.0,600.0,0,3.2,0.0,3.2,1,38.5,84552.4,187.897,32.9306,84552.4,0.0,0.999998,0.0121074
5760_dose_600_gradient_0_VconcST_0_Vconc_3.2_run_1.csv,5760.0,600.0,0,3.2,0.0,3.2,1,38.75,85099.1,184.173,33.1435,85099.1,0.0,0.999998,0.0120624
5760_dose_600_gradient_0_VconcST_0_Vconc_3.2_run_1.csv,5760.0,600.0,0,3.2,0.0,3.2,1,39.0,85626.6,180.523,33.3489,85626.6,0.0,0.999998,0.0120696
5760_dose_600_gradient_0_VconcST_0_Vconc_3.2_run_1.csv,5760.0,600.0,0,3.2,0.0,3.2,1,39.25,86135.1,176.945,33.547,86135.1,0.0,0.999998,0.0120696
5760_dose_600_gradient_0_VconcST_0_Vconc_3.2_run_1.csv,5760.0,600.0,0,3.2,0.0,3.2,1,39.5,86625.3,173.438,33.7379,86625.3,0.0,0.999998,0.011784
5760_dose_600_gradient_0_VconcST_0_Vconc_3.2_run_1.csv,5760.0,600.0,0,3.2,0.0,3.2,1,39.75,87097.4,170.001,33.9217,87097.4,0.0,0.999998,0.0117786
5760_dose_600_gradient_0_VconcST_0_Vconc_3.2_run_1.csv,5760.0,600.0,0,3.2,0.0,3.2,1,40.0,87551.8,166.632,34.0987,87551.8,0.0,0.999998,0.0117687
5760_dose_600_gradient_0_VconcST_0_Vconc_3.2_run_1.csv,5760.0,600.0,0,3.2,0.0,3.2,1,40.25,87989.0,163.329,34.269,87989.0,0.0,0.999998,0.0117609
5760_dose_600_gradient_0_VconcST_0_Vconc_3.2_run_1.csv,5760.0,600.0,0,3.2,0.0,3.2,1,40.5,88409.3,160.092,34.4327,88409.3,0.0,0.999998,0.0117724
5760_dose_600_gradient_0_VconcST_0_Vconc_3.2_run_1.csv,5760.0,600.0,0,3.2,0.0,3.2,1,40.75,88813.0,156.919,34.5899,88813.0,0.0,0.999998,0.0114593
5760_dose_600_gradient_0_VconcST_0_Vconc_3.2_run_1.csv,5760.0,600.0,0,3.2,0.0,3.2,1,41.0,89200.5,153.809,34.7408,89200.5,0.0,0.999998,0.0114698
5760_dose_600_gradient_0_VconcST_0_Vconc_3.2_run_1.csv,5760.0,600.0,0,3.2,0.0,3.2,1,41.25,89572.2,150.761,34.8856,89572.2,0.0,0.999998,0.0114674
5760_dose_600_gradient_0_VconcST_0_Vconc_3.2_run_1.csv,5760.0,600.0,0,3.2,0.0,3.2,1,41.5,89928.5,147.773,35.0244,89928.5,0.0,0.999998,0.0114593
5760_dose_600_gradient_0_VconcST_0_Vconc_8_run_0.csv,5760.0,600.0,0,8.0,0.0,8.0,0,0.0,0.0,0.0,0.0,0.0,0.0,0.0,0.0
5760_dose_600_gradient_0_VconcST_0_Vconc_8_run_0.csv,5760.0,600.0,0,8.0,0.0,8.0,0,0.25,0.0,0.0,0.0,0.0,0.0,0.0,10000.0
5760_dose_600_gradient_0_VconcST_0_Vconc_8_run_0.csv,5760.0,600.0,0,8.0,0.0,8.0,0,0.5,0.0,0.0,0.0,0.0,0.0,0.0,474.002
5760_dose_600_gradient_0_VconcST_0_Vconc_8_run_0.csv,5760.0,600.0,0,8.0,0.0,8.0,0,0.75,0.0,0.0,0.0,0.0,0.0,0.0,10000.0
5760_dose_600_gradient_0_VconcST_0_Vconc_8_run_0.csv,5760.0,600.0,0,8.0,0.0,8.0,0,1.0,0.0,0.0,0.0,0.0,0.0,0.0,419.726
5760_dose_600_gradient_0_VconcST_0_Vconc_8_run_0.csv,5760.0,600.0,0,8.0,0.0,8.0,0,1.25,0.0,0.0,0.0,0.0,0.0,0.0,10000.0
5760_dose_600_gradient_0_VconcST_0_Vconc_8_run_0.csv,5760.0,600.0,0,8.0,0.0,8.0,0,1.5,0.0,0.0,0.0,0.0,0.0,0.0,378.621
5760_dose_600_gradient_0_VconcST_0_Vconc_8_run_0.csv,5760.0,600.0,0,8.0,0.0,8.0,0,1.75,0.0,0.0,0.0,0.0,0.0,0.0,10000.0
5760_dose_600_gradient_0_VconcST_0_Vconc_8_run_0.csv,5760.0,600.0,0,8.0,0.0,8.0,0,2.0,0.0,0.0,0.0,0.0,0.0,0.0,366.822
5760_dose_600_gradient_0_VconcST_0_Vconc_8_run_0.csv,5760.0,600.0,0,8.0,0.0,8.0,0,2.25,0.0,0.0,0.0,0.0,0.0,0.0,10000.0
5760_dose_600_gradient_0_VconcST_0_Vconc_8_run_0.csv,5760.0,600.0,0,8.0,0.0,8.0,0,2.5,0.0,0.0,0.0,0.0,0.0,0.0,341.61
5760_dose_600_gradient_0_VconcST_0_Vconc_8_run_0.csv,5760.0,600.0,0,8.0,0.0,8.0,0,2.75,0.0,0.0,0.0,0.0,0.0,0.0,10000.0
5760_dose_600_gradient_0_VconcST_0_Vconc_8_run_0.csv,5760.0,600.0,0,8.0,0.0,8.0,0,3.0,0.0,0.0,0.0,0.0,0.0,0.0,349.837
5760_dose_600_gradient_0_VconcST_0_Vconc_8_run_0.csv,5760.0,600.0,0,8.0,0.0,8.0,0,3.25,0.0,0.0,0.0,0.0,0.0,0.0,10000.0
5760_dose_600_gradient_0_VconcST_0_Vconc_8_run_0.csv,5760.0,600.0,0,8.0,0.0,8.0,0,3.5,0.0,0.0,0.0,0.0,0.0,0.0,327.098
5760_dose_600_gradient_0_VconcST_0_Vconc_8_run_0.csv,5760.0,600.0,0,8.0,0.0,8.0,0,3.75,0.0,0.0,0.0,0.0,0.0,0.0,10000.0
5760_dose_600_gradient_0_VconcST_0_Vconc_8_run_0.csv,5760.0,600.0,0,8.0,0.0,8.0,0,4.0,0.0,0.0,0.0,0.0,0.0,0.0,323.998
5760_dose_600_gradient_0_VconcST_0_Vconc_8_run_0.csv,5760.0,600.0,0,8.0,0.0,8.0,0,4.25,0.0,0.0,0.0,0.0,0.0,0.0,1915.03
5760_dose_600_gradient_0_VconcST_0_Vconc_8_run_0.csv,5760.0,600.0,0,8.0,0.0,8.0,0,4.5,0.0,0.0,0.0,0.0,0.0,0.0,9911.19
5760_dose_600_gradient_0_VconcST_0_Vconc_8_run_0.csv,5760.0,600.0,0,8.0,0.0,8.0,0,4.75,0.0,0.0,0.0,0.0,0.0,0.0,908.831
5760_dose_600_gradient_0_VconcST_0_Vconc_8_run_0.csv,5760.0,600.0,0,8.0,0.0,8.0,0,5.0,0.0,0.0,0.0,0.0,0.0,0.0,10000.0
5760_dose_600_gradient_0_VconcST_0_Vconc_8_run_0.csv,5760.0,600.0,0,8.0,0.0,8.0,0,5.25,0.0,0.0,0.0,0.0,0.0,0.0,901.074
5760_dose_600_gradient_0_VconcST_0_Vconc_8_run_0.csv,5760.0,600.0,0,8.0,0.0,8.0,0,5.5,0.0,0.0,0.0,0.0,0.0,0.0,10000.0
5760_dose_600_gradient_0_VconcST_0_Vconc_8_run_0.csv,5760.0,600.0,0,8.0,0.0,8.0,0,5.75,0.0,0.0,0.0,0.0,0.0,0.0,895.855
5760_dose_600_gradient_0_VconcST_0_Vconc_8_run_0.csv,5760.0,600.0,0,8.0,0.0,8.0,0,6.0,0.0,0.0,0.0,0.0,0.0,0.0,10000.0
5760_dose_600_gradient_0_VconcST_0_Vconc_8_run_0.csv,5760.0,600.0,0,8.0,0.0,8.0,0,6.25,0.0,0.0,0.0,0.0,0.0,0.0,853.382
5760_dose_600_gradient_0_VconcST_0_Vconc_8_run_0.csv,5760.0,600.0,0,8.0,0.0,8.0,0,6.5,0.0,0.0,0.0,0.0,0.0,0.0,10000.0
5760_dose_600_gradient_0_VconcST_0_Vconc_8_run_0.csv,5760.0,600.0,0,8.0,0.0,8.0,0,6.75,0.0,0.0,0.0,0.0,0.0,0.0,642.196
5760_dose_600_gradient_0_VconcST_0_Vconc_8_run_0.csv,5760.0,600.0,0,8.0,0.0,8.0,0,7.0,0.0,0.0,0.0,0.0,0.0,0.0,10000.0
5760_dose_600_gradient_0_VconcST_0_Vconc_8_run_0.csv,5760.0,600.0,0,8.0,0.0,8.0,0,7.25,0.0,0.0,0.0,0.0,0.0,0.0,516.864
5760_dose_600_gradient_0_VconcST_0_Vconc_8_run_0.csv,5760.0,600.0,0,8.0,0.0,8.0,0,7.5,0.0,0.0,0.0,0.0,0.0,0.0,10000.0
5760_dose_600_gradient_0_VconcST_0_Vconc_8_run_0.csv,5760.0,600.0,0,8.0,0.0,8.0,0,7.75,0.0,0.0,0.0,0.0,0.0,0.0,505.132
5760_dose_600_gradient_0_VconcST_0_Vconc_8_run_0.csv,5760.0,600.0,0,8.0,0.0,8.0,0,8.0,0.0,0.0,0.0,0.0,0.00181424,0.0,10000.0
5760_dose_600_gradient_0_VconcST_0_Vconc_8_run_0.csv,5760.0,600.0,0,8.0,0.0,8.0,0,8.25,0.0,0.0,0.0,0.0,0.0,0.0,435.813
5760_dose_600_gradient_0_VconcST_0_Vconc_8_run_0.csv,5760.0,600.0,0,8.0,0.0,8.0,0,8.5,0.0,0.0,0.0,0.0,0.0,0.0,10000.0
5760_dose_600_gradient_0_VconcST_0_Vconc_8_run_0.csv,5760.0,600.0,0,8.0,0.0,8.0,0,8.75,0.0,0.0,0.0,0.0,0.0,0.0,421.947
5760_dose_600_gradient_0_VconcST_0_Vconc_8_run_0.csv,5760.0,600.0,0,8.0,0.0,8.0,0,9.0,0.0,0.0,0.0,0.0,0.0,0.0,10000.0
5760_dose_600_gradient_0_VconcST_0_Vconc_8_run_0.csv,5760.0,600.0,0,8.0,0.0,8.0,0,9.25,0.0,0.0,0.0,0.0,0.0,0.0,395.664
5760_dose_600_gradient_0_VconcST_0_Vconc_8_run_0.csv,5760.0,600.0,0,8.0,0.0,8.0,0,9.5,0.0,0.0,0.0,0.0,0.0,0.0,10000.0
5760_dose_600_gradient_0_VconcST_0_Vconc_8_run_0.csv,5760.0,600.0,0,8.0,0.0,8.0,0,9.75,0.0,0.0,0.0,0.0,0.000833333,0.0,404.306
5760_dose_600_gradient_0_VconcST_0_Vconc_8_run_0.csv,5760.0,600.0,0,8.0,0.0,8.0,0,10.0,0.0,0.0,0.0,0.0,0.0,0.0,10000.0
5760_dose_600_gradient_0_VconcST_0_Vconc_8_run_0.csv,5760.0,600.0,0,8.0,0.0,8.0,0,10.25,0.0,0.0,0.0,0.0,0.0,0.0,345.898
5760_dose_600_gradient_0_VconcST_0_Vconc_8_run_0.csv,5760.0,600.0,0,8.0,0.0,8.0,0,10.5,0.0,0.0,0.0,0.0,0.0,0.0,10000.0
5760_dose_600_gradient_0_VconcST_0_Vconc_8_run_0.csv,5760.0,600.0,0,8.0,0.0,8.0,0,10.75,0.0,0.0,0.0,0.0,0.0,0.0,349.364
5760_dose_600_gradient_0_VconcST_0_Vconc_8_run_0.csv,5760.0,600.0,0,8.0,0.0,8.0,0,11.0,0.0,0.0,0.0,0.0,0.0,0.0,10000.0
5760_dose_600_gradient_0_VconcST_0_Vconc_8_run_0.csv,5760.0,600.0,0,8.0,0.0,8.0,0,11.25,0.0,0.0,0.0,0.0,0.0,0.0,341.794
5760_dose_600_gradient_0_VconcST_0_Vconc_8_run_0.csv,5760.0,600.0,0,8.0,0.0,8.0,0,11.5,0.0,0.0,0.0,0.0,0.0,0.0,10000.0
5760_dose_600_gradient_0_VconcST_0_Vconc_8_run_0.csv,5760.0,600.0,0,8.0,0.0,8.0,0,11.75,0.0,0.0,0.0,0.0,0.0,0.0,326.345
5760_dose_600_gradient_0_VconcST_0_Vconc_8_run_0.csv,5760.0,600.0,0,8.0,0.0,8.0,0,12.0,0.0,0.0,0.0,0.0,0.0,0.0,10000.0
5760_dose_600_gradient_0_VconcST_0_Vconc_8_run_0.csv,5760.0,600.0,0,8.0,0.0,8.0,0,12.25,0.0,0.0,0.0,0.0,0.0,0.0,4407.14
5760_dose_600_gradient_0_VconcST_0_Vconc_8_run_0.csv,5760.0,600.0,0,8.0,0.0,8.0,0,12.5,0.0,0.0,0.0,0.0,0.0,0.0,5448.16
5760_dose_600_gradient_0_VconcST_0_Vconc_8_run_0.csv,5760.0,600.0,0,8.0,0.0,8.0,0,12.75,0.0,0.0,0.0,0.0,0.0,0.0,6019.89
5760_dose_600_gradient_0_VconcST_0_Vconc_8_run_0.csv,5760.0,600.0,0,8.0,0.0,8.0,0,13.0,0.0,0.0,0.0,0.0,0.0,0.0,897.429
5760_dose_600_gradient_0_VconcST_0_Vconc_8_run_0.csv,5760.0,600.0,0,8.0,0.0,8.0,0,13.25,0.0,0.0,0.0,0.0,0.0,0.0,10000.0
5760_dose_600_gradient_0_VconcST_0_Vconc_8_run_0.csv,5760.0,600.0,0,8.0,0.0,8.0,0,13.5,0.0,0.0,0.0,0.0,0.0,0.0,895.225
5760_dose_600_gradient_0_VconcST_0_Vconc_8_run_0.csv,5760.0,600.0,0,8.0,0.0,8.0,0,13.75,0.0,0.0,0.0,0.0,0.0,0.0,10000.0
5760_dose_600_gradient_0_VconcST_0_Vconc_8_run_0.csv,5760.0,600.0,0,8.0,0.0,8.0,0,14.0,0.0,0.0,0.0,0.0,0.0,0.0,892.947
5760_dose_600_gradient_0_VconcST_0_Vconc_8_run_0.csv,5760.0,600.0,0,8.0,0.0,8.0,0,14.25,0.0,0.0,0.0,0.0,0.0,0.0,10000.0
5760_dose_600_gradient_0_VconcST_0_Vconc_8_run_0.csv,5760.0,600.0,0,8.0,0.0,8.0,0,14.5,0.0,0.0,0.0,0.0,0.0,0.0,812.136
5760_dose_600_gradient_0_VconcST_0_Vconc_8_run_0.csv,5760.0,600.0,0,8.0,0.0,8.0,0,14.75,0.0,0.0,0.0,0.0,0.0,0.0,10000.0
5760_dose_600_gradient_0_VconcST_0_Vconc_8_run_0.csv,5760.0,600.0,0,8.0,0.0,8.0,0,15.0,0.0,0.0,0.0,0.0,0.0,0.0,663.245
5760_dose_600_gradient_0_VconcST_0_Vconc_8_run_0.csv,5760.0,600.0,0,8.0,0.0,8.0,0,15.25,0.0,0.0,0.0,0.0,0.0,0.0,10000.0
5760_dose_600_gradient_0_VconcST_0_Vconc_8_run_0.csv,5760.0,600.0,0,8.0,0.0,8.0,0,15.5,0.0,0.0,0.0,0.0,0.0,0.0,568.561
5760_dose_600_gradient_0_VconcST_0_Vconc_8_run_0.csv,5760.0,600.0,0,8.0,0.0,8.0,0,15.75,0.0,0.0,0.0,0.0,0.0,0.0,10000.0
5760_dose_600_gradient_0_VconcST_0_Vconc_8_run_0.csv,5760.0,600.0,0,8.0,0.0,8.0,0,16.0,0.0,0.0,0.0,0.0,0.0,0.0,510.337
5760_dose_600_gradient_0_VconcST_0_Vconc_8_run_0.csv,5760.0,600.0,0,8.0,0.0,8.0,0,16.25,0.0,0.0,0.0,0.0,0.00643229,0.0,10000.0
5760_dose_600_gradient_0_VconcST_0_Vconc_8_run_0.csv,5760.0,600.0,0,8.0,0.0,8.0,0,16.5,0.0,0.0,0.0,0.0,0.0,0.0,482.151
5760_dose_600_gradient_0_VconcST_0_Vconc_8_run_0.csv,5760.0,600.0,0,8.0,0.0,8.0,0,16.75,0.0,0.0,0.0,0.0,0.00849175,0.0,10000.0
5760_dose_600_gradient_0_VconcST_0_Vconc_8_run_0.csv,5760.0,600.0,0,8.0,0.0,8.0,0,17.0,0.0,0.0,0.0,0.0,0.0,0.0,428.677
5760_dose_600_gradient_0_VconcST_0_Vconc_8_run_0.csv,5760.0,600.0,0,8.0,0.0,8.0,0,17.25,0.0,0.0,0.0,0.0,0.0,0.0,10000.0
5760_dose_600_gradient_0_VconcST_0_Vconc_8_run_0.csv,5760.0,600.0,0,8.0,0.0,8.0,0,17.5,0.0,0.0,0.0,0.0,0.00160156,0.0,377.241
5760_dose_600_gradient_0_VconcST_0_Vconc_8_run_0.csv,5760.0,600.0,0,8.0,0.0,8.0,0,17.75,0.0,0.0,0.0,0.0,0.0,0.0,10000.0
5760_dose_600_gradient_0_VconcST_0_Vconc_8_run_0.csv,5760.0,600.0,0,8.0,0.0,8.0,0,18.0,0.0,0.0,0.0,0.0,0.00236979,0.0,363.964
5760_dose_600_gradient_0_VconcST_0_Vconc_8_run_0.csv,5760.0,600.0,0,8.0,0.0,8.0,0,18.25,0.0,0.0,0.0,0.0,0.0,0.0,10000.0
5760_dose_600_gradient_0_VconcST_0_Vconc_8_run_0.csv,5760.0,600.0,0,8.0,0.0,8.0,0,18.5,0.0,0.0,0.0,0.0,0.0,0.0,370.771
5760_dose_600_gradient_0_VconcST_0_Vconc_8_run_0.csv,5760.0,600.0,0,8.0,0.0,8.0,0,18.75,0.0,0.0,0.0,0.0,0.0,0.0,10000.0
5760_dose_600_gradient_0_VconcST_0_Vconc_8_run_0.csv,5760.0,600.0,0,8.0,0.0,8.0,0,19.0,0.0,0.0,0.0,0.0,0.0,0.0,362.177
5760_dose_600_gradient_0_VconcST_0_Vconc_8_run_0.csv,5760.0,600.0,0,8.0,0.0,8.0,0,19.25,0.0,0.0,0.0,0.0,0.0,0.0,10000.0
5760_dose_600_gradient_0_VconcST_0_Vconc_8_run_0.csv,5760.0,600.0,0,8.0,0.0,8.0,0,19.5,0.0,0.0,0.0,0.0,0.0,0.0,325.302
5760_dose_600_gradient_0_VconcST_0_Vconc_8_run_0.csv,5760.0,600.0,0,8.0,0.0,8.0,0,19.75,0.0,0.0,0.0,0.0,0.0,0.0,10000.0
5760_dose_600_gradient_0_VconcST_0_Vconc_8_run_0.csv,5760.0,600.0,0,8.0,0.0,8.0,0,20.0,0.0,0.0,0.0,0.0,0.0,0.0,325.35
5760_dose_600_gradient_0_VconcST_0_Vconc_8_run_0.csv,5760.0,600.0,0,8.0,0.0,8.0,0,20.25,0.0,0.0,0.0,0.0,0.0,0.0,5937.43
5760_dose_600_gradient_0_VconcST_0_Vconc_8_run_0.csv,5760.0,600.0,0,8.0,0.0,8.0,0,20.5,0.0,0.0,0.0,0.0,0.0,0.0,5083.34
5760_dose_600_gradient_0_VconcST_0_Vconc_8_run_0.csv,5760.0,600.0,0,8.0,0.0,8.0,0,20.75,0.0,0.0,0.0,0.0,0.0,0.0,5445.03
5760_dose_600_gradient_0_VconcST_0_Vconc_8_run_0.csv,5760.0,600.0,0,8.0,0.0,8.0,0,21.0,0.0,0.0,0.0,0.0,0.0,0.0,5154.79
5760_dose_600_gradient_0_VconcST_0_Vconc_8_run_0.csv,5760.0,600.0,0,8.0,0.0,8.0,0,21.25,0.0,0.0,0.0,0.0,0.0,0.0,915.078
5760_dose_600_gradient_0_VconcST_0_Vconc_8_run_0.csv,5760.0,600.0,0,8.0,0.0,8.0,0,21.5,0.0,0.0,0.0,0.0,0.0,0.0,10000.0
5760_dose_600_gradient_0_VconcST_0_Vconc_8_run_0.csv,5760.0,600.0,0,8.0,0.0,8.0,0,21.75,0.0,0.0,0.0,0.0,0.0,0.0,909.023
5760_dose_600_gradient_0_VconcST_0_Vconc_8_run_0.csv,5760.0,600.0,0,8.0,0.0,8.0,0,22.0,0.0,0.0,0.0,0.0,0.0,0.0,10000.0
5760_dose_600_gradient_0_VconcST_0_Vconc_8_run_0.csv,5760.0,600.0,0,8.0,0.0,8.0,0,22.25,0.0,0.0,0.0,0.0,0.0,0.0,885.407
5760_dose_600_gradient_0_VconcST_0_Vconc_8_run_0.csv,5760.0,600.0,0,8.0,0.0,8.0,0,22.5,0.0,0.0,0.0,0.0,0.0,0.0,10000.0
5760_dose_600_gradient_0_VconcST_0_Vconc_8_run_0.csv,5760.0,600.0,0,8.0,0.0,8.0,0,22.75,0.0,0.0,0.0,0.0,0.0,0.0,812.348
5760_dose_600_gradient_0_VconcST_0_Vconc_8_run_0.csv,5760.0,600.0,0,8.0,0.0,8.0,0,23.0,0.0,0.0,0.0,0.0,0.0,0.0,10000.0
5760_dose_600_gradient_0_VconcST_0_Vconc_8_run_0.csv,5760.0,600.0,0,8.0,0.0,8.0,0,23.25,0.0,0.0,0.0,0.0,0.0,0.0,699.803
5760_dose_600_gradient_0_VconcST_0_Vconc_8_run_0.csv,5760.0,600.0,0,8.0,0.0,8.0,0,23.5,0.0,0.0,0.0,0.0,0.0,0.0,10000.0
5760_dose_600_gradient_0_VconcST_0_Vconc_8_run_0.csv,5760.0,600.0,0,8.0,0.0,8.0,0,23.75,0.0,0.0,0.0,0.0,0.0,0.0,582.804
5760_dose_600_gradient_0_VconcST_0_Vconc_8_run_0.csv,5760.0,600.0,0,8.0,0.0,8.0,0,24.0,46.7175,600.0,0.018195,46.7175,0.0,0.0,10000.0
5760_dose_600_gradient_0_VconcST_0_Vconc_8_run_0.csv,5760.0,600.0,0,8.0,0.0,8.0,0,24.25,2816.07,588.109,1.09677,2816.07,0.0,0.999928,0.0370051
5760_dose_600_gradient_0_VconcST_0_Vconc_8_run_0.csv,5760.0,600.0,0,8.0,0.0,8.0,0,24.5,5520.02,576.453,2.14988,5520.02,0.0,0.999963,0.60202
5760_dose_600_gradient_0_VconcST_0_Vconc_8_run_0.csv,5760.0,600.0,0,8.0,0.0,8.0,0,24.75,8159.93,565.029,3.17804,8159.93,0.0,0.999975,0.36705
5760_dose_600_gradient_0_VconcST_0_Vconc_8_run_0.csv,5760.0,600.0,0,8.0,0.0,8.0,0,25.0,10737.1,553.83,4.18176,10737.1,0.0,0.999981,0.267109
5760_dose_600_gradient_0_VconcST_0_Vconc_8_run_0.csv,5760.0,600.0,0,8.0,0.0,8.0,0,25.25,13252.8,542.853,5.16155,13252.8,0.0,0.999985,0.210507
5760_dose_600_gradient_0_VconcST_0_Vconc_8_run_0.csv,5760.0,600.0,0,8.0,0.0,8.0,0,25.5,15708.3,532.094,6.11789,15708.3,0.0,0.999987,0.174344
5760_dose_600_gradient_0_VconcST_0_Vconc_8_run_0.csv,5760.0,600.0,0,8.0,0.0,8.0,0,25.75,18104.8,521.549,7.05126,18104.8,0.0,0.999989,0.148508
5760_dose_600_gradient_0_VconcST_0_Vconc_8_run_0.csv,5760.0,600.0,0,8.0,0.0,8.0,0,26.0,20443.6,511.213,7.96213,20443.6,0.0,0.99999,0.130558
5760_dose_600_gradient_0_VconcST_0_Vconc_8_run_0.csv,5760.0,600.0,0,8.0,0.0,8.0,0,26.25,22725.7,501.081,8.85097,22725.7,0.0,0.999991,0.117157
5760_dose_600_gradient_0_VconcST_0_Vconc_8_run_0.csv,5760.0,600.0,0,8.0,0.0,8.0,0,26.5,24952.5,491.15,9.71822,24952.5,0.0,0.999992,0.105704
5760_dose_600_gradient_0_VconcST_0_Vconc_8_run_0.csv,5760.0,600.0,0,8.0,0.0,8.0,0,26.75,27124.9,481.416,10.5643,27124.9,0.0,0.999993,0.0964945
5760_dose_600_gradient_0_VconcST_0_Vconc_8_run_0.csv,5760.0,600.0,0,8.0,0.0,8.0,0,27.0,29244.3,471.875,11.3897,29244.3,0.0,0.999993,0.0889568
5760_dose_600_gradient_0_VconcST_0_Vconc_8_run_0.csv,5760.0,600.0,0,8.0,0.0,8.0,0,27.25,31311.5,462.523,12.1949,31311.5,0.0,0.999994,0.0829262
5760_dose_600_gradient_0_VconcST_0_Vconc_8_run_0.csv,5760.0,600.0,0,8.0,0.0,8.0,0,27.5,33327.7,453.356,12.9801,33327.7,0.0,0.999994,0.0778646
5760_dose_600_gradient_0_VconcST_0_Vconc_8_run_0.csv,5760.0,600.0,0,8.0,0.0,8.0,0,27.75,35294.0,444.371,13.7459,35294.0,0.0,0.999994,0.0735759
5760_dose_600_gradient_0_VconcST_0_Vconc_8_run_0.csv,5760.0,600.0,0,8.0,0.0,8.0,0,28.0,37211.3,435.564,14.4926,37211.3,0.0,0.999995,0.0694327
5760_dose_600_gradient_0_VconcST_0_Vconc_8_run_0.csv,5760.0,600.0,0,8.0,0.0,8.0,0,28.25,39080.7,426.932,15.2207,39080.7,0.0,0.999995,0.0664789
5760_dose_600_gradient_0_VconcST_0_Vconc_8_run_0.csv,5760.0,600.0,0,8.0,0.0,8.0,0,28.5,40903.2,418.471,15.9305,40903.2,0.0,0.999995,0.0625722
5760_dose_600_gradient_0_VconcST_0_Vconc_8_run_0.csv,5760.0,600.0,0,8.0,0.0,8.0,0,28.75,42679.7,410.177,16.6224,42679.7,0.0,0.999995,0.0604187
5760_dose_600_gradient_0_VconcST_0_Vconc_8_run_0.csv,5760.0,600.0,0,8.0,0.0,8.0,0,29.0,44411.2,402.048,17.2968,44411.2,0.0,0.999996,0.0580489
5760_dose_600_gradient_0_VconcST_0_Vconc_8_run_0.csv,5760.0,600.0,0,8.0,0.0,8.0,0,29.25,46098.6,394.08,17.954,46098.6,0.0,0.999996,0.0557873
5760_dose_600_gradient_0_VconcST_0_Vconc_8_run_0.csv,5760.0,600.0,0,8.0,0.0,8.0,0,29.5,47742.8,386.27,18.5943,47742.8,0.0,0.999996,0.0535751
5760_dose_600_gradient_0_VconcST_0_Vconc_8_run_0.csv,5760.0,600.0,0,8.0,0.0,8.0,0,29.75,49344.8,378.614,19.2183,49344.8,0.0,0.999996,0.0520768
5760_dose_600_gradient_0_VconcST_0_Vconc_8_run_0.csv,5760.0,600.0,0,8.0,0.0,8.0,0,30.0,50905.4,371.11,19.8261,50905.4,0.0,0.999996,0.050587
5760_dose_600_gradient_0_VconcST_0_Vconc_8_run_0.csv,5760.0,600.0,0,8.0,0.0,8.0,0,30.25,52425.4,363.755,20.4181,52425.4,0.0,0.999996,0.0490028
5760_dose_600_gradient_0_VconcST_0_Vconc_8_run_0.csv,5760.0,600.0,0,8.0,0.0,8.0,0,30.5,53905.6,356.546,20.9946,53905.6,0.0,0.999996,0.0475386
5760_dose_600_gradient_0_VconcST_0_Vconc_8_run_0.csv,5760.0,600.0,0,8.0,0.0,8.0,0,30.75,55347.0,349.48,21.5559,55347.0,0.0,0.999996,0.0459873
5760_dose_600_gradient_0_VconcST_0_Vconc_8_run_0.csv,5760.0,600.0,0,8.0,0.0,8.0,0,31.0,56750.3,342.554,22.1025,56750.3,0.0,0.999996,0.0453162
5760_dose_600_gradient_0_VconcST_0_Vconc_8_run_0.csv,5760.0,600.0,0,8.0,0.0,8.0,0,31.25,58116.3,335.765,22.6345,58116.3,0.0,0.999997,0.0439192
5760_dose_600_gradient_0_VconcST_0_Vconc_8_run_0.csv,5760.0,600.0,0,8.0,0.0,8.0,0,31.5,59445.8,329.11,23.1523,59445.8,0.0,0.999997,0.0430021
5760_dose_600_gradient_0_VconcST_0_Vconc_8_run_0.csv,5760.0,600.0,0,8.0,0.0,8.0,0,31.75,60739.5,322.588,23.6562,60739.5,0.0,0.999997,0.0422179
5760_dose_600_gradient_0_VconcST_0_Vconc_8_run_0.csv,5760.0,600.0,0,8.0,0.0,8.0,0,32.0,61998.2,316.194,24.1464,61998.2,0.0,0.999997,0.0407102
5760_dose_600_gradient_0_VconcST_0_Vconc_8_run_0.csv,5760.0,600.0,0,8.0,0.0,8.0,0,32.25,63222.6,309.928,24.6233,63222.6,0.0,0.999997,0.0399562
5760_dose_600_gradient_0_VconcST_0_Vconc_8_run_0.csv,5760.0,600.0,0,8.0,0.0,8.0,0,32.5,64413.5,303.785,25.0871,64413.5,0.0,0.999997,0.0393703
5760_dose_600_gradient_0_VconcST_0_Vconc_8_run_0.csv,5760.0,600.0,0,8.0,0.0,8.0,0,32.75,65571.4,297.765,25.538,65571.4,0.0,0.999997,0.0385311
5760_dose_600_gradient_0_VconcST_0_Vconc_8_run_0.csv,5760.0,600.0,0,8.0,0.0,8.0,0,33.0,66697.3,291.863,25.9765,66697.3,0.0,0.999997,0.0393817
5760_dose_600_gradient_0_VconcST_0_Vconc_8_run_0.csv,5760.0,600.0,0,8.0,0.0,8.0,0,33.25,67791.5,286.079,26.4027,67791.5,0.0,0.999997,0.0384919
5760_dose_600_gradient_0_VconcST_0_Vconc_8_run_0.csv,5760.0,600.0,0,8.0,0.0,8.0,0,33.5,68855.0,280.409,26.8169,68855.0,0.0,0.999997,0.0377292
5760_dose_600_gradient_0_VconcST_0_Vconc_8_run_0.csv,5760.0,600.0,0,8.0,0.0,8.0,0,33.75,69888.3,274.852,27.2193,69888.3,0.0,0.999997,0.0369889
5760_dose_600_gradient_0_VconcST_0_Vconc_8_run_0.csv,5760.0,600.0,0,8.0,0.0,8.0,0,34.0,70892.0,269.405,27.6102,70892.0,0.0,0.999997,0.036187
5760_dose_600_gradient_0_VconcST_0_Vconc_8_run_0.csv,5760.0,600.0,0,8.0,0.0,8.0,0,34.25,71866.7,264.066,27.9898,71866.7,0.0,0.999997,0.0362963
5760_dose_600_gradient_0_VconcST_0_Vconc_8_run_0.csv,5760.0,600.0,0,8.0,0.0,8.0,0,34.5,72813.1,258.832,28.3584,72813.1,0.0,0.999997,0.0354754
5760_dose_600_gradient_0_VconcST_0_Vconc_8_run_0.csv,5760.0,600.0,0,8.0,0.0,8.0,0,34.75,73731.7,253.702,28.7162,73731.7,0.0,0.999997,0.0346792
5760_dose_600_gradient_0_VconcST_0_Vconc_8_run_0.csv,5760.0,600.0,0,8.0,0.0,8.0,0,35.0,74623.2,248.674,29.0634,74623.2,0.0,0.999997,0.0347535
5760_dose_600_gradient_0_VconcST_0_Vconc_8_run_0.csv,5760.0,600.0,0,8.0,0.0,8.0,0,35.25,75488.1,243.746,29.4003,75488.1,0.0,0.999997,0.033967
5760_dose_600_gradient_0_VconcST_0_Vconc_8_run_0.csv,5760.0,600.0,0,8.0,0.0,8.0,0,35.5,76326.9,238.915,29.727,76326.9,0.0,0.999997,0.034022
5760_dose_600_gradient_0_VconcST_0_Vconc_8_run_0.csv,5760.0,600.0,0,8.0,0.0,8.0,0,35.75,77140.3,234.18,30.0437,77140.3,0.0,0.999997,0.0331714
5760_dose_600_gradient_0_VconcST_0_Vconc_8_run_0.csv,5760.0,600.0,0,8.0,0.0,8.0,0,36.0,77928.7,229.539,30.3508,77928.7,0.0,0.999997,0.0333043
5760_dose_600_gradient_0_VconcST_0_Vconc_8_run_0.csv,5760.0,600.0,0,8.0,0.0,8.0,0,36.25,78692.7,224.99,30.6484,78692.7,0.0,0.999997,0.0331714
5760_dose_600_gradient_0_VconcST_0_Vconc_8_run_0.csv,5760.0,600.0,0,8.0,0.0,8.0,0,36.5,79432.9,220.531,30.9366,79432.9,0.0,0.999997,0.0324175
5760_dose_600_gradient_0_VconcST_0_Vconc_8_run_0.csv,5760.0,600.0,0,8.0,0.0,8.0,0,36.75,80149.6,216.16,31.2158,80149.6,0.0,0.999997,0.0324175
5760_dose_600_gradient_0_VconcST_0_Vconc_8_run_0.csv,5760.0,600.0,0,8.0,0.0,8.0,0,37.0,80843.5,211.876,31.486,80843.5,0.0,0.999997,0.0316637
5760_dose_600_gradient_0_VconcST_0_Vconc_8_run_0.csv,5760.0,600.0,0,8.0,0.0,8.0,0,37.25,81514.9,207.677,31.7475,81514.9,0.0,0.999997,0.0317149
5760_dose_600_gradient_0_VconcST_0_Vconc_8_run_0.csv,5760.0,600.0,0,8.0,0.0,8.0,0,37.5,82164.5,203.561,32.0005,82164.5,0.0,0.999998,0.0317283
5760_dose_600_gradient_0_VconcST_0_Vconc_8_run_0.csv,5760.0,600.0,0,8.0,0.0,8.0,0,37.75,82792.5,199.527,32.2451,82792.5,0.0,0.999998,0.0309966
5760_dose_600_gradient_0_VconcST_0_Vconc_8_run_0.csv,5760.0,600.0,0,8.0,0.0,8.0,0,38.0,83399.6,195.572,32.4815,83399.6,0.0,0.999998,0.0309977
5760_dose_600_gradient_0_VconcST_0_Vconc_8_run_0.csv,5760.0,600.0,0,8.0,0.0,8.0,0,38.25,83986.0,191.696,32.71,83986.0,0.0,0.999998,0.0309314
5760_dose_600_gradient_0_VconcST_0_Vconc_8_run_0.csv,5760.0,600.0,0,8.0,0.0,8.0,0,38.5,84552.4,187.897,32.9306,84552.4,0.0,0.999998,0.030177
5760_dose_600_gradient_0_VconcST_0_Vconc_8_run_0.csv,5760.0,600.0,0,8.0,0.0,8.0,0,38.75,85099.1,184.173,33.1435,85099.1,0.0,0.999998,0.0302194
5760_dose_600_gradient_0_VconcST_0_Vconc_8_run_0.csv,5760.0,600.0,0,8.0,0.0,8.0,0,39.0,85626.6,180.523,33.3489,85626.6,0.0,0.999998,0.0301558
5760_dose_600_gradient_0_VconcST_0_Vconc_8_run_0.csv,5760.0,600.0,0,8.0,0.0,8.0,0,39.25,86135.1,176.945,33.547,86135.1,0.0,0.999998,0.0301738
5760_dose_600_gradient_0_VconcST_0_Vconc_8_run_0.csv,5760.0,600.0,0,8.0,0.0,8.0,0,39.5,86625.3,173.438,33.7379,86625.3,0.0,0.999998,0.0294227
5760_dose_600_gradient_0_VconcST_0_Vconc_8_run_0.csv,5760.0,600.0,0,8.0,0.0,8.0,0,39.75,87097.4,170.001,33.9217,87097.4,0.0,0.999998,0.0294021
5760_dose_600_gradient_0_VconcST_0_Vconc_8_run_0.csv,5760.0,600.0,0,8.0,0.0,8.0,0,40.0,87551.8,166.632,34.0987,87551.8,0.0,0.999998,0.0294382
5760_dose_600_gradient_0_VconcST_0_Vconc_8_run_0.csv,5760.0,600.0,0,8.0,0.0,8.0,0,40.25,87989.0,163.329,34.269,87989.0,0.0,0.999998,0.0295168
5760_dose_600_gradient_0_VconcST_0_Vconc_8_run_0.csv,5760.0,600.0,0,8.0,0.0,8.0,0,40.5,88409.3,160.092,34.4327,88409.3,0.0,0.999998,0.0294021
5760_dose_600_gradient_0_VconcST_0_Vconc_8_run_0.csv,5760.0,600.0,0,8.0,0.0,8.0,0,40.75,88813.0,156.919,34.5899,88813.0,0.0,0.999998,0.0286792
5760_dose_600_gradient_0_VconcST_0_Vconc_8_run_0.csv,5760.0,600.0,0,8.0,0.0,8.0,0,41.0,89200.5,153.809,34.7408,89200.5,0.0,0.999998,0.028648
5760_dose_600_gradient_0_VconcST_0_Vconc_8_run_0.csv,5760.0,600.0,0,8.0,0.0,8.0,0,41.25,89572.2,150.761,34.8856,89572.2,0.0,0.999998,0.028648
5760_dose_600_gradient_0_VconcST_0_Vconc_8_run_0.csv,5760.0,600.0,0,8.0,0.0,8.0,0,41.5,89928.5,147.773,35.0244,89928.5,0.0,0.999998,0.028648
5760_dose_600_gradient_0_VconcST_0_Vconc_8_run_1.csv,5760.0,600.0,0,8.0,0.0,8.0,1,0.0,0.0,0.0,0.0,0.0,0.0,0.0,0.0
5760_dose_600_gradient_0_VconcST_0_Vconc_8_run_1.csv,5760.0,600.0,0,8.0,0.0,8.0,1,0.25,0.0,0.0,0.0,0.0,0.0,0.0,10000.0
5760_dose_600_gradient_0_VconcST_0_Vconc_8_run_1.csv,5760.0,600.0,0,8.0,0.0,8.0,1,0.5,0.0,0.0,0.0,0.0,0.0,0.0,423.386
5760_dose_600_gradient_0_VconcST_0_Vconc_8_run_1.csv,5760.0,600.0,0,8.0,0.0,8.0,1,0.75,0.0,0.0,0.0,0.0,0.0,0.0,10000.0
5760_dose_600_gradient_0_VconcST_0_Vconc_8_run_1.csv,5760.0,600.0,0,8.0,0.0,8.0,1,1.0,0.0,0.0,0.0,0.0,0.0,0.0,383.246
5760_dose_600_gradient_0_VconcST_0_Vconc_8_run_1.csv,5760.0,600.0,0,8.0,0.0,8.0,1,1.25,0.0,0.0,0.0,0.0,0.0,0.0,10000.0
5760_dose_600_gradient_0_VconcST_0_Vconc_8_run_1.csv,5760.0,600.0,0,8.0,0.0,8.0,1,1.5,0.0,0.0,0.0,0.0,5.85938e-05,0.0,387.273
5760_dose_600_gradient_0_VconcST_0_Vconc_8_run_1.csv,5760.0,600.0,0,8.0,0.0,8.0,1,1.75,0.0,0.0,0.0,0.0,0.0,0.0,10000.0
5760_dose_600_gradient_0_VconcST_0_Vconc_8_run_1.csv,5760.0,600.0,0,8.0,0.0,8.0,1,2.0,0.0,0.0,0.0,0.0,0.0,0.0,343.011
5760_dose_600_gradient_0_VconcST_0_Vconc_8_run_1.csv,5760.0,600.0,0,8.0,0.0,8.0,1,2.25,0.0,0.0,0.0,0.0,0.0,0.0,10000.0
5760_dose_600_gradient_0_VconcST_0_Vconc_8_run_1.csv,5760.0,600.0,0,8.0,0.0,8.0,1,2.5,0.0,0.0,0.0,0.0,0.0,0.0,333.393
5760_dose_600_gradient_0_VconcST_0_Vconc_8_run_1.csv,5760.0,600.0,0,8.0,0.0,8.0,1,2.75,0.0,0.0,0.0,0.0,0.0,0.0,10000.0
5760_dose_600_gradient_0_VconcST_0_Vconc_8_run_1.csv,5760.0,600.0,0,8.0,0.0,8.0,1,3.0,0.0,0.0,0.0,0.0,0.0,0.0,343.561
5760_dose_600_gradient_0_VconcST_0_Vconc_8_run_1.csv,5760.0,600.0,0,8.0,0.0,8.0,1,3.25,0.0,0.0,0.0,0.0,0.0,0.0,10000.0
5760_dose_600_gradient_0_VconcST_0_Vconc_8_run_1.csv,5760.0,600.0,0,8.0,0.0,8.0,1,3.5,0.0,0.0,0.0,0.0,0.0,0.0,340.558
5760_dose_600_gradient_0_VconcST_0_Vconc_8_run_1.csv,5760.0,600.0,0,8.0,0.0,8.0,1,3.75,0.0,0.0,0.0,0.0,0.0,0.0,10000.0
5760_dose_600_gradient_0_VconcST_0_Vconc_8_run_1.csv,5760.0,600.0,0,8.0,0.0,8.0,1,4.0,0.0,0.0,0.0,0.0,0.0,0.0,326.055
5760_dose_600_gradient_0_VconcST_0_Vconc_8_run_1.csv,5760.0,600.0,0,8.0,0.0,8.0,1,4.25,0.0,0.0,0.0,0.0,0.0,0.0,5974.39
5760_dose_600_gradient_0_VconcST_0_Vconc_8_run_1.csv,5760.0,600.0,0,8.0,0.0,8.0,1,4.5,0.0,0.0,0.0,0.0,0.0,0.0,5881.79
5760_dose_600_gradient_0_VconcST_0_Vconc_8_run_1.csv,5760.0,600.0,0,8.0,0.0,8.0,1,4.75,0.0,0.0,0.0,0.0,0.0,0.0,896.468
5760_dose_600_gradient_0_VconcST_0_Vconc_8_run_1.csv,5760.0,600.0,0,8.0,0.0,8.0,1,5.0,0.0,0.0,0.0,0.0,0.0,0.0,10000.0
5760_dose_600_gradient_0_VconcST_0_Vconc_8_run_1.csv,5760.0,600.0,0,8.0,0.0,8.0,1,5.25,0.0,0.0,0.0,0.0,0.0,0.0,906.688
5760_dose_600_gradient_0_VconcST_0_Vconc_8_run_1.csv,5760.0,600.0,0,8.0,0.0,8.0,1,5.5,0.0,0.0,0.0,0.0,0.0,0.0,10000.0
5760_dose_600_gradient_0_VconcST_0_Vconc_8_run_1.csv,5760.0,600.0,0,8.0,0.0,8.0,1,5.75,0.0,0.0,0.0,0.0,0.0,0.0,897.862
5760_dose_600_gradient_0_VconcST_0_Vconc_8_run_1.csv,5760.0,600.0,0,8.0,0.0,8.0,1,6.0,0.0,0.0,0.0,0.0,0.0,0.0,10000.0
5760_dose_600_gradient_0_VconcST_0_Vconc_8_run_1.csv,5760.0,600.0,0,8.0,0.0,8.0,1,6.25,0.0,0.0,0.0,0.0,0.0,0.0,886.186
5760_dose_600_gradient_0_VconcST_0_Vconc_8_run_1.csv,5760.0,600.0,0,8.0,0.0,8.0,1,6.5,0.0,0.0,0.0,0.0,0.0,0.0,10000.0
5760_dose_600_gradient_0_VconcST_0_Vconc_8_run_1.csv,5760.0,600.0,0,8.0,0.0,8.0,1,6.75,0.0,0.0,0.0,0.0,0.0,0.0,756.635
5760_dose_600_gradient_0_VconcST_0_Vconc_8_run_1.csv,5760.0,600.0,0,8.0,0.0,8.0,1,7.0,0.0,0.0,0.0,0.0,0.0,0.0,10000.0
5760_dose_600_gradient_0_VconcST_0_Vconc_8_run_1.csv,5760.0,600.0,0,8.0,0.0,8.0,1,7.25,0.0,0.0,0.0,0.0,0.0,0.0,638.215
5760_dose_600_gradient_0_VconcST_0_Vconc_8_run_1.csv,5760.0,600.0,0,8.0,0.0,8.0,1,7.5,0.0,0.0,0.0,0.0,0.0,0.0,10000.0
5760_dose_600_gradient_0_VconcST_0_Vconc_8_run_1.csv,5760.0,600.0,0,8.0,0.0,8.0,1,7.75,0.0,0.0,0.0,0.0,0.0,0.0,532.091
5760_dose_600_gradient_0_VconcST_0_Vconc_8_run_1.csv,5760.0,600.0,0,8.0,0.0,8.0,1,8.0,0.0,0.0,0.0,0.0,0.0,0.0,10000.0
5760_dose_600_gradient_0_VconcST_0_Vconc_8_run_1.csv,5760.0,600.0,0,8.0,0.0,8.0,1,8.25,0.0,0.0,0.0,0.0,0.0,0.0,461.98
5760_dose_600_gradient_0_VconcST_0_Vconc_8_run_1.csv,5760.0,600.0,0,8.0,0.0,8.0,1,8.5,0.0,0.0,0.0,0.0,0.00416667,0.0,10000.0
5760_dose_600_gradient_0_VconcST_0_Vconc_8_run_1.csv,5760.0,600.0,0,8.0,0.0,8.0,1,8.75,0.0,0.0,0.0,0.0,0.0,0.0,480.712
5760_dose_600_gradient_0_VconcST_0_Vconc_8_run_1.csv,5760.0,600.0,0,8.0,0.0,8.0,1,9.0,0.0,0.0,0.0,0.0,0.0,0.0,10000.0
5760_dose_600_gradient_0_VconcST_0_Vconc_8_run_1.csv,5760.0,600.0,0,8.0,0.0,8.0,1,9.25,0.0,0.0,0.0,0.0,0.0,0.0,405.6
5760_dose_600_gradient_0_VconcST_0_Vconc_8_run_1.csv,5760.0,600.0,0,8.0,0.0,8.0,1,9.5,0.0,0.0,0.0,0.0,0.0,0.0,10000.0
5760_dose_600_gradient_0_VconcST_0_Vconc_8_run_1.csv,5760.0,600.0,0,8.0,0.0,8.0,1,9.75,0.0,0.0,0.0,0.0,0.0,0.0,409.635
5760_dose_600_gradient_0_VconcST_0_Vconc_8_run_1.csv,5760.0,600.0,0,8.0,0.0,8.0,1,10.0,0.0,0.0,0.0,0.0,0.0,0.0,10000.0
5760_dose_600_gradient_0_VconcST_0_Vconc_8_run_1.csv,5760.0,600.0,0,8.0,0.0,8.0,1,10.25,0.0,0.0,0.0,0.0,0.0,0.0,382.474
5760_dose_600_gradient_0_VconcST_0_Vconc_8_run_1.csv,5760.0,600.0,0,8.0,0.0,8.0,1,10.5,0.0,0.0,0.0,0.0,0.0,0.0,10000.0
5760_dose_600_gradient_0_VconcST_0_Vconc_8_run_1.csv,5760.0,600.0,0,8.0,0.0,8.0,1,10.75,0.0,0.0,0.0,0.0,0.0,0.0,355.891
5760_dose_600_gradient_0_VconcST_0_Vconc_8_run_1.csv,5760.0,600.0,0,8.0,0.0,8.0,1,11.0,0.0,0.0,0.0,0.0,0.0,0.0,10000.0
5760_dose_600_gradient_0_VconcST_0_Vconc_8_run_1.csv,5760.0,600.0,0,8.0,0.0,8.0,1,11.25,0.0,0.0,0.0,0.0,0.0,0.0,336.831
5760_dose_600_gradient_0_VconcST_0_Vconc_8_run_1.csv,5760.0,600.0,0,8.0,0.0,8.0,1,11.5,0.0,0.0,0.0,0.0,0.0,0.0,10000.0
5760_dose_600_gradient_0_VconcST_0_Vconc_8_run_1.csv,5760.0,600.0,0,8.0,0.0,8.0,1,11.75,0.0,0.0,0.0,0.0,0.0,0.0,339.235
5760_dose_600_gradient_0_VconcST_0_Vconc_8_run_1.csv,5760.0,600.0,0,8.0,0.0,8.0,1,12.0,0.0,0.0,0.0,0.0,0.0,0.0,10000.0
5760_dose_600_gradient_0_VconcST_0_Vconc_8_run_1.csv,5760.0,600.0,0,8.0,0.0,8.0,1,12.25,0.0,0.0,0.0,0.0,0.0,0.0,339.129
5760_dose_600_gradient_0_VconcST_0_Vconc_8_run_1.csv,5760.0,600.0,0,8.0,0.0,8.0,1,12.5,0.0,0.0,0.0,0.0,0.0,0.0,10000.0
5760_dose_600_gradient_0_VconcST_0_Vconc_8_run_1.csv,5760.0,600.0,0,8.0,0.0,8.0,1,12.75,0.0,0.0,0.0,0.0,0.0,0.0,1019.11
5760_dose_600_gradient_0_VconcST_0_Vconc_8_run_1.csv,5760.0,600.0,0,8.0,0.0,8.0,1,13.0,0.0,0.0,0.0,0.0,0.0,0.0,1396.42
5760_dose_600_gradient_0_VconcST_0_Vconc_8_run_1.csv,5760.0,600.0,0,8.0,0.0,8.0,1,13.25,0.0,0.0,0.0,0.0,0.0,0.0,9984.75
5760_dose_600_gradient_0_VconcST_0_Vconc_8_run_1.csv,5760.0,600.0,0,8.0,0.0,8.0,1,13.5,0.0,0.0,0.0,0.0,0.0,0.0,897.743
5760_dose_600_gradient_0_VconcST_0_Vconc_8_run_1.csv,5760.0,600.0,0,8.0,0.0,8.0,1,13.75,0.0,0.0,0.0,0.0,0.0,0.0,10000.0
5760_dose_600_gradient_0_VconcST_0_Vconc_8_run_1.csv,5760.0,600.0,0,8.0,0.0,8.0,1,14.0,0.0,0.0,0.0,0.0,0.0,0.0,905.324
5760_dose_600_gradient_0_VconcST_0_Vconc_8_run_1.csv,5760.0,600.0,0,8.0,0.0,8.0,1,14.25,0.0,0.0,0.0,0.0,0.0,0.0,10000.0
5760_dose_600_gradient_0_VconcST_0_Vconc_8_run_1.csv,5760.0,600.0,0,8.0,0.0,8.0,1,14.5,0.0,0.0,0.0,0.0,0.0,0.0,899.213
5760_dose_600_gradient_0_VconcST_0_Vconc_8_run_1.csv,5760.0,600.0,0,8.0,0.0,8.0,1,14.75,0.0,0.0,0.0,0.0,0.0,0.0,10000.0
5760_dose_600_gradient_0_VconcST_0_Vconc_8_run_1.csv,5760.0,600.0,0,8.0,0.0,8.0,1,15.0,0.0,0.0,0.0,0.0,0.0,0.0,864.256
5760_dose_600_gradient_0_VconcST_0_Vconc_8_run_1.csv,5760.0,600.0,0,8.0,0.0,8.0,1,15.25,0.0,0.0,0.0,0.0,0.0,0.0,10000.0
5760_dose_600_gradient_0_VconcST_0_Vconc_8_run_1.csv,5760.0,600.0,0,8.0,0.0,8.0,1,15.5,0.0,0.0,0.0,0.0,0.0,0.0,716.024
5760_dose_600_gradient_0_VconcST_0_Vconc_8_run_1.csv,5760.0,600.0,0,8.0,0.0,8.0,1,15.75,0.0,0.0,0.0,0.0,0.0,0.0,10000.0
5760_dose_600_gradient_0_VconcST_0_Vconc_8_run_1.csv,5760.0,600.0,0,8.0,0.0,8.0,1,16.0,0.0,0.0,0.0,0.0,0.0,0.0,587.583
5760_dose_600_gradient_0_VconcST_0_Vconc_8_run_1.csv,5760.0,600.0,0,8.0,0.0,8.0,1,16.25,0.0,0.0,0.0,0.0,0.0,0.0,10000.0
5760_dose_600_gradient_0_VconcST_0_Vconc_8_run_1.csv,5760.0,600.0,0,8.0,0.0,8.0,1,16.5,0.0,0.0,0.0,0.0,0.0,0.0,535.162
5760_dose_600_gradient_0_VconcST_0_Vconc_8_run_1.csv,5760.0,600.0,0,8.0,0.0,8.0,1,16.75,0.0,0.0,0.0,0.0,0.0,0.0,10000.0
5760_dose_600_gradient_0_VconcST_0_Vconc_8_run_1.csv,5760.0,600.0,0,8.0,0.0,8.0,1,17.0,0.0,0.0,0.0,0.0,0.0,0.0,437.116
5760_dose_600_gradient_0_VconcST_0_Vconc_8_run_1.csv,5760.0,600.0,0,8.0,0.0,8.0,1,17.25,0.0,0.0,0.0,0.0,0.004375,0.0,10000.0
5760_dose_600_gradient_0_VconcST_0_Vconc_8_run_1.csv,5760.0,600.0,0,8.0,0.0,8.0,1,17.5,0.0,0.0,0.0,0.0,0.0,0.0,434.181
5760_dose_600_gradient_0_VconcST_0_Vconc_8_run_1.csv,5760.0,600.0,0,8.0,0.0,8.0,1,17.75,0.0,0.0,0.0,0.0,0.0,0.0,10000.0
5760_dose_600_gradient_0_VconcST_0_Vconc_8_run_1.csv,5760.0,600.0,0,8.0,0.0,8.0,1,18.0,0.0,0.0,0.0,0.0,0.0,0.0,413.17
5760_dose_600_gradient_0_VconcST_0_Vconc_8_run_1.csv,5760.0,600.0,0,8.0,0.0,8.0,1,18.25,0.0,0.0,0.0,0.0,0.0,0.0,10000.0
5760_dose_600_gradient_0_VconcST_0_Vconc_8_run_1.csv,5760.0,600.0,0,8.0,0.0,8.0,1,18.5,0.0,0.0,0.0,0.0,0.00121745,0.0,383.391
5760_dose_600_gradient_0_VconcST_0_Vconc_8_run_1.csv,5760.0,600.0,0,8.0,0.0,8.0,1,18.75,0.0,0.0,0.0,0.0,0.0,0.0,10000.0
5760_dose_600_gradient_0_VconcST_0_Vconc_8_run_1.csv,5760.0,600.0,0,8.0,0.0,8.0,1,19.0,0.0,0.0,0.0,0.0,0.0023112,0.0,377.578
5760_dose_600_gradient_0_VconcST_0_Vconc_8_run_1.csv,5760.0,600.0,0,8.0,0.0,8.0,1,19.25,0.0,0.0,0.0,0.0,0.0,0.0,10000.0
5760_dose_600_gradient_0_VconcST_0_Vconc_8_run_1.csv,5760.0,600.0,0,8.0,0.0,8.0,1,19.5,0.0,0.0,0.0,0.0,0.0,0.0,337.401
5760_dose_600_gradient_0_VconcST_0_Vconc_8_run_1.csv,5760.0,600.0,0,8.0,0.0,8.0,1,19.75,0.0,0.0,0.0,0.0,0.0,0.0,10000.0
5760_dose_600_gradient_0_VconcST_0_Vconc_8_run_1.csv,5760.0,600.0,0,8.0,0.0,8.0,1,20.0,0.0,0.0,0.0,0.0,0.0,0.0,334.262
5760_dose_600_gradient_0_VconcST_0_Vconc_8_run_1.csv,5760.0,600.0,0,8.0,0.0,8.0,1,20.25,0.0,0.0,0.0,0.0,0.0,0.0,10000.0
5760_dose_600_gradient_0_VconcST_0_Vconc_8_run_1.csv,5760.0,600.0,0,8.0,0.0,8.0,1,20.5,0.0,0.0,0.0,0.0,0.0,0.0,348.688
5760_dose_600_gradient_0_VconcST_0_Vconc_8_run_1.csv,5760.0,600.0,0,8.0,0.0,8.0,1,20.75,0.0,0.0,0.0,0.0,0.0,0.0,10000.0
5760_dose_600_gradient_0_VconcST_0_Vconc_8_run_1.csv,5760.0,600.0,0,8.0,0.0,8.0,1,21.0,0.0,0.0,0.0,0.0,0.0,0.0,4924.12
5760_dose_600_gradient_0_VconcST_0_Vconc_8_run_1.csv,5760.0,600.0,0,8.0,0.0,8.0,1,21.25,0.0,0.0,0.0,0.0,0.0,0.0,5453.52
5760_dose_600_gradient_0_VconcST_0_Vconc_8_run_1.csv,5760.0,600.0,0,8.0,0.0,8.0,1,21.5,0.0,0.0,0.0,0.0,0.0,0.0,5159.36
5760_dose_600_gradient_0_VconcST_0_Vconc_8_run_1.csv,5760.0,600.0,0,8.0,0.0,8.0,1,21.75,0.0,0.0,0.0,0.0,0.0,0.0,5446.02
5760_dose_600_gradient_0_VconcST_0_Vconc_8_run_1.csv,5760.0,600.0,0,8.0,0.0,8.0,1,22.0,0.0,0.0,0.0,0.0,0.0,0.0,9364.9
5760_dose_600_gradient_0_VconcST_0_Vconc_8_run_1.csv,5760.0,600.0,0,8.0,0.0,8.0,1,22.25,0.0,0.0,0.0,0.0,0.0,0.0,903.622
5760_dose_600_gradient_0_VconcST_0_Vconc_8_run_1.csv,5760.0,600.0,0,8.0,0.0,8.0,1,22.5,0.0,0.0,0.0,0.0,0.0,0.0,10000.0
5760_dose_600_gradient_0_VconcST_0_Vconc_8_run_1.csv,5760.0,600.0,0,8.0,0.0,8.0,1,22.75,0.0,0.0,0.0,0.0,0.0,0.0,885.524
5760_dose_600_gradient_0_VconcST_0_Vconc_8_run_1.csv,5760.0,600.0,0,8.0,0.0,8.0,1,23.0,0.0,0.0,0.0,0.0,0.0,0.0,10000.0
5760_dose_600_gradient_0_VconcST_0_Vconc_8_run_1.csv,5760.0,600.0,0,8.0,0.0,8.0,1,23.25,0.0,0.0,0.0,0.0,0.0,0.0,817.996
5760_dose_600_gradient_0_VconcST_0_Vconc_8_run_1.csv,5760.0,600.0,0,8.0,0.0,8.0,1,23.5,0.0,0.0,0.0,0.0,0.0,0.0,10000.0
5760_dose_600_gradient_0_VconcST_0_Vconc_8_run_1.csv,5760.0,600.0,0,8.0,0.0,8.0,1,23.75,0.0,0.0,0.0,0.0,0.0,0.0,735.471
5760_dose_600_gradient_0_VconcST_0_Vconc_8_run_1.csv,5760.0,600.0,0,8.0,0.0,8.0,1,24.0,46.7175,600.0,0.018195,46.7175,0.0,0.0,10000.0
5760_dose_600_gradient_0_VconcST_0_Vconc_8_run_1.csv,5760.0,600.0,0,8.0,0.0,8.0,1,24.25,2816.07,588.109,1.09677,2816.07,0.0,0.999928,0.0369856
5760_dose_600_gradient_0_VconcST_0_Vconc_8_run_1.csv,5760.0,600.0,0,8.0,0.0,8.0,1,24.5,5520.02,576.453,2.14988,5520.02,0.0,0.999963,0.600818
5760_dose_600_gradient_0_VconcST_0_Vconc_8_run_1.csv,5760.0,600.0,0,8.0,0.0,8.0,1,24.75,8159.93,565.029,3.17804,8159.93,0.0,0.999975,0.367347
5760_dose_600_gradient_0_VconcST_0_Vconc_8_run_1.csv,5760.0,600.0,0,8.0,0.0,8.0,1,25.0,10737.1,553.83,4.18176,10737.1,0.0,0.999981,0.267859
5760_dose_600_gradient_0_VconcST_0_Vconc_8_run_1.csv,5760.0,600.0,0,8.0,0.0,8.0,1,25.25,13252.8,542.853,5.16155,13252.8,0.0,0.999985,0.210632
5760_dose_600_gradient_0_VconcST_0_Vconc_8_run_1.csv,5760.0,600.0,0,8.0,0.0,8.0,1,25.5,15708.3,532.094,6.11789,15708.3,0.0,0.999987,0.174221
5760_dose_600_gradient_0_VconcST_0_Vconc_8_run_1.csv,5760.0,600.0,0,8.0,0.0,8.0,1,25.75,18104.8,521.549,7.05126,18104.8,0.0,0.999989,0.148596
5760_dose_600_gradient_0_VconcST_0_Vconc_8_run_1.csv,5760.0,600.0,0,8.0,0.0,8.0,1,26.0,20443.6,511.213,7.96213,20443.6,0.0,0.99999,0.130627
5760_dose_600_gradient_0_VconcST_0_Vconc_8_run_1.csv,5760.0,600.0,0,8.0,0.0,8.0,1,26.25,22725.7,501.081,8.85097,22725.7,0.0,0.999991,0.117132
5760_dose_600_gradient_0_VconcST_0_Vconc_8_run_1.csv,5760.0,600.0,0,8.0,0.0,8.0,1,26.5,24952.5,491.15,9.71822,24952.5,0.0,0.999992,0.105604
5760_dose_600_gradient_0_VconcST_0_Vconc_8_run_1.csv,5760.0,600.0,0,8.0,0.0,8.0,1,26.75,27124.9,481.416,10.5643,27124.9,0.0,0.999993,0.0967488
5760_dose_600_gradient_0_VconcST_0_Vconc_8_run_1.csv,5760.0,600.0,0,8.0,0.0,8.0,1,27.0,29244.3,471.875,11.3897,29244.3,0.0,0.999993,0.0891974
5760_dose_600_gradient_0_VconcST_0_Vconc_8_run_1.csv,5760.0,600.0,0,8.0,0.0,8.0,1,27.25,31311.5,462.523,12.1949,31311.5,0.0,0.999994,0.0829262
5760_dose_600_gradient_0_VconcST_0_Vconc_8_run_1.csv,5760.0,600.0,0,8.0,0.0,8.0,1,27.5,33327.7,453.356,12.9801,33327.7,0.0,0.999994,0.0776491
5760_dose_600_gradient_0_VconcST_0_Vconc_8_run_1.csv,5760.0,600.0,0,8.0,0.0,8.0,1,27.75,35294.0,444.371,13.7459,35294.0,0.0,0.999994,0.073229
5760_dose_600_gradient_0_VconcST_0_Vconc_8_run_1.csv,5760.0,600.0,0,8.0,0.0,8.0,1,28.0,37211.3,435.564,14.4926,37211.3,0.0,0.999995,0.0693571
5760_dose_600_gradient_0_VconcST_0_Vconc_8_run_1.csv,5760.0,600.0,0,8.0,0.0,8.0,1,28.25,39080.7,426.932,15.2207,39080.7,0.0,0.999995,0.0663413
5760_dose_600_gradient_0_VconcST_0_Vconc_8_run_1.csv,5760.0,600.0,0,8.0,0.0,8.0,1,28.5,40903.2,418.471,15.9305,40903.2,0.0,0.999995,0.0626338
5760_dose_600_gradient_0_VconcST_0_Vconc_8_run_1.csv,5760.0,600.0,0,8.0,0.0,8.0,1,28.75,42679.7,410.177,16.6224,42679.7,0.0,0.999995,0.0603106
5760_dose_600_gradient_0_VconcST_0_Vconc_8_run_1.csv,5760.0,600.0,0,8.0,0.0,8.0,1,29.0,44411.2,402.048,17.2968,44411.2,0.0,0.999996,0.0580836
5760_dose_600_gradient_0_VconcST_0_Vconc_8_run_1.csv,5760.0,600.0,0,8.0,0.0,8.0,1,29.25,46098.6,394.08,17.954,46098.6,0.0,0.999996,0.0558519
5760_dose_600_gradient_0_VconcST_0_Vconc_8_run_1.csv,5760.0,600.0,0,8.0,0.0,8.0,1,29.5,47742.8,386.27,18.5943,47742.8,0.0,0.999996,0.0536635
5760_dose_600_gradient_0_VconcST_0_Vconc_8_run_1.csv,5760.0,600.0,0,8.0,0.0,8.0,1,29.75,49344.8,378.614,19.2183,49344.8,0.0,0.999996,0.0520183
5760_dose_600_gradient_0_VconcST_0_Vconc_8_run_1.csv,5760.0,600.0,0,8.0,0.0,8.0,1,30.0,50905.4,371.11,19.8261,50905.4,0.0,0.999996,0.0505107
5760_dose_600_gradient_0_VconcST_0_Vconc_8_run_1.csv,5760.0,600.0,0,8.0,0.0,8.0,1,30.25,52425.4,363.755,20.4181,52425.4,0.0,0.999996,0.0491629
5760_dose_600_gradient_0_VconcST_0_Vconc_8_run_1.csv,5760.0,600.0,0,8.0,0.0,8.0,1,30.5,53905.6,356.546,20.9946,53905.6,0.0,0.999996,0.0476636
5760_dose_600_gradient_0_VconcST_0_Vconc_8_run_1.csv,5760.0,600.0,0,8.0,0.0,8.0,1,30.75,55347.0,349.48,21.5559,55347.0,0.0,0.999996,0.0460665
5760_dose_600_gradient_0_VconcST_0_Vconc_8_run_1.csv,5760.0,600.0,0,8.0,0.0,8.0,1,31.0,56750.3,342.554,22.1025,56750.3,0.0,0.999996,0.0452336
5760_dose_600_gradient_0_VconcST_0_Vconc_8_run_1.csv,5760.0,600.0,0,8.0,0.0,8.0,1,31.25,58116.3,335.765,22.6345,58116.3,0.0,0.999997,0.0437779
5760_dose_600_gradient_0_VconcST_0_Vconc_8_run_1.csv,5760.0,600.0,0,8.0,0.0,8.0,1,31.5,59445.8,329.11,23.1523,59445.8,0.0,0.999997,0.0430112
5760_dose_600_gradient_0_VconcST_0_Vconc_8_run_1.csv,5760.0,600.0,0,8.0,0.0,8.0,1,31.75,60739.5,322.588,23.6562,60739.5,0.0,0.999997,0.0422179
5760_dose_600_gradient_0_VconcST_0_Vconc_8_run_1.csv,5760.0,600.0,0,8.0,0.0,8.0,1,32.0,61998.2,316.194,24.1464,61998.2,0.0,0.999997,0.0407102
5760_dose_600_gradient_0_VconcST_0_Vconc_8_run_1.csv,5760.0,600.0,0,8.0,0.0,8.0,1,32.25,63222.6,309.928,24.6233,63222.6,0.0,0.999997,0.040025
5760_dose_600_gradient_0_VconcST_0_Vconc_8_run_1.csv,5760.0,600.0,0,8.0,0.0,8.0,1,32.5,64413.5,303.785,25.0871,64413.5,0.0,0.999997,0.0392491
5760_dose_600_gradient_0_VconcST_0_Vconc_8_run_1.csv,5760.0,600.0,0,8.0,0.0,8.0,1,32.75,65571.4,297.765,25.538,65571.4,0.0,0.999997,0.0384879
5760_dose_600_gradient_0_VconcST_0_Vconc_8_run_1.csv,5760.0,600.0,0,8.0,0.0,8.0,1,33.0,66697.3,291.863,25.9765,66697.3,0.0,0.999997,0.0392935
5760_dose_600_gradient_0_VconcST_0_Vconc_8_run_1.csv,5760.0,600.0,0,8.0,0.0,8.0,1,33.25,67791.5,286.079,26.4027,67791.5,0.0,0.999997,0.0384487
5760_dose_600_gradient_0_VconcST_0_Vconc_8_run_1.csv,5760.0,600.0,0,8.0,0.0,8.0,1,33.5,68855.0,280.409,26.8169,68855.0,0.0,0.999997,0.0377477
5760_dose_600_gradient_0_VconcST_0_Vconc_8_run_1.csv,5760.0,600.0,0,8.0,0.0,8.0,1,33.75,69888.3,274.852,27.2193,69888.3,0.0,0.999997,0.036963
5760_dose_600_gradient_0_VconcST_0_Vconc_8_run_1.csv,5760.0,600.0,0,8.0,0.0,8.0,1,34.0,70892.0,269.405,27.6102,70892.0,0.0,0.999997,0.036187
5760_dose_600_gradient_0_VconcST_0_Vconc_8_run_1.csv,5760.0,600.0,0,8.0,0.0,8.0,1,34.25,71866.7,264.066,27.9898,71866.7,0.0,0.999997,0.036187
5760_dose_600_gradient_0_VconcST_0_Vconc_8_run_1.csv,5760.0,600.0,0,8.0,0.0,8.0,1,34.5,72813.1,258.832,28.3584,72813.1,0.0,0.999997,0.0354331
5760_dose_600_gradient_0_VconcST_0_Vconc_8_run_1.csv,5760.0,600.0,0,8.0,0.0,8.0,1,34.75,73731.7,253.702,28.7162,73731.7,0.0,0.999997,0.0347279
5760_dose_600_gradient_0_VconcST_0_Vconc_8_run_1.csv,5760.0,600.0,0,8.0,0.0,8.0,1,35.0,74623.2,248.674,29.0634,74623.2,0.0,0.999997,0.0347669
5760_dose_600_gradient_0_VconcST_0_Vconc_8_run_1.csv,5760.0,600.0,0,8.0,0.0,8.0,1,35.25,75488.1,243.746,29.4003,75488.1,0.0,0.999997,0.0339599
5760_dose_600_gradient_0_VconcST_0_Vconc_8_run_1.csv,5760.0,600.0,0,8.0,0.0,8.0,1,35.5,76326.9,238.915,29.727,76326.9,0.0,0.999997,0.0341258
5760_dose_600_gradient_0_VconcST_0_Vconc_8_run_1.csv,5760.0,600.0,0,8.0,0.0,8.0,1,35.75,77140.3,234.18,30.0437,77140.3,0.0,0.999997,0.0331947
5760_dose_600_gradient_0_VconcST_0_Vconc_8_run_1.csv,5760.0,600.0,0,8.0,0.0,8.0,1,36.0,77928.7,229.539,30.3508,77928.7,0.0,0.999997,0.033211
5760_dose_600_gradient_0_VconcST_0_Vconc_8_run_1.csv,5760.0,600.0,0,8.0,0.0,8.0,1,36.25,78692.7,224.99,30.6484,78692.7,0.0,0.999997,0.033253
5760_dose_600_gradient_0_VconcST_0_Vconc_8_run_1.csv,5760.0,600.0,0,8.0,0.0,8.0,1,36.5,79432.9,220.531,30.9366,79432.9,0.0,0.999997,0.0324175
5760_dose_600_gradient_0_VconcST_0_Vconc_8_run_1.csv,5760.0,600.0,0,8.0,0.0,8.0,1,36.75,80149.6,216.16,31.2158,80149.6,0.0,0.999997,0.0324631
5760_dose_600_gradient_0_VconcST_0_Vconc_8_run_1.csv,5760.0,600.0,0,8.0,0.0,8.0,1,37.0,80843.5,211.876,31.486,80843.5,0.0,0.999997,0.0317083
5760_dose_600_gradient_0_VconcST_0_Vconc_8_run_1.csv,5760.0,600.0,0,8.0,0.0,8.0,1,37.25,81514.9,207.677,31.7475,81514.9,0.0,0.999997,0.0316638
5760_dose_600_gradient_0_VconcST_0_Vconc_8_run_1.csv,5760.0,600.0,0,8.0,0.0,8.0,1,37.5,82164.5,203.561,32.0005,82164.5,0.0,0.999998,0.0316982
5760_dose_600_gradient_0_VconcST_0_Vconc_8_run_1.csv,5760.0,600.0,0,8.0,0.0,8.0,1,37.75,82792.5,199.527,32.2451,82792.5,0.0,0.999998,0.0309097
5760_dose_600_gradient_0_VconcST_0_Vconc_8_run_1.csv,5760.0,600.0,0,8.0,0.0,8.0,1,38.0,83399.6,195.572,32.4815,83399.6,0.0,0.999998,0.0309466
5760_dose_600_gradient_0_VconcST_0_Vconc_8_run_1.csv,5760.0,600.0,0,8.0,0.0,8.0,1,38.25,83986.0,191.696,32.71,83986.0,0.0,0.999998,0.0309282
5760_dose_600_gradient_0_VconcST_0_Vconc_8_run_1.csv,5760.0,600.0,0,8.0,0.0,8.0,1,38.5,84552.4,187.897,32.9306,84552.4,0.0,0.999998,0.0302544
5760_dose_600_gradient_0_VconcST_0_Vconc_8_run_1.csv,5760.0,600.0,0,8.0,0.0,8.0,1,38.75,85099.1,184.173,33.1435,85099.1,0.0,0.999998,0.0302131
5760_dose_600_gradient_0_VconcST_0_Vconc_8_run_1.csv,5760.0,600.0,0,8.0,0.0,8.0,1,39.0,85626.6,180.523,33.3489,85626.6,0.0,0.999998,0.0302904
5760_dose_600_gradient_0_VconcST_0_Vconc_8_run_1.csv,5760.0,600.0,0,8.0,0.0,8.0,1,39.25,86135.1,176.945,33.547,86135.1,0.0,0.999998,0.0302448
5760_dose_600_gradient_0_VconcST_0_Vconc_8_run_1.csv,5760.0,600.0,0,8.0,0.0,8.0,1,39.5,86625.3,173.438,33.7379,86625.3,0.0,0.999998,0.0294372
5760_dose_600_gradient_0_VconcST_0_Vconc_8_run_1.csv,5760.0,600.0,0,8.0,0.0,8.0,1,39.75,87097.4,170.001,33.9217,87097.4,0.0,0.999998,0.0294165
5760_dose_600_gradient_0_VconcST_0_Vconc_8_run_1.csv,5760.0,600.0,0,8.0,0.0,8.0,1,40.0,87551.8,166.632,34.0987,87551.8,0.0,0.999998,0.0294382
5760_dose_600_gradient_0_VconcST_0_Vconc_8_run_1.csv,5760.0,600.0,0,8.0,0.0,8.0,1,40.25,87989.0,163.329,34.269,87989.0,0.0,0.999998,0.029431
5760_dose_600_gradient_0_VconcST_0_Vconc_8_run_1.csv,5760.0,600.0,0,8.0,0.0,8.0,1,40.5,88409.3,160.092,34.4327,88409.3,0.0,0.999998,0.0294403
5760_dose_600_gradient_0_VconcST_0_Vconc_8_run_1.csv,5760.0,600.0,0,8.0,0.0,8.0,1,40.75,88813.0,156.919,34.5899,88813.0,0.0,0.999998,0.0286973
5760_dose_600_gradient_0_VconcST_0_Vconc_8_run_1.csv,5760.0,600.0,0,8.0,0.0,8.0,1,41.0,89200.5,153.809,34.7408,89200.5,0.0,0.999998,0.0287889
5760_dose_600_gradient_0_VconcST_0_Vconc_8_run_1.csv,5760.0,600.0,0,8.0,0.0,8.0,1,41.25,89572.2,150.761,34.8856,89572.2,0.0,0.999998,0.0287607
5760_dose_600_gradient_0_VconcST_0_Vconc_8_run_1.csv,5760.0,600.0,0,8.0,0.0,8.0,1,41.5,89928.5,147.773,35.0244,89928.5,0.0,0.999998,0.028648
5760_dose_600_gradient_0_VconcST_0_Vconc_3.2_run_0.csv,5760.0,600.0,0,3.2,0.0,3.2,0,0.0,0.0,0.0,0.0,0.0,0.0,0.0,0.0
5760_dose_600_gradient_0_VconcST_0_Vconc_3.2_run_0.csv,5760.0,600.0,0,3.2,0.0,3.2,0,0.25,0.0,0.0,0.0,0.0,0.0,0.0,10000.0
5760_dose_600_gradient_0_VconcST_0_Vconc_3.2_run_0.csv,5760.0,600.0,0,3.2,0.0,3.2,0,0.5,0.0,0.0,0.0,0.0,0.0,0.0,142.677
5760_dose_600_gradient_0_VconcST_0_Vconc_3.2_run_0.csv,5760.0,600.0,0,3.2,0.0,3.2,0,0.75,0.0,0.0,0.0,0.0,0.0,0.0,10000.0
5760_dose_600_gradient_0_VconcST_0_Vconc_3.2_run_0.csv,5760.0,600.0,0,3.2,0.0,3.2,0,1.0,0.0,0.0,0.0,0.0,0.0,0.0,131.221
5760_dose_600_gradient_0_VconcST_0_Vconc_3.2_run_0.csv,5760.0,600.0,0,3.2,0.0,3.2,0,1.25,0.0,0.0,0.0,0.0,0.0,0.0,10000.0
5760_dose_600_gradient_0_VconcST_0_Vconc_3.2_run_0.csv,5760.0,600.0,0,3.2,0.0,3.2,0,1.5,0.0,0.0,0.0,0.0,0.0,0.0,124.196
5760_dose_600_gradient_0_VconcST_0_Vconc_3.2_run_0.csv,5760.0,600.0,0,3.2,0.0,3.2,0,1.75,0.0,0.0,0.0,0.0,0.0,0.0,10000.0
5760_dose_600_gradient_0_VconcST_0_Vconc_3.2_run_0.csv,5760.0,600.0,0,3.2,0.0,3.2,0,2.0,0.0,0.0,0.0,0.0,0.0,0.0,120.021
5760_dose_600_gradient_0_VconcST_0_Vconc_3.2_run_0.csv,5760.0,600.0,0,3.2,0.0,3.2,0,2.25,0.0,0.0,0.0,0.0,0.0,0.0,10000.0
5760_dose_600_gradient_0_VconcST_0_Vconc_3.2_run_0.csv,5760.0,600.0,0,3.2,0.0,3.2,0,2.5,0.0,0.0,0.0,0.0,0.000184462,0.0,118.878
5760_dose_600_gradient_0_VconcST_0_Vconc_3.2_run_0.csv,5760.0,600.0,0,3.2,0.0,3.2,0,2.75,0.0,0.0,0.0,0.0,0.0,0.0,10000.0
5760_dose_600_gradient_0_VconcST_0_Vconc_3.2_run_0.csv,5760.0,600.0,0,3.2,0.0,3.2,0,3.0,0.0,0.0,0.0,0.0,0.0,0.0,118.766
5760_dose_600_gradient_0_VconcST_0_Vconc_3.2_run_0.csv,5760.0,600.0,0,3.2,0.0,3.2,0,3.25,0.0,0.0,0.0,0.0,0.0,0.0,10000.0
5760_dose_600_gradient_0_VconcST_0_Vconc_3.2_run_0.csv,5760.0,600.0,0,3.2,0.0,3.2,0,3.5,0.0,0.0,0.0,0.0,0.0,0.0,120.847
5760_dose_600_gradient_0_VconcST_0_Vconc_3.2_run_0.csv,5760.0,600.0,0,3.2,0.0,3.2,0,3.75,0.0,0.0,0.0,0.0,0.0,0.0,10000.0
5760_dose_600_gradient_0_VconcST_0_Vconc_3.2_run_0.csv,5760.0,600.0,0,3.2,0.0,3.2,0,4.0,0.0,0.0,0.0,0.0,0.0,0.0,944.767
5760_dose_600_gradient_0_VconcST_0_Vconc_3.2_run_0.csv,5760.0,600.0,0,3.2,0.0,3.2,0,4.25,0.0,0.0,0.0,0.0,0.0,0.0,390.054
5760_dose_600_gradient_0_VconcST_0_Vconc_3.2_run_0.csv,5760.0,600.0,0,3.2,0.0,3.2,0,4.5,0.0,0.0,0.0,0.0,0.0,0.0,5513.81
5760_dose_600_gradient_0_VconcST_0_Vconc_3.2_run_0.csv,5760.0,600.0,0,3.2,0.0,3.2,0,4.75,0.0,0.0,0.0,0.0,0.0,0.0,390.209
5760_dose_600_gradient_0_VconcST_0_Vconc_3.2_run_0.csv,5760.0,600.0,0,3.2,0.0,3.2,0,5.0,0.0,0.0,0.0,0.0,0.0,0.0,6513.89
5760_dose_600_gradient_0_VconcST_0_Vconc_3.2_run_0.csv,5760.0,600.0,0,3.2,0.0,3.2,0,5.25,0.0,0.0,0.0,0.0,0.0,0.0,385.257
5760_dose_600_gradient_0_VconcST_0_Vconc_3.2_run_0.csv,5760.0,600.0,0,3.2,0.0,3.2,0,5.5,0.0,0.0,0.0,0.0,0.0,0.0,7262.12
5760_dose_600_gradient_0_VconcST_0_Vconc_3.2_run_0.csv,5760.0,600.0,0,3.2,0.0,3.2,0,5.75,0.0,0.0,0.0,0.0,0.0,0.0,374.451
5760_dose_600_gradient_0_VconcST_0_Vconc_3.2_run_0.csv,5760.0,600.0,0,3.2,0.0,3.2,0,6.0,0.0,0.0,0.0,0.0,0.0,0.0,8973.79
5760_dose_600_gradient_0_VconcST_0_Vconc_3.2_run_0.csv,5760.0,600.0,0,3.2,0.0,3.2,0,6.25,0.0,0.0,0.0,0.0,0.0,0.0,321.279
5760_dose_600_gradient_0_VconcST_0_Vconc_3.2_run_0.csv,5760.0,600.0,0,3.2,0.0,3.2,0,6.5,0.0,0.0,0.0,0.0,0.0,0.0,9785.81
5760_dose_600_gradient_0_VconcST_0_Vconc_3.2_run_0.csv,5760.0,600.0,0,3.2,0.0,3.2,0,6.75,0.0,0.0,0.0,0.0,0.0,0.0,210.305
5760_dose_600_gradient_0_VconcST_0_Vconc_3.2_run_0.csv,5760.0,600.0,0,3.2,0.0,3.2,0,7.0,0.0,0.0,0.0,0.0,0.0,0.0,10000.0
5760_dose_600_gradient_0_VconcST_0_Vconc_3.2_run_0.csv,5760.0,600.0,0,3.2,0.0,3.2,0,7.25,0.0,0.0,0.0,0.0,0.0,0.0,145.056
5760_dose_600_gradient_0_VconcST_0_Vconc_3.2_run_0.csv,5760.0,600.0,0,3.2,0.0,3.2,0,7.5,0.0,0.0,0.0,0.0,0.0,0.0,10000.0
5760_dose_600_gradient_0_VconcST_0_Vconc_3.2_run_0.csv,5760.0,600.0,0,3.2,0.0,3.2,0,7.75,0.0,0.0,0.0,0.0,0.0,0.0,141.723
5760_dose_600_gradient_0_VconcST_0_Vconc_3.2_run_0.csv,5760.0,600.0,0,3.2,0.0,3.2,0,8.0,0.0,0.0,0.0,0.0,0.00512153,0.0,10000.0
5760_dose_600_gradient_0_VconcST_0_Vconc_3.2_run_0.csv,5760.0,600.0,0,3.2,0.0,3.2,0,8.25,0.0,0.0,0.0,0.0,0.0,0.0,137.764
5760_dose_600_gradient_0_VconcST_0_Vconc_3.2_run_0.csv,5760.0,600.0,0,3.2,0.0,3.2,0,8.5,0.0,0.0,0.0,0.0,0.0,0.0,10000.0
5760_dose_600_gradient_0_VconcST_0_Vconc_3.2_run_0.csv,5760.0,600.0,0,3.2,0.0,3.2,0,8.75,0.0,0.0,0.0,0.0,0.0,0.0,139.1
5760_dose_600_gradient_0_VconcST_0_Vconc_3.2_run_0.csv,5760.0,600.0,0,3.2,0.0,3.2,0,9.0,0.0,0.0,0.0,0.0,0.0,0.0,10000.0
5760_dose_600_gradient_0_VconcST_0_Vconc_3.2_run_0.csv,5760.0,600.0,0,3.2,0.0,3.2,0,9.25,0.0,0.0,0.0,0.0,0.0,0.0,121.716
5760_dose_600_gradient_0_VconcST_0_Vconc_3.2_run_0.csv,5760.0,600.0,0,3.2,0.0,3.2,0,9.5,0.0,0.0,0.0,0.0,0.0,0.0,10000.0
5760_dose_600_gradient_0_VconcST_0_Vconc_3.2_run_0.csv,5760.0,600.0,0,3.2,0.0,3.2,0,9.75,0.0,0.0,0.0,0.0,0.0,0.0,121.964
5760_dose_600_gradient_0_VconcST_0_Vconc_3.2_run_0.csv,5760.0,600.0,0,3.2,0.0,3.2,0,10.0,0.0,0.0,0.0,0.0,0.0,0.0,10000.0
5760_dose_600_gradient_0_VconcST_0_Vconc_3.2_run_0.csv,5760.0,600.0,0,3.2,0.0,3.2,0,10.25,0.0,0.0,0.0,0.0,0.000868056,0.0,120.844
5760_dose_600_gradient_0_VconcST_0_Vconc_3.2_run_0.csv,5760.0,600.0,0,3.2,0.0,3.2,0,10.5,0.0,0.0,0.0,0.0,0.0,0.0,10000.0
5760_dose_600_gradient_0_VconcST_0_Vconc_3.2_run_0.csv,5760.0,600.0,0,3.2,0.0,3.2,0,10.75,0.0,0.0,0.0,0.0,0.000694445,0.0,120.677
5760_dose_600_gradient_0_VconcST_0_Vconc_3.2_run_0.csv,5760.0,600.0,0,3.2,0.0,3.2,0,11.0,0.0,0.0,0.0,0.0,0.0,0.0,10000.0
5760_dose_600_gradient_0_VconcST_0_Vconc_3.2_run_0.csv,5760.0,600.0,0,3.2,0.0,3.2,0,11.25,0.0,0.0,0.0,0.0,0.0,0.0,118.762
5760_dose_600_gradient_0_VconcST_0_Vconc_3.2_run_0.csv,5760.0,600.0,0,3.2,0.0,3.2,0,11.5,0.0,0.0,0.0,0.0,0.0,0.0,10000.0
5760_dose_600_gradient_0_VconcST_0_Vconc_3.2_run_0.csv,5760.0,600.0,0,3.2,0.0,3.2,0,11.75,0.0,0.0,0.0,0.0,0.0,0.0,120.538
5760_dose_600_gradient_0_VconcST_0_Vconc_3.2_run_0.csv,5760.0,600.0,0,3.2,0.0,3.2,0,12.0,0.0,0.0,0.0,0.0,0.0,0.0,2042.66
5760_dose_600_gradient_0_VconcST_0_Vconc_3.2_run_0.csv,5760.0,600.0,0,3.2,0.0,3.2,0,12.25,0.0,0.0,0.0,0.0,0.0,0.0,4992.99
5760_dose_600_gradient_0_VconcST_0_Vconc_3.2_run_0.csv,5760.0,600.0,0,3.2,0.0,3.2,0,12.5,0.0,0.0,0.0,0.0,0.0,0.0,388.981
5760_dose_600_gradient_0_VconcST_0_Vconc_3.2_run_0.csv,5760.0,600.0,0,3.2,0.0,3.2,0,12.75,0.0,0.0,0.0,0.0,0.0,0.0,6024.31
5760_dose_600_gradient_0_VconcST_0_Vconc_3.2_run_0.csv,5760.0,600.0,0,3.2,0.0,3.2,0,13.0,0.0,0.0,0.0,0.0,0.0,0.0,387.969
5760_dose_600_gradient_0_VconcST_0_Vconc_3.2_run_0.csv,5760.0,600.0,0,3.2,0.0,3.2,0,13.25,0.0,0.0,0.0,0.0,0.0,0.0,7092.55
5760_dose_600_gradient_0_VconcST_0_Vconc_3.2_run_0.csv,5760.0,600.0,0,3.2,0.0,3.2,0,13.5,0.0,0.0,0.0,0.0,0.0,0.0,383.002
5760_dose_600_gradient_0_VconcST_0_Vconc_3.2_run_0.csv,5760.0,600.0,0,3.2,0.0,3.2,0,13.75,0.0,0.0,0.0,0.0,0.0,0.0,7696.3
5760_dose_600_gradient_0_VconcST_0_Vconc_3.2_run_0.csv,5760.0,600.0,0,3.2,0.0,3.2,0,14.0,0.0,0.0,0.0,0.0,0.0,0.0,360.582
5760_dose_600_gradient_0_VconcST_0_Vconc_3.2_run_0.csv,5760.0,600.0,0,3.2,0.0,3.2,0,14.25,0.0,0.0,0.0,0.0,0.0,0.0,9417.38
5760_dose_600_gradient_0_VconcST_0_Vconc_3.2_run_0.csv,5760.0,600.0,0,3.2,0.0,3.2,0,14.5,0.0,0.0,0.0,0.0,0.0,0.0,241.447
5760_dose_600_gradient_0_VconcST_0_Vconc_3.2_run_0.csv,5760.0,600.0,0,3.2,0.0,3.2,0,14.75,0.0,0.0,0.0,0.0,0.0,0.0,9968.42
5760_dose_600_gradient_0_VconcST_0_Vconc_3.2_run_0.csv,5760.0,600.0,0,3.2,0.0,3.2,0,15.0,0.0,0.0,0.0,0.0,0.0,0.0,179.087
5760_dose_600_gradient_0_VconcST_0_Vconc_3.2_run_0.csv,5760.0,600.0,0,3.2,0.0,3.2,0,15.25,0.0,0.0,0.0,0.0,0.0,0.0,10000.0
5760_dose_600_gradient_0_VconcST_0_Vconc_3.2_run_0.csv,5760.0,600.0,0,3.2,0.0,3.2,0,15.5,0.0,0.0,0.0,0.0,0.0,0.0,155.654
5760_dose_600_gradient_0_VconcST_0_Vconc_3.2_run_0.csv,5760.0,600.0,0,3.2,0.0,3.2,0,15.75,0.0,0.0,0.0,0.0,0.00352431,0.0,10000.0
5760_dose_600_gradient_0_VconcST_0_Vconc_3.2_run_0.csv,5760.0,600.0,0,3.2,0.0,3.2,0,16.0,0.0,0.0,0.0,0.0,0.0,0.0,141.124
5760_dose_600_gradient_0_VconcST_0_Vconc_3.2_run_0.csv,5760.0,600.0,0,3.2,0.0,3.2,0,16.25,0.0,0.0,0.0,0.0,0.0,0.0,10000.0
5760_dose_600_gradient_0_VconcST_0_Vconc_3.2_run_0.csv,5760.0,600.0,0,3.2,0.0,3.2,0,16.5,0.0,0.0,0.0,0.0,0.0,0.0,128.213
5760_dose_600_gradient_0_VconcST_0_Vconc_3.2_run_0.csv,5760.0,600.0,0,3.2,0.0,3.2,0,16.75,0.0,0.0,0.0,0.0,0.0,0.0,10000.0
5760_dose_600_gradient_0_VconcST_0_Vconc_3.2_run_0.csv,5760.0,600.0,0,3.2,0.0,3.2,0,17.0,0.0,0.0,0.0,0.0,0.0,0.0,123.404
5760_dose_600_gradient_0_VconcST_0_Vconc_3.2_run_0.csv,5760.0,600.0,0,3.2,0.0,3.2,0,17.25,0.0,0.0,0.0,0.0,0.0,0.0,10000.0
5760_dose_600_gradient_0_VconcST_0_Vconc_3.2_run_0.csv,5760.0,600.0,0,3.2,0.0,3.2,0,17.5,0.0,0.0,0.0,0.0,0.0,0.0,121.574
5760_dose_600_gradient_0_VconcST_0_Vconc_3.2_run_0.csv,5760.0,600.0,0,3.2,0.0,3.2,0,17.75,0.0,0.0,0.0,0.0,0.0,0.0,10000.0
5760_dose_600_gradient_0_VconcST_0_Vconc_3.2_run_0.csv,5760.0,600.0,0,3.2,0.0,3.2,0,18.0,0.0,0.0,0.0,0.0,0.0,0.0,120.786
5760_dose_600_gradient_0_VconcST_0_Vconc_3.2_run_0.csv,5760.0,600.0,0,3.2,0.0,3.2,0,18.25,0.0,0.0,0.0,0.0,0.0,0.0,10000.0
5760_dose_600_gradient_0_VconcST_0_Vconc_3.2_run_0.csv,5760.0,600.0,0,3.2,0.0,3.2,0,18.5,0.0,0.0,0.0,0.0,0.0,0.0,119.797
5760_dose_600_gradient_0_VconcST_0_Vconc_3.2_run_0.csv,5760.0,600.0,0,3.2,0.0,3.2,0,18.75,0.0,0.0,0.0,0.0,0.0,0.0,10000.0
5760_dose_600_gradient_0_VconcST_0_Vconc_3.2_run_0.csv,5760.0,600.0,0,3.2,0.0,3.2,0,19.0,0.0,0.0,0.0,0.0,0.0,0.0,120.334
5760_dose_600_gradient_0_VconcST_0_Vconc_3.2_run_0.csv,5760.0,600.0,0,3.2,0.0,3.2,0,19.25,0.0,0.0,0.0,0.0,0.0,0.0,10000.0
5760_dose_600_gradient_0_VconcST_0_Vconc_3.2_run_0.csv,5760.0,600.0,0,3.2,0.0,3.2,0,19.5,0.0,0.0,0.0,0.0,0.0,0.0,1105.17
5760_dose_600_gradient_0_VconcST_0_Vconc_3.2_run_0.csv,5760.0,600.0,0,3.2,0.0,3.2,0,19.75,0.0,0.0,0.0,0.0,0.0,0.0,5194.19
5760_dose_600_gradient_0_VconcST_0_Vconc_3.2_run_0.csv,5760.0,600.0,0,3.2,0.0,3.2,0,20.0,0.0,0.0,0.0,0.0,0.0,0.0,2919.67
5760_dose_600_gradient_0_VconcST_0_Vconc_3.2_run_0.csv,5760.0,600.0,0,3.2,0.0,3.2,0,20.25,0.0,0.0,0.0,0.0,0.0,0.0,385.489
5760_dose_600_gradient_0_VconcST_0_Vconc_3.2_run_0.csv,5760.0,600.0,0,3.2,0.0,3.2,0,20.5,0.0,0.0,0.0,0.0,0.0,0.0,5924.28
5760_dose_600_gradient_0_VconcST_0_Vconc_3.2_run_0.csv,5760.0,600.0,0,3.2,0.0,3.2,0,20.75,0.0,0.0,0.0,0.0,0.0,0.0,386.042
5760_dose_600_gradient_0_VconcST_0_Vconc_3.2_run_0.csv,5760.0,600.0,0,3.2,0.0,3.2,0,21.0,0.0,0.0,0.0,0.0,0.0,0.0,6628.81
5760_dose_600_gradient_0_VconcST_0_Vconc_3.2_run_0.csv,5760.0,600.0,0,3.2,0.0,3.2,0,21.25,0.0,0.0,0.0,0.0,0.0,0.0,383.508
5760_dose_600_gradient_0_VconcST_0_Vconc_3.2_run_0.csv,5760.0,600.0,0,3.2,0.0,3.2,0,21.5,0.0,0.0,0.0,0.0,0.0,0.0,7530.64
5760_dose_600_gradient_0_VconcST_0_Vconc_3.2_run_0.csv,5760.0,600.0,0,3.2,0.0,3.2,0,21.75,0.0,0.0,0.0,0.0,0.0,0.0,370.198
5760_dose_600_gradient_0_VconcST_0_Vconc_3.2_run_0.csv,5760.0,600.0,0,3.2,0.0,3.2,0,22.0,0.0,0.0,0.0,0.0,0.0,0.0,8936.55
5760_dose_600_gradient_0_VconcST_0_Vconc_3.2_run_0.csv,5760.0,600.0,0,3.2,0.0,3.2,0,22.25,0.0,0.0,0.0,0.0,0.0,0.0,267.115
5760_dose_600_gradient_0_VconcST_0_Vconc_3.2_run_0.csv,5760.0,600.0,0,3.2,0.0,3.2,0,22.5,0.0,0.0,0.0,0.0,0.0,0.0,9893.86
5760_dose_600_gradient_0_VconcST_0_Vconc_3.2_run_0.csv,5760.0,600.0,0,3.2,0.0,3.2,0,22.75,0.0,0.0,0.0,0.0,0.0,0.0,180.122
5760_dose_600_gradient_0_VconcST_0_Vconc_3.2_run_0.csv,5760.0,600.0,0,3.2,0.0,3.2,0,23.0,0.0,0.0,0.0,0.0,0.0,0.0,10000.0
5760_dose_600_gradient_0_VconcST_0_Vconc_3.2_run_0.csv,5760.0,600.0,0,3.2,0.0,3.2,0,23.25,0.0,0.0,0.0,0.0,0.0,0.0,149.359
5760_dose_600_gradient_0_VconcST_0_Vconc_3.2_run_0.csv,5760.0,600.0,0,3.2,0.0,3.2,0,23.5,0.0,0.0,0.0,0.0,0.0,0.0,10000.0
5760_dose_600_gradient_0_VconcST_0_Vconc_3.2_run_0.csv,5760.0,600.0,0,3.2,0.0,3.2,0,23.75,0.0,0.0,0.0,0.0,0.0,0.0,154.897
5760_dose_600_gradient_0_VconcST_0_Vconc_3.2_run_0.csv,5760.0,600.0,0,3.2,0.0,3.2,0,24.0,46.7175,600.0,0.018195,46.7175,0.0,0.0,10000.0
5760_dose_600_gradient_0_VconcST_0_Vconc_3.2_run_0.csv,5760.0,600.0,0,3.2,0.0,3.2,0,24.25,2816.07,588.109,1.09677,2816.07,0.0,0.999928,0.0147957
5760_dose_600_gradient_0_VconcST_0_Vconc_3.2_run_0.csv,5760.0,600.0,0,3.2,0.0,3.2,0,24.5,5520.02,576.453,2.14988,5520.02,0.0,0.999963,0.240648
5760_dose_600_gradient_0_VconcST_0_Vconc_3.2_run_0.csv,5760.0,600.0,0,3.2,0.0,3.2,0,24.75,8159.93,565.029,3.17804,8159.93,0.0,0.999975,0.147067
5760_dose_600_gradient_0_VconcST_0_Vconc_3.2_run_0.csv,5760.0,600.0,0,3.2,0.0,3.2,0,25.0,10737.1,553.83,4.18176,10737.1,0.0,0.999981,0.106746
5760_dose_600_gradient_0_VconcST_0_Vconc_3.2_run_0.csv,5760.0,600.0,0,3.2,0.0,3.2,0,25.25,13252.8,542.853,5.16155,13252.8,0.0,0.999985,0.0841995
5760_dose_600_gradient_0_VconcST_0_Vconc_3.2_run_0.csv,5760.0,600.0,0,3.2,0.0,3.2,0,25.5,15708.3,532.094,6.11789,15708.3,0.0,0.999987,0.0696922
5760_dose_600_gradient_0_VconcST_0_Vconc_3.2_run_0.csv,5760.0,600.0,0,3.2,0.0,3.2,0,25.75,18104.8,521.549,7.05126,18104.8,0.0,0.999989,0.0595642
5760_dose_600_gradient_0_VconcST_0_Vconc_3.2_run_0.csv,5760.0,600.0,0,3.2,0.0,3.2,0,26.0,20443.6,511.213,7.96213,20443.6,0.0,0.99999,0.0522424
5760_dose_600_gradient_0_VconcST_0_Vconc_3.2_run_0.csv,5760.0,600.0,0,3.2,0.0,3.2,0,26.25,22725.7,501.081,8.85097,22725.7,0.0,0.999991,0.0468363
5760_dose_600_gradient_0_VconcST_0_Vconc_3.2_run_0.csv,5760.0,600.0,0,3.2,0.0,3.2,0,26.5,24952.5,491.15,9.71822,24952.5,0.0,0.999992,0.042329
5760_dose_600_gradient_0_VconcST_0_Vconc_3.2_run_0.csv,5760.0,600.0,0,3.2,0.0,3.2,0,26.75,27124.9,481.416,10.5643,27124.9,0.0,0.999993,0.0385994
5760_dose_600_gradient_0_VconcST_0_Vconc_3.2_run_0.csv,5760.0,600.0,0,3.2,0.0,3.2,0,27.0,29244.3,471.875,11.3897,29244.3,0.0,0.999993,0.03563
5760_dose_600_gradient_0_VconcST_0_Vconc_3.2_run_0.csv,5760.0,600.0,0,3.2,0.0,3.2,0,27.25,31311.5,462.523,12.1949,31311.5,0.0,0.999994,0.0332017
5760_dose_600_gradient_0_VconcST_0_Vconc_3.2_run_0.csv,5760.0,600.0,0,3.2,0.0,3.2,0,27.5,33327.7,453.356,12.9801,33327.7,0.0,0.999994,0.031092
5760_dose_600_gradient_0_VconcST_0_Vconc_3.2_run_0.csv,5760.0,600.0,0,3.2,0.0,3.2,0,27.75,35294.0,444.371,13.7459,35294.0,0.0,0.999994,0.0292717
5760_dose_600_gradient_0_VconcST_0_Vconc_3.2_run_0.csv,5760.0,600.0,0,3.2,0.0,3.2,0,28.0,37211.3,435.564,14.4926,37211.3,0.0,0.999995,0.0277628
5760_dose_600_gradient_0_VconcST_0_Vconc_3.2_run_0.csv,5760.0,600.0,0,3.2,0.0,3.2,0,28.25,39080.7,426.932,15.2207,39080.7,0.0,0.999995,0.0265372
5760_dose_600_gradient_0_VconcST_0_Vconc_3.2_run_0.csv,5760.0,600.0,0,3.2,0.0,3.2,0,28.5,40903.2,418.471,15.9305,40903.2,0.0,0.999995,0.0250803
5760_dose_600_gradient_0_VconcST_0_Vconc_3.2_run_0.csv,5760.0,600.0,0,3.2,0.0,3.2,0,28.75,42679.7,410.177,16.6224,42679.7,0.0,0.999995,0.0241248
5760_dose_600_gradient_0_VconcST_0_Vconc_3.2_run_0.csv,5760.0,600.0,0,3.2,0.0,3.2,0,29.0,44411.2,402.048,17.2968,44411.2,0.0,0.999996,0.0232339
5760_dose_600_gradient_0_VconcST_0_Vconc_3.2_run_0.csv,5760.0,600.0,0,3.2,0.0,3.2,0,29.25,46098.6,394.08,17.954,46098.6,0.0,0.999996,0.0223287
5760_dose_600_gradient_0_VconcST_0_Vconc_3.2_run_0.csv,5760.0,600.0,0,3.2,0.0,3.2,0,29.5,47742.8,386.27,18.5943,47742.8,0.0,0.999996,0.0214364
5760_dose_600_gradient_0_VconcST_0_Vconc_3.2_run_0.csv,5760.0,600.0,0,3.2,0.0,3.2,0,29.75,49344.8,378.614,19.2183,49344.8,0.0,0.999996,0.0208419
5760_dose_600_gradient_0_VconcST_0_Vconc_3.2_run_0.csv,5760.0,600.0,0,3.2,0.0,3.2,0,30.0,50905.4,371.11,19.8261,50905.4,0.0,0.999996,0.0202165
5760_dose_600_gradient_0_VconcST_0_Vconc_3.2_run_0.csv,5760.0,600.0,0,3.2,0.0,3.2,0,30.25,52425.4,363.755,20.4181,52425.4,0.0,0.999996,0.0196289
5760_dose_600_gradient_0_VconcST_0_Vconc_3.2_run_0.csv,5760.0,600.0,0,3.2,0.0,3.2,0,30.5,53905.6,356.546,20.9946,53905.6,0.0,0.999996,0.019021
5760_dose_600_gradient_0_VconcST_0_Vconc_3.2_run_0.csv,5760.0,600.0,0,3.2,0.0,3.2,0,30.75,55347.0,349.48,21.5559,55347.0,0.0,0.999996,0.0183951
5760_dose_600_gradient_0_VconcST_0_Vconc_3.2_run_0.csv,5760.0,600.0,0,3.2,0.0,3.2,0,31.0,56750.3,342.554,22.1025,56750.3,0.0,0.999996,0.0181064
5760_dose_600_gradient_0_VconcST_0_Vconc_3.2_run_0.csv,5760.0,600.0,0,3.2,0.0,3.2,0,31.25,58116.3,335.765,22.6345,58116.3,0.0,0.999997,0.0174905
5760_dose_600_gradient_0_VconcST_0_Vconc_3.2_run_0.csv,5760.0,600.0,0,3.2,0.0,3.2,0,31.5,59445.8,329.11,23.1523,59445.8,0.0,0.999997,0.0171889
5760_dose_600_gradient_0_VconcST_0_Vconc_3.2_run_0.csv,5760.0,600.0,0,3.2,0.0,3.2,0,31.75,60739.5,322.588,23.6562,60739.5,0.0,0.999997,0.0168873
5760_dose_600_gradient_0_VconcST_0_Vconc_3.2_run_0.csv,5760.0,600.0,0,3.2,0.0,3.2,0,32.0,61998.2,316.194,24.1464,61998.2,0.0,0.999997,0.0163185
5760_dose_600_gradient_0_VconcST_0_Vconc_3.2_run_0.csv,5760.0,600.0,0,3.2,0.0,3.2,0,32.25,63222.6,309.928,24.6233,63222.6,0.0,0.999997,0.016017
5760_dose_600_gradient_0_VconcST_0_Vconc_3.2_run_0.csv,5760.0,600.0,0,3.2,0.0,3.2,0,32.5,64413.5,303.785,25.0871,64413.5,0.0,0.999997,0.0156888
5760_dose_600_gradient_0_VconcST_0_Vconc_3.2_run_0.csv,5760.0,600.0,0,3.2,0.0,3.2,0,32.75,65571.4,297.765,25.538,65571.4,0.0,0.999997,0.0153795
5760_dose_600_gradient_0_VconcST_0_Vconc_3.2_run_0.csv,5760.0,600.0,0,3.2,0.0,3.2,0,33.0,66697.3,291.863,25.9765,66697.3,0.0,0.999997,0.0157032
5760_dose_600_gradient_0_VconcST_0_Vconc_3.2_run_0.csv,5760.0,600.0,0,3.2,0.0,3.2,0,33.25,67791.5,286.079,26.4027,67791.5,0.0,0.999997,0.0153952
5760_dose_600_gradient_0_VconcST_0_Vconc_3.2_run_0.csv,5760.0,600.0,0,3.2,0.0,3.2,0,33.5,68855.0,280.409,26.8169,68855.0,0.0,0.999997,0.0151278
5760_dose_600_gradient_0_VconcST_0_Vconc_3.2_run_0.csv,5760.0,600.0,0,3.2,0.0,3.2,0,33.75,69888.3,274.852,27.2193,69888.3,0.0,0.999997,0.0148288
5760_dose_600_gradient_0_VconcST_0_Vconc_3.2_run_0.csv,5760.0,600.0,0,3.2,0.0,3.2,0,34.0,70892.0,269.405,27.6102,70892.0,0.0,0.999997,0.0144749
5760_dose_600_gradient_0_VconcST_0_Vconc_3.2_run_0.csv,5760.0,600.0,0,3.2,0.0,3.2,0,34.25,71866.7,264.066,27.9898,71866.7,0.0,0.999997,0.014509
5760_dose_600_gradient_0_VconcST_0_Vconc_3.2_run_0.csv,5760.0,600.0,0,3.2,0.0,3.2,0,34.5,72813.1,258.832,28.3584,72813.1,0.0,0.999997,0.0141803
5760_dose_600_gradient_0_VconcST_0_Vconc_3.2_run_0.csv,5760.0,600.0,0,3.2,0.0,3.2,0,34.75,73731.7,253.702,28.7162,73731.7,0.0,0.999997,0.0138829
5760_dose_600_gradient_0_VconcST_0_Vconc_3.2_run_0.csv,5760.0,600.0,0,3.2,0.0,3.2,0,35.0,74623.2,248.674,29.0634,74623.2,0.0,0.999997,0.0138717
5760_dose_600_gradient_0_VconcST_0_Vconc_3.2_run_0.csv,5760.0,600.0,0,3.2,0.0,3.2,0,35.25,75488.1,243.746,29.4003,75488.1,0.0,0.999997,0.0135879
5760_dose_600_gradient_0_VconcST_0_Vconc_3.2_run_0.csv,5760.0,600.0,0,3.2,0.0,3.2,0,35.5,76326.9,238.915,29.727,76326.9,0.0,0.999997,0.0135913
5760_dose_600_gradient_0_VconcST_0_Vconc_3.2_run_0.csv,5760.0,600.0,0,3.2,0.0,3.2,0,35.75,77140.3,234.18,30.0437,77140.3,0.0,0.999997,0.0132887
5760_dose_600_gradient_0_VconcST_0_Vconc_3.2_run_0.csv,5760.0,600.0,0,3.2,0.0,3.2,0,36.0,77928.7,229.539,30.3508,77928.7,0.0,0.999997,0.0132957
5760_dose_600_gradient_0_VconcST_0_Vconc_3.2_run_0.csv,5760.0,600.0,0,3.2,0.0,3.2,0,36.25,78692.7,224.99,30.6484,78692.7,0.0,0.999997,0.0132873
5760_dose_600_gradient_0_VconcST_0_Vconc_3.2_run_0.csv,5760.0,600.0,0,3.2,0.0,3.2,0,36.5,79432.9,220.531,30.9366,79432.9,0.0,0.999997,0.0129827
5760_dose_600_gradient_0_VconcST_0_Vconc_3.2_run_0.csv,5760.0,600.0,0,3.2,0.0,3.2,0,36.75,80149.6,216.16,31.2158,80149.6,0.0,0.999997,0.0129831
5760_dose_600_gradient_0_VconcST_0_Vconc_3.2_run_0.csv,5760.0,600.0,0,3.2,0.0,3.2,0,37.0,80843.5,211.876,31.486,80843.5,0.0,0.999997,0.0126873
5760_dose_600_gradient_0_VconcST_0_Vconc_3.2_run_0.csv,5760.0,600.0,0,3.2,0.0,3.2,0,37.25,81514.9,207.677,31.7475,81514.9,0.0,0.999997,0.0126731
5760_dose_600_gradient_0_VconcST_0_Vconc_3.2_run_0.csv,5760.0,600.0,0,3.2,0.0,3.2,0,37.5,82164.5,203.561,32.0005,82164.5,0.0,0.999998,0.0126655
5760_dose_600_gradient_0_VconcST_0_Vconc_3.2_run_0.csv,5760.0,600.0,0,3.2,0.0,3.2,0,37.75,82792.5,199.527,32.2451,82792.5,0.0,0.999998,0.0123888
5760_dose_600_gradient_0_VconcST_0_Vconc_3.2_run_0.csv,5760.0,600.0,0,3.2,0.0,3.2,0,38.0,83399.6,195.572,32.4815,83399.6,0.0,0.999998,0.0123701
5760_dose_600_gradient_0_VconcST_0_Vconc_3.2_run_0.csv,5760.0,600.0,0,3.2,0.0,3.2,0,38.25,83986.0,191.696,32.71,83986.0,0.0,0.999998,0.0123949
5760_dose_600_gradient_0_VconcST_0_Vconc_3.2_run_0.csv,5760.0,600.0,0,3.2,0.0,3.2,0,38.5,84552.4,187.897,32.9306,84552.4,0.0,0.999998,0.0120794
5760_dose_600_gradient_0_VconcST_0_Vconc_3.2_run_0.csv,5760.0,600.0,0,3.2,0.0,3.2,0,38.75,85099.1,184.173,33.1435,85099.1,0.0,0.999998,0.0120824
5760_dose_600_gradient_0_VconcST_0_Vconc_3.2_run_0.csv,5760.0,600.0,0,3.2,0.0,3.2,0,39.0,85626.6,180.523,33.3489,85626.6,0.0,0.999998,0.0120853
5760_dose_600_gradient_0_VconcST_0_Vconc_3.2_run_0.csv,5760.0,600.0,0,3.2,0.0,3.2,0,39.25,86135.1,176.945,33.547,86135.1,0.0,0.999998,0.0121052
5760_dose_600_gradient_0_VconcST_0_Vconc_3.2_run_0.csv,5760.0,600.0,0,3.2,0.0,3.2,0,39.5,86625.3,173.438,33.7379,86625.3,0.0,0.999998,0.0118084
5760_dose_600_gradient_0_VconcST_0_Vconc_3.2_run_0.csv,5760.0,600.0,0,3.2,0.0,3.2,0,39.75,87097.4,170.001,33.9217,87097.4,0.0,0.999998,0.0117848
5760_dose_600_gradient_0_VconcST_0_Vconc_3.2_run_0.csv,5760.0,600.0,0,3.2,0.0,3.2,0,40.0,87551.8,166.632,34.0987,87551.8,0.0,0.999998,0.0117609
5760_dose_600_gradient_0_VconcST_0_Vconc_3.2_run_0.csv,5760.0,600.0,0,3.2,0.0,3.2,0,40.25,87989.0,163.329,34.269,87989.0,0.0,0.999998,0.0117824
5760_dose_600_gradient_0_VconcST_0_Vconc_3.2_run_0.csv,5760.0,600.0,0,3.2,0.0,3.2,0,40.5,88409.3,160.092,34.4327,88409.3,0.0,0.999998,0.0117741
5760_dose_600_gradient_0_VconcST_0_Vconc_3.2_run_0.csv,5760.0,600.0,0,3.2,0.0,3.2,0,40.75,88813.0,156.919,34.5899,88813.0,0.0,0.999998,0.0114722
5760_dose_600_gradient_0_VconcST_0_Vconc_3.2_run_0.csv,5760.0,600.0,0,3.2,0.0,3.2,0,41.0,89200.5,153.809,34.7408,89200.5,0.0,0.999998,0.0114879
5760_dose_600_gradient_0_VconcST_0_Vconc_3.2_run_0.csv,5760.0,600.0,0,3.2,0.0,3.2,0,41.25,89572.2,150.761,34.8856,89572.2,0.0,0.999998,0.0114593
5760_dose_600_gradient_0_VconcST_0_Vconc_3.2_run_0.csv,5760.0,600.0,0,3.2,0.0,3.2,0,41.5,89928.5,147.773,35.0244,89928.5,0.0,0.999998,0.011473
5760_dose_600_gradient_0_VconcST_0_Vconc_0.8_run_0.csv,5760.0,600.0,0,0.8,0.0,0.8,0,0.0,0.0,0.0,0.0,0.0,0.0,0.0,0.0
5760_dose_600_gradient_0_VconcST_0_Vconc_0.8_run_0.csv,5760.0,600.0,0,0.8,0.0,0.8,0,0.25,0.0,0.0,0.0,0.0,0.0,0.0,2075.91
5760_dose_600_gradient_0_VconcST_0_Vconc_0.8_run_0.csv,5760.0,600.0,0,0.8,0.0,0.8,0,0.5,0.0,0.0,0.0,0.0,0.0,0.0,30.5797
5760_dose_600_gradient_0_VconcST_0_Vconc_0.8_run_0.csv,5760.0,600.0,0,0.8,0.0,0.8,0,0.75,0.0,0.0,0.0,0.0,0.0,0.0,2006.4
5760_dose_600_gradient_0_VconcST_0_Vconc_0.8_run_0.csv,5760.0,600.0,0,0.8,0.0,0.8,0,1.0,0.0,0.0,0.0,0.0,0.0,0.0,49.515
5760_dose_600_gradient_0_VconcST_0_Vconc_0.8_run_0.csv,5760.0,600.0,0,0.8,0.0,0.8,0,1.25,0.0,0.0,0.0,0.0,0.0,0.0,1939.93
5760_dose_600_gradient_0_VconcST_0_Vconc_0.8_run_0.csv,5760.0,600.0,0,0.8,0.0,0.8,0,1.5,0.0,0.0,0.0,0.0,0.0,0.0,90.7653
5760_dose_600_gradient_0_VconcST_0_Vconc_0.8_run_0.csv,5760.0,600.0,0,0.8,0.0,0.8,0,1.75,0.0,0.0,0.0,0.0,0.0,0.0,1871.12
5760_dose_600_gradient_0_VconcST_0_Vconc_0.8_run_0.csv,5760.0,600.0,0,0.8,0.0,0.8,0,2.0,0.0,0.0,0.0,0.0,0.0,0.0,162.568
5760_dose_600_gradient_0_VconcST_0_Vconc_0.8_run_0.csv,5760.0,600.0,0,0.8,0.0,0.8,0,2.25,0.0,0.0,0.0,0.0,0.0,0.0,1760.5
5760_dose_600_gradient_0_VconcST_0_Vconc_0.8_run_0.csv,5760.0,600.0,0,0.8,0.0,0.8,0,2.5,0.0,0.0,0.0,0.0,0.0,0.0,243.375
5760_dose_600_gradient_0_VconcST_0_Vconc_0.8_run_0.csv,5760.0,600.0,0,0.8,0.0,0.8,0,2.75,0.0,0.0,0.0,0.0,0.0,0.0,1695.82
5760_dose_600_gradient_0_VconcST_0_Vconc_0.8_run_0.csv,5760.0,600.0,0,0.8,0.0,0.8,0,3.0,0.0,0.0,0.0,0.0,0.0,0.0,280.165
5760_dose_600_gradient_0_VconcST_0_Vconc_0.8_run_0.csv,5760.0,600.0,0,0.8,0.0,0.8,0,3.25,0.0,0.0,0.0,0.0,0.0,0.0,1582.75
5760_dose_600_gradient_0_VconcST_0_Vconc_0.8_run_0.csv,5760.0,600.0,0,0.8,0.0,0.8,0,3.5,0.0,0.0,0.0,0.0,0.0,0.0,378.17
5760_dose_600_gradient_0_VconcST_0_Vconc_0.8_run_0.csv,5760.0,600.0,0,0.8,0.0,0.8,0,3.75,0.0,0.0,0.0,0.0,0.0,0.0,1475.36
5760_dose_600_gradient_0_VconcST_0_Vconc_0.8_run_0.csv,5760.0,600.0,0,0.8,0.0,0.8,0,4.0,0.0,0.0,0.0,0.0,0.0,0.0,578.689
5760_dose_600_gradient_0_VconcST_0_Vconc_0.8_run_0.csv,5760.0,600.0,0,0.8,0.0,0.8,0,4.25,0.0,0.0,0.0,0.0,0.0,0.0,1316.11
5760_dose_600_gradient_0_VconcST_0_Vconc_0.8_run_0.csv,5760.0,600.0,0,0.8,0.0,0.8,0,4.5,0.0,0.0,0.0,0.0,0.0,0.0,673.994
5760_dose_600_gradient_0_VconcST_0_Vconc_0.8_run_0.csv,5760.0,600.0,0,0.8,0.0,0.8,0,4.75,0.0,0.0,0.0,0.0,0.0,0.0,1222.0
5760_dose_600_gradient_0_VconcST_0_Vconc_0.8_run_0.csv,5760.0,600.0,0,0.8,0.0,0.8,0,5.0,0.0,0.0,0.0,0.0,0.0,0.0,782.725
5760_dose_600_gradient_0_VconcST_0_Vconc_0.8_run_0.csv,5760.0,600.0,0,0.8,0.0,0.8,0,5.25,0.0,0.0,0.0,0.0,0.0,0.0,1126.19
5760_dose_600_gradient_0_VconcST_0_Vconc_0.8_run_0.csv,5760.0,600.0,0,0.8,0.0,0.8,0,5.5,0.0,0.0,0.0,0.0,0.0,0.0,878.253
5760_dose_600_gradient_0_VconcST_0_Vconc_0.8_run_0.csv,5760.0,600.0,0,0.8,0.0,0.8,0,5.75,0.0,0.0,0.0,0.0,0.0,0.0,1046.31
5760_dose_600_gradient_0_VconcST_0_Vconc_0.8_run_0.csv,5760.0,600.0,0,0.8,0.0,0.8,0,6.0,0.0,0.0,0.0,0.0,0.0,0.0,957.146
5760_dose_600_gradient_0_VconcST_0_Vconc_0.8_run_0.csv,5760.0,600.0,0,0.8,0.0,0.8,0,6.25,0.0,0.0,0.0,0.0,0.0,0.0,955.703
5760_dose_600_gradient_0_VconcST_0_Vconc_0.8_run_0.csv,5760.0,600.0,0,0.8,0.0,0.8,0,6.5,0.0,0.0,0.0,0.0,0.0,0.0,1075.02
5760_dose_600_gradient_0_VconcST_0_Vconc_0.8_run_0.csv,5760.0,600.0,0,0.8,0.0,0.8,0,6.75,0.0,0.0,0.0,0.0,0.0,0.0,861.91
5760_dose_600_gradient_0_VconcST_0_Vconc_0.8_run_0.csv,5760.0,600.0,0,0.8,0.0,0.8,0,7.0,0.0,0.0,0.0,0.0,0.0,0.0,1187.63
5760_dose_600_gradient_0_VconcST_0_Vconc_0.8_run_0.csv,5760.0,600.0,0,0.8,0.0,0.8,0,7.25,0.0,0.0,0.0,0.0,0.0,0.0,752.834
5760_dose_600_gradient_0_VconcST_0_Vconc_0.8_run_0.csv,5760.0,600.0,0,0.8,0.0,0.8,0,7.5,0.0,0.0,0.0,0.0,0.0,0.0,1300.1
5760_dose_600_gradient_0_VconcST_0_Vconc_0.8_run_0.csv,5760.0,600.0,0,0.8,0.0,0.8,0,7.75,0.0,0.0,0.0,0.0,0.0,0.0,633.725
5760_dose_600_gradient_0_VconcST_0_Vconc_0.8_run_0.csv,5760.0,600.0,0,0.8,0.0,0.8,0,8.0,0.0,0.0,0.0,0.0,0.0,0.0,1411.84
5760_dose_600_gradient_0_VconcST_0_Vconc_0.8_run_0.csv,5760.0,600.0,0,0.8,0.0,0.8,0,8.25,0.0,0.0,0.0,0.0,0.0,0.0,562.945
5760_dose_600_gradient_0_VconcST_0_Vconc_0.8_run_0.csv,5760.0,600.0,0,0.8,0.0,0.8,0,8.5,0.0,0.0,0.0,0.0,0.0,0.0,1497.78
5760_dose_600_gradient_0_VconcST_0_Vconc_0.8_run_0.csv,5760.0,600.0,0,0.8,0.0,0.8,0,8.75,0.0,0.0,0.0,0.0,0.0,0.0,500.886
5760_dose_600_gradient_0_VconcST_0_Vconc_0.8_run_0.csv,5760.0,600.0,0,0.8,0.0,0.8,0,9.0,0.0,0.0,0.0,0.0,0.0,0.0,1562.14
5760_dose_600_gradient_0_VconcST_0_Vconc_0.8_run_0.csv,5760.0,600.0,0,0.8,0.0,0.8,0,9.25,0.0,0.0,0.0,0.0,0.0,0.0,502.378
5760_dose_600_gradient_0_VconcST_0_Vconc_0.8_run_0.csv,5760.0,600.0,0,0.8,0.0,0.8,0,9.5,0.0,0.0,0.0,0.0,0.0,0.0,1579.12
5760_dose_600_gradient_0_VconcST_0_Vconc_0.8_run_0.csv,5760.0,600.0,0,0.8,0.0,0.8,0,9.75,0.0,0.0,0.0,0.0,0.0,0.0,548.236
5760_dose_600_gradient_0_VconcST_0_Vconc_0.8_run_0.csv,5760.0,600.0,0,0.8,0.0,0.8,0,10.0,0.0,0.0,0.0,0.0,0.0,0.0,1593.97
5760_dose_600_gradient_0_VconcST_0_Vconc_0.8_run_0.csv,5760.0,600.0,0,0.8,0.0,0.8,0,10.25,0.0,0.0,0.0,0.0,0.0,0.0,814.85
5760_dose_600_gradient_0_VconcST_0_Vconc_0.8_run_0.csv,5760.0,600.0,0,0.8,0.0,0.8,0,10.5,0.0,0.0,0.0,0.0,0.0102669,0.0,1568.75
5760_dose_600_gradient_0_VconcST_0_Vconc_0.8_run_0.csv,5760.0,600.0,0,0.8,0.0,0.8,0,10.75,0.0,0.0,0.0,0.0,0.0507812,0.0,1284.74
5760_dose_600_gradient_0_VconcST_0_Vconc_0.8_run_0.csv,5760.0,600.0,0,0.8,0.0,0.8,0,11.0,0.0,0.0,0.0,0.0,0.122917,0.0,1730.74
5760_dose_600_gradient_0_VconcST_0_Vconc_0.8_run_0.csv,5760.0,600.0,0,0.8,0.0,0.8,0,11.25,0.0,0.0,0.0,0.0,0.226302,0.0,2033.79
5760_dose_600_gradient_0_VconcST_0_Vconc_0.8_run_0.csv,5760.0,600.0,0,0.8,0.0,0.8,0,11.5,0.0,0.0,0.0,0.0,0.360937,0.0,2104.26
5760_dose_600_gradient_0_VconcST_0_Vconc_0.8_run_0.csv,5760.0,600.0,0,0.8,0.0,0.8,0,11.75,0.0,0.0,0.0,0.0,0.526823,0.0,2230.73
5760_dose_600_gradient_0_VconcST_0_Vconc_0.8_run_0.csv,5760.0,600.0,0,0.8,0.0,0.8,0,12.0,0.0,0.0,0.0,0.0,0.723958,0.0,2256.45
5760_dose_600_gradient_0_VconcST_0_Vconc_0.8_run_0.csv,5760.0,600.0,0,0.8,0.0,0.8,0,12.25,0.0,0.0,0.0,0.0,0.947168,0.0,2216.27
5760_dose_600_gradient_0_VconcST_0_Vconc_0.8_run_0.csv,5760.0,600.0,0,0.8,0.0,0.8,0,12.5,0.0,0.0,0.0,0.0,0.996875,0.0,2195.99
5760_dose_600_gradient_0_VconcST_0_Vconc_0.8_run_0.csv,5760.0,600.0,0,0.8,0.0,0.8,0,12.75,0.0,0.0,0.0,0.0,1.0,0.0,2186.74
5760_dose_600_gradient_0_VconcST_0_Vconc_0.8_run_0.csv,5760.0,600.0,0,0.8,0.0,0.8,0,13.0,0.0,0.0,0.0,0.0,1.0,0.0,2192.78
5760_dose_600_gradient_0_VconcST_0_Vconc_0.8_run_0.csv,5760.0,600.0,0,0.8,0.0,0.8,0,13.25,0.0,0.0,0.0,0.0,1.0,0.0,2211.06
5760_dose_600_gradient_0_VconcST_0_Vconc_0.8_run_0.csv,5760.0,600.0,0,0.8,0.0,0.8,0,13.5,0.0,0.0,0.0,0.0,1.0,0.0,2263.07
5760_dose_600_gradient_0_VconcST_0_Vconc_0.8_run_0.csv,5760.0,600.0,0,0.8,0.0,0.8,0,13.75,0.0,0.0,0.0,0.0,1.0,0.0,2176.97
5760_dose_600_gradient_0_VconcST_0_Vconc_0.8_run_0.csv,5760.0,600.0,0,0.8,0.0,0.8,0,14.0,0.0,0.0,0.0,0.0,1.0,0.0,2179.94
5760_dose_600_gradient_0_VconcST_0_Vconc_0.8_run_0.csv,5760.0,600.0,0,0.8,0.0,0.8,0,14.25,0.0,0.0,0.0,0.0,1.0,0.0,2240.46
5760_dose_600_gradient_0_VconcST_0_Vconc_0.8_run_0.csv,5760.0,600.0,0,0.8,0.0,0.8,0,14.5,0.0,0.0,0.0,0.0,1.0,0.0,2151.88
5760_dose_600_gradient_0_VconcST_0_Vconc_0.8_run_0.csv,5760.0,600.0,0,0.8,0.0,0.8,0,14.75,0.0,0.0,0.0,0.0,1.0,0.0,2148.2
5760_dose_600_gradient_0_VconcST_0_Vconc_0.8_run_0.csv,5760.0,600.0,0,0.8,0.0,0.8,0,15.0,0.0,0.0,0.0,0.0,1.0,0.0,2097.72
5760_dose_600_gradient_0_VconcST_0_Vconc_0.8_run_0.csv,5760.0,600.0,0,0.8,0.0,0.8,0,15.25,0.0,0.0,0.0,0.0,1.0,0.0,2220.44
5760_dose_600_gradient_0_VconcST_0_Vconc_0.8_run_0.csv,5760.0,600.0,0,0.8,0.0,0.8,0,15.5,0.0,0.0,0.0,0.0,1.0,0.0,2199.93
5760_dose_600_gradient_0_VconcST_0_Vconc_0.8_run_0.csv,5760.0,600.0,0,0.8,0.0,0.8,0,15.75,0.0,0.0,0.0,0.0,1.0,0.0,2235.82
5760_dose_600_gradient_0_VconcST_0_Vconc_0.8_run_0.csv,5760.0,600.0,0,0.8,0.0,0.8,0,16.0,0.0,0.0,0.0,0.0,1.0,0.0,2162.03
5760_dose_600_gradient_0_VconcST_0_Vconc_0.8_run_0.csv,5760.0,600.0,0,0.8,0.0,0.8,0,16.25,0.0,0.0,0.0,0.0,1.0,0.0,2206.67
5760_dose_600_gradient_0_VconcST_0_Vconc_0.8_run_0.csv,5760.0,600.0,0,0.8,0.0,0.8,0,16.5,0.0,0.0,0.0,0.0,1.0,0.0,2192.55
5760_dose_600_gradient_0_VconcST_0_Vconc_0.8_run_0.csv,5760.0,600.0,0,0.8,0.0,0.8,0,16.75,0.0,0.0,0.0,0.0,1.0,0.0,2200.05
5760_dose_600_gradient_0_VconcST_0_Vconc_0.8_run_0.csv,5760.0,600.0,0,0.8,0.0,0.8,0,17.0,0.0,0.0,0.0,0.0,1.0,0.0,2202.74
5760_dose_600_gradient_0_VconcST_0_Vconc_0.8_run_0.csv,5760.0,600.0,0,0.8,0.0,0.8,0,17.25,0.0,0.0,0.0,0.0,1.0,0.0,2041.79
5760_dose_600_gradient_0_VconcST_0_Vconc_0.8_run_0.csv,5760.0,600.0,0,0.8,0.0,0.8,0,17.5,0.0,0.0,0.0,0.0,1.0,0.0,2279.37
5760_dose_600_gradient_0_VconcST_0_Vconc_0.8_run_0.csv,5760.0,600.0,0,0.8,0.0,0.8,0,17.75,0.0,0.0,0.0,0.0,1.0,0.0,2235.92
5760_dose_600_gradient_0_VconcST_0_Vconc_0.8_run_0.csv,5760.0,600.0,0,0.8,0.0,0.8,0,18.0,0.0,0.0,0.0,0.0,1.0,0.0,2207.02
5760_dose_600_gradient_0_VconcST_0_Vconc_0.8_run_0.csv,5760.0,600.0,0,0.8,0.0,0.8,0,18.25,0.0,0.0,0.0,0.0,1.0,0.0,2130.31
5760_dose_600_gradient_0_VconcST_0_Vconc_0.8_run_0.csv,5760.0,600.0,0,0.8,0.0,0.8,0,18.5,0.0,0.0,0.0,0.0,1.0,0.0,2250.45
5760_dose_600_gradient_0_VconcST_0_Vconc_0.8_run_0.csv,5760.0,600.0,0,0.8,0.0,0.8,0,18.75,0.0,0.0,0.0,0.0,1.0,0.0,2184.87
5760_dose_600_gradient_0_VconcST_0_Vconc_0.8_run_0.csv,5760.0,600.0,0,0.8,0.0,0.8,0,19.0,0.0,0.0,0.0,0.0,1.0,0.0,2221.05
5760_dose_600_gradient_0_VconcST_0_Vconc_0.8_run_0.csv,5760.0,600.0,0,0.8,0.0,0.8,0,19.25,0.0,0.0,0.0,0.0,1.0,0.0,2210.41
5760_dose_600_gradient_0_VconcST_0_Vconc_0.8_run_0.csv,5760.0,600.0,0,0.8,0.0,0.8,0,19.5,0.0,0.0,0.0,0.0,1.0,0.0,2212.46
5760_dose_600_gradient_0_VconcST_0_Vconc_0.8_run_0.csv,5760.0,600.0,0,0.8,0.0,0.8,0,19.75,0.0,0.0,0.0,0.0,1.0,0.0,2177.48
5760_dose_600_gradient_0_VconcST_0_Vconc_0.8_run_0.csv,5760.0,600.0,0,0.8,0.0,0.8,0,20.0,0.0,0.0,0.0,0.0,1.0,0.0,2216.54
5760_dose_600_gradient_0_VconcST_0_Vconc_0.8_run_0.csv,5760.0,600.0,0,0.8,0.0,0.8,0,20.25,0.0,0.0,0.0,0.0,1.0,0.0,2128.62
5760_dose_600_gradient_0_VconcST_0_Vconc_0.8_run_0.csv,5760.0,600.0,0,0.8,0.0,0.8,0,20.5,0.0,0.0,0.0,0.0,1.0,0.0,2235.09
5760_dose_600_gradient_0_VconcST_0_Vconc_0.8_run_0.csv,5760.0,600.0,0,0.8,0.0,0.8,0,20.75,0.0,0.0,0.0,0.0,1.0,0.0,2217.0
5760_dose_600_gradient_0_VconcST_0_Vconc_0.8_run_0.csv,5760.0,600.0,0,0.8,0.0,0.8,0,21.0,0.0,0.0,0.0,0.0,1.0,0.0,2202.52
5760_dose_600_gradient_0_VconcST_0_Vconc_0.8_run_0.csv,5760.0,600.0,0,0.8,0.0,0.8,0,21.25,0.0,0.0,0.0,0.0,1.0,0.0,2171.53
5760_dose_600_gradient_0_VconcST_0_Vconc_0.8_run_0.csv,5760.0,600.0,0,0.8,0.0,0.8,0,21.5,0.0,0.0,0.0,0.0,1.0,0.0,2216.89
5760_dose_600_gradient_0_VconcST_0_Vconc_0.8_run_0.csv,5760.0,600.0,0,0.8,0.0,0.8,0,21.75,0.0,0.0,0.0,0.0,1.0,0.0,2208.97
5760_dose_600_gradient_0_VconcST_0_Vconc_0.8_run_0.csv,5760.0,600.0,0,0.8,0.0,0.8,0,22.0,0.0,0.0,0.0,0.0,1.0,0.0,2193.57
5760_dose_600_gradient_0_VconcST_0_Vconc_0.8_run_0.csv,5760.0,600.0,0,0.8,0.0,0.8,0,22.25,0.0,0.0,0.0,0.0,1.0,0.0,2157.03
5760_dose_600_gradient_0_VconcST_0_Vconc_0.8_run_0.csv,5760.0,600.0,0,0.8,0.0,0.8,0,22.5,0.0,0.0,0.0,0.0,1.0,0.0,2213.68
5760_dose_600_gradient_0_VconcST_0_Vconc_0.8_run_0.csv,5760.0,600.0,0,0.8,0.0,0.8,0,22.75,0.0,0.0,0.0,0.0,1.0,0.0,2224.55
5760_dose_600_gradient_0_VconcST_0_Vconc_0.8_run_0.csv,5760.0,600.0,0,0.8,0.0,0.8,0,23.0,0.0,0.0,0.0,0.0,1.0,0.0,2238.96
5760_dose_600_gradient_0_VconcST_0_Vconc_0.8_run_0.csv,5760.0,600.0,0,0.8,0.0,0.8,0,23.25,0.0,0.0,0.0,0.0,1.0,0.0,2252.14
5760_dose_600_gradient_0_VconcST_0_Vconc_0.8_run_0.csv,5760.0,600.0,0,0.8,0.0,0.8,0,23.5,0.0,0.0,0.0,0.0,1.0,0.0,2267.25
5760_dose_600_gradient_0_VconcST_0_Vconc_0.8_run_0.csv,5760.0,600.0,0,0.8,0.0,0.8,0,23.75,0.0,0.0,0.0,0.0,1.0,0.0,2192.38
5760_dose_600_gradient_0_VconcST_0_Vconc_0.8_run_0.csv,5760.0,600.0,0,0.8,0.0,0.8,0,24.0,46.7175,600.0,0.018195,46.7175,1.0,0.0,2218.15
5760_dose_600_gradient_0_VconcST_0_Vconc_0.8_run_0.csv,5760.0,600.0,0,0.8,0.0,0.8,0,24.25,2816.07,588.109,1.09677,2816.07,0.0,0.999928,0.0869728
5760_dose_600_gradient_0_VconcST_0_Vconc_0.8_run_0.csv,5760.0,600.0,0,0.8,0.0,0.8,0,24.5,5520.02,576.453,2.14988,5520.02,0.0,0.999963,0.0600192
5760_dose_600_gradient_0_VconcST_0_Vconc_0.8_run_0.csv,5760.0,600.0,0,0.8,0.0,0.8,0,24.75,8159.93,565.029,3.17804,8159.93,0.0,0.999975,0.0367748
5760_dose_600_gradient_0_VconcST_0_Vconc_0.8_run_0.csv,5760.0,600.0,0,0.8,0.0,0.8,0,25.0,10737.1,553.83,4.18176,10737.1,0.0,0.999981,0.0267608
5760_dose_600_gradient_0_VconcST_0_Vconc_0.8_run_0.csv,5760.0,600.0,0,0.8,0.0,0.8,0,25.25,13252.8,542.853,5.16155,13252.8,0.0,0.999985,0.0210507
5760_dose_600_gradient_0_VconcST_0_Vconc_0.8_run_0.csv,5760.0,600.0,0,0.8,0.0,0.8,0,25.5,15708.3,532.094,6.11789,15708.3,0.0,0.999987,0.0174395
5760_dose_600_gradient_0_VconcST_0_Vconc_0.8_run_0.csv,5760.0,600.0,0,0.8,0.0,0.8,0,25.75,18104.8,521.549,7.05126,18104.8,0.0,0.999989,0.0148868
5760_dose_600_gradient_0_VconcST_0_Vconc_0.8_run_0.csv,5760.0,600.0,0,0.8,0.0,0.8,0,26.0,20443.6,511.213,7.96213,20443.6,0.0,0.99999,0.0130741
5760_dose_600_gradient_0_VconcST_0_Vconc_0.8_run_0.csv,5760.0,600.0,0,0.8,0.0,0.8,0,26.25,22725.7,501.081,8.85097,22725.7,0.0,0.999991,0.0117184
5760_dose_600_gradient_0_VconcST_0_Vconc_0.8_run_0.csv,5760.0,600.0,0,0.8,0.0,0.8,0,26.5,24952.5,491.15,9.71822,24952.5,0.0,0.999992,0.0105854
5760_dose_600_gradient_0_VconcST_0_Vconc_0.8_run_0.csv,5760.0,600.0,0,0.8,0.0,0.8,0,26.75,27124.9,481.416,10.5643,27124.9,0.0,0.999993,0.0096499
5760_dose_600_gradient_0_VconcST_0_Vconc_0.8_run_0.csv,5760.0,600.0,0,0.8,0.0,0.8,0,27.0,29244.3,471.875,11.3897,29244.3,0.0,0.999993,0.00890948
5760_dose_600_gradient_0_VconcST_0_Vconc_0.8_run_0.csv,5760.0,600.0,0,0.8,0.0,0.8,0,27.25,31311.5,462.523,12.1949,31311.5,0.0,0.999994,0.00829702
5760_dose_600_gradient_0_VconcST_0_Vconc_0.8_run_0.csv,5760.0,600.0,0,0.8,0.0,0.8,0,27.5,33327.7,453.356,12.9801,33327.7,0.0,0.999994,0.00778758
5760_dose_600_gradient_0_VconcST_0_Vconc_0.8_run_0.csv,5760.0,600.0,0,0.8,0.0,0.8,0,27.75,35294.0,444.371,13.7459,35294.0,0.0,0.999994,0.00731288
5760_dose_600_gradient_0_VconcST_0_Vconc_0.8_run_0.csv,5760.0,600.0,0,0.8,0.0,0.8,0,28.0,37211.3,435.564,14.4926,37211.3,0.0,0.999995,0.00694228
5760_dose_600_gradient_0_VconcST_0_Vconc_0.8_run_0.csv,5760.0,600.0,0,0.8,0.0,0.8,0,28.25,39080.7,426.932,15.2207,39080.7,0.0,0.999995,0.00663761
5760_dose_600_gradient_0_VconcST_0_Vconc_0.8_run_0.csv,5760.0,600.0,0,0.8,0.0,0.8,0,28.5,40903.2,418.471,15.9305,40903.2,0.0,0.999995,0.00626374
5760_dose_600_gradient_0_VconcST_0_Vconc_0.8_run_0.csv,5760.0,600.0,0,0.8,0.0,0.8,0,28.75,42679.7,410.177,16.6224,42679.7,0.0,0.999995,0.00604332
5760_dose_600_gradient_0_VconcST_0_Vconc_0.8_run_0.csv,5760.0,600.0,0,0.8,0.0,0.8,0,29.0,44411.2,402.048,17.2968,44411.2,0.0,0.999996,0.00581038
5760_dose_600_gradient_0_VconcST_0_Vconc_0.8_run_0.csv,5760.0,600.0,0,0.8,0.0,0.8,0,29.25,46098.6,394.08,17.954,46098.6,0.0,0.999996,0.00558398
5760_dose_600_gradient_0_VconcST_0_Vconc_0.8_run_0.csv,5760.0,600.0,0,0.8,0.0,0.8,0,29.5,47742.8,386.27,18.5943,47742.8,0.0,0.999996,0.00535275
5760_dose_600_gradient_0_VconcST_0_Vconc_0.8_run_0.csv,5760.0,600.0,0,0.8,0.0,0.8,0,29.75,49344.8,378.614,19.2183,49344.8,0.0,0.999996,0.00520816
5760_dose_600_gradient_0_VconcST_0_Vconc_0.8_run_0.csv,5760.0,600.0,0,0.8,0.0,0.8,0,30.0,50905.4,371.11,19.8261,50905.4,0.0,0.999996,0.00505613
5760_dose_600_gradient_0_VconcST_0_Vconc_0.8_run_0.csv,5760.0,600.0,0,0.8,0.0,0.8,0,30.25,52425.4,363.755,20.4181,52425.4,0.0,0.999996,0.00490968
5760_dose_600_gradient_0_VconcST_0_Vconc_0.8_run_0.csv,5760.0,600.0,0,0.8,0.0,0.8,0,30.5,53905.6,356.546,20.9946,53905.6,0.0,0.999996,0.00475476
5760_dose_600_gradient_0_VconcST_0_Vconc_0.8_run_0.csv,5760.0,600.0,0,0.8,0.0,0.8,0,30.75,55347.0,349.48,21.5559,55347.0,0.0,0.999996,0.00460158
5760_dose_600_gradient_0_VconcST_0_Vconc_0.8_run_0.csv,5760.0,600.0,0,0.8,0.0,0.8,0,31.0,56750.3,342.554,22.1025,56750.3,0.0,0.999996,0.00452804
5760_dose_600_gradient_0_VconcST_0_Vconc_0.8_run_0.csv,5760.0,600.0,0,0.8,0.0,0.8,0,31.25,58116.3,335.765,22.6345,58116.3,0.0,0.999997,0.00437988
5760_dose_600_gradient_0_VconcST_0_Vconc_0.8_run_0.csv,5760.0,600.0,0,0.8,0.0,0.8,0,31.5,59445.8,329.11,23.1523,59445.8,0.0,0.999997,0.00430376
5760_dose_600_gradient_0_VconcST_0_Vconc_0.8_run_0.csv,5760.0,600.0,0,0.8,0.0,0.8,0,31.75,60739.5,322.588,23.6562,60739.5,0.0,0.999997,0.00422188
5760_dose_600_gradient_0_VconcST_0_Vconc_0.8_run_0.csv,5760.0,600.0,0,0.8,0.0,0.8,0,32.0,61998.2,316.194,24.1464,61998.2,0.0,0.999997,0.00407108
5760_dose_600_gradient_0_VconcST_0_Vconc_0.8_run_0.csv,5760.0,600.0,0,0.8,0.0,0.8,0,32.25,63222.6,309.928,24.6233,63222.6,0.0,0.999997,0.00399571
5760_dose_600_gradient_0_VconcST_0_Vconc_0.8_run_0.csv,5760.0,600.0,0,0.8,0.0,0.8,0,32.5,64413.5,303.785,25.0871,64413.5,0.0,0.999997,0.00392622
5760_dose_600_gradient_0_VconcST_0_Vconc_0.8_run_0.csv,5760.0,600.0,0,0.8,0.0,0.8,0,32.75,65571.4,297.765,25.538,65571.4,0.0,0.999997,0.00384682
5760_dose_600_gradient_0_VconcST_0_Vconc_0.8_run_0.csv,5760.0,600.0,0,0.8,0.0,0.8,0,33.0,66697.3,291.863,25.9765,66697.3,0.0,0.999997,0.00393325
5760_dose_600_gradient_0_VconcST_0_Vconc_0.8_run_0.csv,5760.0,600.0,0,0.8,0.0,0.8,0,33.25,67791.5,286.079,26.4027,67791.5,0.0,0.999997,0.00384993
5760_dose_600_gradient_0_VconcST_0_Vconc_0.8_run_0.csv,5760.0,600.0,0,0.8,0.0,0.8,0,33.5,68855.0,280.409,26.8169,68855.0,0.0,0.999997,0.00377735
5760_dose_600_gradient_0_VconcST_0_Vconc_0.8_run_0.csv,5760.0,600.0,0,0.8,0.0,0.8,0,33.75,69888.3,274.852,27.2193,69888.3,0.0,0.999997,0.00369748
5760_dose_600_gradient_0_VconcST_0_Vconc_0.8_run_0.csv,5760.0,600.0,0,0.8,0.0,0.8,0,34.0,70892.0,269.405,27.6102,70892.0,0.0,0.999997,0.00361875
5760_dose_600_gradient_0_VconcST_0_Vconc_0.8_run_0.csv,5760.0,600.0,0,0.8,0.0,0.8,0,34.25,71866.7,264.066,27.9898,71866.7,0.0,0.999997,0.00362205
5760_dose_600_gradient_0_VconcST_0_Vconc_0.8_run_0.csv,5760.0,600.0,0,0.8,0.0,0.8,0,34.5,72813.1,258.832,28.3584,72813.1,0.0,0.999997,0.00355516
5760_dose_600_gradient_0_VconcST_0_Vconc_0.8_run_0.csv,5760.0,600.0,0,0.8,0.0,0.8,0,34.75,73731.7,253.702,28.7162,73731.7,0.0,0.999997,0.00347626
5760_dose_600_gradient_0_VconcST_0_Vconc_0.8_run_0.csv,5760.0,600.0,0,0.8,0.0,0.8,0,35.0,74623.2,248.674,29.0634,74623.2,0.0,0.999997,0.00346797
5760_dose_600_gradient_0_VconcST_0_Vconc_0.8_run_0.csv,5760.0,600.0,0,0.8,0.0,0.8,0,35.25,75488.1,243.746,29.4003,75488.1,0.0,0.999997,0.00339496
5760_dose_600_gradient_0_VconcST_0_Vconc_0.8_run_0.csv,5760.0,600.0,0,0.8,0.0,0.8,0,35.5,76326.9,238.915,29.727,76326.9,0.0,0.999997,0.00340676
5760_dose_600_gradient_0_VconcST_0_Vconc_0.8_run_0.csv,5760.0,600.0,0,0.8,0.0,0.8,0,35.75,77140.3,234.18,30.0437,77140.3,0.0,0.999997,0.00332196
5760_dose_600_gradient_0_VconcST_0_Vconc_0.8_run_0.csv,5760.0,600.0,0,0.8,0.0,0.8,0,36.0,77928.7,229.539,30.3508,77928.7,0.0,0.999997,0.00331718
5760_dose_600_gradient_0_VconcST_0_Vconc_0.8_run_0.csv,5760.0,600.0,0,0.8,0.0,0.8,0,36.25,78692.7,224.99,30.6484,78692.7,0.0,0.999997,0.00332417
5760_dose_600_gradient_0_VconcST_0_Vconc_0.8_run_0.csv,5760.0,600.0,0,0.8,0.0,0.8,0,36.5,79432.9,220.531,30.9366,79432.9,0.0,0.999997,0.00324375
5760_dose_600_gradient_0_VconcST_0_Vconc_0.8_run_0.csv,5760.0,600.0,0,0.8,0.0,0.8,0,36.75,80149.6,216.16,31.2158,80149.6,0.0,0.999997,0.00325001
5760_dose_600_gradient_0_VconcST_0_Vconc_0.8_run_0.csv,5760.0,600.0,0,0.8,0.0,0.8,0,37.0,80843.5,211.876,31.486,80843.5,0.0,0.999997,0.0031693
5760_dose_600_gradient_0_VconcST_0_Vconc_0.8_run_0.csv,5760.0,600.0,0,0.8,0.0,0.8,0,37.25,81514.9,207.677,31.7475,81514.9,0.0,0.999997,0.00317052
5760_dose_600_gradient_0_VconcST_0_Vconc_0.8_run_0.csv,5760.0,600.0,0,0.8,0.0,0.8,0,37.5,82164.5,203.561,32.0005,82164.5,0.0,0.999998,0.00317019
5760_dose_600_gradient_0_VconcST_0_Vconc_0.8_run_0.csv,5760.0,600.0,0,0.8,0.0,0.8,0,37.75,82792.5,199.527,32.2451,82792.5,0.0,0.999998,0.00309601
5760_dose_600_gradient_0_VconcST_0_Vconc_0.8_run_0.csv,5760.0,600.0,0,0.8,0.0,0.8,0,38.0,83399.6,195.572,32.4815,83399.6,0.0,0.999998,0.00309384
5760_dose_600_gradient_0_VconcST_0_Vconc_0.8_run_0.csv,5760.0,600.0,0,0.8,0.0,0.8,0,38.25,83986.0,191.696,32.71,83986.0,0.0,0.999998,0.00309742
5760_dose_600_gradient_0_VconcST_0_Vconc_0.8_run_0.csv,5760.0,600.0,0,0.8,0.0,0.8,0,38.5,84552.4,187.897,32.9306,84552.4,0.0,0.999998,0.00302389
5760_dose_600_gradient_0_VconcST_0_Vconc_0.8_run_0.csv,5760.0,600.0,0,0.8,0.0,0.8,0,38.75,85099.1,184.173,33.1435,85099.1,0.0,0.999998,0.00302378
5760_dose_600_gradient_0_VconcST_0_Vconc_0.8_run_0.csv,5760.0,600.0,0,0.8,0.0,0.8,0,39.0,85626.6,180.523,33.3489,85626.6,0.0,0.999998,0.00301901
5760_dose_600_gradient_0_VconcST_0_Vconc_0.8_run_0.csv,5760.0,600.0,0,0.8,0.0,0.8,0,39.25,86135.1,176.945,33.547,86135.1,0.0,0.999998,0.00302368
5760_dose_600_gradient_0_VconcST_0_Vconc_0.8_run_0.csv,5760.0,600.0,0,0.8,0.0,0.8,0,39.5,86625.3,173.438,33.7379,86625.3,0.0,0.999998,0.00294828
5760_dose_600_gradient_0_VconcST_0_Vconc_0.8_run_0.csv,5760.0,600.0,0,0.8,0.0,0.8,0,39.75,87097.4,170.001,33.9217,87097.4,0.0,0.999998,0.00294384
5760_dose_600_gradient_0_VconcST_0_Vconc_0.8_run_0.csv,5760.0,600.0,0,0.8,0.0,0.8,0,40.0,87551.8,166.632,34.0987,87551.8,0.0,0.999998,0.00294022
5760_dose_600_gradient_0_VconcST_0_Vconc_0.8_run_0.csv,5760.0,600.0,0,0.8,0.0,0.8,0,40.25,87989.0,163.329,34.269,87989.0,0.0,0.999998,0.00294694
5760_dose_600_gradient_0_VconcST_0_Vconc_0.8_run_0.csv,5760.0,600.0,0,0.8,0.0,0.8,0,40.5,88409.3,160.092,34.4327,88409.3,0.0,0.999998,0.00294911
5760_dose_600_gradient_0_VconcST_0_Vconc_0.8_run_0.csv,5760.0,600.0,0,0.8,0.0,0.8,0,40.75,88813.0,156.919,34.5899,88813.0,0.0,0.999998,0.00287391
5760_dose_600_gradient_0_VconcST_0_Vconc_0.8_run_0.csv,5760.0,600.0,0,0.8,0.0,0.8,0,41.0,89200.5,153.809,34.7408,89200.5,0.0,0.999998,0.00286485
5760_dose_600_gradient_0_VconcST_0_Vconc_0.8_run_0.csv,5760.0,600.0,0,0.8,0.0,0.8,0,41.25,89572.2,150.761,34.8856,89572.2,0.0,0.999998,0.00286888
5760_dose_600_gradient_0_VconcST_0_Vconc_0.8_run_0.csv,5760.0,600.0,0,0.8,0.0,0.8,0,41.5,89928.5,147.773,35.0244,89928.5,0.0,0.999998,0.00286837
5760_dose_600_gradient_0_VconcST_0_Vconc_6.4_run_2.csv,5760.0,600.0,0,6.4,0.0,6.4,2,0.0,0.0,0.0,0.0,0.0,0.0,0.0,0.0
5760_dose_600_gradient_0_VconcST_0_Vconc_6.4_run_2.csv,5760.0,600.0,0,6.4,0.0,6.4,2,0.25,0.0,0.0,0.0,0.0,0.0,0.0,10000.0
5760_dose_600_gradient_0_VconcST_0_Vconc_6.4_run_2.csv,5760.0,600.0,0,6.4,0.0,6.4,2,0.5,0.0,0.0,0.0,0.0,0.0,0.0,355.948
5760_dose_600_gradient_0_VconcST_0_Vconc_6.4_run_2.csv,5760.0,600.0,0,6.4,0.0,6.4,2,0.75,0.0,0.0,0.0,0.0,0.0,0.0,10000.0
5760_dose_600_gradient_0_VconcST_0_Vconc_6.4_run_2.csv,5760.0,600.0,0,6.4,0.0,6.4,2,1.0,0.0,0.0,0.0,0.0,0.0,0.0,310.961
5760_dose_600_gradient_0_VconcST_0_Vconc_6.4_run_2.csv,5760.0,600.0,0,6.4,0.0,6.4,2,1.25,0.0,0.0,0.0,0.0,0.0,0.0,10000.0
5760_dose_600_gradient_0_VconcST_0_Vconc_6.4_run_2.csv,5760.0,600.0,0,6.4,0.0,6.4,2,1.5,0.0,0.0,0.0,0.0,0.0,0.0,285.014
5760_dose_600_gradient_0_VconcST_0_Vconc_6.4_run_2.csv,5760.0,600.0,0,6.4,0.0,6.4,2,1.75,0.0,0.0,0.0,0.0,0.0,0.0,10000.0
5760_dose_600_gradient_0_VconcST_0_Vconc_6.4_run_2.csv,5760.0,600.0,0,6.4,0.0,6.4,2,2.0,0.0,0.0,0.0,0.0,0.0,0.0,264.15
5760_dose_600_gradient_0_VconcST_0_Vconc_6.4_run_2.csv,5760.0,600.0,0,6.4,0.0,6.4,2,2.25,0.0,0.0,0.0,0.0,0.0,0.0,10000.0
5760_dose_600_gradient_0_VconcST_0_Vconc_6.4_run_2.csv,5760.0,600.0,0,6.4,0.0,6.4,2,2.5,0.0,0.0,0.0,0.0,0.0,0.0,268.738
5760_dose_600_gradient_0_VconcST_0_Vconc_6.4_run_2.csv,5760.0,600.0,0,6.4,0.0,6.4,2,2.75,0.0,0.0,0.0,0.0,0.0,0.0,10000.0
5760_dose_600_gradient_0_VconcST_0_Vconc_6.4_run_2.csv,5760.0,600.0,0,6.4,0.0,6.4,2,3.0,0.0,0.0,0.0,0.0,0.0,0.0,261.724
5760_dose_600_gradient_0_VconcST_0_Vconc_6.4_run_2.csv,5760.0,600.0,0,6.4,0.0,6.4,2,3.25,0.0,0.0,0.0,0.0,0.0,0.0,10000.0
5760_dose_600_gradient_0_VconcST_0_Vconc_6.4_run_2.csv,5760.0,600.0,0,6.4,0.0,6.4,2,3.5,0.0,0.0,0.0,0.0,0.0,0.0,255.421
5760_dose_600_gradient_0_VconcST_0_Vconc_6.4_run_2.csv,5760.0,600.0,0,6.4,0.0,6.4,2,3.75,0.0,0.0,0.0,0.0,0.0,0.0,10000.0
5760_dose_600_gradient_0_VconcST_0_Vconc_6.4_run_2.csv,5760.0,600.0,0,6.4,0.0,6.4,2,4.0,0.0,0.0,0.0,0.0,0.0,0.0,258.635
5760_dose_600_gradient_0_VconcST_0_Vconc_6.4_run_2.csv,5760.0,600.0,0,6.4,0.0,6.4,2,4.25,0.0,0.0,0.0,0.0,0.0,0.0,1320.77
5760_dose_600_gradient_0_VconcST_0_Vconc_6.4_run_2.csv,5760.0,600.0,0,6.4,0.0,6.4,2,4.5,0.0,0.0,0.0,0.0,0.0,0.0,8936.57
5760_dose_600_gradient_0_VconcST_0_Vconc_6.4_run_2.csv,5760.0,600.0,0,6.4,0.0,6.4,2,4.75,0.0,0.0,0.0,0.0,0.0,0.0,770.144
5760_dose_600_gradient_0_VconcST_0_Vconc_6.4_run_2.csv,5760.0,600.0,0,6.4,0.0,6.4,2,5.0,0.0,0.0,0.0,0.0,0.0,0.0,10000.0
5760_dose_600_gradient_0_VconcST_0_Vconc_6.4_run_2.csv,5760.0,600.0,0,6.4,0.0,6.4,2,5.25,0.0,0.0,0.0,0.0,0.0,0.0,764.984
5760_dose_600_gradient_0_VconcST_0_Vconc_6.4_run_2.csv,5760.0,600.0,0,6.4,0.0,6.4,2,5.5,0.0,0.0,0.0,0.0,0.0,0.0,10000.0
5760_dose_600_gradient_0_VconcST_0_Vconc_6.4_run_2.csv,5760.0,600.0,0,6.4,0.0,6.4,2,5.75,0.0,0.0,0.0,0.0,0.0,0.0,768.336
5760_dose_600_gradient_0_VconcST_0_Vconc_6.4_run_2.csv,5760.0,600.0,0,6.4,0.0,6.4,2,6.0,0.0,0.0,0.0,0.0,0.0,0.0,10000.0
5760_dose_600_gradient_0_VconcST_0_Vconc_6.4_run_2.csv,5760.0,600.0,0,6.4,0.0,6.4,2,6.25,0.0,0.0,0.0,0.0,0.0,0.0,702.833
5760_dose_600_gradient_0_VconcST_0_Vconc_6.4_run_2.csv,5760.0,600.0,0,6.4,0.0,6.4,2,6.5,0.0,0.0,0.0,0.0,0.0,0.0,10000.0
5760_dose_600_gradient_0_VconcST_0_Vconc_6.4_run_2.csv,5760.0,600.0,0,6.4,0.0,6.4,2,6.75,0.0,0.0,0.0,0.0,0.0,0.0,478.915
5760_dose_600_gradient_0_VconcST_0_Vconc_6.4_run_2.csv,5760.0,600.0,0,6.4,0.0,6.4,2,7.0,0.0,0.0,0.0,0.0,0.0,0.0,10000.0
5760_dose_600_gradient_0_VconcST_0_Vconc_6.4_run_2.csv,5760.0,600.0,0,6.4,0.0,6.4,2,7.25,0.0,0.0,0.0,0.0,0.0,0.0,405.555
5760_dose_600_gradient_0_VconcST_0_Vconc_6.4_run_2.csv,5760.0,600.0,0,6.4,0.0,6.4,2,7.5,0.0,0.0,0.0,0.0,0.0,0.0,10000.0
5760_dose_600_gradient_0_VconcST_0_Vconc_6.4_run_2.csv,5760.0,600.0,0,6.4,0.0,6.4,2,7.75,0.0,0.0,0.0,0.0,0.0,0.0,381.176
5760_dose_600_gradient_0_VconcST_0_Vconc_6.4_run_2.csv,5760.0,600.0,0,6.4,0.0,6.4,2,8.0,0.0,0.0,0.0,0.0,0.0,0.0,10000.0
5760_dose_600_gradient_0_VconcST_0_Vconc_6.4_run_2.csv,5760.0,600.0,0,6.4,0.0,6.4,2,8.25,0.0,0.0,0.0,0.0,0.0,0.0,324.332
5760_dose_600_gradient_0_VconcST_0_Vconc_6.4_run_2.csv,5760.0,600.0,0,6.4,0.0,6.4,2,8.5,0.0,0.0,0.0,0.0,0.0,0.0,10000.0
5760_dose_600_gradient_0_VconcST_0_Vconc_6.4_run_2.csv,5760.0,600.0,0,6.4,0.0,6.4,2,8.75,0.0,0.0,0.0,0.0,0.0,0.0,312.142
5760_dose_600_gradient_0_VconcST_0_Vconc_6.4_run_2.csv,5760.0,600.0,0,6.4,0.0,6.4,2,9.0,0.0,0.0,0.0,0.0,0.0,0.0,10000.0
5760_dose_600_gradient_0_VconcST_0_Vconc_6.4_run_2.csv,5760.0,600.0,0,6.4,0.0,6.4,2,9.25,0.0,0.0,0.0,0.0,0.0,0.0,290.9
5760_dose_600_gradient_0_VconcST_0_Vconc_6.4_run_2.csv,5760.0,600.0,0,6.4,0.0,6.4,2,9.5,0.0,0.0,0.0,0.0,0.0,0.0,10000.0
5760_dose_600_gradient_0_VconcST_0_Vconc_6.4_run_2.csv,5760.0,600.0,0,6.4,0.0,6.4,2,9.75,0.0,0.0,0.0,0.0,0.000366753,0.0,278.17
5760_dose_600_gradient_0_VconcST_0_Vconc_6.4_run_2.csv,5760.0,600.0,0,6.4,0.0,6.4,2,10.0,0.0,0.0,0.0,0.0,0.0,0.0,10000.0
5760_dose_600_gradient_0_VconcST_0_Vconc_6.4_run_2.csv,5760.0,600.0,0,6.4,0.0,6.4,2,10.25,0.0,0.0,0.0,0.0,0.0,0.0,247.179
5760_dose_600_gradient_0_VconcST_0_Vconc_6.4_run_2.csv,5760.0,600.0,0,6.4,0.0,6.4,2,10.5,0.0,0.0,0.0,0.0,0.0,0.0,10000.0
5760_dose_600_gradient_0_VconcST_0_Vconc_6.4_run_2.csv,5760.0,600.0,0,6.4,0.0,6.4,2,10.75,0.0,0.0,0.0,0.0,0.0,0.0,256.951
5760_dose_600_gradient_0_VconcST_0_Vconc_6.4_run_2.csv,5760.0,600.0,0,6.4,0.0,6.4,2,11.0,0.0,0.0,0.0,0.0,0.0,0.0,10000.0
5760_dose_600_gradient_0_VconcST_0_Vconc_6.4_run_2.csv,5760.0,600.0,0,6.4,0.0,6.4,2,11.25,0.0,0.0,0.0,0.0,0.0,0.0,256.649
5760_dose_600_gradient_0_VconcST_0_Vconc_6.4_run_2.csv,5760.0,600.0,0,6.4,0.0,6.4,2,11.5,0.0,0.0,0.0,0.0,0.0,0.0,10000.0
5760_dose_600_gradient_0_VconcST_0_Vconc_6.4_run_2.csv,5760.0,600.0,0,6.4,0.0,6.4,2,11.75,0.0,0.0,0.0,0.0,0.0,0.0,248.539
5760_dose_600_gradient_0_VconcST_0_Vconc_6.4_run_2.csv,5760.0,600.0,0,6.4,0.0,6.4,2,12.0,0.0,0.0,0.0,0.0,0.0,0.0,1790.01
5760_dose_600_gradient_0_VconcST_0_Vconc_6.4_run_2.csv,5760.0,600.0,0,6.4,0.0,6.4,2,12.25,0.0,0.0,0.0,0.0,0.0,0.0,8636.15
5760_dose_600_gradient_0_VconcST_0_Vconc_6.4_run_2.csv,5760.0,600.0,0,6.4,0.0,6.4,2,12.5,0.0,0.0,0.0,0.0,0.0,0.0,779.877
5760_dose_600_gradient_0_VconcST_0_Vconc_6.4_run_2.csv,5760.0,600.0,0,6.4,0.0,6.4,2,12.75,0.0,0.0,0.0,0.0,0.0,0.0,10000.0
5760_dose_600_gradient_0_VconcST_0_Vconc_6.4_run_2.csv,5760.0,600.0,0,6.4,0.0,6.4,2,13.0,0.0,0.0,0.0,0.0,0.0,0.0,778.68
5760_dose_600_gradient_0_VconcST_0_Vconc_6.4_run_2.csv,5760.0,600.0,0,6.4,0.0,6.4,2,13.25,0.0,0.0,0.0,0.0,0.0,0.0,10000.0
5760_dose_600_gradient_0_VconcST_0_Vconc_6.4_run_2.csv,5760.0,600.0,0,6.4,0.0,6.4,2,13.5,0.0,0.0,0.0,0.0,0.0,0.0,767.773
5760_dose_600_gradient_0_VconcST_0_Vconc_6.4_run_2.csv,5760.0,600.0,0,6.4,0.0,6.4,2,13.75,0.0,0.0,0.0,0.0,0.0,0.0,10000.0
5760_dose_600_gradient_0_VconcST_0_Vconc_6.4_run_2.csv,5760.0,600.0,0,6.4,0.0,6.4,2,14.0,0.0,0.0,0.0,0.0,0.0,0.0,745.943
5760_dose_600_gradient_0_VconcST_0_Vconc_6.4_run_2.csv,5760.0,600.0,0,6.4,0.0,6.4,2,14.25,0.0,0.0,0.0,0.0,0.0,0.0,10000.0
5760_dose_600_gradient_0_VconcST_0_Vconc_6.4_run_2.csv,5760.0,600.0,0,6.4,0.0,6.4,2,14.5,0.0,0.0,0.0,0.0,0.0,0.0,530.144
5760_dose_600_gradient_0_VconcST_0_Vconc_6.4_run_2.csv,5760.0,600.0,0,6.4,0.0,6.4,2,14.75,0.0,0.0,0.0,0.0,0.0,0.0,10000.0
5760_dose_600_gradient_0_VconcST_0_Vconc_6.4_run_2.csv,5760.0,600.0,0,6.4,0.0,6.4,2,15.0,0.0,0.0,0.0,0.0,0.0,0.0,394.054
5760_dose_600_gradient_0_VconcST_0_Vconc_6.4_run_2.csv,5760.0,600.0,0,6.4,0.0,6.4,2,15.25,0.0,0.0,0.0,0.0,0.0,0.0,10000.0
5760_dose_600_gradient_0_VconcST_0_Vconc_6.4_run_2.csv,5760.0,600.0,0,6.4,0.0,6.4,2,15.5,0.0,0.0,0.0,0.0,0.0,0.0,382.127
5760_dose_600_gradient_0_VconcST_0_Vconc_6.4_run_2.csv,5760.0,600.0,0,6.4,0.0,6.4,2,15.75,0.0,0.0,0.0,0.0,0.0,0.0,10000.0
5760_dose_600_gradient_0_VconcST_0_Vconc_6.4_run_2.csv,5760.0,600.0,0,6.4,0.0,6.4,2,16.0,0.0,0.0,0.0,0.0,0.0,0.0,378.45
5760_dose_600_gradient_0_VconcST_0_Vconc_6.4_run_2.csv,5760.0,600.0,0,6.4,0.0,6.4,2,16.25,0.0,0.0,0.0,0.0,0.0,0.0,10000.0
5760_dose_600_gradient_0_VconcST_0_Vconc_6.4_run_2.csv,5760.0,600.0,0,6.4,0.0,6.4,2,16.5,0.0,0.0,0.0,0.0,0.0,0.0,315.781
5760_dose_600_gradient_0_VconcST_0_Vconc_6.4_run_2.csv,5760.0,600.0,0,6.4,0.0,6.4,2,16.75,0.0,0.0,0.0,0.0,0.0,0.0,10000.0
5760_dose_600_gradient_0_VconcST_0_Vconc_6.4_run_2.csv,5760.0,600.0,0,6.4,0.0,6.4,2,17.0,0.0,0.0,0.0,0.0,0.0,0.0,291.695
5760_dose_600_gradient_0_VconcST_0_Vconc_6.4_run_2.csv,5760.0,600.0,0,6.4,0.0,6.4,2,17.25,0.0,0.0,0.0,0.0,0.0,0.0,10000.0
5760_dose_600_gradient_0_VconcST_0_Vconc_6.4_run_2.csv,5760.0,600.0,0,6.4,0.0,6.4,2,17.5,0.0,0.0,0.0,0.0,0.00093099,0.0,265.942
5760_dose_600_gradient_0_VconcST_0_Vconc_6.4_run_2.csv,5760.0,600.0,0,6.4,0.0,6.4,2,17.75,0.0,0.0,0.0,0.0,0.0,0.0,10000.0
5760_dose_600_gradient_0_VconcST_0_Vconc_6.4_run_2.csv,5760.0,600.0,0,6.4,0.0,6.4,2,18.0,0.0,0.0,0.0,0.0,0.0,0.0,271.349
5760_dose_600_gradient_0_VconcST_0_Vconc_6.4_run_2.csv,5760.0,600.0,0,6.4,0.0,6.4,2,18.25,0.0,0.0,0.0,0.0,0.0,0.0,10000.0
5760_dose_600_gradient_0_VconcST_0_Vconc_6.4_run_2.csv,5760.0,600.0,0,6.4,0.0,6.4,2,18.5,0.0,0.0,0.0,0.0,0.0,0.0,253.452
5760_dose_600_gradient_0_VconcST_0_Vconc_6.4_run_2.csv,5760.0,600.0,0,6.4,0.0,6.4,2,18.75,0.0,0.0,0.0,0.0,0.0,0.0,10000.0
5760_dose_600_gradient_0_VconcST_0_Vconc_6.4_run_2.csv,5760.0,600.0,0,6.4,0.0,6.4,2,19.0,0.0,0.0,0.0,0.0,0.0,0.0,265.255
5760_dose_600_gradient_0_VconcST_0_Vconc_6.4_run_2.csv,5760.0,600.0,0,6.4,0.0,6.4,2,19.25,0.0,0.0,0.0,0.0,0.0,0.0,10000.0
5760_dose_600_gradient_0_VconcST_0_Vconc_6.4_run_2.csv,5760.0,600.0,0,6.4,0.0,6.4,2,19.5,0.0,0.0,0.0,0.0,0.0,0.0,253.166
5760_dose_600_gradient_0_VconcST_0_Vconc_6.4_run_2.csv,5760.0,600.0,0,6.4,0.0,6.4,2,19.75,0.0,0.0,0.0,0.0,0.0,0.0,5879.25
5760_dose_600_gradient_0_VconcST_0_Vconc_6.4_run_2.csv,5760.0,600.0,0,6.4,0.0,6.4,2,20.0,0.0,0.0,0.0,0.0,0.0,0.0,8387.49
5760_dose_600_gradient_0_VconcST_0_Vconc_6.4_run_2.csv,5760.0,600.0,0,6.4,0.0,6.4,2,20.25,0.0,0.0,0.0,0.0,0.0,0.0,782.264
5760_dose_600_gradient_0_VconcST_0_Vconc_6.4_run_2.csv,5760.0,600.0,0,6.4,0.0,6.4,2,20.5,0.0,0.0,0.0,0.0,0.0,0.0,10000.0
5760_dose_600_gradient_0_VconcST_0_Vconc_6.4_run_2.csv,5760.0,600.0,0,6.4,0.0,6.4,2,20.75,0.0,0.0,0.0,0.0,0.0,0.0,764.529
5760_dose_600_gradient_0_VconcST_0_Vconc_6.4_run_2.csv,5760.0,600.0,0,6.4,0.0,6.4,2,21.0,0.0,0.0,0.0,0.0,0.0,0.0,10000.0
5760_dose_600_gradient_0_VconcST_0_Vconc_6.4_run_2.csv,5760.0,600.0,0,6.4,0.0,6.4,2,21.25,0.0,0.0,0.0,0.0,0.0,0.0,769.387
5760_dose_600_gradient_0_VconcST_0_Vconc_6.4_run_2.csv,5760.0,600.0,0,6.4,0.0,6.4,2,21.5,0.0,0.0,0.0,0.0,0.0,0.0,10000.0
5760_dose_600_gradient_0_VconcST_0_Vconc_6.4_run_2.csv,5760.0,600.0,0,6.4,0.0,6.4,2,21.75,0.0,0.0,0.0,0.0,0.0,0.0,726.146
5760_dose_600_gradient_0_VconcST_0_Vconc_6.4_run_2.csv,5760.0,600.0,0,6.4,0.0,6.4,2,22.0,0.0,0.0,0.0,0.0,0.0,0.0,10000.0
5760_dose_600_gradient_0_VconcST_0_Vconc_6.4_run_2.csv,5760.0,600.0,0,6.4,0.0,6.4,2,22.25,0.0,0.0,0.0,0.0,0.0,0.0,541.762
5760_dose_600_gradient_0_VconcST_0_Vconc_6.4_run_2.csv,5760.0,600.0,0,6.4,0.0,6.4,2,22.5,0.0,0.0,0.0,0.0,0.0,0.0,10000.0
5760_dose_600_gradient_0_VconcST_0_Vconc_6.4_run_2.csv,5760.0,600.0,0,6.4,0.0,6.4,2,22.75,0.0,0.0,0.0,0.0,0.0,0.0,418.679
5760_dose_600_gradient_0_VconcST_0_Vconc_6.4_run_2.csv,5760.0,600.0,0,6.4,0.0,6.4,2,23.0,0.0,0.0,0.0,0.0,0.0,0.0,10000.0
5760_dose_600_gradient_0_VconcST_0_Vconc_6.4_run_2.csv,5760.0,600.0,0,6.4,0.0,6.4,2,23.25,0.0,0.0,0.0,0.0,0.0,0.0,383.988
5760_dose_600_gradient_0_VconcST_0_Vconc_6.4_run_2.csv,5760.0,600.0,0,6.4,0.0,6.4,2,23.5,0.0,0.0,0.0,0.0,0.0,0.0,10000.0
5760_dose_600_gradient_0_VconcST_0_Vconc_6.4_run_2.csv,5760.0,600.0,0,6.4,0.0,6.4,2,23.75,0.0,0.0,0.0,0.0,0.0,0.0,356.288
5760_dose_600_gradient_0_VconcST_0_Vconc_6.4_run_2.csv,5760.0,600.0,0,6.4,0.0,6.4,2,24.0,46.7175,600.0,0.018195,46.7175,0.0,0.0,10000.0
5760_dose_600_gradient_0_VconcST_0_Vconc_6.4_run_2.csv,5760.0,600.0,0,6.4,0.0,6.4,2,24.25,2816.07,588.109,1.09677,2816.07,0.0,0.999928,0.0296631
5760_dose_600_gradient_0_VconcST_0_Vconc_6.4_run_2.csv,5760.0,600.0,0,6.4,0.0,6.4,2,24.5,5520.02,576.453,2.14988,5520.02,0.0,0.999963,0.480469
5760_dose_600_gradient_0_VconcST_0_Vconc_6.4_run_2.csv,5760.0,600.0,0,6.4,0.0,6.4,2,24.75,8159.93,565.029,3.17804,8159.93,0.0,0.999975,0.293656
5760_dose_600_gradient_0_VconcST_0_Vconc_6.4_run_2.csv,5760.0,600.0,0,6.4,0.0,6.4,2,25.0,10737.1,553.83,4.18176,10737.1,0.0,0.999981,0.213477
5760_dose_600_gradient_0_VconcST_0_Vconc_6.4_run_2.csv,5760.0,600.0,0,6.4,0.0,6.4,2,25.25,13252.8,542.853,5.16155,13252.8,0.0,0.999985,0.168473
5760_dose_600_gradient_0_VconcST_0_Vconc_6.4_run_2.csv,5760.0,600.0,0,6.4,0.0,6.4,2,25.5,15708.3,532.094,6.11789,15708.3,0.0,0.999987,0.139311
5760_dose_600_gradient_0_VconcST_0_Vconc_6.4_run_2.csv,5760.0,600.0,0,6.4,0.0,6.4,2,25.75,18104.8,521.549,7.05126,18104.8,0.0,0.999989,0.118987
5760_dose_600_gradient_0_VconcST_0_Vconc_6.4_run_2.csv,5760.0,600.0,0,6.4,0.0,6.4,2,26.0,20443.6,511.213,7.96213,20443.6,0.0,0.99999,0.104532
5760_dose_600_gradient_0_VconcST_0_Vconc_6.4_run_2.csv,5760.0,600.0,0,6.4,0.0,6.4,2,26.25,22725.7,501.081,8.85097,22725.7,0.0,0.999991,0.0934797
5760_dose_600_gradient_0_VconcST_0_Vconc_6.4_run_2.csv,5760.0,600.0,0,6.4,0.0,6.4,2,26.5,24952.5,491.15,9.71822,24952.5,0.0,0.999992,0.0844338
5760_dose_600_gradient_0_VconcST_0_Vconc_6.4_run_2.csv,5760.0,600.0,0,6.4,0.0,6.4,2,26.75,27124.9,481.416,10.5643,27124.9,0.0,0.999993,0.0772432
5760_dose_600_gradient_0_VconcST_0_Vconc_6.4_run_2.csv,5760.0,600.0,0,6.4,0.0,6.4,2,27.0,29244.3,471.875,11.3897,29244.3,0.0,0.999993,0.0712314
5760_dose_600_gradient_0_VconcST_0_Vconc_6.4_run_2.csv,5760.0,600.0,0,6.4,0.0,6.4,2,27.25,31311.5,462.523,12.1949,31311.5,0.0,0.999994,0.0664228
5760_dose_600_gradient_0_VconcST_0_Vconc_6.4_run_2.csv,5760.0,600.0,0,6.4,0.0,6.4,2,27.5,33327.7,453.356,12.9801,33327.7,0.0,0.999994,0.0622508
5760_dose_600_gradient_0_VconcST_0_Vconc_6.4_run_2.csv,5760.0,600.0,0,6.4,0.0,6.4,2,27.75,35294.0,444.371,13.7459,35294.0,0.0,0.999994,0.0585014
5760_dose_600_gradient_0_VconcST_0_Vconc_6.4_run_2.csv,5760.0,600.0,0,6.4,0.0,6.4,2,28.0,37211.3,435.564,14.4926,37211.3,0.0,0.999995,0.0555755
5760_dose_600_gradient_0_VconcST_0_Vconc_6.4_run_2.csv,5760.0,600.0,0,6.4,0.0,6.4,2,28.25,39080.7,426.932,15.2207,39080.7,0.0,0.999995,0.0531109
5760_dose_600_gradient_0_VconcST_0_Vconc_6.4_run_2.csv,5760.0,600.0,0,6.4,0.0,6.4,2,28.5,40903.2,418.471,15.9305,40903.2,0.0,0.999995,0.0500828
5760_dose_600_gradient_0_VconcST_0_Vconc_6.4_run_2.csv,5760.0,600.0,0,6.4,0.0,6.4,2,28.75,42679.7,410.177,16.6224,42679.7,0.0,0.999995,0.0482931
5760_dose_600_gradient_0_VconcST_0_Vconc_6.4_run_2.csv,5760.0,600.0,0,6.4,0.0,6.4,2,29.0,44411.2,402.048,17.2968,44411.2,0.0,0.999996,0.0464395
5760_dose_600_gradient_0_VconcST_0_Vconc_6.4_run_2.csv,5760.0,600.0,0,6.4,0.0,6.4,2,29.25,46098.6,394.08,17.954,46098.6,0.0,0.999996,0.0446835
5760_dose_600_gradient_0_VconcST_0_Vconc_6.4_run_2.csv,5760.0,600.0,0,6.4,0.0,6.4,2,29.5,47742.8,386.27,18.5943,47742.8,0.0,0.999996,0.0428599
5760_dose_600_gradient_0_VconcST_0_Vconc_6.4_run_2.csv,5760.0,600.0,0,6.4,0.0,6.4,2,29.75,49344.8,378.614,19.2183,49344.8,0.0,0.999996,0.0417157
5760_dose_600_gradient_0_VconcST_0_Vconc_6.4_run_2.csv,5760.0,600.0,0,6.4,0.0,6.4,2,30.0,50905.4,371.11,19.8261,50905.4,0.0,0.999996,0.0404483
5760_dose_600_gradient_0_VconcST_0_Vconc_6.4_run_2.csv,5760.0,600.0,0,6.4,0.0,6.4,2,30.25,52425.4,363.755,20.4181,52425.4,0.0,0.999996,0.0392215
5760_dose_600_gradient_0_VconcST_0_Vconc_6.4_run_2.csv,5760.0,600.0,0,6.4,0.0,6.4,2,30.5,53905.6,356.546,20.9946,53905.6,0.0,0.999996,0.0380228
5760_dose_600_gradient_0_VconcST_0_Vconc_6.4_run_2.csv,5760.0,600.0,0,6.4,0.0,6.4,2,30.75,55347.0,349.48,21.5559,55347.0,0.0,0.999996,0.0367901
5760_dose_600_gradient_0_VconcST_0_Vconc_6.4_run_2.csv,5760.0,600.0,0,6.4,0.0,6.4,2,31.0,56750.3,342.554,22.1025,56750.3,0.0,0.999996,0.0362378
5760_dose_600_gradient_0_VconcST_0_Vconc_6.4_run_2.csv,5760.0,600.0,0,6.4,0.0,6.4,2,31.25,58116.3,335.765,22.6345,58116.3,0.0,0.999997,0.0351022
5760_dose_600_gradient_0_VconcST_0_Vconc_6.4_run_2.csv,5760.0,600.0,0,6.4,0.0,6.4,2,31.5,59445.8,329.11,23.1523,59445.8,0.0,0.999997,0.0344996
5760_dose_600_gradient_0_VconcST_0_Vconc_6.4_run_2.csv,5760.0,600.0,0,6.4,0.0,6.4,2,31.75,60739.5,322.588,23.6562,60739.5,0.0,0.999997,0.0338218
5760_dose_600_gradient_0_VconcST_0_Vconc_6.4_run_2.csv,5760.0,600.0,0,6.4,0.0,6.4,2,32.0,61998.2,316.194,24.1464,61998.2,0.0,0.999997,0.0325876
5760_dose_600_gradient_0_VconcST_0_Vconc_6.4_run_2.csv,5760.0,600.0,0,6.4,0.0,6.4,2,32.25,63222.6,309.928,24.6233,63222.6,0.0,0.999997,0.031965
5760_dose_600_gradient_0_VconcST_0_Vconc_6.4_run_2.csv,5760.0,600.0,0,6.4,0.0,6.4,2,32.5,64413.5,303.785,25.0871,64413.5,0.0,0.999997,0.0315197
5760_dose_600_gradient_0_VconcST_0_Vconc_6.4_run_2.csv,5760.0,600.0,0,6.4,0.0,6.4,2,32.75,65571.4,297.765,25.538,65571.4,0.0,0.999997,0.0307966
5760_dose_600_gradient_0_VconcST_0_Vconc_6.4_run_2.csv,5760.0,600.0,0,6.4,0.0,6.4,2,33.0,66697.3,291.863,25.9765,66697.3,0.0,0.999997,0.0313622
5760_dose_600_gradient_0_VconcST_0_Vconc_6.4_run_2.csv,5760.0,600.0,0,6.4,0.0,6.4,2,33.25,67791.5,286.079,26.4027,67791.5,0.0,0.999997,0.0307869
5760_dose_600_gradient_0_VconcST_0_Vconc_6.4_run_2.csv,5760.0,600.0,0,6.4,0.0,6.4,2,33.5,68855.0,280.409,26.8169,68855.0,0.0,0.999997,0.0302268
5760_dose_600_gradient_0_VconcST_0_Vconc_6.4_run_2.csv,5760.0,600.0,0,6.4,0.0,6.4,2,33.75,69888.3,274.852,27.2193,69888.3,0.0,0.999997,0.029618
5760_dose_600_gradient_0_VconcST_0_Vconc_6.4_run_2.csv,5760.0,600.0,0,6.4,0.0,6.4,2,34.0,70892.0,269.405,27.6102,70892.0,0.0,0.999997,0.0289497
5760_dose_600_gradient_0_VconcST_0_Vconc_6.4_run_2.csv,5760.0,600.0,0,6.4,0.0,6.4,2,34.25,71866.7,264.066,27.9898,71866.7,0.0,0.999997,0.0290606
5760_dose_600_gradient_0_VconcST_0_Vconc_6.4_run_2.csv,5760.0,600.0,0,6.4,0.0,6.4,2,34.5,72813.1,258.832,28.3584,72813.1,0.0,0.999997,0.0284442
5760_dose_600_gradient_0_VconcST_0_Vconc_6.4_run_2.csv,5760.0,600.0,0,6.4,0.0,6.4,2,34.75,73731.7,253.702,28.7162,73731.7,0.0,0.999997,0.0277628
5760_dose_600_gradient_0_VconcST_0_Vconc_6.4_run_2.csv,5760.0,600.0,0,6.4,0.0,6.4,2,35.0,74623.2,248.674,29.0634,74623.2,0.0,0.999997,0.0278106
5760_dose_600_gradient_0_VconcST_0_Vconc_6.4_run_2.csv,5760.0,600.0,0,6.4,0.0,6.4,2,35.25,75488.1,243.746,29.4003,75488.1,0.0,0.999997,0.0271652
5760_dose_600_gradient_0_VconcST_0_Vconc_6.4_run_2.csv,5760.0,600.0,0,6.4,0.0,6.4,2,35.5,76326.9,238.915,29.727,76326.9,0.0,0.999997,0.0271671
5760_dose_600_gradient_0_VconcST_0_Vconc_6.4_run_2.csv,5760.0,600.0,0,6.4,0.0,6.4,2,35.75,77140.3,234.18,30.0437,77140.3,0.0,0.999997,0.0265931
5760_dose_600_gradient_0_VconcST_0_Vconc_6.4_run_2.csv,5760.0,600.0,0,6.4,0.0,6.4,2,36.0,77928.7,229.539,30.3508,77928.7,0.0,0.999997,0.0266332
5760_dose_600_gradient_0_VconcST_0_Vconc_6.4_run_2.csv,5760.0,600.0,0,6.4,0.0,6.4,2,36.25,78692.7,224.99,30.6484,78692.7,0.0,0.999997,0.0265372
5760_dose_600_gradient_0_VconcST_0_Vconc_6.4_run_2.csv,5760.0,600.0,0,6.4,0.0,6.4,2,36.5,79432.9,220.531,30.9366,79432.9,0.0,0.999997,0.025986
5760_dose_600_gradient_0_VconcST_0_Vconc_6.4_run_2.csv,5760.0,600.0,0,6.4,0.0,6.4,2,36.75,80149.6,216.16,31.2158,80149.6,0.0,0.999997,0.0259778
5760_dose_600_gradient_0_VconcST_0_Vconc_6.4_run_2.csv,5760.0,600.0,0,6.4,0.0,6.4,2,37.0,80843.5,211.876,31.486,80843.5,0.0,0.999997,0.0253309
5760_dose_600_gradient_0_VconcST_0_Vconc_6.4_run_2.csv,5760.0,600.0,0,6.4,0.0,6.4,2,37.25,81514.9,207.677,31.7475,81514.9,0.0,0.999997,0.0253309
5760_dose_600_gradient_0_VconcST_0_Vconc_6.4_run_2.csv,5760.0,600.0,0,6.4,0.0,6.4,2,37.5,82164.5,203.561,32.0005,82164.5,0.0,0.999998,0.0253461
5760_dose_600_gradient_0_VconcST_0_Vconc_6.4_run_2.csv,5760.0,600.0,0,6.4,0.0,6.4,2,37.75,82792.5,199.527,32.2451,82792.5,0.0,0.999998,0.0247625
5760_dose_600_gradient_0_VconcST_0_Vconc_6.4_run_2.csv,5760.0,600.0,0,6.4,0.0,6.4,2,38.0,83399.6,195.572,32.4815,83399.6,0.0,0.999998,0.0247755
5760_dose_600_gradient_0_VconcST_0_Vconc_6.4_run_2.csv,5760.0,600.0,0,6.4,0.0,6.4,2,38.25,83986.0,191.696,32.71,83986.0,0.0,0.999998,0.0247425
5760_dose_600_gradient_0_VconcST_0_Vconc_6.4_run_2.csv,5760.0,600.0,0,6.4,0.0,6.4,2,38.5,84552.4,187.897,32.9306,84552.4,0.0,0.999998,0.0241494
5760_dose_600_gradient_0_VconcST_0_Vconc_6.4_run_2.csv,5760.0,600.0,0,6.4,0.0,6.4,2,38.75,85099.1,184.173,33.1435,85099.1,0.0,0.999998,0.0241248
5760_dose_600_gradient_0_VconcST_0_Vconc_6.4_run_2.csv,5760.0,600.0,0,6.4,0.0,6.4,2,39.0,85626.6,180.523,33.3489,85626.6,0.0,0.999998,0.0241417
5760_dose_600_gradient_0_VconcST_0_Vconc_6.4_run_2.csv,5760.0,600.0,0,6.4,0.0,6.4,2,39.25,86135.1,176.945,33.547,86135.1,0.0,0.999998,0.0242214
5760_dose_600_gradient_0_VconcST_0_Vconc_6.4_run_2.csv,5760.0,600.0,0,6.4,0.0,6.4,2,39.5,86625.3,173.438,33.7379,86625.3,0.0,0.999998,0.0235769
5760_dose_600_gradient_0_VconcST_0_Vconc_6.4_run_2.csv,5760.0,600.0,0,6.4,0.0,6.4,2,39.75,87097.4,170.001,33.9217,87097.4,0.0,0.999998,0.0235785
5760_dose_600_gradient_0_VconcST_0_Vconc_6.4_run_2.csv,5760.0,600.0,0,6.4,0.0,6.4,2,40.0,87551.8,166.632,34.0987,87551.8,0.0,0.999998,0.0235571
5760_dose_600_gradient_0_VconcST_0_Vconc_6.4_run_2.csv,5760.0,600.0,0,6.4,0.0,6.4,2,40.25,87989.0,163.329,34.269,87989.0,0.0,0.999998,0.0235405
5760_dose_600_gradient_0_VconcST_0_Vconc_6.4_run_2.csv,5760.0,600.0,0,6.4,0.0,6.4,2,40.5,88409.3,160.092,34.4327,88409.3,0.0,0.999998,0.0235215
5760_dose_600_gradient_0_VconcST_0_Vconc_6.4_run_2.csv,5760.0,600.0,0,6.4,0.0,6.4,2,40.75,88813.0,156.919,34.5899,88813.0,0.0,0.999998,0.0229741
5760_dose_600_gradient_0_VconcST_0_Vconc_6.4_run_2.csv,5760.0,600.0,0,6.4,0.0,6.4,2,41.0,89200.5,153.809,34.7408,89200.5,0.0,0.999998,0.0229508
5760_dose_600_gradient_0_VconcST_0_Vconc_6.4_run_2.csv,5760.0,600.0,0,6.4,0.0,6.4,2,41.25,89572.2,150.761,34.8856,89572.2,0.0,0.999998,0.0229347
5760_dose_600_gradient_0_VconcST_0_Vconc_6.4_run_2.csv,5760.0,600.0,0,6.4,0.0,6.4,2,41.5,89928.5,147.773,35.0244,89928.5,0.0,0.999998,0.0229185
5760_dose_600_gradient_0_VconcST_0_Vconc_4_run_0.csv,5760.0,600.0,0,4.0,0.0,4.0,0,0.0,0.0,0.0,0.0,0.0,0.0,0.0,0.0
5760_dose_600_gradient_0_VconcST_0_Vconc_4_run_0.csv,5760.0,600.0,0,4.0,0.0,4.0,0,0.25,0.0,0.0,0.0,0.0,0.0,0.0,10000.0
5760_dose_600_gradient_0_VconcST_0_Vconc_4_run_0.csv,5760.0,600.0,0,4.0,0.0,4.0,0,0.5,0.0,0.0,0.0,0.0,0.0,0.0,182.32
5760_dose_600_gradient_0_VconcST_0_Vconc_4_run_0.csv,5760.0,600.0,0,4.0,0.0,4.0,0,0.75,0.0,0.0,0.0,0.0,0.0,0.0,10000.0
5760_dose_600_gradient_0_VconcST_0_Vconc_4_run_0.csv,5760.0,600.0,0,4.0,0.0,4.0,0,1.0,0.0,0.0,0.0,0.0,0.0,0.0,165.171
5760_dose_600_gradient_0_VconcST_0_Vconc_4_run_0.csv,5760.0,600.0,0,4.0,0.0,4.0,0,1.25,0.0,0.0,0.0,0.0,0.0,0.0,10000.0
5760_dose_600_gradient_0_VconcST_0_Vconc_4_run_0.csv,5760.0,600.0,0,4.0,0.0,4.0,0,1.5,0.0,0.0,0.0,0.0,0.0,0.0,160.546
5760_dose_600_gradient_0_VconcST_0_Vconc_4_run_0.csv,5760.0,600.0,0,4.0,0.0,4.0,0,1.75,0.0,0.0,0.0,0.0,0.0,0.0,10000.0
5760_dose_600_gradient_0_VconcST_0_Vconc_4_run_0.csv,5760.0,600.0,0,4.0,0.0,4.0,0,2.0,0.0,0.0,0.0,0.0,0.000212674,0.0,159.368
5760_dose_600_gradient_0_VconcST_0_Vconc_4_run_0.csv,5760.0,600.0,0,4.0,0.0,4.0,0,2.25,0.0,0.0,0.0,0.0,0.0,0.0,10000.0
5760_dose_600_gradient_0_VconcST_0_Vconc_4_run_0.csv,5760.0,600.0,0,4.0,0.0,4.0,0,2.5,0.0,0.0,0.0,0.0,0.0,0.0,152.044
5760_dose_600_gradient_0_VconcST_0_Vconc_4_run_0.csv,5760.0,600.0,0,4.0,0.0,4.0,0,2.75,0.0,0.0,0.0,0.0,0.0,0.0,10000.0
5760_dose_600_gradient_0_VconcST_0_Vconc_4_run_0.csv,5760.0,600.0,0,4.0,0.0,4.0,0,3.0,0.0,0.0,0.0,0.0,0.0,0.0,151.402
5760_dose_600_gradient_0_VconcST_0_Vconc_4_run_0.csv,5760.0,600.0,0,4.0,0.0,4.0,0,3.25,0.0,0.0,0.0,0.0,0.0,0.0,10000.0
5760_dose_600_gradient_0_VconcST_0_Vconc_4_run_0.csv,5760.0,600.0,0,4.0,0.0,4.0,0,3.5,0.0,0.0,0.0,0.0,0.0,0.0,154.661
5760_dose_600_gradient_0_VconcST_0_Vconc_4_run_0.csv,5760.0,600.0,0,4.0,0.0,4.0,0,3.75,0.0,0.0,0.0,0.0,0.0,0.0,10000.0
5760_dose_600_gradient_0_VconcST_0_Vconc_4_run_0.csv,5760.0,600.0,0,4.0,0.0,4.0,0,4.0,0.0,0.0,0.0,0.0,0.0,0.0,5549.83
5760_dose_600_gradient_0_VconcST_0_Vconc_4_run_0.csv,5760.0,600.0,0,4.0,0.0,4.0,0,4.25,0.0,0.0,0.0,0.0,0.0,0.0,478.064
5760_dose_600_gradient_0_VconcST_0_Vconc_4_run_0.csv,5760.0,600.0,0,4.0,0.0,4.0,0,4.5,0.0,0.0,0.0,0.0,0.0,0.0,7018.27
5760_dose_600_gradient_0_VconcST_0_Vconc_4_run_0.csv,5760.0,600.0,0,4.0,0.0,4.0,0,4.75,0.0,0.0,0.0,0.0,0.0,0.0,490.626
5760_dose_600_gradient_0_VconcST_0_Vconc_4_run_0.csv,5760.0,600.0,0,4.0,0.0,4.0,0,5.0,0.0,0.0,0.0,0.0,0.0,0.0,8104.68
5760_dose_600_gradient_0_VconcST_0_Vconc_4_run_0.csv,5760.0,600.0,0,4.0,0.0,4.0,0,5.25,0.0,0.0,0.0,0.0,0.0,0.0,479.763
5760_dose_600_gradient_0_VconcST_0_Vconc_4_run_0.csv,5760.0,600.0,0,4.0,0.0,4.0,0,5.5,0.0,0.0,0.0,0.0,0.0,0.0,9774.4
5760_dose_600_gradient_0_VconcST_0_Vconc_4_run_0.csv,5760.0,600.0,0,4.0,0.0,4.0,0,5.75,0.0,0.0,0.0,0.0,0.0,0.0,460.345
5760_dose_600_gradient_0_VconcST_0_Vconc_4_run_0.csv,5760.0,600.0,0,4.0,0.0,4.0,0,6.0,0.0,0.0,0.0,0.0,0.0,0.0,10000.0
5760_dose_600_gradient_0_VconcST_0_Vconc_4_run_0.csv,5760.0,600.0,0,4.0,0.0,4.0,0,6.25,0.0,0.0,0.0,0.0,0.0,0.0,334.655
5760_dose_600_gradient_0_VconcST_0_Vconc_4_run_0.csv,5760.0,600.0,0,4.0,0.0,4.0,0,6.5,0.0,0.0,0.0,0.0,0.0,0.0,10000.0
5760_dose_600_gradient_0_VconcST_0_Vconc_4_run_0.csv,5760.0,600.0,0,4.0,0.0,4.0,0,6.75,0.0,0.0,0.0,0.0,0.0,0.0,235.152
5760_dose_600_gradient_0_VconcST_0_Vconc_4_run_0.csv,5760.0,600.0,0,4.0,0.0,4.0,0,7.0,0.0,0.0,0.0,0.0,0.0,0.0,10000.0
5760_dose_600_gradient_0_VconcST_0_Vconc_4_run_0.csv,5760.0,600.0,0,4.0,0.0,4.0,0,7.25,0.0,0.0,0.0,0.0,0.0,0.0,193.965
5760_dose_600_gradient_0_VconcST_0_Vconc_4_run_0.csv,5760.0,600.0,0,4.0,0.0,4.0,0,7.5,0.0,0.0,0.0,0.0,0.00182292,0.0,10000.0
5760_dose_600_gradient_0_VconcST_0_Vconc_4_run_0.csv,5760.0,600.0,0,4.0,0.0,4.0,0,7.75,0.0,0.0,0.0,0.0,0.0,0.0,201.255
5760_dose_600_gradient_0_VconcST_0_Vconc_4_run_0.csv,5760.0,600.0,0,4.0,0.0,4.0,0,8.0,0.0,0.0,0.0,0.0,0.0,0.0,10000.0
5760_dose_600_gradient_0_VconcST_0_Vconc_4_run_0.csv,5760.0,600.0,0,4.0,0.0,4.0,0,8.25,0.0,0.0,0.0,0.0,0.0,0.0,161.014
5760_dose_600_gradient_0_VconcST_0_Vconc_4_run_0.csv,5760.0,600.0,0,4.0,0.0,4.0,0,8.5,0.0,0.0,0.0,0.0,0.0,0.0,10000.0
5760_dose_600_gradient_0_VconcST_0_Vconc_4_run_0.csv,5760.0,600.0,0,4.0,0.0,4.0,0,8.75,0.0,0.0,0.0,0.0,0.0,0.0,160.053
5760_dose_600_gradient_0_VconcST_0_Vconc_4_run_0.csv,5760.0,600.0,0,4.0,0.0,4.0,0,9.0,0.0,0.0,0.0,0.0,0.0,0.0,10000.0
5760_dose_600_gradient_0_VconcST_0_Vconc_4_run_0.csv,5760.0,600.0,0,4.0,0.0,4.0,0,9.25,0.0,0.0,0.0,0.0,0.0,0.0,150.895
5760_dose_600_gradient_0_VconcST_0_Vconc_4_run_0.csv,5760.0,600.0,0,4.0,0.0,4.0,0,9.5,0.0,0.0,0.0,0.0,0.0,0.0,10000.0
5760_dose_600_gradient_0_VconcST_0_Vconc_4_run_0.csv,5760.0,600.0,0,4.0,0.0,4.0,0,9.75,0.0,0.0,0.0,0.0,0.0,0.0,155.274
5760_dose_600_gradient_0_VconcST_0_Vconc_4_run_0.csv,5760.0,600.0,0,4.0,0.0,4.0,0,10.0,0.0,0.0,0.0,0.0,0.0,0.0,10000.0
5760_dose_600_gradient_0_VconcST_0_Vconc_4_run_0.csv,5760.0,600.0,0,4.0,0.0,4.0,0,10.25,0.0,0.0,0.0,0.0,0.0,0.0,150.523
5760_dose_600_gradient_0_VconcST_0_Vconc_4_run_0.csv,5760.0,600.0,0,4.0,0.0,4.0,0,10.5,0.0,0.0,0.0,0.0,0.0,0.0,10000.0
5760_dose_600_gradient_0_VconcST_0_Vconc_4_run_0.csv,5760.0,600.0,0,4.0,0.0,4.0,0,10.75,0.0,0.0,0.0,0.0,0.0,0.0,152.551
5760_dose_600_gradient_0_VconcST_0_Vconc_4_run_0.csv,5760.0,600.0,0,4.0,0.0,4.0,0,11.0,0.0,0.0,0.0,0.0,0.0,0.0,10000.0
5760_dose_600_gradient_0_VconcST_0_Vconc_4_run_0.csv,5760.0,600.0,0,4.0,0.0,4.0,0,11.25,0.0,0.0,0.0,0.0,0.0,0.0,1106.84
5760_dose_600_gradient_0_VconcST_0_Vconc_4_run_0.csv,5760.0,600.0,0,4.0,0.0,4.0,0,11.5,0.0,0.0,0.0,0.0,0.0,0.0,475.713
5760_dose_600_gradient_0_VconcST_0_Vconc_4_run_0.csv,5760.0,600.0,0,4.0,0.0,4.0,0,11.75,0.0,0.0,0.0,0.0,0.0,0.0,6911.7
5760_dose_600_gradient_0_VconcST_0_Vconc_4_run_0.csv,5760.0,600.0,0,4.0,0.0,4.0,0,12.0,0.0,0.0,0.0,0.0,0.0,0.0,480.087
5760_dose_600_gradient_0_VconcST_0_Vconc_4_run_0.csv,5760.0,600.0,0,4.0,0.0,4.0,0,12.25,0.0,0.0,0.0,0.0,0.0,0.0,8003.95
5760_dose_600_gradient_0_VconcST_0_Vconc_4_run_0.csv,5760.0,600.0,0,4.0,0.0,4.0,0,12.5,0.0,0.0,0.0,0.0,0.0,0.0,478.643
5760_dose_600_gradient_0_VconcST_0_Vconc_4_run_0.csv,5760.0,600.0,0,4.0,0.0,4.0,0,12.75,0.0,0.0,0.0,0.0,0.0,0.0,9268.22
5760_dose_600_gradient_0_VconcST_0_Vconc_4_run_0.csv,5760.0,600.0,0,4.0,0.0,4.0,0,13.0,0.0,0.0,0.0,0.0,0.0,0.0,473.637
5760_dose_600_gradient_0_VconcST_0_Vconc_4_run_0.csv,5760.0,600.0,0,4.0,0.0,4.0,0,13.25,0.0,0.0,0.0,0.0,0.0,0.0,10000.0
5760_dose_600_gradient_0_VconcST_0_Vconc_4_run_0.csv,5760.0,600.0,0,4.0,0.0,4.0,0,13.5,0.0,0.0,0.0,0.0,0.0,0.0,353.624
5760_dose_600_gradient_0_VconcST_0_Vconc_4_run_0.csv,5760.0,600.0,0,4.0,0.0,4.0,0,13.75,0.0,0.0,0.0,0.0,0.0,0.0,10000.0
5760_dose_600_gradient_0_VconcST_0_Vconc_4_run_0.csv,5760.0,600.0,0,4.0,0.0,4.0,0,14.0,0.0,0.0,0.0,0.0,0.0,0.0,233.351
5760_dose_600_gradient_0_VconcST_0_Vconc_4_run_0.csv,5760.0,600.0,0,4.0,0.0,4.0,0,14.25,0.0,0.0,0.0,0.0,0.0,0.0,10000.0
5760_dose_600_gradient_0_VconcST_0_Vconc_4_run_0.csv,5760.0,600.0,0,4.0,0.0,4.0,0,14.5,0.0,0.0,0.0,0.0,0.0,0.0,207.556
5760_dose_600_gradient_0_VconcST_0_Vconc_4_run_0.csv,5760.0,600.0,0,4.0,0.0,4.0,0,14.75,0.0,0.0,0.0,0.0,0.0,0.0,10000.0
5760_dose_600_gradient_0_VconcST_0_Vconc_4_run_0.csv,5760.0,600.0,0,4.0,0.0,4.0,0,15.0,0.0,0.0,0.0,0.0,0.0,0.0,200.536
5760_dose_600_gradient_0_VconcST_0_Vconc_4_run_0.csv,5760.0,600.0,0,4.0,0.0,4.0,0,15.25,0.0,0.0,0.0,0.0,0.0,0.0,10000.0
5760_dose_600_gradient_0_VconcST_0_Vconc_4_run_0.csv,5760.0,600.0,0,4.0,0.0,4.0,0,15.5,0.0,0.0,0.0,0.0,0.0,0.0,162.535
5760_dose_600_gradient_0_VconcST_0_Vconc_4_run_0.csv,5760.0,600.0,0,4.0,0.0,4.0,0,15.75,0.0,0.0,0.0,0.0,0.0,0.0,10000.0
5760_dose_600_gradient_0_VconcST_0_Vconc_4_run_0.csv,5760.0,600.0,0,4.0,0.0,4.0,0,16.0,0.0,0.0,0.0,0.0,0.0,0.0,158.789
5760_dose_600_gradient_0_VconcST_0_Vconc_4_run_0.csv,5760.0,600.0,0,4.0,0.0,4.0,0,16.25,0.0,0.0,0.0,0.0,0.0,0.0,10000.0
5760_dose_600_gradient_0_VconcST_0_Vconc_4_run_0.csv,5760.0,600.0,0,4.0,0.0,4.0,0,16.5,0.0,0.0,0.0,0.0,0.0,0.0,153.536
5760_dose_600_gradient_0_VconcST_0_Vconc_4_run_0.csv,5760.0,600.0,0,4.0,0.0,4.0,0,16.75,0.0,0.0,0.0,0.0,0.0,0.0,10000.0
5760_dose_600_gradient_0_VconcST_0_Vconc_4_run_0.csv,5760.0,600.0,0,4.0,0.0,4.0,0,17.0,0.0,0.0,0.0,0.0,0.000625,0.0,156.606
5760_dose_600_gradient_0_VconcST_0_Vconc_4_run_0.csv,5760.0,600.0,0,4.0,0.0,4.0,0,17.25,0.0,0.0,0.0,0.0,0.0,0.0,10000.0
5760_dose_600_gradient_0_VconcST_0_Vconc_4_run_0.csv,5760.0,600.0,0,4.0,0.0,4.0,0,17.5,0.0,0.0,0.0,0.0,0.0,0.0,155.346
5760_dose_600_gradient_0_VconcST_0_Vconc_4_run_0.csv,5760.0,600.0,0,4.0,0.0,4.0,0,17.75,0.0,0.0,0.0,0.0,0.0,0.0,10000.0
5760_dose_600_gradient_0_VconcST_0_Vconc_4_run_0.csv,5760.0,600.0,0,4.0,0.0,4.0,0,18.0,0.0,0.0,0.0,0.0,0.0,0.0,151.527
5760_dose_600_gradient_0_VconcST_0_Vconc_4_run_0.csv,5760.0,600.0,0,4.0,0.0,4.0,0,18.25,0.0,0.0,0.0,0.0,0.0,0.0,10000.0
5760_dose_600_gradient_0_VconcST_0_Vconc_4_run_0.csv,5760.0,600.0,0,4.0,0.0,4.0,0,18.5,0.0,0.0,0.0,0.0,0.0,0.0,151.783
5760_dose_600_gradient_0_VconcST_0_Vconc_4_run_0.csv,5760.0,600.0,0,4.0,0.0,4.0,0,18.75,0.0,0.0,0.0,0.0,0.0,0.0,5241.5
5760_dose_600_gradient_0_VconcST_0_Vconc_4_run_0.csv,5760.0,600.0,0,4.0,0.0,4.0,0,19.0,0.0,0.0,0.0,0.0,0.0,0.0,6094.72
5760_dose_600_gradient_0_VconcST_0_Vconc_4_run_0.csv,5760.0,600.0,0,4.0,0.0,4.0,0,19.25,0.0,0.0,0.0,0.0,0.0,0.0,484.229
5760_dose_600_gradient_0_VconcST_0_Vconc_4_run_0.csv,5760.0,600.0,0,4.0,0.0,4.0,0,19.5,0.0,0.0,0.0,0.0,0.0,0.0,7477.4
5760_dose_600_gradient_0_VconcST_0_Vconc_4_run_0.csv,5760.0,600.0,0,4.0,0.0,4.0,0,19.75,0.0,0.0,0.0,0.0,0.0,0.0,483.563
5760_dose_600_gradient_0_VconcST_0_Vconc_4_run_0.csv,5760.0,600.0,0,4.0,0.0,4.0,0,20.0,0.0,0.0,0.0,0.0,0.0,0.0,9061.96
5760_dose_600_gradient_0_VconcST_0_Vconc_4_run_0.csv,5760.0,600.0,0,4.0,0.0,4.0,0,20.25,0.0,0.0,0.0,0.0,0.0,0.0,483.65
5760_dose_600_gradient_0_VconcST_0_Vconc_4_run_0.csv,5760.0,600.0,0,4.0,0.0,4.0,0,20.5,0.0,0.0,0.0,0.0,0.0,0.0,9880.09
5760_dose_600_gradient_0_VconcST_0_Vconc_4_run_0.csv,5760.0,600.0,0,4.0,0.0,4.0,0,20.75,0.0,0.0,0.0,0.0,0.0,0.0,438.692
5760_dose_600_gradient_0_VconcST_0_Vconc_4_run_0.csv,5760.0,600.0,0,4.0,0.0,4.0,0,21.0,0.0,0.0,0.0,0.0,0.0,0.0,10000.0
5760_dose_600_gradient_0_VconcST_0_Vconc_4_run_0.csv,5760.0,600.0,0,4.0,0.0,4.0,0,21.25,0.0,0.0,0.0,0.0,0.0,0.0,300.106
5760_dose_600_gradient_0_VconcST_0_Vconc_4_run_0.csv,5760.0,600.0,0,4.0,0.0,4.0,0,21.5,0.0,0.0,0.0,0.0,0.0,0.0,10000.0
5760_dose_600_gradient_0_VconcST_0_Vconc_4_run_0.csv,5760.0,600.0,0,4.0,0.0,4.0,0,21.75,0.0,0.0,0.0,0.0,0.0,0.0,211.741
5760_dose_600_gradient_0_VconcST_0_Vconc_4_run_0.csv,5760.0,600.0,0,4.0,0.0,4.0,0,22.0,0.0,0.0,0.0,0.0,0.0,0.0,10000.0
5760_dose_600_gradient_0_VconcST_0_Vconc_4_run_0.csv,5760.0,600.0,0,4.0,0.0,4.0,0,22.25,0.0,0.0,0.0,0.0,0.0,0.0,177.275
5760_dose_600_gradient_0_VconcST_0_Vconc_4_run_0.csv,5760.0,600.0,0,4.0,0.0,4.0,0,22.5,0.0,0.0,0.0,0.0,0.00248264,0.0,10000.0
5760_dose_600_gradient_0_VconcST_0_Vconc_4_run_0.csv,5760.0,600.0,0,4.0,0.0,4.0,0,22.75,0.0,0.0,0.0,0.0,0.0,0.0,171.52
5760_dose_600_gradient_0_VconcST_0_Vconc_4_run_0.csv,5760.0,600.0,0,4.0,0.0,4.0,0,23.0,0.0,0.0,0.0,0.0,0.0,0.0,10000.0
5760_dose_600_gradient_0_VconcST_0_Vconc_4_run_0.csv,5760.0,600.0,0,4.0,0.0,4.0,0,23.25,0.0,0.0,0.0,0.0,0.0,0.0,167.16
5760_dose_600_gradient_0_VconcST_0_Vconc_4_run_0.csv,5760.0,600.0,0,4.0,0.0,4.0,0,23.5,0.0,0.0,0.0,0.0,0.0,0.0,10000.0
5760_dose_600_gradient_0_VconcST_0_Vconc_4_run_0.csv,5760.0,600.0,0,4.0,0.0,4.0,0,23.75,0.0,0.0,0.0,0.0,0.0,0.0,159.831
5760_dose_600_gradient_0_VconcST_0_Vconc_4_run_0.csv,5760.0,600.0,0,4.0,0.0,4.0,0,24.0,46.7175,600.0,0.018195,46.7175,0.0,0.0,10000.0
5760_dose_600_gradient_0_VconcST_0_Vconc_4_run_0.csv,5760.0,600.0,0,4.0,0.0,4.0,0,24.25,2816.07,588.109,1.09677,2816.07,0.0,0.999928,0.0184837
5760_dose_600_gradient_0_VconcST_0_Vconc_4_run_0.csv,5760.0,600.0,0,4.0,0.0,4.0,0,24.5,5520.02,576.453,2.14988,5520.02,0.0,0.999963,0.300537
5760_dose_600_gradient_0_VconcST_0_Vconc_4_run_0.csv,5760.0,600.0,0,4.0,0.0,4.0,0,24.75,8159.93,565.029,3.17804,8159.93,0.0,0.999975,0.184287
5760_dose_600_gradient_0_VconcST_0_Vconc_4_run_0.csv,5760.0,600.0,0,4.0,0.0,4.0,0,25.0,10737.1,553.83,4.18176,10737.1,0.0,0.999981,0.133833
5760_dose_600_gradient_0_VconcST_0_Vconc_4_run_0.csv,5760.0,600.0,0,4.0,0.0,4.0,0,25.25,13252.8,542.853,5.16155,13252.8,0.0,0.999985,0.105282
5760_dose_600_gradient_0_VconcST_0_Vconc_4_run_0.csv,5760.0,600.0,0,4.0,0.0,4.0,0,25.5,15708.3,532.094,6.11789,15708.3,0.0,0.999987,0.0872005
5760_dose_600_gradient_0_VconcST_0_Vconc_4_run_0.csv,5760.0,600.0,0,4.0,0.0,4.0,0,25.75,18104.8,521.549,7.05126,18104.8,0.0,0.999989,0.0744001
5760_dose_600_gradient_0_VconcST_0_Vconc_4_run_0.csv,5760.0,600.0,0,4.0,0.0,4.0,0,26.0,20443.6,511.213,7.96213,20443.6,0.0,0.99999,0.0653845
5760_dose_600_gradient_0_VconcST_0_Vconc_4_run_0.csv,5760.0,600.0,0,4.0,0.0,4.0,0,26.25,22725.7,501.081,8.85097,22725.7,0.0,0.999991,0.0584259
5760_dose_600_gradient_0_VconcST_0_Vconc_4_run_0.csv,5760.0,600.0,0,4.0,0.0,4.0,0,26.5,24952.5,491.15,9.71822,24952.5,0.0,0.999992,0.052839
5760_dose_600_gradient_0_VconcST_0_Vconc_4_run_0.csv,5760.0,600.0,0,4.0,0.0,4.0,0,26.75,27124.9,481.416,10.5643,27124.9,0.0,0.999993,0.0483235
5760_dose_600_gradient_0_VconcST_0_Vconc_4_run_0.csv,5760.0,600.0,0,4.0,0.0,4.0,0,27.0,29244.3,471.875,11.3897,29244.3,0.0,0.999993,0.0445388
5760_dose_600_gradient_0_VconcST_0_Vconc_4_run_0.csv,5760.0,600.0,0,4.0,0.0,4.0,0,27.25,31311.5,462.523,12.1949,31311.5,0.0,0.999994,0.0414887
5760_dose_600_gradient_0_VconcST_0_Vconc_4_run_0.csv,5760.0,600.0,0,4.0,0.0,4.0,0,27.5,33327.7,453.356,12.9801,33327.7,0.0,0.999994,0.038944
5760_dose_600_gradient_0_VconcST_0_Vconc_4_run_0.csv,5760.0,600.0,0,4.0,0.0,4.0,0,27.75,35294.0,444.371,13.7459,35294.0,0.0,0.999994,0.0367322
5760_dose_600_gradient_0_VconcST_0_Vconc_4_run_0.csv,5760.0,600.0,0,4.0,0.0,4.0,0,28.0,37211.3,435.564,14.4926,37211.3,0.0,0.999995,0.0347389
5760_dose_600_gradient_0_VconcST_0_Vconc_4_run_0.csv,5760.0,600.0,0,4.0,0.0,4.0,0,28.25,39080.7,426.932,15.2207,39080.7,0.0,0.999995,0.0332273
5760_dose_600_gradient_0_VconcST_0_Vconc_4_run_0.csv,5760.0,600.0,0,4.0,0.0,4.0,0,28.5,40903.2,418.471,15.9305,40903.2,0.0,0.999995,0.0313746
5760_dose_600_gradient_0_VconcST_0_Vconc_4_run_0.csv,5760.0,600.0,0,4.0,0.0,4.0,0,28.75,42679.7,410.177,16.6224,42679.7,0.0,0.999995,0.0301855
5760_dose_600_gradient_0_VconcST_0_Vconc_4_run_0.csv,5760.0,600.0,0,4.0,0.0,4.0,0,29.0,44411.2,402.048,17.2968,44411.2,0.0,0.999996,0.0290984
5760_dose_600_gradient_0_VconcST_0_Vconc_4_run_0.csv,5760.0,600.0,0,4.0,0.0,4.0,0,29.25,46098.6,394.08,17.954,46098.6,0.0,0.999996,0.0279696
5760_dose_600_gradient_0_VconcST_0_Vconc_4_run_0.csv,5760.0,600.0,0,4.0,0.0,4.0,0,29.5,47742.8,386.27,18.5943,47742.8,0.0,0.999996,0.0267765
5760_dose_600_gradient_0_VconcST_0_Vconc_4_run_0.csv,5760.0,600.0,0,4.0,0.0,4.0,0,29.75,49344.8,378.614,19.2183,49344.8,0.0,0.999996,0.0260251
5760_dose_600_gradient_0_VconcST_0_Vconc_4_run_0.csv,5760.0,600.0,0,4.0,0.0,4.0,0,30.0,50905.4,371.11,19.8261,50905.4,0.0,0.999996,0.0252787
5760_dose_600_gradient_0_VconcST_0_Vconc_4_run_0.csv,5760.0,600.0,0,4.0,0.0,4.0,0,30.25,52425.4,363.755,20.4181,52425.4,0.0,0.999996,0.024537
5760_dose_600_gradient_0_VconcST_0_Vconc_4_run_0.csv,5760.0,600.0,0,4.0,0.0,4.0,0,30.5,53905.6,356.546,20.9946,53905.6,0.0,0.999996,0.023793
5760_dose_600_gradient_0_VconcST_0_Vconc_4_run_0.csv,5760.0,600.0,0,4.0,0.0,4.0,0,30.75,55347.0,349.48,21.5559,55347.0,0.0,0.999996,0.023006
5760_dose_600_gradient_0_VconcST_0_Vconc_4_run_0.csv,5760.0,600.0,0,4.0,0.0,4.0,0,31.0,56750.3,342.554,22.1025,56750.3,0.0,0.999996,0.0226767
5760_dose_600_gradient_0_VconcST_0_Vconc_4_run_0.csv,5760.0,600.0,0,4.0,0.0,4.0,0,31.25,58116.3,335.765,22.6345,58116.3,0.0,0.999997,0.0218892
5760_dose_600_gradient_0_VconcST_0_Vconc_4_run_0.csv,5760.0,600.0,0,4.0,0.0,4.0,0,31.5,59445.8,329.11,23.1523,59445.8,0.0,0.999997,0.0215345
5760_dose_600_gradient_0_VconcST_0_Vconc_4_run_0.csv,5760.0,600.0,0,4.0,0.0,4.0,0,31.75,60739.5,322.588,23.6562,60739.5,0.0,0.999997,0.0211195
5760_dose_600_gradient_0_VconcST_0_Vconc_4_run_0.csv,5760.0,600.0,0,4.0,0.0,4.0,0,32.0,61998.2,316.194,24.1464,61998.2,0.0,0.999997,0.0203554
5760_dose_600_gradient_0_VconcST_0_Vconc_4_run_0.csv,5760.0,600.0,0,4.0,0.0,4.0,0,32.25,63222.6,309.928,24.6233,63222.6,0.0,0.999997,0.0199783
5760_dose_600_gradient_0_VconcST_0_Vconc_4_run_0.csv,5760.0,600.0,0,4.0,0.0,4.0,0,32.5,64413.5,303.785,25.0871,64413.5,0.0,0.999997,0.0196978
5760_dose_600_gradient_0_VconcST_0_Vconc_4_run_0.csv,5760.0,600.0,0,4.0,0.0,4.0,0,32.75,65571.4,297.765,25.538,65571.4,0.0,0.999997,0.0192516
5760_dose_600_gradient_0_VconcST_0_Vconc_4_run_0.csv,5760.0,600.0,0,4.0,0.0,4.0,0,33.0,66697.3,291.863,25.9765,66697.3,0.0,0.999997,0.019631
5760_dose_600_gradient_0_VconcST_0_Vconc_4_run_0.csv,5760.0,600.0,0,4.0,0.0,4.0,0,33.25,67791.5,286.079,26.4027,67791.5,0.0,0.999997,0.0192245
5760_dose_600_gradient_0_VconcST_0_Vconc_4_run_0.csv,5760.0,600.0,0,4.0,0.0,4.0,0,33.5,68855.0,280.409,26.8169,68855.0,0.0,0.999997,0.0188707
5760_dose_600_gradient_0_VconcST_0_Vconc_4_run_0.csv,5760.0,600.0,0,4.0,0.0,4.0,0,33.75,69888.3,274.852,27.2193,69888.3,0.0,0.999997,0.0185419
5760_dose_600_gradient_0_VconcST_0_Vconc_4_run_0.csv,5760.0,600.0,0,4.0,0.0,4.0,0,34.0,70892.0,269.405,27.6102,70892.0,0.0,0.999997,0.0181318
5760_dose_600_gradient_0_VconcST_0_Vconc_4_run_0.csv,5760.0,600.0,0,4.0,0.0,4.0,0,34.25,71866.7,264.066,27.9898,71866.7,0.0,0.999997,0.0181026
5760_dose_600_gradient_0_VconcST_0_Vconc_4_run_0.csv,5760.0,600.0,0,4.0,0.0,4.0,0,34.5,72813.1,258.832,28.3584,72813.1,0.0,0.999997,0.0177167
5760_dose_600_gradient_0_VconcST_0_Vconc_4_run_0.csv,5760.0,600.0,0,4.0,0.0,4.0,0,34.75,73731.7,253.702,28.7162,73731.7,0.0,0.999997,0.0173695
5760_dose_600_gradient_0_VconcST_0_Vconc_4_run_0.csv,5760.0,600.0,0,4.0,0.0,4.0,0,35.0,74623.2,248.674,29.0634,74623.2,0.0,0.999997,0.0173878
5760_dose_600_gradient_0_VconcST_0_Vconc_4_run_0.csv,5760.0,600.0,0,4.0,0.0,4.0,0,35.25,75488.1,243.746,29.4003,75488.1,0.0,0.999997,0.0170344
5760_dose_600_gradient_0_VconcST_0_Vconc_4_run_0.csv,5760.0,600.0,0,4.0,0.0,4.0,0,35.5,76326.9,238.915,29.727,76326.9,0.0,0.999997,0.0169885
5760_dose_600_gradient_0_VconcST_0_Vconc_4_run_0.csv,5760.0,600.0,0,4.0,0.0,4.0,0,35.75,77140.3,234.18,30.0437,77140.3,0.0,0.999997,0.0165957
5760_dose_600_gradient_0_VconcST_0_Vconc_4_run_0.csv,5760.0,600.0,0,4.0,0.0,4.0,0,36.0,77928.7,229.539,30.3508,77928.7,0.0,0.999997,0.0166045
5760_dose_600_gradient_0_VconcST_0_Vconc_4_run_0.csv,5760.0,600.0,0,4.0,0.0,4.0,0,36.25,78692.7,224.99,30.6484,78692.7,0.0,0.999997,0.0166226
5760_dose_600_gradient_0_VconcST_0_Vconc_4_run_0.csv,5760.0,600.0,0,4.0,0.0,4.0,0,36.5,79432.9,220.531,30.9366,79432.9,0.0,0.999997,0.0162447
5760_dose_600_gradient_0_VconcST_0_Vconc_4_run_0.csv,5760.0,600.0,0,4.0,0.0,4.0,0,36.75,80149.6,216.16,31.2158,80149.6,0.0,0.999997,0.0162402
5760_dose_600_gradient_0_VconcST_0_Vconc_4_run_0.csv,5760.0,600.0,0,4.0,0.0,4.0,0,37.0,80843.5,211.876,31.486,80843.5,0.0,0.999997,0.0158576
5760_dose_600_gradient_0_VconcST_0_Vconc_4_run_0.csv,5760.0,600.0,0,4.0,0.0,4.0,0,37.25,81514.9,207.677,31.7475,81514.9,0.0,0.999997,0.015946
5760_dose_600_gradient_0_VconcST_0_Vconc_4_run_0.csv,5760.0,600.0,0,4.0,0.0,4.0,0,37.5,82164.5,203.561,32.0005,82164.5,0.0,0.999998,0.015832
5760_dose_600_gradient_0_VconcST_0_Vconc_4_run_0.csv,5760.0,600.0,0,4.0,0.0,4.0,0,37.75,82792.5,199.527,32.2451,82792.5,0.0,0.999998,0.015455
5760_dose_600_gradient_0_VconcST_0_Vconc_4_run_0.csv,5760.0,600.0,0,4.0,0.0,4.0,0,38.0,83399.6,195.572,32.4815,83399.6,0.0,0.999998,0.0154952
5760_dose_600_gradient_0_VconcST_0_Vconc_4_run_0.csv,5760.0,600.0,0,4.0,0.0,4.0,0,38.25,83986.0,191.696,32.71,83986.0,0.0,0.999998,0.0154702
5760_dose_600_gradient_0_VconcST_0_Vconc_4_run_0.csv,5760.0,600.0,0,4.0,0.0,4.0,0,38.5,84552.4,187.897,32.9306,84552.4,0.0,0.999998,0.015078
5760_dose_600_gradient_0_VconcST_0_Vconc_4_run_0.csv,5760.0,600.0,0,4.0,0.0,4.0,0,38.75,85099.1,184.173,33.1435,85099.1,0.0,0.999998,0.015087
5760_dose_600_gradient_0_VconcST_0_Vconc_4_run_0.csv,5760.0,600.0,0,4.0,0.0,4.0,0,39.0,85626.6,180.523,33.3489,85626.6,0.0,0.999998,0.0150918
5760_dose_600_gradient_0_VconcST_0_Vconc_4_run_0.csv,5760.0,600.0,0,4.0,0.0,4.0,0,39.25,86135.1,176.945,33.547,86135.1,0.0,0.999998,0.0150918
5760_dose_600_gradient_0_VconcST_0_Vconc_4_run_0.csv,5760.0,600.0,0,4.0,0.0,4.0,0,39.5,86625.3,173.438,33.7379,86625.3,0.0,0.999998,0.0147218
5760_dose_600_gradient_0_VconcST_0_Vconc_4_run_0.csv,5760.0,600.0,0,4.0,0.0,4.0,0,39.75,87097.4,170.001,33.9217,87097.4,0.0,0.999998,0.0147011
5760_dose_600_gradient_0_VconcST_0_Vconc_4_run_0.csv,5760.0,600.0,0,4.0,0.0,4.0,0,40.0,87551.8,166.632,34.0987,87551.8,0.0,0.999998,0.0147011
5760_dose_600_gradient_0_VconcST_0_Vconc_4_run_0.csv,5760.0,600.0,0,4.0,0.0,4.0,0,40.25,87989.0,163.329,34.269,87989.0,0.0,0.999998,0.0147259
5760_dose_600_gradient_0_VconcST_0_Vconc_4_run_0.csv,5760.0,600.0,0,4.0,0.0,4.0,0,40.5,88409.3,160.092,34.4327,88409.3,0.0,0.999998,0.014728
5760_dose_600_gradient_0_VconcST_0_Vconc_4_run_0.csv,5760.0,600.0,0,4.0,0.0,4.0,0,40.75,88813.0,156.919,34.5899,88813.0,0.0,0.999998,0.0143327
5760_dose_600_gradient_0_VconcST_0_Vconc_4_run_0.csv,5760.0,600.0,0,4.0,0.0,4.0,0,41.0,89200.5,153.809,34.7408,89200.5,0.0,0.999998,0.0143241
5760_dose_600_gradient_0_VconcST_0_Vconc_4_run_0.csv,5760.0,600.0,0,4.0,0.0,4.0,0,41.25,89572.2,150.761,34.8856,89572.2,0.0,0.999998,0.0143241
5760_dose_600_gradient_0_VconcST_0_Vconc_4_run_0.csv,5760.0,600.0,0,4.0,0.0,4.0,0,41.5,89928.5,147.773,35.0244,89928.5,0.0,0.999998,0.0143382
5760_dose_600_gradient_0_VconcST_0_Vconc_4_run_1.csv,5760.0,600.0,0,4.0,0.0,4.0,1,0.0,0.0,0.0,0.0,0.0,0.0,0.0,0.0
5760_dose_600_gradient_0_VconcST_0_Vconc_4_run_1.csv,5760.0,600.0,0,4.0,0.0,4.0,1,0.25,0.0,0.0,0.0,0.0,0.0,0.0,10000.0
5760_dose_600_gradient_0_VconcST_0_Vconc_4_run_1.csv,5760.0,600.0,0,4.0,0.0,4.0,1,0.5,0.0,0.0,0.0,0.0,0.0,0.0,176.502
5760_dose_600_gradient_0_VconcST_0_Vconc_4_run_1.csv,5760.0,600.0,0,4.0,0.0,4.0,1,0.75,0.0,0.0,0.0,0.0,0.0,0.0,10000.0
5760_dose_600_gradient_0_VconcST_0_Vconc_4_run_1.csv,5760.0,600.0,0,4.0,0.0,4.0,1,1.0,0.0,0.0,0.0,0.0,0.0,0.0,172.679
5760_dose_600_gradient_0_VconcST_0_Vconc_4_run_1.csv,5760.0,600.0,0,4.0,0.0,4.0,1,1.25,0.0,0.0,0.0,0.0,0.0,0.0,10000.0
5760_dose_600_gradient_0_VconcST_0_Vconc_4_run_1.csv,5760.0,600.0,0,4.0,0.0,4.0,1,1.5,0.0,0.0,0.0,0.0,0.0,0.0,157.388
5760_dose_600_gradient_0_VconcST_0_Vconc_4_run_1.csv,5760.0,600.0,0,4.0,0.0,4.0,1,1.75,0.0,0.0,0.0,0.0,0.0,0.0,10000.0
5760_dose_600_gradient_0_VconcST_0_Vconc_4_run_1.csv,5760.0,600.0,0,4.0,0.0,4.0,1,2.0,0.0,0.0,0.0,0.0,0.0,0.0,154.835
5760_dose_600_gradient_0_VconcST_0_Vconc_4_run_1.csv,5760.0,600.0,0,4.0,0.0,4.0,1,2.25,0.0,0.0,0.0,0.0,0.0,0.0,10000.0
5760_dose_600_gradient_0_VconcST_0_Vconc_4_run_1.csv,5760.0,600.0,0,4.0,0.0,4.0,1,2.5,0.0,0.0,0.0,0.0,0.0,0.0,155.53
5760_dose_600_gradient_0_VconcST_0_Vconc_4_run_1.csv,5760.0,600.0,0,4.0,0.0,4.0,1,2.75,0.0,0.0,0.0,0.0,0.0,0.0,10000.0
5760_dose_600_gradient_0_VconcST_0_Vconc_4_run_1.csv,5760.0,600.0,0,4.0,0.0,4.0,1,3.0,0.0,0.0,0.0,0.0,0.0,0.0,154.395
5760_dose_600_gradient_0_VconcST_0_Vconc_4_run_1.csv,5760.0,600.0,0,4.0,0.0,4.0,1,3.25,0.0,0.0,0.0,0.0,0.0,0.0,10000.0
5760_dose_600_gradient_0_VconcST_0_Vconc_4_run_1.csv,5760.0,600.0,0,4.0,0.0,4.0,1,3.5,0.0,0.0,0.0,0.0,0.0,0.0,156.621
5760_dose_600_gradient_0_VconcST_0_Vconc_4_run_1.csv,5760.0,600.0,0,4.0,0.0,4.0,1,3.75,0.0,0.0,0.0,0.0,0.0,0.0,10000.0
5760_dose_600_gradient_0_VconcST_0_Vconc_4_run_1.csv,5760.0,600.0,0,4.0,0.0,4.0,1,4.0,0.0,0.0,0.0,0.0,0.0,0.0,4038.23
5760_dose_600_gradient_0_VconcST_0_Vconc_4_run_1.csv,5760.0,600.0,0,4.0,0.0,4.0,1,4.25,0.0,0.0,0.0,0.0,0.0,0.0,484.828
5760_dose_600_gradient_0_VconcST_0_Vconc_4_run_1.csv,5760.0,600.0,0,4.0,0.0,4.0,1,4.5,0.0,0.0,0.0,0.0,0.0,0.0,7008.41
5760_dose_600_gradient_0_VconcST_0_Vconc_4_run_1.csv,5760.0,600.0,0,4.0,0.0,4.0,1,4.75,0.0,0.0,0.0,0.0,0.0,0.0,484.292
5760_dose_600_gradient_0_VconcST_0_Vconc_4_run_1.csv,5760.0,600.0,0,4.0,0.0,4.0,1,5.0,0.0,0.0,0.0,0.0,0.0,0.0,8613.3
5760_dose_600_gradient_0_VconcST_0_Vconc_4_run_1.csv,5760.0,600.0,0,4.0,0.0,4.0,1,5.25,0.0,0.0,0.0,0.0,0.0,0.0,486.103
5760_dose_600_gradient_0_VconcST_0_Vconc_4_run_1.csv,5760.0,600.0,0,4.0,0.0,4.0,1,5.5,0.0,0.0,0.0,0.0,0.0,0.0,9914.53
5760_dose_600_gradient_0_VconcST_0_Vconc_4_run_1.csv,5760.0,600.0,0,4.0,0.0,4.0,1,5.75,0.0,0.0,0.0,0.0,0.0,0.0,456.497
5760_dose_600_gradient_0_VconcST_0_Vconc_4_run_1.csv,5760.0,600.0,0,4.0,0.0,4.0,1,6.0,0.0,0.0,0.0,0.0,0.0,0.0,10000.0
5760_dose_600_gradient_0_VconcST_0_Vconc_4_run_1.csv,5760.0,600.0,0,4.0,0.0,4.0,1,6.25,0.0,0.0,0.0,0.0,0.0,0.0,309.627
5760_dose_600_gradient_0_VconcST_0_Vconc_4_run_1.csv,5760.0,600.0,0,4.0,0.0,4.0,1,6.5,0.0,0.0,0.0,0.0,0.0,0.0,10000.0
5760_dose_600_gradient_0_VconcST_0_Vconc_4_run_1.csv,5760.0,600.0,0,4.0,0.0,4.0,1,6.75,0.0,0.0,0.0,0.0,0.0,0.0,207.652
5760_dose_600_gradient_0_VconcST_0_Vconc_4_run_1.csv,5760.0,600.0,0,4.0,0.0,4.0,1,7.0,0.0,0.0,0.0,0.0,0.0,0.0,10000.0
5760_dose_600_gradient_0_VconcST_0_Vconc_4_run_1.csv,5760.0,600.0,0,4.0,0.0,4.0,1,7.25,0.0,0.0,0.0,0.0,0.0,0.0,207.135
5760_dose_600_gradient_0_VconcST_0_Vconc_4_run_1.csv,5760.0,600.0,0,4.0,0.0,4.0,1,7.5,0.0,0.0,0.0,0.0,0.0,0.0,10000.0
5760_dose_600_gradient_0_VconcST_0_Vconc_4_run_1.csv,5760.0,600.0,0,4.0,0.0,4.0,1,7.75,0.0,0.0,0.0,0.0,0.0,0.0,191.696
5760_dose_600_gradient_0_VconcST_0_Vconc_4_run_1.csv,5760.0,600.0,0,4.0,0.0,4.0,1,8.0,0.0,0.0,0.0,0.0,0.0,0.0,10000.0
5760_dose_600_gradient_0_VconcST_0_Vconc_4_run_1.csv,5760.0,600.0,0,4.0,0.0,4.0,1,8.25,0.0,0.0,0.0,0.0,0.0,0.0,170.12
5760_dose_600_gradient_0_VconcST_0_Vconc_4_run_1.csv,5760.0,600.0,0,4.0,0.0,4.0,1,8.5,0.0,0.0,0.0,0.0,0.0,0.0,10000.0
5760_dose_600_gradient_0_VconcST_0_Vconc_4_run_1.csv,5760.0,600.0,0,4.0,0.0,4.0,1,8.75,0.0,0.0,0.0,0.0,0.0,0.0,169.772
5760_dose_600_gradient_0_VconcST_0_Vconc_4_run_1.csv,5760.0,600.0,0,4.0,0.0,4.0,1,9.0,0.0,0.0,0.0,0.0,0.0,0.0,10000.0
5760_dose_600_gradient_0_VconcST_0_Vconc_4_run_1.csv,5760.0,600.0,0,4.0,0.0,4.0,1,9.25,0.0,0.0,0.0,0.0,0.0,0.0,156.606
5760_dose_600_gradient_0_VconcST_0_Vconc_4_run_1.csv,5760.0,600.0,0,4.0,0.0,4.0,1,9.5,0.0,0.0,0.0,0.0,0.0,0.0,10000.0
5760_dose_600_gradient_0_VconcST_0_Vconc_4_run_1.csv,5760.0,600.0,0,4.0,0.0,4.0,1,9.75,0.0,0.0,0.0,0.0,0.000195313,0.0,157.678
5760_dose_600_gradient_0_VconcST_0_Vconc_4_run_1.csv,5760.0,600.0,0,4.0,0.0,4.0,1,10.0,0.0,0.0,0.0,0.0,0.0,0.0,10000.0
5760_dose_600_gradient_0_VconcST_0_Vconc_4_run_1.csv,5760.0,600.0,0,4.0,0.0,4.0,1,10.25,0.0,0.0,0.0,0.0,0.0,0.0,153.888
5760_dose_600_gradient_0_VconcST_0_Vconc_4_run_1.csv,5760.0,600.0,0,4.0,0.0,4.0,1,10.5,0.0,0.0,0.0,0.0,0.0,0.0,10000.0
5760_dose_600_gradient_0_VconcST_0_Vconc_4_run_1.csv,5760.0,600.0,0,4.0,0.0,4.0,1,10.75,0.0,0.0,0.0,0.0,0.0,0.0,151.701
5760_dose_600_gradient_0_VconcST_0_Vconc_4_run_1.csv,5760.0,600.0,0,4.0,0.0,4.0,1,11.0,0.0,0.0,0.0,0.0,0.0,0.0,10000.0
5760_dose_600_gradient_0_VconcST_0_Vconc_4_run_1.csv,5760.0,600.0,0,4.0,0.0,4.0,1,11.25,0.0,0.0,0.0,0.0,0.0,0.0,150.243
5760_dose_600_gradient_0_VconcST_0_Vconc_4_run_1.csv,5760.0,600.0,0,4.0,0.0,4.0,1,11.5,0.0,0.0,0.0,0.0,0.0,0.0,1535.54
5760_dose_600_gradient_0_VconcST_0_Vconc_4_run_1.csv,5760.0,600.0,0,4.0,0.0,4.0,1,11.75,0.0,0.0,0.0,0.0,0.0,0.0,6337.4
5760_dose_600_gradient_0_VconcST_0_Vconc_4_run_1.csv,5760.0,600.0,0,4.0,0.0,4.0,1,12.0,0.0,0.0,0.0,0.0,0.0,0.0,488.0
5760_dose_600_gradient_0_VconcST_0_Vconc_4_run_1.csv,5760.0,600.0,0,4.0,0.0,4.0,1,12.25,0.0,0.0,0.0,0.0,0.0,0.0,7462.99
5760_dose_600_gradient_0_VconcST_0_Vconc_4_run_1.csv,5760.0,600.0,0,4.0,0.0,4.0,1,12.5,0.0,0.0,0.0,0.0,0.0,0.0,486.503
5760_dose_600_gradient_0_VconcST_0_Vconc_4_run_1.csv,5760.0,600.0,0,4.0,0.0,4.0,1,12.75,0.0,0.0,0.0,0.0,0.0,0.0,9204.03
5760_dose_600_gradient_0_VconcST_0_Vconc_4_run_1.csv,5760.0,600.0,0,4.0,0.0,4.0,1,13.0,0.0,0.0,0.0,0.0,0.0,0.0,478.218
5760_dose_600_gradient_0_VconcST_0_Vconc_4_run_1.csv,5760.0,600.0,0,4.0,0.0,4.0,1,13.25,0.0,0.0,0.0,0.0,0.0,0.0,9966.81
5760_dose_600_gradient_0_VconcST_0_Vconc_4_run_1.csv,5760.0,600.0,0,4.0,0.0,4.0,1,13.5,0.0,0.0,0.0,0.0,0.0,0.0,440.411
5760_dose_600_gradient_0_VconcST_0_Vconc_4_run_1.csv,5760.0,600.0,0,4.0,0.0,4.0,1,13.75,0.0,0.0,0.0,0.0,0.0,0.0,10000.0
5760_dose_600_gradient_0_VconcST_0_Vconc_4_run_1.csv,5760.0,600.0,0,4.0,0.0,4.0,1,14.0,0.0,0.0,0.0,0.0,0.0,0.0,298.045
5760_dose_600_gradient_0_VconcST_0_Vconc_4_run_1.csv,5760.0,600.0,0,4.0,0.0,4.0,1,14.25,0.0,0.0,0.0,0.0,0.0,0.0,10000.0
5760_dose_600_gradient_0_VconcST_0_Vconc_4_run_1.csv,5760.0,600.0,0,4.0,0.0,4.0,1,14.5,0.0,0.0,0.0,0.0,0.0,0.0,239.738
5760_dose_600_gradient_0_VconcST_0_Vconc_4_run_1.csv,5760.0,600.0,0,4.0,0.0,4.0,1,14.75,0.0,0.0,0.0,0.0,0.0,0.0,10000.0
5760_dose_600_gradient_0_VconcST_0_Vconc_4_run_1.csv,5760.0,600.0,0,4.0,0.0,4.0,1,15.0,0.0,0.0,0.0,0.0,0.0,0.0,197.605
5760_dose_600_gradient_0_VconcST_0_Vconc_4_run_1.csv,5760.0,600.0,0,4.0,0.0,4.0,1,15.25,0.0,0.0,0.0,0.0,0.000651042,0.0,10000.0
5760_dose_600_gradient_0_VconcST_0_Vconc_4_run_1.csv,5760.0,600.0,0,4.0,0.0,4.0,1,15.5,0.0,0.0,0.0,0.0,0.0,0.0,192.84
5760_dose_600_gradient_0_VconcST_0_Vconc_4_run_1.csv,5760.0,600.0,0,4.0,0.0,4.0,1,15.75,0.0,0.0,0.0,0.0,0.0,0.0,10000.0
5760_dose_600_gradient_0_VconcST_0_Vconc_4_run_1.csv,5760.0,600.0,0,4.0,0.0,4.0,1,16.0,0.0,0.0,0.0,0.0,0.0,0.0,163.665
5760_dose_600_gradient_0_VconcST_0_Vconc_4_run_1.csv,5760.0,600.0,0,4.0,0.0,4.0,1,16.25,0.0,0.0,0.0,0.0,0.0,0.0,10000.0
5760_dose_600_gradient_0_VconcST_0_Vconc_4_run_1.csv,5760.0,600.0,0,4.0,0.0,4.0,1,16.5,0.0,0.0,0.0,0.0,0.0,0.0,155.52
5760_dose_600_gradient_0_VconcST_0_Vconc_4_run_1.csv,5760.0,600.0,0,4.0,0.0,4.0,1,16.75,0.0,0.0,0.0,0.0,0.0,0.0,10000.0
5760_dose_600_gradient_0_VconcST_0_Vconc_4_run_1.csv,5760.0,600.0,0,4.0,0.0,4.0,1,17.0,0.0,0.0,0.0,0.0,0.0,0.0,156.447
5760_dose_600_gradient_0_VconcST_0_Vconc_4_run_1.csv,5760.0,600.0,0,4.0,0.0,4.0,1,17.25,0.0,0.0,0.0,0.0,0.0,0.0,10000.0
5760_dose_600_gradient_0_VconcST_0_Vconc_4_run_1.csv,5760.0,600.0,0,4.0,0.0,4.0,1,17.5,0.0,0.0,0.0,0.0,0.000258247,0.0,156.968
5760_dose_600_gradient_0_VconcST_0_Vconc_4_run_1.csv,5760.0,600.0,0,4.0,0.0,4.0,1,17.75,0.0,0.0,0.0,0.0,0.0,0.0,10000.0
5760_dose_600_gradient_0_VconcST_0_Vconc_4_run_1.csv,5760.0,600.0,0,4.0,0.0,4.0,1,18.0,0.0,0.0,0.0,0.0,0.0,0.0,153.714
5760_dose_600_gradient_0_VconcST_0_Vconc_4_run_1.csv,5760.0,600.0,0,4.0,0.0,4.0,1,18.25,0.0,0.0,0.0,0.0,0.0,0.0,10000.0
5760_dose_600_gradient_0_VconcST_0_Vconc_4_run_1.csv,5760.0,600.0,0,4.0,0.0,4.0,1,18.5,0.0,0.0,0.0,0.0,0.0,0.0,152.141
5760_dose_600_gradient_0_VconcST_0_Vconc_4_run_1.csv,5760.0,600.0,0,4.0,0.0,4.0,1,18.75,0.0,0.0,0.0,0.0,0.0,0.0,10000.0
5760_dose_600_gradient_0_VconcST_0_Vconc_4_run_1.csv,5760.0,600.0,0,4.0,0.0,4.0,1,19.0,0.0,0.0,0.0,0.0,0.0,0.0,1233.66
5760_dose_600_gradient_0_VconcST_0_Vconc_4_run_1.csv,5760.0,600.0,0,4.0,0.0,4.0,1,19.25,0.0,0.0,0.0,0.0,0.0,0.0,487.527
5760_dose_600_gradient_0_VconcST_0_Vconc_4_run_1.csv,5760.0,600.0,0,4.0,0.0,4.0,1,19.5,0.0,0.0,0.0,0.0,0.0,0.0,6778.11
5760_dose_600_gradient_0_VconcST_0_Vconc_4_run_1.csv,5760.0,600.0,0,4.0,0.0,4.0,1,19.75,0.0,0.0,0.0,0.0,0.0,0.0,482.733
5760_dose_600_gradient_0_VconcST_0_Vconc_4_run_1.csv,5760.0,600.0,0,4.0,0.0,4.0,1,20.0,0.0,0.0,0.0,0.0,0.0,0.0,8513.22
5760_dose_600_gradient_0_VconcST_0_Vconc_4_run_1.csv,5760.0,600.0,0,4.0,0.0,4.0,1,20.25,0.0,0.0,0.0,0.0,0.0,0.0,484.625
5760_dose_600_gradient_0_VconcST_0_Vconc_4_run_1.csv,5760.0,600.0,0,4.0,0.0,4.0,1,20.5,0.0,0.0,0.0,0.0,0.0,0.0,9828.86
5760_dose_600_gradient_0_VconcST_0_Vconc_4_run_1.csv,5760.0,600.0,0,4.0,0.0,4.0,1,20.75,0.0,0.0,0.0,0.0,0.0,0.0,472.995
5760_dose_600_gradient_0_VconcST_0_Vconc_4_run_1.csv,5760.0,600.0,0,4.0,0.0,4.0,1,21.0,0.0,0.0,0.0,0.0,0.0,0.0,10000.0
5760_dose_600_gradient_0_VconcST_0_Vconc_4_run_1.csv,5760.0,600.0,0,4.0,0.0,4.0,1,21.25,0.0,0.0,0.0,0.0,0.0,0.0,369.807
5760_dose_600_gradient_0_VconcST_0_Vconc_4_run_1.csv,5760.0,600.0,0,4.0,0.0,4.0,1,21.5,0.0,0.0,0.0,0.0,0.0,0.0,10000.0
5760_dose_600_gradient_0_VconcST_0_Vconc_4_run_1.csv,5760.0,600.0,0,4.0,0.0,4.0,1,21.75,0.0,0.0,0.0,0.0,0.0,0.0,241.095
5760_dose_600_gradient_0_VconcST_0_Vconc_4_run_1.csv,5760.0,600.0,0,4.0,0.0,4.0,1,22.0,0.0,0.0,0.0,0.0,0.0,0.0,10000.0
5760_dose_600_gradient_0_VconcST_0_Vconc_4_run_1.csv,5760.0,600.0,0,4.0,0.0,4.0,1,22.25,0.0,0.0,0.0,0.0,0.0,0.0,205.05
5760_dose_600_gradient_0_VconcST_0_Vconc_4_run_1.csv,5760.0,600.0,0,4.0,0.0,4.0,1,22.5,0.0,0.0,0.0,0.0,0.0,0.0,10000.0
5760_dose_600_gradient_0_VconcST_0_Vconc_4_run_1.csv,5760.0,600.0,0,4.0,0.0,4.0,1,22.75,0.0,0.0,0.0,0.0,0.0,0.0,212.026
5760_dose_600_gradient_0_VconcST_0_Vconc_4_run_1.csv,5760.0,600.0,0,4.0,0.0,4.0,1,23.0,0.0,0.0,0.0,0.0,0.0,0.0,10000.0
5760_dose_600_gradient_0_VconcST_0_Vconc_4_run_1.csv,5760.0,600.0,0,4.0,0.0,4.0,1,23.25,0.0,0.0,0.0,0.0,0.0,0.0,172.263
5760_dose_600_gradient_0_VconcST_0_Vconc_4_run_1.csv,5760.0,600.0,0,4.0,0.0,4.0,1,23.5,0.0,0.0,0.0,0.0,0.0,0.0,10000.0
5760_dose_600_gradient_0_VconcST_0_Vconc_4_run_1.csv,5760.0,600.0,0,4.0,0.0,4.0,1,23.75,0.0,0.0,0.0,0.0,0.0,0.0,160.111
5760_dose_600_gradient_0_VconcST_0_Vconc_4_run_1.csv,5760.0,600.0,0,4.0,0.0,4.0,1,24.0,46.7175,600.0,0.018195,46.7175,0.0,0.0,10000.0
5760_dose_600_gradient_0_VconcST_0_Vconc_4_run_1.csv,5760.0,600.0,0,4.0,0.0,4.0,1,24.25,2816.07,588.109,1.09677,2816.07,0.0,0.999928,0.0185116
5760_dose_600_gradient_0_VconcST_0_Vconc_4_run_1.csv,5760.0,600.0,0,4.0,0.0,4.0,1,24.5,5520.02,576.453,2.14988,5520.02,0.0,0.999963,0.300358
5760_dose_600_gradient_0_VconcST_0_Vconc_4_run_1.csv,5760.0,600.0,0,4.0,0.0,4.0,1,24.75,8159.93,565.029,3.17804,8159.93,0.0,0.999975,0.184106
5760_dose_600_gradient_0_VconcST_0_Vconc_4_run_1.csv,5760.0,600.0,0,4.0,0.0,4.0,1,25.0,10737.1,553.83,4.18176,10737.1,0.0,0.999981,0.133687
5760_dose_600_gradient_0_VconcST_0_Vconc_4_run_1.csv,5760.0,600.0,0,4.0,0.0,4.0,1,25.25,13252.8,542.853,5.16155,13252.8,0.0,0.999985,0.105164
5760_dose_600_gradient_0_VconcST_0_Vconc_4_run_1.csv,5760.0,600.0,0,4.0,0.0,4.0,1,25.5,15708.3,532.094,6.11789,15708.3,0.0,0.999987,0.0871822
5760_dose_600_gradient_0_VconcST_0_Vconc_4_run_1.csv,5760.0,600.0,0,4.0,0.0,4.0,1,25.75,18104.8,521.549,7.05126,18104.8,0.0,0.999989,0.0743714
5760_dose_600_gradient_0_VconcST_0_Vconc_4_run_1.csv,5760.0,600.0,0,4.0,0.0,4.0,1,26.0,20443.6,511.213,7.96213,20443.6,0.0,0.99999,0.0652103
5760_dose_600_gradient_0_VconcST_0_Vconc_4_run_1.csv,5760.0,600.0,0,4.0,0.0,4.0,1,26.25,22725.7,501.081,8.85097,22725.7,0.0,0.999991,0.0586127
5760_dose_600_gradient_0_VconcST_0_Vconc_4_run_1.csv,5760.0,600.0,0,4.0,0.0,4.0,1,26.5,24952.5,491.15,9.71822,24952.5,0.0,0.999992,0.0527982
5760_dose_600_gradient_0_VconcST_0_Vconc_4_run_1.csv,5760.0,600.0,0,4.0,0.0,4.0,1,26.75,27124.9,481.416,10.5643,27124.9,0.0,0.999993,0.048288
5760_dose_600_gradient_0_VconcST_0_Vconc_4_run_1.csv,5760.0,600.0,0,4.0,0.0,4.0,1,27.0,29244.3,471.875,11.3897,29244.3,0.0,0.999993,0.0445341
5760_dose_600_gradient_0_VconcST_0_Vconc_4_run_1.csv,5760.0,600.0,0,4.0,0.0,4.0,1,27.25,31311.5,462.523,12.1949,31311.5,0.0,0.999994,0.0415557
5760_dose_600_gradient_0_VconcST_0_Vconc_4_run_1.csv,5760.0,600.0,0,4.0,0.0,4.0,1,27.5,33327.7,453.356,12.9801,33327.7,0.0,0.999994,0.0388253
5760_dose_600_gradient_0_VconcST_0_Vconc_4_run_1.csv,5760.0,600.0,0,4.0,0.0,4.0,1,27.75,35294.0,444.371,13.7459,35294.0,0.0,0.999994,0.0365857
5760_dose_600_gradient_0_VconcST_0_Vconc_4_run_1.csv,5760.0,600.0,0,4.0,0.0,4.0,1,28.0,37211.3,435.564,14.4926,37211.3,0.0,0.999995,0.0347852
5760_dose_600_gradient_0_VconcST_0_Vconc_4_run_1.csv,5760.0,600.0,0,4.0,0.0,4.0,1,28.25,39080.7,426.932,15.2207,39080.7,0.0,0.999995,0.0332017
5760_dose_600_gradient_0_VconcST_0_Vconc_4_run_1.csv,5760.0,600.0,0,4.0,0.0,4.0,1,28.5,40903.2,418.471,15.9305,40903.2,0.0,0.999995,0.0313284
5760_dose_600_gradient_0_VconcST_0_Vconc_4_run_1.csv,5760.0,600.0,0,4.0,0.0,4.0,1,28.75,42679.7,410.177,16.6224,42679.7,0.0,0.999995,0.0301802
5760_dose_600_gradient_0_VconcST_0_Vconc_4_run_1.csv,5760.0,600.0,0,4.0,0.0,4.0,1,29.0,44411.2,402.048,17.2968,44411.2,0.0,0.999996,0.029025
5760_dose_600_gradient_0_VconcST_0_Vconc_4_run_1.csv,5760.0,600.0,0,4.0,0.0,4.0,1,29.25,46098.6,394.08,17.954,46098.6,0.0,0.999996,0.0279284
5760_dose_600_gradient_0_VconcST_0_Vconc_4_run_1.csv,5760.0,600.0,0,4.0,0.0,4.0,1,29.5,47742.8,386.27,18.5943,47742.8,0.0,0.999996,0.0267633
5760_dose_600_gradient_0_VconcST_0_Vconc_4_run_1.csv,5760.0,600.0,0,4.0,0.0,4.0,1,29.75,49344.8,378.614,19.2183,49344.8,0.0,0.999996,0.0260251
5760_dose_600_gradient_0_VconcST_0_Vconc_4_run_1.csv,5760.0,600.0,0,4.0,0.0,4.0,1,30.0,50905.4,371.11,19.8261,50905.4,0.0,0.999996,0.0252787
5760_dose_600_gradient_0_VconcST_0_Vconc_4_run_1.csv,5760.0,600.0,0,4.0,0.0,4.0,1,30.25,52425.4,363.755,20.4181,52425.4,0.0,0.999996,0.0245017
5760_dose_600_gradient_0_VconcST_0_Vconc_4_run_1.csv,5760.0,600.0,0,4.0,0.0,4.0,1,30.5,53905.6,356.546,20.9946,53905.6,0.0,0.999996,0.0237646
5760_dose_600_gradient_0_VconcST_0_Vconc_4_run_1.csv,5760.0,600.0,0,4.0,0.0,4.0,1,30.75,55347.0,349.48,21.5559,55347.0,0.0,0.999996,0.0230077
5760_dose_600_gradient_0_VconcST_0_Vconc_4_run_1.csv,5760.0,600.0,0,4.0,0.0,4.0,1,31.0,56750.3,342.554,22.1025,56750.3,0.0,0.999996,0.0226306
5760_dose_600_gradient_0_VconcST_0_Vconc_4_run_1.csv,5760.0,600.0,0,4.0,0.0,4.0,1,31.25,58116.3,335.765,22.6345,58116.3,0.0,0.999997,0.0218961
5760_dose_600_gradient_0_VconcST_0_Vconc_4_run_1.csv,5760.0,600.0,0,4.0,0.0,4.0,1,31.5,59445.8,329.11,23.1523,59445.8,0.0,0.999997,0.0215096
5760_dose_600_gradient_0_VconcST_0_Vconc_4_run_1.csv,5760.0,600.0,0,4.0,0.0,4.0,1,31.75,60739.5,322.588,23.6562,60739.5,0.0,0.999997,0.0211091
5760_dose_600_gradient_0_VconcST_0_Vconc_4_run_1.csv,5760.0,600.0,0,4.0,0.0,4.0,1,32.0,61998.2,316.194,24.1464,61998.2,0.0,0.999997,0.0203675
5760_dose_600_gradient_0_VconcST_0_Vconc_4_run_1.csv,5760.0,600.0,0,4.0,0.0,4.0,1,32.25,63222.6,309.928,24.6233,63222.6,0.0,0.999997,0.0199783
5760_dose_600_gradient_0_VconcST_0_Vconc_4_run_1.csv,5760.0,600.0,0,4.0,0.0,4.0,1,32.5,64413.5,303.785,25.0871,64413.5,0.0,0.999997,0.0196014
5760_dose_600_gradient_0_VconcST_0_Vconc_4_run_1.csv,5760.0,600.0,0,4.0,0.0,4.0,1,32.75,65571.4,297.765,25.538,65571.4,0.0,0.999997,0.019236
5760_dose_600_gradient_0_VconcST_0_Vconc_4_run_1.csv,5760.0,600.0,0,4.0,0.0,4.0,1,33.0,66697.3,291.863,25.9765,66697.3,0.0,0.999997,0.0196193
5760_dose_600_gradient_0_VconcST_0_Vconc_4_run_1.csv,5760.0,600.0,0,4.0,0.0,4.0,1,33.25,67791.5,286.079,26.4027,67791.5,0.0,0.999997,0.0192245
5760_dose_600_gradient_0_VconcST_0_Vconc_4_run_1.csv,5760.0,600.0,0,4.0,0.0,4.0,1,33.5,68855.0,280.409,26.8169,68855.0,0.0,0.999997,0.0188476
5760_dose_600_gradient_0_VconcST_0_Vconc_4_run_1.csv,5760.0,600.0,0,4.0,0.0,4.0,1,33.75,69888.3,274.852,27.2193,69888.3,0.0,0.999997,0.0185354
5760_dose_600_gradient_0_VconcST_0_Vconc_4_run_1.csv,5760.0,600.0,0,4.0,0.0,4.0,1,34.0,70892.0,269.405,27.6102,70892.0,0.0,0.999997,0.0181102
5760_dose_600_gradient_0_VconcST_0_Vconc_4_run_1.csv,5760.0,600.0,0,4.0,0.0,4.0,1,34.25,71866.7,264.066,27.9898,71866.7,0.0,0.999997,0.0181102
5760_dose_600_gradient_0_VconcST_0_Vconc_4_run_1.csv,5760.0,600.0,0,4.0,0.0,4.0,1,34.5,72813.1,258.832,28.3584,72813.1,0.0,0.999997,0.0177441
5760_dose_600_gradient_0_VconcST_0_Vconc_4_run_1.csv,5760.0,600.0,0,4.0,0.0,4.0,1,34.75,73731.7,253.702,28.7162,73731.7,0.0,0.999997,0.0173604
5760_dose_600_gradient_0_VconcST_0_Vconc_4_run_1.csv,5760.0,600.0,0,4.0,0.0,4.0,1,35.0,74623.2,248.674,29.0634,74623.2,0.0,0.999997,0.0173604
5760_dose_600_gradient_0_VconcST_0_Vconc_4_run_1.csv,5760.0,600.0,0,4.0,0.0,4.0,1,35.25,75488.1,243.746,29.4003,75488.1,0.0,0.999997,0.0169748
5760_dose_600_gradient_0_VconcST_0_Vconc_4_run_1.csv,5760.0,600.0,0,4.0,0.0,4.0,1,35.5,76326.9,238.915,29.727,76326.9,0.0,0.999997,0.0169629
5760_dose_600_gradient_0_VconcST_0_Vconc_4_run_1.csv,5760.0,600.0,0,4.0,0.0,4.0,1,35.75,77140.3,234.18,30.0437,77140.3,0.0,0.999997,0.0166027
5760_dose_600_gradient_0_VconcST_0_Vconc_4_run_1.csv,5760.0,600.0,0,4.0,0.0,4.0,1,36.0,77928.7,229.539,30.3508,77928.7,0.0,0.999997,0.0166278
5760_dose_600_gradient_0_VconcST_0_Vconc_4_run_1.csv,5760.0,600.0,0,4.0,0.0,4.0,1,36.25,78692.7,224.99,30.6484,78692.7,0.0,0.999997,0.0165858
5760_dose_600_gradient_0_VconcST_0_Vconc_4_run_1.csv,5760.0,600.0,0,4.0,0.0,4.0,1,36.5,79432.9,220.531,30.9366,79432.9,0.0,0.999997,0.0162544
5760_dose_600_gradient_0_VconcST_0_Vconc_4_run_1.csv,5760.0,600.0,0,4.0,0.0,4.0,1,36.75,80149.6,216.16,31.2158,80149.6,0.0,0.999997,0.0162288
5760_dose_600_gradient_0_VconcST_0_Vconc_4_run_1.csv,5760.0,600.0,0,4.0,0.0,4.0,1,37.0,80843.5,211.876,31.486,80843.5,0.0,0.999997,0.015832
5760_dose_600_gradient_0_VconcST_0_Vconc_4_run_1.csv,5760.0,600.0,0,4.0,0.0,4.0,1,37.25,81514.9,207.677,31.7475,81514.9,0.0,0.999997,0.0158782
5760_dose_600_gradient_0_VconcST_0_Vconc_4_run_1.csv,5760.0,600.0,0,4.0,0.0,4.0,1,37.5,82164.5,203.561,32.0005,82164.5,0.0,0.999998,0.015832
5760_dose_600_gradient_0_VconcST_0_Vconc_4_run_1.csv,5760.0,600.0,0,4.0,0.0,4.0,1,37.75,82792.5,199.527,32.2451,82792.5,0.0,0.999998,0.015455
5760_dose_600_gradient_0_VconcST_0_Vconc_4_run_1.csv,5760.0,600.0,0,4.0,0.0,4.0,1,38.0,83399.6,195.572,32.4815,83399.6,0.0,0.999998,0.0155218
5760_dose_600_gradient_0_VconcST_0_Vconc_4_run_1.csv,5760.0,600.0,0,4.0,0.0,4.0,1,38.25,83986.0,191.696,32.71,83986.0,0.0,0.999998,0.0155755
5760_dose_600_gradient_0_VconcST_0_Vconc_4_run_1.csv,5760.0,600.0,0,4.0,0.0,4.0,1,38.5,84552.4,187.897,32.9306,84552.4,0.0,0.999998,0.0151145
5760_dose_600_gradient_0_VconcST_0_Vconc_4_run_1.csv,5760.0,600.0,0,4.0,0.0,4.0,1,38.75,85099.1,184.173,33.1435,85099.1,0.0,0.999998,0.0150886
5760_dose_600_gradient_0_VconcST_0_Vconc_4_run_1.csv,5760.0,600.0,0,4.0,0.0,4.0,1,39.0,85626.6,180.523,33.3489,85626.6,0.0,0.999998,0.0150949
5760_dose_600_gradient_0_VconcST_0_Vconc_4_run_1.csv,5760.0,600.0,0,4.0,0.0,4.0,1,39.25,86135.1,176.945,33.547,86135.1,0.0,0.999998,0.0150949
5760_dose_600_gradient_0_VconcST_0_Vconc_4_run_1.csv,5760.0,600.0,0,4.0,0.0,4.0,1,39.5,86625.3,173.438,33.7379,86625.3,0.0,0.999998,0.0147099
5760_dose_600_gradient_0_VconcST_0_Vconc_4_run_1.csv,5760.0,600.0,0,4.0,0.0,4.0,1,39.75,87097.4,170.001,33.9217,87097.4,0.0,0.999998,0.0147011
5760_dose_600_gradient_0_VconcST_0_Vconc_4_run_1.csv,5760.0,600.0,0,4.0,0.0,4.0,1,40.0,87551.8,166.632,34.0987,87551.8,0.0,0.999998,0.014728
5760_dose_600_gradient_0_VconcST_0_Vconc_4_run_1.csv,5760.0,600.0,0,4.0,0.0,4.0,1,40.25,87989.0,163.329,34.269,87989.0,0.0,0.999998,0.0147239
5760_dose_600_gradient_0_VconcST_0_Vconc_4_run_1.csv,5760.0,600.0,0,4.0,0.0,4.0,1,40.5,88409.3,160.092,34.4327,88409.3,0.0,0.999998,0.0147399
5760_dose_600_gradient_0_VconcST_0_Vconc_4_run_1.csv,5760.0,600.0,0,4.0,0.0,4.0,1,40.75,88813.0,156.919,34.5899,88813.0,0.0,0.999998,0.0143443
5760_dose_600_gradient_0_VconcST_0_Vconc_4_run_1.csv,5760.0,600.0,0,4.0,0.0,4.0,1,41.0,89200.5,153.809,34.7408,89200.5,0.0,0.999998,0.014385
5760_dose_600_gradient_0_VconcST_0_Vconc_4_run_1.csv,5760.0,600.0,0,4.0,0.0,4.0,1,41.25,89572.2,150.761,34.8856,89572.2,0.0,0.999998,0.0143241
5760_dose_600_gradient_0_VconcST_0_Vconc_4_run_1.csv,5760.0,600.0,0,4.0,0.0,4.0,1,41.5,89928.5,147.773,35.0244,89928.5,0.0,0.999998,0.0143372
5760_dose_600_gradient_0_VconcST_0_Vconc_4_run_2.csv,5760.0,600.0,0,4.0,0.0,4.0,2,0.0,0.0,0.0,0.0,0.0,0.0,0.0,0.0
5760_dose_600_gradient_0_VconcST_0_Vconc_4_run_2.csv,5760.0,600.0,0,4.0,0.0,4.0,2,0.25,0.0,0.0,0.0,0.0,0.0,0.0,10000.0
5760_dose_600_gradient_0_VconcST_0_Vconc_4_run_2.csv,5760.0,600.0,0,4.0,0.0,4.0,2,0.5,0.0,0.0,0.0,0.0,0.0,0.0,189.977
5760_dose_600_gradient_0_VconcST_0_Vconc_4_run_2.csv,5760.0,600.0,0,4.0,0.0,4.0,2,0.75,0.0,0.0,0.0,0.0,0.0,0.0,10000.0
5760_dose_600_gradient_0_VconcST_0_Vconc_4_run_2.csv,5760.0,600.0,0,4.0,0.0,4.0,2,1.0,0.0,0.0,0.0,0.0,0.0,0.0,174.301
5760_dose_600_gradient_0_VconcST_0_Vconc_4_run_2.csv,5760.0,600.0,0,4.0,0.0,4.0,2,1.25,0.0,0.0,0.0,0.0,0.0,0.0,10000.0
5760_dose_600_gradient_0_VconcST_0_Vconc_4_run_2.csv,5760.0,600.0,0,4.0,0.0,4.0,2,1.5,0.0,0.0,0.0,0.0,0.0,0.0,161.796
5760_dose_600_gradient_0_VconcST_0_Vconc_4_run_2.csv,5760.0,600.0,0,4.0,0.0,4.0,2,1.75,0.0,0.0,0.0,0.0,0.0,0.0,10000.0
5760_dose_600_gradient_0_VconcST_0_Vconc_4_run_2.csv,5760.0,600.0,0,4.0,0.0,4.0,2,2.0,0.0,0.0,0.0,0.0,0.0,0.0,156.476
5760_dose_600_gradient_0_VconcST_0_Vconc_4_run_2.csv,5760.0,600.0,0,4.0,0.0,4.0,2,2.25,0.0,0.0,0.0,0.0,0.0,0.0,10000.0
5760_dose_600_gradient_0_VconcST_0_Vconc_4_run_2.csv,5760.0,600.0,0,4.0,0.0,4.0,2,2.5,0.0,0.0,0.0,0.0,0.0,0.0,154.371
5760_dose_600_gradient_0_VconcST_0_Vconc_4_run_2.csv,5760.0,600.0,0,4.0,0.0,4.0,2,2.75,0.0,0.0,0.0,0.0,0.0,0.0,10000.0
5760_dose_600_gradient_0_VconcST_0_Vconc_4_run_2.csv,5760.0,600.0,0,4.0,0.0,4.0,2,3.0,0.0,0.0,0.0,0.0,0.0,0.0,152.676
5760_dose_600_gradient_0_VconcST_0_Vconc_4_run_2.csv,5760.0,600.0,0,4.0,0.0,4.0,2,3.25,0.0,0.0,0.0,0.0,0.0,0.0,10000.0
5760_dose_600_gradient_0_VconcST_0_Vconc_4_run_2.csv,5760.0,600.0,0,4.0,0.0,4.0,2,3.5,0.0,0.0,0.0,0.0,0.0,0.0,153.463
5760_dose_600_gradient_0_VconcST_0_Vconc_4_run_2.csv,5760.0,600.0,0,4.0,0.0,4.0,2,3.75,0.0,0.0,0.0,0.0,0.0,0.0,10000.0
5760_dose_600_gradient_0_VconcST_0_Vconc_4_run_2.csv,5760.0,600.0,0,4.0,0.0,4.0,2,4.0,0.0,0.0,0.0,0.0,0.0,0.0,2988.6
5760_dose_600_gradient_0_VconcST_0_Vconc_4_run_2.csv,5760.0,600.0,0,4.0,0.0,4.0,2,4.25,0.0,0.0,0.0,0.0,0.0,0.0,481.642
5760_dose_600_gradient_0_VconcST_0_Vconc_4_run_2.csv,5760.0,600.0,0,4.0,0.0,4.0,2,4.5,0.0,0.0,0.0,0.0,0.0,0.0,7308.85
5760_dose_600_gradient_0_VconcST_0_Vconc_4_run_2.csv,5760.0,600.0,0,4.0,0.0,4.0,2,4.75,0.0,0.0,0.0,0.0,0.0,0.0,483.872
5760_dose_600_gradient_0_VconcST_0_Vconc_4_run_2.csv,5760.0,600.0,0,4.0,0.0,4.0,2,5.0,0.0,0.0,0.0,0.0,0.0,0.0,8408.68
5760_dose_600_gradient_0_VconcST_0_Vconc_4_run_2.csv,5760.0,600.0,0,4.0,0.0,4.0,2,5.25,0.0,0.0,0.0,0.0,0.0,0.0,487.189
5760_dose_600_gradient_0_VconcST_0_Vconc_4_run_2.csv,5760.0,600.0,0,4.0,0.0,4.0,2,5.5,0.0,0.0,0.0,0.0,0.0,0.0,10000.0
5760_dose_600_gradient_0_VconcST_0_Vconc_4_run_2.csv,5760.0,600.0,0,4.0,0.0,4.0,2,5.75,0.0,0.0,0.0,0.0,0.0,0.0,462.32
5760_dose_600_gradient_0_VconcST_0_Vconc_4_run_2.csv,5760.0,600.0,0,4.0,0.0,4.0,2,6.0,0.0,0.0,0.0,0.0,0.0,0.0,10000.0
5760_dose_600_gradient_0_VconcST_0_Vconc_4_run_2.csv,5760.0,600.0,0,4.0,0.0,4.0,2,6.25,0.0,0.0,0.0,0.0,0.0,0.0,342.64
5760_dose_600_gradient_0_VconcST_0_Vconc_4_run_2.csv,5760.0,600.0,0,4.0,0.0,4.0,2,6.5,0.0,0.0,0.0,0.0,0.0,0.0,10000.0
5760_dose_600_gradient_0_VconcST_0_Vconc_4_run_2.csv,5760.0,600.0,0,4.0,0.0,4.0,2,6.75,0.0,0.0,0.0,0.0,0.0,0.0,221.465
5760_dose_600_gradient_0_VconcST_0_Vconc_4_run_2.csv,5760.0,600.0,0,4.0,0.0,4.0,2,7.0,0.0,0.0,0.0,0.0,0.0,0.0,10000.0
5760_dose_600_gradient_0_VconcST_0_Vconc_4_run_2.csv,5760.0,600.0,0,4.0,0.0,4.0,2,7.25,0.0,0.0,0.0,0.0,0.0,0.0,207.169
5760_dose_600_gradient_0_VconcST_0_Vconc_4_run_2.csv,5760.0,600.0,0,4.0,0.0,4.0,2,7.5,0.0,0.0,0.0,0.0,0.0,0.0,10000.0
5760_dose_600_gradient_0_VconcST_0_Vconc_4_run_2.csv,5760.0,600.0,0,4.0,0.0,4.0,2,7.75,0.0,0.0,0.0,0.0,0.0,0.0,190.136
5760_dose_600_gradient_0_VconcST_0_Vconc_4_run_2.csv,5760.0,600.0,0,4.0,0.0,4.0,2,8.0,0.0,0.0,0.0,0.0,0.0,0.0,10000.0
5760_dose_600_gradient_0_VconcST_0_Vconc_4_run_2.csv,5760.0,600.0,0,4.0,0.0,4.0,2,8.25,0.0,0.0,0.0,0.0,0.0,0.0,184.84
5760_dose_600_gradient_0_VconcST_0_Vconc_4_run_2.csv,5760.0,600.0,0,4.0,0.0,4.0,2,8.5,0.0,0.0,0.0,0.0,0.0,0.0,10000.0
5760_dose_600_gradient_0_VconcST_0_Vconc_4_run_2.csv,5760.0,600.0,0,4.0,0.0,4.0,2,8.75,0.0,0.0,0.0,0.0,0.0,0.0,170.424
5760_dose_600_gradient_0_VconcST_0_Vconc_4_run_2.csv,5760.0,600.0,0,4.0,0.0,4.0,2,9.0,0.0,0.0,0.0,0.0,0.0,0.0,10000.0
5760_dose_600_gradient_0_VconcST_0_Vconc_4_run_2.csv,5760.0,600.0,0,4.0,0.0,4.0,2,9.25,0.0,0.0,0.0,0.0,0.0,0.0,156.085
5760_dose_600_gradient_0_VconcST_0_Vconc_4_run_2.csv,5760.0,600.0,0,4.0,0.0,4.0,2,9.5,0.0,0.0,0.0,0.0,0.0,0.0,10000.0
5760_dose_600_gradient_0_VconcST_0_Vconc_4_run_2.csv,5760.0,600.0,0,4.0,0.0,4.0,2,9.75,0.0,0.0,0.0,0.0,0.000520833,0.0,159.44
5760_dose_600_gradient_0_VconcST_0_Vconc_4_run_2.csv,5760.0,600.0,0,4.0,0.0,4.0,2,10.0,0.0,0.0,0.0,0.0,0.0,0.0,10000.0
5760_dose_600_gradient_0_VconcST_0_Vconc_4_run_2.csv,5760.0,600.0,0,4.0,0.0,4.0,2,10.25,0.0,0.0,0.0,0.0,0.0,0.0,151.566
5760_dose_600_gradient_0_VconcST_0_Vconc_4_run_2.csv,5760.0,600.0,0,4.0,0.0,4.0,2,10.5,0.0,0.0,0.0,0.0,0.0,0.0,10000.0
5760_dose_600_gradient_0_VconcST_0_Vconc_4_run_2.csv,5760.0,600.0,0,4.0,0.0,4.0,2,10.75,0.0,0.0,0.0,0.0,0.0,0.0,153.782
5760_dose_600_gradient_0_VconcST_0_Vconc_4_run_2.csv,5760.0,600.0,0,4.0,0.0,4.0,2,11.0,0.0,0.0,0.0,0.0,0.0,0.0,10000.0
5760_dose_600_gradient_0_VconcST_0_Vconc_4_run_2.csv,5760.0,600.0,0,4.0,0.0,4.0,2,11.25,0.0,0.0,0.0,0.0,0.0,0.0,155.284
5760_dose_600_gradient_0_VconcST_0_Vconc_4_run_2.csv,5760.0,600.0,0,4.0,0.0,4.0,2,11.5,0.0,0.0,0.0,0.0,0.0,0.0,5733.46
5760_dose_600_gradient_0_VconcST_0_Vconc_4_run_2.csv,5760.0,600.0,0,4.0,0.0,4.0,2,11.75,0.0,0.0,0.0,0.0,0.0,0.0,5824.04
5760_dose_600_gradient_0_VconcST_0_Vconc_4_run_2.csv,5760.0,600.0,0,4.0,0.0,4.0,2,12.0,0.0,0.0,0.0,0.0,0.0,0.0,489.183
5760_dose_600_gradient_0_VconcST_0_Vconc_4_run_2.csv,5760.0,600.0,0,4.0,0.0,4.0,2,12.25,0.0,0.0,0.0,0.0,0.0,0.0,7525.03
5760_dose_600_gradient_0_VconcST_0_Vconc_4_run_2.csv,5760.0,600.0,0,4.0,0.0,4.0,2,12.5,0.0,0.0,0.0,0.0,0.0,0.0,483.689
5760_dose_600_gradient_0_VconcST_0_Vconc_4_run_2.csv,5760.0,600.0,0,4.0,0.0,4.0,2,12.75,0.0,0.0,0.0,0.0,0.0,0.0,8998.8
5760_dose_600_gradient_0_VconcST_0_Vconc_4_run_2.csv,5760.0,600.0,0,4.0,0.0,4.0,2,13.0,0.0,0.0,0.0,0.0,0.0,0.0,474.414
5760_dose_600_gradient_0_VconcST_0_Vconc_4_run_2.csv,5760.0,600.0,0,4.0,0.0,4.0,2,13.25,0.0,0.0,0.0,0.0,0.0,0.0,9965.22
5760_dose_600_gradient_0_VconcST_0_Vconc_4_run_2.csv,5760.0,600.0,0,4.0,0.0,4.0,2,13.5,0.0,0.0,0.0,0.0,0.0,0.0,449.222
5760_dose_600_gradient_0_VconcST_0_Vconc_4_run_2.csv,5760.0,600.0,0,4.0,0.0,4.0,2,13.75,0.0,0.0,0.0,0.0,0.0,0.0,10000.0
5760_dose_600_gradient_0_VconcST_0_Vconc_4_run_2.csv,5760.0,600.0,0,4.0,0.0,4.0,2,14.0,0.0,0.0,0.0,0.0,0.0,0.0,304.958
5760_dose_600_gradient_0_VconcST_0_Vconc_4_run_2.csv,5760.0,600.0,0,4.0,0.0,4.0,2,14.25,0.0,0.0,0.0,0.0,0.0,0.0,10000.0
5760_dose_600_gradient_0_VconcST_0_Vconc_4_run_2.csv,5760.0,600.0,0,4.0,0.0,4.0,2,14.5,0.0,0.0,0.0,0.0,0.0,0.0,230.869
5760_dose_600_gradient_0_VconcST_0_Vconc_4_run_2.csv,5760.0,600.0,0,4.0,0.0,4.0,2,14.75,0.0,0.0,0.0,0.0,0.0,0.0,10000.0
5760_dose_600_gradient_0_VconcST_0_Vconc_4_run_2.csv,5760.0,600.0,0,4.0,0.0,4.0,2,15.0,0.0,0.0,0.0,0.0,0.0,0.0,205.069
5760_dose_600_gradient_0_VconcST_0_Vconc_4_run_2.csv,5760.0,600.0,0,4.0,0.0,4.0,2,15.25,0.0,0.0,0.0,0.0,0.0,0.0,10000.0
5760_dose_600_gradient_0_VconcST_0_Vconc_4_run_2.csv,5760.0,600.0,0,4.0,0.0,4.0,2,15.5,0.0,0.0,0.0,0.0,0.0,0.0,183.522
5760_dose_600_gradient_0_VconcST_0_Vconc_4_run_2.csv,5760.0,600.0,0,4.0,0.0,4.0,2,15.75,0.0,0.0,0.0,0.0,0.0,0.0,10000.0
5760_dose_600_gradient_0_VconcST_0_Vconc_4_run_2.csv,5760.0,600.0,0,4.0,0.0,4.0,2,16.0,0.0,0.0,0.0,0.0,0.0,0.0,168.213
5760_dose_600_gradient_0_VconcST_0_Vconc_4_run_2.csv,5760.0,600.0,0,4.0,0.0,4.0,2,16.25,0.0,0.0,0.0,0.0,0.0,0.0,10000.0
5760_dose_600_gradient_0_VconcST_0_Vconc_4_run_2.csv,5760.0,600.0,0,4.0,0.0,4.0,2,16.5,0.0,0.0,0.0,0.0,0.0,0.0,169.029
5760_dose_600_gradient_0_VconcST_0_Vconc_4_run_2.csv,5760.0,600.0,0,4.0,0.0,4.0,2,16.75,0.0,0.0,0.0,0.0,0.0,0.0,10000.0
5760_dose_600_gradient_0_VconcST_0_Vconc_4_run_2.csv,5760.0,600.0,0,4.0,0.0,4.0,2,17.0,0.0,0.0,0.0,0.0,0.0,0.0,156.708
5760_dose_600_gradient_0_VconcST_0_Vconc_4_run_2.csv,5760.0,600.0,0,4.0,0.0,4.0,2,17.25,0.0,0.0,0.0,0.0,0.0,0.0,10000.0
5760_dose_600_gradient_0_VconcST_0_Vconc_4_run_2.csv,5760.0,600.0,0,4.0,0.0,4.0,2,17.5,0.0,0.0,0.0,0.0,0.0,0.0,154.043
5760_dose_600_gradient_0_VconcST_0_Vconc_4_run_2.csv,5760.0,600.0,0,4.0,0.0,4.0,2,17.75,0.0,0.0,0.0,0.0,0.0,0.0,10000.0
5760_dose_600_gradient_0_VconcST_0_Vconc_4_run_2.csv,5760.0,600.0,0,4.0,0.0,4.0,2,18.0,0.0,0.0,0.0,0.0,0.0,0.0,154.55
5760_dose_600_gradient_0_VconcST_0_Vconc_4_run_2.csv,5760.0,600.0,0,4.0,0.0,4.0,2,18.25,0.0,0.0,0.0,0.0,0.0,0.0,10000.0
5760_dose_600_gradient_0_VconcST_0_Vconc_4_run_2.csv,5760.0,600.0,0,4.0,0.0,4.0,2,18.5,0.0,0.0,0.0,0.0,0.0,0.0,152.739
5760_dose_600_gradient_0_VconcST_0_Vconc_4_run_2.csv,5760.0,600.0,0,4.0,0.0,4.0,2,18.75,0.0,0.0,0.0,0.0,0.0,0.0,10000.0
5760_dose_600_gradient_0_VconcST_0_Vconc_4_run_2.csv,5760.0,600.0,0,4.0,0.0,4.0,2,19.0,0.0,0.0,0.0,0.0,0.0,0.0,153.449
5760_dose_600_gradient_0_VconcST_0_Vconc_4_run_2.csv,5760.0,600.0,0,4.0,0.0,4.0,2,19.25,0.0,0.0,0.0,0.0,0.0,0.0,1619.67
5760_dose_600_gradient_0_VconcST_0_Vconc_4_run_2.csv,5760.0,600.0,0,4.0,0.0,4.0,2,19.5,0.0,0.0,0.0,0.0,0.0,0.0,6199.75
5760_dose_600_gradient_0_VconcST_0_Vconc_4_run_2.csv,5760.0,600.0,0,4.0,0.0,4.0,2,19.75,0.0,0.0,0.0,0.0,0.0,0.0,478.836
5760_dose_600_gradient_0_VconcST_0_Vconc_4_run_2.csv,5760.0,600.0,0,4.0,0.0,4.0,2,20.0,0.0,0.0,0.0,0.0,0.0,0.0,7771.14
5760_dose_600_gradient_0_VconcST_0_Vconc_4_run_2.csv,5760.0,600.0,0,4.0,0.0,4.0,2,20.25,0.0,0.0,0.0,0.0,0.0,0.0,490.1
5760_dose_600_gradient_0_VconcST_0_Vconc_4_run_2.csv,5760.0,600.0,0,4.0,0.0,4.0,2,20.5,0.0,0.0,0.0,0.0,0.0,0.0,9025.42
5760_dose_600_gradient_0_VconcST_0_Vconc_4_run_2.csv,5760.0,600.0,0,4.0,0.0,4.0,2,20.75,0.0,0.0,0.0,0.0,0.0,0.0,473.188
5760_dose_600_gradient_0_VconcST_0_Vconc_4_run_2.csv,5760.0,600.0,0,4.0,0.0,4.0,2,21.0,0.0,0.0,0.0,0.0,0.0,0.0,10000.0
5760_dose_600_gradient_0_VconcST_0_Vconc_4_run_2.csv,5760.0,600.0,0,4.0,0.0,4.0,2,21.25,0.0,0.0,0.0,0.0,0.0,0.0,405.027
5760_dose_600_gradient_0_VconcST_0_Vconc_4_run_2.csv,5760.0,600.0,0,4.0,0.0,4.0,2,21.5,0.0,0.0,0.0,0.0,0.0,0.0,10000.0
5760_dose_600_gradient_0_VconcST_0_Vconc_4_run_2.csv,5760.0,600.0,0,4.0,0.0,4.0,2,21.75,0.0,0.0,0.0,0.0,0.0,0.0,262.772
5760_dose_600_gradient_0_VconcST_0_Vconc_4_run_2.csv,5760.0,600.0,0,4.0,0.0,4.0,2,22.0,0.0,0.0,0.0,0.0,0.0,0.0,10000.0
5760_dose_600_gradient_0_VconcST_0_Vconc_4_run_2.csv,5760.0,600.0,0,4.0,0.0,4.0,2,22.25,0.0,0.0,0.0,0.0,0.0,0.0,221.61
5760_dose_600_gradient_0_VconcST_0_Vconc_4_run_2.csv,5760.0,600.0,0,4.0,0.0,4.0,2,22.5,0.0,0.0,0.0,0.0,0.0,0.0,10000.0
5760_dose_600_gradient_0_VconcST_0_Vconc_4_run_2.csv,5760.0,600.0,0,4.0,0.0,4.0,2,22.75,0.0,0.0,0.0,0.0,0.0,0.0,190.392
5760_dose_600_gradient_0_VconcST_0_Vconc_4_run_2.csv,5760.0,600.0,0,4.0,0.0,4.0,2,23.0,0.0,0.0,0.0,0.0,0.0,0.0,10000.0
5760_dose_600_gradient_0_VconcST_0_Vconc_4_run_2.csv,5760.0,600.0,0,4.0,0.0,4.0,2,23.25,0.0,0.0,0.0,0.0,0.0,0.0,182.296
5760_dose_600_gradient_0_VconcST_0_Vconc_4_run_2.csv,5760.0,600.0,0,4.0,0.0,4.0,2,23.5,0.0,0.0,0.0,0.0,0.0,0.0,10000.0
5760_dose_600_gradient_0_VconcST_0_Vconc_4_run_2.csv,5760.0,600.0,0,4.0,0.0,4.0,2,23.75,0.0,0.0,0.0,0.0,0.0,0.0,165.977
5760_dose_600_gradient_0_VconcST_0_Vconc_4_run_2.csv,5760.0,600.0,0,4.0,0.0,4.0,2,24.0,46.7175,600.0,0.018195,46.7175,0.0,0.0,10000.0
5760_dose_600_gradient_0_VconcST_0_Vconc_4_run_2.csv,5760.0,600.0,0,4.0,0.0,4.0,2,24.25,2816.07,588.109,1.09677,2816.07,0.0,0.999928,0.0184967
5760_dose_600_gradient_0_VconcST_0_Vconc_4_run_2.csv,5760.0,600.0,0,4.0,0.0,4.0,2,24.5,5520.02,576.453,2.14988,5520.02,0.0,0.999963,0.300052
5760_dose_600_gradient_0_VconcST_0_Vconc_4_run_2.csv,5760.0,600.0,0,4.0,0.0,4.0,2,24.75,8159.93,565.029,3.17804,8159.93,0.0,0.999975,0.183681
5760_dose_600_gradient_0_VconcST_0_Vconc_4_run_2.csv,5760.0,600.0,0,4.0,0.0,4.0,2,25.0,10737.1,553.83,4.18176,10737.1,0.0,0.999981,0.13343
5760_dose_600_gradient_0_VconcST_0_Vconc_4_run_2.csv,5760.0,600.0,0,4.0,0.0,4.0,2,25.25,13252.8,542.853,5.16155,13252.8,0.0,0.999985,0.105289
5760_dose_600_gradient_0_VconcST_0_Vconc_4_run_2.csv,5760.0,600.0,0,4.0,0.0,4.0,2,25.5,15708.3,532.094,6.11789,15708.3,0.0,0.999987,0.087072
5760_dose_600_gradient_0_VconcST_0_Vconc_4_run_2.csv,5760.0,600.0,0,4.0,0.0,4.0,2,25.75,18104.8,521.549,7.05126,18104.8,0.0,0.999989,0.0742565
5760_dose_600_gradient_0_VconcST_0_Vconc_4_run_2.csv,5760.0,600.0,0,4.0,0.0,4.0,2,26.0,20443.6,511.213,7.96213,20443.6,0.0,0.99999,0.0653868
5760_dose_600_gradient_0_VconcST_0_Vconc_4_run_2.csv,5760.0,600.0,0,4.0,0.0,4.0,2,26.25,22725.7,501.081,8.85097,22725.7,0.0,0.999991,0.0584978
5760_dose_600_gradient_0_VconcST_0_Vconc_4_run_2.csv,5760.0,600.0,0,4.0,0.0,4.0,2,26.5,24952.5,491.15,9.71822,24952.5,0.0,0.999992,0.0528909
5760_dose_600_gradient_0_VconcST_0_Vconc_4_run_2.csv,5760.0,600.0,0,4.0,0.0,4.0,2,26.75,27124.9,481.416,10.5643,27124.9,0.0,0.999993,0.0483168
5760_dose_600_gradient_0_VconcST_0_Vconc_4_run_2.csv,5760.0,600.0,0,4.0,0.0,4.0,2,27.0,29244.3,471.875,11.3897,29244.3,0.0,0.999993,0.0445013
5760_dose_600_gradient_0_VconcST_0_Vconc_4_run_2.csv,5760.0,600.0,0,4.0,0.0,4.0,2,27.25,31311.5,462.523,12.1949,31311.5,0.0,0.999994,0.0416067
5760_dose_600_gradient_0_VconcST_0_Vconc_4_run_2.csv,5760.0,600.0,0,4.0,0.0,4.0,2,27.5,33327.7,453.356,12.9801,33327.7,0.0,0.999994,0.0388608
5760_dose_600_gradient_0_VconcST_0_Vconc_4_run_2.csv,5760.0,600.0,0,4.0,0.0,4.0,2,27.75,35294.0,444.371,13.7459,35294.0,0.0,0.999994,0.0365639
5760_dose_600_gradient_0_VconcST_0_Vconc_4_run_2.csv,5760.0,600.0,0,4.0,0.0,4.0,2,28.0,37211.3,435.564,14.4926,37211.3,0.0,0.999995,0.0346962
5760_dose_600_gradient_0_VconcST_0_Vconc_4_run_2.csv,5760.0,600.0,0,4.0,0.0,4.0,2,28.25,39080.7,426.932,15.2207,39080.7,0.0,0.999995,0.0331947
5760_dose_600_gradient_0_VconcST_0_Vconc_4_run_2.csv,5760.0,600.0,0,4.0,0.0,4.0,2,28.5,40903.2,418.471,15.9305,40903.2,0.0,0.999995,0.031346
5760_dose_600_gradient_0_VconcST_0_Vconc_4_run_2.csv,5760.0,600.0,0,4.0,0.0,4.0,2,28.75,42679.7,410.177,16.6224,42679.7,0.0,0.999995,0.0301834
5760_dose_600_gradient_0_VconcST_0_Vconc_4_run_2.csv,5760.0,600.0,0,4.0,0.0,4.0,2,29.0,44411.2,402.048,17.2968,44411.2,0.0,0.999996,0.0290607
5760_dose_600_gradient_0_VconcST_0_Vconc_4_run_2.csv,5760.0,600.0,0,4.0,0.0,4.0,2,29.25,46098.6,394.08,17.954,46098.6,0.0,0.999996,0.0278941
5760_dose_600_gradient_0_VconcST_0_Vconc_4_run_2.csv,5760.0,600.0,0,4.0,0.0,4.0,2,29.5,47742.8,386.27,18.5943,47742.8,0.0,0.999996,0.0267878
5760_dose_600_gradient_0_VconcST_0_Vconc_4_run_2.csv,5760.0,600.0,0,4.0,0.0,4.0,2,29.75,49344.8,378.614,19.2183,49344.8,0.0,0.999996,0.0260278
5760_dose_600_gradient_0_VconcST_0_Vconc_4_run_2.csv,5760.0,600.0,0,4.0,0.0,4.0,2,30.0,50905.4,371.11,19.8261,50905.4,0.0,0.999996,0.0253612
5760_dose_600_gradient_0_VconcST_0_Vconc_4_run_2.csv,5760.0,600.0,0,4.0,0.0,4.0,2,30.25,52425.4,363.755,20.4181,52425.4,0.0,0.999996,0.024524
5760_dose_600_gradient_0_VconcST_0_Vconc_4_run_2.csv,5760.0,600.0,0,4.0,0.0,4.0,2,30.5,53905.6,356.546,20.9946,53905.6,0.0,0.999996,0.0237813
5760_dose_600_gradient_0_VconcST_0_Vconc_4_run_2.csv,5760.0,600.0,0,4.0,0.0,4.0,2,30.75,55347.0,349.48,21.5559,55347.0,0.0,0.999996,0.0230052
5760_dose_600_gradient_0_VconcST_0_Vconc_4_run_2.csv,5760.0,600.0,0,4.0,0.0,4.0,2,31.0,56750.3,342.554,22.1025,56750.3,0.0,0.999996,0.0226306
5760_dose_600_gradient_0_VconcST_0_Vconc_4_run_2.csv,5760.0,600.0,0,4.0,0.0,4.0,2,31.25,58116.3,335.765,22.6345,58116.3,0.0,0.999997,0.0219238
5760_dose_600_gradient_0_VconcST_0_Vconc_4_run_2.csv,5760.0,600.0,0,4.0,0.0,4.0,2,31.5,59445.8,329.11,23.1523,59445.8,0.0,0.999997,0.0214991
5760_dose_600_gradient_0_VconcST_0_Vconc_4_run_2.csv,5760.0,600.0,0,4.0,0.0,4.0,2,31.75,60739.5,322.588,23.6562,60739.5,0.0,0.999997,0.0211343
5760_dose_600_gradient_0_VconcST_0_Vconc_4_run_2.csv,5760.0,600.0,0,4.0,0.0,4.0,2,32.0,61998.2,316.194,24.1464,61998.2,0.0,0.999997,0.0203818
5760_dose_600_gradient_0_VconcST_0_Vconc_4_run_2.csv,5760.0,600.0,0,4.0,0.0,4.0,2,32.25,63222.6,309.928,24.6233,63222.6,0.0,0.999997,0.0200414
5760_dose_600_gradient_0_VconcST_0_Vconc_4_run_2.csv,5760.0,600.0,0,4.0,0.0,4.0,2,32.5,64413.5,303.785,25.0871,64413.5,0.0,0.999997,0.0197054
5760_dose_600_gradient_0_VconcST_0_Vconc_4_run_2.csv,5760.0,600.0,0,4.0,0.0,4.0,2,32.75,65571.4,297.765,25.538,65571.4,0.0,0.999997,0.0192245
5760_dose_600_gradient_0_VconcST_0_Vconc_4_run_2.csv,5760.0,600.0,0,4.0,0.0,4.0,2,33.0,66697.3,291.863,25.9765,66697.3,0.0,0.999997,0.0196172
5760_dose_600_gradient_0_VconcST_0_Vconc_4_run_2.csv,5760.0,600.0,0,4.0,0.0,4.0,2,33.25,67791.5,286.079,26.4027,67791.5,0.0,0.999997,0.0192245
5760_dose_600_gradient_0_VconcST_0_Vconc_4_run_2.csv,5760.0,600.0,0,4.0,0.0,4.0,2,33.5,68855.0,280.409,26.8169,68855.0,0.0,0.999997,0.0188476
5760_dose_600_gradient_0_VconcST_0_Vconc_4_run_2.csv,5760.0,600.0,0,4.0,0.0,4.0,2,33.75,69888.3,274.852,27.2193,69888.3,0.0,0.999997,0.0184796
5760_dose_600_gradient_0_VconcST_0_Vconc_4_run_2.csv,5760.0,600.0,0,4.0,0.0,4.0,2,34.0,70892.0,269.405,27.6102,70892.0,0.0,0.999997,0.0181267
5760_dose_600_gradient_0_VconcST_0_Vconc_4_run_2.csv,5760.0,600.0,0,4.0,0.0,4.0,2,34.25,71866.7,264.066,27.9898,71866.7,0.0,0.999997,0.0181375
5760_dose_600_gradient_0_VconcST_0_Vconc_4_run_2.csv,5760.0,600.0,0,4.0,0.0,4.0,2,34.5,72813.1,258.832,28.3584,72813.1,0.0,0.999997,0.0177541
5760_dose_600_gradient_0_VconcST_0_Vconc_4_run_2.csv,5760.0,600.0,0,4.0,0.0,4.0,2,34.75,73731.7,253.702,28.7162,73731.7,0.0,0.999997,0.0173397
5760_dose_600_gradient_0_VconcST_0_Vconc_4_run_2.csv,5760.0,600.0,0,4.0,0.0,4.0,2,35.0,74623.2,248.674,29.0634,74623.2,0.0,0.999997,0.0173604
5760_dose_600_gradient_0_VconcST_0_Vconc_4_run_2.csv,5760.0,600.0,0,4.0,0.0,4.0,2,35.25,75488.1,243.746,29.4003,75488.1,0.0,0.999997,0.0169992
5760_dose_600_gradient_0_VconcST_0_Vconc_4_run_2.csv,5760.0,600.0,0,4.0,0.0,4.0,2,35.5,76326.9,238.915,29.727,76326.9,0.0,0.999997,0.0170141
5760_dose_600_gradient_0_VconcST_0_Vconc_4_run_2.csv,5760.0,600.0,0,4.0,0.0,4.0,2,35.75,77140.3,234.18,30.0437,77140.3,0.0,0.999997,0.0166138
5760_dose_600_gradient_0_VconcST_0_Vconc_4_run_2.csv,5760.0,600.0,0,4.0,0.0,4.0,2,36.0,77928.7,229.539,30.3508,77928.7,0.0,0.999997,0.0165858
5760_dose_600_gradient_0_VconcST_0_Vconc_4_run_2.csv,5760.0,600.0,0,4.0,0.0,4.0,2,36.25,78692.7,224.99,30.6484,78692.7,0.0,0.999997,0.0166383
5760_dose_600_gradient_0_VconcST_0_Vconc_4_run_2.csv,5760.0,600.0,0,4.0,0.0,4.0,2,36.5,79432.9,220.531,30.9366,79432.9,0.0,0.999997,0.0162088
5760_dose_600_gradient_0_VconcST_0_Vconc_4_run_2.csv,5760.0,600.0,0,4.0,0.0,4.0,2,36.75,80149.6,216.16,31.2158,80149.6,0.0,0.999997,0.0162282
5760_dose_600_gradient_0_VconcST_0_Vconc_4_run_2.csv,5760.0,600.0,0,4.0,0.0,4.0,2,37.0,80843.5,211.876,31.486,80843.5,0.0,0.999997,0.0158492
5760_dose_600_gradient_0_VconcST_0_Vconc_4_run_2.csv,5760.0,600.0,0,4.0,0.0,4.0,2,37.25,81514.9,207.677,31.7475,81514.9,0.0,0.999997,0.015832
5760_dose_600_gradient_0_VconcST_0_Vconc_4_run_2.csv,5760.0,600.0,0,4.0,0.0,4.0,2,37.5,82164.5,203.561,32.0005,82164.5,0.0,0.999998,0.0158498
5760_dose_600_gradient_0_VconcST_0_Vconc_4_run_2.csv,5760.0,600.0,0,4.0,0.0,4.0,2,37.75,82792.5,199.527,32.2451,82792.5,0.0,0.999998,0.0155163
5760_dose_600_gradient_0_VconcST_0_Vconc_4_run_2.csv,5760.0,600.0,0,4.0,0.0,4.0,2,38.0,83399.6,195.572,32.4815,83399.6,0.0,0.999998,0.0154973
5760_dose_600_gradient_0_VconcST_0_Vconc_4_run_2.csv,5760.0,600.0,0,4.0,0.0,4.0,2,38.25,83986.0,191.696,32.71,83986.0,0.0,0.999998,0.0154626
5760_dose_600_gradient_0_VconcST_0_Vconc_4_run_2.csv,5760.0,600.0,0,4.0,0.0,4.0,2,38.5,84552.4,187.897,32.9306,84552.4,0.0,0.999998,0.0150886
5760_dose_600_gradient_0_VconcST_0_Vconc_4_run_2.csv,5760.0,600.0,0,4.0,0.0,4.0,2,38.75,85099.1,184.173,33.1435,85099.1,0.0,0.999998,0.0151034
5760_dose_600_gradient_0_VconcST_0_Vconc_4_run_2.csv,5760.0,600.0,0,4.0,0.0,4.0,2,39.0,85626.6,180.523,33.3489,85626.6,0.0,0.999998,0.0151018
5760_dose_600_gradient_0_VconcST_0_Vconc_4_run_2.csv,5760.0,600.0,0,4.0,0.0,4.0,2,39.25,86135.1,176.945,33.547,86135.1,0.0,0.999998,0.0151055
5760_dose_600_gradient_0_VconcST_0_Vconc_4_run_2.csv,5760.0,600.0,0,4.0,0.0,4.0,2,39.5,86625.3,173.438,33.7379,86625.3,0.0,0.999998,0.0147146
5760_dose_600_gradient_0_VconcST_0_Vconc_4_run_2.csv,5760.0,600.0,0,4.0,0.0,4.0,2,39.75,87097.4,170.001,33.9217,87097.4,0.0,0.999998,0.0147011
5760_dose_600_gradient_0_VconcST_0_Vconc_4_run_2.csv,5760.0,600.0,0,4.0,0.0,4.0,2,40.0,87551.8,166.632,34.0987,87551.8,0.0,0.999998,0.0147011
5760_dose_600_gradient_0_VconcST_0_Vconc_4_run_2.csv,5760.0,600.0,0,4.0,0.0,4.0,2,40.25,87989.0,163.329,34.269,87989.0,0.0,0.999998,0.0147363
5760_dose_600_gradient_0_VconcST_0_Vconc_4_run_2.csv,5760.0,600.0,0,4.0,0.0,4.0,2,40.5,88409.3,160.092,34.4327,88409.3,0.0,0.999998,0.0147368
5760_dose_600_gradient_0_VconcST_0_Vconc_4_run_2.csv,5760.0,600.0,0,4.0,0.0,4.0,2,40.75,88813.0,156.919,34.5899,88813.0,0.0,0.999998,0.0143503
5760_dose_600_gradient_0_VconcST_0_Vconc_4_run_2.csv,5760.0,600.0,0,4.0,0.0,4.0,2,41.0,89200.5,153.809,34.7408,89200.5,0.0,0.999998,0.0143533
5760_dose_600_gradient_0_VconcST_0_Vconc_4_run_2.csv,5760.0,600.0,0,4.0,0.0,4.0,2,41.25,89572.2,150.761,34.8856,89572.2,0.0,0.999998,0.0143523
5760_dose_600_gradient_0_VconcST_0_Vconc_4_run_2.csv,5760.0,600.0,0,4.0,0.0,4.0,2,41.5,89928.5,147.773,35.0244,89928.5,0.0,0.999998,0.0143241
5760_dose_600_gradient_0_VconcST_0_Vconc_1.6_run_2.csv,5760.0,600.0,0,1.6,0.0,1.6,2,0.0,0.0,0.0,0.0,0.0,0.0,0.0,0.0
5760_dose_600_gradient_0_VconcST_0_Vconc_1.6_run_2.csv,5760.0,600.0,0,1.6,0.0,1.6,2,0.25,0.0,0.0,0.0,0.0,0.0,0.0,5305.43
5760_dose_600_gradient_0_VconcST_0_Vconc_1.6_run_2.csv,5760.0,600.0,0,1.6,0.0,1.6,2,0.5,0.0,0.0,0.0,0.0,0.0,0.0,60.4005
5760_dose_600_gradient_0_VconcST_0_Vconc_1.6_run_2.csv,5760.0,600.0,0,1.6,0.0,1.6,2,0.75,0.0,0.0,0.0,0.0,0.0,0.0,5441.52
5760_dose_600_gradient_0_VconcST_0_Vconc_1.6_run_2.csv,5760.0,600.0,0,1.6,0.0,1.6,2,1.0,0.0,0.0,0.0,0.0,0.0,0.0,57.7085
5760_dose_600_gradient_0_VconcST_0_Vconc_1.6_run_2.csv,5760.0,600.0,0,1.6,0.0,1.6,2,1.25,0.0,0.0,0.0,0.0,0.0,0.0,5604.17
5760_dose_600_gradient_0_VconcST_0_Vconc_1.6_run_2.csv,5760.0,600.0,0,1.6,0.0,1.6,2,1.5,0.0,0.0,0.0,0.0,0.0,0.0,58.5447
5760_dose_600_gradient_0_VconcST_0_Vconc_1.6_run_2.csv,5760.0,600.0,0,1.6,0.0,1.6,2,1.75,0.0,0.0,0.0,0.0,0.0,0.0,5976.17
5760_dose_600_gradient_0_VconcST_0_Vconc_1.6_run_2.csv,5760.0,600.0,0,1.6,0.0,1.6,2,2.0,0.0,0.0,0.0,0.0,0.0,0.0,58.058
5760_dose_600_gradient_0_VconcST_0_Vconc_1.6_run_2.csv,5760.0,600.0,0,1.6,0.0,1.6,2,2.25,0.0,0.0,0.0,0.0,0.0,0.0,6209.0
5760_dose_600_gradient_0_VconcST_0_Vconc_1.6_run_2.csv,5760.0,600.0,0,1.6,0.0,1.6,2,2.5,0.0,0.0,0.0,0.0,0.0,0.0,57.8707
5760_dose_600_gradient_0_VconcST_0_Vconc_1.6_run_2.csv,5760.0,600.0,0,1.6,0.0,1.6,2,2.75,0.0,0.0,0.0,0.0,0.0,0.0,6185.35
5760_dose_600_gradient_0_VconcST_0_Vconc_1.6_run_2.csv,5760.0,600.0,0,1.6,0.0,1.6,2,3.0,0.0,0.0,0.0,0.0,0.0,0.0,57.9885
5760_dose_600_gradient_0_VconcST_0_Vconc_1.6_run_2.csv,5760.0,600.0,0,1.6,0.0,1.6,2,3.25,0.0,0.0,0.0,0.0,0.0,0.0,6798.81
5760_dose_600_gradient_0_VconcST_0_Vconc_1.6_run_2.csv,5760.0,600.0,0,1.6,0.0,1.6,2,3.5,0.0,0.0,0.0,0.0,0.0,0.0,57.2721
5760_dose_600_gradient_0_VconcST_0_Vconc_1.6_run_2.csv,5760.0,600.0,0,1.6,0.0,1.6,2,3.75,0.0,0.0,0.0,0.0,0.0,0.0,6659.06
5760_dose_600_gradient_0_VconcST_0_Vconc_1.6_run_2.csv,5760.0,600.0,0,1.6,0.0,1.6,2,4.0,0.0,0.0,0.0,0.0,0.0,0.0,2713.89
5760_dose_600_gradient_0_VconcST_0_Vconc_1.6_run_2.csv,5760.0,600.0,0,1.6,0.0,1.6,2,4.25,0.0,0.0,0.0,0.0,0.0,0.0,143.984
5760_dose_600_gradient_0_VconcST_0_Vconc_1.6_run_2.csv,5760.0,600.0,0,1.6,0.0,1.6,2,4.5,0.0,0.0,0.0,0.0,0.0,0.0,3132.13
5760_dose_600_gradient_0_VconcST_0_Vconc_1.6_run_2.csv,5760.0,600.0,0,1.6,0.0,1.6,2,4.75,0.0,0.0,0.0,0.0,0.0,0.0,167.598
5760_dose_600_gradient_0_VconcST_0_Vconc_1.6_run_2.csv,5760.0,600.0,0,1.6,0.0,1.6,2,5.0,0.0,0.0,0.0,0.0,0.0,0.0,3372.39
5760_dose_600_gradient_0_VconcST_0_Vconc_1.6_run_2.csv,5760.0,600.0,0,1.6,0.0,1.6,2,5.25,0.0,0.0,0.0,0.0,0.0,0.0,148.091
5760_dose_600_gradient_0_VconcST_0_Vconc_1.6_run_2.csv,5760.0,600.0,0,1.6,0.0,1.6,2,5.5,0.0,0.0,0.0,0.0,0.0,0.0,3767.07
5760_dose_600_gradient_0_VconcST_0_Vconc_1.6_run_2.csv,5760.0,600.0,0,1.6,0.0,1.6,2,5.75,0.0,0.0,0.0,0.0,0.0,0.0,129.384
5760_dose_600_gradient_0_VconcST_0_Vconc_1.6_run_2.csv,5760.0,600.0,0,1.6,0.0,1.6,2,6.0,0.0,0.0,0.0,0.0,0.0,0.0,4185.7
5760_dose_600_gradient_0_VconcST_0_Vconc_1.6_run_2.csv,5760.0,600.0,0,1.6,0.0,1.6,2,6.25,0.0,0.0,0.0,0.0,0.0,0.0,76.1566
5760_dose_600_gradient_0_VconcST_0_Vconc_1.6_run_2.csv,5760.0,600.0,0,1.6,0.0,1.6,2,6.5,0.0,0.0,0.0,0.0,0.0,0.0,4344.03
5760_dose_600_gradient_0_VconcST_0_Vconc_1.6_run_2.csv,5760.0,600.0,0,1.6,0.0,1.6,2,6.75,0.0,0.0,0.0,0.0,0.0,0.0,61.7234
5760_dose_600_gradient_0_VconcST_0_Vconc_1.6_run_2.csv,5760.0,600.0,0,1.6,0.0,1.6,2,7.0,0.0,0.0,0.0,0.0,0.0,0.0,4713.52
5760_dose_600_gradient_0_VconcST_0_Vconc_1.6_run_2.csv,5760.0,600.0,0,1.6,0.0,1.6,2,7.25,0.0,0.0,0.0,0.0,0.0,0.0,61.4008
5760_dose_600_gradient_0_VconcST_0_Vconc_1.6_run_2.csv,5760.0,600.0,0,1.6,0.0,1.6,2,7.5,0.0,0.0,0.0,0.0,0.0,0.0,5222.83
5760_dose_600_gradient_0_VconcST_0_Vconc_1.6_run_2.csv,5760.0,600.0,0,1.6,0.0,1.6,2,7.75,0.0,0.0,0.0,0.0,0.0,0.0,58.7166
5760_dose_600_gradient_0_VconcST_0_Vconc_1.6_run_2.csv,5760.0,600.0,0,1.6,0.0,1.6,2,8.0,0.0,0.0,0.0,0.0,0.0,0.0,5213.46
5760_dose_600_gradient_0_VconcST_0_Vconc_1.6_run_2.csv,5760.0,600.0,0,1.6,0.0,1.6,2,8.25,0.0,0.0,0.0,0.0,0.0,0.0,58.2763
5760_dose_600_gradient_0_VconcST_0_Vconc_1.6_run_2.csv,5760.0,600.0,0,1.6,0.0,1.6,2,8.5,0.0,0.0,0.0,0.0,0.0,0.0,5718.61
5760_dose_600_gradient_0_VconcST_0_Vconc_1.6_run_2.csv,5760.0,600.0,0,1.6,0.0,1.6,2,8.75,0.0,0.0,0.0,0.0,0.0,0.0,59.0178
5760_dose_600_gradient_0_VconcST_0_Vconc_1.6_run_2.csv,5760.0,600.0,0,1.6,0.0,1.6,2,9.0,0.0,0.0,0.0,0.0,0.0,0.0,6059.65
5760_dose_600_gradient_0_VconcST_0_Vconc_1.6_run_2.csv,5760.0,600.0,0,1.6,0.0,1.6,2,9.25,0.0,0.0,0.0,0.0,0.0,0.0,58.3207
5760_dose_600_gradient_0_VconcST_0_Vconc_1.6_run_2.csv,5760.0,600.0,0,1.6,0.0,1.6,2,9.5,0.0,0.0,0.0,0.0,0.0,0.0,6156.63
5760_dose_600_gradient_0_VconcST_0_Vconc_1.6_run_2.csv,5760.0,600.0,0,1.6,0.0,1.6,2,9.75,0.0,0.0,0.0,0.0,0.0,0.0,58.3381
5760_dose_600_gradient_0_VconcST_0_Vconc_1.6_run_2.csv,5760.0,600.0,0,1.6,0.0,1.6,2,10.0,0.0,0.0,0.0,0.0,0.0,0.0,6435.97
5760_dose_600_gradient_0_VconcST_0_Vconc_1.6_run_2.csv,5760.0,600.0,0,1.6,0.0,1.6,2,10.25,0.0,0.0,0.0,0.0,0.0,0.0,58.0967
5760_dose_600_gradient_0_VconcST_0_Vconc_1.6_run_2.csv,5760.0,600.0,0,1.6,0.0,1.6,2,10.5,0.0,0.0,0.0,0.0,0.0,0.0,6729.98
5760_dose_600_gradient_0_VconcST_0_Vconc_1.6_run_2.csv,5760.0,600.0,0,1.6,0.0,1.6,2,10.75,0.0,0.0,0.0,0.0,0.0,0.0,57.6853
5760_dose_600_gradient_0_VconcST_0_Vconc_1.6_run_2.csv,5760.0,600.0,0,1.6,0.0,1.6,2,11.0,0.0,0.0,0.0,0.0,0.0,0.0,6870.29
5760_dose_600_gradient_0_VconcST_0_Vconc_1.6_run_2.csv,5760.0,600.0,0,1.6,0.0,1.6,2,11.25,0.0,0.0,0.0,0.0,0.00174913,0.0,2654.52
5760_dose_600_gradient_0_VconcST_0_Vconc_1.6_run_2.csv,5760.0,600.0,0,1.6,0.0,1.6,2,11.5,0.0,0.0,0.0,0.0,0.0,0.0,153.499
5760_dose_600_gradient_0_VconcST_0_Vconc_1.6_run_2.csv,5760.0,600.0,0,1.6,0.0,1.6,2,11.75,0.0,0.0,0.0,0.0,0.00281033,0.0,3121.99
5760_dose_600_gradient_0_VconcST_0_Vconc_1.6_run_2.csv,5760.0,600.0,0,1.6,0.0,1.6,2,12.0,0.0,0.0,0.0,0.0,0.0,0.0,157.909
5760_dose_600_gradient_0_VconcST_0_Vconc_1.6_run_2.csv,5760.0,600.0,0,1.6,0.0,1.6,2,12.25,0.0,0.0,0.0,0.0,0.0,0.0,3484.73
5760_dose_600_gradient_0_VconcST_0_Vconc_1.6_run_2.csv,5760.0,600.0,0,1.6,0.0,1.6,2,12.5,0.0,0.0,0.0,0.0,0.0,0.0,155.785
5760_dose_600_gradient_0_VconcST_0_Vconc_1.6_run_2.csv,5760.0,600.0,0,1.6,0.0,1.6,2,12.75,0.0,0.0,0.0,0.0,0.0,0.0,3842.34
5760_dose_600_gradient_0_VconcST_0_Vconc_1.6_run_2.csv,5760.0,600.0,0,1.6,0.0,1.6,2,13.0,0.0,0.0,0.0,0.0,0.0,0.0,119.932
5760_dose_600_gradient_0_VconcST_0_Vconc_1.6_run_2.csv,5760.0,600.0,0,1.6,0.0,1.6,2,13.25,0.0,0.0,0.0,0.0,0.0,0.0,3998.15
5760_dose_600_gradient_0_VconcST_0_Vconc_1.6_run_2.csv,5760.0,600.0,0,1.6,0.0,1.6,2,13.5,0.0,0.0,0.0,0.0,0.0,0.0,76.9098
5760_dose_600_gradient_0_VconcST_0_Vconc_1.6_run_2.csv,5760.0,600.0,0,1.6,0.0,1.6,2,13.75,0.0,0.0,0.0,0.0,0.0,0.0,4485.77
5760_dose_600_gradient_0_VconcST_0_Vconc_1.6_run_2.csv,5760.0,600.0,0,1.6,0.0,1.6,2,14.0,0.0,0.0,0.0,0.0,0.0,0.0,60.1688
5760_dose_600_gradient_0_VconcST_0_Vconc_1.6_run_2.csv,5760.0,600.0,0,1.6,0.0,1.6,2,14.25,0.0,0.0,0.0,0.0,0.0,0.0,5089.1
5760_dose_600_gradient_0_VconcST_0_Vconc_1.6_run_2.csv,5760.0,600.0,0,1.6,0.0,1.6,2,14.5,0.0,0.0,0.0,0.0,0.0,0.0,61.7485
5760_dose_600_gradient_0_VconcST_0_Vconc_1.6_run_2.csv,5760.0,600.0,0,1.6,0.0,1.6,2,14.75,0.0,0.0,0.0,0.0,0.0,0.0,5203.22
5760_dose_600_gradient_0_VconcST_0_Vconc_1.6_run_2.csv,5760.0,600.0,0,1.6,0.0,1.6,2,15.0,0.0,0.0,0.0,0.0,0.0,0.0,60.6554
5760_dose_600_gradient_0_VconcST_0_Vconc_1.6_run_2.csv,5760.0,600.0,0,1.6,0.0,1.6,2,15.25,0.0,0.0,0.0,0.0,0.0,0.0,5134.17
5760_dose_600_gradient_0_VconcST_0_Vconc_1.6_run_2.csv,5760.0,600.0,0,1.6,0.0,1.6,2,15.5,0.0,0.0,0.0,0.0,0.0,0.0,57.9518
5760_dose_600_gradient_0_VconcST_0_Vconc_1.6_run_2.csv,5760.0,600.0,0,1.6,0.0,1.6,2,15.75,0.0,0.0,0.0,0.0,0.0,0.0,5589.15
5760_dose_600_gradient_0_VconcST_0_Vconc_1.6_run_2.csv,5760.0,600.0,0,1.6,0.0,1.6,2,16.0,0.0,0.0,0.0,0.0,0.0,0.0,58.0426
5760_dose_600_gradient_0_VconcST_0_Vconc_1.6_run_2.csv,5760.0,600.0,0,1.6,0.0,1.6,2,16.25,0.0,0.0,0.0,0.0,0.0,0.0,5996.56
5760_dose_600_gradient_0_VconcST_0_Vconc_1.6_run_2.csv,5760.0,600.0,0,1.6,0.0,1.6,2,16.5,0.0,0.0,0.0,0.0,0.0,0.0,58.5679
5760_dose_600_gradient_0_VconcST_0_Vconc_1.6_run_2.csv,5760.0,600.0,0,1.6,0.0,1.6,2,16.75,0.0,0.0,0.0,0.0,0.0,0.0,6270.63
5760_dose_600_gradient_0_VconcST_0_Vconc_1.6_run_2.csv,5760.0,600.0,0,1.6,0.0,1.6,2,17.0,0.0,0.0,0.0,0.0,0.0,0.0,58.2994
5760_dose_600_gradient_0_VconcST_0_Vconc_1.6_run_2.csv,5760.0,600.0,0,1.6,0.0,1.6,2,17.25,0.0,0.0,0.0,0.0,0.0,0.0,6243.02
5760_dose_600_gradient_0_VconcST_0_Vconc_1.6_run_2.csv,5760.0,600.0,0,1.6,0.0,1.6,2,17.5,0.0,0.0,0.0,0.0,0.0,0.0,57.4015
5760_dose_600_gradient_0_VconcST_0_Vconc_1.6_run_2.csv,5760.0,600.0,0,1.6,0.0,1.6,2,17.75,0.0,0.0,0.0,0.0,0.0,0.0,7029.32
5760_dose_600_gradient_0_VconcST_0_Vconc_1.6_run_2.csv,5760.0,600.0,0,1.6,0.0,1.6,2,18.0,0.0,0.0,0.0,0.0,0.0,0.0,58.0716
5760_dose_600_gradient_0_VconcST_0_Vconc_1.6_run_2.csv,5760.0,600.0,0,1.6,0.0,1.6,2,18.25,0.0,0.0,0.0,0.0,0.0,0.0,6919.33
5760_dose_600_gradient_0_VconcST_0_Vconc_1.6_run_2.csv,5760.0,600.0,0,1.6,0.0,1.6,2,18.5,0.0,0.0,0.0,0.0,0.0,0.0,2680.34
5760_dose_600_gradient_0_VconcST_0_Vconc_1.6_run_2.csv,5760.0,600.0,0,1.6,0.0,1.6,2,18.75,0.0,0.0,0.0,0.0,0.0,0.0,155.795
5760_dose_600_gradient_0_VconcST_0_Vconc_1.6_run_2.csv,5760.0,600.0,0,1.6,0.0,1.6,2,19.0,0.0,0.0,0.0,0.0,0.0,0.0,3065.12
5760_dose_600_gradient_0_VconcST_0_Vconc_1.6_run_2.csv,5760.0,600.0,0,1.6,0.0,1.6,2,19.25,0.0,0.0,0.0,0.0,0.0,0.0,160.752
5760_dose_600_gradient_0_VconcST_0_Vconc_1.6_run_2.csv,5760.0,600.0,0,1.6,0.0,1.6,2,19.5,0.0,0.0,0.0,0.0,0.0,0.0,3431.47
5760_dose_600_gradient_0_VconcST_0_Vconc_1.6_run_2.csv,5760.0,600.0,0,1.6,0.0,1.6,2,19.75,0.0,0.0,0.0,0.0,0.0,0.0,160.769
5760_dose_600_gradient_0_VconcST_0_Vconc_1.6_run_2.csv,5760.0,600.0,0,1.6,0.0,1.6,2,20.0,0.0,0.0,0.0,0.0,0.0,0.0,3676.28
5760_dose_600_gradient_0_VconcST_0_Vconc_1.6_run_2.csv,5760.0,600.0,0,1.6,0.0,1.6,2,20.25,0.0,0.0,0.0,0.0,0.0,0.0,131.028
5760_dose_600_gradient_0_VconcST_0_Vconc_1.6_run_2.csv,5760.0,600.0,0,1.6,0.0,1.6,2,20.5,0.0,0.0,0.0,0.0,0.0,0.0,4041.71
5760_dose_600_gradient_0_VconcST_0_Vconc_1.6_run_2.csv,5760.0,600.0,0,1.6,0.0,1.6,2,20.75,0.0,0.0,0.0,0.0,0.0,0.0,74.1251
5760_dose_600_gradient_0_VconcST_0_Vconc_1.6_run_2.csv,5760.0,600.0,0,1.6,0.0,1.6,2,21.0,0.0,0.0,0.0,0.0,0.0,0.0,4449.16
5760_dose_600_gradient_0_VconcST_0_Vconc_1.6_run_2.csv,5760.0,600.0,0,1.6,0.0,1.6,2,21.25,0.0,0.0,0.0,0.0,0.0,0.0,62.6001
5760_dose_600_gradient_0_VconcST_0_Vconc_1.6_run_2.csv,5760.0,600.0,0,1.6,0.0,1.6,2,21.5,0.0,0.0,0.0,0.0,0.0,0.0,4788.82
5760_dose_600_gradient_0_VconcST_0_Vconc_1.6_run_2.csv,5760.0,600.0,0,1.6,0.0,1.6,2,21.75,0.0,0.0,0.0,0.0,0.0,0.0,63.697
5760_dose_600_gradient_0_VconcST_0_Vconc_1.6_run_2.csv,5760.0,600.0,0,1.6,0.0,1.6,2,22.0,0.0,0.0,0.0,0.0,0.0,0.0,5010.76
5760_dose_600_gradient_0_VconcST_0_Vconc_1.6_run_2.csv,5760.0,600.0,0,1.6,0.0,1.6,2,22.25,0.0,0.0,0.0,0.0,0.0,0.0,58.3091
5760_dose_600_gradient_0_VconcST_0_Vconc_1.6_run_2.csv,5760.0,600.0,0,1.6,0.0,1.6,2,22.5,0.0,0.0,0.0,0.0,0.0,0.0,5513.84
5760_dose_600_gradient_0_VconcST_0_Vconc_1.6_run_2.csv,5760.0,600.0,0,1.6,0.0,1.6,2,22.75,0.0,0.0,0.0,0.0,0.0,0.0,58.3496
5760_dose_600_gradient_0_VconcST_0_Vconc_1.6_run_2.csv,5760.0,600.0,0,1.6,0.0,1.6,2,23.0,0.0,0.0,0.0,0.0,0.0,0.0,5793.34
5760_dose_600_gradient_0_VconcST_0_Vconc_1.6_run_2.csv,5760.0,600.0,0,1.6,0.0,1.6,2,23.25,0.0,0.0,0.0,0.0,0.0,0.0,58.1932
5760_dose_600_gradient_0_VconcST_0_Vconc_1.6_run_2.csv,5760.0,600.0,0,1.6,0.0,1.6,2,23.5,0.0,0.0,0.0,0.0,0.0,0.0,5843.74
5760_dose_600_gradient_0_VconcST_0_Vconc_1.6_run_2.csv,5760.0,600.0,0,1.6,0.0,1.6,2,23.75,0.0,0.0,0.0,0.0,0.0,0.0,58.4926
5760_dose_600_gradient_0_VconcST_0_Vconc_1.6_run_2.csv,5760.0,600.0,0,1.6,0.0,1.6,2,24.0,46.7175,600.0,0.018195,46.7175,0.0,0.0,6193.65
5760_dose_600_gradient_0_VconcST_0_Vconc_1.6_run_2.csv,5760.0,600.0,0,1.6,0.0,1.6,2,24.25,2816.07,588.109,1.09677,2816.07,0.0,0.999928,0.00741239
5760_dose_600_gradient_0_VconcST_0_Vconc_1.6_run_2.csv,5760.0,600.0,0,1.6,0.0,1.6,2,24.5,5520.02,576.453,2.14988,5520.02,0.0,0.999963,0.120132
5760_dose_600_gradient_0_VconcST_0_Vconc_1.6_run_2.csv,5760.0,600.0,0,1.6,0.0,1.6,2,24.75,8159.93,565.029,3.17804,8159.93,0.0,0.999975,0.07378
5760_dose_600_gradient_0_VconcST_0_Vconc_1.6_run_2.csv,5760.0,600.0,0,1.6,0.0,1.6,2,25.0,10737.1,553.83,4.18176,10737.1,0.0,0.999981,0.0533748
5760_dose_600_gradient_0_VconcST_0_Vconc_1.6_run_2.csv,5760.0,600.0,0,1.6,0.0,1.6,2,25.25,13252.8,542.853,5.16155,13252.8,0.0,0.999985,0.0421215
5760_dose_600_gradient_0_VconcST_0_Vconc_1.6_run_2.csv,5760.0,600.0,0,1.6,0.0,1.6,2,25.5,15708.3,532.094,6.11789,15708.3,0.0,0.999987,0.0348959
5760_dose_600_gradient_0_VconcST_0_Vconc_1.6_run_2.csv,5760.0,600.0,0,1.6,0.0,1.6,2,25.75,18104.8,521.549,7.05126,18104.8,0.0,0.999989,0.0297336
5760_dose_600_gradient_0_VconcST_0_Vconc_1.6_run_2.csv,5760.0,600.0,0,1.6,0.0,1.6,2,26.0,20443.6,511.213,7.96213,20443.6,0.0,0.99999,0.0260848
5760_dose_600_gradient_0_VconcST_0_Vconc_1.6_run_2.csv,5760.0,600.0,0,1.6,0.0,1.6,2,26.25,22725.7,501.081,8.85097,22725.7,0.0,0.999991,0.023434
5760_dose_600_gradient_0_VconcST_0_Vconc_1.6_run_2.csv,5760.0,600.0,0,1.6,0.0,1.6,2,26.5,24952.5,491.15,9.71822,24952.5,0.0,0.999992,0.0211299
5760_dose_600_gradient_0_VconcST_0_Vconc_1.6_run_2.csv,5760.0,600.0,0,1.6,0.0,1.6,2,26.75,27124.9,481.416,10.5643,27124.9,0.0,0.999993,0.0193601
5760_dose_600_gradient_0_VconcST_0_Vconc_1.6_run_2.csv,5760.0,600.0,0,1.6,0.0,1.6,2,27.0,29244.3,471.875,11.3897,29244.3,0.0,0.999993,0.017792
5760_dose_600_gradient_0_VconcST_0_Vconc_1.6_run_2.csv,5760.0,600.0,0,1.6,0.0,1.6,2,27.25,31311.5,462.523,12.1949,31311.5,0.0,0.999994,0.0166896
5760_dose_600_gradient_0_VconcST_0_Vconc_1.6_run_2.csv,5760.0,600.0,0,1.6,0.0,1.6,2,27.5,33327.7,453.356,12.9801,33327.7,0.0,0.999994,0.0155489
5760_dose_600_gradient_0_VconcST_0_Vconc_1.6_run_2.csv,5760.0,600.0,0,1.6,0.0,1.6,2,27.75,35294.0,444.371,13.7459,35294.0,0.0,0.999994,0.0146534
5760_dose_600_gradient_0_VconcST_0_Vconc_1.6_run_2.csv,5760.0,600.0,0,1.6,0.0,1.6,2,28.0,37211.3,435.564,14.4926,37211.3,0.0,0.999995,0.0138717
5760_dose_600_gradient_0_VconcST_0_Vconc_1.6_run_2.csv,5760.0,600.0,0,1.6,0.0,1.6,2,28.25,39080.7,426.932,15.2207,39080.7,0.0,0.999995,0.0132687
5760_dose_600_gradient_0_VconcST_0_Vconc_1.6_run_2.csv,5760.0,600.0,0,1.6,0.0,1.6,2,28.5,40903.2,418.471,15.9305,40903.2,0.0,0.999995,0.0125582
5760_dose_600_gradient_0_VconcST_0_Vconc_1.6_run_2.csv,5760.0,600.0,0,1.6,0.0,1.6,2,28.75,42679.7,410.177,16.6224,42679.7,0.0,0.999995,0.0120794
5760_dose_600_gradient_0_VconcST_0_Vconc_1.6_run_2.csv,5760.0,600.0,0,1.6,0.0,1.6,2,29.0,44411.2,402.048,17.2968,44411.2,0.0,0.999996,0.0116159
5760_dose_600_gradient_0_VconcST_0_Vconc_1.6_run_2.csv,5760.0,600.0,0,1.6,0.0,1.6,2,29.25,46098.6,394.08,17.954,46098.6,0.0,0.999996,0.0111746
5760_dose_600_gradient_0_VconcST_0_Vconc_1.6_run_2.csv,5760.0,600.0,0,1.6,0.0,1.6,2,29.5,47742.8,386.27,18.5943,47742.8,0.0,0.999996,0.0107054
5760_dose_600_gradient_0_VconcST_0_Vconc_1.6_run_2.csv,5760.0,600.0,0,1.6,0.0,1.6,2,29.75,49344.8,378.614,19.2183,49344.8,0.0,0.999996,0.0104101
5760_dose_600_gradient_0_VconcST_0_Vconc_1.6_run_2.csv,5760.0,600.0,0,1.6,0.0,1.6,2,30.0,50905.4,371.11,19.8261,50905.4,0.0,0.999996,0.0101399
5760_dose_600_gradient_0_VconcST_0_Vconc_1.6_run_2.csv,5760.0,600.0,0,1.6,0.0,1.6,2,30.25,52425.4,363.755,20.4181,52425.4,0.0,0.999996,0.00980658
5760_dose_600_gradient_0_VconcST_0_Vconc_1.6_run_2.csv,5760.0,600.0,0,1.6,0.0,1.6,2,30.5,53905.6,356.546,20.9946,53905.6,0.0,0.999996,0.00953554
5760_dose_600_gradient_0_VconcST_0_Vconc_1.6_run_2.csv,5760.0,600.0,0,1.6,0.0,1.6,2,30.75,55347.0,349.48,21.5559,55347.0,0.0,0.999996,0.00921536
5760_dose_600_gradient_0_VconcST_0_Vconc_1.6_run_2.csv,5760.0,600.0,0,1.6,0.0,1.6,2,31.0,56750.3,342.554,22.1025,56750.3,0.0,0.999996,0.0090653
5760_dose_600_gradient_0_VconcST_0_Vconc_1.6_run_2.csv,5760.0,600.0,0,1.6,0.0,1.6,2,31.25,58116.3,335.765,22.6345,58116.3,0.0,0.999997,0.0087453
5760_dose_600_gradient_0_VconcST_0_Vconc_1.6_run_2.csv,5760.0,600.0,0,1.6,0.0,1.6,2,31.5,59445.8,329.11,23.1523,59445.8,0.0,0.999997,0.00859448
5760_dose_600_gradient_0_VconcST_0_Vconc_1.6_run_2.csv,5760.0,600.0,0,1.6,0.0,1.6,2,31.75,60739.5,322.588,23.6562,60739.5,0.0,0.999997,0.00844375
5760_dose_600_gradient_0_VconcST_0_Vconc_1.6_run_2.csv,5760.0,600.0,0,1.6,0.0,1.6,2,32.0,61998.2,316.194,24.1464,61998.2,0.0,0.999997,0.00815474
5760_dose_600_gradient_0_VconcST_0_Vconc_1.6_run_2.csv,5760.0,600.0,0,1.6,0.0,1.6,2,32.25,63222.6,309.928,24.6233,63222.6,0.0,0.999997,0.00799136
5760_dose_600_gradient_0_VconcST_0_Vconc_1.6_run_2.csv,5760.0,600.0,0,1.6,0.0,1.6,2,32.5,64413.5,303.785,25.0871,64413.5,0.0,0.999997,0.0078461
5760_dose_600_gradient_0_VconcST_0_Vconc_1.6_run_2.csv,5760.0,600.0,0,1.6,0.0,1.6,2,32.75,65571.4,297.765,25.538,65571.4,0.0,0.999997,0.00768985
5760_dose_600_gradient_0_VconcST_0_Vconc_1.6_run_2.csv,5760.0,600.0,0,1.6,0.0,1.6,2,33.0,66697.3,291.863,25.9765,66697.3,0.0,0.999997,0.00784528
5760_dose_600_gradient_0_VconcST_0_Vconc_1.6_run_2.csv,5760.0,600.0,0,1.6,0.0,1.6,2,33.25,67791.5,286.079,26.4027,67791.5,0.0,0.999997,0.00771389
5760_dose_600_gradient_0_VconcST_0_Vconc_1.6_run_2.csv,5760.0,600.0,0,1.6,0.0,1.6,2,33.5,68855.0,280.409,26.8169,68855.0,0.0,0.999997,0.00754674
5760_dose_600_gradient_0_VconcST_0_Vconc_1.6_run_2.csv,5760.0,600.0,0,1.6,0.0,1.6,2,33.75,69888.3,274.852,27.2193,69888.3,0.0,0.999997,0.00739574
5760_dose_600_gradient_0_VconcST_0_Vconc_1.6_run_2.csv,5760.0,600.0,0,1.6,0.0,1.6,2,34.0,70892.0,269.405,27.6102,70892.0,0.0,0.999997,0.00724408
5760_dose_600_gradient_0_VconcST_0_Vconc_1.6_run_2.csv,5760.0,600.0,0,1.6,0.0,1.6,2,34.25,71866.7,264.066,27.9898,71866.7,0.0,0.999997,0.00725121
5760_dose_600_gradient_0_VconcST_0_Vconc_1.6_run_2.csv,5760.0,600.0,0,1.6,0.0,1.6,2,34.5,72813.1,258.832,28.3584,72813.1,0.0,0.999997,0.00709712
5760_dose_600_gradient_0_VconcST_0_Vconc_1.6_run_2.csv,5760.0,600.0,0,1.6,0.0,1.6,2,34.75,73731.7,253.702,28.7162,73731.7,0.0,0.999997,0.00693594
5760_dose_600_gradient_0_VconcST_0_Vconc_1.6_run_2.csv,5760.0,600.0,0,1.6,0.0,1.6,2,35.0,74623.2,248.674,29.0634,74623.2,0.0,0.999997,0.00693594
5760_dose_600_gradient_0_VconcST_0_Vconc_1.6_run_2.csv,5760.0,600.0,0,1.6,0.0,1.6,2,35.25,75488.1,243.746,29.4003,75488.1,0.0,0.999997,0.00680995
5760_dose_600_gradient_0_VconcST_0_Vconc_1.6_run_2.csv,5760.0,600.0,0,1.6,0.0,1.6,2,35.5,76326.9,238.915,29.727,76326.9,0.0,0.999997,0.00679135
5760_dose_600_gradient_0_VconcST_0_Vconc_1.6_run_2.csv,5760.0,600.0,0,1.6,0.0,1.6,2,35.75,77140.3,234.18,30.0437,77140.3,0.0,0.999997,0.00664041
5760_dose_600_gradient_0_VconcST_0_Vconc_1.6_run_2.csv,5760.0,600.0,0,1.6,0.0,1.6,2,36.0,77928.7,229.539,30.3508,77928.7,0.0,0.999997,0.00663435
5760_dose_600_gradient_0_VconcST_0_Vconc_1.6_run_2.csv,5760.0,600.0,0,1.6,0.0,1.6,2,36.25,78692.7,224.99,30.6484,78692.7,0.0,0.999997,0.00663435
5760_dose_600_gradient_0_VconcST_0_Vconc_1.6_run_2.csv,5760.0,600.0,0,1.6,0.0,1.6,2,36.5,79432.9,220.531,30.9366,79432.9,0.0,0.999997,0.00650342
5760_dose_600_gradient_0_VconcST_0_Vconc_1.6_run_2.csv,5760.0,600.0,0,1.6,0.0,1.6,2,36.75,80149.6,216.16,31.2158,80149.6,0.0,0.999997,0.00648815
5760_dose_600_gradient_0_VconcST_0_Vconc_1.6_run_2.csv,5760.0,600.0,0,1.6,0.0,1.6,2,37.0,80843.5,211.876,31.486,80843.5,0.0,0.999997,0.00633281
5760_dose_600_gradient_0_VconcST_0_Vconc_1.6_run_2.csv,5760.0,600.0,0,1.6,0.0,1.6,2,37.25,81514.9,207.677,31.7475,81514.9,0.0,0.999997,0.00633659
5760_dose_600_gradient_0_VconcST_0_Vconc_1.6_run_2.csv,5760.0,600.0,0,1.6,0.0,1.6,2,37.5,82164.5,203.561,32.0005,82164.5,0.0,0.999998,0.00634326
5760_dose_600_gradient_0_VconcST_0_Vconc_1.6_run_2.csv,5760.0,600.0,0,1.6,0.0,1.6,2,37.75,82792.5,199.527,32.2451,82792.5,0.0,0.999998,0.0061981
5760_dose_600_gradient_0_VconcST_0_Vconc_1.6_run_2.csv,5760.0,600.0,0,1.6,0.0,1.6,2,38.0,83399.6,195.572,32.4815,83399.6,0.0,0.999998,0.00618811
5760_dose_600_gradient_0_VconcST_0_Vconc_1.6_run_2.csv,5760.0,600.0,0,1.6,0.0,1.6,2,38.25,83986.0,191.696,32.71,83986.0,0.0,0.999998,0.00618572
5760_dose_600_gradient_0_VconcST_0_Vconc_1.6_run_2.csv,5760.0,600.0,0,1.6,0.0,1.6,2,38.5,84552.4,187.897,32.9306,84552.4,0.0,0.999998,0.00603124
5760_dose_600_gradient_0_VconcST_0_Vconc_1.6_run_2.csv,5760.0,600.0,0,1.6,0.0,1.6,2,38.75,85099.1,184.173,33.1435,85099.1,0.0,0.999998,0.00603124
5760_dose_600_gradient_0_VconcST_0_Vconc_1.6_run_2.csv,5760.0,600.0,0,1.6,0.0,1.6,2,39.0,85626.6,180.523,33.3489,85626.6,0.0,0.999998,0.00604798
5760_dose_600_gradient_0_VconcST_0_Vconc_1.6_run_2.csv,5760.0,600.0,0,1.6,0.0,1.6,2,39.25,86135.1,176.945,33.547,86135.1,0.0,0.999998,0.00604353
5760_dose_600_gradient_0_VconcST_0_Vconc_1.6_run_2.csv,5760.0,600.0,0,1.6,0.0,1.6,2,39.5,86625.3,173.438,33.7379,86625.3,0.0,0.999998,0.00588044
5760_dose_600_gradient_0_VconcST_0_Vconc_1.6_run_2.csv,5760.0,600.0,0,1.6,0.0,1.6,2,39.75,87097.4,170.001,33.9217,87097.4,0.0,0.999998,0.00588044
5760_dose_600_gradient_0_VconcST_0_Vconc_1.6_run_2.csv,5760.0,600.0,0,1.6,0.0,1.6,2,40.0,87551.8,166.632,34.0987,87551.8,0.0,0.999998,0.00590069
5760_dose_600_gradient_0_VconcST_0_Vconc_1.6_run_2.csv,5760.0,600.0,0,1.6,0.0,1.6,2,40.25,87989.0,163.329,34.269,87989.0,0.0,0.999998,0.00588044
5760_dose_600_gradient_0_VconcST_0_Vconc_1.6_run_2.csv,5760.0,600.0,0,1.6,0.0,1.6,2,40.5,88409.3,160.092,34.4327,88409.3,0.0,0.999998,0.00588044
5760_dose_600_gradient_0_VconcST_0_Vconc_1.6_run_2.csv,5760.0,600.0,0,1.6,0.0,1.6,2,40.75,88813.0,156.919,34.5899,88813.0,0.0,0.999998,0.00573312
5760_dose_600_gradient_0_VconcST_0_Vconc_1.6_run_2.csv,5760.0,600.0,0,1.6,0.0,1.6,2,41.0,89200.5,153.809,34.7408,89200.5,0.0,0.999998,0.0057297
5760_dose_600_gradient_0_VconcST_0_Vconc_1.6_run_2.csv,5760.0,600.0,0,1.6,0.0,1.6,2,41.25,89572.2,150.761,34.8856,89572.2,0.0,0.999998,0.0057297
5760_dose_600_gradient_0_VconcST_0_Vconc_1.6_run_2.csv,5760.0,600.0,0,1.6,0.0,1.6,2,41.5,89928.5,147.773,35.0244,89928.5,0.0,0.999998,0.0057297
5760_dose_600_gradient_0_VconcST_0_Vconc_1.6_run_1.csv,5760.0,600.0,0,1.6,0.0,1.6,1,0.0,0.0,0.0,0.0,0.0,0.0,0.0,0.0
5760_dose_600_gradient_0_VconcST_0_Vconc_1.6_run_1.csv,5760.0,600.0,0,1.6,0.0,1.6,1,0.25,0.0,0.0,0.0,0.0,0.0,0.0,5374.94
5760_dose_600_gradient_0_VconcST_0_Vconc_1.6_run_1.csv,5760.0,600.0,0,1.6,0.0,1.6,1,0.5,0.0,0.0,0.0,0.0,0.0,0.0,58.0252
5760_dose_600_gradient_0_VconcST_0_Vconc_1.6_run_1.csv,5760.0,600.0,0,1.6,0.0,1.6,1,0.75,0.0,0.0,0.0,0.0,0.0,0.0,5375.32
5760_dose_600_gradient_0_VconcST_0_Vconc_1.6_run_1.csv,5760.0,600.0,0,1.6,0.0,1.6,1,1.0,0.0,0.0,0.0,0.0,0.0,0.0,59.9274
5760_dose_600_gradient_0_VconcST_0_Vconc_1.6_run_1.csv,5760.0,600.0,0,1.6,0.0,1.6,1,1.25,0.0,0.0,0.0,0.0,0.0,0.0,5321.58
5760_dose_600_gradient_0_VconcST_0_Vconc_1.6_run_1.csv,5760.0,600.0,0,1.6,0.0,1.6,1,1.5,0.0,0.0,0.0,0.0,0.0,0.0,57.469
5760_dose_600_gradient_0_VconcST_0_Vconc_1.6_run_1.csv,5760.0,600.0,0,1.6,0.0,1.6,1,1.75,0.0,0.0,0.0,0.0,0.0,0.0,6003.43
5760_dose_600_gradient_0_VconcST_0_Vconc_1.6_run_1.csv,5760.0,600.0,0,1.6,0.0,1.6,1,2.0,0.0,0.0,0.0,0.0,0.0,0.0,58.7629
5760_dose_600_gradient_0_VconcST_0_Vconc_1.6_run_1.csv,5760.0,600.0,0,1.6,0.0,1.6,1,2.25,0.0,0.0,0.0,0.0,0.0,0.0,6257.92
5760_dose_600_gradient_0_VconcST_0_Vconc_1.6_run_1.csv,5760.0,600.0,0,1.6,0.0,1.6,1,2.5,0.0,0.0,0.0,0.0,0.0,0.0,58.2801
5760_dose_600_gradient_0_VconcST_0_Vconc_1.6_run_1.csv,5760.0,600.0,0,1.6,0.0,1.6,1,2.75,0.0,0.0,0.0,0.0,0.0,0.0,6707.12
5760_dose_600_gradient_0_VconcST_0_Vconc_1.6_run_1.csv,5760.0,600.0,0,1.6,0.0,1.6,1,3.0,0.0,0.0,0.0,0.0,0.0,0.0,57.3744
5760_dose_600_gradient_0_VconcST_0_Vconc_1.6_run_1.csv,5760.0,600.0,0,1.6,0.0,1.6,1,3.25,0.0,0.0,0.0,0.0,0.0,0.0,6457.94
5760_dose_600_gradient_0_VconcST_0_Vconc_1.6_run_1.csv,5760.0,600.0,0,1.6,0.0,1.6,1,3.5,0.0,0.0,0.0,0.0,0.0,0.0,58.3226
5760_dose_600_gradient_0_VconcST_0_Vconc_1.6_run_1.csv,5760.0,600.0,0,1.6,0.0,1.6,1,3.75,0.0,0.0,0.0,0.0,0.0,0.0,7320.89
5760_dose_600_gradient_0_VconcST_0_Vconc_1.6_run_1.csv,5760.0,600.0,0,1.6,0.0,1.6,1,4.0,0.0,0.0,0.0,0.0,0.0,0.0,2661.95
5760_dose_600_gradient_0_VconcST_0_Vconc_1.6_run_1.csv,5760.0,600.0,0,1.6,0.0,1.6,1,4.25,0.0,0.0,0.0,0.0,0.0,0.0,143.057
5760_dose_600_gradient_0_VconcST_0_Vconc_1.6_run_1.csv,5760.0,600.0,0,1.6,0.0,1.6,1,4.5,0.0,0.0,0.0,0.0,0.00121528,0.0,3209.75
5760_dose_600_gradient_0_VconcST_0_Vconc_1.6_run_1.csv,5760.0,600.0,0,1.6,0.0,1.6,1,4.75,0.0,0.0,0.0,0.0,0.0,0.0,148.171
5760_dose_600_gradient_0_VconcST_0_Vconc_1.6_run_1.csv,5760.0,600.0,0,1.6,0.0,1.6,1,5.0,0.0,0.0,0.0,0.0,0.0,0.0,3384.5
5760_dose_600_gradient_0_VconcST_0_Vconc_1.6_run_1.csv,5760.0,600.0,0,1.6,0.0,1.6,1,5.25,0.0,0.0,0.0,0.0,0.0,0.0,158.239
5760_dose_600_gradient_0_VconcST_0_Vconc_1.6_run_1.csv,5760.0,600.0,0,1.6,0.0,1.6,1,5.5,0.0,0.0,0.0,0.0,0.0,0.0,3857.13
5760_dose_600_gradient_0_VconcST_0_Vconc_1.6_run_1.csv,5760.0,600.0,0,1.6,0.0,1.6,1,5.75,0.0,0.0,0.0,0.0,0.0,0.0,134.413
5760_dose_600_gradient_0_VconcST_0_Vconc_1.6_run_1.csv,5760.0,600.0,0,1.6,0.0,1.6,1,6.0,0.0,0.0,0.0,0.0,0.0,0.0,4055.24
5760_dose_600_gradient_0_VconcST_0_Vconc_1.6_run_1.csv,5760.0,600.0,0,1.6,0.0,1.6,1,6.25,0.0,0.0,0.0,0.0,0.0,0.0,79.8838
5760_dose_600_gradient_0_VconcST_0_Vconc_1.6_run_1.csv,5760.0,600.0,0,1.6,0.0,1.6,1,6.5,0.0,0.0,0.0,0.0,0.0,0.0,4524.21
5760_dose_600_gradient_0_VconcST_0_Vconc_1.6_run_1.csv,5760.0,600.0,0,1.6,0.0,1.6,1,6.75,0.0,0.0,0.0,0.0,0.0,0.0,66.808
5760_dose_600_gradient_0_VconcST_0_Vconc_1.6_run_1.csv,5760.0,600.0,0,1.6,0.0,1.6,1,7.0,0.0,0.0,0.0,0.0,0.0,0.0,4557.02
5760_dose_600_gradient_0_VconcST_0_Vconc_1.6_run_1.csv,5760.0,600.0,0,1.6,0.0,1.6,1,7.25,0.0,0.0,0.0,0.0,0.0,0.0,59.9023
5760_dose_600_gradient_0_VconcST_0_Vconc_1.6_run_1.csv,5760.0,600.0,0,1.6,0.0,1.6,1,7.5,0.0,0.0,0.0,0.0,0.0,0.0,5057.54
5760_dose_600_gradient_0_VconcST_0_Vconc_1.6_run_1.csv,5760.0,600.0,0,1.6,0.0,1.6,1,7.75,0.0,0.0,0.0,0.0,0.0,0.0,59.4813
5760_dose_600_gradient_0_VconcST_0_Vconc_1.6_run_1.csv,5760.0,600.0,0,1.6,0.0,1.6,1,8.0,0.0,0.0,0.0,0.0,0.0,0.0,5523.35
5760_dose_600_gradient_0_VconcST_0_Vconc_1.6_run_1.csv,5760.0,600.0,0,1.6,0.0,1.6,1,8.25,0.0,0.0,0.0,0.0,0.0,0.0,58.5602
5760_dose_600_gradient_0_VconcST_0_Vconc_1.6_run_1.csv,5760.0,600.0,0,1.6,0.0,1.6,1,8.5,0.0,0.0,0.0,0.0,0.0,0.0,5496.83
5760_dose_600_gradient_0_VconcST_0_Vconc_1.6_run_1.csv,5760.0,600.0,0,1.6,0.0,1.6,1,8.75,0.0,0.0,0.0,0.0,0.0,0.0,58.788
5760_dose_600_gradient_0_VconcST_0_Vconc_1.6_run_1.csv,5760.0,600.0,0,1.6,0.0,1.6,1,9.0,0.0,0.0,0.0,0.0,0.0,0.0,5926.47
5760_dose_600_gradient_0_VconcST_0_Vconc_1.6_run_1.csv,5760.0,600.0,0,1.6,0.0,1.6,1,9.25,0.0,0.0,0.0,0.0,0.0,0.0,57.0403
5760_dose_600_gradient_0_VconcST_0_Vconc_1.6_run_1.csv,5760.0,600.0,0,1.6,0.0,1.6,1,9.5,0.0,0.0,0.0,0.0,0.0,0.0,6069.68
5760_dose_600_gradient_0_VconcST_0_Vconc_1.6_run_1.csv,5760.0,600.0,0,1.6,0.0,1.6,1,9.75,0.0,0.0,0.0,0.0,0.0,0.0,58.3806
5760_dose_600_gradient_0_VconcST_0_Vconc_1.6_run_1.csv,5760.0,600.0,0,1.6,0.0,1.6,1,10.0,0.0,0.0,0.0,0.0,0.0,0.0,6575.2
5760_dose_600_gradient_0_VconcST_0_Vconc_1.6_run_1.csv,5760.0,600.0,0,1.6,0.0,1.6,1,10.25,0.0,0.0,0.0,0.0,0.0,0.0,58.7262
5760_dose_600_gradient_0_VconcST_0_Vconc_1.6_run_1.csv,5760.0,600.0,0,1.6,0.0,1.6,1,10.5,0.0,0.0,0.0,0.0,0.0,0.0,6702.34
5760_dose_600_gradient_0_VconcST_0_Vconc_1.6_run_1.csv,5760.0,600.0,0,1.6,0.0,1.6,1,10.75,0.0,0.0,0.0,0.0,0.0,0.0,57.8591
5760_dose_600_gradient_0_VconcST_0_Vconc_1.6_run_1.csv,5760.0,600.0,0,1.6,0.0,1.6,1,11.0,0.0,0.0,0.0,0.0,0.0,0.0,6857.35
5760_dose_600_gradient_0_VconcST_0_Vconc_1.6_run_1.csv,5760.0,600.0,0,1.6,0.0,1.6,1,11.25,0.0,0.0,0.0,0.0,0.0,0.0,2643.27
5760_dose_600_gradient_0_VconcST_0_Vconc_1.6_run_1.csv,5760.0,600.0,0,1.6,0.0,1.6,1,11.5,0.0,0.0,0.0,0.0,0.0,0.0,155.636
5760_dose_600_gradient_0_VconcST_0_Vconc_1.6_run_1.csv,5760.0,600.0,0,1.6,0.0,1.6,1,11.75,0.0,0.0,0.0,0.0,0.000759549,0.0,3147.81
5760_dose_600_gradient_0_VconcST_0_Vconc_1.6_run_1.csv,5760.0,600.0,0,1.6,0.0,1.6,1,12.0,0.0,0.0,0.0,0.0,0.0,0.0,154.787
5760_dose_600_gradient_0_VconcST_0_Vconc_1.6_run_1.csv,5760.0,600.0,0,1.6,0.0,1.6,1,12.25,0.0,0.0,0.0,0.0,0.0,0.0,3445.0
5760_dose_600_gradient_0_VconcST_0_Vconc_1.6_run_1.csv,5760.0,600.0,0,1.6,0.0,1.6,1,12.5,0.0,0.0,0.0,0.0,0.0,0.0,150.053
5760_dose_600_gradient_0_VconcST_0_Vconc_1.6_run_1.csv,5760.0,600.0,0,1.6,0.0,1.6,1,12.75,0.0,0.0,0.0,0.0,0.0,0.0,3772.15
5760_dose_600_gradient_0_VconcST_0_Vconc_1.6_run_1.csv,5760.0,600.0,0,1.6,0.0,1.6,1,13.0,0.0,0.0,0.0,0.0,0.0,0.0,129.676
5760_dose_600_gradient_0_VconcST_0_Vconc_1.6_run_1.csv,5760.0,600.0,0,1.6,0.0,1.6,1,13.25,0.0,0.0,0.0,0.0,0.0,0.0,4032.52
5760_dose_600_gradient_0_VconcST_0_Vconc_1.6_run_1.csv,5760.0,600.0,0,1.6,0.0,1.6,1,13.5,0.0,0.0,0.0,0.0,0.0,0.0,74.548
5760_dose_600_gradient_0_VconcST_0_Vconc_1.6_run_1.csv,5760.0,600.0,0,1.6,0.0,1.6,1,13.75,0.0,0.0,0.0,0.0,0.0,0.0,4508.48
5760_dose_600_gradient_0_VconcST_0_Vconc_1.6_run_1.csv,5760.0,600.0,0,1.6,0.0,1.6,1,14.0,0.0,0.0,0.0,0.0,0.0,0.0,65.1125
5760_dose_600_gradient_0_VconcST_0_Vconc_1.6_run_1.csv,5760.0,600.0,0,1.6,0.0,1.6,1,14.25,0.0,0.0,0.0,0.0,0.0,0.0,4722.05
5760_dose_600_gradient_0_VconcST_0_Vconc_1.6_run_1.csv,5760.0,600.0,0,1.6,0.0,1.6,1,14.5,0.0,0.0,0.0,0.0,0.0,0.0,63.2316
5760_dose_600_gradient_0_VconcST_0_Vconc_1.6_run_1.csv,5760.0,600.0,0,1.6,0.0,1.6,1,14.75,0.0,0.0,0.0,0.0,0.0,0.0,5065.4
5760_dose_600_gradient_0_VconcST_0_Vconc_1.6_run_1.csv,5760.0,600.0,0,1.6,0.0,1.6,1,15.0,0.0,0.0,0.0,0.0,0.0,0.0,60.7443
5760_dose_600_gradient_0_VconcST_0_Vconc_1.6_run_1.csv,5760.0,600.0,0,1.6,0.0,1.6,1,15.25,0.0,0.0,0.0,0.0,0.0,0.0,5177.81
5760_dose_600_gradient_0_VconcST_0_Vconc_1.6_run_1.csv,5760.0,600.0,0,1.6,0.0,1.6,1,15.5,0.0,0.0,0.0,0.0,0.0,0.0,57.8186
5760_dose_600_gradient_0_VconcST_0_Vconc_1.6_run_1.csv,5760.0,600.0,0,1.6,0.0,1.6,1,15.75,0.0,0.0,0.0,0.0,0.0,0.0,5789.93
5760_dose_600_gradient_0_VconcST_0_Vconc_1.6_run_1.csv,5760.0,600.0,0,1.6,0.0,1.6,1,16.0,0.0,0.0,0.0,0.0,0.0,0.0,58.3999
5760_dose_600_gradient_0_VconcST_0_Vconc_1.6_run_1.csv,5760.0,600.0,0,1.6,0.0,1.6,1,16.25,0.0,0.0,0.0,0.0,0.0,0.0,5568.17
5760_dose_600_gradient_0_VconcST_0_Vconc_1.6_run_1.csv,5760.0,600.0,0,1.6,0.0,1.6,1,16.5,0.0,0.0,0.0,0.0,0.0,0.0,57.5115
5760_dose_600_gradient_0_VconcST_0_Vconc_1.6_run_1.csv,5760.0,600.0,0,1.6,0.0,1.6,1,16.75,0.0,0.0,0.0,0.0,0.0,0.0,5986.92
5760_dose_600_gradient_0_VconcST_0_Vconc_1.6_run_1.csv,5760.0,600.0,0,1.6,0.0,1.6,1,17.0,0.0,0.0,0.0,0.0,0.0,0.0,58.7146
5760_dose_600_gradient_0_VconcST_0_Vconc_1.6_run_1.csv,5760.0,600.0,0,1.6,0.0,1.6,1,17.25,0.0,0.0,0.0,0.0,0.0,0.0,6228.04
5760_dose_600_gradient_0_VconcST_0_Vconc_1.6_run_1.csv,5760.0,600.0,0,1.6,0.0,1.6,1,17.5,0.0,0.0,0.0,0.0,0.0,0.0,57.3841
5760_dose_600_gradient_0_VconcST_0_Vconc_1.6_run_1.csv,5760.0,600.0,0,1.6,0.0,1.6,1,17.75,0.0,0.0,0.0,0.0,0.0,0.0,6664.86
5760_dose_600_gradient_0_VconcST_0_Vconc_1.6_run_1.csv,5760.0,600.0,0,1.6,0.0,1.6,1,18.0,0.0,0.0,0.0,0.0,0.0,0.0,59.0661
5760_dose_600_gradient_0_VconcST_0_Vconc_1.6_run_1.csv,5760.0,600.0,0,1.6,0.0,1.6,1,18.25,0.0,0.0,0.0,0.0,0.0,0.0,6964.48
5760_dose_600_gradient_0_VconcST_0_Vconc_1.6_run_1.csv,5760.0,600.0,0,1.6,0.0,1.6,1,18.5,0.0,0.0,0.0,0.0,0.0,0.0,2663.71
5760_dose_600_gradient_0_VconcST_0_Vconc_1.6_run_1.csv,5760.0,600.0,0,1.6,0.0,1.6,1,18.75,0.0,0.0,0.0,0.0,0.0,0.0,154.833
5760_dose_600_gradient_0_VconcST_0_Vconc_1.6_run_1.csv,5760.0,600.0,0,1.6,0.0,1.6,1,19.0,0.0,0.0,0.0,0.0,0.00106337,0.0,3037.4
5760_dose_600_gradient_0_VconcST_0_Vconc_1.6_run_1.csv,5760.0,600.0,0,1.6,0.0,1.6,1,19.25,0.0,0.0,0.0,0.0,0.0,0.0,153.033
5760_dose_600_gradient_0_VconcST_0_Vconc_1.6_run_1.csv,5760.0,600.0,0,1.6,0.0,1.6,1,19.5,0.0,0.0,0.0,0.0,0.0,0.0,3468.14
5760_dose_600_gradient_0_VconcST_0_Vconc_1.6_run_1.csv,5760.0,600.0,0,1.6,0.0,1.6,1,19.75,0.0,0.0,0.0,0.0,0.0,0.0,149.887
5760_dose_600_gradient_0_VconcST_0_Vconc_1.6_run_1.csv,5760.0,600.0,0,1.6,0.0,1.6,1,20.0,0.0,0.0,0.0,0.0,0.0,0.0,3819.17
5760_dose_600_gradient_0_VconcST_0_Vconc_1.6_run_1.csv,5760.0,600.0,0,1.6,0.0,1.6,1,20.25,0.0,0.0,0.0,0.0,0.0,0.0,135.321
5760_dose_600_gradient_0_VconcST_0_Vconc_1.6_run_1.csv,5760.0,600.0,0,1.6,0.0,1.6,1,20.5,0.0,0.0,0.0,0.0,0.0,0.0,4033.54
5760_dose_600_gradient_0_VconcST_0_Vconc_1.6_run_1.csv,5760.0,600.0,0,1.6,0.0,1.6,1,20.75,0.0,0.0,0.0,0.0,0.0,0.0,79.177
5760_dose_600_gradient_0_VconcST_0_Vconc_1.6_run_1.csv,5760.0,600.0,0,1.6,0.0,1.6,1,21.0,0.0,0.0,0.0,0.0,0.0,0.0,4536.33
5760_dose_600_gradient_0_VconcST_0_Vconc_1.6_run_1.csv,5760.0,600.0,0,1.6,0.0,1.6,1,21.25,0.0,0.0,0.0,0.0,0.0,0.0,64.6625
5760_dose_600_gradient_0_VconcST_0_Vconc_1.6_run_1.csv,5760.0,600.0,0,1.6,0.0,1.6,1,21.5,0.0,0.0,0.0,0.0,0.0,0.0,4876.9
5760_dose_600_gradient_0_VconcST_0_Vconc_1.6_run_1.csv,5760.0,600.0,0,1.6,0.0,1.6,1,21.75,0.0,0.0,0.0,0.0,0.0,0.0,61.0532
5760_dose_600_gradient_0_VconcST_0_Vconc_1.6_run_1.csv,5760.0,600.0,0,1.6,0.0,1.6,1,22.0,0.0,0.0,0.0,0.0,0.0,0.0,5047.73
5760_dose_600_gradient_0_VconcST_0_Vconc_1.6_run_1.csv,5760.0,600.0,0,1.6,0.0,1.6,1,22.25,0.0,0.0,0.0,0.0,0.0,0.0,59.0005
5760_dose_600_gradient_0_VconcST_0_Vconc_1.6_run_1.csv,5760.0,600.0,0,1.6,0.0,1.6,1,22.5,0.0,0.0,0.0,0.0,0.0,0.0,5351.16
5760_dose_600_gradient_0_VconcST_0_Vconc_1.6_run_1.csv,5760.0,600.0,0,1.6,0.0,1.6,1,22.75,0.0,0.0,0.0,0.0,0.0,0.0,58.7668
5760_dose_600_gradient_0_VconcST_0_Vconc_1.6_run_1.csv,5760.0,600.0,0,1.6,0.0,1.6,1,23.0,0.0,0.0,0.0,0.0,0.0,0.0,5653.24
5760_dose_600_gradient_0_VconcST_0_Vconc_1.6_run_1.csv,5760.0,600.0,0,1.6,0.0,1.6,1,23.25,0.0,0.0,0.0,0.0,0.0,0.0,58.2376
5760_dose_600_gradient_0_VconcST_0_Vconc_1.6_run_1.csv,5760.0,600.0,0,1.6,0.0,1.6,1,23.5,0.0,0.0,0.0,0.0,0.0,0.0,5954.47
5760_dose_600_gradient_0_VconcST_0_Vconc_1.6_run_1.csv,5760.0,600.0,0,1.6,0.0,1.6,1,23.75,0.0,0.0,0.0,0.0,0.0,0.0,58.8266
5760_dose_600_gradient_0_VconcST_0_Vconc_1.6_run_1.csv,5760.0,600.0,0,1.6,0.0,1.6,1,24.0,46.7175,600.0,0.018195,46.7175,0.0,0.0,6140.31
5760_dose_600_gradient_0_VconcST_0_Vconc_1.6_run_1.csv,5760.0,600.0,0,1.6,0.0,1.6,1,24.25,2816.07,588.109,1.09677,2816.07,0.0,0.999928,0.00741681
5760_dose_600_gradient_0_VconcST_0_Vconc_1.6_run_1.csv,5760.0,600.0,0,1.6,0.0,1.6,1,24.5,5520.02,576.453,2.14988,5520.02,0.0,0.999963,0.120106
5760_dose_600_gradient_0_VconcST_0_Vconc_1.6_run_1.csv,5760.0,600.0,0,1.6,0.0,1.6,1,24.75,8159.93,565.029,3.17804,8159.93,0.0,0.999975,0.0734936
5760_dose_600_gradient_0_VconcST_0_Vconc_1.6_run_1.csv,5760.0,600.0,0,1.6,0.0,1.6,1,25.0,10737.1,553.83,4.18176,10737.1,0.0,0.999981,0.0534066
5760_dose_600_gradient_0_VconcST_0_Vconc_1.6_run_1.csv,5760.0,600.0,0,1.6,0.0,1.6,1,25.25,13252.8,542.853,5.16155,13252.8,0.0,0.999985,0.042092
5760_dose_600_gradient_0_VconcST_0_Vconc_1.6_run_1.csv,5760.0,600.0,0,1.6,0.0,1.6,1,25.5,15708.3,532.094,6.11789,15708.3,0.0,0.999987,0.0348298
5760_dose_600_gradient_0_VconcST_0_Vconc_1.6_run_1.csv,5760.0,600.0,0,1.6,0.0,1.6,1,25.75,18104.8,521.549,7.05126,18104.8,0.0,0.999989,0.0297754
5760_dose_600_gradient_0_VconcST_0_Vconc_1.6_run_1.csv,5760.0,600.0,0,1.6,0.0,1.6,1,26.0,20443.6,511.213,7.96213,20443.6,0.0,0.99999,0.0260848
5760_dose_600_gradient_0_VconcST_0_Vconc_1.6_run_1.csv,5760.0,600.0,0,1.6,0.0,1.6,1,26.25,22725.7,501.081,8.85097,22725.7,0.0,0.999991,0.023411
5760_dose_600_gradient_0_VconcST_0_Vconc_1.6_run_1.csv,5760.0,600.0,0,1.6,0.0,1.6,1,26.5,24952.5,491.15,9.71822,24952.5,0.0,0.999992,0.0211306
5760_dose_600_gradient_0_VconcST_0_Vconc_1.6_run_1.csv,5760.0,600.0,0,1.6,0.0,1.6,1,26.75,27124.9,481.416,10.5643,27124.9,0.0,0.999993,0.0193438
5760_dose_600_gradient_0_VconcST_0_Vconc_1.6_run_1.csv,5760.0,600.0,0,1.6,0.0,1.6,1,27.0,29244.3,471.875,11.3897,29244.3,0.0,0.999993,0.0178027
5760_dose_600_gradient_0_VconcST_0_Vconc_1.6_run_1.csv,5760.0,600.0,0,1.6,0.0,1.6,1,27.25,31311.5,462.523,12.1949,31311.5,0.0,0.999994,0.0165957
5760_dose_600_gradient_0_VconcST_0_Vconc_1.6_run_1.csv,5760.0,600.0,0,1.6,0.0,1.6,1,27.5,33327.7,453.356,12.9801,33327.7,0.0,0.999994,0.0155303
5760_dose_600_gradient_0_VconcST_0_Vconc_1.6_run_1.csv,5760.0,600.0,0,1.6,0.0,1.6,1,27.75,35294.0,444.371,13.7459,35294.0,0.0,0.999994,0.0146431
5760_dose_600_gradient_0_VconcST_0_Vconc_1.6_run_1.csv,5760.0,600.0,0,1.6,0.0,1.6,1,28.0,37211.3,435.564,14.4926,37211.3,0.0,0.999995,0.0138785
5760_dose_600_gradient_0_VconcST_0_Vconc_1.6_run_1.csv,5760.0,600.0,0,1.6,0.0,1.6,1,28.25,39080.7,426.932,15.2207,39080.7,0.0,0.999995,0.013278
5760_dose_600_gradient_0_VconcST_0_Vconc_1.6_run_1.csv,5760.0,600.0,0,1.6,0.0,1.6,1,28.5,40903.2,418.471,15.9305,40903.2,0.0,0.999995,0.0125384
5760_dose_600_gradient_0_VconcST_0_Vconc_1.6_run_1.csv,5760.0,600.0,0,1.6,0.0,1.6,1,28.75,42679.7,410.177,16.6224,42679.7,0.0,0.999995,0.0120773
5760_dose_600_gradient_0_VconcST_0_Vconc_1.6_run_1.csv,5760.0,600.0,0,1.6,0.0,1.6,1,29.0,44411.2,402.048,17.2968,44411.2,0.0,0.999996,0.0116265
5760_dose_600_gradient_0_VconcST_0_Vconc_1.6_run_1.csv,5760.0,600.0,0,1.6,0.0,1.6,1,29.25,46098.6,394.08,17.954,46098.6,0.0,0.999996,0.0111993
5760_dose_600_gradient_0_VconcST_0_Vconc_1.6_run_1.csv,5760.0,600.0,0,1.6,0.0,1.6,1,29.5,47742.8,386.27,18.5943,47742.8,0.0,0.999996,0.0107212
5760_dose_600_gradient_0_VconcST_0_Vconc_1.6_run_1.csv,5760.0,600.0,0,1.6,0.0,1.6,1,29.75,49344.8,378.614,19.2183,49344.8,0.0,0.999996,0.0104218
5760_dose_600_gradient_0_VconcST_0_Vconc_1.6_run_1.csv,5760.0,600.0,0,1.6,0.0,1.6,1,30.0,50905.4,371.11,19.8261,50905.4,0.0,0.999996,0.0101133
5760_dose_600_gradient_0_VconcST_0_Vconc_1.6_run_1.csv,5760.0,600.0,0,1.6,0.0,1.6,1,30.25,52425.4,363.755,20.4181,52425.4,0.0,0.999996,0.00982483
5760_dose_600_gradient_0_VconcST_0_Vconc_1.6_run_1.csv,5760.0,600.0,0,1.6,0.0,1.6,1,30.5,53905.6,356.546,20.9946,53905.6,0.0,0.999996,0.00949916
5760_dose_600_gradient_0_VconcST_0_Vconc_1.6_run_1.csv,5760.0,600.0,0,1.6,0.0,1.6,1,30.75,55347.0,349.48,21.5559,55347.0,0.0,0.999996,0.00920792
5760_dose_600_gradient_0_VconcST_0_Vconc_1.6_run_1.csv,5760.0,600.0,0,1.6,0.0,1.6,1,31.0,56750.3,342.554,22.1025,56750.3,0.0,0.999996,0.00905227
5760_dose_600_gradient_0_VconcST_0_Vconc_1.6_run_1.csv,5760.0,600.0,0,1.6,0.0,1.6,1,31.25,58116.3,335.765,22.6345,58116.3,0.0,0.999997,0.0087453
5760_dose_600_gradient_0_VconcST_0_Vconc_1.6_run_1.csv,5760.0,600.0,0,1.6,0.0,1.6,1,31.5,59445.8,329.11,23.1523,59445.8,0.0,0.999997,0.00859448
5760_dose_600_gradient_0_VconcST_0_Vconc_1.6_run_1.csv,5760.0,600.0,0,1.6,0.0,1.6,1,31.75,60739.5,322.588,23.6562,60739.5,0.0,0.999997,0.00847609
5760_dose_600_gradient_0_VconcST_0_Vconc_1.6_run_1.csv,5760.0,600.0,0,1.6,0.0,1.6,1,32.0,61998.2,316.194,24.1464,61998.2,0.0,0.999997,0.0081576
5760_dose_600_gradient_0_VconcST_0_Vconc_1.6_run_1.csv,5760.0,600.0,0,1.6,0.0,1.6,1,32.25,63222.6,309.928,24.6233,63222.6,0.0,0.999997,0.00800428
5760_dose_600_gradient_0_VconcST_0_Vconc_1.6_run_1.csv,5760.0,600.0,0,1.6,0.0,1.6,1,32.5,64413.5,303.785,25.0871,64413.5,0.0,0.999997,0.00784059
5760_dose_600_gradient_0_VconcST_0_Vconc_1.6_run_1.csv,5760.0,600.0,0,1.6,0.0,1.6,1,32.75,65571.4,297.765,25.538,65571.4,0.0,0.999997,0.0077166
5760_dose_600_gradient_0_VconcST_0_Vconc_1.6_run_1.csv,5760.0,600.0,0,1.6,0.0,1.6,1,33.0,66697.3,291.863,25.9765,66697.3,0.0,0.999997,0.00784059
5760_dose_600_gradient_0_VconcST_0_Vconc_1.6_run_1.csv,5760.0,600.0,0,1.6,0.0,1.6,1,33.25,67791.5,286.079,26.4027,67791.5,0.0,0.999997,0.00768985
5760_dose_600_gradient_0_VconcST_0_Vconc_1.6_run_1.csv,5760.0,600.0,0,1.6,0.0,1.6,1,33.5,68855.0,280.409,26.8169,68855.0,0.0,0.999997,0.00755627
5760_dose_600_gradient_0_VconcST_0_Vconc_1.6_run_1.csv,5760.0,600.0,0,1.6,0.0,1.6,1,33.75,69888.3,274.852,27.2193,69888.3,0.0,0.999997,0.00741495
5760_dose_600_gradient_0_VconcST_0_Vconc_1.6_run_1.csv,5760.0,600.0,0,1.6,0.0,1.6,1,34.0,70892.0,269.405,27.6102,70892.0,0.0,0.999997,0.00723747
5760_dose_600_gradient_0_VconcST_0_Vconc_1.6_run_1.csv,5760.0,600.0,0,1.6,0.0,1.6,1,34.25,71866.7,264.066,27.9898,71866.7,0.0,0.999997,0.00724408
5760_dose_600_gradient_0_VconcST_0_Vconc_1.6_run_1.csv,5760.0,600.0,0,1.6,0.0,1.6,1,34.5,72813.1,258.832,28.3584,72813.1,0.0,0.999997,0.00709164
5760_dose_600_gradient_0_VconcST_0_Vconc_1.6_run_1.csv,5760.0,600.0,0,1.6,0.0,1.6,1,34.75,73731.7,253.702,28.7162,73731.7,0.0,0.999997,0.00695568
5760_dose_600_gradient_0_VconcST_0_Vconc_1.6_run_1.csv,5760.0,600.0,0,1.6,0.0,1.6,1,35.0,74623.2,248.674,29.0634,74623.2,0.0,0.999997,0.00693594
5760_dose_600_gradient_0_VconcST_0_Vconc_1.6_run_1.csv,5760.0,600.0,0,1.6,0.0,1.6,1,35.25,75488.1,243.746,29.4003,75488.1,0.0,0.999997,0.00680756
5760_dose_600_gradient_0_VconcST_0_Vconc_1.6_run_1.csv,5760.0,600.0,0,1.6,0.0,1.6,1,35.5,76326.9,238.915,29.727,76326.9,0.0,0.999997,0.00679064
5760_dose_600_gradient_0_VconcST_0_Vconc_1.6_run_1.csv,5760.0,600.0,0,1.6,0.0,1.6,1,35.75,77140.3,234.18,30.0437,77140.3,0.0,0.999997,0.00665207
5760_dose_600_gradient_0_VconcST_0_Vconc_1.6_run_1.csv,5760.0,600.0,0,1.6,0.0,1.6,1,36.0,77928.7,229.539,30.3508,77928.7,0.0,0.999997,0.00664694
5760_dose_600_gradient_0_VconcST_0_Vconc_1.6_run_1.csv,5760.0,600.0,0,1.6,0.0,1.6,1,36.25,78692.7,224.99,30.6484,78692.7,0.0,0.999997,0.00666908
5760_dose_600_gradient_0_VconcST_0_Vconc_1.6_run_1.csv,5760.0,600.0,0,1.6,0.0,1.6,1,36.5,79432.9,220.531,30.9366,79432.9,0.0,0.999997,0.00648747
5760_dose_600_gradient_0_VconcST_0_Vconc_1.6_run_1.csv,5760.0,600.0,0,1.6,0.0,1.6,1,36.75,80149.6,216.16,31.2158,80149.6,0.0,0.999997,0.00650501
5760_dose_600_gradient_0_VconcST_0_Vconc_1.6_run_1.csv,5760.0,600.0,0,1.6,0.0,1.6,1,37.0,80843.5,211.876,31.486,80843.5,0.0,0.999997,0.00633659
5760_dose_600_gradient_0_VconcST_0_Vconc_1.6_run_1.csv,5760.0,600.0,0,1.6,0.0,1.6,1,37.25,81514.9,207.677,31.7475,81514.9,0.0,0.999997,0.00634037
5760_dose_600_gradient_0_VconcST_0_Vconc_1.6_run_1.csv,5760.0,600.0,0,1.6,0.0,1.6,1,37.5,82164.5,203.561,32.0005,82164.5,0.0,0.999998,0.00635662
5760_dose_600_gradient_0_VconcST_0_Vconc_1.6_run_1.csv,5760.0,600.0,0,1.6,0.0,1.6,1,37.75,82792.5,199.527,32.2451,82792.5,0.0,0.999998,0.00619702
5760_dose_600_gradient_0_VconcST_0_Vconc_1.6_run_1.csv,5760.0,600.0,0,1.6,0.0,1.6,1,38.0,83399.6,195.572,32.4815,83399.6,0.0,0.999998,0.00619376
5760_dose_600_gradient_0_VconcST_0_Vconc_1.6_run_1.csv,5760.0,600.0,0,1.6,0.0,1.6,1,38.25,83986.0,191.696,32.71,83986.0,0.0,0.999998,0.00620071
5760_dose_600_gradient_0_VconcST_0_Vconc_1.6_run_1.csv,5760.0,600.0,0,1.6,0.0,1.6,1,38.5,84552.4,187.897,32.9306,84552.4,0.0,0.999998,0.00603866
5760_dose_600_gradient_0_VconcST_0_Vconc_1.6_run_1.csv,5760.0,600.0,0,1.6,0.0,1.6,1,38.75,85099.1,184.173,33.1435,85099.1,0.0,0.999998,0.00603124
5760_dose_600_gradient_0_VconcST_0_Vconc_1.6_run_1.csv,5760.0,600.0,0,1.6,0.0,1.6,1,39.0,85626.6,180.523,33.3489,85626.6,0.0,0.999998,0.00605159
5760_dose_600_gradient_0_VconcST_0_Vconc_1.6_run_1.csv,5760.0,600.0,0,1.6,0.0,1.6,1,39.25,86135.1,176.945,33.547,86135.1,0.0,0.999998,0.00603124
5760_dose_600_gradient_0_VconcST_0_Vconc_1.6_run_1.csv,5760.0,600.0,0,1.6,0.0,1.6,1,39.5,86625.3,173.438,33.7379,86625.3,0.0,0.999998,0.00589904
5760_dose_600_gradient_0_VconcST_0_Vconc_1.6_run_1.csv,5760.0,600.0,0,1.6,0.0,1.6,1,39.75,87097.4,170.001,33.9217,87097.4,0.0,0.999998,0.00589366
5760_dose_600_gradient_0_VconcST_0_Vconc_1.6_run_1.csv,5760.0,600.0,0,1.6,0.0,1.6,1,40.0,87551.8,166.632,34.0987,87551.8,0.0,0.999998,0.00588747
5760_dose_600_gradient_0_VconcST_0_Vconc_1.6_run_1.csv,5760.0,600.0,0,1.6,0.0,1.6,1,40.25,87989.0,163.329,34.269,87989.0,0.0,0.999998,0.00588044
5760_dose_600_gradient_0_VconcST_0_Vconc_1.6_run_1.csv,5760.0,600.0,0,1.6,0.0,1.6,1,40.5,88409.3,160.092,34.4327,88409.3,0.0,0.999998,0.00589284
5760_dose_600_gradient_0_VconcST_0_Vconc_1.6_run_1.csv,5760.0,600.0,0,1.6,0.0,1.6,1,40.75,88813.0,156.919,34.5899,88813.0,0.0,0.999998,0.00574883
5760_dose_600_gradient_0_VconcST_0_Vconc_1.6_run_1.csv,5760.0,600.0,0,1.6,0.0,1.6,1,41.0,89200.5,153.809,34.7408,89200.5,0.0,0.999998,0.0057297
5760_dose_600_gradient_0_VconcST_0_Vconc_1.6_run_1.csv,5760.0,600.0,0,1.6,0.0,1.6,1,41.25,89572.2,150.761,34.8856,89572.2,0.0,0.999998,0.00573312
5760_dose_600_gradient_0_VconcST_0_Vconc_1.6_run_1.csv,5760.0,600.0,0,1.6,0.0,1.6,1,41.5,89928.5,147.773,35.0244,89928.5,0.0,0.999998,0.0057442
5760_dose_600_gradient_0_VconcST_0_Vconc_1.6_run_0.csv,5760.0,600.0,0,1.6,0.0,1.6,0,0.0,0.0,0.0,0.0,0.0,0.0,0.0,0.0
5760_dose_600_gradient_0_VconcST_0_Vconc_1.6_run_0.csv,5760.0,600.0,0,1.6,0.0,1.6,0,0.25,0.0,0.0,0.0,0.0,0.0,0.0,5622.05
5760_dose_600_gradient_0_VconcST_0_Vconc_1.6_run_0.csv,5760.0,600.0,0,1.6,0.0,1.6,0,0.5,0.0,0.0,0.0,0.0,0.0,0.0,60.078
5760_dose_600_gradient_0_VconcST_0_Vconc_1.6_run_0.csv,5760.0,600.0,0,1.6,0.0,1.6,0,0.75,0.0,0.0,0.0,0.0,0.0,0.0,5045.44
5760_dose_600_gradient_0_VconcST_0_Vconc_1.6_run_0.csv,5760.0,600.0,0,1.6,0.0,1.6,0,1.0,0.0,0.0,0.0,0.0,0.0,0.0,59.1974
5760_dose_600_gradient_0_VconcST_0_Vconc_1.6_run_0.csv,5760.0,600.0,0,1.6,0.0,1.6,0,1.25,0.0,0.0,0.0,0.0,0.0,0.0,5685.34
5760_dose_600_gradient_0_VconcST_0_Vconc_1.6_run_0.csv,5760.0,600.0,0,1.6,0.0,1.6,0,1.5,0.0,0.0,0.0,0.0,0.0,0.0,57.6622
5760_dose_600_gradient_0_VconcST_0_Vconc_1.6_run_0.csv,5760.0,600.0,0,1.6,0.0,1.6,0,1.75,0.0,0.0,0.0,0.0,0.0,0.0,6000.25
5760_dose_600_gradient_0_VconcST_0_Vconc_1.6_run_0.csv,5760.0,600.0,0,1.6,0.0,1.6,0,2.0,0.0,0.0,0.0,0.0,0.0,0.0,58.8633
5760_dose_600_gradient_0_VconcST_0_Vconc_1.6_run_0.csv,5760.0,600.0,0,1.6,0.0,1.6,0,2.25,0.0,0.0,0.0,0.0,0.0,0.0,6317.61
5760_dose_600_gradient_0_VconcST_0_Vconc_1.6_run_0.csv,5760.0,600.0,0,1.6,0.0,1.6,0,2.5,0.0,0.0,0.0,0.0,0.0,0.0,57.527
5760_dose_600_gradient_0_VconcST_0_Vconc_1.6_run_0.csv,5760.0,600.0,0,1.6,0.0,1.6,0,2.75,0.0,0.0,0.0,0.0,0.0,0.0,6194.5
5760_dose_600_gradient_0_VconcST_0_Vconc_1.6_run_0.csv,5760.0,600.0,0,1.6,0.0,1.6,0,3.0,0.0,0.0,0.0,0.0,0.0,0.0,57.2856
5760_dose_600_gradient_0_VconcST_0_Vconc_1.6_run_0.csv,5760.0,600.0,0,1.6,0.0,1.6,0,3.25,0.0,0.0,0.0,0.0,0.0,0.0,6848.35
5760_dose_600_gradient_0_VconcST_0_Vconc_1.6_run_0.csv,5760.0,600.0,0,1.6,0.0,1.6,0,3.5,0.0,0.0,0.0,0.0,0.0,0.0,58.002
5760_dose_600_gradient_0_VconcST_0_Vconc_1.6_run_0.csv,5760.0,600.0,0,1.6,0.0,1.6,0,3.75,0.0,0.0,0.0,0.0,0.0,0.0,6985.26
5760_dose_600_gradient_0_VconcST_0_Vconc_1.6_run_0.csv,5760.0,600.0,0,1.6,0.0,1.6,0,4.0,0.0,0.0,0.0,0.0,0.0,0.0,2643.6
5760_dose_600_gradient_0_VconcST_0_Vconc_1.6_run_0.csv,5760.0,600.0,0,1.6,0.0,1.6,0,4.25,0.0,0.0,0.0,0.0,0.0,0.0,157.104
5760_dose_600_gradient_0_VconcST_0_Vconc_1.6_run_0.csv,5760.0,600.0,0,1.6,0.0,1.6,0,4.5,0.0,0.0,0.0,0.0,0.0,0.0,3141.65
5760_dose_600_gradient_0_VconcST_0_Vconc_1.6_run_0.csv,5760.0,600.0,0,1.6,0.0,1.6,0,4.75,0.0,0.0,0.0,0.0,0.0,0.0,160.124
5760_dose_600_gradient_0_VconcST_0_Vconc_1.6_run_0.csv,5760.0,600.0,0,1.6,0.0,1.6,0,5.0,0.0,0.0,0.0,0.0,0.0,0.0,3509.98
5760_dose_600_gradient_0_VconcST_0_Vconc_1.6_run_0.csv,5760.0,600.0,0,1.6,0.0,1.6,0,5.25,0.0,0.0,0.0,0.0,0.0,0.0,148.601
5760_dose_600_gradient_0_VconcST_0_Vconc_1.6_run_0.csv,5760.0,600.0,0,1.6,0.0,1.6,0,5.5,0.0,0.0,0.0,0.0,0.0,0.0,3715.47
5760_dose_600_gradient_0_VconcST_0_Vconc_1.6_run_0.csv,5760.0,600.0,0,1.6,0.0,1.6,0,5.75,0.0,0.0,0.0,0.0,0.0,0.0,130.902
5760_dose_600_gradient_0_VconcST_0_Vconc_1.6_run_0.csv,5760.0,600.0,0,1.6,0.0,1.6,0,6.0,0.0,0.0,0.0,0.0,0.0,0.0,3994.64
5760_dose_600_gradient_0_VconcST_0_Vconc_1.6_run_0.csv,5760.0,600.0,0,1.6,0.0,1.6,0,6.25,0.0,0.0,0.0,0.0,0.0,0.0,79.4879
5760_dose_600_gradient_0_VconcST_0_Vconc_1.6_run_0.csv,5760.0,600.0,0,1.6,0.0,1.6,0,6.5,0.0,0.0,0.0,0.0,0.0,0.0,4385.68
5760_dose_600_gradient_0_VconcST_0_Vconc_1.6_run_0.csv,5760.0,600.0,0,1.6,0.0,1.6,0,6.75,0.0,0.0,0.0,0.0,0.0,0.0,64.1913
5760_dose_600_gradient_0_VconcST_0_Vconc_1.6_run_0.csv,5760.0,600.0,0,1.6,0.0,1.6,0,7.0,0.0,0.0,0.0,0.0,0.0,0.0,4556.94
5760_dose_600_gradient_0_VconcST_0_Vconc_1.6_run_0.csv,5760.0,600.0,0,1.6,0.0,1.6,0,7.25,0.0,0.0,0.0,0.0,0.0,0.0,62.463
5760_dose_600_gradient_0_VconcST_0_Vconc_1.6_run_0.csv,5760.0,600.0,0,1.6,0.0,1.6,0,7.5,0.0,0.0,0.0,0.0,0.0,0.0,5099.09
5760_dose_600_gradient_0_VconcST_0_Vconc_1.6_run_0.csv,5760.0,600.0,0,1.6,0.0,1.6,0,7.75,0.0,0.0,0.0,0.0,0.0,0.0,59.0062
5760_dose_600_gradient_0_VconcST_0_Vconc_1.6_run_0.csv,5760.0,600.0,0,1.6,0.0,1.6,0,8.0,0.0,0.0,0.0,0.0,0.0,0.0,5404.39
5760_dose_600_gradient_0_VconcST_0_Vconc_1.6_run_0.csv,5760.0,600.0,0,1.6,0.0,1.6,0,8.25,0.0,0.0,0.0,0.0,0.0,0.0,59.2399
5760_dose_600_gradient_0_VconcST_0_Vconc_1.6_run_0.csv,5760.0,600.0,0,1.6,0.0,1.6,0,8.5,0.0,0.0,0.0,0.0,0.0,0.0,5605.82
5760_dose_600_gradient_0_VconcST_0_Vconc_1.6_run_0.csv,5760.0,600.0,0,1.6,0.0,1.6,0,8.75,0.0,0.0,0.0,0.0,0.0,0.0,58.5775
5760_dose_600_gradient_0_VconcST_0_Vconc_1.6_run_0.csv,5760.0,600.0,0,1.6,0.0,1.6,0,9.0,0.0,0.0,0.0,0.0,0.0,0.0,5809.12
5760_dose_600_gradient_0_VconcST_0_Vconc_1.6_run_0.csv,5760.0,600.0,0,1.6,0.0,1.6,0,9.25,0.0,0.0,0.0,0.0,0.0,0.0,58.3574
5760_dose_600_gradient_0_VconcST_0_Vconc_1.6_run_0.csv,5760.0,600.0,0,1.6,0.0,1.6,0,9.5,0.0,0.0,0.0,0.0,0.0,0.0,6300.24
5760_dose_600_gradient_0_VconcST_0_Vconc_1.6_run_0.csv,5760.0,600.0,0,1.6,0.0,1.6,0,9.75,0.0,0.0,0.0,0.0,0.0,0.0,58.2724
5760_dose_600_gradient_0_VconcST_0_Vconc_1.6_run_0.csv,5760.0,600.0,0,1.6,0.0,1.6,0,10.0,0.0,0.0,0.0,0.0,0.0,0.0,6558.29
5760_dose_600_gradient_0_VconcST_0_Vconc_1.6_run_0.csv,5760.0,600.0,0,1.6,0.0,1.6,0,10.25,0.0,0.0,0.0,0.0,0.0,0.0,57.4999
5760_dose_600_gradient_0_VconcST_0_Vconc_1.6_run_0.csv,5760.0,600.0,0,1.6,0.0,1.6,0,10.5,0.0,0.0,0.0,0.0,0.0,0.0,6975.0
5760_dose_600_gradient_0_VconcST_0_Vconc_1.6_run_0.csv,5760.0,600.0,0,1.6,0.0,1.6,0,10.75,0.0,0.0,0.0,0.0,0.0,0.0,57.9982
5760_dose_600_gradient_0_VconcST_0_Vconc_1.6_run_0.csv,5760.0,600.0,0,1.6,0.0,1.6,0,11.0,0.0,0.0,0.0,0.0,0.0,0.0,7046.29
5760_dose_600_gradient_0_VconcST_0_Vconc_1.6_run_0.csv,5760.0,600.0,0,1.6,0.0,1.6,0,11.25,0.0,0.0,0.0,0.0,0.0,0.0,2641.96
5760_dose_600_gradient_0_VconcST_0_Vconc_1.6_run_0.csv,5760.0,600.0,0,1.6,0.0,1.6,0,11.5,0.0,0.0,0.0,0.0,0.0,0.0,150.998
5760_dose_600_gradient_0_VconcST_0_Vconc_1.6_run_0.csv,5760.0,600.0,0,1.6,0.0,1.6,0,11.75,0.0,0.0,0.0,0.0,0.0,0.0,3015.24
5760_dose_600_gradient_0_VconcST_0_Vconc_1.6_run_0.csv,5760.0,600.0,0,1.6,0.0,1.6,0,12.0,0.0,0.0,0.0,0.0,0.0,0.0,157.023
5760_dose_600_gradient_0_VconcST_0_Vconc_1.6_run_0.csv,5760.0,600.0,0,1.6,0.0,1.6,0,12.25,0.0,0.0,0.0,0.0,0.0,0.0,3455.3
5760_dose_600_gradient_0_VconcST_0_Vconc_1.6_run_0.csv,5760.0,600.0,0,1.6,0.0,1.6,0,12.5,0.0,0.0,0.0,0.0,0.0,0.0,163.077
5760_dose_600_gradient_0_VconcST_0_Vconc_1.6_run_0.csv,5760.0,600.0,0,1.6,0.0,1.6,0,12.75,0.0,0.0,0.0,0.0,0.0,0.0,3652.3
5760_dose_600_gradient_0_VconcST_0_Vconc_1.6_run_0.csv,5760.0,600.0,0,1.6,0.0,1.6,0,13.0,0.0,0.0,0.0,0.0,0.0,0.0,131.567
5760_dose_600_gradient_0_VconcST_0_Vconc_1.6_run_0.csv,5760.0,600.0,0,1.6,0.0,1.6,0,13.25,0.0,0.0,0.0,0.0,0.0,0.0,4075.91
5760_dose_600_gradient_0_VconcST_0_Vconc_1.6_run_0.csv,5760.0,600.0,0,1.6,0.0,1.6,0,13.5,0.0,0.0,0.0,0.0,0.0,0.0,76.3227
5760_dose_600_gradient_0_VconcST_0_Vconc_1.6_run_0.csv,5760.0,600.0,0,1.6,0.0,1.6,0,13.75,0.0,0.0,0.0,0.0,0.0,0.0,4483.07
5760_dose_600_gradient_0_VconcST_0_Vconc_1.6_run_0.csv,5760.0,600.0,0,1.6,0.0,1.6,0,14.0,0.0,0.0,0.0,0.0,0.0,0.0,62.857
5760_dose_600_gradient_0_VconcST_0_Vconc_1.6_run_0.csv,5760.0,600.0,0,1.6,0.0,1.6,0,14.25,0.0,0.0,0.0,0.0,0.0,0.0,4646.92
5760_dose_600_gradient_0_VconcST_0_Vconc_1.6_run_0.csv,5760.0,600.0,0,1.6,0.0,1.6,0,14.5,0.0,0.0,0.0,0.0,0.0,0.0,64.2087
5760_dose_600_gradient_0_VconcST_0_Vconc_1.6_run_0.csv,5760.0,600.0,0,1.6,0.0,1.6,0,14.75,0.0,0.0,0.0,0.0,0.0,0.0,4923.7
5760_dose_600_gradient_0_VconcST_0_Vconc_1.6_run_0.csv,5760.0,600.0,0,1.6,0.0,1.6,0,15.0,0.0,0.0,0.0,0.0,0.0,0.0,60.6207
5760_dose_600_gradient_0_VconcST_0_Vconc_1.6_run_0.csv,5760.0,600.0,0,1.6,0.0,1.6,0,15.25,0.0,0.0,0.0,0.0,0.0,0.0,5114.35
5760_dose_600_gradient_0_VconcST_0_Vconc_1.6_run_0.csv,5760.0,600.0,0,1.6,0.0,1.6,0,15.5,0.0,0.0,0.0,0.0,0.0,0.0,58.0638
5760_dose_600_gradient_0_VconcST_0_Vconc_1.6_run_0.csv,5760.0,600.0,0,1.6,0.0,1.6,0,15.75,0.0,0.0,0.0,0.0,0.0,0.0,5611.43
5760_dose_600_gradient_0_VconcST_0_Vconc_1.6_run_0.csv,5760.0,600.0,0,1.6,0.0,1.6,0,16.0,0.0,0.0,0.0,0.0,0.0,0.0,58.2724
5760_dose_600_gradient_0_VconcST_0_Vconc_1.6_run_0.csv,5760.0,600.0,0,1.6,0.0,1.6,0,16.25,0.0,0.0,0.0,0.0,0.0,0.0,5670.79
5760_dose_600_gradient_0_VconcST_0_Vconc_1.6_run_0.csv,5760.0,600.0,0,1.6,0.0,1.6,0,16.5,0.0,0.0,0.0,0.0,0.0,0.0,58.6412
5760_dose_600_gradient_0_VconcST_0_Vconc_1.6_run_0.csv,5760.0,600.0,0,1.6,0.0,1.6,0,16.75,0.0,0.0,0.0,0.0,0.0,0.0,6085.16
5760_dose_600_gradient_0_VconcST_0_Vconc_1.6_run_0.csv,5760.0,600.0,0,1.6,0.0,1.6,0,17.0,0.0,0.0,0.0,0.0,0.0,0.0,58.0523
5760_dose_600_gradient_0_VconcST_0_Vconc_1.6_run_0.csv,5760.0,600.0,0,1.6,0.0,1.6,0,17.25,0.0,0.0,0.0,0.0,0.0,0.0,6422.91
5760_dose_600_gradient_0_VconcST_0_Vconc_1.6_run_0.csv,5760.0,600.0,0,1.6,0.0,1.6,0,17.5,0.0,0.0,0.0,0.0,0.0,0.0,58.0928
5760_dose_600_gradient_0_VconcST_0_Vconc_1.6_run_0.csv,5760.0,600.0,0,1.6,0.0,1.6,0,17.75,0.0,0.0,0.0,0.0,0.0,0.0,6634.02
5760_dose_600_gradient_0_VconcST_0_Vconc_1.6_run_0.csv,5760.0,600.0,0,1.6,0.0,1.6,0,18.0,0.0,0.0,0.0,0.0,0.0,0.0,58.0117
5760_dose_600_gradient_0_VconcST_0_Vconc_1.6_run_0.csv,5760.0,600.0,0,1.6,0.0,1.6,0,18.25,0.0,0.0,0.0,0.0,0.0,0.0,6794.4
5760_dose_600_gradient_0_VconcST_0_Vconc_1.6_run_0.csv,5760.0,600.0,0,1.6,0.0,1.6,0,18.5,0.0,0.0,0.0,0.0,0.0,0.0,2720.27
5760_dose_600_gradient_0_VconcST_0_Vconc_1.6_run_0.csv,5760.0,600.0,0,1.6,0.0,1.6,0,18.75,0.0,0.0,0.0,0.0,0.0,0.0,156.289
5760_dose_600_gradient_0_VconcST_0_Vconc_1.6_run_0.csv,5760.0,600.0,0,1.6,0.0,1.6,0,19.0,0.0,0.0,0.0,0.0,0.00136719,0.0,3084.86
5760_dose_600_gradient_0_VconcST_0_Vconc_1.6_run_0.csv,5760.0,600.0,0,1.6,0.0,1.6,0,19.25,0.0,0.0,0.0,0.0,0.0,0.0,155.453
5760_dose_600_gradient_0_VconcST_0_Vconc_1.6_run_0.csv,5760.0,600.0,0,1.6,0.0,1.6,0,19.5,0.0,0.0,0.0,0.0,0.0,0.0,3477.03
5760_dose_600_gradient_0_VconcST_0_Vconc_1.6_run_0.csv,5760.0,600.0,0,1.6,0.0,1.6,0,19.75,0.0,0.0,0.0,0.0,0.0,0.0,148.58
5760_dose_600_gradient_0_VconcST_0_Vconc_1.6_run_0.csv,5760.0,600.0,0,1.6,0.0,1.6,0,20.0,0.0,0.0,0.0,0.0,0.0,0.0,3792.35
5760_dose_600_gradient_0_VconcST_0_Vconc_1.6_run_0.csv,5760.0,600.0,0,1.6,0.0,1.6,0,20.25,0.0,0.0,0.0,0.0,0.0,0.0,133.0
5760_dose_600_gradient_0_VconcST_0_Vconc_1.6_run_0.csv,5760.0,600.0,0,1.6,0.0,1.6,0,20.5,0.0,0.0,0.0,0.0,0.0,0.0,4095.4
5760_dose_600_gradient_0_VconcST_0_Vconc_1.6_run_0.csv,5760.0,600.0,0,1.6,0.0,1.6,0,20.75,0.0,0.0,0.0,0.0,0.0,0.0,86.0306
5760_dose_600_gradient_0_VconcST_0_Vconc_1.6_run_0.csv,5760.0,600.0,0,1.6,0.0,1.6,0,21.0,0.0,0.0,0.0,0.0,0.0,0.0,4402.14
5760_dose_600_gradient_0_VconcST_0_Vconc_1.6_run_0.csv,5760.0,600.0,0,1.6,0.0,1.6,0,21.25,0.0,0.0,0.0,0.0,0.0,0.0,67.1498
5760_dose_600_gradient_0_VconcST_0_Vconc_1.6_run_0.csv,5760.0,600.0,0,1.6,0.0,1.6,0,21.5,0.0,0.0,0.0,0.0,0.0,0.0,4763.2
5760_dose_600_gradient_0_VconcST_0_Vconc_1.6_run_0.csv,5760.0,600.0,0,1.6,0.0,1.6,0,21.75,0.0,0.0,0.0,0.0,0.0,0.0,62.7585
5760_dose_600_gradient_0_VconcST_0_Vconc_1.6_run_0.csv,5760.0,600.0,0,1.6,0.0,1.6,0,22.0,0.0,0.0,0.0,0.0,0.0,0.0,5154.41
5760_dose_600_gradient_0_VconcST_0_Vconc_1.6_run_0.csv,5760.0,600.0,0,1.6,0.0,1.6,0,22.25,0.0,0.0,0.0,0.0,0.0,0.0,58.8633
5760_dose_600_gradient_0_VconcST_0_Vconc_1.6_run_0.csv,5760.0,600.0,0,1.6,0.0,1.6,0,22.5,0.0,0.0,0.0,0.0,0.0,0.0,5344.89
5760_dose_600_gradient_0_VconcST_0_Vconc_1.6_run_0.csv,5760.0,600.0,0,1.6,0.0,1.6,0,22.75,0.0,0.0,0.0,0.0,0.0,0.0,59.1627
5760_dose_600_gradient_0_VconcST_0_Vconc_1.6_run_0.csv,5760.0,600.0,0,1.6,0.0,1.6,0,23.0,0.0,0.0,0.0,0.0,0.0,0.0,5579.83
5760_dose_600_gradient_0_VconcST_0_Vconc_1.6_run_0.csv,5760.0,600.0,0,1.6,0.0,1.6,0,23.25,0.0,0.0,0.0,0.0,0.0,0.0,57.946
5760_dose_600_gradient_0_VconcST_0_Vconc_1.6_run_0.csv,5760.0,600.0,0,1.6,0.0,1.6,0,23.5,0.0,0.0,0.0,0.0,0.0,0.0,6124.84
5760_dose_600_gradient_0_VconcST_0_Vconc_1.6_run_0.csv,5760.0,600.0,0,1.6,0.0,1.6,0,23.75,0.0,0.0,0.0,0.0,0.0,0.0,57.6371
5760_dose_600_gradient_0_VconcST_0_Vconc_1.6_run_0.csv,5760.0,600.0,0,1.6,0.0,1.6,0,24.0,46.7175,600.0,0.018195,46.7175,0.0,0.0,6272.12
5760_dose_600_gradient_0_VconcST_0_Vconc_1.6_run_0.csv,5760.0,600.0,0,1.6,0.0,1.6,0,24.25,2816.07,588.109,1.09677,2816.07,0.0,0.999928,0.00739343
5760_dose_600_gradient_0_VconcST_0_Vconc_1.6_run_0.csv,5760.0,600.0,0,1.6,0.0,1.6,0,24.5,5520.02,576.453,2.14988,5520.02,0.0,0.999963,0.120406
5760_dose_600_gradient_0_VconcST_0_Vconc_1.6_run_0.csv,5760.0,600.0,0,1.6,0.0,1.6,0,24.75,8159.93,565.029,3.17804,8159.93,0.0,0.999975,0.0738162
5760_dose_600_gradient_0_VconcST_0_Vconc_1.6_run_0.csv,5760.0,600.0,0,1.6,0.0,1.6,0,25.0,10737.1,553.83,4.18176,10737.1,0.0,0.999981,0.0533748
5760_dose_600_gradient_0_VconcST_0_Vconc_1.6_run_0.csv,5760.0,600.0,0,1.6,0.0,1.6,0,25.25,13252.8,542.853,5.16155,13252.8,0.0,0.999985,0.0422354
5760_dose_600_gradient_0_VconcST_0_Vconc_1.6_run_0.csv,5760.0,600.0,0,1.6,0.0,1.6,0,25.5,15708.3,532.094,6.11789,15708.3,0.0,0.999987,0.0348861
5760_dose_600_gradient_0_VconcST_0_Vconc_1.6_run_0.csv,5760.0,600.0,0,1.6,0.0,1.6,0,25.75,18104.8,521.549,7.05126,18104.8,0.0,0.999989,0.0297033
5760_dose_600_gradient_0_VconcST_0_Vconc_1.6_run_0.csv,5760.0,600.0,0,1.6,0.0,1.6,0,26.0,20443.6,511.213,7.96213,20443.6,0.0,0.99999,0.0260848
5760_dose_600_gradient_0_VconcST_0_Vconc_1.6_run_0.csv,5760.0,600.0,0,1.6,0.0,1.6,0,26.25,22725.7,501.081,8.85097,22725.7,0.0,0.999991,0.0233963
5760_dose_600_gradient_0_VconcST_0_Vconc_1.6_run_0.csv,5760.0,600.0,0,1.6,0.0,1.6,0,26.5,24952.5,491.15,9.71822,24952.5,0.0,0.999992,0.0211447
5760_dose_600_gradient_0_VconcST_0_Vconc_1.6_run_0.csv,5760.0,600.0,0,1.6,0.0,1.6,0,26.75,27124.9,481.416,10.5643,27124.9,0.0,0.999993,0.019333
5760_dose_600_gradient_0_VconcST_0_Vconc_1.6_run_0.csv,5760.0,600.0,0,1.6,0.0,1.6,0,27.0,29244.3,471.875,11.3897,29244.3,0.0,0.999993,0.0178045
5760_dose_600_gradient_0_VconcST_0_Vconc_1.6_run_0.csv,5760.0,600.0,0,1.6,0.0,1.6,0,27.25,31311.5,462.523,12.1949,31311.5,0.0,0.999994,0.0165992
5760_dose_600_gradient_0_VconcST_0_Vconc_1.6_run_0.csv,5760.0,600.0,0,1.6,0.0,1.6,0,27.5,33327.7,453.356,12.9801,33327.7,0.0,0.999994,0.0155303
5760_dose_600_gradient_0_VconcST_0_Vconc_1.6_run_0.csv,5760.0,600.0,0,1.6,0.0,1.6,0,27.75,35294.0,444.371,13.7459,35294.0,0.0,0.999994,0.0146328
5760_dose_600_gradient_0_VconcST_0_Vconc_1.6_run_0.csv,5760.0,600.0,0,1.6,0.0,1.6,0,28.0,37211.3,435.564,14.4926,37211.3,0.0,0.999995,0.0138717
5760_dose_600_gradient_0_VconcST_0_Vconc_1.6_run_0.csv,5760.0,600.0,0,1.6,0.0,1.6,0,28.25,39080.7,426.932,15.2207,39080.7,0.0,0.999995,0.0132766
5760_dose_600_gradient_0_VconcST_0_Vconc_1.6_run_0.csv,5760.0,600.0,0,1.6,0.0,1.6,0,28.5,40903.2,418.471,15.9305,40903.2,0.0,0.999995,0.0125235
5760_dose_600_gradient_0_VconcST_0_Vconc_1.6_run_0.csv,5760.0,600.0,0,1.6,0.0,1.6,0,28.75,42679.7,410.177,16.6224,42679.7,0.0,0.999995,0.0120879
5760_dose_600_gradient_0_VconcST_0_Vconc_1.6_run_0.csv,5760.0,600.0,0,1.6,0.0,1.6,0,29.0,44411.2,402.048,17.2968,44411.2,0.0,0.999996,0.0116383
5760_dose_600_gradient_0_VconcST_0_Vconc_1.6_run_0.csv,5760.0,600.0,0,1.6,0.0,1.6,0,29.25,46098.6,394.08,17.954,46098.6,0.0,0.999996,0.0111644
5760_dose_600_gradient_0_VconcST_0_Vconc_1.6_run_0.csv,5760.0,600.0,0,1.6,0.0,1.6,0,29.5,47742.8,386.27,18.5943,47742.8,0.0,0.999996,0.0107164
5760_dose_600_gradient_0_VconcST_0_Vconc_1.6_run_0.csv,5760.0,600.0,0,1.6,0.0,1.6,0,29.75,49344.8,378.614,19.2183,49344.8,0.0,0.999996,0.0104174
5760_dose_600_gradient_0_VconcST_0_Vconc_1.6_run_0.csv,5760.0,600.0,0,1.6,0.0,1.6,0,30.0,50905.4,371.11,19.8261,50905.4,0.0,0.999996,0.0101023
5760_dose_600_gradient_0_VconcST_0_Vconc_1.6_run_0.csv,5760.0,600.0,0,1.6,0.0,1.6,0,30.25,52425.4,363.755,20.4181,52425.4,0.0,0.999996,0.00980073
5760_dose_600_gradient_0_VconcST_0_Vconc_1.6_run_0.csv,5760.0,600.0,0,1.6,0.0,1.6,0,30.5,53905.6,356.546,20.9946,53905.6,0.0,0.999996,0.00951251
5760_dose_600_gradient_0_VconcST_0_Vconc_1.6_run_0.csv,5760.0,600.0,0,1.6,0.0,1.6,0,30.75,55347.0,349.48,21.5559,55347.0,0.0,0.999996,0.00920695
5760_dose_600_gradient_0_VconcST_0_Vconc_1.6_run_0.csv,5760.0,600.0,0,1.6,0.0,1.6,0,31.0,56750.3,342.554,22.1025,56750.3,0.0,0.999996,0.00905863
5760_dose_600_gradient_0_VconcST_0_Vconc_1.6_run_0.csv,5760.0,600.0,0,1.6,0.0,1.6,0,31.25,58116.3,335.765,22.6345,58116.3,0.0,0.999997,0.00876098
5760_dose_600_gradient_0_VconcST_0_Vconc_1.6_run_0.csv,5760.0,600.0,0,1.6,0.0,1.6,0,31.5,59445.8,329.11,23.1523,59445.8,0.0,0.999997,0.00861109
5760_dose_600_gradient_0_VconcST_0_Vconc_1.6_run_0.csv,5760.0,600.0,0,1.6,0.0,1.6,0,31.75,60739.5,322.588,23.6562,60739.5,0.0,0.999997,0.00846511
5760_dose_600_gradient_0_VconcST_0_Vconc_1.6_run_0.csv,5760.0,600.0,0,1.6,0.0,1.6,0,32.0,61998.2,316.194,24.1464,61998.2,0.0,0.999997,0.00814215
5760_dose_600_gradient_0_VconcST_0_Vconc_1.6_run_0.csv,5760.0,600.0,0,1.6,0.0,1.6,0,32.25,63222.6,309.928,24.6233,63222.6,0.0,0.999997,0.0080186
5760_dose_600_gradient_0_VconcST_0_Vconc_1.6_run_0.csv,5760.0,600.0,0,1.6,0.0,1.6,0,32.5,64413.5,303.785,25.0871,64413.5,0.0,0.999997,0.00786539
5760_dose_600_gradient_0_VconcST_0_Vconc_1.6_run_0.csv,5760.0,600.0,0,1.6,0.0,1.6,0,32.75,65571.4,297.765,25.538,65571.4,0.0,0.999997,0.00769687
5760_dose_600_gradient_0_VconcST_0_Vconc_1.6_run_0.csv,5760.0,600.0,0,1.6,0.0,1.6,0,33.0,66697.3,291.863,25.9765,66697.3,0.0,0.999997,0.00784059
5760_dose_600_gradient_0_VconcST_0_Vconc_1.6_run_0.csv,5760.0,600.0,0,1.6,0.0,1.6,0,33.25,67791.5,286.079,26.4027,67791.5,0.0,0.999997,0.00771038
5760_dose_600_gradient_0_VconcST_0_Vconc_1.6_run_0.csv,5760.0,600.0,0,1.6,0.0,1.6,0,33.5,68855.0,280.409,26.8169,68855.0,0.0,0.999997,0.00753905
5760_dose_600_gradient_0_VconcST_0_Vconc_1.6_run_0.csv,5760.0,600.0,0,1.6,0.0,1.6,0,33.75,69888.3,274.852,27.2193,69888.3,0.0,0.999997,0.00738821
5760_dose_600_gradient_0_VconcST_0_Vconc_1.6_run_0.csv,5760.0,600.0,0,1.6,0.0,1.6,0,34.0,70892.0,269.405,27.6102,70892.0,0.0,0.999997,0.00726672
5760_dose_600_gradient_0_VconcST_0_Vconc_1.6_run_0.csv,5760.0,600.0,0,1.6,0.0,1.6,0,34.25,71866.7,264.066,27.9898,71866.7,0.0,0.999997,0.00724841
5760_dose_600_gradient_0_VconcST_0_Vconc_1.6_run_0.csv,5760.0,600.0,0,1.6,0.0,1.6,0,34.5,72813.1,258.832,28.3584,72813.1,0.0,0.999997,0.00708666
5760_dose_600_gradient_0_VconcST_0_Vconc_1.6_run_0.csv,5760.0,600.0,0,1.6,0.0,1.6,0,34.75,73731.7,253.702,28.7162,73731.7,0.0,0.999997,0.00695276
5760_dose_600_gradient_0_VconcST_0_Vconc_1.6_run_0.csv,5760.0,600.0,0,1.6,0.0,1.6,0,35.0,74623.2,248.674,29.0634,74623.2,0.0,0.999997,0.00693935
5760_dose_600_gradient_0_VconcST_0_Vconc_1.6_run_0.csv,5760.0,600.0,0,1.6,0.0,1.6,0,35.25,75488.1,243.746,29.4003,75488.1,0.0,0.999997,0.00679612
5760_dose_600_gradient_0_VconcST_0_Vconc_1.6_run_0.csv,5760.0,600.0,0,1.6,0.0,1.6,0,35.5,76326.9,238.915,29.727,76326.9,0.0,0.999997,0.00680661
5760_dose_600_gradient_0_VconcST_0_Vconc_1.6_run_0.csv,5760.0,600.0,0,1.6,0.0,1.6,0,35.75,77140.3,234.18,30.0437,77140.3,0.0,0.999997,0.00664647
5760_dose_600_gradient_0_VconcST_0_Vconc_1.6_run_0.csv,5760.0,600.0,0,1.6,0.0,1.6,0,36.0,77928.7,229.539,30.3508,77928.7,0.0,0.999997,0.00663435
5760_dose_600_gradient_0_VconcST_0_Vconc_1.6_run_0.csv,5760.0,600.0,0,1.6,0.0,1.6,0,36.25,78692.7,224.99,30.6484,78692.7,0.0,0.999997,0.00664717
5760_dose_600_gradient_0_VconcST_0_Vconc_1.6_run_0.csv,5760.0,600.0,0,1.6,0.0,1.6,0,36.5,79432.9,220.531,30.9366,79432.9,0.0,0.999997,0.00648679
5760_dose_600_gradient_0_VconcST_0_Vconc_1.6_run_0.csv,5760.0,600.0,0,1.6,0.0,1.6,0,36.75,80149.6,216.16,31.2158,80149.6,0.0,0.999997,0.00648884
5760_dose_600_gradient_0_VconcST_0_Vconc_1.6_run_0.csv,5760.0,600.0,0,1.6,0.0,1.6,0,37.0,80843.5,211.876,31.486,80843.5,0.0,0.999997,0.00634571
5760_dose_600_gradient_0_VconcST_0_Vconc_1.6_run_0.csv,5760.0,600.0,0,1.6,0.0,1.6,0,37.25,81514.9,207.677,31.7475,81514.9,0.0,0.999997,0.00633859
5760_dose_600_gradient_0_VconcST_0_Vconc_1.6_run_0.csv,5760.0,600.0,0,1.6,0.0,1.6,0,37.5,82164.5,203.561,32.0005,82164.5,0.0,0.999998,0.00633281
5760_dose_600_gradient_0_VconcST_0_Vconc_1.6_run_0.csv,5760.0,600.0,0,1.6,0.0,1.6,0,37.75,82792.5,199.527,32.2451,82792.5,0.0,0.999998,0.00619028
5760_dose_600_gradient_0_VconcST_0_Vconc_1.6_run_0.csv,5760.0,600.0,0,1.6,0.0,1.6,0,38.0,83399.6,195.572,32.4815,83399.6,0.0,0.999998,0.00619267
5760_dose_600_gradient_0_VconcST_0_Vconc_1.6_run_0.csv,5760.0,600.0,0,1.6,0.0,1.6,0,38.25,83986.0,191.696,32.71,83986.0,0.0,0.999998,0.00619506
5760_dose_600_gradient_0_VconcST_0_Vconc_1.6_run_0.csv,5760.0,600.0,0,1.6,0.0,1.6,0,38.5,84552.4,187.897,32.9306,84552.4,0.0,0.999998,0.00604396
5760_dose_600_gradient_0_VconcST_0_Vconc_1.6_run_0.csv,5760.0,600.0,0,1.6,0.0,1.6,0,38.75,85099.1,184.173,33.1435,85099.1,0.0,0.999998,0.00603972
5760_dose_600_gradient_0_VconcST_0_Vconc_1.6_run_0.csv,5760.0,600.0,0,1.6,0.0,1.6,0,39.0,85626.6,180.523,33.3489,85626.6,0.0,0.999998,0.00604523
5760_dose_600_gradient_0_VconcST_0_Vconc_1.6_run_0.csv,5760.0,600.0,0,1.6,0.0,1.6,0,39.25,86135.1,176.945,33.547,86135.1,0.0,0.999998,0.00603124
5760_dose_600_gradient_0_VconcST_0_Vconc_1.6_run_0.csv,5760.0,600.0,0,1.6,0.0,1.6,0,39.5,86625.3,173.438,33.7379,86625.3,0.0,0.999998,0.00589842
5760_dose_600_gradient_0_VconcST_0_Vconc_1.6_run_0.csv,5760.0,600.0,0,1.6,0.0,1.6,0,39.75,87097.4,170.001,33.9217,87097.4,0.0,0.999998,0.00588044
5760_dose_600_gradient_0_VconcST_0_Vconc_1.6_run_0.csv,5760.0,600.0,0,1.6,0.0,1.6,0,40.0,87551.8,166.632,34.0987,87551.8,0.0,0.999998,0.00588333
5760_dose_600_gradient_0_VconcST_0_Vconc_1.6_run_0.csv,5760.0,600.0,0,1.6,0.0,1.6,0,40.25,87989.0,163.329,34.269,87989.0,0.0,0.999998,0.00588044
5760_dose_600_gradient_0_VconcST_0_Vconc_1.6_run_0.csv,5760.0,600.0,0,1.6,0.0,1.6,0,40.5,88409.3,160.092,34.4327,88409.3,0.0,0.999998,0.00588995
5760_dose_600_gradient_0_VconcST_0_Vconc_1.6_run_0.csv,5760.0,600.0,0,1.6,0.0,1.6,0,40.75,88813.0,156.919,34.5899,88813.0,0.0,0.999998,0.0057297
5760_dose_600_gradient_0_VconcST_0_Vconc_1.6_run_0.csv,5760.0,600.0,0,1.6,0.0,1.6,0,41.0,89200.5,153.809,34.7408,89200.5,0.0,0.999998,0.00573795
5760_dose_600_gradient_0_VconcST_0_Vconc_1.6_run_0.csv,5760.0,600.0,0,1.6,0.0,1.6,0,41.25,89572.2,150.761,34.8856,89572.2,0.0,0.999998,0.0057297
5760_dose_600_gradient_0_VconcST_0_Vconc_1.6_run_0.csv,5760.0,600.0,0,1.6,0.0,1.6,0,41.5,89928.5,147.773,35.0244,89928.5,0.0,0.999998,0.0057297
5760_dose_600_gradient_0_VconcST_0_Vconc_2.4_run_1.csv,5760.0,600.0,0,2.4,0.0,2.4,1,0.0,0.0,0.0,0.0,0.0,0.0,0.0,0.0
5760_dose_600_gradient_0_VconcST_0_Vconc_2.4_run_1.csv,5760.0,600.0,0,2.4,0.0,2.4,1,0.25,0.0,0.0,0.0,0.0,0.0,0.0,9681.96
5760_dose_600_gradient_0_VconcST_0_Vconc_2.4_run_1.csv,5760.0,600.0,0,2.4,0.0,2.4,1,0.5,0.0,0.0,0.0,0.0,0.0,0.0,93.9927
5760_dose_600_gradient_0_VconcST_0_Vconc_2.4_run_1.csv,5760.0,600.0,0,2.4,0.0,2.4,1,0.75,0.0,0.0,0.0,0.0,0.0,0.0,10000.0
5760_dose_600_gradient_0_VconcST_0_Vconc_2.4_run_1.csv,5760.0,600.0,0,2.4,0.0,2.4,1,1.0,0.0,0.0,0.0,0.0,0.0,0.0,91.7623
5760_dose_600_gradient_0_VconcST_0_Vconc_2.4_run_1.csv,5760.0,600.0,0,2.4,0.0,2.4,1,1.25,0.0,0.0,0.0,0.0,0.0,0.0,10000.0
5760_dose_600_gradient_0_VconcST_0_Vconc_2.4_run_1.csv,5760.0,600.0,0,2.4,0.0,2.4,1,1.5,0.0,0.0,0.0,0.0,0.0,0.0,87.7561
5760_dose_600_gradient_0_VconcST_0_Vconc_2.4_run_1.csv,5760.0,600.0,0,2.4,0.0,2.4,1,1.75,0.0,0.0,0.0,0.0,0.0,0.0,10000.0
5760_dose_600_gradient_0_VconcST_0_Vconc_2.4_run_1.csv,5760.0,600.0,0,2.4,0.0,2.4,1,2.0,0.0,0.0,0.0,0.0,0.0,0.0,90.4008
5760_dose_600_gradient_0_VconcST_0_Vconc_2.4_run_1.csv,5760.0,600.0,0,2.4,0.0,2.4,1,2.25,0.0,0.0,0.0,0.0,0.0,0.0,10000.0
5760_dose_600_gradient_0_VconcST_0_Vconc_2.4_run_1.csv,5760.0,600.0,0,2.4,0.0,2.4,1,2.5,0.0,0.0,0.0,0.0,0.0,0.0,88.6801
5760_dose_600_gradient_0_VconcST_0_Vconc_2.4_run_1.csv,5760.0,600.0,0,2.4,0.0,2.4,1,2.75,0.0,0.0,0.0,0.0,0.0,0.0,10000.0
5760_dose_600_gradient_0_VconcST_0_Vconc_2.4_run_1.csv,5760.0,600.0,0,2.4,0.0,2.4,1,3.0,0.0,0.0,0.0,0.0,0.0,0.0,90.1893
5760_dose_600_gradient_0_VconcST_0_Vconc_2.4_run_1.csv,5760.0,600.0,0,2.4,0.0,2.4,1,3.25,0.0,0.0,0.0,0.0,0.0,0.0,10000.0
5760_dose_600_gradient_0_VconcST_0_Vconc_2.4_run_1.csv,5760.0,600.0,0,2.4,0.0,2.4,1,3.5,0.0,0.0,0.0,0.0,0.000648872,0.0,88.7467
5760_dose_600_gradient_0_VconcST_0_Vconc_2.4_run_1.csv,5760.0,600.0,0,2.4,0.0,2.4,1,3.75,0.0,0.0,0.0,0.0,0.0,0.0,10000.0
5760_dose_600_gradient_0_VconcST_0_Vconc_2.4_run_1.csv,5760.0,600.0,0,2.4,0.0,2.4,1,4.0,0.0,0.0,0.0,0.0,0.0,0.0,90.2327
5760_dose_600_gradient_0_VconcST_0_Vconc_2.4_run_1.csv,5760.0,600.0,0,2.4,0.0,2.4,1,4.25,0.0,0.0,0.0,0.0,0.0,0.0,10000.0
5760_dose_600_gradient_0_VconcST_0_Vconc_2.4_run_1.csv,5760.0,600.0,0,2.4,0.0,2.4,1,4.5,0.0,0.0,0.0,0.0,0.0,0.0,3725.58
5760_dose_600_gradient_0_VconcST_0_Vconc_2.4_run_1.csv,5760.0,600.0,0,2.4,0.0,2.4,1,4.75,0.0,0.0,0.0,0.0,0.0,0.0,285.749
5760_dose_600_gradient_0_VconcST_0_Vconc_2.4_run_1.csv,5760.0,600.0,0,2.4,0.0,2.4,1,5.0,0.0,0.0,0.0,0.0,0.0,0.0,4414.27
5760_dose_600_gradient_0_VconcST_0_Vconc_2.4_run_1.csv,5760.0,600.0,0,2.4,0.0,2.4,1,5.25,0.0,0.0,0.0,0.0,0.0,0.0,287.192
5760_dose_600_gradient_0_VconcST_0_Vconc_2.4_run_1.csv,5760.0,600.0,0,2.4,0.0,2.4,1,5.5,0.0,0.0,0.0,0.0,0.0,0.0,5004.25
5760_dose_600_gradient_0_VconcST_0_Vconc_2.4_run_1.csv,5760.0,600.0,0,2.4,0.0,2.4,1,5.75,0.0,0.0,0.0,0.0,0.0,0.0,292.224
5760_dose_600_gradient_0_VconcST_0_Vconc_2.4_run_1.csv,5760.0,600.0,0,2.4,0.0,2.4,1,6.0,0.0,0.0,0.0,0.0,0.0,0.0,5706.77
5760_dose_600_gradient_0_VconcST_0_Vconc_2.4_run_1.csv,5760.0,600.0,0,2.4,0.0,2.4,1,6.25,0.0,0.0,0.0,0.0,0.0,0.0,286.804
5760_dose_600_gradient_0_VconcST_0_Vconc_2.4_run_1.csv,5760.0,600.0,0,2.4,0.0,2.4,1,6.5,0.0,0.0,0.0,0.0,0.0,0.0,6373.13
5760_dose_600_gradient_0_VconcST_0_Vconc_2.4_run_1.csv,5760.0,600.0,0,2.4,0.0,2.4,1,6.75,0.0,0.0,0.0,0.0,0.0,0.0,205.768
5760_dose_600_gradient_0_VconcST_0_Vconc_2.4_run_1.csv,5760.0,600.0,0,2.4,0.0,2.4,1,7.0,0.0,0.0,0.0,0.0,0.0,0.0,6985.15
5760_dose_600_gradient_0_VconcST_0_Vconc_2.4_run_1.csv,5760.0,600.0,0,2.4,0.0,2.4,1,7.25,0.0,0.0,0.0,0.0,0.0,0.0,134.28
5760_dose_600_gradient_0_VconcST_0_Vconc_2.4_run_1.csv,5760.0,600.0,0,2.4,0.0,2.4,1,7.5,0.0,0.0,0.0,0.0,0.0,0.0,7744.17
5760_dose_600_gradient_0_VconcST_0_Vconc_2.4_run_1.csv,5760.0,600.0,0,2.4,0.0,2.4,1,7.75,0.0,0.0,0.0,0.0,0.0,0.0,111.46
5760_dose_600_gradient_0_VconcST_0_Vconc_2.4_run_1.csv,5760.0,600.0,0,2.4,0.0,2.4,1,8.0,0.0,0.0,0.0,0.0,0.0,0.0,8542.8
5760_dose_600_gradient_0_VconcST_0_Vconc_2.4_run_1.csv,5760.0,600.0,0,2.4,0.0,2.4,1,8.25,0.0,0.0,0.0,0.0,0.0,0.0,107.031
5760_dose_600_gradient_0_VconcST_0_Vconc_2.4_run_1.csv,5760.0,600.0,0,2.4,0.0,2.4,1,8.5,0.0,0.0,0.0,0.0,0.0,0.0,9124.25
5760_dose_600_gradient_0_VconcST_0_Vconc_2.4_run_1.csv,5760.0,600.0,0,2.4,0.0,2.4,1,8.75,0.0,0.0,0.0,0.0,0.0,0.0,97.5673
5760_dose_600_gradient_0_VconcST_0_Vconc_2.4_run_1.csv,5760.0,600.0,0,2.4,0.0,2.4,1,9.0,0.0,0.0,0.0,0.0,0.0,0.0,9713.72
5760_dose_600_gradient_0_VconcST_0_Vconc_2.4_run_1.csv,5760.0,600.0,0,2.4,0.0,2.4,1,9.25,0.0,0.0,0.0,0.0,0.0,0.0,91.5971
5760_dose_600_gradient_0_VconcST_0_Vconc_2.4_run_1.csv,5760.0,600.0,0,2.4,0.0,2.4,1,9.5,0.0,0.0,0.0,0.0,0.0,0.0,10000.0
5760_dose_600_gradient_0_VconcST_0_Vconc_2.4_run_1.csv,5760.0,600.0,0,2.4,0.0,2.4,1,9.75,0.0,0.0,0.0,0.0,0.0,0.0,90.7223
5760_dose_600_gradient_0_VconcST_0_Vconc_2.4_run_1.csv,5760.0,600.0,0,2.4,0.0,2.4,1,10.0,0.0,0.0,0.0,0.0,0.0,0.0,10000.0
5760_dose_600_gradient_0_VconcST_0_Vconc_2.4_run_1.csv,5760.0,600.0,0,2.4,0.0,2.4,1,10.25,0.0,0.0,0.0,0.0,0.0,0.0,90.3457
5760_dose_600_gradient_0_VconcST_0_Vconc_2.4_run_1.csv,5760.0,600.0,0,2.4,0.0,2.4,1,10.5,0.0,0.0,0.0,0.0,0.0,0.0,10000.0
5760_dose_600_gradient_0_VconcST_0_Vconc_2.4_run_1.csv,5760.0,600.0,0,2.4,0.0,2.4,1,10.75,0.0,0.0,0.0,0.0,0.0,0.0,88.7496
5760_dose_600_gradient_0_VconcST_0_Vconc_2.4_run_1.csv,5760.0,600.0,0,2.4,0.0,2.4,1,11.0,0.0,0.0,0.0,0.0,0.0,0.0,10000.0
5760_dose_600_gradient_0_VconcST_0_Vconc_2.4_run_1.csv,5760.0,600.0,0,2.4,0.0,2.4,1,11.25,0.0,0.0,0.0,0.0,0.0,0.0,86.9247
5760_dose_600_gradient_0_VconcST_0_Vconc_2.4_run_1.csv,5760.0,600.0,0,2.4,0.0,2.4,1,11.5,0.0,0.0,0.0,0.0,0.0,0.0,10000.0
5760_dose_600_gradient_0_VconcST_0_Vconc_2.4_run_1.csv,5760.0,600.0,0,2.4,0.0,2.4,1,11.75,0.0,0.0,0.0,0.0,0.0,0.0,89.4767
5760_dose_600_gradient_0_VconcST_0_Vconc_2.4_run_1.csv,5760.0,600.0,0,2.4,0.0,2.4,1,12.0,0.0,0.0,0.0,0.0,0.0,0.0,10000.0
5760_dose_600_gradient_0_VconcST_0_Vconc_2.4_run_1.csv,5760.0,600.0,0,2.4,0.0,2.4,1,12.25,0.0,0.0,0.0,0.0,0.0,0.0,89.0306
5760_dose_600_gradient_0_VconcST_0_Vconc_2.4_run_1.csv,5760.0,600.0,0,2.4,0.0,2.4,1,12.5,0.0,0.0,0.0,0.0,0.0,0.0,10000.0
5760_dose_600_gradient_0_VconcST_0_Vconc_2.4_run_1.csv,5760.0,600.0,0,2.4,0.0,2.4,1,12.75,0.0,0.0,0.0,0.0,0.0,0.0,3592.38
5760_dose_600_gradient_0_VconcST_0_Vconc_2.4_run_1.csv,5760.0,600.0,0,2.4,0.0,2.4,1,13.0,0.0,0.0,0.0,0.0,0.0,0.0,286.873
5760_dose_600_gradient_0_VconcST_0_Vconc_2.4_run_1.csv,5760.0,600.0,0,2.4,0.0,2.4,1,13.25,0.0,0.0,0.0,0.0,0.0,0.0,4344.37
5760_dose_600_gradient_0_VconcST_0_Vconc_2.4_run_1.csv,5760.0,600.0,0,2.4,0.0,2.4,1,13.5,0.0,0.0,0.0,0.0,0.0,0.0,287.25
5760_dose_600_gradient_0_VconcST_0_Vconc_2.4_run_1.csv,5760.0,600.0,0,2.4,0.0,2.4,1,13.75,0.0,0.0,0.0,0.0,0.0,0.0,4851.33
5760_dose_600_gradient_0_VconcST_0_Vconc_2.4_run_1.csv,5760.0,600.0,0,2.4,0.0,2.4,1,14.0,0.0,0.0,0.0,0.0,0.0,0.0,293.782
5760_dose_600_gradient_0_VconcST_0_Vconc_2.4_run_1.csv,5760.0,600.0,0,2.4,0.0,2.4,1,14.25,0.0,0.0,0.0,0.0,0.0,0.0,5347.58
5760_dose_600_gradient_0_VconcST_0_Vconc_2.4_run_1.csv,5760.0,600.0,0,2.4,0.0,2.4,1,14.5,0.0,0.0,0.0,0.0,0.0,0.0,288.803
5760_dose_600_gradient_0_VconcST_0_Vconc_2.4_run_1.csv,5760.0,600.0,0,2.4,0.0,2.4,1,14.75,0.0,0.0,0.0,0.0,0.0,0.0,5814.39
5760_dose_600_gradient_0_VconcST_0_Vconc_2.4_run_1.csv,5760.0,600.0,0,2.4,0.0,2.4,1,15.0,0.0,0.0,0.0,0.0,0.0,0.0,233.356
5760_dose_600_gradient_0_VconcST_0_Vconc_2.4_run_1.csv,5760.0,600.0,0,2.4,0.0,2.4,1,15.25,0.0,0.0,0.0,0.0,0.0,0.0,6849.62
5760_dose_600_gradient_0_VconcST_0_Vconc_2.4_run_1.csv,5760.0,600.0,0,2.4,0.0,2.4,1,15.5,0.0,0.0,0.0,0.0,0.0,0.0,148.358
5760_dose_600_gradient_0_VconcST_0_Vconc_2.4_run_1.csv,5760.0,600.0,0,2.4,0.0,2.4,1,15.75,0.0,0.0,0.0,0.0,0.0,0.0,7704.19
5760_dose_600_gradient_0_VconcST_0_Vconc_2.4_run_1.csv,5760.0,600.0,0,2.4,0.0,2.4,1,16.0,0.0,0.0,0.0,0.0,0.0,0.0,118.415
5760_dose_600_gradient_0_VconcST_0_Vconc_2.4_run_1.csv,5760.0,600.0,0,2.4,0.0,2.4,1,16.25,0.0,0.0,0.0,0.0,0.0,0.0,8441.32
5760_dose_600_gradient_0_VconcST_0_Vconc_2.4_run_1.csv,5760.0,600.0,0,2.4,0.0,2.4,1,16.5,0.0,0.0,0.0,0.0,0.0,0.0,107.083
5760_dose_600_gradient_0_VconcST_0_Vconc_2.4_run_1.csv,5760.0,600.0,0,2.4,0.0,2.4,1,16.75,0.0,0.0,0.0,0.0,0.00396918,0.0,9196.34
5760_dose_600_gradient_0_VconcST_0_Vconc_2.4_run_1.csv,5760.0,600.0,0,2.4,0.0,2.4,1,17.0,0.0,0.0,0.0,0.0,0.0,0.0,100.479
5760_dose_600_gradient_0_VconcST_0_Vconc_2.4_run_1.csv,5760.0,600.0,0,2.4,0.0,2.4,1,17.25,0.0,0.0,0.0,0.0,0.0,0.0,9553.63
5760_dose_600_gradient_0_VconcST_0_Vconc_2.4_run_1.csv,5760.0,600.0,0,2.4,0.0,2.4,1,17.5,0.0,0.0,0.0,0.0,0.0,0.0,93.5032
5760_dose_600_gradient_0_VconcST_0_Vconc_2.4_run_1.csv,5760.0,600.0,0,2.4,0.0,2.4,1,17.75,0.0,0.0,0.0,0.0,0.0,0.0,9654.22
5760_dose_600_gradient_0_VconcST_0_Vconc_2.4_run_1.csv,5760.0,600.0,0,2.4,0.0,2.4,1,18.0,0.0,0.0,0.0,0.0,0.0,0.0,89.9373
5760_dose_600_gradient_0_VconcST_0_Vconc_2.4_run_1.csv,5760.0,600.0,0,2.4,0.0,2.4,1,18.25,0.0,0.0,0.0,0.0,0.0,0.0,9992.25
5760_dose_600_gradient_0_VconcST_0_Vconc_2.4_run_1.csv,5760.0,600.0,0,2.4,0.0,2.4,1,18.5,0.0,0.0,0.0,0.0,0.0,0.0,89.4072
5760_dose_600_gradient_0_VconcST_0_Vconc_2.4_run_1.csv,5760.0,600.0,0,2.4,0.0,2.4,1,18.75,0.0,0.0,0.0,0.0,0.0,0.0,10000.0
5760_dose_600_gradient_0_VconcST_0_Vconc_2.4_run_1.csv,5760.0,600.0,0,2.4,0.0,2.4,1,19.0,0.0,0.0,0.0,0.0,0.0,0.0,91.4117
5760_dose_600_gradient_0_VconcST_0_Vconc_2.4_run_1.csv,5760.0,600.0,0,2.4,0.0,2.4,1,19.25,0.0,0.0,0.0,0.0,0.0,0.0,10000.0
5760_dose_600_gradient_0_VconcST_0_Vconc_2.4_run_1.csv,5760.0,600.0,0,2.4,0.0,2.4,1,19.5,0.0,0.0,0.0,0.0,0.0,0.0,90.2067
5760_dose_600_gradient_0_VconcST_0_Vconc_2.4_run_1.csv,5760.0,600.0,0,2.4,0.0,2.4,1,19.75,0.0,0.0,0.0,0.0,0.0,0.0,10000.0
5760_dose_600_gradient_0_VconcST_0_Vconc_2.4_run_1.csv,5760.0,600.0,0,2.4,0.0,2.4,1,20.0,0.0,0.0,0.0,0.0,0.0,0.0,87.8314
5760_dose_600_gradient_0_VconcST_0_Vconc_2.4_run_1.csv,5760.0,600.0,0,2.4,0.0,2.4,1,20.25,0.0,0.0,0.0,0.0,0.0,0.0,10000.0
5760_dose_600_gradient_0_VconcST_0_Vconc_2.4_run_1.csv,5760.0,600.0,0,2.4,0.0,2.4,1,20.5,0.0,0.0,0.0,0.0,0.0,0.0,90.001
5760_dose_600_gradient_0_VconcST_0_Vconc_2.4_run_1.csv,5760.0,600.0,0,2.4,0.0,2.4,1,20.75,0.0,0.0,0.0,0.0,0.0,0.0,6978.29
5760_dose_600_gradient_0_VconcST_0_Vconc_2.4_run_1.csv,5760.0,600.0,0,2.4,0.0,2.4,1,21.0,0.0,0.0,0.0,0.0,0.0,0.0,2739.86
5760_dose_600_gradient_0_VconcST_0_Vconc_2.4_run_1.csv,5760.0,600.0,0,2.4,0.0,2.4,1,21.25,0.0,0.0,0.0,0.0,0.0,0.0,293.394
5760_dose_600_gradient_0_VconcST_0_Vconc_2.4_run_1.csv,5760.0,600.0,0,2.4,0.0,2.4,1,21.5,0.0,0.0,0.0,0.0,0.0,0.0,4313.5
5760_dose_600_gradient_0_VconcST_0_Vconc_2.4_run_1.csv,5760.0,600.0,0,2.4,0.0,2.4,1,21.75,0.0,0.0,0.0,0.0,0.0,0.0,278.87
5760_dose_600_gradient_0_VconcST_0_Vconc_2.4_run_1.csv,5760.0,600.0,0,2.4,0.0,2.4,1,22.0,0.0,0.0,0.0,0.0,0.0,0.0,4925.42
5760_dose_600_gradient_0_VconcST_0_Vconc_2.4_run_1.csv,5760.0,600.0,0,2.4,0.0,2.4,1,22.25,0.0,0.0,0.0,0.0,0.0,0.0,292.111
5760_dose_600_gradient_0_VconcST_0_Vconc_2.4_run_1.csv,5760.0,600.0,0,2.4,0.0,2.4,1,22.5,0.0,0.0,0.0,0.0,0.0,0.0,5336.17
5760_dose_600_gradient_0_VconcST_0_Vconc_2.4_run_1.csv,5760.0,600.0,0,2.4,0.0,2.4,1,22.75,0.0,0.0,0.0,0.0,0.0,0.0,289.46
5760_dose_600_gradient_0_VconcST_0_Vconc_2.4_run_1.csv,5760.0,600.0,0,2.4,0.0,2.4,1,23.0,0.0,0.0,0.0,0.0,0.0,0.0,5868.21
5760_dose_600_gradient_0_VconcST_0_Vconc_2.4_run_1.csv,5760.0,600.0,0,2.4,0.0,2.4,1,23.25,0.0,0.0,0.0,0.0,0.0,0.0,221.65
5760_dose_600_gradient_0_VconcST_0_Vconc_2.4_run_1.csv,5760.0,600.0,0,2.4,0.0,2.4,1,23.5,0.0,0.0,0.0,0.0,0.0,0.0,6820.7
5760_dose_600_gradient_0_VconcST_0_Vconc_2.4_run_1.csv,5760.0,600.0,0,2.4,0.0,2.4,1,23.75,0.0,0.0,0.0,0.0,0.0,0.0,148.778
5760_dose_600_gradient_0_VconcST_0_Vconc_2.4_run_1.csv,5760.0,600.0,0,2.4,0.0,2.4,1,24.0,46.7175,600.0,0.018195,46.7175,0.0,0.0,7495.24
5760_dose_600_gradient_0_VconcST_0_Vconc_2.4_run_1.csv,5760.0,600.0,0,2.4,0.0,2.4,1,24.25,2816.07,588.109,1.09677,2816.07,0.0,0.999928,0.0110901
5760_dose_600_gradient_0_VconcST_0_Vconc_2.4_run_1.csv,5760.0,600.0,0,2.4,0.0,2.4,1,24.5,5520.02,576.453,2.14988,5520.02,0.0,0.999963,0.180031
5760_dose_600_gradient_0_VconcST_0_Vconc_2.4_run_1.csv,5760.0,600.0,0,2.4,0.0,2.4,1,24.75,8159.93,565.029,3.17804,8159.93,0.0,0.999975,0.11031
5760_dose_600_gradient_0_VconcST_0_Vconc_2.4_run_1.csv,5760.0,600.0,0,2.4,0.0,2.4,1,25.0,10737.1,553.83,4.18176,10737.1,0.0,0.999981,0.0801567
5760_dose_600_gradient_0_VconcST_0_Vconc_2.4_run_1.csv,5760.0,600.0,0,2.4,0.0,2.4,1,25.25,13252.8,542.853,5.16155,13252.8,0.0,0.999985,0.0630995
5760_dose_600_gradient_0_VconcST_0_Vconc_2.4_run_1.csv,5760.0,600.0,0,2.4,0.0,2.4,1,25.5,15708.3,532.094,6.11789,15708.3,0.0,0.999987,0.0522441
5760_dose_600_gradient_0_VconcST_0_Vconc_2.4_run_1.csv,5760.0,600.0,0,2.4,0.0,2.4,1,25.75,18104.8,521.549,7.05126,18104.8,0.0,0.999989,0.0445545
5760_dose_600_gradient_0_VconcST_0_Vconc_2.4_run_1.csv,5760.0,600.0,0,2.4,0.0,2.4,1,26.0,20443.6,511.213,7.96213,20443.6,0.0,0.99999,0.0392094
5760_dose_600_gradient_0_VconcST_0_Vconc_2.4_run_1.csv,5760.0,600.0,0,2.4,0.0,2.4,1,26.25,22725.7,501.081,8.85097,22725.7,0.0,0.999991,0.0351485
5760_dose_600_gradient_0_VconcST_0_Vconc_2.4_run_1.csv,5760.0,600.0,0,2.4,0.0,2.4,1,26.5,24952.5,491.15,9.71822,24952.5,0.0,0.999992,0.0317394
5760_dose_600_gradient_0_VconcST_0_Vconc_2.4_run_1.csv,5760.0,600.0,0,2.4,0.0,2.4,1,26.75,27124.9,481.416,10.5643,27124.9,0.0,0.999993,0.0289497
5760_dose_600_gradient_0_VconcST_0_Vconc_2.4_run_1.csv,5760.0,600.0,0,2.4,0.0,2.4,1,27.0,29244.3,471.875,11.3897,29244.3,0.0,0.999993,0.026688
5760_dose_600_gradient_0_VconcST_0_Vconc_2.4_run_1.csv,5760.0,600.0,0,2.4,0.0,2.4,1,27.25,31311.5,462.523,12.1949,31311.5,0.0,0.999994,0.0249189
5760_dose_600_gradient_0_VconcST_0_Vconc_2.4_run_1.csv,5760.0,600.0,0,2.4,0.0,2.4,1,27.5,33327.7,453.356,12.9801,33327.7,0.0,0.999994,0.0233429
5760_dose_600_gradient_0_VconcST_0_Vconc_2.4_run_1.csv,5760.0,600.0,0,2.4,0.0,2.4,1,27.75,35294.0,444.371,13.7459,35294.0,0.0,0.999994,0.0219646
5760_dose_600_gradient_0_VconcST_0_Vconc_2.4_run_1.csv,5760.0,600.0,0,2.4,0.0,2.4,1,28.0,37211.3,435.564,14.4926,37211.3,0.0,0.999995,0.0208617
5760_dose_600_gradient_0_VconcST_0_Vconc_2.4_run_1.csv,5760.0,600.0,0,2.4,0.0,2.4,1,28.25,39080.7,426.932,15.2207,39080.7,0.0,0.999995,0.0199029
5760_dose_600_gradient_0_VconcST_0_Vconc_2.4_run_1.csv,5760.0,600.0,0,2.4,0.0,2.4,1,28.5,40903.2,418.471,15.9305,40903.2,0.0,0.999995,0.018772
5760_dose_600_gradient_0_VconcST_0_Vconc_2.4_run_1.csv,5760.0,600.0,0,2.4,0.0,2.4,1,28.75,42679.7,410.177,16.6224,42679.7,0.0,0.999995,0.0181325
5760_dose_600_gradient_0_VconcST_0_Vconc_2.4_run_1.csv,5760.0,600.0,0,2.4,0.0,2.4,1,29.0,44411.2,402.048,17.2968,44411.2,0.0,0.999996,0.0174395
5760_dose_600_gradient_0_VconcST_0_Vconc_2.4_run_1.csv,5760.0,600.0,0,2.4,0.0,2.4,1,29.25,46098.6,394.08,17.954,46098.6,0.0,0.999996,0.0167366
5760_dose_600_gradient_0_VconcST_0_Vconc_2.4_run_1.csv,5760.0,600.0,0,2.4,0.0,2.4,1,29.5,47742.8,386.27,18.5943,47742.8,0.0,0.999996,0.0160874
5760_dose_600_gradient_0_VconcST_0_Vconc_2.4_run_1.csv,5760.0,600.0,0,2.4,0.0,2.4,1,29.75,49344.8,378.614,19.2183,49344.8,0.0,0.999996,0.0156058
5760_dose_600_gradient_0_VconcST_0_Vconc_2.4_run_1.csv,5760.0,600.0,0,2.4,0.0,2.4,1,30.0,50905.4,371.11,19.8261,50905.4,0.0,0.999996,0.0151954
5760_dose_600_gradient_0_VconcST_0_Vconc_2.4_run_1.csv,5760.0,600.0,0,2.4,0.0,2.4,1,30.25,52425.4,363.755,20.4181,52425.4,0.0,0.999996,0.0147011
5760_dose_600_gradient_0_VconcST_0_Vconc_2.4_run_1.csv,5760.0,600.0,0,2.4,0.0,2.4,1,30.5,53905.6,356.546,20.9946,53905.6,0.0,0.999996,0.0142762
5760_dose_600_gradient_0_VconcST_0_Vconc_2.4_run_1.csv,5760.0,600.0,0,2.4,0.0,2.4,1,30.75,55347.0,349.48,21.5559,55347.0,0.0,0.999996,0.0137963
5760_dose_600_gradient_0_VconcST_0_Vconc_2.4_run_1.csv,5760.0,600.0,0,2.4,0.0,2.4,1,31.0,56750.3,342.554,22.1025,56750.3,0.0,0.999996,0.0135836
5760_dose_600_gradient_0_VconcST_0_Vconc_2.4_run_1.csv,5760.0,600.0,0,2.4,0.0,2.4,1,31.25,58116.3,335.765,22.6345,58116.3,0.0,0.999997,0.0131298
5760_dose_600_gradient_0_VconcST_0_Vconc_2.4_run_1.csv,5760.0,600.0,0,2.4,0.0,2.4,1,31.5,59445.8,329.11,23.1523,59445.8,0.0,0.999997,0.0129121
5760_dose_600_gradient_0_VconcST_0_Vconc_2.4_run_1.csv,5760.0,600.0,0,2.4,0.0,2.4,1,31.75,60739.5,322.588,23.6562,60739.5,0.0,0.999997,0.0126771
5760_dose_600_gradient_0_VconcST_0_Vconc_2.4_run_1.csv,5760.0,600.0,0,2.4,0.0,2.4,1,32.0,61998.2,316.194,24.1464,61998.2,0.0,0.999997,0.0122252
5760_dose_600_gradient_0_VconcST_0_Vconc_2.4_run_1.csv,5760.0,600.0,0,2.4,0.0,2.4,1,32.25,63222.6,309.928,24.6233,63222.6,0.0,0.999997,0.0120052
5760_dose_600_gradient_0_VconcST_0_Vconc_2.4_run_1.csv,5760.0,600.0,0,2.4,0.0,2.4,1,32.5,64413.5,303.785,25.0871,64413.5,0.0,0.999997,0.011779
5760_dose_600_gradient_0_VconcST_0_Vconc_2.4_run_1.csv,5760.0,600.0,0,2.4,0.0,2.4,1,32.75,65571.4,297.765,25.538,65571.4,0.0,0.999997,0.0115452
5760_dose_600_gradient_0_VconcST_0_Vconc_2.4_run_1.csv,5760.0,600.0,0,2.4,0.0,2.4,1,33.0,66697.3,291.863,25.9765,66697.3,0.0,0.999997,0.0117749
5760_dose_600_gradient_0_VconcST_0_Vconc_2.4_run_1.csv,5760.0,600.0,0,2.4,0.0,2.4,1,33.25,67791.5,286.079,26.4027,67791.5,0.0,0.999997,0.0115427
5760_dose_600_gradient_0_VconcST_0_Vconc_2.4_run_1.csv,5760.0,600.0,0,2.4,0.0,2.4,1,33.5,68855.0,280.409,26.8169,68855.0,0.0,0.999997,0.0113221
5760_dose_600_gradient_0_VconcST_0_Vconc_2.4_run_1.csv,5760.0,600.0,0,2.4,0.0,2.4,1,33.75,69888.3,274.852,27.2193,69888.3,0.0,0.999997,0.0110824
5760_dose_600_gradient_0_VconcST_0_Vconc_2.4_run_1.csv,5760.0,600.0,0,2.4,0.0,2.4,1,34.0,70892.0,269.405,27.6102,70892.0,0.0,0.999997,0.0109028
5760_dose_600_gradient_0_VconcST_0_Vconc_2.4_run_1.csv,5760.0,600.0,0,2.4,0.0,2.4,1,34.25,71866.7,264.066,27.9898,71866.7,0.0,0.999997,0.0108562
5760_dose_600_gradient_0_VconcST_0_Vconc_2.4_run_1.csv,5760.0,600.0,0,2.4,0.0,2.4,1,34.5,72813.1,258.832,28.3584,72813.1,0.0,0.999997,0.0106408
5760_dose_600_gradient_0_VconcST_0_Vconc_2.4_run_1.csv,5760.0,600.0,0,2.4,0.0,2.4,1,34.75,73731.7,253.702,28.7162,73731.7,0.0,0.999997,0.0104445
5760_dose_600_gradient_0_VconcST_0_Vconc_2.4_run_1.csv,5760.0,600.0,0,2.4,0.0,2.4,1,35.0,74623.2,248.674,29.0634,74623.2,0.0,0.999997,0.0104112
5760_dose_600_gradient_0_VconcST_0_Vconc_2.4_run_1.csv,5760.0,600.0,0,2.4,0.0,2.4,1,35.25,75488.1,243.746,29.4003,75488.1,0.0,0.999997,0.0101942
5760_dose_600_gradient_0_VconcST_0_Vconc_2.4_run_1.csv,5760.0,600.0,0,2.4,0.0,2.4,1,35.5,76326.9,238.915,29.727,76326.9,0.0,0.999997,0.0101902
5760_dose_600_gradient_0_VconcST_0_Vconc_2.4_run_1.csv,5760.0,600.0,0,2.4,0.0,2.4,1,35.75,77140.3,234.18,30.0437,77140.3,0.0,0.999997,0.0099515
5760_dose_600_gradient_0_VconcST_0_Vconc_2.4_run_1.csv,5760.0,600.0,0,2.4,0.0,2.4,1,36.0,77928.7,229.539,30.3508,77928.7,0.0,0.999997,0.00997563
5760_dose_600_gradient_0_VconcST_0_Vconc_2.4_run_1.csv,5760.0,600.0,0,2.4,0.0,2.4,1,36.25,78692.7,224.99,30.6484,78692.7,0.0,0.999997,0.00999486
5760_dose_600_gradient_0_VconcST_0_Vconc_2.4_run_1.csv,5760.0,600.0,0,2.4,0.0,2.4,1,36.5,79432.9,220.531,30.9366,79432.9,0.0,0.999997,0.00974996
5760_dose_600_gradient_0_VconcST_0_Vconc_2.4_run_1.csv,5760.0,600.0,0,2.4,0.0,2.4,1,36.75,80149.6,216.16,31.2158,80149.6,0.0,0.999997,0.00973868
5760_dose_600_gradient_0_VconcST_0_Vconc_2.4_run_1.csv,5760.0,600.0,0,2.4,0.0,2.4,1,37.0,80843.5,211.876,31.486,80843.5,0.0,0.999997,0.00950383
5760_dose_600_gradient_0_VconcST_0_Vconc_2.4_run_1.csv,5760.0,600.0,0,2.4,0.0,2.4,1,37.25,81514.9,207.677,31.7475,81514.9,0.0,0.999997,0.00951384
5760_dose_600_gradient_0_VconcST_0_Vconc_2.4_run_1.csv,5760.0,600.0,0,2.4,0.0,2.4,1,37.5,82164.5,203.561,32.0005,82164.5,0.0,0.999998,0.00952486
5760_dose_600_gradient_0_VconcST_0_Vconc_2.4_run_1.csv,5760.0,600.0,0,2.4,0.0,2.4,1,37.75,82792.5,199.527,32.2451,82792.5,0.0,0.999998,0.00927855
5760_dose_600_gradient_0_VconcST_0_Vconc_2.4_run_1.csv,5760.0,600.0,0,2.4,0.0,2.4,1,38.0,83399.6,195.572,32.4815,83399.6,0.0,0.999998,0.00927301
5760_dose_600_gradient_0_VconcST_0_Vconc_2.4_run_1.csv,5760.0,600.0,0,2.4,0.0,2.4,1,38.25,83986.0,191.696,32.71,83986.0,0.0,0.999998,0.00928214
5760_dose_600_gradient_0_VconcST_0_Vconc_2.4_run_1.csv,5760.0,600.0,0,2.4,0.0,2.4,1,38.5,84552.4,187.897,32.9306,84552.4,0.0,0.999998,0.00906053
5760_dose_600_gradient_0_VconcST_0_Vconc_2.4_run_1.csv,5760.0,600.0,0,2.4,0.0,2.4,1,38.75,85099.1,184.173,33.1435,85099.1,0.0,0.999998,0.00906053
5760_dose_600_gradient_0_VconcST_0_Vconc_2.4_run_1.csv,5760.0,600.0,0,2.4,0.0,2.4,1,39.0,85626.6,180.523,33.3489,85626.6,0.0,0.999998,0.00906816
5760_dose_600_gradient_0_VconcST_0_Vconc_2.4_run_1.csv,5760.0,600.0,0,2.4,0.0,2.4,1,39.25,86135.1,176.945,33.547,86135.1,0.0,0.999998,0.00908374
5760_dose_600_gradient_0_VconcST_0_Vconc_2.4_run_1.csv,5760.0,600.0,0,2.4,0.0,2.4,1,39.5,86625.3,173.438,33.7379,86625.3,0.0,0.999998,0.00884389
5760_dose_600_gradient_0_VconcST_0_Vconc_2.4_run_1.csv,5760.0,600.0,0,2.4,0.0,2.4,1,39.75,87097.4,170.001,33.9217,87097.4,0.0,0.999998,0.00882966
5760_dose_600_gradient_0_VconcST_0_Vconc_2.4_run_1.csv,5760.0,600.0,0,2.4,0.0,2.4,1,40.0,87551.8,166.632,34.0987,87551.8,0.0,0.999998,0.00883431
5760_dose_600_gradient_0_VconcST_0_Vconc_2.4_run_1.csv,5760.0,600.0,0,2.4,0.0,2.4,1,40.25,87989.0,163.329,34.269,87989.0,0.0,0.999998,0.00883119
5760_dose_600_gradient_0_VconcST_0_Vconc_2.4_run_1.csv,5760.0,600.0,0,2.4,0.0,2.4,1,40.5,88409.3,160.092,34.4327,88409.3,0.0,0.999998,0.00883121
5760_dose_600_gradient_0_VconcST_0_Vconc_2.4_run_1.csv,5760.0,600.0,0,2.4,0.0,2.4,1,40.75,88813.0,156.919,34.5899,88813.0,0.0,0.999998,0.00861894
5760_dose_600_gradient_0_VconcST_0_Vconc_2.4_run_1.csv,5760.0,600.0,0,2.4,0.0,2.4,1,41.0,89200.5,153.809,34.7408,89200.5,0.0,0.999998,0.00862468
5760_dose_600_gradient_0_VconcST_0_Vconc_2.4_run_1.csv,5760.0,600.0,0,2.4,0.0,2.4,1,41.25,89572.2,150.761,34.8856,89572.2,0.0,0.999998,0.00860475
5760_dose_600_gradient_0_VconcST_0_Vconc_2.4_run_1.csv,5760.0,600.0,0,2.4,0.0,2.4,1,41.5,89928.5,147.773,35.0244,89928.5,0.0,0.999998,0.00860505
5760_dose_600_gradient_0_VconcST_0_Vconc_2.4_run_0.csv,5760.0,600.0,0,2.4,0.0,2.4,0,0.0,0.0,0.0,0.0,0.0,0.0,0.0,0.0
5760_dose_600_gradient_0_VconcST_0_Vconc_2.4_run_0.csv,5760.0,600.0,0,2.4,0.0,2.4,0,0.25,0.0,0.0,0.0,0.0,0.0,0.0,9884.06
5760_dose_600_gradient_0_VconcST_0_Vconc_2.4_run_0.csv,5760.0,600.0,0,2.4,0.0,2.4,0,0.5,0.0,0.0,0.0,0.0,0.0,0.0,93.9667
5760_dose_600_gradient_0_VconcST_0_Vconc_2.4_run_0.csv,5760.0,600.0,0,2.4,0.0,2.4,0,0.75,0.0,0.0,0.0,0.0,0.0,0.0,10000.0
5760_dose_600_gradient_0_VconcST_0_Vconc_2.4_run_0.csv,5760.0,600.0,0,2.4,0.0,2.4,0,1.0,0.0,0.0,0.0,0.0,0.0,0.0,94.6532
5760_dose_600_gradient_0_VconcST_0_Vconc_2.4_run_0.csv,5760.0,600.0,0,2.4,0.0,2.4,0,1.25,0.0,0.0,0.0,0.0,0.0,0.0,10000.0
5760_dose_600_gradient_0_VconcST_0_Vconc_2.4_run_0.csv,5760.0,600.0,0,2.4,0.0,2.4,0,1.5,0.0,0.0,0.0,0.0,0.0,0.0,90.9193
5760_dose_600_gradient_0_VconcST_0_Vconc_2.4_run_0.csv,5760.0,600.0,0,2.4,0.0,2.4,0,1.75,0.0,0.0,0.0,0.0,0.0,0.0,10000.0
5760_dose_600_gradient_0_VconcST_0_Vconc_2.4_run_0.csv,5760.0,600.0,0,2.4,0.0,2.4,0,2.0,0.0,0.0,0.0,0.0,0.0,0.0,91.0467
5760_dose_600_gradient_0_VconcST_0_Vconc_2.4_run_0.csv,5760.0,600.0,0,2.4,0.0,2.4,0,2.25,0.0,0.0,0.0,0.0,0.0,0.0,10000.0
5760_dose_600_gradient_0_VconcST_0_Vconc_2.4_run_0.csv,5760.0,600.0,0,2.4,0.0,2.4,0,2.5,0.0,0.0,0.0,0.0,0.0,0.0,88.6917
5760_dose_600_gradient_0_VconcST_0_Vconc_2.4_run_0.csv,5760.0,600.0,0,2.4,0.0,2.4,0,2.75,0.0,0.0,0.0,0.0,0.0,0.0,10000.0
5760_dose_600_gradient_0_VconcST_0_Vconc_2.4_run_0.csv,5760.0,600.0,0,2.4,0.0,2.4,0,3.0,0.0,0.0,0.0,0.0,0.0,0.0,89.665
5760_dose_600_gradient_0_VconcST_0_Vconc_2.4_run_0.csv,5760.0,600.0,0,2.4,0.0,2.4,0,3.25,0.0,0.0,0.0,0.0,0.0,0.0,10000.0
5760_dose_600_gradient_0_VconcST_0_Vconc_2.4_run_0.csv,5760.0,600.0,0,2.4,0.0,2.4,0,3.5,0.0,0.0,0.0,0.0,0.0,0.0,88.3557
5760_dose_600_gradient_0_VconcST_0_Vconc_2.4_run_0.csv,5760.0,600.0,0,2.4,0.0,2.4,0,3.75,0.0,0.0,0.0,0.0,0.0,0.0,10000.0
5760_dose_600_gradient_0_VconcST_0_Vconc_2.4_run_0.csv,5760.0,600.0,0,2.4,0.0,2.4,0,4.0,0.0,0.0,0.0,0.0,0.000527344,0.0,88.9987
5760_dose_600_gradient_0_VconcST_0_Vconc_2.4_run_0.csv,5760.0,600.0,0,2.4,0.0,2.4,0,4.25,0.0,0.0,0.0,0.0,0.0,0.0,10000.0
5760_dose_600_gradient_0_VconcST_0_Vconc_2.4_run_0.csv,5760.0,600.0,0,2.4,0.0,2.4,0,4.5,0.0,0.0,0.0,0.0,0.0,0.0,3703.66
5760_dose_600_gradient_0_VconcST_0_Vconc_2.4_run_0.csv,5760.0,600.0,0,2.4,0.0,2.4,0,4.75,0.0,0.0,0.0,0.0,0.0,0.0,289.301
5760_dose_600_gradient_0_VconcST_0_Vconc_2.4_run_0.csv,5760.0,600.0,0,2.4,0.0,2.4,0,5.0,0.0,0.0,0.0,0.0,0.0,0.0,4459.66
5760_dose_600_gradient_0_VconcST_0_Vconc_2.4_run_0.csv,5760.0,600.0,0,2.4,0.0,2.4,0,5.25,0.0,0.0,0.0,0.0,0.0,0.0,293.003
5760_dose_600_gradient_0_VconcST_0_Vconc_2.4_run_0.csv,5760.0,600.0,0,2.4,0.0,2.4,0,5.5,0.0,0.0,0.0,0.0,0.0,0.0,4845.32
5760_dose_600_gradient_0_VconcST_0_Vconc_2.4_run_0.csv,5760.0,600.0,0,2.4,0.0,2.4,0,5.75,0.0,0.0,0.0,0.0,0.0,0.0,287.09
5760_dose_600_gradient_0_VconcST_0_Vconc_2.4_run_0.csv,5760.0,600.0,0,2.4,0.0,2.4,0,6.0,0.0,0.0,0.0,0.0,0.0,0.0,5493.45
5760_dose_600_gradient_0_VconcST_0_Vconc_2.4_run_0.csv,5760.0,600.0,0,2.4,0.0,2.4,0,6.25,0.0,0.0,0.0,0.0,0.0,0.0,284.782
5760_dose_600_gradient_0_VconcST_0_Vconc_2.4_run_0.csv,5760.0,600.0,0,2.4,0.0,2.4,0,6.5,0.0,0.0,0.0,0.0,0.0,0.0,6194.51
5760_dose_600_gradient_0_VconcST_0_Vconc_2.4_run_0.csv,5760.0,600.0,0,2.4,0.0,2.4,0,6.75,0.0,0.0,0.0,0.0,0.0,0.0,235.432
5760_dose_600_gradient_0_VconcST_0_Vconc_2.4_run_0.csv,5760.0,600.0,0,2.4,0.0,2.4,0,7.0,0.0,0.0,0.0,0.0,0.0,0.0,6610.99
5760_dose_600_gradient_0_VconcST_0_Vconc_2.4_run_0.csv,5760.0,600.0,0,2.4,0.0,2.4,0,7.25,0.0,0.0,0.0,0.0,0.0,0.0,145.606
5760_dose_600_gradient_0_VconcST_0_Vconc_2.4_run_0.csv,5760.0,600.0,0,2.4,0.0,2.4,0,7.5,0.0,0.0,0.0,0.0,0.0,0.0,7399.95
5760_dose_600_gradient_0_VconcST_0_Vconc_2.4_run_0.csv,5760.0,600.0,0,2.4,0.0,2.4,0,7.75,0.0,0.0,0.0,0.0,0.0,0.0,110.817
5760_dose_600_gradient_0_VconcST_0_Vconc_2.4_run_0.csv,5760.0,600.0,0,2.4,0.0,2.4,0,8.0,0.0,0.0,0.0,0.0,0.0,0.0,8589.89
5760_dose_600_gradient_0_VconcST_0_Vconc_2.4_run_0.csv,5760.0,600.0,0,2.4,0.0,2.4,0,8.25,0.0,0.0,0.0,0.0,0.0,0.0,102.805
5760_dose_600_gradient_0_VconcST_0_Vconc_2.4_run_0.csv,5760.0,600.0,0,2.4,0.0,2.4,0,8.5,0.0,0.0,0.0,0.0,0.0,0.0,9606.04
5760_dose_600_gradient_0_VconcST_0_Vconc_2.4_run_0.csv,5760.0,600.0,0,2.4,0.0,2.4,0,8.75,0.0,0.0,0.0,0.0,0.0,0.0,98.0279
5760_dose_600_gradient_0_VconcST_0_Vconc_2.4_run_0.csv,5760.0,600.0,0,2.4,0.0,2.4,0,9.0,0.0,0.0,0.0,0.0,0.0,0.0,9640.73
5760_dose_600_gradient_0_VconcST_0_Vconc_2.4_run_0.csv,5760.0,600.0,0,2.4,0.0,2.4,0,9.25,0.0,0.0,0.0,0.0,0.0,0.0,90.4819
5760_dose_600_gradient_0_VconcST_0_Vconc_2.4_run_0.csv,5760.0,600.0,0,2.4,0.0,2.4,0,9.5,0.0,0.0,0.0,0.0,0.0,0.0,9657.4
5760_dose_600_gradient_0_VconcST_0_Vconc_2.4_run_0.csv,5760.0,600.0,0,2.4,0.0,2.4,0,9.75,0.0,0.0,0.0,0.0,0.0,0.0,93.4568
5760_dose_600_gradient_0_VconcST_0_Vconc_2.4_run_0.csv,5760.0,600.0,0,2.4,0.0,2.4,0,10.0,0.0,0.0,0.0,0.0,0.0,0.0,10000.0
5760_dose_600_gradient_0_VconcST_0_Vconc_2.4_run_0.csv,5760.0,600.0,0,2.4,0.0,2.4,0,10.25,0.0,0.0,0.0,0.0,0.0,0.0,91.4581
5760_dose_600_gradient_0_VconcST_0_Vconc_2.4_run_0.csv,5760.0,600.0,0,2.4,0.0,2.4,0,10.5,0.0,0.0,0.0,0.0,0.0,0.0,10000.0
5760_dose_600_gradient_0_VconcST_0_Vconc_2.4_run_0.csv,5760.0,600.0,0,2.4,0.0,2.4,0,10.75,0.0,0.0,0.0,0.0,0.0,0.0,88.8684
5760_dose_600_gradient_0_VconcST_0_Vconc_2.4_run_0.csv,5760.0,600.0,0,2.4,0.0,2.4,0,11.0,0.0,0.0,0.0,0.0,0.0,0.0,10000.0
5760_dose_600_gradient_0_VconcST_0_Vconc_2.4_run_0.csv,5760.0,600.0,0,2.4,0.0,2.4,0,11.25,0.0,0.0,0.0,0.0,0.0,0.0,90.2646
5760_dose_600_gradient_0_VconcST_0_Vconc_2.4_run_0.csv,5760.0,600.0,0,2.4,0.0,2.4,0,11.5,0.0,0.0,0.0,0.0,0.0,0.0,10000.0
5760_dose_600_gradient_0_VconcST_0_Vconc_2.4_run_0.csv,5760.0,600.0,0,2.4,0.0,2.4,0,11.75,0.0,0.0,0.0,0.0,0.0,0.0,87.5591
5760_dose_600_gradient_0_VconcST_0_Vconc_2.4_run_0.csv,5760.0,600.0,0,2.4,0.0,2.4,0,12.0,0.0,0.0,0.0,0.0,0.0,0.0,10000.0
5760_dose_600_gradient_0_VconcST_0_Vconc_2.4_run_0.csv,5760.0,600.0,0,2.4,0.0,2.4,0,12.25,0.0,0.0,0.0,0.0,0.0,0.0,88.1413
5760_dose_600_gradient_0_VconcST_0_Vconc_2.4_run_0.csv,5760.0,600.0,0,2.4,0.0,2.4,0,12.5,0.0,0.0,0.0,0.0,0.0,0.0,10000.0
5760_dose_600_gradient_0_VconcST_0_Vconc_2.4_run_0.csv,5760.0,600.0,0,2.4,0.0,2.4,0,12.75,0.0,0.0,0.0,0.0,0.0,0.0,3632.9
5760_dose_600_gradient_0_VconcST_0_Vconc_2.4_run_0.csv,5760.0,600.0,0,2.4,0.0,2.4,0,13.0,0.0,0.0,0.0,0.0,0.0,0.0,289.396
5760_dose_600_gradient_0_VconcST_0_Vconc_2.4_run_0.csv,5760.0,600.0,0,2.4,0.0,2.4,0,13.25,0.0,0.0,0.0,0.0,0.0,0.0,4460.56
5760_dose_600_gradient_0_VconcST_0_Vconc_2.4_run_0.csv,5760.0,600.0,0,2.4,0.0,2.4,0,13.5,0.0,0.0,0.0,0.0,0.0,0.0,284.964
5760_dose_600_gradient_0_VconcST_0_Vconc_2.4_run_0.csv,5760.0,600.0,0,2.4,0.0,2.4,0,13.75,0.0,0.0,0.0,0.0,0.0,0.0,4864.88
5760_dose_600_gradient_0_VconcST_0_Vconc_2.4_run_0.csv,5760.0,600.0,0,2.4,0.0,2.4,0,14.0,0.0,0.0,0.0,0.0,0.0,0.0,291.285
5760_dose_600_gradient_0_VconcST_0_Vconc_2.4_run_0.csv,5760.0,600.0,0,2.4,0.0,2.4,0,14.25,0.0,0.0,0.0,0.0,0.0,0.0,5374.07
5760_dose_600_gradient_0_VconcST_0_Vconc_2.4_run_0.csv,5760.0,600.0,0,2.4,0.0,2.4,0,14.5,0.0,0.0,0.0,0.0,0.0,0.0,278.655
5760_dose_600_gradient_0_VconcST_0_Vconc_2.4_run_0.csv,5760.0,600.0,0,2.4,0.0,2.4,0,14.75,0.0,0.0,0.0,0.0,0.0,0.0,6006.14
5760_dose_600_gradient_0_VconcST_0_Vconc_2.4_run_0.csv,5760.0,600.0,0,2.4,0.0,2.4,0,15.0,0.0,0.0,0.0,0.0,0.0,0.0,209.762
5760_dose_600_gradient_0_VconcST_0_Vconc_2.4_run_0.csv,5760.0,600.0,0,2.4,0.0,2.4,0,15.25,0.0,0.0,0.0,0.0,0.0,0.0,6995.81
5760_dose_600_gradient_0_VconcST_0_Vconc_2.4_run_0.csv,5760.0,600.0,0,2.4,0.0,2.4,0,15.5,0.0,0.0,0.0,0.0,0.0,0.0,146.432
5760_dose_600_gradient_0_VconcST_0_Vconc_2.4_run_0.csv,5760.0,600.0,0,2.4,0.0,2.4,0,15.75,0.0,0.0,0.0,0.0,0.0,0.0,7191.25
5760_dose_600_gradient_0_VconcST_0_Vconc_2.4_run_0.csv,5760.0,600.0,0,2.4,0.0,2.4,0,16.0,0.0,0.0,0.0,0.0,0.0,0.0,123.177
5760_dose_600_gradient_0_VconcST_0_Vconc_2.4_run_0.csv,5760.0,600.0,0,2.4,0.0,2.4,0,16.25,0.0,0.0,0.0,0.0,0.0,0.0,8379.58
5760_dose_600_gradient_0_VconcST_0_Vconc_2.4_run_0.csv,5760.0,600.0,0,2.4,0.0,2.4,0,16.5,0.0,0.0,0.0,0.0,0.0,0.0,102.257
5760_dose_600_gradient_0_VconcST_0_Vconc_2.4_run_0.csv,5760.0,600.0,0,2.4,0.0,2.4,0,16.75,0.0,0.0,0.0,0.0,0.00239149,0.0,8759.05
5760_dose_600_gradient_0_VconcST_0_Vconc_2.4_run_0.csv,5760.0,600.0,0,2.4,0.0,2.4,0,17.0,0.0,0.0,0.0,0.0,0.0,0.0,98.894
5760_dose_600_gradient_0_VconcST_0_Vconc_2.4_run_0.csv,5760.0,600.0,0,2.4,0.0,2.4,0,17.25,0.0,0.0,0.0,0.0,0.0,0.0,9777.15
5760_dose_600_gradient_0_VconcST_0_Vconc_2.4_run_0.csv,5760.0,600.0,0,2.4,0.0,2.4,0,17.5,0.0,0.0,0.0,0.0,0.0,0.0,91.3046
5760_dose_600_gradient_0_VconcST_0_Vconc_2.4_run_0.csv,5760.0,600.0,0,2.4,0.0,2.4,0,17.75,0.0,0.0,0.0,0.0,0.0,0.0,9722.98
5760_dose_600_gradient_0_VconcST_0_Vconc_2.4_run_0.csv,5760.0,600.0,0,2.4,0.0,2.4,0,18.0,0.0,0.0,0.0,0.0,0.0,0.0,90.5775
5760_dose_600_gradient_0_VconcST_0_Vconc_2.4_run_0.csv,5760.0,600.0,0,2.4,0.0,2.4,0,18.25,0.0,0.0,0.0,0.0,0.0,0.0,10000.0
5760_dose_600_gradient_0_VconcST_0_Vconc_2.4_run_0.csv,5760.0,600.0,0,2.4,0.0,2.4,0,18.5,0.0,0.0,0.0,0.0,0.0,0.0,89.2131
5760_dose_600_gradient_0_VconcST_0_Vconc_2.4_run_0.csv,5760.0,600.0,0,2.4,0.0,2.4,0,18.75,0.0,0.0,0.0,0.0,0.0,0.0,10000.0
5760_dose_600_gradient_0_VconcST_0_Vconc_2.4_run_0.csv,5760.0,600.0,0,2.4,0.0,2.4,0,19.0,0.0,0.0,0.0,0.0,0.0,0.0,88.7323
5760_dose_600_gradient_0_VconcST_0_Vconc_2.4_run_0.csv,5760.0,600.0,0,2.4,0.0,2.4,0,19.25,0.0,0.0,0.0,0.0,0.0,0.0,10000.0
5760_dose_600_gradient_0_VconcST_0_Vconc_2.4_run_0.csv,5760.0,600.0,0,2.4,0.0,2.4,0,19.5,0.0,0.0,0.0,0.0,0.0,0.0,88.6454
5760_dose_600_gradient_0_VconcST_0_Vconc_2.4_run_0.csv,5760.0,600.0,0,2.4,0.0,2.4,0,19.75,0.0,0.0,0.0,0.0,0.0,0.0,10000.0
5760_dose_600_gradient_0_VconcST_0_Vconc_2.4_run_0.csv,5760.0,600.0,0,2.4,0.0,2.4,0,20.0,0.0,0.0,0.0,0.0,0.0,0.0,89.3811
5760_dose_600_gradient_0_VconcST_0_Vconc_2.4_run_0.csv,5760.0,600.0,0,2.4,0.0,2.4,0,20.25,0.0,0.0,0.0,0.0,0.0,0.0,10000.0
5760_dose_600_gradient_0_VconcST_0_Vconc_2.4_run_0.csv,5760.0,600.0,0,2.4,0.0,2.4,0,20.5,0.0,0.0,0.0,0.0,0.0,0.0,87.8343
5760_dose_600_gradient_0_VconcST_0_Vconc_2.4_run_0.csv,5760.0,600.0,0,2.4,0.0,2.4,0,20.75,0.0,0.0,0.0,0.0,0.0,0.0,10000.0
5760_dose_600_gradient_0_VconcST_0_Vconc_2.4_run_0.csv,5760.0,600.0,0,2.4,0.0,2.4,0,21.0,0.0,0.0,0.0,0.0,0.0,0.0,2615.69
5760_dose_600_gradient_0_VconcST_0_Vconc_2.4_run_0.csv,5760.0,600.0,0,2.4,0.0,2.4,0,21.25,0.0,0.0,0.0,0.0,0.0,0.0,290.274
5760_dose_600_gradient_0_VconcST_0_Vconc_2.4_run_0.csv,5760.0,600.0,0,2.4,0.0,2.4,0,21.5,0.0,0.0,0.0,0.0,0.0,0.0,4200.29
5760_dose_600_gradient_0_VconcST_0_Vconc_2.4_run_0.csv,5760.0,600.0,0,2.4,0.0,2.4,0,21.75,0.0,0.0,0.0,0.0,0.0,0.0,295.063
5760_dose_600_gradient_0_VconcST_0_Vconc_2.4_run_0.csv,5760.0,600.0,0,2.4,0.0,2.4,0,22.0,0.0,0.0,0.0,0.0,0.0,0.0,4974.57
5760_dose_600_gradient_0_VconcST_0_Vconc_2.4_run_0.csv,5760.0,600.0,0,2.4,0.0,2.4,0,22.25,0.0,0.0,0.0,0.0,0.0,0.0,293.811
5760_dose_600_gradient_0_VconcST_0_Vconc_2.4_run_0.csv,5760.0,600.0,0,2.4,0.0,2.4,0,22.5,0.0,0.0,0.0,0.0,0.0,0.0,5346.83
5760_dose_600_gradient_0_VconcST_0_Vconc_2.4_run_0.csv,5760.0,600.0,0,2.4,0.0,2.4,0,22.75,0.0,0.0,0.0,0.0,0.0,0.0,274.055
5760_dose_600_gradient_0_VconcST_0_Vconc_2.4_run_0.csv,5760.0,600.0,0,2.4,0.0,2.4,0,23.0,0.0,0.0,0.0,0.0,0.0,0.0,6046.17
5760_dose_600_gradient_0_VconcST_0_Vconc_2.4_run_0.csv,5760.0,600.0,0,2.4,0.0,2.4,0,23.25,0.0,0.0,0.0,0.0,0.0,0.0,247.937
5760_dose_600_gradient_0_VconcST_0_Vconc_2.4_run_0.csv,5760.0,600.0,0,2.4,0.0,2.4,0,23.5,0.0,0.0,0.0,0.0,0.0,0.0,6670.58
5760_dose_600_gradient_0_VconcST_0_Vconc_2.4_run_0.csv,5760.0,600.0,0,2.4,0.0,2.4,0,23.75,0.0,0.0,0.0,0.0,0.0,0.0,154.522
5760_dose_600_gradient_0_VconcST_0_Vconc_2.4_run_0.csv,5760.0,600.0,0,2.4,0.0,2.4,0,24.0,46.7175,600.0,0.018195,46.7175,0.0,0.0,7519.65
5760_dose_600_gradient_0_VconcST_0_Vconc_2.4_run_0.csv,5760.0,600.0,0,2.4,0.0,2.4,0,24.25,2816.07,588.109,1.09677,2816.07,0.0,0.999928,0.0110956
5760_dose_600_gradient_0_VconcST_0_Vconc_2.4_run_0.csv,5760.0,600.0,0,2.4,0.0,2.4,0,24.5,5520.02,576.453,2.14988,5520.02,0.0,0.999963,0.180448
5760_dose_600_gradient_0_VconcST_0_Vconc_2.4_run_0.csv,5760.0,600.0,0,2.4,0.0,2.4,0,24.75,8159.93,565.029,3.17804,8159.93,0.0,0.999975,0.110411
5760_dose_600_gradient_0_VconcST_0_Vconc_2.4_run_0.csv,5760.0,600.0,0,2.4,0.0,2.4,0,25.0,10737.1,553.83,4.18176,10737.1,0.0,0.999981,0.080213
5760_dose_600_gradient_0_VconcST_0_Vconc_2.4_run_0.csv,5760.0,600.0,0,2.4,0.0,2.4,0,25.25,13252.8,542.853,5.16155,13252.8,0.0,0.999985,0.0632326
5760_dose_600_gradient_0_VconcST_0_Vconc_2.4_run_0.csv,5760.0,600.0,0,2.4,0.0,2.4,0,25.5,15708.3,532.094,6.11789,15708.3,0.0,0.999987,0.0524663
5760_dose_600_gradient_0_VconcST_0_Vconc_2.4_run_0.csv,5760.0,600.0,0,2.4,0.0,2.4,0,25.75,18104.8,521.549,7.05126,18104.8,0.0,0.999989,0.0446234
5760_dose_600_gradient_0_VconcST_0_Vconc_2.4_run_0.csv,5760.0,600.0,0,2.4,0.0,2.4,0,26.0,20443.6,511.213,7.96213,20443.6,0.0,0.99999,0.039307
5760_dose_600_gradient_0_VconcST_0_Vconc_2.4_run_0.csv,5760.0,600.0,0,2.4,0.0,2.4,0,26.25,22725.7,501.081,8.85097,22725.7,0.0,0.999991,0.0350807
5760_dose_600_gradient_0_VconcST_0_Vconc_2.4_run_0.csv,5760.0,600.0,0,2.4,0.0,2.4,0,26.5,24952.5,491.15,9.71822,24952.5,0.0,0.999992,0.0317372
5760_dose_600_gradient_0_VconcST_0_Vconc_2.4_run_0.csv,5760.0,600.0,0,2.4,0.0,2.4,0,26.75,27124.9,481.416,10.5643,27124.9,0.0,0.999993,0.0289965
5760_dose_600_gradient_0_VconcST_0_Vconc_2.4_run_0.csv,5760.0,600.0,0,2.4,0.0,2.4,0,27.0,29244.3,471.875,11.3897,29244.3,0.0,0.999993,0.0267264
5760_dose_600_gradient_0_VconcST_0_Vconc_2.4_run_0.csv,5760.0,600.0,0,2.4,0.0,2.4,0,27.25,31311.5,462.523,12.1949,31311.5,0.0,0.999994,0.0249093
5760_dose_600_gradient_0_VconcST_0_Vconc_2.4_run_0.csv,5760.0,600.0,0,2.4,0.0,2.4,0,27.5,33327.7,453.356,12.9801,33327.7,0.0,0.999994,0.023329
5760_dose_600_gradient_0_VconcST_0_Vconc_2.4_run_0.csv,5760.0,600.0,0,2.4,0.0,2.4,0,27.75,35294.0,444.371,13.7459,35294.0,0.0,0.999994,0.0219685
5760_dose_600_gradient_0_VconcST_0_Vconc_2.4_run_0.csv,5760.0,600.0,0,2.4,0.0,2.4,0,28.0,37211.3,435.564,14.4926,37211.3,0.0,0.999995,0.0208076
5760_dose_600_gradient_0_VconcST_0_Vconc_2.4_run_0.csv,5760.0,600.0,0,2.4,0.0,2.4,0,28.25,39080.7,426.932,15.2207,39080.7,0.0,0.999995,0.0199029
5760_dose_600_gradient_0_VconcST_0_Vconc_2.4_run_0.csv,5760.0,600.0,0,2.4,0.0,2.4,0,28.5,40903.2,418.471,15.9305,40903.2,0.0,0.999995,0.0188109
5760_dose_600_gradient_0_VconcST_0_Vconc_2.4_run_0.csv,5760.0,600.0,0,2.4,0.0,2.4,0,28.75,42679.7,410.177,16.6224,42679.7,0.0,0.999995,0.0181267
5760_dose_600_gradient_0_VconcST_0_Vconc_2.4_run_0.csv,5760.0,600.0,0,2.4,0.0,2.4,0,29.0,44411.2,402.048,17.2968,44411.2,0.0,0.999996,0.0174395
5760_dose_600_gradient_0_VconcST_0_Vconc_2.4_run_0.csv,5760.0,600.0,0,2.4,0.0,2.4,0,29.25,46098.6,394.08,17.954,46098.6,0.0,0.999996,0.0167366
5760_dose_600_gradient_0_VconcST_0_Vconc_2.4_run_0.csv,5760.0,600.0,0,2.4,0.0,2.4,0,29.5,47742.8,386.27,18.5943,47742.8,0.0,0.999996,0.0160925
5760_dose_600_gradient_0_VconcST_0_Vconc_2.4_run_0.csv,5760.0,600.0,0,2.4,0.0,2.4,0,29.75,49344.8,378.614,19.2183,49344.8,0.0,0.999996,0.0156167
5760_dose_600_gradient_0_VconcST_0_Vconc_2.4_run_0.csv,5760.0,600.0,0,2.4,0.0,2.4,0,30.0,50905.4,371.11,19.8261,50905.4,0.0,0.999996,0.015164
5760_dose_600_gradient_0_VconcST_0_Vconc_2.4_run_0.csv,5760.0,600.0,0,2.4,0.0,2.4,0,30.25,52425.4,363.755,20.4181,52425.4,0.0,0.999996,0.014744
5760_dose_600_gradient_0_VconcST_0_Vconc_2.4_run_0.csv,5760.0,600.0,0,2.4,0.0,2.4,0,30.5,53905.6,356.546,20.9946,53905.6,0.0,0.999996,0.0142487
5760_dose_600_gradient_0_VconcST_0_Vconc_2.4_run_0.csv,5760.0,600.0,0,2.4,0.0,2.4,0,30.75,55347.0,349.48,21.5559,55347.0,0.0,0.999996,0.0138143
5760_dose_600_gradient_0_VconcST_0_Vconc_2.4_run_0.csv,5760.0,600.0,0,2.4,0.0,2.4,0,31.0,56750.3,342.554,22.1025,56750.3,0.0,0.999996,0.0135822
5760_dose_600_gradient_0_VconcST_0_Vconc_2.4_run_0.csv,5760.0,600.0,0,2.4,0.0,2.4,0,31.25,58116.3,335.765,22.6345,58116.3,0.0,0.999997,0.0131335
5760_dose_600_gradient_0_VconcST_0_Vconc_2.4_run_0.csv,5760.0,600.0,0,2.4,0.0,2.4,0,31.5,59445.8,329.11,23.1523,59445.8,0.0,0.999997,0.0128917
5760_dose_600_gradient_0_VconcST_0_Vconc_2.4_run_0.csv,5760.0,600.0,0,2.4,0.0,2.4,0,31.75,60739.5,322.588,23.6562,60739.5,0.0,0.999997,0.0126806
5760_dose_600_gradient_0_VconcST_0_Vconc_2.4_run_0.csv,5760.0,600.0,0,2.4,0.0,2.4,0,32.0,61998.2,316.194,24.1464,61998.2,0.0,0.999997,0.0122544
5760_dose_600_gradient_0_VconcST_0_Vconc_2.4_run_0.csv,5760.0,600.0,0,2.4,0.0,2.4,0,32.25,63222.6,309.928,24.6233,63222.6,0.0,0.999997,0.0119871
5760_dose_600_gradient_0_VconcST_0_Vconc_2.4_run_0.csv,5760.0,600.0,0,2.4,0.0,2.4,0,32.5,64413.5,303.785,25.0871,64413.5,0.0,0.999997,0.0117609
5760_dose_600_gradient_0_VconcST_0_Vconc_2.4_run_0.csv,5760.0,600.0,0,2.4,0.0,2.4,0,32.75,65571.4,297.765,25.538,65571.4,0.0,0.999997,0.0115614
5760_dose_600_gradient_0_VconcST_0_Vconc_2.4_run_0.csv,5760.0,600.0,0,2.4,0.0,2.4,0,33.0,66697.3,291.863,25.9765,66697.3,0.0,0.999997,0.0117609
5760_dose_600_gradient_0_VconcST_0_Vconc_2.4_run_0.csv,5760.0,600.0,0,2.4,0.0,2.4,0,33.25,67791.5,286.079,26.4027,67791.5,0.0,0.999997,0.0115533
5760_dose_600_gradient_0_VconcST_0_Vconc_2.4_run_0.csv,5760.0,600.0,0,2.4,0.0,2.4,0,33.5,68855.0,280.409,26.8169,68855.0,0.0,0.999997,0.0113086
5760_dose_600_gradient_0_VconcST_0_Vconc_2.4_run_0.csv,5760.0,600.0,0,2.4,0.0,2.4,0,33.75,69888.3,274.852,27.2193,69888.3,0.0,0.999997,0.0111416
5760_dose_600_gradient_0_VconcST_0_Vconc_2.4_run_0.csv,5760.0,600.0,0,2.4,0.0,2.4,0,34.0,70892.0,269.405,27.6102,70892.0,0.0,0.999997,0.0108738
5760_dose_600_gradient_0_VconcST_0_Vconc_2.4_run_0.csv,5760.0,600.0,0,2.4,0.0,2.4,0,34.25,71866.7,264.066,27.9898,71866.7,0.0,0.999997,0.0108814
5760_dose_600_gradient_0_VconcST_0_Vconc_2.4_run_0.csv,5760.0,600.0,0,2.4,0.0,2.4,0,34.5,72813.1,258.832,28.3584,72813.1,0.0,0.999997,0.0106397
5760_dose_600_gradient_0_VconcST_0_Vconc_2.4_run_0.csv,5760.0,600.0,0,2.4,0.0,2.4,0,34.75,73731.7,253.702,28.7162,73731.7,0.0,0.999997,0.0104251
5760_dose_600_gradient_0_VconcST_0_Vconc_2.4_run_0.csv,5760.0,600.0,0,2.4,0.0,2.4,0,35.0,74623.2,248.674,29.0634,74623.2,0.0,0.999997,0.0104167
5760_dose_600_gradient_0_VconcST_0_Vconc_2.4_run_0.csv,5760.0,600.0,0,2.4,0.0,2.4,0,35.25,75488.1,243.746,29.4003,75488.1,0.0,0.999997,0.0101777
5760_dose_600_gradient_0_VconcST_0_Vconc_2.4_run_0.csv,5760.0,600.0,0,2.4,0.0,2.4,0,35.5,76326.9,238.915,29.727,76326.9,0.0,0.999997,0.0102038
5760_dose_600_gradient_0_VconcST_0_Vconc_2.4_run_0.csv,5760.0,600.0,0,2.4,0.0,2.4,0,35.75,77140.3,234.18,30.0437,77140.3,0.0,0.999997,0.00996374
5760_dose_600_gradient_0_VconcST_0_Vconc_2.4_run_0.csv,5760.0,600.0,0,2.4,0.0,2.4,0,36.0,77928.7,229.539,30.3508,77928.7,0.0,0.999997,0.00996444
5760_dose_600_gradient_0_VconcST_0_Vconc_2.4_run_0.csv,5760.0,600.0,0,2.4,0.0,2.4,0,36.25,78692.7,224.99,30.6484,78692.7,0.0,0.999997,0.0099564
5760_dose_600_gradient_0_VconcST_0_Vconc_2.4_run_0.csv,5760.0,600.0,0,2.4,0.0,2.4,0,36.5,79432.9,220.531,30.9366,79432.9,0.0,0.999997,0.00972535
5760_dose_600_gradient_0_VconcST_0_Vconc_2.4_run_0.csv,5760.0,600.0,0,2.4,0.0,2.4,0,36.75,80149.6,216.16,31.2158,80149.6,0.0,0.999997,0.00974859
5760_dose_600_gradient_0_VconcST_0_Vconc_2.4_run_0.csv,5760.0,600.0,0,2.4,0.0,2.4,0,37.0,80843.5,211.876,31.486,80843.5,0.0,0.999997,0.00950483
5760_dose_600_gradient_0_VconcST_0_Vconc_2.4_run_0.csv,5760.0,600.0,0,2.4,0.0,2.4,0,37.25,81514.9,207.677,31.7475,81514.9,0.0,0.999997,0.00951351
5760_dose_600_gradient_0_VconcST_0_Vconc_2.4_run_0.csv,5760.0,600.0,0,2.4,0.0,2.4,0,37.5,82164.5,203.561,32.0005,82164.5,0.0,0.999998,0.00951952
5760_dose_600_gradient_0_VconcST_0_Vconc_2.4_run_0.csv,5760.0,600.0,0,2.4,0.0,2.4,0,37.75,82792.5,199.527,32.2451,82792.5,0.0,0.999998,0.00930625
5760_dose_600_gradient_0_VconcST_0_Vconc_2.4_run_0.csv,5760.0,600.0,0,2.4,0.0,2.4,0,38.0,83399.6,195.572,32.4815,83399.6,0.0,0.999998,0.00928605
5760_dose_600_gradient_0_VconcST_0_Vconc_2.4_run_0.csv,5760.0,600.0,0,2.4,0.0,2.4,0,38.25,83986.0,191.696,32.71,83986.0,0.0,0.999998,0.00928833
5760_dose_600_gradient_0_VconcST_0_Vconc_2.4_run_0.csv,5760.0,600.0,0,2.4,0.0,2.4,0,38.5,84552.4,187.897,32.9306,84552.4,0.0,0.999998,0.00906085
5760_dose_600_gradient_0_VconcST_0_Vconc_2.4_run_0.csv,5760.0,600.0,0,2.4,0.0,2.4,0,38.75,85099.1,184.173,33.1435,85099.1,0.0,0.999998,0.00905513
5760_dose_600_gradient_0_VconcST_0_Vconc_2.4_run_0.csv,5760.0,600.0,0,2.4,0.0,2.4,0,39.0,85626.6,180.523,33.3489,85626.6,0.0,0.999998,0.00906053
5760_dose_600_gradient_0_VconcST_0_Vconc_2.4_run_0.csv,5760.0,600.0,0,2.4,0.0,2.4,0,39.25,86135.1,176.945,33.547,86135.1,0.0,0.999998,0.00907897
5760_dose_600_gradient_0_VconcST_0_Vconc_2.4_run_0.csv,5760.0,600.0,0,2.4,0.0,2.4,0,39.5,86625.3,173.438,33.7379,86625.3,0.0,0.999998,0.00882592
5760_dose_600_gradient_0_VconcST_0_Vconc_2.4_run_0.csv,5760.0,600.0,0,2.4,0.0,2.4,0,39.75,87097.4,170.001,33.9217,87097.4,0.0,0.999998,0.00883119
5760_dose_600_gradient_0_VconcST_0_Vconc_2.4_run_0.csv,5760.0,600.0,0,2.4,0.0,2.4,0,40.0,87551.8,166.632,34.0987,87551.8,0.0,0.999998,0.00884391
5760_dose_600_gradient_0_VconcST_0_Vconc_2.4_run_0.csv,5760.0,600.0,0,2.4,0.0,2.4,0,40.25,87989.0,163.329,34.269,87989.0,0.0,0.999998,0.00883583
5760_dose_600_gradient_0_VconcST_0_Vconc_2.4_run_0.csv,5760.0,600.0,0,2.4,0.0,2.4,0,40.5,88409.3,160.092,34.4327,88409.3,0.0,0.999998,0.00882499
5760_dose_600_gradient_0_VconcST_0_Vconc_2.4_run_0.csv,5760.0,600.0,0,2.4,0.0,2.4,0,40.75,88813.0,156.919,34.5899,88813.0,0.0,0.999998,0.00860928
5760_dose_600_gradient_0_VconcST_0_Vconc_2.4_run_0.csv,5760.0,600.0,0,2.4,0.0,2.4,0,41.0,89200.5,153.809,34.7408,89200.5,0.0,0.999998,0.00860807
5760_dose_600_gradient_0_VconcST_0_Vconc_2.4_run_0.csv,5760.0,600.0,0,2.4,0.0,2.4,0,41.25,89572.2,150.761,34.8856,89572.2,0.0,0.999998,0.00861471
5760_dose_600_gradient_0_VconcST_0_Vconc_2.4_run_0.csv,5760.0,600.0,0,2.4,0.0,2.4,0,41.5,89928.5,147.773,35.0244,89928.5,0.0,0.999998,0.00861924
5760_dose_600_gradient_0_VconcST_0_Vconc_4.8_run_2.csv,5760.0,600.0,0,4.8,0.0,4.8,2,0.0,0.0,0.0,0.0,0.0,0.0,0.0,0.0
5760_dose_600_gradient_0_VconcST_0_Vconc_4.8_run_2.csv,5760.0,600.0,0,4.8,0.0,4.8,2,0.25,0.0,0.0,0.0,0.0,0.0,0.0,10000.0
5760_dose_600_gradient_0_VconcST_0_Vconc_4.8_run_2.csv,5760.0,600.0,0,4.8,0.0,4.8,2,0.5,0.0,0.0,0.0,0.0,0.0,0.0,233.325
5760_dose_600_gradient_0_VconcST_0_Vconc_4.8_run_2.csv,5760.0,600.0,0,4.8,0.0,4.8,2,0.75,0.0,0.0,0.0,0.0,0.0,0.0,10000.0
5760_dose_600_gradient_0_VconcST_0_Vconc_4.8_run_2.csv,5760.0,600.0,0,4.8,0.0,4.8,2,1.0,0.0,0.0,0.0,0.0,0.0,0.0,200.447
5760_dose_600_gradient_0_VconcST_0_Vconc_4.8_run_2.csv,5760.0,600.0,0,4.8,0.0,4.8,2,1.25,0.0,0.0,0.0,0.0,0.0,0.0,10000.0
5760_dose_600_gradient_0_VconcST_0_Vconc_4.8_run_2.csv,5760.0,600.0,0,4.8,0.0,4.8,2,1.5,0.0,0.0,0.0,0.0,0.0,0.0,214.577
5760_dose_600_gradient_0_VconcST_0_Vconc_4.8_run_2.csv,5760.0,600.0,0,4.8,0.0,4.8,2,1.75,0.0,0.0,0.0,0.0,0.0,0.0,10000.0
5760_dose_600_gradient_0_VconcST_0_Vconc_4.8_run_2.csv,5760.0,600.0,0,4.8,0.0,4.8,2,2.0,0.0,0.0,0.0,0.0,0.0,0.0,194.428
5760_dose_600_gradient_0_VconcST_0_Vconc_4.8_run_2.csv,5760.0,600.0,0,4.8,0.0,4.8,2,2.25,0.0,0.0,0.0,0.0,0.0,0.0,10000.0
5760_dose_600_gradient_0_VconcST_0_Vconc_4.8_run_2.csv,5760.0,600.0,0,4.8,0.0,4.8,2,2.5,0.0,0.0,0.0,0.0,0.0,0.0,185.732
5760_dose_600_gradient_0_VconcST_0_Vconc_4.8_run_2.csv,5760.0,600.0,0,4.8,0.0,4.8,2,2.75,0.0,0.0,0.0,0.0,0.0,0.0,10000.0
5760_dose_600_gradient_0_VconcST_0_Vconc_4.8_run_2.csv,5760.0,600.0,0,4.8,0.0,4.8,2,3.0,0.0,0.0,0.0,0.0,0.0,0.0,181.676
5760_dose_600_gradient_0_VconcST_0_Vconc_4.8_run_2.csv,5760.0,600.0,0,4.8,0.0,4.8,2,3.25,0.0,0.0,0.0,0.0,0.0,0.0,10000.0
5760_dose_600_gradient_0_VconcST_0_Vconc_4.8_run_2.csv,5760.0,600.0,0,4.8,0.0,4.8,2,3.5,0.0,0.0,0.0,0.0,0.0,0.0,182.899
5760_dose_600_gradient_0_VconcST_0_Vconc_4.8_run_2.csv,5760.0,600.0,0,4.8,0.0,4.8,2,3.75,0.0,0.0,0.0,0.0,0.0,0.0,10000.0
5760_dose_600_gradient_0_VconcST_0_Vconc_4.8_run_2.csv,5760.0,600.0,0,4.8,0.0,4.8,2,4.0,0.0,0.0,0.0,0.0,0.0,0.0,3100.44
5760_dose_600_gradient_0_VconcST_0_Vconc_4.8_run_2.csv,5760.0,600.0,0,4.8,0.0,4.8,2,4.25,0.0,0.0,0.0,0.0,0.0,0.0,582.072
5760_dose_600_gradient_0_VconcST_0_Vconc_4.8_run_2.csv,5760.0,600.0,0,4.8,0.0,4.8,2,4.5,0.0,0.0,0.0,0.0,0.0,0.0,7822.45
5760_dose_600_gradient_0_VconcST_0_Vconc_4.8_run_2.csv,5760.0,600.0,0,4.8,0.0,4.8,2,4.75,0.0,0.0,0.0,0.0,0.0,0.0,588.665
5760_dose_600_gradient_0_VconcST_0_Vconc_4.8_run_2.csv,5760.0,600.0,0,4.8,0.0,4.8,2,5.0,0.0,0.0,0.0,0.0,0.0,0.0,9916.74
5760_dose_600_gradient_0_VconcST_0_Vconc_4.8_run_2.csv,5760.0,600.0,0,4.8,0.0,4.8,2,5.25,0.0,0.0,0.0,0.0,0.0,0.0,584.418
5760_dose_600_gradient_0_VconcST_0_Vconc_4.8_run_2.csv,5760.0,600.0,0,4.8,0.0,4.8,2,5.5,0.0,0.0,0.0,0.0,0.0,0.0,10000.0
5760_dose_600_gradient_0_VconcST_0_Vconc_4.8_run_2.csv,5760.0,600.0,0,4.8,0.0,4.8,2,5.75,0.0,0.0,0.0,0.0,0.0,0.0,575.878
5760_dose_600_gradient_0_VconcST_0_Vconc_4.8_run_2.csv,5760.0,600.0,0,4.8,0.0,4.8,2,6.0,0.0,0.0,0.0,0.0,0.0,0.0,10000.0
5760_dose_600_gradient_0_VconcST_0_Vconc_4.8_run_2.csv,5760.0,600.0,0,4.8,0.0,4.8,2,6.25,0.0,0.0,0.0,0.0,0.0,0.0,412.52
5760_dose_600_gradient_0_VconcST_0_Vconc_4.8_run_2.csv,5760.0,600.0,0,4.8,0.0,4.8,2,6.5,0.0,0.0,0.0,0.0,0.0,0.0,10000.0
5760_dose_600_gradient_0_VconcST_0_Vconc_4.8_run_2.csv,5760.0,600.0,0,4.8,0.0,4.8,2,6.75,0.0,0.0,0.0,0.0,0.0,0.0,289.782
5760_dose_600_gradient_0_VconcST_0_Vconc_4.8_run_2.csv,5760.0,600.0,0,4.8,0.0,4.8,2,7.0,0.0,0.0,0.0,0.0,0.0,0.0,10000.0
5760_dose_600_gradient_0_VconcST_0_Vconc_4.8_run_2.csv,5760.0,600.0,0,4.8,0.0,4.8,2,7.25,0.0,0.0,0.0,0.0,0.0,0.0,245.248
5760_dose_600_gradient_0_VconcST_0_Vconc_4.8_run_2.csv,5760.0,600.0,0,4.8,0.0,4.8,2,7.5,0.0,0.0,0.0,0.0,0.0,0.0,10000.0
5760_dose_600_gradient_0_VconcST_0_Vconc_4.8_run_2.csv,5760.0,600.0,0,4.8,0.0,4.8,2,7.75,0.0,0.0,0.0,0.0,0.0,0.0,230.052
5760_dose_600_gradient_0_VconcST_0_Vconc_4.8_run_2.csv,5760.0,600.0,0,4.8,0.0,4.8,2,8.0,0.0,0.0,0.0,0.0,0.0,0.0,10000.0
5760_dose_600_gradient_0_VconcST_0_Vconc_4.8_run_2.csv,5760.0,600.0,0,4.8,0.0,4.8,2,8.25,0.0,0.0,0.0,0.0,0.0,0.0,215.053
5760_dose_600_gradient_0_VconcST_0_Vconc_4.8_run_2.csv,5760.0,600.0,0,4.8,0.0,4.8,2,8.5,0.0,0.0,0.0,0.0,0.0,0.0,10000.0
5760_dose_600_gradient_0_VconcST_0_Vconc_4.8_run_2.csv,5760.0,600.0,0,4.8,0.0,4.8,2,8.75,0.0,0.0,0.0,0.0,0.0,0.0,205.487
5760_dose_600_gradient_0_VconcST_0_Vconc_4.8_run_2.csv,5760.0,600.0,0,4.8,0.0,4.8,2,9.0,0.0,0.0,0.0,0.0,0.0,0.0,10000.0
5760_dose_600_gradient_0_VconcST_0_Vconc_4.8_run_2.csv,5760.0,600.0,0,4.8,0.0,4.8,2,9.25,0.0,0.0,0.0,0.0,0.0,0.0,194.972
5760_dose_600_gradient_0_VconcST_0_Vconc_4.8_run_2.csv,5760.0,600.0,0,4.8,0.0,4.8,2,9.5,0.0,0.0,0.0,0.0,0.0,0.0,10000.0
5760_dose_600_gradient_0_VconcST_0_Vconc_4.8_run_2.csv,5760.0,600.0,0,4.8,0.0,4.8,2,9.75,0.0,0.0,0.0,0.0,0.0,0.0,188.275
5760_dose_600_gradient_0_VconcST_0_Vconc_4.8_run_2.csv,5760.0,600.0,0,4.8,0.0,4.8,2,10.0,0.0,0.0,0.0,0.0,0.0,0.0,10000.0
5760_dose_600_gradient_0_VconcST_0_Vconc_4.8_run_2.csv,5760.0,600.0,0,4.8,0.0,4.8,2,10.25,0.0,0.0,0.0,0.0,0.0,0.0,188.211
5760_dose_600_gradient_0_VconcST_0_Vconc_4.8_run_2.csv,5760.0,600.0,0,4.8,0.0,4.8,2,10.5,0.0,0.0,0.0,0.0,0.0,0.0,10000.0
5760_dose_600_gradient_0_VconcST_0_Vconc_4.8_run_2.csv,5760.0,600.0,0,4.8,0.0,4.8,2,10.75,0.0,0.0,0.0,0.0,0.0,0.0,188.599
5760_dose_600_gradient_0_VconcST_0_Vconc_4.8_run_2.csv,5760.0,600.0,0,4.8,0.0,4.8,2,11.0,0.0,0.0,0.0,0.0,0.0,0.0,10000.0
5760_dose_600_gradient_0_VconcST_0_Vconc_4.8_run_2.csv,5760.0,600.0,0,4.8,0.0,4.8,2,11.25,0.0,0.0,0.0,0.0,0.0,0.0,184.955
5760_dose_600_gradient_0_VconcST_0_Vconc_4.8_run_2.csv,5760.0,600.0,0,4.8,0.0,4.8,2,11.5,0.0,0.0,0.0,0.0,0.0,0.0,5293.13
5760_dose_600_gradient_0_VconcST_0_Vconc_4.8_run_2.csv,5760.0,600.0,0,4.8,0.0,4.8,2,11.75,0.0,0.0,0.0,0.0,0.0,0.0,5012.0
5760_dose_600_gradient_0_VconcST_0_Vconc_4.8_run_2.csv,5760.0,600.0,0,4.8,0.0,4.8,2,12.0,0.0,0.0,0.0,0.0,0.0,0.0,579.679
5760_dose_600_gradient_0_VconcST_0_Vconc_4.8_run_2.csv,5760.0,600.0,0,4.8,0.0,4.8,2,12.25,0.0,0.0,0.0,0.0,0.0,0.0,8762.4
5760_dose_600_gradient_0_VconcST_0_Vconc_4.8_run_2.csv,5760.0,600.0,0,4.8,0.0,4.8,2,12.5,0.0,0.0,0.0,0.0,0.0,0.0,570.299
5760_dose_600_gradient_0_VconcST_0_Vconc_4.8_run_2.csv,5760.0,600.0,0,4.8,0.0,4.8,2,12.75,0.0,0.0,0.0,0.0,0.0,0.0,10000.0
5760_dose_600_gradient_0_VconcST_0_Vconc_4.8_run_2.csv,5760.0,600.0,0,4.8,0.0,4.8,2,13.0,0.0,0.0,0.0,0.0,0.0,0.0,579.378
5760_dose_600_gradient_0_VconcST_0_Vconc_4.8_run_2.csv,5760.0,600.0,0,4.8,0.0,4.8,2,13.25,0.0,0.0,0.0,0.0,0.0,0.0,10000.0
5760_dose_600_gradient_0_VconcST_0_Vconc_4.8_run_2.csv,5760.0,600.0,0,4.8,0.0,4.8,2,13.5,0.0,0.0,0.0,0.0,0.0,0.0,499.387
5760_dose_600_gradient_0_VconcST_0_Vconc_4.8_run_2.csv,5760.0,600.0,0,4.8,0.0,4.8,2,13.75,0.0,0.0,0.0,0.0,0.0,0.0,10000.0
5760_dose_600_gradient_0_VconcST_0_Vconc_4.8_run_2.csv,5760.0,600.0,0,4.8,0.0,4.8,2,14.0,0.0,0.0,0.0,0.0,0.0,0.0,338.075
5760_dose_600_gradient_0_VconcST_0_Vconc_4.8_run_2.csv,5760.0,600.0,0,4.8,0.0,4.8,2,14.25,0.0,0.0,0.0,0.0,0.0,0.0,10000.0
5760_dose_600_gradient_0_VconcST_0_Vconc_4.8_run_2.csv,5760.0,600.0,0,4.8,0.0,4.8,2,14.5,0.0,0.0,0.0,0.0,0.0,0.0,274.731
5760_dose_600_gradient_0_VconcST_0_Vconc_4.8_run_2.csv,5760.0,600.0,0,4.8,0.0,4.8,2,14.75,0.0,0.0,0.0,0.0,0.0,0.0,10000.0
5760_dose_600_gradient_0_VconcST_0_Vconc_4.8_run_2.csv,5760.0,600.0,0,4.8,0.0,4.8,2,15.0,0.0,0.0,0.0,0.0,0.0,0.0,244.373
5760_dose_600_gradient_0_VconcST_0_Vconc_4.8_run_2.csv,5760.0,600.0,0,4.8,0.0,4.8,2,15.25,0.0,0.0,0.0,0.0,0.00349392,0.0,10000.0
5760_dose_600_gradient_0_VconcST_0_Vconc_4.8_run_2.csv,5760.0,600.0,0,4.8,0.0,4.8,2,15.5,0.0,0.0,0.0,0.0,0.0,0.0,227.08
5760_dose_600_gradient_0_VconcST_0_Vconc_4.8_run_2.csv,5760.0,600.0,0,4.8,0.0,4.8,2,15.75,0.0,0.0,0.0,0.0,0.0,0.0,10000.0
5760_dose_600_gradient_0_VconcST_0_Vconc_4.8_run_2.csv,5760.0,600.0,0,4.8,0.0,4.8,2,16.0,0.0,0.0,0.0,0.0,0.0,0.0,209.045
5760_dose_600_gradient_0_VconcST_0_Vconc_4.8_run_2.csv,5760.0,600.0,0,4.8,0.0,4.8,2,16.25,0.0,0.0,0.0,0.0,0.0,0.0,10000.0
5760_dose_600_gradient_0_VconcST_0_Vconc_4.8_run_2.csv,5760.0,600.0,0,4.8,0.0,4.8,2,16.5,0.0,0.0,0.0,0.0,0.0,0.0,194.538
5760_dose_600_gradient_0_VconcST_0_Vconc_4.8_run_2.csv,5760.0,600.0,0,4.8,0.0,4.8,2,16.75,0.0,0.0,0.0,0.0,0.0,0.0,10000.0
5760_dose_600_gradient_0_VconcST_0_Vconc_4.8_run_2.csv,5760.0,600.0,0,4.8,0.0,4.8,2,17.0,0.0,0.0,0.0,0.0,0.00123698,0.0,191.664
5760_dose_600_gradient_0_VconcST_0_Vconc_4.8_run_2.csv,5760.0,600.0,0,4.8,0.0,4.8,2,17.25,0.0,0.0,0.0,0.0,0.0,0.0,10000.0
5760_dose_600_gradient_0_VconcST_0_Vconc_4.8_run_2.csv,5760.0,600.0,0,4.8,0.0,4.8,2,17.5,0.0,0.0,0.0,0.0,0.00185547,0.0,189.509
5760_dose_600_gradient_0_VconcST_0_Vconc_4.8_run_2.csv,5760.0,600.0,0,4.8,0.0,4.8,2,17.75,0.0,0.0,0.0,0.0,0.0,0.0,10000.0
5760_dose_600_gradient_0_VconcST_0_Vconc_4.8_run_2.csv,5760.0,600.0,0,4.8,0.0,4.8,2,18.0,0.0,0.0,0.0,0.0,0.0,0.0,187.435
5760_dose_600_gradient_0_VconcST_0_Vconc_4.8_run_2.csv,5760.0,600.0,0,4.8,0.0,4.8,2,18.25,0.0,0.0,0.0,0.0,0.0,0.0,10000.0
5760_dose_600_gradient_0_VconcST_0_Vconc_4.8_run_2.csv,5760.0,600.0,0,4.8,0.0,4.8,2,18.5,0.0,0.0,0.0,0.0,0.0,0.0,189.132
5760_dose_600_gradient_0_VconcST_0_Vconc_4.8_run_2.csv,5760.0,600.0,0,4.8,0.0,4.8,2,18.75,0.0,0.0,0.0,0.0,0.0,0.0,10000.0
5760_dose_600_gradient_0_VconcST_0_Vconc_4.8_run_2.csv,5760.0,600.0,0,4.8,0.0,4.8,2,19.0,0.0,0.0,0.0,0.0,0.0,0.0,3490.85
5760_dose_600_gradient_0_VconcST_0_Vconc_4.8_run_2.csv,5760.0,600.0,0,4.8,0.0,4.8,2,19.25,0.0,0.0,0.0,0.0,0.0,0.0,5290.1
5760_dose_600_gradient_0_VconcST_0_Vconc_4.8_run_2.csv,5760.0,600.0,0,4.8,0.0,4.8,2,19.5,0.0,0.0,0.0,0.0,0.0,0.0,7800.81
5760_dose_600_gradient_0_VconcST_0_Vconc_4.8_run_2.csv,5760.0,600.0,0,4.8,0.0,4.8,2,19.75,0.0,0.0,0.0,0.0,0.0,0.0,581.197
5760_dose_600_gradient_0_VconcST_0_Vconc_4.8_run_2.csv,5760.0,600.0,0,4.8,0.0,4.8,2,20.0,0.0,0.0,0.0,0.0,0.0,0.0,9342.69
5760_dose_600_gradient_0_VconcST_0_Vconc_4.8_run_2.csv,5760.0,600.0,0,4.8,0.0,4.8,2,20.25,0.0,0.0,0.0,0.0,0.0,0.0,572.993
5760_dose_600_gradient_0_VconcST_0_Vconc_4.8_run_2.csv,5760.0,600.0,0,4.8,0.0,4.8,2,20.5,0.0,0.0,0.0,0.0,0.0,0.0,10000.0
5760_dose_600_gradient_0_VconcST_0_Vconc_4.8_run_2.csv,5760.0,600.0,0,4.8,0.0,4.8,2,20.75,0.0,0.0,0.0,0.0,0.0,0.0,558.353
5760_dose_600_gradient_0_VconcST_0_Vconc_4.8_run_2.csv,5760.0,600.0,0,4.8,0.0,4.8,2,21.0,0.0,0.0,0.0,0.0,0.0,0.0,10000.0
5760_dose_600_gradient_0_VconcST_0_Vconc_4.8_run_2.csv,5760.0,600.0,0,4.8,0.0,4.8,2,21.25,0.0,0.0,0.0,0.0,0.0,0.0,463.775
5760_dose_600_gradient_0_VconcST_0_Vconc_4.8_run_2.csv,5760.0,600.0,0,4.8,0.0,4.8,2,21.5,0.0,0.0,0.0,0.0,0.0,0.0,10000.0
5760_dose_600_gradient_0_VconcST_0_Vconc_4.8_run_2.csv,5760.0,600.0,0,4.8,0.0,4.8,2,21.75,0.0,0.0,0.0,0.0,0.0,0.0,310.012
5760_dose_600_gradient_0_VconcST_0_Vconc_4.8_run_2.csv,5760.0,600.0,0,4.8,0.0,4.8,2,22.0,0.0,0.0,0.0,0.0,0.0,0.0,10000.0
5760_dose_600_gradient_0_VconcST_0_Vconc_4.8_run_2.csv,5760.0,600.0,0,4.8,0.0,4.8,2,22.25,0.0,0.0,0.0,0.0,0.0,0.0,257.837
5760_dose_600_gradient_0_VconcST_0_Vconc_4.8_run_2.csv,5760.0,600.0,0,4.8,0.0,4.8,2,22.5,0.0,0.0,0.0,0.0,0.0040625,0.0,10000.0
5760_dose_600_gradient_0_VconcST_0_Vconc_4.8_run_2.csv,5760.0,600.0,0,4.8,0.0,4.8,2,22.75,0.0,0.0,0.0,0.0,0.0,0.0,248.185
5760_dose_600_gradient_0_VconcST_0_Vconc_4.8_run_2.csv,5760.0,600.0,0,4.8,0.0,4.8,2,23.0,0.0,0.0,0.0,0.0,0.00546007,0.0,10000.0
5760_dose_600_gradient_0_VconcST_0_Vconc_4.8_run_2.csv,5760.0,600.0,0,4.8,0.0,4.8,2,23.25,0.0,0.0,0.0,0.0,0.0,0.0,222.503
5760_dose_600_gradient_0_VconcST_0_Vconc_4.8_run_2.csv,5760.0,600.0,0,4.8,0.0,4.8,2,23.5,0.0,0.0,0.0,0.0,0.0,0.0,10000.0
5760_dose_600_gradient_0_VconcST_0_Vconc_4.8_run_2.csv,5760.0,600.0,0,4.8,0.0,4.8,2,23.75,0.0,0.0,0.0,0.0,0.0,0.0,208.431
5760_dose_600_gradient_0_VconcST_0_Vconc_4.8_run_2.csv,5760.0,600.0,0,4.8,0.0,4.8,2,24.0,46.7175,600.0,0.018195,46.7175,0.0,0.0,10000.0
5760_dose_600_gradient_0_VconcST_0_Vconc_4.8_run_2.csv,5760.0,600.0,0,4.8,0.0,4.8,2,24.25,2816.07,588.109,1.09677,2816.07,0.0,0.999928,0.0222067
5760_dose_600_gradient_0_VconcST_0_Vconc_4.8_run_2.csv,5760.0,600.0,0,4.8,0.0,4.8,2,24.5,5520.02,576.453,2.14988,5520.02,0.0,0.999963,0.361415
5760_dose_600_gradient_0_VconcST_0_Vconc_4.8_run_2.csv,5760.0,600.0,0,4.8,0.0,4.8,2,24.75,8159.93,565.029,3.17804,8159.93,0.0,0.999975,0.220255
5760_dose_600_gradient_0_VconcST_0_Vconc_4.8_run_2.csv,5760.0,600.0,0,4.8,0.0,4.8,2,25.0,10737.1,553.83,4.18176,10737.1,0.0,0.999981,0.160197
5760_dose_600_gradient_0_VconcST_0_Vconc_4.8_run_2.csv,5760.0,600.0,0,4.8,0.0,4.8,2,25.25,13252.8,542.853,5.16155,13252.8,0.0,0.999985,0.126532
5760_dose_600_gradient_0_VconcST_0_Vconc_4.8_run_2.csv,5760.0,600.0,0,4.8,0.0,4.8,2,25.5,15708.3,532.094,6.11789,15708.3,0.0,0.999987,0.104485
5760_dose_600_gradient_0_VconcST_0_Vconc_4.8_run_2.csv,5760.0,600.0,0,4.8,0.0,4.8,2,25.75,18104.8,521.549,7.05126,18104.8,0.0,0.999989,0.0892331
5760_dose_600_gradient_0_VconcST_0_Vconc_4.8_run_2.csv,5760.0,600.0,0,4.8,0.0,4.8,2,26.0,20443.6,511.213,7.96213,20443.6,0.0,0.99999,0.0783071
5760_dose_600_gradient_0_VconcST_0_Vconc_4.8_run_2.csv,5760.0,600.0,0,4.8,0.0,4.8,2,26.25,22725.7,501.081,8.85097,22725.7,0.0,0.999991,0.0701107
5760_dose_600_gradient_0_VconcST_0_Vconc_4.8_run_2.csv,5760.0,600.0,0,4.8,0.0,4.8,2,26.5,24952.5,491.15,9.71822,24952.5,0.0,0.999992,0.0633639
5760_dose_600_gradient_0_VconcST_0_Vconc_4.8_run_2.csv,5760.0,600.0,0,4.8,0.0,4.8,2,26.75,27124.9,481.416,10.5643,27124.9,0.0,0.999993,0.0579735
5760_dose_600_gradient_0_VconcST_0_Vconc_4.8_run_2.csv,5760.0,600.0,0,4.8,0.0,4.8,2,27.0,29244.3,471.875,11.3897,29244.3,0.0,0.999993,0.0534407
5760_dose_600_gradient_0_VconcST_0_Vconc_4.8_run_2.csv,5760.0,600.0,0,4.8,0.0,4.8,2,27.25,31311.5,462.523,12.1949,31311.5,0.0,0.999994,0.0498633
5760_dose_600_gradient_0_VconcST_0_Vconc_4.8_run_2.csv,5760.0,600.0,0,4.8,0.0,4.8,2,27.5,33327.7,453.356,12.9801,33327.7,0.0,0.999994,0.0465902
5760_dose_600_gradient_0_VconcST_0_Vconc_4.8_run_2.csv,5760.0,600.0,0,4.8,0.0,4.8,2,27.75,35294.0,444.371,13.7459,35294.0,0.0,0.999994,0.0440074
5760_dose_600_gradient_0_VconcST_0_Vconc_4.8_run_2.csv,5760.0,600.0,0,4.8,0.0,4.8,2,28.0,37211.3,435.564,14.4926,37211.3,0.0,0.999995,0.0417025
5760_dose_600_gradient_0_VconcST_0_Vconc_4.8_run_2.csv,5760.0,600.0,0,4.8,0.0,4.8,2,28.25,39080.7,426.932,15.2207,39080.7,0.0,0.999995,0.0398055
5760_dose_600_gradient_0_VconcST_0_Vconc_4.8_run_2.csv,5760.0,600.0,0,4.8,0.0,4.8,2,28.5,40903.2,418.471,15.9305,40903.2,0.0,0.999995,0.0375438
5760_dose_600_gradient_0_VconcST_0_Vconc_4.8_run_2.csv,5760.0,600.0,0,4.8,0.0,4.8,2,28.75,42679.7,410.177,16.6224,42679.7,0.0,0.999995,0.036187
5760_dose_600_gradient_0_VconcST_0_Vconc_4.8_run_2.csv,5760.0,600.0,0,4.8,0.0,4.8,2,29.0,44411.2,402.048,17.2968,44411.2,0.0,0.999996,0.0348507
5760_dose_600_gradient_0_VconcST_0_Vconc_4.8_run_2.csv,5760.0,600.0,0,4.8,0.0,4.8,2,29.25,46098.6,394.08,17.954,46098.6,0.0,0.999996,0.0335328
5760_dose_600_gradient_0_VconcST_0_Vconc_4.8_run_2.csv,5760.0,600.0,0,4.8,0.0,4.8,2,29.5,47742.8,386.27,18.5943,47742.8,0.0,0.999996,0.0321159
5760_dose_600_gradient_0_VconcST_0_Vconc_4.8_run_2.csv,5760.0,600.0,0,4.8,0.0,4.8,2,29.75,49344.8,378.614,19.2183,49344.8,0.0,0.999996,0.0312264
5760_dose_600_gradient_0_VconcST_0_Vconc_4.8_run_2.csv,5760.0,600.0,0,4.8,0.0,4.8,2,30.0,50905.4,371.11,19.8261,50905.4,0.0,0.999996,0.030428
5760_dose_600_gradient_0_VconcST_0_Vconc_4.8_run_2.csv,5760.0,600.0,0,4.8,0.0,4.8,2,30.25,52425.4,363.755,20.4181,52425.4,0.0,0.999996,0.0294909
5760_dose_600_gradient_0_VconcST_0_Vconc_4.8_run_2.csv,5760.0,600.0,0,4.8,0.0,4.8,2,30.5,53905.6,356.546,20.9946,53905.6,0.0,0.999996,0.0284971
5760_dose_600_gradient_0_VconcST_0_Vconc_4.8_run_2.csv,5760.0,600.0,0,4.8,0.0,4.8,2,30.75,55347.0,349.48,21.5559,55347.0,0.0,0.999996,0.0276431
5760_dose_600_gradient_0_VconcST_0_Vconc_4.8_run_2.csv,5760.0,600.0,0,4.8,0.0,4.8,2,31.0,56750.3,342.554,22.1025,56750.3,0.0,0.999996,0.0271595
5760_dose_600_gradient_0_VconcST_0_Vconc_4.8_run_2.csv,5760.0,600.0,0,4.8,0.0,4.8,2,31.25,58116.3,335.765,22.6345,58116.3,0.0,0.999997,0.0262824
5760_dose_600_gradient_0_VconcST_0_Vconc_4.8_run_2.csv,5760.0,600.0,0,4.8,0.0,4.8,2,31.5,59445.8,329.11,23.1523,59445.8,0.0,0.999997,0.025814
5760_dose_600_gradient_0_VconcST_0_Vconc_4.8_run_2.csv,5760.0,600.0,0,4.8,0.0,4.8,2,31.75,60739.5,322.588,23.6562,60739.5,0.0,0.999997,0.0253567
5760_dose_600_gradient_0_VconcST_0_Vconc_4.8_run_2.csv,5760.0,600.0,0,4.8,0.0,4.8,2,32.0,61998.2,316.194,24.1464,61998.2,0.0,0.999997,0.0244726
5760_dose_600_gradient_0_VconcST_0_Vconc_4.8_run_2.csv,5760.0,600.0,0,4.8,0.0,4.8,2,32.25,63222.6,309.928,24.6233,63222.6,0.0,0.999997,0.0240076
5760_dose_600_gradient_0_VconcST_0_Vconc_4.8_run_2.csv,5760.0,600.0,0,4.8,0.0,4.8,2,32.5,64413.5,303.785,25.0871,64413.5,0.0,0.999997,0.0235579
5760_dose_600_gradient_0_VconcST_0_Vconc_4.8_run_2.csv,5760.0,600.0,0,4.8,0.0,4.8,2,32.75,65571.4,297.765,25.538,65571.4,0.0,0.999997,0.0231422
5760_dose_600_gradient_0_VconcST_0_Vconc_4.8_run_2.csv,5760.0,600.0,0,4.8,0.0,4.8,2,33.0,66697.3,291.863,25.9765,66697.3,0.0,0.999997,0.0235504
5760_dose_600_gradient_0_VconcST_0_Vconc_4.8_run_2.csv,5760.0,600.0,0,4.8,0.0,4.8,2,33.25,67791.5,286.079,26.4027,67791.5,0.0,0.999997,0.0231252
5760_dose_600_gradient_0_VconcST_0_Vconc_4.8_run_2.csv,5760.0,600.0,0,4.8,0.0,4.8,2,33.5,68855.0,280.409,26.8169,68855.0,0.0,0.999997,0.0226735
5760_dose_600_gradient_0_VconcST_0_Vconc_4.8_run_2.csv,5760.0,600.0,0,4.8,0.0,4.8,2,33.75,69888.3,274.852,27.2193,69888.3,0.0,0.999997,0.0221965
5760_dose_600_gradient_0_VconcST_0_Vconc_4.8_run_2.csv,5760.0,600.0,0,4.8,0.0,4.8,2,34.0,70892.0,269.405,27.6102,70892.0,0.0,0.999997,0.0217801
5760_dose_600_gradient_0_VconcST_0_Vconc_4.8_run_2.csv,5760.0,600.0,0,4.8,0.0,4.8,2,34.25,71866.7,264.066,27.9898,71866.7,0.0,0.999997,0.0217694
5760_dose_600_gradient_0_VconcST_0_Vconc_4.8_run_2.csv,5760.0,600.0,0,4.8,0.0,4.8,2,34.5,72813.1,258.832,28.3584,72813.1,0.0,0.999997,0.02126
5760_dose_600_gradient_0_VconcST_0_Vconc_4.8_run_2.csv,5760.0,600.0,0,4.8,0.0,4.8,2,34.75,73731.7,253.702,28.7162,73731.7,0.0,0.999997,0.0208368
5760_dose_600_gradient_0_VconcST_0_Vconc_4.8_run_2.csv,5760.0,600.0,0,4.8,0.0,4.8,2,35.0,74623.2,248.674,29.0634,74623.2,0.0,0.999997,0.0208178
5760_dose_600_gradient_0_VconcST_0_Vconc_4.8_run_2.csv,5760.0,600.0,0,4.8,0.0,4.8,2,35.25,75488.1,243.746,29.4003,75488.1,0.0,0.999997,0.0203868
5760_dose_600_gradient_0_VconcST_0_Vconc_4.8_run_2.csv,5760.0,600.0,0,4.8,0.0,4.8,2,35.5,76326.9,238.915,29.727,76326.9,0.0,0.999997,0.0204026
5760_dose_600_gradient_0_VconcST_0_Vconc_4.8_run_2.csv,5760.0,600.0,0,4.8,0.0,4.8,2,35.75,77140.3,234.18,30.0437,77140.3,0.0,0.999997,0.0199029
5760_dose_600_gradient_0_VconcST_0_Vconc_4.8_run_2.csv,5760.0,600.0,0,4.8,0.0,4.8,2,36.0,77928.7,229.539,30.3508,77928.7,0.0,0.999997,0.0199127
5760_dose_600_gradient_0_VconcST_0_Vconc_4.8_run_2.csv,5760.0,600.0,0,4.8,0.0,4.8,2,36.25,78692.7,224.99,30.6484,78692.7,0.0,0.999997,0.0199749
5760_dose_600_gradient_0_VconcST_0_Vconc_4.8_run_2.csv,5760.0,600.0,0,4.8,0.0,4.8,2,36.5,79432.9,220.531,30.9366,79432.9,0.0,0.999997,0.0194622
5760_dose_600_gradient_0_VconcST_0_Vconc_4.8_run_2.csv,5760.0,600.0,0,4.8,0.0,4.8,2,36.75,80149.6,216.16,31.2158,80149.6,0.0,0.999997,0.0194738
5760_dose_600_gradient_0_VconcST_0_Vconc_4.8_run_2.csv,5760.0,600.0,0,4.8,0.0,4.8,2,37.0,80843.5,211.876,31.486,80843.5,0.0,0.999997,0.019041
5760_dose_600_gradient_0_VconcST_0_Vconc_4.8_run_2.csv,5760.0,600.0,0,4.8,0.0,4.8,2,37.25,81514.9,207.677,31.7475,81514.9,0.0,0.999997,0.0190096
5760_dose_600_gradient_0_VconcST_0_Vconc_4.8_run_2.csv,5760.0,600.0,0,4.8,0.0,4.8,2,37.5,82164.5,203.561,32.0005,82164.5,0.0,0.999998,0.0189983
5760_dose_600_gradient_0_VconcST_0_Vconc_4.8_run_2.csv,5760.0,600.0,0,4.8,0.0,4.8,2,37.75,82792.5,199.527,32.2451,82792.5,0.0,0.999998,0.0185687
5760_dose_600_gradient_0_VconcST_0_Vconc_4.8_run_2.csv,5760.0,600.0,0,4.8,0.0,4.8,2,38.0,83399.6,195.572,32.4815,83399.6,0.0,0.999998,0.0185459
5760_dose_600_gradient_0_VconcST_0_Vconc_4.8_run_2.csv,5760.0,600.0,0,4.8,0.0,4.8,2,38.25,83986.0,191.696,32.71,83986.0,0.0,0.999998,0.0185459
5760_dose_600_gradient_0_VconcST_0_Vconc_4.8_run_2.csv,5760.0,600.0,0,4.8,0.0,4.8,2,38.5,84552.4,187.897,32.9306,84552.4,0.0,0.999998,0.018142
5760_dose_600_gradient_0_VconcST_0_Vconc_4.8_run_2.csv,5760.0,600.0,0,4.8,0.0,4.8,2,38.75,85099.1,184.173,33.1435,85099.1,0.0,0.999998,0.0181299
5760_dose_600_gradient_0_VconcST_0_Vconc_4.8_run_2.csv,5760.0,600.0,0,4.8,0.0,4.8,2,39.0,85626.6,180.523,33.3489,85626.6,0.0,0.999998,0.0181426
5760_dose_600_gradient_0_VconcST_0_Vconc_4.8_run_2.csv,5760.0,600.0,0,4.8,0.0,4.8,2,39.25,86135.1,176.945,33.547,86135.1,0.0,0.999998,0.0181725
5760_dose_600_gradient_0_VconcST_0_Vconc_4.8_run_2.csv,5760.0,600.0,0,4.8,0.0,4.8,2,39.5,86625.3,173.438,33.7379,86625.3,0.0,0.999998,0.0176586
5760_dose_600_gradient_0_VconcST_0_Vconc_4.8_run_2.csv,5760.0,600.0,0,4.8,0.0,4.8,2,39.75,87097.4,170.001,33.9217,87097.4,0.0,0.999998,0.017671
5760_dose_600_gradient_0_VconcST_0_Vconc_4.8_run_2.csv,5760.0,600.0,0,4.8,0.0,4.8,2,40.0,87551.8,166.632,34.0987,87551.8,0.0,0.999998,0.0177262
5760_dose_600_gradient_0_VconcST_0_Vconc_4.8_run_2.csv,5760.0,600.0,0,4.8,0.0,4.8,2,40.25,87989.0,163.329,34.269,87989.0,0.0,0.999998,0.0176499
5760_dose_600_gradient_0_VconcST_0_Vconc_4.8_run_2.csv,5760.0,600.0,0,4.8,0.0,4.8,2,40.5,88409.3,160.092,34.4327,88409.3,0.0,0.999998,0.0176413
5760_dose_600_gradient_0_VconcST_0_Vconc_4.8_run_2.csv,5760.0,600.0,0,4.8,0.0,4.8,2,40.75,88813.0,156.919,34.5899,88813.0,0.0,0.999998,0.0172602
5760_dose_600_gradient_0_VconcST_0_Vconc_4.8_run_2.csv,5760.0,600.0,0,4.8,0.0,4.8,2,41.0,89200.5,153.809,34.7408,89200.5,0.0,0.999998,0.0171974
5760_dose_600_gradient_0_VconcST_0_Vconc_4.8_run_2.csv,5760.0,600.0,0,4.8,0.0,4.8,2,41.25,89572.2,150.761,34.8856,89572.2,0.0,0.999998,0.0172687
5760_dose_600_gradient_0_VconcST_0_Vconc_4.8_run_2.csv,5760.0,600.0,0,4.8,0.0,4.8,2,41.5,89928.5,147.773,35.0244,89928.5,0.0,0.999998,0.0171889
5760_dose_600_gradient_0_VconcST_0_Vconc_7.2_run_2.csv,5760.0,600.0,0,7.2,0.0,7.2,2,0.0,0.0,0.0,0.0,0.0,0.0,0.0,0.0
5760_dose_600_gradient_0_VconcST_0_Vconc_7.2_run_2.csv,5760.0,600.0,0,7.2,0.0,7.2,2,0.25,0.0,0.0,0.0,0.0,0.0,0.0,10000.0
5760_dose_600_gradient_0_VconcST_0_Vconc_7.2_run_2.csv,5760.0,600.0,0,7.2,0.0,7.2,2,0.5,0.0,0.0,0.0,0.0,0.0,0.0,370.097
5760_dose_600_gradient_0_VconcST_0_Vconc_7.2_run_2.csv,5760.0,600.0,0,7.2,0.0,7.2,2,0.75,0.0,0.0,0.0,0.0,0.0,0.0,10000.0
5760_dose_600_gradient_0_VconcST_0_Vconc_7.2_run_2.csv,5760.0,600.0,0,7.2,0.0,7.2,2,1.0,0.0,0.0,0.0,0.0,0.0,0.0,373.321
5760_dose_600_gradient_0_VconcST_0_Vconc_7.2_run_2.csv,5760.0,600.0,0,7.2,0.0,7.2,2,1.25,0.0,0.0,0.0,0.0,0.0,0.0,10000.0
5760_dose_600_gradient_0_VconcST_0_Vconc_7.2_run_2.csv,5760.0,600.0,0,7.2,0.0,7.2,2,1.5,0.0,0.0,0.0,0.0,0.0,0.0,303.009
5760_dose_600_gradient_0_VconcST_0_Vconc_7.2_run_2.csv,5760.0,600.0,0,7.2,0.0,7.2,2,1.75,0.0,0.0,0.0,0.0,0.0,0.0,10000.0
5760_dose_600_gradient_0_VconcST_0_Vconc_7.2_run_2.csv,5760.0,600.0,0,7.2,0.0,7.2,2,2.0,0.0,0.0,0.0,0.0,0.000648872,0.0,335.588
5760_dose_600_gradient_0_VconcST_0_Vconc_7.2_run_2.csv,5760.0,600.0,0,7.2,0.0,7.2,2,2.25,0.0,0.0,0.0,0.0,0.0,0.0,10000.0
5760_dose_600_gradient_0_VconcST_0_Vconc_7.2_run_2.csv,5760.0,600.0,0,7.2,0.0,7.2,2,2.5,0.0,0.0,0.0,0.0,0.0,0.0,304.782
5760_dose_600_gradient_0_VconcST_0_Vconc_7.2_run_2.csv,5760.0,600.0,0,7.2,0.0,7.2,2,2.75,0.0,0.0,0.0,0.0,0.0,0.0,10000.0
5760_dose_600_gradient_0_VconcST_0_Vconc_7.2_run_2.csv,5760.0,600.0,0,7.2,0.0,7.2,2,3.0,0.0,0.0,0.0,0.0,0.0,0.0,294.883
5760_dose_600_gradient_0_VconcST_0_Vconc_7.2_run_2.csv,5760.0,600.0,0,7.2,0.0,7.2,2,3.25,0.0,0.0,0.0,0.0,0.0,0.0,10000.0
5760_dose_600_gradient_0_VconcST_0_Vconc_7.2_run_2.csv,5760.0,600.0,0,7.2,0.0,7.2,2,3.5,0.0,0.0,0.0,0.0,0.0,0.0,294.71
5760_dose_600_gradient_0_VconcST_0_Vconc_7.2_run_2.csv,5760.0,600.0,0,7.2,0.0,7.2,2,3.75,0.0,0.0,0.0,0.0,0.0,0.0,10000.0
5760_dose_600_gradient_0_VconcST_0_Vconc_7.2_run_2.csv,5760.0,600.0,0,7.2,0.0,7.2,2,4.0,0.0,0.0,0.0,0.0,0.0,0.0,308.953
5760_dose_600_gradient_0_VconcST_0_Vconc_7.2_run_2.csv,5760.0,600.0,0,7.2,0.0,7.2,2,4.25,0.0,0.0,0.0,0.0,0.0,0.0,5822.67
5760_dose_600_gradient_0_VconcST_0_Vconc_7.2_run_2.csv,5760.0,600.0,0,7.2,0.0,7.2,2,4.5,0.0,0.0,0.0,0.0,0.0,0.0,8807.96
5760_dose_600_gradient_0_VconcST_0_Vconc_7.2_run_2.csv,5760.0,600.0,0,7.2,0.0,7.2,2,4.75,0.0,0.0,0.0,0.0,0.0,0.0,853.531
5760_dose_600_gradient_0_VconcST_0_Vconc_7.2_run_2.csv,5760.0,600.0,0,7.2,0.0,7.2,2,5.0,0.0,0.0,0.0,0.0,0.0,0.0,10000.0
5760_dose_600_gradient_0_VconcST_0_Vconc_7.2_run_2.csv,5760.0,600.0,0,7.2,0.0,7.2,2,5.25,0.0,0.0,0.0,0.0,0.0,0.0,853.366
5760_dose_600_gradient_0_VconcST_0_Vconc_7.2_run_2.csv,5760.0,600.0,0,7.2,0.0,7.2,2,5.5,0.0,0.0,0.0,0.0,0.0,0.0,10000.0
5760_dose_600_gradient_0_VconcST_0_Vconc_7.2_run_2.csv,5760.0,600.0,0,7.2,0.0,7.2,2,5.75,0.0,0.0,0.0,0.0,0.0,0.0,860.868
5760_dose_600_gradient_0_VconcST_0_Vconc_7.2_run_2.csv,5760.0,600.0,0,7.2,0.0,7.2,2,6.0,0.0,0.0,0.0,0.0,0.0,0.0,10000.0
5760_dose_600_gradient_0_VconcST_0_Vconc_7.2_run_2.csv,5760.0,600.0,0,7.2,0.0,7.2,2,6.25,0.0,0.0,0.0,0.0,0.0,0.0,812.814
5760_dose_600_gradient_0_VconcST_0_Vconc_7.2_run_2.csv,5760.0,600.0,0,7.2,0.0,7.2,2,6.5,0.0,0.0,0.0,0.0,0.0,0.0,10000.0
5760_dose_600_gradient_0_VconcST_0_Vconc_7.2_run_2.csv,5760.0,600.0,0,7.2,0.0,7.2,2,6.75,0.0,0.0,0.0,0.0,0.0,0.0,675.745
5760_dose_600_gradient_0_VconcST_0_Vconc_7.2_run_2.csv,5760.0,600.0,0,7.2,0.0,7.2,2,7.0,0.0,0.0,0.0,0.0,0.0,0.0,10000.0
5760_dose_600_gradient_0_VconcST_0_Vconc_7.2_run_2.csv,5760.0,600.0,0,7.2,0.0,7.2,2,7.25,0.0,0.0,0.0,0.0,0.0,0.0,532.794
5760_dose_600_gradient_0_VconcST_0_Vconc_7.2_run_2.csv,5760.0,600.0,0,7.2,0.0,7.2,2,7.5,0.0,0.0,0.0,0.0,0.0,0.0,10000.0
5760_dose_600_gradient_0_VconcST_0_Vconc_7.2_run_2.csv,5760.0,600.0,0,7.2,0.0,7.2,2,7.75,0.0,0.0,0.0,0.0,0.0,0.0,432.771
5760_dose_600_gradient_0_VconcST_0_Vconc_7.2_run_2.csv,5760.0,600.0,0,7.2,0.0,7.2,2,8.0,0.0,0.0,0.0,0.0,0.00457682,0.0,10000.0
5760_dose_600_gradient_0_VconcST_0_Vconc_7.2_run_2.csv,5760.0,600.0,0,7.2,0.0,7.2,2,8.25,0.0,0.0,0.0,0.0,0.0,0.0,438.15
5760_dose_600_gradient_0_VconcST_0_Vconc_7.2_run_2.csv,5760.0,600.0,0,7.2,0.0,7.2,2,8.5,0.0,0.0,0.0,0.0,0.0,0.0,10000.0
5760_dose_600_gradient_0_VconcST_0_Vconc_7.2_run_2.csv,5760.0,600.0,0,7.2,0.0,7.2,2,8.75,0.0,0.0,0.0,0.0,0.0,0.0,355.298
5760_dose_600_gradient_0_VconcST_0_Vconc_7.2_run_2.csv,5760.0,600.0,0,7.2,0.0,7.2,2,9.0,0.0,0.0,0.0,0.0,0.0,0.0,10000.0
5760_dose_600_gradient_0_VconcST_0_Vconc_7.2_run_2.csv,5760.0,600.0,0,7.2,0.0,7.2,2,9.25,0.0,0.0,0.0,0.0,0.0,0.0,323.283
5760_dose_600_gradient_0_VconcST_0_Vconc_7.2_run_2.csv,5760.0,600.0,0,7.2,0.0,7.2,2,9.5,0.0,0.0,0.0,0.0,0.0,0.0,10000.0
5760_dose_600_gradient_0_VconcST_0_Vconc_7.2_run_2.csv,5760.0,600.0,0,7.2,0.0,7.2,2,9.75,0.0,0.0,0.0,0.0,0.00125,0.0,328.193
5760_dose_600_gradient_0_VconcST_0_Vconc_7.2_run_2.csv,5760.0,600.0,0,7.2,0.0,7.2,2,10.0,0.0,0.0,0.0,0.0,0.0,0.0,10000.0
5760_dose_600_gradient_0_VconcST_0_Vconc_7.2_run_2.csv,5760.0,600.0,0,7.2,0.0,7.2,2,10.25,0.0,0.0,0.0,0.0,0.0,0.0,309.509
5760_dose_600_gradient_0_VconcST_0_Vconc_7.2_run_2.csv,5760.0,600.0,0,7.2,0.0,7.2,2,10.5,0.0,0.0,0.0,0.0,0.0,0.0,10000.0
5760_dose_600_gradient_0_VconcST_0_Vconc_7.2_run_2.csv,5760.0,600.0,0,7.2,0.0,7.2,2,10.75,0.0,0.0,0.0,0.0,0.0,0.0,288.009
5760_dose_600_gradient_0_VconcST_0_Vconc_7.2_run_2.csv,5760.0,600.0,0,7.2,0.0,7.2,2,11.0,0.0,0.0,0.0,0.0,0.0,0.0,10000.0
5760_dose_600_gradient_0_VconcST_0_Vconc_7.2_run_2.csv,5760.0,600.0,0,7.2,0.0,7.2,2,11.25,0.0,0.0,0.0,0.0,0.0,0.0,303.999
5760_dose_600_gradient_0_VconcST_0_Vconc_7.2_run_2.csv,5760.0,600.0,0,7.2,0.0,7.2,2,11.5,0.0,0.0,0.0,0.0,0.0,0.0,10000.0
5760_dose_600_gradient_0_VconcST_0_Vconc_7.2_run_2.csv,5760.0,600.0,0,7.2,0.0,7.2,2,11.75,0.0,0.0,0.0,0.0,0.0,0.0,306.016
5760_dose_600_gradient_0_VconcST_0_Vconc_7.2_run_2.csv,5760.0,600.0,0,7.2,0.0,7.2,2,12.0,0.0,0.0,0.0,0.0,0.0,0.0,10000.0
5760_dose_600_gradient_0_VconcST_0_Vconc_7.2_run_2.csv,5760.0,600.0,0,7.2,0.0,7.2,2,12.25,0.0,0.0,0.0,0.0,0.0,0.0,4297.06
5760_dose_600_gradient_0_VconcST_0_Vconc_7.2_run_2.csv,5760.0,600.0,0,7.2,0.0,7.2,2,12.5,0.0,0.0,0.0,0.0,0.0,0.0,5423.1
5760_dose_600_gradient_0_VconcST_0_Vconc_7.2_run_2.csv,5760.0,600.0,0,7.2,0.0,7.2,2,12.75,0.0,0.0,0.0,0.0,0.0,0.0,9123.79
5760_dose_600_gradient_0_VconcST_0_Vconc_7.2_run_2.csv,5760.0,600.0,0,7.2,0.0,7.2,2,13.0,0.0,0.0,0.0,0.0,0.0,0.0,849.657
5760_dose_600_gradient_0_VconcST_0_Vconc_7.2_run_2.csv,5760.0,600.0,0,7.2,0.0,7.2,2,13.25,0.0,0.0,0.0,0.0,0.0,0.0,10000.0
5760_dose_600_gradient_0_VconcST_0_Vconc_7.2_run_2.csv,5760.0,600.0,0,7.2,0.0,7.2,2,13.5,0.0,0.0,0.0,0.0,0.0,0.0,852.201
5760_dose_600_gradient_0_VconcST_0_Vconc_7.2_run_2.csv,5760.0,600.0,0,7.2,0.0,7.2,2,13.75,0.0,0.0,0.0,0.0,0.0,0.0,10000.0
5760_dose_600_gradient_0_VconcST_0_Vconc_7.2_run_2.csv,5760.0,600.0,0,7.2,0.0,7.2,2,14.0,0.0,0.0,0.0,0.0,0.0,0.0,822.943
5760_dose_600_gradient_0_VconcST_0_Vconc_7.2_run_2.csv,5760.0,600.0,0,7.2,0.0,7.2,2,14.25,0.0,0.0,0.0,0.0,0.0,0.0,10000.0
5760_dose_600_gradient_0_VconcST_0_Vconc_7.2_run_2.csv,5760.0,600.0,0,7.2,0.0,7.2,2,14.5,0.0,0.0,0.0,0.0,0.0,0.0,737.492
5760_dose_600_gradient_0_VconcST_0_Vconc_7.2_run_2.csv,5760.0,600.0,0,7.2,0.0,7.2,2,14.75,0.0,0.0,0.0,0.0,0.0,0.0,10000.0
5760_dose_600_gradient_0_VconcST_0_Vconc_7.2_run_2.csv,5760.0,600.0,0,7.2,0.0,7.2,2,15.0,0.0,0.0,0.0,0.0,0.0,0.0,545.993
5760_dose_600_gradient_0_VconcST_0_Vconc_7.2_run_2.csv,5760.0,600.0,0,7.2,0.0,7.2,2,15.25,0.0,0.0,0.0,0.0,0.0,0.0,10000.0
5760_dose_600_gradient_0_VconcST_0_Vconc_7.2_run_2.csv,5760.0,600.0,0,7.2,0.0,7.2,2,15.5,0.0,0.0,0.0,0.0,0.0,0.0,494.297
5760_dose_600_gradient_0_VconcST_0_Vconc_7.2_run_2.csv,5760.0,600.0,0,7.2,0.0,7.2,2,15.75,0.0,0.0,0.0,0.0,0.0,0.0,10000.0
5760_dose_600_gradient_0_VconcST_0_Vconc_7.2_run_2.csv,5760.0,600.0,0,7.2,0.0,7.2,2,16.0,0.0,0.0,0.0,0.0,0.0,0.0,441.991
5760_dose_600_gradient_0_VconcST_0_Vconc_7.2_run_2.csv,5760.0,600.0,0,7.2,0.0,7.2,2,16.25,0.0,0.0,0.0,0.0,0.00755208,0.0,10000.0
5760_dose_600_gradient_0_VconcST_0_Vconc_7.2_run_2.csv,5760.0,600.0,0,7.2,0.0,7.2,2,16.5,0.0,0.0,0.0,0.0,0.0,0.0,408.655
5760_dose_600_gradient_0_VconcST_0_Vconc_7.2_run_2.csv,5760.0,600.0,0,7.2,0.0,7.2,2,16.75,0.0,0.0,0.0,0.0,0.0,0.0,10000.0
5760_dose_600_gradient_0_VconcST_0_Vconc_7.2_run_2.csv,5760.0,600.0,0,7.2,0.0,7.2,2,17.0,0.0,0.0,0.0,0.0,0.0,0.0,375.398
5760_dose_600_gradient_0_VconcST_0_Vconc_7.2_run_2.csv,5760.0,600.0,0,7.2,0.0,7.2,2,17.25,0.0,0.0,0.0,0.0,0.0,0.0,10000.0
5760_dose_600_gradient_0_VconcST_0_Vconc_7.2_run_2.csv,5760.0,600.0,0,7.2,0.0,7.2,2,17.5,0.0,0.0,0.0,0.0,0.00244792,0.0,334.146
5760_dose_600_gradient_0_VconcST_0_Vconc_7.2_run_2.csv,5760.0,600.0,0,7.2,0.0,7.2,2,17.75,0.0,0.0,0.0,0.0,0.0,0.0,10000.0
5760_dose_600_gradient_0_VconcST_0_Vconc_7.2_run_2.csv,5760.0,600.0,0,7.2,0.0,7.2,2,18.0,0.0,0.0,0.0,0.0,0.00375,0.0,316.904
5760_dose_600_gradient_0_VconcST_0_Vconc_7.2_run_2.csv,5760.0,600.0,0,7.2,0.0,7.2,2,18.25,0.0,0.0,0.0,0.0,0.0,0.0,10000.0
5760_dose_600_gradient_0_VconcST_0_Vconc_7.2_run_2.csv,5760.0,600.0,0,7.2,0.0,7.2,2,18.5,0.0,0.0,0.0,0.0,0.0,0.0,314.167
5760_dose_600_gradient_0_VconcST_0_Vconc_7.2_run_2.csv,5760.0,600.0,0,7.2,0.0,7.2,2,18.75,0.0,0.0,0.0,0.0,0.0,0.0,10000.0
5760_dose_600_gradient_0_VconcST_0_Vconc_7.2_run_2.csv,5760.0,600.0,0,7.2,0.0,7.2,2,19.0,0.0,0.0,0.0,0.0,0.0,0.0,292.016
5760_dose_600_gradient_0_VconcST_0_Vconc_7.2_run_2.csv,5760.0,600.0,0,7.2,0.0,7.2,2,19.25,0.0,0.0,0.0,0.0,0.0,0.0,10000.0
5760_dose_600_gradient_0_VconcST_0_Vconc_7.2_run_2.csv,5760.0,600.0,0,7.2,0.0,7.2,2,19.5,0.0,0.0,0.0,0.0,0.0,0.0,286.106
5760_dose_600_gradient_0_VconcST_0_Vconc_7.2_run_2.csv,5760.0,600.0,0,7.2,0.0,7.2,2,19.75,0.0,0.0,0.0,0.0,0.0,0.0,10000.0
5760_dose_600_gradient_0_VconcST_0_Vconc_7.2_run_2.csv,5760.0,600.0,0,7.2,0.0,7.2,2,20.0,0.0,0.0,0.0,0.0,0.0,0.0,4354.96
5760_dose_600_gradient_0_VconcST_0_Vconc_7.2_run_2.csv,5760.0,600.0,0,7.2,0.0,7.2,2,20.25,0.0,0.0,0.0,0.0,0.0,0.0,5426.88
5760_dose_600_gradient_0_VconcST_0_Vconc_7.2_run_2.csv,5760.0,600.0,0,7.2,0.0,7.2,2,20.5,0.0,0.0,0.0,0.0,0.0,0.0,5139.66
5760_dose_600_gradient_0_VconcST_0_Vconc_7.2_run_2.csv,5760.0,600.0,0,7.2,0.0,7.2,2,20.75,0.0,0.0,0.0,0.0,0.0,0.0,5431.45
5760_dose_600_gradient_0_VconcST_0_Vconc_7.2_run_2.csv,5760.0,600.0,0,7.2,0.0,7.2,2,21.0,0.0,0.0,0.0,0.0,0.0,0.0,5839.3
5760_dose_600_gradient_0_VconcST_0_Vconc_7.2_run_2.csv,5760.0,600.0,0,7.2,0.0,7.2,2,21.25,0.0,0.0,0.0,0.0,0.0,0.0,834.898
5760_dose_600_gradient_0_VconcST_0_Vconc_7.2_run_2.csv,5760.0,600.0,0,7.2,0.0,7.2,2,21.5,0.0,0.0,0.0,0.0,0.0,0.0,9935.84
5760_dose_600_gradient_0_VconcST_0_Vconc_7.2_run_2.csv,5760.0,600.0,0,7.2,0.0,7.2,2,21.75,0.0,0.0,0.0,0.0,0.0,0.0,842.022
5760_dose_600_gradient_0_VconcST_0_Vconc_7.2_run_2.csv,5760.0,600.0,0,7.2,0.0,7.2,2,22.0,0.0,0.0,0.0,0.0,0.0,0.0,10000.0
5760_dose_600_gradient_0_VconcST_0_Vconc_7.2_run_2.csv,5760.0,600.0,0,7.2,0.0,7.2,2,22.25,0.0,0.0,0.0,0.0,0.0,0.0,739.146
5760_dose_600_gradient_0_VconcST_0_Vconc_7.2_run_2.csv,5760.0,600.0,0,7.2,0.0,7.2,2,22.5,0.0,0.0,0.0,0.0,0.0,0.0,10000.0
5760_dose_600_gradient_0_VconcST_0_Vconc_7.2_run_2.csv,5760.0,600.0,0,7.2,0.0,7.2,2,22.75,0.0,0.0,0.0,0.0,0.0,0.0,662.639
5760_dose_600_gradient_0_VconcST_0_Vconc_7.2_run_2.csv,5760.0,600.0,0,7.2,0.0,7.2,2,23.0,0.0,0.0,0.0,0.0,0.0,0.0,10000.0
5760_dose_600_gradient_0_VconcST_0_Vconc_7.2_run_2.csv,5760.0,600.0,0,7.2,0.0,7.2,2,23.25,0.0,0.0,0.0,0.0,0.0,0.0,647.824
5760_dose_600_gradient_0_VconcST_0_Vconc_7.2_run_2.csv,5760.0,600.0,0,7.2,0.0,7.2,2,23.5,0.0,0.0,0.0,0.0,0.0,0.0,10000.0
5760_dose_600_gradient_0_VconcST_0_Vconc_7.2_run_2.csv,5760.0,600.0,0,7.2,0.0,7.2,2,23.75,0.0,0.0,0.0,0.0,0.0,0.0,490.751
5760_dose_600_gradient_0_VconcST_0_Vconc_7.2_run_2.csv,5760.0,600.0,0,7.2,0.0,7.2,2,24.0,46.7175,600.0,0.018195,46.7175,0.0144922,0.0,10000.0
5760_dose_600_gradient_0_VconcST_0_Vconc_7.2_run_2.csv,5760.0,600.0,0,7.2,0.0,7.2,2,24.25,2816.07,588.109,1.09677,2816.07,0.0,0.999928,0.0333313
5760_dose_600_gradient_0_VconcST_0_Vconc_7.2_run_2.csv,5760.0,600.0,0,7.2,0.0,7.2,2,24.5,5520.02,576.453,2.14988,5520.02,0.0,0.999963,0.540638
5760_dose_600_gradient_0_VconcST_0_Vconc_7.2_run_2.csv,5760.0,600.0,0,7.2,0.0,7.2,2,24.75,8159.93,565.029,3.17804,8159.93,0.0,0.999975,0.330759
5760_dose_600_gradient_0_VconcST_0_Vconc_7.2_run_2.csv,5760.0,600.0,0,7.2,0.0,7.2,2,25.0,10737.1,553.83,4.18176,10737.1,0.0,0.999981,0.240326
5760_dose_600_gradient_0_VconcST_0_Vconc_7.2_run_2.csv,5760.0,600.0,0,7.2,0.0,7.2,2,25.25,13252.8,542.853,5.16155,13252.8,0.0,0.999985,0.189398
5760_dose_600_gradient_0_VconcST_0_Vconc_7.2_run_2.csv,5760.0,600.0,0,7.2,0.0,7.2,2,25.5,15708.3,532.094,6.11789,15708.3,0.0,0.999987,0.157427
5760_dose_600_gradient_0_VconcST_0_Vconc_7.2_run_2.csv,5760.0,600.0,0,7.2,0.0,7.2,2,25.75,18104.8,521.549,7.05126,18104.8,0.0,0.999989,0.133657
5760_dose_600_gradient_0_VconcST_0_Vconc_7.2_run_2.csv,5760.0,600.0,0,7.2,0.0,7.2,2,26.0,20443.6,511.213,7.96213,20443.6,0.0,0.99999,0.117706
5760_dose_600_gradient_0_VconcST_0_Vconc_7.2_run_2.csv,5760.0,600.0,0,7.2,0.0,7.2,2,26.25,22725.7,501.081,8.85097,22725.7,0.0,0.999991,0.105397
5760_dose_600_gradient_0_VconcST_0_Vconc_7.2_run_2.csv,5760.0,600.0,0,7.2,0.0,7.2,2,26.5,24952.5,491.15,9.71822,24952.5,0.0,0.999992,0.095114
5760_dose_600_gradient_0_VconcST_0_Vconc_7.2_run_2.csv,5760.0,600.0,0,7.2,0.0,7.2,2,26.75,27124.9,481.416,10.5643,27124.9,0.0,0.999993,0.0869074
5760_dose_600_gradient_0_VconcST_0_Vconc_7.2_run_2.csv,5760.0,600.0,0,7.2,0.0,7.2,2,27.0,29244.3,471.875,11.3897,29244.3,0.0,0.999993,0.0800613
5760_dose_600_gradient_0_VconcST_0_Vconc_7.2_run_2.csv,5760.0,600.0,0,7.2,0.0,7.2,2,27.25,31311.5,462.523,12.1949,31311.5,0.0,0.999994,0.0747022
5760_dose_600_gradient_0_VconcST_0_Vconc_7.2_run_2.csv,5760.0,600.0,0,7.2,0.0,7.2,2,27.5,33327.7,453.356,12.9801,33327.7,0.0,0.999994,0.0698841
5760_dose_600_gradient_0_VconcST_0_Vconc_7.2_run_2.csv,5760.0,600.0,0,7.2,0.0,7.2,2,27.75,35294.0,444.371,13.7459,35294.0,0.0,0.999994,0.0660195
5760_dose_600_gradient_0_VconcST_0_Vconc_7.2_run_2.csv,5760.0,600.0,0,7.2,0.0,7.2,2,28.0,37211.3,435.564,14.4926,37211.3,0.0,0.999995,0.0624216
5760_dose_600_gradient_0_VconcST_0_Vconc_7.2_run_2.csv,5760.0,600.0,0,7.2,0.0,7.2,2,28.25,39080.7,426.932,15.2207,39080.7,0.0,0.999995,0.0597623
5760_dose_600_gradient_0_VconcST_0_Vconc_7.2_run_2.csv,5760.0,600.0,0,7.2,0.0,7.2,2,28.5,40903.2,418.471,15.9305,40903.2,0.0,0.999995,0.0564162
5760_dose_600_gradient_0_VconcST_0_Vconc_7.2_run_2.csv,5760.0,600.0,0,7.2,0.0,7.2,2,28.75,42679.7,410.177,16.6224,42679.7,0.0,0.999995,0.0543448
5760_dose_600_gradient_0_VconcST_0_Vconc_7.2_run_2.csv,5760.0,600.0,0,7.2,0.0,7.2,2,29.0,44411.2,402.048,17.2968,44411.2,0.0,0.999996,0.0524408
5760_dose_600_gradient_0_VconcST_0_Vconc_7.2_run_2.csv,5760.0,600.0,0,7.2,0.0,7.2,2,29.25,46098.6,394.08,17.954,46098.6,0.0,0.999996,0.0502809
5760_dose_600_gradient_0_VconcST_0_Vconc_7.2_run_2.csv,5760.0,600.0,0,7.2,0.0,7.2,2,29.5,47742.8,386.27,18.5943,47742.8,0.0,0.999996,0.0481734
5760_dose_600_gradient_0_VconcST_0_Vconc_7.2_run_2.csv,5760.0,600.0,0,7.2,0.0,7.2,2,29.75,49344.8,378.614,19.2183,49344.8,0.0,0.999996,0.0468162
5760_dose_600_gradient_0_VconcST_0_Vconc_7.2_run_2.csv,5760.0,600.0,0,7.2,0.0,7.2,2,30.0,50905.4,371.11,19.8261,50905.4,0.0,0.999996,0.0455425
5760_dose_600_gradient_0_VconcST_0_Vconc_7.2_run_2.csv,5760.0,600.0,0,7.2,0.0,7.2,2,30.25,52425.4,363.755,20.4181,52425.4,0.0,0.999996,0.0441926
5760_dose_600_gradient_0_VconcST_0_Vconc_7.2_run_2.csv,5760.0,600.0,0,7.2,0.0,7.2,2,30.5,53905.6,356.546,20.9946,53905.6,0.0,0.999996,0.0427936
5760_dose_600_gradient_0_VconcST_0_Vconc_7.2_run_2.csv,5760.0,600.0,0,7.2,0.0,7.2,2,30.75,55347.0,349.48,21.5559,55347.0,0.0,0.999996,0.0413886
5760_dose_600_gradient_0_VconcST_0_Vconc_7.2_run_2.csv,5760.0,600.0,0,7.2,0.0,7.2,2,31.0,56750.3,342.554,22.1025,56750.3,0.0,0.999996,0.0407102
5760_dose_600_gradient_0_VconcST_0_Vconc_7.2_run_2.csv,5760.0,600.0,0,7.2,0.0,7.2,2,31.25,58116.3,335.765,22.6345,58116.3,0.0,0.999997,0.0394321
5760_dose_600_gradient_0_VconcST_0_Vconc_7.2_run_2.csv,5760.0,600.0,0,7.2,0.0,7.2,2,31.5,59445.8,329.11,23.1523,59445.8,0.0,0.999997,0.0386747
5760_dose_600_gradient_0_VconcST_0_Vconc_7.2_run_2.csv,5760.0,600.0,0,7.2,0.0,7.2,2,31.75,60739.5,322.588,23.6562,60739.5,0.0,0.999997,0.0379961
5760_dose_600_gradient_0_VconcST_0_Vconc_7.2_run_2.csv,5760.0,600.0,0,7.2,0.0,7.2,2,32.0,61998.2,316.194,24.1464,61998.2,0.0,0.999997,0.0366392
5760_dose_600_gradient_0_VconcST_0_Vconc_7.2_run_2.csv,5760.0,600.0,0,7.2,0.0,7.2,2,32.25,63222.6,309.928,24.6233,63222.6,0.0,0.999997,0.0360189
5760_dose_600_gradient_0_VconcST_0_Vconc_7.2_run_2.csv,5760.0,600.0,0,7.2,0.0,7.2,2,32.5,64413.5,303.785,25.0871,64413.5,0.0,0.999997,0.0353367
5760_dose_600_gradient_0_VconcST_0_Vconc_7.2_run_2.csv,5760.0,600.0,0,7.2,0.0,7.2,2,32.75,65571.4,297.765,25.538,65571.4,0.0,0.999997,0.0346036
5760_dose_600_gradient_0_VconcST_0_Vconc_7.2_run_2.csv,5760.0,600.0,0,7.2,0.0,7.2,2,33.0,66697.3,291.863,25.9765,66697.3,0.0,0.999997,0.0353144
5760_dose_600_gradient_0_VconcST_0_Vconc_7.2_run_2.csv,5760.0,600.0,0,7.2,0.0,7.2,2,33.25,67791.5,286.079,26.4027,67791.5,0.0,0.999997,0.0346352
5760_dose_600_gradient_0_VconcST_0_Vconc_7.2_run_2.csv,5760.0,600.0,0,7.2,0.0,7.2,2,33.5,68855.0,280.409,26.8169,68855.0,0.0,0.999997,0.0340242
5760_dose_600_gradient_0_VconcST_0_Vconc_7.2_run_2.csv,5760.0,600.0,0,7.2,0.0,7.2,2,33.75,69888.3,274.852,27.2193,69888.3,0.0,0.999997,0.0332467
5760_dose_600_gradient_0_VconcST_0_Vconc_7.2_run_2.csv,5760.0,600.0,0,7.2,0.0,7.2,2,34.0,70892.0,269.405,27.6102,70892.0,0.0,0.999997,0.032614
5760_dose_600_gradient_0_VconcST_0_Vconc_7.2_run_2.csv,5760.0,600.0,0,7.2,0.0,7.2,2,34.25,71866.7,264.066,27.9898,71866.7,0.0,0.999997,0.0325682
5760_dose_600_gradient_0_VconcST_0_Vconc_7.2_run_2.csv,5760.0,600.0,0,7.2,0.0,7.2,2,34.5,72813.1,258.832,28.3584,72813.1,0.0,0.999997,0.0319277
5760_dose_600_gradient_0_VconcST_0_Vconc_7.2_run_2.csv,5760.0,600.0,0,7.2,0.0,7.2,2,34.75,73731.7,253.702,28.7162,73731.7,0.0,0.999997,0.0312933
5760_dose_600_gradient_0_VconcST_0_Vconc_7.2_run_2.csv,5760.0,600.0,0,7.2,0.0,7.2,2,35.0,74623.2,248.674,29.0634,74623.2,0.0,0.999997,0.0312297
5760_dose_600_gradient_0_VconcST_0_Vconc_7.2_run_2.csv,5760.0,600.0,0,7.2,0.0,7.2,2,35.25,75488.1,243.746,29.4003,75488.1,0.0,0.999997,0.0305705
5760_dose_600_gradient_0_VconcST_0_Vconc_7.2_run_2.csv,5760.0,600.0,0,7.2,0.0,7.2,2,35.5,76326.9,238.915,29.727,76326.9,0.0,0.999997,0.0306423
5760_dose_600_gradient_0_VconcST_0_Vconc_7.2_run_2.csv,5760.0,600.0,0,7.2,0.0,7.2,2,35.75,77140.3,234.18,30.0437,77140.3,0.0,0.999997,0.0298941
5760_dose_600_gradient_0_VconcST_0_Vconc_7.2_run_2.csv,5760.0,600.0,0,7.2,0.0,7.2,2,36.0,77928.7,229.539,30.3508,77928.7,0.0,0.999997,0.0298816
5760_dose_600_gradient_0_VconcST_0_Vconc_7.2_run_2.csv,5760.0,600.0,0,7.2,0.0,7.2,2,36.25,78692.7,224.99,30.6484,78692.7,0.0,0.999997,0.0298899
5760_dose_600_gradient_0_VconcST_0_Vconc_7.2_run_2.csv,5760.0,600.0,0,7.2,0.0,7.2,2,36.5,79432.9,220.531,30.9366,79432.9,0.0,0.999997,0.0291758
5760_dose_600_gradient_0_VconcST_0_Vconc_7.2_run_2.csv,5760.0,600.0,0,7.2,0.0,7.2,2,36.75,80149.6,216.16,31.2158,80149.6,0.0,0.999997,0.029266
5760_dose_600_gradient_0_VconcST_0_Vconc_7.2_run_2.csv,5760.0,600.0,0,7.2,0.0,7.2,2,37.0,80843.5,211.876,31.486,80843.5,0.0,0.999997,0.0285432
5760_dose_600_gradient_0_VconcST_0_Vconc_7.2_run_2.csv,5760.0,600.0,0,7.2,0.0,7.2,2,37.25,81514.9,207.677,31.7475,81514.9,0.0,0.999997,0.0285692
5760_dose_600_gradient_0_VconcST_0_Vconc_7.2_run_2.csv,5760.0,600.0,0,7.2,0.0,7.2,2,37.5,82164.5,203.561,32.0005,82164.5,0.0,0.999998,0.0285522
5760_dose_600_gradient_0_VconcST_0_Vconc_7.2_run_2.csv,5760.0,600.0,0,7.2,0.0,7.2,2,37.75,82792.5,199.527,32.2451,82792.5,0.0,0.999998,0.0278922
5760_dose_600_gradient_0_VconcST_0_Vconc_7.2_run_2.csv,5760.0,600.0,0,7.2,0.0,7.2,2,38.0,83399.6,195.572,32.4815,83399.6,0.0,0.999998,0.0279
5760_dose_600_gradient_0_VconcST_0_Vconc_7.2_run_2.csv,5760.0,600.0,0,7.2,0.0,7.2,2,38.25,83986.0,191.696,32.71,83986.0,0.0,0.999998,0.0279322
5760_dose_600_gradient_0_VconcST_0_Vconc_7.2_run_2.csv,5760.0,600.0,0,7.2,0.0,7.2,2,38.5,84552.4,187.897,32.9306,84552.4,0.0,0.999998,0.0271872
5760_dose_600_gradient_0_VconcST_0_Vconc_7.2_run_2.csv,5760.0,600.0,0,7.2,0.0,7.2,2,38.75,85099.1,184.173,33.1435,85099.1,0.0,0.999998,0.0272186
5760_dose_600_gradient_0_VconcST_0_Vconc_7.2_run_2.csv,5760.0,600.0,0,7.2,0.0,7.2,2,39.0,85626.6,180.523,33.3489,85626.6,0.0,0.999998,0.0271404
5760_dose_600_gradient_0_VconcST_0_Vconc_7.2_run_2.csv,5760.0,600.0,0,7.2,0.0,7.2,2,39.25,86135.1,176.945,33.547,86135.1,0.0,0.999998,0.0271566
5760_dose_600_gradient_0_VconcST_0_Vconc_7.2_run_2.csv,5760.0,600.0,0,7.2,0.0,7.2,2,39.5,86625.3,173.438,33.7379,86625.3,0.0,0.999998,0.026486
5760_dose_600_gradient_0_VconcST_0_Vconc_7.2_run_2.csv,5760.0,600.0,0,7.2,0.0,7.2,2,39.75,87097.4,170.001,33.9217,87097.4,0.0,0.999998,0.0264934
5760_dose_600_gradient_0_VconcST_0_Vconc_7.2_run_2.csv,5760.0,600.0,0,7.2,0.0,7.2,2,40.0,87551.8,166.632,34.0987,87551.8,0.0,0.999998,0.0264618
5760_dose_600_gradient_0_VconcST_0_Vconc_7.2_run_2.csv,5760.0,600.0,0,7.2,0.0,7.2,2,40.25,87989.0,163.329,34.269,87989.0,0.0,0.999998,0.0264915
5760_dose_600_gradient_0_VconcST_0_Vconc_7.2_run_2.csv,5760.0,600.0,0,7.2,0.0,7.2,2,40.5,88409.3,160.092,34.4327,88409.3,0.0,0.999998,0.0264618
5760_dose_600_gradient_0_VconcST_0_Vconc_7.2_run_2.csv,5760.0,600.0,0,7.2,0.0,7.2,2,40.75,88813.0,156.919,34.5899,88813.0,0.0,0.999998,0.025833
5760_dose_600_gradient_0_VconcST_0_Vconc_7.2_run_2.csv,5760.0,600.0,0,7.2,0.0,7.2,2,41.0,89200.5,153.809,34.7408,89200.5,0.0,0.999998,0.0258566
5760_dose_600_gradient_0_VconcST_0_Vconc_7.2_run_2.csv,5760.0,600.0,0,7.2,0.0,7.2,2,41.25,89572.2,150.761,34.8856,89572.2,0.0,0.999998,0.0258303
5760_dose_600_gradient_0_VconcST_0_Vconc_7.2_run_2.csv,5760.0,600.0,0,7.2,0.0,7.2,2,41.5,89928.5,147.773,35.0244,89928.5,0.0,0.999998,0.0258838
5760_dose_600_gradient_0_VconcST_0_Vconc_7.2_run_0.csv,5760.0,600.0,0,7.2,0.0,7.2,0,0.0,0.0,0.0,0.0,0.0,0.0,0.0,0.0
5760_dose_600_gradient_0_VconcST_0_Vconc_7.2_run_0.csv,5760.0,600.0,0,7.2,0.0,7.2,0,0.25,0.0,0.0,0.0,0.0,0.0,0.0,10000.0
5760_dose_600_gradient_0_VconcST_0_Vconc_7.2_run_0.csv,5760.0,600.0,0,7.2,0.0,7.2,0,0.5,0.0,0.0,0.0,0.0,0.0,0.0,410.672
5760_dose_600_gradient_0_VconcST_0_Vconc_7.2_run_0.csv,5760.0,600.0,0,7.2,0.0,7.2,0,0.75,0.0,0.0,0.0,0.0,0.0,0.0,10000.0
5760_dose_600_gradient_0_VconcST_0_Vconc_7.2_run_0.csv,5760.0,600.0,0,7.2,0.0,7.2,0,1.0,0.0,0.0,0.0,0.0,0.0,0.0,377.075
5760_dose_600_gradient_0_VconcST_0_Vconc_7.2_run_0.csv,5760.0,600.0,0,7.2,0.0,7.2,0,1.25,0.0,0.0,0.0,0.0,0.0,0.0,10000.0
5760_dose_600_gradient_0_VconcST_0_Vconc_7.2_run_0.csv,5760.0,600.0,0,7.2,0.0,7.2,0,1.5,0.0,0.0,0.0,0.0,0.0,0.0,353.395
5760_dose_600_gradient_0_VconcST_0_Vconc_7.2_run_0.csv,5760.0,600.0,0,7.2,0.0,7.2,0,1.75,0.0,0.0,0.0,0.0,0.0,0.0,10000.0
5760_dose_600_gradient_0_VconcST_0_Vconc_7.2_run_0.csv,5760.0,600.0,0,7.2,0.0,7.2,0,2.0,0.0,0.0,0.0,0.0,0.0,0.0,299.541
5760_dose_600_gradient_0_VconcST_0_Vconc_7.2_run_0.csv,5760.0,600.0,0,7.2,0.0,7.2,0,2.25,0.0,0.0,0.0,0.0,0.0,0.0,10000.0
5760_dose_600_gradient_0_VconcST_0_Vconc_7.2_run_0.csv,5760.0,600.0,0,7.2,0.0,7.2,0,2.5,0.0,0.0,0.0,0.0,0.0,0.0,295.779
5760_dose_600_gradient_0_VconcST_0_Vconc_7.2_run_0.csv,5760.0,600.0,0,7.2,0.0,7.2,0,2.75,0.0,0.0,0.0,0.0,0.0,0.0,10000.0
5760_dose_600_gradient_0_VconcST_0_Vconc_7.2_run_0.csv,5760.0,600.0,0,7.2,0.0,7.2,0,3.0,0.0,0.0,0.0,0.0,0.0,0.0,294.814
5760_dose_600_gradient_0_VconcST_0_Vconc_7.2_run_0.csv,5760.0,600.0,0,7.2,0.0,7.2,0,3.25,0.0,0.0,0.0,0.0,0.0,0.0,10000.0
5760_dose_600_gradient_0_VconcST_0_Vconc_7.2_run_0.csv,5760.0,600.0,0,7.2,0.0,7.2,0,3.5,0.0,0.0,0.0,0.0,0.0,0.0,293.137
5760_dose_600_gradient_0_VconcST_0_Vconc_7.2_run_0.csv,5760.0,600.0,0,7.2,0.0,7.2,0,3.75,0.0,0.0,0.0,0.0,0.0,0.0,10000.0
5760_dose_600_gradient_0_VconcST_0_Vconc_7.2_run_0.csv,5760.0,600.0,0,7.2,0.0,7.2,0,4.0,0.0,0.0,0.0,0.0,0.0,0.0,301.036
5760_dose_600_gradient_0_VconcST_0_Vconc_7.2_run_0.csv,5760.0,600.0,0,7.2,0.0,7.2,0,4.25,0.0,0.0,0.0,0.0,0.0,0.0,5425.09
5760_dose_600_gradient_0_VconcST_0_Vconc_7.2_run_0.csv,5760.0,600.0,0,7.2,0.0,7.2,0,4.5,0.0,0.0,0.0,0.0,0.0,0.0,8984.53
5760_dose_600_gradient_0_VconcST_0_Vconc_7.2_run_0.csv,5760.0,600.0,0,7.2,0.0,7.2,0,4.75,0.0,0.0,0.0,0.0,0.0,0.0,849.683
5760_dose_600_gradient_0_VconcST_0_Vconc_7.2_run_0.csv,5760.0,600.0,0,7.2,0.0,7.2,0,5.0,0.0,0.0,0.0,0.0,0.0,0.0,10000.0
5760_dose_600_gradient_0_VconcST_0_Vconc_7.2_run_0.csv,5760.0,600.0,0,7.2,0.0,7.2,0,5.25,0.0,0.0,0.0,0.0,0.0,0.0,857.406
5760_dose_600_gradient_0_VconcST_0_Vconc_7.2_run_0.csv,5760.0,600.0,0,7.2,0.0,7.2,0,5.5,0.0,0.0,0.0,0.0,0.0,0.0,10000.0
5760_dose_600_gradient_0_VconcST_0_Vconc_7.2_run_0.csv,5760.0,600.0,0,7.2,0.0,7.2,0,5.75,0.0,0.0,0.0,0.0,0.0,0.0,840.969
5760_dose_600_gradient_0_VconcST_0_Vconc_7.2_run_0.csv,5760.0,600.0,0,7.2,0.0,7.2,0,6.0,0.0,0.0,0.0,0.0,0.0,0.0,10000.0
5760_dose_600_gradient_0_VconcST_0_Vconc_7.2_run_0.csv,5760.0,600.0,0,7.2,0.0,7.2,0,6.25,0.0,0.0,0.0,0.0,0.0,0.0,794.135
5760_dose_600_gradient_0_VconcST_0_Vconc_7.2_run_0.csv,5760.0,600.0,0,7.2,0.0,7.2,0,6.5,0.0,0.0,0.0,0.0,0.0,0.0,10000.0
5760_dose_600_gradient_0_VconcST_0_Vconc_7.2_run_0.csv,5760.0,600.0,0,7.2,0.0,7.2,0,6.75,0.0,0.0,0.0,0.0,0.0,0.0,616.583
5760_dose_600_gradient_0_VconcST_0_Vconc_7.2_run_0.csv,5760.0,600.0,0,7.2,0.0,7.2,0,7.0,0.0,0.0,0.0,0.0,0.0,0.0,10000.0
5760_dose_600_gradient_0_VconcST_0_Vconc_7.2_run_0.csv,5760.0,600.0,0,7.2,0.0,7.2,0,7.25,0.0,0.0,0.0,0.0,0.0,0.0,476.639
5760_dose_600_gradient_0_VconcST_0_Vconc_7.2_run_0.csv,5760.0,600.0,0,7.2,0.0,7.2,0,7.5,0.0,0.0,0.0,0.0,0.0,0.0,10000.0
5760_dose_600_gradient_0_VconcST_0_Vconc_7.2_run_0.csv,5760.0,600.0,0,7.2,0.0,7.2,0,7.75,0.0,0.0,0.0,0.0,0.0,0.0,436.664
5760_dose_600_gradient_0_VconcST_0_Vconc_7.2_run_0.csv,5760.0,600.0,0,7.2,0.0,7.2,0,8.0,0.0,0.0,0.0,0.0,0.0028776,0.0,10000.0
5760_dose_600_gradient_0_VconcST_0_Vconc_7.2_run_0.csv,5760.0,600.0,0,7.2,0.0,7.2,0,8.25,0.0,0.0,0.0,0.0,0.0,0.0,390.276
5760_dose_600_gradient_0_VconcST_0_Vconc_7.2_run_0.csv,5760.0,600.0,0,7.2,0.0,7.2,0,8.5,0.0,0.0,0.0,0.0,0.0,0.0,10000.0
5760_dose_600_gradient_0_VconcST_0_Vconc_7.2_run_0.csv,5760.0,600.0,0,7.2,0.0,7.2,0,8.75,0.0,0.0,0.0,0.0,0.0,0.0,361.077
5760_dose_600_gradient_0_VconcST_0_Vconc_7.2_run_0.csv,5760.0,600.0,0,7.2,0.0,7.2,0,9.0,0.0,0.0,0.0,0.0,0.0,0.0,10000.0
5760_dose_600_gradient_0_VconcST_0_Vconc_7.2_run_0.csv,5760.0,600.0,0,7.2,0.0,7.2,0,9.25,0.0,0.0,0.0,0.0,0.000722656,0.0,354.481
5760_dose_600_gradient_0_VconcST_0_Vconc_7.2_run_0.csv,5760.0,600.0,0,7.2,0.0,7.2,0,9.5,0.0,0.0,0.0,0.0,0.0,0.0,10000.0
5760_dose_600_gradient_0_VconcST_0_Vconc_7.2_run_0.csv,5760.0,600.0,0,7.2,0.0,7.2,0,9.75,0.0,0.0,0.0,0.0,0.0,0.0,308.405
5760_dose_600_gradient_0_VconcST_0_Vconc_7.2_run_0.csv,5760.0,600.0,0,7.2,0.0,7.2,0,10.0,0.0,0.0,0.0,0.0,0.0,0.0,10000.0
5760_dose_600_gradient_0_VconcST_0_Vconc_7.2_run_0.csv,5760.0,600.0,0,7.2,0.0,7.2,0,10.25,0.0,0.0,0.0,0.0,0.0,0.0,303.0
5760_dose_600_gradient_0_VconcST_0_Vconc_7.2_run_0.csv,5760.0,600.0,0,7.2,0.0,7.2,0,10.5,0.0,0.0,0.0,0.0,0.0,0.0,10000.0
5760_dose_600_gradient_0_VconcST_0_Vconc_7.2_run_0.csv,5760.0,600.0,0,7.2,0.0,7.2,0,10.75,0.0,0.0,0.0,0.0,0.0,0.0,308.153
5760_dose_600_gradient_0_VconcST_0_Vconc_7.2_run_0.csv,5760.0,600.0,0,7.2,0.0,7.2,0,11.0,0.0,0.0,0.0,0.0,0.0,0.0,10000.0
5760_dose_600_gradient_0_VconcST_0_Vconc_7.2_run_0.csv,5760.0,600.0,0,7.2,0.0,7.2,0,11.25,0.0,0.0,0.0,0.0,0.0,0.0,300.436
5760_dose_600_gradient_0_VconcST_0_Vconc_7.2_run_0.csv,5760.0,600.0,0,7.2,0.0,7.2,0,11.5,0.0,0.0,0.0,0.0,0.0,0.0,10000.0
5760_dose_600_gradient_0_VconcST_0_Vconc_7.2_run_0.csv,5760.0,600.0,0,7.2,0.0,7.2,0,11.75,0.0,0.0,0.0,0.0,0.0,0.0,296.543
5760_dose_600_gradient_0_VconcST_0_Vconc_7.2_run_0.csv,5760.0,600.0,0,7.2,0.0,7.2,0,12.0,0.0,0.0,0.0,0.0,0.0,0.0,5430.8
5760_dose_600_gradient_0_VconcST_0_Vconc_7.2_run_0.csv,5760.0,600.0,0,7.2,0.0,7.2,0,12.25,0.0,0.0,0.0,0.0,0.0,0.0,5811.98
5760_dose_600_gradient_0_VconcST_0_Vconc_7.2_run_0.csv,5760.0,600.0,0,7.2,0.0,7.2,0,12.5,0.0,0.0,0.0,0.0,0.0,0.0,851.852
5760_dose_600_gradient_0_VconcST_0_Vconc_7.2_run_0.csv,5760.0,600.0,0,7.2,0.0,7.2,0,12.75,0.0,0.0,0.0,0.0,0.0,0.0,9958.51
5760_dose_600_gradient_0_VconcST_0_Vconc_7.2_run_0.csv,5760.0,600.0,0,7.2,0.0,7.2,0,13.0,0.0,0.0,0.0,0.0,0.0,0.0,862.572
5760_dose_600_gradient_0_VconcST_0_Vconc_7.2_run_0.csv,5760.0,600.0,0,7.2,0.0,7.2,0,13.25,0.0,0.0,0.0,0.0,0.0,0.0,10000.0
5760_dose_600_gradient_0_VconcST_0_Vconc_7.2_run_0.csv,5760.0,600.0,0,7.2,0.0,7.2,0,13.5,0.0,0.0,0.0,0.0,0.0,0.0,849.241
5760_dose_600_gradient_0_VconcST_0_Vconc_7.2_run_0.csv,5760.0,600.0,0,7.2,0.0,7.2,0,13.75,0.0,0.0,0.0,0.0,0.0,0.0,10000.0
5760_dose_600_gradient_0_VconcST_0_Vconc_7.2_run_0.csv,5760.0,600.0,0,7.2,0.0,7.2,0,14.0,0.0,0.0,0.0,0.0,0.0,0.0,803.791
5760_dose_600_gradient_0_VconcST_0_Vconc_7.2_run_0.csv,5760.0,600.0,0,7.2,0.0,7.2,0,14.25,0.0,0.0,0.0,0.0,0.0,0.0,10000.0
5760_dose_600_gradient_0_VconcST_0_Vconc_7.2_run_0.csv,5760.0,600.0,0,7.2,0.0,7.2,0,14.5,0.0,0.0,0.0,0.0,0.0,0.0,671.234
5760_dose_600_gradient_0_VconcST_0_Vconc_7.2_run_0.csv,5760.0,600.0,0,7.2,0.0,7.2,0,14.75,0.0,0.0,0.0,0.0,0.0,0.0,10000.0
5760_dose_600_gradient_0_VconcST_0_Vconc_7.2_run_0.csv,5760.0,600.0,0,7.2,0.0,7.2,0,15.0,0.0,0.0,0.0,0.0,0.0,0.0,526.885
5760_dose_600_gradient_0_VconcST_0_Vconc_7.2_run_0.csv,5760.0,600.0,0,7.2,0.0,7.2,0,15.25,0.0,0.0,0.0,0.0,0.0,0.0,10000.0
5760_dose_600_gradient_0_VconcST_0_Vconc_7.2_run_0.csv,5760.0,600.0,0,7.2,0.0,7.2,0,15.5,0.0,0.0,0.0,0.0,0.0,0.0,505.055
5760_dose_600_gradient_0_VconcST_0_Vconc_7.2_run_0.csv,5760.0,600.0,0,7.2,0.0,7.2,0,15.75,0.0,0.0,0.0,0.0,0.0,0.0,10000.0
5760_dose_600_gradient_0_VconcST_0_Vconc_7.2_run_0.csv,5760.0,600.0,0,7.2,0.0,7.2,0,16.0,0.0,0.0,0.0,0.0,0.0,0.0,419.944
5760_dose_600_gradient_0_VconcST_0_Vconc_7.2_run_0.csv,5760.0,600.0,0,7.2,0.0,7.2,0,16.25,0.0,0.0,0.0,0.0,0.00410156,0.0,10000.0
5760_dose_600_gradient_0_VconcST_0_Vconc_7.2_run_0.csv,5760.0,600.0,0,7.2,0.0,7.2,0,16.5,0.0,0.0,0.0,0.0,0.0,0.0,389.042
5760_dose_600_gradient_0_VconcST_0_Vconc_7.2_run_0.csv,5760.0,600.0,0,7.2,0.0,7.2,0,16.75,0.0,0.0,0.0,0.0,0.0,0.0,10000.0
5760_dose_600_gradient_0_VconcST_0_Vconc_7.2_run_0.csv,5760.0,600.0,0,7.2,0.0,7.2,0,17.0,0.0,0.0,0.0,0.0,0.0,0.0,348.537
5760_dose_600_gradient_0_VconcST_0_Vconc_7.2_run_0.csv,5760.0,600.0,0,7.2,0.0,7.2,0,17.25,0.0,0.0,0.0,0.0,0.0,0.0,10000.0
5760_dose_600_gradient_0_VconcST_0_Vconc_7.2_run_0.csv,5760.0,600.0,0,7.2,0.0,7.2,0,17.5,0.0,0.0,0.0,0.0,0.00125,0.0,332.616
5760_dose_600_gradient_0_VconcST_0_Vconc_7.2_run_0.csv,5760.0,600.0,0,7.2,0.0,7.2,0,17.75,0.0,0.0,0.0,0.0,0.0,0.0,10000.0
5760_dose_600_gradient_0_VconcST_0_Vconc_7.2_run_0.csv,5760.0,600.0,0,7.2,0.0,7.2,0,18.0,0.0,0.0,0.0,0.0,0.0,0.0,300.767
5760_dose_600_gradient_0_VconcST_0_Vconc_7.2_run_0.csv,5760.0,600.0,0,7.2,0.0,7.2,0,18.25,0.0,0.0,0.0,0.0,0.0,0.0,10000.0
5760_dose_600_gradient_0_VconcST_0_Vconc_7.2_run_0.csv,5760.0,600.0,0,7.2,0.0,7.2,0,18.5,0.0,0.0,0.0,0.0,0.0,0.0,308.371
5760_dose_600_gradient_0_VconcST_0_Vconc_7.2_run_0.csv,5760.0,600.0,0,7.2,0.0,7.2,0,18.75,0.0,0.0,0.0,0.0,0.0,0.0,10000.0
5760_dose_600_gradient_0_VconcST_0_Vconc_7.2_run_0.csv,5760.0,600.0,0,7.2,0.0,7.2,0,19.0,0.0,0.0,0.0,0.0,0.0,0.0,300.454
5760_dose_600_gradient_0_VconcST_0_Vconc_7.2_run_0.csv,5760.0,600.0,0,7.2,0.0,7.2,0,19.25,0.0,0.0,0.0,0.0,0.0,0.0,10000.0
5760_dose_600_gradient_0_VconcST_0_Vconc_7.2_run_0.csv,5760.0,600.0,0,7.2,0.0,7.2,0,19.5,0.0,0.0,0.0,0.0,0.0,0.0,297.221
5760_dose_600_gradient_0_VconcST_0_Vconc_7.2_run_0.csv,5760.0,600.0,0,7.2,0.0,7.2,0,19.75,0.0,0.0,0.0,0.0,0.0,0.0,10000.0
5760_dose_600_gradient_0_VconcST_0_Vconc_7.2_run_0.csv,5760.0,600.0,0,7.2,0.0,7.2,0,20.0,0.0,0.0,0.0,0.0,0.0,0.0,4236.98
5760_dose_600_gradient_0_VconcST_0_Vconc_7.2_run_0.csv,5760.0,600.0,0,7.2,0.0,7.2,0,20.25,0.0,0.0,0.0,0.0,0.0,0.0,860.523
5760_dose_600_gradient_0_VconcST_0_Vconc_7.2_run_0.csv,5760.0,600.0,0,7.2,0.0,7.2,0,20.5,0.0,0.0,0.0,0.0,0.0,0.0,10000.0
5760_dose_600_gradient_0_VconcST_0_Vconc_7.2_run_0.csv,5760.0,600.0,0,7.2,0.0,7.2,0,20.75,0.0,0.0,0.0,0.0,0.0,0.0,850.275
5760_dose_600_gradient_0_VconcST_0_Vconc_7.2_run_0.csv,5760.0,600.0,0,7.2,0.0,7.2,0,21.0,0.0,0.0,0.0,0.0,0.0,0.0,10000.0
5760_dose_600_gradient_0_VconcST_0_Vconc_7.2_run_0.csv,5760.0,600.0,0,7.2,0.0,7.2,0,21.25,0.0,0.0,0.0,0.0,0.0,0.0,853.681
5760_dose_600_gradient_0_VconcST_0_Vconc_7.2_run_0.csv,5760.0,600.0,0,7.2,0.0,7.2,0,21.5,0.0,0.0,0.0,0.0,0.0,0.0,10000.0
5760_dose_600_gradient_0_VconcST_0_Vconc_7.2_run_0.csv,5760.0,600.0,0,7.2,0.0,7.2,0,21.75,0.0,0.0,0.0,0.0,0.0,0.0,831.114
5760_dose_600_gradient_0_VconcST_0_Vconc_7.2_run_0.csv,5760.0,600.0,0,7.2,0.0,7.2,0,22.0,0.0,0.0,0.0,0.0,0.0,0.0,10000.0
5760_dose_600_gradient_0_VconcST_0_Vconc_7.2_run_0.csv,5760.0,600.0,0,7.2,0.0,7.2,0,22.25,0.0,0.0,0.0,0.0,0.0,0.0,649.944
5760_dose_600_gradient_0_VconcST_0_Vconc_7.2_run_0.csv,5760.0,600.0,0,7.2,0.0,7.2,0,22.5,0.0,0.0,0.0,0.0,0.0,0.0,10000.0
5760_dose_600_gradient_0_VconcST_0_Vconc_7.2_run_0.csv,5760.0,600.0,0,7.2,0.0,7.2,0,22.75,0.0,0.0,0.0,0.0,0.0,0.0,490.239
5760_dose_600_gradient_0_VconcST_0_Vconc_7.2_run_0.csv,5760.0,600.0,0,7.2,0.0,7.2,0,23.0,0.0,0.0,0.0,0.0,0.0,0.0,10000.0
5760_dose_600_gradient_0_VconcST_0_Vconc_7.2_run_0.csv,5760.0,600.0,0,7.2,0.0,7.2,0,23.25,0.0,0.0,0.0,0.0,0.0,0.0,482.47
5760_dose_600_gradient_0_VconcST_0_Vconc_7.2_run_0.csv,5760.0,600.0,0,7.2,0.0,7.2,0,23.5,0.0,0.0,0.0,0.0,0.0,0.0,10000.0
5760_dose_600_gradient_0_VconcST_0_Vconc_7.2_run_0.csv,5760.0,600.0,0,7.2,0.0,7.2,0,23.75,0.0,0.0,0.0,0.0,0.0,0.0,397.271
5760_dose_600_gradient_0_VconcST_0_Vconc_7.2_run_0.csv,5760.0,600.0,0,7.2,0.0,7.2,0,24.0,46.7175,600.0,0.018195,46.7175,0.0,0.0,10000.0
5760_dose_600_gradient_0_VconcST_0_Vconc_7.2_run_0.csv,5760.0,600.0,0,7.2,0.0,7.2,0,24.25,2816.07,588.109,1.09677,2816.07,0.0,0.999928,0.0332705
5760_dose_600_gradient_0_VconcST_0_Vconc_7.2_run_0.csv,5760.0,600.0,0,7.2,0.0,7.2,0,24.5,5520.02,576.453,2.14988,5520.02,0.0,0.999963,0.541208
5760_dose_600_gradient_0_VconcST_0_Vconc_7.2_run_0.csv,5760.0,600.0,0,7.2,0.0,7.2,0,24.75,8159.93,565.029,3.17804,8159.93,0.0,0.999975,0.33055
5760_dose_600_gradient_0_VconcST_0_Vconc_7.2_run_0.csv,5760.0,600.0,0,7.2,0.0,7.2,0,25.0,10737.1,553.83,4.18176,10737.1,0.0,0.999981,0.240663
5760_dose_600_gradient_0_VconcST_0_Vconc_7.2_run_0.csv,5760.0,600.0,0,7.2,0.0,7.2,0,25.25,13252.8,542.853,5.16155,13252.8,0.0,0.999985,0.189285
5760_dose_600_gradient_0_VconcST_0_Vconc_7.2_run_0.csv,5760.0,600.0,0,7.2,0.0,7.2,0,25.5,15708.3,532.094,6.11789,15708.3,0.0,0.999987,0.157075
5760_dose_600_gradient_0_VconcST_0_Vconc_7.2_run_0.csv,5760.0,600.0,0,7.2,0.0,7.2,0,25.75,18104.8,521.549,7.05126,18104.8,0.0,0.999989,0.133657
5760_dose_600_gradient_0_VconcST_0_Vconc_7.2_run_0.csv,5760.0,600.0,0,7.2,0.0,7.2,0,26.0,20443.6,511.213,7.96213,20443.6,0.0,0.99999,0.117483
5760_dose_600_gradient_0_VconcST_0_Vconc_7.2_run_0.csv,5760.0,600.0,0,7.2,0.0,7.2,0,26.25,22725.7,501.081,8.85097,22725.7,0.0,0.999991,0.105164
5760_dose_600_gradient_0_VconcST_0_Vconc_7.2_run_0.csv,5760.0,600.0,0,7.2,0.0,7.2,0,26.5,24952.5,491.15,9.71822,24952.5,0.0,0.999992,0.0949872
5760_dose_600_gradient_0_VconcST_0_Vconc_7.2_run_0.csv,5760.0,600.0,0,7.2,0.0,7.2,0,26.75,27124.9,481.416,10.5643,27124.9,0.0,0.999993,0.0868464
5760_dose_600_gradient_0_VconcST_0_Vconc_7.2_run_0.csv,5760.0,600.0,0,7.2,0.0,7.2,0,27.0,29244.3,471.875,11.3897,29244.3,0.0,0.999993,0.0800613
5760_dose_600_gradient_0_VconcST_0_Vconc_7.2_run_0.csv,5760.0,600.0,0,7.2,0.0,7.2,0,27.25,31311.5,462.523,12.1949,31311.5,0.0,0.999994,0.0748018
5760_dose_600_gradient_0_VconcST_0_Vconc_7.2_run_0.csv,5760.0,600.0,0,7.2,0.0,7.2,0,27.5,33327.7,453.356,12.9801,33327.7,0.0,0.999994,0.0698841
5760_dose_600_gradient_0_VconcST_0_Vconc_7.2_run_0.csv,5760.0,600.0,0,7.2,0.0,7.2,0,27.75,35294.0,444.371,13.7459,35294.0,0.0,0.999994,0.0659201
5760_dose_600_gradient_0_VconcST_0_Vconc_7.2_run_0.csv,5760.0,600.0,0,7.2,0.0,7.2,0,28.0,37211.3,435.564,14.4926,37211.3,0.0,0.999995,0.0624216
5760_dose_600_gradient_0_VconcST_0_Vconc_7.2_run_0.csv,5760.0,600.0,0,7.2,0.0,7.2,0,28.25,39080.7,426.932,15.2207,39080.7,0.0,0.999995,0.0597372
5760_dose_600_gradient_0_VconcST_0_Vconc_7.2_run_0.csv,5760.0,600.0,0,7.2,0.0,7.2,0,28.5,40903.2,418.471,15.9305,40903.2,0.0,0.999995,0.0563826
5760_dose_600_gradient_0_VconcST_0_Vconc_7.2_run_0.csv,5760.0,600.0,0,7.2,0.0,7.2,0,28.75,42679.7,410.177,16.6224,42679.7,0.0,0.999995,0.0543448
5760_dose_600_gradient_0_VconcST_0_Vconc_7.2_run_0.csv,5760.0,600.0,0,7.2,0.0,7.2,0,29.0,44411.2,402.048,17.2968,44411.2,0.0,0.999996,0.0523233
5760_dose_600_gradient_0_VconcST_0_Vconc_7.2_run_0.csv,5760.0,600.0,0,7.2,0.0,7.2,0,29.25,46098.6,394.08,17.954,46098.6,0.0,0.999996,0.0503268
5760_dose_600_gradient_0_VconcST_0_Vconc_7.2_run_0.csv,5760.0,600.0,0,7.2,0.0,7.2,0,29.5,47742.8,386.27,18.5943,47742.8,0.0,0.999996,0.0481971
5760_dose_600_gradient_0_VconcST_0_Vconc_7.2_run_0.csv,5760.0,600.0,0,7.2,0.0,7.2,0,29.75,49344.8,378.614,19.2183,49344.8,0.0,0.999996,0.046882
5760_dose_600_gradient_0_VconcST_0_Vconc_7.2_run_0.csv,5760.0,600.0,0,7.2,0.0,7.2,0,30.0,50905.4,371.11,19.8261,50905.4,0.0,0.999996,0.0454594
5760_dose_600_gradient_0_VconcST_0_Vconc_7.2_run_0.csv,5760.0,600.0,0,7.2,0.0,7.2,0,30.25,52425.4,363.755,20.4181,52425.4,0.0,0.999996,0.0441756
5760_dose_600_gradient_0_VconcST_0_Vconc_7.2_run_0.csv,5760.0,600.0,0,7.2,0.0,7.2,0,30.5,53905.6,356.546,20.9946,53905.6,0.0,0.999996,0.0427456
5760_dose_600_gradient_0_VconcST_0_Vconc_7.2_run_0.csv,5760.0,600.0,0,7.2,0.0,7.2,0,30.75,55347.0,349.48,21.5559,55347.0,0.0,0.999996,0.0415966
5760_dose_600_gradient_0_VconcST_0_Vconc_7.2_run_0.csv,5760.0,600.0,0,7.2,0.0,7.2,0,31.0,56750.3,342.554,22.1025,56750.3,0.0,0.999996,0.0407102
5760_dose_600_gradient_0_VconcST_0_Vconc_7.2_run_0.csv,5760.0,600.0,0,7.2,0.0,7.2,0,31.25,58116.3,335.765,22.6345,58116.3,0.0,0.999997,0.0395067
5760_dose_600_gradient_0_VconcST_0_Vconc_7.2_run_0.csv,5760.0,600.0,0,7.2,0.0,7.2,0,31.5,59445.8,329.11,23.1523,59445.8,0.0,0.999997,0.0387915
5760_dose_600_gradient_0_VconcST_0_Vconc_7.2_run_0.csv,5760.0,600.0,0,7.2,0.0,7.2,0,31.75,60739.5,322.588,23.6562,60739.5,0.0,0.999997,0.0380535
5760_dose_600_gradient_0_VconcST_0_Vconc_7.2_run_0.csv,5760.0,600.0,0,7.2,0.0,7.2,0,32.0,61998.2,316.194,24.1464,61998.2,0.0,0.999997,0.036683
5760_dose_600_gradient_0_VconcST_0_Vconc_7.2_run_0.csv,5760.0,600.0,0,7.2,0.0,7.2,0,32.25,63222.6,309.928,24.6233,63222.6,0.0,0.999997,0.0360441
5760_dose_600_gradient_0_VconcST_0_Vconc_7.2_run_0.csv,5760.0,600.0,0,7.2,0.0,7.2,0,32.5,64413.5,303.785,25.0871,64413.5,0.0,0.999997,0.0353466
5760_dose_600_gradient_0_VconcST_0_Vconc_7.2_run_0.csv,5760.0,600.0,0,7.2,0.0,7.2,0,32.75,65571.4,297.765,25.538,65571.4,0.0,0.999997,0.0346352
5760_dose_600_gradient_0_VconcST_0_Vconc_7.2_run_0.csv,5760.0,600.0,0,7.2,0.0,7.2,0,33.0,66697.3,291.863,25.9765,66697.3,0.0,0.999997,0.0353454
5760_dose_600_gradient_0_VconcST_0_Vconc_7.2_run_0.csv,5760.0,600.0,0,7.2,0.0,7.2,0,33.25,67791.5,286.079,26.4027,67791.5,0.0,0.999997,0.0347094
5760_dose_600_gradient_0_VconcST_0_Vconc_7.2_run_0.csv,5760.0,600.0,0,7.2,0.0,7.2,0,33.5,68855.0,280.409,26.8169,68855.0,0.0,0.999997,0.0340349
5760_dose_600_gradient_0_VconcST_0_Vconc_7.2_run_0.csv,5760.0,600.0,0,7.2,0.0,7.2,0,33.75,69888.3,274.852,27.2193,69888.3,0.0,0.999997,0.0332631
5760_dose_600_gradient_0_VconcST_0_Vconc_7.2_run_0.csv,5760.0,600.0,0,7.2,0.0,7.2,0,34.0,70892.0,269.405,27.6102,70892.0,0.0,0.999997,0.0326151
5760_dose_600_gradient_0_VconcST_0_Vconc_7.2_run_0.csv,5760.0,600.0,0,7.2,0.0,7.2,0,34.25,71866.7,264.066,27.9898,71866.7,0.0,0.999997,0.0325682
5760_dose_600_gradient_0_VconcST_0_Vconc_7.2_run_0.csv,5760.0,600.0,0,7.2,0.0,7.2,0,34.5,72813.1,258.832,28.3584,72813.1,0.0,0.999997,0.0318896
5760_dose_600_gradient_0_VconcST_0_Vconc_7.2_run_0.csv,5760.0,600.0,0,7.2,0.0,7.2,0,34.75,73731.7,253.702,28.7162,73731.7,0.0,0.999997,0.0312396
5760_dose_600_gradient_0_VconcST_0_Vconc_7.2_run_0.csv,5760.0,600.0,0,7.2,0.0,7.2,0,35.0,74623.2,248.674,29.0634,74623.2,0.0,0.999997,0.0312495
5760_dose_600_gradient_0_VconcST_0_Vconc_7.2_run_0.csv,5760.0,600.0,0,7.2,0.0,7.2,0,35.25,75488.1,243.746,29.4003,75488.1,0.0,0.999997,0.0305329
5760_dose_600_gradient_0_VconcST_0_Vconc_7.2_run_0.csv,5760.0,600.0,0,7.2,0.0,7.2,0,35.5,76326.9,238.915,29.727,76326.9,0.0,0.999997,0.0305329
5760_dose_600_gradient_0_VconcST_0_Vconc_7.2_run_0.csv,5760.0,600.0,0,7.2,0.0,7.2,0,35.75,77140.3,234.18,30.0437,77140.3,0.0,0.999997,0.0298543
5760_dose_600_gradient_0_VconcST_0_Vconc_7.2_run_0.csv,5760.0,600.0,0,7.2,0.0,7.2,0,36.0,77928.7,229.539,30.3508,77928.7,0.0,0.999997,0.029869
5760_dose_600_gradient_0_VconcST_0_Vconc_7.2_run_0.csv,5760.0,600.0,0,7.2,0.0,7.2,0,36.25,78692.7,224.99,30.6484,78692.7,0.0,0.999997,0.0299602
5760_dose_600_gradient_0_VconcST_0_Vconc_7.2_run_0.csv,5760.0,600.0,0,7.2,0.0,7.2,0,36.5,79432.9,220.531,30.9366,79432.9,0.0,0.999997,0.0292557
5760_dose_600_gradient_0_VconcST_0_Vconc_7.2_run_0.csv,5760.0,600.0,0,7.2,0.0,7.2,0,36.75,80149.6,216.16,31.2158,80149.6,0.0,0.999997,0.0292055
5760_dose_600_gradient_0_VconcST_0_Vconc_7.2_run_0.csv,5760.0,600.0,0,7.2,0.0,7.2,0,37.0,80843.5,211.876,31.486,80843.5,0.0,0.999997,0.0285452
5760_dose_600_gradient_0_VconcST_0_Vconc_7.2_run_0.csv,5760.0,600.0,0,7.2,0.0,7.2,0,37.25,81514.9,207.677,31.7475,81514.9,0.0,0.999997,0.0285321
5760_dose_600_gradient_0_VconcST_0_Vconc_7.2_run_0.csv,5760.0,600.0,0,7.2,0.0,7.2,0,37.5,82164.5,203.561,32.0005,82164.5,0.0,0.999998,0.0285371
5760_dose_600_gradient_0_VconcST_0_Vconc_7.2_run_0.csv,5760.0,600.0,0,7.2,0.0,7.2,0,37.75,82792.5,199.527,32.2451,82792.5,0.0,0.999998,0.0278189
5760_dose_600_gradient_0_VconcST_0_Vconc_7.2_run_0.csv,5760.0,600.0,0,7.2,0.0,7.2,0,38.0,83399.6,195.572,32.4815,83399.6,0.0,0.999998,0.0278531
5760_dose_600_gradient_0_VconcST_0_Vconc_7.2_run_0.csv,5760.0,600.0,0,7.2,0.0,7.2,0,38.25,83986.0,191.696,32.71,83986.0,0.0,0.999998,0.0278189
5760_dose_600_gradient_0_VconcST_0_Vconc_7.2_run_0.csv,5760.0,600.0,0,7.2,0.0,7.2,0,38.5,84552.4,187.897,32.9306,84552.4,0.0,0.999998,0.0271404
5760_dose_600_gradient_0_VconcST_0_Vconc_7.2_run_0.csv,5760.0,600.0,0,7.2,0.0,7.2,0,38.75,85099.1,184.173,33.1435,85099.1,0.0,0.999998,0.0271404
5760_dose_600_gradient_0_VconcST_0_Vconc_7.2_run_0.csv,5760.0,600.0,0,7.2,0.0,7.2,0,39.0,85626.6,180.523,33.3489,85626.6,0.0,0.999998,0.0271671
5760_dose_600_gradient_0_VconcST_0_Vconc_7.2_run_0.csv,5760.0,600.0,0,7.2,0.0,7.2,0,39.25,86135.1,176.945,33.547,86135.1,0.0,0.999998,0.0271404
5760_dose_600_gradient_0_VconcST_0_Vconc_7.2_run_0.csv,5760.0,600.0,0,7.2,0.0,7.2,0,39.5,86625.3,173.438,33.7379,86625.3,0.0,0.999998,0.0264618
5760_dose_600_gradient_0_VconcST_0_Vconc_7.2_run_0.csv,5760.0,600.0,0,7.2,0.0,7.2,0,39.75,87097.4,170.001,33.9217,87097.4,0.0,0.999998,0.0264618
5760_dose_600_gradient_0_VconcST_0_Vconc_7.2_run_0.csv,5760.0,600.0,0,7.2,0.0,7.2,0,40.0,87551.8,166.632,34.0987,87551.8,0.0,0.999998,0.0264934
5760_dose_600_gradient_0_VconcST_0_Vconc_7.2_run_0.csv,5760.0,600.0,0,7.2,0.0,7.2,0,40.25,87989.0,163.329,34.269,87989.0,0.0,0.999998,0.0264915
5760_dose_600_gradient_0_VconcST_0_Vconc_7.2_run_0.csv,5760.0,600.0,0,7.2,0.0,7.2,0,40.5,88409.3,160.092,34.4327,88409.3,0.0,0.999998,0.0264618
5760_dose_600_gradient_0_VconcST_0_Vconc_7.2_run_0.csv,5760.0,600.0,0,7.2,0.0,7.2,0,40.75,88813.0,156.919,34.5899,88813.0,0.0,0.999998,0.0258539
5760_dose_600_gradient_0_VconcST_0_Vconc_7.2_run_0.csv,5760.0,600.0,0,7.2,0.0,7.2,0,41.0,89200.5,153.809,34.7408,89200.5,0.0,0.999998,0.0258194
5760_dose_600_gradient_0_VconcST_0_Vconc_7.2_run_0.csv,5760.0,600.0,0,7.2,0.0,7.2,0,41.25,89572.2,150.761,34.8856,89572.2,0.0,0.999998,0.0258928
5760_dose_600_gradient_0_VconcST_0_Vconc_7.2_run_0.csv,5760.0,600.0,0,7.2,0.0,7.2,0,41.5,89928.5,147.773,35.0244,89928.5,0.0,0.999998,0.0257832
5760_dose_600_gradient_0_VconcST_0_Vconc_2.4_run_2.csv,5760.0,600.0,0,2.4,0.0,2.4,2,0.0,0.0,0.0,0.0,0.0,0.0,0.0,0.0
5760_dose_600_gradient_0_VconcST_0_Vconc_2.4_run_2.csv,5760.0,600.0,0,2.4,0.0,2.4,2,0.25,0.0,0.0,0.0,0.0,0.0,0.0,9511.25
5760_dose_600_gradient_0_VconcST_0_Vconc_2.4_run_2.csv,5760.0,600.0,0,2.4,0.0,2.4,2,0.5,0.0,0.0,0.0,0.0,0.0,0.0,96.5129
5760_dose_600_gradient_0_VconcST_0_Vconc_2.4_run_2.csv,5760.0,600.0,0,2.4,0.0,2.4,2,0.75,0.0,0.0,0.0,0.0,0.0,0.0,9879.35
5760_dose_600_gradient_0_VconcST_0_Vconc_2.4_run_2.csv,5760.0,600.0,0,2.4,0.0,2.4,2,1.0,0.0,0.0,0.0,0.0,0.0,0.0,94.1636
5760_dose_600_gradient_0_VconcST_0_Vconc_2.4_run_2.csv,5760.0,600.0,0,2.4,0.0,2.4,2,1.25,0.0,0.0,0.0,0.0,0.0,0.0,10000.0
5760_dose_600_gradient_0_VconcST_0_Vconc_2.4_run_2.csv,5760.0,600.0,0,2.4,0.0,2.4,2,1.5,0.0,0.0,0.0,0.0,0.0,0.0,90.059
5760_dose_600_gradient_0_VconcST_0_Vconc_2.4_run_2.csv,5760.0,600.0,0,2.4,0.0,2.4,2,1.75,0.0,0.0,0.0,0.0,0.0,0.0,10000.0
5760_dose_600_gradient_0_VconcST_0_Vconc_2.4_run_2.csv,5760.0,600.0,0,2.4,0.0,2.4,2,2.0,0.0,0.0,0.0,0.0,0.0,0.0,90.5311
5760_dose_600_gradient_0_VconcST_0_Vconc_2.4_run_2.csv,5760.0,600.0,0,2.4,0.0,2.4,2,2.25,0.0,0.0,0.0,0.0,0.0,0.0,10000.0
5760_dose_600_gradient_0_VconcST_0_Vconc_2.4_run_2.csv,5760.0,600.0,0,2.4,0.0,2.4,2,2.5,0.0,0.0,0.0,0.0,0.0,0.0,91.151
5760_dose_600_gradient_0_VconcST_0_Vconc_2.4_run_2.csv,5760.0,600.0,0,2.4,0.0,2.4,2,2.75,0.0,0.0,0.0,0.0,0.0,0.0,10000.0
5760_dose_600_gradient_0_VconcST_0_Vconc_2.4_run_2.csv,5760.0,600.0,0,2.4,0.0,2.4,2,3.0,0.0,0.0,0.0,0.0,0.0,0.0,88.1211
5760_dose_600_gradient_0_VconcST_0_Vconc_2.4_run_2.csv,5760.0,600.0,0,2.4,0.0,2.4,2,3.25,0.0,0.0,0.0,0.0,0.0,0.0,10000.0
5760_dose_600_gradient_0_VconcST_0_Vconc_2.4_run_2.csv,5760.0,600.0,0,2.4,0.0,2.4,2,3.5,0.0,0.0,0.0,0.0,0.0,0.0,89.3927
5760_dose_600_gradient_0_VconcST_0_Vconc_2.4_run_2.csv,5760.0,600.0,0,2.4,0.0,2.4,2,3.75,0.0,0.0,0.0,0.0,0.0,0.0,10000.0
5760_dose_600_gradient_0_VconcST_0_Vconc_2.4_run_2.csv,5760.0,600.0,0,2.4,0.0,2.4,2,4.0,0.0,0.0,0.0,0.0,0.0,0.0,88.121
5760_dose_600_gradient_0_VconcST_0_Vconc_2.4_run_2.csv,5760.0,600.0,0,2.4,0.0,2.4,2,4.25,0.0,0.0,0.0,0.0,0.0,0.0,9384.13
5760_dose_600_gradient_0_VconcST_0_Vconc_2.4_run_2.csv,5760.0,600.0,0,2.4,0.0,2.4,2,4.5,0.0,0.0,0.0,0.0,0.0,0.0,3774.25
5760_dose_600_gradient_0_VconcST_0_Vconc_2.4_run_2.csv,5760.0,600.0,0,2.4,0.0,2.4,2,4.75,0.0,0.0,0.0,0.0,0.0,0.0,294.657
5760_dose_600_gradient_0_VconcST_0_Vconc_2.4_run_2.csv,5760.0,600.0,0,2.4,0.0,2.4,2,5.0,0.0,0.0,0.0,0.0,0.0,0.0,4455.31
5760_dose_600_gradient_0_VconcST_0_Vconc_2.4_run_2.csv,5760.0,600.0,0,2.4,0.0,2.4,2,5.25,0.0,0.0,0.0,0.0,0.0,0.0,288.191
5760_dose_600_gradient_0_VconcST_0_Vconc_2.4_run_2.csv,5760.0,600.0,0,2.4,0.0,2.4,2,5.5,0.0,0.0,0.0,0.0,0.0,0.0,5009.09
5760_dose_600_gradient_0_VconcST_0_Vconc_2.4_run_2.csv,5760.0,600.0,0,2.4,0.0,2.4,2,5.75,0.0,0.0,0.0,0.0,0.0,0.0,292.253
5760_dose_600_gradient_0_VconcST_0_Vconc_2.4_run_2.csv,5760.0,600.0,0,2.4,0.0,2.4,2,6.0,0.0,0.0,0.0,0.0,0.0,0.0,5510.13
5760_dose_600_gradient_0_VconcST_0_Vconc_2.4_run_2.csv,5760.0,600.0,0,2.4,0.0,2.4,2,6.25,0.0,0.0,0.0,0.0,0.0,0.0,277.18
5760_dose_600_gradient_0_VconcST_0_Vconc_2.4_run_2.csv,5760.0,600.0,0,2.4,0.0,2.4,2,6.5,0.0,0.0,0.0,0.0,0.0,0.0,5947.95
5760_dose_600_gradient_0_VconcST_0_Vconc_2.4_run_2.csv,5760.0,600.0,0,2.4,0.0,2.4,2,6.75,0.0,0.0,0.0,0.0,0.0,0.0,214.75
5760_dose_600_gradient_0_VconcST_0_Vconc_2.4_run_2.csv,5760.0,600.0,0,2.4,0.0,2.4,2,7.0,0.0,0.0,0.0,0.0,0.0,0.0,7233.01
5760_dose_600_gradient_0_VconcST_0_Vconc_2.4_run_2.csv,5760.0,600.0,0,2.4,0.0,2.4,2,7.25,0.0,0.0,0.0,0.0,0.0,0.0,142.66
5760_dose_600_gradient_0_VconcST_0_Vconc_2.4_run_2.csv,5760.0,600.0,0,2.4,0.0,2.4,2,7.5,0.0,0.0,0.0,0.0,0.0,0.0,7940.48
5760_dose_600_gradient_0_VconcST_0_Vconc_2.4_run_2.csv,5760.0,600.0,0,2.4,0.0,2.4,2,7.75,0.0,0.0,0.0,0.0,0.0,0.0,115.895
5760_dose_600_gradient_0_VconcST_0_Vconc_2.4_run_2.csv,5760.0,600.0,0,2.4,0.0,2.4,2,8.0,0.0,0.0,0.0,0.0,0.0,0.0,8521.85
5760_dose_600_gradient_0_VconcST_0_Vconc_2.4_run_2.csv,5760.0,600.0,0,2.4,0.0,2.4,2,8.25,0.0,0.0,0.0,0.0,0.0,0.0,108.213
5760_dose_600_gradient_0_VconcST_0_Vconc_2.4_run_2.csv,5760.0,600.0,0,2.4,0.0,2.4,2,8.5,0.0,0.0,0.0,0.0,0.0,0.0,8062.36
5760_dose_600_gradient_0_VconcST_0_Vconc_2.4_run_2.csv,5760.0,600.0,0,2.4,0.0,2.4,2,8.75,0.0,0.0,0.0,0.0,0.0,0.0,94.9544
5760_dose_600_gradient_0_VconcST_0_Vconc_2.4_run_2.csv,5760.0,600.0,0,2.4,0.0,2.4,2,9.0,0.0,0.0,0.0,0.0,0.0,0.0,9904.86
5760_dose_600_gradient_0_VconcST_0_Vconc_2.4_run_2.csv,5760.0,600.0,0,2.4,0.0,2.4,2,9.25,0.0,0.0,0.0,0.0,0.0,0.0,90.6325
5760_dose_600_gradient_0_VconcST_0_Vconc_2.4_run_2.csv,5760.0,600.0,0,2.4,0.0,2.4,2,9.5,0.0,0.0,0.0,0.0,0.0,0.0,10000.0
5760_dose_600_gradient_0_VconcST_0_Vconc_2.4_run_2.csv,5760.0,600.0,0,2.4,0.0,2.4,2,9.75,0.0,0.0,0.0,0.0,0.0,0.0,92.8978
5760_dose_600_gradient_0_VconcST_0_Vconc_2.4_run_2.csv,5760.0,600.0,0,2.4,0.0,2.4,2,10.0,0.0,0.0,0.0,0.0,0.0,0.0,10000.0
5760_dose_600_gradient_0_VconcST_0_Vconc_2.4_run_2.csv,5760.0,600.0,0,2.4,0.0,2.4,2,10.25,0.0,0.0,0.0,0.0,0.0,0.0,89.9749
5760_dose_600_gradient_0_VconcST_0_Vconc_2.4_run_2.csv,5760.0,600.0,0,2.4,0.0,2.4,2,10.5,0.0,0.0,0.0,0.0,0.0,0.0,10000.0
5760_dose_600_gradient_0_VconcST_0_Vconc_2.4_run_2.csv,5760.0,600.0,0,2.4,0.0,2.4,2,10.75,0.0,0.0,0.0,0.0,0.0,0.0,88.2456
5760_dose_600_gradient_0_VconcST_0_Vconc_2.4_run_2.csv,5760.0,600.0,0,2.4,0.0,2.4,2,11.0,0.0,0.0,0.0,0.0,0.0,0.0,10000.0
5760_dose_600_gradient_0_VconcST_0_Vconc_2.4_run_2.csv,5760.0,600.0,0,2.4,0.0,2.4,2,11.25,0.0,0.0,0.0,0.0,0.0,0.0,88.4397
5760_dose_600_gradient_0_VconcST_0_Vconc_2.4_run_2.csv,5760.0,600.0,0,2.4,0.0,2.4,2,11.5,0.0,0.0,0.0,0.0,0.0,0.0,10000.0
5760_dose_600_gradient_0_VconcST_0_Vconc_2.4_run_2.csv,5760.0,600.0,0,2.4,0.0,2.4,2,11.75,0.0,0.0,0.0,0.0,0.000648872,0.0,89.7925
5760_dose_600_gradient_0_VconcST_0_Vconc_2.4_run_2.csv,5760.0,600.0,0,2.4,0.0,2.4,2,12.0,0.0,0.0,0.0,0.0,0.0,0.0,10000.0
5760_dose_600_gradient_0_VconcST_0_Vconc_2.4_run_2.csv,5760.0,600.0,0,2.4,0.0,2.4,2,12.25,0.0,0.0,0.0,0.0,0.0,0.0,87.5012
5760_dose_600_gradient_0_VconcST_0_Vconc_2.4_run_2.csv,5760.0,600.0,0,2.4,0.0,2.4,2,12.5,0.0,0.0,0.0,0.0,0.0,0.0,10000.0
5760_dose_600_gradient_0_VconcST_0_Vconc_2.4_run_2.csv,5760.0,600.0,0,2.4,0.0,2.4,2,12.75,0.0,0.0,0.0,0.0,0.0,0.0,3596.13
5760_dose_600_gradient_0_VconcST_0_Vconc_2.4_run_2.csv,5760.0,600.0,0,2.4,0.0,2.4,2,13.0,0.0,0.0,0.0,0.0,0.0,0.0,293.492
5760_dose_600_gradient_0_VconcST_0_Vconc_2.4_run_2.csv,5760.0,600.0,0,2.4,0.0,2.4,2,13.25,0.0,0.0,0.0,0.0,0.0,0.0,4334.54
5760_dose_600_gradient_0_VconcST_0_Vconc_2.4_run_2.csv,5760.0,600.0,0,2.4,0.0,2.4,2,13.5,0.0,0.0,0.0,0.0,0.0,0.0,293.049
5760_dose_600_gradient_0_VconcST_0_Vconc_2.4_run_2.csv,5760.0,600.0,0,2.4,0.0,2.4,2,13.75,0.0,0.0,0.0,0.0,0.0,0.0,4993.11
5760_dose_600_gradient_0_VconcST_0_Vconc_2.4_run_2.csv,5760.0,600.0,0,2.4,0.0,2.4,2,14.0,0.0,0.0,0.0,0.0,0.0,0.0,291.891
5760_dose_600_gradient_0_VconcST_0_Vconc_2.4_run_2.csv,5760.0,600.0,0,2.4,0.0,2.4,2,14.25,0.0,0.0,0.0,0.0,0.0,0.0,5482.4
5760_dose_600_gradient_0_VconcST_0_Vconc_2.4_run_2.csv,5760.0,600.0,0,2.4,0.0,2.4,2,14.5,0.0,0.0,0.0,0.0,0.0,0.0,275.625
5760_dose_600_gradient_0_VconcST_0_Vconc_2.4_run_2.csv,5760.0,600.0,0,2.4,0.0,2.4,2,14.75,0.0,0.0,0.0,0.0,0.0,0.0,5958.28
5760_dose_600_gradient_0_VconcST_0_Vconc_2.4_run_2.csv,5760.0,600.0,0,2.4,0.0,2.4,2,15.0,0.0,0.0,0.0,0.0,0.0,0.0,223.327
5760_dose_600_gradient_0_VconcST_0_Vconc_2.4_run_2.csv,5760.0,600.0,0,2.4,0.0,2.4,2,15.25,0.0,0.0,0.0,0.0,0.0,0.0,6788.86
5760_dose_600_gradient_0_VconcST_0_Vconc_2.4_run_2.csv,5760.0,600.0,0,2.4,0.0,2.4,2,15.5,0.0,0.0,0.0,0.0,0.0,0.0,133.061
5760_dose_600_gradient_0_VconcST_0_Vconc_2.4_run_2.csv,5760.0,600.0,0,2.4,0.0,2.4,2,15.75,0.0,0.0,0.0,0.0,0.0,0.0,7563.0
5760_dose_600_gradient_0_VconcST_0_Vconc_2.4_run_2.csv,5760.0,600.0,0,2.4,0.0,2.4,2,16.0,0.0,0.0,0.0,0.0,0.0,0.0,121.885
5760_dose_600_gradient_0_VconcST_0_Vconc_2.4_run_2.csv,5760.0,600.0,0,2.4,0.0,2.4,2,16.25,0.0,0.0,0.0,0.0,0.0,0.0,8188.54
5760_dose_600_gradient_0_VconcST_0_Vconc_2.4_run_2.csv,5760.0,600.0,0,2.4,0.0,2.4,2,16.5,0.0,0.0,0.0,0.0,0.0,0.0,105.675
5760_dose_600_gradient_0_VconcST_0_Vconc_2.4_run_2.csv,5760.0,600.0,0,2.4,0.0,2.4,2,16.75,0.0,0.0,0.0,0.0,0.0,0.0,9017.55
5760_dose_600_gradient_0_VconcST_0_Vconc_2.4_run_2.csv,5760.0,600.0,0,2.4,0.0,2.4,2,17.0,0.0,0.0,0.0,0.0,0.0,0.0,96.2464
5760_dose_600_gradient_0_VconcST_0_Vconc_2.4_run_2.csv,5760.0,600.0,0,2.4,0.0,2.4,2,17.25,0.0,0.0,0.0,0.0,0.0,0.0,9927.44
5760_dose_600_gradient_0_VconcST_0_Vconc_2.4_run_2.csv,5760.0,600.0,0,2.4,0.0,2.4,2,17.5,0.0,0.0,0.0,0.0,0.0,0.0,95.134
5760_dose_600_gradient_0_VconcST_0_Vconc_2.4_run_2.csv,5760.0,600.0,0,2.4,0.0,2.4,2,17.75,0.0,0.0,0.0,0.0,0.0,0.0,9976.71
5760_dose_600_gradient_0_VconcST_0_Vconc_2.4_run_2.csv,5760.0,600.0,0,2.4,0.0,2.4,2,18.0,0.0,0.0,0.0,0.0,0.0,0.0,91.5044
5760_dose_600_gradient_0_VconcST_0_Vconc_2.4_run_2.csv,5760.0,600.0,0,2.4,0.0,2.4,2,18.25,0.0,0.0,0.0,0.0,0.0,0.0,10000.0
5760_dose_600_gradient_0_VconcST_0_Vconc_2.4_run_2.csv,5760.0,600.0,0,2.4,0.0,2.4,2,18.5,0.0,0.0,0.0,0.0,0.0,0.0,88.3933
5760_dose_600_gradient_0_VconcST_0_Vconc_2.4_run_2.csv,5760.0,600.0,0,2.4,0.0,2.4,2,18.75,0.0,0.0,0.0,0.0,0.0,0.0,10000.0
5760_dose_600_gradient_0_VconcST_0_Vconc_2.4_run_2.csv,5760.0,600.0,0,2.4,0.0,2.4,2,19.0,0.0,0.0,0.0,0.0,0.0,0.0,87.2433
5760_dose_600_gradient_0_VconcST_0_Vconc_2.4_run_2.csv,5760.0,600.0,0,2.4,0.0,2.4,2,19.25,0.0,0.0,0.0,0.0,0.0,0.0,10000.0
5760_dose_600_gradient_0_VconcST_0_Vconc_2.4_run_2.csv,5760.0,600.0,0,2.4,0.0,2.4,2,19.5,0.0,0.0,0.0,0.0,0.0,0.0,90.9077
5760_dose_600_gradient_0_VconcST_0_Vconc_2.4_run_2.csv,5760.0,600.0,0,2.4,0.0,2.4,2,19.75,0.0,0.0,0.0,0.0,0.0,0.0,10000.0
5760_dose_600_gradient_0_VconcST_0_Vconc_2.4_run_2.csv,5760.0,600.0,0,2.4,0.0,2.4,2,20.0,0.0,0.0,0.0,0.0,0.0,0.0,88.5353
5760_dose_600_gradient_0_VconcST_0_Vconc_2.4_run_2.csv,5760.0,600.0,0,2.4,0.0,2.4,2,20.25,0.0,0.0,0.0,0.0,0.0,0.0,10000.0
5760_dose_600_gradient_0_VconcST_0_Vconc_2.4_run_2.csv,5760.0,600.0,0,2.4,0.0,2.4,2,20.5,0.0,0.0,0.0,0.0,0.0,0.0,88.4107
5760_dose_600_gradient_0_VconcST_0_Vconc_2.4_run_2.csv,5760.0,600.0,0,2.4,0.0,2.4,2,20.75,0.0,0.0,0.0,0.0,0.0,0.0,10000.0
5760_dose_600_gradient_0_VconcST_0_Vconc_2.4_run_2.csv,5760.0,600.0,0,2.4,0.0,2.4,2,21.0,0.0,0.0,0.0,0.0,0.0,0.0,3583.4
5760_dose_600_gradient_0_VconcST_0_Vconc_2.4_run_2.csv,5760.0,600.0,0,2.4,0.0,2.4,2,21.25,0.0,0.0,0.0,0.0,0.0,0.0,286.624
5760_dose_600_gradient_0_VconcST_0_Vconc_2.4_run_2.csv,5760.0,600.0,0,2.4,0.0,2.4,2,21.5,0.0,0.0,0.0,0.0,0.0,0.0,4309.47
5760_dose_600_gradient_0_VconcST_0_Vconc_2.4_run_2.csv,5760.0,600.0,0,2.4,0.0,2.4,2,21.75,0.0,0.0,0.0,0.0,0.0,0.0,289.97
5760_dose_600_gradient_0_VconcST_0_Vconc_2.4_run_2.csv,5760.0,600.0,0,2.4,0.0,2.4,2,22.0,0.0,0.0,0.0,0.0,0.0,0.0,4926.81
5760_dose_600_gradient_0_VconcST_0_Vconc_2.4_run_2.csv,5760.0,600.0,0,2.4,0.0,2.4,2,22.25,0.0,0.0,0.0,0.0,0.0,0.0,296.682
5760_dose_600_gradient_0_VconcST_0_Vconc_2.4_run_2.csv,5760.0,600.0,0,2.4,0.0,2.4,2,22.5,0.0,0.0,0.0,0.0,0.0,0.0,5444.47
5760_dose_600_gradient_0_VconcST_0_Vconc_2.4_run_2.csv,5760.0,600.0,0,2.4,0.0,2.4,2,22.75,0.0,0.0,0.0,0.0,0.0,0.0,284.379
5760_dose_600_gradient_0_VconcST_0_Vconc_2.4_run_2.csv,5760.0,600.0,0,2.4,0.0,2.4,2,23.0,0.0,0.0,0.0,0.0,0.0,0.0,6403.08
5760_dose_600_gradient_0_VconcST_0_Vconc_2.4_run_2.csv,5760.0,600.0,0,2.4,0.0,2.4,2,23.25,0.0,0.0,0.0,0.0,0.0,0.0,229.932
5760_dose_600_gradient_0_VconcST_0_Vconc_2.4_run_2.csv,5760.0,600.0,0,2.4,0.0,2.4,2,23.5,0.0,0.0,0.0,0.0,0.0,0.0,6738.95
5760_dose_600_gradient_0_VconcST_0_Vconc_2.4_run_2.csv,5760.0,600.0,0,2.4,0.0,2.4,2,23.75,0.0,0.0,0.0,0.0,0.0,0.0,146.003
5760_dose_600_gradient_0_VconcST_0_Vconc_2.4_run_2.csv,5760.0,600.0,0,2.4,0.0,2.4,2,24.0,46.7175,600.0,0.018195,46.7175,0.0,0.0,7848.18
5760_dose_600_gradient_0_VconcST_0_Vconc_2.4_run_2.csv,5760.0,600.0,0,2.4,0.0,2.4,2,24.25,2816.07,588.109,1.09677,2816.07,0.0,0.999928,0.0111462
5760_dose_600_gradient_0_VconcST_0_Vconc_2.4_run_2.csv,5760.0,600.0,0,2.4,0.0,2.4,2,24.5,5520.02,576.453,2.14988,5520.02,0.0,0.999963,0.180265
5760_dose_600_gradient_0_VconcST_0_Vconc_2.4_run_2.csv,5760.0,600.0,0,2.4,0.0,2.4,2,24.75,8159.93,565.029,3.17804,8159.93,0.0,0.999975,0.110306
5760_dose_600_gradient_0_VconcST_0_Vconc_2.4_run_2.csv,5760.0,600.0,0,2.4,0.0,2.4,2,25.0,10737.1,553.83,4.18176,10737.1,0.0,0.999981,0.0802045
5760_dose_600_gradient_0_VconcST_0_Vconc_2.4_run_2.csv,5760.0,600.0,0,2.4,0.0,2.4,2,25.25,13252.8,542.853,5.16155,13252.8,0.0,0.999985,0.0632459
5760_dose_600_gradient_0_VconcST_0_Vconc_2.4_run_2.csv,5760.0,600.0,0,2.4,0.0,2.4,2,25.5,15708.3,532.094,6.11789,15708.3,0.0,0.999987,0.0523378
5760_dose_600_gradient_0_VconcST_0_Vconc_2.4_run_2.csv,5760.0,600.0,0,2.4,0.0,2.4,2,25.75,18104.8,521.549,7.05126,18104.8,0.0,0.999989,0.0445545
5760_dose_600_gradient_0_VconcST_0_Vconc_2.4_run_2.csv,5760.0,600.0,0,2.4,0.0,2.4,2,26.0,20443.6,511.213,7.96213,20443.6,0.0,0.99999,0.0391942
5760_dose_600_gradient_0_VconcST_0_Vconc_2.4_run_2.csv,5760.0,600.0,0,2.4,0.0,2.4,2,26.25,22725.7,501.081,8.85097,22725.7,0.0,0.999991,0.0350561
5760_dose_600_gradient_0_VconcST_0_Vconc_2.4_run_2.csv,5760.0,600.0,0,2.4,0.0,2.4,2,26.5,24952.5,491.15,9.71822,24952.5,0.0,0.999992,0.0317427
5760_dose_600_gradient_0_VconcST_0_Vconc_2.4_run_2.csv,5760.0,600.0,0,2.4,0.0,2.4,2,26.75,27124.9,481.416,10.5643,27124.9,0.0,0.999993,0.0289762
5760_dose_600_gradient_0_VconcST_0_Vconc_2.4_run_2.csv,5760.0,600.0,0,2.4,0.0,2.4,2,27.0,29244.3,471.875,11.3897,29244.3,0.0,0.999993,0.0267321
5760_dose_600_gradient_0_VconcST_0_Vconc_2.4_run_2.csv,5760.0,600.0,0,2.4,0.0,2.4,2,27.25,31311.5,462.523,12.1949,31311.5,0.0,0.999994,0.0248787
5760_dose_600_gradient_0_VconcST_0_Vconc_2.4_run_2.csv,5760.0,600.0,0,2.4,0.0,2.4,2,27.5,33327.7,453.356,12.9801,33327.7,0.0,0.999994,0.0232954
5760_dose_600_gradient_0_VconcST_0_Vconc_2.4_run_2.csv,5760.0,600.0,0,2.4,0.0,2.4,2,27.75,35294.0,444.371,13.7459,35294.0,0.0,0.999994,0.0219515
5760_dose_600_gradient_0_VconcST_0_Vconc_2.4_run_2.csv,5760.0,600.0,0,2.4,0.0,2.4,2,28.0,37211.3,435.564,14.4926,37211.3,0.0,0.999995,0.0208076
5760_dose_600_gradient_0_VconcST_0_Vconc_2.4_run_2.csv,5760.0,600.0,0,2.4,0.0,2.4,2,28.25,39080.7,426.932,15.2207,39080.7,0.0,0.999995,0.0199728
5760_dose_600_gradient_0_VconcST_0_Vconc_2.4_run_2.csv,5760.0,600.0,0,2.4,0.0,2.4,2,28.5,40903.2,418.471,15.9305,40903.2,0.0,0.999995,0.018803
5760_dose_600_gradient_0_VconcST_0_Vconc_2.4_run_2.csv,5760.0,600.0,0,2.4,0.0,2.4,2,28.75,42679.7,410.177,16.6224,42679.7,0.0,0.999995,0.018128
5760_dose_600_gradient_0_VconcST_0_Vconc_2.4_run_2.csv,5760.0,600.0,0,2.4,0.0,2.4,2,29.0,44411.2,402.048,17.2968,44411.2,0.0,0.999996,0.017415
5760_dose_600_gradient_0_VconcST_0_Vconc_2.4_run_2.csv,5760.0,600.0,0,2.4,0.0,2.4,2,29.25,46098.6,394.08,17.954,46098.6,0.0,0.999996,0.0167366
5760_dose_600_gradient_0_VconcST_0_Vconc_2.4_run_2.csv,5760.0,600.0,0,2.4,0.0,2.4,2,29.5,47742.8,386.27,18.5943,47742.8,0.0,0.999996,0.0160806
5760_dose_600_gradient_0_VconcST_0_Vconc_2.4_run_2.csv,5760.0,600.0,0,2.4,0.0,2.4,2,29.75,49344.8,378.614,19.2183,49344.8,0.0,0.999996,0.0156326
5760_dose_600_gradient_0_VconcST_0_Vconc_2.4_run_2.csv,5760.0,600.0,0,2.4,0.0,2.4,2,30.0,50905.4,371.11,19.8261,50905.4,0.0,0.999996,0.0151533
5760_dose_600_gradient_0_VconcST_0_Vconc_2.4_run_2.csv,5760.0,600.0,0,2.4,0.0,2.4,2,30.25,52425.4,363.755,20.4181,52425.4,0.0,0.999996,0.0147011
5760_dose_600_gradient_0_VconcST_0_Vconc_2.4_run_2.csv,5760.0,600.0,0,2.4,0.0,2.4,2,30.5,53905.6,356.546,20.9946,53905.6,0.0,0.999996,0.0142657
5760_dose_600_gradient_0_VconcST_0_Vconc_2.4_run_2.csv,5760.0,600.0,0,2.4,0.0,2.4,2,30.75,55347.0,349.48,21.5559,55347.0,0.0,0.999996,0.0138453
5760_dose_600_gradient_0_VconcST_0_Vconc_2.4_run_2.csv,5760.0,600.0,0,2.4,0.0,2.4,2,31.0,56750.3,342.554,22.1025,56750.3,0.0,0.999996,0.0136294
5760_dose_600_gradient_0_VconcST_0_Vconc_2.4_run_2.csv,5760.0,600.0,0,2.4,0.0,2.4,2,31.25,58116.3,335.765,22.6345,58116.3,0.0,0.999997,0.0131469
5760_dose_600_gradient_0_VconcST_0_Vconc_2.4_run_2.csv,5760.0,600.0,0,2.4,0.0,2.4,2,31.5,59445.8,329.11,23.1523,59445.8,0.0,0.999997,0.0129008
5760_dose_600_gradient_0_VconcST_0_Vconc_2.4_run_2.csv,5760.0,600.0,0,2.4,0.0,2.4,2,31.75,60739.5,322.588,23.6562,60739.5,0.0,0.999997,0.0126717
5760_dose_600_gradient_0_VconcST_0_Vconc_2.4_run_2.csv,5760.0,600.0,0,2.4,0.0,2.4,2,32.0,61998.2,316.194,24.1464,61998.2,0.0,0.999997,0.0122218
5760_dose_600_gradient_0_VconcST_0_Vconc_2.4_run_2.csv,5760.0,600.0,0,2.4,0.0,2.4,2,32.25,63222.6,309.928,24.6233,63222.6,0.0,0.999997,0.0119871
5760_dose_600_gradient_0_VconcST_0_Vconc_2.4_run_2.csv,5760.0,600.0,0,2.4,0.0,2.4,2,32.5,64413.5,303.785,25.0871,64413.5,0.0,0.999997,0.0117799
5760_dose_600_gradient_0_VconcST_0_Vconc_2.4_run_2.csv,5760.0,600.0,0,2.4,0.0,2.4,2,32.75,65571.4,297.765,25.538,65571.4,0.0,0.999997,0.0115346
5760_dose_600_gradient_0_VconcST_0_Vconc_2.4_run_2.csv,5760.0,600.0,0,2.4,0.0,2.4,2,33.0,66697.3,291.863,25.9765,66697.3,0.0,0.999997,0.0117989
5760_dose_600_gradient_0_VconcST_0_Vconc_2.4_run_2.csv,5760.0,600.0,0,2.4,0.0,2.4,2,33.25,67791.5,286.079,26.4027,67791.5,0.0,0.999997,0.0115509
5760_dose_600_gradient_0_VconcST_0_Vconc_2.4_run_2.csv,5760.0,600.0,0,2.4,0.0,2.4,2,33.5,68855.0,280.409,26.8169,68855.0,0.0,0.999997,0.0113141
5760_dose_600_gradient_0_VconcST_0_Vconc_2.4_run_2.csv,5760.0,600.0,0,2.4,0.0,2.4,2,33.75,69888.3,274.852,27.2193,69888.3,0.0,0.999997,0.0110824
5760_dose_600_gradient_0_VconcST_0_Vconc_2.4_run_2.csv,5760.0,600.0,0,2.4,0.0,2.4,2,34.0,70892.0,269.405,27.6102,70892.0,0.0,0.999997,0.0108803
5760_dose_600_gradient_0_VconcST_0_Vconc_2.4_run_2.csv,5760.0,600.0,0,2.4,0.0,2.4,2,34.25,71866.7,264.066,27.9898,71866.7,0.0,0.999997,0.0108791
5760_dose_600_gradient_0_VconcST_0_Vconc_2.4_run_2.csv,5760.0,600.0,0,2.4,0.0,2.4,2,34.5,72813.1,258.832,28.3584,72813.1,0.0,0.999997,0.0106647
5760_dose_600_gradient_0_VconcST_0_Vconc_2.4_run_2.csv,5760.0,600.0,0,2.4,0.0,2.4,2,34.75,73731.7,253.702,28.7162,73731.7,0.0,0.999997,0.0104039
5760_dose_600_gradient_0_VconcST_0_Vconc_2.4_run_2.csv,5760.0,600.0,0,2.4,0.0,2.4,2,35.0,74623.2,248.674,29.0634,74623.2,0.0,0.999997,0.0104225
5760_dose_600_gradient_0_VconcST_0_Vconc_2.4_run_2.csv,5760.0,600.0,0,2.4,0.0,2.4,2,35.25,75488.1,243.746,29.4003,75488.1,0.0,0.999997,0.0101777
5760_dose_600_gradient_0_VconcST_0_Vconc_2.4_run_2.csv,5760.0,600.0,0,2.4,0.0,2.4,2,35.5,76326.9,238.915,29.727,76326.9,0.0,0.999997,0.0101777
5760_dose_600_gradient_0_VconcST_0_Vconc_2.4_run_2.csv,5760.0,600.0,0,2.4,0.0,2.4,2,35.75,77140.3,234.18,30.0437,77140.3,0.0,0.999997,0.010004
5760_dose_600_gradient_0_VconcST_0_Vconc_2.4_run_2.csv,5760.0,600.0,0,2.4,0.0,2.4,2,36.0,77928.7,229.539,30.3508,77928.7,0.0,0.999997,0.00997039
5760_dose_600_gradient_0_VconcST_0_Vconc_2.4_run_2.csv,5760.0,600.0,0,2.4,0.0,2.4,2,36.25,78692.7,224.99,30.6484,78692.7,0.0,0.999997,0.0099515
5760_dose_600_gradient_0_VconcST_0_Vconc_2.4_run_2.csv,5760.0,600.0,0,2.4,0.0,2.4,2,36.5,79432.9,220.531,30.9366,79432.9,0.0,0.999997,0.00973116
5760_dose_600_gradient_0_VconcST_0_Vconc_2.4_run_2.csv,5760.0,600.0,0,2.4,0.0,2.4,2,36.75,80149.6,216.16,31.2158,80149.6,0.0,0.999997,0.0097544
5760_dose_600_gradient_0_VconcST_0_Vconc_2.4_run_2.csv,5760.0,600.0,0,2.4,0.0,2.4,2,37.0,80843.5,211.876,31.486,80843.5,0.0,0.999997,0.00950784
5760_dose_600_gradient_0_VconcST_0_Vconc_2.4_run_2.csv,5760.0,600.0,0,2.4,0.0,2.4,2,37.25,81514.9,207.677,31.7475,81514.9,0.0,0.999997,0.00951718
5760_dose_600_gradient_0_VconcST_0_Vconc_2.4_run_2.csv,5760.0,600.0,0,2.4,0.0,2.4,2,37.5,82164.5,203.561,32.0005,82164.5,0.0,0.999998,0.00950784
5760_dose_600_gradient_0_VconcST_0_Vconc_2.4_run_2.csv,5760.0,600.0,0,2.4,0.0,2.4,2,37.75,82792.5,199.527,32.2451,82792.5,0.0,0.999998,0.00927953
5760_dose_600_gradient_0_VconcST_0_Vconc_2.4_run_2.csv,5760.0,600.0,0,2.4,0.0,2.4,2,38.0,83399.6,195.572,32.4815,83399.6,0.0,0.999998,0.0092854
5760_dose_600_gradient_0_VconcST_0_Vconc_2.4_run_2.csv,5760.0,600.0,0,2.4,0.0,2.4,2,38.25,83986.0,191.696,32.71,83986.0,0.0,0.999998,0.00927953
5760_dose_600_gradient_0_VconcST_0_Vconc_2.4_run_2.csv,5760.0,600.0,0,2.4,0.0,2.4,2,38.5,84552.4,187.897,32.9306,84552.4,0.0,0.999998,0.00906339
5760_dose_600_gradient_0_VconcST_0_Vconc_2.4_run_2.csv,5760.0,600.0,0,2.4,0.0,2.4,2,38.75,85099.1,184.173,33.1435,85099.1,0.0,0.999998,0.00905704
5760_dose_600_gradient_0_VconcST_0_Vconc_2.4_run_2.csv,5760.0,600.0,0,2.4,0.0,2.4,2,39.0,85626.6,180.523,33.3489,85626.6,0.0,0.999998,0.00904686
5760_dose_600_gradient_0_VconcST_0_Vconc_2.4_run_2.csv,5760.0,600.0,0,2.4,0.0,2.4,2,39.25,86135.1,176.945,33.547,86135.1,0.0,0.999998,0.00905131
5760_dose_600_gradient_0_VconcST_0_Vconc_2.4_run_2.csv,5760.0,600.0,0,2.4,0.0,2.4,2,39.5,86625.3,173.438,33.7379,86625.3,0.0,0.999998,0.00883242
5760_dose_600_gradient_0_VconcST_0_Vconc_2.4_run_2.csv,5760.0,600.0,0,2.4,0.0,2.4,2,39.75,87097.4,170.001,33.9217,87097.4,0.0,0.999998,0.00882563
5760_dose_600_gradient_0_VconcST_0_Vconc_2.4_run_2.csv,5760.0,600.0,0,2.4,0.0,2.4,2,40.0,87551.8,166.632,34.0987,87551.8,0.0,0.999998,0.00882966
5760_dose_600_gradient_0_VconcST_0_Vconc_2.4_run_2.csv,5760.0,600.0,0,2.4,0.0,2.4,2,40.25,87989.0,163.329,34.269,87989.0,0.0,0.999998,0.00883152
5760_dose_600_gradient_0_VconcST_0_Vconc_2.4_run_2.csv,5760.0,600.0,0,2.4,0.0,2.4,2,40.5,88409.3,160.092,34.4327,88409.3,0.0,0.999998,0.00882067
5760_dose_600_gradient_0_VconcST_0_Vconc_2.4_run_2.csv,5760.0,600.0,0,2.4,0.0,2.4,2,40.75,88813.0,156.919,34.5899,88813.0,0.0,0.999998,0.0086126
5760_dose_600_gradient_0_VconcST_0_Vconc_2.4_run_2.csv,5760.0,600.0,0,2.4,0.0,2.4,2,41.0,89200.5,153.809,34.7408,89200.5,0.0,0.999998,0.00861018
5760_dose_600_gradient_0_VconcST_0_Vconc_2.4_run_2.csv,5760.0,600.0,0,2.4,0.0,2.4,2,41.25,89572.2,150.761,34.8856,89572.2,0.0,0.999998,0.00860656
5760_dose_600_gradient_0_VconcST_0_Vconc_2.4_run_2.csv,5760.0,600.0,0,2.4,0.0,2.4,2,41.5,89928.5,147.773,35.0244,89928.5,0.0,0.999998,0.00860052
5760_dose_600_gradient_0_VconcST_0_Vconc_4.8_run_0.csv,5760.0,600.0,0,4.8,0.0,4.8,0,0.0,0.0,0.0,0.0,0.0,0.0,0.0,0.0
5760_dose_600_gradient_0_VconcST_0_Vconc_4.8_run_0.csv,5760.0,600.0,0,4.8,0.0,4.8,0,0.25,0.0,0.0,0.0,0.0,0.0,0.0,10000.0
5760_dose_600_gradient_0_VconcST_0_Vconc_4.8_run_0.csv,5760.0,600.0,0,4.8,0.0,4.8,0,0.5,0.0,0.0,0.0,0.0,0.0,0.0,233.476
5760_dose_600_gradient_0_VconcST_0_Vconc_4.8_run_0.csv,5760.0,600.0,0,4.8,0.0,4.8,0,0.75,0.0,0.0,0.0,0.0,0.0,0.0,10000.0
5760_dose_600_gradient_0_VconcST_0_Vconc_4.8_run_0.csv,5760.0,600.0,0,4.8,0.0,4.8,0,1.0,0.0,0.0,0.0,0.0,0.0,0.0,208.604
5760_dose_600_gradient_0_VconcST_0_Vconc_4.8_run_0.csv,5760.0,600.0,0,4.8,0.0,4.8,0,1.25,0.0,0.0,0.0,0.0,0.0,0.0,10000.0
5760_dose_600_gradient_0_VconcST_0_Vconc_4.8_run_0.csv,5760.0,600.0,0,4.8,0.0,4.8,0,1.5,0.0,0.0,0.0,0.0,0.0,0.0,203.315
5760_dose_600_gradient_0_VconcST_0_Vconc_4.8_run_0.csv,5760.0,600.0,0,4.8,0.0,4.8,0,1.75,0.0,0.0,0.0,0.0,0.0,0.0,10000.0
5760_dose_600_gradient_0_VconcST_0_Vconc_4.8_run_0.csv,5760.0,600.0,0,4.8,0.0,4.8,0,2.0,0.0,0.0,0.0,0.0,0.0,0.0,188.999
5760_dose_600_gradient_0_VconcST_0_Vconc_4.8_run_0.csv,5760.0,600.0,0,4.8,0.0,4.8,0,2.25,0.0,0.0,0.0,0.0,0.0,0.0,10000.0
5760_dose_600_gradient_0_VconcST_0_Vconc_4.8_run_0.csv,5760.0,600.0,0,4.8,0.0,4.8,0,2.5,0.0,0.0,0.0,0.0,0.0,0.0,191.288
5760_dose_600_gradient_0_VconcST_0_Vconc_4.8_run_0.csv,5760.0,600.0,0,4.8,0.0,4.8,0,2.75,0.0,0.0,0.0,0.0,0.0,0.0,10000.0
5760_dose_600_gradient_0_VconcST_0_Vconc_4.8_run_0.csv,5760.0,600.0,0,4.8,0.0,4.8,0,3.0,0.0,0.0,0.0,0.0,0.0,0.0,182.25
5760_dose_600_gradient_0_VconcST_0_Vconc_4.8_run_0.csv,5760.0,600.0,0,4.8,0.0,4.8,0,3.25,0.0,0.0,0.0,0.0,0.0,0.0,10000.0
5760_dose_600_gradient_0_VconcST_0_Vconc_4.8_run_0.csv,5760.0,600.0,0,4.8,0.0,4.8,0,3.5,0.0,0.0,0.0,0.0,0.0,0.0,188.86
5760_dose_600_gradient_0_VconcST_0_Vconc_4.8_run_0.csv,5760.0,600.0,0,4.8,0.0,4.8,0,3.75,0.0,0.0,0.0,0.0,0.0,0.0,10000.0
5760_dose_600_gradient_0_VconcST_0_Vconc_4.8_run_0.csv,5760.0,600.0,0,4.8,0.0,4.8,0,4.0,0.0,0.0,0.0,0.0,0.0,0.0,4327.94
5760_dose_600_gradient_0_VconcST_0_Vconc_4.8_run_0.csv,5760.0,600.0,0,4.8,0.0,4.8,0,4.25,0.0,0.0,0.0,0.0,0.0,0.0,573.938
5760_dose_600_gradient_0_VconcST_0_Vconc_4.8_run_0.csv,5760.0,600.0,0,4.8,0.0,4.8,0,4.5,0.0,0.0,0.0,0.0,0.0,0.0,8343.43
5760_dose_600_gradient_0_VconcST_0_Vconc_4.8_run_0.csv,5760.0,600.0,0,4.8,0.0,4.8,0,4.75,0.0,0.0,0.0,0.0,0.0,0.0,589.001
5760_dose_600_gradient_0_VconcST_0_Vconc_4.8_run_0.csv,5760.0,600.0,0,4.8,0.0,4.8,0,5.0,0.0,0.0,0.0,0.0,0.0,0.0,10000.0
5760_dose_600_gradient_0_VconcST_0_Vconc_4.8_run_0.csv,5760.0,600.0,0,4.8,0.0,4.8,0,5.25,0.0,0.0,0.0,0.0,0.0,0.0,576.145
5760_dose_600_gradient_0_VconcST_0_Vconc_4.8_run_0.csv,5760.0,600.0,0,4.8,0.0,4.8,0,5.5,0.0,0.0,0.0,0.0,0.0,0.0,10000.0
5760_dose_600_gradient_0_VconcST_0_Vconc_4.8_run_0.csv,5760.0,600.0,0,4.8,0.0,4.8,0,5.75,0.0,0.0,0.0,0.0,0.0,0.0,576.487
5760_dose_600_gradient_0_VconcST_0_Vconc_4.8_run_0.csv,5760.0,600.0,0,4.8,0.0,4.8,0,6.0,0.0,0.0,0.0,0.0,0.0,0.0,10000.0
5760_dose_600_gradient_0_VconcST_0_Vconc_4.8_run_0.csv,5760.0,600.0,0,4.8,0.0,4.8,0,6.25,0.0,0.0,0.0,0.0,0.0,0.0,411.535
5760_dose_600_gradient_0_VconcST_0_Vconc_4.8_run_0.csv,5760.0,600.0,0,4.8,0.0,4.8,0,6.5,0.0,0.0,0.0,0.0,0.0,0.0,10000.0
5760_dose_600_gradient_0_VconcST_0_Vconc_4.8_run_0.csv,5760.0,600.0,0,4.8,0.0,4.8,0,6.75,0.0,0.0,0.0,0.0,0.0,0.0,298.385
5760_dose_600_gradient_0_VconcST_0_Vconc_4.8_run_0.csv,5760.0,600.0,0,4.8,0.0,4.8,0,7.0,0.0,0.0,0.0,0.0,0.0,0.0,10000.0
5760_dose_600_gradient_0_VconcST_0_Vconc_4.8_run_0.csv,5760.0,600.0,0,4.8,0.0,4.8,0,7.25,0.0,0.0,0.0,0.0,0.0,0.0,272.471
5760_dose_600_gradient_0_VconcST_0_Vconc_4.8_run_0.csv,5760.0,600.0,0,4.8,0.0,4.8,0,7.5,0.0,0.0,0.0,0.0,0.0,0.0,10000.0
5760_dose_600_gradient_0_VconcST_0_Vconc_4.8_run_0.csv,5760.0,600.0,0,4.8,0.0,4.8,0,7.75,0.0,0.0,0.0,0.0,0.0,0.0,228.349
5760_dose_600_gradient_0_VconcST_0_Vconc_4.8_run_0.csv,5760.0,600.0,0,4.8,0.0,4.8,0,8.0,0.0,0.0,0.0,0.0,0.0,0.0,10000.0
5760_dose_600_gradient_0_VconcST_0_Vconc_4.8_run_0.csv,5760.0,600.0,0,4.8,0.0,4.8,0,8.25,0.0,0.0,0.0,0.0,0.0,0.0,211.594
5760_dose_600_gradient_0_VconcST_0_Vconc_4.8_run_0.csv,5760.0,600.0,0,4.8,0.0,4.8,0,8.5,0.0,0.0,0.0,0.0,0.0,0.0,10000.0
5760_dose_600_gradient_0_VconcST_0_Vconc_4.8_run_0.csv,5760.0,600.0,0,4.8,0.0,4.8,0,8.75,0.0,0.0,0.0,0.0,0.0,0.0,205.348
5760_dose_600_gradient_0_VconcST_0_Vconc_4.8_run_0.csv,5760.0,600.0,0,4.8,0.0,4.8,0,9.0,0.0,0.0,0.0,0.0,0.0,0.0,10000.0
5760_dose_600_gradient_0_VconcST_0_Vconc_4.8_run_0.csv,5760.0,600.0,0,4.8,0.0,4.8,0,9.25,0.0,0.0,0.0,0.0,0.000197483,0.0,191.85
5760_dose_600_gradient_0_VconcST_0_Vconc_4.8_run_0.csv,5760.0,600.0,0,4.8,0.0,4.8,0,9.5,0.0,0.0,0.0,0.0,0.0,0.0,10000.0
5760_dose_600_gradient_0_VconcST_0_Vconc_4.8_run_0.csv,5760.0,600.0,0,4.8,0.0,4.8,0,9.75,0.0,0.0,0.0,0.0,0.0,0.0,189.567
5760_dose_600_gradient_0_VconcST_0_Vconc_4.8_run_0.csv,5760.0,600.0,0,4.8,0.0,4.8,0,10.0,0.0,0.0,0.0,0.0,0.0,0.0,10000.0
5760_dose_600_gradient_0_VconcST_0_Vconc_4.8_run_0.csv,5760.0,600.0,0,4.8,0.0,4.8,0,10.25,0.0,0.0,0.0,0.0,0.0,0.0,186.635
5760_dose_600_gradient_0_VconcST_0_Vconc_4.8_run_0.csv,5760.0,600.0,0,4.8,0.0,4.8,0,10.5,0.0,0.0,0.0,0.0,0.0,0.0,10000.0
5760_dose_600_gradient_0_VconcST_0_Vconc_4.8_run_0.csv,5760.0,600.0,0,4.8,0.0,4.8,0,10.75,0.0,0.0,0.0,0.0,0.0,0.0,182.366
5760_dose_600_gradient_0_VconcST_0_Vconc_4.8_run_0.csv,5760.0,600.0,0,4.8,0.0,4.8,0,11.0,0.0,0.0,0.0,0.0,0.0,0.0,10000.0
5760_dose_600_gradient_0_VconcST_0_Vconc_4.8_run_0.csv,5760.0,600.0,0,4.8,0.0,4.8,0,11.25,0.0,0.0,0.0,0.0,0.0,0.0,185.361
5760_dose_600_gradient_0_VconcST_0_Vconc_4.8_run_0.csv,5760.0,600.0,0,4.8,0.0,4.8,0,11.5,0.0,0.0,0.0,0.0,0.0,0.0,573.132
5760_dose_600_gradient_0_VconcST_0_Vconc_4.8_run_0.csv,5760.0,600.0,0,4.8,0.0,4.8,0,11.75,0.0,0.0,0.0,0.0,0.0,0.0,7634.48
5760_dose_600_gradient_0_VconcST_0_Vconc_4.8_run_0.csv,5760.0,600.0,0,4.8,0.0,4.8,0,12.0,0.0,0.0,0.0,0.0,0.0,0.0,583.474
5760_dose_600_gradient_0_VconcST_0_Vconc_4.8_run_0.csv,5760.0,600.0,0,4.8,0.0,4.8,0,12.25,0.0,0.0,0.0,0.0,0.0,0.0,9767.56
5760_dose_600_gradient_0_VconcST_0_Vconc_4.8_run_0.csv,5760.0,600.0,0,4.8,0.0,4.8,0,12.5,0.0,0.0,0.0,0.0,0.0,0.0,577.055
5760_dose_600_gradient_0_VconcST_0_Vconc_4.8_run_0.csv,5760.0,600.0,0,4.8,0.0,4.8,0,12.75,0.0,0.0,0.0,0.0,0.0,0.0,10000.0
5760_dose_600_gradient_0_VconcST_0_Vconc_4.8_run_0.csv,5760.0,600.0,0,4.8,0.0,4.8,0,13.0,0.0,0.0,0.0,0.0,0.0,0.0,582.918
5760_dose_600_gradient_0_VconcST_0_Vconc_4.8_run_0.csv,5760.0,600.0,0,4.8,0.0,4.8,0,13.25,0.0,0.0,0.0,0.0,0.0,0.0,10000.0
5760_dose_600_gradient_0_VconcST_0_Vconc_4.8_run_0.csv,5760.0,600.0,0,4.8,0.0,4.8,0,13.5,0.0,0.0,0.0,0.0,0.0,0.0,468.2
5760_dose_600_gradient_0_VconcST_0_Vconc_4.8_run_0.csv,5760.0,600.0,0,4.8,0.0,4.8,0,13.75,0.0,0.0,0.0,0.0,0.0,0.0,10000.0
5760_dose_600_gradient_0_VconcST_0_Vconc_4.8_run_0.csv,5760.0,600.0,0,4.8,0.0,4.8,0,14.0,0.0,0.0,0.0,0.0,0.0,0.0,322.711
5760_dose_600_gradient_0_VconcST_0_Vconc_4.8_run_0.csv,5760.0,600.0,0,4.8,0.0,4.8,0,14.25,0.0,0.0,0.0,0.0,0.0,0.0,10000.0
5760_dose_600_gradient_0_VconcST_0_Vconc_4.8_run_0.csv,5760.0,600.0,0,4.8,0.0,4.8,0,14.5,0.0,0.0,0.0,0.0,0.0,0.0,281.132
5760_dose_600_gradient_0_VconcST_0_Vconc_4.8_run_0.csv,5760.0,600.0,0,4.8,0.0,4.8,0,14.75,0.0,0.0,0.0,0.0,0.0,0.0,10000.0
5760_dose_600_gradient_0_VconcST_0_Vconc_4.8_run_0.csv,5760.0,600.0,0,4.8,0.0,4.8,0,15.0,0.0,0.0,0.0,0.0,0.0,0.0,254.245
5760_dose_600_gradient_0_VconcST_0_Vconc_4.8_run_0.csv,5760.0,600.0,0,4.8,0.0,4.8,0,15.25,0.0,0.0,0.0,0.0,0.0,0.0,10000.0
5760_dose_600_gradient_0_VconcST_0_Vconc_4.8_run_0.csv,5760.0,600.0,0,4.8,0.0,4.8,0,15.5,0.0,0.0,0.0,0.0,0.0,0.0,223.1
5760_dose_600_gradient_0_VconcST_0_Vconc_4.8_run_0.csv,5760.0,600.0,0,4.8,0.0,4.8,0,15.75,0.0,0.0,0.0,0.0,0.0,0.0,10000.0
5760_dose_600_gradient_0_VconcST_0_Vconc_4.8_run_0.csv,5760.0,600.0,0,4.8,0.0,4.8,0,16.0,0.0,0.0,0.0,0.0,0.0,0.0,215.493
5760_dose_600_gradient_0_VconcST_0_Vconc_4.8_run_0.csv,5760.0,600.0,0,4.8,0.0,4.8,0,16.25,0.0,0.0,0.0,0.0,0.0,0.0,10000.0
5760_dose_600_gradient_0_VconcST_0_Vconc_4.8_run_0.csv,5760.0,600.0,0,4.8,0.0,4.8,0,16.5,0.0,0.0,0.0,0.0,0.0,0.0,204.01
5760_dose_600_gradient_0_VconcST_0_Vconc_4.8_run_0.csv,5760.0,600.0,0,4.8,0.0,4.8,0,16.75,0.0,0.0,0.0,0.0,0.0,0.0,10000.0
5760_dose_600_gradient_0_VconcST_0_Vconc_4.8_run_0.csv,5760.0,600.0,0,4.8,0.0,4.8,0,17.0,0.0,0.0,0.0,0.0,0.000486111,0.0,197.197
5760_dose_600_gradient_0_VconcST_0_Vconc_4.8_run_0.csv,5760.0,600.0,0,4.8,0.0,4.8,0,17.25,0.0,0.0,0.0,0.0,0.0,0.0,10000.0
5760_dose_600_gradient_0_VconcST_0_Vconc_4.8_run_0.csv,5760.0,600.0,0,4.8,0.0,4.8,0,17.5,0.0,0.0,0.0,0.0,0.0,0.0,189.115
5760_dose_600_gradient_0_VconcST_0_Vconc_4.8_run_0.csv,5760.0,600.0,0,4.8,0.0,4.8,0,17.75,0.0,0.0,0.0,0.0,0.0,0.0,10000.0
5760_dose_600_gradient_0_VconcST_0_Vconc_4.8_run_0.csv,5760.0,600.0,0,4.8,0.0,4.8,0,18.0,0.0,0.0,0.0,0.0,0.0,0.0,188.171
5760_dose_600_gradient_0_VconcST_0_Vconc_4.8_run_0.csv,5760.0,600.0,0,4.8,0.0,4.8,0,18.25,0.0,0.0,0.0,0.0,0.0,0.0,10000.0
5760_dose_600_gradient_0_VconcST_0_Vconc_4.8_run_0.csv,5760.0,600.0,0,4.8,0.0,4.8,0,18.5,0.0,0.0,0.0,0.0,0.0,0.0,182.65
5760_dose_600_gradient_0_VconcST_0_Vconc_4.8_run_0.csv,5760.0,600.0,0,4.8,0.0,4.8,0,18.75,0.0,0.0,0.0,0.0,0.0,0.0,10000.0
5760_dose_600_gradient_0_VconcST_0_Vconc_4.8_run_0.csv,5760.0,600.0,0,4.8,0.0,4.8,0,19.0,0.0,0.0,0.0,0.0,0.0,0.0,2253.0
5760_dose_600_gradient_0_VconcST_0_Vconc_4.8_run_0.csv,5760.0,600.0,0,4.8,0.0,4.8,0,19.25,0.0,0.0,0.0,0.0,0.0,0.0,581.811
5760_dose_600_gradient_0_VconcST_0_Vconc_4.8_run_0.csv,5760.0,600.0,0,4.8,0.0,4.8,0,19.5,0.0,0.0,0.0,0.0,0.0,0.0,8018.15
5760_dose_600_gradient_0_VconcST_0_Vconc_4.8_run_0.csv,5760.0,600.0,0,4.8,0.0,4.8,0,19.75,0.0,0.0,0.0,0.0,0.0,0.0,583.283
5760_dose_600_gradient_0_VconcST_0_Vconc_4.8_run_0.csv,5760.0,600.0,0,4.8,0.0,4.8,0,20.0,0.0,0.0,0.0,0.0,0.0,0.0,9953.94
5760_dose_600_gradient_0_VconcST_0_Vconc_4.8_run_0.csv,5760.0,600.0,0,4.8,0.0,4.8,0,20.25,0.0,0.0,0.0,0.0,0.0,0.0,572.622
5760_dose_600_gradient_0_VconcST_0_Vconc_4.8_run_0.csv,5760.0,600.0,0,4.8,0.0,4.8,0,20.5,0.0,0.0,0.0,0.0,0.0,0.0,10000.0
5760_dose_600_gradient_0_VconcST_0_Vconc_4.8_run_0.csv,5760.0,600.0,0,4.8,0.0,4.8,0,20.75,0.0,0.0,0.0,0.0,0.0,0.0,564.517
5760_dose_600_gradient_0_VconcST_0_Vconc_4.8_run_0.csv,5760.0,600.0,0,4.8,0.0,4.8,0,21.0,0.0,0.0,0.0,0.0,0.0,0.0,10000.0
5760_dose_600_gradient_0_VconcST_0_Vconc_4.8_run_0.csv,5760.0,600.0,0,4.8,0.0,4.8,0,21.25,0.0,0.0,0.0,0.0,0.0,0.0,436.759
5760_dose_600_gradient_0_VconcST_0_Vconc_4.8_run_0.csv,5760.0,600.0,0,4.8,0.0,4.8,0,21.5,0.0,0.0,0.0,0.0,0.0,0.0,10000.0
5760_dose_600_gradient_0_VconcST_0_Vconc_4.8_run_0.csv,5760.0,600.0,0,4.8,0.0,4.8,0,21.75,0.0,0.0,0.0,0.0,0.0,0.0,266.469
5760_dose_600_gradient_0_VconcST_0_Vconc_4.8_run_0.csv,5760.0,600.0,0,4.8,0.0,4.8,0,22.0,0.0,0.0,0.0,0.0,0.0,0.0,10000.0
5760_dose_600_gradient_0_VconcST_0_Vconc_4.8_run_0.csv,5760.0,600.0,0,4.8,0.0,4.8,0,22.25,0.0,0.0,0.0,0.0,0.0,0.0,262.57
5760_dose_600_gradient_0_VconcST_0_Vconc_4.8_run_0.csv,5760.0,600.0,0,4.8,0.0,4.8,0,22.5,0.0,0.0,0.0,0.0,0.0,0.0,10000.0
5760_dose_600_gradient_0_VconcST_0_Vconc_4.8_run_0.csv,5760.0,600.0,0,4.8,0.0,4.8,0,22.75,0.0,0.0,0.0,0.0,0.0,0.0,246.812
5760_dose_600_gradient_0_VconcST_0_Vconc_4.8_run_0.csv,5760.0,600.0,0,4.8,0.0,4.8,0,23.0,0.0,0.0,0.0,0.0,0.0,0.0,10000.0
5760_dose_600_gradient_0_VconcST_0_Vconc_4.8_run_0.csv,5760.0,600.0,0,4.8,0.0,4.8,0,23.25,0.0,0.0,0.0,0.0,0.0,0.0,214.728
5760_dose_600_gradient_0_VconcST_0_Vconc_4.8_run_0.csv,5760.0,600.0,0,4.8,0.0,4.8,0,23.5,0.0,0.0,0.0,0.0,0.0,0.0,10000.0
5760_dose_600_gradient_0_VconcST_0_Vconc_4.8_run_0.csv,5760.0,600.0,0,4.8,0.0,4.8,0,23.75,0.0,0.0,0.0,0.0,0.0,0.0,192.475
5760_dose_600_gradient_0_VconcST_0_Vconc_4.8_run_0.csv,5760.0,600.0,0,4.8,0.0,4.8,0,24.0,46.7175,600.0,0.018195,46.7175,0.0,0.0,10000.0
5760_dose_600_gradient_0_VconcST_0_Vconc_4.8_run_0.csv,5760.0,600.0,0,4.8,0.0,4.8,0,24.25,2816.07,588.109,1.09677,2816.07,0.0,0.999928,0.0222075
5760_dose_600_gradient_0_VconcST_0_Vconc_4.8_run_0.csv,5760.0,600.0,0,4.8,0.0,4.8,0,24.5,5520.02,576.453,2.14988,5520.02,0.0,0.999963,0.360706
5760_dose_600_gradient_0_VconcST_0_Vconc_4.8_run_0.csv,5760.0,600.0,0,4.8,0.0,4.8,0,24.75,8159.93,565.029,3.17804,8159.93,0.0,0.999975,0.220386
5760_dose_600_gradient_0_VconcST_0_Vconc_4.8_run_0.csv,5760.0,600.0,0,4.8,0.0,4.8,0,25.0,10737.1,553.83,4.18176,10737.1,0.0,0.999981,0.160276
5760_dose_600_gradient_0_VconcST_0_Vconc_4.8_run_0.csv,5760.0,600.0,0,4.8,0.0,4.8,0,25.25,13252.8,542.853,5.16155,13252.8,0.0,0.999985,0.126257
5760_dose_600_gradient_0_VconcST_0_Vconc_4.8_run_0.csv,5760.0,600.0,0,4.8,0.0,4.8,0,25.5,15708.3,532.094,6.11789,15708.3,0.0,0.999987,0.104485
5760_dose_600_gradient_0_VconcST_0_Vconc_4.8_run_0.csv,5760.0,600.0,0,4.8,0.0,4.8,0,25.75,18104.8,521.549,7.05126,18104.8,0.0,0.999989,0.0893802
5760_dose_600_gradient_0_VconcST_0_Vconc_4.8_run_0.csv,5760.0,600.0,0,4.8,0.0,4.8,0,26.0,20443.6,511.213,7.96213,20443.6,0.0,0.99999,0.0783154
5760_dose_600_gradient_0_VconcST_0_Vconc_4.8_run_0.csv,5760.0,600.0,0,4.8,0.0,4.8,0,26.25,22725.7,501.081,8.85097,22725.7,0.0,0.999991,0.0701107
5760_dose_600_gradient_0_VconcST_0_Vconc_4.8_run_0.csv,5760.0,600.0,0,4.8,0.0,4.8,0,26.5,24952.5,491.15,9.71822,24952.5,0.0,0.999992,0.0634462
5760_dose_600_gradient_0_VconcST_0_Vconc_4.8_run_0.csv,5760.0,600.0,0,4.8,0.0,4.8,0,26.75,27124.9,481.416,10.5643,27124.9,0.0,0.999993,0.0579328
5760_dose_600_gradient_0_VconcST_0_Vconc_4.8_run_0.csv,5760.0,600.0,0,4.8,0.0,4.8,0,27.0,29244.3,471.875,11.3897,29244.3,0.0,0.999993,0.0534069
5760_dose_600_gradient_0_VconcST_0_Vconc_4.8_run_0.csv,5760.0,600.0,0,4.8,0.0,4.8,0,27.25,31311.5,462.523,12.1949,31311.5,0.0,0.999994,0.0498265
5760_dose_600_gradient_0_VconcST_0_Vconc_4.8_run_0.csv,5760.0,600.0,0,4.8,0.0,4.8,0,27.5,33327.7,453.356,12.9801,33327.7,0.0,0.999994,0.0466983
5760_dose_600_gradient_0_VconcST_0_Vconc_4.8_run_0.csv,5760.0,600.0,0,4.8,0.0,4.8,0,27.75,35294.0,444.371,13.7459,35294.0,0.0,0.999994,0.0439165
5760_dose_600_gradient_0_VconcST_0_Vconc_4.8_run_0.csv,5760.0,600.0,0,4.8,0.0,4.8,0,28.0,37211.3,435.564,14.4926,37211.3,0.0,0.999995,0.0417771
5760_dose_600_gradient_0_VconcST_0_Vconc_4.8_run_0.csv,5760.0,600.0,0,4.8,0.0,4.8,0,28.25,39080.7,426.932,15.2207,39080.7,0.0,0.999995,0.0399356
5760_dose_600_gradient_0_VconcST_0_Vconc_4.8_run_0.csv,5760.0,600.0,0,4.8,0.0,4.8,0,28.5,40903.2,418.471,15.9305,40903.2,0.0,0.999995,0.0375438
5760_dose_600_gradient_0_VconcST_0_Vconc_4.8_run_0.csv,5760.0,600.0,0,4.8,0.0,4.8,0,28.75,42679.7,410.177,16.6224,42679.7,0.0,0.999995,0.0362315
5760_dose_600_gradient_0_VconcST_0_Vconc_4.8_run_0.csv,5760.0,600.0,0,4.8,0.0,4.8,0,29.0,44411.2,402.048,17.2968,44411.2,0.0,0.999996,0.0348972
5760_dose_600_gradient_0_VconcST_0_Vconc_4.8_run_0.csv,5760.0,600.0,0,4.8,0.0,4.8,0,29.25,46098.6,394.08,17.954,46098.6,0.0,0.999996,0.0335328
5760_dose_600_gradient_0_VconcST_0_Vconc_4.8_run_0.csv,5760.0,600.0,0,4.8,0.0,4.8,0,29.5,47742.8,386.27,18.5943,47742.8,0.0,0.999996,0.0321859
5760_dose_600_gradient_0_VconcST_0_Vconc_4.8_run_0.csv,5760.0,600.0,0,4.8,0.0,4.8,0,29.75,49344.8,378.614,19.2183,49344.8,0.0,0.999996,0.031256
5760_dose_600_gradient_0_VconcST_0_Vconc_4.8_run_0.csv,5760.0,600.0,0,4.8,0.0,4.8,0,30.0,50905.4,371.11,19.8261,50905.4,0.0,0.999996,0.0303651
5760_dose_600_gradient_0_VconcST_0_Vconc_4.8_run_0.csv,5760.0,600.0,0,4.8,0.0,4.8,0,30.25,52425.4,363.755,20.4181,52425.4,0.0,0.999996,0.0294682
5760_dose_600_gradient_0_VconcST_0_Vconc_4.8_run_0.csv,5760.0,600.0,0,4.8,0.0,4.8,0,30.5,53905.6,356.546,20.9946,53905.6,0.0,0.999996,0.0284971
5760_dose_600_gradient_0_VconcST_0_Vconc_4.8_run_0.csv,5760.0,600.0,0,4.8,0.0,4.8,0,30.75,55347.0,349.48,21.5559,55347.0,0.0,0.999996,0.0276062
5760_dose_600_gradient_0_VconcST_0_Vconc_4.8_run_0.csv,5760.0,600.0,0,4.8,0.0,4.8,0,31.0,56750.3,342.554,22.1025,56750.3,0.0,0.999996,0.0271929
5760_dose_600_gradient_0_VconcST_0_Vconc_4.8_run_0.csv,5760.0,600.0,0,4.8,0.0,4.8,0,31.25,58116.3,335.765,22.6345,58116.3,0.0,0.999997,0.026276
5760_dose_600_gradient_0_VconcST_0_Vconc_4.8_run_0.csv,5760.0,600.0,0,4.8,0.0,4.8,0,31.5,59445.8,329.11,23.1523,59445.8,0.0,0.999997,0.0258747
5760_dose_600_gradient_0_VconcST_0_Vconc_4.8_run_0.csv,5760.0,600.0,0,4.8,0.0,4.8,0,31.75,60739.5,322.588,23.6562,60739.5,0.0,0.999997,0.0253906
5760_dose_600_gradient_0_VconcST_0_Vconc_4.8_run_0.csv,5760.0,600.0,0,4.8,0.0,4.8,0,32.0,61998.2,316.194,24.1464,61998.2,0.0,0.999997,0.0244606
5760_dose_600_gradient_0_VconcST_0_Vconc_4.8_run_0.csv,5760.0,600.0,0,4.8,0.0,4.8,0,32.25,63222.6,309.928,24.6233,63222.6,0.0,0.999997,0.0240758
5760_dose_600_gradient_0_VconcST_0_Vconc_4.8_run_0.csv,5760.0,600.0,0,4.8,0.0,4.8,0,32.5,64413.5,303.785,25.0871,64413.5,0.0,0.999997,0.023581
5760_dose_600_gradient_0_VconcST_0_Vconc_4.8_run_0.csv,5760.0,600.0,0,4.8,0.0,4.8,0,32.75,65571.4,297.765,25.538,65571.4,0.0,0.999997,0.0230692
5760_dose_600_gradient_0_VconcST_0_Vconc_4.8_run_0.csv,5760.0,600.0,0,4.8,0.0,4.8,0,33.0,66697.3,291.863,25.9765,66697.3,0.0,0.999997,0.0235951
5760_dose_600_gradient_0_VconcST_0_Vconc_4.8_run_0.csv,5760.0,600.0,0,4.8,0.0,4.8,0,33.25,67791.5,286.079,26.4027,67791.5,0.0,0.999997,0.023113
5760_dose_600_gradient_0_VconcST_0_Vconc_4.8_run_0.csv,5760.0,600.0,0,4.8,0.0,4.8,0,33.5,68855.0,280.409,26.8169,68855.0,0.0,0.999997,0.0226171
5760_dose_600_gradient_0_VconcST_0_Vconc_4.8_run_0.csv,5760.0,600.0,0,4.8,0.0,4.8,0,33.75,69888.3,274.852,27.2193,69888.3,0.0,0.999997,0.0222604
5760_dose_600_gradient_0_VconcST_0_Vconc_4.8_run_0.csv,5760.0,600.0,0,4.8,0.0,4.8,0,34.0,70892.0,269.405,27.6102,70892.0,0.0,0.999997,0.0218335
5760_dose_600_gradient_0_VconcST_0_Vconc_4.8_run_0.csv,5760.0,600.0,0,4.8,0.0,4.8,0,34.25,71866.7,264.066,27.9898,71866.7,0.0,0.999997,0.0217511
5760_dose_600_gradient_0_VconcST_0_Vconc_4.8_run_0.csv,5760.0,600.0,0,4.8,0.0,4.8,0,34.5,72813.1,258.832,28.3584,72813.1,0.0,0.999997,0.02126
5760_dose_600_gradient_0_VconcST_0_Vconc_4.8_run_0.csv,5760.0,600.0,0,4.8,0.0,4.8,0,34.75,73731.7,253.702,28.7162,73731.7,0.0,0.999997,0.0208851
5760_dose_600_gradient_0_VconcST_0_Vconc_4.8_run_0.csv,5760.0,600.0,0,4.8,0.0,4.8,0,35.0,74623.2,248.674,29.0634,74623.2,0.0,0.999997,0.0208617
5760_dose_600_gradient_0_VconcST_0_Vconc_4.8_run_0.csv,5760.0,600.0,0,4.8,0.0,4.8,0,35.25,75488.1,243.746,29.4003,75488.1,0.0,0.999997,0.0204076
5760_dose_600_gradient_0_VconcST_0_Vconc_4.8_run_0.csv,5760.0,600.0,0,4.8,0.0,4.8,0,35.5,76326.9,238.915,29.727,76326.9,0.0,0.999997,0.0203818
5760_dose_600_gradient_0_VconcST_0_Vconc_4.8_run_0.csv,5760.0,600.0,0,4.8,0.0,4.8,0,35.75,77140.3,234.18,30.0437,77140.3,0.0,0.999997,0.0199029
5760_dose_600_gradient_0_VconcST_0_Vconc_4.8_run_0.csv,5760.0,600.0,0,4.8,0.0,4.8,0,36.0,77928.7,229.539,30.3508,77928.7,0.0,0.999997,0.0199029
5760_dose_600_gradient_0_VconcST_0_Vconc_4.8_run_0.csv,5760.0,600.0,0,4.8,0.0,4.8,0,36.25,78692.7,224.99,30.6484,78692.7,0.0,0.999997,0.0199344
5760_dose_600_gradient_0_VconcST_0_Vconc_4.8_run_0.csv,5760.0,600.0,0,4.8,0.0,4.8,0,36.5,79432.9,220.531,30.9366,79432.9,0.0,0.999997,0.0194717
5760_dose_600_gradient_0_VconcST_0_Vconc_4.8_run_0.csv,5760.0,600.0,0,4.8,0.0,4.8,0,36.75,80149.6,216.16,31.2158,80149.6,0.0,0.999997,0.0194964
5760_dose_600_gradient_0_VconcST_0_Vconc_4.8_run_0.csv,5760.0,600.0,0,4.8,0.0,4.8,0,37.0,80843.5,211.876,31.486,80843.5,0.0,0.999997,0.0190323
5760_dose_600_gradient_0_VconcST_0_Vconc_4.8_run_0.csv,5760.0,600.0,0,4.8,0.0,4.8,0,37.25,81514.9,207.677,31.7475,81514.9,0.0,0.999997,0.0190444
5760_dose_600_gradient_0_VconcST_0_Vconc_4.8_run_0.csv,5760.0,600.0,0,4.8,0.0,4.8,0,37.5,82164.5,203.561,32.0005,82164.5,0.0,0.999998,0.0190177
5760_dose_600_gradient_0_VconcST_0_Vconc_4.8_run_0.csv,5760.0,600.0,0,4.8,0.0,4.8,0,37.75,82792.5,199.527,32.2451,82792.5,0.0,0.999998,0.018555
5760_dose_600_gradient_0_VconcST_0_Vconc_4.8_run_0.csv,5760.0,600.0,0,4.8,0.0,4.8,0,38.0,83399.6,195.572,32.4815,83399.6,0.0,0.999998,0.0185459
5760_dose_600_gradient_0_VconcST_0_Vconc_4.8_run_0.csv,5760.0,600.0,0,4.8,0.0,4.8,0,38.25,83986.0,191.696,32.71,83986.0,0.0,0.999998,0.018557
5760_dose_600_gradient_0_VconcST_0_Vconc_4.8_run_0.csv,5760.0,600.0,0,4.8,0.0,4.8,0,38.5,84552.4,187.897,32.9306,84552.4,0.0,0.999998,0.0181229
5760_dose_600_gradient_0_VconcST_0_Vconc_4.8_run_0.csv,5760.0,600.0,0,4.8,0.0,4.8,0,38.75,85099.1,184.173,33.1435,85099.1,0.0,0.999998,0.0181102
5760_dose_600_gradient_0_VconcST_0_Vconc_4.8_run_0.csv,5760.0,600.0,0,4.8,0.0,4.8,0,39.0,85626.6,180.523,33.3489,85626.6,0.0,0.999998,0.0181401
5760_dose_600_gradient_0_VconcST_0_Vconc_4.8_run_0.csv,5760.0,600.0,0,4.8,0.0,4.8,0,39.25,86135.1,176.945,33.547,86135.1,0.0,0.999998,0.0181197
5760_dose_600_gradient_0_VconcST_0_Vconc_4.8_run_0.csv,5760.0,600.0,0,4.8,0.0,4.8,0,39.5,86625.3,173.438,33.7379,86625.3,0.0,0.999998,0.0176909
5760_dose_600_gradient_0_VconcST_0_Vconc_4.8_run_0.csv,5760.0,600.0,0,4.8,0.0,4.8,0,39.75,87097.4,170.001,33.9217,87097.4,0.0,0.999998,0.0176667
5760_dose_600_gradient_0_VconcST_0_Vconc_4.8_run_0.csv,5760.0,600.0,0,4.8,0.0,4.8,0,40.0,87551.8,166.632,34.0987,87551.8,0.0,0.999998,0.0176413
5760_dose_600_gradient_0_VconcST_0_Vconc_4.8_run_0.csv,5760.0,600.0,0,4.8,0.0,4.8,0,40.25,87989.0,163.329,34.269,87989.0,0.0,0.999998,0.0176927
5760_dose_600_gradient_0_VconcST_0_Vconc_4.8_run_0.csv,5760.0,600.0,0,4.8,0.0,4.8,0,40.5,88409.3,160.092,34.4327,88409.3,0.0,0.999998,0.0176555
5760_dose_600_gradient_0_VconcST_0_Vconc_4.8_run_0.csv,5760.0,600.0,0,4.8,0.0,4.8,0,40.75,88813.0,156.919,34.5899,88813.0,0.0,0.999998,0.0172095
5760_dose_600_gradient_0_VconcST_0_Vconc_4.8_run_0.csv,5760.0,600.0,0,4.8,0.0,4.8,0,41.0,89200.5,153.809,34.7408,89200.5,0.0,0.999998,0.0172046
5760_dose_600_gradient_0_VconcST_0_Vconc_4.8_run_0.csv,5760.0,600.0,0,4.8,0.0,4.8,0,41.25,89572.2,150.761,34.8856,89572.2,0.0,0.999998,0.0171889
5760_dose_600_gradient_0_VconcST_0_Vconc_4.8_run_0.csv,5760.0,600.0,0,4.8,0.0,4.8,0,41.5,89928.5,147.773,35.0244,89928.5,0.0,0.999998,0.0171889
5760_dose_600_gradient_0_VconcST_0_Vconc_4.8_run_1.csv,5760.0,600.0,0,4.8,0.0,4.8,1,0.0,0.0,0.0,0.0,0.0,0.0,0.0,0.0
5760_dose_600_gradient_0_VconcST_0_Vconc_4.8_run_1.csv,5760.0,600.0,0,4.8,0.0,4.8,1,0.25,0.0,0.0,0.0,0.0,0.0,0.0,10000.0
5760_dose_600_gradient_0_VconcST_0_Vconc_4.8_run_1.csv,5760.0,600.0,0,4.8,0.0,4.8,1,0.5,0.0,0.0,0.0,0.0,0.0,0.0,240.857
5760_dose_600_gradient_0_VconcST_0_Vconc_4.8_run_1.csv,5760.0,600.0,0,4.8,0.0,4.8,1,0.75,0.0,0.0,0.0,0.0,0.0,0.0,10000.0
5760_dose_600_gradient_0_VconcST_0_Vconc_4.8_run_1.csv,5760.0,600.0,0,4.8,0.0,4.8,1,1.0,0.0,0.0,0.0,0.0,0.0,0.0,207.509
5760_dose_600_gradient_0_VconcST_0_Vconc_4.8_run_1.csv,5760.0,600.0,0,4.8,0.0,4.8,1,1.25,0.0,0.0,0.0,0.0,0.0,0.0,10000.0
5760_dose_600_gradient_0_VconcST_0_Vconc_4.8_run_1.csv,5760.0,600.0,0,4.8,0.0,4.8,1,1.5,0.0,0.0,0.0,0.0,0.0,0.0,196.276
5760_dose_600_gradient_0_VconcST_0_Vconc_4.8_run_1.csv,5760.0,600.0,0,4.8,0.0,4.8,1,1.75,0.0,0.0,0.0,0.0,0.0,0.0,10000.0
5760_dose_600_gradient_0_VconcST_0_Vconc_4.8_run_1.csv,5760.0,600.0,0,4.8,0.0,4.8,1,2.0,0.0,0.0,0.0,0.0,0.0,0.0,201.994
5760_dose_600_gradient_0_VconcST_0_Vconc_4.8_run_1.csv,5760.0,600.0,0,4.8,0.0,4.8,1,2.25,0.0,0.0,0.0,0.0,0.0,0.0,10000.0
5760_dose_600_gradient_0_VconcST_0_Vconc_4.8_run_1.csv,5760.0,600.0,0,4.8,0.0,4.8,1,2.5,0.0,0.0,0.0,0.0,0.0,0.0,185.118
5760_dose_600_gradient_0_VconcST_0_Vconc_4.8_run_1.csv,5760.0,600.0,0,4.8,0.0,4.8,1,2.75,0.0,0.0,0.0,0.0,0.0,0.0,10000.0
5760_dose_600_gradient_0_VconcST_0_Vconc_4.8_run_1.csv,5760.0,600.0,0,4.8,0.0,4.8,1,3.0,0.0,0.0,0.0,0.0,0.0,0.0,183.287
5760_dose_600_gradient_0_VconcST_0_Vconc_4.8_run_1.csv,5760.0,600.0,0,4.8,0.0,4.8,1,3.25,0.0,0.0,0.0,0.0,0.0,0.0,10000.0
5760_dose_600_gradient_0_VconcST_0_Vconc_4.8_run_1.csv,5760.0,600.0,0,4.8,0.0,4.8,1,3.5,0.0,0.0,0.0,0.0,0.0,0.0,188.57
5760_dose_600_gradient_0_VconcST_0_Vconc_4.8_run_1.csv,5760.0,600.0,0,4.8,0.0,4.8,1,3.75,0.0,0.0,0.0,0.0,0.0,0.0,10000.0
5760_dose_600_gradient_0_VconcST_0_Vconc_4.8_run_1.csv,5760.0,600.0,0,4.8,0.0,4.8,1,4.0,0.0,0.0,0.0,0.0,0.0,0.0,3213.86
5760_dose_600_gradient_0_VconcST_0_Vconc_4.8_run_1.csv,5760.0,600.0,0,4.8,0.0,4.8,1,4.25,0.0,0.0,0.0,0.0,0.0,0.0,564.477
5760_dose_600_gradient_0_VconcST_0_Vconc_4.8_run_1.csv,5760.0,600.0,0,4.8,0.0,4.8,1,4.5,0.0,0.0,0.0,0.0,0.0,0.0,8069.77
5760_dose_600_gradient_0_VconcST_0_Vconc_4.8_run_1.csv,5760.0,600.0,0,4.8,0.0,4.8,1,4.75,0.0,0.0,0.0,0.0,0.0,0.0,585.398
5760_dose_600_gradient_0_VconcST_0_Vconc_4.8_run_1.csv,5760.0,600.0,0,4.8,0.0,4.8,1,5.0,0.0,0.0,0.0,0.0,0.0,0.0,9809.11
5760_dose_600_gradient_0_VconcST_0_Vconc_4.8_run_1.csv,5760.0,600.0,0,4.8,0.0,4.8,1,5.25,0.0,0.0,0.0,0.0,0.0,0.0,582.819
5760_dose_600_gradient_0_VconcST_0_Vconc_4.8_run_1.csv,5760.0,600.0,0,4.8,0.0,4.8,1,5.5,0.0,0.0,0.0,0.0,0.0,0.0,10000.0
5760_dose_600_gradient_0_VconcST_0_Vconc_4.8_run_1.csv,5760.0,600.0,0,4.8,0.0,4.8,1,5.75,0.0,0.0,0.0,0.0,0.0,0.0,558.961
5760_dose_600_gradient_0_VconcST_0_Vconc_4.8_run_1.csv,5760.0,600.0,0,4.8,0.0,4.8,1,6.0,0.0,0.0,0.0,0.0,0.0,0.0,10000.0
5760_dose_600_gradient_0_VconcST_0_Vconc_4.8_run_1.csv,5760.0,600.0,0,4.8,0.0,4.8,1,6.25,0.0,0.0,0.0,0.0,0.0,0.0,430.665
5760_dose_600_gradient_0_VconcST_0_Vconc_4.8_run_1.csv,5760.0,600.0,0,4.8,0.0,4.8,1,6.5,0.0,0.0,0.0,0.0,0.0,0.0,10000.0
5760_dose_600_gradient_0_VconcST_0_Vconc_4.8_run_1.csv,5760.0,600.0,0,4.8,0.0,4.8,1,6.75,0.0,0.0,0.0,0.0,0.0,0.0,304.196
5760_dose_600_gradient_0_VconcST_0_Vconc_4.8_run_1.csv,5760.0,600.0,0,4.8,0.0,4.8,1,7.0,0.0,0.0,0.0,0.0,0.0,0.0,10000.0
5760_dose_600_gradient_0_VconcST_0_Vconc_4.8_run_1.csv,5760.0,600.0,0,4.8,0.0,4.8,1,7.25,0.0,0.0,0.0,0.0,0.0,0.0,259.384
5760_dose_600_gradient_0_VconcST_0_Vconc_4.8_run_1.csv,5760.0,600.0,0,4.8,0.0,4.8,1,7.5,0.0,0.0,0.0,0.0,0.0,0.0,10000.0
5760_dose_600_gradient_0_VconcST_0_Vconc_4.8_run_1.csv,5760.0,600.0,0,4.8,0.0,4.8,1,7.75,0.0,0.0,0.0,0.0,0.0,0.0,223.152
5760_dose_600_gradient_0_VconcST_0_Vconc_4.8_run_1.csv,5760.0,600.0,0,4.8,0.0,4.8,1,8.0,0.0,0.0,0.0,0.0,0.0,0.0,10000.0
5760_dose_600_gradient_0_VconcST_0_Vconc_4.8_run_1.csv,5760.0,600.0,0,4.8,0.0,4.8,1,8.25,0.0,0.0,0.0,0.0,0.0,0.0,213.703
5760_dose_600_gradient_0_VconcST_0_Vconc_4.8_run_1.csv,5760.0,600.0,0,4.8,0.0,4.8,1,8.5,0.0,0.0,0.0,0.0,0.0,0.0,10000.0
5760_dose_600_gradient_0_VconcST_0_Vconc_4.8_run_1.csv,5760.0,600.0,0,4.8,0.0,4.8,1,8.75,0.0,0.0,0.0,0.0,0.0,0.0,196.734
5760_dose_600_gradient_0_VconcST_0_Vconc_4.8_run_1.csv,5760.0,600.0,0,4.8,0.0,4.8,1,9.0,0.0,0.0,0.0,0.0,0.0,0.0,10000.0
5760_dose_600_gradient_0_VconcST_0_Vconc_4.8_run_1.csv,5760.0,600.0,0,4.8,0.0,4.8,1,9.25,0.0,0.0,0.0,0.0,0.000507813,0.0,190.088
5760_dose_600_gradient_0_VconcST_0_Vconc_4.8_run_1.csv,5760.0,600.0,0,4.8,0.0,4.8,1,9.5,0.0,0.0,0.0,0.0,0.0,0.0,10000.0
5760_dose_600_gradient_0_VconcST_0_Vconc_4.8_run_1.csv,5760.0,600.0,0,4.8,0.0,4.8,1,9.75,0.0,0.0,0.0,0.0,0.0,0.0,182.099
5760_dose_600_gradient_0_VconcST_0_Vconc_4.8_run_1.csv,5760.0,600.0,0,4.8,0.0,4.8,1,10.0,0.0,0.0,0.0,0.0,0.0,0.0,10000.0
5760_dose_600_gradient_0_VconcST_0_Vconc_4.8_run_1.csv,5760.0,600.0,0,4.8,0.0,4.8,1,10.25,0.0,0.0,0.0,0.0,0.0,0.0,184.034
5760_dose_600_gradient_0_VconcST_0_Vconc_4.8_run_1.csv,5760.0,600.0,0,4.8,0.0,4.8,1,10.5,0.0,0.0,0.0,0.0,0.0,0.0,10000.0
5760_dose_600_gradient_0_VconcST_0_Vconc_4.8_run_1.csv,5760.0,600.0,0,4.8,0.0,4.8,1,10.75,0.0,0.0,0.0,0.0,0.0,0.0,182.499
5760_dose_600_gradient_0_VconcST_0_Vconc_4.8_run_1.csv,5760.0,600.0,0,4.8,0.0,4.8,1,11.0,0.0,0.0,0.0,0.0,0.0,0.0,10000.0
5760_dose_600_gradient_0_VconcST_0_Vconc_4.8_run_1.csv,5760.0,600.0,0,4.8,0.0,4.8,1,11.25,0.0,0.0,0.0,0.0,0.0,0.0,185.546
5760_dose_600_gradient_0_VconcST_0_Vconc_4.8_run_1.csv,5760.0,600.0,0,4.8,0.0,4.8,1,11.5,0.0,0.0,0.0,0.0,0.0,0.0,1072.28
5760_dose_600_gradient_0_VconcST_0_Vconc_4.8_run_1.csv,5760.0,600.0,0,4.8,0.0,4.8,1,11.75,0.0,0.0,0.0,0.0,0.0,0.0,7249.47
5760_dose_600_gradient_0_VconcST_0_Vconc_4.8_run_1.csv,5760.0,600.0,0,4.8,0.0,4.8,1,12.0,0.0,0.0,0.0,0.0,0.0,0.0,580.508
5760_dose_600_gradient_0_VconcST_0_Vconc_4.8_run_1.csv,5760.0,600.0,0,4.8,0.0,4.8,1,12.25,0.0,0.0,0.0,0.0,0.0,0.0,9321.05
5760_dose_600_gradient_0_VconcST_0_Vconc_4.8_run_1.csv,5760.0,600.0,0,4.8,0.0,4.8,1,12.5,0.0,0.0,0.0,0.0,0.0,0.0,584.413
5760_dose_600_gradient_0_VconcST_0_Vconc_4.8_run_1.csv,5760.0,600.0,0,4.8,0.0,4.8,1,12.75,0.0,0.0,0.0,0.0,0.0,0.0,10000.0
5760_dose_600_gradient_0_VconcST_0_Vconc_4.8_run_1.csv,5760.0,600.0,0,4.8,0.0,4.8,1,13.0,0.0,0.0,0.0,0.0,0.0,0.0,571.458
5760_dose_600_gradient_0_VconcST_0_Vconc_4.8_run_1.csv,5760.0,600.0,0,4.8,0.0,4.8,1,13.25,0.0,0.0,0.0,0.0,0.0,0.0,10000.0
5760_dose_600_gradient_0_VconcST_0_Vconc_4.8_run_1.csv,5760.0,600.0,0,4.8,0.0,4.8,1,13.5,0.0,0.0,0.0,0.0,0.0,0.0,530.207
5760_dose_600_gradient_0_VconcST_0_Vconc_4.8_run_1.csv,5760.0,600.0,0,4.8,0.0,4.8,1,13.75,0.0,0.0,0.0,0.0,0.0,0.0,10000.0
5760_dose_600_gradient_0_VconcST_0_Vconc_4.8_run_1.csv,5760.0,600.0,0,4.8,0.0,4.8,1,14.0,0.0,0.0,0.0,0.0,0.0,0.0,343.33
5760_dose_600_gradient_0_VconcST_0_Vconc_4.8_run_1.csv,5760.0,600.0,0,4.8,0.0,4.8,1,14.25,0.0,0.0,0.0,0.0,0.0,0.0,10000.0
5760_dose_600_gradient_0_VconcST_0_Vconc_4.8_run_1.csv,5760.0,600.0,0,4.8,0.0,4.8,1,14.5,0.0,0.0,0.0,0.0,0.0,0.0,270.473
5760_dose_600_gradient_0_VconcST_0_Vconc_4.8_run_1.csv,5760.0,600.0,0,4.8,0.0,4.8,1,14.75,0.0,0.0,0.0,0.0,0.0,0.0,10000.0
5760_dose_600_gradient_0_VconcST_0_Vconc_4.8_run_1.csv,5760.0,600.0,0,4.8,0.0,4.8,1,15.0,0.0,0.0,0.0,0.0,0.0,0.0,250.225
5760_dose_600_gradient_0_VconcST_0_Vconc_4.8_run_1.csv,5760.0,600.0,0,4.8,0.0,4.8,1,15.25,0.0,0.0,0.0,0.0,0.00103299,0.0,10000.0
5760_dose_600_gradient_0_VconcST_0_Vconc_4.8_run_1.csv,5760.0,600.0,0,4.8,0.0,4.8,1,15.5,0.0,0.0,0.0,0.0,0.0,0.0,240.694
5760_dose_600_gradient_0_VconcST_0_Vconc_4.8_run_1.csv,5760.0,600.0,0,4.8,0.0,4.8,1,15.75,0.0,0.0,0.0,0.0,0.0,0.0,10000.0
5760_dose_600_gradient_0_VconcST_0_Vconc_4.8_run_1.csv,5760.0,600.0,0,4.8,0.0,4.8,1,16.0,0.0,0.0,0.0,0.0,0.0,0.0,215.539
5760_dose_600_gradient_0_VconcST_0_Vconc_4.8_run_1.csv,5760.0,600.0,0,4.8,0.0,4.8,1,16.25,0.0,0.0,0.0,0.0,0.0,0.0,10000.0
5760_dose_600_gradient_0_VconcST_0_Vconc_4.8_run_1.csv,5760.0,600.0,0,4.8,0.0,4.8,1,16.5,0.0,0.0,0.0,0.0,0.0,0.0,209.236
5760_dose_600_gradient_0_VconcST_0_Vconc_4.8_run_1.csv,5760.0,600.0,0,4.8,0.0,4.8,1,16.75,0.0,0.0,0.0,0.0,0.0,0.0,10000.0
5760_dose_600_gradient_0_VconcST_0_Vconc_4.8_run_1.csv,5760.0,600.0,0,4.8,0.0,4.8,1,17.0,0.0,0.0,0.0,0.0,0.0,0.0,193.721
5760_dose_600_gradient_0_VconcST_0_Vconc_4.8_run_1.csv,5760.0,600.0,0,4.8,0.0,4.8,1,17.25,0.0,0.0,0.0,0.0,0.0,0.0,10000.0
5760_dose_600_gradient_0_VconcST_0_Vconc_4.8_run_1.csv,5760.0,600.0,0,4.8,0.0,4.8,1,17.5,0.0,0.0,0.0,0.0,0.0,0.0,183.368
5760_dose_600_gradient_0_VconcST_0_Vconc_4.8_run_1.csv,5760.0,600.0,0,4.8,0.0,4.8,1,17.75,0.0,0.0,0.0,0.0,0.0,0.0,10000.0
5760_dose_600_gradient_0_VconcST_0_Vconc_4.8_run_1.csv,5760.0,600.0,0,4.8,0.0,4.8,1,18.0,0.0,0.0,0.0,0.0,0.0,0.0,187.562
5760_dose_600_gradient_0_VconcST_0_Vconc_4.8_run_1.csv,5760.0,600.0,0,4.8,0.0,4.8,1,18.25,0.0,0.0,0.0,0.0,0.0,0.0,10000.0
5760_dose_600_gradient_0_VconcST_0_Vconc_4.8_run_1.csv,5760.0,600.0,0,4.8,0.0,4.8,1,18.5,0.0,0.0,0.0,0.0,0.0,0.0,185.019
5760_dose_600_gradient_0_VconcST_0_Vconc_4.8_run_1.csv,5760.0,600.0,0,4.8,0.0,4.8,1,18.75,0.0,0.0,0.0,0.0,0.0,0.0,10000.0
5760_dose_600_gradient_0_VconcST_0_Vconc_4.8_run_1.csv,5760.0,600.0,0,4.8,0.0,4.8,1,19.0,0.0,0.0,0.0,0.0,0.0,0.0,1332.45
5760_dose_600_gradient_0_VconcST_0_Vconc_4.8_run_1.csv,5760.0,600.0,0,4.8,0.0,4.8,1,19.25,0.0,0.0,0.0,0.0,0.0,0.0,1037.63
5760_dose_600_gradient_0_VconcST_0_Vconc_4.8_run_1.csv,5760.0,600.0,0,4.8,0.0,4.8,1,19.5,0.0,0.0,0.0,0.0,0.0,0.0,7300.38
5760_dose_600_gradient_0_VconcST_0_Vconc_4.8_run_1.csv,5760.0,600.0,0,4.8,0.0,4.8,1,19.75,0.0,0.0,0.0,0.0,0.0,0.0,582.327
5760_dose_600_gradient_0_VconcST_0_Vconc_4.8_run_1.csv,5760.0,600.0,0,4.8,0.0,4.8,1,20.0,0.0,0.0,0.0,0.0,0.0,0.0,9093.11
5760_dose_600_gradient_0_VconcST_0_Vconc_4.8_run_1.csv,5760.0,600.0,0,4.8,0.0,4.8,1,20.25,0.0,0.0,0.0,0.0,0.0,0.0,578.451
5760_dose_600_gradient_0_VconcST_0_Vconc_4.8_run_1.csv,5760.0,600.0,0,4.8,0.0,4.8,1,20.5,0.0,0.0,0.0,0.0,0.0,0.0,10000.0
5760_dose_600_gradient_0_VconcST_0_Vconc_4.8_run_1.csv,5760.0,600.0,0,4.8,0.0,4.8,1,20.75,0.0,0.0,0.0,0.0,0.0,0.0,560.775
5760_dose_600_gradient_0_VconcST_0_Vconc_4.8_run_1.csv,5760.0,600.0,0,4.8,0.0,4.8,1,21.0,0.0,0.0,0.0,0.0,0.0,0.0,10000.0
5760_dose_600_gradient_0_VconcST_0_Vconc_4.8_run_1.csv,5760.0,600.0,0,4.8,0.0,4.8,1,21.25,0.0,0.0,0.0,0.0,0.0,0.0,468.49
5760_dose_600_gradient_0_VconcST_0_Vconc_4.8_run_1.csv,5760.0,600.0,0,4.8,0.0,4.8,1,21.5,0.0,0.0,0.0,0.0,0.0,0.0,10000.0
5760_dose_600_gradient_0_VconcST_0_Vconc_4.8_run_1.csv,5760.0,600.0,0,4.8,0.0,4.8,1,21.75,0.0,0.0,0.0,0.0,0.0,0.0,324.832
5760_dose_600_gradient_0_VconcST_0_Vconc_4.8_run_1.csv,5760.0,600.0,0,4.8,0.0,4.8,1,22.0,0.0,0.0,0.0,0.0,0.0,0.0,10000.0
5760_dose_600_gradient_0_VconcST_0_Vconc_4.8_run_1.csv,5760.0,600.0,0,4.8,0.0,4.8,1,22.25,0.0,0.0,0.0,0.0,0.0,0.0,247.942
5760_dose_600_gradient_0_VconcST_0_Vconc_4.8_run_1.csv,5760.0,600.0,0,4.8,0.0,4.8,1,22.5,0.0,0.0,0.0,0.0,0.0,0.0,10000.0
5760_dose_600_gradient_0_VconcST_0_Vconc_4.8_run_1.csv,5760.0,600.0,0,4.8,0.0,4.8,1,22.75,0.0,0.0,0.0,0.0,0.0,0.0,245.468
5760_dose_600_gradient_0_VconcST_0_Vconc_4.8_run_1.csv,5760.0,600.0,0,4.8,0.0,4.8,1,23.0,0.0,0.0,0.0,0.0,0.0,0.0,10000.0
5760_dose_600_gradient_0_VconcST_0_Vconc_4.8_run_1.csv,5760.0,600.0,0,4.8,0.0,4.8,1,23.25,0.0,0.0,0.0,0.0,0.0,0.0,227.109
5760_dose_600_gradient_0_VconcST_0_Vconc_4.8_run_1.csv,5760.0,600.0,0,4.8,0.0,4.8,1,23.5,0.0,0.0,0.0,0.0,0.0,0.0,10000.0
5760_dose_600_gradient_0_VconcST_0_Vconc_4.8_run_1.csv,5760.0,600.0,0,4.8,0.0,4.8,1,23.75,0.0,0.0,0.0,0.0,0.0,0.0,205.105
5760_dose_600_gradient_0_VconcST_0_Vconc_4.8_run_1.csv,5760.0,600.0,0,4.8,0.0,4.8,1,24.0,46.7175,600.0,0.018195,46.7175,0.0,0.0,10000.0
5760_dose_600_gradient_0_VconcST_0_Vconc_4.8_run_1.csv,5760.0,600.0,0,4.8,0.0,4.8,1,24.25,2816.07,588.109,1.09677,2816.07,0.0,0.999928,0.0222574
5760_dose_600_gradient_0_VconcST_0_Vconc_4.8_run_1.csv,5760.0,600.0,0,4.8,0.0,4.8,1,24.5,5520.02,576.453,2.14988,5520.02,0.0,0.999963,0.360238
5760_dose_600_gradient_0_VconcST_0_Vconc_4.8_run_1.csv,5760.0,600.0,0,4.8,0.0,4.8,1,24.75,8159.93,565.029,3.17804,8159.93,0.0,0.999975,0.220255
5760_dose_600_gradient_0_VconcST_0_Vconc_4.8_run_1.csv,5760.0,600.0,0,4.8,0.0,4.8,1,25.0,10737.1,553.83,4.18176,10737.1,0.0,0.999981,0.160338
5760_dose_600_gradient_0_VconcST_0_Vconc_4.8_run_1.csv,5760.0,600.0,0,4.8,0.0,4.8,1,25.25,13252.8,542.853,5.16155,13252.8,0.0,0.999985,0.126438
5760_dose_600_gradient_0_VconcST_0_Vconc_4.8_run_1.csv,5760.0,600.0,0,4.8,0.0,4.8,1,25.5,15708.3,532.094,6.11789,15708.3,0.0,0.999987,0.104485
5760_dose_600_gradient_0_VconcST_0_Vconc_4.8_run_1.csv,5760.0,600.0,0,4.8,0.0,4.8,1,25.75,18104.8,521.549,7.05126,18104.8,0.0,0.999989,0.0891986
5760_dose_600_gradient_0_VconcST_0_Vconc_4.8_run_1.csv,5760.0,600.0,0,4.8,0.0,4.8,1,26.0,20443.6,511.213,7.96213,20443.6,0.0,0.99999,0.0782521
5760_dose_600_gradient_0_VconcST_0_Vconc_4.8_run_1.csv,5760.0,600.0,0,4.8,0.0,4.8,1,26.25,22725.7,501.081,8.85097,22725.7,0.0,0.999991,0.0701107
5760_dose_600_gradient_0_VconcST_0_Vconc_4.8_run_1.csv,5760.0,600.0,0,4.8,0.0,4.8,1,26.5,24952.5,491.15,9.71822,24952.5,0.0,0.999992,0.0633772
5760_dose_600_gradient_0_VconcST_0_Vconc_4.8_run_1.csv,5760.0,600.0,0,4.8,0.0,4.8,1,26.75,27124.9,481.416,10.5643,27124.9,0.0,0.999993,0.0578982
5760_dose_600_gradient_0_VconcST_0_Vconc_4.8_run_1.csv,5760.0,600.0,0,4.8,0.0,4.8,1,27.0,29244.3,471.875,11.3897,29244.3,0.0,0.999993,0.0534013
5760_dose_600_gradient_0_VconcST_0_Vconc_4.8_run_1.csv,5760.0,600.0,0,4.8,0.0,4.8,1,27.25,31311.5,462.523,12.1949,31311.5,0.0,0.999994,0.0498877
5760_dose_600_gradient_0_VconcST_0_Vconc_4.8_run_1.csv,5760.0,600.0,0,4.8,0.0,4.8,1,27.5,33327.7,453.356,12.9801,33327.7,0.0,0.999994,0.0467883
5760_dose_600_gradient_0_VconcST_0_Vconc_4.8_run_1.csv,5760.0,600.0,0,4.8,0.0,4.8,1,27.75,35294.0,444.371,13.7459,35294.0,0.0,0.999994,0.0439427
5760_dose_600_gradient_0_VconcST_0_Vconc_4.8_run_1.csv,5760.0,600.0,0,4.8,0.0,4.8,1,28.0,37211.3,435.564,14.4926,37211.3,0.0,0.999995,0.0416732
5760_dose_600_gradient_0_VconcST_0_Vconc_4.8_run_1.csv,5760.0,600.0,0,4.8,0.0,4.8,1,28.25,39080.7,426.932,15.2207,39080.7,0.0,0.999995,0.0398055
5760_dose_600_gradient_0_VconcST_0_Vconc_4.8_run_1.csv,5760.0,600.0,0,4.8,0.0,4.8,1,28.5,40903.2,418.471,15.9305,40903.2,0.0,0.999995,0.0376151
5760_dose_600_gradient_0_VconcST_0_Vconc_4.8_run_1.csv,5760.0,600.0,0,4.8,0.0,4.8,1,28.75,42679.7,410.177,16.6224,42679.7,0.0,0.999995,0.03622
5760_dose_600_gradient_0_VconcST_0_Vconc_4.8_run_1.csv,5760.0,600.0,0,4.8,0.0,4.8,1,29.0,44411.2,402.048,17.2968,44411.2,0.0,0.999996,0.0348617
5760_dose_600_gradient_0_VconcST_0_Vconc_4.8_run_1.csv,5760.0,600.0,0,4.8,0.0,4.8,1,29.25,46098.6,394.08,17.954,46098.6,0.0,0.999996,0.0334928
5760_dose_600_gradient_0_VconcST_0_Vconc_4.8_run_1.csv,5760.0,600.0,0,4.8,0.0,4.8,1,29.5,47742.8,386.27,18.5943,47742.8,0.0,0.999996,0.0321159
5760_dose_600_gradient_0_VconcST_0_Vconc_4.8_run_1.csv,5760.0,600.0,0,4.8,0.0,4.8,1,29.75,49344.8,378.614,19.2183,49344.8,0.0,0.999996,0.0313054
5760_dose_600_gradient_0_VconcST_0_Vconc_4.8_run_1.csv,5760.0,600.0,0,4.8,0.0,4.8,1,30.0,50905.4,371.11,19.8261,50905.4,0.0,0.999996,0.0303065
5760_dose_600_gradient_0_VconcST_0_Vconc_4.8_run_1.csv,5760.0,600.0,0,4.8,0.0,4.8,1,30.25,52425.4,363.755,20.4181,52425.4,0.0,0.999996,0.0294682
5760_dose_600_gradient_0_VconcST_0_Vconc_4.8_run_1.csv,5760.0,600.0,0,4.8,0.0,4.8,1,30.5,53905.6,356.546,20.9946,53905.6,0.0,0.999996,0.0285231
5760_dose_600_gradient_0_VconcST_0_Vconc_4.8_run_1.csv,5760.0,600.0,0,4.8,0.0,4.8,1,30.75,55347.0,349.48,21.5559,55347.0,0.0,0.999996,0.0275926
5760_dose_600_gradient_0_VconcST_0_Vconc_4.8_run_1.csv,5760.0,600.0,0,4.8,0.0,4.8,1,31.0,56750.3,342.554,22.1025,56750.3,0.0,0.999996,0.0271681
5760_dose_600_gradient_0_VconcST_0_Vconc_4.8_run_1.csv,5760.0,600.0,0,4.8,0.0,4.8,1,31.25,58116.3,335.765,22.6345,58116.3,0.0,0.999997,0.0262695
5760_dose_600_gradient_0_VconcST_0_Vconc_4.8_run_1.csv,5760.0,600.0,0,4.8,0.0,4.8,1,31.5,59445.8,329.11,23.1523,59445.8,0.0,0.999997,0.0258267
5760_dose_600_gradient_0_VconcST_0_Vconc_4.8_run_1.csv,5760.0,600.0,0,4.8,0.0,4.8,1,31.75,60739.5,322.588,23.6562,60739.5,0.0,0.999997,0.0253745
5760_dose_600_gradient_0_VconcST_0_Vconc_4.8_run_1.csv,5760.0,600.0,0,4.8,0.0,4.8,1,32.0,61998.2,316.194,24.1464,61998.2,0.0,0.999997,0.0244606
5760_dose_600_gradient_0_VconcST_0_Vconc_4.8_run_1.csv,5760.0,600.0,0,4.8,0.0,4.8,1,32.25,63222.6,309.928,24.6233,63222.6,0.0,0.999997,0.0240396
5760_dose_600_gradient_0_VconcST_0_Vconc_4.8_run_1.csv,5760.0,600.0,0,4.8,0.0,4.8,1,32.5,64413.5,303.785,25.0871,64413.5,0.0,0.999997,0.0236256
5760_dose_600_gradient_0_VconcST_0_Vconc_4.8_run_1.csv,5760.0,600.0,0,4.8,0.0,4.8,1,32.75,65571.4,297.765,25.538,65571.4,0.0,0.999997,0.0230806
5760_dose_600_gradient_0_VconcST_0_Vconc_4.8_run_1.csv,5760.0,600.0,0,4.8,0.0,4.8,1,33.0,66697.3,291.863,25.9765,66697.3,0.0,0.999997,0.0235554
5760_dose_600_gradient_0_VconcST_0_Vconc_4.8_run_1.csv,5760.0,600.0,0,4.8,0.0,4.8,1,33.25,67791.5,286.079,26.4027,67791.5,0.0,0.999997,0.0230806
5760_dose_600_gradient_0_VconcST_0_Vconc_4.8_run_1.csv,5760.0,600.0,0,4.8,0.0,4.8,1,33.5,68855.0,280.409,26.8169,68855.0,0.0,0.999997,0.0226306
5760_dose_600_gradient_0_VconcST_0_Vconc_4.8_run_1.csv,5760.0,600.0,0,4.8,0.0,4.8,1,33.75,69888.3,274.852,27.2193,69888.3,0.0,0.999997,0.0222923
5760_dose_600_gradient_0_VconcST_0_Vconc_4.8_run_1.csv,5760.0,600.0,0,4.8,0.0,4.8,1,34.0,70892.0,269.405,27.6102,70892.0,0.0,0.999997,0.0217122
5760_dose_600_gradient_0_VconcST_0_Vconc_4.8_run_1.csv,5760.0,600.0,0,4.8,0.0,4.8,1,34.25,71866.7,264.066,27.9898,71866.7,0.0,0.999997,0.0217488
5760_dose_600_gradient_0_VconcST_0_Vconc_4.8_run_1.csv,5760.0,600.0,0,4.8,0.0,4.8,1,34.5,72813.1,258.832,28.3584,72813.1,0.0,0.999997,0.02126
5760_dose_600_gradient_0_VconcST_0_Vconc_4.8_run_1.csv,5760.0,600.0,0,4.8,0.0,4.8,1,34.75,73731.7,253.702,28.7162,73731.7,0.0,0.999997,0.0208397
5760_dose_600_gradient_0_VconcST_0_Vconc_4.8_run_1.csv,5760.0,600.0,0,4.8,0.0,4.8,1,35.0,74623.2,248.674,29.0634,74623.2,0.0,0.999997,0.0208076
5760_dose_600_gradient_0_VconcST_0_Vconc_4.8_run_1.csv,5760.0,600.0,0,4.8,0.0,4.8,1,35.25,75488.1,243.746,29.4003,75488.1,0.0,0.999997,0.0204097
5760_dose_600_gradient_0_VconcST_0_Vconc_4.8_run_1.csv,5760.0,600.0,0,4.8,0.0,4.8,1,35.5,76326.9,238.915,29.727,76326.9,0.0,0.999997,0.0203554
5760_dose_600_gradient_0_VconcST_0_Vconc_4.8_run_1.csv,5760.0,600.0,0,4.8,0.0,4.8,1,35.75,77140.3,234.18,30.0437,77140.3,0.0,0.999997,0.0199413
5760_dose_600_gradient_0_VconcST_0_Vconc_4.8_run_1.csv,5760.0,600.0,0,4.8,0.0,4.8,1,36.0,77928.7,229.539,30.3508,77928.7,0.0,0.999997,0.0199274
5760_dose_600_gradient_0_VconcST_0_Vconc_4.8_run_1.csv,5760.0,600.0,0,4.8,0.0,4.8,1,36.25,78692.7,224.99,30.6484,78692.7,0.0,0.999997,0.0199169
5760_dose_600_gradient_0_VconcST_0_Vconc_4.8_run_1.csv,5760.0,600.0,0,4.8,0.0,4.8,1,36.5,79432.9,220.531,30.9366,79432.9,0.0,0.999997,0.0194779
5760_dose_600_gradient_0_VconcST_0_Vconc_4.8_run_1.csv,5760.0,600.0,0,4.8,0.0,4.8,1,36.75,80149.6,216.16,31.2158,80149.6,0.0,0.999997,0.0194957
5760_dose_600_gradient_0_VconcST_0_Vconc_4.8_run_1.csv,5760.0,600.0,0,4.8,0.0,4.8,1,37.0,80843.5,211.876,31.486,80843.5,0.0,0.999997,0.0190684
5760_dose_600_gradient_0_VconcST_0_Vconc_4.8_run_1.csv,5760.0,600.0,0,4.8,0.0,4.8,1,37.25,81514.9,207.677,31.7475,81514.9,0.0,0.999997,0.019017
5760_dose_600_gradient_0_VconcST_0_Vconc_4.8_run_1.csv,5760.0,600.0,0,4.8,0.0,4.8,1,37.5,82164.5,203.561,32.0005,82164.5,0.0,0.999998,0.0190156
5760_dose_600_gradient_0_VconcST_0_Vconc_4.8_run_1.csv,5760.0,600.0,0,4.8,0.0,4.8,1,37.75,82792.5,199.527,32.2451,82792.5,0.0,0.999998,0.0185628
5760_dose_600_gradient_0_VconcST_0_Vconc_4.8_run_1.csv,5760.0,600.0,0,4.8,0.0,4.8,1,38.0,83399.6,195.572,32.4815,83399.6,0.0,0.999998,0.0185837
5760_dose_600_gradient_0_VconcST_0_Vconc_4.8_run_1.csv,5760.0,600.0,0,4.8,0.0,4.8,1,38.25,83986.0,191.696,32.71,83986.0,0.0,0.999998,0.0185459
5760_dose_600_gradient_0_VconcST_0_Vconc_4.8_run_1.csv,5760.0,600.0,0,4.8,0.0,4.8,1,38.5,84552.4,187.897,32.9306,84552.4,0.0,0.999998,0.0180937
5760_dose_600_gradient_0_VconcST_0_Vconc_4.8_run_1.csv,5760.0,600.0,0,4.8,0.0,4.8,1,38.75,85099.1,184.173,33.1435,85099.1,0.0,0.999998,0.018114
5760_dose_600_gradient_0_VconcST_0_Vconc_4.8_run_1.csv,5760.0,600.0,0,4.8,0.0,4.8,1,39.0,85626.6,180.523,33.3489,85626.6,0.0,0.999998,0.0181337
5760_dose_600_gradient_0_VconcST_0_Vconc_4.8_run_1.csv,5760.0,600.0,0,4.8,0.0,4.8,1,39.25,86135.1,176.945,33.547,86135.1,0.0,0.999998,0.0181674
5760_dose_600_gradient_0_VconcST_0_Vconc_4.8_run_1.csv,5760.0,600.0,0,4.8,0.0,4.8,1,39.5,86625.3,173.438,33.7379,86625.3,0.0,0.999998,0.0176661
5760_dose_600_gradient_0_VconcST_0_Vconc_4.8_run_1.csv,5760.0,600.0,0,4.8,0.0,4.8,1,39.75,87097.4,170.001,33.9217,87097.4,0.0,0.999998,0.0176964
5760_dose_600_gradient_0_VconcST_0_Vconc_4.8_run_1.csv,5760.0,600.0,0,4.8,0.0,4.8,1,40.0,87551.8,166.632,34.0987,87551.8,0.0,0.999998,0.0176413
5760_dose_600_gradient_0_VconcST_0_Vconc_4.8_run_1.csv,5760.0,600.0,0,4.8,0.0,4.8,1,40.25,87989.0,163.329,34.269,87989.0,0.0,0.999998,0.0176983
5760_dose_600_gradient_0_VconcST_0_Vconc_4.8_run_1.csv,5760.0,600.0,0,4.8,0.0,4.8,1,40.5,88409.3,160.092,34.4327,88409.3,0.0,0.999998,0.0176809
5760_dose_600_gradient_0_VconcST_0_Vconc_4.8_run_1.csv,5760.0,600.0,0,4.8,0.0,4.8,1,40.75,88813.0,156.919,34.5899,88813.0,0.0,0.999998,0.0171974
5760_dose_600_gradient_0_VconcST_0_Vconc_4.8_run_1.csv,5760.0,600.0,0,4.8,0.0,4.8,1,41.0,89200.5,153.809,34.7408,89200.5,0.0,0.999998,0.0172083
5760_dose_600_gradient_0_VconcST_0_Vconc_4.8_run_1.csv,5760.0,600.0,0,4.8,0.0,4.8,1,41.25,89572.2,150.761,34.8856,89572.2,0.0,0.999998,0.0172046
5760_dose_600_gradient_0_VconcST_0_Vconc_4.8_run_1.csv,5760.0,600.0,0,4.8,0.0,4.8,1,41.5,89928.5,147.773,35.0244,89928.5,0.0,0.999998,0.0171889
5760_dose_600_gradient_0_VconcST_0_Vconc_7.2_run_1.csv,5760.0,600.0,0,7.2,0.0,7.2,1,0.0,0.0,0.0,0.0,0.0,0.0,0.0,0.0
5760_dose_600_gradient_0_VconcST_0_Vconc_7.2_run_1.csv,5760.0,600.0,0,7.2,0.0,7.2,1,0.25,0.0,0.0,0.0,0.0,0.0,0.0,10000.0
5760_dose_600_gradient_0_VconcST_0_Vconc_7.2_run_1.csv,5760.0,600.0,0,7.2,0.0,7.2,1,0.5,0.0,0.0,0.0,0.0,0.0,0.0,444.737
5760_dose_600_gradient_0_VconcST_0_Vconc_7.2_run_1.csv,5760.0,600.0,0,7.2,0.0,7.2,1,0.75,0.0,0.0,0.0,0.0,0.0,0.0,10000.0
5760_dose_600_gradient_0_VconcST_0_Vconc_7.2_run_1.csv,5760.0,600.0,0,7.2,0.0,7.2,1,1.0,0.0,0.0,0.0,0.0,0.0,0.0,346.738
5760_dose_600_gradient_0_VconcST_0_Vconc_7.2_run_1.csv,5760.0,600.0,0,7.2,0.0,7.2,1,1.25,0.0,0.0,0.0,0.0,0.0,0.0,10000.0
5760_dose_600_gradient_0_VconcST_0_Vconc_7.2_run_1.csv,5760.0,600.0,0,7.2,0.0,7.2,1,1.5,0.0,0.0,0.0,0.0,0.0,0.0,355.932
5760_dose_600_gradient_0_VconcST_0_Vconc_7.2_run_1.csv,5760.0,600.0,0,7.2,0.0,7.2,1,1.75,0.0,0.0,0.0,0.0,0.0,0.0,10000.0
5760_dose_600_gradient_0_VconcST_0_Vconc_7.2_run_1.csv,5760.0,600.0,0,7.2,0.0,7.2,1,2.0,0.0,0.0,0.0,0.0,0.0,0.0,304.304
5760_dose_600_gradient_0_VconcST_0_Vconc_7.2_run_1.csv,5760.0,600.0,0,7.2,0.0,7.2,1,2.25,0.0,0.0,0.0,0.0,0.0,0.0,10000.0
5760_dose_600_gradient_0_VconcST_0_Vconc_7.2_run_1.csv,5760.0,600.0,0,7.2,0.0,7.2,1,2.5,0.0,0.0,0.0,0.0,0.0,0.0,319.016
5760_dose_600_gradient_0_VconcST_0_Vconc_7.2_run_1.csv,5760.0,600.0,0,7.2,0.0,7.2,1,2.75,0.0,0.0,0.0,0.0,0.0,0.0,10000.0
5760_dose_600_gradient_0_VconcST_0_Vconc_7.2_run_1.csv,5760.0,600.0,0,7.2,0.0,7.2,1,3.0,0.0,0.0,0.0,0.0,0.0,0.0,309.379
5760_dose_600_gradient_0_VconcST_0_Vconc_7.2_run_1.csv,5760.0,600.0,0,7.2,0.0,7.2,1,3.25,0.0,0.0,0.0,0.0,0.0,0.0,10000.0
5760_dose_600_gradient_0_VconcST_0_Vconc_7.2_run_1.csv,5760.0,600.0,0,7.2,0.0,7.2,1,3.5,0.0,0.0,0.0,0.0,0.0,0.0,292.589
5760_dose_600_gradient_0_VconcST_0_Vconc_7.2_run_1.csv,5760.0,600.0,0,7.2,0.0,7.2,1,3.75,0.0,0.0,0.0,0.0,0.0,0.0,10000.0
5760_dose_600_gradient_0_VconcST_0_Vconc_7.2_run_1.csv,5760.0,600.0,0,7.2,0.0,7.2,1,4.0,0.0,0.0,0.0,0.0,0.0,0.0,296.561
5760_dose_600_gradient_0_VconcST_0_Vconc_7.2_run_1.csv,5760.0,600.0,0,7.2,0.0,7.2,1,4.25,0.0,0.0,0.0,0.0,0.0,0.0,10000.0
5760_dose_600_gradient_0_VconcST_0_Vconc_7.2_run_1.csv,5760.0,600.0,0,7.2,0.0,7.2,1,4.5,0.0,0.0,0.0,0.0,0.0,0.0,5128.26
5760_dose_600_gradient_0_VconcST_0_Vconc_7.2_run_1.csv,5760.0,600.0,0,7.2,0.0,7.2,1,4.75,0.0,0.0,0.0,0.0,0.0,0.0,859.134
5760_dose_600_gradient_0_VconcST_0_Vconc_7.2_run_1.csv,5760.0,600.0,0,7.2,0.0,7.2,1,5.0,0.0,0.0,0.0,0.0,0.0,0.0,10000.0
5760_dose_600_gradient_0_VconcST_0_Vconc_7.2_run_1.csv,5760.0,600.0,0,7.2,0.0,7.2,1,5.25,0.0,0.0,0.0,0.0,0.0,0.0,846.05
5760_dose_600_gradient_0_VconcST_0_Vconc_7.2_run_1.csv,5760.0,600.0,0,7.2,0.0,7.2,1,5.5,0.0,0.0,0.0,0.0,0.0,0.0,10000.0
5760_dose_600_gradient_0_VconcST_0_Vconc_7.2_run_1.csv,5760.0,600.0,0,7.2,0.0,7.2,1,5.75,0.0,0.0,0.0,0.0,0.0,0.0,862.377
5760_dose_600_gradient_0_VconcST_0_Vconc_7.2_run_1.csv,5760.0,600.0,0,7.2,0.0,7.2,1,6.0,0.0,0.0,0.0,0.0,0.0,0.0,10000.0
5760_dose_600_gradient_0_VconcST_0_Vconc_7.2_run_1.csv,5760.0,600.0,0,7.2,0.0,7.2,1,6.25,0.0,0.0,0.0,0.0,0.0,0.0,836.836
5760_dose_600_gradient_0_VconcST_0_Vconc_7.2_run_1.csv,5760.0,600.0,0,7.2,0.0,7.2,1,6.5,0.0,0.0,0.0,0.0,0.0,0.0,10000.0
5760_dose_600_gradient_0_VconcST_0_Vconc_7.2_run_1.csv,5760.0,600.0,0,7.2,0.0,7.2,1,6.75,0.0,0.0,0.0,0.0,0.0,0.0,717.335
5760_dose_600_gradient_0_VconcST_0_Vconc_7.2_run_1.csv,5760.0,600.0,0,7.2,0.0,7.2,1,7.0,0.0,0.0,0.0,0.0,0.0,0.0,10000.0
5760_dose_600_gradient_0_VconcST_0_Vconc_7.2_run_1.csv,5760.0,600.0,0,7.2,0.0,7.2,1,7.25,0.0,0.0,0.0,0.0,0.0,0.0,504.526
5760_dose_600_gradient_0_VconcST_0_Vconc_7.2_run_1.csv,5760.0,600.0,0,7.2,0.0,7.2,1,7.5,0.0,0.0,0.0,0.0,0.0,0.0,10000.0
5760_dose_600_gradient_0_VconcST_0_Vconc_7.2_run_1.csv,5760.0,600.0,0,7.2,0.0,7.2,1,7.75,0.0,0.0,0.0,0.0,0.0,0.0,448.665
5760_dose_600_gradient_0_VconcST_0_Vconc_7.2_run_1.csv,5760.0,600.0,0,7.2,0.0,7.2,1,8.0,0.0,0.0,0.0,0.0,0.0,0.0,10000.0
5760_dose_600_gradient_0_VconcST_0_Vconc_7.2_run_1.csv,5760.0,600.0,0,7.2,0.0,7.2,1,8.25,0.0,0.0,0.0,0.0,0.0,0.0,419.883
5760_dose_600_gradient_0_VconcST_0_Vconc_7.2_run_1.csv,5760.0,600.0,0,7.2,0.0,7.2,1,8.5,0.0,0.0,0.0,0.0,0.0,0.0,10000.0
5760_dose_600_gradient_0_VconcST_0_Vconc_7.2_run_1.csv,5760.0,600.0,0,7.2,0.0,7.2,1,8.75,0.0,0.0,0.0,0.0,0.0,0.0,370.271
5760_dose_600_gradient_0_VconcST_0_Vconc_7.2_run_1.csv,5760.0,600.0,0,7.2,0.0,7.2,1,9.0,0.0,0.0,0.0,0.0,0.0,0.0,10000.0
5760_dose_600_gradient_0_VconcST_0_Vconc_7.2_run_1.csv,5760.0,600.0,0,7.2,0.0,7.2,1,9.25,0.0,0.0,0.0,0.0,0.0,0.0,335.623
5760_dose_600_gradient_0_VconcST_0_Vconc_7.2_run_1.csv,5760.0,600.0,0,7.2,0.0,7.2,1,9.5,0.0,0.0,0.0,0.0,0.0,0.0,10000.0
5760_dose_600_gradient_0_VconcST_0_Vconc_7.2_run_1.csv,5760.0,600.0,0,7.2,0.0,7.2,1,9.75,0.0,0.0,0.0,0.0,0.000368924,0.0,322.301
5760_dose_600_gradient_0_VconcST_0_Vconc_7.2_run_1.csv,5760.0,600.0,0,7.2,0.0,7.2,1,10.0,0.0,0.0,0.0,0.0,0.0,0.0,10000.0
5760_dose_600_gradient_0_VconcST_0_Vconc_7.2_run_1.csv,5760.0,600.0,0,7.2,0.0,7.2,1,10.25,0.0,0.0,0.0,0.0,0.0,0.0,303.869
5760_dose_600_gradient_0_VconcST_0_Vconc_7.2_run_1.csv,5760.0,600.0,0,7.2,0.0,7.2,1,10.5,0.0,0.0,0.0,0.0,0.0,0.0,10000.0
5760_dose_600_gradient_0_VconcST_0_Vconc_7.2_run_1.csv,5760.0,600.0,0,7.2,0.0,7.2,1,10.75,0.0,0.0,0.0,0.0,0.0,0.0,301.114
5760_dose_600_gradient_0_VconcST_0_Vconc_7.2_run_1.csv,5760.0,600.0,0,7.2,0.0,7.2,1,11.0,0.0,0.0,0.0,0.0,0.0,0.0,10000.0
5760_dose_600_gradient_0_VconcST_0_Vconc_7.2_run_1.csv,5760.0,600.0,0,7.2,0.0,7.2,1,11.25,0.0,0.0,0.0,0.0,0.0,0.0,294.275
5760_dose_600_gradient_0_VconcST_0_Vconc_7.2_run_1.csv,5760.0,600.0,0,7.2,0.0,7.2,1,11.5,0.0,0.0,0.0,0.0,0.0,0.0,10000.0
5760_dose_600_gradient_0_VconcST_0_Vconc_7.2_run_1.csv,5760.0,600.0,0,7.2,0.0,7.2,1,11.75,0.0,0.0,0.0,0.0,0.0,0.0,298.664
5760_dose_600_gradient_0_VconcST_0_Vconc_7.2_run_1.csv,5760.0,600.0,0,7.2,0.0,7.2,1,12.0,0.0,0.0,0.0,0.0,0.0,0.0,10000.0
5760_dose_600_gradient_0_VconcST_0_Vconc_7.2_run_1.csv,5760.0,600.0,0,7.2,0.0,7.2,1,12.25,0.0,0.0,0.0,0.0,0.0,0.0,305.651
5760_dose_600_gradient_0_VconcST_0_Vconc_7.2_run_1.csv,5760.0,600.0,0,7.2,0.0,7.2,1,12.5,0.0,0.0,0.0,0.0,0.0,0.0,1770.93
5760_dose_600_gradient_0_VconcST_0_Vconc_7.2_run_1.csv,5760.0,600.0,0,7.2,0.0,7.2,1,12.75,0.0,0.0,0.0,0.0,0.0,0.0,9571.03
5760_dose_600_gradient_0_VconcST_0_Vconc_7.2_run_1.csv,5760.0,600.0,0,7.2,0.0,7.2,1,13.0,0.0,0.0,0.0,0.0,0.0,0.0,848.219
5760_dose_600_gradient_0_VconcST_0_Vconc_7.2_run_1.csv,5760.0,600.0,0,7.2,0.0,7.2,1,13.25,0.0,0.0,0.0,0.0,0.0,0.0,10000.0
5760_dose_600_gradient_0_VconcST_0_Vconc_7.2_run_1.csv,5760.0,600.0,0,7.2,0.0,7.2,1,13.5,0.0,0.0,0.0,0.0,0.0,0.0,852.103
5760_dose_600_gradient_0_VconcST_0_Vconc_7.2_run_1.csv,5760.0,600.0,0,7.2,0.0,7.2,1,13.75,0.0,0.0,0.0,0.0,0.0,0.0,10000.0
5760_dose_600_gradient_0_VconcST_0_Vconc_7.2_run_1.csv,5760.0,600.0,0,7.2,0.0,7.2,1,14.0,0.0,0.0,0.0,0.0,0.0,0.0,850.261
5760_dose_600_gradient_0_VconcST_0_Vconc_7.2_run_1.csv,5760.0,600.0,0,7.2,0.0,7.2,1,14.25,0.0,0.0,0.0,0.0,0.0,0.0,10000.0
5760_dose_600_gradient_0_VconcST_0_Vconc_7.2_run_1.csv,5760.0,600.0,0,7.2,0.0,7.2,1,14.5,0.0,0.0,0.0,0.0,0.0,0.0,816.393
5760_dose_600_gradient_0_VconcST_0_Vconc_7.2_run_1.csv,5760.0,600.0,0,7.2,0.0,7.2,1,14.75,0.0,0.0,0.0,0.0,0.0,0.0,10000.0
5760_dose_600_gradient_0_VconcST_0_Vconc_7.2_run_1.csv,5760.0,600.0,0,7.2,0.0,7.2,1,15.0,0.0,0.0,0.0,0.0,0.0,0.0,666.881
5760_dose_600_gradient_0_VconcST_0_Vconc_7.2_run_1.csv,5760.0,600.0,0,7.2,0.0,7.2,1,15.25,0.0,0.0,0.0,0.0,0.0,0.0,10000.0
5760_dose_600_gradient_0_VconcST_0_Vconc_7.2_run_1.csv,5760.0,600.0,0,7.2,0.0,7.2,1,15.5,0.0,0.0,0.0,0.0,0.0,0.0,508.184
5760_dose_600_gradient_0_VconcST_0_Vconc_7.2_run_1.csv,5760.0,600.0,0,7.2,0.0,7.2,1,15.75,0.0,0.0,0.0,0.0,0.0,0.0,10000.0
5760_dose_600_gradient_0_VconcST_0_Vconc_7.2_run_1.csv,5760.0,600.0,0,7.2,0.0,7.2,1,16.0,0.0,0.0,0.0,0.0,0.0,0.0,441.557
5760_dose_600_gradient_0_VconcST_0_Vconc_7.2_run_1.csv,5760.0,600.0,0,7.2,0.0,7.2,1,16.25,0.0,0.0,0.0,0.0,0.0,0.0,10000.0
5760_dose_600_gradient_0_VconcST_0_Vconc_7.2_run_1.csv,5760.0,600.0,0,7.2,0.0,7.2,1,16.5,0.0,0.0,0.0,0.0,0.0,0.0,456.738
5760_dose_600_gradient_0_VconcST_0_Vconc_7.2_run_1.csv,5760.0,600.0,0,7.2,0.0,7.2,1,16.75,0.0,0.0,0.0,0.0,0.0,0.0,10000.0
5760_dose_600_gradient_0_VconcST_0_Vconc_7.2_run_1.csv,5760.0,600.0,0,7.2,0.0,7.2,1,17.0,0.0,0.0,0.0,0.0,0.0,0.0,387.573
5760_dose_600_gradient_0_VconcST_0_Vconc_7.2_run_1.csv,5760.0,600.0,0,7.2,0.0,7.2,1,17.25,0.0,0.0,0.0,0.0,0.0,0.0,10000.0
5760_dose_600_gradient_0_VconcST_0_Vconc_7.2_run_1.csv,5760.0,600.0,0,7.2,0.0,7.2,1,17.5,0.0,0.0,0.0,0.0,0.0,0.0,351.778
5760_dose_600_gradient_0_VconcST_0_Vconc_7.2_run_1.csv,5760.0,600.0,0,7.2,0.0,7.2,1,17.75,0.0,0.0,0.0,0.0,0.0,0.0,10000.0
5760_dose_600_gradient_0_VconcST_0_Vconc_7.2_run_1.csv,5760.0,600.0,0,7.2,0.0,7.2,1,18.0,0.0,0.0,0.0,0.0,0.000381944,0.0,317.73
5760_dose_600_gradient_0_VconcST_0_Vconc_7.2_run_1.csv,5760.0,600.0,0,7.2,0.0,7.2,1,18.25,0.0,0.0,0.0,0.0,0.0,0.0,10000.0
5760_dose_600_gradient_0_VconcST_0_Vconc_7.2_run_1.csv,5760.0,600.0,0,7.2,0.0,7.2,1,18.5,0.0,0.0,0.0,0.0,0.0,0.0,315.862
5760_dose_600_gradient_0_VconcST_0_Vconc_7.2_run_1.csv,5760.0,600.0,0,7.2,0.0,7.2,1,18.75,0.0,0.0,0.0,0.0,0.0,0.0,10000.0
5760_dose_600_gradient_0_VconcST_0_Vconc_7.2_run_1.csv,5760.0,600.0,0,7.2,0.0,7.2,1,19.0,0.0,0.0,0.0,0.0,0.0,0.0,306.389
5760_dose_600_gradient_0_VconcST_0_Vconc_7.2_run_1.csv,5760.0,600.0,0,7.2,0.0,7.2,1,19.25,0.0,0.0,0.0,0.0,0.0,0.0,10000.0
5760_dose_600_gradient_0_VconcST_0_Vconc_7.2_run_1.csv,5760.0,600.0,0,7.2,0.0,7.2,1,19.5,0.0,0.0,0.0,0.0,0.0,0.0,286.419
5760_dose_600_gradient_0_VconcST_0_Vconc_7.2_run_1.csv,5760.0,600.0,0,7.2,0.0,7.2,1,19.75,0.0,0.0,0.0,0.0,0.0,0.0,10000.0
5760_dose_600_gradient_0_VconcST_0_Vconc_7.2_run_1.csv,5760.0,600.0,0,7.2,0.0,7.2,1,20.0,0.0,0.0,0.0,0.0,0.0,0.0,286.376
5760_dose_600_gradient_0_VconcST_0_Vconc_7.2_run_1.csv,5760.0,600.0,0,7.2,0.0,7.2,1,20.25,0.0,0.0,0.0,0.0,0.0,0.0,10000.0
5760_dose_600_gradient_0_VconcST_0_Vconc_7.2_run_1.csv,5760.0,600.0,0,7.2,0.0,7.2,1,20.5,0.0,0.0,0.0,0.0,0.0,0.0,968.236
5760_dose_600_gradient_0_VconcST_0_Vconc_7.2_run_1.csv,5760.0,600.0,0,7.2,0.0,7.2,1,20.75,0.0,0.0,0.0,0.0,0.0,0.0,1336.96
5760_dose_600_gradient_0_VconcST_0_Vconc_7.2_run_1.csv,5760.0,600.0,0,7.2,0.0,7.2,1,21.0,0.0,0.0,0.0,0.0,0.0,0.0,9529.2
5760_dose_600_gradient_0_VconcST_0_Vconc_7.2_run_1.csv,5760.0,600.0,0,7.2,0.0,7.2,1,21.25,0.0,0.0,0.0,0.0,0.0,0.0,851.435
5760_dose_600_gradient_0_VconcST_0_Vconc_7.2_run_1.csv,5760.0,600.0,0,7.2,0.0,7.2,1,21.5,0.0,0.0,0.0,0.0,0.0,0.0,10000.0
5760_dose_600_gradient_0_VconcST_0_Vconc_7.2_run_1.csv,5760.0,600.0,0,7.2,0.0,7.2,1,21.75,0.0,0.0,0.0,0.0,0.0,0.0,804.103
5760_dose_600_gradient_0_VconcST_0_Vconc_7.2_run_1.csv,5760.0,600.0,0,7.2,0.0,7.2,1,22.0,0.0,0.0,0.0,0.0,0.0,0.0,10000.0
5760_dose_600_gradient_0_VconcST_0_Vconc_7.2_run_1.csv,5760.0,600.0,0,7.2,0.0,7.2,1,22.25,0.0,0.0,0.0,0.0,0.0,0.0,842.358
5760_dose_600_gradient_0_VconcST_0_Vconc_7.2_run_1.csv,5760.0,600.0,0,7.2,0.0,7.2,1,22.5,0.0,0.0,0.0,0.0,0.0,0.0,10000.0
5760_dose_600_gradient_0_VconcST_0_Vconc_7.2_run_1.csv,5760.0,600.0,0,7.2,0.0,7.2,1,22.75,0.0,0.0,0.0,0.0,0.0,0.0,752.471
5760_dose_600_gradient_0_VconcST_0_Vconc_7.2_run_1.csv,5760.0,600.0,0,7.2,0.0,7.2,1,23.0,0.0,0.0,0.0,0.0,0.0,0.0,10000.0
5760_dose_600_gradient_0_VconcST_0_Vconc_7.2_run_1.csv,5760.0,600.0,0,7.2,0.0,7.2,1,23.25,0.0,0.0,0.0,0.0,0.0,0.0,570.265
5760_dose_600_gradient_0_VconcST_0_Vconc_7.2_run_1.csv,5760.0,600.0,0,7.2,0.0,7.2,1,23.5,0.0,0.0,0.0,0.0,0.0,0.0,10000.0
5760_dose_600_gradient_0_VconcST_0_Vconc_7.2_run_1.csv,5760.0,600.0,0,7.2,0.0,7.2,1,23.75,0.0,0.0,0.0,0.0,0.0,0.0,474.136
5760_dose_600_gradient_0_VconcST_0_Vconc_7.2_run_1.csv,5760.0,600.0,0,7.2,0.0,7.2,1,24.0,46.7175,600.0,0.018195,46.7175,0.0,0.0,10000.0
5760_dose_600_gradient_0_VconcST_0_Vconc_7.2_run_1.csv,5760.0,600.0,0,7.2,0.0,7.2,1,24.25,2816.07,588.109,1.09677,2816.07,0.0,0.999928,0.0332939
5760_dose_600_gradient_0_VconcST_0_Vconc_7.2_run_1.csv,5760.0,600.0,0,7.2,0.0,7.2,1,24.5,5520.02,576.453,2.14988,5520.02,0.0,0.999963,0.541398
5760_dose_600_gradient_0_VconcST_0_Vconc_7.2_run_1.csv,5760.0,600.0,0,7.2,0.0,7.2,1,24.75,8159.93,565.029,3.17804,8159.93,0.0,0.999975,0.33062
5760_dose_600_gradient_0_VconcST_0_Vconc_7.2_run_1.csv,5760.0,600.0,0,7.2,0.0,7.2,1,25.0,10737.1,553.83,4.18176,10737.1,0.0,0.999981,0.240157
5760_dose_600_gradient_0_VconcST_0_Vconc_7.2_run_1.csv,5760.0,600.0,0,7.2,0.0,7.2,1,25.25,13252.8,542.853,5.16155,13252.8,0.0,0.999985,0.189664
5760_dose_600_gradient_0_VconcST_0_Vconc_7.2_run_1.csv,5760.0,600.0,0,7.2,0.0,7.2,1,25.5,15708.3,532.094,6.11789,15708.3,0.0,0.999987,0.156723
5760_dose_600_gradient_0_VconcST_0_Vconc_7.2_run_1.csv,5760.0,600.0,0,7.2,0.0,7.2,1,25.75,18104.8,521.549,7.05126,18104.8,0.0,0.999989,0.133657
5760_dose_600_gradient_0_VconcST_0_Vconc_7.2_run_1.csv,5760.0,600.0,0,7.2,0.0,7.2,1,26.0,20443.6,511.213,7.96213,20443.6,0.0,0.99999,0.117701
5760_dose_600_gradient_0_VconcST_0_Vconc_7.2_run_1.csv,5760.0,600.0,0,7.2,0.0,7.2,1,26.25,22725.7,501.081,8.85097,22725.7,0.0,0.999991,0.105293
5760_dose_600_gradient_0_VconcST_0_Vconc_7.2_run_1.csv,5760.0,600.0,0,7.2,0.0,7.2,1,26.5,24952.5,491.15,9.71822,24952.5,0.0,0.999992,0.0950339
5760_dose_600_gradient_0_VconcST_0_Vconc_7.2_run_1.csv,5760.0,600.0,0,7.2,0.0,7.2,1,26.75,27124.9,481.416,10.5643,27124.9,0.0,0.999993,0.0869684
5760_dose_600_gradient_0_VconcST_0_Vconc_7.2_run_1.csv,5760.0,600.0,0,7.2,0.0,7.2,1,27.0,29244.3,471.875,11.3897,29244.3,0.0,0.999993,0.0802048
5760_dose_600_gradient_0_VconcST_0_Vconc_7.2_run_1.csv,5760.0,600.0,0,7.2,0.0,7.2,1,27.25,31311.5,462.523,12.1949,31311.5,0.0,0.999994,0.074634
5760_dose_600_gradient_0_VconcST_0_Vconc_7.2_run_1.csv,5760.0,600.0,0,7.2,0.0,7.2,1,27.5,33327.7,453.356,12.9801,33327.7,0.0,0.999994,0.0699823
5760_dose_600_gradient_0_VconcST_0_Vconc_7.2_run_1.csv,5760.0,600.0,0,7.2,0.0,7.2,1,27.75,35294.0,444.371,13.7459,35294.0,0.0,0.999994,0.0658137
5760_dose_600_gradient_0_VconcST_0_Vconc_7.2_run_1.csv,5760.0,600.0,0,7.2,0.0,7.2,1,28.0,37211.3,435.564,14.4926,37211.3,0.0,0.999995,0.062505
5760_dose_600_gradient_0_VconcST_0_Vconc_7.2_run_1.csv,5760.0,600.0,0,7.2,0.0,7.2,1,28.25,39080.7,426.932,15.2207,39080.7,0.0,0.999995,0.0597372
5760_dose_600_gradient_0_VconcST_0_Vconc_7.2_run_1.csv,5760.0,600.0,0,7.2,0.0,7.2,1,28.5,40903.2,418.471,15.9305,40903.2,0.0,0.999995,0.0563153
5760_dose_600_gradient_0_VconcST_0_Vconc_7.2_run_1.csv,5760.0,600.0,0,7.2,0.0,7.2,1,28.75,42679.7,410.177,16.6224,42679.7,0.0,0.999995,0.0543067
5760_dose_600_gradient_0_VconcST_0_Vconc_7.2_run_1.csv,5760.0,600.0,0,7.2,0.0,7.2,1,29.0,44411.2,402.048,17.2968,44411.2,0.0,0.999996,0.0523453
5760_dose_600_gradient_0_VconcST_0_Vconc_7.2_run_1.csv,5760.0,600.0,0,7.2,0.0,7.2,1,29.25,46098.6,394.08,17.954,46098.6,0.0,0.999996,0.0502386
5760_dose_600_gradient_0_VconcST_0_Vconc_7.2_run_1.csv,5760.0,600.0,0,7.2,0.0,7.2,1,29.5,47742.8,386.27,18.5943,47742.8,0.0,0.999996,0.0482462
5760_dose_600_gradient_0_VconcST_0_Vconc_7.2_run_1.csv,5760.0,600.0,0,7.2,0.0,7.2,1,29.75,49344.8,378.614,19.2183,49344.8,0.0,0.999996,0.0468689
5760_dose_600_gradient_0_VconcST_0_Vconc_7.2_run_1.csv,5760.0,600.0,0,7.2,0.0,7.2,1,30.0,50905.4,371.11,19.8261,50905.4,0.0,0.999996,0.0456175
5760_dose_600_gradient_0_VconcST_0_Vconc_7.2_run_1.csv,5760.0,600.0,0,7.2,0.0,7.2,1,30.25,52425.4,363.755,20.4181,52425.4,0.0,0.999996,0.0441647
5760_dose_600_gradient_0_VconcST_0_Vconc_7.2_run_1.csv,5760.0,600.0,0,7.2,0.0,7.2,1,30.5,53905.6,356.546,20.9946,53905.6,0.0,0.999996,0.0427666
5760_dose_600_gradient_0_VconcST_0_Vconc_7.2_run_1.csv,5760.0,600.0,0,7.2,0.0,7.2,1,30.75,55347.0,349.48,21.5559,55347.0,0.0,0.999996,0.0414308
5760_dose_600_gradient_0_VconcST_0_Vconc_7.2_run_1.csv,5760.0,600.0,0,7.2,0.0,7.2,1,31.0,56750.3,342.554,22.1025,56750.3,0.0,0.999996,0.0408991
5760_dose_600_gradient_0_VconcST_0_Vconc_7.2_run_1.csv,5760.0,600.0,0,7.2,0.0,7.2,1,31.25,58116.3,335.765,22.6345,58116.3,0.0,0.999997,0.0394293
5760_dose_600_gradient_0_VconcST_0_Vconc_7.2_run_1.csv,5760.0,600.0,0,7.2,0.0,7.2,1,31.5,59445.8,329.11,23.1523,59445.8,0.0,0.999997,0.0387793
5760_dose_600_gradient_0_VconcST_0_Vconc_7.2_run_1.csv,5760.0,600.0,0,7.2,0.0,7.2,1,31.75,60739.5,322.588,23.6562,60739.5,0.0,0.999997,0.0379961
5760_dose_600_gradient_0_VconcST_0_Vconc_7.2_run_1.csv,5760.0,600.0,0,7.2,0.0,7.2,1,32.0,61998.2,316.194,24.1464,61998.2,0.0,0.999997,0.0367422
5760_dose_600_gradient_0_VconcST_0_Vconc_7.2_run_1.csv,5760.0,600.0,0,7.2,0.0,7.2,1,32.25,63222.6,309.928,24.6233,63222.6,0.0,0.999997,0.0360732
5760_dose_600_gradient_0_VconcST_0_Vconc_7.2_run_1.csv,5760.0,600.0,0,7.2,0.0,7.2,1,32.5,64413.5,303.785,25.0871,64413.5,0.0,0.999997,0.035333
5760_dose_600_gradient_0_VconcST_0_Vconc_7.2_run_1.csv,5760.0,600.0,0,7.2,0.0,7.2,1,32.75,65571.4,297.765,25.538,65571.4,0.0,0.999997,0.0346036
5760_dose_600_gradient_0_VconcST_0_Vconc_7.2_run_1.csv,5760.0,600.0,0,7.2,0.0,7.2,1,33.0,66697.3,291.863,25.9765,66697.3,0.0,0.999997,0.0353602
5760_dose_600_gradient_0_VconcST_0_Vconc_7.2_run_1.csv,5760.0,600.0,0,7.2,0.0,7.2,1,33.25,67791.5,286.079,26.4027,67791.5,0.0,0.999997,0.034645
5760_dose_600_gradient_0_VconcST_0_Vconc_7.2_run_1.csv,5760.0,600.0,0,7.2,0.0,7.2,1,33.5,68855.0,280.409,26.8169,68855.0,0.0,0.999997,0.0339527
5760_dose_600_gradient_0_VconcST_0_Vconc_7.2_run_1.csv,5760.0,600.0,0,7.2,0.0,7.2,1,33.75,69888.3,274.852,27.2193,69888.3,0.0,0.999997,0.0332666
5760_dose_600_gradient_0_VconcST_0_Vconc_7.2_run_1.csv,5760.0,600.0,0,7.2,0.0,7.2,1,34.0,70892.0,269.405,27.6102,70892.0,0.0,0.999997,0.0325911
5760_dose_600_gradient_0_VconcST_0_Vconc_7.2_run_1.csv,5760.0,600.0,0,7.2,0.0,7.2,1,34.25,71866.7,264.066,27.9898,71866.7,0.0,0.999997,0.0326071
5760_dose_600_gradient_0_VconcST_0_Vconc_7.2_run_1.csv,5760.0,600.0,0,7.2,0.0,7.2,1,34.5,72813.1,258.832,28.3584,72813.1,0.0,0.999997,0.0319613
5760_dose_600_gradient_0_VconcST_0_Vconc_7.2_run_1.csv,5760.0,600.0,0,7.2,0.0,7.2,1,34.75,73731.7,253.702,28.7162,73731.7,0.0,0.999997,0.0312769
5760_dose_600_gradient_0_VconcST_0_Vconc_7.2_run_1.csv,5760.0,600.0,0,7.2,0.0,7.2,1,35.0,74623.2,248.674,29.0634,74623.2,0.0,0.999997,0.0312111
5760_dose_600_gradient_0_VconcST_0_Vconc_7.2_run_1.csv,5760.0,600.0,0,7.2,0.0,7.2,1,35.25,75488.1,243.746,29.4003,75488.1,0.0,0.999997,0.0305812
5760_dose_600_gradient_0_VconcST_0_Vconc_7.2_run_1.csv,5760.0,600.0,0,7.2,0.0,7.2,1,35.5,76326.9,238.915,29.727,76326.9,0.0,0.999997,0.0305758
5760_dose_600_gradient_0_VconcST_0_Vconc_7.2_run_1.csv,5760.0,600.0,0,7.2,0.0,7.2,1,35.75,77140.3,234.18,30.0437,77140.3,0.0,0.999997,0.0299183
5760_dose_600_gradient_0_VconcST_0_Vconc_7.2_run_1.csv,5760.0,600.0,0,7.2,0.0,7.2,1,36.0,77928.7,229.539,30.3508,77928.7,0.0,0.999997,0.0299445
5760_dose_600_gradient_0_VconcST_0_Vconc_7.2_run_1.csv,5760.0,600.0,0,7.2,0.0,7.2,1,36.25,78692.7,224.99,30.6484,78692.7,0.0,0.999997,0.0299025
5760_dose_600_gradient_0_VconcST_0_Vconc_7.2_run_1.csv,5760.0,600.0,0,7.2,0.0,7.2,1,36.5,79432.9,220.531,30.9366,79432.9,0.0,0.999997,0.0293634
5760_dose_600_gradient_0_VconcST_0_Vconc_7.2_run_1.csv,5760.0,600.0,0,7.2,0.0,7.2,1,36.75,80149.6,216.16,31.2158,80149.6,0.0,0.999997,0.0292506
5760_dose_600_gradient_0_VconcST_0_Vconc_7.2_run_1.csv,5760.0,600.0,0,7.2,0.0,7.2,1,37.0,80843.5,211.876,31.486,80843.5,0.0,0.999997,0.0285311
5760_dose_600_gradient_0_VconcST_0_Vconc_7.2_run_1.csv,5760.0,600.0,0,7.2,0.0,7.2,1,37.25,81514.9,207.677,31.7475,81514.9,0.0,0.999997,0.0284971
5760_dose_600_gradient_0_VconcST_0_Vconc_7.2_run_1.csv,5760.0,600.0,0,7.2,0.0,7.2,1,37.5,82164.5,203.561,32.0005,82164.5,0.0,0.999998,0.0285141
5760_dose_600_gradient_0_VconcST_0_Vconc_7.2_run_1.csv,5760.0,600.0,0,7.2,0.0,7.2,1,37.75,82792.5,199.527,32.2451,82792.5,0.0,0.999998,0.0278384
5760_dose_600_gradient_0_VconcST_0_Vconc_7.2_run_1.csv,5760.0,600.0,0,7.2,0.0,7.2,1,38.0,83399.6,195.572,32.4815,83399.6,0.0,0.999998,0.0278472
5760_dose_600_gradient_0_VconcST_0_Vconc_7.2_run_1.csv,5760.0,600.0,0,7.2,0.0,7.2,1,38.25,83986.0,191.696,32.71,83986.0,0.0,0.999998,0.0278189
5760_dose_600_gradient_0_VconcST_0_Vconc_7.2_run_1.csv,5760.0,600.0,0,7.2,0.0,7.2,1,38.5,84552.4,187.897,32.9306,84552.4,0.0,0.999998,0.0271538
5760_dose_600_gradient_0_VconcST_0_Vconc_7.2_run_1.csv,5760.0,600.0,0,7.2,0.0,7.2,1,38.75,85099.1,184.173,33.1435,85099.1,0.0,0.999998,0.0271404
5760_dose_600_gradient_0_VconcST_0_Vconc_7.2_run_1.csv,5760.0,600.0,0,7.2,0.0,7.2,1,39.0,85626.6,180.523,33.3489,85626.6,0.0,0.999998,0.0271738
5760_dose_600_gradient_0_VconcST_0_Vconc_7.2_run_1.csv,5760.0,600.0,0,7.2,0.0,7.2,1,39.25,86135.1,176.945,33.547,86135.1,0.0,0.999998,0.0271404
5760_dose_600_gradient_0_VconcST_0_Vconc_7.2_run_1.csv,5760.0,600.0,0,7.2,0.0,7.2,1,39.5,86625.3,173.438,33.7379,86625.3,0.0,0.999998,0.0264943
5760_dose_600_gradient_0_VconcST_0_Vconc_7.2_run_1.csv,5760.0,600.0,0,7.2,0.0,7.2,1,39.75,87097.4,170.001,33.9217,87097.4,0.0,0.999998,0.0264878
5760_dose_600_gradient_0_VconcST_0_Vconc_7.2_run_1.csv,5760.0,600.0,0,7.2,0.0,7.2,1,40.0,87551.8,166.632,34.0987,87551.8,0.0,0.999998,0.0264618
5760_dose_600_gradient_0_VconcST_0_Vconc_7.2_run_1.csv,5760.0,600.0,0,7.2,0.0,7.2,1,40.25,87989.0,163.329,34.269,87989.0,0.0,0.999998,0.0264618
5760_dose_600_gradient_0_VconcST_0_Vconc_7.2_run_1.csv,5760.0,600.0,0,7.2,0.0,7.2,1,40.5,88409.3,160.092,34.4327,88409.3,0.0,0.999998,0.0264618
5760_dose_600_gradient_0_VconcST_0_Vconc_7.2_run_1.csv,5760.0,600.0,0,7.2,0.0,7.2,1,40.75,88813.0,156.919,34.5899,88813.0,0.0,0.999998,0.0259291
5760_dose_600_gradient_0_VconcST_0_Vconc_7.2_run_1.csv,5760.0,600.0,0,7.2,0.0,7.2,1,41.0,89200.5,153.809,34.7408,89200.5,0.0,0.999998,0.0257832
5760_dose_600_gradient_0_VconcST_0_Vconc_7.2_run_1.csv,5760.0,600.0,0,7.2,0.0,7.2,1,41.25,89572.2,150.761,34.8856,89572.2,0.0,0.999998,0.0258131
5760_dose_600_gradient_0_VconcST_0_Vconc_7.2_run_1.csv,5760.0,600.0,0,7.2,0.0,7.2,1,41.5,89928.5,147.773,35.0244,89928.5,0.0,0.999998,0.0257832
5760_dose_600_gradient_0_VconcST_0_Vconc_5.6_run_2.csv,5760.0,600.0,0,5.6,0.0,5.6,2,0.0,0.0,0.0,0.0,0.0,0.0,0.0,0.0
5760_dose_600_gradient_0_VconcST_0_Vconc_5.6_run_2.csv,5760.0,600.0,0,5.6,0.0,5.6,2,0.25,0.0,0.0,0.0,0.0,0.0,0.0,10000.0
5760_dose_600_gradient_0_VconcST_0_Vconc_5.6_run_2.csv,5760.0,600.0,0,5.6,0.0,5.6,2,0.5,0.0,0.0,0.0,0.0,0.0,0.0,273.822
5760_dose_600_gradient_0_VconcST_0_Vconc_5.6_run_2.csv,5760.0,600.0,0,5.6,0.0,5.6,2,0.75,0.0,0.0,0.0,0.0,0.0,0.0,10000.0
5760_dose_600_gradient_0_VconcST_0_Vconc_5.6_run_2.csv,5760.0,600.0,0,5.6,0.0,5.6,2,1.0,0.0,0.0,0.0,0.0,0.0,0.0,258.675
5760_dose_600_gradient_0_VconcST_0_Vconc_5.6_run_2.csv,5760.0,600.0,0,5.6,0.0,5.6,2,1.25,0.0,0.0,0.0,0.0,0.0,0.0,10000.0
5760_dose_600_gradient_0_VconcST_0_Vconc_5.6_run_2.csv,5760.0,600.0,0,5.6,0.0,5.6,2,1.5,0.0,0.0,0.0,0.0,0.0,0.0,239.007
5760_dose_600_gradient_0_VconcST_0_Vconc_5.6_run_2.csv,5760.0,600.0,0,5.6,0.0,5.6,2,1.75,0.0,0.0,0.0,0.0,0.0,0.0,10000.0
5760_dose_600_gradient_0_VconcST_0_Vconc_5.6_run_2.csv,5760.0,600.0,0,5.6,0.0,5.6,2,2.0,0.0,0.0,0.0,0.0,0.0,0.0,224.779
5760_dose_600_gradient_0_VconcST_0_Vconc_5.6_run_2.csv,5760.0,600.0,0,5.6,0.0,5.6,2,2.25,0.0,0.0,0.0,0.0,0.0,0.0,10000.0
5760_dose_600_gradient_0_VconcST_0_Vconc_5.6_run_2.csv,5760.0,600.0,0,5.6,0.0,5.6,2,2.5,0.0,0.0,0.0,0.0,0.0,0.0,221.724
5760_dose_600_gradient_0_VconcST_0_Vconc_5.6_run_2.csv,5760.0,600.0,0,5.6,0.0,5.6,2,2.75,0.0,0.0,0.0,0.0,0.0,0.0,10000.0
5760_dose_600_gradient_0_VconcST_0_Vconc_5.6_run_2.csv,5760.0,600.0,0,5.6,0.0,5.6,2,3.0,0.0,0.0,0.0,0.0,0.0,0.0,216.817
5760_dose_600_gradient_0_VconcST_0_Vconc_5.6_run_2.csv,5760.0,600.0,0,5.6,0.0,5.6,2,3.25,0.0,0.0,0.0,0.0,0.0,0.0,10000.0
5760_dose_600_gradient_0_VconcST_0_Vconc_5.6_run_2.csv,5760.0,600.0,0,5.6,0.0,5.6,2,3.5,0.0,0.0,0.0,0.0,0.0,0.0,221.656
5760_dose_600_gradient_0_VconcST_0_Vconc_5.6_run_2.csv,5760.0,600.0,0,5.6,0.0,5.6,2,3.75,0.0,0.0,0.0,0.0,0.0,0.0,10000.0
5760_dose_600_gradient_0_VconcST_0_Vconc_5.6_run_2.csv,5760.0,600.0,0,5.6,0.0,5.6,2,4.0,0.0,0.0,0.0,0.0,0.0,0.0,4426.84
5760_dose_600_gradient_0_VconcST_0_Vconc_5.6_run_2.csv,5760.0,600.0,0,5.6,0.0,5.6,2,4.25,0.0,0.0,0.0,0.0,0.0,0.0,680.433
5760_dose_600_gradient_0_VconcST_0_Vconc_5.6_run_2.csv,5760.0,600.0,0,5.6,0.0,5.6,2,4.5,0.0,0.0,0.0,0.0,0.0,0.0,9166.8
5760_dose_600_gradient_0_VconcST_0_Vconc_5.6_run_2.csv,5760.0,600.0,0,5.6,0.0,5.6,2,4.75,0.0,0.0,0.0,0.0,0.0,0.0,670.253
5760_dose_600_gradient_0_VconcST_0_Vconc_5.6_run_2.csv,5760.0,600.0,0,5.6,0.0,5.6,2,5.0,0.0,0.0,0.0,0.0,0.0,0.0,10000.0
5760_dose_600_gradient_0_VconcST_0_Vconc_5.6_run_2.csv,5760.0,600.0,0,5.6,0.0,5.6,2,5.25,0.0,0.0,0.0,0.0,0.0,0.0,668.037
5760_dose_600_gradient_0_VconcST_0_Vconc_5.6_run_2.csv,5760.0,600.0,0,5.6,0.0,5.6,2,5.5,0.0,0.0,0.0,0.0,0.0,0.0,10000.0
5760_dose_600_gradient_0_VconcST_0_Vconc_5.6_run_2.csv,5760.0,600.0,0,5.6,0.0,5.6,2,5.75,0.0,0.0,0.0,0.0,0.0,0.0,641.771
5760_dose_600_gradient_0_VconcST_0_Vconc_5.6_run_2.csv,5760.0,600.0,0,5.6,0.0,5.6,2,6.0,0.0,0.0,0.0,0.0,0.0,0.0,10000.0
5760_dose_600_gradient_0_VconcST_0_Vconc_5.6_run_2.csv,5760.0,600.0,0,5.6,0.0,5.6,2,6.25,0.0,0.0,0.0,0.0,0.0,0.0,474.403
5760_dose_600_gradient_0_VconcST_0_Vconc_5.6_run_2.csv,5760.0,600.0,0,5.6,0.0,5.6,2,6.5,0.0,0.0,0.0,0.0,0.0,0.0,10000.0
5760_dose_600_gradient_0_VconcST_0_Vconc_5.6_run_2.csv,5760.0,600.0,0,5.6,0.0,5.6,2,6.75,0.0,0.0,0.0,0.0,0.0,0.0,391.179
5760_dose_600_gradient_0_VconcST_0_Vconc_5.6_run_2.csv,5760.0,600.0,0,5.6,0.0,5.6,2,7.0,0.0,0.0,0.0,0.0,0.0,0.0,10000.0
5760_dose_600_gradient_0_VconcST_0_Vconc_5.6_run_2.csv,5760.0,600.0,0,5.6,0.0,5.6,2,7.25,0.0,0.0,0.0,0.0,0.0,0.0,306.529
5760_dose_600_gradient_0_VconcST_0_Vconc_5.6_run_2.csv,5760.0,600.0,0,5.6,0.0,5.6,2,7.5,0.0,0.0,0.0,0.0,0.0,0.0,10000.0
5760_dose_600_gradient_0_VconcST_0_Vconc_5.6_run_2.csv,5760.0,600.0,0,5.6,0.0,5.6,2,7.75,0.0,0.0,0.0,0.0,0.0,0.0,323.508
5760_dose_600_gradient_0_VconcST_0_Vconc_5.6_run_2.csv,5760.0,600.0,0,5.6,0.0,5.6,2,8.0,0.0,0.0,0.0,0.0,0.0,0.0,10000.0
5760_dose_600_gradient_0_VconcST_0_Vconc_5.6_run_2.csv,5760.0,600.0,0,5.6,0.0,5.6,2,8.25,0.0,0.0,0.0,0.0,0.0,0.0,275.154
5760_dose_600_gradient_0_VconcST_0_Vconc_5.6_run_2.csv,5760.0,600.0,0,5.6,0.0,5.6,2,8.5,0.0,0.0,0.0,0.0,0.0,0.0,10000.0
5760_dose_600_gradient_0_VconcST_0_Vconc_5.6_run_2.csv,5760.0,600.0,0,5.6,0.0,5.6,2,8.75,0.0,0.0,0.0,0.0,0.0,0.0,232.822
5760_dose_600_gradient_0_VconcST_0_Vconc_5.6_run_2.csv,5760.0,600.0,0,5.6,0.0,5.6,2,9.0,0.0,0.0,0.0,0.0,0.0,0.0,10000.0
5760_dose_600_gradient_0_VconcST_0_Vconc_5.6_run_2.csv,5760.0,600.0,0,5.6,0.0,5.6,2,9.25,0.0,0.0,0.0,0.0,0.0,0.0,233.762
5760_dose_600_gradient_0_VconcST_0_Vconc_5.6_run_2.csv,5760.0,600.0,0,5.6,0.0,5.6,2,9.5,0.0,0.0,0.0,0.0,0.0,0.0,10000.0
5760_dose_600_gradient_0_VconcST_0_Vconc_5.6_run_2.csv,5760.0,600.0,0,5.6,0.0,5.6,2,9.75,0.0,0.0,0.0,0.0,0.0,0.0,220.284
5760_dose_600_gradient_0_VconcST_0_Vconc_5.6_run_2.csv,5760.0,600.0,0,5.6,0.0,5.6,2,10.0,0.0,0.0,0.0,0.0,0.0,0.0,10000.0
5760_dose_600_gradient_0_VconcST_0_Vconc_5.6_run_2.csv,5760.0,600.0,0,5.6,0.0,5.6,2,10.25,0.0,0.0,0.0,0.0,0.0,0.0,213.322
5760_dose_600_gradient_0_VconcST_0_Vconc_5.6_run_2.csv,5760.0,600.0,0,5.6,0.0,5.6,2,10.5,0.0,0.0,0.0,0.0,0.0,0.0,10000.0
5760_dose_600_gradient_0_VconcST_0_Vconc_5.6_run_2.csv,5760.0,600.0,0,5.6,0.0,5.6,2,10.75,0.0,0.0,0.0,0.0,0.0,0.0,220.818
5760_dose_600_gradient_0_VconcST_0_Vconc_5.6_run_2.csv,5760.0,600.0,0,5.6,0.0,5.6,2,11.0,0.0,0.0,0.0,0.0,0.0,0.0,10000.0
5760_dose_600_gradient_0_VconcST_0_Vconc_5.6_run_2.csv,5760.0,600.0,0,5.6,0.0,5.6,2,11.25,0.0,0.0,0.0,0.0,0.0,0.0,1702.31
5760_dose_600_gradient_0_VconcST_0_Vconc_5.6_run_2.csv,5760.0,600.0,0,5.6,0.0,5.6,2,11.5,0.0,0.0,0.0,0.0,0.0,0.0,1078.63
5760_dose_600_gradient_0_VconcST_0_Vconc_5.6_run_2.csv,5760.0,600.0,0,5.6,0.0,5.6,2,11.75,0.0,0.0,0.0,0.0,0.0,0.0,8817.82
5760_dose_600_gradient_0_VconcST_0_Vconc_5.6_run_2.csv,5760.0,600.0,0,5.6,0.0,5.6,2,12.0,0.0,0.0,0.0,0.0,0.0,0.0,687.226
5760_dose_600_gradient_0_VconcST_0_Vconc_5.6_run_2.csv,5760.0,600.0,0,5.6,0.0,5.6,2,12.25,0.0,0.0,0.0,0.0,0.0,0.0,10000.0
5760_dose_600_gradient_0_VconcST_0_Vconc_5.6_run_2.csv,5760.0,600.0,0,5.6,0.0,5.6,2,12.5,0.0,0.0,0.0,0.0,0.0,0.0,682.771
5760_dose_600_gradient_0_VconcST_0_Vconc_5.6_run_2.csv,5760.0,600.0,0,5.6,0.0,5.6,2,12.75,0.0,0.0,0.0,0.0,0.0,0.0,10000.0
5760_dose_600_gradient_0_VconcST_0_Vconc_5.6_run_2.csv,5760.0,600.0,0,5.6,0.0,5.6,2,13.0,0.0,0.0,0.0,0.0,0.0,0.0,657.391
5760_dose_600_gradient_0_VconcST_0_Vconc_5.6_run_2.csv,5760.0,600.0,0,5.6,0.0,5.6,2,13.25,0.0,0.0,0.0,0.0,0.0,0.0,10000.0
5760_dose_600_gradient_0_VconcST_0_Vconc_5.6_run_2.csv,5760.0,600.0,0,5.6,0.0,5.6,2,13.5,0.0,0.0,0.0,0.0,0.0,0.0,523.109
5760_dose_600_gradient_0_VconcST_0_Vconc_5.6_run_2.csv,5760.0,600.0,0,5.6,0.0,5.6,2,13.75,0.0,0.0,0.0,0.0,0.0,0.0,10000.0
5760_dose_600_gradient_0_VconcST_0_Vconc_5.6_run_2.csv,5760.0,600.0,0,5.6,0.0,5.6,2,14.0,0.0,0.0,0.0,0.0,0.0,0.0,409.273
5760_dose_600_gradient_0_VconcST_0_Vconc_5.6_run_2.csv,5760.0,600.0,0,5.6,0.0,5.6,2,14.25,0.0,0.0,0.0,0.0,0.0,0.0,10000.0
5760_dose_600_gradient_0_VconcST_0_Vconc_5.6_run_2.csv,5760.0,600.0,0,5.6,0.0,5.6,2,14.5,0.0,0.0,0.0,0.0,0.0,0.0,345.765
5760_dose_600_gradient_0_VconcST_0_Vconc_5.6_run_2.csv,5760.0,600.0,0,5.6,0.0,5.6,2,14.75,0.0,0.0,0.0,0.0,0.0,0.0,10000.0
5760_dose_600_gradient_0_VconcST_0_Vconc_5.6_run_2.csv,5760.0,600.0,0,5.6,0.0,5.6,2,15.0,0.0,0.0,0.0,0.0,0.0,0.0,283.211
5760_dose_600_gradient_0_VconcST_0_Vconc_5.6_run_2.csv,5760.0,600.0,0,5.6,0.0,5.6,2,15.25,0.0,0.0,0.0,0.0,0.0,0.0,10000.0
5760_dose_600_gradient_0_VconcST_0_Vconc_5.6_run_2.csv,5760.0,600.0,0,5.6,0.0,5.6,2,15.5,0.0,0.0,0.0,0.0,0.0,0.0,269.571
5760_dose_600_gradient_0_VconcST_0_Vconc_5.6_run_2.csv,5760.0,600.0,0,5.6,0.0,5.6,2,15.75,0.0,0.0,0.0,0.0,0.0,0.0,10000.0
5760_dose_600_gradient_0_VconcST_0_Vconc_5.6_run_2.csv,5760.0,600.0,0,5.6,0.0,5.6,2,16.0,0.0,0.0,0.0,0.0,0.0,0.0,236.012
5760_dose_600_gradient_0_VconcST_0_Vconc_5.6_run_2.csv,5760.0,600.0,0,5.6,0.0,5.6,2,16.25,0.0,0.0,0.0,0.0,0.0,0.0,10000.0
5760_dose_600_gradient_0_VconcST_0_Vconc_5.6_run_2.csv,5760.0,600.0,0,5.6,0.0,5.6,2,16.5,0.0,0.0,0.0,0.0,0.0,0.0,233.484
5760_dose_600_gradient_0_VconcST_0_Vconc_5.6_run_2.csv,5760.0,600.0,0,5.6,0.0,5.6,2,16.75,0.0,0.0,0.0,0.0,0.0,0.0,10000.0
5760_dose_600_gradient_0_VconcST_0_Vconc_5.6_run_2.csv,5760.0,600.0,0,5.6,0.0,5.6,2,17.0,0.0,0.0,0.0,0.0,0.00094401,0.0,232.579
5760_dose_600_gradient_0_VconcST_0_Vconc_5.6_run_2.csv,5760.0,600.0,0,5.6,0.0,5.6,2,17.25,0.0,0.0,0.0,0.0,0.0,0.0,10000.0
5760_dose_600_gradient_0_VconcST_0_Vconc_5.6_run_2.csv,5760.0,600.0,0,5.6,0.0,5.6,2,17.5,0.0,0.0,0.0,0.0,0.0,0.0,225.786
5760_dose_600_gradient_0_VconcST_0_Vconc_5.6_run_2.csv,5760.0,600.0,0,5.6,0.0,5.6,2,17.75,0.0,0.0,0.0,0.0,0.0,0.0,10000.0
5760_dose_600_gradient_0_VconcST_0_Vconc_5.6_run_2.csv,5760.0,600.0,0,5.6,0.0,5.6,2,18.0,0.0,0.0,0.0,0.0,0.0,0.0,221.311
5760_dose_600_gradient_0_VconcST_0_Vconc_5.6_run_2.csv,5760.0,600.0,0,5.6,0.0,5.6,2,18.25,0.0,0.0,0.0,0.0,0.0,0.0,10000.0
5760_dose_600_gradient_0_VconcST_0_Vconc_5.6_run_2.csv,5760.0,600.0,0,5.6,0.0,5.6,2,18.5,0.0,0.0,0.0,0.0,0.0,0.0,227.496
5760_dose_600_gradient_0_VconcST_0_Vconc_5.6_run_2.csv,5760.0,600.0,0,5.6,0.0,5.6,2,18.75,0.0,0.0,0.0,0.0,0.0,0.0,5765.08
5760_dose_600_gradient_0_VconcST_0_Vconc_5.6_run_2.csv,5760.0,600.0,0,5.6,0.0,5.6,2,19.0,0.0,0.0,0.0,0.0,0.0,0.0,5043.09
5760_dose_600_gradient_0_VconcST_0_Vconc_5.6_run_2.csv,5760.0,600.0,0,5.6,0.0,5.6,2,19.25,0.0,0.0,0.0,0.0,0.0,0.0,670.314
5760_dose_600_gradient_0_VconcST_0_Vconc_5.6_run_2.csv,5760.0,600.0,0,5.6,0.0,5.6,2,19.5,0.0,0.0,0.0,0.0,0.0,0.0,9887.38
5760_dose_600_gradient_0_VconcST_0_Vconc_5.6_run_2.csv,5760.0,600.0,0,5.6,0.0,5.6,2,19.75,0.0,0.0,0.0,0.0,0.0,0.0,677.959
5760_dose_600_gradient_0_VconcST_0_Vconc_5.6_run_2.csv,5760.0,600.0,0,5.6,0.0,5.6,2,20.0,0.0,0.0,0.0,0.0,0.0,0.0,10000.0
5760_dose_600_gradient_0_VconcST_0_Vconc_5.6_run_2.csv,5760.0,600.0,0,5.6,0.0,5.6,2,20.25,0.0,0.0,0.0,0.0,0.0,0.0,682.055
5760_dose_600_gradient_0_VconcST_0_Vconc_5.6_run_2.csv,5760.0,600.0,0,5.6,0.0,5.6,2,20.5,0.0,0.0,0.0,0.0,0.0,0.0,10000.0
5760_dose_600_gradient_0_VconcST_0_Vconc_5.6_run_2.csv,5760.0,600.0,0,5.6,0.0,5.6,2,20.75,0.0,0.0,0.0,0.0,0.0,0.0,628.463
5760_dose_600_gradient_0_VconcST_0_Vconc_5.6_run_2.csv,5760.0,600.0,0,5.6,0.0,5.6,2,21.0,0.0,0.0,0.0,0.0,0.0,0.0,10000.0
5760_dose_600_gradient_0_VconcST_0_Vconc_5.6_run_2.csv,5760.0,600.0,0,5.6,0.0,5.6,2,21.25,0.0,0.0,0.0,0.0,0.0,0.0,423.636
5760_dose_600_gradient_0_VconcST_0_Vconc_5.6_run_2.csv,5760.0,600.0,0,5.6,0.0,5.6,2,21.5,0.0,0.0,0.0,0.0,0.0,0.0,10000.0
5760_dose_600_gradient_0_VconcST_0_Vconc_5.6_run_2.csv,5760.0,600.0,0,5.6,0.0,5.6,2,21.75,0.0,0.0,0.0,0.0,0.0,0.0,353.964
5760_dose_600_gradient_0_VconcST_0_Vconc_5.6_run_2.csv,5760.0,600.0,0,5.6,0.0,5.6,2,22.0,0.0,0.0,0.0,0.0,0.0,0.0,10000.0
5760_dose_600_gradient_0_VconcST_0_Vconc_5.6_run_2.csv,5760.0,600.0,0,5.6,0.0,5.6,2,22.25,0.0,0.0,0.0,0.0,0.0,0.0,335.654
5760_dose_600_gradient_0_VconcST_0_Vconc_5.6_run_2.csv,5760.0,600.0,0,5.6,0.0,5.6,2,22.5,0.0,0.0,0.0,0.0,0.0,0.0,10000.0
5760_dose_600_gradient_0_VconcST_0_Vconc_5.6_run_2.csv,5760.0,600.0,0,5.6,0.0,5.6,2,22.75,0.0,0.0,0.0,0.0,0.0,0.0,294.417
5760_dose_600_gradient_0_VconcST_0_Vconc_5.6_run_2.csv,5760.0,600.0,0,5.6,0.0,5.6,2,23.0,0.0,0.0,0.0,0.0,0.0,0.0,10000.0
5760_dose_600_gradient_0_VconcST_0_Vconc_5.6_run_2.csv,5760.0,600.0,0,5.6,0.0,5.6,2,23.25,0.0,0.0,0.0,0.0,0.0,0.0,252.234
5760_dose_600_gradient_0_VconcST_0_Vconc_5.6_run_2.csv,5760.0,600.0,0,5.6,0.0,5.6,2,23.5,0.0,0.0,0.0,0.0,0.0,0.0,10000.0
5760_dose_600_gradient_0_VconcST_0_Vconc_5.6_run_2.csv,5760.0,600.0,0,5.6,0.0,5.6,2,23.75,0.0,0.0,0.0,0.0,0.0,0.0,238.31
5760_dose_600_gradient_0_VconcST_0_Vconc_5.6_run_2.csv,5760.0,600.0,0,5.6,0.0,5.6,2,24.0,46.7175,600.0,0.018195,46.7175,0.0,0.0,10000.0
5760_dose_600_gradient_0_VconcST_0_Vconc_5.6_run_2.csv,5760.0,600.0,0,5.6,0.0,5.6,2,24.25,2816.07,588.109,1.09677,2816.07,0.0,0.999928,0.0259008
5760_dose_600_gradient_0_VconcST_0_Vconc_5.6_run_2.csv,5760.0,600.0,0,5.6,0.0,5.6,2,24.5,5520.02,576.453,2.14988,5520.02,0.0,0.999963,0.420765
5760_dose_600_gradient_0_VconcST_0_Vconc_5.6_run_2.csv,5760.0,600.0,0,5.6,0.0,5.6,2,24.75,8159.93,565.029,3.17804,8159.93,0.0,0.999975,0.257885
5760_dose_600_gradient_0_VconcST_0_Vconc_5.6_run_2.csv,5760.0,600.0,0,5.6,0.0,5.6,2,25.0,10737.1,553.83,4.18176,10737.1,0.0,0.999981,0.18713
5760_dose_600_gradient_0_VconcST_0_Vconc_5.6_run_2.csv,5760.0,600.0,0,5.6,0.0,5.6,2,25.25,13252.8,542.853,5.16155,13252.8,0.0,0.999985,0.147359
5760_dose_600_gradient_0_VconcST_0_Vconc_5.6_run_2.csv,5760.0,600.0,0,5.6,0.0,5.6,2,25.5,15708.3,532.094,6.11789,15708.3,0.0,0.999987,0.122155
5760_dose_600_gradient_0_VconcST_0_Vconc_5.6_run_2.csv,5760.0,600.0,0,5.6,0.0,5.6,2,25.75,18104.8,521.549,7.05126,18104.8,0.0,0.999989,0.104093
5760_dose_600_gradient_0_VconcST_0_Vconc_5.6_run_2.csv,5760.0,600.0,0,5.6,0.0,5.6,2,26.0,20443.6,511.213,7.96213,20443.6,0.0,0.99999,0.0912934
5760_dose_600_gradient_0_VconcST_0_Vconc_5.6_run_2.csv,5760.0,600.0,0,5.6,0.0,5.6,2,26.25,22725.7,501.081,8.85097,22725.7,0.0,0.999991,0.0817953
5760_dose_600_gradient_0_VconcST_0_Vconc_5.6_run_2.csv,5760.0,600.0,0,5.6,0.0,5.6,2,26.5,24952.5,491.15,9.71822,24952.5,0.0,0.999992,0.07388
5760_dose_600_gradient_0_VconcST_0_Vconc_5.6_run_2.csv,5760.0,600.0,0,5.6,0.0,5.6,2,26.75,27124.9,481.416,10.5643,27124.9,0.0,0.999993,0.0675475
5760_dose_600_gradient_0_VconcST_0_Vconc_5.6_run_2.csv,5760.0,600.0,0,5.6,0.0,5.6,2,27.0,29244.3,471.875,11.3897,29244.3,0.0,0.999993,0.0622707
5760_dose_600_gradient_0_VconcST_0_Vconc_5.6_run_2.csv,5760.0,600.0,0,5.6,0.0,5.6,2,27.25,31311.5,462.523,12.1949,31311.5,0.0,0.999994,0.0580897
5760_dose_600_gradient_0_VconcST_0_Vconc_5.6_run_2.csv,5760.0,600.0,0,5.6,0.0,5.6,2,27.5,33327.7,453.356,12.9801,33327.7,0.0,0.999994,0.0543931
5760_dose_600_gradient_0_VconcST_0_Vconc_5.6_run_2.csv,5760.0,600.0,0,5.6,0.0,5.6,2,27.75,35294.0,444.371,13.7459,35294.0,0.0,0.999994,0.0513023
5760_dose_600_gradient_0_VconcST_0_Vconc_5.6_run_2.csv,5760.0,600.0,0,5.6,0.0,5.6,2,28.0,37211.3,435.564,14.4926,37211.3,0.0,0.999995,0.0486288
5760_dose_600_gradient_0_VconcST_0_Vconc_5.6_run_2.csv,5760.0,600.0,0,5.6,0.0,5.6,2,28.25,39080.7,426.932,15.2207,39080.7,0.0,0.999995,0.0466402
5760_dose_600_gradient_0_VconcST_0_Vconc_5.6_run_2.csv,5760.0,600.0,0,5.6,0.0,5.6,2,28.5,40903.2,418.471,15.9305,40903.2,0.0,0.999995,0.0438411
5760_dose_600_gradient_0_VconcST_0_Vconc_5.6_run_2.csv,5760.0,600.0,0,5.6,0.0,5.6,2,28.75,42679.7,410.177,16.6224,42679.7,0.0,0.999995,0.0422817
5760_dose_600_gradient_0_VconcST_0_Vconc_5.6_run_2.csv,5760.0,600.0,0,5.6,0.0,5.6,2,29.0,44411.2,402.048,17.2968,44411.2,0.0,0.999996,0.0406345
5760_dose_600_gradient_0_VconcST_0_Vconc_5.6_run_2.csv,5760.0,600.0,0,5.6,0.0,5.6,2,29.25,46098.6,394.08,17.954,46098.6,0.0,0.999996,0.0391339
5760_dose_600_gradient_0_VconcST_0_Vconc_5.6_run_2.csv,5760.0,600.0,0,5.6,0.0,5.6,2,29.5,47742.8,386.27,18.5943,47742.8,0.0,0.999996,0.0375133
5760_dose_600_gradient_0_VconcST_0_Vconc_5.6_run_2.csv,5760.0,600.0,0,5.6,0.0,5.6,2,29.75,49344.8,378.614,19.2183,49344.8,0.0,0.999996,0.0365012
5760_dose_600_gradient_0_VconcST_0_Vconc_5.6_run_2.csv,5760.0,600.0,0,5.6,0.0,5.6,2,30.0,50905.4,371.11,19.8261,50905.4,0.0,0.999996,0.0355302
5760_dose_600_gradient_0_VconcST_0_Vconc_5.6_run_2.csv,5760.0,600.0,0,5.6,0.0,5.6,2,30.25,52425.4,363.755,20.4181,52425.4,0.0,0.999996,0.0343601
5760_dose_600_gradient_0_VconcST_0_Vconc_5.6_run_2.csv,5760.0,600.0,0,5.6,0.0,5.6,2,30.5,53905.6,356.546,20.9946,53905.6,0.0,0.999996,0.033311
5760_dose_600_gradient_0_VconcST_0_Vconc_5.6_run_2.csv,5760.0,600.0,0,5.6,0.0,5.6,2,30.75,55347.0,349.48,21.5559,55347.0,0.0,0.999996,0.0321912
5760_dose_600_gradient_0_VconcST_0_Vconc_5.6_run_2.csv,5760.0,600.0,0,5.6,0.0,5.6,2,31.0,56750.3,342.554,22.1025,56750.3,0.0,0.999996,0.0317116
5760_dose_600_gradient_0_VconcST_0_Vconc_5.6_run_2.csv,5760.0,600.0,0,5.6,0.0,5.6,2,31.25,58116.3,335.765,22.6345,58116.3,0.0,0.999997,0.0306459
5760_dose_600_gradient_0_VconcST_0_Vconc_5.6_run_2.csv,5760.0,600.0,0,5.6,0.0,5.6,2,31.5,59445.8,329.11,23.1523,59445.8,0.0,0.999997,0.0301682
5760_dose_600_gradient_0_VconcST_0_Vconc_5.6_run_2.csv,5760.0,600.0,0,5.6,0.0,5.6,2,31.75,60739.5,322.588,23.6562,60739.5,0.0,0.999997,0.0296024
5760_dose_600_gradient_0_VconcST_0_Vconc_5.6_run_2.csv,5760.0,600.0,0,5.6,0.0,5.6,2,32.0,61998.2,316.194,24.1464,61998.2,0.0,0.999997,0.0285231
5760_dose_600_gradient_0_VconcST_0_Vconc_5.6_run_2.csv,5760.0,600.0,0,5.6,0.0,5.6,2,32.25,63222.6,309.928,24.6233,63222.6,0.0,0.999997,0.0280541
5760_dose_600_gradient_0_VconcST_0_Vconc_5.6_run_2.csv,5760.0,600.0,0,5.6,0.0,5.6,2,32.5,64413.5,303.785,25.0871,64413.5,0.0,0.999997,0.0274419
5760_dose_600_gradient_0_VconcST_0_Vconc_5.6_run_2.csv,5760.0,600.0,0,5.6,0.0,5.6,2,32.75,65571.4,297.765,25.538,65571.4,0.0,0.999997,0.0269386
5760_dose_600_gradient_0_VconcST_0_Vconc_5.6_run_2.csv,5760.0,600.0,0,5.6,0.0,5.6,2,33.0,66697.3,291.863,25.9765,66697.3,0.0,0.999997,0.0274949
5760_dose_600_gradient_0_VconcST_0_Vconc_5.6_run_2.csv,5760.0,600.0,0,5.6,0.0,5.6,2,33.25,67791.5,286.079,26.4027,67791.5,0.0,0.999997,0.0269141
5760_dose_600_gradient_0_VconcST_0_Vconc_5.6_run_2.csv,5760.0,600.0,0,5.6,0.0,5.6,2,33.5,68855.0,280.409,26.8169,68855.0,0.0,0.999997,0.0264124
5760_dose_600_gradient_0_VconcST_0_Vconc_5.6_run_2.csv,5760.0,600.0,0,5.6,0.0,5.6,2,33.75,69888.3,274.852,27.2193,69888.3,0.0,0.999997,0.0258713
5760_dose_600_gradient_0_VconcST_0_Vconc_5.6_run_2.csv,5760.0,600.0,0,5.6,0.0,5.6,2,34.0,70892.0,269.405,27.6102,70892.0,0.0,0.999997,0.0253621
5760_dose_600_gradient_0_VconcST_0_Vconc_5.6_run_2.csv,5760.0,600.0,0,5.6,0.0,5.6,2,34.25,71866.7,264.066,27.9898,71866.7,0.0,0.999997,0.0253612
5760_dose_600_gradient_0_VconcST_0_Vconc_5.6_run_2.csv,5760.0,600.0,0,5.6,0.0,5.6,2,34.5,72813.1,258.832,28.3584,72813.1,0.0,0.999997,0.0248503
5760_dose_600_gradient_0_VconcST_0_Vconc_5.6_run_2.csv,5760.0,600.0,0,5.6,0.0,5.6,2,34.75,73731.7,253.702,28.7162,73731.7,0.0,0.999997,0.0242755
5760_dose_600_gradient_0_VconcST_0_Vconc_5.6_run_2.csv,5760.0,600.0,0,5.6,0.0,5.6,2,35.0,74623.2,248.674,29.0634,74623.2,0.0,0.999997,0.0242755
5760_dose_600_gradient_0_VconcST_0_Vconc_5.6_run_2.csv,5760.0,600.0,0,5.6,0.0,5.6,2,35.25,75488.1,243.746,29.4003,75488.1,0.0,0.999997,0.0237938
5760_dose_600_gradient_0_VconcST_0_Vconc_5.6_run_2.csv,5760.0,600.0,0,5.6,0.0,5.6,2,35.5,76326.9,238.915,29.727,76326.9,0.0,0.999997,0.0237621
5760_dose_600_gradient_0_VconcST_0_Vconc_5.6_run_2.csv,5760.0,600.0,0,5.6,0.0,5.6,2,35.75,77140.3,234.18,30.0437,77140.3,0.0,0.999997,0.0232526
5760_dose_600_gradient_0_VconcST_0_Vconc_5.6_run_2.csv,5760.0,600.0,0,5.6,0.0,5.6,2,36.0,77928.7,229.539,30.3508,77928.7,0.0,0.999997,0.02322
5760_dose_600_gradient_0_VconcST_0_Vconc_5.6_run_2.csv,5760.0,600.0,0,5.6,0.0,5.6,2,36.25,78692.7,224.99,30.6484,78692.7,0.0,0.999997,0.0232527
5760_dose_600_gradient_0_VconcST_0_Vconc_5.6_run_2.csv,5760.0,600.0,0,5.6,0.0,5.6,2,36.5,79432.9,220.531,30.9366,79432.9,0.0,0.999997,0.022713
5760_dose_600_gradient_0_VconcST_0_Vconc_5.6_run_2.csv,5760.0,600.0,0,5.6,0.0,5.6,2,36.75,80149.6,216.16,31.2158,80149.6,0.0,0.999997,0.0228039
5760_dose_600_gradient_0_VconcST_0_Vconc_5.6_run_2.csv,5760.0,600.0,0,5.6,0.0,5.6,2,37.0,80843.5,211.876,31.486,80843.5,0.0,0.999997,0.0222074
5760_dose_600_gradient_0_VconcST_0_Vconc_5.6_run_2.csv,5760.0,600.0,0,5.6,0.0,5.6,2,37.25,81514.9,207.677,31.7475,81514.9,0.0,0.999997,0.0221646
5760_dose_600_gradient_0_VconcST_0_Vconc_5.6_run_2.csv,5760.0,600.0,0,5.6,0.0,5.6,2,37.5,82164.5,203.561,32.0005,82164.5,0.0,0.999998,0.0221646
5760_dose_600_gradient_0_VconcST_0_Vconc_5.6_run_2.csv,5760.0,600.0,0,5.6,0.0,5.6,2,37.75,82792.5,199.527,32.2451,82792.5,0.0,0.999998,0.021671
5760_dose_600_gradient_0_VconcST_0_Vconc_5.6_run_2.csv,5760.0,600.0,0,5.6,0.0,5.6,2,38.0,83399.6,195.572,32.4815,83399.6,0.0,0.999998,0.0216474
5760_dose_600_gradient_0_VconcST_0_Vconc_5.6_run_2.csv,5760.0,600.0,0,5.6,0.0,5.6,2,38.25,83986.0,191.696,32.71,83986.0,0.0,0.999998,0.021652
5760_dose_600_gradient_0_VconcST_0_Vconc_5.6_run_2.csv,5760.0,600.0,0,5.6,0.0,5.6,2,38.5,84552.4,187.897,32.9306,84552.4,0.0,0.999998,0.0211388
5760_dose_600_gradient_0_VconcST_0_Vconc_5.6_run_2.csv,5760.0,600.0,0,5.6,0.0,5.6,2,38.75,85099.1,184.173,33.1435,85099.1,0.0,0.999998,0.0211558
5760_dose_600_gradient_0_VconcST_0_Vconc_5.6_run_2.csv,5760.0,600.0,0,5.6,0.0,5.6,2,39.0,85626.6,180.523,33.3489,85626.6,0.0,0.999998,0.021141
5760_dose_600_gradient_0_VconcST_0_Vconc_5.6_run_2.csv,5760.0,600.0,0,5.6,0.0,5.6,2,39.25,86135.1,176.945,33.547,86135.1,0.0,0.999998,0.0211299
5760_dose_600_gradient_0_VconcST_0_Vconc_5.6_run_2.csv,5760.0,600.0,0,5.6,0.0,5.6,2,39.5,86625.3,173.438,33.7379,86625.3,0.0,0.999998,0.0206443
5760_dose_600_gradient_0_VconcST_0_Vconc_5.6_run_2.csv,5760.0,600.0,0,5.6,0.0,5.6,2,39.75,87097.4,170.001,33.9217,87097.4,0.0,0.999998,0.0206154
5760_dose_600_gradient_0_VconcST_0_Vconc_5.6_run_2.csv,5760.0,600.0,0,5.6,0.0,5.6,2,40.0,87551.8,166.632,34.0987,87551.8,0.0,0.999998,0.0205814
5760_dose_600_gradient_0_VconcST_0_Vconc_5.6_run_2.csv,5760.0,600.0,0,5.6,0.0,5.6,2,40.25,87989.0,163.329,34.269,87989.0,0.0,0.999998,0.0206523
5760_dose_600_gradient_0_VconcST_0_Vconc_5.6_run_2.csv,5760.0,600.0,0,5.6,0.0,5.6,2,40.5,88409.3,160.092,34.4327,88409.3,0.0,0.999998,0.0206653
5760_dose_600_gradient_0_VconcST_0_Vconc_5.6_run_2.csv,5760.0,600.0,0,5.6,0.0,5.6,2,40.75,88813.0,156.919,34.5899,88813.0,0.0,0.999998,0.0201284
5760_dose_600_gradient_0_VconcST_0_Vconc_5.6_run_2.csv,5760.0,600.0,0,5.6,0.0,5.6,2,41.0,89200.5,153.809,34.7408,89200.5,0.0,0.999998,0.0200876
5760_dose_600_gradient_0_VconcST_0_Vconc_5.6_run_2.csv,5760.0,600.0,0,5.6,0.0,5.6,2,41.25,89572.2,150.761,34.8856,89572.2,0.0,0.999998,0.0201002
5760_dose_600_gradient_0_VconcST_0_Vconc_5.6_run_2.csv,5760.0,600.0,0,5.6,0.0,5.6,2,41.5,89928.5,147.773,35.0244,89928.5,0.0,0.999998,0.0200636
5760_dose_600_gradient_0_VconcST_0_Vconc_5.6_run_0.csv,5760.0,600.0,0,5.6,0.0,5.6,0,0.0,0.0,0.0,0.0,0.0,0.0,0.0,0.0
5760_dose_600_gradient_0_VconcST_0_Vconc_5.6_run_0.csv,5760.0,600.0,0,5.6,0.0,5.6,0,0.25,0.0,0.0,0.0,0.0,0.0,0.0,10000.0
5760_dose_600_gradient_0_VconcST_0_Vconc_5.6_run_0.csv,5760.0,600.0,0,5.6,0.0,5.6,0,0.5,0.0,0.0,0.0,0.0,0.0,0.0,281.568
5760_dose_600_gradient_0_VconcST_0_Vconc_5.6_run_0.csv,5760.0,600.0,0,5.6,0.0,5.6,0,0.75,0.0,0.0,0.0,0.0,0.0,0.0,10000.0
5760_dose_600_gradient_0_VconcST_0_Vconc_5.6_run_0.csv,5760.0,600.0,0,5.6,0.0,5.6,0,1.0,0.0,0.0,0.0,0.0,0.0,0.0,252.302
5760_dose_600_gradient_0_VconcST_0_Vconc_5.6_run_0.csv,5760.0,600.0,0,5.6,0.0,5.6,0,1.25,0.0,0.0,0.0,0.0,0.0,0.0,10000.0
5760_dose_600_gradient_0_VconcST_0_Vconc_5.6_run_0.csv,5760.0,600.0,0,5.6,0.0,5.6,0,1.5,0.0,0.0,0.0,0.0,0.0,0.0,238.892
5760_dose_600_gradient_0_VconcST_0_Vconc_5.6_run_0.csv,5760.0,600.0,0,5.6,0.0,5.6,0,1.75,0.0,0.0,0.0,0.0,0.0,0.0,10000.0
5760_dose_600_gradient_0_VconcST_0_Vconc_5.6_run_0.csv,5760.0,600.0,0,5.6,0.0,5.6,0,2.0,0.0,0.0,0.0,0.0,0.000225694,0.0,231.173
5760_dose_600_gradient_0_VconcST_0_Vconc_5.6_run_0.csv,5760.0,600.0,0,5.6,0.0,5.6,0,2.25,0.0,0.0,0.0,0.0,0.0,0.0,10000.0
5760_dose_600_gradient_0_VconcST_0_Vconc_5.6_run_0.csv,5760.0,600.0,0,5.6,0.0,5.6,0,2.5,0.0,0.0,0.0,0.0,0.0,0.0,218.101
5760_dose_600_gradient_0_VconcST_0_Vconc_5.6_run_0.csv,5760.0,600.0,0,5.6,0.0,5.6,0,2.75,0.0,0.0,0.0,0.0,0.0,0.0,10000.0
5760_dose_600_gradient_0_VconcST_0_Vconc_5.6_run_0.csv,5760.0,600.0,0,5.6,0.0,5.6,0,3.0,0.0,0.0,0.0,0.0,0.0,0.0,227.084
5760_dose_600_gradient_0_VconcST_0_Vconc_5.6_run_0.csv,5760.0,600.0,0,5.6,0.0,5.6,0,3.25,0.0,0.0,0.0,0.0,0.0,0.0,10000.0
5760_dose_600_gradient_0_VconcST_0_Vconc_5.6_run_0.csv,5760.0,600.0,0,5.6,0.0,5.6,0,3.5,0.0,0.0,0.0,0.0,0.0,0.0,218.222
5760_dose_600_gradient_0_VconcST_0_Vconc_5.6_run_0.csv,5760.0,600.0,0,5.6,0.0,5.6,0,3.75,0.0,0.0,0.0,0.0,0.0,0.0,10000.0
5760_dose_600_gradient_0_VconcST_0_Vconc_5.6_run_0.csv,5760.0,600.0,0,5.6,0.0,5.6,0,4.0,0.0,0.0,0.0,0.0,0.0,0.0,1172.65
5760_dose_600_gradient_0_VconcST_0_Vconc_5.6_run_0.csv,5760.0,600.0,0,5.6,0.0,5.6,0,4.25,0.0,0.0,0.0,0.0,0.0,0.0,678.817
5760_dose_600_gradient_0_VconcST_0_Vconc_5.6_run_0.csv,5760.0,600.0,0,5.6,0.0,5.6,0,4.5,0.0,0.0,0.0,0.0,0.0,0.0,8835.4
5760_dose_600_gradient_0_VconcST_0_Vconc_5.6_run_0.csv,5760.0,600.0,0,5.6,0.0,5.6,0,4.75,0.0,0.0,0.0,0.0,0.0,0.0,677.648
5760_dose_600_gradient_0_VconcST_0_Vconc_5.6_run_0.csv,5760.0,600.0,0,5.6,0.0,5.6,0,5.0,0.0,0.0,0.0,0.0,0.0,0.0,10000.0
5760_dose_600_gradient_0_VconcST_0_Vconc_5.6_run_0.csv,5760.0,600.0,0,5.6,0.0,5.6,0,5.25,0.0,0.0,0.0,0.0,0.0,0.0,671.328
5760_dose_600_gradient_0_VconcST_0_Vconc_5.6_run_0.csv,5760.0,600.0,0,5.6,0.0,5.6,0,5.5,0.0,0.0,0.0,0.0,0.0,0.0,10000.0
5760_dose_600_gradient_0_VconcST_0_Vconc_5.6_run_0.csv,5760.0,600.0,0,5.6,0.0,5.6,0,5.75,0.0,0.0,0.0,0.0,0.0,0.0,657.533
5760_dose_600_gradient_0_VconcST_0_Vconc_5.6_run_0.csv,5760.0,600.0,0,5.6,0.0,5.6,0,6.0,0.0,0.0,0.0,0.0,0.0,0.0,10000.0
5760_dose_600_gradient_0_VconcST_0_Vconc_5.6_run_0.csv,5760.0,600.0,0,5.6,0.0,5.6,0,6.25,0.0,0.0,0.0,0.0,0.0,0.0,535.222
5760_dose_600_gradient_0_VconcST_0_Vconc_5.6_run_0.csv,5760.0,600.0,0,5.6,0.0,5.6,0,6.5,0.0,0.0,0.0,0.0,0.0,0.0,10000.0
5760_dose_600_gradient_0_VconcST_0_Vconc_5.6_run_0.csv,5760.0,600.0,0,5.6,0.0,5.6,0,6.75,0.0,0.0,0.0,0.0,0.0,0.0,357.364
5760_dose_600_gradient_0_VconcST_0_Vconc_5.6_run_0.csv,5760.0,600.0,0,5.6,0.0,5.6,0,7.0,0.0,0.0,0.0,0.0,0.0,0.0,10000.0
5760_dose_600_gradient_0_VconcST_0_Vconc_5.6_run_0.csv,5760.0,600.0,0,5.6,0.0,5.6,0,7.25,0.0,0.0,0.0,0.0,0.0,0.0,323.548
5760_dose_600_gradient_0_VconcST_0_Vconc_5.6_run_0.csv,5760.0,600.0,0,5.6,0.0,5.6,0,7.5,0.0,0.0,0.0,0.0,0.0,0.0,10000.0
5760_dose_600_gradient_0_VconcST_0_Vconc_5.6_run_0.csv,5760.0,600.0,0,5.6,0.0,5.6,0,7.75,0.0,0.0,0.0,0.0,0.0,0.0,319.513
5760_dose_600_gradient_0_VconcST_0_Vconc_5.6_run_0.csv,5760.0,600.0,0,5.6,0.0,5.6,0,8.0,0.0,0.0,0.0,0.0,0.00387587,0.0,10000.0
5760_dose_600_gradient_0_VconcST_0_Vconc_5.6_run_0.csv,5760.0,600.0,0,5.6,0.0,5.6,0,8.25,0.0,0.0,0.0,0.0,0.0,0.0,264.096
5760_dose_600_gradient_0_VconcST_0_Vconc_5.6_run_0.csv,5760.0,600.0,0,5.6,0.0,5.6,0,8.5,0.0,0.0,0.0,0.0,0.0,0.0,10000.0
5760_dose_600_gradient_0_VconcST_0_Vconc_5.6_run_0.csv,5760.0,600.0,0,5.6,0.0,5.6,0,8.75,0.0,0.0,0.0,0.0,0.0,0.0,235.323
5760_dose_600_gradient_0_VconcST_0_Vconc_5.6_run_0.csv,5760.0,600.0,0,5.6,0.0,5.6,0,9.0,0.0,0.0,0.0,0.0,0.0,0.0,10000.0
5760_dose_600_gradient_0_VconcST_0_Vconc_5.6_run_0.csv,5760.0,600.0,0,5.6,0.0,5.6,0,9.25,0.0,0.0,0.0,0.0,0.00101562,0.0,221.954
5760_dose_600_gradient_0_VconcST_0_Vconc_5.6_run_0.csv,5760.0,600.0,0,5.6,0.0,5.6,0,9.5,0.0,0.0,0.0,0.0,0.0,0.0,10000.0
5760_dose_600_gradient_0_VconcST_0_Vconc_5.6_run_0.csv,5760.0,600.0,0,5.6,0.0,5.6,0,9.75,0.0,0.0,0.0,0.0,0.0,0.0,229.584
5760_dose_600_gradient_0_VconcST_0_Vconc_5.6_run_0.csv,5760.0,600.0,0,5.6,0.0,5.6,0,10.0,0.0,0.0,0.0,0.0,0.0,0.0,10000.0
5760_dose_600_gradient_0_VconcST_0_Vconc_5.6_run_0.csv,5760.0,600.0,0,5.6,0.0,5.6,0,10.25,0.0,0.0,0.0,0.0,0.0,0.0,218.723
5760_dose_600_gradient_0_VconcST_0_Vconc_5.6_run_0.csv,5760.0,600.0,0,5.6,0.0,5.6,0,10.5,0.0,0.0,0.0,0.0,0.0,0.0,10000.0
5760_dose_600_gradient_0_VconcST_0_Vconc_5.6_run_0.csv,5760.0,600.0,0,5.6,0.0,5.6,0,10.75,0.0,0.0,0.0,0.0,0.0,0.0,222.981
5760_dose_600_gradient_0_VconcST_0_Vconc_5.6_run_0.csv,5760.0,600.0,0,5.6,0.0,5.6,0,11.0,0.0,0.0,0.0,0.0,0.0,0.0,10000.0
5760_dose_600_gradient_0_VconcST_0_Vconc_5.6_run_0.csv,5760.0,600.0,0,5.6,0.0,5.6,0,11.25,0.0,0.0,0.0,0.0,0.0,0.0,213.194
5760_dose_600_gradient_0_VconcST_0_Vconc_5.6_run_0.csv,5760.0,600.0,0,5.6,0.0,5.6,0,11.5,0.0,0.0,0.0,0.0,0.0,0.0,5344.81
5760_dose_600_gradient_0_VconcST_0_Vconc_5.6_run_0.csv,5760.0,600.0,0,5.6,0.0,5.6,0,11.75,0.0,0.0,0.0,0.0,0.0,0.0,4479.24
5760_dose_600_gradient_0_VconcST_0_Vconc_5.6_run_0.csv,5760.0,600.0,0,5.6,0.0,5.6,0,12.0,0.0,0.0,0.0,0.0,0.0,0.0,679.905
5760_dose_600_gradient_0_VconcST_0_Vconc_5.6_run_0.csv,5760.0,600.0,0,5.6,0.0,5.6,0,12.25,0.0,0.0,0.0,0.0,0.0,0.0,9071.91
5760_dose_600_gradient_0_VconcST_0_Vconc_5.6_run_0.csv,5760.0,600.0,0,5.6,0.0,5.6,0,12.5,0.0,0.0,0.0,0.0,0.0,0.0,679.824
5760_dose_600_gradient_0_VconcST_0_Vconc_5.6_run_0.csv,5760.0,600.0,0,5.6,0.0,5.6,0,12.75,0.0,0.0,0.0,0.0,0.0,0.0,9918.24
5760_dose_600_gradient_0_VconcST_0_Vconc_5.6_run_0.csv,5760.0,600.0,0,5.6,0.0,5.6,0,13.0,0.0,0.0,0.0,0.0,0.0,0.0,660.852
5760_dose_600_gradient_0_VconcST_0_Vconc_5.6_run_0.csv,5760.0,600.0,0,5.6,0.0,5.6,0,13.25,0.0,0.0,0.0,0.0,0.0,0.0,10000.0
5760_dose_600_gradient_0_VconcST_0_Vconc_5.6_run_0.csv,5760.0,600.0,0,5.6,0.0,5.6,0,13.5,0.0,0.0,0.0,0.0,0.0,0.0,603.914
5760_dose_600_gradient_0_VconcST_0_Vconc_5.6_run_0.csv,5760.0,600.0,0,5.6,0.0,5.6,0,13.75,0.0,0.0,0.0,0.0,0.0,0.0,10000.0
5760_dose_600_gradient_0_VconcST_0_Vconc_5.6_run_0.csv,5760.0,600.0,0,5.6,0.0,5.6,0,14.0,0.0,0.0,0.0,0.0,0.0,0.0,475.688
5760_dose_600_gradient_0_VconcST_0_Vconc_5.6_run_0.csv,5760.0,600.0,0,5.6,0.0,5.6,0,14.25,0.0,0.0,0.0,0.0,0.0,0.0,10000.0
5760_dose_600_gradient_0_VconcST_0_Vconc_5.6_run_0.csv,5760.0,600.0,0,5.6,0.0,5.6,0,14.5,0.0,0.0,0.0,0.0,0.0,0.0,358.776
5760_dose_600_gradient_0_VconcST_0_Vconc_5.6_run_0.csv,5760.0,600.0,0,5.6,0.0,5.6,0,14.75,0.0,0.0,0.0,0.0,0.0,0.0,10000.0
5760_dose_600_gradient_0_VconcST_0_Vconc_5.6_run_0.csv,5760.0,600.0,0,5.6,0.0,5.6,0,15.0,0.0,0.0,0.0,0.0,0.0,0.0,300.446
5760_dose_600_gradient_0_VconcST_0_Vconc_5.6_run_0.csv,5760.0,600.0,0,5.6,0.0,5.6,0,15.25,0.0,0.0,0.0,0.0,0.00824653,0.0,10000.0
5760_dose_600_gradient_0_VconcST_0_Vconc_5.6_run_0.csv,5760.0,600.0,0,5.6,0.0,5.6,0,15.5,0.0,0.0,0.0,0.0,0.0,0.0,315.694
5760_dose_600_gradient_0_VconcST_0_Vconc_5.6_run_0.csv,5760.0,600.0,0,5.6,0.0,5.6,0,15.75,0.0,0.0,0.0,0.0,0.00835938,0.0,10000.0
5760_dose_600_gradient_0_VconcST_0_Vconc_5.6_run_0.csv,5760.0,600.0,0,5.6,0.0,5.6,0,16.0,0.0,0.0,0.0,0.0,0.0,0.0,260.128
5760_dose_600_gradient_0_VconcST_0_Vconc_5.6_run_0.csv,5760.0,600.0,0,5.6,0.0,5.6,0,16.25,0.0,0.0,0.0,0.0,0.0,0.0,10000.0
5760_dose_600_gradient_0_VconcST_0_Vconc_5.6_run_0.csv,5760.0,600.0,0,5.6,0.0,5.6,0,16.5,0.0,0.0,0.0,0.0,0.0,0.0,246.543
5760_dose_600_gradient_0_VconcST_0_Vconc_5.6_run_0.csv,5760.0,600.0,0,5.6,0.0,5.6,0,16.75,0.0,0.0,0.0,0.0,0.0,0.0,10000.0
5760_dose_600_gradient_0_VconcST_0_Vconc_5.6_run_0.csv,5760.0,600.0,0,5.6,0.0,5.6,0,17.0,0.0,0.0,0.0,0.0,0.00328776,0.0,225.117
5760_dose_600_gradient_0_VconcST_0_Vconc_5.6_run_0.csv,5760.0,600.0,0,5.6,0.0,5.6,0,17.25,0.0,0.0,0.0,0.0,0.0,0.0,10000.0
5760_dose_600_gradient_0_VconcST_0_Vconc_5.6_run_0.csv,5760.0,600.0,0,5.6,0.0,5.6,0,17.5,0.0,0.0,0.0,0.0,0.0,0.0,226.063
5760_dose_600_gradient_0_VconcST_0_Vconc_5.6_run_0.csv,5760.0,600.0,0,5.6,0.0,5.6,0,17.75,0.0,0.0,0.0,0.0,0.0,0.0,10000.0
5760_dose_600_gradient_0_VconcST_0_Vconc_5.6_run_0.csv,5760.0,600.0,0,5.6,0.0,5.6,0,18.0,0.0,0.0,0.0,0.0,0.0,0.0,220.291
5760_dose_600_gradient_0_VconcST_0_Vconc_5.6_run_0.csv,5760.0,600.0,0,5.6,0.0,5.6,0,18.25,0.0,0.0,0.0,0.0,0.0,0.0,10000.0
5760_dose_600_gradient_0_VconcST_0_Vconc_5.6_run_0.csv,5760.0,600.0,0,5.6,0.0,5.6,0,18.5,0.0,0.0,0.0,0.0,0.0,0.0,219.716
5760_dose_600_gradient_0_VconcST_0_Vconc_5.6_run_0.csv,5760.0,600.0,0,5.6,0.0,5.6,0,18.75,0.0,0.0,0.0,0.0,0.0,0.0,5800.48
5760_dose_600_gradient_0_VconcST_0_Vconc_5.6_run_0.csv,5760.0,600.0,0,5.6,0.0,5.6,0,19.0,0.0,0.0,0.0,0.0,0.0,0.0,4174.47
5760_dose_600_gradient_0_VconcST_0_Vconc_5.6_run_0.csv,5760.0,600.0,0,5.6,0.0,5.6,0,19.25,0.0,0.0,0.0,0.0,0.0,0.0,5337.2
5760_dose_600_gradient_0_VconcST_0_Vconc_5.6_run_0.csv,5760.0,600.0,0,5.6,0.0,5.6,0,19.5,0.0,0.0,0.0,0.0,0.0,0.0,6191.69
5760_dose_600_gradient_0_VconcST_0_Vconc_5.6_run_0.csv,5760.0,600.0,0,5.6,0.0,5.6,0,19.75,0.0,0.0,0.0,0.0,0.0,0.0,666.746
5760_dose_600_gradient_0_VconcST_0_Vconc_5.6_run_0.csv,5760.0,600.0,0,5.6,0.0,5.6,0,20.0,0.0,0.0,0.0,0.0,0.0,0.0,9531.27
5760_dose_600_gradient_0_VconcST_0_Vconc_5.6_run_0.csv,5760.0,600.0,0,5.6,0.0,5.6,0,20.25,0.0,0.0,0.0,0.0,0.0,0.0,675.911
5760_dose_600_gradient_0_VconcST_0_Vconc_5.6_run_0.csv,5760.0,600.0,0,5.6,0.0,5.6,0,20.5,0.0,0.0,0.0,0.0,0.0,0.0,10000.0
5760_dose_600_gradient_0_VconcST_0_Vconc_5.6_run_0.csv,5760.0,600.0,0,5.6,0.0,5.6,0,20.75,0.0,0.0,0.0,0.0,0.0,0.0,586.563
5760_dose_600_gradient_0_VconcST_0_Vconc_5.6_run_0.csv,5760.0,600.0,0,5.6,0.0,5.6,0,21.0,0.0,0.0,0.0,0.0,0.0,0.0,10000.0
5760_dose_600_gradient_0_VconcST_0_Vconc_5.6_run_0.csv,5760.0,600.0,0,5.6,0.0,5.6,0,21.25,0.0,0.0,0.0,0.0,0.0,0.0,526.009
5760_dose_600_gradient_0_VconcST_0_Vconc_5.6_run_0.csv,5760.0,600.0,0,5.6,0.0,5.6,0,21.5,0.0,0.0,0.0,0.0,0.0,0.0,10000.0
5760_dose_600_gradient_0_VconcST_0_Vconc_5.6_run_0.csv,5760.0,600.0,0,5.6,0.0,5.6,0,21.75,0.0,0.0,0.0,0.0,0.0,0.0,388.111
5760_dose_600_gradient_0_VconcST_0_Vconc_5.6_run_0.csv,5760.0,600.0,0,5.6,0.0,5.6,0,22.0,0.0,0.0,0.0,0.0,0.0,0.0,10000.0
5760_dose_600_gradient_0_VconcST_0_Vconc_5.6_run_0.csv,5760.0,600.0,0,5.6,0.0,5.6,0,22.25,0.0,0.0,0.0,0.0,0.0,0.0,327.719
5760_dose_600_gradient_0_VconcST_0_Vconc_5.6_run_0.csv,5760.0,600.0,0,5.6,0.0,5.6,0,22.5,0.0,0.0,0.0,0.0,0.0,0.0,10000.0
5760_dose_600_gradient_0_VconcST_0_Vconc_5.6_run_0.csv,5760.0,600.0,0,5.6,0.0,5.6,0,22.75,0.0,0.0,0.0,0.0,0.0,0.0,297.6
5760_dose_600_gradient_0_VconcST_0_Vconc_5.6_run_0.csv,5760.0,600.0,0,5.6,0.0,5.6,0,23.0,0.0,0.0,0.0,0.0,0.0058724,0.0,10000.0
5760_dose_600_gradient_0_VconcST_0_Vconc_5.6_run_0.csv,5760.0,600.0,0,5.6,0.0,5.6,0,23.25,0.0,0.0,0.0,0.0,0.0,0.0,279.919
5760_dose_600_gradient_0_VconcST_0_Vconc_5.6_run_0.csv,5760.0,600.0,0,5.6,0.0,5.6,0,23.5,0.0,0.0,0.0,0.0,0.0,0.0,10000.0
5760_dose_600_gradient_0_VconcST_0_Vconc_5.6_run_0.csv,5760.0,600.0,0,5.6,0.0,5.6,0,23.75,0.0,0.0,0.0,0.0,0.0,0.0,260.081
5760_dose_600_gradient_0_VconcST_0_Vconc_5.6_run_0.csv,5760.0,600.0,0,5.6,0.0,5.6,0,24.0,46.7175,600.0,0.018195,46.7175,0.0,0.0,10000.0
5760_dose_600_gradient_0_VconcST_0_Vconc_5.6_run_0.csv,5760.0,600.0,0,5.6,0.0,5.6,0,24.25,2816.07,588.109,1.09677,2816.07,0.0,0.999928,0.0259036
5760_dose_600_gradient_0_VconcST_0_Vconc_5.6_run_0.csv,5760.0,600.0,0,5.6,0.0,5.6,0,24.5,5520.02,576.453,2.14988,5520.02,0.0,0.999963,0.420869
5760_dose_600_gradient_0_VconcST_0_Vconc_5.6_run_0.csv,5760.0,600.0,0,5.6,0.0,5.6,0,24.75,8159.93,565.029,3.17804,8159.93,0.0,0.999975,0.257316
5760_dose_600_gradient_0_VconcST_0_Vconc_5.6_run_0.csv,5760.0,600.0,0,5.6,0.0,5.6,0,25.0,10737.1,553.83,4.18176,10737.1,0.0,0.999981,0.187714
5760_dose_600_gradient_0_VconcST_0_Vconc_5.6_run_0.csv,5760.0,600.0,0,5.6,0.0,5.6,0,25.25,13252.8,542.853,5.16155,13252.8,0.0,0.999985,0.147385
5760_dose_600_gradient_0_VconcST_0_Vconc_5.6_run_0.csv,5760.0,600.0,0,5.6,0.0,5.6,0,25.5,15708.3,532.094,6.11789,15708.3,0.0,0.999987,0.121984
5760_dose_600_gradient_0_VconcST_0_Vconc_5.6_run_0.csv,5760.0,600.0,0,5.6,0.0,5.6,0,25.75,18104.8,521.549,7.05126,18104.8,0.0,0.999989,0.103958
5760_dose_600_gradient_0_VconcST_0_Vconc_5.6_run_0.csv,5760.0,600.0,0,5.6,0.0,5.6,0,26.0,20443.6,511.213,7.96213,20443.6,0.0,0.99999,0.091441
5760_dose_600_gradient_0_VconcST_0_Vconc_5.6_run_0.csv,5760.0,600.0,0,5.6,0.0,5.6,0,26.25,22725.7,501.081,8.85097,22725.7,0.0,0.999991,0.0818384
5760_dose_600_gradient_0_VconcST_0_Vconc_5.6_run_0.csv,5760.0,600.0,0,5.6,0.0,5.6,0,26.5,24952.5,491.15,9.71822,24952.5,0.0,0.999992,0.0739969
5760_dose_600_gradient_0_VconcST_0_Vconc_5.6_run_0.csv,5760.0,600.0,0,5.6,0.0,5.6,0,26.75,27124.9,481.416,10.5643,27124.9,0.0,0.999993,0.0676234
5760_dose_600_gradient_0_VconcST_0_Vconc_5.6_run_0.csv,5760.0,600.0,0,5.6,0.0,5.6,0,27.0,29244.3,471.875,11.3897,29244.3,0.0,0.999993,0.0623822
5760_dose_600_gradient_0_VconcST_0_Vconc_5.6_run_0.csv,5760.0,600.0,0,5.6,0.0,5.6,0,27.25,31311.5,462.523,12.1949,31311.5,0.0,0.999994,0.0580897
5760_dose_600_gradient_0_VconcST_0_Vconc_5.6_run_0.csv,5760.0,600.0,0,5.6,0.0,5.6,0,27.5,33327.7,453.356,12.9801,33327.7,0.0,0.999994,0.0543817
5760_dose_600_gradient_0_VconcST_0_Vconc_5.6_run_0.csv,5760.0,600.0,0,5.6,0.0,5.6,0,27.75,35294.0,444.371,13.7459,35294.0,0.0,0.999994,0.051225
5760_dose_600_gradient_0_VconcST_0_Vconc_5.6_run_0.csv,5760.0,600.0,0,5.6,0.0,5.6,0,28.0,37211.3,435.564,14.4926,37211.3,0.0,0.999995,0.0487022
5760_dose_600_gradient_0_VconcST_0_Vconc_5.6_run_0.csv,5760.0,600.0,0,5.6,0.0,5.6,0,28.25,39080.7,426.932,15.2207,39080.7,0.0,0.999995,0.0464721
5760_dose_600_gradient_0_VconcST_0_Vconc_5.6_run_0.csv,5760.0,600.0,0,5.6,0.0,5.6,0,28.5,40903.2,418.471,15.9305,40903.2,0.0,0.999995,0.0438011
5760_dose_600_gradient_0_VconcST_0_Vconc_5.6_run_0.csv,5760.0,600.0,0,5.6,0.0,5.6,0,28.75,42679.7,410.177,16.6224,42679.7,0.0,0.999995,0.0423084
5760_dose_600_gradient_0_VconcST_0_Vconc_5.6_run_0.csv,5760.0,600.0,0,5.6,0.0,5.6,0,29.0,44411.2,402.048,17.2968,44411.2,0.0,0.999996,0.0406759
5760_dose_600_gradient_0_VconcST_0_Vconc_5.6_run_0.csv,5760.0,600.0,0,5.6,0.0,5.6,0,29.25,46098.6,394.08,17.954,46098.6,0.0,0.999996,0.0390873
5760_dose_600_gradient_0_VconcST_0_Vconc_5.6_run_0.csv,5760.0,600.0,0,5.6,0.0,5.6,0,29.5,47742.8,386.27,18.5943,47742.8,0.0,0.999996,0.0375028
5760_dose_600_gradient_0_VconcST_0_Vconc_5.6_run_0.csv,5760.0,600.0,0,5.6,0.0,5.6,0,29.75,49344.8,378.614,19.2183,49344.8,0.0,0.999996,0.0364948
5760_dose_600_gradient_0_VconcST_0_Vconc_5.6_run_0.csv,5760.0,600.0,0,5.6,0.0,5.6,0,30.0,50905.4,371.11,19.8261,50905.4,0.0,0.999996,0.0353575
5760_dose_600_gradient_0_VconcST_0_Vconc_5.6_run_0.csv,5760.0,600.0,0,5.6,0.0,5.6,0,30.25,52425.4,363.755,20.4181,52425.4,0.0,0.999996,0.0343336
5760_dose_600_gradient_0_VconcST_0_Vconc_5.6_run_0.csv,5760.0,600.0,0,5.6,0.0,5.6,0,30.5,53905.6,356.546,20.9946,53905.6,0.0,0.999996,0.03329
5760_dose_600_gradient_0_VconcST_0_Vconc_5.6_run_0.csv,5760.0,600.0,0,5.6,0.0,5.6,0,30.75,55347.0,349.48,21.5559,55347.0,0.0,0.999996,0.0321912
5760_dose_600_gradient_0_VconcST_0_Vconc_5.6_run_0.csv,5760.0,600.0,0,5.6,0.0,5.6,0,31.0,56750.3,342.554,22.1025,56750.3,0.0,0.999996,0.0317472
5760_dose_600_gradient_0_VconcST_0_Vconc_5.6_run_0.csv,5760.0,600.0,0,5.6,0.0,5.6,0,31.25,58116.3,335.765,22.6345,58116.3,0.0,0.999997,0.0306577
5760_dose_600_gradient_0_VconcST_0_Vconc_5.6_run_0.csv,5760.0,600.0,0,5.6,0.0,5.6,0,31.5,59445.8,329.11,23.1523,59445.8,0.0,0.999997,0.0301101
5760_dose_600_gradient_0_VconcST_0_Vconc_5.6_run_0.csv,5760.0,600.0,0,5.6,0.0,5.6,0,31.75,60739.5,322.588,23.6562,60739.5,0.0,0.999997,0.0295671
5760_dose_600_gradient_0_VconcST_0_Vconc_5.6_run_0.csv,5760.0,600.0,0,5.6,0.0,5.6,0,32.0,61998.2,316.194,24.1464,61998.2,0.0,0.999997,0.0285311
5760_dose_600_gradient_0_VconcST_0_Vconc_5.6_run_0.csv,5760.0,600.0,0,5.6,0.0,5.6,0,32.25,63222.6,309.928,24.6233,63222.6,0.0,0.999997,0.0280541
5760_dose_600_gradient_0_VconcST_0_Vconc_5.6_run_0.csv,5760.0,600.0,0,5.6,0.0,5.6,0,32.5,64413.5,303.785,25.0871,64413.5,0.0,0.999997,0.0274727
5760_dose_600_gradient_0_VconcST_0_Vconc_5.6_run_0.csv,5760.0,600.0,0,5.6,0.0,5.6,0,32.75,65571.4,297.765,25.538,65571.4,0.0,0.999997,0.0269717
5760_dose_600_gradient_0_VconcST_0_Vconc_5.6_run_0.csv,5760.0,600.0,0,5.6,0.0,5.6,0,33.0,66697.3,291.863,25.9765,66697.3,0.0,0.999997,0.0274419
5760_dose_600_gradient_0_VconcST_0_Vconc_5.6_run_0.csv,5760.0,600.0,0,5.6,0.0,5.6,0,33.25,67791.5,286.079,26.4027,67791.5,0.0,0.999997,0.0269141
5760_dose_600_gradient_0_VconcST_0_Vconc_5.6_run_0.csv,5760.0,600.0,0,5.6,0.0,5.6,0,33.5,68855.0,280.409,26.8169,68855.0,0.0,0.999997,0.0263865
5760_dose_600_gradient_0_VconcST_0_Vconc_5.6_run_0.csv,5760.0,600.0,0,5.6,0.0,5.6,0,33.75,69888.3,274.852,27.2193,69888.3,0.0,0.999997,0.0258713
5760_dose_600_gradient_0_VconcST_0_Vconc_5.6_run_0.csv,5760.0,600.0,0,5.6,0.0,5.6,0,34.0,70892.0,269.405,27.6102,70892.0,0.0,0.999997,0.0253612
5760_dose_600_gradient_0_VconcST_0_Vconc_5.6_run_0.csv,5760.0,600.0,0,5.6,0.0,5.6,0,34.25,71866.7,264.066,27.9898,71866.7,0.0,0.999997,0.0253514
5760_dose_600_gradient_0_VconcST_0_Vconc_5.6_run_0.csv,5760.0,600.0,0,5.6,0.0,5.6,0,34.5,72813.1,258.832,28.3584,72813.1,0.0,0.999997,0.0248581
5760_dose_600_gradient_0_VconcST_0_Vconc_5.6_run_0.csv,5760.0,600.0,0,5.6,0.0,5.6,0,34.75,73731.7,253.702,28.7162,73731.7,0.0,0.999997,0.0242755
5760_dose_600_gradient_0_VconcST_0_Vconc_5.6_run_0.csv,5760.0,600.0,0,5.6,0.0,5.6,0,35.0,74623.2,248.674,29.0634,74623.2,0.0,0.999997,0.0242755
5760_dose_600_gradient_0_VconcST_0_Vconc_5.6_run_0.csv,5760.0,600.0,0,5.6,0.0,5.6,0,35.25,75488.1,243.746,29.4003,75488.1,0.0,0.999997,0.0237621
5760_dose_600_gradient_0_VconcST_0_Vconc_5.6_run_0.csv,5760.0,600.0,0,5.6,0.0,5.6,0,35.5,76326.9,238.915,29.727,76326.9,0.0,0.999997,0.0237671
5760_dose_600_gradient_0_VconcST_0_Vconc_5.6_run_0.csv,5760.0,600.0,0,5.6,0.0,5.6,0,35.75,77140.3,234.18,30.0437,77140.3,0.0,0.999997,0.0232339
5760_dose_600_gradient_0_VconcST_0_Vconc_5.6_run_0.csv,5760.0,600.0,0,5.6,0.0,5.6,0,36.0,77928.7,229.539,30.3508,77928.7,0.0,0.999997,0.0232575
5760_dose_600_gradient_0_VconcST_0_Vconc_5.6_run_0.csv,5760.0,600.0,0,5.6,0.0,5.6,0,36.25,78692.7,224.99,30.6484,78692.7,0.0,0.999997,0.0232739
5760_dose_600_gradient_0_VconcST_0_Vconc_5.6_run_0.csv,5760.0,600.0,0,5.6,0.0,5.6,0,36.5,79432.9,220.531,30.9366,79432.9,0.0,0.999997,0.0226923
5760_dose_600_gradient_0_VconcST_0_Vconc_5.6_run_0.csv,5760.0,600.0,0,5.6,0.0,5.6,0,36.75,80149.6,216.16,31.2158,80149.6,0.0,0.999997,0.0227194
5760_dose_600_gradient_0_VconcST_0_Vconc_5.6_run_0.csv,5760.0,600.0,0,5.6,0.0,5.6,0,37.0,80843.5,211.876,31.486,80843.5,0.0,0.999997,0.0223063
5760_dose_600_gradient_0_VconcST_0_Vconc_5.6_run_0.csv,5760.0,600.0,0,5.6,0.0,5.6,0,37.25,81514.9,207.677,31.7475,81514.9,0.0,0.999997,0.0221646
5760_dose_600_gradient_0_VconcST_0_Vconc_5.6_run_0.csv,5760.0,600.0,0,5.6,0.0,5.6,0,37.5,82164.5,203.561,32.0005,82164.5,0.0,0.999998,0.0221957
5760_dose_600_gradient_0_VconcST_0_Vconc_5.6_run_0.csv,5760.0,600.0,0,5.6,0.0,5.6,0,37.75,82792.5,199.527,32.2451,82792.5,0.0,0.999998,0.0216869
5760_dose_600_gradient_0_VconcST_0_Vconc_5.6_run_0.csv,5760.0,600.0,0,5.6,0.0,5.6,0,38.0,83399.6,195.572,32.4815,83399.6,0.0,0.999998,0.0216565
5760_dose_600_gradient_0_VconcST_0_Vconc_5.6_run_0.csv,5760.0,600.0,0,5.6,0.0,5.6,0,38.25,83986.0,191.696,32.71,83986.0,0.0,0.999998,0.0216907
5760_dose_600_gradient_0_VconcST_0_Vconc_5.6_run_0.csv,5760.0,600.0,0,5.6,0.0,5.6,0,38.5,84552.4,187.897,32.9306,84552.4,0.0,0.999998,0.0211455
5760_dose_600_gradient_0_VconcST_0_Vconc_5.6_run_0.csv,5760.0,600.0,0,5.6,0.0,5.6,0,38.75,85099.1,184.173,33.1435,85099.1,0.0,0.999998,0.0211647
5760_dose_600_gradient_0_VconcST_0_Vconc_5.6_run_0.csv,5760.0,600.0,0,5.6,0.0,5.6,0,39.0,85626.6,180.523,33.3489,85626.6,0.0,0.999998,0.0211774
5760_dose_600_gradient_0_VconcST_0_Vconc_5.6_run_0.csv,5760.0,600.0,0,5.6,0.0,5.6,0,39.25,86135.1,176.945,33.547,86135.1,0.0,0.999998,0.0211469
5760_dose_600_gradient_0_VconcST_0_Vconc_5.6_run_0.csv,5760.0,600.0,0,5.6,0.0,5.6,0,39.5,86625.3,173.438,33.7379,86625.3,0.0,0.999998,0.020606
5760_dose_600_gradient_0_VconcST_0_Vconc_5.6_run_0.csv,5760.0,600.0,0,5.6,0.0,5.6,0,39.75,87097.4,170.001,33.9217,87097.4,0.0,0.999998,0.0206421
5760_dose_600_gradient_0_VconcST_0_Vconc_5.6_run_0.csv,5760.0,600.0,0,5.6,0.0,5.6,0,40.0,87551.8,166.632,34.0987,87551.8,0.0,0.999998,0.0205814
5760_dose_600_gradient_0_VconcST_0_Vconc_5.6_run_0.csv,5760.0,600.0,0,5.6,0.0,5.6,0,40.25,87989.0,163.329,34.269,87989.0,0.0,0.999998,0.0206204
5760_dose_600_gradient_0_VconcST_0_Vconc_5.6_run_0.csv,5760.0,600.0,0,5.6,0.0,5.6,0,40.5,88409.3,160.092,34.4327,88409.3,0.0,0.999998,0.0205814
5760_dose_600_gradient_0_VconcST_0_Vconc_5.6_run_0.csv,5760.0,600.0,0,5.6,0.0,5.6,0,40.75,88813.0,156.919,34.5899,88813.0,0.0,0.999998,0.0200735
5760_dose_600_gradient_0_VconcST_0_Vconc_5.6_run_0.csv,5760.0,600.0,0,5.6,0.0,5.6,0,41.0,89200.5,153.809,34.7408,89200.5,0.0,0.999998,0.0200537
5760_dose_600_gradient_0_VconcST_0_Vconc_5.6_run_0.csv,5760.0,600.0,0,5.6,0.0,5.6,0,41.25,89572.2,150.761,34.8856,89572.2,0.0,0.999998,0.0200981
5760_dose_600_gradient_0_VconcST_0_Vconc_5.6_run_0.csv,5760.0,600.0,0,5.6,0.0,5.6,0,41.5,89928.5,147.773,35.0244,89928.5,0.0,0.999998,0.0201115
5760_dose_600_gradient_0_VconcST_0_Vconc_5.6_run_1.csv,5760.0,600.0,0,5.6,0.0,5.6,1,0.0,0.0,0.0,0.0,0.0,0.0,0.0,0.0
5760_dose_600_gradient_0_VconcST_0_Vconc_5.6_run_1.csv,5760.0,600.0,0,5.6,0.0,5.6,1,0.25,0.0,0.0,0.0,0.0,0.0,0.0,10000.0
5760_dose_600_gradient_0_VconcST_0_Vconc_5.6_run_1.csv,5760.0,600.0,0,5.6,0.0,5.6,1,0.5,0.0,0.0,0.0,0.0,0.0,0.0,268.962
5760_dose_600_gradient_0_VconcST_0_Vconc_5.6_run_1.csv,5760.0,600.0,0,5.6,0.0,5.6,1,0.75,0.0,0.0,0.0,0.0,0.0,0.0,10000.0
5760_dose_600_gradient_0_VconcST_0_Vconc_5.6_run_1.csv,5760.0,600.0,0,5.6,0.0,5.6,1,1.0,0.0,0.0,0.0,0.0,0.0,0.0,257.29
5760_dose_600_gradient_0_VconcST_0_Vconc_5.6_run_1.csv,5760.0,600.0,0,5.6,0.0,5.6,1,1.25,0.0,0.0,0.0,0.0,0.0,0.0,10000.0
5760_dose_600_gradient_0_VconcST_0_Vconc_5.6_run_1.csv,5760.0,600.0,0,5.6,0.0,5.6,1,1.5,0.0,0.0,0.0,0.0,0.0,0.0,235.843
5760_dose_600_gradient_0_VconcST_0_Vconc_5.6_run_1.csv,5760.0,600.0,0,5.6,0.0,5.6,1,1.75,0.0,0.0,0.0,0.0,0.0,0.0,10000.0
5760_dose_600_gradient_0_VconcST_0_Vconc_5.6_run_1.csv,5760.0,600.0,0,5.6,0.0,5.6,1,2.0,0.0,0.0,0.0,0.0,0.000303819,0.0,230.659
5760_dose_600_gradient_0_VconcST_0_Vconc_5.6_run_1.csv,5760.0,600.0,0,5.6,0.0,5.6,1,2.25,0.0,0.0,0.0,0.0,0.0,0.0,10000.0
5760_dose_600_gradient_0_VconcST_0_Vconc_5.6_run_1.csv,5760.0,600.0,0,5.6,0.0,5.6,1,2.5,0.0,0.0,0.0,0.0,0.0,0.0,239.29
5760_dose_600_gradient_0_VconcST_0_Vconc_5.6_run_1.csv,5760.0,600.0,0,5.6,0.0,5.6,1,2.75,0.0,0.0,0.0,0.0,0.0,0.0,10000.0
5760_dose_600_gradient_0_VconcST_0_Vconc_5.6_run_1.csv,5760.0,600.0,0,5.6,0.0,5.6,1,3.0,0.0,0.0,0.0,0.0,0.0,0.0,220.642
5760_dose_600_gradient_0_VconcST_0_Vconc_5.6_run_1.csv,5760.0,600.0,0,5.6,0.0,5.6,1,3.25,0.0,0.0,0.0,0.0,0.0,0.0,10000.0
5760_dose_600_gradient_0_VconcST_0_Vconc_5.6_run_1.csv,5760.0,600.0,0,5.6,0.0,5.6,1,3.5,0.0,0.0,0.0,0.0,0.0,0.0,217.749
5760_dose_600_gradient_0_VconcST_0_Vconc_5.6_run_1.csv,5760.0,600.0,0,5.6,0.0,5.6,1,3.75,0.0,0.0,0.0,0.0,0.0,0.0,10000.0
5760_dose_600_gradient_0_VconcST_0_Vconc_5.6_run_1.csv,5760.0,600.0,0,5.6,0.0,5.6,1,4.0,0.0,0.0,0.0,0.0,0.0,0.0,4892.18
5760_dose_600_gradient_0_VconcST_0_Vconc_5.6_run_1.csv,5760.0,600.0,0,5.6,0.0,5.6,1,4.25,0.0,0.0,0.0,0.0,0.0,0.0,674.985
5760_dose_600_gradient_0_VconcST_0_Vconc_5.6_run_1.csv,5760.0,600.0,0,5.6,0.0,5.6,1,4.5,0.0,0.0,0.0,0.0,0.0,0.0,9555.57
5760_dose_600_gradient_0_VconcST_0_Vconc_5.6_run_1.csv,5760.0,600.0,0,5.6,0.0,5.6,1,4.75,0.0,0.0,0.0,0.0,0.0,0.0,672.64
5760_dose_600_gradient_0_VconcST_0_Vconc_5.6_run_1.csv,5760.0,600.0,0,5.6,0.0,5.6,1,5.0,0.0,0.0,0.0,0.0,0.0,0.0,10000.0
5760_dose_600_gradient_0_VconcST_0_Vconc_5.6_run_1.csv,5760.0,600.0,0,5.6,0.0,5.6,1,5.25,0.0,0.0,0.0,0.0,0.0,0.0,671.964
5760_dose_600_gradient_0_VconcST_0_Vconc_5.6_run_1.csv,5760.0,600.0,0,5.6,0.0,5.6,1,5.5,0.0,0.0,0.0,0.0,0.0,0.0,10000.0
5760_dose_600_gradient_0_VconcST_0_Vconc_5.6_run_1.csv,5760.0,600.0,0,5.6,0.0,5.6,1,5.75,0.0,0.0,0.0,0.0,0.0,0.0,642.291
5760_dose_600_gradient_0_VconcST_0_Vconc_5.6_run_1.csv,5760.0,600.0,0,5.6,0.0,5.6,1,6.0,0.0,0.0,0.0,0.0,0.0,0.0,10000.0
5760_dose_600_gradient_0_VconcST_0_Vconc_5.6_run_1.csv,5760.0,600.0,0,5.6,0.0,5.6,1,6.25,0.0,0.0,0.0,0.0,0.0,0.0,494.282
5760_dose_600_gradient_0_VconcST_0_Vconc_5.6_run_1.csv,5760.0,600.0,0,5.6,0.0,5.6,1,6.5,0.0,0.0,0.0,0.0,0.0,0.0,10000.0
5760_dose_600_gradient_0_VconcST_0_Vconc_5.6_run_1.csv,5760.0,600.0,0,5.6,0.0,5.6,1,6.75,0.0,0.0,0.0,0.0,0.0,0.0,368.327
5760_dose_600_gradient_0_VconcST_0_Vconc_5.6_run_1.csv,5760.0,600.0,0,5.6,0.0,5.6,1,7.0,0.0,0.0,0.0,0.0,0.0,0.0,10000.0
5760_dose_600_gradient_0_VconcST_0_Vconc_5.6_run_1.csv,5760.0,600.0,0,5.6,0.0,5.6,1,7.25,0.0,0.0,0.0,0.0,0.0,0.0,309.3
5760_dose_600_gradient_0_VconcST_0_Vconc_5.6_run_1.csv,5760.0,600.0,0,5.6,0.0,5.6,1,7.5,0.0,0.0,0.0,0.0,0.0,0.0,10000.0
5760_dose_600_gradient_0_VconcST_0_Vconc_5.6_run_1.csv,5760.0,600.0,0,5.6,0.0,5.6,1,7.75,0.0,0.0,0.0,0.0,0.0,0.0,304.414
5760_dose_600_gradient_0_VconcST_0_Vconc_5.6_run_1.csv,5760.0,600.0,0,5.6,0.0,5.6,1,8.0,0.0,0.0,0.0,0.0,0.0,0.0,10000.0
5760_dose_600_gradient_0_VconcST_0_Vconc_5.6_run_1.csv,5760.0,600.0,0,5.6,0.0,5.6,1,8.25,0.0,0.0,0.0,0.0,0.0,0.0,263.332
5760_dose_600_gradient_0_VconcST_0_Vconc_5.6_run_1.csv,5760.0,600.0,0,5.6,0.0,5.6,1,8.5,0.0,0.0,0.0,0.0,0.0,0.0,10000.0
5760_dose_600_gradient_0_VconcST_0_Vconc_5.6_run_1.csv,5760.0,600.0,0,5.6,0.0,5.6,1,8.75,0.0,0.0,0.0,0.0,0.0,0.0,250.118
5760_dose_600_gradient_0_VconcST_0_Vconc_5.6_run_1.csv,5760.0,600.0,0,5.6,0.0,5.6,1,9.0,0.0,0.0,0.0,0.0,0.0,0.0,10000.0
5760_dose_600_gradient_0_VconcST_0_Vconc_5.6_run_1.csv,5760.0,600.0,0,5.6,0.0,5.6,1,9.25,0.0,0.0,0.0,0.0,0.0003125,0.0,242.041
5760_dose_600_gradient_0_VconcST_0_Vconc_5.6_run_1.csv,5760.0,600.0,0,5.6,0.0,5.6,1,9.5,0.0,0.0,0.0,0.0,0.0,0.0,10000.0
5760_dose_600_gradient_0_VconcST_0_Vconc_5.6_run_1.csv,5760.0,600.0,0,5.6,0.0,5.6,1,9.75,0.0,0.0,0.0,0.0,0.0,0.0,226.029
5760_dose_600_gradient_0_VconcST_0_Vconc_5.6_run_1.csv,5760.0,600.0,0,5.6,0.0,5.6,1,10.0,0.0,0.0,0.0,0.0,0.0,0.0,10000.0
5760_dose_600_gradient_0_VconcST_0_Vconc_5.6_run_1.csv,5760.0,600.0,0,5.6,0.0,5.6,1,10.25,0.0,0.0,0.0,0.0,0.0,0.0,234.944
5760_dose_600_gradient_0_VconcST_0_Vconc_5.6_run_1.csv,5760.0,600.0,0,5.6,0.0,5.6,1,10.5,0.0,0.0,0.0,0.0,0.0,0.0,10000.0
5760_dose_600_gradient_0_VconcST_0_Vconc_5.6_run_1.csv,5760.0,600.0,0,5.6,0.0,5.6,1,10.75,0.0,0.0,0.0,0.0,0.0,0.0,219.385
5760_dose_600_gradient_0_VconcST_0_Vconc_5.6_run_1.csv,5760.0,600.0,0,5.6,0.0,5.6,1,11.0,0.0,0.0,0.0,0.0,0.0,0.0,10000.0
5760_dose_600_gradient_0_VconcST_0_Vconc_5.6_run_1.csv,5760.0,600.0,0,5.6,0.0,5.6,1,11.25,0.0,0.0,0.0,0.0,0.0,0.0,216.702
5760_dose_600_gradient_0_VconcST_0_Vconc_5.6_run_1.csv,5760.0,600.0,0,5.6,0.0,5.6,1,11.5,0.0,0.0,0.0,0.0,0.0,0.0,1712.18
5760_dose_600_gradient_0_VconcST_0_Vconc_5.6_run_1.csv,5760.0,600.0,0,5.6,0.0,5.6,1,11.75,0.0,0.0,0.0,0.0,0.0,0.0,7872.51
5760_dose_600_gradient_0_VconcST_0_Vconc_5.6_run_1.csv,5760.0,600.0,0,5.6,0.0,5.6,1,12.0,0.0,0.0,0.0,0.0,0.0,0.0,673.038
5760_dose_600_gradient_0_VconcST_0_Vconc_5.6_run_1.csv,5760.0,600.0,0,5.6,0.0,5.6,1,12.25,0.0,0.0,0.0,0.0,0.0,0.0,9943.43
5760_dose_600_gradient_0_VconcST_0_Vconc_5.6_run_1.csv,5760.0,600.0,0,5.6,0.0,5.6,1,12.5,0.0,0.0,0.0,0.0,0.0,0.0,680.899
5760_dose_600_gradient_0_VconcST_0_Vconc_5.6_run_1.csv,5760.0,600.0,0,5.6,0.0,5.6,1,12.75,0.0,0.0,0.0,0.0,0.0,0.0,10000.0
5760_dose_600_gradient_0_VconcST_0_Vconc_5.6_run_1.csv,5760.0,600.0,0,5.6,0.0,5.6,1,13.0,0.0,0.0,0.0,0.0,0.0,0.0,661.433
5760_dose_600_gradient_0_VconcST_0_Vconc_5.6_run_1.csv,5760.0,600.0,0,5.6,0.0,5.6,1,13.25,0.0,0.0,0.0,0.0,0.0,0.0,10000.0
5760_dose_600_gradient_0_VconcST_0_Vconc_5.6_run_1.csv,5760.0,600.0,0,5.6,0.0,5.6,1,13.5,0.0,0.0,0.0,0.0,0.0,0.0,625.225
5760_dose_600_gradient_0_VconcST_0_Vconc_5.6_run_1.csv,5760.0,600.0,0,5.6,0.0,5.6,1,13.75,0.0,0.0,0.0,0.0,0.0,0.0,10000.0
5760_dose_600_gradient_0_VconcST_0_Vconc_5.6_run_1.csv,5760.0,600.0,0,5.6,0.0,5.6,1,14.0,0.0,0.0,0.0,0.0,0.0,0.0,449.719
5760_dose_600_gradient_0_VconcST_0_Vconc_5.6_run_1.csv,5760.0,600.0,0,5.6,0.0,5.6,1,14.25,0.0,0.0,0.0,0.0,0.0,0.0,10000.0
5760_dose_600_gradient_0_VconcST_0_Vconc_5.6_run_1.csv,5760.0,600.0,0,5.6,0.0,5.6,1,14.5,0.0,0.0,0.0,0.0,0.0,0.0,335.471
5760_dose_600_gradient_0_VconcST_0_Vconc_5.6_run_1.csv,5760.0,600.0,0,5.6,0.0,5.6,1,14.75,0.0,0.0,0.0,0.0,0.0,0.0,10000.0
5760_dose_600_gradient_0_VconcST_0_Vconc_5.6_run_1.csv,5760.0,600.0,0,5.6,0.0,5.6,1,15.0,0.0,0.0,0.0,0.0,0.0,0.0,292.707
5760_dose_600_gradient_0_VconcST_0_Vconc_5.6_run_1.csv,5760.0,600.0,0,5.6,0.0,5.6,1,15.25,0.0,0.0,0.0,0.0,0.0,0.0,10000.0
5760_dose_600_gradient_0_VconcST_0_Vconc_5.6_run_1.csv,5760.0,600.0,0,5.6,0.0,5.6,1,15.5,0.0,0.0,0.0,0.0,0.0,0.0,289.185
5760_dose_600_gradient_0_VconcST_0_Vconc_5.6_run_1.csv,5760.0,600.0,0,5.6,0.0,5.6,1,15.75,0.0,0.0,0.0,0.0,0.0,0.0,10000.0
5760_dose_600_gradient_0_VconcST_0_Vconc_5.6_run_1.csv,5760.0,600.0,0,5.6,0.0,5.6,1,16.0,0.0,0.0,0.0,0.0,0.0,0.0,239.257
5760_dose_600_gradient_0_VconcST_0_Vconc_5.6_run_1.csv,5760.0,600.0,0,5.6,0.0,5.6,1,16.25,0.0,0.0,0.0,0.0,0.0,0.0,10000.0
5760_dose_600_gradient_0_VconcST_0_Vconc_5.6_run_1.csv,5760.0,600.0,0,5.6,0.0,5.6,1,16.5,0.0,0.0,0.0,0.0,0.0,0.0,234.66
5760_dose_600_gradient_0_VconcST_0_Vconc_5.6_run_1.csv,5760.0,600.0,0,5.6,0.0,5.6,1,16.75,0.0,0.0,0.0,0.0,0.0,0.0,10000.0
5760_dose_600_gradient_0_VconcST_0_Vconc_5.6_run_1.csv,5760.0,600.0,0,5.6,0.0,5.6,1,17.0,0.0,0.0,0.0,0.0,0.000366753,0.0,247.678
5760_dose_600_gradient_0_VconcST_0_Vconc_5.6_run_1.csv,5760.0,600.0,0,5.6,0.0,5.6,1,17.25,0.0,0.0,0.0,0.0,0.0,0.0,10000.0
5760_dose_600_gradient_0_VconcST_0_Vconc_5.6_run_1.csv,5760.0,600.0,0,5.6,0.0,5.6,1,17.5,0.0,0.0,0.0,0.0,0.0,0.0,227.334
5760_dose_600_gradient_0_VconcST_0_Vconc_5.6_run_1.csv,5760.0,600.0,0,5.6,0.0,5.6,1,17.75,0.0,0.0,0.0,0.0,0.0,0.0,10000.0
5760_dose_600_gradient_0_VconcST_0_Vconc_5.6_run_1.csv,5760.0,600.0,0,5.6,0.0,5.6,1,18.0,0.0,0.0,0.0,0.0,0.0,0.0,221.812
5760_dose_600_gradient_0_VconcST_0_Vconc_5.6_run_1.csv,5760.0,600.0,0,5.6,0.0,5.6,1,18.25,0.0,0.0,0.0,0.0,0.0,0.0,10000.0
5760_dose_600_gradient_0_VconcST_0_Vconc_5.6_run_1.csv,5760.0,600.0,0,5.6,0.0,5.6,1,18.5,0.0,0.0,0.0,0.0,0.0,0.0,216.472
5760_dose_600_gradient_0_VconcST_0_Vconc_5.6_run_1.csv,5760.0,600.0,0,5.6,0.0,5.6,1,18.75,0.0,0.0,0.0,0.0,0.0,0.0,10000.0
5760_dose_600_gradient_0_VconcST_0_Vconc_5.6_run_1.csv,5760.0,600.0,0,5.6,0.0,5.6,1,19.0,0.0,0.0,0.0,0.0,0.0,0.0,1464.0
5760_dose_600_gradient_0_VconcST_0_Vconc_5.6_run_1.csv,5760.0,600.0,0,5.6,0.0,5.6,1,19.25,0.0,0.0,0.0,0.0,0.0,0.0,1158.52
5760_dose_600_gradient_0_VconcST_0_Vconc_5.6_run_1.csv,5760.0,600.0,0,5.6,0.0,5.6,1,19.5,0.0,0.0,0.0,0.0,0.0,0.0,8673.03
5760_dose_600_gradient_0_VconcST_0_Vconc_5.6_run_1.csv,5760.0,600.0,0,5.6,0.0,5.6,1,19.75,0.0,0.0,0.0,0.0,0.0,0.0,688.949
5760_dose_600_gradient_0_VconcST_0_Vconc_5.6_run_1.csv,5760.0,600.0,0,5.6,0.0,5.6,1,20.0,0.0,0.0,0.0,0.0,0.0,0.0,10000.0
5760_dose_600_gradient_0_VconcST_0_Vconc_5.6_run_1.csv,5760.0,600.0,0,5.6,0.0,5.6,1,20.25,0.0,0.0,0.0,0.0,0.0,0.0,675.674
5760_dose_600_gradient_0_VconcST_0_Vconc_5.6_run_1.csv,5760.0,600.0,0,5.6,0.0,5.6,1,20.5,0.0,0.0,0.0,0.0,0.0,0.0,10000.0
5760_dose_600_gradient_0_VconcST_0_Vconc_5.6_run_1.csv,5760.0,600.0,0,5.6,0.0,5.6,1,20.75,0.0,0.0,0.0,0.0,0.0,0.0,659.723
5760_dose_600_gradient_0_VconcST_0_Vconc_5.6_run_1.csv,5760.0,600.0,0,5.6,0.0,5.6,1,21.0,0.0,0.0,0.0,0.0,0.0,0.0,10000.0
5760_dose_600_gradient_0_VconcST_0_Vconc_5.6_run_1.csv,5760.0,600.0,0,5.6,0.0,5.6,1,21.25,0.0,0.0,0.0,0.0,0.0,0.0,564.61
5760_dose_600_gradient_0_VconcST_0_Vconc_5.6_run_1.csv,5760.0,600.0,0,5.6,0.0,5.6,1,21.5,0.0,0.0,0.0,0.0,0.0,0.0,10000.0
5760_dose_600_gradient_0_VconcST_0_Vconc_5.6_run_1.csv,5760.0,600.0,0,5.6,0.0,5.6,1,21.75,0.0,0.0,0.0,0.0,0.0,0.0,366.779
5760_dose_600_gradient_0_VconcST_0_Vconc_5.6_run_1.csv,5760.0,600.0,0,5.6,0.0,5.6,1,22.0,0.0,0.0,0.0,0.0,0.0,0.0,10000.0
5760_dose_600_gradient_0_VconcST_0_Vconc_5.6_run_1.csv,5760.0,600.0,0,5.6,0.0,5.6,1,22.25,0.0,0.0,0.0,0.0,0.0,0.0,336.465
5760_dose_600_gradient_0_VconcST_0_Vconc_5.6_run_1.csv,5760.0,600.0,0,5.6,0.0,5.6,1,22.5,0.0,0.0,0.0,0.0,0.0,0.0,10000.0
5760_dose_600_gradient_0_VconcST_0_Vconc_5.6_run_1.csv,5760.0,600.0,0,5.6,0.0,5.6,1,22.75,0.0,0.0,0.0,0.0,0.0,0.0,318.243
5760_dose_600_gradient_0_VconcST_0_Vconc_5.6_run_1.csv,5760.0,600.0,0,5.6,0.0,5.6,1,23.0,0.0,0.0,0.0,0.0,0.0,0.0,10000.0
5760_dose_600_gradient_0_VconcST_0_Vconc_5.6_run_1.csv,5760.0,600.0,0,5.6,0.0,5.6,1,23.25,0.0,0.0,0.0,0.0,0.0,0.0,274.694
5760_dose_600_gradient_0_VconcST_0_Vconc_5.6_run_1.csv,5760.0,600.0,0,5.6,0.0,5.6,1,23.5,0.0,0.0,0.0,0.0,0.0,0.0,10000.0
5760_dose_600_gradient_0_VconcST_0_Vconc_5.6_run_1.csv,5760.0,600.0,0,5.6,0.0,5.6,1,23.75,0.0,0.0,0.0,0.0,0.0,0.0,246.982
5760_dose_600_gradient_0_VconcST_0_Vconc_5.6_run_1.csv,5760.0,600.0,0,5.6,0.0,5.6,1,24.0,46.7175,600.0,0.018195,46.7175,0.0,0.0,10000.0
5760_dose_600_gradient_0_VconcST_0_Vconc_5.6_run_1.csv,5760.0,600.0,0,5.6,0.0,5.6,1,24.25,2816.07,588.109,1.09677,2816.07,0.0,0.999928,0.025919
5760_dose_600_gradient_0_VconcST_0_Vconc_5.6_run_1.csv,5760.0,600.0,0,5.6,0.0,5.6,1,24.5,5520.02,576.453,2.14988,5520.02,0.0,0.999963,0.420662
5760_dose_600_gradient_0_VconcST_0_Vconc_5.6_run_1.csv,5760.0,600.0,0,5.6,0.0,5.6,1,24.75,8159.93,565.029,3.17804,8159.93,0.0,0.999975,0.256955
5760_dose_600_gradient_0_VconcST_0_Vconc_5.6_run_1.csv,5760.0,600.0,0,5.6,0.0,5.6,1,25.0,10737.1,553.83,4.18176,10737.1,0.0,0.999981,0.187419
5760_dose_600_gradient_0_VconcST_0_Vconc_5.6_run_1.csv,5760.0,600.0,0,5.6,0.0,5.6,1,25.25,13252.8,542.853,5.16155,13252.8,0.0,0.999985,0.147312
5760_dose_600_gradient_0_VconcST_0_Vconc_5.6_run_1.csv,5760.0,600.0,0,5.6,0.0,5.6,1,25.5,15708.3,532.094,6.11789,15708.3,0.0,0.999987,0.122044
5760_dose_600_gradient_0_VconcST_0_Vconc_5.6_run_1.csv,5760.0,600.0,0,5.6,0.0,5.6,1,25.75,18104.8,521.549,7.05126,18104.8,0.0,0.999989,0.104031
5760_dose_600_gradient_0_VconcST_0_Vconc_5.6_run_1.csv,5760.0,600.0,0,5.6,0.0,5.6,1,26.0,20443.6,511.213,7.96213,20443.6,0.0,0.99999,0.0915532
5760_dose_600_gradient_0_VconcST_0_Vconc_5.6_run_1.csv,5760.0,600.0,0,5.6,0.0,5.6,1,26.25,22725.7,501.081,8.85097,22725.7,0.0,0.999991,0.0817953
5760_dose_600_gradient_0_VconcST_0_Vconc_5.6_run_1.csv,5760.0,600.0,0,5.6,0.0,5.6,1,26.5,24952.5,491.15,9.71822,24952.5,0.0,0.999992,0.0739553
5760_dose_600_gradient_0_VconcST_0_Vconc_5.6_run_1.csv,5760.0,600.0,0,5.6,0.0,5.6,1,26.75,27124.9,481.416,10.5643,27124.9,0.0,0.999993,0.0677018
5760_dose_600_gradient_0_VconcST_0_Vconc_5.6_run_1.csv,5760.0,600.0,0,5.6,0.0,5.6,1,27.0,29244.3,471.875,11.3897,29244.3,0.0,0.999993,0.062391
5760_dose_600_gradient_0_VconcST_0_Vconc_5.6_run_1.csv,5760.0,600.0,0,5.6,0.0,5.6,1,27.25,31311.5,462.523,12.1949,31311.5,0.0,0.999994,0.0582876
5760_dose_600_gradient_0_VconcST_0_Vconc_5.6_run_1.csv,5760.0,600.0,0,5.6,0.0,5.6,1,27.5,33327.7,453.356,12.9801,33327.7,0.0,0.999994,0.0545211
5760_dose_600_gradient_0_VconcST_0_Vconc_5.6_run_1.csv,5760.0,600.0,0,5.6,0.0,5.6,1,27.75,35294.0,444.371,13.7459,35294.0,0.0,0.999994,0.0512196
5760_dose_600_gradient_0_VconcST_0_Vconc_5.6_run_1.csv,5760.0,600.0,0,5.6,0.0,5.6,1,28.0,37211.3,435.564,14.4926,37211.3,0.0,0.999995,0.0485742
5760_dose_600_gradient_0_VconcST_0_Vconc_5.6_run_1.csv,5760.0,600.0,0,5.6,0.0,5.6,1,28.25,39080.7,426.932,15.2207,39080.7,0.0,0.999995,0.0464395
5760_dose_600_gradient_0_VconcST_0_Vconc_5.6_run_1.csv,5760.0,600.0,0,5.6,0.0,5.6,1,28.5,40903.2,418.471,15.9305,40903.2,0.0,0.999995,0.0438011
5760_dose_600_gradient_0_VconcST_0_Vconc_5.6_run_1.csv,5760.0,600.0,0,5.6,0.0,5.6,1,28.75,42679.7,410.177,16.6224,42679.7,0.0,0.999995,0.042295
5760_dose_600_gradient_0_VconcST_0_Vconc_5.6_run_1.csv,5760.0,600.0,0,5.6,0.0,5.6,1,29.0,44411.2,402.048,17.2968,44411.2,0.0,0.999996,0.0406803
5760_dose_600_gradient_0_VconcST_0_Vconc_5.6_run_1.csv,5760.0,600.0,0,5.6,0.0,5.6,1,29.25,46098.6,394.08,17.954,46098.6,0.0,0.999996,0.0390873
5760_dose_600_gradient_0_VconcST_0_Vconc_5.6_run_1.csv,5760.0,600.0,0,5.6,0.0,5.6,1,29.5,47742.8,386.27,18.5943,47742.8,0.0,0.999996,0.0374949
5760_dose_600_gradient_0_VconcST_0_Vconc_5.6_run_1.csv,5760.0,600.0,0,5.6,0.0,5.6,1,29.75,49344.8,378.614,19.2183,49344.8,0.0,0.999996,0.0364462
5760_dose_600_gradient_0_VconcST_0_Vconc_5.6_run_1.csv,5760.0,600.0,0,5.6,0.0,5.6,1,30.0,50905.4,371.11,19.8261,50905.4,0.0,0.999996,0.0354495
5760_dose_600_gradient_0_VconcST_0_Vconc_5.6_run_1.csv,5760.0,600.0,0,5.6,0.0,5.6,1,30.25,52425.4,363.755,20.4181,52425.4,0.0,0.999996,0.0343263
5760_dose_600_gradient_0_VconcST_0_Vconc_5.6_run_1.csv,5760.0,600.0,0,5.6,0.0,5.6,1,30.5,53905.6,356.546,20.9946,53905.6,0.0,0.999996,0.0332467
5760_dose_600_gradient_0_VconcST_0_Vconc_5.6_run_1.csv,5760.0,600.0,0,5.6,0.0,5.6,1,30.75,55347.0,349.48,21.5559,55347.0,0.0,0.999996,0.0321912
5760_dose_600_gradient_0_VconcST_0_Vconc_5.6_run_1.csv,5760.0,600.0,0,5.6,0.0,5.6,1,31.0,56750.3,342.554,22.1025,56750.3,0.0,0.999996,0.0316637
5760_dose_600_gradient_0_VconcST_0_Vconc_5.6_run_1.csv,5760.0,600.0,0,5.6,0.0,5.6,1,31.25,58116.3,335.765,22.6345,58116.3,0.0,0.999997,0.0306588
5760_dose_600_gradient_0_VconcST_0_Vconc_5.6_run_1.csv,5760.0,600.0,0,5.6,0.0,5.6,1,31.5,59445.8,329.11,23.1523,59445.8,0.0,0.999997,0.0301354
5760_dose_600_gradient_0_VconcST_0_Vconc_5.6_run_1.csv,5760.0,600.0,0,5.6,0.0,5.6,1,31.75,60739.5,322.588,23.6562,60739.5,0.0,0.999997,0.0295526
5760_dose_600_gradient_0_VconcST_0_Vconc_5.6_run_1.csv,5760.0,600.0,0,5.6,0.0,5.6,1,32.0,61998.2,316.194,24.1464,61998.2,0.0,0.999997,0.0285171
5760_dose_600_gradient_0_VconcST_0_Vconc_5.6_run_1.csv,5760.0,600.0,0,5.6,0.0,5.6,1,32.25,63222.6,309.928,24.6233,63222.6,0.0,0.999997,0.0279971
5760_dose_600_gradient_0_VconcST_0_Vconc_5.6_run_1.csv,5760.0,600.0,0,5.6,0.0,5.6,1,32.5,64413.5,303.785,25.0871,64413.5,0.0,0.999997,0.0275065
5760_dose_600_gradient_0_VconcST_0_Vconc_5.6_run_1.csv,5760.0,600.0,0,5.6,0.0,5.6,1,32.75,65571.4,297.765,25.538,65571.4,0.0,0.999997,0.0270247
5760_dose_600_gradient_0_VconcST_0_Vconc_5.6_run_1.csv,5760.0,600.0,0,5.6,0.0,5.6,1,33.0,66697.3,291.863,25.9765,66697.3,0.0,0.999997,0.0274419
5760_dose_600_gradient_0_VconcST_0_Vconc_5.6_run_1.csv,5760.0,600.0,0,5.6,0.0,5.6,1,33.25,67791.5,286.079,26.4027,67791.5,0.0,0.999997,0.0269386
5760_dose_600_gradient_0_VconcST_0_Vconc_5.6_run_1.csv,5760.0,600.0,0,5.6,0.0,5.6,1,33.5,68855.0,280.409,26.8169,68855.0,0.0,0.999997,0.026405
5760_dose_600_gradient_0_VconcST_0_Vconc_5.6_run_1.csv,5760.0,600.0,0,5.6,0.0,5.6,1,33.75,69888.3,274.852,27.2193,69888.3,0.0,0.999997,0.0258586
5760_dose_600_gradient_0_VconcST_0_Vconc_5.6_run_1.csv,5760.0,600.0,0,5.6,0.0,5.6,1,34.0,70892.0,269.405,27.6102,70892.0,0.0,0.999997,0.0253309
5760_dose_600_gradient_0_VconcST_0_Vconc_5.6_run_1.csv,5760.0,600.0,0,5.6,0.0,5.6,1,34.25,71866.7,264.066,27.9898,71866.7,0.0,0.999997,0.0253639
5760_dose_600_gradient_0_VconcST_0_Vconc_5.6_run_1.csv,5760.0,600.0,0,5.6,0.0,5.6,1,34.5,72813.1,258.832,28.3584,72813.1,0.0,0.999997,0.0248032
5760_dose_600_gradient_0_VconcST_0_Vconc_5.6_run_1.csv,5760.0,600.0,0,5.6,0.0,5.6,1,34.75,73731.7,253.702,28.7162,73731.7,0.0,0.999997,0.0242755
5760_dose_600_gradient_0_VconcST_0_Vconc_5.6_run_1.csv,5760.0,600.0,0,5.6,0.0,5.6,1,35.0,74623.2,248.674,29.0634,74623.2,0.0,0.999997,0.0243156
5760_dose_600_gradient_0_VconcST_0_Vconc_5.6_run_1.csv,5760.0,600.0,0,5.6,0.0,5.6,1,35.25,75488.1,243.746,29.4003,75488.1,0.0,0.999997,0.0237596
5760_dose_600_gradient_0_VconcST_0_Vconc_5.6_run_1.csv,5760.0,600.0,0,5.6,0.0,5.6,1,35.5,76326.9,238.915,29.727,76326.9,0.0,0.999997,0.0237771
5760_dose_600_gradient_0_VconcST_0_Vconc_5.6_run_1.csv,5760.0,600.0,0,5.6,0.0,5.6,1,35.75,77140.3,234.18,30.0437,77140.3,0.0,0.999997,0.0232739
5760_dose_600_gradient_0_VconcST_0_Vconc_5.6_run_1.csv,5760.0,600.0,0,5.6,0.0,5.6,1,36.0,77928.7,229.539,30.3508,77928.7,0.0,0.999997,0.0232616
5760_dose_600_gradient_0_VconcST_0_Vconc_5.6_run_1.csv,5760.0,600.0,0,5.6,0.0,5.6,1,36.25,78692.7,224.99,30.6484,78692.7,0.0,0.999997,0.0232412
5760_dose_600_gradient_0_VconcST_0_Vconc_5.6_run_1.csv,5760.0,600.0,0,5.6,0.0,5.6,1,36.5,79432.9,220.531,30.9366,79432.9,0.0,0.999997,0.0227361
5760_dose_600_gradient_0_VconcST_0_Vconc_5.6_run_1.csv,5760.0,600.0,0,5.6,0.0,5.6,1,36.75,80149.6,216.16,31.2158,80149.6,0.0,0.999997,0.022713
5760_dose_600_gradient_0_VconcST_0_Vconc_5.6_run_1.csv,5760.0,600.0,0,5.6,0.0,5.6,1,37.0,80843.5,211.876,31.486,80843.5,0.0,0.999997,0.0221778
5760_dose_600_gradient_0_VconcST_0_Vconc_5.6_run_1.csv,5760.0,600.0,0,5.6,0.0,5.6,1,37.25,81514.9,207.677,31.7475,81514.9,0.0,0.999997,0.0221646
5760_dose_600_gradient_0_VconcST_0_Vconc_5.6_run_1.csv,5760.0,600.0,0,5.6,0.0,5.6,1,37.5,82164.5,203.561,32.0005,82164.5,0.0,0.999998,0.0221646
5760_dose_600_gradient_0_VconcST_0_Vconc_5.6_run_1.csv,5760.0,600.0,0,5.6,0.0,5.6,1,37.75,82792.5,199.527,32.2451,82792.5,0.0,0.999998,0.0216915
5760_dose_600_gradient_0_VconcST_0_Vconc_5.6_run_1.csv,5760.0,600.0,0,5.6,0.0,5.6,1,38.0,83399.6,195.572,32.4815,83399.6,0.0,0.999998,0.0216694
5760_dose_600_gradient_0_VconcST_0_Vconc_5.6_run_1.csv,5760.0,600.0,0,5.6,0.0,5.6,1,38.25,83986.0,191.696,32.71,83986.0,0.0,0.999998,0.0216497
5760_dose_600_gradient_0_VconcST_0_Vconc_5.6_run_1.csv,5760.0,600.0,0,5.6,0.0,5.6,1,38.5,84552.4,187.897,32.9306,84552.4,0.0,0.999998,0.0211195
5760_dose_600_gradient_0_VconcST_0_Vconc_5.6_run_1.csv,5760.0,600.0,0,5.6,0.0,5.6,1,38.75,85099.1,184.173,33.1435,85099.1,0.0,0.999998,0.0211091
5760_dose_600_gradient_0_VconcST_0_Vconc_5.6_run_1.csv,5760.0,600.0,0,5.6,0.0,5.6,1,39.0,85626.6,180.523,33.3489,85626.6,0.0,0.999998,0.021124
5760_dose_600_gradient_0_VconcST_0_Vconc_5.6_run_1.csv,5760.0,600.0,0,5.6,0.0,5.6,1,39.25,86135.1,176.945,33.547,86135.1,0.0,0.999998,0.0211091
5760_dose_600_gradient_0_VconcST_0_Vconc_5.6_run_1.csv,5760.0,600.0,0,5.6,0.0,5.6,1,39.5,86625.3,173.438,33.7379,86625.3,0.0,0.999998,0.0205959
5760_dose_600_gradient_0_VconcST_0_Vconc_5.6_run_1.csv,5760.0,600.0,0,5.6,0.0,5.6,1,39.75,87097.4,170.001,33.9217,87097.4,0.0,0.999998,0.0205814
5760_dose_600_gradient_0_VconcST_0_Vconc_5.6_run_1.csv,5760.0,600.0,0,5.6,0.0,5.6,1,40.0,87551.8,166.632,34.0987,87551.8,0.0,0.999998,0.0205814
5760_dose_600_gradient_0_VconcST_0_Vconc_5.6_run_1.csv,5760.0,600.0,0,5.6,0.0,5.6,1,40.25,87989.0,163.329,34.269,87989.0,0.0,0.999998,0.020606
5760_dose_600_gradient_0_VconcST_0_Vconc_5.6_run_1.csv,5760.0,600.0,0,5.6,0.0,5.6,1,40.5,88409.3,160.092,34.4327,88409.3,0.0,0.999998,0.0205814
5760_dose_600_gradient_0_VconcST_0_Vconc_5.6_run_1.csv,5760.0,600.0,0,5.6,0.0,5.6,1,40.75,88813.0,156.919,34.5899,88813.0,0.0,0.999998,0.0200721
5760_dose_600_gradient_0_VconcST_0_Vconc_5.6_run_1.csv,5760.0,600.0,0,5.6,0.0,5.6,1,41.0,89200.5,153.809,34.7408,89200.5,0.0,0.999998,0.0200537
5760_dose_600_gradient_0_VconcST_0_Vconc_5.6_run_1.csv,5760.0,600.0,0,5.6,0.0,5.6,1,41.25,89572.2,150.761,34.8856,89572.2,0.0,0.999998,0.0200537
5760_dose_600_gradient_0_VconcST_0_Vconc_5.6_run_1.csv,5760.0,600.0,0,5.6,0.0,5.6,1,41.5,89928.5,147.773,35.0244,89928.5,0.0,0.999998,0.0200537
