filename,schedule,dose,gradient,vegf_level,VconcST,Vconc,run,hours,drug_tumour_nM,drug_gut_mgL,drug_blood_mgL,drug_blood_nM,vasc_score,vegfr_inhibition,dll4_average
1200_dose_0.1_gradient_0_VconcST_0.04_Vconc_1.6_run_0.csv,1200.0,0.1,0,1.6,0.04,1.6,0,0.0,0.0,0.0,0.0,0.0,0.0,0.0,0.0
1200_dose_0.1_gradient_0_VconcST_0.04_Vconc_1.6_run_0.csv,1200.0,0.1,0,1.6,0.04,1.6,0,0.25,0.0,0.0,0.0,0.0,0.0,0.0,3452.78
1200_dose_0.1_gradient_0_VconcST_0.04_Vconc_1.6_run_0.csv,1200.0,0.1,0,1.6,0.04,1.6,0,0.5,0.0,0.0,0.0,0.0,0.0,0.0,98.8283
1200_dose_0.1_gradient_0_VconcST_0.04_Vconc_1.6_run_0.csv,1200.0,0.1,0,1.6,0.04,1.6,0,0.75,0.0,0.0,0.0,0.0,0.0,0.0,3555.99
1200_dose_0.1_gradient_0_VconcST_0.04_Vconc_1.6_run_0.csv,1200.0,0.1,0,1.6,0.04,1.6,0,1.0,0.0,0.0,0.0,0.0,0.0,0.0,100.497
1200_dose_0.1_gradient_0_VconcST_0.04_Vconc_1.6_run_0.csv,1200.0,0.1,0,1.6,0.04,1.6,0,1.25,0.0,0.0,0.0,0.0,0.0,0.0,3541.45
1200_dose_0.1_gradient_0_VconcST_0.04_Vconc_1.6_run_0.csv,1200.0,0.1,0,1.6,0.04,1.6,0,1.5,0.0,0.0,0.0,0.0,0.0,0.0,102.009
1200_dose_0.1_gradient_0_VconcST_0.04_Vconc_1.6_run_0.csv,1200.0,0.1,0,1.6,0.04,1.6,0,1.75,0.0,0.0,0.0,0.0,0.0,0.0,3517.55
1200_dose_0.1_gradient_0_VconcST_0.04_Vconc_1.6_run_0.csv,1200.0,0.1,0,1.6,0.04,1.6,0,2.0,0.0,0.0,0.0,0.0,0.0,0.0,99.0427
1200_dose_0.1_gradient_0_VconcST_0.04_Vconc_1.6_run_0.csv,1200.0,0.1,0,1.6,0.04,1.6,0,2.25,0.0,0.0,0.0,0.0,0.0,0.0,3557.46
1200_dose_0.1_gradient_0_VconcST_0.04_Vconc_1.6_run_0.csv,1200.0,0.1,0,1.6,0.04,1.6,0,2.5,0.0,0.0,0.0,0.0,0.0,0.0,99.5042
1200_dose_0.1_gradient_0_VconcST_0.04_Vconc_1.6_run_0.csv,1200.0,0.1,0,1.6,0.04,1.6,0,2.75,0.0,0.0,0.0,0.0,0.0,0.0,3668.76
1200_dose_0.1_gradient_0_VconcST_0.04_Vconc_1.6_run_0.csv,1200.0,0.1,0,1.6,0.04,1.6,0,3.0,0.0,0.0,0.0,0.0,0.0,0.0,99.0176
1200_dose_0.1_gradient_0_VconcST_0.04_Vconc_1.6_run_0.csv,1200.0,0.1,0,1.6,0.04,1.6,0,3.25,0.0,0.0,0.0,0.0,0.0,0.0,3523.94
1200_dose_0.1_gradient_0_VconcST_0.04_Vconc_1.6_run_0.csv,1200.0,0.1,0,1.6,0.04,1.6,0,3.5,0.0,0.0,0.0,0.0,0.0,0.0,98.809
1200_dose_0.1_gradient_0_VconcST_0.04_Vconc_1.6_run_0.csv,1200.0,0.1,0,1.6,0.04,1.6,0,3.75,0.0,0.0,0.0,0.0,0.0,0.0,3389.22
1200_dose_0.1_gradient_0_VconcST_0.04_Vconc_1.6_run_0.csv,1200.0,0.1,0,1.6,0.04,1.6,0,4.0,0.0,0.0,0.0,0.0,0.0,0.0,99.3671
1200_dose_0.1_gradient_0_VconcST_0.04_Vconc_1.6_run_0.csv,1200.0,0.1,0,1.6,0.04,1.6,0,4.25,0.0,0.0,0.0,0.0,0.0,0.0,3546.56
1200_dose_0.1_gradient_0_VconcST_0.04_Vconc_1.6_run_0.csv,1200.0,0.1,0,1.6,0.04,1.6,0,4.5,0.0,0.0,0.0,0.0,0.0,0.0,98.8534
1200_dose_0.1_gradient_0_VconcST_0.04_Vconc_1.6_run_0.csv,1200.0,0.1,0,1.6,0.04,1.6,0,4.75,0.0,0.0,0.0,0.0,0.0,0.0,3584.72
1200_dose_0.1_gradient_0_VconcST_0.04_Vconc_1.6_run_0.csv,1200.0,0.1,0,1.6,0.04,1.6,0,5.0,0.00778626,0.1,3.0325e-06,0.00778626,0.0,0.0,101.368
1200_dose_0.1_gradient_0_VconcST_0.04_Vconc_1.6_run_0.csv,1200.0,0.1,0,1.6,0.04,1.6,0,5.25,0.469344,0.0980181,0.000182795,0.469344,0.0,0.0545682,3461.77
1200_dose_0.1_gradient_0_VconcST_0.04_Vconc_1.6_run_0.csv,1200.0,0.1,0,1.6,0.04,1.6,0,5.5,0.920004,0.0960755,0.000358313,0.920004,0.0,0.102392,86.6034
1200_dose_0.1_gradient_0_VconcST_0.04_Vconc_1.6_run_0.csv,1200.0,0.1,0,1.6,0.04,1.6,0,5.75,1.35999,0.0941714,0.000529673,1.35999,0.0,0.144636,3045.71
1200_dose_0.1_gradient_0_VconcST_0.04_Vconc_1.6_run_0.csv,1200.0,0.1,0,1.6,0.04,1.6,0,6.0,1.78951,0.092305,0.000696961,1.78951,0.0,0.182208,74.3874
1200_dose_0.1_gradient_0_VconcST_0.04_Vconc_1.6_run_0.csv,1200.0,0.1,0,1.6,0.04,1.6,0,6.25,2.2088,0.0904757,0.000860258,2.2088,0.0,0.215832,2745.32
1200_dose_0.1_gradient_0_VconcST_0.04_Vconc_1.6_run_0.csv,1200.0,0.1,0,1.6,0.04,1.6,0,6.5,2.61805,0.0886825,0.00101965,2.61805,0.0,0.246087,67.4531
1200_dose_0.1_gradient_0_VconcST_0.04_Vconc_1.6_run_0.csv,1200.0,0.1,0,1.6,0.04,1.6,0,6.75,3.01747,0.086925,0.00117521,3.01747,0.0,0.273447,2425.42
1200_dose_0.1_gradient_0_VconcST_0.04_Vconc_1.6_run_0.csv,1200.0,0.1,0,1.6,0.04,1.6,0,7.0,3.40726,0.0852022,0.00132702,3.40726,0.0,0.298297,61.0847
1200_dose_0.1_gradient_0_VconcST_0.04_Vconc_1.6_run_0.csv,1200.0,0.1,0,1.6,0.04,1.6,0,7.25,3.78762,0.0835136,0.00147516,3.78762,0.0,0.320961,2248.24
1200_dose_0.1_gradient_0_VconcST_0.04_Vconc_1.6_run_0.csv,1200.0,0.1,0,1.6,0.04,1.6,0,7.5,4.15875,0.0818585,0.0016197,4.15875,0.0,0.341707,60.2961
1200_dose_0.1_gradient_0_VconcST_0.04_Vconc_1.6_run_0.csv,1200.0,0.1,0,1.6,0.04,1.6,0,7.75,4.52083,0.0802361,0.00176072,4.52083,0.0,0.36076,1925.6
1200_dose_0.1_gradient_0_VconcST_0.04_Vconc_1.6_run_0.csv,1200.0,0.1,0,1.6,0.04,1.6,0,8.0,4.87405,0.0786459,0.00189829,4.87405,0.0,0.378314,419.409
1200_dose_0.1_gradient_0_VconcST_0.04_Vconc_1.6_run_0.csv,1200.0,0.1,0,1.6,0.04,1.6,0,8.25,5.21859,0.0770872,0.00203248,5.21859,0.0,0.394532,1205.95
1200_dose_0.1_gradient_0_VconcST_0.04_Vconc_1.6_run_0.csv,1200.0,0.1,0,1.6,0.04,1.6,0,8.5,5.55462,0.0755594,0.00216335,5.55462,0.0,0.409555,1332.71
1200_dose_0.1_gradient_0_VconcST_0.04_Vconc_1.6_run_0.csv,1200.0,0.1,0,1.6,0.04,1.6,0,8.75,5.88233,0.0740619,0.00229099,5.88233,0.0,0.423504,689.275
1200_dose_0.1_gradient_0_VconcST_0.04_Vconc_1.6_run_0.csv,1200.0,0.1,0,1.6,0.04,1.6,0,9.0,6.20189,0.0725941,0.00241544,6.20189,0.0,0.436486,1431.81
1200_dose_0.1_gradient_0_VconcST_0.04_Vconc_1.6_run_0.csv,1200.0,0.1,0,1.6,0.04,1.6,0,9.25,6.51346,0.0711554,0.00253679,6.51346,0.000789931,0.448593,1542.94
1200_dose_0.1_gradient_0_VconcST_0.04_Vconc_1.6_run_0.csv,1200.0,0.1,0,1.6,0.04,1.6,0,9.5,6.8172,0.0697451,0.00265509,6.8172,0.0234462,0.459905,1910.39
1200_dose_0.1_gradient_0_VconcST_0.04_Vconc_1.6_run_0.csv,1200.0,0.1,0,1.6,0.04,1.6,0,9.75,7.1133,0.0683629,0.00277041,7.1133,0.0773524,0.470494,2220.85
1200_dose_0.1_gradient_0_VconcST_0.04_Vconc_1.6_run_0.csv,1200.0,0.1,0,1.6,0.04,1.6,0,10.0,7.40967,0.167008,0.00288584,7.40967,0.162509,0.480423,2360.36
1200_dose_0.1_gradient_0_VconcST_0.04_Vconc_1.6_run_0.csv,1200.0,0.1,0,1.6,0.04,1.6,0,10.25,8.15246,0.163698,0.00317513,8.15246,0.278915,0.504344,2239.24
1200_dose_0.1_gradient_0_VconcST_0.04_Vconc_1.6_run_0.csv,1200.0,0.1,0,1.6,0.04,1.6,0,10.5,8.87715,0.160454,0.00345738,8.87715,0.426571,0.525651,2158.14
1200_dose_0.1_gradient_0_VconcST_0.04_Vconc_1.6_run_0.csv,1200.0,0.1,0,1.6,0.04,1.6,0,10.75,9.58412,0.157274,0.00373272,9.58412,0.605477,0.544743,2019.16
1200_dose_0.1_gradient_0_VconcST_0.04_Vconc_1.6_run_0.csv,1200.0,0.1,0,1.6,0.04,1.6,0,11.0,10.2737,0.154157,0.0040013,10.2737,0.815634,0.561941,1951.84
1200_dose_0.1_gradient_0_VconcST_0.04_Vconc_1.6_run_0.csv,1200.0,0.1,0,1.6,0.04,1.6,0,11.25,10.9464,0.151102,0.00426326,10.9464,1.0,0.577508,1621.15
1200_dose_0.1_gradient_0_VconcST_0.04_Vconc_1.6_run_0.csv,1200.0,0.1,0,1.6,0.04,1.6,0,11.5,11.6023,0.148107,0.00451874,11.6023,1.0,0.59166,1459.64
1200_dose_0.1_gradient_0_VconcST_0.04_Vconc_1.6_run_0.csv,1200.0,0.1,0,1.6,0.04,1.6,0,11.75,12.242,0.145172,0.00476786,12.242,1.0,0.604576,1267.54
1200_dose_0.1_gradient_0_VconcST_0.04_Vconc_1.6_run_0.csv,1200.0,0.1,0,1.6,0.04,1.6,0,12.0,12.8656,0.142295,0.00501076,12.8656,0.940625,0.616406,1034.96
1200_dose_0.1_gradient_0_VconcST_0.04_Vconc_1.6_run_0.csv,1200.0,0.1,0,1.6,0.04,1.6,0,12.25,13.4737,0.139474,0.00524757,13.4737,0.0,0.627277,950.165
1200_dose_0.1_gradient_0_VconcST_0.04_Vconc_1.6_run_0.csv,1200.0,0.1,0,1.6,0.04,1.6,0,12.5,14.0664,0.13671,0.00547842,14.0664,0.0,0.637297,831.991
1200_dose_0.1_gradient_0_VconcST_0.04_Vconc_1.6_run_0.csv,1200.0,0.1,0,1.6,0.04,1.6,0,12.75,14.6441,0.134001,0.00570341,14.6441,0.0,0.646558,765.906
1200_dose_0.1_gradient_0_VconcST_0.04_Vconc_1.6_run_0.csv,1200.0,0.1,0,1.6,0.04,1.6,0,13.0,15.2071,0.131345,0.00592268,15.2071,0.0,0.65514,747.194
1200_dose_0.1_gradient_0_VconcST_0.04_Vconc_1.6_run_0.csv,1200.0,0.1,0,1.6,0.04,1.6,0,13.25,15.7557,0.128742,0.00613635,15.7557,0.0,0.66311,736.888
1200_dose_0.1_gradient_0_VconcST_0.04_Vconc_1.6_run_0.csv,1200.0,0.1,0,1.6,0.04,1.6,0,13.5,16.2902,0.12619,0.00634453,16.2902,0.0,0.67053,735.659
1200_dose_0.1_gradient_0_VconcST_0.04_Vconc_1.6_run_0.csv,1200.0,0.1,0,1.6,0.04,1.6,0,13.75,16.8109,0.123689,0.00654733,16.8109,0.0,0.67745,707.226
1200_dose_0.1_gradient_0_VconcST_0.04_Vconc_1.6_run_0.csv,1200.0,0.1,0,1.6,0.04,1.6,0,14.0,17.3181,0.121238,0.00674486,17.3181,0.0,0.683916,672.784
1200_dose_0.1_gradient_0_VconcST_0.04_Vconc_1.6_run_0.csv,1200.0,0.1,0,1.6,0.04,1.6,0,14.25,17.812,0.118835,0.00693724,17.812,0.0,0.68997,688.674
1200_dose_0.1_gradient_0_VconcST_0.04_Vconc_1.6_run_0.csv,1200.0,0.1,0,1.6,0.04,1.6,0,14.5,18.293,0.11648,0.00712457,18.293,0.0,0.695645,707.073
1200_dose_0.1_gradient_0_VconcST_0.04_Vconc_1.6_run_0.csv,1200.0,0.1,0,1.6,0.04,1.6,0,14.75,18.7613,0.114171,0.00730695,18.7613,0.0,0.700975,663.953
1200_dose_0.1_gradient_0_VconcST_0.04_Vconc_1.6_run_0.csv,1200.0,0.1,0,1.6,0.04,1.6,0,15.0,19.225,0.211909,0.00748753,19.225,0.0,0.705987,652.793
1200_dose_0.1_gradient_0_VconcST_0.04_Vconc_1.6_run_0.csv,1200.0,0.1,0,1.6,0.04,1.6,0,15.25,20.1302,0.207709,0.00784009,20.1302,0.0,0.715458,632.418
1200_dose_0.1_gradient_0_VconcST_0.04_Vconc_1.6_run_0.csv,1200.0,0.1,0,1.6,0.04,1.6,0,15.5,21.0126,0.203592,0.00818377,21.0126,0.0,0.72412,638.334
1200_dose_0.1_gradient_0_VconcST_0.04_Vconc_1.6_run_0.csv,1200.0,0.1,0,1.6,0.04,1.6,0,15.75,21.8727,0.199557,0.00851875,21.8727,0.0,0.73207,608.343
1200_dose_0.1_gradient_0_VconcST_0.04_Vconc_1.6_run_0.csv,1200.0,0.1,0,1.6,0.04,1.6,0,16.0,22.7109,0.195602,0.0088452,22.7109,0.0,0.739389,590.791
1200_dose_0.1_gradient_0_VconcST_0.04_Vconc_1.6_run_0.csv,1200.0,0.1,0,1.6,0.04,1.6,0,16.25,23.5277,0.191726,0.0091633,23.5277,0.0,0.746146,601.43
1200_dose_0.1_gradient_0_VconcST_0.04_Vconc_1.6_run_0.csv,1200.0,0.1,0,1.6,0.04,1.6,0,16.5,24.3234,0.187926,0.00947323,24.3234,0.0,0.752401,578.268
1200_dose_0.1_gradient_0_VconcST_0.04_Vconc_1.6_run_0.csv,1200.0,0.1,0,1.6,0.04,1.6,0,16.75,25.0987,0.184201,0.00977515,25.0987,0.0,0.758205,556.66
1200_dose_0.1_gradient_0_VconcST_0.04_Vconc_1.6_run_0.csv,1200.0,0.1,0,1.6,0.04,1.6,0,17.0,25.8537,0.180551,0.0100692,25.8537,0.0,0.763602,551.169
1200_dose_0.1_gradient_0_VconcST_0.04_Vconc_1.6_run_0.csv,1200.0,0.1,0,1.6,0.04,1.6,0,17.25,26.5891,0.176972,0.0103556,26.5891,0.0,0.768632,559.265
1200_dose_0.1_gradient_0_VconcST_0.04_Vconc_1.6_run_0.csv,1200.0,0.1,0,1.6,0.04,1.6,0,17.5,27.3052,0.173465,0.0106345,27.3052,0.0,0.773329,533.238
1200_dose_0.1_gradient_0_VconcST_0.04_Vconc_1.6_run_0.csv,1200.0,0.1,0,1.6,0.04,1.6,0,17.75,28.0023,0.170027,0.010906,28.0023,0.0,0.777721,514.366
1200_dose_0.1_gradient_0_VconcST_0.04_Vconc_1.6_run_0.csv,1200.0,0.1,0,1.6,0.04,1.6,0,18.0,28.681,0.166657,0.0111703,28.681,0.0,0.781837,508.998
1200_dose_0.1_gradient_0_VconcST_0.04_Vconc_1.6_run_0.csv,1200.0,0.1,0,1.6,0.04,1.6,0,18.25,29.3415,0.163355,0.0114276,29.3415,0.0,0.785699,518.426
1200_dose_0.1_gradient_0_VconcST_0.04_Vconc_1.6_run_0.csv,1200.0,0.1,0,1.6,0.04,1.6,0,18.5,29.9842,0.160117,0.0116779,29.9842,0.0,0.789328,494.349
1200_dose_0.1_gradient_0_VconcST_0.04_Vconc_1.6_run_0.csv,1200.0,0.1,0,1.6,0.04,1.6,0,18.75,30.6096,0.156944,0.0119215,30.6096,0.0,0.792743,489.822
1200_dose_0.1_gradient_0_VconcST_0.04_Vconc_1.6_run_0.csv,1200.0,0.1,0,1.6,0.04,1.6,0,19.0,31.218,0.153833,0.0121584,31.218,0.0,0.79596,500.139
1200_dose_0.1_gradient_0_VconcST_0.04_Vconc_1.6_run_0.csv,1200.0,0.1,0,1.6,0.04,1.6,0,19.25,31.8097,0.150784,0.0123889,31.8097,0.0,0.798995,486.82
1200_dose_0.1_gradient_0_VconcST_0.04_Vconc_1.6_run_0.csv,1200.0,0.1,0,1.6,0.04,1.6,0,19.5,32.3851,0.147796,0.012613,32.3851,0.0,0.801861,473.084
1200_dose_0.1_gradient_0_VconcST_0.04_Vconc_1.6_run_0.csv,1200.0,0.1,0,1.6,0.04,1.6,0,19.75,32.9445,0.144867,0.0128309,32.9445,0.0,0.80457,474.283
1200_dose_0.1_gradient_0_VconcST_0.04_Vconc_1.6_run_0.csv,1200.0,0.1,0,1.6,0.04,1.6,0,20.0,33.4961,0.241996,0.0130457,33.4961,0.0,0.807133,456.607
1200_dose_0.1_gradient_0_VconcST_0.04_Vconc_1.6_run_0.csv,1200.0,0.1,0,1.6,0.04,1.6,0,20.25,34.4861,0.2372,0.0134313,34.4861,0.0,0.811631,466.962
1200_dose_0.1_gradient_0_VconcST_0.04_Vconc_1.6_run_0.csv,1200.0,0.1,0,1.6,0.04,1.6,0,20.5,35.4502,0.232499,0.0138067,35.4502,0.0,0.815814,448.318
1200_dose_0.1_gradient_0_VconcST_0.04_Vconc_1.6_run_0.csv,1200.0,0.1,0,1.6,0.04,1.6,0,20.75,36.389,0.227891,0.0141724,36.389,0.0,0.819712,435.486
1200_dose_0.1_gradient_0_VconcST_0.04_Vconc_1.6_run_0.csv,1200.0,0.1,0,1.6,0.04,1.6,0,21.0,37.3029,0.223374,0.0145283,37.3029,0.0,0.823352,435.662
1200_dose_0.1_gradient_0_VconcST_0.04_Vconc_1.6_run_0.csv,1200.0,0.1,0,1.6,0.04,1.6,0,21.25,38.1925,0.218947,0.0148748,38.1925,0.0,0.826757,418.818
1200_dose_0.1_gradient_0_VconcST_0.04_Vconc_1.6_run_0.csv,1200.0,0.1,0,1.6,0.04,1.6,0,21.5,39.0583,0.214608,0.015212,39.0583,0.0,0.829947,419.326
1200_dose_0.1_gradient_0_VconcST_0.04_Vconc_1.6_run_0.csv,1200.0,0.1,0,1.6,0.04,1.6,0,21.75,39.9008,0.210355,0.0155401,39.9008,0.0,0.83294,408.227
1200_dose_0.1_gradient_0_VconcST_0.04_Vconc_1.6_run_0.csv,1200.0,0.1,0,1.6,0.04,1.6,0,22.0,40.7205,0.206186,0.0158594,40.7205,0.0,0.835753,399.936
1200_dose_0.1_gradient_0_VconcST_0.04_Vconc_1.6_run_0.csv,1200.0,0.1,0,1.6,0.04,1.6,0,22.25,41.5178,0.202099,0.0161699,41.5178,0.0,0.838399,402.652
1200_dose_0.1_gradient_0_VconcST_0.04_Vconc_1.6_run_0.csv,1200.0,0.1,0,1.6,0.04,1.6,0,22.5,42.2933,0.198094,0.0164719,42.2933,0.0,0.840893,381.243
1200_dose_0.1_gradient_0_VconcST_0.04_Vconc_1.6_run_0.csv,1200.0,0.1,0,1.6,0.04,1.6,0,22.75,43.0473,0.194168,0.0167656,43.0473,0.0,0.843244,388.043
1200_dose_0.1_gradient_0_VconcST_0.04_Vconc_1.6_run_0.csv,1200.0,0.1,0,1.6,0.04,1.6,0,23.0,43.7803,0.19032,0.0170511,43.7803,0.0,0.845465,375.761
1200_dose_0.1_gradient_0_VconcST_0.04_Vconc_1.6_run_0.csv,1200.0,0.1,0,1.6,0.04,1.6,0,23.25,44.4928,0.186548,0.0173286,44.4928,0.0,0.847564,374.441
1200_dose_0.1_gradient_0_VconcST_0.04_Vconc_1.6_run_0.csv,1200.0,0.1,0,1.6,0.04,1.6,0,23.5,45.1852,0.182851,0.0175982,45.1852,0.0,0.84955,376.86
1200_dose_0.1_gradient_0_VconcST_0.04_Vconc_1.6_run_0.csv,1200.0,0.1,0,1.6,0.04,1.6,0,23.75,45.8578,0.179227,0.0178602,45.8578,0.0,0.85143,362.733
1200_dose_0.1_gradient_0_VconcST_0.04_Vconc_1.6_run_0.csv,1200.0,0.1,0,1.6,0.04,1.6,0,24.0,46.5112,0.175675,0.0181147,46.5112,0.0,0.853212,365.024
1200_dose_0.1_gradient_0_VconcST_0.04_Vconc_1.6_run_0.csv,1200.0,0.1,0,1.6,0.04,1.6,0,24.25,47.1458,0.172193,0.0183618,47.1458,0.0,0.854903,355.688
1200_dose_0.1_gradient_0_VconcST_0.04_Vconc_1.6_run_0.csv,1200.0,0.1,0,1.6,0.04,1.6,0,24.5,47.7618,0.16878,0.0186017,47.7618,0.0,0.856507,360.028
1200_dose_0.1_gradient_0_VconcST_0.04_Vconc_1.6_run_0.csv,1200.0,0.1,0,1.6,0.04,1.6,0,24.75,48.3598,0.165435,0.0188346,48.3598,0.0,0.85803,356.553
1200_dose_0.1_gradient_0_VconcST_0.04_Vconc_1.6_run_0.csv,1200.0,0.1,0,1.6,0.04,1.6,0,25.0,48.9478,0.262157,0.0190637,48.9478,0.0,0.859478,355.152
1200_dose_0.1_gradient_0_VconcST_0.04_Vconc_1.6_run_0.csv,1200.0,0.1,0,1.6,0.04,1.6,0,25.25,49.9723,0.256961,0.0194627,49.9723,0.0,0.861963,343.726
1200_dose_0.1_gradient_0_VconcST_0.04_Vconc_1.6_run_0.csv,1200.0,0.1,0,1.6,0.04,1.6,0,25.5,50.9689,0.251868,0.0198508,50.9689,0.0,0.864298,338.129
1200_dose_0.1_gradient_0_VconcST_0.04_Vconc_1.6_run_0.csv,1200.0,0.1,0,1.6,0.04,1.6,0,25.75,51.9382,0.246877,0.0202283,51.9382,0.0,0.866494,332.281
1200_dose_0.1_gradient_0_VconcST_0.04_Vconc_1.6_run_0.csv,1200.0,0.1,0,1.6,0.04,1.6,0,26.0,52.8808,0.241984,0.0205954,52.8808,0.0,0.868562,327.975
1200_dose_0.1_gradient_0_VconcST_0.04_Vconc_1.6_run_0.csv,1200.0,0.1,0,1.6,0.04,1.6,0,26.25,53.7973,0.237188,0.0209524,53.7973,0.0,0.870513,330.604
1200_dose_0.1_gradient_0_VconcST_0.04_Vconc_1.6_run_0.csv,1200.0,0.1,0,1.6,0.04,1.6,0,26.5,54.6881,0.232487,0.0212993,54.6881,0.0,0.872354,321.899
1200_dose_0.1_gradient_0_VconcST_0.04_Vconc_1.6_run_0.csv,1200.0,0.1,0,1.6,0.04,1.6,0,26.75,55.5539,0.22788,0.0216365,55.5539,0.0,0.874094,313.159
1200_dose_0.1_gradient_0_VconcST_0.04_Vconc_1.6_run_0.csv,1200.0,0.1,0,1.6,0.04,1.6,0,27.0,56.3951,0.223363,0.0219641,56.3951,0.0,0.87574,325.474
1200_dose_0.1_gradient_0_VconcST_0.04_Vconc_1.6_run_0.csv,1200.0,0.1,0,1.6,0.04,1.6,0,27.25,57.2123,0.218936,0.0222824,57.2123,0.0,0.877298,309.747
1200_dose_0.1_gradient_0_VconcST_0.04_Vconc_1.6_run_0.csv,1200.0,0.1,0,1.6,0.04,1.6,0,27.5,58.0059,0.214597,0.0225915,58.0059,0.0,0.878775,304.892
1200_dose_0.1_gradient_0_VconcST_0.04_Vconc_1.6_run_0.csv,1200.0,0.1,0,1.6,0.04,1.6,0,27.75,58.7765,0.210344,0.0228916,58.7765,0.0,0.880175,298.579
1200_dose_0.1_gradient_0_VconcST_0.04_Vconc_1.6_run_0.csv,1200.0,0.1,0,1.6,0.04,1.6,0,28.0,59.5246,0.206175,0.023183,59.5246,0.0,0.881503,299.791
1200_dose_0.1_gradient_0_VconcST_0.04_Vconc_1.6_run_0.csv,1200.0,0.1,0,1.6,0.04,1.6,0,28.25,60.2506,0.202089,0.0234657,60.2506,0.0,0.882764,301.668
1200_dose_0.1_gradient_0_VconcST_0.04_Vconc_1.6_run_0.csv,1200.0,0.1,0,1.6,0.04,1.6,0,28.5,60.9549,0.198084,0.02374,60.9549,0.0,0.883963,291.419
1200_dose_0.1_gradient_0_VconcST_0.04_Vconc_1.6_run_0.csv,1200.0,0.1,0,1.6,0.04,1.6,0,28.75,61.6381,0.194158,0.0240061,61.6381,0.0,0.885102,287.553
1200_dose_0.1_gradient_0_VconcST_0.04_Vconc_8_run_0.csv,1200.0,0.1,0,8.0,0.04,8.0,0,0.0,0.0,0.0,0.0,0.0,0.0,0.0,0.0
1200_dose_0.1_gradient_0_VconcST_0.04_Vconc_8_run_0.csv,1200.0,0.1,0,8.0,0.04,8.0,0,0.25,0.0,0.0,0.0,0.0,0.0,0.0,10000.0
1200_dose_0.1_gradient_0_VconcST_0.04_Vconc_8_run_0.csv,1200.0,0.1,0,8.0,0.04,8.0,0,0.5,0.0,0.0,0.0,0.0,0.0,0.0,903.612
1200_dose_0.1_gradient_0_VconcST_0.04_Vconc_8_run_0.csv,1200.0,0.1,0,8.0,0.04,8.0,0,0.75,0.0,0.0,0.0,0.0,0.0,0.0,10000.0
1200_dose_0.1_gradient_0_VconcST_0.04_Vconc_8_run_0.csv,1200.0,0.1,0,8.0,0.04,8.0,0,1.0,0.0,0.0,0.0,0.0,0.0,0.0,900.183
1200_dose_0.1_gradient_0_VconcST_0.04_Vconc_8_run_0.csv,1200.0,0.1,0,8.0,0.04,8.0,0,1.25,0.0,0.0,0.0,0.0,0.0,0.0,10000.0
1200_dose_0.1_gradient_0_VconcST_0.04_Vconc_8_run_0.csv,1200.0,0.1,0,8.0,0.04,8.0,0,1.5,0.0,0.0,0.0,0.0,0.0,0.0,887.838
1200_dose_0.1_gradient_0_VconcST_0.04_Vconc_8_run_0.csv,1200.0,0.1,0,8.0,0.04,8.0,0,1.75,0.0,0.0,0.0,0.0,0.0,0.0,10000.0
1200_dose_0.1_gradient_0_VconcST_0.04_Vconc_8_run_0.csv,1200.0,0.1,0,8.0,0.04,8.0,0,2.0,0.0,0.0,0.0,0.0,0.0,0.0,896.937
1200_dose_0.1_gradient_0_VconcST_0.04_Vconc_8_run_0.csv,1200.0,0.1,0,8.0,0.04,8.0,0,2.25,0.0,0.0,0.0,0.0,0.0,0.0,10000.0
1200_dose_0.1_gradient_0_VconcST_0.04_Vconc_8_run_0.csv,1200.0,0.1,0,8.0,0.04,8.0,0,2.5,0.0,0.0,0.0,0.0,0.0,0.0,890.551
1200_dose_0.1_gradient_0_VconcST_0.04_Vconc_8_run_0.csv,1200.0,0.1,0,8.0,0.04,8.0,0,2.75,0.0,0.0,0.0,0.0,0.0,0.0,10000.0
1200_dose_0.1_gradient_0_VconcST_0.04_Vconc_8_run_0.csv,1200.0,0.1,0,8.0,0.04,8.0,0,3.0,0.0,0.0,0.0,0.0,0.0,0.0,905.159
1200_dose_0.1_gradient_0_VconcST_0.04_Vconc_8_run_0.csv,1200.0,0.1,0,8.0,0.04,8.0,0,3.25,0.0,0.0,0.0,0.0,0.0,0.0,10000.0
1200_dose_0.1_gradient_0_VconcST_0.04_Vconc_8_run_0.csv,1200.0,0.1,0,8.0,0.04,8.0,0,3.5,0.0,0.0,0.0,0.0,0.0,0.0,891.799
1200_dose_0.1_gradient_0_VconcST_0.04_Vconc_8_run_0.csv,1200.0,0.1,0,8.0,0.04,8.0,0,3.75,0.0,0.0,0.0,0.0,0.0,0.0,10000.0
1200_dose_0.1_gradient_0_VconcST_0.04_Vconc_8_run_0.csv,1200.0,0.1,0,8.0,0.04,8.0,0,4.0,0.0,0.0,0.0,0.0,0.0,0.0,896.85
1200_dose_0.1_gradient_0_VconcST_0.04_Vconc_8_run_0.csv,1200.0,0.1,0,8.0,0.04,8.0,0,4.25,0.0,0.0,0.0,0.0,0.0,0.0,10000.0
1200_dose_0.1_gradient_0_VconcST_0.04_Vconc_8_run_0.csv,1200.0,0.1,0,8.0,0.04,8.0,0,4.5,0.0,0.0,0.0,0.0,0.0,0.0,904.274
1200_dose_0.1_gradient_0_VconcST_0.04_Vconc_8_run_0.csv,1200.0,0.1,0,8.0,0.04,8.0,0,4.75,0.0,0.0,0.0,0.0,0.0,0.0,10000.0
1200_dose_0.1_gradient_0_VconcST_0.04_Vconc_8_run_0.csv,1200.0,0.1,0,8.0,0.04,8.0,0,5.0,0.00778626,0.1,3.0325e-06,0.00778626,0.0,0.0,895.052
1200_dose_0.1_gradient_0_VconcST_0.04_Vconc_8_run_0.csv,1200.0,0.1,0,8.0,0.04,8.0,0,5.25,0.469344,0.0980181,0.000182795,0.469344,0.0,0.0545682,10000.0
1200_dose_0.1_gradient_0_VconcST_0.04_Vconc_8_run_0.csv,1200.0,0.1,0,8.0,0.04,8.0,0,5.5,0.920004,0.0960755,0.000358313,0.920004,0.0,0.102392,840.176
1200_dose_0.1_gradient_0_VconcST_0.04_Vconc_8_run_0.csv,1200.0,0.1,0,8.0,0.04,8.0,0,5.75,1.35999,0.0941714,0.000529673,1.35999,0.0,0.144636,10000.0
1200_dose_0.1_gradient_0_VconcST_0.04_Vconc_8_run_0.csv,1200.0,0.1,0,8.0,0.04,8.0,0,6.0,1.78951,0.092305,0.000696961,1.78951,0.0,0.182208,779.566
1200_dose_0.1_gradient_0_VconcST_0.04_Vconc_8_run_0.csv,1200.0,0.1,0,8.0,0.04,8.0,0,6.25,2.2088,0.0904757,0.000860258,2.2088,0.0,0.215832,10000.0
1200_dose_0.1_gradient_0_VconcST_0.04_Vconc_8_run_0.csv,1200.0,0.1,0,8.0,0.04,8.0,0,6.5,2.61805,0.0886825,0.00101965,2.61805,0.0,0.246087,698.237
1200_dose_0.1_gradient_0_VconcST_0.04_Vconc_8_run_0.csv,1200.0,0.1,0,8.0,0.04,8.0,0,6.75,3.01747,0.086925,0.00117521,3.01747,0.0,0.273447,10000.0
1200_dose_0.1_gradient_0_VconcST_0.04_Vconc_8_run_0.csv,1200.0,0.1,0,8.0,0.04,8.0,0,7.0,3.40726,0.0852022,0.00132702,3.40726,0.0,0.298297,676.538
1200_dose_0.1_gradient_0_VconcST_0.04_Vconc_8_run_0.csv,1200.0,0.1,0,8.0,0.04,8.0,0,7.25,3.78762,0.0835136,0.00147516,3.78762,0.0,0.320961,10000.0
1200_dose_0.1_gradient_0_VconcST_0.04_Vconc_8_run_0.csv,1200.0,0.1,0,8.0,0.04,8.0,0,7.5,4.15875,0.0818585,0.0016197,4.15875,0.0,0.341707,628.481
1200_dose_0.1_gradient_0_VconcST_0.04_Vconc_8_run_0.csv,1200.0,0.1,0,8.0,0.04,8.0,0,7.75,4.52083,0.0802361,0.00176072,4.52083,0.0,0.36076,10000.0
1200_dose_0.1_gradient_0_VconcST_0.04_Vconc_8_run_0.csv,1200.0,0.1,0,8.0,0.04,8.0,0,8.0,4.87405,0.0786459,0.00189829,4.87405,0.0,0.378314,584.999
1200_dose_0.1_gradient_0_VconcST_0.04_Vconc_8_run_0.csv,1200.0,0.1,0,8.0,0.04,8.0,0,8.25,5.21859,0.0770872,0.00203248,5.21859,0.0,0.394532,10000.0
1200_dose_0.1_gradient_0_VconcST_0.04_Vconc_8_run_0.csv,1200.0,0.1,0,8.0,0.04,8.0,0,8.5,5.55462,0.0755594,0.00216335,5.55462,0.0,0.409555,560.923
1200_dose_0.1_gradient_0_VconcST_0.04_Vconc_8_run_0.csv,1200.0,0.1,0,8.0,0.04,8.0,0,8.75,5.88233,0.0740619,0.00229099,5.88233,0.0,0.423504,10000.0
1200_dose_0.1_gradient_0_VconcST_0.04_Vconc_8_run_0.csv,1200.0,0.1,0,8.0,0.04,8.0,0,9.0,6.20189,0.0725941,0.00241544,6.20189,0.0,0.436486,510.186
1200_dose_0.1_gradient_0_VconcST_0.04_Vconc_8_run_0.csv,1200.0,0.1,0,8.0,0.04,8.0,0,9.25,6.51346,0.0711554,0.00253679,6.51346,0.0,0.448593,10000.0
1200_dose_0.1_gradient_0_VconcST_0.04_Vconc_8_run_0.csv,1200.0,0.1,0,8.0,0.04,8.0,0,9.5,6.8172,0.0697451,0.00265509,6.8172,0.0,0.459905,480.1
1200_dose_0.1_gradient_0_VconcST_0.04_Vconc_8_run_0.csv,1200.0,0.1,0,8.0,0.04,8.0,0,9.75,7.1133,0.0683629,0.00277041,7.1133,0.0,0.470494,10000.0
1200_dose_0.1_gradient_0_VconcST_0.04_Vconc_8_run_0.csv,1200.0,0.1,0,8.0,0.04,8.0,0,10.0,7.40967,0.167008,0.00288584,7.40967,0.0,0.480423,441.207
1200_dose_0.1_gradient_0_VconcST_0.04_Vconc_8_run_0.csv,1200.0,0.1,0,8.0,0.04,8.0,0,10.25,8.15246,0.163698,0.00317513,8.15246,0.0,0.504344,9835.56
1200_dose_0.1_gradient_0_VconcST_0.04_Vconc_8_run_0.csv,1200.0,0.1,0,8.0,0.04,8.0,0,10.5,8.87715,0.160454,0.00345738,8.87715,0.0,0.525651,394.827
1200_dose_0.1_gradient_0_VconcST_0.04_Vconc_8_run_0.csv,1200.0,0.1,0,8.0,0.04,8.0,0,10.75,9.58412,0.157274,0.00373272,9.58412,0.0,0.544743,9039.12
1200_dose_0.1_gradient_0_VconcST_0.04_Vconc_8_run_0.csv,1200.0,0.1,0,8.0,0.04,8.0,0,11.0,10.2737,0.154157,0.0040013,10.2737,0.0,0.561941,353.023
1200_dose_0.1_gradient_0_VconcST_0.04_Vconc_8_run_0.csv,1200.0,0.1,0,8.0,0.04,8.0,0,11.25,10.9464,0.151102,0.00426326,10.9464,0.0,0.577508,8567.79
1200_dose_0.1_gradient_0_VconcST_0.04_Vconc_8_run_0.csv,1200.0,0.1,0,8.0,0.04,8.0,0,11.5,11.6023,0.148107,0.00451874,11.6023,0.0,0.59166,330.125
1200_dose_0.1_gradient_0_VconcST_0.04_Vconc_8_run_0.csv,1200.0,0.1,0,8.0,0.04,8.0,0,11.75,12.242,0.145172,0.00476786,12.242,0.00917969,0.604576,8044.59
1200_dose_0.1_gradient_0_VconcST_0.04_Vconc_8_run_0.csv,1200.0,0.1,0,8.0,0.04,8.0,0,12.0,12.8656,0.142295,0.00501076,12.8656,0.0,0.616406,280.858
1200_dose_0.1_gradient_0_VconcST_0.04_Vconc_8_run_0.csv,1200.0,0.1,0,8.0,0.04,8.0,0,12.25,13.4737,0.139474,0.00524757,13.4737,0.0,0.627277,7259.73
1200_dose_0.1_gradient_0_VconcST_0.04_Vconc_8_run_0.csv,1200.0,0.1,0,8.0,0.04,8.0,0,12.5,14.0664,0.13671,0.00547842,14.0664,0.0,0.637297,255.922
1200_dose_0.1_gradient_0_VconcST_0.04_Vconc_8_run_0.csv,1200.0,0.1,0,8.0,0.04,8.0,0,12.75,14.6441,0.134001,0.00570341,14.6441,0.0101172,0.646558,6855.98
1200_dose_0.1_gradient_0_VconcST_0.04_Vconc_8_run_0.csv,1200.0,0.1,0,8.0,0.04,8.0,0,13.0,15.2071,0.131345,0.00592268,15.2071,0.0,0.65514,229.39
1200_dose_0.1_gradient_0_VconcST_0.04_Vconc_8_run_0.csv,1200.0,0.1,0,8.0,0.04,8.0,0,13.25,15.7557,0.128742,0.00613635,15.7557,0.00871094,0.66311,6201.42
1200_dose_0.1_gradient_0_VconcST_0.04_Vconc_8_run_0.csv,1200.0,0.1,0,8.0,0.04,8.0,0,13.5,16.2902,0.12619,0.00634453,16.2902,0.0,0.67053,224.042
1200_dose_0.1_gradient_0_VconcST_0.04_Vconc_8_run_0.csv,1200.0,0.1,0,8.0,0.04,8.0,0,13.75,16.8109,0.123689,0.00654733,16.8109,0.00894748,0.67745,6239.71
1200_dose_0.1_gradient_0_VconcST_0.04_Vconc_8_run_0.csv,1200.0,0.1,0,8.0,0.04,8.0,0,14.0,17.3181,0.121238,0.00674486,17.3181,0.0,0.683916,212.482
1200_dose_0.1_gradient_0_VconcST_0.04_Vconc_8_run_0.csv,1200.0,0.1,0,8.0,0.04,8.0,0,14.25,17.812,0.118835,0.00693724,17.812,0.00968967,0.68997,5808.65
1200_dose_0.1_gradient_0_VconcST_0.04_Vconc_8_run_0.csv,1200.0,0.1,0,8.0,0.04,8.0,0,14.5,18.293,0.11648,0.00712457,18.293,0.0,0.695645,215.54
1200_dose_0.1_gradient_0_VconcST_0.04_Vconc_8_run_0.csv,1200.0,0.1,0,8.0,0.04,8.0,0,14.75,18.7613,0.114171,0.00730695,18.7613,0.0134006,0.700975,7075.23
1200_dose_0.1_gradient_0_VconcST_0.04_Vconc_8_run_0.csv,1200.0,0.1,0,8.0,0.04,8.0,0,15.0,19.225,0.211909,0.00748753,19.225,0.0,0.705987,219.068
1200_dose_0.1_gradient_0_VconcST_0.04_Vconc_8_run_0.csv,1200.0,0.1,0,8.0,0.04,8.0,0,15.25,20.1302,0.207709,0.00784009,20.1302,0.0185959,0.715458,6742.03
1200_dose_0.1_gradient_0_VconcST_0.04_Vconc_8_run_0.csv,1200.0,0.1,0,8.0,0.04,8.0,0,15.5,21.0126,0.203592,0.00818377,21.0126,0.0,0.72412,660.047
1200_dose_0.1_gradient_0_VconcST_0.04_Vconc_8_run_0.csv,1200.0,0.1,0,8.0,0.04,8.0,0,15.75,21.8727,0.199557,0.00851875,21.8727,0.0227192,0.73207,5040.13
1200_dose_0.1_gradient_0_VconcST_0.04_Vconc_8_run_0.csv,1200.0,0.1,0,8.0,0.04,8.0,0,16.0,22.7109,0.195602,0.0088452,22.7109,0.0,0.739389,5059.28
1200_dose_0.1_gradient_0_VconcST_0.04_Vconc_8_run_0.csv,1200.0,0.1,0,8.0,0.04,8.0,0,16.25,23.5277,0.191726,0.0091633,23.5277,0.0267188,0.746146,5037.43
1200_dose_0.1_gradient_0_VconcST_0.04_Vconc_8_run_0.csv,1200.0,0.1,0,8.0,0.04,8.0,0,16.5,24.3234,0.187926,0.00947323,24.3234,0.0,0.752401,5052.25
1200_dose_0.1_gradient_0_VconcST_0.04_Vconc_8_run_0.csv,1200.0,0.1,0,8.0,0.04,8.0,0,16.75,25.0987,0.184201,0.00977515,25.0987,0.0282856,0.758205,5036.1
1200_dose_0.1_gradient_0_VconcST_0.04_Vconc_8_run_0.csv,1200.0,0.1,0,8.0,0.04,8.0,0,17.0,25.8537,0.180551,0.0100692,25.8537,0.0,0.763602,5046.41
1200_dose_0.1_gradient_0_VconcST_0.04_Vconc_8_run_0.csv,1200.0,0.1,0,8.0,0.04,8.0,0,17.25,26.5891,0.176972,0.0103556,26.5891,0.0296875,0.768632,5034.06
1200_dose_0.1_gradient_0_VconcST_0.04_Vconc_8_run_0.csv,1200.0,0.1,0,8.0,0.04,8.0,0,17.5,27.3052,0.173465,0.0106345,27.3052,0.0,0.773329,5043.61
1200_dose_0.1_gradient_0_VconcST_0.04_Vconc_8_run_0.csv,1200.0,0.1,0,8.0,0.04,8.0,0,17.75,28.0023,0.170027,0.010906,28.0023,0.0311719,0.777721,5032.5
1200_dose_0.1_gradient_0_VconcST_0.04_Vconc_8_run_0.csv,1200.0,0.1,0,8.0,0.04,8.0,0,18.0,28.681,0.166657,0.0111703,28.681,0.0,0.781837,5039.23
1200_dose_0.1_gradient_0_VconcST_0.04_Vconc_8_run_0.csv,1200.0,0.1,0,8.0,0.04,8.0,0,18.25,29.3415,0.163355,0.0114276,29.3415,0.0326562,0.785699,5031.4
1200_dose_0.1_gradient_0_VconcST_0.04_Vconc_8_run_0.csv,1200.0,0.1,0,8.0,0.04,8.0,0,18.5,29.9842,0.160117,0.0116779,29.9842,0.0,0.789328,4997.62
1200_dose_0.1_gradient_0_VconcST_0.04_Vconc_8_run_0.csv,1200.0,0.1,0,8.0,0.04,8.0,0,18.75,30.6096,0.156944,0.0119215,30.6096,0.0341406,0.792743,5029.82
1200_dose_0.1_gradient_0_VconcST_0.04_Vconc_8_run_0.csv,1200.0,0.1,0,8.0,0.04,8.0,0,19.0,31.218,0.153833,0.0121584,31.218,0.0,0.79596,4913.27
1200_dose_0.1_gradient_0_VconcST_0.04_Vconc_8_run_0.csv,1200.0,0.1,0,8.0,0.04,8.0,0,19.25,31.8097,0.150784,0.0123889,31.8097,0.035625,0.798995,4831.15
1200_dose_0.1_gradient_0_VconcST_0.04_Vconc_8_run_0.csv,1200.0,0.1,0,8.0,0.04,8.0,0,19.5,32.3851,0.147796,0.012613,32.3851,0.074987,0.801861,4832.4
1200_dose_0.1_gradient_0_VconcST_0.04_Vconc_8_run_0.csv,1200.0,0.1,0,8.0,0.04,8.0,0,19.75,32.9445,0.144867,0.0128309,32.9445,0.193359,0.80457,4670.69
1200_dose_0.1_gradient_0_VconcST_0.04_Vconc_8_run_0.csv,1200.0,0.1,0,8.0,0.04,8.0,0,20.0,33.4961,0.241996,0.0130457,33.4961,0.316758,0.807133,4699.53
1200_dose_0.1_gradient_0_VconcST_0.04_Vconc_8_run_0.csv,1200.0,0.1,0,8.0,0.04,8.0,0,20.25,34.4861,0.2372,0.0134313,34.4861,0.441042,0.811631,4470.7
1200_dose_0.1_gradient_0_VconcST_0.04_Vconc_8_run_0.csv,1200.0,0.1,0,8.0,0.04,8.0,0,20.5,35.4502,0.232499,0.0138067,35.4502,0.569141,0.815814,4240.48
1200_dose_0.1_gradient_0_VconcST_0.04_Vconc_8_run_0.csv,1200.0,0.1,0,8.0,0.04,8.0,0,20.75,36.389,0.227891,0.0141724,36.389,0.697422,0.819712,4149.13
1200_dose_0.1_gradient_0_VconcST_0.04_Vconc_8_run_0.csv,1200.0,0.1,0,8.0,0.04,8.0,0,21.0,37.3029,0.223374,0.0145283,37.3029,0.826055,0.823352,3989.53
1200_dose_0.1_gradient_0_VconcST_0.04_Vconc_8_run_0.csv,1200.0,0.1,0,8.0,0.04,8.0,0,21.25,38.1925,0.218947,0.0148748,38.1925,0.954258,0.826757,3945.96
1200_dose_0.1_gradient_0_VconcST_0.04_Vconc_8_run_0.csv,1200.0,0.1,0,8.0,0.04,8.0,0,21.5,39.0583,0.214608,0.015212,39.0583,1.0,0.829947,3756.11
1200_dose_0.1_gradient_0_VconcST_0.04_Vconc_8_run_0.csv,1200.0,0.1,0,8.0,0.04,8.0,0,21.75,39.9008,0.210355,0.0155401,39.9008,1.0,0.83294,3756.99
1200_dose_0.1_gradient_0_VconcST_0.04_Vconc_8_run_0.csv,1200.0,0.1,0,8.0,0.04,8.0,0,22.0,40.7205,0.206186,0.0158594,40.7205,1.0,0.835753,3671.16
1200_dose_0.1_gradient_0_VconcST_0.04_Vconc_8_run_0.csv,1200.0,0.1,0,8.0,0.04,8.0,0,22.25,41.5178,0.202099,0.0161699,41.5178,1.0,0.838399,3627.95
1200_dose_0.1_gradient_0_VconcST_0.04_Vconc_8_run_0.csv,1200.0,0.1,0,8.0,0.04,8.0,0,22.5,42.2933,0.198094,0.0164719,42.2933,1.0,0.840893,3571.33
1200_dose_0.1_gradient_0_VconcST_0.04_Vconc_8_run_0.csv,1200.0,0.1,0,8.0,0.04,8.0,0,22.75,43.0473,0.194168,0.0167656,43.0473,1.0,0.843244,3476.17
1200_dose_0.1_gradient_0_VconcST_0.04_Vconc_8_run_0.csv,1200.0,0.1,0,8.0,0.04,8.0,0,23.0,43.7803,0.19032,0.0170511,43.7803,1.0,0.845465,3410.08
1200_dose_0.1_gradient_0_VconcST_0.04_Vconc_8_run_0.csv,1200.0,0.1,0,8.0,0.04,8.0,0,23.25,44.4928,0.186548,0.0173286,44.4928,1.0,0.847564,3295.19
1200_dose_0.1_gradient_0_VconcST_0.04_Vconc_8_run_0.csv,1200.0,0.1,0,8.0,0.04,8.0,0,23.5,45.1852,0.182851,0.0175982,45.1852,1.0,0.84955,3308.0
1200_dose_0.1_gradient_0_VconcST_0.04_Vconc_8_run_0.csv,1200.0,0.1,0,8.0,0.04,8.0,0,23.75,45.8578,0.179227,0.0178602,45.8578,1.0,0.85143,3311.64
1200_dose_0.1_gradient_0_VconcST_0.04_Vconc_8_run_0.csv,1200.0,0.1,0,8.0,0.04,8.0,0,24.0,46.5112,0.175675,0.0181147,46.5112,1.0,0.853212,3281.22
1200_dose_0.1_gradient_0_VconcST_0.04_Vconc_8_run_0.csv,1200.0,0.1,0,8.0,0.04,8.0,0,24.25,47.1458,0.172193,0.0183618,47.1458,1.0,0.854903,3117.29
1200_dose_0.1_gradient_0_VconcST_0.04_Vconc_8_run_0.csv,1200.0,0.1,0,8.0,0.04,8.0,0,24.5,47.7618,0.16878,0.0186017,47.7618,1.0,0.856507,3134.32
1200_dose_0.1_gradient_0_VconcST_0.04_Vconc_8_run_0.csv,1200.0,0.1,0,8.0,0.04,8.0,0,24.75,48.3598,0.165435,0.0188346,48.3598,1.0,0.85803,3111.45
1200_dose_0.1_gradient_0_VconcST_0.04_Vconc_8_run_0.csv,1200.0,0.1,0,8.0,0.04,8.0,0,25.0,48.9478,0.262157,0.0190637,48.9478,1.0,0.859478,3063.11
1200_dose_0.1_gradient_0_VconcST_0.04_Vconc_8_run_0.csv,1200.0,0.1,0,8.0,0.04,8.0,0,25.25,49.9723,0.256961,0.0194627,49.9723,1.0,0.861963,2998.1
1200_dose_0.1_gradient_0_VconcST_0.04_Vconc_8_run_0.csv,1200.0,0.1,0,8.0,0.04,8.0,0,25.5,50.9689,0.251868,0.0198508,50.9689,1.0,0.864298,3005.41
1200_dose_0.1_gradient_0_VconcST_0.04_Vconc_8_run_0.csv,1200.0,0.1,0,8.0,0.04,8.0,0,25.75,51.9382,0.246877,0.0202283,51.9382,1.0,0.866494,2940.47
1200_dose_0.1_gradient_0_VconcST_0.04_Vconc_8_run_0.csv,1200.0,0.1,0,8.0,0.04,8.0,0,26.0,52.8808,0.241984,0.0205954,52.8808,1.0,0.868562,2877.42
1200_dose_0.1_gradient_0_VconcST_0.04_Vconc_8_run_0.csv,1200.0,0.1,0,8.0,0.04,8.0,0,26.25,53.7973,0.237188,0.0209524,53.7973,1.0,0.870513,2861.76
1200_dose_0.1_gradient_0_VconcST_0.04_Vconc_8_run_0.csv,1200.0,0.1,0,8.0,0.04,8.0,0,26.5,54.6881,0.232487,0.0212993,54.6881,1.0,0.872354,2798.73
1200_dose_0.1_gradient_0_VconcST_0.04_Vconc_8_run_0.csv,1200.0,0.1,0,8.0,0.04,8.0,0,26.75,55.5539,0.22788,0.0216365,55.5539,1.0,0.874094,2826.79
1200_dose_0.1_gradient_0_VconcST_0.04_Vconc_8_run_0.csv,1200.0,0.1,0,8.0,0.04,8.0,0,27.0,56.3951,0.223363,0.0219641,56.3951,1.0,0.87574,2816.46
1200_dose_0.1_gradient_0_VconcST_0.04_Vconc_8_run_0.csv,1200.0,0.1,0,8.0,0.04,8.0,0,27.25,57.2123,0.218936,0.0222824,57.2123,1.0,0.877298,2794.51
1200_dose_0.1_gradient_0_VconcST_0.04_Vconc_8_run_0.csv,1200.0,0.1,0,8.0,0.04,8.0,0,27.5,58.0059,0.214597,0.0225915,58.0059,1.0,0.878775,2770.78
1200_dose_0.1_gradient_0_VconcST_0.04_Vconc_8_run_0.csv,1200.0,0.1,0,8.0,0.04,8.0,0,27.75,58.7765,0.210344,0.0228916,58.7765,1.0,0.880175,2603.19
1200_dose_0.1_gradient_0_VconcST_0.04_Vconc_8_run_0.csv,1200.0,0.1,0,8.0,0.04,8.0,0,28.0,59.5246,0.206175,0.023183,59.5246,1.0,0.881503,2615.37
1200_dose_0.1_gradient_0_VconcST_0.04_Vconc_8_run_0.csv,1200.0,0.1,0,8.0,0.04,8.0,0,28.25,60.2506,0.202089,0.0234657,60.2506,1.0,0.882764,2657.9
1200_dose_0.1_gradient_0_VconcST_0.04_Vconc_8_run_0.csv,1200.0,0.1,0,8.0,0.04,8.0,0,28.5,60.9549,0.198084,0.02374,60.9549,1.0,0.883963,2589.72
1200_dose_0.1_gradient_0_VconcST_0.04_Vconc_8_run_0.csv,1200.0,0.1,0,8.0,0.04,8.0,0,28.75,61.6381,0.194158,0.0240061,61.6381,1.0,0.885102,2628.38
1200_dose_0.1_gradient_0_VconcST_0.04_Vconc_4_run_0.csv,1200.0,0.1,0,4.0,0.04,4.0,0,0.0,0.0,0.0,0.0,0.0,0.0,0.0,0.0
1200_dose_0.1_gradient_0_VconcST_0.04_Vconc_4_run_0.csv,1200.0,0.1,0,4.0,0.04,4.0,0,0.25,0.0,0.0,0.0,0.0,0.0,0.0,10000.0
1200_dose_0.1_gradient_0_VconcST_0.04_Vconc_4_run_0.csv,1200.0,0.1,0,4.0,0.04,4.0,0,0.5,0.0,0.0,0.0,0.0,0.0,0.0,456.459
1200_dose_0.1_gradient_0_VconcST_0.04_Vconc_4_run_0.csv,1200.0,0.1,0,4.0,0.04,4.0,0,0.75,0.0,0.0,0.0,0.0,0.0,0.0,10000.0
1200_dose_0.1_gradient_0_VconcST_0.04_Vconc_4_run_0.csv,1200.0,0.1,0,4.0,0.04,4.0,0,1.0,0.0,0.0,0.0,0.0,0.0,0.0,445.736
1200_dose_0.1_gradient_0_VconcST_0.04_Vconc_4_run_0.csv,1200.0,0.1,0,4.0,0.04,4.0,0,1.25,0.0,0.0,0.0,0.0,0.0,0.0,10000.0
1200_dose_0.1_gradient_0_VconcST_0.04_Vconc_4_run_0.csv,1200.0,0.1,0,4.0,0.04,4.0,0,1.5,0.0,0.0,0.0,0.0,0.0,0.0,463.821
1200_dose_0.1_gradient_0_VconcST_0.04_Vconc_4_run_0.csv,1200.0,0.1,0,4.0,0.04,4.0,0,1.75,0.0,0.0,0.0,0.0,0.0,0.0,10000.0
1200_dose_0.1_gradient_0_VconcST_0.04_Vconc_4_run_0.csv,1200.0,0.1,0,4.0,0.04,4.0,0,2.0,0.0,0.0,0.0,0.0,0.0,0.0,437.403
1200_dose_0.1_gradient_0_VconcST_0.04_Vconc_4_run_0.csv,1200.0,0.1,0,4.0,0.04,4.0,0,2.25,0.0,0.0,0.0,0.0,0.0,0.0,10000.0
1200_dose_0.1_gradient_0_VconcST_0.04_Vconc_4_run_0.csv,1200.0,0.1,0,4.0,0.04,4.0,0,2.5,0.0,0.0,0.0,0.0,0.0,0.0,448.652
1200_dose_0.1_gradient_0_VconcST_0.04_Vconc_4_run_0.csv,1200.0,0.1,0,4.0,0.04,4.0,0,2.75,0.0,0.0,0.0,0.0,0.0,0.0,10000.0
1200_dose_0.1_gradient_0_VconcST_0.04_Vconc_4_run_0.csv,1200.0,0.1,0,4.0,0.04,4.0,0,3.0,0.0,0.0,0.0,0.0,0.0,0.0,444.91
1200_dose_0.1_gradient_0_VconcST_0.04_Vconc_4_run_0.csv,1200.0,0.1,0,4.0,0.04,4.0,0,3.25,0.0,0.0,0.0,0.0,0.0,0.0,10000.0
1200_dose_0.1_gradient_0_VconcST_0.04_Vconc_4_run_0.csv,1200.0,0.1,0,4.0,0.04,4.0,0,3.5,0.0,0.0,0.0,0.0,0.0,0.0,443.983
1200_dose_0.1_gradient_0_VconcST_0.04_Vconc_4_run_0.csv,1200.0,0.1,0,4.0,0.04,4.0,0,3.75,0.0,0.0,0.0,0.0,0.0,0.0,10000.0
1200_dose_0.1_gradient_0_VconcST_0.04_Vconc_4_run_0.csv,1200.0,0.1,0,4.0,0.04,4.0,0,4.0,0.0,0.0,0.0,0.0,0.0,0.0,453.315
1200_dose_0.1_gradient_0_VconcST_0.04_Vconc_4_run_0.csv,1200.0,0.1,0,4.0,0.04,4.0,0,4.25,0.0,0.0,0.0,0.0,0.0,0.0,10000.0
1200_dose_0.1_gradient_0_VconcST_0.04_Vconc_4_run_0.csv,1200.0,0.1,0,4.0,0.04,4.0,0,4.5,0.0,0.0,0.0,0.0,0.0,0.0,462.556
1200_dose_0.1_gradient_0_VconcST_0.04_Vconc_4_run_0.csv,1200.0,0.1,0,4.0,0.04,4.0,0,4.75,0.0,0.0,0.0,0.0,0.0,0.0,10000.0
1200_dose_0.1_gradient_0_VconcST_0.04_Vconc_4_run_0.csv,1200.0,0.1,0,4.0,0.04,4.0,0,5.0,0.00778626,0.1,3.0325e-06,0.00778626,0.0,0.0,433.091
1200_dose_0.1_gradient_0_VconcST_0.04_Vconc_4_run_0.csv,1200.0,0.1,0,4.0,0.04,4.0,0,5.25,0.469344,0.0980181,0.000182795,0.469344,0.0,0.0545682,10000.0
1200_dose_0.1_gradient_0_VconcST_0.04_Vconc_4_run_0.csv,1200.0,0.1,0,4.0,0.04,4.0,0,5.5,0.920004,0.0960755,0.000358313,0.920004,0.0,0.102392,397.057
1200_dose_0.1_gradient_0_VconcST_0.04_Vconc_4_run_0.csv,1200.0,0.1,0,4.0,0.04,4.0,0,5.75,1.35999,0.0941714,0.000529673,1.35999,0.0,0.144636,9550.01
1200_dose_0.1_gradient_0_VconcST_0.04_Vconc_4_run_0.csv,1200.0,0.1,0,4.0,0.04,4.0,0,6.0,1.78951,0.092305,0.000696961,1.78951,0.0,0.182208,319.776
1200_dose_0.1_gradient_0_VconcST_0.04_Vconc_4_run_0.csv,1200.0,0.1,0,4.0,0.04,4.0,0,6.25,2.2088,0.0904757,0.000860258,2.2088,0.0,0.215832,8671.96
1200_dose_0.1_gradient_0_VconcST_0.04_Vconc_4_run_0.csv,1200.0,0.1,0,4.0,0.04,4.0,0,6.5,2.61805,0.0886825,0.00101965,2.61805,0.0,0.246087,280.466
1200_dose_0.1_gradient_0_VconcST_0.04_Vconc_4_run_0.csv,1200.0,0.1,0,4.0,0.04,4.0,0,6.75,3.01747,0.086925,0.00117521,3.01747,0.0,0.273447,7217.42
1200_dose_0.1_gradient_0_VconcST_0.04_Vconc_4_run_0.csv,1200.0,0.1,0,4.0,0.04,4.0,0,7.0,3.40726,0.0852022,0.00132702,3.40726,0.0,0.298297,238.314
1200_dose_0.1_gradient_0_VconcST_0.04_Vconc_4_run_0.csv,1200.0,0.1,0,4.0,0.04,4.0,0,7.25,3.78762,0.0835136,0.00147516,3.78762,0.0,0.320961,6553.44
1200_dose_0.1_gradient_0_VconcST_0.04_Vconc_4_run_0.csv,1200.0,0.1,0,4.0,0.04,4.0,0,7.5,4.15875,0.0818585,0.0016197,4.15875,0.0,0.341707,211.697
1200_dose_0.1_gradient_0_VconcST_0.04_Vconc_4_run_0.csv,1200.0,0.1,0,4.0,0.04,4.0,0,7.75,4.52083,0.0802361,0.00176072,4.52083,0.0,0.36076,6064.12
1200_dose_0.1_gradient_0_VconcST_0.04_Vconc_4_run_0.csv,1200.0,0.1,0,4.0,0.04,4.0,0,8.0,4.87405,0.0786459,0.00189829,4.87405,0.0,0.378314,190.342
1200_dose_0.1_gradient_0_VconcST_0.04_Vconc_4_run_0.csv,1200.0,0.1,0,4.0,0.04,4.0,0,8.25,5.21859,0.0770872,0.00203248,5.21859,0.00107205,0.394532,5942.39
1200_dose_0.1_gradient_0_VconcST_0.04_Vconc_4_run_0.csv,1200.0,0.1,0,4.0,0.04,4.0,0,8.5,5.55462,0.0755594,0.00216335,5.55462,0.0,0.409555,182.978
1200_dose_0.1_gradient_0_VconcST_0.04_Vconc_4_run_0.csv,1200.0,0.1,0,4.0,0.04,4.0,0,8.75,5.88233,0.0740619,0.00229099,5.88233,0.000989583,0.423504,5554.8
1200_dose_0.1_gradient_0_VconcST_0.04_Vconc_4_run_0.csv,1200.0,0.1,0,4.0,0.04,4.0,0,9.0,6.20189,0.0725941,0.00241544,6.20189,0.0,0.436486,165.114
1200_dose_0.1_gradient_0_VconcST_0.04_Vconc_4_run_0.csv,1200.0,0.1,0,4.0,0.04,4.0,0,9.25,6.51346,0.0711554,0.00253679,6.51346,0.0,0.448593,5038.22
1200_dose_0.1_gradient_0_VconcST_0.04_Vconc_4_run_0.csv,1200.0,0.1,0,4.0,0.04,4.0,0,9.5,6.8172,0.0697451,0.00265509,6.8172,0.0,0.459905,155.437
1200_dose_0.1_gradient_0_VconcST_0.04_Vconc_4_run_0.csv,1200.0,0.1,0,4.0,0.04,4.0,0,9.75,7.1133,0.0683629,0.00277041,7.1133,0.0,0.470494,5106.74
1200_dose_0.1_gradient_0_VconcST_0.04_Vconc_4_run_0.csv,1200.0,0.1,0,4.0,0.04,4.0,0,10.0,7.40967,0.167008,0.00288584,7.40967,0.0,0.480423,150.389
1200_dose_0.1_gradient_0_VconcST_0.04_Vconc_4_run_0.csv,1200.0,0.1,0,4.0,0.04,4.0,0,10.25,8.15246,0.163698,0.00317513,8.15246,0.0,0.504344,4478.5
1200_dose_0.1_gradient_0_VconcST_0.04_Vconc_4_run_0.csv,1200.0,0.1,0,4.0,0.04,4.0,0,10.5,8.87715,0.160454,0.00345738,8.87715,0.0,0.525651,129.691
1200_dose_0.1_gradient_0_VconcST_0.04_Vconc_4_run_0.csv,1200.0,0.1,0,4.0,0.04,4.0,0,10.75,9.58412,0.157274,0.00373272,9.58412,0.0,0.544743,4085.06
1200_dose_0.1_gradient_0_VconcST_0.04_Vconc_4_run_0.csv,1200.0,0.1,0,4.0,0.04,4.0,0,11.0,10.2737,0.154157,0.0040013,10.2737,0.0,0.561941,116.054
1200_dose_0.1_gradient_0_VconcST_0.04_Vconc_4_run_0.csv,1200.0,0.1,0,4.0,0.04,4.0,0,11.25,10.9464,0.151102,0.00426326,10.9464,0.0,0.577508,3860.43
1200_dose_0.1_gradient_0_VconcST_0.04_Vconc_4_run_0.csv,1200.0,0.1,0,4.0,0.04,4.0,0,11.5,11.6023,0.148107,0.00451874,11.6023,0.0,0.59166,101.342
1200_dose_0.1_gradient_0_VconcST_0.04_Vconc_4_run_0.csv,1200.0,0.1,0,4.0,0.04,4.0,0,11.75,12.242,0.145172,0.00476786,12.242,0.0,0.604576,3618.45
1200_dose_0.1_gradient_0_VconcST_0.04_Vconc_4_run_0.csv,1200.0,0.1,0,4.0,0.04,4.0,0,12.0,12.8656,0.142295,0.00501076,12.8656,0.0,0.616406,91.47
1200_dose_0.1_gradient_0_VconcST_0.04_Vconc_4_run_0.csv,1200.0,0.1,0,4.0,0.04,4.0,0,12.25,13.4737,0.139474,0.00524757,13.4737,0.0,0.627277,3283.24
1200_dose_0.1_gradient_0_VconcST_0.04_Vconc_4_run_0.csv,1200.0,0.1,0,4.0,0.04,4.0,0,12.5,14.0664,0.13671,0.00547842,14.0664,0.0,0.637297,87.3893
1200_dose_0.1_gradient_0_VconcST_0.04_Vconc_4_run_0.csv,1200.0,0.1,0,4.0,0.04,4.0,0,12.75,14.6441,0.134001,0.00570341,14.6441,0.0,0.646558,2977.03
1200_dose_0.1_gradient_0_VconcST_0.04_Vconc_4_run_0.csv,1200.0,0.1,0,4.0,0.04,4.0,0,13.0,15.2071,0.131345,0.00592268,15.2071,0.0,0.65514,83.8624
1200_dose_0.1_gradient_0_VconcST_0.04_Vconc_4_run_0.csv,1200.0,0.1,0,4.0,0.04,4.0,0,13.25,15.7557,0.128742,0.00613635,15.7557,0.0,0.66311,2943.65
1200_dose_0.1_gradient_0_VconcST_0.04_Vconc_4_run_0.csv,1200.0,0.1,0,4.0,0.04,4.0,0,13.5,16.2902,0.12619,0.00634453,16.2902,0.0,0.67053,73.1791
1200_dose_0.1_gradient_0_VconcST_0.04_Vconc_4_run_0.csv,1200.0,0.1,0,4.0,0.04,4.0,0,13.75,16.8109,0.123689,0.00654733,16.8109,0.0,0.67745,2753.17
1200_dose_0.1_gradient_0_VconcST_0.04_Vconc_4_run_0.csv,1200.0,0.1,0,4.0,0.04,4.0,0,14.0,17.3181,0.121238,0.00674486,17.3181,0.0,0.683916,71.895
1200_dose_0.1_gradient_0_VconcST_0.04_Vconc_4_run_0.csv,1200.0,0.1,0,4.0,0.04,4.0,0,14.25,17.812,0.118835,0.00693724,17.812,0.0,0.68997,2599.71
1200_dose_0.1_gradient_0_VconcST_0.04_Vconc_4_run_0.csv,1200.0,0.1,0,4.0,0.04,4.0,0,14.5,18.293,0.11648,0.00712457,18.293,0.0,0.695645,68.7449
1200_dose_0.1_gradient_0_VconcST_0.04_Vconc_4_run_0.csv,1200.0,0.1,0,4.0,0.04,4.0,0,14.75,18.7613,0.114171,0.00730695,18.7613,0.0,0.700975,2515.17
1200_dose_0.1_gradient_0_VconcST_0.04_Vconc_4_run_0.csv,1200.0,0.1,0,4.0,0.04,4.0,0,15.0,19.225,0.211909,0.00748753,19.225,0.0,0.705987,67.2393
1200_dose_0.1_gradient_0_VconcST_0.04_Vconc_4_run_0.csv,1200.0,0.1,0,4.0,0.04,4.0,0,15.25,20.1302,0.207709,0.00784009,20.1302,0.0,0.715458,2340.43
1200_dose_0.1_gradient_0_VconcST_0.04_Vconc_4_run_0.csv,1200.0,0.1,0,4.0,0.04,4.0,0,15.5,21.0126,0.203592,0.00818377,21.0126,0.0,0.72412,64.1029
1200_dose_0.1_gradient_0_VconcST_0.04_Vconc_4_run_0.csv,1200.0,0.1,0,4.0,0.04,4.0,0,15.75,21.8727,0.199557,0.00851875,21.8727,0.0,0.73207,2110.22
1200_dose_0.1_gradient_0_VconcST_0.04_Vconc_4_run_0.csv,1200.0,0.1,0,4.0,0.04,4.0,0,16.0,22.7109,0.195602,0.0088452,22.7109,0.0,0.739389,157.065
1200_dose_0.1_gradient_0_VconcST_0.04_Vconc_4_run_0.csv,1200.0,0.1,0,4.0,0.04,4.0,0,16.25,23.5277,0.191726,0.0091633,23.5277,0.0,0.746146,1636.85
1200_dose_0.1_gradient_0_VconcST_0.04_Vconc_4_run_0.csv,1200.0,0.1,0,4.0,0.04,4.0,0,16.5,24.3234,0.187926,0.00947323,24.3234,0.0,0.752401,944.372
1200_dose_0.1_gradient_0_VconcST_0.04_Vconc_4_run_0.csv,1200.0,0.1,0,4.0,0.04,4.0,0,16.75,25.0987,0.184201,0.00977515,25.0987,0.0,0.758205,789.028
1200_dose_0.1_gradient_0_VconcST_0.04_Vconc_4_run_0.csv,1200.0,0.1,0,4.0,0.04,4.0,0,17.0,25.8537,0.180551,0.0100692,25.8537,0.0,0.763602,1649.76
1200_dose_0.1_gradient_0_VconcST_0.04_Vconc_4_run_0.csv,1200.0,0.1,0,4.0,0.04,4.0,0,17.25,26.5891,0.176972,0.0103556,26.5891,0.0,0.768632,885.455
1200_dose_0.1_gradient_0_VconcST_0.04_Vconc_4_run_0.csv,1200.0,0.1,0,4.0,0.04,4.0,0,17.5,27.3052,0.173465,0.0106345,27.3052,0.00201389,0.773329,1614.04
1200_dose_0.1_gradient_0_VconcST_0.04_Vconc_4_run_0.csv,1200.0,0.1,0,4.0,0.04,4.0,0,17.75,28.0023,0.170027,0.010906,28.0023,0.0174826,0.777721,2084.26
1200_dose_0.1_gradient_0_VconcST_0.04_Vconc_4_run_0.csv,1200.0,0.1,0,4.0,0.04,4.0,0,18.0,28.681,0.166657,0.0111703,28.681,0.0667014,0.781837,2475.2
1200_dose_0.1_gradient_0_VconcST_0.04_Vconc_4_run_0.csv,1200.0,0.1,0,4.0,0.04,4.0,0,18.25,29.3415,0.163355,0.0114276,29.3415,0.14717,0.785699,2370.03
1200_dose_0.1_gradient_0_VconcST_0.04_Vconc_4_run_0.csv,1200.0,0.1,0,4.0,0.04,4.0,0,18.5,29.9842,0.160117,0.0116779,29.9842,0.258889,0.789328,2373.22
1200_dose_0.1_gradient_0_VconcST_0.04_Vconc_4_run_0.csv,1200.0,0.1,0,4.0,0.04,4.0,0,18.75,30.6096,0.156944,0.0119215,30.6096,0.401858,0.792743,2245.87
1200_dose_0.1_gradient_0_VconcST_0.04_Vconc_4_run_0.csv,1200.0,0.1,0,4.0,0.04,4.0,0,19.0,31.218,0.153833,0.0121584,31.218,0.576076,0.79596,2239.83
1200_dose_0.1_gradient_0_VconcST_0.04_Vconc_4_run_0.csv,1200.0,0.1,0,4.0,0.04,4.0,0,19.25,31.8097,0.150784,0.0123889,31.8097,0.781545,0.798995,2295.22
1200_dose_0.1_gradient_0_VconcST_0.04_Vconc_4_run_0.csv,1200.0,0.1,0,4.0,0.04,4.0,0,19.5,32.3851,0.147796,0.012613,32.3851,0.985417,0.801861,2265.61
1200_dose_0.1_gradient_0_VconcST_0.04_Vconc_4_run_0.csv,1200.0,0.1,0,4.0,0.04,4.0,0,19.75,32.9445,0.144867,0.0128309,32.9445,1.0,0.80457,2179.64
1200_dose_0.1_gradient_0_VconcST_0.04_Vconc_4_run_0.csv,1200.0,0.1,0,4.0,0.04,4.0,0,20.0,33.4961,0.241996,0.0130457,33.4961,1.0,0.807133,2173.2
1200_dose_0.1_gradient_0_VconcST_0.04_Vconc_4_run_0.csv,1200.0,0.1,0,4.0,0.04,4.0,0,20.25,34.4861,0.2372,0.0134313,34.4861,1.0,0.811631,2006.37
1200_dose_0.1_gradient_0_VconcST_0.04_Vconc_4_run_0.csv,1200.0,0.1,0,4.0,0.04,4.0,0,20.5,35.4502,0.232499,0.0138067,35.4502,1.0,0.815814,2007.75
1200_dose_0.1_gradient_0_VconcST_0.04_Vconc_4_run_0.csv,1200.0,0.1,0,4.0,0.04,4.0,0,20.75,36.389,0.227891,0.0141724,36.389,1.0,0.819712,1978.67
1200_dose_0.1_gradient_0_VconcST_0.04_Vconc_4_run_0.csv,1200.0,0.1,0,4.0,0.04,4.0,0,21.0,37.3029,0.223374,0.0145283,37.3029,1.0,0.823352,1878.39
1200_dose_0.1_gradient_0_VconcST_0.04_Vconc_4_run_0.csv,1200.0,0.1,0,4.0,0.04,4.0,0,21.25,38.1925,0.218947,0.0148748,38.1925,1.0,0.826757,1744.84
1200_dose_0.1_gradient_0_VconcST_0.04_Vconc_4_run_0.csv,1200.0,0.1,0,4.0,0.04,4.0,0,21.5,39.0583,0.214608,0.015212,39.0583,1.0,0.829947,1631.62
1200_dose_0.1_gradient_0_VconcST_0.04_Vconc_4_run_0.csv,1200.0,0.1,0,4.0,0.04,4.0,0,21.75,39.9008,0.210355,0.0155401,39.9008,1.0,0.83294,1383.16
1200_dose_0.1_gradient_0_VconcST_0.04_Vconc_4_run_0.csv,1200.0,0.1,0,4.0,0.04,4.0,0,22.0,40.7205,0.206186,0.0158594,40.7205,0.970833,0.835753,1181.17
1200_dose_0.1_gradient_0_VconcST_0.04_Vconc_4_run_0.csv,1200.0,0.1,0,4.0,0.04,4.0,0,22.25,41.5178,0.202099,0.0161699,41.5178,0.0,0.838399,1091.87
1200_dose_0.1_gradient_0_VconcST_0.04_Vconc_4_run_0.csv,1200.0,0.1,0,4.0,0.04,4.0,0,22.5,42.2933,0.198094,0.0164719,42.2933,0.801042,0.840893,1034.98
1200_dose_0.1_gradient_0_VconcST_0.04_Vconc_4_run_0.csv,1200.0,0.1,0,4.0,0.04,4.0,0,22.75,43.0473,0.194168,0.0167656,43.0473,0.732292,0.843244,992.674
1200_dose_0.1_gradient_0_VconcST_0.04_Vconc_4_run_0.csv,1200.0,0.1,0,4.0,0.04,4.0,0,23.0,43.7803,0.19032,0.0170511,43.7803,0.64375,0.845465,1024.55
1200_dose_0.1_gradient_0_VconcST_0.04_Vconc_4_run_0.csv,1200.0,0.1,0,4.0,0.04,4.0,0,23.25,44.4928,0.186548,0.0173286,44.4928,0.0,0.847564,953.48
1200_dose_0.1_gradient_0_VconcST_0.04_Vconc_4_run_0.csv,1200.0,0.1,0,4.0,0.04,4.0,0,23.5,45.1852,0.182851,0.0175982,45.1852,0.0,0.84955,893.53
1200_dose_0.1_gradient_0_VconcST_0.04_Vconc_4_run_0.csv,1200.0,0.1,0,4.0,0.04,4.0,0,23.75,45.8578,0.179227,0.0178602,45.8578,0.0,0.85143,863.876
1200_dose_0.1_gradient_0_VconcST_0.04_Vconc_4_run_0.csv,1200.0,0.1,0,4.0,0.04,4.0,0,24.0,46.5112,0.175675,0.0181147,46.5112,0.0,0.853212,812.848
1200_dose_0.1_gradient_0_VconcST_0.04_Vconc_4_run_0.csv,1200.0,0.1,0,4.0,0.04,4.0,0,24.25,47.1458,0.172193,0.0183618,47.1458,0.0,0.854903,789.03
1200_dose_0.1_gradient_0_VconcST_0.04_Vconc_4_run_0.csv,1200.0,0.1,0,4.0,0.04,4.0,0,24.5,47.7618,0.16878,0.0186017,47.7618,0.0,0.856507,751.601
1200_dose_0.1_gradient_0_VconcST_0.04_Vconc_4_run_0.csv,1200.0,0.1,0,4.0,0.04,4.0,0,24.75,48.3598,0.165435,0.0188346,48.3598,0.0,0.85803,766.502
1200_dose_0.1_gradient_0_VconcST_0.04_Vconc_4_run_0.csv,1200.0,0.1,0,4.0,0.04,4.0,0,25.0,48.9478,0.262157,0.0190637,48.9478,0.0,0.859478,777.302
1200_dose_0.1_gradient_0_VconcST_0.04_Vconc_4_run_0.csv,1200.0,0.1,0,4.0,0.04,4.0,0,25.25,49.9723,0.256961,0.0194627,49.9723,0.0,0.861963,749.828
1200_dose_0.1_gradient_0_VconcST_0.04_Vconc_4_run_0.csv,1200.0,0.1,0,4.0,0.04,4.0,0,25.5,50.9689,0.251868,0.0198508,50.9689,0.0,0.864298,738.189
1200_dose_0.1_gradient_0_VconcST_0.04_Vconc_4_run_0.csv,1200.0,0.1,0,4.0,0.04,4.0,0,25.75,51.9382,0.246877,0.0202283,51.9382,0.0,0.866494,738.882
1200_dose_0.1_gradient_0_VconcST_0.04_Vconc_4_run_0.csv,1200.0,0.1,0,4.0,0.04,4.0,0,26.0,52.8808,0.241984,0.0205954,52.8808,0.0,0.868562,732.616
1200_dose_0.1_gradient_0_VconcST_0.04_Vconc_4_run_0.csv,1200.0,0.1,0,4.0,0.04,4.0,0,26.25,53.7973,0.237188,0.0209524,53.7973,0.0,0.870513,705.382
1200_dose_0.1_gradient_0_VconcST_0.04_Vconc_4_run_0.csv,1200.0,0.1,0,4.0,0.04,4.0,0,26.5,54.6881,0.232487,0.0212993,54.6881,0.0,0.872354,730.836
1200_dose_0.1_gradient_0_VconcST_0.04_Vconc_4_run_0.csv,1200.0,0.1,0,4.0,0.04,4.0,0,26.75,55.5539,0.22788,0.0216365,55.5539,0.0,0.874094,692.045
1200_dose_0.1_gradient_0_VconcST_0.04_Vconc_4_run_0.csv,1200.0,0.1,0,4.0,0.04,4.0,0,27.0,56.3951,0.223363,0.0219641,56.3951,0.0,0.87574,685.485
1200_dose_0.1_gradient_0_VconcST_0.04_Vconc_4_run_0.csv,1200.0,0.1,0,4.0,0.04,4.0,0,27.25,57.2123,0.218936,0.0222824,57.2123,0.0,0.877298,677.237
1200_dose_0.1_gradient_0_VconcST_0.04_Vconc_4_run_0.csv,1200.0,0.1,0,4.0,0.04,4.0,0,27.5,58.0059,0.214597,0.0225915,58.0059,0.0,0.878775,674.701
1200_dose_0.1_gradient_0_VconcST_0.04_Vconc_4_run_0.csv,1200.0,0.1,0,4.0,0.04,4.0,0,27.75,58.7765,0.210344,0.0228916,58.7765,0.0,0.880175,666.641
1200_dose_0.1_gradient_0_VconcST_0.04_Vconc_4_run_0.csv,1200.0,0.1,0,4.0,0.04,4.0,0,28.0,59.5246,0.206175,0.023183,59.5246,0.0,0.881503,668.112
1200_dose_0.1_gradient_0_VconcST_0.04_Vconc_4_run_0.csv,1200.0,0.1,0,4.0,0.04,4.0,0,28.25,60.2506,0.202089,0.0234657,60.2506,0.0,0.882764,666.92
1200_dose_0.1_gradient_0_VconcST_0.04_Vconc_4_run_0.csv,1200.0,0.1,0,4.0,0.04,4.0,0,28.5,60.9549,0.198084,0.02374,60.9549,0.0,0.883963,652.715
1200_dose_0.1_gradient_0_VconcST_0.04_Vconc_4_run_0.csv,1200.0,0.1,0,4.0,0.04,4.0,0,28.75,61.6381,0.194158,0.0240061,61.6381,0.0,0.885102,636.452
1200_dose_0.1_gradient_0_VconcST_0.04_Vconc_3.2_run_0.csv,1200.0,0.1,0,3.2,0.04,3.2,0,0.0,0.0,0.0,0.0,0.0,0.0,0.0,0.0
1200_dose_0.1_gradient_0_VconcST_0.04_Vconc_3.2_run_0.csv,1200.0,0.1,0,3.2,0.04,3.2,0,0.25,0.0,0.0,0.0,0.0,0.0,0.0,8115.47
1200_dose_0.1_gradient_0_VconcST_0.04_Vconc_3.2_run_0.csv,1200.0,0.1,0,3.2,0.04,3.2,0,0.5,0.0,0.0,0.0,0.0,0.0,0.0,269.418
1200_dose_0.1_gradient_0_VconcST_0.04_Vconc_3.2_run_0.csv,1200.0,0.1,0,3.2,0.04,3.2,0,0.75,0.0,0.0,0.0,0.0,0.0,0.0,8405.17
1200_dose_0.1_gradient_0_VconcST_0.04_Vconc_3.2_run_0.csv,1200.0,0.1,0,3.2,0.04,3.2,0,1.0,0.0,0.0,0.0,0.0,0.0,0.0,288.563
1200_dose_0.1_gradient_0_VconcST_0.04_Vconc_3.2_run_0.csv,1200.0,0.1,0,3.2,0.04,3.2,0,1.25,0.0,0.0,0.0,0.0,0.0,0.0,8290.39
1200_dose_0.1_gradient_0_VconcST_0.04_Vconc_3.2_run_0.csv,1200.0,0.1,0,3.2,0.04,3.2,0,1.5,0.0,0.0,0.0,0.0,0.0,0.0,292.827
1200_dose_0.1_gradient_0_VconcST_0.04_Vconc_3.2_run_0.csv,1200.0,0.1,0,3.2,0.04,3.2,0,1.75,0.0,0.0,0.0,0.0,0.0,0.0,8035.06
1200_dose_0.1_gradient_0_VconcST_0.04_Vconc_3.2_run_0.csv,1200.0,0.1,0,3.2,0.04,3.2,0,2.0,0.0,0.0,0.0,0.0,0.0,0.0,297.712
1200_dose_0.1_gradient_0_VconcST_0.04_Vconc_3.2_run_0.csv,1200.0,0.1,0,3.2,0.04,3.2,0,2.25,0.0,0.0,0.0,0.0,0.0,0.0,8812.28
1200_dose_0.1_gradient_0_VconcST_0.04_Vconc_3.2_run_0.csv,1200.0,0.1,0,3.2,0.04,3.2,0,2.5,0.0,0.0,0.0,0.0,0.0,0.0,294.866
1200_dose_0.1_gradient_0_VconcST_0.04_Vconc_3.2_run_0.csv,1200.0,0.1,0,3.2,0.04,3.2,0,2.75,0.0,0.0,0.0,0.0,0.0,0.0,8660.12
1200_dose_0.1_gradient_0_VconcST_0.04_Vconc_3.2_run_0.csv,1200.0,0.1,0,3.2,0.04,3.2,0,3.0,0.0,0.0,0.0,0.0,0.0,0.0,297.357
1200_dose_0.1_gradient_0_VconcST_0.04_Vconc_3.2_run_0.csv,1200.0,0.1,0,3.2,0.04,3.2,0,3.25,0.0,0.0,0.0,0.0,0.0,0.0,8451.5
1200_dose_0.1_gradient_0_VconcST_0.04_Vconc_3.2_run_0.csv,1200.0,0.1,0,3.2,0.04,3.2,0,3.5,0.0,0.0,0.0,0.0,0.0,0.0,298.836
1200_dose_0.1_gradient_0_VconcST_0.04_Vconc_3.2_run_0.csv,1200.0,0.1,0,3.2,0.04,3.2,0,3.75,0.0,0.0,0.0,0.0,0.0,0.0,8504.48
1200_dose_0.1_gradient_0_VconcST_0.04_Vconc_3.2_run_0.csv,1200.0,0.1,0,3.2,0.04,3.2,0,4.0,0.0,0.0,0.0,0.0,0.0,0.0,301.922
1200_dose_0.1_gradient_0_VconcST_0.04_Vconc_3.2_run_0.csv,1200.0,0.1,0,3.2,0.04,3.2,0,4.25,0.0,0.0,0.0,0.0,0.0,0.0,8719.48
1200_dose_0.1_gradient_0_VconcST_0.04_Vconc_3.2_run_0.csv,1200.0,0.1,0,3.2,0.04,3.2,0,4.5,0.0,0.0,0.0,0.0,0.0,0.0,305.487
1200_dose_0.1_gradient_0_VconcST_0.04_Vconc_3.2_run_0.csv,1200.0,0.1,0,3.2,0.04,3.2,0,4.75,0.0,0.0,0.0,0.0,0.0,0.0,9414.18
1200_dose_0.1_gradient_0_VconcST_0.04_Vconc_3.2_run_0.csv,1200.0,0.1,0,3.2,0.04,3.2,0,5.0,0.00778626,0.1,3.0325e-06,0.00778626,0.0,0.0,300.396
1200_dose_0.1_gradient_0_VconcST_0.04_Vconc_3.2_run_0.csv,1200.0,0.1,0,3.2,0.04,3.2,0,5.25,0.469344,0.0980181,0.000182795,0.469344,0.0,0.0545682,7527.3
1200_dose_0.1_gradient_0_VconcST_0.04_Vconc_3.2_run_0.csv,1200.0,0.1,0,3.2,0.04,3.2,0,5.5,0.920004,0.0960755,0.000358313,0.920004,0.0,0.102392,258.603
1200_dose_0.1_gradient_0_VconcST_0.04_Vconc_3.2_run_0.csv,1200.0,0.1,0,3.2,0.04,3.2,0,5.75,1.35999,0.0941714,0.000529673,1.35999,0.0,0.144636,6974.54
1200_dose_0.1_gradient_0_VconcST_0.04_Vconc_3.2_run_0.csv,1200.0,0.1,0,3.2,0.04,3.2,0,6.0,1.78951,0.092305,0.000696961,1.78951,0.0,0.182208,209.938
1200_dose_0.1_gradient_0_VconcST_0.04_Vconc_3.2_run_0.csv,1200.0,0.1,0,3.2,0.04,3.2,0,6.25,2.2088,0.0904757,0.000860258,2.2088,0.00125,0.215832,5881.03
1200_dose_0.1_gradient_0_VconcST_0.04_Vconc_3.2_run_0.csv,1200.0,0.1,0,3.2,0.04,3.2,0,6.5,2.61805,0.0886825,0.00101965,2.61805,0.0,0.246087,184.804
1200_dose_0.1_gradient_0_VconcST_0.04_Vconc_3.2_run_0.csv,1200.0,0.1,0,3.2,0.04,3.2,0,6.75,3.01747,0.086925,0.00117521,3.01747,0.00185547,0.273447,5716.93
1200_dose_0.1_gradient_0_VconcST_0.04_Vconc_3.2_run_0.csv,1200.0,0.1,0,3.2,0.04,3.2,0,7.0,3.40726,0.0852022,0.00132702,3.40726,0.0,0.298297,174.388
1200_dose_0.1_gradient_0_VconcST_0.04_Vconc_3.2_run_0.csv,1200.0,0.1,0,3.2,0.04,3.2,0,7.25,3.78762,0.0835136,0.00147516,3.78762,0.00197917,0.320961,5255.95
1200_dose_0.1_gradient_0_VconcST_0.04_Vconc_3.2_run_0.csv,1200.0,0.1,0,3.2,0.04,3.2,0,7.5,4.15875,0.0818585,0.0016197,4.15875,0.0,0.341707,157.494
1200_dose_0.1_gradient_0_VconcST_0.04_Vconc_3.2_run_0.csv,1200.0,0.1,0,3.2,0.04,3.2,0,7.75,4.52083,0.0802361,0.00176072,4.52083,0.0,0.36076,4678.39
1200_dose_0.1_gradient_0_VconcST_0.04_Vconc_3.2_run_0.csv,1200.0,0.1,0,3.2,0.04,3.2,0,8.0,4.87405,0.0786459,0.00189829,4.87405,0.0,0.378314,133.763
1200_dose_0.1_gradient_0_VconcST_0.04_Vconc_3.2_run_0.csv,1200.0,0.1,0,3.2,0.04,3.2,0,8.25,5.21859,0.0770872,0.00203248,5.21859,0.0,0.394532,4617.28
1200_dose_0.1_gradient_0_VconcST_0.04_Vconc_3.2_run_0.csv,1200.0,0.1,0,3.2,0.04,3.2,0,8.5,5.55462,0.0755594,0.00216335,5.55462,0.0,0.409555,136.584
1200_dose_0.1_gradient_0_VconcST_0.04_Vconc_3.2_run_0.csv,1200.0,0.1,0,3.2,0.04,3.2,0,8.75,5.88233,0.0740619,0.00229099,5.88233,0.0,0.423504,4213.34
1200_dose_0.1_gradient_0_VconcST_0.04_Vconc_3.2_run_0.csv,1200.0,0.1,0,3.2,0.04,3.2,0,9.0,6.20189,0.0725941,0.00241544,6.20189,0.0,0.436486,119.755
1200_dose_0.1_gradient_0_VconcST_0.04_Vconc_3.2_run_0.csv,1200.0,0.1,0,3.2,0.04,3.2,0,9.25,6.51346,0.0711554,0.00253679,6.51346,0.0,0.448593,3924.01
1200_dose_0.1_gradient_0_VconcST_0.04_Vconc_3.2_run_0.csv,1200.0,0.1,0,3.2,0.04,3.2,0,9.5,6.8172,0.0697451,0.00265509,6.8172,0.0,0.459905,113.117
1200_dose_0.1_gradient_0_VconcST_0.04_Vconc_3.2_run_0.csv,1200.0,0.1,0,3.2,0.04,3.2,0,9.75,7.1133,0.0683629,0.00277041,7.1133,0.0,0.470494,3807.58
1200_dose_0.1_gradient_0_VconcST_0.04_Vconc_3.2_run_0.csv,1200.0,0.1,0,3.2,0.04,3.2,0,10.0,7.40967,0.167008,0.00288584,7.40967,0.0,0.480423,107.098
1200_dose_0.1_gradient_0_VconcST_0.04_Vconc_3.2_run_0.csv,1200.0,0.1,0,3.2,0.04,3.2,0,10.25,8.15246,0.163698,0.00317513,8.15246,0.0,0.504344,3598.54
1200_dose_0.1_gradient_0_VconcST_0.04_Vconc_3.2_run_0.csv,1200.0,0.1,0,3.2,0.04,3.2,0,10.5,8.87715,0.160454,0.00345738,8.87715,0.0,0.525651,91.458
1200_dose_0.1_gradient_0_VconcST_0.04_Vconc_3.2_run_0.csv,1200.0,0.1,0,3.2,0.04,3.2,0,10.75,9.58412,0.157274,0.00373272,9.58412,0.0,0.544743,3247.84
1200_dose_0.1_gradient_0_VconcST_0.04_Vconc_3.2_run_0.csv,1200.0,0.1,0,3.2,0.04,3.2,0,11.0,10.2737,0.154157,0.0040013,10.2737,0.0,0.561941,85.2307
1200_dose_0.1_gradient_0_VconcST_0.04_Vconc_3.2_run_0.csv,1200.0,0.1,0,3.2,0.04,3.2,0,11.25,10.9464,0.151102,0.00426326,10.9464,0.0,0.577508,2860.3
1200_dose_0.1_gradient_0_VconcST_0.04_Vconc_3.2_run_0.csv,1200.0,0.1,0,3.2,0.04,3.2,0,11.5,11.6023,0.148107,0.00451874,11.6023,0.0,0.59166,77.5845
1200_dose_0.1_gradient_0_VconcST_0.04_Vconc_3.2_run_0.csv,1200.0,0.1,0,3.2,0.04,3.2,0,11.75,12.242,0.145172,0.00476786,12.242,0.0,0.604576,2654.22
1200_dose_0.1_gradient_0_VconcST_0.04_Vconc_3.2_run_0.csv,1200.0,0.1,0,3.2,0.04,3.2,0,12.0,12.8656,0.142295,0.00501076,12.8656,0.0,0.616406,69.0075
1200_dose_0.1_gradient_0_VconcST_0.04_Vconc_3.2_run_0.csv,1200.0,0.1,0,3.2,0.04,3.2,0,12.25,13.4737,0.139474,0.00524757,13.4737,0.0,0.627277,2492.16
1200_dose_0.1_gradient_0_VconcST_0.04_Vconc_3.2_run_0.csv,1200.0,0.1,0,3.2,0.04,3.2,0,12.5,14.0664,0.13671,0.00547842,14.0664,0.0,0.637297,64.6924
1200_dose_0.1_gradient_0_VconcST_0.04_Vconc_3.2_run_0.csv,1200.0,0.1,0,3.2,0.04,3.2,0,12.75,14.6441,0.134001,0.00570341,14.6441,0.0,0.646558,2374.16
1200_dose_0.1_gradient_0_VconcST_0.04_Vconc_3.2_run_0.csv,1200.0,0.1,0,3.2,0.04,3.2,0,13.0,15.2071,0.131345,0.00592268,15.2071,0.0,0.65514,61.55
1200_dose_0.1_gradient_0_VconcST_0.04_Vconc_3.2_run_0.csv,1200.0,0.1,0,3.2,0.04,3.2,0,13.25,15.7557,0.128742,0.00613635,15.7557,0.0,0.66311,2199.5
1200_dose_0.1_gradient_0_VconcST_0.04_Vconc_3.2_run_0.csv,1200.0,0.1,0,3.2,0.04,3.2,0,13.5,16.2902,0.12619,0.00634453,16.2902,0.0,0.67053,59.5725
1200_dose_0.1_gradient_0_VconcST_0.04_Vconc_3.2_run_0.csv,1200.0,0.1,0,3.2,0.04,3.2,0,13.75,16.8109,0.123689,0.00654733,16.8109,0.0,0.67745,1848.83
1200_dose_0.1_gradient_0_VconcST_0.04_Vconc_3.2_run_0.csv,1200.0,0.1,0,3.2,0.04,3.2,0,14.0,17.3181,0.121238,0.00674486,17.3181,0.0,0.683916,593.263
1200_dose_0.1_gradient_0_VconcST_0.04_Vconc_3.2_run_0.csv,1200.0,0.1,0,3.2,0.04,3.2,0,14.25,17.812,0.118835,0.00693724,17.812,0.0,0.68997,1019.68
1200_dose_0.1_gradient_0_VconcST_0.04_Vconc_3.2_run_0.csv,1200.0,0.1,0,3.2,0.04,3.2,0,14.5,18.293,0.11648,0.00712457,18.293,0.0,0.695645,1558.47
1200_dose_0.1_gradient_0_VconcST_0.04_Vconc_3.2_run_0.csv,1200.0,0.1,0,3.2,0.04,3.2,0,14.75,18.7613,0.114171,0.00730695,18.7613,0.0,0.700975,554.286
1200_dose_0.1_gradient_0_VconcST_0.04_Vconc_3.2_run_0.csv,1200.0,0.1,0,3.2,0.04,3.2,0,15.0,19.225,0.211909,0.00748753,19.225,0.0,0.705987,1617.79
1200_dose_0.1_gradient_0_VconcST_0.04_Vconc_3.2_run_0.csv,1200.0,0.1,0,3.2,0.04,3.2,0,15.25,20.1302,0.207709,0.00784009,20.1302,0.000190972,0.715458,1410.87
1200_dose_0.1_gradient_0_VconcST_0.04_Vconc_3.2_run_0.csv,1200.0,0.1,0,3.2,0.04,3.2,0,15.5,21.0126,0.203592,0.00818377,21.0126,0.0181814,0.72412,1847.59
1200_dose_0.1_gradient_0_VconcST_0.04_Vconc_3.2_run_0.csv,1200.0,0.1,0,3.2,0.04,3.2,0,15.75,21.8727,0.199557,0.00851875,21.8727,0.0676606,0.73207,1892.49
1200_dose_0.1_gradient_0_VconcST_0.04_Vconc_3.2_run_0.csv,1200.0,0.1,0,3.2,0.04,3.2,0,16.0,22.7109,0.195602,0.0088452,22.7109,0.14839,0.739389,2121.11
1200_dose_0.1_gradient_0_VconcST_0.04_Vconc_3.2_run_0.csv,1200.0,0.1,0,3.2,0.04,3.2,0,16.25,23.5277,0.191726,0.0091633,23.5277,0.260369,0.746146,2186.91
1200_dose_0.1_gradient_0_VconcST_0.04_Vconc_3.2_run_0.csv,1200.0,0.1,0,3.2,0.04,3.2,0,16.5,24.3234,0.187926,0.00947323,24.3234,0.403598,0.752401,2174.46
1200_dose_0.1_gradient_0_VconcST_0.04_Vconc_3.2_run_0.csv,1200.0,0.1,0,3.2,0.04,3.2,0,16.75,25.0987,0.184201,0.00977515,25.0987,0.578077,0.758205,2096.14
1200_dose_0.1_gradient_0_VconcST_0.04_Vconc_3.2_run_0.csv,1200.0,0.1,0,3.2,0.04,3.2,0,17.0,25.8537,0.180551,0.0100692,25.8537,0.783806,0.763602,2066.91
1200_dose_0.1_gradient_0_VconcST_0.04_Vconc_3.2_run_0.csv,1200.0,0.1,0,3.2,0.04,3.2,0,17.25,26.5891,0.176972,0.0103556,26.5891,0.989583,0.768632,2066.49
1200_dose_0.1_gradient_0_VconcST_0.04_Vconc_3.2_run_0.csv,1200.0,0.1,0,3.2,0.04,3.2,0,17.5,27.3052,0.173465,0.0106345,27.3052,1.0,0.773329,1996.86
1200_dose_0.1_gradient_0_VconcST_0.04_Vconc_3.2_run_0.csv,1200.0,0.1,0,3.2,0.04,3.2,0,17.75,28.0023,0.170027,0.010906,28.0023,1.0,0.777721,1944.29
1200_dose_0.1_gradient_0_VconcST_0.04_Vconc_3.2_run_0.csv,1200.0,0.1,0,3.2,0.04,3.2,0,18.0,28.681,0.166657,0.0111703,28.681,1.0,0.781837,1908.46
1200_dose_0.1_gradient_0_VconcST_0.04_Vconc_3.2_run_0.csv,1200.0,0.1,0,3.2,0.04,3.2,0,18.25,29.3415,0.163355,0.0114276,29.3415,1.0,0.785699,1818.3
1200_dose_0.1_gradient_0_VconcST_0.04_Vconc_3.2_run_0.csv,1200.0,0.1,0,3.2,0.04,3.2,0,18.5,29.9842,0.160117,0.0116779,29.9842,1.0,0.789328,1792.96
1200_dose_0.1_gradient_0_VconcST_0.04_Vconc_3.2_run_0.csv,1200.0,0.1,0,3.2,0.04,3.2,0,18.75,30.6096,0.156944,0.0119215,30.6096,1.0,0.792743,1614.49
1200_dose_0.1_gradient_0_VconcST_0.04_Vconc_3.2_run_0.csv,1200.0,0.1,0,3.2,0.04,3.2,0,19.0,31.218,0.153833,0.0121584,31.218,1.0,0.79596,1390.03
1200_dose_0.1_gradient_0_VconcST_0.04_Vconc_3.2_run_0.csv,1200.0,0.1,0,3.2,0.04,3.2,0,19.25,31.8097,0.150784,0.0123889,31.8097,0.997917,0.798995,1145.45
1200_dose_0.1_gradient_0_VconcST_0.04_Vconc_3.2_run_0.csv,1200.0,0.1,0,3.2,0.04,3.2,0,19.5,32.3851,0.147796,0.012613,32.3851,0.0,0.801861,1016.57
1200_dose_0.1_gradient_0_VconcST_0.04_Vconc_3.2_run_0.csv,1200.0,0.1,0,3.2,0.04,3.2,0,19.75,32.9445,0.144867,0.0128309,32.9445,0.0,0.80457,978.119
1200_dose_0.1_gradient_0_VconcST_0.04_Vconc_3.2_run_0.csv,1200.0,0.1,0,3.2,0.04,3.2,0,20.0,33.4961,0.241996,0.0130457,33.4961,0.0,0.807133,837.152
1200_dose_0.1_gradient_0_VconcST_0.04_Vconc_3.2_run_0.csv,1200.0,0.1,0,3.2,0.04,3.2,0,20.25,34.4861,0.2372,0.0134313,34.4861,0.0,0.811631,816.447
1200_dose_0.1_gradient_0_VconcST_0.04_Vconc_3.2_run_0.csv,1200.0,0.1,0,3.2,0.04,3.2,0,20.5,35.4502,0.232499,0.0138067,35.4502,0.0,0.815814,781.718
1200_dose_0.1_gradient_0_VconcST_0.04_Vconc_3.2_run_0.csv,1200.0,0.1,0,3.2,0.04,3.2,0,20.75,36.389,0.227891,0.0141724,36.389,0.0,0.819712,774.595
1200_dose_0.1_gradient_0_VconcST_0.04_Vconc_3.2_run_0.csv,1200.0,0.1,0,3.2,0.04,3.2,0,21.0,37.3029,0.223374,0.0145283,37.3029,0.0,0.823352,768.729
1200_dose_0.1_gradient_0_VconcST_0.04_Vconc_3.2_run_0.csv,1200.0,0.1,0,3.2,0.04,3.2,0,21.25,38.1925,0.218947,0.0148748,38.1925,0.0,0.826757,767.406
1200_dose_0.1_gradient_0_VconcST_0.04_Vconc_3.2_run_0.csv,1200.0,0.1,0,3.2,0.04,3.2,0,21.5,39.0583,0.214608,0.015212,39.0583,0.0,0.829947,741.082
1200_dose_0.1_gradient_0_VconcST_0.04_Vconc_3.2_run_0.csv,1200.0,0.1,0,3.2,0.04,3.2,0,21.75,39.9008,0.210355,0.0155401,39.9008,0.0,0.83294,724.491
1200_dose_0.1_gradient_0_VconcST_0.04_Vconc_3.2_run_0.csv,1200.0,0.1,0,3.2,0.04,3.2,0,22.0,40.7205,0.206186,0.0158594,40.7205,0.0,0.835753,728.393
1200_dose_0.1_gradient_0_VconcST_0.04_Vconc_3.2_run_0.csv,1200.0,0.1,0,3.2,0.04,3.2,0,22.25,41.5178,0.202099,0.0161699,41.5178,0.0,0.838399,688.254
1200_dose_0.1_gradient_0_VconcST_0.04_Vconc_3.2_run_0.csv,1200.0,0.1,0,3.2,0.04,3.2,0,22.5,42.2933,0.198094,0.0164719,42.2933,0.0,0.840893,710.583
1200_dose_0.1_gradient_0_VconcST_0.04_Vconc_3.2_run_0.csv,1200.0,0.1,0,3.2,0.04,3.2,0,22.75,43.0473,0.194168,0.0167656,43.0473,0.0,0.843244,689.081
1200_dose_0.1_gradient_0_VconcST_0.04_Vconc_3.2_run_0.csv,1200.0,0.1,0,3.2,0.04,3.2,0,23.0,43.7803,0.19032,0.0170511,43.7803,0.0,0.845465,697.481
1200_dose_0.1_gradient_0_VconcST_0.04_Vconc_3.2_run_0.csv,1200.0,0.1,0,3.2,0.04,3.2,0,23.25,44.4928,0.186548,0.0173286,44.4928,0.0,0.847564,672.301
1200_dose_0.1_gradient_0_VconcST_0.04_Vconc_3.2_run_0.csv,1200.0,0.1,0,3.2,0.04,3.2,0,23.5,45.1852,0.182851,0.0175982,45.1852,0.0,0.84955,682.389
1200_dose_0.1_gradient_0_VconcST_0.04_Vconc_3.2_run_0.csv,1200.0,0.1,0,3.2,0.04,3.2,0,23.75,45.8578,0.179227,0.0178602,45.8578,0.0,0.85143,684.961
1200_dose_0.1_gradient_0_VconcST_0.04_Vconc_3.2_run_0.csv,1200.0,0.1,0,3.2,0.04,3.2,0,24.0,46.5112,0.175675,0.0181147,46.5112,0.0,0.853212,661.099
1200_dose_0.1_gradient_0_VconcST_0.04_Vconc_3.2_run_0.csv,1200.0,0.1,0,3.2,0.04,3.2,0,24.25,47.1458,0.172193,0.0183618,47.1458,0.0,0.854903,663.193
1200_dose_0.1_gradient_0_VconcST_0.04_Vconc_3.2_run_0.csv,1200.0,0.1,0,3.2,0.04,3.2,0,24.5,47.7618,0.16878,0.0186017,47.7618,0.0,0.856507,630.188
1200_dose_0.1_gradient_0_VconcST_0.04_Vconc_3.2_run_0.csv,1200.0,0.1,0,3.2,0.04,3.2,0,24.75,48.3598,0.165435,0.0188346,48.3598,0.0,0.85803,663.861
1200_dose_0.1_gradient_0_VconcST_0.04_Vconc_3.2_run_0.csv,1200.0,0.1,0,3.2,0.04,3.2,0,25.0,48.9478,0.262157,0.0190637,48.9478,0.0,0.859478,650.161
1200_dose_0.1_gradient_0_VconcST_0.04_Vconc_3.2_run_0.csv,1200.0,0.1,0,3.2,0.04,3.2,0,25.25,49.9723,0.256961,0.0194627,49.9723,0.0,0.861963,632.609
1200_dose_0.1_gradient_0_VconcST_0.04_Vconc_3.2_run_0.csv,1200.0,0.1,0,3.2,0.04,3.2,0,25.5,50.9689,0.251868,0.0198508,50.9689,0.0,0.864298,647.509
1200_dose_0.1_gradient_0_VconcST_0.04_Vconc_3.2_run_0.csv,1200.0,0.1,0,3.2,0.04,3.2,0,25.75,51.9382,0.246877,0.0202283,51.9382,0.0,0.866494,625.308
1200_dose_0.1_gradient_0_VconcST_0.04_Vconc_3.2_run_0.csv,1200.0,0.1,0,3.2,0.04,3.2,0,26.0,52.8808,0.241984,0.0205954,52.8808,0.0,0.868562,614.734
1200_dose_0.1_gradient_0_VconcST_0.04_Vconc_3.2_run_0.csv,1200.0,0.1,0,3.2,0.04,3.2,0,26.25,53.7973,0.237188,0.0209524,53.7973,0.0,0.870513,581.167
1200_dose_0.1_gradient_0_VconcST_0.04_Vconc_3.2_run_0.csv,1200.0,0.1,0,3.2,0.04,3.2,0,26.5,54.6881,0.232487,0.0212993,54.6881,0.0,0.872354,588.215
1200_dose_0.1_gradient_0_VconcST_0.04_Vconc_3.2_run_0.csv,1200.0,0.1,0,3.2,0.04,3.2,0,26.75,55.5539,0.22788,0.0216365,55.5539,0.0,0.874094,578.531
1200_dose_0.1_gradient_0_VconcST_0.04_Vconc_3.2_run_0.csv,1200.0,0.1,0,3.2,0.04,3.2,0,27.0,56.3951,0.223363,0.0219641,56.3951,0.0,0.87574,561.669
1200_dose_0.1_gradient_0_VconcST_0.04_Vconc_3.2_run_0.csv,1200.0,0.1,0,3.2,0.04,3.2,0,27.25,57.2123,0.218936,0.0222824,57.2123,0.0,0.877298,568.116
1200_dose_0.1_gradient_0_VconcST_0.04_Vconc_3.2_run_0.csv,1200.0,0.1,0,3.2,0.04,3.2,0,27.5,58.0059,0.214597,0.0225915,58.0059,0.0,0.878775,556.765
1200_dose_0.1_gradient_0_VconcST_0.04_Vconc_3.2_run_0.csv,1200.0,0.1,0,3.2,0.04,3.2,0,27.75,58.7765,0.210344,0.0228916,58.7765,0.0,0.880175,567.185
1200_dose_0.1_gradient_0_VconcST_0.04_Vconc_3.2_run_0.csv,1200.0,0.1,0,3.2,0.04,3.2,0,28.0,59.5246,0.206175,0.023183,59.5246,0.0,0.881503,543.997
1200_dose_0.1_gradient_0_VconcST_0.04_Vconc_3.2_run_0.csv,1200.0,0.1,0,3.2,0.04,3.2,0,28.25,60.2506,0.202089,0.0234657,60.2506,0.0,0.882764,558.583
1200_dose_0.1_gradient_0_VconcST_0.04_Vconc_3.2_run_0.csv,1200.0,0.1,0,3.2,0.04,3.2,0,28.5,60.9549,0.198084,0.02374,60.9549,0.0,0.883963,554.491
1200_dose_0.1_gradient_0_VconcST_0.04_Vconc_3.2_run_0.csv,1200.0,0.1,0,3.2,0.04,3.2,0,28.75,61.6381,0.194158,0.0240061,61.6381,0.0,0.885102,540.589
1200_dose_0.1_gradient_0_VconcST_0.04_Vconc_0.8_run_0.csv,1200.0,0.1,0,0.8,0.04,0.8,0,0.0,0.0,0.0,0.0,0.0,0.0,0.0,0.0
1200_dose_0.1_gradient_0_VconcST_0.04_Vconc_0.8_run_0.csv,1200.0,0.1,0,0.8,0.04,0.8,0,0.25,0.0,0.0,0.0,0.0,0.0,0.0,1297.81
1200_dose_0.1_gradient_0_VconcST_0.04_Vconc_0.8_run_0.csv,1200.0,0.1,0,0.8,0.04,0.8,0,0.5,0.0,0.0,0.0,0.0,0.0,0.0,861.506
1200_dose_0.1_gradient_0_VconcST_0.04_Vconc_0.8_run_0.csv,1200.0,0.1,0,0.8,0.04,0.8,0,0.75,0.0,0.0,0.0,0.0,0.0,0.0,960.746
1200_dose_0.1_gradient_0_VconcST_0.04_Vconc_0.8_run_0.csv,1200.0,0.1,0,0.8,0.04,0.8,0,1.0,0.0,0.0,0.0,0.0,0.0,0.0,1038.1
1200_dose_0.1_gradient_0_VconcST_0.04_Vconc_0.8_run_0.csv,1200.0,0.1,0,0.8,0.04,0.8,0,1.25,0.0,0.0,0.0,0.0,0.0,0.0,911.65
1200_dose_0.1_gradient_0_VconcST_0.04_Vconc_0.8_run_0.csv,1200.0,0.1,0,0.8,0.04,0.8,0,1.5,0.0,0.0,0.0,0.0,0.0,0.0,1061.14
1200_dose_0.1_gradient_0_VconcST_0.04_Vconc_0.8_run_0.csv,1200.0,0.1,0,0.8,0.04,0.8,0,1.75,0.0,0.0,0.0,0.0,0.0,0.0,956.957
1200_dose_0.1_gradient_0_VconcST_0.04_Vconc_0.8_run_0.csv,1200.0,0.1,0,0.8,0.04,0.8,0,2.0,0.0,0.0,0.0,0.0,0.0,0.0,1040.55
1200_dose_0.1_gradient_0_VconcST_0.04_Vconc_0.8_run_0.csv,1200.0,0.1,0,0.8,0.04,0.8,0,2.25,0.0,0.0,0.0,0.0,0.0,0.0,992.261
1200_dose_0.1_gradient_0_VconcST_0.04_Vconc_0.8_run_0.csv,1200.0,0.1,0,0.8,0.04,0.8,0,2.5,0.0,0.0,0.0,0.0,0.0,0.0,1052.74
1200_dose_0.1_gradient_0_VconcST_0.04_Vconc_0.8_run_0.csv,1200.0,0.1,0,0.8,0.04,0.8,0,2.75,0.0,0.0,0.0,0.0,0.0,0.0,1117.1
1200_dose_0.1_gradient_0_VconcST_0.04_Vconc_0.8_run_0.csv,1200.0,0.1,0,0.8,0.04,0.8,0,3.0,0.0,0.0,0.0,0.0,0.0134115,0.0,1437.33
1200_dose_0.1_gradient_0_VconcST_0.04_Vconc_0.8_run_0.csv,1200.0,0.1,0,0.8,0.04,0.8,0,3.25,0.0,0.0,0.0,0.0,0.0636719,0.0,1605.56
1200_dose_0.1_gradient_0_VconcST_0.04_Vconc_0.8_run_0.csv,1200.0,0.1,0,0.8,0.04,0.8,0,3.5,0.0,0.0,0.0,0.0,0.145182,0.0,1767.08
1200_dose_0.1_gradient_0_VconcST_0.04_Vconc_0.8_run_0.csv,1200.0,0.1,0,0.8,0.04,0.8,0,3.75,0.0,0.0,0.0,0.0,0.257943,0.0,1903.5
1200_dose_0.1_gradient_0_VconcST_0.04_Vconc_0.8_run_0.csv,1200.0,0.1,0,0.8,0.04,0.8,0,4.0,0.0,0.0,0.0,0.0,0.401953,0.0,2238.16
1200_dose_0.1_gradient_0_VconcST_0.04_Vconc_0.8_run_0.csv,1200.0,0.1,0,0.8,0.04,0.8,0,4.25,0.0,0.0,0.0,0.0,0.577214,0.0,2184.79
1200_dose_0.1_gradient_0_VconcST_0.04_Vconc_0.8_run_0.csv,1200.0,0.1,0,0.8,0.04,0.8,0,4.5,0.0,0.0,0.0,0.0,0.783724,0.0,2200.43
1200_dose_0.1_gradient_0_VconcST_0.04_Vconc_0.8_run_0.csv,1200.0,0.1,0,0.8,0.04,0.8,0,4.75,0.0,0.0,0.0,0.0,0.9375,0.0,2230.56
1200_dose_0.1_gradient_0_VconcST_0.04_Vconc_0.8_run_0.csv,1200.0,0.1,0,0.8,0.04,0.8,0,5.0,0.00778626,0.1,3.0325e-06,0.00778626,1.0,0.0,2245.5
1200_dose_0.1_gradient_0_VconcST_0.04_Vconc_0.8_run_0.csv,1200.0,0.1,0,0.8,0.04,0.8,0,5.25,0.469344,0.0980181,0.000182795,0.469344,1.0,0.0545682,2109.63
1200_dose_0.1_gradient_0_VconcST_0.04_Vconc_0.8_run_0.csv,1200.0,0.1,0,0.8,0.04,0.8,0,5.5,0.920004,0.0960755,0.000358313,0.920004,1.0,0.102392,2065.72
1200_dose_0.1_gradient_0_VconcST_0.04_Vconc_0.8_run_0.csv,1200.0,0.1,0,0.8,0.04,0.8,0,5.75,1.35999,0.0941714,0.000529673,1.35999,1.0,0.144636,1981.54
1200_dose_0.1_gradient_0_VconcST_0.04_Vconc_0.8_run_0.csv,1200.0,0.1,0,0.8,0.04,0.8,0,6.0,1.78951,0.092305,0.000696961,1.78951,1.0,0.182208,1676.52
1200_dose_0.1_gradient_0_VconcST_0.04_Vconc_0.8_run_0.csv,1200.0,0.1,0,0.8,0.04,0.8,0,6.25,2.2088,0.0904757,0.000860258,2.2088,1.0,0.215832,1229.45
1200_dose_0.1_gradient_0_VconcST_0.04_Vconc_0.8_run_0.csv,1200.0,0.1,0,0.8,0.04,0.8,0,6.5,2.61805,0.0886825,0.00101965,2.61805,0.988542,0.246087,1115.28
1200_dose_0.1_gradient_0_VconcST_0.04_Vconc_0.8_run_0.csv,1200.0,0.1,0,0.8,0.04,0.8,0,6.75,3.01747,0.086925,0.00117521,3.01747,0.0,0.273447,906.678
1200_dose_0.1_gradient_0_VconcST_0.04_Vconc_0.8_run_0.csv,1200.0,0.1,0,0.8,0.04,0.8,0,7.0,3.40726,0.0852022,0.00132702,3.40726,0.0,0.298297,854.152
1200_dose_0.1_gradient_0_VconcST_0.04_Vconc_0.8_run_0.csv,1200.0,0.1,0,0.8,0.04,0.8,0,7.25,3.78762,0.0835136,0.00147516,3.78762,0.0,0.320961,767.511
1200_dose_0.1_gradient_0_VconcST_0.04_Vconc_0.8_run_0.csv,1200.0,0.1,0,0.8,0.04,0.8,0,7.5,4.15875,0.0818585,0.0016197,4.15875,0.0,0.341707,759.908
1200_dose_0.1_gradient_0_VconcST_0.04_Vconc_0.8_run_0.csv,1200.0,0.1,0,0.8,0.04,0.8,0,7.75,4.52083,0.0802361,0.00176072,4.52083,0.0,0.36076,728.115
1200_dose_0.1_gradient_0_VconcST_0.04_Vconc_0.8_run_0.csv,1200.0,0.1,0,0.8,0.04,0.8,0,8.0,4.87405,0.0786459,0.00189829,4.87405,0.0,0.378314,682.705
1200_dose_0.1_gradient_0_VconcST_0.04_Vconc_0.8_run_0.csv,1200.0,0.1,0,0.8,0.04,0.8,0,8.25,5.21859,0.0770872,0.00203248,5.21859,0.0,0.394532,688.537
1200_dose_0.1_gradient_0_VconcST_0.04_Vconc_0.8_run_0.csv,1200.0,0.1,0,0.8,0.04,0.8,0,8.5,5.55462,0.0755594,0.00216335,5.55462,0.0,0.409555,665.462
1200_dose_0.1_gradient_0_VconcST_0.04_Vconc_0.8_run_0.csv,1200.0,0.1,0,0.8,0.04,0.8,0,8.75,5.88233,0.0740619,0.00229099,5.88233,0.0,0.423504,647.358
1200_dose_0.1_gradient_0_VconcST_0.04_Vconc_0.8_run_0.csv,1200.0,0.1,0,0.8,0.04,0.8,0,9.0,6.20189,0.0725941,0.00241544,6.20189,0.0,0.436486,637.256
1200_dose_0.1_gradient_0_VconcST_0.04_Vconc_0.8_run_0.csv,1200.0,0.1,0,0.8,0.04,0.8,0,9.25,6.51346,0.0711554,0.00253679,6.51346,0.0,0.448593,640.431
1200_dose_0.1_gradient_0_VconcST_0.04_Vconc_0.8_run_0.csv,1200.0,0.1,0,0.8,0.04,0.8,0,9.5,6.8172,0.0697451,0.00265509,6.8172,0.0,0.459905,615.207
1200_dose_0.1_gradient_0_VconcST_0.04_Vconc_0.8_run_0.csv,1200.0,0.1,0,0.8,0.04,0.8,0,9.75,7.1133,0.0683629,0.00277041,7.1133,0.0,0.470494,619.716
1200_dose_0.1_gradient_0_VconcST_0.04_Vconc_0.8_run_0.csv,1200.0,0.1,0,0.8,0.04,0.8,0,10.0,7.40967,0.167008,0.00288584,7.40967,0.0,0.480423,603.92
1200_dose_0.1_gradient_0_VconcST_0.04_Vconc_0.8_run_0.csv,1200.0,0.1,0,0.8,0.04,0.8,0,10.25,8.15246,0.163698,0.00317513,8.15246,0.0,0.504344,583.216
1200_dose_0.1_gradient_0_VconcST_0.04_Vconc_0.8_run_0.csv,1200.0,0.1,0,0.8,0.04,0.8,0,10.5,8.87715,0.160454,0.00345738,8.87715,0.0,0.525651,567.914
1200_dose_0.1_gradient_0_VconcST_0.04_Vconc_0.8_run_0.csv,1200.0,0.1,0,0.8,0.04,0.8,0,10.75,9.58412,0.157274,0.00373272,9.58412,0.0,0.544743,554.952
1200_dose_0.1_gradient_0_VconcST_0.04_Vconc_0.8_run_0.csv,1200.0,0.1,0,0.8,0.04,0.8,0,11.0,10.2737,0.154157,0.0040013,10.2737,0.0,0.561941,536.232
1200_dose_0.1_gradient_0_VconcST_0.04_Vconc_0.8_run_0.csv,1200.0,0.1,0,0.8,0.04,0.8,0,11.25,10.9464,0.151102,0.00426326,10.9464,0.0,0.577508,509.228
1200_dose_0.1_gradient_0_VconcST_0.04_Vconc_0.8_run_0.csv,1200.0,0.1,0,0.8,0.04,0.8,0,11.5,11.6023,0.148107,0.00451874,11.6023,0.0,0.59166,488.823
1200_dose_0.1_gradient_0_VconcST_0.04_Vconc_0.8_run_0.csv,1200.0,0.1,0,0.8,0.04,0.8,0,11.75,12.242,0.145172,0.00476786,12.242,0.0,0.604576,477.944
1200_dose_0.1_gradient_0_VconcST_0.04_Vconc_0.8_run_0.csv,1200.0,0.1,0,0.8,0.04,0.8,0,12.0,12.8656,0.142295,0.00501076,12.8656,0.0,0.616406,462.638
1200_dose_0.1_gradient_0_VconcST_0.04_Vconc_0.8_run_0.csv,1200.0,0.1,0,0.8,0.04,0.8,0,12.25,13.4737,0.139474,0.00524757,13.4737,0.0,0.627277,444.354
1200_dose_0.1_gradient_0_VconcST_0.04_Vconc_0.8_run_0.csv,1200.0,0.1,0,0.8,0.04,0.8,0,12.5,14.0664,0.13671,0.00547842,14.0664,0.0,0.637297,446.272
1200_dose_0.1_gradient_0_VconcST_0.04_Vconc_0.8_run_0.csv,1200.0,0.1,0,0.8,0.04,0.8,0,12.75,14.6441,0.134001,0.00570341,14.6441,0.0,0.646558,420.372
1200_dose_0.1_gradient_0_VconcST_0.04_Vconc_0.8_run_0.csv,1200.0,0.1,0,0.8,0.04,0.8,0,13.0,15.2071,0.131345,0.00592268,15.2071,0.0,0.65514,427.188
1200_dose_0.1_gradient_0_VconcST_0.04_Vconc_0.8_run_0.csv,1200.0,0.1,0,0.8,0.04,0.8,0,13.25,15.7557,0.128742,0.00613635,15.7557,0.0,0.66311,412.93
1200_dose_0.1_gradient_0_VconcST_0.04_Vconc_0.8_run_0.csv,1200.0,0.1,0,0.8,0.04,0.8,0,13.5,16.2902,0.12619,0.00634453,16.2902,0.0,0.67053,406.364
1200_dose_0.1_gradient_0_VconcST_0.04_Vconc_0.8_run_0.csv,1200.0,0.1,0,0.8,0.04,0.8,0,13.75,16.8109,0.123689,0.00654733,16.8109,0.0,0.67745,412.728
1200_dose_0.1_gradient_0_VconcST_0.04_Vconc_0.8_run_0.csv,1200.0,0.1,0,0.8,0.04,0.8,0,14.0,17.3181,0.121238,0.00674486,17.3181,0.0,0.683916,389.191
1200_dose_0.1_gradient_0_VconcST_0.04_Vconc_0.8_run_0.csv,1200.0,0.1,0,0.8,0.04,0.8,0,14.25,17.812,0.118835,0.00693724,17.812,0.0,0.68997,385.774
1200_dose_0.1_gradient_0_VconcST_0.04_Vconc_0.8_run_0.csv,1200.0,0.1,0,0.8,0.04,0.8,0,14.5,18.293,0.11648,0.00712457,18.293,0.0,0.695645,376.012
1200_dose_0.1_gradient_0_VconcST_0.04_Vconc_0.8_run_0.csv,1200.0,0.1,0,0.8,0.04,0.8,0,14.75,18.7613,0.114171,0.00730695,18.7613,0.0,0.700975,376.462
1200_dose_0.1_gradient_0_VconcST_0.04_Vconc_0.8_run_0.csv,1200.0,0.1,0,0.8,0.04,0.8,0,15.0,19.225,0.211909,0.00748753,19.225,0.0,0.705987,366.541
1200_dose_0.1_gradient_0_VconcST_0.04_Vconc_0.8_run_0.csv,1200.0,0.1,0,0.8,0.04,0.8,0,15.25,20.1302,0.207709,0.00784009,20.1302,0.0,0.715458,361.784
1200_dose_0.1_gradient_0_VconcST_0.04_Vconc_0.8_run_0.csv,1200.0,0.1,0,0.8,0.04,0.8,0,15.5,21.0126,0.203592,0.00818377,21.0126,0.0,0.72412,337.312
1200_dose_0.1_gradient_0_VconcST_0.04_Vconc_0.8_run_0.csv,1200.0,0.1,0,0.8,0.04,0.8,0,15.75,21.8727,0.199557,0.00851875,21.8727,0.0,0.73207,336.49
1200_dose_0.1_gradient_0_VconcST_0.04_Vconc_0.8_run_0.csv,1200.0,0.1,0,0.8,0.04,0.8,0,16.0,22.7109,0.195602,0.0088452,22.7109,0.0,0.739389,328.315
1200_dose_0.1_gradient_0_VconcST_0.04_Vconc_0.8_run_0.csv,1200.0,0.1,0,0.8,0.04,0.8,0,16.25,23.5277,0.191726,0.0091633,23.5277,0.0,0.746146,323.581
1200_dose_0.1_gradient_0_VconcST_0.04_Vconc_0.8_run_0.csv,1200.0,0.1,0,0.8,0.04,0.8,0,16.5,24.3234,0.187926,0.00947323,24.3234,0.0,0.752401,311.332
1200_dose_0.1_gradient_0_VconcST_0.04_Vconc_0.8_run_0.csv,1200.0,0.1,0,0.8,0.04,0.8,0,16.75,25.0987,0.184201,0.00977515,25.0987,0.0,0.758205,312.068
1200_dose_0.1_gradient_0_VconcST_0.04_Vconc_0.8_run_0.csv,1200.0,0.1,0,0.8,0.04,0.8,0,17.0,25.8537,0.180551,0.0100692,25.8537,0.0,0.763602,299.849
1200_dose_0.1_gradient_0_VconcST_0.04_Vconc_0.8_run_0.csv,1200.0,0.1,0,0.8,0.04,0.8,0,17.25,26.5891,0.176972,0.0103556,26.5891,0.0,0.768632,293.393
1200_dose_0.1_gradient_0_VconcST_0.04_Vconc_0.8_run_0.csv,1200.0,0.1,0,0.8,0.04,0.8,0,17.5,27.3052,0.173465,0.0106345,27.3052,0.0,0.773329,284.72
1200_dose_0.1_gradient_0_VconcST_0.04_Vconc_0.8_run_0.csv,1200.0,0.1,0,0.8,0.04,0.8,0,17.75,28.0023,0.170027,0.010906,28.0023,0.0,0.777721,284.04
1200_dose_0.1_gradient_0_VconcST_0.04_Vconc_0.8_run_0.csv,1200.0,0.1,0,0.8,0.04,0.8,0,18.0,28.681,0.166657,0.0111703,28.681,0.0,0.781837,276.695
1200_dose_0.1_gradient_0_VconcST_0.04_Vconc_0.8_run_0.csv,1200.0,0.1,0,0.8,0.04,0.8,0,18.25,29.3415,0.163355,0.0114276,29.3415,0.0,0.785699,272.312
1200_dose_0.1_gradient_0_VconcST_0.04_Vconc_0.8_run_0.csv,1200.0,0.1,0,0.8,0.04,0.8,0,18.5,29.9842,0.160117,0.0116779,29.9842,0.0,0.789328,269.082
1200_dose_0.1_gradient_0_VconcST_0.04_Vconc_0.8_run_0.csv,1200.0,0.1,0,0.8,0.04,0.8,0,18.75,30.6096,0.156944,0.0119215,30.6096,0.0,0.792743,265.404
1200_dose_0.1_gradient_0_VconcST_0.04_Vconc_0.8_run_0.csv,1200.0,0.1,0,0.8,0.04,0.8,0,19.0,31.218,0.153833,0.0121584,31.218,0.0,0.79596,260.483
1200_dose_0.1_gradient_0_VconcST_0.04_Vconc_0.8_run_0.csv,1200.0,0.1,0,0.8,0.04,0.8,0,19.25,31.8097,0.150784,0.0123889,31.8097,0.0,0.798995,262.39
1200_dose_0.1_gradient_0_VconcST_0.04_Vconc_0.8_run_0.csv,1200.0,0.1,0,0.8,0.04,0.8,0,19.5,32.3851,0.147796,0.012613,32.3851,0.0,0.801861,254.525
1200_dose_0.1_gradient_0_VconcST_0.04_Vconc_0.8_run_0.csv,1200.0,0.1,0,0.8,0.04,0.8,0,19.75,32.9445,0.144867,0.0128309,32.9445,0.0,0.80457,247.492
1200_dose_0.1_gradient_0_VconcST_0.04_Vconc_0.8_run_0.csv,1200.0,0.1,0,0.8,0.04,0.8,0,20.0,33.4961,0.241996,0.0130457,33.4961,0.0,0.807133,244.407
1200_dose_0.1_gradient_0_VconcST_0.04_Vconc_0.8_run_0.csv,1200.0,0.1,0,0.8,0.04,0.8,0,20.25,34.4861,0.2372,0.0134313,34.4861,0.0,0.811631,236.13
1200_dose_0.1_gradient_0_VconcST_0.04_Vconc_0.8_run_0.csv,1200.0,0.1,0,0.8,0.04,0.8,0,20.5,35.4502,0.232499,0.0138067,35.4502,0.0,0.815814,237.436
1200_dose_0.1_gradient_0_VconcST_0.04_Vconc_0.8_run_0.csv,1200.0,0.1,0,0.8,0.04,0.8,0,20.75,36.389,0.227891,0.0141724,36.389,0.0,0.819712,230.024
1200_dose_0.1_gradient_0_VconcST_0.04_Vconc_0.8_run_0.csv,1200.0,0.1,0,0.8,0.04,0.8,0,21.0,37.3029,0.223374,0.0145283,37.3029,0.0,0.823352,230.728
1200_dose_0.1_gradient_0_VconcST_0.04_Vconc_0.8_run_0.csv,1200.0,0.1,0,0.8,0.04,0.8,0,21.25,38.1925,0.218947,0.0148748,38.1925,0.0,0.826757,222.087
1200_dose_0.1_gradient_0_VconcST_0.04_Vconc_0.8_run_0.csv,1200.0,0.1,0,0.8,0.04,0.8,0,21.5,39.0583,0.214608,0.015212,39.0583,0.0,0.829947,216.942
1200_dose_0.1_gradient_0_VconcST_0.04_Vconc_0.8_run_0.csv,1200.0,0.1,0,0.8,0.04,0.8,0,21.75,39.9008,0.210355,0.0155401,39.9008,0.0,0.83294,214.82
1200_dose_0.1_gradient_0_VconcST_0.04_Vconc_0.8_run_0.csv,1200.0,0.1,0,0.8,0.04,0.8,0,22.0,40.7205,0.206186,0.0158594,40.7205,0.0,0.835753,213.089
1200_dose_0.1_gradient_0_VconcST_0.04_Vconc_0.8_run_0.csv,1200.0,0.1,0,0.8,0.04,0.8,0,22.25,41.5178,0.202099,0.0161699,41.5178,0.0,0.838399,205.975
1200_dose_0.1_gradient_0_VconcST_0.04_Vconc_0.8_run_0.csv,1200.0,0.1,0,0.8,0.04,0.8,0,22.5,42.2933,0.198094,0.0164719,42.2933,0.0,0.840893,207.14
1200_dose_0.1_gradient_0_VconcST_0.04_Vconc_0.8_run_0.csv,1200.0,0.1,0,0.8,0.04,0.8,0,22.75,43.0473,0.194168,0.0167656,43.0473,0.0,0.843244,201.514
1200_dose_0.1_gradient_0_VconcST_0.04_Vconc_0.8_run_0.csv,1200.0,0.1,0,0.8,0.04,0.8,0,23.0,43.7803,0.19032,0.0170511,43.7803,0.0,0.845465,198.394
1200_dose_0.1_gradient_0_VconcST_0.04_Vconc_0.8_run_0.csv,1200.0,0.1,0,0.8,0.04,0.8,0,23.25,44.4928,0.186548,0.0173286,44.4928,0.0,0.847564,195.813
1200_dose_0.1_gradient_0_VconcST_0.04_Vconc_0.8_run_0.csv,1200.0,0.1,0,0.8,0.04,0.8,0,23.5,45.1852,0.182851,0.0175982,45.1852,0.0,0.84955,194.521
1200_dose_0.1_gradient_0_VconcST_0.04_Vconc_0.8_run_0.csv,1200.0,0.1,0,0.8,0.04,0.8,0,23.75,45.8578,0.179227,0.0178602,45.8578,0.0,0.85143,196.913
1200_dose_0.1_gradient_0_VconcST_0.04_Vconc_0.8_run_0.csv,1200.0,0.1,0,0.8,0.04,0.8,0,24.0,46.5112,0.175675,0.0181147,46.5112,0.0,0.853212,190.33
1200_dose_0.1_gradient_0_VconcST_0.04_Vconc_0.8_run_0.csv,1200.0,0.1,0,0.8,0.04,0.8,0,24.25,47.1458,0.172193,0.0183618,47.1458,0.0,0.854903,189.123
1200_dose_0.1_gradient_0_VconcST_0.04_Vconc_0.8_run_0.csv,1200.0,0.1,0,0.8,0.04,0.8,0,24.5,47.7618,0.16878,0.0186017,47.7618,0.0,0.856507,186.51
1200_dose_0.1_gradient_0_VconcST_0.04_Vconc_0.8_run_0.csv,1200.0,0.1,0,0.8,0.04,0.8,0,24.75,48.3598,0.165435,0.0188346,48.3598,0.0,0.85803,182.909
1200_dose_0.1_gradient_0_VconcST_0.04_Vconc_0.8_run_0.csv,1200.0,0.1,0,0.8,0.04,0.8,0,25.0,48.9478,0.262157,0.0190637,48.9478,0.0,0.859478,183.603
1200_dose_0.1_gradient_0_VconcST_0.04_Vconc_0.8_run_0.csv,1200.0,0.1,0,0.8,0.04,0.8,0,25.25,49.9723,0.256961,0.0194627,49.9723,0.0,0.861963,176.154
1200_dose_0.1_gradient_0_VconcST_0.04_Vconc_0.8_run_0.csv,1200.0,0.1,0,0.8,0.04,0.8,0,25.5,50.9689,0.251868,0.0198508,50.9689,0.0,0.864298,178.267
1200_dose_0.1_gradient_0_VconcST_0.04_Vconc_0.8_run_0.csv,1200.0,0.1,0,0.8,0.04,0.8,0,25.75,51.9382,0.246877,0.0202283,51.9382,0.0,0.866494,172.069
1200_dose_0.1_gradient_0_VconcST_0.04_Vconc_0.8_run_0.csv,1200.0,0.1,0,0.8,0.04,0.8,0,26.0,52.8808,0.241984,0.0205954,52.8808,0.0,0.868562,171.83
1200_dose_0.1_gradient_0_VconcST_0.04_Vconc_0.8_run_0.csv,1200.0,0.1,0,0.8,0.04,0.8,0,26.25,53.7973,0.237188,0.0209524,53.7973,0.0,0.870513,169.101
1200_dose_0.1_gradient_0_VconcST_0.04_Vconc_0.8_run_0.csv,1200.0,0.1,0,0.8,0.04,0.8,0,26.5,54.6881,0.232487,0.0212993,54.6881,0.0,0.872354,165.708
1200_dose_0.1_gradient_0_VconcST_0.04_Vconc_0.8_run_0.csv,1200.0,0.1,0,0.8,0.04,0.8,0,26.75,55.5539,0.22788,0.0216365,55.5539,0.0,0.874094,162.205
1200_dose_0.1_gradient_0_VconcST_0.04_Vconc_0.8_run_0.csv,1200.0,0.1,0,0.8,0.04,0.8,0,27.0,56.3951,0.223363,0.0219641,56.3951,0.0,0.87574,162.443
1200_dose_0.1_gradient_0_VconcST_0.04_Vconc_0.8_run_0.csv,1200.0,0.1,0,0.8,0.04,0.8,0,27.25,57.2123,0.218936,0.0222824,57.2123,0.0,0.877298,160.167
1200_dose_0.1_gradient_0_VconcST_0.04_Vconc_0.8_run_0.csv,1200.0,0.1,0,0.8,0.04,0.8,0,27.5,58.0059,0.214597,0.0225915,58.0059,0.0,0.878775,157.045
1200_dose_0.1_gradient_0_VconcST_0.04_Vconc_0.8_run_0.csv,1200.0,0.1,0,0.8,0.04,0.8,0,27.75,58.7765,0.210344,0.0228916,58.7765,0.0,0.880175,155.543
1200_dose_0.1_gradient_0_VconcST_0.04_Vconc_0.8_run_0.csv,1200.0,0.1,0,0.8,0.04,0.8,0,28.0,59.5246,0.206175,0.023183,59.5246,0.0,0.881503,155.356
1200_dose_0.1_gradient_0_VconcST_0.04_Vconc_0.8_run_0.csv,1200.0,0.1,0,0.8,0.04,0.8,0,28.25,60.2506,0.202089,0.0234657,60.2506,0.0,0.882764,153.966
1200_dose_0.1_gradient_0_VconcST_0.04_Vconc_0.8_run_0.csv,1200.0,0.1,0,0.8,0.04,0.8,0,28.5,60.9549,0.198084,0.02374,60.9549,0.0,0.883963,153.656
1200_dose_0.1_gradient_0_VconcST_0.04_Vconc_0.8_run_0.csv,1200.0,0.1,0,0.8,0.04,0.8,0,28.75,61.6381,0.194158,0.0240061,61.6381,0.0,0.885102,150.472
1200_dose_0.1_gradient_0_VconcST_0.04_Vconc_6.4_run_0.csv,1200.0,0.1,0,6.4,0.04,6.4,0,0.0,0.0,0.0,0.0,0.0,0.0,0.0,0.0
1200_dose_0.1_gradient_0_VconcST_0.04_Vconc_6.4_run_0.csv,1200.0,0.1,0,6.4,0.04,6.4,0,0.25,0.0,0.0,0.0,0.0,0.0,0.0,10000.0
1200_dose_0.1_gradient_0_VconcST_0.04_Vconc_6.4_run_0.csv,1200.0,0.1,0,6.4,0.04,6.4,0,0.5,0.0,0.0,0.0,0.0,0.0,0.0,755.453
1200_dose_0.1_gradient_0_VconcST_0.04_Vconc_6.4_run_0.csv,1200.0,0.1,0,6.4,0.04,6.4,0,0.75,0.0,0.0,0.0,0.0,0.0,0.0,10000.0
1200_dose_0.1_gradient_0_VconcST_0.04_Vconc_6.4_run_0.csv,1200.0,0.1,0,6.4,0.04,6.4,0,1.0,0.0,0.0,0.0,0.0,0.0,0.0,759.678
1200_dose_0.1_gradient_0_VconcST_0.04_Vconc_6.4_run_0.csv,1200.0,0.1,0,6.4,0.04,6.4,0,1.25,0.0,0.0,0.0,0.0,0.0,0.0,10000.0
1200_dose_0.1_gradient_0_VconcST_0.04_Vconc_6.4_run_0.csv,1200.0,0.1,0,6.4,0.04,6.4,0,1.5,0.0,0.0,0.0,0.0,0.0,0.0,769.719
1200_dose_0.1_gradient_0_VconcST_0.04_Vconc_6.4_run_0.csv,1200.0,0.1,0,6.4,0.04,6.4,0,1.75,0.0,0.0,0.0,0.0,0.0,0.0,10000.0
1200_dose_0.1_gradient_0_VconcST_0.04_Vconc_6.4_run_0.csv,1200.0,0.1,0,6.4,0.04,6.4,0,2.0,0.0,0.0,0.0,0.0,0.0,0.0,765.054
1200_dose_0.1_gradient_0_VconcST_0.04_Vconc_6.4_run_0.csv,1200.0,0.1,0,6.4,0.04,6.4,0,2.25,0.0,0.0,0.0,0.0,0.0,0.0,10000.0
1200_dose_0.1_gradient_0_VconcST_0.04_Vconc_6.4_run_0.csv,1200.0,0.1,0,6.4,0.04,6.4,0,2.5,0.0,0.0,0.0,0.0,0.0,0.0,761.508
1200_dose_0.1_gradient_0_VconcST_0.04_Vconc_6.4_run_0.csv,1200.0,0.1,0,6.4,0.04,6.4,0,2.75,0.0,0.0,0.0,0.0,0.0,0.0,10000.0
1200_dose_0.1_gradient_0_VconcST_0.04_Vconc_6.4_run_0.csv,1200.0,0.1,0,6.4,0.04,6.4,0,3.0,0.0,0.0,0.0,0.0,0.0,0.0,748.222
1200_dose_0.1_gradient_0_VconcST_0.04_Vconc_6.4_run_0.csv,1200.0,0.1,0,6.4,0.04,6.4,0,3.25,0.0,0.0,0.0,0.0,0.0,0.0,10000.0
1200_dose_0.1_gradient_0_VconcST_0.04_Vconc_6.4_run_0.csv,1200.0,0.1,0,6.4,0.04,6.4,0,3.5,0.0,0.0,0.0,0.0,0.0,0.0,750.748
1200_dose_0.1_gradient_0_VconcST_0.04_Vconc_6.4_run_0.csv,1200.0,0.1,0,6.4,0.04,6.4,0,3.75,0.0,0.0,0.0,0.0,0.0,0.0,10000.0
1200_dose_0.1_gradient_0_VconcST_0.04_Vconc_6.4_run_0.csv,1200.0,0.1,0,6.4,0.04,6.4,0,4.0,0.0,0.0,0.0,0.0,0.0,0.0,771.318
1200_dose_0.1_gradient_0_VconcST_0.04_Vconc_6.4_run_0.csv,1200.0,0.1,0,6.4,0.04,6.4,0,4.25,0.0,0.0,0.0,0.0,0.0,0.0,10000.0
1200_dose_0.1_gradient_0_VconcST_0.04_Vconc_6.4_run_0.csv,1200.0,0.1,0,6.4,0.04,6.4,0,4.5,0.0,0.0,0.0,0.0,0.0,0.0,748.609
1200_dose_0.1_gradient_0_VconcST_0.04_Vconc_6.4_run_0.csv,1200.0,0.1,0,6.4,0.04,6.4,0,4.75,0.0,0.0,0.0,0.0,0.0,0.0,10000.0
1200_dose_0.1_gradient_0_VconcST_0.04_Vconc_6.4_run_0.csv,1200.0,0.1,0,6.4,0.04,6.4,0,5.0,0.00778626,0.1,3.0325e-06,0.00778626,0.0,0.0,770.322
1200_dose_0.1_gradient_0_VconcST_0.04_Vconc_6.4_run_0.csv,1200.0,0.1,0,6.4,0.04,6.4,0,5.25,0.469344,0.0980181,0.000182795,0.469344,0.0,0.0545682,10000.0
1200_dose_0.1_gradient_0_VconcST_0.04_Vconc_6.4_run_0.csv,1200.0,0.1,0,6.4,0.04,6.4,0,5.5,0.920004,0.0960755,0.000358313,0.920004,0.0,0.102392,688.268
1200_dose_0.1_gradient_0_VconcST_0.04_Vconc_6.4_run_0.csv,1200.0,0.1,0,6.4,0.04,6.4,0,5.75,1.35999,0.0941714,0.000529673,1.35999,0.0,0.144636,10000.0
1200_dose_0.1_gradient_0_VconcST_0.04_Vconc_6.4_run_0.csv,1200.0,0.1,0,6.4,0.04,6.4,0,6.0,1.78951,0.092305,0.000696961,1.78951,0.0,0.182208,627.185
1200_dose_0.1_gradient_0_VconcST_0.04_Vconc_6.4_run_0.csv,1200.0,0.1,0,6.4,0.04,6.4,0,6.25,2.2088,0.0904757,0.000860258,2.2088,0.0,0.215832,10000.0
1200_dose_0.1_gradient_0_VconcST_0.04_Vconc_6.4_run_0.csv,1200.0,0.1,0,6.4,0.04,6.4,0,6.5,2.61805,0.0886825,0.00101965,2.61805,0.0,0.246087,564.689
1200_dose_0.1_gradient_0_VconcST_0.04_Vconc_6.4_run_0.csv,1200.0,0.1,0,6.4,0.04,6.4,0,6.75,3.01747,0.086925,0.00117521,3.01747,0.0,0.273447,10000.0
1200_dose_0.1_gradient_0_VconcST_0.04_Vconc_6.4_run_0.csv,1200.0,0.1,0,6.4,0.04,6.4,0,7.0,3.40726,0.0852022,0.00132702,3.40726,0.0,0.298297,525.88
1200_dose_0.1_gradient_0_VconcST_0.04_Vconc_6.4_run_0.csv,1200.0,0.1,0,6.4,0.04,6.4,0,7.25,3.78762,0.0835136,0.00147516,3.78762,0.0,0.320961,10000.0
1200_dose_0.1_gradient_0_VconcST_0.04_Vconc_6.4_run_0.csv,1200.0,0.1,0,6.4,0.04,6.4,0,7.5,4.15875,0.0818585,0.0016197,4.15875,0.0,0.341707,492.278
1200_dose_0.1_gradient_0_VconcST_0.04_Vconc_6.4_run_0.csv,1200.0,0.1,0,6.4,0.04,6.4,0,7.75,4.52083,0.0802361,0.00176072,4.52083,0.0,0.36076,10000.0
1200_dose_0.1_gradient_0_VconcST_0.04_Vconc_6.4_run_0.csv,1200.0,0.1,0,6.4,0.04,6.4,0,8.0,4.87405,0.0786459,0.00189829,4.87405,0.0,0.378314,447.758
1200_dose_0.1_gradient_0_VconcST_0.04_Vconc_6.4_run_0.csv,1200.0,0.1,0,6.4,0.04,6.4,0,8.25,5.21859,0.0770872,0.00203248,5.21859,0.0,0.394532,10000.0
1200_dose_0.1_gradient_0_VconcST_0.04_Vconc_6.4_run_0.csv,1200.0,0.1,0,6.4,0.04,6.4,0,8.5,5.55462,0.0755594,0.00216335,5.55462,0.0,0.409555,400.204
1200_dose_0.1_gradient_0_VconcST_0.04_Vconc_6.4_run_0.csv,1200.0,0.1,0,6.4,0.04,6.4,0,8.75,5.88233,0.0740619,0.00229099,5.88233,0.0,0.423504,10000.0
1200_dose_0.1_gradient_0_VconcST_0.04_Vconc_6.4_run_0.csv,1200.0,0.1,0,6.4,0.04,6.4,0,9.0,6.20189,0.0725941,0.00241544,6.20189,0.0,0.436486,381.98
1200_dose_0.1_gradient_0_VconcST_0.04_Vconc_6.4_run_0.csv,1200.0,0.1,0,6.4,0.04,6.4,0,9.25,6.51346,0.0711554,0.00253679,6.51346,0.0,0.448593,9700.47
1200_dose_0.1_gradient_0_VconcST_0.04_Vconc_6.4_run_0.csv,1200.0,0.1,0,6.4,0.04,6.4,0,9.5,6.8172,0.0697451,0.00265509,6.8172,0.0,0.459905,356.728
1200_dose_0.1_gradient_0_VconcST_0.04_Vconc_6.4_run_0.csv,1200.0,0.1,0,6.4,0.04,6.4,0,9.75,7.1133,0.0683629,0.00277041,7.1133,0.0,0.470494,9229.01
1200_dose_0.1_gradient_0_VconcST_0.04_Vconc_6.4_run_0.csv,1200.0,0.1,0,6.4,0.04,6.4,0,10.0,7.40967,0.167008,0.00288584,7.40967,0.0,0.480423,314.077
1200_dose_0.1_gradient_0_VconcST_0.04_Vconc_6.4_run_0.csv,1200.0,0.1,0,6.4,0.04,6.4,0,10.25,8.15246,0.163698,0.00317513,8.15246,0.0,0.504344,8181.44
1200_dose_0.1_gradient_0_VconcST_0.04_Vconc_6.4_run_0.csv,1200.0,0.1,0,6.4,0.04,6.4,0,10.5,8.87715,0.160454,0.00345738,8.87715,0.0,0.525651,259.715
1200_dose_0.1_gradient_0_VconcST_0.04_Vconc_6.4_run_0.csv,1200.0,0.1,0,6.4,0.04,6.4,0,10.75,9.58412,0.157274,0.00373272,9.58412,0.0,0.544743,6898.45
1200_dose_0.1_gradient_0_VconcST_0.04_Vconc_6.4_run_0.csv,1200.0,0.1,0,6.4,0.04,6.4,0,11.0,10.2737,0.154157,0.0040013,10.2737,0.0,0.561941,237.325
1200_dose_0.1_gradient_0_VconcST_0.04_Vconc_6.4_run_0.csv,1200.0,0.1,0,6.4,0.04,6.4,0,11.25,10.9464,0.151102,0.00426326,10.9464,0.0,0.577508,6504.36
1200_dose_0.1_gradient_0_VconcST_0.04_Vconc_6.4_run_0.csv,1200.0,0.1,0,6.4,0.04,6.4,0,11.5,11.6023,0.148107,0.00451874,11.6023,0.0,0.59166,205.033
1200_dose_0.1_gradient_0_VconcST_0.04_Vconc_6.4_run_0.csv,1200.0,0.1,0,6.4,0.04,6.4,0,11.75,12.242,0.145172,0.00476786,12.242,0.0,0.604576,6002.53
1200_dose_0.1_gradient_0_VconcST_0.04_Vconc_6.4_run_0.csv,1200.0,0.1,0,6.4,0.04,6.4,0,12.0,12.8656,0.142295,0.00501076,12.8656,0.0,0.616406,196.042
1200_dose_0.1_gradient_0_VconcST_0.04_Vconc_6.4_run_0.csv,1200.0,0.1,0,6.4,0.04,6.4,0,12.25,13.4737,0.139474,0.00524757,13.4737,0.000989583,0.627277,5678.49
1200_dose_0.1_gradient_0_VconcST_0.04_Vconc_6.4_run_0.csv,1200.0,0.1,0,6.4,0.04,6.4,0,12.5,14.0664,0.13671,0.00547842,14.0664,0.0,0.637297,171.703
1200_dose_0.1_gradient_0_VconcST_0.04_Vconc_6.4_run_0.csv,1200.0,0.1,0,6.4,0.04,6.4,0,12.75,14.6441,0.134001,0.00570341,14.6441,0.0,0.646558,5426.16
1200_dose_0.1_gradient_0_VconcST_0.04_Vconc_6.4_run_0.csv,1200.0,0.1,0,6.4,0.04,6.4,0,13.0,15.2071,0.131345,0.00592268,15.2071,0.0,0.65514,164.671
1200_dose_0.1_gradient_0_VconcST_0.04_Vconc_6.4_run_0.csv,1200.0,0.1,0,6.4,0.04,6.4,0,13.25,15.7557,0.128742,0.00613635,15.7557,0.0,0.66311,5224.79
1200_dose_0.1_gradient_0_VconcST_0.04_Vconc_6.4_run_0.csv,1200.0,0.1,0,6.4,0.04,6.4,0,13.5,16.2902,0.12619,0.00634453,16.2902,0.0,0.67053,153.646
1200_dose_0.1_gradient_0_VconcST_0.04_Vconc_6.4_run_0.csv,1200.0,0.1,0,6.4,0.04,6.4,0,13.75,16.8109,0.123689,0.00654733,16.8109,0.0,0.67745,4779.61
1200_dose_0.1_gradient_0_VconcST_0.04_Vconc_6.4_run_0.csv,1200.0,0.1,0,6.4,0.04,6.4,0,14.0,17.3181,0.121238,0.00674486,17.3181,0.0,0.683916,145.207
1200_dose_0.1_gradient_0_VconcST_0.04_Vconc_6.4_run_0.csv,1200.0,0.1,0,6.4,0.04,6.4,0,14.25,17.812,0.118835,0.00693724,17.812,0.0,0.68997,4557.68
1200_dose_0.1_gradient_0_VconcST_0.04_Vconc_6.4_run_0.csv,1200.0,0.1,0,6.4,0.04,6.4,0,14.5,18.293,0.11648,0.00712457,18.293,0.0,0.695645,128.717
1200_dose_0.1_gradient_0_VconcST_0.04_Vconc_6.4_run_0.csv,1200.0,0.1,0,6.4,0.04,6.4,0,14.75,18.7613,0.114171,0.00730695,18.7613,0.0,0.700975,4336.23
1200_dose_0.1_gradient_0_VconcST_0.04_Vconc_6.4_run_0.csv,1200.0,0.1,0,6.4,0.04,6.4,0,15.0,19.225,0.211909,0.00748753,19.225,0.0,0.705987,132.498
1200_dose_0.1_gradient_0_VconcST_0.04_Vconc_6.4_run_0.csv,1200.0,0.1,0,6.4,0.04,6.4,0,15.25,20.1302,0.207709,0.00784009,20.1302,0.0,0.715458,4202.79
1200_dose_0.1_gradient_0_VconcST_0.04_Vconc_6.4_run_0.csv,1200.0,0.1,0,6.4,0.04,6.4,0,15.5,21.0126,0.203592,0.00818377,21.0126,0.0,0.72412,117.707
1200_dose_0.1_gradient_0_VconcST_0.04_Vconc_6.4_run_0.csv,1200.0,0.1,0,6.4,0.04,6.4,0,15.75,21.8727,0.199557,0.00851875,21.8727,0.0,0.73207,3834.2
1200_dose_0.1_gradient_0_VconcST_0.04_Vconc_6.4_run_0.csv,1200.0,0.1,0,6.4,0.04,6.4,0,16.0,22.7109,0.195602,0.0088452,22.7109,0.0,0.739389,106.656
1200_dose_0.1_gradient_0_VconcST_0.04_Vconc_6.4_run_0.csv,1200.0,0.1,0,6.4,0.04,6.4,0,16.25,23.5277,0.191726,0.0091633,23.5277,0.0,0.746146,3620.15
1200_dose_0.1_gradient_0_VconcST_0.04_Vconc_6.4_run_0.csv,1200.0,0.1,0,6.4,0.04,6.4,0,16.5,24.3234,0.187926,0.00947323,24.3234,0.0,0.752401,93.587
1200_dose_0.1_gradient_0_VconcST_0.04_Vconc_6.4_run_0.csv,1200.0,0.1,0,6.4,0.04,6.4,0,16.75,25.0987,0.184201,0.00977515,25.0987,0.0,0.758205,3439.01
1200_dose_0.1_gradient_0_VconcST_0.04_Vconc_6.4_run_0.csv,1200.0,0.1,0,6.4,0.04,6.4,0,17.0,25.8537,0.180551,0.0100692,25.8537,0.0,0.763602,92.2191
1200_dose_0.1_gradient_0_VconcST_0.04_Vconc_6.4_run_0.csv,1200.0,0.1,0,6.4,0.04,6.4,0,17.25,26.5891,0.176972,0.0103556,26.5891,0.0,0.768632,3273.33
1200_dose_0.1_gradient_0_VconcST_0.04_Vconc_6.4_run_0.csv,1200.0,0.1,0,6.4,0.04,6.4,0,17.5,27.3052,0.173465,0.0106345,27.3052,0.0,0.773329,87.7854
1200_dose_0.1_gradient_0_VconcST_0.04_Vconc_6.4_run_0.csv,1200.0,0.1,0,6.4,0.04,6.4,0,17.75,28.0023,0.170027,0.010906,28.0023,0.0,0.777721,3103.68
1200_dose_0.1_gradient_0_VconcST_0.04_Vconc_6.4_run_0.csv,1200.0,0.1,0,6.4,0.04,6.4,0,18.0,28.681,0.166657,0.0111703,28.681,0.0,0.781837,84.5743
1200_dose_0.1_gradient_0_VconcST_0.04_Vconc_6.4_run_0.csv,1200.0,0.1,0,6.4,0.04,6.4,0,18.25,29.3415,0.163355,0.0114276,29.3415,0.0,0.785699,2993.28
1200_dose_0.1_gradient_0_VconcST_0.04_Vconc_6.4_run_0.csv,1200.0,0.1,0,6.4,0.04,6.4,0,18.5,29.9842,0.160117,0.0116779,29.9842,0.0,0.789328,77.8396
1200_dose_0.1_gradient_0_VconcST_0.04_Vconc_6.4_run_0.csv,1200.0,0.1,0,6.4,0.04,6.4,0,18.75,30.6096,0.156944,0.0119215,30.6096,0.0,0.792743,2903.31
1200_dose_0.1_gradient_0_VconcST_0.04_Vconc_6.4_run_0.csv,1200.0,0.1,0,6.4,0.04,6.4,0,19.0,31.218,0.153833,0.0121584,31.218,0.0,0.79596,72.8888
1200_dose_0.1_gradient_0_VconcST_0.04_Vconc_6.4_run_0.csv,1200.0,0.1,0,6.4,0.04,6.4,0,19.25,31.8097,0.150784,0.0123889,31.8097,0.0,0.798995,2876.24
1200_dose_0.1_gradient_0_VconcST_0.04_Vconc_6.4_run_0.csv,1200.0,0.1,0,6.4,0.04,6.4,0,19.5,32.3851,0.147796,0.012613,32.3851,0.0,0.801861,71.4472
1200_dose_0.1_gradient_0_VconcST_0.04_Vconc_6.4_run_0.csv,1200.0,0.1,0,6.4,0.04,6.4,0,19.75,32.9445,0.144867,0.0128309,32.9445,0.0,0.80457,2732.21
1200_dose_0.1_gradient_0_VconcST_0.04_Vconc_6.4_run_0.csv,1200.0,0.1,0,6.4,0.04,6.4,0,20.0,33.4961,0.241996,0.0130457,33.4961,0.0,0.807133,68.8474
1200_dose_0.1_gradient_0_VconcST_0.04_Vconc_6.4_run_0.csv,1200.0,0.1,0,6.4,0.04,6.4,0,20.25,34.4861,0.2372,0.0134313,34.4861,0.0,0.811631,2618.74
1200_dose_0.1_gradient_0_VconcST_0.04_Vconc_6.4_run_0.csv,1200.0,0.1,0,6.4,0.04,6.4,0,20.5,35.4502,0.232499,0.0138067,35.4502,0.0,0.815814,64.9353
1200_dose_0.1_gradient_0_VconcST_0.04_Vconc_6.4_run_0.csv,1200.0,0.1,0,6.4,0.04,6.4,0,20.75,36.389,0.227891,0.0141724,36.389,0.0,0.819712,2402.32
1200_dose_0.1_gradient_0_VconcST_0.04_Vconc_6.4_run_0.csv,1200.0,0.1,0,6.4,0.04,6.4,0,21.0,37.3029,0.223374,0.0145283,37.3029,0.0,0.823352,64.1463
1200_dose_0.1_gradient_0_VconcST_0.04_Vconc_6.4_run_0.csv,1200.0,0.1,0,6.4,0.04,6.4,0,21.25,38.1925,0.218947,0.0148748,38.1925,0.0,0.826757,2196.6
1200_dose_0.1_gradient_0_VconcST_0.04_Vconc_6.4_run_0.csv,1200.0,0.1,0,6.4,0.04,6.4,0,21.5,39.0583,0.214608,0.015212,39.0583,0.0,0.829947,62.2646
1200_dose_0.1_gradient_0_VconcST_0.04_Vconc_6.4_run_0.csv,1200.0,0.1,0,6.4,0.04,6.4,0,21.75,39.9008,0.210355,0.0155401,39.9008,0.0,0.83294,2011.86
1200_dose_0.1_gradient_0_VconcST_0.04_Vconc_6.4_run_0.csv,1200.0,0.1,0,6.4,0.04,6.4,0,22.0,40.7205,0.206186,0.0158594,40.7205,0.0,0.835753,327.7
1200_dose_0.1_gradient_0_VconcST_0.04_Vconc_6.4_run_0.csv,1200.0,0.1,0,6.4,0.04,6.4,0,22.25,41.5178,0.202099,0.0161699,41.5178,0.0,0.838399,1376.3
1200_dose_0.1_gradient_0_VconcST_0.04_Vconc_6.4_run_0.csv,1200.0,0.1,0,6.4,0.04,6.4,0,22.5,42.2933,0.198094,0.0164719,42.2933,0.0,0.840893,1291.1
1200_dose_0.1_gradient_0_VconcST_0.04_Vconc_6.4_run_0.csv,1200.0,0.1,0,6.4,0.04,6.4,0,22.75,43.0473,0.194168,0.0167656,43.0473,0.0,0.843244,722.549
1200_dose_0.1_gradient_0_VconcST_0.04_Vconc_6.4_run_0.csv,1200.0,0.1,0,6.4,0.04,6.4,0,23.0,43.7803,0.19032,0.0170511,43.7803,0.0,0.845465,1663.22
1200_dose_0.1_gradient_0_VconcST_0.04_Vconc_6.4_run_0.csv,1200.0,0.1,0,6.4,0.04,6.4,0,23.25,44.4928,0.186548,0.0173286,44.4928,0.0,0.847564,1308.06
1200_dose_0.1_gradient_0_VconcST_0.04_Vconc_6.4_run_0.csv,1200.0,0.1,0,6.4,0.04,6.4,0,23.5,45.1852,0.182851,0.0175982,45.1852,0.00409722,0.84955,1909.14
1200_dose_0.1_gradient_0_VconcST_0.04_Vconc_6.4_run_0.csv,1200.0,0.1,0,6.4,0.04,6.4,0,23.75,45.8578,0.179227,0.0178602,45.8578,0.0205881,0.85143,2494.26
1200_dose_0.1_gradient_0_VconcST_0.04_Vconc_6.4_run_0.csv,1200.0,0.1,0,6.4,0.04,6.4,0,24.0,46.5112,0.175675,0.0181147,46.5112,0.0733225,0.853212,2607.94
1200_dose_0.1_gradient_0_VconcST_0.04_Vconc_6.4_run_0.csv,1200.0,0.1,0,6.4,0.04,6.4,0,24.25,47.1458,0.172193,0.0183618,47.1458,0.157307,0.854903,2574.6
1200_dose_0.1_gradient_0_VconcST_0.04_Vconc_6.4_run_0.csv,1200.0,0.1,0,6.4,0.04,6.4,0,24.5,47.7618,0.16878,0.0186017,47.7618,0.272541,0.856507,2539.85
1200_dose_0.1_gradient_0_VconcST_0.04_Vconc_6.4_run_0.csv,1200.0,0.1,0,6.4,0.04,6.4,0,24.75,48.3598,0.165435,0.0188346,48.3598,0.419026,0.85803,2537.27
1200_dose_0.1_gradient_0_VconcST_0.04_Vconc_6.4_run_0.csv,1200.0,0.1,0,6.4,0.04,6.4,0,25.0,48.9478,0.262157,0.0190637,48.9478,0.59676,0.859478,2491.23
1200_dose_0.1_gradient_0_VconcST_0.04_Vconc_6.4_run_0.csv,1200.0,0.1,0,6.4,0.04,6.4,0,25.25,49.9723,0.256961,0.0194627,49.9723,0.805744,0.861963,2474.93
1200_dose_0.1_gradient_0_VconcST_0.04_Vconc_6.4_run_0.csv,1200.0,0.1,0,6.4,0.04,6.4,0,25.5,50.9689,0.251868,0.0198508,50.9689,0.985417,0.864298,2456.16
1200_dose_0.1_gradient_0_VconcST_0.04_Vconc_6.4_run_0.csv,1200.0,0.1,0,6.4,0.04,6.4,0,25.75,51.9382,0.246877,0.0202283,51.9382,1.0,0.866494,2362.12
1200_dose_0.1_gradient_0_VconcST_0.04_Vconc_6.4_run_0.csv,1200.0,0.1,0,6.4,0.04,6.4,0,26.0,52.8808,0.241984,0.0205954,52.8808,1.0,0.868562,2384.99
1200_dose_0.1_gradient_0_VconcST_0.04_Vconc_6.4_run_0.csv,1200.0,0.1,0,6.4,0.04,6.4,0,26.25,53.7973,0.237188,0.0209524,53.7973,1.0,0.870513,2280.1
1200_dose_0.1_gradient_0_VconcST_0.04_Vconc_6.4_run_0.csv,1200.0,0.1,0,6.4,0.04,6.4,0,26.5,54.6881,0.232487,0.0212993,54.6881,1.0,0.872354,2248.08
1200_dose_0.1_gradient_0_VconcST_0.04_Vconc_6.4_run_0.csv,1200.0,0.1,0,6.4,0.04,6.4,0,26.75,55.5539,0.22788,0.0216365,55.5539,1.0,0.874094,2226.82
1200_dose_0.1_gradient_0_VconcST_0.04_Vconc_6.4_run_0.csv,1200.0,0.1,0,6.4,0.04,6.4,0,27.0,56.3951,0.223363,0.0219641,56.3951,1.0,0.87574,2205.09
1200_dose_0.1_gradient_0_VconcST_0.04_Vconc_6.4_run_0.csv,1200.0,0.1,0,6.4,0.04,6.4,0,27.25,57.2123,0.218936,0.0222824,57.2123,1.0,0.877298,2216.41
1200_dose_0.1_gradient_0_VconcST_0.04_Vconc_6.4_run_0.csv,1200.0,0.1,0,6.4,0.04,6.4,0,27.5,58.0059,0.214597,0.0225915,58.0059,1.0,0.878775,2071.57
1200_dose_0.1_gradient_0_VconcST_0.04_Vconc_6.4_run_0.csv,1200.0,0.1,0,6.4,0.04,6.4,0,27.75,58.7765,0.210344,0.0228916,58.7765,1.0,0.880175,2086.12
1200_dose_0.1_gradient_0_VconcST_0.04_Vconc_6.4_run_0.csv,1200.0,0.1,0,6.4,0.04,6.4,0,28.0,59.5246,0.206175,0.023183,59.5246,1.0,0.881503,2036.53
1200_dose_0.1_gradient_0_VconcST_0.04_Vconc_6.4_run_0.csv,1200.0,0.1,0,6.4,0.04,6.4,0,28.25,60.2506,0.202089,0.0234657,60.2506,1.0,0.882764,2092.37
1200_dose_0.1_gradient_0_VconcST_0.04_Vconc_6.4_run_0.csv,1200.0,0.1,0,6.4,0.04,6.4,0,28.5,60.9549,0.198084,0.02374,60.9549,1.0,0.883963,1948.91
1200_dose_0.1_gradient_0_VconcST_0.04_Vconc_6.4_run_0.csv,1200.0,0.1,0,6.4,0.04,6.4,0,28.75,61.6381,0.194158,0.0240061,61.6381,1.0,0.885102,1916.38
1200_dose_0.1_gradient_0_VconcST_0.04_Vconc_5.6_run_0.csv,1200.0,0.1,0,5.6,0.04,5.6,0,0.0,0.0,0.0,0.0,0.0,0.0,0.0,0.0
1200_dose_0.1_gradient_0_VconcST_0.04_Vconc_5.6_run_0.csv,1200.0,0.1,0,5.6,0.04,5.6,0,0.25,0.0,0.0,0.0,0.0,0.0,0.0,10000.0
1200_dose_0.1_gradient_0_VconcST_0.04_Vconc_5.6_run_0.csv,1200.0,0.1,0,5.6,0.04,5.6,0,0.5,0.0,0.0,0.0,0.0,0.0,0.0,679.567
1200_dose_0.1_gradient_0_VconcST_0.04_Vconc_5.6_run_0.csv,1200.0,0.1,0,5.6,0.04,5.6,0,0.75,0.0,0.0,0.0,0.0,0.0,0.0,10000.0
1200_dose_0.1_gradient_0_VconcST_0.04_Vconc_5.6_run_0.csv,1200.0,0.1,0,5.6,0.04,5.6,0,1.0,0.0,0.0,0.0,0.0,0.0,0.0,670.861
1200_dose_0.1_gradient_0_VconcST_0.04_Vconc_5.6_run_0.csv,1200.0,0.1,0,5.6,0.04,5.6,0,1.25,0.0,0.0,0.0,0.0,0.0,0.0,10000.0
1200_dose_0.1_gradient_0_VconcST_0.04_Vconc_5.6_run_0.csv,1200.0,0.1,0,5.6,0.04,5.6,0,1.5,0.0,0.0,0.0,0.0,0.0,0.0,663.677
1200_dose_0.1_gradient_0_VconcST_0.04_Vconc_5.6_run_0.csv,1200.0,0.1,0,5.6,0.04,5.6,0,1.75,0.0,0.0,0.0,0.0,0.0,0.0,10000.0
1200_dose_0.1_gradient_0_VconcST_0.04_Vconc_5.6_run_0.csv,1200.0,0.1,0,5.6,0.04,5.6,0,2.0,0.0,0.0,0.0,0.0,0.0,0.0,680.906
1200_dose_0.1_gradient_0_VconcST_0.04_Vconc_5.6_run_0.csv,1200.0,0.1,0,5.6,0.04,5.6,0,2.25,0.0,0.0,0.0,0.0,0.0,0.0,10000.0
1200_dose_0.1_gradient_0_VconcST_0.04_Vconc_5.6_run_0.csv,1200.0,0.1,0,5.6,0.04,5.6,0,2.5,0.0,0.0,0.0,0.0,0.0,0.0,670.76
1200_dose_0.1_gradient_0_VconcST_0.04_Vconc_5.6_run_0.csv,1200.0,0.1,0,5.6,0.04,5.6,0,2.75,0.0,0.0,0.0,0.0,0.0,0.0,10000.0
1200_dose_0.1_gradient_0_VconcST_0.04_Vconc_5.6_run_0.csv,1200.0,0.1,0,5.6,0.04,5.6,0,3.0,0.0,0.0,0.0,0.0,0.0,0.0,682.21
1200_dose_0.1_gradient_0_VconcST_0.04_Vconc_5.6_run_0.csv,1200.0,0.1,0,5.6,0.04,5.6,0,3.25,0.0,0.0,0.0,0.0,0.0,0.0,10000.0
1200_dose_0.1_gradient_0_VconcST_0.04_Vconc_5.6_run_0.csv,1200.0,0.1,0,5.6,0.04,5.6,0,3.5,0.0,0.0,0.0,0.0,0.0,0.0,668.861
1200_dose_0.1_gradient_0_VconcST_0.04_Vconc_5.6_run_0.csv,1200.0,0.1,0,5.6,0.04,5.6,0,3.75,0.0,0.0,0.0,0.0,0.0,0.0,10000.0
1200_dose_0.1_gradient_0_VconcST_0.04_Vconc_5.6_run_0.csv,1200.0,0.1,0,5.6,0.04,5.6,0,4.0,0.0,0.0,0.0,0.0,0.0,0.0,671.524
1200_dose_0.1_gradient_0_VconcST_0.04_Vconc_5.6_run_0.csv,1200.0,0.1,0,5.6,0.04,5.6,0,4.25,0.0,0.0,0.0,0.0,0.0,0.0,10000.0
1200_dose_0.1_gradient_0_VconcST_0.04_Vconc_5.6_run_0.csv,1200.0,0.1,0,5.6,0.04,5.6,0,4.5,0.0,0.0,0.0,0.0,0.0,0.0,679.351
1200_dose_0.1_gradient_0_VconcST_0.04_Vconc_5.6_run_0.csv,1200.0,0.1,0,5.6,0.04,5.6,0,4.75,0.0,0.0,0.0,0.0,0.0,0.0,10000.0
1200_dose_0.1_gradient_0_VconcST_0.04_Vconc_5.6_run_0.csv,1200.0,0.1,0,5.6,0.04,5.6,0,5.0,0.00778626,0.1,3.0325e-06,0.00778626,0.0,0.0,674.397
1200_dose_0.1_gradient_0_VconcST_0.04_Vconc_5.6_run_0.csv,1200.0,0.1,0,5.6,0.04,5.6,0,5.25,0.469344,0.0980181,0.000182795,0.469344,0.0,0.0545682,10000.0
1200_dose_0.1_gradient_0_VconcST_0.04_Vconc_5.6_run_0.csv,1200.0,0.1,0,5.6,0.04,5.6,0,5.5,0.920004,0.0960755,0.000358313,0.920004,0.0,0.102392,600.944
1200_dose_0.1_gradient_0_VconcST_0.04_Vconc_5.6_run_0.csv,1200.0,0.1,0,5.6,0.04,5.6,0,5.75,1.35999,0.0941714,0.000529673,1.35999,0.0,0.144636,10000.0
1200_dose_0.1_gradient_0_VconcST_0.04_Vconc_5.6_run_0.csv,1200.0,0.1,0,5.6,0.04,5.6,0,6.0,1.78951,0.092305,0.000696961,1.78951,0.0,0.182208,556.183
1200_dose_0.1_gradient_0_VconcST_0.04_Vconc_5.6_run_0.csv,1200.0,0.1,0,5.6,0.04,5.6,0,6.25,2.2088,0.0904757,0.000860258,2.2088,0.0,0.215832,10000.0
1200_dose_0.1_gradient_0_VconcST_0.04_Vconc_5.6_run_0.csv,1200.0,0.1,0,5.6,0.04,5.6,0,6.5,2.61805,0.0886825,0.00101965,2.61805,0.0,0.246087,492.113
1200_dose_0.1_gradient_0_VconcST_0.04_Vconc_5.6_run_0.csv,1200.0,0.1,0,5.6,0.04,5.6,0,6.75,3.01747,0.086925,0.00117521,3.01747,0.0,0.273447,10000.0
1200_dose_0.1_gradient_0_VconcST_0.04_Vconc_5.6_run_0.csv,1200.0,0.1,0,5.6,0.04,5.6,0,7.0,3.40726,0.0852022,0.00132702,3.40726,0.0,0.298297,433.43
1200_dose_0.1_gradient_0_VconcST_0.04_Vconc_5.6_run_0.csv,1200.0,0.1,0,5.6,0.04,5.6,0,7.25,3.78762,0.0835136,0.00147516,3.78762,0.0,0.320961,9930.41
1200_dose_0.1_gradient_0_VconcST_0.04_Vconc_5.6_run_0.csv,1200.0,0.1,0,5.6,0.04,5.6,0,7.5,4.15875,0.0818585,0.0016197,4.15875,0.0,0.341707,383.842
1200_dose_0.1_gradient_0_VconcST_0.04_Vconc_5.6_run_0.csv,1200.0,0.1,0,5.6,0.04,5.6,0,7.75,4.52083,0.0802361,0.00176072,4.52083,0.0,0.36076,9837.26
1200_dose_0.1_gradient_0_VconcST_0.04_Vconc_5.6_run_0.csv,1200.0,0.1,0,5.6,0.04,5.6,0,8.0,4.87405,0.0786459,0.00189829,4.87405,0.0,0.378314,364.657
1200_dose_0.1_gradient_0_VconcST_0.04_Vconc_5.6_run_0.csv,1200.0,0.1,0,5.6,0.04,5.6,0,8.25,5.21859,0.0770872,0.00203248,5.21859,0.0,0.394532,9238.12
1200_dose_0.1_gradient_0_VconcST_0.04_Vconc_5.6_run_0.csv,1200.0,0.1,0,5.6,0.04,5.6,0,8.5,5.55462,0.0755594,0.00216335,5.55462,0.0,0.409555,320.932
1200_dose_0.1_gradient_0_VconcST_0.04_Vconc_5.6_run_0.csv,1200.0,0.1,0,5.6,0.04,5.6,0,8.75,5.88233,0.0740619,0.00229099,5.88233,0.0,0.423504,8731.81
1200_dose_0.1_gradient_0_VconcST_0.04_Vconc_5.6_run_0.csv,1200.0,0.1,0,5.6,0.04,5.6,0,9.0,6.20189,0.0725941,0.00241544,6.20189,0.0,0.436486,296.775
1200_dose_0.1_gradient_0_VconcST_0.04_Vconc_5.6_run_0.csv,1200.0,0.1,0,5.6,0.04,5.6,0,9.25,6.51346,0.0711554,0.00253679,6.51346,0.0,0.448593,8212.28
1200_dose_0.1_gradient_0_VconcST_0.04_Vconc_5.6_run_0.csv,1200.0,0.1,0,5.6,0.04,5.6,0,9.5,6.8172,0.0697451,0.00265509,6.8172,0.0,0.459905,266.554
1200_dose_0.1_gradient_0_VconcST_0.04_Vconc_5.6_run_0.csv,1200.0,0.1,0,5.6,0.04,5.6,0,9.75,7.1133,0.0683629,0.00277041,7.1133,0.0,0.470494,7873.26
1200_dose_0.1_gradient_0_VconcST_0.04_Vconc_5.6_run_0.csv,1200.0,0.1,0,5.6,0.04,5.6,0,10.0,7.40967,0.167008,0.00288584,7.40967,0.0,0.480423,251.829
1200_dose_0.1_gradient_0_VconcST_0.04_Vconc_5.6_run_0.csv,1200.0,0.1,0,5.6,0.04,5.6,0,10.25,8.15246,0.163698,0.00317513,8.15246,0.0,0.504344,7000.66
1200_dose_0.1_gradient_0_VconcST_0.04_Vconc_5.6_run_0.csv,1200.0,0.1,0,5.6,0.04,5.6,0,10.5,8.87715,0.160454,0.00345738,8.87715,0.0,0.525651,217.285
1200_dose_0.1_gradient_0_VconcST_0.04_Vconc_5.6_run_0.csv,1200.0,0.1,0,5.6,0.04,5.6,0,10.75,9.58412,0.157274,0.00373272,9.58412,0.0,0.544743,6346.89
1200_dose_0.1_gradient_0_VconcST_0.04_Vconc_5.6_run_0.csv,1200.0,0.1,0,5.6,0.04,5.6,0,11.0,10.2737,0.154157,0.0040013,10.2737,0.0,0.561941,191.665
1200_dose_0.1_gradient_0_VconcST_0.04_Vconc_5.6_run_0.csv,1200.0,0.1,0,5.6,0.04,5.6,0,11.25,10.9464,0.151102,0.00426326,10.9464,0.0,0.577508,6056.04
1200_dose_0.1_gradient_0_VconcST_0.04_Vconc_5.6_run_0.csv,1200.0,0.1,0,5.6,0.04,5.6,0,11.5,11.6023,0.148107,0.00451874,11.6023,0.0,0.59166,177.801
1200_dose_0.1_gradient_0_VconcST_0.04_Vconc_5.6_run_0.csv,1200.0,0.1,0,5.6,0.04,5.6,0,11.75,12.242,0.145172,0.00476786,12.242,0.00160807,0.604576,5198.66
1200_dose_0.1_gradient_0_VconcST_0.04_Vconc_5.6_run_0.csv,1200.0,0.1,0,5.6,0.04,5.6,0,12.0,12.8656,0.142295,0.00501076,12.8656,0.0,0.616406,157.218
1200_dose_0.1_gradient_0_VconcST_0.04_Vconc_5.6_run_0.csv,1200.0,0.1,0,5.6,0.04,5.6,0,12.25,13.4737,0.139474,0.00524757,13.4737,0.0,0.627277,4945.75
1200_dose_0.1_gradient_0_VconcST_0.04_Vconc_5.6_run_0.csv,1200.0,0.1,0,5.6,0.04,5.6,0,12.5,14.0664,0.13671,0.00547842,14.0664,0.0,0.637297,142.736
1200_dose_0.1_gradient_0_VconcST_0.04_Vconc_5.6_run_0.csv,1200.0,0.1,0,5.6,0.04,5.6,0,12.75,14.6441,0.134001,0.00570341,14.6441,0.0,0.646558,4526.5
1200_dose_0.1_gradient_0_VconcST_0.04_Vconc_5.6_run_0.csv,1200.0,0.1,0,5.6,0.04,5.6,0,13.0,15.2071,0.131345,0.00592268,15.2071,0.0,0.65514,127.642
1200_dose_0.1_gradient_0_VconcST_0.04_Vconc_5.6_run_0.csv,1200.0,0.1,0,5.6,0.04,5.6,0,13.25,15.7557,0.128742,0.00613635,15.7557,0.0,0.66311,4350.3
1200_dose_0.1_gradient_0_VconcST_0.04_Vconc_5.6_run_0.csv,1200.0,0.1,0,5.6,0.04,5.6,0,13.5,16.2902,0.12619,0.00634453,16.2902,0.0,0.67053,118.349
1200_dose_0.1_gradient_0_VconcST_0.04_Vconc_5.6_run_0.csv,1200.0,0.1,0,5.6,0.04,5.6,0,13.75,16.8109,0.123689,0.00654733,16.8109,0.0,0.67745,4056.91
1200_dose_0.1_gradient_0_VconcST_0.04_Vconc_5.6_run_0.csv,1200.0,0.1,0,5.6,0.04,5.6,0,14.0,17.3181,0.121238,0.00674486,17.3181,0.0,0.683916,114.388
1200_dose_0.1_gradient_0_VconcST_0.04_Vconc_5.6_run_0.csv,1200.0,0.1,0,5.6,0.04,5.6,0,14.25,17.812,0.118835,0.00693724,17.812,0.0,0.68997,3919.46
1200_dose_0.1_gradient_0_VconcST_0.04_Vconc_5.6_run_0.csv,1200.0,0.1,0,5.6,0.04,5.6,0,14.5,18.293,0.11648,0.00712457,18.293,0.0,0.695645,110.395
1200_dose_0.1_gradient_0_VconcST_0.04_Vconc_5.6_run_0.csv,1200.0,0.1,0,5.6,0.04,5.6,0,14.75,18.7613,0.114171,0.00730695,18.7613,0.0,0.700975,3791.01
1200_dose_0.1_gradient_0_VconcST_0.04_Vconc_5.6_run_0.csv,1200.0,0.1,0,5.6,0.04,5.6,0,15.0,19.225,0.211909,0.00748753,19.225,0.0,0.705987,101.05
1200_dose_0.1_gradient_0_VconcST_0.04_Vconc_5.6_run_0.csv,1200.0,0.1,0,5.6,0.04,5.6,0,15.25,20.1302,0.207709,0.00784009,20.1302,0.0,0.715458,3568.15
1200_dose_0.1_gradient_0_VconcST_0.04_Vconc_5.6_run_0.csv,1200.0,0.1,0,5.6,0.04,5.6,0,15.5,21.0126,0.203592,0.00818377,21.0126,0.0,0.72412,98.5499
1200_dose_0.1_gradient_0_VconcST_0.04_Vconc_5.6_run_0.csv,1200.0,0.1,0,5.6,0.04,5.6,0,15.75,21.8727,0.199557,0.00851875,21.8727,0.0,0.73207,3292.12
1200_dose_0.1_gradient_0_VconcST_0.04_Vconc_5.6_run_0.csv,1200.0,0.1,0,5.6,0.04,5.6,0,16.0,22.7109,0.195602,0.0088452,22.7109,0.0,0.739389,91.3042
1200_dose_0.1_gradient_0_VconcST_0.04_Vconc_5.6_run_0.csv,1200.0,0.1,0,5.6,0.04,5.6,0,16.25,23.5277,0.191726,0.0091633,23.5277,0.0,0.746146,3124.89
1200_dose_0.1_gradient_0_VconcST_0.04_Vconc_5.6_run_0.csv,1200.0,0.1,0,5.6,0.04,5.6,0,16.5,24.3234,0.187926,0.00947323,24.3234,0.0,0.752401,82.6834
1200_dose_0.1_gradient_0_VconcST_0.04_Vconc_5.6_run_0.csv,1200.0,0.1,0,5.6,0.04,5.6,0,16.75,25.0987,0.184201,0.00977515,25.0987,0.0,0.758205,2922.18
1200_dose_0.1_gradient_0_VconcST_0.04_Vconc_5.6_run_0.csv,1200.0,0.1,0,5.6,0.04,5.6,0,17.0,25.8537,0.180551,0.0100692,25.8537,0.0,0.763602,76.8953
1200_dose_0.1_gradient_0_VconcST_0.04_Vconc_5.6_run_0.csv,1200.0,0.1,0,5.6,0.04,5.6,0,17.25,26.5891,0.176972,0.0103556,26.5891,0.0,0.768632,2740.7
1200_dose_0.1_gradient_0_VconcST_0.04_Vconc_5.6_run_0.csv,1200.0,0.1,0,5.6,0.04,5.6,0,17.5,27.3052,0.173465,0.0106345,27.3052,0.0,0.773329,78.1487
1200_dose_0.1_gradient_0_VconcST_0.04_Vconc_5.6_run_0.csv,1200.0,0.1,0,5.6,0.04,5.6,0,17.75,28.0023,0.170027,0.010906,28.0023,0.0,0.777721,2701.45
1200_dose_0.1_gradient_0_VconcST_0.04_Vconc_5.6_run_0.csv,1200.0,0.1,0,5.6,0.04,5.6,0,18.0,28.681,0.166657,0.0111703,28.681,0.0,0.781837,71.2254
1200_dose_0.1_gradient_0_VconcST_0.04_Vconc_5.6_run_0.csv,1200.0,0.1,0,5.6,0.04,5.6,0,18.25,29.3415,0.163355,0.0114276,29.3415,0.0,0.785699,2519.87
1200_dose_0.1_gradient_0_VconcST_0.04_Vconc_5.6_run_0.csv,1200.0,0.1,0,5.6,0.04,5.6,0,18.5,29.9842,0.160117,0.0116779,29.9842,0.0,0.789328,65.0521
1200_dose_0.1_gradient_0_VconcST_0.04_Vconc_5.6_run_0.csv,1200.0,0.1,0,5.6,0.04,5.6,0,18.75,30.6096,0.156944,0.0119215,30.6096,0.0,0.792743,2396.42
1200_dose_0.1_gradient_0_VconcST_0.04_Vconc_5.6_run_0.csv,1200.0,0.1,0,5.6,0.04,5.6,0,19.0,31.218,0.153833,0.0121584,31.218,0.0,0.79596,64.0247
1200_dose_0.1_gradient_0_VconcST_0.04_Vconc_5.6_run_0.csv,1200.0,0.1,0,5.6,0.04,5.6,0,19.25,31.8097,0.150784,0.0123889,31.8097,0.0,0.798995,2240.1
1200_dose_0.1_gradient_0_VconcST_0.04_Vconc_5.6_run_0.csv,1200.0,0.1,0,5.6,0.04,5.6,0,19.5,32.3851,0.147796,0.012613,32.3851,0.0,0.801861,61.5041
1200_dose_0.1_gradient_0_VconcST_0.04_Vconc_5.6_run_0.csv,1200.0,0.1,0,5.6,0.04,5.6,0,19.75,32.9445,0.144867,0.0128309,32.9445,0.0,0.80457,2088.6
1200_dose_0.1_gradient_0_VconcST_0.04_Vconc_5.6_run_0.csv,1200.0,0.1,0,5.6,0.04,5.6,0,20.0,33.4961,0.241996,0.0130457,33.4961,0.0,0.807133,132.417
1200_dose_0.1_gradient_0_VconcST_0.04_Vconc_5.6_run_0.csv,1200.0,0.1,0,5.6,0.04,5.6,0,20.25,34.4861,0.2372,0.0134313,34.4861,0.0,0.811631,1707.41
1200_dose_0.1_gradient_0_VconcST_0.04_Vconc_5.6_run_0.csv,1200.0,0.1,0,5.6,0.04,5.6,0,20.5,35.4502,0.232499,0.0138067,35.4502,0.0,0.815814,927.698
1200_dose_0.1_gradient_0_VconcST_0.04_Vconc_5.6_run_0.csv,1200.0,0.1,0,5.6,0.04,5.6,0,20.75,36.389,0.227891,0.0141724,36.389,0.0,0.819712,677.174
1200_dose_0.1_gradient_0_VconcST_0.04_Vconc_5.6_run_0.csv,1200.0,0.1,0,5.6,0.04,5.6,0,21.0,37.3029,0.223374,0.0145283,37.3029,0.0,0.823352,1852.15
1200_dose_0.1_gradient_0_VconcST_0.04_Vconc_5.6_run_0.csv,1200.0,0.1,0,5.6,0.04,5.6,0,21.25,38.1925,0.218947,0.0148748,38.1925,0.0,0.826757,417.898
1200_dose_0.1_gradient_0_VconcST_0.04_Vconc_5.6_run_0.csv,1200.0,0.1,0,5.6,0.04,5.6,0,21.5,39.0583,0.214608,0.015212,39.0583,0.0,0.829947,1876.51
1200_dose_0.1_gradient_0_VconcST_0.04_Vconc_5.6_run_0.csv,1200.0,0.1,0,5.6,0.04,5.6,0,21.75,39.9008,0.210355,0.0155401,39.9008,0.0,0.83294,792.023
1200_dose_0.1_gradient_0_VconcST_0.04_Vconc_5.6_run_0.csv,1200.0,0.1,0,5.6,0.04,5.6,0,22.0,40.7205,0.206186,0.0158594,40.7205,0.00371094,0.835753,1738.16
1200_dose_0.1_gradient_0_VconcST_0.04_Vconc_5.6_run_0.csv,1200.0,0.1,0,5.6,0.04,5.6,0,22.25,41.5178,0.202099,0.0161699,41.5178,0.019974,0.838399,2214.2
1200_dose_0.1_gradient_0_VconcST_0.04_Vconc_5.6_run_0.csv,1200.0,0.1,0,5.6,0.04,5.6,0,22.5,42.2933,0.198094,0.0164719,42.2933,0.0721875,0.840893,2522.49
1200_dose_0.1_gradient_0_VconcST_0.04_Vconc_5.6_run_0.csv,1200.0,0.1,0,5.6,0.04,5.6,0,22.75,43.0473,0.194168,0.0167656,43.0473,0.155651,0.843244,2487.26
1200_dose_0.1_gradient_0_VconcST_0.04_Vconc_5.6_run_0.csv,1200.0,0.1,0,5.6,0.04,5.6,0,23.0,43.7803,0.19032,0.0170511,43.7803,0.270365,0.845465,2391.55
1200_dose_0.1_gradient_0_VconcST_0.04_Vconc_5.6_run_0.csv,1200.0,0.1,0,5.6,0.04,5.6,0,23.25,44.4928,0.186548,0.0173286,44.4928,0.416328,0.847564,2439.05
1200_dose_0.1_gradient_0_VconcST_0.04_Vconc_5.6_run_0.csv,1200.0,0.1,0,5.6,0.04,5.6,0,23.5,45.1852,0.182851,0.0175982,45.1852,0.593542,0.84955,2386.07
1200_dose_0.1_gradient_0_VconcST_0.04_Vconc_5.6_run_0.csv,1200.0,0.1,0,5.6,0.04,5.6,0,23.75,45.8578,0.179227,0.0178602,45.8578,0.802005,0.85143,2386.04
1200_dose_0.1_gradient_0_VconcST_0.04_Vconc_5.6_run_0.csv,1200.0,0.1,0,5.6,0.04,5.6,0,24.0,46.5112,0.175675,0.0181147,46.5112,0.983333,0.853212,2322.52
1200_dose_0.1_gradient_0_VconcST_0.04_Vconc_5.6_run_0.csv,1200.0,0.1,0,5.6,0.04,5.6,0,24.25,47.1458,0.172193,0.0183618,47.1458,1.0,0.854903,2156.89
1200_dose_0.1_gradient_0_VconcST_0.04_Vconc_5.6_run_0.csv,1200.0,0.1,0,5.6,0.04,5.6,0,24.5,47.7618,0.16878,0.0186017,47.7618,1.0,0.856507,2244.53
1200_dose_0.1_gradient_0_VconcST_0.04_Vconc_5.6_run_0.csv,1200.0,0.1,0,5.6,0.04,5.6,0,24.75,48.3598,0.165435,0.0188346,48.3598,1.0,0.85803,2204.58
1200_dose_0.1_gradient_0_VconcST_0.04_Vconc_5.6_run_0.csv,1200.0,0.1,0,5.6,0.04,5.6,0,25.0,48.9478,0.262157,0.0190637,48.9478,1.0,0.859478,2152.87
1200_dose_0.1_gradient_0_VconcST_0.04_Vconc_5.6_run_0.csv,1200.0,0.1,0,5.6,0.04,5.6,0,25.25,49.9723,0.256961,0.0194627,49.9723,1.0,0.861963,2193.54
1200_dose_0.1_gradient_0_VconcST_0.04_Vconc_5.6_run_0.csv,1200.0,0.1,0,5.6,0.04,5.6,0,25.5,50.9689,0.251868,0.0198508,50.9689,1.0,0.864298,2120.73
1200_dose_0.1_gradient_0_VconcST_0.04_Vconc_5.6_run_0.csv,1200.0,0.1,0,5.6,0.04,5.6,0,25.75,51.9382,0.246877,0.0202283,51.9382,1.0,0.866494,2067.77
1200_dose_0.1_gradient_0_VconcST_0.04_Vconc_5.6_run_0.csv,1200.0,0.1,0,5.6,0.04,5.6,0,26.0,52.8808,0.241984,0.0205954,52.8808,1.0,0.868562,2033.2
1200_dose_0.1_gradient_0_VconcST_0.04_Vconc_5.6_run_0.csv,1200.0,0.1,0,5.6,0.04,5.6,0,26.25,53.7973,0.237188,0.0209524,53.7973,1.0,0.870513,1986.26
1200_dose_0.1_gradient_0_VconcST_0.04_Vconc_5.6_run_0.csv,1200.0,0.1,0,5.6,0.04,5.6,0,26.5,54.6881,0.232487,0.0212993,54.6881,1.0,0.872354,1851.72
1200_dose_0.1_gradient_0_VconcST_0.04_Vconc_5.6_run_0.csv,1200.0,0.1,0,5.6,0.04,5.6,0,26.75,55.5539,0.22788,0.0216365,55.5539,1.0,0.874094,1726.52
1200_dose_0.1_gradient_0_VconcST_0.04_Vconc_5.6_run_0.csv,1200.0,0.1,0,5.6,0.04,5.6,0,27.0,56.3951,0.223363,0.0219641,56.3951,1.0,0.87574,1747.16
1200_dose_0.1_gradient_0_VconcST_0.04_Vconc_5.6_run_0.csv,1200.0,0.1,0,5.6,0.04,5.6,0,27.25,57.2123,0.218936,0.0222824,57.2123,1.0,0.877298,1675.87
1200_dose_0.1_gradient_0_VconcST_0.04_Vconc_5.6_run_0.csv,1200.0,0.1,0,5.6,0.04,5.6,0,27.5,58.0059,0.214597,0.0225915,58.0059,1.0,0.878775,1553.33
1200_dose_0.1_gradient_0_VconcST_0.04_Vconc_5.6_run_0.csv,1200.0,0.1,0,5.6,0.04,5.6,0,27.75,58.7765,0.210344,0.0228916,58.7765,1.0,0.880175,1506.63
1200_dose_0.1_gradient_0_VconcST_0.04_Vconc_5.6_run_0.csv,1200.0,0.1,0,5.6,0.04,5.6,0,28.0,59.5246,0.206175,0.023183,59.5246,1.0,0.881503,1379.4
1200_dose_0.1_gradient_0_VconcST_0.04_Vconc_5.6_run_0.csv,1200.0,0.1,0,5.6,0.04,5.6,0,28.25,60.2506,0.202089,0.0234657,60.2506,1.0,0.882764,1366.24
1200_dose_0.1_gradient_0_VconcST_0.04_Vconc_5.6_run_0.csv,1200.0,0.1,0,5.6,0.04,5.6,0,28.5,60.9549,0.198084,0.02374,60.9549,1.0,0.883963,1260.33
1200_dose_0.1_gradient_0_VconcST_0.04_Vconc_5.6_run_0.csv,1200.0,0.1,0,5.6,0.04,5.6,0,28.75,61.6381,0.194158,0.0240061,61.6381,0.94375,0.885102,1214.84
1200_dose_0.1_gradient_0_VconcST_0.04_Vconc_7.2_run_0.csv,1200.0,0.1,0,7.2,0.04,7.2,0,0.0,0.0,0.0,0.0,0.0,0.0,0.0,0.0
1200_dose_0.1_gradient_0_VconcST_0.04_Vconc_7.2_run_0.csv,1200.0,0.1,0,7.2,0.04,7.2,0,0.25,0.0,0.0,0.0,0.0,0.0,0.0,10000.0
1200_dose_0.1_gradient_0_VconcST_0.04_Vconc_7.2_run_0.csv,1200.0,0.1,0,7.2,0.04,7.2,0,0.5,0.0,0.0,0.0,0.0,0.0,0.0,846.626
1200_dose_0.1_gradient_0_VconcST_0.04_Vconc_7.2_run_0.csv,1200.0,0.1,0,7.2,0.04,7.2,0,0.75,0.0,0.0,0.0,0.0,0.0,0.0,10000.0
1200_dose_0.1_gradient_0_VconcST_0.04_Vconc_7.2_run_0.csv,1200.0,0.1,0,7.2,0.04,7.2,0,1.0,0.0,0.0,0.0,0.0,0.0,0.0,839.266
1200_dose_0.1_gradient_0_VconcST_0.04_Vconc_7.2_run_0.csv,1200.0,0.1,0,7.2,0.04,7.2,0,1.25,0.0,0.0,0.0,0.0,0.0,0.0,10000.0
1200_dose_0.1_gradient_0_VconcST_0.04_Vconc_7.2_run_0.csv,1200.0,0.1,0,7.2,0.04,7.2,0,1.5,0.0,0.0,0.0,0.0,0.0,0.0,847.273
1200_dose_0.1_gradient_0_VconcST_0.04_Vconc_7.2_run_0.csv,1200.0,0.1,0,7.2,0.04,7.2,0,1.75,0.0,0.0,0.0,0.0,0.0,0.0,10000.0
1200_dose_0.1_gradient_0_VconcST_0.04_Vconc_7.2_run_0.csv,1200.0,0.1,0,7.2,0.04,7.2,0,2.0,0.0,0.0,0.0,0.0,0.0,0.0,837.87
1200_dose_0.1_gradient_0_VconcST_0.04_Vconc_7.2_run_0.csv,1200.0,0.1,0,7.2,0.04,7.2,0,2.25,0.0,0.0,0.0,0.0,0.0,0.0,10000.0
1200_dose_0.1_gradient_0_VconcST_0.04_Vconc_7.2_run_0.csv,1200.0,0.1,0,7.2,0.04,7.2,0,2.5,0.0,0.0,0.0,0.0,0.0,0.0,845.783
1200_dose_0.1_gradient_0_VconcST_0.04_Vconc_7.2_run_0.csv,1200.0,0.1,0,7.2,0.04,7.2,0,2.75,0.0,0.0,0.0,0.0,0.0,0.0,10000.0
1200_dose_0.1_gradient_0_VconcST_0.04_Vconc_7.2_run_0.csv,1200.0,0.1,0,7.2,0.04,7.2,0,3.0,0.0,0.0,0.0,0.0,0.0,0.0,840.37
1200_dose_0.1_gradient_0_VconcST_0.04_Vconc_7.2_run_0.csv,1200.0,0.1,0,7.2,0.04,7.2,0,3.25,0.0,0.0,0.0,0.0,0.0,0.0,10000.0
1200_dose_0.1_gradient_0_VconcST_0.04_Vconc_7.2_run_0.csv,1200.0,0.1,0,7.2,0.04,7.2,0,3.5,0.0,0.0,0.0,0.0,0.0,0.0,843.519
1200_dose_0.1_gradient_0_VconcST_0.04_Vconc_7.2_run_0.csv,1200.0,0.1,0,7.2,0.04,7.2,0,3.75,0.0,0.0,0.0,0.0,0.0,0.0,10000.0
1200_dose_0.1_gradient_0_VconcST_0.04_Vconc_7.2_run_0.csv,1200.0,0.1,0,7.2,0.04,7.2,0,4.0,0.0,0.0,0.0,0.0,0.0,0.0,833.27
1200_dose_0.1_gradient_0_VconcST_0.04_Vconc_7.2_run_0.csv,1200.0,0.1,0,7.2,0.04,7.2,0,4.25,0.0,0.0,0.0,0.0,0.0,0.0,10000.0
1200_dose_0.1_gradient_0_VconcST_0.04_Vconc_7.2_run_0.csv,1200.0,0.1,0,7.2,0.04,7.2,0,4.5,0.0,0.0,0.0,0.0,0.0,0.0,839.5
1200_dose_0.1_gradient_0_VconcST_0.04_Vconc_7.2_run_0.csv,1200.0,0.1,0,7.2,0.04,7.2,0,4.75,0.0,0.0,0.0,0.0,0.0,0.0,10000.0
1200_dose_0.1_gradient_0_VconcST_0.04_Vconc_7.2_run_0.csv,1200.0,0.1,0,7.2,0.04,7.2,0,5.0,0.00778626,0.1,3.0325e-06,0.00778626,0.0,0.0,836.744
1200_dose_0.1_gradient_0_VconcST_0.04_Vconc_7.2_run_0.csv,1200.0,0.1,0,7.2,0.04,7.2,0,5.25,0.469344,0.0980181,0.000182795,0.469344,0.0,0.0545682,10000.0
1200_dose_0.1_gradient_0_VconcST_0.04_Vconc_7.2_run_0.csv,1200.0,0.1,0,7.2,0.04,7.2,0,5.5,0.920004,0.0960755,0.000358313,0.920004,0.0,0.102392,785.423
1200_dose_0.1_gradient_0_VconcST_0.04_Vconc_7.2_run_0.csv,1200.0,0.1,0,7.2,0.04,7.2,0,5.75,1.35999,0.0941714,0.000529673,1.35999,0.0,0.144636,10000.0
1200_dose_0.1_gradient_0_VconcST_0.04_Vconc_7.2_run_0.csv,1200.0,0.1,0,7.2,0.04,7.2,0,6.0,1.78951,0.092305,0.000696961,1.78951,0.0,0.182208,706.506
1200_dose_0.1_gradient_0_VconcST_0.04_Vconc_7.2_run_0.csv,1200.0,0.1,0,7.2,0.04,7.2,0,6.25,2.2088,0.0904757,0.000860258,2.2088,0.0,0.215832,10000.0
1200_dose_0.1_gradient_0_VconcST_0.04_Vconc_7.2_run_0.csv,1200.0,0.1,0,7.2,0.04,7.2,0,6.5,2.61805,0.0886825,0.00101965,2.61805,0.0,0.246087,642.289
1200_dose_0.1_gradient_0_VconcST_0.04_Vconc_7.2_run_0.csv,1200.0,0.1,0,7.2,0.04,7.2,0,6.75,3.01747,0.086925,0.00117521,3.01747,0.0,0.273447,10000.0
1200_dose_0.1_gradient_0_VconcST_0.04_Vconc_7.2_run_0.csv,1200.0,0.1,0,7.2,0.04,7.2,0,7.0,3.40726,0.0852022,0.00132702,3.40726,0.0,0.298297,599.385
1200_dose_0.1_gradient_0_VconcST_0.04_Vconc_7.2_run_0.csv,1200.0,0.1,0,7.2,0.04,7.2,0,7.25,3.78762,0.0835136,0.00147516,3.78762,0.0,0.320961,10000.0
1200_dose_0.1_gradient_0_VconcST_0.04_Vconc_7.2_run_0.csv,1200.0,0.1,0,7.2,0.04,7.2,0,7.5,4.15875,0.0818585,0.0016197,4.15875,0.0,0.341707,551.134
1200_dose_0.1_gradient_0_VconcST_0.04_Vconc_7.2_run_0.csv,1200.0,0.1,0,7.2,0.04,7.2,0,7.75,4.52083,0.0802361,0.00176072,4.52083,0.0,0.36076,10000.0
1200_dose_0.1_gradient_0_VconcST_0.04_Vconc_7.2_run_0.csv,1200.0,0.1,0,7.2,0.04,7.2,0,8.0,4.87405,0.0786459,0.00189829,4.87405,0.0,0.378314,529.496
1200_dose_0.1_gradient_0_VconcST_0.04_Vconc_7.2_run_0.csv,1200.0,0.1,0,7.2,0.04,7.2,0,8.25,5.21859,0.0770872,0.00203248,5.21859,0.0,0.394532,10000.0
1200_dose_0.1_gradient_0_VconcST_0.04_Vconc_7.2_run_0.csv,1200.0,0.1,0,7.2,0.04,7.2,0,8.5,5.55462,0.0755594,0.00216335,5.55462,0.0,0.409555,491.526
1200_dose_0.1_gradient_0_VconcST_0.04_Vconc_7.2_run_0.csv,1200.0,0.1,0,7.2,0.04,7.2,0,8.75,5.88233,0.0740619,0.00229099,5.88233,0.0,0.423504,10000.0
1200_dose_0.1_gradient_0_VconcST_0.04_Vconc_7.2_run_0.csv,1200.0,0.1,0,7.2,0.04,7.2,0,9.0,6.20189,0.0725941,0.00241544,6.20189,0.0,0.436486,469.004
1200_dose_0.1_gradient_0_VconcST_0.04_Vconc_7.2_run_0.csv,1200.0,0.1,0,7.2,0.04,7.2,0,9.25,6.51346,0.0711554,0.00253679,6.51346,0.0,0.448593,10000.0
1200_dose_0.1_gradient_0_VconcST_0.04_Vconc_7.2_run_0.csv,1200.0,0.1,0,7.2,0.04,7.2,0,9.5,6.8172,0.0697451,0.00265509,6.8172,0.0,0.459905,421.41
1200_dose_0.1_gradient_0_VconcST_0.04_Vconc_7.2_run_0.csv,1200.0,0.1,0,7.2,0.04,7.2,0,9.75,7.1133,0.0683629,0.00277041,7.1133,0.0,0.470494,10000.0
1200_dose_0.1_gradient_0_VconcST_0.04_Vconc_7.2_run_0.csv,1200.0,0.1,0,7.2,0.04,7.2,0,10.0,7.40967,0.167008,0.00288584,7.40967,0.0,0.480423,401.873
1200_dose_0.1_gradient_0_VconcST_0.04_Vconc_7.2_run_0.csv,1200.0,0.1,0,7.2,0.04,7.2,0,10.25,8.15246,0.163698,0.00317513,8.15246,0.0,0.504344,9858.03
1200_dose_0.1_gradient_0_VconcST_0.04_Vconc_7.2_run_0.csv,1200.0,0.1,0,7.2,0.04,7.2,0,10.5,8.87715,0.160454,0.00345738,8.87715,0.0,0.525651,349.594
1200_dose_0.1_gradient_0_VconcST_0.04_Vconc_7.2_run_0.csv,1200.0,0.1,0,7.2,0.04,7.2,0,10.75,9.58412,0.157274,0.00373272,9.58412,0.0,0.544743,9270.83
1200_dose_0.1_gradient_0_VconcST_0.04_Vconc_7.2_run_0.csv,1200.0,0.1,0,7.2,0.04,7.2,0,11.0,10.2737,0.154157,0.0040013,10.2737,0.0,0.561941,317.943
1200_dose_0.1_gradient_0_VconcST_0.04_Vconc_7.2_run_0.csv,1200.0,0.1,0,7.2,0.04,7.2,0,11.25,10.9464,0.151102,0.00426326,10.9464,0.0,0.577508,7744.85
1200_dose_0.1_gradient_0_VconcST_0.04_Vconc_7.2_run_0.csv,1200.0,0.1,0,7.2,0.04,7.2,0,11.5,11.6023,0.148107,0.00451874,11.6023,0.0,0.59166,254.523
1200_dose_0.1_gradient_0_VconcST_0.04_Vconc_7.2_run_0.csv,1200.0,0.1,0,7.2,0.04,7.2,0,11.75,12.242,0.145172,0.00476786,12.242,0.0,0.604576,6986.08
1200_dose_0.1_gradient_0_VconcST_0.04_Vconc_7.2_run_0.csv,1200.0,0.1,0,7.2,0.04,7.2,0,12.0,12.8656,0.142295,0.00501076,12.8656,0.0,0.616406,232.746
1200_dose_0.1_gradient_0_VconcST_0.04_Vconc_7.2_run_0.csv,1200.0,0.1,0,7.2,0.04,7.2,0,12.25,13.4737,0.139474,0.00524757,13.4737,0.0,0.627277,6350.59
1200_dose_0.1_gradient_0_VconcST_0.04_Vconc_7.2_run_0.csv,1200.0,0.1,0,7.2,0.04,7.2,0,12.5,14.0664,0.13671,0.00547842,14.0664,0.0,0.637297,220.919
1200_dose_0.1_gradient_0_VconcST_0.04_Vconc_7.2_run_0.csv,1200.0,0.1,0,7.2,0.04,7.2,0,12.75,14.6441,0.134001,0.00570341,14.6441,0.00132813,0.646558,6155.32
1200_dose_0.1_gradient_0_VconcST_0.04_Vconc_7.2_run_0.csv,1200.0,0.1,0,7.2,0.04,7.2,0,13.0,15.2071,0.131345,0.00592268,15.2071,0.0,0.65514,196.519
1200_dose_0.1_gradient_0_VconcST_0.04_Vconc_7.2_run_0.csv,1200.0,0.1,0,7.2,0.04,7.2,0,13.25,15.7557,0.128742,0.00613635,15.7557,0.00144314,0.66311,5903.85
1200_dose_0.1_gradient_0_VconcST_0.04_Vconc_7.2_run_0.csv,1200.0,0.1,0,7.2,0.04,7.2,0,13.5,16.2902,0.12619,0.00634453,16.2902,0.0,0.67053,190.919
1200_dose_0.1_gradient_0_VconcST_0.04_Vconc_7.2_run_0.csv,1200.0,0.1,0,7.2,0.04,7.2,0,13.75,16.8109,0.123689,0.00654733,16.8109,0.0,0.67745,5426.81
1200_dose_0.1_gradient_0_VconcST_0.04_Vconc_7.2_run_0.csv,1200.0,0.1,0,7.2,0.04,7.2,0,14.0,17.3181,0.121238,0.00674486,17.3181,0.0,0.683916,164.695
1200_dose_0.1_gradient_0_VconcST_0.04_Vconc_7.2_run_0.csv,1200.0,0.1,0,7.2,0.04,7.2,0,14.25,17.812,0.118835,0.00693724,17.812,0.0,0.68997,5328.36
1200_dose_0.1_gradient_0_VconcST_0.04_Vconc_7.2_run_0.csv,1200.0,0.1,0,7.2,0.04,7.2,0,14.5,18.293,0.11648,0.00712457,18.293,0.0,0.695645,160.264
1200_dose_0.1_gradient_0_VconcST_0.04_Vconc_7.2_run_0.csv,1200.0,0.1,0,7.2,0.04,7.2,0,14.75,18.7613,0.114171,0.00730695,18.7613,0.000659722,0.700975,4938.96
1200_dose_0.1_gradient_0_VconcST_0.04_Vconc_7.2_run_0.csv,1200.0,0.1,0,7.2,0.04,7.2,0,15.0,19.225,0.211909,0.00748753,19.225,0.0,0.705987,152.218
1200_dose_0.1_gradient_0_VconcST_0.04_Vconc_7.2_run_0.csv,1200.0,0.1,0,7.2,0.04,7.2,0,15.25,20.1302,0.207709,0.00784009,20.1302,0.0,0.715458,4878.22
1200_dose_0.1_gradient_0_VconcST_0.04_Vconc_7.2_run_0.csv,1200.0,0.1,0,7.2,0.04,7.2,0,15.5,21.0126,0.203592,0.00818377,21.0126,0.0,0.72412,140.11
1200_dose_0.1_gradient_0_VconcST_0.04_Vconc_7.2_run_0.csv,1200.0,0.1,0,7.2,0.04,7.2,0,15.75,21.8727,0.199557,0.00851875,21.8727,0.0,0.73207,4492.88
1200_dose_0.1_gradient_0_VconcST_0.04_Vconc_7.2_run_0.csv,1200.0,0.1,0,7.2,0.04,7.2,0,16.0,22.7109,0.195602,0.0088452,22.7109,0.0,0.739389,131.479
1200_dose_0.1_gradient_0_VconcST_0.04_Vconc_7.2_run_0.csv,1200.0,0.1,0,7.2,0.04,7.2,0,16.25,23.5277,0.191726,0.0091633,23.5277,0.0,0.746146,4184.47
1200_dose_0.1_gradient_0_VconcST_0.04_Vconc_7.2_run_0.csv,1200.0,0.1,0,7.2,0.04,7.2,0,16.5,24.3234,0.187926,0.00947323,24.3234,0.0,0.752401,120.396
1200_dose_0.1_gradient_0_VconcST_0.04_Vconc_7.2_run_0.csv,1200.0,0.1,0,7.2,0.04,7.2,0,16.75,25.0987,0.184201,0.00977515,25.0987,0.0,0.758205,3994.07
1200_dose_0.1_gradient_0_VconcST_0.04_Vconc_7.2_run_0.csv,1200.0,0.1,0,7.2,0.04,7.2,0,17.0,25.8537,0.180551,0.0100692,25.8537,0.0,0.763602,115.601
1200_dose_0.1_gradient_0_VconcST_0.04_Vconc_7.2_run_0.csv,1200.0,0.1,0,7.2,0.04,7.2,0,17.25,26.5891,0.176972,0.0103556,26.5891,0.0,0.768632,3713.69
1200_dose_0.1_gradient_0_VconcST_0.04_Vconc_7.2_run_0.csv,1200.0,0.1,0,7.2,0.04,7.2,0,17.5,27.3052,0.173465,0.0106345,27.3052,0.0,0.773329,99.5983
1200_dose_0.1_gradient_0_VconcST_0.04_Vconc_7.2_run_0.csv,1200.0,0.1,0,7.2,0.04,7.2,0,17.75,28.0023,0.170027,0.010906,28.0023,0.0,0.777721,3546.56
1200_dose_0.1_gradient_0_VconcST_0.04_Vconc_7.2_run_0.csv,1200.0,0.1,0,7.2,0.04,7.2,0,18.0,28.681,0.166657,0.0111703,28.681,0.0,0.781837,99.697
1200_dose_0.1_gradient_0_VconcST_0.04_Vconc_7.2_run_0.csv,1200.0,0.1,0,7.2,0.04,7.2,0,18.25,29.3415,0.163355,0.0114276,29.3415,0.0,0.785699,3366.72
1200_dose_0.1_gradient_0_VconcST_0.04_Vconc_7.2_run_0.csv,1200.0,0.1,0,7.2,0.04,7.2,0,18.5,29.9842,0.160117,0.0116779,29.9842,0.0,0.789328,97.7596
1200_dose_0.1_gradient_0_VconcST_0.04_Vconc_7.2_run_0.csv,1200.0,0.1,0,7.2,0.04,7.2,0,18.75,30.6096,0.156944,0.0119215,30.6096,0.0,0.792743,3314.7
1200_dose_0.1_gradient_0_VconcST_0.04_Vconc_7.2_run_0.csv,1200.0,0.1,0,7.2,0.04,7.2,0,19.0,31.218,0.153833,0.0121584,31.218,0.0,0.79596,87.2193
1200_dose_0.1_gradient_0_VconcST_0.04_Vconc_7.2_run_0.csv,1200.0,0.1,0,7.2,0.04,7.2,0,19.25,31.8097,0.150784,0.0123889,31.8097,0.0,0.798995,3221.1
1200_dose_0.1_gradient_0_VconcST_0.04_Vconc_7.2_run_0.csv,1200.0,0.1,0,7.2,0.04,7.2,0,19.5,32.3851,0.147796,0.012613,32.3851,0.0,0.801861,83.7028
1200_dose_0.1_gradient_0_VconcST_0.04_Vconc_7.2_run_0.csv,1200.0,0.1,0,7.2,0.04,7.2,0,19.75,32.9445,0.144867,0.0128309,32.9445,0.0,0.80457,3049.28
1200_dose_0.1_gradient_0_VconcST_0.04_Vconc_7.2_run_0.csv,1200.0,0.1,0,7.2,0.04,7.2,0,20.0,33.4961,0.241996,0.0130457,33.4961,0.0,0.807133,81.0186
1200_dose_0.1_gradient_0_VconcST_0.04_Vconc_7.2_run_0.csv,1200.0,0.1,0,7.2,0.04,7.2,0,20.25,34.4861,0.2372,0.0134313,34.4861,0.0,0.811631,2810.48
1200_dose_0.1_gradient_0_VconcST_0.04_Vconc_7.2_run_0.csv,1200.0,0.1,0,7.2,0.04,7.2,0,20.5,35.4502,0.232499,0.0138067,35.4502,0.0,0.815814,76.1709
1200_dose_0.1_gradient_0_VconcST_0.04_Vconc_7.2_run_0.csv,1200.0,0.1,0,7.2,0.04,7.2,0,20.75,36.389,0.227891,0.0141724,36.389,0.0,0.819712,2854.16
1200_dose_0.1_gradient_0_VconcST_0.04_Vconc_7.2_run_0.csv,1200.0,0.1,0,7.2,0.04,7.2,0,21.0,37.3029,0.223374,0.0145283,37.3029,0.0,0.823352,74.8672
1200_dose_0.1_gradient_0_VconcST_0.04_Vconc_7.2_run_0.csv,1200.0,0.1,0,7.2,0.04,7.2,0,21.25,38.1925,0.218947,0.0148748,38.1925,0.0,0.826757,2646.1
1200_dose_0.1_gradient_0_VconcST_0.04_Vconc_7.2_run_0.csv,1200.0,0.1,0,7.2,0.04,7.2,0,21.5,39.0583,0.214608,0.015212,39.0583,0.0,0.829947,69.1528
1200_dose_0.1_gradient_0_VconcST_0.04_Vconc_7.2_run_0.csv,1200.0,0.1,0,7.2,0.04,7.2,0,21.75,39.9008,0.210355,0.0155401,39.9008,0.0,0.83294,2577.56
1200_dose_0.1_gradient_0_VconcST_0.04_Vconc_7.2_run_0.csv,1200.0,0.1,0,7.2,0.04,7.2,0,22.0,40.7205,0.206186,0.0158594,40.7205,0.0,0.835753,65.822
1200_dose_0.1_gradient_0_VconcST_0.04_Vconc_7.2_run_0.csv,1200.0,0.1,0,7.2,0.04,7.2,0,22.25,41.5178,0.202099,0.0161699,41.5178,0.0,0.838399,2414.33
1200_dose_0.1_gradient_0_VconcST_0.04_Vconc_7.2_run_0.csv,1200.0,0.1,0,7.2,0.04,7.2,0,22.5,42.2933,0.198094,0.0164719,42.2933,0.0,0.840893,64.1658
1200_dose_0.1_gradient_0_VconcST_0.04_Vconc_7.2_run_0.csv,1200.0,0.1,0,7.2,0.04,7.2,0,22.75,43.0473,0.194168,0.0167656,43.0473,0.0,0.843244,2205.96
1200_dose_0.1_gradient_0_VconcST_0.04_Vconc_7.2_run_0.csv,1200.0,0.1,0,7.2,0.04,7.2,0,23.0,43.7803,0.19032,0.0170511,43.7803,0.0,0.845465,62.9048
1200_dose_0.1_gradient_0_VconcST_0.04_Vconc_7.2_run_0.csv,1200.0,0.1,0,7.2,0.04,7.2,0,23.25,44.4928,0.186548,0.0173286,44.4928,0.0,0.847564,2100.57
1200_dose_0.1_gradient_0_VconcST_0.04_Vconc_7.2_run_0.csv,1200.0,0.1,0,7.2,0.04,7.2,0,23.5,45.1852,0.182851,0.0175982,45.1852,0.0,0.84955,100.615
1200_dose_0.1_gradient_0_VconcST_0.04_Vconc_7.2_run_0.csv,1200.0,0.1,0,7.2,0.04,7.2,0,23.75,45.8578,0.179227,0.0178602,45.8578,0.0,0.85143,1723.04
1200_dose_0.1_gradient_0_VconcST_0.04_Vconc_7.2_run_0.csv,1200.0,0.1,0,7.2,0.04,7.2,0,24.0,46.5112,0.175675,0.0181147,46.5112,0.0,0.853212,832.325
1200_dose_0.1_gradient_0_VconcST_0.04_Vconc_7.2_run_0.csv,1200.0,0.1,0,7.2,0.04,7.2,0,24.25,47.1458,0.172193,0.0183618,47.1458,0.0,0.854903,831.141
1200_dose_0.1_gradient_0_VconcST_0.04_Vconc_7.2_run_0.csv,1200.0,0.1,0,7.2,0.04,7.2,0,24.5,47.7618,0.16878,0.0186017,47.7618,0.0,0.856507,1965.25
1200_dose_0.1_gradient_0_VconcST_0.04_Vconc_7.2_run_0.csv,1200.0,0.1,0,7.2,0.04,7.2,0,24.75,48.3598,0.165435,0.0188346,48.3598,0.0,0.85803,43.1143
1200_dose_0.1_gradient_0_VconcST_0.04_Vconc_7.2_run_0.csv,1200.0,0.1,0,7.2,0.04,7.2,0,25.0,48.9478,0.262157,0.0190637,48.9478,0.0,0.859478,2362.61
1200_dose_0.1_gradient_0_VconcST_0.04_Vconc_7.2_run_0.csv,1200.0,0.1,0,7.2,0.04,7.2,0,25.25,49.9723,0.256961,0.0194627,49.9723,0.0,0.861963,45.6131
1200_dose_0.1_gradient_0_VconcST_0.04_Vconc_7.2_run_0.csv,1200.0,0.1,0,7.2,0.04,7.2,0,25.5,50.9689,0.251868,0.0198508,50.9689,0.0,0.864298,2118.3
1200_dose_0.1_gradient_0_VconcST_0.04_Vconc_7.2_run_0.csv,1200.0,0.1,0,7.2,0.04,7.2,0,25.75,51.9382,0.246877,0.0202283,51.9382,0.0,0.866494,182.257
1200_dose_0.1_gradient_0_VconcST_0.04_Vconc_7.2_run_0.csv,1200.0,0.1,0,7.2,0.04,7.2,0,26.0,52.8808,0.241984,0.0205954,52.8808,0.0,0.868562,1640.98
1200_dose_0.1_gradient_0_VconcST_0.04_Vconc_7.2_run_0.csv,1200.0,0.1,0,7.2,0.04,7.2,0,26.25,53.7973,0.237188,0.0209524,53.7973,0.0,0.870513,759.746
1200_dose_0.1_gradient_0_VconcST_0.04_Vconc_7.2_run_0.csv,1200.0,0.1,0,7.2,0.04,7.2,0,26.5,54.6881,0.232487,0.0212993,54.6881,0.0,0.872354,1023.89
1200_dose_0.1_gradient_0_VconcST_0.04_Vconc_7.2_run_0.csv,1200.0,0.1,0,7.2,0.04,7.2,0,26.75,55.5539,0.22788,0.0216365,55.5539,0.0,0.874094,1451.27
1200_dose_0.1_gradient_0_VconcST_0.04_Vconc_7.2_run_0.csv,1200.0,0.1,0,7.2,0.04,7.2,0,27.0,56.3951,0.223363,0.0219641,56.3951,0.0,0.87574,1264.16
1200_dose_0.1_gradient_0_VconcST_0.04_Vconc_7.2_run_0.csv,1200.0,0.1,0,7.2,0.04,7.2,0,27.25,57.2123,0.218936,0.0222824,57.2123,0.0132509,0.877298,1633.4
1200_dose_0.1_gradient_0_VconcST_0.04_Vconc_7.2_run_0.csv,1200.0,0.1,0,7.2,0.04,7.2,0,27.5,58.0059,0.214597,0.0225915,58.0059,0.0585634,0.878775,1958.87
1200_dose_0.1_gradient_0_VconcST_0.04_Vconc_7.2_run_0.csv,1200.0,0.1,0,7.2,0.04,7.2,0,27.75,58.7765,0.210344,0.0228916,58.7765,0.135126,0.880175,2259.29
1200_dose_0.1_gradient_0_VconcST_0.04_Vconc_7.2_run_0.csv,1200.0,0.1,0,7.2,0.04,7.2,0,28.0,59.5246,0.206175,0.023183,59.5246,0.242938,0.881503,2318.66
1200_dose_0.1_gradient_0_VconcST_0.04_Vconc_7.2_run_0.csv,1200.0,0.1,0,7.2,0.04,7.2,0,28.25,60.2506,0.202089,0.0234657,60.2506,0.382001,0.882764,2339.85
1200_dose_0.1_gradient_0_VconcST_0.04_Vconc_7.2_run_0.csv,1200.0,0.1,0,7.2,0.04,7.2,0,28.5,60.9549,0.198084,0.02374,60.9549,0.552313,0.883963,2315.84
1200_dose_0.1_gradient_0_VconcST_0.04_Vconc_7.2_run_0.csv,1200.0,0.1,0,7.2,0.04,7.2,0,28.75,61.6381,0.194158,0.0240061,61.6381,0.753876,0.885102,2294.0
1200_dose_0.1_gradient_0_VconcST_0.04_Vconc_4.8_run_0.csv,1200.0,0.1,0,4.8,0.04,4.8,0,0.0,0.0,0.0,0.0,0.0,0.0,0.0,0.0
1200_dose_0.1_gradient_0_VconcST_0.04_Vconc_4.8_run_0.csv,1200.0,0.1,0,4.8,0.04,4.8,0,0.25,0.0,0.0,0.0,0.0,0.0,0.0,10000.0
1200_dose_0.1_gradient_0_VconcST_0.04_Vconc_4.8_run_0.csv,1200.0,0.1,0,4.8,0.04,4.8,0,0.5,0.0,0.0,0.0,0.0,0.0,0.0,564.233
1200_dose_0.1_gradient_0_VconcST_0.04_Vconc_4.8_run_0.csv,1200.0,0.1,0,4.8,0.04,4.8,0,0.75,0.0,0.0,0.0,0.0,0.0,0.0,10000.0
1200_dose_0.1_gradient_0_VconcST_0.04_Vconc_4.8_run_0.csv,1200.0,0.1,0,4.8,0.04,4.8,0,1.0,0.0,0.0,0.0,0.0,0.0,0.0,556.858
1200_dose_0.1_gradient_0_VconcST_0.04_Vconc_4.8_run_0.csv,1200.0,0.1,0,4.8,0.04,4.8,0,1.25,0.0,0.0,0.0,0.0,0.0,0.0,10000.0
1200_dose_0.1_gradient_0_VconcST_0.04_Vconc_4.8_run_0.csv,1200.0,0.1,0,4.8,0.04,4.8,0,1.5,0.0,0.0,0.0,0.0,0.0,0.0,581.695
1200_dose_0.1_gradient_0_VconcST_0.04_Vconc_4.8_run_0.csv,1200.0,0.1,0,4.8,0.04,4.8,0,1.75,0.0,0.0,0.0,0.0,0.0,0.0,10000.0
1200_dose_0.1_gradient_0_VconcST_0.04_Vconc_4.8_run_0.csv,1200.0,0.1,0,4.8,0.04,4.8,0,2.0,0.0,0.0,0.0,0.0,0.0,0.0,575.328
1200_dose_0.1_gradient_0_VconcST_0.04_Vconc_4.8_run_0.csv,1200.0,0.1,0,4.8,0.04,4.8,0,2.25,0.0,0.0,0.0,0.0,0.0,0.0,10000.0
1200_dose_0.1_gradient_0_VconcST_0.04_Vconc_4.8_run_0.csv,1200.0,0.1,0,4.8,0.04,4.8,0,2.5,0.0,0.0,0.0,0.0,0.0,0.0,573.277
1200_dose_0.1_gradient_0_VconcST_0.04_Vconc_4.8_run_0.csv,1200.0,0.1,0,4.8,0.04,4.8,0,2.75,0.0,0.0,0.0,0.0,0.0,0.0,10000.0
1200_dose_0.1_gradient_0_VconcST_0.04_Vconc_4.8_run_0.csv,1200.0,0.1,0,4.8,0.04,4.8,0,3.0,0.0,0.0,0.0,0.0,0.0,0.0,562.107
1200_dose_0.1_gradient_0_VconcST_0.04_Vconc_4.8_run_0.csv,1200.0,0.1,0,4.8,0.04,4.8,0,3.25,0.0,0.0,0.0,0.0,0.0,0.0,10000.0
1200_dose_0.1_gradient_0_VconcST_0.04_Vconc_4.8_run_0.csv,1200.0,0.1,0,4.8,0.04,4.8,0,3.5,0.0,0.0,0.0,0.0,0.0,0.0,583.045
1200_dose_0.1_gradient_0_VconcST_0.04_Vconc_4.8_run_0.csv,1200.0,0.1,0,4.8,0.04,4.8,0,3.75,0.0,0.0,0.0,0.0,0.0,0.0,10000.0
1200_dose_0.1_gradient_0_VconcST_0.04_Vconc_4.8_run_0.csv,1200.0,0.1,0,4.8,0.04,4.8,0,4.0,0.0,0.0,0.0,0.0,0.0,0.0,576.336
1200_dose_0.1_gradient_0_VconcST_0.04_Vconc_4.8_run_0.csv,1200.0,0.1,0,4.8,0.04,4.8,0,4.25,0.0,0.0,0.0,0.0,0.0,0.0,10000.0
1200_dose_0.1_gradient_0_VconcST_0.04_Vconc_4.8_run_0.csv,1200.0,0.1,0,4.8,0.04,4.8,0,4.5,0.0,0.0,0.0,0.0,0.0,0.0,577.541
1200_dose_0.1_gradient_0_VconcST_0.04_Vconc_4.8_run_0.csv,1200.0,0.1,0,4.8,0.04,4.8,0,4.75,0.0,0.0,0.0,0.0,0.0,0.0,10000.0
1200_dose_0.1_gradient_0_VconcST_0.04_Vconc_4.8_run_0.csv,1200.0,0.1,0,4.8,0.04,4.8,0,5.0,0.00778626,0.1,3.0325e-06,0.00778626,0.0,0.0,560.734
1200_dose_0.1_gradient_0_VconcST_0.04_Vconc_4.8_run_0.csv,1200.0,0.1,0,4.8,0.04,4.8,0,5.25,0.469344,0.0980181,0.000182795,0.469344,0.0,0.0545682,10000.0
1200_dose_0.1_gradient_0_VconcST_0.04_Vconc_4.8_run_0.csv,1200.0,0.1,0,4.8,0.04,4.8,0,5.5,0.920004,0.0960755,0.000358313,0.920004,0.0,0.102392,498.444
1200_dose_0.1_gradient_0_VconcST_0.04_Vconc_4.8_run_0.csv,1200.0,0.1,0,4.8,0.04,4.8,0,5.75,1.35999,0.0941714,0.000529673,1.35999,0.0,0.144636,10000.0
1200_dose_0.1_gradient_0_VconcST_0.04_Vconc_4.8_run_0.csv,1200.0,0.1,0,4.8,0.04,4.8,0,6.0,1.78951,0.092305,0.000696961,1.78951,0.0,0.182208,454.5
1200_dose_0.1_gradient_0_VconcST_0.04_Vconc_4.8_run_0.csv,1200.0,0.1,0,4.8,0.04,4.8,0,6.25,2.2088,0.0904757,0.000860258,2.2088,0.0,0.215832,10000.0
1200_dose_0.1_gradient_0_VconcST_0.04_Vconc_4.8_run_0.csv,1200.0,0.1,0,4.8,0.04,4.8,0,6.5,2.61805,0.0886825,0.00101965,2.61805,0.0,0.246087,389.371
1200_dose_0.1_gradient_0_VconcST_0.04_Vconc_4.8_run_0.csv,1200.0,0.1,0,4.8,0.04,4.8,0,6.75,3.01747,0.086925,0.00117521,3.01747,0.0,0.273447,9691.93
1200_dose_0.1_gradient_0_VconcST_0.04_Vconc_4.8_run_0.csv,1200.0,0.1,0,4.8,0.04,4.8,0,7.0,3.40726,0.0852022,0.00132702,3.40726,0.0,0.298297,351.694
1200_dose_0.1_gradient_0_VconcST_0.04_Vconc_4.8_run_0.csv,1200.0,0.1,0,4.8,0.04,4.8,0,7.25,3.78762,0.0835136,0.00147516,3.78762,0.0,0.320961,8537.06
1200_dose_0.1_gradient_0_VconcST_0.04_Vconc_4.8_run_0.csv,1200.0,0.1,0,4.8,0.04,4.8,0,7.5,4.15875,0.0818585,0.0016197,4.15875,0.0,0.341707,292.359
1200_dose_0.1_gradient_0_VconcST_0.04_Vconc_4.8_run_0.csv,1200.0,0.1,0,4.8,0.04,4.8,0,7.75,4.52083,0.0802361,0.00176072,4.52083,0.0,0.36076,7392.72
1200_dose_0.1_gradient_0_VconcST_0.04_Vconc_4.8_run_0.csv,1200.0,0.1,0,4.8,0.04,4.8,0,8.0,4.87405,0.0786459,0.00189829,4.87405,0.0,0.378314,250.389
1200_dose_0.1_gradient_0_VconcST_0.04_Vconc_4.8_run_0.csv,1200.0,0.1,0,4.8,0.04,4.8,0,8.25,5.21859,0.0770872,0.00203248,5.21859,0.0,0.394532,7800.44
1200_dose_0.1_gradient_0_VconcST_0.04_Vconc_4.8_run_0.csv,1200.0,0.1,0,4.8,0.04,4.8,0,8.5,5.55462,0.0755594,0.00216335,5.55462,0.0,0.409555,241.07
1200_dose_0.1_gradient_0_VconcST_0.04_Vconc_4.8_run_0.csv,1200.0,0.1,0,4.8,0.04,4.8,0,8.75,5.88233,0.0740619,0.00229099,5.88233,0.0,0.423504,7016.71
1200_dose_0.1_gradient_0_VconcST_0.04_Vconc_4.8_run_0.csv,1200.0,0.1,0,4.8,0.04,4.8,0,9.0,6.20189,0.0725941,0.00241544,6.20189,0.0,0.436486,228.987
1200_dose_0.1_gradient_0_VconcST_0.04_Vconc_4.8_run_0.csv,1200.0,0.1,0,4.8,0.04,4.8,0,9.25,6.51346,0.0711554,0.00253679,6.51346,0.00121094,0.448593,6216.58
1200_dose_0.1_gradient_0_VconcST_0.04_Vconc_4.8_run_0.csv,1200.0,0.1,0,4.8,0.04,4.8,0,9.5,6.8172,0.0697451,0.00265509,6.8172,0.0,0.459905,202.463
1200_dose_0.1_gradient_0_VconcST_0.04_Vconc_4.8_run_0.csv,1200.0,0.1,0,4.8,0.04,4.8,0,9.75,7.1133,0.0683629,0.00277041,7.1133,0.0,0.470494,6320.35
1200_dose_0.1_gradient_0_VconcST_0.04_Vconc_4.8_run_0.csv,1200.0,0.1,0,4.8,0.04,4.8,0,10.0,7.40967,0.167008,0.00288584,7.40967,0.0,0.480423,202.005
1200_dose_0.1_gradient_0_VconcST_0.04_Vconc_4.8_run_0.csv,1200.0,0.1,0,4.8,0.04,4.8,0,10.25,8.15246,0.163698,0.00317513,8.15246,0.0,0.504344,5687.71
1200_dose_0.1_gradient_0_VconcST_0.04_Vconc_4.8_run_0.csv,1200.0,0.1,0,4.8,0.04,4.8,0,10.5,8.87715,0.160454,0.00345738,8.87715,0.0,0.525651,178.115
1200_dose_0.1_gradient_0_VconcST_0.04_Vconc_4.8_run_0.csv,1200.0,0.1,0,4.8,0.04,4.8,0,10.75,9.58412,0.157274,0.00373272,9.58412,0.0,0.544743,5076.35
1200_dose_0.1_gradient_0_VconcST_0.04_Vconc_4.8_run_0.csv,1200.0,0.1,0,4.8,0.04,4.8,0,11.0,10.2737,0.154157,0.0040013,10.2737,0.0,0.561941,150.201
1200_dose_0.1_gradient_0_VconcST_0.04_Vconc_4.8_run_0.csv,1200.0,0.1,0,4.8,0.04,4.8,0,11.25,10.9464,0.151102,0.00426326,10.9464,0.0,0.577508,4562.85
1200_dose_0.1_gradient_0_VconcST_0.04_Vconc_4.8_run_0.csv,1200.0,0.1,0,4.8,0.04,4.8,0,11.5,11.6023,0.148107,0.00451874,11.6023,0.0,0.59166,138.381
1200_dose_0.1_gradient_0_VconcST_0.04_Vconc_4.8_run_0.csv,1200.0,0.1,0,4.8,0.04,4.8,0,11.75,12.242,0.145172,0.00476786,12.242,0.0,0.604576,4449.62
1200_dose_0.1_gradient_0_VconcST_0.04_Vconc_4.8_run_0.csv,1200.0,0.1,0,4.8,0.04,4.8,0,12.0,12.8656,0.142295,0.00501076,12.8656,0.0,0.616406,122.604
1200_dose_0.1_gradient_0_VconcST_0.04_Vconc_4.8_run_0.csv,1200.0,0.1,0,4.8,0.04,4.8,0,12.25,13.4737,0.139474,0.00524757,13.4737,0.0,0.627277,3962.13
1200_dose_0.1_gradient_0_VconcST_0.04_Vconc_4.8_run_0.csv,1200.0,0.1,0,4.8,0.04,4.8,0,12.5,14.0664,0.13671,0.00547842,14.0664,0.0,0.637297,112.222
1200_dose_0.1_gradient_0_VconcST_0.04_Vconc_4.8_run_0.csv,1200.0,0.1,0,4.8,0.04,4.8,0,12.75,14.6441,0.134001,0.00570341,14.6441,0.0,0.646558,3833.56
1200_dose_0.1_gradient_0_VconcST_0.04_Vconc_4.8_run_0.csv,1200.0,0.1,0,4.8,0.04,4.8,0,13.0,15.2071,0.131345,0.00592268,15.2071,0.0,0.65514,103.303
1200_dose_0.1_gradient_0_VconcST_0.04_Vconc_4.8_run_0.csv,1200.0,0.1,0,4.8,0.04,4.8,0,13.25,15.7557,0.128742,0.00613635,15.7557,0.0,0.66311,3687.07
1200_dose_0.1_gradient_0_VconcST_0.04_Vconc_4.8_run_0.csv,1200.0,0.1,0,4.8,0.04,4.8,0,13.5,16.2902,0.12619,0.00634453,16.2902,0.0,0.67053,100.519
1200_dose_0.1_gradient_0_VconcST_0.04_Vconc_4.8_run_0.csv,1200.0,0.1,0,4.8,0.04,4.8,0,13.75,16.8109,0.123689,0.00654733,16.8109,0.0,0.67745,3452.2
1200_dose_0.1_gradient_0_VconcST_0.04_Vconc_4.8_run_0.csv,1200.0,0.1,0,4.8,0.04,4.8,0,14.0,17.3181,0.121238,0.00674486,17.3181,0.0,0.683916,94.4291
1200_dose_0.1_gradient_0_VconcST_0.04_Vconc_4.8_run_0.csv,1200.0,0.1,0,4.8,0.04,4.8,0,14.25,17.812,0.118835,0.00693724,17.812,0.0,0.68997,3250.12
1200_dose_0.1_gradient_0_VconcST_0.04_Vconc_4.8_run_0.csv,1200.0,0.1,0,4.8,0.04,4.8,0,14.5,18.293,0.11648,0.00712457,18.293,0.0,0.695645,89.7275
1200_dose_0.1_gradient_0_VconcST_0.04_Vconc_4.8_run_0.csv,1200.0,0.1,0,4.8,0.04,4.8,0,14.75,18.7613,0.114171,0.00730695,18.7613,0.0,0.700975,3167.54
1200_dose_0.1_gradient_0_VconcST_0.04_Vconc_4.8_run_0.csv,1200.0,0.1,0,4.8,0.04,4.8,0,15.0,19.225,0.211909,0.00748753,19.225,0.0,0.705987,83.6581
1200_dose_0.1_gradient_0_VconcST_0.04_Vconc_4.8_run_0.csv,1200.0,0.1,0,4.8,0.04,4.8,0,15.25,20.1302,0.207709,0.00784009,20.1302,0.0,0.715458,3004.93
1200_dose_0.1_gradient_0_VconcST_0.04_Vconc_4.8_run_0.csv,1200.0,0.1,0,4.8,0.04,4.8,0,15.5,21.0126,0.203592,0.00818377,21.0126,0.0,0.72412,73.8904
1200_dose_0.1_gradient_0_VconcST_0.04_Vconc_4.8_run_0.csv,1200.0,0.1,0,4.8,0.04,4.8,0,15.75,21.8727,0.199557,0.00851875,21.8727,0.0,0.73207,2888.79
1200_dose_0.1_gradient_0_VconcST_0.04_Vconc_4.8_run_0.csv,1200.0,0.1,0,4.8,0.04,4.8,0,16.0,22.7109,0.195602,0.0088452,22.7109,0.0,0.739389,70.3096
1200_dose_0.1_gradient_0_VconcST_0.04_Vconc_4.8_run_0.csv,1200.0,0.1,0,4.8,0.04,4.8,0,16.25,23.5277,0.191726,0.0091633,23.5277,0.0,0.746146,2621.92
1200_dose_0.1_gradient_0_VconcST_0.04_Vconc_4.8_run_0.csv,1200.0,0.1,0,4.8,0.04,4.8,0,16.5,24.3234,0.187926,0.00947323,24.3234,0.0,0.752401,68.7421
1200_dose_0.1_gradient_0_VconcST_0.04_Vconc_4.8_run_0.csv,1200.0,0.1,0,4.8,0.04,4.8,0,16.75,25.0987,0.184201,0.00977515,25.0987,0.0,0.758205,2406.99
1200_dose_0.1_gradient_0_VconcST_0.04_Vconc_4.8_run_0.csv,1200.0,0.1,0,4.8,0.04,4.8,0,17.0,25.8537,0.180551,0.0100692,25.8537,0.0,0.763602,61.7949
1200_dose_0.1_gradient_0_VconcST_0.04_Vconc_4.8_run_0.csv,1200.0,0.1,0,4.8,0.04,4.8,0,17.25,26.5891,0.176972,0.0103556,26.5891,0.0,0.768632,2230.69
1200_dose_0.1_gradient_0_VconcST_0.04_Vconc_4.8_run_0.csv,1200.0,0.1,0,4.8,0.04,4.8,0,17.5,27.3052,0.173465,0.0106345,27.3052,0.0,0.773329,59.4955
1200_dose_0.1_gradient_0_VconcST_0.04_Vconc_4.8_run_0.csv,1200.0,0.1,0,4.8,0.04,4.8,0,17.75,28.0023,0.170027,0.010906,28.0023,0.0,0.777721,2060.18
1200_dose_0.1_gradient_0_VconcST_0.04_Vconc_4.8_run_0.csv,1200.0,0.1,0,4.8,0.04,4.8,0,18.0,28.681,0.166657,0.0111703,28.681,0.0,0.781837,275.969
1200_dose_0.1_gradient_0_VconcST_0.04_Vconc_4.8_run_0.csv,1200.0,0.1,0,4.8,0.04,4.8,0,18.25,29.3415,0.163355,0.0114276,29.3415,0.0,0.785699,1383.1
1200_dose_0.1_gradient_0_VconcST_0.04_Vconc_4.8_run_0.csv,1200.0,0.1,0,4.8,0.04,4.8,0,18.5,29.9842,0.160117,0.0116779,29.9842,0.0,0.789328,1220.43
1200_dose_0.1_gradient_0_VconcST_0.04_Vconc_4.8_run_0.csv,1200.0,0.1,0,4.8,0.04,4.8,0,18.75,30.6096,0.156944,0.0119215,30.6096,0.0,0.792743,648.36
1200_dose_0.1_gradient_0_VconcST_0.04_Vconc_4.8_run_0.csv,1200.0,0.1,0,4.8,0.04,4.8,0,19.0,31.218,0.153833,0.0121584,31.218,0.0,0.79596,1589.33
1200_dose_0.1_gradient_0_VconcST_0.04_Vconc_4.8_run_0.csv,1200.0,0.1,0,4.8,0.04,4.8,0,19.25,31.8097,0.150784,0.0123889,31.8097,0.0,0.798995,1090.24
1200_dose_0.1_gradient_0_VconcST_0.04_Vconc_4.8_run_0.csv,1200.0,0.1,0,4.8,0.04,4.8,0,19.5,32.3851,0.147796,0.012613,32.3851,0.00590278,0.801861,1851.08
1200_dose_0.1_gradient_0_VconcST_0.04_Vconc_4.8_run_0.csv,1200.0,0.1,0,4.8,0.04,4.8,0,19.75,32.9445,0.144867,0.0128309,32.9445,0.0240234,0.80457,2211.87
1200_dose_0.1_gradient_0_VconcST_0.04_Vconc_4.8_run_0.csv,1200.0,0.1,0,4.8,0.04,4.8,0,20.0,33.4961,0.241996,0.0130457,33.4961,0.0804036,0.807133,2628.4
1200_dose_0.1_gradient_0_VconcST_0.04_Vconc_4.8_run_0.csv,1200.0,0.1,0,4.8,0.04,4.8,0,20.25,34.4861,0.2372,0.0134313,34.4861,0.168034,0.811631,2537.52
1200_dose_0.1_gradient_0_VconcST_0.04_Vconc_4.8_run_0.csv,1200.0,0.1,0,4.8,0.04,4.8,0,20.5,35.4502,0.232499,0.0138067,35.4502,0.286914,0.815814,2482.44
1200_dose_0.1_gradient_0_VconcST_0.04_Vconc_4.8_run_0.csv,1200.0,0.1,0,4.8,0.04,4.8,0,20.75,36.389,0.227891,0.0141724,36.389,0.437044,0.819712,2289.47
1200_dose_0.1_gradient_0_VconcST_0.04_Vconc_4.8_run_0.csv,1200.0,0.1,0,4.8,0.04,4.8,0,21.0,37.3029,0.223374,0.0145283,37.3029,0.618424,0.823352,2361.96
1200_dose_0.1_gradient_0_VconcST_0.04_Vconc_4.8_run_0.csv,1200.0,0.1,0,4.8,0.04,4.8,0,21.25,38.1925,0.218947,0.0148748,38.1925,0.831055,0.826757,2325.45
1200_dose_0.1_gradient_0_VconcST_0.04_Vconc_4.8_run_0.csv,1200.0,0.1,0,4.8,0.04,4.8,0,21.5,39.0583,0.214608,0.015212,39.0583,0.9875,0.829947,2252.33
1200_dose_0.1_gradient_0_VconcST_0.04_Vconc_4.8_run_0.csv,1200.0,0.1,0,4.8,0.04,4.8,0,21.75,39.9008,0.210355,0.0155401,39.9008,1.0,0.83294,2290.57
1200_dose_0.1_gradient_0_VconcST_0.04_Vconc_4.8_run_0.csv,1200.0,0.1,0,4.8,0.04,4.8,0,22.0,40.7205,0.206186,0.0158594,40.7205,1.0,0.835753,2175.52
1200_dose_0.1_gradient_0_VconcST_0.04_Vconc_4.8_run_0.csv,1200.0,0.1,0,4.8,0.04,4.8,0,22.25,41.5178,0.202099,0.0161699,41.5178,1.0,0.838399,2117.22
1200_dose_0.1_gradient_0_VconcST_0.04_Vconc_4.8_run_0.csv,1200.0,0.1,0,4.8,0.04,4.8,0,22.5,42.2933,0.198094,0.0164719,42.2933,1.0,0.840893,2038.98
1200_dose_0.1_gradient_0_VconcST_0.04_Vconc_4.8_run_0.csv,1200.0,0.1,0,4.8,0.04,4.8,0,22.75,43.0473,0.194168,0.0167656,43.0473,1.0,0.843244,2019.56
1200_dose_0.1_gradient_0_VconcST_0.04_Vconc_4.8_run_0.csv,1200.0,0.1,0,4.8,0.04,4.8,0,23.0,43.7803,0.19032,0.0170511,43.7803,1.0,0.845465,2122.64
1200_dose_0.1_gradient_0_VconcST_0.04_Vconc_4.8_run_0.csv,1200.0,0.1,0,4.8,0.04,4.8,0,23.25,44.4928,0.186548,0.0173286,44.4928,1.0,0.847564,2101.2
1200_dose_0.1_gradient_0_VconcST_0.04_Vconc_4.8_run_0.csv,1200.0,0.1,0,4.8,0.04,4.8,0,23.5,45.1852,0.182851,0.0175982,45.1852,1.0,0.84955,2016.48
1200_dose_0.1_gradient_0_VconcST_0.04_Vconc_4.8_run_0.csv,1200.0,0.1,0,4.8,0.04,4.8,0,23.75,45.8578,0.179227,0.0178602,45.8578,1.0,0.85143,1910.01
1200_dose_0.1_gradient_0_VconcST_0.04_Vconc_4.8_run_0.csv,1200.0,0.1,0,4.8,0.04,4.8,0,24.0,46.5112,0.175675,0.0181147,46.5112,1.0,0.853212,1778.73
1200_dose_0.1_gradient_0_VconcST_0.04_Vconc_4.8_run_0.csv,1200.0,0.1,0,4.8,0.04,4.8,0,24.25,47.1458,0.172193,0.0183618,47.1458,1.0,0.854903,1573.74
1200_dose_0.1_gradient_0_VconcST_0.04_Vconc_4.8_run_0.csv,1200.0,0.1,0,4.8,0.04,4.8,0,24.5,47.7618,0.16878,0.0186017,47.7618,1.0,0.856507,1633.4
1200_dose_0.1_gradient_0_VconcST_0.04_Vconc_4.8_run_0.csv,1200.0,0.1,0,4.8,0.04,4.8,0,24.75,48.3598,0.165435,0.0188346,48.3598,1.0,0.85803,1596.75
1200_dose_0.1_gradient_0_VconcST_0.04_Vconc_4.8_run_0.csv,1200.0,0.1,0,4.8,0.04,4.8,0,25.0,48.9478,0.262157,0.0190637,48.9478,1.0,0.859478,1535.9
1200_dose_0.1_gradient_0_VconcST_0.04_Vconc_4.8_run_0.csv,1200.0,0.1,0,4.8,0.04,4.8,0,25.25,49.9723,0.256961,0.0194627,49.9723,1.0,0.861963,1494.77
1200_dose_0.1_gradient_0_VconcST_0.04_Vconc_4.8_run_0.csv,1200.0,0.1,0,4.8,0.04,4.8,0,25.5,50.9689,0.251868,0.0198508,50.9689,1.0,0.864298,1319.9
1200_dose_0.1_gradient_0_VconcST_0.04_Vconc_4.8_run_0.csv,1200.0,0.1,0,4.8,0.04,4.8,0,25.75,51.9382,0.246877,0.0202283,51.9382,0.998958,0.866494,1278.55
1200_dose_0.1_gradient_0_VconcST_0.04_Vconc_4.8_run_0.csv,1200.0,0.1,0,4.8,0.04,4.8,0,26.0,52.8808,0.241984,0.0205954,52.8808,0.0,0.868562,1097.17
1200_dose_0.1_gradient_0_VconcST_0.04_Vconc_4.8_run_0.csv,1200.0,0.1,0,4.8,0.04,4.8,0,26.25,53.7973,0.237188,0.0209524,53.7973,0.0,0.870513,1017.51
1200_dose_0.1_gradient_0_VconcST_0.04_Vconc_4.8_run_0.csv,1200.0,0.1,0,4.8,0.04,4.8,0,26.5,54.6881,0.232487,0.0212993,54.6881,0.0,0.872354,895.391
1200_dose_0.1_gradient_0_VconcST_0.04_Vconc_4.8_run_0.csv,1200.0,0.1,0,4.8,0.04,4.8,0,26.75,55.5539,0.22788,0.0216365,55.5539,0.0,0.874094,856.664
1200_dose_0.1_gradient_0_VconcST_0.04_Vconc_4.8_run_0.csv,1200.0,0.1,0,4.8,0.04,4.8,0,27.0,56.3951,0.223363,0.0219641,56.3951,0.0,0.87574,820.856
1200_dose_0.1_gradient_0_VconcST_0.04_Vconc_4.8_run_0.csv,1200.0,0.1,0,4.8,0.04,4.8,0,27.25,57.2123,0.218936,0.0222824,57.2123,0.0,0.877298,796.744
1200_dose_0.1_gradient_0_VconcST_0.04_Vconc_4.8_run_0.csv,1200.0,0.1,0,4.8,0.04,4.8,0,27.5,58.0059,0.214597,0.0225915,58.0059,0.0,0.878775,799.233
1200_dose_0.1_gradient_0_VconcST_0.04_Vconc_4.8_run_0.csv,1200.0,0.1,0,4.8,0.04,4.8,0,27.75,58.7765,0.210344,0.0228916,58.7765,0.0,0.880175,781.182
1200_dose_0.1_gradient_0_VconcST_0.04_Vconc_4.8_run_0.csv,1200.0,0.1,0,4.8,0.04,4.8,0,28.0,59.5246,0.206175,0.023183,59.5246,0.0,0.881503,760.274
1200_dose_0.1_gradient_0_VconcST_0.04_Vconc_4.8_run_0.csv,1200.0,0.1,0,4.8,0.04,4.8,0,28.25,60.2506,0.202089,0.0234657,60.2506,0.0,0.882764,787.515
1200_dose_0.1_gradient_0_VconcST_0.04_Vconc_4.8_run_0.csv,1200.0,0.1,0,4.8,0.04,4.8,0,28.5,60.9549,0.198084,0.02374,60.9549,0.0,0.883963,755.222
1200_dose_0.1_gradient_0_VconcST_0.04_Vconc_4.8_run_0.csv,1200.0,0.1,0,4.8,0.04,4.8,0,28.75,61.6381,0.194158,0.0240061,61.6381,0.0,0.885102,762.75
1200_dose_0.1_gradient_0_VconcST_0.04_Vconc_2.4_run_0.csv,1200.0,0.1,0,2.4,0.04,2.4,0,0.0,0.0,0.0,0.0,0.0,0.0,0.0,0.0
1200_dose_0.1_gradient_0_VconcST_0.04_Vconc_2.4_run_0.csv,1200.0,0.1,0,2.4,0.04,2.4,0,0.25,0.0,0.0,0.0,0.0,0.000164931,0.0,5707.88
1200_dose_0.1_gradient_0_VconcST_0.04_Vconc_2.4_run_0.csv,1200.0,0.1,0,2.4,0.04,2.4,0,0.5,0.0,0.0,0.0,0.0,0.0,0.0,180.358
1200_dose_0.1_gradient_0_VconcST_0.04_Vconc_2.4_run_0.csv,1200.0,0.1,0,2.4,0.04,2.4,0,0.75,0.0,0.0,0.0,0.0,0.000453559,0.0,5732.85
1200_dose_0.1_gradient_0_VconcST_0.04_Vconc_2.4_run_0.csv,1200.0,0.1,0,2.4,0.04,2.4,0,1.0,0.0,0.0,0.0,0.0,0.0,0.0,184.28
1200_dose_0.1_gradient_0_VconcST_0.04_Vconc_2.4_run_0.csv,1200.0,0.1,0,2.4,0.04,2.4,0,1.25,0.0,0.0,0.0,0.0,0.0,0.0,6042.58
1200_dose_0.1_gradient_0_VconcST_0.04_Vconc_2.4_run_0.csv,1200.0,0.1,0,2.4,0.04,2.4,0,1.5,0.0,0.0,0.0,0.0,0.0,0.0,183.567
1200_dose_0.1_gradient_0_VconcST_0.04_Vconc_2.4_run_0.csv,1200.0,0.1,0,2.4,0.04,2.4,0,1.75,0.0,0.0,0.0,0.0,0.0,0.0,5683.29
1200_dose_0.1_gradient_0_VconcST_0.04_Vconc_2.4_run_0.csv,1200.0,0.1,0,2.4,0.04,2.4,0,2.0,0.0,0.0,0.0,0.0,0.0,0.0,172.377
1200_dose_0.1_gradient_0_VconcST_0.04_Vconc_2.4_run_0.csv,1200.0,0.1,0,2.4,0.04,2.4,0,2.25,0.0,0.0,0.0,0.0,0.00140191,0.0,5869.45
1200_dose_0.1_gradient_0_VconcST_0.04_Vconc_2.4_run_0.csv,1200.0,0.1,0,2.4,0.04,2.4,0,2.5,0.0,0.0,0.0,0.0,0.0,0.0,194.343
1200_dose_0.1_gradient_0_VconcST_0.04_Vconc_2.4_run_0.csv,1200.0,0.1,0,2.4,0.04,2.4,0,2.75,0.0,0.0,0.0,0.0,0.00152561,0.0,5761.34
1200_dose_0.1_gradient_0_VconcST_0.04_Vconc_2.4_run_0.csv,1200.0,0.1,0,2.4,0.04,2.4,0,3.0,0.0,0.0,0.0,0.0,0.0,0.0,181.372
1200_dose_0.1_gradient_0_VconcST_0.04_Vconc_2.4_run_0.csv,1200.0,0.1,0,2.4,0.04,2.4,0,3.25,0.0,0.0,0.0,0.0,0.00132813,0.0,5780.77
1200_dose_0.1_gradient_0_VconcST_0.04_Vconc_2.4_run_0.csv,1200.0,0.1,0,2.4,0.04,2.4,0,3.5,0.0,0.0,0.0,0.0,0.0,0.0,184.416
1200_dose_0.1_gradient_0_VconcST_0.04_Vconc_2.4_run_0.csv,1200.0,0.1,0,2.4,0.04,2.4,0,3.75,0.0,0.0,0.0,0.0,0.00127821,0.0,5561.66
1200_dose_0.1_gradient_0_VconcST_0.04_Vconc_2.4_run_0.csv,1200.0,0.1,0,2.4,0.04,2.4,0,4.0,0.0,0.0,0.0,0.0,0.0,0.0,186.531
1200_dose_0.1_gradient_0_VconcST_0.04_Vconc_2.4_run_0.csv,1200.0,0.1,0,2.4,0.04,2.4,0,4.25,0.0,0.0,0.0,0.0,0.00115451,0.0,5882.19
1200_dose_0.1_gradient_0_VconcST_0.04_Vconc_2.4_run_0.csv,1200.0,0.1,0,2.4,0.04,2.4,0,4.5,0.0,0.0,0.0,0.0,0.0,0.0,181.16
1200_dose_0.1_gradient_0_VconcST_0.04_Vconc_2.4_run_0.csv,1200.0,0.1,0,2.4,0.04,2.4,0,4.75,0.0,0.0,0.0,0.0,0.0,0.0,5799.73
1200_dose_0.1_gradient_0_VconcST_0.04_Vconc_2.4_run_0.csv,1200.0,0.1,0,2.4,0.04,2.4,0,5.0,0.00778626,0.1,3.0325e-06,0.00778626,0.0,0.0,185.511
1200_dose_0.1_gradient_0_VconcST_0.04_Vconc_2.4_run_0.csv,1200.0,0.1,0,2.4,0.04,2.4,0,5.25,0.469344,0.0980181,0.000182795,0.469344,0.000700955,0.0545682,5635.92
1200_dose_0.1_gradient_0_VconcST_0.04_Vconc_2.4_run_0.csv,1200.0,0.1,0,2.4,0.04,2.4,0,5.5,0.920004,0.0960755,0.000358313,0.920004,0.0,0.102392,153.83
1200_dose_0.1_gradient_0_VconcST_0.04_Vconc_2.4_run_0.csv,1200.0,0.1,0,2.4,0.04,2.4,0,5.75,1.35999,0.0941714,0.000529673,1.35999,0.0,0.144636,4907.04
1200_dose_0.1_gradient_0_VconcST_0.04_Vconc_2.4_run_0.csv,1200.0,0.1,0,2.4,0.04,2.4,0,6.0,1.78951,0.092305,0.000696961,1.78951,0.0,0.182208,136.335
1200_dose_0.1_gradient_0_VconcST_0.04_Vconc_2.4_run_0.csv,1200.0,0.1,0,2.4,0.04,2.4,0,6.25,2.2088,0.0904757,0.000860258,2.2088,0.0,0.215832,4386.48
1200_dose_0.1_gradient_0_VconcST_0.04_Vconc_2.4_run_0.csv,1200.0,0.1,0,2.4,0.04,2.4,0,6.5,2.61805,0.0886825,0.00101965,2.61805,0.0,0.246087,123.641
1200_dose_0.1_gradient_0_VconcST_0.04_Vconc_2.4_run_0.csv,1200.0,0.1,0,2.4,0.04,2.4,0,6.75,3.01747,0.086925,0.00117521,3.01747,0.0,0.273447,4095.54
1200_dose_0.1_gradient_0_VconcST_0.04_Vconc_2.4_run_0.csv,1200.0,0.1,0,2.4,0.04,2.4,0,7.0,3.40726,0.0852022,0.00132702,3.40726,0.0,0.298297,118.693
1200_dose_0.1_gradient_0_VconcST_0.04_Vconc_2.4_run_0.csv,1200.0,0.1,0,2.4,0.04,2.4,0,7.25,3.78762,0.0835136,0.00147516,3.78762,0.0,0.320961,3639.41
1200_dose_0.1_gradient_0_VconcST_0.04_Vconc_2.4_run_0.csv,1200.0,0.1,0,2.4,0.04,2.4,0,7.5,4.15875,0.0818585,0.0016197,4.15875,0.0,0.341707,99.4607
1200_dose_0.1_gradient_0_VconcST_0.04_Vconc_2.4_run_0.csv,1200.0,0.1,0,2.4,0.04,2.4,0,7.75,4.52083,0.0802361,0.00176072,4.52083,0.0,0.36076,3391.66
1200_dose_0.1_gradient_0_VconcST_0.04_Vconc_2.4_run_0.csv,1200.0,0.1,0,2.4,0.04,2.4,0,8.0,4.87405,0.0786459,0.00189829,4.87405,0.0,0.378314,91.8306
1200_dose_0.1_gradient_0_VconcST_0.04_Vconc_2.4_run_0.csv,1200.0,0.1,0,2.4,0.04,2.4,0,8.25,5.21859,0.0770872,0.00203248,5.21859,0.0,0.394532,3137.32
1200_dose_0.1_gradient_0_VconcST_0.04_Vconc_2.4_run_0.csv,1200.0,0.1,0,2.4,0.04,2.4,0,8.5,5.55462,0.0755594,0.00216335,5.55462,0.0,0.409555,81.7501
1200_dose_0.1_gradient_0_VconcST_0.04_Vconc_2.4_run_0.csv,1200.0,0.1,0,2.4,0.04,2.4,0,8.75,5.88233,0.0740619,0.00229099,5.88233,0.0,0.423504,2988.97
1200_dose_0.1_gradient_0_VconcST_0.04_Vconc_2.4_run_0.csv,1200.0,0.1,0,2.4,0.04,2.4,0,9.0,6.20189,0.0725941,0.00241544,6.20189,0.0,0.436486,76.727
1200_dose_0.1_gradient_0_VconcST_0.04_Vconc_2.4_run_0.csv,1200.0,0.1,0,2.4,0.04,2.4,0,9.25,6.51346,0.0711554,0.00253679,6.51346,0.0,0.448593,2845.17
1200_dose_0.1_gradient_0_VconcST_0.04_Vconc_2.4_run_0.csv,1200.0,0.1,0,2.4,0.04,2.4,0,9.5,6.8172,0.0697451,0.00265509,6.8172,0.0,0.459905,71.9673
1200_dose_0.1_gradient_0_VconcST_0.04_Vconc_2.4_run_0.csv,1200.0,0.1,0,2.4,0.04,2.4,0,9.75,7.1133,0.0683629,0.00277041,7.1133,0.0,0.470494,2684.26
1200_dose_0.1_gradient_0_VconcST_0.04_Vconc_2.4_run_0.csv,1200.0,0.1,0,2.4,0.04,2.4,0,10.0,7.40967,0.167008,0.00288584,7.40967,0.0,0.480423,71.1563
1200_dose_0.1_gradient_0_VconcST_0.04_Vconc_2.4_run_0.csv,1200.0,0.1,0,2.4,0.04,2.4,0,10.25,8.15246,0.163698,0.00317513,8.15246,0.0,0.504344,2495.51
1200_dose_0.1_gradient_0_VconcST_0.04_Vconc_2.4_run_0.csv,1200.0,0.1,0,2.4,0.04,2.4,0,10.5,8.87715,0.160454,0.00345738,8.87715,0.0,0.525651,63.2045
1200_dose_0.1_gradient_0_VconcST_0.04_Vconc_2.4_run_0.csv,1200.0,0.1,0,2.4,0.04,2.4,0,10.75,9.58412,0.157274,0.00373272,9.58412,0.0,0.544743,2203.59
1200_dose_0.1_gradient_0_VconcST_0.04_Vconc_2.4_run_0.csv,1200.0,0.1,0,2.4,0.04,2.4,0,11.0,10.2737,0.154157,0.0040013,10.2737,0.0,0.561941,57.5338
1200_dose_0.1_gradient_0_VconcST_0.04_Vconc_2.4_run_0.csv,1200.0,0.1,0,2.4,0.04,2.4,0,11.25,10.9464,0.151102,0.00426326,10.9464,0.0,0.577508,1961.24
1200_dose_0.1_gradient_0_VconcST_0.04_Vconc_2.4_run_0.csv,1200.0,0.1,0,2.4,0.04,2.4,0,11.5,11.6023,0.148107,0.00451874,11.6023,0.0,0.59166,452.604
1200_dose_0.1_gradient_0_VconcST_0.04_Vconc_2.4_run_0.csv,1200.0,0.1,0,2.4,0.04,2.4,0,11.75,12.242,0.145172,0.00476786,12.242,0.0,0.604576,1174.51
1200_dose_0.1_gradient_0_VconcST_0.04_Vconc_2.4_run_0.csv,1200.0,0.1,0,2.4,0.04,2.4,0,12.0,12.8656,0.142295,0.00501076,12.8656,0.0,0.616406,1287.2
1200_dose_0.1_gradient_0_VconcST_0.04_Vconc_2.4_run_0.csv,1200.0,0.1,0,2.4,0.04,2.4,0,12.25,13.4737,0.139474,0.00524757,13.4737,0.0,0.627277,674.318
1200_dose_0.1_gradient_0_VconcST_0.04_Vconc_2.4_run_0.csv,1200.0,0.1,0,2.4,0.04,2.4,0,12.5,14.0664,0.13671,0.00547842,14.0664,0.0,0.637297,1541.73
1200_dose_0.1_gradient_0_VconcST_0.04_Vconc_2.4_run_0.csv,1200.0,0.1,0,2.4,0.04,2.4,0,12.75,14.6441,0.134001,0.00570341,14.6441,0.00334201,0.646558,1466.16
1200_dose_0.1_gradient_0_VconcST_0.04_Vconc_2.4_run_0.csv,1200.0,0.1,0,2.4,0.04,2.4,0,13.0,15.2071,0.131345,0.00592268,15.2071,0.0349826,0.65514,1844.26
1200_dose_0.1_gradient_0_VconcST_0.04_Vconc_2.4_run_0.csv,1200.0,0.1,0,2.4,0.04,2.4,0,13.25,15.7557,0.128742,0.00613635,15.7557,0.0978733,0.66311,1998.48
1200_dose_0.1_gradient_0_VconcST_0.04_Vconc_2.4_run_0.csv,1200.0,0.1,0,2.4,0.04,2.4,0,13.5,16.2902,0.12619,0.00634453,16.2902,0.192014,0.67053,2119.6
1200_dose_0.1_gradient_0_VconcST_0.04_Vconc_2.4_run_0.csv,1200.0,0.1,0,2.4,0.04,2.4,0,13.75,16.8109,0.123689,0.00654733,16.8109,0.317404,0.67745,2084.22
1200_dose_0.1_gradient_0_VconcST_0.04_Vconc_2.4_run_0.csv,1200.0,0.1,0,2.4,0.04,2.4,0,14.0,17.3181,0.121238,0.00674486,17.3181,0.474045,0.683916,2112.32
1200_dose_0.1_gradient_0_VconcST_0.04_Vconc_2.4_run_0.csv,1200.0,0.1,0,2.4,0.04,2.4,0,14.25,17.812,0.118835,0.00693724,17.812,0.661936,0.68997,2033.34
1200_dose_0.1_gradient_0_VconcST_0.04_Vconc_2.4_run_0.csv,1200.0,0.1,0,2.4,0.04,2.4,0,14.5,18.293,0.11648,0.00712457,18.293,0.881076,0.695645,1853.67
1200_dose_0.1_gradient_0_VconcST_0.04_Vconc_2.4_run_0.csv,1200.0,0.1,0,2.4,0.04,2.4,0,14.75,18.7613,0.114171,0.00730695,18.7613,1.0,0.700975,1761.82
1200_dose_0.1_gradient_0_VconcST_0.04_Vconc_2.4_run_0.csv,1200.0,0.1,0,2.4,0.04,2.4,0,15.0,19.225,0.211909,0.00748753,19.225,1.0,0.705987,1824.81
1200_dose_0.1_gradient_0_VconcST_0.04_Vconc_2.4_run_0.csv,1200.0,0.1,0,2.4,0.04,2.4,0,15.25,20.1302,0.207709,0.00784009,20.1302,1.0,0.715458,1915.32
1200_dose_0.1_gradient_0_VconcST_0.04_Vconc_2.4_run_0.csv,1200.0,0.1,0,2.4,0.04,2.4,0,15.5,21.0126,0.203592,0.00818377,21.0126,1.0,0.72412,1755.89
1200_dose_0.1_gradient_0_VconcST_0.04_Vconc_2.4_run_0.csv,1200.0,0.1,0,2.4,0.04,2.4,0,15.75,21.8727,0.199557,0.00851875,21.8727,1.0,0.73207,1726.4
1200_dose_0.1_gradient_0_VconcST_0.04_Vconc_2.4_run_0.csv,1200.0,0.1,0,2.4,0.04,2.4,0,16.0,22.7109,0.195602,0.0088452,22.7109,1.0,0.739389,1489.33
1200_dose_0.1_gradient_0_VconcST_0.04_Vconc_2.4_run_0.csv,1200.0,0.1,0,2.4,0.04,2.4,0,16.25,23.5277,0.191726,0.0091633,23.5277,1.0,0.746146,1419.83
1200_dose_0.1_gradient_0_VconcST_0.04_Vconc_2.4_run_0.csv,1200.0,0.1,0,2.4,0.04,2.4,0,16.5,24.3234,0.187926,0.00947323,24.3234,0.998958,0.752401,1120.6
1200_dose_0.1_gradient_0_VconcST_0.04_Vconc_2.4_run_0.csv,1200.0,0.1,0,2.4,0.04,2.4,0,16.75,25.0987,0.184201,0.00977515,25.0987,0.0,0.758205,903.802
1200_dose_0.1_gradient_0_VconcST_0.04_Vconc_2.4_run_0.csv,1200.0,0.1,0,2.4,0.04,2.4,0,17.0,25.8537,0.180551,0.0100692,25.8537,0.0,0.763602,831.884
1200_dose_0.1_gradient_0_VconcST_0.04_Vconc_2.4_run_0.csv,1200.0,0.1,0,2.4,0.04,2.4,0,17.25,26.5891,0.176972,0.0103556,26.5891,0.0,0.768632,769.372
1200_dose_0.1_gradient_0_VconcST_0.04_Vconc_2.4_run_0.csv,1200.0,0.1,0,2.4,0.04,2.4,0,17.5,27.3052,0.173465,0.0106345,27.3052,0.0,0.773329,744.262
1200_dose_0.1_gradient_0_VconcST_0.04_Vconc_2.4_run_0.csv,1200.0,0.1,0,2.4,0.04,2.4,0,17.75,28.0023,0.170027,0.010906,28.0023,0.0,0.777721,738.45
1200_dose_0.1_gradient_0_VconcST_0.04_Vconc_2.4_run_0.csv,1200.0,0.1,0,2.4,0.04,2.4,0,18.0,28.681,0.166657,0.0111703,28.681,0.0,0.781837,722.41
1200_dose_0.1_gradient_0_VconcST_0.04_Vconc_2.4_run_0.csv,1200.0,0.1,0,2.4,0.04,2.4,0,18.25,29.3415,0.163355,0.0114276,29.3415,0.0,0.785699,720.876
1200_dose_0.1_gradient_0_VconcST_0.04_Vconc_2.4_run_0.csv,1200.0,0.1,0,2.4,0.04,2.4,0,18.5,29.9842,0.160117,0.0116779,29.9842,0.0,0.789328,696.221
1200_dose_0.1_gradient_0_VconcST_0.04_Vconc_2.4_run_0.csv,1200.0,0.1,0,2.4,0.04,2.4,0,18.75,30.6096,0.156944,0.0119215,30.6096,0.0,0.792743,705.533
1200_dose_0.1_gradient_0_VconcST_0.04_Vconc_2.4_run_0.csv,1200.0,0.1,0,2.4,0.04,2.4,0,19.0,31.218,0.153833,0.0121584,31.218,0.0,0.79596,686.473
1200_dose_0.1_gradient_0_VconcST_0.04_Vconc_2.4_run_0.csv,1200.0,0.1,0,2.4,0.04,2.4,0,19.25,31.8097,0.150784,0.0123889,31.8097,0.0,0.798995,695.29
1200_dose_0.1_gradient_0_VconcST_0.04_Vconc_2.4_run_0.csv,1200.0,0.1,0,2.4,0.04,2.4,0,19.5,32.3851,0.147796,0.012613,32.3851,0.0,0.801861,686.496
1200_dose_0.1_gradient_0_VconcST_0.04_Vconc_2.4_run_0.csv,1200.0,0.1,0,2.4,0.04,2.4,0,19.75,32.9445,0.144867,0.0128309,32.9445,0.0,0.80457,641.616
1200_dose_0.1_gradient_0_VconcST_0.04_Vconc_2.4_run_0.csv,1200.0,0.1,0,2.4,0.04,2.4,0,20.0,33.4961,0.241996,0.0130457,33.4961,0.0,0.807133,649.552
1200_dose_0.1_gradient_0_VconcST_0.04_Vconc_2.4_run_0.csv,1200.0,0.1,0,2.4,0.04,2.4,0,20.25,34.4861,0.2372,0.0134313,34.4861,0.0,0.811631,631.443
1200_dose_0.1_gradient_0_VconcST_0.04_Vconc_2.4_run_0.csv,1200.0,0.1,0,2.4,0.04,2.4,0,20.5,35.4502,0.232499,0.0138067,35.4502,0.0,0.815814,632.372
1200_dose_0.1_gradient_0_VconcST_0.04_Vconc_2.4_run_0.csv,1200.0,0.1,0,2.4,0.04,2.4,0,20.75,36.389,0.227891,0.0141724,36.389,0.0,0.819712,617.308
1200_dose_0.1_gradient_0_VconcST_0.04_Vconc_2.4_run_0.csv,1200.0,0.1,0,2.4,0.04,2.4,0,21.0,37.3029,0.223374,0.0145283,37.3029,0.0,0.823352,597.669
1200_dose_0.1_gradient_0_VconcST_0.04_Vconc_2.4_run_0.csv,1200.0,0.1,0,2.4,0.04,2.4,0,21.25,38.1925,0.218947,0.0148748,38.1925,0.0,0.826757,595.307
1200_dose_0.1_gradient_0_VconcST_0.04_Vconc_2.4_run_0.csv,1200.0,0.1,0,2.4,0.04,2.4,0,21.5,39.0583,0.214608,0.015212,39.0583,0.0,0.829947,594.26
1200_dose_0.1_gradient_0_VconcST_0.04_Vconc_2.4_run_0.csv,1200.0,0.1,0,2.4,0.04,2.4,0,21.75,39.9008,0.210355,0.0155401,39.9008,0.0,0.83294,580.074
1200_dose_0.1_gradient_0_VconcST_0.04_Vconc_2.4_run_0.csv,1200.0,0.1,0,2.4,0.04,2.4,0,22.0,40.7205,0.206186,0.0158594,40.7205,0.0,0.835753,584.195
1200_dose_0.1_gradient_0_VconcST_0.04_Vconc_2.4_run_0.csv,1200.0,0.1,0,2.4,0.04,2.4,0,22.25,41.5178,0.202099,0.0161699,41.5178,0.0,0.838399,573.927
1200_dose_0.1_gradient_0_VconcST_0.04_Vconc_2.4_run_0.csv,1200.0,0.1,0,2.4,0.04,2.4,0,22.5,42.2933,0.198094,0.0164719,42.2933,0.0,0.840893,563.402
1200_dose_0.1_gradient_0_VconcST_0.04_Vconc_2.4_run_0.csv,1200.0,0.1,0,2.4,0.04,2.4,0,22.75,43.0473,0.194168,0.0167656,43.0473,0.0,0.843244,555.379
1200_dose_0.1_gradient_0_VconcST_0.04_Vconc_2.4_run_0.csv,1200.0,0.1,0,2.4,0.04,2.4,0,23.0,43.7803,0.19032,0.0170511,43.7803,0.0,0.845465,538.556
1200_dose_0.1_gradient_0_VconcST_0.04_Vconc_2.4_run_0.csv,1200.0,0.1,0,2.4,0.04,2.4,0,23.25,44.4928,0.186548,0.0173286,44.4928,0.0,0.847564,534.556
1200_dose_0.1_gradient_0_VconcST_0.04_Vconc_2.4_run_0.csv,1200.0,0.1,0,2.4,0.04,2.4,0,23.5,45.1852,0.182851,0.0175982,45.1852,0.0,0.84955,528.239
1200_dose_0.1_gradient_0_VconcST_0.04_Vconc_2.4_run_0.csv,1200.0,0.1,0,2.4,0.04,2.4,0,23.75,45.8578,0.179227,0.0178602,45.8578,0.0,0.85143,519.54
1200_dose_0.1_gradient_0_VconcST_0.04_Vconc_2.4_run_0.csv,1200.0,0.1,0,2.4,0.04,2.4,0,24.0,46.5112,0.175675,0.0181147,46.5112,0.0,0.853212,526.072
1200_dose_0.1_gradient_0_VconcST_0.04_Vconc_2.4_run_0.csv,1200.0,0.1,0,2.4,0.04,2.4,0,24.25,47.1458,0.172193,0.0183618,47.1458,0.0,0.854903,517.893
1200_dose_0.1_gradient_0_VconcST_0.04_Vconc_2.4_run_0.csv,1200.0,0.1,0,2.4,0.04,2.4,0,24.5,47.7618,0.16878,0.0186017,47.7618,0.0,0.856507,525.757
1200_dose_0.1_gradient_0_VconcST_0.04_Vconc_2.4_run_0.csv,1200.0,0.1,0,2.4,0.04,2.4,0,24.75,48.3598,0.165435,0.0188346,48.3598,0.0,0.85803,524.667
1200_dose_0.1_gradient_0_VconcST_0.04_Vconc_2.4_run_0.csv,1200.0,0.1,0,2.4,0.04,2.4,0,25.0,48.9478,0.262157,0.0190637,48.9478,0.0,0.859478,497.768
1200_dose_0.1_gradient_0_VconcST_0.04_Vconc_2.4_run_0.csv,1200.0,0.1,0,2.4,0.04,2.4,0,25.25,49.9723,0.256961,0.0194627,49.9723,0.0,0.861963,507.457
1200_dose_0.1_gradient_0_VconcST_0.04_Vconc_2.4_run_0.csv,1200.0,0.1,0,2.4,0.04,2.4,0,25.5,50.9689,0.251868,0.0198508,50.9689,0.0,0.864298,483.048
1200_dose_0.1_gradient_0_VconcST_0.04_Vconc_2.4_run_0.csv,1200.0,0.1,0,2.4,0.04,2.4,0,25.75,51.9382,0.246877,0.0202283,51.9382,0.0,0.866494,479.05
1200_dose_0.1_gradient_0_VconcST_0.04_Vconc_2.4_run_0.csv,1200.0,0.1,0,2.4,0.04,2.4,0,26.0,52.8808,0.241984,0.0205954,52.8808,0.0,0.868562,464.321
1200_dose_0.1_gradient_0_VconcST_0.04_Vconc_2.4_run_0.csv,1200.0,0.1,0,2.4,0.04,2.4,0,26.25,53.7973,0.237188,0.0209524,53.7973,0.0,0.870513,476.738
1200_dose_0.1_gradient_0_VconcST_0.04_Vconc_2.4_run_0.csv,1200.0,0.1,0,2.4,0.04,2.4,0,26.5,54.6881,0.232487,0.0212993,54.6881,0.0,0.872354,460.885
1200_dose_0.1_gradient_0_VconcST_0.04_Vconc_2.4_run_0.csv,1200.0,0.1,0,2.4,0.04,2.4,0,26.75,55.5539,0.22788,0.0216365,55.5539,0.0,0.874094,450.869
1200_dose_0.1_gradient_0_VconcST_0.04_Vconc_2.4_run_0.csv,1200.0,0.1,0,2.4,0.04,2.4,0,27.0,56.3951,0.223363,0.0219641,56.3951,0.0,0.87574,452.436
1200_dose_0.1_gradient_0_VconcST_0.04_Vconc_2.4_run_0.csv,1200.0,0.1,0,2.4,0.04,2.4,0,27.25,57.2123,0.218936,0.0222824,57.2123,0.0,0.877298,443.174
1200_dose_0.1_gradient_0_VconcST_0.04_Vconc_2.4_run_0.csv,1200.0,0.1,0,2.4,0.04,2.4,0,27.5,58.0059,0.214597,0.0225915,58.0059,0.0,0.878775,451.057
1200_dose_0.1_gradient_0_VconcST_0.04_Vconc_2.4_run_0.csv,1200.0,0.1,0,2.4,0.04,2.4,0,27.75,58.7765,0.210344,0.0228916,58.7765,0.0,0.880175,447.333
1200_dose_0.1_gradient_0_VconcST_0.04_Vconc_2.4_run_0.csv,1200.0,0.1,0,2.4,0.04,2.4,0,28.0,59.5246,0.206175,0.023183,59.5246,0.0,0.881503,433.257
1200_dose_0.1_gradient_0_VconcST_0.04_Vconc_2.4_run_0.csv,1200.0,0.1,0,2.4,0.04,2.4,0,28.25,60.2506,0.202089,0.0234657,60.2506,0.0,0.882764,428.002
1200_dose_0.1_gradient_0_VconcST_0.04_Vconc_2.4_run_0.csv,1200.0,0.1,0,2.4,0.04,2.4,0,28.5,60.9549,0.198084,0.02374,60.9549,0.0,0.883963,416.972
1200_dose_0.1_gradient_0_VconcST_0.04_Vconc_2.4_run_0.csv,1200.0,0.1,0,2.4,0.04,2.4,0,28.75,61.6381,0.194158,0.0240061,61.6381,0.0,0.885102,426.588
