filename,schedule,dose,gradient,vegf_level,VconcST,Vconc,run,hours,drug_tumour_nM,drug_gut_mgL,drug_blood_mgL,drug_blood_nM,vasc_score,vegfr_inhibition,dll4_average
1200_dose_8_gradient_0_VconcST_0.04_Vconc_8_run_0.csv,1200.0,8.0,0,8.0,0.04,8.0,0,0.0,0.0,0.0,0.0,0.0,0.0,0.0,0.0
1200_dose_8_gradient_0_VconcST_0.04_Vconc_8_run_0.csv,1200.0,8.0,0,8.0,0.04,8.0,0,0.25,0.0,0.0,0.0,0.0,0.0,0.0,10000.0
1200_dose_8_gradient_0_VconcST_0.04_Vconc_8_run_0.csv,1200.0,8.0,0,8.0,0.04,8.0,0,0.5,0.0,0.0,0.0,0.0,0.0,0.0,911.422
1200_dose_8_gradient_0_VconcST_0.04_Vconc_8_run_0.csv,1200.0,8.0,0,8.0,0.04,8.0,0,0.75,0.0,0.0,0.0,0.0,0.0,0.0,10000.0
1200_dose_8_gradient_0_VconcST_0.04_Vconc_8_run_0.csv,1200.0,8.0,0,8.0,0.04,8.0,0,1.0,0.0,0.0,0.0,0.0,0.0,0.0,889.438
1200_dose_8_gradient_0_VconcST_0.04_Vconc_8_run_0.csv,1200.0,8.0,0,8.0,0.04,8.0,0,1.25,0.0,0.0,0.0,0.0,0.0,0.0,10000.0
1200_dose_8_gradient_0_VconcST_0.04_Vconc_8_run_0.csv,1200.0,8.0,0,8.0,0.04,8.0,0,1.5,0.0,0.0,0.0,0.0,0.0,0.0,898.614
1200_dose_8_gradient_0_VconcST_0.04_Vconc_8_run_0.csv,1200.0,8.0,0,8.0,0.04,8.0,0,1.75,0.0,0.0,0.0,0.0,0.0,0.0,10000.0
1200_dose_8_gradient_0_VconcST_0.04_Vconc_8_run_0.csv,1200.0,8.0,0,8.0,0.04,8.0,0,2.0,0.0,0.0,0.0,0.0,0.0,0.0,892.607
1200_dose_8_gradient_0_VconcST_0.04_Vconc_8_run_0.csv,1200.0,8.0,0,8.0,0.04,8.0,0,2.25,0.0,0.0,0.0,0.0,0.0,0.0,10000.0
1200_dose_8_gradient_0_VconcST_0.04_Vconc_8_run_0.csv,1200.0,8.0,0,8.0,0.04,8.0,0,2.5,0.0,0.0,0.0,0.0,0.0,0.0,893.443
1200_dose_8_gradient_0_VconcST_0.04_Vconc_8_run_0.csv,1200.0,8.0,0,8.0,0.04,8.0,0,2.75,0.0,0.0,0.0,0.0,0.0,0.0,10000.0
1200_dose_8_gradient_0_VconcST_0.04_Vconc_8_run_0.csv,1200.0,8.0,0,8.0,0.04,8.0,0,3.0,0.0,0.0,0.0,0.0,0.0,0.0,893.065
1200_dose_8_gradient_0_VconcST_0.04_Vconc_8_run_0.csv,1200.0,8.0,0,8.0,0.04,8.0,0,3.25,0.0,0.0,0.0,0.0,0.0,0.0,10000.0
1200_dose_8_gradient_0_VconcST_0.04_Vconc_8_run_0.csv,1200.0,8.0,0,8.0,0.04,8.0,0,3.5,0.0,0.0,0.0,0.0,0.0,0.0,886.368
1200_dose_8_gradient_0_VconcST_0.04_Vconc_8_run_0.csv,1200.0,8.0,0,8.0,0.04,8.0,0,3.75,0.0,0.0,0.0,0.0,0.0,0.0,10000.0
1200_dose_8_gradient_0_VconcST_0.04_Vconc_8_run_0.csv,1200.0,8.0,0,8.0,0.04,8.0,0,4.0,0.0,0.0,0.0,0.0,0.0,0.0,892.016
1200_dose_8_gradient_0_VconcST_0.04_Vconc_8_run_0.csv,1200.0,8.0,0,8.0,0.04,8.0,0,4.25,0.0,0.0,0.0,0.0,0.0,0.0,10000.0
1200_dose_8_gradient_0_VconcST_0.04_Vconc_8_run_0.csv,1200.0,8.0,0,8.0,0.04,8.0,0,4.5,0.0,0.0,0.0,0.0,0.0,0.0,887.119
1200_dose_8_gradient_0_VconcST_0.04_Vconc_8_run_0.csv,1200.0,8.0,0,8.0,0.04,8.0,0,4.75,0.0,0.0,0.0,0.0,0.0,0.0,10000.0
1200_dose_8_gradient_0_VconcST_0.04_Vconc_8_run_0.csv,1200.0,8.0,0,8.0,0.04,8.0,0,5.0,0.6229,8.0,0.0002426,0.6229,0.0,0.0,887.767
1200_dose_8_gradient_0_VconcST_0.04_Vconc_8_run_0.csv,1200.0,8.0,0,8.0,0.04,8.0,0,5.25,37.5475,7.84145,0.0146236,37.5475,0.00636719,0.821982,3476.82
1200_dose_8_gradient_0_VconcST_0.04_Vconc_8_run_0.csv,1200.0,8.0,0,8.0,0.04,8.0,0,5.5,73.6004,7.68604,0.0286651,73.6004,0.0,0.901243,167.429
1200_dose_8_gradient_0_VconcST_0.04_Vconc_8_run_0.csv,1200.0,8.0,0,8.0,0.04,8.0,0,5.75,108.799,7.53371,0.0423739,108.799,0.0,0.931165,882.972
1200_dose_8_gradient_0_VconcST_0.04_Vconc_8_run_0.csv,1200.0,8.0,0,8.0,0.04,8.0,0,6.0,143.161,7.3844,0.0557568,143.161,0.0,0.946877,631.51
1200_dose_8_gradient_0_VconcST_0.04_Vconc_8_run_0.csv,1200.0,8.0,0,8.0,0.04,8.0,0,6.25,176.704,7.23805,0.0688207,176.704,0.0,0.956557,516.438
1200_dose_8_gradient_0_VconcST_0.04_Vconc_8_run_0.csv,1200.0,8.0,0,8.0,0.04,8.0,0,6.5,209.444,7.0946,0.0815718,209.444,0.0,0.963117,451.907
1200_dose_8_gradient_0_VconcST_0.04_Vconc_8_run_0.csv,1200.0,8.0,0,8.0,0.04,8.0,0,6.75,241.397,6.954,0.0940168,241.397,0.0,0.967855,406.128
1200_dose_8_gradient_0_VconcST_0.04_Vconc_8_run_0.csv,1200.0,8.0,0,8.0,0.04,8.0,0,7.0,272.581,6.81618,0.106162,272.581,0.0,0.971435,357.58
1200_dose_8_gradient_0_VconcST_0.04_Vconc_8_run_0.csv,1200.0,8.0,0,8.0,0.04,8.0,0,7.25,303.01,6.68109,0.118013,303.01,0.0,0.974236,319.937
1200_dose_8_gradient_0_VconcST_0.04_Vconc_8_run_0.csv,1200.0,8.0,0,8.0,0.04,8.0,0,7.5,332.7,6.54868,0.129576,332.7,0.0,0.976485,306.893
1200_dose_8_gradient_0_VconcST_0.04_Vconc_8_run_0.csv,1200.0,8.0,0,8.0,0.04,8.0,0,7.75,361.666,6.41889,0.140858,361.666,0.0,0.978331,278.541
1200_dose_8_gradient_0_VconcST_0.04_Vconc_8_run_0.csv,1200.0,8.0,0,8.0,0.04,8.0,0,8.0,389.923,6.29168,0.151863,389.923,0.0,0.979872,260.278
1200_dose_8_gradient_0_VconcST_0.04_Vconc_8_run_0.csv,1200.0,8.0,0,8.0,0.04,8.0,0,8.25,417.486,6.16698,0.162598,417.486,0.0,0.981178,248.002
1200_dose_8_gradient_0_VconcST_0.04_Vconc_8_run_0.csv,1200.0,8.0,0,8.0,0.04,8.0,0,8.5,444.369,6.04476,0.173068,444.369,0.0,0.982298,227.451
1200_dose_8_gradient_0_VconcST_0.04_Vconc_8_run_0.csv,1200.0,8.0,0,8.0,0.04,8.0,0,8.75,470.586,5.92496,0.183279,470.586,0.0,0.983269,214.544
1200_dose_8_gradient_0_VconcST_0.04_Vconc_8_run_0.csv,1200.0,8.0,0,8.0,0.04,8.0,0,9.0,496.151,5.80754,0.193236,496.151,0.0,0.984118,205.206
1200_dose_8_gradient_0_VconcST_0.04_Vconc_8_run_0.csv,1200.0,8.0,0,8.0,0.04,8.0,0,9.25,521.077,5.69244,0.202943,521.077,0.0,0.984868,193.73
1200_dose_8_gradient_0_VconcST_0.04_Vconc_8_run_0.csv,1200.0,8.0,0,8.0,0.04,8.0,0,9.5,545.377,5.57962,0.212407,545.377,0.0,0.985533,189.368
1200_dose_8_gradient_0_VconcST_0.04_Vconc_8_run_0.csv,1200.0,8.0,0,8.0,0.04,8.0,0,9.75,569.063,5.46904,0.221633,569.063,0.0,0.986127,177.612
1200_dose_8_gradient_0_VconcST_0.04_Vconc_8_run_0.csv,1200.0,8.0,0,8.0,0.04,8.0,0,10.0,592.773,13.3606,0.230867,592.773,0.0,0.986662,173.586
1200_dose_8_gradient_0_VconcST_0.04_Vconc_8_run_0.csv,1200.0,8.0,0,8.0,0.04,8.0,0,10.25,652.196,13.0959,0.25401,652.196,0.0,0.987864,155.986
1200_dose_8_gradient_0_VconcST_0.04_Vconc_8_run_0.csv,1200.0,8.0,0,8.0,0.04,8.0,0,10.5,710.172,12.8363,0.27659,710.172,0.0,0.988846,146.566
1200_dose_8_gradient_0_VconcST_0.04_Vconc_8_run_0.csv,1200.0,8.0,0,8.0,0.04,8.0,0,10.75,766.73,12.5819,0.298617,766.73,0.0,0.989661,137.289
1200_dose_8_gradient_0_VconcST_0.04_Vconc_8_run_0.csv,1200.0,8.0,0,8.0,0.04,8.0,0,11.0,821.899,12.3326,0.320104,821.899,0.0,0.99035,124.974
1200_dose_8_gradient_0_VconcST_0.04_Vconc_8_run_0.csv,1200.0,8.0,0,8.0,0.04,8.0,0,11.25,875.707,12.0881,0.341061,875.707,0.0,0.990938,116.531
1200_dose_8_gradient_0_VconcST_0.04_Vconc_8_run_0.csv,1200.0,8.0,0,8.0,0.04,8.0,0,11.5,928.184,11.8486,0.361499,928.184,0.0,0.991447,112.686
1200_dose_8_gradient_0_VconcST_0.04_Vconc_8_run_0.csv,1200.0,8.0,0,8.0,0.04,8.0,0,11.75,979.356,11.6137,0.381429,979.356,0.0,0.991891,106.34
1200_dose_8_gradient_0_VconcST_0.04_Vconc_8_run_0.csv,1200.0,8.0,0,8.0,0.04,8.0,0,12.0,1029.25,11.3836,0.400861,1029.25,0.0,0.992281,102.481
1200_dose_8_gradient_0_VconcST_0.04_Vconc_8_run_0.csv,1200.0,8.0,0,8.0,0.04,8.0,0,12.25,1077.89,11.158,0.419805,1077.89,0.0,0.992627,95.8301
1200_dose_8_gradient_0_VconcST_0.04_Vconc_8_run_0.csv,1200.0,8.0,0,8.0,0.04,8.0,0,12.5,1125.31,10.9368,0.438273,1125.31,0.0,0.992936,92.5416
1200_dose_8_gradient_0_VconcST_0.04_Vconc_8_run_0.csv,1200.0,8.0,0,8.0,0.04,8.0,0,12.75,1171.52,10.7201,0.456272,1171.52,0.0,0.993213,89.415
1200_dose_8_gradient_0_VconcST_0.04_Vconc_8_run_0.csv,1200.0,8.0,0,8.0,0.04,8.0,0,13.0,1216.56,10.5076,0.473814,1216.56,0.0,0.993463,85.5921
1200_dose_8_gradient_0_VconcST_0.04_Vconc_8_run_0.csv,1200.0,8.0,0,8.0,0.04,8.0,0,13.25,1260.45,10.2994,0.490908,1260.45,0.0,0.99369,82.9075
1200_dose_8_gradient_0_VconcST_0.04_Vconc_8_run_0.csv,1200.0,8.0,0,8.0,0.04,8.0,0,13.5,1303.21,10.0952,0.507562,1303.21,0.0,0.993896,79.8011
1200_dose_8_gradient_0_VconcST_0.04_Vconc_8_run_0.csv,1200.0,8.0,0,8.0,0.04,8.0,0,13.75,1344.87,9.89516,0.523786,1344.87,0.0,0.994084,76.7735
1200_dose_8_gradient_0_VconcST_0.04_Vconc_8_run_0.csv,1200.0,8.0,0,8.0,0.04,8.0,0,14.0,1385.45,9.69905,0.539589,1385.45,0.0,0.994256,75.0616
1200_dose_8_gradient_0_VconcST_0.04_Vconc_8_run_0.csv,1200.0,8.0,0,8.0,0.04,8.0,0,14.25,1424.96,9.50683,0.554979,1424.96,0.0,0.994415,73.2678
1200_dose_8_gradient_0_VconcST_0.04_Vconc_8_run_0.csv,1200.0,8.0,0,8.0,0.04,8.0,0,14.5,1463.44,9.31841,0.569965,1463.44,0.0,0.994561,70.4421
1200_dose_8_gradient_0_VconcST_0.04_Vconc_8_run_0.csv,1200.0,8.0,0,8.0,0.04,8.0,0,14.75,1500.91,9.13373,0.584556,1500.91,0.0,0.994696,69.5962
1200_dose_8_gradient_0_VconcST_0.04_Vconc_8_run_0.csv,1200.0,8.0,0,8.0,0.04,8.0,0,15.0,1538.0,16.9527,0.599002,1538.0,0.0,0.994821,67.4936
1200_dose_8_gradient_0_VconcST_0.04_Vconc_8_run_0.csv,1200.0,8.0,0,8.0,0.04,8.0,0,15.25,1610.42,16.6167,0.627208,1610.42,0.0,0.995053,64.7271
1200_dose_8_gradient_0_VconcST_0.04_Vconc_8_run_0.csv,1200.0,8.0,0,8.0,0.04,8.0,0,15.5,1681.01,16.2874,0.654702,1681.01,0.0,0.99526,62.8044
1200_dose_8_gradient_0_VconcST_0.04_Vconc_8_run_0.csv,1200.0,8.0,0,8.0,0.04,8.0,0,15.75,1749.82,15.9646,0.6815,1749.82,0.0,0.995446,58.7147
1200_dose_8_gradient_0_VconcST_0.04_Vconc_8_run_0.csv,1200.0,8.0,0,8.0,0.04,8.0,0,16.0,1816.87,15.6482,0.707616,1816.87,0.0,0.995613,57.1689
1200_dose_8_gradient_0_VconcST_0.04_Vconc_8_run_0.csv,1200.0,8.0,0,8.0,0.04,8.0,0,16.25,1882.21,15.3381,0.733064,1882.21,0.0,0.995765,55.4592
1200_dose_8_gradient_0_VconcST_0.04_Vconc_8_run_0.csv,1200.0,8.0,0,8.0,0.04,8.0,0,16.5,1945.88,15.0341,0.757859,1945.88,0.0,0.995903,53.6521
1200_dose_8_gradient_0_VconcST_0.04_Vconc_8_run_0.csv,1200.0,8.0,0,8.0,0.04,8.0,0,16.75,2007.89,14.7361,0.782012,2007.89,0.0,0.996029,51.7122
1200_dose_8_gradient_0_VconcST_0.04_Vconc_8_run_0.csv,1200.0,8.0,0,8.0,0.04,8.0,0,17.0,2068.3,14.4441,0.805538,2068.3,0.0,0.996145,50.0177
1200_dose_8_gradient_0_VconcST_0.04_Vconc_8_run_0.csv,1200.0,8.0,0,8.0,0.04,8.0,0,17.25,2127.13,14.1578,0.828451,2127.13,0.0,0.996251,48.4465
1200_dose_8_gradient_0_VconcST_0.04_Vconc_8_run_0.csv,1200.0,8.0,0,8.0,0.04,8.0,0,17.5,2184.41,13.8772,0.850761,2184.41,0.0,0.99635,47.9414
1200_dose_8_gradient_0_VconcST_0.04_Vconc_8_run_0.csv,1200.0,8.0,0,8.0,0.04,8.0,0,17.75,2240.19,13.6022,0.872483,2240.19,0.0,0.99644,46.4222
1200_dose_8_gradient_0_VconcST_0.04_Vconc_8_run_0.csv,1200.0,8.0,0,8.0,0.04,8.0,0,18.0,2294.48,13.3326,0.893628,2294.48,0.0,0.996524,45.2435
1200_dose_8_gradient_0_VconcST_0.04_Vconc_8_run_0.csv,1200.0,8.0,0,8.0,0.04,8.0,0,18.25,2347.32,13.0684,0.914208,2347.32,0.0,0.996602,43.971
1200_dose_8_gradient_0_VconcST_0.04_Vconc_8_run_0.csv,1200.0,8.0,0,8.0,0.04,8.0,0,18.5,2398.74,12.8094,0.934235,2398.74,0.0,0.996675,43.166
1200_dose_8_gradient_0_VconcST_0.04_Vconc_8_run_0.csv,1200.0,8.0,0,8.0,0.04,8.0,0,18.75,2448.77,12.5555,0.95372,2448.77,0.0,0.996743,42.0347
1200_dose_8_gradient_0_VconcST_0.04_Vconc_8_run_0.csv,1200.0,8.0,0,8.0,0.04,8.0,0,19.0,2497.44,12.3067,0.972675,2497.44,0.0,0.996806,41.0991
1200_dose_8_gradient_0_VconcST_0.04_Vconc_8_run_0.csv,1200.0,8.0,0,8.0,0.04,8.0,0,19.25,2544.78,12.0628,0.991111,2544.78,0.0,0.996865,41.0467
1200_dose_8_gradient_0_VconcST_0.04_Vconc_8_run_0.csv,1200.0,8.0,0,8.0,0.04,8.0,0,19.5,2590.81,11.8237,1.00904,2590.81,0.0,0.996921,39.5904
1200_dose_8_gradient_0_VconcST_0.04_Vconc_8_run_0.csv,1200.0,8.0,0,8.0,0.04,8.0,0,19.75,2635.56,11.5894,1.02647,2635.56,0.0,0.996973,39.0923
1200_dose_8_gradient_0_VconcST_0.04_Vconc_8_run_0.csv,1200.0,8.0,0,8.0,0.04,8.0,0,20.0,2679.69,19.3597,1.04365,2679.69,0.0,0.997022,38.7253
1200_dose_8_gradient_0_VconcST_0.04_Vconc_8_run_0.csv,1200.0,8.0,0,8.0,0.04,8.0,0,20.25,2758.89,18.976,1.0745,2758.89,0.0,0.997107,37.8764
1200_dose_8_gradient_0_VconcST_0.04_Vconc_8_run_0.csv,1200.0,8.0,0,8.0,0.04,8.0,0,20.5,2836.02,18.5999,1.10454,2836.02,0.0,0.997186,36.6706
1200_dose_8_gradient_0_VconcST_0.04_Vconc_8_run_0.csv,1200.0,8.0,0,8.0,0.04,8.0,0,20.75,2911.12,18.2313,1.13379,2911.12,0.0,0.997258,35.4701
1200_dose_8_gradient_0_VconcST_0.04_Vconc_8_run_0.csv,1200.0,8.0,0,8.0,0.04,8.0,0,21.0,2984.23,17.87,1.16227,2984.23,0.0,0.997325,34.5386
1200_dose_8_gradient_0_VconcST_0.04_Vconc_8_run_0.csv,1200.0,8.0,0,8.0,0.04,8.0,0,21.25,3055.4,17.5158,1.18998,3055.4,0.0,0.997388,33.5853
1200_dose_8_gradient_0_VconcST_0.04_Vconc_8_run_0.csv,1200.0,8.0,0,8.0,0.04,8.0,0,21.5,3124.67,17.1686,1.21696,3124.67,0.0,0.997445,33.1781
1200_dose_8_gradient_0_VconcST_0.04_Vconc_8_run_0.csv,1200.0,8.0,0,8.0,0.04,8.0,0,21.75,3192.07,16.8284,1.24321,3192.07,0.0,0.997499,32.3996
1200_dose_8_gradient_0_VconcST_0.04_Vconc_8_run_0.csv,1200.0,8.0,0,8.0,0.04,8.0,0,22.0,3257.64,16.4948,1.26875,3257.64,0.0,0.997549,31.9514
1200_dose_8_gradient_0_VconcST_0.04_Vconc_8_run_0.csv,1200.0,8.0,0,8.0,0.04,8.0,0,22.25,3321.43,16.1679,1.29359,3321.43,0.0,0.997596,31.1299
1200_dose_8_gradient_0_VconcST_0.04_Vconc_8_run_0.csv,1200.0,8.0,0,8.0,0.04,8.0,0,22.5,3383.46,15.8475,1.31775,3383.46,0.0,0.99764,30.5863
1200_dose_8_gradient_0_VconcST_0.04_Vconc_8_run_0.csv,1200.0,8.0,0,8.0,0.04,8.0,0,22.75,3443.78,15.5334,1.34125,3443.78,0.0,0.997682,29.9056
1200_dose_8_gradient_0_VconcST_0.04_Vconc_8_run_0.csv,1200.0,8.0,0,8.0,0.04,8.0,0,23.0,3502.43,15.2256,1.36409,3502.43,0.0,0.99772,29.4709
1200_dose_8_gradient_0_VconcST_0.04_Vconc_8_run_0.csv,1200.0,8.0,0,8.0,0.04,8.0,0,23.25,3559.42,14.9238,1.38629,3559.42,0.0,0.997757,28.6794
1200_dose_8_gradient_0_VconcST_0.04_Vconc_8_run_0.csv,1200.0,8.0,0,8.0,0.04,8.0,0,23.5,3614.81,14.628,1.40786,3614.81,0.0,0.997791,28.4304
1200_dose_8_gradient_0_VconcST_0.04_Vconc_8_run_0.csv,1200.0,8.0,0,8.0,0.04,8.0,0,23.75,3668.63,14.3381,1.42882,3668.63,0.0,0.997824,28.0371
1200_dose_8_gradient_0_VconcST_0.04_Vconc_8_run_0.csv,1200.0,8.0,0,8.0,0.04,8.0,0,24.0,3720.9,14.054,1.44918,3720.9,0.0,0.997854,27.7082
1200_dose_8_gradient_0_VconcST_0.04_Vconc_8_run_0.csv,1200.0,8.0,0,8.0,0.04,8.0,0,24.25,3771.66,13.7754,1.46895,3771.66,0.0,0.997883,27.3801
1200_dose_8_gradient_0_VconcST_0.04_Vconc_8_run_0.csv,1200.0,8.0,0,8.0,0.04,8.0,0,24.5,3820.95,13.5024,1.48814,3820.95,0.0,0.99791,27.0466
1200_dose_8_gradient_0_VconcST_0.04_Vconc_8_run_0.csv,1200.0,8.0,0,8.0,0.04,8.0,0,24.75,3868.78,13.2348,1.50677,3868.78,0.0,0.997936,26.6009
1200_dose_8_gradient_0_VconcST_0.04_Vconc_8_run_0.csv,1200.0,8.0,0,8.0,0.04,8.0,0,25.0,3915.83,20.9725,1.52509,3915.83,0.0,0.99796,26.3247
1200_dose_8_gradient_0_VconcST_0.04_Vconc_8_run_0.csv,1200.0,8.0,0,8.0,0.04,8.0,0,25.25,3997.78,20.5569,1.55701,3997.78,0.0,0.998002,25.8312
1200_dose_8_gradient_0_VconcST_0.04_Vconc_8_run_0.csv,1200.0,8.0,0,8.0,0.04,8.0,0,25.5,4077.51,20.1495,1.58807,4077.51,0.0,0.998041,25.0976
1200_dose_8_gradient_0_VconcST_0.04_Vconc_8_run_0.csv,1200.0,8.0,0,8.0,0.04,8.0,0,25.75,4155.06,19.7501,1.61827,4155.06,0.0,0.998078,25.0895
1200_dose_8_gradient_0_VconcST_0.04_Vconc_8_run_0.csv,1200.0,8.0,0,8.0,0.04,8.0,0,26.0,4230.47,19.3587,1.64764,4230.47,0.0,0.998112,24.3488
1200_dose_8_gradient_0_VconcST_0.04_Vconc_8_run_0.csv,1200.0,8.0,0,8.0,0.04,8.0,0,26.25,4303.78,18.975,1.67619,4303.78,0.0,0.998144,23.9586
1200_dose_8_gradient_0_VconcST_0.04_Vconc_8_run_0.csv,1200.0,8.0,0,8.0,0.04,8.0,0,26.5,4375.05,18.599,1.70395,4375.05,0.0,0.998174,23.4051
1200_dose_8_gradient_0_VconcST_0.04_Vconc_8_run_0.csv,1200.0,8.0,0,8.0,0.04,8.0,0,26.75,4444.31,18.2304,1.73092,4444.31,0.0,0.998203,23.2562
1200_dose_8_gradient_0_VconcST_0.04_Vconc_8_run_0.csv,1200.0,8.0,0,8.0,0.04,8.0,0,27.0,4511.61,17.869,1.75713,4511.61,0.0,0.99823,22.664
1200_dose_8_gradient_0_VconcST_0.04_Vconc_8_run_0.csv,1200.0,8.0,0,8.0,0.04,8.0,0,27.25,4576.98,17.5149,1.78259,4576.98,0.0,0.998255,22.5835
1200_dose_8_gradient_0_VconcST_0.04_Vconc_8_run_0.csv,1200.0,8.0,0,8.0,0.04,8.0,0,27.5,4640.47,17.1678,1.80732,4640.47,0.0,0.998279,21.9862
1200_dose_8_gradient_0_VconcST_0.04_Vconc_8_run_0.csv,1200.0,8.0,0,8.0,0.04,8.0,0,27.75,4702.12,16.8275,1.83133,4702.12,0.0,0.998301,21.9507
1200_dose_8_gradient_0_VconcST_0.04_Vconc_8_run_0.csv,1200.0,8.0,0,8.0,0.04,8.0,0,28.0,4761.96,16.494,1.85464,4761.96,0.0,0.998322,21.6817
1200_dose_8_gradient_0_VconcST_0.04_Vconc_8_run_0.csv,1200.0,8.0,0,8.0,0.04,8.0,0,28.25,4820.04,16.1671,1.87726,4820.04,0.0,0.998343,21.3855
1200_dose_8_gradient_0_VconcST_0.04_Vconc_8_run_0.csv,1200.0,8.0,0,8.0,0.04,8.0,0,28.5,4876.39,15.8467,1.8992,4876.39,0.0,0.998362,21.0939
1200_dose_8_gradient_0_VconcST_0.04_Vconc_8_run_0.csv,1200.0,8.0,0,8.0,0.04,8.0,0,28.75,4931.05,15.5326,1.92049,4931.05,0.0,0.99838,20.7812
1200_dose_8_gradient_0_VconcST_0.04_Vconc_6.4_run_0.csv,1200.0,8.0,0,6.4,0.04,6.4,0,0.0,0.0,0.0,0.0,0.0,0.0,0.0,0.0
1200_dose_8_gradient_0_VconcST_0.04_Vconc_6.4_run_0.csv,1200.0,8.0,0,6.4,0.04,6.4,0,0.25,0.0,0.0,0.0,0.0,0.0,0.0,10000.0
1200_dose_8_gradient_0_VconcST_0.04_Vconc_6.4_run_0.csv,1200.0,8.0,0,6.4,0.04,6.4,0,0.5,0.0,0.0,0.0,0.0,0.0,0.0,761.71
1200_dose_8_gradient_0_VconcST_0.04_Vconc_6.4_run_0.csv,1200.0,8.0,0,6.4,0.04,6.4,0,0.75,0.0,0.0,0.0,0.0,0.0,0.0,10000.0
1200_dose_8_gradient_0_VconcST_0.04_Vconc_6.4_run_0.csv,1200.0,8.0,0,6.4,0.04,6.4,0,1.0,0.0,0.0,0.0,0.0,0.0,0.0,765.75
1200_dose_8_gradient_0_VconcST_0.04_Vconc_6.4_run_0.csv,1200.0,8.0,0,6.4,0.04,6.4,0,1.25,0.0,0.0,0.0,0.0,0.0,0.0,10000.0
1200_dose_8_gradient_0_VconcST_0.04_Vconc_6.4_run_0.csv,1200.0,8.0,0,6.4,0.04,6.4,0,1.5,0.0,0.0,0.0,0.0,0.0,0.0,751.235
1200_dose_8_gradient_0_VconcST_0.04_Vconc_6.4_run_0.csv,1200.0,8.0,0,6.4,0.04,6.4,0,1.75,0.0,0.0,0.0,0.0,0.0,0.0,10000.0
1200_dose_8_gradient_0_VconcST_0.04_Vconc_6.4_run_0.csv,1200.0,8.0,0,6.4,0.04,6.4,0,2.0,0.0,0.0,0.0,0.0,0.0,0.0,773.296
1200_dose_8_gradient_0_VconcST_0.04_Vconc_6.4_run_0.csv,1200.0,8.0,0,6.4,0.04,6.4,0,2.25,0.0,0.0,0.0,0.0,0.0,0.0,10000.0
1200_dose_8_gradient_0_VconcST_0.04_Vconc_6.4_run_0.csv,1200.0,8.0,0,6.4,0.04,6.4,0,2.5,0.0,0.0,0.0,0.0,0.0,0.0,779.337
1200_dose_8_gradient_0_VconcST_0.04_Vconc_6.4_run_0.csv,1200.0,8.0,0,6.4,0.04,6.4,0,2.75,0.0,0.0,0.0,0.0,0.0,0.0,10000.0
1200_dose_8_gradient_0_VconcST_0.04_Vconc_6.4_run_0.csv,1200.0,8.0,0,6.4,0.04,6.4,0,3.0,0.0,0.0,0.0,0.0,0.0,0.0,759.315
1200_dose_8_gradient_0_VconcST_0.04_Vconc_6.4_run_0.csv,1200.0,8.0,0,6.4,0.04,6.4,0,3.25,0.0,0.0,0.0,0.0,0.0,0.0,10000.0
1200_dose_8_gradient_0_VconcST_0.04_Vconc_6.4_run_0.csv,1200.0,8.0,0,6.4,0.04,6.4,0,3.5,0.0,0.0,0.0,0.0,0.0,0.0,770.902
1200_dose_8_gradient_0_VconcST_0.04_Vconc_6.4_run_0.csv,1200.0,8.0,0,6.4,0.04,6.4,0,3.75,0.0,0.0,0.0,0.0,0.0,0.0,10000.0
1200_dose_8_gradient_0_VconcST_0.04_Vconc_6.4_run_0.csv,1200.0,8.0,0,6.4,0.04,6.4,0,4.0,0.0,0.0,0.0,0.0,0.0,0.0,763.37
1200_dose_8_gradient_0_VconcST_0.04_Vconc_6.4_run_0.csv,1200.0,8.0,0,6.4,0.04,6.4,0,4.25,0.0,0.0,0.0,0.0,0.0,0.0,10000.0
1200_dose_8_gradient_0_VconcST_0.04_Vconc_6.4_run_0.csv,1200.0,8.0,0,6.4,0.04,6.4,0,4.5,0.0,0.0,0.0,0.0,0.0,0.0,776.818
1200_dose_8_gradient_0_VconcST_0.04_Vconc_6.4_run_0.csv,1200.0,8.0,0,6.4,0.04,6.4,0,4.75,0.0,0.0,0.0,0.0,0.0,0.0,10000.0
1200_dose_8_gradient_0_VconcST_0.04_Vconc_6.4_run_0.csv,1200.0,8.0,0,6.4,0.04,6.4,0,5.0,0.6229,8.0,0.0002426,0.6229,0.0,0.0,762.838
1200_dose_8_gradient_0_VconcST_0.04_Vconc_6.4_run_0.csv,1200.0,8.0,0,6.4,0.04,6.4,0,5.25,37.5475,7.84145,0.0146236,37.5475,0.0,0.821982,2848.02
1200_dose_8_gradient_0_VconcST_0.04_Vconc_6.4_run_0.csv,1200.0,8.0,0,6.4,0.04,6.4,0,5.5,73.6004,7.68604,0.0286651,73.6004,0.0,0.901243,360.874
1200_dose_8_gradient_0_VconcST_0.04_Vconc_6.4_run_0.csv,1200.0,8.0,0,6.4,0.04,6.4,0,5.75,108.799,7.53371,0.0423739,108.799,0.0,0.931165,673.528
1200_dose_8_gradient_0_VconcST_0.04_Vconc_6.4_run_0.csv,1200.0,8.0,0,6.4,0.04,6.4,0,6.0,143.161,7.3844,0.0557568,143.161,0.0,0.946877,524.33
1200_dose_8_gradient_0_VconcST_0.04_Vconc_6.4_run_0.csv,1200.0,8.0,0,6.4,0.04,6.4,0,6.25,176.704,7.23805,0.0688207,176.704,0.0,0.956557,426.837
1200_dose_8_gradient_0_VconcST_0.04_Vconc_6.4_run_0.csv,1200.0,8.0,0,6.4,0.04,6.4,0,6.5,209.444,7.0946,0.0815718,209.444,0.0,0.963117,366.898
1200_dose_8_gradient_0_VconcST_0.04_Vconc_6.4_run_0.csv,1200.0,8.0,0,6.4,0.04,6.4,0,6.75,241.397,6.954,0.0940168,241.397,0.0,0.967855,324.591
1200_dose_8_gradient_0_VconcST_0.04_Vconc_6.4_run_0.csv,1200.0,8.0,0,6.4,0.04,6.4,0,7.0,272.581,6.81618,0.106162,272.581,0.0,0.971435,285.268
1200_dose_8_gradient_0_VconcST_0.04_Vconc_6.4_run_0.csv,1200.0,8.0,0,6.4,0.04,6.4,0,7.25,303.01,6.68109,0.118013,303.01,0.0,0.974236,264.96
1200_dose_8_gradient_0_VconcST_0.04_Vconc_6.4_run_0.csv,1200.0,8.0,0,6.4,0.04,6.4,0,7.5,332.7,6.54868,0.129576,332.7,0.0,0.976485,237.499
1200_dose_8_gradient_0_VconcST_0.04_Vconc_6.4_run_0.csv,1200.0,8.0,0,6.4,0.04,6.4,0,7.75,361.666,6.41889,0.140858,361.666,0.0,0.978331,224.752
1200_dose_8_gradient_0_VconcST_0.04_Vconc_6.4_run_0.csv,1200.0,8.0,0,6.4,0.04,6.4,0,8.0,389.923,6.29168,0.151863,389.923,0.0,0.979872,206.963
1200_dose_8_gradient_0_VconcST_0.04_Vconc_6.4_run_0.csv,1200.0,8.0,0,6.4,0.04,6.4,0,8.25,417.486,6.16698,0.162598,417.486,0.0,0.981178,193.586
1200_dose_8_gradient_0_VconcST_0.04_Vconc_6.4_run_0.csv,1200.0,8.0,0,6.4,0.04,6.4,0,8.5,444.369,6.04476,0.173068,444.369,0.0,0.982298,181.998
1200_dose_8_gradient_0_VconcST_0.04_Vconc_6.4_run_0.csv,1200.0,8.0,0,6.4,0.04,6.4,0,8.75,470.586,5.92496,0.183279,470.586,0.0,0.983269,174.867
1200_dose_8_gradient_0_VconcST_0.04_Vconc_6.4_run_0.csv,1200.0,8.0,0,6.4,0.04,6.4,0,9.0,496.151,5.80754,0.193236,496.151,0.0,0.984118,166.58
1200_dose_8_gradient_0_VconcST_0.04_Vconc_6.4_run_0.csv,1200.0,8.0,0,6.4,0.04,6.4,0,9.25,521.077,5.69244,0.202943,521.077,0.0,0.984868,159.168
1200_dose_8_gradient_0_VconcST_0.04_Vconc_6.4_run_0.csv,1200.0,8.0,0,6.4,0.04,6.4,0,9.5,545.377,5.57962,0.212407,545.377,0.0,0.985533,153.304
1200_dose_8_gradient_0_VconcST_0.04_Vconc_6.4_run_0.csv,1200.0,8.0,0,6.4,0.04,6.4,0,9.75,569.063,5.46904,0.221633,569.063,0.0,0.986127,143.862
1200_dose_8_gradient_0_VconcST_0.04_Vconc_6.4_run_0.csv,1200.0,8.0,0,6.4,0.04,6.4,0,10.0,592.773,13.3606,0.230867,592.773,0.0,0.986662,138.488
1200_dose_8_gradient_0_VconcST_0.04_Vconc_6.4_run_0.csv,1200.0,8.0,0,6.4,0.04,6.4,0,10.25,652.196,13.0959,0.25401,652.196,0.0,0.987864,129.38
1200_dose_8_gradient_0_VconcST_0.04_Vconc_6.4_run_0.csv,1200.0,8.0,0,6.4,0.04,6.4,0,10.5,710.172,12.8363,0.27659,710.172,0.0,0.988846,116.711
1200_dose_8_gradient_0_VconcST_0.04_Vconc_6.4_run_0.csv,1200.0,8.0,0,6.4,0.04,6.4,0,10.75,766.73,12.5819,0.298617,766.73,0.0,0.989661,109.346
1200_dose_8_gradient_0_VconcST_0.04_Vconc_6.4_run_0.csv,1200.0,8.0,0,6.4,0.04,6.4,0,11.0,821.899,12.3326,0.320104,821.899,0.0,0.99035,101.963
1200_dose_8_gradient_0_VconcST_0.04_Vconc_6.4_run_0.csv,1200.0,8.0,0,6.4,0.04,6.4,0,11.25,875.707,12.0881,0.341061,875.707,0.0,0.990938,94.7568
1200_dose_8_gradient_0_VconcST_0.04_Vconc_6.4_run_0.csv,1200.0,8.0,0,6.4,0.04,6.4,0,11.5,928.184,11.8486,0.361499,928.184,0.0,0.991447,89.0075
1200_dose_8_gradient_0_VconcST_0.04_Vconc_6.4_run_0.csv,1200.0,8.0,0,6.4,0.04,6.4,0,11.75,979.356,11.6137,0.381429,979.356,0.0,0.991891,84.5735
1200_dose_8_gradient_0_VconcST_0.04_Vconc_6.4_run_0.csv,1200.0,8.0,0,6.4,0.04,6.4,0,12.0,1029.25,11.3836,0.400861,1029.25,0.0,0.992281,80.148
1200_dose_8_gradient_0_VconcST_0.04_Vconc_6.4_run_0.csv,1200.0,8.0,0,6.4,0.04,6.4,0,12.25,1077.89,11.158,0.419805,1077.89,0.0,0.992627,76.6023
1200_dose_8_gradient_0_VconcST_0.04_Vconc_6.4_run_0.csv,1200.0,8.0,0,6.4,0.04,6.4,0,12.5,1125.31,10.9368,0.438273,1125.31,0.0,0.992936,73.1137
1200_dose_8_gradient_0_VconcST_0.04_Vconc_6.4_run_0.csv,1200.0,8.0,0,6.4,0.04,6.4,0,12.75,1171.52,10.7201,0.456272,1171.52,0.0,0.993213,71.151
1200_dose_8_gradient_0_VconcST_0.04_Vconc_6.4_run_0.csv,1200.0,8.0,0,6.4,0.04,6.4,0,13.0,1216.56,10.5076,0.473814,1216.56,0.0,0.993463,68.655
1200_dose_8_gradient_0_VconcST_0.04_Vconc_6.4_run_0.csv,1200.0,8.0,0,6.4,0.04,6.4,0,13.25,1260.45,10.2994,0.490908,1260.45,0.0,0.99369,65.6143
1200_dose_8_gradient_0_VconcST_0.04_Vconc_6.4_run_0.csv,1200.0,8.0,0,6.4,0.04,6.4,0,13.5,1303.21,10.0952,0.507562,1303.21,0.0,0.993896,63.0705
1200_dose_8_gradient_0_VconcST_0.04_Vconc_6.4_run_0.csv,1200.0,8.0,0,6.4,0.04,6.4,0,13.75,1344.87,9.89516,0.523786,1344.87,0.0,0.994084,61.3849
1200_dose_8_gradient_0_VconcST_0.04_Vconc_6.4_run_0.csv,1200.0,8.0,0,6.4,0.04,6.4,0,14.0,1385.45,9.69905,0.539589,1385.45,0.0,0.994256,59.5261
1200_dose_8_gradient_0_VconcST_0.04_Vconc_6.4_run_0.csv,1200.0,8.0,0,6.4,0.04,6.4,0,14.25,1424.96,9.50683,0.554979,1424.96,0.0,0.994415,58.0208
1200_dose_8_gradient_0_VconcST_0.04_Vconc_6.4_run_0.csv,1200.0,8.0,0,6.4,0.04,6.4,0,14.5,1463.44,9.31841,0.569965,1463.44,0.0,0.994561,57.2813
1200_dose_8_gradient_0_VconcST_0.04_Vconc_6.4_run_0.csv,1200.0,8.0,0,6.4,0.04,6.4,0,14.75,1500.91,9.13373,0.584556,1500.91,0.0,0.994696,55.3707
1200_dose_8_gradient_0_VconcST_0.04_Vconc_6.4_run_0.csv,1200.0,8.0,0,6.4,0.04,6.4,0,15.0,1538.0,16.9527,0.599002,1538.0,0.0,0.994821,53.7873
1200_dose_8_gradient_0_VconcST_0.04_Vconc_6.4_run_0.csv,1200.0,8.0,0,6.4,0.04,6.4,0,15.25,1610.42,16.6167,0.627208,1610.42,0.0,0.995053,51.4976
1200_dose_8_gradient_0_VconcST_0.04_Vconc_6.4_run_0.csv,1200.0,8.0,0,6.4,0.04,6.4,0,15.5,1681.01,16.2874,0.654702,1681.01,0.0,0.99526,49.3793
1200_dose_8_gradient_0_VconcST_0.04_Vconc_6.4_run_0.csv,1200.0,8.0,0,6.4,0.04,6.4,0,15.75,1749.82,15.9646,0.6815,1749.82,0.0,0.995446,47.3765
1200_dose_8_gradient_0_VconcST_0.04_Vconc_6.4_run_0.csv,1200.0,8.0,0,6.4,0.04,6.4,0,16.0,1816.87,15.6482,0.707616,1816.87,0.0,0.995613,45.7097
1200_dose_8_gradient_0_VconcST_0.04_Vconc_6.4_run_0.csv,1200.0,8.0,0,6.4,0.04,6.4,0,16.25,1882.21,15.3381,0.733064,1882.21,0.0,0.995765,44.7589
1200_dose_8_gradient_0_VconcST_0.04_Vconc_6.4_run_0.csv,1200.0,8.0,0,6.4,0.04,6.4,0,16.5,1945.88,15.0341,0.757859,1945.88,0.0,0.995903,42.6436
1200_dose_8_gradient_0_VconcST_0.04_Vconc_6.4_run_0.csv,1200.0,8.0,0,6.4,0.04,6.4,0,16.75,2007.89,14.7361,0.782012,2007.89,0.0,0.996029,41.0953
1200_dose_8_gradient_0_VconcST_0.04_Vconc_6.4_run_0.csv,1200.0,8.0,0,6.4,0.04,6.4,0,17.0,2068.3,14.4441,0.805538,2068.3,0.0,0.996145,40.1804
1200_dose_8_gradient_0_VconcST_0.04_Vconc_6.4_run_0.csv,1200.0,8.0,0,6.4,0.04,6.4,0,17.25,2127.13,14.1578,0.828451,2127.13,0.0,0.996251,38.8325
1200_dose_8_gradient_0_VconcST_0.04_Vconc_6.4_run_0.csv,1200.0,8.0,0,6.4,0.04,6.4,0,17.5,2184.41,13.8772,0.850761,2184.41,0.0,0.99635,37.9353
1200_dose_8_gradient_0_VconcST_0.04_Vconc_6.4_run_0.csv,1200.0,8.0,0,6.4,0.04,6.4,0,17.75,2240.19,13.6022,0.872483,2240.19,0.0,0.99644,36.9789
1200_dose_8_gradient_0_VconcST_0.04_Vconc_6.4_run_0.csv,1200.0,8.0,0,6.4,0.04,6.4,0,18.0,2294.48,13.3326,0.893628,2294.48,0.0,0.996524,36.3309
1200_dose_8_gradient_0_VconcST_0.04_Vconc_6.4_run_0.csv,1200.0,8.0,0,6.4,0.04,6.4,0,18.25,2347.32,13.0684,0.914208,2347.32,0.0,0.996602,34.824
1200_dose_8_gradient_0_VconcST_0.04_Vconc_6.4_run_0.csv,1200.0,8.0,0,6.4,0.04,6.4,0,18.5,2398.74,12.8094,0.934235,2398.74,0.0,0.996675,34.5378
1200_dose_8_gradient_0_VconcST_0.04_Vconc_6.4_run_0.csv,1200.0,8.0,0,6.4,0.04,6.4,0,18.75,2448.77,12.5555,0.95372,2448.77,0.0,0.996743,33.666
1200_dose_8_gradient_0_VconcST_0.04_Vconc_6.4_run_0.csv,1200.0,8.0,0,6.4,0.04,6.4,0,19.0,2497.44,12.3067,0.972675,2497.44,0.0,0.996806,32.7541
1200_dose_8_gradient_0_VconcST_0.04_Vconc_6.4_run_0.csv,1200.0,8.0,0,6.4,0.04,6.4,0,19.25,2544.78,12.0628,0.991111,2544.78,0.0,0.996865,32.16
1200_dose_8_gradient_0_VconcST_0.04_Vconc_6.4_run_0.csv,1200.0,8.0,0,6.4,0.04,6.4,0,19.5,2590.81,11.8237,1.00904,2590.81,0.0,0.996921,31.6307
1200_dose_8_gradient_0_VconcST_0.04_Vconc_6.4_run_0.csv,1200.0,8.0,0,6.4,0.04,6.4,0,19.75,2635.56,11.5894,1.02647,2635.56,0.0,0.996973,31.3308
1200_dose_8_gradient_0_VconcST_0.04_Vconc_6.4_run_0.csv,1200.0,8.0,0,6.4,0.04,6.4,0,20.0,2679.69,19.3597,1.04365,2679.69,0.0,0.997022,31.0691
1200_dose_8_gradient_0_VconcST_0.04_Vconc_6.4_run_0.csv,1200.0,8.0,0,6.4,0.04,6.4,0,20.25,2758.89,18.976,1.0745,2758.89,0.0,0.997107,30.3599
1200_dose_8_gradient_0_VconcST_0.04_Vconc_6.4_run_0.csv,1200.0,8.0,0,6.4,0.04,6.4,0,20.5,2836.02,18.5999,1.10454,2836.02,0.0,0.997186,29.02
1200_dose_8_gradient_0_VconcST_0.04_Vconc_6.4_run_0.csv,1200.0,8.0,0,6.4,0.04,6.4,0,20.75,2911.12,18.2313,1.13379,2911.12,0.0,0.997258,28.272
1200_dose_8_gradient_0_VconcST_0.04_Vconc_6.4_run_0.csv,1200.0,8.0,0,6.4,0.04,6.4,0,21.0,2984.23,17.87,1.16227,2984.23,0.0,0.997325,27.7051
1200_dose_8_gradient_0_VconcST_0.04_Vconc_6.4_run_0.csv,1200.0,8.0,0,6.4,0.04,6.4,0,21.25,3055.4,17.5158,1.18998,3055.4,0.0,0.997388,27.0885
1200_dose_8_gradient_0_VconcST_0.04_Vconc_6.4_run_0.csv,1200.0,8.0,0,6.4,0.04,6.4,0,21.5,3124.67,17.1686,1.21696,3124.67,0.0,0.997445,26.2421
1200_dose_8_gradient_0_VconcST_0.04_Vconc_6.4_run_0.csv,1200.0,8.0,0,6.4,0.04,6.4,0,21.75,3192.07,16.8284,1.24321,3192.07,0.0,0.997499,25.6724
1200_dose_8_gradient_0_VconcST_0.04_Vconc_6.4_run_0.csv,1200.0,8.0,0,6.4,0.04,6.4,0,22.0,3257.64,16.4948,1.26875,3257.64,0.0,0.997549,25.2276
1200_dose_8_gradient_0_VconcST_0.04_Vconc_6.4_run_0.csv,1200.0,8.0,0,6.4,0.04,6.4,0,22.25,3321.43,16.1679,1.29359,3321.43,0.0,0.997596,25.077
1200_dose_8_gradient_0_VconcST_0.04_Vconc_6.4_run_0.csv,1200.0,8.0,0,6.4,0.04,6.4,0,22.5,3383.46,15.8475,1.31775,3383.46,0.0,0.99764,24.3671
1200_dose_8_gradient_0_VconcST_0.04_Vconc_6.4_run_0.csv,1200.0,8.0,0,6.4,0.04,6.4,0,22.75,3443.78,15.5334,1.34125,3443.78,0.0,0.997682,23.6346
1200_dose_8_gradient_0_VconcST_0.04_Vconc_6.4_run_0.csv,1200.0,8.0,0,6.4,0.04,6.4,0,23.0,3502.43,15.2256,1.36409,3502.43,0.0,0.99772,23.5104
1200_dose_8_gradient_0_VconcST_0.04_Vconc_6.4_run_0.csv,1200.0,8.0,0,6.4,0.04,6.4,0,23.25,3559.42,14.9238,1.38629,3559.42,0.0,0.997757,23.0471
1200_dose_8_gradient_0_VconcST_0.04_Vconc_6.4_run_0.csv,1200.0,8.0,0,6.4,0.04,6.4,0,23.5,3614.81,14.628,1.40786,3614.81,0.0,0.997791,22.9821
1200_dose_8_gradient_0_VconcST_0.04_Vconc_6.4_run_0.csv,1200.0,8.0,0,6.4,0.04,6.4,0,23.75,3668.63,14.3381,1.42882,3668.63,0.0,0.997824,22.5559
1200_dose_8_gradient_0_VconcST_0.04_Vconc_6.4_run_0.csv,1200.0,8.0,0,6.4,0.04,6.4,0,24.0,3720.9,14.054,1.44918,3720.9,0.0,0.997854,22.2394
1200_dose_8_gradient_0_VconcST_0.04_Vconc_6.4_run_0.csv,1200.0,8.0,0,6.4,0.04,6.4,0,24.25,3771.66,13.7754,1.46895,3771.66,0.0,0.997883,21.8876
1200_dose_8_gradient_0_VconcST_0.04_Vconc_6.4_run_0.csv,1200.0,8.0,0,6.4,0.04,6.4,0,24.5,3820.95,13.5024,1.48814,3820.95,0.0,0.99791,21.38
1200_dose_8_gradient_0_VconcST_0.04_Vconc_6.4_run_0.csv,1200.0,8.0,0,6.4,0.04,6.4,0,24.75,3868.78,13.2348,1.50677,3868.78,0.0,0.997936,21.1741
1200_dose_8_gradient_0_VconcST_0.04_Vconc_6.4_run_0.csv,1200.0,8.0,0,6.4,0.04,6.4,0,25.0,3915.83,20.9725,1.52509,3915.83,0.0,0.99796,20.9663
1200_dose_8_gradient_0_VconcST_0.04_Vconc_6.4_run_0.csv,1200.0,8.0,0,6.4,0.04,6.4,0,25.25,3997.78,20.5569,1.55701,3997.78,0.0,0.998002,20.6172
1200_dose_8_gradient_0_VconcST_0.04_Vconc_6.4_run_0.csv,1200.0,8.0,0,6.4,0.04,6.4,0,25.5,4077.51,20.1495,1.58807,4077.51,0.0,0.998041,20.0108
1200_dose_8_gradient_0_VconcST_0.04_Vconc_6.4_run_0.csv,1200.0,8.0,0,6.4,0.04,6.4,0,25.75,4155.06,19.7501,1.61827,4155.06,0.0,0.998078,19.925
1200_dose_8_gradient_0_VconcST_0.04_Vconc_6.4_run_0.csv,1200.0,8.0,0,6.4,0.04,6.4,0,26.0,4230.47,19.3587,1.64764,4230.47,0.0,0.998112,19.5279
1200_dose_8_gradient_0_VconcST_0.04_Vconc_6.4_run_0.csv,1200.0,8.0,0,6.4,0.04,6.4,0,26.25,4303.78,18.975,1.67619,4303.78,0.0,0.998144,19.0795
1200_dose_8_gradient_0_VconcST_0.04_Vconc_6.4_run_0.csv,1200.0,8.0,0,6.4,0.04,6.4,0,26.5,4375.05,18.599,1.70395,4375.05,0.0,0.998174,18.8386
1200_dose_8_gradient_0_VconcST_0.04_Vconc_6.4_run_0.csv,1200.0,8.0,0,6.4,0.04,6.4,0,26.75,4444.31,18.2304,1.73092,4444.31,0.0,0.998203,18.3919
1200_dose_8_gradient_0_VconcST_0.04_Vconc_6.4_run_0.csv,1200.0,8.0,0,6.4,0.04,6.4,0,27.0,4511.61,17.869,1.75713,4511.61,0.0,0.99823,18.0822
1200_dose_8_gradient_0_VconcST_0.04_Vconc_6.4_run_0.csv,1200.0,8.0,0,6.4,0.04,6.4,0,27.25,4576.98,17.5149,1.78259,4576.98,0.0,0.998255,18.0104
1200_dose_8_gradient_0_VconcST_0.04_Vconc_6.4_run_0.csv,1200.0,8.0,0,6.4,0.04,6.4,0,27.5,4640.47,17.1678,1.80732,4640.47,0.0,0.998279,17.6653
1200_dose_8_gradient_0_VconcST_0.04_Vconc_6.4_run_0.csv,1200.0,8.0,0,6.4,0.04,6.4,0,27.75,4702.12,16.8275,1.83133,4702.12,0.0,0.998301,17.5128
1200_dose_8_gradient_0_VconcST_0.04_Vconc_6.4_run_0.csv,1200.0,8.0,0,6.4,0.04,6.4,0,28.0,4761.96,16.494,1.85464,4761.96,0.0,0.998322,17.0557
1200_dose_8_gradient_0_VconcST_0.04_Vconc_6.4_run_0.csv,1200.0,8.0,0,6.4,0.04,6.4,0,28.25,4820.04,16.1671,1.87726,4820.04,0.0,0.998343,17.0219
1200_dose_8_gradient_0_VconcST_0.04_Vconc_6.4_run_0.csv,1200.0,8.0,0,6.4,0.04,6.4,0,28.5,4876.39,15.8467,1.8992,4876.39,0.0,0.998362,16.6688
1200_dose_8_gradient_0_VconcST_0.04_Vconc_6.4_run_0.csv,1200.0,8.0,0,6.4,0.04,6.4,0,28.75,4931.05,15.5326,1.92049,4931.05,0.0,0.99838,16.7105
1200_dose_8_gradient_0_VconcST_0.04_Vconc_3.2_run_0.csv,1200.0,8.0,0,3.2,0.04,3.2,0,0.0,0.0,0.0,0.0,0.0,0.0,0.0,0.0
1200_dose_8_gradient_0_VconcST_0.04_Vconc_3.2_run_0.csv,1200.0,8.0,0,3.2,0.04,3.2,0,0.25,0.0,0.0,0.0,0.0,0.0,0.0,8211.44
1200_dose_8_gradient_0_VconcST_0.04_Vconc_3.2_run_0.csv,1200.0,8.0,0,3.2,0.04,3.2,0,0.5,0.0,0.0,0.0,0.0,0.0,0.0,286.025
1200_dose_8_gradient_0_VconcST_0.04_Vconc_3.2_run_0.csv,1200.0,8.0,0,3.2,0.04,3.2,0,0.75,0.0,0.0,0.0,0.0,0.0,0.0,8462.11
1200_dose_8_gradient_0_VconcST_0.04_Vconc_3.2_run_0.csv,1200.0,8.0,0,3.2,0.04,3.2,0,1.0,0.0,0.0,0.0,0.0,0.0,0.0,293.935
1200_dose_8_gradient_0_VconcST_0.04_Vconc_3.2_run_0.csv,1200.0,8.0,0,3.2,0.04,3.2,0,1.25,0.0,0.0,0.0,0.0,0.0,0.0,8266.83
1200_dose_8_gradient_0_VconcST_0.04_Vconc_3.2_run_0.csv,1200.0,8.0,0,3.2,0.04,3.2,0,1.5,0.0,0.0,0.0,0.0,0.0,0.0,289.138
1200_dose_8_gradient_0_VconcST_0.04_Vconc_3.2_run_0.csv,1200.0,8.0,0,3.2,0.04,3.2,0,1.75,0.0,0.0,0.0,0.0,0.0,0.0,7893.12
1200_dose_8_gradient_0_VconcST_0.04_Vconc_3.2_run_0.csv,1200.0,8.0,0,3.2,0.04,3.2,0,2.0,0.0,0.0,0.0,0.0,0.0,0.0,282.406
1200_dose_8_gradient_0_VconcST_0.04_Vconc_3.2_run_0.csv,1200.0,8.0,0,3.2,0.04,3.2,0,2.25,0.0,0.0,0.0,0.0,0.0,0.0,8704.38
1200_dose_8_gradient_0_VconcST_0.04_Vconc_3.2_run_0.csv,1200.0,8.0,0,3.2,0.04,3.2,0,2.5,0.0,0.0,0.0,0.0,0.0,0.0,283.399
1200_dose_8_gradient_0_VconcST_0.04_Vconc_3.2_run_0.csv,1200.0,8.0,0,3.2,0.04,3.2,0,2.75,0.0,0.0,0.0,0.0,0.0,0.0,8806.65
1200_dose_8_gradient_0_VconcST_0.04_Vconc_3.2_run_0.csv,1200.0,8.0,0,3.2,0.04,3.2,0,3.0,0.0,0.0,0.0,0.0,0.0,0.0,302.494
1200_dose_8_gradient_0_VconcST_0.04_Vconc_3.2_run_0.csv,1200.0,8.0,0,3.2,0.04,3.2,0,3.25,0.0,0.0,0.0,0.0,0.0,0.0,8783.74
1200_dose_8_gradient_0_VconcST_0.04_Vconc_3.2_run_0.csv,1200.0,8.0,0,3.2,0.04,3.2,0,3.5,0.0,0.0,0.0,0.0,0.0,0.0,294.634
1200_dose_8_gradient_0_VconcST_0.04_Vconc_3.2_run_0.csv,1200.0,8.0,0,3.2,0.04,3.2,0,3.75,0.0,0.0,0.0,0.0,0.0,0.0,8052.67
1200_dose_8_gradient_0_VconcST_0.04_Vconc_3.2_run_0.csv,1200.0,8.0,0,3.2,0.04,3.2,0,4.0,0.0,0.0,0.0,0.0,0.0,0.0,290.193
1200_dose_8_gradient_0_VconcST_0.04_Vconc_3.2_run_0.csv,1200.0,8.0,0,3.2,0.04,3.2,0,4.25,0.0,0.0,0.0,0.0,0.0,0.0,8440.32
1200_dose_8_gradient_0_VconcST_0.04_Vconc_3.2_run_0.csv,1200.0,8.0,0,3.2,0.04,3.2,0,4.5,0.0,0.0,0.0,0.0,0.0,0.0,294.874
1200_dose_8_gradient_0_VconcST_0.04_Vconc_3.2_run_0.csv,1200.0,8.0,0,3.2,0.04,3.2,0,4.75,0.0,0.0,0.0,0.0,0.0,0.0,8902.51
1200_dose_8_gradient_0_VconcST_0.04_Vconc_3.2_run_0.csv,1200.0,8.0,0,3.2,0.04,3.2,0,5.0,0.6229,8.0,0.0002426,0.6229,0.0,0.0,298.96
1200_dose_8_gradient_0_VconcST_0.04_Vconc_3.2_run_0.csv,1200.0,8.0,0,3.2,0.04,3.2,0,5.25,37.5475,7.84145,0.0146236,37.5475,0.0,0.821982,1300.03
1200_dose_8_gradient_0_VconcST_0.04_Vconc_3.2_run_0.csv,1200.0,8.0,0,3.2,0.04,3.2,0,5.5,73.6004,7.68604,0.0286651,73.6004,0.0,0.901243,476.845
1200_dose_8_gradient_0_VconcST_0.04_Vconc_3.2_run_0.csv,1200.0,8.0,0,3.2,0.04,3.2,0,5.75,108.799,7.53371,0.0423739,108.799,0.0,0.931165,353.328
1200_dose_8_gradient_0_VconcST_0.04_Vconc_3.2_run_0.csv,1200.0,8.0,0,3.2,0.04,3.2,0,6.0,143.161,7.3844,0.0557568,143.161,0.0,0.946877,274.362
1200_dose_8_gradient_0_VconcST_0.04_Vconc_3.2_run_0.csv,1200.0,8.0,0,3.2,0.04,3.2,0,6.25,176.704,7.23805,0.0688207,176.704,0.0,0.956557,223.737
1200_dose_8_gradient_0_VconcST_0.04_Vconc_3.2_run_0.csv,1200.0,8.0,0,3.2,0.04,3.2,0,6.5,209.444,7.0946,0.0815718,209.444,0.0,0.963117,196.271
1200_dose_8_gradient_0_VconcST_0.04_Vconc_3.2_run_0.csv,1200.0,8.0,0,3.2,0.04,3.2,0,6.75,241.397,6.954,0.0940168,241.397,0.0,0.967855,167.524
1200_dose_8_gradient_0_VconcST_0.04_Vconc_3.2_run_0.csv,1200.0,8.0,0,3.2,0.04,3.2,0,7.0,272.581,6.81618,0.106162,272.581,0.0,0.971435,149.601
1200_dose_8_gradient_0_VconcST_0.04_Vconc_3.2_run_0.csv,1200.0,8.0,0,3.2,0.04,3.2,0,7.25,303.01,6.68109,0.118013,303.01,0.0,0.974236,134.927
1200_dose_8_gradient_0_VconcST_0.04_Vconc_3.2_run_0.csv,1200.0,8.0,0,3.2,0.04,3.2,0,7.5,332.7,6.54868,0.129576,332.7,0.0,0.976485,124.27
1200_dose_8_gradient_0_VconcST_0.04_Vconc_3.2_run_0.csv,1200.0,8.0,0,3.2,0.04,3.2,0,7.75,361.666,6.41889,0.140858,361.666,0.0,0.978331,115.409
1200_dose_8_gradient_0_VconcST_0.04_Vconc_3.2_run_0.csv,1200.0,8.0,0,3.2,0.04,3.2,0,8.0,389.923,6.29168,0.151863,389.923,0.0,0.979872,105.177
1200_dose_8_gradient_0_VconcST_0.04_Vconc_3.2_run_0.csv,1200.0,8.0,0,3.2,0.04,3.2,0,8.25,417.486,6.16698,0.162598,417.486,0.0,0.981178,99.9731
1200_dose_8_gradient_0_VconcST_0.04_Vconc_3.2_run_0.csv,1200.0,8.0,0,3.2,0.04,3.2,0,8.5,444.369,6.04476,0.173068,444.369,0.0,0.982298,93.1737
1200_dose_8_gradient_0_VconcST_0.04_Vconc_3.2_run_0.csv,1200.0,8.0,0,3.2,0.04,3.2,0,8.75,470.586,5.92496,0.183279,470.586,0.0,0.983269,87.2207
1200_dose_8_gradient_0_VconcST_0.04_Vconc_3.2_run_0.csv,1200.0,8.0,0,3.2,0.04,3.2,0,9.0,496.151,5.80754,0.193236,496.151,0.0,0.984118,83.3888
1200_dose_8_gradient_0_VconcST_0.04_Vconc_3.2_run_0.csv,1200.0,8.0,0,3.2,0.04,3.2,0,9.25,521.077,5.69244,0.202943,521.077,0.0,0.984868,79.6935
1200_dose_8_gradient_0_VconcST_0.04_Vconc_3.2_run_0.csv,1200.0,8.0,0,3.2,0.04,3.2,0,9.5,545.377,5.57962,0.212407,545.377,0.0,0.985533,76.0391
1200_dose_8_gradient_0_VconcST_0.04_Vconc_3.2_run_0.csv,1200.0,8.0,0,3.2,0.04,3.2,0,9.75,569.063,5.46904,0.221633,569.063,0.0,0.986127,71.6046
1200_dose_8_gradient_0_VconcST_0.04_Vconc_3.2_run_0.csv,1200.0,8.0,0,3.2,0.04,3.2,0,10.0,592.773,13.3606,0.230867,592.773,0.0,0.986662,69.4156
1200_dose_8_gradient_0_VconcST_0.04_Vconc_3.2_run_0.csv,1200.0,8.0,0,3.2,0.04,3.2,0,10.25,652.196,13.0959,0.25401,652.196,0.0,0.987864,64.054
1200_dose_8_gradient_0_VconcST_0.04_Vconc_3.2_run_0.csv,1200.0,8.0,0,3.2,0.04,3.2,0,10.5,710.172,12.8363,0.27659,710.172,0.0,0.988846,59.5208
1200_dose_8_gradient_0_VconcST_0.04_Vconc_3.2_run_0.csv,1200.0,8.0,0,3.2,0.04,3.2,0,10.75,766.73,12.5819,0.298617,766.73,0.0,0.989661,55.5562
1200_dose_8_gradient_0_VconcST_0.04_Vconc_3.2_run_0.csv,1200.0,8.0,0,3.2,0.04,3.2,0,11.0,821.899,12.3326,0.320104,821.899,0.0,0.99035,51.0409
1200_dose_8_gradient_0_VconcST_0.04_Vconc_3.2_run_0.csv,1200.0,8.0,0,3.2,0.04,3.2,0,11.25,875.707,12.0881,0.341061,875.707,0.0,0.990938,47.1407
1200_dose_8_gradient_0_VconcST_0.04_Vconc_3.2_run_0.csv,1200.0,8.0,0,3.2,0.04,3.2,0,11.5,928.184,11.8486,0.361499,928.184,0.0,0.991447,44.7998
1200_dose_8_gradient_0_VconcST_0.04_Vconc_3.2_run_0.csv,1200.0,8.0,0,3.2,0.04,3.2,0,11.75,979.356,11.6137,0.381429,979.356,0.0,0.991891,41.8349
1200_dose_8_gradient_0_VconcST_0.04_Vconc_3.2_run_0.csv,1200.0,8.0,0,3.2,0.04,3.2,0,12.0,1029.25,11.3836,0.400861,1029.25,0.0,0.992281,40.0851
1200_dose_8_gradient_0_VconcST_0.04_Vconc_3.2_run_0.csv,1200.0,8.0,0,3.2,0.04,3.2,0,12.25,1077.89,11.158,0.419805,1077.89,0.0,0.992627,38.5776
1200_dose_8_gradient_0_VconcST_0.04_Vconc_3.2_run_0.csv,1200.0,8.0,0,3.2,0.04,3.2,0,12.5,1125.31,10.9368,0.438273,1125.31,0.0,0.992936,36.2819
1200_dose_8_gradient_0_VconcST_0.04_Vconc_3.2_run_0.csv,1200.0,8.0,0,3.2,0.04,3.2,0,12.75,1171.52,10.7201,0.456272,1171.52,0.0,0.993213,35.4908
1200_dose_8_gradient_0_VconcST_0.04_Vconc_3.2_run_0.csv,1200.0,8.0,0,3.2,0.04,3.2,0,13.0,1216.56,10.5076,0.473814,1216.56,0.0,0.993463,34.2546
1200_dose_8_gradient_0_VconcST_0.04_Vconc_3.2_run_0.csv,1200.0,8.0,0,3.2,0.04,3.2,0,13.25,1260.45,10.2994,0.490908,1260.45,0.0,0.99369,32.7598
1200_dose_8_gradient_0_VconcST_0.04_Vconc_3.2_run_0.csv,1200.0,8.0,0,3.2,0.04,3.2,0,13.5,1303.21,10.0952,0.507562,1303.21,0.0,0.993896,31.7739
1200_dose_8_gradient_0_VconcST_0.04_Vconc_3.2_run_0.csv,1200.0,8.0,0,3.2,0.04,3.2,0,13.75,1344.87,9.89516,0.523786,1344.87,0.0,0.994084,30.4618
1200_dose_8_gradient_0_VconcST_0.04_Vconc_3.2_run_0.csv,1200.0,8.0,0,3.2,0.04,3.2,0,14.0,1385.45,9.69905,0.539589,1385.45,0.0,0.994256,29.7974
1200_dose_8_gradient_0_VconcST_0.04_Vconc_3.2_run_0.csv,1200.0,8.0,0,3.2,0.04,3.2,0,14.25,1424.96,9.50683,0.554979,1424.96,0.0,0.994415,29.0809
1200_dose_8_gradient_0_VconcST_0.04_Vconc_3.2_run_0.csv,1200.0,8.0,0,3.2,0.04,3.2,0,14.5,1463.44,9.31841,0.569965,1463.44,0.0,0.994561,28.0238
1200_dose_8_gradient_0_VconcST_0.04_Vconc_3.2_run_0.csv,1200.0,8.0,0,3.2,0.04,3.2,0,14.75,1500.91,9.13373,0.584556,1500.91,0.0,0.994696,27.2724
1200_dose_8_gradient_0_VconcST_0.04_Vconc_3.2_run_0.csv,1200.0,8.0,0,3.2,0.04,3.2,0,15.0,1538.0,16.9527,0.599002,1538.0,0.0,0.994821,26.8334
1200_dose_8_gradient_0_VconcST_0.04_Vconc_3.2_run_0.csv,1200.0,8.0,0,3.2,0.04,3.2,0,15.25,1610.42,16.6167,0.627208,1610.42,0.0,0.995053,25.5449
1200_dose_8_gradient_0_VconcST_0.04_Vconc_3.2_run_0.csv,1200.0,8.0,0,3.2,0.04,3.2,0,15.5,1681.01,16.2874,0.654702,1681.01,0.0,0.99526,24.6784
1200_dose_8_gradient_0_VconcST_0.04_Vconc_3.2_run_0.csv,1200.0,8.0,0,3.2,0.04,3.2,0,15.75,1749.82,15.9646,0.6815,1749.82,0.0,0.995446,23.5789
1200_dose_8_gradient_0_VconcST_0.04_Vconc_3.2_run_0.csv,1200.0,8.0,0,3.2,0.04,3.2,0,16.0,1816.87,15.6482,0.707616,1816.87,0.0,0.995613,22.6193
1200_dose_8_gradient_0_VconcST_0.04_Vconc_3.2_run_0.csv,1200.0,8.0,0,3.2,0.04,3.2,0,16.25,1882.21,15.3381,0.733064,1882.21,0.0,0.995765,21.9679
1200_dose_8_gradient_0_VconcST_0.04_Vconc_3.2_run_0.csv,1200.0,8.0,0,3.2,0.04,3.2,0,16.5,1945.88,15.0341,0.757859,1945.88,0.0,0.995903,21.0767
1200_dose_8_gradient_0_VconcST_0.04_Vconc_3.2_run_0.csv,1200.0,8.0,0,3.2,0.04,3.2,0,16.75,2007.89,14.7361,0.782012,2007.89,0.0,0.996029,20.1984
1200_dose_8_gradient_0_VconcST_0.04_Vconc_3.2_run_0.csv,1200.0,8.0,0,3.2,0.04,3.2,0,17.0,2068.3,14.4441,0.805538,2068.3,0.0,0.996145,19.9218
1200_dose_8_gradient_0_VconcST_0.04_Vconc_3.2_run_0.csv,1200.0,8.0,0,3.2,0.04,3.2,0,17.25,2127.13,14.1578,0.828451,2127.13,0.0,0.996251,19.2912
1200_dose_8_gradient_0_VconcST_0.04_Vconc_3.2_run_0.csv,1200.0,8.0,0,3.2,0.04,3.2,0,17.5,2184.41,13.8772,0.850761,2184.41,0.0,0.99635,18.9096
1200_dose_8_gradient_0_VconcST_0.04_Vconc_3.2_run_0.csv,1200.0,8.0,0,3.2,0.04,3.2,0,17.75,2240.19,13.6022,0.872483,2240.19,0.0,0.99644,18.3125
1200_dose_8_gradient_0_VconcST_0.04_Vconc_3.2_run_0.csv,1200.0,8.0,0,3.2,0.04,3.2,0,18.0,2294.48,13.3326,0.893628,2294.48,0.0,0.996524,17.8291
1200_dose_8_gradient_0_VconcST_0.04_Vconc_3.2_run_0.csv,1200.0,8.0,0,3.2,0.04,3.2,0,18.25,2347.32,13.0684,0.914208,2347.32,0.0,0.996602,17.4614
1200_dose_8_gradient_0_VconcST_0.04_Vconc_3.2_run_0.csv,1200.0,8.0,0,3.2,0.04,3.2,0,18.5,2398.74,12.8094,0.934235,2398.74,0.0,0.996675,17.1638
1200_dose_8_gradient_0_VconcST_0.04_Vconc_3.2_run_0.csv,1200.0,8.0,0,3.2,0.04,3.2,0,18.75,2448.77,12.5555,0.95372,2448.77,0.0,0.996743,16.7637
1200_dose_8_gradient_0_VconcST_0.04_Vconc_3.2_run_0.csv,1200.0,8.0,0,3.2,0.04,3.2,0,19.0,2497.44,12.3067,0.972675,2497.44,0.0,0.996806,16.3354
1200_dose_8_gradient_0_VconcST_0.04_Vconc_3.2_run_0.csv,1200.0,8.0,0,3.2,0.04,3.2,0,19.25,2544.78,12.0628,0.991111,2544.78,0.0,0.996865,16.1818
1200_dose_8_gradient_0_VconcST_0.04_Vconc_3.2_run_0.csv,1200.0,8.0,0,3.2,0.04,3.2,0,19.5,2590.81,11.8237,1.00904,2590.81,0.0,0.996921,15.6796
1200_dose_8_gradient_0_VconcST_0.04_Vconc_3.2_run_0.csv,1200.0,8.0,0,3.2,0.04,3.2,0,19.75,2635.56,11.5894,1.02647,2635.56,0.0,0.996973,15.5314
1200_dose_8_gradient_0_VconcST_0.04_Vconc_3.2_run_0.csv,1200.0,8.0,0,3.2,0.04,3.2,0,20.0,2679.69,19.3597,1.04365,2679.69,0.0,0.997022,15.2585
1200_dose_8_gradient_0_VconcST_0.04_Vconc_3.2_run_0.csv,1200.0,8.0,0,3.2,0.04,3.2,0,20.25,2758.89,18.976,1.0745,2758.89,0.0,0.997107,14.9242
1200_dose_8_gradient_0_VconcST_0.04_Vconc_3.2_run_0.csv,1200.0,8.0,0,3.2,0.04,3.2,0,20.5,2836.02,18.5999,1.10454,2836.02,0.0,0.997186,14.3606
1200_dose_8_gradient_0_VconcST_0.04_Vconc_3.2_run_0.csv,1200.0,8.0,0,3.2,0.04,3.2,0,20.75,2911.12,18.2313,1.13379,2911.12,0.0,0.997258,14.0711
1200_dose_8_gradient_0_VconcST_0.04_Vconc_3.2_run_0.csv,1200.0,8.0,0,3.2,0.04,3.2,0,21.0,2984.23,17.87,1.16227,2984.23,0.0,0.997325,13.8294
1200_dose_8_gradient_0_VconcST_0.04_Vconc_3.2_run_0.csv,1200.0,8.0,0,3.2,0.04,3.2,0,21.25,3055.4,17.5158,1.18998,3055.4,0.0,0.997388,13.4211
1200_dose_8_gradient_0_VconcST_0.04_Vconc_3.2_run_0.csv,1200.0,8.0,0,3.2,0.04,3.2,0,21.5,3124.67,17.1686,1.21696,3124.67,0.0,0.997445,13.1562
1200_dose_8_gradient_0_VconcST_0.04_Vconc_3.2_run_0.csv,1200.0,8.0,0,3.2,0.04,3.2,0,21.75,3192.07,16.8284,1.24321,3192.07,0.0,0.997499,12.7308
1200_dose_8_gradient_0_VconcST_0.04_Vconc_3.2_run_0.csv,1200.0,8.0,0,3.2,0.04,3.2,0,22.0,3257.64,16.4948,1.26875,3257.64,0.0,0.997549,12.5531
1200_dose_8_gradient_0_VconcST_0.04_Vconc_3.2_run_0.csv,1200.0,8.0,0,3.2,0.04,3.2,0,22.25,3321.43,16.1679,1.29359,3321.43,0.0,0.997596,12.277
1200_dose_8_gradient_0_VconcST_0.04_Vconc_3.2_run_0.csv,1200.0,8.0,0,3.2,0.04,3.2,0,22.5,3383.46,15.8475,1.31775,3383.46,0.0,0.99764,12.1051
1200_dose_8_gradient_0_VconcST_0.04_Vconc_3.2_run_0.csv,1200.0,8.0,0,3.2,0.04,3.2,0,22.75,3443.78,15.5334,1.34125,3443.78,0.0,0.997682,11.84
1200_dose_8_gradient_0_VconcST_0.04_Vconc_3.2_run_0.csv,1200.0,8.0,0,3.2,0.04,3.2,0,23.0,3502.43,15.2256,1.36409,3502.43,0.0,0.99772,11.7048
1200_dose_8_gradient_0_VconcST_0.04_Vconc_3.2_run_0.csv,1200.0,8.0,0,3.2,0.04,3.2,0,23.25,3559.42,14.9238,1.38629,3559.42,0.0,0.997757,11.5378
1200_dose_8_gradient_0_VconcST_0.04_Vconc_3.2_run_0.csv,1200.0,8.0,0,3.2,0.04,3.2,0,23.5,3614.81,14.628,1.40786,3614.81,0.0,0.997791,11.3001
1200_dose_8_gradient_0_VconcST_0.04_Vconc_3.2_run_0.csv,1200.0,8.0,0,3.2,0.04,3.2,0,23.75,3668.63,14.3381,1.42882,3668.63,0.0,0.997824,11.116
1200_dose_8_gradient_0_VconcST_0.04_Vconc_3.2_run_0.csv,1200.0,8.0,0,3.2,0.04,3.2,0,24.0,3720.9,14.054,1.44918,3720.9,0.0,0.997854,10.9905
1200_dose_8_gradient_0_VconcST_0.04_Vconc_3.2_run_0.csv,1200.0,8.0,0,3.2,0.04,3.2,0,24.25,3771.66,13.7754,1.46895,3771.66,0.0,0.997883,10.7615
1200_dose_8_gradient_0_VconcST_0.04_Vconc_3.2_run_0.csv,1200.0,8.0,0,3.2,0.04,3.2,0,24.5,3820.95,13.5024,1.48814,3820.95,0.0,0.99791,10.6975
1200_dose_8_gradient_0_VconcST_0.04_Vconc_3.2_run_0.csv,1200.0,8.0,0,3.2,0.04,3.2,0,24.75,3868.78,13.2348,1.50677,3868.78,0.0,0.997936,10.5306
1200_dose_8_gradient_0_VconcST_0.04_Vconc_3.2_run_0.csv,1200.0,8.0,0,3.2,0.04,3.2,0,25.0,3915.83,20.9725,1.52509,3915.83,0.0,0.99796,10.4336
1200_dose_8_gradient_0_VconcST_0.04_Vconc_3.2_run_0.csv,1200.0,8.0,0,3.2,0.04,3.2,0,25.25,3997.78,20.5569,1.55701,3997.78,0.0,0.998002,10.1692
1200_dose_8_gradient_0_VconcST_0.04_Vconc_3.2_run_0.csv,1200.0,8.0,0,3.2,0.04,3.2,0,25.5,4077.51,20.1495,1.58807,4077.51,0.0,0.998041,9.96865
1200_dose_8_gradient_0_VconcST_0.04_Vconc_3.2_run_0.csv,1200.0,8.0,0,3.2,0.04,3.2,0,25.75,4155.06,19.7501,1.61827,4155.06,0.0,0.998078,9.84085
1200_dose_8_gradient_0_VconcST_0.04_Vconc_3.2_run_0.csv,1200.0,8.0,0,3.2,0.04,3.2,0,26.0,4230.47,19.3587,1.64764,4230.47,0.0,0.998112,9.59477
1200_dose_8_gradient_0_VconcST_0.04_Vconc_3.2_run_0.csv,1200.0,8.0,0,3.2,0.04,3.2,0,26.25,4303.78,18.975,1.67619,4303.78,0.0,0.998144,9.49849
1200_dose_8_gradient_0_VconcST_0.04_Vconc_3.2_run_0.csv,1200.0,8.0,0,3.2,0.04,3.2,0,26.5,4375.05,18.599,1.70395,4375.05,0.0,0.998174,9.34641
1200_dose_8_gradient_0_VconcST_0.04_Vconc_3.2_run_0.csv,1200.0,8.0,0,3.2,0.04,3.2,0,26.75,4444.31,18.2304,1.73092,4444.31,0.0,0.998203,9.18324
1200_dose_8_gradient_0_VconcST_0.04_Vconc_3.2_run_0.csv,1200.0,8.0,0,3.2,0.04,3.2,0,27.0,4511.61,17.869,1.75713,4511.61,0.0,0.99823,9.03707
1200_dose_8_gradient_0_VconcST_0.04_Vconc_3.2_run_0.csv,1200.0,8.0,0,3.2,0.04,3.2,0,27.25,4576.98,17.5149,1.78259,4576.98,0.0,0.998255,8.95574
1200_dose_8_gradient_0_VconcST_0.04_Vconc_3.2_run_0.csv,1200.0,8.0,0,3.2,0.04,3.2,0,27.5,4640.47,17.1678,1.80732,4640.47,0.0,0.998279,8.76928
1200_dose_8_gradient_0_VconcST_0.04_Vconc_3.2_run_0.csv,1200.0,8.0,0,3.2,0.04,3.2,0,27.75,4702.12,16.8275,1.83133,4702.12,0.0,0.998301,8.6778
1200_dose_8_gradient_0_VconcST_0.04_Vconc_3.2_run_0.csv,1200.0,8.0,0,3.2,0.04,3.2,0,28.0,4761.96,16.494,1.85464,4761.96,0.0,0.998322,8.61968
1200_dose_8_gradient_0_VconcST_0.04_Vconc_3.2_run_0.csv,1200.0,8.0,0,3.2,0.04,3.2,0,28.25,4820.04,16.1671,1.87726,4820.04,0.0,0.998343,8.47562
1200_dose_8_gradient_0_VconcST_0.04_Vconc_3.2_run_0.csv,1200.0,8.0,0,3.2,0.04,3.2,0,28.5,4876.39,15.8467,1.8992,4876.39,0.0,0.998362,8.35574
1200_dose_8_gradient_0_VconcST_0.04_Vconc_3.2_run_0.csv,1200.0,8.0,0,3.2,0.04,3.2,0,28.75,4931.05,15.5326,1.92049,4931.05,0.0,0.99838,8.26324
1200_dose_8_gradient_0_VconcST_0.04_Vconc_0.8_run_0.csv,1200.0,8.0,0,0.8,0.04,0.8,0,0.0,0.0,0.0,0.0,0.0,0.0,0.0,0.0
1200_dose_8_gradient_0_VconcST_0.04_Vconc_0.8_run_0.csv,1200.0,8.0,0,0.8,0.04,0.8,0,0.25,0.0,0.0,0.0,0.0,0.0,0.0,1310.1
1200_dose_8_gradient_0_VconcST_0.04_Vconc_0.8_run_0.csv,1200.0,8.0,0,0.8,0.04,0.8,0,0.5,0.0,0.0,0.0,0.0,0.0,0.0,856.289
1200_dose_8_gradient_0_VconcST_0.04_Vconc_0.8_run_0.csv,1200.0,8.0,0,0.8,0.04,0.8,0,0.75,0.0,0.0,0.0,0.0,0.0,0.0,956.542
1200_dose_8_gradient_0_VconcST_0.04_Vconc_0.8_run_0.csv,1200.0,8.0,0,0.8,0.04,0.8,0,1.0,0.0,0.0,0.0,0.0,0.0,0.0,1018.62
1200_dose_8_gradient_0_VconcST_0.04_Vconc_0.8_run_0.csv,1200.0,8.0,0,0.8,0.04,0.8,0,1.25,0.0,0.0,0.0,0.0,0.0,0.0,934.992
1200_dose_8_gradient_0_VconcST_0.04_Vconc_0.8_run_0.csv,1200.0,8.0,0,0.8,0.04,0.8,0,1.5,0.0,0.0,0.0,0.0,0.0,0.0,1021.81
1200_dose_8_gradient_0_VconcST_0.04_Vconc_0.8_run_0.csv,1200.0,8.0,0,0.8,0.04,0.8,0,1.75,0.0,0.0,0.0,0.0,0.0,0.0,942.435
1200_dose_8_gradient_0_VconcST_0.04_Vconc_0.8_run_0.csv,1200.0,8.0,0,0.8,0.04,0.8,0,2.0,0.0,0.0,0.0,0.0,0.0,0.0,1002.47
1200_dose_8_gradient_0_VconcST_0.04_Vconc_0.8_run_0.csv,1200.0,8.0,0,0.8,0.04,0.8,0,2.25,0.0,0.0,0.0,0.0,0.0,0.0,1083.48
1200_dose_8_gradient_0_VconcST_0.04_Vconc_0.8_run_0.csv,1200.0,8.0,0,0.8,0.04,0.8,0,2.5,0.0,0.0,0.0,0.0,0.0,0.0,1120.27
1200_dose_8_gradient_0_VconcST_0.04_Vconc_0.8_run_0.csv,1200.0,8.0,0,0.8,0.04,0.8,0,2.75,0.0,0.0,0.0,0.0,0.00746745,0.0,1363.54
1200_dose_8_gradient_0_VconcST_0.04_Vconc_0.8_run_0.csv,1200.0,8.0,0,0.8,0.04,0.8,0,3.0,0.0,0.0,0.0,0.0,0.0521289,0.0,1812.08
1200_dose_8_gradient_0_VconcST_0.04_Vconc_0.8_run_0.csv,1200.0,8.0,0,0.8,0.04,0.8,0,3.25,0.0,0.0,0.0,0.0,0.12804,0.0,1911.63
1200_dose_8_gradient_0_VconcST_0.04_Vconc_0.8_run_0.csv,1200.0,8.0,0,0.8,0.04,0.8,0,3.5,0.0,0.0,0.0,0.0,0.235202,0.0,2045.25
1200_dose_8_gradient_0_VconcST_0.04_Vconc_0.8_run_0.csv,1200.0,8.0,0,0.8,0.04,0.8,0,3.75,0.0,0.0,0.0,0.0,0.373613,0.0,2103.01
1200_dose_8_gradient_0_VconcST_0.04_Vconc_0.8_run_0.csv,1200.0,8.0,0,0.8,0.04,0.8,0,4.0,0.0,0.0,0.0,0.0,0.543275,0.0,2022.7
1200_dose_8_gradient_0_VconcST_0.04_Vconc_0.8_run_0.csv,1200.0,8.0,0,0.8,0.04,0.8,0,4.25,0.0,0.0,0.0,0.0,0.744186,0.0,2190.81
1200_dose_8_gradient_0_VconcST_0.04_Vconc_0.8_run_0.csv,1200.0,8.0,0,0.8,0.04,0.8,0,4.5,0.0,0.0,0.0,0.0,0.913542,0.0,2132.88
1200_dose_8_gradient_0_VconcST_0.04_Vconc_0.8_run_0.csv,1200.0,8.0,0,0.8,0.04,0.8,0,4.75,0.0,0.0,0.0,0.0,1.0,0.0,2211.08
1200_dose_8_gradient_0_VconcST_0.04_Vconc_0.8_run_0.csv,1200.0,8.0,0,0.8,0.04,0.8,0,5.0,0.6229,8.0,0.0002426,0.6229,1.0,0.0,2141.16
1200_dose_8_gradient_0_VconcST_0.04_Vconc_0.8_run_0.csv,1200.0,8.0,0,0.8,0.04,0.8,0,5.25,37.5475,7.84145,0.0146236,37.5475,0.0,0.821982,270.413
1200_dose_8_gradient_0_VconcST_0.04_Vconc_0.8_run_0.csv,1200.0,8.0,0,0.8,0.04,0.8,0,5.5,73.6004,7.68604,0.0286651,73.6004,0.0,0.901243,136.519
1200_dose_8_gradient_0_VconcST_0.04_Vconc_0.8_run_0.csv,1200.0,8.0,0,0.8,0.04,0.8,0,5.75,108.799,7.53371,0.0423739,108.799,0.0,0.931165,93.2085
1200_dose_8_gradient_0_VconcST_0.04_Vconc_0.8_run_0.csv,1200.0,8.0,0,0.8,0.04,0.8,0,6.0,143.161,7.3844,0.0557568,143.161,0.0,0.946877,72.2311
1200_dose_8_gradient_0_VconcST_0.04_Vconc_0.8_run_0.csv,1200.0,8.0,0,0.8,0.04,0.8,0,6.25,176.704,7.23805,0.0688207,176.704,0.0,0.956557,57.9301
1200_dose_8_gradient_0_VconcST_0.04_Vconc_0.8_run_0.csv,1200.0,8.0,0,0.8,0.04,0.8,0,6.5,209.444,7.0946,0.0815718,209.444,0.0,0.963117,48.2622
1200_dose_8_gradient_0_VconcST_0.04_Vconc_0.8_run_0.csv,1200.0,8.0,0,0.8,0.04,0.8,0,6.75,241.397,6.954,0.0940168,241.397,0.0,0.967855,42.4854
1200_dose_8_gradient_0_VconcST_0.04_Vconc_0.8_run_0.csv,1200.0,8.0,0,0.8,0.04,0.8,0,7.0,272.581,6.81618,0.106162,272.581,0.0,0.971435,37.9305
1200_dose_8_gradient_0_VconcST_0.04_Vconc_0.8_run_0.csv,1200.0,8.0,0,0.8,0.04,0.8,0,7.25,303.01,6.68109,0.118013,303.01,0.0,0.974236,33.6629
1200_dose_8_gradient_0_VconcST_0.04_Vconc_0.8_run_0.csv,1200.0,8.0,0,0.8,0.04,0.8,0,7.5,332.7,6.54868,0.129576,332.7,0.0,0.976485,30.5802
1200_dose_8_gradient_0_VconcST_0.04_Vconc_0.8_run_0.csv,1200.0,8.0,0,0.8,0.04,0.8,0,7.75,361.666,6.41889,0.140858,361.666,0.0,0.978331,28.1876
1200_dose_8_gradient_0_VconcST_0.04_Vconc_0.8_run_0.csv,1200.0,8.0,0,0.8,0.04,0.8,0,8.0,389.923,6.29168,0.151863,389.923,0.0,0.979872,26.1586
1200_dose_8_gradient_0_VconcST_0.04_Vconc_0.8_run_0.csv,1200.0,8.0,0,0.8,0.04,0.8,0,8.25,417.486,6.16698,0.162598,417.486,0.0,0.981178,24.4078
1200_dose_8_gradient_0_VconcST_0.04_Vconc_0.8_run_0.csv,1200.0,8.0,0,0.8,0.04,0.8,0,8.5,444.369,6.04476,0.173068,444.369,0.0,0.982298,23.046
1200_dose_8_gradient_0_VconcST_0.04_Vconc_0.8_run_0.csv,1200.0,8.0,0,0.8,0.04,0.8,0,8.75,470.586,5.92496,0.183279,470.586,0.0,0.983269,21.7989
1200_dose_8_gradient_0_VconcST_0.04_Vconc_0.8_run_0.csv,1200.0,8.0,0,0.8,0.04,0.8,0,9.0,496.151,5.80754,0.193236,496.151,0.0,0.984118,20.5502
1200_dose_8_gradient_0_VconcST_0.04_Vconc_0.8_run_0.csv,1200.0,8.0,0,0.8,0.04,0.8,0,9.25,521.077,5.69244,0.202943,521.077,0.0,0.984868,19.5813
1200_dose_8_gradient_0_VconcST_0.04_Vconc_0.8_run_0.csv,1200.0,8.0,0,0.8,0.04,0.8,0,9.5,545.377,5.57962,0.212407,545.377,0.0,0.985533,18.711
1200_dose_8_gradient_0_VconcST_0.04_Vconc_0.8_run_0.csv,1200.0,8.0,0,0.8,0.04,0.8,0,9.75,569.063,5.46904,0.221633,569.063,0.0,0.986127,17.8119
1200_dose_8_gradient_0_VconcST_0.04_Vconc_0.8_run_0.csv,1200.0,8.0,0,0.8,0.04,0.8,0,10.0,592.773,13.3606,0.230867,592.773,0.0,0.986662,17.0487
1200_dose_8_gradient_0_VconcST_0.04_Vconc_0.8_run_0.csv,1200.0,8.0,0,0.8,0.04,0.8,0,10.25,652.196,13.0959,0.25401,652.196,0.0,0.987864,15.626
1200_dose_8_gradient_0_VconcST_0.04_Vconc_0.8_run_0.csv,1200.0,8.0,0,0.8,0.04,0.8,0,10.5,710.172,12.8363,0.27659,710.172,0.0,0.988846,14.4049
1200_dose_8_gradient_0_VconcST_0.04_Vconc_0.8_run_0.csv,1200.0,8.0,0,0.8,0.04,0.8,0,10.75,766.73,12.5819,0.298617,766.73,0.0,0.989661,13.3798
1200_dose_8_gradient_0_VconcST_0.04_Vconc_0.8_run_0.csv,1200.0,8.0,0,0.8,0.04,0.8,0,11.0,821.899,12.3326,0.320104,821.899,0.0,0.99035,12.4378
1200_dose_8_gradient_0_VconcST_0.04_Vconc_0.8_run_0.csv,1200.0,8.0,0,0.8,0.04,0.8,0,11.25,875.707,12.0881,0.341061,875.707,0.0,0.990938,11.6814
1200_dose_8_gradient_0_VconcST_0.04_Vconc_0.8_run_0.csv,1200.0,8.0,0,0.8,0.04,0.8,0,11.5,928.184,11.8486,0.361499,928.184,0.0,0.991447,11.0328
1200_dose_8_gradient_0_VconcST_0.04_Vconc_0.8_run_0.csv,1200.0,8.0,0,0.8,0.04,0.8,0,11.75,979.356,11.6137,0.381429,979.356,0.0,0.991891,10.4552
1200_dose_8_gradient_0_VconcST_0.04_Vconc_0.8_run_0.csv,1200.0,8.0,0,0.8,0.04,0.8,0,12.0,1029.25,11.3836,0.400861,1029.25,0.0,0.992281,9.94759
1200_dose_8_gradient_0_VconcST_0.04_Vconc_0.8_run_0.csv,1200.0,8.0,0,0.8,0.04,0.8,0,12.25,1077.89,11.158,0.419805,1077.89,0.0,0.992627,9.38983
1200_dose_8_gradient_0_VconcST_0.04_Vconc_0.8_run_0.csv,1200.0,8.0,0,0.8,0.04,0.8,0,12.5,1125.31,10.9368,0.438273,1125.31,0.0,0.992936,9.02954
1200_dose_8_gradient_0_VconcST_0.04_Vconc_0.8_run_0.csv,1200.0,8.0,0,0.8,0.04,0.8,0,12.75,1171.52,10.7201,0.456272,1171.52,0.0,0.993213,8.72787
1200_dose_8_gradient_0_VconcST_0.04_Vconc_0.8_run_0.csv,1200.0,8.0,0,0.8,0.04,0.8,0,13.0,1216.56,10.5076,0.473814,1216.56,0.0,0.993463,8.42192
1200_dose_8_gradient_0_VconcST_0.04_Vconc_0.8_run_0.csv,1200.0,8.0,0,0.8,0.04,0.8,0,13.25,1260.45,10.2994,0.490908,1260.45,0.0,0.99369,8.10531
1200_dose_8_gradient_0_VconcST_0.04_Vconc_0.8_run_0.csv,1200.0,8.0,0,0.8,0.04,0.8,0,13.5,1303.21,10.0952,0.507562,1303.21,0.0,0.993896,7.80271
1200_dose_8_gradient_0_VconcST_0.04_Vconc_0.8_run_0.csv,1200.0,8.0,0,0.8,0.04,0.8,0,13.75,1344.87,9.89516,0.523786,1344.87,0.0,0.994084,7.58882
1200_dose_8_gradient_0_VconcST_0.04_Vconc_0.8_run_0.csv,1200.0,8.0,0,0.8,0.04,0.8,0,14.0,1385.45,9.69905,0.539589,1385.45,0.0,0.994256,7.35089
1200_dose_8_gradient_0_VconcST_0.04_Vconc_0.8_run_0.csv,1200.0,8.0,0,0.8,0.04,0.8,0,14.25,1424.96,9.50683,0.554979,1424.96,0.0,0.994415,7.16136
1200_dose_8_gradient_0_VconcST_0.04_Vconc_0.8_run_0.csv,1200.0,8.0,0,0.8,0.04,0.8,0,14.5,1463.44,9.31841,0.569965,1463.44,0.0,0.994561,6.98062
1200_dose_8_gradient_0_VconcST_0.04_Vconc_0.8_run_0.csv,1200.0,8.0,0,0.8,0.04,0.8,0,14.75,1500.91,9.13373,0.584556,1500.91,0.0,0.994696,6.7992
1200_dose_8_gradient_0_VconcST_0.04_Vconc_0.8_run_0.csv,1200.0,8.0,0,0.8,0.04,0.8,0,15.0,1538.0,16.9527,0.599002,1538.0,0.0,0.994821,6.67599
1200_dose_8_gradient_0_VconcST_0.04_Vconc_0.8_run_0.csv,1200.0,8.0,0,0.8,0.04,0.8,0,15.25,1610.42,16.6167,0.627208,1610.42,0.0,0.995053,6.35389
1200_dose_8_gradient_0_VconcST_0.04_Vconc_0.8_run_0.csv,1200.0,8.0,0,0.8,0.04,0.8,0,15.5,1681.01,16.2874,0.654702,1681.01,0.0,0.99526,6.06212
1200_dose_8_gradient_0_VconcST_0.04_Vconc_0.8_run_0.csv,1200.0,8.0,0,0.8,0.04,0.8,0,15.75,1749.82,15.9646,0.6815,1749.82,0.0,0.995446,5.81477
1200_dose_8_gradient_0_VconcST_0.04_Vconc_0.8_run_0.csv,1200.0,8.0,0,0.8,0.04,0.8,0,16.0,1816.87,15.6482,0.707616,1816.87,0.0,0.995613,5.59991
1200_dose_8_gradient_0_VconcST_0.04_Vconc_0.8_run_0.csv,1200.0,8.0,0,0.8,0.04,0.8,0,16.25,1882.21,15.3381,0.733064,1882.21,0.0,0.995765,5.4074
1200_dose_8_gradient_0_VconcST_0.04_Vconc_0.8_run_0.csv,1200.0,8.0,0,0.8,0.04,0.8,0,16.5,1945.88,15.0341,0.757859,1945.88,0.0,0.995903,5.21838
1200_dose_8_gradient_0_VconcST_0.04_Vconc_0.8_run_0.csv,1200.0,8.0,0,0.8,0.04,0.8,0,16.75,2007.89,14.7361,0.782012,2007.89,0.0,0.996029,5.08905
1200_dose_8_gradient_0_VconcST_0.04_Vconc_0.8_run_0.csv,1200.0,8.0,0,0.8,0.04,0.8,0,17.0,2068.3,14.4441,0.805538,2068.3,0.0,0.996145,4.92299
1200_dose_8_gradient_0_VconcST_0.04_Vconc_0.8_run_0.csv,1200.0,8.0,0,0.8,0.04,0.8,0,17.25,2127.13,14.1578,0.828451,2127.13,0.0,0.996251,4.78975
1200_dose_8_gradient_0_VconcST_0.04_Vconc_0.8_run_0.csv,1200.0,8.0,0,0.8,0.04,0.8,0,17.5,2184.41,13.8772,0.850761,2184.41,0.0,0.99635,4.66877
1200_dose_8_gradient_0_VconcST_0.04_Vconc_0.8_run_0.csv,1200.0,8.0,0,0.8,0.04,0.8,0,17.75,2240.19,13.6022,0.872483,2240.19,0.0,0.99644,4.53889
1200_dose_8_gradient_0_VconcST_0.04_Vconc_0.8_run_0.csv,1200.0,8.0,0,0.8,0.04,0.8,0,18.0,2294.48,13.3326,0.893628,2294.48,0.0,0.996524,4.43426
1200_dose_8_gradient_0_VconcST_0.04_Vconc_0.8_run_0.csv,1200.0,8.0,0,0.8,0.04,0.8,0,18.25,2347.32,13.0684,0.914208,2347.32,0.0,0.996602,4.3295
1200_dose_8_gradient_0_VconcST_0.04_Vconc_0.8_run_0.csv,1200.0,8.0,0,0.8,0.04,0.8,0,18.5,2398.74,12.8094,0.934235,2398.74,0.0,0.996675,4.23758
1200_dose_8_gradient_0_VconcST_0.04_Vconc_0.8_run_0.csv,1200.0,8.0,0,0.8,0.04,0.8,0,18.75,2448.77,12.5555,0.95372,2448.77,0.0,0.996743,4.15272
1200_dose_8_gradient_0_VconcST_0.04_Vconc_0.8_run_0.csv,1200.0,8.0,0,0.8,0.04,0.8,0,19.0,2497.44,12.3067,0.972675,2497.44,0.0,0.996806,4.06492
1200_dose_8_gradient_0_VconcST_0.04_Vconc_0.8_run_0.csv,1200.0,8.0,0,0.8,0.04,0.8,0,19.25,2544.78,12.0628,0.991111,2544.78,0.0,0.996865,3.9953
1200_dose_8_gradient_0_VconcST_0.04_Vconc_0.8_run_0.csv,1200.0,8.0,0,0.8,0.04,0.8,0,19.5,2590.81,11.8237,1.00904,2590.81,0.0,0.996921,3.92854
1200_dose_8_gradient_0_VconcST_0.04_Vconc_0.8_run_0.csv,1200.0,8.0,0,0.8,0.04,0.8,0,19.75,2635.56,11.5894,1.02647,2635.56,0.0,0.996973,3.84795
1200_dose_8_gradient_0_VconcST_0.04_Vconc_0.8_run_0.csv,1200.0,8.0,0,0.8,0.04,0.8,0,20.0,2679.69,19.3597,1.04365,2679.69,0.0,0.997022,3.78871
1200_dose_8_gradient_0_VconcST_0.04_Vconc_0.8_run_0.csv,1200.0,8.0,0,0.8,0.04,0.8,0,20.25,2758.89,18.976,1.0745,2758.89,0.0,0.997107,3.68705
1200_dose_8_gradient_0_VconcST_0.04_Vconc_0.8_run_0.csv,1200.0,8.0,0,0.8,0.04,0.8,0,20.5,2836.02,18.5999,1.10454,2836.02,0.0,0.997186,3.58534
1200_dose_8_gradient_0_VconcST_0.04_Vconc_0.8_run_0.csv,1200.0,8.0,0,0.8,0.04,0.8,0,20.75,2911.12,18.2313,1.13379,2911.12,0.0,0.997258,3.48391
1200_dose_8_gradient_0_VconcST_0.04_Vconc_0.8_run_0.csv,1200.0,8.0,0,0.8,0.04,0.8,0,21.0,2984.23,17.87,1.16227,2984.23,0.0,0.997325,3.40129
1200_dose_8_gradient_0_VconcST_0.04_Vconc_0.8_run_0.csv,1200.0,8.0,0,0.8,0.04,0.8,0,21.25,3055.4,17.5158,1.18998,3055.4,0.0,0.997388,3.32734
1200_dose_8_gradient_0_VconcST_0.04_Vconc_0.8_run_0.csv,1200.0,8.0,0,0.8,0.04,0.8,0,21.5,3124.67,17.1686,1.21696,3124.67,0.0,0.997445,3.26324
1200_dose_8_gradient_0_VconcST_0.04_Vconc_0.8_run_0.csv,1200.0,8.0,0,0.8,0.04,0.8,0,21.75,3192.07,16.8284,1.24321,3192.07,0.0,0.997499,3.17147
1200_dose_8_gradient_0_VconcST_0.04_Vconc_0.8_run_0.csv,1200.0,8.0,0,0.8,0.04,0.8,0,22.0,3257.64,16.4948,1.26875,3257.64,0.0,0.997549,3.12197
1200_dose_8_gradient_0_VconcST_0.04_Vconc_0.8_run_0.csv,1200.0,8.0,0,0.8,0.04,0.8,0,22.25,3321.43,16.1679,1.29359,3321.43,0.0,0.997596,3.06125
1200_dose_8_gradient_0_VconcST_0.04_Vconc_0.8_run_0.csv,1200.0,8.0,0,0.8,0.04,0.8,0,22.5,3383.46,15.8475,1.31775,3383.46,0.0,0.99764,3.00136
1200_dose_8_gradient_0_VconcST_0.04_Vconc_0.8_run_0.csv,1200.0,8.0,0,0.8,0.04,0.8,0,22.75,3443.78,15.5334,1.34125,3443.78,0.0,0.997682,2.94676
1200_dose_8_gradient_0_VconcST_0.04_Vconc_0.8_run_0.csv,1200.0,8.0,0,0.8,0.04,0.8,0,23.0,3502.43,15.2256,1.36409,3502.43,0.0,0.99772,2.89847
1200_dose_8_gradient_0_VconcST_0.04_Vconc_0.8_run_0.csv,1200.0,8.0,0,0.8,0.04,0.8,0,23.25,3559.42,14.9238,1.38629,3559.42,0.0,0.997757,2.86228
1200_dose_8_gradient_0_VconcST_0.04_Vconc_0.8_run_0.csv,1200.0,8.0,0,0.8,0.04,0.8,0,23.5,3614.81,14.628,1.40786,3614.81,0.0,0.997791,2.80224
1200_dose_8_gradient_0_VconcST_0.04_Vconc_0.8_run_0.csv,1200.0,8.0,0,0.8,0.04,0.8,0,23.75,3668.63,14.3381,1.42882,3668.63,0.0,0.997824,2.7621
1200_dose_8_gradient_0_VconcST_0.04_Vconc_0.8_run_0.csv,1200.0,8.0,0,0.8,0.04,0.8,0,24.0,3720.9,14.054,1.44918,3720.9,0.0,0.997854,2.73027
1200_dose_8_gradient_0_VconcST_0.04_Vconc_0.8_run_0.csv,1200.0,8.0,0,0.8,0.04,0.8,0,24.25,3771.66,13.7754,1.46895,3771.66,0.0,0.997883,2.68736
1200_dose_8_gradient_0_VconcST_0.04_Vconc_0.8_run_0.csv,1200.0,8.0,0,0.8,0.04,0.8,0,24.5,3820.95,13.5024,1.48814,3820.95,0.0,0.99791,2.65187
1200_dose_8_gradient_0_VconcST_0.04_Vconc_0.8_run_0.csv,1200.0,8.0,0,0.8,0.04,0.8,0,24.75,3868.78,13.2348,1.50677,3868.78,0.0,0.997936,2.62414
1200_dose_8_gradient_0_VconcST_0.04_Vconc_0.8_run_0.csv,1200.0,8.0,0,0.8,0.04,0.8,0,25.0,3915.83,20.9725,1.52509,3915.83,0.0,0.99796,2.59675
1200_dose_8_gradient_0_VconcST_0.04_Vconc_0.8_run_0.csv,1200.0,8.0,0,0.8,0.04,0.8,0,25.25,3997.78,20.5569,1.55701,3997.78,0.0,0.998002,2.55479
1200_dose_8_gradient_0_VconcST_0.04_Vconc_0.8_run_0.csv,1200.0,8.0,0,0.8,0.04,0.8,0,25.5,4077.51,20.1495,1.58807,4077.51,0.0,0.998041,2.49642
1200_dose_8_gradient_0_VconcST_0.04_Vconc_0.8_run_0.csv,1200.0,8.0,0,0.8,0.04,0.8,0,25.75,4155.06,19.7501,1.61827,4155.06,0.0,0.998078,2.45207
1200_dose_8_gradient_0_VconcST_0.04_Vconc_0.8_run_0.csv,1200.0,8.0,0,0.8,0.04,0.8,0,26.0,4230.47,19.3587,1.64764,4230.47,0.0,0.998112,2.39856
1200_dose_8_gradient_0_VconcST_0.04_Vconc_0.8_run_0.csv,1200.0,8.0,0,0.8,0.04,0.8,0,26.25,4303.78,18.975,1.67619,4303.78,0.0,0.998144,2.36455
1200_dose_8_gradient_0_VconcST_0.04_Vconc_0.8_run_0.csv,1200.0,8.0,0,0.8,0.04,0.8,0,26.5,4375.05,18.599,1.70395,4375.05,0.0,0.998174,2.31735
1200_dose_8_gradient_0_VconcST_0.04_Vconc_0.8_run_0.csv,1200.0,8.0,0,0.8,0.04,0.8,0,26.75,4444.31,18.2304,1.73092,4444.31,0.0,0.998203,2.28245
1200_dose_8_gradient_0_VconcST_0.04_Vconc_0.8_run_0.csv,1200.0,8.0,0,0.8,0.04,0.8,0,27.0,4511.61,17.869,1.75713,4511.61,0.0,0.99823,2.25308
1200_dose_8_gradient_0_VconcST_0.04_Vconc_0.8_run_0.csv,1200.0,8.0,0,0.8,0.04,0.8,0,27.25,4576.98,17.5149,1.78259,4576.98,0.0,0.998255,2.20977
1200_dose_8_gradient_0_VconcST_0.04_Vconc_0.8_run_0.csv,1200.0,8.0,0,0.8,0.04,0.8,0,27.5,4640.47,17.1678,1.80732,4640.47,0.0,0.998279,2.17946
1200_dose_8_gradient_0_VconcST_0.04_Vconc_0.8_run_0.csv,1200.0,8.0,0,0.8,0.04,0.8,0,27.75,4702.12,16.8275,1.83133,4702.12,0.0,0.998301,2.15526
1200_dose_8_gradient_0_VconcST_0.04_Vconc_0.8_run_0.csv,1200.0,8.0,0,0.8,0.04,0.8,0,28.0,4761.96,16.494,1.85464,4761.96,0.0,0.998322,2.13132
1200_dose_8_gradient_0_VconcST_0.04_Vconc_0.8_run_0.csv,1200.0,8.0,0,0.8,0.04,0.8,0,28.25,4820.04,16.1671,1.87726,4820.04,0.0,0.998343,2.11221
1200_dose_8_gradient_0_VconcST_0.04_Vconc_0.8_run_0.csv,1200.0,8.0,0,0.8,0.04,0.8,0,28.5,4876.39,15.8467,1.8992,4876.39,0.0,0.998362,2.07855
1200_dose_8_gradient_0_VconcST_0.04_Vconc_0.8_run_0.csv,1200.0,8.0,0,0.8,0.04,0.8,0,28.75,4931.05,15.5326,1.92049,4931.05,0.0,0.99838,2.05597
1200_dose_8_gradient_0_VconcST_0.04_Vconc_1.6_run_0.csv,1200.0,8.0,0,1.6,0.04,1.6,0,0.0,0.0,0.0,0.0,0.0,0.0,0.0,0.0
1200_dose_8_gradient_0_VconcST_0.04_Vconc_1.6_run_0.csv,1200.0,8.0,0,1.6,0.04,1.6,0,0.25,0.0,0.0,0.0,0.0,0.0,0.0,3524.53
1200_dose_8_gradient_0_VconcST_0.04_Vconc_1.6_run_0.csv,1200.0,8.0,0,1.6,0.04,1.6,0,0.5,0.0,0.0,0.0,0.0,0.0,0.0,100.974
1200_dose_8_gradient_0_VconcST_0.04_Vconc_1.6_run_0.csv,1200.0,8.0,0,1.6,0.04,1.6,0,0.75,0.0,0.0,0.0,0.0,0.0,0.0,3447.47
1200_dose_8_gradient_0_VconcST_0.04_Vconc_1.6_run_0.csv,1200.0,8.0,0,1.6,0.04,1.6,0,1.0,0.0,0.0,0.0,0.0,0.0,0.0,102.308
1200_dose_8_gradient_0_VconcST_0.04_Vconc_1.6_run_0.csv,1200.0,8.0,0,1.6,0.04,1.6,0,1.25,0.0,0.0,0.0,0.0,0.0,0.0,3567.46
1200_dose_8_gradient_0_VconcST_0.04_Vconc_1.6_run_0.csv,1200.0,8.0,0,1.6,0.04,1.6,0,1.5,0.0,0.0,0.0,0.0,0.0,0.0,100.68
1200_dose_8_gradient_0_VconcST_0.04_Vconc_1.6_run_0.csv,1200.0,8.0,0,1.6,0.04,1.6,0,1.75,0.0,0.0,0.0,0.0,0.0,0.0,3635.53
1200_dose_8_gradient_0_VconcST_0.04_Vconc_1.6_run_0.csv,1200.0,8.0,0,1.6,0.04,1.6,0,2.0,0.0,0.0,0.0,0.0,0.0,0.0,99.4058
1200_dose_8_gradient_0_VconcST_0.04_Vconc_1.6_run_0.csv,1200.0,8.0,0,1.6,0.04,1.6,0,2.25,0.0,0.0,0.0,0.0,0.0,0.0,3628.21
1200_dose_8_gradient_0_VconcST_0.04_Vconc_1.6_run_0.csv,1200.0,8.0,0,1.6,0.04,1.6,0,2.5,0.0,0.0,0.0,0.0,0.0,0.0,100.514
1200_dose_8_gradient_0_VconcST_0.04_Vconc_1.6_run_0.csv,1200.0,8.0,0,1.6,0.04,1.6,0,2.75,0.0,0.0,0.0,0.0,0.0,0.0,3637.58
1200_dose_8_gradient_0_VconcST_0.04_Vconc_1.6_run_0.csv,1200.0,8.0,0,1.6,0.04,1.6,0,3.0,0.0,0.0,0.0,0.0,0.0,0.0,99.765
1200_dose_8_gradient_0_VconcST_0.04_Vconc_1.6_run_0.csv,1200.0,8.0,0,1.6,0.04,1.6,0,3.25,0.0,0.0,0.0,0.0,0.0,0.0,3665.7
1200_dose_8_gradient_0_VconcST_0.04_Vconc_1.6_run_0.csv,1200.0,8.0,0,1.6,0.04,1.6,0,3.5,0.0,0.0,0.0,0.0,0.0,0.0,94.5431
1200_dose_8_gradient_0_VconcST_0.04_Vconc_1.6_run_0.csv,1200.0,8.0,0,1.6,0.04,1.6,0,3.75,0.0,0.0,0.0,0.0,0.0,0.0,3554.89
1200_dose_8_gradient_0_VconcST_0.04_Vconc_1.6_run_0.csv,1200.0,8.0,0,1.6,0.04,1.6,0,4.0,0.0,0.0,0.0,0.0,0.0,0.0,97.0826
1200_dose_8_gradient_0_VconcST_0.04_Vconc_1.6_run_0.csv,1200.0,8.0,0,1.6,0.04,1.6,0,4.25,0.0,0.0,0.0,0.0,0.0,0.0,3536.87
1200_dose_8_gradient_0_VconcST_0.04_Vconc_1.6_run_0.csv,1200.0,8.0,0,1.6,0.04,1.6,0,4.5,0.0,0.0,0.0,0.0,0.0,0.0,96.9841
1200_dose_8_gradient_0_VconcST_0.04_Vconc_1.6_run_0.csv,1200.0,8.0,0,1.6,0.04,1.6,0,4.75,0.0,0.0,0.0,0.0,0.0,0.0,3591.05
1200_dose_8_gradient_0_VconcST_0.04_Vconc_1.6_run_0.csv,1200.0,8.0,0,1.6,0.04,1.6,0,5.0,0.6229,8.0,0.0002426,0.6229,0.0,0.0,99.3922
1200_dose_8_gradient_0_VconcST_0.04_Vconc_1.6_run_0.csv,1200.0,8.0,0,1.6,0.04,1.6,0,5.25,37.5475,7.84145,0.0146236,37.5475,0.0,0.821982,582.681
1200_dose_8_gradient_0_VconcST_0.04_Vconc_1.6_run_0.csv,1200.0,8.0,0,1.6,0.04,1.6,0,5.5,73.6004,7.68604,0.0286651,73.6004,0.0,0.901243,268.508
1200_dose_8_gradient_0_VconcST_0.04_Vconc_1.6_run_0.csv,1200.0,8.0,0,1.6,0.04,1.6,0,5.75,108.799,7.53371,0.0423739,108.799,0.0,0.931165,185.068
1200_dose_8_gradient_0_VconcST_0.04_Vconc_1.6_run_0.csv,1200.0,8.0,0,1.6,0.04,1.6,0,6.0,143.161,7.3844,0.0557568,143.161,0.0,0.946877,144.5
1200_dose_8_gradient_0_VconcST_0.04_Vconc_1.6_run_0.csv,1200.0,8.0,0,1.6,0.04,1.6,0,6.25,176.704,7.23805,0.0688207,176.704,0.0,0.956557,115.394
1200_dose_8_gradient_0_VconcST_0.04_Vconc_1.6_run_0.csv,1200.0,8.0,0,1.6,0.04,1.6,0,6.5,209.444,7.0946,0.0815718,209.444,0.0,0.963117,97.1101
1200_dose_8_gradient_0_VconcST_0.04_Vconc_1.6_run_0.csv,1200.0,8.0,0,1.6,0.04,1.6,0,6.75,241.397,6.954,0.0940168,241.397,0.0,0.967855,85.2525
1200_dose_8_gradient_0_VconcST_0.04_Vconc_1.6_run_0.csv,1200.0,8.0,0,1.6,0.04,1.6,0,7.0,272.581,6.81618,0.106162,272.581,0.0,0.971435,76.0139
1200_dose_8_gradient_0_VconcST_0.04_Vconc_1.6_run_0.csv,1200.0,8.0,0,1.6,0.04,1.6,0,7.25,303.01,6.68109,0.118013,303.01,0.0,0.974236,67.6535
1200_dose_8_gradient_0_VconcST_0.04_Vconc_1.6_run_0.csv,1200.0,8.0,0,1.6,0.04,1.6,0,7.5,332.7,6.54868,0.129576,332.7,0.0,0.976485,61.6403
1200_dose_8_gradient_0_VconcST_0.04_Vconc_1.6_run_0.csv,1200.0,8.0,0,1.6,0.04,1.6,0,7.75,361.666,6.41889,0.140858,361.666,0.0,0.978331,57.2029
1200_dose_8_gradient_0_VconcST_0.04_Vconc_1.6_run_0.csv,1200.0,8.0,0,1.6,0.04,1.6,0,8.0,389.923,6.29168,0.151863,389.923,0.0,0.979872,53.3055
1200_dose_8_gradient_0_VconcST_0.04_Vconc_1.6_run_0.csv,1200.0,8.0,0,1.6,0.04,1.6,0,8.25,417.486,6.16698,0.162598,417.486,0.0,0.981178,49.5356
1200_dose_8_gradient_0_VconcST_0.04_Vconc_1.6_run_0.csv,1200.0,8.0,0,1.6,0.04,1.6,0,8.5,444.369,6.04476,0.173068,444.369,0.0,0.982298,46.1958
1200_dose_8_gradient_0_VconcST_0.04_Vconc_1.6_run_0.csv,1200.0,8.0,0,1.6,0.04,1.6,0,8.75,470.586,5.92496,0.183279,470.586,0.0,0.983269,43.7902
1200_dose_8_gradient_0_VconcST_0.04_Vconc_1.6_run_0.csv,1200.0,8.0,0,1.6,0.04,1.6,0,9.0,496.151,5.80754,0.193236,496.151,0.0,0.984118,41.4686
1200_dose_8_gradient_0_VconcST_0.04_Vconc_1.6_run_0.csv,1200.0,8.0,0,1.6,0.04,1.6,0,9.25,521.077,5.69244,0.202943,521.077,0.0,0.984868,39.3644
1200_dose_8_gradient_0_VconcST_0.04_Vconc_1.6_run_0.csv,1200.0,8.0,0,1.6,0.04,1.6,0,9.5,545.377,5.57962,0.212407,545.377,0.0,0.985533,38.1367
1200_dose_8_gradient_0_VconcST_0.04_Vconc_1.6_run_0.csv,1200.0,8.0,0,1.6,0.04,1.6,0,9.75,569.063,5.46904,0.221633,569.063,0.0,0.986127,35.8738
1200_dose_8_gradient_0_VconcST_0.04_Vconc_1.6_run_0.csv,1200.0,8.0,0,1.6,0.04,1.6,0,10.0,592.773,13.3606,0.230867,592.773,0.0,0.986662,34.7033
1200_dose_8_gradient_0_VconcST_0.04_Vconc_1.6_run_0.csv,1200.0,8.0,0,1.6,0.04,1.6,0,10.25,652.196,13.0959,0.25401,652.196,0.0,0.987864,31.8189
1200_dose_8_gradient_0_VconcST_0.04_Vconc_1.6_run_0.csv,1200.0,8.0,0,1.6,0.04,1.6,0,10.5,710.172,12.8363,0.27659,710.172,0.0,0.988846,29.0722
1200_dose_8_gradient_0_VconcST_0.04_Vconc_1.6_run_0.csv,1200.0,8.0,0,1.6,0.04,1.6,0,10.75,766.73,12.5819,0.298617,766.73,0.0,0.989661,26.9998
1200_dose_8_gradient_0_VconcST_0.04_Vconc_1.6_run_0.csv,1200.0,8.0,0,1.6,0.04,1.6,0,11.0,821.899,12.3326,0.320104,821.899,0.0,0.99035,25.1174
1200_dose_8_gradient_0_VconcST_0.04_Vconc_1.6_run_0.csv,1200.0,8.0,0,1.6,0.04,1.6,0,11.25,875.707,12.0881,0.341061,875.707,0.0,0.990938,23.5833
1200_dose_8_gradient_0_VconcST_0.04_Vconc_1.6_run_0.csv,1200.0,8.0,0,1.6,0.04,1.6,0,11.5,928.184,11.8486,0.361499,928.184,0.0,0.991447,21.9799
1200_dose_8_gradient_0_VconcST_0.04_Vconc_1.6_run_0.csv,1200.0,8.0,0,1.6,0.04,1.6,0,11.75,979.356,11.6137,0.381429,979.356,0.0,0.991891,20.7407
1200_dose_8_gradient_0_VconcST_0.04_Vconc_1.6_run_0.csv,1200.0,8.0,0,1.6,0.04,1.6,0,12.0,1029.25,11.3836,0.400861,1029.25,0.0,0.992281,20.2555
1200_dose_8_gradient_0_VconcST_0.04_Vconc_1.6_run_0.csv,1200.0,8.0,0,1.6,0.04,1.6,0,12.25,1077.89,11.158,0.419805,1077.89,0.0,0.992627,19.0244
1200_dose_8_gradient_0_VconcST_0.04_Vconc_1.6_run_0.csv,1200.0,8.0,0,1.6,0.04,1.6,0,12.5,1125.31,10.9368,0.438273,1125.31,0.0,0.992936,18.1878
1200_dose_8_gradient_0_VconcST_0.04_Vconc_1.6_run_0.csv,1200.0,8.0,0,1.6,0.04,1.6,0,12.75,1171.52,10.7201,0.456272,1171.52,0.0,0.993213,17.6706
1200_dose_8_gradient_0_VconcST_0.04_Vconc_1.6_run_0.csv,1200.0,8.0,0,1.6,0.04,1.6,0,13.0,1216.56,10.5076,0.473814,1216.56,0.0,0.993463,16.8447
1200_dose_8_gradient_0_VconcST_0.04_Vconc_1.6_run_0.csv,1200.0,8.0,0,1.6,0.04,1.6,0,13.25,1260.45,10.2994,0.490908,1260.45,0.0,0.99369,16.2744
1200_dose_8_gradient_0_VconcST_0.04_Vconc_1.6_run_0.csv,1200.0,8.0,0,1.6,0.04,1.6,0,13.5,1303.21,10.0952,0.507562,1303.21,0.0,0.993896,15.7585
1200_dose_8_gradient_0_VconcST_0.04_Vconc_1.6_run_0.csv,1200.0,8.0,0,1.6,0.04,1.6,0,13.75,1344.87,9.89516,0.523786,1344.87,0.0,0.994084,15.2255
1200_dose_8_gradient_0_VconcST_0.04_Vconc_1.6_run_0.csv,1200.0,8.0,0,1.6,0.04,1.6,0,14.0,1385.45,9.69905,0.539589,1385.45,0.0,0.994256,14.7744
1200_dose_8_gradient_0_VconcST_0.04_Vconc_1.6_run_0.csv,1200.0,8.0,0,1.6,0.04,1.6,0,14.25,1424.96,9.50683,0.554979,1424.96,0.0,0.994415,14.3881
1200_dose_8_gradient_0_VconcST_0.04_Vconc_1.6_run_0.csv,1200.0,8.0,0,1.6,0.04,1.6,0,14.5,1463.44,9.31841,0.569965,1463.44,0.0,0.994561,13.9692
1200_dose_8_gradient_0_VconcST_0.04_Vconc_1.6_run_0.csv,1200.0,8.0,0,1.6,0.04,1.6,0,14.75,1500.91,9.13373,0.584556,1500.91,0.0,0.994696,13.6425
1200_dose_8_gradient_0_VconcST_0.04_Vconc_1.6_run_0.csv,1200.0,8.0,0,1.6,0.04,1.6,0,15.0,1538.0,16.9527,0.599002,1538.0,0.0,0.994821,13.3665
1200_dose_8_gradient_0_VconcST_0.04_Vconc_1.6_run_0.csv,1200.0,8.0,0,1.6,0.04,1.6,0,15.25,1610.42,16.6167,0.627208,1610.42,0.0,0.995053,12.7064
1200_dose_8_gradient_0_VconcST_0.04_Vconc_1.6_run_0.csv,1200.0,8.0,0,1.6,0.04,1.6,0,15.5,1681.01,16.2874,0.654702,1681.01,0.0,0.99526,12.2536
1200_dose_8_gradient_0_VconcST_0.04_Vconc_1.6_run_0.csv,1200.0,8.0,0,1.6,0.04,1.6,0,15.75,1749.82,15.9646,0.6815,1749.82,0.0,0.995446,11.7009
1200_dose_8_gradient_0_VconcST_0.04_Vconc_1.6_run_0.csv,1200.0,8.0,0,1.6,0.04,1.6,0,16.0,1816.87,15.6482,0.707616,1816.87,0.0,0.995613,11.2906
1200_dose_8_gradient_0_VconcST_0.04_Vconc_1.6_run_0.csv,1200.0,8.0,0,1.6,0.04,1.6,0,16.25,1882.21,15.3381,0.733064,1882.21,0.0,0.995765,10.853
1200_dose_8_gradient_0_VconcST_0.04_Vconc_1.6_run_0.csv,1200.0,8.0,0,1.6,0.04,1.6,0,16.5,1945.88,15.0341,0.757859,1945.88,0.0,0.995903,10.4891
1200_dose_8_gradient_0_VconcST_0.04_Vconc_1.6_run_0.csv,1200.0,8.0,0,1.6,0.04,1.6,0,16.75,2007.89,14.7361,0.782012,2007.89,0.0,0.996029,10.2026
1200_dose_8_gradient_0_VconcST_0.04_Vconc_1.6_run_0.csv,1200.0,8.0,0,1.6,0.04,1.6,0,17.0,2068.3,14.4441,0.805538,2068.3,0.0,0.996145,9.86382
1200_dose_8_gradient_0_VconcST_0.04_Vconc_1.6_run_0.csv,1200.0,8.0,0,1.6,0.04,1.6,0,17.25,2127.13,14.1578,0.828451,2127.13,0.0,0.996251,9.65145
1200_dose_8_gradient_0_VconcST_0.04_Vconc_1.6_run_0.csv,1200.0,8.0,0,1.6,0.04,1.6,0,17.5,2184.41,13.8772,0.850761,2184.41,0.0,0.99635,9.43023
1200_dose_8_gradient_0_VconcST_0.04_Vconc_1.6_run_0.csv,1200.0,8.0,0,1.6,0.04,1.6,0,17.75,2240.19,13.6022,0.872483,2240.19,0.0,0.99644,9.09899
1200_dose_8_gradient_0_VconcST_0.04_Vconc_1.6_run_0.csv,1200.0,8.0,0,1.6,0.04,1.6,0,18.0,2294.48,13.3326,0.893628,2294.48,0.0,0.996524,8.88295
1200_dose_8_gradient_0_VconcST_0.04_Vconc_1.6_run_0.csv,1200.0,8.0,0,1.6,0.04,1.6,0,18.25,2347.32,13.0684,0.914208,2347.32,0.0,0.996602,8.65776
1200_dose_8_gradient_0_VconcST_0.04_Vconc_1.6_run_0.csv,1200.0,8.0,0,1.6,0.04,1.6,0,18.5,2398.74,12.8094,0.934235,2398.74,0.0,0.996675,8.53908
1200_dose_8_gradient_0_VconcST_0.04_Vconc_1.6_run_0.csv,1200.0,8.0,0,1.6,0.04,1.6,0,18.75,2448.77,12.5555,0.95372,2448.77,0.0,0.996743,8.31638
1200_dose_8_gradient_0_VconcST_0.04_Vconc_1.6_run_0.csv,1200.0,8.0,0,1.6,0.04,1.6,0,19.0,2497.44,12.3067,0.972675,2497.44,0.0,0.996806,8.15989
1200_dose_8_gradient_0_VconcST_0.04_Vconc_1.6_run_0.csv,1200.0,8.0,0,1.6,0.04,1.6,0,19.25,2544.78,12.0628,0.991111,2544.78,0.0,0.996865,8.03429
1200_dose_8_gradient_0_VconcST_0.04_Vconc_1.6_run_0.csv,1200.0,8.0,0,1.6,0.04,1.6,0,19.5,2590.81,11.8237,1.00904,2590.81,0.0,0.996921,7.87574
1200_dose_8_gradient_0_VconcST_0.04_Vconc_1.6_run_0.csv,1200.0,8.0,0,1.6,0.04,1.6,0,19.75,2635.56,11.5894,1.02647,2635.56,0.0,0.996973,7.76759
1200_dose_8_gradient_0_VconcST_0.04_Vconc_1.6_run_0.csv,1200.0,8.0,0,1.6,0.04,1.6,0,20.0,2679.69,19.3597,1.04365,2679.69,0.0,0.997022,7.64836
1200_dose_8_gradient_0_VconcST_0.04_Vconc_1.6_run_0.csv,1200.0,8.0,0,1.6,0.04,1.6,0,20.25,2758.89,18.976,1.0745,2758.89,0.0,0.997107,7.42187
1200_dose_8_gradient_0_VconcST_0.04_Vconc_1.6_run_0.csv,1200.0,8.0,0,1.6,0.04,1.6,0,20.5,2836.02,18.5999,1.10454,2836.02,0.0,0.997186,7.22341
1200_dose_8_gradient_0_VconcST_0.04_Vconc_1.6_run_0.csv,1200.0,8.0,0,1.6,0.04,1.6,0,20.75,2911.12,18.2313,1.13379,2911.12,0.0,0.997258,7.01571
1200_dose_8_gradient_0_VconcST_0.04_Vconc_1.6_run_0.csv,1200.0,8.0,0,1.6,0.04,1.6,0,21.0,2984.23,17.87,1.16227,2984.23,0.0,0.997325,6.85041
1200_dose_8_gradient_0_VconcST_0.04_Vconc_1.6_run_0.csv,1200.0,8.0,0,1.6,0.04,1.6,0,21.25,3055.4,17.5158,1.18998,3055.4,0.0,0.997388,6.71425
1200_dose_8_gradient_0_VconcST_0.04_Vconc_1.6_run_0.csv,1200.0,8.0,0,1.6,0.04,1.6,0,21.5,3124.67,17.1686,1.21696,3124.67,0.0,0.997445,6.53503
1200_dose_8_gradient_0_VconcST_0.04_Vconc_1.6_run_0.csv,1200.0,8.0,0,1.6,0.04,1.6,0,21.75,3192.07,16.8284,1.24321,3192.07,0.0,0.997499,6.36412
1200_dose_8_gradient_0_VconcST_0.04_Vconc_1.6_run_0.csv,1200.0,8.0,0,1.6,0.04,1.6,0,22.0,3257.64,16.4948,1.26875,3257.64,0.0,0.997549,6.25792
1200_dose_8_gradient_0_VconcST_0.04_Vconc_1.6_run_0.csv,1200.0,8.0,0,1.6,0.04,1.6,0,22.25,3321.43,16.1679,1.29359,3321.43,0.0,0.997596,6.1404
1200_dose_8_gradient_0_VconcST_0.04_Vconc_1.6_run_0.csv,1200.0,8.0,0,1.6,0.04,1.6,0,22.5,3383.46,15.8475,1.31775,3383.46,0.0,0.99764,6.01516
1200_dose_8_gradient_0_VconcST_0.04_Vconc_1.6_run_0.csv,1200.0,8.0,0,1.6,0.04,1.6,0,22.75,3443.78,15.5334,1.34125,3443.78,0.0,0.997682,5.9076
1200_dose_8_gradient_0_VconcST_0.04_Vconc_1.6_run_0.csv,1200.0,8.0,0,1.6,0.04,1.6,0,23.0,3502.43,15.2256,1.36409,3502.43,0.0,0.99772,5.8606
1200_dose_8_gradient_0_VconcST_0.04_Vconc_1.6_run_0.csv,1200.0,8.0,0,1.6,0.04,1.6,0,23.25,3559.42,14.9238,1.38629,3559.42,0.0,0.997757,5.68547
1200_dose_8_gradient_0_VconcST_0.04_Vconc_1.6_run_0.csv,1200.0,8.0,0,1.6,0.04,1.6,0,23.5,3614.81,14.628,1.40786,3614.81,0.0,0.997791,5.64796
1200_dose_8_gradient_0_VconcST_0.04_Vconc_1.6_run_0.csv,1200.0,8.0,0,1.6,0.04,1.6,0,23.75,3668.63,14.3381,1.42882,3668.63,0.0,0.997824,5.53833
1200_dose_8_gradient_0_VconcST_0.04_Vconc_1.6_run_0.csv,1200.0,8.0,0,1.6,0.04,1.6,0,24.0,3720.9,14.054,1.44918,3720.9,0.0,0.997854,5.49159
1200_dose_8_gradient_0_VconcST_0.04_Vconc_1.6_run_0.csv,1200.0,8.0,0,1.6,0.04,1.6,0,24.25,3771.66,13.7754,1.46895,3771.66,0.0,0.997883,5.37724
1200_dose_8_gradient_0_VconcST_0.04_Vconc_1.6_run_0.csv,1200.0,8.0,0,1.6,0.04,1.6,0,24.5,3820.95,13.5024,1.48814,3820.95,0.0,0.99791,5.3144
1200_dose_8_gradient_0_VconcST_0.04_Vconc_1.6_run_0.csv,1200.0,8.0,0,1.6,0.04,1.6,0,24.75,3868.78,13.2348,1.50677,3868.78,0.0,0.997936,5.24537
1200_dose_8_gradient_0_VconcST_0.04_Vconc_1.6_run_0.csv,1200.0,8.0,0,1.6,0.04,1.6,0,25.0,3915.83,20.9725,1.52509,3915.83,0.0,0.99796,5.22368
1200_dose_8_gradient_0_VconcST_0.04_Vconc_1.6_run_0.csv,1200.0,8.0,0,1.6,0.04,1.6,0,25.25,3997.78,20.5569,1.55701,3997.78,0.0,0.998002,5.15455
1200_dose_8_gradient_0_VconcST_0.04_Vconc_1.6_run_0.csv,1200.0,8.0,0,1.6,0.04,1.6,0,25.5,4077.51,20.1495,1.58807,4077.51,0.0,0.998041,5.01828
1200_dose_8_gradient_0_VconcST_0.04_Vconc_1.6_run_0.csv,1200.0,8.0,0,1.6,0.04,1.6,0,25.75,4155.06,19.7501,1.61827,4155.06,0.0,0.998078,4.9222
1200_dose_8_gradient_0_VconcST_0.04_Vconc_1.6_run_0.csv,1200.0,8.0,0,1.6,0.04,1.6,0,26.0,4230.47,19.3587,1.64764,4230.47,0.0,0.998112,4.79562
1200_dose_8_gradient_0_VconcST_0.04_Vconc_1.6_run_0.csv,1200.0,8.0,0,1.6,0.04,1.6,0,26.25,4303.78,18.975,1.67619,4303.78,0.0,0.998144,4.74235
1200_dose_8_gradient_0_VconcST_0.04_Vconc_1.6_run_0.csv,1200.0,8.0,0,1.6,0.04,1.6,0,26.5,4375.05,18.599,1.70395,4375.05,0.0,0.998174,4.65566
1200_dose_8_gradient_0_VconcST_0.04_Vconc_1.6_run_0.csv,1200.0,8.0,0,1.6,0.04,1.6,0,26.75,4444.31,18.2304,1.73092,4444.31,0.0,0.998203,4.58595
1200_dose_8_gradient_0_VconcST_0.04_Vconc_1.6_run_0.csv,1200.0,8.0,0,1.6,0.04,1.6,0,27.0,4511.61,17.869,1.75713,4511.61,0.0,0.99823,4.50885
1200_dose_8_gradient_0_VconcST_0.04_Vconc_1.6_run_0.csv,1200.0,8.0,0,1.6,0.04,1.6,0,27.25,4576.98,17.5149,1.78259,4576.98,0.0,0.998255,4.42807
1200_dose_8_gradient_0_VconcST_0.04_Vconc_1.6_run_0.csv,1200.0,8.0,0,1.6,0.04,1.6,0,27.5,4640.47,17.1678,1.80732,4640.47,0.0,0.998279,4.35436
1200_dose_8_gradient_0_VconcST_0.04_Vconc_1.6_run_0.csv,1200.0,8.0,0,1.6,0.04,1.6,0,27.75,4702.12,16.8275,1.83133,4702.12,0.0,0.998301,4.31044
1200_dose_8_gradient_0_VconcST_0.04_Vconc_1.6_run_0.csv,1200.0,8.0,0,1.6,0.04,1.6,0,28.0,4761.96,16.494,1.85464,4761.96,0.0,0.998322,4.26951
1200_dose_8_gradient_0_VconcST_0.04_Vconc_1.6_run_0.csv,1200.0,8.0,0,1.6,0.04,1.6,0,28.25,4820.04,16.1671,1.87726,4820.04,0.0,0.998343,4.20161
1200_dose_8_gradient_0_VconcST_0.04_Vconc_1.6_run_0.csv,1200.0,8.0,0,1.6,0.04,1.6,0,28.5,4876.39,15.8467,1.8992,4876.39,0.0,0.998362,4.17699
1200_dose_8_gradient_0_VconcST_0.04_Vconc_1.6_run_0.csv,1200.0,8.0,0,1.6,0.04,1.6,0,28.75,4931.05,15.5326,1.92049,4931.05,0.0,0.99838,4.12807
1200_dose_8_gradient_0_VconcST_0.04_Vconc_4_run_0.csv,1200.0,8.0,0,4.0,0.04,4.0,0,0.0,0.0,0.0,0.0,0.0,0.0,0.0,0.0
1200_dose_8_gradient_0_VconcST_0.04_Vconc_4_run_0.csv,1200.0,8.0,0,4.0,0.04,4.0,0,0.25,0.0,0.0,0.0,0.0,0.0,0.0,10000.0
1200_dose_8_gradient_0_VconcST_0.04_Vconc_4_run_0.csv,1200.0,8.0,0,4.0,0.04,4.0,0,0.5,0.0,0.0,0.0,0.0,0.0,0.0,443.814
1200_dose_8_gradient_0_VconcST_0.04_Vconc_4_run_0.csv,1200.0,8.0,0,4.0,0.04,4.0,0,0.75,0.0,0.0,0.0,0.0,0.0,0.0,10000.0
1200_dose_8_gradient_0_VconcST_0.04_Vconc_4_run_0.csv,1200.0,8.0,0,4.0,0.04,4.0,0,1.0,0.0,0.0,0.0,0.0,0.0,0.0,448.666
1200_dose_8_gradient_0_VconcST_0.04_Vconc_4_run_0.csv,1200.0,8.0,0,4.0,0.04,4.0,0,1.25,0.0,0.0,0.0,0.0,0.0,0.0,10000.0
1200_dose_8_gradient_0_VconcST_0.04_Vconc_4_run_0.csv,1200.0,8.0,0,4.0,0.04,4.0,0,1.5,0.0,0.0,0.0,0.0,0.0,0.0,462.947
1200_dose_8_gradient_0_VconcST_0.04_Vconc_4_run_0.csv,1200.0,8.0,0,4.0,0.04,4.0,0,1.75,0.0,0.0,0.0,0.0,0.0,0.0,10000.0
1200_dose_8_gradient_0_VconcST_0.04_Vconc_4_run_0.csv,1200.0,8.0,0,4.0,0.04,4.0,0,2.0,0.0,0.0,0.0,0.0,0.0,0.0,461.562
1200_dose_8_gradient_0_VconcST_0.04_Vconc_4_run_0.csv,1200.0,8.0,0,4.0,0.04,4.0,0,2.25,0.0,0.0,0.0,0.0,0.0,0.0,10000.0
1200_dose_8_gradient_0_VconcST_0.04_Vconc_4_run_0.csv,1200.0,8.0,0,4.0,0.04,4.0,0,2.5,0.0,0.0,0.0,0.0,0.0,0.0,439.493
1200_dose_8_gradient_0_VconcST_0.04_Vconc_4_run_0.csv,1200.0,8.0,0,4.0,0.04,4.0,0,2.75,0.0,0.0,0.0,0.0,0.0,0.0,10000.0
1200_dose_8_gradient_0_VconcST_0.04_Vconc_4_run_0.csv,1200.0,8.0,0,4.0,0.04,4.0,0,3.0,0.0,0.0,0.0,0.0,0.0,0.0,448.836
1200_dose_8_gradient_0_VconcST_0.04_Vconc_4_run_0.csv,1200.0,8.0,0,4.0,0.04,4.0,0,3.25,0.0,0.0,0.0,0.0,0.0,0.0,10000.0
1200_dose_8_gradient_0_VconcST_0.04_Vconc_4_run_0.csv,1200.0,8.0,0,4.0,0.04,4.0,0,3.5,0.0,0.0,0.0,0.0,0.0,0.0,430.726
1200_dose_8_gradient_0_VconcST_0.04_Vconc_4_run_0.csv,1200.0,8.0,0,4.0,0.04,4.0,0,3.75,0.0,0.0,0.0,0.0,0.0,0.0,10000.0
1200_dose_8_gradient_0_VconcST_0.04_Vconc_4_run_0.csv,1200.0,8.0,0,4.0,0.04,4.0,0,4.0,0.0,0.0,0.0,0.0,0.0,0.0,450.578
1200_dose_8_gradient_0_VconcST_0.04_Vconc_4_run_0.csv,1200.0,8.0,0,4.0,0.04,4.0,0,4.25,0.0,0.0,0.0,0.0,0.0,0.0,10000.0
1200_dose_8_gradient_0_VconcST_0.04_Vconc_4_run_0.csv,1200.0,8.0,0,4.0,0.04,4.0,0,4.5,0.0,0.0,0.0,0.0,0.0,0.0,466.564
1200_dose_8_gradient_0_VconcST_0.04_Vconc_4_run_0.csv,1200.0,8.0,0,4.0,0.04,4.0,0,4.75,0.0,0.0,0.0,0.0,0.0,0.0,9905.3
1200_dose_8_gradient_0_VconcST_0.04_Vconc_4_run_0.csv,1200.0,8.0,0,4.0,0.04,4.0,0,5.0,0.6229,8.0,0.0002426,0.6229,0.0,0.0,461.113
1200_dose_8_gradient_0_VconcST_0.04_Vconc_4_run_0.csv,1200.0,8.0,0,4.0,0.04,4.0,0,5.25,37.5475,7.84145,0.0146236,37.5475,0.0,0.821982,1645.36
1200_dose_8_gradient_0_VconcST_0.04_Vconc_4_run_0.csv,1200.0,8.0,0,4.0,0.04,4.0,0,5.5,73.6004,7.68604,0.0286651,73.6004,0.0,0.901243,521.971
1200_dose_8_gradient_0_VconcST_0.04_Vconc_4_run_0.csv,1200.0,8.0,0,4.0,0.04,4.0,0,5.75,108.799,7.53371,0.0423739,108.799,0.0,0.931165,425.212
1200_dose_8_gradient_0_VconcST_0.04_Vconc_4_run_0.csv,1200.0,8.0,0,4.0,0.04,4.0,0,6.0,143.161,7.3844,0.0557568,143.161,0.0,0.946877,338.752
1200_dose_8_gradient_0_VconcST_0.04_Vconc_4_run_0.csv,1200.0,8.0,0,4.0,0.04,4.0,0,6.25,176.704,7.23805,0.0688207,176.704,0.0,0.956557,278.173
1200_dose_8_gradient_0_VconcST_0.04_Vconc_4_run_0.csv,1200.0,8.0,0,4.0,0.04,4.0,0,6.5,209.444,7.0946,0.0815718,209.444,0.0,0.963117,244.447
1200_dose_8_gradient_0_VconcST_0.04_Vconc_4_run_0.csv,1200.0,8.0,0,4.0,0.04,4.0,0,6.75,241.397,6.954,0.0940168,241.397,0.0,0.967855,214.664
1200_dose_8_gradient_0_VconcST_0.04_Vconc_4_run_0.csv,1200.0,8.0,0,4.0,0.04,4.0,0,7.0,272.581,6.81618,0.106162,272.581,0.0,0.971435,185.999
1200_dose_8_gradient_0_VconcST_0.04_Vconc_4_run_0.csv,1200.0,8.0,0,4.0,0.04,4.0,0,7.25,303.01,6.68109,0.118013,303.01,0.0,0.974236,168.986
1200_dose_8_gradient_0_VconcST_0.04_Vconc_4_run_0.csv,1200.0,8.0,0,4.0,0.04,4.0,0,7.5,332.7,6.54868,0.129576,332.7,0.0,0.976485,154.685
1200_dose_8_gradient_0_VconcST_0.04_Vconc_4_run_0.csv,1200.0,8.0,0,4.0,0.04,4.0,0,7.75,361.666,6.41889,0.140858,361.666,0.0,0.978331,142.108
1200_dose_8_gradient_0_VconcST_0.04_Vconc_4_run_0.csv,1200.0,8.0,0,4.0,0.04,4.0,0,8.0,389.923,6.29168,0.151863,389.923,0.0,0.979872,133.367
1200_dose_8_gradient_0_VconcST_0.04_Vconc_4_run_0.csv,1200.0,8.0,0,4.0,0.04,4.0,0,8.25,417.486,6.16698,0.162598,417.486,0.0,0.981178,125.702
1200_dose_8_gradient_0_VconcST_0.04_Vconc_4_run_0.csv,1200.0,8.0,0,4.0,0.04,4.0,0,8.5,444.369,6.04476,0.173068,444.369,0.0,0.982298,115.549
1200_dose_8_gradient_0_VconcST_0.04_Vconc_4_run_0.csv,1200.0,8.0,0,4.0,0.04,4.0,0,8.75,470.586,5.92496,0.183279,470.586,0.0,0.983269,110.82
1200_dose_8_gradient_0_VconcST_0.04_Vconc_4_run_0.csv,1200.0,8.0,0,4.0,0.04,4.0,0,9.0,496.151,5.80754,0.193236,496.151,0.0,0.984118,105.079
1200_dose_8_gradient_0_VconcST_0.04_Vconc_4_run_0.csv,1200.0,8.0,0,4.0,0.04,4.0,0,9.25,521.077,5.69244,0.202943,521.077,0.0,0.984868,99.2749
1200_dose_8_gradient_0_VconcST_0.04_Vconc_4_run_0.csv,1200.0,8.0,0,4.0,0.04,4.0,0,9.5,545.377,5.57962,0.212407,545.377,0.0,0.985533,95.163
1200_dose_8_gradient_0_VconcST_0.04_Vconc_4_run_0.csv,1200.0,8.0,0,4.0,0.04,4.0,0,9.75,569.063,5.46904,0.221633,569.063,0.0,0.986127,88.8943
1200_dose_8_gradient_0_VconcST_0.04_Vconc_4_run_0.csv,1200.0,8.0,0,4.0,0.04,4.0,0,10.0,592.773,13.3606,0.230867,592.773,0.0,0.986662,87.1413
1200_dose_8_gradient_0_VconcST_0.04_Vconc_4_run_0.csv,1200.0,8.0,0,4.0,0.04,4.0,0,10.25,652.196,13.0959,0.25401,652.196,0.0,0.987864,80.7185
1200_dose_8_gradient_0_VconcST_0.04_Vconc_4_run_0.csv,1200.0,8.0,0,4.0,0.04,4.0,0,10.5,710.172,12.8363,0.27659,710.172,0.0,0.988846,73.4385
1200_dose_8_gradient_0_VconcST_0.04_Vconc_4_run_0.csv,1200.0,8.0,0,4.0,0.04,4.0,0,10.75,766.73,12.5819,0.298617,766.73,0.0,0.989661,67.4995
1200_dose_8_gradient_0_VconcST_0.04_Vconc_4_run_0.csv,1200.0,8.0,0,4.0,0.04,4.0,0,11.0,821.899,12.3326,0.320104,821.899,0.0,0.99035,63.3841
1200_dose_8_gradient_0_VconcST_0.04_Vconc_4_run_0.csv,1200.0,8.0,0,4.0,0.04,4.0,0,11.25,875.707,12.0881,0.341061,875.707,0.0,0.990938,59.9867
1200_dose_8_gradient_0_VconcST_0.04_Vconc_4_run_0.csv,1200.0,8.0,0,4.0,0.04,4.0,0,11.5,928.184,11.8486,0.361499,928.184,0.0,0.991447,56.3224
1200_dose_8_gradient_0_VconcST_0.04_Vconc_4_run_0.csv,1200.0,8.0,0,4.0,0.04,4.0,0,11.75,979.356,11.6137,0.381429,979.356,0.0,0.991891,53.1613
1200_dose_8_gradient_0_VconcST_0.04_Vconc_4_run_0.csv,1200.0,8.0,0,4.0,0.04,4.0,0,12.0,1029.25,11.3836,0.400861,1029.25,0.0,0.992281,50.5602
1200_dose_8_gradient_0_VconcST_0.04_Vconc_4_run_0.csv,1200.0,8.0,0,4.0,0.04,4.0,0,12.25,1077.89,11.158,0.419805,1077.89,0.0,0.992627,47.8697
1200_dose_8_gradient_0_VconcST_0.04_Vconc_4_run_0.csv,1200.0,8.0,0,4.0,0.04,4.0,0,12.5,1125.31,10.9368,0.438273,1125.31,0.0,0.992936,45.8839
1200_dose_8_gradient_0_VconcST_0.04_Vconc_4_run_0.csv,1200.0,8.0,0,4.0,0.04,4.0,0,12.75,1171.52,10.7201,0.456272,1171.52,0.0,0.993213,43.8567
1200_dose_8_gradient_0_VconcST_0.04_Vconc_4_run_0.csv,1200.0,8.0,0,4.0,0.04,4.0,0,13.0,1216.56,10.5076,0.473814,1216.56,0.0,0.993463,42.8561
1200_dose_8_gradient_0_VconcST_0.04_Vconc_4_run_0.csv,1200.0,8.0,0,4.0,0.04,4.0,0,13.25,1260.45,10.2994,0.490908,1260.45,0.0,0.99369,41.2821
1200_dose_8_gradient_0_VconcST_0.04_Vconc_4_run_0.csv,1200.0,8.0,0,4.0,0.04,4.0,0,13.5,1303.21,10.0952,0.507562,1303.21,0.0,0.993896,39.3722
1200_dose_8_gradient_0_VconcST_0.04_Vconc_4_run_0.csv,1200.0,8.0,0,4.0,0.04,4.0,0,13.75,1344.87,9.89516,0.523786,1344.87,0.0,0.994084,38.3854
1200_dose_8_gradient_0_VconcST_0.04_Vconc_4_run_0.csv,1200.0,8.0,0,4.0,0.04,4.0,0,14.0,1385.45,9.69905,0.539589,1385.45,0.0,0.994256,37.3887
1200_dose_8_gradient_0_VconcST_0.04_Vconc_4_run_0.csv,1200.0,8.0,0,4.0,0.04,4.0,0,14.25,1424.96,9.50683,0.554979,1424.96,0.0,0.994415,36.2725
1200_dose_8_gradient_0_VconcST_0.04_Vconc_4_run_0.csv,1200.0,8.0,0,4.0,0.04,4.0,0,14.5,1463.44,9.31841,0.569965,1463.44,0.0,0.994561,35.2629
1200_dose_8_gradient_0_VconcST_0.04_Vconc_4_run_0.csv,1200.0,8.0,0,4.0,0.04,4.0,0,14.75,1500.91,9.13373,0.584556,1500.91,0.0,0.994696,34.3502
1200_dose_8_gradient_0_VconcST_0.04_Vconc_4_run_0.csv,1200.0,8.0,0,4.0,0.04,4.0,0,15.0,1538.0,16.9527,0.599002,1538.0,0.0,0.994821,33.1465
1200_dose_8_gradient_0_VconcST_0.04_Vconc_4_run_0.csv,1200.0,8.0,0,4.0,0.04,4.0,0,15.25,1610.42,16.6167,0.627208,1610.42,0.0,0.995053,32.1231
1200_dose_8_gradient_0_VconcST_0.04_Vconc_4_run_0.csv,1200.0,8.0,0,4.0,0.04,4.0,0,15.5,1681.01,16.2874,0.654702,1681.01,0.0,0.99526,30.5985
1200_dose_8_gradient_0_VconcST_0.04_Vconc_4_run_0.csv,1200.0,8.0,0,4.0,0.04,4.0,0,15.75,1749.82,15.9646,0.6815,1749.82,0.0,0.995446,29.3756
1200_dose_8_gradient_0_VconcST_0.04_Vconc_4_run_0.csv,1200.0,8.0,0,4.0,0.04,4.0,0,16.0,1816.87,15.6482,0.707616,1816.87,0.0,0.995613,28.5128
1200_dose_8_gradient_0_VconcST_0.04_Vconc_4_run_0.csv,1200.0,8.0,0,4.0,0.04,4.0,0,16.25,1882.21,15.3381,0.733064,1882.21,0.0,0.995765,27.3698
1200_dose_8_gradient_0_VconcST_0.04_Vconc_4_run_0.csv,1200.0,8.0,0,4.0,0.04,4.0,0,16.5,1945.88,15.0341,0.757859,1945.88,0.0,0.995903,26.4806
1200_dose_8_gradient_0_VconcST_0.04_Vconc_4_run_0.csv,1200.0,8.0,0,4.0,0.04,4.0,0,16.75,2007.89,14.7361,0.782012,2007.89,0.0,0.996029,25.7037
1200_dose_8_gradient_0_VconcST_0.04_Vconc_4_run_0.csv,1200.0,8.0,0,4.0,0.04,4.0,0,17.0,2068.3,14.4441,0.805538,2068.3,0.0,0.996145,24.8974
1200_dose_8_gradient_0_VconcST_0.04_Vconc_4_run_0.csv,1200.0,8.0,0,4.0,0.04,4.0,0,17.25,2127.13,14.1578,0.828451,2127.13,0.0,0.996251,24.0504
1200_dose_8_gradient_0_VconcST_0.04_Vconc_4_run_0.csv,1200.0,8.0,0,4.0,0.04,4.0,0,17.5,2184.41,13.8772,0.850761,2184.41,0.0,0.99635,23.3715
1200_dose_8_gradient_0_VconcST_0.04_Vconc_4_run_0.csv,1200.0,8.0,0,4.0,0.04,4.0,0,17.75,2240.19,13.6022,0.872483,2240.19,0.0,0.99644,23.0018
1200_dose_8_gradient_0_VconcST_0.04_Vconc_4_run_0.csv,1200.0,8.0,0,4.0,0.04,4.0,0,18.0,2294.48,13.3326,0.893628,2294.48,0.0,0.996524,22.2196
1200_dose_8_gradient_0_VconcST_0.04_Vconc_4_run_0.csv,1200.0,8.0,0,4.0,0.04,4.0,0,18.25,2347.32,13.0684,0.914208,2347.32,0.0,0.996602,21.8302
1200_dose_8_gradient_0_VconcST_0.04_Vconc_4_run_0.csv,1200.0,8.0,0,4.0,0.04,4.0,0,18.5,2398.74,12.8094,0.934235,2398.74,0.0,0.996675,21.371
1200_dose_8_gradient_0_VconcST_0.04_Vconc_4_run_0.csv,1200.0,8.0,0,4.0,0.04,4.0,0,18.75,2448.77,12.5555,0.95372,2448.77,0.0,0.996743,20.9631
1200_dose_8_gradient_0_VconcST_0.04_Vconc_4_run_0.csv,1200.0,8.0,0,4.0,0.04,4.0,0,19.0,2497.44,12.3067,0.972675,2497.44,0.0,0.996806,20.5929
1200_dose_8_gradient_0_VconcST_0.04_Vconc_4_run_0.csv,1200.0,8.0,0,4.0,0.04,4.0,0,19.25,2544.78,12.0628,0.991111,2544.78,0.0,0.996865,20.2112
1200_dose_8_gradient_0_VconcST_0.04_Vconc_4_run_0.csv,1200.0,8.0,0,4.0,0.04,4.0,0,19.5,2590.81,11.8237,1.00904,2590.81,0.0,0.996921,19.7708
1200_dose_8_gradient_0_VconcST_0.04_Vconc_4_run_0.csv,1200.0,8.0,0,4.0,0.04,4.0,0,19.75,2635.56,11.5894,1.02647,2635.56,0.0,0.996973,19.4635
1200_dose_8_gradient_0_VconcST_0.04_Vconc_4_run_0.csv,1200.0,8.0,0,4.0,0.04,4.0,0,20.0,2679.69,19.3597,1.04365,2679.69,0.0,0.997022,19.1269
1200_dose_8_gradient_0_VconcST_0.04_Vconc_4_run_0.csv,1200.0,8.0,0,4.0,0.04,4.0,0,20.25,2758.89,18.976,1.0745,2758.89,0.0,0.997107,18.7007
1200_dose_8_gradient_0_VconcST_0.04_Vconc_4_run_0.csv,1200.0,8.0,0,4.0,0.04,4.0,0,20.5,2836.02,18.5999,1.10454,2836.02,0.0,0.997186,18.0464
1200_dose_8_gradient_0_VconcST_0.04_Vconc_4_run_0.csv,1200.0,8.0,0,4.0,0.04,4.0,0,20.75,2911.12,18.2313,1.13379,2911.12,0.0,0.997258,17.5753
1200_dose_8_gradient_0_VconcST_0.04_Vconc_4_run_0.csv,1200.0,8.0,0,4.0,0.04,4.0,0,21.0,2984.23,17.87,1.16227,2984.23,0.0,0.997325,17.1897
1200_dose_8_gradient_0_VconcST_0.04_Vconc_4_run_0.csv,1200.0,8.0,0,4.0,0.04,4.0,0,21.25,3055.4,17.5158,1.18998,3055.4,0.0,0.997388,16.767
1200_dose_8_gradient_0_VconcST_0.04_Vconc_4_run_0.csv,1200.0,8.0,0,4.0,0.04,4.0,0,21.5,3124.67,17.1686,1.21696,3124.67,0.0,0.997445,16.3923
1200_dose_8_gradient_0_VconcST_0.04_Vconc_4_run_0.csv,1200.0,8.0,0,4.0,0.04,4.0,0,21.75,3192.07,16.8284,1.24321,3192.07,0.0,0.997499,15.9286
1200_dose_8_gradient_0_VconcST_0.04_Vconc_4_run_0.csv,1200.0,8.0,0,4.0,0.04,4.0,0,22.0,3257.64,16.4948,1.26875,3257.64,0.0,0.997549,15.7336
1200_dose_8_gradient_0_VconcST_0.04_Vconc_4_run_0.csv,1200.0,8.0,0,4.0,0.04,4.0,0,22.25,3321.43,16.1679,1.29359,3321.43,0.0,0.997596,15.4029
1200_dose_8_gradient_0_VconcST_0.04_Vconc_4_run_0.csv,1200.0,8.0,0,4.0,0.04,4.0,0,22.5,3383.46,15.8475,1.31775,3383.46,0.0,0.99764,15.1218
1200_dose_8_gradient_0_VconcST_0.04_Vconc_4_run_0.csv,1200.0,8.0,0,4.0,0.04,4.0,0,22.75,3443.78,15.5334,1.34125,3443.78,0.0,0.997682,14.8621
1200_dose_8_gradient_0_VconcST_0.04_Vconc_4_run_0.csv,1200.0,8.0,0,4.0,0.04,4.0,0,23.0,3502.43,15.2256,1.36409,3502.43,0.0,0.99772,14.6187
1200_dose_8_gradient_0_VconcST_0.04_Vconc_4_run_0.csv,1200.0,8.0,0,4.0,0.04,4.0,0,23.25,3559.42,14.9238,1.38629,3559.42,0.0,0.997757,14.3925
1200_dose_8_gradient_0_VconcST_0.04_Vconc_4_run_0.csv,1200.0,8.0,0,4.0,0.04,4.0,0,23.5,3614.81,14.628,1.40786,3614.81,0.0,0.997791,14.2467
1200_dose_8_gradient_0_VconcST_0.04_Vconc_4_run_0.csv,1200.0,8.0,0,4.0,0.04,4.0,0,23.75,3668.63,14.3381,1.42882,3668.63,0.0,0.997824,14.0275
1200_dose_8_gradient_0_VconcST_0.04_Vconc_4_run_0.csv,1200.0,8.0,0,4.0,0.04,4.0,0,24.0,3720.9,14.054,1.44918,3720.9,0.0,0.997854,13.7377
1200_dose_8_gradient_0_VconcST_0.04_Vconc_4_run_0.csv,1200.0,8.0,0,4.0,0.04,4.0,0,24.25,3771.66,13.7754,1.46895,3771.66,0.0,0.997883,13.5241
1200_dose_8_gradient_0_VconcST_0.04_Vconc_4_run_0.csv,1200.0,8.0,0,4.0,0.04,4.0,0,24.5,3820.95,13.5024,1.48814,3820.95,0.0,0.99791,13.3475
1200_dose_8_gradient_0_VconcST_0.04_Vconc_4_run_0.csv,1200.0,8.0,0,4.0,0.04,4.0,0,24.75,3868.78,13.2348,1.50677,3868.78,0.0,0.997936,13.2176
1200_dose_8_gradient_0_VconcST_0.04_Vconc_4_run_0.csv,1200.0,8.0,0,4.0,0.04,4.0,0,25.0,3915.83,20.9725,1.52509,3915.83,0.0,0.99796,13.0238
1200_dose_8_gradient_0_VconcST_0.04_Vconc_4_run_0.csv,1200.0,8.0,0,4.0,0.04,4.0,0,25.25,3997.78,20.5569,1.55701,3997.78,0.0,0.998002,12.8381
1200_dose_8_gradient_0_VconcST_0.04_Vconc_4_run_0.csv,1200.0,8.0,0,4.0,0.04,4.0,0,25.5,4077.51,20.1495,1.58807,4077.51,0.0,0.998041,12.5527
1200_dose_8_gradient_0_VconcST_0.04_Vconc_4_run_0.csv,1200.0,8.0,0,4.0,0.04,4.0,0,25.75,4155.06,19.7501,1.61827,4155.06,0.0,0.998078,12.2649
1200_dose_8_gradient_0_VconcST_0.04_Vconc_4_run_0.csv,1200.0,8.0,0,4.0,0.04,4.0,0,26.0,4230.47,19.3587,1.64764,4230.47,0.0,0.998112,12.0887
1200_dose_8_gradient_0_VconcST_0.04_Vconc_4_run_0.csv,1200.0,8.0,0,4.0,0.04,4.0,0,26.25,4303.78,18.975,1.67619,4303.78,0.0,0.998144,11.9327
1200_dose_8_gradient_0_VconcST_0.04_Vconc_4_run_0.csv,1200.0,8.0,0,4.0,0.04,4.0,0,26.5,4375.05,18.599,1.70395,4375.05,0.0,0.998174,11.7016
1200_dose_8_gradient_0_VconcST_0.04_Vconc_4_run_0.csv,1200.0,8.0,0,4.0,0.04,4.0,0,26.75,4444.31,18.2304,1.73092,4444.31,0.0,0.998203,11.5358
1200_dose_8_gradient_0_VconcST_0.04_Vconc_4_run_0.csv,1200.0,8.0,0,4.0,0.04,4.0,0,27.0,4511.61,17.869,1.75713,4511.61,0.0,0.99823,11.3792
1200_dose_8_gradient_0_VconcST_0.04_Vconc_4_run_0.csv,1200.0,8.0,0,4.0,0.04,4.0,0,27.25,4576.98,17.5149,1.78259,4576.98,0.0,0.998255,11.0576
1200_dose_8_gradient_0_VconcST_0.04_Vconc_4_run_0.csv,1200.0,8.0,0,4.0,0.04,4.0,0,27.5,4640.47,17.1678,1.80732,4640.47,0.0,0.998279,10.9808
1200_dose_8_gradient_0_VconcST_0.04_Vconc_4_run_0.csv,1200.0,8.0,0,4.0,0.04,4.0,0,27.75,4702.12,16.8275,1.83133,4702.12,0.0,0.998301,10.8647
1200_dose_8_gradient_0_VconcST_0.04_Vconc_4_run_0.csv,1200.0,8.0,0,4.0,0.04,4.0,0,28.0,4761.96,16.494,1.85464,4761.96,0.0,0.998322,10.6542
1200_dose_8_gradient_0_VconcST_0.04_Vconc_4_run_0.csv,1200.0,8.0,0,4.0,0.04,4.0,0,28.25,4820.04,16.1671,1.87726,4820.04,0.0,0.998343,10.5039
1200_dose_8_gradient_0_VconcST_0.04_Vconc_4_run_0.csv,1200.0,8.0,0,4.0,0.04,4.0,0,28.5,4876.39,15.8467,1.8992,4876.39,0.0,0.998362,10.4205
1200_dose_8_gradient_0_VconcST_0.04_Vconc_4_run_0.csv,1200.0,8.0,0,4.0,0.04,4.0,0,28.75,4931.05,15.5326,1.92049,4931.05,0.0,0.99838,10.3929
1200_dose_8_gradient_0_VconcST_0.04_Vconc_2.4_run_0.csv,1200.0,8.0,0,2.4,0.04,2.4,0,0.0,0.0,0.0,0.0,0.0,0.0,0.0,0.0
1200_dose_8_gradient_0_VconcST_0.04_Vconc_2.4_run_0.csv,1200.0,8.0,0,2.4,0.04,2.4,0,0.25,0.0,0.0,0.0,0.0,8.24653e-05,0.0,5711.84
1200_dose_8_gradient_0_VconcST_0.04_Vconc_2.4_run_0.csv,1200.0,8.0,0,2.4,0.04,2.4,0,0.5,0.0,0.0,0.0,0.0,0.0,0.0,184.987
1200_dose_8_gradient_0_VconcST_0.04_Vconc_2.4_run_0.csv,1200.0,8.0,0,2.4,0.04,2.4,0,0.75,0.0,0.0,0.0,0.0,0.0,0.0,6010.55
1200_dose_8_gradient_0_VconcST_0.04_Vconc_2.4_run_0.csv,1200.0,8.0,0,2.4,0.04,2.4,0,1.0,0.0,0.0,0.0,0.0,0.0,0.0,188.729
1200_dose_8_gradient_0_VconcST_0.04_Vconc_2.4_run_0.csv,1200.0,8.0,0,2.4,0.04,2.4,0,1.25,0.0,0.0,0.0,0.0,0.0,0.0,5785.24
1200_dose_8_gradient_0_VconcST_0.04_Vconc_2.4_run_0.csv,1200.0,8.0,0,2.4,0.04,2.4,0,1.5,0.0,0.0,0.0,0.0,0.0,0.0,186.571
1200_dose_8_gradient_0_VconcST_0.04_Vconc_2.4_run_0.csv,1200.0,8.0,0,2.4,0.04,2.4,0,1.75,0.0,0.0,0.0,0.0,0.0,0.0,5831.19
1200_dose_8_gradient_0_VconcST_0.04_Vconc_2.4_run_0.csv,1200.0,8.0,0,2.4,0.04,2.4,0,2.0,0.0,0.0,0.0,0.0,0.0,0.0,185.792
1200_dose_8_gradient_0_VconcST_0.04_Vconc_2.4_run_0.csv,1200.0,8.0,0,2.4,0.04,2.4,0,2.25,0.0,0.0,0.0,0.0,0.0,0.0,5701.21
1200_dose_8_gradient_0_VconcST_0.04_Vconc_2.4_run_0.csv,1200.0,8.0,0,2.4,0.04,2.4,0,2.5,0.0,0.0,0.0,0.0,0.0,0.0,180.271
1200_dose_8_gradient_0_VconcST_0.04_Vconc_2.4_run_0.csv,1200.0,8.0,0,2.4,0.04,2.4,0,2.75,0.0,0.0,0.0,0.0,0.0,0.0,5835.17
1200_dose_8_gradient_0_VconcST_0.04_Vconc_2.4_run_0.csv,1200.0,8.0,0,2.4,0.04,2.4,0,3.0,0.0,0.0,0.0,0.0,0.0,0.0,190.218
1200_dose_8_gradient_0_VconcST_0.04_Vconc_2.4_run_0.csv,1200.0,8.0,0,2.4,0.04,2.4,0,3.25,0.0,0.0,0.0,0.0,0.0,0.0,5576.45
1200_dose_8_gradient_0_VconcST_0.04_Vconc_2.4_run_0.csv,1200.0,8.0,0,2.4,0.04,2.4,0,3.5,0.0,0.0,0.0,0.0,0.0,0.0,180.978
1200_dose_8_gradient_0_VconcST_0.04_Vconc_2.4_run_0.csv,1200.0,8.0,0,2.4,0.04,2.4,0,3.75,0.0,0.0,0.0,0.0,0.00123698,0.0,5867.9
1200_dose_8_gradient_0_VconcST_0.04_Vconc_2.4_run_0.csv,1200.0,8.0,0,2.4,0.04,2.4,0,4.0,0.0,0.0,0.0,0.0,0.0,0.0,181.18
1200_dose_8_gradient_0_VconcST_0.04_Vconc_2.4_run_0.csv,1200.0,8.0,0,2.4,0.04,2.4,0,4.25,0.0,0.0,0.0,0.0,0.000147569,0.0,5936.91
1200_dose_8_gradient_0_VconcST_0.04_Vconc_2.4_run_0.csv,1200.0,8.0,0,2.4,0.04,2.4,0,4.5,0.0,0.0,0.0,0.0,0.0,0.0,191.446
1200_dose_8_gradient_0_VconcST_0.04_Vconc_2.4_run_0.csv,1200.0,8.0,0,2.4,0.04,2.4,0,4.75,0.0,0.0,0.0,0.0,0.0,0.0,5963.26
1200_dose_8_gradient_0_VconcST_0.04_Vconc_2.4_run_0.csv,1200.0,8.0,0,2.4,0.04,2.4,0,5.0,0.6229,8.0,0.0002426,0.6229,0.0,0.0,186.841
1200_dose_8_gradient_0_VconcST_0.04_Vconc_2.4_run_0.csv,1200.0,8.0,0,2.4,0.04,2.4,0,5.25,37.5475,7.84145,0.0146236,37.5475,0.0,0.821982,920.232
1200_dose_8_gradient_0_VconcST_0.04_Vconc_2.4_run_0.csv,1200.0,8.0,0,2.4,0.04,2.4,0,5.5,73.6004,7.68604,0.0286651,73.6004,0.0,0.901243,376.404
1200_dose_8_gradient_0_VconcST_0.04_Vconc_2.4_run_0.csv,1200.0,8.0,0,2.4,0.04,2.4,0,5.75,108.799,7.53371,0.0423739,108.799,0.0,0.931165,273.215
1200_dose_8_gradient_0_VconcST_0.04_Vconc_2.4_run_0.csv,1200.0,8.0,0,2.4,0.04,2.4,0,6.0,143.161,7.3844,0.0557568,143.161,0.0,0.946877,210.273
1200_dose_8_gradient_0_VconcST_0.04_Vconc_2.4_run_0.csv,1200.0,8.0,0,2.4,0.04,2.4,0,6.25,176.704,7.23805,0.0688207,176.704,0.0,0.956557,177.455
1200_dose_8_gradient_0_VconcST_0.04_Vconc_2.4_run_0.csv,1200.0,8.0,0,2.4,0.04,2.4,0,6.5,209.444,7.0946,0.0815718,209.444,0.0,0.963117,148.385
1200_dose_8_gradient_0_VconcST_0.04_Vconc_2.4_run_0.csv,1200.0,8.0,0,2.4,0.04,2.4,0,6.75,241.397,6.954,0.0940168,241.397,0.0,0.967855,127.586
1200_dose_8_gradient_0_VconcST_0.04_Vconc_2.4_run_0.csv,1200.0,8.0,0,2.4,0.04,2.4,0,7.0,272.581,6.81618,0.106162,272.581,0.0,0.971435,114.601
1200_dose_8_gradient_0_VconcST_0.04_Vconc_2.4_run_0.csv,1200.0,8.0,0,2.4,0.04,2.4,0,7.25,303.01,6.68109,0.118013,303.01,0.0,0.974236,101.844
1200_dose_8_gradient_0_VconcST_0.04_Vconc_2.4_run_0.csv,1200.0,8.0,0,2.4,0.04,2.4,0,7.5,332.7,6.54868,0.129576,332.7,0.0,0.976485,92.6764
1200_dose_8_gradient_0_VconcST_0.04_Vconc_2.4_run_0.csv,1200.0,8.0,0,2.4,0.04,2.4,0,7.75,361.666,6.41889,0.140858,361.666,0.0,0.978331,85.2329
1200_dose_8_gradient_0_VconcST_0.04_Vconc_2.4_run_0.csv,1200.0,8.0,0,2.4,0.04,2.4,0,8.0,389.923,6.29168,0.151863,389.923,0.0,0.979872,78.4945
1200_dose_8_gradient_0_VconcST_0.04_Vconc_2.4_run_0.csv,1200.0,8.0,0,2.4,0.04,2.4,0,8.25,417.486,6.16698,0.162598,417.486,0.0,0.981178,74.5852
1200_dose_8_gradient_0_VconcST_0.04_Vconc_2.4_run_0.csv,1200.0,8.0,0,2.4,0.04,2.4,0,8.5,444.369,6.04476,0.173068,444.369,0.0,0.982298,69.1688
1200_dose_8_gradient_0_VconcST_0.04_Vconc_2.4_run_0.csv,1200.0,8.0,0,2.4,0.04,2.4,0,8.75,470.586,5.92496,0.183279,470.586,0.0,0.983269,66.4877
1200_dose_8_gradient_0_VconcST_0.04_Vconc_2.4_run_0.csv,1200.0,8.0,0,2.4,0.04,2.4,0,9.0,496.151,5.80754,0.193236,496.151,0.0,0.984118,62.2481
1200_dose_8_gradient_0_VconcST_0.04_Vconc_2.4_run_0.csv,1200.0,8.0,0,2.4,0.04,2.4,0,9.25,521.077,5.69244,0.202943,521.077,0.0,0.984868,59.0604
1200_dose_8_gradient_0_VconcST_0.04_Vconc_2.4_run_0.csv,1200.0,8.0,0,2.4,0.04,2.4,0,9.5,545.377,5.57962,0.212407,545.377,0.0,0.985533,56.5041
1200_dose_8_gradient_0_VconcST_0.04_Vconc_2.4_run_0.csv,1200.0,8.0,0,2.4,0.04,2.4,0,9.75,569.063,5.46904,0.221633,569.063,0.0,0.986127,54.2333
1200_dose_8_gradient_0_VconcST_0.04_Vconc_2.4_run_0.csv,1200.0,8.0,0,2.4,0.04,2.4,0,10.0,592.773,13.3606,0.230867,592.773,0.0,0.986662,52.1533
1200_dose_8_gradient_0_VconcST_0.04_Vconc_2.4_run_0.csv,1200.0,8.0,0,2.4,0.04,2.4,0,10.25,652.196,13.0959,0.25401,652.196,0.0,0.987864,47.9142
1200_dose_8_gradient_0_VconcST_0.04_Vconc_2.4_run_0.csv,1200.0,8.0,0,2.4,0.04,2.4,0,10.5,710.172,12.8363,0.27659,710.172,0.0,0.988846,44.2236
1200_dose_8_gradient_0_VconcST_0.04_Vconc_2.4_run_0.csv,1200.0,8.0,0,2.4,0.04,2.4,0,10.75,766.73,12.5819,0.298617,766.73,0.0,0.989661,40.3377
1200_dose_8_gradient_0_VconcST_0.04_Vconc_2.4_run_0.csv,1200.0,8.0,0,2.4,0.04,2.4,0,11.0,821.899,12.3326,0.320104,821.899,0.0,0.99035,37.5244
1200_dose_8_gradient_0_VconcST_0.04_Vconc_2.4_run_0.csv,1200.0,8.0,0,2.4,0.04,2.4,0,11.25,875.707,12.0881,0.341061,875.707,0.0,0.990938,35.2001
1200_dose_8_gradient_0_VconcST_0.04_Vconc_2.4_run_0.csv,1200.0,8.0,0,2.4,0.04,2.4,0,11.5,928.184,11.8486,0.361499,928.184,0.0,0.991447,33.9386
1200_dose_8_gradient_0_VconcST_0.04_Vconc_2.4_run_0.csv,1200.0,8.0,0,2.4,0.04,2.4,0,11.75,979.356,11.6137,0.381429,979.356,0.0,0.991891,31.6317
1200_dose_8_gradient_0_VconcST_0.04_Vconc_2.4_run_0.csv,1200.0,8.0,0,2.4,0.04,2.4,0,12.0,1029.25,11.3836,0.400861,1029.25,0.0,0.992281,30.0406
1200_dose_8_gradient_0_VconcST_0.04_Vconc_2.4_run_0.csv,1200.0,8.0,0,2.4,0.04,2.4,0,12.25,1077.89,11.158,0.419805,1077.89,0.0,0.992627,28.9502
1200_dose_8_gradient_0_VconcST_0.04_Vconc_2.4_run_0.csv,1200.0,8.0,0,2.4,0.04,2.4,0,12.5,1125.31,10.9368,0.438273,1125.31,0.0,0.992936,27.5513
1200_dose_8_gradient_0_VconcST_0.04_Vconc_2.4_run_0.csv,1200.0,8.0,0,2.4,0.04,2.4,0,12.75,1171.52,10.7201,0.456272,1171.52,0.0,0.993213,26.3679
1200_dose_8_gradient_0_VconcST_0.04_Vconc_2.4_run_0.csv,1200.0,8.0,0,2.4,0.04,2.4,0,13.0,1216.56,10.5076,0.473814,1216.56,0.0,0.993463,25.2762
1200_dose_8_gradient_0_VconcST_0.04_Vconc_2.4_run_0.csv,1200.0,8.0,0,2.4,0.04,2.4,0,13.25,1260.45,10.2994,0.490908,1260.45,0.0,0.99369,24.4586
1200_dose_8_gradient_0_VconcST_0.04_Vconc_2.4_run_0.csv,1200.0,8.0,0,2.4,0.04,2.4,0,13.5,1303.21,10.0952,0.507562,1303.21,0.0,0.993896,23.9043
1200_dose_8_gradient_0_VconcST_0.04_Vconc_2.4_run_0.csv,1200.0,8.0,0,2.4,0.04,2.4,0,13.75,1344.87,9.89516,0.523786,1344.87,0.0,0.994084,22.8705
1200_dose_8_gradient_0_VconcST_0.04_Vconc_2.4_run_0.csv,1200.0,8.0,0,2.4,0.04,2.4,0,14.0,1385.45,9.69905,0.539589,1385.45,0.0,0.994256,22.1398
1200_dose_8_gradient_0_VconcST_0.04_Vconc_2.4_run_0.csv,1200.0,8.0,0,2.4,0.04,2.4,0,14.25,1424.96,9.50683,0.554979,1424.96,0.0,0.994415,21.5442
1200_dose_8_gradient_0_VconcST_0.04_Vconc_2.4_run_0.csv,1200.0,8.0,0,2.4,0.04,2.4,0,14.5,1463.44,9.31841,0.569965,1463.44,0.0,0.994561,21.099
1200_dose_8_gradient_0_VconcST_0.04_Vconc_2.4_run_0.csv,1200.0,8.0,0,2.4,0.04,2.4,0,14.75,1500.91,9.13373,0.584556,1500.91,0.0,0.994696,20.4506
1200_dose_8_gradient_0_VconcST_0.04_Vconc_2.4_run_0.csv,1200.0,8.0,0,2.4,0.04,2.4,0,15.0,1538.0,16.9527,0.599002,1538.0,0.0,0.994821,19.9577
1200_dose_8_gradient_0_VconcST_0.04_Vconc_2.4_run_0.csv,1200.0,8.0,0,2.4,0.04,2.4,0,15.25,1610.42,16.6167,0.627208,1610.42,0.0,0.995053,19.288
1200_dose_8_gradient_0_VconcST_0.04_Vconc_2.4_run_0.csv,1200.0,8.0,0,2.4,0.04,2.4,0,15.5,1681.01,16.2874,0.654702,1681.01,0.0,0.99526,18.4288
1200_dose_8_gradient_0_VconcST_0.04_Vconc_2.4_run_0.csv,1200.0,8.0,0,2.4,0.04,2.4,0,15.75,1749.82,15.9646,0.6815,1749.82,0.0,0.995446,17.5011
1200_dose_8_gradient_0_VconcST_0.04_Vconc_2.4_run_0.csv,1200.0,8.0,0,2.4,0.04,2.4,0,16.0,1816.87,15.6482,0.707616,1816.87,0.0,0.995613,16.9819
1200_dose_8_gradient_0_VconcST_0.04_Vconc_2.4_run_0.csv,1200.0,8.0,0,2.4,0.04,2.4,0,16.25,1882.21,15.3381,0.733064,1882.21,0.0,0.995765,16.3005
1200_dose_8_gradient_0_VconcST_0.04_Vconc_2.4_run_0.csv,1200.0,8.0,0,2.4,0.04,2.4,0,16.5,1945.88,15.0341,0.757859,1945.88,0.0,0.995903,15.8827
1200_dose_8_gradient_0_VconcST_0.04_Vconc_2.4_run_0.csv,1200.0,8.0,0,2.4,0.04,2.4,0,16.75,2007.89,14.7361,0.782012,2007.89,0.0,0.996029,15.5814
1200_dose_8_gradient_0_VconcST_0.04_Vconc_2.4_run_0.csv,1200.0,8.0,0,2.4,0.04,2.4,0,17.0,2068.3,14.4441,0.805538,2068.3,0.0,0.996145,14.8871
1200_dose_8_gradient_0_VconcST_0.04_Vconc_2.4_run_0.csv,1200.0,8.0,0,2.4,0.04,2.4,0,17.25,2127.13,14.1578,0.828451,2127.13,0.0,0.996251,14.4344
1200_dose_8_gradient_0_VconcST_0.04_Vconc_2.4_run_0.csv,1200.0,8.0,0,2.4,0.04,2.4,0,17.5,2184.41,13.8772,0.850761,2184.41,0.0,0.99635,14.0758
1200_dose_8_gradient_0_VconcST_0.04_Vconc_2.4_run_0.csv,1200.0,8.0,0,2.4,0.04,2.4,0,17.75,2240.19,13.6022,0.872483,2240.19,0.0,0.99644,13.7816
1200_dose_8_gradient_0_VconcST_0.04_Vconc_2.4_run_0.csv,1200.0,8.0,0,2.4,0.04,2.4,0,18.0,2294.48,13.3326,0.893628,2294.48,0.0,0.996524,13.3623
1200_dose_8_gradient_0_VconcST_0.04_Vconc_2.4_run_0.csv,1200.0,8.0,0,2.4,0.04,2.4,0,18.25,2347.32,13.0684,0.914208,2347.32,0.0,0.996602,13.0783
1200_dose_8_gradient_0_VconcST_0.04_Vconc_2.4_run_0.csv,1200.0,8.0,0,2.4,0.04,2.4,0,18.5,2398.74,12.8094,0.934235,2398.74,0.0,0.996675,12.7019
1200_dose_8_gradient_0_VconcST_0.04_Vconc_2.4_run_0.csv,1200.0,8.0,0,2.4,0.04,2.4,0,18.75,2448.77,12.5555,0.95372,2448.77,0.0,0.996743,12.5103
1200_dose_8_gradient_0_VconcST_0.04_Vconc_2.4_run_0.csv,1200.0,8.0,0,2.4,0.04,2.4,0,19.0,2497.44,12.3067,0.972675,2497.44,0.0,0.996806,12.2109
1200_dose_8_gradient_0_VconcST_0.04_Vconc_2.4_run_0.csv,1200.0,8.0,0,2.4,0.04,2.4,0,19.25,2544.78,12.0628,0.991111,2544.78,0.0,0.996865,12.0247
1200_dose_8_gradient_0_VconcST_0.04_Vconc_2.4_run_0.csv,1200.0,8.0,0,2.4,0.04,2.4,0,19.5,2590.81,11.8237,1.00904,2590.81,0.0,0.996921,11.769
1200_dose_8_gradient_0_VconcST_0.04_Vconc_2.4_run_0.csv,1200.0,8.0,0,2.4,0.04,2.4,0,19.75,2635.56,11.5894,1.02647,2635.56,0.0,0.996973,11.6099
1200_dose_8_gradient_0_VconcST_0.04_Vconc_2.4_run_0.csv,1200.0,8.0,0,2.4,0.04,2.4,0,20.0,2679.69,19.3597,1.04365,2679.69,0.0,0.997022,11.4109
1200_dose_8_gradient_0_VconcST_0.04_Vconc_2.4_run_0.csv,1200.0,8.0,0,2.4,0.04,2.4,0,20.25,2758.89,18.976,1.0745,2758.89,0.0,0.997107,11.1137
1200_dose_8_gradient_0_VconcST_0.04_Vconc_2.4_run_0.csv,1200.0,8.0,0,2.4,0.04,2.4,0,20.5,2836.02,18.5999,1.10454,2836.02,0.0,0.997186,10.8138
1200_dose_8_gradient_0_VconcST_0.04_Vconc_2.4_run_0.csv,1200.0,8.0,0,2.4,0.04,2.4,0,20.75,2911.12,18.2313,1.13379,2911.12,0.0,0.997258,10.5537
1200_dose_8_gradient_0_VconcST_0.04_Vconc_2.4_run_0.csv,1200.0,8.0,0,2.4,0.04,2.4,0,21.0,2984.23,17.87,1.16227,2984.23,0.0,0.997325,10.229
1200_dose_8_gradient_0_VconcST_0.04_Vconc_2.4_run_0.csv,1200.0,8.0,0,2.4,0.04,2.4,0,21.25,3055.4,17.5158,1.18998,3055.4,0.0,0.997388,10.0299
1200_dose_8_gradient_0_VconcST_0.04_Vconc_2.4_run_0.csv,1200.0,8.0,0,2.4,0.04,2.4,0,21.5,3124.67,17.1686,1.21696,3124.67,0.0,0.997445,9.86687
1200_dose_8_gradient_0_VconcST_0.04_Vconc_2.4_run_0.csv,1200.0,8.0,0,2.4,0.04,2.4,0,21.75,3192.07,16.8284,1.24321,3192.07,0.0,0.997499,9.57926
1200_dose_8_gradient_0_VconcST_0.04_Vconc_2.4_run_0.csv,1200.0,8.0,0,2.4,0.04,2.4,0,22.0,3257.64,16.4948,1.26875,3257.64,0.0,0.997549,9.39643
1200_dose_8_gradient_0_VconcST_0.04_Vconc_2.4_run_0.csv,1200.0,8.0,0,2.4,0.04,2.4,0,22.25,3321.43,16.1679,1.29359,3321.43,0.0,0.997596,9.18114
1200_dose_8_gradient_0_VconcST_0.04_Vconc_2.4_run_0.csv,1200.0,8.0,0,2.4,0.04,2.4,0,22.5,3383.46,15.8475,1.31775,3383.46,0.0,0.99764,9.07642
1200_dose_8_gradient_0_VconcST_0.04_Vconc_2.4_run_0.csv,1200.0,8.0,0,2.4,0.04,2.4,0,22.75,3443.78,15.5334,1.34125,3443.78,0.0,0.997682,8.90238
1200_dose_8_gradient_0_VconcST_0.04_Vconc_2.4_run_0.csv,1200.0,8.0,0,2.4,0.04,2.4,0,23.0,3502.43,15.2256,1.36409,3502.43,0.0,0.99772,8.80492
1200_dose_8_gradient_0_VconcST_0.04_Vconc_2.4_run_0.csv,1200.0,8.0,0,2.4,0.04,2.4,0,23.25,3559.42,14.9238,1.38629,3559.42,0.0,0.997757,8.66306
1200_dose_8_gradient_0_VconcST_0.04_Vconc_2.4_run_0.csv,1200.0,8.0,0,2.4,0.04,2.4,0,23.5,3614.81,14.628,1.40786,3614.81,0.0,0.997791,8.44571
1200_dose_8_gradient_0_VconcST_0.04_Vconc_2.4_run_0.csv,1200.0,8.0,0,2.4,0.04,2.4,0,23.75,3668.63,14.3381,1.42882,3668.63,0.0,0.997824,8.35535
1200_dose_8_gradient_0_VconcST_0.04_Vconc_2.4_run_0.csv,1200.0,8.0,0,2.4,0.04,2.4,0,24.0,3720.9,14.054,1.44918,3720.9,0.0,0.997854,8.23053
1200_dose_8_gradient_0_VconcST_0.04_Vconc_2.4_run_0.csv,1200.0,8.0,0,2.4,0.04,2.4,0,24.25,3771.66,13.7754,1.46895,3771.66,0.0,0.997883,8.11181
1200_dose_8_gradient_0_VconcST_0.04_Vconc_2.4_run_0.csv,1200.0,8.0,0,2.4,0.04,2.4,0,24.5,3820.95,13.5024,1.48814,3820.95,0.0,0.99791,8.01443
1200_dose_8_gradient_0_VconcST_0.04_Vconc_2.4_run_0.csv,1200.0,8.0,0,2.4,0.04,2.4,0,24.75,3868.78,13.2348,1.50677,3868.78,0.0,0.997936,7.89834
1200_dose_8_gradient_0_VconcST_0.04_Vconc_2.4_run_0.csv,1200.0,8.0,0,2.4,0.04,2.4,0,25.0,3915.83,20.9725,1.52509,3915.83,0.0,0.99796,7.81976
1200_dose_8_gradient_0_VconcST_0.04_Vconc_2.4_run_0.csv,1200.0,8.0,0,2.4,0.04,2.4,0,25.25,3997.78,20.5569,1.55701,3997.78,0.0,0.998002,7.68407
1200_dose_8_gradient_0_VconcST_0.04_Vconc_2.4_run_0.csv,1200.0,8.0,0,2.4,0.04,2.4,0,25.5,4077.51,20.1495,1.58807,4077.51,0.0,0.998041,7.53044
1200_dose_8_gradient_0_VconcST_0.04_Vconc_2.4_run_0.csv,1200.0,8.0,0,2.4,0.04,2.4,0,25.75,4155.06,19.7501,1.61827,4155.06,0.0,0.998078,7.35041
1200_dose_8_gradient_0_VconcST_0.04_Vconc_2.4_run_0.csv,1200.0,8.0,0,2.4,0.04,2.4,0,26.0,4230.47,19.3587,1.64764,4230.47,0.0,0.998112,7.24413
1200_dose_8_gradient_0_VconcST_0.04_Vconc_2.4_run_0.csv,1200.0,8.0,0,2.4,0.04,2.4,0,26.25,4303.78,18.975,1.67619,4303.78,0.0,0.998144,7.09587
1200_dose_8_gradient_0_VconcST_0.04_Vconc_2.4_run_0.csv,1200.0,8.0,0,2.4,0.04,2.4,0,26.5,4375.05,18.599,1.70395,4375.05,0.0,0.998174,6.98593
1200_dose_8_gradient_0_VconcST_0.04_Vconc_2.4_run_0.csv,1200.0,8.0,0,2.4,0.04,2.4,0,26.75,4444.31,18.2304,1.73092,4444.31,0.0,0.998203,6.88173
1200_dose_8_gradient_0_VconcST_0.04_Vconc_2.4_run_0.csv,1200.0,8.0,0,2.4,0.04,2.4,0,27.0,4511.61,17.869,1.75713,4511.61,0.0,0.99823,6.77257
1200_dose_8_gradient_0_VconcST_0.04_Vconc_2.4_run_0.csv,1200.0,8.0,0,2.4,0.04,2.4,0,27.25,4576.98,17.5149,1.78259,4576.98,0.0,0.998255,6.70413
1200_dose_8_gradient_0_VconcST_0.04_Vconc_2.4_run_0.csv,1200.0,8.0,0,2.4,0.04,2.4,0,27.5,4640.47,17.1678,1.80732,4640.47,0.0,0.998279,6.5767
1200_dose_8_gradient_0_VconcST_0.04_Vconc_2.4_run_0.csv,1200.0,8.0,0,2.4,0.04,2.4,0,27.75,4702.12,16.8275,1.83133,4702.12,0.0,0.998301,6.47414
1200_dose_8_gradient_0_VconcST_0.04_Vconc_2.4_run_0.csv,1200.0,8.0,0,2.4,0.04,2.4,0,28.0,4761.96,16.494,1.85464,4761.96,0.0,0.998322,6.4335
1200_dose_8_gradient_0_VconcST_0.04_Vconc_2.4_run_0.csv,1200.0,8.0,0,2.4,0.04,2.4,0,28.25,4820.04,16.1671,1.87726,4820.04,0.0,0.998343,6.35386
1200_dose_8_gradient_0_VconcST_0.04_Vconc_2.4_run_0.csv,1200.0,8.0,0,2.4,0.04,2.4,0,28.5,4876.39,15.8467,1.8992,4876.39,0.0,0.998362,6.24816
1200_dose_8_gradient_0_VconcST_0.04_Vconc_2.4_run_0.csv,1200.0,8.0,0,2.4,0.04,2.4,0,28.75,4931.05,15.5326,1.92049,4931.05,0.0,0.99838,6.19383
1200_dose_8_gradient_0_VconcST_0.04_Vconc_7.2_run_0.csv,1200.0,8.0,0,7.2,0.04,7.2,0,0.0,0.0,0.0,0.0,0.0,0.0,0.0,0.0
1200_dose_8_gradient_0_VconcST_0.04_Vconc_7.2_run_0.csv,1200.0,8.0,0,7.2,0.04,7.2,0,0.25,0.0,0.0,0.0,0.0,0.0,0.0,10000.0
1200_dose_8_gradient_0_VconcST_0.04_Vconc_7.2_run_0.csv,1200.0,8.0,0,7.2,0.04,7.2,0,0.5,0.0,0.0,0.0,0.0,0.0,0.0,834.41
1200_dose_8_gradient_0_VconcST_0.04_Vconc_7.2_run_0.csv,1200.0,8.0,0,7.2,0.04,7.2,0,0.75,0.0,0.0,0.0,0.0,0.0,0.0,10000.0
1200_dose_8_gradient_0_VconcST_0.04_Vconc_7.2_run_0.csv,1200.0,8.0,0,7.2,0.04,7.2,0,1.0,0.0,0.0,0.0,0.0,0.0,0.0,850.472
1200_dose_8_gradient_0_VconcST_0.04_Vconc_7.2_run_0.csv,1200.0,8.0,0,7.2,0.04,7.2,0,1.25,0.0,0.0,0.0,0.0,0.0,0.0,10000.0
1200_dose_8_gradient_0_VconcST_0.04_Vconc_7.2_run_0.csv,1200.0,8.0,0,7.2,0.04,7.2,0,1.5,0.0,0.0,0.0,0.0,0.0,0.0,857.76
1200_dose_8_gradient_0_VconcST_0.04_Vconc_7.2_run_0.csv,1200.0,8.0,0,7.2,0.04,7.2,0,1.75,0.0,0.0,0.0,0.0,0.0,0.0,10000.0
1200_dose_8_gradient_0_VconcST_0.04_Vconc_7.2_run_0.csv,1200.0,8.0,0,7.2,0.04,7.2,0,2.0,0.0,0.0,0.0,0.0,0.0,0.0,845.988
1200_dose_8_gradient_0_VconcST_0.04_Vconc_7.2_run_0.csv,1200.0,8.0,0,7.2,0.04,7.2,0,2.25,0.0,0.0,0.0,0.0,0.0,0.0,10000.0
1200_dose_8_gradient_0_VconcST_0.04_Vconc_7.2_run_0.csv,1200.0,8.0,0,7.2,0.04,7.2,0,2.5,0.0,0.0,0.0,0.0,0.0,0.0,841.544
1200_dose_8_gradient_0_VconcST_0.04_Vconc_7.2_run_0.csv,1200.0,8.0,0,7.2,0.04,7.2,0,2.75,0.0,0.0,0.0,0.0,0.0,0.0,10000.0
1200_dose_8_gradient_0_VconcST_0.04_Vconc_7.2_run_0.csv,1200.0,8.0,0,7.2,0.04,7.2,0,3.0,0.0,0.0,0.0,0.0,0.0,0.0,845.921
1200_dose_8_gradient_0_VconcST_0.04_Vconc_7.2_run_0.csv,1200.0,8.0,0,7.2,0.04,7.2,0,3.25,0.0,0.0,0.0,0.0,0.0,0.0,10000.0
1200_dose_8_gradient_0_VconcST_0.04_Vconc_7.2_run_0.csv,1200.0,8.0,0,7.2,0.04,7.2,0,3.5,0.0,0.0,0.0,0.0,0.0,0.0,829.67
1200_dose_8_gradient_0_VconcST_0.04_Vconc_7.2_run_0.csv,1200.0,8.0,0,7.2,0.04,7.2,0,3.75,0.0,0.0,0.0,0.0,0.0,0.0,10000.0
1200_dose_8_gradient_0_VconcST_0.04_Vconc_7.2_run_0.csv,1200.0,8.0,0,7.2,0.04,7.2,0,4.0,0.0,0.0,0.0,0.0,0.0,0.0,853.795
1200_dose_8_gradient_0_VconcST_0.04_Vconc_7.2_run_0.csv,1200.0,8.0,0,7.2,0.04,7.2,0,4.25,0.0,0.0,0.0,0.0,0.0,0.0,10000.0
1200_dose_8_gradient_0_VconcST_0.04_Vconc_7.2_run_0.csv,1200.0,8.0,0,7.2,0.04,7.2,0,4.5,0.0,0.0,0.0,0.0,0.0,0.0,855.436
1200_dose_8_gradient_0_VconcST_0.04_Vconc_7.2_run_0.csv,1200.0,8.0,0,7.2,0.04,7.2,0,4.75,0.0,0.0,0.0,0.0,0.0,0.0,10000.0
1200_dose_8_gradient_0_VconcST_0.04_Vconc_7.2_run_0.csv,1200.0,8.0,0,7.2,0.04,7.2,0,5.0,0.6229,8.0,0.0002426,0.6229,0.0,0.0,854.23
1200_dose_8_gradient_0_VconcST_0.04_Vconc_7.2_run_0.csv,1200.0,8.0,0,7.2,0.04,7.2,0,5.25,37.5475,7.84145,0.0146236,37.5475,0.0,0.821982,3178.46
1200_dose_8_gradient_0_VconcST_0.04_Vconc_7.2_run_0.csv,1200.0,8.0,0,7.2,0.04,7.2,0,5.5,73.6004,7.68604,0.0286651,73.6004,0.0,0.901243,255.989
1200_dose_8_gradient_0_VconcST_0.04_Vconc_7.2_run_0.csv,1200.0,8.0,0,7.2,0.04,7.2,0,5.75,108.799,7.53371,0.0423739,108.799,0.0,0.931165,766.855
1200_dose_8_gradient_0_VconcST_0.04_Vconc_7.2_run_0.csv,1200.0,8.0,0,7.2,0.04,7.2,0,6.0,143.161,7.3844,0.0557568,143.161,0.0,0.946877,553.249
1200_dose_8_gradient_0_VconcST_0.04_Vconc_7.2_run_0.csv,1200.0,8.0,0,7.2,0.04,7.2,0,6.25,176.704,7.23805,0.0688207,176.704,0.0,0.956557,481.172
1200_dose_8_gradient_0_VconcST_0.04_Vconc_7.2_run_0.csv,1200.0,8.0,0,7.2,0.04,7.2,0,6.5,209.444,7.0946,0.0815718,209.444,0.0,0.963117,419.99
1200_dose_8_gradient_0_VconcST_0.04_Vconc_7.2_run_0.csv,1200.0,8.0,0,7.2,0.04,7.2,0,6.75,241.397,6.954,0.0940168,241.397,0.0,0.967855,366.61
1200_dose_8_gradient_0_VconcST_0.04_Vconc_7.2_run_0.csv,1200.0,8.0,0,7.2,0.04,7.2,0,7.0,272.581,6.81618,0.106162,272.581,0.0,0.971435,329.889
1200_dose_8_gradient_0_VconcST_0.04_Vconc_7.2_run_0.csv,1200.0,8.0,0,7.2,0.04,7.2,0,7.25,303.01,6.68109,0.118013,303.01,0.0,0.974236,292.554
1200_dose_8_gradient_0_VconcST_0.04_Vconc_7.2_run_0.csv,1200.0,8.0,0,7.2,0.04,7.2,0,7.5,332.7,6.54868,0.129576,332.7,0.0,0.976485,268.772
1200_dose_8_gradient_0_VconcST_0.04_Vconc_7.2_run_0.csv,1200.0,8.0,0,7.2,0.04,7.2,0,7.75,361.666,6.41889,0.140858,361.666,0.0,0.978331,247.964
1200_dose_8_gradient_0_VconcST_0.04_Vconc_7.2_run_0.csv,1200.0,8.0,0,7.2,0.04,7.2,0,8.0,389.923,6.29168,0.151863,389.923,0.0,0.979872,238.723
1200_dose_8_gradient_0_VconcST_0.04_Vconc_7.2_run_0.csv,1200.0,8.0,0,7.2,0.04,7.2,0,8.25,417.486,6.16698,0.162598,417.486,0.0,0.981178,223.639
1200_dose_8_gradient_0_VconcST_0.04_Vconc_7.2_run_0.csv,1200.0,8.0,0,7.2,0.04,7.2,0,8.5,444.369,6.04476,0.173068,444.369,0.0,0.982298,202.529
1200_dose_8_gradient_0_VconcST_0.04_Vconc_7.2_run_0.csv,1200.0,8.0,0,7.2,0.04,7.2,0,8.75,470.586,5.92496,0.183279,470.586,0.0,0.983269,198.664
1200_dose_8_gradient_0_VconcST_0.04_Vconc_7.2_run_0.csv,1200.0,8.0,0,7.2,0.04,7.2,0,9.0,496.151,5.80754,0.193236,496.151,0.0,0.984118,184.486
1200_dose_8_gradient_0_VconcST_0.04_Vconc_7.2_run_0.csv,1200.0,8.0,0,7.2,0.04,7.2,0,9.25,521.077,5.69244,0.202943,521.077,0.0,0.984868,178.949
1200_dose_8_gradient_0_VconcST_0.04_Vconc_7.2_run_0.csv,1200.0,8.0,0,7.2,0.04,7.2,0,9.5,545.377,5.57962,0.212407,545.377,0.0,0.985533,170.177
1200_dose_8_gradient_0_VconcST_0.04_Vconc_7.2_run_0.csv,1200.0,8.0,0,7.2,0.04,7.2,0,9.75,569.063,5.46904,0.221633,569.063,0.0,0.986127,162.945
1200_dose_8_gradient_0_VconcST_0.04_Vconc_7.2_run_0.csv,1200.0,8.0,0,7.2,0.04,7.2,0,10.0,592.773,13.3606,0.230867,592.773,0.0,0.986662,157.944
1200_dose_8_gradient_0_VconcST_0.04_Vconc_7.2_run_0.csv,1200.0,8.0,0,7.2,0.04,7.2,0,10.25,652.196,13.0959,0.25401,652.196,0.0,0.987864,143.253
1200_dose_8_gradient_0_VconcST_0.04_Vconc_7.2_run_0.csv,1200.0,8.0,0,7.2,0.04,7.2,0,10.5,710.172,12.8363,0.27659,710.172,0.0,0.988846,130.517
1200_dose_8_gradient_0_VconcST_0.04_Vconc_7.2_run_0.csv,1200.0,8.0,0,7.2,0.04,7.2,0,10.75,766.73,12.5819,0.298617,766.73,0.0,0.989661,123.483
1200_dose_8_gradient_0_VconcST_0.04_Vconc_7.2_run_0.csv,1200.0,8.0,0,7.2,0.04,7.2,0,11.0,821.899,12.3326,0.320104,821.899,0.0,0.99035,113.63
1200_dose_8_gradient_0_VconcST_0.04_Vconc_7.2_run_0.csv,1200.0,8.0,0,7.2,0.04,7.2,0,11.25,875.707,12.0881,0.341061,875.707,0.0,0.990938,107.968
1200_dose_8_gradient_0_VconcST_0.04_Vconc_7.2_run_0.csv,1200.0,8.0,0,7.2,0.04,7.2,0,11.5,928.184,11.8486,0.361499,928.184,0.0,0.991447,102.031
1200_dose_8_gradient_0_VconcST_0.04_Vconc_7.2_run_0.csv,1200.0,8.0,0,7.2,0.04,7.2,0,11.75,979.356,11.6137,0.381429,979.356,0.0,0.991891,95.2594
1200_dose_8_gradient_0_VconcST_0.04_Vconc_7.2_run_0.csv,1200.0,8.0,0,7.2,0.04,7.2,0,12.0,1029.25,11.3836,0.400861,1029.25,0.0,0.992281,92.0697
1200_dose_8_gradient_0_VconcST_0.04_Vconc_7.2_run_0.csv,1200.0,8.0,0,7.2,0.04,7.2,0,12.25,1077.89,11.158,0.419805,1077.89,0.0,0.992627,88.408
1200_dose_8_gradient_0_VconcST_0.04_Vconc_7.2_run_0.csv,1200.0,8.0,0,7.2,0.04,7.2,0,12.5,1125.31,10.9368,0.438273,1125.31,0.0,0.992936,82.992
1200_dose_8_gradient_0_VconcST_0.04_Vconc_7.2_run_0.csv,1200.0,8.0,0,7.2,0.04,7.2,0,12.75,1171.52,10.7201,0.456272,1171.52,0.0,0.993213,79.1154
1200_dose_8_gradient_0_VconcST_0.04_Vconc_7.2_run_0.csv,1200.0,8.0,0,7.2,0.04,7.2,0,13.0,1216.56,10.5076,0.473814,1216.56,0.0,0.993463,76.3777
1200_dose_8_gradient_0_VconcST_0.04_Vconc_7.2_run_0.csv,1200.0,8.0,0,7.2,0.04,7.2,0,13.25,1260.45,10.2994,0.490908,1260.45,0.0,0.99369,74.265
1200_dose_8_gradient_0_VconcST_0.04_Vconc_7.2_run_0.csv,1200.0,8.0,0,7.2,0.04,7.2,0,13.5,1303.21,10.0952,0.507562,1303.21,0.0,0.993896,71.5652
1200_dose_8_gradient_0_VconcST_0.04_Vconc_7.2_run_0.csv,1200.0,8.0,0,7.2,0.04,7.2,0,13.75,1344.87,9.89516,0.523786,1344.87,0.0,0.994084,69.0061
1200_dose_8_gradient_0_VconcST_0.04_Vconc_7.2_run_0.csv,1200.0,8.0,0,7.2,0.04,7.2,0,14.0,1385.45,9.69905,0.539589,1385.45,0.0,0.994256,67.6901
1200_dose_8_gradient_0_VconcST_0.04_Vconc_7.2_run_0.csv,1200.0,8.0,0,7.2,0.04,7.2,0,14.25,1424.96,9.50683,0.554979,1424.96,0.0,0.994415,66.5576
1200_dose_8_gradient_0_VconcST_0.04_Vconc_7.2_run_0.csv,1200.0,8.0,0,7.2,0.04,7.2,0,14.5,1463.44,9.31841,0.569965,1463.44,0.0,0.994561,63.1976
1200_dose_8_gradient_0_VconcST_0.04_Vconc_7.2_run_0.csv,1200.0,8.0,0,7.2,0.04,7.2,0,14.75,1500.91,9.13373,0.584556,1500.91,0.0,0.994696,61.7746
1200_dose_8_gradient_0_VconcST_0.04_Vconc_7.2_run_0.csv,1200.0,8.0,0,7.2,0.04,7.2,0,15.0,1538.0,16.9527,0.599002,1538.0,0.0,0.994821,60.6774
1200_dose_8_gradient_0_VconcST_0.04_Vconc_7.2_run_0.csv,1200.0,8.0,0,7.2,0.04,7.2,0,15.25,1610.42,16.6167,0.627208,1610.42,0.0,0.995053,58.1955
1200_dose_8_gradient_0_VconcST_0.04_Vconc_7.2_run_0.csv,1200.0,8.0,0,7.2,0.04,7.2,0,15.5,1681.01,16.2874,0.654702,1681.01,0.0,0.99526,55.4525
1200_dose_8_gradient_0_VconcST_0.04_Vconc_7.2_run_0.csv,1200.0,8.0,0,7.2,0.04,7.2,0,15.75,1749.82,15.9646,0.6815,1749.82,0.0,0.995446,53.5281
1200_dose_8_gradient_0_VconcST_0.04_Vconc_7.2_run_0.csv,1200.0,8.0,0,7.2,0.04,7.2,0,16.0,1816.87,15.6482,0.707616,1816.87,0.0,0.995613,50.9838
1200_dose_8_gradient_0_VconcST_0.04_Vconc_7.2_run_0.csv,1200.0,8.0,0,7.2,0.04,7.2,0,16.25,1882.21,15.3381,0.733064,1882.21,0.0,0.995765,49.4746
1200_dose_8_gradient_0_VconcST_0.04_Vconc_7.2_run_0.csv,1200.0,8.0,0,7.2,0.04,7.2,0,16.5,1945.88,15.0341,0.757859,1945.88,0.0,0.995903,48.0618
1200_dose_8_gradient_0_VconcST_0.04_Vconc_7.2_run_0.csv,1200.0,8.0,0,7.2,0.04,7.2,0,16.75,2007.89,14.7361,0.782012,2007.89,0.0,0.996029,45.9415
1200_dose_8_gradient_0_VconcST_0.04_Vconc_7.2_run_0.csv,1200.0,8.0,0,7.2,0.04,7.2,0,17.0,2068.3,14.4441,0.805538,2068.3,0.0,0.996145,45.1298
1200_dose_8_gradient_0_VconcST_0.04_Vconc_7.2_run_0.csv,1200.0,8.0,0,7.2,0.04,7.2,0,17.25,2127.13,14.1578,0.828451,2127.13,0.0,0.996251,43.6761
1200_dose_8_gradient_0_VconcST_0.04_Vconc_7.2_run_0.csv,1200.0,8.0,0,7.2,0.04,7.2,0,17.5,2184.41,13.8772,0.850761,2184.41,0.0,0.99635,42.4731
1200_dose_8_gradient_0_VconcST_0.04_Vconc_7.2_run_0.csv,1200.0,8.0,0,7.2,0.04,7.2,0,17.75,2240.19,13.6022,0.872483,2240.19,0.0,0.99644,40.9339
1200_dose_8_gradient_0_VconcST_0.04_Vconc_7.2_run_0.csv,1200.0,8.0,0,7.2,0.04,7.2,0,18.0,2294.48,13.3326,0.893628,2294.48,0.0,0.996524,40.6689
1200_dose_8_gradient_0_VconcST_0.04_Vconc_7.2_run_0.csv,1200.0,8.0,0,7.2,0.04,7.2,0,18.25,2347.32,13.0684,0.914208,2347.32,0.0,0.996602,39.7569
1200_dose_8_gradient_0_VconcST_0.04_Vconc_7.2_run_0.csv,1200.0,8.0,0,7.2,0.04,7.2,0,18.5,2398.74,12.8094,0.934235,2398.74,0.0,0.996675,38.6665
1200_dose_8_gradient_0_VconcST_0.04_Vconc_7.2_run_0.csv,1200.0,8.0,0,7.2,0.04,7.2,0,18.75,2448.77,12.5555,0.95372,2448.77,0.0,0.996743,38.1833
1200_dose_8_gradient_0_VconcST_0.04_Vconc_7.2_run_0.csv,1200.0,8.0,0,7.2,0.04,7.2,0,19.0,2497.44,12.3067,0.972675,2497.44,0.0,0.996806,37.2417
1200_dose_8_gradient_0_VconcST_0.04_Vconc_7.2_run_0.csv,1200.0,8.0,0,7.2,0.04,7.2,0,19.25,2544.78,12.0628,0.991111,2544.78,0.0,0.996865,36.7334
1200_dose_8_gradient_0_VconcST_0.04_Vconc_7.2_run_0.csv,1200.0,8.0,0,7.2,0.04,7.2,0,19.5,2590.81,11.8237,1.00904,2590.81,0.0,0.996921,36.0386
1200_dose_8_gradient_0_VconcST_0.04_Vconc_7.2_run_0.csv,1200.0,8.0,0,7.2,0.04,7.2,0,19.75,2635.56,11.5894,1.02647,2635.56,0.0,0.996973,35.4266
1200_dose_8_gradient_0_VconcST_0.04_Vconc_7.2_run_0.csv,1200.0,8.0,0,7.2,0.04,7.2,0,20.0,2679.69,19.3597,1.04365,2679.69,0.0,0.997022,34.6718
1200_dose_8_gradient_0_VconcST_0.04_Vconc_7.2_run_0.csv,1200.0,8.0,0,7.2,0.04,7.2,0,20.25,2758.89,18.976,1.0745,2758.89,0.0,0.997107,33.7626
1200_dose_8_gradient_0_VconcST_0.04_Vconc_7.2_run_0.csv,1200.0,8.0,0,7.2,0.04,7.2,0,20.5,2836.02,18.5999,1.10454,2836.02,0.0,0.997186,32.9248
1200_dose_8_gradient_0_VconcST_0.04_Vconc_7.2_run_0.csv,1200.0,8.0,0,7.2,0.04,7.2,0,20.75,2911.12,18.2313,1.13379,2911.12,0.0,0.997258,31.7829
1200_dose_8_gradient_0_VconcST_0.04_Vconc_7.2_run_0.csv,1200.0,8.0,0,7.2,0.04,7.2,0,21.0,2984.23,17.87,1.16227,2984.23,0.0,0.997325,31.3505
1200_dose_8_gradient_0_VconcST_0.04_Vconc_7.2_run_0.csv,1200.0,8.0,0,7.2,0.04,7.2,0,21.25,3055.4,17.5158,1.18998,3055.4,0.0,0.997388,30.7717
1200_dose_8_gradient_0_VconcST_0.04_Vconc_7.2_run_0.csv,1200.0,8.0,0,7.2,0.04,7.2,0,21.5,3124.67,17.1686,1.21696,3124.67,0.0,0.997445,29.6396
1200_dose_8_gradient_0_VconcST_0.04_Vconc_7.2_run_0.csv,1200.0,8.0,0,7.2,0.04,7.2,0,21.75,3192.07,16.8284,1.24321,3192.07,0.0,0.997499,28.9412
1200_dose_8_gradient_0_VconcST_0.04_Vconc_7.2_run_0.csv,1200.0,8.0,0,7.2,0.04,7.2,0,22.0,3257.64,16.4948,1.26875,3257.64,0.0,0.997549,28.4778
1200_dose_8_gradient_0_VconcST_0.04_Vconc_7.2_run_0.csv,1200.0,8.0,0,7.2,0.04,7.2,0,22.25,3321.43,16.1679,1.29359,3321.43,0.0,0.997596,27.9811
1200_dose_8_gradient_0_VconcST_0.04_Vconc_7.2_run_0.csv,1200.0,8.0,0,7.2,0.04,7.2,0,22.5,3383.46,15.8475,1.31775,3383.46,0.0,0.99764,27.5056
1200_dose_8_gradient_0_VconcST_0.04_Vconc_7.2_run_0.csv,1200.0,8.0,0,7.2,0.04,7.2,0,22.75,3443.78,15.5334,1.34125,3443.78,0.0,0.997682,26.8358
1200_dose_8_gradient_0_VconcST_0.04_Vconc_7.2_run_0.csv,1200.0,8.0,0,7.2,0.04,7.2,0,23.0,3502.43,15.2256,1.36409,3502.43,0.0,0.99772,26.322
1200_dose_8_gradient_0_VconcST_0.04_Vconc_7.2_run_0.csv,1200.0,8.0,0,7.2,0.04,7.2,0,23.25,3559.42,14.9238,1.38629,3559.42,0.0,0.997757,26.092
1200_dose_8_gradient_0_VconcST_0.04_Vconc_7.2_run_0.csv,1200.0,8.0,0,7.2,0.04,7.2,0,23.5,3614.81,14.628,1.40786,3614.81,0.0,0.997791,25.6096
1200_dose_8_gradient_0_VconcST_0.04_Vconc_7.2_run_0.csv,1200.0,8.0,0,7.2,0.04,7.2,0,23.75,3668.63,14.3381,1.42882,3668.63,0.0,0.997824,25.2622
1200_dose_8_gradient_0_VconcST_0.04_Vconc_7.2_run_0.csv,1200.0,8.0,0,7.2,0.04,7.2,0,24.0,3720.9,14.054,1.44918,3720.9,0.0,0.997854,25.0748
1200_dose_8_gradient_0_VconcST_0.04_Vconc_7.2_run_0.csv,1200.0,8.0,0,7.2,0.04,7.2,0,24.25,3771.66,13.7754,1.46895,3771.66,0.0,0.997883,24.8901
1200_dose_8_gradient_0_VconcST_0.04_Vconc_7.2_run_0.csv,1200.0,8.0,0,7.2,0.04,7.2,0,24.5,3820.95,13.5024,1.48814,3820.95,0.0,0.99791,24.4623
1200_dose_8_gradient_0_VconcST_0.04_Vconc_7.2_run_0.csv,1200.0,8.0,0,7.2,0.04,7.2,0,24.75,3868.78,13.2348,1.50677,3868.78,0.0,0.997936,23.9621
1200_dose_8_gradient_0_VconcST_0.04_Vconc_7.2_run_0.csv,1200.0,8.0,0,7.2,0.04,7.2,0,25.0,3915.83,20.9725,1.52509,3915.83,0.0,0.99796,23.7217
1200_dose_8_gradient_0_VconcST_0.04_Vconc_7.2_run_0.csv,1200.0,8.0,0,7.2,0.04,7.2,0,25.25,3997.78,20.5569,1.55701,3997.78,0.0,0.998002,23.2009
1200_dose_8_gradient_0_VconcST_0.04_Vconc_7.2_run_0.csv,1200.0,8.0,0,7.2,0.04,7.2,0,25.5,4077.51,20.1495,1.58807,4077.51,0.0,0.998041,22.6835
1200_dose_8_gradient_0_VconcST_0.04_Vconc_7.2_run_0.csv,1200.0,8.0,0,7.2,0.04,7.2,0,25.75,4155.06,19.7501,1.61827,4155.06,0.0,0.998078,22.6025
1200_dose_8_gradient_0_VconcST_0.04_Vconc_7.2_run_0.csv,1200.0,8.0,0,7.2,0.04,7.2,0,26.0,4230.47,19.3587,1.64764,4230.47,0.0,0.998112,21.733
1200_dose_8_gradient_0_VconcST_0.04_Vconc_7.2_run_0.csv,1200.0,8.0,0,7.2,0.04,7.2,0,26.25,4303.78,18.975,1.67619,4303.78,0.0,0.998144,21.3031
1200_dose_8_gradient_0_VconcST_0.04_Vconc_7.2_run_0.csv,1200.0,8.0,0,7.2,0.04,7.2,0,26.5,4375.05,18.599,1.70395,4375.05,0.0,0.998174,21.2724
1200_dose_8_gradient_0_VconcST_0.04_Vconc_7.2_run_0.csv,1200.0,8.0,0,7.2,0.04,7.2,0,26.75,4444.31,18.2304,1.73092,4444.31,0.0,0.998203,20.7581
1200_dose_8_gradient_0_VconcST_0.04_Vconc_7.2_run_0.csv,1200.0,8.0,0,7.2,0.04,7.2,0,27.0,4511.61,17.869,1.75713,4511.61,0.0,0.99823,20.4078
1200_dose_8_gradient_0_VconcST_0.04_Vconc_7.2_run_0.csv,1200.0,8.0,0,7.2,0.04,7.2,0,27.25,4576.98,17.5149,1.78259,4576.98,0.0,0.998255,20.1591
1200_dose_8_gradient_0_VconcST_0.04_Vconc_7.2_run_0.csv,1200.0,8.0,0,7.2,0.04,7.2,0,27.5,4640.47,17.1678,1.80732,4640.47,0.0,0.998279,19.9878
1200_dose_8_gradient_0_VconcST_0.04_Vconc_7.2_run_0.csv,1200.0,8.0,0,7.2,0.04,7.2,0,27.75,4702.12,16.8275,1.83133,4702.12,0.0,0.998301,19.5695
1200_dose_8_gradient_0_VconcST_0.04_Vconc_7.2_run_0.csv,1200.0,8.0,0,7.2,0.04,7.2,0,28.0,4761.96,16.494,1.85464,4761.96,0.0,0.998322,19.4725
1200_dose_8_gradient_0_VconcST_0.04_Vconc_7.2_run_0.csv,1200.0,8.0,0,7.2,0.04,7.2,0,28.25,4820.04,16.1671,1.87726,4820.04,0.0,0.998343,19.1516
1200_dose_8_gradient_0_VconcST_0.04_Vconc_7.2_run_0.csv,1200.0,8.0,0,7.2,0.04,7.2,0,28.5,4876.39,15.8467,1.8992,4876.39,0.0,0.998362,19.0297
1200_dose_8_gradient_0_VconcST_0.04_Vconc_7.2_run_0.csv,1200.0,8.0,0,7.2,0.04,7.2,0,28.75,4931.05,15.5326,1.92049,4931.05,0.0,0.99838,18.5555
1200_dose_8_gradient_0_VconcST_0.04_Vconc_4.8_run_0.csv,1200.0,8.0,0,4.8,0.04,4.8,0,0.0,0.0,0.0,0.0,0.0,0.0,0.0,0.0
1200_dose_8_gradient_0_VconcST_0.04_Vconc_4.8_run_0.csv,1200.0,8.0,0,4.8,0.04,4.8,0,0.25,0.0,0.0,0.0,0.0,0.0,0.0,10000.0
1200_dose_8_gradient_0_VconcST_0.04_Vconc_4.8_run_0.csv,1200.0,8.0,0,4.8,0.04,4.8,0,0.5,0.0,0.0,0.0,0.0,0.0,0.0,574.731
1200_dose_8_gradient_0_VconcST_0.04_Vconc_4.8_run_0.csv,1200.0,8.0,0,4.8,0.04,4.8,0,0.75,0.0,0.0,0.0,0.0,0.0,0.0,10000.0
1200_dose_8_gradient_0_VconcST_0.04_Vconc_4.8_run_0.csv,1200.0,8.0,0,4.8,0.04,4.8,0,1.0,0.0,0.0,0.0,0.0,0.0,0.0,565.461
1200_dose_8_gradient_0_VconcST_0.04_Vconc_4.8_run_0.csv,1200.0,8.0,0,4.8,0.04,4.8,0,1.25,0.0,0.0,0.0,0.0,0.0,0.0,10000.0
1200_dose_8_gradient_0_VconcST_0.04_Vconc_4.8_run_0.csv,1200.0,8.0,0,4.8,0.04,4.8,0,1.5,0.0,0.0,0.0,0.0,0.0,0.0,582.136
1200_dose_8_gradient_0_VconcST_0.04_Vconc_4.8_run_0.csv,1200.0,8.0,0,4.8,0.04,4.8,0,1.75,0.0,0.0,0.0,0.0,0.0,0.0,10000.0
1200_dose_8_gradient_0_VconcST_0.04_Vconc_4.8_run_0.csv,1200.0,8.0,0,4.8,0.04,4.8,0,2.0,0.0,0.0,0.0,0.0,0.0,0.0,569.251
1200_dose_8_gradient_0_VconcST_0.04_Vconc_4.8_run_0.csv,1200.0,8.0,0,4.8,0.04,4.8,0,2.25,0.0,0.0,0.0,0.0,0.0,0.0,10000.0
1200_dose_8_gradient_0_VconcST_0.04_Vconc_4.8_run_0.csv,1200.0,8.0,0,4.8,0.04,4.8,0,2.5,0.0,0.0,0.0,0.0,0.0,0.0,570.537
1200_dose_8_gradient_0_VconcST_0.04_Vconc_4.8_run_0.csv,1200.0,8.0,0,4.8,0.04,4.8,0,2.75,0.0,0.0,0.0,0.0,0.0,0.0,10000.0
1200_dose_8_gradient_0_VconcST_0.04_Vconc_4.8_run_0.csv,1200.0,8.0,0,4.8,0.04,4.8,0,3.0,0.0,0.0,0.0,0.0,0.0,0.0,549.453
1200_dose_8_gradient_0_VconcST_0.04_Vconc_4.8_run_0.csv,1200.0,8.0,0,4.8,0.04,4.8,0,3.25,0.0,0.0,0.0,0.0,0.0,0.0,10000.0
1200_dose_8_gradient_0_VconcST_0.04_Vconc_4.8_run_0.csv,1200.0,8.0,0,4.8,0.04,4.8,0,3.5,0.0,0.0,0.0,0.0,0.0,0.0,577.292
1200_dose_8_gradient_0_VconcST_0.04_Vconc_4.8_run_0.csv,1200.0,8.0,0,4.8,0.04,4.8,0,3.75,0.0,0.0,0.0,0.0,0.0,0.0,10000.0
1200_dose_8_gradient_0_VconcST_0.04_Vconc_4.8_run_0.csv,1200.0,8.0,0,4.8,0.04,4.8,0,4.0,0.0,0.0,0.0,0.0,0.0,0.0,560.056
1200_dose_8_gradient_0_VconcST_0.04_Vconc_4.8_run_0.csv,1200.0,8.0,0,4.8,0.04,4.8,0,4.25,0.0,0.0,0.0,0.0,0.0,0.0,10000.0
1200_dose_8_gradient_0_VconcST_0.04_Vconc_4.8_run_0.csv,1200.0,8.0,0,4.8,0.04,4.8,0,4.5,0.0,0.0,0.0,0.0,0.0,0.0,571.736
1200_dose_8_gradient_0_VconcST_0.04_Vconc_4.8_run_0.csv,1200.0,8.0,0,4.8,0.04,4.8,0,4.75,0.0,0.0,0.0,0.0,0.0,0.0,10000.0
1200_dose_8_gradient_0_VconcST_0.04_Vconc_4.8_run_0.csv,1200.0,8.0,0,4.8,0.04,4.8,0,5.0,0.6229,8.0,0.0002426,0.6229,0.0,0.0,543.063
1200_dose_8_gradient_0_VconcST_0.04_Vconc_4.8_run_0.csv,1200.0,8.0,0,4.8,0.04,4.8,0,5.25,37.5475,7.84145,0.0146236,37.5475,0.0,0.821982,1936.79
1200_dose_8_gradient_0_VconcST_0.04_Vconc_4.8_run_0.csv,1200.0,8.0,0,4.8,0.04,4.8,0,5.5,73.6004,7.68604,0.0286651,73.6004,0.0,0.901243,517.578
1200_dose_8_gradient_0_VconcST_0.04_Vconc_4.8_run_0.csv,1200.0,8.0,0,4.8,0.04,4.8,0,5.75,108.799,7.53371,0.0423739,108.799,0.0,0.931165,495.844
1200_dose_8_gradient_0_VconcST_0.04_Vconc_4.8_run_0.csv,1200.0,8.0,0,4.8,0.04,4.8,0,6.0,143.161,7.3844,0.0557568,143.161,0.0,0.946877,410.399
1200_dose_8_gradient_0_VconcST_0.04_Vconc_4.8_run_0.csv,1200.0,8.0,0,4.8,0.04,4.8,0,6.25,176.704,7.23805,0.0688207,176.704,0.0,0.956557,327.628
1200_dose_8_gradient_0_VconcST_0.04_Vconc_4.8_run_0.csv,1200.0,8.0,0,4.8,0.04,4.8,0,6.5,209.444,7.0946,0.0815718,209.444,0.0,0.963117,287.036
1200_dose_8_gradient_0_VconcST_0.04_Vconc_4.8_run_0.csv,1200.0,8.0,0,4.8,0.04,4.8,0,6.75,241.397,6.954,0.0940168,241.397,0.0,0.967855,249.357
1200_dose_8_gradient_0_VconcST_0.04_Vconc_4.8_run_0.csv,1200.0,8.0,0,4.8,0.04,4.8,0,7.0,272.581,6.81618,0.106162,272.581,0.0,0.971435,224.157
1200_dose_8_gradient_0_VconcST_0.04_Vconc_4.8_run_0.csv,1200.0,8.0,0,4.8,0.04,4.8,0,7.25,303.01,6.68109,0.118013,303.01,0.0,0.974236,201.76
1200_dose_8_gradient_0_VconcST_0.04_Vconc_4.8_run_0.csv,1200.0,8.0,0,4.8,0.04,4.8,0,7.5,332.7,6.54868,0.129576,332.7,0.0,0.976485,183.362
1200_dose_8_gradient_0_VconcST_0.04_Vconc_4.8_run_0.csv,1200.0,8.0,0,4.8,0.04,4.8,0,7.75,361.666,6.41889,0.140858,361.666,0.0,0.978331,172.497
1200_dose_8_gradient_0_VconcST_0.04_Vconc_4.8_run_0.csv,1200.0,8.0,0,4.8,0.04,4.8,0,8.0,389.923,6.29168,0.151863,389.923,0.0,0.979872,159.233
1200_dose_8_gradient_0_VconcST_0.04_Vconc_4.8_run_0.csv,1200.0,8.0,0,4.8,0.04,4.8,0,8.25,417.486,6.16698,0.162598,417.486,0.0,0.981178,146.563
1200_dose_8_gradient_0_VconcST_0.04_Vconc_4.8_run_0.csv,1200.0,8.0,0,4.8,0.04,4.8,0,8.5,444.369,6.04476,0.173068,444.369,0.0,0.982298,137.91
1200_dose_8_gradient_0_VconcST_0.04_Vconc_4.8_run_0.csv,1200.0,8.0,0,4.8,0.04,4.8,0,8.75,470.586,5.92496,0.183279,470.586,0.0,0.983269,130.195
1200_dose_8_gradient_0_VconcST_0.04_Vconc_4.8_run_0.csv,1200.0,8.0,0,4.8,0.04,4.8,0,9.0,496.151,5.80754,0.193236,496.151,0.0,0.984118,124.393
1200_dose_8_gradient_0_VconcST_0.04_Vconc_4.8_run_0.csv,1200.0,8.0,0,4.8,0.04,4.8,0,9.25,521.077,5.69244,0.202943,521.077,0.0,0.984868,119.182
1200_dose_8_gradient_0_VconcST_0.04_Vconc_4.8_run_0.csv,1200.0,8.0,0,4.8,0.04,4.8,0,9.5,545.377,5.57962,0.212407,545.377,0.0,0.985533,112.823
1200_dose_8_gradient_0_VconcST_0.04_Vconc_4.8_run_0.csv,1200.0,8.0,0,4.8,0.04,4.8,0,9.75,569.063,5.46904,0.221633,569.063,0.0,0.986127,110.862
1200_dose_8_gradient_0_VconcST_0.04_Vconc_4.8_run_0.csv,1200.0,8.0,0,4.8,0.04,4.8,0,10.0,592.773,13.3606,0.230867,592.773,0.0,0.986662,104.569
1200_dose_8_gradient_0_VconcST_0.04_Vconc_4.8_run_0.csv,1200.0,8.0,0,4.8,0.04,4.8,0,10.25,652.196,13.0959,0.25401,652.196,0.0,0.987864,95.0679
1200_dose_8_gradient_0_VconcST_0.04_Vconc_4.8_run_0.csv,1200.0,8.0,0,4.8,0.04,4.8,0,10.5,710.172,12.8363,0.27659,710.172,0.0,0.988846,88.3812
1200_dose_8_gradient_0_VconcST_0.04_Vconc_4.8_run_0.csv,1200.0,8.0,0,4.8,0.04,4.8,0,10.75,766.73,12.5819,0.298617,766.73,0.0,0.989661,81.0926
1200_dose_8_gradient_0_VconcST_0.04_Vconc_4.8_run_0.csv,1200.0,8.0,0,4.8,0.04,4.8,0,11.0,821.899,12.3326,0.320104,821.899,0.0,0.99035,75.9071
1200_dose_8_gradient_0_VconcST_0.04_Vconc_4.8_run_0.csv,1200.0,8.0,0,4.8,0.04,4.8,0,11.25,875.707,12.0881,0.341061,875.707,0.0,0.990938,71.2983
1200_dose_8_gradient_0_VconcST_0.04_Vconc_4.8_run_0.csv,1200.0,8.0,0,4.8,0.04,4.8,0,11.5,928.184,11.8486,0.361499,928.184,0.0,0.991447,67.7153
1200_dose_8_gradient_0_VconcST_0.04_Vconc_4.8_run_0.csv,1200.0,8.0,0,4.8,0.04,4.8,0,11.75,979.356,11.6137,0.381429,979.356,0.0,0.991891,63.5208
1200_dose_8_gradient_0_VconcST_0.04_Vconc_4.8_run_0.csv,1200.0,8.0,0,4.8,0.04,4.8,0,12.0,1029.25,11.3836,0.400861,1029.25,0.0,0.992281,60.4946
1200_dose_8_gradient_0_VconcST_0.04_Vconc_4.8_run_0.csv,1200.0,8.0,0,4.8,0.04,4.8,0,12.25,1077.89,11.158,0.419805,1077.89,0.0,0.992627,57.1782
1200_dose_8_gradient_0_VconcST_0.04_Vconc_4.8_run_0.csv,1200.0,8.0,0,4.8,0.04,4.8,0,12.5,1125.31,10.9368,0.438273,1125.31,0.0,0.992936,55.229
1200_dose_8_gradient_0_VconcST_0.04_Vconc_4.8_run_0.csv,1200.0,8.0,0,4.8,0.04,4.8,0,12.75,1171.52,10.7201,0.456272,1171.52,0.0,0.993213,53.4284
1200_dose_8_gradient_0_VconcST_0.04_Vconc_4.8_run_0.csv,1200.0,8.0,0,4.8,0.04,4.8,0,13.0,1216.56,10.5076,0.473814,1216.56,0.0,0.993463,50.8965
1200_dose_8_gradient_0_VconcST_0.04_Vconc_4.8_run_0.csv,1200.0,8.0,0,4.8,0.04,4.8,0,13.25,1260.45,10.2994,0.490908,1260.45,0.0,0.99369,48.724
1200_dose_8_gradient_0_VconcST_0.04_Vconc_4.8_run_0.csv,1200.0,8.0,0,4.8,0.04,4.8,0,13.5,1303.21,10.0952,0.507562,1303.21,0.0,0.993896,47.6091
1200_dose_8_gradient_0_VconcST_0.04_Vconc_4.8_run_0.csv,1200.0,8.0,0,4.8,0.04,4.8,0,13.75,1344.87,9.89516,0.523786,1344.87,0.0,0.994084,45.8658
1200_dose_8_gradient_0_VconcST_0.04_Vconc_4.8_run_0.csv,1200.0,8.0,0,4.8,0.04,4.8,0,14.0,1385.45,9.69905,0.539589,1385.45,0.0,0.994256,45.0537
1200_dose_8_gradient_0_VconcST_0.04_Vconc_4.8_run_0.csv,1200.0,8.0,0,4.8,0.04,4.8,0,14.25,1424.96,9.50683,0.554979,1424.96,0.0,0.994415,43.699
1200_dose_8_gradient_0_VconcST_0.04_Vconc_4.8_run_0.csv,1200.0,8.0,0,4.8,0.04,4.8,0,14.5,1463.44,9.31841,0.569965,1463.44,0.0,0.994561,42.1838
1200_dose_8_gradient_0_VconcST_0.04_Vconc_4.8_run_0.csv,1200.0,8.0,0,4.8,0.04,4.8,0,14.75,1500.91,9.13373,0.584556,1500.91,0.0,0.994696,41.1951
1200_dose_8_gradient_0_VconcST_0.04_Vconc_4.8_run_0.csv,1200.0,8.0,0,4.8,0.04,4.8,0,15.0,1538.0,16.9527,0.599002,1538.0,0.0,0.994821,40.981
1200_dose_8_gradient_0_VconcST_0.04_Vconc_4.8_run_0.csv,1200.0,8.0,0,4.8,0.04,4.8,0,15.25,1610.42,16.6167,0.627208,1610.42,0.0,0.995053,38.3763
1200_dose_8_gradient_0_VconcST_0.04_Vconc_4.8_run_0.csv,1200.0,8.0,0,4.8,0.04,4.8,0,15.5,1681.01,16.2874,0.654702,1681.01,0.0,0.99526,36.8928
1200_dose_8_gradient_0_VconcST_0.04_Vconc_4.8_run_0.csv,1200.0,8.0,0,4.8,0.04,4.8,0,15.75,1749.82,15.9646,0.6815,1749.82,0.0,0.995446,35.6521
1200_dose_8_gradient_0_VconcST_0.04_Vconc_4.8_run_0.csv,1200.0,8.0,0,4.8,0.04,4.8,0,16.0,1816.87,15.6482,0.707616,1816.87,0.0,0.995613,34.2573
1200_dose_8_gradient_0_VconcST_0.04_Vconc_4.8_run_0.csv,1200.0,8.0,0,4.8,0.04,4.8,0,16.25,1882.21,15.3381,0.733064,1882.21,0.0,0.995765,32.9921
1200_dose_8_gradient_0_VconcST_0.04_Vconc_4.8_run_0.csv,1200.0,8.0,0,4.8,0.04,4.8,0,16.5,1945.88,15.0341,0.757859,1945.88,0.0,0.995903,31.6701
1200_dose_8_gradient_0_VconcST_0.04_Vconc_4.8_run_0.csv,1200.0,8.0,0,4.8,0.04,4.8,0,16.75,2007.89,14.7361,0.782012,2007.89,0.0,0.996029,30.935
1200_dose_8_gradient_0_VconcST_0.04_Vconc_4.8_run_0.csv,1200.0,8.0,0,4.8,0.04,4.8,0,17.0,2068.3,14.4441,0.805538,2068.3,0.0,0.996145,29.7059
1200_dose_8_gradient_0_VconcST_0.04_Vconc_4.8_run_0.csv,1200.0,8.0,0,4.8,0.04,4.8,0,17.25,2127.13,14.1578,0.828451,2127.13,0.0,0.996251,29.0281
1200_dose_8_gradient_0_VconcST_0.04_Vconc_4.8_run_0.csv,1200.0,8.0,0,4.8,0.04,4.8,0,17.5,2184.41,13.8772,0.850761,2184.41,0.0,0.99635,28.5061
1200_dose_8_gradient_0_VconcST_0.04_Vconc_4.8_run_0.csv,1200.0,8.0,0,4.8,0.04,4.8,0,17.75,2240.19,13.6022,0.872483,2240.19,0.0,0.99644,27.5269
1200_dose_8_gradient_0_VconcST_0.04_Vconc_4.8_run_0.csv,1200.0,8.0,0,4.8,0.04,4.8,0,18.0,2294.48,13.3326,0.893628,2294.48,0.0,0.996524,26.9363
1200_dose_8_gradient_0_VconcST_0.04_Vconc_4.8_run_0.csv,1200.0,8.0,0,4.8,0.04,4.8,0,18.25,2347.32,13.0684,0.914208,2347.32,0.0,0.996602,26.4087
1200_dose_8_gradient_0_VconcST_0.04_Vconc_4.8_run_0.csv,1200.0,8.0,0,4.8,0.04,4.8,0,18.5,2398.74,12.8094,0.934235,2398.74,0.0,0.996675,25.8105
1200_dose_8_gradient_0_VconcST_0.04_Vconc_4.8_run_0.csv,1200.0,8.0,0,4.8,0.04,4.8,0,18.75,2448.77,12.5555,0.95372,2448.77,0.0,0.996743,25.2418
1200_dose_8_gradient_0_VconcST_0.04_Vconc_4.8_run_0.csv,1200.0,8.0,0,4.8,0.04,4.8,0,19.0,2497.44,12.3067,0.972675,2497.44,0.0,0.996806,24.8392
1200_dose_8_gradient_0_VconcST_0.04_Vconc_4.8_run_0.csv,1200.0,8.0,0,4.8,0.04,4.8,0,19.25,2544.78,12.0628,0.991111,2544.78,0.0,0.996865,24.1074
1200_dose_8_gradient_0_VconcST_0.04_Vconc_4.8_run_0.csv,1200.0,8.0,0,4.8,0.04,4.8,0,19.5,2590.81,11.8237,1.00904,2590.81,0.0,0.996921,23.7334
1200_dose_8_gradient_0_VconcST_0.04_Vconc_4.8_run_0.csv,1200.0,8.0,0,4.8,0.04,4.8,0,19.75,2635.56,11.5894,1.02647,2635.56,0.0,0.996973,23.2961
1200_dose_8_gradient_0_VconcST_0.04_Vconc_4.8_run_0.csv,1200.0,8.0,0,4.8,0.04,4.8,0,20.0,2679.69,19.3597,1.04365,2679.69,0.0,0.997022,23.0898
1200_dose_8_gradient_0_VconcST_0.04_Vconc_4.8_run_0.csv,1200.0,8.0,0,4.8,0.04,4.8,0,20.25,2758.89,18.976,1.0745,2758.89,0.0,0.997107,22.2285
1200_dose_8_gradient_0_VconcST_0.04_Vconc_4.8_run_0.csv,1200.0,8.0,0,4.8,0.04,4.8,0,20.5,2836.02,18.5999,1.10454,2836.02,0.0,0.997186,21.8311
1200_dose_8_gradient_0_VconcST_0.04_Vconc_4.8_run_0.csv,1200.0,8.0,0,4.8,0.04,4.8,0,20.75,2911.12,18.2313,1.13379,2911.12,0.0,0.997258,21.233
1200_dose_8_gradient_0_VconcST_0.04_Vconc_4.8_run_0.csv,1200.0,8.0,0,4.8,0.04,4.8,0,21.0,2984.23,17.87,1.16227,2984.23,0.0,0.997325,20.7273
1200_dose_8_gradient_0_VconcST_0.04_Vconc_4.8_run_0.csv,1200.0,8.0,0,4.8,0.04,4.8,0,21.25,3055.4,17.5158,1.18998,3055.4,0.0,0.997388,20.2714
1200_dose_8_gradient_0_VconcST_0.04_Vconc_4.8_run_0.csv,1200.0,8.0,0,4.8,0.04,4.8,0,21.5,3124.67,17.1686,1.21696,3124.67,0.0,0.997445,19.5607
1200_dose_8_gradient_0_VconcST_0.04_Vconc_4.8_run_0.csv,1200.0,8.0,0,4.8,0.04,4.8,0,21.75,3192.07,16.8284,1.24321,3192.07,0.0,0.997499,19.3022
1200_dose_8_gradient_0_VconcST_0.04_Vconc_4.8_run_0.csv,1200.0,8.0,0,4.8,0.04,4.8,0,22.0,3257.64,16.4948,1.26875,3257.64,0.0,0.997549,18.8881
1200_dose_8_gradient_0_VconcST_0.04_Vconc_4.8_run_0.csv,1200.0,8.0,0,4.8,0.04,4.8,0,22.25,3321.43,16.1679,1.29359,3321.43,0.0,0.997596,18.5178
1200_dose_8_gradient_0_VconcST_0.04_Vconc_4.8_run_0.csv,1200.0,8.0,0,4.8,0.04,4.8,0,22.5,3383.46,15.8475,1.31775,3383.46,0.0,0.99764,18.1692
1200_dose_8_gradient_0_VconcST_0.04_Vconc_4.8_run_0.csv,1200.0,8.0,0,4.8,0.04,4.8,0,22.75,3443.78,15.5334,1.34125,3443.78,0.0,0.997682,17.7592
1200_dose_8_gradient_0_VconcST_0.04_Vconc_4.8_run_0.csv,1200.0,8.0,0,4.8,0.04,4.8,0,23.0,3502.43,15.2256,1.36409,3502.43,0.0,0.99772,17.4796
1200_dose_8_gradient_0_VconcST_0.04_Vconc_4.8_run_0.csv,1200.0,8.0,0,4.8,0.04,4.8,0,23.25,3559.42,14.9238,1.38629,3559.42,0.0,0.997757,17.2862
1200_dose_8_gradient_0_VconcST_0.04_Vconc_4.8_run_0.csv,1200.0,8.0,0,4.8,0.04,4.8,0,23.5,3614.81,14.628,1.40786,3614.81,0.0,0.997791,17.0325
1200_dose_8_gradient_0_VconcST_0.04_Vconc_4.8_run_0.csv,1200.0,8.0,0,4.8,0.04,4.8,0,23.75,3668.63,14.3381,1.42882,3668.63,0.0,0.997824,16.6909
1200_dose_8_gradient_0_VconcST_0.04_Vconc_4.8_run_0.csv,1200.0,8.0,0,4.8,0.04,4.8,0,24.0,3720.9,14.054,1.44918,3720.9,0.0,0.997854,16.5998
1200_dose_8_gradient_0_VconcST_0.04_Vconc_4.8_run_0.csv,1200.0,8.0,0,4.8,0.04,4.8,0,24.25,3771.66,13.7754,1.46895,3771.66,0.0,0.997883,16.2047
1200_dose_8_gradient_0_VconcST_0.04_Vconc_4.8_run_0.csv,1200.0,8.0,0,4.8,0.04,4.8,0,24.5,3820.95,13.5024,1.48814,3820.95,0.0,0.99791,16.0696
1200_dose_8_gradient_0_VconcST_0.04_Vconc_4.8_run_0.csv,1200.0,8.0,0,4.8,0.04,4.8,0,24.75,3868.78,13.2348,1.50677,3868.78,0.0,0.997936,15.9538
1200_dose_8_gradient_0_VconcST_0.04_Vconc_4.8_run_0.csv,1200.0,8.0,0,4.8,0.04,4.8,0,25.0,3915.83,20.9725,1.52509,3915.83,0.0,0.99796,15.6697
1200_dose_8_gradient_0_VconcST_0.04_Vconc_4.8_run_0.csv,1200.0,8.0,0,4.8,0.04,4.8,0,25.25,3997.78,20.5569,1.55701,3997.78,0.0,0.998002,15.4186
1200_dose_8_gradient_0_VconcST_0.04_Vconc_4.8_run_0.csv,1200.0,8.0,0,4.8,0.04,4.8,0,25.5,4077.51,20.1495,1.58807,4077.51,0.0,0.998041,15.0506
1200_dose_8_gradient_0_VconcST_0.04_Vconc_4.8_run_0.csv,1200.0,8.0,0,4.8,0.04,4.8,0,25.75,4155.06,19.7501,1.61827,4155.06,0.0,0.998078,14.7996
1200_dose_8_gradient_0_VconcST_0.04_Vconc_4.8_run_0.csv,1200.0,8.0,0,4.8,0.04,4.8,0,26.0,4230.47,19.3587,1.64764,4230.47,0.0,0.998112,14.4493
1200_dose_8_gradient_0_VconcST_0.04_Vconc_4.8_run_0.csv,1200.0,8.0,0,4.8,0.04,4.8,0,26.25,4303.78,18.975,1.67619,4303.78,0.0,0.998144,14.2115
1200_dose_8_gradient_0_VconcST_0.04_Vconc_4.8_run_0.csv,1200.0,8.0,0,4.8,0.04,4.8,0,26.5,4375.05,18.599,1.70395,4375.05,0.0,0.998174,14.0867
1200_dose_8_gradient_0_VconcST_0.04_Vconc_4.8_run_0.csv,1200.0,8.0,0,4.8,0.04,4.8,0,26.75,4444.31,18.2304,1.73092,4444.31,0.0,0.998203,13.8422
1200_dose_8_gradient_0_VconcST_0.04_Vconc_4.8_run_0.csv,1200.0,8.0,0,4.8,0.04,4.8,0,27.0,4511.61,17.869,1.75713,4511.61,0.0,0.99823,13.5312
1200_dose_8_gradient_0_VconcST_0.04_Vconc_4.8_run_0.csv,1200.0,8.0,0,4.8,0.04,4.8,0,27.25,4576.98,17.5149,1.78259,4576.98,0.0,0.998255,13.3749
1200_dose_8_gradient_0_VconcST_0.04_Vconc_4.8_run_0.csv,1200.0,8.0,0,4.8,0.04,4.8,0,27.5,4640.47,17.1678,1.80732,4640.47,0.0,0.998279,13.1619
1200_dose_8_gradient_0_VconcST_0.04_Vconc_4.8_run_0.csv,1200.0,8.0,0,4.8,0.04,4.8,0,27.75,4702.12,16.8275,1.83133,4702.12,0.0,0.998301,13.0843
1200_dose_8_gradient_0_VconcST_0.04_Vconc_4.8_run_0.csv,1200.0,8.0,0,4.8,0.04,4.8,0,28.0,4761.96,16.494,1.85464,4761.96,0.0,0.998322,12.8632
1200_dose_8_gradient_0_VconcST_0.04_Vconc_4.8_run_0.csv,1200.0,8.0,0,4.8,0.04,4.8,0,28.25,4820.04,16.1671,1.87726,4820.04,0.0,0.998343,12.6564
1200_dose_8_gradient_0_VconcST_0.04_Vconc_4.8_run_0.csv,1200.0,8.0,0,4.8,0.04,4.8,0,28.5,4876.39,15.8467,1.8992,4876.39,0.0,0.998362,12.5238
1200_dose_8_gradient_0_VconcST_0.04_Vconc_4.8_run_0.csv,1200.0,8.0,0,4.8,0.04,4.8,0,28.75,4931.05,15.5326,1.92049,4931.05,0.0,0.99838,12.4831
1200_dose_8_gradient_0_VconcST_0.04_Vconc_5.6_run_0.csv,1200.0,8.0,0,5.6,0.04,5.6,0,0.0,0.0,0.0,0.0,0.0,0.0,0.0,0.0
1200_dose_8_gradient_0_VconcST_0.04_Vconc_5.6_run_0.csv,1200.0,8.0,0,5.6,0.04,5.6,0,0.25,0.0,0.0,0.0,0.0,0.0,0.0,10000.0
1200_dose_8_gradient_0_VconcST_0.04_Vconc_5.6_run_0.csv,1200.0,8.0,0,5.6,0.04,5.6,0,0.5,0.0,0.0,0.0,0.0,0.0,0.0,677.83
1200_dose_8_gradient_0_VconcST_0.04_Vconc_5.6_run_0.csv,1200.0,8.0,0,5.6,0.04,5.6,0,0.75,0.0,0.0,0.0,0.0,0.0,0.0,10000.0
1200_dose_8_gradient_0_VconcST_0.04_Vconc_5.6_run_0.csv,1200.0,8.0,0,5.6,0.04,5.6,0,1.0,0.0,0.0,0.0,0.0,0.0,0.0,669.26
1200_dose_8_gradient_0_VconcST_0.04_Vconc_5.6_run_0.csv,1200.0,8.0,0,5.6,0.04,5.6,0,1.25,0.0,0.0,0.0,0.0,0.0,0.0,10000.0
1200_dose_8_gradient_0_VconcST_0.04_Vconc_5.6_run_0.csv,1200.0,8.0,0,5.6,0.04,5.6,0,1.5,0.0,0.0,0.0,0.0,0.0,0.0,665.61
1200_dose_8_gradient_0_VconcST_0.04_Vconc_5.6_run_0.csv,1200.0,8.0,0,5.6,0.04,5.6,0,1.75,0.0,0.0,0.0,0.0,0.0,0.0,10000.0
1200_dose_8_gradient_0_VconcST_0.04_Vconc_5.6_run_0.csv,1200.0,8.0,0,5.6,0.04,5.6,0,2.0,0.0,0.0,0.0,0.0,0.0,0.0,678.634
1200_dose_8_gradient_0_VconcST_0.04_Vconc_5.6_run_0.csv,1200.0,8.0,0,5.6,0.04,5.6,0,2.25,0.0,0.0,0.0,0.0,0.0,0.0,10000.0
1200_dose_8_gradient_0_VconcST_0.04_Vconc_5.6_run_0.csv,1200.0,8.0,0,5.6,0.04,5.6,0,2.5,0.0,0.0,0.0,0.0,0.0,0.0,673.903
1200_dose_8_gradient_0_VconcST_0.04_Vconc_5.6_run_0.csv,1200.0,8.0,0,5.6,0.04,5.6,0,2.75,0.0,0.0,0.0,0.0,0.0,0.0,10000.0
1200_dose_8_gradient_0_VconcST_0.04_Vconc_5.6_run_0.csv,1200.0,8.0,0,5.6,0.04,5.6,0,3.0,0.0,0.0,0.0,0.0,0.0,0.0,674.22
1200_dose_8_gradient_0_VconcST_0.04_Vconc_5.6_run_0.csv,1200.0,8.0,0,5.6,0.04,5.6,0,3.25,0.0,0.0,0.0,0.0,0.0,0.0,10000.0
1200_dose_8_gradient_0_VconcST_0.04_Vconc_5.6_run_0.csv,1200.0,8.0,0,5.6,0.04,5.6,0,3.5,0.0,0.0,0.0,0.0,0.0,0.0,668.3
1200_dose_8_gradient_0_VconcST_0.04_Vconc_5.6_run_0.csv,1200.0,8.0,0,5.6,0.04,5.6,0,3.75,0.0,0.0,0.0,0.0,0.0,0.0,10000.0
1200_dose_8_gradient_0_VconcST_0.04_Vconc_5.6_run_0.csv,1200.0,8.0,0,5.6,0.04,5.6,0,4.0,0.0,0.0,0.0,0.0,0.0,0.0,677.634
1200_dose_8_gradient_0_VconcST_0.04_Vconc_5.6_run_0.csv,1200.0,8.0,0,5.6,0.04,5.6,0,4.25,0.0,0.0,0.0,0.0,0.0,0.0,10000.0
1200_dose_8_gradient_0_VconcST_0.04_Vconc_5.6_run_0.csv,1200.0,8.0,0,5.6,0.04,5.6,0,4.5,0.0,0.0,0.0,0.0,0.0,0.0,669.199
1200_dose_8_gradient_0_VconcST_0.04_Vconc_5.6_run_0.csv,1200.0,8.0,0,5.6,0.04,5.6,0,4.75,0.0,0.0,0.0,0.0,0.0,0.0,10000.0
1200_dose_8_gradient_0_VconcST_0.04_Vconc_5.6_run_0.csv,1200.0,8.0,0,5.6,0.04,5.6,0,5.0,0.6229,8.0,0.0002426,0.6229,0.0,0.0,679.777
1200_dose_8_gradient_0_VconcST_0.04_Vconc_5.6_run_0.csv,1200.0,8.0,0,5.6,0.04,5.6,0,5.25,37.5475,7.84145,0.0146236,37.5475,0.0,0.821982,2389.02
1200_dose_8_gradient_0_VconcST_0.04_Vconc_5.6_run_0.csv,1200.0,8.0,0,5.6,0.04,5.6,0,5.5,73.6004,7.68604,0.0286651,73.6004,0.0,0.901243,441.654
1200_dose_8_gradient_0_VconcST_0.04_Vconc_5.6_run_0.csv,1200.0,8.0,0,5.6,0.04,5.6,0,5.75,108.799,7.53371,0.0423739,108.799,0.0,0.931165,579.007
1200_dose_8_gradient_0_VconcST_0.04_Vconc_5.6_run_0.csv,1200.0,8.0,0,5.6,0.04,5.6,0,6.0,143.161,7.3844,0.0557568,143.161,0.0,0.946877,460.268
1200_dose_8_gradient_0_VconcST_0.04_Vconc_5.6_run_0.csv,1200.0,8.0,0,5.6,0.04,5.6,0,6.25,176.704,7.23805,0.0688207,176.704,0.0,0.956557,384.374
1200_dose_8_gradient_0_VconcST_0.04_Vconc_5.6_run_0.csv,1200.0,8.0,0,5.6,0.04,5.6,0,6.5,209.444,7.0946,0.0815718,209.444,0.0,0.963117,333.907
1200_dose_8_gradient_0_VconcST_0.04_Vconc_5.6_run_0.csv,1200.0,8.0,0,5.6,0.04,5.6,0,6.75,241.397,6.954,0.0940168,241.397,0.0,0.967855,289.917
1200_dose_8_gradient_0_VconcST_0.04_Vconc_5.6_run_0.csv,1200.0,8.0,0,5.6,0.04,5.6,0,7.0,272.581,6.81618,0.106162,272.581,0.0,0.971435,260.094
1200_dose_8_gradient_0_VconcST_0.04_Vconc_5.6_run_0.csv,1200.0,8.0,0,5.6,0.04,5.6,0,7.25,303.01,6.68109,0.118013,303.01,0.0,0.974236,235.249
1200_dose_8_gradient_0_VconcST_0.04_Vconc_5.6_run_0.csv,1200.0,8.0,0,5.6,0.04,5.6,0,7.5,332.7,6.54868,0.129576,332.7,0.0,0.976485,211.04
1200_dose_8_gradient_0_VconcST_0.04_Vconc_5.6_run_0.csv,1200.0,8.0,0,5.6,0.04,5.6,0,7.75,361.666,6.41889,0.140858,361.666,0.0,0.978331,194.411
1200_dose_8_gradient_0_VconcST_0.04_Vconc_5.6_run_0.csv,1200.0,8.0,0,5.6,0.04,5.6,0,8.0,389.923,6.29168,0.151863,389.923,0.0,0.979872,182.742
1200_dose_8_gradient_0_VconcST_0.04_Vconc_5.6_run_0.csv,1200.0,8.0,0,5.6,0.04,5.6,0,8.25,417.486,6.16698,0.162598,417.486,0.0,0.981178,172.15
1200_dose_8_gradient_0_VconcST_0.04_Vconc_5.6_run_0.csv,1200.0,8.0,0,5.6,0.04,5.6,0,8.5,444.369,6.04476,0.173068,444.369,0.0,0.982298,164.537
1200_dose_8_gradient_0_VconcST_0.04_Vconc_5.6_run_0.csv,1200.0,8.0,0,5.6,0.04,5.6,0,8.75,470.586,5.92496,0.183279,470.586,0.0,0.983269,153.974
1200_dose_8_gradient_0_VconcST_0.04_Vconc_5.6_run_0.csv,1200.0,8.0,0,5.6,0.04,5.6,0,9.0,496.151,5.80754,0.193236,496.151,0.0,0.984118,144.591
1200_dose_8_gradient_0_VconcST_0.04_Vconc_5.6_run_0.csv,1200.0,8.0,0,5.6,0.04,5.6,0,9.25,521.077,5.69244,0.202943,521.077,0.0,0.984868,140.468
1200_dose_8_gradient_0_VconcST_0.04_Vconc_5.6_run_0.csv,1200.0,8.0,0,5.6,0.04,5.6,0,9.5,545.377,5.57962,0.212407,545.377,0.0,0.985533,132.033
1200_dose_8_gradient_0_VconcST_0.04_Vconc_5.6_run_0.csv,1200.0,8.0,0,5.6,0.04,5.6,0,9.75,569.063,5.46904,0.221633,569.063,0.0,0.986127,126.376
1200_dose_8_gradient_0_VconcST_0.04_Vconc_5.6_run_0.csv,1200.0,8.0,0,5.6,0.04,5.6,0,10.0,592.773,13.3606,0.230867,592.773,0.0,0.986662,123.389
1200_dose_8_gradient_0_VconcST_0.04_Vconc_5.6_run_0.csv,1200.0,8.0,0,5.6,0.04,5.6,0,10.25,652.196,13.0959,0.25401,652.196,0.0,0.987864,112.358
1200_dose_8_gradient_0_VconcST_0.04_Vconc_5.6_run_0.csv,1200.0,8.0,0,5.6,0.04,5.6,0,10.5,710.172,12.8363,0.27659,710.172,0.0,0.988846,103.919
1200_dose_8_gradient_0_VconcST_0.04_Vconc_5.6_run_0.csv,1200.0,8.0,0,5.6,0.04,5.6,0,10.75,766.73,12.5819,0.298617,766.73,0.0,0.989661,93.4969
1200_dose_8_gradient_0_VconcST_0.04_Vconc_5.6_run_0.csv,1200.0,8.0,0,5.6,0.04,5.6,0,11.0,821.899,12.3326,0.320104,821.899,0.0,0.99035,88.8128
1200_dose_8_gradient_0_VconcST_0.04_Vconc_5.6_run_0.csv,1200.0,8.0,0,5.6,0.04,5.6,0,11.25,875.707,12.0881,0.341061,875.707,0.0,0.990938,83.4338
1200_dose_8_gradient_0_VconcST_0.04_Vconc_5.6_run_0.csv,1200.0,8.0,0,5.6,0.04,5.6,0,11.5,928.184,11.8486,0.361499,928.184,0.0,0.991447,79.1613
1200_dose_8_gradient_0_VconcST_0.04_Vconc_5.6_run_0.csv,1200.0,8.0,0,5.6,0.04,5.6,0,11.75,979.356,11.6137,0.381429,979.356,0.0,0.991891,72.7934
1200_dose_8_gradient_0_VconcST_0.04_Vconc_5.6_run_0.csv,1200.0,8.0,0,5.6,0.04,5.6,0,12.0,1029.25,11.3836,0.400861,1029.25,0.0,0.992281,70.7441
1200_dose_8_gradient_0_VconcST_0.04_Vconc_5.6_run_0.csv,1200.0,8.0,0,5.6,0.04,5.6,0,12.25,1077.89,11.158,0.419805,1077.89,0.0,0.992627,67.5438
1200_dose_8_gradient_0_VconcST_0.04_Vconc_5.6_run_0.csv,1200.0,8.0,0,5.6,0.04,5.6,0,12.5,1125.31,10.9368,0.438273,1125.31,0.0,0.992936,64.6923
1200_dose_8_gradient_0_VconcST_0.04_Vconc_5.6_run_0.csv,1200.0,8.0,0,5.6,0.04,5.6,0,12.75,1171.52,10.7201,0.456272,1171.52,0.0,0.993213,62.1223
1200_dose_8_gradient_0_VconcST_0.04_Vconc_5.6_run_0.csv,1200.0,8.0,0,5.6,0.04,5.6,0,13.0,1216.56,10.5076,0.473814,1216.56,0.0,0.993463,59.9495
1200_dose_8_gradient_0_VconcST_0.04_Vconc_5.6_run_0.csv,1200.0,8.0,0,5.6,0.04,5.6,0,13.25,1260.45,10.2994,0.490908,1260.45,0.0,0.99369,58.281
1200_dose_8_gradient_0_VconcST_0.04_Vconc_5.6_run_0.csv,1200.0,8.0,0,5.6,0.04,5.6,0,13.5,1303.21,10.0952,0.507562,1303.21,0.0,0.993896,56.0986
1200_dose_8_gradient_0_VconcST_0.04_Vconc_5.6_run_0.csv,1200.0,8.0,0,5.6,0.04,5.6,0,13.75,1344.87,9.89516,0.523786,1344.87,0.0,0.994084,53.9732
1200_dose_8_gradient_0_VconcST_0.04_Vconc_5.6_run_0.csv,1200.0,8.0,0,5.6,0.04,5.6,0,14.0,1385.45,9.69905,0.539589,1385.45,0.0,0.994256,52.2355
1200_dose_8_gradient_0_VconcST_0.04_Vconc_5.6_run_0.csv,1200.0,8.0,0,5.6,0.04,5.6,0,14.25,1424.96,9.50683,0.554979,1424.96,0.0,0.994415,50.8177
1200_dose_8_gradient_0_VconcST_0.04_Vconc_5.6_run_0.csv,1200.0,8.0,0,5.6,0.04,5.6,0,14.5,1463.44,9.31841,0.569965,1463.44,0.0,0.994561,49.3683
1200_dose_8_gradient_0_VconcST_0.04_Vconc_5.6_run_0.csv,1200.0,8.0,0,5.6,0.04,5.6,0,14.75,1500.91,9.13373,0.584556,1500.91,0.0,0.994696,47.9882
1200_dose_8_gradient_0_VconcST_0.04_Vconc_5.6_run_0.csv,1200.0,8.0,0,5.6,0.04,5.6,0,15.0,1538.0,16.9527,0.599002,1538.0,0.0,0.994821,47.8291
1200_dose_8_gradient_0_VconcST_0.04_Vconc_5.6_run_0.csv,1200.0,8.0,0,5.6,0.04,5.6,0,15.25,1610.42,16.6167,0.627208,1610.42,0.0,0.995053,45.8959
1200_dose_8_gradient_0_VconcST_0.04_Vconc_5.6_run_0.csv,1200.0,8.0,0,5.6,0.04,5.6,0,15.5,1681.01,16.2874,0.654702,1681.01,0.0,0.99526,42.9118
1200_dose_8_gradient_0_VconcST_0.04_Vconc_5.6_run_0.csv,1200.0,8.0,0,5.6,0.04,5.6,0,15.75,1749.82,15.9646,0.6815,1749.82,0.0,0.995446,41.6944
1200_dose_8_gradient_0_VconcST_0.04_Vconc_5.6_run_0.csv,1200.0,8.0,0,5.6,0.04,5.6,0,16.0,1816.87,15.6482,0.707616,1816.87,0.0,0.995613,39.4445
1200_dose_8_gradient_0_VconcST_0.04_Vconc_5.6_run_0.csv,1200.0,8.0,0,5.6,0.04,5.6,0,16.25,1882.21,15.3381,0.733064,1882.21,0.0,0.995765,38.1392
1200_dose_8_gradient_0_VconcST_0.04_Vconc_5.6_run_0.csv,1200.0,8.0,0,5.6,0.04,5.6,0,16.5,1945.88,15.0341,0.757859,1945.88,0.0,0.995903,37.3027
1200_dose_8_gradient_0_VconcST_0.04_Vconc_5.6_run_0.csv,1200.0,8.0,0,5.6,0.04,5.6,0,16.75,2007.89,14.7361,0.782012,2007.89,0.0,0.996029,35.948
1200_dose_8_gradient_0_VconcST_0.04_Vconc_5.6_run_0.csv,1200.0,8.0,0,5.6,0.04,5.6,0,17.0,2068.3,14.4441,0.805538,2068.3,0.0,0.996145,35.2101
1200_dose_8_gradient_0_VconcST_0.04_Vconc_5.6_run_0.csv,1200.0,8.0,0,5.6,0.04,5.6,0,17.25,2127.13,14.1578,0.828451,2127.13,0.0,0.996251,34.2277
1200_dose_8_gradient_0_VconcST_0.04_Vconc_5.6_run_0.csv,1200.0,8.0,0,5.6,0.04,5.6,0,17.5,2184.41,13.8772,0.850761,2184.41,0.0,0.99635,33.0537
1200_dose_8_gradient_0_VconcST_0.04_Vconc_5.6_run_0.csv,1200.0,8.0,0,5.6,0.04,5.6,0,17.75,2240.19,13.6022,0.872483,2240.19,0.0,0.99644,32.3786
1200_dose_8_gradient_0_VconcST_0.04_Vconc_5.6_run_0.csv,1200.0,8.0,0,5.6,0.04,5.6,0,18.0,2294.48,13.3326,0.893628,2294.48,0.0,0.996524,31.3769
1200_dose_8_gradient_0_VconcST_0.04_Vconc_5.6_run_0.csv,1200.0,8.0,0,5.6,0.04,5.6,0,18.25,2347.32,13.0684,0.914208,2347.32,0.0,0.996602,30.9046
1200_dose_8_gradient_0_VconcST_0.04_Vconc_5.6_run_0.csv,1200.0,8.0,0,5.6,0.04,5.6,0,18.5,2398.74,12.8094,0.934235,2398.74,0.0,0.996675,30.4382
1200_dose_8_gradient_0_VconcST_0.04_Vconc_5.6_run_0.csv,1200.0,8.0,0,5.6,0.04,5.6,0,18.75,2448.77,12.5555,0.95372,2448.77,0.0,0.996743,29.6492
1200_dose_8_gradient_0_VconcST_0.04_Vconc_5.6_run_0.csv,1200.0,8.0,0,5.6,0.04,5.6,0,19.0,2497.44,12.3067,0.972675,2497.44,0.0,0.996806,29.1686
1200_dose_8_gradient_0_VconcST_0.04_Vconc_5.6_run_0.csv,1200.0,8.0,0,5.6,0.04,5.6,0,19.25,2544.78,12.0628,0.991111,2544.78,0.0,0.996865,28.1866
1200_dose_8_gradient_0_VconcST_0.04_Vconc_5.6_run_0.csv,1200.0,8.0,0,5.6,0.04,5.6,0,19.5,2590.81,11.8237,1.00904,2590.81,0.0,0.996921,27.7353
1200_dose_8_gradient_0_VconcST_0.04_Vconc_5.6_run_0.csv,1200.0,8.0,0,5.6,0.04,5.6,0,19.75,2635.56,11.5894,1.02647,2635.56,0.0,0.996973,27.339
1200_dose_8_gradient_0_VconcST_0.04_Vconc_5.6_run_0.csv,1200.0,8.0,0,5.6,0.04,5.6,0,20.0,2679.69,19.3597,1.04365,2679.69,0.0,0.997022,26.5686
1200_dose_8_gradient_0_VconcST_0.04_Vconc_5.6_run_0.csv,1200.0,8.0,0,5.6,0.04,5.6,0,20.25,2758.89,18.976,1.0745,2758.89,0.0,0.997107,26.1318
1200_dose_8_gradient_0_VconcST_0.04_Vconc_5.6_run_0.csv,1200.0,8.0,0,5.6,0.04,5.6,0,20.5,2836.02,18.5999,1.10454,2836.02,0.0,0.997186,25.5871
1200_dose_8_gradient_0_VconcST_0.04_Vconc_5.6_run_0.csv,1200.0,8.0,0,5.6,0.04,5.6,0,20.75,2911.12,18.2313,1.13379,2911.12,0.0,0.997258,24.7923
1200_dose_8_gradient_0_VconcST_0.04_Vconc_5.6_run_0.csv,1200.0,8.0,0,5.6,0.04,5.6,0,21.0,2984.23,17.87,1.16227,2984.23,0.0,0.997325,24.2234
1200_dose_8_gradient_0_VconcST_0.04_Vconc_5.6_run_0.csv,1200.0,8.0,0,5.6,0.04,5.6,0,21.25,3055.4,17.5158,1.18998,3055.4,0.0,0.997388,23.5768
1200_dose_8_gradient_0_VconcST_0.04_Vconc_5.6_run_0.csv,1200.0,8.0,0,5.6,0.04,5.6,0,21.5,3124.67,17.1686,1.21696,3124.67,0.0,0.997445,22.8171
1200_dose_8_gradient_0_VconcST_0.04_Vconc_5.6_run_0.csv,1200.0,8.0,0,5.6,0.04,5.6,0,21.75,3192.07,16.8284,1.24321,3192.07,0.0,0.997499,22.6847
1200_dose_8_gradient_0_VconcST_0.04_Vconc_5.6_run_0.csv,1200.0,8.0,0,5.6,0.04,5.6,0,22.0,3257.64,16.4948,1.26875,3257.64,0.0,0.997549,21.9803
1200_dose_8_gradient_0_VconcST_0.04_Vconc_5.6_run_0.csv,1200.0,8.0,0,5.6,0.04,5.6,0,22.25,3321.43,16.1679,1.29359,3321.43,0.0,0.997596,21.8468
1200_dose_8_gradient_0_VconcST_0.04_Vconc_5.6_run_0.csv,1200.0,8.0,0,5.6,0.04,5.6,0,22.5,3383.46,15.8475,1.31775,3383.46,0.0,0.99764,21.2969
1200_dose_8_gradient_0_VconcST_0.04_Vconc_5.6_run_0.csv,1200.0,8.0,0,5.6,0.04,5.6,0,22.75,3443.78,15.5334,1.34125,3443.78,0.0,0.997682,20.7177
1200_dose_8_gradient_0_VconcST_0.04_Vconc_5.6_run_0.csv,1200.0,8.0,0,5.6,0.04,5.6,0,23.0,3502.43,15.2256,1.36409,3502.43,0.0,0.99772,20.6361
1200_dose_8_gradient_0_VconcST_0.04_Vconc_5.6_run_0.csv,1200.0,8.0,0,5.6,0.04,5.6,0,23.25,3559.42,14.9238,1.38629,3559.42,0.0,0.997757,20.216
1200_dose_8_gradient_0_VconcST_0.04_Vconc_5.6_run_0.csv,1200.0,8.0,0,5.6,0.04,5.6,0,23.5,3614.81,14.628,1.40786,3614.81,0.0,0.997791,19.7915
1200_dose_8_gradient_0_VconcST_0.04_Vconc_5.6_run_0.csv,1200.0,8.0,0,5.6,0.04,5.6,0,23.75,3668.63,14.3381,1.42882,3668.63,0.0,0.997824,19.6766
1200_dose_8_gradient_0_VconcST_0.04_Vconc_5.6_run_0.csv,1200.0,8.0,0,5.6,0.04,5.6,0,24.0,3720.9,14.054,1.44918,3720.9,0.0,0.997854,19.4143
1200_dose_8_gradient_0_VconcST_0.04_Vconc_5.6_run_0.csv,1200.0,8.0,0,5.6,0.04,5.6,0,24.25,3771.66,13.7754,1.46895,3771.66,0.0,0.997883,18.9077
1200_dose_8_gradient_0_VconcST_0.04_Vconc_5.6_run_0.csv,1200.0,8.0,0,5.6,0.04,5.6,0,24.5,3820.95,13.5024,1.48814,3820.95,0.0,0.99791,18.6471
1200_dose_8_gradient_0_VconcST_0.04_Vconc_5.6_run_0.csv,1200.0,8.0,0,5.6,0.04,5.6,0,24.75,3868.78,13.2348,1.50677,3868.78,0.0,0.997936,18.7506
1200_dose_8_gradient_0_VconcST_0.04_Vconc_5.6_run_0.csv,1200.0,8.0,0,5.6,0.04,5.6,0,25.0,3915.83,20.9725,1.52509,3915.83,0.0,0.99796,18.3728
1200_dose_8_gradient_0_VconcST_0.04_Vconc_5.6_run_0.csv,1200.0,8.0,0,5.6,0.04,5.6,0,25.25,3997.78,20.5569,1.55701,3997.78,0.0,0.998002,17.9982
1200_dose_8_gradient_0_VconcST_0.04_Vconc_5.6_run_0.csv,1200.0,8.0,0,5.6,0.04,5.6,0,25.5,4077.51,20.1495,1.58807,4077.51,0.0,0.998041,17.8202
1200_dose_8_gradient_0_VconcST_0.04_Vconc_5.6_run_0.csv,1200.0,8.0,0,5.6,0.04,5.6,0,25.75,4155.06,19.7501,1.61827,4155.06,0.0,0.998078,17.3844
1200_dose_8_gradient_0_VconcST_0.04_Vconc_5.6_run_0.csv,1200.0,8.0,0,5.6,0.04,5.6,0,26.0,4230.47,19.3587,1.64764,4230.47,0.0,0.998112,16.9209
1200_dose_8_gradient_0_VconcST_0.04_Vconc_5.6_run_0.csv,1200.0,8.0,0,5.6,0.04,5.6,0,26.25,4303.78,18.975,1.67619,4303.78,0.0,0.998144,16.5811
1200_dose_8_gradient_0_VconcST_0.04_Vconc_5.6_run_0.csv,1200.0,8.0,0,5.6,0.04,5.6,0,26.5,4375.05,18.599,1.70395,4375.05,0.0,0.998174,16.4521
1200_dose_8_gradient_0_VconcST_0.04_Vconc_5.6_run_0.csv,1200.0,8.0,0,5.6,0.04,5.6,0,26.75,4444.31,18.2304,1.73092,4444.31,0.0,0.998203,16.0687
1200_dose_8_gradient_0_VconcST_0.04_Vconc_5.6_run_0.csv,1200.0,8.0,0,5.6,0.04,5.6,0,27.0,4511.61,17.869,1.75713,4511.61,0.0,0.99823,15.9511
1200_dose_8_gradient_0_VconcST_0.04_Vconc_5.6_run_0.csv,1200.0,8.0,0,5.6,0.04,5.6,0,27.25,4576.98,17.5149,1.78259,4576.98,0.0,0.998255,15.6628
1200_dose_8_gradient_0_VconcST_0.04_Vconc_5.6_run_0.csv,1200.0,8.0,0,5.6,0.04,5.6,0,27.5,4640.47,17.1678,1.80732,4640.47,0.0,0.998279,15.5029
1200_dose_8_gradient_0_VconcST_0.04_Vconc_5.6_run_0.csv,1200.0,8.0,0,5.6,0.04,5.6,0,27.75,4702.12,16.8275,1.83133,4702.12,0.0,0.998301,15.1894
1200_dose_8_gradient_0_VconcST_0.04_Vconc_5.6_run_0.csv,1200.0,8.0,0,5.6,0.04,5.6,0,28.0,4761.96,16.494,1.85464,4761.96,0.0,0.998322,14.9797
1200_dose_8_gradient_0_VconcST_0.04_Vconc_5.6_run_0.csv,1200.0,8.0,0,5.6,0.04,5.6,0,28.25,4820.04,16.1671,1.87726,4820.04,0.0,0.998343,14.9141
1200_dose_8_gradient_0_VconcST_0.04_Vconc_5.6_run_0.csv,1200.0,8.0,0,5.6,0.04,5.6,0,28.5,4876.39,15.8467,1.8992,4876.39,0.0,0.998362,14.602
1200_dose_8_gradient_0_VconcST_0.04_Vconc_5.6_run_0.csv,1200.0,8.0,0,5.6,0.04,5.6,0,28.75,4931.05,15.5326,1.92049,4931.05,0.0,0.99838,14.596
