filename,schedule,dose,gradient,vegf_level,VconcST,Vconc,run,hours,drug_tumour_nM,drug_gut_mgL,drug_blood_mgL,drug_blood_nM,vasc_score,vegfr_inhibition,dll4_average
5760_dose_850_gradient_0_VconcST_0_Vconc_0.9_run_2.csv,5760.0,850.0,0,0.9,0.0,0.9,2,0.0,0.0,0.0,0.0,0.0,0.0,0.0,0.0
5760_dose_850_gradient_0_VconcST_0_Vconc_0.9_run_2.csv,5760.0,850.0,0,0.9,0.0,0.9,2,0.25,0.0,0.0,0.0,0.0,0.0,0.0,2351.65
5760_dose_850_gradient_0_VconcST_0_Vconc_0.9_run_2.csv,5760.0,850.0,0,0.9,0.0,0.9,2,0.5,0.0,0.0,0.0,0.0,0.0,0.0,33.1258
5760_dose_850_gradient_0_VconcST_0_Vconc_0.9_run_2.csv,5760.0,850.0,0,0.9,0.0,0.9,2,0.75,0.0,0.0,0.0,0.0,0.0,0.0,2296.98
5760_dose_850_gradient_0_VconcST_0_Vconc_0.9_run_2.csv,5760.0,850.0,0,0.9,0.0,0.9,2,1.0,0.0,0.0,0.0,0.0,0.0,0.0,33.077
5760_dose_850_gradient_0_VconcST_0_Vconc_0.9_run_2.csv,5760.0,850.0,0,0.9,0.0,0.9,2,1.25,0.0,0.0,0.0,0.0,0.0,0.0,2489.23
5760_dose_850_gradient_0_VconcST_0_Vconc_0.9_run_2.csv,5760.0,850.0,0,0.9,0.0,0.9,2,1.5,0.0,0.0,0.0,0.0,0.0,0.0,32.4491
5760_dose_850_gradient_0_VconcST_0_Vconc_0.9_run_2.csv,5760.0,850.0,0,0.9,0.0,0.9,2,1.75,0.0,0.0,0.0,0.0,0.0,0.0,2274.47
5760_dose_850_gradient_0_VconcST_0_Vconc_0.9_run_2.csv,5760.0,850.0,0,0.9,0.0,0.9,2,2.0,0.0,0.0,0.0,0.0,0.0,0.0,33.4984
5760_dose_850_gradient_0_VconcST_0_Vconc_0.9_run_2.csv,5760.0,850.0,0,0.9,0.0,0.9,2,2.25,0.0,0.0,0.0,0.0,4.34028e-06,0.0,2300.89
5760_dose_850_gradient_0_VconcST_0_Vconc_0.9_run_2.csv,5760.0,850.0,0,0.9,0.0,0.9,2,2.5,0.0,0.0,0.0,0.0,0.0,0.0,34.1817
5760_dose_850_gradient_0_VconcST_0_Vconc_0.9_run_2.csv,5760.0,850.0,0,0.9,0.0,0.9,2,2.75,0.0,0.0,0.0,0.0,0.0,0.0,2258.76
5760_dose_850_gradient_0_VconcST_0_Vconc_0.9_run_2.csv,5760.0,850.0,0,0.9,0.0,0.9,2,3.0,0.0,0.0,0.0,0.0,0.0,0.0,34.2338
5760_dose_850_gradient_0_VconcST_0_Vconc_0.9_run_2.csv,5760.0,850.0,0,0.9,0.0,0.9,2,3.25,0.0,0.0,0.0,0.0,8.68056e-06,0.0,2213.86
5760_dose_850_gradient_0_VconcST_0_Vconc_0.9_run_2.csv,5760.0,850.0,0,0.9,0.0,0.9,2,3.5,0.0,0.0,0.0,0.0,0.0,0.0,34.437
5760_dose_850_gradient_0_VconcST_0_Vconc_0.9_run_2.csv,5760.0,850.0,0,0.9,0.0,0.9,2,3.75,0.0,0.0,0.0,0.0,0.0,0.0,2261.59
5760_dose_850_gradient_0_VconcST_0_Vconc_0.9_run_2.csv,5760.0,850.0,0,0.9,0.0,0.9,2,4.0,0.0,0.0,0.0,0.0,0.0,0.0,35.2625
5760_dose_850_gradient_0_VconcST_0_Vconc_0.9_run_2.csv,5760.0,850.0,0,0.9,0.0,0.9,2,4.25,0.0,0.0,0.0,0.0,0.0,0.0,2227.4
5760_dose_850_gradient_0_VconcST_0_Vconc_0.9_run_2.csv,5760.0,850.0,0,0.9,0.0,0.9,2,4.5,0.0,0.0,0.0,0.0,0.0,0.0,35.1832
5760_dose_850_gradient_0_VconcST_0_Vconc_0.9_run_2.csv,5760.0,850.0,0,0.9,0.0,0.9,2,4.75,0.0,0.0,0.0,0.0,0.0,0.0,2182.52
5760_dose_850_gradient_0_VconcST_0_Vconc_0.9_run_2.csv,5760.0,850.0,0,0.9,0.0,0.9,2,5.0,0.0,0.0,0.0,0.0,0.0,0.0,38.2248
5760_dose_850_gradient_0_VconcST_0_Vconc_0.9_run_2.csv,5760.0,850.0,0,0.9,0.0,0.9,2,5.25,0.0,0.0,0.0,0.0,0.0,0.0,2141.44
5760_dose_850_gradient_0_VconcST_0_Vconc_0.9_run_2.csv,5760.0,850.0,0,0.9,0.0,0.9,2,5.5,0.0,0.0,0.0,0.0,0.0,0.0,38.2911
5760_dose_850_gradient_0_VconcST_0_Vconc_0.9_run_2.csv,5760.0,850.0,0,0.9,0.0,0.9,2,5.75,0.0,0.0,0.0,0.0,0.0,0.0,2133.22
5760_dose_850_gradient_0_VconcST_0_Vconc_0.9_run_2.csv,5760.0,850.0,0,0.9,0.0,0.9,2,6.0,0.0,0.0,0.0,0.0,0.0,0.0,39.7184
5760_dose_850_gradient_0_VconcST_0_Vconc_0.9_run_2.csv,5760.0,850.0,0,0.9,0.0,0.9,2,6.25,0.0,0.0,0.0,0.0,9.11458e-05,0.0,2186.68
5760_dose_850_gradient_0_VconcST_0_Vconc_0.9_run_2.csv,5760.0,850.0,0,0.9,0.0,0.9,2,6.5,0.0,0.0,0.0,0.0,0.0,0.0,39.2807
5760_dose_850_gradient_0_VconcST_0_Vconc_0.9_run_2.csv,5760.0,850.0,0,0.9,0.0,0.9,2,6.75,0.0,0.0,0.0,0.0,0.0,0.0,2032.25
5760_dose_850_gradient_0_VconcST_0_Vconc_0.9_run_2.csv,5760.0,850.0,0,0.9,0.0,0.9,2,7.0,0.0,0.0,0.0,0.0,0.0,0.0,42.7352
5760_dose_850_gradient_0_VconcST_0_Vconc_0.9_run_2.csv,5760.0,850.0,0,0.9,0.0,0.9,2,7.25,0.0,0.0,0.0,0.0,0.0,0.0,2081.11
5760_dose_850_gradient_0_VconcST_0_Vconc_0.9_run_2.csv,5760.0,850.0,0,0.9,0.0,0.9,2,7.5,0.0,0.0,0.0,0.0,0.0,0.0,44.0863
5760_dose_850_gradient_0_VconcST_0_Vconc_0.9_run_2.csv,5760.0,850.0,0,0.9,0.0,0.9,2,7.75,0.0,0.0,0.0,0.0,0.0,0.0,2020.53
5760_dose_850_gradient_0_VconcST_0_Vconc_0.9_run_2.csv,5760.0,850.0,0,0.9,0.0,0.9,2,8.0,0.0,0.0,0.0,0.0,0.0,0.0,45.8026
5760_dose_850_gradient_0_VconcST_0_Vconc_0.9_run_2.csv,5760.0,850.0,0,0.9,0.0,0.9,2,8.25,0.0,0.0,0.0,0.0,0.0,0.0,2055.34
5760_dose_850_gradient_0_VconcST_0_Vconc_0.9_run_2.csv,5760.0,850.0,0,0.9,0.0,0.9,2,8.5,0.0,0.0,0.0,0.0,0.0,0.0,60.3664
5760_dose_850_gradient_0_VconcST_0_Vconc_0.9_run_2.csv,5760.0,850.0,0,0.9,0.0,0.9,2,8.75,0.0,0.0,0.0,0.0,0.0,0.0,2014.51
5760_dose_850_gradient_0_VconcST_0_Vconc_0.9_run_2.csv,5760.0,850.0,0,0.9,0.0,0.9,2,9.0,0.0,0.0,0.0,0.0,0.0,0.0,76.3945
5760_dose_850_gradient_0_VconcST_0_Vconc_0.9_run_2.csv,5760.0,850.0,0,0.9,0.0,0.9,2,9.25,0.0,0.0,0.0,0.0,0.0,0.0,2019.6
5760_dose_850_gradient_0_VconcST_0_Vconc_0.9_run_2.csv,5760.0,850.0,0,0.9,0.0,0.9,2,9.5,0.0,0.0,0.0,0.0,0.0,0.0,85.1768
5760_dose_850_gradient_0_VconcST_0_Vconc_0.9_run_2.csv,5760.0,850.0,0,0.9,0.0,0.9,2,9.75,0.0,0.0,0.0,0.0,0.0,0.0,1945.44
5760_dose_850_gradient_0_VconcST_0_Vconc_0.9_run_2.csv,5760.0,850.0,0,0.9,0.0,0.9,2,10.0,0.0,0.0,0.0,0.0,0.0,0.0,166.163
5760_dose_850_gradient_0_VconcST_0_Vconc_0.9_run_2.csv,5760.0,850.0,0,0.9,0.0,0.9,2,10.25,0.0,0.0,0.0,0.0,0.0,0.0,1921.01
5760_dose_850_gradient_0_VconcST_0_Vconc_0.9_run_2.csv,5760.0,850.0,0,0.9,0.0,0.9,2,10.5,0.0,0.0,0.0,0.0,0.0,0.0,189.172
5760_dose_850_gradient_0_VconcST_0_Vconc_0.9_run_2.csv,5760.0,850.0,0,0.9,0.0,0.9,2,10.75,0.0,0.0,0.0,0.0,0.0,0.0,1860.52
5760_dose_850_gradient_0_VconcST_0_Vconc_0.9_run_2.csv,5760.0,850.0,0,0.9,0.0,0.9,2,11.0,0.0,0.0,0.0,0.0,0.0,0.0,293.214
5760_dose_850_gradient_0_VconcST_0_Vconc_0.9_run_2.csv,5760.0,850.0,0,0.9,0.0,0.9,2,11.25,0.0,0.0,0.0,0.0,0.0,0.0,1806.38
5760_dose_850_gradient_0_VconcST_0_Vconc_0.9_run_2.csv,5760.0,850.0,0,0.9,0.0,0.9,2,11.5,0.0,0.0,0.0,0.0,0.0,0.0,328.687
5760_dose_850_gradient_0_VconcST_0_Vconc_0.9_run_2.csv,5760.0,850.0,0,0.9,0.0,0.9,2,11.75,0.0,0.0,0.0,0.0,0.0,0.0,1721.38
5760_dose_850_gradient_0_VconcST_0_Vconc_0.9_run_2.csv,5760.0,850.0,0,0.9,0.0,0.9,2,12.0,0.0,0.0,0.0,0.0,0.0,0.0,351.828
5760_dose_850_gradient_0_VconcST_0_Vconc_0.9_run_2.csv,5760.0,850.0,0,0.9,0.0,0.9,2,12.25,0.0,0.0,0.0,0.0,0.0,0.0,1626.63
5760_dose_850_gradient_0_VconcST_0_Vconc_0.9_run_2.csv,5760.0,850.0,0,0.9,0.0,0.9,2,12.5,0.0,0.0,0.0,0.0,0.0,0.0,498.103
5760_dose_850_gradient_0_VconcST_0_Vconc_0.9_run_2.csv,5760.0,850.0,0,0.9,0.0,0.9,2,12.75,0.0,0.0,0.0,0.0,0.0,0.0,1636.99
5760_dose_850_gradient_0_VconcST_0_Vconc_0.9_run_2.csv,5760.0,850.0,0,0.9,0.0,0.9,2,13.0,0.0,0.0,0.0,0.0,0.0,0.0,491.289
5760_dose_850_gradient_0_VconcST_0_Vconc_0.9_run_2.csv,5760.0,850.0,0,0.9,0.0,0.9,2,13.25,0.0,0.0,0.0,0.0,0.0,0.0,1585.86
5760_dose_850_gradient_0_VconcST_0_Vconc_0.9_run_2.csv,5760.0,850.0,0,0.9,0.0,0.9,2,13.5,0.0,0.0,0.0,0.0,0.0,0.0,638.281
5760_dose_850_gradient_0_VconcST_0_Vconc_0.9_run_2.csv,5760.0,850.0,0,0.9,0.0,0.9,2,13.75,0.0,0.0,0.0,0.0,0.0,0.0,1399.29
5760_dose_850_gradient_0_VconcST_0_Vconc_0.9_run_2.csv,5760.0,850.0,0,0.9,0.0,0.9,2,14.0,0.0,0.0,0.0,0.0,0.0,0.0,815.781
5760_dose_850_gradient_0_VconcST_0_Vconc_0.9_run_2.csv,5760.0,850.0,0,0.9,0.0,0.9,2,14.25,0.0,0.0,0.0,0.0,0.0,0.0,1318.67
5760_dose_850_gradient_0_VconcST_0_Vconc_0.9_run_2.csv,5760.0,850.0,0,0.9,0.0,0.9,2,14.5,0.0,0.0,0.0,0.0,0.0,0.0,964.294
5760_dose_850_gradient_0_VconcST_0_Vconc_0.9_run_2.csv,5760.0,850.0,0,0.9,0.0,0.9,2,14.75,0.0,0.0,0.0,0.0,0.0,0.0,1196.66
5760_dose_850_gradient_0_VconcST_0_Vconc_0.9_run_2.csv,5760.0,850.0,0,0.9,0.0,0.9,2,15.0,0.0,0.0,0.0,0.0,0.0,0.0,1081.05
5760_dose_850_gradient_0_VconcST_0_Vconc_0.9_run_2.csv,5760.0,850.0,0,0.9,0.0,0.9,2,15.25,0.0,0.0,0.0,0.0,0.0,0.0,1125.98
5760_dose_850_gradient_0_VconcST_0_Vconc_0.9_run_2.csv,5760.0,850.0,0,0.9,0.0,0.9,2,15.5,0.0,0.0,0.0,0.0,0.0,0.0,1426.98
5760_dose_850_gradient_0_VconcST_0_Vconc_0.9_run_2.csv,5760.0,850.0,0,0.9,0.0,0.9,2,15.75,0.0,0.0,0.0,0.0,0.0,0.0,1028.94
5760_dose_850_gradient_0_VconcST_0_Vconc_0.9_run_2.csv,5760.0,850.0,0,0.9,0.0,0.9,2,16.0,0.0,0.0,0.0,0.0,0.0,0.0,1666.95
5760_dose_850_gradient_0_VconcST_0_Vconc_0.9_run_2.csv,5760.0,850.0,0,0.9,0.0,0.9,2,16.25,0.0,0.0,0.0,0.0,0.0,0.0,993.453
5760_dose_850_gradient_0_VconcST_0_Vconc_0.9_run_2.csv,5760.0,850.0,0,0.9,0.0,0.9,2,16.5,0.0,0.0,0.0,0.0,0.0,0.0,1523.56
5760_dose_850_gradient_0_VconcST_0_Vconc_0.9_run_0.csv,5760.0,850.0,0,0.9,0.0,0.9,0,0.0,0.0,0.0,0.0,0.0,0.0,0.0,0.0
5760_dose_850_gradient_0_VconcST_0_Vconc_0.9_run_0.csv,5760.0,850.0,0,0.9,0.0,0.9,0,0.25,0.0,0.0,0.0,0.0,0.0,0.0,2374.35
5760_dose_850_gradient_0_VconcST_0_Vconc_0.9_run_0.csv,5760.0,850.0,0,0.9,0.0,0.9,0,0.5,0.0,0.0,0.0,0.0,0.0,0.0,32.649
5760_dose_850_gradient_0_VconcST_0_Vconc_0.9_run_0.csv,5760.0,850.0,0,0.9,0.0,0.9,0,0.75,0.0,0.0,0.0,0.0,0.0,0.0,2326.95
5760_dose_850_gradient_0_VconcST_0_Vconc_0.9_run_0.csv,5760.0,850.0,0,0.9,0.0,0.9,0,1.0,0.0,0.0,0.0,0.0,0.0,0.0,32.4654
5760_dose_850_gradient_0_VconcST_0_Vconc_0.9_run_0.csv,5760.0,850.0,0,0.9,0.0,0.9,0,1.25,0.0,0.0,0.0,0.0,0.0,0.0,2370.04
5760_dose_850_gradient_0_VconcST_0_Vconc_0.9_run_0.csv,5760.0,850.0,0,0.9,0.0,0.9,0,1.5,0.0,0.0,0.0,0.0,0.0,0.0,32.2536
5760_dose_850_gradient_0_VconcST_0_Vconc_0.9_run_0.csv,5760.0,850.0,0,0.9,0.0,0.9,0,1.75,0.0,0.0,0.0,0.0,0.0,0.0,2424.54
5760_dose_850_gradient_0_VconcST_0_Vconc_0.9_run_0.csv,5760.0,850.0,0,0.9,0.0,0.9,0,2.0,0.0,0.0,0.0,0.0,0.0,0.0,32.1949
5760_dose_850_gradient_0_VconcST_0_Vconc_0.9_run_0.csv,5760.0,850.0,0,0.9,0.0,0.9,0,2.25,0.0,0.0,0.0,0.0,0.0,0.0,2324.22
5760_dose_850_gradient_0_VconcST_0_Vconc_0.9_run_0.csv,5760.0,850.0,0,0.9,0.0,0.9,0,2.5,0.0,0.0,0.0,0.0,0.0,0.0,33.5679
5760_dose_850_gradient_0_VconcST_0_Vconc_0.9_run_0.csv,5760.0,850.0,0,0.9,0.0,0.9,0,2.75,0.0,0.0,0.0,0.0,0.0,0.0,2370.39
5760_dose_850_gradient_0_VconcST_0_Vconc_0.9_run_0.csv,5760.0,850.0,0,0.9,0.0,0.9,0,3.0,0.0,0.0,0.0,0.0,0.0,0.0,32.0396
5760_dose_850_gradient_0_VconcST_0_Vconc_0.9_run_0.csv,5760.0,850.0,0,0.9,0.0,0.9,0,3.25,0.0,0.0,0.0,0.0,0.0,0.0,2286.17
5760_dose_850_gradient_0_VconcST_0_Vconc_0.9_run_0.csv,5760.0,850.0,0,0.9,0.0,0.9,0,3.5,0.0,0.0,0.0,0.0,0.0,0.0,33.1106
5760_dose_850_gradient_0_VconcST_0_Vconc_0.9_run_0.csv,5760.0,850.0,0,0.9,0.0,0.9,0,3.75,0.0,0.0,0.0,0.0,0.0,0.0,2232.26
5760_dose_850_gradient_0_VconcST_0_Vconc_0.9_run_0.csv,5760.0,850.0,0,0.9,0.0,0.9,0,4.0,0.0,0.0,0.0,0.0,0.0,0.0,34.5923
5760_dose_850_gradient_0_VconcST_0_Vconc_0.9_run_0.csv,5760.0,850.0,0,0.9,0.0,0.9,0,4.25,0.0,0.0,0.0,0.0,0.0,0.0,2226.81
5760_dose_850_gradient_0_VconcST_0_Vconc_0.9_run_0.csv,5760.0,850.0,0,0.9,0.0,0.9,0,4.5,0.0,0.0,0.0,0.0,0.0,0.0,34.8019
5760_dose_850_gradient_0_VconcST_0_Vconc_0.9_run_0.csv,5760.0,850.0,0,0.9,0.0,0.9,0,4.75,0.0,0.0,0.0,0.0,0.0,0.0,2227.54
5760_dose_850_gradient_0_VconcST_0_Vconc_0.9_run_0.csv,5760.0,850.0,0,0.9,0.0,0.9,0,5.0,0.0,0.0,0.0,0.0,0.0,0.0,35.8459
5760_dose_850_gradient_0_VconcST_0_Vconc_0.9_run_0.csv,5760.0,850.0,0,0.9,0.0,0.9,0,5.25,0.0,0.0,0.0,0.0,0.0,0.0,2244.37
5760_dose_850_gradient_0_VconcST_0_Vconc_0.9_run_0.csv,5760.0,850.0,0,0.9,0.0,0.9,0,5.5,0.0,0.0,0.0,0.0,0.0,0.0,37.3742
5760_dose_850_gradient_0_VconcST_0_Vconc_0.9_run_0.csv,5760.0,850.0,0,0.9,0.0,0.9,0,5.75,0.0,0.0,0.0,0.0,0.0,0.0,2256.3
5760_dose_850_gradient_0_VconcST_0_Vconc_0.9_run_0.csv,5760.0,850.0,0,0.9,0.0,0.9,0,6.0,0.0,0.0,0.0,0.0,0.0,0.0,37.8761
5760_dose_850_gradient_0_VconcST_0_Vconc_0.9_run_0.csv,5760.0,850.0,0,0.9,0.0,0.9,0,6.25,0.0,0.0,0.0,0.0,0.0,0.0,2229.53
5760_dose_850_gradient_0_VconcST_0_Vconc_0.9_run_0.csv,5760.0,850.0,0,0.9,0.0,0.9,0,6.5,0.0,0.0,0.0,0.0,0.0,0.0,36.8018
5760_dose_850_gradient_0_VconcST_0_Vconc_0.9_run_0.csv,5760.0,850.0,0,0.9,0.0,0.9,0,6.75,0.0,0.0,0.0,0.0,0.0,0.0,2119.93
5760_dose_850_gradient_0_VconcST_0_Vconc_0.9_run_0.csv,5760.0,850.0,0,0.9,0.0,0.9,0,7.0,0.0,0.0,0.0,0.0,0.0,0.0,47.7088
5760_dose_850_gradient_0_VconcST_0_Vconc_0.9_run_0.csv,5760.0,850.0,0,0.9,0.0,0.9,0,7.25,0.0,0.0,0.0,0.0,0.0,0.0,2193.59
5760_dose_850_gradient_0_VconcST_0_Vconc_0.9_run_0.csv,5760.0,850.0,0,0.9,0.0,0.9,0,7.5,0.0,0.0,0.0,0.0,0.0,0.0,46.0462
5760_dose_850_gradient_0_VconcST_0_Vconc_0.9_run_0.csv,5760.0,850.0,0,0.9,0.0,0.9,0,7.75,0.0,0.0,0.0,0.0,0.0,0.0,2069.85
5760_dose_850_gradient_0_VconcST_0_Vconc_0.9_run_0.csv,5760.0,850.0,0,0.9,0.0,0.9,0,8.0,0.0,0.0,0.0,0.0,0.0,0.0,47.0368
5760_dose_850_gradient_0_VconcST_0_Vconc_0.9_run_0.csv,5760.0,850.0,0,0.9,0.0,0.9,0,8.25,0.0,0.0,0.0,0.0,0.0,0.0,2065.4
5760_dose_850_gradient_0_VconcST_0_Vconc_0.9_run_0.csv,5760.0,850.0,0,0.9,0.0,0.9,0,8.5,0.0,0.0,0.0,0.0,0.0,0.0,72.7534
5760_dose_850_gradient_0_VconcST_0_Vconc_0.9_run_0.csv,5760.0,850.0,0,0.9,0.0,0.9,0,8.75,0.0,0.0,0.0,0.0,0.0,0.0,2059.12
5760_dose_850_gradient_0_VconcST_0_Vconc_0.9_run_0.csv,5760.0,850.0,0,0.9,0.0,0.9,0,9.0,0.0,0.0,0.0,0.0,0.0,0.0,136.852
5760_dose_850_gradient_0_VconcST_0_Vconc_0.9_run_0.csv,5760.0,850.0,0,0.9,0.0,0.9,0,9.25,0.0,0.0,0.0,0.0,0.0,0.0,2121.98
5760_dose_850_gradient_0_VconcST_0_Vconc_0.9_run_0.csv,5760.0,850.0,0,0.9,0.0,0.9,0,9.5,0.0,0.0,0.0,0.0,0.0,0.0,112.444
5760_dose_850_gradient_0_VconcST_0_Vconc_0.9_run_0.csv,5760.0,850.0,0,0.9,0.0,0.9,0,9.75,0.0,0.0,0.0,0.0,0.0,0.0,2095.58
5760_dose_850_gradient_0_VconcST_0_Vconc_0.9_run_0.csv,5760.0,850.0,0,0.9,0.0,0.9,0,10.0,0.0,0.0,0.0,0.0,0.0,0.0,104.532
5760_dose_850_gradient_0_VconcST_0_Vconc_0.9_run_0.csv,5760.0,850.0,0,0.9,0.0,0.9,0,10.25,0.0,0.0,0.0,0.0,0.0,0.0,1997.96
5760_dose_850_gradient_0_VconcST_0_Vconc_0.9_run_0.csv,5760.0,850.0,0,0.9,0.0,0.9,0,10.5,0.0,0.0,0.0,0.0,0.0,0.0,179.214
5760_dose_850_gradient_0_VconcST_0_Vconc_0.9_run_0.csv,5760.0,850.0,0,0.9,0.0,0.9,0,10.75,0.0,0.0,0.0,0.0,0.0,0.0,1968.23
5760_dose_850_gradient_0_VconcST_0_Vconc_0.9_run_0.csv,5760.0,850.0,0,0.9,0.0,0.9,0,11.0,0.0,0.0,0.0,0.0,0.0,0.0,170.487
5760_dose_850_gradient_0_VconcST_0_Vconc_0.9_run_0.csv,5760.0,850.0,0,0.9,0.0,0.9,0,11.25,0.0,0.0,0.0,0.0,0.0,0.0,1998.06
5760_dose_850_gradient_0_VconcST_0_Vconc_0.9_run_0.csv,5760.0,850.0,0,0.9,0.0,0.9,0,11.5,0.0,0.0,0.0,0.0,0.0,0.0,205.638
5760_dose_850_gradient_0_VconcST_0_Vconc_0.9_run_0.csv,5760.0,850.0,0,0.9,0.0,0.9,0,11.75,0.0,0.0,0.0,0.0,0.0,0.0,1916.66
5760_dose_850_gradient_0_VconcST_0_Vconc_0.9_run_0.csv,5760.0,850.0,0,0.9,0.0,0.9,0,12.0,0.0,0.0,0.0,0.0,0.0,0.0,301.044
5760_dose_850_gradient_0_VconcST_0_Vconc_0.9_run_0.csv,5760.0,850.0,0,0.9,0.0,0.9,0,12.25,0.0,0.0,0.0,0.0,0.0,0.0,1777.61
5760_dose_850_gradient_0_VconcST_0_Vconc_0.9_run_0.csv,5760.0,850.0,0,0.9,0.0,0.9,0,12.5,0.0,0.0,0.0,0.0,0.0,0.0,431.298
5760_dose_850_gradient_0_VconcST_0_Vconc_0.9_run_0.csv,5760.0,850.0,0,0.9,0.0,0.9,0,12.75,0.0,0.0,0.0,0.0,0.0,0.0,1668.87
5760_dose_850_gradient_0_VconcST_0_Vconc_0.9_run_0.csv,5760.0,850.0,0,0.9,0.0,0.9,0,13.0,0.0,0.0,0.0,0.0,0.0,0.0,661.732
5760_dose_850_gradient_0_VconcST_0_Vconc_0.9_run_0.csv,5760.0,850.0,0,0.9,0.0,0.9,0,13.25,0.0,0.0,0.0,0.0,0.0,0.0,1529.0
5760_dose_850_gradient_0_VconcST_0_Vconc_0.9_run_0.csv,5760.0,850.0,0,0.9,0.0,0.9,0,13.5,0.0,0.0,0.0,0.0,0.0,0.0,822.881
5760_dose_850_gradient_0_VconcST_0_Vconc_0.9_run_0.csv,5760.0,850.0,0,0.9,0.0,0.9,0,13.75,0.0,0.0,0.0,0.0,0.0,0.0,1429.15
5760_dose_850_gradient_0_VconcST_0_Vconc_0.9_run_0.csv,5760.0,850.0,0,0.9,0.0,0.9,0,14.0,0.0,0.0,0.0,0.0,0.0,0.0,900.892
5760_dose_850_gradient_0_VconcST_0_Vconc_0.9_run_0.csv,5760.0,850.0,0,0.9,0.0,0.9,0,14.25,0.0,0.0,0.0,0.0,0.0,0.0,1414.45
5760_dose_850_gradient_0_VconcST_0_Vconc_0.9_run_0.csv,5760.0,850.0,0,0.9,0.0,0.9,0,14.5,0.0,0.0,0.0,0.0,0.0,0.0,1061.31
5760_dose_850_gradient_0_VconcST_0_Vconc_0.9_run_0.csv,5760.0,850.0,0,0.9,0.0,0.9,0,14.75,0.0,0.0,0.0,0.0,0.0,0.0,1298.02
5760_dose_850_gradient_0_VconcST_0_Vconc_0.9_run_0.csv,5760.0,850.0,0,0.9,0.0,0.9,0,15.0,0.0,0.0,0.0,0.0,0.0,0.0,1333.87
5760_dose_850_gradient_0_VconcST_0_Vconc_0.9_run_0.csv,5760.0,850.0,0,0.9,0.0,0.9,0,15.25,0.0,0.0,0.0,0.0,0.0,0.0,1181.7
5760_dose_850_gradient_0_VconcST_0_Vconc_0.9_run_0.csv,5760.0,850.0,0,0.9,0.0,0.9,0,15.5,0.0,0.0,0.0,0.0,0.0,0.0,1312.24
5760_dose_850_gradient_0_VconcST_0_Vconc_0.9_run_0.csv,5760.0,850.0,0,0.9,0.0,0.9,0,15.75,0.0,0.0,0.0,0.0,0.0,0.0,1287.14
5760_dose_850_gradient_0_VconcST_0_Vconc_0.9_run_0.csv,5760.0,850.0,0,0.9,0.0,0.9,0,16.0,0.0,0.0,0.0,0.0,0.0,0.0,1574.13
5760_dose_850_gradient_0_VconcST_0_Vconc_0.9_run_0.csv,5760.0,850.0,0,0.9,0.0,0.9,0,16.25,0.0,0.0,0.0,0.0,0.0232422,0.0,1514.45
5760_dose_850_gradient_0_VconcST_0_Vconc_0.9_run_0.csv,5760.0,850.0,0,0.9,0.0,0.9,0,16.5,0.0,0.0,0.0,0.0,0.00260417,0.0,1901.17
5760_dose_850_gradient_0_VconcST_0_Vconc_0.9_run_1.csv,5760.0,850.0,0,0.9,0.0,0.9,1,0.0,0.0,0.0,0.0,0.0,0.0,0.0,0.0
5760_dose_850_gradient_0_VconcST_0_Vconc_0.9_run_1.csv,5760.0,850.0,0,0.9,0.0,0.9,1,0.25,0.0,0.0,0.0,0.0,0.0,0.0,2297.05
5760_dose_850_gradient_0_VconcST_0_Vconc_0.9_run_1.csv,5760.0,850.0,0,0.9,0.0,0.9,1,0.5,0.0,0.0,0.0,0.0,0.0,0.0,31.8256
5760_dose_850_gradient_0_VconcST_0_Vconc_0.9_run_1.csv,5760.0,850.0,0,0.9,0.0,0.9,1,0.75,0.0,0.0,0.0,0.0,0.0,0.0,2381.84
5760_dose_850_gradient_0_VconcST_0_Vconc_0.9_run_1.csv,5760.0,850.0,0,0.9,0.0,0.9,1,1.0,0.0,0.0,0.0,0.0,0.0,0.0,32.0005
5760_dose_850_gradient_0_VconcST_0_Vconc_0.9_run_1.csv,5760.0,850.0,0,0.9,0.0,0.9,1,1.25,0.0,0.0,0.0,0.0,0.0,0.0,2356.05
5760_dose_850_gradient_0_VconcST_0_Vconc_0.9_run_1.csv,5760.0,850.0,0,0.9,0.0,0.9,1,1.5,0.0,0.0,0.0,0.0,0.0,0.0,32.5469
5760_dose_850_gradient_0_VconcST_0_Vconc_0.9_run_1.csv,5760.0,850.0,0,0.9,0.0,0.9,1,1.75,0.0,0.0,0.0,0.0,0.0,0.0,2329.26
5760_dose_850_gradient_0_VconcST_0_Vconc_0.9_run_1.csv,5760.0,850.0,0,0.9,0.0,0.9,1,2.0,0.0,0.0,0.0,0.0,0.0,0.0,32.3492
5760_dose_850_gradient_0_VconcST_0_Vconc_0.9_run_1.csv,5760.0,850.0,0,0.9,0.0,0.9,1,2.25,0.0,0.0,0.0,0.0,0.0,0.0,2283.83
5760_dose_850_gradient_0_VconcST_0_Vconc_0.9_run_1.csv,5760.0,850.0,0,0.9,0.0,0.9,1,2.5,0.0,0.0,0.0,0.0,0.0,0.0,32.9661
5760_dose_850_gradient_0_VconcST_0_Vconc_0.9_run_1.csv,5760.0,850.0,0,0.9,0.0,0.9,1,2.75,0.0,0.0,0.0,0.0,0.0,0.0,2316.81
5760_dose_850_gradient_0_VconcST_0_Vconc_0.9_run_1.csv,5760.0,850.0,0,0.9,0.0,0.9,1,3.0,0.0,0.0,0.0,0.0,0.0,0.0,33.3985
5760_dose_850_gradient_0_VconcST_0_Vconc_0.9_run_1.csv,5760.0,850.0,0,0.9,0.0,0.9,1,3.25,0.0,0.0,0.0,0.0,0.0,0.0,2266.63
5760_dose_850_gradient_0_VconcST_0_Vconc_0.9_run_1.csv,5760.0,850.0,0,0.9,0.0,0.9,1,3.5,0.0,0.0,0.0,0.0,0.0,0.0,33.1443
5760_dose_850_gradient_0_VconcST_0_Vconc_0.9_run_1.csv,5760.0,850.0,0,0.9,0.0,0.9,1,3.75,0.0,0.0,0.0,0.0,0.000106337,0.0,2300.11
5760_dose_850_gradient_0_VconcST_0_Vconc_0.9_run_1.csv,5760.0,850.0,0,0.9,0.0,0.9,1,4.0,0.0,0.0,0.0,0.0,0.0,0.0,34.5977
5760_dose_850_gradient_0_VconcST_0_Vconc_0.9_run_1.csv,5760.0,850.0,0,0.9,0.0,0.9,1,4.25,0.0,0.0,0.0,0.0,0.0,0.0,2280.15
5760_dose_850_gradient_0_VconcST_0_Vconc_0.9_run_1.csv,5760.0,850.0,0,0.9,0.0,0.9,1,4.5,0.0,0.0,0.0,0.0,0.0,0.0,37.3862
5760_dose_850_gradient_0_VconcST_0_Vconc_0.9_run_1.csv,5760.0,850.0,0,0.9,0.0,0.9,1,4.75,0.0,0.0,0.0,0.0,0.0,0.0,2167.39
5760_dose_850_gradient_0_VconcST_0_Vconc_0.9_run_1.csv,5760.0,850.0,0,0.9,0.0,0.9,1,5.0,0.0,0.0,0.0,0.0,0.0,0.0,36.4857
5760_dose_850_gradient_0_VconcST_0_Vconc_0.9_run_1.csv,5760.0,850.0,0,0.9,0.0,0.9,1,5.25,0.0,0.0,0.0,0.0,0.0,0.0,2207.0
5760_dose_850_gradient_0_VconcST_0_Vconc_0.9_run_1.csv,5760.0,850.0,0,0.9,0.0,0.9,1,5.5,0.0,0.0,0.0,0.0,0.0,0.0,35.7057
5760_dose_850_gradient_0_VconcST_0_Vconc_0.9_run_1.csv,5760.0,850.0,0,0.9,0.0,0.9,1,5.75,0.0,0.0,0.0,0.0,0.0,0.0,2192.61
5760_dose_850_gradient_0_VconcST_0_Vconc_0.9_run_1.csv,5760.0,850.0,0,0.9,0.0,0.9,1,6.0,0.0,0.0,0.0,0.0,0.0,0.0,40.0128
5760_dose_850_gradient_0_VconcST_0_Vconc_0.9_run_1.csv,5760.0,850.0,0,0.9,0.0,0.9,1,6.25,0.0,0.0,0.0,0.0,0.0,0.0,2140.61
5760_dose_850_gradient_0_VconcST_0_Vconc_0.9_run_1.csv,5760.0,850.0,0,0.9,0.0,0.9,1,6.5,0.0,0.0,0.0,0.0,0.0,0.0,49.7036
5760_dose_850_gradient_0_VconcST_0_Vconc_0.9_run_1.csv,5760.0,850.0,0,0.9,0.0,0.9,1,6.75,0.0,0.0,0.0,0.0,0.0,0.0,2137.01
5760_dose_850_gradient_0_VconcST_0_Vconc_0.9_run_1.csv,5760.0,850.0,0,0.9,0.0,0.9,1,7.0,0.0,0.0,0.0,0.0,0.0,0.0,89.1024
5760_dose_850_gradient_0_VconcST_0_Vconc_0.9_run_1.csv,5760.0,850.0,0,0.9,0.0,0.9,1,7.25,0.0,0.0,0.0,0.0,0.0,0.0,2129.18
5760_dose_850_gradient_0_VconcST_0_Vconc_0.9_run_1.csv,5760.0,850.0,0,0.9,0.0,0.9,1,7.5,0.0,0.0,0.0,0.0,0.0,0.0,75.7588
5760_dose_850_gradient_0_VconcST_0_Vconc_0.9_run_1.csv,5760.0,850.0,0,0.9,0.0,0.9,1,7.75,0.0,0.0,0.0,0.0,0.0,0.0,2075.31
5760_dose_850_gradient_0_VconcST_0_Vconc_0.9_run_1.csv,5760.0,850.0,0,0.9,0.0,0.9,1,8.0,0.0,0.0,0.0,0.0,0.0,0.0,159.053
5760_dose_850_gradient_0_VconcST_0_Vconc_0.9_run_1.csv,5760.0,850.0,0,0.9,0.0,0.9,1,8.25,0.0,0.0,0.0,0.0,0.0,0.0,2078.17
5760_dose_850_gradient_0_VconcST_0_Vconc_0.9_run_1.csv,5760.0,850.0,0,0.9,0.0,0.9,1,8.5,0.0,0.0,0.0,0.0,0.0,0.0,215.473
5760_dose_850_gradient_0_VconcST_0_Vconc_0.9_run_1.csv,5760.0,850.0,0,0.9,0.0,0.9,1,8.75,0.0,0.0,0.0,0.0,0.0,0.0,1938.05
5760_dose_850_gradient_0_VconcST_0_Vconc_0.9_run_1.csv,5760.0,850.0,0,0.9,0.0,0.9,1,9.0,0.0,0.0,0.0,0.0,0.0,0.0,263.156
5760_dose_850_gradient_0_VconcST_0_Vconc_0.9_run_1.csv,5760.0,850.0,0,0.9,0.0,0.9,1,9.25,0.0,0.0,0.0,0.0,0.0,0.0,1911.52
5760_dose_850_gradient_0_VconcST_0_Vconc_0.9_run_1.csv,5760.0,850.0,0,0.9,0.0,0.9,1,9.5,0.0,0.0,0.0,0.0,0.0,0.0,305.086
5760_dose_850_gradient_0_VconcST_0_Vconc_0.9_run_1.csv,5760.0,850.0,0,0.9,0.0,0.9,1,9.75,0.0,0.0,0.0,0.0,0.0,0.0,1899.34
5760_dose_850_gradient_0_VconcST_0_Vconc_0.9_run_1.csv,5760.0,850.0,0,0.9,0.0,0.9,1,10.0,0.0,0.0,0.0,0.0,0.0,0.0,450.112
5760_dose_850_gradient_0_VconcST_0_Vconc_0.9_run_1.csv,5760.0,850.0,0,0.9,0.0,0.9,1,10.25,0.0,0.0,0.0,0.0,0.0,0.0,1708.99
5760_dose_850_gradient_0_VconcST_0_Vconc_0.9_run_1.csv,5760.0,850.0,0,0.9,0.0,0.9,1,10.5,0.0,0.0,0.0,0.0,0.0,0.0,554.297
5760_dose_850_gradient_0_VconcST_0_Vconc_0.9_run_1.csv,5760.0,850.0,0,0.9,0.0,0.9,1,10.75,0.0,0.0,0.0,0.0,0.00517578,0.0,1707.85
5760_dose_850_gradient_0_VconcST_0_Vconc_0.9_run_1.csv,5760.0,850.0,0,0.9,0.0,0.9,1,11.0,0.0,0.0,0.0,0.0,0.0,0.0,757.344
5760_dose_850_gradient_0_VconcST_0_Vconc_0.9_run_1.csv,5760.0,850.0,0,0.9,0.0,0.9,1,11.25,0.0,0.0,0.0,0.0,0.00920139,0.0,1586.43
5760_dose_850_gradient_0_VconcST_0_Vconc_0.9_run_1.csv,5760.0,850.0,0,0.9,0.0,0.9,1,11.5,0.0,0.0,0.0,0.0,0.0,0.0,938.245
5760_dose_850_gradient_0_VconcST_0_Vconc_0.9_run_1.csv,5760.0,850.0,0,0.9,0.0,0.9,1,11.75,0.0,0.0,0.0,0.0,0.0169488,0.0,1604.67
5760_dose_850_gradient_0_VconcST_0_Vconc_0.9_run_1.csv,5760.0,850.0,0,0.9,0.0,0.9,1,12.0,0.0,0.0,0.0,0.0,0.00210069,0.0,1507.7
5760_dose_850_gradient_0_VconcST_0_Vconc_0.9_run_1.csv,5760.0,850.0,0,0.9,0.0,0.9,1,12.25,0.0,0.0,0.0,0.0,0.0502778,0.0,1996.47
5760_dose_850_gradient_0_VconcST_0_Vconc_0.9_run_1.csv,5760.0,850.0,0,0.9,0.0,0.9,1,12.5,0.0,0.0,0.0,0.0,0.129705,0.0,2466.7
5760_dose_850_gradient_0_VconcST_0_Vconc_0.9_run_1.csv,5760.0,850.0,0,0.9,0.0,0.9,1,12.75,0.0,0.0,0.0,0.0,0.23599,0.0,2558.38
5760_dose_850_gradient_0_VconcST_0_Vconc_0.9_run_1.csv,5760.0,850.0,0,0.9,0.0,0.9,1,13.0,0.0,0.0,0.0,0.0,0.361128,0.0,2539.38
5760_dose_850_gradient_0_VconcST_0_Vconc_0.9_run_1.csv,5760.0,850.0,0,0.9,0.0,0.9,1,13.25,0.0,0.0,0.0,0.0,0.524479,0.0,2532.1
5760_dose_850_gradient_0_VconcST_0_Vconc_0.9_run_1.csv,5760.0,850.0,0,0.9,0.0,0.9,1,13.5,0.0,0.0,0.0,0.0,0.67934,0.0,2552.89
5760_dose_850_gradient_0_VconcST_0_Vconc_0.9_run_1.csv,5760.0,850.0,0,0.9,0.0,0.9,1,13.75,0.0,0.0,0.0,0.0,0.883333,0.0,2503.31
5760_dose_850_gradient_0_VconcST_0_Vconc_0.9_run_1.csv,5760.0,850.0,0,0.9,0.0,0.9,1,14.0,0.0,0.0,0.0,0.0,1.0,0.0,2467.14
5760_dose_850_gradient_0_VconcST_0_Vconc_0.9_run_1.csv,5760.0,850.0,0,0.9,0.0,0.9,1,14.25,0.0,0.0,0.0,0.0,1.0,0.0,2544.36
5760_dose_850_gradient_0_VconcST_0_Vconc_0.9_run_1.csv,5760.0,850.0,0,0.9,0.0,0.9,1,14.5,0.0,0.0,0.0,0.0,1.0,0.0,2576.7
5760_dose_850_gradient_0_VconcST_0_Vconc_0.9_run_1.csv,5760.0,850.0,0,0.9,0.0,0.9,1,14.75,0.0,0.0,0.0,0.0,1.0,0.0,2576.57
5760_dose_850_gradient_0_VconcST_0_Vconc_0.9_run_1.csv,5760.0,850.0,0,0.9,0.0,0.9,1,15.0,0.0,0.0,0.0,0.0,1.0,0.0,2502.62
5760_dose_850_gradient_0_VconcST_0_Vconc_0.9_run_1.csv,5760.0,850.0,0,0.9,0.0,0.9,1,15.25,0.0,0.0,0.0,0.0,1.0,0.0,2553.04
5760_dose_850_gradient_0_VconcST_0_Vconc_0.9_run_1.csv,5760.0,850.0,0,0.9,0.0,0.9,1,15.5,0.0,0.0,0.0,0.0,1.0,0.0,2522.78
5760_dose_850_gradient_0_VconcST_0_Vconc_0.9_run_1.csv,5760.0,850.0,0,0.9,0.0,0.9,1,15.75,0.0,0.0,0.0,0.0,1.0,0.0,2537.8
5760_dose_850_gradient_0_VconcST_0_Vconc_0.9_run_1.csv,5760.0,850.0,0,0.9,0.0,0.9,1,16.0,0.0,0.0,0.0,0.0,1.0,0.0,2556.68
5760_dose_850_gradient_0_VconcST_0_Vconc_0.9_run_1.csv,5760.0,850.0,0,0.9,0.0,0.9,1,16.25,0.0,0.0,0.0,0.0,1.0,0.0,2530.01
5760_dose_850_gradient_0_VconcST_0_Vconc_0.9_run_1.csv,5760.0,850.0,0,0.9,0.0,0.9,1,16.5,0.0,0.0,0.0,0.0,1.0,0.0,2525.4
5760_dose_850_gradient_0_VconcST_0_Vconc_0.8_run_2.csv,5760.0,850.0,0,0.8,0.0,0.8,2,0.0,0.0,0.0,0.0,0.0,0.0,0.0,0.0
5760_dose_850_gradient_0_VconcST_0_Vconc_0.8_run_2.csv,5760.0,850.0,0,0.8,0.0,0.8,2,0.25,0.0,0.0,0.0,0.0,0.0,0.0,2067.73
5760_dose_850_gradient_0_VconcST_0_Vconc_0.8_run_2.csv,5760.0,850.0,0,0.8,0.0,0.8,2,0.5,0.0,0.0,0.0,0.0,0.0,0.0,31.1233
5760_dose_850_gradient_0_VconcST_0_Vconc_0.8_run_2.csv,5760.0,850.0,0,0.8,0.0,0.8,2,0.75,0.0,0.0,0.0,0.0,0.0,0.0,2023.47
5760_dose_850_gradient_0_VconcST_0_Vconc_0.8_run_2.csv,5760.0,850.0,0,0.8,0.0,0.8,2,1.0,0.0,0.0,0.0,0.0,0.0,0.0,37.6365
5760_dose_850_gradient_0_VconcST_0_Vconc_0.8_run_2.csv,5760.0,850.0,0,0.8,0.0,0.8,2,1.25,0.0,0.0,0.0,0.0,0.0,0.0,1870.29
5760_dose_850_gradient_0_VconcST_0_Vconc_0.8_run_2.csv,5760.0,850.0,0,0.8,0.0,0.8,2,1.5,0.0,0.0,0.0,0.0,0.0,0.0,151.426
5760_dose_850_gradient_0_VconcST_0_Vconc_0.8_run_2.csv,5760.0,850.0,0,0.8,0.0,0.8,2,1.75,0.0,0.0,0.0,0.0,0.0,0.0,1684.7
5760_dose_850_gradient_0_VconcST_0_Vconc_0.8_run_2.csv,5760.0,850.0,0,0.8,0.0,0.8,2,2.0,0.0,0.0,0.0,0.0,0.0,0.0,287.617
5760_dose_850_gradient_0_VconcST_0_Vconc_0.8_run_2.csv,5760.0,850.0,0,0.8,0.0,0.8,2,2.25,0.0,0.0,0.0,0.0,0.0,0.0,1645.44
5760_dose_850_gradient_0_VconcST_0_Vconc_0.8_run_2.csv,5760.0,850.0,0,0.8,0.0,0.8,2,2.5,0.0,0.0,0.0,0.0,0.0,0.0,331.291
5760_dose_850_gradient_0_VconcST_0_Vconc_0.8_run_2.csv,5760.0,850.0,0,0.8,0.0,0.8,2,2.75,0.0,0.0,0.0,0.0,0.0,0.0,1585.76
5760_dose_850_gradient_0_VconcST_0_Vconc_0.8_run_2.csv,5760.0,850.0,0,0.8,0.0,0.8,2,3.0,0.0,0.0,0.0,0.0,0.0,0.0,387.411
5760_dose_850_gradient_0_VconcST_0_Vconc_0.8_run_2.csv,5760.0,850.0,0,0.8,0.0,0.8,2,3.25,0.0,0.0,0.0,0.0,0.0,0.0,1523.28
5760_dose_850_gradient_0_VconcST_0_Vconc_0.8_run_2.csv,5760.0,850.0,0,0.8,0.0,0.8,2,3.5,0.0,0.0,0.0,0.0,0.0,0.0,507.5
5760_dose_850_gradient_0_VconcST_0_Vconc_0.8_run_2.csv,5760.0,850.0,0,0.8,0.0,0.8,2,3.75,0.0,0.0,0.0,0.0,0.0,0.0,1366.11
5760_dose_850_gradient_0_VconcST_0_Vconc_0.8_run_2.csv,5760.0,850.0,0,0.8,0.0,0.8,2,4.0,0.0,0.0,0.0,0.0,0.0,0.0,713.389
5760_dose_850_gradient_0_VconcST_0_Vconc_0.8_run_2.csv,5760.0,850.0,0,0.8,0.0,0.8,2,4.25,0.0,0.0,0.0,0.0,0.0,0.0,1191.57
5760_dose_850_gradient_0_VconcST_0_Vconc_0.8_run_2.csv,5760.0,850.0,0,0.8,0.0,0.8,2,4.5,0.0,0.0,0.0,0.0,0.0,0.0,830.236
5760_dose_850_gradient_0_VconcST_0_Vconc_0.8_run_2.csv,5760.0,850.0,0,0.8,0.0,0.8,2,4.75,0.0,0.0,0.0,0.0,0.0,0.0,1164.96
5760_dose_850_gradient_0_VconcST_0_Vconc_0.8_run_2.csv,5760.0,850.0,0,0.8,0.0,0.8,2,5.0,0.0,0.0,0.0,0.0,0.0,0.0,968.638
5760_dose_850_gradient_0_VconcST_0_Vconc_0.8_run_2.csv,5760.0,850.0,0,0.8,0.0,0.8,2,5.25,0.0,0.0,0.0,0.0,0.0,0.0,1068.83
5760_dose_850_gradient_0_VconcST_0_Vconc_0.8_run_2.csv,5760.0,850.0,0,0.8,0.0,0.8,2,5.5,0.0,0.0,0.0,0.0,0.0,0.0,1168.13
5760_dose_850_gradient_0_VconcST_0_Vconc_0.8_run_2.csv,5760.0,850.0,0,0.8,0.0,0.8,2,5.75,0.0,0.0,0.0,0.0,0.00094184,0.0,1167.28
5760_dose_850_gradient_0_VconcST_0_Vconc_0.8_run_2.csv,5760.0,850.0,0,0.8,0.0,0.8,2,6.0,0.0,0.0,0.0,0.0,0.00213542,0.0,1486.37
5760_dose_850_gradient_0_VconcST_0_Vconc_0.8_run_2.csv,5760.0,850.0,0,0.8,0.0,0.8,2,6.25,0.0,0.0,0.0,0.0,0.0226758,0.0,1444.68
5760_dose_850_gradient_0_VconcST_0_Vconc_0.8_run_2.csv,5760.0,850.0,0,0.8,0.0,0.8,2,6.5,0.0,0.0,0.0,0.0,0.0811393,0.0,1888.59
5760_dose_850_gradient_0_VconcST_0_Vconc_0.8_run_2.csv,5760.0,850.0,0,0.8,0.0,0.8,2,6.75,0.0,0.0,0.0,0.0,0.170853,0.0,2224.25
5760_dose_850_gradient_0_VconcST_0_Vconc_0.8_run_2.csv,5760.0,850.0,0,0.8,0.0,0.8,2,7.0,0.0,0.0,0.0,0.0,0.291816,0.0,2284.43
5760_dose_850_gradient_0_VconcST_0_Vconc_0.8_run_2.csv,5760.0,850.0,0,0.8,0.0,0.8,2,7.25,0.0,0.0,0.0,0.0,0.44403,0.0,2132.27
5760_dose_850_gradient_0_VconcST_0_Vconc_0.8_run_2.csv,5760.0,850.0,0,0.8,0.0,0.8,2,7.5,0.0,0.0,0.0,0.0,0.627494,0.0,2260.83
5760_dose_850_gradient_0_VconcST_0_Vconc_0.8_run_2.csv,5760.0,850.0,0,0.8,0.0,0.8,2,7.75,0.0,0.0,0.0,0.0,0.829963,0.0,2224.7
5760_dose_850_gradient_0_VconcST_0_Vconc_0.8_run_2.csv,5760.0,850.0,0,0.8,0.0,0.8,2,8.0,0.0,0.0,0.0,0.0,0.964583,0.0,2207.22
5760_dose_850_gradient_0_VconcST_0_Vconc_0.8_run_2.csv,5760.0,850.0,0,0.8,0.0,0.8,2,8.25,0.0,0.0,0.0,0.0,1.0,0.0,2175.77
5760_dose_850_gradient_0_VconcST_0_Vconc_0.8_run_2.csv,5760.0,850.0,0,0.8,0.0,0.8,2,8.5,0.0,0.0,0.0,0.0,1.0,0.0,2173.89
5760_dose_850_gradient_0_VconcST_0_Vconc_0.8_run_2.csv,5760.0,850.0,0,0.8,0.0,0.8,2,8.75,0.0,0.0,0.0,0.0,1.0,0.0,2151.72
5760_dose_850_gradient_0_VconcST_0_Vconc_0.8_run_2.csv,5760.0,850.0,0,0.8,0.0,0.8,2,9.0,0.0,0.0,0.0,0.0,1.0,0.0,2185.45
5760_dose_850_gradient_0_VconcST_0_Vconc_0.8_run_2.csv,5760.0,850.0,0,0.8,0.0,0.8,2,9.25,0.0,0.0,0.0,0.0,1.0,0.0,2208.51
5760_dose_850_gradient_0_VconcST_0_Vconc_0.8_run_2.csv,5760.0,850.0,0,0.8,0.0,0.8,2,9.5,0.0,0.0,0.0,0.0,1.0,0.0,2226.43
5760_dose_850_gradient_0_VconcST_0_Vconc_0.8_run_2.csv,5760.0,850.0,0,0.8,0.0,0.8,2,9.75,0.0,0.0,0.0,0.0,1.0,0.0,2194.25
5760_dose_850_gradient_0_VconcST_0_Vconc_0.8_run_2.csv,5760.0,850.0,0,0.8,0.0,0.8,2,10.0,0.0,0.0,0.0,0.0,1.0,0.0,2189.88
5760_dose_850_gradient_0_VconcST_0_Vconc_0.8_run_2.csv,5760.0,850.0,0,0.8,0.0,0.8,2,10.25,0.0,0.0,0.0,0.0,1.0,0.0,2159.58
5760_dose_850_gradient_0_VconcST_0_Vconc_0.8_run_2.csv,5760.0,850.0,0,0.8,0.0,0.8,2,10.5,0.0,0.0,0.0,0.0,1.0,0.0,2225.17
5760_dose_850_gradient_0_VconcST_0_Vconc_0.8_run_2.csv,5760.0,850.0,0,0.8,0.0,0.8,2,10.75,0.0,0.0,0.0,0.0,1.0,0.0,2208.53
5760_dose_850_gradient_0_VconcST_0_Vconc_0.8_run_2.csv,5760.0,850.0,0,0.8,0.0,0.8,2,11.0,0.0,0.0,0.0,0.0,1.0,0.0,2247.16
5760_dose_850_gradient_0_VconcST_0_Vconc_0.8_run_2.csv,5760.0,850.0,0,0.8,0.0,0.8,2,11.25,0.0,0.0,0.0,0.0,1.0,0.0,2222.05
5760_dose_850_gradient_0_VconcST_0_Vconc_0.8_run_2.csv,5760.0,850.0,0,0.8,0.0,0.8,2,11.5,0.0,0.0,0.0,0.0,1.0,0.0,2262.05
5760_dose_850_gradient_0_VconcST_0_Vconc_0.8_run_2.csv,5760.0,850.0,0,0.8,0.0,0.8,2,11.75,0.0,0.0,0.0,0.0,1.0,0.0,2094.02
5760_dose_850_gradient_0_VconcST_0_Vconc_0.8_run_2.csv,5760.0,850.0,0,0.8,0.0,0.8,2,12.0,0.0,0.0,0.0,0.0,1.0,0.0,2234.53
5760_dose_850_gradient_0_VconcST_0_Vconc_0.8_run_2.csv,5760.0,850.0,0,0.8,0.0,0.8,2,12.25,0.0,0.0,0.0,0.0,1.0,0.0,2169.01
5760_dose_850_gradient_0_VconcST_0_Vconc_0.8_run_2.csv,5760.0,850.0,0,0.8,0.0,0.8,2,12.5,0.0,0.0,0.0,0.0,1.0,0.0,2182.23
5760_dose_850_gradient_0_VconcST_0_Vconc_0.8_run_2.csv,5760.0,850.0,0,0.8,0.0,0.8,2,12.75,0.0,0.0,0.0,0.0,1.0,0.0,2214.91
5760_dose_850_gradient_0_VconcST_0_Vconc_0.8_run_2.csv,5760.0,850.0,0,0.8,0.0,0.8,2,13.0,0.0,0.0,0.0,0.0,1.0,0.0,2222.77
5760_dose_850_gradient_0_VconcST_0_Vconc_0.8_run_2.csv,5760.0,850.0,0,0.8,0.0,0.8,2,13.25,0.0,0.0,0.0,0.0,1.0,0.0,2241.14
5760_dose_850_gradient_0_VconcST_0_Vconc_0.8_run_2.csv,5760.0,850.0,0,0.8,0.0,0.8,2,13.5,0.0,0.0,0.0,0.0,1.0,0.0,2162.18
5760_dose_850_gradient_0_VconcST_0_Vconc_0.8_run_2.csv,5760.0,850.0,0,0.8,0.0,0.8,2,13.75,0.0,0.0,0.0,0.0,1.0,0.0,2162.67
5760_dose_850_gradient_0_VconcST_0_Vconc_0.8_run_2.csv,5760.0,850.0,0,0.8,0.0,0.8,2,14.0,0.0,0.0,0.0,0.0,1.0,0.0,2214.3
5760_dose_850_gradient_0_VconcST_0_Vconc_0.8_run_2.csv,5760.0,850.0,0,0.8,0.0,0.8,2,14.25,0.0,0.0,0.0,0.0,1.0,0.0,2230.71
5760_dose_850_gradient_0_VconcST_0_Vconc_0.8_run_2.csv,5760.0,850.0,0,0.8,0.0,0.8,2,14.5,0.0,0.0,0.0,0.0,1.0,0.0,2175.16
5760_dose_850_gradient_0_VconcST_0_Vconc_0.8_run_2.csv,5760.0,850.0,0,0.8,0.0,0.8,2,14.75,0.0,0.0,0.0,0.0,1.0,0.0,2185.33
5760_dose_850_gradient_0_VconcST_0_Vconc_0.8_run_2.csv,5760.0,850.0,0,0.8,0.0,0.8,2,15.0,0.0,0.0,0.0,0.0,1.0,0.0,2198.35
5760_dose_850_gradient_0_VconcST_0_Vconc_0.8_run_2.csv,5760.0,850.0,0,0.8,0.0,0.8,2,15.25,0.0,0.0,0.0,0.0,1.0,0.0,2211.16
5760_dose_850_gradient_0_VconcST_0_Vconc_0.8_run_2.csv,5760.0,850.0,0,0.8,0.0,0.8,2,15.5,0.0,0.0,0.0,0.0,1.0,0.0,2208.72
5760_dose_850_gradient_0_VconcST_0_Vconc_0.8_run_2.csv,5760.0,850.0,0,0.8,0.0,0.8,2,15.75,0.0,0.0,0.0,0.0,1.0,0.0,2133.21
5760_dose_850_gradient_0_VconcST_0_Vconc_0.8_run_2.csv,5760.0,850.0,0,0.8,0.0,0.8,2,16.0,0.0,0.0,0.0,0.0,1.0,0.0,2230.85
5760_dose_850_gradient_0_VconcST_0_Vconc_0.8_run_2.csv,5760.0,850.0,0,0.8,0.0,0.8,2,16.25,0.0,0.0,0.0,0.0,1.0,0.0,2216.53
5760_dose_850_gradient_0_VconcST_0_Vconc_0.8_run_2.csv,5760.0,850.0,0,0.8,0.0,0.8,2,16.5,0.0,0.0,0.0,0.0,1.0,0.0,2235.8
5760_dose_850_gradient_0_VconcST_0_Vconc_0.8_run_0.csv,5760.0,850.0,0,0.8,0.0,0.8,0,0.0,0.0,0.0,0.0,0.0,0.0,0.0,0.0
5760_dose_850_gradient_0_VconcST_0_Vconc_0.8_run_0.csv,5760.0,850.0,0,0.8,0.0,0.8,0,0.25,0.0,0.0,0.0,0.0,0.0,0.0,2041.19
5760_dose_850_gradient_0_VconcST_0_Vconc_0.8_run_0.csv,5760.0,850.0,0,0.8,0.0,0.8,0,0.5,0.0,0.0,0.0,0.0,0.0,0.0,42.3659
5760_dose_850_gradient_0_VconcST_0_Vconc_0.8_run_0.csv,5760.0,850.0,0,0.8,0.0,0.8,0,0.75,0.0,0.0,0.0,0.0,0.0,0.0,1928.58
5760_dose_850_gradient_0_VconcST_0_Vconc_0.8_run_0.csv,5760.0,850.0,0,0.8,0.0,0.8,0,1.0,0.0,0.0,0.0,0.0,0.0,0.0,115.615
5760_dose_850_gradient_0_VconcST_0_Vconc_0.8_run_0.csv,5760.0,850.0,0,0.8,0.0,0.8,0,1.25,0.0,0.0,0.0,0.0,0.0,0.0,1886.52
5760_dose_850_gradient_0_VconcST_0_Vconc_0.8_run_0.csv,5760.0,850.0,0,0.8,0.0,0.8,0,1.5,0.0,0.0,0.0,0.0,0.0,0.0,126.651
5760_dose_850_gradient_0_VconcST_0_Vconc_0.8_run_0.csv,5760.0,850.0,0,0.8,0.0,0.8,0,1.75,0.0,0.0,0.0,0.0,0.0,0.0,1811.57
5760_dose_850_gradient_0_VconcST_0_Vconc_0.8_run_0.csv,5760.0,850.0,0,0.8,0.0,0.8,0,2.0,0.0,0.0,0.0,0.0,0.0,0.0,217.086
5760_dose_850_gradient_0_VconcST_0_Vconc_0.8_run_0.csv,5760.0,850.0,0,0.8,0.0,0.8,0,2.25,0.0,0.0,0.0,0.0,0.0,0.0,1740.28
5760_dose_850_gradient_0_VconcST_0_Vconc_0.8_run_0.csv,5760.0,850.0,0,0.8,0.0,0.8,0,2.5,0.0,0.0,0.0,0.0,0.0,0.0,281.095
5760_dose_850_gradient_0_VconcST_0_Vconc_0.8_run_0.csv,5760.0,850.0,0,0.8,0.0,0.8,0,2.75,0.0,0.0,0.0,0.0,0.0,0.0,1628.0
5760_dose_850_gradient_0_VconcST_0_Vconc_0.8_run_0.csv,5760.0,850.0,0,0.8,0.0,0.8,0,3.0,0.0,0.0,0.0,0.0,0.0,0.0,366.303
5760_dose_850_gradient_0_VconcST_0_Vconc_0.8_run_0.csv,5760.0,850.0,0,0.8,0.0,0.8,0,3.25,0.0,0.0,0.0,0.0,0.0,0.0,1494.79
5760_dose_850_gradient_0_VconcST_0_Vconc_0.8_run_0.csv,5760.0,850.0,0,0.8,0.0,0.8,0,3.5,0.0,0.0,0.0,0.0,0.0,0.0,495.437
5760_dose_850_gradient_0_VconcST_0_Vconc_0.8_run_0.csv,5760.0,850.0,0,0.8,0.0,0.8,0,3.75,0.0,0.0,0.0,0.0,0.0,0.0,1428.73
5760_dose_850_gradient_0_VconcST_0_Vconc_0.8_run_0.csv,5760.0,850.0,0,0.8,0.0,0.8,0,4.0,0.0,0.0,0.0,0.0,0.0,0.0,569.639
5760_dose_850_gradient_0_VconcST_0_Vconc_0.8_run_0.csv,5760.0,850.0,0,0.8,0.0,0.8,0,4.25,0.0,0.0,0.0,0.0,0.0,0.0,1282.15
5760_dose_850_gradient_0_VconcST_0_Vconc_0.8_run_0.csv,5760.0,850.0,0,0.8,0.0,0.8,0,4.5,0.0,0.0,0.0,0.0,0.0,0.0,729.477
5760_dose_850_gradient_0_VconcST_0_Vconc_0.8_run_0.csv,5760.0,850.0,0,0.8,0.0,0.8,0,4.75,0.0,0.0,0.0,0.0,0.0,0.0,1165.39
5760_dose_850_gradient_0_VconcST_0_Vconc_0.8_run_0.csv,5760.0,850.0,0,0.8,0.0,0.8,0,5.0,0.0,0.0,0.0,0.0,0.0,0.0,878.953
5760_dose_850_gradient_0_VconcST_0_Vconc_0.8_run_0.csv,5760.0,850.0,0,0.8,0.0,0.8,0,5.25,0.0,0.0,0.0,0.0,0.0,0.0,990.754
5760_dose_850_gradient_0_VconcST_0_Vconc_0.8_run_0.csv,5760.0,850.0,0,0.8,0.0,0.8,0,5.5,0.0,0.0,0.0,0.0,0.0,0.0,1042.13
5760_dose_850_gradient_0_VconcST_0_Vconc_0.8_run_0.csv,5760.0,850.0,0,0.8,0.0,0.8,0,5.75,0.0,0.0,0.0,0.0,0.0,0.0,901.43
5760_dose_850_gradient_0_VconcST_0_Vconc_0.8_run_0.csv,5760.0,850.0,0,0.8,0.0,0.8,0,6.0,0.0,0.0,0.0,0.0,0.0,0.0,1205.33
5760_dose_850_gradient_0_VconcST_0_Vconc_0.8_run_0.csv,5760.0,850.0,0,0.8,0.0,0.8,0,6.25,0.0,0.0,0.0,0.0,0.0,0.0,759.438
5760_dose_850_gradient_0_VconcST_0_Vconc_0.8_run_0.csv,5760.0,850.0,0,0.8,0.0,0.8,0,6.5,0.0,0.0,0.0,0.0,0.0,0.0,1265.32
5760_dose_850_gradient_0_VconcST_0_Vconc_0.8_run_0.csv,5760.0,850.0,0,0.8,0.0,0.8,0,6.75,0.0,0.0,0.0,0.0,0.0,0.0,744.754
5760_dose_850_gradient_0_VconcST_0_Vconc_0.8_run_0.csv,5760.0,850.0,0,0.8,0.0,0.8,0,7.0,0.0,0.0,0.0,0.0,0.0,0.0,1366.33
5760_dose_850_gradient_0_VconcST_0_Vconc_0.8_run_0.csv,5760.0,850.0,0,0.8,0.0,0.8,0,7.25,0.0,0.0,0.0,0.0,0.0,0.0,692.75
5760_dose_850_gradient_0_VconcST_0_Vconc_0.8_run_0.csv,5760.0,850.0,0,0.8,0.0,0.8,0,7.5,0.0,0.0,0.0,0.0,0.0,0.0,1476.11
5760_dose_850_gradient_0_VconcST_0_Vconc_0.8_run_0.csv,5760.0,850.0,0,0.8,0.0,0.8,0,7.75,0.0,0.0,0.0,0.0,0.0,0.0,824.853
5760_dose_850_gradient_0_VconcST_0_Vconc_0.8_run_0.csv,5760.0,850.0,0,0.8,0.0,0.8,0,8.0,0.0,0.0,0.0,0.0,0.0,0.0,1494.39
5760_dose_850_gradient_0_VconcST_0_Vconc_0.8_run_0.csv,5760.0,850.0,0,0.8,0.0,0.8,0,8.25,0.0,0.0,0.0,0.0,0.000911458,0.0,974.199
5760_dose_850_gradient_0_VconcST_0_Vconc_0.8_run_0.csv,5760.0,850.0,0,0.8,0.0,0.8,0,8.5,0.0,0.0,0.0,0.0,0.0156445,0.0,1410.27
5760_dose_850_gradient_0_VconcST_0_Vconc_0.8_run_0.csv,5760.0,850.0,0,0.8,0.0,0.8,0,8.75,0.0,0.0,0.0,0.0,0.0639518,0.0,1551.2
5760_dose_850_gradient_0_VconcST_0_Vconc_0.8_run_0.csv,5760.0,850.0,0,0.8,0.0,0.8,0,9.0,0.0,0.0,0.0,0.0,0.143509,0.0,1907.85
5760_dose_850_gradient_0_VconcST_0_Vconc_0.8_run_0.csv,5760.0,850.0,0,0.8,0.0,0.8,0,9.25,0.0,0.0,0.0,0.0,0.254316,0.0,2024.98
5760_dose_850_gradient_0_VconcST_0_Vconc_0.8_run_0.csv,5760.0,850.0,0,0.8,0.0,0.8,0,9.5,0.0,0.0,0.0,0.0,0.396374,0.0,2218.66
5760_dose_850_gradient_0_VconcST_0_Vconc_0.8_run_0.csv,5760.0,850.0,0,0.8,0.0,0.8,0,9.75,0.0,0.0,0.0,0.0,0.569681,0.0,2208.73
5760_dose_850_gradient_0_VconcST_0_Vconc_0.8_run_0.csv,5760.0,850.0,0,0.8,0.0,0.8,0,10.0,0.0,0.0,0.0,0.0,0.756055,0.0,2091.03
5760_dose_850_gradient_0_VconcST_0_Vconc_0.8_run_0.csv,5760.0,850.0,0,0.8,0.0,0.8,0,10.25,0.0,0.0,0.0,0.0,0.946875,0.0,2136.93
5760_dose_850_gradient_0_VconcST_0_Vconc_0.8_run_0.csv,5760.0,850.0,0,0.8,0.0,0.8,0,10.5,0.0,0.0,0.0,0.0,1.0,0.0,2256.76
5760_dose_850_gradient_0_VconcST_0_Vconc_0.8_run_0.csv,5760.0,850.0,0,0.8,0.0,0.8,0,10.75,0.0,0.0,0.0,0.0,1.0,0.0,2218.04
5760_dose_850_gradient_0_VconcST_0_Vconc_0.8_run_0.csv,5760.0,850.0,0,0.8,0.0,0.8,0,11.0,0.0,0.0,0.0,0.0,1.0,0.0,2167.38
5760_dose_850_gradient_0_VconcST_0_Vconc_0.8_run_0.csv,5760.0,850.0,0,0.8,0.0,0.8,0,11.25,0.0,0.0,0.0,0.0,1.0,0.0,2190.8
5760_dose_850_gradient_0_VconcST_0_Vconc_0.8_run_0.csv,5760.0,850.0,0,0.8,0.0,0.8,0,11.5,0.0,0.0,0.0,0.0,1.0,0.0,2234.46
5760_dose_850_gradient_0_VconcST_0_Vconc_0.8_run_0.csv,5760.0,850.0,0,0.8,0.0,0.8,0,11.75,0.0,0.0,0.0,0.0,1.0,0.0,2261.42
5760_dose_850_gradient_0_VconcST_0_Vconc_0.8_run_0.csv,5760.0,850.0,0,0.8,0.0,0.8,0,12.0,0.0,0.0,0.0,0.0,1.0,0.0,2205.39
5760_dose_850_gradient_0_VconcST_0_Vconc_0.8_run_0.csv,5760.0,850.0,0,0.8,0.0,0.8,0,12.25,0.0,0.0,0.0,0.0,1.0,0.0,2234.67
5760_dose_850_gradient_0_VconcST_0_Vconc_0.8_run_0.csv,5760.0,850.0,0,0.8,0.0,0.8,0,12.5,0.0,0.0,0.0,0.0,1.0,0.0,2249.46
5760_dose_850_gradient_0_VconcST_0_Vconc_0.8_run_0.csv,5760.0,850.0,0,0.8,0.0,0.8,0,12.75,0.0,0.0,0.0,0.0,1.0,0.0,2199.65
5760_dose_850_gradient_0_VconcST_0_Vconc_0.8_run_0.csv,5760.0,850.0,0,0.8,0.0,0.8,0,13.0,0.0,0.0,0.0,0.0,1.0,0.0,2101.4
5760_dose_850_gradient_0_VconcST_0_Vconc_0.8_run_0.csv,5760.0,850.0,0,0.8,0.0,0.8,0,13.25,0.0,0.0,0.0,0.0,1.0,0.0,2118.23
5760_dose_850_gradient_0_VconcST_0_Vconc_0.8_run_0.csv,5760.0,850.0,0,0.8,0.0,0.8,0,13.5,0.0,0.0,0.0,0.0,1.0,0.0,2183.25
5760_dose_850_gradient_0_VconcST_0_Vconc_0.8_run_0.csv,5760.0,850.0,0,0.8,0.0,0.8,0,13.75,0.0,0.0,0.0,0.0,1.0,0.0,2207.75
5760_dose_850_gradient_0_VconcST_0_Vconc_0.8_run_0.csv,5760.0,850.0,0,0.8,0.0,0.8,0,14.0,0.0,0.0,0.0,0.0,1.0,0.0,2225.26
5760_dose_850_gradient_0_VconcST_0_Vconc_0.8_run_0.csv,5760.0,850.0,0,0.8,0.0,0.8,0,14.25,0.0,0.0,0.0,0.0,1.0,0.0,2131.45
5760_dose_850_gradient_0_VconcST_0_Vconc_0.8_run_0.csv,5760.0,850.0,0,0.8,0.0,0.8,0,14.5,0.0,0.0,0.0,0.0,1.0,0.0,2175.68
5760_dose_850_gradient_0_VconcST_0_Vconc_0.8_run_0.csv,5760.0,850.0,0,0.8,0.0,0.8,0,14.75,0.0,0.0,0.0,0.0,1.0,0.0,2204.59
5760_dose_850_gradient_0_VconcST_0_Vconc_0.8_run_0.csv,5760.0,850.0,0,0.8,0.0,0.8,0,15.0,0.0,0.0,0.0,0.0,1.0,0.0,2192.58
5760_dose_850_gradient_0_VconcST_0_Vconc_0.8_run_0.csv,5760.0,850.0,0,0.8,0.0,0.8,0,15.25,0.0,0.0,0.0,0.0,1.0,0.0,2186.81
5760_dose_850_gradient_0_VconcST_0_Vconc_0.8_run_0.csv,5760.0,850.0,0,0.8,0.0,0.8,0,15.5,0.0,0.0,0.0,0.0,1.0,0.0,2193.71
5760_dose_850_gradient_0_VconcST_0_Vconc_0.8_run_0.csv,5760.0,850.0,0,0.8,0.0,0.8,0,15.75,0.0,0.0,0.0,0.0,1.0,0.0,2238.08
5760_dose_850_gradient_0_VconcST_0_Vconc_0.8_run_0.csv,5760.0,850.0,0,0.8,0.0,0.8,0,16.0,0.0,0.0,0.0,0.0,1.0,0.0,2201.56
5760_dose_850_gradient_0_VconcST_0_Vconc_0.8_run_0.csv,5760.0,850.0,0,0.8,0.0,0.8,0,16.25,0.0,0.0,0.0,0.0,1.0,0.0,2224.53
5760_dose_850_gradient_0_VconcST_0_Vconc_0.8_run_0.csv,5760.0,850.0,0,0.8,0.0,0.8,0,16.5,0.0,0.0,0.0,0.0,1.0,0.0,2285.09
5760_dose_850_gradient_0_VconcST_0_Vconc_0.8_run_1.csv,5760.0,850.0,0,0.8,0.0,0.8,1,0.0,0.0,0.0,0.0,0.0,0.0,0.0,0.0
5760_dose_850_gradient_0_VconcST_0_Vconc_0.8_run_1.csv,5760.0,850.0,0,0.8,0.0,0.8,1,0.25,0.0,0.0,0.0,0.0,0.0,0.0,1967.28
5760_dose_850_gradient_0_VconcST_0_Vconc_0.8_run_1.csv,5760.0,850.0,0,0.8,0.0,0.8,1,0.5,0.0,0.0,0.0,0.0,0.0,0.0,65.0985
5760_dose_850_gradient_0_VconcST_0_Vconc_0.8_run_1.csv,5760.0,850.0,0,0.8,0.0,0.8,1,0.75,0.0,0.0,0.0,0.0,0.0,0.0,1965.03
5760_dose_850_gradient_0_VconcST_0_Vconc_0.8_run_1.csv,5760.0,850.0,0,0.8,0.0,0.8,1,1.0,0.0,0.0,0.0,0.0,0.0,0.0,95.9093
5760_dose_850_gradient_0_VconcST_0_Vconc_0.8_run_1.csv,5760.0,850.0,0,0.8,0.0,0.8,1,1.25,0.0,0.0,0.0,0.0,0.0,0.0,1877.28
5760_dose_850_gradient_0_VconcST_0_Vconc_0.8_run_1.csv,5760.0,850.0,0,0.8,0.0,0.8,1,1.5,0.0,0.0,0.0,0.0,0.0,0.0,135.842
5760_dose_850_gradient_0_VconcST_0_Vconc_0.8_run_1.csv,5760.0,850.0,0,0.8,0.0,0.8,1,1.75,0.0,0.0,0.0,0.0,0.0,0.0,1734.52
5760_dose_850_gradient_0_VconcST_0_Vconc_0.8_run_1.csv,5760.0,850.0,0,0.8,0.0,0.8,1,2.0,0.0,0.0,0.0,0.0,0.0,0.0,261.854
5760_dose_850_gradient_0_VconcST_0_Vconc_0.8_run_1.csv,5760.0,850.0,0,0.8,0.0,0.8,1,2.25,0.0,0.0,0.0,0.0,0.0,0.0,1666.44
5760_dose_850_gradient_0_VconcST_0_Vconc_0.8_run_1.csv,5760.0,850.0,0,0.8,0.0,0.8,1,2.5,0.0,0.0,0.0,0.0,0.0,0.0,377.785
5760_dose_850_gradient_0_VconcST_0_Vconc_0.8_run_1.csv,5760.0,850.0,0,0.8,0.0,0.8,1,2.75,0.0,0.0,0.0,0.0,0.0,0.0,1583.2
5760_dose_850_gradient_0_VconcST_0_Vconc_0.8_run_1.csv,5760.0,850.0,0,0.8,0.0,0.8,1,3.0,0.0,0.0,0.0,0.0,0.0,0.0,401.696
5760_dose_850_gradient_0_VconcST_0_Vconc_0.8_run_1.csv,5760.0,850.0,0,0.8,0.0,0.8,1,3.25,0.0,0.0,0.0,0.0,0.0,0.0,1474.82
5760_dose_850_gradient_0_VconcST_0_Vconc_0.8_run_1.csv,5760.0,850.0,0,0.8,0.0,0.8,1,3.5,0.0,0.0,0.0,0.0,0.0,0.0,513.94
5760_dose_850_gradient_0_VconcST_0_Vconc_0.8_run_1.csv,5760.0,850.0,0,0.8,0.0,0.8,1,3.75,0.0,0.0,0.0,0.0,0.0,0.0,1393.75
5760_dose_850_gradient_0_VconcST_0_Vconc_0.8_run_1.csv,5760.0,850.0,0,0.8,0.0,0.8,1,4.0,0.0,0.0,0.0,0.0,0.0,0.0,639.465
5760_dose_850_gradient_0_VconcST_0_Vconc_0.8_run_1.csv,5760.0,850.0,0,0.8,0.0,0.8,1,4.25,0.0,0.0,0.0,0.0,0.0,0.0,1207.31
5760_dose_850_gradient_0_VconcST_0_Vconc_0.8_run_1.csv,5760.0,850.0,0,0.8,0.0,0.8,1,4.5,0.0,0.0,0.0,0.0,0.0,0.0,779.418
5760_dose_850_gradient_0_VconcST_0_Vconc_0.8_run_1.csv,5760.0,850.0,0,0.8,0.0,0.8,1,4.75,0.0,0.0,0.0,0.0,0.0,0.0,1098.78
5760_dose_850_gradient_0_VconcST_0_Vconc_0.8_run_1.csv,5760.0,850.0,0,0.8,0.0,0.8,1,5.0,0.0,0.0,0.0,0.0,0.0,0.0,906.138
5760_dose_850_gradient_0_VconcST_0_Vconc_0.8_run_1.csv,5760.0,850.0,0,0.8,0.0,0.8,1,5.25,0.0,0.0,0.0,0.0,0.0,0.0,982.247
5760_dose_850_gradient_0_VconcST_0_Vconc_0.8_run_1.csv,5760.0,850.0,0,0.8,0.0,0.8,1,5.5,0.0,0.0,0.0,0.0,0.0,0.0,1010.32
5760_dose_850_gradient_0_VconcST_0_Vconc_0.8_run_1.csv,5760.0,850.0,0,0.8,0.0,0.8,1,5.75,0.0,0.0,0.0,0.0,0.0,0.0,903.318
5760_dose_850_gradient_0_VconcST_0_Vconc_0.8_run_1.csv,5760.0,850.0,0,0.8,0.0,0.8,1,6.0,0.0,0.0,0.0,0.0,0.0,0.0,1134.31
5760_dose_850_gradient_0_VconcST_0_Vconc_0.8_run_1.csv,5760.0,850.0,0,0.8,0.0,0.8,1,6.25,0.0,0.0,0.0,0.0,0.0,0.0,783.265
5760_dose_850_gradient_0_VconcST_0_Vconc_0.8_run_1.csv,5760.0,850.0,0,0.8,0.0,0.8,1,6.5,0.0,0.0,0.0,0.0,0.0,0.0,1285.84
5760_dose_850_gradient_0_VconcST_0_Vconc_0.8_run_1.csv,5760.0,850.0,0,0.8,0.0,0.8,1,6.75,0.0,0.0,0.0,0.0,0.0,0.0,630.487
5760_dose_850_gradient_0_VconcST_0_Vconc_0.8_run_1.csv,5760.0,850.0,0,0.8,0.0,0.8,1,7.0,0.0,0.0,0.0,0.0,0.0,0.0,1497.89
5760_dose_850_gradient_0_VconcST_0_Vconc_0.8_run_1.csv,5760.0,850.0,0,0.8,0.0,0.8,1,7.25,0.0,0.0,0.0,0.0,0.0,0.0,484.762
5760_dose_850_gradient_0_VconcST_0_Vconc_0.8_run_1.csv,5760.0,850.0,0,0.8,0.0,0.8,1,7.5,0.0,0.0,0.0,0.0,0.0,0.0,1555.44
5760_dose_850_gradient_0_VconcST_0_Vconc_0.8_run_1.csv,5760.0,850.0,0,0.8,0.0,0.8,1,7.75,0.0,0.0,0.0,0.0,0.0,0.0,485.557
5760_dose_850_gradient_0_VconcST_0_Vconc_0.8_run_1.csv,5760.0,850.0,0,0.8,0.0,0.8,1,8.0,0.0,0.0,0.0,0.0,0.0,0.0,1626.65
5760_dose_850_gradient_0_VconcST_0_Vconc_0.8_run_1.csv,5760.0,850.0,0,0.8,0.0,0.8,1,8.25,0.0,0.0,0.0,0.0,0.0,0.0,395.114
5760_dose_850_gradient_0_VconcST_0_Vconc_0.8_run_1.csv,5760.0,850.0,0,0.8,0.0,0.8,1,8.5,0.0,0.0,0.0,0.0,0.0,0.0,1703.92
5760_dose_850_gradient_0_VconcST_0_Vconc_0.8_run_1.csv,5760.0,850.0,0,0.8,0.0,0.8,1,8.75,0.0,0.0,0.0,0.0,0.0,0.0,449.79
5760_dose_850_gradient_0_VconcST_0_Vconc_0.8_run_1.csv,5760.0,850.0,0,0.8,0.0,0.8,1,9.0,0.0,0.0,0.0,0.0,9.54861e-05,0.0,1696.57
5760_dose_850_gradient_0_VconcST_0_Vconc_0.8_run_1.csv,5760.0,850.0,0,0.8,0.0,0.8,1,9.25,0.0,0.0,0.0,0.0,0.0,0.0,587.477
5760_dose_850_gradient_0_VconcST_0_Vconc_0.8_run_1.csv,5760.0,850.0,0,0.8,0.0,0.8,1,9.5,0.0,0.0,0.0,0.0,0.00377604,0.0,1594.35
5760_dose_850_gradient_0_VconcST_0_Vconc_0.8_run_1.csv,5760.0,850.0,0,0.8,0.0,0.8,1,9.75,0.0,0.0,0.0,0.0,0.0,0.0,885.423
5760_dose_850_gradient_0_VconcST_0_Vconc_0.8_run_1.csv,5760.0,850.0,0,0.8,0.0,0.8,1,10.0,0.0,0.0,0.0,0.0,0.0111719,0.0,1442.95
5760_dose_850_gradient_0_VconcST_0_Vconc_0.8_run_1.csv,5760.0,850.0,0,0.8,0.0,0.8,1,10.25,0.0,0.0,0.0,0.0,0.0516797,0.0,1337.73
5760_dose_850_gradient_0_VconcST_0_Vconc_0.8_run_1.csv,5760.0,850.0,0,0.8,0.0,0.8,1,10.5,0.0,0.0,0.0,0.0,0.124727,0.0,1658.79
5760_dose_850_gradient_0_VconcST_0_Vconc_0.8_run_1.csv,5760.0,850.0,0,0.8,0.0,0.8,1,10.75,0.0,0.0,0.0,0.0,0.229023,0.0,1901.0
5760_dose_850_gradient_0_VconcST_0_Vconc_0.8_run_1.csv,5760.0,850.0,0,0.8,0.0,0.8,1,11.0,0.0,0.0,0.0,0.0,0.361914,0.0,2053.89
5760_dose_850_gradient_0_VconcST_0_Vconc_0.8_run_1.csv,5760.0,850.0,0,0.8,0.0,0.8,1,11.25,0.0,0.0,0.0,0.0,0.525013,0.0,2087.02
5760_dose_850_gradient_0_VconcST_0_Vconc_0.8_run_1.csv,5760.0,850.0,0,0.8,0.0,0.8,1,11.5,0.0,0.0,0.0,0.0,0.702604,0.0,2145.08
5760_dose_850_gradient_0_VconcST_0_Vconc_0.8_run_1.csv,5760.0,850.0,0,0.8,0.0,0.8,1,11.75,0.0,0.0,0.0,0.0,0.889583,0.0,2171.45
5760_dose_850_gradient_0_VconcST_0_Vconc_0.8_run_1.csv,5760.0,850.0,0,0.8,0.0,0.8,1,12.0,0.0,0.0,0.0,0.0,0.990625,0.0,2231.21
5760_dose_850_gradient_0_VconcST_0_Vconc_0.8_run_1.csv,5760.0,850.0,0,0.8,0.0,0.8,1,12.25,0.0,0.0,0.0,0.0,1.0,0.0,2139.98
5760_dose_850_gradient_0_VconcST_0_Vconc_0.8_run_1.csv,5760.0,850.0,0,0.8,0.0,0.8,1,12.5,0.0,0.0,0.0,0.0,1.0,0.0,2183.03
5760_dose_850_gradient_0_VconcST_0_Vconc_0.8_run_1.csv,5760.0,850.0,0,0.8,0.0,0.8,1,12.75,0.0,0.0,0.0,0.0,1.0,0.0,2210.93
5760_dose_850_gradient_0_VconcST_0_Vconc_0.8_run_1.csv,5760.0,850.0,0,0.8,0.0,0.8,1,13.0,0.0,0.0,0.0,0.0,1.0,0.0,2270.46
5760_dose_850_gradient_0_VconcST_0_Vconc_0.8_run_1.csv,5760.0,850.0,0,0.8,0.0,0.8,1,13.25,0.0,0.0,0.0,0.0,1.0,0.0,2263.18
5760_dose_850_gradient_0_VconcST_0_Vconc_0.8_run_1.csv,5760.0,850.0,0,0.8,0.0,0.8,1,13.5,0.0,0.0,0.0,0.0,1.0,0.0,2262.71
5760_dose_850_gradient_0_VconcST_0_Vconc_0.8_run_1.csv,5760.0,850.0,0,0.8,0.0,0.8,1,13.75,0.0,0.0,0.0,0.0,1.0,0.0,2230.85
5760_dose_850_gradient_0_VconcST_0_Vconc_0.8_run_1.csv,5760.0,850.0,0,0.8,0.0,0.8,1,14.0,0.0,0.0,0.0,0.0,1.0,0.0,2233.59
5760_dose_850_gradient_0_VconcST_0_Vconc_0.8_run_1.csv,5760.0,850.0,0,0.8,0.0,0.8,1,14.25,0.0,0.0,0.0,0.0,1.0,0.0,2226.45
5760_dose_850_gradient_0_VconcST_0_Vconc_0.8_run_1.csv,5760.0,850.0,0,0.8,0.0,0.8,1,14.5,0.0,0.0,0.0,0.0,1.0,0.0,2169.96
5760_dose_850_gradient_0_VconcST_0_Vconc_0.8_run_1.csv,5760.0,850.0,0,0.8,0.0,0.8,1,14.75,0.0,0.0,0.0,0.0,1.0,0.0,2171.32
5760_dose_850_gradient_0_VconcST_0_Vconc_0.8_run_1.csv,5760.0,850.0,0,0.8,0.0,0.8,1,15.0,0.0,0.0,0.0,0.0,1.0,0.0,2116.36
5760_dose_850_gradient_0_VconcST_0_Vconc_0.8_run_1.csv,5760.0,850.0,0,0.8,0.0,0.8,1,15.25,0.0,0.0,0.0,0.0,1.0,0.0,2263.65
5760_dose_850_gradient_0_VconcST_0_Vconc_0.8_run_1.csv,5760.0,850.0,0,0.8,0.0,0.8,1,15.5,0.0,0.0,0.0,0.0,1.0,0.0,2278.89
5760_dose_850_gradient_0_VconcST_0_Vconc_0.8_run_1.csv,5760.0,850.0,0,0.8,0.0,0.8,1,15.75,0.0,0.0,0.0,0.0,1.0,0.0,2167.23
5760_dose_850_gradient_0_VconcST_0_Vconc_0.8_run_1.csv,5760.0,850.0,0,0.8,0.0,0.8,1,16.0,0.0,0.0,0.0,0.0,1.0,0.0,2236.23
5760_dose_850_gradient_0_VconcST_0_Vconc_0.8_run_1.csv,5760.0,850.0,0,0.8,0.0,0.8,1,16.25,0.0,0.0,0.0,0.0,1.0,0.0,2182.5
5760_dose_850_gradient_0_VconcST_0_Vconc_0.8_run_1.csv,5760.0,850.0,0,0.8,0.0,0.8,1,16.5,0.0,0.0,0.0,0.0,1.0,0.0,2205.77
5760_dose_750_gradient_0_VconcST_0_Vconc_0.7_run_1.csv,5760.0,750.0,0,0.7,0.0,0.7,1,0.0,0.0,0.0,0.0,0.0,0.0,0.0,0.0
5760_dose_750_gradient_0_VconcST_0_Vconc_0.7_run_1.csv,5760.0,750.0,0,0.7,0.0,0.7,1,0.25,0.0,0.0,0.0,0.0,0.0,0.0,1762.87
5760_dose_750_gradient_0_VconcST_0_Vconc_0.7_run_1.csv,5760.0,750.0,0,0.7,0.0,0.7,1,0.5,0.0,0.0,0.0,0.0,0.0,0.0,212.891
5760_dose_750_gradient_0_VconcST_0_Vconc_0.7_run_1.csv,5760.0,750.0,0,0.7,0.0,0.7,1,0.75,0.0,0.0,0.0,0.0,0.0,0.0,1536.15
5760_dose_750_gradient_0_VconcST_0_Vconc_0.7_run_1.csv,5760.0,750.0,0,0.7,0.0,0.7,1,1.0,0.0,0.0,0.0,0.0,0.0,0.0,356.335
5760_dose_750_gradient_0_VconcST_0_Vconc_0.7_run_1.csv,5760.0,750.0,0,0.7,0.0,0.7,1,1.25,0.0,0.0,0.0,0.0,0.0,0.0,1315.84
5760_dose_750_gradient_0_VconcST_0_Vconc_0.7_run_1.csv,5760.0,750.0,0,0.7,0.0,0.7,1,1.5,0.0,0.0,0.0,0.0,0.0,0.0,568.171
5760_dose_750_gradient_0_VconcST_0_Vconc_0.7_run_1.csv,5760.0,750.0,0,0.7,0.0,0.7,1,1.75,0.0,0.0,0.0,0.0,0.0,0.0,1107.67
5760_dose_750_gradient_0_VconcST_0_Vconc_0.7_run_1.csv,5760.0,750.0,0,0.7,0.0,0.7,1,2.0,0.0,0.0,0.0,0.0,0.0,0.0,701.861
5760_dose_750_gradient_0_VconcST_0_Vconc_0.7_run_1.csv,5760.0,750.0,0,0.7,0.0,0.7,1,2.25,0.0,0.0,0.0,0.0,0.0,0.0,1052.95
5760_dose_750_gradient_0_VconcST_0_Vconc_0.7_run_1.csv,5760.0,750.0,0,0.7,0.0,0.7,1,2.5,0.0,0.0,0.0,0.0,0.0,0.0,794.485
5760_dose_750_gradient_0_VconcST_0_Vconc_0.7_run_1.csv,5760.0,750.0,0,0.7,0.0,0.7,1,2.75,0.0,0.0,0.0,0.0,0.0,0.0,973.051
5760_dose_750_gradient_0_VconcST_0_Vconc_0.7_run_1.csv,5760.0,750.0,0,0.7,0.0,0.7,1,3.0,0.0,0.0,0.0,0.0,0.0,0.0,815.546
5760_dose_750_gradient_0_VconcST_0_Vconc_0.7_run_1.csv,5760.0,750.0,0,0.7,0.0,0.7,1,3.25,0.0,0.0,0.0,0.0,0.0,0.0,942.769
5760_dose_750_gradient_0_VconcST_0_Vconc_0.7_run_1.csv,5760.0,750.0,0,0.7,0.0,0.7,1,3.5,0.0,0.0,0.0,0.0,0.0,0.0,851.374
5760_dose_750_gradient_0_VconcST_0_Vconc_0.7_run_1.csv,5760.0,750.0,0,0.7,0.0,0.7,1,3.75,0.0,0.0,0.0,0.0,0.0,0.0,914.014
5760_dose_750_gradient_0_VconcST_0_Vconc_0.7_run_1.csv,5760.0,750.0,0,0.7,0.0,0.7,1,4.0,0.0,0.0,0.0,0.0,0.0,0.0,908.616
5760_dose_750_gradient_0_VconcST_0_Vconc_0.7_run_1.csv,5760.0,750.0,0,0.7,0.0,0.7,1,4.25,0.0,0.0,0.0,0.0,0.0,0.0,896.844
5760_dose_750_gradient_0_VconcST_0_Vconc_0.7_run_1.csv,5760.0,750.0,0,0.7,0.0,0.7,1,4.5,0.0,0.0,0.0,0.0,0.0,0.0,906.065
5760_dose_750_gradient_0_VconcST_0_Vconc_0.7_run_1.csv,5760.0,750.0,0,0.7,0.0,0.7,1,4.75,0.0,0.0,0.0,0.0,0.0,0.0,916.183
5760_dose_750_gradient_0_VconcST_0_Vconc_0.7_run_1.csv,5760.0,750.0,0,0.7,0.0,0.7,1,5.0,0.0,0.0,0.0,0.0,0.0,0.0,879.529
5760_dose_750_gradient_0_VconcST_0_Vconc_0.7_run_1.csv,5760.0,750.0,0,0.7,0.0,0.7,1,5.25,0.0,0.0,0.0,0.0,0.0,0.0,904.543
5760_dose_750_gradient_0_VconcST_0_Vconc_0.7_run_1.csv,5760.0,750.0,0,0.7,0.0,0.7,1,5.5,0.0,0.0,0.0,0.0,0.0,0.0,848.458
5760_dose_750_gradient_0_VconcST_0_Vconc_0.7_run_1.csv,5760.0,750.0,0,0.7,0.0,0.7,1,5.75,0.0,0.0,0.0,0.0,0.0,0.0,899.465
5760_dose_750_gradient_0_VconcST_0_Vconc_0.7_run_1.csv,5760.0,750.0,0,0.7,0.0,0.7,1,6.0,0.0,0.0,0.0,0.0,0.0,0.0,889.516
5760_dose_750_gradient_0_VconcST_0_Vconc_0.7_run_1.csv,5760.0,750.0,0,0.7,0.0,0.7,1,6.25,0.0,0.0,0.0,0.0,0.0,0.0,882.421
5760_dose_750_gradient_0_VconcST_0_Vconc_0.7_run_1.csv,5760.0,750.0,0,0.7,0.0,0.7,1,6.5,0.0,0.0,0.0,0.0,0.0,0.0,915.504
5760_dose_750_gradient_0_VconcST_0_Vconc_0.7_run_1.csv,5760.0,750.0,0,0.7,0.0,0.7,1,6.75,0.0,0.0,0.0,0.0,0.0,0.0,897.248
5760_dose_750_gradient_0_VconcST_0_Vconc_0.7_run_1.csv,5760.0,750.0,0,0.7,0.0,0.7,1,7.0,0.0,0.0,0.0,0.0,0.0,0.0,893.66
5760_dose_750_gradient_0_VconcST_0_Vconc_0.7_run_1.csv,5760.0,750.0,0,0.7,0.0,0.7,1,7.25,0.0,0.0,0.0,0.0,0.0,0.0,885.306
5760_dose_750_gradient_0_VconcST_0_Vconc_0.7_run_1.csv,5760.0,750.0,0,0.7,0.0,0.7,1,7.5,0.0,0.0,0.0,0.0,0.0,0.0,932.731
5760_dose_750_gradient_0_VconcST_0_Vconc_0.7_run_1.csv,5760.0,750.0,0,0.7,0.0,0.7,1,7.75,0.0,0.0,0.0,0.0,0.0,0.0,861.14
5760_dose_750_gradient_0_VconcST_0_Vconc_0.7_run_1.csv,5760.0,750.0,0,0.7,0.0,0.7,1,8.0,0.0,0.0,0.0,0.0,0.0,0.0,893.218
5760_dose_750_gradient_0_VconcST_0_Vconc_0.7_run_1.csv,5760.0,750.0,0,0.7,0.0,0.7,1,8.25,0.0,0.0,0.0,0.0,0.0,0.0,865.08
5760_dose_750_gradient_0_VconcST_0_Vconc_0.7_run_1.csv,5760.0,750.0,0,0.7,0.0,0.7,1,8.5,0.0,0.0,0.0,0.0,0.0,0.0,855.462
5760_dose_750_gradient_0_VconcST_0_Vconc_0.7_run_1.csv,5760.0,750.0,0,0.7,0.0,0.7,1,8.75,0.0,0.0,0.0,0.0,0.0,0.0,933.897
5760_dose_750_gradient_0_VconcST_0_Vconc_0.7_run_1.csv,5760.0,750.0,0,0.7,0.0,0.7,1,9.0,0.0,0.0,0.0,0.0,0.0,0.0,876.49
5760_dose_750_gradient_0_VconcST_0_Vconc_0.7_run_1.csv,5760.0,750.0,0,0.7,0.0,0.7,1,9.25,0.0,0.0,0.0,0.0,0.0,0.0,893.498
5760_dose_750_gradient_0_VconcST_0_Vconc_0.7_run_1.csv,5760.0,750.0,0,0.7,0.0,0.7,1,9.5,0.0,0.0,0.0,0.0,0.0,0.0,871.156
5760_dose_750_gradient_0_VconcST_0_Vconc_0.7_run_1.csv,5760.0,750.0,0,0.7,0.0,0.7,1,9.75,0.0,0.0,0.0,0.0,0.0,0.0,927.681
5760_dose_750_gradient_0_VconcST_0_Vconc_0.7_run_1.csv,5760.0,750.0,0,0.7,0.0,0.7,1,10.0,0.0,0.0,0.0,0.0,0.0,0.0,846.813
5760_dose_750_gradient_0_VconcST_0_Vconc_0.7_run_1.csv,5760.0,750.0,0,0.7,0.0,0.7,1,10.25,0.0,0.0,0.0,0.0,0.0,0.0,919.913
5760_dose_750_gradient_0_VconcST_0_Vconc_0.7_run_1.csv,5760.0,750.0,0,0.7,0.0,0.7,1,10.5,0.0,0.0,0.0,0.0,0.0,0.0,882.289
5760_dose_750_gradient_0_VconcST_0_Vconc_0.7_run_1.csv,5760.0,750.0,0,0.7,0.0,0.7,1,10.75,0.0,0.0,0.0,0.0,0.0,0.0,920.03
5760_dose_750_gradient_0_VconcST_0_Vconc_0.7_run_1.csv,5760.0,750.0,0,0.7,0.0,0.7,1,11.0,0.0,0.0,0.0,0.0,0.0,0.0,885.688
5760_dose_750_gradient_0_VconcST_0_Vconc_0.7_run_1.csv,5760.0,750.0,0,0.7,0.0,0.7,1,11.25,0.0,0.0,0.0,0.0,0.0,0.0,892.382
5760_dose_750_gradient_0_VconcST_0_Vconc_0.7_run_1.csv,5760.0,750.0,0,0.7,0.0,0.7,1,11.5,0.0,0.0,0.0,0.0,0.0,0.0,919.252
5760_dose_750_gradient_0_VconcST_0_Vconc_0.7_run_1.csv,5760.0,750.0,0,0.7,0.0,0.7,1,11.75,0.0,0.0,0.0,0.0,0.0,0.0,870.541
5760_dose_750_gradient_0_VconcST_0_Vconc_0.7_run_1.csv,5760.0,750.0,0,0.7,0.0,0.7,1,12.0,0.0,0.0,0.0,0.0,0.0,0.0,917.489
5760_dose_750_gradient_0_VconcST_0_Vconc_0.7_run_1.csv,5760.0,750.0,0,0.7,0.0,0.7,1,12.25,0.0,0.0,0.0,0.0,0.0,0.0,892.346
5760_dose_750_gradient_0_VconcST_0_Vconc_0.7_run_1.csv,5760.0,750.0,0,0.7,0.0,0.7,1,12.5,0.0,0.0,0.0,0.0,0.0,0.0,885.221
5760_dose_750_gradient_0_VconcST_0_Vconc_0.7_run_1.csv,5760.0,750.0,0,0.7,0.0,0.7,1,12.75,0.0,0.0,0.0,0.0,0.0,0.0,909.446
5760_dose_750_gradient_0_VconcST_0_Vconc_0.7_run_1.csv,5760.0,750.0,0,0.7,0.0,0.7,1,13.0,0.0,0.0,0.0,0.0,0.0,0.0,912.924
5760_dose_750_gradient_0_VconcST_0_Vconc_0.7_run_1.csv,5760.0,750.0,0,0.7,0.0,0.7,1,13.25,0.0,0.0,0.0,0.0,0.0,0.0,876.643
5760_dose_750_gradient_0_VconcST_0_Vconc_0.7_run_1.csv,5760.0,750.0,0,0.7,0.0,0.7,1,13.5,0.0,0.0,0.0,0.0,0.0,0.0,902.459
5760_dose_750_gradient_0_VconcST_0_Vconc_0.7_run_1.csv,5760.0,750.0,0,0.7,0.0,0.7,1,13.75,0.0,0.0,0.0,0.0,0.0,0.0,894.368
5760_dose_750_gradient_0_VconcST_0_Vconc_0.7_run_1.csv,5760.0,750.0,0,0.7,0.0,0.7,1,14.0,0.0,0.0,0.0,0.0,0.0,0.0,892.275
5760_dose_750_gradient_0_VconcST_0_Vconc_0.7_run_1.csv,5760.0,750.0,0,0.7,0.0,0.7,1,14.25,0.0,0.0,0.0,0.0,0.0,0.0,946.062
5760_dose_750_gradient_0_VconcST_0_Vconc_0.7_run_1.csv,5760.0,750.0,0,0.7,0.0,0.7,1,14.5,0.0,0.0,0.0,0.0,0.0,0.0,856.944
5760_dose_750_gradient_0_VconcST_0_Vconc_0.7_run_1.csv,5760.0,750.0,0,0.7,0.0,0.7,1,14.75,0.0,0.0,0.0,0.0,0.0,0.0,920.923
5760_dose_750_gradient_0_VconcST_0_Vconc_0.7_run_1.csv,5760.0,750.0,0,0.7,0.0,0.7,1,15.0,0.0,0.0,0.0,0.0,0.0,0.0,888.82
5760_dose_750_gradient_0_VconcST_0_Vconc_0.7_run_1.csv,5760.0,750.0,0,0.7,0.0,0.7,1,15.25,0.0,0.0,0.0,0.0,0.0,0.0,924.752
5760_dose_750_gradient_0_VconcST_0_Vconc_0.7_run_1.csv,5760.0,750.0,0,0.7,0.0,0.7,1,15.5,0.0,0.0,0.0,0.0,0.0,0.0,906.84
5760_dose_750_gradient_0_VconcST_0_Vconc_0.7_run_1.csv,5760.0,750.0,0,0.7,0.0,0.7,1,15.75,0.0,0.0,0.0,0.0,0.0,0.0,877.202
5760_dose_750_gradient_0_VconcST_0_Vconc_0.7_run_1.csv,5760.0,750.0,0,0.7,0.0,0.7,1,16.0,0.0,0.0,0.0,0.0,0.0,0.0,945.01
5760_dose_750_gradient_0_VconcST_0_Vconc_0.7_run_1.csv,5760.0,750.0,0,0.7,0.0,0.7,1,16.25,0.0,0.0,0.0,0.0,0.0,0.0,889.955
5760_dose_750_gradient_0_VconcST_0_Vconc_0.7_run_1.csv,5760.0,750.0,0,0.7,0.0,0.7,1,16.5,0.0,0.0,0.0,0.0,0.0,0.0,929.669
5760_dose_800_gradient_0_VconcST_0_Vconc_0.7_run_0.csv,5760.0,800.0,0,0.7,0.0,0.7,0,0.0,0.0,0.0,0.0,0.0,0.0,0.0,0.0
5760_dose_800_gradient_0_VconcST_0_Vconc_0.7_run_0.csv,5760.0,800.0,0,0.7,0.0,0.7,0,0.25,0.0,0.0,0.0,0.0,0.0,0.0,1727.48
5760_dose_800_gradient_0_VconcST_0_Vconc_0.7_run_0.csv,5760.0,800.0,0,0.7,0.0,0.7,0,0.5,0.0,0.0,0.0,0.0,0.0,0.0,233.788
5760_dose_800_gradient_0_VconcST_0_Vconc_0.7_run_0.csv,5760.0,800.0,0,0.7,0.0,0.7,0,0.75,0.0,0.0,0.0,0.0,0.0,0.0,1456.42
5760_dose_800_gradient_0_VconcST_0_Vconc_0.7_run_0.csv,5760.0,800.0,0,0.7,0.0,0.7,0,1.0,0.0,0.0,0.0,0.0,0.0,0.0,425.486
5760_dose_800_gradient_0_VconcST_0_Vconc_0.7_run_0.csv,5760.0,800.0,0,0.7,0.0,0.7,0,1.25,0.0,0.0,0.0,0.0,0.0,0.0,1295.33
5760_dose_800_gradient_0_VconcST_0_Vconc_0.7_run_0.csv,5760.0,800.0,0,0.7,0.0,0.7,0,1.5,0.0,0.0,0.0,0.0,0.0,0.0,541.399
5760_dose_800_gradient_0_VconcST_0_Vconc_0.7_run_0.csv,5760.0,800.0,0,0.7,0.0,0.7,0,1.75,0.0,0.0,0.0,0.0,0.0,0.0,1188.55
5760_dose_800_gradient_0_VconcST_0_Vconc_0.7_run_0.csv,5760.0,800.0,0,0.7,0.0,0.7,0,2.0,0.0,0.0,0.0,0.0,0.0,0.0,639.994
5760_dose_800_gradient_0_VconcST_0_Vconc_0.7_run_0.csv,5760.0,800.0,0,0.7,0.0,0.7,0,2.25,0.0,0.0,0.0,0.0,0.0,0.0,1075.46
5760_dose_800_gradient_0_VconcST_0_Vconc_0.7_run_0.csv,5760.0,800.0,0,0.7,0.0,0.7,0,2.5,0.0,0.0,0.0,0.0,0.0,0.0,748.405
5760_dose_800_gradient_0_VconcST_0_Vconc_0.7_run_0.csv,5760.0,800.0,0,0.7,0.0,0.7,0,2.75,0.0,0.0,0.0,0.0,0.0,0.0,1001.5
5760_dose_800_gradient_0_VconcST_0_Vconc_0.7_run_0.csv,5760.0,800.0,0,0.7,0.0,0.7,0,3.0,0.0,0.0,0.0,0.0,0.0,0.0,797.352
5760_dose_800_gradient_0_VconcST_0_Vconc_0.7_run_0.csv,5760.0,800.0,0,0.7,0.0,0.7,0,3.25,0.0,0.0,0.0,0.0,0.0,0.0,946.038
5760_dose_800_gradient_0_VconcST_0_Vconc_0.7_run_0.csv,5760.0,800.0,0,0.7,0.0,0.7,0,3.5,0.0,0.0,0.0,0.0,0.0,0.0,850.134
5760_dose_800_gradient_0_VconcST_0_Vconc_0.7_run_0.csv,5760.0,800.0,0,0.7,0.0,0.7,0,3.75,0.0,0.0,0.0,0.0,0.0,0.0,921.459
5760_dose_800_gradient_0_VconcST_0_Vconc_0.7_run_0.csv,5760.0,800.0,0,0.7,0.0,0.7,0,4.0,0.0,0.0,0.0,0.0,0.0,0.0,866.274
5760_dose_800_gradient_0_VconcST_0_Vconc_0.7_run_0.csv,5760.0,800.0,0,0.7,0.0,0.7,0,4.25,0.0,0.0,0.0,0.0,0.0,0.0,909.215
5760_dose_800_gradient_0_VconcST_0_Vconc_0.7_run_0.csv,5760.0,800.0,0,0.7,0.0,0.7,0,4.5,0.0,0.0,0.0,0.0,0.0,0.0,867.81
5760_dose_800_gradient_0_VconcST_0_Vconc_0.7_run_0.csv,5760.0,800.0,0,0.7,0.0,0.7,0,4.75,0.0,0.0,0.0,0.0,0.0,0.0,930.905
5760_dose_800_gradient_0_VconcST_0_Vconc_0.7_run_0.csv,5760.0,800.0,0,0.7,0.0,0.7,0,5.0,0.0,0.0,0.0,0.0,0.0,0.0,886.585
5760_dose_800_gradient_0_VconcST_0_Vconc_0.7_run_0.csv,5760.0,800.0,0,0.7,0.0,0.7,0,5.25,0.0,0.0,0.0,0.0,0.0,0.0,874.799
5760_dose_800_gradient_0_VconcST_0_Vconc_0.7_run_0.csv,5760.0,800.0,0,0.7,0.0,0.7,0,5.5,0.0,0.0,0.0,0.0,0.0,0.0,945.495
5760_dose_800_gradient_0_VconcST_0_Vconc_0.7_run_0.csv,5760.0,800.0,0,0.7,0.0,0.7,0,5.75,0.0,0.0,0.0,0.0,0.0,0.0,842.851
5760_dose_800_gradient_0_VconcST_0_Vconc_0.7_run_0.csv,5760.0,800.0,0,0.7,0.0,0.7,0,6.0,0.0,0.0,0.0,0.0,0.0,0.0,906.704
5760_dose_800_gradient_0_VconcST_0_Vconc_0.7_run_0.csv,5760.0,800.0,0,0.7,0.0,0.7,0,6.25,0.0,0.0,0.0,0.0,0.0,0.0,889.528
5760_dose_800_gradient_0_VconcST_0_Vconc_0.7_run_0.csv,5760.0,800.0,0,0.7,0.0,0.7,0,6.5,0.0,0.0,0.0,0.0,0.0,0.0,931.456
5760_dose_800_gradient_0_VconcST_0_Vconc_0.7_run_0.csv,5760.0,800.0,0,0.7,0.0,0.7,0,6.75,0.0,0.0,0.0,0.0,0.0,0.0,860.878
5760_dose_800_gradient_0_VconcST_0_Vconc_0.7_run_0.csv,5760.0,800.0,0,0.7,0.0,0.7,0,7.0,0.0,0.0,0.0,0.0,0.0,0.0,924.61
5760_dose_800_gradient_0_VconcST_0_Vconc_0.7_run_0.csv,5760.0,800.0,0,0.7,0.0,0.7,0,7.25,0.0,0.0,0.0,0.0,0.0,0.0,884.148
5760_dose_800_gradient_0_VconcST_0_Vconc_0.7_run_0.csv,5760.0,800.0,0,0.7,0.0,0.7,0,7.5,0.0,0.0,0.0,0.0,0.0,0.0,939.885
5760_dose_800_gradient_0_VconcST_0_Vconc_0.7_run_0.csv,5760.0,800.0,0,0.7,0.0,0.7,0,7.75,0.0,0.0,0.0,0.0,0.0,0.0,906.871
5760_dose_800_gradient_0_VconcST_0_Vconc_0.7_run_0.csv,5760.0,800.0,0,0.7,0.0,0.7,0,8.0,0.0,0.0,0.0,0.0,0.0,0.0,890.944
5760_dose_800_gradient_0_VconcST_0_Vconc_0.7_run_0.csv,5760.0,800.0,0,0.7,0.0,0.7,0,8.25,0.0,0.0,0.0,0.0,0.0,0.0,886.679
5760_dose_800_gradient_0_VconcST_0_Vconc_0.7_run_0.csv,5760.0,800.0,0,0.7,0.0,0.7,0,8.5,0.0,0.0,0.0,0.0,0.0,0.0,916.881
5760_dose_800_gradient_0_VconcST_0_Vconc_0.7_run_0.csv,5760.0,800.0,0,0.7,0.0,0.7,0,8.75,0.0,0.0,0.0,0.0,0.0,0.0,928.596
5760_dose_800_gradient_0_VconcST_0_Vconc_0.7_run_0.csv,5760.0,800.0,0,0.7,0.0,0.7,0,9.0,0.0,0.0,0.0,0.0,0.0,0.0,883.308
5760_dose_800_gradient_0_VconcST_0_Vconc_0.7_run_0.csv,5760.0,800.0,0,0.7,0.0,0.7,0,9.25,0.0,0.0,0.0,0.0,0.0,0.0,965.625
5760_dose_800_gradient_0_VconcST_0_Vconc_0.7_run_0.csv,5760.0,800.0,0,0.7,0.0,0.7,0,9.5,0.0,0.0,0.0,0.0,0.0,0.0,824.557
5760_dose_800_gradient_0_VconcST_0_Vconc_0.7_run_0.csv,5760.0,800.0,0,0.7,0.0,0.7,0,9.75,0.0,0.0,0.0,0.0,0.0,0.0,931.02
5760_dose_800_gradient_0_VconcST_0_Vconc_0.7_run_0.csv,5760.0,800.0,0,0.7,0.0,0.7,0,10.0,0.0,0.0,0.0,0.0,0.0,0.0,898.643
5760_dose_800_gradient_0_VconcST_0_Vconc_0.7_run_0.csv,5760.0,800.0,0,0.7,0.0,0.7,0,10.25,0.0,0.0,0.0,0.0,0.0,0.0,900.799
5760_dose_800_gradient_0_VconcST_0_Vconc_0.7_run_0.csv,5760.0,800.0,0,0.7,0.0,0.7,0,10.5,0.0,0.0,0.0,0.0,0.0,0.0,930.724
5760_dose_800_gradient_0_VconcST_0_Vconc_0.7_run_0.csv,5760.0,800.0,0,0.7,0.0,0.7,0,10.75,0.0,0.0,0.0,0.0,0.0,0.0,940.379
5760_dose_800_gradient_0_VconcST_0_Vconc_0.7_run_0.csv,5760.0,800.0,0,0.7,0.0,0.7,0,11.0,0.0,0.0,0.0,0.0,0.0,0.0,867.327
5760_dose_800_gradient_0_VconcST_0_Vconc_0.7_run_0.csv,5760.0,800.0,0,0.7,0.0,0.7,0,11.25,0.0,0.0,0.0,0.0,0.0,0.0,941.006
5760_dose_800_gradient_0_VconcST_0_Vconc_0.7_run_0.csv,5760.0,800.0,0,0.7,0.0,0.7,0,11.5,0.0,0.0,0.0,0.0,0.0,0.0,878.254
5760_dose_800_gradient_0_VconcST_0_Vconc_0.7_run_0.csv,5760.0,800.0,0,0.7,0.0,0.7,0,11.75,0.0,0.0,0.0,0.0,0.0,0.0,938.8
5760_dose_800_gradient_0_VconcST_0_Vconc_0.7_run_0.csv,5760.0,800.0,0,0.7,0.0,0.7,0,12.0,0.0,0.0,0.0,0.0,0.0,0.0,898.601
5760_dose_800_gradient_0_VconcST_0_Vconc_0.7_run_0.csv,5760.0,800.0,0,0.7,0.0,0.7,0,12.25,0.0,0.0,0.0,0.0,0.0,0.0,917.325
5760_dose_800_gradient_0_VconcST_0_Vconc_0.7_run_0.csv,5760.0,800.0,0,0.7,0.0,0.7,0,12.5,0.0,0.0,0.0,0.0,0.0,0.0,899.784
5760_dose_800_gradient_0_VconcST_0_Vconc_0.7_run_0.csv,5760.0,800.0,0,0.7,0.0,0.7,0,12.75,0.0,0.0,0.0,0.0,0.0,0.0,936.73
5760_dose_800_gradient_0_VconcST_0_Vconc_0.7_run_0.csv,5760.0,800.0,0,0.7,0.0,0.7,0,13.0,0.0,0.0,0.0,0.0,0.0,0.0,864.352
5760_dose_800_gradient_0_VconcST_0_Vconc_0.7_run_0.csv,5760.0,800.0,0,0.7,0.0,0.7,0,13.25,0.0,0.0,0.0,0.0,0.0,0.0,941.849
5760_dose_800_gradient_0_VconcST_0_Vconc_0.7_run_0.csv,5760.0,800.0,0,0.7,0.0,0.7,0,13.5,0.0,0.0,0.0,0.0,0.0,0.0,871.706
5760_dose_800_gradient_0_VconcST_0_Vconc_0.7_run_0.csv,5760.0,800.0,0,0.7,0.0,0.7,0,13.75,0.0,0.0,0.0,0.0,0.0,0.0,910.363
5760_dose_800_gradient_0_VconcST_0_Vconc_0.7_run_0.csv,5760.0,800.0,0,0.7,0.0,0.7,0,14.0,0.0,0.0,0.0,0.0,0.0,0.0,915.616
5760_dose_800_gradient_0_VconcST_0_Vconc_0.7_run_0.csv,5760.0,800.0,0,0.7,0.0,0.7,0,14.25,0.0,0.0,0.0,0.0,0.0,0.0,991.183
5760_dose_800_gradient_0_VconcST_0_Vconc_0.7_run_0.csv,5760.0,800.0,0,0.7,0.0,0.7,0,14.5,0.0,0.0,0.0,0.0,0.0,0.0,892.686
5760_dose_800_gradient_0_VconcST_0_Vconc_0.7_run_0.csv,5760.0,800.0,0,0.7,0.0,0.7,0,14.75,0.0,0.0,0.0,0.0,0.0,0.0,933.792
5760_dose_800_gradient_0_VconcST_0_Vconc_0.7_run_0.csv,5760.0,800.0,0,0.7,0.0,0.7,0,15.0,0.0,0.0,0.0,0.0,0.0,0.0,882.539
5760_dose_800_gradient_0_VconcST_0_Vconc_0.7_run_0.csv,5760.0,800.0,0,0.7,0.0,0.7,0,15.25,0.0,0.0,0.0,0.0,0.0,0.0,945.68
5760_dose_800_gradient_0_VconcST_0_Vconc_0.7_run_0.csv,5760.0,800.0,0,0.7,0.0,0.7,0,15.5,0.0,0.0,0.0,0.0,0.0,0.0,933.456
5760_dose_800_gradient_0_VconcST_0_Vconc_0.7_run_0.csv,5760.0,800.0,0,0.7,0.0,0.7,0,15.75,0.0,0.0,0.0,0.0,0.0,0.0,914.485
5760_dose_800_gradient_0_VconcST_0_Vconc_0.7_run_0.csv,5760.0,800.0,0,0.7,0.0,0.7,0,16.0,0.0,0.0,0.0,0.0,0.0,0.0,901.862
5760_dose_800_gradient_0_VconcST_0_Vconc_0.7_run_0.csv,5760.0,800.0,0,0.7,0.0,0.7,0,16.25,0.0,0.0,0.0,0.0,0.0,0.0,929.284
5760_dose_800_gradient_0_VconcST_0_Vconc_0.7_run_0.csv,5760.0,800.0,0,0.7,0.0,0.7,0,16.5,0.0,0.0,0.0,0.0,0.0,0.0,938.937
5760_dose_800_gradient_0_VconcST_0_Vconc_0.7_run_1.csv,5760.0,800.0,0,0.7,0.0,0.7,1,0.0,0.0,0.0,0.0,0.0,0.0,0.0,0.0
5760_dose_800_gradient_0_VconcST_0_Vconc_0.7_run_1.csv,5760.0,800.0,0,0.7,0.0,0.7,1,0.25,0.0,0.0,0.0,0.0,0.0,0.0,1715.66
5760_dose_800_gradient_0_VconcST_0_Vconc_0.7_run_1.csv,5760.0,800.0,0,0.7,0.0,0.7,1,0.5,0.0,0.0,0.0,0.0,0.0,0.0,235.806
5760_dose_800_gradient_0_VconcST_0_Vconc_0.7_run_1.csv,5760.0,800.0,0,0.7,0.0,0.7,1,0.75,0.0,0.0,0.0,0.0,0.0,0.0,1497.64
5760_dose_800_gradient_0_VconcST_0_Vconc_0.7_run_1.csv,5760.0,800.0,0,0.7,0.0,0.7,1,1.0,0.0,0.0,0.0,0.0,0.0,0.0,387.013
5760_dose_800_gradient_0_VconcST_0_Vconc_0.7_run_1.csv,5760.0,800.0,0,0.7,0.0,0.7,1,1.25,0.0,0.0,0.0,0.0,0.0,0.0,1316.07
5760_dose_800_gradient_0_VconcST_0_Vconc_0.7_run_1.csv,5760.0,800.0,0,0.7,0.0,0.7,1,1.5,0.0,0.0,0.0,0.0,0.0,0.0,543.613
5760_dose_800_gradient_0_VconcST_0_Vconc_0.7_run_1.csv,5760.0,800.0,0,0.7,0.0,0.7,1,1.75,0.0,0.0,0.0,0.0,0.0,0.0,1182.04
5760_dose_800_gradient_0_VconcST_0_Vconc_0.7_run_1.csv,5760.0,800.0,0,0.7,0.0,0.7,1,2.0,0.0,0.0,0.0,0.0,0.0,0.0,626.968
5760_dose_800_gradient_0_VconcST_0_Vconc_0.7_run_1.csv,5760.0,800.0,0,0.7,0.0,0.7,1,2.25,0.0,0.0,0.0,0.0,0.0,0.0,1156.45
5760_dose_800_gradient_0_VconcST_0_Vconc_0.7_run_1.csv,5760.0,800.0,0,0.7,0.0,0.7,1,2.5,0.0,0.0,0.0,0.0,0.0,0.0,667.931
5760_dose_800_gradient_0_VconcST_0_Vconc_0.7_run_1.csv,5760.0,800.0,0,0.7,0.0,0.7,1,2.75,0.0,0.0,0.0,0.0,0.0,0.0,1079.9
5760_dose_800_gradient_0_VconcST_0_Vconc_0.7_run_1.csv,5760.0,800.0,0,0.7,0.0,0.7,1,3.0,0.0,0.0,0.0,0.0,0.0,0.0,747.922
5760_dose_800_gradient_0_VconcST_0_Vconc_0.7_run_1.csv,5760.0,800.0,0,0.7,0.0,0.7,1,3.25,0.0,0.0,0.0,0.0,0.0,0.0,1014.18
5760_dose_800_gradient_0_VconcST_0_Vconc_0.7_run_1.csv,5760.0,800.0,0,0.7,0.0,0.7,1,3.5,0.0,0.0,0.0,0.0,0.0,0.0,814.814
5760_dose_800_gradient_0_VconcST_0_Vconc_0.7_run_1.csv,5760.0,800.0,0,0.7,0.0,0.7,1,3.75,0.0,0.0,0.0,0.0,0.0,0.0,947.267
5760_dose_800_gradient_0_VconcST_0_Vconc_0.7_run_1.csv,5760.0,800.0,0,0.7,0.0,0.7,1,4.0,0.0,0.0,0.0,0.0,0.0,0.0,867.652
5760_dose_800_gradient_0_VconcST_0_Vconc_0.7_run_1.csv,5760.0,800.0,0,0.7,0.0,0.7,1,4.25,0.0,0.0,0.0,0.0,0.0,0.0,918.385
5760_dose_800_gradient_0_VconcST_0_Vconc_0.7_run_1.csv,5760.0,800.0,0,0.7,0.0,0.7,1,4.5,0.0,0.0,0.0,0.0,0.0,0.0,854.858
5760_dose_800_gradient_0_VconcST_0_Vconc_0.7_run_1.csv,5760.0,800.0,0,0.7,0.0,0.7,1,4.75,0.0,0.0,0.0,0.0,0.0,0.0,935.959
5760_dose_800_gradient_0_VconcST_0_Vconc_0.7_run_1.csv,5760.0,800.0,0,0.7,0.0,0.7,1,5.0,0.0,0.0,0.0,0.0,0.0,0.0,855.9
5760_dose_800_gradient_0_VconcST_0_Vconc_0.7_run_1.csv,5760.0,800.0,0,0.7,0.0,0.7,1,5.25,0.0,0.0,0.0,0.0,0.0,0.0,903.123
5760_dose_800_gradient_0_VconcST_0_Vconc_0.7_run_1.csv,5760.0,800.0,0,0.7,0.0,0.7,1,5.5,0.0,0.0,0.0,0.0,0.0,0.0,909.765
5760_dose_800_gradient_0_VconcST_0_Vconc_0.7_run_1.csv,5760.0,800.0,0,0.7,0.0,0.7,1,5.75,0.0,0.0,0.0,0.0,0.0,0.0,895.292
5760_dose_800_gradient_0_VconcST_0_Vconc_0.7_run_1.csv,5760.0,800.0,0,0.7,0.0,0.7,1,6.0,0.0,0.0,0.0,0.0,0.0,0.0,915.694
5760_dose_800_gradient_0_VconcST_0_Vconc_0.7_run_1.csv,5760.0,800.0,0,0.7,0.0,0.7,1,6.25,0.0,0.0,0.0,0.0,0.0,0.0,900.52
5760_dose_800_gradient_0_VconcST_0_Vconc_0.7_run_1.csv,5760.0,800.0,0,0.7,0.0,0.7,1,6.5,0.0,0.0,0.0,0.0,0.0,0.0,898.574
5760_dose_800_gradient_0_VconcST_0_Vconc_0.7_run_1.csv,5760.0,800.0,0,0.7,0.0,0.7,1,6.75,0.0,0.0,0.0,0.0,0.0,0.0,894.698
5760_dose_800_gradient_0_VconcST_0_Vconc_0.7_run_1.csv,5760.0,800.0,0,0.7,0.0,0.7,1,7.0,0.0,0.0,0.0,0.0,0.0,0.0,897.023
5760_dose_800_gradient_0_VconcST_0_Vconc_0.7_run_1.csv,5760.0,800.0,0,0.7,0.0,0.7,1,7.25,0.0,0.0,0.0,0.0,0.0,0.0,823.563
5760_dose_800_gradient_0_VconcST_0_Vconc_0.7_run_1.csv,5760.0,800.0,0,0.7,0.0,0.7,1,7.5,0.0,0.0,0.0,0.0,0.0,0.0,956.837
5760_dose_800_gradient_0_VconcST_0_Vconc_0.7_run_1.csv,5760.0,800.0,0,0.7,0.0,0.7,1,7.75,0.0,0.0,0.0,0.0,0.0,0.0,843.129
5760_dose_800_gradient_0_VconcST_0_Vconc_0.7_run_1.csv,5760.0,800.0,0,0.7,0.0,0.7,1,8.0,0.0,0.0,0.0,0.0,0.0,0.0,932.376
5760_dose_800_gradient_0_VconcST_0_Vconc_0.7_run_1.csv,5760.0,800.0,0,0.7,0.0,0.7,1,8.25,0.0,0.0,0.0,0.0,0.0,0.0,879.373
5760_dose_800_gradient_0_VconcST_0_Vconc_0.7_run_1.csv,5760.0,800.0,0,0.7,0.0,0.7,1,8.5,0.0,0.0,0.0,0.0,0.0,0.0,901.621
5760_dose_800_gradient_0_VconcST_0_Vconc_0.7_run_1.csv,5760.0,800.0,0,0.7,0.0,0.7,1,8.75,0.0,0.0,0.0,0.0,0.0,0.0,927.826
5760_dose_800_gradient_0_VconcST_0_Vconc_0.7_run_1.csv,5760.0,800.0,0,0.7,0.0,0.7,1,9.0,0.0,0.0,0.0,0.0,0.0,0.0,835.329
5760_dose_800_gradient_0_VconcST_0_Vconc_0.7_run_1.csv,5760.0,800.0,0,0.7,0.0,0.7,1,9.25,0.0,0.0,0.0,0.0,0.0,0.0,907.341
5760_dose_800_gradient_0_VconcST_0_Vconc_0.7_run_1.csv,5760.0,800.0,0,0.7,0.0,0.7,1,9.5,0.0,0.0,0.0,0.0,0.0,0.0,874.025
5760_dose_800_gradient_0_VconcST_0_Vconc_0.7_run_1.csv,5760.0,800.0,0,0.7,0.0,0.7,1,9.75,0.0,0.0,0.0,0.0,0.0,0.0,906.301
5760_dose_800_gradient_0_VconcST_0_Vconc_0.7_run_1.csv,5760.0,800.0,0,0.7,0.0,0.7,1,10.0,0.0,0.0,0.0,0.0,0.0,0.0,850.569
5760_dose_800_gradient_0_VconcST_0_Vconc_0.7_run_1.csv,5760.0,800.0,0,0.7,0.0,0.7,1,10.25,0.0,0.0,0.0,0.0,0.0,0.0,918.871
5760_dose_800_gradient_0_VconcST_0_Vconc_0.7_run_1.csv,5760.0,800.0,0,0.7,0.0,0.7,1,10.5,0.0,0.0,0.0,0.0,0.0,0.0,836.589
5760_dose_800_gradient_0_VconcST_0_Vconc_0.7_run_1.csv,5760.0,800.0,0,0.7,0.0,0.7,1,10.75,0.0,0.0,0.0,0.0,0.0,0.0,937.517
5760_dose_800_gradient_0_VconcST_0_Vconc_0.7_run_1.csv,5760.0,800.0,0,0.7,0.0,0.7,1,11.0,0.0,0.0,0.0,0.0,0.0,0.0,859.47
5760_dose_800_gradient_0_VconcST_0_Vconc_0.7_run_1.csv,5760.0,800.0,0,0.7,0.0,0.7,1,11.25,0.0,0.0,0.0,0.0,0.0,0.0,940.897
5760_dose_800_gradient_0_VconcST_0_Vconc_0.7_run_1.csv,5760.0,800.0,0,0.7,0.0,0.7,1,11.5,0.0,0.0,0.0,0.0,0.0,0.0,896.125
5760_dose_800_gradient_0_VconcST_0_Vconc_0.7_run_1.csv,5760.0,800.0,0,0.7,0.0,0.7,1,11.75,0.0,0.0,0.0,0.0,0.0,0.0,865.182
5760_dose_800_gradient_0_VconcST_0_Vconc_0.7_run_1.csv,5760.0,800.0,0,0.7,0.0,0.7,1,12.0,0.0,0.0,0.0,0.0,0.0,0.0,934.652
5760_dose_800_gradient_0_VconcST_0_Vconc_0.7_run_1.csv,5760.0,800.0,0,0.7,0.0,0.7,1,12.25,0.0,0.0,0.0,0.0,0.0,0.0,858.628
5760_dose_800_gradient_0_VconcST_0_Vconc_0.7_run_1.csv,5760.0,800.0,0,0.7,0.0,0.7,1,12.5,0.0,0.0,0.0,0.0,0.0,0.0,947.591
5760_dose_800_gradient_0_VconcST_0_Vconc_0.7_run_1.csv,5760.0,800.0,0,0.7,0.0,0.7,1,12.75,0.0,0.0,0.0,0.0,0.0,0.0,865.62
5760_dose_800_gradient_0_VconcST_0_Vconc_0.7_run_1.csv,5760.0,800.0,0,0.7,0.0,0.7,1,13.0,0.0,0.0,0.0,0.0,0.0,0.0,907.381
5760_dose_800_gradient_0_VconcST_0_Vconc_0.7_run_1.csv,5760.0,800.0,0,0.7,0.0,0.7,1,13.25,0.0,0.0,0.0,0.0,0.0,0.0,853.842
5760_dose_800_gradient_0_VconcST_0_Vconc_0.7_run_1.csv,5760.0,800.0,0,0.7,0.0,0.7,1,13.5,0.0,0.0,0.0,0.0,0.0,0.0,954.885
5760_dose_800_gradient_0_VconcST_0_Vconc_0.7_run_1.csv,5760.0,800.0,0,0.7,0.0,0.7,1,13.75,0.0,0.0,0.0,0.0,0.0,0.0,838.663
5760_dose_800_gradient_0_VconcST_0_Vconc_0.7_run_1.csv,5760.0,800.0,0,0.7,0.0,0.7,1,14.0,0.0,0.0,0.0,0.0,0.0,0.0,948.547
5760_dose_800_gradient_0_VconcST_0_Vconc_0.7_run_1.csv,5760.0,800.0,0,0.7,0.0,0.7,1,14.25,0.0,0.0,0.0,0.0,0.0,0.0,867.747
5760_dose_800_gradient_0_VconcST_0_Vconc_0.7_run_1.csv,5760.0,800.0,0,0.7,0.0,0.7,1,14.5,0.0,0.0,0.0,0.0,0.0,0.0,873.077
5760_dose_800_gradient_0_VconcST_0_Vconc_0.7_run_1.csv,5760.0,800.0,0,0.7,0.0,0.7,1,14.75,0.0,0.0,0.0,0.0,0.0,0.0,877.74
5760_dose_800_gradient_0_VconcST_0_Vconc_0.7_run_1.csv,5760.0,800.0,0,0.7,0.0,0.7,1,15.0,0.0,0.0,0.0,0.0,0.0,0.0,892.684
5760_dose_800_gradient_0_VconcST_0_Vconc_0.7_run_1.csv,5760.0,800.0,0,0.7,0.0,0.7,1,15.25,0.0,0.0,0.0,0.0,0.0,0.0,886.019
5760_dose_800_gradient_0_VconcST_0_Vconc_0.7_run_1.csv,5760.0,800.0,0,0.7,0.0,0.7,1,15.5,0.0,0.0,0.0,0.0,0.0,0.0,863.174
5760_dose_800_gradient_0_VconcST_0_Vconc_0.7_run_1.csv,5760.0,800.0,0,0.7,0.0,0.7,1,15.75,0.0,0.0,0.0,0.0,0.0,0.0,916.263
5760_dose_800_gradient_0_VconcST_0_Vconc_0.7_run_1.csv,5760.0,800.0,0,0.7,0.0,0.7,1,16.0,0.0,0.0,0.0,0.0,0.0,0.0,858.992
5760_dose_800_gradient_0_VconcST_0_Vconc_0.7_run_1.csv,5760.0,800.0,0,0.7,0.0,0.7,1,16.25,0.0,0.0,0.0,0.0,0.0,0.0,936.649
5760_dose_800_gradient_0_VconcST_0_Vconc_0.7_run_1.csv,5760.0,800.0,0,0.7,0.0,0.7,1,16.5,0.0,0.0,0.0,0.0,0.0,0.0,870.086
5760_dose_750_gradient_0_VconcST_0_Vconc_0.7_run_0.csv,5760.0,750.0,0,0.7,0.0,0.7,0,0.0,0.0,0.0,0.0,0.0,0.0,0.0,0.0
5760_dose_750_gradient_0_VconcST_0_Vconc_0.7_run_0.csv,5760.0,750.0,0,0.7,0.0,0.7,0,0.25,0.0,0.0,0.0,0.0,0.0,0.0,1708.15
5760_dose_750_gradient_0_VconcST_0_Vconc_0.7_run_0.csv,5760.0,750.0,0,0.7,0.0,0.7,0,0.5,0.0,0.0,0.0,0.0,0.0,0.0,251.886
5760_dose_750_gradient_0_VconcST_0_Vconc_0.7_run_0.csv,5760.0,750.0,0,0.7,0.0,0.7,0,0.75,0.0,0.0,0.0,0.0,0.0,0.0,1413.99
5760_dose_750_gradient_0_VconcST_0_Vconc_0.7_run_0.csv,5760.0,750.0,0,0.7,0.0,0.7,0,1.0,0.0,0.0,0.0,0.0,0.0,0.0,454.197
5760_dose_750_gradient_0_VconcST_0_Vconc_0.7_run_0.csv,5760.0,750.0,0,0.7,0.0,0.7,0,1.25,0.0,0.0,0.0,0.0,0.0,0.0,1308.94
5760_dose_750_gradient_0_VconcST_0_Vconc_0.7_run_0.csv,5760.0,750.0,0,0.7,0.0,0.7,0,1.5,0.0,0.0,0.0,0.0,0.0,0.0,525.199
5760_dose_750_gradient_0_VconcST_0_Vconc_0.7_run_0.csv,5760.0,750.0,0,0.7,0.0,0.7,0,1.75,0.0,0.0,0.0,0.0,0.0,0.0,1173.12
5760_dose_750_gradient_0_VconcST_0_Vconc_0.7_run_0.csv,5760.0,750.0,0,0.7,0.0,0.7,0,2.0,0.0,0.0,0.0,0.0,0.0,0.0,674.605
5760_dose_750_gradient_0_VconcST_0_Vconc_0.7_run_0.csv,5760.0,750.0,0,0.7,0.0,0.7,0,2.25,0.0,0.0,0.0,0.0,0.0,0.0,1064.39
5760_dose_750_gradient_0_VconcST_0_Vconc_0.7_run_0.csv,5760.0,750.0,0,0.7,0.0,0.7,0,2.5,0.0,0.0,0.0,0.0,0.0,0.0,755.231
5760_dose_750_gradient_0_VconcST_0_Vconc_0.7_run_0.csv,5760.0,750.0,0,0.7,0.0,0.7,0,2.75,0.0,0.0,0.0,0.0,0.0,0.0,1002.35
5760_dose_750_gradient_0_VconcST_0_Vconc_0.7_run_0.csv,5760.0,750.0,0,0.7,0.0,0.7,0,3.0,0.0,0.0,0.0,0.0,0.0,0.0,785.171
5760_dose_750_gradient_0_VconcST_0_Vconc_0.7_run_0.csv,5760.0,750.0,0,0.7,0.0,0.7,0,3.25,0.0,0.0,0.0,0.0,0.0,0.0,958.481
5760_dose_750_gradient_0_VconcST_0_Vconc_0.7_run_0.csv,5760.0,750.0,0,0.7,0.0,0.7,0,3.5,0.0,0.0,0.0,0.0,0.0,0.0,824.496
5760_dose_750_gradient_0_VconcST_0_Vconc_0.7_run_0.csv,5760.0,750.0,0,0.7,0.0,0.7,0,3.75,0.0,0.0,0.0,0.0,0.0,0.0,920.53
5760_dose_750_gradient_0_VconcST_0_Vconc_0.7_run_0.csv,5760.0,750.0,0,0.7,0.0,0.7,0,4.0,0.0,0.0,0.0,0.0,0.0,0.0,885.249
5760_dose_750_gradient_0_VconcST_0_Vconc_0.7_run_0.csv,5760.0,750.0,0,0.7,0.0,0.7,0,4.25,0.0,0.0,0.0,0.0,0.0,0.0,937.638
5760_dose_750_gradient_0_VconcST_0_Vconc_0.7_run_0.csv,5760.0,750.0,0,0.7,0.0,0.7,0,4.5,0.0,0.0,0.0,0.0,0.0,0.0,864.122
5760_dose_750_gradient_0_VconcST_0_Vconc_0.7_run_0.csv,5760.0,750.0,0,0.7,0.0,0.7,0,4.75,0.0,0.0,0.0,0.0,0.0,0.0,902.809
5760_dose_750_gradient_0_VconcST_0_Vconc_0.7_run_0.csv,5760.0,750.0,0,0.7,0.0,0.7,0,5.0,0.0,0.0,0.0,0.0,0.0,0.0,885.368
5760_dose_750_gradient_0_VconcST_0_Vconc_0.7_run_0.csv,5760.0,750.0,0,0.7,0.0,0.7,0,5.25,0.0,0.0,0.0,0.0,0.0,0.0,882.117
5760_dose_750_gradient_0_VconcST_0_Vconc_0.7_run_0.csv,5760.0,750.0,0,0.7,0.0,0.7,0,5.5,0.0,0.0,0.0,0.0,0.0,0.0,931.316
5760_dose_750_gradient_0_VconcST_0_Vconc_0.7_run_0.csv,5760.0,750.0,0,0.7,0.0,0.7,0,5.75,0.0,0.0,0.0,0.0,0.0,0.0,876.274
5760_dose_750_gradient_0_VconcST_0_Vconc_0.7_run_0.csv,5760.0,750.0,0,0.7,0.0,0.7,0,6.0,0.0,0.0,0.0,0.0,0.0,0.0,956.02
5760_dose_750_gradient_0_VconcST_0_Vconc_0.7_run_0.csv,5760.0,750.0,0,0.7,0.0,0.7,0,6.25,0.0,0.0,0.0,0.0,0.0,0.0,846.37
5760_dose_750_gradient_0_VconcST_0_Vconc_0.7_run_0.csv,5760.0,750.0,0,0.7,0.0,0.7,0,6.5,0.0,0.0,0.0,0.0,0.0,0.0,931.479
5760_dose_750_gradient_0_VconcST_0_Vconc_0.7_run_0.csv,5760.0,750.0,0,0.7,0.0,0.7,0,6.75,0.0,0.0,0.0,0.0,0.0,0.0,908.237
5760_dose_750_gradient_0_VconcST_0_Vconc_0.7_run_0.csv,5760.0,750.0,0,0.7,0.0,0.7,0,7.0,0.0,0.0,0.0,0.0,0.0,0.0,869.56
5760_dose_750_gradient_0_VconcST_0_Vconc_0.7_run_0.csv,5760.0,750.0,0,0.7,0.0,0.7,0,7.25,0.0,0.0,0.0,0.0,0.0,0.0,894.05
5760_dose_750_gradient_0_VconcST_0_Vconc_0.7_run_0.csv,5760.0,750.0,0,0.7,0.0,0.7,0,7.5,0.0,0.0,0.0,0.0,0.0,0.0,885.209
5760_dose_750_gradient_0_VconcST_0_Vconc_0.7_run_0.csv,5760.0,750.0,0,0.7,0.0,0.7,0,7.75,0.0,0.0,0.0,0.0,0.0,0.0,894.276
5760_dose_750_gradient_0_VconcST_0_Vconc_0.7_run_0.csv,5760.0,750.0,0,0.7,0.0,0.7,0,8.0,0.0,0.0,0.0,0.0,0.0,0.0,912.746
5760_dose_750_gradient_0_VconcST_0_Vconc_0.7_run_0.csv,5760.0,750.0,0,0.7,0.0,0.7,0,8.25,0.0,0.0,0.0,0.0,0.0,0.0,912.431
5760_dose_750_gradient_0_VconcST_0_Vconc_0.7_run_0.csv,5760.0,750.0,0,0.7,0.0,0.7,0,8.5,0.0,0.0,0.0,0.0,0.0,0.0,850.778
5760_dose_750_gradient_0_VconcST_0_Vconc_0.7_run_0.csv,5760.0,750.0,0,0.7,0.0,0.7,0,8.75,0.0,0.0,0.0,0.0,0.0,0.0,918.129
5760_dose_750_gradient_0_VconcST_0_Vconc_0.7_run_0.csv,5760.0,750.0,0,0.7,0.0,0.7,0,9.0,0.0,0.0,0.0,0.0,0.0,0.0,851.412
5760_dose_750_gradient_0_VconcST_0_Vconc_0.7_run_0.csv,5760.0,750.0,0,0.7,0.0,0.7,0,9.25,0.0,0.0,0.0,0.0,0.0,0.0,927.377
5760_dose_750_gradient_0_VconcST_0_Vconc_0.7_run_0.csv,5760.0,750.0,0,0.7,0.0,0.7,0,9.5,0.0,0.0,0.0,0.0,0.0,0.0,891.229
5760_dose_750_gradient_0_VconcST_0_Vconc_0.7_run_0.csv,5760.0,750.0,0,0.7,0.0,0.7,0,9.75,0.0,0.0,0.0,0.0,0.0,0.0,856.758
5760_dose_750_gradient_0_VconcST_0_Vconc_0.7_run_0.csv,5760.0,750.0,0,0.7,0.0,0.7,0,10.0,0.0,0.0,0.0,0.0,0.0,0.0,920.988
5760_dose_750_gradient_0_VconcST_0_Vconc_0.7_run_0.csv,5760.0,750.0,0,0.7,0.0,0.7,0,10.25,0.0,0.0,0.0,0.0,0.0,0.0,885.507
5760_dose_750_gradient_0_VconcST_0_Vconc_0.7_run_0.csv,5760.0,750.0,0,0.7,0.0,0.7,0,10.5,0.0,0.0,0.0,0.0,0.0,0.0,891.818
5760_dose_750_gradient_0_VconcST_0_Vconc_0.7_run_0.csv,5760.0,750.0,0,0.7,0.0,0.7,0,10.75,0.0,0.0,0.0,0.0,0.0,0.0,885.181
5760_dose_750_gradient_0_VconcST_0_Vconc_0.7_run_0.csv,5760.0,750.0,0,0.7,0.0,0.7,0,11.0,0.0,0.0,0.0,0.0,0.0,0.0,899.763
5760_dose_750_gradient_0_VconcST_0_Vconc_0.7_run_0.csv,5760.0,750.0,0,0.7,0.0,0.7,0,11.25,0.0,0.0,0.0,0.0,0.0,0.0,880.393
5760_dose_750_gradient_0_VconcST_0_Vconc_0.7_run_0.csv,5760.0,750.0,0,0.7,0.0,0.7,0,11.5,0.0,0.0,0.0,0.0,0.0,0.0,892.776
5760_dose_750_gradient_0_VconcST_0_Vconc_0.7_run_0.csv,5760.0,750.0,0,0.7,0.0,0.7,0,11.75,0.0,0.0,0.0,0.0,0.0,0.0,933.134
5760_dose_750_gradient_0_VconcST_0_Vconc_0.7_run_0.csv,5760.0,750.0,0,0.7,0.0,0.7,0,12.0,0.0,0.0,0.0,0.0,0.0,0.0,882.497
5760_dose_750_gradient_0_VconcST_0_Vconc_0.7_run_0.csv,5760.0,750.0,0,0.7,0.0,0.7,0,12.25,0.0,0.0,0.0,0.0,0.0,0.0,872.795
5760_dose_750_gradient_0_VconcST_0_Vconc_0.7_run_0.csv,5760.0,750.0,0,0.7,0.0,0.7,0,12.5,0.0,0.0,0.0,0.0,0.0,0.0,911.039
5760_dose_750_gradient_0_VconcST_0_Vconc_0.7_run_0.csv,5760.0,750.0,0,0.7,0.0,0.7,0,12.75,0.0,0.0,0.0,0.0,0.0,0.0,889.944
5760_dose_750_gradient_0_VconcST_0_Vconc_0.7_run_0.csv,5760.0,750.0,0,0.7,0.0,0.7,0,13.0,0.0,0.0,0.0,0.0,0.0,0.0,919.536
5760_dose_750_gradient_0_VconcST_0_Vconc_0.7_run_0.csv,5760.0,750.0,0,0.7,0.0,0.7,0,13.25,0.0,0.0,0.0,0.0,0.0,0.0,836.375
5760_dose_750_gradient_0_VconcST_0_Vconc_0.7_run_0.csv,5760.0,750.0,0,0.7,0.0,0.7,0,13.5,0.0,0.0,0.0,0.0,0.0,0.0,907.786
5760_dose_750_gradient_0_VconcST_0_Vconc_0.7_run_0.csv,5760.0,750.0,0,0.7,0.0,0.7,0,13.75,0.0,0.0,0.0,0.0,0.0,0.0,884.748
5760_dose_750_gradient_0_VconcST_0_Vconc_0.7_run_0.csv,5760.0,750.0,0,0.7,0.0,0.7,0,14.0,0.0,0.0,0.0,0.0,0.0,0.0,922.91
5760_dose_750_gradient_0_VconcST_0_Vconc_0.7_run_0.csv,5760.0,750.0,0,0.7,0.0,0.7,0,14.25,0.0,0.0,0.0,0.0,0.0,0.0,862.625
5760_dose_750_gradient_0_VconcST_0_Vconc_0.7_run_0.csv,5760.0,750.0,0,0.7,0.0,0.7,0,14.5,0.0,0.0,0.0,0.0,0.0,0.0,943.785
5760_dose_750_gradient_0_VconcST_0_Vconc_0.7_run_0.csv,5760.0,750.0,0,0.7,0.0,0.7,0,14.75,0.0,0.0,0.0,0.0,0.0,0.0,888.645
5760_dose_750_gradient_0_VconcST_0_Vconc_0.7_run_0.csv,5760.0,750.0,0,0.7,0.0,0.7,0,15.0,0.0,0.0,0.0,0.0,0.0,0.0,946.372
5760_dose_750_gradient_0_VconcST_0_Vconc_0.7_run_0.csv,5760.0,750.0,0,0.7,0.0,0.7,0,15.25,0.0,0.0,0.0,0.0,0.0,0.0,886.848
5760_dose_750_gradient_0_VconcST_0_Vconc_0.7_run_0.csv,5760.0,750.0,0,0.7,0.0,0.7,0,15.5,0.0,0.0,0.0,0.0,0.0,0.0,907.281
5760_dose_750_gradient_0_VconcST_0_Vconc_0.7_run_0.csv,5760.0,750.0,0,0.7,0.0,0.7,0,15.75,0.0,0.0,0.0,0.0,0.0,0.0,892.55
5760_dose_750_gradient_0_VconcST_0_Vconc_0.7_run_0.csv,5760.0,750.0,0,0.7,0.0,0.7,0,16.0,0.0,0.0,0.0,0.0,0.0,0.0,878.878
5760_dose_750_gradient_0_VconcST_0_Vconc_0.7_run_0.csv,5760.0,750.0,0,0.7,0.0,0.7,0,16.25,0.0,0.0,0.0,0.0,0.0,0.0,946.44
5760_dose_750_gradient_0_VconcST_0_Vconc_0.7_run_0.csv,5760.0,750.0,0,0.7,0.0,0.7,0,16.5,0.0,0.0,0.0,0.0,0.0,0.0,876.848
5760_dose_750_gradient_0_VconcST_0_Vconc_0.7_run_2.csv,5760.0,750.0,0,0.7,0.0,0.7,2,0.0,0.0,0.0,0.0,0.0,0.0,0.0,0.0
5760_dose_750_gradient_0_VconcST_0_Vconc_0.7_run_2.csv,5760.0,750.0,0,0.7,0.0,0.7,2,0.25,0.0,0.0,0.0,0.0,0.0,0.0,1713.72
5760_dose_750_gradient_0_VconcST_0_Vconc_0.7_run_2.csv,5760.0,750.0,0,0.7,0.0,0.7,2,0.5,0.0,0.0,0.0,0.0,0.0,0.0,242.87
5760_dose_750_gradient_0_VconcST_0_Vconc_0.7_run_2.csv,5760.0,750.0,0,0.7,0.0,0.7,2,0.75,0.0,0.0,0.0,0.0,0.0,0.0,1470.41
5760_dose_750_gradient_0_VconcST_0_Vconc_0.7_run_2.csv,5760.0,750.0,0,0.7,0.0,0.7,2,1.0,0.0,0.0,0.0,0.0,0.0,0.0,409.764
5760_dose_750_gradient_0_VconcST_0_Vconc_0.7_run_2.csv,5760.0,750.0,0,0.7,0.0,0.7,2,1.25,0.0,0.0,0.0,0.0,0.0,0.0,1276.7
5760_dose_750_gradient_0_VconcST_0_Vconc_0.7_run_2.csv,5760.0,750.0,0,0.7,0.0,0.7,2,1.5,0.0,0.0,0.0,0.0,0.0,0.0,565.796
5760_dose_750_gradient_0_VconcST_0_Vconc_0.7_run_2.csv,5760.0,750.0,0,0.7,0.0,0.7,2,1.75,0.0,0.0,0.0,0.0,0.0,0.0,1182.76
5760_dose_750_gradient_0_VconcST_0_Vconc_0.7_run_2.csv,5760.0,750.0,0,0.7,0.0,0.7,2,2.0,0.0,0.0,0.0,0.0,0.0,0.0,641.811
5760_dose_750_gradient_0_VconcST_0_Vconc_0.7_run_2.csv,5760.0,750.0,0,0.7,0.0,0.7,2,2.25,0.0,0.0,0.0,0.0,0.0,0.0,1057.46
5760_dose_750_gradient_0_VconcST_0_Vconc_0.7_run_2.csv,5760.0,750.0,0,0.7,0.0,0.7,2,2.5,0.0,0.0,0.0,0.0,0.0,0.0,731.458
5760_dose_750_gradient_0_VconcST_0_Vconc_0.7_run_2.csv,5760.0,750.0,0,0.7,0.0,0.7,2,2.75,0.0,0.0,0.0,0.0,0.0,0.0,987.265
5760_dose_750_gradient_0_VconcST_0_Vconc_0.7_run_2.csv,5760.0,750.0,0,0.7,0.0,0.7,2,3.0,0.0,0.0,0.0,0.0,0.0,0.0,817.792
5760_dose_750_gradient_0_VconcST_0_Vconc_0.7_run_2.csv,5760.0,750.0,0,0.7,0.0,0.7,2,3.25,0.0,0.0,0.0,0.0,0.0,0.0,960.594
5760_dose_750_gradient_0_VconcST_0_Vconc_0.7_run_2.csv,5760.0,750.0,0,0.7,0.0,0.7,2,3.5,0.0,0.0,0.0,0.0,0.0,0.0,834.337
5760_dose_750_gradient_0_VconcST_0_Vconc_0.7_run_2.csv,5760.0,750.0,0,0.7,0.0,0.7,2,3.75,0.0,0.0,0.0,0.0,0.0,0.0,942.251
5760_dose_750_gradient_0_VconcST_0_Vconc_0.7_run_2.csv,5760.0,750.0,0,0.7,0.0,0.7,2,4.0,0.0,0.0,0.0,0.0,0.0,0.0,877.971
5760_dose_750_gradient_0_VconcST_0_Vconc_0.7_run_2.csv,5760.0,750.0,0,0.7,0.0,0.7,2,4.25,0.0,0.0,0.0,0.0,0.0,0.0,859.155
5760_dose_750_gradient_0_VconcST_0_Vconc_0.7_run_2.csv,5760.0,750.0,0,0.7,0.0,0.7,2,4.5,0.0,0.0,0.0,0.0,0.0,0.0,889.166
5760_dose_750_gradient_0_VconcST_0_Vconc_0.7_run_2.csv,5760.0,750.0,0,0.7,0.0,0.7,2,4.75,0.0,0.0,0.0,0.0,0.0,0.0,928.628
5760_dose_750_gradient_0_VconcST_0_Vconc_0.7_run_2.csv,5760.0,750.0,0,0.7,0.0,0.7,2,5.0,0.0,0.0,0.0,0.0,0.0,0.0,842.228
5760_dose_750_gradient_0_VconcST_0_Vconc_0.7_run_2.csv,5760.0,750.0,0,0.7,0.0,0.7,2,5.25,0.0,0.0,0.0,0.0,0.0,0.0,911.465
5760_dose_750_gradient_0_VconcST_0_Vconc_0.7_run_2.csv,5760.0,750.0,0,0.7,0.0,0.7,2,5.5,0.0,0.0,0.0,0.0,0.0,0.0,862.964
5760_dose_750_gradient_0_VconcST_0_Vconc_0.7_run_2.csv,5760.0,750.0,0,0.7,0.0,0.7,2,5.75,0.0,0.0,0.0,0.0,0.0,0.0,905.733
5760_dose_750_gradient_0_VconcST_0_Vconc_0.7_run_2.csv,5760.0,750.0,0,0.7,0.0,0.7,2,6.0,0.0,0.0,0.0,0.0,0.0,0.0,817.773
5760_dose_750_gradient_0_VconcST_0_Vconc_0.7_run_2.csv,5760.0,750.0,0,0.7,0.0,0.7,2,6.25,0.0,0.0,0.0,0.0,0.0,0.0,935.9
5760_dose_750_gradient_0_VconcST_0_Vconc_0.7_run_2.csv,5760.0,750.0,0,0.7,0.0,0.7,2,6.5,0.0,0.0,0.0,0.0,0.0,0.0,860.502
5760_dose_750_gradient_0_VconcST_0_Vconc_0.7_run_2.csv,5760.0,750.0,0,0.7,0.0,0.7,2,6.75,0.0,0.0,0.0,0.0,0.0,0.0,898.541
5760_dose_750_gradient_0_VconcST_0_Vconc_0.7_run_2.csv,5760.0,750.0,0,0.7,0.0,0.7,2,7.0,0.0,0.0,0.0,0.0,0.0,0.0,894.114
5760_dose_750_gradient_0_VconcST_0_Vconc_0.7_run_2.csv,5760.0,750.0,0,0.7,0.0,0.7,2,7.25,0.0,0.0,0.0,0.0,0.0,0.0,898.636
5760_dose_750_gradient_0_VconcST_0_Vconc_0.7_run_2.csv,5760.0,750.0,0,0.7,0.0,0.7,2,7.5,0.0,0.0,0.0,0.0,0.0,0.0,891.26
5760_dose_750_gradient_0_VconcST_0_Vconc_0.7_run_2.csv,5760.0,750.0,0,0.7,0.0,0.7,2,7.75,0.0,0.0,0.0,0.0,0.0,0.0,912.955
5760_dose_750_gradient_0_VconcST_0_Vconc_0.7_run_2.csv,5760.0,750.0,0,0.7,0.0,0.7,2,8.0,0.0,0.0,0.0,0.0,0.0,0.0,891.391
5760_dose_750_gradient_0_VconcST_0_Vconc_0.7_run_2.csv,5760.0,750.0,0,0.7,0.0,0.7,2,8.25,0.0,0.0,0.0,0.0,0.0,0.0,864.912
5760_dose_750_gradient_0_VconcST_0_Vconc_0.7_run_2.csv,5760.0,750.0,0,0.7,0.0,0.7,2,8.5,0.0,0.0,0.0,0.0,0.0,0.0,907.864
5760_dose_750_gradient_0_VconcST_0_Vconc_0.7_run_2.csv,5760.0,750.0,0,0.7,0.0,0.7,2,8.75,0.0,0.0,0.0,0.0,0.0,0.0,853.872
5760_dose_750_gradient_0_VconcST_0_Vconc_0.7_run_2.csv,5760.0,750.0,0,0.7,0.0,0.7,2,9.0,0.0,0.0,0.0,0.0,0.0,0.0,924.828
5760_dose_750_gradient_0_VconcST_0_Vconc_0.7_run_2.csv,5760.0,750.0,0,0.7,0.0,0.7,2,9.25,0.0,0.0,0.0,0.0,0.0,0.0,897.172
5760_dose_750_gradient_0_VconcST_0_Vconc_0.7_run_2.csv,5760.0,750.0,0,0.7,0.0,0.7,2,9.5,0.0,0.0,0.0,0.0,0.0,0.0,899.206
5760_dose_750_gradient_0_VconcST_0_Vconc_0.7_run_2.csv,5760.0,750.0,0,0.7,0.0,0.7,2,9.75,0.0,0.0,0.0,0.0,0.0,0.0,893.762
5760_dose_750_gradient_0_VconcST_0_Vconc_0.7_run_2.csv,5760.0,750.0,0,0.7,0.0,0.7,2,10.0,0.0,0.0,0.0,0.0,0.0,0.0,890.924
5760_dose_750_gradient_0_VconcST_0_Vconc_0.7_run_2.csv,5760.0,750.0,0,0.7,0.0,0.7,2,10.25,0.0,0.0,0.0,0.0,0.0,0.0,884.289
5760_dose_750_gradient_0_VconcST_0_Vconc_0.7_run_2.csv,5760.0,750.0,0,0.7,0.0,0.7,2,10.5,0.0,0.0,0.0,0.0,0.0,0.0,904.446
5760_dose_750_gradient_0_VconcST_0_Vconc_0.7_run_2.csv,5760.0,750.0,0,0.7,0.0,0.7,2,10.75,0.0,0.0,0.0,0.0,0.0,0.0,890.749
5760_dose_750_gradient_0_VconcST_0_Vconc_0.7_run_2.csv,5760.0,750.0,0,0.7,0.0,0.7,2,11.0,0.0,0.0,0.0,0.0,0.0,0.0,889.058
5760_dose_750_gradient_0_VconcST_0_Vconc_0.7_run_2.csv,5760.0,750.0,0,0.7,0.0,0.7,2,11.25,0.0,0.0,0.0,0.0,0.0,0.0,921.238
5760_dose_750_gradient_0_VconcST_0_Vconc_0.7_run_2.csv,5760.0,750.0,0,0.7,0.0,0.7,2,11.5,0.0,0.0,0.0,0.0,0.0,0.0,868.375
5760_dose_750_gradient_0_VconcST_0_Vconc_0.7_run_2.csv,5760.0,750.0,0,0.7,0.0,0.7,2,11.75,0.0,0.0,0.0,0.0,0.0,0.0,894.774
5760_dose_750_gradient_0_VconcST_0_Vconc_0.7_run_2.csv,5760.0,750.0,0,0.7,0.0,0.7,2,12.0,0.0,0.0,0.0,0.0,0.0,0.0,959.798
5760_dose_750_gradient_0_VconcST_0_Vconc_0.7_run_2.csv,5760.0,750.0,0,0.7,0.0,0.7,2,12.25,0.0,0.0,0.0,0.0,0.0,0.0,843.165
5760_dose_750_gradient_0_VconcST_0_Vconc_0.7_run_2.csv,5760.0,750.0,0,0.7,0.0,0.7,2,12.5,0.0,0.0,0.0,0.0,0.0,0.0,917.672
5760_dose_750_gradient_0_VconcST_0_Vconc_0.7_run_2.csv,5760.0,750.0,0,0.7,0.0,0.7,2,12.75,0.0,0.0,0.0,0.0,0.0,0.0,868.137
5760_dose_750_gradient_0_VconcST_0_Vconc_0.7_run_2.csv,5760.0,750.0,0,0.7,0.0,0.7,2,13.0,0.0,0.0,0.0,0.0,0.0,0.0,920.125
5760_dose_750_gradient_0_VconcST_0_Vconc_0.7_run_2.csv,5760.0,750.0,0,0.7,0.0,0.7,2,13.25,0.0,0.0,0.0,0.0,0.0,0.0,844.4
5760_dose_750_gradient_0_VconcST_0_Vconc_0.7_run_2.csv,5760.0,750.0,0,0.7,0.0,0.7,2,13.5,0.0,0.0,0.0,0.0,0.0,0.0,901.016
5760_dose_750_gradient_0_VconcST_0_Vconc_0.7_run_2.csv,5760.0,750.0,0,0.7,0.0,0.7,2,13.75,0.0,0.0,0.0,0.0,0.0,0.0,856.649
5760_dose_750_gradient_0_VconcST_0_Vconc_0.7_run_2.csv,5760.0,750.0,0,0.7,0.0,0.7,2,14.0,0.0,0.0,0.0,0.0,0.0,0.0,954.284
5760_dose_750_gradient_0_VconcST_0_Vconc_0.7_run_2.csv,5760.0,750.0,0,0.7,0.0,0.7,2,14.25,0.0,0.0,0.0,0.0,0.0,0.0,850.983
5760_dose_750_gradient_0_VconcST_0_Vconc_0.7_run_2.csv,5760.0,750.0,0,0.7,0.0,0.7,2,14.5,0.0,0.0,0.0,0.0,0.0,0.0,953.901
5760_dose_750_gradient_0_VconcST_0_Vconc_0.7_run_2.csv,5760.0,750.0,0,0.7,0.0,0.7,2,14.75,0.0,0.0,0.0,0.0,0.0,0.0,857.737
5760_dose_750_gradient_0_VconcST_0_Vconc_0.7_run_2.csv,5760.0,750.0,0,0.7,0.0,0.7,2,15.0,0.0,0.0,0.0,0.0,0.0,0.0,966.376
5760_dose_750_gradient_0_VconcST_0_Vconc_0.7_run_2.csv,5760.0,750.0,0,0.7,0.0,0.7,2,15.25,0.0,0.0,0.0,0.0,0.0,0.0,871.235
5760_dose_750_gradient_0_VconcST_0_Vconc_0.7_run_2.csv,5760.0,750.0,0,0.7,0.0,0.7,2,15.5,0.0,0.0,0.0,0.0,0.0,0.0,864.519
5760_dose_750_gradient_0_VconcST_0_Vconc_0.7_run_2.csv,5760.0,750.0,0,0.7,0.0,0.7,2,15.75,0.0,0.0,0.0,0.0,0.0,0.0,906.164
5760_dose_750_gradient_0_VconcST_0_Vconc_0.7_run_2.csv,5760.0,750.0,0,0.7,0.0,0.7,2,16.0,0.0,0.0,0.0,0.0,0.0,0.0,868.403
5760_dose_750_gradient_0_VconcST_0_Vconc_0.7_run_2.csv,5760.0,750.0,0,0.7,0.0,0.7,2,16.25,0.0,0.0,0.0,0.0,0.0,0.0,964.196
5760_dose_750_gradient_0_VconcST_0_Vconc_0.7_run_2.csv,5760.0,750.0,0,0.7,0.0,0.7,2,16.5,0.0,0.0,0.0,0.0,0.0,0.0,894.264
5760_dose_800_gradient_0_VconcST_0_Vconc_0.7_run_2.csv,5760.0,800.0,0,0.7,0.0,0.7,2,0.0,0.0,0.0,0.0,0.0,0.0,0.0,0.0
5760_dose_800_gradient_0_VconcST_0_Vconc_0.7_run_2.csv,5760.0,800.0,0,0.7,0.0,0.7,2,0.25,0.0,0.0,0.0,0.0,0.0,0.0,1690.5
5760_dose_800_gradient_0_VconcST_0_Vconc_0.7_run_2.csv,5760.0,800.0,0,0.7,0.0,0.7,2,0.5,0.0,0.0,0.0,0.0,0.0,0.0,252.765
5760_dose_800_gradient_0_VconcST_0_Vconc_0.7_run_2.csv,5760.0,800.0,0,0.7,0.0,0.7,2,0.75,0.0,0.0,0.0,0.0,0.0,0.0,1463.13
5760_dose_800_gradient_0_VconcST_0_Vconc_0.7_run_2.csv,5760.0,800.0,0,0.7,0.0,0.7,2,1.0,0.0,0.0,0.0,0.0,0.0,0.0,443.427
5760_dose_800_gradient_0_VconcST_0_Vconc_0.7_run_2.csv,5760.0,800.0,0,0.7,0.0,0.7,2,1.25,0.0,0.0,0.0,0.0,0.0,0.0,1253.96
5760_dose_800_gradient_0_VconcST_0_Vconc_0.7_run_2.csv,5760.0,800.0,0,0.7,0.0,0.7,2,1.5,0.0,0.0,0.0,0.0,0.0,0.0,586.31
5760_dose_800_gradient_0_VconcST_0_Vconc_0.7_run_2.csv,5760.0,800.0,0,0.7,0.0,0.7,2,1.75,0.0,0.0,0.0,0.0,0.0,0.0,1156.43
5760_dose_800_gradient_0_VconcST_0_Vconc_0.7_run_2.csv,5760.0,800.0,0,0.7,0.0,0.7,2,2.0,0.0,0.0,0.0,0.0,0.0,0.0,725.18
5760_dose_800_gradient_0_VconcST_0_Vconc_0.7_run_2.csv,5760.0,800.0,0,0.7,0.0,0.7,2,2.25,0.0,0.0,0.0,0.0,0.0,0.0,1012.98
5760_dose_800_gradient_0_VconcST_0_Vconc_0.7_run_2.csv,5760.0,800.0,0,0.7,0.0,0.7,2,2.5,0.0,0.0,0.0,0.0,0.0,0.0,779.626
5760_dose_800_gradient_0_VconcST_0_Vconc_0.7_run_2.csv,5760.0,800.0,0,0.7,0.0,0.7,2,2.75,0.0,0.0,0.0,0.0,0.0,0.0,982.924
5760_dose_800_gradient_0_VconcST_0_Vconc_0.7_run_2.csv,5760.0,800.0,0,0.7,0.0,0.7,2,3.0,0.0,0.0,0.0,0.0,0.0,0.0,864.062
5760_dose_800_gradient_0_VconcST_0_Vconc_0.7_run_2.csv,5760.0,800.0,0,0.7,0.0,0.7,2,3.25,0.0,0.0,0.0,0.0,0.0,0.0,939.16
5760_dose_800_gradient_0_VconcST_0_Vconc_0.7_run_2.csv,5760.0,800.0,0,0.7,0.0,0.7,2,3.5,0.0,0.0,0.0,0.0,0.0,0.0,861.233
5760_dose_800_gradient_0_VconcST_0_Vconc_0.7_run_2.csv,5760.0,800.0,0,0.7,0.0,0.7,2,3.75,0.0,0.0,0.0,0.0,0.0,0.0,913.145
5760_dose_800_gradient_0_VconcST_0_Vconc_0.7_run_2.csv,5760.0,800.0,0,0.7,0.0,0.7,2,4.0,0.0,0.0,0.0,0.0,0.0,0.0,935.157
5760_dose_800_gradient_0_VconcST_0_Vconc_0.7_run_2.csv,5760.0,800.0,0,0.7,0.0,0.7,2,4.25,0.0,0.0,0.0,0.0,0.0,0.0,872.941
5760_dose_800_gradient_0_VconcST_0_Vconc_0.7_run_2.csv,5760.0,800.0,0,0.7,0.0,0.7,2,4.5,0.0,0.0,0.0,0.0,0.0,0.0,873.985
5760_dose_800_gradient_0_VconcST_0_Vconc_0.7_run_2.csv,5760.0,800.0,0,0.7,0.0,0.7,2,4.75,0.0,0.0,0.0,0.0,0.0,0.0,898.692
5760_dose_800_gradient_0_VconcST_0_Vconc_0.7_run_2.csv,5760.0,800.0,0,0.7,0.0,0.7,2,5.0,0.0,0.0,0.0,0.0,0.0,0.0,904.397
5760_dose_800_gradient_0_VconcST_0_Vconc_0.7_run_2.csv,5760.0,800.0,0,0.7,0.0,0.7,2,5.25,0.0,0.0,0.0,0.0,0.0,0.0,869.073
5760_dose_800_gradient_0_VconcST_0_Vconc_0.7_run_2.csv,5760.0,800.0,0,0.7,0.0,0.7,2,5.5,0.0,0.0,0.0,0.0,0.0,0.0,936.61
5760_dose_800_gradient_0_VconcST_0_Vconc_0.7_run_2.csv,5760.0,800.0,0,0.7,0.0,0.7,2,5.75,0.0,0.0,0.0,0.0,0.0,0.0,863.578
5760_dose_800_gradient_0_VconcST_0_Vconc_0.7_run_2.csv,5760.0,800.0,0,0.7,0.0,0.7,2,6.0,0.0,0.0,0.0,0.0,0.0,0.0,940.462
5760_dose_800_gradient_0_VconcST_0_Vconc_0.7_run_2.csv,5760.0,800.0,0,0.7,0.0,0.7,2,6.25,0.0,0.0,0.0,0.0,0.0,0.0,849.229
5760_dose_800_gradient_0_VconcST_0_Vconc_0.7_run_2.csv,5760.0,800.0,0,0.7,0.0,0.7,2,6.5,0.0,0.0,0.0,0.0,0.0,0.0,968.077
5760_dose_800_gradient_0_VconcST_0_Vconc_0.7_run_2.csv,5760.0,800.0,0,0.7,0.0,0.7,2,6.75,0.0,0.0,0.0,0.0,0.0,0.0,850.019
5760_dose_800_gradient_0_VconcST_0_Vconc_0.7_run_2.csv,5760.0,800.0,0,0.7,0.0,0.7,2,7.0,0.0,0.0,0.0,0.0,0.0,0.0,926.715
5760_dose_800_gradient_0_VconcST_0_Vconc_0.7_run_2.csv,5760.0,800.0,0,0.7,0.0,0.7,2,7.25,0.0,0.0,0.0,0.0,0.0,0.0,878.892
5760_dose_800_gradient_0_VconcST_0_Vconc_0.7_run_2.csv,5760.0,800.0,0,0.7,0.0,0.7,2,7.5,0.0,0.0,0.0,0.0,0.0,0.0,883.583
5760_dose_800_gradient_0_VconcST_0_Vconc_0.7_run_2.csv,5760.0,800.0,0,0.7,0.0,0.7,2,7.75,0.0,0.0,0.0,0.0,0.0,0.0,994.403
5760_dose_800_gradient_0_VconcST_0_Vconc_0.7_run_2.csv,5760.0,800.0,0,0.7,0.0,0.7,2,8.0,0.0,0.0,0.0,0.0,0.0,0.0,839.274
5760_dose_800_gradient_0_VconcST_0_Vconc_0.7_run_2.csv,5760.0,800.0,0,0.7,0.0,0.7,2,8.25,0.0,0.0,0.0,0.0,0.0,0.0,976.459
5760_dose_800_gradient_0_VconcST_0_Vconc_0.7_run_2.csv,5760.0,800.0,0,0.7,0.0,0.7,2,8.5,0.0,0.0,0.0,0.0,0.0,0.0,872.74
5760_dose_800_gradient_0_VconcST_0_Vconc_0.7_run_2.csv,5760.0,800.0,0,0.7,0.0,0.7,2,8.75,0.0,0.0,0.0,0.0,0.0,0.0,971.145
5760_dose_800_gradient_0_VconcST_0_Vconc_0.7_run_2.csv,5760.0,800.0,0,0.7,0.0,0.7,2,9.0,0.0,0.0,0.0,0.0,0.0,0.0,873.794
5760_dose_800_gradient_0_VconcST_0_Vconc_0.7_run_2.csv,5760.0,800.0,0,0.7,0.0,0.7,2,9.25,0.0,0.0,0.0,0.0,0.0,0.0,892.577
5760_dose_800_gradient_0_VconcST_0_Vconc_0.7_run_2.csv,5760.0,800.0,0,0.7,0.0,0.7,2,9.5,0.0,0.0,0.0,0.0,0.0,0.0,940.469
5760_dose_800_gradient_0_VconcST_0_Vconc_0.7_run_2.csv,5760.0,800.0,0,0.7,0.0,0.7,2,9.75,0.0,0.0,0.0,0.0,0.0,0.0,895.527
5760_dose_800_gradient_0_VconcST_0_Vconc_0.7_run_2.csv,5760.0,800.0,0,0.7,0.0,0.7,2,10.0,0.0,0.0,0.0,0.0,0.0,0.0,906.945
5760_dose_800_gradient_0_VconcST_0_Vconc_0.7_run_2.csv,5760.0,800.0,0,0.7,0.0,0.7,2,10.25,0.0,0.0,0.0,0.0,0.0,0.0,898.532
5760_dose_800_gradient_0_VconcST_0_Vconc_0.7_run_2.csv,5760.0,800.0,0,0.7,0.0,0.7,2,10.5,0.0,0.0,0.0,0.0,0.0,0.0,891.456
5760_dose_800_gradient_0_VconcST_0_Vconc_0.7_run_2.csv,5760.0,800.0,0,0.7,0.0,0.7,2,10.75,0.0,0.0,0.0,0.0,0.0,0.0,945.276
5760_dose_800_gradient_0_VconcST_0_Vconc_0.7_run_2.csv,5760.0,800.0,0,0.7,0.0,0.7,2,11.0,0.0,0.0,0.0,0.0,0.0,0.0,860.391
5760_dose_800_gradient_0_VconcST_0_Vconc_0.7_run_2.csv,5760.0,800.0,0,0.7,0.0,0.7,2,11.25,0.0,0.0,0.0,0.0,0.0,0.0,922.308
5760_dose_800_gradient_0_VconcST_0_Vconc_0.7_run_2.csv,5760.0,800.0,0,0.7,0.0,0.7,2,11.5,0.0,0.0,0.0,0.0,0.0,0.0,882.401
5760_dose_800_gradient_0_VconcST_0_Vconc_0.7_run_2.csv,5760.0,800.0,0,0.7,0.0,0.7,2,11.75,0.0,0.0,0.0,0.0,0.0,0.0,909.318
5760_dose_800_gradient_0_VconcST_0_Vconc_0.7_run_2.csv,5760.0,800.0,0,0.7,0.0,0.7,2,12.0,0.0,0.0,0.0,0.0,0.0,0.0,947.97
5760_dose_800_gradient_0_VconcST_0_Vconc_0.7_run_2.csv,5760.0,800.0,0,0.7,0.0,0.7,2,12.25,0.0,0.0,0.0,0.0,0.0,0.0,839.819
5760_dose_800_gradient_0_VconcST_0_Vconc_0.7_run_2.csv,5760.0,800.0,0,0.7,0.0,0.7,2,12.5,0.0,0.0,0.0,0.0,0.0,0.0,948.25
5760_dose_800_gradient_0_VconcST_0_Vconc_0.7_run_2.csv,5760.0,800.0,0,0.7,0.0,0.7,2,12.75,0.0,0.0,0.0,0.0,0.0,0.0,863.592
5760_dose_800_gradient_0_VconcST_0_Vconc_0.7_run_2.csv,5760.0,800.0,0,0.7,0.0,0.7,2,13.0,0.0,0.0,0.0,0.0,0.0,0.0,944.657
5760_dose_800_gradient_0_VconcST_0_Vconc_0.7_run_2.csv,5760.0,800.0,0,0.7,0.0,0.7,2,13.25,0.0,0.0,0.0,0.0,0.0,0.0,881.802
5760_dose_800_gradient_0_VconcST_0_Vconc_0.7_run_2.csv,5760.0,800.0,0,0.7,0.0,0.7,2,13.5,0.0,0.0,0.0,0.0,0.0,0.0,988.992
5760_dose_800_gradient_0_VconcST_0_Vconc_0.7_run_2.csv,5760.0,800.0,0,0.7,0.0,0.7,2,13.75,0.0,0.0,0.0,0.0,0.0,0.0,834.355
5760_dose_800_gradient_0_VconcST_0_Vconc_0.7_run_2.csv,5760.0,800.0,0,0.7,0.0,0.7,2,14.0,0.0,0.0,0.0,0.0,0.0,0.0,984.209
5760_dose_800_gradient_0_VconcST_0_Vconc_0.7_run_2.csv,5760.0,800.0,0,0.7,0.0,0.7,2,14.25,0.0,0.0,0.0,0.0,0.0,0.0,877.156
5760_dose_800_gradient_0_VconcST_0_Vconc_0.7_run_2.csv,5760.0,800.0,0,0.7,0.0,0.7,2,14.5,0.0,0.0,0.0,0.0,0.0,0.0,944.638
5760_dose_800_gradient_0_VconcST_0_Vconc_0.7_run_2.csv,5760.0,800.0,0,0.7,0.0,0.7,2,14.75,0.0,0.0,0.0,0.0,0.0,0.0,903.159
5760_dose_800_gradient_0_VconcST_0_Vconc_0.7_run_2.csv,5760.0,800.0,0,0.7,0.0,0.7,2,15.0,0.0,0.0,0.0,0.0,0.0,0.0,920.983
5760_dose_800_gradient_0_VconcST_0_Vconc_0.7_run_2.csv,5760.0,800.0,0,0.7,0.0,0.7,2,15.25,0.0,0.0,0.0,0.0,0.0,0.0,896.817
5760_dose_800_gradient_0_VconcST_0_Vconc_0.7_run_2.csv,5760.0,800.0,0,0.7,0.0,0.7,2,15.5,0.0,0.0,0.0,0.0,0.0,0.0,936.731
5760_dose_800_gradient_0_VconcST_0_Vconc_0.7_run_2.csv,5760.0,800.0,0,0.7,0.0,0.7,2,15.75,0.0,0.0,0.0,0.0,0.0,0.0,942.447
5760_dose_800_gradient_0_VconcST_0_Vconc_0.7_run_2.csv,5760.0,800.0,0,0.7,0.0,0.7,2,16.0,0.0,0.0,0.0,0.0,0.0,0.0,912.761
5760_dose_800_gradient_0_VconcST_0_Vconc_0.7_run_2.csv,5760.0,800.0,0,0.7,0.0,0.7,2,16.25,0.0,0.0,0.0,0.0,0.0,0.0,945.62
5760_dose_800_gradient_0_VconcST_0_Vconc_0.7_run_2.csv,5760.0,800.0,0,0.7,0.0,0.7,2,16.5,0.0,0.0,0.0,0.0,0.0,0.0,881.761
5760_dose_800_gradient_0_VconcST_0_Vconc_0.9_run_2.csv,5760.0,800.0,0,0.9,0.0,0.9,2,0.0,0.0,0.0,0.0,0.0,0.0,0.0,0.0
5760_dose_800_gradient_0_VconcST_0_Vconc_0.9_run_2.csv,5760.0,800.0,0,0.9,0.0,0.9,2,0.25,0.0,0.0,0.0,0.0,0.0,0.0,2404.0
5760_dose_800_gradient_0_VconcST_0_Vconc_0.9_run_2.csv,5760.0,800.0,0,0.9,0.0,0.9,2,0.5,0.0,0.0,0.0,0.0,0.0,0.0,32.46
5760_dose_800_gradient_0_VconcST_0_Vconc_0.9_run_2.csv,5760.0,800.0,0,0.9,0.0,0.9,2,0.75,0.0,0.0,0.0,0.0,0.0,0.0,2349.64
5760_dose_800_gradient_0_VconcST_0_Vconc_0.9_run_2.csv,5760.0,800.0,0,0.9,0.0,0.9,2,1.0,0.0,0.0,0.0,0.0,0.0,0.0,32.3731
5760_dose_800_gradient_0_VconcST_0_Vconc_0.9_run_2.csv,5760.0,800.0,0,0.9,0.0,0.9,2,1.25,0.0,0.0,0.0,0.0,0.0,0.0,2341.43
5760_dose_800_gradient_0_VconcST_0_Vconc_0.9_run_2.csv,5760.0,800.0,0,0.9,0.0,0.9,2,1.5,0.0,0.0,0.0,0.0,0.0,0.0,32.7326
5760_dose_800_gradient_0_VconcST_0_Vconc_0.9_run_2.csv,5760.0,800.0,0,0.9,0.0,0.9,2,1.75,0.0,0.0,0.0,0.0,0.0,0.0,2291.74
5760_dose_800_gradient_0_VconcST_0_Vconc_0.9_run_2.csv,5760.0,800.0,0,0.9,0.0,0.9,2,2.0,0.0,0.0,0.0,0.0,0.0,0.0,32.1884
5760_dose_800_gradient_0_VconcST_0_Vconc_0.9_run_2.csv,5760.0,800.0,0,0.9,0.0,0.9,2,2.25,0.0,0.0,0.0,0.0,0.0,0.0,2376.79
5760_dose_800_gradient_0_VconcST_0_Vconc_0.9_run_2.csv,5760.0,800.0,0,0.9,0.0,0.9,2,2.5,0.0,0.0,0.0,0.0,0.0,0.0,32.725
5760_dose_800_gradient_0_VconcST_0_Vconc_0.9_run_2.csv,5760.0,800.0,0,0.9,0.0,0.9,2,2.75,0.0,0.0,0.0,0.0,0.0,0.0,2264.87
5760_dose_800_gradient_0_VconcST_0_Vconc_0.9_run_2.csv,5760.0,800.0,0,0.9,0.0,0.9,2,3.0,0.0,0.0,0.0,0.0,0.0,0.0,33.0976
5760_dose_800_gradient_0_VconcST_0_Vconc_0.9_run_2.csv,5760.0,800.0,0,0.9,0.0,0.9,2,3.25,0.0,0.0,0.0,0.0,0.0,0.0,2310.44
5760_dose_800_gradient_0_VconcST_0_Vconc_0.9_run_2.csv,5760.0,800.0,0,0.9,0.0,0.9,2,3.5,0.0,0.0,0.0,0.0,0.0,0.0,34.1013
5760_dose_800_gradient_0_VconcST_0_Vconc_0.9_run_2.csv,5760.0,800.0,0,0.9,0.0,0.9,2,3.75,0.0,0.0,0.0,0.0,0.0,0.0,2262.29
5760_dose_800_gradient_0_VconcST_0_Vconc_0.9_run_2.csv,5760.0,800.0,0,0.9,0.0,0.9,2,4.0,0.0,0.0,0.0,0.0,0.0,0.0,34.9182
5760_dose_800_gradient_0_VconcST_0_Vconc_0.9_run_2.csv,5760.0,800.0,0,0.9,0.0,0.9,2,4.25,0.0,0.0,0.0,0.0,0.0,0.0,2298.13
5760_dose_800_gradient_0_VconcST_0_Vconc_0.9_run_2.csv,5760.0,800.0,0,0.9,0.0,0.9,2,4.5,0.0,0.0,0.0,0.0,0.0,0.0,34.0644
5760_dose_800_gradient_0_VconcST_0_Vconc_0.9_run_2.csv,5760.0,800.0,0,0.9,0.0,0.9,2,4.75,0.0,0.0,0.0,0.0,0.0,0.0,2286.38
5760_dose_800_gradient_0_VconcST_0_Vconc_0.9_run_2.csv,5760.0,800.0,0,0.9,0.0,0.9,2,5.0,0.0,0.0,0.0,0.0,0.0,0.0,34.0611
5760_dose_800_gradient_0_VconcST_0_Vconc_0.9_run_2.csv,5760.0,800.0,0,0.9,0.0,0.9,2,5.25,0.0,0.0,0.0,0.0,0.0,0.0,2355.11
5760_dose_800_gradient_0_VconcST_0_Vconc_0.9_run_2.csv,5760.0,800.0,0,0.9,0.0,0.9,2,5.5,0.0,0.0,0.0,0.0,0.0,0.0,35.8393
5760_dose_800_gradient_0_VconcST_0_Vconc_0.9_run_2.csv,5760.0,800.0,0,0.9,0.0,0.9,2,5.75,0.0,0.0,0.0,0.0,0.0,0.0,2217.96
5760_dose_800_gradient_0_VconcST_0_Vconc_0.9_run_2.csv,5760.0,800.0,0,0.9,0.0,0.9,2,6.0,0.0,0.0,0.0,0.0,0.0,0.0,35.7351
5760_dose_800_gradient_0_VconcST_0_Vconc_0.9_run_2.csv,5760.0,800.0,0,0.9,0.0,0.9,2,6.25,0.0,0.0,0.0,0.0,0.0,0.0,2156.26
5760_dose_800_gradient_0_VconcST_0_Vconc_0.9_run_2.csv,5760.0,800.0,0,0.9,0.0,0.9,2,6.5,0.0,0.0,0.0,0.0,0.0,0.0,38.3226
5760_dose_800_gradient_0_VconcST_0_Vconc_0.9_run_2.csv,5760.0,800.0,0,0.9,0.0,0.9,2,6.75,0.0,0.0,0.0,0.0,0.0,0.0,2096.37
5760_dose_800_gradient_0_VconcST_0_Vconc_0.9_run_2.csv,5760.0,800.0,0,0.9,0.0,0.9,2,7.0,0.0,0.0,0.0,0.0,0.0,0.0,36.0924
5760_dose_800_gradient_0_VconcST_0_Vconc_0.9_run_2.csv,5760.0,800.0,0,0.9,0.0,0.9,2,7.25,0.0,0.0,0.0,0.0,0.0,0.0,2197.2
5760_dose_800_gradient_0_VconcST_0_Vconc_0.9_run_2.csv,5760.0,800.0,0,0.9,0.0,0.9,2,7.5,0.0,0.0,0.0,0.0,0.0,0.0,39.6304
5760_dose_800_gradient_0_VconcST_0_Vconc_0.9_run_2.csv,5760.0,800.0,0,0.9,0.0,0.9,2,7.75,0.0,0.0,0.0,0.0,0.0,0.0,2159.64
5760_dose_800_gradient_0_VconcST_0_Vconc_0.9_run_2.csv,5760.0,800.0,0,0.9,0.0,0.9,2,8.0,0.0,0.0,0.0,0.0,0.0,0.0,40.0769
5760_dose_800_gradient_0_VconcST_0_Vconc_0.9_run_2.csv,5760.0,800.0,0,0.9,0.0,0.9,2,8.25,0.0,0.0,0.0,0.0,0.0,0.0,2058.07
5760_dose_800_gradient_0_VconcST_0_Vconc_0.9_run_2.csv,5760.0,800.0,0,0.9,0.0,0.9,2,8.5,0.0,0.0,0.0,0.0,0.0,0.0,39.1927
5760_dose_800_gradient_0_VconcST_0_Vconc_0.9_run_2.csv,5760.0,800.0,0,0.9,0.0,0.9,2,8.75,0.0,0.0,0.0,0.0,0.0,0.0,2116.18
5760_dose_800_gradient_0_VconcST_0_Vconc_0.9_run_2.csv,5760.0,800.0,0,0.9,0.0,0.9,2,9.0,0.0,0.0,0.0,0.0,0.0,0.0,44.0385
5760_dose_800_gradient_0_VconcST_0_Vconc_0.9_run_2.csv,5760.0,800.0,0,0.9,0.0,0.9,2,9.25,0.0,0.0,0.0,0.0,0.0,0.0,2081.94
5760_dose_800_gradient_0_VconcST_0_Vconc_0.9_run_2.csv,5760.0,800.0,0,0.9,0.0,0.9,2,9.5,0.0,0.0,0.0,0.0,0.0,0.0,43.0283
5760_dose_800_gradient_0_VconcST_0_Vconc_0.9_run_2.csv,5760.0,800.0,0,0.9,0.0,0.9,2,9.75,0.0,0.0,0.0,0.0,0.0,0.0,2078.2
5760_dose_800_gradient_0_VconcST_0_Vconc_0.9_run_2.csv,5760.0,800.0,0,0.9,0.0,0.9,2,10.0,0.0,0.0,0.0,0.0,0.0,0.0,47.6895
5760_dose_800_gradient_0_VconcST_0_Vconc_0.9_run_2.csv,5760.0,800.0,0,0.9,0.0,0.9,2,10.25,0.0,0.0,0.0,0.0,0.0,0.0,2085.74
5760_dose_800_gradient_0_VconcST_0_Vconc_0.9_run_2.csv,5760.0,800.0,0,0.9,0.0,0.9,2,10.5,0.0,0.0,0.0,0.0,0.0,0.0,47.4179
5760_dose_800_gradient_0_VconcST_0_Vconc_0.9_run_2.csv,5760.0,800.0,0,0.9,0.0,0.9,2,10.75,0.0,0.0,0.0,0.0,0.0,0.0,1997.05
5760_dose_800_gradient_0_VconcST_0_Vconc_0.9_run_2.csv,5760.0,800.0,0,0.9,0.0,0.9,2,11.0,0.0,0.0,0.0,0.0,0.0,0.0,99.635
5760_dose_800_gradient_0_VconcST_0_Vconc_0.9_run_2.csv,5760.0,800.0,0,0.9,0.0,0.9,2,11.25,0.0,0.0,0.0,0.0,0.0,0.0,1938.75
5760_dose_800_gradient_0_VconcST_0_Vconc_0.9_run_2.csv,5760.0,800.0,0,0.9,0.0,0.9,2,11.5,0.0,0.0,0.0,0.0,0.0,0.0,115.628
5760_dose_800_gradient_0_VconcST_0_Vconc_0.9_run_2.csv,5760.0,800.0,0,0.9,0.0,0.9,2,11.75,0.0,0.0,0.0,0.0,0.0,0.0,1942.96
5760_dose_800_gradient_0_VconcST_0_Vconc_0.9_run_2.csv,5760.0,800.0,0,0.9,0.0,0.9,2,12.0,0.0,0.0,0.0,0.0,0.0,0.0,124.478
5760_dose_800_gradient_0_VconcST_0_Vconc_0.9_run_2.csv,5760.0,800.0,0,0.9,0.0,0.9,2,12.25,0.0,0.0,0.0,0.0,0.0,0.0,1931.73
5760_dose_800_gradient_0_VconcST_0_Vconc_0.9_run_2.csv,5760.0,800.0,0,0.9,0.0,0.9,2,12.5,0.0,0.0,0.0,0.0,0.0,0.0,129.103
5760_dose_800_gradient_0_VconcST_0_Vconc_0.9_run_2.csv,5760.0,800.0,0,0.9,0.0,0.9,2,12.75,0.0,0.0,0.0,0.0,0.0,0.0,1917.62
5760_dose_800_gradient_0_VconcST_0_Vconc_0.9_run_2.csv,5760.0,800.0,0,0.9,0.0,0.9,2,13.0,0.0,0.0,0.0,0.0,0.0,0.0,112.215
5760_dose_800_gradient_0_VconcST_0_Vconc_0.9_run_2.csv,5760.0,800.0,0,0.9,0.0,0.9,2,13.25,0.0,0.0,0.0,0.0,0.0,0.0,1886.75
5760_dose_800_gradient_0_VconcST_0_Vconc_0.9_run_2.csv,5760.0,800.0,0,0.9,0.0,0.9,2,13.5,0.0,0.0,0.0,0.0,0.0,0.0,198.274
5760_dose_800_gradient_0_VconcST_0_Vconc_0.9_run_2.csv,5760.0,800.0,0,0.9,0.0,0.9,2,13.75,0.0,0.0,0.0,0.0,0.0,0.0,1848.02
5760_dose_800_gradient_0_VconcST_0_Vconc_0.9_run_2.csv,5760.0,800.0,0,0.9,0.0,0.9,2,14.0,0.0,0.0,0.0,0.0,0.0,0.0,271.326
5760_dose_800_gradient_0_VconcST_0_Vconc_0.9_run_2.csv,5760.0,800.0,0,0.9,0.0,0.9,2,14.25,0.0,0.0,0.0,0.0,0.0,0.0,1807.01
5760_dose_800_gradient_0_VconcST_0_Vconc_0.9_run_2.csv,5760.0,800.0,0,0.9,0.0,0.9,2,14.5,0.0,0.0,0.0,0.0,0.0,0.0,341.694
5760_dose_800_gradient_0_VconcST_0_Vconc_0.9_run_2.csv,5760.0,800.0,0,0.9,0.0,0.9,2,14.75,0.0,0.0,0.0,0.0,0.0,0.0,1685.84
5760_dose_800_gradient_0_VconcST_0_Vconc_0.9_run_2.csv,5760.0,800.0,0,0.9,0.0,0.9,2,15.0,0.0,0.0,0.0,0.0,0.0,0.0,417.386
5760_dose_800_gradient_0_VconcST_0_Vconc_0.9_run_2.csv,5760.0,800.0,0,0.9,0.0,0.9,2,15.25,0.0,0.0,0.0,0.0,0.0,0.0,1661.71
5760_dose_800_gradient_0_VconcST_0_Vconc_0.9_run_2.csv,5760.0,800.0,0,0.9,0.0,0.9,2,15.5,0.0,0.0,0.0,0.0,0.0,0.0,400.06
5760_dose_800_gradient_0_VconcST_0_Vconc_0.9_run_2.csv,5760.0,800.0,0,0.9,0.0,0.9,2,15.75,0.0,0.0,0.0,0.0,0.0,0.0,1580.18
5760_dose_800_gradient_0_VconcST_0_Vconc_0.9_run_2.csv,5760.0,800.0,0,0.9,0.0,0.9,2,16.0,0.0,0.0,0.0,0.0,0.0,0.0,655.348
5760_dose_800_gradient_0_VconcST_0_Vconc_0.9_run_2.csv,5760.0,800.0,0,0.9,0.0,0.9,2,16.25,0.0,0.0,0.0,0.0,0.0,0.0,1465.04
5760_dose_800_gradient_0_VconcST_0_Vconc_0.9_run_2.csv,5760.0,800.0,0,0.9,0.0,0.9,2,16.5,0.0,0.0,0.0,0.0,0.0,0.0,795.356
5760_dose_750_gradient_0_VconcST_0_Vconc_0.9_run_2.csv,5760.0,750.0,0,0.9,0.0,0.9,2,0.0,0.0,0.0,0.0,0.0,0.0,0.0,0.0
5760_dose_750_gradient_0_VconcST_0_Vconc_0.9_run_2.csv,5760.0,750.0,0,0.9,0.0,0.9,2,0.25,0.0,0.0,0.0,0.0,0.0,0.0,2439.8
5760_dose_750_gradient_0_VconcST_0_Vconc_0.9_run_2.csv,5760.0,750.0,0,0.9,0.0,0.9,2,0.5,0.0,0.0,0.0,0.0,0.0,0.0,32.2601
5760_dose_750_gradient_0_VconcST_0_Vconc_0.9_run_2.csv,5760.0,750.0,0,0.9,0.0,0.9,2,0.75,0.0,0.0,0.0,0.0,0.0,0.0,2275.87
5760_dose_750_gradient_0_VconcST_0_Vconc_0.9_run_2.csv,5760.0,750.0,0,0.9,0.0,0.9,2,1.0,0.0,0.0,0.0,0.0,0.0,0.0,32.196
5760_dose_750_gradient_0_VconcST_0_Vconc_0.9_run_2.csv,5760.0,750.0,0,0.9,0.0,0.9,2,1.25,0.0,0.0,0.0,0.0,3.03819e-05,0.0,2381.49
5760_dose_750_gradient_0_VconcST_0_Vconc_0.9_run_2.csv,5760.0,750.0,0,0.9,0.0,0.9,2,1.5,0.0,0.0,0.0,0.0,0.0,0.0,32.5653
5760_dose_750_gradient_0_VconcST_0_Vconc_0.9_run_2.csv,5760.0,750.0,0,0.9,0.0,0.9,2,1.75,0.0,0.0,0.0,0.0,0.0,0.0,2280.86
5760_dose_750_gradient_0_VconcST_0_Vconc_0.9_run_2.csv,5760.0,750.0,0,0.9,0.0,0.9,2,2.0,0.0,0.0,0.0,0.0,0.0,0.0,32.5317
5760_dose_750_gradient_0_VconcST_0_Vconc_0.9_run_2.csv,5760.0,750.0,0,0.9,0.0,0.9,2,2.25,0.0,0.0,0.0,0.0,0.0,0.0,2309.43
5760_dose_750_gradient_0_VconcST_0_Vconc_0.9_run_2.csv,5760.0,750.0,0,0.9,0.0,0.9,2,2.5,0.0,0.0,0.0,0.0,0.0,0.0,32.0385
5760_dose_750_gradient_0_VconcST_0_Vconc_0.9_run_2.csv,5760.0,750.0,0,0.9,0.0,0.9,2,2.75,0.0,0.0,0.0,0.0,0.0,0.0,2288.19
5760_dose_750_gradient_0_VconcST_0_Vconc_0.9_run_2.csv,5760.0,750.0,0,0.9,0.0,0.9,2,3.0,0.0,0.0,0.0,0.0,0.0,0.0,32.9129
5760_dose_750_gradient_0_VconcST_0_Vconc_0.9_run_2.csv,5760.0,750.0,0,0.9,0.0,0.9,2,3.25,0.0,0.0,0.0,0.0,1.73611e-05,0.0,2291.68
5760_dose_750_gradient_0_VconcST_0_Vconc_0.9_run_2.csv,5760.0,750.0,0,0.9,0.0,0.9,2,3.5,0.0,0.0,0.0,0.0,0.0,0.0,33.6961
5760_dose_750_gradient_0_VconcST_0_Vconc_0.9_run_2.csv,5760.0,750.0,0,0.9,0.0,0.9,2,3.75,0.0,0.0,0.0,0.0,0.0,0.0,2304.53
5760_dose_750_gradient_0_VconcST_0_Vconc_0.9_run_2.csv,5760.0,750.0,0,0.9,0.0,0.9,2,4.0,0.0,0.0,0.0,0.0,0.0,0.0,35.3712
5760_dose_750_gradient_0_VconcST_0_Vconc_0.9_run_2.csv,5760.0,750.0,0,0.9,0.0,0.9,2,4.25,0.0,0.0,0.0,0.0,0.0,0.0,2255.81
5760_dose_750_gradient_0_VconcST_0_Vconc_0.9_run_2.csv,5760.0,750.0,0,0.9,0.0,0.9,2,4.5,0.0,0.0,0.0,0.0,0.0,0.0,34.4782
5760_dose_750_gradient_0_VconcST_0_Vconc_0.9_run_2.csv,5760.0,750.0,0,0.9,0.0,0.9,2,4.75,0.0,0.0,0.0,0.0,0.0,0.0,2201.46
5760_dose_750_gradient_0_VconcST_0_Vconc_0.9_run_2.csv,5760.0,750.0,0,0.9,0.0,0.9,2,5.0,0.0,0.0,0.0,0.0,0.0,0.0,34.2979
5760_dose_750_gradient_0_VconcST_0_Vconc_0.9_run_2.csv,5760.0,750.0,0,0.9,0.0,0.9,2,5.25,0.0,0.0,0.0,0.0,0.0,0.0,2267.66
5760_dose_750_gradient_0_VconcST_0_Vconc_0.9_run_2.csv,5760.0,750.0,0,0.9,0.0,0.9,2,5.5,0.0,0.0,0.0,0.0,0.0,0.0,36.2554
5760_dose_750_gradient_0_VconcST_0_Vconc_0.9_run_2.csv,5760.0,750.0,0,0.9,0.0,0.9,2,5.75,0.0,0.0,0.0,0.0,0.0,0.0,2255.01
5760_dose_750_gradient_0_VconcST_0_Vconc_0.9_run_2.csv,5760.0,750.0,0,0.9,0.0,0.9,2,6.0,0.0,0.0,0.0,0.0,0.0,0.0,35.3244
5760_dose_750_gradient_0_VconcST_0_Vconc_0.9_run_2.csv,5760.0,750.0,0,0.9,0.0,0.9,2,6.25,0.0,0.0,0.0,0.0,0.0,0.0,2257.01
5760_dose_750_gradient_0_VconcST_0_Vconc_0.9_run_2.csv,5760.0,750.0,0,0.9,0.0,0.9,2,6.5,0.0,0.0,0.0,0.0,0.0,0.0,37.019
5760_dose_750_gradient_0_VconcST_0_Vconc_0.9_run_2.csv,5760.0,750.0,0,0.9,0.0,0.9,2,6.75,0.0,0.0,0.0,0.0,0.0,0.0,2167.88
5760_dose_750_gradient_0_VconcST_0_Vconc_0.9_run_2.csv,5760.0,750.0,0,0.9,0.0,0.9,2,7.0,0.0,0.0,0.0,0.0,0.0,0.0,37.5241
5760_dose_750_gradient_0_VconcST_0_Vconc_0.9_run_2.csv,5760.0,750.0,0,0.9,0.0,0.9,2,7.25,0.0,0.0,0.0,0.0,0.0,0.0,2198.33
5760_dose_750_gradient_0_VconcST_0_Vconc_0.9_run_2.csv,5760.0,750.0,0,0.9,0.0,0.9,2,7.5,0.0,0.0,0.0,0.0,0.0,0.0,38.3541
5760_dose_750_gradient_0_VconcST_0_Vconc_0.9_run_2.csv,5760.0,750.0,0,0.9,0.0,0.9,2,7.75,0.0,0.0,0.0,0.0,0.0,0.0,2065.62
5760_dose_750_gradient_0_VconcST_0_Vconc_0.9_run_2.csv,5760.0,750.0,0,0.9,0.0,0.9,2,8.0,0.0,0.0,0.0,0.0,0.0,0.0,76.5119
5760_dose_750_gradient_0_VconcST_0_Vconc_0.9_run_2.csv,5760.0,750.0,0,0.9,0.0,0.9,2,8.25,0.0,0.0,0.0,0.0,0.0,0.0,2139.18
5760_dose_750_gradient_0_VconcST_0_Vconc_0.9_run_2.csv,5760.0,750.0,0,0.9,0.0,0.9,2,8.5,0.0,0.0,0.0,0.0,0.0,0.0,45.1433
5760_dose_750_gradient_0_VconcST_0_Vconc_0.9_run_2.csv,5760.0,750.0,0,0.9,0.0,0.9,2,8.75,0.0,0.0,0.0,0.0,0.0,0.0,2076.34
5760_dose_750_gradient_0_VconcST_0_Vconc_0.9_run_2.csv,5760.0,750.0,0,0.9,0.0,0.9,2,9.0,0.0,0.0,0.0,0.0,0.0,0.0,71.1323
5760_dose_750_gradient_0_VconcST_0_Vconc_0.9_run_2.csv,5760.0,750.0,0,0.9,0.0,0.9,2,9.25,0.0,0.0,0.0,0.0,0.0,0.0,2123.32
5760_dose_750_gradient_0_VconcST_0_Vconc_0.9_run_2.csv,5760.0,750.0,0,0.9,0.0,0.9,2,9.5,0.0,0.0,0.0,0.0,0.0,0.0,43.793
5760_dose_750_gradient_0_VconcST_0_Vconc_0.9_run_2.csv,5760.0,750.0,0,0.9,0.0,0.9,2,9.75,0.0,0.0,0.0,0.0,0.0,0.0,2118.86
5760_dose_750_gradient_0_VconcST_0_Vconc_0.9_run_2.csv,5760.0,750.0,0,0.9,0.0,0.9,2,10.0,0.0,0.0,0.0,0.0,0.0,0.0,70.4614
5760_dose_750_gradient_0_VconcST_0_Vconc_0.9_run_2.csv,5760.0,750.0,0,0.9,0.0,0.9,2,10.25,0.0,0.0,0.0,0.0,0.0,0.0,2080.2
5760_dose_750_gradient_0_VconcST_0_Vconc_0.9_run_2.csv,5760.0,750.0,0,0.9,0.0,0.9,2,10.5,0.0,0.0,0.0,0.0,0.0,0.0,93.4461
5760_dose_750_gradient_0_VconcST_0_Vconc_0.9_run_2.csv,5760.0,750.0,0,0.9,0.0,0.9,2,10.75,0.0,0.0,0.0,0.0,0.0,0.0,2074.2
5760_dose_750_gradient_0_VconcST_0_Vconc_0.9_run_2.csv,5760.0,750.0,0,0.9,0.0,0.9,2,11.0,0.0,0.0,0.0,0.0,0.0,0.0,133.655
5760_dose_750_gradient_0_VconcST_0_Vconc_0.9_run_2.csv,5760.0,750.0,0,0.9,0.0,0.9,2,11.25,0.0,0.0,0.0,0.0,0.0,0.0,2017.93
5760_dose_750_gradient_0_VconcST_0_Vconc_0.9_run_2.csv,5760.0,750.0,0,0.9,0.0,0.9,2,11.5,0.0,0.0,0.0,0.0,0.0,0.0,135.516
5760_dose_750_gradient_0_VconcST_0_Vconc_0.9_run_2.csv,5760.0,750.0,0,0.9,0.0,0.9,2,11.75,0.0,0.0,0.0,0.0,0.0,0.0,1994.55
5760_dose_750_gradient_0_VconcST_0_Vconc_0.9_run_2.csv,5760.0,750.0,0,0.9,0.0,0.9,2,12.0,0.0,0.0,0.0,0.0,0.0,0.0,163.354
5760_dose_750_gradient_0_VconcST_0_Vconc_0.9_run_2.csv,5760.0,750.0,0,0.9,0.0,0.9,2,12.25,0.0,0.0,0.0,0.0,0.0,0.0,2003.12
5760_dose_750_gradient_0_VconcST_0_Vconc_0.9_run_2.csv,5760.0,750.0,0,0.9,0.0,0.9,2,12.5,0.0,0.0,0.0,0.0,0.0,0.0,281.492
5760_dose_750_gradient_0_VconcST_0_Vconc_0.9_run_2.csv,5760.0,750.0,0,0.9,0.0,0.9,2,12.75,0.0,0.0,0.0,0.0,0.0,0.0,1882.51
5760_dose_750_gradient_0_VconcST_0_Vconc_0.9_run_2.csv,5760.0,750.0,0,0.9,0.0,0.9,2,13.0,0.0,0.0,0.0,0.0,0.0,0.0,341.949
5760_dose_750_gradient_0_VconcST_0_Vconc_0.9_run_2.csv,5760.0,750.0,0,0.9,0.0,0.9,2,13.25,0.0,0.0,0.0,0.0,0.0,0.0,1770.84
5760_dose_750_gradient_0_VconcST_0_Vconc_0.9_run_2.csv,5760.0,750.0,0,0.9,0.0,0.9,2,13.5,0.0,0.0,0.0,0.0,0.0,0.0,543.824
5760_dose_750_gradient_0_VconcST_0_Vconc_0.9_run_2.csv,5760.0,750.0,0,0.9,0.0,0.9,2,13.75,0.0,0.0,0.0,0.0,0.0,0.0,1662.85
5760_dose_750_gradient_0_VconcST_0_Vconc_0.9_run_2.csv,5760.0,750.0,0,0.9,0.0,0.9,2,14.0,0.0,0.0,0.0,0.0,0.0,0.0,620.369
5760_dose_750_gradient_0_VconcST_0_Vconc_0.9_run_2.csv,5760.0,750.0,0,0.9,0.0,0.9,2,14.25,0.0,0.0,0.0,0.0,0.0,0.0,1602.86
5760_dose_750_gradient_0_VconcST_0_Vconc_0.9_run_2.csv,5760.0,750.0,0,0.9,0.0,0.9,2,14.5,0.0,0.0,0.0,0.0,0.0,0.0,754.57
5760_dose_750_gradient_0_VconcST_0_Vconc_0.9_run_2.csv,5760.0,750.0,0,0.9,0.0,0.9,2,14.75,0.0,0.0,0.0,0.0,0.0,0.0,1508.93
5760_dose_750_gradient_0_VconcST_0_Vconc_0.9_run_2.csv,5760.0,750.0,0,0.9,0.0,0.9,2,15.0,0.0,0.0,0.0,0.0,0.0,0.0,1022.9
5760_dose_750_gradient_0_VconcST_0_Vconc_0.9_run_2.csv,5760.0,750.0,0,0.9,0.0,0.9,2,15.25,0.0,0.0,0.0,0.0,0.0,0.0,1341.13
5760_dose_750_gradient_0_VconcST_0_Vconc_0.9_run_2.csv,5760.0,750.0,0,0.9,0.0,0.9,2,15.5,0.0,0.0,0.0,0.0,0.0,0.0,1245.67
5760_dose_750_gradient_0_VconcST_0_Vconc_0.9_run_2.csv,5760.0,750.0,0,0.9,0.0,0.9,2,15.75,0.0,0.0,0.0,0.0,0.0101823,0.0,1350.79
5760_dose_750_gradient_0_VconcST_0_Vconc_0.9_run_2.csv,5760.0,750.0,0,0.9,0.0,0.9,2,16.0,0.0,0.0,0.0,0.0,0.0,0.0,1586.8
5760_dose_750_gradient_0_VconcST_0_Vconc_0.9_run_2.csv,5760.0,750.0,0,0.9,0.0,0.9,2,16.25,0.0,0.0,0.0,0.0,0.0194206,0.0,1385.03
5760_dose_750_gradient_0_VconcST_0_Vconc_0.9_run_2.csv,5760.0,750.0,0,0.9,0.0,0.9,2,16.5,0.0,0.0,0.0,0.0,0.00173828,0.0,1763.15
5760_dose_750_gradient_0_VconcST_0_Vconc_0.9_run_0.csv,5760.0,750.0,0,0.9,0.0,0.9,0,0.0,0.0,0.0,0.0,0.0,0.0,0.0,0.0
5760_dose_750_gradient_0_VconcST_0_Vconc_0.9_run_0.csv,5760.0,750.0,0,0.9,0.0,0.9,0,0.25,0.0,0.0,0.0,0.0,0.0,0.0,2446.4
5760_dose_750_gradient_0_VconcST_0_Vconc_0.9_run_0.csv,5760.0,750.0,0,0.9,0.0,0.9,0,0.5,0.0,0.0,0.0,0.0,0.0,0.0,32.309
5760_dose_750_gradient_0_VconcST_0_Vconc_0.9_run_0.csv,5760.0,750.0,0,0.9,0.0,0.9,0,0.75,0.0,0.0,0.0,0.0,0.0,0.0,2377.65
5760_dose_750_gradient_0_VconcST_0_Vconc_0.9_run_0.csv,5760.0,750.0,0,0.9,0.0,0.9,0,1.0,0.0,0.0,0.0,0.0,0.0,0.0,32.0428
5760_dose_750_gradient_0_VconcST_0_Vconc_0.9_run_0.csv,5760.0,750.0,0,0.9,0.0,0.9,0,1.25,0.0,0.0,0.0,0.0,0.0,0.0,2440.81
5760_dose_750_gradient_0_VconcST_0_Vconc_0.9_run_0.csv,5760.0,750.0,0,0.9,0.0,0.9,0,1.5,0.0,0.0,0.0,0.0,0.0,0.0,33.1443
5760_dose_750_gradient_0_VconcST_0_Vconc_0.9_run_0.csv,5760.0,750.0,0,0.9,0.0,0.9,0,1.75,0.0,0.0,0.0,0.0,0.0,0.0,2316.75
5760_dose_750_gradient_0_VconcST_0_Vconc_0.9_run_0.csv,5760.0,750.0,0,0.9,0.0,0.9,0,2.0,0.0,0.0,0.0,0.0,0.0,0.0,32.826
5760_dose_750_gradient_0_VconcST_0_Vconc_0.9_run_0.csv,5760.0,750.0,0,0.9,0.0,0.9,0,2.25,0.0,0.0,0.0,0.0,0.0,0.0,2332.95
5760_dose_750_gradient_0_VconcST_0_Vconc_0.9_run_0.csv,5760.0,750.0,0,0.9,0.0,0.9,0,2.5,0.0,0.0,0.0,0.0,0.0,0.0,32.3818
5760_dose_750_gradient_0_VconcST_0_Vconc_0.9_run_0.csv,5760.0,750.0,0,0.9,0.0,0.9,0,2.75,0.0,0.0,0.0,0.0,0.0,0.0,2269.96
5760_dose_750_gradient_0_VconcST_0_Vconc_0.9_run_0.csv,5760.0,750.0,0,0.9,0.0,0.9,0,3.0,0.0,0.0,0.0,0.0,0.0,0.0,34.2914
5760_dose_750_gradient_0_VconcST_0_Vconc_0.9_run_0.csv,5760.0,750.0,0,0.9,0.0,0.9,0,3.25,0.0,0.0,0.0,0.0,0.0,0.0,2288.68
5760_dose_750_gradient_0_VconcST_0_Vconc_0.9_run_0.csv,5760.0,750.0,0,0.9,0.0,0.9,0,3.5,0.0,0.0,0.0,0.0,0.0,0.0,33.9079
5760_dose_750_gradient_0_VconcST_0_Vconc_0.9_run_0.csv,5760.0,750.0,0,0.9,0.0,0.9,0,3.75,0.0,0.0,0.0,0.0,1.73611e-05,0.0,2330.97
5760_dose_750_gradient_0_VconcST_0_Vconc_0.9_run_0.csv,5760.0,750.0,0,0.9,0.0,0.9,0,4.0,0.0,0.0,0.0,0.0,0.0,0.0,34.6955
5760_dose_750_gradient_0_VconcST_0_Vconc_0.9_run_0.csv,5760.0,750.0,0,0.9,0.0,0.9,0,4.25,0.0,0.0,0.0,0.0,0.0,0.0,2293.18
5760_dose_750_gradient_0_VconcST_0_Vconc_0.9_run_0.csv,5760.0,750.0,0,0.9,0.0,0.9,0,4.5,0.0,0.0,0.0,0.0,0.0,0.0,33.9275
5760_dose_750_gradient_0_VconcST_0_Vconc_0.9_run_0.csv,5760.0,750.0,0,0.9,0.0,0.9,0,4.75,0.0,0.0,0.0,0.0,0.0,0.0,2250.46
5760_dose_750_gradient_0_VconcST_0_Vconc_0.9_run_0.csv,5760.0,750.0,0,0.9,0.0,0.9,0,5.0,0.0,0.0,0.0,0.0,0.0,0.0,36.3564
5760_dose_750_gradient_0_VconcST_0_Vconc_0.9_run_0.csv,5760.0,750.0,0,0.9,0.0,0.9,0,5.25,0.0,0.0,0.0,0.0,0.0,0.0,2181.37
5760_dose_750_gradient_0_VconcST_0_Vconc_0.9_run_0.csv,5760.0,750.0,0,0.9,0.0,0.9,0,5.5,0.0,0.0,0.0,0.0,0.0,0.0,37.6165
5760_dose_750_gradient_0_VconcST_0_Vconc_0.9_run_0.csv,5760.0,750.0,0,0.9,0.0,0.9,0,5.75,0.0,0.0,0.0,0.0,0.0,0.0,2298.13
5760_dose_750_gradient_0_VconcST_0_Vconc_0.9_run_0.csv,5760.0,750.0,0,0.9,0.0,0.9,0,6.0,0.0,0.0,0.0,0.0,0.0,0.0,37.7251
5760_dose_750_gradient_0_VconcST_0_Vconc_0.9_run_0.csv,5760.0,750.0,0,0.9,0.0,0.9,0,6.25,0.0,0.0,0.0,0.0,0.0,0.0,2126.97
5760_dose_750_gradient_0_VconcST_0_Vconc_0.9_run_0.csv,5760.0,750.0,0,0.9,0.0,0.9,0,6.5,0.0,0.0,0.0,0.0,0.0,0.0,37.8555
5760_dose_750_gradient_0_VconcST_0_Vconc_0.9_run_0.csv,5760.0,750.0,0,0.9,0.0,0.9,0,6.75,0.0,0.0,0.0,0.0,0.0,0.0,2192.86
5760_dose_750_gradient_0_VconcST_0_Vconc_0.9_run_0.csv,5760.0,750.0,0,0.9,0.0,0.9,0,7.0,0.0,0.0,0.0,0.0,0.0,0.0,37.4231
5760_dose_750_gradient_0_VconcST_0_Vconc_0.9_run_0.csv,5760.0,750.0,0,0.9,0.0,0.9,0,7.25,0.0,0.0,0.0,0.0,0.0,0.0,2148.45
5760_dose_750_gradient_0_VconcST_0_Vconc_0.9_run_0.csv,5760.0,750.0,0,0.9,0.0,0.9,0,7.5,0.0,0.0,0.0,0.0,0.0,0.0,38.9711
5760_dose_750_gradient_0_VconcST_0_Vconc_0.9_run_0.csv,5760.0,750.0,0,0.9,0.0,0.9,0,7.75,0.0,0.0,0.0,0.0,0.0,0.0,2119.21
5760_dose_750_gradient_0_VconcST_0_Vconc_0.9_run_0.csv,5760.0,750.0,0,0.9,0.0,0.9,0,8.0,0.0,0.0,0.0,0.0,0.0,0.0,47.432
5760_dose_750_gradient_0_VconcST_0_Vconc_0.9_run_0.csv,5760.0,750.0,0,0.9,0.0,0.9,0,8.25,0.0,0.0,0.0,0.0,0.0,0.0,2126.05
5760_dose_750_gradient_0_VconcST_0_Vconc_0.9_run_0.csv,5760.0,750.0,0,0.9,0.0,0.9,0,8.5,0.0,0.0,0.0,0.0,0.0,0.0,43.88
5760_dose_750_gradient_0_VconcST_0_Vconc_0.9_run_0.csv,5760.0,750.0,0,0.9,0.0,0.9,0,8.75,0.0,0.0,0.0,0.0,0.0,0.0,2051.26
5760_dose_750_gradient_0_VconcST_0_Vconc_0.9_run_0.csv,5760.0,750.0,0,0.9,0.0,0.9,0,9.0,0.0,0.0,0.0,0.0,0.0,0.0,54.4503
5760_dose_750_gradient_0_VconcST_0_Vconc_0.9_run_0.csv,5760.0,750.0,0,0.9,0.0,0.9,0,9.25,0.0,0.0,0.0,0.0,0.0,0.0,2063.6
5760_dose_750_gradient_0_VconcST_0_Vconc_0.9_run_0.csv,5760.0,750.0,0,0.9,0.0,0.9,0,9.5,0.0,0.0,0.0,0.0,0.0,0.0,142.857
5760_dose_750_gradient_0_VconcST_0_Vconc_0.9_run_0.csv,5760.0,750.0,0,0.9,0.0,0.9,0,9.75,0.0,0.0,0.0,0.0,0.0,0.0,2008.18
5760_dose_750_gradient_0_VconcST_0_Vconc_0.9_run_0.csv,5760.0,750.0,0,0.9,0.0,0.9,0,10.0,0.0,0.0,0.0,0.0,0.0,0.0,147.958
5760_dose_750_gradient_0_VconcST_0_Vconc_0.9_run_0.csv,5760.0,750.0,0,0.9,0.0,0.9,0,10.25,0.0,0.0,0.0,0.0,0.0,0.0,1933.21
5760_dose_750_gradient_0_VconcST_0_Vconc_0.9_run_0.csv,5760.0,750.0,0,0.9,0.0,0.9,0,10.5,0.0,0.0,0.0,0.0,0.0,0.0,169.766
5760_dose_750_gradient_0_VconcST_0_Vconc_0.9_run_0.csv,5760.0,750.0,0,0.9,0.0,0.9,0,10.75,0.0,0.0,0.0,0.0,0.0,0.0,1856.25
5760_dose_750_gradient_0_VconcST_0_Vconc_0.9_run_0.csv,5760.0,750.0,0,0.9,0.0,0.9,0,11.0,0.0,0.0,0.0,0.0,0.0,0.0,245.478
5760_dose_750_gradient_0_VconcST_0_Vconc_0.9_run_0.csv,5760.0,750.0,0,0.9,0.0,0.9,0,11.25,0.0,0.0,0.0,0.0,0.0,0.0,1848.26
5760_dose_750_gradient_0_VconcST_0_Vconc_0.9_run_0.csv,5760.0,750.0,0,0.9,0.0,0.9,0,11.5,0.0,0.0,0.0,0.0,0.0,0.0,279.791
5760_dose_750_gradient_0_VconcST_0_Vconc_0.9_run_0.csv,5760.0,750.0,0,0.9,0.0,0.9,0,11.75,0.0,0.0,0.0,0.0,0.0,0.0,1832.59
5760_dose_750_gradient_0_VconcST_0_Vconc_0.9_run_0.csv,5760.0,750.0,0,0.9,0.0,0.9,0,12.0,0.0,0.0,0.0,0.0,0.0,0.0,334.53
5760_dose_750_gradient_0_VconcST_0_Vconc_0.9_run_0.csv,5760.0,750.0,0,0.9,0.0,0.9,0,12.25,0.0,0.0,0.0,0.0,0.0,0.0,1744.89
5760_dose_750_gradient_0_VconcST_0_Vconc_0.9_run_0.csv,5760.0,750.0,0,0.9,0.0,0.9,0,12.5,0.0,0.0,0.0,0.0,0.0,0.0,431.029
5760_dose_750_gradient_0_VconcST_0_Vconc_0.9_run_0.csv,5760.0,750.0,0,0.9,0.0,0.9,0,12.75,0.0,0.0,0.0,0.0,0.0,0.0,1645.8
5760_dose_750_gradient_0_VconcST_0_Vconc_0.9_run_0.csv,5760.0,750.0,0,0.9,0.0,0.9,0,13.0,0.0,0.0,0.0,0.0,0.0,0.0,520.362
5760_dose_750_gradient_0_VconcST_0_Vconc_0.9_run_0.csv,5760.0,750.0,0,0.9,0.0,0.9,0,13.25,0.0,0.0,0.0,0.0,0.0,0.0,1598.83
5760_dose_750_gradient_0_VconcST_0_Vconc_0.9_run_0.csv,5760.0,750.0,0,0.9,0.0,0.9,0,13.5,0.0,0.0,0.0,0.0,0.0,0.0,641.95
5760_dose_750_gradient_0_VconcST_0_Vconc_0.9_run_0.csv,5760.0,750.0,0,0.9,0.0,0.9,0,13.75,0.0,0.0,0.0,0.0,0.0,0.0,1510.27
5760_dose_750_gradient_0_VconcST_0_Vconc_0.9_run_0.csv,5760.0,750.0,0,0.9,0.0,0.9,0,14.0,0.0,0.0,0.0,0.0,0.0,0.0,736.481
5760_dose_750_gradient_0_VconcST_0_Vconc_0.9_run_0.csv,5760.0,750.0,0,0.9,0.0,0.9,0,14.25,0.0,0.0,0.0,0.0,0.0,0.0,1446.81
5760_dose_750_gradient_0_VconcST_0_Vconc_0.9_run_0.csv,5760.0,750.0,0,0.9,0.0,0.9,0,14.5,0.0,0.0,0.0,0.0,0.0,0.0,735.817
5760_dose_750_gradient_0_VconcST_0_Vconc_0.9_run_0.csv,5760.0,750.0,0,0.9,0.0,0.9,0,14.75,0.0,0.0,0.0,0.0,0.0,0.0,1405.62
5760_dose_750_gradient_0_VconcST_0_Vconc_0.9_run_0.csv,5760.0,750.0,0,0.9,0.0,0.9,0,15.0,0.0,0.0,0.0,0.0,0.0,0.0,833.557
5760_dose_750_gradient_0_VconcST_0_Vconc_0.9_run_0.csv,5760.0,750.0,0,0.9,0.0,0.9,0,15.25,0.0,0.0,0.0,0.0,0.0,0.0,1358.52
5760_dose_750_gradient_0_VconcST_0_Vconc_0.9_run_0.csv,5760.0,750.0,0,0.9,0.0,0.9,0,15.5,0.0,0.0,0.0,0.0,0.0,0.0,1071.31
5760_dose_750_gradient_0_VconcST_0_Vconc_0.9_run_0.csv,5760.0,750.0,0,0.9,0.0,0.9,0,15.75,0.0,0.0,0.0,0.0,0.0,0.0,1311.48
5760_dose_750_gradient_0_VconcST_0_Vconc_0.9_run_0.csv,5760.0,750.0,0,0.9,0.0,0.9,0,16.0,0.0,0.0,0.0,0.0,0.0,0.0,1232.71
5760_dose_750_gradient_0_VconcST_0_Vconc_0.9_run_0.csv,5760.0,750.0,0,0.9,0.0,0.9,0,16.25,0.0,0.0,0.0,0.0,0.00439236,0.0,1145.86
5760_dose_750_gradient_0_VconcST_0_Vconc_0.9_run_0.csv,5760.0,750.0,0,0.9,0.0,0.9,0,16.5,0.0,0.0,0.0,0.0,0.0,0.0,1499.25
5760_dose_800_gradient_0_VconcST_0_Vconc_0.9_run_1.csv,5760.0,800.0,0,0.9,0.0,0.9,1,0.0,0.0,0.0,0.0,0.0,0.0,0.0,0.0
5760_dose_800_gradient_0_VconcST_0_Vconc_0.9_run_1.csv,5760.0,800.0,0,0.9,0.0,0.9,1,0.25,0.0,0.0,0.0,0.0,0.0,0.0,2465.95
5760_dose_800_gradient_0_VconcST_0_Vconc_0.9_run_1.csv,5760.0,800.0,0,0.9,0.0,0.9,1,0.5,0.0,0.0,0.0,0.0,0.0,0.0,32.2449
5760_dose_800_gradient_0_VconcST_0_Vconc_0.9_run_1.csv,5760.0,800.0,0,0.9,0.0,0.9,1,0.75,0.0,0.0,0.0,0.0,0.0,0.0,2367.45
5760_dose_800_gradient_0_VconcST_0_Vconc_0.9_run_1.csv,5760.0,800.0,0,0.9,0.0,0.9,1,1.0,0.0,0.0,0.0,0.0,0.0,0.0,31.7778
5760_dose_800_gradient_0_VconcST_0_Vconc_0.9_run_1.csv,5760.0,800.0,0,0.9,0.0,0.9,1,1.25,0.0,0.0,0.0,0.0,0.0,0.0,2367.58
5760_dose_800_gradient_0_VconcST_0_Vconc_0.9_run_1.csv,5760.0,800.0,0,0.9,0.0,0.9,1,1.5,0.0,0.0,0.0,0.0,0.0,0.0,32.4741
5760_dose_800_gradient_0_VconcST_0_Vconc_0.9_run_1.csv,5760.0,800.0,0,0.9,0.0,0.9,1,1.75,0.0,0.0,0.0,0.0,0.0,0.0,2412.37
5760_dose_800_gradient_0_VconcST_0_Vconc_0.9_run_1.csv,5760.0,800.0,0,0.9,0.0,0.9,1,2.0,0.0,0.0,0.0,0.0,0.0,0.0,32.2058
5760_dose_800_gradient_0_VconcST_0_Vconc_0.9_run_1.csv,5760.0,800.0,0,0.9,0.0,0.9,1,2.25,0.0,0.0,0.0,0.0,0.0,0.0,2312.58
5760_dose_800_gradient_0_VconcST_0_Vconc_0.9_run_1.csv,5760.0,800.0,0,0.9,0.0,0.9,1,2.5,0.0,0.0,0.0,0.0,0.0,0.0,32.5664
5760_dose_800_gradient_0_VconcST_0_Vconc_0.9_run_1.csv,5760.0,800.0,0,0.9,0.0,0.9,1,2.75,0.0,0.0,0.0,0.0,0.0,0.0,2259.88
5760_dose_800_gradient_0_VconcST_0_Vconc_0.9_run_1.csv,5760.0,800.0,0,0.9,0.0,0.9,1,3.0,0.0,0.0,0.0,0.0,0.0,0.0,33.0444
5760_dose_800_gradient_0_VconcST_0_Vconc_0.9_run_1.csv,5760.0,800.0,0,0.9,0.0,0.9,1,3.25,0.0,0.0,0.0,0.0,0.0,0.0,2301.82
5760_dose_800_gradient_0_VconcST_0_Vconc_0.9_run_1.csv,5760.0,800.0,0,0.9,0.0,0.9,1,3.5,0.0,0.0,0.0,0.0,0.0,0.0,32.6544
5760_dose_800_gradient_0_VconcST_0_Vconc_0.9_run_1.csv,5760.0,800.0,0,0.9,0.0,0.9,1,3.75,0.0,0.0,0.0,0.0,0.0,0.0,2298.73
5760_dose_800_gradient_0_VconcST_0_Vconc_0.9_run_1.csv,5760.0,800.0,0,0.9,0.0,0.9,1,4.0,0.0,0.0,0.0,0.0,0.0,0.0,33.5723
5760_dose_800_gradient_0_VconcST_0_Vconc_0.9_run_1.csv,5760.0,800.0,0,0.9,0.0,0.9,1,4.25,0.0,0.0,0.0,0.0,0.000598958,0.0,2309.34
5760_dose_800_gradient_0_VconcST_0_Vconc_0.9_run_1.csv,5760.0,800.0,0,0.9,0.0,0.9,1,4.5,0.0,0.0,0.0,0.0,0.0,0.0,32.9694
5760_dose_800_gradient_0_VconcST_0_Vconc_0.9_run_1.csv,5760.0,800.0,0,0.9,0.0,0.9,1,4.75,0.0,0.0,0.0,0.0,0.0,0.0,2217.29
5760_dose_800_gradient_0_VconcST_0_Vconc_0.9_run_1.csv,5760.0,800.0,0,0.9,0.0,0.9,1,5.0,0.0,0.0,0.0,0.0,0.0,0.0,35.3103
5760_dose_800_gradient_0_VconcST_0_Vconc_0.9_run_1.csv,5760.0,800.0,0,0.9,0.0,0.9,1,5.25,0.0,0.0,0.0,0.0,0.0,0.0,2223.75
5760_dose_800_gradient_0_VconcST_0_Vconc_0.9_run_1.csv,5760.0,800.0,0,0.9,0.0,0.9,1,5.5,0.0,0.0,0.0,0.0,0.0,0.0,37.8902
5760_dose_800_gradient_0_VconcST_0_Vconc_0.9_run_1.csv,5760.0,800.0,0,0.9,0.0,0.9,1,5.75,0.0,0.0,0.0,0.0,0.0,0.0,2200.09
5760_dose_800_gradient_0_VconcST_0_Vconc_0.9_run_1.csv,5760.0,800.0,0,0.9,0.0,0.9,1,6.0,0.0,0.0,0.0,0.0,0.0,0.0,38.8082
5760_dose_800_gradient_0_VconcST_0_Vconc_0.9_run_1.csv,5760.0,800.0,0,0.9,0.0,0.9,1,6.25,0.0,0.0,0.0,0.0,0.0,0.0,2204.52
5760_dose_800_gradient_0_VconcST_0_Vconc_0.9_run_1.csv,5760.0,800.0,0,0.9,0.0,0.9,1,6.5,0.0,0.0,0.0,0.0,0.0,0.0,37.6458
5760_dose_800_gradient_0_VconcST_0_Vconc_0.9_run_1.csv,5760.0,800.0,0,0.9,0.0,0.9,1,6.75,0.0,0.0,0.0,0.0,0.0,0.0,2188.95
5760_dose_800_gradient_0_VconcST_0_Vconc_0.9_run_1.csv,5760.0,800.0,0,0.9,0.0,0.9,1,7.0,0.0,0.0,0.0,0.0,0.0,0.0,44.977
5760_dose_800_gradient_0_VconcST_0_Vconc_0.9_run_1.csv,5760.0,800.0,0,0.9,0.0,0.9,1,7.25,0.0,0.0,0.0,0.0,0.0,0.0,2163.45
5760_dose_800_gradient_0_VconcST_0_Vconc_0.9_run_1.csv,5760.0,800.0,0,0.9,0.0,0.9,1,7.5,0.0,0.0,0.0,0.0,0.0,0.0,46.7962
5760_dose_800_gradient_0_VconcST_0_Vconc_0.9_run_1.csv,5760.0,800.0,0,0.9,0.0,0.9,1,7.75,0.0,0.0,0.0,0.0,0.000902778,0.0,2186.15
5760_dose_800_gradient_0_VconcST_0_Vconc_0.9_run_1.csv,5760.0,800.0,0,0.9,0.0,0.9,1,8.0,0.0,0.0,0.0,0.0,0.0,0.0,63.7942
5760_dose_800_gradient_0_VconcST_0_Vconc_0.9_run_1.csv,5760.0,800.0,0,0.9,0.0,0.9,1,8.25,0.0,0.0,0.0,0.0,0.0,0.0,2151.78
5760_dose_800_gradient_0_VconcST_0_Vconc_0.9_run_1.csv,5760.0,800.0,0,0.9,0.0,0.9,1,8.5,0.0,0.0,0.0,0.0,0.0,0.0,63.7107
5760_dose_800_gradient_0_VconcST_0_Vconc_0.9_run_1.csv,5760.0,800.0,0,0.9,0.0,0.9,1,8.75,0.0,0.0,0.0,0.0,0.0,0.0,2181.19
5760_dose_800_gradient_0_VconcST_0_Vconc_0.9_run_1.csv,5760.0,800.0,0,0.9,0.0,0.9,1,9.0,0.0,0.0,0.0,0.0,0.0,0.0,92.0512
5760_dose_800_gradient_0_VconcST_0_Vconc_0.9_run_1.csv,5760.0,800.0,0,0.9,0.0,0.9,1,9.25,0.0,0.0,0.0,0.0,0.0,0.0,2087.1
5760_dose_800_gradient_0_VconcST_0_Vconc_0.9_run_1.csv,5760.0,800.0,0,0.9,0.0,0.9,1,9.5,0.0,0.0,0.0,0.0,0.0,0.0,136.496
5760_dose_800_gradient_0_VconcST_0_Vconc_0.9_run_1.csv,5760.0,800.0,0,0.9,0.0,0.9,1,9.75,0.0,0.0,0.0,0.0,0.0,0.0,2074.1
5760_dose_800_gradient_0_VconcST_0_Vconc_0.9_run_1.csv,5760.0,800.0,0,0.9,0.0,0.9,1,10.0,0.0,0.0,0.0,0.0,0.0,0.0,164.9
5760_dose_800_gradient_0_VconcST_0_Vconc_0.9_run_1.csv,5760.0,800.0,0,0.9,0.0,0.9,1,10.25,0.0,0.0,0.0,0.0,0.0,0.0,1952.59
5760_dose_800_gradient_0_VconcST_0_Vconc_0.9_run_1.csv,5760.0,800.0,0,0.9,0.0,0.9,1,10.5,0.0,0.0,0.0,0.0,0.0,0.0,317.536
5760_dose_800_gradient_0_VconcST_0_Vconc_0.9_run_1.csv,5760.0,800.0,0,0.9,0.0,0.9,1,10.75,0.0,0.0,0.0,0.0,0.0,0.0,1945.5
5760_dose_800_gradient_0_VconcST_0_Vconc_0.9_run_1.csv,5760.0,800.0,0,0.9,0.0,0.9,1,11.0,0.0,0.0,0.0,0.0,0.0,0.0,345.921
5760_dose_800_gradient_0_VconcST_0_Vconc_0.9_run_1.csv,5760.0,800.0,0,0.9,0.0,0.9,1,11.25,0.0,0.0,0.0,0.0,0.00719401,0.0,1978.93
5760_dose_800_gradient_0_VconcST_0_Vconc_0.9_run_1.csv,5760.0,800.0,0,0.9,0.0,0.9,1,11.5,0.0,0.0,0.0,0.0,0.0,0.0,504.273
5760_dose_800_gradient_0_VconcST_0_Vconc_0.9_run_1.csv,5760.0,800.0,0,0.9,0.0,0.9,1,11.75,0.0,0.0,0.0,0.0,0.0114844,0.0,1738.69
5760_dose_800_gradient_0_VconcST_0_Vconc_0.9_run_1.csv,5760.0,800.0,0,0.9,0.0,0.9,1,12.0,0.0,0.0,0.0,0.0,0.0,0.0,640.159
5760_dose_800_gradient_0_VconcST_0_Vconc_0.9_run_1.csv,5760.0,800.0,0,0.9,0.0,0.9,1,12.25,0.0,0.0,0.0,0.0,0.0,0.0,1817.8
5760_dose_800_gradient_0_VconcST_0_Vconc_0.9_run_1.csv,5760.0,800.0,0,0.9,0.0,0.9,1,12.5,0.0,0.0,0.0,0.0,0.0,0.0,752.059
5760_dose_800_gradient_0_VconcST_0_Vconc_0.9_run_1.csv,5760.0,800.0,0,0.9,0.0,0.9,1,12.75,0.0,0.0,0.0,0.0,0.0193229,0.0,1638.88
5760_dose_800_gradient_0_VconcST_0_Vconc_0.9_run_1.csv,5760.0,800.0,0,0.9,0.0,0.9,1,13.0,0.0,0.0,0.0,0.0,0.000850694,0.0,1148.97
5760_dose_800_gradient_0_VconcST_0_Vconc_0.9_run_1.csv,5760.0,800.0,0,0.9,0.0,0.9,1,13.25,0.0,0.0,0.0,0.0,0.03875,0.0,1705.11
5760_dose_800_gradient_0_VconcST_0_Vconc_0.9_run_1.csv,5760.0,800.0,0,0.9,0.0,0.9,1,13.5,0.0,0.0,0.0,0.0,0.0103537,0.0,1958.77
5760_dose_800_gradient_0_VconcST_0_Vconc_0.9_run_1.csv,5760.0,800.0,0,0.9,0.0,0.9,1,13.75,0.0,0.0,0.0,0.0,0.0758832,0.0,2360.05
5760_dose_800_gradient_0_VconcST_0_Vconc_0.9_run_1.csv,5760.0,800.0,0,0.9,0.0,0.9,1,14.0,0.0,0.0,0.0,0.0,0.163075,0.0,2525.46
5760_dose_800_gradient_0_VconcST_0_Vconc_0.9_run_1.csv,5760.0,800.0,0,0.9,0.0,0.9,1,14.25,0.0,0.0,0.0,0.0,0.285228,0.0,2540.46
5760_dose_800_gradient_0_VconcST_0_Vconc_0.9_run_1.csv,5760.0,800.0,0,0.9,0.0,0.9,1,14.5,0.0,0.0,0.0,0.0,0.41947,0.0,2515.44
5760_dose_800_gradient_0_VconcST_0_Vconc_0.9_run_1.csv,5760.0,800.0,0,0.9,0.0,0.9,1,14.75,0.0,0.0,0.0,0.0,0.597743,0.0,2524.41
5760_dose_800_gradient_0_VconcST_0_Vconc_0.9_run_1.csv,5760.0,800.0,0,0.9,0.0,0.9,1,15.0,0.0,0.0,0.0,0.0,0.759275,0.0,2548.46
5760_dose_800_gradient_0_VconcST_0_Vconc_0.9_run_1.csv,5760.0,800.0,0,0.9,0.0,0.9,1,15.25,0.0,0.0,0.0,0.0,0.902083,0.0,2601.42
5760_dose_800_gradient_0_VconcST_0_Vconc_0.9_run_1.csv,5760.0,800.0,0,0.9,0.0,0.9,1,15.5,0.0,0.0,0.0,0.0,1.0,0.0,2553.51
5760_dose_800_gradient_0_VconcST_0_Vconc_0.9_run_1.csv,5760.0,800.0,0,0.9,0.0,0.9,1,15.75,0.0,0.0,0.0,0.0,1.0,0.0,2564.36
5760_dose_800_gradient_0_VconcST_0_Vconc_0.9_run_1.csv,5760.0,800.0,0,0.9,0.0,0.9,1,16.0,0.0,0.0,0.0,0.0,1.0,0.0,2495.87
5760_dose_800_gradient_0_VconcST_0_Vconc_0.9_run_1.csv,5760.0,800.0,0,0.9,0.0,0.9,1,16.25,0.0,0.0,0.0,0.0,1.0,0.0,2452.41
5760_dose_800_gradient_0_VconcST_0_Vconc_0.9_run_1.csv,5760.0,800.0,0,0.9,0.0,0.9,1,16.5,0.0,0.0,0.0,0.0,1.0,0.0,2499.72
5760_dose_800_gradient_0_VconcST_0_Vconc_0.9_run_0.csv,5760.0,800.0,0,0.9,0.0,0.9,0,0.0,0.0,0.0,0.0,0.0,0.0,0.0,0.0
5760_dose_800_gradient_0_VconcST_0_Vconc_0.9_run_0.csv,5760.0,800.0,0,0.9,0.0,0.9,0,0.25,0.0,0.0,0.0,0.0,0.0,0.0,2382.55
5760_dose_800_gradient_0_VconcST_0_Vconc_0.9_run_0.csv,5760.0,800.0,0,0.9,0.0,0.9,0,0.5,0.0,0.0,0.0,0.0,0.0,0.0,31.7593
5760_dose_800_gradient_0_VconcST_0_Vconc_0.9_run_0.csv,5760.0,800.0,0,0.9,0.0,0.9,0,0.75,0.0,0.0,0.0,0.0,0.0,0.0,2482.93
5760_dose_800_gradient_0_VconcST_0_Vconc_0.9_run_0.csv,5760.0,800.0,0,0.9,0.0,0.9,0,1.0,0.0,0.0,0.0,0.0,0.0,0.0,32.4643
5760_dose_800_gradient_0_VconcST_0_Vconc_0.9_run_0.csv,5760.0,800.0,0,0.9,0.0,0.9,0,1.25,0.0,0.0,0.0,0.0,0.0,0.0,2461.35
5760_dose_800_gradient_0_VconcST_0_Vconc_0.9_run_0.csv,5760.0,800.0,0,0.9,0.0,0.9,0,1.5,0.0,0.0,0.0,0.0,0.0,0.0,32.2025
5760_dose_800_gradient_0_VconcST_0_Vconc_0.9_run_0.csv,5760.0,800.0,0,0.9,0.0,0.9,0,1.75,0.0,0.0,0.0,0.0,0.0,0.0,2414.79
5760_dose_800_gradient_0_VconcST_0_Vconc_0.9_run_0.csv,5760.0,800.0,0,0.9,0.0,0.9,0,2.0,0.0,0.0,0.0,0.0,0.0,0.0,32.0385
5760_dose_800_gradient_0_VconcST_0_Vconc_0.9_run_0.csv,5760.0,800.0,0,0.9,0.0,0.9,0,2.25,0.0,0.0,0.0,0.0,0.0,0.0,2264.98
5760_dose_800_gradient_0_VconcST_0_Vconc_0.9_run_0.csv,5760.0,800.0,0,0.9,0.0,0.9,0,2.5,0.0,0.0,0.0,0.0,0.0,0.0,33.052
5760_dose_800_gradient_0_VconcST_0_Vconc_0.9_run_0.csv,5760.0,800.0,0,0.9,0.0,0.9,0,2.75,0.0,0.0,0.0,0.0,0.0,0.0,2274.62
5760_dose_800_gradient_0_VconcST_0_Vconc_0.9_run_0.csv,5760.0,800.0,0,0.9,0.0,0.9,0,3.0,0.0,0.0,0.0,0.0,0.0,0.0,33.6472
5760_dose_800_gradient_0_VconcST_0_Vconc_0.9_run_0.csv,5760.0,800.0,0,0.9,0.0,0.9,0,3.25,0.0,0.0,0.0,0.0,0.0,0.0,2331.72
5760_dose_800_gradient_0_VconcST_0_Vconc_0.9_run_0.csv,5760.0,800.0,0,0.9,0.0,0.9,0,3.5,0.0,0.0,0.0,0.0,0.0,0.0,32.1612
5760_dose_800_gradient_0_VconcST_0_Vconc_0.9_run_0.csv,5760.0,800.0,0,0.9,0.0,0.9,0,3.75,0.0,0.0,0.0,0.0,0.0,0.0,2323.37
5760_dose_800_gradient_0_VconcST_0_Vconc_0.9_run_0.csv,5760.0,800.0,0,0.9,0.0,0.9,0,4.0,0.0,0.0,0.0,0.0,0.0,0.0,33.2117
5760_dose_800_gradient_0_VconcST_0_Vconc_0.9_run_0.csv,5760.0,800.0,0,0.9,0.0,0.9,0,4.25,0.0,0.0,0.0,0.0,0.0003125,0.0,2328.19
5760_dose_800_gradient_0_VconcST_0_Vconc_0.9_run_0.csv,5760.0,800.0,0,0.9,0.0,0.9,0,4.5,0.0,0.0,0.0,0.0,0.0,0.0,35.2191
5760_dose_800_gradient_0_VconcST_0_Vconc_0.9_run_0.csv,5760.0,800.0,0,0.9,0.0,0.9,0,4.75,0.0,0.0,0.0,0.0,0.0,0.0,2234.66
5760_dose_800_gradient_0_VconcST_0_Vconc_0.9_run_0.csv,5760.0,800.0,0,0.9,0.0,0.9,0,5.0,0.0,0.0,0.0,0.0,0.0,0.0,34.7292
5760_dose_800_gradient_0_VconcST_0_Vconc_0.9_run_0.csv,5760.0,800.0,0,0.9,0.0,0.9,0,5.25,0.0,0.0,0.0,0.0,0.0,0.0,2377.8
5760_dose_800_gradient_0_VconcST_0_Vconc_0.9_run_0.csv,5760.0,800.0,0,0.9,0.0,0.9,0,5.5,0.0,0.0,0.0,0.0,0.0,0.0,33.7787
5760_dose_800_gradient_0_VconcST_0_Vconc_0.9_run_0.csv,5760.0,800.0,0,0.9,0.0,0.9,0,5.75,0.0,0.0,0.0,0.0,0.0,0.0,2151.34
5760_dose_800_gradient_0_VconcST_0_Vconc_0.9_run_0.csv,5760.0,800.0,0,0.9,0.0,0.9,0,6.0,0.0,0.0,0.0,0.0,0.0,0.0,36.3846
5760_dose_800_gradient_0_VconcST_0_Vconc_0.9_run_0.csv,5760.0,800.0,0,0.9,0.0,0.9,0,6.25,0.0,0.0,0.0,0.0,0.0,0.0,2206.73
5760_dose_800_gradient_0_VconcST_0_Vconc_0.9_run_0.csv,5760.0,800.0,0,0.9,0.0,0.9,0,6.5,0.0,0.0,0.0,0.0,0.0,0.0,35.6742
5760_dose_800_gradient_0_VconcST_0_Vconc_0.9_run_0.csv,5760.0,800.0,0,0.9,0.0,0.9,0,6.75,0.0,0.0,0.0,0.0,0.0,0.0,2196.92
5760_dose_800_gradient_0_VconcST_0_Vconc_0.9_run_0.csv,5760.0,800.0,0,0.9,0.0,0.9,0,7.0,0.0,0.0,0.0,0.0,0.0,0.0,39.8151
5760_dose_800_gradient_0_VconcST_0_Vconc_0.9_run_0.csv,5760.0,800.0,0,0.9,0.0,0.9,0,7.25,0.0,0.0,0.0,0.0,0.0,0.0,2217.39
5760_dose_800_gradient_0_VconcST_0_Vconc_0.9_run_0.csv,5760.0,800.0,0,0.9,0.0,0.9,0,7.5,0.0,0.0,0.0,0.0,0.0,0.0,36.339
5760_dose_800_gradient_0_VconcST_0_Vconc_0.9_run_0.csv,5760.0,800.0,0,0.9,0.0,0.9,0,7.75,0.0,0.0,0.0,0.0,0.0,0.0,2157.77
5760_dose_800_gradient_0_VconcST_0_Vconc_0.9_run_0.csv,5760.0,800.0,0,0.9,0.0,0.9,0,8.0,0.0,0.0,0.0,0.0,0.0,0.0,38.2596
5760_dose_800_gradient_0_VconcST_0_Vconc_0.9_run_0.csv,5760.0,800.0,0,0.9,0.0,0.9,0,8.25,0.0,0.0,0.0,0.0,0.000729167,0.0,2182.34
5760_dose_800_gradient_0_VconcST_0_Vconc_0.9_run_0.csv,5760.0,800.0,0,0.9,0.0,0.9,0,8.5,0.0,0.0,0.0,0.0,0.0,0.0,72.7026
5760_dose_800_gradient_0_VconcST_0_Vconc_0.9_run_0.csv,5760.0,800.0,0,0.9,0.0,0.9,0,8.75,0.0,0.0,0.0,0.0,0.0,0.0,2166.42
5760_dose_800_gradient_0_VconcST_0_Vconc_0.9_run_0.csv,5760.0,800.0,0,0.9,0.0,0.9,0,9.0,0.0,0.0,0.0,0.0,0.0,0.0,39.889
5760_dose_800_gradient_0_VconcST_0_Vconc_0.9_run_0.csv,5760.0,800.0,0,0.9,0.0,0.9,0,9.25,0.0,0.0,0.0,0.0,0.0,0.0,2040.55
5760_dose_800_gradient_0_VconcST_0_Vconc_0.9_run_0.csv,5760.0,800.0,0,0.9,0.0,0.9,0,9.5,0.0,0.0,0.0,0.0,0.0,0.0,114.696
5760_dose_800_gradient_0_VconcST_0_Vconc_0.9_run_0.csv,5760.0,800.0,0,0.9,0.0,0.9,0,9.75,0.0,0.0,0.0,0.0,0.0,0.0,2033.44
5760_dose_800_gradient_0_VconcST_0_Vconc_0.9_run_0.csv,5760.0,800.0,0,0.9,0.0,0.9,0,10.0,0.0,0.0,0.0,0.0,0.0,0.0,125.984
5760_dose_800_gradient_0_VconcST_0_Vconc_0.9_run_0.csv,5760.0,800.0,0,0.9,0.0,0.9,0,10.25,0.0,0.0,0.0,0.0,0.0,0.0,1984.15
5760_dose_800_gradient_0_VconcST_0_Vconc_0.9_run_0.csv,5760.0,800.0,0,0.9,0.0,0.9,0,10.5,0.0,0.0,0.0,0.0,0.0,0.0,168.097
5760_dose_800_gradient_0_VconcST_0_Vconc_0.9_run_0.csv,5760.0,800.0,0,0.9,0.0,0.9,0,10.75,0.0,0.0,0.0,0.0,0.0,0.0,1979.36
5760_dose_800_gradient_0_VconcST_0_Vconc_0.9_run_0.csv,5760.0,800.0,0,0.9,0.0,0.9,0,11.0,0.0,0.0,0.0,0.0,0.0,0.0,199.338
5760_dose_800_gradient_0_VconcST_0_Vconc_0.9_run_0.csv,5760.0,800.0,0,0.9,0.0,0.9,0,11.25,0.0,0.0,0.0,0.0,0.0,0.0,1996.86
5760_dose_800_gradient_0_VconcST_0_Vconc_0.9_run_0.csv,5760.0,800.0,0,0.9,0.0,0.9,0,11.5,0.0,0.0,0.0,0.0,0.0,0.0,222.693
5760_dose_800_gradient_0_VconcST_0_Vconc_0.9_run_0.csv,5760.0,800.0,0,0.9,0.0,0.9,0,11.75,0.0,0.0,0.0,0.0,0.0,0.0,1953.05
5760_dose_800_gradient_0_VconcST_0_Vconc_0.9_run_0.csv,5760.0,800.0,0,0.9,0.0,0.9,0,12.0,0.0,0.0,0.0,0.0,0.0,0.0,310.583
5760_dose_800_gradient_0_VconcST_0_Vconc_0.9_run_0.csv,5760.0,800.0,0,0.9,0.0,0.9,0,12.25,0.0,0.0,0.0,0.0,0.0,0.0,1915.82
5760_dose_800_gradient_0_VconcST_0_Vconc_0.9_run_0.csv,5760.0,800.0,0,0.9,0.0,0.9,0,12.5,0.0,0.0,0.0,0.0,0.0,0.0,354.325
5760_dose_800_gradient_0_VconcST_0_Vconc_0.9_run_0.csv,5760.0,800.0,0,0.9,0.0,0.9,0,12.75,0.0,0.0,0.0,0.0,0.0,0.0,1819.43
5760_dose_800_gradient_0_VconcST_0_Vconc_0.9_run_0.csv,5760.0,800.0,0,0.9,0.0,0.9,0,13.0,0.0,0.0,0.0,0.0,0.0,0.0,442.678
5760_dose_800_gradient_0_VconcST_0_Vconc_0.9_run_0.csv,5760.0,800.0,0,0.9,0.0,0.9,0,13.25,0.0,0.0,0.0,0.0,0.0,0.0,1705.67
5760_dose_800_gradient_0_VconcST_0_Vconc_0.9_run_0.csv,5760.0,800.0,0,0.9,0.0,0.9,0,13.5,0.0,0.0,0.0,0.0,0.0,0.0,626.38
5760_dose_800_gradient_0_VconcST_0_Vconc_0.9_run_0.csv,5760.0,800.0,0,0.9,0.0,0.9,0,13.75,0.0,0.0,0.0,0.0,0.0,0.0,1675.34
5760_dose_800_gradient_0_VconcST_0_Vconc_0.9_run_0.csv,5760.0,800.0,0,0.9,0.0,0.9,0,14.0,0.0,0.0,0.0,0.0,0.0,0.0,833.547
5760_dose_800_gradient_0_VconcST_0_Vconc_0.9_run_0.csv,5760.0,800.0,0,0.9,0.0,0.9,0,14.25,0.0,0.0,0.0,0.0,0.0111784,0.0,1580.44
5760_dose_800_gradient_0_VconcST_0_Vconc_0.9_run_0.csv,5760.0,800.0,0,0.9,0.0,0.9,0,14.5,0.0,0.0,0.0,0.0,0.0,0.0,1042.96
5760_dose_800_gradient_0_VconcST_0_Vconc_0.9_run_0.csv,5760.0,800.0,0,0.9,0.0,0.9,0,14.75,0.0,0.0,0.0,0.0,0.0166949,0.0,1411.54
5760_dose_800_gradient_0_VconcST_0_Vconc_0.9_run_0.csv,5760.0,800.0,0,0.9,0.0,0.9,0,15.0,0.0,0.0,0.0,0.0,0.0,0.0,1235.98
5760_dose_800_gradient_0_VconcST_0_Vconc_0.9_run_0.csv,5760.0,800.0,0,0.9,0.0,0.9,0,15.25,0.0,0.0,0.0,0.0,0.0249588,0.0,1379.19
5760_dose_800_gradient_0_VconcST_0_Vconc_0.9_run_0.csv,5760.0,800.0,0,0.9,0.0,0.9,0,15.5,0.0,0.0,0.0,0.0,0.00184896,0.0,1587.36
5760_dose_800_gradient_0_VconcST_0_Vconc_0.9_run_0.csv,5760.0,800.0,0,0.9,0.0,0.9,0,15.75,0.0,0.0,0.0,0.0,0.0548242,0.0,1849.69
5760_dose_800_gradient_0_VconcST_0_Vconc_0.9_run_0.csv,5760.0,800.0,0,0.9,0.0,0.9,0,16.0,0.0,0.0,0.0,0.0,0.130527,0.0,2358.17
5760_dose_800_gradient_0_VconcST_0_Vconc_0.9_run_0.csv,5760.0,800.0,0,0.9,0.0,0.9,0,16.25,0.0,0.0,0.0,0.0,0.237884,0.0,2471.39
5760_dose_800_gradient_0_VconcST_0_Vconc_0.9_run_0.csv,5760.0,800.0,0,0.9,0.0,0.9,0,16.5,0.0,0.0,0.0,0.0,0.348574,0.0,2464.56
5760_dose_750_gradient_0_VconcST_0_Vconc_0.9_run_1.csv,5760.0,750.0,0,0.9,0.0,0.9,1,0.0,0.0,0.0,0.0,0.0,0.0,0.0,0.0
5760_dose_750_gradient_0_VconcST_0_Vconc_0.9_run_1.csv,5760.0,750.0,0,0.9,0.0,0.9,1,0.25,0.0,0.0,0.0,0.0,0.0,0.0,2400.35
5760_dose_750_gradient_0_VconcST_0_Vconc_0.9_run_1.csv,5760.0,750.0,0,0.9,0.0,0.9,1,0.5,0.0,0.0,0.0,0.0,0.0,0.0,32.3644
5760_dose_750_gradient_0_VconcST_0_Vconc_0.9_run_1.csv,5760.0,750.0,0,0.9,0.0,0.9,1,0.75,0.0,0.0,0.0,0.0,0.0,0.0,2324.36
5760_dose_750_gradient_0_VconcST_0_Vconc_0.9_run_1.csv,5760.0,750.0,0,0.9,0.0,0.9,1,1.0,0.0,0.0,0.0,0.0,0.0,0.0,31.7474
5760_dose_750_gradient_0_VconcST_0_Vconc_0.9_run_1.csv,5760.0,750.0,0,0.9,0.0,0.9,1,1.25,0.0,0.0,0.0,0.0,0.0,0.0,2464.96
5760_dose_750_gradient_0_VconcST_0_Vconc_0.9_run_1.csv,5760.0,750.0,0,0.9,0.0,0.9,1,1.5,0.0,0.0,0.0,0.0,0.0,0.0,32.02
5760_dose_750_gradient_0_VconcST_0_Vconc_0.9_run_1.csv,5760.0,750.0,0,0.9,0.0,0.9,1,1.75,0.0,0.0,0.0,0.0,0.0,0.0,2333.59
5760_dose_750_gradient_0_VconcST_0_Vconc_0.9_run_1.csv,5760.0,750.0,0,0.9,0.0,0.9,1,2.0,0.0,0.0,0.0,0.0,0.0,0.0,32.3665
5760_dose_750_gradient_0_VconcST_0_Vconc_0.9_run_1.csv,5760.0,750.0,0,0.9,0.0,0.9,1,2.25,0.0,0.0,0.0,0.0,0.0,0.0,2341.82
5760_dose_750_gradient_0_VconcST_0_Vconc_0.9_run_1.csv,5760.0,750.0,0,0.9,0.0,0.9,1,2.5,0.0,0.0,0.0,0.0,0.0,0.0,32.133
5760_dose_750_gradient_0_VconcST_0_Vconc_0.9_run_1.csv,5760.0,750.0,0,0.9,0.0,0.9,1,2.75,0.0,0.0,0.0,0.0,0.0,0.0,2318.34
5760_dose_750_gradient_0_VconcST_0_Vconc_0.9_run_1.csv,5760.0,750.0,0,0.9,0.0,0.9,1,3.0,0.0,0.0,0.0,0.0,0.0,0.0,34.8378
5760_dose_750_gradient_0_VconcST_0_Vconc_0.9_run_1.csv,5760.0,750.0,0,0.9,0.0,0.9,1,3.25,0.0,0.0,0.0,0.0,0.0,0.0,2344.18
5760_dose_750_gradient_0_VconcST_0_Vconc_0.9_run_1.csv,5760.0,750.0,0,0.9,0.0,0.9,1,3.5,0.0,0.0,0.0,0.0,0.0,0.0,33.3181
5760_dose_750_gradient_0_VconcST_0_Vconc_0.9_run_1.csv,5760.0,750.0,0,0.9,0.0,0.9,1,3.75,0.0,0.0,0.0,0.0,0.000564236,0.0,2349.31
5760_dose_750_gradient_0_VconcST_0_Vconc_0.9_run_1.csv,5760.0,750.0,0,0.9,0.0,0.9,1,4.0,0.0,0.0,0.0,0.0,0.0,0.0,36.0566
5760_dose_750_gradient_0_VconcST_0_Vconc_0.9_run_1.csv,5760.0,750.0,0,0.9,0.0,0.9,1,4.25,0.0,0.0,0.0,0.0,0.0,0.0,2269.59
5760_dose_750_gradient_0_VconcST_0_Vconc_0.9_run_1.csv,5760.0,750.0,0,0.9,0.0,0.9,1,4.5,0.0,0.0,0.0,0.0,0.0,0.0,34.8226
5760_dose_750_gradient_0_VconcST_0_Vconc_0.9_run_1.csv,5760.0,750.0,0,0.9,0.0,0.9,1,4.75,0.0,0.0,0.0,0.0,0.0,0.0,2321.87
5760_dose_750_gradient_0_VconcST_0_Vconc_0.9_run_1.csv,5760.0,750.0,0,0.9,0.0,0.9,1,5.0,0.0,0.0,0.0,0.0,0.0,0.0,35.1083
5760_dose_750_gradient_0_VconcST_0_Vconc_0.9_run_1.csv,5760.0,750.0,0,0.9,0.0,0.9,1,5.25,0.0,0.0,0.0,0.0,0.00315972,0.0,2228.92
5760_dose_750_gradient_0_VconcST_0_Vconc_0.9_run_1.csv,5760.0,750.0,0,0.9,0.0,0.9,1,5.5,0.0,0.0,0.0,0.0,0.0,0.0,37.2797
5760_dose_750_gradient_0_VconcST_0_Vconc_0.9_run_1.csv,5760.0,750.0,0,0.9,0.0,0.9,1,5.75,0.0,0.0,0.0,0.0,0.0,0.0,2290.61
5760_dose_750_gradient_0_VconcST_0_Vconc_0.9_run_1.csv,5760.0,750.0,0,0.9,0.0,0.9,1,6.0,0.0,0.0,0.0,0.0,0.0,0.0,39.1471
5760_dose_750_gradient_0_VconcST_0_Vconc_0.9_run_1.csv,5760.0,750.0,0,0.9,0.0,0.9,1,6.25,0.0,0.0,0.0,0.0,0.0,0.0,2254.43
5760_dose_750_gradient_0_VconcST_0_Vconc_0.9_run_1.csv,5760.0,750.0,0,0.9,0.0,0.9,1,6.5,0.0,0.0,0.0,0.0,0.0,0.0,39.3817
5760_dose_750_gradient_0_VconcST_0_Vconc_0.9_run_1.csv,5760.0,750.0,0,0.9,0.0,0.9,1,6.75,0.0,0.0,0.0,0.0,0.0,0.0,2340.63
5760_dose_750_gradient_0_VconcST_0_Vconc_0.9_run_1.csv,5760.0,750.0,0,0.9,0.0,0.9,1,7.0,0.0,0.0,0.0,0.0,0.0,0.0,38.5496
5760_dose_750_gradient_0_VconcST_0_Vconc_0.9_run_1.csv,5760.0,750.0,0,0.9,0.0,0.9,1,7.25,0.0,0.0,0.0,0.0,0.0,0.0,2144.92
5760_dose_750_gradient_0_VconcST_0_Vconc_0.9_run_1.csv,5760.0,750.0,0,0.9,0.0,0.9,1,7.5,0.0,0.0,0.0,0.0,0.0,0.0,86.1403
5760_dose_750_gradient_0_VconcST_0_Vconc_0.9_run_1.csv,5760.0,750.0,0,0.9,0.0,0.9,1,7.75,0.0,0.0,0.0,0.0,0.0,0.0,2220.5
5760_dose_750_gradient_0_VconcST_0_Vconc_0.9_run_1.csv,5760.0,750.0,0,0.9,0.0,0.9,1,8.0,0.0,0.0,0.0,0.0,0.0,0.0,44.6577
5760_dose_750_gradient_0_VconcST_0_Vconc_0.9_run_1.csv,5760.0,750.0,0,0.9,0.0,0.9,1,8.25,0.0,0.0,0.0,0.0,0.0,0.0,2123.47
5760_dose_750_gradient_0_VconcST_0_Vconc_0.9_run_1.csv,5760.0,750.0,0,0.9,0.0,0.9,1,8.5,0.0,0.0,0.0,0.0,0.0,0.0,78.8334
5760_dose_750_gradient_0_VconcST_0_Vconc_0.9_run_1.csv,5760.0,750.0,0,0.9,0.0,0.9,1,8.75,0.0,0.0,0.0,0.0,0.0,0.0,2192.11
5760_dose_750_gradient_0_VconcST_0_Vconc_0.9_run_1.csv,5760.0,750.0,0,0.9,0.0,0.9,1,9.0,0.0,0.0,0.0,0.0,0.0,0.0,105.791
5760_dose_750_gradient_0_VconcST_0_Vconc_0.9_run_1.csv,5760.0,750.0,0,0.9,0.0,0.9,1,9.25,0.0,0.0,0.0,0.0,0.0,0.0,2109.32
5760_dose_750_gradient_0_VconcST_0_Vconc_0.9_run_1.csv,5760.0,750.0,0,0.9,0.0,0.9,1,9.5,0.0,0.0,0.0,0.0,0.0,0.0,141.895
5760_dose_750_gradient_0_VconcST_0_Vconc_0.9_run_1.csv,5760.0,750.0,0,0.9,0.0,0.9,1,9.75,0.0,0.0,0.0,0.0,0.0,0.0,2017.54
5760_dose_750_gradient_0_VconcST_0_Vconc_0.9_run_1.csv,5760.0,750.0,0,0.9,0.0,0.9,1,10.0,0.0,0.0,0.0,0.0,0.0,0.0,202.229
5760_dose_750_gradient_0_VconcST_0_Vconc_0.9_run_1.csv,5760.0,750.0,0,0.9,0.0,0.9,1,10.25,0.0,0.0,0.0,0.0,0.0,0.0,1951.05
5760_dose_750_gradient_0_VconcST_0_Vconc_0.9_run_1.csv,5760.0,750.0,0,0.9,0.0,0.9,1,10.5,0.0,0.0,0.0,0.0,0.0,0.0,218.485
5760_dose_750_gradient_0_VconcST_0_Vconc_0.9_run_1.csv,5760.0,750.0,0,0.9,0.0,0.9,1,10.75,0.0,0.0,0.0,0.0,0.0,0.0,1976.03
5760_dose_750_gradient_0_VconcST_0_Vconc_0.9_run_1.csv,5760.0,750.0,0,0.9,0.0,0.9,1,11.0,0.0,0.0,0.0,0.0,0.0,0.0,264.66
5760_dose_750_gradient_0_VconcST_0_Vconc_0.9_run_1.csv,5760.0,750.0,0,0.9,0.0,0.9,1,11.25,0.0,0.0,0.0,0.0,0.0,0.0,1890.82
5760_dose_750_gradient_0_VconcST_0_Vconc_0.9_run_1.csv,5760.0,750.0,0,0.9,0.0,0.9,1,11.5,0.0,0.0,0.0,0.0,0.0,0.0,381.338
5760_dose_750_gradient_0_VconcST_0_Vconc_0.9_run_1.csv,5760.0,750.0,0,0.9,0.0,0.9,1,11.75,0.0,0.0,0.0,0.0,0.00203993,0.0,1833.08
5760_dose_750_gradient_0_VconcST_0_Vconc_0.9_run_1.csv,5760.0,750.0,0,0.9,0.0,0.9,1,12.0,0.0,0.0,0.0,0.0,0.0,0.0,485.812
5760_dose_750_gradient_0_VconcST_0_Vconc_0.9_run_1.csv,5760.0,750.0,0,0.9,0.0,0.9,1,12.25,0.0,0.0,0.0,0.0,0.00585937,0.0,1755.62
5760_dose_750_gradient_0_VconcST_0_Vconc_0.9_run_1.csv,5760.0,750.0,0,0.9,0.0,0.9,1,12.5,0.0,0.0,0.0,0.0,0.0,0.0,620.259
5760_dose_750_gradient_0_VconcST_0_Vconc_0.9_run_1.csv,5760.0,750.0,0,0.9,0.0,0.9,1,12.75,0.0,0.0,0.0,0.0,0.0117187,0.0,1733.41
5760_dose_750_gradient_0_VconcST_0_Vconc_0.9_run_1.csv,5760.0,750.0,0,0.9,0.0,0.9,1,13.0,0.0,0.0,0.0,0.0,0.0,0.0,759.653
5760_dose_750_gradient_0_VconcST_0_Vconc_0.9_run_1.csv,5760.0,750.0,0,0.9,0.0,0.9,1,13.25,0.0,0.0,0.0,0.0,0.0,0.0,1589.61
5760_dose_750_gradient_0_VconcST_0_Vconc_0.9_run_1.csv,5760.0,750.0,0,0.9,0.0,0.9,1,13.5,0.0,0.0,0.0,0.0,0.0,0.0,892.318
5760_dose_750_gradient_0_VconcST_0_Vconc_0.9_run_1.csv,5760.0,750.0,0,0.9,0.0,0.9,1,13.75,0.0,0.0,0.0,0.0,0.0186285,0.0,1615.21
5760_dose_750_gradient_0_VconcST_0_Vconc_0.9_run_1.csv,5760.0,750.0,0,0.9,0.0,0.9,1,14.0,0.0,0.0,0.0,0.0,0.00276042,0.0,1342.01
5760_dose_750_gradient_0_VconcST_0_Vconc_0.9_run_1.csv,5760.0,750.0,0,0.9,0.0,0.9,1,14.25,0.0,0.0,0.0,0.0,0.0389583,0.0,1676.34
5760_dose_750_gradient_0_VconcST_0_Vconc_0.9_run_1.csv,5760.0,750.0,0,0.9,0.0,0.9,1,14.5,0.0,0.0,0.0,0.0,0.0946094,0.0,2005.97
5760_dose_750_gradient_0_VconcST_0_Vconc_0.9_run_1.csv,5760.0,750.0,0,0.9,0.0,0.9,1,14.75,0.0,0.0,0.0,0.0,0.186484,0.0,2279.62
5760_dose_750_gradient_0_VconcST_0_Vconc_0.9_run_1.csv,5760.0,750.0,0,0.9,0.0,0.9,1,15.0,0.0,0.0,0.0,0.0,0.290951,0.0,2413.14
5760_dose_750_gradient_0_VconcST_0_Vconc_0.9_run_1.csv,5760.0,750.0,0,0.9,0.0,0.9,1,15.25,0.0,0.0,0.0,0.0,0.441602,0.0,2568.85
5760_dose_750_gradient_0_VconcST_0_Vconc_0.9_run_1.csv,5760.0,750.0,0,0.9,0.0,0.9,1,15.5,0.0,0.0,0.0,0.0,0.606823,0.0,2530.5
5760_dose_750_gradient_0_VconcST_0_Vconc_0.9_run_1.csv,5760.0,750.0,0,0.9,0.0,0.9,1,15.75,0.0,0.0,0.0,0.0,0.807995,0.0,2441.25
5760_dose_750_gradient_0_VconcST_0_Vconc_0.9_run_1.csv,5760.0,750.0,0,0.9,0.0,0.9,1,16.0,0.0,0.0,0.0,0.0,0.941667,0.0,2481.56
5760_dose_750_gradient_0_VconcST_0_Vconc_0.9_run_1.csv,5760.0,750.0,0,0.9,0.0,0.9,1,16.25,0.0,0.0,0.0,0.0,1.0,0.0,2434.67
5760_dose_750_gradient_0_VconcST_0_Vconc_0.9_run_1.csv,5760.0,750.0,0,0.9,0.0,0.9,1,16.5,0.0,0.0,0.0,0.0,1.0,0.0,2497.08
5760_dose_850_gradient_0_VconcST_0_Vconc_0.7_run_1.csv,5760.0,850.0,0,0.7,0.0,0.7,1,0.0,0.0,0.0,0.0,0.0,0.0,0.0,0.0
5760_dose_850_gradient_0_VconcST_0_Vconc_0.7_run_1.csv,5760.0,850.0,0,0.7,0.0,0.7,1,0.25,0.0,0.0,0.0,0.0,0.0,0.0,1722.27
5760_dose_850_gradient_0_VconcST_0_Vconc_0.7_run_1.csv,5760.0,850.0,0,0.7,0.0,0.7,1,0.5,0.0,0.0,0.0,0.0,0.0,0.0,232.782
5760_dose_850_gradient_0_VconcST_0_Vconc_0.7_run_1.csv,5760.0,850.0,0,0.7,0.0,0.7,1,0.75,0.0,0.0,0.0,0.0,0.0,0.0,1496.17
5760_dose_850_gradient_0_VconcST_0_Vconc_0.7_run_1.csv,5760.0,850.0,0,0.7,0.0,0.7,1,1.0,0.0,0.0,0.0,0.0,0.0,0.0,418.054
5760_dose_850_gradient_0_VconcST_0_Vconc_0.7_run_1.csv,5760.0,850.0,0,0.7,0.0,0.7,1,1.25,0.0,0.0,0.0,0.0,0.0,0.0,1270.14
5760_dose_850_gradient_0_VconcST_0_Vconc_0.7_run_1.csv,5760.0,850.0,0,0.7,0.0,0.7,1,1.5,0.0,0.0,0.0,0.0,0.0,0.0,575.057
5760_dose_850_gradient_0_VconcST_0_Vconc_0.7_run_1.csv,5760.0,850.0,0,0.7,0.0,0.7,1,1.75,0.0,0.0,0.0,0.0,0.0,0.0,1130.71
5760_dose_850_gradient_0_VconcST_0_Vconc_0.7_run_1.csv,5760.0,850.0,0,0.7,0.0,0.7,1,2.0,0.0,0.0,0.0,0.0,0.0,0.0,679.067
5760_dose_850_gradient_0_VconcST_0_Vconc_0.7_run_1.csv,5760.0,850.0,0,0.7,0.0,0.7,1,2.25,0.0,0.0,0.0,0.0,0.0,0.0,1086.69
5760_dose_850_gradient_0_VconcST_0_Vconc_0.7_run_1.csv,5760.0,850.0,0,0.7,0.0,0.7,1,2.5,0.0,0.0,0.0,0.0,0.0,0.0,745.828
5760_dose_850_gradient_0_VconcST_0_Vconc_0.7_run_1.csv,5760.0,850.0,0,0.7,0.0,0.7,1,2.75,0.0,0.0,0.0,0.0,0.0,0.0,985.894
5760_dose_850_gradient_0_VconcST_0_Vconc_0.7_run_1.csv,5760.0,850.0,0,0.7,0.0,0.7,1,3.0,0.0,0.0,0.0,0.0,0.0,0.0,797.051
5760_dose_850_gradient_0_VconcST_0_Vconc_0.7_run_1.csv,5760.0,850.0,0,0.7,0.0,0.7,1,3.25,0.0,0.0,0.0,0.0,0.0,0.0,991.807
5760_dose_850_gradient_0_VconcST_0_Vconc_0.7_run_1.csv,5760.0,850.0,0,0.7,0.0,0.7,1,3.5,0.0,0.0,0.0,0.0,0.0,0.0,797.483
5760_dose_850_gradient_0_VconcST_0_Vconc_0.7_run_1.csv,5760.0,850.0,0,0.7,0.0,0.7,1,3.75,0.0,0.0,0.0,0.0,0.0,0.0,952.063
5760_dose_850_gradient_0_VconcST_0_Vconc_0.7_run_1.csv,5760.0,850.0,0,0.7,0.0,0.7,1,4.0,0.0,0.0,0.0,0.0,0.0,0.0,871.151
5760_dose_850_gradient_0_VconcST_0_Vconc_0.7_run_1.csv,5760.0,850.0,0,0.7,0.0,0.7,1,4.25,0.0,0.0,0.0,0.0,0.0,0.0,871.528
5760_dose_850_gradient_0_VconcST_0_Vconc_0.7_run_1.csv,5760.0,850.0,0,0.7,0.0,0.7,1,4.5,0.0,0.0,0.0,0.0,0.0,0.0,916.517
5760_dose_850_gradient_0_VconcST_0_Vconc_0.7_run_1.csv,5760.0,850.0,0,0.7,0.0,0.7,1,4.75,0.0,0.0,0.0,0.0,0.0,0.0,884.38
5760_dose_850_gradient_0_VconcST_0_Vconc_0.7_run_1.csv,5760.0,850.0,0,0.7,0.0,0.7,1,5.0,0.0,0.0,0.0,0.0,0.0,0.0,897.769
5760_dose_850_gradient_0_VconcST_0_Vconc_0.7_run_1.csv,5760.0,850.0,0,0.7,0.0,0.7,1,5.25,0.0,0.0,0.0,0.0,0.0,0.0,845.366
5760_dose_850_gradient_0_VconcST_0_Vconc_0.7_run_1.csv,5760.0,850.0,0,0.7,0.0,0.7,1,5.5,0.0,0.0,0.0,0.0,0.0,0.0,952.538
5760_dose_850_gradient_0_VconcST_0_Vconc_0.7_run_1.csv,5760.0,850.0,0,0.7,0.0,0.7,1,5.75,0.0,0.0,0.0,0.0,0.0,0.0,860.487
5760_dose_850_gradient_0_VconcST_0_Vconc_0.7_run_1.csv,5760.0,850.0,0,0.7,0.0,0.7,1,6.0,0.0,0.0,0.0,0.0,0.0,0.0,917.44
5760_dose_850_gradient_0_VconcST_0_Vconc_0.7_run_1.csv,5760.0,850.0,0,0.7,0.0,0.7,1,6.25,0.0,0.0,0.0,0.0,0.0,0.0,872.513
5760_dose_850_gradient_0_VconcST_0_Vconc_0.7_run_1.csv,5760.0,850.0,0,0.7,0.0,0.7,1,6.5,0.0,0.0,0.0,0.0,0.0,0.0,903.527
5760_dose_850_gradient_0_VconcST_0_Vconc_0.7_run_1.csv,5760.0,850.0,0,0.7,0.0,0.7,1,6.75,0.0,0.0,0.0,0.0,0.0,0.0,885.251
5760_dose_850_gradient_0_VconcST_0_Vconc_0.7_run_1.csv,5760.0,850.0,0,0.7,0.0,0.7,1,7.0,0.0,0.0,0.0,0.0,0.0,0.0,955.264
5760_dose_850_gradient_0_VconcST_0_Vconc_0.7_run_1.csv,5760.0,850.0,0,0.7,0.0,0.7,1,7.25,0.0,0.0,0.0,0.0,0.0,0.0,886.569
5760_dose_850_gradient_0_VconcST_0_Vconc_0.7_run_1.csv,5760.0,850.0,0,0.7,0.0,0.7,1,7.5,0.0,0.0,0.0,0.0,0.0,0.0,901.472
5760_dose_850_gradient_0_VconcST_0_Vconc_0.7_run_1.csv,5760.0,850.0,0,0.7,0.0,0.7,1,7.75,0.0,0.0,0.0,0.0,0.0,0.0,882.402
5760_dose_850_gradient_0_VconcST_0_Vconc_0.7_run_1.csv,5760.0,850.0,0,0.7,0.0,0.7,1,8.0,0.0,0.0,0.0,0.0,0.0,0.0,869.674
5760_dose_850_gradient_0_VconcST_0_Vconc_0.7_run_1.csv,5760.0,850.0,0,0.7,0.0,0.7,1,8.25,0.0,0.0,0.0,0.0,0.0,0.0,907.449
5760_dose_850_gradient_0_VconcST_0_Vconc_0.7_run_1.csv,5760.0,850.0,0,0.7,0.0,0.7,1,8.5,0.0,0.0,0.0,0.0,0.0,0.0,884.615
5760_dose_850_gradient_0_VconcST_0_Vconc_0.7_run_1.csv,5760.0,850.0,0,0.7,0.0,0.7,1,8.75,0.0,0.0,0.0,0.0,0.0,0.0,854.758
5760_dose_850_gradient_0_VconcST_0_Vconc_0.7_run_1.csv,5760.0,850.0,0,0.7,0.0,0.7,1,9.0,0.0,0.0,0.0,0.0,0.0,0.0,895.902
5760_dose_850_gradient_0_VconcST_0_Vconc_0.7_run_1.csv,5760.0,850.0,0,0.7,0.0,0.7,1,9.25,0.0,0.0,0.0,0.0,0.0,0.0,898.845
5760_dose_850_gradient_0_VconcST_0_Vconc_0.7_run_1.csv,5760.0,850.0,0,0.7,0.0,0.7,1,9.5,0.0,0.0,0.0,0.0,0.0,0.0,880.183
5760_dose_850_gradient_0_VconcST_0_Vconc_0.7_run_1.csv,5760.0,850.0,0,0.7,0.0,0.7,1,9.75,0.0,0.0,0.0,0.0,0.0,0.0,924.321
5760_dose_850_gradient_0_VconcST_0_Vconc_0.7_run_1.csv,5760.0,850.0,0,0.7,0.0,0.7,1,10.0,0.0,0.0,0.0,0.0,0.0,0.0,846.404
5760_dose_850_gradient_0_VconcST_0_Vconc_0.7_run_1.csv,5760.0,850.0,0,0.7,0.0,0.7,1,10.25,0.0,0.0,0.0,0.0,0.0,0.0,913.252
5760_dose_850_gradient_0_VconcST_0_Vconc_0.7_run_1.csv,5760.0,850.0,0,0.7,0.0,0.7,1,10.5,0.0,0.0,0.0,0.0,0.0,0.0,873.758
5760_dose_850_gradient_0_VconcST_0_Vconc_0.7_run_1.csv,5760.0,850.0,0,0.7,0.0,0.7,1,10.75,0.0,0.0,0.0,0.0,0.0,0.0,901.878
5760_dose_850_gradient_0_VconcST_0_Vconc_0.7_run_1.csv,5760.0,850.0,0,0.7,0.0,0.7,1,11.0,0.0,0.0,0.0,0.0,0.0,0.0,912.651
5760_dose_850_gradient_0_VconcST_0_Vconc_0.7_run_1.csv,5760.0,850.0,0,0.7,0.0,0.7,1,11.25,0.0,0.0,0.0,0.0,0.0,0.0,871.874
5760_dose_850_gradient_0_VconcST_0_Vconc_0.7_run_1.csv,5760.0,850.0,0,0.7,0.0,0.7,1,11.5,0.0,0.0,0.0,0.0,0.0,0.0,902.71
5760_dose_850_gradient_0_VconcST_0_Vconc_0.7_run_1.csv,5760.0,850.0,0,0.7,0.0,0.7,1,11.75,0.0,0.0,0.0,0.0,0.0,0.0,905.914
5760_dose_850_gradient_0_VconcST_0_Vconc_0.7_run_1.csv,5760.0,850.0,0,0.7,0.0,0.7,1,12.0,0.0,0.0,0.0,0.0,0.0,0.0,869.208
5760_dose_850_gradient_0_VconcST_0_Vconc_0.7_run_1.csv,5760.0,850.0,0,0.7,0.0,0.7,1,12.25,0.0,0.0,0.0,0.0,0.0,0.0,894.843
5760_dose_850_gradient_0_VconcST_0_Vconc_0.7_run_1.csv,5760.0,850.0,0,0.7,0.0,0.7,1,12.5,0.0,0.0,0.0,0.0,0.0,0.0,890.672
5760_dose_850_gradient_0_VconcST_0_Vconc_0.7_run_1.csv,5760.0,850.0,0,0.7,0.0,0.7,1,12.75,0.0,0.0,0.0,0.0,0.0,0.0,881.924
5760_dose_850_gradient_0_VconcST_0_Vconc_0.7_run_1.csv,5760.0,850.0,0,0.7,0.0,0.7,1,13.0,0.0,0.0,0.0,0.0,0.0,0.0,887.16
5760_dose_850_gradient_0_VconcST_0_Vconc_0.7_run_1.csv,5760.0,850.0,0,0.7,0.0,0.7,1,13.25,0.0,0.0,0.0,0.0,0.0,0.0,871.406
5760_dose_850_gradient_0_VconcST_0_Vconc_0.7_run_1.csv,5760.0,850.0,0,0.7,0.0,0.7,1,13.5,0.0,0.0,0.0,0.0,0.0,0.0,920.697
5760_dose_850_gradient_0_VconcST_0_Vconc_0.7_run_1.csv,5760.0,850.0,0,0.7,0.0,0.7,1,13.75,0.0,0.0,0.0,0.0,0.0,0.0,860.208
5760_dose_850_gradient_0_VconcST_0_Vconc_0.7_run_1.csv,5760.0,850.0,0,0.7,0.0,0.7,1,14.0,0.0,0.0,0.0,0.0,0.0,0.0,918.146
5760_dose_850_gradient_0_VconcST_0_Vconc_0.7_run_1.csv,5760.0,850.0,0,0.7,0.0,0.7,1,14.25,0.0,0.0,0.0,0.0,0.0,0.0,865.845
5760_dose_850_gradient_0_VconcST_0_Vconc_0.7_run_1.csv,5760.0,850.0,0,0.7,0.0,0.7,1,14.5,0.0,0.0,0.0,0.0,0.0,0.0,929.564
5760_dose_850_gradient_0_VconcST_0_Vconc_0.7_run_1.csv,5760.0,850.0,0,0.7,0.0,0.7,1,14.75,0.0,0.0,0.0,0.0,0.0,0.0,847.68
5760_dose_850_gradient_0_VconcST_0_Vconc_0.7_run_1.csv,5760.0,850.0,0,0.7,0.0,0.7,1,15.0,0.0,0.0,0.0,0.0,0.0,0.0,912.626
5760_dose_850_gradient_0_VconcST_0_Vconc_0.7_run_1.csv,5760.0,850.0,0,0.7,0.0,0.7,1,15.25,0.0,0.0,0.0,0.0,0.0,0.0,856.613
5760_dose_850_gradient_0_VconcST_0_Vconc_0.7_run_1.csv,5760.0,850.0,0,0.7,0.0,0.7,1,15.5,0.0,0.0,0.0,0.0,0.0,0.0,897.868
5760_dose_850_gradient_0_VconcST_0_Vconc_0.7_run_1.csv,5760.0,850.0,0,0.7,0.0,0.7,1,15.75,0.0,0.0,0.0,0.0,0.0,0.0,900.483
5760_dose_850_gradient_0_VconcST_0_Vconc_0.7_run_1.csv,5760.0,850.0,0,0.7,0.0,0.7,1,16.0,0.0,0.0,0.0,0.0,0.0,0.0,901.796
5760_dose_850_gradient_0_VconcST_0_Vconc_0.7_run_1.csv,5760.0,850.0,0,0.7,0.0,0.7,1,16.25,0.0,0.0,0.0,0.0,0.0,0.0,869.881
5760_dose_850_gradient_0_VconcST_0_Vconc_0.7_run_1.csv,5760.0,850.0,0,0.7,0.0,0.7,1,16.5,0.0,0.0,0.0,0.0,0.0,0.0,910.759
5760_dose_850_gradient_0_VconcST_0_Vconc_0.7_run_0.csv,5760.0,850.0,0,0.7,0.0,0.7,0,0.0,0.0,0.0,0.0,0.0,0.0,0.0,0.0
5760_dose_850_gradient_0_VconcST_0_Vconc_0.7_run_0.csv,5760.0,850.0,0,0.7,0.0,0.7,0,0.25,0.0,0.0,0.0,0.0,0.0,0.0,1673.19
5760_dose_850_gradient_0_VconcST_0_Vconc_0.7_run_0.csv,5760.0,850.0,0,0.7,0.0,0.7,0,0.5,0.0,0.0,0.0,0.0,0.0,0.0,277.442
5760_dose_850_gradient_0_VconcST_0_Vconc_0.7_run_0.csv,5760.0,850.0,0,0.7,0.0,0.7,0,0.75,0.0,0.0,0.0,0.0,0.0,0.0,1478.39
5760_dose_850_gradient_0_VconcST_0_Vconc_0.7_run_0.csv,5760.0,850.0,0,0.7,0.0,0.7,0,1.0,0.0,0.0,0.0,0.0,0.0,0.0,394.453
5760_dose_850_gradient_0_VconcST_0_Vconc_0.7_run_0.csv,5760.0,850.0,0,0.7,0.0,0.7,0,1.25,0.0,0.0,0.0,0.0,0.0,0.0,1311.74
5760_dose_850_gradient_0_VconcST_0_Vconc_0.7_run_0.csv,5760.0,850.0,0,0.7,0.0,0.7,0,1.5,0.0,0.0,0.0,0.0,0.0,0.0,549.274
5760_dose_850_gradient_0_VconcST_0_Vconc_0.7_run_0.csv,5760.0,850.0,0,0.7,0.0,0.7,0,1.75,0.0,0.0,0.0,0.0,0.0,0.0,1211.76
5760_dose_850_gradient_0_VconcST_0_Vconc_0.7_run_0.csv,5760.0,850.0,0,0.7,0.0,0.7,0,2.0,0.0,0.0,0.0,0.0,0.0,0.0,631.274
5760_dose_850_gradient_0_VconcST_0_Vconc_0.7_run_0.csv,5760.0,850.0,0,0.7,0.0,0.7,0,2.25,0.0,0.0,0.0,0.0,0.0,0.0,1075.44
5760_dose_850_gradient_0_VconcST_0_Vconc_0.7_run_0.csv,5760.0,850.0,0,0.7,0.0,0.7,0,2.5,0.0,0.0,0.0,0.0,0.0,0.0,762.429
5760_dose_850_gradient_0_VconcST_0_Vconc_0.7_run_0.csv,5760.0,850.0,0,0.7,0.0,0.7,0,2.75,0.0,0.0,0.0,0.0,0.0,0.0,1019.09
5760_dose_850_gradient_0_VconcST_0_Vconc_0.7_run_0.csv,5760.0,850.0,0,0.7,0.0,0.7,0,3.0,0.0,0.0,0.0,0.0,0.0,0.0,804.227
5760_dose_850_gradient_0_VconcST_0_Vconc_0.7_run_0.csv,5760.0,850.0,0,0.7,0.0,0.7,0,3.25,0.0,0.0,0.0,0.0,0.0,0.0,948.203
5760_dose_850_gradient_0_VconcST_0_Vconc_0.7_run_0.csv,5760.0,850.0,0,0.7,0.0,0.7,0,3.5,0.0,0.0,0.0,0.0,0.0,0.0,848.871
5760_dose_850_gradient_0_VconcST_0_Vconc_0.7_run_0.csv,5760.0,850.0,0,0.7,0.0,0.7,0,3.75,0.0,0.0,0.0,0.0,0.0,0.0,964.943
5760_dose_850_gradient_0_VconcST_0_Vconc_0.7_run_0.csv,5760.0,850.0,0,0.7,0.0,0.7,0,4.0,0.0,0.0,0.0,0.0,0.0,0.0,864.105
5760_dose_850_gradient_0_VconcST_0_Vconc_0.7_run_0.csv,5760.0,850.0,0,0.7,0.0,0.7,0,4.25,0.0,0.0,0.0,0.0,0.0,0.0,932.146
5760_dose_850_gradient_0_VconcST_0_Vconc_0.7_run_0.csv,5760.0,850.0,0,0.7,0.0,0.7,0,4.5,0.0,0.0,0.0,0.0,0.0,0.0,863.758
5760_dose_850_gradient_0_VconcST_0_Vconc_0.7_run_0.csv,5760.0,850.0,0,0.7,0.0,0.7,0,4.75,0.0,0.0,0.0,0.0,0.0,0.0,897.786
5760_dose_850_gradient_0_VconcST_0_Vconc_0.7_run_0.csv,5760.0,850.0,0,0.7,0.0,0.7,0,5.0,0.0,0.0,0.0,0.0,0.0,0.0,862.573
5760_dose_850_gradient_0_VconcST_0_Vconc_0.7_run_0.csv,5760.0,850.0,0,0.7,0.0,0.7,0,5.25,0.0,0.0,0.0,0.0,0.0,0.0,945.664
5760_dose_850_gradient_0_VconcST_0_Vconc_0.7_run_0.csv,5760.0,850.0,0,0.7,0.0,0.7,0,5.5,0.0,0.0,0.0,0.0,0.0,0.0,845.978
5760_dose_850_gradient_0_VconcST_0_Vconc_0.7_run_0.csv,5760.0,850.0,0,0.7,0.0,0.7,0,5.75,0.0,0.0,0.0,0.0,0.0,0.0,884.792
5760_dose_850_gradient_0_VconcST_0_Vconc_0.7_run_0.csv,5760.0,850.0,0,0.7,0.0,0.7,0,6.0,0.0,0.0,0.0,0.0,0.0,0.0,895.58
5760_dose_850_gradient_0_VconcST_0_Vconc_0.7_run_0.csv,5760.0,850.0,0,0.7,0.0,0.7,0,6.25,0.0,0.0,0.0,0.0,0.0,0.0,873.565
5760_dose_850_gradient_0_VconcST_0_Vconc_0.7_run_0.csv,5760.0,850.0,0,0.7,0.0,0.7,0,6.5,0.0,0.0,0.0,0.0,0.0,0.0,928.047
5760_dose_850_gradient_0_VconcST_0_Vconc_0.7_run_0.csv,5760.0,850.0,0,0.7,0.0,0.7,0,6.75,0.0,0.0,0.0,0.0,0.0,0.0,846.638
5760_dose_850_gradient_0_VconcST_0_Vconc_0.7_run_0.csv,5760.0,850.0,0,0.7,0.0,0.7,0,7.0,0.0,0.0,0.0,0.0,0.0,0.0,938.078
5760_dose_850_gradient_0_VconcST_0_Vconc_0.7_run_0.csv,5760.0,850.0,0,0.7,0.0,0.7,0,7.25,0.0,0.0,0.0,0.0,0.0,0.0,857.13
5760_dose_850_gradient_0_VconcST_0_Vconc_0.7_run_0.csv,5760.0,850.0,0,0.7,0.0,0.7,0,7.5,0.0,0.0,0.0,0.0,0.0,0.0,947.664
5760_dose_850_gradient_0_VconcST_0_Vconc_0.7_run_0.csv,5760.0,850.0,0,0.7,0.0,0.7,0,7.75,0.0,0.0,0.0,0.0,0.0,0.0,863.24
5760_dose_850_gradient_0_VconcST_0_Vconc_0.7_run_0.csv,5760.0,850.0,0,0.7,0.0,0.7,0,8.0,0.0,0.0,0.0,0.0,0.0,0.0,968.511
5760_dose_850_gradient_0_VconcST_0_Vconc_0.7_run_0.csv,5760.0,850.0,0,0.7,0.0,0.7,0,8.25,0.0,0.0,0.0,0.0,0.0,0.0,859.882
5760_dose_850_gradient_0_VconcST_0_Vconc_0.7_run_0.csv,5760.0,850.0,0,0.7,0.0,0.7,0,8.5,0.0,0.0,0.0,0.0,0.0,0.0,969.176
5760_dose_850_gradient_0_VconcST_0_Vconc_0.7_run_0.csv,5760.0,850.0,0,0.7,0.0,0.7,0,8.75,0.0,0.0,0.0,0.0,0.0,0.0,858.436
5760_dose_850_gradient_0_VconcST_0_Vconc_0.7_run_0.csv,5760.0,850.0,0,0.7,0.0,0.7,0,9.0,0.0,0.0,0.0,0.0,0.0,0.0,960.033
5760_dose_850_gradient_0_VconcST_0_Vconc_0.7_run_0.csv,5760.0,850.0,0,0.7,0.0,0.7,0,9.25,0.0,0.0,0.0,0.0,0.0,0.0,836.797
5760_dose_850_gradient_0_VconcST_0_Vconc_0.7_run_0.csv,5760.0,850.0,0,0.7,0.0,0.7,0,9.5,0.0,0.0,0.0,0.0,0.0,0.0,1007.49
5760_dose_850_gradient_0_VconcST_0_Vconc_0.7_run_0.csv,5760.0,850.0,0,0.7,0.0,0.7,0,9.75,0.0,0.0,0.0,0.0,0.0,0.0,854.422
5760_dose_850_gradient_0_VconcST_0_Vconc_0.7_run_0.csv,5760.0,850.0,0,0.7,0.0,0.7,0,10.0,0.0,0.0,0.0,0.0,0.0,0.0,970.655
5760_dose_850_gradient_0_VconcST_0_Vconc_0.7_run_0.csv,5760.0,850.0,0,0.7,0.0,0.7,0,10.25,0.0,0.0,0.0,0.0,0.0,0.0,910.782
5760_dose_850_gradient_0_VconcST_0_Vconc_0.7_run_0.csv,5760.0,850.0,0,0.7,0.0,0.7,0,10.5,0.0,0.0,0.0,0.0,0.0,0.0,939.546
5760_dose_850_gradient_0_VconcST_0_Vconc_0.7_run_0.csv,5760.0,850.0,0,0.7,0.0,0.7,0,10.75,0.0,0.0,0.0,0.0,0.0,0.0,930.621
5760_dose_850_gradient_0_VconcST_0_Vconc_0.7_run_0.csv,5760.0,850.0,0,0.7,0.0,0.7,0,11.0,0.0,0.0,0.0,0.0,0.0,0.0,891.397
5760_dose_850_gradient_0_VconcST_0_Vconc_0.7_run_0.csv,5760.0,850.0,0,0.7,0.0,0.7,0,11.25,0.0,0.0,0.0,0.0,0.0,0.0,962.796
5760_dose_850_gradient_0_VconcST_0_Vconc_0.7_run_0.csv,5760.0,850.0,0,0.7,0.0,0.7,0,11.5,0.0,0.0,0.0,0.0,0.0,0.0,937.643
5760_dose_850_gradient_0_VconcST_0_Vconc_0.7_run_0.csv,5760.0,850.0,0,0.7,0.0,0.7,0,11.75,0.0,0.0,0.0,0.0,0.0,0.0,956.396
5760_dose_850_gradient_0_VconcST_0_Vconc_0.7_run_0.csv,5760.0,850.0,0,0.7,0.0,0.7,0,12.0,0.0,0.0,0.0,0.0,0.0,0.0,946.062
5760_dose_850_gradient_0_VconcST_0_Vconc_0.7_run_0.csv,5760.0,850.0,0,0.7,0.0,0.7,0,12.25,0.0,0.0,0.0,0.0,0.0,0.0,884.505
5760_dose_850_gradient_0_VconcST_0_Vconc_0.7_run_0.csv,5760.0,850.0,0,0.7,0.0,0.7,0,12.5,0.0,0.0,0.0,0.0,0.0,0.0,1055.23
5760_dose_850_gradient_0_VconcST_0_Vconc_0.7_run_0.csv,5760.0,850.0,0,0.7,0.0,0.7,0,12.75,0.0,0.0,0.0,0.0,0.0,0.0,882.277
5760_dose_850_gradient_0_VconcST_0_Vconc_0.7_run_0.csv,5760.0,850.0,0,0.7,0.0,0.7,0,13.0,0.0,0.0,0.0,0.0,0.0,0.0,1056.83
5760_dose_850_gradient_0_VconcST_0_Vconc_0.7_run_0.csv,5760.0,850.0,0,0.7,0.0,0.7,0,13.25,0.0,0.0,0.0,0.0,0.0,0.0,937.84
5760_dose_850_gradient_0_VconcST_0_Vconc_0.7_run_0.csv,5760.0,850.0,0,0.7,0.0,0.7,0,13.5,0.0,0.0,0.0,0.0,0.0,0.0,1010.5
5760_dose_850_gradient_0_VconcST_0_Vconc_0.7_run_0.csv,5760.0,850.0,0,0.7,0.0,0.7,0,13.75,0.0,0.0,0.0,0.0,0.0,0.0,986.453
5760_dose_850_gradient_0_VconcST_0_Vconc_0.7_run_0.csv,5760.0,850.0,0,0.7,0.0,0.7,0,14.0,0.0,0.0,0.0,0.0,0.0,0.0,1085.1
5760_dose_850_gradient_0_VconcST_0_Vconc_0.7_run_0.csv,5760.0,850.0,0,0.7,0.0,0.7,0,14.25,0.0,0.0,0.0,0.0,0.0,0.0,1021.11
5760_dose_850_gradient_0_VconcST_0_Vconc_0.7_run_0.csv,5760.0,850.0,0,0.7,0.0,0.7,0,14.5,0.0,0.0,0.0,0.0,0.0,0.0,1061.3
5760_dose_850_gradient_0_VconcST_0_Vconc_0.7_run_0.csv,5760.0,850.0,0,0.7,0.0,0.7,0,14.75,0.0,0.0,0.0,0.0,0.0,0.0,1143.28
5760_dose_850_gradient_0_VconcST_0_Vconc_0.7_run_0.csv,5760.0,850.0,0,0.7,0.0,0.7,0,15.0,0.0,0.0,0.0,0.0,0.0696094,0.0,1210.23
5760_dose_850_gradient_0_VconcST_0_Vconc_0.7_run_0.csv,5760.0,850.0,0,0.7,0.0,0.7,0,15.25,0.0,0.0,0.0,0.0,0.100938,0.0,1097.08
5760_dose_850_gradient_0_VconcST_0_Vconc_0.7_run_0.csv,5760.0,850.0,0,0.7,0.0,0.7,0,15.5,0.0,0.0,0.0,0.0,0.0,0.0,1160.93
5760_dose_850_gradient_0_VconcST_0_Vconc_0.7_run_0.csv,5760.0,850.0,0,0.7,0.0,0.7,0,15.75,0.0,0.0,0.0,0.0,0.201042,0.0,1154.62
5760_dose_850_gradient_0_VconcST_0_Vconc_0.7_run_0.csv,5760.0,850.0,0,0.7,0.0,0.7,0,16.0,0.0,0.0,0.0,0.0,0.254167,0.0,1215.12
5760_dose_850_gradient_0_VconcST_0_Vconc_0.7_run_0.csv,5760.0,850.0,0,0.7,0.0,0.7,0,16.25,0.0,0.0,0.0,0.0,0.378125,0.0,1362.27
5760_dose_850_gradient_0_VconcST_0_Vconc_0.7_run_0.csv,5760.0,850.0,0,0.7,0.0,0.7,0,16.5,0.0,0.0,0.0,0.0,0.494792,0.0,1286.4
5760_dose_850_gradient_0_VconcST_0_Vconc_0.7_run_2.csv,5760.0,850.0,0,0.7,0.0,0.7,2,0.0,0.0,0.0,0.0,0.0,0.0,0.0,0.0
5760_dose_850_gradient_0_VconcST_0_Vconc_0.7_run_2.csv,5760.0,850.0,0,0.7,0.0,0.7,2,0.25,0.0,0.0,0.0,0.0,0.0,0.0,1683.34
5760_dose_850_gradient_0_VconcST_0_Vconc_0.7_run_2.csv,5760.0,850.0,0,0.7,0.0,0.7,2,0.5,0.0,0.0,0.0,0.0,0.0,0.0,275.458
5760_dose_850_gradient_0_VconcST_0_Vconc_0.7_run_2.csv,5760.0,850.0,0,0.7,0.0,0.7,2,0.75,0.0,0.0,0.0,0.0,0.0,0.0,1438.92
5760_dose_850_gradient_0_VconcST_0_Vconc_0.7_run_2.csv,5760.0,850.0,0,0.7,0.0,0.7,2,1.0,0.0,0.0,0.0,0.0,0.0,0.0,435.477
5760_dose_850_gradient_0_VconcST_0_Vconc_0.7_run_2.csv,5760.0,850.0,0,0.7,0.0,0.7,2,1.25,0.0,0.0,0.0,0.0,0.0,0.0,1344.0
5760_dose_850_gradient_0_VconcST_0_Vconc_0.7_run_2.csv,5760.0,850.0,0,0.7,0.0,0.7,2,1.5,0.0,0.0,0.0,0.0,0.0,0.0,536.851
5760_dose_850_gradient_0_VconcST_0_Vconc_0.7_run_2.csv,5760.0,850.0,0,0.7,0.0,0.7,2,1.75,0.0,0.0,0.0,0.0,0.0,0.0,1159.7
5760_dose_850_gradient_0_VconcST_0_Vconc_0.7_run_2.csv,5760.0,850.0,0,0.7,0.0,0.7,2,2.0,0.0,0.0,0.0,0.0,0.0,0.0,645.095
5760_dose_850_gradient_0_VconcST_0_Vconc_0.7_run_2.csv,5760.0,850.0,0,0.7,0.0,0.7,2,2.25,0.0,0.0,0.0,0.0,0.0,0.0,1093.05
5760_dose_850_gradient_0_VconcST_0_Vconc_0.7_run_2.csv,5760.0,850.0,0,0.7,0.0,0.7,2,2.5,0.0,0.0,0.0,0.0,0.0,0.0,730.829
5760_dose_850_gradient_0_VconcST_0_Vconc_0.7_run_2.csv,5760.0,850.0,0,0.7,0.0,0.7,2,2.75,0.0,0.0,0.0,0.0,0.0,0.0,1000.43
5760_dose_850_gradient_0_VconcST_0_Vconc_0.7_run_2.csv,5760.0,850.0,0,0.7,0.0,0.7,2,3.0,0.0,0.0,0.0,0.0,0.0,0.0,836.987
5760_dose_850_gradient_0_VconcST_0_Vconc_0.7_run_2.csv,5760.0,850.0,0,0.7,0.0,0.7,2,3.25,0.0,0.0,0.0,0.0,0.0,0.0,911.675
5760_dose_850_gradient_0_VconcST_0_Vconc_0.7_run_2.csv,5760.0,850.0,0,0.7,0.0,0.7,2,3.5,0.0,0.0,0.0,0.0,0.0,0.0,849.298
5760_dose_850_gradient_0_VconcST_0_Vconc_0.7_run_2.csv,5760.0,850.0,0,0.7,0.0,0.7,2,3.75,0.0,0.0,0.0,0.0,0.0,0.0,916.211
5760_dose_850_gradient_0_VconcST_0_Vconc_0.7_run_2.csv,5760.0,850.0,0,0.7,0.0,0.7,2,4.0,0.0,0.0,0.0,0.0,0.0,0.0,887.58
5760_dose_850_gradient_0_VconcST_0_Vconc_0.7_run_2.csv,5760.0,850.0,0,0.7,0.0,0.7,2,4.25,0.0,0.0,0.0,0.0,0.0,0.0,908.765
5760_dose_850_gradient_0_VconcST_0_Vconc_0.7_run_2.csv,5760.0,850.0,0,0.7,0.0,0.7,2,4.5,0.0,0.0,0.0,0.0,0.0,0.0,931.87
5760_dose_850_gradient_0_VconcST_0_Vconc_0.7_run_2.csv,5760.0,850.0,0,0.7,0.0,0.7,2,4.75,0.0,0.0,0.0,0.0,0.0,0.0,850.83
5760_dose_850_gradient_0_VconcST_0_Vconc_0.7_run_2.csv,5760.0,850.0,0,0.7,0.0,0.7,2,5.0,0.0,0.0,0.0,0.0,0.0,0.0,927.775
5760_dose_850_gradient_0_VconcST_0_Vconc_0.7_run_2.csv,5760.0,850.0,0,0.7,0.0,0.7,2,5.25,0.0,0.0,0.0,0.0,0.0,0.0,861.271
5760_dose_850_gradient_0_VconcST_0_Vconc_0.7_run_2.csv,5760.0,850.0,0,0.7,0.0,0.7,2,5.5,0.0,0.0,0.0,0.0,0.0,0.0,920.785
5760_dose_850_gradient_0_VconcST_0_Vconc_0.7_run_2.csv,5760.0,850.0,0,0.7,0.0,0.7,2,5.75,0.0,0.0,0.0,0.0,0.0,0.0,887.049
5760_dose_850_gradient_0_VconcST_0_Vconc_0.7_run_2.csv,5760.0,850.0,0,0.7,0.0,0.7,2,6.0,0.0,0.0,0.0,0.0,0.0,0.0,921.566
5760_dose_850_gradient_0_VconcST_0_Vconc_0.7_run_2.csv,5760.0,850.0,0,0.7,0.0,0.7,2,6.25,0.0,0.0,0.0,0.0,0.0,0.0,901.197
5760_dose_850_gradient_0_VconcST_0_Vconc_0.7_run_2.csv,5760.0,850.0,0,0.7,0.0,0.7,2,6.5,0.0,0.0,0.0,0.0,0.0,0.0,880.633
5760_dose_850_gradient_0_VconcST_0_Vconc_0.7_run_2.csv,5760.0,850.0,0,0.7,0.0,0.7,2,6.75,0.0,0.0,0.0,0.0,0.0,0.0,881.22
5760_dose_850_gradient_0_VconcST_0_Vconc_0.7_run_2.csv,5760.0,850.0,0,0.7,0.0,0.7,2,7.0,0.0,0.0,0.0,0.0,0.0,0.0,909.153
5760_dose_850_gradient_0_VconcST_0_Vconc_0.7_run_2.csv,5760.0,850.0,0,0.7,0.0,0.7,2,7.25,0.0,0.0,0.0,0.0,0.0,0.0,844.368
5760_dose_850_gradient_0_VconcST_0_Vconc_0.7_run_2.csv,5760.0,850.0,0,0.7,0.0,0.7,2,7.5,0.0,0.0,0.0,0.0,0.0,0.0,913.256
5760_dose_850_gradient_0_VconcST_0_Vconc_0.7_run_2.csv,5760.0,850.0,0,0.7,0.0,0.7,2,7.75,0.0,0.0,0.0,0.0,0.0,0.0,876.249
5760_dose_850_gradient_0_VconcST_0_Vconc_0.7_run_2.csv,5760.0,850.0,0,0.7,0.0,0.7,2,8.0,0.0,0.0,0.0,0.0,0.0,0.0,897.274
5760_dose_850_gradient_0_VconcST_0_Vconc_0.7_run_2.csv,5760.0,850.0,0,0.7,0.0,0.7,2,8.25,0.0,0.0,0.0,0.0,0.0,0.0,894.502
5760_dose_850_gradient_0_VconcST_0_Vconc_0.7_run_2.csv,5760.0,850.0,0,0.7,0.0,0.7,2,8.5,0.0,0.0,0.0,0.0,0.0,0.0,908.417
5760_dose_850_gradient_0_VconcST_0_Vconc_0.7_run_2.csv,5760.0,850.0,0,0.7,0.0,0.7,2,8.75,0.0,0.0,0.0,0.0,0.0,0.0,901.865
5760_dose_850_gradient_0_VconcST_0_Vconc_0.7_run_2.csv,5760.0,850.0,0,0.7,0.0,0.7,2,9.0,0.0,0.0,0.0,0.0,0.0,0.0,884.829
5760_dose_850_gradient_0_VconcST_0_Vconc_0.7_run_2.csv,5760.0,850.0,0,0.7,0.0,0.7,2,9.25,0.0,0.0,0.0,0.0,0.0,0.0,883.743
5760_dose_850_gradient_0_VconcST_0_Vconc_0.7_run_2.csv,5760.0,850.0,0,0.7,0.0,0.7,2,9.5,0.0,0.0,0.0,0.0,0.0,0.0,889.9
5760_dose_850_gradient_0_VconcST_0_Vconc_0.7_run_2.csv,5760.0,850.0,0,0.7,0.0,0.7,2,9.75,0.0,0.0,0.0,0.0,0.0,0.0,888.429
5760_dose_850_gradient_0_VconcST_0_Vconc_0.7_run_2.csv,5760.0,850.0,0,0.7,0.0,0.7,2,10.0,0.0,0.0,0.0,0.0,0.0,0.0,905.697
5760_dose_850_gradient_0_VconcST_0_Vconc_0.7_run_2.csv,5760.0,850.0,0,0.7,0.0,0.7,2,10.25,0.0,0.0,0.0,0.0,0.0,0.0,891.105
5760_dose_850_gradient_0_VconcST_0_Vconc_0.7_run_2.csv,5760.0,850.0,0,0.7,0.0,0.7,2,10.5,0.0,0.0,0.0,0.0,0.0,0.0,863.14
5760_dose_850_gradient_0_VconcST_0_Vconc_0.7_run_2.csv,5760.0,850.0,0,0.7,0.0,0.7,2,10.75,0.0,0.0,0.0,0.0,0.0,0.0,906.638
5760_dose_850_gradient_0_VconcST_0_Vconc_0.7_run_2.csv,5760.0,850.0,0,0.7,0.0,0.7,2,11.0,0.0,0.0,0.0,0.0,0.0,0.0,906.895
5760_dose_850_gradient_0_VconcST_0_Vconc_0.7_run_2.csv,5760.0,850.0,0,0.7,0.0,0.7,2,11.25,0.0,0.0,0.0,0.0,0.0,0.0,838.988
5760_dose_850_gradient_0_VconcST_0_Vconc_0.7_run_2.csv,5760.0,850.0,0,0.7,0.0,0.7,2,11.5,0.0,0.0,0.0,0.0,0.0,0.0,963.88
5760_dose_850_gradient_0_VconcST_0_Vconc_0.7_run_2.csv,5760.0,850.0,0,0.7,0.0,0.7,2,11.75,0.0,0.0,0.0,0.0,0.0,0.0,856.49
5760_dose_850_gradient_0_VconcST_0_Vconc_0.7_run_2.csv,5760.0,850.0,0,0.7,0.0,0.7,2,12.0,0.0,0.0,0.0,0.0,0.0,0.0,941.151
5760_dose_850_gradient_0_VconcST_0_Vconc_0.7_run_2.csv,5760.0,850.0,0,0.7,0.0,0.7,2,12.25,0.0,0.0,0.0,0.0,0.0,0.0,878.771
5760_dose_850_gradient_0_VconcST_0_Vconc_0.7_run_2.csv,5760.0,850.0,0,0.7,0.0,0.7,2,12.5,0.0,0.0,0.0,0.0,0.0,0.0,903.051
5760_dose_850_gradient_0_VconcST_0_Vconc_0.7_run_2.csv,5760.0,850.0,0,0.7,0.0,0.7,2,12.75,0.0,0.0,0.0,0.0,0.0,0.0,892.398
5760_dose_850_gradient_0_VconcST_0_Vconc_0.7_run_2.csv,5760.0,850.0,0,0.7,0.0,0.7,2,13.0,0.0,0.0,0.0,0.0,0.0,0.0,907.349
5760_dose_850_gradient_0_VconcST_0_Vconc_0.7_run_2.csv,5760.0,850.0,0,0.7,0.0,0.7,2,13.25,0.0,0.0,0.0,0.0,0.0,0.0,879.208
5760_dose_850_gradient_0_VconcST_0_Vconc_0.7_run_2.csv,5760.0,850.0,0,0.7,0.0,0.7,2,13.5,0.0,0.0,0.0,0.0,0.0,0.0,867.208
5760_dose_850_gradient_0_VconcST_0_Vconc_0.7_run_2.csv,5760.0,850.0,0,0.7,0.0,0.7,2,13.75,0.0,0.0,0.0,0.0,0.0,0.0,888.634
5760_dose_850_gradient_0_VconcST_0_Vconc_0.7_run_2.csv,5760.0,850.0,0,0.7,0.0,0.7,2,14.0,0.0,0.0,0.0,0.0,0.0,0.0,907.699
5760_dose_850_gradient_0_VconcST_0_Vconc_0.7_run_2.csv,5760.0,850.0,0,0.7,0.0,0.7,2,14.25,0.0,0.0,0.0,0.0,0.0,0.0,895.106
5760_dose_850_gradient_0_VconcST_0_Vconc_0.7_run_2.csv,5760.0,850.0,0,0.7,0.0,0.7,2,14.5,0.0,0.0,0.0,0.0,0.0,0.0,894.871
5760_dose_850_gradient_0_VconcST_0_Vconc_0.7_run_2.csv,5760.0,850.0,0,0.7,0.0,0.7,2,14.75,0.0,0.0,0.0,0.0,0.0,0.0,879.719
5760_dose_850_gradient_0_VconcST_0_Vconc_0.7_run_2.csv,5760.0,850.0,0,0.7,0.0,0.7,2,15.0,0.0,0.0,0.0,0.0,0.0,0.0,900.454
5760_dose_850_gradient_0_VconcST_0_Vconc_0.7_run_2.csv,5760.0,850.0,0,0.7,0.0,0.7,2,15.25,0.0,0.0,0.0,0.0,0.0,0.0,877.345
5760_dose_850_gradient_0_VconcST_0_Vconc_0.7_run_2.csv,5760.0,850.0,0,0.7,0.0,0.7,2,15.5,0.0,0.0,0.0,0.0,0.0,0.0,905.197
5760_dose_850_gradient_0_VconcST_0_Vconc_0.7_run_2.csv,5760.0,850.0,0,0.7,0.0,0.7,2,15.75,0.0,0.0,0.0,0.0,0.0,0.0,869.053
5760_dose_850_gradient_0_VconcST_0_Vconc_0.7_run_2.csv,5760.0,850.0,0,0.7,0.0,0.7,2,16.0,0.0,0.0,0.0,0.0,0.0,0.0,928.034
5760_dose_850_gradient_0_VconcST_0_Vconc_0.7_run_2.csv,5760.0,850.0,0,0.7,0.0,0.7,2,16.25,0.0,0.0,0.0,0.0,0.0,0.0,853.227
5760_dose_850_gradient_0_VconcST_0_Vconc_0.7_run_2.csv,5760.0,850.0,0,0.7,0.0,0.7,2,16.5,0.0,0.0,0.0,0.0,0.0,0.0,942.847
5760_dose_800_gradient_0_VconcST_0_Vconc_0.8_run_2.csv,5760.0,800.0,0,0.8,0.0,0.8,2,0.0,0.0,0.0,0.0,0.0,0.0,0.0,0.0
5760_dose_800_gradient_0_VconcST_0_Vconc_0.8_run_2.csv,5760.0,800.0,0,0.8,0.0,0.8,2,0.25,0.0,0.0,0.0,0.0,0.0,0.0,2058.62
5760_dose_800_gradient_0_VconcST_0_Vconc_0.8_run_2.csv,5760.0,800.0,0,0.8,0.0,0.8,2,0.5,0.0,0.0,0.0,0.0,0.0,0.0,30.4339
5760_dose_800_gradient_0_VconcST_0_Vconc_0.8_run_2.csv,5760.0,800.0,0,0.8,0.0,0.8,2,0.75,0.0,0.0,0.0,0.0,0.0,0.0,1939.41
5760_dose_800_gradient_0_VconcST_0_Vconc_0.8_run_2.csv,5760.0,800.0,0,0.8,0.0,0.8,2,1.0,0.0,0.0,0.0,0.0,0.0,0.0,109.765
5760_dose_800_gradient_0_VconcST_0_Vconc_0.8_run_2.csv,5760.0,800.0,0,0.8,0.0,0.8,2,1.25,0.0,0.0,0.0,0.0,0.0,0.0,1871.75
5760_dose_800_gradient_0_VconcST_0_Vconc_0.8_run_2.csv,5760.0,800.0,0,0.8,0.0,0.8,2,1.5,0.0,0.0,0.0,0.0,0.0,0.0,131.416
5760_dose_800_gradient_0_VconcST_0_Vconc_0.8_run_2.csv,5760.0,800.0,0,0.8,0.0,0.8,2,1.75,0.0,0.0,0.0,0.0,0.0,0.0,1800.73
5760_dose_800_gradient_0_VconcST_0_Vconc_0.8_run_2.csv,5760.0,800.0,0,0.8,0.0,0.8,2,2.0,0.0,0.0,0.0,0.0,0.0,0.0,204.898
5760_dose_800_gradient_0_VconcST_0_Vconc_0.8_run_2.csv,5760.0,800.0,0,0.8,0.0,0.8,2,2.25,0.0,0.0,0.0,0.0,0.0,0.0,1687.78
5760_dose_800_gradient_0_VconcST_0_Vconc_0.8_run_2.csv,5760.0,800.0,0,0.8,0.0,0.8,2,2.5,0.0,0.0,0.0,0.0,0.0,0.0,298.849
5760_dose_800_gradient_0_VconcST_0_Vconc_0.8_run_2.csv,5760.0,800.0,0,0.8,0.0,0.8,2,2.75,0.0,0.0,0.0,0.0,0.0,0.0,1548.62
5760_dose_800_gradient_0_VconcST_0_Vconc_0.8_run_2.csv,5760.0,800.0,0,0.8,0.0,0.8,2,3.0,0.0,0.0,0.0,0.0,0.0,0.0,449.246
5760_dose_800_gradient_0_VconcST_0_Vconc_0.8_run_2.csv,5760.0,800.0,0,0.8,0.0,0.8,2,3.25,0.0,0.0,0.0,0.0,0.0,0.0,1430.69
5760_dose_800_gradient_0_VconcST_0_Vconc_0.8_run_2.csv,5760.0,800.0,0,0.8,0.0,0.8,2,3.5,0.0,0.0,0.0,0.0,0.0,0.0,540.44
5760_dose_800_gradient_0_VconcST_0_Vconc_0.8_run_2.csv,5760.0,800.0,0,0.8,0.0,0.8,2,3.75,0.0,0.0,0.0,0.0,0.0,0.0,1394.74
5760_dose_800_gradient_0_VconcST_0_Vconc_0.8_run_2.csv,5760.0,800.0,0,0.8,0.0,0.8,2,4.0,0.0,0.0,0.0,0.0,0.0,0.0,680.055
5760_dose_800_gradient_0_VconcST_0_Vconc_0.8_run_2.csv,5760.0,800.0,0,0.8,0.0,0.8,2,4.25,0.0,0.0,0.0,0.0,0.0,0.0,1177.37
5760_dose_800_gradient_0_VconcST_0_Vconc_0.8_run_2.csv,5760.0,800.0,0,0.8,0.0,0.8,2,4.5,0.0,0.0,0.0,0.0,0.0,0.0,825.548
5760_dose_800_gradient_0_VconcST_0_Vconc_0.8_run_2.csv,5760.0,800.0,0,0.8,0.0,0.8,2,4.75,0.0,0.0,0.0,0.0,0.0,0.0,1073.99
5760_dose_800_gradient_0_VconcST_0_Vconc_0.8_run_2.csv,5760.0,800.0,0,0.8,0.0,0.8,2,5.0,0.0,0.0,0.0,0.0,0.0,0.0,976.564
5760_dose_800_gradient_0_VconcST_0_Vconc_0.8_run_2.csv,5760.0,800.0,0,0.8,0.0,0.8,2,5.25,0.0,0.0,0.0,0.0,0.0,0.0,953.655
5760_dose_800_gradient_0_VconcST_0_Vconc_0.8_run_2.csv,5760.0,800.0,0,0.8,0.0,0.8,2,5.5,0.0,0.0,0.0,0.0,0.0,0.0,1166.73
5760_dose_800_gradient_0_VconcST_0_Vconc_0.8_run_2.csv,5760.0,800.0,0,0.8,0.0,0.8,2,5.75,0.0,0.0,0.0,0.0,0.0,0.0,782.428
5760_dose_800_gradient_0_VconcST_0_Vconc_0.8_run_2.csv,5760.0,800.0,0,0.8,0.0,0.8,2,6.0,0.0,0.0,0.0,0.0,0.0,0.0,1335.56
5760_dose_800_gradient_0_VconcST_0_Vconc_0.8_run_2.csv,5760.0,800.0,0,0.8,0.0,0.8,2,6.25,0.0,0.0,0.0,0.0,0.0,0.0,694.111
5760_dose_800_gradient_0_VconcST_0_Vconc_0.8_run_2.csv,5760.0,800.0,0,0.8,0.0,0.8,2,6.5,0.0,0.0,0.0,0.0,0.0,0.0,1473.58
5760_dose_800_gradient_0_VconcST_0_Vconc_0.8_run_2.csv,5760.0,800.0,0,0.8,0.0,0.8,2,6.75,0.0,0.0,0.0,0.0,0.0,0.0,771.79
5760_dose_800_gradient_0_VconcST_0_Vconc_0.8_run_2.csv,5760.0,800.0,0,0.8,0.0,0.8,2,7.0,0.0,0.0,0.0,0.0,0.0,0.0,1471.56
5760_dose_800_gradient_0_VconcST_0_Vconc_0.8_run_2.csv,5760.0,800.0,0,0.8,0.0,0.8,2,7.25,0.0,0.0,0.0,0.0,0.0,0.0,965.84
5760_dose_800_gradient_0_VconcST_0_Vconc_0.8_run_2.csv,5760.0,800.0,0,0.8,0.0,0.8,2,7.5,0.0,0.0,0.0,0.0,0.0160156,0.0,1469.77
5760_dose_800_gradient_0_VconcST_0_Vconc_0.8_run_2.csv,5760.0,800.0,0,0.8,0.0,0.8,2,7.75,0.0,0.0,0.0,0.0,0.0647135,0.0,1422.12
5760_dose_800_gradient_0_VconcST_0_Vconc_0.8_run_2.csv,5760.0,800.0,0,0.8,0.0,0.8,2,8.0,0.0,0.0,0.0,0.0,0.144661,0.0,1695.3
5760_dose_800_gradient_0_VconcST_0_Vconc_0.8_run_2.csv,5760.0,800.0,0,0.8,0.0,0.8,2,8.25,0.0,0.0,0.0,0.0,0.255859,0.0,1887.64
5760_dose_800_gradient_0_VconcST_0_Vconc_0.8_run_2.csv,5760.0,800.0,0,0.8,0.0,0.8,2,8.5,0.0,0.0,0.0,0.0,0.398307,0.0,2169.57
5760_dose_800_gradient_0_VconcST_0_Vconc_0.8_run_2.csv,5760.0,800.0,0,0.8,0.0,0.8,2,8.75,0.0,0.0,0.0,0.0,0.572005,0.0,2236.37
5760_dose_800_gradient_0_VconcST_0_Vconc_0.8_run_2.csv,5760.0,800.0,0,0.8,0.0,0.8,2,9.0,0.0,0.0,0.0,0.0,0.775994,0.0,2276.57
5760_dose_800_gradient_0_VconcST_0_Vconc_0.8_run_2.csv,5760.0,800.0,0,0.8,0.0,0.8,2,9.25,0.0,0.0,0.0,0.0,0.967708,0.0,2148.12
5760_dose_800_gradient_0_VconcST_0_Vconc_0.8_run_2.csv,5760.0,800.0,0,0.8,0.0,0.8,2,9.5,0.0,0.0,0.0,0.0,1.0,0.0,2185.69
5760_dose_800_gradient_0_VconcST_0_Vconc_0.8_run_2.csv,5760.0,800.0,0,0.8,0.0,0.8,2,9.75,0.0,0.0,0.0,0.0,1.0,0.0,2238.66
5760_dose_800_gradient_0_VconcST_0_Vconc_0.8_run_2.csv,5760.0,800.0,0,0.8,0.0,0.8,2,10.0,0.0,0.0,0.0,0.0,1.0,0.0,2187.68
5760_dose_800_gradient_0_VconcST_0_Vconc_0.8_run_2.csv,5760.0,800.0,0,0.8,0.0,0.8,2,10.25,0.0,0.0,0.0,0.0,1.0,0.0,2276.09
5760_dose_800_gradient_0_VconcST_0_Vconc_0.8_run_2.csv,5760.0,800.0,0,0.8,0.0,0.8,2,10.5,0.0,0.0,0.0,0.0,1.0,0.0,2210.6
5760_dose_800_gradient_0_VconcST_0_Vconc_0.8_run_2.csv,5760.0,800.0,0,0.8,0.0,0.8,2,10.75,0.0,0.0,0.0,0.0,1.0,0.0,2226.91
5760_dose_800_gradient_0_VconcST_0_Vconc_0.8_run_2.csv,5760.0,800.0,0,0.8,0.0,0.8,2,11.0,0.0,0.0,0.0,0.0,1.0,0.0,2252.03
5760_dose_800_gradient_0_VconcST_0_Vconc_0.8_run_2.csv,5760.0,800.0,0,0.8,0.0,0.8,2,11.25,0.0,0.0,0.0,0.0,1.0,0.0,2169.73
5760_dose_800_gradient_0_VconcST_0_Vconc_0.8_run_2.csv,5760.0,800.0,0,0.8,0.0,0.8,2,11.5,0.0,0.0,0.0,0.0,1.0,0.0,2072.77
5760_dose_800_gradient_0_VconcST_0_Vconc_0.8_run_2.csv,5760.0,800.0,0,0.8,0.0,0.8,2,11.75,0.0,0.0,0.0,0.0,1.0,0.0,2071.01
5760_dose_800_gradient_0_VconcST_0_Vconc_0.8_run_2.csv,5760.0,800.0,0,0.8,0.0,0.8,2,12.0,0.0,0.0,0.0,0.0,1.0,0.0,2244.63
5760_dose_800_gradient_0_VconcST_0_Vconc_0.8_run_2.csv,5760.0,800.0,0,0.8,0.0,0.8,2,12.25,0.0,0.0,0.0,0.0,1.0,0.0,2211.23
5760_dose_800_gradient_0_VconcST_0_Vconc_0.8_run_2.csv,5760.0,800.0,0,0.8,0.0,0.8,2,12.5,0.0,0.0,0.0,0.0,1.0,0.0,2245.51
5760_dose_800_gradient_0_VconcST_0_Vconc_0.8_run_2.csv,5760.0,800.0,0,0.8,0.0,0.8,2,12.75,0.0,0.0,0.0,0.0,1.0,0.0,2151.64
5760_dose_800_gradient_0_VconcST_0_Vconc_0.8_run_2.csv,5760.0,800.0,0,0.8,0.0,0.8,2,13.0,0.0,0.0,0.0,0.0,1.0,0.0,2137.17
5760_dose_800_gradient_0_VconcST_0_Vconc_0.8_run_2.csv,5760.0,800.0,0,0.8,0.0,0.8,2,13.25,0.0,0.0,0.0,0.0,1.0,0.0,2212.38
5760_dose_800_gradient_0_VconcST_0_Vconc_0.8_run_2.csv,5760.0,800.0,0,0.8,0.0,0.8,2,13.5,0.0,0.0,0.0,0.0,1.0,0.0,2228.11
5760_dose_800_gradient_0_VconcST_0_Vconc_0.8_run_2.csv,5760.0,800.0,0,0.8,0.0,0.8,2,13.75,0.0,0.0,0.0,0.0,1.0,0.0,2203.45
5760_dose_800_gradient_0_VconcST_0_Vconc_0.8_run_2.csv,5760.0,800.0,0,0.8,0.0,0.8,2,14.0,0.0,0.0,0.0,0.0,1.0,0.0,2192.46
5760_dose_800_gradient_0_VconcST_0_Vconc_0.8_run_2.csv,5760.0,800.0,0,0.8,0.0,0.8,2,14.25,0.0,0.0,0.0,0.0,1.0,0.0,2264.14
5760_dose_800_gradient_0_VconcST_0_Vconc_0.8_run_2.csv,5760.0,800.0,0,0.8,0.0,0.8,2,14.5,0.0,0.0,0.0,0.0,1.0,0.0,2175.95
5760_dose_800_gradient_0_VconcST_0_Vconc_0.8_run_2.csv,5760.0,800.0,0,0.8,0.0,0.8,2,14.75,0.0,0.0,0.0,0.0,1.0,0.0,2213.61
5760_dose_800_gradient_0_VconcST_0_Vconc_0.8_run_2.csv,5760.0,800.0,0,0.8,0.0,0.8,2,15.0,0.0,0.0,0.0,0.0,1.0,0.0,2206.22
5760_dose_800_gradient_0_VconcST_0_Vconc_0.8_run_2.csv,5760.0,800.0,0,0.8,0.0,0.8,2,15.25,0.0,0.0,0.0,0.0,1.0,0.0,2251.19
5760_dose_800_gradient_0_VconcST_0_Vconc_0.8_run_2.csv,5760.0,800.0,0,0.8,0.0,0.8,2,15.5,0.0,0.0,0.0,0.0,1.0,0.0,2246.1
5760_dose_800_gradient_0_VconcST_0_Vconc_0.8_run_2.csv,5760.0,800.0,0,0.8,0.0,0.8,2,15.75,0.0,0.0,0.0,0.0,1.0,0.0,2180.63
5760_dose_800_gradient_0_VconcST_0_Vconc_0.8_run_2.csv,5760.0,800.0,0,0.8,0.0,0.8,2,16.0,0.0,0.0,0.0,0.0,1.0,0.0,2181.68
5760_dose_800_gradient_0_VconcST_0_Vconc_0.8_run_2.csv,5760.0,800.0,0,0.8,0.0,0.8,2,16.25,0.0,0.0,0.0,0.0,1.0,0.0,2205.9
5760_dose_800_gradient_0_VconcST_0_Vconc_0.8_run_2.csv,5760.0,800.0,0,0.8,0.0,0.8,2,16.5,0.0,0.0,0.0,0.0,1.0,0.0,2180.01
5760_dose_750_gradient_0_VconcST_0_Vconc_0.8_run_2.csv,5760.0,750.0,0,0.8,0.0,0.8,2,0.0,0.0,0.0,0.0,0.0,0.0,0.0,0.0
5760_dose_750_gradient_0_VconcST_0_Vconc_0.8_run_2.csv,5760.0,750.0,0,0.8,0.0,0.8,2,0.25,0.0,0.0,0.0,0.0,0.0,0.0,2058.3
5760_dose_750_gradient_0_VconcST_0_Vconc_0.8_run_2.csv,5760.0,750.0,0,0.8,0.0,0.8,2,0.5,0.0,0.0,0.0,0.0,0.0,0.0,44.8946
5760_dose_750_gradient_0_VconcST_0_Vconc_0.8_run_2.csv,5760.0,750.0,0,0.8,0.0,0.8,2,0.75,0.0,0.0,0.0,0.0,0.0,0.0,1963.59
5760_dose_750_gradient_0_VconcST_0_Vconc_0.8_run_2.csv,5760.0,750.0,0,0.8,0.0,0.8,2,1.0,0.0,0.0,0.0,0.0,0.0,0.0,93.8161
5760_dose_750_gradient_0_VconcST_0_Vconc_0.8_run_2.csv,5760.0,750.0,0,0.8,0.0,0.8,2,1.25,0.0,0.0,0.0,0.0,0.0,0.0,1880.73
5760_dose_750_gradient_0_VconcST_0_Vconc_0.8_run_2.csv,5760.0,750.0,0,0.8,0.0,0.8,2,1.5,0.0,0.0,0.0,0.0,0.0,0.0,145.872
5760_dose_750_gradient_0_VconcST_0_Vconc_0.8_run_2.csv,5760.0,750.0,0,0.8,0.0,0.8,2,1.75,0.0,0.0,0.0,0.0,0.0,0.0,1759.55
5760_dose_750_gradient_0_VconcST_0_Vconc_0.8_run_2.csv,5760.0,750.0,0,0.8,0.0,0.8,2,2.0,0.0,0.0,0.0,0.0,0.0,0.0,219.669
5760_dose_750_gradient_0_VconcST_0_Vconc_0.8_run_2.csv,5760.0,750.0,0,0.8,0.0,0.8,2,2.25,0.0,0.0,0.0,0.0,0.0,0.0,1682.39
5760_dose_750_gradient_0_VconcST_0_Vconc_0.8_run_2.csv,5760.0,750.0,0,0.8,0.0,0.8,2,2.5,0.0,0.0,0.0,0.0,0.0,0.0,316.517
5760_dose_750_gradient_0_VconcST_0_Vconc_0.8_run_2.csv,5760.0,750.0,0,0.8,0.0,0.8,2,2.75,0.0,0.0,0.0,0.0,0.0,0.0,1622.83
5760_dose_750_gradient_0_VconcST_0_Vconc_0.8_run_2.csv,5760.0,750.0,0,0.8,0.0,0.8,2,3.0,0.0,0.0,0.0,0.0,0.0,0.0,365.084
5760_dose_750_gradient_0_VconcST_0_Vconc_0.8_run_2.csv,5760.0,750.0,0,0.8,0.0,0.8,2,3.25,0.0,0.0,0.0,0.0,0.0,0.0,1492.56
5760_dose_750_gradient_0_VconcST_0_Vconc_0.8_run_2.csv,5760.0,750.0,0,0.8,0.0,0.8,2,3.5,0.0,0.0,0.0,0.0,0.0,0.0,480.078
5760_dose_750_gradient_0_VconcST_0_Vconc_0.8_run_2.csv,5760.0,750.0,0,0.8,0.0,0.8,2,3.75,0.0,0.0,0.0,0.0,0.0,0.0,1431.18
5760_dose_750_gradient_0_VconcST_0_Vconc_0.8_run_2.csv,5760.0,750.0,0,0.8,0.0,0.8,2,4.0,0.0,0.0,0.0,0.0,0.0,0.0,557.131
5760_dose_750_gradient_0_VconcST_0_Vconc_0.8_run_2.csv,5760.0,750.0,0,0.8,0.0,0.8,2,4.25,0.0,0.0,0.0,0.0,0.0,0.0,1287.17
5760_dose_750_gradient_0_VconcST_0_Vconc_0.8_run_2.csv,5760.0,750.0,0,0.8,0.0,0.8,2,4.5,0.0,0.0,0.0,0.0,0.0,0.0,761.802
5760_dose_750_gradient_0_VconcST_0_Vconc_0.8_run_2.csv,5760.0,750.0,0,0.8,0.0,0.8,2,4.75,0.0,0.0,0.0,0.0,0.0,0.0,1119.23
5760_dose_750_gradient_0_VconcST_0_Vconc_0.8_run_2.csv,5760.0,750.0,0,0.8,0.0,0.8,2,5.0,0.0,0.0,0.0,0.0,0.0,0.0,899.887
5760_dose_750_gradient_0_VconcST_0_Vconc_0.8_run_2.csv,5760.0,750.0,0,0.8,0.0,0.8,2,5.25,0.0,0.0,0.0,0.0,0.0,0.0,1017.3
5760_dose_750_gradient_0_VconcST_0_Vconc_0.8_run_2.csv,5760.0,750.0,0,0.8,0.0,0.8,2,5.5,0.0,0.0,0.0,0.0,0.0,0.0,1061.7
5760_dose_750_gradient_0_VconcST_0_Vconc_0.8_run_2.csv,5760.0,750.0,0,0.8,0.0,0.8,2,5.75,0.0,0.0,0.0,0.0,0.0,0.0,896.042
5760_dose_750_gradient_0_VconcST_0_Vconc_0.8_run_2.csv,5760.0,750.0,0,0.8,0.0,0.8,2,6.0,0.0,0.0,0.0,0.0,0.0,0.0,1139.35
5760_dose_750_gradient_0_VconcST_0_Vconc_0.8_run_2.csv,5760.0,750.0,0,0.8,0.0,0.8,2,6.25,0.0,0.0,0.0,0.0,0.0,0.0,807.833
5760_dose_750_gradient_0_VconcST_0_Vconc_0.8_run_2.csv,5760.0,750.0,0,0.8,0.0,0.8,2,6.5,0.0,0.0,0.0,0.0,0.0,0.0,1310.53
5760_dose_750_gradient_0_VconcST_0_Vconc_0.8_run_2.csv,5760.0,750.0,0,0.8,0.0,0.8,2,6.75,0.0,0.0,0.0,0.0,0.0,0.0,666.038
5760_dose_750_gradient_0_VconcST_0_Vconc_0.8_run_2.csv,5760.0,750.0,0,0.8,0.0,0.8,2,7.0,0.0,0.0,0.0,0.0,0.0,0.0,1432.39
5760_dose_750_gradient_0_VconcST_0_Vconc_0.8_run_2.csv,5760.0,750.0,0,0.8,0.0,0.8,2,7.25,0.0,0.0,0.0,0.0,0.0,0.0,618.581
5760_dose_750_gradient_0_VconcST_0_Vconc_0.8_run_2.csv,5760.0,750.0,0,0.8,0.0,0.8,2,7.5,0.0,0.0,0.0,0.0,0.0,0.0,1533.68
5760_dose_750_gradient_0_VconcST_0_Vconc_0.8_run_2.csv,5760.0,750.0,0,0.8,0.0,0.8,2,7.75,0.0,0.0,0.0,0.0,0.0,0.0,551.295
5760_dose_750_gradient_0_VconcST_0_Vconc_0.8_run_2.csv,5760.0,750.0,0,0.8,0.0,0.8,2,8.0,0.0,0.0,0.0,0.0,0.000440538,0.0,1677.58
5760_dose_750_gradient_0_VconcST_0_Vconc_0.8_run_2.csv,5760.0,750.0,0,0.8,0.0,0.8,2,8.25,0.0,0.0,0.0,0.0,0.0,0.0,669.389
5760_dose_750_gradient_0_VconcST_0_Vconc_0.8_run_2.csv,5760.0,750.0,0,0.8,0.0,0.8,2,8.5,0.0,0.0,0.0,0.0,0.0107595,0.0,1594.73
5760_dose_750_gradient_0_VconcST_0_Vconc_0.8_run_2.csv,5760.0,750.0,0,0.8,0.0,0.8,2,8.75,0.0,0.0,0.0,0.0,0.0044401,0.0,961.696
5760_dose_750_gradient_0_VconcST_0_Vconc_0.8_run_2.csv,5760.0,750.0,0,0.8,0.0,0.8,2,9.0,0.0,0.0,0.0,0.0,0.0274045,0.0,1454.85
5760_dose_750_gradient_0_VconcST_0_Vconc_0.8_run_2.csv,5760.0,750.0,0,0.8,0.0,0.8,2,9.25,0.0,0.0,0.0,0.0,0.0807378,0.0,1551.02
5760_dose_750_gradient_0_VconcST_0_Vconc_0.8_run_2.csv,5760.0,750.0,0,0.8,0.0,0.8,2,9.5,0.0,0.0,0.0,0.0,0.167457,0.0,1796.76
5760_dose_750_gradient_0_VconcST_0_Vconc_0.8_run_2.csv,5760.0,750.0,0,0.8,0.0,0.8,2,9.75,0.0,0.0,0.0,0.0,0.285425,0.0,1982.26
5760_dose_750_gradient_0_VconcST_0_Vconc_0.8_run_2.csv,5760.0,750.0,0,0.8,0.0,0.8,2,10.0,0.0,0.0,0.0,0.0,0.414379,0.0,2221.1
5760_dose_750_gradient_0_VconcST_0_Vconc_0.8_run_2.csv,5760.0,750.0,0,0.8,0.0,0.8,2,10.25,0.0,0.0,0.0,0.0,0.583611,0.0,2160.61
5760_dose_750_gradient_0_VconcST_0_Vconc_0.8_run_2.csv,5760.0,750.0,0,0.8,0.0,0.8,2,10.5,0.0,0.0,0.0,0.0,0.762565,0.0,2253.34
5760_dose_750_gradient_0_VconcST_0_Vconc_0.8_run_2.csv,5760.0,750.0,0,0.8,0.0,0.8,2,10.75,0.0,0.0,0.0,0.0,0.926042,0.0,2204.79
5760_dose_750_gradient_0_VconcST_0_Vconc_0.8_run_2.csv,5760.0,750.0,0,0.8,0.0,0.8,2,11.0,0.0,0.0,0.0,0.0,0.9875,0.0,2203.41
5760_dose_750_gradient_0_VconcST_0_Vconc_0.8_run_2.csv,5760.0,750.0,0,0.8,0.0,0.8,2,11.25,0.0,0.0,0.0,0.0,1.0,0.0,2245.2
5760_dose_750_gradient_0_VconcST_0_Vconc_0.8_run_2.csv,5760.0,750.0,0,0.8,0.0,0.8,2,11.5,0.0,0.0,0.0,0.0,1.0,0.0,2182.72
5760_dose_750_gradient_0_VconcST_0_Vconc_0.8_run_2.csv,5760.0,750.0,0,0.8,0.0,0.8,2,11.75,0.0,0.0,0.0,0.0,1.0,0.0,2243.44
5760_dose_750_gradient_0_VconcST_0_Vconc_0.8_run_2.csv,5760.0,750.0,0,0.8,0.0,0.8,2,12.0,0.0,0.0,0.0,0.0,1.0,0.0,2171.59
5760_dose_750_gradient_0_VconcST_0_Vconc_0.8_run_2.csv,5760.0,750.0,0,0.8,0.0,0.8,2,12.25,0.0,0.0,0.0,0.0,1.0,0.0,2213.82
5760_dose_750_gradient_0_VconcST_0_Vconc_0.8_run_2.csv,5760.0,750.0,0,0.8,0.0,0.8,2,12.5,0.0,0.0,0.0,0.0,1.0,0.0,2147.5
5760_dose_750_gradient_0_VconcST_0_Vconc_0.8_run_2.csv,5760.0,750.0,0,0.8,0.0,0.8,2,12.75,0.0,0.0,0.0,0.0,1.0,0.0,2202.96
5760_dose_750_gradient_0_VconcST_0_Vconc_0.8_run_2.csv,5760.0,750.0,0,0.8,0.0,0.8,2,13.0,0.0,0.0,0.0,0.0,1.0,0.0,2247.24
5760_dose_750_gradient_0_VconcST_0_Vconc_0.8_run_2.csv,5760.0,750.0,0,0.8,0.0,0.8,2,13.25,0.0,0.0,0.0,0.0,1.0,0.0,2233.21
5760_dose_750_gradient_0_VconcST_0_Vconc_0.8_run_2.csv,5760.0,750.0,0,0.8,0.0,0.8,2,13.5,0.0,0.0,0.0,0.0,1.0,0.0,2202.49
5760_dose_750_gradient_0_VconcST_0_Vconc_0.8_run_2.csv,5760.0,750.0,0,0.8,0.0,0.8,2,13.75,0.0,0.0,0.0,0.0,1.0,0.0,2186.23
5760_dose_750_gradient_0_VconcST_0_Vconc_0.8_run_2.csv,5760.0,750.0,0,0.8,0.0,0.8,2,14.0,0.0,0.0,0.0,0.0,1.0,0.0,2229.43
5760_dose_750_gradient_0_VconcST_0_Vconc_0.8_run_2.csv,5760.0,750.0,0,0.8,0.0,0.8,2,14.25,0.0,0.0,0.0,0.0,1.0,0.0,2136.86
5760_dose_750_gradient_0_VconcST_0_Vconc_0.8_run_2.csv,5760.0,750.0,0,0.8,0.0,0.8,2,14.5,0.0,0.0,0.0,0.0,1.0,0.0,2199.62
5760_dose_750_gradient_0_VconcST_0_Vconc_0.8_run_2.csv,5760.0,750.0,0,0.8,0.0,0.8,2,14.75,0.0,0.0,0.0,0.0,1.0,0.0,2160.52
5760_dose_750_gradient_0_VconcST_0_Vconc_0.8_run_2.csv,5760.0,750.0,0,0.8,0.0,0.8,2,15.0,0.0,0.0,0.0,0.0,1.0,0.0,2204.45
5760_dose_750_gradient_0_VconcST_0_Vconc_0.8_run_2.csv,5760.0,750.0,0,0.8,0.0,0.8,2,15.25,0.0,0.0,0.0,0.0,1.0,0.0,2224.73
5760_dose_750_gradient_0_VconcST_0_Vconc_0.8_run_2.csv,5760.0,750.0,0,0.8,0.0,0.8,2,15.5,0.0,0.0,0.0,0.0,1.0,0.0,2237.48
5760_dose_750_gradient_0_VconcST_0_Vconc_0.8_run_2.csv,5760.0,750.0,0,0.8,0.0,0.8,2,15.75,0.0,0.0,0.0,0.0,1.0,0.0,2231.6
5760_dose_750_gradient_0_VconcST_0_Vconc_0.8_run_2.csv,5760.0,750.0,0,0.8,0.0,0.8,2,16.0,0.0,0.0,0.0,0.0,1.0,0.0,2144.92
5760_dose_750_gradient_0_VconcST_0_Vconc_0.8_run_2.csv,5760.0,750.0,0,0.8,0.0,0.8,2,16.25,0.0,0.0,0.0,0.0,1.0,0.0,2079.36
5760_dose_750_gradient_0_VconcST_0_Vconc_0.8_run_2.csv,5760.0,750.0,0,0.8,0.0,0.8,2,16.5,0.0,0.0,0.0,0.0,1.0,0.0,2226.01
5760_dose_800_gradient_0_VconcST_0_Vconc_0.8_run_1.csv,5760.0,800.0,0,0.8,0.0,0.8,1,0.0,0.0,0.0,0.0,0.0,0.0,0.0,0.0
5760_dose_800_gradient_0_VconcST_0_Vconc_0.8_run_1.csv,5760.0,800.0,0,0.8,0.0,0.8,1,0.25,0.0,0.0,0.0,0.0,0.0,0.0,2068.7
5760_dose_800_gradient_0_VconcST_0_Vconc_0.8_run_1.csv,5760.0,800.0,0,0.8,0.0,0.8,1,0.5,0.0,0.0,0.0,0.0,0.0,0.0,34.0785
5760_dose_800_gradient_0_VconcST_0_Vconc_0.8_run_1.csv,5760.0,800.0,0,0.8,0.0,0.8,1,0.75,0.0,0.0,0.0,0.0,0.0,0.0,1980.41
5760_dose_800_gradient_0_VconcST_0_Vconc_0.8_run_1.csv,5760.0,800.0,0,0.8,0.0,0.8,1,1.0,0.0,0.0,0.0,0.0,0.0,0.0,83.6109
5760_dose_800_gradient_0_VconcST_0_Vconc_0.8_run_1.csv,5760.0,800.0,0,0.8,0.0,0.8,1,1.25,0.0,0.0,0.0,0.0,0.0,0.0,1854.92
5760_dose_800_gradient_0_VconcST_0_Vconc_0.8_run_1.csv,5760.0,800.0,0,0.8,0.0,0.8,1,1.5,0.0,0.0,0.0,0.0,0.0,0.0,167.613
5760_dose_800_gradient_0_VconcST_0_Vconc_0.8_run_1.csv,5760.0,800.0,0,0.8,0.0,0.8,1,1.75,0.0,0.0,0.0,0.0,0.0,0.0,1674.16
5760_dose_800_gradient_0_VconcST_0_Vconc_0.8_run_1.csv,5760.0,800.0,0,0.8,0.0,0.8,1,2.0,0.0,0.0,0.0,0.0,0.0,0.0,313.513
5760_dose_800_gradient_0_VconcST_0_Vconc_0.8_run_1.csv,5760.0,800.0,0,0.8,0.0,0.8,1,2.25,0.0,0.0,0.0,0.0,0.0,0.0,1588.19
5760_dose_800_gradient_0_VconcST_0_Vconc_0.8_run_1.csv,5760.0,800.0,0,0.8,0.0,0.8,1,2.5,0.0,0.0,0.0,0.0,0.0,0.0,406.262
5760_dose_800_gradient_0_VconcST_0_Vconc_0.8_run_1.csv,5760.0,800.0,0,0.8,0.0,0.8,1,2.75,0.0,0.0,0.0,0.0,0.0,0.0,1553.2
5760_dose_800_gradient_0_VconcST_0_Vconc_0.8_run_1.csv,5760.0,800.0,0,0.8,0.0,0.8,1,3.0,0.0,0.0,0.0,0.0,0.0,0.0,414.962
5760_dose_800_gradient_0_VconcST_0_Vconc_0.8_run_1.csv,5760.0,800.0,0,0.8,0.0,0.8,1,3.25,0.0,0.0,0.0,0.0,0.0,0.0,1489.18
5760_dose_800_gradient_0_VconcST_0_Vconc_0.8_run_1.csv,5760.0,800.0,0,0.8,0.0,0.8,1,3.5,0.0,0.0,0.0,0.0,0.0,0.0,504.615
5760_dose_800_gradient_0_VconcST_0_Vconc_0.8_run_1.csv,5760.0,800.0,0,0.8,0.0,0.8,1,3.75,0.0,0.0,0.0,0.0,0.0,0.0,1395.82
5760_dose_800_gradient_0_VconcST_0_Vconc_0.8_run_1.csv,5760.0,800.0,0,0.8,0.0,0.8,1,4.0,0.0,0.0,0.0,0.0,0.0,0.0,667.647
5760_dose_800_gradient_0_VconcST_0_Vconc_0.8_run_1.csv,5760.0,800.0,0,0.8,0.0,0.8,1,4.25,0.0,0.0,0.0,0.0,0.0,0.0,1212.02
5760_dose_800_gradient_0_VconcST_0_Vconc_0.8_run_1.csv,5760.0,800.0,0,0.8,0.0,0.8,1,4.5,0.0,0.0,0.0,0.0,0.0,0.0,819.092
5760_dose_800_gradient_0_VconcST_0_Vconc_0.8_run_1.csv,5760.0,800.0,0,0.8,0.0,0.8,1,4.75,0.0,0.0,0.0,0.0,0.0,0.0,1084.86
5760_dose_800_gradient_0_VconcST_0_Vconc_0.8_run_1.csv,5760.0,800.0,0,0.8,0.0,0.8,1,5.0,0.0,0.0,0.0,0.0,0.0,0.0,969.152
5760_dose_800_gradient_0_VconcST_0_Vconc_0.8_run_1.csv,5760.0,800.0,0,0.8,0.0,0.8,1,5.25,0.0,0.0,0.0,0.0,0.0,0.0,982.217
5760_dose_800_gradient_0_VconcST_0_Vconc_0.8_run_1.csv,5760.0,800.0,0,0.8,0.0,0.8,1,5.5,0.0,0.0,0.0,0.0,0.0,0.0,1120.54
5760_dose_800_gradient_0_VconcST_0_Vconc_0.8_run_1.csv,5760.0,800.0,0,0.8,0.0,0.8,1,5.75,0.0,0.0,0.0,0.0,0.0,0.0,921.77
5760_dose_800_gradient_0_VconcST_0_Vconc_0.8_run_1.csv,5760.0,800.0,0,0.8,0.0,0.8,1,6.0,0.0,0.0,0.0,0.0,0.0,0.0,1303.24
5760_dose_800_gradient_0_VconcST_0_Vconc_0.8_run_1.csv,5760.0,800.0,0,0.8,0.0,0.8,1,6.25,0.0,0.0,0.0,0.0,0.000292969,0.0,970.332
5760_dose_800_gradient_0_VconcST_0_Vconc_0.8_run_1.csv,5760.0,800.0,0,0.8,0.0,0.8,1,6.5,0.0,0.0,0.0,0.0,0.00153429,0.0,1488.37
5760_dose_800_gradient_0_VconcST_0_Vconc_0.8_run_1.csv,5760.0,800.0,0,0.8,0.0,0.8,1,6.75,0.0,0.0,0.0,0.0,0.0138021,0.0,1444.9
5760_dose_800_gradient_0_VconcST_0_Vconc_0.8_run_1.csv,5760.0,800.0,0,0.8,0.0,0.8,1,7.0,0.0,0.0,0.0,0.0,0.0648438,0.0,1729.39
5760_dose_800_gradient_0_VconcST_0_Vconc_0.8_run_1.csv,5760.0,800.0,0,0.8,0.0,0.8,1,7.25,0.0,0.0,0.0,0.0,0.147135,0.0,2017.06
5760_dose_800_gradient_0_VconcST_0_Vconc_0.8_run_1.csv,5760.0,800.0,0,0.8,0.0,0.8,1,7.5,0.0,0.0,0.0,0.0,0.260677,0.0,2221.1
5760_dose_800_gradient_0_VconcST_0_Vconc_0.8_run_1.csv,5760.0,800.0,0,0.8,0.0,0.8,1,7.75,0.0,0.0,0.0,0.0,0.405469,0.0,2156.94
5760_dose_800_gradient_0_VconcST_0_Vconc_0.8_run_1.csv,5760.0,800.0,0,0.8,0.0,0.8,1,8.0,0.0,0.0,0.0,0.0,0.579362,0.0,2122.5
5760_dose_800_gradient_0_VconcST_0_Vconc_0.8_run_1.csv,5760.0,800.0,0,0.8,0.0,0.8,1,8.25,0.0,0.0,0.0,0.0,0.781185,0.0,2207.93
5760_dose_800_gradient_0_VconcST_0_Vconc_0.8_run_1.csv,5760.0,800.0,0,0.8,0.0,0.8,1,8.5,0.0,0.0,0.0,0.0,0.928711,0.0,2221.4
5760_dose_800_gradient_0_VconcST_0_Vconc_0.8_run_1.csv,5760.0,800.0,0,0.8,0.0,0.8,1,8.75,0.0,0.0,0.0,0.0,1.0,0.0,2121.4
5760_dose_800_gradient_0_VconcST_0_Vconc_0.8_run_1.csv,5760.0,800.0,0,0.8,0.0,0.8,1,9.0,0.0,0.0,0.0,0.0,1.0,0.0,2166.22
5760_dose_800_gradient_0_VconcST_0_Vconc_0.8_run_1.csv,5760.0,800.0,0,0.8,0.0,0.8,1,9.25,0.0,0.0,0.0,0.0,1.0,0.0,2165.87
5760_dose_800_gradient_0_VconcST_0_Vconc_0.8_run_1.csv,5760.0,800.0,0,0.8,0.0,0.8,1,9.5,0.0,0.0,0.0,0.0,1.0,0.0,2208.92
5760_dose_800_gradient_0_VconcST_0_Vconc_0.8_run_1.csv,5760.0,800.0,0,0.8,0.0,0.8,1,9.75,0.0,0.0,0.0,0.0,1.0,0.0,2211.2
5760_dose_800_gradient_0_VconcST_0_Vconc_0.8_run_1.csv,5760.0,800.0,0,0.8,0.0,0.8,1,10.0,0.0,0.0,0.0,0.0,1.0,0.0,2150.85
5760_dose_800_gradient_0_VconcST_0_Vconc_0.8_run_1.csv,5760.0,800.0,0,0.8,0.0,0.8,1,10.25,0.0,0.0,0.0,0.0,1.0,0.0,2106.69
5760_dose_800_gradient_0_VconcST_0_Vconc_0.8_run_1.csv,5760.0,800.0,0,0.8,0.0,0.8,1,10.5,0.0,0.0,0.0,0.0,1.0,0.0,2236.88
5760_dose_800_gradient_0_VconcST_0_Vconc_0.8_run_1.csv,5760.0,800.0,0,0.8,0.0,0.8,1,10.75,0.0,0.0,0.0,0.0,1.0,0.0,2202.68
5760_dose_800_gradient_0_VconcST_0_Vconc_0.8_run_1.csv,5760.0,800.0,0,0.8,0.0,0.8,1,11.0,0.0,0.0,0.0,0.0,1.0,0.0,2200.34
5760_dose_800_gradient_0_VconcST_0_Vconc_0.8_run_1.csv,5760.0,800.0,0,0.8,0.0,0.8,1,11.25,0.0,0.0,0.0,0.0,1.0,0.0,2197.15
5760_dose_800_gradient_0_VconcST_0_Vconc_0.8_run_1.csv,5760.0,800.0,0,0.8,0.0,0.8,1,11.5,0.0,0.0,0.0,0.0,1.0,0.0,2166.27
5760_dose_800_gradient_0_VconcST_0_Vconc_0.8_run_1.csv,5760.0,800.0,0,0.8,0.0,0.8,1,11.75,0.0,0.0,0.0,0.0,1.0,0.0,2245.24
5760_dose_800_gradient_0_VconcST_0_Vconc_0.8_run_1.csv,5760.0,800.0,0,0.8,0.0,0.8,1,12.0,0.0,0.0,0.0,0.0,1.0,0.0,2202.23
5760_dose_800_gradient_0_VconcST_0_Vconc_0.8_run_1.csv,5760.0,800.0,0,0.8,0.0,0.8,1,12.25,0.0,0.0,0.0,0.0,1.0,0.0,2113.84
5760_dose_800_gradient_0_VconcST_0_Vconc_0.8_run_1.csv,5760.0,800.0,0,0.8,0.0,0.8,1,12.5,0.0,0.0,0.0,0.0,1.0,0.0,2188.0
5760_dose_800_gradient_0_VconcST_0_Vconc_0.8_run_1.csv,5760.0,800.0,0,0.8,0.0,0.8,1,12.75,0.0,0.0,0.0,0.0,1.0,0.0,2201.8
5760_dose_800_gradient_0_VconcST_0_Vconc_0.8_run_1.csv,5760.0,800.0,0,0.8,0.0,0.8,1,13.0,0.0,0.0,0.0,0.0,1.0,0.0,2171.72
5760_dose_800_gradient_0_VconcST_0_Vconc_0.8_run_1.csv,5760.0,800.0,0,0.8,0.0,0.8,1,13.25,0.0,0.0,0.0,0.0,1.0,0.0,2216.8
5760_dose_800_gradient_0_VconcST_0_Vconc_0.8_run_1.csv,5760.0,800.0,0,0.8,0.0,0.8,1,13.5,0.0,0.0,0.0,0.0,1.0,0.0,2235.11
5760_dose_800_gradient_0_VconcST_0_Vconc_0.8_run_1.csv,5760.0,800.0,0,0.8,0.0,0.8,1,13.75,0.0,0.0,0.0,0.0,1.0,0.0,2241.07
5760_dose_800_gradient_0_VconcST_0_Vconc_0.8_run_1.csv,5760.0,800.0,0,0.8,0.0,0.8,1,14.0,0.0,0.0,0.0,0.0,1.0,0.0,2280.86
5760_dose_800_gradient_0_VconcST_0_Vconc_0.8_run_1.csv,5760.0,800.0,0,0.8,0.0,0.8,1,14.25,0.0,0.0,0.0,0.0,1.0,0.0,2254.49
5760_dose_800_gradient_0_VconcST_0_Vconc_0.8_run_1.csv,5760.0,800.0,0,0.8,0.0,0.8,1,14.5,0.0,0.0,0.0,0.0,1.0,0.0,2225.49
5760_dose_800_gradient_0_VconcST_0_Vconc_0.8_run_1.csv,5760.0,800.0,0,0.8,0.0,0.8,1,14.75,0.0,0.0,0.0,0.0,1.0,0.0,2240.34
5760_dose_800_gradient_0_VconcST_0_Vconc_0.8_run_1.csv,5760.0,800.0,0,0.8,0.0,0.8,1,15.0,0.0,0.0,0.0,0.0,1.0,0.0,2270.4
5760_dose_800_gradient_0_VconcST_0_Vconc_0.8_run_1.csv,5760.0,800.0,0,0.8,0.0,0.8,1,15.25,0.0,0.0,0.0,0.0,1.0,0.0,2281.45
5760_dose_800_gradient_0_VconcST_0_Vconc_0.8_run_1.csv,5760.0,800.0,0,0.8,0.0,0.8,1,15.5,0.0,0.0,0.0,0.0,1.0,0.0,2232.74
5760_dose_800_gradient_0_VconcST_0_Vconc_0.8_run_1.csv,5760.0,800.0,0,0.8,0.0,0.8,1,15.75,0.0,0.0,0.0,0.0,1.0,0.0,2234.67
5760_dose_800_gradient_0_VconcST_0_Vconc_0.8_run_1.csv,5760.0,800.0,0,0.8,0.0,0.8,1,16.0,0.0,0.0,0.0,0.0,1.0,0.0,2205.45
5760_dose_800_gradient_0_VconcST_0_Vconc_0.8_run_1.csv,5760.0,800.0,0,0.8,0.0,0.8,1,16.25,0.0,0.0,0.0,0.0,1.0,0.0,2185.43
5760_dose_800_gradient_0_VconcST_0_Vconc_0.8_run_1.csv,5760.0,800.0,0,0.8,0.0,0.8,1,16.5,0.0,0.0,0.0,0.0,1.0,0.0,2160.15
5760_dose_750_gradient_0_VconcST_0_Vconc_0.8_run_0.csv,5760.0,750.0,0,0.8,0.0,0.8,0,0.0,0.0,0.0,0.0,0.0,0.0,0.0,0.0
5760_dose_750_gradient_0_VconcST_0_Vconc_0.8_run_0.csv,5760.0,750.0,0,0.8,0.0,0.8,0,0.25,0.0,0.0,0.0,0.0,0.0,0.0,2011.19
5760_dose_750_gradient_0_VconcST_0_Vconc_0.8_run_0.csv,5760.0,750.0,0,0.8,0.0,0.8,0,0.5,0.0,0.0,0.0,0.0,0.0,0.0,61.6221
5760_dose_750_gradient_0_VconcST_0_Vconc_0.8_run_0.csv,5760.0,750.0,0,0.8,0.0,0.8,0,0.75,0.0,0.0,0.0,0.0,0.0,0.0,1904.43
5760_dose_750_gradient_0_VconcST_0_Vconc_0.8_run_0.csv,5760.0,750.0,0,0.8,0.0,0.8,0,1.0,0.0,0.0,0.0,0.0,0.0,0.0,122.99
5760_dose_750_gradient_0_VconcST_0_Vconc_0.8_run_0.csv,5760.0,750.0,0,0.8,0.0,0.8,0,1.25,0.0,0.0,0.0,0.0,0.0,0.0,1885.84
5760_dose_750_gradient_0_VconcST_0_Vconc_0.8_run_0.csv,5760.0,750.0,0,0.8,0.0,0.8,0,1.5,0.0,0.0,0.0,0.0,0.0,0.0,151.721
5760_dose_750_gradient_0_VconcST_0_Vconc_0.8_run_0.csv,5760.0,750.0,0,0.8,0.0,0.8,0,1.75,0.0,0.0,0.0,0.0,0.0,0.0,1808.02
5760_dose_750_gradient_0_VconcST_0_Vconc_0.8_run_0.csv,5760.0,750.0,0,0.8,0.0,0.8,0,2.0,0.0,0.0,0.0,0.0,0.0,0.0,180.591
5760_dose_750_gradient_0_VconcST_0_Vconc_0.8_run_0.csv,5760.0,750.0,0,0.8,0.0,0.8,0,2.25,0.0,0.0,0.0,0.0,0.0,0.0,1700.61
5760_dose_750_gradient_0_VconcST_0_Vconc_0.8_run_0.csv,5760.0,750.0,0,0.8,0.0,0.8,0,2.5,0.0,0.0,0.0,0.0,0.0,0.0,293.729
5760_dose_750_gradient_0_VconcST_0_Vconc_0.8_run_0.csv,5760.0,750.0,0,0.8,0.0,0.8,0,2.75,0.0,0.0,0.0,0.0,0.0,0.0,1641.16
5760_dose_750_gradient_0_VconcST_0_Vconc_0.8_run_0.csv,5760.0,750.0,0,0.8,0.0,0.8,0,3.0,0.0,0.0,0.0,0.0,0.0,0.0,338.938
5760_dose_750_gradient_0_VconcST_0_Vconc_0.8_run_0.csv,5760.0,750.0,0,0.8,0.0,0.8,0,3.25,0.0,0.0,0.0,0.0,0.0,0.0,1543.77
5760_dose_750_gradient_0_VconcST_0_Vconc_0.8_run_0.csv,5760.0,750.0,0,0.8,0.0,0.8,0,3.5,0.0,0.0,0.0,0.0,0.0,0.0,425.274
5760_dose_750_gradient_0_VconcST_0_Vconc_0.8_run_0.csv,5760.0,750.0,0,0.8,0.0,0.8,0,3.75,0.0,0.0,0.0,0.0,0.0,0.0,1446.61
5760_dose_750_gradient_0_VconcST_0_Vconc_0.8_run_0.csv,5760.0,750.0,0,0.8,0.0,0.8,0,4.0,0.0,0.0,0.0,0.0,0.0,0.0,646.893
5760_dose_750_gradient_0_VconcST_0_Vconc_0.8_run_0.csv,5760.0,750.0,0,0.8,0.0,0.8,0,4.25,0.0,0.0,0.0,0.0,0.0,0.0,1211.65
5760_dose_750_gradient_0_VconcST_0_Vconc_0.8_run_0.csv,5760.0,750.0,0,0.8,0.0,0.8,0,4.5,0.0,0.0,0.0,0.0,0.0,0.0,776.731
5760_dose_750_gradient_0_VconcST_0_Vconc_0.8_run_0.csv,5760.0,750.0,0,0.8,0.0,0.8,0,4.75,0.0,0.0,0.0,0.0,0.0,0.0,1154.66
5760_dose_750_gradient_0_VconcST_0_Vconc_0.8_run_0.csv,5760.0,750.0,0,0.8,0.0,0.8,0,5.0,0.0,0.0,0.0,0.0,0.0,0.0,829.805
5760_dose_750_gradient_0_VconcST_0_Vconc_0.8_run_0.csv,5760.0,750.0,0,0.8,0.0,0.8,0,5.25,0.0,0.0,0.0,0.0,0.0,0.0,1049.55
5760_dose_750_gradient_0_VconcST_0_Vconc_0.8_run_0.csv,5760.0,750.0,0,0.8,0.0,0.8,0,5.5,0.0,0.0,0.0,0.0,0.0,0.0,1013.29
5760_dose_750_gradient_0_VconcST_0_Vconc_0.8_run_0.csv,5760.0,750.0,0,0.8,0.0,0.8,0,5.75,0.0,0.0,0.0,0.0,0.0,0.0,903.452
5760_dose_750_gradient_0_VconcST_0_Vconc_0.8_run_0.csv,5760.0,750.0,0,0.8,0.0,0.8,0,6.0,0.0,0.0,0.0,0.0,0.0,0.0,1130.07
5760_dose_750_gradient_0_VconcST_0_Vconc_0.8_run_0.csv,5760.0,750.0,0,0.8,0.0,0.8,0,6.25,0.0,0.0,0.0,0.0,0.0,0.0,789.119
5760_dose_750_gradient_0_VconcST_0_Vconc_0.8_run_0.csv,5760.0,750.0,0,0.8,0.0,0.8,0,6.5,0.0,0.0,0.0,0.0,0.0,0.0,1300.14
5760_dose_750_gradient_0_VconcST_0_Vconc_0.8_run_0.csv,5760.0,750.0,0,0.8,0.0,0.8,0,6.75,0.0,0.0,0.0,0.0,0.0,0.0,689.326
5760_dose_750_gradient_0_VconcST_0_Vconc_0.8_run_0.csv,5760.0,750.0,0,0.8,0.0,0.8,0,7.0,0.0,0.0,0.0,0.0,0.0,0.0,1347.15
5760_dose_750_gradient_0_VconcST_0_Vconc_0.8_run_0.csv,5760.0,750.0,0,0.8,0.0,0.8,0,7.25,0.0,0.0,0.0,0.0,0.0,0.0,684.418
5760_dose_750_gradient_0_VconcST_0_Vconc_0.8_run_0.csv,5760.0,750.0,0,0.8,0.0,0.8,0,7.5,0.0,0.0,0.0,0.0,0.0,0.0,1409.02
5760_dose_750_gradient_0_VconcST_0_Vconc_0.8_run_0.csv,5760.0,750.0,0,0.8,0.0,0.8,0,7.75,0.0,0.0,0.0,0.0,0.0,0.0,719.703
5760_dose_750_gradient_0_VconcST_0_Vconc_0.8_run_0.csv,5760.0,750.0,0,0.8,0.0,0.8,0,8.0,0.0,0.0,0.0,0.0,0.0,0.0,1554.76
5760_dose_750_gradient_0_VconcST_0_Vconc_0.8_run_0.csv,5760.0,750.0,0,0.8,0.0,0.8,0,8.25,0.0,0.0,0.0,0.0,0.0,0.0,817.331
5760_dose_750_gradient_0_VconcST_0_Vconc_0.8_run_0.csv,5760.0,750.0,0,0.8,0.0,0.8,0,8.5,0.0,0.0,0.0,0.0,0.00123264,0.0,1477.04
5760_dose_750_gradient_0_VconcST_0_Vconc_0.8_run_0.csv,5760.0,750.0,0,0.8,0.0,0.8,0,8.75,0.0,0.0,0.0,0.0,0.00529514,0.0,1138.18
5760_dose_750_gradient_0_VconcST_0_Vconc_0.8_run_0.csv,5760.0,750.0,0,0.8,0.0,0.8,0,9.0,0.0,0.0,0.0,0.0,0.0369792,0.0,1427.18
5760_dose_750_gradient_0_VconcST_0_Vconc_0.8_run_0.csv,5760.0,750.0,0,0.8,0.0,0.8,0,9.25,0.0,0.0,0.0,0.0,0.101172,0.0,1530.64
5760_dose_750_gradient_0_VconcST_0_Vconc_0.8_run_0.csv,5760.0,750.0,0,0.8,0.0,0.8,0,9.5,0.0,0.0,0.0,0.0,0.196615,0.0,1778.72
5760_dose_750_gradient_0_VconcST_0_Vconc_0.8_run_0.csv,5760.0,750.0,0,0.8,0.0,0.8,0,9.75,0.0,0.0,0.0,0.0,0.323307,0.0,2093.82
5760_dose_750_gradient_0_VconcST_0_Vconc_0.8_run_0.csv,5760.0,750.0,0,0.8,0.0,0.8,0,10.0,0.0,0.0,0.0,0.0,0.461806,0.0,2159.82
5760_dose_750_gradient_0_VconcST_0_Vconc_0.8_run_0.csv,5760.0,750.0,0,0.8,0.0,0.8,0,10.25,0.0,0.0,0.0,0.0,0.647352,0.0,2241.17
5760_dose_750_gradient_0_VconcST_0_Vconc_0.8_run_0.csv,5760.0,750.0,0,0.8,0.0,0.8,0,10.5,0.0,0.0,0.0,0.0,0.82309,0.0,2165.75
5760_dose_750_gradient_0_VconcST_0_Vconc_0.8_run_0.csv,5760.0,750.0,0,0.8,0.0,0.8,0,10.75,0.0,0.0,0.0,0.0,0.969792,0.0,2035.83
5760_dose_750_gradient_0_VconcST_0_Vconc_0.8_run_0.csv,5760.0,750.0,0,0.8,0.0,0.8,0,11.0,0.0,0.0,0.0,0.0,1.0,0.0,2128.04
5760_dose_750_gradient_0_VconcST_0_Vconc_0.8_run_0.csv,5760.0,750.0,0,0.8,0.0,0.8,0,11.25,0.0,0.0,0.0,0.0,1.0,0.0,2113.02
5760_dose_750_gradient_0_VconcST_0_Vconc_0.8_run_0.csv,5760.0,750.0,0,0.8,0.0,0.8,0,11.5,0.0,0.0,0.0,0.0,1.0,0.0,2195.39
5760_dose_750_gradient_0_VconcST_0_Vconc_0.8_run_0.csv,5760.0,750.0,0,0.8,0.0,0.8,0,11.75,0.0,0.0,0.0,0.0,1.0,0.0,2228.05
5760_dose_750_gradient_0_VconcST_0_Vconc_0.8_run_0.csv,5760.0,750.0,0,0.8,0.0,0.8,0,12.0,0.0,0.0,0.0,0.0,1.0,0.0,2213.09
5760_dose_750_gradient_0_VconcST_0_Vconc_0.8_run_0.csv,5760.0,750.0,0,0.8,0.0,0.8,0,12.25,0.0,0.0,0.0,0.0,1.0,0.0,2058.21
5760_dose_750_gradient_0_VconcST_0_Vconc_0.8_run_0.csv,5760.0,750.0,0,0.8,0.0,0.8,0,12.5,0.0,0.0,0.0,0.0,1.0,0.0,2215.33
5760_dose_750_gradient_0_VconcST_0_Vconc_0.8_run_0.csv,5760.0,750.0,0,0.8,0.0,0.8,0,12.75,0.0,0.0,0.0,0.0,1.0,0.0,2175.74
5760_dose_750_gradient_0_VconcST_0_Vconc_0.8_run_0.csv,5760.0,750.0,0,0.8,0.0,0.8,0,13.0,0.0,0.0,0.0,0.0,1.0,0.0,2159.55
5760_dose_750_gradient_0_VconcST_0_Vconc_0.8_run_0.csv,5760.0,750.0,0,0.8,0.0,0.8,0,13.25,0.0,0.0,0.0,0.0,1.0,0.0,2262.78
5760_dose_750_gradient_0_VconcST_0_Vconc_0.8_run_0.csv,5760.0,750.0,0,0.8,0.0,0.8,0,13.5,0.0,0.0,0.0,0.0,1.0,0.0,2176.45
5760_dose_750_gradient_0_VconcST_0_Vconc_0.8_run_0.csv,5760.0,750.0,0,0.8,0.0,0.8,0,13.75,0.0,0.0,0.0,0.0,1.0,0.0,2100.18
5760_dose_750_gradient_0_VconcST_0_Vconc_0.8_run_0.csv,5760.0,750.0,0,0.8,0.0,0.8,0,14.0,0.0,0.0,0.0,0.0,1.0,0.0,2171.97
5760_dose_750_gradient_0_VconcST_0_Vconc_0.8_run_0.csv,5760.0,750.0,0,0.8,0.0,0.8,0,14.25,0.0,0.0,0.0,0.0,1.0,0.0,2150.2
5760_dose_750_gradient_0_VconcST_0_Vconc_0.8_run_0.csv,5760.0,750.0,0,0.8,0.0,0.8,0,14.5,0.0,0.0,0.0,0.0,1.0,0.0,2191.43
5760_dose_750_gradient_0_VconcST_0_Vconc_0.8_run_0.csv,5760.0,750.0,0,0.8,0.0,0.8,0,14.75,0.0,0.0,0.0,0.0,1.0,0.0,2153.36
5760_dose_750_gradient_0_VconcST_0_Vconc_0.8_run_0.csv,5760.0,750.0,0,0.8,0.0,0.8,0,15.0,0.0,0.0,0.0,0.0,1.0,0.0,2179.9
5760_dose_750_gradient_0_VconcST_0_Vconc_0.8_run_0.csv,5760.0,750.0,0,0.8,0.0,0.8,0,15.25,0.0,0.0,0.0,0.0,1.0,0.0,2168.01
5760_dose_750_gradient_0_VconcST_0_Vconc_0.8_run_0.csv,5760.0,750.0,0,0.8,0.0,0.8,0,15.5,0.0,0.0,0.0,0.0,1.0,0.0,2108.53
5760_dose_750_gradient_0_VconcST_0_Vconc_0.8_run_0.csv,5760.0,750.0,0,0.8,0.0,0.8,0,15.75,0.0,0.0,0.0,0.0,1.0,0.0,2199.88
5760_dose_750_gradient_0_VconcST_0_Vconc_0.8_run_0.csv,5760.0,750.0,0,0.8,0.0,0.8,0,16.0,0.0,0.0,0.0,0.0,1.0,0.0,2141.02
5760_dose_750_gradient_0_VconcST_0_Vconc_0.8_run_0.csv,5760.0,750.0,0,0.8,0.0,0.8,0,16.25,0.0,0.0,0.0,0.0,1.0,0.0,2099.46
5760_dose_750_gradient_0_VconcST_0_Vconc_0.8_run_0.csv,5760.0,750.0,0,0.8,0.0,0.8,0,16.5,0.0,0.0,0.0,0.0,1.0,0.0,2198.3
5760_dose_750_gradient_0_VconcST_0_Vconc_0.8_run_1.csv,5760.0,750.0,0,0.8,0.0,0.8,1,0.0,0.0,0.0,0.0,0.0,0.0,0.0,0.0
5760_dose_750_gradient_0_VconcST_0_Vconc_0.8_run_1.csv,5760.0,750.0,0,0.8,0.0,0.8,1,0.25,0.0,0.0,0.0,0.0,0.0,0.0,1994.22
5760_dose_750_gradient_0_VconcST_0_Vconc_0.8_run_1.csv,5760.0,750.0,0,0.8,0.0,0.8,1,0.5,0.0,0.0,0.0,0.0,0.0,0.0,71.2672
5760_dose_750_gradient_0_VconcST_0_Vconc_0.8_run_1.csv,5760.0,750.0,0,0.8,0.0,0.8,1,0.75,0.0,0.0,0.0,0.0,0.0,0.0,1968.31
5760_dose_750_gradient_0_VconcST_0_Vconc_0.8_run_1.csv,5760.0,750.0,0,0.8,0.0,0.8,1,1.0,0.0,0.0,0.0,0.0,0.0,0.0,74.6586
5760_dose_750_gradient_0_VconcST_0_Vconc_0.8_run_1.csv,5760.0,750.0,0,0.8,0.0,0.8,1,1.25,0.0,0.0,0.0,0.0,0.0,0.0,1855.38
5760_dose_750_gradient_0_VconcST_0_Vconc_0.8_run_1.csv,5760.0,750.0,0,0.8,0.0,0.8,1,1.5,0.0,0.0,0.0,0.0,0.0,0.0,171.313
5760_dose_750_gradient_0_VconcST_0_Vconc_0.8_run_1.csv,5760.0,750.0,0,0.8,0.0,0.8,1,1.75,0.0,0.0,0.0,0.0,0.0,0.0,1786.33
5760_dose_750_gradient_0_VconcST_0_Vconc_0.8_run_1.csv,5760.0,750.0,0,0.8,0.0,0.8,1,2.0,0.0,0.0,0.0,0.0,0.0,0.0,204.266
5760_dose_750_gradient_0_VconcST_0_Vconc_0.8_run_1.csv,5760.0,750.0,0,0.8,0.0,0.8,1,2.25,0.0,0.0,0.0,0.0,0.0,0.0,1762.36
5760_dose_750_gradient_0_VconcST_0_Vconc_0.8_run_1.csv,5760.0,750.0,0,0.8,0.0,0.8,1,2.5,0.0,0.0,0.0,0.0,0.0,0.0,243.691
5760_dose_750_gradient_0_VconcST_0_Vconc_0.8_run_1.csv,5760.0,750.0,0,0.8,0.0,0.8,1,2.75,0.0,0.0,0.0,0.0,0.0,0.0,1602.35
5760_dose_750_gradient_0_VconcST_0_Vconc_0.8_run_1.csv,5760.0,750.0,0,0.8,0.0,0.8,1,3.0,0.0,0.0,0.0,0.0,0.0,0.0,393.437
5760_dose_750_gradient_0_VconcST_0_Vconc_0.8_run_1.csv,5760.0,750.0,0,0.8,0.0,0.8,1,3.25,0.0,0.0,0.0,0.0,0.0,0.0,1535.56
5760_dose_750_gradient_0_VconcST_0_Vconc_0.8_run_1.csv,5760.0,750.0,0,0.8,0.0,0.8,1,3.5,0.0,0.0,0.0,0.0,0.0,0.0,458.808
5760_dose_750_gradient_0_VconcST_0_Vconc_0.8_run_1.csv,5760.0,750.0,0,0.8,0.0,0.8,1,3.75,0.0,0.0,0.0,0.0,0.0,0.0,1436.02
5760_dose_750_gradient_0_VconcST_0_Vconc_0.8_run_1.csv,5760.0,750.0,0,0.8,0.0,0.8,1,4.0,0.0,0.0,0.0,0.0,0.0,0.0,579.104
5760_dose_750_gradient_0_VconcST_0_Vconc_0.8_run_1.csv,5760.0,750.0,0,0.8,0.0,0.8,1,4.25,0.0,0.0,0.0,0.0,0.0,0.0,1346.99
5760_dose_750_gradient_0_VconcST_0_Vconc_0.8_run_1.csv,5760.0,750.0,0,0.8,0.0,0.8,1,4.5,0.0,0.0,0.0,0.0,0.0,0.0,641.434
5760_dose_750_gradient_0_VconcST_0_Vconc_0.8_run_1.csv,5760.0,750.0,0,0.8,0.0,0.8,1,4.75,0.0,0.0,0.0,0.0,0.0,0.0,1242.14
5760_dose_750_gradient_0_VconcST_0_Vconc_0.8_run_1.csv,5760.0,750.0,0,0.8,0.0,0.8,1,5.0,0.0,0.0,0.0,0.0,0.0,0.0,775.875
5760_dose_750_gradient_0_VconcST_0_Vconc_0.8_run_1.csv,5760.0,750.0,0,0.8,0.0,0.8,1,5.25,0.0,0.0,0.0,0.0,0.0,0.0,1131.69
5760_dose_750_gradient_0_VconcST_0_Vconc_0.8_run_1.csv,5760.0,750.0,0,0.8,0.0,0.8,1,5.5,0.0,0.0,0.0,0.0,0.0,0.0,977.729
5760_dose_750_gradient_0_VconcST_0_Vconc_0.8_run_1.csv,5760.0,750.0,0,0.8,0.0,0.8,1,5.75,0.0,0.0,0.0,0.0,0.0,0.0,952.421
5760_dose_750_gradient_0_VconcST_0_Vconc_0.8_run_1.csv,5760.0,750.0,0,0.8,0.0,0.8,1,6.0,0.0,0.0,0.0,0.0,0.0,0.0,1130.43
5760_dose_750_gradient_0_VconcST_0_Vconc_0.8_run_1.csv,5760.0,750.0,0,0.8,0.0,0.8,1,6.25,0.0,0.0,0.0,0.0,0.0,0.0,879.275
5760_dose_750_gradient_0_VconcST_0_Vconc_0.8_run_1.csv,5760.0,750.0,0,0.8,0.0,0.8,1,6.5,0.0,0.0,0.0,0.0,0.0,0.0,1276.93
5760_dose_750_gradient_0_VconcST_0_Vconc_0.8_run_1.csv,5760.0,750.0,0,0.8,0.0,0.8,1,6.75,0.0,0.0,0.0,0.0,0.0,0.0,757.911
5760_dose_750_gradient_0_VconcST_0_Vconc_0.8_run_1.csv,5760.0,750.0,0,0.8,0.0,0.8,1,7.0,0.0,0.0,0.0,0.0,0.0,0.0,1437.55
5760_dose_750_gradient_0_VconcST_0_Vconc_0.8_run_1.csv,5760.0,750.0,0,0.8,0.0,0.8,1,7.25,0.0,0.0,0.0,0.0,0.00163628,0.0,983.72
5760_dose_750_gradient_0_VconcST_0_Vconc_0.8_run_1.csv,5760.0,750.0,0,0.8,0.0,0.8,1,7.5,0.0,0.0,0.0,0.0,0.0255686,0.0,1587.47
5760_dose_750_gradient_0_VconcST_0_Vconc_0.8_run_1.csv,5760.0,750.0,0,0.8,0.0,0.8,1,7.75,0.0,0.0,0.0,0.0,0.081428,0.0,1530.14
5760_dose_750_gradient_0_VconcST_0_Vconc_0.8_run_1.csv,5760.0,750.0,0,0.8,0.0,0.8,1,8.0,0.0,0.0,0.0,0.0,0.164961,0.0,1608.27
5760_dose_750_gradient_0_VconcST_0_Vconc_0.8_run_1.csv,5760.0,750.0,0,0.8,0.0,0.8,1,8.25,0.0,0.0,0.0,0.0,0.282279,0.0,1895.96
5760_dose_750_gradient_0_VconcST_0_Vconc_0.8_run_1.csv,5760.0,750.0,0,0.8,0.0,0.8,1,8.5,0.0,0.0,0.0,0.0,0.430846,0.0,2181.08
5760_dose_750_gradient_0_VconcST_0_Vconc_0.8_run_1.csv,5760.0,750.0,0,0.8,0.0,0.8,1,8.75,0.0,0.0,0.0,0.0,0.610664,0.0,2132.7
5760_dose_750_gradient_0_VconcST_0_Vconc_0.8_run_1.csv,5760.0,750.0,0,0.8,0.0,0.8,1,9.0,0.0,0.0,0.0,0.0,0.821732,0.0,2210.42
5760_dose_750_gradient_0_VconcST_0_Vconc_0.8_run_1.csv,5760.0,750.0,0,0.8,0.0,0.8,1,9.25,0.0,0.0,0.0,0.0,0.9875,0.0,2248.5
5760_dose_750_gradient_0_VconcST_0_Vconc_0.8_run_1.csv,5760.0,750.0,0,0.8,0.0,0.8,1,9.5,0.0,0.0,0.0,0.0,1.0,0.0,2178.93
5760_dose_750_gradient_0_VconcST_0_Vconc_0.8_run_1.csv,5760.0,750.0,0,0.8,0.0,0.8,1,9.75,0.0,0.0,0.0,0.0,1.0,0.0,2162.86
5760_dose_750_gradient_0_VconcST_0_Vconc_0.8_run_1.csv,5760.0,750.0,0,0.8,0.0,0.8,1,10.0,0.0,0.0,0.0,0.0,1.0,0.0,2202.85
5760_dose_750_gradient_0_VconcST_0_Vconc_0.8_run_1.csv,5760.0,750.0,0,0.8,0.0,0.8,1,10.25,0.0,0.0,0.0,0.0,1.0,0.0,2186.58
5760_dose_750_gradient_0_VconcST_0_Vconc_0.8_run_1.csv,5760.0,750.0,0,0.8,0.0,0.8,1,10.5,0.0,0.0,0.0,0.0,1.0,0.0,2192.51
5760_dose_750_gradient_0_VconcST_0_Vconc_0.8_run_1.csv,5760.0,750.0,0,0.8,0.0,0.8,1,10.75,0.0,0.0,0.0,0.0,1.0,0.0,2242.55
5760_dose_750_gradient_0_VconcST_0_Vconc_0.8_run_1.csv,5760.0,750.0,0,0.8,0.0,0.8,1,11.0,0.0,0.0,0.0,0.0,1.0,0.0,2266.57
5760_dose_750_gradient_0_VconcST_0_Vconc_0.8_run_1.csv,5760.0,750.0,0,0.8,0.0,0.8,1,11.25,0.0,0.0,0.0,0.0,1.0,0.0,2127.2
5760_dose_750_gradient_0_VconcST_0_Vconc_0.8_run_1.csv,5760.0,750.0,0,0.8,0.0,0.8,1,11.5,0.0,0.0,0.0,0.0,1.0,0.0,2206.94
5760_dose_750_gradient_0_VconcST_0_Vconc_0.8_run_1.csv,5760.0,750.0,0,0.8,0.0,0.8,1,11.75,0.0,0.0,0.0,0.0,1.0,0.0,2179.06
5760_dose_750_gradient_0_VconcST_0_Vconc_0.8_run_1.csv,5760.0,750.0,0,0.8,0.0,0.8,1,12.0,0.0,0.0,0.0,0.0,1.0,0.0,2222.59
5760_dose_750_gradient_0_VconcST_0_Vconc_0.8_run_1.csv,5760.0,750.0,0,0.8,0.0,0.8,1,12.25,0.0,0.0,0.0,0.0,1.0,0.0,2132.69
5760_dose_750_gradient_0_VconcST_0_Vconc_0.8_run_1.csv,5760.0,750.0,0,0.8,0.0,0.8,1,12.5,0.0,0.0,0.0,0.0,1.0,0.0,2071.77
5760_dose_750_gradient_0_VconcST_0_Vconc_0.8_run_1.csv,5760.0,750.0,0,0.8,0.0,0.8,1,12.75,0.0,0.0,0.0,0.0,1.0,0.0,2278.36
5760_dose_750_gradient_0_VconcST_0_Vconc_0.8_run_1.csv,5760.0,750.0,0,0.8,0.0,0.8,1,13.0,0.0,0.0,0.0,0.0,1.0,0.0,2189.64
5760_dose_750_gradient_0_VconcST_0_Vconc_0.8_run_1.csv,5760.0,750.0,0,0.8,0.0,0.8,1,13.25,0.0,0.0,0.0,0.0,1.0,0.0,2162.38
5760_dose_750_gradient_0_VconcST_0_Vconc_0.8_run_1.csv,5760.0,750.0,0,0.8,0.0,0.8,1,13.5,0.0,0.0,0.0,0.0,1.0,0.0,2139.53
5760_dose_750_gradient_0_VconcST_0_Vconc_0.8_run_1.csv,5760.0,750.0,0,0.8,0.0,0.8,1,13.75,0.0,0.0,0.0,0.0,1.0,0.0,2170.35
5760_dose_750_gradient_0_VconcST_0_Vconc_0.8_run_1.csv,5760.0,750.0,0,0.8,0.0,0.8,1,14.0,0.0,0.0,0.0,0.0,1.0,0.0,2235.86
5760_dose_750_gradient_0_VconcST_0_Vconc_0.8_run_1.csv,5760.0,750.0,0,0.8,0.0,0.8,1,14.25,0.0,0.0,0.0,0.0,1.0,0.0,2276.94
5760_dose_750_gradient_0_VconcST_0_Vconc_0.8_run_1.csv,5760.0,750.0,0,0.8,0.0,0.8,1,14.5,0.0,0.0,0.0,0.0,1.0,0.0,2177.84
5760_dose_750_gradient_0_VconcST_0_Vconc_0.8_run_1.csv,5760.0,750.0,0,0.8,0.0,0.8,1,14.75,0.0,0.0,0.0,0.0,1.0,0.0,2210.13
5760_dose_750_gradient_0_VconcST_0_Vconc_0.8_run_1.csv,5760.0,750.0,0,0.8,0.0,0.8,1,15.0,0.0,0.0,0.0,0.0,1.0,0.0,2172.36
5760_dose_750_gradient_0_VconcST_0_Vconc_0.8_run_1.csv,5760.0,750.0,0,0.8,0.0,0.8,1,15.25,0.0,0.0,0.0,0.0,1.0,0.0,2177.84
5760_dose_750_gradient_0_VconcST_0_Vconc_0.8_run_1.csv,5760.0,750.0,0,0.8,0.0,0.8,1,15.5,0.0,0.0,0.0,0.0,1.0,0.0,2117.23
5760_dose_750_gradient_0_VconcST_0_Vconc_0.8_run_1.csv,5760.0,750.0,0,0.8,0.0,0.8,1,15.75,0.0,0.0,0.0,0.0,1.0,0.0,2220.61
5760_dose_750_gradient_0_VconcST_0_Vconc_0.8_run_1.csv,5760.0,750.0,0,0.8,0.0,0.8,1,16.0,0.0,0.0,0.0,0.0,1.0,0.0,2206.16
5760_dose_750_gradient_0_VconcST_0_Vconc_0.8_run_1.csv,5760.0,750.0,0,0.8,0.0,0.8,1,16.25,0.0,0.0,0.0,0.0,1.0,0.0,2243.1
5760_dose_750_gradient_0_VconcST_0_Vconc_0.8_run_1.csv,5760.0,750.0,0,0.8,0.0,0.8,1,16.5,0.0,0.0,0.0,0.0,1.0,0.0,2210.04
5760_dose_800_gradient_0_VconcST_0_Vconc_0.8_run_0.csv,5760.0,800.0,0,0.8,0.0,0.8,0,0.0,0.0,0.0,0.0,0.0,0.0,0.0,0.0
5760_dose_800_gradient_0_VconcST_0_Vconc_0.8_run_0.csv,5760.0,800.0,0,0.8,0.0,0.8,0,0.25,0.0,0.0,0.0,0.0,0.0,0.0,2043.51
5760_dose_800_gradient_0_VconcST_0_Vconc_0.8_run_0.csv,5760.0,800.0,0,0.8,0.0,0.8,0,0.5,0.0,0.0,0.0,0.0,0.0,0.0,37.8608
5760_dose_800_gradient_0_VconcST_0_Vconc_0.8_run_0.csv,5760.0,800.0,0,0.8,0.0,0.8,0,0.75,0.0,0.0,0.0,0.0,0.0,0.0,2008.4
5760_dose_800_gradient_0_VconcST_0_Vconc_0.8_run_0.csv,5760.0,800.0,0,0.8,0.0,0.8,0,1.0,0.0,0.0,0.0,0.0,0.0,0.0,62.3347
5760_dose_800_gradient_0_VconcST_0_Vconc_0.8_run_0.csv,5760.0,800.0,0,0.8,0.0,0.8,0,1.25,0.0,0.0,0.0,0.0,0.0,0.0,1868.03
5760_dose_800_gradient_0_VconcST_0_Vconc_0.8_run_0.csv,5760.0,800.0,0,0.8,0.0,0.8,0,1.5,0.0,0.0,0.0,0.0,0.0,0.0,145.088
5760_dose_800_gradient_0_VconcST_0_Vconc_0.8_run_0.csv,5760.0,800.0,0,0.8,0.0,0.8,0,1.75,0.0,0.0,0.0,0.0,0.0,0.0,1836.6
5760_dose_800_gradient_0_VconcST_0_Vconc_0.8_run_0.csv,5760.0,800.0,0,0.8,0.0,0.8,0,2.0,0.0,0.0,0.0,0.0,0.0,0.0,179.09
5760_dose_800_gradient_0_VconcST_0_Vconc_0.8_run_0.csv,5760.0,800.0,0,0.8,0.0,0.8,0,2.25,0.0,0.0,0.0,0.0,0.0,0.0,1726.24
5760_dose_800_gradient_0_VconcST_0_Vconc_0.8_run_0.csv,5760.0,800.0,0,0.8,0.0,0.8,0,2.5,0.0,0.0,0.0,0.0,0.0,0.0,280.114
5760_dose_800_gradient_0_VconcST_0_Vconc_0.8_run_0.csv,5760.0,800.0,0,0.8,0.0,0.8,0,2.75,0.0,0.0,0.0,0.0,0.0,0.0,1632.3
5760_dose_800_gradient_0_VconcST_0_Vconc_0.8_run_0.csv,5760.0,800.0,0,0.8,0.0,0.8,0,3.0,0.0,0.0,0.0,0.0,0.0,0.0,373.762
5760_dose_800_gradient_0_VconcST_0_Vconc_0.8_run_0.csv,5760.0,800.0,0,0.8,0.0,0.8,0,3.25,0.0,0.0,0.0,0.0,0.0,0.0,1513.54
5760_dose_800_gradient_0_VconcST_0_Vconc_0.8_run_0.csv,5760.0,800.0,0,0.8,0.0,0.8,0,3.5,0.0,0.0,0.0,0.0,0.0,0.0,477.412
5760_dose_800_gradient_0_VconcST_0_Vconc_0.8_run_0.csv,5760.0,800.0,0,0.8,0.0,0.8,0,3.75,0.0,0.0,0.0,0.0,0.0,0.0,1449.61
5760_dose_800_gradient_0_VconcST_0_Vconc_0.8_run_0.csv,5760.0,800.0,0,0.8,0.0,0.8,0,4.0,0.0,0.0,0.0,0.0,0.0,0.0,522.685
5760_dose_800_gradient_0_VconcST_0_Vconc_0.8_run_0.csv,5760.0,800.0,0,0.8,0.0,0.8,0,4.25,0.0,0.0,0.0,0.0,0.0,0.0,1362.03
5760_dose_800_gradient_0_VconcST_0_Vconc_0.8_run_0.csv,5760.0,800.0,0,0.8,0.0,0.8,0,4.5,0.0,0.0,0.0,0.0,0.0,0.0,699.039
5760_dose_800_gradient_0_VconcST_0_Vconc_0.8_run_0.csv,5760.0,800.0,0,0.8,0.0,0.8,0,4.75,0.0,0.0,0.0,0.0,0.0,0.0,1187.09
5760_dose_800_gradient_0_VconcST_0_Vconc_0.8_run_0.csv,5760.0,800.0,0,0.8,0.0,0.8,0,5.0,0.0,0.0,0.0,0.0,0.0,0.0,902.731
5760_dose_800_gradient_0_VconcST_0_Vconc_0.8_run_0.csv,5760.0,800.0,0,0.8,0.0,0.8,0,5.25,0.0,0.0,0.0,0.0,0.0,0.0,966.196
5760_dose_800_gradient_0_VconcST_0_Vconc_0.8_run_0.csv,5760.0,800.0,0,0.8,0.0,0.8,0,5.5,0.0,0.0,0.0,0.0,0.0,0.0,990.654
5760_dose_800_gradient_0_VconcST_0_Vconc_0.8_run_0.csv,5760.0,800.0,0,0.8,0.0,0.8,0,5.75,0.0,0.0,0.0,0.0,0.0,0.0,926.906
5760_dose_800_gradient_0_VconcST_0_Vconc_0.8_run_0.csv,5760.0,800.0,0,0.8,0.0,0.8,0,6.0,0.0,0.0,0.0,0.0,0.0,0.0,1086.69
5760_dose_800_gradient_0_VconcST_0_Vconc_0.8_run_0.csv,5760.0,800.0,0,0.8,0.0,0.8,0,6.25,0.0,0.0,0.0,0.0,0.0,0.0,831.884
5760_dose_800_gradient_0_VconcST_0_Vconc_0.8_run_0.csv,5760.0,800.0,0,0.8,0.0,0.8,0,6.5,0.0,0.0,0.0,0.0,0.0,0.0,1210.63
5760_dose_800_gradient_0_VconcST_0_Vconc_0.8_run_0.csv,5760.0,800.0,0,0.8,0.0,0.8,0,6.75,0.0,0.0,0.0,0.0,0.0,0.0,751.613
5760_dose_800_gradient_0_VconcST_0_Vconc_0.8_run_0.csv,5760.0,800.0,0,0.8,0.0,0.8,0,7.0,0.0,0.0,0.0,0.0,0.0,0.0,1332.94
5760_dose_800_gradient_0_VconcST_0_Vconc_0.8_run_0.csv,5760.0,800.0,0,0.8,0.0,0.8,0,7.25,0.0,0.0,0.0,0.0,0.0,0.0,672.187
5760_dose_800_gradient_0_VconcST_0_Vconc_0.8_run_0.csv,5760.0,800.0,0,0.8,0.0,0.8,0,7.5,0.0,0.0,0.0,0.0,0.0,0.0,1474.65
5760_dose_800_gradient_0_VconcST_0_Vconc_0.8_run_0.csv,5760.0,800.0,0,0.8,0.0,0.8,0,7.75,0.0,0.0,0.0,0.0,0.0,0.0,572.569
5760_dose_800_gradient_0_VconcST_0_Vconc_0.8_run_0.csv,5760.0,800.0,0,0.8,0.0,0.8,0,8.0,0.0,0.0,0.0,0.0,0.0,0.0,1513.3
5760_dose_800_gradient_0_VconcST_0_Vconc_0.8_run_0.csv,5760.0,800.0,0,0.8,0.0,0.8,0,8.25,0.0,0.0,0.0,0.0,0.0,0.0,533.982
5760_dose_800_gradient_0_VconcST_0_Vconc_0.8_run_0.csv,5760.0,800.0,0,0.8,0.0,0.8,0,8.5,0.0,0.0,0.0,0.0,0.0,0.0,1524.79
5760_dose_800_gradient_0_VconcST_0_Vconc_0.8_run_0.csv,5760.0,800.0,0,0.8,0.0,0.8,0,8.75,0.0,0.0,0.0,0.0,0.0,0.0,643.471
5760_dose_800_gradient_0_VconcST_0_Vconc_0.8_run_0.csv,5760.0,800.0,0,0.8,0.0,0.8,0,9.0,0.0,0.0,0.0,0.0,0.000399306,0.0,1533.44
5760_dose_800_gradient_0_VconcST_0_Vconc_0.8_run_0.csv,5760.0,800.0,0,0.8,0.0,0.8,0,9.25,0.0,0.0,0.0,0.0,0.000746528,0.0,892.001
5760_dose_800_gradient_0_VconcST_0_Vconc_0.8_run_0.csv,5760.0,800.0,0,0.8,0.0,0.8,0,9.5,0.0,0.0,0.0,0.0,0.0188889,0.0,1492.29
5760_dose_800_gradient_0_VconcST_0_Vconc_0.8_run_0.csv,5760.0,800.0,0,0.8,0.0,0.8,0,9.75,0.0,0.0,0.0,0.0,0.0688889,0.0,1397.62
5760_dose_800_gradient_0_VconcST_0_Vconc_0.8_run_0.csv,5760.0,800.0,0,0.8,0.0,0.8,0,10.0,0.0,0.0,0.0,0.0,0.150139,0.0,1761.25
5760_dose_800_gradient_0_VconcST_0_Vconc_0.8_run_0.csv,5760.0,800.0,0,0.8,0.0,0.8,0,10.25,0.0,0.0,0.0,0.0,0.262639,0.0,2013.93
5760_dose_800_gradient_0_VconcST_0_Vconc_0.8_run_0.csv,5760.0,800.0,0,0.8,0.0,0.8,0,10.5,0.0,0.0,0.0,0.0,0.406389,0.0,2057.17
5760_dose_800_gradient_0_VconcST_0_Vconc_0.8_run_0.csv,5760.0,800.0,0,0.8,0.0,0.8,0,10.75,0.0,0.0,0.0,0.0,0.581389,0.0,2165.04
5760_dose_800_gradient_0_VconcST_0_Vconc_0.8_run_0.csv,5760.0,800.0,0,0.8,0.0,0.8,0,11.0,0.0,0.0,0.0,0.0,0.766276,0.0,2226.92
5760_dose_800_gradient_0_VconcST_0_Vconc_0.8_run_0.csv,5760.0,800.0,0,0.8,0.0,0.8,0,11.25,0.0,0.0,0.0,0.0,0.963542,0.0,2175.33
5760_dose_800_gradient_0_VconcST_0_Vconc_0.8_run_0.csv,5760.0,800.0,0,0.8,0.0,0.8,0,11.5,0.0,0.0,0.0,0.0,1.0,0.0,2067.82
5760_dose_800_gradient_0_VconcST_0_Vconc_0.8_run_0.csv,5760.0,800.0,0,0.8,0.0,0.8,0,11.75,0.0,0.0,0.0,0.0,1.0,0.0,2055.24
5760_dose_800_gradient_0_VconcST_0_Vconc_0.8_run_0.csv,5760.0,800.0,0,0.8,0.0,0.8,0,12.0,0.0,0.0,0.0,0.0,1.0,0.0,2091.79
5760_dose_800_gradient_0_VconcST_0_Vconc_0.8_run_0.csv,5760.0,800.0,0,0.8,0.0,0.8,0,12.25,0.0,0.0,0.0,0.0,1.0,0.0,2182.38
5760_dose_800_gradient_0_VconcST_0_Vconc_0.8_run_0.csv,5760.0,800.0,0,0.8,0.0,0.8,0,12.5,0.0,0.0,0.0,0.0,1.0,0.0,2115.21
5760_dose_800_gradient_0_VconcST_0_Vconc_0.8_run_0.csv,5760.0,800.0,0,0.8,0.0,0.8,0,12.75,0.0,0.0,0.0,0.0,1.0,0.0,2127.66
5760_dose_800_gradient_0_VconcST_0_Vconc_0.8_run_0.csv,5760.0,800.0,0,0.8,0.0,0.8,0,13.0,0.0,0.0,0.0,0.0,1.0,0.0,1993.44
5760_dose_800_gradient_0_VconcST_0_Vconc_0.8_run_0.csv,5760.0,800.0,0,0.8,0.0,0.8,0,13.25,0.0,0.0,0.0,0.0,1.0,0.0,2192.6
5760_dose_800_gradient_0_VconcST_0_Vconc_0.8_run_0.csv,5760.0,800.0,0,0.8,0.0,0.8,0,13.5,0.0,0.0,0.0,0.0,1.0,0.0,2093.49
5760_dose_800_gradient_0_VconcST_0_Vconc_0.8_run_0.csv,5760.0,800.0,0,0.8,0.0,0.8,0,13.75,0.0,0.0,0.0,0.0,1.0,0.0,2212.93
5760_dose_800_gradient_0_VconcST_0_Vconc_0.8_run_0.csv,5760.0,800.0,0,0.8,0.0,0.8,0,14.0,0.0,0.0,0.0,0.0,1.0,0.0,2258.82
5760_dose_800_gradient_0_VconcST_0_Vconc_0.8_run_0.csv,5760.0,800.0,0,0.8,0.0,0.8,0,14.25,0.0,0.0,0.0,0.0,1.0,0.0,2293.7
5760_dose_800_gradient_0_VconcST_0_Vconc_0.8_run_0.csv,5760.0,800.0,0,0.8,0.0,0.8,0,14.5,0.0,0.0,0.0,0.0,1.0,0.0,2292.09
5760_dose_800_gradient_0_VconcST_0_Vconc_0.8_run_0.csv,5760.0,800.0,0,0.8,0.0,0.8,0,14.75,0.0,0.0,0.0,0.0,1.0,0.0,2281.57
5760_dose_800_gradient_0_VconcST_0_Vconc_0.8_run_0.csv,5760.0,800.0,0,0.8,0.0,0.8,0,15.0,0.0,0.0,0.0,0.0,1.0,0.0,2306.25
5760_dose_800_gradient_0_VconcST_0_Vconc_0.8_run_0.csv,5760.0,800.0,0,0.8,0.0,0.8,0,15.25,0.0,0.0,0.0,0.0,1.0,0.0,2286.82
5760_dose_800_gradient_0_VconcST_0_Vconc_0.8_run_0.csv,5760.0,800.0,0,0.8,0.0,0.8,0,15.5,0.0,0.0,0.0,0.0,1.0,0.0,2189.29
5760_dose_800_gradient_0_VconcST_0_Vconc_0.8_run_0.csv,5760.0,800.0,0,0.8,0.0,0.8,0,15.75,0.0,0.0,0.0,0.0,1.0,0.0,2164.19
5760_dose_800_gradient_0_VconcST_0_Vconc_0.8_run_0.csv,5760.0,800.0,0,0.8,0.0,0.8,0,16.0,0.0,0.0,0.0,0.0,1.0,0.0,2163.79
5760_dose_800_gradient_0_VconcST_0_Vconc_0.8_run_0.csv,5760.0,800.0,0,0.8,0.0,0.8,0,16.25,0.0,0.0,0.0,0.0,1.0,0.0,2175.36
5760_dose_800_gradient_0_VconcST_0_Vconc_0.8_run_0.csv,5760.0,800.0,0,0.8,0.0,0.8,0,16.5,0.0,0.0,0.0,0.0,1.0,0.0,2201.73
