filename,schedule,dose,gradient,vegf_level,VconcST,Vconc,run,hours,drug_tumour_nM,drug_gut_mgL,drug_blood_mgL,drug_blood_nM,vasc_score,vegfr_inhibition,dll4_average
1200_dose_0.005_gradient_0_VconcST_0.04_Vconc_3.2_run_0.csv,1200.0,0.005,0,3.2,0.04,3.2,0,0.0,0.0,0.0,0.0,0.0,0.0,0.0,0.0
1200_dose_0.005_gradient_0_VconcST_0.04_Vconc_3.2_run_0.csv,1200.0,0.005,0,3.2,0.04,3.2,0,0.25,0.0,0.0,0.0,0.0,0.0,0.0,8573.95
1200_dose_0.005_gradient_0_VconcST_0.04_Vconc_3.2_run_0.csv,1200.0,0.005,0,3.2,0.04,3.2,0,0.5,0.0,0.0,0.0,0.0,0.0,0.0,284.306
1200_dose_0.005_gradient_0_VconcST_0.04_Vconc_3.2_run_0.csv,1200.0,0.005,0,3.2,0.04,3.2,0,0.75,0.0,0.0,0.0,0.0,0.0,0.0,8439.11
1200_dose_0.005_gradient_0_VconcST_0.04_Vconc_3.2_run_0.csv,1200.0,0.005,0,3.2,0.04,3.2,0,1.0,0.0,0.0,0.0,0.0,0.0,0.0,283.812
1200_dose_0.005_gradient_0_VconcST_0.04_Vconc_3.2_run_0.csv,1200.0,0.005,0,3.2,0.04,3.2,0,1.25,0.0,0.0,0.0,0.0,0.0,0.0,8220.91
1200_dose_0.005_gradient_0_VconcST_0.04_Vconc_3.2_run_0.csv,1200.0,0.005,0,3.2,0.04,3.2,0,1.5,0.0,0.0,0.0,0.0,0.0,0.0,278.814
1200_dose_0.005_gradient_0_VconcST_0.04_Vconc_3.2_run_0.csv,1200.0,0.005,0,3.2,0.04,3.2,0,1.75,0.0,0.0,0.0,0.0,0.0,0.0,8347.05
1200_dose_0.005_gradient_0_VconcST_0.04_Vconc_3.2_run_0.csv,1200.0,0.005,0,3.2,0.04,3.2,0,2.0,0.0,0.0,0.0,0.0,0.0,0.0,278.034
1200_dose_0.005_gradient_0_VconcST_0.04_Vconc_3.2_run_0.csv,1200.0,0.005,0,3.2,0.04,3.2,0,2.25,0.0,0.0,0.0,0.0,0.0,0.0,8366.71
1200_dose_0.005_gradient_0_VconcST_0.04_Vconc_3.2_run_0.csv,1200.0,0.005,0,3.2,0.04,3.2,0,2.5,0.0,0.0,0.0,0.0,0.0,0.0,294.607
1200_dose_0.005_gradient_0_VconcST_0.04_Vconc_3.2_run_0.csv,1200.0,0.005,0,3.2,0.04,3.2,0,2.75,0.0,0.0,0.0,0.0,0.0,0.0,8751.38
1200_dose_0.005_gradient_0_VconcST_0.04_Vconc_3.2_run_0.csv,1200.0,0.005,0,3.2,0.04,3.2,0,3.0,0.0,0.0,0.0,0.0,0.0,0.0,299.875
1200_dose_0.005_gradient_0_VconcST_0.04_Vconc_3.2_run_0.csv,1200.0,0.005,0,3.2,0.04,3.2,0,3.25,0.0,0.0,0.0,0.0,0.0,0.0,8411.01
1200_dose_0.005_gradient_0_VconcST_0.04_Vconc_3.2_run_0.csv,1200.0,0.005,0,3.2,0.04,3.2,0,3.5,0.0,0.0,0.0,0.0,0.0,0.0,296.353
1200_dose_0.005_gradient_0_VconcST_0.04_Vconc_3.2_run_0.csv,1200.0,0.005,0,3.2,0.04,3.2,0,3.75,0.0,0.0,0.0,0.0,0.0,0.0,8305.16
1200_dose_0.005_gradient_0_VconcST_0.04_Vconc_3.2_run_0.csv,1200.0,0.005,0,3.2,0.04,3.2,0,4.0,0.0,0.0,0.0,0.0,0.0,0.0,286.616
1200_dose_0.005_gradient_0_VconcST_0.04_Vconc_3.2_run_0.csv,1200.0,0.005,0,3.2,0.04,3.2,0,4.25,0.0,0.0,0.0,0.0,0.0,0.0,9032.97
1200_dose_0.005_gradient_0_VconcST_0.04_Vconc_3.2_run_0.csv,1200.0,0.005,0,3.2,0.04,3.2,0,4.5,0.0,0.0,0.0,0.0,0.0,0.0,306.978
1200_dose_0.005_gradient_0_VconcST_0.04_Vconc_3.2_run_0.csv,1200.0,0.005,0,3.2,0.04,3.2,0,4.75,0.0,0.0,0.0,0.0,0.0,0.0,8414.97
1200_dose_0.005_gradient_0_VconcST_0.04_Vconc_3.2_run_0.csv,1200.0,0.005,0,3.2,0.04,3.2,0,5.0,0.000389313,0.005,1.51625e-07,0.000389313,0.0,0.0,286.674
1200_dose_0.005_gradient_0_VconcST_0.04_Vconc_3.2_run_0.csv,1200.0,0.005,0,3.2,0.04,3.2,0,5.25,0.0234672,0.00490091,9.13975e-06,0.0234672,0.0,0.00287758,8424.8
1200_dose_0.005_gradient_0_VconcST_0.04_Vconc_3.2_run_0.csv,1200.0,0.005,0,3.2,0.04,3.2,0,5.5,0.0460002,0.00480378,1.79157e-05,0.0460002,0.0,0.00567128,296.499
1200_dose_0.005_gradient_0_VconcST_0.04_Vconc_3.2_run_0.csv,1200.0,0.005,0,3.2,0.04,3.2,0,5.75,0.0679994,0.00470857,2.64837e-05,0.0679994,0.0,0.00838375,8503.93
1200_dose_0.005_gradient_0_VconcST_0.04_Vconc_3.2_run_0.csv,1200.0,0.005,0,3.2,0.04,3.2,0,6.0,0.0894757,0.00461525,3.4848e-05,0.0894757,0.0,0.0110175,288.172
1200_dose_0.005_gradient_0_VconcST_0.04_Vconc_3.2_run_0.csv,1200.0,0.005,0,3.2,0.04,3.2,0,6.25,0.11044,0.00452378,4.30129e-05,0.11044,0.0,0.013575,8056.41
1200_dose_0.005_gradient_0_VconcST_0.04_Vconc_3.2_run_0.csv,1200.0,0.005,0,3.2,0.04,3.2,0,6.5,0.130902,0.00443413,5.09824e-05,0.130902,0.0,0.0160586,279.394
1200_dose_0.005_gradient_0_VconcST_0.04_Vconc_3.2_run_0.csv,1200.0,0.005,0,3.2,0.04,3.2,0,6.75,0.150873,0.00434625,5.87605e-05,0.150873,0.0,0.0184705,7789.42
1200_dose_0.005_gradient_0_VconcST_0.04_Vconc_3.2_run_0.csv,1200.0,0.005,0,3.2,0.04,3.2,0,7.0,0.170363,0.00426011,6.63511e-05,0.170363,0.0,0.0208129,302.775
1200_dose_0.005_gradient_0_VconcST_0.04_Vconc_3.2_run_0.csv,1200.0,0.005,0,3.2,0.04,3.2,0,7.25,0.189381,0.00417568,7.37581e-05,0.189381,0.0,0.0230878,7793.27
1200_dose_0.005_gradient_0_VconcST_0.04_Vconc_3.2_run_0.csv,1200.0,0.005,0,3.2,0.04,3.2,0,7.5,0.207938,0.00409293,8.09852e-05,0.207938,0.0,0.0252974,269.929
1200_dose_0.005_gradient_0_VconcST_0.04_Vconc_3.2_run_0.csv,1200.0,0.005,0,3.2,0.04,3.2,0,7.75,0.226041,0.00401181,8.80362e-05,0.226041,0.0,0.0274435,7833.05
1200_dose_0.005_gradient_0_VconcST_0.04_Vconc_3.2_run_0.csv,1200.0,0.005,0,3.2,0.04,3.2,0,8.0,0.243703,0.0039323,9.49146e-05,0.243703,0.0,0.029528,279.015
1200_dose_0.005_gradient_0_VconcST_0.04_Vconc_3.2_run_0.csv,1200.0,0.005,0,3.2,0.04,3.2,0,8.25,0.260929,0.00385437,0.000101624,0.260929,0.0,0.0315527,8014.85
1200_dose_0.005_gradient_0_VconcST_0.04_Vconc_3.2_run_0.csv,1200.0,0.005,0,3.2,0.04,3.2,0,8.5,0.277731,0.00377798,0.000108168,0.277731,0.0,0.0335193,278.364
1200_dose_0.005_gradient_0_VconcST_0.04_Vconc_3.2_run_0.csv,1200.0,0.005,0,3.2,0.04,3.2,0,8.75,0.294117,0.0037031,0.000114549,0.294117,0.0,0.0354295,7710.99
1200_dose_0.005_gradient_0_VconcST_0.04_Vconc_3.2_run_0.csv,1200.0,0.005,0,3.2,0.04,3.2,0,9.0,0.310095,0.00362971,0.000120772,0.310095,0.0,0.037285,284.719
1200_dose_0.005_gradient_0_VconcST_0.04_Vconc_3.2_run_0.csv,1200.0,0.005,0,3.2,0.04,3.2,0,9.25,0.325673,0.00355778,0.00012684,0.325673,0.0,0.0390872,8020.52
1200_dose_0.005_gradient_0_VconcST_0.04_Vconc_3.2_run_0.csv,1200.0,0.005,0,3.2,0.04,3.2,0,9.5,0.340861,0.00348726,0.000132755,0.340861,0.0,0.0408376,275.201
1200_dose_0.005_gradient_0_VconcST_0.04_Vconc_3.2_run_0.csv,1200.0,0.005,0,3.2,0.04,3.2,0,9.75,0.355665,0.00341815,0.00013852,0.355665,0.0,0.0425378,7813.83
1200_dose_0.005_gradient_0_VconcST_0.04_Vconc_3.2_run_0.csv,1200.0,0.005,0,3.2,0.04,3.2,0,10.0,0.370483,0.00835041,0.000144292,0.370483,0.0,0.0441891,257.659
1200_dose_0.005_gradient_0_VconcST_0.04_Vconc_3.2_run_0.csv,1200.0,0.005,0,3.2,0.04,3.2,0,10.25,0.407623,0.00818492,0.000158757,0.407623,0.0,0.0484133,7388.23
1200_dose_0.005_gradient_0_VconcST_0.04_Vconc_3.2_run_0.csv,1200.0,0.005,0,3.2,0.04,3.2,0,10.5,0.443858,0.0080227,0.000172869,0.443858,0.0,0.0524988,264.891
1200_dose_0.005_gradient_0_VconcST_0.04_Vconc_3.2_run_0.csv,1200.0,0.005,0,3.2,0.04,3.2,0,10.75,0.479207,0.0078637,0.000186636,0.479207,0.0,0.0564508,7704.57
1200_dose_0.005_gradient_0_VconcST_0.04_Vconc_3.2_run_0.csv,1200.0,0.005,0,3.2,0.04,3.2,0,11.0,0.513688,0.00770785,0.000200066,0.513688,0.0,0.060274,266.304
1200_dose_0.005_gradient_0_VconcST_0.04_Vconc_3.2_run_0.csv,1200.0,0.005,0,3.2,0.04,3.2,0,11.25,0.547319,0.00755509,0.000213164,0.547319,0.0,0.0639733,7467.35
1200_dose_0.005_gradient_0_VconcST_0.04_Vconc_3.2_run_0.csv,1200.0,0.005,0,3.2,0.04,3.2,0,11.5,0.580117,0.00740536,0.000225937,0.580117,0.0,0.0675531,262.546
1200_dose_0.005_gradient_0_VconcST_0.04_Vconc_3.2_run_0.csv,1200.0,0.005,0,3.2,0.04,3.2,0,11.75,0.612099,0.00725859,0.000238394,0.612099,0.0,0.0710175,7487.7
1200_dose_0.005_gradient_0_VconcST_0.04_Vconc_3.2_run_0.csv,1200.0,0.005,0,3.2,0.04,3.2,0,12.0,0.643283,0.00711473,0.000250539,0.643283,0.0,0.0743708,250.518
1200_dose_0.005_gradient_0_VconcST_0.04_Vconc_3.2_run_0.csv,1200.0,0.005,0,3.2,0.04,3.2,0,12.25,0.673684,0.00697373,0.000262379,0.673684,0.0,0.0776167,7470.05
1200_dose_0.005_gradient_0_VconcST_0.04_Vconc_3.2_run_0.csv,1200.0,0.005,0,3.2,0.04,3.2,0,12.5,0.703319,0.00683552,0.000273921,0.703319,0.0,0.080759,258.982
1200_dose_0.005_gradient_0_VconcST_0.04_Vconc_3.2_run_0.csv,1200.0,0.005,0,3.2,0.04,3.2,0,12.75,0.732205,0.00670004,0.000285171,0.732205,0.0,0.0838012,7415.05
1200_dose_0.005_gradient_0_VconcST_0.04_Vconc_3.2_run_0.csv,1200.0,0.005,0,3.2,0.04,3.2,0,13.0,0.760355,0.00656726,0.000296135,0.760355,0.0,0.0867467,233.559
1200_dose_0.005_gradient_0_VconcST_0.04_Vconc_3.2_run_0.csv,1200.0,0.005,0,3.2,0.04,3.2,0,13.25,0.787785,0.0064371,0.000306818,0.787785,0.0,0.0895987,7722.04
1200_dose_0.005_gradient_0_VconcST_0.04_Vconc_3.2_run_0.csv,1200.0,0.005,0,3.2,0.04,3.2,0,13.5,0.814511,0.00630953,0.000317227,0.814511,0.0,0.0923604,239.36
1200_dose_0.005_gradient_0_VconcST_0.04_Vconc_3.2_run_0.csv,1200.0,0.005,0,3.2,0.04,3.2,0,13.75,0.840546,0.00618448,0.000327367,0.840546,0.0,0.0950347,7001.43
1200_dose_0.005_gradient_0_VconcST_0.04_Vconc_3.2_run_0.csv,1200.0,0.005,0,3.2,0.04,3.2,0,14.0,0.865906,0.00606191,0.000337244,0.865906,0.0,0.0976245,244.07
1200_dose_0.005_gradient_0_VconcST_0.04_Vconc_3.2_run_0.csv,1200.0,0.005,0,3.2,0.04,3.2,0,14.25,0.890603,0.00594177,0.000346862,0.890603,0.0,0.100132,6906.72
1200_dose_0.005_gradient_0_VconcST_0.04_Vconc_3.2_run_0.csv,1200.0,0.005,0,3.2,0.04,3.2,0,14.5,0.914653,0.00582401,0.000356229,0.914653,0.0,0.102561,230.267
1200_dose_0.005_gradient_0_VconcST_0.04_Vconc_3.2_run_0.csv,1200.0,0.005,0,3.2,0.04,3.2,0,14.75,0.938067,0.00570859,0.000365348,0.938067,0.0,0.104913,7057.41
1200_dose_0.005_gradient_0_VconcST_0.04_Vconc_3.2_run_0.csv,1200.0,0.005,0,3.2,0.04,3.2,0,15.0,0.961249,0.0105954,0.000374377,0.961249,0.0,0.107191,256.196
1200_dose_0.005_gradient_0_VconcST_0.04_Vconc_3.2_run_0.csv,1200.0,0.005,0,3.2,0.04,3.2,0,15.25,1.00651,0.0103855,0.000392005,1.00651,0.0,0.11168,6870.8
1200_dose_0.005_gradient_0_VconcST_0.04_Vconc_3.2_run_0.csv,1200.0,0.005,0,3.2,0.04,3.2,0,15.5,1.05063,0.0101796,0.000409189,1.05063,0.0,0.116013,239.075
1200_dose_0.005_gradient_0_VconcST_0.04_Vconc_3.2_run_0.csv,1200.0,0.005,0,3.2,0.04,3.2,0,15.75,1.09364,0.00997788,0.000425938,1.09364,0.0,0.120196,7067.99
1200_dose_0.005_gradient_0_VconcST_0.04_Vconc_3.2_run_0.csv,1200.0,0.005,0,3.2,0.04,3.2,0,16.0,1.13555,0.00978013,0.00044226,1.13555,0.0,0.124234,239.054
1200_dose_0.005_gradient_0_VconcST_0.04_Vconc_3.2_run_0.csv,1200.0,0.005,0,3.2,0.04,3.2,0,16.25,1.17639,0.0095863,0.000458166,1.17639,0.0,0.128133,7049.11
1200_dose_0.005_gradient_0_VconcST_0.04_Vconc_3.2_run_0.csv,1200.0,0.005,0,3.2,0.04,3.2,0,16.5,1.21617,0.00939631,0.000473662,1.21617,0.0,0.131899,233.948
1200_dose_0.005_gradient_0_VconcST_0.04_Vconc_3.2_run_0.csv,1200.0,0.005,0,3.2,0.04,3.2,0,16.75,1.25493,0.00921009,0.000488758,1.25493,0.0,0.135537,6765.32
1200_dose_0.005_gradient_0_VconcST_0.04_Vconc_3.2_run_0.csv,1200.0,0.005,0,3.2,0.04,3.2,0,17.0,1.29269,0.00902755,0.000503462,1.29269,0.0,0.139051,220.883
1200_dose_0.005_gradient_0_VconcST_0.04_Vconc_3.2_run_0.csv,1200.0,0.005,0,3.2,0.04,3.2,0,17.25,1.32946,0.00884864,0.000517782,1.32946,0.0,0.142445,6819.11
1200_dose_0.005_gradient_0_VconcST_0.04_Vconc_3.2_run_0.csv,1200.0,0.005,0,3.2,0.04,3.2,0,17.5,1.36526,0.00867327,0.000531726,1.36526,0.0,0.145725,229.152
1200_dose_0.005_gradient_0_VconcST_0.04_Vconc_3.2_run_0.csv,1200.0,0.005,0,3.2,0.04,3.2,0,17.75,1.40012,0.00850138,0.000545303,1.40012,0.0,0.148895,6519.79
1200_dose_0.005_gradient_0_VconcST_0.04_Vconc_3.2_run_0.csv,1200.0,0.005,0,3.2,0.04,3.2,0,18.0,1.43405,0.00833287,0.000558518,1.43405,0.0,0.151958,214.485
1200_dose_0.005_gradient_0_VconcST_0.04_Vconc_3.2_run_0.csv,1200.0,0.005,0,3.2,0.04,3.2,0,18.25,1.46708,0.00816772,0.000571381,1.46708,0.0,0.154918,6833.44
1200_dose_0.005_gradient_0_VconcST_0.04_Vconc_3.2_run_0.csv,1200.0,0.005,0,3.2,0.04,3.2,0,18.5,1.49921,0.00800584,0.000583898,1.49921,0.0,0.157778,209.104
1200_dose_0.005_gradient_0_VconcST_0.04_Vconc_3.2_run_0.csv,1200.0,0.005,0,3.2,0.04,3.2,0,18.75,1.53048,0.00784718,0.000596076,1.53048,0.0,0.160543,6808.59
1200_dose_0.005_gradient_0_VconcST_0.04_Vconc_3.2_run_0.csv,1200.0,0.005,0,3.2,0.04,3.2,0,19.0,1.5609,0.00769166,0.000607923,1.5609,0.0,0.163215,233.213
1200_dose_0.005_gradient_0_VconcST_0.04_Vconc_3.2_run_0.csv,1200.0,0.005,0,3.2,0.04,3.2,0,19.25,1.59049,0.00753922,0.000619446,1.59049,0.0,0.165798,6551.52
1200_dose_0.005_gradient_0_VconcST_0.04_Vconc_3.2_run_0.csv,1200.0,0.005,0,3.2,0.04,3.2,0,19.5,1.61926,0.0073898,0.00063065,1.61926,0.0,0.168294,223.52
1200_dose_0.005_gradient_0_VconcST_0.04_Vconc_3.2_run_0.csv,1200.0,0.005,0,3.2,0.04,3.2,0,19.75,1.64723,0.00724334,0.000641544,1.64723,0.0,0.170707,6542.68
1200_dose_0.005_gradient_0_VconcST_0.04_Vconc_3.2_run_0.csv,1200.0,0.005,0,3.2,0.04,3.2,0,20.0,1.6748,0.0120998,0.000652285,1.6748,0.0,0.173038,226.899
1200_dose_0.005_gradient_0_VconcST_0.04_Vconc_3.2_run_0.csv,1200.0,0.005,0,3.2,0.04,3.2,0,20.25,1.72431,0.01186,0.000671563,1.72431,0.0,0.17725,6503.22
1200_dose_0.005_gradient_0_VconcST_0.04_Vconc_3.2_run_0.csv,1200.0,0.005,0,3.2,0.04,3.2,0,20.5,1.77251,0.0116249,0.000690338,1.77251,0.0,0.181311,197.736
1200_dose_0.005_gradient_0_VconcST_0.04_Vconc_3.2_run_0.csv,1200.0,0.005,0,3.2,0.04,3.2,0,20.75,1.81945,0.0113945,0.000708618,1.81945,0.00131944,0.185226,6374.87
1200_dose_0.005_gradient_0_VconcST_0.04_Vconc_3.2_run_0.csv,1200.0,0.005,0,3.2,0.04,3.2,0,21.0,1.86514,0.0111687,0.000726416,1.86514,0.0,0.189002,212.032
1200_dose_0.005_gradient_0_VconcST_0.04_Vconc_3.2_run_0.csv,1200.0,0.005,0,3.2,0.04,3.2,0,21.25,1.90963,0.0109474,0.00074374,1.90963,0.00160156,0.192644,6106.44
1200_dose_0.005_gradient_0_VconcST_0.04_Vconc_3.2_run_0.csv,1200.0,0.005,0,3.2,0.04,3.2,0,21.5,1.95292,0.0107304,0.0007606,1.95292,0.0,0.196158,208.44
1200_dose_0.005_gradient_0_VconcST_0.04_Vconc_3.2_run_0.csv,1200.0,0.005,0,3.2,0.04,3.2,0,21.75,1.99504,0.0105177,0.000777007,1.99504,0.00125,0.199548,6242.93
1200_dose_0.005_gradient_0_VconcST_0.04_Vconc_3.2_run_0.csv,1200.0,0.005,0,3.2,0.04,3.2,0,22.0,2.03602,0.0103093,0.000792968,2.03602,0.0,0.202818,204.847
1200_dose_0.005_gradient_0_VconcST_0.04_Vconc_3.2_run_0.csv,1200.0,0.005,0,3.2,0.04,3.2,0,22.25,2.07589,0.010105,0.000808495,2.07589,0.0,0.205974,6231.07
1200_dose_0.005_gradient_0_VconcST_0.04_Vconc_3.2_run_0.csv,1200.0,0.005,0,3.2,0.04,3.2,0,22.5,2.11466,0.0099047,0.000823595,2.11466,0.0,0.209019,194.311
1200_dose_0.005_gradient_0_VconcST_0.04_Vconc_3.2_run_0.csv,1200.0,0.005,0,3.2,0.04,3.2,0,22.75,2.15236,0.0097084,0.000838278,2.15236,0.0,0.211958,6269.61
1200_dose_0.005_gradient_0_VconcST_0.04_Vconc_3.2_run_0.csv,1200.0,0.005,0,3.2,0.04,3.2,0,23.0,2.18901,0.00951599,0.000852553,2.18901,0.0,0.214794,194.494
1200_dose_0.005_gradient_0_VconcST_0.04_Vconc_3.2_run_0.csv,1200.0,0.005,0,3.2,0.04,3.2,0,23.25,2.22464,0.00932739,0.000866428,2.22464,4.77431e-05,0.217532,6042.45
1200_dose_0.005_gradient_0_VconcST_0.04_Vconc_3.2_run_0.csv,1200.0,0.005,0,3.2,0.04,3.2,0,23.5,2.25926,0.00914254,0.000879911,2.25926,0.0,0.220173,189.415
1200_dose_0.005_gradient_0_VconcST_0.04_Vconc_3.2_run_0.csv,1200.0,0.005,0,3.2,0.04,3.2,0,23.75,2.29289,0.00896134,0.00089301,2.29289,0.0,0.222723,6454.2
1200_dose_0.005_gradient_0_VconcST_0.04_Vconc_3.2_run_0.csv,1200.0,0.005,0,3.2,0.04,3.2,0,24.0,2.32556,0.00878374,0.000905734,2.32556,0.0,0.225183,189.955
1200_dose_0.005_gradient_0_VconcST_0.04_Vconc_3.2_run_0.csv,1200.0,0.005,0,3.2,0.04,3.2,0,24.25,2.35729,0.00860965,0.000918091,2.35729,0.0,0.227558,6086.95
1200_dose_0.005_gradient_0_VconcST_0.04_Vconc_3.2_run_0.csv,1200.0,0.005,0,3.2,0.04,3.2,0,24.5,2.38809,0.00843902,0.000930087,2.38809,0.0,0.22985,198.936
1200_dose_0.005_gradient_0_VconcST_0.04_Vconc_3.2_run_0.csv,1200.0,0.005,0,3.2,0.04,3.2,0,24.75,2.41799,0.00827174,0.000941732,2.41799,0.0,0.232061,5900.36
1200_dose_0.005_gradient_0_VconcST_0.04_Vconc_3.2_run_0.csv,1200.0,0.005,0,3.2,0.04,3.2,0,25.0,2.44739,0.0131078,0.000953183,2.44739,0.0,0.234195,186.049
1200_dose_0.005_gradient_0_VconcST_0.04_Vconc_3.2_run_0.csv,1200.0,0.005,0,3.2,0.04,3.2,0,25.25,2.49861,0.012848,0.000973133,2.49861,0.00136068,0.237934,5852.62
1200_dose_0.005_gradient_0_VconcST_0.04_Vconc_3.2_run_0.csv,1200.0,0.005,0,3.2,0.04,3.2,0,25.5,2.54844,0.0125934,0.00099254,2.54844,0.0,0.241535,185.729
1200_dose_0.005_gradient_0_VconcST_0.04_Vconc_3.2_run_0.csv,1200.0,0.005,0,3.2,0.04,3.2,0,25.75,2.59691,0.0123438,0.00101142,2.59691,0.000865885,0.245006,5832.28
1200_dose_0.005_gradient_0_VconcST_0.04_Vconc_3.2_run_0.csv,1200.0,0.005,0,3.2,0.04,3.2,0,26.0,2.64404,0.0120992,0.00102977,2.64404,0.0,0.248351,196.352
1200_dose_0.005_gradient_0_VconcST_0.04_Vconc_3.2_run_0.csv,1200.0,0.005,0,3.2,0.04,3.2,0,26.25,2.68986,0.0118594,0.00104762,2.68986,0.000123698,0.251575,5684.25
1200_dose_0.005_gradient_0_VconcST_0.04_Vconc_3.2_run_0.csv,1200.0,0.005,0,3.2,0.04,3.2,0,26.5,2.7344,0.0116243,0.00106497,2.7344,0.0,0.254682,180.682
1200_dose_0.005_gradient_0_VconcST_0.04_Vconc_3.2_run_0.csv,1200.0,0.005,0,3.2,0.04,3.2,0,26.75,2.77769,0.011394,0.00108183,2.77769,0.000948351,0.257677,5712.79
1200_dose_0.005_gradient_0_VconcST_0.04_Vconc_3.2_run_0.csv,1200.0,0.005,0,3.2,0.04,3.2,0,27.0,2.81975,0.0111681,0.00109821,2.81975,0.0,0.260564,176.737
1200_dose_0.005_gradient_0_VconcST_0.04_Vconc_3.2_run_0.csv,1200.0,0.005,0,3.2,0.04,3.2,0,27.25,2.86061,0.0109468,0.00111412,2.86061,0.0,0.263348,5708.01
1200_dose_0.005_gradient_0_VconcST_0.04_Vconc_3.2_run_0.csv,1200.0,0.005,0,3.2,0.04,3.2,0,27.5,2.90029,0.0107298,0.00112957,2.90029,0.0,0.266031,177.64
1200_dose_0.005_gradient_0_VconcST_0.04_Vconc_3.2_run_0.csv,1200.0,0.005,0,3.2,0.04,3.2,0,27.75,2.93882,0.0105172,0.00114458,2.93882,0.000989583,0.268618,5695.46
1200_dose_0.005_gradient_0_VconcST_0.04_Vconc_3.2_run_0.csv,1200.0,0.005,0,3.2,0.04,3.2,0,28.0,2.97623,0.0103088,0.00115915,2.97623,0.0,0.271111,174.733
1200_dose_0.005_gradient_0_VconcST_0.04_Vconc_3.2_run_0.csv,1200.0,0.005,0,3.2,0.04,3.2,0,28.25,3.01252,0.0101044,0.00117328,3.01252,0.00111328,0.273515,5621.46
1200_dose_0.005_gradient_0_VconcST_0.04_Vconc_3.2_run_0.csv,1200.0,0.005,0,3.2,0.04,3.2,0,28.5,3.04774,0.00990419,0.001187,3.04774,0.0,0.275832,171.324
1200_dose_0.005_gradient_0_VconcST_0.04_Vconc_3.2_run_0.csv,1200.0,0.005,0,3.2,0.04,3.2,0,28.75,3.0819,0.0097079,0.00120031,3.0819,0.0,0.278066,5643.8
1200_dose_0.005_gradient_0_VconcST_0.04_Vconc_3.2_run_0.csv,1200.0,0.005,0,3.2,0.04,3.2,0,29.0,3.11503,0.0095155,0.00121321,3.11503,0.0,0.280218,166.868
1200_dose_0.005_gradient_0_VconcST_0.04_Vconc_3.2_run_0.csv,1200.0,0.005,0,3.2,0.04,3.2,0,29.25,3.14714,0.00932691,0.00122571,3.14714,0.0,0.282293,5387.88
1200_dose_0.005_gradient_0_VconcST_0.04_Vconc_3.2_run_0.csv,1200.0,0.005,0,3.2,0.04,3.2,0,29.5,3.17825,0.00914207,0.00123783,3.17825,0.0,0.284292,165.079
1200_dose_0.005_gradient_0_VconcST_0.04_Vconc_3.2_run_0.csv,1200.0,0.005,0,3.2,0.04,3.2,0,29.75,3.2084,0.00896088,0.00124957,3.2084,0.00111328,0.286218,5670.65
1200_dose_0.005_gradient_0_VconcST_0.04_Vconc_3.2_run_0.csv,1200.0,0.005,0,3.2,0.04,3.2,0,30.0,3.23799,0.0137833,0.0012611,3.23799,0.0,0.288074,170.209
1200_dose_0.005_gradient_0_VconcST_0.04_Vconc_3.2_run_0.csv,1200.0,0.005,0,3.2,0.04,3.2,0,30.25,3.28933,0.0135101,0.00128109,3.28933,0.00127821,0.291313,5605.16
1200_dose_0.005_gradient_0_VconcST_0.04_Vconc_3.2_run_0.csv,1200.0,0.005,0,3.2,0.04,3.2,0,30.5,3.33922,0.0132424,0.00130052,3.33922,0.0,0.294433,170.414
1200_dose_0.005_gradient_0_VconcST_0.04_Vconc_3.2_run_0.csv,1200.0,0.005,0,3.2,0.04,3.2,0,30.75,3.38768,0.0129799,0.0013194,3.38768,0.00107205,0.297437,5429.45
1200_dose_0.005_gradient_0_VconcST_0.04_Vconc_3.2_run_0.csv,1200.0,0.005,0,3.2,0.04,3.2,0,31.0,3.43475,0.0127227,0.00133773,3.43475,0.0,0.300331,170.091
1200_dose_0.005_gradient_0_VconcST_0.04_Vconc_3.2_run_0.csv,1200.0,0.005,0,3.2,0.04,3.2,0,31.25,3.48045,0.0124705,0.00135553,3.48045,0.0,0.303118,5258.27
1200_dose_0.005_gradient_0_VconcST_0.04_Vconc_3.2_run_0.csv,1200.0,0.005,0,3.2,0.04,3.2,0,31.5,3.52482,0.0122234,0.00137281,3.52482,0.0,0.305802,167.276
1200_dose_0.005_gradient_0_VconcST_0.04_Vconc_3.2_run_0.csv,1200.0,0.005,0,3.2,0.04,3.2,0,31.75,3.56787,0.0119811,0.00138958,3.56787,0.0,0.308387,5179.65
1200_dose_0.005_gradient_0_VconcST_0.04_Vconc_3.2_run_0.csv,1200.0,0.005,0,3.2,0.04,3.2,0,32.0,3.60965,0.0117437,0.00140585,3.60965,0.0,0.310877,155.765
1200_dose_0.005_gradient_0_VconcST_0.04_Vconc_3.2_run_0.csv,1200.0,0.005,0,3.2,0.04,3.2,0,32.25,3.65017,0.0115109,0.00142163,3.65017,0.0,0.313276,5261.96
1200_dose_0.005_gradient_0_VconcST_0.04_Vconc_3.2_run_0.csv,1200.0,0.005,0,3.2,0.04,3.2,0,32.5,3.68947,0.0112828,0.00143693,3.68947,0.0,0.315585,159.612
1200_dose_0.005_gradient_0_VconcST_0.04_Vconc_3.2_run_0.csv,1200.0,0.005,0,3.2,0.04,3.2,0,32.75,3.72756,0.0110592,0.00145177,3.72756,0.0,0.31781,4971.94
1200_dose_0.005_gradient_0_VconcST_0.04_Vconc_3.2_run_0.csv,1200.0,0.005,0,3.2,0.04,3.2,0,33.0,3.76447,0.01084,0.00146614,3.76447,0.0,0.319951,150.266
1200_dose_0.005_gradient_0_VconcST_0.04_Vconc_3.2_run_0.csv,1200.0,0.005,0,3.2,0.04,3.2,0,33.25,3.80023,0.0106251,0.00148007,3.80023,0.0,0.322013,5006.61
1200_dose_0.005_gradient_0_VconcST_0.04_Vconc_3.2_run_0.csv,1200.0,0.005,0,3.2,0.04,3.2,0,33.5,3.83487,0.0104146,0.00149356,3.83487,0.0,0.323999,154.093
1200_dose_0.005_gradient_0_VconcST_0.04_Vconc_3.2_run_0.csv,1200.0,0.005,0,3.2,0.04,3.2,0,33.75,3.8684,0.0102082,0.00150662,3.8684,0.0,0.32591,4946.02
1200_dose_0.005_gradient_0_VconcST_0.04_Vconc_3.2_run_0.csv,1200.0,0.005,0,3.2,0.04,3.2,0,34.0,3.90085,0.0100059,0.00151926,3.90085,0.0,0.327749,151.493
1200_dose_0.005_gradient_0_VconcST_0.04_Vconc_3.2_run_0.csv,1200.0,0.005,0,3.2,0.04,3.2,0,34.25,3.93224,0.00980755,0.00153149,3.93224,0.0,0.329519,5102.95
1200_dose_0.005_gradient_0_VconcST_0.04_Vconc_3.2_run_0.csv,1200.0,0.005,0,3.2,0.04,3.2,0,34.5,3.9626,0.00961317,0.00154331,3.9626,0.0,0.331221,149.373
1200_dose_0.005_gradient_0_VconcST_0.04_Vconc_3.2_run_0.csv,1200.0,0.005,0,3.2,0.04,3.2,0,34.75,3.99195,0.00942265,0.00155474,3.99195,0.0,0.332859,4896.29
1200_dose_0.005_gradient_0_VconcST_0.04_Vconc_3.2_run_0.csv,1200.0,0.005,0,3.2,0.04,3.2,0,35.0,4.02069,0.0142359,0.00156594,4.02069,0.0,0.334434,149.892
1200_dose_0.005_gradient_0_VconcST_0.04_Vconc_3.2_run_0.csv,1200.0,0.005,0,3.2,0.04,3.2,0,35.25,4.07116,0.0139538,0.00158559,4.07116,0.0,0.337218,4941.92
1200_dose_0.005_gradient_0_VconcST_0.04_Vconc_3.2_run_0.csv,1200.0,0.005,0,3.2,0.04,3.2,0,35.5,4.12013,0.0136772,0.00160466,4.12013,0.0,0.339897,158.116
1200_dose_0.005_gradient_0_VconcST_0.04_Vconc_3.2_run_0.csv,1200.0,0.005,0,3.2,0.04,3.2,0,35.75,4.16764,0.0134062,0.00162317,4.16764,0.0,0.342476,5030.49
1200_dose_0.005_gradient_0_VconcST_0.04_Vconc_3.2_run_0.csv,1200.0,0.005,0,3.2,0.04,3.2,0,36.0,4.21372,0.0131405,0.00164111,4.21372,0.0,0.344958,143.08
1200_dose_0.005_gradient_0_VconcST_0.04_Vconc_3.2_run_0.csv,1200.0,0.005,0,3.2,0.04,3.2,0,36.25,4.2584,0.01288,0.00165851,4.2584,0.0,0.347347,4916.98
1200_dose_0.005_gradient_0_VconcST_0.04_Vconc_3.2_run_0.csv,1200.0,0.005,0,3.2,0.04,3.2,0,36.5,4.3017,0.0126248,0.00167538,4.3017,0.0,0.349646,143.334
1200_dose_0.005_gradient_0_VconcST_0.04_Vconc_3.2_run_0.csv,1200.0,0.005,0,3.2,0.04,3.2,0,36.75,4.34366,0.0123746,0.00169172,4.34366,0.0,0.351858,4954.93
1200_dose_0.005_gradient_0_VconcST_0.04_Vconc_3.2_run_0.csv,1200.0,0.005,0,3.2,0.04,3.2,0,37.0,4.38431,0.0121293,0.00170755,4.38431,0.0,0.353987,143.72
1200_dose_0.005_gradient_0_VconcST_0.04_Vconc_3.2_run_0.csv,1200.0,0.005,0,3.2,0.04,3.2,0,37.25,4.42368,0.0118889,0.00172288,4.42368,0.0,0.356035,4784.72
1200_dose_0.005_gradient_0_VconcST_0.04_Vconc_3.2_run_0.csv,1200.0,0.005,0,3.2,0.04,3.2,0,37.5,4.46178,0.0116533,0.00173773,4.46178,0.0,0.358005,140.375
1200_dose_0.005_gradient_0_VconcST_0.04_Vconc_3.2_run_0.csv,1200.0,0.005,0,3.2,0.04,3.2,0,37.75,4.49865,0.0114223,0.00175208,4.49865,8.24653e-05,0.3599,4923.31
1200_dose_0.005_gradient_0_VconcST_0.04_Vconc_3.2_run_0.csv,1200.0,0.005,0,3.2,0.04,3.2,0,38.0,4.53431,0.011196,0.00176597,4.53431,0.0,0.361722,141.218
1200_dose_0.005_gradient_0_VconcST_0.04_Vconc_3.2_run_0.csv,1200.0,0.005,0,3.2,0.04,3.2,0,38.25,4.5688,0.0109741,0.00177941,4.5688,0.0,0.363475,4725.16
1200_dose_0.005_gradient_0_VconcST_0.04_Vconc_3.2_run_0.csv,1200.0,0.005,0,3.2,0.04,3.2,0,38.5,4.60213,0.0107566,0.00179239,4.60213,0.0,0.365159,134.598
1200_dose_0.005_gradient_0_VconcST_0.04_Vconc_3.2_run_0.csv,1200.0,0.005,0,3.2,0.04,3.2,0,38.75,4.63433,0.0105434,0.00180493,4.63433,0.0,0.366778,4691.03
1200_dose_0.005_gradient_0_VconcST_0.04_Vconc_3.2_run_0.csv,1200.0,0.005,0,3.2,0.04,3.2,0,39.0,4.66543,0.0103344,0.00181704,4.66543,0.0,0.368334,141.287
1200_dose_0.005_gradient_0_VconcST_0.04_Vconc_3.2_run_0.csv,1200.0,0.005,0,3.2,0.04,3.2,0,39.25,4.69544,0.0101296,0.00182873,4.69544,0.000206163,0.369828,4833.83
1200_dose_0.005_gradient_0_VconcST_0.04_Vconc_3.2_run_0.csv,1200.0,0.005,0,3.2,0.04,3.2,0,39.5,4.72439,0.00992886,0.00184,4.72439,0.0,0.371263,146.249
1200_dose_0.005_gradient_0_VconcST_0.04_Vconc_3.2_run_0.csv,1200.0,0.005,0,3.2,0.04,3.2,0,39.75,4.75231,0.00973209,0.00185088,4.75231,0.0,0.37264,4631.04
1200_dose_0.005_gradient_0_VconcST_0.04_Vconc_3.2_run_0.csv,1200.0,0.005,0,3.2,0.04,3.2,0,40.0,4.7796,0.0145392,0.0018615,4.7796,0.0,0.373962,139.072
1200_dose_0.005_gradient_0_VconcST_0.04_Vconc_3.2_run_0.csv,1200.0,0.005,0,3.2,0.04,3.2,0,40.25,4.82858,0.0142511,0.00188058,4.82858,0.0,0.376354,4476.21
1200_dose_0.005_gradient_0_VconcST_0.04_Vconc_3.2_run_0.csv,1200.0,0.005,0,3.2,0.04,3.2,0,40.5,4.87606,0.0139686,0.00189907,4.87606,0.0,0.378654,135.931
1200_dose_0.005_gradient_0_VconcST_0.04_Vconc_3.2_run_0.csv,1200.0,0.005,0,3.2,0.04,3.2,0,40.75,4.92204,0.0136918,0.00191698,4.92204,0.0,0.380867,4697.58
1200_dose_0.005_gradient_0_VconcST_0.04_Vconc_3.2_run_0.csv,1200.0,0.005,0,3.2,0.04,3.2,0,41.0,4.96658,0.0134204,0.00193433,4.96658,0.0,0.382995,135.842
1200_dose_0.005_gradient_0_VconcST_0.04_Vconc_3.2_run_0.csv,1200.0,0.005,0,3.2,0.04,3.2,0,41.25,5.00969,0.0131544,0.00195112,5.00969,0.0,0.38504,4478.57
1200_dose_0.005_gradient_0_VconcST_0.04_Vconc_3.2_run_0.csv,1200.0,0.005,0,3.2,0.04,3.2,0,41.5,5.05142,0.0128937,0.00196737,5.05142,0.0,0.387008,136.066
1200_dose_0.005_gradient_0_VconcST_0.04_Vconc_3.2_run_0.csv,1200.0,0.005,0,3.2,0.04,3.2,0,41.75,5.09178,0.0126382,0.00198309,5.09178,0.0,0.388899,4618.71
1200_dose_0.005_gradient_0_VconcST_0.04_Vconc_3.2_run_0.csv,1200.0,0.005,0,3.2,0.04,3.2,0,42.0,5.13081,0.0123877,0.00199829,5.13081,0.0,0.390716,137.769
1200_dose_0.005_gradient_0_VconcST_0.04_Vconc_3.2_run_0.csv,1200.0,0.005,0,3.2,0.04,3.2,0,42.25,5.16853,0.0121422,0.00201298,5.16853,0.0,0.392463,4532.6
1200_dose_0.005_gradient_0_VconcST_0.04_Vconc_3.2_run_0.csv,1200.0,0.005,0,3.2,0.04,3.2,0,42.5,5.20498,0.0119016,0.00202718,5.20498,0.0,0.394141,131.632
1200_dose_0.005_gradient_0_VconcST_0.04_Vconc_3.2_run_0.csv,1200.0,0.005,0,3.2,0.04,3.2,0,42.75,5.24018,0.0116657,0.00204089,5.24018,0.0,0.395752,4604.68
1200_dose_0.005_gradient_0_VconcST_0.04_Vconc_3.2_run_0.csv,1200.0,0.005,0,3.2,0.04,3.2,0,43.0,5.27416,0.0114345,0.00205412,5.27416,0.0,0.3973,140.126
1200_dose_0.005_gradient_0_VconcST_0.04_Vconc_3.2_run_0.csv,1200.0,0.005,0,3.2,0.04,3.2,0,43.25,5.30694,0.0112079,0.00206689,5.30694,0.0,0.398786,4315.57
1200_dose_0.005_gradient_0_VconcST_0.04_Vconc_3.2_run_0.csv,1200.0,0.005,0,3.2,0.04,3.2,0,43.5,5.33855,0.0109857,0.0020792,5.33855,0.0,0.400211,129.567
1200_dose_0.005_gradient_0_VconcST_0.04_Vconc_3.2_run_0.csv,1200.0,0.005,0,3.2,0.04,3.2,0,43.75,5.36901,0.010768,0.00209106,5.36901,0.0,0.401579,4426.76
1200_dose_0.005_gradient_0_VconcST_0.04_Vconc_3.2_run_0.csv,1200.0,0.005,0,3.2,0.04,3.2,0,44.0,5.39836,0.0105546,0.00210249,5.39836,0.0,0.402891,127.058
1200_dose_0.005_gradient_0_VconcST_0.04_Vconc_3.2_run_0.csv,1200.0,0.005,0,3.2,0.04,3.2,0,44.25,5.42661,0.0103454,0.0021135,5.42661,0.0,0.404148,4431.98
1200_dose_0.005_gradient_0_VconcST_0.04_Vconc_3.2_run_0.csv,1200.0,0.005,0,3.2,0.04,3.2,0,44.5,5.45378,0.0101404,0.00212408,5.45378,0.0,0.405352,131.976
1200_dose_0.005_gradient_0_VconcST_0.04_Vconc_3.2_run_0.csv,1200.0,0.005,0,3.2,0.04,3.2,0,44.75,5.47991,0.00993942,0.00213426,5.47991,0.0,0.406505,4468.65
1200_dose_0.005_gradient_0_VconcST_0.04_Vconc_3.2_run_0.csv,1200.0,0.005,0,3.2,0.04,3.2,0,45.0,5.5054,0.0147424,0.00214418,5.5054,0.0,0.407609,129.176
1200_dose_0.005_gradient_0_VconcST_0.04_Vconc_3.2_run_0.csv,1200.0,0.005,0,3.2,0.04,3.2,0,45.25,5.55257,0.0144503,0.00216255,5.55257,0.0,0.409672,4389.73
1200_dose_0.005_gradient_0_VconcST_0.04_Vconc_3.2_run_0.csv,1200.0,0.005,0,3.2,0.04,3.2,0,45.5,5.59822,0.0141639,0.00218033,5.59822,0.0,0.411655,130.173
1200_dose_0.005_gradient_0_VconcST_0.04_Vconc_3.2_run_0.csv,1200.0,0.005,0,3.2,0.04,3.2,0,45.75,5.64237,0.0138832,0.00219753,5.64237,0.0,0.413561,4238.0
1200_dose_0.005_gradient_0_VconcST_0.04_Vconc_3.2_run_0.csv,1200.0,0.005,0,3.2,0.04,3.2,0,46.0,5.68506,0.013608,0.00221415,5.68506,0.0,0.415391,124.987
1200_dose_0.005_gradient_0_VconcST_0.04_Vconc_3.2_run_0.csv,1200.0,0.005,0,3.2,0.04,3.2,0,46.25,5.72631,0.0133383,0.00223022,5.72631,0.0,0.417149,4323.51
1200_dose_0.005_gradient_0_VconcST_0.04_Vconc_3.2_run_0.csv,1200.0,0.005,0,3.2,0.04,3.2,0,46.5,5.76617,0.013074,0.00224574,5.76617,0.0,0.418838,122.621
1200_dose_0.005_gradient_0_VconcST_0.04_Vconc_3.2_run_0.csv,1200.0,0.005,0,3.2,0.04,3.2,0,46.75,5.80465,0.0128148,0.00226073,5.80465,0.0,0.420459,4082.75
1200_dose_0.005_gradient_0_VconcST_0.04_Vconc_3.2_run_0.csv,1200.0,0.005,0,3.2,0.04,3.2,0,47.0,5.84179,0.0125609,0.0022752,5.84179,0.0,0.422015,121.483
1200_dose_0.005_gradient_0_VconcST_0.04_Vconc_3.2_run_0.csv,1200.0,0.005,0,3.2,0.04,3.2,0,47.25,5.87762,0.0123119,0.00228915,5.87762,0.0,0.423508,4227.75
1200_dose_0.005_gradient_0_VconcST_0.04_Vconc_3.2_run_0.csv,1200.0,0.005,0,3.2,0.04,3.2,0,47.5,5.91216,0.0120679,0.0023026,5.91216,0.0,0.42494,119.972
1200_dose_0.005_gradient_0_VconcST_0.04_Vconc_3.2_run_0.csv,1200.0,0.005,0,3.2,0.04,3.2,0,47.75,5.94545,0.0118287,0.00231557,5.94545,0.0,0.426314,4176.9
1200_dose_0.005_gradient_0_VconcST_0.04_Vconc_3.2_run_0.csv,1200.0,0.005,0,3.2,0.04,3.2,0,48.0,5.97751,0.0115943,0.00232805,5.97751,0.0,0.42763,119.708
1200_dose_0.005_gradient_0_VconcST_0.04_Vconc_3.2_run_0.csv,1200.0,0.005,0,3.2,0.04,3.2,0,48.25,6.00836,0.0113645,0.00234007,6.00836,0.0,0.428892,4138.12
1200_dose_0.005_gradient_0_VconcST_0.04_Vconc_3.2_run_0.csv,1200.0,0.005,0,3.2,0.04,3.2,0,48.5,6.03804,0.0111393,0.00235163,6.03804,0.0,0.4301,121.346
1200_dose_0.005_gradient_0_VconcST_0.04_Vconc_3.2_run_0.csv,1200.0,0.005,0,3.2,0.04,3.2,0,48.75,6.06656,0.0109185,0.00236274,6.06656,0.0,0.431257,4047.49
1200_dose_0.005_gradient_0_VconcST_0.04_Vconc_3.2_run_0.csv,1200.0,0.005,0,3.2,0.04,3.2,0,49.0,6.09396,0.0107021,0.00237341,6.09396,0.0,0.432363,124.62
1200_dose_0.005_gradient_0_VconcST_0.04_Vconc_3.2_run_0.csv,1200.0,0.005,0,3.2,0.04,3.2,0,49.25,6.12025,0.01049,0.00238365,6.12025,0.0,0.43342,4148.12
1200_dose_0.005_gradient_0_VconcST_0.04_Vconc_3.2_run_0.csv,1200.0,0.005,0,3.2,0.04,3.2,0,49.5,6.14546,0.0102821,0.00239347,6.14546,0.0,0.434431,118.893
1200_dose_0.005_gradient_0_VconcST_0.04_Vconc_3.2_run_0.csv,1200.0,0.005,0,3.2,0.04,3.2,0,49.75,6.16962,0.0100784,0.00240288,6.16962,0.0,0.435396,4100.28
1200_dose_0.005_gradient_0_VconcST_0.04_Vconc_3.2_run_0.csv,1200.0,0.005,0,3.2,0.04,3.2,0,50.0,6.19313,0.0148786,0.00241203,6.19313,0.0,0.436317,120.361
1200_dose_0.005_gradient_0_VconcST_0.04_Vconc_3.2_run_0.csv,1200.0,0.005,0,3.2,0.04,3.2,0,50.25,6.23833,0.0145837,0.00242964,6.23833,0.0,0.438107,4056.31
1200_dose_0.005_gradient_0_VconcST_0.04_Vconc_3.2_run_0.csv,1200.0,0.005,0,3.2,0.04,3.2,0,50.5,6.28199,0.0142947,0.00244664,6.28199,0.0,0.439826,120.257
1200_dose_0.005_gradient_0_VconcST_0.04_Vconc_3.2_run_0.csv,1200.0,0.005,0,3.2,0.04,3.2,0,50.75,6.32415,0.0140114,0.00246306,6.32415,0.0,0.441476,4061.17
1200_dose_0.005_gradient_0_VconcST_0.04_Vconc_3.2_run_0.csv,1200.0,0.005,0,3.2,0.04,3.2,0,51.0,6.36485,0.0137337,0.00247891,6.36485,0.0,0.443059,114.115
1200_dose_0.005_gradient_0_VconcST_0.04_Vconc_3.2_run_0.csv,1200.0,0.005,0,3.2,0.04,3.2,0,51.25,6.40411,0.0134615,0.0024942,6.40411,0.0,0.444578,4102.85
1200_dose_0.005_gradient_0_VconcST_0.04_Vconc_3.2_run_0.csv,1200.0,0.005,0,3.2,0.04,3.2,0,51.5,6.44196,0.0131947,0.00250894,6.44196,0.0,0.446035,117.752
1200_dose_0.005_gradient_0_VconcST_0.04_Vconc_3.2_run_0.csv,1200.0,0.005,0,3.2,0.04,3.2,0,51.75,6.47844,0.0129332,0.00252315,6.47844,0.0,0.447432,4012.5
1200_dose_0.005_gradient_0_VconcST_0.04_Vconc_3.2_run_0.csv,1200.0,0.005,0,3.2,0.04,3.2,0,52.0,6.51357,0.0126769,0.00253683,6.51357,0.0,0.44877,113.7
1200_dose_0.005_gradient_0_VconcST_0.04_Vconc_3.2_run_0.csv,1200.0,0.005,0,3.2,0.04,3.2,0,52.25,6.54739,0.0124257,0.00255001,6.54739,0.0,0.450052,3892.69
1200_dose_0.005_gradient_0_VconcST_0.04_Vconc_3.2_run_0.csv,1200.0,0.005,0,3.2,0.04,3.2,0,52.5,6.57992,0.0121794,0.00256267,6.57992,0.0,0.45128,112.577
1200_dose_0.005_gradient_0_VconcST_0.04_Vconc_3.2_run_0.csv,1200.0,0.005,0,3.2,0.04,3.2,0,52.75,6.61119,0.011938,0.00257485,6.61119,0.0,0.452455,3945.85
1200_dose_0.005_gradient_0_VconcST_0.04_Vconc_3.2_run_0.csv,1200.0,0.005,0,3.2,0.04,3.2,0,53.0,6.64122,0.0117014,0.00258655,6.64122,0.0,0.453579,118.449
1200_dose_0.005_gradient_0_VconcST_0.04_Vconc_3.2_run_0.csv,1200.0,0.005,0,3.2,0.04,3.2,0,53.25,6.67005,0.0114695,0.00259778,6.67005,0.0,0.454654,3924.53
1200_dose_0.005_gradient_0_VconcST_0.04_Vconc_3.2_run_0.csv,1200.0,0.005,0,3.2,0.04,3.2,0,53.5,6.6977,0.0112422,0.00260855,6.6977,0.0,0.45568,114.125
1200_dose_0.005_gradient_0_VconcST_0.04_Vconc_3.2_run_0.csv,1200.0,0.005,0,3.2,0.04,3.2,0,53.75,6.72419,0.0110194,0.00261886,6.72419,0.0,0.456661,3716.36
1200_dose_0.005_gradient_0_VconcST_0.04_Vconc_3.2_run_0.csv,1200.0,0.005,0,3.2,0.04,3.2,0,54.0,6.74956,0.010801,0.00262874,6.74956,0.0,0.457596,111.648
1200_dose_0.005_gradient_0_VconcST_0.04_Vconc_3.2_run_0.csv,1200.0,0.005,0,3.2,0.04,3.2,0,54.25,6.77382,0.0105869,0.00263819,6.77382,0.0,0.458487,3867.1
1200_dose_0.005_gradient_0_VconcST_0.04_Vconc_3.2_run_0.csv,1200.0,0.005,0,3.2,0.04,3.2,0,54.5,6.797,0.0103771,0.00264722,6.797,0.0,0.459336,113.165
1200_dose_0.005_gradient_0_VconcST_0.04_Vconc_3.2_run_0.csv,1200.0,0.005,0,3.2,0.04,3.2,0,54.75,6.81913,0.0101715,0.00265584,6.81913,0.0,0.460144,3898.78
1200_dose_0.005_gradient_0_VconcST_0.04_Vconc_3.2_run_0.csv,1200.0,0.005,0,3.2,0.04,3.2,0,55.0,6.84061,0.0149699,0.00266421,6.84061,0.0,0.460912,108.249
1200_dose_0.005_gradient_0_VconcST_0.04_Vconc_3.2_run_0.csv,1200.0,0.005,0,3.2,0.04,3.2,0,55.25,6.88377,0.0146732,0.00268102,6.88377,0.0,0.462476,3916.12
1200_dose_0.005_gradient_0_VconcST_0.04_Vconc_3.2_run_0.csv,1200.0,0.005,0,3.2,0.04,3.2,0,55.5,6.9254,0.0143824,0.00269723,6.9254,0.0,0.463977,113.981
1200_dose_0.005_gradient_0_VconcST_0.04_Vconc_3.2_run_0.csv,1200.0,0.005,0,3.2,0.04,3.2,0,55.75,6.96553,0.0140973,0.00271286,6.96553,0.0,0.465415,3882.95
1200_dose_0.005_gradient_0_VconcST_0.04_Vconc_3.2_run_0.csv,1200.0,0.005,0,3.2,0.04,3.2,0,56.0,7.00419,0.0138179,0.00272791,7.00419,0.0,0.466793,107.805
1200_dose_0.005_gradient_0_VconcST_0.04_Vconc_3.2_run_0.csv,1200.0,0.005,0,3.2,0.04,3.2,0,56.25,7.04141,0.0135441,0.00274241,7.04141,0.0,0.468114,3807.3
1200_dose_0.005_gradient_0_VconcST_0.04_Vconc_3.2_run_0.csv,1200.0,0.005,0,3.2,0.04,3.2,0,56.5,7.07723,0.0132757,0.00275636,7.07723,0.0,0.469378,110.507
1200_dose_0.005_gradient_0_VconcST_0.04_Vconc_3.2_run_0.csv,1200.0,0.005,0,3.2,0.04,3.2,0,56.75,7.11167,0.0130126,0.00276978,7.11167,0.0,0.470588,3885.59
1200_dose_0.005_gradient_0_VconcST_0.04_Vconc_3.2_run_0.csv,1200.0,0.005,0,3.2,0.04,3.2,0,57.0,7.14477,0.0127547,0.00278267,7.14477,0.0,0.471746,110.343
1200_dose_0.005_gradient_0_VconcST_0.04_Vconc_3.2_run_0.csv,1200.0,0.005,0,3.2,0.04,3.2,0,57.25,7.17655,0.0125019,0.00279504,7.17655,0.0,0.472853,3753.93
1200_dose_0.005_gradient_0_VconcST_0.04_Vconc_3.2_run_0.csv,1200.0,0.005,0,3.2,0.04,3.2,0,57.5,7.20705,0.0122541,0.00280692,7.20705,0.0,0.473911,106.048
1200_dose_0.005_gradient_0_VconcST_0.04_Vconc_3.2_run_0.csv,1200.0,0.005,0,3.2,0.04,3.2,0,57.75,7.23628,0.0120113,0.00281831,7.23628,0.0,0.474921,3853.02
1200_dose_0.005_gradient_0_VconcST_0.04_Vconc_3.2_run_0.csv,1200.0,0.005,0,3.2,0.04,3.2,0,58.0,7.26428,0.0117732,0.00282921,7.26428,0.0,0.475885,104.384
1200_dose_0.005_gradient_0_VconcST_0.04_Vconc_3.2_run_0.csv,1200.0,0.005,0,3.2,0.04,3.2,0,58.25,7.29109,0.0115399,0.00283965,7.29109,0.0,0.476804,3806.41
1200_dose_0.005_gradient_0_VconcST_0.04_Vconc_3.2_run_0.csv,1200.0,0.005,0,3.2,0.04,3.2,0,58.5,7.31671,0.0113112,0.00284963,7.31671,0.0,0.47768,107.733
1200_dose_0.005_gradient_0_VconcST_0.04_Vconc_3.2_run_0.csv,1200.0,0.005,0,3.2,0.04,3.2,0,58.75,7.34118,0.011087,0.00285916,7.34118,0.0,0.478514,3799.81
1200_dose_0.005_gradient_0_VconcST_0.04_Vconc_3.2_run_0.csv,1200.0,0.005,0,3.2,0.04,3.2,0,59.0,7.36452,0.0108673,0.00286825,7.36452,0.0,0.479307,104.38
1200_dose_0.005_gradient_0_VconcST_0.04_Vconc_3.2_run_0.csv,1200.0,0.005,0,3.2,0.04,3.2,0,59.25,7.38676,0.0106519,0.00287691,7.38676,0.0,0.48006,3780.25
1200_dose_0.005_gradient_0_VconcST_0.04_Vconc_3.2_run_0.csv,1200.0,0.005,0,3.2,0.04,3.2,0,59.5,7.40792,0.0104408,0.00288515,7.40792,0.0,0.480775,103.656
1200_dose_0.005_gradient_0_VconcST_0.04_Vconc_3.2_run_0.csv,1200.0,0.005,0,3.2,0.04,3.2,0,59.75,7.42802,0.0102339,0.00289298,7.42802,0.0,0.481452,3577.09
1200_dose_0.005_gradient_0_VconcST_0.04_Vconc_3.2_run_0.csv,1200.0,0.005,0,3.2,0.04,3.2,0,60.0,7.44748,0.015031,0.00290056,7.44748,0.0,0.482093,108.694
1200_dose_0.005_gradient_0_VconcST_0.04_Vconc_3.2_run_0.csv,1200.0,0.005,0,3.2,0.04,3.2,0,60.25,7.48862,0.0147331,0.00291659,7.48862,0.0,0.483469,3715.71
1200_dose_0.005_gradient_0_VconcST_0.04_Vconc_3.2_run_0.csv,1200.0,0.005,0,3.2,0.04,3.2,0,60.5,7.52823,0.0144411,0.00293201,7.52823,0.0,0.484788,104.119
1200_dose_0.005_gradient_0_VconcST_0.04_Vconc_3.2_run_0.csv,1200.0,0.005,0,3.2,0.04,3.2,0,60.75,7.56634,0.0141549,0.00294686,7.56634,0.0,0.48605,3712.88
1200_dose_0.005_gradient_0_VconcST_0.04_Vconc_3.2_run_0.csv,1200.0,0.005,0,3.2,0.04,3.2,0,61.0,7.60299,0.0138744,0.00296113,7.60299,0.0,0.487258,103.061
1200_dose_0.005_gradient_0_VconcST_0.04_Vconc_3.2_run_0.csv,1200.0,0.005,0,3.2,0.04,3.2,0,61.25,7.6382,0.0135994,0.00297484,7.6382,0.0,0.488413,3618.6
1200_dose_0.005_gradient_0_VconcST_0.04_Vconc_3.2_run_0.csv,1200.0,0.005,0,3.2,0.04,3.2,0,61.5,7.67201,0.0133299,0.00298801,7.67201,0.0,0.489518,98.1853
1200_dose_0.005_gradient_0_VconcST_0.04_Vconc_3.2_run_0.csv,1200.0,0.005,0,3.2,0.04,3.2,0,61.75,7.70445,0.0130657,0.00300064,7.70445,0.0,0.490573,3736.62
1200_dose_0.005_gradient_0_VconcST_0.04_Vconc_3.2_run_0.csv,1200.0,0.005,0,3.2,0.04,3.2,0,62.0,7.73555,0.0128068,0.00301275,7.73555,0.0,0.491581,102.121
1200_dose_0.005_gradient_0_VconcST_0.04_Vconc_3.2_run_0.csv,1200.0,0.005,0,3.2,0.04,3.2,0,62.25,7.76533,0.012553,0.00302435,7.76533,0.0,0.492542,3617.72
1200_dose_0.005_gradient_0_VconcST_0.04_Vconc_0.8_run_0.csv,1200.0,0.005,0,0.8,0.04,0.8,0,0.0,0.0,0.0,0.0,0.0,0.0,0.0,0.0
1200_dose_0.005_gradient_0_VconcST_0.04_Vconc_0.8_run_0.csv,1200.0,0.005,0,0.8,0.04,0.8,0,0.25,0.0,0.0,0.0,0.0,0.0,0.0,1375.06
1200_dose_0.005_gradient_0_VconcST_0.04_Vconc_0.8_run_0.csv,1200.0,0.005,0,0.8,0.04,0.8,0,0.5,0.0,0.0,0.0,0.0,0.0,0.0,874.472
1200_dose_0.005_gradient_0_VconcST_0.04_Vconc_0.8_run_0.csv,1200.0,0.005,0,0.8,0.04,0.8,0,0.75,0.0,0.0,0.0,0.0,0.0,0.0,1007.03
1200_dose_0.005_gradient_0_VconcST_0.04_Vconc_0.8_run_0.csv,1200.0,0.005,0,0.8,0.04,0.8,0,1.0,0.0,0.0,0.0,0.0,0.0,0.0,984.495
1200_dose_0.005_gradient_0_VconcST_0.04_Vconc_0.8_run_0.csv,1200.0,0.005,0,0.8,0.04,0.8,0,1.25,0.0,0.0,0.0,0.0,0.0,0.0,974.37
1200_dose_0.005_gradient_0_VconcST_0.04_Vconc_0.8_run_0.csv,1200.0,0.005,0,0.8,0.04,0.8,0,1.5,0.0,0.0,0.0,0.0,0.0,0.0,1020.56
1200_dose_0.005_gradient_0_VconcST_0.04_Vconc_0.8_run_0.csv,1200.0,0.005,0,0.8,0.04,0.8,0,1.75,0.0,0.0,0.0,0.0,0.0,0.0,1064.73
1200_dose_0.005_gradient_0_VconcST_0.04_Vconc_0.8_run_0.csv,1200.0,0.005,0,0.8,0.04,0.8,0,2.0,0.0,0.0,0.0,0.0,0.00661892,0.0,1419.43
1200_dose_0.005_gradient_0_VconcST_0.04_Vconc_0.8_run_0.csv,1200.0,0.005,0,0.8,0.04,0.8,0,2.25,0.0,0.0,0.0,0.0,0.0446398,0.0,1640.87
1200_dose_0.005_gradient_0_VconcST_0.04_Vconc_0.8_run_0.csv,1200.0,0.005,0,0.8,0.04,0.8,0,2.5,0.0,0.0,0.0,0.0,0.113911,0.0,1978.63
1200_dose_0.005_gradient_0_VconcST_0.04_Vconc_0.8_run_0.csv,1200.0,0.005,0,0.8,0.04,0.8,0,2.75,0.0,0.0,0.0,0.0,0.214431,0.0,2115.86
1200_dose_0.005_gradient_0_VconcST_0.04_Vconc_0.8_run_0.csv,1200.0,0.005,0,0.8,0.04,0.8,0,3.0,0.0,0.0,0.0,0.0,0.346202,0.0,2132.39
1200_dose_0.005_gradient_0_VconcST_0.04_Vconc_0.8_run_0.csv,1200.0,0.005,0,0.8,0.04,0.8,0,3.25,0.0,0.0,0.0,0.0,0.509223,0.0,2225.14
1200_dose_0.005_gradient_0_VconcST_0.04_Vconc_0.8_run_0.csv,1200.0,0.005,0,0.8,0.04,0.8,0,3.5,0.0,0.0,0.0,0.0,0.703494,0.0,2089.52
1200_dose_0.005_gradient_0_VconcST_0.04_Vconc_0.8_run_0.csv,1200.0,0.005,0,0.8,0.04,0.8,0,3.75,0.0,0.0,0.0,0.0,0.927083,0.0,2231.79
1200_dose_0.005_gradient_0_VconcST_0.04_Vconc_0.8_run_0.csv,1200.0,0.005,0,0.8,0.04,0.8,0,4.0,0.0,0.0,0.0,0.0,1.0,0.0,2221.08
1200_dose_0.005_gradient_0_VconcST_0.04_Vconc_0.8_run_0.csv,1200.0,0.005,0,0.8,0.04,0.8,0,4.25,0.0,0.0,0.0,0.0,1.0,0.0,2271.99
1200_dose_0.005_gradient_0_VconcST_0.04_Vconc_0.8_run_0.csv,1200.0,0.005,0,0.8,0.04,0.8,0,4.5,0.0,0.0,0.0,0.0,1.0,0.0,2193.89
1200_dose_0.005_gradient_0_VconcST_0.04_Vconc_0.8_run_0.csv,1200.0,0.005,0,0.8,0.04,0.8,0,4.75,0.0,0.0,0.0,0.0,1.0,0.0,2046.54
1200_dose_0.005_gradient_0_VconcST_0.04_Vconc_0.8_run_0.csv,1200.0,0.005,0,0.8,0.04,0.8,0,5.0,0.000389313,0.005,1.51625e-07,0.000389313,1.0,0.0,2218.85
1200_dose_0.005_gradient_0_VconcST_0.04_Vconc_0.8_run_0.csv,1200.0,0.005,0,0.8,0.04,0.8,0,5.25,0.0234672,0.00490091,9.13975e-06,0.0234672,1.0,0.00287758,2228.9
1200_dose_0.005_gradient_0_VconcST_0.04_Vconc_0.8_run_0.csv,1200.0,0.005,0,0.8,0.04,0.8,0,5.5,0.0460002,0.00480378,1.79157e-05,0.0460002,1.0,0.00567128,2168.26
1200_dose_0.005_gradient_0_VconcST_0.04_Vconc_0.8_run_0.csv,1200.0,0.005,0,0.8,0.04,0.8,0,5.75,0.0679994,0.00470857,2.64837e-05,0.0679994,1.0,0.00838375,2095.06
1200_dose_0.005_gradient_0_VconcST_0.04_Vconc_0.8_run_0.csv,1200.0,0.005,0,0.8,0.04,0.8,0,6.0,0.0894757,0.00461525,3.4848e-05,0.0894757,1.0,0.0110175,2184.25
1200_dose_0.005_gradient_0_VconcST_0.04_Vconc_0.8_run_0.csv,1200.0,0.005,0,0.8,0.04,0.8,0,6.25,0.11044,0.00452378,4.30129e-05,0.11044,1.0,0.013575,2223.02
1200_dose_0.005_gradient_0_VconcST_0.04_Vconc_0.8_run_0.csv,1200.0,0.005,0,0.8,0.04,0.8,0,6.5,0.130902,0.00443413,5.09824e-05,0.130902,1.0,0.0160586,2229.21
1200_dose_0.005_gradient_0_VconcST_0.04_Vconc_0.8_run_0.csv,1200.0,0.005,0,0.8,0.04,0.8,0,6.75,0.150873,0.00434625,5.87605e-05,0.150873,1.0,0.0184705,2251.1
1200_dose_0.005_gradient_0_VconcST_0.04_Vconc_0.8_run_0.csv,1200.0,0.005,0,0.8,0.04,0.8,0,7.0,0.170363,0.00426011,6.63511e-05,0.170363,1.0,0.0208129,2150.99
1200_dose_0.005_gradient_0_VconcST_0.04_Vconc_0.8_run_0.csv,1200.0,0.005,0,0.8,0.04,0.8,0,7.25,0.189381,0.00417568,7.37581e-05,0.189381,1.0,0.0230878,2206.55
1200_dose_0.005_gradient_0_VconcST_0.04_Vconc_0.8_run_0.csv,1200.0,0.005,0,0.8,0.04,0.8,0,7.5,0.207938,0.00409293,8.09852e-05,0.207938,1.0,0.0252974,2128.93
1200_dose_0.005_gradient_0_VconcST_0.04_Vconc_0.8_run_0.csv,1200.0,0.005,0,0.8,0.04,0.8,0,7.75,0.226041,0.00401181,8.80362e-05,0.226041,1.0,0.0274435,2192.06
1200_dose_0.005_gradient_0_VconcST_0.04_Vconc_0.8_run_0.csv,1200.0,0.005,0,0.8,0.04,0.8,0,8.0,0.243703,0.0039323,9.49146e-05,0.243703,1.0,0.029528,2147.32
1200_dose_0.005_gradient_0_VconcST_0.04_Vconc_0.8_run_0.csv,1200.0,0.005,0,0.8,0.04,0.8,0,8.25,0.260929,0.00385437,0.000101624,0.260929,1.0,0.0315527,2104.03
1200_dose_0.005_gradient_0_VconcST_0.04_Vconc_0.8_run_0.csv,1200.0,0.005,0,0.8,0.04,0.8,0,8.5,0.277731,0.00377798,0.000108168,0.277731,1.0,0.0335193,2206.49
1200_dose_0.005_gradient_0_VconcST_0.04_Vconc_0.8_run_0.csv,1200.0,0.005,0,0.8,0.04,0.8,0,8.75,0.294117,0.0037031,0.000114549,0.294117,1.0,0.0354295,2212.77
1200_dose_0.005_gradient_0_VconcST_0.04_Vconc_0.8_run_0.csv,1200.0,0.005,0,0.8,0.04,0.8,0,9.0,0.310095,0.00362971,0.000120772,0.310095,1.0,0.037285,2121.73
1200_dose_0.005_gradient_0_VconcST_0.04_Vconc_0.8_run_0.csv,1200.0,0.005,0,0.8,0.04,0.8,0,9.25,0.325673,0.00355778,0.00012684,0.325673,1.0,0.0390872,2217.15
1200_dose_0.005_gradient_0_VconcST_0.04_Vconc_0.8_run_0.csv,1200.0,0.005,0,0.8,0.04,0.8,0,9.5,0.340861,0.00348726,0.000132755,0.340861,1.0,0.0408376,2169.59
1200_dose_0.005_gradient_0_VconcST_0.04_Vconc_0.8_run_0.csv,1200.0,0.005,0,0.8,0.04,0.8,0,9.75,0.355665,0.00341815,0.00013852,0.355665,1.0,0.0425378,2055.35
1200_dose_0.005_gradient_0_VconcST_0.04_Vconc_0.8_run_0.csv,1200.0,0.005,0,0.8,0.04,0.8,0,10.0,0.370483,0.00835041,0.000144292,0.370483,1.0,0.0441891,2026.91
1200_dose_0.005_gradient_0_VconcST_0.04_Vconc_0.8_run_0.csv,1200.0,0.005,0,0.8,0.04,0.8,0,10.25,0.407623,0.00818492,0.000158757,0.407623,1.0,0.0484133,2078.49
1200_dose_0.005_gradient_0_VconcST_0.04_Vconc_0.8_run_0.csv,1200.0,0.005,0,0.8,0.04,0.8,0,10.5,0.443858,0.0080227,0.000172869,0.443858,1.0,0.0524988,2035.58
1200_dose_0.005_gradient_0_VconcST_0.04_Vconc_0.8_run_0.csv,1200.0,0.005,0,0.8,0.04,0.8,0,10.75,0.479207,0.0078637,0.000186636,0.479207,1.0,0.0564508,1823.16
1200_dose_0.005_gradient_0_VconcST_0.04_Vconc_0.8_run_0.csv,1200.0,0.005,0,0.8,0.04,0.8,0,11.0,0.513688,0.00770785,0.000200066,0.513688,1.0,0.060274,2063.93
1200_dose_0.005_gradient_0_VconcST_0.04_Vconc_0.8_run_0.csv,1200.0,0.005,0,0.8,0.04,0.8,0,11.25,0.547319,0.00755509,0.000213164,0.547319,1.0,0.0639733,1983.29
1200_dose_0.005_gradient_0_VconcST_0.04_Vconc_0.8_run_0.csv,1200.0,0.005,0,0.8,0.04,0.8,0,11.5,0.580117,0.00740536,0.000225937,0.580117,1.0,0.0675531,2054.2
1200_dose_0.005_gradient_0_VconcST_0.04_Vconc_0.8_run_0.csv,1200.0,0.005,0,0.8,0.04,0.8,0,11.75,0.612099,0.00725859,0.000238394,0.612099,1.0,0.0710175,2064.39
1200_dose_0.005_gradient_0_VconcST_0.04_Vconc_0.8_run_0.csv,1200.0,0.005,0,0.8,0.04,0.8,0,12.0,0.643283,0.00711473,0.000250539,0.643283,1.0,0.0743708,2048.61
1200_dose_0.005_gradient_0_VconcST_0.04_Vconc_0.8_run_0.csv,1200.0,0.005,0,0.8,0.04,0.8,0,12.25,0.673684,0.00697373,0.000262379,0.673684,1.0,0.0776167,1957.22
1200_dose_0.005_gradient_0_VconcST_0.04_Vconc_0.8_run_0.csv,1200.0,0.005,0,0.8,0.04,0.8,0,12.5,0.703319,0.00683552,0.000273921,0.703319,1.0,0.080759,1786.53
1200_dose_0.005_gradient_0_VconcST_0.04_Vconc_0.8_run_0.csv,1200.0,0.005,0,0.8,0.04,0.8,0,12.75,0.732205,0.00670004,0.000285171,0.732205,1.0,0.0838012,1937.8
1200_dose_0.005_gradient_0_VconcST_0.04_Vconc_0.8_run_0.csv,1200.0,0.005,0,0.8,0.04,0.8,0,13.0,0.760355,0.00656726,0.000296135,0.760355,1.0,0.0867467,1898.41
1200_dose_0.005_gradient_0_VconcST_0.04_Vconc_0.8_run_0.csv,1200.0,0.005,0,0.8,0.04,0.8,0,13.25,0.787785,0.0064371,0.000306818,0.787785,1.0,0.0895987,2053.85
1200_dose_0.005_gradient_0_VconcST_0.04_Vconc_0.8_run_0.csv,1200.0,0.005,0,0.8,0.04,0.8,0,13.5,0.814511,0.00630953,0.000317227,0.814511,1.0,0.0923604,1865.65
1200_dose_0.005_gradient_0_VconcST_0.04_Vconc_0.8_run_0.csv,1200.0,0.005,0,0.8,0.04,0.8,0,13.75,0.840546,0.00618448,0.000327367,0.840546,1.0,0.0950347,1955.22
1200_dose_0.005_gradient_0_VconcST_0.04_Vconc_0.8_run_0.csv,1200.0,0.005,0,0.8,0.04,0.8,0,14.0,0.865906,0.00606191,0.000337244,0.865906,1.0,0.0976245,2014.86
1200_dose_0.005_gradient_0_VconcST_0.04_Vconc_0.8_run_0.csv,1200.0,0.005,0,0.8,0.04,0.8,0,14.25,0.890603,0.00594177,0.000346862,0.890603,1.0,0.100132,1936.64
1200_dose_0.005_gradient_0_VconcST_0.04_Vconc_0.8_run_0.csv,1200.0,0.005,0,0.8,0.04,0.8,0,14.5,0.914653,0.00582401,0.000356229,0.914653,1.0,0.102561,1907.39
1200_dose_0.005_gradient_0_VconcST_0.04_Vconc_0.8_run_0.csv,1200.0,0.005,0,0.8,0.04,0.8,0,14.75,0.938067,0.00570859,0.000365348,0.938067,1.0,0.104913,1955.86
1200_dose_0.005_gradient_0_VconcST_0.04_Vconc_0.8_run_0.csv,1200.0,0.005,0,0.8,0.04,0.8,0,15.0,0.961249,0.0105954,0.000374377,0.961249,1.0,0.107191,1811.46
1200_dose_0.005_gradient_0_VconcST_0.04_Vconc_0.8_run_0.csv,1200.0,0.005,0,0.8,0.04,0.8,0,15.25,1.00651,0.0103855,0.000392005,1.00651,1.0,0.11168,1746.19
1200_dose_0.005_gradient_0_VconcST_0.04_Vconc_0.8_run_0.csv,1200.0,0.005,0,0.8,0.04,0.8,0,15.5,1.05063,0.0101796,0.000409189,1.05063,1.0,0.116013,1643.38
1200_dose_0.005_gradient_0_VconcST_0.04_Vconc_0.8_run_0.csv,1200.0,0.005,0,0.8,0.04,0.8,0,15.75,1.09364,0.00997788,0.000425938,1.09364,1.0,0.120196,1844.05
1200_dose_0.005_gradient_0_VconcST_0.04_Vconc_0.8_run_0.csv,1200.0,0.005,0,0.8,0.04,0.8,0,16.0,1.13555,0.00978013,0.00044226,1.13555,1.0,0.124234,1684.54
1200_dose_0.005_gradient_0_VconcST_0.04_Vconc_0.8_run_0.csv,1200.0,0.005,0,0.8,0.04,0.8,0,16.25,1.17639,0.0095863,0.000458166,1.17639,1.0,0.128133,1611.05
1200_dose_0.005_gradient_0_VconcST_0.04_Vconc_0.8_run_0.csv,1200.0,0.005,0,0.8,0.04,0.8,0,16.5,1.21617,0.00939631,0.000473662,1.21617,1.0,0.131899,1267.15
1200_dose_0.005_gradient_0_VconcST_0.04_Vconc_0.8_run_0.csv,1200.0,0.005,0,0.8,0.04,0.8,0,16.75,1.25493,0.00921009,0.000488758,1.25493,0.978125,0.135537,1250.28
1200_dose_0.005_gradient_0_VconcST_0.04_Vconc_0.8_run_0.csv,1200.0,0.005,0,0.8,0.04,0.8,0,17.0,1.29269,0.00902755,0.000503462,1.29269,0.915625,0.139051,1256.03
1200_dose_0.005_gradient_0_VconcST_0.04_Vconc_0.8_run_0.csv,1200.0,0.005,0,0.8,0.04,0.8,0,17.25,1.32946,0.00884864,0.000517782,1.32946,0.890625,0.142445,1312.8
1200_dose_0.005_gradient_0_VconcST_0.04_Vconc_0.8_run_0.csv,1200.0,0.005,0,0.8,0.04,0.8,0,17.5,1.36526,0.00867327,0.000531726,1.36526,0.828125,0.145725,1324.39
1200_dose_0.005_gradient_0_VconcST_0.04_Vconc_0.8_run_0.csv,1200.0,0.005,0,0.8,0.04,0.8,0,17.75,1.40012,0.00850138,0.000545303,1.40012,0.801042,0.148895,1316.14
1200_dose_0.005_gradient_0_VconcST_0.04_Vconc_0.8_run_0.csv,1200.0,0.005,0,0.8,0.04,0.8,0,18.0,1.43405,0.00833287,0.000558518,1.43405,0.783333,0.151958,1227.25
1200_dose_0.005_gradient_0_VconcST_0.04_Vconc_0.8_run_0.csv,1200.0,0.005,0,0.8,0.04,0.8,0,18.25,1.46708,0.00816772,0.000571381,1.46708,0.725,0.154918,1183.06
1200_dose_0.005_gradient_0_VconcST_0.04_Vconc_0.8_run_0.csv,1200.0,0.005,0,0.8,0.04,0.8,0,18.5,1.49921,0.00800584,0.000583898,1.49921,0.620833,0.157778,1049.28
1200_dose_0.005_gradient_0_VconcST_0.04_Vconc_0.8_run_0.csv,1200.0,0.005,0,0.8,0.04,0.8,0,18.75,1.53048,0.00784718,0.000596076,1.53048,0.55,0.160543,1121.29
1200_dose_0.005_gradient_0_VconcST_0.04_Vconc_0.8_run_0.csv,1200.0,0.005,0,0.8,0.04,0.8,0,19.0,1.5609,0.00769166,0.000607923,1.5609,0.0,0.163215,992.21
1200_dose_0.005_gradient_0_VconcST_0.04_Vconc_0.8_run_0.csv,1200.0,0.005,0,0.8,0.04,0.8,0,19.25,1.59049,0.00753922,0.000619446,1.59049,0.0,0.165798,1064.66
1200_dose_0.005_gradient_0_VconcST_0.04_Vconc_0.8_run_0.csv,1200.0,0.005,0,0.8,0.04,0.8,0,19.5,1.61926,0.0073898,0.00063065,1.61926,0.357292,0.168294,1124.67
1200_dose_0.005_gradient_0_VconcST_0.04_Vconc_0.8_run_0.csv,1200.0,0.005,0,0.8,0.04,0.8,0,19.75,1.64723,0.00724334,0.000641544,1.64723,0.0,0.170707,1100.28
1200_dose_0.005_gradient_0_VconcST_0.04_Vconc_0.8_run_0.csv,1200.0,0.005,0,0.8,0.04,0.8,0,20.0,1.6748,0.0120998,0.000652285,1.6748,0.213542,0.173038,1177.93
1200_dose_0.005_gradient_0_VconcST_0.04_Vconc_0.8_run_0.csv,1200.0,0.005,0,0.8,0.04,0.8,0,20.25,1.72431,0.01186,0.000671563,1.72431,0.0,0.17725,1092.4
1200_dose_0.005_gradient_0_VconcST_0.04_Vconc_0.8_run_0.csv,1200.0,0.005,0,0.8,0.04,0.8,0,20.5,1.77251,0.0116249,0.000690338,1.77251,0.0,0.181311,1093.01
1200_dose_0.005_gradient_0_VconcST_0.04_Vconc_0.8_run_0.csv,1200.0,0.005,0,0.8,0.04,0.8,0,20.75,1.81945,0.0113945,0.000708618,1.81945,0.0,0.185226,1011.29
1200_dose_0.005_gradient_0_VconcST_0.04_Vconc_0.8_run_0.csv,1200.0,0.005,0,0.8,0.04,0.8,0,21.0,1.86514,0.0111687,0.000726416,1.86514,0.0,0.189002,1054.66
1200_dose_0.005_gradient_0_VconcST_0.04_Vconc_0.8_run_0.csv,1200.0,0.005,0,0.8,0.04,0.8,0,21.25,1.90963,0.0109474,0.00074374,1.90963,0.188542,0.192644,1027.44
1200_dose_0.005_gradient_0_VconcST_0.04_Vconc_0.8_run_0.csv,1200.0,0.005,0,0.8,0.04,0.8,0,21.5,1.95292,0.0107304,0.0007606,1.95292,0.2375,0.196158,1065.38
1200_dose_0.005_gradient_0_VconcST_0.04_Vconc_0.8_run_0.csv,1200.0,0.005,0,0.8,0.04,0.8,0,21.75,1.99504,0.0105177,0.000777007,1.99504,0.251042,0.199548,1064.6
1200_dose_0.005_gradient_0_VconcST_0.04_Vconc_0.8_run_0.csv,1200.0,0.005,0,0.8,0.04,0.8,0,22.0,2.03602,0.0103093,0.000792968,2.03602,0.291667,0.202818,1037.28
1200_dose_0.005_gradient_0_VconcST_0.04_Vconc_0.8_run_0.csv,1200.0,0.005,0,0.8,0.04,0.8,0,22.25,2.07589,0.010105,0.000808495,2.07589,0.277083,0.205974,1002.4
1200_dose_0.005_gradient_0_VconcST_0.04_Vconc_0.8_run_0.csv,1200.0,0.005,0,0.8,0.04,0.8,0,22.5,2.11466,0.0099047,0.000823595,2.11466,0.0,0.209019,933.794
1200_dose_0.005_gradient_0_VconcST_0.04_Vconc_0.8_run_0.csv,1200.0,0.005,0,0.8,0.04,0.8,0,22.75,2.15236,0.0097084,0.000838278,2.15236,0.0,0.211958,852.583
1200_dose_0.005_gradient_0_VconcST_0.04_Vconc_0.8_run_0.csv,1200.0,0.005,0,0.8,0.04,0.8,0,23.0,2.18901,0.00951599,0.000852553,2.18901,0.0,0.214794,886.077
1200_dose_0.005_gradient_0_VconcST_0.04_Vconc_0.8_run_0.csv,1200.0,0.005,0,0.8,0.04,0.8,0,23.25,2.22464,0.00932739,0.000866428,2.22464,0.0,0.217532,842.1
1200_dose_0.005_gradient_0_VconcST_0.04_Vconc_0.8_run_0.csv,1200.0,0.005,0,0.8,0.04,0.8,0,23.5,2.25926,0.00914254,0.000879911,2.25926,0.0,0.220173,858.468
1200_dose_0.005_gradient_0_VconcST_0.04_Vconc_0.8_run_0.csv,1200.0,0.005,0,0.8,0.04,0.8,0,23.75,2.29289,0.00896134,0.00089301,2.29289,0.0,0.222723,806.07
1200_dose_0.005_gradient_0_VconcST_0.04_Vconc_0.8_run_0.csv,1200.0,0.005,0,0.8,0.04,0.8,0,24.0,2.32556,0.00878374,0.000905734,2.32556,0.0,0.225183,845.678
1200_dose_0.005_gradient_0_VconcST_0.04_Vconc_0.8_run_0.csv,1200.0,0.005,0,0.8,0.04,0.8,0,24.25,2.35729,0.00860965,0.000918091,2.35729,0.0,0.227558,838.989
1200_dose_0.005_gradient_0_VconcST_0.04_Vconc_0.8_run_0.csv,1200.0,0.005,0,0.8,0.04,0.8,0,24.5,2.38809,0.00843902,0.000930087,2.38809,0.0,0.22985,797.32
1200_dose_0.005_gradient_0_VconcST_0.04_Vconc_0.8_run_0.csv,1200.0,0.005,0,0.8,0.04,0.8,0,24.75,2.41799,0.00827174,0.000941732,2.41799,0.0,0.232061,849.64
1200_dose_0.005_gradient_0_VconcST_0.04_Vconc_0.8_run_0.csv,1200.0,0.005,0,0.8,0.04,0.8,0,25.0,2.44739,0.0131078,0.000953183,2.44739,0.0,0.234195,827.189
1200_dose_0.005_gradient_0_VconcST_0.04_Vconc_0.8_run_0.csv,1200.0,0.005,0,0.8,0.04,0.8,0,25.25,2.49861,0.012848,0.000973133,2.49861,0.0,0.237934,791.496
1200_dose_0.005_gradient_0_VconcST_0.04_Vconc_0.8_run_0.csv,1200.0,0.005,0,0.8,0.04,0.8,0,25.5,2.54844,0.0125934,0.00099254,2.54844,0.0,0.241535,770.469
1200_dose_0.005_gradient_0_VconcST_0.04_Vconc_0.8_run_0.csv,1200.0,0.005,0,0.8,0.04,0.8,0,25.75,2.59691,0.0123438,0.00101142,2.59691,0.0,0.245006,804.73
1200_dose_0.005_gradient_0_VconcST_0.04_Vconc_0.8_run_0.csv,1200.0,0.005,0,0.8,0.04,0.8,0,26.0,2.64404,0.0120992,0.00102977,2.64404,0.0,0.248351,794.409
1200_dose_0.005_gradient_0_VconcST_0.04_Vconc_0.8_run_0.csv,1200.0,0.005,0,0.8,0.04,0.8,0,26.25,2.68986,0.0118594,0.00104762,2.68986,0.0,0.251575,775.705
1200_dose_0.005_gradient_0_VconcST_0.04_Vconc_0.8_run_0.csv,1200.0,0.005,0,0.8,0.04,0.8,0,26.5,2.7344,0.0116243,0.00106497,2.7344,0.0,0.254682,802.131
1200_dose_0.005_gradient_0_VconcST_0.04_Vconc_0.8_run_0.csv,1200.0,0.005,0,0.8,0.04,0.8,0,26.75,2.77769,0.011394,0.00108183,2.77769,0.0,0.257677,801.171
1200_dose_0.005_gradient_0_VconcST_0.04_Vconc_0.8_run_0.csv,1200.0,0.005,0,0.8,0.04,0.8,0,27.0,2.81975,0.0111681,0.00109821,2.81975,0.0,0.260564,798.694
1200_dose_0.005_gradient_0_VconcST_0.04_Vconc_0.8_run_0.csv,1200.0,0.005,0,0.8,0.04,0.8,0,27.25,2.86061,0.0109468,0.00111412,2.86061,0.0,0.263348,805.527
1200_dose_0.005_gradient_0_VconcST_0.04_Vconc_0.8_run_0.csv,1200.0,0.005,0,0.8,0.04,0.8,0,27.5,2.90029,0.0107298,0.00112957,2.90029,0.0,0.266031,808.589
1200_dose_0.005_gradient_0_VconcST_0.04_Vconc_0.8_run_0.csv,1200.0,0.005,0,0.8,0.04,0.8,0,27.75,2.93882,0.0105172,0.00114458,2.93882,0.0,0.268618,782.46
1200_dose_0.005_gradient_0_VconcST_0.04_Vconc_0.8_run_0.csv,1200.0,0.005,0,0.8,0.04,0.8,0,28.0,2.97623,0.0103088,0.00115915,2.97623,0.0,0.271111,786.983
1200_dose_0.005_gradient_0_VconcST_0.04_Vconc_0.8_run_0.csv,1200.0,0.005,0,0.8,0.04,0.8,0,28.25,3.01252,0.0101044,0.00117328,3.01252,0.0,0.273515,796.166
1200_dose_0.005_gradient_0_VconcST_0.04_Vconc_0.8_run_0.csv,1200.0,0.005,0,0.8,0.04,0.8,0,28.5,3.04774,0.00990419,0.001187,3.04774,0.0,0.275832,772.401
1200_dose_0.005_gradient_0_VconcST_0.04_Vconc_0.8_run_0.csv,1200.0,0.005,0,0.8,0.04,0.8,0,28.75,3.0819,0.0097079,0.00120031,3.0819,0.0,0.278066,800.109
1200_dose_0.005_gradient_0_VconcST_0.04_Vconc_0.8_run_0.csv,1200.0,0.005,0,0.8,0.04,0.8,0,29.0,3.11503,0.0095155,0.00121321,3.11503,0.0,0.280218,762.665
1200_dose_0.005_gradient_0_VconcST_0.04_Vconc_0.8_run_0.csv,1200.0,0.005,0,0.8,0.04,0.8,0,29.25,3.14714,0.00932691,0.00122571,3.14714,0.0,0.282293,786.511
1200_dose_0.005_gradient_0_VconcST_0.04_Vconc_0.8_run_0.csv,1200.0,0.005,0,0.8,0.04,0.8,0,29.5,3.17825,0.00914207,0.00123783,3.17825,0.0,0.284292,782.452
1200_dose_0.005_gradient_0_VconcST_0.04_Vconc_0.8_run_0.csv,1200.0,0.005,0,0.8,0.04,0.8,0,29.75,3.2084,0.00896088,0.00124957,3.2084,0.0,0.286218,761.414
1200_dose_0.005_gradient_0_VconcST_0.04_Vconc_0.8_run_0.csv,1200.0,0.005,0,0.8,0.04,0.8,0,30.0,3.23799,0.0137833,0.0012611,3.23799,0.0,0.288074,760.588
1200_dose_0.005_gradient_0_VconcST_0.04_Vconc_0.8_run_0.csv,1200.0,0.005,0,0.8,0.04,0.8,0,30.25,3.28933,0.0135101,0.00128109,3.28933,0.0,0.291313,744.26
1200_dose_0.005_gradient_0_VconcST_0.04_Vconc_0.8_run_0.csv,1200.0,0.005,0,0.8,0.04,0.8,0,30.5,3.33922,0.0132424,0.00130052,3.33922,0.0,0.294433,756.449
1200_dose_0.005_gradient_0_VconcST_0.04_Vconc_0.8_run_0.csv,1200.0,0.005,0,0.8,0.04,0.8,0,30.75,3.38768,0.0129799,0.0013194,3.38768,0.0,0.297437,793.8
1200_dose_0.005_gradient_0_VconcST_0.04_Vconc_0.8_run_0.csv,1200.0,0.005,0,0.8,0.04,0.8,0,31.0,3.43475,0.0127227,0.00133773,3.43475,0.0,0.300331,772.192
1200_dose_0.005_gradient_0_VconcST_0.04_Vconc_0.8_run_0.csv,1200.0,0.005,0,0.8,0.04,0.8,0,31.25,3.48045,0.0124705,0.00135553,3.48045,0.0,0.303118,786.295
1200_dose_0.005_gradient_0_VconcST_0.04_Vconc_0.8_run_0.csv,1200.0,0.005,0,0.8,0.04,0.8,0,31.5,3.52482,0.0122234,0.00137281,3.52482,0.0,0.305802,752.585
1200_dose_0.005_gradient_0_VconcST_0.04_Vconc_0.8_run_0.csv,1200.0,0.005,0,0.8,0.04,0.8,0,31.75,3.56787,0.0119811,0.00138958,3.56787,0.0,0.308387,725.243
1200_dose_0.005_gradient_0_VconcST_0.04_Vconc_0.8_run_0.csv,1200.0,0.005,0,0.8,0.04,0.8,0,32.0,3.60965,0.0117437,0.00140585,3.60965,0.0,0.310877,775.313
1200_dose_0.005_gradient_0_VconcST_0.04_Vconc_0.8_run_0.csv,1200.0,0.005,0,0.8,0.04,0.8,0,32.25,3.65017,0.0115109,0.00142163,3.65017,0.0,0.313276,731.346
1200_dose_0.005_gradient_0_VconcST_0.04_Vconc_0.8_run_0.csv,1200.0,0.005,0,0.8,0.04,0.8,0,32.5,3.68947,0.0112828,0.00143693,3.68947,0.0,0.315585,733.727
1200_dose_0.005_gradient_0_VconcST_0.04_Vconc_0.8_run_0.csv,1200.0,0.005,0,0.8,0.04,0.8,0,32.75,3.72756,0.0110592,0.00145177,3.72756,0.0,0.31781,753.081
1200_dose_0.005_gradient_0_VconcST_0.04_Vconc_0.8_run_0.csv,1200.0,0.005,0,0.8,0.04,0.8,0,33.0,3.76447,0.01084,0.00146614,3.76447,0.0,0.319951,753.839
1200_dose_0.005_gradient_0_VconcST_0.04_Vconc_0.8_run_0.csv,1200.0,0.005,0,0.8,0.04,0.8,0,33.25,3.80023,0.0106251,0.00148007,3.80023,0.0,0.322013,778.973
1200_dose_0.005_gradient_0_VconcST_0.04_Vconc_0.8_run_0.csv,1200.0,0.005,0,0.8,0.04,0.8,0,33.5,3.83487,0.0104146,0.00149356,3.83487,0.0,0.323999,723.412
1200_dose_0.005_gradient_0_VconcST_0.04_Vconc_0.8_run_0.csv,1200.0,0.005,0,0.8,0.04,0.8,0,33.75,3.8684,0.0102082,0.00150662,3.8684,0.0,0.32591,754.482
1200_dose_0.005_gradient_0_VconcST_0.04_Vconc_0.8_run_0.csv,1200.0,0.005,0,0.8,0.04,0.8,0,34.0,3.90085,0.0100059,0.00151926,3.90085,0.0,0.327749,764.188
1200_dose_0.005_gradient_0_VconcST_0.04_Vconc_0.8_run_0.csv,1200.0,0.005,0,0.8,0.04,0.8,0,34.25,3.93224,0.00980755,0.00153149,3.93224,0.0,0.329519,710.554
1200_dose_0.005_gradient_0_VconcST_0.04_Vconc_0.8_run_0.csv,1200.0,0.005,0,0.8,0.04,0.8,0,34.5,3.9626,0.00961317,0.00154331,3.9626,0.0,0.331221,738.376
1200_dose_0.005_gradient_0_VconcST_0.04_Vconc_0.8_run_0.csv,1200.0,0.005,0,0.8,0.04,0.8,0,34.75,3.99195,0.00942265,0.00155474,3.99195,0.0,0.332859,732.679
1200_dose_0.005_gradient_0_VconcST_0.04_Vconc_0.8_run_0.csv,1200.0,0.005,0,0.8,0.04,0.8,0,35.0,4.02069,0.0142359,0.00156594,4.02069,0.0,0.334434,722.211
1200_dose_0.005_gradient_0_VconcST_0.04_Vconc_0.8_run_0.csv,1200.0,0.005,0,0.8,0.04,0.8,0,35.25,4.07116,0.0139538,0.00158559,4.07116,0.0,0.337218,727.275
1200_dose_0.005_gradient_0_VconcST_0.04_Vconc_0.8_run_0.csv,1200.0,0.005,0,0.8,0.04,0.8,0,35.5,4.12013,0.0136772,0.00160466,4.12013,0.0,0.339897,739.381
1200_dose_0.005_gradient_0_VconcST_0.04_Vconc_0.8_run_0.csv,1200.0,0.005,0,0.8,0.04,0.8,0,35.75,4.16764,0.0134062,0.00162317,4.16764,0.0,0.342476,724.488
1200_dose_0.005_gradient_0_VconcST_0.04_Vconc_0.8_run_0.csv,1200.0,0.005,0,0.8,0.04,0.8,0,36.0,4.21372,0.0131405,0.00164111,4.21372,0.0,0.344958,719.127
1200_dose_0.005_gradient_0_VconcST_0.04_Vconc_0.8_run_0.csv,1200.0,0.005,0,0.8,0.04,0.8,0,36.25,4.2584,0.01288,0.00165851,4.2584,0.0,0.347347,715.776
1200_dose_0.005_gradient_0_VconcST_0.04_Vconc_0.8_run_0.csv,1200.0,0.005,0,0.8,0.04,0.8,0,36.5,4.3017,0.0126248,0.00167538,4.3017,0.0,0.349646,709.847
1200_dose_0.005_gradient_0_VconcST_0.04_Vconc_0.8_run_0.csv,1200.0,0.005,0,0.8,0.04,0.8,0,36.75,4.34366,0.0123746,0.00169172,4.34366,0.0,0.351858,709.785
1200_dose_0.005_gradient_0_VconcST_0.04_Vconc_0.8_run_0.csv,1200.0,0.005,0,0.8,0.04,0.8,0,37.0,4.38431,0.0121293,0.00170755,4.38431,0.0,0.353987,731.623
1200_dose_0.005_gradient_0_VconcST_0.04_Vconc_0.8_run_0.csv,1200.0,0.005,0,0.8,0.04,0.8,0,37.25,4.42368,0.0118889,0.00172288,4.42368,0.0,0.356035,715.096
1200_dose_0.005_gradient_0_VconcST_0.04_Vconc_0.8_run_0.csv,1200.0,0.005,0,0.8,0.04,0.8,0,37.5,4.46178,0.0116533,0.00173773,4.46178,0.0,0.358005,741.838
1200_dose_0.005_gradient_0_VconcST_0.04_Vconc_0.8_run_0.csv,1200.0,0.005,0,0.8,0.04,0.8,0,37.75,4.49865,0.0114223,0.00175208,4.49865,0.0,0.3599,689.576
1200_dose_0.005_gradient_0_VconcST_0.04_Vconc_0.8_run_0.csv,1200.0,0.005,0,0.8,0.04,0.8,0,38.0,4.53431,0.011196,0.00176597,4.53431,0.0,0.361722,716.829
1200_dose_0.005_gradient_0_VconcST_0.04_Vconc_0.8_run_0.csv,1200.0,0.005,0,0.8,0.04,0.8,0,38.25,4.5688,0.0109741,0.00177941,4.5688,0.0,0.363475,714.278
1200_dose_0.005_gradient_0_VconcST_0.04_Vconc_0.8_run_0.csv,1200.0,0.005,0,0.8,0.04,0.8,0,38.5,4.60213,0.0107566,0.00179239,4.60213,0.0,0.365159,691.361
1200_dose_0.005_gradient_0_VconcST_0.04_Vconc_0.8_run_0.csv,1200.0,0.005,0,0.8,0.04,0.8,0,38.75,4.63433,0.0105434,0.00180493,4.63433,0.0,0.366778,718.517
1200_dose_0.005_gradient_0_VconcST_0.04_Vconc_0.8_run_0.csv,1200.0,0.005,0,0.8,0.04,0.8,0,39.0,4.66543,0.0103344,0.00181704,4.66543,0.0,0.368334,714.179
1200_dose_0.005_gradient_0_VconcST_0.04_Vconc_0.8_run_0.csv,1200.0,0.005,0,0.8,0.04,0.8,0,39.25,4.69544,0.0101296,0.00182873,4.69544,0.0,0.369828,713.21
1200_dose_0.005_gradient_0_VconcST_0.04_Vconc_0.8_run_0.csv,1200.0,0.005,0,0.8,0.04,0.8,0,39.5,4.72439,0.00992886,0.00184,4.72439,0.0,0.371263,713.098
1200_dose_0.005_gradient_0_VconcST_0.04_Vconc_0.8_run_0.csv,1200.0,0.005,0,0.8,0.04,0.8,0,39.75,4.75231,0.00973209,0.00185088,4.75231,0.0,0.37264,693.277
1200_dose_0.005_gradient_0_VconcST_0.04_Vconc_0.8_run_0.csv,1200.0,0.005,0,0.8,0.04,0.8,0,40.0,4.7796,0.0145392,0.0018615,4.7796,0.0,0.373962,693.175
1200_dose_0.005_gradient_0_VconcST_0.04_Vconc_0.8_run_0.csv,1200.0,0.005,0,0.8,0.04,0.8,0,40.25,4.82858,0.0142511,0.00188058,4.82858,0.0,0.376354,691.737
1200_dose_0.005_gradient_0_VconcST_0.04_Vconc_0.8_run_0.csv,1200.0,0.005,0,0.8,0.04,0.8,0,40.5,4.87606,0.0139686,0.00189907,4.87606,0.0,0.378654,686.798
1200_dose_0.005_gradient_0_VconcST_0.04_Vconc_0.8_run_0.csv,1200.0,0.005,0,0.8,0.04,0.8,0,40.75,4.92204,0.0136918,0.00191698,4.92204,0.0,0.380867,675.744
1200_dose_0.005_gradient_0_VconcST_0.04_Vconc_0.8_run_0.csv,1200.0,0.005,0,0.8,0.04,0.8,0,41.0,4.96658,0.0134204,0.00193433,4.96658,0.0,0.382995,699.961
1200_dose_0.005_gradient_0_VconcST_0.04_Vconc_0.8_run_0.csv,1200.0,0.005,0,0.8,0.04,0.8,0,41.25,5.00969,0.0131544,0.00195112,5.00969,0.0,0.38504,708.172
1200_dose_0.005_gradient_0_VconcST_0.04_Vconc_0.8_run_0.csv,1200.0,0.005,0,0.8,0.04,0.8,0,41.5,5.05142,0.0128937,0.00196737,5.05142,0.0,0.387008,681.543
1200_dose_0.005_gradient_0_VconcST_0.04_Vconc_0.8_run_0.csv,1200.0,0.005,0,0.8,0.04,0.8,0,41.75,5.09178,0.0126382,0.00198309,5.09178,0.0,0.388899,703.177
1200_dose_0.005_gradient_0_VconcST_0.04_Vconc_0.8_run_0.csv,1200.0,0.005,0,0.8,0.04,0.8,0,42.0,5.13081,0.0123877,0.00199829,5.13081,0.0,0.390716,667.493
1200_dose_0.005_gradient_0_VconcST_0.04_Vconc_0.8_run_0.csv,1200.0,0.005,0,0.8,0.04,0.8,0,42.25,5.16853,0.0121422,0.00201298,5.16853,0.0,0.392463,673.388
1200_dose_0.005_gradient_0_VconcST_0.04_Vconc_0.8_run_0.csv,1200.0,0.005,0,0.8,0.04,0.8,0,42.5,5.20498,0.0119016,0.00202718,5.20498,0.0,0.394141,677.716
1200_dose_0.005_gradient_0_VconcST_0.04_Vconc_0.8_run_0.csv,1200.0,0.005,0,0.8,0.04,0.8,0,42.75,5.24018,0.0116657,0.00204089,5.24018,0.0,0.395752,677.58
1200_dose_0.005_gradient_0_VconcST_0.04_Vconc_0.8_run_0.csv,1200.0,0.005,0,0.8,0.04,0.8,0,43.0,5.27416,0.0114345,0.00205412,5.27416,0.0,0.3973,684.178
1200_dose_0.005_gradient_0_VconcST_0.04_Vconc_0.8_run_0.csv,1200.0,0.005,0,0.8,0.04,0.8,0,43.25,5.30694,0.0112079,0.00206689,5.30694,0.0,0.398786,682.057
1200_dose_0.005_gradient_0_VconcST_0.04_Vconc_0.8_run_0.csv,1200.0,0.005,0,0.8,0.04,0.8,0,43.5,5.33855,0.0109857,0.0020792,5.33855,0.0,0.400211,663.832
1200_dose_0.005_gradient_0_VconcST_0.04_Vconc_0.8_run_0.csv,1200.0,0.005,0,0.8,0.04,0.8,0,43.75,5.36901,0.010768,0.00209106,5.36901,0.0,0.401579,708.487
1200_dose_0.005_gradient_0_VconcST_0.04_Vconc_0.8_run_0.csv,1200.0,0.005,0,0.8,0.04,0.8,0,44.0,5.39836,0.0105546,0.00210249,5.39836,0.0,0.402891,679.19
1200_dose_0.005_gradient_0_VconcST_0.04_Vconc_0.8_run_0.csv,1200.0,0.005,0,0.8,0.04,0.8,0,44.25,5.42661,0.0103454,0.0021135,5.42661,0.0,0.404148,669.124
1200_dose_0.005_gradient_0_VconcST_0.04_Vconc_0.8_run_0.csv,1200.0,0.005,0,0.8,0.04,0.8,0,44.5,5.45378,0.0101404,0.00212408,5.45378,0.0,0.405352,666.303
1200_dose_0.005_gradient_0_VconcST_0.04_Vconc_0.8_run_0.csv,1200.0,0.005,0,0.8,0.04,0.8,0,44.75,5.47991,0.00993942,0.00213426,5.47991,0.0,0.406505,669.37
1200_dose_0.005_gradient_0_VconcST_0.04_Vconc_0.8_run_0.csv,1200.0,0.005,0,0.8,0.04,0.8,0,45.0,5.5054,0.0147424,0.00214418,5.5054,0.0,0.407609,671.065
1200_dose_0.005_gradient_0_VconcST_0.04_Vconc_0.8_run_0.csv,1200.0,0.005,0,0.8,0.04,0.8,0,45.25,5.55257,0.0144503,0.00216255,5.55257,0.0,0.409672,673.611
1200_dose_0.005_gradient_0_VconcST_0.04_Vconc_0.8_run_0.csv,1200.0,0.005,0,0.8,0.04,0.8,0,45.5,5.59822,0.0141639,0.00218033,5.59822,0.0,0.411655,651.121
1200_dose_0.005_gradient_0_VconcST_0.04_Vconc_0.8_run_0.csv,1200.0,0.005,0,0.8,0.04,0.8,0,45.75,5.64237,0.0138832,0.00219753,5.64237,0.0,0.413561,666.001
1200_dose_0.005_gradient_0_VconcST_0.04_Vconc_0.8_run_0.csv,1200.0,0.005,0,0.8,0.04,0.8,0,46.0,5.68506,0.013608,0.00221415,5.68506,0.0,0.415391,651.241
1200_dose_0.005_gradient_0_VconcST_0.04_Vconc_0.8_run_0.csv,1200.0,0.005,0,0.8,0.04,0.8,0,46.25,5.72631,0.0133383,0.00223022,5.72631,0.0,0.417149,665.245
1200_dose_0.005_gradient_0_VconcST_0.04_Vconc_0.8_run_0.csv,1200.0,0.005,0,0.8,0.04,0.8,0,46.5,5.76617,0.013074,0.00224574,5.76617,0.0,0.418838,665.891
1200_dose_0.005_gradient_0_VconcST_0.04_Vconc_0.8_run_0.csv,1200.0,0.005,0,0.8,0.04,0.8,0,46.75,5.80465,0.0128148,0.00226073,5.80465,0.0,0.420459,636.087
1200_dose_0.005_gradient_0_VconcST_0.04_Vconc_0.8_run_0.csv,1200.0,0.005,0,0.8,0.04,0.8,0,47.0,5.84179,0.0125609,0.0022752,5.84179,0.0,0.422015,656.492
1200_dose_0.005_gradient_0_VconcST_0.04_Vconc_0.8_run_0.csv,1200.0,0.005,0,0.8,0.04,0.8,0,47.25,5.87762,0.0123119,0.00228915,5.87762,0.0,0.423508,649.383
1200_dose_0.005_gradient_0_VconcST_0.04_Vconc_0.8_run_0.csv,1200.0,0.005,0,0.8,0.04,0.8,0,47.5,5.91216,0.0120679,0.0023026,5.91216,0.0,0.42494,637.968
1200_dose_0.005_gradient_0_VconcST_0.04_Vconc_0.8_run_0.csv,1200.0,0.005,0,0.8,0.04,0.8,0,47.75,5.94545,0.0118287,0.00231557,5.94545,0.0,0.426314,675.692
1200_dose_0.005_gradient_0_VconcST_0.04_Vconc_0.8_run_0.csv,1200.0,0.005,0,0.8,0.04,0.8,0,48.0,5.97751,0.0115943,0.00232805,5.97751,0.0,0.42763,648.649
1200_dose_0.005_gradient_0_VconcST_0.04_Vconc_0.8_run_0.csv,1200.0,0.005,0,0.8,0.04,0.8,0,48.25,6.00836,0.0113645,0.00234007,6.00836,0.0,0.428892,652.757
1200_dose_0.005_gradient_0_VconcST_0.04_Vconc_0.8_run_0.csv,1200.0,0.005,0,0.8,0.04,0.8,0,48.5,6.03804,0.0111393,0.00235163,6.03804,0.0,0.4301,647.927
1200_dose_0.005_gradient_0_VconcST_0.04_Vconc_0.8_run_0.csv,1200.0,0.005,0,0.8,0.04,0.8,0,48.75,6.06656,0.0109185,0.00236274,6.06656,0.0,0.431257,644.282
1200_dose_0.005_gradient_0_VconcST_0.04_Vconc_0.8_run_0.csv,1200.0,0.005,0,0.8,0.04,0.8,0,49.0,6.09396,0.0107021,0.00237341,6.09396,0.0,0.432363,616.516
1200_dose_0.005_gradient_0_VconcST_0.04_Vconc_0.8_run_0.csv,1200.0,0.005,0,0.8,0.04,0.8,0,49.25,6.12025,0.01049,0.00238365,6.12025,0.0,0.43342,668.149
1200_dose_0.005_gradient_0_VconcST_0.04_Vconc_0.8_run_0.csv,1200.0,0.005,0,0.8,0.04,0.8,0,49.5,6.14546,0.0102821,0.00239347,6.14546,0.0,0.434431,632.659
1200_dose_0.005_gradient_0_VconcST_0.04_Vconc_0.8_run_0.csv,1200.0,0.005,0,0.8,0.04,0.8,0,49.75,6.16962,0.0100784,0.00240288,6.16962,0.0,0.435396,636.825
1200_dose_0.005_gradient_0_VconcST_0.04_Vconc_0.8_run_0.csv,1200.0,0.005,0,0.8,0.04,0.8,0,50.0,6.19313,0.0148786,0.00241203,6.19313,0.0,0.436317,627.24
1200_dose_0.005_gradient_0_VconcST_0.04_Vconc_0.8_run_0.csv,1200.0,0.005,0,0.8,0.04,0.8,0,50.25,6.23833,0.0145837,0.00242964,6.23833,0.0,0.438107,633.332
1200_dose_0.005_gradient_0_VconcST_0.04_Vconc_0.8_run_0.csv,1200.0,0.005,0,0.8,0.04,0.8,0,50.5,6.28199,0.0142947,0.00244664,6.28199,0.0,0.439826,661.892
1200_dose_0.005_gradient_0_VconcST_0.04_Vconc_0.8_run_0.csv,1200.0,0.005,0,0.8,0.04,0.8,0,50.75,6.32415,0.0140114,0.00246306,6.32415,0.0,0.441476,640.172
1200_dose_0.005_gradient_0_VconcST_0.04_Vconc_0.8_run_0.csv,1200.0,0.005,0,0.8,0.04,0.8,0,51.0,6.36485,0.0137337,0.00247891,6.36485,0.0,0.443059,626.177
1200_dose_0.005_gradient_0_VconcST_0.04_Vconc_0.8_run_0.csv,1200.0,0.005,0,0.8,0.04,0.8,0,51.25,6.40411,0.0134615,0.0024942,6.40411,0.0,0.444578,620.028
1200_dose_0.005_gradient_0_VconcST_0.04_Vconc_0.8_run_0.csv,1200.0,0.005,0,0.8,0.04,0.8,0,51.5,6.44196,0.0131947,0.00250894,6.44196,0.0,0.446035,621.26
1200_dose_0.005_gradient_0_VconcST_0.04_Vconc_0.8_run_0.csv,1200.0,0.005,0,0.8,0.04,0.8,0,51.75,6.47844,0.0129332,0.00252315,6.47844,0.0,0.447432,639.022
1200_dose_0.005_gradient_0_VconcST_0.04_Vconc_0.8_run_0.csv,1200.0,0.005,0,0.8,0.04,0.8,0,52.0,6.51357,0.0126769,0.00253683,6.51357,0.0,0.44877,626.906
1200_dose_0.005_gradient_0_VconcST_0.04_Vconc_0.8_run_0.csv,1200.0,0.005,0,0.8,0.04,0.8,0,52.25,6.54739,0.0124257,0.00255001,6.54739,0.0,0.450052,623.235
1200_dose_0.005_gradient_0_VconcST_0.04_Vconc_0.8_run_0.csv,1200.0,0.005,0,0.8,0.04,0.8,0,52.5,6.57992,0.0121794,0.00256267,6.57992,0.0,0.45128,642.475
1200_dose_0.005_gradient_0_VconcST_0.04_Vconc_0.8_run_0.csv,1200.0,0.005,0,0.8,0.04,0.8,0,52.75,6.61119,0.011938,0.00257485,6.61119,0.0,0.452455,619.018
1200_dose_0.005_gradient_0_VconcST_0.04_Vconc_0.8_run_0.csv,1200.0,0.005,0,0.8,0.04,0.8,0,53.0,6.64122,0.0117014,0.00258655,6.64122,0.0,0.453579,631.692
1200_dose_0.005_gradient_0_VconcST_0.04_Vconc_0.8_run_0.csv,1200.0,0.005,0,0.8,0.04,0.8,0,53.25,6.67005,0.0114695,0.00259778,6.67005,0.0,0.454654,629.785
1200_dose_0.005_gradient_0_VconcST_0.04_Vconc_0.8_run_0.csv,1200.0,0.005,0,0.8,0.04,0.8,0,53.5,6.6977,0.0112422,0.00260855,6.6977,0.0,0.45568,614.627
1200_dose_0.005_gradient_0_VconcST_0.04_Vconc_0.8_run_0.csv,1200.0,0.005,0,0.8,0.04,0.8,0,53.75,6.72419,0.0110194,0.00261886,6.72419,0.0,0.456661,640.33
1200_dose_0.005_gradient_0_VconcST_0.04_Vconc_0.8_run_0.csv,1200.0,0.005,0,0.8,0.04,0.8,0,54.0,6.74956,0.010801,0.00262874,6.74956,0.0,0.457596,628.37
1200_dose_0.005_gradient_0_VconcST_0.04_Vconc_0.8_run_0.csv,1200.0,0.005,0,0.8,0.04,0.8,0,54.25,6.77382,0.0105869,0.00263819,6.77382,0.0,0.458487,618.802
1200_dose_0.005_gradient_0_VconcST_0.04_Vconc_0.8_run_0.csv,1200.0,0.005,0,0.8,0.04,0.8,0,54.5,6.797,0.0103771,0.00264722,6.797,0.0,0.459336,615.57
1200_dose_0.005_gradient_0_VconcST_0.04_Vconc_0.8_run_0.csv,1200.0,0.005,0,0.8,0.04,0.8,0,54.75,6.81913,0.0101715,0.00265584,6.81913,0.0,0.460144,630.543
1200_dose_0.005_gradient_0_VconcST_0.04_Vconc_0.8_run_0.csv,1200.0,0.005,0,0.8,0.04,0.8,0,55.0,6.84061,0.0149699,0.00266421,6.84061,0.0,0.460912,599.161
1200_dose_0.005_gradient_0_VconcST_0.04_Vconc_0.8_run_0.csv,1200.0,0.005,0,0.8,0.04,0.8,0,55.25,6.88377,0.0146732,0.00268102,6.88377,0.0,0.462476,624.448
1200_dose_0.005_gradient_0_VconcST_0.04_Vconc_0.8_run_0.csv,1200.0,0.005,0,0.8,0.04,0.8,0,55.5,6.9254,0.0143824,0.00269723,6.9254,0.0,0.463977,611.443
1200_dose_0.005_gradient_0_VconcST_0.04_Vconc_0.8_run_0.csv,1200.0,0.005,0,0.8,0.04,0.8,0,55.75,6.96553,0.0140973,0.00271286,6.96553,0.0,0.465415,623.081
1200_dose_0.005_gradient_0_VconcST_0.04_Vconc_0.8_run_0.csv,1200.0,0.005,0,0.8,0.04,0.8,0,56.0,7.00419,0.0138179,0.00272791,7.00419,0.0,0.466793,617.468
1200_dose_0.005_gradient_0_VconcST_0.04_Vconc_0.8_run_0.csv,1200.0,0.005,0,0.8,0.04,0.8,0,56.25,7.04141,0.0135441,0.00274241,7.04141,0.0,0.468114,603.445
1200_dose_0.005_gradient_0_VconcST_0.04_Vconc_0.8_run_0.csv,1200.0,0.005,0,0.8,0.04,0.8,0,56.5,7.07723,0.0132757,0.00275636,7.07723,0.0,0.469378,615.434
1200_dose_0.005_gradient_0_VconcST_0.04_Vconc_0.8_run_0.csv,1200.0,0.005,0,0.8,0.04,0.8,0,56.75,7.11167,0.0130126,0.00276978,7.11167,0.0,0.470588,610.372
1200_dose_0.005_gradient_0_VconcST_0.04_Vconc_0.8_run_0.csv,1200.0,0.005,0,0.8,0.04,0.8,0,57.0,7.14477,0.0127547,0.00278267,7.14477,0.0,0.471746,629.781
1200_dose_0.005_gradient_0_VconcST_0.04_Vconc_0.8_run_0.csv,1200.0,0.005,0,0.8,0.04,0.8,0,57.25,7.17655,0.0125019,0.00279504,7.17655,0.0,0.472853,607.793
1200_dose_0.005_gradient_0_VconcST_0.04_Vconc_0.8_run_0.csv,1200.0,0.005,0,0.8,0.04,0.8,0,57.5,7.20705,0.0122541,0.00280692,7.20705,0.0,0.473911,605.283
1200_dose_0.005_gradient_0_VconcST_0.04_Vconc_0.8_run_0.csv,1200.0,0.005,0,0.8,0.04,0.8,0,57.75,7.23628,0.0120113,0.00281831,7.23628,0.0,0.474921,580.297
1200_dose_0.005_gradient_0_VconcST_0.04_Vconc_0.8_run_0.csv,1200.0,0.005,0,0.8,0.04,0.8,0,58.0,7.26428,0.0117732,0.00282921,7.26428,0.0,0.475885,613.548
1200_dose_0.005_gradient_0_VconcST_0.04_Vconc_0.8_run_0.csv,1200.0,0.005,0,0.8,0.04,0.8,0,58.25,7.29109,0.0115399,0.00283965,7.29109,0.0,0.476804,588.365
1200_dose_0.005_gradient_0_VconcST_0.04_Vconc_0.8_run_0.csv,1200.0,0.005,0,0.8,0.04,0.8,0,58.5,7.31671,0.0113112,0.00284963,7.31671,0.0,0.47768,598.558
1200_dose_0.005_gradient_0_VconcST_0.04_Vconc_0.8_run_0.csv,1200.0,0.005,0,0.8,0.04,0.8,0,58.75,7.34118,0.011087,0.00285916,7.34118,0.0,0.478514,610.725
1200_dose_0.005_gradient_0_VconcST_0.04_Vconc_0.8_run_0.csv,1200.0,0.005,0,0.8,0.04,0.8,0,59.0,7.36452,0.0108673,0.00286825,7.36452,0.0,0.479307,592.372
1200_dose_0.005_gradient_0_VconcST_0.04_Vconc_0.8_run_0.csv,1200.0,0.005,0,0.8,0.04,0.8,0,59.25,7.38676,0.0106519,0.00287691,7.38676,0.0,0.48006,601.113
1200_dose_0.005_gradient_0_VconcST_0.04_Vconc_0.8_run_0.csv,1200.0,0.005,0,0.8,0.04,0.8,0,59.5,7.40792,0.0104408,0.00288515,7.40792,0.0,0.480775,598.866
1200_dose_0.005_gradient_0_VconcST_0.04_Vconc_0.8_run_0.csv,1200.0,0.005,0,0.8,0.04,0.8,0,59.75,7.42802,0.0102339,0.00289298,7.42802,0.0,0.481452,604.748
1200_dose_0.005_gradient_0_VconcST_0.04_Vconc_0.8_run_0.csv,1200.0,0.005,0,0.8,0.04,0.8,0,60.0,7.44748,0.015031,0.00290056,7.44748,0.0,0.482093,585.56
1200_dose_0.005_gradient_0_VconcST_0.04_Vconc_0.8_run_0.csv,1200.0,0.005,0,0.8,0.04,0.8,0,60.25,7.48862,0.0147331,0.00291659,7.48862,0.0,0.483469,587.034
1200_dose_0.005_gradient_0_VconcST_0.04_Vconc_0.8_run_0.csv,1200.0,0.005,0,0.8,0.04,0.8,0,60.5,7.52823,0.0144411,0.00293201,7.52823,0.0,0.484788,618.554
1200_dose_0.005_gradient_0_VconcST_0.04_Vconc_0.8_run_0.csv,1200.0,0.005,0,0.8,0.04,0.8,0,60.75,7.56634,0.0141549,0.00294686,7.56634,0.0,0.48605,586.088
1200_dose_0.005_gradient_0_VconcST_0.04_Vconc_0.8_run_0.csv,1200.0,0.005,0,0.8,0.04,0.8,0,61.0,7.60299,0.0138744,0.00296113,7.60299,0.0,0.487258,602.174
1200_dose_0.005_gradient_0_VconcST_0.04_Vconc_0.8_run_0.csv,1200.0,0.005,0,0.8,0.04,0.8,0,61.25,7.6382,0.0135994,0.00297484,7.6382,0.0,0.488413,614.172
1200_dose_0.005_gradient_0_VconcST_0.04_Vconc_0.8_run_0.csv,1200.0,0.005,0,0.8,0.04,0.8,0,61.5,7.67201,0.0133299,0.00298801,7.67201,0.0,0.489518,561.29
1200_dose_0.005_gradient_0_VconcST_0.04_Vconc_0.8_run_0.csv,1200.0,0.005,0,0.8,0.04,0.8,0,61.75,7.70445,0.0130657,0.00300064,7.70445,0.0,0.490573,590.759
1200_dose_0.005_gradient_0_VconcST_0.04_Vconc_0.8_run_0.csv,1200.0,0.005,0,0.8,0.04,0.8,0,62.0,7.73555,0.0128068,0.00301275,7.73555,0.0,0.491581,593.522
1200_dose_0.005_gradient_0_VconcST_0.04_Vconc_0.8_run_0.csv,1200.0,0.005,0,0.8,0.04,0.8,0,62.25,7.76533,0.012553,0.00302435,7.76533,0.0,0.492542,616.11
1200_dose_0.005_gradient_0_VconcST_0.04_Vconc_6.4_run_0.csv,1200.0,0.005,0,6.4,0.04,6.4,0,0.0,0.0,0.0,0.0,0.0,0.0,0.0,0.0
1200_dose_0.005_gradient_0_VconcST_0.04_Vconc_6.4_run_0.csv,1200.0,0.005,0,6.4,0.04,6.4,0,0.25,0.0,0.0,0.0,0.0,0.0,0.0,10000.0
1200_dose_0.005_gradient_0_VconcST_0.04_Vconc_6.4_run_0.csv,1200.0,0.005,0,6.4,0.04,6.4,0,0.5,0.0,0.0,0.0,0.0,0.0,0.0,764.05
1200_dose_0.005_gradient_0_VconcST_0.04_Vconc_6.4_run_0.csv,1200.0,0.005,0,6.4,0.04,6.4,0,0.75,0.0,0.0,0.0,0.0,0.0,0.0,10000.0
1200_dose_0.005_gradient_0_VconcST_0.04_Vconc_6.4_run_0.csv,1200.0,0.005,0,6.4,0.04,6.4,0,1.0,0.0,0.0,0.0,0.0,0.0,0.0,769.256
1200_dose_0.005_gradient_0_VconcST_0.04_Vconc_6.4_run_0.csv,1200.0,0.005,0,6.4,0.04,6.4,0,1.25,0.0,0.0,0.0,0.0,0.0,0.0,10000.0
1200_dose_0.005_gradient_0_VconcST_0.04_Vconc_6.4_run_0.csv,1200.0,0.005,0,6.4,0.04,6.4,0,1.5,0.0,0.0,0.0,0.0,0.0,0.0,777.374
1200_dose_0.005_gradient_0_VconcST_0.04_Vconc_6.4_run_0.csv,1200.0,0.005,0,6.4,0.04,6.4,0,1.75,0.0,0.0,0.0,0.0,0.0,0.0,10000.0
1200_dose_0.005_gradient_0_VconcST_0.04_Vconc_6.4_run_0.csv,1200.0,0.005,0,6.4,0.04,6.4,0,2.0,0.0,0.0,0.0,0.0,0.0,0.0,763.154
1200_dose_0.005_gradient_0_VconcST_0.04_Vconc_6.4_run_0.csv,1200.0,0.005,0,6.4,0.04,6.4,0,2.25,0.0,0.0,0.0,0.0,0.0,0.0,10000.0
1200_dose_0.005_gradient_0_VconcST_0.04_Vconc_6.4_run_0.csv,1200.0,0.005,0,6.4,0.04,6.4,0,2.5,0.0,0.0,0.0,0.0,0.0,0.0,761.462
1200_dose_0.005_gradient_0_VconcST_0.04_Vconc_6.4_run_0.csv,1200.0,0.005,0,6.4,0.04,6.4,0,2.75,0.0,0.0,0.0,0.0,0.0,0.0,10000.0
1200_dose_0.005_gradient_0_VconcST_0.04_Vconc_6.4_run_0.csv,1200.0,0.005,0,6.4,0.04,6.4,0,3.0,0.0,0.0,0.0,0.0,0.0,0.0,761.748
1200_dose_0.005_gradient_0_VconcST_0.04_Vconc_6.4_run_0.csv,1200.0,0.005,0,6.4,0.04,6.4,0,3.25,0.0,0.0,0.0,0.0,0.0,0.0,10000.0
1200_dose_0.005_gradient_0_VconcST_0.04_Vconc_6.4_run_0.csv,1200.0,0.005,0,6.4,0.04,6.4,0,3.5,0.0,0.0,0.0,0.0,0.0,0.0,765.595
1200_dose_0.005_gradient_0_VconcST_0.04_Vconc_6.4_run_0.csv,1200.0,0.005,0,6.4,0.04,6.4,0,3.75,0.0,0.0,0.0,0.0,0.0,0.0,10000.0
1200_dose_0.005_gradient_0_VconcST_0.04_Vconc_6.4_run_0.csv,1200.0,0.005,0,6.4,0.04,6.4,0,4.0,0.0,0.0,0.0,0.0,0.0,0.0,767.719
1200_dose_0.005_gradient_0_VconcST_0.04_Vconc_6.4_run_0.csv,1200.0,0.005,0,6.4,0.04,6.4,0,4.25,0.0,0.0,0.0,0.0,0.0,0.0,10000.0
1200_dose_0.005_gradient_0_VconcST_0.04_Vconc_6.4_run_0.csv,1200.0,0.005,0,6.4,0.04,6.4,0,4.5,0.0,0.0,0.0,0.0,0.0,0.0,758.62
1200_dose_0.005_gradient_0_VconcST_0.04_Vconc_6.4_run_0.csv,1200.0,0.005,0,6.4,0.04,6.4,0,4.75,0.0,0.0,0.0,0.0,0.0,0.0,10000.0
1200_dose_0.005_gradient_0_VconcST_0.04_Vconc_6.4_run_0.csv,1200.0,0.005,0,6.4,0.04,6.4,0,5.0,0.000389313,0.005,1.51625e-07,0.000389313,0.0,0.0,763.1
1200_dose_0.005_gradient_0_VconcST_0.04_Vconc_6.4_run_0.csv,1200.0,0.005,0,6.4,0.04,6.4,0,5.25,0.0234672,0.00490091,9.13975e-06,0.0234672,0.0,0.00287758,10000.0
1200_dose_0.005_gradient_0_VconcST_0.04_Vconc_6.4_run_0.csv,1200.0,0.005,0,6.4,0.04,6.4,0,5.5,0.0460002,0.00480378,1.79157e-05,0.0460002,0.0,0.00567128,757.703
1200_dose_0.005_gradient_0_VconcST_0.04_Vconc_6.4_run_0.csv,1200.0,0.005,0,6.4,0.04,6.4,0,5.75,0.0679994,0.00470857,2.64837e-05,0.0679994,0.0,0.00838375,10000.0
1200_dose_0.005_gradient_0_VconcST_0.04_Vconc_6.4_run_0.csv,1200.0,0.005,0,6.4,0.04,6.4,0,6.0,0.0894757,0.00461525,3.4848e-05,0.0894757,0.0,0.0110175,766.785
1200_dose_0.005_gradient_0_VconcST_0.04_Vconc_6.4_run_0.csv,1200.0,0.005,0,6.4,0.04,6.4,0,6.25,0.11044,0.00452378,4.30129e-05,0.11044,0.0,0.013575,10000.0
1200_dose_0.005_gradient_0_VconcST_0.04_Vconc_6.4_run_0.csv,1200.0,0.005,0,6.4,0.04,6.4,0,6.5,0.130902,0.00443413,5.09824e-05,0.130902,0.0,0.0160586,749.325
1200_dose_0.005_gradient_0_VconcST_0.04_Vconc_6.4_run_0.csv,1200.0,0.005,0,6.4,0.04,6.4,0,6.75,0.150873,0.00434625,5.87605e-05,0.150873,0.0,0.0184705,10000.0
1200_dose_0.005_gradient_0_VconcST_0.04_Vconc_6.4_run_0.csv,1200.0,0.005,0,6.4,0.04,6.4,0,7.0,0.170363,0.00426011,6.63511e-05,0.170363,0.0,0.0208129,748.763
1200_dose_0.005_gradient_0_VconcST_0.04_Vconc_6.4_run_0.csv,1200.0,0.005,0,6.4,0.04,6.4,0,7.25,0.189381,0.00417568,7.37581e-05,0.189381,0.0,0.0230878,10000.0
1200_dose_0.005_gradient_0_VconcST_0.04_Vconc_6.4_run_0.csv,1200.0,0.005,0,6.4,0.04,6.4,0,7.5,0.207938,0.00409293,8.09852e-05,0.207938,0.0,0.0252974,746.775
1200_dose_0.005_gradient_0_VconcST_0.04_Vconc_6.4_run_0.csv,1200.0,0.005,0,6.4,0.04,6.4,0,7.75,0.226041,0.00401181,8.80362e-05,0.226041,0.0,0.0274435,10000.0
1200_dose_0.005_gradient_0_VconcST_0.04_Vconc_6.4_run_0.csv,1200.0,0.005,0,6.4,0.04,6.4,0,8.0,0.243703,0.0039323,9.49146e-05,0.243703,0.0,0.029528,744.658
1200_dose_0.005_gradient_0_VconcST_0.04_Vconc_6.4_run_0.csv,1200.0,0.005,0,6.4,0.04,6.4,0,8.25,0.260929,0.00385437,0.000101624,0.260929,0.0,0.0315527,10000.0
1200_dose_0.005_gradient_0_VconcST_0.04_Vconc_6.4_run_0.csv,1200.0,0.005,0,6.4,0.04,6.4,0,8.5,0.277731,0.00377798,0.000108168,0.277731,0.0,0.0335193,729.545
1200_dose_0.005_gradient_0_VconcST_0.04_Vconc_6.4_run_0.csv,1200.0,0.005,0,6.4,0.04,6.4,0,8.75,0.294117,0.0037031,0.000114549,0.294117,0.0,0.0354295,10000.0
1200_dose_0.005_gradient_0_VconcST_0.04_Vconc_6.4_run_0.csv,1200.0,0.005,0,6.4,0.04,6.4,0,9.0,0.310095,0.00362971,0.000120772,0.310095,0.0,0.037285,737.323
1200_dose_0.005_gradient_0_VconcST_0.04_Vconc_6.4_run_0.csv,1200.0,0.005,0,6.4,0.04,6.4,0,9.25,0.325673,0.00355778,0.00012684,0.325673,0.0,0.0390872,10000.0
1200_dose_0.005_gradient_0_VconcST_0.04_Vconc_6.4_run_0.csv,1200.0,0.005,0,6.4,0.04,6.4,0,9.5,0.340861,0.00348726,0.000132755,0.340861,0.0,0.0408376,721.466
1200_dose_0.005_gradient_0_VconcST_0.04_Vconc_6.4_run_0.csv,1200.0,0.005,0,6.4,0.04,6.4,0,9.75,0.355665,0.00341815,0.00013852,0.355665,0.0,0.0425378,10000.0
1200_dose_0.005_gradient_0_VconcST_0.04_Vconc_6.4_run_0.csv,1200.0,0.005,0,6.4,0.04,6.4,0,10.0,0.370483,0.00835041,0.000144292,0.370483,0.0,0.0441891,723.131
1200_dose_0.005_gradient_0_VconcST_0.04_Vconc_6.4_run_0.csv,1200.0,0.005,0,6.4,0.04,6.4,0,10.25,0.407623,0.00818492,0.000158757,0.407623,0.0,0.0484133,10000.0
1200_dose_0.005_gradient_0_VconcST_0.04_Vconc_6.4_run_0.csv,1200.0,0.005,0,6.4,0.04,6.4,0,10.5,0.443858,0.0080227,0.000172869,0.443858,0.0,0.0524988,730.574
1200_dose_0.005_gradient_0_VconcST_0.04_Vconc_6.4_run_0.csv,1200.0,0.005,0,6.4,0.04,6.4,0,10.75,0.479207,0.0078637,0.000186636,0.479207,0.0,0.0564508,10000.0
1200_dose_0.005_gradient_0_VconcST_0.04_Vconc_6.4_run_0.csv,1200.0,0.005,0,6.4,0.04,6.4,0,11.0,0.513688,0.00770785,0.000200066,0.513688,0.0,0.060274,712.552
1200_dose_0.005_gradient_0_VconcST_0.04_Vconc_6.4_run_0.csv,1200.0,0.005,0,6.4,0.04,6.4,0,11.25,0.547319,0.00755509,0.000213164,0.547319,0.0,0.0639733,10000.0
1200_dose_0.005_gradient_0_VconcST_0.04_Vconc_6.4_run_0.csv,1200.0,0.005,0,6.4,0.04,6.4,0,11.5,0.580117,0.00740536,0.000225937,0.580117,0.0,0.0675531,721.485
1200_dose_0.005_gradient_0_VconcST_0.04_Vconc_6.4_run_0.csv,1200.0,0.005,0,6.4,0.04,6.4,0,11.75,0.612099,0.00725859,0.000238394,0.612099,0.0,0.0710175,10000.0
1200_dose_0.005_gradient_0_VconcST_0.04_Vconc_6.4_run_0.csv,1200.0,0.005,0,6.4,0.04,6.4,0,12.0,0.643283,0.00711473,0.000250539,0.643283,0.0,0.0743708,718.438
1200_dose_0.005_gradient_0_VconcST_0.04_Vconc_6.4_run_0.csv,1200.0,0.005,0,6.4,0.04,6.4,0,12.25,0.673684,0.00697373,0.000262379,0.673684,0.0,0.0776167,10000.0
1200_dose_0.005_gradient_0_VconcST_0.04_Vconc_6.4_run_0.csv,1200.0,0.005,0,6.4,0.04,6.4,0,12.5,0.703319,0.00683552,0.000273921,0.703319,0.0,0.080759,699.293
1200_dose_0.005_gradient_0_VconcST_0.04_Vconc_6.4_run_0.csv,1200.0,0.005,0,6.4,0.04,6.4,0,12.75,0.732205,0.00670004,0.000285171,0.732205,0.0,0.0838012,10000.0
1200_dose_0.005_gradient_0_VconcST_0.04_Vconc_6.4_run_0.csv,1200.0,0.005,0,6.4,0.04,6.4,0,13.0,0.760355,0.00656726,0.000296135,0.760355,0.0,0.0867467,702.285
1200_dose_0.005_gradient_0_VconcST_0.04_Vconc_6.4_run_0.csv,1200.0,0.005,0,6.4,0.04,6.4,0,13.25,0.787785,0.0064371,0.000306818,0.787785,0.0,0.0895987,10000.0
1200_dose_0.005_gradient_0_VconcST_0.04_Vconc_6.4_run_0.csv,1200.0,0.005,0,6.4,0.04,6.4,0,13.5,0.814511,0.00630953,0.000317227,0.814511,0.0,0.0923604,696.544
1200_dose_0.005_gradient_0_VconcST_0.04_Vconc_6.4_run_0.csv,1200.0,0.005,0,6.4,0.04,6.4,0,13.75,0.840546,0.00618448,0.000327367,0.840546,0.0,0.0950347,10000.0
1200_dose_0.005_gradient_0_VconcST_0.04_Vconc_6.4_run_0.csv,1200.0,0.005,0,6.4,0.04,6.4,0,14.0,0.865906,0.00606191,0.000337244,0.865906,0.0,0.0976245,690.115
1200_dose_0.005_gradient_0_VconcST_0.04_Vconc_6.4_run_0.csv,1200.0,0.005,0,6.4,0.04,6.4,0,14.25,0.890603,0.00594177,0.000346862,0.890603,0.0,0.100132,10000.0
1200_dose_0.005_gradient_0_VconcST_0.04_Vconc_6.4_run_0.csv,1200.0,0.005,0,6.4,0.04,6.4,0,14.5,0.914653,0.00582401,0.000356229,0.914653,0.0,0.102561,678.097
1200_dose_0.005_gradient_0_VconcST_0.04_Vconc_6.4_run_0.csv,1200.0,0.005,0,6.4,0.04,6.4,0,14.75,0.938067,0.00570859,0.000365348,0.938067,0.0,0.104913,10000.0
1200_dose_0.005_gradient_0_VconcST_0.04_Vconc_6.4_run_0.csv,1200.0,0.005,0,6.4,0.04,6.4,0,15.0,0.961249,0.0105954,0.000374377,0.961249,0.0,0.107191,679.718
1200_dose_0.005_gradient_0_VconcST_0.04_Vconc_6.4_run_0.csv,1200.0,0.005,0,6.4,0.04,6.4,0,15.25,1.00651,0.0103855,0.000392005,1.00651,0.0,0.11168,10000.0
1200_dose_0.005_gradient_0_VconcST_0.04_Vconc_6.4_run_0.csv,1200.0,0.005,0,6.4,0.04,6.4,0,15.5,1.05063,0.0101796,0.000409189,1.05063,0.0,0.116013,677.374
1200_dose_0.005_gradient_0_VconcST_0.04_Vconc_6.4_run_0.csv,1200.0,0.005,0,6.4,0.04,6.4,0,15.75,1.09364,0.00997788,0.000425938,1.09364,0.0,0.120196,10000.0
1200_dose_0.005_gradient_0_VconcST_0.04_Vconc_6.4_run_0.csv,1200.0,0.005,0,6.4,0.04,6.4,0,16.0,1.13555,0.00978013,0.00044226,1.13555,0.0,0.124234,661.714
1200_dose_0.005_gradient_0_VconcST_0.04_Vconc_6.4_run_0.csv,1200.0,0.005,0,6.4,0.04,6.4,0,16.25,1.17639,0.0095863,0.000458166,1.17639,0.0,0.128133,10000.0
1200_dose_0.005_gradient_0_VconcST_0.04_Vconc_6.4_run_0.csv,1200.0,0.005,0,6.4,0.04,6.4,0,16.5,1.21617,0.00939631,0.000473662,1.21617,0.0,0.131899,667.952
1200_dose_0.005_gradient_0_VconcST_0.04_Vconc_6.4_run_0.csv,1200.0,0.005,0,6.4,0.04,6.4,0,16.75,1.25493,0.00921009,0.000488758,1.25493,0.0,0.135537,10000.0
1200_dose_0.005_gradient_0_VconcST_0.04_Vconc_6.4_run_0.csv,1200.0,0.005,0,6.4,0.04,6.4,0,17.0,1.29269,0.00902755,0.000503462,1.29269,0.0,0.139051,653.914
1200_dose_0.005_gradient_0_VconcST_0.04_Vconc_6.4_run_0.csv,1200.0,0.005,0,6.4,0.04,6.4,0,17.25,1.32946,0.00884864,0.000517782,1.32946,0.0,0.142445,10000.0
1200_dose_0.005_gradient_0_VconcST_0.04_Vconc_6.4_run_0.csv,1200.0,0.005,0,6.4,0.04,6.4,0,17.5,1.36526,0.00867327,0.000531726,1.36526,0.0,0.145725,654.922
1200_dose_0.005_gradient_0_VconcST_0.04_Vconc_6.4_run_0.csv,1200.0,0.005,0,6.4,0.04,6.4,0,17.75,1.40012,0.00850138,0.000545303,1.40012,0.0,0.148895,10000.0
1200_dose_0.005_gradient_0_VconcST_0.04_Vconc_6.4_run_0.csv,1200.0,0.005,0,6.4,0.04,6.4,0,18.0,1.43405,0.00833287,0.000558518,1.43405,0.0,0.151958,654.009
1200_dose_0.005_gradient_0_VconcST_0.04_Vconc_6.4_run_0.csv,1200.0,0.005,0,6.4,0.04,6.4,0,18.25,1.46708,0.00816772,0.000571381,1.46708,0.0,0.154918,10000.0
1200_dose_0.005_gradient_0_VconcST_0.04_Vconc_6.4_run_0.csv,1200.0,0.005,0,6.4,0.04,6.4,0,18.5,1.49921,0.00800584,0.000583898,1.49921,0.0,0.157778,646.755
1200_dose_0.005_gradient_0_VconcST_0.04_Vconc_6.4_run_0.csv,1200.0,0.005,0,6.4,0.04,6.4,0,18.75,1.53048,0.00784718,0.000596076,1.53048,0.0,0.160543,10000.0
1200_dose_0.005_gradient_0_VconcST_0.04_Vconc_6.4_run_0.csv,1200.0,0.005,0,6.4,0.04,6.4,0,19.0,1.5609,0.00769166,0.000607923,1.5609,0.0,0.163215,648.537
1200_dose_0.005_gradient_0_VconcST_0.04_Vconc_6.4_run_0.csv,1200.0,0.005,0,6.4,0.04,6.4,0,19.25,1.59049,0.00753922,0.000619446,1.59049,0.0,0.165798,10000.0
1200_dose_0.005_gradient_0_VconcST_0.04_Vconc_6.4_run_0.csv,1200.0,0.005,0,6.4,0.04,6.4,0,19.5,1.61926,0.0073898,0.00063065,1.61926,0.0,0.168294,639.402
1200_dose_0.005_gradient_0_VconcST_0.04_Vconc_6.4_run_0.csv,1200.0,0.005,0,6.4,0.04,6.4,0,19.75,1.64723,0.00724334,0.000641544,1.64723,0.0,0.170707,10000.0
1200_dose_0.005_gradient_0_VconcST_0.04_Vconc_6.4_run_0.csv,1200.0,0.005,0,6.4,0.04,6.4,0,20.0,1.6748,0.0120998,0.000652285,1.6748,0.0,0.173038,638.688
1200_dose_0.005_gradient_0_VconcST_0.04_Vconc_6.4_run_0.csv,1200.0,0.005,0,6.4,0.04,6.4,0,20.25,1.72431,0.01186,0.000671563,1.72431,0.0,0.17725,10000.0
1200_dose_0.005_gradient_0_VconcST_0.04_Vconc_6.4_run_0.csv,1200.0,0.005,0,6.4,0.04,6.4,0,20.5,1.77251,0.0116249,0.000690338,1.77251,0.0,0.181311,626.362
1200_dose_0.005_gradient_0_VconcST_0.04_Vconc_6.4_run_0.csv,1200.0,0.005,0,6.4,0.04,6.4,0,20.75,1.81945,0.0113945,0.000708618,1.81945,0.0,0.185226,10000.0
1200_dose_0.005_gradient_0_VconcST_0.04_Vconc_6.4_run_0.csv,1200.0,0.005,0,6.4,0.04,6.4,0,21.0,1.86514,0.0111687,0.000726416,1.86514,0.0,0.189002,606.893
1200_dose_0.005_gradient_0_VconcST_0.04_Vconc_6.4_run_0.csv,1200.0,0.005,0,6.4,0.04,6.4,0,21.25,1.90963,0.0109474,0.00074374,1.90963,0.0,0.192644,10000.0
1200_dose_0.005_gradient_0_VconcST_0.04_Vconc_6.4_run_0.csv,1200.0,0.005,0,6.4,0.04,6.4,0,21.5,1.95292,0.0107304,0.0007606,1.95292,0.0,0.196158,616.588
1200_dose_0.005_gradient_0_VconcST_0.04_Vconc_6.4_run_0.csv,1200.0,0.005,0,6.4,0.04,6.4,0,21.75,1.99504,0.0105177,0.000777007,1.99504,0.0,0.199548,10000.0
1200_dose_0.005_gradient_0_VconcST_0.04_Vconc_6.4_run_0.csv,1200.0,0.005,0,6.4,0.04,6.4,0,22.0,2.03602,0.0103093,0.000792968,2.03602,0.0,0.202818,609.127
1200_dose_0.005_gradient_0_VconcST_0.04_Vconc_6.4_run_0.csv,1200.0,0.005,0,6.4,0.04,6.4,0,22.25,2.07589,0.010105,0.000808495,2.07589,0.0,0.205974,10000.0
1200_dose_0.005_gradient_0_VconcST_0.04_Vconc_6.4_run_0.csv,1200.0,0.005,0,6.4,0.04,6.4,0,22.5,2.11466,0.0099047,0.000823595,2.11466,0.0,0.209019,600.436
1200_dose_0.005_gradient_0_VconcST_0.04_Vconc_6.4_run_0.csv,1200.0,0.005,0,6.4,0.04,6.4,0,22.75,2.15236,0.0097084,0.000838278,2.15236,0.0,0.211958,10000.0
1200_dose_0.005_gradient_0_VconcST_0.04_Vconc_6.4_run_0.csv,1200.0,0.005,0,6.4,0.04,6.4,0,23.0,2.18901,0.00951599,0.000852553,2.18901,0.0,0.214794,604.267
1200_dose_0.005_gradient_0_VconcST_0.04_Vconc_6.4_run_0.csv,1200.0,0.005,0,6.4,0.04,6.4,0,23.25,2.22464,0.00932739,0.000866428,2.22464,0.0,0.217532,10000.0
1200_dose_0.005_gradient_0_VconcST_0.04_Vconc_6.4_run_0.csv,1200.0,0.005,0,6.4,0.04,6.4,0,23.5,2.25926,0.00914254,0.000879911,2.25926,0.0,0.220173,590.186
1200_dose_0.005_gradient_0_VconcST_0.04_Vconc_6.4_run_0.csv,1200.0,0.005,0,6.4,0.04,6.4,0,23.75,2.29289,0.00896134,0.00089301,2.29289,0.0,0.222723,10000.0
1200_dose_0.005_gradient_0_VconcST_0.04_Vconc_6.4_run_0.csv,1200.0,0.005,0,6.4,0.04,6.4,0,24.0,2.32556,0.00878374,0.000905734,2.32556,0.0,0.225183,591.505
1200_dose_0.005_gradient_0_VconcST_0.04_Vconc_6.4_run_0.csv,1200.0,0.005,0,6.4,0.04,6.4,0,24.25,2.35729,0.00860965,0.000918091,2.35729,0.0,0.227558,10000.0
1200_dose_0.005_gradient_0_VconcST_0.04_Vconc_6.4_run_0.csv,1200.0,0.005,0,6.4,0.04,6.4,0,24.5,2.38809,0.00843902,0.000930087,2.38809,0.0,0.22985,592.962
1200_dose_0.005_gradient_0_VconcST_0.04_Vconc_6.4_run_0.csv,1200.0,0.005,0,6.4,0.04,6.4,0,24.75,2.41799,0.00827174,0.000941732,2.41799,0.0,0.232061,10000.0
1200_dose_0.005_gradient_0_VconcST_0.04_Vconc_6.4_run_0.csv,1200.0,0.005,0,6.4,0.04,6.4,0,25.0,2.44739,0.0131078,0.000953183,2.44739,0.0,0.234195,566.401
1200_dose_0.005_gradient_0_VconcST_0.04_Vconc_6.4_run_0.csv,1200.0,0.005,0,6.4,0.04,6.4,0,25.25,2.49861,0.012848,0.000973133,2.49861,0.0,0.237934,10000.0
1200_dose_0.005_gradient_0_VconcST_0.04_Vconc_6.4_run_0.csv,1200.0,0.005,0,6.4,0.04,6.4,0,25.5,2.54844,0.0125934,0.00099254,2.54844,0.0,0.241535,586.198
1200_dose_0.005_gradient_0_VconcST_0.04_Vconc_6.4_run_0.csv,1200.0,0.005,0,6.4,0.04,6.4,0,25.75,2.59691,0.0123438,0.00101142,2.59691,0.0,0.245006,10000.0
1200_dose_0.005_gradient_0_VconcST_0.04_Vconc_6.4_run_0.csv,1200.0,0.005,0,6.4,0.04,6.4,0,26.0,2.64404,0.0120992,0.00102977,2.64404,0.0,0.248351,588.921
1200_dose_0.005_gradient_0_VconcST_0.04_Vconc_6.4_run_0.csv,1200.0,0.005,0,6.4,0.04,6.4,0,26.25,2.68986,0.0118594,0.00104762,2.68986,0.0,0.251575,10000.0
1200_dose_0.005_gradient_0_VconcST_0.04_Vconc_6.4_run_0.csv,1200.0,0.005,0,6.4,0.04,6.4,0,26.5,2.7344,0.0116243,0.00106497,2.7344,0.0,0.254682,582.849
1200_dose_0.005_gradient_0_VconcST_0.04_Vconc_6.4_run_0.csv,1200.0,0.005,0,6.4,0.04,6.4,0,26.75,2.77769,0.011394,0.00108183,2.77769,0.0,0.257677,10000.0
1200_dose_0.005_gradient_0_VconcST_0.04_Vconc_6.4_run_0.csv,1200.0,0.005,0,6.4,0.04,6.4,0,27.0,2.81975,0.0111681,0.00109821,2.81975,0.0,0.260564,565.984
1200_dose_0.005_gradient_0_VconcST_0.04_Vconc_6.4_run_0.csv,1200.0,0.005,0,6.4,0.04,6.4,0,27.25,2.86061,0.0109468,0.00111412,2.86061,0.0,0.263348,10000.0
1200_dose_0.005_gradient_0_VconcST_0.04_Vconc_6.4_run_0.csv,1200.0,0.005,0,6.4,0.04,6.4,0,27.5,2.90029,0.0107298,0.00112957,2.90029,0.0,0.266031,561.199
1200_dose_0.005_gradient_0_VconcST_0.04_Vconc_6.4_run_0.csv,1200.0,0.005,0,6.4,0.04,6.4,0,27.75,2.93882,0.0105172,0.00114458,2.93882,0.0,0.268618,10000.0
1200_dose_0.005_gradient_0_VconcST_0.04_Vconc_6.4_run_0.csv,1200.0,0.005,0,6.4,0.04,6.4,0,28.0,2.97623,0.0103088,0.00115915,2.97623,0.0,0.271111,549.862
1200_dose_0.005_gradient_0_VconcST_0.04_Vconc_6.4_run_0.csv,1200.0,0.005,0,6.4,0.04,6.4,0,28.25,3.01252,0.0101044,0.00117328,3.01252,0.0,0.273515,10000.0
1200_dose_0.005_gradient_0_VconcST_0.04_Vconc_6.4_run_0.csv,1200.0,0.005,0,6.4,0.04,6.4,0,28.5,3.04774,0.00990419,0.001187,3.04774,0.0,0.275832,535.381
1200_dose_0.005_gradient_0_VconcST_0.04_Vconc_6.4_run_0.csv,1200.0,0.005,0,6.4,0.04,6.4,0,28.75,3.0819,0.0097079,0.00120031,3.0819,0.0,0.278066,10000.0
1200_dose_0.005_gradient_0_VconcST_0.04_Vconc_6.4_run_0.csv,1200.0,0.005,0,6.4,0.04,6.4,0,29.0,3.11503,0.0095155,0.00121321,3.11503,0.0,0.280218,510.922
1200_dose_0.005_gradient_0_VconcST_0.04_Vconc_6.4_run_0.csv,1200.0,0.005,0,6.4,0.04,6.4,0,29.25,3.14714,0.00932691,0.00122571,3.14714,0.0,0.282293,10000.0
1200_dose_0.005_gradient_0_VconcST_0.04_Vconc_6.4_run_0.csv,1200.0,0.005,0,6.4,0.04,6.4,0,29.5,3.17825,0.00914207,0.00123783,3.17825,0.0,0.284292,532.833
1200_dose_0.005_gradient_0_VconcST_0.04_Vconc_6.4_run_0.csv,1200.0,0.005,0,6.4,0.04,6.4,0,29.75,3.2084,0.00896088,0.00124957,3.2084,0.0,0.286218,10000.0
1200_dose_0.005_gradient_0_VconcST_0.04_Vconc_6.4_run_0.csv,1200.0,0.005,0,6.4,0.04,6.4,0,30.0,3.23799,0.0137833,0.0012611,3.23799,0.0,0.288074,549.918
1200_dose_0.005_gradient_0_VconcST_0.04_Vconc_6.4_run_0.csv,1200.0,0.005,0,6.4,0.04,6.4,0,30.25,3.28933,0.0135101,0.00128109,3.28933,0.0,0.291313,10000.0
1200_dose_0.005_gradient_0_VconcST_0.04_Vconc_6.4_run_0.csv,1200.0,0.005,0,6.4,0.04,6.4,0,30.5,3.33922,0.0132424,0.00130052,3.33922,0.0,0.294433,546.848
1200_dose_0.005_gradient_0_VconcST_0.04_Vconc_6.4_run_0.csv,1200.0,0.005,0,6.4,0.04,6.4,0,30.75,3.38768,0.0129799,0.0013194,3.38768,0.0,0.297437,10000.0
1200_dose_0.005_gradient_0_VconcST_0.04_Vconc_6.4_run_0.csv,1200.0,0.005,0,6.4,0.04,6.4,0,31.0,3.43475,0.0127227,0.00133773,3.43475,0.0,0.300331,538.938
1200_dose_0.005_gradient_0_VconcST_0.04_Vconc_6.4_run_0.csv,1200.0,0.005,0,6.4,0.04,6.4,0,31.25,3.48045,0.0124705,0.00135553,3.48045,0.0,0.303118,10000.0
1200_dose_0.005_gradient_0_VconcST_0.04_Vconc_6.4_run_0.csv,1200.0,0.005,0,6.4,0.04,6.4,0,31.5,3.52482,0.0122234,0.00137281,3.52482,0.0,0.305802,504.322
1200_dose_0.005_gradient_0_VconcST_0.04_Vconc_6.4_run_0.csv,1200.0,0.005,0,6.4,0.04,6.4,0,31.75,3.56787,0.0119811,0.00138958,3.56787,0.0,0.308387,10000.0
1200_dose_0.005_gradient_0_VconcST_0.04_Vconc_6.4_run_0.csv,1200.0,0.005,0,6.4,0.04,6.4,0,32.0,3.60965,0.0117437,0.00140585,3.60965,0.0,0.310877,533.26
1200_dose_0.005_gradient_0_VconcST_0.04_Vconc_6.4_run_0.csv,1200.0,0.005,0,6.4,0.04,6.4,0,32.25,3.65017,0.0115109,0.00142163,3.65017,0.0,0.313276,10000.0
1200_dose_0.005_gradient_0_VconcST_0.04_Vconc_6.4_run_0.csv,1200.0,0.005,0,6.4,0.04,6.4,0,32.5,3.68947,0.0112828,0.00143693,3.68947,0.0,0.315585,497.037
1200_dose_0.005_gradient_0_VconcST_0.04_Vconc_6.4_run_0.csv,1200.0,0.005,0,6.4,0.04,6.4,0,32.75,3.72756,0.0110592,0.00145177,3.72756,0.0,0.31781,10000.0
1200_dose_0.005_gradient_0_VconcST_0.04_Vconc_6.4_run_0.csv,1200.0,0.005,0,6.4,0.04,6.4,0,33.0,3.76447,0.01084,0.00146614,3.76447,0.0,0.319951,516.603
1200_dose_0.005_gradient_0_VconcST_0.04_Vconc_6.4_run_0.csv,1200.0,0.005,0,6.4,0.04,6.4,0,33.25,3.80023,0.0106251,0.00148007,3.80023,0.0,0.322013,10000.0
1200_dose_0.005_gradient_0_VconcST_0.04_Vconc_6.4_run_0.csv,1200.0,0.005,0,6.4,0.04,6.4,0,33.5,3.83487,0.0104146,0.00149356,3.83487,0.0,0.323999,504.282
1200_dose_0.005_gradient_0_VconcST_0.04_Vconc_6.4_run_0.csv,1200.0,0.005,0,6.4,0.04,6.4,0,33.75,3.8684,0.0102082,0.00150662,3.8684,0.0,0.32591,10000.0
1200_dose_0.005_gradient_0_VconcST_0.04_Vconc_6.4_run_0.csv,1200.0,0.005,0,6.4,0.04,6.4,0,34.0,3.90085,0.0100059,0.00151926,3.90085,0.0,0.327749,484.532
1200_dose_0.005_gradient_0_VconcST_0.04_Vconc_6.4_run_0.csv,1200.0,0.005,0,6.4,0.04,6.4,0,34.25,3.93224,0.00980755,0.00153149,3.93224,0.0,0.329519,10000.0
1200_dose_0.005_gradient_0_VconcST_0.04_Vconc_6.4_run_0.csv,1200.0,0.005,0,6.4,0.04,6.4,0,34.5,3.9626,0.00961317,0.00154331,3.9626,0.0,0.331221,504.827
1200_dose_0.005_gradient_0_VconcST_0.04_Vconc_6.4_run_0.csv,1200.0,0.005,0,6.4,0.04,6.4,0,34.75,3.99195,0.00942265,0.00155474,3.99195,0.0,0.332859,10000.0
1200_dose_0.005_gradient_0_VconcST_0.04_Vconc_6.4_run_0.csv,1200.0,0.005,0,6.4,0.04,6.4,0,35.0,4.02069,0.0142359,0.00156594,4.02069,0.0,0.334434,500.671
1200_dose_0.005_gradient_0_VconcST_0.04_Vconc_6.4_run_0.csv,1200.0,0.005,0,6.4,0.04,6.4,0,35.25,4.07116,0.0139538,0.00158559,4.07116,0.0,0.337218,10000.0
1200_dose_0.005_gradient_0_VconcST_0.04_Vconc_6.4_run_0.csv,1200.0,0.005,0,6.4,0.04,6.4,0,35.5,4.12013,0.0136772,0.00160466,4.12013,0.0,0.339897,481.84
1200_dose_0.005_gradient_0_VconcST_0.04_Vconc_6.4_run_0.csv,1200.0,0.005,0,6.4,0.04,6.4,0,35.75,4.16764,0.0134062,0.00162317,4.16764,0.0,0.342476,10000.0
1200_dose_0.005_gradient_0_VconcST_0.04_Vconc_6.4_run_0.csv,1200.0,0.005,0,6.4,0.04,6.4,0,36.0,4.21372,0.0131405,0.00164111,4.21372,0.0,0.344958,457.868
1200_dose_0.005_gradient_0_VconcST_0.04_Vconc_6.4_run_0.csv,1200.0,0.005,0,6.4,0.04,6.4,0,36.25,4.2584,0.01288,0.00165851,4.2584,0.0,0.347347,10000.0
1200_dose_0.005_gradient_0_VconcST_0.04_Vconc_6.4_run_0.csv,1200.0,0.005,0,6.4,0.04,6.4,0,36.5,4.3017,0.0126248,0.00167538,4.3017,0.0,0.349646,479.965
1200_dose_0.005_gradient_0_VconcST_0.04_Vconc_6.4_run_0.csv,1200.0,0.005,0,6.4,0.04,6.4,0,36.75,4.34366,0.0123746,0.00169172,4.34366,0.0,0.351858,10000.0
1200_dose_0.005_gradient_0_VconcST_0.04_Vconc_6.4_run_0.csv,1200.0,0.005,0,6.4,0.04,6.4,0,37.0,4.38431,0.0121293,0.00170755,4.38431,0.0,0.353987,496.489
1200_dose_0.005_gradient_0_VconcST_0.04_Vconc_6.4_run_0.csv,1200.0,0.005,0,6.4,0.04,6.4,0,37.25,4.42368,0.0118889,0.00172288,4.42368,0.0,0.356035,10000.0
1200_dose_0.005_gradient_0_VconcST_0.04_Vconc_6.4_run_0.csv,1200.0,0.005,0,6.4,0.04,6.4,0,37.5,4.46178,0.0116533,0.00173773,4.46178,0.0,0.358005,444.459
1200_dose_0.005_gradient_0_VconcST_0.04_Vconc_6.4_run_0.csv,1200.0,0.005,0,6.4,0.04,6.4,0,37.75,4.49865,0.0114223,0.00175208,4.49865,0.0,0.3599,10000.0
1200_dose_0.005_gradient_0_VconcST_0.04_Vconc_6.4_run_0.csv,1200.0,0.005,0,6.4,0.04,6.4,0,38.0,4.53431,0.011196,0.00176597,4.53431,0.0,0.361722,471.674
1200_dose_0.005_gradient_0_VconcST_0.04_Vconc_6.4_run_0.csv,1200.0,0.005,0,6.4,0.04,6.4,0,38.25,4.5688,0.0109741,0.00177941,4.5688,0.0,0.363475,10000.0
1200_dose_0.005_gradient_0_VconcST_0.04_Vconc_6.4_run_0.csv,1200.0,0.005,0,6.4,0.04,6.4,0,38.5,4.60213,0.0107566,0.00179239,4.60213,0.0,0.365159,455.691
1200_dose_0.005_gradient_0_VconcST_0.04_Vconc_6.4_run_0.csv,1200.0,0.005,0,6.4,0.04,6.4,0,38.75,4.63433,0.0105434,0.00180493,4.63433,0.0,0.366778,10000.0
1200_dose_0.005_gradient_0_VconcST_0.04_Vconc_6.4_run_0.csv,1200.0,0.005,0,6.4,0.04,6.4,0,39.0,4.66543,0.0103344,0.00181704,4.66543,0.0,0.368334,466.439
1200_dose_0.005_gradient_0_VconcST_0.04_Vconc_6.4_run_0.csv,1200.0,0.005,0,6.4,0.04,6.4,0,39.25,4.69544,0.0101296,0.00182873,4.69544,0.0,0.369828,10000.0
1200_dose_0.005_gradient_0_VconcST_0.04_Vconc_6.4_run_0.csv,1200.0,0.005,0,6.4,0.04,6.4,0,39.5,4.72439,0.00992886,0.00184,4.72439,0.0,0.371263,447.652
1200_dose_0.005_gradient_0_VconcST_0.04_Vconc_6.4_run_0.csv,1200.0,0.005,0,6.4,0.04,6.4,0,39.75,4.75231,0.00973209,0.00185088,4.75231,0.0,0.37264,10000.0
1200_dose_0.005_gradient_0_VconcST_0.04_Vconc_6.4_run_0.csv,1200.0,0.005,0,6.4,0.04,6.4,0,40.0,4.7796,0.0145392,0.0018615,4.7796,0.0,0.373962,461.152
1200_dose_0.005_gradient_0_VconcST_0.04_Vconc_6.4_run_0.csv,1200.0,0.005,0,6.4,0.04,6.4,0,40.25,4.82858,0.0142511,0.00188058,4.82858,0.0,0.376354,10000.0
1200_dose_0.005_gradient_0_VconcST_0.04_Vconc_6.4_run_0.csv,1200.0,0.005,0,6.4,0.04,6.4,0,40.5,4.87606,0.0139686,0.00189907,4.87606,0.0,0.378654,441.001
1200_dose_0.005_gradient_0_VconcST_0.04_Vconc_6.4_run_0.csv,1200.0,0.005,0,6.4,0.04,6.4,0,40.75,4.92204,0.0136918,0.00191698,4.92204,0.0,0.380867,9996.59
1200_dose_0.005_gradient_0_VconcST_0.04_Vconc_6.4_run_0.csv,1200.0,0.005,0,6.4,0.04,6.4,0,41.0,4.96658,0.0134204,0.00193433,4.96658,0.0,0.382995,440.201
1200_dose_0.005_gradient_0_VconcST_0.04_Vconc_6.4_run_0.csv,1200.0,0.005,0,6.4,0.04,6.4,0,41.25,5.00969,0.0131544,0.00195112,5.00969,0.0,0.38504,9756.87
1200_dose_0.005_gradient_0_VconcST_0.04_Vconc_6.4_run_0.csv,1200.0,0.005,0,6.4,0.04,6.4,0,41.5,5.05142,0.0128937,0.00196737,5.05142,0.0,0.387008,432.538
1200_dose_0.005_gradient_0_VconcST_0.04_Vconc_6.4_run_0.csv,1200.0,0.005,0,6.4,0.04,6.4,0,41.75,5.09178,0.0126382,0.00198309,5.09178,0.0,0.388899,10000.0
1200_dose_0.005_gradient_0_VconcST_0.04_Vconc_6.4_run_0.csv,1200.0,0.005,0,6.4,0.04,6.4,0,42.0,5.13081,0.0123877,0.00199829,5.13081,0.0,0.390716,438.006
1200_dose_0.005_gradient_0_VconcST_0.04_Vconc_6.4_run_0.csv,1200.0,0.005,0,6.4,0.04,6.4,0,42.25,5.16853,0.0121422,0.00201298,5.16853,0.0,0.392463,10000.0
1200_dose_0.005_gradient_0_VconcST_0.04_Vconc_6.4_run_0.csv,1200.0,0.005,0,6.4,0.04,6.4,0,42.5,5.20498,0.0119016,0.00202718,5.20498,0.0,0.394141,424.249
1200_dose_0.005_gradient_0_VconcST_0.04_Vconc_6.4_run_0.csv,1200.0,0.005,0,6.4,0.04,6.4,0,42.75,5.24018,0.0116657,0.00204089,5.24018,0.0,0.395752,10000.0
1200_dose_0.005_gradient_0_VconcST_0.04_Vconc_6.4_run_0.csv,1200.0,0.005,0,6.4,0.04,6.4,0,43.0,5.27416,0.0114345,0.00205412,5.27416,0.0,0.3973,393.824
1200_dose_0.005_gradient_0_VconcST_0.04_Vconc_6.4_run_0.csv,1200.0,0.005,0,6.4,0.04,6.4,0,43.25,5.30694,0.0112079,0.00206689,5.30694,0.0,0.398786,10000.0
1200_dose_0.005_gradient_0_VconcST_0.04_Vconc_6.4_run_0.csv,1200.0,0.005,0,6.4,0.04,6.4,0,43.5,5.33855,0.0109857,0.0020792,5.33855,0.0,0.400211,423.585
1200_dose_0.005_gradient_0_VconcST_0.04_Vconc_6.4_run_0.csv,1200.0,0.005,0,6.4,0.04,6.4,0,43.75,5.36901,0.010768,0.00209106,5.36901,0.0,0.401579,10000.0
1200_dose_0.005_gradient_0_VconcST_0.04_Vconc_6.4_run_0.csv,1200.0,0.005,0,6.4,0.04,6.4,0,44.0,5.39836,0.0105546,0.00210249,5.39836,0.0,0.402891,400.162
1200_dose_0.005_gradient_0_VconcST_0.04_Vconc_6.4_run_0.csv,1200.0,0.005,0,6.4,0.04,6.4,0,44.25,5.42661,0.0103454,0.0021135,5.42661,0.0,0.404148,10000.0
1200_dose_0.005_gradient_0_VconcST_0.04_Vconc_6.4_run_0.csv,1200.0,0.005,0,6.4,0.04,6.4,0,44.5,5.45378,0.0101404,0.00212408,5.45378,0.0,0.405352,415.379
1200_dose_0.005_gradient_0_VconcST_0.04_Vconc_6.4_run_0.csv,1200.0,0.005,0,6.4,0.04,6.4,0,44.75,5.47991,0.00993942,0.00213426,5.47991,0.0,0.406505,9903.04
1200_dose_0.005_gradient_0_VconcST_0.04_Vconc_6.4_run_0.csv,1200.0,0.005,0,6.4,0.04,6.4,0,45.0,5.5054,0.0147424,0.00214418,5.5054,0.0,0.407609,412.036
1200_dose_0.005_gradient_0_VconcST_0.04_Vconc_6.4_run_0.csv,1200.0,0.005,0,6.4,0.04,6.4,0,45.25,5.55257,0.0144503,0.00216255,5.55257,0.0,0.409672,9952.68
1200_dose_0.005_gradient_0_VconcST_0.04_Vconc_6.4_run_0.csv,1200.0,0.005,0,6.4,0.04,6.4,0,45.5,5.59822,0.0141639,0.00218033,5.59822,0.0,0.411655,409.142
1200_dose_0.005_gradient_0_VconcST_0.04_Vconc_6.4_run_0.csv,1200.0,0.005,0,6.4,0.04,6.4,0,45.75,5.64237,0.0138832,0.00219753,5.64237,0.0,0.413561,10000.0
1200_dose_0.005_gradient_0_VconcST_0.04_Vconc_6.4_run_0.csv,1200.0,0.005,0,6.4,0.04,6.4,0,46.0,5.68506,0.013608,0.00221415,5.68506,0.0,0.415391,421.013
1200_dose_0.005_gradient_0_VconcST_0.04_Vconc_6.4_run_0.csv,1200.0,0.005,0,6.4,0.04,6.4,0,46.25,5.72631,0.0133383,0.00223022,5.72631,0.0,0.417149,10000.0
1200_dose_0.005_gradient_0_VconcST_0.04_Vconc_6.4_run_0.csv,1200.0,0.005,0,6.4,0.04,6.4,0,46.5,5.76617,0.013074,0.00224574,5.76617,0.0,0.418838,394.013
1200_dose_0.005_gradient_0_VconcST_0.04_Vconc_6.4_run_0.csv,1200.0,0.005,0,6.4,0.04,6.4,0,46.75,5.80465,0.0128148,0.00226073,5.80465,0.0,0.420459,10000.0
1200_dose_0.005_gradient_0_VconcST_0.04_Vconc_6.4_run_0.csv,1200.0,0.005,0,6.4,0.04,6.4,0,47.0,5.84179,0.0125609,0.0022752,5.84179,0.0,0.422015,395.54
1200_dose_0.005_gradient_0_VconcST_0.04_Vconc_6.4_run_0.csv,1200.0,0.005,0,6.4,0.04,6.4,0,47.25,5.87762,0.0123119,0.00228915,5.87762,0.0,0.423508,10000.0
1200_dose_0.005_gradient_0_VconcST_0.04_Vconc_6.4_run_0.csv,1200.0,0.005,0,6.4,0.04,6.4,0,47.5,5.91216,0.0120679,0.0023026,5.91216,0.0,0.42494,397.885
1200_dose_0.005_gradient_0_VconcST_0.04_Vconc_6.4_run_0.csv,1200.0,0.005,0,6.4,0.04,6.4,0,47.75,5.94545,0.0118287,0.00231557,5.94545,0.0,0.426314,9968.84
1200_dose_0.005_gradient_0_VconcST_0.04_Vconc_6.4_run_0.csv,1200.0,0.005,0,6.4,0.04,6.4,0,48.0,5.97751,0.0115943,0.00232805,5.97751,0.0,0.42763,367.352
1200_dose_0.005_gradient_0_VconcST_0.04_Vconc_6.4_run_0.csv,1200.0,0.005,0,6.4,0.04,6.4,0,48.25,6.00836,0.0113645,0.00234007,6.00836,0.0,0.428892,9599.76
1200_dose_0.005_gradient_0_VconcST_0.04_Vconc_6.4_run_0.csv,1200.0,0.005,0,6.4,0.04,6.4,0,48.5,6.03804,0.0111393,0.00235163,6.03804,0.0,0.4301,377.228
1200_dose_0.005_gradient_0_VconcST_0.04_Vconc_6.4_run_0.csv,1200.0,0.005,0,6.4,0.04,6.4,0,48.75,6.06656,0.0109185,0.00236274,6.06656,0.0,0.431257,9647.01
1200_dose_0.005_gradient_0_VconcST_0.04_Vconc_6.4_run_0.csv,1200.0,0.005,0,6.4,0.04,6.4,0,49.0,6.09396,0.0107021,0.00237341,6.09396,0.0,0.432363,373.588
1200_dose_0.005_gradient_0_VconcST_0.04_Vconc_6.4_run_0.csv,1200.0,0.005,0,6.4,0.04,6.4,0,49.25,6.12025,0.01049,0.00238365,6.12025,0.0,0.43342,10000.0
1200_dose_0.005_gradient_0_VconcST_0.04_Vconc_6.4_run_0.csv,1200.0,0.005,0,6.4,0.04,6.4,0,49.5,6.14546,0.0102821,0.00239347,6.14546,0.0,0.434431,367.746
1200_dose_0.005_gradient_0_VconcST_0.04_Vconc_6.4_run_0.csv,1200.0,0.005,0,6.4,0.04,6.4,0,49.75,6.16962,0.0100784,0.00240288,6.16962,0.0,0.435396,10000.0
1200_dose_0.005_gradient_0_VconcST_0.04_Vconc_6.4_run_0.csv,1200.0,0.005,0,6.4,0.04,6.4,0,50.0,6.19313,0.0148786,0.00241203,6.19313,0.0,0.436317,374.612
1200_dose_0.005_gradient_0_VconcST_0.04_Vconc_6.4_run_0.csv,1200.0,0.005,0,6.4,0.04,6.4,0,50.25,6.23833,0.0145837,0.00242964,6.23833,0.0,0.438107,9711.54
1200_dose_0.005_gradient_0_VconcST_0.04_Vconc_6.4_run_0.csv,1200.0,0.005,0,6.4,0.04,6.4,0,50.5,6.28199,0.0142947,0.00244664,6.28199,0.0,0.439826,346.785
1200_dose_0.005_gradient_0_VconcST_0.04_Vconc_6.4_run_0.csv,1200.0,0.005,0,6.4,0.04,6.4,0,50.75,6.32415,0.0140114,0.00246306,6.32415,0.0,0.441476,10000.0
1200_dose_0.005_gradient_0_VconcST_0.04_Vconc_6.4_run_0.csv,1200.0,0.005,0,6.4,0.04,6.4,0,51.0,6.36485,0.0137337,0.00247891,6.36485,0.0,0.443059,356.323
1200_dose_0.005_gradient_0_VconcST_0.04_Vconc_6.4_run_0.csv,1200.0,0.005,0,6.4,0.04,6.4,0,51.25,6.40411,0.0134615,0.0024942,6.40411,0.0,0.444578,9243.45
1200_dose_0.005_gradient_0_VconcST_0.04_Vconc_6.4_run_0.csv,1200.0,0.005,0,6.4,0.04,6.4,0,51.5,6.44196,0.0131947,0.00250894,6.44196,0.0,0.446035,332.523
1200_dose_0.005_gradient_0_VconcST_0.04_Vconc_6.4_run_0.csv,1200.0,0.005,0,6.4,0.04,6.4,0,51.75,6.47844,0.0129332,0.00252315,6.47844,0.0,0.447432,9588.08
1200_dose_0.005_gradient_0_VconcST_0.04_Vconc_6.4_run_0.csv,1200.0,0.005,0,6.4,0.04,6.4,0,52.0,6.51357,0.0126769,0.00253683,6.51357,0.0,0.44877,348.605
1200_dose_0.005_gradient_0_VconcST_0.04_Vconc_6.4_run_0.csv,1200.0,0.005,0,6.4,0.04,6.4,0,52.25,6.54739,0.0124257,0.00255001,6.54739,0.0,0.450052,9532.1
1200_dose_0.005_gradient_0_VconcST_0.04_Vconc_6.4_run_0.csv,1200.0,0.005,0,6.4,0.04,6.4,0,52.5,6.57992,0.0121794,0.00256267,6.57992,0.0,0.45128,340.557
1200_dose_0.005_gradient_0_VconcST_0.04_Vconc_6.4_run_0.csv,1200.0,0.005,0,6.4,0.04,6.4,0,52.75,6.61119,0.011938,0.00257485,6.61119,0.0,0.452455,9610.66
1200_dose_0.005_gradient_0_VconcST_0.04_Vconc_6.4_run_0.csv,1200.0,0.005,0,6.4,0.04,6.4,0,53.0,6.64122,0.0117014,0.00258655,6.64122,0.0,0.453579,354.715
1200_dose_0.005_gradient_0_VconcST_0.04_Vconc_6.4_run_0.csv,1200.0,0.005,0,6.4,0.04,6.4,0,53.25,6.67005,0.0114695,0.00259778,6.67005,0.0,0.454654,9592.55
1200_dose_0.005_gradient_0_VconcST_0.04_Vconc_6.4_run_0.csv,1200.0,0.005,0,6.4,0.04,6.4,0,53.5,6.6977,0.0112422,0.00260855,6.6977,0.0,0.45568,337.715
1200_dose_0.005_gradient_0_VconcST_0.04_Vconc_6.4_run_0.csv,1200.0,0.005,0,6.4,0.04,6.4,0,53.75,6.72419,0.0110194,0.00261886,6.72419,0.0,0.456661,9495.06
1200_dose_0.005_gradient_0_VconcST_0.04_Vconc_6.4_run_0.csv,1200.0,0.005,0,6.4,0.04,6.4,0,54.0,6.74956,0.010801,0.00262874,6.74956,0.0,0.457596,364.788
1200_dose_0.005_gradient_0_VconcST_0.04_Vconc_6.4_run_0.csv,1200.0,0.005,0,6.4,0.04,6.4,0,54.25,6.77382,0.0105869,0.00263819,6.77382,0.0,0.458487,9349.13
1200_dose_0.005_gradient_0_VconcST_0.04_Vconc_6.4_run_0.csv,1200.0,0.005,0,6.4,0.04,6.4,0,54.5,6.797,0.0103771,0.00264722,6.797,0.0,0.459336,333.037
1200_dose_0.005_gradient_0_VconcST_0.04_Vconc_6.4_run_0.csv,1200.0,0.005,0,6.4,0.04,6.4,0,54.75,6.81913,0.0101715,0.00265584,6.81913,0.0,0.460144,9766.5
1200_dose_0.005_gradient_0_VconcST_0.04_Vconc_6.4_run_0.csv,1200.0,0.005,0,6.4,0.04,6.4,0,55.0,6.84061,0.0149699,0.00266421,6.84061,0.0,0.460912,320.604
1200_dose_0.005_gradient_0_VconcST_0.04_Vconc_6.4_run_0.csv,1200.0,0.005,0,6.4,0.04,6.4,0,55.25,6.88377,0.0146732,0.00268102,6.88377,0.0,0.462476,9071.44
1200_dose_0.005_gradient_0_VconcST_0.04_Vconc_6.4_run_0.csv,1200.0,0.005,0,6.4,0.04,6.4,0,55.5,6.9254,0.0143824,0.00269723,6.9254,0.0,0.463977,327.661
1200_dose_0.005_gradient_0_VconcST_0.04_Vconc_6.4_run_0.csv,1200.0,0.005,0,6.4,0.04,6.4,0,55.75,6.96553,0.0140973,0.00271286,6.96553,0.0,0.465415,9317.41
1200_dose_0.005_gradient_0_VconcST_0.04_Vconc_6.4_run_0.csv,1200.0,0.005,0,6.4,0.04,6.4,0,56.0,7.00419,0.0138179,0.00272791,7.00419,0.0,0.466793,315.926
1200_dose_0.005_gradient_0_VconcST_0.04_Vconc_6.4_run_0.csv,1200.0,0.005,0,6.4,0.04,6.4,0,56.25,7.04141,0.0135441,0.00274241,7.04141,0.0,0.468114,9155.13
1200_dose_0.005_gradient_0_VconcST_0.04_Vconc_6.4_run_0.csv,1200.0,0.005,0,6.4,0.04,6.4,0,56.5,7.07723,0.0132757,0.00275636,7.07723,0.0,0.469378,317.762
1200_dose_0.005_gradient_0_VconcST_0.04_Vconc_6.4_run_0.csv,1200.0,0.005,0,6.4,0.04,6.4,0,56.75,7.11167,0.0130126,0.00276978,7.11167,0.0,0.470588,9218.94
1200_dose_0.005_gradient_0_VconcST_0.04_Vconc_6.4_run_0.csv,1200.0,0.005,0,6.4,0.04,6.4,0,57.0,7.14477,0.0127547,0.00278267,7.14477,0.0,0.471746,328.237
1200_dose_0.005_gradient_0_VconcST_0.04_Vconc_6.4_run_0.csv,1200.0,0.005,0,6.4,0.04,6.4,0,57.25,7.17655,0.0125019,0.00279504,7.17655,0.0,0.472853,9421.51
1200_dose_0.005_gradient_0_VconcST_0.04_Vconc_6.4_run_0.csv,1200.0,0.005,0,6.4,0.04,6.4,0,57.5,7.20705,0.0122541,0.00280692,7.20705,0.0,0.473911,340.112
1200_dose_0.005_gradient_0_VconcST_0.04_Vconc_6.4_run_0.csv,1200.0,0.005,0,6.4,0.04,6.4,0,57.75,7.23628,0.0120113,0.00281831,7.23628,0.0,0.474921,9115.16
1200_dose_0.005_gradient_0_VconcST_0.04_Vconc_6.4_run_0.csv,1200.0,0.005,0,6.4,0.04,6.4,0,58.0,7.26428,0.0117732,0.00282921,7.26428,0.0,0.475885,302.949
1200_dose_0.005_gradient_0_VconcST_0.04_Vconc_6.4_run_0.csv,1200.0,0.005,0,6.4,0.04,6.4,0,58.25,7.29109,0.0115399,0.00283965,7.29109,0.0,0.476804,9572.3
1200_dose_0.005_gradient_0_VconcST_0.04_Vconc_6.4_run_0.csv,1200.0,0.005,0,6.4,0.04,6.4,0,58.5,7.31671,0.0113112,0.00284963,7.31671,0.0,0.47768,323.888
1200_dose_0.005_gradient_0_VconcST_0.04_Vconc_6.4_run_0.csv,1200.0,0.005,0,6.4,0.04,6.4,0,58.75,7.34118,0.011087,0.00285916,7.34118,0.0,0.478514,8879.11
1200_dose_0.005_gradient_0_VconcST_0.04_Vconc_6.4_run_0.csv,1200.0,0.005,0,6.4,0.04,6.4,0,59.0,7.36452,0.0108673,0.00286825,7.36452,0.0,0.479307,319.936
1200_dose_0.005_gradient_0_VconcST_0.04_Vconc_6.4_run_0.csv,1200.0,0.005,0,6.4,0.04,6.4,0,59.25,7.38676,0.0106519,0.00287691,7.38676,0.0,0.48006,9312.19
1200_dose_0.005_gradient_0_VconcST_0.04_Vconc_6.4_run_0.csv,1200.0,0.005,0,6.4,0.04,6.4,0,59.5,7.40792,0.0104408,0.00288515,7.40792,0.0,0.480775,321.209
1200_dose_0.005_gradient_0_VconcST_0.04_Vconc_6.4_run_0.csv,1200.0,0.005,0,6.4,0.04,6.4,0,59.75,7.42802,0.0102339,0.00289298,7.42802,0.0,0.481452,8838.71
1200_dose_0.005_gradient_0_VconcST_0.04_Vconc_6.4_run_0.csv,1200.0,0.005,0,6.4,0.04,6.4,0,60.0,7.44748,0.015031,0.00290056,7.44748,0.0,0.482093,316.134
1200_dose_0.005_gradient_0_VconcST_0.04_Vconc_6.4_run_0.csv,1200.0,0.005,0,6.4,0.04,6.4,0,60.25,7.48862,0.0147331,0.00291659,7.48862,0.0,0.483469,8913.32
1200_dose_0.005_gradient_0_VconcST_0.04_Vconc_6.4_run_0.csv,1200.0,0.005,0,6.4,0.04,6.4,0,60.5,7.52823,0.0144411,0.00293201,7.52823,0.0,0.484788,302.52
1200_dose_0.005_gradient_0_VconcST_0.04_Vconc_6.4_run_0.csv,1200.0,0.005,0,6.4,0.04,6.4,0,60.75,7.56634,0.0141549,0.00294686,7.56634,0.0,0.48605,8882.79
1200_dose_0.005_gradient_0_VconcST_0.04_Vconc_6.4_run_0.csv,1200.0,0.005,0,6.4,0.04,6.4,0,61.0,7.60299,0.0138744,0.00296113,7.60299,0.0,0.487258,307.495
1200_dose_0.005_gradient_0_VconcST_0.04_Vconc_6.4_run_0.csv,1200.0,0.005,0,6.4,0.04,6.4,0,61.25,7.6382,0.0135994,0.00297484,7.6382,0.0,0.488413,8439.53
1200_dose_0.005_gradient_0_VconcST_0.04_Vconc_6.4_run_0.csv,1200.0,0.005,0,6.4,0.04,6.4,0,61.5,7.67201,0.0133299,0.00298801,7.67201,0.0,0.489518,312.827
1200_dose_0.005_gradient_0_VconcST_0.04_Vconc_6.4_run_0.csv,1200.0,0.005,0,6.4,0.04,6.4,0,61.75,7.70445,0.0130657,0.00300064,7.70445,0.0,0.490573,8944.39
1200_dose_0.005_gradient_0_VconcST_0.04_Vconc_6.4_run_0.csv,1200.0,0.005,0,6.4,0.04,6.4,0,62.0,7.73555,0.0128068,0.00301275,7.73555,0.0,0.491581,308.686
1200_dose_0.005_gradient_0_VconcST_0.04_Vconc_6.4_run_0.csv,1200.0,0.005,0,6.4,0.04,6.4,0,62.25,7.76533,0.012553,0.00302435,7.76533,0.0,0.492542,8512.66
1200_dose_0.005_gradient_0_VconcST_0.04_Vconc_1.6_run_0.csv,1200.0,0.005,0,1.6,0.04,1.6,0,0.0,0.0,0.0,0.0,0.0,0.0,0.0,0.0
1200_dose_0.005_gradient_0_VconcST_0.04_Vconc_1.6_run_0.csv,1200.0,0.005,0,1.6,0.04,1.6,0,0.25,0.0,0.0,0.0,0.0,0.0,0.0,3543.96
1200_dose_0.005_gradient_0_VconcST_0.04_Vconc_1.6_run_0.csv,1200.0,0.005,0,1.6,0.04,1.6,0,0.5,0.0,0.0,0.0,0.0,0.0,0.0,98.8303
1200_dose_0.005_gradient_0_VconcST_0.04_Vconc_1.6_run_0.csv,1200.0,0.005,0,1.6,0.04,1.6,0,0.75,0.0,0.0,0.0,0.0,0.0,0.0,3593.05
1200_dose_0.005_gradient_0_VconcST_0.04_Vconc_1.6_run_0.csv,1200.0,0.005,0,1.6,0.04,1.6,0,1.0,0.0,0.0,0.0,0.0,0.0,0.0,99.0562
1200_dose_0.005_gradient_0_VconcST_0.04_Vconc_1.6_run_0.csv,1200.0,0.005,0,1.6,0.04,1.6,0,1.25,0.0,0.0,0.0,0.0,0.0,0.0,3706.16
1200_dose_0.005_gradient_0_VconcST_0.04_Vconc_1.6_run_0.csv,1200.0,0.005,0,1.6,0.04,1.6,0,1.5,0.0,0.0,0.0,0.0,0.0,0.0,103.056
1200_dose_0.005_gradient_0_VconcST_0.04_Vconc_1.6_run_0.csv,1200.0,0.005,0,1.6,0.04,1.6,0,1.75,0.0,0.0,0.0,0.0,0.0,0.0,3610.05
1200_dose_0.005_gradient_0_VconcST_0.04_Vconc_1.6_run_0.csv,1200.0,0.005,0,1.6,0.04,1.6,0,2.0,0.0,0.0,0.0,0.0,0.0,0.0,98.1505
1200_dose_0.005_gradient_0_VconcST_0.04_Vconc_1.6_run_0.csv,1200.0,0.005,0,1.6,0.04,1.6,0,2.25,0.0,0.0,0.0,0.0,0.0,0.0,3589.23
1200_dose_0.005_gradient_0_VconcST_0.04_Vconc_1.6_run_0.csv,1200.0,0.005,0,1.6,0.04,1.6,0,2.5,0.0,0.0,0.0,0.0,0.0,0.0,97.0846
1200_dose_0.005_gradient_0_VconcST_0.04_Vconc_1.6_run_0.csv,1200.0,0.005,0,1.6,0.04,1.6,0,2.75,0.0,0.0,0.0,0.0,0.0,0.0,3581.03
1200_dose_0.005_gradient_0_VconcST_0.04_Vconc_1.6_run_0.csv,1200.0,0.005,0,1.6,0.04,1.6,0,3.0,0.0,0.0,0.0,0.0,0.0,0.0,100.209
1200_dose_0.005_gradient_0_VconcST_0.04_Vconc_1.6_run_0.csv,1200.0,0.005,0,1.6,0.04,1.6,0,3.25,0.0,0.0,0.0,0.0,0.0,0.0,3568.78
1200_dose_0.005_gradient_0_VconcST_0.04_Vconc_1.6_run_0.csv,1200.0,0.005,0,1.6,0.04,1.6,0,3.5,0.0,0.0,0.0,0.0,0.0,0.0,100.317
1200_dose_0.005_gradient_0_VconcST_0.04_Vconc_1.6_run_0.csv,1200.0,0.005,0,1.6,0.04,1.6,0,3.75,0.0,0.0,0.0,0.0,0.0,0.0,3553.88
1200_dose_0.005_gradient_0_VconcST_0.04_Vconc_1.6_run_0.csv,1200.0,0.005,0,1.6,0.04,1.6,0,4.0,0.0,0.0,0.0,0.0,0.0,0.0,99.6896
1200_dose_0.005_gradient_0_VconcST_0.04_Vconc_1.6_run_0.csv,1200.0,0.005,0,1.6,0.04,1.6,0,4.25,0.0,0.0,0.0,0.0,0.0,0.0,3574.72
1200_dose_0.005_gradient_0_VconcST_0.04_Vconc_1.6_run_0.csv,1200.0,0.005,0,1.6,0.04,1.6,0,4.5,0.0,0.0,0.0,0.0,0.0,0.0,101.152
1200_dose_0.005_gradient_0_VconcST_0.04_Vconc_1.6_run_0.csv,1200.0,0.005,0,1.6,0.04,1.6,0,4.75,0.0,0.0,0.0,0.0,0.0,0.0,3493.45
1200_dose_0.005_gradient_0_VconcST_0.04_Vconc_1.6_run_0.csv,1200.0,0.005,0,1.6,0.04,1.6,0,5.0,0.000389313,0.005,1.51625e-07,0.000389313,0.0,0.0,98.8785
1200_dose_0.005_gradient_0_VconcST_0.04_Vconc_1.6_run_0.csv,1200.0,0.005,0,1.6,0.04,1.6,0,5.25,0.0234672,0.00490091,9.13975e-06,0.0234672,0.0,0.00287758,3533.22
1200_dose_0.005_gradient_0_VconcST_0.04_Vconc_1.6_run_0.csv,1200.0,0.005,0,1.6,0.04,1.6,0,5.5,0.0460002,0.00480378,1.79157e-05,0.0460002,0.0,0.00567128,100.1
1200_dose_0.005_gradient_0_VconcST_0.04_Vconc_1.6_run_0.csv,1200.0,0.005,0,1.6,0.04,1.6,0,5.75,0.0679994,0.00470857,2.64837e-05,0.0679994,0.0,0.00838375,3494.37
1200_dose_0.005_gradient_0_VconcST_0.04_Vconc_1.6_run_0.csv,1200.0,0.005,0,1.6,0.04,1.6,0,6.0,0.0894757,0.00461525,3.4848e-05,0.0894757,0.0,0.0110175,98.506
1200_dose_0.005_gradient_0_VconcST_0.04_Vconc_1.6_run_0.csv,1200.0,0.005,0,1.6,0.04,1.6,0,6.25,0.11044,0.00452378,4.30129e-05,0.11044,0.0,0.013575,3646.81
1200_dose_0.005_gradient_0_VconcST_0.04_Vconc_1.6_run_0.csv,1200.0,0.005,0,1.6,0.04,1.6,0,6.5,0.130902,0.00443413,5.09824e-05,0.130902,0.0,0.0160586,98.6671
1200_dose_0.005_gradient_0_VconcST_0.04_Vconc_1.6_run_0.csv,1200.0,0.005,0,1.6,0.04,1.6,0,6.75,0.150873,0.00434625,5.87605e-05,0.150873,0.0,0.0184705,3516.56
1200_dose_0.005_gradient_0_VconcST_0.04_Vconc_1.6_run_0.csv,1200.0,0.005,0,1.6,0.04,1.6,0,7.0,0.170363,0.00426011,6.63511e-05,0.170363,0.0,0.0208129,99.7419
1200_dose_0.005_gradient_0_VconcST_0.04_Vconc_1.6_run_0.csv,1200.0,0.005,0,1.6,0.04,1.6,0,7.25,0.189381,0.00417568,7.37581e-05,0.189381,0.0,0.0230878,3430.34
1200_dose_0.005_gradient_0_VconcST_0.04_Vconc_1.6_run_0.csv,1200.0,0.005,0,1.6,0.04,1.6,0,7.5,0.207938,0.00409293,8.09852e-05,0.207938,0.0,0.0252974,94.8281
1200_dose_0.005_gradient_0_VconcST_0.04_Vconc_1.6_run_0.csv,1200.0,0.005,0,1.6,0.04,1.6,0,7.75,0.226041,0.00401181,8.80362e-05,0.226041,0.0,0.0274435,3406.3
1200_dose_0.005_gradient_0_VconcST_0.04_Vconc_1.6_run_0.csv,1200.0,0.005,0,1.6,0.04,1.6,0,8.0,0.243703,0.0039323,9.49146e-05,0.243703,0.0,0.029528,95.1006
1200_dose_0.005_gradient_0_VconcST_0.04_Vconc_1.6_run_0.csv,1200.0,0.005,0,1.6,0.04,1.6,0,8.25,0.260929,0.00385437,0.000101624,0.260929,0.0,0.0315527,3415.26
1200_dose_0.005_gradient_0_VconcST_0.04_Vconc_1.6_run_0.csv,1200.0,0.005,0,1.6,0.04,1.6,0,8.5,0.277731,0.00377798,0.000108168,0.277731,0.0,0.0335193,93.14
1200_dose_0.005_gradient_0_VconcST_0.04_Vconc_1.6_run_0.csv,1200.0,0.005,0,1.6,0.04,1.6,0,8.75,0.294117,0.0037031,0.000114549,0.294117,0.0,0.0354295,3525.87
1200_dose_0.005_gradient_0_VconcST_0.04_Vconc_1.6_run_0.csv,1200.0,0.005,0,1.6,0.04,1.6,0,9.0,0.310095,0.00362971,0.000120772,0.310095,0.0,0.037285,95.7375
1200_dose_0.005_gradient_0_VconcST_0.04_Vconc_1.6_run_0.csv,1200.0,0.005,0,1.6,0.04,1.6,0,9.25,0.325673,0.00355778,0.00012684,0.325673,0.0,0.0390872,3376.19
1200_dose_0.005_gradient_0_VconcST_0.04_Vconc_1.6_run_0.csv,1200.0,0.005,0,1.6,0.04,1.6,0,9.5,0.340861,0.00348726,0.000132755,0.340861,0.0,0.0408376,93.7826
1200_dose_0.005_gradient_0_VconcST_0.04_Vconc_1.6_run_0.csv,1200.0,0.005,0,1.6,0.04,1.6,0,9.75,0.355665,0.00341815,0.00013852,0.355665,0.0,0.0425378,3396.74
1200_dose_0.005_gradient_0_VconcST_0.04_Vconc_1.6_run_0.csv,1200.0,0.005,0,1.6,0.04,1.6,0,10.0,0.370483,0.00835041,0.000144292,0.370483,0.0,0.0441891,96.554
1200_dose_0.005_gradient_0_VconcST_0.04_Vconc_1.6_run_0.csv,1200.0,0.005,0,1.6,0.04,1.6,0,10.25,0.407623,0.00818492,0.000158757,0.407623,0.0,0.0484133,3352.87
1200_dose_0.005_gradient_0_VconcST_0.04_Vconc_1.6_run_0.csv,1200.0,0.005,0,1.6,0.04,1.6,0,10.5,0.443858,0.0080227,0.000172869,0.443858,0.0,0.0524988,95.0653
1200_dose_0.005_gradient_0_VconcST_0.04_Vconc_1.6_run_0.csv,1200.0,0.005,0,1.6,0.04,1.6,0,10.75,0.479207,0.0078637,0.000186636,0.479207,0.0,0.0564508,3297.22
1200_dose_0.005_gradient_0_VconcST_0.04_Vconc_1.6_run_0.csv,1200.0,0.005,0,1.6,0.04,1.6,0,11.0,0.513688,0.00770785,0.000200066,0.513688,0.0,0.060274,88.3985
1200_dose_0.005_gradient_0_VconcST_0.04_Vconc_1.6_run_0.csv,1200.0,0.005,0,1.6,0.04,1.6,0,11.25,0.547319,0.00755509,0.000213164,0.547319,0.0,0.0639733,3219.84
1200_dose_0.005_gradient_0_VconcST_0.04_Vconc_1.6_run_0.csv,1200.0,0.005,0,1.6,0.04,1.6,0,11.5,0.580117,0.00740536,0.000225937,0.580117,0.0,0.0675531,87.3725
1200_dose_0.005_gradient_0_VconcST_0.04_Vconc_1.6_run_0.csv,1200.0,0.005,0,1.6,0.04,1.6,0,11.75,0.612099,0.00725859,0.000238394,0.612099,0.0,0.0710175,3285.44
1200_dose_0.005_gradient_0_VconcST_0.04_Vconc_1.6_run_0.csv,1200.0,0.005,0,1.6,0.04,1.6,0,12.0,0.643283,0.00711473,0.000250539,0.643283,0.0,0.0743708,92.767
1200_dose_0.005_gradient_0_VconcST_0.04_Vconc_1.6_run_0.csv,1200.0,0.005,0,1.6,0.04,1.6,0,12.25,0.673684,0.00697373,0.000262379,0.673684,0.0,0.0776167,3289.52
1200_dose_0.005_gradient_0_VconcST_0.04_Vconc_1.6_run_0.csv,1200.0,0.005,0,1.6,0.04,1.6,0,12.5,0.703319,0.00683552,0.000273921,0.703319,0.0,0.080759,91.9658
1200_dose_0.005_gradient_0_VconcST_0.04_Vconc_1.6_run_0.csv,1200.0,0.005,0,1.6,0.04,1.6,0,12.75,0.732205,0.00670004,0.000285171,0.732205,0.0,0.0838012,3149.99
1200_dose_0.005_gradient_0_VconcST_0.04_Vconc_1.6_run_0.csv,1200.0,0.005,0,1.6,0.04,1.6,0,13.0,0.760355,0.00656726,0.000296135,0.760355,0.0,0.0867467,85.5768
1200_dose_0.005_gradient_0_VconcST_0.04_Vconc_1.6_run_0.csv,1200.0,0.005,0,1.6,0.04,1.6,0,13.25,0.787785,0.0064371,0.000306818,0.787785,0.0,0.0895987,3142.39
1200_dose_0.005_gradient_0_VconcST_0.04_Vconc_1.6_run_0.csv,1200.0,0.005,0,1.6,0.04,1.6,0,13.5,0.814511,0.00630953,0.000317227,0.814511,0.0,0.0923604,84.1665
1200_dose_0.005_gradient_0_VconcST_0.04_Vconc_1.6_run_0.csv,1200.0,0.005,0,1.6,0.04,1.6,0,13.75,0.840546,0.00618448,0.000327367,0.840546,0.0,0.0950347,3146.37
1200_dose_0.005_gradient_0_VconcST_0.04_Vconc_1.6_run_0.csv,1200.0,0.005,0,1.6,0.04,1.6,0,14.0,0.865906,0.00606191,0.000337244,0.865906,0.0,0.0976245,87.921
1200_dose_0.005_gradient_0_VconcST_0.04_Vconc_1.6_run_0.csv,1200.0,0.005,0,1.6,0.04,1.6,0,14.25,0.890603,0.00594177,0.000346862,0.890603,0.0,0.100132,3085.3
1200_dose_0.005_gradient_0_VconcST_0.04_Vconc_1.6_run_0.csv,1200.0,0.005,0,1.6,0.04,1.6,0,14.5,0.914653,0.00582401,0.000356229,0.914653,0.0,0.102561,87.8194
1200_dose_0.005_gradient_0_VconcST_0.04_Vconc_1.6_run_0.csv,1200.0,0.005,0,1.6,0.04,1.6,0,14.75,0.938067,0.00570859,0.000365348,0.938067,0.0,0.104913,3165.72
1200_dose_0.005_gradient_0_VconcST_0.04_Vconc_1.6_run_0.csv,1200.0,0.005,0,1.6,0.04,1.6,0,15.0,0.961249,0.0105954,0.000374377,0.961249,0.0,0.107191,83.7079
1200_dose_0.005_gradient_0_VconcST_0.04_Vconc_1.6_run_0.csv,1200.0,0.005,0,1.6,0.04,1.6,0,15.25,1.00651,0.0103855,0.000392005,1.00651,0.0,0.11168,3000.05
1200_dose_0.005_gradient_0_VconcST_0.04_Vconc_1.6_run_0.csv,1200.0,0.005,0,1.6,0.04,1.6,0,15.5,1.05063,0.0101796,0.000409189,1.05063,0.0,0.116013,87.0043
1200_dose_0.005_gradient_0_VconcST_0.04_Vconc_1.6_run_0.csv,1200.0,0.005,0,1.6,0.04,1.6,0,15.75,1.09364,0.00997788,0.000425938,1.09364,0.0,0.120196,3144.3
1200_dose_0.005_gradient_0_VconcST_0.04_Vconc_1.6_run_0.csv,1200.0,0.005,0,1.6,0.04,1.6,0,16.0,1.13555,0.00978013,0.00044226,1.13555,0.0,0.124234,84.4536
1200_dose_0.005_gradient_0_VconcST_0.04_Vconc_1.6_run_0.csv,1200.0,0.005,0,1.6,0.04,1.6,0,16.25,1.17639,0.0095863,0.000458166,1.17639,0.0,0.128133,3075.0
1200_dose_0.005_gradient_0_VconcST_0.04_Vconc_1.6_run_0.csv,1200.0,0.005,0,1.6,0.04,1.6,0,16.5,1.21617,0.00939631,0.000473662,1.21617,0.0,0.131899,79.804
1200_dose_0.005_gradient_0_VconcST_0.04_Vconc_1.6_run_0.csv,1200.0,0.005,0,1.6,0.04,1.6,0,16.75,1.25493,0.00921009,0.000488758,1.25493,0.0,0.135537,2987.45
1200_dose_0.005_gradient_0_VconcST_0.04_Vconc_1.6_run_0.csv,1200.0,0.005,0,1.6,0.04,1.6,0,17.0,1.29269,0.00902755,0.000503462,1.29269,0.0,0.139051,79.6194
1200_dose_0.005_gradient_0_VconcST_0.04_Vconc_1.6_run_0.csv,1200.0,0.005,0,1.6,0.04,1.6,0,17.25,1.32946,0.00884864,0.000517782,1.32946,0.0,0.142445,2946.06
1200_dose_0.005_gradient_0_VconcST_0.04_Vconc_1.6_run_0.csv,1200.0,0.005,0,1.6,0.04,1.6,0,17.5,1.36526,0.00867327,0.000531726,1.36526,0.0,0.145725,77.9742
1200_dose_0.005_gradient_0_VconcST_0.04_Vconc_1.6_run_0.csv,1200.0,0.005,0,1.6,0.04,1.6,0,17.75,1.40012,0.00850138,0.000545303,1.40012,0.0,0.148895,2828.66
1200_dose_0.005_gradient_0_VconcST_0.04_Vconc_1.6_run_0.csv,1200.0,0.005,0,1.6,0.04,1.6,0,18.0,1.43405,0.00833287,0.000558518,1.43405,0.0,0.151958,80.1897
1200_dose_0.005_gradient_0_VconcST_0.04_Vconc_1.6_run_0.csv,1200.0,0.005,0,1.6,0.04,1.6,0,18.25,1.46708,0.00816772,0.000571381,1.46708,0.0,0.154918,2884.15
1200_dose_0.005_gradient_0_VconcST_0.04_Vconc_1.6_run_0.csv,1200.0,0.005,0,1.6,0.04,1.6,0,18.5,1.49921,0.00800584,0.000583898,1.49921,0.0,0.157778,82.1414
1200_dose_0.005_gradient_0_VconcST_0.04_Vconc_1.6_run_0.csv,1200.0,0.005,0,1.6,0.04,1.6,0,18.75,1.53048,0.00784718,0.000596076,1.53048,0.0,0.160543,2931.1
1200_dose_0.005_gradient_0_VconcST_0.04_Vconc_1.6_run_0.csv,1200.0,0.005,0,1.6,0.04,1.6,0,19.0,1.5609,0.00769166,0.000607923,1.5609,0.0,0.163215,76.9997
1200_dose_0.005_gradient_0_VconcST_0.04_Vconc_1.6_run_0.csv,1200.0,0.005,0,1.6,0.04,1.6,0,19.25,1.59049,0.00753922,0.000619446,1.59049,0.0,0.165798,2869.21
1200_dose_0.005_gradient_0_VconcST_0.04_Vconc_1.6_run_0.csv,1200.0,0.005,0,1.6,0.04,1.6,0,19.5,1.61926,0.0073898,0.00063065,1.61926,0.0,0.168294,73.3369
1200_dose_0.005_gradient_0_VconcST_0.04_Vconc_1.6_run_0.csv,1200.0,0.005,0,1.6,0.04,1.6,0,19.75,1.64723,0.00724334,0.000641544,1.64723,0.0,0.170707,2864.62
1200_dose_0.005_gradient_0_VconcST_0.04_Vconc_1.6_run_0.csv,1200.0,0.005,0,1.6,0.04,1.6,0,20.0,1.6748,0.0120998,0.000652285,1.6748,0.0,0.173038,76.6569
1200_dose_0.005_gradient_0_VconcST_0.04_Vconc_1.6_run_0.csv,1200.0,0.005,0,1.6,0.04,1.6,0,20.25,1.72431,0.01186,0.000671563,1.72431,0.0,0.17725,2796.36
1200_dose_0.005_gradient_0_VconcST_0.04_Vconc_1.6_run_0.csv,1200.0,0.005,0,1.6,0.04,1.6,0,20.5,1.77251,0.0116249,0.000690338,1.77251,0.0,0.181311,74.8458
1200_dose_0.005_gradient_0_VconcST_0.04_Vconc_1.6_run_0.csv,1200.0,0.005,0,1.6,0.04,1.6,0,20.75,1.81945,0.0113945,0.000708618,1.81945,0.0,0.185226,2864.15
1200_dose_0.005_gradient_0_VconcST_0.04_Vconc_1.6_run_0.csv,1200.0,0.005,0,1.6,0.04,1.6,0,21.0,1.86514,0.0111687,0.000726416,1.86514,0.0,0.189002,78.6295
1200_dose_0.005_gradient_0_VconcST_0.04_Vconc_1.6_run_0.csv,1200.0,0.005,0,1.6,0.04,1.6,0,21.25,1.90963,0.0109474,0.00074374,1.90963,0.0,0.192644,2752.27
1200_dose_0.005_gradient_0_VconcST_0.04_Vconc_1.6_run_0.csv,1200.0,0.005,0,1.6,0.04,1.6,0,21.5,1.95292,0.0107304,0.0007606,1.95292,0.0,0.196158,76.1807
1200_dose_0.005_gradient_0_VconcST_0.04_Vconc_1.6_run_0.csv,1200.0,0.005,0,1.6,0.04,1.6,0,21.75,1.99504,0.0105177,0.000777007,1.99504,0.0,0.199548,2770.43
1200_dose_0.005_gradient_0_VconcST_0.04_Vconc_1.6_run_0.csv,1200.0,0.005,0,1.6,0.04,1.6,0,22.0,2.03602,0.0103093,0.000792968,2.03602,0.0,0.202818,71.0252
1200_dose_0.005_gradient_0_VconcST_0.04_Vconc_1.6_run_0.csv,1200.0,0.005,0,1.6,0.04,1.6,0,22.25,2.07589,0.010105,0.000808495,2.07589,0.0,0.205974,2646.37
1200_dose_0.005_gradient_0_VconcST_0.04_Vconc_1.6_run_0.csv,1200.0,0.005,0,1.6,0.04,1.6,0,22.5,2.11466,0.0099047,0.000823595,2.11466,0.0,0.209019,69.5776
1200_dose_0.005_gradient_0_VconcST_0.04_Vconc_1.6_run_0.csv,1200.0,0.005,0,1.6,0.04,1.6,0,22.75,2.15236,0.0097084,0.000838278,2.15236,0.0,0.211958,2605.88
1200_dose_0.005_gradient_0_VconcST_0.04_Vconc_1.6_run_0.csv,1200.0,0.005,0,1.6,0.04,1.6,0,23.0,2.18901,0.00951599,0.000852553,2.18901,0.0,0.214794,72.0666
1200_dose_0.005_gradient_0_VconcST_0.04_Vconc_1.6_run_0.csv,1200.0,0.005,0,1.6,0.04,1.6,0,23.25,2.22464,0.00932739,0.000866428,2.22464,0.0,0.217532,2582.7
1200_dose_0.005_gradient_0_VconcST_0.04_Vconc_1.6_run_0.csv,1200.0,0.005,0,1.6,0.04,1.6,0,23.5,2.25926,0.00914254,0.000879911,2.25926,0.0,0.220173,69.1206
1200_dose_0.005_gradient_0_VconcST_0.04_Vconc_1.6_run_0.csv,1200.0,0.005,0,1.6,0.04,1.6,0,23.75,2.29289,0.00896134,0.00089301,2.29289,0.0,0.222723,2542.83
1200_dose_0.005_gradient_0_VconcST_0.04_Vconc_1.6_run_0.csv,1200.0,0.005,0,1.6,0.04,1.6,0,24.0,2.32556,0.00878374,0.000905734,2.32556,0.0,0.225183,72.9524
1200_dose_0.005_gradient_0_VconcST_0.04_Vconc_1.6_run_0.csv,1200.0,0.005,0,1.6,0.04,1.6,0,24.25,2.35729,0.00860965,0.000918091,2.35729,0.0,0.227558,2609.62
1200_dose_0.005_gradient_0_VconcST_0.04_Vconc_1.6_run_0.csv,1200.0,0.005,0,1.6,0.04,1.6,0,24.5,2.38809,0.00843902,0.000930087,2.38809,0.0,0.22985,68.7155
1200_dose_0.005_gradient_0_VconcST_0.04_Vconc_1.6_run_0.csv,1200.0,0.005,0,1.6,0.04,1.6,0,24.75,2.41799,0.00827174,0.000941732,2.41799,0.0,0.232061,2494.85
1200_dose_0.005_gradient_0_VconcST_0.04_Vconc_1.6_run_0.csv,1200.0,0.005,0,1.6,0.04,1.6,0,25.0,2.44739,0.0131078,0.000953183,2.44739,0.0,0.234195,67.8595
1200_dose_0.005_gradient_0_VconcST_0.04_Vconc_1.6_run_0.csv,1200.0,0.005,0,1.6,0.04,1.6,0,25.25,2.49861,0.012848,0.000973133,2.49861,0.0,0.237934,2355.65
1200_dose_0.005_gradient_0_VconcST_0.04_Vconc_1.6_run_0.csv,1200.0,0.005,0,1.6,0.04,1.6,0,25.5,2.54844,0.0125934,0.00099254,2.54844,0.0,0.241535,70.4503
1200_dose_0.005_gradient_0_VconcST_0.04_Vconc_1.6_run_0.csv,1200.0,0.005,0,1.6,0.04,1.6,0,25.75,2.59691,0.0123438,0.00101142,2.59691,0.0,0.245006,2392.67
1200_dose_0.005_gradient_0_VconcST_0.04_Vconc_1.6_run_0.csv,1200.0,0.005,0,1.6,0.04,1.6,0,26.0,2.64404,0.0120992,0.00102977,2.64404,0.0,0.248351,69.9555
1200_dose_0.005_gradient_0_VconcST_0.04_Vconc_1.6_run_0.csv,1200.0,0.005,0,1.6,0.04,1.6,0,26.25,2.68986,0.0118594,0.00104762,2.68986,0.0,0.251575,2261.18
1200_dose_0.005_gradient_0_VconcST_0.04_Vconc_1.6_run_0.csv,1200.0,0.005,0,1.6,0.04,1.6,0,26.5,2.7344,0.0116243,0.00106497,2.7344,0.0,0.254682,68.5953
1200_dose_0.005_gradient_0_VconcST_0.04_Vconc_1.6_run_0.csv,1200.0,0.005,0,1.6,0.04,1.6,0,26.75,2.77769,0.011394,0.00108183,2.77769,0.0,0.257677,2223.96
1200_dose_0.005_gradient_0_VconcST_0.04_Vconc_1.6_run_0.csv,1200.0,0.005,0,1.6,0.04,1.6,0,27.0,2.81975,0.0111681,0.00109821,2.81975,0.0,0.260564,69.819
1200_dose_0.005_gradient_0_VconcST_0.04_Vconc_1.6_run_0.csv,1200.0,0.005,0,1.6,0.04,1.6,0,27.25,2.86061,0.0109468,0.00111412,2.86061,0.0,0.263348,2053.17
1200_dose_0.005_gradient_0_VconcST_0.04_Vconc_1.6_run_0.csv,1200.0,0.005,0,1.6,0.04,1.6,0,27.5,2.90029,0.0107298,0.00112957,2.90029,0.0,0.266031,411.535
1200_dose_0.005_gradient_0_VconcST_0.04_Vconc_1.6_run_0.csv,1200.0,0.005,0,1.6,0.04,1.6,0,27.75,2.93882,0.0105172,0.00114458,2.93882,0.0,0.268618,1459.77
1200_dose_0.005_gradient_0_VconcST_0.04_Vconc_1.6_run_0.csv,1200.0,0.005,0,1.6,0.04,1.6,0,28.0,2.97623,0.0103088,0.00115915,2.97623,0.0,0.271111,1667.68
1200_dose_0.005_gradient_0_VconcST_0.04_Vconc_1.6_run_0.csv,1200.0,0.005,0,1.6,0.04,1.6,0,28.25,3.01252,0.0101044,0.00117328,3.01252,0.0,0.273515,1167.16
1200_dose_0.005_gradient_0_VconcST_0.04_Vconc_1.6_run_0.csv,1200.0,0.005,0,1.6,0.04,1.6,0,28.5,3.04774,0.00990419,0.001187,3.04774,0.0,0.275832,1722.97
1200_dose_0.005_gradient_0_VconcST_0.04_Vconc_1.6_run_0.csv,1200.0,0.005,0,1.6,0.04,1.6,0,28.75,3.0819,0.0097079,0.00120031,3.0819,0.0,0.278066,1447.29
1200_dose_0.005_gradient_0_VconcST_0.04_Vconc_1.6_run_0.csv,1200.0,0.005,0,1.6,0.04,1.6,0,29.0,3.11503,0.0095155,0.00121321,3.11503,0.0,0.280218,1780.81
1200_dose_0.005_gradient_0_VconcST_0.04_Vconc_1.6_run_0.csv,1200.0,0.005,0,1.6,0.04,1.6,0,29.25,3.14714,0.00932691,0.00122571,3.14714,0.0,0.282293,1758.19
1200_dose_0.005_gradient_0_VconcST_0.04_Vconc_1.6_run_0.csv,1200.0,0.005,0,1.6,0.04,1.6,0,29.5,3.17825,0.00914207,0.00123783,3.17825,0.0,0.284292,2238.02
1200_dose_0.005_gradient_0_VconcST_0.04_Vconc_1.6_run_0.csv,1200.0,0.005,0,1.6,0.04,1.6,0,29.75,3.2084,0.00896088,0.00124957,3.2084,0.00582682,0.286218,2538.5
1200_dose_0.005_gradient_0_VconcST_0.04_Vconc_1.6_run_0.csv,1200.0,0.005,0,1.6,0.04,1.6,0,30.0,3.23799,0.0137833,0.0012611,3.23799,0.021799,0.288074,3112.38
1200_dose_0.005_gradient_0_VconcST_0.04_Vconc_1.6_run_0.csv,1200.0,0.005,0,1.6,0.04,1.6,0,30.25,3.28933,0.0135101,0.00128109,3.28933,0.012793,0.291313,3107.15
1200_dose_0.005_gradient_0_VconcST_0.04_Vconc_1.6_run_0.csv,1200.0,0.005,0,1.6,0.04,1.6,0,30.5,3.33922,0.0132424,0.00130052,3.33922,0.0388129,0.294433,3094.14
1200_dose_0.005_gradient_0_VconcST_0.04_Vconc_1.6_run_0.csv,1200.0,0.005,0,1.6,0.04,1.6,0,30.75,3.38768,0.0129799,0.0013194,3.38768,0.130089,0.297437,3146.13
1200_dose_0.005_gradient_0_VconcST_0.04_Vconc_1.6_run_0.csv,1200.0,0.005,0,1.6,0.04,1.6,0,31.0,3.43475,0.0127227,0.00133773,3.43475,0.252615,0.300331,3082.02
1200_dose_0.005_gradient_0_VconcST_0.04_Vconc_1.6_run_0.csv,1200.0,0.005,0,1.6,0.04,1.6,0,31.25,3.48045,0.0124705,0.00135553,3.48045,0.403125,0.303118,3076.98
1200_dose_0.005_gradient_0_VconcST_0.04_Vconc_1.6_run_0.csv,1200.0,0.005,0,1.6,0.04,1.6,0,31.5,3.52482,0.0122234,0.00137281,3.52482,0.541884,0.305802,3088.32
1200_dose_0.005_gradient_0_VconcST_0.04_Vconc_1.6_run_0.csv,1200.0,0.005,0,1.6,0.04,1.6,0,31.75,3.56787,0.0119811,0.00138958,3.56787,0.677561,0.308387,3123.26
1200_dose_0.005_gradient_0_VconcST_0.04_Vconc_1.6_run_0.csv,1200.0,0.005,0,1.6,0.04,1.6,0,32.0,3.60965,0.0117437,0.00140585,3.60965,0.809201,0.310877,3051.11
1200_dose_0.005_gradient_0_VconcST_0.04_Vconc_1.6_run_0.csv,1200.0,0.005,0,1.6,0.04,1.6,0,32.25,3.65017,0.0115109,0.00142163,3.65017,0.945942,0.313276,3048.06
1200_dose_0.005_gradient_0_VconcST_0.04_Vconc_1.6_run_0.csv,1200.0,0.005,0,1.6,0.04,1.6,0,32.5,3.68947,0.0112828,0.00143693,3.68947,1.0,0.315585,3036.85
1200_dose_0.005_gradient_0_VconcST_0.04_Vconc_1.6_run_0.csv,1200.0,0.005,0,1.6,0.04,1.6,0,32.75,3.72756,0.0110592,0.00145177,3.72756,1.0,0.31781,2995.64
1200_dose_0.005_gradient_0_VconcST_0.04_Vconc_1.6_run_0.csv,1200.0,0.005,0,1.6,0.04,1.6,0,33.0,3.76447,0.01084,0.00146614,3.76447,1.0,0.319951,3029.34
1200_dose_0.005_gradient_0_VconcST_0.04_Vconc_1.6_run_0.csv,1200.0,0.005,0,1.6,0.04,1.6,0,33.25,3.80023,0.0106251,0.00148007,3.80023,1.0,0.322013,2997.17
1200_dose_0.005_gradient_0_VconcST_0.04_Vconc_1.6_run_0.csv,1200.0,0.005,0,1.6,0.04,1.6,0,33.5,3.83487,0.0104146,0.00149356,3.83487,1.0,0.323999,3015.46
1200_dose_0.005_gradient_0_VconcST_0.04_Vconc_1.6_run_0.csv,1200.0,0.005,0,1.6,0.04,1.6,0,33.75,3.8684,0.0102082,0.00150662,3.8684,1.0,0.32591,2959.86
1200_dose_0.005_gradient_0_VconcST_0.04_Vconc_1.6_run_0.csv,1200.0,0.005,0,1.6,0.04,1.6,0,34.0,3.90085,0.0100059,0.00151926,3.90085,1.0,0.327749,3003.6
1200_dose_0.005_gradient_0_VconcST_0.04_Vconc_1.6_run_0.csv,1200.0,0.005,0,1.6,0.04,1.6,0,34.25,3.93224,0.00980755,0.00153149,3.93224,1.0,0.329519,3010.44
1200_dose_0.005_gradient_0_VconcST_0.04_Vconc_1.6_run_0.csv,1200.0,0.005,0,1.6,0.04,1.6,0,34.5,3.9626,0.00961317,0.00154331,3.9626,1.0,0.331221,2995.63
1200_dose_0.005_gradient_0_VconcST_0.04_Vconc_1.6_run_0.csv,1200.0,0.005,0,1.6,0.04,1.6,0,34.75,3.99195,0.00942265,0.00155474,3.99195,1.0,0.332859,2956.64
1200_dose_0.005_gradient_0_VconcST_0.04_Vconc_1.6_run_0.csv,1200.0,0.005,0,1.6,0.04,1.6,0,35.0,4.02069,0.0142359,0.00156594,4.02069,1.0,0.334434,2926.88
1200_dose_0.005_gradient_0_VconcST_0.04_Vconc_1.6_run_0.csv,1200.0,0.005,0,1.6,0.04,1.6,0,35.25,4.07116,0.0139538,0.00158559,4.07116,1.0,0.337218,2938.25
1200_dose_0.005_gradient_0_VconcST_0.04_Vconc_1.6_run_0.csv,1200.0,0.005,0,1.6,0.04,1.6,0,35.5,4.12013,0.0136772,0.00160466,4.12013,1.0,0.339897,2987.07
1200_dose_0.005_gradient_0_VconcST_0.04_Vconc_1.6_run_0.csv,1200.0,0.005,0,1.6,0.04,1.6,0,35.75,4.16764,0.0134062,0.00162317,4.16764,1.0,0.342476,2865.11
1200_dose_0.005_gradient_0_VconcST_0.04_Vconc_1.6_run_0.csv,1200.0,0.005,0,1.6,0.04,1.6,0,36.0,4.21372,0.0131405,0.00164111,4.21372,1.0,0.344958,2926.61
1200_dose_0.005_gradient_0_VconcST_0.04_Vconc_1.6_run_0.csv,1200.0,0.005,0,1.6,0.04,1.6,0,36.25,4.2584,0.01288,0.00165851,4.2584,1.0,0.347347,2888.26
1200_dose_0.005_gradient_0_VconcST_0.04_Vconc_1.6_run_0.csv,1200.0,0.005,0,1.6,0.04,1.6,0,36.5,4.3017,0.0126248,0.00167538,4.3017,1.0,0.349646,2913.83
1200_dose_0.005_gradient_0_VconcST_0.04_Vconc_1.6_run_0.csv,1200.0,0.005,0,1.6,0.04,1.6,0,36.75,4.34366,0.0123746,0.00169172,4.34366,1.0,0.351858,2853.32
1200_dose_0.005_gradient_0_VconcST_0.04_Vconc_1.6_run_0.csv,1200.0,0.005,0,1.6,0.04,1.6,0,37.0,4.38431,0.0121293,0.00170755,4.38431,1.0,0.353987,2904.47
1200_dose_0.005_gradient_0_VconcST_0.04_Vconc_1.6_run_0.csv,1200.0,0.005,0,1.6,0.04,1.6,0,37.25,4.42368,0.0118889,0.00172288,4.42368,1.0,0.356035,2853.84
1200_dose_0.005_gradient_0_VconcST_0.04_Vconc_1.6_run_0.csv,1200.0,0.005,0,1.6,0.04,1.6,0,37.5,4.46178,0.0116533,0.00173773,4.46178,1.0,0.358005,2864.43
1200_dose_0.005_gradient_0_VconcST_0.04_Vconc_1.6_run_0.csv,1200.0,0.005,0,1.6,0.04,1.6,0,37.75,4.49865,0.0114223,0.00175208,4.49865,1.0,0.3599,2876.39
1200_dose_0.005_gradient_0_VconcST_0.04_Vconc_1.6_run_0.csv,1200.0,0.005,0,1.6,0.04,1.6,0,38.0,4.53431,0.011196,0.00176597,4.53431,1.0,0.361722,2890.13
1200_dose_0.005_gradient_0_VconcST_0.04_Vconc_1.6_run_0.csv,1200.0,0.005,0,1.6,0.04,1.6,0,38.25,4.5688,0.0109741,0.00177941,4.5688,1.0,0.363475,2851.01
1200_dose_0.005_gradient_0_VconcST_0.04_Vconc_1.6_run_0.csv,1200.0,0.005,0,1.6,0.04,1.6,0,38.5,4.60213,0.0107566,0.00179239,4.60213,1.0,0.365159,2799.39
1200_dose_0.005_gradient_0_VconcST_0.04_Vconc_1.6_run_0.csv,1200.0,0.005,0,1.6,0.04,1.6,0,38.75,4.63433,0.0105434,0.00180493,4.63433,1.0,0.366778,2825.46
1200_dose_0.005_gradient_0_VconcST_0.04_Vconc_1.6_run_0.csv,1200.0,0.005,0,1.6,0.04,1.6,0,39.0,4.66543,0.0103344,0.00181704,4.66543,1.0,0.368334,2796.63
1200_dose_0.005_gradient_0_VconcST_0.04_Vconc_1.6_run_0.csv,1200.0,0.005,0,1.6,0.04,1.6,0,39.25,4.69544,0.0101296,0.00182873,4.69544,1.0,0.369828,2810.61
1200_dose_0.005_gradient_0_VconcST_0.04_Vconc_1.6_run_0.csv,1200.0,0.005,0,1.6,0.04,1.6,0,39.5,4.72439,0.00992886,0.00184,4.72439,1.0,0.371263,2778.88
1200_dose_0.005_gradient_0_VconcST_0.04_Vconc_1.6_run_0.csv,1200.0,0.005,0,1.6,0.04,1.6,0,39.75,4.75231,0.00973209,0.00185088,4.75231,1.0,0.37264,2795.13
1200_dose_0.005_gradient_0_VconcST_0.04_Vconc_1.6_run_0.csv,1200.0,0.005,0,1.6,0.04,1.6,0,40.0,4.7796,0.0145392,0.0018615,4.7796,1.0,0.373962,2803.11
1200_dose_0.005_gradient_0_VconcST_0.04_Vconc_1.6_run_0.csv,1200.0,0.005,0,1.6,0.04,1.6,0,40.25,4.82858,0.0142511,0.00188058,4.82858,1.0,0.376354,2746.74
1200_dose_0.005_gradient_0_VconcST_0.04_Vconc_1.6_run_0.csv,1200.0,0.005,0,1.6,0.04,1.6,0,40.5,4.87606,0.0139686,0.00189907,4.87606,1.0,0.378654,2753.91
1200_dose_0.005_gradient_0_VconcST_0.04_Vconc_1.6_run_0.csv,1200.0,0.005,0,1.6,0.04,1.6,0,40.75,4.92204,0.0136918,0.00191698,4.92204,1.0,0.380867,2735.47
1200_dose_0.005_gradient_0_VconcST_0.04_Vconc_1.6_run_0.csv,1200.0,0.005,0,1.6,0.04,1.6,0,41.0,4.96658,0.0134204,0.00193433,4.96658,1.0,0.382995,2764.32
1200_dose_0.005_gradient_0_VconcST_0.04_Vconc_1.6_run_0.csv,1200.0,0.005,0,1.6,0.04,1.6,0,41.25,5.00969,0.0131544,0.00195112,5.00969,1.0,0.38504,2761.71
1200_dose_0.005_gradient_0_VconcST_0.04_Vconc_1.6_run_0.csv,1200.0,0.005,0,1.6,0.04,1.6,0,41.5,5.05142,0.0128937,0.00196737,5.05142,1.0,0.387008,2721.55
1200_dose_0.005_gradient_0_VconcST_0.04_Vconc_1.6_run_0.csv,1200.0,0.005,0,1.6,0.04,1.6,0,41.75,5.09178,0.0126382,0.00198309,5.09178,1.0,0.388899,2724.77
1200_dose_0.005_gradient_0_VconcST_0.04_Vconc_1.6_run_0.csv,1200.0,0.005,0,1.6,0.04,1.6,0,42.0,5.13081,0.0123877,0.00199829,5.13081,1.0,0.390716,2753.06
1200_dose_0.005_gradient_0_VconcST_0.04_Vconc_1.6_run_0.csv,1200.0,0.005,0,1.6,0.04,1.6,0,42.25,5.16853,0.0121422,0.00201298,5.16853,1.0,0.392463,2738.44
1200_dose_0.005_gradient_0_VconcST_0.04_Vconc_1.6_run_0.csv,1200.0,0.005,0,1.6,0.04,1.6,0,42.5,5.20498,0.0119016,0.00202718,5.20498,1.0,0.394141,2775.08
1200_dose_0.005_gradient_0_VconcST_0.04_Vconc_1.6_run_0.csv,1200.0,0.005,0,1.6,0.04,1.6,0,42.75,5.24018,0.0116657,0.00204089,5.24018,1.0,0.395752,2739.9
1200_dose_0.005_gradient_0_VconcST_0.04_Vconc_1.6_run_0.csv,1200.0,0.005,0,1.6,0.04,1.6,0,43.0,5.27416,0.0114345,0.00205412,5.27416,1.0,0.3973,2704.08
1200_dose_0.005_gradient_0_VconcST_0.04_Vconc_1.6_run_0.csv,1200.0,0.005,0,1.6,0.04,1.6,0,43.25,5.30694,0.0112079,0.00206689,5.30694,1.0,0.398786,2671.45
1200_dose_0.005_gradient_0_VconcST_0.04_Vconc_1.6_run_0.csv,1200.0,0.005,0,1.6,0.04,1.6,0,43.5,5.33855,0.0109857,0.0020792,5.33855,1.0,0.400211,2709.34
1200_dose_0.005_gradient_0_VconcST_0.04_Vconc_1.6_run_0.csv,1200.0,0.005,0,1.6,0.04,1.6,0,43.75,5.36901,0.010768,0.00209106,5.36901,1.0,0.401579,2673.78
1200_dose_0.005_gradient_0_VconcST_0.04_Vconc_1.6_run_0.csv,1200.0,0.005,0,1.6,0.04,1.6,0,44.0,5.39836,0.0105546,0.00210249,5.39836,1.0,0.402891,2650.49
1200_dose_0.005_gradient_0_VconcST_0.04_Vconc_1.6_run_0.csv,1200.0,0.005,0,1.6,0.04,1.6,0,44.25,5.42661,0.0103454,0.0021135,5.42661,1.0,0.404148,2640.9
1200_dose_0.005_gradient_0_VconcST_0.04_Vconc_1.6_run_0.csv,1200.0,0.005,0,1.6,0.04,1.6,0,44.5,5.45378,0.0101404,0.00212408,5.45378,1.0,0.405352,2654.96
1200_dose_0.005_gradient_0_VconcST_0.04_Vconc_1.6_run_0.csv,1200.0,0.005,0,1.6,0.04,1.6,0,44.75,5.47991,0.00993942,0.00213426,5.47991,1.0,0.406505,2599.18
1200_dose_0.005_gradient_0_VconcST_0.04_Vconc_1.6_run_0.csv,1200.0,0.005,0,1.6,0.04,1.6,0,45.0,5.5054,0.0147424,0.00214418,5.5054,1.0,0.407609,2634.84
1200_dose_0.005_gradient_0_VconcST_0.04_Vconc_1.6_run_0.csv,1200.0,0.005,0,1.6,0.04,1.6,0,45.25,5.55257,0.0144503,0.00216255,5.55257,1.0,0.409672,2683.62
1200_dose_0.005_gradient_0_VconcST_0.04_Vconc_1.6_run_0.csv,1200.0,0.005,0,1.6,0.04,1.6,0,45.5,5.59822,0.0141639,0.00218033,5.59822,1.0,0.411655,2600.44
1200_dose_0.005_gradient_0_VconcST_0.04_Vconc_1.6_run_0.csv,1200.0,0.005,0,1.6,0.04,1.6,0,45.75,5.64237,0.0138832,0.00219753,5.64237,1.0,0.413561,2612.98
1200_dose_0.005_gradient_0_VconcST_0.04_Vconc_1.6_run_0.csv,1200.0,0.005,0,1.6,0.04,1.6,0,46.0,5.68506,0.013608,0.00221415,5.68506,1.0,0.415391,2588.0
1200_dose_0.005_gradient_0_VconcST_0.04_Vconc_1.6_run_0.csv,1200.0,0.005,0,1.6,0.04,1.6,0,46.25,5.72631,0.0133383,0.00223022,5.72631,1.0,0.417149,2627.22
1200_dose_0.005_gradient_0_VconcST_0.04_Vconc_1.6_run_0.csv,1200.0,0.005,0,1.6,0.04,1.6,0,46.5,5.76617,0.013074,0.00224574,5.76617,1.0,0.418838,2614.83
1200_dose_0.005_gradient_0_VconcST_0.04_Vconc_1.6_run_0.csv,1200.0,0.005,0,1.6,0.04,1.6,0,46.75,5.80465,0.0128148,0.00226073,5.80465,1.0,0.420459,2620.43
1200_dose_0.005_gradient_0_VconcST_0.04_Vconc_1.6_run_0.csv,1200.0,0.005,0,1.6,0.04,1.6,0,47.0,5.84179,0.0125609,0.0022752,5.84179,1.0,0.422015,2595.15
1200_dose_0.005_gradient_0_VconcST_0.04_Vconc_1.6_run_0.csv,1200.0,0.005,0,1.6,0.04,1.6,0,47.25,5.87762,0.0123119,0.00228915,5.87762,1.0,0.423508,2588.24
1200_dose_0.005_gradient_0_VconcST_0.04_Vconc_1.6_run_0.csv,1200.0,0.005,0,1.6,0.04,1.6,0,47.5,5.91216,0.0120679,0.0023026,5.91216,1.0,0.42494,2584.94
1200_dose_0.005_gradient_0_VconcST_0.04_Vconc_1.6_run_0.csv,1200.0,0.005,0,1.6,0.04,1.6,0,47.75,5.94545,0.0118287,0.00231557,5.94545,1.0,0.426314,2581.81
1200_dose_0.005_gradient_0_VconcST_0.04_Vconc_1.6_run_0.csv,1200.0,0.005,0,1.6,0.04,1.6,0,48.0,5.97751,0.0115943,0.00232805,5.97751,1.0,0.42763,2547.83
1200_dose_0.005_gradient_0_VconcST_0.04_Vconc_1.6_run_0.csv,1200.0,0.005,0,1.6,0.04,1.6,0,48.25,6.00836,0.0113645,0.00234007,6.00836,1.0,0.428892,2534.0
1200_dose_0.005_gradient_0_VconcST_0.04_Vconc_1.6_run_0.csv,1200.0,0.005,0,1.6,0.04,1.6,0,48.5,6.03804,0.0111393,0.00235163,6.03804,1.0,0.4301,2527.9
1200_dose_0.005_gradient_0_VconcST_0.04_Vconc_1.6_run_0.csv,1200.0,0.005,0,1.6,0.04,1.6,0,48.75,6.06656,0.0109185,0.00236274,6.06656,1.0,0.431257,2543.86
1200_dose_0.005_gradient_0_VconcST_0.04_Vconc_1.6_run_0.csv,1200.0,0.005,0,1.6,0.04,1.6,0,49.0,6.09396,0.0107021,0.00237341,6.09396,1.0,0.432363,2484.5
1200_dose_0.005_gradient_0_VconcST_0.04_Vconc_1.6_run_0.csv,1200.0,0.005,0,1.6,0.04,1.6,0,49.25,6.12025,0.01049,0.00238365,6.12025,1.0,0.43342,2507.07
1200_dose_0.005_gradient_0_VconcST_0.04_Vconc_1.6_run_0.csv,1200.0,0.005,0,1.6,0.04,1.6,0,49.5,6.14546,0.0102821,0.00239347,6.14546,1.0,0.434431,2464.96
1200_dose_0.005_gradient_0_VconcST_0.04_Vconc_1.6_run_0.csv,1200.0,0.005,0,1.6,0.04,1.6,0,49.75,6.16962,0.0100784,0.00240288,6.16962,1.0,0.435396,2419.89
1200_dose_0.005_gradient_0_VconcST_0.04_Vconc_1.6_run_0.csv,1200.0,0.005,0,1.6,0.04,1.6,0,50.0,6.19313,0.0148786,0.00241203,6.19313,1.0,0.436317,2477.68
1200_dose_0.005_gradient_0_VconcST_0.04_Vconc_1.6_run_0.csv,1200.0,0.005,0,1.6,0.04,1.6,0,50.25,6.23833,0.0145837,0.00242964,6.23833,1.0,0.438107,2475.8
1200_dose_0.005_gradient_0_VconcST_0.04_Vconc_1.6_run_0.csv,1200.0,0.005,0,1.6,0.04,1.6,0,50.5,6.28199,0.0142947,0.00244664,6.28199,1.0,0.439826,2407.42
1200_dose_0.005_gradient_0_VconcST_0.04_Vconc_1.6_run_0.csv,1200.0,0.005,0,1.6,0.04,1.6,0,50.75,6.32415,0.0140114,0.00246306,6.32415,1.0,0.441476,2432.32
1200_dose_0.005_gradient_0_VconcST_0.04_Vconc_1.6_run_0.csv,1200.0,0.005,0,1.6,0.04,1.6,0,51.0,6.36485,0.0137337,0.00247891,6.36485,1.0,0.443059,2410.63
1200_dose_0.005_gradient_0_VconcST_0.04_Vconc_1.6_run_0.csv,1200.0,0.005,0,1.6,0.04,1.6,0,51.25,6.40411,0.0134615,0.0024942,6.40411,1.0,0.444578,2386.89
1200_dose_0.005_gradient_0_VconcST_0.04_Vconc_1.6_run_0.csv,1200.0,0.005,0,1.6,0.04,1.6,0,51.5,6.44196,0.0131947,0.00250894,6.44196,1.0,0.446035,2470.67
1200_dose_0.005_gradient_0_VconcST_0.04_Vconc_1.6_run_0.csv,1200.0,0.005,0,1.6,0.04,1.6,0,51.75,6.47844,0.0129332,0.00252315,6.47844,1.0,0.447432,2424.98
1200_dose_0.005_gradient_0_VconcST_0.04_Vconc_1.6_run_0.csv,1200.0,0.005,0,1.6,0.04,1.6,0,52.0,6.51357,0.0126769,0.00253683,6.51357,1.0,0.44877,2410.28
1200_dose_0.005_gradient_0_VconcST_0.04_Vconc_1.6_run_0.csv,1200.0,0.005,0,1.6,0.04,1.6,0,52.25,6.54739,0.0124257,0.00255001,6.54739,1.0,0.450052,2414.87
1200_dose_0.005_gradient_0_VconcST_0.04_Vconc_1.6_run_0.csv,1200.0,0.005,0,1.6,0.04,1.6,0,52.5,6.57992,0.0121794,0.00256267,6.57992,1.0,0.45128,2460.41
1200_dose_0.005_gradient_0_VconcST_0.04_Vconc_1.6_run_0.csv,1200.0,0.005,0,1.6,0.04,1.6,0,52.75,6.61119,0.011938,0.00257485,6.61119,1.0,0.452455,2435.42
1200_dose_0.005_gradient_0_VconcST_0.04_Vconc_1.6_run_0.csv,1200.0,0.005,0,1.6,0.04,1.6,0,53.0,6.64122,0.0117014,0.00258655,6.64122,1.0,0.453579,2423.58
1200_dose_0.005_gradient_0_VconcST_0.04_Vconc_1.6_run_0.csv,1200.0,0.005,0,1.6,0.04,1.6,0,53.25,6.67005,0.0114695,0.00259778,6.67005,1.0,0.454654,2454.02
1200_dose_0.005_gradient_0_VconcST_0.04_Vconc_1.6_run_0.csv,1200.0,0.005,0,1.6,0.04,1.6,0,53.5,6.6977,0.0112422,0.00260855,6.6977,1.0,0.45568,2470.03
1200_dose_0.005_gradient_0_VconcST_0.04_Vconc_1.6_run_0.csv,1200.0,0.005,0,1.6,0.04,1.6,0,53.75,6.72419,0.0110194,0.00261886,6.72419,1.0,0.456661,2430.27
1200_dose_0.005_gradient_0_VconcST_0.04_Vconc_1.6_run_0.csv,1200.0,0.005,0,1.6,0.04,1.6,0,54.0,6.74956,0.010801,0.00262874,6.74956,1.0,0.457596,2421.5
1200_dose_0.005_gradient_0_VconcST_0.04_Vconc_1.6_run_0.csv,1200.0,0.005,0,1.6,0.04,1.6,0,54.25,6.77382,0.0105869,0.00263819,6.77382,1.0,0.458487,2412.99
1200_dose_0.005_gradient_0_VconcST_0.04_Vconc_1.6_run_0.csv,1200.0,0.005,0,1.6,0.04,1.6,0,54.5,6.797,0.0103771,0.00264722,6.797,1.0,0.459336,2424.38
1200_dose_0.005_gradient_0_VconcST_0.04_Vconc_1.6_run_0.csv,1200.0,0.005,0,1.6,0.04,1.6,0,54.75,6.81913,0.0101715,0.00265584,6.81913,1.0,0.460144,2399.37
1200_dose_0.005_gradient_0_VconcST_0.04_Vconc_1.6_run_0.csv,1200.0,0.005,0,1.6,0.04,1.6,0,55.0,6.84061,0.0149699,0.00266421,6.84061,1.0,0.460912,2369.38
1200_dose_0.005_gradient_0_VconcST_0.04_Vconc_1.6_run_0.csv,1200.0,0.005,0,1.6,0.04,1.6,0,55.25,6.88377,0.0146732,0.00268102,6.88377,1.0,0.462476,2403.65
1200_dose_0.005_gradient_0_VconcST_0.04_Vconc_1.6_run_0.csv,1200.0,0.005,0,1.6,0.04,1.6,0,55.5,6.9254,0.0143824,0.00269723,6.9254,1.0,0.463977,2404.68
1200_dose_0.005_gradient_0_VconcST_0.04_Vconc_1.6_run_0.csv,1200.0,0.005,0,1.6,0.04,1.6,0,55.75,6.96553,0.0140973,0.00271286,6.96553,1.0,0.465415,2319.5
1200_dose_0.005_gradient_0_VconcST_0.04_Vconc_1.6_run_0.csv,1200.0,0.005,0,1.6,0.04,1.6,0,56.0,7.00419,0.0138179,0.00272791,7.00419,1.0,0.466793,2337.36
1200_dose_0.005_gradient_0_VconcST_0.04_Vconc_1.6_run_0.csv,1200.0,0.005,0,1.6,0.04,1.6,0,56.25,7.04141,0.0135441,0.00274241,7.04141,1.0,0.468114,2386.5
1200_dose_0.005_gradient_0_VconcST_0.04_Vconc_1.6_run_0.csv,1200.0,0.005,0,1.6,0.04,1.6,0,56.5,7.07723,0.0132757,0.00275636,7.07723,1.0,0.469378,2339.36
1200_dose_0.005_gradient_0_VconcST_0.04_Vconc_1.6_run_0.csv,1200.0,0.005,0,1.6,0.04,1.6,0,56.75,7.11167,0.0130126,0.00276978,7.11167,1.0,0.470588,2306.99
1200_dose_0.005_gradient_0_VconcST_0.04_Vconc_1.6_run_0.csv,1200.0,0.005,0,1.6,0.04,1.6,0,57.0,7.14477,0.0127547,0.00278267,7.14477,1.0,0.471746,2361.12
1200_dose_0.005_gradient_0_VconcST_0.04_Vconc_1.6_run_0.csv,1200.0,0.005,0,1.6,0.04,1.6,0,57.25,7.17655,0.0125019,0.00279504,7.17655,1.0,0.472853,2327.07
1200_dose_0.005_gradient_0_VconcST_0.04_Vconc_1.6_run_0.csv,1200.0,0.005,0,1.6,0.04,1.6,0,57.5,7.20705,0.0122541,0.00280692,7.20705,1.0,0.473911,2352.72
1200_dose_0.005_gradient_0_VconcST_0.04_Vconc_1.6_run_0.csv,1200.0,0.005,0,1.6,0.04,1.6,0,57.75,7.23628,0.0120113,0.00281831,7.23628,1.0,0.474921,2302.83
1200_dose_0.005_gradient_0_VconcST_0.04_Vconc_1.6_run_0.csv,1200.0,0.005,0,1.6,0.04,1.6,0,58.0,7.26428,0.0117732,0.00282921,7.26428,1.0,0.475885,2336.02
1200_dose_0.005_gradient_0_VconcST_0.04_Vconc_1.6_run_0.csv,1200.0,0.005,0,1.6,0.04,1.6,0,58.25,7.29109,0.0115399,0.00283965,7.29109,1.0,0.476804,2284.82
1200_dose_0.005_gradient_0_VconcST_0.04_Vconc_1.6_run_0.csv,1200.0,0.005,0,1.6,0.04,1.6,0,58.5,7.31671,0.0113112,0.00284963,7.31671,1.0,0.47768,2303.0
1200_dose_0.005_gradient_0_VconcST_0.04_Vconc_1.6_run_0.csv,1200.0,0.005,0,1.6,0.04,1.6,0,58.75,7.34118,0.011087,0.00285916,7.34118,1.0,0.478514,2279.7
1200_dose_0.005_gradient_0_VconcST_0.04_Vconc_1.6_run_0.csv,1200.0,0.005,0,1.6,0.04,1.6,0,59.0,7.36452,0.0108673,0.00286825,7.36452,1.0,0.479307,2345.94
1200_dose_0.005_gradient_0_VconcST_0.04_Vconc_1.6_run_0.csv,1200.0,0.005,0,1.6,0.04,1.6,0,59.25,7.38676,0.0106519,0.00287691,7.38676,1.0,0.48006,2337.95
1200_dose_0.005_gradient_0_VconcST_0.04_Vconc_1.6_run_0.csv,1200.0,0.005,0,1.6,0.04,1.6,0,59.5,7.40792,0.0104408,0.00288515,7.40792,1.0,0.480775,2248.7
1200_dose_0.005_gradient_0_VconcST_0.04_Vconc_1.6_run_0.csv,1200.0,0.005,0,1.6,0.04,1.6,0,59.75,7.42802,0.0102339,0.00289298,7.42802,1.0,0.481452,2309.37
1200_dose_0.005_gradient_0_VconcST_0.04_Vconc_1.6_run_0.csv,1200.0,0.005,0,1.6,0.04,1.6,0,60.0,7.44748,0.015031,0.00290056,7.44748,1.0,0.482093,2316.0
1200_dose_0.005_gradient_0_VconcST_0.04_Vconc_1.6_run_0.csv,1200.0,0.005,0,1.6,0.04,1.6,0,60.25,7.48862,0.0147331,0.00291659,7.48862,1.0,0.483469,2247.61
1200_dose_0.005_gradient_0_VconcST_0.04_Vconc_1.6_run_0.csv,1200.0,0.005,0,1.6,0.04,1.6,0,60.5,7.52823,0.0144411,0.00293201,7.52823,1.0,0.484788,2029.4
1200_dose_0.005_gradient_0_VconcST_0.04_Vconc_1.6_run_0.csv,1200.0,0.005,0,1.6,0.04,1.6,0,60.75,7.56634,0.0141549,0.00294686,7.56634,1.0,0.48605,2260.64
1200_dose_0.005_gradient_0_VconcST_0.04_Vconc_1.6_run_0.csv,1200.0,0.005,0,1.6,0.04,1.6,0,61.0,7.60299,0.0138744,0.00296113,7.60299,1.0,0.487258,2218.11
1200_dose_0.005_gradient_0_VconcST_0.04_Vconc_1.6_run_0.csv,1200.0,0.005,0,1.6,0.04,1.6,0,61.25,7.6382,0.0135994,0.00297484,7.6382,1.0,0.488413,2266.4
1200_dose_0.005_gradient_0_VconcST_0.04_Vconc_1.6_run_0.csv,1200.0,0.005,0,1.6,0.04,1.6,0,61.5,7.67201,0.0133299,0.00298801,7.67201,1.0,0.489518,2257.94
1200_dose_0.005_gradient_0_VconcST_0.04_Vconc_1.6_run_0.csv,1200.0,0.005,0,1.6,0.04,1.6,0,61.75,7.70445,0.0130657,0.00300064,7.70445,1.0,0.490573,2247.43
1200_dose_0.005_gradient_0_VconcST_0.04_Vconc_1.6_run_0.csv,1200.0,0.005,0,1.6,0.04,1.6,0,62.0,7.73555,0.0128068,0.00301275,7.73555,1.0,0.491581,2223.65
1200_dose_0.005_gradient_0_VconcST_0.04_Vconc_1.6_run_0.csv,1200.0,0.005,0,1.6,0.04,1.6,0,62.25,7.76533,0.012553,0.00302435,7.76533,1.0,0.492542,2285.1
1200_dose_0.005_gradient_0_VconcST_0.04_Vconc_7.2_run_0.csv,1200.0,0.005,0,7.2,0.04,7.2,0,0.0,0.0,0.0,0.0,0.0,0.0,0.0,0.0
1200_dose_0.005_gradient_0_VconcST_0.04_Vconc_7.2_run_0.csv,1200.0,0.005,0,7.2,0.04,7.2,0,0.25,0.0,0.0,0.0,0.0,0.0,0.0,10000.0
1200_dose_0.005_gradient_0_VconcST_0.04_Vconc_7.2_run_0.csv,1200.0,0.005,0,7.2,0.04,7.2,0,0.5,0.0,0.0,0.0,0.0,0.0,0.0,835.863
1200_dose_0.005_gradient_0_VconcST_0.04_Vconc_7.2_run_0.csv,1200.0,0.005,0,7.2,0.04,7.2,0,0.75,0.0,0.0,0.0,0.0,0.0,0.0,10000.0
1200_dose_0.005_gradient_0_VconcST_0.04_Vconc_7.2_run_0.csv,1200.0,0.005,0,7.2,0.04,7.2,0,1.0,0.0,0.0,0.0,0.0,0.0,0.0,846.146
1200_dose_0.005_gradient_0_VconcST_0.04_Vconc_7.2_run_0.csv,1200.0,0.005,0,7.2,0.04,7.2,0,1.25,0.0,0.0,0.0,0.0,0.0,0.0,10000.0
1200_dose_0.005_gradient_0_VconcST_0.04_Vconc_7.2_run_0.csv,1200.0,0.005,0,7.2,0.04,7.2,0,1.5,0.0,0.0,0.0,0.0,0.0,0.0,837.145
1200_dose_0.005_gradient_0_VconcST_0.04_Vconc_7.2_run_0.csv,1200.0,0.005,0,7.2,0.04,7.2,0,1.75,0.0,0.0,0.0,0.0,0.0,0.0,10000.0
1200_dose_0.005_gradient_0_VconcST_0.04_Vconc_7.2_run_0.csv,1200.0,0.005,0,7.2,0.04,7.2,0,2.0,0.0,0.0,0.0,0.0,0.0,0.0,836.034
1200_dose_0.005_gradient_0_VconcST_0.04_Vconc_7.2_run_0.csv,1200.0,0.005,0,7.2,0.04,7.2,0,2.25,0.0,0.0,0.0,0.0,0.0,0.0,10000.0
1200_dose_0.005_gradient_0_VconcST_0.04_Vconc_7.2_run_0.csv,1200.0,0.005,0,7.2,0.04,7.2,0,2.5,0.0,0.0,0.0,0.0,0.0,0.0,843.511
1200_dose_0.005_gradient_0_VconcST_0.04_Vconc_7.2_run_0.csv,1200.0,0.005,0,7.2,0.04,7.2,0,2.75,0.0,0.0,0.0,0.0,0.0,0.0,10000.0
1200_dose_0.005_gradient_0_VconcST_0.04_Vconc_7.2_run_0.csv,1200.0,0.005,0,7.2,0.04,7.2,0,3.0,0.0,0.0,0.0,0.0,0.0,0.0,847.644
1200_dose_0.005_gradient_0_VconcST_0.04_Vconc_7.2_run_0.csv,1200.0,0.005,0,7.2,0.04,7.2,0,3.25,0.0,0.0,0.0,0.0,0.0,0.0,10000.0
1200_dose_0.005_gradient_0_VconcST_0.04_Vconc_7.2_run_0.csv,1200.0,0.005,0,7.2,0.04,7.2,0,3.5,0.0,0.0,0.0,0.0,0.0,0.0,840.156
1200_dose_0.005_gradient_0_VconcST_0.04_Vconc_7.2_run_0.csv,1200.0,0.005,0,7.2,0.04,7.2,0,3.75,0.0,0.0,0.0,0.0,0.0,0.0,10000.0
1200_dose_0.005_gradient_0_VconcST_0.04_Vconc_7.2_run_0.csv,1200.0,0.005,0,7.2,0.04,7.2,0,4.0,0.0,0.0,0.0,0.0,0.0,0.0,846.959
1200_dose_0.005_gradient_0_VconcST_0.04_Vconc_7.2_run_0.csv,1200.0,0.005,0,7.2,0.04,7.2,0,4.25,0.0,0.0,0.0,0.0,0.0,0.0,10000.0
1200_dose_0.005_gradient_0_VconcST_0.04_Vconc_7.2_run_0.csv,1200.0,0.005,0,7.2,0.04,7.2,0,4.5,0.0,0.0,0.0,0.0,0.0,0.0,848.42
1200_dose_0.005_gradient_0_VconcST_0.04_Vconc_7.2_run_0.csv,1200.0,0.005,0,7.2,0.04,7.2,0,4.75,0.0,0.0,0.0,0.0,0.0,0.0,10000.0
1200_dose_0.005_gradient_0_VconcST_0.04_Vconc_7.2_run_0.csv,1200.0,0.005,0,7.2,0.04,7.2,0,5.0,0.000389313,0.005,1.51625e-07,0.000389313,0.0,0.0,833.321
1200_dose_0.005_gradient_0_VconcST_0.04_Vconc_7.2_run_0.csv,1200.0,0.005,0,7.2,0.04,7.2,0,5.25,0.0234672,0.00490091,9.13975e-06,0.0234672,0.0,0.00287758,10000.0
1200_dose_0.005_gradient_0_VconcST_0.04_Vconc_7.2_run_0.csv,1200.0,0.005,0,7.2,0.04,7.2,0,5.5,0.0460002,0.00480378,1.79157e-05,0.0460002,0.0,0.00567128,834.183
1200_dose_0.005_gradient_0_VconcST_0.04_Vconc_7.2_run_0.csv,1200.0,0.005,0,7.2,0.04,7.2,0,5.75,0.0679994,0.00470857,2.64837e-05,0.0679994,0.0,0.00838375,10000.0
1200_dose_0.005_gradient_0_VconcST_0.04_Vconc_7.2_run_0.csv,1200.0,0.005,0,7.2,0.04,7.2,0,6.0,0.0894757,0.00461525,3.4848e-05,0.0894757,0.0,0.0110175,835.82
1200_dose_0.005_gradient_0_VconcST_0.04_Vconc_7.2_run_0.csv,1200.0,0.005,0,7.2,0.04,7.2,0,6.25,0.11044,0.00452378,4.30129e-05,0.11044,0.0,0.013575,10000.0
1200_dose_0.005_gradient_0_VconcST_0.04_Vconc_7.2_run_0.csv,1200.0,0.005,0,7.2,0.04,7.2,0,6.5,0.130902,0.00443413,5.09824e-05,0.130902,0.0,0.0160586,840.228
1200_dose_0.005_gradient_0_VconcST_0.04_Vconc_7.2_run_0.csv,1200.0,0.005,0,7.2,0.04,7.2,0,6.75,0.150873,0.00434625,5.87605e-05,0.150873,0.0,0.0184705,10000.0
1200_dose_0.005_gradient_0_VconcST_0.04_Vconc_7.2_run_0.csv,1200.0,0.005,0,7.2,0.04,7.2,0,7.0,0.170363,0.00426011,6.63511e-05,0.170363,0.0,0.0208129,828.0
1200_dose_0.005_gradient_0_VconcST_0.04_Vconc_7.2_run_0.csv,1200.0,0.005,0,7.2,0.04,7.2,0,7.25,0.189381,0.00417568,7.37581e-05,0.189381,0.0,0.0230878,10000.0
1200_dose_0.005_gradient_0_VconcST_0.04_Vconc_7.2_run_0.csv,1200.0,0.005,0,7.2,0.04,7.2,0,7.5,0.207938,0.00409293,8.09852e-05,0.207938,0.0,0.0252974,819.442
1200_dose_0.005_gradient_0_VconcST_0.04_Vconc_7.2_run_0.csv,1200.0,0.005,0,7.2,0.04,7.2,0,7.75,0.226041,0.00401181,8.80362e-05,0.226041,0.0,0.0274435,10000.0
1200_dose_0.005_gradient_0_VconcST_0.04_Vconc_7.2_run_0.csv,1200.0,0.005,0,7.2,0.04,7.2,0,8.0,0.243703,0.0039323,9.49146e-05,0.243703,0.0,0.029528,838.185
1200_dose_0.005_gradient_0_VconcST_0.04_Vconc_7.2_run_0.csv,1200.0,0.005,0,7.2,0.04,7.2,0,8.25,0.260929,0.00385437,0.000101624,0.260929,0.0,0.0315527,10000.0
1200_dose_0.005_gradient_0_VconcST_0.04_Vconc_7.2_run_0.csv,1200.0,0.005,0,7.2,0.04,7.2,0,8.5,0.277731,0.00377798,0.000108168,0.277731,0.0,0.0335193,833.021
1200_dose_0.005_gradient_0_VconcST_0.04_Vconc_7.2_run_0.csv,1200.0,0.005,0,7.2,0.04,7.2,0,8.75,0.294117,0.0037031,0.000114549,0.294117,0.0,0.0354295,10000.0
1200_dose_0.005_gradient_0_VconcST_0.04_Vconc_7.2_run_0.csv,1200.0,0.005,0,7.2,0.04,7.2,0,9.0,0.310095,0.00362971,0.000120772,0.310095,0.0,0.037285,820.745
1200_dose_0.005_gradient_0_VconcST_0.04_Vconc_7.2_run_0.csv,1200.0,0.005,0,7.2,0.04,7.2,0,9.25,0.325673,0.00355778,0.00012684,0.325673,0.0,0.0390872,10000.0
1200_dose_0.005_gradient_0_VconcST_0.04_Vconc_7.2_run_0.csv,1200.0,0.005,0,7.2,0.04,7.2,0,9.5,0.340861,0.00348726,0.000132755,0.340861,0.0,0.0408376,816.277
1200_dose_0.005_gradient_0_VconcST_0.04_Vconc_7.2_run_0.csv,1200.0,0.005,0,7.2,0.04,7.2,0,9.75,0.355665,0.00341815,0.00013852,0.355665,0.0,0.0425378,10000.0
1200_dose_0.005_gradient_0_VconcST_0.04_Vconc_7.2_run_0.csv,1200.0,0.005,0,7.2,0.04,7.2,0,10.0,0.370483,0.00835041,0.000144292,0.370483,0.0,0.0441891,814.106
1200_dose_0.005_gradient_0_VconcST_0.04_Vconc_7.2_run_0.csv,1200.0,0.005,0,7.2,0.04,7.2,0,10.25,0.407623,0.00818492,0.000158757,0.407623,0.0,0.0484133,10000.0
1200_dose_0.005_gradient_0_VconcST_0.04_Vconc_7.2_run_0.csv,1200.0,0.005,0,7.2,0.04,7.2,0,10.5,0.443858,0.0080227,0.000172869,0.443858,0.0,0.0524988,809.471
1200_dose_0.005_gradient_0_VconcST_0.04_Vconc_7.2_run_0.csv,1200.0,0.005,0,7.2,0.04,7.2,0,10.75,0.479207,0.0078637,0.000186636,0.479207,0.0,0.0564508,10000.0
1200_dose_0.005_gradient_0_VconcST_0.04_Vconc_7.2_run_0.csv,1200.0,0.005,0,7.2,0.04,7.2,0,11.0,0.513688,0.00770785,0.000200066,0.513688,0.0,0.060274,799.335
1200_dose_0.005_gradient_0_VconcST_0.04_Vconc_7.2_run_0.csv,1200.0,0.005,0,7.2,0.04,7.2,0,11.25,0.547319,0.00755509,0.000213164,0.547319,0.0,0.0639733,10000.0
1200_dose_0.005_gradient_0_VconcST_0.04_Vconc_7.2_run_0.csv,1200.0,0.005,0,7.2,0.04,7.2,0,11.5,0.580117,0.00740536,0.000225937,0.580117,0.0,0.0675531,806.272
1200_dose_0.005_gradient_0_VconcST_0.04_Vconc_7.2_run_0.csv,1200.0,0.005,0,7.2,0.04,7.2,0,11.75,0.612099,0.00725859,0.000238394,0.612099,0.0,0.0710175,10000.0
1200_dose_0.005_gradient_0_VconcST_0.04_Vconc_7.2_run_0.csv,1200.0,0.005,0,7.2,0.04,7.2,0,12.0,0.643283,0.00711473,0.000250539,0.643283,0.0,0.0743708,791.922
1200_dose_0.005_gradient_0_VconcST_0.04_Vconc_7.2_run_0.csv,1200.0,0.005,0,7.2,0.04,7.2,0,12.25,0.673684,0.00697373,0.000262379,0.673684,0.0,0.0776167,10000.0
1200_dose_0.005_gradient_0_VconcST_0.04_Vconc_7.2_run_0.csv,1200.0,0.005,0,7.2,0.04,7.2,0,12.5,0.703319,0.00683552,0.000273921,0.703319,0.0,0.080759,792.132
1200_dose_0.005_gradient_0_VconcST_0.04_Vconc_7.2_run_0.csv,1200.0,0.005,0,7.2,0.04,7.2,0,12.75,0.732205,0.00670004,0.000285171,0.732205,0.0,0.0838012,10000.0
1200_dose_0.005_gradient_0_VconcST_0.04_Vconc_7.2_run_0.csv,1200.0,0.005,0,7.2,0.04,7.2,0,13.0,0.760355,0.00656726,0.000296135,0.760355,0.0,0.0867467,788.723
1200_dose_0.005_gradient_0_VconcST_0.04_Vconc_7.2_run_0.csv,1200.0,0.005,0,7.2,0.04,7.2,0,13.25,0.787785,0.0064371,0.000306818,0.787785,0.0,0.0895987,10000.0
1200_dose_0.005_gradient_0_VconcST_0.04_Vconc_7.2_run_0.csv,1200.0,0.005,0,7.2,0.04,7.2,0,13.5,0.814511,0.00630953,0.000317227,0.814511,0.0,0.0923604,779.318
1200_dose_0.005_gradient_0_VconcST_0.04_Vconc_7.2_run_0.csv,1200.0,0.005,0,7.2,0.04,7.2,0,13.75,0.840546,0.00618448,0.000327367,0.840546,0.0,0.0950347,10000.0
1200_dose_0.005_gradient_0_VconcST_0.04_Vconc_7.2_run_0.csv,1200.0,0.005,0,7.2,0.04,7.2,0,14.0,0.865906,0.00606191,0.000337244,0.865906,0.0,0.0976245,780.634
1200_dose_0.005_gradient_0_VconcST_0.04_Vconc_7.2_run_0.csv,1200.0,0.005,0,7.2,0.04,7.2,0,14.25,0.890603,0.00594177,0.000346862,0.890603,0.0,0.100132,10000.0
1200_dose_0.005_gradient_0_VconcST_0.04_Vconc_7.2_run_0.csv,1200.0,0.005,0,7.2,0.04,7.2,0,14.5,0.914653,0.00582401,0.000356229,0.914653,0.0,0.102561,771.275
1200_dose_0.005_gradient_0_VconcST_0.04_Vconc_7.2_run_0.csv,1200.0,0.005,0,7.2,0.04,7.2,0,14.75,0.938067,0.00570859,0.000365348,0.938067,0.0,0.104913,10000.0
1200_dose_0.005_gradient_0_VconcST_0.04_Vconc_7.2_run_0.csv,1200.0,0.005,0,7.2,0.04,7.2,0,15.0,0.961249,0.0105954,0.000374377,0.961249,0.0,0.107191,766.632
1200_dose_0.005_gradient_0_VconcST_0.04_Vconc_7.2_run_0.csv,1200.0,0.005,0,7.2,0.04,7.2,0,15.25,1.00651,0.0103855,0.000392005,1.00651,0.0,0.11168,10000.0
1200_dose_0.005_gradient_0_VconcST_0.04_Vconc_7.2_run_0.csv,1200.0,0.005,0,7.2,0.04,7.2,0,15.5,1.05063,0.0101796,0.000409189,1.05063,0.0,0.116013,756.076
1200_dose_0.005_gradient_0_VconcST_0.04_Vconc_7.2_run_0.csv,1200.0,0.005,0,7.2,0.04,7.2,0,15.75,1.09364,0.00997788,0.000425938,1.09364,0.0,0.120196,10000.0
1200_dose_0.005_gradient_0_VconcST_0.04_Vconc_7.2_run_0.csv,1200.0,0.005,0,7.2,0.04,7.2,0,16.0,1.13555,0.00978013,0.00044226,1.13555,0.0,0.124234,755.561
1200_dose_0.005_gradient_0_VconcST_0.04_Vconc_7.2_run_0.csv,1200.0,0.005,0,7.2,0.04,7.2,0,16.25,1.17639,0.0095863,0.000458166,1.17639,0.0,0.128133,10000.0
1200_dose_0.005_gradient_0_VconcST_0.04_Vconc_7.2_run_0.csv,1200.0,0.005,0,7.2,0.04,7.2,0,16.5,1.21617,0.00939631,0.000473662,1.21617,0.0,0.131899,753.679
1200_dose_0.005_gradient_0_VconcST_0.04_Vconc_7.2_run_0.csv,1200.0,0.005,0,7.2,0.04,7.2,0,16.75,1.25493,0.00921009,0.000488758,1.25493,0.0,0.135537,10000.0
1200_dose_0.005_gradient_0_VconcST_0.04_Vconc_7.2_run_0.csv,1200.0,0.005,0,7.2,0.04,7.2,0,17.0,1.29269,0.00902755,0.000503462,1.29269,0.0,0.139051,755.655
1200_dose_0.005_gradient_0_VconcST_0.04_Vconc_7.2_run_0.csv,1200.0,0.005,0,7.2,0.04,7.2,0,17.25,1.32946,0.00884864,0.000517782,1.32946,0.0,0.142445,10000.0
1200_dose_0.005_gradient_0_VconcST_0.04_Vconc_7.2_run_0.csv,1200.0,0.005,0,7.2,0.04,7.2,0,17.5,1.36526,0.00867327,0.000531726,1.36526,0.0,0.145725,737.438
1200_dose_0.005_gradient_0_VconcST_0.04_Vconc_7.2_run_0.csv,1200.0,0.005,0,7.2,0.04,7.2,0,17.75,1.40012,0.00850138,0.000545303,1.40012,0.0,0.148895,10000.0
1200_dose_0.005_gradient_0_VconcST_0.04_Vconc_7.2_run_0.csv,1200.0,0.005,0,7.2,0.04,7.2,0,18.0,1.43405,0.00833287,0.000558518,1.43405,0.0,0.151958,724.554
1200_dose_0.005_gradient_0_VconcST_0.04_Vconc_7.2_run_0.csv,1200.0,0.005,0,7.2,0.04,7.2,0,18.25,1.46708,0.00816772,0.000571381,1.46708,0.0,0.154918,10000.0
1200_dose_0.005_gradient_0_VconcST_0.04_Vconc_7.2_run_0.csv,1200.0,0.005,0,7.2,0.04,7.2,0,18.5,1.49921,0.00800584,0.000583898,1.49921,0.0,0.157778,726.503
1200_dose_0.005_gradient_0_VconcST_0.04_Vconc_7.2_run_0.csv,1200.0,0.005,0,7.2,0.04,7.2,0,18.75,1.53048,0.00784718,0.000596076,1.53048,0.0,0.160543,10000.0
1200_dose_0.005_gradient_0_VconcST_0.04_Vconc_7.2_run_0.csv,1200.0,0.005,0,7.2,0.04,7.2,0,19.0,1.5609,0.00769166,0.000607923,1.5609,0.0,0.163215,716.026
1200_dose_0.005_gradient_0_VconcST_0.04_Vconc_7.2_run_0.csv,1200.0,0.005,0,7.2,0.04,7.2,0,19.25,1.59049,0.00753922,0.000619446,1.59049,0.0,0.165798,10000.0
1200_dose_0.005_gradient_0_VconcST_0.04_Vconc_7.2_run_0.csv,1200.0,0.005,0,7.2,0.04,7.2,0,19.5,1.61926,0.0073898,0.00063065,1.61926,0.0,0.168294,711.787
1200_dose_0.005_gradient_0_VconcST_0.04_Vconc_7.2_run_0.csv,1200.0,0.005,0,7.2,0.04,7.2,0,19.75,1.64723,0.00724334,0.000641544,1.64723,0.0,0.170707,10000.0
1200_dose_0.005_gradient_0_VconcST_0.04_Vconc_7.2_run_0.csv,1200.0,0.005,0,7.2,0.04,7.2,0,20.0,1.6748,0.0120998,0.000652285,1.6748,0.0,0.173038,715.591
1200_dose_0.005_gradient_0_VconcST_0.04_Vconc_7.2_run_0.csv,1200.0,0.005,0,7.2,0.04,7.2,0,20.25,1.72431,0.01186,0.000671563,1.72431,0.0,0.17725,10000.0
1200_dose_0.005_gradient_0_VconcST_0.04_Vconc_7.2_run_0.csv,1200.0,0.005,0,7.2,0.04,7.2,0,20.5,1.77251,0.0116249,0.000690338,1.77251,0.0,0.181311,695.367
1200_dose_0.005_gradient_0_VconcST_0.04_Vconc_7.2_run_0.csv,1200.0,0.005,0,7.2,0.04,7.2,0,20.75,1.81945,0.0113945,0.000708618,1.81945,0.0,0.185226,10000.0
1200_dose_0.005_gradient_0_VconcST_0.04_Vconc_7.2_run_0.csv,1200.0,0.005,0,7.2,0.04,7.2,0,21.0,1.86514,0.0111687,0.000726416,1.86514,0.0,0.189002,688.448
1200_dose_0.005_gradient_0_VconcST_0.04_Vconc_7.2_run_0.csv,1200.0,0.005,0,7.2,0.04,7.2,0,21.25,1.90963,0.0109474,0.00074374,1.90963,0.0,0.192644,10000.0
1200_dose_0.005_gradient_0_VconcST_0.04_Vconc_7.2_run_0.csv,1200.0,0.005,0,7.2,0.04,7.2,0,21.5,1.95292,0.0107304,0.0007606,1.95292,0.0,0.196158,689.025
1200_dose_0.005_gradient_0_VconcST_0.04_Vconc_7.2_run_0.csv,1200.0,0.005,0,7.2,0.04,7.2,0,21.75,1.99504,0.0105177,0.000777007,1.99504,0.0,0.199548,10000.0
1200_dose_0.005_gradient_0_VconcST_0.04_Vconc_7.2_run_0.csv,1200.0,0.005,0,7.2,0.04,7.2,0,22.0,2.03602,0.0103093,0.000792968,2.03602,0.0,0.202818,694.007
1200_dose_0.005_gradient_0_VconcST_0.04_Vconc_7.2_run_0.csv,1200.0,0.005,0,7.2,0.04,7.2,0,22.25,2.07589,0.010105,0.000808495,2.07589,0.0,0.205974,10000.0
1200_dose_0.005_gradient_0_VconcST_0.04_Vconc_7.2_run_0.csv,1200.0,0.005,0,7.2,0.04,7.2,0,22.5,2.11466,0.0099047,0.000823595,2.11466,0.0,0.209019,692.593
1200_dose_0.005_gradient_0_VconcST_0.04_Vconc_7.2_run_0.csv,1200.0,0.005,0,7.2,0.04,7.2,0,22.75,2.15236,0.0097084,0.000838278,2.15236,0.0,0.211958,10000.0
1200_dose_0.005_gradient_0_VconcST_0.04_Vconc_7.2_run_0.csv,1200.0,0.005,0,7.2,0.04,7.2,0,23.0,2.18901,0.00951599,0.000852553,2.18901,0.0,0.214794,666.458
1200_dose_0.005_gradient_0_VconcST_0.04_Vconc_7.2_run_0.csv,1200.0,0.005,0,7.2,0.04,7.2,0,23.25,2.22464,0.00932739,0.000866428,2.22464,0.0,0.217532,10000.0
1200_dose_0.005_gradient_0_VconcST_0.04_Vconc_7.2_run_0.csv,1200.0,0.005,0,7.2,0.04,7.2,0,23.5,2.25926,0.00914254,0.000879911,2.25926,0.0,0.220173,686.882
1200_dose_0.005_gradient_0_VconcST_0.04_Vconc_7.2_run_0.csv,1200.0,0.005,0,7.2,0.04,7.2,0,23.75,2.29289,0.00896134,0.00089301,2.29289,0.0,0.222723,10000.0
1200_dose_0.005_gradient_0_VconcST_0.04_Vconc_7.2_run_0.csv,1200.0,0.005,0,7.2,0.04,7.2,0,24.0,2.32556,0.00878374,0.000905734,2.32556,0.0,0.225183,674.643
1200_dose_0.005_gradient_0_VconcST_0.04_Vconc_7.2_run_0.csv,1200.0,0.005,0,7.2,0.04,7.2,0,24.25,2.35729,0.00860965,0.000918091,2.35729,0.0,0.227558,10000.0
1200_dose_0.005_gradient_0_VconcST_0.04_Vconc_7.2_run_0.csv,1200.0,0.005,0,7.2,0.04,7.2,0,24.5,2.38809,0.00843902,0.000930087,2.38809,0.0,0.22985,667.263
1200_dose_0.005_gradient_0_VconcST_0.04_Vconc_7.2_run_0.csv,1200.0,0.005,0,7.2,0.04,7.2,0,24.75,2.41799,0.00827174,0.000941732,2.41799,0.0,0.232061,10000.0
1200_dose_0.005_gradient_0_VconcST_0.04_Vconc_7.2_run_0.csv,1200.0,0.005,0,7.2,0.04,7.2,0,25.0,2.44739,0.0131078,0.000953183,2.44739,0.0,0.234195,664.366
1200_dose_0.005_gradient_0_VconcST_0.04_Vconc_7.2_run_0.csv,1200.0,0.005,0,7.2,0.04,7.2,0,25.25,2.49861,0.012848,0.000973133,2.49861,0.0,0.237934,10000.0
1200_dose_0.005_gradient_0_VconcST_0.04_Vconc_7.2_run_0.csv,1200.0,0.005,0,7.2,0.04,7.2,0,25.5,2.54844,0.0125934,0.00099254,2.54844,0.0,0.241535,662.142
1200_dose_0.005_gradient_0_VconcST_0.04_Vconc_7.2_run_0.csv,1200.0,0.005,0,7.2,0.04,7.2,0,25.75,2.59691,0.0123438,0.00101142,2.59691,0.0,0.245006,10000.0
1200_dose_0.005_gradient_0_VconcST_0.04_Vconc_7.2_run_0.csv,1200.0,0.005,0,7.2,0.04,7.2,0,26.0,2.64404,0.0120992,0.00102977,2.64404,0.0,0.248351,648.105
1200_dose_0.005_gradient_0_VconcST_0.04_Vconc_7.2_run_0.csv,1200.0,0.005,0,7.2,0.04,7.2,0,26.25,2.68986,0.0118594,0.00104762,2.68986,0.0,0.251575,10000.0
1200_dose_0.005_gradient_0_VconcST_0.04_Vconc_7.2_run_0.csv,1200.0,0.005,0,7.2,0.04,7.2,0,26.5,2.7344,0.0116243,0.00106497,2.7344,0.0,0.254682,638.836
1200_dose_0.005_gradient_0_VconcST_0.04_Vconc_7.2_run_0.csv,1200.0,0.005,0,7.2,0.04,7.2,0,26.75,2.77769,0.011394,0.00108183,2.77769,0.0,0.257677,10000.0
1200_dose_0.005_gradient_0_VconcST_0.04_Vconc_7.2_run_0.csv,1200.0,0.005,0,7.2,0.04,7.2,0,27.0,2.81975,0.0111681,0.00109821,2.81975,0.0,0.260564,634.043
1200_dose_0.005_gradient_0_VconcST_0.04_Vconc_7.2_run_0.csv,1200.0,0.005,0,7.2,0.04,7.2,0,27.25,2.86061,0.0109468,0.00111412,2.86061,0.0,0.263348,10000.0
1200_dose_0.005_gradient_0_VconcST_0.04_Vconc_7.2_run_0.csv,1200.0,0.005,0,7.2,0.04,7.2,0,27.5,2.90029,0.0107298,0.00112957,2.90029,0.0,0.266031,639.564
1200_dose_0.005_gradient_0_VconcST_0.04_Vconc_7.2_run_0.csv,1200.0,0.005,0,7.2,0.04,7.2,0,27.75,2.93882,0.0105172,0.00114458,2.93882,0.0,0.268618,10000.0
1200_dose_0.005_gradient_0_VconcST_0.04_Vconc_7.2_run_0.csv,1200.0,0.005,0,7.2,0.04,7.2,0,28.0,2.97623,0.0103088,0.00115915,2.97623,0.0,0.271111,627.594
1200_dose_0.005_gradient_0_VconcST_0.04_Vconc_7.2_run_0.csv,1200.0,0.005,0,7.2,0.04,7.2,0,28.25,3.01252,0.0101044,0.00117328,3.01252,0.0,0.273515,10000.0
1200_dose_0.005_gradient_0_VconcST_0.04_Vconc_7.2_run_0.csv,1200.0,0.005,0,7.2,0.04,7.2,0,28.5,3.04774,0.00990419,0.001187,3.04774,0.0,0.275832,630.408
1200_dose_0.005_gradient_0_VconcST_0.04_Vconc_7.2_run_0.csv,1200.0,0.005,0,7.2,0.04,7.2,0,28.75,3.0819,0.0097079,0.00120031,3.0819,0.0,0.278066,10000.0
1200_dose_0.005_gradient_0_VconcST_0.04_Vconc_7.2_run_0.csv,1200.0,0.005,0,7.2,0.04,7.2,0,29.0,3.11503,0.0095155,0.00121321,3.11503,0.0,0.280218,609.367
1200_dose_0.005_gradient_0_VconcST_0.04_Vconc_7.2_run_0.csv,1200.0,0.005,0,7.2,0.04,7.2,0,29.25,3.14714,0.00932691,0.00122571,3.14714,0.0,0.282293,10000.0
1200_dose_0.005_gradient_0_VconcST_0.04_Vconc_7.2_run_0.csv,1200.0,0.005,0,7.2,0.04,7.2,0,29.5,3.17825,0.00914207,0.00123783,3.17825,0.0,0.284292,616.329
1200_dose_0.005_gradient_0_VconcST_0.04_Vconc_7.2_run_0.csv,1200.0,0.005,0,7.2,0.04,7.2,0,29.75,3.2084,0.00896088,0.00124957,3.2084,0.0,0.286218,10000.0
1200_dose_0.005_gradient_0_VconcST_0.04_Vconc_7.2_run_0.csv,1200.0,0.005,0,7.2,0.04,7.2,0,30.0,3.23799,0.0137833,0.0012611,3.23799,0.0,0.288074,604.372
1200_dose_0.005_gradient_0_VconcST_0.04_Vconc_7.2_run_0.csv,1200.0,0.005,0,7.2,0.04,7.2,0,30.25,3.28933,0.0135101,0.00128109,3.28933,0.0,0.291313,10000.0
1200_dose_0.005_gradient_0_VconcST_0.04_Vconc_7.2_run_0.csv,1200.0,0.005,0,7.2,0.04,7.2,0,30.5,3.33922,0.0132424,0.00130052,3.33922,0.0,0.294433,608.97
1200_dose_0.005_gradient_0_VconcST_0.04_Vconc_7.2_run_0.csv,1200.0,0.005,0,7.2,0.04,7.2,0,30.75,3.38768,0.0129799,0.0013194,3.38768,0.0,0.297437,10000.0
1200_dose_0.005_gradient_0_VconcST_0.04_Vconc_7.2_run_0.csv,1200.0,0.005,0,7.2,0.04,7.2,0,31.0,3.43475,0.0127227,0.00133773,3.43475,0.0,0.300331,583.699
1200_dose_0.005_gradient_0_VconcST_0.04_Vconc_7.2_run_0.csv,1200.0,0.005,0,7.2,0.04,7.2,0,31.25,3.48045,0.0124705,0.00135553,3.48045,0.0,0.303118,10000.0
1200_dose_0.005_gradient_0_VconcST_0.04_Vconc_7.2_run_0.csv,1200.0,0.005,0,7.2,0.04,7.2,0,31.5,3.52482,0.0122234,0.00137281,3.52482,0.0,0.305802,595.154
1200_dose_0.005_gradient_0_VconcST_0.04_Vconc_7.2_run_0.csv,1200.0,0.005,0,7.2,0.04,7.2,0,31.75,3.56787,0.0119811,0.00138958,3.56787,0.0,0.308387,10000.0
1200_dose_0.005_gradient_0_VconcST_0.04_Vconc_7.2_run_0.csv,1200.0,0.005,0,7.2,0.04,7.2,0,32.0,3.60965,0.0117437,0.00140585,3.60965,0.0,0.310877,592.851
1200_dose_0.005_gradient_0_VconcST_0.04_Vconc_7.2_run_0.csv,1200.0,0.005,0,7.2,0.04,7.2,0,32.25,3.65017,0.0115109,0.00142163,3.65017,0.0,0.313276,10000.0
1200_dose_0.005_gradient_0_VconcST_0.04_Vconc_7.2_run_0.csv,1200.0,0.005,0,7.2,0.04,7.2,0,32.5,3.68947,0.0112828,0.00143693,3.68947,0.0,0.315585,567.865
1200_dose_0.005_gradient_0_VconcST_0.04_Vconc_7.2_run_0.csv,1200.0,0.005,0,7.2,0.04,7.2,0,32.75,3.72756,0.0110592,0.00145177,3.72756,0.0,0.31781,10000.0
1200_dose_0.005_gradient_0_VconcST_0.04_Vconc_7.2_run_0.csv,1200.0,0.005,0,7.2,0.04,7.2,0,33.0,3.76447,0.01084,0.00146614,3.76447,0.0,0.319951,603.773
1200_dose_0.005_gradient_0_VconcST_0.04_Vconc_7.2_run_0.csv,1200.0,0.005,0,7.2,0.04,7.2,0,33.25,3.80023,0.0106251,0.00148007,3.80023,0.0,0.322013,10000.0
1200_dose_0.005_gradient_0_VconcST_0.04_Vconc_7.2_run_0.csv,1200.0,0.005,0,7.2,0.04,7.2,0,33.5,3.83487,0.0104146,0.00149356,3.83487,0.0,0.323999,568.402
1200_dose_0.005_gradient_0_VconcST_0.04_Vconc_7.2_run_0.csv,1200.0,0.005,0,7.2,0.04,7.2,0,33.75,3.8684,0.0102082,0.00150662,3.8684,0.0,0.32591,10000.0
1200_dose_0.005_gradient_0_VconcST_0.04_Vconc_7.2_run_0.csv,1200.0,0.005,0,7.2,0.04,7.2,0,34.0,3.90085,0.0100059,0.00151926,3.90085,0.0,0.327749,579.797
1200_dose_0.005_gradient_0_VconcST_0.04_Vconc_7.2_run_0.csv,1200.0,0.005,0,7.2,0.04,7.2,0,34.25,3.93224,0.00980755,0.00153149,3.93224,0.0,0.329519,10000.0
1200_dose_0.005_gradient_0_VconcST_0.04_Vconc_7.2_run_0.csv,1200.0,0.005,0,7.2,0.04,7.2,0,34.5,3.9626,0.00961317,0.00154331,3.9626,0.0,0.331221,576.027
1200_dose_0.005_gradient_0_VconcST_0.04_Vconc_7.2_run_0.csv,1200.0,0.005,0,7.2,0.04,7.2,0,34.75,3.99195,0.00942265,0.00155474,3.99195,0.0,0.332859,10000.0
1200_dose_0.005_gradient_0_VconcST_0.04_Vconc_7.2_run_0.csv,1200.0,0.005,0,7.2,0.04,7.2,0,35.0,4.02069,0.0142359,0.00156594,4.02069,0.0,0.334434,569.808
1200_dose_0.005_gradient_0_VconcST_0.04_Vconc_7.2_run_0.csv,1200.0,0.005,0,7.2,0.04,7.2,0,35.25,4.07116,0.0139538,0.00158559,4.07116,0.0,0.337218,10000.0
1200_dose_0.005_gradient_0_VconcST_0.04_Vconc_7.2_run_0.csv,1200.0,0.005,0,7.2,0.04,7.2,0,35.5,4.12013,0.0136772,0.00160466,4.12013,0.0,0.339897,546.343
1200_dose_0.005_gradient_0_VconcST_0.04_Vconc_7.2_run_0.csv,1200.0,0.005,0,7.2,0.04,7.2,0,35.75,4.16764,0.0134062,0.00162317,4.16764,0.0,0.342476,10000.0
1200_dose_0.005_gradient_0_VconcST_0.04_Vconc_7.2_run_0.csv,1200.0,0.005,0,7.2,0.04,7.2,0,36.0,4.21372,0.0131405,0.00164111,4.21372,0.0,0.344958,546.852
1200_dose_0.005_gradient_0_VconcST_0.04_Vconc_7.2_run_0.csv,1200.0,0.005,0,7.2,0.04,7.2,0,36.25,4.2584,0.01288,0.00165851,4.2584,0.0,0.347347,10000.0
1200_dose_0.005_gradient_0_VconcST_0.04_Vconc_7.2_run_0.csv,1200.0,0.005,0,7.2,0.04,7.2,0,36.5,4.3017,0.0126248,0.00167538,4.3017,0.0,0.349646,564.467
1200_dose_0.005_gradient_0_VconcST_0.04_Vconc_7.2_run_0.csv,1200.0,0.005,0,7.2,0.04,7.2,0,36.75,4.34366,0.0123746,0.00169172,4.34366,0.0,0.351858,10000.0
1200_dose_0.005_gradient_0_VconcST_0.04_Vconc_7.2_run_0.csv,1200.0,0.005,0,7.2,0.04,7.2,0,37.0,4.38431,0.0121293,0.00170755,4.38431,0.0,0.353987,538.078
1200_dose_0.005_gradient_0_VconcST_0.04_Vconc_7.2_run_0.csv,1200.0,0.005,0,7.2,0.04,7.2,0,37.25,4.42368,0.0118889,0.00172288,4.42368,0.0,0.356035,10000.0
1200_dose_0.005_gradient_0_VconcST_0.04_Vconc_7.2_run_0.csv,1200.0,0.005,0,7.2,0.04,7.2,0,37.5,4.46178,0.0116533,0.00173773,4.46178,0.0,0.358005,558.38
1200_dose_0.005_gradient_0_VconcST_0.04_Vconc_7.2_run_0.csv,1200.0,0.005,0,7.2,0.04,7.2,0,37.75,4.49865,0.0114223,0.00175208,4.49865,0.0,0.3599,10000.0
1200_dose_0.005_gradient_0_VconcST_0.04_Vconc_7.2_run_0.csv,1200.0,0.005,0,7.2,0.04,7.2,0,38.0,4.53431,0.011196,0.00176597,4.53431,0.0,0.361722,554.569
1200_dose_0.005_gradient_0_VconcST_0.04_Vconc_7.2_run_0.csv,1200.0,0.005,0,7.2,0.04,7.2,0,38.25,4.5688,0.0109741,0.00177941,4.5688,0.0,0.363475,10000.0
1200_dose_0.005_gradient_0_VconcST_0.04_Vconc_7.2_run_0.csv,1200.0,0.005,0,7.2,0.04,7.2,0,38.5,4.60213,0.0107566,0.00179239,4.60213,0.0,0.365159,539.314
1200_dose_0.005_gradient_0_VconcST_0.04_Vconc_7.2_run_0.csv,1200.0,0.005,0,7.2,0.04,7.2,0,38.75,4.63433,0.0105434,0.00180493,4.63433,0.0,0.366778,10000.0
1200_dose_0.005_gradient_0_VconcST_0.04_Vconc_7.2_run_0.csv,1200.0,0.005,0,7.2,0.04,7.2,0,39.0,4.66543,0.0103344,0.00181704,4.66543,0.0,0.368334,539.693
1200_dose_0.005_gradient_0_VconcST_0.04_Vconc_7.2_run_0.csv,1200.0,0.005,0,7.2,0.04,7.2,0,39.25,4.69544,0.0101296,0.00182873,4.69544,0.0,0.369828,10000.0
1200_dose_0.005_gradient_0_VconcST_0.04_Vconc_7.2_run_0.csv,1200.0,0.005,0,7.2,0.04,7.2,0,39.5,4.72439,0.00992886,0.00184,4.72439,0.0,0.371263,547.327
1200_dose_0.005_gradient_0_VconcST_0.04_Vconc_7.2_run_0.csv,1200.0,0.005,0,7.2,0.04,7.2,0,39.75,4.75231,0.00973209,0.00185088,4.75231,0.0,0.37264,10000.0
1200_dose_0.005_gradient_0_VconcST_0.04_Vconc_7.2_run_0.csv,1200.0,0.005,0,7.2,0.04,7.2,0,40.0,4.7796,0.0145392,0.0018615,4.7796,0.0,0.373962,532.759
1200_dose_0.005_gradient_0_VconcST_0.04_Vconc_7.2_run_0.csv,1200.0,0.005,0,7.2,0.04,7.2,0,40.25,4.82858,0.0142511,0.00188058,4.82858,0.0,0.376354,10000.0
1200_dose_0.005_gradient_0_VconcST_0.04_Vconc_7.2_run_0.csv,1200.0,0.005,0,7.2,0.04,7.2,0,40.5,4.87606,0.0139686,0.00189907,4.87606,0.0,0.378654,509.592
1200_dose_0.005_gradient_0_VconcST_0.04_Vconc_7.2_run_0.csv,1200.0,0.005,0,7.2,0.04,7.2,0,40.75,4.92204,0.0136918,0.00191698,4.92204,0.0,0.380867,10000.0
1200_dose_0.005_gradient_0_VconcST_0.04_Vconc_7.2_run_0.csv,1200.0,0.005,0,7.2,0.04,7.2,0,41.0,4.96658,0.0134204,0.00193433,4.96658,0.0,0.382995,531.371
1200_dose_0.005_gradient_0_VconcST_0.04_Vconc_7.2_run_0.csv,1200.0,0.005,0,7.2,0.04,7.2,0,41.25,5.00969,0.0131544,0.00195112,5.00969,0.0,0.38504,10000.0
1200_dose_0.005_gradient_0_VconcST_0.04_Vconc_7.2_run_0.csv,1200.0,0.005,0,7.2,0.04,7.2,0,41.5,5.05142,0.0128937,0.00196737,5.05142,0.0,0.387008,524.183
1200_dose_0.005_gradient_0_VconcST_0.04_Vconc_7.2_run_0.csv,1200.0,0.005,0,7.2,0.04,7.2,0,41.75,5.09178,0.0126382,0.00198309,5.09178,0.0,0.388899,10000.0
1200_dose_0.005_gradient_0_VconcST_0.04_Vconc_7.2_run_0.csv,1200.0,0.005,0,7.2,0.04,7.2,0,42.0,5.13081,0.0123877,0.00199829,5.13081,0.0,0.390716,521.47
1200_dose_0.005_gradient_0_VconcST_0.04_Vconc_7.2_run_0.csv,1200.0,0.005,0,7.2,0.04,7.2,0,42.25,5.16853,0.0121422,0.00201298,5.16853,0.0,0.392463,10000.0
1200_dose_0.005_gradient_0_VconcST_0.04_Vconc_7.2_run_0.csv,1200.0,0.005,0,7.2,0.04,7.2,0,42.5,5.20498,0.0119016,0.00202718,5.20498,0.0,0.394141,521.99
1200_dose_0.005_gradient_0_VconcST_0.04_Vconc_7.2_run_0.csv,1200.0,0.005,0,7.2,0.04,7.2,0,42.75,5.24018,0.0116657,0.00204089,5.24018,0.0,0.395752,10000.0
1200_dose_0.005_gradient_0_VconcST_0.04_Vconc_7.2_run_0.csv,1200.0,0.005,0,7.2,0.04,7.2,0,43.0,5.27416,0.0114345,0.00205412,5.27416,0.0,0.3973,502.735
1200_dose_0.005_gradient_0_VconcST_0.04_Vconc_7.2_run_0.csv,1200.0,0.005,0,7.2,0.04,7.2,0,43.25,5.30694,0.0112079,0.00206689,5.30694,0.0,0.398786,10000.0
1200_dose_0.005_gradient_0_VconcST_0.04_Vconc_7.2_run_0.csv,1200.0,0.005,0,7.2,0.04,7.2,0,43.5,5.33855,0.0109857,0.0020792,5.33855,0.0,0.400211,496.204
1200_dose_0.005_gradient_0_VconcST_0.04_Vconc_7.2_run_0.csv,1200.0,0.005,0,7.2,0.04,7.2,0,43.75,5.36901,0.010768,0.00209106,5.36901,0.0,0.401579,10000.0
1200_dose_0.005_gradient_0_VconcST_0.04_Vconc_7.2_run_0.csv,1200.0,0.005,0,7.2,0.04,7.2,0,44.0,5.39836,0.0105546,0.00210249,5.39836,0.0,0.402891,488.336
1200_dose_0.005_gradient_0_VconcST_0.04_Vconc_7.2_run_0.csv,1200.0,0.005,0,7.2,0.04,7.2,0,44.25,5.42661,0.0103454,0.0021135,5.42661,0.0,0.404148,10000.0
1200_dose_0.005_gradient_0_VconcST_0.04_Vconc_7.2_run_0.csv,1200.0,0.005,0,7.2,0.04,7.2,0,44.5,5.45378,0.0101404,0.00212408,5.45378,0.0,0.405352,498.678
1200_dose_0.005_gradient_0_VconcST_0.04_Vconc_7.2_run_0.csv,1200.0,0.005,0,7.2,0.04,7.2,0,44.75,5.47991,0.00993942,0.00213426,5.47991,0.0,0.406505,10000.0
1200_dose_0.005_gradient_0_VconcST_0.04_Vconc_7.2_run_0.csv,1200.0,0.005,0,7.2,0.04,7.2,0,45.0,5.5054,0.0147424,0.00214418,5.5054,0.0,0.407609,503.365
1200_dose_0.005_gradient_0_VconcST_0.04_Vconc_7.2_run_0.csv,1200.0,0.005,0,7.2,0.04,7.2,0,45.25,5.55257,0.0144503,0.00216255,5.55257,0.0,0.409672,10000.0
1200_dose_0.005_gradient_0_VconcST_0.04_Vconc_7.2_run_0.csv,1200.0,0.005,0,7.2,0.04,7.2,0,45.5,5.59822,0.0141639,0.00218033,5.59822,0.0,0.411655,493.296
1200_dose_0.005_gradient_0_VconcST_0.04_Vconc_7.2_run_0.csv,1200.0,0.005,0,7.2,0.04,7.2,0,45.75,5.64237,0.0138832,0.00219753,5.64237,0.0,0.413561,10000.0
1200_dose_0.005_gradient_0_VconcST_0.04_Vconc_7.2_run_0.csv,1200.0,0.005,0,7.2,0.04,7.2,0,46.0,5.68506,0.013608,0.00221415,5.68506,0.0,0.415391,509.645
1200_dose_0.005_gradient_0_VconcST_0.04_Vconc_7.2_run_0.csv,1200.0,0.005,0,7.2,0.04,7.2,0,46.25,5.72631,0.0133383,0.00223022,5.72631,0.0,0.417149,10000.0
1200_dose_0.005_gradient_0_VconcST_0.04_Vconc_7.2_run_0.csv,1200.0,0.005,0,7.2,0.04,7.2,0,46.5,5.76617,0.013074,0.00224574,5.76617,0.0,0.418838,466.569
1200_dose_0.005_gradient_0_VconcST_0.04_Vconc_7.2_run_0.csv,1200.0,0.005,0,7.2,0.04,7.2,0,46.75,5.80465,0.0128148,0.00226073,5.80465,0.0,0.420459,10000.0
1200_dose_0.005_gradient_0_VconcST_0.04_Vconc_7.2_run_0.csv,1200.0,0.005,0,7.2,0.04,7.2,0,47.0,5.84179,0.0125609,0.0022752,5.84179,0.0,0.422015,480.385
1200_dose_0.005_gradient_0_VconcST_0.04_Vconc_7.2_run_0.csv,1200.0,0.005,0,7.2,0.04,7.2,0,47.25,5.87762,0.0123119,0.00228915,5.87762,0.0,0.423508,10000.0
1200_dose_0.005_gradient_0_VconcST_0.04_Vconc_7.2_run_0.csv,1200.0,0.005,0,7.2,0.04,7.2,0,47.5,5.91216,0.0120679,0.0023026,5.91216,0.0,0.42494,468.202
1200_dose_0.005_gradient_0_VconcST_0.04_Vconc_7.2_run_0.csv,1200.0,0.005,0,7.2,0.04,7.2,0,47.75,5.94545,0.0118287,0.00231557,5.94545,0.0,0.426314,10000.0
1200_dose_0.005_gradient_0_VconcST_0.04_Vconc_7.2_run_0.csv,1200.0,0.005,0,7.2,0.04,7.2,0,48.0,5.97751,0.0115943,0.00232805,5.97751,0.0,0.42763,452.698
1200_dose_0.005_gradient_0_VconcST_0.04_Vconc_7.2_run_0.csv,1200.0,0.005,0,7.2,0.04,7.2,0,48.25,6.00836,0.0113645,0.00234007,6.00836,0.0,0.428892,10000.0
1200_dose_0.005_gradient_0_VconcST_0.04_Vconc_7.2_run_0.csv,1200.0,0.005,0,7.2,0.04,7.2,0,48.5,6.03804,0.0111393,0.00235163,6.03804,0.0,0.4301,463.367
1200_dose_0.005_gradient_0_VconcST_0.04_Vconc_7.2_run_0.csv,1200.0,0.005,0,7.2,0.04,7.2,0,48.75,6.06656,0.0109185,0.00236274,6.06656,0.0,0.431257,10000.0
1200_dose_0.005_gradient_0_VconcST_0.04_Vconc_7.2_run_0.csv,1200.0,0.005,0,7.2,0.04,7.2,0,49.0,6.09396,0.0107021,0.00237341,6.09396,0.0,0.432363,467.753
1200_dose_0.005_gradient_0_VconcST_0.04_Vconc_7.2_run_0.csv,1200.0,0.005,0,7.2,0.04,7.2,0,49.25,6.12025,0.01049,0.00238365,6.12025,0.0,0.43342,10000.0
1200_dose_0.005_gradient_0_VconcST_0.04_Vconc_7.2_run_0.csv,1200.0,0.005,0,7.2,0.04,7.2,0,49.5,6.14546,0.0102821,0.00239347,6.14546,0.0,0.434431,458.453
1200_dose_0.005_gradient_0_VconcST_0.04_Vconc_7.2_run_0.csv,1200.0,0.005,0,7.2,0.04,7.2,0,49.75,6.16962,0.0100784,0.00240288,6.16962,0.0,0.435396,10000.0
1200_dose_0.005_gradient_0_VconcST_0.04_Vconc_7.2_run_0.csv,1200.0,0.005,0,7.2,0.04,7.2,0,50.0,6.19313,0.0148786,0.00241203,6.19313,0.0,0.436317,454.085
1200_dose_0.005_gradient_0_VconcST_0.04_Vconc_7.2_run_0.csv,1200.0,0.005,0,7.2,0.04,7.2,0,50.25,6.23833,0.0145837,0.00242964,6.23833,0.0,0.438107,10000.0
1200_dose_0.005_gradient_0_VconcST_0.04_Vconc_7.2_run_0.csv,1200.0,0.005,0,7.2,0.04,7.2,0,50.5,6.28199,0.0142947,0.00244664,6.28199,0.0,0.439826,457.273
1200_dose_0.005_gradient_0_VconcST_0.04_Vconc_7.2_run_0.csv,1200.0,0.005,0,7.2,0.04,7.2,0,50.75,6.32415,0.0140114,0.00246306,6.32415,0.0,0.441476,10000.0
1200_dose_0.005_gradient_0_VconcST_0.04_Vconc_7.2_run_0.csv,1200.0,0.005,0,7.2,0.04,7.2,0,51.0,6.36485,0.0137337,0.00247891,6.36485,0.0,0.443059,459.232
1200_dose_0.005_gradient_0_VconcST_0.04_Vconc_7.2_run_0.csv,1200.0,0.005,0,7.2,0.04,7.2,0,51.25,6.40411,0.0134615,0.0024942,6.40411,0.0,0.444578,10000.0
1200_dose_0.005_gradient_0_VconcST_0.04_Vconc_7.2_run_0.csv,1200.0,0.005,0,7.2,0.04,7.2,0,51.5,6.44196,0.0131947,0.00250894,6.44196,0.0,0.446035,460.131
1200_dose_0.005_gradient_0_VconcST_0.04_Vconc_7.2_run_0.csv,1200.0,0.005,0,7.2,0.04,7.2,0,51.75,6.47844,0.0129332,0.00252315,6.47844,0.0,0.447432,10000.0
1200_dose_0.005_gradient_0_VconcST_0.04_Vconc_7.2_run_0.csv,1200.0,0.005,0,7.2,0.04,7.2,0,52.0,6.51357,0.0126769,0.00253683,6.51357,0.0,0.44877,437.375
1200_dose_0.005_gradient_0_VconcST_0.04_Vconc_7.2_run_0.csv,1200.0,0.005,0,7.2,0.04,7.2,0,52.25,6.54739,0.0124257,0.00255001,6.54739,0.0,0.450052,10000.0
1200_dose_0.005_gradient_0_VconcST_0.04_Vconc_7.2_run_0.csv,1200.0,0.005,0,7.2,0.04,7.2,0,52.5,6.57992,0.0121794,0.00256267,6.57992,0.0,0.45128,391.745
1200_dose_0.005_gradient_0_VconcST_0.04_Vconc_7.2_run_0.csv,1200.0,0.005,0,7.2,0.04,7.2,0,52.75,6.61119,0.011938,0.00257485,6.61119,0.0,0.452455,10000.0
1200_dose_0.005_gradient_0_VconcST_0.04_Vconc_7.2_run_0.csv,1200.0,0.005,0,7.2,0.04,7.2,0,53.0,6.64122,0.0117014,0.00258655,6.64122,0.0,0.453579,427.605
1200_dose_0.005_gradient_0_VconcST_0.04_Vconc_7.2_run_0.csv,1200.0,0.005,0,7.2,0.04,7.2,0,53.25,6.67005,0.0114695,0.00259778,6.67005,0.0,0.454654,10000.0
1200_dose_0.005_gradient_0_VconcST_0.04_Vconc_7.2_run_0.csv,1200.0,0.005,0,7.2,0.04,7.2,0,53.5,6.6977,0.0112422,0.00260855,6.6977,0.0,0.45568,423.038
1200_dose_0.005_gradient_0_VconcST_0.04_Vconc_7.2_run_0.csv,1200.0,0.005,0,7.2,0.04,7.2,0,53.75,6.72419,0.0110194,0.00261886,6.72419,0.0,0.456661,10000.0
1200_dose_0.005_gradient_0_VconcST_0.04_Vconc_7.2_run_0.csv,1200.0,0.005,0,7.2,0.04,7.2,0,54.0,6.74956,0.010801,0.00262874,6.74956,0.0,0.457596,443.673
1200_dose_0.005_gradient_0_VconcST_0.04_Vconc_7.2_run_0.csv,1200.0,0.005,0,7.2,0.04,7.2,0,54.25,6.77382,0.0105869,0.00263819,6.77382,0.0,0.458487,10000.0
1200_dose_0.005_gradient_0_VconcST_0.04_Vconc_7.2_run_0.csv,1200.0,0.005,0,7.2,0.04,7.2,0,54.5,6.797,0.0103771,0.00264722,6.797,0.0,0.459336,454.697
1200_dose_0.005_gradient_0_VconcST_0.04_Vconc_7.2_run_0.csv,1200.0,0.005,0,7.2,0.04,7.2,0,54.75,6.81913,0.0101715,0.00265584,6.81913,0.0,0.460144,10000.0
1200_dose_0.005_gradient_0_VconcST_0.04_Vconc_7.2_run_0.csv,1200.0,0.005,0,7.2,0.04,7.2,0,55.0,6.84061,0.0149699,0.00266421,6.84061,0.0,0.460912,430.078
1200_dose_0.005_gradient_0_VconcST_0.04_Vconc_7.2_run_0.csv,1200.0,0.005,0,7.2,0.04,7.2,0,55.25,6.88377,0.0146732,0.00268102,6.88377,0.0,0.462476,10000.0
1200_dose_0.005_gradient_0_VconcST_0.04_Vconc_7.2_run_0.csv,1200.0,0.005,0,7.2,0.04,7.2,0,55.5,6.9254,0.0143824,0.00269723,6.9254,0.0,0.463977,422.868
1200_dose_0.005_gradient_0_VconcST_0.04_Vconc_7.2_run_0.csv,1200.0,0.005,0,7.2,0.04,7.2,0,55.75,6.96553,0.0140973,0.00271286,6.96553,0.0,0.465415,10000.0
1200_dose_0.005_gradient_0_VconcST_0.04_Vconc_7.2_run_0.csv,1200.0,0.005,0,7.2,0.04,7.2,0,56.0,7.00419,0.0138179,0.00272791,7.00419,0.0,0.466793,405.703
1200_dose_0.005_gradient_0_VconcST_0.04_Vconc_7.2_run_0.csv,1200.0,0.005,0,7.2,0.04,7.2,0,56.25,7.04141,0.0135441,0.00274241,7.04141,0.0,0.468114,9798.64
1200_dose_0.005_gradient_0_VconcST_0.04_Vconc_7.2_run_0.csv,1200.0,0.005,0,7.2,0.04,7.2,0,56.5,7.07723,0.0132757,0.00275636,7.07723,0.0,0.469378,403.142
1200_dose_0.005_gradient_0_VconcST_0.04_Vconc_7.2_run_0.csv,1200.0,0.005,0,7.2,0.04,7.2,0,56.75,7.11167,0.0130126,0.00276978,7.11167,0.0,0.470588,9923.2
1200_dose_0.005_gradient_0_VconcST_0.04_Vconc_7.2_run_0.csv,1200.0,0.005,0,7.2,0.04,7.2,0,57.0,7.14477,0.0127547,0.00278267,7.14477,0.0,0.471746,414.017
1200_dose_0.005_gradient_0_VconcST_0.04_Vconc_7.2_run_0.csv,1200.0,0.005,0,7.2,0.04,7.2,0,57.25,7.17655,0.0125019,0.00279504,7.17655,0.0,0.472853,10000.0
1200_dose_0.005_gradient_0_VconcST_0.04_Vconc_7.2_run_0.csv,1200.0,0.005,0,7.2,0.04,7.2,0,57.5,7.20705,0.0122541,0.00280692,7.20705,0.0,0.473911,389.995
1200_dose_0.005_gradient_0_VconcST_0.04_Vconc_7.2_run_0.csv,1200.0,0.005,0,7.2,0.04,7.2,0,57.75,7.23628,0.0120113,0.00281831,7.23628,0.0,0.474921,10000.0
1200_dose_0.005_gradient_0_VconcST_0.04_Vconc_7.2_run_0.csv,1200.0,0.005,0,7.2,0.04,7.2,0,58.0,7.26428,0.0117732,0.00282921,7.26428,0.0,0.475885,377.529
1200_dose_0.005_gradient_0_VconcST_0.04_Vconc_7.2_run_0.csv,1200.0,0.005,0,7.2,0.04,7.2,0,58.25,7.29109,0.0115399,0.00283965,7.29109,0.0,0.476804,9644.65
1200_dose_0.005_gradient_0_VconcST_0.04_Vconc_7.2_run_0.csv,1200.0,0.005,0,7.2,0.04,7.2,0,58.5,7.31671,0.0113112,0.00284963,7.31671,0.0,0.47768,417.193
1200_dose_0.005_gradient_0_VconcST_0.04_Vconc_7.2_run_0.csv,1200.0,0.005,0,7.2,0.04,7.2,0,58.75,7.34118,0.011087,0.00285916,7.34118,0.0,0.478514,10000.0
1200_dose_0.005_gradient_0_VconcST_0.04_Vconc_7.2_run_0.csv,1200.0,0.005,0,7.2,0.04,7.2,0,59.0,7.36452,0.0108673,0.00286825,7.36452,0.0,0.479307,423.05
1200_dose_0.005_gradient_0_VconcST_0.04_Vconc_7.2_run_0.csv,1200.0,0.005,0,7.2,0.04,7.2,0,59.25,7.38676,0.0106519,0.00287691,7.38676,0.0,0.48006,10000.0
1200_dose_0.005_gradient_0_VconcST_0.04_Vconc_7.2_run_0.csv,1200.0,0.005,0,7.2,0.04,7.2,0,59.5,7.40792,0.0104408,0.00288515,7.40792,0.0,0.480775,401.564
1200_dose_0.005_gradient_0_VconcST_0.04_Vconc_7.2_run_0.csv,1200.0,0.005,0,7.2,0.04,7.2,0,59.75,7.42802,0.0102339,0.00289298,7.42802,0.0,0.481452,10000.0
1200_dose_0.005_gradient_0_VconcST_0.04_Vconc_7.2_run_0.csv,1200.0,0.005,0,7.2,0.04,7.2,0,60.0,7.44748,0.015031,0.00290056,7.44748,0.0,0.482093,398.206
1200_dose_0.005_gradient_0_VconcST_0.04_Vconc_7.2_run_0.csv,1200.0,0.005,0,7.2,0.04,7.2,0,60.25,7.48862,0.0147331,0.00291659,7.48862,0.0,0.483469,9640.41
1200_dose_0.005_gradient_0_VconcST_0.04_Vconc_7.2_run_0.csv,1200.0,0.005,0,7.2,0.04,7.2,0,60.5,7.52823,0.0144411,0.00293201,7.52823,0.0,0.484788,385.832
1200_dose_0.005_gradient_0_VconcST_0.04_Vconc_7.2_run_0.csv,1200.0,0.005,0,7.2,0.04,7.2,0,60.75,7.56634,0.0141549,0.00294686,7.56634,0.0,0.48605,9749.26
1200_dose_0.005_gradient_0_VconcST_0.04_Vconc_7.2_run_0.csv,1200.0,0.005,0,7.2,0.04,7.2,0,61.0,7.60299,0.0138744,0.00296113,7.60299,0.0,0.487258,367.829
1200_dose_0.005_gradient_0_VconcST_0.04_Vconc_7.2_run_0.csv,1200.0,0.005,0,7.2,0.04,7.2,0,61.25,7.6382,0.0135994,0.00297484,7.6382,0.0,0.488413,10000.0
1200_dose_0.005_gradient_0_VconcST_0.04_Vconc_7.2_run_0.csv,1200.0,0.005,0,7.2,0.04,7.2,0,61.5,7.67201,0.0133299,0.00298801,7.67201,0.0,0.489518,374.157
1200_dose_0.005_gradient_0_VconcST_0.04_Vconc_7.2_run_0.csv,1200.0,0.005,0,7.2,0.04,7.2,0,61.75,7.70445,0.0130657,0.00300064,7.70445,0.0,0.490573,9938.29
1200_dose_0.005_gradient_0_VconcST_0.04_Vconc_7.2_run_0.csv,1200.0,0.005,0,7.2,0.04,7.2,0,62.0,7.73555,0.0128068,0.00301275,7.73555,0.0,0.491581,396.793
1200_dose_0.005_gradient_0_VconcST_0.04_Vconc_7.2_run_0.csv,1200.0,0.005,0,7.2,0.04,7.2,0,62.25,7.76533,0.012553,0.00302435,7.76533,0.0,0.492542,9933.77
1200_dose_0.005_gradient_0_VconcST_0.04_Vconc_4.8_run_0.csv,1200.0,0.005,0,4.8,0.04,4.8,0,0.0,0.0,0.0,0.0,0.0,0.0,0.0,0.0
1200_dose_0.005_gradient_0_VconcST_0.04_Vconc_4.8_run_0.csv,1200.0,0.005,0,4.8,0.04,4.8,0,0.25,0.0,0.0,0.0,0.0,0.0,0.0,10000.0
1200_dose_0.005_gradient_0_VconcST_0.04_Vconc_4.8_run_0.csv,1200.0,0.005,0,4.8,0.04,4.8,0,0.5,0.0,0.0,0.0,0.0,0.0,0.0,570.479
1200_dose_0.005_gradient_0_VconcST_0.04_Vconc_4.8_run_0.csv,1200.0,0.005,0,4.8,0.04,4.8,0,0.75,0.0,0.0,0.0,0.0,0.0,0.0,10000.0
1200_dose_0.005_gradient_0_VconcST_0.04_Vconc_4.8_run_0.csv,1200.0,0.005,0,4.8,0.04,4.8,0,1.0,0.0,0.0,0.0,0.0,0.0,0.0,591.238
1200_dose_0.005_gradient_0_VconcST_0.04_Vconc_4.8_run_0.csv,1200.0,0.005,0,4.8,0.04,4.8,0,1.25,0.0,0.0,0.0,0.0,0.0,0.0,10000.0
1200_dose_0.005_gradient_0_VconcST_0.04_Vconc_4.8_run_0.csv,1200.0,0.005,0,4.8,0.04,4.8,0,1.5,0.0,0.0,0.0,0.0,0.0,0.0,571.649
1200_dose_0.005_gradient_0_VconcST_0.04_Vconc_4.8_run_0.csv,1200.0,0.005,0,4.8,0.04,4.8,0,1.75,0.0,0.0,0.0,0.0,0.0,0.0,10000.0
1200_dose_0.005_gradient_0_VconcST_0.04_Vconc_4.8_run_0.csv,1200.0,0.005,0,4.8,0.04,4.8,0,2.0,0.0,0.0,0.0,0.0,0.0,0.0,574.141
1200_dose_0.005_gradient_0_VconcST_0.04_Vconc_4.8_run_0.csv,1200.0,0.005,0,4.8,0.04,4.8,0,2.25,0.0,0.0,0.0,0.0,0.0,0.0,10000.0
1200_dose_0.005_gradient_0_VconcST_0.04_Vconc_4.8_run_0.csv,1200.0,0.005,0,4.8,0.04,4.8,0,2.5,0.0,0.0,0.0,0.0,0.0,0.0,566.916
1200_dose_0.005_gradient_0_VconcST_0.04_Vconc_4.8_run_0.csv,1200.0,0.005,0,4.8,0.04,4.8,0,2.75,0.0,0.0,0.0,0.0,0.0,0.0,10000.0
1200_dose_0.005_gradient_0_VconcST_0.04_Vconc_4.8_run_0.csv,1200.0,0.005,0,4.8,0.04,4.8,0,3.0,0.0,0.0,0.0,0.0,0.0,0.0,585.942
1200_dose_0.005_gradient_0_VconcST_0.04_Vconc_4.8_run_0.csv,1200.0,0.005,0,4.8,0.04,4.8,0,3.25,0.0,0.0,0.0,0.0,0.0,0.0,10000.0
1200_dose_0.005_gradient_0_VconcST_0.04_Vconc_4.8_run_0.csv,1200.0,0.005,0,4.8,0.04,4.8,0,3.5,0.0,0.0,0.0,0.0,0.0,0.0,554.123
1200_dose_0.005_gradient_0_VconcST_0.04_Vconc_4.8_run_0.csv,1200.0,0.005,0,4.8,0.04,4.8,0,3.75,0.0,0.0,0.0,0.0,0.0,0.0,10000.0
1200_dose_0.005_gradient_0_VconcST_0.04_Vconc_4.8_run_0.csv,1200.0,0.005,0,4.8,0.04,4.8,0,4.0,0.0,0.0,0.0,0.0,0.0,0.0,564.749
1200_dose_0.005_gradient_0_VconcST_0.04_Vconc_4.8_run_0.csv,1200.0,0.005,0,4.8,0.04,4.8,0,4.25,0.0,0.0,0.0,0.0,0.0,0.0,10000.0
1200_dose_0.005_gradient_0_VconcST_0.04_Vconc_4.8_run_0.csv,1200.0,0.005,0,4.8,0.04,4.8,0,4.5,0.0,0.0,0.0,0.0,0.0,0.0,570.763
1200_dose_0.005_gradient_0_VconcST_0.04_Vconc_4.8_run_0.csv,1200.0,0.005,0,4.8,0.04,4.8,0,4.75,0.0,0.0,0.0,0.0,0.0,0.0,10000.0
1200_dose_0.005_gradient_0_VconcST_0.04_Vconc_4.8_run_0.csv,1200.0,0.005,0,4.8,0.04,4.8,0,5.0,0.000389313,0.005,1.51625e-07,0.000389313,0.0,0.0,565.241
1200_dose_0.005_gradient_0_VconcST_0.04_Vconc_4.8_run_0.csv,1200.0,0.005,0,4.8,0.04,4.8,0,5.25,0.0234672,0.00490091,9.13975e-06,0.0234672,0.0,0.00287758,10000.0
1200_dose_0.005_gradient_0_VconcST_0.04_Vconc_4.8_run_0.csv,1200.0,0.005,0,4.8,0.04,4.8,0,5.5,0.0460002,0.00480378,1.79157e-05,0.0460002,0.0,0.00567128,561.542
1200_dose_0.005_gradient_0_VconcST_0.04_Vconc_4.8_run_0.csv,1200.0,0.005,0,4.8,0.04,4.8,0,5.75,0.0679994,0.00470857,2.64837e-05,0.0679994,0.0,0.00838375,10000.0
1200_dose_0.005_gradient_0_VconcST_0.04_Vconc_4.8_run_0.csv,1200.0,0.005,0,4.8,0.04,4.8,0,6.0,0.0894757,0.00461525,3.4848e-05,0.0894757,0.0,0.0110175,562.176
1200_dose_0.005_gradient_0_VconcST_0.04_Vconc_4.8_run_0.csv,1200.0,0.005,0,4.8,0.04,4.8,0,6.25,0.11044,0.00452378,4.30129e-05,0.11044,0.0,0.013575,10000.0
1200_dose_0.005_gradient_0_VconcST_0.04_Vconc_4.8_run_0.csv,1200.0,0.005,0,4.8,0.04,4.8,0,6.5,0.130902,0.00443413,5.09824e-05,0.130902,0.0,0.0160586,554.04
1200_dose_0.005_gradient_0_VconcST_0.04_Vconc_4.8_run_0.csv,1200.0,0.005,0,4.8,0.04,4.8,0,6.75,0.150873,0.00434625,5.87605e-05,0.150873,0.0,0.0184705,10000.0
1200_dose_0.005_gradient_0_VconcST_0.04_Vconc_4.8_run_0.csv,1200.0,0.005,0,4.8,0.04,4.8,0,7.0,0.170363,0.00426011,6.63511e-05,0.170363,0.0,0.0208129,549.594
1200_dose_0.005_gradient_0_VconcST_0.04_Vconc_4.8_run_0.csv,1200.0,0.005,0,4.8,0.04,4.8,0,7.25,0.189381,0.00417568,7.37581e-05,0.189381,0.0,0.0230878,10000.0
1200_dose_0.005_gradient_0_VconcST_0.04_Vconc_4.8_run_0.csv,1200.0,0.005,0,4.8,0.04,4.8,0,7.5,0.207938,0.00409293,8.09852e-05,0.207938,0.0,0.0252974,561.755
1200_dose_0.005_gradient_0_VconcST_0.04_Vconc_4.8_run_0.csv,1200.0,0.005,0,4.8,0.04,4.8,0,7.75,0.226041,0.00401181,8.80362e-05,0.226041,0.0,0.0274435,10000.0
1200_dose_0.005_gradient_0_VconcST_0.04_Vconc_4.8_run_0.csv,1200.0,0.005,0,4.8,0.04,4.8,0,8.0,0.243703,0.0039323,9.49146e-05,0.243703,0.0,0.029528,560.921
1200_dose_0.005_gradient_0_VconcST_0.04_Vconc_4.8_run_0.csv,1200.0,0.005,0,4.8,0.04,4.8,0,8.25,0.260929,0.00385437,0.000101624,0.260929,0.0,0.0315527,10000.0
1200_dose_0.005_gradient_0_VconcST_0.04_Vconc_4.8_run_0.csv,1200.0,0.005,0,4.8,0.04,4.8,0,8.5,0.277731,0.00377798,0.000108168,0.277731,0.0,0.0335193,528.551
1200_dose_0.005_gradient_0_VconcST_0.04_Vconc_4.8_run_0.csv,1200.0,0.005,0,4.8,0.04,4.8,0,8.75,0.294117,0.0037031,0.000114549,0.294117,0.0,0.0354295,10000.0
1200_dose_0.005_gradient_0_VconcST_0.04_Vconc_4.8_run_0.csv,1200.0,0.005,0,4.8,0.04,4.8,0,9.0,0.310095,0.00362971,0.000120772,0.310095,0.0,0.037285,560.515
1200_dose_0.005_gradient_0_VconcST_0.04_Vconc_4.8_run_0.csv,1200.0,0.005,0,4.8,0.04,4.8,0,9.25,0.325673,0.00355778,0.00012684,0.325673,0.0,0.0390872,10000.0
1200_dose_0.005_gradient_0_VconcST_0.04_Vconc_4.8_run_0.csv,1200.0,0.005,0,4.8,0.04,4.8,0,9.5,0.340861,0.00348726,0.000132755,0.340861,0.0,0.0408376,536.742
1200_dose_0.005_gradient_0_VconcST_0.04_Vconc_4.8_run_0.csv,1200.0,0.005,0,4.8,0.04,4.8,0,9.75,0.355665,0.00341815,0.00013852,0.355665,0.0,0.0425378,10000.0
1200_dose_0.005_gradient_0_VconcST_0.04_Vconc_4.8_run_0.csv,1200.0,0.005,0,4.8,0.04,4.8,0,10.0,0.370483,0.00835041,0.000144292,0.370483,0.0,0.0441891,549.824
1200_dose_0.005_gradient_0_VconcST_0.04_Vconc_4.8_run_0.csv,1200.0,0.005,0,4.8,0.04,4.8,0,10.25,0.407623,0.00818492,0.000158757,0.407623,0.0,0.0484133,10000.0
1200_dose_0.005_gradient_0_VconcST_0.04_Vconc_4.8_run_0.csv,1200.0,0.005,0,4.8,0.04,4.8,0,10.5,0.443858,0.0080227,0.000172869,0.443858,0.0,0.0524988,543.272
1200_dose_0.005_gradient_0_VconcST_0.04_Vconc_4.8_run_0.csv,1200.0,0.005,0,4.8,0.04,4.8,0,10.75,0.479207,0.0078637,0.000186636,0.479207,0.0,0.0564508,10000.0
1200_dose_0.005_gradient_0_VconcST_0.04_Vconc_4.8_run_0.csv,1200.0,0.005,0,4.8,0.04,4.8,0,11.0,0.513688,0.00770785,0.000200066,0.513688,0.0,0.060274,497.794
1200_dose_0.005_gradient_0_VconcST_0.04_Vconc_4.8_run_0.csv,1200.0,0.005,0,4.8,0.04,4.8,0,11.25,0.547319,0.00755509,0.000213164,0.547319,0.0,0.0639733,10000.0
1200_dose_0.005_gradient_0_VconcST_0.04_Vconc_4.8_run_0.csv,1200.0,0.005,0,4.8,0.04,4.8,0,11.5,0.580117,0.00740536,0.000225937,0.580117,0.0,0.0675531,511.251
1200_dose_0.005_gradient_0_VconcST_0.04_Vconc_4.8_run_0.csv,1200.0,0.005,0,4.8,0.04,4.8,0,11.75,0.612099,0.00725859,0.000238394,0.612099,0.0,0.0710175,10000.0
1200_dose_0.005_gradient_0_VconcST_0.04_Vconc_4.8_run_0.csv,1200.0,0.005,0,4.8,0.04,4.8,0,12.0,0.643283,0.00711473,0.000250539,0.643283,0.0,0.0743708,520.53
1200_dose_0.005_gradient_0_VconcST_0.04_Vconc_4.8_run_0.csv,1200.0,0.005,0,4.8,0.04,4.8,0,12.25,0.673684,0.00697373,0.000262379,0.673684,0.0,0.0776167,10000.0
1200_dose_0.005_gradient_0_VconcST_0.04_Vconc_4.8_run_0.csv,1200.0,0.005,0,4.8,0.04,4.8,0,12.5,0.703319,0.00683552,0.000273921,0.703319,0.0,0.080759,534.746
1200_dose_0.005_gradient_0_VconcST_0.04_Vconc_4.8_run_0.csv,1200.0,0.005,0,4.8,0.04,4.8,0,12.75,0.732205,0.00670004,0.000285171,0.732205,0.0,0.0838012,10000.0
1200_dose_0.005_gradient_0_VconcST_0.04_Vconc_4.8_run_0.csv,1200.0,0.005,0,4.8,0.04,4.8,0,13.0,0.760355,0.00656726,0.000296135,0.760355,0.0,0.0867467,529.048
1200_dose_0.005_gradient_0_VconcST_0.04_Vconc_4.8_run_0.csv,1200.0,0.005,0,4.8,0.04,4.8,0,13.25,0.787785,0.0064371,0.000306818,0.787785,0.0,0.0895987,10000.0
1200_dose_0.005_gradient_0_VconcST_0.04_Vconc_4.8_run_0.csv,1200.0,0.005,0,4.8,0.04,4.8,0,13.5,0.814511,0.00630953,0.000317227,0.814511,0.0,0.0923604,518.672
1200_dose_0.005_gradient_0_VconcST_0.04_Vconc_4.8_run_0.csv,1200.0,0.005,0,4.8,0.04,4.8,0,13.75,0.840546,0.00618448,0.000327367,0.840546,0.0,0.0950347,10000.0
1200_dose_0.005_gradient_0_VconcST_0.04_Vconc_4.8_run_0.csv,1200.0,0.005,0,4.8,0.04,4.8,0,14.0,0.865906,0.00606191,0.000337244,0.865906,0.0,0.0976245,513.162
1200_dose_0.005_gradient_0_VconcST_0.04_Vconc_4.8_run_0.csv,1200.0,0.005,0,4.8,0.04,4.8,0,14.25,0.890603,0.00594177,0.000346862,0.890603,0.0,0.100132,10000.0
1200_dose_0.005_gradient_0_VconcST_0.04_Vconc_4.8_run_0.csv,1200.0,0.005,0,4.8,0.04,4.8,0,14.5,0.914653,0.00582401,0.000356229,0.914653,0.0,0.102561,516.801
1200_dose_0.005_gradient_0_VconcST_0.04_Vconc_4.8_run_0.csv,1200.0,0.005,0,4.8,0.04,4.8,0,14.75,0.938067,0.00570859,0.000365348,0.938067,0.0,0.104913,10000.0
1200_dose_0.005_gradient_0_VconcST_0.04_Vconc_4.8_run_0.csv,1200.0,0.005,0,4.8,0.04,4.8,0,15.0,0.961249,0.0105954,0.000374377,0.961249,0.0,0.107191,506.275
1200_dose_0.005_gradient_0_VconcST_0.04_Vconc_4.8_run_0.csv,1200.0,0.005,0,4.8,0.04,4.8,0,15.25,1.00651,0.0103855,0.000392005,1.00651,0.0,0.11168,10000.0
1200_dose_0.005_gradient_0_VconcST_0.04_Vconc_4.8_run_0.csv,1200.0,0.005,0,4.8,0.04,4.8,0,15.5,1.05063,0.0101796,0.000409189,1.05063,0.0,0.116013,506.355
1200_dose_0.005_gradient_0_VconcST_0.04_Vconc_4.8_run_0.csv,1200.0,0.005,0,4.8,0.04,4.8,0,15.75,1.09364,0.00997788,0.000425938,1.09364,0.0,0.120196,10000.0
1200_dose_0.005_gradient_0_VconcST_0.04_Vconc_4.8_run_0.csv,1200.0,0.005,0,4.8,0.04,4.8,0,16.0,1.13555,0.00978013,0.00044226,1.13555,0.0,0.124234,458.263
1200_dose_0.005_gradient_0_VconcST_0.04_Vconc_4.8_run_0.csv,1200.0,0.005,0,4.8,0.04,4.8,0,16.25,1.17639,0.0095863,0.000458166,1.17639,0.0,0.128133,10000.0
1200_dose_0.005_gradient_0_VconcST_0.04_Vconc_4.8_run_0.csv,1200.0,0.005,0,4.8,0.04,4.8,0,16.5,1.21617,0.00939631,0.000473662,1.21617,0.0,0.131899,500.064
1200_dose_0.005_gradient_0_VconcST_0.04_Vconc_4.8_run_0.csv,1200.0,0.005,0,4.8,0.04,4.8,0,16.75,1.25493,0.00921009,0.000488758,1.25493,0.0,0.135537,10000.0
1200_dose_0.005_gradient_0_VconcST_0.04_Vconc_4.8_run_0.csv,1200.0,0.005,0,4.8,0.04,4.8,0,17.0,1.29269,0.00902755,0.000503462,1.29269,0.0,0.139051,446.982
1200_dose_0.005_gradient_0_VconcST_0.04_Vconc_4.8_run_0.csv,1200.0,0.005,0,4.8,0.04,4.8,0,17.25,1.32946,0.00884864,0.000517782,1.32946,0.0,0.142445,10000.0
1200_dose_0.005_gradient_0_VconcST_0.04_Vconc_4.8_run_0.csv,1200.0,0.005,0,4.8,0.04,4.8,0,17.5,1.36526,0.00867327,0.000531726,1.36526,0.0,0.145725,482.773
1200_dose_0.005_gradient_0_VconcST_0.04_Vconc_4.8_run_0.csv,1200.0,0.005,0,4.8,0.04,4.8,0,17.75,1.40012,0.00850138,0.000545303,1.40012,0.0,0.148895,10000.0
1200_dose_0.005_gradient_0_VconcST_0.04_Vconc_4.8_run_0.csv,1200.0,0.005,0,4.8,0.04,4.8,0,18.0,1.43405,0.00833287,0.000558518,1.43405,0.0,0.151958,465.063
1200_dose_0.005_gradient_0_VconcST_0.04_Vconc_4.8_run_0.csv,1200.0,0.005,0,4.8,0.04,4.8,0,18.25,1.46708,0.00816772,0.000571381,1.46708,0.0,0.154918,9934.7
1200_dose_0.005_gradient_0_VconcST_0.04_Vconc_4.8_run_0.csv,1200.0,0.005,0,4.8,0.04,4.8,0,18.5,1.49921,0.00800584,0.000583898,1.49921,0.0,0.157778,479.256
1200_dose_0.005_gradient_0_VconcST_0.04_Vconc_4.8_run_0.csv,1200.0,0.005,0,4.8,0.04,4.8,0,18.75,1.53048,0.00784718,0.000596076,1.53048,0.0,0.160543,10000.0
1200_dose_0.005_gradient_0_VconcST_0.04_Vconc_4.8_run_0.csv,1200.0,0.005,0,4.8,0.04,4.8,0,19.0,1.5609,0.00769166,0.000607923,1.5609,0.0,0.163215,450.983
1200_dose_0.005_gradient_0_VconcST_0.04_Vconc_4.8_run_0.csv,1200.0,0.005,0,4.8,0.04,4.8,0,19.25,1.59049,0.00753922,0.000619446,1.59049,0.0,0.165798,10000.0
1200_dose_0.005_gradient_0_VconcST_0.04_Vconc_4.8_run_0.csv,1200.0,0.005,0,4.8,0.04,4.8,0,19.5,1.61926,0.0073898,0.00063065,1.61926,0.0,0.168294,442.491
1200_dose_0.005_gradient_0_VconcST_0.04_Vconc_4.8_run_0.csv,1200.0,0.005,0,4.8,0.04,4.8,0,19.75,1.64723,0.00724334,0.000641544,1.64723,0.0,0.170707,9948.48
1200_dose_0.005_gradient_0_VconcST_0.04_Vconc_4.8_run_0.csv,1200.0,0.005,0,4.8,0.04,4.8,0,20.0,1.6748,0.0120998,0.000652285,1.6748,0.0,0.173038,436.463
1200_dose_0.005_gradient_0_VconcST_0.04_Vconc_4.8_run_0.csv,1200.0,0.005,0,4.8,0.04,4.8,0,20.25,1.72431,0.01186,0.000671563,1.72431,0.0,0.17725,10000.0
1200_dose_0.005_gradient_0_VconcST_0.04_Vconc_4.8_run_0.csv,1200.0,0.005,0,4.8,0.04,4.8,0,20.5,1.77251,0.0116249,0.000690338,1.77251,0.0,0.181311,440.999
1200_dose_0.005_gradient_0_VconcST_0.04_Vconc_4.8_run_0.csv,1200.0,0.005,0,4.8,0.04,4.8,0,20.75,1.81945,0.0113945,0.000708618,1.81945,0.0,0.185226,10000.0
1200_dose_0.005_gradient_0_VconcST_0.04_Vconc_4.8_run_0.csv,1200.0,0.005,0,4.8,0.04,4.8,0,21.0,1.86514,0.0111687,0.000726416,1.86514,0.0,0.189002,435.439
1200_dose_0.005_gradient_0_VconcST_0.04_Vconc_4.8_run_0.csv,1200.0,0.005,0,4.8,0.04,4.8,0,21.25,1.90963,0.0109474,0.00074374,1.90963,0.0,0.192644,10000.0
1200_dose_0.005_gradient_0_VconcST_0.04_Vconc_4.8_run_0.csv,1200.0,0.005,0,4.8,0.04,4.8,0,21.5,1.95292,0.0107304,0.0007606,1.95292,0.0,0.196158,422.149
1200_dose_0.005_gradient_0_VconcST_0.04_Vconc_4.8_run_0.csv,1200.0,0.005,0,4.8,0.04,4.8,0,21.75,1.99504,0.0105177,0.000777007,1.99504,0.0,0.199548,9685.95
1200_dose_0.005_gradient_0_VconcST_0.04_Vconc_4.8_run_0.csv,1200.0,0.005,0,4.8,0.04,4.8,0,22.0,2.03602,0.0103093,0.000792968,2.03602,0.0,0.202818,398.879
1200_dose_0.005_gradient_0_VconcST_0.04_Vconc_4.8_run_0.csv,1200.0,0.005,0,4.8,0.04,4.8,0,22.25,2.07589,0.010105,0.000808495,2.07589,0.0,0.205974,9715.33
1200_dose_0.005_gradient_0_VconcST_0.04_Vconc_4.8_run_0.csv,1200.0,0.005,0,4.8,0.04,4.8,0,22.5,2.11466,0.0099047,0.000823595,2.11466,0.0,0.209019,370.031
1200_dose_0.005_gradient_0_VconcST_0.04_Vconc_4.8_run_0.csv,1200.0,0.005,0,4.8,0.04,4.8,0,22.75,2.15236,0.0097084,0.000838278,2.15236,0.0,0.211958,10000.0
1200_dose_0.005_gradient_0_VconcST_0.04_Vconc_4.8_run_0.csv,1200.0,0.005,0,4.8,0.04,4.8,0,23.0,2.18901,0.00951599,0.000852553,2.18901,0.0,0.214794,402.679
1200_dose_0.005_gradient_0_VconcST_0.04_Vconc_4.8_run_0.csv,1200.0,0.005,0,4.8,0.04,4.8,0,23.25,2.22464,0.00932739,0.000866428,2.22464,0.0,0.217532,9868.9
1200_dose_0.005_gradient_0_VconcST_0.04_Vconc_4.8_run_0.csv,1200.0,0.005,0,4.8,0.04,4.8,0,23.5,2.25926,0.00914254,0.000879911,2.25926,0.0,0.220173,389.641
1200_dose_0.005_gradient_0_VconcST_0.04_Vconc_4.8_run_0.csv,1200.0,0.005,0,4.8,0.04,4.8,0,23.75,2.29289,0.00896134,0.00089301,2.29289,0.0,0.222723,9790.51
1200_dose_0.005_gradient_0_VconcST_0.04_Vconc_4.8_run_0.csv,1200.0,0.005,0,4.8,0.04,4.8,0,24.0,2.32556,0.00878374,0.000905734,2.32556,0.0,0.225183,372.012
1200_dose_0.005_gradient_0_VconcST_0.04_Vconc_4.8_run_0.csv,1200.0,0.005,0,4.8,0.04,4.8,0,24.25,2.35729,0.00860965,0.000918091,2.35729,0.0,0.227558,9982.62
1200_dose_0.005_gradient_0_VconcST_0.04_Vconc_4.8_run_0.csv,1200.0,0.005,0,4.8,0.04,4.8,0,24.5,2.38809,0.00843902,0.000930087,2.38809,0.0,0.22985,378.195
1200_dose_0.005_gradient_0_VconcST_0.04_Vconc_4.8_run_0.csv,1200.0,0.005,0,4.8,0.04,4.8,0,24.75,2.41799,0.00827174,0.000941732,2.41799,0.0,0.232061,9679.57
1200_dose_0.005_gradient_0_VconcST_0.04_Vconc_4.8_run_0.csv,1200.0,0.005,0,4.8,0.04,4.8,0,25.0,2.44739,0.0131078,0.000953183,2.44739,0.0,0.234195,393.987
1200_dose_0.005_gradient_0_VconcST_0.04_Vconc_4.8_run_0.csv,1200.0,0.005,0,4.8,0.04,4.8,0,25.25,2.49861,0.012848,0.000973133,2.49861,0.0,0.237934,10000.0
1200_dose_0.005_gradient_0_VconcST_0.04_Vconc_4.8_run_0.csv,1200.0,0.005,0,4.8,0.04,4.8,0,25.5,2.54844,0.0125934,0.00099254,2.54844,0.0,0.241535,387.955
1200_dose_0.005_gradient_0_VconcST_0.04_Vconc_4.8_run_0.csv,1200.0,0.005,0,4.8,0.04,4.8,0,25.75,2.59691,0.0123438,0.00101142,2.59691,0.0,0.245006,9590.45
1200_dose_0.005_gradient_0_VconcST_0.04_Vconc_4.8_run_0.csv,1200.0,0.005,0,4.8,0.04,4.8,0,26.0,2.64404,0.0120992,0.00102977,2.64404,0.0,0.248351,358.193
1200_dose_0.005_gradient_0_VconcST_0.04_Vconc_4.8_run_0.csv,1200.0,0.005,0,4.8,0.04,4.8,0,26.25,2.68986,0.0118594,0.00104762,2.68986,0.0,0.251575,9932.9
1200_dose_0.005_gradient_0_VconcST_0.04_Vconc_4.8_run_0.csv,1200.0,0.005,0,4.8,0.04,4.8,0,26.5,2.7344,0.0116243,0.00106497,2.7344,0.0,0.254682,365.203
1200_dose_0.005_gradient_0_VconcST_0.04_Vconc_4.8_run_0.csv,1200.0,0.005,0,4.8,0.04,4.8,0,26.75,2.77769,0.011394,0.00108183,2.77769,0.0,0.257677,9623.58
1200_dose_0.005_gradient_0_VconcST_0.04_Vconc_4.8_run_0.csv,1200.0,0.005,0,4.8,0.04,4.8,0,27.0,2.81975,0.0111681,0.00109821,2.81975,0.0,0.260564,351.523
1200_dose_0.005_gradient_0_VconcST_0.04_Vconc_4.8_run_0.csv,1200.0,0.005,0,4.8,0.04,4.8,0,27.25,2.86061,0.0109468,0.00111412,2.86061,0.0,0.263348,9604.81
1200_dose_0.005_gradient_0_VconcST_0.04_Vconc_4.8_run_0.csv,1200.0,0.005,0,4.8,0.04,4.8,0,27.5,2.90029,0.0107298,0.00112957,2.90029,0.0,0.266031,362.546
1200_dose_0.005_gradient_0_VconcST_0.04_Vconc_4.8_run_0.csv,1200.0,0.005,0,4.8,0.04,4.8,0,27.75,2.93882,0.0105172,0.00114458,2.93882,0.0,0.268618,9555.5
1200_dose_0.005_gradient_0_VconcST_0.04_Vconc_4.8_run_0.csv,1200.0,0.005,0,4.8,0.04,4.8,0,28.0,2.97623,0.0103088,0.00115915,2.97623,0.0,0.271111,356.35
1200_dose_0.005_gradient_0_VconcST_0.04_Vconc_4.8_run_0.csv,1200.0,0.005,0,4.8,0.04,4.8,0,28.25,3.01252,0.0101044,0.00117328,3.01252,0.0,0.273515,9506.7
1200_dose_0.005_gradient_0_VconcST_0.04_Vconc_4.8_run_0.csv,1200.0,0.005,0,4.8,0.04,4.8,0,28.5,3.04774,0.00990419,0.001187,3.04774,0.0,0.275832,334.881
1200_dose_0.005_gradient_0_VconcST_0.04_Vconc_4.8_run_0.csv,1200.0,0.005,0,4.8,0.04,4.8,0,28.75,3.0819,0.0097079,0.00120031,3.0819,0.0,0.278066,9754.24
1200_dose_0.005_gradient_0_VconcST_0.04_Vconc_4.8_run_0.csv,1200.0,0.005,0,4.8,0.04,4.8,0,29.0,3.11503,0.0095155,0.00121321,3.11503,0.0,0.280218,345.546
1200_dose_0.005_gradient_0_VconcST_0.04_Vconc_4.8_run_0.csv,1200.0,0.005,0,4.8,0.04,4.8,0,29.25,3.14714,0.00932691,0.00122571,3.14714,0.0,0.282293,8929.69
1200_dose_0.005_gradient_0_VconcST_0.04_Vconc_4.8_run_0.csv,1200.0,0.005,0,4.8,0.04,4.8,0,29.5,3.17825,0.00914207,0.00123783,3.17825,0.0,0.284292,321.376
1200_dose_0.005_gradient_0_VconcST_0.04_Vconc_4.8_run_0.csv,1200.0,0.005,0,4.8,0.04,4.8,0,29.75,3.2084,0.00896088,0.00124957,3.2084,0.0,0.286218,9297.2
1200_dose_0.005_gradient_0_VconcST_0.04_Vconc_4.8_run_0.csv,1200.0,0.005,0,4.8,0.04,4.8,0,30.0,3.23799,0.0137833,0.0012611,3.23799,0.0,0.288074,323.382
1200_dose_0.005_gradient_0_VconcST_0.04_Vconc_4.8_run_0.csv,1200.0,0.005,0,4.8,0.04,4.8,0,30.25,3.28933,0.0135101,0.00128109,3.28933,0.0,0.291313,9351.11
1200_dose_0.005_gradient_0_VconcST_0.04_Vconc_4.8_run_0.csv,1200.0,0.005,0,4.8,0.04,4.8,0,30.5,3.33922,0.0132424,0.00130052,3.33922,0.0,0.294433,338.687
1200_dose_0.005_gradient_0_VconcST_0.04_Vconc_4.8_run_0.csv,1200.0,0.005,0,4.8,0.04,4.8,0,30.75,3.38768,0.0129799,0.0013194,3.38768,0.0,0.297437,9456.53
1200_dose_0.005_gradient_0_VconcST_0.04_Vconc_4.8_run_0.csv,1200.0,0.005,0,4.8,0.04,4.8,0,31.0,3.43475,0.0127227,0.00133773,3.43475,0.0,0.300331,338.679
1200_dose_0.005_gradient_0_VconcST_0.04_Vconc_4.8_run_0.csv,1200.0,0.005,0,4.8,0.04,4.8,0,31.25,3.48045,0.0124705,0.00135553,3.48045,0.0,0.303118,8514.74
1200_dose_0.005_gradient_0_VconcST_0.04_Vconc_4.8_run_0.csv,1200.0,0.005,0,4.8,0.04,4.8,0,31.5,3.52482,0.0122234,0.00137281,3.52482,0.0,0.305802,320.311
1200_dose_0.005_gradient_0_VconcST_0.04_Vconc_4.8_run_0.csv,1200.0,0.005,0,4.8,0.04,4.8,0,31.75,3.56787,0.0119811,0.00138958,3.56787,0.0,0.308387,8667.54
1200_dose_0.005_gradient_0_VconcST_0.04_Vconc_4.8_run_0.csv,1200.0,0.005,0,4.8,0.04,4.8,0,32.0,3.60965,0.0117437,0.00140585,3.60965,0.0,0.310877,318.265
1200_dose_0.005_gradient_0_VconcST_0.04_Vconc_4.8_run_0.csv,1200.0,0.005,0,4.8,0.04,4.8,0,32.25,3.65017,0.0115109,0.00142163,3.65017,0.0,0.313276,9266.69
1200_dose_0.005_gradient_0_VconcST_0.04_Vconc_4.8_run_0.csv,1200.0,0.005,0,4.8,0.04,4.8,0,32.5,3.68947,0.0112828,0.00143693,3.68947,0.0,0.315585,311.42
1200_dose_0.005_gradient_0_VconcST_0.04_Vconc_4.8_run_0.csv,1200.0,0.005,0,4.8,0.04,4.8,0,32.75,3.72756,0.0110592,0.00145177,3.72756,0.0,0.31781,8702.13
1200_dose_0.005_gradient_0_VconcST_0.04_Vconc_4.8_run_0.csv,1200.0,0.005,0,4.8,0.04,4.8,0,33.0,3.76447,0.01084,0.00146614,3.76447,0.0,0.319951,303.055
1200_dose_0.005_gradient_0_VconcST_0.04_Vconc_4.8_run_0.csv,1200.0,0.005,0,4.8,0.04,4.8,0,33.25,3.80023,0.0106251,0.00148007,3.80023,0.0,0.322013,8475.77
1200_dose_0.005_gradient_0_VconcST_0.04_Vconc_4.8_run_0.csv,1200.0,0.005,0,4.8,0.04,4.8,0,33.5,3.83487,0.0104146,0.00149356,3.83487,0.0,0.323999,308.431
1200_dose_0.005_gradient_0_VconcST_0.04_Vconc_4.8_run_0.csv,1200.0,0.005,0,4.8,0.04,4.8,0,33.75,3.8684,0.0102082,0.00150662,3.8684,0.0,0.32591,9120.45
1200_dose_0.005_gradient_0_VconcST_0.04_Vconc_4.8_run_0.csv,1200.0,0.005,0,4.8,0.04,4.8,0,34.0,3.90085,0.0100059,0.00151926,3.90085,0.0,0.327749,297.894
1200_dose_0.005_gradient_0_VconcST_0.04_Vconc_4.8_run_0.csv,1200.0,0.005,0,4.8,0.04,4.8,0,34.25,3.93224,0.00980755,0.00153149,3.93224,0.0,0.329519,8256.5
1200_dose_0.005_gradient_0_VconcST_0.04_Vconc_4.8_run_0.csv,1200.0,0.005,0,4.8,0.04,4.8,0,34.5,3.9626,0.00961317,0.00154331,3.9626,0.0,0.331221,291.731
1200_dose_0.005_gradient_0_VconcST_0.04_Vconc_4.8_run_0.csv,1200.0,0.005,0,4.8,0.04,4.8,0,34.75,3.99195,0.00942265,0.00155474,3.99195,0.0,0.332859,8528.63
1200_dose_0.005_gradient_0_VconcST_0.04_Vconc_4.8_run_0.csv,1200.0,0.005,0,4.8,0.04,4.8,0,35.0,4.02069,0.0142359,0.00156594,4.02069,0.0,0.334434,307.193
1200_dose_0.005_gradient_0_VconcST_0.04_Vconc_4.8_run_0.csv,1200.0,0.005,0,4.8,0.04,4.8,0,35.25,4.07116,0.0139538,0.00158559,4.07116,0.0,0.337218,8841.22
1200_dose_0.005_gradient_0_VconcST_0.04_Vconc_4.8_run_0.csv,1200.0,0.005,0,4.8,0.04,4.8,0,35.5,4.12013,0.0136772,0.00160466,4.12013,0.0,0.339897,271.518
1200_dose_0.005_gradient_0_VconcST_0.04_Vconc_4.8_run_0.csv,1200.0,0.005,0,4.8,0.04,4.8,0,35.75,4.16764,0.0134062,0.00162317,4.16764,0.0,0.342476,8331.59
1200_dose_0.005_gradient_0_VconcST_0.04_Vconc_4.8_run_0.csv,1200.0,0.005,0,4.8,0.04,4.8,0,36.0,4.21372,0.0131405,0.00164111,4.21372,0.0,0.344958,287.352
1200_dose_0.005_gradient_0_VconcST_0.04_Vconc_4.8_run_0.csv,1200.0,0.005,0,4.8,0.04,4.8,0,36.25,4.2584,0.01288,0.00165851,4.2584,0.0,0.347347,8445.04
1200_dose_0.005_gradient_0_VconcST_0.04_Vconc_4.8_run_0.csv,1200.0,0.005,0,4.8,0.04,4.8,0,36.5,4.3017,0.0126248,0.00167538,4.3017,0.0,0.349646,260.446
1200_dose_0.005_gradient_0_VconcST_0.04_Vconc_4.8_run_0.csv,1200.0,0.005,0,4.8,0.04,4.8,0,36.75,4.34366,0.0123746,0.00169172,4.34366,0.0,0.351858,8018.73
1200_dose_0.005_gradient_0_VconcST_0.04_Vconc_4.8_run_0.csv,1200.0,0.005,0,4.8,0.04,4.8,0,37.0,4.38431,0.0121293,0.00170755,4.38431,0.0,0.353987,279.581
1200_dose_0.005_gradient_0_VconcST_0.04_Vconc_4.8_run_0.csv,1200.0,0.005,0,4.8,0.04,4.8,0,37.25,4.42368,0.0118889,0.00172288,4.42368,0.0,0.356035,7904.29
1200_dose_0.005_gradient_0_VconcST_0.04_Vconc_4.8_run_0.csv,1200.0,0.005,0,4.8,0.04,4.8,0,37.5,4.46178,0.0116533,0.00173773,4.46178,0.0,0.358005,288.687
1200_dose_0.005_gradient_0_VconcST_0.04_Vconc_4.8_run_0.csv,1200.0,0.005,0,4.8,0.04,4.8,0,37.75,4.49865,0.0114223,0.00175208,4.49865,0.0,0.3599,8104.96
1200_dose_0.005_gradient_0_VconcST_0.04_Vconc_4.8_run_0.csv,1200.0,0.005,0,4.8,0.04,4.8,0,38.0,4.53431,0.011196,0.00176597,4.53431,0.0,0.361722,273.651
1200_dose_0.005_gradient_0_VconcST_0.04_Vconc_4.8_run_0.csv,1200.0,0.005,0,4.8,0.04,4.8,0,38.25,4.5688,0.0109741,0.00177941,4.5688,0.0,0.363475,8239.98
1200_dose_0.005_gradient_0_VconcST_0.04_Vconc_4.8_run_0.csv,1200.0,0.005,0,4.8,0.04,4.8,0,38.5,4.60213,0.0107566,0.00179239,4.60213,0.0,0.365159,273.487
1200_dose_0.005_gradient_0_VconcST_0.04_Vconc_4.8_run_0.csv,1200.0,0.005,0,4.8,0.04,4.8,0,38.75,4.63433,0.0105434,0.00180493,4.63433,0.0,0.366778,8009.92
1200_dose_0.005_gradient_0_VconcST_0.04_Vconc_4.8_run_0.csv,1200.0,0.005,0,4.8,0.04,4.8,0,39.0,4.66543,0.0103344,0.00181704,4.66543,0.0,0.368334,271.059
1200_dose_0.005_gradient_0_VconcST_0.04_Vconc_4.8_run_0.csv,1200.0,0.005,0,4.8,0.04,4.8,0,39.25,4.69544,0.0101296,0.00182873,4.69544,0.0,0.369828,7751.06
1200_dose_0.005_gradient_0_VconcST_0.04_Vconc_4.8_run_0.csv,1200.0,0.005,0,4.8,0.04,4.8,0,39.5,4.72439,0.00992886,0.00184,4.72439,0.0,0.371263,268.007
1200_dose_0.005_gradient_0_VconcST_0.04_Vconc_4.8_run_0.csv,1200.0,0.005,0,4.8,0.04,4.8,0,39.75,4.75231,0.00973209,0.00185088,4.75231,0.0,0.37264,8182.14
1200_dose_0.005_gradient_0_VconcST_0.04_Vconc_4.8_run_0.csv,1200.0,0.005,0,4.8,0.04,4.8,0,40.0,4.7796,0.0145392,0.0018615,4.7796,0.0,0.373962,260.142
1200_dose_0.005_gradient_0_VconcST_0.04_Vconc_4.8_run_0.csv,1200.0,0.005,0,4.8,0.04,4.8,0,40.25,4.82858,0.0142511,0.00188058,4.82858,0.0,0.376354,7688.99
1200_dose_0.005_gradient_0_VconcST_0.04_Vconc_4.8_run_0.csv,1200.0,0.005,0,4.8,0.04,4.8,0,40.5,4.87606,0.0139686,0.00189907,4.87606,0.0,0.378654,263.269
1200_dose_0.005_gradient_0_VconcST_0.04_Vconc_4.8_run_0.csv,1200.0,0.005,0,4.8,0.04,4.8,0,40.75,4.92204,0.0136918,0.00191698,4.92204,0.0,0.380867,7736.67
1200_dose_0.005_gradient_0_VconcST_0.04_Vconc_4.8_run_0.csv,1200.0,0.005,0,4.8,0.04,4.8,0,41.0,4.96658,0.0134204,0.00193433,4.96658,0.0,0.382995,266.042
1200_dose_0.005_gradient_0_VconcST_0.04_Vconc_4.8_run_0.csv,1200.0,0.005,0,4.8,0.04,4.8,0,41.25,5.00969,0.0131544,0.00195112,5.00969,0.0,0.38504,7495.6
1200_dose_0.005_gradient_0_VconcST_0.04_Vconc_4.8_run_0.csv,1200.0,0.005,0,4.8,0.04,4.8,0,41.5,5.05142,0.0128937,0.00196737,5.05142,0.0,0.387008,262.606
1200_dose_0.005_gradient_0_VconcST_0.04_Vconc_4.8_run_0.csv,1200.0,0.005,0,4.8,0.04,4.8,0,41.75,5.09178,0.0126382,0.00198309,5.09178,0.0,0.388899,7563.72
1200_dose_0.005_gradient_0_VconcST_0.04_Vconc_4.8_run_0.csv,1200.0,0.005,0,4.8,0.04,4.8,0,42.0,5.13081,0.0123877,0.00199829,5.13081,0.0,0.390716,253.912
1200_dose_0.005_gradient_0_VconcST_0.04_Vconc_4.8_run_0.csv,1200.0,0.005,0,4.8,0.04,4.8,0,42.25,5.16853,0.0121422,0.00201298,5.16853,0.0,0.392463,7331.3
1200_dose_0.005_gradient_0_VconcST_0.04_Vconc_4.8_run_0.csv,1200.0,0.005,0,4.8,0.04,4.8,0,42.5,5.20498,0.0119016,0.00202718,5.20498,0.0,0.394141,251.679
1200_dose_0.005_gradient_0_VconcST_0.04_Vconc_4.8_run_0.csv,1200.0,0.005,0,4.8,0.04,4.8,0,42.75,5.24018,0.0116657,0.00204089,5.24018,0.0,0.395752,6908.75
1200_dose_0.005_gradient_0_VconcST_0.04_Vconc_4.8_run_0.csv,1200.0,0.005,0,4.8,0.04,4.8,0,43.0,5.27416,0.0114345,0.00205412,5.27416,0.0,0.3973,251.664
1200_dose_0.005_gradient_0_VconcST_0.04_Vconc_4.8_run_0.csv,1200.0,0.005,0,4.8,0.04,4.8,0,43.25,5.30694,0.0112079,0.00206689,5.30694,0.0,0.398786,7105.35
1200_dose_0.005_gradient_0_VconcST_0.04_Vconc_4.8_run_0.csv,1200.0,0.005,0,4.8,0.04,4.8,0,43.5,5.33855,0.0109857,0.0020792,5.33855,0.0,0.400211,235.454
1200_dose_0.005_gradient_0_VconcST_0.04_Vconc_4.8_run_0.csv,1200.0,0.005,0,4.8,0.04,4.8,0,43.75,5.36901,0.010768,0.00209106,5.36901,0.0,0.401579,7364.67
1200_dose_0.005_gradient_0_VconcST_0.04_Vconc_4.8_run_0.csv,1200.0,0.005,0,4.8,0.04,4.8,0,44.0,5.39836,0.0105546,0.00210249,5.39836,0.0,0.402891,242.527
1200_dose_0.005_gradient_0_VconcST_0.04_Vconc_4.8_run_0.csv,1200.0,0.005,0,4.8,0.04,4.8,0,44.25,5.42661,0.0103454,0.0021135,5.42661,0.0,0.404148,7189.46
1200_dose_0.005_gradient_0_VconcST_0.04_Vconc_4.8_run_0.csv,1200.0,0.005,0,4.8,0.04,4.8,0,44.5,5.45378,0.0101404,0.00212408,5.45378,0.0,0.405352,245.706
1200_dose_0.005_gradient_0_VconcST_0.04_Vconc_4.8_run_0.csv,1200.0,0.005,0,4.8,0.04,4.8,0,44.75,5.47991,0.00993942,0.00213426,5.47991,0.0,0.406505,7104.83
1200_dose_0.005_gradient_0_VconcST_0.04_Vconc_4.8_run_0.csv,1200.0,0.005,0,4.8,0.04,4.8,0,45.0,5.5054,0.0147424,0.00214418,5.5054,0.0,0.407609,232.577
1200_dose_0.005_gradient_0_VconcST_0.04_Vconc_4.8_run_0.csv,1200.0,0.005,0,4.8,0.04,4.8,0,45.25,5.55257,0.0144503,0.00216255,5.55257,0.0,0.409672,7048.66
1200_dose_0.005_gradient_0_VconcST_0.04_Vconc_4.8_run_0.csv,1200.0,0.005,0,4.8,0.04,4.8,0,45.5,5.59822,0.0141639,0.00218033,5.59822,0.0,0.411655,224.176
1200_dose_0.005_gradient_0_VconcST_0.04_Vconc_4.8_run_0.csv,1200.0,0.005,0,4.8,0.04,4.8,0,45.75,5.64237,0.0138832,0.00219753,5.64237,0.0,0.413561,6705.04
1200_dose_0.005_gradient_0_VconcST_0.04_Vconc_4.8_run_0.csv,1200.0,0.005,0,4.8,0.04,4.8,0,46.0,5.68506,0.013608,0.00221415,5.68506,0.0,0.415391,236.799
1200_dose_0.005_gradient_0_VconcST_0.04_Vconc_4.8_run_0.csv,1200.0,0.005,0,4.8,0.04,4.8,0,46.25,5.72631,0.0133383,0.00223022,5.72631,0.0,0.417149,6858.22
1200_dose_0.005_gradient_0_VconcST_0.04_Vconc_4.8_run_0.csv,1200.0,0.005,0,4.8,0.04,4.8,0,46.5,5.76617,0.013074,0.00224574,5.76617,0.0,0.418838,233.509
1200_dose_0.005_gradient_0_VconcST_0.04_Vconc_4.8_run_0.csv,1200.0,0.005,0,4.8,0.04,4.8,0,46.75,5.80465,0.0128148,0.00226073,5.80465,0.0,0.420459,7035.32
1200_dose_0.005_gradient_0_VconcST_0.04_Vconc_4.8_run_0.csv,1200.0,0.005,0,4.8,0.04,4.8,0,47.0,5.84179,0.0125609,0.0022752,5.84179,0.0,0.422015,223.817
1200_dose_0.005_gradient_0_VconcST_0.04_Vconc_4.8_run_0.csv,1200.0,0.005,0,4.8,0.04,4.8,0,47.25,5.87762,0.0123119,0.00228915,5.87762,0.0,0.423508,7293.26
1200_dose_0.005_gradient_0_VconcST_0.04_Vconc_4.8_run_0.csv,1200.0,0.005,0,4.8,0.04,4.8,0,47.5,5.91216,0.0120679,0.0023026,5.91216,0.0,0.42494,239.774
1200_dose_0.005_gradient_0_VconcST_0.04_Vconc_4.8_run_0.csv,1200.0,0.005,0,4.8,0.04,4.8,0,47.75,5.94545,0.0118287,0.00231557,5.94545,0.0,0.426314,6590.35
1200_dose_0.005_gradient_0_VconcST_0.04_Vconc_4.8_run_0.csv,1200.0,0.005,0,4.8,0.04,4.8,0,48.0,5.97751,0.0115943,0.00232805,5.97751,0.0,0.42763,242.074
1200_dose_0.005_gradient_0_VconcST_0.04_Vconc_4.8_run_0.csv,1200.0,0.005,0,4.8,0.04,4.8,0,48.25,6.00836,0.0113645,0.00234007,6.00836,0.0,0.428892,6943.83
1200_dose_0.005_gradient_0_VconcST_0.04_Vconc_4.8_run_0.csv,1200.0,0.005,0,4.8,0.04,4.8,0,48.5,6.03804,0.0111393,0.00235163,6.03804,0.0,0.4301,229.821
1200_dose_0.005_gradient_0_VconcST_0.04_Vconc_4.8_run_0.csv,1200.0,0.005,0,4.8,0.04,4.8,0,48.75,6.06656,0.0109185,0.00236274,6.06656,0.0,0.431257,6525.34
1200_dose_0.005_gradient_0_VconcST_0.04_Vconc_4.8_run_0.csv,1200.0,0.005,0,4.8,0.04,4.8,0,49.0,6.09396,0.0107021,0.00237341,6.09396,0.0,0.432363,216.663
1200_dose_0.005_gradient_0_VconcST_0.04_Vconc_4.8_run_0.csv,1200.0,0.005,0,4.8,0.04,4.8,0,49.25,6.12025,0.01049,0.00238365,6.12025,0.0,0.43342,6734.1
1200_dose_0.005_gradient_0_VconcST_0.04_Vconc_4.8_run_0.csv,1200.0,0.005,0,4.8,0.04,4.8,0,49.5,6.14546,0.0102821,0.00239347,6.14546,0.0,0.434431,222.303
1200_dose_0.005_gradient_0_VconcST_0.04_Vconc_4.8_run_0.csv,1200.0,0.005,0,4.8,0.04,4.8,0,49.75,6.16962,0.0100784,0.00240288,6.16962,0.00203125,0.435396,6689.41
1200_dose_0.005_gradient_0_VconcST_0.04_Vconc_4.8_run_0.csv,1200.0,0.005,0,4.8,0.04,4.8,0,50.0,6.19313,0.0148786,0.00241203,6.19313,0.0,0.436317,217.493
1200_dose_0.005_gradient_0_VconcST_0.04_Vconc_4.8_run_0.csv,1200.0,0.005,0,4.8,0.04,4.8,0,50.25,6.23833,0.0145837,0.00242964,6.23833,0.00195312,0.438107,6498.37
1200_dose_0.005_gradient_0_VconcST_0.04_Vconc_4.8_run_0.csv,1200.0,0.005,0,4.8,0.04,4.8,0,50.5,6.28199,0.0142947,0.00244664,6.28199,0.0,0.439826,223.935
1200_dose_0.005_gradient_0_VconcST_0.04_Vconc_4.8_run_0.csv,1200.0,0.005,0,4.8,0.04,4.8,0,50.75,6.32415,0.0140114,0.00246306,6.32415,0.00230469,0.441476,6577.6
1200_dose_0.005_gradient_0_VconcST_0.04_Vconc_4.8_run_0.csv,1200.0,0.005,0,4.8,0.04,4.8,0,51.0,6.36485,0.0137337,0.00247891,6.36485,0.0,0.443059,225.128
1200_dose_0.005_gradient_0_VconcST_0.04_Vconc_4.8_run_0.csv,1200.0,0.005,0,4.8,0.04,4.8,0,51.25,6.40411,0.0134615,0.0024942,6.40411,0.0,0.444578,6452.07
1200_dose_0.005_gradient_0_VconcST_0.04_Vconc_4.8_run_0.csv,1200.0,0.005,0,4.8,0.04,4.8,0,51.5,6.44196,0.0131947,0.00250894,6.44196,0.0,0.446035,210.636
1200_dose_0.005_gradient_0_VconcST_0.04_Vconc_4.8_run_0.csv,1200.0,0.005,0,4.8,0.04,4.8,0,51.75,6.47844,0.0129332,0.00252315,6.47844,0.0,0.447432,6438.23
1200_dose_0.005_gradient_0_VconcST_0.04_Vconc_4.8_run_0.csv,1200.0,0.005,0,4.8,0.04,4.8,0,52.0,6.51357,0.0126769,0.00253683,6.51357,0.0,0.44877,207.637
1200_dose_0.005_gradient_0_VconcST_0.04_Vconc_4.8_run_0.csv,1200.0,0.005,0,4.8,0.04,4.8,0,52.25,6.54739,0.0124257,0.00255001,6.54739,0.00250868,0.450052,6229.76
1200_dose_0.005_gradient_0_VconcST_0.04_Vconc_4.8_run_0.csv,1200.0,0.005,0,4.8,0.04,4.8,0,52.5,6.57992,0.0121794,0.00256267,6.57992,0.0,0.45128,222.274
1200_dose_0.005_gradient_0_VconcST_0.04_Vconc_4.8_run_0.csv,1200.0,0.005,0,4.8,0.04,4.8,0,52.75,6.61119,0.011938,0.00257485,6.61119,0.0,0.452455,6140.36
1200_dose_0.005_gradient_0_VconcST_0.04_Vconc_4.8_run_0.csv,1200.0,0.005,0,4.8,0.04,4.8,0,53.0,6.64122,0.0117014,0.00258655,6.64122,0.0,0.453579,215.815
1200_dose_0.005_gradient_0_VconcST_0.04_Vconc_4.8_run_0.csv,1200.0,0.005,0,4.8,0.04,4.8,0,53.25,6.67005,0.0114695,0.00259778,6.67005,0.0,0.454654,6692.8
1200_dose_0.005_gradient_0_VconcST_0.04_Vconc_4.8_run_0.csv,1200.0,0.005,0,4.8,0.04,4.8,0,53.5,6.6977,0.0112422,0.00260855,6.6977,0.0,0.45568,202.828
1200_dose_0.005_gradient_0_VconcST_0.04_Vconc_4.8_run_0.csv,1200.0,0.005,0,4.8,0.04,4.8,0,53.75,6.72419,0.0110194,0.00261886,6.72419,0.00296875,0.456661,6287.0
1200_dose_0.005_gradient_0_VconcST_0.04_Vconc_4.8_run_0.csv,1200.0,0.005,0,4.8,0.04,4.8,0,54.0,6.74956,0.010801,0.00262874,6.74956,0.0,0.457596,210.703
1200_dose_0.005_gradient_0_VconcST_0.04_Vconc_4.8_run_0.csv,1200.0,0.005,0,4.8,0.04,4.8,0,54.25,6.77382,0.0105869,0.00263819,6.77382,0.0,0.458487,6309.29
1200_dose_0.005_gradient_0_VconcST_0.04_Vconc_4.8_run_0.csv,1200.0,0.005,0,4.8,0.04,4.8,0,54.5,6.797,0.0103771,0.00264722,6.797,0.0,0.459336,216.06
1200_dose_0.005_gradient_0_VconcST_0.04_Vconc_4.8_run_0.csv,1200.0,0.005,0,4.8,0.04,4.8,0,54.75,6.81913,0.0101715,0.00265584,6.81913,0.0039171,0.460144,6120.83
1200_dose_0.005_gradient_0_VconcST_0.04_Vconc_4.8_run_0.csv,1200.0,0.005,0,4.8,0.04,4.8,0,55.0,6.84061,0.0149699,0.00266421,6.84061,0.0,0.460912,200.855
1200_dose_0.005_gradient_0_VconcST_0.04_Vconc_4.8_run_0.csv,1200.0,0.005,0,4.8,0.04,4.8,0,55.25,6.88377,0.0146732,0.00268102,6.88377,0.0,0.462476,6172.55
1200_dose_0.005_gradient_0_VconcST_0.04_Vconc_4.8_run_0.csv,1200.0,0.005,0,4.8,0.04,4.8,0,55.5,6.9254,0.0143824,0.00269723,6.9254,0.0,0.463977,206.895
1200_dose_0.005_gradient_0_VconcST_0.04_Vconc_4.8_run_0.csv,1200.0,0.005,0,4.8,0.04,4.8,0,55.75,6.96553,0.0140973,0.00271286,6.96553,0.00465929,0.465415,6430.21
1200_dose_0.005_gradient_0_VconcST_0.04_Vconc_4.8_run_0.csv,1200.0,0.005,0,4.8,0.04,4.8,0,56.0,7.00419,0.0138179,0.00272791,7.00419,0.0,0.466793,210.254
1200_dose_0.005_gradient_0_VconcST_0.04_Vconc_4.8_run_0.csv,1200.0,0.005,0,4.8,0.04,4.8,0,56.25,7.04141,0.0135441,0.00274241,7.04141,0.000980903,0.468114,6113.5
1200_dose_0.005_gradient_0_VconcST_0.04_Vconc_4.8_run_0.csv,1200.0,0.005,0,4.8,0.04,4.8,0,56.5,7.07723,0.0132757,0.00275636,7.07723,0.0,0.469378,198.1
1200_dose_0.005_gradient_0_VconcST_0.04_Vconc_4.8_run_0.csv,1200.0,0.005,0,4.8,0.04,4.8,0,56.75,7.11167,0.0130126,0.00276978,7.11167,0.00449436,0.470588,6010.52
1200_dose_0.005_gradient_0_VconcST_0.04_Vconc_4.8_run_0.csv,1200.0,0.005,0,4.8,0.04,4.8,0,57.0,7.14477,0.0127547,0.00278267,7.14477,0.0,0.471746,205.784
1200_dose_0.005_gradient_0_VconcST_0.04_Vconc_4.8_run_0.csv,1200.0,0.005,0,4.8,0.04,4.8,0,57.25,7.17655,0.0125019,0.00279504,7.17655,0.00343099,0.472853,5973.92
1200_dose_0.005_gradient_0_VconcST_0.04_Vconc_4.8_run_0.csv,1200.0,0.005,0,4.8,0.04,4.8,0,57.5,7.20705,0.0122541,0.00280692,7.20705,0.0,0.473911,200.884
1200_dose_0.005_gradient_0_VconcST_0.04_Vconc_4.8_run_0.csv,1200.0,0.005,0,4.8,0.04,4.8,0,57.75,7.23628,0.0120113,0.00281831,7.23628,0.0,0.474921,6088.95
1200_dose_0.005_gradient_0_VconcST_0.04_Vconc_4.8_run_0.csv,1200.0,0.005,0,4.8,0.04,4.8,0,58.0,7.26428,0.0117732,0.00282921,7.26428,0.0,0.475885,196.361
1200_dose_0.005_gradient_0_VconcST_0.04_Vconc_4.8_run_0.csv,1200.0,0.005,0,4.8,0.04,4.8,0,58.25,7.29109,0.0115399,0.00283965,7.29109,0.00313368,0.476804,5890.17
1200_dose_0.005_gradient_0_VconcST_0.04_Vconc_4.8_run_0.csv,1200.0,0.005,0,4.8,0.04,4.8,0,58.5,7.31671,0.0113112,0.00284963,7.31671,0.0,0.47768,202.288
1200_dose_0.005_gradient_0_VconcST_0.04_Vconc_4.8_run_0.csv,1200.0,0.005,0,4.8,0.04,4.8,0,58.75,7.34118,0.011087,0.00285916,7.34118,0.00268012,0.478514,5842.14
1200_dose_0.005_gradient_0_VconcST_0.04_Vconc_4.8_run_0.csv,1200.0,0.005,0,4.8,0.04,4.8,0,59.0,7.36452,0.0108673,0.00286825,7.36452,0.0,0.479307,187.524
1200_dose_0.005_gradient_0_VconcST_0.04_Vconc_4.8_run_0.csv,1200.0,0.005,0,4.8,0.04,4.8,0,59.25,7.38676,0.0106519,0.00287691,7.38676,0.00268012,0.48006,5870.23
1200_dose_0.005_gradient_0_VconcST_0.04_Vconc_4.8_run_0.csv,1200.0,0.005,0,4.8,0.04,4.8,0,59.5,7.40792,0.0104408,0.00288515,7.40792,0.0,0.480775,184.446
1200_dose_0.005_gradient_0_VconcST_0.04_Vconc_4.8_run_0.csv,1200.0,0.005,0,4.8,0.04,4.8,0,59.75,7.42802,0.0102339,0.00289298,7.42802,0.00321615,0.481452,6029.81
1200_dose_0.005_gradient_0_VconcST_0.04_Vconc_4.8_run_0.csv,1200.0,0.005,0,4.8,0.04,4.8,0,60.0,7.44748,0.015031,0.00290056,7.44748,0.0,0.482093,199.048
1200_dose_0.005_gradient_0_VconcST_0.04_Vconc_4.8_run_0.csv,1200.0,0.005,0,4.8,0.04,4.8,0,60.25,7.48862,0.0147331,0.00291659,7.48862,0.0,0.483469,6089.21
1200_dose_0.005_gradient_0_VconcST_0.04_Vconc_4.8_run_0.csv,1200.0,0.005,0,4.8,0.04,4.8,0,60.5,7.52823,0.0144411,0.00293201,7.52823,0.0,0.484788,192.65
1200_dose_0.005_gradient_0_VconcST_0.04_Vconc_4.8_run_0.csv,1200.0,0.005,0,4.8,0.04,4.8,0,60.75,7.56634,0.0141549,0.00294686,7.56634,0.0039171,0.48605,5900.1
1200_dose_0.005_gradient_0_VconcST_0.04_Vconc_4.8_run_0.csv,1200.0,0.005,0,4.8,0.04,4.8,0,61.0,7.60299,0.0138744,0.00296113,7.60299,0.0,0.487258,188.428
1200_dose_0.005_gradient_0_VconcST_0.04_Vconc_4.8_run_0.csv,1200.0,0.005,0,4.8,0.04,4.8,0,61.25,7.6382,0.0135994,0.00297484,7.6382,0.0,0.488413,6338.99
1200_dose_0.005_gradient_0_VconcST_0.04_Vconc_4.8_run_0.csv,1200.0,0.005,0,4.8,0.04,4.8,0,61.5,7.67201,0.0133299,0.00298801,7.67201,0.0,0.489518,195.547
1200_dose_0.005_gradient_0_VconcST_0.04_Vconc_4.8_run_0.csv,1200.0,0.005,0,4.8,0.04,4.8,0,61.75,7.70445,0.0130657,0.00300064,7.70445,0.00305122,0.490573,5681.78
1200_dose_0.005_gradient_0_VconcST_0.04_Vconc_4.8_run_0.csv,1200.0,0.005,0,4.8,0.04,4.8,0,62.0,7.73555,0.0128068,0.00301275,7.73555,0.0,0.491581,183.753
1200_dose_0.005_gradient_0_VconcST_0.04_Vconc_4.8_run_0.csv,1200.0,0.005,0,4.8,0.04,4.8,0,62.25,7.76533,0.012553,0.00302435,7.76533,0.00338108,0.492542,5858.2
1200_dose_0.005_gradient_0_VconcST_0.04_Vconc_2.4_run_0.csv,1200.0,0.005,0,2.4,0.04,2.4,0,0.0,0.0,0.0,0.0,0.0,0.0,0.0,0.0
1200_dose_0.005_gradient_0_VconcST_0.04_Vconc_2.4_run_0.csv,1200.0,0.005,0,2.4,0.04,2.4,0,0.25,0.0,0.0,0.0,0.0,8.24653e-05,0.0,5733.07
1200_dose_0.005_gradient_0_VconcST_0.04_Vconc_2.4_run_0.csv,1200.0,0.005,0,2.4,0.04,2.4,0,0.5,0.0,0.0,0.0,0.0,0.0,0.0,175.462
1200_dose_0.005_gradient_0_VconcST_0.04_Vconc_2.4_run_0.csv,1200.0,0.005,0,2.4,0.04,2.4,0,0.75,0.0,0.0,0.0,0.0,0.000536024,0.0,5795.67
1200_dose_0.005_gradient_0_VconcST_0.04_Vconc_2.4_run_0.csv,1200.0,0.005,0,2.4,0.04,2.4,0,1.0,0.0,0.0,0.0,0.0,0.0,0.0,177.067
1200_dose_0.005_gradient_0_VconcST_0.04_Vconc_2.4_run_0.csv,1200.0,0.005,0,2.4,0.04,2.4,0,1.25,0.0,0.0,0.0,0.0,0.000742188,0.0,5896.54
1200_dose_0.005_gradient_0_VconcST_0.04_Vconc_2.4_run_0.csv,1200.0,0.005,0,2.4,0.04,2.4,0,1.5,0.0,0.0,0.0,0.0,0.0,0.0,184.358
1200_dose_0.005_gradient_0_VconcST_0.04_Vconc_2.4_run_0.csv,1200.0,0.005,0,2.4,0.04,2.4,0,1.75,0.0,0.0,0.0,0.0,0.0,0.0,5792.34
1200_dose_0.005_gradient_0_VconcST_0.04_Vconc_2.4_run_0.csv,1200.0,0.005,0,2.4,0.04,2.4,0,2.0,0.0,0.0,0.0,0.0,0.0,0.0,192.06
1200_dose_0.005_gradient_0_VconcST_0.04_Vconc_2.4_run_0.csv,1200.0,0.005,0,2.4,0.04,2.4,0,2.25,0.0,0.0,0.0,0.0,0.00136068,0.0,5743.72
1200_dose_0.005_gradient_0_VconcST_0.04_Vconc_2.4_run_0.csv,1200.0,0.005,0,2.4,0.04,2.4,0,2.5,0.0,0.0,0.0,0.0,0.0,0.0,181.716
1200_dose_0.005_gradient_0_VconcST_0.04_Vconc_2.4_run_0.csv,1200.0,0.005,0,2.4,0.04,2.4,0,2.75,0.0,0.0,0.0,0.0,0.00103082,0.0,5767.48
1200_dose_0.005_gradient_0_VconcST_0.04_Vconc_2.4_run_0.csv,1200.0,0.005,0,2.4,0.04,2.4,0,3.0,0.0,0.0,0.0,0.0,0.0,0.0,170.118
1200_dose_0.005_gradient_0_VconcST_0.04_Vconc_2.4_run_0.csv,1200.0,0.005,0,2.4,0.04,2.4,0,3.25,0.0,0.0,0.0,0.0,0.0,0.0,5865.47
1200_dose_0.005_gradient_0_VconcST_0.04_Vconc_2.4_run_0.csv,1200.0,0.005,0,2.4,0.04,2.4,0,3.5,0.0,0.0,0.0,0.0,0.0,0.0,186.838
1200_dose_0.005_gradient_0_VconcST_0.04_Vconc_2.4_run_0.csv,1200.0,0.005,0,2.4,0.04,2.4,0,3.75,0.0,0.0,0.0,0.0,0.00156684,0.0,5777.88
1200_dose_0.005_gradient_0_VconcST_0.04_Vconc_2.4_run_0.csv,1200.0,0.005,0,2.4,0.04,2.4,0,4.0,0.0,0.0,0.0,0.0,0.0,0.0,198.219
1200_dose_0.005_gradient_0_VconcST_0.04_Vconc_2.4_run_0.csv,1200.0,0.005,0,2.4,0.04,2.4,0,4.25,0.0,0.0,0.0,0.0,0.0,0.0,5885.01
1200_dose_0.005_gradient_0_VconcST_0.04_Vconc_2.4_run_0.csv,1200.0,0.005,0,2.4,0.04,2.4,0,4.5,0.0,0.0,0.0,0.0,0.0,0.0,175.222
1200_dose_0.005_gradient_0_VconcST_0.04_Vconc_2.4_run_0.csv,1200.0,0.005,0,2.4,0.04,2.4,0,4.75,0.0,0.0,0.0,0.0,0.00179688,0.0,5848.09
1200_dose_0.005_gradient_0_VconcST_0.04_Vconc_2.4_run_0.csv,1200.0,0.005,0,2.4,0.04,2.4,0,5.0,0.000389313,0.005,1.51625e-07,0.000389313,0.0,0.0,184.894
1200_dose_0.005_gradient_0_VconcST_0.04_Vconc_2.4_run_0.csv,1200.0,0.005,0,2.4,0.04,2.4,0,5.25,0.0234672,0.00490091,9.13975e-06,0.0234672,0.0020204,0.00287758,5897.94
1200_dose_0.005_gradient_0_VconcST_0.04_Vconc_2.4_run_0.csv,1200.0,0.005,0,2.4,0.04,2.4,0,5.5,0.0460002,0.00480378,1.79157e-05,0.0460002,0.0,0.00567128,193.772
1200_dose_0.005_gradient_0_VconcST_0.04_Vconc_2.4_run_0.csv,1200.0,0.005,0,2.4,0.04,2.4,0,5.75,0.0679994,0.00470857,2.64837e-05,0.0679994,0.0,0.00838375,5840.62
1200_dose_0.005_gradient_0_VconcST_0.04_Vconc_2.4_run_0.csv,1200.0,0.005,0,2.4,0.04,2.4,0,6.0,0.0894757,0.00461525,3.4848e-05,0.0894757,0.0,0.0110175,184.172
1200_dose_0.005_gradient_0_VconcST_0.04_Vconc_2.4_run_0.csv,1200.0,0.005,0,2.4,0.04,2.4,0,6.25,0.11044,0.00452378,4.30129e-05,0.11044,0.00144314,0.013575,5611.73
1200_dose_0.005_gradient_0_VconcST_0.04_Vconc_2.4_run_0.csv,1200.0,0.005,0,2.4,0.04,2.4,0,6.5,0.130902,0.00443413,5.09824e-05,0.130902,0.0,0.0160586,194.304
1200_dose_0.005_gradient_0_VconcST_0.04_Vconc_2.4_run_0.csv,1200.0,0.005,0,2.4,0.04,2.4,0,6.75,0.150873,0.00434625,5.87605e-05,0.150873,0.0,0.0184705,5934.82
1200_dose_0.005_gradient_0_VconcST_0.04_Vconc_2.4_run_0.csv,1200.0,0.005,0,2.4,0.04,2.4,0,7.0,0.170363,0.00426011,6.63511e-05,0.170363,0.0,0.0208129,173.26
1200_dose_0.005_gradient_0_VconcST_0.04_Vconc_2.4_run_0.csv,1200.0,0.005,0,2.4,0.04,2.4,0,7.25,0.189381,0.00417568,7.37581e-05,0.189381,0.0,0.0230878,5737.54
1200_dose_0.005_gradient_0_VconcST_0.04_Vconc_2.4_run_0.csv,1200.0,0.005,0,2.4,0.04,2.4,0,7.5,0.207938,0.00409293,8.09852e-05,0.207938,0.0,0.0252974,179.719
1200_dose_0.005_gradient_0_VconcST_0.04_Vconc_2.4_run_0.csv,1200.0,0.005,0,2.4,0.04,2.4,0,7.75,0.226041,0.00401181,8.80362e-05,0.226041,0.000948351,0.0274435,5617.69
1200_dose_0.005_gradient_0_VconcST_0.04_Vconc_2.4_run_0.csv,1200.0,0.005,0,2.4,0.04,2.4,0,8.0,0.243703,0.0039323,9.49146e-05,0.243703,0.0,0.029528,174.441
1200_dose_0.005_gradient_0_VconcST_0.04_Vconc_2.4_run_0.csv,1200.0,0.005,0,2.4,0.04,2.4,0,8.25,0.260929,0.00385437,0.000101624,0.260929,0.000948351,0.0315527,5651.04
1200_dose_0.005_gradient_0_VconcST_0.04_Vconc_2.4_run_0.csv,1200.0,0.005,0,2.4,0.04,2.4,0,8.5,0.277731,0.00377798,0.000108168,0.277731,0.0,0.0335193,168.513
1200_dose_0.005_gradient_0_VconcST_0.04_Vconc_2.4_run_0.csv,1200.0,0.005,0,2.4,0.04,2.4,0,8.75,0.294117,0.0037031,0.000114549,0.294117,0.0,0.0354295,5459.57
1200_dose_0.005_gradient_0_VconcST_0.04_Vconc_2.4_run_0.csv,1200.0,0.005,0,2.4,0.04,2.4,0,9.0,0.310095,0.00362971,0.000120772,0.310095,0.0,0.037285,177.704
1200_dose_0.005_gradient_0_VconcST_0.04_Vconc_2.4_run_0.csv,1200.0,0.005,0,2.4,0.04,2.4,0,9.25,0.325673,0.00355778,0.00012684,0.325673,0.00078342,0.0390872,5421.72
1200_dose_0.005_gradient_0_VconcST_0.04_Vconc_2.4_run_0.csv,1200.0,0.005,0,2.4,0.04,2.4,0,9.5,0.340861,0.00348726,0.000132755,0.340861,0.0,0.0408376,170.097
1200_dose_0.005_gradient_0_VconcST_0.04_Vconc_2.4_run_0.csv,1200.0,0.005,0,2.4,0.04,2.4,0,9.75,0.355665,0.00341815,0.00013852,0.355665,3.68924e-05,0.0425378,5403.17
1200_dose_0.005_gradient_0_VconcST_0.04_Vconc_2.4_run_0.csv,1200.0,0.005,0,2.4,0.04,2.4,0,10.0,0.370483,0.00835041,0.000144292,0.370483,0.0,0.0441891,179.244
1200_dose_0.005_gradient_0_VconcST_0.04_Vconc_2.4_run_0.csv,1200.0,0.005,0,2.4,0.04,2.4,0,10.25,0.407623,0.00818492,0.000158757,0.407623,0.0,0.0484133,5548.29
1200_dose_0.005_gradient_0_VconcST_0.04_Vconc_2.4_run_0.csv,1200.0,0.005,0,2.4,0.04,2.4,0,10.5,0.443858,0.0080227,0.000172869,0.443858,0.0,0.0524988,171.834
1200_dose_0.005_gradient_0_VconcST_0.04_Vconc_2.4_run_0.csv,1200.0,0.005,0,2.4,0.04,2.4,0,10.75,0.479207,0.0078637,0.000186636,0.479207,0.0,0.0564508,5808.35
1200_dose_0.005_gradient_0_VconcST_0.04_Vconc_2.4_run_0.csv,1200.0,0.005,0,2.4,0.04,2.4,0,11.0,0.513688,0.00770785,0.000200066,0.513688,0.0,0.060274,165.895
1200_dose_0.005_gradient_0_VconcST_0.04_Vconc_2.4_run_0.csv,1200.0,0.005,0,2.4,0.04,2.4,0,11.25,0.547319,0.00755509,0.000213164,0.547319,0.000577257,0.0639733,5511.08
1200_dose_0.005_gradient_0_VconcST_0.04_Vconc_2.4_run_0.csv,1200.0,0.005,0,2.4,0.04,2.4,0,11.5,0.580117,0.00740536,0.000225937,0.580117,0.0,0.0675531,161.846
1200_dose_0.005_gradient_0_VconcST_0.04_Vconc_2.4_run_0.csv,1200.0,0.005,0,2.4,0.04,2.4,0,11.75,0.612099,0.00725859,0.000238394,0.612099,0.000659722,0.0710175,5490.07
1200_dose_0.005_gradient_0_VconcST_0.04_Vconc_2.4_run_0.csv,1200.0,0.005,0,2.4,0.04,2.4,0,12.0,0.643283,0.00711473,0.000250539,0.643283,0.0,0.0743708,159.016
1200_dose_0.005_gradient_0_VconcST_0.04_Vconc_2.4_run_0.csv,1200.0,0.005,0,2.4,0.04,2.4,0,12.25,0.673684,0.00697373,0.000262379,0.673684,0.000700955,0.0776167,5585.68
1200_dose_0.005_gradient_0_VconcST_0.04_Vconc_2.4_run_0.csv,1200.0,0.005,0,2.4,0.04,2.4,0,12.5,0.703319,0.00683552,0.000273921,0.703319,0.0,0.080759,161.135
1200_dose_0.005_gradient_0_VconcST_0.04_Vconc_2.4_run_0.csv,1200.0,0.005,0,2.4,0.04,2.4,0,12.75,0.732205,0.00670004,0.000285171,0.732205,0.0,0.0838012,5284.75
1200_dose_0.005_gradient_0_VconcST_0.04_Vconc_2.4_run_0.csv,1200.0,0.005,0,2.4,0.04,2.4,0,13.0,0.760355,0.00656726,0.000296135,0.760355,0.0,0.0867467,157.828
1200_dose_0.005_gradient_0_VconcST_0.04_Vconc_2.4_run_0.csv,1200.0,0.005,0,2.4,0.04,2.4,0,13.25,0.787785,0.0064371,0.000306818,0.787785,0.0,0.0895987,5009.13
1200_dose_0.005_gradient_0_VconcST_0.04_Vconc_2.4_run_0.csv,1200.0,0.005,0,2.4,0.04,2.4,0,13.5,0.814511,0.00630953,0.000317227,0.814511,0.0,0.0923604,158.685
1200_dose_0.005_gradient_0_VconcST_0.04_Vconc_2.4_run_0.csv,1200.0,0.005,0,2.4,0.04,2.4,0,13.75,0.840546,0.00618448,0.000327367,0.840546,0.0,0.0950347,5122.29
1200_dose_0.005_gradient_0_VconcST_0.04_Vconc_2.4_run_0.csv,1200.0,0.005,0,2.4,0.04,2.4,0,14.0,0.865906,0.00606191,0.000337244,0.865906,0.0,0.0976245,158.398
1200_dose_0.005_gradient_0_VconcST_0.04_Vconc_2.4_run_0.csv,1200.0,0.005,0,2.4,0.04,2.4,0,14.25,0.890603,0.00594177,0.000346862,0.890603,0.000288628,0.100132,5179.79
1200_dose_0.005_gradient_0_VconcST_0.04_Vconc_2.4_run_0.csv,1200.0,0.005,0,2.4,0.04,2.4,0,14.5,0.914653,0.00582401,0.000356229,0.914653,0.0,0.102561,165.672
1200_dose_0.005_gradient_0_VconcST_0.04_Vconc_2.4_run_0.csv,1200.0,0.005,0,2.4,0.04,2.4,0,14.75,0.938067,0.00570859,0.000365348,0.938067,0.000494792,0.104913,4984.62
1200_dose_0.005_gradient_0_VconcST_0.04_Vconc_2.4_run_0.csv,1200.0,0.005,0,2.4,0.04,2.4,0,15.0,0.961249,0.0105954,0.000374377,0.961249,0.0,0.107191,153.788
1200_dose_0.005_gradient_0_VconcST_0.04_Vconc_2.4_run_0.csv,1200.0,0.005,0,2.4,0.04,2.4,0,15.25,1.00651,0.0103855,0.000392005,1.00651,0.0,0.11168,4931.12
1200_dose_0.005_gradient_0_VconcST_0.04_Vconc_2.4_run_0.csv,1200.0,0.005,0,2.4,0.04,2.4,0,15.5,1.05063,0.0101796,0.000409189,1.05063,0.0,0.116013,148.315
1200_dose_0.005_gradient_0_VconcST_0.04_Vconc_2.4_run_0.csv,1200.0,0.005,0,2.4,0.04,2.4,0,15.75,1.09364,0.00997788,0.000425938,1.09364,0.0,0.120196,5118.79
1200_dose_0.005_gradient_0_VconcST_0.04_Vconc_2.4_run_0.csv,1200.0,0.005,0,2.4,0.04,2.4,0,16.0,1.13555,0.00978013,0.00044226,1.13555,0.0,0.124234,146.062
1200_dose_0.005_gradient_0_VconcST_0.04_Vconc_2.4_run_0.csv,1200.0,0.005,0,2.4,0.04,2.4,0,16.25,1.17639,0.0095863,0.000458166,1.17639,0.0,0.128133,4864.04
1200_dose_0.005_gradient_0_VconcST_0.04_Vconc_2.4_run_0.csv,1200.0,0.005,0,2.4,0.04,2.4,0,16.5,1.21617,0.00939631,0.000473662,1.21617,0.0,0.131899,147.94
1200_dose_0.005_gradient_0_VconcST_0.04_Vconc_2.4_run_0.csv,1200.0,0.005,0,2.4,0.04,2.4,0,16.75,1.25493,0.00921009,0.000488758,1.25493,0.0,0.135537,4992.91
1200_dose_0.005_gradient_0_VconcST_0.04_Vconc_2.4_run_0.csv,1200.0,0.005,0,2.4,0.04,2.4,0,17.0,1.29269,0.00902755,0.000503462,1.29269,0.0,0.139051,148.332
1200_dose_0.005_gradient_0_VconcST_0.04_Vconc_2.4_run_0.csv,1200.0,0.005,0,2.4,0.04,2.4,0,17.25,1.32946,0.00884864,0.000517782,1.32946,0.0,0.142445,4823.48
1200_dose_0.005_gradient_0_VconcST_0.04_Vconc_2.4_run_0.csv,1200.0,0.005,0,2.4,0.04,2.4,0,17.5,1.36526,0.00867327,0.000531726,1.36526,0.0,0.145725,150.989
1200_dose_0.005_gradient_0_VconcST_0.04_Vconc_2.4_run_0.csv,1200.0,0.005,0,2.4,0.04,2.4,0,17.75,1.40012,0.00850138,0.000545303,1.40012,0.0,0.148895,4847.29
1200_dose_0.005_gradient_0_VconcST_0.04_Vconc_2.4_run_0.csv,1200.0,0.005,0,2.4,0.04,2.4,0,18.0,1.43405,0.00833287,0.000558518,1.43405,0.0,0.151958,139.984
1200_dose_0.005_gradient_0_VconcST_0.04_Vconc_2.4_run_0.csv,1200.0,0.005,0,2.4,0.04,2.4,0,18.25,1.46708,0.00816772,0.000571381,1.46708,0.0,0.154918,4671.91
1200_dose_0.005_gradient_0_VconcST_0.04_Vconc_2.4_run_0.csv,1200.0,0.005,0,2.4,0.04,2.4,0,18.5,1.49921,0.00800584,0.000583898,1.49921,0.0,0.157778,146.362
1200_dose_0.005_gradient_0_VconcST_0.04_Vconc_2.4_run_0.csv,1200.0,0.005,0,2.4,0.04,2.4,0,18.75,1.53048,0.00784718,0.000596076,1.53048,0.0,0.160543,4650.52
1200_dose_0.005_gradient_0_VconcST_0.04_Vconc_2.4_run_0.csv,1200.0,0.005,0,2.4,0.04,2.4,0,19.0,1.5609,0.00769166,0.000607923,1.5609,0.0,0.163215,149.719
1200_dose_0.005_gradient_0_VconcST_0.04_Vconc_2.4_run_0.csv,1200.0,0.005,0,2.4,0.04,2.4,0,19.25,1.59049,0.00753922,0.000619446,1.59049,0.0,0.165798,4525.68
1200_dose_0.005_gradient_0_VconcST_0.04_Vconc_2.4_run_0.csv,1200.0,0.005,0,2.4,0.04,2.4,0,19.5,1.61926,0.0073898,0.00063065,1.61926,0.0,0.168294,142.511
1200_dose_0.005_gradient_0_VconcST_0.04_Vconc_2.4_run_0.csv,1200.0,0.005,0,2.4,0.04,2.4,0,19.75,1.64723,0.00724334,0.000641544,1.64723,0.0,0.170707,4503.09
1200_dose_0.005_gradient_0_VconcST_0.04_Vconc_2.4_run_0.csv,1200.0,0.005,0,2.4,0.04,2.4,0,20.0,1.6748,0.0120998,0.000652285,1.6748,0.0,0.173038,130.795
1200_dose_0.005_gradient_0_VconcST_0.04_Vconc_2.4_run_0.csv,1200.0,0.005,0,2.4,0.04,2.4,0,20.25,1.72431,0.01186,0.000671563,1.72431,0.0,0.17725,4677.51
1200_dose_0.005_gradient_0_VconcST_0.04_Vconc_2.4_run_0.csv,1200.0,0.005,0,2.4,0.04,2.4,0,20.5,1.77251,0.0116249,0.000690338,1.77251,0.0,0.181311,136.45
1200_dose_0.005_gradient_0_VconcST_0.04_Vconc_2.4_run_0.csv,1200.0,0.005,0,2.4,0.04,2.4,0,20.75,1.81945,0.0113945,0.000708618,1.81945,0.0,0.185226,4540.85
1200_dose_0.005_gradient_0_VconcST_0.04_Vconc_2.4_run_0.csv,1200.0,0.005,0,2.4,0.04,2.4,0,21.0,1.86514,0.0111687,0.000726416,1.86514,0.0,0.189002,137.539
1200_dose_0.005_gradient_0_VconcST_0.04_Vconc_2.4_run_0.csv,1200.0,0.005,0,2.4,0.04,2.4,0,21.25,1.90963,0.0109474,0.00074374,1.90963,0.0,0.192644,4489.87
1200_dose_0.005_gradient_0_VconcST_0.04_Vconc_2.4_run_0.csv,1200.0,0.005,0,2.4,0.04,2.4,0,21.5,1.95292,0.0107304,0.0007606,1.95292,0.0,0.196158,136.39
1200_dose_0.005_gradient_0_VconcST_0.04_Vconc_2.4_run_0.csv,1200.0,0.005,0,2.4,0.04,2.4,0,21.75,1.99504,0.0105177,0.000777007,1.99504,0.0,0.199548,4461.23
1200_dose_0.005_gradient_0_VconcST_0.04_Vconc_2.4_run_0.csv,1200.0,0.005,0,2.4,0.04,2.4,0,22.0,2.03602,0.0103093,0.000792968,2.03602,0.0,0.202818,130.266
1200_dose_0.005_gradient_0_VconcST_0.04_Vconc_2.4_run_0.csv,1200.0,0.005,0,2.4,0.04,2.4,0,22.25,2.07589,0.010105,0.000808495,2.07589,0.0,0.205974,4442.83
1200_dose_0.005_gradient_0_VconcST_0.04_Vconc_2.4_run_0.csv,1200.0,0.005,0,2.4,0.04,2.4,0,22.5,2.11466,0.0099047,0.000823595,2.11466,0.0,0.209019,129.142
1200_dose_0.005_gradient_0_VconcST_0.04_Vconc_2.4_run_0.csv,1200.0,0.005,0,2.4,0.04,2.4,0,22.75,2.15236,0.0097084,0.000838278,2.15236,0.0,0.211958,4225.4
1200_dose_0.005_gradient_0_VconcST_0.04_Vconc_2.4_run_0.csv,1200.0,0.005,0,2.4,0.04,2.4,0,23.0,2.18901,0.00951599,0.000852553,2.18901,0.0,0.214794,130.896
1200_dose_0.005_gradient_0_VconcST_0.04_Vconc_2.4_run_0.csv,1200.0,0.005,0,2.4,0.04,2.4,0,23.25,2.22464,0.00932739,0.000866428,2.22464,4.12326e-05,0.217532,4258.88
1200_dose_0.005_gradient_0_VconcST_0.04_Vconc_2.4_run_0.csv,1200.0,0.005,0,2.4,0.04,2.4,0,23.5,2.25926,0.00914254,0.000879911,2.25926,0.0,0.220173,128.557
1200_dose_0.005_gradient_0_VconcST_0.04_Vconc_2.4_run_0.csv,1200.0,0.005,0,2.4,0.04,2.4,0,23.75,2.29289,0.00896134,0.00089301,2.29289,0.0,0.222723,4205.79
1200_dose_0.005_gradient_0_VconcST_0.04_Vconc_2.4_run_0.csv,1200.0,0.005,0,2.4,0.04,2.4,0,24.0,2.32556,0.00878374,0.000905734,2.32556,0.0,0.225183,127.18
1200_dose_0.005_gradient_0_VconcST_0.04_Vconc_2.4_run_0.csv,1200.0,0.005,0,2.4,0.04,2.4,0,24.25,2.35729,0.00860965,0.000918091,2.35729,0.0,0.227558,4274.51
1200_dose_0.005_gradient_0_VconcST_0.04_Vconc_2.4_run_0.csv,1200.0,0.005,0,2.4,0.04,2.4,0,24.5,2.38809,0.00843902,0.000930087,2.38809,0.0,0.22985,123.712
1200_dose_0.005_gradient_0_VconcST_0.04_Vconc_2.4_run_0.csv,1200.0,0.005,0,2.4,0.04,2.4,0,24.75,2.41799,0.00827174,0.000941732,2.41799,0.0,0.232061,4203.24
1200_dose_0.005_gradient_0_VconcST_0.04_Vconc_2.4_run_0.csv,1200.0,0.005,0,2.4,0.04,2.4,0,25.0,2.44739,0.0131078,0.000953183,2.44739,0.0,0.234195,121.9
1200_dose_0.005_gradient_0_VconcST_0.04_Vconc_2.4_run_0.csv,1200.0,0.005,0,2.4,0.04,2.4,0,25.25,2.49861,0.012848,0.000973133,2.49861,0.0,0.237934,4208.69
1200_dose_0.005_gradient_0_VconcST_0.04_Vconc_2.4_run_0.csv,1200.0,0.005,0,2.4,0.04,2.4,0,25.5,2.54844,0.0125934,0.00099254,2.54844,0.0,0.241535,122.512
1200_dose_0.005_gradient_0_VconcST_0.04_Vconc_2.4_run_0.csv,1200.0,0.005,0,2.4,0.04,2.4,0,25.75,2.59691,0.0123438,0.00101142,2.59691,0.0,0.245006,4090.15
1200_dose_0.005_gradient_0_VconcST_0.04_Vconc_2.4_run_0.csv,1200.0,0.005,0,2.4,0.04,2.4,0,26.0,2.64404,0.0120992,0.00102977,2.64404,0.0,0.248351,115.464
1200_dose_0.005_gradient_0_VconcST_0.04_Vconc_2.4_run_0.csv,1200.0,0.005,0,2.4,0.04,2.4,0,26.25,2.68986,0.0118594,0.00104762,2.68986,0.0,0.251575,4033.47
1200_dose_0.005_gradient_0_VconcST_0.04_Vconc_2.4_run_0.csv,1200.0,0.005,0,2.4,0.04,2.4,0,26.5,2.7344,0.0116243,0.00106497,2.7344,0.0,0.254682,112.811
1200_dose_0.005_gradient_0_VconcST_0.04_Vconc_2.4_run_0.csv,1200.0,0.005,0,2.4,0.04,2.4,0,26.75,2.77769,0.011394,0.00108183,2.77769,0.0,0.257677,4135.55
1200_dose_0.005_gradient_0_VconcST_0.04_Vconc_2.4_run_0.csv,1200.0,0.005,0,2.4,0.04,2.4,0,27.0,2.81975,0.0111681,0.00109821,2.81975,0.0,0.260564,118.769
1200_dose_0.005_gradient_0_VconcST_0.04_Vconc_2.4_run_0.csv,1200.0,0.005,0,2.4,0.04,2.4,0,27.25,2.86061,0.0109468,0.00111412,2.86061,0.0,0.263348,4088.7
1200_dose_0.005_gradient_0_VconcST_0.04_Vconc_2.4_run_0.csv,1200.0,0.005,0,2.4,0.04,2.4,0,27.5,2.90029,0.0107298,0.00112957,2.90029,0.0,0.266031,114.664
1200_dose_0.005_gradient_0_VconcST_0.04_Vconc_2.4_run_0.csv,1200.0,0.005,0,2.4,0.04,2.4,0,27.75,2.93882,0.0105172,0.00114458,2.93882,0.0,0.268618,3963.86
1200_dose_0.005_gradient_0_VconcST_0.04_Vconc_2.4_run_0.csv,1200.0,0.005,0,2.4,0.04,2.4,0,28.0,2.97623,0.0103088,0.00115915,2.97623,0.0,0.271111,111.65
1200_dose_0.005_gradient_0_VconcST_0.04_Vconc_2.4_run_0.csv,1200.0,0.005,0,2.4,0.04,2.4,0,28.25,3.01252,0.0101044,0.00117328,3.01252,0.0,0.273515,3931.54
1200_dose_0.005_gradient_0_VconcST_0.04_Vconc_2.4_run_0.csv,1200.0,0.005,0,2.4,0.04,2.4,0,28.5,3.04774,0.00990419,0.001187,3.04774,0.0,0.275832,109.752
1200_dose_0.005_gradient_0_VconcST_0.04_Vconc_2.4_run_0.csv,1200.0,0.005,0,2.4,0.04,2.4,0,28.75,3.0819,0.0097079,0.00120031,3.0819,0.0,0.278066,3957.51
1200_dose_0.005_gradient_0_VconcST_0.04_Vconc_2.4_run_0.csv,1200.0,0.005,0,2.4,0.04,2.4,0,29.0,3.11503,0.0095155,0.00121321,3.11503,0.0,0.280218,113.521
1200_dose_0.005_gradient_0_VconcST_0.04_Vconc_2.4_run_0.csv,1200.0,0.005,0,2.4,0.04,2.4,0,29.25,3.14714,0.00932691,0.00122571,3.14714,0.0,0.282293,3791.71
1200_dose_0.005_gradient_0_VconcST_0.04_Vconc_2.4_run_0.csv,1200.0,0.005,0,2.4,0.04,2.4,0,29.5,3.17825,0.00914207,0.00123783,3.17825,0.0,0.284292,112.0
1200_dose_0.005_gradient_0_VconcST_0.04_Vconc_2.4_run_0.csv,1200.0,0.005,0,2.4,0.04,2.4,0,29.75,3.2084,0.00896088,0.00124957,3.2084,0.0,0.286218,3844.64
1200_dose_0.005_gradient_0_VconcST_0.04_Vconc_2.4_run_0.csv,1200.0,0.005,0,2.4,0.04,2.4,0,30.0,3.23799,0.0137833,0.0012611,3.23799,0.0,0.288074,115.397
1200_dose_0.005_gradient_0_VconcST_0.04_Vconc_2.4_run_0.csv,1200.0,0.005,0,2.4,0.04,2.4,0,30.25,3.28933,0.0135101,0.00128109,3.28933,0.0,0.291313,3840.86
1200_dose_0.005_gradient_0_VconcST_0.04_Vconc_2.4_run_0.csv,1200.0,0.005,0,2.4,0.04,2.4,0,30.5,3.33922,0.0132424,0.00130052,3.33922,0.0,0.294433,105.171
1200_dose_0.005_gradient_0_VconcST_0.04_Vconc_2.4_run_0.csv,1200.0,0.005,0,2.4,0.04,2.4,0,30.75,3.38768,0.0129799,0.0013194,3.38768,0.0,0.297437,3722.79
1200_dose_0.005_gradient_0_VconcST_0.04_Vconc_2.4_run_0.csv,1200.0,0.005,0,2.4,0.04,2.4,0,31.0,3.43475,0.0127227,0.00133773,3.43475,0.0,0.300331,107.3
1200_dose_0.005_gradient_0_VconcST_0.04_Vconc_2.4_run_0.csv,1200.0,0.005,0,2.4,0.04,2.4,0,31.25,3.48045,0.0124705,0.00135553,3.48045,0.0,0.303118,3808.82
1200_dose_0.005_gradient_0_VconcST_0.04_Vconc_2.4_run_0.csv,1200.0,0.005,0,2.4,0.04,2.4,0,31.5,3.52482,0.0122234,0.00137281,3.52482,0.0,0.305802,106.914
1200_dose_0.005_gradient_0_VconcST_0.04_Vconc_2.4_run_0.csv,1200.0,0.005,0,2.4,0.04,2.4,0,31.75,3.56787,0.0119811,0.00138958,3.56787,0.0,0.308387,3647.13
1200_dose_0.005_gradient_0_VconcST_0.04_Vconc_2.4_run_0.csv,1200.0,0.005,0,2.4,0.04,2.4,0,32.0,3.60965,0.0117437,0.00140585,3.60965,0.0,0.310877,107.794
1200_dose_0.005_gradient_0_VconcST_0.04_Vconc_2.4_run_0.csv,1200.0,0.005,0,2.4,0.04,2.4,0,32.25,3.65017,0.0115109,0.00142163,3.65017,0.0,0.313276,3690.6
1200_dose_0.005_gradient_0_VconcST_0.04_Vconc_2.4_run_0.csv,1200.0,0.005,0,2.4,0.04,2.4,0,32.5,3.68947,0.0112828,0.00143693,3.68947,0.0,0.315585,104.237
1200_dose_0.005_gradient_0_VconcST_0.04_Vconc_2.4_run_0.csv,1200.0,0.005,0,2.4,0.04,2.4,0,32.75,3.72756,0.0110592,0.00145177,3.72756,0.0,0.31781,3620.36
1200_dose_0.005_gradient_0_VconcST_0.04_Vconc_2.4_run_0.csv,1200.0,0.005,0,2.4,0.04,2.4,0,33.0,3.76447,0.01084,0.00146614,3.76447,0.0,0.319951,101.535
1200_dose_0.005_gradient_0_VconcST_0.04_Vconc_2.4_run_0.csv,1200.0,0.005,0,2.4,0.04,2.4,0,33.25,3.80023,0.0106251,0.00148007,3.80023,0.0,0.322013,3603.94
1200_dose_0.005_gradient_0_VconcST_0.04_Vconc_2.4_run_0.csv,1200.0,0.005,0,2.4,0.04,2.4,0,33.5,3.83487,0.0104146,0.00149356,3.83487,0.0,0.323999,104.95
1200_dose_0.005_gradient_0_VconcST_0.04_Vconc_2.4_run_0.csv,1200.0,0.005,0,2.4,0.04,2.4,0,33.75,3.8684,0.0102082,0.00150662,3.8684,0.0,0.32591,3657.73
1200_dose_0.005_gradient_0_VconcST_0.04_Vconc_2.4_run_0.csv,1200.0,0.005,0,2.4,0.04,2.4,0,34.0,3.90085,0.0100059,0.00151926,3.90085,0.0,0.327749,97.4267
1200_dose_0.005_gradient_0_VconcST_0.04_Vconc_2.4_run_0.csv,1200.0,0.005,0,2.4,0.04,2.4,0,34.25,3.93224,0.00980755,0.00153149,3.93224,0.0,0.329519,3528.33
1200_dose_0.005_gradient_0_VconcST_0.04_Vconc_2.4_run_0.csv,1200.0,0.005,0,2.4,0.04,2.4,0,34.5,3.9626,0.00961317,0.00154331,3.9626,0.0,0.331221,95.1926
1200_dose_0.005_gradient_0_VconcST_0.04_Vconc_2.4_run_0.csv,1200.0,0.005,0,2.4,0.04,2.4,0,34.75,3.99195,0.00942265,0.00155474,3.99195,0.0,0.332859,3511.18
1200_dose_0.005_gradient_0_VconcST_0.04_Vconc_2.4_run_0.csv,1200.0,0.005,0,2.4,0.04,2.4,0,35.0,4.02069,0.0142359,0.00156594,4.02069,0.0,0.334434,98.6612
1200_dose_0.005_gradient_0_VconcST_0.04_Vconc_2.4_run_0.csv,1200.0,0.005,0,2.4,0.04,2.4,0,35.25,4.07116,0.0139538,0.00158559,4.07116,0.0,0.337218,3557.65
1200_dose_0.005_gradient_0_VconcST_0.04_Vconc_2.4_run_0.csv,1200.0,0.005,0,2.4,0.04,2.4,0,35.5,4.12013,0.0136772,0.00160466,4.12013,0.0,0.339897,100.09
1200_dose_0.005_gradient_0_VconcST_0.04_Vconc_2.4_run_0.csv,1200.0,0.005,0,2.4,0.04,2.4,0,35.75,4.16764,0.0134062,0.00162317,4.16764,0.0,0.342476,3431.91
1200_dose_0.005_gradient_0_VconcST_0.04_Vconc_2.4_run_0.csv,1200.0,0.005,0,2.4,0.04,2.4,0,36.0,4.21372,0.0131405,0.00164111,4.21372,0.0,0.344958,94.1143
1200_dose_0.005_gradient_0_VconcST_0.04_Vconc_2.4_run_0.csv,1200.0,0.005,0,2.4,0.04,2.4,0,36.25,4.2584,0.01288,0.00165851,4.2584,0.0,0.347347,3378.33
1200_dose_0.005_gradient_0_VconcST_0.04_Vconc_2.4_run_0.csv,1200.0,0.005,0,2.4,0.04,2.4,0,36.5,4.3017,0.0126248,0.00167538,4.3017,0.0,0.349646,98.1326
1200_dose_0.005_gradient_0_VconcST_0.04_Vconc_2.4_run_0.csv,1200.0,0.005,0,2.4,0.04,2.4,0,36.75,4.34366,0.0123746,0.00169172,4.34366,0.0,0.351858,3496.63
1200_dose_0.005_gradient_0_VconcST_0.04_Vconc_2.4_run_0.csv,1200.0,0.005,0,2.4,0.04,2.4,0,37.0,4.38431,0.0121293,0.00170755,4.38431,0.0,0.353987,94.3024
1200_dose_0.005_gradient_0_VconcST_0.04_Vconc_2.4_run_0.csv,1200.0,0.005,0,2.4,0.04,2.4,0,37.25,4.42368,0.0118889,0.00172288,4.42368,0.0,0.356035,3260.77
1200_dose_0.005_gradient_0_VconcST_0.04_Vconc_2.4_run_0.csv,1200.0,0.005,0,2.4,0.04,2.4,0,37.5,4.46178,0.0116533,0.00173773,4.46178,0.0,0.358005,96.5351
1200_dose_0.005_gradient_0_VconcST_0.04_Vconc_2.4_run_0.csv,1200.0,0.005,0,2.4,0.04,2.4,0,37.75,4.49865,0.0114223,0.00175208,4.49865,0.0,0.3599,3438.82
1200_dose_0.005_gradient_0_VconcST_0.04_Vconc_2.4_run_0.csv,1200.0,0.005,0,2.4,0.04,2.4,0,38.0,4.53431,0.011196,0.00176597,4.53431,0.0,0.361722,88.4173
1200_dose_0.005_gradient_0_VconcST_0.04_Vconc_2.4_run_0.csv,1200.0,0.005,0,2.4,0.04,2.4,0,38.25,4.5688,0.0109741,0.00177941,4.5688,0.0,0.363475,3426.27
1200_dose_0.005_gradient_0_VconcST_0.04_Vconc_2.4_run_0.csv,1200.0,0.005,0,2.4,0.04,2.4,0,38.5,4.60213,0.0107566,0.00179239,4.60213,0.0,0.365159,95.341
1200_dose_0.005_gradient_0_VconcST_0.04_Vconc_2.4_run_0.csv,1200.0,0.005,0,2.4,0.04,2.4,0,38.75,4.63433,0.0105434,0.00180493,4.63433,0.0,0.366778,3330.92
1200_dose_0.005_gradient_0_VconcST_0.04_Vconc_2.4_run_0.csv,1200.0,0.005,0,2.4,0.04,2.4,0,39.0,4.66543,0.0103344,0.00181704,4.66543,0.0,0.368334,90.8856
1200_dose_0.005_gradient_0_VconcST_0.04_Vconc_2.4_run_0.csv,1200.0,0.005,0,2.4,0.04,2.4,0,39.25,4.69544,0.0101296,0.00182873,4.69544,0.0,0.369828,3313.4
1200_dose_0.005_gradient_0_VconcST_0.04_Vconc_2.4_run_0.csv,1200.0,0.005,0,2.4,0.04,2.4,0,39.5,4.72439,0.00992886,0.00184,4.72439,0.0,0.371263,95.795
1200_dose_0.005_gradient_0_VconcST_0.04_Vconc_2.4_run_0.csv,1200.0,0.005,0,2.4,0.04,2.4,0,39.75,4.75231,0.00973209,0.00185088,4.75231,0.0,0.37264,3292.35
1200_dose_0.005_gradient_0_VconcST_0.04_Vconc_2.4_run_0.csv,1200.0,0.005,0,2.4,0.04,2.4,0,40.0,4.7796,0.0145392,0.0018615,4.7796,0.0,0.373962,91.1004
1200_dose_0.005_gradient_0_VconcST_0.04_Vconc_2.4_run_0.csv,1200.0,0.005,0,2.4,0.04,2.4,0,40.25,4.82858,0.0142511,0.00188058,4.82858,0.0,0.376354,3296.48
1200_dose_0.005_gradient_0_VconcST_0.04_Vconc_2.4_run_0.csv,1200.0,0.005,0,2.4,0.04,2.4,0,40.5,4.87606,0.0139686,0.00189907,4.87606,0.0,0.378654,90.3864
1200_dose_0.005_gradient_0_VconcST_0.04_Vconc_2.4_run_0.csv,1200.0,0.005,0,2.4,0.04,2.4,0,40.75,4.92204,0.0136918,0.00191698,4.92204,0.0,0.380867,3280.94
1200_dose_0.005_gradient_0_VconcST_0.04_Vconc_2.4_run_0.csv,1200.0,0.005,0,2.4,0.04,2.4,0,41.0,4.96658,0.0134204,0.00193433,4.96658,0.0,0.382995,89.9092
1200_dose_0.005_gradient_0_VconcST_0.04_Vconc_2.4_run_0.csv,1200.0,0.005,0,2.4,0.04,2.4,0,41.25,5.00969,0.0131544,0.00195112,5.00969,0.0,0.38504,3209.71
1200_dose_0.005_gradient_0_VconcST_0.04_Vconc_2.4_run_0.csv,1200.0,0.005,0,2.4,0.04,2.4,0,41.5,5.05142,0.0128937,0.00196737,5.05142,0.0,0.387008,90.7299
1200_dose_0.005_gradient_0_VconcST_0.04_Vconc_2.4_run_0.csv,1200.0,0.005,0,2.4,0.04,2.4,0,41.75,5.09178,0.0126382,0.00198309,5.09178,0.0,0.388899,3213.23
1200_dose_0.005_gradient_0_VconcST_0.04_Vconc_2.4_run_0.csv,1200.0,0.005,0,2.4,0.04,2.4,0,42.0,5.13081,0.0123877,0.00199829,5.13081,0.0,0.390716,88.4513
1200_dose_0.005_gradient_0_VconcST_0.04_Vconc_2.4_run_0.csv,1200.0,0.005,0,2.4,0.04,2.4,0,42.25,5.16853,0.0121422,0.00201298,5.16853,0.0,0.392463,3267.78
1200_dose_0.005_gradient_0_VconcST_0.04_Vconc_2.4_run_0.csv,1200.0,0.005,0,2.4,0.04,2.4,0,42.5,5.20498,0.0119016,0.00202718,5.20498,0.0,0.394141,91.5223
1200_dose_0.005_gradient_0_VconcST_0.04_Vconc_2.4_run_0.csv,1200.0,0.005,0,2.4,0.04,2.4,0,42.75,5.24018,0.0116657,0.00204089,5.24018,0.0,0.395752,3122.77
1200_dose_0.005_gradient_0_VconcST_0.04_Vconc_2.4_run_0.csv,1200.0,0.005,0,2.4,0.04,2.4,0,43.0,5.27416,0.0114345,0.00205412,5.27416,0.0,0.3973,87.3188
1200_dose_0.005_gradient_0_VconcST_0.04_Vconc_2.4_run_0.csv,1200.0,0.005,0,2.4,0.04,2.4,0,43.25,5.30694,0.0112079,0.00206689,5.30694,0.0,0.398786,3045.11
1200_dose_0.005_gradient_0_VconcST_0.04_Vconc_2.4_run_0.csv,1200.0,0.005,0,2.4,0.04,2.4,0,43.5,5.33855,0.0109857,0.0020792,5.33855,0.0,0.400211,87.9894
1200_dose_0.005_gradient_0_VconcST_0.04_Vconc_2.4_run_0.csv,1200.0,0.005,0,2.4,0.04,2.4,0,43.75,5.36901,0.010768,0.00209106,5.36901,0.0,0.401579,3126.75
1200_dose_0.005_gradient_0_VconcST_0.04_Vconc_2.4_run_0.csv,1200.0,0.005,0,2.4,0.04,2.4,0,44.0,5.39836,0.0105546,0.00210249,5.39836,0.0,0.402891,86.0522
1200_dose_0.005_gradient_0_VconcST_0.04_Vconc_2.4_run_0.csv,1200.0,0.005,0,2.4,0.04,2.4,0,44.25,5.42661,0.0103454,0.0021135,5.42661,0.0,0.404148,3063.32
1200_dose_0.005_gradient_0_VconcST_0.04_Vconc_2.4_run_0.csv,1200.0,0.005,0,2.4,0.04,2.4,0,44.5,5.45378,0.0101404,0.00212408,5.45378,0.0,0.405352,84.6702
1200_dose_0.005_gradient_0_VconcST_0.04_Vconc_2.4_run_0.csv,1200.0,0.005,0,2.4,0.04,2.4,0,44.75,5.47991,0.00993942,0.00213426,5.47991,0.0,0.406505,3152.13
1200_dose_0.005_gradient_0_VconcST_0.04_Vconc_2.4_run_0.csv,1200.0,0.005,0,2.4,0.04,2.4,0,45.0,5.5054,0.0147424,0.00214418,5.5054,0.0,0.407609,84.8516
1200_dose_0.005_gradient_0_VconcST_0.04_Vconc_2.4_run_0.csv,1200.0,0.005,0,2.4,0.04,2.4,0,45.25,5.55257,0.0144503,0.00216255,5.55257,0.0,0.409672,3051.6
1200_dose_0.005_gradient_0_VconcST_0.04_Vconc_2.4_run_0.csv,1200.0,0.005,0,2.4,0.04,2.4,0,45.5,5.59822,0.0141639,0.00218033,5.59822,0.0,0.411655,78.8074
1200_dose_0.005_gradient_0_VconcST_0.04_Vconc_2.4_run_0.csv,1200.0,0.005,0,2.4,0.04,2.4,0,45.75,5.64237,0.0138832,0.00219753,5.64237,0.0,0.413561,3109.85
1200_dose_0.005_gradient_0_VconcST_0.04_Vconc_2.4_run_0.csv,1200.0,0.005,0,2.4,0.04,2.4,0,46.0,5.68506,0.013608,0.00221415,5.68506,0.0,0.415391,85.186
1200_dose_0.005_gradient_0_VconcST_0.04_Vconc_2.4_run_0.csv,1200.0,0.005,0,2.4,0.04,2.4,0,46.25,5.72631,0.0133383,0.00223022,5.72631,0.0,0.417149,3024.44
1200_dose_0.005_gradient_0_VconcST_0.04_Vconc_2.4_run_0.csv,1200.0,0.005,0,2.4,0.04,2.4,0,46.5,5.76617,0.013074,0.00224574,5.76617,0.0,0.418838,80.9724
1200_dose_0.005_gradient_0_VconcST_0.04_Vconc_2.4_run_0.csv,1200.0,0.005,0,2.4,0.04,2.4,0,46.75,5.80465,0.0128148,0.00226073,5.80465,0.0,0.420459,2985.52
1200_dose_0.005_gradient_0_VconcST_0.04_Vconc_2.4_run_0.csv,1200.0,0.005,0,2.4,0.04,2.4,0,47.0,5.84179,0.0125609,0.0022752,5.84179,0.0,0.422015,81.2508
1200_dose_0.005_gradient_0_VconcST_0.04_Vconc_2.4_run_0.csv,1200.0,0.005,0,2.4,0.04,2.4,0,47.25,5.87762,0.0123119,0.00228915,5.87762,0.0,0.423508,3008.42
1200_dose_0.005_gradient_0_VconcST_0.04_Vconc_2.4_run_0.csv,1200.0,0.005,0,2.4,0.04,2.4,0,47.5,5.91216,0.0120679,0.0023026,5.91216,0.0,0.42494,78.3805
1200_dose_0.005_gradient_0_VconcST_0.04_Vconc_2.4_run_0.csv,1200.0,0.005,0,2.4,0.04,2.4,0,47.75,5.94545,0.0118287,0.00231557,5.94545,0.0,0.426314,2937.4
1200_dose_0.005_gradient_0_VconcST_0.04_Vconc_2.4_run_0.csv,1200.0,0.005,0,2.4,0.04,2.4,0,48.0,5.97751,0.0115943,0.00232805,5.97751,0.0,0.42763,78.5907
1200_dose_0.005_gradient_0_VconcST_0.04_Vconc_2.4_run_0.csv,1200.0,0.005,0,2.4,0.04,2.4,0,48.25,6.00836,0.0113645,0.00234007,6.00836,0.0,0.428892,2942.93
1200_dose_0.005_gradient_0_VconcST_0.04_Vconc_2.4_run_0.csv,1200.0,0.005,0,2.4,0.04,2.4,0,48.5,6.03804,0.0111393,0.00235163,6.03804,0.0,0.4301,80.4836
1200_dose_0.005_gradient_0_VconcST_0.04_Vconc_2.4_run_0.csv,1200.0,0.005,0,2.4,0.04,2.4,0,48.75,6.06656,0.0109185,0.00236274,6.06656,0.0,0.431257,2908.01
1200_dose_0.005_gradient_0_VconcST_0.04_Vconc_2.4_run_0.csv,1200.0,0.005,0,2.4,0.04,2.4,0,49.0,6.09396,0.0107021,0.00237341,6.09396,0.0,0.432363,78.3568
1200_dose_0.005_gradient_0_VconcST_0.04_Vconc_2.4_run_0.csv,1200.0,0.005,0,2.4,0.04,2.4,0,49.25,6.12025,0.01049,0.00238365,6.12025,0.0,0.43342,2979.86
1200_dose_0.005_gradient_0_VconcST_0.04_Vconc_2.4_run_0.csv,1200.0,0.005,0,2.4,0.04,2.4,0,49.5,6.14546,0.0102821,0.00239347,6.14546,0.0,0.434431,81.3727
1200_dose_0.005_gradient_0_VconcST_0.04_Vconc_2.4_run_0.csv,1200.0,0.005,0,2.4,0.04,2.4,0,49.75,6.16962,0.0100784,0.00240288,6.16962,0.0,0.435396,2921.13
1200_dose_0.005_gradient_0_VconcST_0.04_Vconc_2.4_run_0.csv,1200.0,0.005,0,2.4,0.04,2.4,0,50.0,6.19313,0.0148786,0.00241203,6.19313,0.0,0.436317,77.9114
1200_dose_0.005_gradient_0_VconcST_0.04_Vconc_2.4_run_0.csv,1200.0,0.005,0,2.4,0.04,2.4,0,50.25,6.23833,0.0145837,0.00242964,6.23833,0.0,0.438107,2883.45
1200_dose_0.005_gradient_0_VconcST_0.04_Vconc_2.4_run_0.csv,1200.0,0.005,0,2.4,0.04,2.4,0,50.5,6.28199,0.0142947,0.00244664,6.28199,0.0,0.439826,80.6976
1200_dose_0.005_gradient_0_VconcST_0.04_Vconc_2.4_run_0.csv,1200.0,0.005,0,2.4,0.04,2.4,0,50.75,6.32415,0.0140114,0.00246306,6.32415,0.0,0.441476,2874.5
1200_dose_0.005_gradient_0_VconcST_0.04_Vconc_2.4_run_0.csv,1200.0,0.005,0,2.4,0.04,2.4,0,51.0,6.36485,0.0137337,0.00247891,6.36485,0.0,0.443059,80.2777
1200_dose_0.005_gradient_0_VconcST_0.04_Vconc_2.4_run_0.csv,1200.0,0.005,0,2.4,0.04,2.4,0,51.25,6.40411,0.0134615,0.0024942,6.40411,0.0,0.444578,2870.46
1200_dose_0.005_gradient_0_VconcST_0.04_Vconc_2.4_run_0.csv,1200.0,0.005,0,2.4,0.04,2.4,0,51.5,6.44196,0.0131947,0.00250894,6.44196,0.0,0.446035,79.1948
1200_dose_0.005_gradient_0_VconcST_0.04_Vconc_2.4_run_0.csv,1200.0,0.005,0,2.4,0.04,2.4,0,51.75,6.47844,0.0129332,0.00252315,6.47844,0.0,0.447432,2810.94
1200_dose_0.005_gradient_0_VconcST_0.04_Vconc_2.4_run_0.csv,1200.0,0.005,0,2.4,0.04,2.4,0,52.0,6.51357,0.0126769,0.00253683,6.51357,0.0,0.44877,74.5938
1200_dose_0.005_gradient_0_VconcST_0.04_Vconc_2.4_run_0.csv,1200.0,0.005,0,2.4,0.04,2.4,0,52.25,6.54739,0.0124257,0.00255001,6.54739,0.0,0.450052,2736.61
1200_dose_0.005_gradient_0_VconcST_0.04_Vconc_2.4_run_0.csv,1200.0,0.005,0,2.4,0.04,2.4,0,52.5,6.57992,0.0121794,0.00256267,6.57992,0.0,0.45128,78.6052
1200_dose_0.005_gradient_0_VconcST_0.04_Vconc_2.4_run_0.csv,1200.0,0.005,0,2.4,0.04,2.4,0,52.75,6.61119,0.011938,0.00257485,6.61119,0.0,0.452455,2791.16
1200_dose_0.005_gradient_0_VconcST_0.04_Vconc_2.4_run_0.csv,1200.0,0.005,0,2.4,0.04,2.4,0,53.0,6.64122,0.0117014,0.00258655,6.64122,0.0,0.453579,75.1979
1200_dose_0.005_gradient_0_VconcST_0.04_Vconc_2.4_run_0.csv,1200.0,0.005,0,2.4,0.04,2.4,0,53.25,6.67005,0.0114695,0.00259778,6.67005,0.0,0.454654,2716.95
1200_dose_0.005_gradient_0_VconcST_0.04_Vconc_2.4_run_0.csv,1200.0,0.005,0,2.4,0.04,2.4,0,53.5,6.6977,0.0112422,0.00260855,6.6977,0.0,0.45568,76.3514
1200_dose_0.005_gradient_0_VconcST_0.04_Vconc_2.4_run_0.csv,1200.0,0.005,0,2.4,0.04,2.4,0,53.75,6.72419,0.0110194,0.00261886,6.72419,0.0,0.456661,2755.62
1200_dose_0.005_gradient_0_VconcST_0.04_Vconc_2.4_run_0.csv,1200.0,0.005,0,2.4,0.04,2.4,0,54.0,6.74956,0.010801,0.00262874,6.74956,0.0,0.457596,75.9329
1200_dose_0.005_gradient_0_VconcST_0.04_Vconc_2.4_run_0.csv,1200.0,0.005,0,2.4,0.04,2.4,0,54.25,6.77382,0.0105869,0.00263819,6.77382,0.0,0.458487,2864.23
1200_dose_0.005_gradient_0_VconcST_0.04_Vconc_2.4_run_0.csv,1200.0,0.005,0,2.4,0.04,2.4,0,54.5,6.797,0.0103771,0.00264722,6.797,0.0,0.459336,77.4703
1200_dose_0.005_gradient_0_VconcST_0.04_Vconc_2.4_run_0.csv,1200.0,0.005,0,2.4,0.04,2.4,0,54.75,6.81913,0.0101715,0.00265584,6.81913,0.0,0.460144,2844.17
1200_dose_0.005_gradient_0_VconcST_0.04_Vconc_2.4_run_0.csv,1200.0,0.005,0,2.4,0.04,2.4,0,55.0,6.84061,0.0149699,0.00266421,6.84061,0.0,0.460912,74.3625
1200_dose_0.005_gradient_0_VconcST_0.04_Vconc_2.4_run_0.csv,1200.0,0.005,0,2.4,0.04,2.4,0,55.25,6.88377,0.0146732,0.00268102,6.88377,0.0,0.462476,2763.6
1200_dose_0.005_gradient_0_VconcST_0.04_Vconc_2.4_run_0.csv,1200.0,0.005,0,2.4,0.04,2.4,0,55.5,6.9254,0.0143824,0.00269723,6.9254,0.0,0.463977,73.9366
1200_dose_0.005_gradient_0_VconcST_0.04_Vconc_2.4_run_0.csv,1200.0,0.005,0,2.4,0.04,2.4,0,55.75,6.96553,0.0140973,0.00271286,6.96553,0.0,0.465415,2639.84
1200_dose_0.005_gradient_0_VconcST_0.04_Vconc_2.4_run_0.csv,1200.0,0.005,0,2.4,0.04,2.4,0,56.0,7.00419,0.0138179,0.00272791,7.00419,0.0,0.466793,75.0692
1200_dose_0.005_gradient_0_VconcST_0.04_Vconc_2.4_run_0.csv,1200.0,0.005,0,2.4,0.04,2.4,0,56.25,7.04141,0.0135441,0.00274241,7.04141,0.0,0.468114,2757.34
1200_dose_0.005_gradient_0_VconcST_0.04_Vconc_2.4_run_0.csv,1200.0,0.005,0,2.4,0.04,2.4,0,56.5,7.07723,0.0132757,0.00275636,7.07723,0.0,0.469378,71.3467
1200_dose_0.005_gradient_0_VconcST_0.04_Vconc_2.4_run_0.csv,1200.0,0.005,0,2.4,0.04,2.4,0,56.75,7.11167,0.0130126,0.00276978,7.11167,0.0,0.470588,2677.49
1200_dose_0.005_gradient_0_VconcST_0.04_Vconc_2.4_run_0.csv,1200.0,0.005,0,2.4,0.04,2.4,0,57.0,7.14477,0.0127547,0.00278267,7.14477,0.0,0.471746,72.4847
1200_dose_0.005_gradient_0_VconcST_0.04_Vconc_2.4_run_0.csv,1200.0,0.005,0,2.4,0.04,2.4,0,57.25,7.17655,0.0125019,0.00279504,7.17655,0.0,0.472853,2602.67
1200_dose_0.005_gradient_0_VconcST_0.04_Vconc_2.4_run_0.csv,1200.0,0.005,0,2.4,0.04,2.4,0,57.5,7.20705,0.0122541,0.00280692,7.20705,0.0,0.473911,71.2361
1200_dose_0.005_gradient_0_VconcST_0.04_Vconc_2.4_run_0.csv,1200.0,0.005,0,2.4,0.04,2.4,0,57.75,7.23628,0.0120113,0.00281831,7.23628,0.0,0.474921,2664.3
1200_dose_0.005_gradient_0_VconcST_0.04_Vconc_2.4_run_0.csv,1200.0,0.005,0,2.4,0.04,2.4,0,58.0,7.26428,0.0117732,0.00282921,7.26428,0.0,0.475885,72.0543
1200_dose_0.005_gradient_0_VconcST_0.04_Vconc_2.4_run_0.csv,1200.0,0.005,0,2.4,0.04,2.4,0,58.25,7.29109,0.0115399,0.00283965,7.29109,0.0,0.476804,2646.89
1200_dose_0.005_gradient_0_VconcST_0.04_Vconc_2.4_run_0.csv,1200.0,0.005,0,2.4,0.04,2.4,0,58.5,7.31671,0.0113112,0.00284963,7.31671,0.0,0.47768,71.9524
1200_dose_0.005_gradient_0_VconcST_0.04_Vconc_2.4_run_0.csv,1200.0,0.005,0,2.4,0.04,2.4,0,58.75,7.34118,0.011087,0.00285916,7.34118,0.0,0.478514,2524.35
1200_dose_0.005_gradient_0_VconcST_0.04_Vconc_2.4_run_0.csv,1200.0,0.005,0,2.4,0.04,2.4,0,59.0,7.36452,0.0108673,0.00286825,7.36452,0.0,0.479307,72.2714
1200_dose_0.005_gradient_0_VconcST_0.04_Vconc_2.4_run_0.csv,1200.0,0.005,0,2.4,0.04,2.4,0,59.25,7.38676,0.0106519,0.00287691,7.38676,0.0,0.48006,2596.55
1200_dose_0.005_gradient_0_VconcST_0.04_Vconc_2.4_run_0.csv,1200.0,0.005,0,2.4,0.04,2.4,0,59.5,7.40792,0.0104408,0.00288515,7.40792,0.0,0.480775,75.6525
1200_dose_0.005_gradient_0_VconcST_0.04_Vconc_2.4_run_0.csv,1200.0,0.005,0,2.4,0.04,2.4,0,59.75,7.42802,0.0102339,0.00289298,7.42802,0.0,0.481452,2528.34
1200_dose_0.005_gradient_0_VconcST_0.04_Vconc_2.4_run_0.csv,1200.0,0.005,0,2.4,0.04,2.4,0,60.0,7.44748,0.015031,0.00290056,7.44748,0.0,0.482093,71.6522
1200_dose_0.005_gradient_0_VconcST_0.04_Vconc_2.4_run_0.csv,1200.0,0.005,0,2.4,0.04,2.4,0,60.25,7.48862,0.0147331,0.00291659,7.48862,0.0,0.483469,2523.46
1200_dose_0.005_gradient_0_VconcST_0.04_Vconc_2.4_run_0.csv,1200.0,0.005,0,2.4,0.04,2.4,0,60.5,7.52823,0.0144411,0.00293201,7.52823,0.0,0.484788,71.9591
1200_dose_0.005_gradient_0_VconcST_0.04_Vconc_2.4_run_0.csv,1200.0,0.005,0,2.4,0.04,2.4,0,60.75,7.56634,0.0141549,0.00294686,7.56634,0.0,0.48605,2563.36
1200_dose_0.005_gradient_0_VconcST_0.04_Vconc_2.4_run_0.csv,1200.0,0.005,0,2.4,0.04,2.4,0,61.0,7.60299,0.0138744,0.00296113,7.60299,0.0,0.487258,81.2986
1200_dose_0.005_gradient_0_VconcST_0.04_Vconc_2.4_run_0.csv,1200.0,0.005,0,2.4,0.04,2.4,0,61.25,7.6382,0.0135994,0.00297484,7.6382,0.0,0.488413,2488.46
1200_dose_0.005_gradient_0_VconcST_0.04_Vconc_2.4_run_0.csv,1200.0,0.005,0,2.4,0.04,2.4,0,61.5,7.67201,0.0133299,0.00298801,7.67201,0.0,0.489518,479.187
1200_dose_0.005_gradient_0_VconcST_0.04_Vconc_2.4_run_0.csv,1200.0,0.005,0,2.4,0.04,2.4,0,61.75,7.70445,0.0130657,0.00300064,7.70445,0.00140191,0.490573,1945.96
1200_dose_0.005_gradient_0_VconcST_0.04_Vconc_2.4_run_0.csv,1200.0,0.005,0,2.4,0.04,2.4,0,62.0,7.73555,0.0128068,0.00301275,7.73555,0.0,0.491581,2660.49
1200_dose_0.005_gradient_0_VconcST_0.04_Vconc_2.4_run_0.csv,1200.0,0.005,0,2.4,0.04,2.4,0,62.25,7.76533,0.012553,0.00302435,7.76533,0.00845269,0.492542,2452.67
1200_dose_0.005_gradient_0_VconcST_0.04_Vconc_4_run_0.csv,1200.0,0.005,0,4.0,0.04,4.0,0,0.0,0.0,0.0,0.0,0.0,0.0,0.0,0.0
1200_dose_0.005_gradient_0_VconcST_0.04_Vconc_4_run_0.csv,1200.0,0.005,0,4.0,0.04,4.0,0,0.25,0.0,0.0,0.0,0.0,0.0,0.0,9885.74
1200_dose_0.005_gradient_0_VconcST_0.04_Vconc_4_run_0.csv,1200.0,0.005,0,4.0,0.04,4.0,0,0.5,0.0,0.0,0.0,0.0,0.0,0.0,434.974
1200_dose_0.005_gradient_0_VconcST_0.04_Vconc_4_run_0.csv,1200.0,0.005,0,4.0,0.04,4.0,0,0.75,0.0,0.0,0.0,0.0,0.0,0.0,10000.0
1200_dose_0.005_gradient_0_VconcST_0.04_Vconc_4_run_0.csv,1200.0,0.005,0,4.0,0.04,4.0,0,1.0,0.0,0.0,0.0,0.0,0.0,0.0,443.53
1200_dose_0.005_gradient_0_VconcST_0.04_Vconc_4_run_0.csv,1200.0,0.005,0,4.0,0.04,4.0,0,1.25,0.0,0.0,0.0,0.0,0.0,0.0,10000.0
1200_dose_0.005_gradient_0_VconcST_0.04_Vconc_4_run_0.csv,1200.0,0.005,0,4.0,0.04,4.0,0,1.5,0.0,0.0,0.0,0.0,0.0,0.0,421.784
1200_dose_0.005_gradient_0_VconcST_0.04_Vconc_4_run_0.csv,1200.0,0.005,0,4.0,0.04,4.0,0,1.75,0.0,0.0,0.0,0.0,0.0,0.0,9999.09
1200_dose_0.005_gradient_0_VconcST_0.04_Vconc_4_run_0.csv,1200.0,0.005,0,4.0,0.04,4.0,0,2.0,0.0,0.0,0.0,0.0,0.0,0.0,446.528
1200_dose_0.005_gradient_0_VconcST_0.04_Vconc_4_run_0.csv,1200.0,0.005,0,4.0,0.04,4.0,0,2.25,0.0,0.0,0.0,0.0,0.0,0.0,10000.0
1200_dose_0.005_gradient_0_VconcST_0.04_Vconc_4_run_0.csv,1200.0,0.005,0,4.0,0.04,4.0,0,2.5,0.0,0.0,0.0,0.0,0.0,0.0,435.148
1200_dose_0.005_gradient_0_VconcST_0.04_Vconc_4_run_0.csv,1200.0,0.005,0,4.0,0.04,4.0,0,2.75,0.0,0.0,0.0,0.0,0.0,0.0,10000.0
1200_dose_0.005_gradient_0_VconcST_0.04_Vconc_4_run_0.csv,1200.0,0.005,0,4.0,0.04,4.0,0,3.0,0.0,0.0,0.0,0.0,0.0,0.0,437.103
1200_dose_0.005_gradient_0_VconcST_0.04_Vconc_4_run_0.csv,1200.0,0.005,0,4.0,0.04,4.0,0,3.25,0.0,0.0,0.0,0.0,0.0,0.0,10000.0
1200_dose_0.005_gradient_0_VconcST_0.04_Vconc_4_run_0.csv,1200.0,0.005,0,4.0,0.04,4.0,0,3.5,0.0,0.0,0.0,0.0,0.0,0.0,446.31
1200_dose_0.005_gradient_0_VconcST_0.04_Vconc_4_run_0.csv,1200.0,0.005,0,4.0,0.04,4.0,0,3.75,0.0,0.0,0.0,0.0,0.0,0.0,9956.37
1200_dose_0.005_gradient_0_VconcST_0.04_Vconc_4_run_0.csv,1200.0,0.005,0,4.0,0.04,4.0,0,4.0,0.0,0.0,0.0,0.0,0.0,0.0,445.552
1200_dose_0.005_gradient_0_VconcST_0.04_Vconc_4_run_0.csv,1200.0,0.005,0,4.0,0.04,4.0,0,4.25,0.0,0.0,0.0,0.0,0.0,0.0,10000.0
1200_dose_0.005_gradient_0_VconcST_0.04_Vconc_4_run_0.csv,1200.0,0.005,0,4.0,0.04,4.0,0,4.5,0.0,0.0,0.0,0.0,0.0,0.0,437.775
1200_dose_0.005_gradient_0_VconcST_0.04_Vconc_4_run_0.csv,1200.0,0.005,0,4.0,0.04,4.0,0,4.75,0.0,0.0,0.0,0.0,0.0,0.0,10000.0
1200_dose_0.005_gradient_0_VconcST_0.04_Vconc_4_run_0.csv,1200.0,0.005,0,4.0,0.04,4.0,0,5.0,0.000389313,0.005,1.51625e-07,0.000389313,0.0,0.0,451.747
1200_dose_0.005_gradient_0_VconcST_0.04_Vconc_4_run_0.csv,1200.0,0.005,0,4.0,0.04,4.0,0,5.25,0.0234672,0.00490091,9.13975e-06,0.0234672,0.0,0.00287758,10000.0
1200_dose_0.005_gradient_0_VconcST_0.04_Vconc_4_run_0.csv,1200.0,0.005,0,4.0,0.04,4.0,0,5.5,0.0460002,0.00480378,1.79157e-05,0.0460002,0.0,0.00567128,447.816
1200_dose_0.005_gradient_0_VconcST_0.04_Vconc_4_run_0.csv,1200.0,0.005,0,4.0,0.04,4.0,0,5.75,0.0679994,0.00470857,2.64837e-05,0.0679994,0.0,0.00838375,10000.0
1200_dose_0.005_gradient_0_VconcST_0.04_Vconc_4_run_0.csv,1200.0,0.005,0,4.0,0.04,4.0,0,6.0,0.0894757,0.00461525,3.4848e-05,0.0894757,0.0,0.0110175,420.306
1200_dose_0.005_gradient_0_VconcST_0.04_Vconc_4_run_0.csv,1200.0,0.005,0,4.0,0.04,4.0,0,6.25,0.11044,0.00452378,4.30129e-05,0.11044,0.0,0.013575,10000.0
1200_dose_0.005_gradient_0_VconcST_0.04_Vconc_4_run_0.csv,1200.0,0.005,0,4.0,0.04,4.0,0,6.5,0.130902,0.00443413,5.09824e-05,0.130902,0.0,0.0160586,429.808
1200_dose_0.005_gradient_0_VconcST_0.04_Vconc_4_run_0.csv,1200.0,0.005,0,4.0,0.04,4.0,0,6.75,0.150873,0.00434625,5.87605e-05,0.150873,0.0,0.0184705,10000.0
1200_dose_0.005_gradient_0_VconcST_0.04_Vconc_4_run_0.csv,1200.0,0.005,0,4.0,0.04,4.0,0,7.0,0.170363,0.00426011,6.63511e-05,0.170363,0.0,0.0208129,431.244
1200_dose_0.005_gradient_0_VconcST_0.04_Vconc_4_run_0.csv,1200.0,0.005,0,4.0,0.04,4.0,0,7.25,0.189381,0.00417568,7.37581e-05,0.189381,0.0,0.0230878,10000.0
1200_dose_0.005_gradient_0_VconcST_0.04_Vconc_4_run_0.csv,1200.0,0.005,0,4.0,0.04,4.0,0,7.5,0.207938,0.00409293,8.09852e-05,0.207938,0.0,0.0252974,403.259
1200_dose_0.005_gradient_0_VconcST_0.04_Vconc_4_run_0.csv,1200.0,0.005,0,4.0,0.04,4.0,0,7.75,0.226041,0.00401181,8.80362e-05,0.226041,0.0,0.0274435,9870.04
1200_dose_0.005_gradient_0_VconcST_0.04_Vconc_4_run_0.csv,1200.0,0.005,0,4.0,0.04,4.0,0,8.0,0.243703,0.0039323,9.49146e-05,0.243703,0.0,0.029528,427.9
1200_dose_0.005_gradient_0_VconcST_0.04_Vconc_4_run_0.csv,1200.0,0.005,0,4.0,0.04,4.0,0,8.25,0.260929,0.00385437,0.000101624,0.260929,0.0,0.0315527,10000.0
1200_dose_0.005_gradient_0_VconcST_0.04_Vconc_4_run_0.csv,1200.0,0.005,0,4.0,0.04,4.0,0,8.5,0.277731,0.00377798,0.000108168,0.277731,0.0,0.0335193,417.769
1200_dose_0.005_gradient_0_VconcST_0.04_Vconc_4_run_0.csv,1200.0,0.005,0,4.0,0.04,4.0,0,8.75,0.294117,0.0037031,0.000114549,0.294117,0.0,0.0354295,9563.69
1200_dose_0.005_gradient_0_VconcST_0.04_Vconc_4_run_0.csv,1200.0,0.005,0,4.0,0.04,4.0,0,9.0,0.310095,0.00362971,0.000120772,0.310095,0.0,0.037285,408.14
1200_dose_0.005_gradient_0_VconcST_0.04_Vconc_4_run_0.csv,1200.0,0.005,0,4.0,0.04,4.0,0,9.25,0.325673,0.00355778,0.00012684,0.325673,0.0,0.0390872,10000.0
1200_dose_0.005_gradient_0_VconcST_0.04_Vconc_4_run_0.csv,1200.0,0.005,0,4.0,0.04,4.0,0,9.5,0.340861,0.00348726,0.000132755,0.340861,0.0,0.0408376,403.994
1200_dose_0.005_gradient_0_VconcST_0.04_Vconc_4_run_0.csv,1200.0,0.005,0,4.0,0.04,4.0,0,9.75,0.355665,0.00341815,0.00013852,0.355665,0.0,0.0425378,10000.0
1200_dose_0.005_gradient_0_VconcST_0.04_Vconc_4_run_0.csv,1200.0,0.005,0,4.0,0.04,4.0,0,10.0,0.370483,0.00835041,0.000144292,0.370483,0.0,0.0441891,425.537
1200_dose_0.005_gradient_0_VconcST_0.04_Vconc_4_run_0.csv,1200.0,0.005,0,4.0,0.04,4.0,0,10.25,0.407623,0.00818492,0.000158757,0.407623,0.0,0.0484133,9946.53
1200_dose_0.005_gradient_0_VconcST_0.04_Vconc_4_run_0.csv,1200.0,0.005,0,4.0,0.04,4.0,0,10.5,0.443858,0.0080227,0.000172869,0.443858,0.0,0.0524988,421.866
1200_dose_0.005_gradient_0_VconcST_0.04_Vconc_4_run_0.csv,1200.0,0.005,0,4.0,0.04,4.0,0,10.75,0.479207,0.0078637,0.000186636,0.479207,0.0,0.0564508,9997.03
1200_dose_0.005_gradient_0_VconcST_0.04_Vconc_4_run_0.csv,1200.0,0.005,0,4.0,0.04,4.0,0,11.0,0.513688,0.00770785,0.000200066,0.513688,0.0,0.060274,424.259
1200_dose_0.005_gradient_0_VconcST_0.04_Vconc_4_run_0.csv,1200.0,0.005,0,4.0,0.04,4.0,0,11.25,0.547319,0.00755509,0.000213164,0.547319,0.0,0.0639733,10000.0
1200_dose_0.005_gradient_0_VconcST_0.04_Vconc_4_run_0.csv,1200.0,0.005,0,4.0,0.04,4.0,0,11.5,0.580117,0.00740536,0.000225937,0.580117,0.0,0.0675531,404.386
1200_dose_0.005_gradient_0_VconcST_0.04_Vconc_4_run_0.csv,1200.0,0.005,0,4.0,0.04,4.0,0,11.75,0.612099,0.00725859,0.000238394,0.612099,0.0,0.0710175,9977.07
1200_dose_0.005_gradient_0_VconcST_0.04_Vconc_4_run_0.csv,1200.0,0.005,0,4.0,0.04,4.0,0,12.0,0.643283,0.00711473,0.000250539,0.643283,0.0,0.0743708,377.919
1200_dose_0.005_gradient_0_VconcST_0.04_Vconc_4_run_0.csv,1200.0,0.005,0,4.0,0.04,4.0,0,12.25,0.673684,0.00697373,0.000262379,0.673684,0.0,0.0776167,9890.71
1200_dose_0.005_gradient_0_VconcST_0.04_Vconc_4_run_0.csv,1200.0,0.005,0,4.0,0.04,4.0,0,12.5,0.703319,0.00683552,0.000273921,0.703319,0.0,0.080759,379.278
1200_dose_0.005_gradient_0_VconcST_0.04_Vconc_4_run_0.csv,1200.0,0.005,0,4.0,0.04,4.0,0,12.75,0.732205,0.00670004,0.000285171,0.732205,0.0,0.0838012,9830.01
1200_dose_0.005_gradient_0_VconcST_0.04_Vconc_4_run_0.csv,1200.0,0.005,0,4.0,0.04,4.0,0,13.0,0.760355,0.00656726,0.000296135,0.760355,0.0,0.0867467,354.416
1200_dose_0.005_gradient_0_VconcST_0.04_Vconc_4_run_0.csv,1200.0,0.005,0,4.0,0.04,4.0,0,13.25,0.787785,0.0064371,0.000306818,0.787785,0.0,0.0895987,9790.6
1200_dose_0.005_gradient_0_VconcST_0.04_Vconc_4_run_0.csv,1200.0,0.005,0,4.0,0.04,4.0,0,13.5,0.814511,0.00630953,0.000317227,0.814511,0.0,0.0923604,374.064
1200_dose_0.005_gradient_0_VconcST_0.04_Vconc_4_run_0.csv,1200.0,0.005,0,4.0,0.04,4.0,0,13.75,0.840546,0.00618448,0.000327367,0.840546,0.0,0.0950347,9713.08
1200_dose_0.005_gradient_0_VconcST_0.04_Vconc_4_run_0.csv,1200.0,0.005,0,4.0,0.04,4.0,0,14.0,0.865906,0.00606191,0.000337244,0.865906,0.0,0.0976245,388.6
1200_dose_0.005_gradient_0_VconcST_0.04_Vconc_4_run_0.csv,1200.0,0.005,0,4.0,0.04,4.0,0,14.25,0.890603,0.00594177,0.000346862,0.890603,0.0,0.100132,9886.7
1200_dose_0.005_gradient_0_VconcST_0.04_Vconc_4_run_0.csv,1200.0,0.005,0,4.0,0.04,4.0,0,14.5,0.914653,0.00582401,0.000356229,0.914653,0.0,0.102561,353.718
1200_dose_0.005_gradient_0_VconcST_0.04_Vconc_4_run_0.csv,1200.0,0.005,0,4.0,0.04,4.0,0,14.75,0.938067,0.00570859,0.000365348,0.938067,0.0,0.104913,9626.45
1200_dose_0.005_gradient_0_VconcST_0.04_Vconc_4_run_0.csv,1200.0,0.005,0,4.0,0.04,4.0,0,15.0,0.961249,0.0105954,0.000374377,0.961249,0.0,0.107191,361.087
1200_dose_0.005_gradient_0_VconcST_0.04_Vconc_4_run_0.csv,1200.0,0.005,0,4.0,0.04,4.0,0,15.25,1.00651,0.0103855,0.000392005,1.00651,0.0,0.11168,9755.17
1200_dose_0.005_gradient_0_VconcST_0.04_Vconc_4_run_0.csv,1200.0,0.005,0,4.0,0.04,4.0,0,15.5,1.05063,0.0101796,0.000409189,1.05063,0.0,0.116013,384.111
1200_dose_0.005_gradient_0_VconcST_0.04_Vconc_4_run_0.csv,1200.0,0.005,0,4.0,0.04,4.0,0,15.75,1.09364,0.00997788,0.000425938,1.09364,0.0,0.120196,9535.63
1200_dose_0.005_gradient_0_VconcST_0.04_Vconc_4_run_0.csv,1200.0,0.005,0,4.0,0.04,4.0,0,16.0,1.13555,0.00978013,0.00044226,1.13555,0.0,0.124234,357.983
1200_dose_0.005_gradient_0_VconcST_0.04_Vconc_4_run_0.csv,1200.0,0.005,0,4.0,0.04,4.0,0,16.25,1.17639,0.0095863,0.000458166,1.17639,0.0,0.128133,10000.0
1200_dose_0.005_gradient_0_VconcST_0.04_Vconc_4_run_0.csv,1200.0,0.005,0,4.0,0.04,4.0,0,16.5,1.21617,0.00939631,0.000473662,1.21617,0.0,0.131899,350.353
1200_dose_0.005_gradient_0_VconcST_0.04_Vconc_4_run_0.csv,1200.0,0.005,0,4.0,0.04,4.0,0,16.75,1.25493,0.00921009,0.000488758,1.25493,0.0,0.135537,9621.97
1200_dose_0.005_gradient_0_VconcST_0.04_Vconc_4_run_0.csv,1200.0,0.005,0,4.0,0.04,4.0,0,17.0,1.29269,0.00902755,0.000503462,1.29269,0.0,0.139051,342.392
1200_dose_0.005_gradient_0_VconcST_0.04_Vconc_4_run_0.csv,1200.0,0.005,0,4.0,0.04,4.0,0,17.25,1.32946,0.00884864,0.000517782,1.32946,0.0,0.142445,9027.07
1200_dose_0.005_gradient_0_VconcST_0.04_Vconc_4_run_0.csv,1200.0,0.005,0,4.0,0.04,4.0,0,17.5,1.36526,0.00867327,0.000531726,1.36526,0.0,0.145725,316.849
1200_dose_0.005_gradient_0_VconcST_0.04_Vconc_4_run_0.csv,1200.0,0.005,0,4.0,0.04,4.0,0,17.75,1.40012,0.00850138,0.000545303,1.40012,0.0,0.148895,8685.29
1200_dose_0.005_gradient_0_VconcST_0.04_Vconc_4_run_0.csv,1200.0,0.005,0,4.0,0.04,4.0,0,18.0,1.43405,0.00833287,0.000558518,1.43405,0.0,0.151958,343.177
1200_dose_0.005_gradient_0_VconcST_0.04_Vconc_4_run_0.csv,1200.0,0.005,0,4.0,0.04,4.0,0,18.25,1.46708,0.00816772,0.000571381,1.46708,0.0,0.154918,9409.27
1200_dose_0.005_gradient_0_VconcST_0.04_Vconc_4_run_0.csv,1200.0,0.005,0,4.0,0.04,4.0,0,18.5,1.49921,0.00800584,0.000583898,1.49921,0.0,0.157778,323.771
1200_dose_0.005_gradient_0_VconcST_0.04_Vconc_4_run_0.csv,1200.0,0.005,0,4.0,0.04,4.0,0,18.75,1.53048,0.00784718,0.000596076,1.53048,0.0,0.160543,9494.29
1200_dose_0.005_gradient_0_VconcST_0.04_Vconc_4_run_0.csv,1200.0,0.005,0,4.0,0.04,4.0,0,19.0,1.5609,0.00769166,0.000607923,1.5609,0.0,0.163215,337.903
1200_dose_0.005_gradient_0_VconcST_0.04_Vconc_4_run_0.csv,1200.0,0.005,0,4.0,0.04,4.0,0,19.25,1.59049,0.00753922,0.000619446,1.59049,0.0,0.165798,8856.27
1200_dose_0.005_gradient_0_VconcST_0.04_Vconc_4_run_0.csv,1200.0,0.005,0,4.0,0.04,4.0,0,19.5,1.61926,0.0073898,0.00063065,1.61926,0.0,0.168294,307.3
1200_dose_0.005_gradient_0_VconcST_0.04_Vconc_4_run_0.csv,1200.0,0.005,0,4.0,0.04,4.0,0,19.75,1.64723,0.00724334,0.000641544,1.64723,0.0,0.170707,8985.16
1200_dose_0.005_gradient_0_VconcST_0.04_Vconc_4_run_0.csv,1200.0,0.005,0,4.0,0.04,4.0,0,20.0,1.6748,0.0120998,0.000652285,1.6748,0.0,0.173038,295.07
1200_dose_0.005_gradient_0_VconcST_0.04_Vconc_4_run_0.csv,1200.0,0.005,0,4.0,0.04,4.0,0,20.25,1.72431,0.01186,0.000671563,1.72431,0.0,0.17725,9141.48
1200_dose_0.005_gradient_0_VconcST_0.04_Vconc_4_run_0.csv,1200.0,0.005,0,4.0,0.04,4.0,0,20.5,1.77251,0.0116249,0.000690338,1.77251,0.0,0.181311,323.108
1200_dose_0.005_gradient_0_VconcST_0.04_Vconc_4_run_0.csv,1200.0,0.005,0,4.0,0.04,4.0,0,20.75,1.81945,0.0113945,0.000708618,1.81945,0.0,0.185226,8385.32
1200_dose_0.005_gradient_0_VconcST_0.04_Vconc_4_run_0.csv,1200.0,0.005,0,4.0,0.04,4.0,0,21.0,1.86514,0.0111687,0.000726416,1.86514,0.0,0.189002,287.415
1200_dose_0.005_gradient_0_VconcST_0.04_Vconc_4_run_0.csv,1200.0,0.005,0,4.0,0.04,4.0,0,21.25,1.90963,0.0109474,0.00074374,1.90963,0.0,0.192644,8384.22
1200_dose_0.005_gradient_0_VconcST_0.04_Vconc_4_run_0.csv,1200.0,0.005,0,4.0,0.04,4.0,0,21.5,1.95292,0.0107304,0.0007606,1.95292,0.0,0.196158,295.159
1200_dose_0.005_gradient_0_VconcST_0.04_Vconc_4_run_0.csv,1200.0,0.005,0,4.0,0.04,4.0,0,21.75,1.99504,0.0105177,0.000777007,1.99504,0.0,0.199548,8798.68
1200_dose_0.005_gradient_0_VconcST_0.04_Vconc_4_run_0.csv,1200.0,0.005,0,4.0,0.04,4.0,0,22.0,2.03602,0.0103093,0.000792968,2.03602,0.0,0.202818,304.44
1200_dose_0.005_gradient_0_VconcST_0.04_Vconc_4_run_0.csv,1200.0,0.005,0,4.0,0.04,4.0,0,22.25,2.07589,0.010105,0.000808495,2.07589,0.0,0.205974,8137.75
1200_dose_0.005_gradient_0_VconcST_0.04_Vconc_4_run_0.csv,1200.0,0.005,0,4.0,0.04,4.0,0,22.5,2.11466,0.0099047,0.000823595,2.11466,0.0,0.209019,288.231
1200_dose_0.005_gradient_0_VconcST_0.04_Vconc_4_run_0.csv,1200.0,0.005,0,4.0,0.04,4.0,0,22.75,2.15236,0.0097084,0.000838278,2.15236,0.0,0.211958,8067.88
1200_dose_0.005_gradient_0_VconcST_0.04_Vconc_4_run_0.csv,1200.0,0.005,0,4.0,0.04,4.0,0,23.0,2.18901,0.00951599,0.000852553,2.18901,0.0,0.214794,267.938
1200_dose_0.005_gradient_0_VconcST_0.04_Vconc_4_run_0.csv,1200.0,0.005,0,4.0,0.04,4.0,0,23.25,2.22464,0.00932739,0.000866428,2.22464,0.0,0.217532,7883.55
1200_dose_0.005_gradient_0_VconcST_0.04_Vconc_4_run_0.csv,1200.0,0.005,0,4.0,0.04,4.0,0,23.5,2.25926,0.00914254,0.000879911,2.25926,0.0,0.220173,278.492
1200_dose_0.005_gradient_0_VconcST_0.04_Vconc_4_run_0.csv,1200.0,0.005,0,4.0,0.04,4.0,0,23.75,2.29289,0.00896134,0.00089301,2.29289,0.0,0.222723,8399.79
1200_dose_0.005_gradient_0_VconcST_0.04_Vconc_4_run_0.csv,1200.0,0.005,0,4.0,0.04,4.0,0,24.0,2.32556,0.00878374,0.000905734,2.32556,0.0,0.225183,280.132
1200_dose_0.005_gradient_0_VconcST_0.04_Vconc_4_run_0.csv,1200.0,0.005,0,4.0,0.04,4.0,0,24.25,2.35729,0.00860965,0.000918091,2.35729,0.0,0.227558,8068.03
1200_dose_0.005_gradient_0_VconcST_0.04_Vconc_4_run_0.csv,1200.0,0.005,0,4.0,0.04,4.0,0,24.5,2.38809,0.00843902,0.000930087,2.38809,0.0,0.22985,276.07
1200_dose_0.005_gradient_0_VconcST_0.04_Vconc_4_run_0.csv,1200.0,0.005,0,4.0,0.04,4.0,0,24.75,2.41799,0.00827174,0.000941732,2.41799,0.0,0.232061,7594.47
1200_dose_0.005_gradient_0_VconcST_0.04_Vconc_4_run_0.csv,1200.0,0.005,0,4.0,0.04,4.0,0,25.0,2.44739,0.0131078,0.000953183,2.44739,0.0,0.234195,268.173
1200_dose_0.005_gradient_0_VconcST_0.04_Vconc_4_run_0.csv,1200.0,0.005,0,4.0,0.04,4.0,0,25.25,2.49861,0.012848,0.000973133,2.49861,0.0,0.237934,7595.68
1200_dose_0.005_gradient_0_VconcST_0.04_Vconc_4_run_0.csv,1200.0,0.005,0,4.0,0.04,4.0,0,25.5,2.54844,0.0125934,0.00099254,2.54844,0.0,0.241535,275.148
1200_dose_0.005_gradient_0_VconcST_0.04_Vconc_4_run_0.csv,1200.0,0.005,0,4.0,0.04,4.0,0,25.75,2.59691,0.0123438,0.00101142,2.59691,0.0,0.245006,7492.07
1200_dose_0.005_gradient_0_VconcST_0.04_Vconc_4_run_0.csv,1200.0,0.005,0,4.0,0.04,4.0,0,26.0,2.64404,0.0120992,0.00102977,2.64404,0.0,0.248351,264.871
1200_dose_0.005_gradient_0_VconcST_0.04_Vconc_4_run_0.csv,1200.0,0.005,0,4.0,0.04,4.0,0,26.25,2.68986,0.0118594,0.00104762,2.68986,0.0,0.251575,7843.08
1200_dose_0.005_gradient_0_VconcST_0.04_Vconc_4_run_0.csv,1200.0,0.005,0,4.0,0.04,4.0,0,26.5,2.7344,0.0116243,0.00106497,2.7344,0.0,0.254682,249.234
1200_dose_0.005_gradient_0_VconcST_0.04_Vconc_4_run_0.csv,1200.0,0.005,0,4.0,0.04,4.0,0,26.75,2.77769,0.011394,0.00108183,2.77769,0.0,0.257677,7208.88
1200_dose_0.005_gradient_0_VconcST_0.04_Vconc_4_run_0.csv,1200.0,0.005,0,4.0,0.04,4.0,0,27.0,2.81975,0.0111681,0.00109821,2.81975,0.0,0.260564,249.88
1200_dose_0.005_gradient_0_VconcST_0.04_Vconc_4_run_0.csv,1200.0,0.005,0,4.0,0.04,4.0,0,27.25,2.86061,0.0109468,0.00111412,2.86061,0.0,0.263348,7594.15
1200_dose_0.005_gradient_0_VconcST_0.04_Vconc_4_run_0.csv,1200.0,0.005,0,4.0,0.04,4.0,0,27.5,2.90029,0.0107298,0.00112957,2.90029,0.0,0.266031,257.398
1200_dose_0.005_gradient_0_VconcST_0.04_Vconc_4_run_0.csv,1200.0,0.005,0,4.0,0.04,4.0,0,27.75,2.93882,0.0105172,0.00114458,2.93882,0.0,0.268618,7471.41
1200_dose_0.005_gradient_0_VconcST_0.04_Vconc_4_run_0.csv,1200.0,0.005,0,4.0,0.04,4.0,0,28.0,2.97623,0.0103088,0.00115915,2.97623,0.0,0.271111,251.795
1200_dose_0.005_gradient_0_VconcST_0.04_Vconc_4_run_0.csv,1200.0,0.005,0,4.0,0.04,4.0,0,28.25,3.01252,0.0101044,0.00117328,3.01252,0.0,0.273515,7196.32
1200_dose_0.005_gradient_0_VconcST_0.04_Vconc_4_run_0.csv,1200.0,0.005,0,4.0,0.04,4.0,0,28.5,3.04774,0.00990419,0.001187,3.04774,0.0,0.275832,243.729
1200_dose_0.005_gradient_0_VconcST_0.04_Vconc_4_run_0.csv,1200.0,0.005,0,4.0,0.04,4.0,0,28.75,3.0819,0.0097079,0.00120031,3.0819,0.0,0.278066,7059.65
1200_dose_0.005_gradient_0_VconcST_0.04_Vconc_4_run_0.csv,1200.0,0.005,0,4.0,0.04,4.0,0,29.0,3.11503,0.0095155,0.00121321,3.11503,0.0,0.280218,233.108
1200_dose_0.005_gradient_0_VconcST_0.04_Vconc_4_run_0.csv,1200.0,0.005,0,4.0,0.04,4.0,0,29.25,3.14714,0.00932691,0.00122571,3.14714,0.0,0.282293,7224.58
1200_dose_0.005_gradient_0_VconcST_0.04_Vconc_4_run_0.csv,1200.0,0.005,0,4.0,0.04,4.0,0,29.5,3.17825,0.00914207,0.00123783,3.17825,0.0,0.284292,246.491
1200_dose_0.005_gradient_0_VconcST_0.04_Vconc_4_run_0.csv,1200.0,0.005,0,4.0,0.04,4.0,0,29.75,3.2084,0.00896088,0.00124957,3.2084,0.0,0.286218,7097.22
1200_dose_0.005_gradient_0_VconcST_0.04_Vconc_4_run_0.csv,1200.0,0.005,0,4.0,0.04,4.0,0,30.0,3.23799,0.0137833,0.0012611,3.23799,0.0,0.288074,239.989
1200_dose_0.005_gradient_0_VconcST_0.04_Vconc_4_run_0.csv,1200.0,0.005,0,4.0,0.04,4.0,0,30.25,3.28933,0.0135101,0.00128109,3.28933,0.0,0.291313,7012.42
1200_dose_0.005_gradient_0_VconcST_0.04_Vconc_4_run_0.csv,1200.0,0.005,0,4.0,0.04,4.0,0,30.5,3.33922,0.0132424,0.00130052,3.33922,0.0,0.294433,236.598
1200_dose_0.005_gradient_0_VconcST_0.04_Vconc_4_run_0.csv,1200.0,0.005,0,4.0,0.04,4.0,0,30.75,3.38768,0.0129799,0.0013194,3.38768,0.0,0.297437,6988.3
1200_dose_0.005_gradient_0_VconcST_0.04_Vconc_4_run_0.csv,1200.0,0.005,0,4.0,0.04,4.0,0,31.0,3.43475,0.0127227,0.00133773,3.43475,0.0,0.300331,235.692
1200_dose_0.005_gradient_0_VconcST_0.04_Vconc_4_run_0.csv,1200.0,0.005,0,4.0,0.04,4.0,0,31.25,3.48045,0.0124705,0.00135553,3.48045,0.0,0.303118,6864.29
1200_dose_0.005_gradient_0_VconcST_0.04_Vconc_4_run_0.csv,1200.0,0.005,0,4.0,0.04,4.0,0,31.5,3.52482,0.0122234,0.00137281,3.52482,0.0,0.305802,242.838
1200_dose_0.005_gradient_0_VconcST_0.04_Vconc_4_run_0.csv,1200.0,0.005,0,4.0,0.04,4.0,0,31.75,3.56787,0.0119811,0.00138958,3.56787,0.0,0.308387,6689.01
1200_dose_0.005_gradient_0_VconcST_0.04_Vconc_4_run_0.csv,1200.0,0.005,0,4.0,0.04,4.0,0,32.0,3.60965,0.0117437,0.00140585,3.60965,0.0,0.310877,215.268
1200_dose_0.005_gradient_0_VconcST_0.04_Vconc_4_run_0.csv,1200.0,0.005,0,4.0,0.04,4.0,0,32.25,3.65017,0.0115109,0.00142163,3.65017,0.0,0.313276,6906.82
1200_dose_0.005_gradient_0_VconcST_0.04_Vconc_4_run_0.csv,1200.0,0.005,0,4.0,0.04,4.0,0,32.5,3.68947,0.0112828,0.00143693,3.68947,0.0,0.315585,225.545
1200_dose_0.005_gradient_0_VconcST_0.04_Vconc_4_run_0.csv,1200.0,0.005,0,4.0,0.04,4.0,0,32.75,3.72756,0.0110592,0.00145177,3.72756,0.0,0.31781,6635.07
1200_dose_0.005_gradient_0_VconcST_0.04_Vconc_4_run_0.csv,1200.0,0.005,0,4.0,0.04,4.0,0,33.0,3.76447,0.01084,0.00146614,3.76447,0.0,0.319951,217.777
1200_dose_0.005_gradient_0_VconcST_0.04_Vconc_4_run_0.csv,1200.0,0.005,0,4.0,0.04,4.0,0,33.25,3.80023,0.0106251,0.00148007,3.80023,0.0,0.322013,6769.68
1200_dose_0.005_gradient_0_VconcST_0.04_Vconc_4_run_0.csv,1200.0,0.005,0,4.0,0.04,4.0,0,33.5,3.83487,0.0104146,0.00149356,3.83487,0.0,0.323999,224.48
1200_dose_0.005_gradient_0_VconcST_0.04_Vconc_4_run_0.csv,1200.0,0.005,0,4.0,0.04,4.0,0,33.75,3.8684,0.0102082,0.00150662,3.8684,0.0,0.32591,6742.96
1200_dose_0.005_gradient_0_VconcST_0.04_Vconc_4_run_0.csv,1200.0,0.005,0,4.0,0.04,4.0,0,34.0,3.90085,0.0100059,0.00151926,3.90085,0.0,0.327749,215.503
1200_dose_0.005_gradient_0_VconcST_0.04_Vconc_4_run_0.csv,1200.0,0.005,0,4.0,0.04,4.0,0,34.25,3.93224,0.00980755,0.00153149,3.93224,0.0,0.329519,6869.2
1200_dose_0.005_gradient_0_VconcST_0.04_Vconc_4_run_0.csv,1200.0,0.005,0,4.0,0.04,4.0,0,34.5,3.9626,0.00961317,0.00154331,3.9626,0.0,0.331221,213.648
1200_dose_0.005_gradient_0_VconcST_0.04_Vconc_4_run_0.csv,1200.0,0.005,0,4.0,0.04,4.0,0,34.75,3.99195,0.00942265,0.00155474,3.99195,0.00117188,0.332859,6456.44
1200_dose_0.005_gradient_0_VconcST_0.04_Vconc_4_run_0.csv,1200.0,0.005,0,4.0,0.04,4.0,0,35.0,4.02069,0.0142359,0.00156594,4.02069,0.0,0.334434,217.039
1200_dose_0.005_gradient_0_VconcST_0.04_Vconc_4_run_0.csv,1200.0,0.005,0,4.0,0.04,4.0,0,35.25,4.07116,0.0139538,0.00158559,4.07116,0.00148438,0.337218,6564.79
1200_dose_0.005_gradient_0_VconcST_0.04_Vconc_4_run_0.csv,1200.0,0.005,0,4.0,0.04,4.0,0,35.5,4.12013,0.0136772,0.00160466,4.12013,0.0,0.339897,209.236
1200_dose_0.005_gradient_0_VconcST_0.04_Vconc_4_run_0.csv,1200.0,0.005,0,4.0,0.04,4.0,0,35.75,4.16764,0.0134062,0.00162317,4.16764,0.0,0.342476,6586.67
1200_dose_0.005_gradient_0_VconcST_0.04_Vconc_4_run_0.csv,1200.0,0.005,0,4.0,0.04,4.0,0,36.0,4.21372,0.0131405,0.00164111,4.21372,0.0,0.344958,215.662
1200_dose_0.005_gradient_0_VconcST_0.04_Vconc_4_run_0.csv,1200.0,0.005,0,4.0,0.04,4.0,0,36.25,4.2584,0.01288,0.00165851,4.2584,0.0,0.347347,6532.66
1200_dose_0.005_gradient_0_VconcST_0.04_Vconc_4_run_0.csv,1200.0,0.005,0,4.0,0.04,4.0,0,36.5,4.3017,0.0126248,0.00167538,4.3017,0.0,0.349646,207.229
1200_dose_0.005_gradient_0_VconcST_0.04_Vconc_4_run_0.csv,1200.0,0.005,0,4.0,0.04,4.0,0,36.75,4.34366,0.0123746,0.00169172,4.34366,0.0,0.351858,6276.95
1200_dose_0.005_gradient_0_VconcST_0.04_Vconc_4_run_0.csv,1200.0,0.005,0,4.0,0.04,4.0,0,37.0,4.38431,0.0121293,0.00170755,4.38431,0.0,0.353987,195.815
1200_dose_0.005_gradient_0_VconcST_0.04_Vconc_4_run_0.csv,1200.0,0.005,0,4.0,0.04,4.0,0,37.25,4.42368,0.0118889,0.00172288,4.42368,0.0009375,0.356035,6310.66
1200_dose_0.005_gradient_0_VconcST_0.04_Vconc_4_run_0.csv,1200.0,0.005,0,4.0,0.04,4.0,0,37.5,4.46178,0.0116533,0.00173773,4.46178,0.0,0.358005,203.183
1200_dose_0.005_gradient_0_VconcST_0.04_Vconc_4_run_0.csv,1200.0,0.005,0,4.0,0.04,4.0,0,37.75,4.49865,0.0114223,0.00175208,4.49865,0.000859375,0.3599,6078.24
1200_dose_0.005_gradient_0_VconcST_0.04_Vconc_4_run_0.csv,1200.0,0.005,0,4.0,0.04,4.0,0,38.0,4.53431,0.011196,0.00176597,4.53431,0.0,0.361722,199.903
1200_dose_0.005_gradient_0_VconcST_0.04_Vconc_4_run_0.csv,1200.0,0.005,0,4.0,0.04,4.0,0,38.25,4.5688,0.0109741,0.00177941,4.5688,0.00113281,0.363475,5971.35
1200_dose_0.005_gradient_0_VconcST_0.04_Vconc_4_run_0.csv,1200.0,0.005,0,4.0,0.04,4.0,0,38.5,4.60213,0.0107566,0.00179239,4.60213,0.0,0.365159,193.126
1200_dose_0.005_gradient_0_VconcST_0.04_Vconc_4_run_0.csv,1200.0,0.005,0,4.0,0.04,4.0,0,38.75,4.63433,0.0105434,0.00180493,4.63433,0.0,0.366778,6377.27
1200_dose_0.005_gradient_0_VconcST_0.04_Vconc_4_run_0.csv,1200.0,0.005,0,4.0,0.04,4.0,0,39.0,4.66543,0.0103344,0.00181704,4.66543,0.0,0.368334,201.769
1200_dose_0.005_gradient_0_VconcST_0.04_Vconc_4_run_0.csv,1200.0,0.005,0,4.0,0.04,4.0,0,39.25,4.69544,0.0101296,0.00182873,4.69544,0.0,0.369828,5919.37
1200_dose_0.005_gradient_0_VconcST_0.04_Vconc_4_run_0.csv,1200.0,0.005,0,4.0,0.04,4.0,0,39.5,4.72439,0.00992886,0.00184,4.72439,0.0,0.371263,197.585
1200_dose_0.005_gradient_0_VconcST_0.04_Vconc_4_run_0.csv,1200.0,0.005,0,4.0,0.04,4.0,0,39.75,4.75231,0.00973209,0.00185088,4.75231,0.0,0.37264,6076.74
1200_dose_0.005_gradient_0_VconcST_0.04_Vconc_4_run_0.csv,1200.0,0.005,0,4.0,0.04,4.0,0,40.0,4.7796,0.0145392,0.0018615,4.7796,0.0,0.373962,193.439
1200_dose_0.005_gradient_0_VconcST_0.04_Vconc_4_run_0.csv,1200.0,0.005,0,4.0,0.04,4.0,0,40.25,4.82858,0.0142511,0.00188058,4.82858,0.00113281,0.376354,6017.19
1200_dose_0.005_gradient_0_VconcST_0.04_Vconc_4_run_0.csv,1200.0,0.005,0,4.0,0.04,4.0,0,40.5,4.87606,0.0139686,0.00189907,4.87606,0.0,0.378654,200.276
1200_dose_0.005_gradient_0_VconcST_0.04_Vconc_4_run_0.csv,1200.0,0.005,0,4.0,0.04,4.0,0,40.75,4.92204,0.0136918,0.00191698,4.92204,0.0009375,0.380867,6014.73
1200_dose_0.005_gradient_0_VconcST_0.04_Vconc_4_run_0.csv,1200.0,0.005,0,4.0,0.04,4.0,0,41.0,4.96658,0.0134204,0.00193433,4.96658,0.0,0.382995,189.961
1200_dose_0.005_gradient_0_VconcST_0.04_Vconc_4_run_0.csv,1200.0,0.005,0,4.0,0.04,4.0,0,41.25,5.00969,0.0131544,0.00195112,5.00969,0.000820313,0.38504,5824.68
1200_dose_0.005_gradient_0_VconcST_0.04_Vconc_4_run_0.csv,1200.0,0.005,0,4.0,0.04,4.0,0,41.5,5.05142,0.0128937,0.00196737,5.05142,0.0,0.387008,198.604
1200_dose_0.005_gradient_0_VconcST_0.04_Vconc_4_run_0.csv,1200.0,0.005,0,4.0,0.04,4.0,0,41.75,5.09178,0.0126382,0.00198309,5.09178,0.000173611,0.388899,5930.54
1200_dose_0.005_gradient_0_VconcST_0.04_Vconc_4_run_0.csv,1200.0,0.005,0,4.0,0.04,4.0,0,42.0,5.13081,0.0123877,0.00199829,5.13081,0.0,0.390716,180.214
1200_dose_0.005_gradient_0_VconcST_0.04_Vconc_4_run_0.csv,1200.0,0.005,0,4.0,0.04,4.0,0,42.25,5.16853,0.0121422,0.00201298,5.16853,0.00136068,0.392463,5730.5
1200_dose_0.005_gradient_0_VconcST_0.04_Vconc_4_run_0.csv,1200.0,0.005,0,4.0,0.04,4.0,0,42.5,5.20498,0.0119016,0.00202718,5.20498,0.0,0.394141,186.841
1200_dose_0.005_gradient_0_VconcST_0.04_Vconc_4_run_0.csv,1200.0,0.005,0,4.0,0.04,4.0,0,42.75,5.24018,0.0116657,0.00204089,5.24018,0.0,0.395752,5899.7
1200_dose_0.005_gradient_0_VconcST_0.04_Vconc_4_run_0.csv,1200.0,0.005,0,4.0,0.04,4.0,0,43.0,5.27416,0.0114345,0.00205412,5.27416,0.0,0.3973,186.98
1200_dose_0.005_gradient_0_VconcST_0.04_Vconc_4_run_0.csv,1200.0,0.005,0,4.0,0.04,4.0,0,43.25,5.30694,0.0112079,0.00206689,5.30694,0.0,0.398786,6074.54
1200_dose_0.005_gradient_0_VconcST_0.04_Vconc_4_run_0.csv,1200.0,0.005,0,4.0,0.04,4.0,0,43.5,5.33855,0.0109857,0.0020792,5.33855,0.0,0.400211,181.111
1200_dose_0.005_gradient_0_VconcST_0.04_Vconc_4_run_0.csv,1200.0,0.005,0,4.0,0.04,4.0,0,43.75,5.36901,0.010768,0.00209106,5.36901,0.00148438,0.401579,5827.79
1200_dose_0.005_gradient_0_VconcST_0.04_Vconc_4_run_0.csv,1200.0,0.005,0,4.0,0.04,4.0,0,44.0,5.39836,0.0105546,0.00210249,5.39836,0.0,0.402891,185.08
1200_dose_0.005_gradient_0_VconcST_0.04_Vconc_4_run_0.csv,1200.0,0.005,0,4.0,0.04,4.0,0,44.25,5.42661,0.0103454,0.0021135,5.42661,0.00103082,0.404148,5611.1
1200_dose_0.005_gradient_0_VconcST_0.04_Vconc_4_run_0.csv,1200.0,0.005,0,4.0,0.04,4.0,0,44.5,5.45378,0.0101404,0.00212408,5.45378,0.0,0.405352,179.176
1200_dose_0.005_gradient_0_VconcST_0.04_Vconc_4_run_0.csv,1200.0,0.005,0,4.0,0.04,4.0,0,44.75,5.47991,0.00993942,0.00213426,5.47991,0.0,0.406505,5660.48
1200_dose_0.005_gradient_0_VconcST_0.04_Vconc_4_run_0.csv,1200.0,0.005,0,4.0,0.04,4.0,0,45.0,5.5054,0.0147424,0.00214418,5.5054,0.0,0.407609,171.045
1200_dose_0.005_gradient_0_VconcST_0.04_Vconc_4_run_0.csv,1200.0,0.005,0,4.0,0.04,4.0,0,45.25,5.55257,0.0144503,0.00216255,5.55257,0.000948351,0.409672,5636.52
1200_dose_0.005_gradient_0_VconcST_0.04_Vconc_4_run_0.csv,1200.0,0.005,0,4.0,0.04,4.0,0,45.5,5.59822,0.0141639,0.00218033,5.59822,0.0,0.411655,174.655
1200_dose_0.005_gradient_0_VconcST_0.04_Vconc_4_run_0.csv,1200.0,0.005,0,4.0,0.04,4.0,0,45.75,5.64237,0.0138832,0.00219753,5.64237,0.000907118,0.413561,5641.04
1200_dose_0.005_gradient_0_VconcST_0.04_Vconc_4_run_0.csv,1200.0,0.005,0,4.0,0.04,4.0,0,46.0,5.68506,0.013608,0.00221415,5.68506,0.0,0.415391,181.188
1200_dose_0.005_gradient_0_VconcST_0.04_Vconc_4_run_0.csv,1200.0,0.005,0,4.0,0.04,4.0,0,46.25,5.72631,0.0133383,0.00223022,5.72631,0.000824653,0.417149,5466.02
1200_dose_0.005_gradient_0_VconcST_0.04_Vconc_4_run_0.csv,1200.0,0.005,0,4.0,0.04,4.0,0,46.5,5.76617,0.013074,0.00224574,5.76617,0.0,0.418838,176.489
1200_dose_0.005_gradient_0_VconcST_0.04_Vconc_4_run_0.csv,1200.0,0.005,0,4.0,0.04,4.0,0,46.75,5.80465,0.0128148,0.00226073,5.80465,0.0,0.420459,5644.44
1200_dose_0.005_gradient_0_VconcST_0.04_Vconc_4_run_0.csv,1200.0,0.005,0,4.0,0.04,4.0,0,47.0,5.84179,0.0125609,0.0022752,5.84179,0.0,0.422015,179.395
1200_dose_0.005_gradient_0_VconcST_0.04_Vconc_4_run_0.csv,1200.0,0.005,0,4.0,0.04,4.0,0,47.25,5.87762,0.0123119,0.00228915,5.87762,0.0,0.423508,5457.5
1200_dose_0.005_gradient_0_VconcST_0.04_Vconc_4_run_0.csv,1200.0,0.005,0,4.0,0.04,4.0,0,47.5,5.91216,0.0120679,0.0023026,5.91216,0.0,0.42494,167.507
1200_dose_0.005_gradient_0_VconcST_0.04_Vconc_4_run_0.csv,1200.0,0.005,0,4.0,0.04,4.0,0,47.75,5.94545,0.0118287,0.00231557,5.94545,0.0,0.426314,5314.6
1200_dose_0.005_gradient_0_VconcST_0.04_Vconc_4_run_0.csv,1200.0,0.005,0,4.0,0.04,4.0,0,48.0,5.97751,0.0115943,0.00232805,5.97751,0.0,0.42763,171.446
1200_dose_0.005_gradient_0_VconcST_0.04_Vconc_4_run_0.csv,1200.0,0.005,0,4.0,0.04,4.0,0,48.25,6.00836,0.0113645,0.00234007,6.00836,0.00115451,0.428892,5547.02
1200_dose_0.005_gradient_0_VconcST_0.04_Vconc_4_run_0.csv,1200.0,0.005,0,4.0,0.04,4.0,0,48.5,6.03804,0.0111393,0.00235163,6.03804,0.0,0.4301,169.688
1200_dose_0.005_gradient_0_VconcST_0.04_Vconc_4_run_0.csv,1200.0,0.005,0,4.0,0.04,4.0,0,48.75,6.06656,0.0109185,0.00236274,6.06656,0.0,0.431257,5405.42
1200_dose_0.005_gradient_0_VconcST_0.04_Vconc_4_run_0.csv,1200.0,0.005,0,4.0,0.04,4.0,0,49.0,6.09396,0.0107021,0.00237341,6.09396,0.0,0.432363,166.286
1200_dose_0.005_gradient_0_VconcST_0.04_Vconc_4_run_0.csv,1200.0,0.005,0,4.0,0.04,4.0,0,49.25,6.12025,0.01049,0.00238365,6.12025,0.00123698,0.43342,5366.99
1200_dose_0.005_gradient_0_VconcST_0.04_Vconc_4_run_0.csv,1200.0,0.005,0,4.0,0.04,4.0,0,49.5,6.14546,0.0102821,0.00239347,6.14546,0.0,0.434431,162.253
1200_dose_0.005_gradient_0_VconcST_0.04_Vconc_4_run_0.csv,1200.0,0.005,0,4.0,0.04,4.0,0,49.75,6.16962,0.0100784,0.00240288,6.16962,0.00131944,0.435396,5496.18
1200_dose_0.005_gradient_0_VconcST_0.04_Vconc_4_run_0.csv,1200.0,0.005,0,4.0,0.04,4.0,0,50.0,6.19313,0.0148786,0.00241203,6.19313,0.0,0.436317,158.97
1200_dose_0.005_gradient_0_VconcST_0.04_Vconc_4_run_0.csv,1200.0,0.005,0,4.0,0.04,4.0,0,50.25,6.23833,0.0145837,0.00242964,6.23833,0.00119575,0.438107,5323.75
1200_dose_0.005_gradient_0_VconcST_0.04_Vconc_4_run_0.csv,1200.0,0.005,0,4.0,0.04,4.0,0,50.5,6.28199,0.0142947,0.00244664,6.28199,0.0,0.439826,162.521
1200_dose_0.005_gradient_0_VconcST_0.04_Vconc_4_run_0.csv,1200.0,0.005,0,4.0,0.04,4.0,0,50.75,6.32415,0.0140114,0.00246306,6.32415,0.0,0.441476,5066.91
1200_dose_0.005_gradient_0_VconcST_0.04_Vconc_4_run_0.csv,1200.0,0.005,0,4.0,0.04,4.0,0,51.0,6.36485,0.0137337,0.00247891,6.36485,0.0,0.443059,149.635
1200_dose_0.005_gradient_0_VconcST_0.04_Vconc_4_run_0.csv,1200.0,0.005,0,4.0,0.04,4.0,0,51.25,6.40411,0.0134615,0.0024942,6.40411,0.0,0.444578,5483.07
1200_dose_0.005_gradient_0_VconcST_0.04_Vconc_4_run_0.csv,1200.0,0.005,0,4.0,0.04,4.0,0,51.5,6.44196,0.0131947,0.00250894,6.44196,0.0,0.446035,167.841
1200_dose_0.005_gradient_0_VconcST_0.04_Vconc_4_run_0.csv,1200.0,0.005,0,4.0,0.04,4.0,0,51.75,6.47844,0.0129332,0.00252315,6.47844,0.000536024,0.447432,5292.04
1200_dose_0.005_gradient_0_VconcST_0.04_Vconc_4_run_0.csv,1200.0,0.005,0,4.0,0.04,4.0,0,52.0,6.51357,0.0126769,0.00253683,6.51357,0.0,0.44877,160.287
1200_dose_0.005_gradient_0_VconcST_0.04_Vconc_4_run_0.csv,1200.0,0.005,0,4.0,0.04,4.0,0,52.25,6.54739,0.0124257,0.00255001,6.54739,0.0,0.450052,4966.68
1200_dose_0.005_gradient_0_VconcST_0.04_Vconc_4_run_0.csv,1200.0,0.005,0,4.0,0.04,4.0,0,52.5,6.57992,0.0121794,0.00256267,6.57992,0.0,0.45128,155.495
1200_dose_0.005_gradient_0_VconcST_0.04_Vconc_4_run_0.csv,1200.0,0.005,0,4.0,0.04,4.0,0,52.75,6.61119,0.011938,0.00257485,6.61119,0.0,0.452455,5031.22
1200_dose_0.005_gradient_0_VconcST_0.04_Vconc_4_run_0.csv,1200.0,0.005,0,4.0,0.04,4.0,0,53.0,6.64122,0.0117014,0.00258655,6.64122,0.0,0.453579,155.602
1200_dose_0.005_gradient_0_VconcST_0.04_Vconc_4_run_0.csv,1200.0,0.005,0,4.0,0.04,4.0,0,53.25,6.67005,0.0114695,0.00259778,6.67005,0.0,0.454654,5192.87
1200_dose_0.005_gradient_0_VconcST_0.04_Vconc_4_run_0.csv,1200.0,0.005,0,4.0,0.04,4.0,0,53.5,6.6977,0.0112422,0.00260855,6.6977,0.0,0.45568,150.799
1200_dose_0.005_gradient_0_VconcST_0.04_Vconc_4_run_0.csv,1200.0,0.005,0,4.0,0.04,4.0,0,53.75,6.72419,0.0110194,0.00261886,6.72419,0.000247396,0.456661,5141.49
1200_dose_0.005_gradient_0_VconcST_0.04_Vconc_4_run_0.csv,1200.0,0.005,0,4.0,0.04,4.0,0,54.0,6.74956,0.010801,0.00262874,6.74956,0.0,0.457596,152.503
1200_dose_0.005_gradient_0_VconcST_0.04_Vconc_4_run_0.csv,1200.0,0.005,0,4.0,0.04,4.0,0,54.25,6.77382,0.0105869,0.00263819,6.77382,0.000288628,0.458487,5306.41
1200_dose_0.005_gradient_0_VconcST_0.04_Vconc_4_run_0.csv,1200.0,0.005,0,4.0,0.04,4.0,0,54.5,6.797,0.0103771,0.00264722,6.797,0.0,0.459336,156.182
1200_dose_0.005_gradient_0_VconcST_0.04_Vconc_4_run_0.csv,1200.0,0.005,0,4.0,0.04,4.0,0,54.75,6.81913,0.0101715,0.00265584,6.81913,0.0,0.460144,5078.64
1200_dose_0.005_gradient_0_VconcST_0.04_Vconc_4_run_0.csv,1200.0,0.005,0,4.0,0.04,4.0,0,55.0,6.84061,0.0149699,0.00266421,6.84061,0.0,0.460912,158.894
1200_dose_0.005_gradient_0_VconcST_0.04_Vconc_4_run_0.csv,1200.0,0.005,0,4.0,0.04,4.0,0,55.25,6.88377,0.0146732,0.00268102,6.88377,0.0,0.462476,5059.3
1200_dose_0.005_gradient_0_VconcST_0.04_Vconc_4_run_0.csv,1200.0,0.005,0,4.0,0.04,4.0,0,55.5,6.9254,0.0143824,0.00269723,6.9254,0.0,0.463977,156.357
1200_dose_0.005_gradient_0_VconcST_0.04_Vconc_4_run_0.csv,1200.0,0.005,0,4.0,0.04,4.0,0,55.75,6.96553,0.0140973,0.00271286,6.96553,0.0,0.465415,5088.38
1200_dose_0.005_gradient_0_VconcST_0.04_Vconc_4_run_0.csv,1200.0,0.005,0,4.0,0.04,4.0,0,56.0,7.00419,0.0138179,0.00272791,7.00419,0.0,0.466793,143.458
1200_dose_0.005_gradient_0_VconcST_0.04_Vconc_4_run_0.csv,1200.0,0.005,0,4.0,0.04,4.0,0,56.25,7.04141,0.0135441,0.00274241,7.04141,0.0,0.468114,5448.13
1200_dose_0.005_gradient_0_VconcST_0.04_Vconc_4_run_0.csv,1200.0,0.005,0,4.0,0.04,4.0,0,56.5,7.07723,0.0132757,0.00275636,7.07723,0.0,0.469378,154.899
1200_dose_0.005_gradient_0_VconcST_0.04_Vconc_4_run_0.csv,1200.0,0.005,0,4.0,0.04,4.0,0,56.75,7.11167,0.0130126,0.00276978,7.11167,0.0,0.470588,4988.21
1200_dose_0.005_gradient_0_VconcST_0.04_Vconc_4_run_0.csv,1200.0,0.005,0,4.0,0.04,4.0,0,57.0,7.14477,0.0127547,0.00278267,7.14477,0.0,0.471746,153.486
1200_dose_0.005_gradient_0_VconcST_0.04_Vconc_4_run_0.csv,1200.0,0.005,0,4.0,0.04,4.0,0,57.25,7.17655,0.0125019,0.00279504,7.17655,0.0,0.472853,4926.85
1200_dose_0.005_gradient_0_VconcST_0.04_Vconc_4_run_0.csv,1200.0,0.005,0,4.0,0.04,4.0,0,57.5,7.20705,0.0122541,0.00280692,7.20705,0.0,0.473911,154.9
1200_dose_0.005_gradient_0_VconcST_0.04_Vconc_4_run_0.csv,1200.0,0.005,0,4.0,0.04,4.0,0,57.75,7.23628,0.0120113,0.00281831,7.23628,0.0,0.474921,4959.71
1200_dose_0.005_gradient_0_VconcST_0.04_Vconc_4_run_0.csv,1200.0,0.005,0,4.0,0.04,4.0,0,58.0,7.26428,0.0117732,0.00282921,7.26428,0.0,0.475885,152.255
1200_dose_0.005_gradient_0_VconcST_0.04_Vconc_4_run_0.csv,1200.0,0.005,0,4.0,0.04,4.0,0,58.25,7.29109,0.0115399,0.00283965,7.29109,0.0,0.476804,4852.95
1200_dose_0.005_gradient_0_VconcST_0.04_Vconc_4_run_0.csv,1200.0,0.005,0,4.0,0.04,4.0,0,58.5,7.31671,0.0113112,0.00284963,7.31671,0.0,0.47768,145.452
1200_dose_0.005_gradient_0_VconcST_0.04_Vconc_4_run_0.csv,1200.0,0.005,0,4.0,0.04,4.0,0,58.75,7.34118,0.011087,0.00285916,7.34118,0.0,0.478514,5024.24
1200_dose_0.005_gradient_0_VconcST_0.04_Vconc_4_run_0.csv,1200.0,0.005,0,4.0,0.04,4.0,0,59.0,7.36452,0.0108673,0.00286825,7.36452,0.0,0.479307,141.498
1200_dose_0.005_gradient_0_VconcST_0.04_Vconc_4_run_0.csv,1200.0,0.005,0,4.0,0.04,4.0,0,59.25,7.38676,0.0106519,0.00287691,7.38676,0.0,0.48006,4847.88
1200_dose_0.005_gradient_0_VconcST_0.04_Vconc_4_run_0.csv,1200.0,0.005,0,4.0,0.04,4.0,0,59.5,7.40792,0.0104408,0.00288515,7.40792,0.0,0.480775,149.242
1200_dose_0.005_gradient_0_VconcST_0.04_Vconc_4_run_0.csv,1200.0,0.005,0,4.0,0.04,4.0,0,59.75,7.42802,0.0102339,0.00289298,7.42802,0.000371094,0.481452,4974.14
1200_dose_0.005_gradient_0_VconcST_0.04_Vconc_4_run_0.csv,1200.0,0.005,0,4.0,0.04,4.0,0,60.0,7.44748,0.015031,0.00290056,7.44748,0.0,0.482093,144.126
1200_dose_0.005_gradient_0_VconcST_0.04_Vconc_4_run_0.csv,1200.0,0.005,0,4.0,0.04,4.0,0,60.25,7.48862,0.0147331,0.00291659,7.48862,0.0,0.483469,4988.27
1200_dose_0.005_gradient_0_VconcST_0.04_Vconc_4_run_0.csv,1200.0,0.005,0,4.0,0.04,4.0,0,60.5,7.52823,0.0144411,0.00293201,7.52823,0.0,0.484788,144.78
1200_dose_0.005_gradient_0_VconcST_0.04_Vconc_4_run_0.csv,1200.0,0.005,0,4.0,0.04,4.0,0,60.75,7.56634,0.0141549,0.00294686,7.56634,0.0,0.48605,4810.76
1200_dose_0.005_gradient_0_VconcST_0.04_Vconc_4_run_0.csv,1200.0,0.005,0,4.0,0.04,4.0,0,61.0,7.60299,0.0138744,0.00296113,7.60299,0.0,0.487258,144.436
1200_dose_0.005_gradient_0_VconcST_0.04_Vconc_4_run_0.csv,1200.0,0.005,0,4.0,0.04,4.0,0,61.25,7.6382,0.0135994,0.00297484,7.6382,0.0,0.488413,4674.83
1200_dose_0.005_gradient_0_VconcST_0.04_Vconc_4_run_0.csv,1200.0,0.005,0,4.0,0.04,4.0,0,61.5,7.67201,0.0133299,0.00298801,7.67201,0.0,0.489518,142.027
1200_dose_0.005_gradient_0_VconcST_0.04_Vconc_4_run_0.csv,1200.0,0.005,0,4.0,0.04,4.0,0,61.75,7.70445,0.0130657,0.00300064,7.70445,0.0,0.490573,4798.52
1200_dose_0.005_gradient_0_VconcST_0.04_Vconc_4_run_0.csv,1200.0,0.005,0,4.0,0.04,4.0,0,62.0,7.73555,0.0128068,0.00301275,7.73555,0.0,0.491581,140.51
1200_dose_0.005_gradient_0_VconcST_0.04_Vconc_4_run_0.csv,1200.0,0.005,0,4.0,0.04,4.0,0,62.25,7.76533,0.012553,0.00302435,7.76533,0.000329861,0.492542,4751.86
1200_dose_0.005_gradient_0_VconcST_0.04_Vconc_8_run_0.csv,1200.0,0.005,0,8.0,0.04,8.0,0,0.0,0.0,0.0,0.0,0.0,0.0,0.0,0.0
1200_dose_0.005_gradient_0_VconcST_0.04_Vconc_8_run_0.csv,1200.0,0.005,0,8.0,0.04,8.0,0,0.25,0.0,0.0,0.0,0.0,0.0,0.0,10000.0
1200_dose_0.005_gradient_0_VconcST_0.04_Vconc_8_run_0.csv,1200.0,0.005,0,8.0,0.04,8.0,0,0.5,0.0,0.0,0.0,0.0,0.0,0.0,904.707
1200_dose_0.005_gradient_0_VconcST_0.04_Vconc_8_run_0.csv,1200.0,0.005,0,8.0,0.04,8.0,0,0.75,0.0,0.0,0.0,0.0,0.0,0.0,10000.0
1200_dose_0.005_gradient_0_VconcST_0.04_Vconc_8_run_0.csv,1200.0,0.005,0,8.0,0.04,8.0,0,1.0,0.0,0.0,0.0,0.0,0.0,0.0,902.043
1200_dose_0.005_gradient_0_VconcST_0.04_Vconc_8_run_0.csv,1200.0,0.005,0,8.0,0.04,8.0,0,1.25,0.0,0.0,0.0,0.0,0.0,0.0,10000.0
1200_dose_0.005_gradient_0_VconcST_0.04_Vconc_8_run_0.csv,1200.0,0.005,0,8.0,0.04,8.0,0,1.5,0.0,0.0,0.0,0.0,0.0,0.0,890.003
1200_dose_0.005_gradient_0_VconcST_0.04_Vconc_8_run_0.csv,1200.0,0.005,0,8.0,0.04,8.0,0,1.75,0.0,0.0,0.0,0.0,0.0,0.0,10000.0
1200_dose_0.005_gradient_0_VconcST_0.04_Vconc_8_run_0.csv,1200.0,0.005,0,8.0,0.04,8.0,0,2.0,0.0,0.0,0.0,0.0,0.0,0.0,883.667
1200_dose_0.005_gradient_0_VconcST_0.04_Vconc_8_run_0.csv,1200.0,0.005,0,8.0,0.04,8.0,0,2.25,0.0,0.0,0.0,0.0,0.0,0.0,10000.0
1200_dose_0.005_gradient_0_VconcST_0.04_Vconc_8_run_0.csv,1200.0,0.005,0,8.0,0.04,8.0,0,2.5,0.0,0.0,0.0,0.0,0.0,0.0,898.16
1200_dose_0.005_gradient_0_VconcST_0.04_Vconc_8_run_0.csv,1200.0,0.005,0,8.0,0.04,8.0,0,2.75,0.0,0.0,0.0,0.0,0.0,0.0,10000.0
1200_dose_0.005_gradient_0_VconcST_0.04_Vconc_8_run_0.csv,1200.0,0.005,0,8.0,0.04,8.0,0,3.0,0.0,0.0,0.0,0.0,0.0,0.0,886.344
1200_dose_0.005_gradient_0_VconcST_0.04_Vconc_8_run_0.csv,1200.0,0.005,0,8.0,0.04,8.0,0,3.25,0.0,0.0,0.0,0.0,0.0,0.0,10000.0
1200_dose_0.005_gradient_0_VconcST_0.04_Vconc_8_run_0.csv,1200.0,0.005,0,8.0,0.04,8.0,0,3.5,0.0,0.0,0.0,0.0,0.0,0.0,889.675
1200_dose_0.005_gradient_0_VconcST_0.04_Vconc_8_run_0.csv,1200.0,0.005,0,8.0,0.04,8.0,0,3.75,0.0,0.0,0.0,0.0,0.0,0.0,10000.0
1200_dose_0.005_gradient_0_VconcST_0.04_Vconc_8_run_0.csv,1200.0,0.005,0,8.0,0.04,8.0,0,4.0,0.0,0.0,0.0,0.0,0.0,0.0,880.693
1200_dose_0.005_gradient_0_VconcST_0.04_Vconc_8_run_0.csv,1200.0,0.005,0,8.0,0.04,8.0,0,4.25,0.0,0.0,0.0,0.0,0.0,0.0,10000.0
1200_dose_0.005_gradient_0_VconcST_0.04_Vconc_8_run_0.csv,1200.0,0.005,0,8.0,0.04,8.0,0,4.5,0.0,0.0,0.0,0.0,0.0,0.0,893.742
1200_dose_0.005_gradient_0_VconcST_0.04_Vconc_8_run_0.csv,1200.0,0.005,0,8.0,0.04,8.0,0,4.75,0.0,0.0,0.0,0.0,0.0,0.0,10000.0
1200_dose_0.005_gradient_0_VconcST_0.04_Vconc_8_run_0.csv,1200.0,0.005,0,8.0,0.04,8.0,0,5.0,0.000389313,0.005,1.51625e-07,0.000389313,0.0,0.0,887.371
1200_dose_0.005_gradient_0_VconcST_0.04_Vconc_8_run_0.csv,1200.0,0.005,0,8.0,0.04,8.0,0,5.25,0.0234672,0.00490091,9.13975e-06,0.0234672,0.0,0.00287758,10000.0
1200_dose_0.005_gradient_0_VconcST_0.04_Vconc_8_run_0.csv,1200.0,0.005,0,8.0,0.04,8.0,0,5.5,0.0460002,0.00480378,1.79157e-05,0.0460002,0.0,0.00567128,902.976
1200_dose_0.005_gradient_0_VconcST_0.04_Vconc_8_run_0.csv,1200.0,0.005,0,8.0,0.04,8.0,0,5.75,0.0679994,0.00470857,2.64837e-05,0.0679994,0.0,0.00838375,10000.0
1200_dose_0.005_gradient_0_VconcST_0.04_Vconc_8_run_0.csv,1200.0,0.005,0,8.0,0.04,8.0,0,6.0,0.0894757,0.00461525,3.4848e-05,0.0894757,0.0,0.0110175,899.072
1200_dose_0.005_gradient_0_VconcST_0.04_Vconc_8_run_0.csv,1200.0,0.005,0,8.0,0.04,8.0,0,6.25,0.11044,0.00452378,4.30129e-05,0.11044,0.0,0.013575,10000.0
1200_dose_0.005_gradient_0_VconcST_0.04_Vconc_8_run_0.csv,1200.0,0.005,0,8.0,0.04,8.0,0,6.5,0.130902,0.00443413,5.09824e-05,0.130902,0.0,0.0160586,879.328
1200_dose_0.005_gradient_0_VconcST_0.04_Vconc_8_run_0.csv,1200.0,0.005,0,8.0,0.04,8.0,0,6.75,0.150873,0.00434625,5.87605e-05,0.150873,0.0,0.0184705,10000.0
1200_dose_0.005_gradient_0_VconcST_0.04_Vconc_8_run_0.csv,1200.0,0.005,0,8.0,0.04,8.0,0,7.0,0.170363,0.00426011,6.63511e-05,0.170363,0.0,0.0208129,857.685
1200_dose_0.005_gradient_0_VconcST_0.04_Vconc_8_run_0.csv,1200.0,0.005,0,8.0,0.04,8.0,0,7.25,0.189381,0.00417568,7.37581e-05,0.189381,0.0,0.0230878,10000.0
1200_dose_0.005_gradient_0_VconcST_0.04_Vconc_8_run_0.csv,1200.0,0.005,0,8.0,0.04,8.0,0,7.5,0.207938,0.00409293,8.09852e-05,0.207938,0.0,0.0252974,880.047
1200_dose_0.005_gradient_0_VconcST_0.04_Vconc_8_run_0.csv,1200.0,0.005,0,8.0,0.04,8.0,0,7.75,0.226041,0.00401181,8.80362e-05,0.226041,0.0,0.0274435,10000.0
1200_dose_0.005_gradient_0_VconcST_0.04_Vconc_8_run_0.csv,1200.0,0.005,0,8.0,0.04,8.0,0,8.0,0.243703,0.0039323,9.49146e-05,0.243703,0.0,0.029528,880.341
1200_dose_0.005_gradient_0_VconcST_0.04_Vconc_8_run_0.csv,1200.0,0.005,0,8.0,0.04,8.0,0,8.25,0.260929,0.00385437,0.000101624,0.260929,0.0,0.0315527,10000.0
1200_dose_0.005_gradient_0_VconcST_0.04_Vconc_8_run_0.csv,1200.0,0.005,0,8.0,0.04,8.0,0,8.5,0.277731,0.00377798,0.000108168,0.277731,0.0,0.0335193,867.229
1200_dose_0.005_gradient_0_VconcST_0.04_Vconc_8_run_0.csv,1200.0,0.005,0,8.0,0.04,8.0,0,8.75,0.294117,0.0037031,0.000114549,0.294117,0.0,0.0354295,10000.0
1200_dose_0.005_gradient_0_VconcST_0.04_Vconc_8_run_0.csv,1200.0,0.005,0,8.0,0.04,8.0,0,9.0,0.310095,0.00362971,0.000120772,0.310095,0.0,0.037285,872.411
1200_dose_0.005_gradient_0_VconcST_0.04_Vconc_8_run_0.csv,1200.0,0.005,0,8.0,0.04,8.0,0,9.25,0.325673,0.00355778,0.00012684,0.325673,0.0,0.0390872,10000.0
1200_dose_0.005_gradient_0_VconcST_0.04_Vconc_8_run_0.csv,1200.0,0.005,0,8.0,0.04,8.0,0,9.5,0.340861,0.00348726,0.000132755,0.340861,0.0,0.0408376,869.87
1200_dose_0.005_gradient_0_VconcST_0.04_Vconc_8_run_0.csv,1200.0,0.005,0,8.0,0.04,8.0,0,9.75,0.355665,0.00341815,0.00013852,0.355665,0.0,0.0425378,10000.0
1200_dose_0.005_gradient_0_VconcST_0.04_Vconc_8_run_0.csv,1200.0,0.005,0,8.0,0.04,8.0,0,10.0,0.370483,0.00835041,0.000144292,0.370483,0.0,0.0441891,873.464
1200_dose_0.005_gradient_0_VconcST_0.04_Vconc_8_run_0.csv,1200.0,0.005,0,8.0,0.04,8.0,0,10.25,0.407623,0.00818492,0.000158757,0.407623,0.0,0.0484133,10000.0
1200_dose_0.005_gradient_0_VconcST_0.04_Vconc_8_run_0.csv,1200.0,0.005,0,8.0,0.04,8.0,0,10.5,0.443858,0.0080227,0.000172869,0.443858,0.0,0.0524988,874.97
1200_dose_0.005_gradient_0_VconcST_0.04_Vconc_8_run_0.csv,1200.0,0.005,0,8.0,0.04,8.0,0,10.75,0.479207,0.0078637,0.000186636,0.479207,0.0,0.0564508,10000.0
1200_dose_0.005_gradient_0_VconcST_0.04_Vconc_8_run_0.csv,1200.0,0.005,0,8.0,0.04,8.0,0,11.0,0.513688,0.00770785,0.000200066,0.513688,0.0,0.060274,849.906
1200_dose_0.005_gradient_0_VconcST_0.04_Vconc_8_run_0.csv,1200.0,0.005,0,8.0,0.04,8.0,0,11.25,0.547319,0.00755509,0.000213164,0.547319,0.0,0.0639733,10000.0
1200_dose_0.005_gradient_0_VconcST_0.04_Vconc_8_run_0.csv,1200.0,0.005,0,8.0,0.04,8.0,0,11.5,0.580117,0.00740536,0.000225937,0.580117,0.0,0.0675531,857.55
1200_dose_0.005_gradient_0_VconcST_0.04_Vconc_8_run_0.csv,1200.0,0.005,0,8.0,0.04,8.0,0,11.75,0.612099,0.00725859,0.000238394,0.612099,0.0,0.0710175,10000.0
1200_dose_0.005_gradient_0_VconcST_0.04_Vconc_8_run_0.csv,1200.0,0.005,0,8.0,0.04,8.0,0,12.0,0.643283,0.00711473,0.000250539,0.643283,0.0,0.0743708,853.311
1200_dose_0.005_gradient_0_VconcST_0.04_Vconc_8_run_0.csv,1200.0,0.005,0,8.0,0.04,8.0,0,12.25,0.673684,0.00697373,0.000262379,0.673684,0.0,0.0776167,10000.0
1200_dose_0.005_gradient_0_VconcST_0.04_Vconc_8_run_0.csv,1200.0,0.005,0,8.0,0.04,8.0,0,12.5,0.703319,0.00683552,0.000273921,0.703319,0.0,0.080759,853.853
1200_dose_0.005_gradient_0_VconcST_0.04_Vconc_8_run_0.csv,1200.0,0.005,0,8.0,0.04,8.0,0,12.75,0.732205,0.00670004,0.000285171,0.732205,0.0,0.0838012,10000.0
1200_dose_0.005_gradient_0_VconcST_0.04_Vconc_8_run_0.csv,1200.0,0.005,0,8.0,0.04,8.0,0,13.0,0.760355,0.00656726,0.000296135,0.760355,0.0,0.0867467,843.264
1200_dose_0.005_gradient_0_VconcST_0.04_Vconc_8_run_0.csv,1200.0,0.005,0,8.0,0.04,8.0,0,13.25,0.787785,0.0064371,0.000306818,0.787785,0.0,0.0895987,10000.0
1200_dose_0.005_gradient_0_VconcST_0.04_Vconc_8_run_0.csv,1200.0,0.005,0,8.0,0.04,8.0,0,13.5,0.814511,0.00630953,0.000317227,0.814511,0.0,0.0923604,838.056
1200_dose_0.005_gradient_0_VconcST_0.04_Vconc_8_run_0.csv,1200.0,0.005,0,8.0,0.04,8.0,0,13.75,0.840546,0.00618448,0.000327367,0.840546,0.0,0.0950347,10000.0
1200_dose_0.005_gradient_0_VconcST_0.04_Vconc_8_run_0.csv,1200.0,0.005,0,8.0,0.04,8.0,0,14.0,0.865906,0.00606191,0.000337244,0.865906,0.0,0.0976245,834.623
1200_dose_0.005_gradient_0_VconcST_0.04_Vconc_8_run_0.csv,1200.0,0.005,0,8.0,0.04,8.0,0,14.25,0.890603,0.00594177,0.000346862,0.890603,0.0,0.100132,10000.0
1200_dose_0.005_gradient_0_VconcST_0.04_Vconc_8_run_0.csv,1200.0,0.005,0,8.0,0.04,8.0,0,14.5,0.914653,0.00582401,0.000356229,0.914653,0.0,0.102561,816.139
1200_dose_0.005_gradient_0_VconcST_0.04_Vconc_8_run_0.csv,1200.0,0.005,0,8.0,0.04,8.0,0,14.75,0.938067,0.00570859,0.000365348,0.938067,0.0,0.104913,10000.0
1200_dose_0.005_gradient_0_VconcST_0.04_Vconc_8_run_0.csv,1200.0,0.005,0,8.0,0.04,8.0,0,15.0,0.961249,0.0105954,0.000374377,0.961249,0.0,0.107191,824.471
1200_dose_0.005_gradient_0_VconcST_0.04_Vconc_8_run_0.csv,1200.0,0.005,0,8.0,0.04,8.0,0,15.25,1.00651,0.0103855,0.000392005,1.00651,0.0,0.11168,10000.0
1200_dose_0.005_gradient_0_VconcST_0.04_Vconc_8_run_0.csv,1200.0,0.005,0,8.0,0.04,8.0,0,15.5,1.05063,0.0101796,0.000409189,1.05063,0.0,0.116013,827.37
1200_dose_0.005_gradient_0_VconcST_0.04_Vconc_8_run_0.csv,1200.0,0.005,0,8.0,0.04,8.0,0,15.75,1.09364,0.00997788,0.000425938,1.09364,0.0,0.120196,10000.0
1200_dose_0.005_gradient_0_VconcST_0.04_Vconc_8_run_0.csv,1200.0,0.005,0,8.0,0.04,8.0,0,16.0,1.13555,0.00978013,0.00044226,1.13555,0.0,0.124234,818.596
1200_dose_0.005_gradient_0_VconcST_0.04_Vconc_8_run_0.csv,1200.0,0.005,0,8.0,0.04,8.0,0,16.25,1.17639,0.0095863,0.000458166,1.17639,0.0,0.128133,10000.0
1200_dose_0.005_gradient_0_VconcST_0.04_Vconc_8_run_0.csv,1200.0,0.005,0,8.0,0.04,8.0,0,16.5,1.21617,0.00939631,0.000473662,1.21617,0.0,0.131899,827.439
1200_dose_0.005_gradient_0_VconcST_0.04_Vconc_8_run_0.csv,1200.0,0.005,0,8.0,0.04,8.0,0,16.75,1.25493,0.00921009,0.000488758,1.25493,0.0,0.135537,10000.0
1200_dose_0.005_gradient_0_VconcST_0.04_Vconc_8_run_0.csv,1200.0,0.005,0,8.0,0.04,8.0,0,17.0,1.29269,0.00902755,0.000503462,1.29269,0.0,0.139051,821.77
1200_dose_0.005_gradient_0_VconcST_0.04_Vconc_8_run_0.csv,1200.0,0.005,0,8.0,0.04,8.0,0,17.25,1.32946,0.00884864,0.000517782,1.32946,0.0,0.142445,10000.0
1200_dose_0.005_gradient_0_VconcST_0.04_Vconc_8_run_0.csv,1200.0,0.005,0,8.0,0.04,8.0,0,17.5,1.36526,0.00867327,0.000531726,1.36526,0.0,0.145725,818.73
1200_dose_0.005_gradient_0_VconcST_0.04_Vconc_8_run_0.csv,1200.0,0.005,0,8.0,0.04,8.0,0,17.75,1.40012,0.00850138,0.000545303,1.40012,0.0,0.148895,10000.0
1200_dose_0.005_gradient_0_VconcST_0.04_Vconc_8_run_0.csv,1200.0,0.005,0,8.0,0.04,8.0,0,18.0,1.43405,0.00833287,0.000558518,1.43405,0.0,0.151958,802.193
1200_dose_0.005_gradient_0_VconcST_0.04_Vconc_8_run_0.csv,1200.0,0.005,0,8.0,0.04,8.0,0,18.25,1.46708,0.00816772,0.000571381,1.46708,0.0,0.154918,10000.0
1200_dose_0.005_gradient_0_VconcST_0.04_Vconc_8_run_0.csv,1200.0,0.005,0,8.0,0.04,8.0,0,18.5,1.49921,0.00800584,0.000583898,1.49921,0.0,0.157778,806.529
1200_dose_0.005_gradient_0_VconcST_0.04_Vconc_8_run_0.csv,1200.0,0.005,0,8.0,0.04,8.0,0,18.75,1.53048,0.00784718,0.000596076,1.53048,0.0,0.160543,10000.0
1200_dose_0.005_gradient_0_VconcST_0.04_Vconc_8_run_0.csv,1200.0,0.005,0,8.0,0.04,8.0,0,19.0,1.5609,0.00769166,0.000607923,1.5609,0.0,0.163215,777.11
1200_dose_0.005_gradient_0_VconcST_0.04_Vconc_8_run_0.csv,1200.0,0.005,0,8.0,0.04,8.0,0,19.25,1.59049,0.00753922,0.000619446,1.59049,0.0,0.165798,10000.0
1200_dose_0.005_gradient_0_VconcST_0.04_Vconc_8_run_0.csv,1200.0,0.005,0,8.0,0.04,8.0,0,19.5,1.61926,0.0073898,0.00063065,1.61926,0.0,0.168294,780.549
1200_dose_0.005_gradient_0_VconcST_0.04_Vconc_8_run_0.csv,1200.0,0.005,0,8.0,0.04,8.0,0,19.75,1.64723,0.00724334,0.000641544,1.64723,0.0,0.170707,10000.0
1200_dose_0.005_gradient_0_VconcST_0.04_Vconc_8_run_0.csv,1200.0,0.005,0,8.0,0.04,8.0,0,20.0,1.6748,0.0120998,0.000652285,1.6748,0.0,0.173038,784.45
1200_dose_0.005_gradient_0_VconcST_0.04_Vconc_8_run_0.csv,1200.0,0.005,0,8.0,0.04,8.0,0,20.25,1.72431,0.01186,0.000671563,1.72431,0.0,0.17725,10000.0
1200_dose_0.005_gradient_0_VconcST_0.04_Vconc_8_run_0.csv,1200.0,0.005,0,8.0,0.04,8.0,0,20.5,1.77251,0.0116249,0.000690338,1.77251,0.0,0.181311,784.349
1200_dose_0.005_gradient_0_VconcST_0.04_Vconc_8_run_0.csv,1200.0,0.005,0,8.0,0.04,8.0,0,20.75,1.81945,0.0113945,0.000708618,1.81945,0.0,0.185226,10000.0
1200_dose_0.005_gradient_0_VconcST_0.04_Vconc_8_run_0.csv,1200.0,0.005,0,8.0,0.04,8.0,0,21.0,1.86514,0.0111687,0.000726416,1.86514,0.0,0.189002,765.111
1200_dose_0.005_gradient_0_VconcST_0.04_Vconc_8_run_0.csv,1200.0,0.005,0,8.0,0.04,8.0,0,21.25,1.90963,0.0109474,0.00074374,1.90963,0.0,0.192644,10000.0
1200_dose_0.005_gradient_0_VconcST_0.04_Vconc_8_run_0.csv,1200.0,0.005,0,8.0,0.04,8.0,0,21.5,1.95292,0.0107304,0.0007606,1.95292,0.0,0.196158,756.129
1200_dose_0.005_gradient_0_VconcST_0.04_Vconc_8_run_0.csv,1200.0,0.005,0,8.0,0.04,8.0,0,21.75,1.99504,0.0105177,0.000777007,1.99504,0.0,0.199548,10000.0
1200_dose_0.005_gradient_0_VconcST_0.04_Vconc_8_run_0.csv,1200.0,0.005,0,8.0,0.04,8.0,0,22.0,2.03602,0.0103093,0.000792968,2.03602,0.0,0.202818,741.542
1200_dose_0.005_gradient_0_VconcST_0.04_Vconc_8_run_0.csv,1200.0,0.005,0,8.0,0.04,8.0,0,22.25,2.07589,0.010105,0.000808495,2.07589,0.0,0.205974,10000.0
1200_dose_0.005_gradient_0_VconcST_0.04_Vconc_8_run_0.csv,1200.0,0.005,0,8.0,0.04,8.0,0,22.5,2.11466,0.0099047,0.000823595,2.11466,0.0,0.209019,760.926
1200_dose_0.005_gradient_0_VconcST_0.04_Vconc_8_run_0.csv,1200.0,0.005,0,8.0,0.04,8.0,0,22.75,2.15236,0.0097084,0.000838278,2.15236,0.0,0.211958,10000.0
1200_dose_0.005_gradient_0_VconcST_0.04_Vconc_8_run_0.csv,1200.0,0.005,0,8.0,0.04,8.0,0,23.0,2.18901,0.00951599,0.000852553,2.18901,0.0,0.214794,746.262
1200_dose_0.005_gradient_0_VconcST_0.04_Vconc_8_run_0.csv,1200.0,0.005,0,8.0,0.04,8.0,0,23.25,2.22464,0.00932739,0.000866428,2.22464,0.0,0.217532,10000.0
1200_dose_0.005_gradient_0_VconcST_0.04_Vconc_8_run_0.csv,1200.0,0.005,0,8.0,0.04,8.0,0,23.5,2.25926,0.00914254,0.000879911,2.25926,0.0,0.220173,740.776
1200_dose_0.005_gradient_0_VconcST_0.04_Vconc_8_run_0.csv,1200.0,0.005,0,8.0,0.04,8.0,0,23.75,2.29289,0.00896134,0.00089301,2.29289,0.0,0.222723,10000.0
1200_dose_0.005_gradient_0_VconcST_0.04_Vconc_8_run_0.csv,1200.0,0.005,0,8.0,0.04,8.0,0,24.0,2.32556,0.00878374,0.000905734,2.32556,0.0,0.225183,715.174
1200_dose_0.005_gradient_0_VconcST_0.04_Vconc_8_run_0.csv,1200.0,0.005,0,8.0,0.04,8.0,0,24.25,2.35729,0.00860965,0.000918091,2.35729,0.0,0.227558,10000.0
1200_dose_0.005_gradient_0_VconcST_0.04_Vconc_8_run_0.csv,1200.0,0.005,0,8.0,0.04,8.0,0,24.5,2.38809,0.00843902,0.000930087,2.38809,0.0,0.22985,704.44
1200_dose_0.005_gradient_0_VconcST_0.04_Vconc_8_run_0.csv,1200.0,0.005,0,8.0,0.04,8.0,0,24.75,2.41799,0.00827174,0.000941732,2.41799,0.0,0.232061,10000.0
1200_dose_0.005_gradient_0_VconcST_0.04_Vconc_8_run_0.csv,1200.0,0.005,0,8.0,0.04,8.0,0,25.0,2.44739,0.0131078,0.000953183,2.44739,0.0,0.234195,723.644
1200_dose_0.005_gradient_0_VconcST_0.04_Vconc_8_run_0.csv,1200.0,0.005,0,8.0,0.04,8.0,0,25.25,2.49861,0.012848,0.000973133,2.49861,0.0,0.237934,10000.0
1200_dose_0.005_gradient_0_VconcST_0.04_Vconc_8_run_0.csv,1200.0,0.005,0,8.0,0.04,8.0,0,25.5,2.54844,0.0125934,0.00099254,2.54844,0.0,0.241535,713.261
1200_dose_0.005_gradient_0_VconcST_0.04_Vconc_8_run_0.csv,1200.0,0.005,0,8.0,0.04,8.0,0,25.75,2.59691,0.0123438,0.00101142,2.59691,0.0,0.245006,10000.0
1200_dose_0.005_gradient_0_VconcST_0.04_Vconc_8_run_0.csv,1200.0,0.005,0,8.0,0.04,8.0,0,26.0,2.64404,0.0120992,0.00102977,2.64404,0.0,0.248351,707.558
1200_dose_0.005_gradient_0_VconcST_0.04_Vconc_8_run_0.csv,1200.0,0.005,0,8.0,0.04,8.0,0,26.25,2.68986,0.0118594,0.00104762,2.68986,0.0,0.251575,10000.0
1200_dose_0.005_gradient_0_VconcST_0.04_Vconc_8_run_0.csv,1200.0,0.005,0,8.0,0.04,8.0,0,26.5,2.7344,0.0116243,0.00106497,2.7344,0.0,0.254682,682.439
1200_dose_0.005_gradient_0_VconcST_0.04_Vconc_8_run_0.csv,1200.0,0.005,0,8.0,0.04,8.0,0,26.75,2.77769,0.011394,0.00108183,2.77769,0.0,0.257677,10000.0
1200_dose_0.005_gradient_0_VconcST_0.04_Vconc_8_run_0.csv,1200.0,0.005,0,8.0,0.04,8.0,0,27.0,2.81975,0.0111681,0.00109821,2.81975,0.0,0.260564,664.35
1200_dose_0.005_gradient_0_VconcST_0.04_Vconc_8_run_0.csv,1200.0,0.005,0,8.0,0.04,8.0,0,27.25,2.86061,0.0109468,0.00111412,2.86061,0.0,0.263348,10000.0
1200_dose_0.005_gradient_0_VconcST_0.04_Vconc_8_run_0.csv,1200.0,0.005,0,8.0,0.04,8.0,0,27.5,2.90029,0.0107298,0.00112957,2.90029,0.0,0.266031,682.057
1200_dose_0.005_gradient_0_VconcST_0.04_Vconc_8_run_0.csv,1200.0,0.005,0,8.0,0.04,8.0,0,27.75,2.93882,0.0105172,0.00114458,2.93882,0.0,0.268618,10000.0
1200_dose_0.005_gradient_0_VconcST_0.04_Vconc_8_run_0.csv,1200.0,0.005,0,8.0,0.04,8.0,0,28.0,2.97623,0.0103088,0.00115915,2.97623,0.0,0.271111,683.173
1200_dose_0.005_gradient_0_VconcST_0.04_Vconc_8_run_0.csv,1200.0,0.005,0,8.0,0.04,8.0,0,28.25,3.01252,0.0101044,0.00117328,3.01252,0.0,0.273515,10000.0
1200_dose_0.005_gradient_0_VconcST_0.04_Vconc_8_run_0.csv,1200.0,0.005,0,8.0,0.04,8.0,0,28.5,3.04774,0.00990419,0.001187,3.04774,0.0,0.275832,654.164
1200_dose_0.005_gradient_0_VconcST_0.04_Vconc_8_run_0.csv,1200.0,0.005,0,8.0,0.04,8.0,0,28.75,3.0819,0.0097079,0.00120031,3.0819,0.0,0.278066,10000.0
1200_dose_0.005_gradient_0_VconcST_0.04_Vconc_8_run_0.csv,1200.0,0.005,0,8.0,0.04,8.0,0,29.0,3.11503,0.0095155,0.00121321,3.11503,0.0,0.280218,661.235
1200_dose_0.005_gradient_0_VconcST_0.04_Vconc_8_run_0.csv,1200.0,0.005,0,8.0,0.04,8.0,0,29.25,3.14714,0.00932691,0.00122571,3.14714,0.0,0.282293,10000.0
1200_dose_0.005_gradient_0_VconcST_0.04_Vconc_8_run_0.csv,1200.0,0.005,0,8.0,0.04,8.0,0,29.5,3.17825,0.00914207,0.00123783,3.17825,0.0,0.284292,647.6
1200_dose_0.005_gradient_0_VconcST_0.04_Vconc_8_run_0.csv,1200.0,0.005,0,8.0,0.04,8.0,0,29.75,3.2084,0.00896088,0.00124957,3.2084,0.0,0.286218,10000.0
1200_dose_0.005_gradient_0_VconcST_0.04_Vconc_8_run_0.csv,1200.0,0.005,0,8.0,0.04,8.0,0,30.0,3.23799,0.0137833,0.0012611,3.23799,0.0,0.288074,649.111
1200_dose_0.005_gradient_0_VconcST_0.04_Vconc_8_run_0.csv,1200.0,0.005,0,8.0,0.04,8.0,0,30.25,3.28933,0.0135101,0.00128109,3.28933,0.0,0.291313,10000.0
1200_dose_0.005_gradient_0_VconcST_0.04_Vconc_8_run_0.csv,1200.0,0.005,0,8.0,0.04,8.0,0,30.5,3.33922,0.0132424,0.00130052,3.33922,0.0,0.294433,667.956
1200_dose_0.005_gradient_0_VconcST_0.04_Vconc_8_run_0.csv,1200.0,0.005,0,8.0,0.04,8.0,0,30.75,3.38768,0.0129799,0.0013194,3.38768,0.0,0.297437,10000.0
1200_dose_0.005_gradient_0_VconcST_0.04_Vconc_8_run_0.csv,1200.0,0.005,0,8.0,0.04,8.0,0,31.0,3.43475,0.0127227,0.00133773,3.43475,0.0,0.300331,634.457
1200_dose_0.005_gradient_0_VconcST_0.04_Vconc_8_run_0.csv,1200.0,0.005,0,8.0,0.04,8.0,0,31.25,3.48045,0.0124705,0.00135553,3.48045,0.0,0.303118,10000.0
1200_dose_0.005_gradient_0_VconcST_0.04_Vconc_8_run_0.csv,1200.0,0.005,0,8.0,0.04,8.0,0,31.5,3.52482,0.0122234,0.00137281,3.52482,0.0,0.305802,636.183
1200_dose_0.005_gradient_0_VconcST_0.04_Vconc_8_run_0.csv,1200.0,0.005,0,8.0,0.04,8.0,0,31.75,3.56787,0.0119811,0.00138958,3.56787,0.0,0.308387,10000.0
1200_dose_0.005_gradient_0_VconcST_0.04_Vconc_8_run_0.csv,1200.0,0.005,0,8.0,0.04,8.0,0,32.0,3.60965,0.0117437,0.00140585,3.60965,0.0,0.310877,635.952
1200_dose_0.005_gradient_0_VconcST_0.04_Vconc_8_run_0.csv,1200.0,0.005,0,8.0,0.04,8.0,0,32.25,3.65017,0.0115109,0.00142163,3.65017,0.0,0.313276,10000.0
1200_dose_0.005_gradient_0_VconcST_0.04_Vconc_8_run_0.csv,1200.0,0.005,0,8.0,0.04,8.0,0,32.5,3.68947,0.0112828,0.00143693,3.68947,0.0,0.315585,657.429
1200_dose_0.005_gradient_0_VconcST_0.04_Vconc_8_run_0.csv,1200.0,0.005,0,8.0,0.04,8.0,0,32.75,3.72756,0.0110592,0.00145177,3.72756,0.0,0.31781,10000.0
1200_dose_0.005_gradient_0_VconcST_0.04_Vconc_8_run_0.csv,1200.0,0.005,0,8.0,0.04,8.0,0,33.0,3.76447,0.01084,0.00146614,3.76447,0.0,0.319951,593.176
1200_dose_0.005_gradient_0_VconcST_0.04_Vconc_8_run_0.csv,1200.0,0.005,0,8.0,0.04,8.0,0,33.25,3.80023,0.0106251,0.00148007,3.80023,0.0,0.322013,10000.0
1200_dose_0.005_gradient_0_VconcST_0.04_Vconc_8_run_0.csv,1200.0,0.005,0,8.0,0.04,8.0,0,33.5,3.83487,0.0104146,0.00149356,3.83487,0.0,0.323999,590.925
1200_dose_0.005_gradient_0_VconcST_0.04_Vconc_8_run_0.csv,1200.0,0.005,0,8.0,0.04,8.0,0,33.75,3.8684,0.0102082,0.00150662,3.8684,0.0,0.32591,10000.0
1200_dose_0.005_gradient_0_VconcST_0.04_Vconc_8_run_0.csv,1200.0,0.005,0,8.0,0.04,8.0,0,34.0,3.90085,0.0100059,0.00151926,3.90085,0.0,0.327749,597.468
1200_dose_0.005_gradient_0_VconcST_0.04_Vconc_8_run_0.csv,1200.0,0.005,0,8.0,0.04,8.0,0,34.25,3.93224,0.00980755,0.00153149,3.93224,0.0,0.329519,10000.0
1200_dose_0.005_gradient_0_VconcST_0.04_Vconc_8_run_0.csv,1200.0,0.005,0,8.0,0.04,8.0,0,34.5,3.9626,0.00961317,0.00154331,3.9626,0.0,0.331221,607.12
1200_dose_0.005_gradient_0_VconcST_0.04_Vconc_8_run_0.csv,1200.0,0.005,0,8.0,0.04,8.0,0,34.75,3.99195,0.00942265,0.00155474,3.99195,0.0,0.332859,10000.0
1200_dose_0.005_gradient_0_VconcST_0.04_Vconc_8_run_0.csv,1200.0,0.005,0,8.0,0.04,8.0,0,35.0,4.02069,0.0142359,0.00156594,4.02069,0.0,0.334434,592.667
1200_dose_0.005_gradient_0_VconcST_0.04_Vconc_8_run_0.csv,1200.0,0.005,0,8.0,0.04,8.0,0,35.25,4.07116,0.0139538,0.00158559,4.07116,0.0,0.337218,10000.0
1200_dose_0.005_gradient_0_VconcST_0.04_Vconc_8_run_0.csv,1200.0,0.005,0,8.0,0.04,8.0,0,35.5,4.12013,0.0136772,0.00160466,4.12013,0.0,0.339897,597.637
1200_dose_0.005_gradient_0_VconcST_0.04_Vconc_8_run_0.csv,1200.0,0.005,0,8.0,0.04,8.0,0,35.75,4.16764,0.0134062,0.00162317,4.16764,0.0,0.342476,10000.0
1200_dose_0.005_gradient_0_VconcST_0.04_Vconc_8_run_0.csv,1200.0,0.005,0,8.0,0.04,8.0,0,36.0,4.21372,0.0131405,0.00164111,4.21372,0.0,0.344958,584.536
1200_dose_0.005_gradient_0_VconcST_0.04_Vconc_8_run_0.csv,1200.0,0.005,0,8.0,0.04,8.0,0,36.25,4.2584,0.01288,0.00165851,4.2584,0.0,0.347347,10000.0
1200_dose_0.005_gradient_0_VconcST_0.04_Vconc_8_run_0.csv,1200.0,0.005,0,8.0,0.04,8.0,0,36.5,4.3017,0.0126248,0.00167538,4.3017,0.0,0.349646,562.007
1200_dose_0.005_gradient_0_VconcST_0.04_Vconc_8_run_0.csv,1200.0,0.005,0,8.0,0.04,8.0,0,36.75,4.34366,0.0123746,0.00169172,4.34366,0.0,0.351858,10000.0
1200_dose_0.005_gradient_0_VconcST_0.04_Vconc_8_run_0.csv,1200.0,0.005,0,8.0,0.04,8.0,0,37.0,4.38431,0.0121293,0.00170755,4.38431,0.0,0.353987,561.368
1200_dose_0.005_gradient_0_VconcST_0.04_Vconc_8_run_0.csv,1200.0,0.005,0,8.0,0.04,8.0,0,37.25,4.42368,0.0118889,0.00172288,4.42368,0.0,0.356035,10000.0
1200_dose_0.005_gradient_0_VconcST_0.04_Vconc_8_run_0.csv,1200.0,0.005,0,8.0,0.04,8.0,0,37.5,4.46178,0.0116533,0.00173773,4.46178,0.0,0.358005,554.154
1200_dose_0.005_gradient_0_VconcST_0.04_Vconc_8_run_0.csv,1200.0,0.005,0,8.0,0.04,8.0,0,37.75,4.49865,0.0114223,0.00175208,4.49865,0.0,0.3599,10000.0
1200_dose_0.005_gradient_0_VconcST_0.04_Vconc_8_run_0.csv,1200.0,0.005,0,8.0,0.04,8.0,0,38.0,4.53431,0.011196,0.00176597,4.53431,0.0,0.361722,589.314
1200_dose_0.005_gradient_0_VconcST_0.04_Vconc_8_run_0.csv,1200.0,0.005,0,8.0,0.04,8.0,0,38.25,4.5688,0.0109741,0.00177941,4.5688,0.0,0.363475,10000.0
1200_dose_0.005_gradient_0_VconcST_0.04_Vconc_8_run_0.csv,1200.0,0.005,0,8.0,0.04,8.0,0,38.5,4.60213,0.0107566,0.00179239,4.60213,0.0,0.365159,555.546
1200_dose_0.005_gradient_0_VconcST_0.04_Vconc_8_run_0.csv,1200.0,0.005,0,8.0,0.04,8.0,0,38.75,4.63433,0.0105434,0.00180493,4.63433,0.0,0.366778,10000.0
1200_dose_0.005_gradient_0_VconcST_0.04_Vconc_8_run_0.csv,1200.0,0.005,0,8.0,0.04,8.0,0,39.0,4.66543,0.0103344,0.00181704,4.66543,0.0,0.368334,563.107
1200_dose_0.005_gradient_0_VconcST_0.04_Vconc_8_run_0.csv,1200.0,0.005,0,8.0,0.04,8.0,0,39.25,4.69544,0.0101296,0.00182873,4.69544,0.0,0.369828,10000.0
1200_dose_0.005_gradient_0_VconcST_0.04_Vconc_8_run_0.csv,1200.0,0.005,0,8.0,0.04,8.0,0,39.5,4.72439,0.00992886,0.00184,4.72439,0.0,0.371263,567.515
1200_dose_0.005_gradient_0_VconcST_0.04_Vconc_8_run_0.csv,1200.0,0.005,0,8.0,0.04,8.0,0,39.75,4.75231,0.00973209,0.00185088,4.75231,0.0,0.37264,10000.0
1200_dose_0.005_gradient_0_VconcST_0.04_Vconc_8_run_0.csv,1200.0,0.005,0,8.0,0.04,8.0,0,40.0,4.7796,0.0145392,0.0018615,4.7796,0.0,0.373962,532.364
1200_dose_0.005_gradient_0_VconcST_0.04_Vconc_8_run_0.csv,1200.0,0.005,0,8.0,0.04,8.0,0,40.25,4.82858,0.0142511,0.00188058,4.82858,0.0,0.376354,10000.0
1200_dose_0.005_gradient_0_VconcST_0.04_Vconc_8_run_0.csv,1200.0,0.005,0,8.0,0.04,8.0,0,40.5,4.87606,0.0139686,0.00189907,4.87606,0.0,0.378654,526.082
1200_dose_0.005_gradient_0_VconcST_0.04_Vconc_8_run_0.csv,1200.0,0.005,0,8.0,0.04,8.0,0,40.75,4.92204,0.0136918,0.00191698,4.92204,0.0,0.380867,10000.0
1200_dose_0.005_gradient_0_VconcST_0.04_Vconc_8_run_0.csv,1200.0,0.005,0,8.0,0.04,8.0,0,41.0,4.96658,0.0134204,0.00193433,4.96658,0.0,0.382995,544.169
1200_dose_0.005_gradient_0_VconcST_0.04_Vconc_8_run_0.csv,1200.0,0.005,0,8.0,0.04,8.0,0,41.25,5.00969,0.0131544,0.00195112,5.00969,0.0,0.38504,10000.0
1200_dose_0.005_gradient_0_VconcST_0.04_Vconc_8_run_0.csv,1200.0,0.005,0,8.0,0.04,8.0,0,41.5,5.05142,0.0128937,0.00196737,5.05142,0.0,0.387008,546.12
1200_dose_0.005_gradient_0_VconcST_0.04_Vconc_8_run_0.csv,1200.0,0.005,0,8.0,0.04,8.0,0,41.75,5.09178,0.0126382,0.00198309,5.09178,0.0,0.388899,10000.0
1200_dose_0.005_gradient_0_VconcST_0.04_Vconc_8_run_0.csv,1200.0,0.005,0,8.0,0.04,8.0,0,42.0,5.13081,0.0123877,0.00199829,5.13081,0.0,0.390716,514.898
1200_dose_0.005_gradient_0_VconcST_0.04_Vconc_8_run_0.csv,1200.0,0.005,0,8.0,0.04,8.0,0,42.25,5.16853,0.0121422,0.00201298,5.16853,0.0,0.392463,9930.97
1200_dose_0.005_gradient_0_VconcST_0.04_Vconc_8_run_0.csv,1200.0,0.005,0,8.0,0.04,8.0,0,42.5,5.20498,0.0119016,0.00202718,5.20498,0.0,0.394141,501.158
1200_dose_0.005_gradient_0_VconcST_0.04_Vconc_8_run_0.csv,1200.0,0.005,0,8.0,0.04,8.0,0,42.75,5.24018,0.0116657,0.00204089,5.24018,0.0,0.395752,10000.0
1200_dose_0.005_gradient_0_VconcST_0.04_Vconc_8_run_0.csv,1200.0,0.005,0,8.0,0.04,8.0,0,43.0,5.27416,0.0114345,0.00205412,5.27416,0.0,0.3973,506.305
1200_dose_0.005_gradient_0_VconcST_0.04_Vconc_8_run_0.csv,1200.0,0.005,0,8.0,0.04,8.0,0,43.25,5.30694,0.0112079,0.00206689,5.30694,0.0,0.398786,9950.72
1200_dose_0.005_gradient_0_VconcST_0.04_Vconc_8_run_0.csv,1200.0,0.005,0,8.0,0.04,8.0,0,43.5,5.33855,0.0109857,0.0020792,5.33855,0.0,0.400211,499.329
1200_dose_0.005_gradient_0_VconcST_0.04_Vconc_8_run_0.csv,1200.0,0.005,0,8.0,0.04,8.0,0,43.75,5.36901,0.010768,0.00209106,5.36901,0.0,0.401579,10000.0
1200_dose_0.005_gradient_0_VconcST_0.04_Vconc_8_run_0.csv,1200.0,0.005,0,8.0,0.04,8.0,0,44.0,5.39836,0.0105546,0.00210249,5.39836,0.0,0.402891,512.292
1200_dose_0.005_gradient_0_VconcST_0.04_Vconc_8_run_0.csv,1200.0,0.005,0,8.0,0.04,8.0,0,44.25,5.42661,0.0103454,0.0021135,5.42661,0.0,0.404148,10000.0
1200_dose_0.005_gradient_0_VconcST_0.04_Vconc_8_run_0.csv,1200.0,0.005,0,8.0,0.04,8.0,0,44.5,5.45378,0.0101404,0.00212408,5.45378,0.0,0.405352,477.795
1200_dose_0.005_gradient_0_VconcST_0.04_Vconc_8_run_0.csv,1200.0,0.005,0,8.0,0.04,8.0,0,44.75,5.47991,0.00993942,0.00213426,5.47991,0.0,0.406505,10000.0
1200_dose_0.005_gradient_0_VconcST_0.04_Vconc_8_run_0.csv,1200.0,0.005,0,8.0,0.04,8.0,0,45.0,5.5054,0.0147424,0.00214418,5.5054,0.0,0.407609,505.657
1200_dose_0.005_gradient_0_VconcST_0.04_Vconc_8_run_0.csv,1200.0,0.005,0,8.0,0.04,8.0,0,45.25,5.55257,0.0144503,0.00216255,5.55257,0.0,0.409672,10000.0
1200_dose_0.005_gradient_0_VconcST_0.04_Vconc_8_run_0.csv,1200.0,0.005,0,8.0,0.04,8.0,0,45.5,5.59822,0.0141639,0.00218033,5.59822,0.0,0.411655,470.083
1200_dose_0.005_gradient_0_VconcST_0.04_Vconc_8_run_0.csv,1200.0,0.005,0,8.0,0.04,8.0,0,45.75,5.64237,0.0138832,0.00219753,5.64237,0.0,0.413561,9982.63
1200_dose_0.005_gradient_0_VconcST_0.04_Vconc_8_run_0.csv,1200.0,0.005,0,8.0,0.04,8.0,0,46.0,5.68506,0.013608,0.00221415,5.68506,0.0,0.415391,480.086
1200_dose_0.005_gradient_0_VconcST_0.04_Vconc_8_run_0.csv,1200.0,0.005,0,8.0,0.04,8.0,0,46.25,5.72631,0.0133383,0.00223022,5.72631,0.0,0.417149,10000.0
1200_dose_0.005_gradient_0_VconcST_0.04_Vconc_8_run_0.csv,1200.0,0.005,0,8.0,0.04,8.0,0,46.5,5.76617,0.013074,0.00224574,5.76617,0.0,0.418838,506.717
1200_dose_0.005_gradient_0_VconcST_0.04_Vconc_8_run_0.csv,1200.0,0.005,0,8.0,0.04,8.0,0,46.75,5.80465,0.0128148,0.00226073,5.80465,0.0,0.420459,9885.33
1200_dose_0.005_gradient_0_VconcST_0.04_Vconc_8_run_0.csv,1200.0,0.005,0,8.0,0.04,8.0,0,47.0,5.84179,0.0125609,0.0022752,5.84179,0.0,0.422015,491.213
1200_dose_0.005_gradient_0_VconcST_0.04_Vconc_8_run_0.csv,1200.0,0.005,0,8.0,0.04,8.0,0,47.25,5.87762,0.0123119,0.00228915,5.87762,0.0,0.423508,10000.0
1200_dose_0.005_gradient_0_VconcST_0.04_Vconc_8_run_0.csv,1200.0,0.005,0,8.0,0.04,8.0,0,47.5,5.91216,0.0120679,0.0023026,5.91216,0.0,0.42494,474.92
1200_dose_0.005_gradient_0_VconcST_0.04_Vconc_8_run_0.csv,1200.0,0.005,0,8.0,0.04,8.0,0,47.75,5.94545,0.0118287,0.00231557,5.94545,0.0,0.426314,9882.16
1200_dose_0.005_gradient_0_VconcST_0.04_Vconc_8_run_0.csv,1200.0,0.005,0,8.0,0.04,8.0,0,48.0,5.97751,0.0115943,0.00232805,5.97751,0.0,0.42763,498.705
1200_dose_0.005_gradient_0_VconcST_0.04_Vconc_8_run_0.csv,1200.0,0.005,0,8.0,0.04,8.0,0,48.25,6.00836,0.0113645,0.00234007,6.00836,0.0,0.428892,10000.0
1200_dose_0.005_gradient_0_VconcST_0.04_Vconc_8_run_0.csv,1200.0,0.005,0,8.0,0.04,8.0,0,48.5,6.03804,0.0111393,0.00235163,6.03804,0.0,0.4301,501.248
1200_dose_0.005_gradient_0_VconcST_0.04_Vconc_8_run_0.csv,1200.0,0.005,0,8.0,0.04,8.0,0,48.75,6.06656,0.0109185,0.00236274,6.06656,0.0,0.431257,9674.77
1200_dose_0.005_gradient_0_VconcST_0.04_Vconc_8_run_0.csv,1200.0,0.005,0,8.0,0.04,8.0,0,49.0,6.09396,0.0107021,0.00237341,6.09396,0.0,0.432363,466.131
1200_dose_0.005_gradient_0_VconcST_0.04_Vconc_8_run_0.csv,1200.0,0.005,0,8.0,0.04,8.0,0,49.25,6.12025,0.01049,0.00238365,6.12025,0.0,0.43342,9830.7
1200_dose_0.005_gradient_0_VconcST_0.04_Vconc_8_run_0.csv,1200.0,0.005,0,8.0,0.04,8.0,0,49.5,6.14546,0.0102821,0.00239347,6.14546,0.0,0.434431,457.411
1200_dose_0.005_gradient_0_VconcST_0.04_Vconc_8_run_0.csv,1200.0,0.005,0,8.0,0.04,8.0,0,49.75,6.16962,0.0100784,0.00240288,6.16962,0.0,0.435396,9428.1
1200_dose_0.005_gradient_0_VconcST_0.04_Vconc_8_run_0.csv,1200.0,0.005,0,8.0,0.04,8.0,0,50.0,6.19313,0.0148786,0.00241203,6.19313,0.0,0.436317,451.076
1200_dose_0.005_gradient_0_VconcST_0.04_Vconc_8_run_0.csv,1200.0,0.005,0,8.0,0.04,8.0,0,50.25,6.23833,0.0145837,0.00242964,6.23833,0.0,0.438107,9554.22
1200_dose_0.005_gradient_0_VconcST_0.04_Vconc_8_run_0.csv,1200.0,0.005,0,8.0,0.04,8.0,0,50.5,6.28199,0.0142947,0.00244664,6.28199,0.0,0.439826,480.045
1200_dose_0.005_gradient_0_VconcST_0.04_Vconc_8_run_0.csv,1200.0,0.005,0,8.0,0.04,8.0,0,50.75,6.32415,0.0140114,0.00246306,6.32415,0.0,0.441476,10000.0
1200_dose_0.005_gradient_0_VconcST_0.04_Vconc_8_run_0.csv,1200.0,0.005,0,8.0,0.04,8.0,0,51.0,6.36485,0.0137337,0.00247891,6.36485,0.0,0.443059,469.5
1200_dose_0.005_gradient_0_VconcST_0.04_Vconc_8_run_0.csv,1200.0,0.005,0,8.0,0.04,8.0,0,51.25,6.40411,0.0134615,0.0024942,6.40411,0.0,0.444578,9435.96
1200_dose_0.005_gradient_0_VconcST_0.04_Vconc_8_run_0.csv,1200.0,0.005,0,8.0,0.04,8.0,0,51.5,6.44196,0.0131947,0.00250894,6.44196,0.0,0.446035,458.882
1200_dose_0.005_gradient_0_VconcST_0.04_Vconc_8_run_0.csv,1200.0,0.005,0,8.0,0.04,8.0,0,51.75,6.47844,0.0129332,0.00252315,6.47844,0.0,0.447432,9828.56
1200_dose_0.005_gradient_0_VconcST_0.04_Vconc_8_run_0.csv,1200.0,0.005,0,8.0,0.04,8.0,0,52.0,6.51357,0.0126769,0.00253683,6.51357,0.0,0.44877,458.083
1200_dose_0.005_gradient_0_VconcST_0.04_Vconc_8_run_0.csv,1200.0,0.005,0,8.0,0.04,8.0,0,52.25,6.54739,0.0124257,0.00255001,6.54739,0.0,0.450052,9983.59
1200_dose_0.005_gradient_0_VconcST_0.04_Vconc_8_run_0.csv,1200.0,0.005,0,8.0,0.04,8.0,0,52.5,6.57992,0.0121794,0.00256267,6.57992,0.0,0.45128,447.69
1200_dose_0.005_gradient_0_VconcST_0.04_Vconc_8_run_0.csv,1200.0,0.005,0,8.0,0.04,8.0,0,52.75,6.61119,0.011938,0.00257485,6.61119,0.0,0.452455,9497.33
1200_dose_0.005_gradient_0_VconcST_0.04_Vconc_8_run_0.csv,1200.0,0.005,0,8.0,0.04,8.0,0,53.0,6.64122,0.0117014,0.00258655,6.64122,0.0,0.453579,438.587
1200_dose_0.005_gradient_0_VconcST_0.04_Vconc_8_run_0.csv,1200.0,0.005,0,8.0,0.04,8.0,0,53.25,6.67005,0.0114695,0.00259778,6.67005,0.0,0.454654,9688.68
1200_dose_0.005_gradient_0_VconcST_0.04_Vconc_8_run_0.csv,1200.0,0.005,0,8.0,0.04,8.0,0,53.5,6.6977,0.0112422,0.00260855,6.6977,0.0,0.45568,439.003
1200_dose_0.005_gradient_0_VconcST_0.04_Vconc_8_run_0.csv,1200.0,0.005,0,8.0,0.04,8.0,0,53.75,6.72419,0.0110194,0.00261886,6.72419,0.0,0.456661,9756.34
1200_dose_0.005_gradient_0_VconcST_0.04_Vconc_8_run_0.csv,1200.0,0.005,0,8.0,0.04,8.0,0,54.0,6.74956,0.010801,0.00262874,6.74956,0.0,0.457596,440.05
1200_dose_0.005_gradient_0_VconcST_0.04_Vconc_8_run_0.csv,1200.0,0.005,0,8.0,0.04,8.0,0,54.25,6.77382,0.0105869,0.00263819,6.77382,0.0,0.458487,9534.11
1200_dose_0.005_gradient_0_VconcST_0.04_Vconc_8_run_0.csv,1200.0,0.005,0,8.0,0.04,8.0,0,54.5,6.797,0.0103771,0.00264722,6.797,0.0,0.459336,437.496
1200_dose_0.005_gradient_0_VconcST_0.04_Vconc_8_run_0.csv,1200.0,0.005,0,8.0,0.04,8.0,0,54.75,6.81913,0.0101715,0.00265584,6.81913,0.0,0.460144,9516.34
1200_dose_0.005_gradient_0_VconcST_0.04_Vconc_8_run_0.csv,1200.0,0.005,0,8.0,0.04,8.0,0,55.0,6.84061,0.0149699,0.00266421,6.84061,0.0,0.460912,442.169
1200_dose_0.005_gradient_0_VconcST_0.04_Vconc_8_run_0.csv,1200.0,0.005,0,8.0,0.04,8.0,0,55.25,6.88377,0.0146732,0.00268102,6.88377,0.0,0.462476,9293.06
1200_dose_0.005_gradient_0_VconcST_0.04_Vconc_8_run_0.csv,1200.0,0.005,0,8.0,0.04,8.0,0,55.5,6.9254,0.0143824,0.00269723,6.9254,0.0,0.463977,438.233
1200_dose_0.005_gradient_0_VconcST_0.04_Vconc_8_run_0.csv,1200.0,0.005,0,8.0,0.04,8.0,0,55.75,6.96553,0.0140973,0.00271286,6.96553,0.0,0.465415,9243.24
1200_dose_0.005_gradient_0_VconcST_0.04_Vconc_8_run_0.csv,1200.0,0.005,0,8.0,0.04,8.0,0,56.0,7.00419,0.0138179,0.00272791,7.00419,0.0,0.466793,448.677
1200_dose_0.005_gradient_0_VconcST_0.04_Vconc_8_run_0.csv,1200.0,0.005,0,8.0,0.04,8.0,0,56.25,7.04141,0.0135441,0.00274241,7.04141,0.0,0.468114,9766.58
1200_dose_0.005_gradient_0_VconcST_0.04_Vconc_8_run_0.csv,1200.0,0.005,0,8.0,0.04,8.0,0,56.5,7.07723,0.0132757,0.00275636,7.07723,0.0,0.469378,436.322
1200_dose_0.005_gradient_0_VconcST_0.04_Vconc_8_run_0.csv,1200.0,0.005,0,8.0,0.04,8.0,0,56.75,7.11167,0.0130126,0.00276978,7.11167,0.0,0.470588,9279.43
1200_dose_0.005_gradient_0_VconcST_0.04_Vconc_8_run_0.csv,1200.0,0.005,0,8.0,0.04,8.0,0,57.0,7.14477,0.0127547,0.00278267,7.14477,0.0,0.471746,426.07
1200_dose_0.005_gradient_0_VconcST_0.04_Vconc_8_run_0.csv,1200.0,0.005,0,8.0,0.04,8.0,0,57.25,7.17655,0.0125019,0.00279504,7.17655,0.0,0.472853,9476.88
1200_dose_0.005_gradient_0_VconcST_0.04_Vconc_8_run_0.csv,1200.0,0.005,0,8.0,0.04,8.0,0,57.5,7.20705,0.0122541,0.00280692,7.20705,0.0,0.473911,423.212
1200_dose_0.005_gradient_0_VconcST_0.04_Vconc_8_run_0.csv,1200.0,0.005,0,8.0,0.04,8.0,0,57.75,7.23628,0.0120113,0.00281831,7.23628,0.0,0.474921,9270.62
1200_dose_0.005_gradient_0_VconcST_0.04_Vconc_8_run_0.csv,1200.0,0.005,0,8.0,0.04,8.0,0,58.0,7.26428,0.0117732,0.00282921,7.26428,0.0,0.475885,423.651
1200_dose_0.005_gradient_0_VconcST_0.04_Vconc_8_run_0.csv,1200.0,0.005,0,8.0,0.04,8.0,0,58.25,7.29109,0.0115399,0.00283965,7.29109,0.0,0.476804,9452.36
1200_dose_0.005_gradient_0_VconcST_0.04_Vconc_8_run_0.csv,1200.0,0.005,0,8.0,0.04,8.0,0,58.5,7.31671,0.0113112,0.00284963,7.31671,0.0,0.47768,426.079
1200_dose_0.005_gradient_0_VconcST_0.04_Vconc_8_run_0.csv,1200.0,0.005,0,8.0,0.04,8.0,0,58.75,7.34118,0.011087,0.00285916,7.34118,0.0,0.478514,9722.21
1200_dose_0.005_gradient_0_VconcST_0.04_Vconc_8_run_0.csv,1200.0,0.005,0,8.0,0.04,8.0,0,59.0,7.36452,0.0108673,0.00286825,7.36452,0.0,0.479307,413.943
1200_dose_0.005_gradient_0_VconcST_0.04_Vconc_8_run_0.csv,1200.0,0.005,0,8.0,0.04,8.0,0,59.25,7.38676,0.0106519,0.00287691,7.38676,0.0,0.48006,9331.28
1200_dose_0.005_gradient_0_VconcST_0.04_Vconc_8_run_0.csv,1200.0,0.005,0,8.0,0.04,8.0,0,59.5,7.40792,0.0104408,0.00288515,7.40792,0.0,0.480775,431.981
1200_dose_0.005_gradient_0_VconcST_0.04_Vconc_8_run_0.csv,1200.0,0.005,0,8.0,0.04,8.0,0,59.75,7.42802,0.0102339,0.00289298,7.42802,0.0,0.481452,9757.74
1200_dose_0.005_gradient_0_VconcST_0.04_Vconc_8_run_0.csv,1200.0,0.005,0,8.0,0.04,8.0,0,60.0,7.44748,0.015031,0.00290056,7.44748,0.0,0.482093,427.828
1200_dose_0.005_gradient_0_VconcST_0.04_Vconc_8_run_0.csv,1200.0,0.005,0,8.0,0.04,8.0,0,60.25,7.48862,0.0147331,0.00291659,7.48862,0.0,0.483469,9709.64
1200_dose_0.005_gradient_0_VconcST_0.04_Vconc_8_run_0.csv,1200.0,0.005,0,8.0,0.04,8.0,0,60.5,7.52823,0.0144411,0.00293201,7.52823,0.0,0.484788,420.492
1200_dose_0.005_gradient_0_VconcST_0.04_Vconc_8_run_0.csv,1200.0,0.005,0,8.0,0.04,8.0,0,60.75,7.56634,0.0141549,0.00294686,7.56634,0.0,0.48605,9240.48
1200_dose_0.005_gradient_0_VconcST_0.04_Vconc_8_run_0.csv,1200.0,0.005,0,8.0,0.04,8.0,0,61.0,7.60299,0.0138744,0.00296113,7.60299,0.0,0.487258,403.907
1200_dose_0.005_gradient_0_VconcST_0.04_Vconc_8_run_0.csv,1200.0,0.005,0,8.0,0.04,8.0,0,61.25,7.6382,0.0135994,0.00297484,7.6382,0.0,0.488413,9432.44
1200_dose_0.005_gradient_0_VconcST_0.04_Vconc_8_run_0.csv,1200.0,0.005,0,8.0,0.04,8.0,0,61.5,7.67201,0.0133299,0.00298801,7.67201,0.0,0.489518,422.102
1200_dose_0.005_gradient_0_VconcST_0.04_Vconc_8_run_0.csv,1200.0,0.005,0,8.0,0.04,8.0,0,61.75,7.70445,0.0130657,0.00300064,7.70445,0.0,0.490573,9067.79
1200_dose_0.005_gradient_0_VconcST_0.04_Vconc_8_run_0.csv,1200.0,0.005,0,8.0,0.04,8.0,0,62.0,7.73555,0.0128068,0.00301275,7.73555,0.0,0.491581,406.374
1200_dose_0.005_gradient_0_VconcST_0.04_Vconc_8_run_0.csv,1200.0,0.005,0,8.0,0.04,8.0,0,62.25,7.76533,0.012553,0.00302435,7.76533,0.0,0.492542,8976.63
1200_dose_0.005_gradient_0_VconcST_0.04_Vconc_5.6_run_0.csv,1200.0,0.005,0,5.6,0.04,5.6,0,0.0,0.0,0.0,0.0,0.0,0.0,0.0,0.0
1200_dose_0.005_gradient_0_VconcST_0.04_Vconc_5.6_run_0.csv,1200.0,0.005,0,5.6,0.04,5.6,0,0.25,0.0,0.0,0.0,0.0,0.0,0.0,10000.0
1200_dose_0.005_gradient_0_VconcST_0.04_Vconc_5.6_run_0.csv,1200.0,0.005,0,5.6,0.04,5.6,0,0.5,0.0,0.0,0.0,0.0,0.0,0.0,676.309
1200_dose_0.005_gradient_0_VconcST_0.04_Vconc_5.6_run_0.csv,1200.0,0.005,0,5.6,0.04,5.6,0,0.75,0.0,0.0,0.0,0.0,0.0,0.0,10000.0
1200_dose_0.005_gradient_0_VconcST_0.04_Vconc_5.6_run_0.csv,1200.0,0.005,0,5.6,0.04,5.6,0,1.0,0.0,0.0,0.0,0.0,0.0,0.0,679.547
1200_dose_0.005_gradient_0_VconcST_0.04_Vconc_5.6_run_0.csv,1200.0,0.005,0,5.6,0.04,5.6,0,1.25,0.0,0.0,0.0,0.0,0.0,0.0,10000.0
1200_dose_0.005_gradient_0_VconcST_0.04_Vconc_5.6_run_0.csv,1200.0,0.005,0,5.6,0.04,5.6,0,1.5,0.0,0.0,0.0,0.0,0.0,0.0,663.839
1200_dose_0.005_gradient_0_VconcST_0.04_Vconc_5.6_run_0.csv,1200.0,0.005,0,5.6,0.04,5.6,0,1.75,0.0,0.0,0.0,0.0,0.0,0.0,10000.0
1200_dose_0.005_gradient_0_VconcST_0.04_Vconc_5.6_run_0.csv,1200.0,0.005,0,5.6,0.04,5.6,0,2.0,0.0,0.0,0.0,0.0,0.0,0.0,663.988
1200_dose_0.005_gradient_0_VconcST_0.04_Vconc_5.6_run_0.csv,1200.0,0.005,0,5.6,0.04,5.6,0,2.25,0.0,0.0,0.0,0.0,0.0,0.0,10000.0
1200_dose_0.005_gradient_0_VconcST_0.04_Vconc_5.6_run_0.csv,1200.0,0.005,0,5.6,0.04,5.6,0,2.5,0.0,0.0,0.0,0.0,0.0,0.0,677.614
1200_dose_0.005_gradient_0_VconcST_0.04_Vconc_5.6_run_0.csv,1200.0,0.005,0,5.6,0.04,5.6,0,2.75,0.0,0.0,0.0,0.0,0.0,0.0,10000.0
1200_dose_0.005_gradient_0_VconcST_0.04_Vconc_5.6_run_0.csv,1200.0,0.005,0,5.6,0.04,5.6,0,3.0,0.0,0.0,0.0,0.0,0.0,0.0,670.193
1200_dose_0.005_gradient_0_VconcST_0.04_Vconc_5.6_run_0.csv,1200.0,0.005,0,5.6,0.04,5.6,0,3.25,0.0,0.0,0.0,0.0,0.0,0.0,10000.0
1200_dose_0.005_gradient_0_VconcST_0.04_Vconc_5.6_run_0.csv,1200.0,0.005,0,5.6,0.04,5.6,0,3.5,0.0,0.0,0.0,0.0,0.0,0.0,670.03
1200_dose_0.005_gradient_0_VconcST_0.04_Vconc_5.6_run_0.csv,1200.0,0.005,0,5.6,0.04,5.6,0,3.75,0.0,0.0,0.0,0.0,0.0,0.0,10000.0
1200_dose_0.005_gradient_0_VconcST_0.04_Vconc_5.6_run_0.csv,1200.0,0.005,0,5.6,0.04,5.6,0,4.0,0.0,0.0,0.0,0.0,0.0,0.0,672.794
1200_dose_0.005_gradient_0_VconcST_0.04_Vconc_5.6_run_0.csv,1200.0,0.005,0,5.6,0.04,5.6,0,4.25,0.0,0.0,0.0,0.0,0.0,0.0,10000.0
1200_dose_0.005_gradient_0_VconcST_0.04_Vconc_5.6_run_0.csv,1200.0,0.005,0,5.6,0.04,5.6,0,4.5,0.0,0.0,0.0,0.0,0.0,0.0,666.651
1200_dose_0.005_gradient_0_VconcST_0.04_Vconc_5.6_run_0.csv,1200.0,0.005,0,5.6,0.04,5.6,0,4.75,0.0,0.0,0.0,0.0,0.0,0.0,10000.0
1200_dose_0.005_gradient_0_VconcST_0.04_Vconc_5.6_run_0.csv,1200.0,0.005,0,5.6,0.04,5.6,0,5.0,0.000389313,0.005,1.51625e-07,0.000389313,0.0,0.0,674.91
1200_dose_0.005_gradient_0_VconcST_0.04_Vconc_5.6_run_0.csv,1200.0,0.005,0,5.6,0.04,5.6,0,5.25,0.0234672,0.00490091,9.13975e-06,0.0234672,0.0,0.00287758,10000.0
1200_dose_0.005_gradient_0_VconcST_0.04_Vconc_5.6_run_0.csv,1200.0,0.005,0,5.6,0.04,5.6,0,5.5,0.0460002,0.00480378,1.79157e-05,0.0460002,0.0,0.00567128,659.746
1200_dose_0.005_gradient_0_VconcST_0.04_Vconc_5.6_run_0.csv,1200.0,0.005,0,5.6,0.04,5.6,0,5.75,0.0679994,0.00470857,2.64837e-05,0.0679994,0.0,0.00838375,10000.0
1200_dose_0.005_gradient_0_VconcST_0.04_Vconc_5.6_run_0.csv,1200.0,0.005,0,5.6,0.04,5.6,0,6.0,0.0894757,0.00461525,3.4848e-05,0.0894757,0.0,0.0110175,651.016
1200_dose_0.005_gradient_0_VconcST_0.04_Vconc_5.6_run_0.csv,1200.0,0.005,0,5.6,0.04,5.6,0,6.25,0.11044,0.00452378,4.30129e-05,0.11044,0.0,0.013575,10000.0
1200_dose_0.005_gradient_0_VconcST_0.04_Vconc_5.6_run_0.csv,1200.0,0.005,0,5.6,0.04,5.6,0,6.5,0.130902,0.00443413,5.09824e-05,0.130902,0.0,0.0160586,654.983
1200_dose_0.005_gradient_0_VconcST_0.04_Vconc_5.6_run_0.csv,1200.0,0.005,0,5.6,0.04,5.6,0,6.75,0.150873,0.00434625,5.87605e-05,0.150873,0.0,0.0184705,10000.0
1200_dose_0.005_gradient_0_VconcST_0.04_Vconc_5.6_run_0.csv,1200.0,0.005,0,5.6,0.04,5.6,0,7.0,0.170363,0.00426011,6.63511e-05,0.170363,0.0,0.0208129,648.491
1200_dose_0.005_gradient_0_VconcST_0.04_Vconc_5.6_run_0.csv,1200.0,0.005,0,5.6,0.04,5.6,0,7.25,0.189381,0.00417568,7.37581e-05,0.189381,0.0,0.0230878,10000.0
1200_dose_0.005_gradient_0_VconcST_0.04_Vconc_5.6_run_0.csv,1200.0,0.005,0,5.6,0.04,5.6,0,7.5,0.207938,0.00409293,8.09852e-05,0.207938,0.0,0.0252974,645.705
1200_dose_0.005_gradient_0_VconcST_0.04_Vconc_5.6_run_0.csv,1200.0,0.005,0,5.6,0.04,5.6,0,7.75,0.226041,0.00401181,8.80362e-05,0.226041,0.0,0.0274435,10000.0
1200_dose_0.005_gradient_0_VconcST_0.04_Vconc_5.6_run_0.csv,1200.0,0.005,0,5.6,0.04,5.6,0,8.0,0.243703,0.0039323,9.49146e-05,0.243703,0.0,0.029528,654.129
1200_dose_0.005_gradient_0_VconcST_0.04_Vconc_5.6_run_0.csv,1200.0,0.005,0,5.6,0.04,5.6,0,8.25,0.260929,0.00385437,0.000101624,0.260929,0.0,0.0315527,10000.0
1200_dose_0.005_gradient_0_VconcST_0.04_Vconc_5.6_run_0.csv,1200.0,0.005,0,5.6,0.04,5.6,0,8.5,0.277731,0.00377798,0.000108168,0.277731,0.0,0.0335193,638.017
1200_dose_0.005_gradient_0_VconcST_0.04_Vconc_5.6_run_0.csv,1200.0,0.005,0,5.6,0.04,5.6,0,8.75,0.294117,0.0037031,0.000114549,0.294117,0.0,0.0354295,10000.0
1200_dose_0.005_gradient_0_VconcST_0.04_Vconc_5.6_run_0.csv,1200.0,0.005,0,5.6,0.04,5.6,0,9.0,0.310095,0.00362971,0.000120772,0.310095,0.0,0.037285,649.638
1200_dose_0.005_gradient_0_VconcST_0.04_Vconc_5.6_run_0.csv,1200.0,0.005,0,5.6,0.04,5.6,0,9.25,0.325673,0.00355778,0.00012684,0.325673,0.0,0.0390872,10000.0
1200_dose_0.005_gradient_0_VconcST_0.04_Vconc_5.6_run_0.csv,1200.0,0.005,0,5.6,0.04,5.6,0,9.5,0.340861,0.00348726,0.000132755,0.340861,0.0,0.0408376,636.455
1200_dose_0.005_gradient_0_VconcST_0.04_Vconc_5.6_run_0.csv,1200.0,0.005,0,5.6,0.04,5.6,0,9.75,0.355665,0.00341815,0.00013852,0.355665,0.0,0.0425378,10000.0
1200_dose_0.005_gradient_0_VconcST_0.04_Vconc_5.6_run_0.csv,1200.0,0.005,0,5.6,0.04,5.6,0,10.0,0.370483,0.00835041,0.000144292,0.370483,0.0,0.0441891,624.208
1200_dose_0.005_gradient_0_VconcST_0.04_Vconc_5.6_run_0.csv,1200.0,0.005,0,5.6,0.04,5.6,0,10.25,0.407623,0.00818492,0.000158757,0.407623,0.0,0.0484133,10000.0
1200_dose_0.005_gradient_0_VconcST_0.04_Vconc_5.6_run_0.csv,1200.0,0.005,0,5.6,0.04,5.6,0,10.5,0.443858,0.0080227,0.000172869,0.443858,0.0,0.0524988,639.089
1200_dose_0.005_gradient_0_VconcST_0.04_Vconc_5.6_run_0.csv,1200.0,0.005,0,5.6,0.04,5.6,0,10.75,0.479207,0.0078637,0.000186636,0.479207,0.0,0.0564508,10000.0
1200_dose_0.005_gradient_0_VconcST_0.04_Vconc_5.6_run_0.csv,1200.0,0.005,0,5.6,0.04,5.6,0,11.0,0.513688,0.00770785,0.000200066,0.513688,0.0,0.060274,628.571
1200_dose_0.005_gradient_0_VconcST_0.04_Vconc_5.6_run_0.csv,1200.0,0.005,0,5.6,0.04,5.6,0,11.25,0.547319,0.00755509,0.000213164,0.547319,0.0,0.0639733,10000.0
1200_dose_0.005_gradient_0_VconcST_0.04_Vconc_5.6_run_0.csv,1200.0,0.005,0,5.6,0.04,5.6,0,11.5,0.580117,0.00740536,0.000225937,0.580117,0.0,0.0675531,627.136
1200_dose_0.005_gradient_0_VconcST_0.04_Vconc_5.6_run_0.csv,1200.0,0.005,0,5.6,0.04,5.6,0,11.75,0.612099,0.00725859,0.000238394,0.612099,0.0,0.0710175,10000.0
1200_dose_0.005_gradient_0_VconcST_0.04_Vconc_5.6_run_0.csv,1200.0,0.005,0,5.6,0.04,5.6,0,12.0,0.643283,0.00711473,0.000250539,0.643283,0.0,0.0743708,625.579
1200_dose_0.005_gradient_0_VconcST_0.04_Vconc_5.6_run_0.csv,1200.0,0.005,0,5.6,0.04,5.6,0,12.25,0.673684,0.00697373,0.000262379,0.673684,0.0,0.0776167,10000.0
1200_dose_0.005_gradient_0_VconcST_0.04_Vconc_5.6_run_0.csv,1200.0,0.005,0,5.6,0.04,5.6,0,12.5,0.703319,0.00683552,0.000273921,0.703319,0.0,0.080759,627.005
1200_dose_0.005_gradient_0_VconcST_0.04_Vconc_5.6_run_0.csv,1200.0,0.005,0,5.6,0.04,5.6,0,12.75,0.732205,0.00670004,0.000285171,0.732205,0.0,0.0838012,10000.0
1200_dose_0.005_gradient_0_VconcST_0.04_Vconc_5.6_run_0.csv,1200.0,0.005,0,5.6,0.04,5.6,0,13.0,0.760355,0.00656726,0.000296135,0.760355,0.0,0.0867467,599.965
1200_dose_0.005_gradient_0_VconcST_0.04_Vconc_5.6_run_0.csv,1200.0,0.005,0,5.6,0.04,5.6,0,13.25,0.787785,0.0064371,0.000306818,0.787785,0.0,0.0895987,10000.0
1200_dose_0.005_gradient_0_VconcST_0.04_Vconc_5.6_run_0.csv,1200.0,0.005,0,5.6,0.04,5.6,0,13.5,0.814511,0.00630953,0.000317227,0.814511,0.0,0.0923604,611.83
1200_dose_0.005_gradient_0_VconcST_0.04_Vconc_5.6_run_0.csv,1200.0,0.005,0,5.6,0.04,5.6,0,13.75,0.840546,0.00618448,0.000327367,0.840546,0.0,0.0950347,10000.0
1200_dose_0.005_gradient_0_VconcST_0.04_Vconc_5.6_run_0.csv,1200.0,0.005,0,5.6,0.04,5.6,0,14.0,0.865906,0.00606191,0.000337244,0.865906,0.0,0.0976245,604.164
1200_dose_0.005_gradient_0_VconcST_0.04_Vconc_5.6_run_0.csv,1200.0,0.005,0,5.6,0.04,5.6,0,14.25,0.890603,0.00594177,0.000346862,0.890603,0.0,0.100132,10000.0
1200_dose_0.005_gradient_0_VconcST_0.04_Vconc_5.6_run_0.csv,1200.0,0.005,0,5.6,0.04,5.6,0,14.5,0.914653,0.00582401,0.000356229,0.914653,0.0,0.102561,603.873
1200_dose_0.005_gradient_0_VconcST_0.04_Vconc_5.6_run_0.csv,1200.0,0.005,0,5.6,0.04,5.6,0,14.75,0.938067,0.00570859,0.000365348,0.938067,0.0,0.104913,10000.0
1200_dose_0.005_gradient_0_VconcST_0.04_Vconc_5.6_run_0.csv,1200.0,0.005,0,5.6,0.04,5.6,0,15.0,0.961249,0.0105954,0.000374377,0.961249,0.0,0.107191,582.932
1200_dose_0.005_gradient_0_VconcST_0.04_Vconc_5.6_run_0.csv,1200.0,0.005,0,5.6,0.04,5.6,0,15.25,1.00651,0.0103855,0.000392005,1.00651,0.0,0.11168,10000.0
1200_dose_0.005_gradient_0_VconcST_0.04_Vconc_5.6_run_0.csv,1200.0,0.005,0,5.6,0.04,5.6,0,15.5,1.05063,0.0101796,0.000409189,1.05063,0.0,0.116013,601.337
1200_dose_0.005_gradient_0_VconcST_0.04_Vconc_5.6_run_0.csv,1200.0,0.005,0,5.6,0.04,5.6,0,15.75,1.09364,0.00997788,0.000425938,1.09364,0.0,0.120196,10000.0
1200_dose_0.005_gradient_0_VconcST_0.04_Vconc_5.6_run_0.csv,1200.0,0.005,0,5.6,0.04,5.6,0,16.0,1.13555,0.00978013,0.00044226,1.13555,0.0,0.124234,580.526
1200_dose_0.005_gradient_0_VconcST_0.04_Vconc_5.6_run_0.csv,1200.0,0.005,0,5.6,0.04,5.6,0,16.25,1.17639,0.0095863,0.000458166,1.17639,0.0,0.128133,10000.0
1200_dose_0.005_gradient_0_VconcST_0.04_Vconc_5.6_run_0.csv,1200.0,0.005,0,5.6,0.04,5.6,0,16.5,1.21617,0.00939631,0.000473662,1.21617,0.0,0.131899,579.362
1200_dose_0.005_gradient_0_VconcST_0.04_Vconc_5.6_run_0.csv,1200.0,0.005,0,5.6,0.04,5.6,0,16.75,1.25493,0.00921009,0.000488758,1.25493,0.0,0.135537,10000.0
1200_dose_0.005_gradient_0_VconcST_0.04_Vconc_5.6_run_0.csv,1200.0,0.005,0,5.6,0.04,5.6,0,17.0,1.29269,0.00902755,0.000503462,1.29269,0.0,0.139051,573.206
1200_dose_0.005_gradient_0_VconcST_0.04_Vconc_5.6_run_0.csv,1200.0,0.005,0,5.6,0.04,5.6,0,17.25,1.32946,0.00884864,0.000517782,1.32946,0.0,0.142445,10000.0
1200_dose_0.005_gradient_0_VconcST_0.04_Vconc_5.6_run_0.csv,1200.0,0.005,0,5.6,0.04,5.6,0,17.5,1.36526,0.00867327,0.000531726,1.36526,0.0,0.145725,536.595
1200_dose_0.005_gradient_0_VconcST_0.04_Vconc_5.6_run_0.csv,1200.0,0.005,0,5.6,0.04,5.6,0,17.75,1.40012,0.00850138,0.000545303,1.40012,0.0,0.148895,10000.0
1200_dose_0.005_gradient_0_VconcST_0.04_Vconc_5.6_run_0.csv,1200.0,0.005,0,5.6,0.04,5.6,0,18.0,1.43405,0.00833287,0.000558518,1.43405,0.0,0.151958,567.43
1200_dose_0.005_gradient_0_VconcST_0.04_Vconc_5.6_run_0.csv,1200.0,0.005,0,5.6,0.04,5.6,0,18.25,1.46708,0.00816772,0.000571381,1.46708,0.0,0.154918,10000.0
1200_dose_0.005_gradient_0_VconcST_0.04_Vconc_5.6_run_0.csv,1200.0,0.005,0,5.6,0.04,5.6,0,18.5,1.49921,0.00800584,0.000583898,1.49921,0.0,0.157778,546.596
1200_dose_0.005_gradient_0_VconcST_0.04_Vconc_5.6_run_0.csv,1200.0,0.005,0,5.6,0.04,5.6,0,18.75,1.53048,0.00784718,0.000596076,1.53048,0.0,0.160543,10000.0
1200_dose_0.005_gradient_0_VconcST_0.04_Vconc_5.6_run_0.csv,1200.0,0.005,0,5.6,0.04,5.6,0,19.0,1.5609,0.00769166,0.000607923,1.5609,0.0,0.163215,551.133
1200_dose_0.005_gradient_0_VconcST_0.04_Vconc_5.6_run_0.csv,1200.0,0.005,0,5.6,0.04,5.6,0,19.25,1.59049,0.00753922,0.000619446,1.59049,0.0,0.165798,10000.0
1200_dose_0.005_gradient_0_VconcST_0.04_Vconc_5.6_run_0.csv,1200.0,0.005,0,5.6,0.04,5.6,0,19.5,1.61926,0.0073898,0.00063065,1.61926,0.0,0.168294,560.265
1200_dose_0.005_gradient_0_VconcST_0.04_Vconc_5.6_run_0.csv,1200.0,0.005,0,5.6,0.04,5.6,0,19.75,1.64723,0.00724334,0.000641544,1.64723,0.0,0.170707,10000.0
1200_dose_0.005_gradient_0_VconcST_0.04_Vconc_5.6_run_0.csv,1200.0,0.005,0,5.6,0.04,5.6,0,20.0,1.6748,0.0120998,0.000652285,1.6748,0.0,0.173038,549.554
1200_dose_0.005_gradient_0_VconcST_0.04_Vconc_5.6_run_0.csv,1200.0,0.005,0,5.6,0.04,5.6,0,20.25,1.72431,0.01186,0.000671563,1.72431,0.0,0.17725,10000.0
1200_dose_0.005_gradient_0_VconcST_0.04_Vconc_5.6_run_0.csv,1200.0,0.005,0,5.6,0.04,5.6,0,20.5,1.77251,0.0116249,0.000690338,1.77251,0.0,0.181311,551.774
1200_dose_0.005_gradient_0_VconcST_0.04_Vconc_5.6_run_0.csv,1200.0,0.005,0,5.6,0.04,5.6,0,20.75,1.81945,0.0113945,0.000708618,1.81945,0.0,0.185226,10000.0
1200_dose_0.005_gradient_0_VconcST_0.04_Vconc_5.6_run_0.csv,1200.0,0.005,0,5.6,0.04,5.6,0,21.0,1.86514,0.0111687,0.000726416,1.86514,0.0,0.189002,545.773
1200_dose_0.005_gradient_0_VconcST_0.04_Vconc_5.6_run_0.csv,1200.0,0.005,0,5.6,0.04,5.6,0,21.25,1.90963,0.0109474,0.00074374,1.90963,0.0,0.192644,10000.0
1200_dose_0.005_gradient_0_VconcST_0.04_Vconc_5.6_run_0.csv,1200.0,0.005,0,5.6,0.04,5.6,0,21.5,1.95292,0.0107304,0.0007606,1.95292,0.0,0.196158,532.446
1200_dose_0.005_gradient_0_VconcST_0.04_Vconc_5.6_run_0.csv,1200.0,0.005,0,5.6,0.04,5.6,0,21.75,1.99504,0.0105177,0.000777007,1.99504,0.0,0.199548,10000.0
1200_dose_0.005_gradient_0_VconcST_0.04_Vconc_5.6_run_0.csv,1200.0,0.005,0,5.6,0.04,5.6,0,22.0,2.03602,0.0103093,0.000792968,2.03602,0.0,0.202818,515.974
1200_dose_0.005_gradient_0_VconcST_0.04_Vconc_5.6_run_0.csv,1200.0,0.005,0,5.6,0.04,5.6,0,22.25,2.07589,0.010105,0.000808495,2.07589,0.0,0.205974,10000.0
1200_dose_0.005_gradient_0_VconcST_0.04_Vconc_5.6_run_0.csv,1200.0,0.005,0,5.6,0.04,5.6,0,22.5,2.11466,0.0099047,0.000823595,2.11466,0.0,0.209019,513.036
1200_dose_0.005_gradient_0_VconcST_0.04_Vconc_5.6_run_0.csv,1200.0,0.005,0,5.6,0.04,5.6,0,22.75,2.15236,0.0097084,0.000838278,2.15236,0.0,0.211958,10000.0
1200_dose_0.005_gradient_0_VconcST_0.04_Vconc_5.6_run_0.csv,1200.0,0.005,0,5.6,0.04,5.6,0,23.0,2.18901,0.00951599,0.000852553,2.18901,0.0,0.214794,515.676
1200_dose_0.005_gradient_0_VconcST_0.04_Vconc_5.6_run_0.csv,1200.0,0.005,0,5.6,0.04,5.6,0,23.25,2.22464,0.00932739,0.000866428,2.22464,0.0,0.217532,10000.0
1200_dose_0.005_gradient_0_VconcST_0.04_Vconc_5.6_run_0.csv,1200.0,0.005,0,5.6,0.04,5.6,0,23.5,2.25926,0.00914254,0.000879911,2.25926,0.0,0.220173,507.179
1200_dose_0.005_gradient_0_VconcST_0.04_Vconc_5.6_run_0.csv,1200.0,0.005,0,5.6,0.04,5.6,0,23.75,2.29289,0.00896134,0.00089301,2.29289,0.0,0.222723,10000.0
1200_dose_0.005_gradient_0_VconcST_0.04_Vconc_5.6_run_0.csv,1200.0,0.005,0,5.6,0.04,5.6,0,24.0,2.32556,0.00878374,0.000905734,2.32556,0.0,0.225183,502.87
1200_dose_0.005_gradient_0_VconcST_0.04_Vconc_5.6_run_0.csv,1200.0,0.005,0,5.6,0.04,5.6,0,24.25,2.35729,0.00860965,0.000918091,2.35729,0.0,0.227558,10000.0
1200_dose_0.005_gradient_0_VconcST_0.04_Vconc_5.6_run_0.csv,1200.0,0.005,0,5.6,0.04,5.6,0,24.5,2.38809,0.00843902,0.000930087,2.38809,0.0,0.22985,515.06
1200_dose_0.005_gradient_0_VconcST_0.04_Vconc_5.6_run_0.csv,1200.0,0.005,0,5.6,0.04,5.6,0,24.75,2.41799,0.00827174,0.000941732,2.41799,0.0,0.232061,10000.0
1200_dose_0.005_gradient_0_VconcST_0.04_Vconc_5.6_run_0.csv,1200.0,0.005,0,5.6,0.04,5.6,0,25.0,2.44739,0.0131078,0.000953183,2.44739,0.0,0.234195,488.514
1200_dose_0.005_gradient_0_VconcST_0.04_Vconc_5.6_run_0.csv,1200.0,0.005,0,5.6,0.04,5.6,0,25.25,2.49861,0.012848,0.000973133,2.49861,0.0,0.237934,10000.0
1200_dose_0.005_gradient_0_VconcST_0.04_Vconc_5.6_run_0.csv,1200.0,0.005,0,5.6,0.04,5.6,0,25.5,2.54844,0.0125934,0.00099254,2.54844,0.0,0.241535,494.721
1200_dose_0.005_gradient_0_VconcST_0.04_Vconc_5.6_run_0.csv,1200.0,0.005,0,5.6,0.04,5.6,0,25.75,2.59691,0.0123438,0.00101142,2.59691,0.0,0.245006,10000.0
1200_dose_0.005_gradient_0_VconcST_0.04_Vconc_5.6_run_0.csv,1200.0,0.005,0,5.6,0.04,5.6,0,26.0,2.64404,0.0120992,0.00102977,2.64404,0.0,0.248351,478.653
1200_dose_0.005_gradient_0_VconcST_0.04_Vconc_5.6_run_0.csv,1200.0,0.005,0,5.6,0.04,5.6,0,26.25,2.68986,0.0118594,0.00104762,2.68986,0.0,0.251575,10000.0
1200_dose_0.005_gradient_0_VconcST_0.04_Vconc_5.6_run_0.csv,1200.0,0.005,0,5.6,0.04,5.6,0,26.5,2.7344,0.0116243,0.00106497,2.7344,0.0,0.254682,466.114
1200_dose_0.005_gradient_0_VconcST_0.04_Vconc_5.6_run_0.csv,1200.0,0.005,0,5.6,0.04,5.6,0,26.75,2.77769,0.011394,0.00108183,2.77769,0.0,0.257677,10000.0
1200_dose_0.005_gradient_0_VconcST_0.04_Vconc_5.6_run_0.csv,1200.0,0.005,0,5.6,0.04,5.6,0,27.0,2.81975,0.0111681,0.00109821,2.81975,0.0,0.260564,468.365
1200_dose_0.005_gradient_0_VconcST_0.04_Vconc_5.6_run_0.csv,1200.0,0.005,0,5.6,0.04,5.6,0,27.25,2.86061,0.0109468,0.00111412,2.86061,0.0,0.263348,10000.0
1200_dose_0.005_gradient_0_VconcST_0.04_Vconc_5.6_run_0.csv,1200.0,0.005,0,5.6,0.04,5.6,0,27.5,2.90029,0.0107298,0.00112957,2.90029,0.0,0.266031,474.25
1200_dose_0.005_gradient_0_VconcST_0.04_Vconc_5.6_run_0.csv,1200.0,0.005,0,5.6,0.04,5.6,0,27.75,2.93882,0.0105172,0.00114458,2.93882,0.0,0.268618,10000.0
1200_dose_0.005_gradient_0_VconcST_0.04_Vconc_5.6_run_0.csv,1200.0,0.005,0,5.6,0.04,5.6,0,28.0,2.97623,0.0103088,0.00115915,2.97623,0.0,0.271111,471.466
1200_dose_0.005_gradient_0_VconcST_0.04_Vconc_5.6_run_0.csv,1200.0,0.005,0,5.6,0.04,5.6,0,28.25,3.01252,0.0101044,0.00117328,3.01252,0.0,0.273515,10000.0
1200_dose_0.005_gradient_0_VconcST_0.04_Vconc_5.6_run_0.csv,1200.0,0.005,0,5.6,0.04,5.6,0,28.5,3.04774,0.00990419,0.001187,3.04774,0.0,0.275832,461.324
1200_dose_0.005_gradient_0_VconcST_0.04_Vconc_5.6_run_0.csv,1200.0,0.005,0,5.6,0.04,5.6,0,28.75,3.0819,0.0097079,0.00120031,3.0819,0.0,0.278066,10000.0
1200_dose_0.005_gradient_0_VconcST_0.04_Vconc_5.6_run_0.csv,1200.0,0.005,0,5.6,0.04,5.6,0,29.0,3.11503,0.0095155,0.00121321,3.11503,0.0,0.280218,462.495
1200_dose_0.005_gradient_0_VconcST_0.04_Vconc_5.6_run_0.csv,1200.0,0.005,0,5.6,0.04,5.6,0,29.25,3.14714,0.00932691,0.00122571,3.14714,0.0,0.282293,10000.0
1200_dose_0.005_gradient_0_VconcST_0.04_Vconc_5.6_run_0.csv,1200.0,0.005,0,5.6,0.04,5.6,0,29.5,3.17825,0.00914207,0.00123783,3.17825,0.0,0.284292,450.156
1200_dose_0.005_gradient_0_VconcST_0.04_Vconc_5.6_run_0.csv,1200.0,0.005,0,5.6,0.04,5.6,0,29.75,3.2084,0.00896088,0.00124957,3.2084,0.0,0.286218,10000.0
1200_dose_0.005_gradient_0_VconcST_0.04_Vconc_5.6_run_0.csv,1200.0,0.005,0,5.6,0.04,5.6,0,30.0,3.23799,0.0137833,0.0012611,3.23799,0.0,0.288074,430.29
1200_dose_0.005_gradient_0_VconcST_0.04_Vconc_5.6_run_0.csv,1200.0,0.005,0,5.6,0.04,5.6,0,30.25,3.28933,0.0135101,0.00128109,3.28933,0.0,0.291313,10000.0
1200_dose_0.005_gradient_0_VconcST_0.04_Vconc_5.6_run_0.csv,1200.0,0.005,0,5.6,0.04,5.6,0,30.5,3.33922,0.0132424,0.00130052,3.33922,0.0,0.294433,434.092
1200_dose_0.005_gradient_0_VconcST_0.04_Vconc_5.6_run_0.csv,1200.0,0.005,0,5.6,0.04,5.6,0,30.75,3.38768,0.0129799,0.0013194,3.38768,0.0,0.297437,10000.0
1200_dose_0.005_gradient_0_VconcST_0.04_Vconc_5.6_run_0.csv,1200.0,0.005,0,5.6,0.04,5.6,0,31.0,3.43475,0.0127227,0.00133773,3.43475,0.0,0.300331,428.352
1200_dose_0.005_gradient_0_VconcST_0.04_Vconc_5.6_run_0.csv,1200.0,0.005,0,5.6,0.04,5.6,0,31.25,3.48045,0.0124705,0.00135553,3.48045,0.0,0.303118,10000.0
1200_dose_0.005_gradient_0_VconcST_0.04_Vconc_5.6_run_0.csv,1200.0,0.005,0,5.6,0.04,5.6,0,31.5,3.52482,0.0122234,0.00137281,3.52482,0.0,0.305802,406.447
1200_dose_0.005_gradient_0_VconcST_0.04_Vconc_5.6_run_0.csv,1200.0,0.005,0,5.6,0.04,5.6,0,31.75,3.56787,0.0119811,0.00138958,3.56787,0.0,0.308387,10000.0
1200_dose_0.005_gradient_0_VconcST_0.04_Vconc_5.6_run_0.csv,1200.0,0.005,0,5.6,0.04,5.6,0,32.0,3.60965,0.0117437,0.00140585,3.60965,0.0,0.310877,415.47
1200_dose_0.005_gradient_0_VconcST_0.04_Vconc_5.6_run_0.csv,1200.0,0.005,0,5.6,0.04,5.6,0,32.25,3.65017,0.0115109,0.00142163,3.65017,0.0,0.313276,10000.0
1200_dose_0.005_gradient_0_VconcST_0.04_Vconc_5.6_run_0.csv,1200.0,0.005,0,5.6,0.04,5.6,0,32.5,3.68947,0.0112828,0.00143693,3.68947,0.0,0.315585,405.542
1200_dose_0.005_gradient_0_VconcST_0.04_Vconc_5.6_run_0.csv,1200.0,0.005,0,5.6,0.04,5.6,0,32.75,3.72756,0.0110592,0.00145177,3.72756,0.0,0.31781,10000.0
1200_dose_0.005_gradient_0_VconcST_0.04_Vconc_5.6_run_0.csv,1200.0,0.005,0,5.6,0.04,5.6,0,33.0,3.76447,0.01084,0.00146614,3.76447,0.0,0.319951,399.202
1200_dose_0.005_gradient_0_VconcST_0.04_Vconc_5.6_run_0.csv,1200.0,0.005,0,5.6,0.04,5.6,0,33.25,3.80023,0.0106251,0.00148007,3.80023,0.0,0.322013,10000.0
1200_dose_0.005_gradient_0_VconcST_0.04_Vconc_5.6_run_0.csv,1200.0,0.005,0,5.6,0.04,5.6,0,33.5,3.83487,0.0104146,0.00149356,3.83487,0.0,0.323999,416.45
1200_dose_0.005_gradient_0_VconcST_0.04_Vconc_5.6_run_0.csv,1200.0,0.005,0,5.6,0.04,5.6,0,33.75,3.8684,0.0102082,0.00150662,3.8684,0.0,0.32591,10000.0
1200_dose_0.005_gradient_0_VconcST_0.04_Vconc_5.6_run_0.csv,1200.0,0.005,0,5.6,0.04,5.6,0,34.0,3.90085,0.0100059,0.00151926,3.90085,0.0,0.327749,415.405
1200_dose_0.005_gradient_0_VconcST_0.04_Vconc_5.6_run_0.csv,1200.0,0.005,0,5.6,0.04,5.6,0,34.25,3.93224,0.00980755,0.00153149,3.93224,0.0,0.329519,9949.19
1200_dose_0.005_gradient_0_VconcST_0.04_Vconc_5.6_run_0.csv,1200.0,0.005,0,5.6,0.04,5.6,0,34.5,3.9626,0.00961317,0.00154331,3.9626,0.0,0.331221,403.566
1200_dose_0.005_gradient_0_VconcST_0.04_Vconc_5.6_run_0.csv,1200.0,0.005,0,5.6,0.04,5.6,0,34.75,3.99195,0.00942265,0.00155474,3.99195,0.0,0.332859,9909.29
1200_dose_0.005_gradient_0_VconcST_0.04_Vconc_5.6_run_0.csv,1200.0,0.005,0,5.6,0.04,5.6,0,35.0,4.02069,0.0142359,0.00156594,4.02069,0.0,0.334434,416.768
1200_dose_0.005_gradient_0_VconcST_0.04_Vconc_5.6_run_0.csv,1200.0,0.005,0,5.6,0.04,5.6,0,35.25,4.07116,0.0139538,0.00158559,4.07116,0.0,0.337218,10000.0
1200_dose_0.005_gradient_0_VconcST_0.04_Vconc_5.6_run_0.csv,1200.0,0.005,0,5.6,0.04,5.6,0,35.5,4.12013,0.0136772,0.00160466,4.12013,0.0,0.339897,410.122
1200_dose_0.005_gradient_0_VconcST_0.04_Vconc_5.6_run_0.csv,1200.0,0.005,0,5.6,0.04,5.6,0,35.75,4.16764,0.0134062,0.00162317,4.16764,0.0,0.342476,10000.0
1200_dose_0.005_gradient_0_VconcST_0.04_Vconc_5.6_run_0.csv,1200.0,0.005,0,5.6,0.04,5.6,0,36.0,4.21372,0.0131405,0.00164111,4.21372,0.0,0.344958,361.161
1200_dose_0.005_gradient_0_VconcST_0.04_Vconc_5.6_run_0.csv,1200.0,0.005,0,5.6,0.04,5.6,0,36.25,4.2584,0.01288,0.00165851,4.2584,0.0,0.347347,10000.0
1200_dose_0.005_gradient_0_VconcST_0.04_Vconc_5.6_run_0.csv,1200.0,0.005,0,5.6,0.04,5.6,0,36.5,4.3017,0.0126248,0.00167538,4.3017,0.0,0.349646,361.335
1200_dose_0.005_gradient_0_VconcST_0.04_Vconc_5.6_run_0.csv,1200.0,0.005,0,5.6,0.04,5.6,0,36.75,4.34366,0.0123746,0.00169172,4.34366,0.0,0.351858,9997.27
1200_dose_0.005_gradient_0_VconcST_0.04_Vconc_5.6_run_0.csv,1200.0,0.005,0,5.6,0.04,5.6,0,37.0,4.38431,0.0121293,0.00170755,4.38431,0.0,0.353987,370.681
1200_dose_0.005_gradient_0_VconcST_0.04_Vconc_5.6_run_0.csv,1200.0,0.005,0,5.6,0.04,5.6,0,37.25,4.42368,0.0118889,0.00172288,4.42368,0.0,0.356035,9752.93
1200_dose_0.005_gradient_0_VconcST_0.04_Vconc_5.6_run_0.csv,1200.0,0.005,0,5.6,0.04,5.6,0,37.5,4.46178,0.0116533,0.00173773,4.46178,0.0,0.358005,380.669
1200_dose_0.005_gradient_0_VconcST_0.04_Vconc_5.6_run_0.csv,1200.0,0.005,0,5.6,0.04,5.6,0,37.75,4.49865,0.0114223,0.00175208,4.49865,0.0,0.3599,9656.69
1200_dose_0.005_gradient_0_VconcST_0.04_Vconc_5.6_run_0.csv,1200.0,0.005,0,5.6,0.04,5.6,0,38.0,4.53431,0.011196,0.00176597,4.53431,0.0,0.361722,342.081
1200_dose_0.005_gradient_0_VconcST_0.04_Vconc_5.6_run_0.csv,1200.0,0.005,0,5.6,0.04,5.6,0,38.25,4.5688,0.0109741,0.00177941,4.5688,0.0,0.363475,9780.88
1200_dose_0.005_gradient_0_VconcST_0.04_Vconc_5.6_run_0.csv,1200.0,0.005,0,5.6,0.04,5.6,0,38.5,4.60213,0.0107566,0.00179239,4.60213,0.0,0.365159,347.109
1200_dose_0.005_gradient_0_VconcST_0.04_Vconc_5.6_run_0.csv,1200.0,0.005,0,5.6,0.04,5.6,0,38.75,4.63433,0.0105434,0.00180493,4.63433,0.0,0.366778,9674.84
1200_dose_0.005_gradient_0_VconcST_0.04_Vconc_5.6_run_0.csv,1200.0,0.005,0,5.6,0.04,5.6,0,39.0,4.66543,0.0103344,0.00181704,4.66543,0.0,0.368334,343.524
1200_dose_0.005_gradient_0_VconcST_0.04_Vconc_5.6_run_0.csv,1200.0,0.005,0,5.6,0.04,5.6,0,39.25,4.69544,0.0101296,0.00182873,4.69544,0.0,0.369828,9769.68
1200_dose_0.005_gradient_0_VconcST_0.04_Vconc_5.6_run_0.csv,1200.0,0.005,0,5.6,0.04,5.6,0,39.5,4.72439,0.00992886,0.00184,4.72439,0.0,0.371263,358.14
1200_dose_0.005_gradient_0_VconcST_0.04_Vconc_5.6_run_0.csv,1200.0,0.005,0,5.6,0.04,5.6,0,39.75,4.75231,0.00973209,0.00185088,4.75231,0.0,0.37264,9610.87
1200_dose_0.005_gradient_0_VconcST_0.04_Vconc_5.6_run_0.csv,1200.0,0.005,0,5.6,0.04,5.6,0,40.0,4.7796,0.0145392,0.0018615,4.7796,0.0,0.373962,357.949
1200_dose_0.005_gradient_0_VconcST_0.04_Vconc_5.6_run_0.csv,1200.0,0.005,0,5.6,0.04,5.6,0,40.25,4.82858,0.0142511,0.00188058,4.82858,0.0,0.376354,9571.04
1200_dose_0.005_gradient_0_VconcST_0.04_Vconc_5.6_run_0.csv,1200.0,0.005,0,5.6,0.04,5.6,0,40.5,4.87606,0.0139686,0.00189907,4.87606,0.0,0.378654,309.947
1200_dose_0.005_gradient_0_VconcST_0.04_Vconc_5.6_run_0.csv,1200.0,0.005,0,5.6,0.04,5.6,0,40.75,4.92204,0.0136918,0.00191698,4.92204,0.0,0.380867,9528.34
1200_dose_0.005_gradient_0_VconcST_0.04_Vconc_5.6_run_0.csv,1200.0,0.005,0,5.6,0.04,5.6,0,41.0,4.96658,0.0134204,0.00193433,4.96658,0.0,0.382995,340.744
1200_dose_0.005_gradient_0_VconcST_0.04_Vconc_5.6_run_0.csv,1200.0,0.005,0,5.6,0.04,5.6,0,41.25,5.00969,0.0131544,0.00195112,5.00969,0.0,0.38504,9662.84
1200_dose_0.005_gradient_0_VconcST_0.04_Vconc_5.6_run_0.csv,1200.0,0.005,0,5.6,0.04,5.6,0,41.5,5.05142,0.0128937,0.00196737,5.05142,0.0,0.387008,349.418
1200_dose_0.005_gradient_0_VconcST_0.04_Vconc_5.6_run_0.csv,1200.0,0.005,0,5.6,0.04,5.6,0,41.75,5.09178,0.0126382,0.00198309,5.09178,0.0,0.388899,9109.04
1200_dose_0.005_gradient_0_VconcST_0.04_Vconc_5.6_run_0.csv,1200.0,0.005,0,5.6,0.04,5.6,0,42.0,5.13081,0.0123877,0.00199829,5.13081,0.0,0.390716,335.331
1200_dose_0.005_gradient_0_VconcST_0.04_Vconc_5.6_run_0.csv,1200.0,0.005,0,5.6,0.04,5.6,0,42.25,5.16853,0.0121422,0.00201298,5.16853,0.0,0.392463,9412.54
1200_dose_0.005_gradient_0_VconcST_0.04_Vconc_5.6_run_0.csv,1200.0,0.005,0,5.6,0.04,5.6,0,42.5,5.20498,0.0119016,0.00202718,5.20498,0.0,0.394141,309.316
1200_dose_0.005_gradient_0_VconcST_0.04_Vconc_5.6_run_0.csv,1200.0,0.005,0,5.6,0.04,5.6,0,42.75,5.24018,0.0116657,0.00204089,5.24018,0.0,0.395752,8769.07
1200_dose_0.005_gradient_0_VconcST_0.04_Vconc_5.6_run_0.csv,1200.0,0.005,0,5.6,0.04,5.6,0,43.0,5.27416,0.0114345,0.00205412,5.27416,0.0,0.3973,306.974
1200_dose_0.005_gradient_0_VconcST_0.04_Vconc_5.6_run_0.csv,1200.0,0.005,0,5.6,0.04,5.6,0,43.25,5.30694,0.0112079,0.00206689,5.30694,0.0,0.398786,8889.48
1200_dose_0.005_gradient_0_VconcST_0.04_Vconc_5.6_run_0.csv,1200.0,0.005,0,5.6,0.04,5.6,0,43.5,5.33855,0.0109857,0.0020792,5.33855,0.0,0.400211,319.505
1200_dose_0.005_gradient_0_VconcST_0.04_Vconc_5.6_run_0.csv,1200.0,0.005,0,5.6,0.04,5.6,0,43.75,5.36901,0.010768,0.00209106,5.36901,0.0,0.401579,8974.81
1200_dose_0.005_gradient_0_VconcST_0.04_Vconc_5.6_run_0.csv,1200.0,0.005,0,5.6,0.04,5.6,0,44.0,5.39836,0.0105546,0.00210249,5.39836,0.0,0.402891,313.994
1200_dose_0.005_gradient_0_VconcST_0.04_Vconc_5.6_run_0.csv,1200.0,0.005,0,5.6,0.04,5.6,0,44.25,5.42661,0.0103454,0.0021135,5.42661,0.0,0.404148,8905.35
1200_dose_0.005_gradient_0_VconcST_0.04_Vconc_5.6_run_0.csv,1200.0,0.005,0,5.6,0.04,5.6,0,44.5,5.45378,0.0101404,0.00212408,5.45378,0.0,0.405352,316.97
1200_dose_0.005_gradient_0_VconcST_0.04_Vconc_5.6_run_0.csv,1200.0,0.005,0,5.6,0.04,5.6,0,44.75,5.47991,0.00993942,0.00213426,5.47991,0.0,0.406505,8818.1
1200_dose_0.005_gradient_0_VconcST_0.04_Vconc_5.6_run_0.csv,1200.0,0.005,0,5.6,0.04,5.6,0,45.0,5.5054,0.0147424,0.00214418,5.5054,0.0,0.407609,313.799
1200_dose_0.005_gradient_0_VconcST_0.04_Vconc_5.6_run_0.csv,1200.0,0.005,0,5.6,0.04,5.6,0,45.25,5.55257,0.0144503,0.00216255,5.55257,0.0,0.409672,9648.63
1200_dose_0.005_gradient_0_VconcST_0.04_Vconc_5.6_run_0.csv,1200.0,0.005,0,5.6,0.04,5.6,0,45.5,5.59822,0.0141639,0.00218033,5.59822,0.0,0.411655,310.021
1200_dose_0.005_gradient_0_VconcST_0.04_Vconc_5.6_run_0.csv,1200.0,0.005,0,5.6,0.04,5.6,0,45.75,5.64237,0.0138832,0.00219753,5.64237,0.0,0.413561,9282.14
1200_dose_0.005_gradient_0_VconcST_0.04_Vconc_5.6_run_0.csv,1200.0,0.005,0,5.6,0.04,5.6,0,46.0,5.68506,0.013608,0.00221415,5.68506,0.0,0.415391,304.733
1200_dose_0.005_gradient_0_VconcST_0.04_Vconc_5.6_run_0.csv,1200.0,0.005,0,5.6,0.04,5.6,0,46.25,5.72631,0.0133383,0.00223022,5.72631,0.0,0.417149,8443.12
1200_dose_0.005_gradient_0_VconcST_0.04_Vconc_5.6_run_0.csv,1200.0,0.005,0,5.6,0.04,5.6,0,46.5,5.76617,0.013074,0.00224574,5.76617,0.0,0.418838,305.032
1200_dose_0.005_gradient_0_VconcST_0.04_Vconc_5.6_run_0.csv,1200.0,0.005,0,5.6,0.04,5.6,0,46.75,5.80465,0.0128148,0.00226073,5.80465,0.0,0.420459,9216.98
1200_dose_0.005_gradient_0_VconcST_0.04_Vconc_5.6_run_0.csv,1200.0,0.005,0,5.6,0.04,5.6,0,47.0,5.84179,0.0125609,0.0022752,5.84179,0.0,0.422015,299.617
1200_dose_0.005_gradient_0_VconcST_0.04_Vconc_5.6_run_0.csv,1200.0,0.005,0,5.6,0.04,5.6,0,47.25,5.87762,0.0123119,0.00228915,5.87762,0.0,0.423508,8784.67
1200_dose_0.005_gradient_0_VconcST_0.04_Vconc_5.6_run_0.csv,1200.0,0.005,0,5.6,0.04,5.6,0,47.5,5.91216,0.0120679,0.0023026,5.91216,0.0,0.42494,309.339
1200_dose_0.005_gradient_0_VconcST_0.04_Vconc_5.6_run_0.csv,1200.0,0.005,0,5.6,0.04,5.6,0,47.75,5.94545,0.0118287,0.00231557,5.94545,0.0,0.426314,8264.03
1200_dose_0.005_gradient_0_VconcST_0.04_Vconc_5.6_run_0.csv,1200.0,0.005,0,5.6,0.04,5.6,0,48.0,5.97751,0.0115943,0.00232805,5.97751,0.0,0.42763,282.33
1200_dose_0.005_gradient_0_VconcST_0.04_Vconc_5.6_run_0.csv,1200.0,0.005,0,5.6,0.04,5.6,0,48.25,6.00836,0.0113645,0.00234007,6.00836,0.0,0.428892,8107.5
1200_dose_0.005_gradient_0_VconcST_0.04_Vconc_5.6_run_0.csv,1200.0,0.005,0,5.6,0.04,5.6,0,48.5,6.03804,0.0111393,0.00235163,6.03804,0.0,0.4301,288.54
1200_dose_0.005_gradient_0_VconcST_0.04_Vconc_5.6_run_0.csv,1200.0,0.005,0,5.6,0.04,5.6,0,48.75,6.06656,0.0109185,0.00236274,6.06656,0.0,0.431257,8698.11
1200_dose_0.005_gradient_0_VconcST_0.04_Vconc_5.6_run_0.csv,1200.0,0.005,0,5.6,0.04,5.6,0,49.0,6.09396,0.0107021,0.00237341,6.09396,0.0,0.432363,295.785
1200_dose_0.005_gradient_0_VconcST_0.04_Vconc_5.6_run_0.csv,1200.0,0.005,0,5.6,0.04,5.6,0,49.25,6.12025,0.01049,0.00238365,6.12025,0.0,0.43342,8188.41
1200_dose_0.005_gradient_0_VconcST_0.04_Vconc_5.6_run_0.csv,1200.0,0.005,0,5.6,0.04,5.6,0,49.5,6.14546,0.0102821,0.00239347,6.14546,0.0,0.434431,280.043
1200_dose_0.005_gradient_0_VconcST_0.04_Vconc_5.6_run_0.csv,1200.0,0.005,0,5.6,0.04,5.6,0,49.75,6.16962,0.0100784,0.00240288,6.16962,0.0,0.435396,8338.64
1200_dose_0.005_gradient_0_VconcST_0.04_Vconc_5.6_run_0.csv,1200.0,0.005,0,5.6,0.04,5.6,0,50.0,6.19313,0.0148786,0.00241203,6.19313,0.0,0.436317,284.71
1200_dose_0.005_gradient_0_VconcST_0.04_Vconc_5.6_run_0.csv,1200.0,0.005,0,5.6,0.04,5.6,0,50.25,6.23833,0.0145837,0.00242964,6.23833,0.0,0.438107,8148.21
1200_dose_0.005_gradient_0_VconcST_0.04_Vconc_5.6_run_0.csv,1200.0,0.005,0,5.6,0.04,5.6,0,50.5,6.28199,0.0142947,0.00244664,6.28199,0.0,0.439826,281.961
1200_dose_0.005_gradient_0_VconcST_0.04_Vconc_5.6_run_0.csv,1200.0,0.005,0,5.6,0.04,5.6,0,50.75,6.32415,0.0140114,0.00246306,6.32415,0.0,0.441476,8155.55
1200_dose_0.005_gradient_0_VconcST_0.04_Vconc_5.6_run_0.csv,1200.0,0.005,0,5.6,0.04,5.6,0,51.0,6.36485,0.0137337,0.00247891,6.36485,0.0,0.443059,285.663
1200_dose_0.005_gradient_0_VconcST_0.04_Vconc_5.6_run_0.csv,1200.0,0.005,0,5.6,0.04,5.6,0,51.25,6.40411,0.0134615,0.0024942,6.40411,0.0,0.444578,8119.89
1200_dose_0.005_gradient_0_VconcST_0.04_Vconc_5.6_run_0.csv,1200.0,0.005,0,5.6,0.04,5.6,0,51.5,6.44196,0.0131947,0.00250894,6.44196,0.0,0.446035,267.403
1200_dose_0.005_gradient_0_VconcST_0.04_Vconc_5.6_run_0.csv,1200.0,0.005,0,5.6,0.04,5.6,0,51.75,6.47844,0.0129332,0.00252315,6.47844,0.0,0.447432,7755.4
1200_dose_0.005_gradient_0_VconcST_0.04_Vconc_5.6_run_0.csv,1200.0,0.005,0,5.6,0.04,5.6,0,52.0,6.51357,0.0126769,0.00253683,6.51357,0.0,0.44877,282.039
1200_dose_0.005_gradient_0_VconcST_0.04_Vconc_5.6_run_0.csv,1200.0,0.005,0,5.6,0.04,5.6,0,52.25,6.54739,0.0124257,0.00255001,6.54739,0.0,0.450052,8244.88
1200_dose_0.005_gradient_0_VconcST_0.04_Vconc_5.6_run_0.csv,1200.0,0.005,0,5.6,0.04,5.6,0,52.5,6.57992,0.0121794,0.00256267,6.57992,0.0,0.45128,285.91
1200_dose_0.005_gradient_0_VconcST_0.04_Vconc_5.6_run_0.csv,1200.0,0.005,0,5.6,0.04,5.6,0,52.75,6.61119,0.011938,0.00257485,6.61119,0.0,0.452455,7980.7
1200_dose_0.005_gradient_0_VconcST_0.04_Vconc_5.6_run_0.csv,1200.0,0.005,0,5.6,0.04,5.6,0,53.0,6.64122,0.0117014,0.00258655,6.64122,0.0,0.453579,277.8
1200_dose_0.005_gradient_0_VconcST_0.04_Vconc_5.6_run_0.csv,1200.0,0.005,0,5.6,0.04,5.6,0,53.25,6.67005,0.0114695,0.00259778,6.67005,0.0,0.454654,7803.94
1200_dose_0.005_gradient_0_VconcST_0.04_Vconc_5.6_run_0.csv,1200.0,0.005,0,5.6,0.04,5.6,0,53.5,6.6977,0.0112422,0.00260855,6.6977,0.0,0.45568,271.032
1200_dose_0.005_gradient_0_VconcST_0.04_Vconc_5.6_run_0.csv,1200.0,0.005,0,5.6,0.04,5.6,0,53.75,6.72419,0.0110194,0.00261886,6.72419,0.0,0.456661,7769.13
1200_dose_0.005_gradient_0_VconcST_0.04_Vconc_5.6_run_0.csv,1200.0,0.005,0,5.6,0.04,5.6,0,54.0,6.74956,0.010801,0.00262874,6.74956,0.0,0.457596,242.822
1200_dose_0.005_gradient_0_VconcST_0.04_Vconc_5.6_run_0.csv,1200.0,0.005,0,5.6,0.04,5.6,0,54.25,6.77382,0.0105869,0.00263819,6.77382,0.0,0.458487,7650.96
1200_dose_0.005_gradient_0_VconcST_0.04_Vconc_5.6_run_0.csv,1200.0,0.005,0,5.6,0.04,5.6,0,54.5,6.797,0.0103771,0.00264722,6.797,0.0,0.459336,268.613
1200_dose_0.005_gradient_0_VconcST_0.04_Vconc_5.6_run_0.csv,1200.0,0.005,0,5.6,0.04,5.6,0,54.75,6.81913,0.0101715,0.00265584,6.81913,0.0,0.460144,7633.57
1200_dose_0.005_gradient_0_VconcST_0.04_Vconc_5.6_run_0.csv,1200.0,0.005,0,5.6,0.04,5.6,0,55.0,6.84061,0.0149699,0.00266421,6.84061,0.0,0.460912,270.355
1200_dose_0.005_gradient_0_VconcST_0.04_Vconc_5.6_run_0.csv,1200.0,0.005,0,5.6,0.04,5.6,0,55.25,6.88377,0.0146732,0.00268102,6.88377,0.0,0.462476,8123.89
1200_dose_0.005_gradient_0_VconcST_0.04_Vconc_5.6_run_0.csv,1200.0,0.005,0,5.6,0.04,5.6,0,55.5,6.9254,0.0143824,0.00269723,6.9254,0.0,0.463977,263.269
1200_dose_0.005_gradient_0_VconcST_0.04_Vconc_5.6_run_0.csv,1200.0,0.005,0,5.6,0.04,5.6,0,55.75,6.96553,0.0140973,0.00271286,6.96553,0.0,0.465415,7300.17
1200_dose_0.005_gradient_0_VconcST_0.04_Vconc_5.6_run_0.csv,1200.0,0.005,0,5.6,0.04,5.6,0,56.0,7.00419,0.0138179,0.00272791,7.00419,0.0,0.466793,265.799
1200_dose_0.005_gradient_0_VconcST_0.04_Vconc_5.6_run_0.csv,1200.0,0.005,0,5.6,0.04,5.6,0,56.25,7.04141,0.0135441,0.00274241,7.04141,0.0,0.468114,7705.36
1200_dose_0.005_gradient_0_VconcST_0.04_Vconc_5.6_run_0.csv,1200.0,0.005,0,5.6,0.04,5.6,0,56.5,7.07723,0.0132757,0.00275636,7.07723,0.0,0.469378,263.419
1200_dose_0.005_gradient_0_VconcST_0.04_Vconc_5.6_run_0.csv,1200.0,0.005,0,5.6,0.04,5.6,0,56.75,7.11167,0.0130126,0.00276978,7.11167,0.0,0.470588,7514.72
1200_dose_0.005_gradient_0_VconcST_0.04_Vconc_5.6_run_0.csv,1200.0,0.005,0,5.6,0.04,5.6,0,57.0,7.14477,0.0127547,0.00278267,7.14477,0.0,0.471746,255.757
1200_dose_0.005_gradient_0_VconcST_0.04_Vconc_5.6_run_0.csv,1200.0,0.005,0,5.6,0.04,5.6,0,57.25,7.17655,0.0125019,0.00279504,7.17655,0.0,0.472853,7643.51
1200_dose_0.005_gradient_0_VconcST_0.04_Vconc_5.6_run_0.csv,1200.0,0.005,0,5.6,0.04,5.6,0,57.5,7.20705,0.0122541,0.00280692,7.20705,0.0,0.473911,253.401
1200_dose_0.005_gradient_0_VconcST_0.04_Vconc_5.6_run_0.csv,1200.0,0.005,0,5.6,0.04,5.6,0,57.75,7.23628,0.0120113,0.00281831,7.23628,0.0,0.474921,7196.64
1200_dose_0.005_gradient_0_VconcST_0.04_Vconc_5.6_run_0.csv,1200.0,0.005,0,5.6,0.04,5.6,0,58.0,7.26428,0.0117732,0.00282921,7.26428,0.0,0.475885,256.816
1200_dose_0.005_gradient_0_VconcST_0.04_Vconc_5.6_run_0.csv,1200.0,0.005,0,5.6,0.04,5.6,0,58.25,7.29109,0.0115399,0.00283965,7.29109,0.0,0.476804,7615.16
1200_dose_0.005_gradient_0_VconcST_0.04_Vconc_5.6_run_0.csv,1200.0,0.005,0,5.6,0.04,5.6,0,58.5,7.31671,0.0113112,0.00284963,7.31671,0.0,0.47768,252.183
1200_dose_0.005_gradient_0_VconcST_0.04_Vconc_5.6_run_0.csv,1200.0,0.005,0,5.6,0.04,5.6,0,58.75,7.34118,0.011087,0.00285916,7.34118,0.0,0.478514,7465.37
1200_dose_0.005_gradient_0_VconcST_0.04_Vconc_5.6_run_0.csv,1200.0,0.005,0,5.6,0.04,5.6,0,59.0,7.36452,0.0108673,0.00286825,7.36452,0.0,0.479307,247.858
1200_dose_0.005_gradient_0_VconcST_0.04_Vconc_5.6_run_0.csv,1200.0,0.005,0,5.6,0.04,5.6,0,59.25,7.38676,0.0106519,0.00287691,7.38676,0.0,0.48006,7548.34
1200_dose_0.005_gradient_0_VconcST_0.04_Vconc_5.6_run_0.csv,1200.0,0.005,0,5.6,0.04,5.6,0,59.5,7.40792,0.0104408,0.00288515,7.40792,0.0,0.480775,241.825
1200_dose_0.005_gradient_0_VconcST_0.04_Vconc_5.6_run_0.csv,1200.0,0.005,0,5.6,0.04,5.6,0,59.75,7.42802,0.0102339,0.00289298,7.42802,0.0,0.481452,7354.25
1200_dose_0.005_gradient_0_VconcST_0.04_Vconc_5.6_run_0.csv,1200.0,0.005,0,5.6,0.04,5.6,0,60.0,7.44748,0.015031,0.00290056,7.44748,0.0,0.482093,241.49
1200_dose_0.005_gradient_0_VconcST_0.04_Vconc_5.6_run_0.csv,1200.0,0.005,0,5.6,0.04,5.6,0,60.25,7.48862,0.0147331,0.00291659,7.48862,0.0,0.483469,7136.76
1200_dose_0.005_gradient_0_VconcST_0.04_Vconc_5.6_run_0.csv,1200.0,0.005,0,5.6,0.04,5.6,0,60.5,7.52823,0.0144411,0.00293201,7.52823,0.0,0.484788,250.182
1200_dose_0.005_gradient_0_VconcST_0.04_Vconc_5.6_run_0.csv,1200.0,0.005,0,5.6,0.04,5.6,0,60.75,7.56634,0.0141549,0.00294686,7.56634,0.0,0.48605,7344.91
1200_dose_0.005_gradient_0_VconcST_0.04_Vconc_5.6_run_0.csv,1200.0,0.005,0,5.6,0.04,5.6,0,61.0,7.60299,0.0138744,0.00296113,7.60299,0.0,0.487258,255.683
1200_dose_0.005_gradient_0_VconcST_0.04_Vconc_5.6_run_0.csv,1200.0,0.005,0,5.6,0.04,5.6,0,61.25,7.6382,0.0135994,0.00297484,7.6382,0.0,0.488413,7027.2
1200_dose_0.005_gradient_0_VconcST_0.04_Vconc_5.6_run_0.csv,1200.0,0.005,0,5.6,0.04,5.6,0,61.5,7.67201,0.0133299,0.00298801,7.67201,0.0,0.489518,244.207
1200_dose_0.005_gradient_0_VconcST_0.04_Vconc_5.6_run_0.csv,1200.0,0.005,0,5.6,0.04,5.6,0,61.75,7.70445,0.0130657,0.00300064,7.70445,0.0,0.490573,7613.21
1200_dose_0.005_gradient_0_VconcST_0.04_Vconc_5.6_run_0.csv,1200.0,0.005,0,5.6,0.04,5.6,0,62.0,7.73555,0.0128068,0.00301275,7.73555,0.0,0.491581,256.694
1200_dose_0.005_gradient_0_VconcST_0.04_Vconc_5.6_run_0.csv,1200.0,0.005,0,5.6,0.04,5.6,0,62.25,7.76533,0.012553,0.00302435,7.76533,0.0,0.492542,7045.05
