filename,schedule,dose,gradient,vegf_level,VconcST,Vconc,run,hours,drug_tumour_nM,drug_gut_mgL,drug_blood_mgL,drug_blood_nM,vasc_score,vegfr_inhibition,dll4_average
1200_dose_0.6_gradient_0_VconcST_0.04_Vconc_8_run_0.csv,1200.0,0.6,0,8.0,0.04,8.0,0,0.0,0.0,0.0,0.0,0.0,0.0,0.0,0.0
1200_dose_0.6_gradient_0_VconcST_0.04_Vconc_8_run_0.csv,1200.0,0.6,0,8.0,0.04,8.0,0,0.25,0.0,0.0,0.0,0.0,0.0,0.0,10000.0
1200_dose_0.6_gradient_0_VconcST_0.04_Vconc_8_run_0.csv,1200.0,0.6,0,8.0,0.04,8.0,0,0.5,0.0,0.0,0.0,0.0,0.0,0.0,890.521
1200_dose_0.6_gradient_0_VconcST_0.04_Vconc_8_run_0.csv,1200.0,0.6,0,8.0,0.04,8.0,0,0.75,0.0,0.0,0.0,0.0,0.0,0.0,10000.0
1200_dose_0.6_gradient_0_VconcST_0.04_Vconc_8_run_0.csv,1200.0,0.6,0,8.0,0.04,8.0,0,1.0,0.0,0.0,0.0,0.0,0.0,0.0,884.272
1200_dose_0.6_gradient_0_VconcST_0.04_Vconc_8_run_0.csv,1200.0,0.6,0,8.0,0.04,8.0,0,1.25,0.0,0.0,0.0,0.0,0.0,0.0,10000.0
1200_dose_0.6_gradient_0_VconcST_0.04_Vconc_8_run_0.csv,1200.0,0.6,0,8.0,0.04,8.0,0,1.5,0.0,0.0,0.0,0.0,0.0,0.0,892.036
1200_dose_0.6_gradient_0_VconcST_0.04_Vconc_8_run_0.csv,1200.0,0.6,0,8.0,0.04,8.0,0,1.75,0.0,0.0,0.0,0.0,0.0,0.0,10000.0
1200_dose_0.6_gradient_0_VconcST_0.04_Vconc_8_run_0.csv,1200.0,0.6,0,8.0,0.04,8.0,0,2.0,0.0,0.0,0.0,0.0,0.0,0.0,900.745
1200_dose_0.6_gradient_0_VconcST_0.04_Vconc_8_run_0.csv,1200.0,0.6,0,8.0,0.04,8.0,0,2.25,0.0,0.0,0.0,0.0,0.0,0.0,10000.0
1200_dose_0.6_gradient_0_VconcST_0.04_Vconc_8_run_0.csv,1200.0,0.6,0,8.0,0.04,8.0,0,2.5,0.0,0.0,0.0,0.0,0.0,0.0,896.983
1200_dose_0.6_gradient_0_VconcST_0.04_Vconc_8_run_0.csv,1200.0,0.6,0,8.0,0.04,8.0,0,2.75,0.0,0.0,0.0,0.0,0.0,0.0,10000.0
1200_dose_0.6_gradient_0_VconcST_0.04_Vconc_8_run_0.csv,1200.0,0.6,0,8.0,0.04,8.0,0,3.0,0.0,0.0,0.0,0.0,0.0,0.0,904.144
1200_dose_0.6_gradient_0_VconcST_0.04_Vconc_8_run_0.csv,1200.0,0.6,0,8.0,0.04,8.0,0,3.25,0.0,0.0,0.0,0.0,0.0,0.0,10000.0
1200_dose_0.6_gradient_0_VconcST_0.04_Vconc_8_run_0.csv,1200.0,0.6,0,8.0,0.04,8.0,0,3.5,0.0,0.0,0.0,0.0,0.0,0.0,888.235
1200_dose_0.6_gradient_0_VconcST_0.04_Vconc_8_run_0.csv,1200.0,0.6,0,8.0,0.04,8.0,0,3.75,0.0,0.0,0.0,0.0,0.0,0.0,10000.0
1200_dose_0.6_gradient_0_VconcST_0.04_Vconc_8_run_0.csv,1200.0,0.6,0,8.0,0.04,8.0,0,4.0,0.0,0.0,0.0,0.0,0.0,0.0,884.392
1200_dose_0.6_gradient_0_VconcST_0.04_Vconc_8_run_0.csv,1200.0,0.6,0,8.0,0.04,8.0,0,4.25,0.0,0.0,0.0,0.0,0.0,0.0,10000.0
1200_dose_0.6_gradient_0_VconcST_0.04_Vconc_8_run_0.csv,1200.0,0.6,0,8.0,0.04,8.0,0,4.5,0.0,0.0,0.0,0.0,0.0,0.0,894.537
1200_dose_0.6_gradient_0_VconcST_0.04_Vconc_8_run_0.csv,1200.0,0.6,0,8.0,0.04,8.0,0,4.75,0.0,0.0,0.0,0.0,0.0,0.0,10000.0
1200_dose_0.6_gradient_0_VconcST_0.04_Vconc_8_run_0.csv,1200.0,0.6,0,8.0,0.04,8.0,0,5.0,0.0467175,0.6,1.8195e-05,0.0467175,0.0,0.0,880.545
1200_dose_0.6_gradient_0_VconcST_0.04_Vconc_8_run_0.csv,1200.0,0.6,0,8.0,0.04,8.0,0,5.25,2.81607,0.588109,0.00109677,2.81607,0.0,0.257227,10000.0
1200_dose_0.6_gradient_0_VconcST_0.04_Vconc_8_run_0.csv,1200.0,0.6,0,8.0,0.04,8.0,0,5.5,5.52002,0.576453,0.00214988,5.52002,0.0,0.406329,520.633
1200_dose_0.6_gradient_0_VconcST_0.04_Vconc_8_run_0.csv,1200.0,0.6,0,8.0,0.04,8.0,0,5.75,8.15993,0.565028,0.00317804,8.15993,0.0,0.503613,9094.96
1200_dose_0.6_gradient_0_VconcST_0.04_Vconc_8_run_0.csv,1200.0,0.6,0,8.0,0.04,8.0,0,6.0,10.7371,0.55383,0.00418176,10.7371,0.0,0.57207,355.086
1200_dose_0.6_gradient_0_VconcST_0.04_Vconc_8_run_0.csv,1200.0,0.6,0,8.0,0.04,8.0,0,6.25,13.2528,0.542854,0.00516155,13.2528,0.010625,0.622844,7677.31
1200_dose_0.6_gradient_0_VconcST_0.04_Vconc_8_run_0.csv,1200.0,0.6,0,8.0,0.04,8.0,0,6.5,15.7083,0.532095,0.00611789,15.7083,0.0,0.661989,262.28
1200_dose_0.6_gradient_0_VconcST_0.04_Vconc_8_run_0.csv,1200.0,0.6,0,8.0,0.04,8.0,0,6.75,18.1048,0.521549,0.00705126,18.1048,0.013112,0.693079,5861.7
1200_dose_0.6_gradient_0_VconcST_0.04_Vconc_8_run_0.csv,1200.0,0.6,0,8.0,0.04,8.0,0,7.0,20.4436,0.511213,0.00796214,20.4436,0.0,0.71836,182.618
1200_dose_0.6_gradient_0_VconcST_0.04_Vconc_8_run_0.csv,1200.0,0.6,0,8.0,0.04,8.0,0,7.25,22.7257,0.501081,0.00885096,22.7257,0.0147201,0.739313,5145.29
1200_dose_0.6_gradient_0_VconcST_0.04_Vconc_8_run_0.csv,1200.0,0.6,0,8.0,0.04,8.0,0,7.5,24.9525,0.49115,0.00971822,24.9525,0.0,0.756956,154.915
1200_dose_0.6_gradient_0_VconcST_0.04_Vconc_8_run_0.csv,1200.0,0.6,0,8.0,0.04,8.0,0,7.75,27.1249,0.481416,0.0105643,27.1249,0.0168229,0.772009,4732.36
1200_dose_0.6_gradient_0_VconcST_0.04_Vconc_8_run_0.csv,1200.0,0.6,0,8.0,0.04,8.0,0,8.0,29.2443,0.471875,0.0113897,29.2443,0.0,0.785,145.834
1200_dose_0.6_gradient_0_VconcST_0.04_Vconc_8_run_0.csv,1200.0,0.6,0,8.0,0.04,8.0,0,8.25,31.3115,0.462523,0.0121949,31.3115,0.0194206,0.796321,4502.86
1200_dose_0.6_gradient_0_VconcST_0.04_Vconc_8_run_0.csv,1200.0,0.6,0,8.0,0.04,8.0,0,8.5,33.3277,0.453357,0.0129801,33.3277,0.0,0.80627,133.897
1200_dose_0.6_gradient_0_VconcST_0.04_Vconc_8_run_0.csv,1200.0,0.6,0,8.0,0.04,8.0,0,8.75,35.2939,0.444372,0.0137459,35.2939,0.0222244,0.815078,4319.86
1200_dose_0.6_gradient_0_VconcST_0.04_Vconc_8_run_0.csv,1200.0,0.6,0,8.0,0.04,8.0,0,9.0,37.2113,0.435565,0.0144926,37.2113,0.0,0.822929,112.624
1200_dose_0.6_gradient_0_VconcST_0.04_Vconc_8_run_0.csv,1200.0,0.6,0,8.0,0.04,8.0,0,9.25,39.0807,0.426932,0.0152207,39.0807,0.0249457,0.829968,3594.86
1200_dose_0.6_gradient_0_VconcST_0.04_Vconc_8_run_0.csv,1200.0,0.6,0,8.0,0.04,8.0,0,9.5,40.9032,0.418471,0.0159305,40.9032,0.0,0.836311,97.2098
1200_dose_0.6_gradient_0_VconcST_0.04_Vconc_8_run_0.csv,1200.0,0.6,0,8.0,0.04,8.0,0,9.75,42.6797,0.410177,0.0166224,42.6797,0.0253581,0.842055,3117.18
1200_dose_0.6_gradient_0_VconcST_0.04_Vconc_8_run_0.csv,1200.0,0.6,0,8.0,0.04,8.0,0,10.0,44.4579,1.00205,0.017315,44.4579,0.0,0.847278,78.8691
1200_dose_0.6_gradient_0_VconcST_0.04_Vconc_8_run_0.csv,1200.0,0.6,0,8.0,0.04,8.0,0,10.25,48.9146,0.982189,0.0190507,48.9146,0.0,0.859257,2412.03
1200_dose_0.6_gradient_0_VconcST_0.04_Vconc_8_run_0.csv,1200.0,0.6,0,8.0,0.04,8.0,0,10.5,53.2628,0.962723,0.0207442,53.2628,0.0,0.869262,925.111
1200_dose_0.6_gradient_0_VconcST_0.04_Vconc_8_run_0.csv,1200.0,0.6,0,8.0,0.04,8.0,0,10.75,57.5047,0.943643,0.0223963,57.5047,0.0,0.877741,1403.17
1200_dose_0.6_gradient_0_VconcST_0.04_Vconc_8_run_0.csv,1200.0,0.6,0,8.0,0.04,8.0,0,11.0,61.6424,0.924941,0.0240078,61.6424,0.0,0.885015,1706.0
1200_dose_0.6_gradient_0_VconcST_0.04_Vconc_8_run_0.csv,1200.0,0.6,0,8.0,0.04,8.0,0,11.25,65.678,0.90661,0.0255796,65.678,0.0141016,0.891321,1952.21
1200_dose_0.6_gradient_0_VconcST_0.04_Vconc_8_run_0.csv,1200.0,0.6,0,8.0,0.04,8.0,0,11.5,69.6138,0.888642,0.0271124,69.6138,0.0672049,0.896839,2057.76
1200_dose_0.6_gradient_0_VconcST_0.04_Vconc_8_run_0.csv,1200.0,0.6,0,8.0,0.04,8.0,0,11.75,73.4517,0.87103,0.0286072,73.4517,0.133329,0.901706,2104.81
1200_dose_0.6_gradient_0_VconcST_0.04_Vconc_8_run_0.csv,1200.0,0.6,0,8.0,0.04,8.0,0,12.0,77.1937,0.853767,0.0300646,77.1937,0.228885,0.906028,2104.11
1200_dose_0.6_gradient_0_VconcST_0.04_Vconc_8_run_0.csv,1200.0,0.6,0,8.0,0.04,8.0,0,12.25,80.8419,0.836847,0.0314854,80.8419,0.361408,0.909891,1971.04
1200_dose_0.6_gradient_0_VconcST_0.04_Vconc_8_run_0.csv,1200.0,0.6,0,8.0,0.04,8.0,0,12.5,84.3981,0.820261,0.0328705,84.3981,0.515052,0.913363,1493.74
1200_dose_0.6_gradient_0_VconcST_0.04_Vconc_8_run_0.csv,1200.0,0.6,0,8.0,0.04,8.0,0,12.75,87.8643,0.804005,0.0342204,87.8643,0.708158,0.916499,1363.78
1200_dose_0.6_gradient_0_VconcST_0.04_Vconc_8_run_0.csv,1200.0,0.6,0,8.0,0.04,8.0,0,13.0,91.2423,0.78807,0.0355361,91.2423,0.879334,0.919344,1214.14
1200_dose_0.6_gradient_0_VconcST_0.04_Vconc_8_run_0.csv,1200.0,0.6,0,8.0,0.04,8.0,0,13.25,94.534,0.772451,0.0368181,94.534,0.915625,0.921936,1041.47
1200_dose_0.6_gradient_0_VconcST_0.04_Vconc_8_run_0.csv,1200.0,0.6,0,8.0,0.04,8.0,0,13.5,97.7411,0.757142,0.0380671,97.7411,0.0,0.924306,993.959
1200_dose_0.6_gradient_0_VconcST_0.04_Vconc_8_run_0.csv,1200.0,0.6,0,8.0,0.04,8.0,0,13.75,100.865,0.742136,0.0392839,100.865,0.0,0.92648,899.802
1200_dose_0.6_gradient_0_VconcST_0.04_Vconc_8_run_0.csv,1200.0,0.6,0,8.0,0.04,8.0,0,14.0,103.908,0.727428,0.0404691,103.908,0.0,0.928481,782.333
1200_dose_0.6_gradient_0_VconcST_0.04_Vconc_8_run_0.csv,1200.0,0.6,0,8.0,0.04,8.0,0,14.25,106.872,0.713012,0.0416234,106.872,0.0,0.930328,799.312
1200_dose_0.6_gradient_0_VconcST_0.04_Vconc_8_run_0.csv,1200.0,0.6,0,8.0,0.04,8.0,0,14.5,109.758,0.69888,0.0427474,109.758,0.0,0.932037,722.74
1200_dose_0.6_gradient_0_VconcST_0.04_Vconc_8_run_0.csv,1200.0,0.6,0,8.0,0.04,8.0,0,14.75,112.568,0.68503,0.0438417,112.568,0.0,0.933622,733.335
1200_dose_0.6_gradient_0_VconcST_0.04_Vconc_8_run_0.csv,1200.0,0.6,0,8.0,0.04,8.0,0,15.0,115.35,1.27145,0.0449251,115.35,0.0,0.935095,704.661
1200_dose_0.6_gradient_0_VconcST_0.04_Vconc_8_run_0.csv,1200.0,0.6,0,8.0,0.04,8.0,0,15.25,120.781,1.24625,0.0470405,120.781,0.0,0.937836,689.915
1200_dose_0.6_gradient_0_VconcST_0.04_Vconc_8_run_0.csv,1200.0,0.6,0,8.0,0.04,8.0,0,15.5,126.076,1.22156,0.0491026,126.076,0.0,0.940293,663.915
1200_dose_0.6_gradient_0_VconcST_0.04_Vconc_8_run_0.csv,1200.0,0.6,0,8.0,0.04,8.0,0,15.75,131.236,1.19735,0.0511125,131.236,0.0,0.942509,645.147
1200_dose_0.6_gradient_0_VconcST_0.04_Vconc_8_run_0.csv,1200.0,0.6,0,8.0,0.04,8.0,0,16.0,136.265,1.17361,0.0530712,136.265,0.0,0.944515,653.295
1200_dose_0.6_gradient_0_VconcST_0.04_Vconc_8_run_0.csv,1200.0,0.6,0,8.0,0.04,8.0,0,16.25,141.166,1.15036,0.0549798,141.166,0.0,0.946339,610.217
1200_dose_0.6_gradient_0_VconcST_0.04_Vconc_8_run_0.csv,1200.0,0.6,0,8.0,0.04,8.0,0,16.5,145.941,1.12756,0.0568394,145.941,0.0,0.948005,599.558
1200_dose_0.6_gradient_0_VconcST_0.04_Vconc_8_run_0.csv,1200.0,0.6,0,8.0,0.04,8.0,0,16.75,150.592,1.10521,0.0586509,150.592,0.0,0.949532,582.787
1200_dose_0.6_gradient_0_VconcST_0.04_Vconc_8_run_0.csv,1200.0,0.6,0,8.0,0.04,8.0,0,17.0,155.123,1.08331,0.0604154,155.123,0.0,0.950935,562.425
1200_dose_0.6_gradient_0_VconcST_0.04_Vconc_8_run_0.csv,1200.0,0.6,0,8.0,0.04,8.0,0,17.25,159.535,1.06184,0.0621338,159.535,0.0,0.952228,568.516
1200_dose_0.6_gradient_0_VconcST_0.04_Vconc_8_run_0.csv,1200.0,0.6,0,8.0,0.04,8.0,0,17.5,163.831,1.04079,0.0638071,163.831,0.0,0.953424,565.669
1200_dose_0.6_gradient_0_VconcST_0.04_Vconc_8_run_0.csv,1200.0,0.6,0,8.0,0.04,8.0,0,17.75,168.014,1.02017,0.0654363,168.014,0.0,0.954531,542.713
1200_dose_0.6_gradient_0_VconcST_0.04_Vconc_8_run_0.csv,1200.0,0.6,0,8.0,0.04,8.0,0,18.0,172.086,0.999947,0.0670221,172.086,0.0,0.95556,524.25
1200_dose_0.6_gradient_0_VconcST_0.04_Vconc_8_run_0.csv,1200.0,0.6,0,8.0,0.04,8.0,0,18.25,176.049,0.980129,0.0685656,176.049,0.0,0.956518,521.91
1200_dose_0.6_gradient_0_VconcST_0.04_Vconc_8_run_0.csv,1200.0,0.6,0,8.0,0.04,8.0,0,18.5,179.906,0.960704,0.0700677,179.906,0.0,0.957411,511.172
1200_dose_0.6_gradient_0_VconcST_0.04_Vconc_8_run_0.csv,1200.0,0.6,0,8.0,0.04,8.0,0,18.75,183.658,0.941664,0.0715291,183.658,0.0,0.958246,486.827
1200_dose_0.6_gradient_0_VconcST_0.04_Vconc_8_run_0.csv,1200.0,0.6,0,8.0,0.04,8.0,0,19.0,187.308,0.923002,0.0729507,187.308,0.0,0.959027,501.879
1200_dose_0.6_gradient_0_VconcST_0.04_Vconc_8_run_0.csv,1200.0,0.6,0,8.0,0.04,8.0,0,19.25,190.858,0.904709,0.0743334,190.858,0.0,0.959759,487.697
1200_dose_0.6_gradient_0_VconcST_0.04_Vconc_8_run_0.csv,1200.0,0.6,0,8.0,0.04,8.0,0,19.5,194.311,0.886779,0.075678,194.311,0.0,0.960446,478.901
1200_dose_0.6_gradient_0_VconcST_0.04_Vconc_8_run_0.csv,1200.0,0.6,0,8.0,0.04,8.0,0,19.75,197.667,0.869204,0.0769853,197.667,0.0,0.961092,471.982
1200_dose_0.6_gradient_0_VconcST_0.04_Vconc_8_run_0.csv,1200.0,0.6,0,8.0,0.04,8.0,0,20.0,200.977,1.45198,0.0782741,200.977,0.0,0.9617,456.87
1200_dose_0.6_gradient_0_VconcST_0.04_Vconc_8_run_0.csv,1200.0,0.6,0,8.0,0.04,8.0,0,20.25,206.917,1.4232,0.0805876,206.917,0.0,0.962759,458.787
1200_dose_0.6_gradient_0_VconcST_0.04_Vconc_8_run_0.csv,1200.0,0.6,0,8.0,0.04,8.0,0,20.5,212.701,1.39499,0.0828406,212.701,0.0,0.963736,462.563
1200_dose_0.6_gradient_0_VconcST_0.04_Vconc_8_run_0.csv,1200.0,0.6,0,8.0,0.04,8.0,0,20.75,218.334,1.36735,0.0850343,218.334,0.0,0.96464,426.815
1200_dose_0.6_gradient_0_VconcST_0.04_Vconc_8_run_0.csv,1200.0,0.6,0,8.0,0.04,8.0,0,21.0,223.818,1.34025,0.08717,223.818,0.0,0.965477,421.58
1200_dose_0.6_gradient_0_VconcST_0.04_Vconc_8_run_0.csv,1200.0,0.6,0,8.0,0.04,8.0,0,21.25,229.155,1.31369,0.0892489,229.155,0.0,0.966254,407.036
1200_dose_0.6_gradient_0_VconcST_0.04_Vconc_8_run_0.csv,1200.0,0.6,0,8.0,0.04,8.0,0,21.5,234.35,1.28765,0.0912721,234.35,0.0,0.966978,402.676
1200_dose_0.6_gradient_0_VconcST_0.04_Vconc_8_run_0.csv,1200.0,0.6,0,8.0,0.04,8.0,0,21.75,239.405,1.26213,0.0932409,239.405,0.0,0.967654,410.351
1200_dose_0.6_gradient_0_VconcST_0.04_Vconc_8_run_0.csv,1200.0,0.6,0,8.0,0.04,8.0,0,22.0,244.323,1.23712,0.0951563,244.323,0.0,0.968284,392.495
1200_dose_0.6_gradient_0_VconcST_0.04_Vconc_8_run_0.csv,1200.0,0.6,0,8.0,0.04,8.0,0,22.25,249.107,1.2126,0.0970195,249.107,0.0,0.968875,387.503
1200_dose_0.6_gradient_0_VconcST_0.04_Vconc_8_run_0.csv,1200.0,0.6,0,8.0,0.04,8.0,0,22.5,253.76,1.18857,0.0988315,253.76,0.0,0.969429,382.848
1200_dose_0.6_gradient_0_VconcST_0.04_Vconc_8_run_0.csv,1200.0,0.6,0,8.0,0.04,8.0,0,22.75,258.284,1.16501,0.100594,258.284,0.0,0.969948,371.406
1200_dose_0.6_gradient_0_VconcST_0.04_Vconc_8_run_0.csv,1200.0,0.6,0,8.0,0.04,8.0,0,23.0,262.682,1.14192,0.102306,262.682,0.0,0.970437,374.455
1200_dose_0.6_gradient_0_VconcST_0.04_Vconc_8_run_0.csv,1200.0,0.6,0,8.0,0.04,8.0,0,23.25,266.957,1.11929,0.103971,266.957,0.0,0.970897,356.045
1200_dose_0.6_gradient_0_VconcST_0.04_Vconc_8_run_0.csv,1200.0,0.6,0,8.0,0.04,8.0,0,23.5,271.111,1.09711,0.105589,271.111,0.0,0.971331,353.074
1200_dose_0.6_gradient_0_VconcST_0.04_Vconc_8_run_0.csv,1200.0,0.6,0,8.0,0.04,8.0,0,23.75,275.147,1.07536,0.107161,275.147,0.0,0.97174,346.53
1200_dose_0.6_gradient_0_VconcST_0.04_Vconc_8_run_0.csv,1200.0,0.6,0,8.0,0.04,8.0,0,24.0,279.068,1.05405,0.108688,279.068,0.0,0.972126,348.905
1200_dose_0.6_gradient_0_VconcST_0.04_Vconc_8_run_0.csv,1200.0,0.6,0,8.0,0.04,8.0,0,24.25,282.875,1.03316,0.110171,282.875,0.0,0.972491,343.455
1200_dose_0.6_gradient_0_VconcST_0.04_Vconc_8_run_0.csv,1200.0,0.6,0,8.0,0.04,8.0,0,24.5,286.571,1.01269,0.111611,286.571,0.0,0.972836,339.379
1200_dose_0.6_gradient_0_VconcST_0.04_Vconc_8_run_0.csv,1200.0,0.6,0,8.0,0.04,8.0,0,24.75,290.159,0.992615,0.113008,290.159,0.0,0.973163,340.032
1200_dose_0.6_gradient_0_VconcST_0.04_Vconc_8_run_0.csv,1200.0,0.6,0,8.0,0.04,8.0,0,25.0,293.687,1.57294,0.114382,293.687,0.0,0.973473,328.975
1200_dose_0.6_gradient_0_VconcST_0.04_Vconc_8_run_0.csv,1200.0,0.6,0,8.0,0.04,8.0,0,25.25,299.834,1.54177,0.116776,299.834,0.0,0.974003,326.132
1200_dose_0.6_gradient_0_VconcST_0.04_Vconc_8_run_0.csv,1200.0,0.6,0,8.0,0.04,8.0,0,25.5,305.814,1.51121,0.119105,305.814,0.0,0.974499,314.961
1200_dose_0.6_gradient_0_VconcST_0.04_Vconc_8_run_0.csv,1200.0,0.6,0,8.0,0.04,8.0,0,25.75,311.63,1.48126,0.12137,311.63,0.0,0.974964,313.1
1200_dose_0.6_gradient_0_VconcST_0.04_Vconc_8_run_0.csv,1200.0,0.6,0,8.0,0.04,8.0,0,26.0,317.285,1.45191,0.123573,317.285,0.0,0.975399,324.513
1200_dose_0.6_gradient_0_VconcST_0.04_Vconc_8_run_0.csv,1200.0,0.6,0,8.0,0.04,8.0,0,26.25,322.784,1.42313,0.125714,322.784,0.0,0.975808,303.513
1200_dose_0.6_gradient_0_VconcST_0.04_Vconc_8_run_0.csv,1200.0,0.6,0,8.0,0.04,8.0,0,26.5,328.129,1.39493,0.127796,328.129,0.0,0.976193,299.288
1200_dose_0.6_gradient_0_VconcST_0.04_Vconc_8_run_0.csv,1200.0,0.6,0,8.0,0.04,8.0,0,26.75,333.324,1.36728,0.129819,333.324,0.0,0.976556,298.713
1200_dose_0.6_gradient_0_VconcST_0.04_Vconc_8_run_0.csv,1200.0,0.6,0,8.0,0.04,8.0,0,27.0,338.371,1.34018,0.131785,338.371,0.0,0.976898,295.969
1200_dose_0.6_gradient_0_VconcST_0.04_Vconc_8_run_0.csv,1200.0,0.6,0,8.0,0.04,8.0,0,27.25,343.274,1.31362,0.133695,343.274,0.0,0.977221,292.993
1200_dose_0.6_gradient_0_VconcST_0.04_Vconc_8_run_0.csv,1200.0,0.6,0,8.0,0.04,8.0,0,27.5,348.036,1.28759,0.135549,348.036,0.0,0.977525,281.966
1200_dose_0.6_gradient_0_VconcST_0.04_Vconc_8_run_0.csv,1200.0,0.6,0,8.0,0.04,8.0,0,27.75,352.66,1.26207,0.13735,352.66,0.0,0.977814,283.035
1200_dose_0.6_gradient_0_VconcST_0.04_Vconc_8_run_0.csv,1200.0,0.6,0,8.0,0.04,8.0,0,28.0,357.148,1.23706,0.139098,357.148,0.0,0.978087,280.672
1200_dose_0.6_gradient_0_VconcST_0.04_Vconc_8_run_0.csv,1200.0,0.6,0,8.0,0.04,8.0,0,28.25,361.504,1.21254,0.140795,361.504,0.0,0.978345,273.087
1200_dose_0.6_gradient_0_VconcST_0.04_Vconc_8_run_0.csv,1200.0,0.6,0,8.0,0.04,8.0,0,28.5,365.73,1.18851,0.142441,365.73,0.0,0.97859,266.201
1200_dose_0.6_gradient_0_VconcST_0.04_Vconc_8_run_0.csv,1200.0,0.6,0,8.0,0.04,8.0,0,28.75,369.829,1.16495,0.144037,369.829,0.0,0.978823,271.836
1200_dose_0.6_gradient_0_VconcST_0.04_Vconc_7.2_run_0.csv,1200.0,0.6,0,7.2,0.04,7.2,0,0.0,0.0,0.0,0.0,0.0,0.0,0.0,0.0
1200_dose_0.6_gradient_0_VconcST_0.04_Vconc_7.2_run_0.csv,1200.0,0.6,0,7.2,0.04,7.2,0,0.25,0.0,0.0,0.0,0.0,0.0,0.0,10000.0
1200_dose_0.6_gradient_0_VconcST_0.04_Vconc_7.2_run_0.csv,1200.0,0.6,0,7.2,0.04,7.2,0,0.5,0.0,0.0,0.0,0.0,0.0,0.0,839.498
1200_dose_0.6_gradient_0_VconcST_0.04_Vconc_7.2_run_0.csv,1200.0,0.6,0,7.2,0.04,7.2,0,0.75,0.0,0.0,0.0,0.0,0.0,0.0,10000.0
1200_dose_0.6_gradient_0_VconcST_0.04_Vconc_7.2_run_0.csv,1200.0,0.6,0,7.2,0.04,7.2,0,1.0,0.0,0.0,0.0,0.0,0.0,0.0,843.673
1200_dose_0.6_gradient_0_VconcST_0.04_Vconc_7.2_run_0.csv,1200.0,0.6,0,7.2,0.04,7.2,0,1.25,0.0,0.0,0.0,0.0,0.0,0.0,10000.0
1200_dose_0.6_gradient_0_VconcST_0.04_Vconc_7.2_run_0.csv,1200.0,0.6,0,7.2,0.04,7.2,0,1.5,0.0,0.0,0.0,0.0,0.0,0.0,844.848
1200_dose_0.6_gradient_0_VconcST_0.04_Vconc_7.2_run_0.csv,1200.0,0.6,0,7.2,0.04,7.2,0,1.75,0.0,0.0,0.0,0.0,0.0,0.0,10000.0
1200_dose_0.6_gradient_0_VconcST_0.04_Vconc_7.2_run_0.csv,1200.0,0.6,0,7.2,0.04,7.2,0,2.0,0.0,0.0,0.0,0.0,0.0,0.0,837.796
1200_dose_0.6_gradient_0_VconcST_0.04_Vconc_7.2_run_0.csv,1200.0,0.6,0,7.2,0.04,7.2,0,2.25,0.0,0.0,0.0,0.0,0.0,0.0,10000.0
1200_dose_0.6_gradient_0_VconcST_0.04_Vconc_7.2_run_0.csv,1200.0,0.6,0,7.2,0.04,7.2,0,2.5,0.0,0.0,0.0,0.0,0.0,0.0,849.555
1200_dose_0.6_gradient_0_VconcST_0.04_Vconc_7.2_run_0.csv,1200.0,0.6,0,7.2,0.04,7.2,0,2.75,0.0,0.0,0.0,0.0,0.0,0.0,10000.0
1200_dose_0.6_gradient_0_VconcST_0.04_Vconc_7.2_run_0.csv,1200.0,0.6,0,7.2,0.04,7.2,0,3.0,0.0,0.0,0.0,0.0,0.0,0.0,833.442
1200_dose_0.6_gradient_0_VconcST_0.04_Vconc_7.2_run_0.csv,1200.0,0.6,0,7.2,0.04,7.2,0,3.25,0.0,0.0,0.0,0.0,0.0,0.0,10000.0
1200_dose_0.6_gradient_0_VconcST_0.04_Vconc_7.2_run_0.csv,1200.0,0.6,0,7.2,0.04,7.2,0,3.5,0.0,0.0,0.0,0.0,0.0,0.0,842.962
1200_dose_0.6_gradient_0_VconcST_0.04_Vconc_7.2_run_0.csv,1200.0,0.6,0,7.2,0.04,7.2,0,3.75,0.0,0.0,0.0,0.0,0.0,0.0,10000.0
1200_dose_0.6_gradient_0_VconcST_0.04_Vconc_7.2_run_0.csv,1200.0,0.6,0,7.2,0.04,7.2,0,4.0,0.0,0.0,0.0,0.0,0.0,0.0,839.246
1200_dose_0.6_gradient_0_VconcST_0.04_Vconc_7.2_run_0.csv,1200.0,0.6,0,7.2,0.04,7.2,0,4.25,0.0,0.0,0.0,0.0,0.0,0.0,10000.0
1200_dose_0.6_gradient_0_VconcST_0.04_Vconc_7.2_run_0.csv,1200.0,0.6,0,7.2,0.04,7.2,0,4.5,0.0,0.0,0.0,0.0,0.0,0.0,838.491
1200_dose_0.6_gradient_0_VconcST_0.04_Vconc_7.2_run_0.csv,1200.0,0.6,0,7.2,0.04,7.2,0,4.75,0.0,0.0,0.0,0.0,0.0,0.0,10000.0
1200_dose_0.6_gradient_0_VconcST_0.04_Vconc_7.2_run_0.csv,1200.0,0.6,0,7.2,0.04,7.2,0,5.0,0.0467175,0.6,1.8195e-05,0.0467175,0.0,0.0,839.194
1200_dose_0.6_gradient_0_VconcST_0.04_Vconc_7.2_run_0.csv,1200.0,0.6,0,7.2,0.04,7.2,0,5.25,2.81607,0.588109,0.00109677,2.81607,0.0,0.257227,10000.0
1200_dose_0.6_gradient_0_VconcST_0.04_Vconc_7.2_run_0.csv,1200.0,0.6,0,7.2,0.04,7.2,0,5.5,5.52002,0.576453,0.00214988,5.52002,0.0,0.406329,517.836
1200_dose_0.6_gradient_0_VconcST_0.04_Vconc_7.2_run_0.csv,1200.0,0.6,0,7.2,0.04,7.2,0,5.75,8.15993,0.565028,0.00317804,8.15993,0.0,0.503613,9567.0
1200_dose_0.6_gradient_0_VconcST_0.04_Vconc_7.2_run_0.csv,1200.0,0.6,0,7.2,0.04,7.2,0,6.0,10.7371,0.55383,0.00418176,10.7371,0.0,0.57207,304.347
1200_dose_0.6_gradient_0_VconcST_0.04_Vconc_7.2_run_0.csv,1200.0,0.6,0,7.2,0.04,7.2,0,6.25,13.2528,0.542854,0.00516155,13.2528,0.0,0.622844,6997.12
1200_dose_0.6_gradient_0_VconcST_0.04_Vconc_7.2_run_0.csv,1200.0,0.6,0,7.2,0.04,7.2,0,6.5,15.7083,0.532095,0.00611789,15.7083,0.0,0.661989,196.603
1200_dose_0.6_gradient_0_VconcST_0.04_Vconc_7.2_run_0.csv,1200.0,0.6,0,7.2,0.04,7.2,0,6.75,18.1048,0.521549,0.00705126,18.1048,0.00103082,0.693079,5179.21
1200_dose_0.6_gradient_0_VconcST_0.04_Vconc_7.2_run_0.csv,1200.0,0.6,0,7.2,0.04,7.2,0,7.0,20.4436,0.511213,0.00796214,20.4436,0.0,0.71836,146.205
1200_dose_0.6_gradient_0_VconcST_0.04_Vconc_7.2_run_0.csv,1200.0,0.6,0,7.2,0.04,7.2,0,7.25,22.7257,0.501081,0.00885096,22.7257,0.0,0.739313,4406.19
1200_dose_0.6_gradient_0_VconcST_0.04_Vconc_7.2_run_0.csv,1200.0,0.6,0,7.2,0.04,7.2,0,7.5,24.9525,0.49115,0.00971822,24.9525,0.0,0.756956,117.546
1200_dose_0.6_gradient_0_VconcST_0.04_Vconc_7.2_run_0.csv,1200.0,0.6,0,7.2,0.04,7.2,0,7.75,27.1249,0.481416,0.0105643,27.1249,0.0,0.772009,3694.44
1200_dose_0.6_gradient_0_VconcST_0.04_Vconc_7.2_run_0.csv,1200.0,0.6,0,7.2,0.04,7.2,0,8.0,29.2443,0.471875,0.0113897,29.2443,0.0,0.785,100.909
1200_dose_0.6_gradient_0_VconcST_0.04_Vconc_7.2_run_0.csv,1200.0,0.6,0,7.2,0.04,7.2,0,8.25,31.3115,0.462523,0.0121949,31.3115,0.0,0.796321,3272.06
1200_dose_0.6_gradient_0_VconcST_0.04_Vconc_7.2_run_0.csv,1200.0,0.6,0,7.2,0.04,7.2,0,8.5,33.3277,0.453357,0.0129801,33.3277,0.0,0.80627,80.6223
1200_dose_0.6_gradient_0_VconcST_0.04_Vconc_7.2_run_0.csv,1200.0,0.6,0,7.2,0.04,7.2,0,8.75,35.2939,0.444372,0.0137459,35.2939,0.0,0.815078,2889.11
1200_dose_0.6_gradient_0_VconcST_0.04_Vconc_7.2_run_0.csv,1200.0,0.6,0,7.2,0.04,7.2,0,9.0,37.2113,0.435565,0.0144926,37.2113,0.0,0.822929,74.364
1200_dose_0.6_gradient_0_VconcST_0.04_Vconc_7.2_run_0.csv,1200.0,0.6,0,7.2,0.04,7.2,0,9.25,39.0807,0.426932,0.0152207,39.0807,0.0,0.829968,2600.96
1200_dose_0.6_gradient_0_VconcST_0.04_Vconc_7.2_run_0.csv,1200.0,0.6,0,7.2,0.04,7.2,0,9.5,40.9032,0.418471,0.0159305,40.9032,0.0,0.836311,68.4963
1200_dose_0.6_gradient_0_VconcST_0.04_Vconc_7.2_run_0.csv,1200.0,0.6,0,7.2,0.04,7.2,0,9.75,42.6797,0.410177,0.0166224,42.6797,0.0,0.842055,2398.2
1200_dose_0.6_gradient_0_VconcST_0.04_Vconc_7.2_run_0.csv,1200.0,0.6,0,7.2,0.04,7.2,0,10.0,44.4579,1.00205,0.017315,44.4579,0.0,0.847278,62.3756
1200_dose_0.6_gradient_0_VconcST_0.04_Vconc_7.2_run_0.csv,1200.0,0.6,0,7.2,0.04,7.2,0,10.25,48.9146,0.982189,0.0190507,48.9146,0.0,0.859257,2008.26
1200_dose_0.6_gradient_0_VconcST_0.04_Vconc_7.2_run_0.csv,1200.0,0.6,0,7.2,0.04,7.2,0,10.5,53.2628,0.962723,0.0207442,53.2628,0.0,0.869262,291.169
1200_dose_0.6_gradient_0_VconcST_0.04_Vconc_7.2_run_0.csv,1200.0,0.6,0,7.2,0.04,7.2,0,10.75,57.5047,0.943643,0.0223963,57.5047,0.0,0.877741,1207.44
1200_dose_0.6_gradient_0_VconcST_0.04_Vconc_7.2_run_0.csv,1200.0,0.6,0,7.2,0.04,7.2,0,11.0,61.6424,0.924941,0.0240078,61.6424,0.0,0.885015,1053.68
1200_dose_0.6_gradient_0_VconcST_0.04_Vconc_7.2_run_0.csv,1200.0,0.6,0,7.2,0.04,7.2,0,11.25,65.678,0.90661,0.0255796,65.678,0.0,0.891321,815.708
1200_dose_0.6_gradient_0_VconcST_0.04_Vconc_7.2_run_0.csv,1200.0,0.6,0,7.2,0.04,7.2,0,11.5,69.6138,0.888642,0.0271124,69.6138,0.0,0.896839,1092.82
1200_dose_0.6_gradient_0_VconcST_0.04_Vconc_7.2_run_0.csv,1200.0,0.6,0,7.2,0.04,7.2,0,11.75,73.4517,0.87103,0.0286072,73.4517,0.0,0.901706,915.406
1200_dose_0.6_gradient_0_VconcST_0.04_Vconc_7.2_run_0.csv,1200.0,0.6,0,7.2,0.04,7.2,0,12.0,77.1937,0.853767,0.0300646,77.1937,0.0,0.906028,907.82
1200_dose_0.6_gradient_0_VconcST_0.04_Vconc_7.2_run_0.csv,1200.0,0.6,0,7.2,0.04,7.2,0,12.25,80.8419,0.836847,0.0314854,80.8419,0.0,0.909891,908.293
1200_dose_0.6_gradient_0_VconcST_0.04_Vconc_7.2_run_0.csv,1200.0,0.6,0,7.2,0.04,7.2,0,12.5,84.3981,0.820261,0.0328705,84.3981,0.0,0.913363,842.327
1200_dose_0.6_gradient_0_VconcST_0.04_Vconc_7.2_run_0.csv,1200.0,0.6,0,7.2,0.04,7.2,0,12.75,87.8643,0.804005,0.0342204,87.8643,0.0,0.916499,831.909
1200_dose_0.6_gradient_0_VconcST_0.04_Vconc_7.2_run_0.csv,1200.0,0.6,0,7.2,0.04,7.2,0,13.0,91.2423,0.78807,0.0355361,91.2423,0.0,0.919344,781.628
1200_dose_0.6_gradient_0_VconcST_0.04_Vconc_7.2_run_0.csv,1200.0,0.6,0,7.2,0.04,7.2,0,13.25,94.534,0.772451,0.0368181,94.534,0.0,0.921936,756.624
1200_dose_0.6_gradient_0_VconcST_0.04_Vconc_7.2_run_0.csv,1200.0,0.6,0,7.2,0.04,7.2,0,13.5,97.7411,0.757142,0.0380671,97.7411,0.0,0.924306,768.885
1200_dose_0.6_gradient_0_VconcST_0.04_Vconc_7.2_run_0.csv,1200.0,0.6,0,7.2,0.04,7.2,0,13.75,100.865,0.742136,0.0392839,100.865,0.0,0.92648,739.481
1200_dose_0.6_gradient_0_VconcST_0.04_Vconc_7.2_run_0.csv,1200.0,0.6,0,7.2,0.04,7.2,0,14.0,103.908,0.727428,0.0404691,103.908,0.0,0.928481,728.833
1200_dose_0.6_gradient_0_VconcST_0.04_Vconc_7.2_run_0.csv,1200.0,0.6,0,7.2,0.04,7.2,0,14.25,106.872,0.713012,0.0416234,106.872,0.0,0.930328,717.385
1200_dose_0.6_gradient_0_VconcST_0.04_Vconc_7.2_run_0.csv,1200.0,0.6,0,7.2,0.04,7.2,0,14.5,109.758,0.69888,0.0427474,109.758,0.0,0.932037,694.267
1200_dose_0.6_gradient_0_VconcST_0.04_Vconc_7.2_run_0.csv,1200.0,0.6,0,7.2,0.04,7.2,0,14.75,112.568,0.68503,0.0438417,112.568,0.0,0.933622,679.634
1200_dose_0.6_gradient_0_VconcST_0.04_Vconc_7.2_run_0.csv,1200.0,0.6,0,7.2,0.04,7.2,0,15.0,115.35,1.27145,0.0449251,115.35,0.0,0.935095,655.448
1200_dose_0.6_gradient_0_VconcST_0.04_Vconc_7.2_run_0.csv,1200.0,0.6,0,7.2,0.04,7.2,0,15.25,120.781,1.24625,0.0470405,120.781,0.0,0.937836,645.473
1200_dose_0.6_gradient_0_VconcST_0.04_Vconc_7.2_run_0.csv,1200.0,0.6,0,7.2,0.04,7.2,0,15.5,126.076,1.22156,0.0491026,126.076,0.0,0.940293,613.84
1200_dose_0.6_gradient_0_VconcST_0.04_Vconc_7.2_run_0.csv,1200.0,0.6,0,7.2,0.04,7.2,0,15.75,131.236,1.19735,0.0511125,131.236,0.0,0.942509,594.372
1200_dose_0.6_gradient_0_VconcST_0.04_Vconc_7.2_run_0.csv,1200.0,0.6,0,7.2,0.04,7.2,0,16.0,136.265,1.17361,0.0530712,136.265,0.0,0.944515,590.675
1200_dose_0.6_gradient_0_VconcST_0.04_Vconc_7.2_run_0.csv,1200.0,0.6,0,7.2,0.04,7.2,0,16.25,141.166,1.15036,0.0549798,141.166,0.0,0.946339,567.681
1200_dose_0.6_gradient_0_VconcST_0.04_Vconc_7.2_run_0.csv,1200.0,0.6,0,7.2,0.04,7.2,0,16.5,145.941,1.12756,0.0568394,145.941,0.0,0.948005,573.408
1200_dose_0.6_gradient_0_VconcST_0.04_Vconc_7.2_run_0.csv,1200.0,0.6,0,7.2,0.04,7.2,0,16.75,150.592,1.10521,0.0586509,150.592,0.0,0.949532,540.321
1200_dose_0.6_gradient_0_VconcST_0.04_Vconc_7.2_run_0.csv,1200.0,0.6,0,7.2,0.04,7.2,0,17.0,155.123,1.08331,0.0604154,155.123,0.0,0.950935,537.693
1200_dose_0.6_gradient_0_VconcST_0.04_Vconc_7.2_run_0.csv,1200.0,0.6,0,7.2,0.04,7.2,0,17.25,159.535,1.06184,0.0621338,159.535,0.0,0.952228,511.463
1200_dose_0.6_gradient_0_VconcST_0.04_Vconc_7.2_run_0.csv,1200.0,0.6,0,7.2,0.04,7.2,0,17.5,163.831,1.04079,0.0638071,163.831,0.0,0.953424,499.61
1200_dose_0.6_gradient_0_VconcST_0.04_Vconc_7.2_run_0.csv,1200.0,0.6,0,7.2,0.04,7.2,0,17.75,168.014,1.02017,0.0654363,168.014,0.0,0.954531,514.757
1200_dose_0.6_gradient_0_VconcST_0.04_Vconc_7.2_run_0.csv,1200.0,0.6,0,7.2,0.04,7.2,0,18.0,172.086,0.999947,0.0670221,172.086,0.0,0.95556,484.92
1200_dose_0.6_gradient_0_VconcST_0.04_Vconc_7.2_run_0.csv,1200.0,0.6,0,7.2,0.04,7.2,0,18.25,176.049,0.980129,0.0685656,176.049,0.0,0.956518,478.161
1200_dose_0.6_gradient_0_VconcST_0.04_Vconc_7.2_run_0.csv,1200.0,0.6,0,7.2,0.04,7.2,0,18.5,179.906,0.960704,0.0700677,179.906,0.0,0.957411,461.83
1200_dose_0.6_gradient_0_VconcST_0.04_Vconc_7.2_run_0.csv,1200.0,0.6,0,7.2,0.04,7.2,0,18.75,183.658,0.941664,0.0715291,183.658,0.0,0.958246,471.747
1200_dose_0.6_gradient_0_VconcST_0.04_Vconc_7.2_run_0.csv,1200.0,0.6,0,7.2,0.04,7.2,0,19.0,187.308,0.923002,0.0729507,187.308,0.0,0.959027,458.637
1200_dose_0.6_gradient_0_VconcST_0.04_Vconc_7.2_run_0.csv,1200.0,0.6,0,7.2,0.04,7.2,0,19.25,190.858,0.904709,0.0743334,190.858,0.0,0.959759,434.538
1200_dose_0.6_gradient_0_VconcST_0.04_Vconc_7.2_run_0.csv,1200.0,0.6,0,7.2,0.04,7.2,0,19.5,194.311,0.886779,0.075678,194.311,0.0,0.960446,437.706
1200_dose_0.6_gradient_0_VconcST_0.04_Vconc_7.2_run_0.csv,1200.0,0.6,0,7.2,0.04,7.2,0,19.75,197.667,0.869204,0.0769853,197.667,0.0,0.961092,435.771
1200_dose_0.6_gradient_0_VconcST_0.04_Vconc_7.2_run_0.csv,1200.0,0.6,0,7.2,0.04,7.2,0,20.0,200.977,1.45198,0.0782741,200.977,0.0,0.9617,416.264
1200_dose_0.6_gradient_0_VconcST_0.04_Vconc_7.2_run_0.csv,1200.0,0.6,0,7.2,0.04,7.2,0,20.25,206.917,1.4232,0.0805876,206.917,0.0,0.962759,409.994
1200_dose_0.6_gradient_0_VconcST_0.04_Vconc_7.2_run_0.csv,1200.0,0.6,0,7.2,0.04,7.2,0,20.5,212.701,1.39499,0.0828406,212.701,0.0,0.963736,408.747
1200_dose_0.6_gradient_0_VconcST_0.04_Vconc_7.2_run_0.csv,1200.0,0.6,0,7.2,0.04,7.2,0,20.75,218.334,1.36735,0.0850343,218.334,0.0,0.96464,384.73
1200_dose_0.6_gradient_0_VconcST_0.04_Vconc_7.2_run_0.csv,1200.0,0.6,0,7.2,0.04,7.2,0,21.0,223.818,1.34025,0.08717,223.818,0.0,0.965477,393.263
1200_dose_0.6_gradient_0_VconcST_0.04_Vconc_7.2_run_0.csv,1200.0,0.6,0,7.2,0.04,7.2,0,21.25,229.155,1.31369,0.0892489,229.155,0.0,0.966254,374.206
1200_dose_0.6_gradient_0_VconcST_0.04_Vconc_7.2_run_0.csv,1200.0,0.6,0,7.2,0.04,7.2,0,21.5,234.35,1.28765,0.0912721,234.35,0.0,0.966978,375.671
1200_dose_0.6_gradient_0_VconcST_0.04_Vconc_7.2_run_0.csv,1200.0,0.6,0,7.2,0.04,7.2,0,21.75,239.405,1.26213,0.0932409,239.405,0.0,0.967654,364.905
1200_dose_0.6_gradient_0_VconcST_0.04_Vconc_7.2_run_0.csv,1200.0,0.6,0,7.2,0.04,7.2,0,22.0,244.323,1.23712,0.0951563,244.323,0.0,0.968284,347.238
1200_dose_0.6_gradient_0_VconcST_0.04_Vconc_7.2_run_0.csv,1200.0,0.6,0,7.2,0.04,7.2,0,22.25,249.107,1.2126,0.0970195,249.107,0.0,0.968875,353.767
1200_dose_0.6_gradient_0_VconcST_0.04_Vconc_7.2_run_0.csv,1200.0,0.6,0,7.2,0.04,7.2,0,22.5,253.76,1.18857,0.0988315,253.76,0.0,0.969429,347.065
1200_dose_0.6_gradient_0_VconcST_0.04_Vconc_7.2_run_0.csv,1200.0,0.6,0,7.2,0.04,7.2,0,22.75,258.284,1.16501,0.100594,258.284,0.0,0.969948,349.116
1200_dose_0.6_gradient_0_VconcST_0.04_Vconc_7.2_run_0.csv,1200.0,0.6,0,7.2,0.04,7.2,0,23.0,262.682,1.14192,0.102306,262.682,0.0,0.970437,337.841
1200_dose_0.6_gradient_0_VconcST_0.04_Vconc_7.2_run_0.csv,1200.0,0.6,0,7.2,0.04,7.2,0,23.25,266.957,1.11929,0.103971,266.957,0.0,0.970897,330.835
1200_dose_0.6_gradient_0_VconcST_0.04_Vconc_7.2_run_0.csv,1200.0,0.6,0,7.2,0.04,7.2,0,23.5,271.111,1.09711,0.105589,271.111,0.0,0.971331,318.084
1200_dose_0.6_gradient_0_VconcST_0.04_Vconc_7.2_run_0.csv,1200.0,0.6,0,7.2,0.04,7.2,0,23.75,275.147,1.07536,0.107161,275.147,0.0,0.97174,322.171
1200_dose_0.6_gradient_0_VconcST_0.04_Vconc_7.2_run_0.csv,1200.0,0.6,0,7.2,0.04,7.2,0,24.0,279.068,1.05405,0.108688,279.068,0.0,0.972126,319.44
1200_dose_0.6_gradient_0_VconcST_0.04_Vconc_7.2_run_0.csv,1200.0,0.6,0,7.2,0.04,7.2,0,24.25,282.875,1.03316,0.110171,282.875,0.0,0.972491,313.837
1200_dose_0.6_gradient_0_VconcST_0.04_Vconc_7.2_run_0.csv,1200.0,0.6,0,7.2,0.04,7.2,0,24.5,286.571,1.01269,0.111611,286.571,0.0,0.972836,312.543
1200_dose_0.6_gradient_0_VconcST_0.04_Vconc_7.2_run_0.csv,1200.0,0.6,0,7.2,0.04,7.2,0,24.75,290.159,0.992615,0.113008,290.159,0.0,0.973163,308.146
1200_dose_0.6_gradient_0_VconcST_0.04_Vconc_7.2_run_0.csv,1200.0,0.6,0,7.2,0.04,7.2,0,25.0,293.687,1.57294,0.114382,293.687,0.0,0.973473,300.725
1200_dose_0.6_gradient_0_VconcST_0.04_Vconc_7.2_run_0.csv,1200.0,0.6,0,7.2,0.04,7.2,0,25.25,299.834,1.54177,0.116776,299.834,0.0,0.974003,294.787
1200_dose_0.6_gradient_0_VconcST_0.04_Vconc_7.2_run_0.csv,1200.0,0.6,0,7.2,0.04,7.2,0,25.5,305.814,1.51121,0.119105,305.814,0.0,0.974499,292.264
1200_dose_0.6_gradient_0_VconcST_0.04_Vconc_7.2_run_0.csv,1200.0,0.6,0,7.2,0.04,7.2,0,25.75,311.63,1.48126,0.12137,311.63,0.0,0.974964,283.541
1200_dose_0.6_gradient_0_VconcST_0.04_Vconc_7.2_run_0.csv,1200.0,0.6,0,7.2,0.04,7.2,0,26.0,317.285,1.45191,0.123573,317.285,0.0,0.975399,284.557
1200_dose_0.6_gradient_0_VconcST_0.04_Vconc_7.2_run_0.csv,1200.0,0.6,0,7.2,0.04,7.2,0,26.25,322.784,1.42313,0.125714,322.784,0.0,0.975808,277.439
1200_dose_0.6_gradient_0_VconcST_0.04_Vconc_7.2_run_0.csv,1200.0,0.6,0,7.2,0.04,7.2,0,26.5,328.129,1.39493,0.127796,328.129,0.0,0.976193,275.521
1200_dose_0.6_gradient_0_VconcST_0.04_Vconc_7.2_run_0.csv,1200.0,0.6,0,7.2,0.04,7.2,0,26.75,333.324,1.36728,0.129819,333.324,0.0,0.976556,264.353
1200_dose_0.6_gradient_0_VconcST_0.04_Vconc_7.2_run_0.csv,1200.0,0.6,0,7.2,0.04,7.2,0,27.0,338.371,1.34018,0.131785,338.371,0.0,0.976898,261.92
1200_dose_0.6_gradient_0_VconcST_0.04_Vconc_7.2_run_0.csv,1200.0,0.6,0,7.2,0.04,7.2,0,27.25,343.274,1.31362,0.133695,343.274,0.0,0.977221,260.744
1200_dose_0.6_gradient_0_VconcST_0.04_Vconc_7.2_run_0.csv,1200.0,0.6,0,7.2,0.04,7.2,0,27.5,348.036,1.28759,0.135549,348.036,0.0,0.977525,254.484
1200_dose_0.6_gradient_0_VconcST_0.04_Vconc_7.2_run_0.csv,1200.0,0.6,0,7.2,0.04,7.2,0,27.75,352.66,1.26207,0.13735,352.66,0.0,0.977814,256.402
1200_dose_0.6_gradient_0_VconcST_0.04_Vconc_7.2_run_0.csv,1200.0,0.6,0,7.2,0.04,7.2,0,28.0,357.148,1.23706,0.139098,357.148,0.0,0.978087,250.181
1200_dose_0.6_gradient_0_VconcST_0.04_Vconc_7.2_run_0.csv,1200.0,0.6,0,7.2,0.04,7.2,0,28.25,361.504,1.21254,0.140795,361.504,0.0,0.978345,247.706
1200_dose_0.6_gradient_0_VconcST_0.04_Vconc_7.2_run_0.csv,1200.0,0.6,0,7.2,0.04,7.2,0,28.5,365.73,1.18851,0.142441,365.73,0.0,0.97859,246.411
1200_dose_0.6_gradient_0_VconcST_0.04_Vconc_7.2_run_0.csv,1200.0,0.6,0,7.2,0.04,7.2,0,28.75,369.829,1.16495,0.144037,369.829,0.0,0.978823,242.999
1200_dose_0.6_gradient_0_VconcST_0.04_Vconc_4.8_run_0.csv,1200.0,0.6,0,4.8,0.04,4.8,0,0.0,0.0,0.0,0.0,0.0,0.0,0.0,0.0
1200_dose_0.6_gradient_0_VconcST_0.04_Vconc_4.8_run_0.csv,1200.0,0.6,0,4.8,0.04,4.8,0,0.25,0.0,0.0,0.0,0.0,0.0,0.0,10000.0
1200_dose_0.6_gradient_0_VconcST_0.04_Vconc_4.8_run_0.csv,1200.0,0.6,0,4.8,0.04,4.8,0,0.5,0.0,0.0,0.0,0.0,0.0,0.0,559.865
1200_dose_0.6_gradient_0_VconcST_0.04_Vconc_4.8_run_0.csv,1200.0,0.6,0,4.8,0.04,4.8,0,0.75,0.0,0.0,0.0,0.0,0.0,0.0,10000.0
1200_dose_0.6_gradient_0_VconcST_0.04_Vconc_4.8_run_0.csv,1200.0,0.6,0,4.8,0.04,4.8,0,1.0,0.0,0.0,0.0,0.0,0.0,0.0,570.531
1200_dose_0.6_gradient_0_VconcST_0.04_Vconc_4.8_run_0.csv,1200.0,0.6,0,4.8,0.04,4.8,0,1.25,0.0,0.0,0.0,0.0,0.0,0.0,10000.0
1200_dose_0.6_gradient_0_VconcST_0.04_Vconc_4.8_run_0.csv,1200.0,0.6,0,4.8,0.04,4.8,0,1.5,0.0,0.0,0.0,0.0,0.0,0.0,567.738
1200_dose_0.6_gradient_0_VconcST_0.04_Vconc_4.8_run_0.csv,1200.0,0.6,0,4.8,0.04,4.8,0,1.75,0.0,0.0,0.0,0.0,0.0,0.0,10000.0
1200_dose_0.6_gradient_0_VconcST_0.04_Vconc_4.8_run_0.csv,1200.0,0.6,0,4.8,0.04,4.8,0,2.0,0.0,0.0,0.0,0.0,0.0,0.0,562.779
1200_dose_0.6_gradient_0_VconcST_0.04_Vconc_4.8_run_0.csv,1200.0,0.6,0,4.8,0.04,4.8,0,2.25,0.0,0.0,0.0,0.0,0.0,0.0,10000.0
1200_dose_0.6_gradient_0_VconcST_0.04_Vconc_4.8_run_0.csv,1200.0,0.6,0,4.8,0.04,4.8,0,2.5,0.0,0.0,0.0,0.0,0.0,0.0,573.996
1200_dose_0.6_gradient_0_VconcST_0.04_Vconc_4.8_run_0.csv,1200.0,0.6,0,4.8,0.04,4.8,0,2.75,0.0,0.0,0.0,0.0,0.0,0.0,10000.0
1200_dose_0.6_gradient_0_VconcST_0.04_Vconc_4.8_run_0.csv,1200.0,0.6,0,4.8,0.04,4.8,0,3.0,0.0,0.0,0.0,0.0,0.0,0.0,567.646
1200_dose_0.6_gradient_0_VconcST_0.04_Vconc_4.8_run_0.csv,1200.0,0.6,0,4.8,0.04,4.8,0,3.25,0.0,0.0,0.0,0.0,0.0,0.0,10000.0
1200_dose_0.6_gradient_0_VconcST_0.04_Vconc_4.8_run_0.csv,1200.0,0.6,0,4.8,0.04,4.8,0,3.5,0.0,0.0,0.0,0.0,0.0,0.0,545.097
1200_dose_0.6_gradient_0_VconcST_0.04_Vconc_4.8_run_0.csv,1200.0,0.6,0,4.8,0.04,4.8,0,3.75,0.0,0.0,0.0,0.0,0.0,0.0,10000.0
1200_dose_0.6_gradient_0_VconcST_0.04_Vconc_4.8_run_0.csv,1200.0,0.6,0,4.8,0.04,4.8,0,4.0,0.0,0.0,0.0,0.0,0.0,0.0,568.926
1200_dose_0.6_gradient_0_VconcST_0.04_Vconc_4.8_run_0.csv,1200.0,0.6,0,4.8,0.04,4.8,0,4.25,0.0,0.0,0.0,0.0,0.0,0.0,10000.0
1200_dose_0.6_gradient_0_VconcST_0.04_Vconc_4.8_run_0.csv,1200.0,0.6,0,4.8,0.04,4.8,0,4.5,0.0,0.0,0.0,0.0,0.0,0.0,573.758
1200_dose_0.6_gradient_0_VconcST_0.04_Vconc_4.8_run_0.csv,1200.0,0.6,0,4.8,0.04,4.8,0,4.75,0.0,0.0,0.0,0.0,0.0,0.0,10000.0
1200_dose_0.6_gradient_0_VconcST_0.04_Vconc_4.8_run_0.csv,1200.0,0.6,0,4.8,0.04,4.8,0,5.0,0.0467175,0.6,1.8195e-05,0.0467175,0.0,0.0,565.676
1200_dose_0.6_gradient_0_VconcST_0.04_Vconc_4.8_run_0.csv,1200.0,0.6,0,4.8,0.04,4.8,0,5.25,2.81607,0.588109,0.00109677,2.81607,0.0,0.257227,10000.0
1200_dose_0.6_gradient_0_VconcST_0.04_Vconc_4.8_run_0.csv,1200.0,0.6,0,4.8,0.04,4.8,0,5.5,5.52002,0.576453,0.00214988,5.52002,0.0,0.406329,268.608
1200_dose_0.6_gradient_0_VconcST_0.04_Vconc_4.8_run_0.csv,1200.0,0.6,0,4.8,0.04,4.8,0,5.75,8.15993,0.565028,0.00317804,8.15993,0.0,0.503613,5800.57
1200_dose_0.6_gradient_0_VconcST_0.04_Vconc_4.8_run_0.csv,1200.0,0.6,0,4.8,0.04,4.8,0,6.0,10.7371,0.55383,0.00418176,10.7371,0.0,0.57207,153.069
1200_dose_0.6_gradient_0_VconcST_0.04_Vconc_4.8_run_0.csv,1200.0,0.6,0,4.8,0.04,4.8,0,6.25,13.2528,0.542854,0.00516155,13.2528,0.0,0.622844,4080.11
1200_dose_0.6_gradient_0_VconcST_0.04_Vconc_4.8_run_0.csv,1200.0,0.6,0,4.8,0.04,4.8,0,6.5,15.7083,0.532095,0.00611789,15.7083,0.0,0.661989,111.039
1200_dose_0.6_gradient_0_VconcST_0.04_Vconc_4.8_run_0.csv,1200.0,0.6,0,4.8,0.04,4.8,0,6.75,18.1048,0.521549,0.00705126,18.1048,0.0,0.693079,3318.13
1200_dose_0.6_gradient_0_VconcST_0.04_Vconc_4.8_run_0.csv,1200.0,0.6,0,4.8,0.04,4.8,0,7.0,20.4436,0.511213,0.00796214,20.4436,0.0,0.71836,76.3078
1200_dose_0.6_gradient_0_VconcST_0.04_Vconc_4.8_run_0.csv,1200.0,0.6,0,4.8,0.04,4.8,0,7.25,22.7257,0.501081,0.00885096,22.7257,0.0,0.739313,2679.88
1200_dose_0.6_gradient_0_VconcST_0.04_Vconc_4.8_run_0.csv,1200.0,0.6,0,4.8,0.04,4.8,0,7.5,24.9525,0.49115,0.00971822,24.9525,0.0,0.756956,65.9659
1200_dose_0.6_gradient_0_VconcST_0.04_Vconc_4.8_run_0.csv,1200.0,0.6,0,4.8,0.04,4.8,0,7.75,27.1249,0.481416,0.0105643,27.1249,0.0,0.772009,2276.15
1200_dose_0.6_gradient_0_VconcST_0.04_Vconc_4.8_run_0.csv,1200.0,0.6,0,4.8,0.04,4.8,0,8.0,29.2443,0.471875,0.0113897,29.2443,0.0,0.785,56.2167
1200_dose_0.6_gradient_0_VconcST_0.04_Vconc_4.8_run_0.csv,1200.0,0.6,0,4.8,0.04,4.8,0,8.25,31.3115,0.462523,0.0121949,31.3115,0.0,0.796321,1924.96
1200_dose_0.6_gradient_0_VconcST_0.04_Vconc_4.8_run_0.csv,1200.0,0.6,0,4.8,0.04,4.8,0,8.5,33.3277,0.453357,0.0129801,33.3277,0.0,0.80627,486.85
1200_dose_0.6_gradient_0_VconcST_0.04_Vconc_4.8_run_0.csv,1200.0,0.6,0,4.8,0.04,4.8,0,8.75,35.2939,0.444372,0.0137459,35.2939,0.0,0.815078,1151.07
1200_dose_0.6_gradient_0_VconcST_0.04_Vconc_4.8_run_0.csv,1200.0,0.6,0,4.8,0.04,4.8,0,9.0,37.2113,0.435565,0.0144926,37.2113,0.0,0.822929,1101.35
1200_dose_0.6_gradient_0_VconcST_0.04_Vconc_4.8_run_0.csv,1200.0,0.6,0,4.8,0.04,4.8,0,9.25,39.0807,0.426932,0.0152207,39.0807,0.0,0.829968,896.415
1200_dose_0.6_gradient_0_VconcST_0.04_Vconc_4.8_run_0.csv,1200.0,0.6,0,4.8,0.04,4.8,0,9.5,40.9032,0.418471,0.0159305,40.9032,0.0,0.836311,1200.17
1200_dose_0.6_gradient_0_VconcST_0.04_Vconc_4.8_run_0.csv,1200.0,0.6,0,4.8,0.04,4.8,0,9.75,42.6797,0.410177,0.0166224,42.6797,0.00447917,0.842055,1339.17
1200_dose_0.6_gradient_0_VconcST_0.04_Vconc_4.8_run_0.csv,1200.0,0.6,0,4.8,0.04,4.8,0,10.0,44.4579,1.00205,0.017315,44.4579,0.0342188,0.847278,1560.6
1200_dose_0.6_gradient_0_VconcST_0.04_Vconc_4.8_run_0.csv,1200.0,0.6,0,4.8,0.04,4.8,0,10.25,48.9146,0.982189,0.0190507,48.9146,0.0969792,0.859257,1447.36
1200_dose_0.6_gradient_0_VconcST_0.04_Vconc_4.8_run_0.csv,1200.0,0.6,0,4.8,0.04,4.8,0,10.5,53.2628,0.962723,0.0207442,53.2628,0.173177,0.869262,1247.67
1200_dose_0.6_gradient_0_VconcST_0.04_Vconc_4.8_run_0.csv,1200.0,0.6,0,4.8,0.04,4.8,0,10.75,57.5047,0.943643,0.0223963,57.5047,0.0,0.877741,1023.84
1200_dose_0.6_gradient_0_VconcST_0.04_Vconc_4.8_run_0.csv,1200.0,0.6,0,4.8,0.04,4.8,0,11.0,61.6424,0.924941,0.0240078,61.6424,0.0,0.885015,866.366
1200_dose_0.6_gradient_0_VconcST_0.04_Vconc_4.8_run_0.csv,1200.0,0.6,0,4.8,0.04,4.8,0,11.25,65.678,0.90661,0.0255796,65.678,0.0,0.891321,761.653
1200_dose_0.6_gradient_0_VconcST_0.04_Vconc_4.8_run_0.csv,1200.0,0.6,0,4.8,0.04,4.8,0,11.5,69.6138,0.888642,0.0271124,69.6138,0.0,0.896839,695.206
1200_dose_0.6_gradient_0_VconcST_0.04_Vconc_4.8_run_0.csv,1200.0,0.6,0,4.8,0.04,4.8,0,11.75,73.4517,0.87103,0.0286072,73.4517,0.0,0.901706,670.05
1200_dose_0.6_gradient_0_VconcST_0.04_Vconc_4.8_run_0.csv,1200.0,0.6,0,4.8,0.04,4.8,0,12.0,77.1937,0.853767,0.0300646,77.1937,0.0,0.906028,656.086
1200_dose_0.6_gradient_0_VconcST_0.04_Vconc_4.8_run_0.csv,1200.0,0.6,0,4.8,0.04,4.8,0,12.25,80.8419,0.836847,0.0314854,80.8419,0.0,0.909891,620.748
1200_dose_0.6_gradient_0_VconcST_0.04_Vconc_4.8_run_0.csv,1200.0,0.6,0,4.8,0.04,4.8,0,12.5,84.3981,0.820261,0.0328705,84.3981,0.0,0.913363,617.222
1200_dose_0.6_gradient_0_VconcST_0.04_Vconc_4.8_run_0.csv,1200.0,0.6,0,4.8,0.04,4.8,0,12.75,87.8643,0.804005,0.0342204,87.8643,0.0,0.916499,588.618
1200_dose_0.6_gradient_0_VconcST_0.04_Vconc_4.8_run_0.csv,1200.0,0.6,0,4.8,0.04,4.8,0,13.0,91.2423,0.78807,0.0355361,91.2423,0.0,0.919344,549.253
1200_dose_0.6_gradient_0_VconcST_0.04_Vconc_4.8_run_0.csv,1200.0,0.6,0,4.8,0.04,4.8,0,13.25,94.534,0.772451,0.0368181,94.534,0.0,0.921936,550.402
1200_dose_0.6_gradient_0_VconcST_0.04_Vconc_4.8_run_0.csv,1200.0,0.6,0,4.8,0.04,4.8,0,13.5,97.7411,0.757142,0.0380671,97.7411,0.0,0.924306,527.297
1200_dose_0.6_gradient_0_VconcST_0.04_Vconc_4.8_run_0.csv,1200.0,0.6,0,4.8,0.04,4.8,0,13.75,100.865,0.742136,0.0392839,100.865,0.0,0.92648,520.179
1200_dose_0.6_gradient_0_VconcST_0.04_Vconc_4.8_run_0.csv,1200.0,0.6,0,4.8,0.04,4.8,0,14.0,103.908,0.727428,0.0404691,103.908,0.0,0.928481,521.482
1200_dose_0.6_gradient_0_VconcST_0.04_Vconc_4.8_run_0.csv,1200.0,0.6,0,4.8,0.04,4.8,0,14.25,106.872,0.713012,0.0416234,106.872,0.0,0.930328,505.316
1200_dose_0.6_gradient_0_VconcST_0.04_Vconc_4.8_run_0.csv,1200.0,0.6,0,4.8,0.04,4.8,0,14.5,109.758,0.69888,0.0427474,109.758,0.0,0.932037,495.687
1200_dose_0.6_gradient_0_VconcST_0.04_Vconc_4.8_run_0.csv,1200.0,0.6,0,4.8,0.04,4.8,0,14.75,112.568,0.68503,0.0438417,112.568,0.0,0.933622,482.644
1200_dose_0.6_gradient_0_VconcST_0.04_Vconc_4.8_run_0.csv,1200.0,0.6,0,4.8,0.04,4.8,0,15.0,115.35,1.27145,0.0449251,115.35,0.0,0.935095,478.565
1200_dose_0.6_gradient_0_VconcST_0.04_Vconc_4.8_run_0.csv,1200.0,0.6,0,4.8,0.04,4.8,0,15.25,120.781,1.24625,0.0470405,120.781,0.0,0.937836,459.588
1200_dose_0.6_gradient_0_VconcST_0.04_Vconc_4.8_run_0.csv,1200.0,0.6,0,4.8,0.04,4.8,0,15.5,126.076,1.22156,0.0491026,126.076,0.0,0.940293,436.767
1200_dose_0.6_gradient_0_VconcST_0.04_Vconc_4.8_run_0.csv,1200.0,0.6,0,4.8,0.04,4.8,0,15.75,131.236,1.19735,0.0511125,131.236,0.0,0.942509,412.941
1200_dose_0.6_gradient_0_VconcST_0.04_Vconc_4.8_run_0.csv,1200.0,0.6,0,4.8,0.04,4.8,0,16.0,136.265,1.17361,0.0530712,136.265,0.0,0.944515,415.962
1200_dose_0.6_gradient_0_VconcST_0.04_Vconc_4.8_run_0.csv,1200.0,0.6,0,4.8,0.04,4.8,0,16.25,141.166,1.15036,0.0549798,141.166,0.0,0.946339,394.601
1200_dose_0.6_gradient_0_VconcST_0.04_Vconc_4.8_run_0.csv,1200.0,0.6,0,4.8,0.04,4.8,0,16.5,145.941,1.12756,0.0568394,145.941,0.0,0.948005,393.983
1200_dose_0.6_gradient_0_VconcST_0.04_Vconc_4.8_run_0.csv,1200.0,0.6,0,4.8,0.04,4.8,0,16.75,150.592,1.10521,0.0586509,150.592,0.0,0.949532,365.743
1200_dose_0.6_gradient_0_VconcST_0.04_Vconc_4.8_run_0.csv,1200.0,0.6,0,4.8,0.04,4.8,0,17.0,155.123,1.08331,0.0604154,155.123,0.0,0.950935,367.039
1200_dose_0.6_gradient_0_VconcST_0.04_Vconc_4.8_run_0.csv,1200.0,0.6,0,4.8,0.04,4.8,0,17.25,159.535,1.06184,0.0621338,159.535,0.0,0.952228,354.757
1200_dose_0.6_gradient_0_VconcST_0.04_Vconc_4.8_run_0.csv,1200.0,0.6,0,4.8,0.04,4.8,0,17.5,163.831,1.04079,0.0638071,163.831,0.0,0.953424,352.439
1200_dose_0.6_gradient_0_VconcST_0.04_Vconc_4.8_run_0.csv,1200.0,0.6,0,4.8,0.04,4.8,0,17.75,168.014,1.02017,0.0654363,168.014,0.0,0.954531,343.843
1200_dose_0.6_gradient_0_VconcST_0.04_Vconc_4.8_run_0.csv,1200.0,0.6,0,4.8,0.04,4.8,0,18.0,172.086,0.999947,0.0670221,172.086,0.0,0.95556,329.63
1200_dose_0.6_gradient_0_VconcST_0.04_Vconc_4.8_run_0.csv,1200.0,0.6,0,4.8,0.04,4.8,0,18.25,176.049,0.980129,0.0685656,176.049,0.0,0.956518,324.999
1200_dose_0.6_gradient_0_VconcST_0.04_Vconc_4.8_run_0.csv,1200.0,0.6,0,4.8,0.04,4.8,0,18.5,179.906,0.960704,0.0700677,179.906,0.0,0.957411,320.385
1200_dose_0.6_gradient_0_VconcST_0.04_Vconc_4.8_run_0.csv,1200.0,0.6,0,4.8,0.04,4.8,0,18.75,183.658,0.941664,0.0715291,183.658,0.0,0.958246,315.682
1200_dose_0.6_gradient_0_VconcST_0.04_Vconc_4.8_run_0.csv,1200.0,0.6,0,4.8,0.04,4.8,0,19.0,187.308,0.923002,0.0729507,187.308,0.0,0.959027,306.271
1200_dose_0.6_gradient_0_VconcST_0.04_Vconc_4.8_run_0.csv,1200.0,0.6,0,4.8,0.04,4.8,0,19.25,190.858,0.904709,0.0743334,190.858,0.0,0.959759,306.696
1200_dose_0.6_gradient_0_VconcST_0.04_Vconc_4.8_run_0.csv,1200.0,0.6,0,4.8,0.04,4.8,0,19.5,194.311,0.886779,0.075678,194.311,0.0,0.960446,293.289
1200_dose_0.6_gradient_0_VconcST_0.04_Vconc_4.8_run_0.csv,1200.0,0.6,0,4.8,0.04,4.8,0,19.75,197.667,0.869204,0.0769853,197.667,0.0,0.961092,302.656
1200_dose_0.6_gradient_0_VconcST_0.04_Vconc_4.8_run_0.csv,1200.0,0.6,0,4.8,0.04,4.8,0,20.0,200.977,1.45198,0.0782741,200.977,0.0,0.9617,289.417
1200_dose_0.6_gradient_0_VconcST_0.04_Vconc_4.8_run_0.csv,1200.0,0.6,0,4.8,0.04,4.8,0,20.25,206.917,1.4232,0.0805876,206.917,0.0,0.962759,285.788
1200_dose_0.6_gradient_0_VconcST_0.04_Vconc_4.8_run_0.csv,1200.0,0.6,0,4.8,0.04,4.8,0,20.5,212.701,1.39499,0.0828406,212.701,0.0,0.963736,278.808
1200_dose_0.6_gradient_0_VconcST_0.04_Vconc_4.8_run_0.csv,1200.0,0.6,0,4.8,0.04,4.8,0,20.75,218.334,1.36735,0.0850343,218.334,0.0,0.96464,270.81
1200_dose_0.6_gradient_0_VconcST_0.04_Vconc_4.8_run_0.csv,1200.0,0.6,0,4.8,0.04,4.8,0,21.0,223.818,1.34025,0.08717,223.818,0.0,0.965477,263.719
1200_dose_0.6_gradient_0_VconcST_0.04_Vconc_4.8_run_0.csv,1200.0,0.6,0,4.8,0.04,4.8,0,21.25,229.155,1.31369,0.0892489,229.155,0.0,0.966254,265.008
1200_dose_0.6_gradient_0_VconcST_0.04_Vconc_4.8_run_0.csv,1200.0,0.6,0,4.8,0.04,4.8,0,21.5,234.35,1.28765,0.0912721,234.35,0.0,0.966978,257.327
1200_dose_0.6_gradient_0_VconcST_0.04_Vconc_4.8_run_0.csv,1200.0,0.6,0,4.8,0.04,4.8,0,21.75,239.405,1.26213,0.0932409,239.405,0.0,0.967654,250.951
1200_dose_0.6_gradient_0_VconcST_0.04_Vconc_4.8_run_0.csv,1200.0,0.6,0,4.8,0.04,4.8,0,22.0,244.323,1.23712,0.0951563,244.323,0.0,0.968284,245.746
1200_dose_0.6_gradient_0_VconcST_0.04_Vconc_4.8_run_0.csv,1200.0,0.6,0,4.8,0.04,4.8,0,22.25,249.107,1.2126,0.0970195,249.107,0.0,0.968875,244.796
1200_dose_0.6_gradient_0_VconcST_0.04_Vconc_4.8_run_0.csv,1200.0,0.6,0,4.8,0.04,4.8,0,22.5,253.76,1.18857,0.0988315,253.76,0.0,0.969429,233.883
1200_dose_0.6_gradient_0_VconcST_0.04_Vconc_4.8_run_0.csv,1200.0,0.6,0,4.8,0.04,4.8,0,22.75,258.284,1.16501,0.100594,258.284,0.0,0.969948,233.698
1200_dose_0.6_gradient_0_VconcST_0.04_Vconc_4.8_run_0.csv,1200.0,0.6,0,4.8,0.04,4.8,0,23.0,262.682,1.14192,0.102306,262.682,0.0,0.970437,223.804
1200_dose_0.6_gradient_0_VconcST_0.04_Vconc_4.8_run_0.csv,1200.0,0.6,0,4.8,0.04,4.8,0,23.25,266.957,1.11929,0.103971,266.957,0.0,0.970897,226.481
1200_dose_0.6_gradient_0_VconcST_0.04_Vconc_4.8_run_0.csv,1200.0,0.6,0,4.8,0.04,4.8,0,23.5,271.111,1.09711,0.105589,271.111,0.0,0.971331,219.344
1200_dose_0.6_gradient_0_VconcST_0.04_Vconc_4.8_run_0.csv,1200.0,0.6,0,4.8,0.04,4.8,0,23.75,275.147,1.07536,0.107161,275.147,0.0,0.97174,215.016
1200_dose_0.6_gradient_0_VconcST_0.04_Vconc_4.8_run_0.csv,1200.0,0.6,0,4.8,0.04,4.8,0,24.0,279.068,1.05405,0.108688,279.068,0.0,0.972126,213.733
1200_dose_0.6_gradient_0_VconcST_0.04_Vconc_4.8_run_0.csv,1200.0,0.6,0,4.8,0.04,4.8,0,24.25,282.875,1.03316,0.110171,282.875,0.0,0.972491,211.196
1200_dose_0.6_gradient_0_VconcST_0.04_Vconc_4.8_run_0.csv,1200.0,0.6,0,4.8,0.04,4.8,0,24.5,286.571,1.01269,0.111611,286.571,0.0,0.972836,210.958
1200_dose_0.6_gradient_0_VconcST_0.04_Vconc_4.8_run_0.csv,1200.0,0.6,0,4.8,0.04,4.8,0,24.75,290.159,0.992615,0.113008,290.159,0.0,0.973163,210.705
1200_dose_0.6_gradient_0_VconcST_0.04_Vconc_4.8_run_0.csv,1200.0,0.6,0,4.8,0.04,4.8,0,25.0,293.687,1.57294,0.114382,293.687,0.0,0.973473,205.763
1200_dose_0.6_gradient_0_VconcST_0.04_Vconc_4.8_run_0.csv,1200.0,0.6,0,4.8,0.04,4.8,0,25.25,299.834,1.54177,0.116776,299.834,0.0,0.974003,201.432
1200_dose_0.6_gradient_0_VconcST_0.04_Vconc_4.8_run_0.csv,1200.0,0.6,0,4.8,0.04,4.8,0,25.5,305.814,1.51121,0.119105,305.814,0.0,0.974499,197.858
1200_dose_0.6_gradient_0_VconcST_0.04_Vconc_4.8_run_0.csv,1200.0,0.6,0,4.8,0.04,4.8,0,25.75,311.63,1.48126,0.12137,311.63,0.0,0.974964,197.055
1200_dose_0.6_gradient_0_VconcST_0.04_Vconc_4.8_run_0.csv,1200.0,0.6,0,4.8,0.04,4.8,0,26.0,317.285,1.45191,0.123573,317.285,0.0,0.975399,192.44
1200_dose_0.6_gradient_0_VconcST_0.04_Vconc_4.8_run_0.csv,1200.0,0.6,0,4.8,0.04,4.8,0,26.25,322.784,1.42313,0.125714,322.784,0.0,0.975808,186.146
1200_dose_0.6_gradient_0_VconcST_0.04_Vconc_4.8_run_0.csv,1200.0,0.6,0,4.8,0.04,4.8,0,26.5,328.129,1.39493,0.127796,328.129,0.0,0.976193,185.335
1200_dose_0.6_gradient_0_VconcST_0.04_Vconc_4.8_run_0.csv,1200.0,0.6,0,4.8,0.04,4.8,0,26.75,333.324,1.36728,0.129819,333.324,0.0,0.976556,180.549
1200_dose_0.6_gradient_0_VconcST_0.04_Vconc_4.8_run_0.csv,1200.0,0.6,0,4.8,0.04,4.8,0,27.0,338.371,1.34018,0.131785,338.371,0.0,0.976898,182.38
1200_dose_0.6_gradient_0_VconcST_0.04_Vconc_4.8_run_0.csv,1200.0,0.6,0,4.8,0.04,4.8,0,27.25,343.274,1.31362,0.133695,343.274,0.0,0.977221,177.31
1200_dose_0.6_gradient_0_VconcST_0.04_Vconc_4.8_run_0.csv,1200.0,0.6,0,4.8,0.04,4.8,0,27.5,348.036,1.28759,0.135549,348.036,0.0,0.977525,173.364
1200_dose_0.6_gradient_0_VconcST_0.04_Vconc_4.8_run_0.csv,1200.0,0.6,0,4.8,0.04,4.8,0,27.75,352.66,1.26207,0.13735,352.66,0.0,0.977814,170.469
1200_dose_0.6_gradient_0_VconcST_0.04_Vconc_4.8_run_0.csv,1200.0,0.6,0,4.8,0.04,4.8,0,28.0,357.148,1.23706,0.139098,357.148,0.0,0.978087,169.975
1200_dose_0.6_gradient_0_VconcST_0.04_Vconc_4.8_run_0.csv,1200.0,0.6,0,4.8,0.04,4.8,0,28.25,361.504,1.21254,0.140795,361.504,0.0,0.978345,170.026
1200_dose_0.6_gradient_0_VconcST_0.04_Vconc_4.8_run_0.csv,1200.0,0.6,0,4.8,0.04,4.8,0,28.5,365.73,1.18851,0.142441,365.73,0.0,0.97859,168.327
1200_dose_0.6_gradient_0_VconcST_0.04_Vconc_4.8_run_0.csv,1200.0,0.6,0,4.8,0.04,4.8,0,28.75,369.829,1.16495,0.144037,369.829,0.0,0.978823,164.8
1200_dose_0.6_gradient_0_VconcST_0.04_Vconc_2.4_run_0.csv,1200.0,0.6,0,2.4,0.04,2.4,0,0.0,0.0,0.0,0.0,0.0,0.0,0.0,0.0
1200_dose_0.6_gradient_0_VconcST_0.04_Vconc_2.4_run_0.csv,1200.0,0.6,0,2.4,0.04,2.4,0,0.25,0.0,0.0,0.0,0.0,0.0,0.0,5890.42
1200_dose_0.6_gradient_0_VconcST_0.04_Vconc_2.4_run_0.csv,1200.0,0.6,0,2.4,0.04,2.4,0,0.5,0.0,0.0,0.0,0.0,0.0,0.0,185.534
1200_dose_0.6_gradient_0_VconcST_0.04_Vconc_2.4_run_0.csv,1200.0,0.6,0,2.4,0.04,2.4,0,0.75,0.0,0.0,0.0,0.0,0.0,0.0,5639.35
1200_dose_0.6_gradient_0_VconcST_0.04_Vconc_2.4_run_0.csv,1200.0,0.6,0,2.4,0.04,2.4,0,1.0,0.0,0.0,0.0,0.0,0.0,0.0,189.051
1200_dose_0.6_gradient_0_VconcST_0.04_Vconc_2.4_run_0.csv,1200.0,0.6,0,2.4,0.04,2.4,0,1.25,0.0,0.0,0.0,0.0,0.000577257,0.0,5756.55
1200_dose_0.6_gradient_0_VconcST_0.04_Vconc_2.4_run_0.csv,1200.0,0.6,0,2.4,0.04,2.4,0,1.5,0.0,0.0,0.0,0.0,0.0,0.0,187.101
1200_dose_0.6_gradient_0_VconcST_0.04_Vconc_2.4_run_0.csv,1200.0,0.6,0,2.4,0.04,2.4,0,1.75,0.0,0.0,0.0,0.0,0.0,0.0,5824.6
1200_dose_0.6_gradient_0_VconcST_0.04_Vconc_2.4_run_0.csv,1200.0,0.6,0,2.4,0.04,2.4,0,2.0,0.0,0.0,0.0,0.0,0.0,0.0,188.761
1200_dose_0.6_gradient_0_VconcST_0.04_Vconc_2.4_run_0.csv,1200.0,0.6,0,2.4,0.04,2.4,0,2.25,0.0,0.0,0.0,0.0,0.0,0.0,5404.7
1200_dose_0.6_gradient_0_VconcST_0.04_Vconc_2.4_run_0.csv,1200.0,0.6,0,2.4,0.04,2.4,0,2.5,0.0,0.0,0.0,0.0,0.0,0.0,183.194
1200_dose_0.6_gradient_0_VconcST_0.04_Vconc_2.4_run_0.csv,1200.0,0.6,0,2.4,0.04,2.4,0,2.75,0.0,0.0,0.0,0.0,0.00127821,0.0,5842.19
1200_dose_0.6_gradient_0_VconcST_0.04_Vconc_2.4_run_0.csv,1200.0,0.6,0,2.4,0.04,2.4,0,3.0,0.0,0.0,0.0,0.0,0.0,0.0,177.49
1200_dose_0.6_gradient_0_VconcST_0.04_Vconc_2.4_run_0.csv,1200.0,0.6,0,2.4,0.04,2.4,0,3.25,0.0,0.0,0.0,0.0,0.00119575,0.0,5675.39
1200_dose_0.6_gradient_0_VconcST_0.04_Vconc_2.4_run_0.csv,1200.0,0.6,0,2.4,0.04,2.4,0,3.5,0.0,0.0,0.0,0.0,0.0,0.0,181.563
1200_dose_0.6_gradient_0_VconcST_0.04_Vconc_2.4_run_0.csv,1200.0,0.6,0,2.4,0.04,2.4,0,3.75,0.0,0.0,0.0,0.0,0.00115451,0.0,5676.89
1200_dose_0.6_gradient_0_VconcST_0.04_Vconc_2.4_run_0.csv,1200.0,0.6,0,2.4,0.04,2.4,0,4.0,0.0,0.0,0.0,0.0,0.0,0.0,173.8
1200_dose_0.6_gradient_0_VconcST_0.04_Vconc_2.4_run_0.csv,1200.0,0.6,0,2.4,0.04,2.4,0,4.25,0.0,0.0,0.0,0.0,0.00119575,0.0,5692.26
1200_dose_0.6_gradient_0_VconcST_0.04_Vconc_2.4_run_0.csv,1200.0,0.6,0,2.4,0.04,2.4,0,4.5,0.0,0.0,0.0,0.0,0.0,0.0,187.336
1200_dose_0.6_gradient_0_VconcST_0.04_Vconc_2.4_run_0.csv,1200.0,0.6,0,2.4,0.04,2.4,0,4.75,0.0,0.0,0.0,0.0,0.000948351,0.0,5740.75
1200_dose_0.6_gradient_0_VconcST_0.04_Vconc_2.4_run_0.csv,1200.0,0.6,0,2.4,0.04,2.4,0,5.0,0.0467175,0.6,1.8195e-05,0.0467175,0.0,0.0,174.191
1200_dose_0.6_gradient_0_VconcST_0.04_Vconc_2.4_run_0.csv,1200.0,0.6,0,2.4,0.04,2.4,0,5.25,2.81607,0.588109,0.00109677,2.81607,0.0,0.257227,4232.54
1200_dose_0.6_gradient_0_VconcST_0.04_Vconc_2.4_run_0.csv,1200.0,0.6,0,2.4,0.04,2.4,0,5.5,5.52002,0.576453,0.00214988,5.52002,0.0,0.406329,92.4303
1200_dose_0.6_gradient_0_VconcST_0.04_Vconc_2.4_run_0.csv,1200.0,0.6,0,2.4,0.04,2.4,0,5.75,8.15993,0.565028,0.00317804,8.15993,0.0,0.503613,2539.85
1200_dose_0.6_gradient_0_VconcST_0.04_Vconc_2.4_run_0.csv,1200.0,0.6,0,2.4,0.04,2.4,0,6.0,10.7371,0.55383,0.00418176,10.7371,0.0,0.57207,53.6224
1200_dose_0.6_gradient_0_VconcST_0.04_Vconc_2.4_run_0.csv,1200.0,0.6,0,2.4,0.04,2.4,0,6.25,13.2528,0.542854,0.00516155,13.2528,0.0,0.622844,1816.14
1200_dose_0.6_gradient_0_VconcST_0.04_Vconc_2.4_run_0.csv,1200.0,0.6,0,2.4,0.04,2.4,0,6.5,15.7083,0.532095,0.00611789,15.7083,0.0,0.661989,585.335
1200_dose_0.6_gradient_0_VconcST_0.04_Vconc_2.4_run_0.csv,1200.0,0.6,0,2.4,0.04,2.4,0,6.75,18.1048,0.521549,0.00705126,18.1048,0.0,0.693079,946.851
1200_dose_0.6_gradient_0_VconcST_0.04_Vconc_2.4_run_0.csv,1200.0,0.6,0,2.4,0.04,2.4,0,7.0,20.4436,0.511213,0.00796214,20.4436,0.0,0.71836,920.182
1200_dose_0.6_gradient_0_VconcST_0.04_Vconc_2.4_run_0.csv,1200.0,0.6,0,2.4,0.04,2.4,0,7.25,22.7257,0.501081,0.00885096,22.7257,0.0,0.739313,798.018
1200_dose_0.6_gradient_0_VconcST_0.04_Vconc_2.4_run_0.csv,1200.0,0.6,0,2.4,0.04,2.4,0,7.5,24.9525,0.49115,0.00971822,24.9525,0.0,0.756956,798.598
1200_dose_0.6_gradient_0_VconcST_0.04_Vconc_2.4_run_0.csv,1200.0,0.6,0,2.4,0.04,2.4,0,7.75,27.1249,0.481416,0.0105643,27.1249,0.0,0.772009,755.436
1200_dose_0.6_gradient_0_VconcST_0.04_Vconc_2.4_run_0.csv,1200.0,0.6,0,2.4,0.04,2.4,0,8.0,29.2443,0.471875,0.0113897,29.2443,0.0,0.785,726.049
1200_dose_0.6_gradient_0_VconcST_0.04_Vconc_2.4_run_0.csv,1200.0,0.6,0,2.4,0.04,2.4,0,8.25,31.3115,0.462523,0.0121949,31.3115,0.0,0.796321,665.538
1200_dose_0.6_gradient_0_VconcST_0.04_Vconc_2.4_run_0.csv,1200.0,0.6,0,2.4,0.04,2.4,0,8.5,33.3277,0.453357,0.0129801,33.3277,0.0,0.80627,651.702
1200_dose_0.6_gradient_0_VconcST_0.04_Vconc_2.4_run_0.csv,1200.0,0.6,0,2.4,0.04,2.4,0,8.75,35.2939,0.444372,0.0137459,35.2939,0.0,0.815078,615.812
1200_dose_0.6_gradient_0_VconcST_0.04_Vconc_2.4_run_0.csv,1200.0,0.6,0,2.4,0.04,2.4,0,9.0,37.2113,0.435565,0.0144926,37.2113,0.0,0.822929,617.377
1200_dose_0.6_gradient_0_VconcST_0.04_Vconc_2.4_run_0.csv,1200.0,0.6,0,2.4,0.04,2.4,0,9.25,39.0807,0.426932,0.0152207,39.0807,0.0,0.829968,587.349
1200_dose_0.6_gradient_0_VconcST_0.04_Vconc_2.4_run_0.csv,1200.0,0.6,0,2.4,0.04,2.4,0,9.5,40.9032,0.418471,0.0159305,40.9032,0.0,0.836311,592.608
1200_dose_0.6_gradient_0_VconcST_0.04_Vconc_2.4_run_0.csv,1200.0,0.6,0,2.4,0.04,2.4,0,9.75,42.6797,0.410177,0.0166224,42.6797,0.0,0.842055,559.719
1200_dose_0.6_gradient_0_VconcST_0.04_Vconc_2.4_run_0.csv,1200.0,0.6,0,2.4,0.04,2.4,0,10.0,44.4579,1.00205,0.017315,44.4579,0.0,0.847278,540.416
1200_dose_0.6_gradient_0_VconcST_0.04_Vconc_2.4_run_0.csv,1200.0,0.6,0,2.4,0.04,2.4,0,10.25,48.9146,0.982189,0.0190507,48.9146,0.0,0.859257,511.69
1200_dose_0.6_gradient_0_VconcST_0.04_Vconc_2.4_run_0.csv,1200.0,0.6,0,2.4,0.04,2.4,0,10.5,53.2628,0.962723,0.0207442,53.2628,0.0,0.869262,476.087
1200_dose_0.6_gradient_0_VconcST_0.04_Vconc_2.4_run_0.csv,1200.0,0.6,0,2.4,0.04,2.4,0,10.75,57.5047,0.943643,0.0223963,57.5047,0.0,0.877741,447.694
1200_dose_0.6_gradient_0_VconcST_0.04_Vconc_2.4_run_0.csv,1200.0,0.6,0,2.4,0.04,2.4,0,11.0,61.6424,0.924941,0.0240078,61.6424,0.0,0.885015,433.397
1200_dose_0.6_gradient_0_VconcST_0.04_Vconc_2.4_run_0.csv,1200.0,0.6,0,2.4,0.04,2.4,0,11.25,65.678,0.90661,0.0255796,65.678,0.0,0.891321,413.74
1200_dose_0.6_gradient_0_VconcST_0.04_Vconc_2.4_run_0.csv,1200.0,0.6,0,2.4,0.04,2.4,0,11.5,69.6138,0.888642,0.0271124,69.6138,0.0,0.896839,381.268
1200_dose_0.6_gradient_0_VconcST_0.04_Vconc_2.4_run_0.csv,1200.0,0.6,0,2.4,0.04,2.4,0,11.75,73.4517,0.87103,0.0286072,73.4517,0.0,0.901706,367.757
1200_dose_0.6_gradient_0_VconcST_0.04_Vconc_2.4_run_0.csv,1200.0,0.6,0,2.4,0.04,2.4,0,12.0,77.1937,0.853767,0.0300646,77.1937,0.0,0.906028,355.791
1200_dose_0.6_gradient_0_VconcST_0.04_Vconc_2.4_run_0.csv,1200.0,0.6,0,2.4,0.04,2.4,0,12.25,80.8419,0.836847,0.0314854,80.8419,0.0,0.909891,342.629
1200_dose_0.6_gradient_0_VconcST_0.04_Vconc_2.4_run_0.csv,1200.0,0.6,0,2.4,0.04,2.4,0,12.5,84.3981,0.820261,0.0328705,84.3981,0.0,0.913363,322.0
1200_dose_0.6_gradient_0_VconcST_0.04_Vconc_2.4_run_0.csv,1200.0,0.6,0,2.4,0.04,2.4,0,12.75,87.8643,0.804005,0.0342204,87.8643,0.0,0.916499,322.414
1200_dose_0.6_gradient_0_VconcST_0.04_Vconc_2.4_run_0.csv,1200.0,0.6,0,2.4,0.04,2.4,0,13.0,91.2423,0.78807,0.0355361,91.2423,0.0,0.919344,306.606
1200_dose_0.6_gradient_0_VconcST_0.04_Vconc_2.4_run_0.csv,1200.0,0.6,0,2.4,0.04,2.4,0,13.25,94.534,0.772451,0.0368181,94.534,0.0,0.921936,294.383
1200_dose_0.6_gradient_0_VconcST_0.04_Vconc_2.4_run_0.csv,1200.0,0.6,0,2.4,0.04,2.4,0,13.5,97.7411,0.757142,0.0380671,97.7411,0.0,0.924306,286.213
1200_dose_0.6_gradient_0_VconcST_0.04_Vconc_2.4_run_0.csv,1200.0,0.6,0,2.4,0.04,2.4,0,13.75,100.865,0.742136,0.0392839,100.865,0.0,0.92648,281.614
1200_dose_0.6_gradient_0_VconcST_0.04_Vconc_2.4_run_0.csv,1200.0,0.6,0,2.4,0.04,2.4,0,14.0,103.908,0.727428,0.0404691,103.908,0.0,0.928481,271.85
1200_dose_0.6_gradient_0_VconcST_0.04_Vconc_2.4_run_0.csv,1200.0,0.6,0,2.4,0.04,2.4,0,14.25,106.872,0.713012,0.0416234,106.872,0.0,0.930328,267.299
1200_dose_0.6_gradient_0_VconcST_0.04_Vconc_2.4_run_0.csv,1200.0,0.6,0,2.4,0.04,2.4,0,14.5,109.758,0.69888,0.0427474,109.758,0.0,0.932037,263.616
1200_dose_0.6_gradient_0_VconcST_0.04_Vconc_2.4_run_0.csv,1200.0,0.6,0,2.4,0.04,2.4,0,14.75,112.568,0.68503,0.0438417,112.568,0.0,0.933622,252.702
1200_dose_0.6_gradient_0_VconcST_0.04_Vconc_2.4_run_0.csv,1200.0,0.6,0,2.4,0.04,2.4,0,15.0,115.35,1.27145,0.0449251,115.35,0.0,0.935095,242.286
1200_dose_0.6_gradient_0_VconcST_0.04_Vconc_2.4_run_0.csv,1200.0,0.6,0,2.4,0.04,2.4,0,15.25,120.781,1.24625,0.0470405,120.781,0.0,0.937836,240.87
1200_dose_0.6_gradient_0_VconcST_0.04_Vconc_2.4_run_0.csv,1200.0,0.6,0,2.4,0.04,2.4,0,15.5,126.076,1.22156,0.0491026,126.076,0.0,0.940293,235.825
1200_dose_0.6_gradient_0_VconcST_0.04_Vconc_2.4_run_0.csv,1200.0,0.6,0,2.4,0.04,2.4,0,15.75,131.236,1.19735,0.0511125,131.236,0.0,0.942509,224.516
1200_dose_0.6_gradient_0_VconcST_0.04_Vconc_2.4_run_0.csv,1200.0,0.6,0,2.4,0.04,2.4,0,16.0,136.265,1.17361,0.0530712,136.265,0.0,0.944515,215.97
1200_dose_0.6_gradient_0_VconcST_0.04_Vconc_2.4_run_0.csv,1200.0,0.6,0,2.4,0.04,2.4,0,16.25,141.166,1.15036,0.0549798,141.166,0.0,0.946339,207.892
1200_dose_0.6_gradient_0_VconcST_0.04_Vconc_2.4_run_0.csv,1200.0,0.6,0,2.4,0.04,2.4,0,16.5,145.941,1.12756,0.0568394,145.941,0.0,0.948005,203.815
1200_dose_0.6_gradient_0_VconcST_0.04_Vconc_2.4_run_0.csv,1200.0,0.6,0,2.4,0.04,2.4,0,16.75,150.592,1.10521,0.0586509,150.592,0.0,0.949532,197.251
1200_dose_0.6_gradient_0_VconcST_0.04_Vconc_2.4_run_0.csv,1200.0,0.6,0,2.4,0.04,2.4,0,17.0,155.123,1.08331,0.0604154,155.123,0.0,0.950935,195.524
1200_dose_0.6_gradient_0_VconcST_0.04_Vconc_2.4_run_0.csv,1200.0,0.6,0,2.4,0.04,2.4,0,17.25,159.535,1.06184,0.0621338,159.535,0.0,0.952228,186.024
1200_dose_0.6_gradient_0_VconcST_0.04_Vconc_2.4_run_0.csv,1200.0,0.6,0,2.4,0.04,2.4,0,17.5,163.831,1.04079,0.0638071,163.831,0.0,0.953424,181.226
1200_dose_0.6_gradient_0_VconcST_0.04_Vconc_2.4_run_0.csv,1200.0,0.6,0,2.4,0.04,2.4,0,17.75,168.014,1.02017,0.0654363,168.014,0.0,0.954531,174.255
1200_dose_0.6_gradient_0_VconcST_0.04_Vconc_2.4_run_0.csv,1200.0,0.6,0,2.4,0.04,2.4,0,18.0,172.086,0.999947,0.0670221,172.086,0.0,0.95556,174.542
1200_dose_0.6_gradient_0_VconcST_0.04_Vconc_2.4_run_0.csv,1200.0,0.6,0,2.4,0.04,2.4,0,18.25,176.049,0.980129,0.0685656,176.049,0.0,0.956518,169.352
1200_dose_0.6_gradient_0_VconcST_0.04_Vconc_2.4_run_0.csv,1200.0,0.6,0,2.4,0.04,2.4,0,18.5,179.906,0.960704,0.0700677,179.906,0.0,0.957411,166.974
1200_dose_0.6_gradient_0_VconcST_0.04_Vconc_2.4_run_0.csv,1200.0,0.6,0,2.4,0.04,2.4,0,18.75,183.658,0.941664,0.0715291,183.658,0.0,0.958246,161.997
1200_dose_0.6_gradient_0_VconcST_0.04_Vconc_2.4_run_0.csv,1200.0,0.6,0,2.4,0.04,2.4,0,19.0,187.308,0.923002,0.0729507,187.308,0.0,0.959027,161.949
1200_dose_0.6_gradient_0_VconcST_0.04_Vconc_2.4_run_0.csv,1200.0,0.6,0,2.4,0.04,2.4,0,19.25,190.858,0.904709,0.0743334,190.858,0.0,0.959759,157.49
1200_dose_0.6_gradient_0_VconcST_0.04_Vconc_2.4_run_0.csv,1200.0,0.6,0,2.4,0.04,2.4,0,19.5,194.311,0.886779,0.075678,194.311,0.0,0.960446,154.695
1200_dose_0.6_gradient_0_VconcST_0.04_Vconc_2.4_run_0.csv,1200.0,0.6,0,2.4,0.04,2.4,0,19.75,197.667,0.869204,0.0769853,197.667,0.0,0.961092,150.689
1200_dose_0.6_gradient_0_VconcST_0.04_Vconc_2.4_run_0.csv,1200.0,0.6,0,2.4,0.04,2.4,0,20.0,200.977,1.45198,0.0782741,200.977,0.0,0.9617,147.924
1200_dose_0.6_gradient_0_VconcST_0.04_Vconc_2.4_run_0.csv,1200.0,0.6,0,2.4,0.04,2.4,0,20.25,206.917,1.4232,0.0805876,206.917,0.0,0.962759,147.613
1200_dose_0.6_gradient_0_VconcST_0.04_Vconc_2.4_run_0.csv,1200.0,0.6,0,2.4,0.04,2.4,0,20.5,212.701,1.39499,0.0828406,212.701,0.0,0.963736,140.842
1200_dose_0.6_gradient_0_VconcST_0.04_Vconc_2.4_run_0.csv,1200.0,0.6,0,2.4,0.04,2.4,0,20.75,218.334,1.36735,0.0850343,218.334,0.0,0.96464,139.267
1200_dose_0.6_gradient_0_VconcST_0.04_Vconc_2.4_run_0.csv,1200.0,0.6,0,2.4,0.04,2.4,0,21.0,223.818,1.34025,0.08717,223.818,0.0,0.965477,133.387
1200_dose_0.6_gradient_0_VconcST_0.04_Vconc_2.4_run_0.csv,1200.0,0.6,0,2.4,0.04,2.4,0,21.25,229.155,1.31369,0.0892489,229.155,0.0,0.966254,132.714
1200_dose_0.6_gradient_0_VconcST_0.04_Vconc_2.4_run_0.csv,1200.0,0.6,0,2.4,0.04,2.4,0,21.5,234.35,1.28765,0.0912721,234.35,0.0,0.966978,128.582
1200_dose_0.6_gradient_0_VconcST_0.04_Vconc_2.4_run_0.csv,1200.0,0.6,0,2.4,0.04,2.4,0,21.75,239.405,1.26213,0.0932409,239.405,0.0,0.967654,127.526
1200_dose_0.6_gradient_0_VconcST_0.04_Vconc_2.4_run_0.csv,1200.0,0.6,0,2.4,0.04,2.4,0,22.0,244.323,1.23712,0.0951563,244.323,0.0,0.968284,123.042
1200_dose_0.6_gradient_0_VconcST_0.04_Vconc_2.4_run_0.csv,1200.0,0.6,0,2.4,0.04,2.4,0,22.25,249.107,1.2126,0.0970195,249.107,0.0,0.968875,119.071
1200_dose_0.6_gradient_0_VconcST_0.04_Vconc_2.4_run_0.csv,1200.0,0.6,0,2.4,0.04,2.4,0,22.5,253.76,1.18857,0.0988315,253.76,0.0,0.969429,118.418
1200_dose_0.6_gradient_0_VconcST_0.04_Vconc_2.4_run_0.csv,1200.0,0.6,0,2.4,0.04,2.4,0,22.75,258.284,1.16501,0.100594,258.284,0.0,0.969948,119.0
1200_dose_0.6_gradient_0_VconcST_0.04_Vconc_2.4_run_0.csv,1200.0,0.6,0,2.4,0.04,2.4,0,23.0,262.682,1.14192,0.102306,262.682,0.0,0.970437,116.05
1200_dose_0.6_gradient_0_VconcST_0.04_Vconc_2.4_run_0.csv,1200.0,0.6,0,2.4,0.04,2.4,0,23.25,266.957,1.11929,0.103971,266.957,0.0,0.970897,114.805
1200_dose_0.6_gradient_0_VconcST_0.04_Vconc_2.4_run_0.csv,1200.0,0.6,0,2.4,0.04,2.4,0,23.5,271.111,1.09711,0.105589,271.111,0.0,0.971331,110.442
1200_dose_0.6_gradient_0_VconcST_0.04_Vconc_2.4_run_0.csv,1200.0,0.6,0,2.4,0.04,2.4,0,23.75,275.147,1.07536,0.107161,275.147,0.0,0.97174,111.125
1200_dose_0.6_gradient_0_VconcST_0.04_Vconc_2.4_run_0.csv,1200.0,0.6,0,2.4,0.04,2.4,0,24.0,279.068,1.05405,0.108688,279.068,0.0,0.972126,108.634
1200_dose_0.6_gradient_0_VconcST_0.04_Vconc_2.4_run_0.csv,1200.0,0.6,0,2.4,0.04,2.4,0,24.25,282.875,1.03316,0.110171,282.875,0.0,0.972491,107.58
1200_dose_0.6_gradient_0_VconcST_0.04_Vconc_2.4_run_0.csv,1200.0,0.6,0,2.4,0.04,2.4,0,24.5,286.571,1.01269,0.111611,286.571,0.0,0.972836,107.315
1200_dose_0.6_gradient_0_VconcST_0.04_Vconc_2.4_run_0.csv,1200.0,0.6,0,2.4,0.04,2.4,0,24.75,290.159,0.992615,0.113008,290.159,0.0,0.973163,105.542
1200_dose_0.6_gradient_0_VconcST_0.04_Vconc_2.4_run_0.csv,1200.0,0.6,0,2.4,0.04,2.4,0,25.0,293.687,1.57294,0.114382,293.687,0.0,0.973473,103.662
1200_dose_0.6_gradient_0_VconcST_0.04_Vconc_2.4_run_0.csv,1200.0,0.6,0,2.4,0.04,2.4,0,25.25,299.834,1.54177,0.116776,299.834,0.0,0.974003,101.713
1200_dose_0.6_gradient_0_VconcST_0.04_Vconc_2.4_run_0.csv,1200.0,0.6,0,2.4,0.04,2.4,0,25.5,305.814,1.51121,0.119105,305.814,0.0,0.974499,100.086
1200_dose_0.6_gradient_0_VconcST_0.04_Vconc_2.4_run_0.csv,1200.0,0.6,0,2.4,0.04,2.4,0,25.75,311.63,1.48126,0.12137,311.63,0.0,0.974964,97.8086
1200_dose_0.6_gradient_0_VconcST_0.04_Vconc_2.4_run_0.csv,1200.0,0.6,0,2.4,0.04,2.4,0,26.0,317.285,1.45191,0.123573,317.285,0.0,0.975399,96.3165
1200_dose_0.6_gradient_0_VconcST_0.04_Vconc_2.4_run_0.csv,1200.0,0.6,0,2.4,0.04,2.4,0,26.25,322.784,1.42313,0.125714,322.784,0.0,0.975808,94.1859
1200_dose_0.6_gradient_0_VconcST_0.04_Vconc_2.4_run_0.csv,1200.0,0.6,0,2.4,0.04,2.4,0,26.5,328.129,1.39493,0.127796,328.129,0.0,0.976193,92.7519
1200_dose_0.6_gradient_0_VconcST_0.04_Vconc_2.4_run_0.csv,1200.0,0.6,0,2.4,0.04,2.4,0,26.75,333.324,1.36728,0.129819,333.324,0.0,0.976556,91.3807
1200_dose_0.6_gradient_0_VconcST_0.04_Vconc_2.4_run_0.csv,1200.0,0.6,0,2.4,0.04,2.4,0,27.0,338.371,1.34018,0.131785,338.371,0.0,0.976898,89.9008
1200_dose_0.6_gradient_0_VconcST_0.04_Vconc_2.4_run_0.csv,1200.0,0.6,0,2.4,0.04,2.4,0,27.25,343.274,1.31362,0.133695,343.274,0.0,0.977221,89.3056
1200_dose_0.6_gradient_0_VconcST_0.04_Vconc_2.4_run_0.csv,1200.0,0.6,0,2.4,0.04,2.4,0,27.5,348.036,1.28759,0.135549,348.036,0.0,0.977525,87.5271
1200_dose_0.6_gradient_0_VconcST_0.04_Vconc_2.4_run_0.csv,1200.0,0.6,0,2.4,0.04,2.4,0,27.75,352.66,1.26207,0.13735,352.66,0.0,0.977814,86.7134
1200_dose_0.6_gradient_0_VconcST_0.04_Vconc_2.4_run_0.csv,1200.0,0.6,0,2.4,0.04,2.4,0,28.0,357.148,1.23706,0.139098,357.148,0.0,0.978087,85.7222
1200_dose_0.6_gradient_0_VconcST_0.04_Vconc_2.4_run_0.csv,1200.0,0.6,0,2.4,0.04,2.4,0,28.25,361.504,1.21254,0.140795,361.504,0.0,0.978345,83.5751
1200_dose_0.6_gradient_0_VconcST_0.04_Vconc_2.4_run_0.csv,1200.0,0.6,0,2.4,0.04,2.4,0,28.5,365.73,1.18851,0.142441,365.73,0.0,0.97859,85.3311
1200_dose_0.6_gradient_0_VconcST_0.04_Vconc_2.4_run_0.csv,1200.0,0.6,0,2.4,0.04,2.4,0,28.75,369.829,1.16495,0.144037,369.829,0.0,0.978823,81.849
1200_dose_0.6_gradient_0_VconcST_0.04_Vconc_5.6_run_0.csv,1200.0,0.6,0,5.6,0.04,5.6,0,0.0,0.0,0.0,0.0,0.0,0.0,0.0,0.0
1200_dose_0.6_gradient_0_VconcST_0.04_Vconc_5.6_run_0.csv,1200.0,0.6,0,5.6,0.04,5.6,0,0.25,0.0,0.0,0.0,0.0,0.0,0.0,10000.0
1200_dose_0.6_gradient_0_VconcST_0.04_Vconc_5.6_run_0.csv,1200.0,0.6,0,5.6,0.04,5.6,0,0.5,0.0,0.0,0.0,0.0,0.0,0.0,676.222
1200_dose_0.6_gradient_0_VconcST_0.04_Vconc_5.6_run_0.csv,1200.0,0.6,0,5.6,0.04,5.6,0,0.75,0.0,0.0,0.0,0.0,0.0,0.0,10000.0
1200_dose_0.6_gradient_0_VconcST_0.04_Vconc_5.6_run_0.csv,1200.0,0.6,0,5.6,0.04,5.6,0,1.0,0.0,0.0,0.0,0.0,0.0,0.0,673.923
1200_dose_0.6_gradient_0_VconcST_0.04_Vconc_5.6_run_0.csv,1200.0,0.6,0,5.6,0.04,5.6,0,1.25,0.0,0.0,0.0,0.0,0.0,0.0,10000.0
1200_dose_0.6_gradient_0_VconcST_0.04_Vconc_5.6_run_0.csv,1200.0,0.6,0,5.6,0.04,5.6,0,1.5,0.0,0.0,0.0,0.0,0.0,0.0,680.216
1200_dose_0.6_gradient_0_VconcST_0.04_Vconc_5.6_run_0.csv,1200.0,0.6,0,5.6,0.04,5.6,0,1.75,0.0,0.0,0.0,0.0,0.0,0.0,10000.0
1200_dose_0.6_gradient_0_VconcST_0.04_Vconc_5.6_run_0.csv,1200.0,0.6,0,5.6,0.04,5.6,0,2.0,0.0,0.0,0.0,0.0,0.0,0.0,674.904
1200_dose_0.6_gradient_0_VconcST_0.04_Vconc_5.6_run_0.csv,1200.0,0.6,0,5.6,0.04,5.6,0,2.25,0.0,0.0,0.0,0.0,0.0,0.0,10000.0
1200_dose_0.6_gradient_0_VconcST_0.04_Vconc_5.6_run_0.csv,1200.0,0.6,0,5.6,0.04,5.6,0,2.5,0.0,0.0,0.0,0.0,0.0,0.0,665.772
1200_dose_0.6_gradient_0_VconcST_0.04_Vconc_5.6_run_0.csv,1200.0,0.6,0,5.6,0.04,5.6,0,2.75,0.0,0.0,0.0,0.0,0.0,0.0,10000.0
1200_dose_0.6_gradient_0_VconcST_0.04_Vconc_5.6_run_0.csv,1200.0,0.6,0,5.6,0.04,5.6,0,3.0,0.0,0.0,0.0,0.0,0.0,0.0,674.498
1200_dose_0.6_gradient_0_VconcST_0.04_Vconc_5.6_run_0.csv,1200.0,0.6,0,5.6,0.04,5.6,0,3.25,0.0,0.0,0.0,0.0,0.0,0.0,10000.0
1200_dose_0.6_gradient_0_VconcST_0.04_Vconc_5.6_run_0.csv,1200.0,0.6,0,5.6,0.04,5.6,0,3.5,0.0,0.0,0.0,0.0,0.0,0.0,679.263
1200_dose_0.6_gradient_0_VconcST_0.04_Vconc_5.6_run_0.csv,1200.0,0.6,0,5.6,0.04,5.6,0,3.75,0.0,0.0,0.0,0.0,0.0,0.0,10000.0
1200_dose_0.6_gradient_0_VconcST_0.04_Vconc_5.6_run_0.csv,1200.0,0.6,0,5.6,0.04,5.6,0,4.0,0.0,0.0,0.0,0.0,0.0,0.0,661.487
1200_dose_0.6_gradient_0_VconcST_0.04_Vconc_5.6_run_0.csv,1200.0,0.6,0,5.6,0.04,5.6,0,4.25,0.0,0.0,0.0,0.0,0.0,0.0,10000.0
1200_dose_0.6_gradient_0_VconcST_0.04_Vconc_5.6_run_0.csv,1200.0,0.6,0,5.6,0.04,5.6,0,4.5,0.0,0.0,0.0,0.0,0.0,0.0,668.895
1200_dose_0.6_gradient_0_VconcST_0.04_Vconc_5.6_run_0.csv,1200.0,0.6,0,5.6,0.04,5.6,0,4.75,0.0,0.0,0.0,0.0,0.0,0.0,10000.0
1200_dose_0.6_gradient_0_VconcST_0.04_Vconc_5.6_run_0.csv,1200.0,0.6,0,5.6,0.04,5.6,0,5.0,0.0467175,0.6,1.8195e-05,0.0467175,0.0,0.0,677.796
1200_dose_0.6_gradient_0_VconcST_0.04_Vconc_5.6_run_0.csv,1200.0,0.6,0,5.6,0.04,5.6,0,5.25,2.81607,0.588109,0.00109677,2.81607,0.0,0.257227,10000.0
1200_dose_0.6_gradient_0_VconcST_0.04_Vconc_5.6_run_0.csv,1200.0,0.6,0,5.6,0.04,5.6,0,5.5,5.52002,0.576453,0.00214988,5.52002,0.0,0.406329,371.827
1200_dose_0.6_gradient_0_VconcST_0.04_Vconc_5.6_run_0.csv,1200.0,0.6,0,5.6,0.04,5.6,0,5.75,8.15993,0.565028,0.00317804,8.15993,0.0,0.503613,6864.32
1200_dose_0.6_gradient_0_VconcST_0.04_Vconc_5.6_run_0.csv,1200.0,0.6,0,5.6,0.04,5.6,0,6.0,10.7371,0.55383,0.00418176,10.7371,0.0,0.57207,187.863
1200_dose_0.6_gradient_0_VconcST_0.04_Vconc_5.6_run_0.csv,1200.0,0.6,0,5.6,0.04,5.6,0,6.25,13.2528,0.542854,0.00516155,13.2528,0.0,0.622844,5054.5
1200_dose_0.6_gradient_0_VconcST_0.04_Vconc_5.6_run_0.csv,1200.0,0.6,0,5.6,0.04,5.6,0,6.5,15.7083,0.532095,0.00611789,15.7083,0.0,0.661989,132.048
1200_dose_0.6_gradient_0_VconcST_0.04_Vconc_5.6_run_0.csv,1200.0,0.6,0,5.6,0.04,5.6,0,6.75,18.1048,0.521549,0.00705126,18.1048,0.0,0.693079,3976.1
1200_dose_0.6_gradient_0_VconcST_0.04_Vconc_5.6_run_0.csv,1200.0,0.6,0,5.6,0.04,5.6,0,7.0,20.4436,0.511213,0.00796214,20.4436,0.0,0.71836,99.4982
1200_dose_0.6_gradient_0_VconcST_0.04_Vconc_5.6_run_0.csv,1200.0,0.6,0,5.6,0.04,5.6,0,7.25,22.7257,0.501081,0.00885096,22.7257,0.0,0.739313,3346.88
1200_dose_0.6_gradient_0_VconcST_0.04_Vconc_5.6_run_0.csv,1200.0,0.6,0,5.6,0.04,5.6,0,7.5,24.9525,0.49115,0.00971822,24.9525,0.0,0.756956,79.1134
1200_dose_0.6_gradient_0_VconcST_0.04_Vconc_5.6_run_0.csv,1200.0,0.6,0,5.6,0.04,5.6,0,7.75,27.1249,0.481416,0.0105643,27.1249,0.0,0.772009,2718.05
1200_dose_0.6_gradient_0_VconcST_0.04_Vconc_5.6_run_0.csv,1200.0,0.6,0,5.6,0.04,5.6,0,8.0,29.2443,0.471875,0.0113897,29.2443,0.0,0.785,69.3849
1200_dose_0.6_gradient_0_VconcST_0.04_Vconc_5.6_run_0.csv,1200.0,0.6,0,5.6,0.04,5.6,0,8.25,31.3115,0.462523,0.0121949,31.3115,0.0,0.796321,2372.98
1200_dose_0.6_gradient_0_VconcST_0.04_Vconc_5.6_run_0.csv,1200.0,0.6,0,5.6,0.04,5.6,0,8.5,33.3277,0.453357,0.0129801,33.3277,0.0,0.80627,56.6639
1200_dose_0.6_gradient_0_VconcST_0.04_Vconc_5.6_run_0.csv,1200.0,0.6,0,5.6,0.04,5.6,0,8.75,35.2939,0.444372,0.0137459,35.2939,0.0,0.815078,2141.28
1200_dose_0.6_gradient_0_VconcST_0.04_Vconc_5.6_run_0.csv,1200.0,0.6,0,5.6,0.04,5.6,0,9.0,37.2113,0.435565,0.0144926,37.2113,0.0,0.822929,170.177
1200_dose_0.6_gradient_0_VconcST_0.04_Vconc_5.6_run_0.csv,1200.0,0.6,0,5.6,0.04,5.6,0,9.25,39.0807,0.426932,0.0152207,39.0807,0.0,0.829968,1517.83
1200_dose_0.6_gradient_0_VconcST_0.04_Vconc_5.6_run_0.csv,1200.0,0.6,0,5.6,0.04,5.6,0,9.5,40.9032,0.418471,0.0159305,40.9032,0.0,0.836311,946.987
1200_dose_0.6_gradient_0_VconcST_0.04_Vconc_5.6_run_0.csv,1200.0,0.6,0,5.6,0.04,5.6,0,9.75,42.6797,0.410177,0.0166224,42.6797,0.0,0.842055,826.854
1200_dose_0.6_gradient_0_VconcST_0.04_Vconc_5.6_run_0.csv,1200.0,0.6,0,5.6,0.04,5.6,0,10.0,44.4579,1.00205,0.017315,44.4579,0.0,0.847278,1286.58
1200_dose_0.6_gradient_0_VconcST_0.04_Vconc_5.6_run_0.csv,1200.0,0.6,0,5.6,0.04,5.6,0,10.25,48.9146,0.982189,0.0190507,48.9146,0.0,0.859257,697.705
1200_dose_0.6_gradient_0_VconcST_0.04_Vconc_5.6_run_0.csv,1200.0,0.6,0,5.6,0.04,5.6,0,10.5,53.2628,0.962723,0.0207442,53.2628,0.0,0.869262,1033.16
1200_dose_0.6_gradient_0_VconcST_0.04_Vconc_5.6_run_0.csv,1200.0,0.6,0,5.6,0.04,5.6,0,10.75,57.5047,0.943643,0.0223963,57.5047,0.0,0.877741,848.968
1200_dose_0.6_gradient_0_VconcST_0.04_Vconc_5.6_run_0.csv,1200.0,0.6,0,5.6,0.04,5.6,0,11.0,61.6424,0.924941,0.0240078,61.6424,0.0,0.885015,871.011
1200_dose_0.6_gradient_0_VconcST_0.04_Vconc_5.6_run_0.csv,1200.0,0.6,0,5.6,0.04,5.6,0,11.25,65.678,0.90661,0.0255796,65.678,0.0,0.891321,808.825
1200_dose_0.6_gradient_0_VconcST_0.04_Vconc_5.6_run_0.csv,1200.0,0.6,0,5.6,0.04,5.6,0,11.5,69.6138,0.888642,0.0271124,69.6138,0.0,0.896839,778.277
1200_dose_0.6_gradient_0_VconcST_0.04_Vconc_5.6_run_0.csv,1200.0,0.6,0,5.6,0.04,5.6,0,11.75,73.4517,0.87103,0.0286072,73.4517,0.0,0.901706,760.833
1200_dose_0.6_gradient_0_VconcST_0.04_Vconc_5.6_run_0.csv,1200.0,0.6,0,5.6,0.04,5.6,0,12.0,77.1937,0.853767,0.0300646,77.1937,0.0,0.906028,707.487
1200_dose_0.6_gradient_0_VconcST_0.04_Vconc_5.6_run_0.csv,1200.0,0.6,0,5.6,0.04,5.6,0,12.25,80.8419,0.836847,0.0314854,80.8419,0.0,0.909891,696.022
1200_dose_0.6_gradient_0_VconcST_0.04_Vconc_5.6_run_0.csv,1200.0,0.6,0,5.6,0.04,5.6,0,12.5,84.3981,0.820261,0.0328705,84.3981,0.0,0.913363,669.065
1200_dose_0.6_gradient_0_VconcST_0.04_Vconc_5.6_run_0.csv,1200.0,0.6,0,5.6,0.04,5.6,0,12.75,87.8643,0.804005,0.0342204,87.8643,0.0,0.916499,671.404
1200_dose_0.6_gradient_0_VconcST_0.04_Vconc_5.6_run_0.csv,1200.0,0.6,0,5.6,0.04,5.6,0,13.0,91.2423,0.78807,0.0355361,91.2423,0.0,0.919344,660.754
1200_dose_0.6_gradient_0_VconcST_0.04_Vconc_5.6_run_0.csv,1200.0,0.6,0,5.6,0.04,5.6,0,13.25,94.534,0.772451,0.0368181,94.534,0.0,0.921936,614.333
1200_dose_0.6_gradient_0_VconcST_0.04_Vconc_5.6_run_0.csv,1200.0,0.6,0,5.6,0.04,5.6,0,13.5,97.7411,0.757142,0.0380671,97.7411,0.0,0.924306,623.457
1200_dose_0.6_gradient_0_VconcST_0.04_Vconc_5.6_run_0.csv,1200.0,0.6,0,5.6,0.04,5.6,0,13.75,100.865,0.742136,0.0392839,100.865,0.0,0.92648,621.741
1200_dose_0.6_gradient_0_VconcST_0.04_Vconc_5.6_run_0.csv,1200.0,0.6,0,5.6,0.04,5.6,0,14.0,103.908,0.727428,0.0404691,103.908,0.0,0.928481,597.561
1200_dose_0.6_gradient_0_VconcST_0.04_Vconc_5.6_run_0.csv,1200.0,0.6,0,5.6,0.04,5.6,0,14.25,106.872,0.713012,0.0416234,106.872,0.0,0.930328,579.148
1200_dose_0.6_gradient_0_VconcST_0.04_Vconc_5.6_run_0.csv,1200.0,0.6,0,5.6,0.04,5.6,0,14.5,109.758,0.69888,0.0427474,109.758,0.0,0.932037,564.919
1200_dose_0.6_gradient_0_VconcST_0.04_Vconc_5.6_run_0.csv,1200.0,0.6,0,5.6,0.04,5.6,0,14.75,112.568,0.68503,0.0438417,112.568,0.0,0.933622,560.328
1200_dose_0.6_gradient_0_VconcST_0.04_Vconc_5.6_run_0.csv,1200.0,0.6,0,5.6,0.04,5.6,0,15.0,115.35,1.27145,0.0449251,115.35,0.0,0.935095,524.333
1200_dose_0.6_gradient_0_VconcST_0.04_Vconc_5.6_run_0.csv,1200.0,0.6,0,5.6,0.04,5.6,0,15.25,120.781,1.24625,0.0470405,120.781,0.0,0.937836,518.819
1200_dose_0.6_gradient_0_VconcST_0.04_Vconc_5.6_run_0.csv,1200.0,0.6,0,5.6,0.04,5.6,0,15.5,126.076,1.22156,0.0491026,126.076,0.0,0.940293,499.866
1200_dose_0.6_gradient_0_VconcST_0.04_Vconc_5.6_run_0.csv,1200.0,0.6,0,5.6,0.04,5.6,0,15.75,131.236,1.19735,0.0511125,131.236,0.0,0.942509,475.933
1200_dose_0.6_gradient_0_VconcST_0.04_Vconc_5.6_run_0.csv,1200.0,0.6,0,5.6,0.04,5.6,0,16.0,136.265,1.17361,0.0530712,136.265,0.0,0.944515,471.409
1200_dose_0.6_gradient_0_VconcST_0.04_Vconc_5.6_run_0.csv,1200.0,0.6,0,5.6,0.04,5.6,0,16.25,141.166,1.15036,0.0549798,141.166,0.0,0.946339,456.332
1200_dose_0.6_gradient_0_VconcST_0.04_Vconc_5.6_run_0.csv,1200.0,0.6,0,5.6,0.04,5.6,0,16.5,145.941,1.12756,0.0568394,145.941,0.0,0.948005,442.99
1200_dose_0.6_gradient_0_VconcST_0.04_Vconc_5.6_run_0.csv,1200.0,0.6,0,5.6,0.04,5.6,0,16.75,150.592,1.10521,0.0586509,150.592,0.0,0.949532,424.997
1200_dose_0.6_gradient_0_VconcST_0.04_Vconc_5.6_run_0.csv,1200.0,0.6,0,5.6,0.04,5.6,0,17.0,155.123,1.08331,0.0604154,155.123,0.0,0.950935,417.655
1200_dose_0.6_gradient_0_VconcST_0.04_Vconc_5.6_run_0.csv,1200.0,0.6,0,5.6,0.04,5.6,0,17.25,159.535,1.06184,0.0621338,159.535,0.0,0.952228,411.945
1200_dose_0.6_gradient_0_VconcST_0.04_Vconc_5.6_run_0.csv,1200.0,0.6,0,5.6,0.04,5.6,0,17.5,163.831,1.04079,0.0638071,163.831,0.0,0.953424,406.021
1200_dose_0.6_gradient_0_VconcST_0.04_Vconc_5.6_run_0.csv,1200.0,0.6,0,5.6,0.04,5.6,0,17.75,168.014,1.02017,0.0654363,168.014,0.0,0.954531,395.546
1200_dose_0.6_gradient_0_VconcST_0.04_Vconc_5.6_run_0.csv,1200.0,0.6,0,5.6,0.04,5.6,0,18.0,172.086,0.999947,0.0670221,172.086,0.0,0.95556,386.762
1200_dose_0.6_gradient_0_VconcST_0.04_Vconc_5.6_run_0.csv,1200.0,0.6,0,5.6,0.04,5.6,0,18.25,176.049,0.980129,0.0685656,176.049,0.0,0.956518,378.437
1200_dose_0.6_gradient_0_VconcST_0.04_Vconc_5.6_run_0.csv,1200.0,0.6,0,5.6,0.04,5.6,0,18.5,179.906,0.960704,0.0700677,179.906,0.0,0.957411,383.573
1200_dose_0.6_gradient_0_VconcST_0.04_Vconc_5.6_run_0.csv,1200.0,0.6,0,5.6,0.04,5.6,0,18.75,183.658,0.941664,0.0715291,183.658,0.0,0.958246,368.723
1200_dose_0.6_gradient_0_VconcST_0.04_Vconc_5.6_run_0.csv,1200.0,0.6,0,5.6,0.04,5.6,0,19.0,187.308,0.923002,0.0729507,187.308,0.0,0.959027,354.843
1200_dose_0.6_gradient_0_VconcST_0.04_Vconc_5.6_run_0.csv,1200.0,0.6,0,5.6,0.04,5.6,0,19.25,190.858,0.904709,0.0743334,190.858,0.0,0.959759,348.012
1200_dose_0.6_gradient_0_VconcST_0.04_Vconc_5.6_run_0.csv,1200.0,0.6,0,5.6,0.04,5.6,0,19.5,194.311,0.886779,0.075678,194.311,0.0,0.960446,342.187
1200_dose_0.6_gradient_0_VconcST_0.04_Vconc_5.6_run_0.csv,1200.0,0.6,0,5.6,0.04,5.6,0,19.75,197.667,0.869204,0.0769853,197.667,0.0,0.961092,347.432
1200_dose_0.6_gradient_0_VconcST_0.04_Vconc_5.6_run_0.csv,1200.0,0.6,0,5.6,0.04,5.6,0,20.0,200.977,1.45198,0.0782741,200.977,0.0,0.9617,334.713
1200_dose_0.6_gradient_0_VconcST_0.04_Vconc_5.6_run_0.csv,1200.0,0.6,0,5.6,0.04,5.6,0,20.25,206.917,1.4232,0.0805876,206.917,0.0,0.962759,327.777
1200_dose_0.6_gradient_0_VconcST_0.04_Vconc_5.6_run_0.csv,1200.0,0.6,0,5.6,0.04,5.6,0,20.5,212.701,1.39499,0.0828406,212.701,0.0,0.963736,315.101
1200_dose_0.6_gradient_0_VconcST_0.04_Vconc_5.6_run_0.csv,1200.0,0.6,0,5.6,0.04,5.6,0,20.75,218.334,1.36735,0.0850343,218.334,0.0,0.96464,308.279
1200_dose_0.6_gradient_0_VconcST_0.04_Vconc_5.6_run_0.csv,1200.0,0.6,0,5.6,0.04,5.6,0,21.0,223.818,1.34025,0.08717,223.818,0.0,0.965477,307.612
1200_dose_0.6_gradient_0_VconcST_0.04_Vconc_5.6_run_0.csv,1200.0,0.6,0,5.6,0.04,5.6,0,21.25,229.155,1.31369,0.0892489,229.155,0.0,0.966254,301.287
1200_dose_0.6_gradient_0_VconcST_0.04_Vconc_5.6_run_0.csv,1200.0,0.6,0,5.6,0.04,5.6,0,21.5,234.35,1.28765,0.0912721,234.35,0.0,0.966978,292.215
1200_dose_0.6_gradient_0_VconcST_0.04_Vconc_5.6_run_0.csv,1200.0,0.6,0,5.6,0.04,5.6,0,21.75,239.405,1.26213,0.0932409,239.405,0.0,0.967654,287.622
1200_dose_0.6_gradient_0_VconcST_0.04_Vconc_5.6_run_0.csv,1200.0,0.6,0,5.6,0.04,5.6,0,22.0,244.323,1.23712,0.0951563,244.323,0.0,0.968284,279.035
1200_dose_0.6_gradient_0_VconcST_0.04_Vconc_5.6_run_0.csv,1200.0,0.6,0,5.6,0.04,5.6,0,22.25,249.107,1.2126,0.0970195,249.107,0.0,0.968875,270.107
1200_dose_0.6_gradient_0_VconcST_0.04_Vconc_5.6_run_0.csv,1200.0,0.6,0,5.6,0.04,5.6,0,22.5,253.76,1.18857,0.0988315,253.76,0.0,0.969429,271.664
1200_dose_0.6_gradient_0_VconcST_0.04_Vconc_5.6_run_0.csv,1200.0,0.6,0,5.6,0.04,5.6,0,22.75,258.284,1.16501,0.100594,258.284,0.0,0.969948,268.651
1200_dose_0.6_gradient_0_VconcST_0.04_Vconc_5.6_run_0.csv,1200.0,0.6,0,5.6,0.04,5.6,0,23.0,262.682,1.14192,0.102306,262.682,0.0,0.970437,267.481
1200_dose_0.6_gradient_0_VconcST_0.04_Vconc_5.6_run_0.csv,1200.0,0.6,0,5.6,0.04,5.6,0,23.25,266.957,1.11929,0.103971,266.957,0.0,0.970897,255.253
1200_dose_0.6_gradient_0_VconcST_0.04_Vconc_5.6_run_0.csv,1200.0,0.6,0,5.6,0.04,5.6,0,23.5,271.111,1.09711,0.105589,271.111,0.0,0.971331,257.001
1200_dose_0.6_gradient_0_VconcST_0.04_Vconc_5.6_run_0.csv,1200.0,0.6,0,5.6,0.04,5.6,0,23.75,275.147,1.07536,0.107161,275.147,0.0,0.97174,260.768
1200_dose_0.6_gradient_0_VconcST_0.04_Vconc_5.6_run_0.csv,1200.0,0.6,0,5.6,0.04,5.6,0,24.0,279.068,1.05405,0.108688,279.068,0.0,0.972126,244.301
1200_dose_0.6_gradient_0_VconcST_0.04_Vconc_5.6_run_0.csv,1200.0,0.6,0,5.6,0.04,5.6,0,24.25,282.875,1.03316,0.110171,282.875,0.0,0.972491,253.1
1200_dose_0.6_gradient_0_VconcST_0.04_Vconc_5.6_run_0.csv,1200.0,0.6,0,5.6,0.04,5.6,0,24.5,286.571,1.01269,0.111611,286.571,0.0,0.972836,240.491
1200_dose_0.6_gradient_0_VconcST_0.04_Vconc_5.6_run_0.csv,1200.0,0.6,0,5.6,0.04,5.6,0,24.75,290.159,0.992615,0.113008,290.159,0.0,0.973163,237.464
1200_dose_0.6_gradient_0_VconcST_0.04_Vconc_5.6_run_0.csv,1200.0,0.6,0,5.6,0.04,5.6,0,25.0,293.687,1.57294,0.114382,293.687,0.0,0.973473,240.04
1200_dose_0.6_gradient_0_VconcST_0.04_Vconc_5.6_run_0.csv,1200.0,0.6,0,5.6,0.04,5.6,0,25.25,299.834,1.54177,0.116776,299.834,0.0,0.974003,228.517
1200_dose_0.6_gradient_0_VconcST_0.04_Vconc_5.6_run_0.csv,1200.0,0.6,0,5.6,0.04,5.6,0,25.5,305.814,1.51121,0.119105,305.814,0.0,0.974499,223.842
1200_dose_0.6_gradient_0_VconcST_0.04_Vconc_5.6_run_0.csv,1200.0,0.6,0,5.6,0.04,5.6,0,25.75,311.63,1.48126,0.12137,311.63,0.0,0.974964,224.091
1200_dose_0.6_gradient_0_VconcST_0.04_Vconc_5.6_run_0.csv,1200.0,0.6,0,5.6,0.04,5.6,0,26.0,317.285,1.45191,0.123573,317.285,0.0,0.975399,218.182
1200_dose_0.6_gradient_0_VconcST_0.04_Vconc_5.6_run_0.csv,1200.0,0.6,0,5.6,0.04,5.6,0,26.25,322.784,1.42313,0.125714,322.784,0.0,0.975808,217.245
1200_dose_0.6_gradient_0_VconcST_0.04_Vconc_5.6_run_0.csv,1200.0,0.6,0,5.6,0.04,5.6,0,26.5,328.129,1.39493,0.127796,328.129,0.0,0.976193,214.126
1200_dose_0.6_gradient_0_VconcST_0.04_Vconc_5.6_run_0.csv,1200.0,0.6,0,5.6,0.04,5.6,0,26.75,333.324,1.36728,0.129819,333.324,0.0,0.976556,208.839
1200_dose_0.6_gradient_0_VconcST_0.04_Vconc_5.6_run_0.csv,1200.0,0.6,0,5.6,0.04,5.6,0,27.0,338.371,1.34018,0.131785,338.371,0.0,0.976898,206.857
1200_dose_0.6_gradient_0_VconcST_0.04_Vconc_5.6_run_0.csv,1200.0,0.6,0,5.6,0.04,5.6,0,27.25,343.274,1.31362,0.133695,343.274,0.0,0.977221,205.175
1200_dose_0.6_gradient_0_VconcST_0.04_Vconc_5.6_run_0.csv,1200.0,0.6,0,5.6,0.04,5.6,0,27.5,348.036,1.28759,0.135549,348.036,0.0,0.977525,203.711
1200_dose_0.6_gradient_0_VconcST_0.04_Vconc_5.6_run_0.csv,1200.0,0.6,0,5.6,0.04,5.6,0,27.75,352.66,1.26207,0.13735,352.66,0.0,0.977814,204.664
1200_dose_0.6_gradient_0_VconcST_0.04_Vconc_5.6_run_0.csv,1200.0,0.6,0,5.6,0.04,5.6,0,28.0,357.148,1.23706,0.139098,357.148,0.0,0.978087,194.638
1200_dose_0.6_gradient_0_VconcST_0.04_Vconc_5.6_run_0.csv,1200.0,0.6,0,5.6,0.04,5.6,0,28.25,361.504,1.21254,0.140795,361.504,0.0,0.978345,193.628
1200_dose_0.6_gradient_0_VconcST_0.04_Vconc_5.6_run_0.csv,1200.0,0.6,0,5.6,0.04,5.6,0,28.5,365.73,1.18851,0.142441,365.73,0.0,0.97859,196.69
1200_dose_0.6_gradient_0_VconcST_0.04_Vconc_5.6_run_0.csv,1200.0,0.6,0,5.6,0.04,5.6,0,28.75,369.829,1.16495,0.144037,369.829,0.0,0.978823,191.547
1200_dose_0.6_gradient_0_VconcST_0.04_Vconc_4_run_0.csv,1200.0,0.6,0,4.0,0.04,4.0,0,0.0,0.0,0.0,0.0,0.0,0.0,0.0,0.0
1200_dose_0.6_gradient_0_VconcST_0.04_Vconc_4_run_0.csv,1200.0,0.6,0,4.0,0.04,4.0,0,0.25,0.0,0.0,0.0,0.0,0.0,0.0,10000.0
1200_dose_0.6_gradient_0_VconcST_0.04_Vconc_4_run_0.csv,1200.0,0.6,0,4.0,0.04,4.0,0,0.5,0.0,0.0,0.0,0.0,0.0,0.0,453.765
1200_dose_0.6_gradient_0_VconcST_0.04_Vconc_4_run_0.csv,1200.0,0.6,0,4.0,0.04,4.0,0,0.75,0.0,0.0,0.0,0.0,0.0,0.0,10000.0
1200_dose_0.6_gradient_0_VconcST_0.04_Vconc_4_run_0.csv,1200.0,0.6,0,4.0,0.04,4.0,0,1.0,0.0,0.0,0.0,0.0,0.0,0.0,454.692
1200_dose_0.6_gradient_0_VconcST_0.04_Vconc_4_run_0.csv,1200.0,0.6,0,4.0,0.04,4.0,0,1.25,0.0,0.0,0.0,0.0,0.0,0.0,10000.0
1200_dose_0.6_gradient_0_VconcST_0.04_Vconc_4_run_0.csv,1200.0,0.6,0,4.0,0.04,4.0,0,1.5,0.0,0.0,0.0,0.0,0.0,0.0,438.441
1200_dose_0.6_gradient_0_VconcST_0.04_Vconc_4_run_0.csv,1200.0,0.6,0,4.0,0.04,4.0,0,1.75,0.0,0.0,0.0,0.0,0.0,0.0,10000.0
1200_dose_0.6_gradient_0_VconcST_0.04_Vconc_4_run_0.csv,1200.0,0.6,0,4.0,0.04,4.0,0,2.0,0.0,0.0,0.0,0.0,0.0,0.0,456.802
1200_dose_0.6_gradient_0_VconcST_0.04_Vconc_4_run_0.csv,1200.0,0.6,0,4.0,0.04,4.0,0,2.25,0.0,0.0,0.0,0.0,0.0,0.0,10000.0
1200_dose_0.6_gradient_0_VconcST_0.04_Vconc_4_run_0.csv,1200.0,0.6,0,4.0,0.04,4.0,0,2.5,0.0,0.0,0.0,0.0,0.0,0.0,445.731
1200_dose_0.6_gradient_0_VconcST_0.04_Vconc_4_run_0.csv,1200.0,0.6,0,4.0,0.04,4.0,0,2.75,0.0,0.0,0.0,0.0,0.0,0.0,10000.0
1200_dose_0.6_gradient_0_VconcST_0.04_Vconc_4_run_0.csv,1200.0,0.6,0,4.0,0.04,4.0,0,3.0,0.0,0.0,0.0,0.0,0.0,0.0,436.399
1200_dose_0.6_gradient_0_VconcST_0.04_Vconc_4_run_0.csv,1200.0,0.6,0,4.0,0.04,4.0,0,3.25,0.0,0.0,0.0,0.0,0.0,0.0,10000.0
1200_dose_0.6_gradient_0_VconcST_0.04_Vconc_4_run_0.csv,1200.0,0.6,0,4.0,0.04,4.0,0,3.5,0.0,0.0,0.0,0.0,0.0,0.0,454.368
1200_dose_0.6_gradient_0_VconcST_0.04_Vconc_4_run_0.csv,1200.0,0.6,0,4.0,0.04,4.0,0,3.75,0.0,0.0,0.0,0.0,0.0,0.0,10000.0
1200_dose_0.6_gradient_0_VconcST_0.04_Vconc_4_run_0.csv,1200.0,0.6,0,4.0,0.04,4.0,0,4.0,0.0,0.0,0.0,0.0,0.0,0.0,463.507
1200_dose_0.6_gradient_0_VconcST_0.04_Vconc_4_run_0.csv,1200.0,0.6,0,4.0,0.04,4.0,0,4.25,0.0,0.0,0.0,0.0,0.0,0.0,10000.0
1200_dose_0.6_gradient_0_VconcST_0.04_Vconc_4_run_0.csv,1200.0,0.6,0,4.0,0.04,4.0,0,4.5,0.0,0.0,0.0,0.0,0.0,0.0,437.972
1200_dose_0.6_gradient_0_VconcST_0.04_Vconc_4_run_0.csv,1200.0,0.6,0,4.0,0.04,4.0,0,4.75,0.0,0.0,0.0,0.0,0.0,0.0,10000.0
1200_dose_0.6_gradient_0_VconcST_0.04_Vconc_4_run_0.csv,1200.0,0.6,0,4.0,0.04,4.0,0,5.0,0.0467175,0.6,1.8195e-05,0.0467175,0.0,0.0,432.227
1200_dose_0.6_gradient_0_VconcST_0.04_Vconc_4_run_0.csv,1200.0,0.6,0,4.0,0.04,4.0,0,5.25,2.81607,0.588109,0.00109677,2.81607,0.0,0.257227,7924.56
1200_dose_0.6_gradient_0_VconcST_0.04_Vconc_4_run_0.csv,1200.0,0.6,0,4.0,0.04,4.0,0,5.5,5.52002,0.576453,0.00214988,5.52002,0.0,0.406329,208.913
1200_dose_0.6_gradient_0_VconcST_0.04_Vconc_4_run_0.csv,1200.0,0.6,0,4.0,0.04,4.0,0,5.75,8.15993,0.565028,0.00317804,8.15993,0.0,0.503613,4603.36
1200_dose_0.6_gradient_0_VconcST_0.04_Vconc_4_run_0.csv,1200.0,0.6,0,4.0,0.04,4.0,0,6.0,10.7371,0.55383,0.00418176,10.7371,0.0,0.57207,115.771
1200_dose_0.6_gradient_0_VconcST_0.04_Vconc_4_run_0.csv,1200.0,0.6,0,4.0,0.04,4.0,0,6.25,13.2528,0.542854,0.00516155,13.2528,0.0,0.622844,3345.06
1200_dose_0.6_gradient_0_VconcST_0.04_Vconc_4_run_0.csv,1200.0,0.6,0,4.0,0.04,4.0,0,6.5,15.7083,0.532095,0.00611789,15.7083,0.0,0.661989,81.5265
1200_dose_0.6_gradient_0_VconcST_0.04_Vconc_4_run_0.csv,1200.0,0.6,0,4.0,0.04,4.0,0,6.75,18.1048,0.521549,0.00705126,18.1048,0.0,0.693079,2658.41
1200_dose_0.6_gradient_0_VconcST_0.04_Vconc_4_run_0.csv,1200.0,0.6,0,4.0,0.04,4.0,0,7.0,20.4436,0.511213,0.00796214,20.4436,0.0,0.71836,60.3248
1200_dose_0.6_gradient_0_VconcST_0.04_Vconc_4_run_0.csv,1200.0,0.6,0,4.0,0.04,4.0,0,7.25,22.7257,0.501081,0.00885096,22.7257,0.0,0.739313,2266.45
1200_dose_0.6_gradient_0_VconcST_0.04_Vconc_4_run_0.csv,1200.0,0.6,0,4.0,0.04,4.0,0,7.5,24.9525,0.49115,0.00971822,24.9525,0.0,0.756956,96.1468
1200_dose_0.6_gradient_0_VconcST_0.04_Vconc_4_run_0.csv,1200.0,0.6,0,4.0,0.04,4.0,0,7.75,27.1249,0.481416,0.0105643,27.1249,0.0,0.772009,1546.14
1200_dose_0.6_gradient_0_VconcST_0.04_Vconc_4_run_0.csv,1200.0,0.6,0,4.0,0.04,4.0,0,8.0,29.2443,0.471875,0.0113897,29.2443,0.0,0.785,846.231
1200_dose_0.6_gradient_0_VconcST_0.04_Vconc_4_run_0.csv,1200.0,0.6,0,4.0,0.04,4.0,0,8.25,31.3115,0.462523,0.0121949,31.3115,0.0,0.796321,916.742
1200_dose_0.6_gradient_0_VconcST_0.04_Vconc_4_run_0.csv,1200.0,0.6,0,4.0,0.04,4.0,0,8.5,33.3277,0.453357,0.0129801,33.3277,0.0,0.80627,1085.95
1200_dose_0.6_gradient_0_VconcST_0.04_Vconc_4_run_0.csv,1200.0,0.6,0,4.0,0.04,4.0,0,8.75,35.2939,0.444372,0.0137459,35.2939,0.0,0.815078,872.345
1200_dose_0.6_gradient_0_VconcST_0.04_Vconc_4_run_0.csv,1200.0,0.6,0,4.0,0.04,4.0,0,9.0,37.2113,0.435565,0.0144926,37.2113,0.0,0.822929,944.323
1200_dose_0.6_gradient_0_VconcST_0.04_Vconc_4_run_0.csv,1200.0,0.6,0,4.0,0.04,4.0,0,9.25,39.0807,0.426932,0.0152207,39.0807,0.0,0.829968,890.601
1200_dose_0.6_gradient_0_VconcST_0.04_Vconc_4_run_0.csv,1200.0,0.6,0,4.0,0.04,4.0,0,9.5,40.9032,0.418471,0.0159305,40.9032,0.0,0.836311,897.168
1200_dose_0.6_gradient_0_VconcST_0.04_Vconc_4_run_0.csv,1200.0,0.6,0,4.0,0.04,4.0,0,9.75,42.6797,0.410177,0.0166224,42.6797,0.0,0.842055,787.74
1200_dose_0.6_gradient_0_VconcST_0.04_Vconc_4_run_0.csv,1200.0,0.6,0,4.0,0.04,4.0,0,10.0,44.4579,1.00205,0.017315,44.4579,0.0,0.847278,824.866
1200_dose_0.6_gradient_0_VconcST_0.04_Vconc_4_run_0.csv,1200.0,0.6,0,4.0,0.04,4.0,0,10.25,48.9146,0.982189,0.0190507,48.9146,0.0,0.859257,778.534
1200_dose_0.6_gradient_0_VconcST_0.04_Vconc_4_run_0.csv,1200.0,0.6,0,4.0,0.04,4.0,0,10.5,53.2628,0.962723,0.0207442,53.2628,0.0,0.869262,713.663
1200_dose_0.6_gradient_0_VconcST_0.04_Vconc_4_run_0.csv,1200.0,0.6,0,4.0,0.04,4.0,0,10.75,57.5047,0.943643,0.0223963,57.5047,0.0,0.877741,686.528
1200_dose_0.6_gradient_0_VconcST_0.04_Vconc_4_run_0.csv,1200.0,0.6,0,4.0,0.04,4.0,0,11.0,61.6424,0.924941,0.0240078,61.6424,0.0,0.885015,652.553
1200_dose_0.6_gradient_0_VconcST_0.04_Vconc_4_run_0.csv,1200.0,0.6,0,4.0,0.04,4.0,0,11.25,65.678,0.90661,0.0255796,65.678,0.0,0.891321,617.805
1200_dose_0.6_gradient_0_VconcST_0.04_Vconc_4_run_0.csv,1200.0,0.6,0,4.0,0.04,4.0,0,11.5,69.6138,0.888642,0.0271124,69.6138,0.0,0.896839,605.194
1200_dose_0.6_gradient_0_VconcST_0.04_Vconc_4_run_0.csv,1200.0,0.6,0,4.0,0.04,4.0,0,11.75,73.4517,0.87103,0.0286072,73.4517,0.0,0.901706,576.303
1200_dose_0.6_gradient_0_VconcST_0.04_Vconc_4_run_0.csv,1200.0,0.6,0,4.0,0.04,4.0,0,12.0,77.1937,0.853767,0.0300646,77.1937,0.0,0.906028,547.888
1200_dose_0.6_gradient_0_VconcST_0.04_Vconc_4_run_0.csv,1200.0,0.6,0,4.0,0.04,4.0,0,12.25,80.8419,0.836847,0.0314854,80.8419,0.0,0.909891,529.784
1200_dose_0.6_gradient_0_VconcST_0.04_Vconc_4_run_0.csv,1200.0,0.6,0,4.0,0.04,4.0,0,12.5,84.3981,0.820261,0.0328705,84.3981,0.0,0.913363,520.328
1200_dose_0.6_gradient_0_VconcST_0.04_Vconc_4_run_0.csv,1200.0,0.6,0,4.0,0.04,4.0,0,12.75,87.8643,0.804005,0.0342204,87.8643,0.0,0.916499,518.414
1200_dose_0.6_gradient_0_VconcST_0.04_Vconc_4_run_0.csv,1200.0,0.6,0,4.0,0.04,4.0,0,13.0,91.2423,0.78807,0.0355361,91.2423,0.0,0.919344,490.494
1200_dose_0.6_gradient_0_VconcST_0.04_Vconc_4_run_0.csv,1200.0,0.6,0,4.0,0.04,4.0,0,13.25,94.534,0.772451,0.0368181,94.534,0.0,0.921936,487.2
1200_dose_0.6_gradient_0_VconcST_0.04_Vconc_4_run_0.csv,1200.0,0.6,0,4.0,0.04,4.0,0,13.5,97.7411,0.757142,0.0380671,97.7411,0.0,0.924306,455.45
1200_dose_0.6_gradient_0_VconcST_0.04_Vconc_4_run_0.csv,1200.0,0.6,0,4.0,0.04,4.0,0,13.75,100.865,0.742136,0.0392839,100.865,0.0,0.92648,435.032
1200_dose_0.6_gradient_0_VconcST_0.04_Vconc_4_run_0.csv,1200.0,0.6,0,4.0,0.04,4.0,0,14.0,103.908,0.727428,0.0404691,103.908,0.0,0.928481,435.738
1200_dose_0.6_gradient_0_VconcST_0.04_Vconc_4_run_0.csv,1200.0,0.6,0,4.0,0.04,4.0,0,14.25,106.872,0.713012,0.0416234,106.872,0.0,0.930328,425.449
1200_dose_0.6_gradient_0_VconcST_0.04_Vconc_4_run_0.csv,1200.0,0.6,0,4.0,0.04,4.0,0,14.5,109.758,0.69888,0.0427474,109.758,0.0,0.932037,403.586
1200_dose_0.6_gradient_0_VconcST_0.04_Vconc_4_run_0.csv,1200.0,0.6,0,4.0,0.04,4.0,0,14.75,112.568,0.68503,0.0438417,112.568,0.0,0.933622,413.799
1200_dose_0.6_gradient_0_VconcST_0.04_Vconc_4_run_0.csv,1200.0,0.6,0,4.0,0.04,4.0,0,15.0,115.35,1.27145,0.0449251,115.35,0.0,0.935095,391.635
1200_dose_0.6_gradient_0_VconcST_0.04_Vconc_4_run_0.csv,1200.0,0.6,0,4.0,0.04,4.0,0,15.25,120.781,1.24625,0.0470405,120.781,0.0,0.937836,389.013
1200_dose_0.6_gradient_0_VconcST_0.04_Vconc_4_run_0.csv,1200.0,0.6,0,4.0,0.04,4.0,0,15.5,126.076,1.22156,0.0491026,126.076,0.0,0.940293,373.49
1200_dose_0.6_gradient_0_VconcST_0.04_Vconc_4_run_0.csv,1200.0,0.6,0,4.0,0.04,4.0,0,15.75,131.236,1.19735,0.0511125,131.236,0.0,0.942509,358.569
1200_dose_0.6_gradient_0_VconcST_0.04_Vconc_4_run_0.csv,1200.0,0.6,0,4.0,0.04,4.0,0,16.0,136.265,1.17361,0.0530712,136.265,0.0,0.944515,353.528
1200_dose_0.6_gradient_0_VconcST_0.04_Vconc_4_run_0.csv,1200.0,0.6,0,4.0,0.04,4.0,0,16.25,141.166,1.15036,0.0549798,141.166,0.0,0.946339,339.937
1200_dose_0.6_gradient_0_VconcST_0.04_Vconc_4_run_0.csv,1200.0,0.6,0,4.0,0.04,4.0,0,16.5,145.941,1.12756,0.0568394,145.941,0.0,0.948005,326.443
1200_dose_0.6_gradient_0_VconcST_0.04_Vconc_4_run_0.csv,1200.0,0.6,0,4.0,0.04,4.0,0,16.75,150.592,1.10521,0.0586509,150.592,0.0,0.949532,318.123
1200_dose_0.6_gradient_0_VconcST_0.04_Vconc_4_run_0.csv,1200.0,0.6,0,4.0,0.04,4.0,0,17.0,155.123,1.08331,0.0604154,155.123,0.0,0.950935,309.608
1200_dose_0.6_gradient_0_VconcST_0.04_Vconc_4_run_0.csv,1200.0,0.6,0,4.0,0.04,4.0,0,17.25,159.535,1.06184,0.0621338,159.535,0.0,0.952228,299.074
1200_dose_0.6_gradient_0_VconcST_0.04_Vconc_4_run_0.csv,1200.0,0.6,0,4.0,0.04,4.0,0,17.5,163.831,1.04079,0.0638071,163.831,0.0,0.953424,295.513
1200_dose_0.6_gradient_0_VconcST_0.04_Vconc_4_run_0.csv,1200.0,0.6,0,4.0,0.04,4.0,0,17.75,168.014,1.02017,0.0654363,168.014,0.0,0.954531,287.682
1200_dose_0.6_gradient_0_VconcST_0.04_Vconc_4_run_0.csv,1200.0,0.6,0,4.0,0.04,4.0,0,18.0,172.086,0.999947,0.0670221,172.086,0.0,0.95556,277.728
1200_dose_0.6_gradient_0_VconcST_0.04_Vconc_4_run_0.csv,1200.0,0.6,0,4.0,0.04,4.0,0,18.25,176.049,0.980129,0.0685656,176.049,0.0,0.956518,272.421
1200_dose_0.6_gradient_0_VconcST_0.04_Vconc_4_run_0.csv,1200.0,0.6,0,4.0,0.04,4.0,0,18.5,179.906,0.960704,0.0700677,179.906,0.0,0.957411,272.655
1200_dose_0.6_gradient_0_VconcST_0.04_Vconc_4_run_0.csv,1200.0,0.6,0,4.0,0.04,4.0,0,18.75,183.658,0.941664,0.0715291,183.658,0.0,0.958246,270.342
1200_dose_0.6_gradient_0_VconcST_0.04_Vconc_4_run_0.csv,1200.0,0.6,0,4.0,0.04,4.0,0,19.0,187.308,0.923002,0.0729507,187.308,0.0,0.959027,261.228
1200_dose_0.6_gradient_0_VconcST_0.04_Vconc_4_run_0.csv,1200.0,0.6,0,4.0,0.04,4.0,0,19.25,190.858,0.904709,0.0743334,190.858,0.0,0.959759,257.507
1200_dose_0.6_gradient_0_VconcST_0.04_Vconc_4_run_0.csv,1200.0,0.6,0,4.0,0.04,4.0,0,19.5,194.311,0.886779,0.075678,194.311,0.0,0.960446,250.454
1200_dose_0.6_gradient_0_VconcST_0.04_Vconc_4_run_0.csv,1200.0,0.6,0,4.0,0.04,4.0,0,19.75,197.667,0.869204,0.0769853,197.667,0.0,0.961092,256.898
1200_dose_0.6_gradient_0_VconcST_0.04_Vconc_4_run_0.csv,1200.0,0.6,0,4.0,0.04,4.0,0,20.0,200.977,1.45198,0.0782741,200.977,0.0,0.9617,247.357
1200_dose_0.6_gradient_0_VconcST_0.04_Vconc_4_run_0.csv,1200.0,0.6,0,4.0,0.04,4.0,0,20.25,206.917,1.4232,0.0805876,206.917,0.0,0.962759,236.345
1200_dose_0.6_gradient_0_VconcST_0.04_Vconc_4_run_0.csv,1200.0,0.6,0,4.0,0.04,4.0,0,20.5,212.701,1.39499,0.0828406,212.701,0.0,0.963736,229.537
1200_dose_0.6_gradient_0_VconcST_0.04_Vconc_4_run_0.csv,1200.0,0.6,0,4.0,0.04,4.0,0,20.75,218.334,1.36735,0.0850343,218.334,0.0,0.96464,231.963
1200_dose_0.6_gradient_0_VconcST_0.04_Vconc_4_run_0.csv,1200.0,0.6,0,4.0,0.04,4.0,0,21.0,223.818,1.34025,0.08717,223.818,0.0,0.965477,221.87
1200_dose_0.6_gradient_0_VconcST_0.04_Vconc_4_run_0.csv,1200.0,0.6,0,4.0,0.04,4.0,0,21.25,229.155,1.31369,0.0892489,229.155,0.0,0.966254,214.532
1200_dose_0.6_gradient_0_VconcST_0.04_Vconc_4_run_0.csv,1200.0,0.6,0,4.0,0.04,4.0,0,21.5,234.35,1.28765,0.0912721,234.35,0.0,0.966978,212.02
1200_dose_0.6_gradient_0_VconcST_0.04_Vconc_4_run_0.csv,1200.0,0.6,0,4.0,0.04,4.0,0,21.75,239.405,1.26213,0.0932409,239.405,0.0,0.967654,210.981
1200_dose_0.6_gradient_0_VconcST_0.04_Vconc_4_run_0.csv,1200.0,0.6,0,4.0,0.04,4.0,0,22.0,244.323,1.23712,0.0951563,244.323,0.0,0.968284,201.019
1200_dose_0.6_gradient_0_VconcST_0.04_Vconc_4_run_0.csv,1200.0,0.6,0,4.0,0.04,4.0,0,22.25,249.107,1.2126,0.0970195,249.107,0.0,0.968875,204.582
1200_dose_0.6_gradient_0_VconcST_0.04_Vconc_4_run_0.csv,1200.0,0.6,0,4.0,0.04,4.0,0,22.5,253.76,1.18857,0.0988315,253.76,0.0,0.969429,200.357
1200_dose_0.6_gradient_0_VconcST_0.04_Vconc_4_run_0.csv,1200.0,0.6,0,4.0,0.04,4.0,0,22.75,258.284,1.16501,0.100594,258.284,0.0,0.969948,195.124
1200_dose_0.6_gradient_0_VconcST_0.04_Vconc_4_run_0.csv,1200.0,0.6,0,4.0,0.04,4.0,0,23.0,262.682,1.14192,0.102306,262.682,0.0,0.970437,192.968
1200_dose_0.6_gradient_0_VconcST_0.04_Vconc_4_run_0.csv,1200.0,0.6,0,4.0,0.04,4.0,0,23.25,266.957,1.11929,0.103971,266.957,0.0,0.970897,189.196
1200_dose_0.6_gradient_0_VconcST_0.04_Vconc_4_run_0.csv,1200.0,0.6,0,4.0,0.04,4.0,0,23.5,271.111,1.09711,0.105589,271.111,0.0,0.971331,187.306
1200_dose_0.6_gradient_0_VconcST_0.04_Vconc_4_run_0.csv,1200.0,0.6,0,4.0,0.04,4.0,0,23.75,275.147,1.07536,0.107161,275.147,0.0,0.97174,185.47
1200_dose_0.6_gradient_0_VconcST_0.04_Vconc_4_run_0.csv,1200.0,0.6,0,4.0,0.04,4.0,0,24.0,279.068,1.05405,0.108688,279.068,0.0,0.972126,180.626
1200_dose_0.6_gradient_0_VconcST_0.04_Vconc_4_run_0.csv,1200.0,0.6,0,4.0,0.04,4.0,0,24.25,282.875,1.03316,0.110171,282.875,0.0,0.972491,179.546
1200_dose_0.6_gradient_0_VconcST_0.04_Vconc_4_run_0.csv,1200.0,0.6,0,4.0,0.04,4.0,0,24.5,286.571,1.01269,0.111611,286.571,0.0,0.972836,179.662
1200_dose_0.6_gradient_0_VconcST_0.04_Vconc_4_run_0.csv,1200.0,0.6,0,4.0,0.04,4.0,0,24.75,290.159,0.992615,0.113008,290.159,0.0,0.973163,175.703
1200_dose_0.6_gradient_0_VconcST_0.04_Vconc_4_run_0.csv,1200.0,0.6,0,4.0,0.04,4.0,0,25.0,293.687,1.57294,0.114382,293.687,0.0,0.973473,166.055
1200_dose_0.6_gradient_0_VconcST_0.04_Vconc_4_run_0.csv,1200.0,0.6,0,4.0,0.04,4.0,0,25.25,299.834,1.54177,0.116776,299.834,0.0,0.974003,168.616
1200_dose_0.6_gradient_0_VconcST_0.04_Vconc_4_run_0.csv,1200.0,0.6,0,4.0,0.04,4.0,0,25.5,305.814,1.51121,0.119105,305.814,0.0,0.974499,162.851
1200_dose_0.6_gradient_0_VconcST_0.04_Vconc_4_run_0.csv,1200.0,0.6,0,4.0,0.04,4.0,0,25.75,311.63,1.48126,0.12137,311.63,0.0,0.974964,165.232
1200_dose_0.6_gradient_0_VconcST_0.04_Vconc_4_run_0.csv,1200.0,0.6,0,4.0,0.04,4.0,0,26.0,317.285,1.45191,0.123573,317.285,0.0,0.975399,160.238
1200_dose_0.6_gradient_0_VconcST_0.04_Vconc_4_run_0.csv,1200.0,0.6,0,4.0,0.04,4.0,0,26.25,322.784,1.42313,0.125714,322.784,0.0,0.975808,155.741
1200_dose_0.6_gradient_0_VconcST_0.04_Vconc_4_run_0.csv,1200.0,0.6,0,4.0,0.04,4.0,0,26.5,328.129,1.39493,0.127796,328.129,0.0,0.976193,153.088
1200_dose_0.6_gradient_0_VconcST_0.04_Vconc_4_run_0.csv,1200.0,0.6,0,4.0,0.04,4.0,0,26.75,333.324,1.36728,0.129819,333.324,0.0,0.976556,150.371
1200_dose_0.6_gradient_0_VconcST_0.04_Vconc_4_run_0.csv,1200.0,0.6,0,4.0,0.04,4.0,0,27.0,338.371,1.34018,0.131785,338.371,0.0,0.976898,151.173
1200_dose_0.6_gradient_0_VconcST_0.04_Vconc_4_run_0.csv,1200.0,0.6,0,4.0,0.04,4.0,0,27.25,343.274,1.31362,0.133695,343.274,0.0,0.977221,146.941
1200_dose_0.6_gradient_0_VconcST_0.04_Vconc_4_run_0.csv,1200.0,0.6,0,4.0,0.04,4.0,0,27.5,348.036,1.28759,0.135549,348.036,0.0,0.977525,146.215
1200_dose_0.6_gradient_0_VconcST_0.04_Vconc_4_run_0.csv,1200.0,0.6,0,4.0,0.04,4.0,0,27.75,352.66,1.26207,0.13735,352.66,0.0,0.977814,144.114
1200_dose_0.6_gradient_0_VconcST_0.04_Vconc_4_run_0.csv,1200.0,0.6,0,4.0,0.04,4.0,0,28.0,357.148,1.23706,0.139098,357.148,0.0,0.978087,141.684
1200_dose_0.6_gradient_0_VconcST_0.04_Vconc_4_run_0.csv,1200.0,0.6,0,4.0,0.04,4.0,0,28.25,361.504,1.21254,0.140795,361.504,0.0,0.978345,141.955
1200_dose_0.6_gradient_0_VconcST_0.04_Vconc_4_run_0.csv,1200.0,0.6,0,4.0,0.04,4.0,0,28.5,365.73,1.18851,0.142441,365.73,0.0,0.97859,141.955
1200_dose_0.6_gradient_0_VconcST_0.04_Vconc_4_run_0.csv,1200.0,0.6,0,4.0,0.04,4.0,0,28.75,369.829,1.16495,0.144037,369.829,0.0,0.978823,135.752
1200_dose_0.6_gradient_0_VconcST_0.04_Vconc_3.2_run_0.csv,1200.0,0.6,0,3.2,0.04,3.2,0,0.0,0.0,0.0,0.0,0.0,0.0,0.0,0.0
1200_dose_0.6_gradient_0_VconcST_0.04_Vconc_3.2_run_0.csv,1200.0,0.6,0,3.2,0.04,3.2,0,0.25,0.0,0.0,0.0,0.0,0.0,0.0,8347.33
1200_dose_0.6_gradient_0_VconcST_0.04_Vconc_3.2_run_0.csv,1200.0,0.6,0,3.2,0.04,3.2,0,0.5,0.0,0.0,0.0,0.0,0.0,0.0,283.847
1200_dose_0.6_gradient_0_VconcST_0.04_Vconc_3.2_run_0.csv,1200.0,0.6,0,3.2,0.04,3.2,0,0.75,0.0,0.0,0.0,0.0,0.0,0.0,8363.26
1200_dose_0.6_gradient_0_VconcST_0.04_Vconc_3.2_run_0.csv,1200.0,0.6,0,3.2,0.04,3.2,0,1.0,0.0,0.0,0.0,0.0,0.0,0.0,293.603
1200_dose_0.6_gradient_0_VconcST_0.04_Vconc_3.2_run_0.csv,1200.0,0.6,0,3.2,0.04,3.2,0,1.25,0.0,0.0,0.0,0.0,0.0,0.0,8426.07
1200_dose_0.6_gradient_0_VconcST_0.04_Vconc_3.2_run_0.csv,1200.0,0.6,0,3.2,0.04,3.2,0,1.5,0.0,0.0,0.0,0.0,0.0,0.0,306.325
1200_dose_0.6_gradient_0_VconcST_0.04_Vconc_3.2_run_0.csv,1200.0,0.6,0,3.2,0.04,3.2,0,1.75,0.0,0.0,0.0,0.0,0.0,0.0,9156.2
1200_dose_0.6_gradient_0_VconcST_0.04_Vconc_3.2_run_0.csv,1200.0,0.6,0,3.2,0.04,3.2,0,2.0,0.0,0.0,0.0,0.0,0.0,0.0,305.723
1200_dose_0.6_gradient_0_VconcST_0.04_Vconc_3.2_run_0.csv,1200.0,0.6,0,3.2,0.04,3.2,0,2.25,0.0,0.0,0.0,0.0,0.0,0.0,7871.64
1200_dose_0.6_gradient_0_VconcST_0.04_Vconc_3.2_run_0.csv,1200.0,0.6,0,3.2,0.04,3.2,0,2.5,0.0,0.0,0.0,0.0,0.0,0.0,269.703
1200_dose_0.6_gradient_0_VconcST_0.04_Vconc_3.2_run_0.csv,1200.0,0.6,0,3.2,0.04,3.2,0,2.75,0.0,0.0,0.0,0.0,0.0,0.0,8228.95
1200_dose_0.6_gradient_0_VconcST_0.04_Vconc_3.2_run_0.csv,1200.0,0.6,0,3.2,0.04,3.2,0,3.0,0.0,0.0,0.0,0.0,0.0,0.0,297.114
1200_dose_0.6_gradient_0_VconcST_0.04_Vconc_3.2_run_0.csv,1200.0,0.6,0,3.2,0.04,3.2,0,3.25,0.0,0.0,0.0,0.0,0.0,0.0,9028.23
1200_dose_0.6_gradient_0_VconcST_0.04_Vconc_3.2_run_0.csv,1200.0,0.6,0,3.2,0.04,3.2,0,3.5,0.0,0.0,0.0,0.0,0.0,0.0,302.046
1200_dose_0.6_gradient_0_VconcST_0.04_Vconc_3.2_run_0.csv,1200.0,0.6,0,3.2,0.04,3.2,0,3.75,0.0,0.0,0.0,0.0,0.0,0.0,8931.78
1200_dose_0.6_gradient_0_VconcST_0.04_Vconc_3.2_run_0.csv,1200.0,0.6,0,3.2,0.04,3.2,0,4.0,0.0,0.0,0.0,0.0,0.0,0.0,294.128
1200_dose_0.6_gradient_0_VconcST_0.04_Vconc_3.2_run_0.csv,1200.0,0.6,0,3.2,0.04,3.2,0,4.25,0.0,0.0,0.0,0.0,0.0,0.0,8274.84
1200_dose_0.6_gradient_0_VconcST_0.04_Vconc_3.2_run_0.csv,1200.0,0.6,0,3.2,0.04,3.2,0,4.5,0.0,0.0,0.0,0.0,0.0,0.0,285.171
1200_dose_0.6_gradient_0_VconcST_0.04_Vconc_3.2_run_0.csv,1200.0,0.6,0,3.2,0.04,3.2,0,4.75,0.0,0.0,0.0,0.0,0.0,0.0,9263.54
1200_dose_0.6_gradient_0_VconcST_0.04_Vconc_3.2_run_0.csv,1200.0,0.6,0,3.2,0.04,3.2,0,5.0,0.0467175,0.6,1.8195e-05,0.0467175,0.0,0.0,286.353
1200_dose_0.6_gradient_0_VconcST_0.04_Vconc_3.2_run_0.csv,1200.0,0.6,0,3.2,0.04,3.2,0,5.25,2.81607,0.588109,0.00109677,2.81607,0.0,0.257227,6385.66
1200_dose_0.6_gradient_0_VconcST_0.04_Vconc_3.2_run_0.csv,1200.0,0.6,0,3.2,0.04,3.2,0,5.5,5.52002,0.576453,0.00214988,5.52002,0.0,0.406329,144.22
1200_dose_0.6_gradient_0_VconcST_0.04_Vconc_3.2_run_0.csv,1200.0,0.6,0,3.2,0.04,3.2,0,5.75,8.15993,0.565028,0.00317804,8.15993,0.0,0.503613,3749.84
1200_dose_0.6_gradient_0_VconcST_0.04_Vconc_3.2_run_0.csv,1200.0,0.6,0,3.2,0.04,3.2,0,6.0,10.7371,0.55383,0.00418176,10.7371,0.0,0.57207,80.8763
1200_dose_0.6_gradient_0_VconcST_0.04_Vconc_3.2_run_0.csv,1200.0,0.6,0,3.2,0.04,3.2,0,6.25,13.2528,0.542854,0.00516155,13.2528,0.0,0.622844,2610.97
1200_dose_0.6_gradient_0_VconcST_0.04_Vconc_3.2_run_0.csv,1200.0,0.6,0,3.2,0.04,3.2,0,6.5,15.7083,0.532095,0.00611789,15.7083,0.0,0.661989,59.0052
1200_dose_0.6_gradient_0_VconcST_0.04_Vconc_3.2_run_0.csv,1200.0,0.6,0,3.2,0.04,3.2,0,6.75,18.1048,0.521549,0.00705126,18.1048,0.0,0.693079,2029.05
1200_dose_0.6_gradient_0_VconcST_0.04_Vconc_3.2_run_0.csv,1200.0,0.6,0,3.2,0.04,3.2,0,7.0,20.4436,0.511213,0.00796214,20.4436,0.0,0.71836,239.514
1200_dose_0.6_gradient_0_VconcST_0.04_Vconc_3.2_run_0.csv,1200.0,0.6,0,3.2,0.04,3.2,0,7.25,22.7257,0.501081,0.00885096,22.7257,0.0,0.739313,1202.97
1200_dose_0.6_gradient_0_VconcST_0.04_Vconc_3.2_run_0.csv,1200.0,0.6,0,3.2,0.04,3.2,0,7.5,24.9525,0.49115,0.00971822,24.9525,0.0,0.756956,979.484
1200_dose_0.6_gradient_0_VconcST_0.04_Vconc_3.2_run_0.csv,1200.0,0.6,0,3.2,0.04,3.2,0,7.75,27.1249,0.481416,0.0105643,27.1249,0.0,0.772009,791.195
1200_dose_0.6_gradient_0_VconcST_0.04_Vconc_3.2_run_0.csv,1200.0,0.6,0,3.2,0.04,3.2,0,8.0,29.2443,0.471875,0.0113897,29.2443,0.0,0.785,934.139
1200_dose_0.6_gradient_0_VconcST_0.04_Vconc_3.2_run_0.csv,1200.0,0.6,0,3.2,0.04,3.2,0,8.25,31.3115,0.462523,0.0121949,31.3115,0.0,0.796321,812.714
1200_dose_0.6_gradient_0_VconcST_0.04_Vconc_3.2_run_0.csv,1200.0,0.6,0,3.2,0.04,3.2,0,8.5,33.3277,0.453357,0.0129801,33.3277,0.0,0.80627,816.311
1200_dose_0.6_gradient_0_VconcST_0.04_Vconc_3.2_run_0.csv,1200.0,0.6,0,3.2,0.04,3.2,0,8.75,35.2939,0.444372,0.0137459,35.2939,0.0,0.815078,788.747
1200_dose_0.6_gradient_0_VconcST_0.04_Vconc_3.2_run_0.csv,1200.0,0.6,0,3.2,0.04,3.2,0,9.0,37.2113,0.435565,0.0144926,37.2113,0.0,0.822929,738.56
1200_dose_0.6_gradient_0_VconcST_0.04_Vconc_3.2_run_0.csv,1200.0,0.6,0,3.2,0.04,3.2,0,9.25,39.0807,0.426932,0.0152207,39.0807,0.0,0.829968,766.805
1200_dose_0.6_gradient_0_VconcST_0.04_Vconc_3.2_run_0.csv,1200.0,0.6,0,3.2,0.04,3.2,0,9.5,40.9032,0.418471,0.0159305,40.9032,0.0,0.836311,692.101
1200_dose_0.6_gradient_0_VconcST_0.04_Vconc_3.2_run_0.csv,1200.0,0.6,0,3.2,0.04,3.2,0,9.75,42.6797,0.410177,0.0166224,42.6797,0.0,0.842055,708.648
1200_dose_0.6_gradient_0_VconcST_0.04_Vconc_3.2_run_0.csv,1200.0,0.6,0,3.2,0.04,3.2,0,10.0,44.4579,1.00205,0.017315,44.4579,0.0,0.847278,680.424
1200_dose_0.6_gradient_0_VconcST_0.04_Vconc_3.2_run_0.csv,1200.0,0.6,0,3.2,0.04,3.2,0,10.25,48.9146,0.982189,0.0190507,48.9146,0.0,0.859257,654.735
1200_dose_0.6_gradient_0_VconcST_0.04_Vconc_3.2_run_0.csv,1200.0,0.6,0,3.2,0.04,3.2,0,10.5,53.2628,0.962723,0.0207442,53.2628,0.0,0.869262,617.85
1200_dose_0.6_gradient_0_VconcST_0.04_Vconc_3.2_run_0.csv,1200.0,0.6,0,3.2,0.04,3.2,0,10.75,57.5047,0.943643,0.0223963,57.5047,0.0,0.877741,549.198
1200_dose_0.6_gradient_0_VconcST_0.04_Vconc_3.2_run_0.csv,1200.0,0.6,0,3.2,0.04,3.2,0,11.0,61.6424,0.924941,0.0240078,61.6424,0.0,0.885015,530.651
1200_dose_0.6_gradient_0_VconcST_0.04_Vconc_3.2_run_0.csv,1200.0,0.6,0,3.2,0.04,3.2,0,11.25,65.678,0.90661,0.0255796,65.678,0.0,0.891321,517.489
1200_dose_0.6_gradient_0_VconcST_0.04_Vconc_3.2_run_0.csv,1200.0,0.6,0,3.2,0.04,3.2,0,11.5,69.6138,0.888642,0.0271124,69.6138,0.0,0.896839,503.822
1200_dose_0.6_gradient_0_VconcST_0.04_Vconc_3.2_run_0.csv,1200.0,0.6,0,3.2,0.04,3.2,0,11.75,73.4517,0.87103,0.0286072,73.4517,0.0,0.901706,488.442
1200_dose_0.6_gradient_0_VconcST_0.04_Vconc_3.2_run_0.csv,1200.0,0.6,0,3.2,0.04,3.2,0,12.0,77.1937,0.853767,0.0300646,77.1937,0.0,0.906028,450.492
1200_dose_0.6_gradient_0_VconcST_0.04_Vconc_3.2_run_0.csv,1200.0,0.6,0,3.2,0.04,3.2,0,12.25,80.8419,0.836847,0.0314854,80.8419,0.0,0.909891,437.417
1200_dose_0.6_gradient_0_VconcST_0.04_Vconc_3.2_run_0.csv,1200.0,0.6,0,3.2,0.04,3.2,0,12.5,84.3981,0.820261,0.0328705,84.3981,0.0,0.913363,430.364
1200_dose_0.6_gradient_0_VconcST_0.04_Vconc_3.2_run_0.csv,1200.0,0.6,0,3.2,0.04,3.2,0,12.75,87.8643,0.804005,0.0342204,87.8643,0.0,0.916499,410.252
1200_dose_0.6_gradient_0_VconcST_0.04_Vconc_3.2_run_0.csv,1200.0,0.6,0,3.2,0.04,3.2,0,13.0,91.2423,0.78807,0.0355361,91.2423,0.0,0.919344,405.013
1200_dose_0.6_gradient_0_VconcST_0.04_Vconc_3.2_run_0.csv,1200.0,0.6,0,3.2,0.04,3.2,0,13.25,94.534,0.772451,0.0368181,94.534,0.0,0.921936,388.196
1200_dose_0.6_gradient_0_VconcST_0.04_Vconc_3.2_run_0.csv,1200.0,0.6,0,3.2,0.04,3.2,0,13.5,97.7411,0.757142,0.0380671,97.7411,0.0,0.924306,383.515
1200_dose_0.6_gradient_0_VconcST_0.04_Vconc_3.2_run_0.csv,1200.0,0.6,0,3.2,0.04,3.2,0,13.75,100.865,0.742136,0.0392839,100.865,0.0,0.92648,360.607
1200_dose_0.6_gradient_0_VconcST_0.04_Vconc_3.2_run_0.csv,1200.0,0.6,0,3.2,0.04,3.2,0,14.0,103.908,0.727428,0.0404691,103.908,0.0,0.928481,366.304
1200_dose_0.6_gradient_0_VconcST_0.04_Vconc_3.2_run_0.csv,1200.0,0.6,0,3.2,0.04,3.2,0,14.25,106.872,0.713012,0.0416234,106.872,0.0,0.930328,355.559
1200_dose_0.6_gradient_0_VconcST_0.04_Vconc_3.2_run_0.csv,1200.0,0.6,0,3.2,0.04,3.2,0,14.5,109.758,0.69888,0.0427474,109.758,0.0,0.932037,340.243
1200_dose_0.6_gradient_0_VconcST_0.04_Vconc_3.2_run_0.csv,1200.0,0.6,0,3.2,0.04,3.2,0,14.75,112.568,0.68503,0.0438417,112.568,0.0,0.933622,338.086
1200_dose_0.6_gradient_0_VconcST_0.04_Vconc_3.2_run_0.csv,1200.0,0.6,0,3.2,0.04,3.2,0,15.0,115.35,1.27145,0.0449251,115.35,0.0,0.935095,332.207
1200_dose_0.6_gradient_0_VconcST_0.04_Vconc_3.2_run_0.csv,1200.0,0.6,0,3.2,0.04,3.2,0,15.25,120.781,1.24625,0.0470405,120.781,0.0,0.937836,313.25
1200_dose_0.6_gradient_0_VconcST_0.04_Vconc_3.2_run_0.csv,1200.0,0.6,0,3.2,0.04,3.2,0,15.5,126.076,1.22156,0.0491026,126.076,0.0,0.940293,301.196
1200_dose_0.6_gradient_0_VconcST_0.04_Vconc_3.2_run_0.csv,1200.0,0.6,0,3.2,0.04,3.2,0,15.75,131.236,1.19735,0.0511125,131.236,0.0,0.942509,294.816
1200_dose_0.6_gradient_0_VconcST_0.04_Vconc_3.2_run_0.csv,1200.0,0.6,0,3.2,0.04,3.2,0,16.0,136.265,1.17361,0.0530712,136.265,0.0,0.944515,280.971
1200_dose_0.6_gradient_0_VconcST_0.04_Vconc_3.2_run_0.csv,1200.0,0.6,0,3.2,0.04,3.2,0,16.25,141.166,1.15036,0.0549798,141.166,0.0,0.946339,274.645
1200_dose_0.6_gradient_0_VconcST_0.04_Vconc_3.2_run_0.csv,1200.0,0.6,0,3.2,0.04,3.2,0,16.5,145.941,1.12756,0.0568394,145.941,0.0,0.948005,270.7
1200_dose_0.6_gradient_0_VconcST_0.04_Vconc_3.2_run_0.csv,1200.0,0.6,0,3.2,0.04,3.2,0,16.75,150.592,1.10521,0.0586509,150.592,0.0,0.949532,260.733
1200_dose_0.6_gradient_0_VconcST_0.04_Vconc_3.2_run_0.csv,1200.0,0.6,0,3.2,0.04,3.2,0,17.0,155.123,1.08331,0.0604154,155.123,0.0,0.950935,251.178
1200_dose_0.6_gradient_0_VconcST_0.04_Vconc_3.2_run_0.csv,1200.0,0.6,0,3.2,0.04,3.2,0,17.25,159.535,1.06184,0.0621338,159.535,0.0,0.952228,241.34
1200_dose_0.6_gradient_0_VconcST_0.04_Vconc_3.2_run_0.csv,1200.0,0.6,0,3.2,0.04,3.2,0,17.5,163.831,1.04079,0.0638071,163.831,0.0,0.953424,240.49
1200_dose_0.6_gradient_0_VconcST_0.04_Vconc_3.2_run_0.csv,1200.0,0.6,0,3.2,0.04,3.2,0,17.75,168.014,1.02017,0.0654363,168.014,0.0,0.954531,233.995
1200_dose_0.6_gradient_0_VconcST_0.04_Vconc_3.2_run_0.csv,1200.0,0.6,0,3.2,0.04,3.2,0,18.0,172.086,0.999947,0.0670221,172.086,0.0,0.95556,224.612
1200_dose_0.6_gradient_0_VconcST_0.04_Vconc_3.2_run_0.csv,1200.0,0.6,0,3.2,0.04,3.2,0,18.25,176.049,0.980129,0.0685656,176.049,0.0,0.956518,223.063
1200_dose_0.6_gradient_0_VconcST_0.04_Vconc_3.2_run_0.csv,1200.0,0.6,0,3.2,0.04,3.2,0,18.5,179.906,0.960704,0.0700677,179.906,0.0,0.957411,220.283
1200_dose_0.6_gradient_0_VconcST_0.04_Vconc_3.2_run_0.csv,1200.0,0.6,0,3.2,0.04,3.2,0,18.75,183.658,0.941664,0.0715291,183.658,0.0,0.958246,217.568
1200_dose_0.6_gradient_0_VconcST_0.04_Vconc_3.2_run_0.csv,1200.0,0.6,0,3.2,0.04,3.2,0,19.0,187.308,0.923002,0.0729507,187.308,0.0,0.959027,208.472
1200_dose_0.6_gradient_0_VconcST_0.04_Vconc_3.2_run_0.csv,1200.0,0.6,0,3.2,0.04,3.2,0,19.25,190.858,0.904709,0.0743334,190.858,0.0,0.959759,206.752
1200_dose_0.6_gradient_0_VconcST_0.04_Vconc_3.2_run_0.csv,1200.0,0.6,0,3.2,0.04,3.2,0,19.5,194.311,0.886779,0.075678,194.311,0.0,0.960446,201.937
1200_dose_0.6_gradient_0_VconcST_0.04_Vconc_3.2_run_0.csv,1200.0,0.6,0,3.2,0.04,3.2,0,19.75,197.667,0.869204,0.0769853,197.667,0.0,0.961092,198.547
1200_dose_0.6_gradient_0_VconcST_0.04_Vconc_3.2_run_0.csv,1200.0,0.6,0,3.2,0.04,3.2,0,20.0,200.977,1.45198,0.0782741,200.977,0.0,0.9617,197.076
1200_dose_0.6_gradient_0_VconcST_0.04_Vconc_3.2_run_0.csv,1200.0,0.6,0,3.2,0.04,3.2,0,20.25,206.917,1.4232,0.0805876,206.917,0.0,0.962759,196.786
1200_dose_0.6_gradient_0_VconcST_0.04_Vconc_3.2_run_0.csv,1200.0,0.6,0,3.2,0.04,3.2,0,20.5,212.701,1.39499,0.0828406,212.701,0.0,0.963736,187.482
1200_dose_0.6_gradient_0_VconcST_0.04_Vconc_3.2_run_0.csv,1200.0,0.6,0,3.2,0.04,3.2,0,20.75,218.334,1.36735,0.0850343,218.334,0.0,0.96464,183.336
1200_dose_0.6_gradient_0_VconcST_0.04_Vconc_3.2_run_0.csv,1200.0,0.6,0,3.2,0.04,3.2,0,21.0,223.818,1.34025,0.08717,223.818,0.0,0.965477,177.991
1200_dose_0.6_gradient_0_VconcST_0.04_Vconc_3.2_run_0.csv,1200.0,0.6,0,3.2,0.04,3.2,0,21.25,229.155,1.31369,0.0892489,229.155,0.0,0.966254,176.241
1200_dose_0.6_gradient_0_VconcST_0.04_Vconc_3.2_run_0.csv,1200.0,0.6,0,3.2,0.04,3.2,0,21.5,234.35,1.28765,0.0912721,234.35,0.0,0.966978,167.813
1200_dose_0.6_gradient_0_VconcST_0.04_Vconc_3.2_run_0.csv,1200.0,0.6,0,3.2,0.04,3.2,0,21.75,239.405,1.26213,0.0932409,239.405,0.0,0.967654,169.041
1200_dose_0.6_gradient_0_VconcST_0.04_Vconc_3.2_run_0.csv,1200.0,0.6,0,3.2,0.04,3.2,0,22.0,244.323,1.23712,0.0951563,244.323,0.0,0.968284,166.971
1200_dose_0.6_gradient_0_VconcST_0.04_Vconc_3.2_run_0.csv,1200.0,0.6,0,3.2,0.04,3.2,0,22.25,249.107,1.2126,0.0970195,249.107,0.0,0.968875,160.679
1200_dose_0.6_gradient_0_VconcST_0.04_Vconc_3.2_run_0.csv,1200.0,0.6,0,3.2,0.04,3.2,0,22.5,253.76,1.18857,0.0988315,253.76,0.0,0.969429,158.964
1200_dose_0.6_gradient_0_VconcST_0.04_Vconc_3.2_run_0.csv,1200.0,0.6,0,3.2,0.04,3.2,0,22.75,258.284,1.16501,0.100594,258.284,0.0,0.969948,154.833
1200_dose_0.6_gradient_0_VconcST_0.04_Vconc_3.2_run_0.csv,1200.0,0.6,0,3.2,0.04,3.2,0,23.0,262.682,1.14192,0.102306,262.682,0.0,0.970437,152.345
1200_dose_0.6_gradient_0_VconcST_0.04_Vconc_3.2_run_0.csv,1200.0,0.6,0,3.2,0.04,3.2,0,23.25,266.957,1.11929,0.103971,266.957,0.0,0.970897,152.486
1200_dose_0.6_gradient_0_VconcST_0.04_Vconc_3.2_run_0.csv,1200.0,0.6,0,3.2,0.04,3.2,0,23.5,271.111,1.09711,0.105589,271.111,0.0,0.971331,149.754
1200_dose_0.6_gradient_0_VconcST_0.04_Vconc_3.2_run_0.csv,1200.0,0.6,0,3.2,0.04,3.2,0,23.75,275.147,1.07536,0.107161,275.147,0.0,0.97174,146.869
1200_dose_0.6_gradient_0_VconcST_0.04_Vconc_3.2_run_0.csv,1200.0,0.6,0,3.2,0.04,3.2,0,24.0,279.068,1.05405,0.108688,279.068,0.0,0.972126,144.215
1200_dose_0.6_gradient_0_VconcST_0.04_Vconc_3.2_run_0.csv,1200.0,0.6,0,3.2,0.04,3.2,0,24.25,282.875,1.03316,0.110171,282.875,0.0,0.972491,143.581
1200_dose_0.6_gradient_0_VconcST_0.04_Vconc_3.2_run_0.csv,1200.0,0.6,0,3.2,0.04,3.2,0,24.5,286.571,1.01269,0.111611,286.571,0.0,0.972836,140.042
1200_dose_0.6_gradient_0_VconcST_0.04_Vconc_3.2_run_0.csv,1200.0,0.6,0,3.2,0.04,3.2,0,24.75,290.159,0.992615,0.113008,290.159,0.0,0.973163,142.648
1200_dose_0.6_gradient_0_VconcST_0.04_Vconc_3.2_run_0.csv,1200.0,0.6,0,3.2,0.04,3.2,0,25.0,293.687,1.57294,0.114382,293.687,0.0,0.973473,138.969
1200_dose_0.6_gradient_0_VconcST_0.04_Vconc_3.2_run_0.csv,1200.0,0.6,0,3.2,0.04,3.2,0,25.25,299.834,1.54177,0.116776,299.834,0.0,0.974003,134.177
1200_dose_0.6_gradient_0_VconcST_0.04_Vconc_3.2_run_0.csv,1200.0,0.6,0,3.2,0.04,3.2,0,25.5,305.814,1.51121,0.119105,305.814,0.0,0.974499,133.679
1200_dose_0.6_gradient_0_VconcST_0.04_Vconc_3.2_run_0.csv,1200.0,0.6,0,3.2,0.04,3.2,0,25.75,311.63,1.48126,0.12137,311.63,0.0,0.974964,131.816
1200_dose_0.6_gradient_0_VconcST_0.04_Vconc_3.2_run_0.csv,1200.0,0.6,0,3.2,0.04,3.2,0,26.0,317.285,1.45191,0.123573,317.285,0.0,0.975399,128.019
1200_dose_0.6_gradient_0_VconcST_0.04_Vconc_3.2_run_0.csv,1200.0,0.6,0,3.2,0.04,3.2,0,26.25,322.784,1.42313,0.125714,322.784,0.0,0.975808,126.081
1200_dose_0.6_gradient_0_VconcST_0.04_Vconc_3.2_run_0.csv,1200.0,0.6,0,3.2,0.04,3.2,0,26.5,328.129,1.39493,0.127796,328.129,0.0,0.976193,124.52
1200_dose_0.6_gradient_0_VconcST_0.04_Vconc_3.2_run_0.csv,1200.0,0.6,0,3.2,0.04,3.2,0,26.75,333.324,1.36728,0.129819,333.324,0.0,0.976556,121.063
1200_dose_0.6_gradient_0_VconcST_0.04_Vconc_3.2_run_0.csv,1200.0,0.6,0,3.2,0.04,3.2,0,27.0,338.371,1.34018,0.131785,338.371,0.0,0.976898,121.464
1200_dose_0.6_gradient_0_VconcST_0.04_Vconc_3.2_run_0.csv,1200.0,0.6,0,3.2,0.04,3.2,0,27.25,343.274,1.31362,0.133695,343.274,0.0,0.977221,117.281
1200_dose_0.6_gradient_0_VconcST_0.04_Vconc_3.2_run_0.csv,1200.0,0.6,0,3.2,0.04,3.2,0,27.5,348.036,1.28759,0.135549,348.036,0.0,0.977525,117.143
1200_dose_0.6_gradient_0_VconcST_0.04_Vconc_3.2_run_0.csv,1200.0,0.6,0,3.2,0.04,3.2,0,27.75,352.66,1.26207,0.13735,352.66,0.0,0.977814,116.189
1200_dose_0.6_gradient_0_VconcST_0.04_Vconc_3.2_run_0.csv,1200.0,0.6,0,3.2,0.04,3.2,0,28.0,357.148,1.23706,0.139098,357.148,0.0,0.978087,114.159
1200_dose_0.6_gradient_0_VconcST_0.04_Vconc_3.2_run_0.csv,1200.0,0.6,0,3.2,0.04,3.2,0,28.25,361.504,1.21254,0.140795,361.504,0.0,0.978345,113.775
1200_dose_0.6_gradient_0_VconcST_0.04_Vconc_3.2_run_0.csv,1200.0,0.6,0,3.2,0.04,3.2,0,28.5,365.73,1.18851,0.142441,365.73,0.0,0.97859,112.087
1200_dose_0.6_gradient_0_VconcST_0.04_Vconc_3.2_run_0.csv,1200.0,0.6,0,3.2,0.04,3.2,0,28.75,369.829,1.16495,0.144037,369.829,0.0,0.978823,110.634
1200_dose_0.6_gradient_0_VconcST_0.04_Vconc_0.8_run_0.csv,1200.0,0.6,0,0.8,0.04,0.8,0,0.0,0.0,0.0,0.0,0.0,0.0,0.0,0.0
1200_dose_0.6_gradient_0_VconcST_0.04_Vconc_0.8_run_0.csv,1200.0,0.6,0,0.8,0.04,0.8,0,0.25,0.0,0.0,0.0,0.0,0.0,0.0,1313.59
1200_dose_0.6_gradient_0_VconcST_0.04_Vconc_0.8_run_0.csv,1200.0,0.6,0,0.8,0.04,0.8,0,0.5,0.0,0.0,0.0,0.0,0.0,0.0,908.289
1200_dose_0.6_gradient_0_VconcST_0.04_Vconc_0.8_run_0.csv,1200.0,0.6,0,0.8,0.04,0.8,0,0.75,0.0,0.0,0.0,0.0,0.0,0.0,932.692
1200_dose_0.6_gradient_0_VconcST_0.04_Vconc_0.8_run_0.csv,1200.0,0.6,0,0.8,0.04,0.8,0,1.0,0.0,0.0,0.0,0.0,0.0,0.0,1045.19
1200_dose_0.6_gradient_0_VconcST_0.04_Vconc_0.8_run_0.csv,1200.0,0.6,0,0.8,0.04,0.8,0,1.25,0.0,0.0,0.0,0.0,0.0,0.0,920.252
1200_dose_0.6_gradient_0_VconcST_0.04_Vconc_0.8_run_0.csv,1200.0,0.6,0,0.8,0.04,0.8,0,1.5,0.0,0.0,0.0,0.0,0.0,0.0,994.559
1200_dose_0.6_gradient_0_VconcST_0.04_Vconc_0.8_run_0.csv,1200.0,0.6,0,0.8,0.04,0.8,0,1.75,0.0,0.0,0.0,0.0,0.0,0.0,1002.51
1200_dose_0.6_gradient_0_VconcST_0.04_Vconc_0.8_run_0.csv,1200.0,0.6,0,0.8,0.04,0.8,0,2.0,0.0,0.0,0.0,0.0,0.0,0.0,1157.2
1200_dose_0.6_gradient_0_VconcST_0.04_Vconc_0.8_run_0.csv,1200.0,0.6,0,0.8,0.04,0.8,0,2.25,0.0,0.0,0.0,0.0,0.00206163,0.0,1310.86
1200_dose_0.6_gradient_0_VconcST_0.04_Vconc_0.8_run_0.csv,1200.0,0.6,0,0.8,0.04,0.8,0,2.5,0.0,0.0,0.0,0.0,0.0180773,0.0,1506.84
1200_dose_0.6_gradient_0_VconcST_0.04_Vconc_0.8_run_0.csv,1200.0,0.6,0,0.8,0.04,0.8,0,2.75,0.0,0.0,0.0,0.0,0.0641189,0.0,1586.09
1200_dose_0.6_gradient_0_VconcST_0.04_Vconc_0.8_run_0.csv,1200.0,0.6,0,0.8,0.04,0.8,0,3.0,0.0,0.0,0.0,0.0,0.145239,0.0,1727.23
1200_dose_0.6_gradient_0_VconcST_0.04_Vconc_0.8_run_0.csv,1200.0,0.6,0,0.8,0.04,0.8,0,3.25,0.0,0.0,0.0,0.0,0.249766,0.0,1842.46
1200_dose_0.6_gradient_0_VconcST_0.04_Vconc_0.8_run_0.csv,1200.0,0.6,0,0.8,0.04,0.8,0,3.5,0.0,0.0,0.0,0.0,0.391693,0.0,2020.68
1200_dose_0.6_gradient_0_VconcST_0.04_Vconc_0.8_run_0.csv,1200.0,0.6,0,0.8,0.04,0.8,0,3.75,0.0,0.0,0.0,0.0,0.56487,0.0,2081.5
1200_dose_0.6_gradient_0_VconcST_0.04_Vconc_0.8_run_0.csv,1200.0,0.6,0,0.8,0.04,0.8,0,4.0,0.0,0.0,0.0,0.0,0.769297,0.0,2226.15
1200_dose_0.6_gradient_0_VconcST_0.04_Vconc_0.8_run_0.csv,1200.0,0.6,0,0.8,0.04,0.8,0,4.25,0.0,0.0,0.0,0.0,0.905208,0.0,2177.86
1200_dose_0.6_gradient_0_VconcST_0.04_Vconc_0.8_run_0.csv,1200.0,0.6,0,0.8,0.04,0.8,0,4.5,0.0,0.0,0.0,0.0,0.967708,0.0,2150.17
1200_dose_0.6_gradient_0_VconcST_0.04_Vconc_0.8_run_0.csv,1200.0,0.6,0,0.8,0.04,0.8,0,4.75,0.0,0.0,0.0,0.0,0.986458,0.0,2241.16
1200_dose_0.6_gradient_0_VconcST_0.04_Vconc_0.8_run_0.csv,1200.0,0.6,0,0.8,0.04,0.8,0,5.0,0.0467175,0.6,1.8195e-05,0.0467175,0.986458,0.0,2199.05
1200_dose_0.6_gradient_0_VconcST_0.04_Vconc_0.8_run_0.csv,1200.0,0.6,0,0.8,0.04,0.8,0,5.25,2.81607,0.588109,0.00109677,2.81607,1.0,0.257227,1602.81
1200_dose_0.6_gradient_0_VconcST_0.04_Vconc_0.8_run_0.csv,1200.0,0.6,0,0.8,0.04,0.8,0,5.5,5.52002,0.576453,0.00214988,5.52002,1.0,0.406329,1063.18
1200_dose_0.6_gradient_0_VconcST_0.04_Vconc_0.8_run_0.csv,1200.0,0.6,0,0.8,0.04,0.8,0,5.75,8.15993,0.565028,0.00317804,8.15993,0.0,0.503613,614.381
1200_dose_0.6_gradient_0_VconcST_0.04_Vconc_0.8_run_0.csv,1200.0,0.6,0,0.8,0.04,0.8,0,6.0,10.7371,0.55383,0.00418176,10.7371,0.0,0.57207,539.443
1200_dose_0.6_gradient_0_VconcST_0.04_Vconc_0.8_run_0.csv,1200.0,0.6,0,0.8,0.04,0.8,0,6.25,13.2528,0.542854,0.00516155,13.2528,0.0,0.622844,461.791
1200_dose_0.6_gradient_0_VconcST_0.04_Vconc_0.8_run_0.csv,1200.0,0.6,0,0.8,0.04,0.8,0,6.5,15.7083,0.532095,0.00611789,15.7083,0.0,0.661989,421.47
1200_dose_0.6_gradient_0_VconcST_0.04_Vconc_0.8_run_0.csv,1200.0,0.6,0,0.8,0.04,0.8,0,6.75,18.1048,0.521549,0.00705126,18.1048,0.0,0.693079,388.378
1200_dose_0.6_gradient_0_VconcST_0.04_Vconc_0.8_run_0.csv,1200.0,0.6,0,0.8,0.04,0.8,0,7.0,20.4436,0.511213,0.00796214,20.4436,0.0,0.71836,360.335
1200_dose_0.6_gradient_0_VconcST_0.04_Vconc_0.8_run_0.csv,1200.0,0.6,0,0.8,0.04,0.8,0,7.25,22.7257,0.501081,0.00885096,22.7257,0.0,0.739313,326.616
1200_dose_0.6_gradient_0_VconcST_0.04_Vconc_0.8_run_0.csv,1200.0,0.6,0,0.8,0.04,0.8,0,7.5,24.9525,0.49115,0.00971822,24.9525,0.0,0.756956,307.503
1200_dose_0.6_gradient_0_VconcST_0.04_Vconc_0.8_run_0.csv,1200.0,0.6,0,0.8,0.04,0.8,0,7.75,27.1249,0.481416,0.0105643,27.1249,0.0,0.772009,287.573
1200_dose_0.6_gradient_0_VconcST_0.04_Vconc_0.8_run_0.csv,1200.0,0.6,0,0.8,0.04,0.8,0,8.0,29.2443,0.471875,0.0113897,29.2443,0.0,0.785,275.013
1200_dose_0.6_gradient_0_VconcST_0.04_Vconc_0.8_run_0.csv,1200.0,0.6,0,0.8,0.04,0.8,0,8.25,31.3115,0.462523,0.0121949,31.3115,0.0,0.796321,263.755
1200_dose_0.6_gradient_0_VconcST_0.04_Vconc_0.8_run_0.csv,1200.0,0.6,0,0.8,0.04,0.8,0,8.5,33.3277,0.453357,0.0129801,33.3277,0.0,0.80627,244.025
1200_dose_0.6_gradient_0_VconcST_0.04_Vconc_0.8_run_0.csv,1200.0,0.6,0,0.8,0.04,0.8,0,8.75,35.2939,0.444372,0.0137459,35.2939,0.0,0.815078,236.853
1200_dose_0.6_gradient_0_VconcST_0.04_Vconc_0.8_run_0.csv,1200.0,0.6,0,0.8,0.04,0.8,0,9.0,37.2113,0.435565,0.0144926,37.2113,0.0,0.822929,226.801
1200_dose_0.6_gradient_0_VconcST_0.04_Vconc_0.8_run_0.csv,1200.0,0.6,0,0.8,0.04,0.8,0,9.25,39.0807,0.426932,0.0152207,39.0807,0.0,0.829968,224.066
1200_dose_0.6_gradient_0_VconcST_0.04_Vconc_0.8_run_0.csv,1200.0,0.6,0,0.8,0.04,0.8,0,9.5,40.9032,0.418471,0.0159305,40.9032,0.0,0.836311,213.16
1200_dose_0.6_gradient_0_VconcST_0.04_Vconc_0.8_run_0.csv,1200.0,0.6,0,0.8,0.04,0.8,0,9.75,42.6797,0.410177,0.0166224,42.6797,0.0,0.842055,204.227
1200_dose_0.6_gradient_0_VconcST_0.04_Vconc_0.8_run_0.csv,1200.0,0.6,0,0.8,0.04,0.8,0,10.0,44.4579,1.00205,0.017315,44.4579,0.0,0.847278,193.819
1200_dose_0.6_gradient_0_VconcST_0.04_Vconc_0.8_run_0.csv,1200.0,0.6,0,0.8,0.04,0.8,0,10.25,48.9146,0.982189,0.0190507,48.9146,0.0,0.859257,183.251
1200_dose_0.6_gradient_0_VconcST_0.04_Vconc_0.8_run_0.csv,1200.0,0.6,0,0.8,0.04,0.8,0,10.5,53.2628,0.962723,0.0207442,53.2628,0.0,0.869262,168.315
1200_dose_0.6_gradient_0_VconcST_0.04_Vconc_0.8_run_0.csv,1200.0,0.6,0,0.8,0.04,0.8,0,10.75,57.5047,0.943643,0.0223963,57.5047,0.0,0.877741,159.088
1200_dose_0.6_gradient_0_VconcST_0.04_Vconc_0.8_run_0.csv,1200.0,0.6,0,0.8,0.04,0.8,0,11.0,61.6424,0.924941,0.0240078,61.6424,0.0,0.885015,150.088
1200_dose_0.6_gradient_0_VconcST_0.04_Vconc_0.8_run_0.csv,1200.0,0.6,0,0.8,0.04,0.8,0,11.25,65.678,0.90661,0.0255796,65.678,0.0,0.891321,144.06
1200_dose_0.6_gradient_0_VconcST_0.04_Vconc_0.8_run_0.csv,1200.0,0.6,0,0.8,0.04,0.8,0,11.5,69.6138,0.888642,0.0271124,69.6138,0.0,0.896839,136.462
1200_dose_0.6_gradient_0_VconcST_0.04_Vconc_0.8_run_0.csv,1200.0,0.6,0,0.8,0.04,0.8,0,11.75,73.4517,0.87103,0.0286072,73.4517,0.0,0.901706,128.563
1200_dose_0.6_gradient_0_VconcST_0.04_Vconc_0.8_run_0.csv,1200.0,0.6,0,0.8,0.04,0.8,0,12.0,77.1937,0.853767,0.0300646,77.1937,0.0,0.906028,120.97
1200_dose_0.6_gradient_0_VconcST_0.04_Vconc_0.8_run_0.csv,1200.0,0.6,0,0.8,0.04,0.8,0,12.25,80.8419,0.836847,0.0314854,80.8419,0.0,0.909891,116.622
1200_dose_0.6_gradient_0_VconcST_0.04_Vconc_0.8_run_0.csv,1200.0,0.6,0,0.8,0.04,0.8,0,12.5,84.3981,0.820261,0.0328705,84.3981,0.0,0.913363,112.456
1200_dose_0.6_gradient_0_VconcST_0.04_Vconc_0.8_run_0.csv,1200.0,0.6,0,0.8,0.04,0.8,0,12.75,87.8643,0.804005,0.0342204,87.8643,0.0,0.916499,110.064
1200_dose_0.6_gradient_0_VconcST_0.04_Vconc_0.8_run_0.csv,1200.0,0.6,0,0.8,0.04,0.8,0,13.0,91.2423,0.78807,0.0355361,91.2423,0.0,0.919344,106.72
1200_dose_0.6_gradient_0_VconcST_0.04_Vconc_0.8_run_0.csv,1200.0,0.6,0,0.8,0.04,0.8,0,13.25,94.534,0.772451,0.0368181,94.534,0.0,0.921936,101.596
1200_dose_0.6_gradient_0_VconcST_0.04_Vconc_0.8_run_0.csv,1200.0,0.6,0,0.8,0.04,0.8,0,13.5,97.7411,0.757142,0.0380671,97.7411,0.0,0.924306,98.5948
1200_dose_0.6_gradient_0_VconcST_0.04_Vconc_0.8_run_0.csv,1200.0,0.6,0,0.8,0.04,0.8,0,13.75,100.865,0.742136,0.0392839,100.865,0.0,0.92648,95.9556
1200_dose_0.6_gradient_0_VconcST_0.04_Vconc_0.8_run_0.csv,1200.0,0.6,0,0.8,0.04,0.8,0,14.0,103.908,0.727428,0.0404691,103.908,0.0,0.928481,94.4329
1200_dose_0.6_gradient_0_VconcST_0.04_Vconc_0.8_run_0.csv,1200.0,0.6,0,0.8,0.04,0.8,0,14.25,106.872,0.713012,0.0416234,106.872,0.0,0.930328,90.2228
1200_dose_0.6_gradient_0_VconcST_0.04_Vconc_0.8_run_0.csv,1200.0,0.6,0,0.8,0.04,0.8,0,14.5,109.758,0.69888,0.0427474,109.758,0.0,0.932037,88.6922
1200_dose_0.6_gradient_0_VconcST_0.04_Vconc_0.8_run_0.csv,1200.0,0.6,0,0.8,0.04,0.8,0,14.75,112.568,0.68503,0.0438417,112.568,0.0,0.933622,85.9557
1200_dose_0.6_gradient_0_VconcST_0.04_Vconc_0.8_run_0.csv,1200.0,0.6,0,0.8,0.04,0.8,0,15.0,115.35,1.27145,0.0449251,115.35,0.0,0.935095,85.9856
1200_dose_0.6_gradient_0_VconcST_0.04_Vconc_0.8_run_0.csv,1200.0,0.6,0,0.8,0.04,0.8,0,15.25,120.781,1.24625,0.0470405,120.781,0.0,0.937836,81.6883
1200_dose_0.6_gradient_0_VconcST_0.04_Vconc_0.8_run_0.csv,1200.0,0.6,0,0.8,0.04,0.8,0,15.5,126.076,1.22156,0.0491026,126.076,0.0,0.940293,78.1565
1200_dose_0.6_gradient_0_VconcST_0.04_Vconc_0.8_run_0.csv,1200.0,0.6,0,0.8,0.04,0.8,0,15.75,131.236,1.19735,0.0511125,131.236,0.0,0.942509,74.5384
1200_dose_0.6_gradient_0_VconcST_0.04_Vconc_0.8_run_0.csv,1200.0,0.6,0,0.8,0.04,0.8,0,16.0,136.265,1.17361,0.0530712,136.265,0.0,0.944515,73.1185
1200_dose_0.6_gradient_0_VconcST_0.04_Vconc_0.8_run_0.csv,1200.0,0.6,0,0.8,0.04,0.8,0,16.25,141.166,1.15036,0.0549798,141.166,0.0,0.946339,70.8021
1200_dose_0.6_gradient_0_VconcST_0.04_Vconc_0.8_run_0.csv,1200.0,0.6,0,0.8,0.04,0.8,0,16.5,145.941,1.12756,0.0568394,145.941,0.0,0.948005,67.3246
1200_dose_0.6_gradient_0_VconcST_0.04_Vconc_0.8_run_0.csv,1200.0,0.6,0,0.8,0.04,0.8,0,16.75,150.592,1.10521,0.0586509,150.592,0.0,0.949532,66.1024
1200_dose_0.6_gradient_0_VconcST_0.04_Vconc_0.8_run_0.csv,1200.0,0.6,0,0.8,0.04,0.8,0,17.0,155.123,1.08331,0.0604154,155.123,0.0,0.950935,63.5105
1200_dose_0.6_gradient_0_VconcST_0.04_Vconc_0.8_run_0.csv,1200.0,0.6,0,0.8,0.04,0.8,0,17.25,159.535,1.06184,0.0621338,159.535,0.0,0.952228,62.3404
1200_dose_0.6_gradient_0_VconcST_0.04_Vconc_0.8_run_0.csv,1200.0,0.6,0,0.8,0.04,0.8,0,17.5,163.831,1.04079,0.0638071,163.831,0.0,0.953424,59.9029
1200_dose_0.6_gradient_0_VconcST_0.04_Vconc_0.8_run_0.csv,1200.0,0.6,0,0.8,0.04,0.8,0,17.75,168.014,1.02017,0.0654363,168.014,0.0,0.954531,59.385
1200_dose_0.6_gradient_0_VconcST_0.04_Vconc_0.8_run_0.csv,1200.0,0.6,0,0.8,0.04,0.8,0,18.0,172.086,0.999947,0.0670221,172.086,0.0,0.95556,57.8606
1200_dose_0.6_gradient_0_VconcST_0.04_Vconc_0.8_run_0.csv,1200.0,0.6,0,0.8,0.04,0.8,0,18.25,176.049,0.980129,0.0685656,176.049,0.0,0.956518,56.3094
1200_dose_0.6_gradient_0_VconcST_0.04_Vconc_0.8_run_0.csv,1200.0,0.6,0,0.8,0.04,0.8,0,18.5,179.906,0.960704,0.0700677,179.906,0.0,0.957411,55.4068
1200_dose_0.6_gradient_0_VconcST_0.04_Vconc_0.8_run_0.csv,1200.0,0.6,0,0.8,0.04,0.8,0,18.75,183.658,0.941664,0.0715291,183.658,0.0,0.958246,54.2631
1200_dose_0.6_gradient_0_VconcST_0.04_Vconc_0.8_run_0.csv,1200.0,0.6,0,0.8,0.04,0.8,0,19.0,187.308,0.923002,0.0729507,187.308,0.0,0.959027,53.8391
1200_dose_0.6_gradient_0_VconcST_0.04_Vconc_0.8_run_0.csv,1200.0,0.6,0,0.8,0.04,0.8,0,19.25,190.858,0.904709,0.0743334,190.858,0.0,0.959759,51.9755
1200_dose_0.6_gradient_0_VconcST_0.04_Vconc_0.8_run_0.csv,1200.0,0.6,0,0.8,0.04,0.8,0,19.5,194.311,0.886779,0.075678,194.311,0.0,0.960446,51.7696
1200_dose_0.6_gradient_0_VconcST_0.04_Vconc_0.8_run_0.csv,1200.0,0.6,0,0.8,0.04,0.8,0,19.75,197.667,0.869204,0.0769853,197.667,0.0,0.961092,50.3397
1200_dose_0.6_gradient_0_VconcST_0.04_Vconc_0.8_run_0.csv,1200.0,0.6,0,0.8,0.04,0.8,0,20.0,200.977,1.45198,0.0782741,200.977,0.0,0.9617,49.5629
1200_dose_0.6_gradient_0_VconcST_0.04_Vconc_0.8_run_0.csv,1200.0,0.6,0,0.8,0.04,0.8,0,20.25,206.917,1.4232,0.0805876,206.917,0.0,0.962759,48.1722
1200_dose_0.6_gradient_0_VconcST_0.04_Vconc_0.8_run_0.csv,1200.0,0.6,0,0.8,0.04,0.8,0,20.5,212.701,1.39499,0.0828406,212.701,0.0,0.963736,47.094
1200_dose_0.6_gradient_0_VconcST_0.04_Vconc_0.8_run_0.csv,1200.0,0.6,0,0.8,0.04,0.8,0,20.75,218.334,1.36735,0.0850343,218.334,0.0,0.96464,46.0074
1200_dose_0.6_gradient_0_VconcST_0.04_Vconc_0.8_run_0.csv,1200.0,0.6,0,0.8,0.04,0.8,0,21.0,223.818,1.34025,0.08717,223.818,0.0,0.965477,44.3845
1200_dose_0.6_gradient_0_VconcST_0.04_Vconc_0.8_run_0.csv,1200.0,0.6,0,0.8,0.04,0.8,0,21.25,229.155,1.31369,0.0892489,229.155,0.0,0.966254,43.7216
1200_dose_0.6_gradient_0_VconcST_0.04_Vconc_0.8_run_0.csv,1200.0,0.6,0,0.8,0.04,0.8,0,21.5,234.35,1.28765,0.0912721,234.35,0.0,0.966978,42.8237
1200_dose_0.6_gradient_0_VconcST_0.04_Vconc_0.8_run_0.csv,1200.0,0.6,0,0.8,0.04,0.8,0,21.75,239.405,1.26213,0.0932409,239.405,0.0,0.967654,42.4633
1200_dose_0.6_gradient_0_VconcST_0.04_Vconc_0.8_run_0.csv,1200.0,0.6,0,0.8,0.04,0.8,0,22.0,244.323,1.23712,0.0951563,244.323,0.0,0.968284,41.1712
1200_dose_0.6_gradient_0_VconcST_0.04_Vconc_0.8_run_0.csv,1200.0,0.6,0,0.8,0.04,0.8,0,22.25,249.107,1.2126,0.0970195,249.107,0.0,0.968875,40.2412
1200_dose_0.6_gradient_0_VconcST_0.04_Vconc_0.8_run_0.csv,1200.0,0.6,0,0.8,0.04,0.8,0,22.5,253.76,1.18857,0.0988315,253.76,0.0,0.969429,39.7631
1200_dose_0.6_gradient_0_VconcST_0.04_Vconc_0.8_run_0.csv,1200.0,0.6,0,0.8,0.04,0.8,0,22.75,258.284,1.16501,0.100594,258.284,0.0,0.969948,39.363
1200_dose_0.6_gradient_0_VconcST_0.04_Vconc_0.8_run_0.csv,1200.0,0.6,0,0.8,0.04,0.8,0,23.0,262.682,1.14192,0.102306,262.682,0.0,0.970437,38.4565
1200_dose_0.6_gradient_0_VconcST_0.04_Vconc_0.8_run_0.csv,1200.0,0.6,0,0.8,0.04,0.8,0,23.25,266.957,1.11929,0.103971,266.957,0.0,0.970897,37.3931
1200_dose_0.6_gradient_0_VconcST_0.04_Vconc_0.8_run_0.csv,1200.0,0.6,0,0.8,0.04,0.8,0,23.5,271.111,1.09711,0.105589,271.111,0.0,0.971331,37.323
1200_dose_0.6_gradient_0_VconcST_0.04_Vconc_0.8_run_0.csv,1200.0,0.6,0,0.8,0.04,0.8,0,23.75,275.147,1.07536,0.107161,275.147,0.0,0.97174,36.4464
1200_dose_0.6_gradient_0_VconcST_0.04_Vconc_0.8_run_0.csv,1200.0,0.6,0,0.8,0.04,0.8,0,24.0,279.068,1.05405,0.108688,279.068,0.0,0.972126,36.1376
1200_dose_0.6_gradient_0_VconcST_0.04_Vconc_0.8_run_0.csv,1200.0,0.6,0,0.8,0.04,0.8,0,24.25,282.875,1.03316,0.110171,282.875,0.0,0.972491,35.5227
1200_dose_0.6_gradient_0_VconcST_0.04_Vconc_0.8_run_0.csv,1200.0,0.6,0,0.8,0.04,0.8,0,24.5,286.571,1.01269,0.111611,286.571,0.0,0.972836,35.2023
1200_dose_0.6_gradient_0_VconcST_0.04_Vconc_0.8_run_0.csv,1200.0,0.6,0,0.8,0.04,0.8,0,24.75,290.159,0.992615,0.113008,290.159,0.0,0.973163,34.6878
1200_dose_0.6_gradient_0_VconcST_0.04_Vconc_0.8_run_0.csv,1200.0,0.6,0,0.8,0.04,0.8,0,25.0,293.687,1.57294,0.114382,293.687,0.0,0.973473,34.4699
1200_dose_0.6_gradient_0_VconcST_0.04_Vconc_0.8_run_0.csv,1200.0,0.6,0,0.8,0.04,0.8,0,25.25,299.834,1.54177,0.116776,299.834,0.0,0.974003,33.3726
1200_dose_0.6_gradient_0_VconcST_0.04_Vconc_0.8_run_0.csv,1200.0,0.6,0,0.8,0.04,0.8,0,25.5,305.814,1.51121,0.119105,305.814,0.0,0.974499,32.9132
1200_dose_0.6_gradient_0_VconcST_0.04_Vconc_0.8_run_0.csv,1200.0,0.6,0,0.8,0.04,0.8,0,25.75,311.63,1.48126,0.12137,311.63,0.0,0.974964,32.2037
1200_dose_0.6_gradient_0_VconcST_0.04_Vconc_0.8_run_0.csv,1200.0,0.6,0,0.8,0.04,0.8,0,26.0,317.285,1.45191,0.123573,317.285,0.0,0.975399,31.8527
1200_dose_0.6_gradient_0_VconcST_0.04_Vconc_0.8_run_0.csv,1200.0,0.6,0,0.8,0.04,0.8,0,26.25,322.784,1.42313,0.125714,322.784,0.0,0.975808,31.0883
1200_dose_0.6_gradient_0_VconcST_0.04_Vconc_0.8_run_0.csv,1200.0,0.6,0,0.8,0.04,0.8,0,26.5,328.129,1.39493,0.127796,328.129,0.0,0.976193,30.6949
1200_dose_0.6_gradient_0_VconcST_0.04_Vconc_0.8_run_0.csv,1200.0,0.6,0,0.8,0.04,0.8,0,26.75,333.324,1.36728,0.129819,333.324,0.0,0.976556,30.2267
1200_dose_0.6_gradient_0_VconcST_0.04_Vconc_0.8_run_0.csv,1200.0,0.6,0,0.8,0.04,0.8,0,27.0,338.371,1.34018,0.131785,338.371,0.0,0.976898,29.8486
1200_dose_0.6_gradient_0_VconcST_0.04_Vconc_0.8_run_0.csv,1200.0,0.6,0,0.8,0.04,0.8,0,27.25,343.274,1.31362,0.133695,343.274,0.0,0.977221,29.5463
1200_dose_0.6_gradient_0_VconcST_0.04_Vconc_0.8_run_0.csv,1200.0,0.6,0,0.8,0.04,0.8,0,27.5,348.036,1.28759,0.135549,348.036,0.0,0.977525,28.7936
1200_dose_0.6_gradient_0_VconcST_0.04_Vconc_0.8_run_0.csv,1200.0,0.6,0,0.8,0.04,0.8,0,27.75,352.66,1.26207,0.13735,352.66,0.0,0.977814,28.8301
1200_dose_0.6_gradient_0_VconcST_0.04_Vconc_0.8_run_0.csv,1200.0,0.6,0,0.8,0.04,0.8,0,28.0,357.148,1.23706,0.139098,357.148,0.0,0.978087,28.1737
1200_dose_0.6_gradient_0_VconcST_0.04_Vconc_0.8_run_0.csv,1200.0,0.6,0,0.8,0.04,0.8,0,28.25,361.504,1.21254,0.140795,361.504,0.0,0.978345,27.91
1200_dose_0.6_gradient_0_VconcST_0.04_Vconc_0.8_run_0.csv,1200.0,0.6,0,0.8,0.04,0.8,0,28.5,365.73,1.18851,0.142441,365.73,0.0,0.97859,27.4496
1200_dose_0.6_gradient_0_VconcST_0.04_Vconc_0.8_run_0.csv,1200.0,0.6,0,0.8,0.04,0.8,0,28.75,369.829,1.16495,0.144037,369.829,0.0,0.978823,27.5539
1200_dose_0.6_gradient_0_VconcST_0.04_Vconc_6.4_run_0.csv,1200.0,0.6,0,6.4,0.04,6.4,0,0.0,0.0,0.0,0.0,0.0,0.0,0.0,0.0
1200_dose_0.6_gradient_0_VconcST_0.04_Vconc_6.4_run_0.csv,1200.0,0.6,0,6.4,0.04,6.4,0,0.25,0.0,0.0,0.0,0.0,0.0,0.0,10000.0
1200_dose_0.6_gradient_0_VconcST_0.04_Vconc_6.4_run_0.csv,1200.0,0.6,0,6.4,0.04,6.4,0,0.5,0.0,0.0,0.0,0.0,0.0,0.0,766.437
1200_dose_0.6_gradient_0_VconcST_0.04_Vconc_6.4_run_0.csv,1200.0,0.6,0,6.4,0.04,6.4,0,0.75,0.0,0.0,0.0,0.0,0.0,0.0,10000.0
1200_dose_0.6_gradient_0_VconcST_0.04_Vconc_6.4_run_0.csv,1200.0,0.6,0,6.4,0.04,6.4,0,1.0,0.0,0.0,0.0,0.0,0.0,0.0,760.698
1200_dose_0.6_gradient_0_VconcST_0.04_Vconc_6.4_run_0.csv,1200.0,0.6,0,6.4,0.04,6.4,0,1.25,0.0,0.0,0.0,0.0,0.0,0.0,10000.0
1200_dose_0.6_gradient_0_VconcST_0.04_Vconc_6.4_run_0.csv,1200.0,0.6,0,6.4,0.04,6.4,0,1.5,0.0,0.0,0.0,0.0,0.0,0.0,768.321
1200_dose_0.6_gradient_0_VconcST_0.04_Vconc_6.4_run_0.csv,1200.0,0.6,0,6.4,0.04,6.4,0,1.75,0.0,0.0,0.0,0.0,0.0,0.0,10000.0
1200_dose_0.6_gradient_0_VconcST_0.04_Vconc_6.4_run_0.csv,1200.0,0.6,0,6.4,0.04,6.4,0,2.0,0.0,0.0,0.0,0.0,0.0,0.0,774.825
1200_dose_0.6_gradient_0_VconcST_0.04_Vconc_6.4_run_0.csv,1200.0,0.6,0,6.4,0.04,6.4,0,2.25,0.0,0.0,0.0,0.0,0.0,0.0,10000.0
1200_dose_0.6_gradient_0_VconcST_0.04_Vconc_6.4_run_0.csv,1200.0,0.6,0,6.4,0.04,6.4,0,2.5,0.0,0.0,0.0,0.0,0.0,0.0,776.37
1200_dose_0.6_gradient_0_VconcST_0.04_Vconc_6.4_run_0.csv,1200.0,0.6,0,6.4,0.04,6.4,0,2.75,0.0,0.0,0.0,0.0,0.0,0.0,10000.0
1200_dose_0.6_gradient_0_VconcST_0.04_Vconc_6.4_run_0.csv,1200.0,0.6,0,6.4,0.04,6.4,0,3.0,0.0,0.0,0.0,0.0,0.0,0.0,763.602
1200_dose_0.6_gradient_0_VconcST_0.04_Vconc_6.4_run_0.csv,1200.0,0.6,0,6.4,0.04,6.4,0,3.25,0.0,0.0,0.0,0.0,0.0,0.0,10000.0
1200_dose_0.6_gradient_0_VconcST_0.04_Vconc_6.4_run_0.csv,1200.0,0.6,0,6.4,0.04,6.4,0,3.5,0.0,0.0,0.0,0.0,0.0,0.0,769.766
1200_dose_0.6_gradient_0_VconcST_0.04_Vconc_6.4_run_0.csv,1200.0,0.6,0,6.4,0.04,6.4,0,3.75,0.0,0.0,0.0,0.0,0.0,0.0,10000.0
1200_dose_0.6_gradient_0_VconcST_0.04_Vconc_6.4_run_0.csv,1200.0,0.6,0,6.4,0.04,6.4,0,4.0,0.0,0.0,0.0,0.0,0.0,0.0,779.514
1200_dose_0.6_gradient_0_VconcST_0.04_Vconc_6.4_run_0.csv,1200.0,0.6,0,6.4,0.04,6.4,0,4.25,0.0,0.0,0.0,0.0,0.0,0.0,10000.0
1200_dose_0.6_gradient_0_VconcST_0.04_Vconc_6.4_run_0.csv,1200.0,0.6,0,6.4,0.04,6.4,0,4.5,0.0,0.0,0.0,0.0,0.0,0.0,777.607
1200_dose_0.6_gradient_0_VconcST_0.04_Vconc_6.4_run_0.csv,1200.0,0.6,0,6.4,0.04,6.4,0,4.75,0.0,0.0,0.0,0.0,0.0,0.0,10000.0
1200_dose_0.6_gradient_0_VconcST_0.04_Vconc_6.4_run_0.csv,1200.0,0.6,0,6.4,0.04,6.4,0,5.0,0.0467175,0.6,1.8195e-05,0.0467175,0.0,0.0,755.244
1200_dose_0.6_gradient_0_VconcST_0.04_Vconc_6.4_run_0.csv,1200.0,0.6,0,6.4,0.04,6.4,0,5.25,2.81607,0.588109,0.00109677,2.81607,0.0,0.257227,10000.0
1200_dose_0.6_gradient_0_VconcST_0.04_Vconc_6.4_run_0.csv,1200.0,0.6,0,6.4,0.04,6.4,0,5.5,5.52002,0.576453,0.00214988,5.52002,0.0,0.406329,435.541
1200_dose_0.6_gradient_0_VconcST_0.04_Vconc_6.4_run_0.csv,1200.0,0.6,0,6.4,0.04,6.4,0,5.75,8.15993,0.565028,0.00317804,8.15993,0.0,0.503613,9101.45
1200_dose_0.6_gradient_0_VconcST_0.04_Vconc_6.4_run_0.csv,1200.0,0.6,0,6.4,0.04,6.4,0,6.0,10.7371,0.55383,0.00418176,10.7371,0.0,0.57207,258.646
1200_dose_0.6_gradient_0_VconcST_0.04_Vconc_6.4_run_0.csv,1200.0,0.6,0,6.4,0.04,6.4,0,6.25,13.2528,0.542854,0.00516155,13.2528,0.00078125,0.622844,5905.34
1200_dose_0.6_gradient_0_VconcST_0.04_Vconc_6.4_run_0.csv,1200.0,0.6,0,6.4,0.04,6.4,0,6.5,15.7083,0.532095,0.00611789,15.7083,0.0,0.661989,164.216
1200_dose_0.6_gradient_0_VconcST_0.04_Vconc_6.4_run_0.csv,1200.0,0.6,0,6.4,0.04,6.4,0,6.75,18.1048,0.521549,0.00705126,18.1048,0.0,0.693079,4612.92
1200_dose_0.6_gradient_0_VconcST_0.04_Vconc_6.4_run_0.csv,1200.0,0.6,0,6.4,0.04,6.4,0,7.0,20.4436,0.511213,0.00796214,20.4436,0.0,0.71836,118.615
1200_dose_0.6_gradient_0_VconcST_0.04_Vconc_6.4_run_0.csv,1200.0,0.6,0,6.4,0.04,6.4,0,7.25,22.7257,0.501081,0.00885096,22.7257,0.0,0.739313,3775.62
1200_dose_0.6_gradient_0_VconcST_0.04_Vconc_6.4_run_0.csv,1200.0,0.6,0,6.4,0.04,6.4,0,7.5,24.9525,0.49115,0.00971822,24.9525,0.0,0.756956,100.779
1200_dose_0.6_gradient_0_VconcST_0.04_Vconc_6.4_run_0.csv,1200.0,0.6,0,6.4,0.04,6.4,0,7.75,27.1249,0.481416,0.0105643,27.1249,0.0,0.772009,3260.72
1200_dose_0.6_gradient_0_VconcST_0.04_Vconc_6.4_run_0.csv,1200.0,0.6,0,6.4,0.04,6.4,0,8.0,29.2443,0.471875,0.0113897,29.2443,0.0,0.785,78.7396
1200_dose_0.6_gradient_0_VconcST_0.04_Vconc_6.4_run_0.csv,1200.0,0.6,0,6.4,0.04,6.4,0,8.25,31.3115,0.462523,0.0121949,31.3115,0.0,0.796321,2739.94
1200_dose_0.6_gradient_0_VconcST_0.04_Vconc_6.4_run_0.csv,1200.0,0.6,0,6.4,0.04,6.4,0,8.5,33.3277,0.453357,0.0129801,33.3277,0.0,0.80627,67.3306
1200_dose_0.6_gradient_0_VconcST_0.04_Vconc_6.4_run_0.csv,1200.0,0.6,0,6.4,0.04,6.4,0,8.75,35.2939,0.444372,0.0137459,35.2939,0.0,0.815078,2548.01
1200_dose_0.6_gradient_0_VconcST_0.04_Vconc_6.4_run_0.csv,1200.0,0.6,0,6.4,0.04,6.4,0,9.0,37.2113,0.435565,0.0144926,37.2113,0.0,0.822929,64.4713
1200_dose_0.6_gradient_0_VconcST_0.04_Vconc_6.4_run_0.csv,1200.0,0.6,0,6.4,0.04,6.4,0,9.25,39.0807,0.426932,0.0152207,39.0807,0.0,0.829968,2222.4
1200_dose_0.6_gradient_0_VconcST_0.04_Vconc_6.4_run_0.csv,1200.0,0.6,0,6.4,0.04,6.4,0,9.5,40.9032,0.418471,0.0159305,40.9032,0.0,0.836311,58.5728
1200_dose_0.6_gradient_0_VconcST_0.04_Vconc_6.4_run_0.csv,1200.0,0.6,0,6.4,0.04,6.4,0,9.75,42.6797,0.410177,0.0166224,42.6797,0.0,0.842055,1971.13
1200_dose_0.6_gradient_0_VconcST_0.04_Vconc_6.4_run_0.csv,1200.0,0.6,0,6.4,0.04,6.4,0,10.0,44.4579,1.00205,0.017315,44.4579,0.0,0.847278,371.672
1200_dose_0.6_gradient_0_VconcST_0.04_Vconc_6.4_run_0.csv,1200.0,0.6,0,6.4,0.04,6.4,0,10.25,48.9146,0.982189,0.0190507,48.9146,0.0,0.859257,1175.28
1200_dose_0.6_gradient_0_VconcST_0.04_Vconc_6.4_run_0.csv,1200.0,0.6,0,6.4,0.04,6.4,0,10.5,53.2628,0.962723,0.0207442,53.2628,0.0,0.869262,1137.72
1200_dose_0.6_gradient_0_VconcST_0.04_Vconc_6.4_run_0.csv,1200.0,0.6,0,6.4,0.04,6.4,0,10.75,57.5047,0.943643,0.0223963,57.5047,0.0,0.877741,878.956
1200_dose_0.6_gradient_0_VconcST_0.04_Vconc_6.4_run_0.csv,1200.0,0.6,0,6.4,0.04,6.4,0,11.0,61.6424,0.924941,0.0240078,61.6424,0.0,0.885015,1058.57
1200_dose_0.6_gradient_0_VconcST_0.04_Vconc_6.4_run_0.csv,1200.0,0.6,0,6.4,0.04,6.4,0,11.25,65.678,0.90661,0.0255796,65.678,0.0,0.891321,895.869
1200_dose_0.6_gradient_0_VconcST_0.04_Vconc_6.4_run_0.csv,1200.0,0.6,0,6.4,0.04,6.4,0,11.5,69.6138,0.888642,0.0271124,69.6138,0.0,0.896839,932.569
1200_dose_0.6_gradient_0_VconcST_0.04_Vconc_6.4_run_0.csv,1200.0,0.6,0,6.4,0.04,6.4,0,11.75,73.4517,0.87103,0.0286072,73.4517,0.0,0.901706,888.887
1200_dose_0.6_gradient_0_VconcST_0.04_Vconc_6.4_run_0.csv,1200.0,0.6,0,6.4,0.04,6.4,0,12.0,77.1937,0.853767,0.0300646,77.1937,0.0,0.906028,833.317
1200_dose_0.6_gradient_0_VconcST_0.04_Vconc_6.4_run_0.csv,1200.0,0.6,0,6.4,0.04,6.4,0,12.25,80.8419,0.836847,0.0314854,80.8419,0.0,0.909891,788.619
1200_dose_0.6_gradient_0_VconcST_0.04_Vconc_6.4_run_0.csv,1200.0,0.6,0,6.4,0.04,6.4,0,12.5,84.3981,0.820261,0.0328705,84.3981,0.0,0.913363,809.259
1200_dose_0.6_gradient_0_VconcST_0.04_Vconc_6.4_run_0.csv,1200.0,0.6,0,6.4,0.04,6.4,0,12.75,87.8643,0.804005,0.0342204,87.8643,0.0,0.916499,732.018
1200_dose_0.6_gradient_0_VconcST_0.04_Vconc_6.4_run_0.csv,1200.0,0.6,0,6.4,0.04,6.4,0,13.0,91.2423,0.78807,0.0355361,91.2423,0.0,0.919344,700.128
1200_dose_0.6_gradient_0_VconcST_0.04_Vconc_6.4_run_0.csv,1200.0,0.6,0,6.4,0.04,6.4,0,13.25,94.534,0.772451,0.0368181,94.534,0.0,0.921936,712.25
1200_dose_0.6_gradient_0_VconcST_0.04_Vconc_6.4_run_0.csv,1200.0,0.6,0,6.4,0.04,6.4,0,13.5,97.7411,0.757142,0.0380671,97.7411,0.0,0.924306,696.907
1200_dose_0.6_gradient_0_VconcST_0.04_Vconc_6.4_run_0.csv,1200.0,0.6,0,6.4,0.04,6.4,0,13.75,100.865,0.742136,0.0392839,100.865,0.0,0.92648,652.386
1200_dose_0.6_gradient_0_VconcST_0.04_Vconc_6.4_run_0.csv,1200.0,0.6,0,6.4,0.04,6.4,0,14.0,103.908,0.727428,0.0404691,103.908,0.0,0.928481,649.467
1200_dose_0.6_gradient_0_VconcST_0.04_Vconc_6.4_run_0.csv,1200.0,0.6,0,6.4,0.04,6.4,0,14.25,106.872,0.713012,0.0416234,106.872,0.0,0.930328,631.246
1200_dose_0.6_gradient_0_VconcST_0.04_Vconc_6.4_run_0.csv,1200.0,0.6,0,6.4,0.04,6.4,0,14.5,109.758,0.69888,0.0427474,109.758,0.0,0.932037,632.51
1200_dose_0.6_gradient_0_VconcST_0.04_Vconc_6.4_run_0.csv,1200.0,0.6,0,6.4,0.04,6.4,0,14.75,112.568,0.68503,0.0438417,112.568,0.0,0.933622,612.983
1200_dose_0.6_gradient_0_VconcST_0.04_Vconc_6.4_run_0.csv,1200.0,0.6,0,6.4,0.04,6.4,0,15.0,115.35,1.27145,0.0449251,115.35,0.0,0.935095,605.161
1200_dose_0.6_gradient_0_VconcST_0.04_Vconc_6.4_run_0.csv,1200.0,0.6,0,6.4,0.04,6.4,0,15.25,120.781,1.24625,0.0470405,120.781,0.0,0.937836,582.935
1200_dose_0.6_gradient_0_VconcST_0.04_Vconc_6.4_run_0.csv,1200.0,0.6,0,6.4,0.04,6.4,0,15.5,126.076,1.22156,0.0491026,126.076,0.0,0.940293,555.639
1200_dose_0.6_gradient_0_VconcST_0.04_Vconc_6.4_run_0.csv,1200.0,0.6,0,6.4,0.04,6.4,0,15.75,131.236,1.19735,0.0511125,131.236,0.0,0.942509,546.973
1200_dose_0.6_gradient_0_VconcST_0.04_Vconc_6.4_run_0.csv,1200.0,0.6,0,6.4,0.04,6.4,0,16.0,136.265,1.17361,0.0530712,136.265,0.0,0.944515,516.437
1200_dose_0.6_gradient_0_VconcST_0.04_Vconc_6.4_run_0.csv,1200.0,0.6,0,6.4,0.04,6.4,0,16.25,141.166,1.15036,0.0549798,141.166,0.0,0.946339,495.993
1200_dose_0.6_gradient_0_VconcST_0.04_Vconc_6.4_run_0.csv,1200.0,0.6,0,6.4,0.04,6.4,0,16.5,145.941,1.12756,0.0568394,145.941,0.0,0.948005,493.008
1200_dose_0.6_gradient_0_VconcST_0.04_Vconc_6.4_run_0.csv,1200.0,0.6,0,6.4,0.04,6.4,0,16.75,150.592,1.10521,0.0586509,150.592,0.0,0.949532,481.807
1200_dose_0.6_gradient_0_VconcST_0.04_Vconc_6.4_run_0.csv,1200.0,0.6,0,6.4,0.04,6.4,0,17.0,155.123,1.08331,0.0604154,155.123,0.0,0.950935,464.984
1200_dose_0.6_gradient_0_VconcST_0.04_Vconc_6.4_run_0.csv,1200.0,0.6,0,6.4,0.04,6.4,0,17.25,159.535,1.06184,0.0621338,159.535,0.0,0.952228,459.908
1200_dose_0.6_gradient_0_VconcST_0.04_Vconc_6.4_run_0.csv,1200.0,0.6,0,6.4,0.04,6.4,0,17.5,163.831,1.04079,0.0638071,163.831,0.0,0.953424,457.527
1200_dose_0.6_gradient_0_VconcST_0.04_Vconc_6.4_run_0.csv,1200.0,0.6,0,6.4,0.04,6.4,0,17.75,168.014,1.02017,0.0654363,168.014,0.0,0.954531,446.446
1200_dose_0.6_gradient_0_VconcST_0.04_Vconc_6.4_run_0.csv,1200.0,0.6,0,6.4,0.04,6.4,0,18.0,172.086,0.999947,0.0670221,172.086,0.0,0.95556,446.227
1200_dose_0.6_gradient_0_VconcST_0.04_Vconc_6.4_run_0.csv,1200.0,0.6,0,6.4,0.04,6.4,0,18.25,176.049,0.980129,0.0685656,176.049,0.0,0.956518,425.424
1200_dose_0.6_gradient_0_VconcST_0.04_Vconc_6.4_run_0.csv,1200.0,0.6,0,6.4,0.04,6.4,0,18.5,179.906,0.960704,0.0700677,179.906,0.0,0.957411,419.76
1200_dose_0.6_gradient_0_VconcST_0.04_Vconc_6.4_run_0.csv,1200.0,0.6,0,6.4,0.04,6.4,0,18.75,183.658,0.941664,0.0715291,183.658,0.0,0.958246,413.12
1200_dose_0.6_gradient_0_VconcST_0.04_Vconc_6.4_run_0.csv,1200.0,0.6,0,6.4,0.04,6.4,0,19.0,187.308,0.923002,0.0729507,187.308,0.0,0.959027,397.223
1200_dose_0.6_gradient_0_VconcST_0.04_Vconc_6.4_run_0.csv,1200.0,0.6,0,6.4,0.04,6.4,0,19.25,190.858,0.904709,0.0743334,190.858,0.0,0.959759,390.731
1200_dose_0.6_gradient_0_VconcST_0.04_Vconc_6.4_run_0.csv,1200.0,0.6,0,6.4,0.04,6.4,0,19.5,194.311,0.886779,0.075678,194.311,0.0,0.960446,398.612
1200_dose_0.6_gradient_0_VconcST_0.04_Vconc_6.4_run_0.csv,1200.0,0.6,0,6.4,0.04,6.4,0,19.75,197.667,0.869204,0.0769853,197.667,0.0,0.961092,389.926
1200_dose_0.6_gradient_0_VconcST_0.04_Vconc_6.4_run_0.csv,1200.0,0.6,0,6.4,0.04,6.4,0,20.0,200.977,1.45198,0.0782741,200.977,0.0,0.9617,383.86
1200_dose_0.6_gradient_0_VconcST_0.04_Vconc_6.4_run_0.csv,1200.0,0.6,0,6.4,0.04,6.4,0,20.25,206.917,1.4232,0.0805876,206.917,0.0,0.962759,368.12
1200_dose_0.6_gradient_0_VconcST_0.04_Vconc_6.4_run_0.csv,1200.0,0.6,0,6.4,0.04,6.4,0,20.5,212.701,1.39499,0.0828406,212.701,0.0,0.963736,370.66
1200_dose_0.6_gradient_0_VconcST_0.04_Vconc_6.4_run_0.csv,1200.0,0.6,0,6.4,0.04,6.4,0,20.75,218.334,1.36735,0.0850343,218.334,0.0,0.96464,354.671
1200_dose_0.6_gradient_0_VconcST_0.04_Vconc_6.4_run_0.csv,1200.0,0.6,0,6.4,0.04,6.4,0,21.0,223.818,1.34025,0.08717,223.818,0.0,0.965477,349.965
1200_dose_0.6_gradient_0_VconcST_0.04_Vconc_6.4_run_0.csv,1200.0,0.6,0,6.4,0.04,6.4,0,21.25,229.155,1.31369,0.0892489,229.155,0.0,0.966254,337.875
1200_dose_0.6_gradient_0_VconcST_0.04_Vconc_6.4_run_0.csv,1200.0,0.6,0,6.4,0.04,6.4,0,21.5,234.35,1.28765,0.0912721,234.35,0.0,0.966978,334.745
1200_dose_0.6_gradient_0_VconcST_0.04_Vconc_6.4_run_0.csv,1200.0,0.6,0,6.4,0.04,6.4,0,21.75,239.405,1.26213,0.0932409,239.405,0.0,0.967654,316.536
1200_dose_0.6_gradient_0_VconcST_0.04_Vconc_6.4_run_0.csv,1200.0,0.6,0,6.4,0.04,6.4,0,22.0,244.323,1.23712,0.0951563,244.323,0.0,0.968284,325.287
1200_dose_0.6_gradient_0_VconcST_0.04_Vconc_6.4_run_0.csv,1200.0,0.6,0,6.4,0.04,6.4,0,22.25,249.107,1.2126,0.0970195,249.107,0.0,0.968875,316.464
1200_dose_0.6_gradient_0_VconcST_0.04_Vconc_6.4_run_0.csv,1200.0,0.6,0,6.4,0.04,6.4,0,22.5,253.76,1.18857,0.0988315,253.76,0.0,0.969429,310.723
1200_dose_0.6_gradient_0_VconcST_0.04_Vconc_6.4_run_0.csv,1200.0,0.6,0,6.4,0.04,6.4,0,22.75,258.284,1.16501,0.100594,258.284,0.0,0.969948,301.452
1200_dose_0.6_gradient_0_VconcST_0.04_Vconc_6.4_run_0.csv,1200.0,0.6,0,6.4,0.04,6.4,0,23.0,262.682,1.14192,0.102306,262.682,0.0,0.970437,300.23
1200_dose_0.6_gradient_0_VconcST_0.04_Vconc_6.4_run_0.csv,1200.0,0.6,0,6.4,0.04,6.4,0,23.25,266.957,1.11929,0.103971,266.957,0.0,0.970897,295.47
1200_dose_0.6_gradient_0_VconcST_0.04_Vconc_6.4_run_0.csv,1200.0,0.6,0,6.4,0.04,6.4,0,23.5,271.111,1.09711,0.105589,271.111,0.0,0.971331,284.527
1200_dose_0.6_gradient_0_VconcST_0.04_Vconc_6.4_run_0.csv,1200.0,0.6,0,6.4,0.04,6.4,0,23.75,275.147,1.07536,0.107161,275.147,0.0,0.97174,289.337
1200_dose_0.6_gradient_0_VconcST_0.04_Vconc_6.4_run_0.csv,1200.0,0.6,0,6.4,0.04,6.4,0,24.0,279.068,1.05405,0.108688,279.068,0.0,0.972126,285.278
1200_dose_0.6_gradient_0_VconcST_0.04_Vconc_6.4_run_0.csv,1200.0,0.6,0,6.4,0.04,6.4,0,24.25,282.875,1.03316,0.110171,282.875,0.0,0.972491,274.831
1200_dose_0.6_gradient_0_VconcST_0.04_Vconc_6.4_run_0.csv,1200.0,0.6,0,6.4,0.04,6.4,0,24.5,286.571,1.01269,0.111611,286.571,0.0,0.972836,275.774
1200_dose_0.6_gradient_0_VconcST_0.04_Vconc_6.4_run_0.csv,1200.0,0.6,0,6.4,0.04,6.4,0,24.75,290.159,0.992615,0.113008,290.159,0.0,0.973163,268.111
1200_dose_0.6_gradient_0_VconcST_0.04_Vconc_6.4_run_0.csv,1200.0,0.6,0,6.4,0.04,6.4,0,25.0,293.687,1.57294,0.114382,293.687,0.0,0.973473,266.465
1200_dose_0.6_gradient_0_VconcST_0.04_Vconc_6.4_run_0.csv,1200.0,0.6,0,6.4,0.04,6.4,0,25.25,299.834,1.54177,0.116776,299.834,0.0,0.974003,256.935
1200_dose_0.6_gradient_0_VconcST_0.04_Vconc_6.4_run_0.csv,1200.0,0.6,0,6.4,0.04,6.4,0,25.5,305.814,1.51121,0.119105,305.814,0.0,0.974499,261.876
1200_dose_0.6_gradient_0_VconcST_0.04_Vconc_6.4_run_0.csv,1200.0,0.6,0,6.4,0.04,6.4,0,25.75,311.63,1.48126,0.12137,311.63,0.0,0.974964,256.812
1200_dose_0.6_gradient_0_VconcST_0.04_Vconc_6.4_run_0.csv,1200.0,0.6,0,6.4,0.04,6.4,0,26.0,317.285,1.45191,0.123573,317.285,0.0,0.975399,250.175
1200_dose_0.6_gradient_0_VconcST_0.04_Vconc_6.4_run_0.csv,1200.0,0.6,0,6.4,0.04,6.4,0,26.25,322.784,1.42313,0.125714,322.784,0.0,0.975808,249.024
1200_dose_0.6_gradient_0_VconcST_0.04_Vconc_6.4_run_0.csv,1200.0,0.6,0,6.4,0.04,6.4,0,26.5,328.129,1.39493,0.127796,328.129,0.0,0.976193,242.097
1200_dose_0.6_gradient_0_VconcST_0.04_Vconc_6.4_run_0.csv,1200.0,0.6,0,6.4,0.04,6.4,0,26.75,333.324,1.36728,0.129819,333.324,0.0,0.976556,242.813
1200_dose_0.6_gradient_0_VconcST_0.04_Vconc_6.4_run_0.csv,1200.0,0.6,0,6.4,0.04,6.4,0,27.0,338.371,1.34018,0.131785,338.371,0.0,0.976898,237.521
1200_dose_0.6_gradient_0_VconcST_0.04_Vconc_6.4_run_0.csv,1200.0,0.6,0,6.4,0.04,6.4,0,27.25,343.274,1.31362,0.133695,343.274,0.0,0.977221,234.372
1200_dose_0.6_gradient_0_VconcST_0.04_Vconc_6.4_run_0.csv,1200.0,0.6,0,6.4,0.04,6.4,0,27.5,348.036,1.28759,0.135549,348.036,0.0,0.977525,227.043
1200_dose_0.6_gradient_0_VconcST_0.04_Vconc_6.4_run_0.csv,1200.0,0.6,0,6.4,0.04,6.4,0,27.75,352.66,1.26207,0.13735,352.66,0.0,0.977814,225.509
1200_dose_0.6_gradient_0_VconcST_0.04_Vconc_6.4_run_0.csv,1200.0,0.6,0,6.4,0.04,6.4,0,28.0,357.148,1.23706,0.139098,357.148,0.0,0.978087,224.834
1200_dose_0.6_gradient_0_VconcST_0.04_Vconc_6.4_run_0.csv,1200.0,0.6,0,6.4,0.04,6.4,0,28.25,361.504,1.21254,0.140795,361.504,0.0,0.978345,222.533
1200_dose_0.6_gradient_0_VconcST_0.04_Vconc_6.4_run_0.csv,1200.0,0.6,0,6.4,0.04,6.4,0,28.5,365.73,1.18851,0.142441,365.73,0.0,0.97859,221.616
1200_dose_0.6_gradient_0_VconcST_0.04_Vconc_6.4_run_0.csv,1200.0,0.6,0,6.4,0.04,6.4,0,28.75,369.829,1.16495,0.144037,369.829,0.0,0.978823,218.168
1200_dose_0.6_gradient_0_VconcST_0.04_Vconc_1.6_run_0.csv,1200.0,0.6,0,1.6,0.04,1.6,0,0.0,0.0,0.0,0.0,0.0,0.0,0.0,0.0
1200_dose_0.6_gradient_0_VconcST_0.04_Vconc_1.6_run_0.csv,1200.0,0.6,0,1.6,0.04,1.6,0,0.25,0.0,0.0,0.0,0.0,0.0,0.0,3529.79
1200_dose_0.6_gradient_0_VconcST_0.04_Vconc_1.6_run_0.csv,1200.0,0.6,0,1.6,0.04,1.6,0,0.5,0.0,0.0,0.0,0.0,0.0,0.0,104.5
1200_dose_0.6_gradient_0_VconcST_0.04_Vconc_1.6_run_0.csv,1200.0,0.6,0,1.6,0.04,1.6,0,0.75,0.0,0.0,0.0,0.0,0.0,0.0,3508.42
1200_dose_0.6_gradient_0_VconcST_0.04_Vconc_1.6_run_0.csv,1200.0,0.6,0,1.6,0.04,1.6,0,1.0,0.0,0.0,0.0,0.0,0.0,0.0,103.405
1200_dose_0.6_gradient_0_VconcST_0.04_Vconc_1.6_run_0.csv,1200.0,0.6,0,1.6,0.04,1.6,0,1.25,0.0,0.0,0.0,0.0,0.0,0.0,3568.16
1200_dose_0.6_gradient_0_VconcST_0.04_Vconc_1.6_run_0.csv,1200.0,0.6,0,1.6,0.04,1.6,0,1.5,0.0,0.0,0.0,0.0,0.0,0.0,97.0323
1200_dose_0.6_gradient_0_VconcST_0.04_Vconc_1.6_run_0.csv,1200.0,0.6,0,1.6,0.04,1.6,0,1.75,0.0,0.0,0.0,0.0,0.0,0.0,3572.82
1200_dose_0.6_gradient_0_VconcST_0.04_Vconc_1.6_run_0.csv,1200.0,0.6,0,1.6,0.04,1.6,0,2.0,0.0,0.0,0.0,0.0,0.0,0.0,102.21
1200_dose_0.6_gradient_0_VconcST_0.04_Vconc_1.6_run_0.csv,1200.0,0.6,0,1.6,0.04,1.6,0,2.25,0.0,0.0,0.0,0.0,0.0,0.0,3630.6
1200_dose_0.6_gradient_0_VconcST_0.04_Vconc_1.6_run_0.csv,1200.0,0.6,0,1.6,0.04,1.6,0,2.5,0.0,0.0,0.0,0.0,0.0,0.0,102.233
1200_dose_0.6_gradient_0_VconcST_0.04_Vconc_1.6_run_0.csv,1200.0,0.6,0,1.6,0.04,1.6,0,2.75,0.0,0.0,0.0,0.0,0.0,0.0,3423.27
1200_dose_0.6_gradient_0_VconcST_0.04_Vconc_1.6_run_0.csv,1200.0,0.6,0,1.6,0.04,1.6,0,3.0,0.0,0.0,0.0,0.0,0.0,0.0,98.3552
1200_dose_0.6_gradient_0_VconcST_0.04_Vconc_1.6_run_0.csv,1200.0,0.6,0,1.6,0.04,1.6,0,3.25,0.0,0.0,0.0,0.0,0.0,0.0,3583.69
1200_dose_0.6_gradient_0_VconcST_0.04_Vconc_1.6_run_0.csv,1200.0,0.6,0,1.6,0.04,1.6,0,3.5,0.0,0.0,0.0,0.0,0.0,0.0,100.078
1200_dose_0.6_gradient_0_VconcST_0.04_Vconc_1.6_run_0.csv,1200.0,0.6,0,1.6,0.04,1.6,0,3.75,0.0,0.0,0.0,0.0,0.0,0.0,3447.32
1200_dose_0.6_gradient_0_VconcST_0.04_Vconc_1.6_run_0.csv,1200.0,0.6,0,1.6,0.04,1.6,0,4.0,0.0,0.0,0.0,0.0,0.0,0.0,102.521
1200_dose_0.6_gradient_0_VconcST_0.04_Vconc_1.6_run_0.csv,1200.0,0.6,0,1.6,0.04,1.6,0,4.25,0.0,0.0,0.0,0.0,0.0,0.0,3653.88
1200_dose_0.6_gradient_0_VconcST_0.04_Vconc_1.6_run_0.csv,1200.0,0.6,0,1.6,0.04,1.6,0,4.5,0.0,0.0,0.0,0.0,0.0,0.0,102.849
1200_dose_0.6_gradient_0_VconcST_0.04_Vconc_1.6_run_0.csv,1200.0,0.6,0,1.6,0.04,1.6,0,4.75,0.0,0.0,0.0,0.0,0.0,0.0,3390.74
1200_dose_0.6_gradient_0_VconcST_0.04_Vconc_1.6_run_0.csv,1200.0,0.6,0,1.6,0.04,1.6,0,5.0,0.0467175,0.6,1.8195e-05,0.0467175,0.0,0.0,98.2085
1200_dose_0.6_gradient_0_VconcST_0.04_Vconc_1.6_run_0.csv,1200.0,0.6,0,1.6,0.04,1.6,0,5.25,2.81607,0.588109,0.00109677,2.81607,0.0,0.257227,2717.7
1200_dose_0.6_gradient_0_VconcST_0.04_Vconc_1.6_run_0.csv,1200.0,0.6,0,1.6,0.04,1.6,0,5.5,5.52002,0.576453,0.00214988,5.52002,0.0,0.406329,53.0814
1200_dose_0.6_gradient_0_VconcST_0.04_Vconc_1.6_run_0.csv,1200.0,0.6,0,1.6,0.04,1.6,0,5.75,8.15993,0.565028,0.00317804,8.15993,0.0,0.503613,1473.98
1200_dose_0.6_gradient_0_VconcST_0.04_Vconc_1.6_run_0.csv,1200.0,0.6,0,1.6,0.04,1.6,0,6.0,10.7371,0.55383,0.00418176,10.7371,0.0,0.57207,762.5
1200_dose_0.6_gradient_0_VconcST_0.04_Vconc_1.6_run_0.csv,1200.0,0.6,0,1.6,0.04,1.6,0,6.25,13.2528,0.542854,0.00516155,13.2528,0.0,0.622844,791.508
1200_dose_0.6_gradient_0_VconcST_0.04_Vconc_1.6_run_0.csv,1200.0,0.6,0,1.6,0.04,1.6,0,6.5,15.7083,0.532095,0.00611789,15.7083,0.0,0.661989,741.734
1200_dose_0.6_gradient_0_VconcST_0.04_Vconc_1.6_run_0.csv,1200.0,0.6,0,1.6,0.04,1.6,0,6.75,18.1048,0.521549,0.00705126,18.1048,0.0,0.693079,688.947
1200_dose_0.6_gradient_0_VconcST_0.04_Vconc_1.6_run_0.csv,1200.0,0.6,0,1.6,0.04,1.6,0,7.0,20.4436,0.511213,0.00796214,20.4436,0.0,0.71836,653.229
1200_dose_0.6_gradient_0_VconcST_0.04_Vconc_1.6_run_0.csv,1200.0,0.6,0,1.6,0.04,1.6,0,7.25,22.7257,0.501081,0.00885096,22.7257,0.0,0.739313,600.544
1200_dose_0.6_gradient_0_VconcST_0.04_Vconc_1.6_run_0.csv,1200.0,0.6,0,1.6,0.04,1.6,0,7.5,24.9525,0.49115,0.00971822,24.9525,0.0,0.756956,574.739
1200_dose_0.6_gradient_0_VconcST_0.04_Vconc_1.6_run_0.csv,1200.0,0.6,0,1.6,0.04,1.6,0,7.75,27.1249,0.481416,0.0105643,27.1249,0.0,0.772009,548.172
1200_dose_0.6_gradient_0_VconcST_0.04_Vconc_1.6_run_0.csv,1200.0,0.6,0,1.6,0.04,1.6,0,8.0,29.2443,0.471875,0.0113897,29.2443,0.0,0.785,501.711
1200_dose_0.6_gradient_0_VconcST_0.04_Vconc_1.6_run_0.csv,1200.0,0.6,0,1.6,0.04,1.6,0,8.25,31.3115,0.462523,0.0121949,31.3115,0.0,0.796321,488.29
1200_dose_0.6_gradient_0_VconcST_0.04_Vconc_1.6_run_0.csv,1200.0,0.6,0,1.6,0.04,1.6,0,8.5,33.3277,0.453357,0.0129801,33.3277,0.0,0.80627,467.41
1200_dose_0.6_gradient_0_VconcST_0.04_Vconc_1.6_run_0.csv,1200.0,0.6,0,1.6,0.04,1.6,0,8.75,35.2939,0.444372,0.0137459,35.2939,0.0,0.815078,450.36
1200_dose_0.6_gradient_0_VconcST_0.04_Vconc_1.6_run_0.csv,1200.0,0.6,0,1.6,0.04,1.6,0,9.0,37.2113,0.435565,0.0144926,37.2113,0.0,0.822929,430.736
1200_dose_0.6_gradient_0_VconcST_0.04_Vconc_1.6_run_0.csv,1200.0,0.6,0,1.6,0.04,1.6,0,9.25,39.0807,0.426932,0.0152207,39.0807,0.0,0.829968,409.91
1200_dose_0.6_gradient_0_VconcST_0.04_Vconc_1.6_run_0.csv,1200.0,0.6,0,1.6,0.04,1.6,0,9.5,40.9032,0.418471,0.0159305,40.9032,0.0,0.836311,404.51
1200_dose_0.6_gradient_0_VconcST_0.04_Vconc_1.6_run_0.csv,1200.0,0.6,0,1.6,0.04,1.6,0,9.75,42.6797,0.410177,0.0166224,42.6797,0.0,0.842055,395.921
1200_dose_0.6_gradient_0_VconcST_0.04_Vconc_1.6_run_0.csv,1200.0,0.6,0,1.6,0.04,1.6,0,10.0,44.4579,1.00205,0.017315,44.4579,0.0,0.847278,377.325
1200_dose_0.6_gradient_0_VconcST_0.04_Vconc_1.6_run_0.csv,1200.0,0.6,0,1.6,0.04,1.6,0,10.25,48.9146,0.982189,0.0190507,48.9146,0.0,0.859257,350.432
1200_dose_0.6_gradient_0_VconcST_0.04_Vconc_1.6_run_0.csv,1200.0,0.6,0,1.6,0.04,1.6,0,10.5,53.2628,0.962723,0.0207442,53.2628,0.0,0.869262,339.16
1200_dose_0.6_gradient_0_VconcST_0.04_Vconc_1.6_run_0.csv,1200.0,0.6,0,1.6,0.04,1.6,0,10.75,57.5047,0.943643,0.0223963,57.5047,0.0,0.877741,313.879
1200_dose_0.6_gradient_0_VconcST_0.04_Vconc_1.6_run_0.csv,1200.0,0.6,0,1.6,0.04,1.6,0,11.0,61.6424,0.924941,0.0240078,61.6424,0.0,0.885015,285.165
1200_dose_0.6_gradient_0_VconcST_0.04_Vconc_1.6_run_0.csv,1200.0,0.6,0,1.6,0.04,1.6,0,11.25,65.678,0.90661,0.0255796,65.678,0.0,0.891321,274.499
1200_dose_0.6_gradient_0_VconcST_0.04_Vconc_1.6_run_0.csv,1200.0,0.6,0,1.6,0.04,1.6,0,11.5,69.6138,0.888642,0.0271124,69.6138,0.0,0.896839,261.734
1200_dose_0.6_gradient_0_VconcST_0.04_Vconc_1.6_run_0.csv,1200.0,0.6,0,1.6,0.04,1.6,0,11.75,73.4517,0.87103,0.0286072,73.4517,0.0,0.901706,253.723
1200_dose_0.6_gradient_0_VconcST_0.04_Vconc_1.6_run_0.csv,1200.0,0.6,0,1.6,0.04,1.6,0,12.0,77.1937,0.853767,0.0300646,77.1937,0.0,0.906028,236.216
1200_dose_0.6_gradient_0_VconcST_0.04_Vconc_1.6_run_0.csv,1200.0,0.6,0,1.6,0.04,1.6,0,12.25,80.8419,0.836847,0.0314854,80.8419,0.0,0.909891,235.863
1200_dose_0.6_gradient_0_VconcST_0.04_Vconc_1.6_run_0.csv,1200.0,0.6,0,1.6,0.04,1.6,0,12.5,84.3981,0.820261,0.0328705,84.3981,0.0,0.913363,224.894
1200_dose_0.6_gradient_0_VconcST_0.04_Vconc_1.6_run_0.csv,1200.0,0.6,0,1.6,0.04,1.6,0,12.75,87.8643,0.804005,0.0342204,87.8643,0.0,0.916499,217.859
1200_dose_0.6_gradient_0_VconcST_0.04_Vconc_1.6_run_0.csv,1200.0,0.6,0,1.6,0.04,1.6,0,13.0,91.2423,0.78807,0.0355361,91.2423,0.0,0.919344,201.647
1200_dose_0.6_gradient_0_VconcST_0.04_Vconc_1.6_run_0.csv,1200.0,0.6,0,1.6,0.04,1.6,0,13.25,94.534,0.772451,0.0368181,94.534,0.0,0.921936,203.704
1200_dose_0.6_gradient_0_VconcST_0.04_Vconc_1.6_run_0.csv,1200.0,0.6,0,1.6,0.04,1.6,0,13.5,97.7411,0.757142,0.0380671,97.7411,0.0,0.924306,195.017
1200_dose_0.6_gradient_0_VconcST_0.04_Vconc_1.6_run_0.csv,1200.0,0.6,0,1.6,0.04,1.6,0,13.75,100.865,0.742136,0.0392839,100.865,0.0,0.92648,190.337
1200_dose_0.6_gradient_0_VconcST_0.04_Vconc_1.6_run_0.csv,1200.0,0.6,0,1.6,0.04,1.6,0,14.0,103.908,0.727428,0.0404691,103.908,0.0,0.928481,183.98
1200_dose_0.6_gradient_0_VconcST_0.04_Vconc_1.6_run_0.csv,1200.0,0.6,0,1.6,0.04,1.6,0,14.25,106.872,0.713012,0.0416234,106.872,0.0,0.930328,178.413
1200_dose_0.6_gradient_0_VconcST_0.04_Vconc_1.6_run_0.csv,1200.0,0.6,0,1.6,0.04,1.6,0,14.5,109.758,0.69888,0.0427474,109.758,0.0,0.932037,176.844
1200_dose_0.6_gradient_0_VconcST_0.04_Vconc_1.6_run_0.csv,1200.0,0.6,0,1.6,0.04,1.6,0,14.75,112.568,0.68503,0.0438417,112.568,0.0,0.933622,172.508
1200_dose_0.6_gradient_0_VconcST_0.04_Vconc_1.6_run_0.csv,1200.0,0.6,0,1.6,0.04,1.6,0,15.0,115.35,1.27145,0.0449251,115.35,0.0,0.935095,166.269
1200_dose_0.6_gradient_0_VconcST_0.04_Vconc_1.6_run_0.csv,1200.0,0.6,0,1.6,0.04,1.6,0,15.25,120.781,1.24625,0.0470405,120.781,0.0,0.937836,161.402
1200_dose_0.6_gradient_0_VconcST_0.04_Vconc_1.6_run_0.csv,1200.0,0.6,0,1.6,0.04,1.6,0,15.5,126.076,1.22156,0.0491026,126.076,0.0,0.940293,155.927
1200_dose_0.6_gradient_0_VconcST_0.04_Vconc_1.6_run_0.csv,1200.0,0.6,0,1.6,0.04,1.6,0,15.75,131.236,1.19735,0.0511125,131.236,0.0,0.942509,150.057
1200_dose_0.6_gradient_0_VconcST_0.04_Vconc_1.6_run_0.csv,1200.0,0.6,0,1.6,0.04,1.6,0,16.0,136.265,1.17361,0.0530712,136.265,0.0,0.944515,145.443
1200_dose_0.6_gradient_0_VconcST_0.04_Vconc_1.6_run_0.csv,1200.0,0.6,0,1.6,0.04,1.6,0,16.25,141.166,1.15036,0.0549798,141.166,0.0,0.946339,138.955
1200_dose_0.6_gradient_0_VconcST_0.04_Vconc_1.6_run_0.csv,1200.0,0.6,0,1.6,0.04,1.6,0,16.5,145.941,1.12756,0.0568394,145.941,0.0,0.948005,134.479
1200_dose_0.6_gradient_0_VconcST_0.04_Vconc_1.6_run_0.csv,1200.0,0.6,0,1.6,0.04,1.6,0,16.75,150.592,1.10521,0.0586509,150.592,0.0,0.949532,132.773
1200_dose_0.6_gradient_0_VconcST_0.04_Vconc_1.6_run_0.csv,1200.0,0.6,0,1.6,0.04,1.6,0,17.0,155.123,1.08331,0.0604154,155.123,0.0,0.950935,126.37
1200_dose_0.6_gradient_0_VconcST_0.04_Vconc_1.6_run_0.csv,1200.0,0.6,0,1.6,0.04,1.6,0,17.25,159.535,1.06184,0.0621338,159.535,0.0,0.952228,127.389
1200_dose_0.6_gradient_0_VconcST_0.04_Vconc_1.6_run_0.csv,1200.0,0.6,0,1.6,0.04,1.6,0,17.5,163.831,1.04079,0.0638071,163.831,0.0,0.953424,121.254
1200_dose_0.6_gradient_0_VconcST_0.04_Vconc_1.6_run_0.csv,1200.0,0.6,0,1.6,0.04,1.6,0,17.75,168.014,1.02017,0.0654363,168.014,0.0,0.954531,117.691
1200_dose_0.6_gradient_0_VconcST_0.04_Vconc_1.6_run_0.csv,1200.0,0.6,0,1.6,0.04,1.6,0,18.0,172.086,0.999947,0.0670221,172.086,0.0,0.95556,115.527
1200_dose_0.6_gradient_0_VconcST_0.04_Vconc_1.6_run_0.csv,1200.0,0.6,0,1.6,0.04,1.6,0,18.25,176.049,0.980129,0.0685656,176.049,0.0,0.956518,111.466
1200_dose_0.6_gradient_0_VconcST_0.04_Vconc_1.6_run_0.csv,1200.0,0.6,0,1.6,0.04,1.6,0,18.5,179.906,0.960704,0.0700677,179.906,0.0,0.957411,111.216
1200_dose_0.6_gradient_0_VconcST_0.04_Vconc_1.6_run_0.csv,1200.0,0.6,0,1.6,0.04,1.6,0,18.75,183.658,0.941664,0.0715291,183.658,0.0,0.958246,107.66
1200_dose_0.6_gradient_0_VconcST_0.04_Vconc_1.6_run_0.csv,1200.0,0.6,0,1.6,0.04,1.6,0,19.0,187.308,0.923002,0.0729507,187.308,0.0,0.959027,106.139
1200_dose_0.6_gradient_0_VconcST_0.04_Vconc_1.6_run_0.csv,1200.0,0.6,0,1.6,0.04,1.6,0,19.25,190.858,0.904709,0.0743334,190.858,0.0,0.959759,105.631
1200_dose_0.6_gradient_0_VconcST_0.04_Vconc_1.6_run_0.csv,1200.0,0.6,0,1.6,0.04,1.6,0,19.5,194.311,0.886779,0.075678,194.311,0.0,0.960446,105.646
1200_dose_0.6_gradient_0_VconcST_0.04_Vconc_1.6_run_0.csv,1200.0,0.6,0,1.6,0.04,1.6,0,19.75,197.667,0.869204,0.0769853,197.667,0.0,0.961092,102.985
1200_dose_0.6_gradient_0_VconcST_0.04_Vconc_1.6_run_0.csv,1200.0,0.6,0,1.6,0.04,1.6,0,20.0,200.977,1.45198,0.0782741,200.977,0.0,0.9617,99.6114
1200_dose_0.6_gradient_0_VconcST_0.04_Vconc_1.6_run_0.csv,1200.0,0.6,0,1.6,0.04,1.6,0,20.25,206.917,1.4232,0.0805876,206.917,0.0,0.962759,97.6809
1200_dose_0.6_gradient_0_VconcST_0.04_Vconc_1.6_run_0.csv,1200.0,0.6,0,1.6,0.04,1.6,0,20.5,212.701,1.39499,0.0828406,212.701,0.0,0.963736,95.032
1200_dose_0.6_gradient_0_VconcST_0.04_Vconc_1.6_run_0.csv,1200.0,0.6,0,1.6,0.04,1.6,0,20.75,218.334,1.36735,0.0850343,218.334,0.0,0.96464,92.7423
1200_dose_0.6_gradient_0_VconcST_0.04_Vconc_1.6_run_0.csv,1200.0,0.6,0,1.6,0.04,1.6,0,21.0,223.818,1.34025,0.08717,223.818,0.0,0.965477,90.9402
1200_dose_0.6_gradient_0_VconcST_0.04_Vconc_1.6_run_0.csv,1200.0,0.6,0,1.6,0.04,1.6,0,21.25,229.155,1.31369,0.0892489,229.155,0.0,0.966254,86.8954
1200_dose_0.6_gradient_0_VconcST_0.04_Vconc_1.6_run_0.csv,1200.0,0.6,0,1.6,0.04,1.6,0,21.5,234.35,1.28765,0.0912721,234.35,0.0,0.966978,86.6483
1200_dose_0.6_gradient_0_VconcST_0.04_Vconc_1.6_run_0.csv,1200.0,0.6,0,1.6,0.04,1.6,0,21.75,239.405,1.26213,0.0932409,239.405,0.0,0.967654,84.5269
1200_dose_0.6_gradient_0_VconcST_0.04_Vconc_1.6_run_0.csv,1200.0,0.6,0,1.6,0.04,1.6,0,22.0,244.323,1.23712,0.0951563,244.323,0.0,0.968284,82.168
1200_dose_0.6_gradient_0_VconcST_0.04_Vconc_1.6_run_0.csv,1200.0,0.6,0,1.6,0.04,1.6,0,22.25,249.107,1.2126,0.0970195,249.107,0.0,0.968875,81.1877
1200_dose_0.6_gradient_0_VconcST_0.04_Vconc_1.6_run_0.csv,1200.0,0.6,0,1.6,0.04,1.6,0,22.5,253.76,1.18857,0.0988315,253.76,0.0,0.969429,79.3148
1200_dose_0.6_gradient_0_VconcST_0.04_Vconc_1.6_run_0.csv,1200.0,0.6,0,1.6,0.04,1.6,0,22.75,258.284,1.16501,0.100594,258.284,0.0,0.969948,78.5653
1200_dose_0.6_gradient_0_VconcST_0.04_Vconc_1.6_run_0.csv,1200.0,0.6,0,1.6,0.04,1.6,0,23.0,262.682,1.14192,0.102306,262.682,0.0,0.970437,76.7429
1200_dose_0.6_gradient_0_VconcST_0.04_Vconc_1.6_run_0.csv,1200.0,0.6,0,1.6,0.04,1.6,0,23.25,266.957,1.11929,0.103971,266.957,0.0,0.970897,76.9437
1200_dose_0.6_gradient_0_VconcST_0.04_Vconc_1.6_run_0.csv,1200.0,0.6,0,1.6,0.04,1.6,0,23.5,271.111,1.09711,0.105589,271.111,0.0,0.971331,74.2043
1200_dose_0.6_gradient_0_VconcST_0.04_Vconc_1.6_run_0.csv,1200.0,0.6,0,1.6,0.04,1.6,0,23.75,275.147,1.07536,0.107161,275.147,0.0,0.97174,73.7091
1200_dose_0.6_gradient_0_VconcST_0.04_Vconc_1.6_run_0.csv,1200.0,0.6,0,1.6,0.04,1.6,0,24.0,279.068,1.05405,0.108688,279.068,0.0,0.972126,72.0254
1200_dose_0.6_gradient_0_VconcST_0.04_Vconc_1.6_run_0.csv,1200.0,0.6,0,1.6,0.04,1.6,0,24.25,282.875,1.03316,0.110171,282.875,0.0,0.972491,71.8787
1200_dose_0.6_gradient_0_VconcST_0.04_Vconc_1.6_run_0.csv,1200.0,0.6,0,1.6,0.04,1.6,0,24.5,286.571,1.01269,0.111611,286.571,0.0,0.972836,71.5063
1200_dose_0.6_gradient_0_VconcST_0.04_Vconc_1.6_run_0.csv,1200.0,0.6,0,1.6,0.04,1.6,0,24.75,290.159,0.992615,0.113008,290.159,0.0,0.973163,70.6951
1200_dose_0.6_gradient_0_VconcST_0.04_Vconc_1.6_run_0.csv,1200.0,0.6,0,1.6,0.04,1.6,0,25.0,293.687,1.57294,0.114382,293.687,0.0,0.973473,68.5209
1200_dose_0.6_gradient_0_VconcST_0.04_Vconc_1.6_run_0.csv,1200.0,0.6,0,1.6,0.04,1.6,0,25.25,299.834,1.54177,0.116776,299.834,0.0,0.974003,67.0877
1200_dose_0.6_gradient_0_VconcST_0.04_Vconc_1.6_run_0.csv,1200.0,0.6,0,1.6,0.04,1.6,0,25.5,305.814,1.51121,0.119105,305.814,0.0,0.974499,66.9096
1200_dose_0.6_gradient_0_VconcST_0.04_Vconc_1.6_run_0.csv,1200.0,0.6,0,1.6,0.04,1.6,0,25.75,311.63,1.48126,0.12137,311.63,0.0,0.974964,65.5592
1200_dose_0.6_gradient_0_VconcST_0.04_Vconc_1.6_run_0.csv,1200.0,0.6,0,1.6,0.04,1.6,0,26.0,317.285,1.45191,0.123573,317.285,0.0,0.975399,64.0393
1200_dose_0.6_gradient_0_VconcST_0.04_Vconc_1.6_run_0.csv,1200.0,0.6,0,1.6,0.04,1.6,0,26.25,322.784,1.42313,0.125714,322.784,0.0,0.975808,63.7124
1200_dose_0.6_gradient_0_VconcST_0.04_Vconc_1.6_run_0.csv,1200.0,0.6,0,1.6,0.04,1.6,0,26.5,328.129,1.39493,0.127796,328.129,0.0,0.976193,61.95
1200_dose_0.6_gradient_0_VconcST_0.04_Vconc_1.6_run_0.csv,1200.0,0.6,0,1.6,0.04,1.6,0,26.75,333.324,1.36728,0.129819,333.324,0.0,0.976556,61.1039
1200_dose_0.6_gradient_0_VconcST_0.04_Vconc_1.6_run_0.csv,1200.0,0.6,0,1.6,0.04,1.6,0,27.0,338.371,1.34018,0.131785,338.371,0.0,0.976898,60.1258
1200_dose_0.6_gradient_0_VconcST_0.04_Vconc_1.6_run_0.csv,1200.0,0.6,0,1.6,0.04,1.6,0,27.25,343.274,1.31362,0.133695,343.274,0.0,0.977221,58.828
1200_dose_0.6_gradient_0_VconcST_0.04_Vconc_1.6_run_0.csv,1200.0,0.6,0,1.6,0.04,1.6,0,27.5,348.036,1.28759,0.135549,348.036,0.0,0.977525,59.2274
1200_dose_0.6_gradient_0_VconcST_0.04_Vconc_1.6_run_0.csv,1200.0,0.6,0,1.6,0.04,1.6,0,27.75,352.66,1.26207,0.13735,352.66,0.0,0.977814,57.7091
1200_dose_0.6_gradient_0_VconcST_0.04_Vconc_1.6_run_0.csv,1200.0,0.6,0,1.6,0.04,1.6,0,28.0,357.148,1.23706,0.139098,357.148,0.0,0.978087,56.7057
1200_dose_0.6_gradient_0_VconcST_0.04_Vconc_1.6_run_0.csv,1200.0,0.6,0,1.6,0.04,1.6,0,28.25,361.504,1.21254,0.140795,361.504,0.0,0.978345,56.0992
1200_dose_0.6_gradient_0_VconcST_0.04_Vconc_1.6_run_0.csv,1200.0,0.6,0,1.6,0.04,1.6,0,28.5,365.73,1.18851,0.142441,365.73,0.0,0.97859,54.8691
1200_dose_0.6_gradient_0_VconcST_0.04_Vconc_1.6_run_0.csv,1200.0,0.6,0,1.6,0.04,1.6,0,28.75,369.829,1.16495,0.144037,369.829,0.0,0.978823,54.9267
