filename,schedule,dose,gradient,vegf_level,VconcST,Vconc,run,hours,drug_tumour_nM,drug_gut_mgL,drug_blood_mgL,drug_blood_nM,vasc_score,vegfr_inhibition,dll4_average
1200_dose_0.01_gradient_0_VconcST_0.04_Vconc_4_run_0.csv,1200.0,0.01,0,4.0,0.04,4.0,0,0.0,0.0,0.0,0.0,0.0,0.0,0.0,0.0
1200_dose_0.01_gradient_0_VconcST_0.04_Vconc_4_run_0.csv,1200.0,0.01,0,4.0,0.04,4.0,0,0.25,0.0,0.0,0.0,0.0,0.0,0.0,10000.0
1200_dose_0.01_gradient_0_VconcST_0.04_Vconc_4_run_0.csv,1200.0,0.01,0,4.0,0.04,4.0,0,0.5,0.0,0.0,0.0,0.0,0.0,0.0,434.347
1200_dose_0.01_gradient_0_VconcST_0.04_Vconc_4_run_0.csv,1200.0,0.01,0,4.0,0.04,4.0,0,0.75,0.0,0.0,0.0,0.0,0.0,0.0,10000.0
1200_dose_0.01_gradient_0_VconcST_0.04_Vconc_4_run_0.csv,1200.0,0.01,0,4.0,0.04,4.0,0,1.0,0.0,0.0,0.0,0.0,0.0,0.0,442.404
1200_dose_0.01_gradient_0_VconcST_0.04_Vconc_4_run_0.csv,1200.0,0.01,0,4.0,0.04,4.0,0,1.25,0.0,0.0,0.0,0.0,0.0,0.0,10000.0
1200_dose_0.01_gradient_0_VconcST_0.04_Vconc_4_run_0.csv,1200.0,0.01,0,4.0,0.04,4.0,0,1.5,0.0,0.0,0.0,0.0,0.0,0.0,405.586
1200_dose_0.01_gradient_0_VconcST_0.04_Vconc_4_run_0.csv,1200.0,0.01,0,4.0,0.04,4.0,0,1.75,0.0,0.0,0.0,0.0,0.0,0.0,10000.0
1200_dose_0.01_gradient_0_VconcST_0.04_Vconc_4_run_0.csv,1200.0,0.01,0,4.0,0.04,4.0,0,2.0,0.0,0.0,0.0,0.0,0.0,0.0,465.844
1200_dose_0.01_gradient_0_VconcST_0.04_Vconc_4_run_0.csv,1200.0,0.01,0,4.0,0.04,4.0,0,2.25,0.0,0.0,0.0,0.0,0.0,0.0,10000.0
1200_dose_0.01_gradient_0_VconcST_0.04_Vconc_4_run_0.csv,1200.0,0.01,0,4.0,0.04,4.0,0,2.5,0.0,0.0,0.0,0.0,0.0,0.0,450.187
1200_dose_0.01_gradient_0_VconcST_0.04_Vconc_4_run_0.csv,1200.0,0.01,0,4.0,0.04,4.0,0,2.75,0.0,0.0,0.0,0.0,0.0,0.0,10000.0
1200_dose_0.01_gradient_0_VconcST_0.04_Vconc_4_run_0.csv,1200.0,0.01,0,4.0,0.04,4.0,0,3.0,0.0,0.0,0.0,0.0,0.0,0.0,453.731
1200_dose_0.01_gradient_0_VconcST_0.04_Vconc_4_run_0.csv,1200.0,0.01,0,4.0,0.04,4.0,0,3.25,0.0,0.0,0.0,0.0,0.0,0.0,10000.0
1200_dose_0.01_gradient_0_VconcST_0.04_Vconc_4_run_0.csv,1200.0,0.01,0,4.0,0.04,4.0,0,3.5,0.0,0.0,0.0,0.0,0.0,0.0,432.478
1200_dose_0.01_gradient_0_VconcST_0.04_Vconc_4_run_0.csv,1200.0,0.01,0,4.0,0.04,4.0,0,3.75,0.0,0.0,0.0,0.0,0.0,0.0,9945.25
1200_dose_0.01_gradient_0_VconcST_0.04_Vconc_4_run_0.csv,1200.0,0.01,0,4.0,0.04,4.0,0,4.0,0.0,0.0,0.0,0.0,0.0,0.0,476.707
1200_dose_0.01_gradient_0_VconcST_0.04_Vconc_4_run_0.csv,1200.0,0.01,0,4.0,0.04,4.0,0,4.25,0.0,0.0,0.0,0.0,0.0,0.0,10000.0
1200_dose_0.01_gradient_0_VconcST_0.04_Vconc_4_run_0.csv,1200.0,0.01,0,4.0,0.04,4.0,0,4.5,0.0,0.0,0.0,0.0,0.0,0.0,448.319
1200_dose_0.01_gradient_0_VconcST_0.04_Vconc_4_run_0.csv,1200.0,0.01,0,4.0,0.04,4.0,0,4.75,0.0,0.0,0.0,0.0,0.0,0.0,10000.0
1200_dose_0.01_gradient_0_VconcST_0.04_Vconc_4_run_0.csv,1200.0,0.01,0,4.0,0.04,4.0,0,5.0,0.000778625,0.01,3.0325e-07,0.000778625,0.0,0.0,468.654
1200_dose_0.01_gradient_0_VconcST_0.04_Vconc_4_run_0.csv,1200.0,0.01,0,4.0,0.04,4.0,0,5.25,0.0469344,0.00980181,1.82795e-05,0.0469344,0.0,0.00573865,9956.01
1200_dose_0.01_gradient_0_VconcST_0.04_Vconc_4_run_0.csv,1200.0,0.01,0,4.0,0.04,4.0,0,5.5,0.0920004,0.00960755,3.58313e-05,0.0920004,0.0,0.0112786,459.943
1200_dose_0.01_gradient_0_VconcST_0.04_Vconc_4_run_0.csv,1200.0,0.01,0,4.0,0.04,4.0,0,5.75,0.135999,0.00941714,5.29673e-05,0.135999,0.0,0.0166281,10000.0
1200_dose_0.01_gradient_0_VconcST_0.04_Vconc_4_run_0.csv,1200.0,0.01,0,4.0,0.04,4.0,0,6.0,0.178951,0.00923051,6.9696e-05,0.178951,0.0,0.0217949,410.059
1200_dose_0.01_gradient_0_VconcST_0.04_Vconc_4_run_0.csv,1200.0,0.01,0,4.0,0.04,4.0,0,6.25,0.22088,0.00904757,8.60258e-05,0.22088,0.0,0.0267864,10000.0
1200_dose_0.01_gradient_0_VconcST_0.04_Vconc_4_run_0.csv,1200.0,0.01,0,4.0,0.04,4.0,0,6.5,0.261805,0.00886825,0.000101965,0.261805,0.0,0.0316096,435.664
1200_dose_0.01_gradient_0_VconcST_0.04_Vconc_4_run_0.csv,1200.0,0.01,0,4.0,0.04,4.0,0,6.75,0.301747,0.00869249,0.000117521,0.301747,0.0,0.036271,10000.0
1200_dose_0.01_gradient_0_VconcST_0.04_Vconc_4_run_0.csv,1200.0,0.01,0,4.0,0.04,4.0,0,7.0,0.340726,0.00852022,0.000132702,0.340726,0.0,0.040777,434.377
1200_dose_0.01_gradient_0_VconcST_0.04_Vconc_4_run_0.csv,1200.0,0.01,0,4.0,0.04,4.0,0,7.25,0.378762,0.00835137,0.000147516,0.378762,0.0,0.0451337,10000.0
1200_dose_0.01_gradient_0_VconcST_0.04_Vconc_4_run_0.csv,1200.0,0.01,0,4.0,0.04,4.0,0,7.5,0.415875,0.00818586,0.00016197,0.415875,0.0,0.0493465,410.833
1200_dose_0.01_gradient_0_VconcST_0.04_Vconc_4_run_0.csv,1200.0,0.01,0,4.0,0.04,4.0,0,7.75,0.452083,0.00802362,0.000176072,0.452083,0.0,0.053421,9875.54
1200_dose_0.01_gradient_0_VconcST_0.04_Vconc_4_run_0.csv,1200.0,0.01,0,4.0,0.04,4.0,0,8.0,0.487405,0.0078646,0.000189829,0.487405,0.0,0.0573623,431.831
1200_dose_0.01_gradient_0_VconcST_0.04_Vconc_4_run_0.csv,1200.0,0.01,0,4.0,0.04,4.0,0,8.25,0.521859,0.00770874,0.000203248,0.521859,0.0,0.0611752,10000.0
1200_dose_0.01_gradient_0_VconcST_0.04_Vconc_4_run_0.csv,1200.0,0.01,0,4.0,0.04,4.0,0,8.5,0.555463,0.00755596,0.000216335,0.555463,0.0,0.0648644,402.142
1200_dose_0.01_gradient_0_VconcST_0.04_Vconc_4_run_0.csv,1200.0,0.01,0,4.0,0.04,4.0,0,8.75,0.588234,0.00740621,0.000229099,0.588234,0.0,0.0684345,9604.47
1200_dose_0.01_gradient_0_VconcST_0.04_Vconc_4_run_0.csv,1200.0,0.01,0,4.0,0.04,4.0,0,9.0,0.62019,0.00725943,0.000241545,0.62019,0.0,0.0718895,392.155
1200_dose_0.01_gradient_0_VconcST_0.04_Vconc_4_run_0.csv,1200.0,0.01,0,4.0,0.04,4.0,0,9.25,0.651347,0.00711555,0.000253679,0.651347,0.0,0.0752336,9814.31
1200_dose_0.01_gradient_0_VconcST_0.04_Vconc_4_run_0.csv,1200.0,0.01,0,4.0,0.04,4.0,0,9.5,0.681721,0.00697453,0.000265509,0.681721,0.0,0.0784707,407.037
1200_dose_0.01_gradient_0_VconcST_0.04_Vconc_4_run_0.csv,1200.0,0.01,0,4.0,0.04,4.0,0,9.75,0.71133,0.0068363,0.000277041,0.71133,0.0,0.0816043,9910.98
1200_dose_0.01_gradient_0_VconcST_0.04_Vconc_4_run_0.csv,1200.0,0.01,0,4.0,0.04,4.0,0,10.0,0.740967,0.0167008,0.000288584,0.740967,0.0,0.0846381,374.43
1200_dose_0.01_gradient_0_VconcST_0.04_Vconc_4_run_0.csv,1200.0,0.01,0,4.0,0.04,4.0,0,10.25,0.815246,0.0163698,0.000317513,0.815246,0.0,0.0923554,9877.33
1200_dose_0.01_gradient_0_VconcST_0.04_Vconc_4_run_0.csv,1200.0,0.01,0,4.0,0.04,4.0,0,10.5,0.887716,0.0160454,0.000345738,0.887716,0.0,0.0997604,354.676
1200_dose_0.01_gradient_0_VconcST_0.04_Vconc_4_run_0.csv,1200.0,0.01,0,4.0,0.04,4.0,0,10.75,0.958415,0.0157274,0.000373273,0.958415,0.0,0.106869,9521.3
1200_dose_0.01_gradient_0_VconcST_0.04_Vconc_4_run_0.csv,1200.0,0.01,0,4.0,0.04,4.0,0,11.0,1.02738,0.0154157,0.000400131,1.02738,0.0,0.113695,362.379
1200_dose_0.01_gradient_0_VconcST_0.04_Vconc_4_run_0.csv,1200.0,0.01,0,4.0,0.04,4.0,0,11.25,1.09464,0.0151102,0.000426327,1.09464,0.0,0.120254,9460.54
1200_dose_0.01_gradient_0_VconcST_0.04_Vconc_4_run_0.csv,1200.0,0.01,0,4.0,0.04,4.0,0,11.5,1.16023,0.0148107,0.000451875,1.16023,0.0,0.126557,352.59
1200_dose_0.01_gradient_0_VconcST_0.04_Vconc_4_run_0.csv,1200.0,0.01,0,4.0,0.04,4.0,0,11.75,1.2242,0.0145172,0.000476787,1.2242,0.0,0.132617,9885.43
1200_dose_0.01_gradient_0_VconcST_0.04_Vconc_4_run_0.csv,1200.0,0.01,0,4.0,0.04,4.0,0,12.0,1.28657,0.0142295,0.000501077,1.28657,0.0,0.138445,351.43
1200_dose_0.01_gradient_0_VconcST_0.04_Vconc_4_run_0.csv,1200.0,0.01,0,4.0,0.04,4.0,0,12.25,1.34737,0.0139475,0.000524758,1.34737,0.0,0.144053,9047.47
1200_dose_0.01_gradient_0_VconcST_0.04_Vconc_4_run_0.csv,1200.0,0.01,0,4.0,0.04,4.0,0,12.5,1.40664,0.013671,0.000547842,1.40664,0.0,0.149449,323.711
1200_dose_0.01_gradient_0_VconcST_0.04_Vconc_4_run_0.csv,1200.0,0.01,0,4.0,0.04,4.0,0,12.75,1.46441,0.0134001,0.000570342,1.46441,0.0,0.154643,9335.4
1200_dose_0.01_gradient_0_VconcST_0.04_Vconc_4_run_0.csv,1200.0,0.01,0,4.0,0.04,4.0,0,13.0,1.52071,0.0131345,0.000592269,1.52071,0.0,0.159645,330.028
1200_dose_0.01_gradient_0_VconcST_0.04_Vconc_4_run_0.csv,1200.0,0.01,0,4.0,0.04,4.0,0,13.25,1.57557,0.0128742,0.000613636,1.57557,0.0,0.164462,8668.69
1200_dose_0.01_gradient_0_VconcST_0.04_Vconc_4_run_0.csv,1200.0,0.01,0,4.0,0.04,4.0,0,13.5,1.62902,0.0126191,0.000634453,1.62902,0.0,0.169102,314.012
1200_dose_0.01_gradient_0_VconcST_0.04_Vconc_4_run_0.csv,1200.0,0.01,0,4.0,0.04,4.0,0,13.75,1.68109,0.012369,0.000654734,1.68109,0.0,0.173574,8781.36
1200_dose_0.01_gradient_0_VconcST_0.04_Vconc_4_run_0.csv,1200.0,0.01,0,4.0,0.04,4.0,0,14.0,1.73181,0.0121238,0.000674487,1.73181,0.0,0.177883,307.322
1200_dose_0.01_gradient_0_VconcST_0.04_Vconc_4_run_0.csv,1200.0,0.01,0,4.0,0.04,4.0,0,14.25,1.78121,0.0118835,0.000693725,1.78121,0.0,0.182037,8990.43
1200_dose_0.01_gradient_0_VconcST_0.04_Vconc_4_run_0.csv,1200.0,0.01,0,4.0,0.04,4.0,0,14.5,1.82931,0.011648,0.000712458,1.82931,0.0,0.186042,306.971
1200_dose_0.01_gradient_0_VconcST_0.04_Vconc_4_run_0.csv,1200.0,0.01,0,4.0,0.04,4.0,0,14.75,1.87613,0.0114172,0.000730696,1.87613,0.0,0.189903,8328.35
1200_dose_0.01_gradient_0_VconcST_0.04_Vconc_4_run_0.csv,1200.0,0.01,0,4.0,0.04,4.0,0,15.0,1.9225,0.0211909,0.000748754,1.9225,0.0,0.193627,284.936
1200_dose_0.01_gradient_0_VconcST_0.04_Vconc_4_run_0.csv,1200.0,0.01,0,4.0,0.04,4.0,0,15.25,2.01302,0.0207709,0.00078401,2.01302,0.0,0.200922,8908.43
1200_dose_0.01_gradient_0_VconcST_0.04_Vconc_4_run_0.csv,1200.0,0.01,0,4.0,0.04,4.0,0,15.5,2.10127,0.0203593,0.000818378,2.10127,0.0,0.207906,296.134
1200_dose_0.01_gradient_0_VconcST_0.04_Vconc_4_run_0.csv,1200.0,0.01,0,4.0,0.04,4.0,0,15.75,2.18727,0.0199558,0.000851876,2.18727,0.0,0.214597,7928.44
1200_dose_0.01_gradient_0_VconcST_0.04_Vconc_4_run_0.csv,1200.0,0.01,0,4.0,0.04,4.0,0,16.0,2.27109,0.0195603,0.000884521,2.27109,0.0,0.221011,282.646
1200_dose_0.01_gradient_0_VconcST_0.04_Vconc_4_run_0.csv,1200.0,0.01,0,4.0,0.04,4.0,0,16.25,2.35277,0.0191726,0.000916331,2.35277,0.0,0.22716,7882.64
1200_dose_0.01_gradient_0_VconcST_0.04_Vconc_4_run_0.csv,1200.0,0.01,0,4.0,0.04,4.0,0,16.5,2.43235,0.0187926,0.000947324,2.43235,0.0,0.233058,281.183
1200_dose_0.01_gradient_0_VconcST_0.04_Vconc_4_run_0.csv,1200.0,0.01,0,4.0,0.04,4.0,0,16.75,2.50987,0.0184202,0.000977516,2.50987,0.0,0.238718,7573.88
1200_dose_0.01_gradient_0_VconcST_0.04_Vconc_4_run_0.csv,1200.0,0.01,0,4.0,0.04,4.0,0,17.0,2.58538,0.0180551,0.00100692,2.58538,0.0,0.244152,272.543
1200_dose_0.01_gradient_0_VconcST_0.04_Vconc_4_run_0.csv,1200.0,0.01,0,4.0,0.04,4.0,0,17.25,2.65891,0.0176973,0.00103556,2.65891,0.0,0.249369,7879.09
1200_dose_0.01_gradient_0_VconcST_0.04_Vconc_4_run_0.csv,1200.0,0.01,0,4.0,0.04,4.0,0,17.5,2.73052,0.0173465,0.00106345,2.73052,0.0,0.254381,255.245
1200_dose_0.01_gradient_0_VconcST_0.04_Vconc_4_run_0.csv,1200.0,0.01,0,4.0,0.04,4.0,0,17.75,2.80024,0.0170028,0.00109061,2.80024,0.0,0.259197,7889.94
1200_dose_0.01_gradient_0_VconcST_0.04_Vconc_4_run_0.csv,1200.0,0.01,0,4.0,0.04,4.0,0,18.0,2.8681,0.0166657,0.00111704,2.8681,0.0,0.263825,253.69
1200_dose_0.01_gradient_0_VconcST_0.04_Vconc_4_run_0.csv,1200.0,0.01,0,4.0,0.04,4.0,0,18.25,2.93415,0.0163354,0.00114276,2.93415,0.0,0.268275,7270.36
1200_dose_0.01_gradient_0_VconcST_0.04_Vconc_4_run_0.csv,1200.0,0.01,0,4.0,0.04,4.0,0,18.5,2.99843,0.0160117,0.0011678,2.99843,0.0,0.272553,249.05
1200_dose_0.01_gradient_0_VconcST_0.04_Vconc_4_run_0.csv,1200.0,0.01,0,4.0,0.04,4.0,0,18.75,3.06097,0.0156944,0.00119215,3.06097,0.0,0.276669,7334.73
1200_dose_0.01_gradient_0_VconcST_0.04_Vconc_4_run_0.csv,1200.0,0.01,0,4.0,0.04,4.0,0,19.0,3.1218,0.0153833,0.00121585,3.1218,0.0,0.280627,243.433
1200_dose_0.01_gradient_0_VconcST_0.04_Vconc_4_run_0.csv,1200.0,0.01,0,4.0,0.04,4.0,0,19.25,3.18097,0.0150784,0.00123889,3.18097,0.0,0.284437,7450.37
1200_dose_0.01_gradient_0_VconcST_0.04_Vconc_4_run_0.csv,1200.0,0.01,0,4.0,0.04,4.0,0,19.5,3.23851,0.0147796,0.0012613,3.23851,0.0,0.288102,247.115
1200_dose_0.01_gradient_0_VconcST_0.04_Vconc_4_run_0.csv,1200.0,0.01,0,4.0,0.04,4.0,0,19.75,3.29445,0.0144867,0.00128309,3.29445,0.0,0.29163,7182.07
1200_dose_0.01_gradient_0_VconcST_0.04_Vconc_4_run_0.csv,1200.0,0.01,0,4.0,0.04,4.0,0,20.0,3.34961,0.0241996,0.00130457,3.34961,0.0,0.295026,248.841
1200_dose_0.01_gradient_0_VconcST_0.04_Vconc_4_run_0.csv,1200.0,0.01,0,4.0,0.04,4.0,0,20.25,3.44861,0.02372,0.00134313,3.44861,0.0,0.301126,7147.3
1200_dose_0.01_gradient_0_VconcST_0.04_Vconc_4_run_0.csv,1200.0,0.01,0,4.0,0.04,4.0,0,20.5,3.54502,0.0232499,0.00138068,3.54502,0.0,0.306965,224.469
1200_dose_0.01_gradient_0_VconcST_0.04_Vconc_4_run_0.csv,1200.0,0.01,0,4.0,0.04,4.0,0,20.75,3.63889,0.0227891,0.00141724,3.63889,0.00152344,0.312558,6621.56
1200_dose_0.01_gradient_0_VconcST_0.04_Vconc_4_run_0.csv,1200.0,0.01,0,4.0,0.04,4.0,0,21.0,3.73029,0.0223374,0.00145283,3.73029,0.0,0.317917,214.705
1200_dose_0.01_gradient_0_VconcST_0.04_Vconc_4_run_0.csv,1200.0,0.01,0,4.0,0.04,4.0,0,21.25,3.81925,0.0218947,0.00148748,3.81925,0.00195312,0.323054,6731.81
1200_dose_0.01_gradient_0_VconcST_0.04_Vconc_4_run_0.csv,1200.0,0.01,0,4.0,0.04,4.0,0,21.5,3.90583,0.0214608,0.0015212,3.90583,0.0,0.32798,227.241
1200_dose_0.01_gradient_0_VconcST_0.04_Vconc_4_run_0.csv,1200.0,0.01,0,4.0,0.04,4.0,0,21.75,3.99008,0.0210355,0.00155401,3.99008,0.0,0.332705,6604.61
1200_dose_0.01_gradient_0_VconcST_0.04_Vconc_4_run_0.csv,1200.0,0.01,0,4.0,0.04,4.0,0,22.0,4.07205,0.0206186,0.00158594,4.07205,0.0,0.337238,210.266
1200_dose_0.01_gradient_0_VconcST_0.04_Vconc_4_run_0.csv,1200.0,0.01,0,4.0,0.04,4.0,0,22.25,4.15178,0.0202099,0.00161699,4.15178,0.00199219,0.341589,6371.45
1200_dose_0.01_gradient_0_VconcST_0.04_Vconc_4_run_0.csv,1200.0,0.01,0,4.0,0.04,4.0,0,22.5,4.22932,0.0198094,0.00164719,4.22932,0.0,0.345766,214.263
1200_dose_0.01_gradient_0_VconcST_0.04_Vconc_4_run_0.csv,1200.0,0.01,0,4.0,0.04,4.0,0,22.75,4.30472,0.0194168,0.00167656,4.30472,0.0,0.349778,6422.11
1200_dose_0.01_gradient_0_VconcST_0.04_Vconc_4_run_0.csv,1200.0,0.01,0,4.0,0.04,4.0,0,23.0,4.37803,0.019032,0.00170511,4.37803,0.0,0.353631,203.801
1200_dose_0.01_gradient_0_VconcST_0.04_Vconc_4_run_0.csv,1200.0,0.01,0,4.0,0.04,4.0,0,23.25,4.44928,0.0186548,0.00173286,4.44928,0.0,0.357332,6496.13
1200_dose_0.01_gradient_0_VconcST_0.04_Vconc_4_run_0.csv,1200.0,0.01,0,4.0,0.04,4.0,0,23.5,4.51852,0.0182851,0.00175982,4.51852,0.0,0.360889,198.428
1200_dose_0.01_gradient_0_VconcST_0.04_Vconc_4_run_0.csv,1200.0,0.01,0,4.0,0.04,4.0,0,23.75,4.58578,0.0179227,0.00178602,4.58578,0.0,0.364306,6151.03
1200_dose_0.01_gradient_0_VconcST_0.04_Vconc_4_run_0.csv,1200.0,0.01,0,4.0,0.04,4.0,0,24.0,4.65112,0.0175675,0.00181147,4.65112,0.0,0.367591,200.621
1200_dose_0.01_gradient_0_VconcST_0.04_Vconc_4_run_0.csv,1200.0,0.01,0,4.0,0.04,4.0,0,24.25,4.71458,0.0172193,0.00183618,4.71458,0.0,0.370749,5852.56
1200_dose_0.01_gradient_0_VconcST_0.04_Vconc_4_run_0.csv,1200.0,0.01,0,4.0,0.04,4.0,0,24.5,4.77618,0.016878,0.00186017,4.77618,0.0,0.373785,195.468
1200_dose_0.01_gradient_0_VconcST_0.04_Vconc_4_run_0.csv,1200.0,0.01,0,4.0,0.04,4.0,0,24.75,4.83598,0.0165435,0.00188346,4.83598,0.0,0.376704,6025.64
1200_dose_0.01_gradient_0_VconcST_0.04_Vconc_4_run_0.csv,1200.0,0.01,0,4.0,0.04,4.0,0,25.0,4.89478,0.0262156,0.00190637,4.89478,0.0,0.379511,185.71
1200_dose_0.01_gradient_0_VconcST_0.04_Vconc_4_run_0.csv,1200.0,0.01,0,4.0,0.04,4.0,0,25.25,4.99723,0.025696,0.00194627,4.99723,0.000234375,0.384404,6076.36
1200_dose_0.01_gradient_0_VconcST_0.04_Vconc_4_run_0.csv,1200.0,0.01,0,4.0,0.04,4.0,0,25.5,5.09689,0.0251868,0.00198508,5.09689,0.0,0.389092,192.863
1200_dose_0.01_gradient_0_VconcST_0.04_Vconc_4_run_0.csv,1200.0,0.01,0,4.0,0.04,4.0,0,25.75,5.19382,0.0246876,0.00202283,5.19382,0.00185547,0.393582,5932.76
1200_dose_0.01_gradient_0_VconcST_0.04_Vconc_4_run_0.csv,1200.0,0.01,0,4.0,0.04,4.0,0,26.0,5.28808,0.0241983,0.00205954,5.28808,0.0,0.397887,187.394
1200_dose_0.01_gradient_0_VconcST_0.04_Vconc_4_run_0.csv,1200.0,0.01,0,4.0,0.04,4.0,0,26.25,5.37973,0.0237187,0.00209524,5.37973,0.0,0.402013,5936.48
1200_dose_0.01_gradient_0_VconcST_0.04_Vconc_4_run_0.csv,1200.0,0.01,0,4.0,0.04,4.0,0,26.5,5.46881,0.0232487,0.00212993,5.46881,0.0,0.405971,185.207
1200_dose_0.01_gradient_0_VconcST_0.04_Vconc_4_run_0.csv,1200.0,0.01,0,4.0,0.04,4.0,0,26.75,5.55539,0.0227879,0.00216365,5.55539,0.0,0.409767,5475.97
1200_dose_0.01_gradient_0_VconcST_0.04_Vconc_4_run_0.csv,1200.0,0.01,0,4.0,0.04,4.0,0,27.0,5.63951,0.0223363,0.00219641,5.63951,0.0,0.413409,174.012
1200_dose_0.01_gradient_0_VconcST_0.04_Vconc_4_run_0.csv,1200.0,0.01,0,4.0,0.04,4.0,0,27.25,5.72122,0.0218936,0.00222824,5.72122,0.00160807,0.416904,5596.74
1200_dose_0.01_gradient_0_VconcST_0.04_Vconc_4_run_0.csv,1200.0,0.01,0,4.0,0.04,4.0,0,27.5,5.80059,0.0214597,0.00225915,5.80059,0.0,0.42026,178.126
1200_dose_0.01_gradient_0_VconcST_0.04_Vconc_4_run_0.csv,1200.0,0.01,0,4.0,0.04,4.0,0,27.75,5.87765,0.0210344,0.00228916,5.87765,0.00127821,0.423481,5478.81
1200_dose_0.01_gradient_0_VconcST_0.04_Vconc_4_run_0.csv,1200.0,0.01,0,4.0,0.04,4.0,0,28.0,5.95245,0.0206175,0.0023183,5.95245,0.0,0.426574,176.838
1200_dose_0.01_gradient_0_VconcST_0.04_Vconc_4_run_0.csv,1200.0,0.01,0,4.0,0.04,4.0,0,28.25,6.02505,0.0202089,0.00234657,6.02505,0.00173177,0.429544,5549.49
1200_dose_0.01_gradient_0_VconcST_0.04_Vconc_4_run_0.csv,1200.0,0.01,0,4.0,0.04,4.0,0,28.5,6.09548,0.0198084,0.002374,6.09548,0.0,0.432396,176.686
1200_dose_0.01_gradient_0_VconcST_0.04_Vconc_4_run_0.csv,1200.0,0.01,0,4.0,0.04,4.0,0,28.75,6.1638,0.0194158,0.00240061,6.1638,0.0,0.435135,5578.16
1200_dose_0.01_gradient_0_VconcST_0.04_Vconc_4_run_0.csv,1200.0,0.01,0,4.0,0.04,4.0,0,29.0,6.23005,0.019031,0.00242641,6.23005,0.0,0.437767,171.385
1200_dose_0.01_gradient_0_VconcST_0.04_Vconc_4_run_0.csv,1200.0,0.01,0,4.0,0.04,4.0,0,29.25,6.29427,0.0186538,0.00245142,6.29427,0.0,0.440294,5403.53
1200_dose_0.01_gradient_0_VconcST_0.04_Vconc_4_run_0.csv,1200.0,0.01,0,4.0,0.04,4.0,0,29.5,6.35651,0.0182841,0.00247566,6.35651,0.0,0.442722,168.023
1200_dose_0.01_gradient_0_VconcST_0.04_Vconc_4_run_0.csv,1200.0,0.01,0,4.0,0.04,4.0,0,29.75,6.4168,0.0179218,0.00249915,6.4168,0.0,0.445054,5358.54
1200_dose_0.01_gradient_0_VconcST_0.04_Vconc_4_run_0.csv,1200.0,0.01,0,4.0,0.04,4.0,0,30.0,6.47597,0.0275666,0.00252219,6.47597,0.0,0.447294,158.247
1200_dose_0.01_gradient_0_VconcST_0.04_Vconc_4_run_0.csv,1200.0,0.01,0,4.0,0.04,4.0,0,30.25,6.57866,0.0270202,0.00256218,6.57866,0.000742188,0.451189,5218.11
1200_dose_0.01_gradient_0_VconcST_0.04_Vconc_4_run_0.csv,1200.0,0.01,0,4.0,0.04,4.0,0,30.5,6.67844,0.0264847,0.00260105,6.67844,0.0,0.454922,164.694
1200_dose_0.01_gradient_0_VconcST_0.04_Vconc_4_run_0.csv,1200.0,0.01,0,4.0,0.04,4.0,0,30.75,6.77537,0.0259598,0.00263879,6.77537,0.0,0.4585,5261.46
1200_dose_0.01_gradient_0_VconcST_0.04_Vconc_4_run_0.csv,1200.0,0.01,0,4.0,0.04,4.0,0,31.0,6.8695,0.0254453,0.00267546,6.8695,0.0,0.46193,154.863
1200_dose_0.01_gradient_0_VconcST_0.04_Vconc_4_run_0.csv,1200.0,0.01,0,4.0,0.04,4.0,0,31.25,6.96091,0.024941,0.00271106,6.96091,0.0,0.465219,5057.46
1200_dose_0.01_gradient_0_VconcST_0.04_Vconc_4_run_0.csv,1200.0,0.01,0,4.0,0.04,4.0,0,31.5,7.04964,0.0244467,0.00274562,7.04964,0.0,0.468374,154.487
1200_dose_0.01_gradient_0_VconcST_0.04_Vconc_4_run_0.csv,1200.0,0.01,0,4.0,0.04,4.0,0,31.75,7.13575,0.0239622,0.00277915,7.13575,0.0,0.471401,5053.3
1200_dose_0.01_gradient_0_VconcST_0.04_Vconc_4_run_0.csv,1200.0,0.01,0,4.0,0.04,4.0,0,32.0,7.2193,0.0234873,0.00281169,7.2193,0.0,0.474304,142.954
1200_dose_0.01_gradient_0_VconcST_0.04_Vconc_4_run_0.csv,1200.0,0.01,0,4.0,0.04,4.0,0,32.25,7.30034,0.0230218,0.00284326,7.30034,0.0,0.47709,4856.28
1200_dose_0.01_gradient_0_VconcST_0.04_Vconc_4_run_0.csv,1200.0,0.01,0,4.0,0.04,4.0,0,32.5,7.37893,0.0225656,0.00287386,7.37893,0.0,0.479764,144.166
1200_dose_0.01_gradient_0_VconcST_0.04_Vconc_4_run_0.csv,1200.0,0.01,0,4.0,0.04,4.0,0,32.75,7.45511,0.0221183,0.00290353,7.45511,0.000247396,0.48233,4916.28
1200_dose_0.01_gradient_0_VconcST_0.04_Vconc_4_run_0.csv,1200.0,0.01,0,4.0,0.04,4.0,0,33.0,7.52894,0.02168,0.00293229,7.52894,0.0,0.484793,146.812
1200_dose_0.01_gradient_0_VconcST_0.04_Vconc_4_run_0.csv,1200.0,0.01,0,4.0,0.04,4.0,0,33.25,7.60046,0.0212503,0.00296014,7.60046,0.0,0.487156,5028.71
1200_dose_0.01_gradient_0_VconcST_0.04_Vconc_4_run_0.csv,1200.0,0.01,0,4.0,0.04,4.0,0,33.5,7.66973,0.0208291,0.00298712,7.66973,0.0,0.489424,140.817
1200_dose_0.01_gradient_0_VconcST_0.04_Vconc_4_run_0.csv,1200.0,0.01,0,4.0,0.04,4.0,0,33.75,7.73679,0.0204163,0.00301324,7.73679,0.0,0.491602,4790.1
1200_dose_0.01_gradient_0_VconcST_0.04_Vconc_4_run_0.csv,1200.0,0.01,0,4.0,0.04,4.0,0,34.0,7.80169,0.0200117,0.00303852,7.80169,0.0,0.493691,139.466
1200_dose_0.01_gradient_0_VconcST_0.04_Vconc_4_run_0.csv,1200.0,0.01,0,4.0,0.04,4.0,0,34.25,7.86448,0.0196151,0.00306297,7.86448,0.0,0.495696,4672.94
1200_dose_0.01_gradient_0_VconcST_0.04_Vconc_4_run_0.csv,1200.0,0.01,0,4.0,0.04,4.0,0,34.5,7.9252,0.0192263,0.00308662,7.9252,0.0,0.49762,138.604
1200_dose_0.01_gradient_0_VconcST_0.04_Vconc_4_run_0.csv,1200.0,0.01,0,4.0,0.04,4.0,0,34.75,7.9839,0.0188453,0.00310948,7.9839,0.0,0.499466,4579.62
1200_dose_0.01_gradient_0_VconcST_0.04_Vconc_4_run_0.csv,1200.0,0.01,0,4.0,0.04,4.0,0,35.0,8.04139,0.0284718,0.00313187,8.04139,0.0,0.501237,134.909
1200_dose_0.01_gradient_0_VconcST_0.04_Vconc_4_run_0.csv,1200.0,0.01,0,4.0,0.04,4.0,0,35.25,8.14232,0.0279075,0.00317118,8.14232,0.0,0.504357,4686.58
1200_dose_0.01_gradient_0_VconcST_0.04_Vconc_4_run_0.csv,1200.0,0.01,0,4.0,0.04,4.0,0,35.5,8.24026,0.0273544,0.00320933,8.24026,0.0,0.507348,134.682
1200_dose_0.01_gradient_0_VconcST_0.04_Vconc_4_run_0.csv,1200.0,0.01,0,4.0,0.04,4.0,0,35.75,8.33528,0.0268123,0.00324633,8.33528,0.0,0.510216,4567.59
1200_dose_0.01_gradient_0_VconcST_0.04_Vconc_4_run_0.csv,1200.0,0.01,0,4.0,0.04,4.0,0,36.0,8.42744,0.0262809,0.00328223,8.42744,0.0,0.512965,138.518
1200_dose_0.01_gradient_0_VconcST_0.04_Vconc_4_run_0.csv,1200.0,0.01,0,4.0,0.04,4.0,0,36.25,8.51679,0.0257601,0.00331703,8.51679,0.0,0.515601,4629.93
1200_dose_0.01_gradient_0_VconcST_0.04_Vconc_4_run_0.csv,1200.0,0.01,0,4.0,0.04,4.0,0,36.5,8.6034,0.0252495,0.00335076,8.6034,0.0,0.51813,129.884
1200_dose_0.01_gradient_0_VconcST_0.04_Vconc_4_run_0.csv,1200.0,0.01,0,4.0,0.04,4.0,0,36.75,8.68733,0.0247491,0.00338345,8.68733,0.0,0.520555,4367.47
1200_dose_0.01_gradient_0_VconcST_0.04_Vconc_4_run_0.csv,1200.0,0.01,0,4.0,0.04,4.0,0,37.0,8.76863,0.0242586,0.00341511,8.76863,0.0,0.522881,130.274
1200_dose_0.01_gradient_0_VconcST_0.04_Vconc_4_run_0.csv,1200.0,0.01,0,4.0,0.04,4.0,0,37.25,8.84735,0.0237778,0.00344577,8.84735,0.0,0.525111,4369.29
1200_dose_0.01_gradient_0_VconcST_0.04_Vconc_4_run_0.csv,1200.0,0.01,0,4.0,0.04,4.0,0,37.5,8.92356,0.0233066,0.00347545,8.92356,0.0,0.527251,134.718
1200_dose_0.01_gradient_0_VconcST_0.04_Vconc_4_run_0.csv,1200.0,0.01,0,4.0,0.04,4.0,0,37.75,8.99729,0.0228447,0.00350417,8.99729,0.0,0.529303,4156.92
1200_dose_0.01_gradient_0_VconcST_0.04_Vconc_4_run_0.csv,1200.0,0.01,0,4.0,0.04,4.0,0,38.0,9.06863,0.0223919,0.00353195,9.06863,0.0,0.531272,130.511
1200_dose_0.01_gradient_0_VconcST_0.04_Vconc_4_run_0.csv,1200.0,0.01,0,4.0,0.04,4.0,0,38.25,9.1376,0.0219481,0.00355881,9.1376,0.0,0.533159,4054.63
1200_dose_0.01_gradient_0_VconcST_0.04_Vconc_4_run_0.csv,1200.0,0.01,0,4.0,0.04,4.0,0,38.5,9.20426,0.0215132,0.00358478,9.20426,0.0,0.534969,131.832
1200_dose_0.01_gradient_0_VconcST_0.04_Vconc_4_run_0.csv,1200.0,0.01,0,4.0,0.04,4.0,0,38.75,9.26866,0.0210868,0.00360986,9.26866,0.0,0.536705,4216.78
1200_dose_0.01_gradient_0_VconcST_0.04_Vconc_4_run_0.csv,1200.0,0.01,0,4.0,0.04,4.0,0,39.0,9.33085,0.0206689,0.00363408,9.33085,0.0,0.538368,123.137
1200_dose_0.01_gradient_0_VconcST_0.04_Vconc_4_run_0.csv,1200.0,0.01,0,4.0,0.04,4.0,0,39.25,9.39087,0.0202592,0.00365745,9.39087,0.0,0.539963,4187.33
1200_dose_0.01_gradient_0_VconcST_0.04_Vconc_4_run_0.csv,1200.0,0.01,0,4.0,0.04,4.0,0,39.5,9.44878,0.0198577,0.00368001,9.44878,0.0,0.54149,126.511
1200_dose_0.01_gradient_0_VconcST_0.04_Vconc_4_run_0.csv,1200.0,0.01,0,4.0,0.04,4.0,0,39.75,9.50461,0.0194642,0.00370175,9.50461,0.0,0.542954,4145.44
1200_dose_0.01_gradient_0_VconcST_0.04_Vconc_4_run_0.csv,1200.0,0.01,0,4.0,0.04,4.0,0,40.0,9.55919,0.0290784,0.00372301,9.55919,0.0,0.544355,126.173
1200_dose_0.01_gradient_0_VconcST_0.04_Vconc_4_run_0.csv,1200.0,0.01,0,4.0,0.04,4.0,0,40.25,9.65717,0.0285021,0.00376117,9.65717,0.0,0.546885,4190.89
1200_dose_0.01_gradient_0_VconcST_0.04_Vconc_4_run_0.csv,1200.0,0.01,0,4.0,0.04,4.0,0,40.5,9.75211,0.0279372,0.00379815,9.75211,0.0,0.54931,119.2
1200_dose_0.01_gradient_0_VconcST_0.04_Vconc_4_run_0.csv,1200.0,0.01,0,4.0,0.04,4.0,0,40.75,9.84409,0.0273835,0.00383397,9.84409,0.0,0.551634,4066.5
1200_dose_0.01_gradient_0_VconcST_0.04_Vconc_4_run_0.csv,1200.0,0.01,0,4.0,0.04,4.0,0,41.0,9.93316,0.0268408,0.00386866,9.93316,0.0,0.553863,117.68
1200_dose_0.01_gradient_0_VconcST_0.04_Vconc_4_run_0.csv,1200.0,0.01,0,4.0,0.04,4.0,0,41.25,10.0194,0.0263089,0.00390224,10.0194,0.0,0.555999,4192.15
1200_dose_0.01_gradient_0_VconcST_0.04_Vconc_4_run_0.csv,1200.0,0.01,0,4.0,0.04,4.0,0,41.5,10.1028,0.0257875,0.00393474,10.1028,0.0,0.558047,122.416
1200_dose_0.01_gradient_0_VconcST_0.04_Vconc_4_run_0.csv,1200.0,0.01,0,4.0,0.04,4.0,0,41.75,10.1836,0.0252764,0.00396618,10.1836,0.0,0.56001,3970.17
1200_dose_0.01_gradient_0_VconcST_0.04_Vconc_4_run_0.csv,1200.0,0.01,0,4.0,0.04,4.0,0,42.0,10.2616,0.0247754,0.00399658,10.2616,0.0,0.561892,112.368
1200_dose_0.01_gradient_0_VconcST_0.04_Vconc_4_run_0.csv,1200.0,0.01,0,4.0,0.04,4.0,0,42.25,10.3371,0.0242844,0.00402597,10.3371,0.0,0.563696,3974.46
1200_dose_0.01_gradient_0_VconcST_0.04_Vconc_4_run_0.csv,1200.0,0.01,0,4.0,0.04,4.0,0,42.5,10.41,0.0238031,0.00405436,10.41,0.0,0.565425,109.698
1200_dose_0.01_gradient_0_VconcST_0.04_Vconc_4_run_0.csv,1200.0,0.01,0,4.0,0.04,4.0,0,42.75,10.4804,0.0233314,0.00408178,10.4804,0.0,0.567081,3876.93
1200_dose_0.01_gradient_0_VconcST_0.04_Vconc_4_run_0.csv,1200.0,0.01,0,4.0,0.04,4.0,0,43.0,10.5483,0.022869,0.00410824,10.5483,0.0,0.568668,106.007
1200_dose_0.01_gradient_0_VconcST_0.04_Vconc_4_run_0.csv,1200.0,0.01,0,4.0,0.04,4.0,0,43.25,10.6139,0.0224157,0.00413378,10.6139,0.0,0.570188,3816.26
1200_dose_0.01_gradient_0_VconcST_0.04_Vconc_4_run_0.csv,1200.0,0.01,0,4.0,0.04,4.0,0,43.5,10.6771,0.0219715,0.0041584,10.6771,0.0,0.571644,106.959
1200_dose_0.01_gradient_0_VconcST_0.04_Vconc_4_run_0.csv,1200.0,0.01,0,4.0,0.04,4.0,0,43.75,10.738,0.021536,0.00418213,10.738,0.0,0.573038,3900.72
1200_dose_0.01_gradient_0_VconcST_0.04_Vconc_4_run_0.csv,1200.0,0.01,0,4.0,0.04,4.0,0,44.0,10.7967,0.0211092,0.00420499,10.7967,0.0,0.574372,113.103
1200_dose_0.01_gradient_0_VconcST_0.04_Vconc_4_run_0.csv,1200.0,0.01,0,4.0,0.04,4.0,0,44.25,10.8532,0.0206909,0.00422699,10.8532,0.0,0.575648,3672.55
1200_dose_0.01_gradient_0_VconcST_0.04_Vconc_4_run_0.csv,1200.0,0.01,0,4.0,0.04,4.0,0,44.5,10.9076,0.0202808,0.00424816,10.9076,0.0,0.576869,111.715
1200_dose_0.01_gradient_0_VconcST_0.04_Vconc_4_run_0.csv,1200.0,0.01,0,4.0,0.04,4.0,0,44.75,10.9598,0.0198788,0.00426851,10.9598,0.0,0.578036,3794.75
1200_dose_0.01_gradient_0_VconcST_0.04_Vconc_4_run_0.csv,1200.0,0.01,0,4.0,0.04,4.0,0,45.0,11.0108,0.0294849,0.00428837,11.0108,0.0,0.579151,110.601
1200_dose_0.01_gradient_0_VconcST_0.04_Vconc_4_run_0.csv,1200.0,0.01,0,4.0,0.04,4.0,0,45.25,11.1051,0.0289005,0.00432511,11.1051,0.0,0.581231,3854.61
1200_dose_0.01_gradient_0_VconcST_0.04_Vconc_4_run_0.csv,1200.0,0.01,0,4.0,0.04,4.0,0,45.5,11.1964,0.0283277,0.00436067,11.1964,0.0,0.583224,103.491
1200_dose_0.01_gradient_0_VconcST_0.04_Vconc_4_run_0.csv,1200.0,0.01,0,4.0,0.04,4.0,0,45.75,11.2847,0.0277663,0.00439506,11.2847,0.0,0.585133,3680.1
1200_dose_0.01_gradient_0_VconcST_0.04_Vconc_4_run_0.csv,1200.0,0.01,0,4.0,0.04,4.0,0,46.0,11.3701,0.027216,0.00442831,11.3701,0.0,0.586963,110.599
1200_dose_0.01_gradient_0_VconcST_0.04_Vconc_4_run_0.csv,1200.0,0.01,0,4.0,0.04,4.0,0,46.25,11.4526,0.0266766,0.00446044,11.4526,0.0,0.588716,3702.59
1200_dose_0.01_gradient_0_VconcST_0.04_Vconc_4_run_0.csv,1200.0,0.01,0,4.0,0.04,4.0,0,46.5,11.5323,0.0261479,0.00449149,11.5323,0.0,0.590395,110.145
1200_dose_0.01_gradient_0_VconcST_0.04_Vconc_4_run_0.csv,1200.0,0.01,0,4.0,0.04,4.0,0,46.75,11.6093,0.0256297,0.00452146,11.6093,0.0,0.592004,3688.7
1200_dose_0.01_gradient_0_VconcST_0.04_Vconc_4_run_0.csv,1200.0,0.01,0,4.0,0.04,4.0,0,47.0,11.6836,0.0251217,0.0045504,11.6836,0.0,0.593545,102.06
1200_dose_0.01_gradient_0_VconcST_0.04_Vconc_4_run_0.csv,1200.0,0.01,0,4.0,0.04,4.0,0,47.25,11.7552,0.0246239,0.0045783,11.7552,0.0,0.59502,3656.97
1200_dose_0.01_gradient_0_VconcST_0.04_Vconc_4_run_0.csv,1200.0,0.01,0,4.0,0.04,4.0,0,47.5,11.8243,0.0241358,0.00460521,11.8243,0.0,0.596432,100.29
1200_dose_0.01_gradient_0_VconcST_0.04_Vconc_4_run_0.csv,1200.0,0.01,0,4.0,0.04,4.0,0,47.75,11.8909,0.0236575,0.00463114,11.8909,0.0,0.597784,3641.3
1200_dose_0.01_gradient_0_VconcST_0.04_Vconc_4_run_0.csv,1200.0,0.01,0,4.0,0.04,4.0,0,48.0,11.955,0.0231886,0.00465611,11.955,0.0,0.599077,96.5282
1200_dose_0.01_gradient_0_VconcST_0.04_Vconc_4_run_0.csv,1200.0,0.01,0,4.0,0.04,4.0,0,48.25,12.0167,0.0227291,0.00468014,12.0167,0.0,0.600314,3552.34
1200_dose_0.01_gradient_0_VconcST_0.04_Vconc_4_run_0.csv,1200.0,0.01,0,4.0,0.04,4.0,0,48.5,12.0761,0.0222786,0.00470326,12.0761,0.0,0.601497,101.121
1200_dose_0.01_gradient_0_VconcST_0.04_Vconc_4_run_0.csv,1200.0,0.01,0,4.0,0.04,4.0,0,48.75,12.1331,0.0218371,0.00472548,12.1331,0.0,0.602626,3487.09
1200_dose_0.01_gradient_0_VconcST_0.04_Vconc_4_run_0.csv,1200.0,0.01,0,4.0,0.04,4.0,0,49.0,12.1879,0.0214043,0.00474681,12.1879,0.0,0.603706,97.4223
1200_dose_0.01_gradient_0_VconcST_0.04_Vconc_4_run_0.csv,1200.0,0.01,0,4.0,0.04,4.0,0,49.25,12.2405,0.0209801,0.00476729,12.2405,0.0,0.604736,3512.49
1200_dose_0.01_gradient_0_VconcST_0.04_Vconc_4_run_0.csv,1200.0,0.01,0,4.0,0.04,4.0,0,49.5,12.2909,0.0205643,0.00478693,12.2909,0.0,0.605719,99.0144
1200_dose_0.01_gradient_0_VconcST_0.04_Vconc_4_run_0.csv,1200.0,0.01,0,4.0,0.04,4.0,0,49.75,12.3392,0.0201567,0.00480575,12.3392,0.0,0.606656,3499.76
1200_dose_0.01_gradient_0_VconcST_0.04_Vconc_4_run_0.csv,1200.0,0.01,0,4.0,0.04,4.0,0,50.0,12.3863,0.0297572,0.00482407,12.3863,0.0,0.60755,99.5579
1200_dose_0.01_gradient_0_VconcST_0.04_Vconc_4_run_0.csv,1200.0,0.01,0,4.0,0.04,4.0,0,50.25,12.4767,0.0291675,0.00485927,12.4767,0.0,0.609283,3464.31
1200_dose_0.01_gradient_0_VconcST_0.04_Vconc_4_run_0.csv,1200.0,0.01,0,4.0,0.04,4.0,0,50.5,12.564,0.0285894,0.00489328,12.564,0.0,0.610943,101.418
1200_dose_0.01_gradient_0_VconcST_0.04_Vconc_4_run_0.csv,1200.0,0.01,0,4.0,0.04,4.0,0,50.75,12.6483,0.0280228,0.00492612,12.6483,0.0,0.612533,3411.52
1200_dose_0.01_gradient_0_VconcST_0.04_Vconc_4_run_0.csv,1200.0,0.01,0,4.0,0.04,4.0,0,51.0,12.7297,0.0274674,0.00495782,12.7297,0.0,0.614055,96.7495
1200_dose_0.01_gradient_0_VconcST_0.04_Vconc_4_run_0.csv,1200.0,0.01,0,4.0,0.04,4.0,0,51.25,12.8082,0.026923,0.0049884,12.8082,0.0,0.615513,3363.02
1200_dose_0.01_gradient_0_VconcST_0.04_Vconc_4_run_0.csv,1200.0,0.01,0,4.0,0.04,4.0,0,51.5,12.8839,0.0263895,0.00501789,12.8839,0.0,0.616907,94.722
1200_dose_0.01_gradient_0_VconcST_0.04_Vconc_4_run_0.csv,1200.0,0.01,0,4.0,0.04,4.0,0,51.75,12.9569,0.0258665,0.0050463,12.9569,0.0,0.618242,3371.29
1200_dose_0.01_gradient_0_VconcST_0.04_Vconc_4_run_0.csv,1200.0,0.01,0,4.0,0.04,4.0,0,52.0,13.0271,0.0253538,0.00507367,13.0271,0.0,0.619519,90.1342
1200_dose_0.01_gradient_0_VconcST_0.04_Vconc_4_run_0.csv,1200.0,0.01,0,4.0,0.04,4.0,0,52.25,13.0948,0.0248513,0.00510001,13.0948,0.0,0.620739,3281.56
1200_dose_0.01_gradient_0_VconcST_0.04_Vconc_4_run_0.csv,1200.0,0.01,0,4.0,0.04,4.0,0,52.5,13.1598,0.0243588,0.00512535,13.1598,0.0,0.621906,90.0653
1200_dose_0.01_gradient_0_VconcST_0.04_Vconc_4_run_0.csv,1200.0,0.01,0,4.0,0.04,4.0,0,52.75,13.2224,0.023876,0.0051497,13.2224,0.0,0.623021,3250.41
1200_dose_0.01_gradient_0_VconcST_0.04_Vconc_4_run_0.csv,1200.0,0.01,0,4.0,0.04,4.0,0,53.0,13.2824,0.0234029,0.0051731,13.2824,0.0,0.624086,92.199
1200_dose_0.01_gradient_0_VconcST_0.04_Vconc_4_run_0.csv,1200.0,0.01,0,4.0,0.04,4.0,0,53.25,13.3401,0.022939,0.00519556,13.3401,0.0,0.625102,3233.24
1200_dose_0.01_gradient_0_VconcST_0.04_Vconc_4_run_0.csv,1200.0,0.01,0,4.0,0.04,4.0,0,53.5,13.3954,0.0224844,0.00521709,13.3954,0.0,0.626072,86.5182
1200_dose_0.01_gradient_0_VconcST_0.04_Vconc_4_run_0.csv,1200.0,0.01,0,4.0,0.04,4.0,0,53.75,13.4484,0.0220388,0.00523773,13.4484,0.0,0.626997,3349.57
1200_dose_0.01_gradient_0_VconcST_0.04_Vconc_4_run_0.csv,1200.0,0.01,0,4.0,0.04,4.0,0,54.0,13.4991,0.021602,0.00525749,13.4991,0.0,0.627877,90.6176
1200_dose_0.01_gradient_0_VconcST_0.04_Vconc_4_run_0.csv,1200.0,0.01,0,4.0,0.04,4.0,0,54.25,13.5476,0.0211739,0.00527639,13.5476,0.0,0.628716,3265.79
1200_dose_0.01_gradient_0_VconcST_0.04_Vconc_4_run_0.csv,1200.0,0.01,0,4.0,0.04,4.0,0,54.5,13.594,0.0207542,0.00529444,13.594,0.0,0.629514,84.362
1200_dose_0.01_gradient_0_VconcST_0.04_Vconc_4_run_0.csv,1200.0,0.01,0,4.0,0.04,4.0,0,54.75,13.6383,0.0203429,0.00531168,13.6383,0.0,0.630272,3254.73
1200_dose_0.01_gradient_0_VconcST_0.04_Vconc_4_run_0.csv,1200.0,0.01,0,4.0,0.04,4.0,0,55.0,13.6812,0.0299397,0.00532841,13.6812,0.0,0.630992,86.965
1200_dose_0.01_gradient_0_VconcST_0.04_Vconc_4_run_0.csv,1200.0,0.01,0,4.0,0.04,4.0,0,55.25,13.7675,0.0293464,0.00536203,13.7675,0.0,0.632457,3316.31
1200_dose_0.01_gradient_0_VconcST_0.04_Vconc_4_run_0.csv,1200.0,0.01,0,4.0,0.04,4.0,0,55.5,13.8508,0.0287648,0.00539446,13.8508,0.0,0.633858,89.1824
1200_dose_0.01_gradient_0_VconcST_0.04_Vconc_4_run_0.csv,1200.0,0.01,0,4.0,0.04,4.0,0,55.75,13.9311,0.0281947,0.00542571,13.9311,0.0,0.635199,3176.33
1200_dose_0.01_gradient_0_VconcST_0.04_Vconc_4_run_0.csv,1200.0,0.01,0,4.0,0.04,4.0,0,56.0,14.0084,0.0276359,0.00545583,14.0084,0.0,0.636481,91.305
1200_dose_0.01_gradient_0_VconcST_0.04_Vconc_4_run_0.csv,1200.0,0.01,0,4.0,0.04,4.0,0,56.25,14.0828,0.0270882,0.00548482,14.0828,0.0,0.637708,3317.8
1200_dose_0.01_gradient_0_VconcST_0.04_Vconc_4_run_0.csv,1200.0,0.01,0,4.0,0.04,4.0,0,56.5,14.1545,0.0265513,0.00551272,14.1545,0.0,0.63888,88.2831
1200_dose_0.01_gradient_0_VconcST_0.04_Vconc_4_run_0.csv,1200.0,0.01,0,4.0,0.04,4.0,0,56.75,14.2233,0.0260251,0.00553955,14.2233,0.0,0.64,3062.41
1200_dose_0.01_gradient_0_VconcST_0.04_Vconc_4_run_0.csv,1200.0,0.01,0,4.0,0.04,4.0,0,57.0,14.2895,0.0255093,0.00556533,14.2895,0.0,0.64107,88.0146
1200_dose_0.01_gradient_0_VconcST_0.04_Vconc_4_run_0.csv,1200.0,0.01,0,4.0,0.04,4.0,0,57.25,14.3531,0.0250038,0.00559009,14.3531,0.0,0.642091,3174.29
1200_dose_0.01_gradient_0_VconcST_0.04_Vconc_4_run_0.csv,1200.0,0.01,0,4.0,0.04,4.0,0,57.5,14.4141,0.0245082,0.00561384,14.4141,0.0,0.643066,88.2166
1200_dose_0.01_gradient_0_VconcST_0.04_Vconc_4_run_0.csv,1200.0,0.01,0,4.0,0.04,4.0,0,57.75,14.4726,0.0240225,0.00563661,14.4726,0.0,0.643995,3062.17
1200_dose_0.01_gradient_0_VconcST_0.04_Vconc_4_run_0.csv,1200.0,0.01,0,4.0,0.04,4.0,0,58.0,14.5286,0.0235464,0.00565843,14.5286,0.0,0.644881,84.1459
1200_dose_0.01_gradient_0_VconcST_0.04_Vconc_4_run_0.csv,1200.0,0.01,0,4.0,0.04,4.0,0,58.25,14.5822,0.0230797,0.0056793,14.5822,0.0,0.645724,3078.95
1200_dose_0.01_gradient_0_VconcST_0.04_Vconc_4_run_0.csv,1200.0,0.01,0,4.0,0.04,4.0,0,58.5,14.6334,0.0226223,0.00569927,14.6334,0.0,0.646527,84.8931
1200_dose_0.01_gradient_0_VconcST_0.04_Vconc_4_run_0.csv,1200.0,0.01,0,4.0,0.04,4.0,0,58.75,14.6824,0.022174,0.00571832,14.6824,0.0,0.647291,3102.29
1200_dose_0.01_gradient_0_VconcST_0.04_Vconc_4_run_0.csv,1200.0,0.01,0,4.0,0.04,4.0,0,59.0,14.729,0.0217345,0.0057365,14.729,0.0,0.648016,85.1048
1200_dose_0.01_gradient_0_VconcST_0.04_Vconc_4_run_0.csv,1200.0,0.01,0,4.0,0.04,4.0,0,59.25,14.7735,0.0213038,0.00575382,14.7735,0.0,0.648704,3026.82
1200_dose_0.01_gradient_0_VconcST_0.04_Vconc_4_run_0.csv,1200.0,0.01,0,4.0,0.04,4.0,0,59.5,14.8158,0.0208816,0.00577031,14.8158,0.0,0.649356,85.3569
1200_dose_0.01_gradient_0_VconcST_0.04_Vconc_4_run_0.csv,1200.0,0.01,0,4.0,0.04,4.0,0,59.75,14.856,0.0204677,0.00578597,14.856,0.0,0.649973,3032.26
1200_dose_0.01_gradient_0_VconcST_0.04_Vconc_4_run_0.csv,1200.0,0.01,0,4.0,0.04,4.0,0,60.0,14.895,0.0300621,0.00580112,14.895,0.0,0.650557,82.4589
1200_dose_0.01_gradient_0_VconcST_0.04_Vconc_4_run_0.csv,1200.0,0.01,0,4.0,0.04,4.0,0,60.25,14.9772,0.0294663,0.00583317,14.9772,0.0,0.651809,3029.93
1200_dose_0.01_gradient_0_VconcST_0.04_Vconc_4_run_0.csv,1200.0,0.01,0,4.0,0.04,4.0,0,60.5,15.0565,0.0288823,0.00586403,15.0565,0.0,0.653006,84.2104
1200_dose_0.01_gradient_0_VconcST_0.04_Vconc_4_run_0.csv,1200.0,0.01,0,4.0,0.04,4.0,0,60.75,15.1327,0.0283099,0.00589371,15.1327,0.0,0.65415,2974.92
1200_dose_0.01_gradient_0_VconcST_0.04_Vconc_4_run_0.csv,1200.0,0.01,0,4.0,0.04,4.0,0,61.0,15.206,0.0277488,0.00592226,15.206,0.0,0.655243,81.9185
1200_dose_0.01_gradient_0_VconcST_0.04_Vconc_4_run_0.csv,1200.0,0.01,0,4.0,0.04,4.0,0,61.25,15.2764,0.0271989,0.00594968,15.2764,0.0,0.656287,2938.5
1200_dose_0.01_gradient_0_VconcST_0.04_Vconc_4_run_0.csv,1200.0,0.01,0,4.0,0.04,4.0,0,61.5,15.344,0.0266598,0.00597602,15.344,0.0,0.657284,81.7746
1200_dose_0.01_gradient_0_VconcST_0.04_Vconc_4_run_0.csv,1200.0,0.01,0,4.0,0.04,4.0,0,61.75,15.4089,0.0261314,0.00600129,15.4089,0.0,0.658234,2936.62
1200_dose_0.01_gradient_0_VconcST_0.04_Vconc_4_run_0.csv,1200.0,0.01,0,4.0,0.04,4.0,0,62.0,15.4711,0.0256135,0.00602551,15.4711,0.0,0.65914,77.0666
1200_dose_0.01_gradient_0_VconcST_0.04_Vconc_4_run_0.csv,1200.0,0.01,0,4.0,0.04,4.0,0,62.25,15.5307,0.0251059,0.00604871,15.5307,0.0,0.660004,3028.72
1200_dose_0.01_gradient_0_VconcST_0.04_Vconc_6.4_run_0.csv,1200.0,0.01,0,6.4,0.04,6.4,0,0.0,0.0,0.0,0.0,0.0,0.0,0.0,0.0
1200_dose_0.01_gradient_0_VconcST_0.04_Vconc_6.4_run_0.csv,1200.0,0.01,0,6.4,0.04,6.4,0,0.25,0.0,0.0,0.0,0.0,0.0,0.0,10000.0
1200_dose_0.01_gradient_0_VconcST_0.04_Vconc_6.4_run_0.csv,1200.0,0.01,0,6.4,0.04,6.4,0,0.5,0.0,0.0,0.0,0.0,0.0,0.0,763.764
1200_dose_0.01_gradient_0_VconcST_0.04_Vconc_6.4_run_0.csv,1200.0,0.01,0,6.4,0.04,6.4,0,0.75,0.0,0.0,0.0,0.0,0.0,0.0,10000.0
1200_dose_0.01_gradient_0_VconcST_0.04_Vconc_6.4_run_0.csv,1200.0,0.01,0,6.4,0.04,6.4,0,1.0,0.0,0.0,0.0,0.0,0.0,0.0,761.455
1200_dose_0.01_gradient_0_VconcST_0.04_Vconc_6.4_run_0.csv,1200.0,0.01,0,6.4,0.04,6.4,0,1.25,0.0,0.0,0.0,0.0,0.0,0.0,10000.0
1200_dose_0.01_gradient_0_VconcST_0.04_Vconc_6.4_run_0.csv,1200.0,0.01,0,6.4,0.04,6.4,0,1.5,0.0,0.0,0.0,0.0,0.0,0.0,773.651
1200_dose_0.01_gradient_0_VconcST_0.04_Vconc_6.4_run_0.csv,1200.0,0.01,0,6.4,0.04,6.4,0,1.75,0.0,0.0,0.0,0.0,0.0,0.0,10000.0
1200_dose_0.01_gradient_0_VconcST_0.04_Vconc_6.4_run_0.csv,1200.0,0.01,0,6.4,0.04,6.4,0,2.0,0.0,0.0,0.0,0.0,0.0,0.0,771.118
1200_dose_0.01_gradient_0_VconcST_0.04_Vconc_6.4_run_0.csv,1200.0,0.01,0,6.4,0.04,6.4,0,2.25,0.0,0.0,0.0,0.0,0.0,0.0,10000.0
1200_dose_0.01_gradient_0_VconcST_0.04_Vconc_6.4_run_0.csv,1200.0,0.01,0,6.4,0.04,6.4,0,2.5,0.0,0.0,0.0,0.0,0.0,0.0,759.863
1200_dose_0.01_gradient_0_VconcST_0.04_Vconc_6.4_run_0.csv,1200.0,0.01,0,6.4,0.04,6.4,0,2.75,0.0,0.0,0.0,0.0,0.0,0.0,10000.0
1200_dose_0.01_gradient_0_VconcST_0.04_Vconc_6.4_run_0.csv,1200.0,0.01,0,6.4,0.04,6.4,0,3.0,0.0,0.0,0.0,0.0,0.0,0.0,777.645
1200_dose_0.01_gradient_0_VconcST_0.04_Vconc_6.4_run_0.csv,1200.0,0.01,0,6.4,0.04,6.4,0,3.25,0.0,0.0,0.0,0.0,0.0,0.0,10000.0
1200_dose_0.01_gradient_0_VconcST_0.04_Vconc_6.4_run_0.csv,1200.0,0.01,0,6.4,0.04,6.4,0,3.5,0.0,0.0,0.0,0.0,0.0,0.0,767.356
1200_dose_0.01_gradient_0_VconcST_0.04_Vconc_6.4_run_0.csv,1200.0,0.01,0,6.4,0.04,6.4,0,3.75,0.0,0.0,0.0,0.0,0.0,0.0,10000.0
1200_dose_0.01_gradient_0_VconcST_0.04_Vconc_6.4_run_0.csv,1200.0,0.01,0,6.4,0.04,6.4,0,4.0,0.0,0.0,0.0,0.0,0.0,0.0,759.717
1200_dose_0.01_gradient_0_VconcST_0.04_Vconc_6.4_run_0.csv,1200.0,0.01,0,6.4,0.04,6.4,0,4.25,0.0,0.0,0.0,0.0,0.0,0.0,10000.0
1200_dose_0.01_gradient_0_VconcST_0.04_Vconc_6.4_run_0.csv,1200.0,0.01,0,6.4,0.04,6.4,0,4.5,0.0,0.0,0.0,0.0,0.0,0.0,788.05
1200_dose_0.01_gradient_0_VconcST_0.04_Vconc_6.4_run_0.csv,1200.0,0.01,0,6.4,0.04,6.4,0,4.75,0.0,0.0,0.0,0.0,0.0,0.0,10000.0
1200_dose_0.01_gradient_0_VconcST_0.04_Vconc_6.4_run_0.csv,1200.0,0.01,0,6.4,0.04,6.4,0,5.0,0.000778625,0.01,3.0325e-07,0.000778625,0.0,0.0,764.467
1200_dose_0.01_gradient_0_VconcST_0.04_Vconc_6.4_run_0.csv,1200.0,0.01,0,6.4,0.04,6.4,0,5.25,0.0469344,0.00980181,1.82795e-05,0.0469344,0.0,0.00573865,10000.0
1200_dose_0.01_gradient_0_VconcST_0.04_Vconc_6.4_run_0.csv,1200.0,0.01,0,6.4,0.04,6.4,0,5.5,0.0920004,0.00960755,3.58313e-05,0.0920004,0.0,0.0112786,753.302
1200_dose_0.01_gradient_0_VconcST_0.04_Vconc_6.4_run_0.csv,1200.0,0.01,0,6.4,0.04,6.4,0,5.75,0.135999,0.00941714,5.29673e-05,0.135999,0.0,0.0166281,10000.0
1200_dose_0.01_gradient_0_VconcST_0.04_Vconc_6.4_run_0.csv,1200.0,0.01,0,6.4,0.04,6.4,0,6.0,0.178951,0.00923051,6.9696e-05,0.178951,0.0,0.0217949,749.222
1200_dose_0.01_gradient_0_VconcST_0.04_Vconc_6.4_run_0.csv,1200.0,0.01,0,6.4,0.04,6.4,0,6.25,0.22088,0.00904757,8.60258e-05,0.22088,0.0,0.0267864,10000.0
1200_dose_0.01_gradient_0_VconcST_0.04_Vconc_6.4_run_0.csv,1200.0,0.01,0,6.4,0.04,6.4,0,6.5,0.261805,0.00886825,0.000101965,0.261805,0.0,0.0316096,730.303
1200_dose_0.01_gradient_0_VconcST_0.04_Vconc_6.4_run_0.csv,1200.0,0.01,0,6.4,0.04,6.4,0,6.75,0.301747,0.00869249,0.000117521,0.301747,0.0,0.036271,10000.0
1200_dose_0.01_gradient_0_VconcST_0.04_Vconc_6.4_run_0.csv,1200.0,0.01,0,6.4,0.04,6.4,0,7.0,0.340726,0.00852022,0.000132702,0.340726,0.0,0.040777,742.17
1200_dose_0.01_gradient_0_VconcST_0.04_Vconc_6.4_run_0.csv,1200.0,0.01,0,6.4,0.04,6.4,0,7.25,0.378762,0.00835137,0.000147516,0.378762,0.0,0.0451337,10000.0
1200_dose_0.01_gradient_0_VconcST_0.04_Vconc_6.4_run_0.csv,1200.0,0.01,0,6.4,0.04,6.4,0,7.5,0.415875,0.00818586,0.00016197,0.415875,0.0,0.0493465,732.135
1200_dose_0.01_gradient_0_VconcST_0.04_Vconc_6.4_run_0.csv,1200.0,0.01,0,6.4,0.04,6.4,0,7.75,0.452083,0.00802362,0.000176072,0.452083,0.0,0.053421,10000.0
1200_dose_0.01_gradient_0_VconcST_0.04_Vconc_6.4_run_0.csv,1200.0,0.01,0,6.4,0.04,6.4,0,8.0,0.487405,0.0078646,0.000189829,0.487405,0.0,0.0573623,730.177
1200_dose_0.01_gradient_0_VconcST_0.04_Vconc_6.4_run_0.csv,1200.0,0.01,0,6.4,0.04,6.4,0,8.25,0.521859,0.00770874,0.000203248,0.521859,0.0,0.0611752,10000.0
1200_dose_0.01_gradient_0_VconcST_0.04_Vconc_6.4_run_0.csv,1200.0,0.01,0,6.4,0.04,6.4,0,8.5,0.555463,0.00755596,0.000216335,0.555463,0.0,0.0648644,712.263
1200_dose_0.01_gradient_0_VconcST_0.04_Vconc_6.4_run_0.csv,1200.0,0.01,0,6.4,0.04,6.4,0,8.75,0.588234,0.00740621,0.000229099,0.588234,0.0,0.0684345,10000.0
1200_dose_0.01_gradient_0_VconcST_0.04_Vconc_6.4_run_0.csv,1200.0,0.01,0,6.4,0.04,6.4,0,9.0,0.62019,0.00725943,0.000241545,0.62019,0.0,0.0718895,710.368
1200_dose_0.01_gradient_0_VconcST_0.04_Vconc_6.4_run_0.csv,1200.0,0.01,0,6.4,0.04,6.4,0,9.25,0.651347,0.00711555,0.000253679,0.651347,0.0,0.0752336,10000.0
1200_dose_0.01_gradient_0_VconcST_0.04_Vconc_6.4_run_0.csv,1200.0,0.01,0,6.4,0.04,6.4,0,9.5,0.681721,0.00697453,0.000265509,0.681721,0.0,0.0784707,704.367
1200_dose_0.01_gradient_0_VconcST_0.04_Vconc_6.4_run_0.csv,1200.0,0.01,0,6.4,0.04,6.4,0,9.75,0.71133,0.0068363,0.000277041,0.71133,0.0,0.0816043,10000.0
1200_dose_0.01_gradient_0_VconcST_0.04_Vconc_6.4_run_0.csv,1200.0,0.01,0,6.4,0.04,6.4,0,10.0,0.740967,0.0167008,0.000288584,0.740967,0.0,0.0846381,684.079
1200_dose_0.01_gradient_0_VconcST_0.04_Vconc_6.4_run_0.csv,1200.0,0.01,0,6.4,0.04,6.4,0,10.25,0.815246,0.0163698,0.000317513,0.815246,0.0,0.0923554,10000.0
1200_dose_0.01_gradient_0_VconcST_0.04_Vconc_6.4_run_0.csv,1200.0,0.01,0,6.4,0.04,6.4,0,10.5,0.887716,0.0160454,0.000345738,0.887716,0.0,0.0997604,693.025
1200_dose_0.01_gradient_0_VconcST_0.04_Vconc_6.4_run_0.csv,1200.0,0.01,0,6.4,0.04,6.4,0,10.75,0.958415,0.0157274,0.000373273,0.958415,0.0,0.106869,10000.0
1200_dose_0.01_gradient_0_VconcST_0.04_Vconc_6.4_run_0.csv,1200.0,0.01,0,6.4,0.04,6.4,0,11.0,1.02738,0.0154157,0.000400131,1.02738,0.0,0.113695,679.711
1200_dose_0.01_gradient_0_VconcST_0.04_Vconc_6.4_run_0.csv,1200.0,0.01,0,6.4,0.04,6.4,0,11.25,1.09464,0.0151102,0.000426327,1.09464,0.0,0.120254,10000.0
1200_dose_0.01_gradient_0_VconcST_0.04_Vconc_6.4_run_0.csv,1200.0,0.01,0,6.4,0.04,6.4,0,11.5,1.16023,0.0148107,0.000451875,1.16023,0.0,0.126557,669.708
1200_dose_0.01_gradient_0_VconcST_0.04_Vconc_6.4_run_0.csv,1200.0,0.01,0,6.4,0.04,6.4,0,11.75,1.2242,0.0145172,0.000476787,1.2242,0.0,0.132617,10000.0
1200_dose_0.01_gradient_0_VconcST_0.04_Vconc_6.4_run_0.csv,1200.0,0.01,0,6.4,0.04,6.4,0,12.0,1.28657,0.0142295,0.000501077,1.28657,0.0,0.138445,665.88
1200_dose_0.01_gradient_0_VconcST_0.04_Vconc_6.4_run_0.csv,1200.0,0.01,0,6.4,0.04,6.4,0,12.25,1.34737,0.0139475,0.000524758,1.34737,0.0,0.144053,10000.0
1200_dose_0.01_gradient_0_VconcST_0.04_Vconc_6.4_run_0.csv,1200.0,0.01,0,6.4,0.04,6.4,0,12.5,1.40664,0.013671,0.000547842,1.40664,0.0,0.149449,656.149
1200_dose_0.01_gradient_0_VconcST_0.04_Vconc_6.4_run_0.csv,1200.0,0.01,0,6.4,0.04,6.4,0,12.75,1.46441,0.0134001,0.000570342,1.46441,0.0,0.154643,10000.0
1200_dose_0.01_gradient_0_VconcST_0.04_Vconc_6.4_run_0.csv,1200.0,0.01,0,6.4,0.04,6.4,0,13.0,1.52071,0.0131345,0.000592269,1.52071,0.0,0.159645,640.838
1200_dose_0.01_gradient_0_VconcST_0.04_Vconc_6.4_run_0.csv,1200.0,0.01,0,6.4,0.04,6.4,0,13.25,1.57557,0.0128742,0.000613636,1.57557,0.0,0.164462,10000.0
1200_dose_0.01_gradient_0_VconcST_0.04_Vconc_6.4_run_0.csv,1200.0,0.01,0,6.4,0.04,6.4,0,13.5,1.62902,0.0126191,0.000634453,1.62902,0.0,0.169102,644.816
1200_dose_0.01_gradient_0_VconcST_0.04_Vconc_6.4_run_0.csv,1200.0,0.01,0,6.4,0.04,6.4,0,13.75,1.68109,0.012369,0.000654734,1.68109,0.0,0.173574,10000.0
1200_dose_0.01_gradient_0_VconcST_0.04_Vconc_6.4_run_0.csv,1200.0,0.01,0,6.4,0.04,6.4,0,14.0,1.73181,0.0121238,0.000674487,1.73181,0.0,0.177883,625.18
1200_dose_0.01_gradient_0_VconcST_0.04_Vconc_6.4_run_0.csv,1200.0,0.01,0,6.4,0.04,6.4,0,14.25,1.78121,0.0118835,0.000693725,1.78121,0.0,0.182037,10000.0
1200_dose_0.01_gradient_0_VconcST_0.04_Vconc_6.4_run_0.csv,1200.0,0.01,0,6.4,0.04,6.4,0,14.5,1.82931,0.011648,0.000712458,1.82931,0.0,0.186042,626.733
1200_dose_0.01_gradient_0_VconcST_0.04_Vconc_6.4_run_0.csv,1200.0,0.01,0,6.4,0.04,6.4,0,14.75,1.87613,0.0114172,0.000730696,1.87613,0.0,0.189903,10000.0
1200_dose_0.01_gradient_0_VconcST_0.04_Vconc_6.4_run_0.csv,1200.0,0.01,0,6.4,0.04,6.4,0,15.0,1.9225,0.0211909,0.000748754,1.9225,0.0,0.193627,627.327
1200_dose_0.01_gradient_0_VconcST_0.04_Vconc_6.4_run_0.csv,1200.0,0.01,0,6.4,0.04,6.4,0,15.25,2.01302,0.0207709,0.00078401,2.01302,0.0,0.200922,10000.0
1200_dose_0.01_gradient_0_VconcST_0.04_Vconc_6.4_run_0.csv,1200.0,0.01,0,6.4,0.04,6.4,0,15.5,2.10127,0.0203593,0.000818378,2.10127,0.0,0.207906,606.484
1200_dose_0.01_gradient_0_VconcST_0.04_Vconc_6.4_run_0.csv,1200.0,0.01,0,6.4,0.04,6.4,0,15.75,2.18727,0.0199558,0.000851876,2.18727,0.0,0.214597,10000.0
1200_dose_0.01_gradient_0_VconcST_0.04_Vconc_6.4_run_0.csv,1200.0,0.01,0,6.4,0.04,6.4,0,16.0,2.27109,0.0195603,0.000884521,2.27109,0.0,0.221011,585.181
1200_dose_0.01_gradient_0_VconcST_0.04_Vconc_6.4_run_0.csv,1200.0,0.01,0,6.4,0.04,6.4,0,16.25,2.35277,0.0191726,0.000916331,2.35277,0.0,0.22716,10000.0
1200_dose_0.01_gradient_0_VconcST_0.04_Vconc_6.4_run_0.csv,1200.0,0.01,0,6.4,0.04,6.4,0,16.5,2.43235,0.0187926,0.000947324,2.43235,0.0,0.233058,587.794
1200_dose_0.01_gradient_0_VconcST_0.04_Vconc_6.4_run_0.csv,1200.0,0.01,0,6.4,0.04,6.4,0,16.75,2.50987,0.0184202,0.000977516,2.50987,0.0,0.238718,10000.0
1200_dose_0.01_gradient_0_VconcST_0.04_Vconc_6.4_run_0.csv,1200.0,0.01,0,6.4,0.04,6.4,0,17.0,2.58538,0.0180551,0.00100692,2.58538,0.0,0.244152,575.185
1200_dose_0.01_gradient_0_VconcST_0.04_Vconc_6.4_run_0.csv,1200.0,0.01,0,6.4,0.04,6.4,0,17.25,2.65891,0.0176973,0.00103556,2.65891,0.0,0.249369,10000.0
1200_dose_0.01_gradient_0_VconcST_0.04_Vconc_6.4_run_0.csv,1200.0,0.01,0,6.4,0.04,6.4,0,17.5,2.73052,0.0173465,0.00106345,2.73052,0.0,0.254381,565.647
1200_dose_0.01_gradient_0_VconcST_0.04_Vconc_6.4_run_0.csv,1200.0,0.01,0,6.4,0.04,6.4,0,17.75,2.80024,0.0170028,0.00109061,2.80024,0.0,0.259197,10000.0
1200_dose_0.01_gradient_0_VconcST_0.04_Vconc_6.4_run_0.csv,1200.0,0.01,0,6.4,0.04,6.4,0,18.0,2.8681,0.0166657,0.00111704,2.8681,0.0,0.263825,565.651
1200_dose_0.01_gradient_0_VconcST_0.04_Vconc_6.4_run_0.csv,1200.0,0.01,0,6.4,0.04,6.4,0,18.25,2.93415,0.0163354,0.00114276,2.93415,0.0,0.268275,10000.0
1200_dose_0.01_gradient_0_VconcST_0.04_Vconc_6.4_run_0.csv,1200.0,0.01,0,6.4,0.04,6.4,0,18.5,2.99843,0.0160117,0.0011678,2.99843,0.0,0.272553,566.007
1200_dose_0.01_gradient_0_VconcST_0.04_Vconc_6.4_run_0.csv,1200.0,0.01,0,6.4,0.04,6.4,0,18.75,3.06097,0.0156944,0.00119215,3.06097,0.0,0.276669,10000.0
1200_dose_0.01_gradient_0_VconcST_0.04_Vconc_6.4_run_0.csv,1200.0,0.01,0,6.4,0.04,6.4,0,19.0,3.1218,0.0153833,0.00121585,3.1218,0.0,0.280627,538.143
1200_dose_0.01_gradient_0_VconcST_0.04_Vconc_6.4_run_0.csv,1200.0,0.01,0,6.4,0.04,6.4,0,19.25,3.18097,0.0150784,0.00123889,3.18097,0.0,0.284437,10000.0
1200_dose_0.01_gradient_0_VconcST_0.04_Vconc_6.4_run_0.csv,1200.0,0.01,0,6.4,0.04,6.4,0,19.5,3.23851,0.0147796,0.0012613,3.23851,0.0,0.288102,551.172
1200_dose_0.01_gradient_0_VconcST_0.04_Vconc_6.4_run_0.csv,1200.0,0.01,0,6.4,0.04,6.4,0,19.75,3.29445,0.0144867,0.00128309,3.29445,0.0,0.29163,10000.0
1200_dose_0.01_gradient_0_VconcST_0.04_Vconc_6.4_run_0.csv,1200.0,0.01,0,6.4,0.04,6.4,0,20.0,3.34961,0.0241996,0.00130457,3.34961,0.0,0.295026,529.168
1200_dose_0.01_gradient_0_VconcST_0.04_Vconc_6.4_run_0.csv,1200.0,0.01,0,6.4,0.04,6.4,0,20.25,3.44861,0.02372,0.00134313,3.44861,0.0,0.301126,10000.0
1200_dose_0.01_gradient_0_VconcST_0.04_Vconc_6.4_run_0.csv,1200.0,0.01,0,6.4,0.04,6.4,0,20.5,3.54502,0.0232499,0.00138068,3.54502,0.0,0.306965,517.323
1200_dose_0.01_gradient_0_VconcST_0.04_Vconc_6.4_run_0.csv,1200.0,0.01,0,6.4,0.04,6.4,0,20.75,3.63889,0.0227891,0.00141724,3.63889,0.0,0.312558,10000.0
1200_dose_0.01_gradient_0_VconcST_0.04_Vconc_6.4_run_0.csv,1200.0,0.01,0,6.4,0.04,6.4,0,21.0,3.73029,0.0223374,0.00145283,3.73029,0.0,0.317917,516.798
1200_dose_0.01_gradient_0_VconcST_0.04_Vconc_6.4_run_0.csv,1200.0,0.01,0,6.4,0.04,6.4,0,21.25,3.81925,0.0218947,0.00148748,3.81925,0.0,0.323054,10000.0
1200_dose_0.01_gradient_0_VconcST_0.04_Vconc_6.4_run_0.csv,1200.0,0.01,0,6.4,0.04,6.4,0,21.5,3.90583,0.0214608,0.0015212,3.90583,0.0,0.32798,501.726
1200_dose_0.01_gradient_0_VconcST_0.04_Vconc_6.4_run_0.csv,1200.0,0.01,0,6.4,0.04,6.4,0,21.75,3.99008,0.0210355,0.00155401,3.99008,0.0,0.332705,10000.0
1200_dose_0.01_gradient_0_VconcST_0.04_Vconc_6.4_run_0.csv,1200.0,0.01,0,6.4,0.04,6.4,0,22.0,4.07205,0.0206186,0.00158594,4.07205,0.0,0.337238,490.792
1200_dose_0.01_gradient_0_VconcST_0.04_Vconc_6.4_run_0.csv,1200.0,0.01,0,6.4,0.04,6.4,0,22.25,4.15178,0.0202099,0.00161699,4.15178,0.0,0.341589,10000.0
1200_dose_0.01_gradient_0_VconcST_0.04_Vconc_6.4_run_0.csv,1200.0,0.01,0,6.4,0.04,6.4,0,22.5,4.22932,0.0198094,0.00164719,4.22932,0.0,0.345766,498.42
1200_dose_0.01_gradient_0_VconcST_0.04_Vconc_6.4_run_0.csv,1200.0,0.01,0,6.4,0.04,6.4,0,22.75,4.30472,0.0194168,0.00167656,4.30472,0.0,0.349778,10000.0
1200_dose_0.01_gradient_0_VconcST_0.04_Vconc_6.4_run_0.csv,1200.0,0.01,0,6.4,0.04,6.4,0,23.0,4.37803,0.019032,0.00170511,4.37803,0.0,0.353631,464.208
1200_dose_0.01_gradient_0_VconcST_0.04_Vconc_6.4_run_0.csv,1200.0,0.01,0,6.4,0.04,6.4,0,23.25,4.44928,0.0186548,0.00173286,4.44928,0.0,0.357332,10000.0
1200_dose_0.01_gradient_0_VconcST_0.04_Vconc_6.4_run_0.csv,1200.0,0.01,0,6.4,0.04,6.4,0,23.5,4.51852,0.0182851,0.00175982,4.51852,0.0,0.360889,444.237
1200_dose_0.01_gradient_0_VconcST_0.04_Vconc_6.4_run_0.csv,1200.0,0.01,0,6.4,0.04,6.4,0,23.75,4.58578,0.0179227,0.00178602,4.58578,0.0,0.364306,10000.0
1200_dose_0.01_gradient_0_VconcST_0.04_Vconc_6.4_run_0.csv,1200.0,0.01,0,6.4,0.04,6.4,0,24.0,4.65112,0.0175675,0.00181147,4.65112,0.0,0.367591,434.106
1200_dose_0.01_gradient_0_VconcST_0.04_Vconc_6.4_run_0.csv,1200.0,0.01,0,6.4,0.04,6.4,0,24.25,4.71458,0.0172193,0.00183618,4.71458,0.0,0.370749,10000.0
1200_dose_0.01_gradient_0_VconcST_0.04_Vconc_6.4_run_0.csv,1200.0,0.01,0,6.4,0.04,6.4,0,24.5,4.77618,0.016878,0.00186017,4.77618,0.0,0.373785,471.828
1200_dose_0.01_gradient_0_VconcST_0.04_Vconc_6.4_run_0.csv,1200.0,0.01,0,6.4,0.04,6.4,0,24.75,4.83598,0.0165435,0.00188346,4.83598,0.0,0.376704,10000.0
1200_dose_0.01_gradient_0_VconcST_0.04_Vconc_6.4_run_0.csv,1200.0,0.01,0,6.4,0.04,6.4,0,25.0,4.89478,0.0262156,0.00190637,4.89478,0.0,0.379511,420.664
1200_dose_0.01_gradient_0_VconcST_0.04_Vconc_6.4_run_0.csv,1200.0,0.01,0,6.4,0.04,6.4,0,25.25,4.99723,0.025696,0.00194627,4.99723,0.0,0.384404,10000.0
1200_dose_0.01_gradient_0_VconcST_0.04_Vconc_6.4_run_0.csv,1200.0,0.01,0,6.4,0.04,6.4,0,25.5,5.09689,0.0251868,0.00198508,5.09689,0.0,0.389092,451.857
1200_dose_0.01_gradient_0_VconcST_0.04_Vconc_6.4_run_0.csv,1200.0,0.01,0,6.4,0.04,6.4,0,25.75,5.19382,0.0246876,0.00202283,5.19382,0.0,0.393582,9821.95
1200_dose_0.01_gradient_0_VconcST_0.04_Vconc_6.4_run_0.csv,1200.0,0.01,0,6.4,0.04,6.4,0,26.0,5.28808,0.0241983,0.00205954,5.28808,0.0,0.397887,424.718
1200_dose_0.01_gradient_0_VconcST_0.04_Vconc_6.4_run_0.csv,1200.0,0.01,0,6.4,0.04,6.4,0,26.25,5.37973,0.0237187,0.00209524,5.37973,0.0,0.402013,10000.0
1200_dose_0.01_gradient_0_VconcST_0.04_Vconc_6.4_run_0.csv,1200.0,0.01,0,6.4,0.04,6.4,0,26.5,5.46881,0.0232487,0.00212993,5.46881,0.0,0.405971,402.573
1200_dose_0.01_gradient_0_VconcST_0.04_Vconc_6.4_run_0.csv,1200.0,0.01,0,6.4,0.04,6.4,0,26.75,5.55539,0.0227879,0.00216365,5.55539,0.0,0.409767,10000.0
1200_dose_0.01_gradient_0_VconcST_0.04_Vconc_6.4_run_0.csv,1200.0,0.01,0,6.4,0.04,6.4,0,27.0,5.63951,0.0223363,0.00219641,5.63951,0.0,0.413409,401.785
1200_dose_0.01_gradient_0_VconcST_0.04_Vconc_6.4_run_0.csv,1200.0,0.01,0,6.4,0.04,6.4,0,27.25,5.72122,0.0218936,0.00222824,5.72122,0.0,0.416904,10000.0
1200_dose_0.01_gradient_0_VconcST_0.04_Vconc_6.4_run_0.csv,1200.0,0.01,0,6.4,0.04,6.4,0,27.5,5.80059,0.0214597,0.00225915,5.80059,0.0,0.42026,373.548
1200_dose_0.01_gradient_0_VconcST_0.04_Vconc_6.4_run_0.csv,1200.0,0.01,0,6.4,0.04,6.4,0,27.75,5.87765,0.0210344,0.00228916,5.87765,0.0,0.423481,10000.0
1200_dose_0.01_gradient_0_VconcST_0.04_Vconc_6.4_run_0.csv,1200.0,0.01,0,6.4,0.04,6.4,0,28.0,5.95245,0.0206175,0.0023183,5.95245,0.0,0.426574,380.231
1200_dose_0.01_gradient_0_VconcST_0.04_Vconc_6.4_run_0.csv,1200.0,0.01,0,6.4,0.04,6.4,0,28.25,6.02505,0.0202089,0.00234657,6.02505,0.0,0.429544,9954.59
1200_dose_0.01_gradient_0_VconcST_0.04_Vconc_6.4_run_0.csv,1200.0,0.01,0,6.4,0.04,6.4,0,28.5,6.09548,0.0198084,0.002374,6.09548,0.0,0.432396,370.302
1200_dose_0.01_gradient_0_VconcST_0.04_Vconc_6.4_run_0.csv,1200.0,0.01,0,6.4,0.04,6.4,0,28.75,6.1638,0.0194158,0.00240061,6.1638,0.0,0.435135,9750.92
1200_dose_0.01_gradient_0_VconcST_0.04_Vconc_6.4_run_0.csv,1200.0,0.01,0,6.4,0.04,6.4,0,29.0,6.23005,0.019031,0.00242641,6.23005,0.0,0.437767,346.823
1200_dose_0.01_gradient_0_VconcST_0.04_Vconc_6.4_run_0.csv,1200.0,0.01,0,6.4,0.04,6.4,0,29.25,6.29427,0.0186538,0.00245142,6.29427,0.0,0.440294,9867.68
1200_dose_0.01_gradient_0_VconcST_0.04_Vconc_6.4_run_0.csv,1200.0,0.01,0,6.4,0.04,6.4,0,29.5,6.35651,0.0182841,0.00247566,6.35651,0.0,0.442722,364.659
1200_dose_0.01_gradient_0_VconcST_0.04_Vconc_6.4_run_0.csv,1200.0,0.01,0,6.4,0.04,6.4,0,29.75,6.4168,0.0179218,0.00249915,6.4168,0.0,0.445054,9347.24
1200_dose_0.01_gradient_0_VconcST_0.04_Vconc_6.4_run_0.csv,1200.0,0.01,0,6.4,0.04,6.4,0,30.0,6.47597,0.0275666,0.00252219,6.47597,0.0,0.447294,358.836
1200_dose_0.01_gradient_0_VconcST_0.04_Vconc_6.4_run_0.csv,1200.0,0.01,0,6.4,0.04,6.4,0,30.25,6.57866,0.0270202,0.00256218,6.57866,0.0,0.451189,9581.53
1200_dose_0.01_gradient_0_VconcST_0.04_Vconc_6.4_run_0.csv,1200.0,0.01,0,6.4,0.04,6.4,0,30.5,6.67844,0.0264847,0.00260105,6.67844,0.0,0.454922,345.511
1200_dose_0.01_gradient_0_VconcST_0.04_Vconc_6.4_run_0.csv,1200.0,0.01,0,6.4,0.04,6.4,0,30.75,6.77537,0.0259598,0.00263879,6.77537,0.0,0.4585,9123.62
1200_dose_0.01_gradient_0_VconcST_0.04_Vconc_6.4_run_0.csv,1200.0,0.01,0,6.4,0.04,6.4,0,31.0,6.8695,0.0254453,0.00267546,6.8695,0.0,0.46193,370.175
1200_dose_0.01_gradient_0_VconcST_0.04_Vconc_6.4_run_0.csv,1200.0,0.01,0,6.4,0.04,6.4,0,31.25,6.96091,0.024941,0.00271106,6.96091,0.0,0.465219,9042.54
1200_dose_0.01_gradient_0_VconcST_0.04_Vconc_6.4_run_0.csv,1200.0,0.01,0,6.4,0.04,6.4,0,31.5,7.04964,0.0244467,0.00274562,7.04964,0.0,0.468374,320.086
1200_dose_0.01_gradient_0_VconcST_0.04_Vconc_6.4_run_0.csv,1200.0,0.01,0,6.4,0.04,6.4,0,31.75,7.13575,0.0239622,0.00277915,7.13575,0.0,0.471401,9476.23
1200_dose_0.01_gradient_0_VconcST_0.04_Vconc_6.4_run_0.csv,1200.0,0.01,0,6.4,0.04,6.4,0,32.0,7.2193,0.0234873,0.00281169,7.2193,0.0,0.474304,304.101
1200_dose_0.01_gradient_0_VconcST_0.04_Vconc_6.4_run_0.csv,1200.0,0.01,0,6.4,0.04,6.4,0,32.25,7.30034,0.0230218,0.00284326,7.30034,0.0,0.47709,9260.89
1200_dose_0.01_gradient_0_VconcST_0.04_Vconc_6.4_run_0.csv,1200.0,0.01,0,6.4,0.04,6.4,0,32.5,7.37893,0.0225656,0.00287386,7.37893,0.0,0.479764,312.793
1200_dose_0.01_gradient_0_VconcST_0.04_Vconc_6.4_run_0.csv,1200.0,0.01,0,6.4,0.04,6.4,0,32.75,7.45511,0.0221183,0.00290353,7.45511,0.0,0.48233,9115.12
1200_dose_0.01_gradient_0_VconcST_0.04_Vconc_6.4_run_0.csv,1200.0,0.01,0,6.4,0.04,6.4,0,33.0,7.52894,0.02168,0.00293229,7.52894,0.0,0.484793,299.292
1200_dose_0.01_gradient_0_VconcST_0.04_Vconc_6.4_run_0.csv,1200.0,0.01,0,6.4,0.04,6.4,0,33.25,7.60046,0.0212503,0.00296014,7.60046,0.0,0.487156,9097.01
1200_dose_0.01_gradient_0_VconcST_0.04_Vconc_6.4_run_0.csv,1200.0,0.01,0,6.4,0.04,6.4,0,33.5,7.66973,0.0208291,0.00298712,7.66973,0.0,0.489424,312.209
1200_dose_0.01_gradient_0_VconcST_0.04_Vconc_6.4_run_0.csv,1200.0,0.01,0,6.4,0.04,6.4,0,33.75,7.73679,0.0204163,0.00301324,7.73679,0.0,0.491602,8389.87
1200_dose_0.01_gradient_0_VconcST_0.04_Vconc_6.4_run_0.csv,1200.0,0.01,0,6.4,0.04,6.4,0,34.0,7.80169,0.0200117,0.00303852,7.80169,0.0,0.493691,289.691
1200_dose_0.01_gradient_0_VconcST_0.04_Vconc_6.4_run_0.csv,1200.0,0.01,0,6.4,0.04,6.4,0,34.25,7.86448,0.0196151,0.00306297,7.86448,0.0,0.495696,8445.11
1200_dose_0.01_gradient_0_VconcST_0.04_Vconc_6.4_run_0.csv,1200.0,0.01,0,6.4,0.04,6.4,0,34.5,7.9252,0.0192263,0.00308662,7.9252,0.0,0.49762,300.879
1200_dose_0.01_gradient_0_VconcST_0.04_Vconc_6.4_run_0.csv,1200.0,0.01,0,6.4,0.04,6.4,0,34.75,7.9839,0.0188453,0.00310948,7.9839,0.0,0.499466,8116.99
1200_dose_0.01_gradient_0_VconcST_0.04_Vconc_6.4_run_0.csv,1200.0,0.01,0,6.4,0.04,6.4,0,35.0,8.04139,0.0284718,0.00313187,8.04139,0.0,0.501237,283.241
1200_dose_0.01_gradient_0_VconcST_0.04_Vconc_6.4_run_0.csv,1200.0,0.01,0,6.4,0.04,6.4,0,35.25,8.14232,0.0279075,0.00317118,8.14232,0.0,0.504357,8851.78
1200_dose_0.01_gradient_0_VconcST_0.04_Vconc_6.4_run_0.csv,1200.0,0.01,0,6.4,0.04,6.4,0,35.5,8.24026,0.0273544,0.00320933,8.24026,0.0,0.507348,315.056
1200_dose_0.01_gradient_0_VconcST_0.04_Vconc_6.4_run_0.csv,1200.0,0.01,0,6.4,0.04,6.4,0,35.75,8.33528,0.0268123,0.00324633,8.33528,0.0,0.510216,8159.53
1200_dose_0.01_gradient_0_VconcST_0.04_Vconc_6.4_run_0.csv,1200.0,0.01,0,6.4,0.04,6.4,0,36.0,8.42744,0.0262809,0.00328223,8.42744,0.0,0.512965,273.247
1200_dose_0.01_gradient_0_VconcST_0.04_Vconc_6.4_run_0.csv,1200.0,0.01,0,6.4,0.04,6.4,0,36.25,8.51679,0.0257601,0.00331703,8.51679,0.0,0.515601,7626.32
1200_dose_0.01_gradient_0_VconcST_0.04_Vconc_6.4_run_0.csv,1200.0,0.01,0,6.4,0.04,6.4,0,36.5,8.6034,0.0252495,0.00335076,8.6034,0.0,0.51813,274.006
1200_dose_0.01_gradient_0_VconcST_0.04_Vconc_6.4_run_0.csv,1200.0,0.01,0,6.4,0.04,6.4,0,36.75,8.68733,0.0247491,0.00338345,8.68733,0.0,0.520555,7661.19
1200_dose_0.01_gradient_0_VconcST_0.04_Vconc_6.4_run_0.csv,1200.0,0.01,0,6.4,0.04,6.4,0,37.0,8.76863,0.0242586,0.00341511,8.76863,0.0,0.522881,249.503
1200_dose_0.01_gradient_0_VconcST_0.04_Vconc_6.4_run_0.csv,1200.0,0.01,0,6.4,0.04,6.4,0,37.25,8.84735,0.0237778,0.00344577,8.84735,0.0,0.525111,7876.59
1200_dose_0.01_gradient_0_VconcST_0.04_Vconc_6.4_run_0.csv,1200.0,0.01,0,6.4,0.04,6.4,0,37.5,8.92356,0.0233066,0.00347545,8.92356,0.0,0.527251,263.348
1200_dose_0.01_gradient_0_VconcST_0.04_Vconc_6.4_run_0.csv,1200.0,0.01,0,6.4,0.04,6.4,0,37.75,8.99729,0.0228447,0.00350417,8.99729,0.0,0.529303,7610.9
1200_dose_0.01_gradient_0_VconcST_0.04_Vconc_6.4_run_0.csv,1200.0,0.01,0,6.4,0.04,6.4,0,38.0,9.06863,0.0223919,0.00353195,9.06863,0.0,0.531272,269.673
1200_dose_0.01_gradient_0_VconcST_0.04_Vconc_6.4_run_0.csv,1200.0,0.01,0,6.4,0.04,6.4,0,38.25,9.1376,0.0219481,0.00355881,9.1376,0.0,0.533159,7422.51
1200_dose_0.01_gradient_0_VconcST_0.04_Vconc_6.4_run_0.csv,1200.0,0.01,0,6.4,0.04,6.4,0,38.5,9.20426,0.0215132,0.00358478,9.20426,0.0,0.534969,243.987
1200_dose_0.01_gradient_0_VconcST_0.04_Vconc_6.4_run_0.csv,1200.0,0.01,0,6.4,0.04,6.4,0,38.75,9.26866,0.0210868,0.00360986,9.26866,0.0,0.536705,8260.42
1200_dose_0.01_gradient_0_VconcST_0.04_Vconc_6.4_run_0.csv,1200.0,0.01,0,6.4,0.04,6.4,0,39.0,9.33085,0.0206689,0.00363408,9.33085,0.0,0.538368,257.949
1200_dose_0.01_gradient_0_VconcST_0.04_Vconc_6.4_run_0.csv,1200.0,0.01,0,6.4,0.04,6.4,0,39.25,9.39087,0.0202592,0.00365745,9.39087,0.0,0.539963,7310.25
1200_dose_0.01_gradient_0_VconcST_0.04_Vconc_6.4_run_0.csv,1200.0,0.01,0,6.4,0.04,6.4,0,39.5,9.44878,0.0198577,0.00368001,9.44878,0.0,0.54149,238.357
1200_dose_0.01_gradient_0_VconcST_0.04_Vconc_6.4_run_0.csv,1200.0,0.01,0,6.4,0.04,6.4,0,39.75,9.50461,0.0194642,0.00370175,9.50461,0.0,0.542954,7553.04
1200_dose_0.01_gradient_0_VconcST_0.04_Vconc_6.4_run_0.csv,1200.0,0.01,0,6.4,0.04,6.4,0,40.0,9.55919,0.0290784,0.00372301,9.55919,0.0,0.544355,257.507
1200_dose_0.01_gradient_0_VconcST_0.04_Vconc_6.4_run_0.csv,1200.0,0.01,0,6.4,0.04,6.4,0,40.25,9.65717,0.0285021,0.00376117,9.65717,0.0,0.546885,7487.94
1200_dose_0.01_gradient_0_VconcST_0.04_Vconc_6.4_run_0.csv,1200.0,0.01,0,6.4,0.04,6.4,0,40.5,9.75211,0.0279372,0.00379815,9.75211,0.0,0.54931,254.89
1200_dose_0.01_gradient_0_VconcST_0.04_Vconc_6.4_run_0.csv,1200.0,0.01,0,6.4,0.04,6.4,0,40.75,9.84409,0.0273835,0.00383397,9.84409,0.0,0.551634,7638.51
1200_dose_0.01_gradient_0_VconcST_0.04_Vconc_6.4_run_0.csv,1200.0,0.01,0,6.4,0.04,6.4,0,41.0,9.93316,0.0268408,0.00386866,9.93316,0.0,0.553863,236.744
1200_dose_0.01_gradient_0_VconcST_0.04_Vconc_6.4_run_0.csv,1200.0,0.01,0,6.4,0.04,6.4,0,41.25,10.0194,0.0263089,0.00390224,10.0194,0.0,0.555999,6899.81
1200_dose_0.01_gradient_0_VconcST_0.04_Vconc_6.4_run_0.csv,1200.0,0.01,0,6.4,0.04,6.4,0,41.5,10.1028,0.0257875,0.00393474,10.1028,0.0,0.558047,235.533
1200_dose_0.01_gradient_0_VconcST_0.04_Vconc_6.4_run_0.csv,1200.0,0.01,0,6.4,0.04,6.4,0,41.75,10.1836,0.0252764,0.00396618,10.1836,0.0,0.56001,6983.89
1200_dose_0.01_gradient_0_VconcST_0.04_Vconc_6.4_run_0.csv,1200.0,0.01,0,6.4,0.04,6.4,0,42.0,10.2616,0.0247754,0.00399658,10.2616,0.0,0.561892,236.461
1200_dose_0.01_gradient_0_VconcST_0.04_Vconc_6.4_run_0.csv,1200.0,0.01,0,6.4,0.04,6.4,0,42.25,10.3371,0.0242844,0.00402597,10.3371,0.0,0.563696,7215.25
1200_dose_0.01_gradient_0_VconcST_0.04_Vconc_6.4_run_0.csv,1200.0,0.01,0,6.4,0.04,6.4,0,42.5,10.41,0.0238031,0.00405436,10.41,0.0,0.565425,231.92
1200_dose_0.01_gradient_0_VconcST_0.04_Vconc_6.4_run_0.csv,1200.0,0.01,0,6.4,0.04,6.4,0,42.75,10.4804,0.0233314,0.00408178,10.4804,0.0,0.567081,6819.86
1200_dose_0.01_gradient_0_VconcST_0.04_Vconc_6.4_run_0.csv,1200.0,0.01,0,6.4,0.04,6.4,0,43.0,10.5483,0.022869,0.00410824,10.5483,0.0,0.568668,228.215
1200_dose_0.01_gradient_0_VconcST_0.04_Vconc_6.4_run_0.csv,1200.0,0.01,0,6.4,0.04,6.4,0,43.25,10.6139,0.0224157,0.00413378,10.6139,0.0,0.570188,6601.58
1200_dose_0.01_gradient_0_VconcST_0.04_Vconc_6.4_run_0.csv,1200.0,0.01,0,6.4,0.04,6.4,0,43.5,10.6771,0.0219715,0.0041584,10.6771,0.0,0.571644,221.458
1200_dose_0.01_gradient_0_VconcST_0.04_Vconc_6.4_run_0.csv,1200.0,0.01,0,6.4,0.04,6.4,0,43.75,10.738,0.021536,0.00418213,10.738,0.0,0.573038,7018.51
1200_dose_0.01_gradient_0_VconcST_0.04_Vconc_6.4_run_0.csv,1200.0,0.01,0,6.4,0.04,6.4,0,44.0,10.7967,0.0211092,0.00420499,10.7967,0.0,0.574372,236.814
1200_dose_0.01_gradient_0_VconcST_0.04_Vconc_6.4_run_0.csv,1200.0,0.01,0,6.4,0.04,6.4,0,44.25,10.8532,0.0206909,0.00422699,10.8532,0.0,0.575648,6827.87
1200_dose_0.01_gradient_0_VconcST_0.04_Vconc_6.4_run_0.csv,1200.0,0.01,0,6.4,0.04,6.4,0,44.5,10.9076,0.0202808,0.00424816,10.9076,0.0,0.576869,220.49
1200_dose_0.01_gradient_0_VconcST_0.04_Vconc_6.4_run_0.csv,1200.0,0.01,0,6.4,0.04,6.4,0,44.75,10.9598,0.0198788,0.00426851,10.9598,0.0,0.578036,6681.48
1200_dose_0.01_gradient_0_VconcST_0.04_Vconc_6.4_run_0.csv,1200.0,0.01,0,6.4,0.04,6.4,0,45.0,11.0108,0.0294849,0.00428837,11.0108,0.0,0.579151,220.929
1200_dose_0.01_gradient_0_VconcST_0.04_Vconc_6.4_run_0.csv,1200.0,0.01,0,6.4,0.04,6.4,0,45.25,11.1051,0.0289005,0.00432511,11.1051,0.0,0.581231,7116.36
1200_dose_0.01_gradient_0_VconcST_0.04_Vconc_6.4_run_0.csv,1200.0,0.01,0,6.4,0.04,6.4,0,45.5,11.1964,0.0283277,0.00436067,11.1964,0.0,0.583224,219.659
1200_dose_0.01_gradient_0_VconcST_0.04_Vconc_6.4_run_0.csv,1200.0,0.01,0,6.4,0.04,6.4,0,45.75,11.2847,0.0277663,0.00439506,11.2847,0.0,0.585133,6950.96
1200_dose_0.01_gradient_0_VconcST_0.04_Vconc_6.4_run_0.csv,1200.0,0.01,0,6.4,0.04,6.4,0,46.0,11.3701,0.027216,0.00442831,11.3701,0.0,0.586963,212.067
1200_dose_0.01_gradient_0_VconcST_0.04_Vconc_6.4_run_0.csv,1200.0,0.01,0,6.4,0.04,6.4,0,46.25,11.4526,0.0266766,0.00446044,11.4526,0.0,0.588716,6560.26
1200_dose_0.01_gradient_0_VconcST_0.04_Vconc_6.4_run_0.csv,1200.0,0.01,0,6.4,0.04,6.4,0,46.5,11.5323,0.0261479,0.00449149,11.5323,0.0,0.590395,201.078
1200_dose_0.01_gradient_0_VconcST_0.04_Vconc_6.4_run_0.csv,1200.0,0.01,0,6.4,0.04,6.4,0,46.75,11.6093,0.0256297,0.00452146,11.6093,0.0,0.592004,6432.5
1200_dose_0.01_gradient_0_VconcST_0.04_Vconc_6.4_run_0.csv,1200.0,0.01,0,6.4,0.04,6.4,0,47.0,11.6836,0.0251217,0.0045504,11.6836,0.0,0.593545,208.909
1200_dose_0.01_gradient_0_VconcST_0.04_Vconc_6.4_run_0.csv,1200.0,0.01,0,6.4,0.04,6.4,0,47.25,11.7552,0.0246239,0.0045783,11.7552,0.0,0.59502,6284.62
1200_dose_0.01_gradient_0_VconcST_0.04_Vconc_6.4_run_0.csv,1200.0,0.01,0,6.4,0.04,6.4,0,47.5,11.8243,0.0241358,0.00460521,11.8243,0.0,0.596432,214.017
1200_dose_0.01_gradient_0_VconcST_0.04_Vconc_6.4_run_0.csv,1200.0,0.01,0,6.4,0.04,6.4,0,47.75,11.8909,0.0236575,0.00463114,11.8909,0.0,0.597784,6052.2
1200_dose_0.01_gradient_0_VconcST_0.04_Vconc_6.4_run_0.csv,1200.0,0.01,0,6.4,0.04,6.4,0,48.0,11.955,0.0231886,0.00465611,11.955,0.0,0.599077,187.926
1200_dose_0.01_gradient_0_VconcST_0.04_Vconc_6.4_run_0.csv,1200.0,0.01,0,6.4,0.04,6.4,0,48.25,12.0167,0.0227291,0.00468014,12.0167,0.0,0.600314,6116.6
1200_dose_0.01_gradient_0_VconcST_0.04_Vconc_6.4_run_0.csv,1200.0,0.01,0,6.4,0.04,6.4,0,48.5,12.0761,0.0222786,0.00470326,12.0761,0.0,0.601497,205.716
1200_dose_0.01_gradient_0_VconcST_0.04_Vconc_6.4_run_0.csv,1200.0,0.01,0,6.4,0.04,6.4,0,48.75,12.1331,0.0218371,0.00472548,12.1331,0.00117188,0.602626,6139.88
1200_dose_0.01_gradient_0_VconcST_0.04_Vconc_6.4_run_0.csv,1200.0,0.01,0,6.4,0.04,6.4,0,49.0,12.1879,0.0214043,0.00474681,12.1879,0.0,0.603706,196.238
1200_dose_0.01_gradient_0_VconcST_0.04_Vconc_6.4_run_0.csv,1200.0,0.01,0,6.4,0.04,6.4,0,49.25,12.2405,0.0209801,0.00476729,12.2405,0.00128906,0.604736,6041.9
1200_dose_0.01_gradient_0_VconcST_0.04_Vconc_6.4_run_0.csv,1200.0,0.01,0,6.4,0.04,6.4,0,49.5,12.2909,0.0205643,0.00478693,12.2909,0.0,0.605719,197.924
1200_dose_0.01_gradient_0_VconcST_0.04_Vconc_6.4_run_0.csv,1200.0,0.01,0,6.4,0.04,6.4,0,49.75,12.3392,0.0201567,0.00480575,12.3392,0.0,0.606656,6403.75
1200_dose_0.01_gradient_0_VconcST_0.04_Vconc_6.4_run_0.csv,1200.0,0.01,0,6.4,0.04,6.4,0,50.0,12.3863,0.0297572,0.00482407,12.3863,0.0,0.60755,192.566
1200_dose_0.01_gradient_0_VconcST_0.04_Vconc_6.4_run_0.csv,1200.0,0.01,0,6.4,0.04,6.4,0,50.25,12.4767,0.0291675,0.00485927,12.4767,0.0,0.609283,5994.92
1200_dose_0.01_gradient_0_VconcST_0.04_Vconc_6.4_run_0.csv,1200.0,0.01,0,6.4,0.04,6.4,0,50.5,12.564,0.0285894,0.00489328,12.564,0.0,0.610943,198.258
1200_dose_0.01_gradient_0_VconcST_0.04_Vconc_6.4_run_0.csv,1200.0,0.01,0,6.4,0.04,6.4,0,50.75,12.6483,0.0280228,0.00492612,12.6483,0.0,0.612533,6258.74
1200_dose_0.01_gradient_0_VconcST_0.04_Vconc_6.4_run_0.csv,1200.0,0.01,0,6.4,0.04,6.4,0,51.0,12.7297,0.0274674,0.00495782,12.7297,0.0,0.614055,193.739
1200_dose_0.01_gradient_0_VconcST_0.04_Vconc_6.4_run_0.csv,1200.0,0.01,0,6.4,0.04,6.4,0,51.25,12.8082,0.026923,0.0049884,12.8082,0.0,0.615513,6390.95
1200_dose_0.01_gradient_0_VconcST_0.04_Vconc_6.4_run_0.csv,1200.0,0.01,0,6.4,0.04,6.4,0,51.5,12.8839,0.0263895,0.00501789,12.8839,0.0,0.616907,195.807
1200_dose_0.01_gradient_0_VconcST_0.04_Vconc_6.4_run_0.csv,1200.0,0.01,0,6.4,0.04,6.4,0,51.75,12.9569,0.0258665,0.0050463,12.9569,0.0,0.618242,5940.57
1200_dose_0.01_gradient_0_VconcST_0.04_Vconc_6.4_run_0.csv,1200.0,0.01,0,6.4,0.04,6.4,0,52.0,13.0271,0.0253538,0.00507367,13.0271,0.0,0.619519,187.011
1200_dose_0.01_gradient_0_VconcST_0.04_Vconc_6.4_run_0.csv,1200.0,0.01,0,6.4,0.04,6.4,0,52.25,13.0948,0.0248513,0.00510001,13.0948,0.0,0.620739,5900.37
1200_dose_0.01_gradient_0_VconcST_0.04_Vconc_6.4_run_0.csv,1200.0,0.01,0,6.4,0.04,6.4,0,52.5,13.1598,0.0243588,0.00512535,13.1598,0.0,0.621906,191.656
1200_dose_0.01_gradient_0_VconcST_0.04_Vconc_6.4_run_0.csv,1200.0,0.01,0,6.4,0.04,6.4,0,52.75,13.2224,0.023876,0.0051497,13.2224,0.000907118,0.623021,5784.73
1200_dose_0.01_gradient_0_VconcST_0.04_Vconc_6.4_run_0.csv,1200.0,0.01,0,6.4,0.04,6.4,0,53.0,13.2824,0.0234029,0.0051731,13.2824,0.0,0.624086,187.451
1200_dose_0.01_gradient_0_VconcST_0.04_Vconc_6.4_run_0.csv,1200.0,0.01,0,6.4,0.04,6.4,0,53.25,13.3401,0.022939,0.00519556,13.3401,0.0,0.625102,5650.35
1200_dose_0.01_gradient_0_VconcST_0.04_Vconc_6.4_run_0.csv,1200.0,0.01,0,6.4,0.04,6.4,0,53.5,13.3954,0.0224844,0.00521709,13.3954,0.0,0.626072,192.914
1200_dose_0.01_gradient_0_VconcST_0.04_Vconc_6.4_run_0.csv,1200.0,0.01,0,6.4,0.04,6.4,0,53.75,13.4484,0.0220388,0.00523773,13.4484,0.0,0.626997,5989.69
1200_dose_0.01_gradient_0_VconcST_0.04_Vconc_6.4_run_0.csv,1200.0,0.01,0,6.4,0.04,6.4,0,54.0,13.4991,0.021602,0.00525749,13.4991,0.0,0.627877,187.779
1200_dose_0.01_gradient_0_VconcST_0.04_Vconc_6.4_run_0.csv,1200.0,0.01,0,6.4,0.04,6.4,0,54.25,13.5476,0.0211739,0.00527639,13.5476,0.0,0.628716,5844.72
1200_dose_0.01_gradient_0_VconcST_0.04_Vconc_6.4_run_0.csv,1200.0,0.01,0,6.4,0.04,6.4,0,54.5,13.594,0.0207542,0.00529444,13.594,0.0,0.629514,179.306
1200_dose_0.01_gradient_0_VconcST_0.04_Vconc_6.4_run_0.csv,1200.0,0.01,0,6.4,0.04,6.4,0,54.75,13.6383,0.0203429,0.00531168,13.6383,0.00111328,0.630272,5572.61
1200_dose_0.01_gradient_0_VconcST_0.04_Vconc_6.4_run_0.csv,1200.0,0.01,0,6.4,0.04,6.4,0,55.0,13.6812,0.0299397,0.00532841,13.6812,0.0,0.630992,179.027
1200_dose_0.01_gradient_0_VconcST_0.04_Vconc_6.4_run_0.csv,1200.0,0.01,0,6.4,0.04,6.4,0,55.25,13.7675,0.0293464,0.00536203,13.7675,0.0,0.632457,5606.09
1200_dose_0.01_gradient_0_VconcST_0.04_Vconc_6.4_run_0.csv,1200.0,0.01,0,6.4,0.04,6.4,0,55.5,13.8508,0.0287648,0.00539446,13.8508,0.0,0.633858,174.333
1200_dose_0.01_gradient_0_VconcST_0.04_Vconc_6.4_run_0.csv,1200.0,0.01,0,6.4,0.04,6.4,0,55.75,13.9311,0.0281947,0.00542571,13.9311,0.00160807,0.635199,5814.9
1200_dose_0.01_gradient_0_VconcST_0.04_Vconc_6.4_run_0.csv,1200.0,0.01,0,6.4,0.04,6.4,0,56.0,14.0084,0.0276359,0.00545583,14.0084,0.0,0.636481,174.066
1200_dose_0.01_gradient_0_VconcST_0.04_Vconc_6.4_run_0.csv,1200.0,0.01,0,6.4,0.04,6.4,0,56.25,14.0828,0.0270882,0.00548482,14.0828,0.0,0.637708,5368.19
1200_dose_0.01_gradient_0_VconcST_0.04_Vconc_6.4_run_0.csv,1200.0,0.01,0,6.4,0.04,6.4,0,56.5,14.1545,0.0265513,0.00551272,14.1545,0.0,0.63888,180.338
1200_dose_0.01_gradient_0_VconcST_0.04_Vconc_6.4_run_0.csv,1200.0,0.01,0,6.4,0.04,6.4,0,56.75,14.2233,0.0260251,0.00553955,14.2233,0.00136068,0.64,5401.46
1200_dose_0.01_gradient_0_VconcST_0.04_Vconc_6.4_run_0.csv,1200.0,0.01,0,6.4,0.04,6.4,0,57.0,14.2895,0.0255093,0.00556533,14.2895,0.0,0.64107,168.889
1200_dose_0.01_gradient_0_VconcST_0.04_Vconc_6.4_run_0.csv,1200.0,0.01,0,6.4,0.04,6.4,0,57.25,14.3531,0.0250038,0.00559009,14.3531,0.0,0.642091,5375.34
1200_dose_0.01_gradient_0_VconcST_0.04_Vconc_6.4_run_0.csv,1200.0,0.01,0,6.4,0.04,6.4,0,57.5,14.4141,0.0245082,0.00561384,14.4141,0.0,0.643066,167.993
1200_dose_0.01_gradient_0_VconcST_0.04_Vconc_6.4_run_0.csv,1200.0,0.01,0,6.4,0.04,6.4,0,57.75,14.4726,0.0240225,0.00563661,14.4726,0.000700955,0.643995,5595.52
1200_dose_0.01_gradient_0_VconcST_0.04_Vconc_6.4_run_0.csv,1200.0,0.01,0,6.4,0.04,6.4,0,58.0,14.5286,0.0235464,0.00565843,14.5286,0.0,0.644881,168.844
1200_dose_0.01_gradient_0_VconcST_0.04_Vconc_6.4_run_0.csv,1200.0,0.01,0,6.4,0.04,6.4,0,58.25,14.5822,0.0230797,0.0056793,14.5822,0.0,0.645724,5539.99
1200_dose_0.01_gradient_0_VconcST_0.04_Vconc_6.4_run_0.csv,1200.0,0.01,0,6.4,0.04,6.4,0,58.5,14.6334,0.0226223,0.00569927,14.6334,0.0,0.646527,163.107
1200_dose_0.01_gradient_0_VconcST_0.04_Vconc_6.4_run_0.csv,1200.0,0.01,0,6.4,0.04,6.4,0,58.75,14.6824,0.022174,0.00571832,14.6824,0.000742188,0.647291,5557.12
1200_dose_0.01_gradient_0_VconcST_0.04_Vconc_6.4_run_0.csv,1200.0,0.01,0,6.4,0.04,6.4,0,59.0,14.729,0.0217345,0.0057365,14.729,0.0,0.648016,167.67
1200_dose_0.01_gradient_0_VconcST_0.04_Vconc_6.4_run_0.csv,1200.0,0.01,0,6.4,0.04,6.4,0,59.25,14.7735,0.0213038,0.00575382,14.7735,0.0,0.648704,5520.34
1200_dose_0.01_gradient_0_VconcST_0.04_Vconc_6.4_run_0.csv,1200.0,0.01,0,6.4,0.04,6.4,0,59.5,14.8158,0.0208816,0.00577031,14.8158,0.0,0.649356,172.226
1200_dose_0.01_gradient_0_VconcST_0.04_Vconc_6.4_run_0.csv,1200.0,0.01,0,6.4,0.04,6.4,0,59.75,14.856,0.0204677,0.00578597,14.856,0.0,0.649973,5120.68
1200_dose_0.01_gradient_0_VconcST_0.04_Vconc_6.4_run_0.csv,1200.0,0.01,0,6.4,0.04,6.4,0,60.0,14.895,0.0300621,0.00580112,14.895,0.0,0.650557,163.383
1200_dose_0.01_gradient_0_VconcST_0.04_Vconc_6.4_run_0.csv,1200.0,0.01,0,6.4,0.04,6.4,0,60.25,14.9772,0.0294663,0.00583317,14.9772,0.000412326,0.651809,5423.05
1200_dose_0.01_gradient_0_VconcST_0.04_Vconc_6.4_run_0.csv,1200.0,0.01,0,6.4,0.04,6.4,0,60.5,15.0565,0.0288823,0.00586403,15.0565,0.0,0.653006,167.67
1200_dose_0.01_gradient_0_VconcST_0.04_Vconc_6.4_run_0.csv,1200.0,0.01,0,6.4,0.04,6.4,0,60.75,15.1327,0.0283099,0.00589371,15.1327,0.00061849,0.65415,5206.96
1200_dose_0.01_gradient_0_VconcST_0.04_Vconc_6.4_run_0.csv,1200.0,0.01,0,6.4,0.04,6.4,0,61.0,15.206,0.0277488,0.00592226,15.206,0.0,0.655243,164.107
1200_dose_0.01_gradient_0_VconcST_0.04_Vconc_6.4_run_0.csv,1200.0,0.01,0,6.4,0.04,6.4,0,61.25,15.2764,0.0271989,0.00594968,15.2764,0.0,0.656287,5316.17
1200_dose_0.01_gradient_0_VconcST_0.04_Vconc_6.4_run_0.csv,1200.0,0.01,0,6.4,0.04,6.4,0,61.5,15.344,0.0266598,0.00597602,15.344,0.0,0.657284,156.146
1200_dose_0.01_gradient_0_VconcST_0.04_Vconc_6.4_run_0.csv,1200.0,0.01,0,6.4,0.04,6.4,0,61.75,15.4089,0.0261314,0.00600129,15.4089,0.0,0.658234,5327.07
1200_dose_0.01_gradient_0_VconcST_0.04_Vconc_6.4_run_0.csv,1200.0,0.01,0,6.4,0.04,6.4,0,62.0,15.4711,0.0256135,0.00602551,15.4711,0.0,0.65914,165.499
1200_dose_0.01_gradient_0_VconcST_0.04_Vconc_6.4_run_0.csv,1200.0,0.01,0,6.4,0.04,6.4,0,62.25,15.5307,0.0251059,0.00604871,15.5307,0.000824653,0.660004,5292.97
1200_dose_0.01_gradient_0_VconcST_0.04_Vconc_0.8_run_0.csv,1200.0,0.01,0,0.8,0.04,0.8,0,0.0,0.0,0.0,0.0,0.0,0.0,0.0,0.0
1200_dose_0.01_gradient_0_VconcST_0.04_Vconc_0.8_run_0.csv,1200.0,0.01,0,0.8,0.04,0.8,0,0.25,0.0,0.0,0.0,0.0,0.0,0.0,1321.61
1200_dose_0.01_gradient_0_VconcST_0.04_Vconc_0.8_run_0.csv,1200.0,0.01,0,0.8,0.04,0.8,0,0.5,0.0,0.0,0.0,0.0,0.0,0.0,853.43
1200_dose_0.01_gradient_0_VconcST_0.04_Vconc_0.8_run_0.csv,1200.0,0.01,0,0.8,0.04,0.8,0,0.75,0.0,0.0,0.0,0.0,0.0,0.0,952.021
1200_dose_0.01_gradient_0_VconcST_0.04_Vconc_0.8_run_0.csv,1200.0,0.01,0,0.8,0.04,0.8,0,1.0,0.0,0.0,0.0,0.0,0.0,0.0,1012.31
1200_dose_0.01_gradient_0_VconcST_0.04_Vconc_0.8_run_0.csv,1200.0,0.01,0,0.8,0.04,0.8,0,1.25,0.0,0.0,0.0,0.0,0.0,0.0,912.836
1200_dose_0.01_gradient_0_VconcST_0.04_Vconc_0.8_run_0.csv,1200.0,0.01,0,0.8,0.04,0.8,0,1.5,0.0,0.0,0.0,0.0,0.0,0.0,1075.64
1200_dose_0.01_gradient_0_VconcST_0.04_Vconc_0.8_run_0.csv,1200.0,0.01,0,0.8,0.04,0.8,0,1.75,0.0,0.0,0.0,0.0,0.0,0.0,1032.94
1200_dose_0.01_gradient_0_VconcST_0.04_Vconc_0.8_run_0.csv,1200.0,0.01,0,0.8,0.04,0.8,0,2.0,0.0,0.0,0.0,0.0,0.0,0.0,1084.81
1200_dose_0.01_gradient_0_VconcST_0.04_Vconc_0.8_run_0.csv,1200.0,0.01,0,0.8,0.04,0.8,0,2.25,0.0,0.0,0.0,0.0,0.000286458,0.0,1297.67
1200_dose_0.01_gradient_0_VconcST_0.04_Vconc_0.8_run_0.csv,1200.0,0.01,0,0.8,0.04,0.8,0,2.5,0.0,0.0,0.0,0.0,0.0248828,0.0,1663.5
1200_dose_0.01_gradient_0_VconcST_0.04_Vconc_0.8_run_0.csv,1200.0,0.01,0,0.8,0.04,0.8,0,2.75,0.0,0.0,0.0,0.0,0.0851693,0.0,1860.52
1200_dose_0.01_gradient_0_VconcST_0.04_Vconc_0.8_run_0.csv,1200.0,0.01,0,0.8,0.04,0.8,0,3.0,0.0,0.0,0.0,0.0,0.176706,0.0,2023.75
1200_dose_0.01_gradient_0_VconcST_0.04_Vconc_0.8_run_0.csv,1200.0,0.01,0,0.8,0.04,0.8,0,3.25,0.0,0.0,0.0,0.0,0.299492,0.0,2058.03
1200_dose_0.01_gradient_0_VconcST_0.04_Vconc_0.8_run_0.csv,1200.0,0.01,0,0.8,0.04,0.8,0,3.5,0.0,0.0,0.0,0.0,0.453529,0.0,2137.67
1200_dose_0.01_gradient_0_VconcST_0.04_Vconc_0.8_run_0.csv,1200.0,0.01,0,0.8,0.04,0.8,0,3.75,0.0,0.0,0.0,0.0,0.638815,0.0,2285.47
1200_dose_0.01_gradient_0_VconcST_0.04_Vconc_0.8_run_0.csv,1200.0,0.01,0,0.8,0.04,0.8,0,4.0,0.0,0.0,0.0,0.0,0.844792,0.0,2248.31
1200_dose_0.01_gradient_0_VconcST_0.04_Vconc_0.8_run_0.csv,1200.0,0.01,0,0.8,0.04,0.8,0,4.25,0.0,0.0,0.0,0.0,0.967708,0.0,2212.9
1200_dose_0.01_gradient_0_VconcST_0.04_Vconc_0.8_run_0.csv,1200.0,0.01,0,0.8,0.04,0.8,0,4.5,0.0,0.0,0.0,0.0,1.0,0.0,2029.87
1200_dose_0.01_gradient_0_VconcST_0.04_Vconc_0.8_run_0.csv,1200.0,0.01,0,0.8,0.04,0.8,0,4.75,0.0,0.0,0.0,0.0,1.0,0.0,2201.5
1200_dose_0.01_gradient_0_VconcST_0.04_Vconc_0.8_run_0.csv,1200.0,0.01,0,0.8,0.04,0.8,0,5.0,0.000778625,0.01,3.0325e-07,0.000778625,1.0,0.0,2277.51
1200_dose_0.01_gradient_0_VconcST_0.04_Vconc_0.8_run_0.csv,1200.0,0.01,0,0.8,0.04,0.8,0,5.25,0.0469344,0.00980181,1.82795e-05,0.0469344,1.0,0.00573865,2185.25
1200_dose_0.01_gradient_0_VconcST_0.04_Vconc_0.8_run_0.csv,1200.0,0.01,0,0.8,0.04,0.8,0,5.5,0.0920004,0.00960755,3.58313e-05,0.0920004,1.0,0.0112786,2167.18
1200_dose_0.01_gradient_0_VconcST_0.04_Vconc_0.8_run_0.csv,1200.0,0.01,0,0.8,0.04,0.8,0,5.75,0.135999,0.00941714,5.29673e-05,0.135999,1.0,0.0166281,2117.81
1200_dose_0.01_gradient_0_VconcST_0.04_Vconc_0.8_run_0.csv,1200.0,0.01,0,0.8,0.04,0.8,0,6.0,0.178951,0.00923051,6.9696e-05,0.178951,1.0,0.0217949,2231.08
1200_dose_0.01_gradient_0_VconcST_0.04_Vconc_0.8_run_0.csv,1200.0,0.01,0,0.8,0.04,0.8,0,6.25,0.22088,0.00904757,8.60258e-05,0.22088,1.0,0.0267864,2023.24
1200_dose_0.01_gradient_0_VconcST_0.04_Vconc_0.8_run_0.csv,1200.0,0.01,0,0.8,0.04,0.8,0,6.5,0.261805,0.00886825,0.000101965,0.261805,1.0,0.0316096,2118.89
1200_dose_0.01_gradient_0_VconcST_0.04_Vconc_0.8_run_0.csv,1200.0,0.01,0,0.8,0.04,0.8,0,6.75,0.301747,0.00869249,0.000117521,0.301747,1.0,0.036271,2079.39
1200_dose_0.01_gradient_0_VconcST_0.04_Vconc_0.8_run_0.csv,1200.0,0.01,0,0.8,0.04,0.8,0,7.0,0.340726,0.00852022,0.000132702,0.340726,1.0,0.040777,2057.98
1200_dose_0.01_gradient_0_VconcST_0.04_Vconc_0.8_run_0.csv,1200.0,0.01,0,0.8,0.04,0.8,0,7.25,0.378762,0.00835137,0.000147516,0.378762,1.0,0.0451337,2099.51
1200_dose_0.01_gradient_0_VconcST_0.04_Vconc_0.8_run_0.csv,1200.0,0.01,0,0.8,0.04,0.8,0,7.5,0.415875,0.00818586,0.00016197,0.415875,1.0,0.0493465,2022.16
1200_dose_0.01_gradient_0_VconcST_0.04_Vconc_0.8_run_0.csv,1200.0,0.01,0,0.8,0.04,0.8,0,7.75,0.452083,0.00802362,0.000176072,0.452083,1.0,0.053421,2111.17
1200_dose_0.01_gradient_0_VconcST_0.04_Vconc_0.8_run_0.csv,1200.0,0.01,0,0.8,0.04,0.8,0,8.0,0.487405,0.0078646,0.000189829,0.487405,1.0,0.0573623,2088.72
1200_dose_0.01_gradient_0_VconcST_0.04_Vconc_0.8_run_0.csv,1200.0,0.01,0,0.8,0.04,0.8,0,8.25,0.521859,0.00770874,0.000203248,0.521859,1.0,0.0611752,2036.74
1200_dose_0.01_gradient_0_VconcST_0.04_Vconc_0.8_run_0.csv,1200.0,0.01,0,0.8,0.04,0.8,0,8.5,0.555463,0.00755596,0.000216335,0.555463,1.0,0.0648644,1913.59
1200_dose_0.01_gradient_0_VconcST_0.04_Vconc_0.8_run_0.csv,1200.0,0.01,0,0.8,0.04,0.8,0,8.75,0.588234,0.00740621,0.000229099,0.588234,1.0,0.0684345,1976.17
1200_dose_0.01_gradient_0_VconcST_0.04_Vconc_0.8_run_0.csv,1200.0,0.01,0,0.8,0.04,0.8,0,9.0,0.62019,0.00725943,0.000241545,0.62019,1.0,0.0718895,2047.73
1200_dose_0.01_gradient_0_VconcST_0.04_Vconc_0.8_run_0.csv,1200.0,0.01,0,0.8,0.04,0.8,0,9.25,0.651347,0.00711555,0.000253679,0.651347,1.0,0.0752336,2050.31
1200_dose_0.01_gradient_0_VconcST_0.04_Vconc_0.8_run_0.csv,1200.0,0.01,0,0.8,0.04,0.8,0,9.5,0.681721,0.00697453,0.000265509,0.681721,1.0,0.0784707,1954.97
1200_dose_0.01_gradient_0_VconcST_0.04_Vconc_0.8_run_0.csv,1200.0,0.01,0,0.8,0.04,0.8,0,9.75,0.71133,0.0068363,0.000277041,0.71133,1.0,0.0816043,1933.65
1200_dose_0.01_gradient_0_VconcST_0.04_Vconc_0.8_run_0.csv,1200.0,0.01,0,0.8,0.04,0.8,0,10.0,0.740967,0.0167008,0.000288584,0.740967,1.0,0.0846381,1855.37
1200_dose_0.01_gradient_0_VconcST_0.04_Vconc_0.8_run_0.csv,1200.0,0.01,0,0.8,0.04,0.8,0,10.25,0.815246,0.0163698,0.000317513,0.815246,1.0,0.0923554,1910.84
1200_dose_0.01_gradient_0_VconcST_0.04_Vconc_0.8_run_0.csv,1200.0,0.01,0,0.8,0.04,0.8,0,10.5,0.887716,0.0160454,0.000345738,0.887716,1.0,0.0997604,1739.54
1200_dose_0.01_gradient_0_VconcST_0.04_Vconc_0.8_run_0.csv,1200.0,0.01,0,0.8,0.04,0.8,0,10.75,0.958415,0.0157274,0.000373273,0.958415,1.0,0.106869,1757.19
1200_dose_0.01_gradient_0_VconcST_0.04_Vconc_0.8_run_0.csv,1200.0,0.01,0,0.8,0.04,0.8,0,11.0,1.02738,0.0154157,0.000400131,1.02738,1.0,0.113695,1949.52
1200_dose_0.01_gradient_0_VconcST_0.04_Vconc_0.8_run_0.csv,1200.0,0.01,0,0.8,0.04,0.8,0,11.25,1.09464,0.0151102,0.000426327,1.09464,1.0,0.120254,2017.33
1200_dose_0.01_gradient_0_VconcST_0.04_Vconc_0.8_run_0.csv,1200.0,0.01,0,0.8,0.04,0.8,0,11.5,1.16023,0.0148107,0.000451875,1.16023,1.0,0.126557,1688.31
1200_dose_0.01_gradient_0_VconcST_0.04_Vconc_0.8_run_0.csv,1200.0,0.01,0,0.8,0.04,0.8,0,11.75,1.2242,0.0145172,0.000476787,1.2242,0.969792,0.132617,1449.52
1200_dose_0.01_gradient_0_VconcST_0.04_Vconc_0.8_run_0.csv,1200.0,0.01,0,0.8,0.04,0.8,0,12.0,1.28657,0.0142295,0.000501077,1.28657,0.916667,0.138445,1383.57
1200_dose_0.01_gradient_0_VconcST_0.04_Vconc_0.8_run_0.csv,1200.0,0.01,0,0.8,0.04,0.8,0,12.25,1.34737,0.0139475,0.000524758,1.34737,0.910417,0.144053,1366.26
1200_dose_0.01_gradient_0_VconcST_0.04_Vconc_0.8_run_0.csv,1200.0,0.01,0,0.8,0.04,0.8,0,12.5,1.40664,0.013671,0.000547842,1.40664,0.910417,0.149449,1298.31
1200_dose_0.01_gradient_0_VconcST_0.04_Vconc_0.8_run_0.csv,1200.0,0.01,0,0.8,0.04,0.8,0,12.75,1.46441,0.0134001,0.000570342,1.46441,0.875,0.154643,1215.32
1200_dose_0.01_gradient_0_VconcST_0.04_Vconc_0.8_run_0.csv,1200.0,0.01,0,0.8,0.04,0.8,0,13.0,1.52071,0.0131345,0.000592269,1.52071,0.8125,0.159645,1073.5
1200_dose_0.01_gradient_0_VconcST_0.04_Vconc_0.8_run_0.csv,1200.0,0.01,0,0.8,0.04,0.8,0,13.25,1.57557,0.0128742,0.000613636,1.57557,0.0,0.164462,1022.76
1200_dose_0.01_gradient_0_VconcST_0.04_Vconc_0.8_run_0.csv,1200.0,0.01,0,0.8,0.04,0.8,0,13.5,1.62902,0.0126191,0.000634453,1.62902,0.0,0.169102,991.344
1200_dose_0.01_gradient_0_VconcST_0.04_Vconc_0.8_run_0.csv,1200.0,0.01,0,0.8,0.04,0.8,0,13.75,1.68109,0.012369,0.000654734,1.68109,0.0,0.173574,1019.64
1200_dose_0.01_gradient_0_VconcST_0.04_Vconc_0.8_run_0.csv,1200.0,0.01,0,0.8,0.04,0.8,0,14.0,1.73181,0.0121238,0.000674487,1.73181,0.0,0.177883,1024.75
1200_dose_0.01_gradient_0_VconcST_0.04_Vconc_0.8_run_0.csv,1200.0,0.01,0,0.8,0.04,0.8,0,14.25,1.78121,0.0118835,0.000693725,1.78121,0.0,0.182037,981.725
1200_dose_0.01_gradient_0_VconcST_0.04_Vconc_0.8_run_0.csv,1200.0,0.01,0,0.8,0.04,0.8,0,14.5,1.82931,0.011648,0.000712458,1.82931,0.0,0.186042,1004.96
1200_dose_0.01_gradient_0_VconcST_0.04_Vconc_0.8_run_0.csv,1200.0,0.01,0,0.8,0.04,0.8,0,14.75,1.87613,0.0114172,0.000730696,1.87613,0.0,0.189903,942.47
1200_dose_0.01_gradient_0_VconcST_0.04_Vconc_0.8_run_0.csv,1200.0,0.01,0,0.8,0.04,0.8,0,15.0,1.9225,0.0211909,0.000748754,1.9225,0.0,0.193627,953.296
1200_dose_0.01_gradient_0_VconcST_0.04_Vconc_0.8_run_0.csv,1200.0,0.01,0,0.8,0.04,0.8,0,15.25,2.01302,0.0207709,0.00078401,2.01302,0.0,0.200922,847.875
1200_dose_0.01_gradient_0_VconcST_0.04_Vconc_0.8_run_0.csv,1200.0,0.01,0,0.8,0.04,0.8,0,15.5,2.10127,0.0203593,0.000818378,2.10127,0.0,0.207906,847.578
1200_dose_0.01_gradient_0_VconcST_0.04_Vconc_0.8_run_0.csv,1200.0,0.01,0,0.8,0.04,0.8,0,15.75,2.18727,0.0199558,0.000851876,2.18727,0.0,0.214597,865.614
1200_dose_0.01_gradient_0_VconcST_0.04_Vconc_0.8_run_0.csv,1200.0,0.01,0,0.8,0.04,0.8,0,16.0,2.27109,0.0195603,0.000884521,2.27109,0.0,0.221011,820.208
1200_dose_0.01_gradient_0_VconcST_0.04_Vconc_0.8_run_0.csv,1200.0,0.01,0,0.8,0.04,0.8,0,16.25,2.35277,0.0191726,0.000916331,2.35277,0.0,0.22716,818.537
1200_dose_0.01_gradient_0_VconcST_0.04_Vconc_0.8_run_0.csv,1200.0,0.01,0,0.8,0.04,0.8,0,16.5,2.43235,0.0187926,0.000947324,2.43235,0.0,0.233058,831.788
1200_dose_0.01_gradient_0_VconcST_0.04_Vconc_0.8_run_0.csv,1200.0,0.01,0,0.8,0.04,0.8,0,16.75,2.50987,0.0184202,0.000977516,2.50987,0.0,0.238718,810.26
1200_dose_0.01_gradient_0_VconcST_0.04_Vconc_0.8_run_0.csv,1200.0,0.01,0,0.8,0.04,0.8,0,17.0,2.58538,0.0180551,0.00100692,2.58538,0.0,0.244152,792.28
1200_dose_0.01_gradient_0_VconcST_0.04_Vconc_0.8_run_0.csv,1200.0,0.01,0,0.8,0.04,0.8,0,17.25,2.65891,0.0176973,0.00103556,2.65891,0.0,0.249369,796.131
1200_dose_0.01_gradient_0_VconcST_0.04_Vconc_0.8_run_0.csv,1200.0,0.01,0,0.8,0.04,0.8,0,17.5,2.73052,0.0173465,0.00106345,2.73052,0.0,0.254381,792.096
1200_dose_0.01_gradient_0_VconcST_0.04_Vconc_0.8_run_0.csv,1200.0,0.01,0,0.8,0.04,0.8,0,17.75,2.80024,0.0170028,0.00109061,2.80024,0.0,0.259197,782.565
1200_dose_0.01_gradient_0_VconcST_0.04_Vconc_0.8_run_0.csv,1200.0,0.01,0,0.8,0.04,0.8,0,18.0,2.8681,0.0166657,0.00111704,2.8681,0.0,0.263825,754.463
1200_dose_0.01_gradient_0_VconcST_0.04_Vconc_0.8_run_0.csv,1200.0,0.01,0,0.8,0.04,0.8,0,18.25,2.93415,0.0163354,0.00114276,2.93415,0.0,0.268275,807.483
1200_dose_0.01_gradient_0_VconcST_0.04_Vconc_0.8_run_0.csv,1200.0,0.01,0,0.8,0.04,0.8,0,18.5,2.99843,0.0160117,0.0011678,2.99843,0.0,0.272553,768.621
1200_dose_0.01_gradient_0_VconcST_0.04_Vconc_0.8_run_0.csv,1200.0,0.01,0,0.8,0.04,0.8,0,18.75,3.06097,0.0156944,0.00119215,3.06097,0.0,0.276669,776.243
1200_dose_0.01_gradient_0_VconcST_0.04_Vconc_0.8_run_0.csv,1200.0,0.01,0,0.8,0.04,0.8,0,19.0,3.1218,0.0153833,0.00121585,3.1218,0.0,0.280627,770.147
1200_dose_0.01_gradient_0_VconcST_0.04_Vconc_0.8_run_0.csv,1200.0,0.01,0,0.8,0.04,0.8,0,19.25,3.18097,0.0150784,0.00123889,3.18097,0.0,0.284437,780.632
1200_dose_0.01_gradient_0_VconcST_0.04_Vconc_0.8_run_0.csv,1200.0,0.01,0,0.8,0.04,0.8,0,19.5,3.23851,0.0147796,0.0012613,3.23851,0.0,0.288102,756.559
1200_dose_0.01_gradient_0_VconcST_0.04_Vconc_0.8_run_0.csv,1200.0,0.01,0,0.8,0.04,0.8,0,19.75,3.29445,0.0144867,0.00128309,3.29445,0.0,0.29163,773.713
1200_dose_0.01_gradient_0_VconcST_0.04_Vconc_0.8_run_0.csv,1200.0,0.01,0,0.8,0.04,0.8,0,20.0,3.34961,0.0241996,0.00130457,3.34961,0.0,0.295026,750.613
1200_dose_0.01_gradient_0_VconcST_0.04_Vconc_0.8_run_0.csv,1200.0,0.01,0,0.8,0.04,0.8,0,20.25,3.44861,0.02372,0.00134313,3.44861,0.0,0.301126,770.242
1200_dose_0.01_gradient_0_VconcST_0.04_Vconc_0.8_run_0.csv,1200.0,0.01,0,0.8,0.04,0.8,0,20.5,3.54502,0.0232499,0.00138068,3.54502,0.0,0.306965,747.774
1200_dose_0.01_gradient_0_VconcST_0.04_Vconc_0.8_run_0.csv,1200.0,0.01,0,0.8,0.04,0.8,0,20.75,3.63889,0.0227891,0.00141724,3.63889,0.0,0.312558,734.957
1200_dose_0.01_gradient_0_VconcST_0.04_Vconc_0.8_run_0.csv,1200.0,0.01,0,0.8,0.04,0.8,0,21.0,3.73029,0.0223374,0.00145283,3.73029,0.0,0.317917,759.871
1200_dose_0.01_gradient_0_VconcST_0.04_Vconc_0.8_run_0.csv,1200.0,0.01,0,0.8,0.04,0.8,0,21.25,3.81925,0.0218947,0.00148748,3.81925,0.0,0.323054,764.429
1200_dose_0.01_gradient_0_VconcST_0.04_Vconc_0.8_run_0.csv,1200.0,0.01,0,0.8,0.04,0.8,0,21.5,3.90583,0.0214608,0.0015212,3.90583,0.0,0.32798,724.58
1200_dose_0.01_gradient_0_VconcST_0.04_Vconc_0.8_run_0.csv,1200.0,0.01,0,0.8,0.04,0.8,0,21.75,3.99008,0.0210355,0.00155401,3.99008,0.0,0.332705,728.717
1200_dose_0.01_gradient_0_VconcST_0.04_Vconc_0.8_run_0.csv,1200.0,0.01,0,0.8,0.04,0.8,0,22.0,4.07205,0.0206186,0.00158594,4.07205,0.0,0.337238,728.869
1200_dose_0.01_gradient_0_VconcST_0.04_Vconc_0.8_run_0.csv,1200.0,0.01,0,0.8,0.04,0.8,0,22.25,4.15178,0.0202099,0.00161699,4.15178,0.0,0.341589,739.914
1200_dose_0.01_gradient_0_VconcST_0.04_Vconc_0.8_run_0.csv,1200.0,0.01,0,0.8,0.04,0.8,0,22.5,4.22932,0.0198094,0.00164719,4.22932,0.0,0.345766,695.116
1200_dose_0.01_gradient_0_VconcST_0.04_Vconc_0.8_run_0.csv,1200.0,0.01,0,0.8,0.04,0.8,0,22.75,4.30472,0.0194168,0.00167656,4.30472,0.0,0.349778,715.792
1200_dose_0.01_gradient_0_VconcST_0.04_Vconc_0.8_run_0.csv,1200.0,0.01,0,0.8,0.04,0.8,0,23.0,4.37803,0.019032,0.00170511,4.37803,0.0,0.353631,741.457
1200_dose_0.01_gradient_0_VconcST_0.04_Vconc_0.8_run_0.csv,1200.0,0.01,0,0.8,0.04,0.8,0,23.25,4.44928,0.0186548,0.00173286,4.44928,0.0,0.357332,694.484
1200_dose_0.01_gradient_0_VconcST_0.04_Vconc_0.8_run_0.csv,1200.0,0.01,0,0.8,0.04,0.8,0,23.5,4.51852,0.0182851,0.00175982,4.51852,0.0,0.360889,730.115
1200_dose_0.01_gradient_0_VconcST_0.04_Vconc_0.8_run_0.csv,1200.0,0.01,0,0.8,0.04,0.8,0,23.75,4.58578,0.0179227,0.00178602,4.58578,0.0,0.364306,706.595
1200_dose_0.01_gradient_0_VconcST_0.04_Vconc_0.8_run_0.csv,1200.0,0.01,0,0.8,0.04,0.8,0,24.0,4.65112,0.0175675,0.00181147,4.65112,0.0,0.367591,713.551
1200_dose_0.01_gradient_0_VconcST_0.04_Vconc_0.8_run_0.csv,1200.0,0.01,0,0.8,0.04,0.8,0,24.25,4.71458,0.0172193,0.00183618,4.71458,0.0,0.370749,686.746
1200_dose_0.01_gradient_0_VconcST_0.04_Vconc_0.8_run_0.csv,1200.0,0.01,0,0.8,0.04,0.8,0,24.5,4.77618,0.016878,0.00186017,4.77618,0.0,0.373785,703.287
1200_dose_0.01_gradient_0_VconcST_0.04_Vconc_0.8_run_0.csv,1200.0,0.01,0,0.8,0.04,0.8,0,24.75,4.83598,0.0165435,0.00188346,4.83598,0.0,0.376704,687.36
1200_dose_0.01_gradient_0_VconcST_0.04_Vconc_0.8_run_0.csv,1200.0,0.01,0,0.8,0.04,0.8,0,25.0,4.89478,0.0262156,0.00190637,4.89478,0.0,0.379511,701.748
1200_dose_0.01_gradient_0_VconcST_0.04_Vconc_0.8_run_0.csv,1200.0,0.01,0,0.8,0.04,0.8,0,25.25,4.99723,0.025696,0.00194627,4.99723,0.0,0.384404,679.97
1200_dose_0.01_gradient_0_VconcST_0.04_Vconc_0.8_run_0.csv,1200.0,0.01,0,0.8,0.04,0.8,0,25.5,5.09689,0.0251868,0.00198508,5.09689,0.0,0.389092,677.802
1200_dose_0.01_gradient_0_VconcST_0.04_Vconc_0.8_run_0.csv,1200.0,0.01,0,0.8,0.04,0.8,0,25.75,5.19382,0.0246876,0.00202283,5.19382,0.0,0.393582,668.414
1200_dose_0.01_gradient_0_VconcST_0.04_Vconc_0.8_run_0.csv,1200.0,0.01,0,0.8,0.04,0.8,0,26.0,5.28808,0.0241983,0.00205954,5.28808,0.0,0.397887,660.455
1200_dose_0.01_gradient_0_VconcST_0.04_Vconc_0.8_run_0.csv,1200.0,0.01,0,0.8,0.04,0.8,0,26.25,5.37973,0.0237187,0.00209524,5.37973,0.0,0.402013,689.178
1200_dose_0.01_gradient_0_VconcST_0.04_Vconc_0.8_run_0.csv,1200.0,0.01,0,0.8,0.04,0.8,0,26.5,5.46881,0.0232487,0.00212993,5.46881,0.0,0.405971,670.489
1200_dose_0.01_gradient_0_VconcST_0.04_Vconc_0.8_run_0.csv,1200.0,0.01,0,0.8,0.04,0.8,0,26.75,5.55539,0.0227879,0.00216365,5.55539,0.0,0.409767,667.391
1200_dose_0.01_gradient_0_VconcST_0.04_Vconc_0.8_run_0.csv,1200.0,0.01,0,0.8,0.04,0.8,0,27.0,5.63951,0.0223363,0.00219641,5.63951,0.0,0.413409,686.953
1200_dose_0.01_gradient_0_VconcST_0.04_Vconc_0.8_run_0.csv,1200.0,0.01,0,0.8,0.04,0.8,0,27.25,5.72122,0.0218936,0.00222824,5.72122,0.0,0.416904,649.835
1200_dose_0.01_gradient_0_VconcST_0.04_Vconc_0.8_run_0.csv,1200.0,0.01,0,0.8,0.04,0.8,0,27.5,5.80059,0.0214597,0.00225915,5.80059,0.0,0.42026,658.114
1200_dose_0.01_gradient_0_VconcST_0.04_Vconc_0.8_run_0.csv,1200.0,0.01,0,0.8,0.04,0.8,0,27.75,5.87765,0.0210344,0.00228916,5.87765,0.0,0.423481,643.545
1200_dose_0.01_gradient_0_VconcST_0.04_Vconc_0.8_run_0.csv,1200.0,0.01,0,0.8,0.04,0.8,0,28.0,5.95245,0.0206175,0.0023183,5.95245,0.0,0.426574,649.569
1200_dose_0.01_gradient_0_VconcST_0.04_Vconc_0.8_run_0.csv,1200.0,0.01,0,0.8,0.04,0.8,0,28.25,6.02505,0.0202089,0.00234657,6.02505,0.0,0.429544,639.431
1200_dose_0.01_gradient_0_VconcST_0.04_Vconc_0.8_run_0.csv,1200.0,0.01,0,0.8,0.04,0.8,0,28.5,6.09548,0.0198084,0.002374,6.09548,0.0,0.432396,644.727
1200_dose_0.01_gradient_0_VconcST_0.04_Vconc_0.8_run_0.csv,1200.0,0.01,0,0.8,0.04,0.8,0,28.75,6.1638,0.0194158,0.00240061,6.1638,0.0,0.435135,639.903
1200_dose_0.01_gradient_0_VconcST_0.04_Vconc_0.8_run_0.csv,1200.0,0.01,0,0.8,0.04,0.8,0,29.0,6.23005,0.019031,0.00242641,6.23005,0.0,0.437767,637.988
1200_dose_0.01_gradient_0_VconcST_0.04_Vconc_0.8_run_0.csv,1200.0,0.01,0,0.8,0.04,0.8,0,29.25,6.29427,0.0186538,0.00245142,6.29427,0.0,0.440294,648.039
1200_dose_0.01_gradient_0_VconcST_0.04_Vconc_0.8_run_0.csv,1200.0,0.01,0,0.8,0.04,0.8,0,29.5,6.35651,0.0182841,0.00247566,6.35651,0.0,0.442722,618.151
1200_dose_0.01_gradient_0_VconcST_0.04_Vconc_0.8_run_0.csv,1200.0,0.01,0,0.8,0.04,0.8,0,29.75,6.4168,0.0179218,0.00249915,6.4168,0.0,0.445054,625.954
1200_dose_0.01_gradient_0_VconcST_0.04_Vconc_0.8_run_0.csv,1200.0,0.01,0,0.8,0.04,0.8,0,30.0,6.47597,0.0275666,0.00252219,6.47597,0.0,0.447294,642.536
1200_dose_0.01_gradient_0_VconcST_0.04_Vconc_0.8_run_0.csv,1200.0,0.01,0,0.8,0.04,0.8,0,30.25,6.57866,0.0270202,0.00256218,6.57866,0.0,0.451189,642.298
1200_dose_0.01_gradient_0_VconcST_0.04_Vconc_0.8_run_0.csv,1200.0,0.01,0,0.8,0.04,0.8,0,30.5,6.67844,0.0264847,0.00260105,6.67844,0.0,0.454922,622.794
1200_dose_0.01_gradient_0_VconcST_0.04_Vconc_0.8_run_0.csv,1200.0,0.01,0,0.8,0.04,0.8,0,30.75,6.77537,0.0259598,0.00263879,6.77537,0.0,0.4585,615.003
1200_dose_0.01_gradient_0_VconcST_0.04_Vconc_0.8_run_0.csv,1200.0,0.01,0,0.8,0.04,0.8,0,31.0,6.8695,0.0254453,0.00267546,6.8695,0.0,0.46193,619.659
1200_dose_0.01_gradient_0_VconcST_0.04_Vconc_0.8_run_0.csv,1200.0,0.01,0,0.8,0.04,0.8,0,31.25,6.96091,0.024941,0.00271106,6.96091,0.0,0.465219,612.871
1200_dose_0.01_gradient_0_VconcST_0.04_Vconc_0.8_run_0.csv,1200.0,0.01,0,0.8,0.04,0.8,0,31.5,7.04964,0.0244467,0.00274562,7.04964,0.0,0.468374,606.992
1200_dose_0.01_gradient_0_VconcST_0.04_Vconc_0.8_run_0.csv,1200.0,0.01,0,0.8,0.04,0.8,0,31.75,7.13575,0.0239622,0.00277915,7.13575,0.0,0.471401,611.18
1200_dose_0.01_gradient_0_VconcST_0.04_Vconc_0.8_run_0.csv,1200.0,0.01,0,0.8,0.04,0.8,0,32.0,7.2193,0.0234873,0.00281169,7.2193,0.0,0.474304,621.026
1200_dose_0.01_gradient_0_VconcST_0.04_Vconc_0.8_run_0.csv,1200.0,0.01,0,0.8,0.04,0.8,0,32.25,7.30034,0.0230218,0.00284326,7.30034,0.0,0.47709,613.846
1200_dose_0.01_gradient_0_VconcST_0.04_Vconc_0.8_run_0.csv,1200.0,0.01,0,0.8,0.04,0.8,0,32.5,7.37893,0.0225656,0.00287386,7.37893,0.0,0.479764,611.124
1200_dose_0.01_gradient_0_VconcST_0.04_Vconc_0.8_run_0.csv,1200.0,0.01,0,0.8,0.04,0.8,0,32.75,7.45511,0.0221183,0.00290353,7.45511,0.0,0.48233,612.779
1200_dose_0.01_gradient_0_VconcST_0.04_Vconc_0.8_run_0.csv,1200.0,0.01,0,0.8,0.04,0.8,0,33.0,7.52894,0.02168,0.00293229,7.52894,0.0,0.484793,603.034
1200_dose_0.01_gradient_0_VconcST_0.04_Vconc_0.8_run_0.csv,1200.0,0.01,0,0.8,0.04,0.8,0,33.25,7.60046,0.0212503,0.00296014,7.60046,0.0,0.487156,600.118
1200_dose_0.01_gradient_0_VconcST_0.04_Vconc_0.8_run_0.csv,1200.0,0.01,0,0.8,0.04,0.8,0,33.5,7.66973,0.0208291,0.00298712,7.66973,0.0,0.489424,602.548
1200_dose_0.01_gradient_0_VconcST_0.04_Vconc_0.8_run_0.csv,1200.0,0.01,0,0.8,0.04,0.8,0,33.75,7.73679,0.0204163,0.00301324,7.73679,0.0,0.491602,589.071
1200_dose_0.01_gradient_0_VconcST_0.04_Vconc_0.8_run_0.csv,1200.0,0.01,0,0.8,0.04,0.8,0,34.0,7.80169,0.0200117,0.00303852,7.80169,0.0,0.493691,577.417
1200_dose_0.01_gradient_0_VconcST_0.04_Vconc_0.8_run_0.csv,1200.0,0.01,0,0.8,0.04,0.8,0,34.25,7.86448,0.0196151,0.00306297,7.86448,0.0,0.495696,588.102
1200_dose_0.01_gradient_0_VconcST_0.04_Vconc_0.8_run_0.csv,1200.0,0.01,0,0.8,0.04,0.8,0,34.5,7.9252,0.0192263,0.00308662,7.9252,0.0,0.49762,589.847
1200_dose_0.01_gradient_0_VconcST_0.04_Vconc_0.8_run_0.csv,1200.0,0.01,0,0.8,0.04,0.8,0,34.75,7.9839,0.0188453,0.00310948,7.9839,0.0,0.499466,568.298
1200_dose_0.01_gradient_0_VconcST_0.04_Vconc_0.8_run_0.csv,1200.0,0.01,0,0.8,0.04,0.8,0,35.0,8.04139,0.0284718,0.00313187,8.04139,0.0,0.501237,560.526
1200_dose_0.01_gradient_0_VconcST_0.04_Vconc_0.8_run_0.csv,1200.0,0.01,0,0.8,0.04,0.8,0,35.25,8.14232,0.0279075,0.00317118,8.14232,0.0,0.504357,589.122
1200_dose_0.01_gradient_0_VconcST_0.04_Vconc_0.8_run_0.csv,1200.0,0.01,0,0.8,0.04,0.8,0,35.5,8.24026,0.0273544,0.00320933,8.24026,0.0,0.507348,571.467
1200_dose_0.01_gradient_0_VconcST_0.04_Vconc_0.8_run_0.csv,1200.0,0.01,0,0.8,0.04,0.8,0,35.75,8.33528,0.0268123,0.00324633,8.33528,0.0,0.510216,576.206
1200_dose_0.01_gradient_0_VconcST_0.04_Vconc_0.8_run_0.csv,1200.0,0.01,0,0.8,0.04,0.8,0,36.0,8.42744,0.0262809,0.00328223,8.42744,0.0,0.512965,574.086
1200_dose_0.01_gradient_0_VconcST_0.04_Vconc_0.8_run_0.csv,1200.0,0.01,0,0.8,0.04,0.8,0,36.25,8.51679,0.0257601,0.00331703,8.51679,0.0,0.515601,551.342
1200_dose_0.01_gradient_0_VconcST_0.04_Vconc_0.8_run_0.csv,1200.0,0.01,0,0.8,0.04,0.8,0,36.5,8.6034,0.0252495,0.00335076,8.6034,0.0,0.51813,567.465
1200_dose_0.01_gradient_0_VconcST_0.04_Vconc_0.8_run_0.csv,1200.0,0.01,0,0.8,0.04,0.8,0,36.75,8.68733,0.0247491,0.00338345,8.68733,0.0,0.520555,546.779
1200_dose_0.01_gradient_0_VconcST_0.04_Vconc_0.8_run_0.csv,1200.0,0.01,0,0.8,0.04,0.8,0,37.0,8.76863,0.0242586,0.00341511,8.76863,0.0,0.522881,570.332
1200_dose_0.01_gradient_0_VconcST_0.04_Vconc_0.8_run_0.csv,1200.0,0.01,0,0.8,0.04,0.8,0,37.25,8.84735,0.0237778,0.00344577,8.84735,0.0,0.525111,547.346
1200_dose_0.01_gradient_0_VconcST_0.04_Vconc_0.8_run_0.csv,1200.0,0.01,0,0.8,0.04,0.8,0,37.5,8.92356,0.0233066,0.00347545,8.92356,0.0,0.527251,559.703
1200_dose_0.01_gradient_0_VconcST_0.04_Vconc_0.8_run_0.csv,1200.0,0.01,0,0.8,0.04,0.8,0,37.75,8.99729,0.0228447,0.00350417,8.99729,0.0,0.529303,548.204
1200_dose_0.01_gradient_0_VconcST_0.04_Vconc_0.8_run_0.csv,1200.0,0.01,0,0.8,0.04,0.8,0,38.0,9.06863,0.0223919,0.00353195,9.06863,0.0,0.531272,552.312
1200_dose_0.01_gradient_0_VconcST_0.04_Vconc_0.8_run_0.csv,1200.0,0.01,0,0.8,0.04,0.8,0,38.25,9.1376,0.0219481,0.00355881,9.1376,0.0,0.533159,558.969
1200_dose_0.01_gradient_0_VconcST_0.04_Vconc_0.8_run_0.csv,1200.0,0.01,0,0.8,0.04,0.8,0,38.5,9.20426,0.0215132,0.00358478,9.20426,0.0,0.534969,542.148
1200_dose_0.01_gradient_0_VconcST_0.04_Vconc_0.8_run_0.csv,1200.0,0.01,0,0.8,0.04,0.8,0,38.75,9.26866,0.0210868,0.00360986,9.26866,0.0,0.536705,541.472
1200_dose_0.01_gradient_0_VconcST_0.04_Vconc_0.8_run_0.csv,1200.0,0.01,0,0.8,0.04,0.8,0,39.0,9.33085,0.0206689,0.00363408,9.33085,0.0,0.538368,542.124
1200_dose_0.01_gradient_0_VconcST_0.04_Vconc_0.8_run_0.csv,1200.0,0.01,0,0.8,0.04,0.8,0,39.25,9.39087,0.0202592,0.00365745,9.39087,0.0,0.539963,537.763
1200_dose_0.01_gradient_0_VconcST_0.04_Vconc_0.8_run_0.csv,1200.0,0.01,0,0.8,0.04,0.8,0,39.5,9.44878,0.0198577,0.00368001,9.44878,0.0,0.54149,530.373
1200_dose_0.01_gradient_0_VconcST_0.04_Vconc_0.8_run_0.csv,1200.0,0.01,0,0.8,0.04,0.8,0,39.75,9.50461,0.0194642,0.00370175,9.50461,0.0,0.542954,561.012
1200_dose_0.01_gradient_0_VconcST_0.04_Vconc_0.8_run_0.csv,1200.0,0.01,0,0.8,0.04,0.8,0,40.0,9.55919,0.0290784,0.00372301,9.55919,0.0,0.544355,530.794
1200_dose_0.01_gradient_0_VconcST_0.04_Vconc_0.8_run_0.csv,1200.0,0.01,0,0.8,0.04,0.8,0,40.25,9.65717,0.0285021,0.00376117,9.65717,0.0,0.546885,537.523
1200_dose_0.01_gradient_0_VconcST_0.04_Vconc_0.8_run_0.csv,1200.0,0.01,0,0.8,0.04,0.8,0,40.5,9.75211,0.0279372,0.00379815,9.75211,0.0,0.54931,535.781
1200_dose_0.01_gradient_0_VconcST_0.04_Vconc_0.8_run_0.csv,1200.0,0.01,0,0.8,0.04,0.8,0,40.75,9.84409,0.0273835,0.00383397,9.84409,0.0,0.551634,536.115
1200_dose_0.01_gradient_0_VconcST_0.04_Vconc_0.8_run_0.csv,1200.0,0.01,0,0.8,0.04,0.8,0,41.0,9.93316,0.0268408,0.00386866,9.93316,0.0,0.553863,545.441
1200_dose_0.01_gradient_0_VconcST_0.04_Vconc_0.8_run_0.csv,1200.0,0.01,0,0.8,0.04,0.8,0,41.25,10.0194,0.0263089,0.00390224,10.0194,0.0,0.555999,530.694
1200_dose_0.01_gradient_0_VconcST_0.04_Vconc_0.8_run_0.csv,1200.0,0.01,0,0.8,0.04,0.8,0,41.5,10.1028,0.0257875,0.00393474,10.1028,0.0,0.558047,528.136
1200_dose_0.01_gradient_0_VconcST_0.04_Vconc_0.8_run_0.csv,1200.0,0.01,0,0.8,0.04,0.8,0,41.75,10.1836,0.0252764,0.00396618,10.1836,0.0,0.56001,507.778
1200_dose_0.01_gradient_0_VconcST_0.04_Vconc_0.8_run_0.csv,1200.0,0.01,0,0.8,0.04,0.8,0,42.0,10.2616,0.0247754,0.00399658,10.2616,0.0,0.561892,535.337
1200_dose_0.01_gradient_0_VconcST_0.04_Vconc_0.8_run_0.csv,1200.0,0.01,0,0.8,0.04,0.8,0,42.25,10.3371,0.0242844,0.00402597,10.3371,0.0,0.563696,555.282
1200_dose_0.01_gradient_0_VconcST_0.04_Vconc_0.8_run_0.csv,1200.0,0.01,0,0.8,0.04,0.8,0,42.5,10.41,0.0238031,0.00405436,10.41,0.0,0.565425,509.779
1200_dose_0.01_gradient_0_VconcST_0.04_Vconc_0.8_run_0.csv,1200.0,0.01,0,0.8,0.04,0.8,0,42.75,10.4804,0.0233314,0.00408178,10.4804,0.0,0.567081,512.32
1200_dose_0.01_gradient_0_VconcST_0.04_Vconc_0.8_run_0.csv,1200.0,0.01,0,0.8,0.04,0.8,0,43.0,10.5483,0.022869,0.00410824,10.5483,0.0,0.568668,518.091
1200_dose_0.01_gradient_0_VconcST_0.04_Vconc_0.8_run_0.csv,1200.0,0.01,0,0.8,0.04,0.8,0,43.25,10.6139,0.0224157,0.00413378,10.6139,0.0,0.570188,519.464
1200_dose_0.01_gradient_0_VconcST_0.04_Vconc_0.8_run_0.csv,1200.0,0.01,0,0.8,0.04,0.8,0,43.5,10.6771,0.0219715,0.0041584,10.6771,0.0,0.571644,504.014
1200_dose_0.01_gradient_0_VconcST_0.04_Vconc_0.8_run_0.csv,1200.0,0.01,0,0.8,0.04,0.8,0,43.75,10.738,0.021536,0.00418213,10.738,0.0,0.573038,519.202
1200_dose_0.01_gradient_0_VconcST_0.04_Vconc_0.8_run_0.csv,1200.0,0.01,0,0.8,0.04,0.8,0,44.0,10.7967,0.0211092,0.00420499,10.7967,0.0,0.574372,517.476
1200_dose_0.01_gradient_0_VconcST_0.04_Vconc_0.8_run_0.csv,1200.0,0.01,0,0.8,0.04,0.8,0,44.25,10.8532,0.0206909,0.00422699,10.8532,0.0,0.575648,515.464
1200_dose_0.01_gradient_0_VconcST_0.04_Vconc_0.8_run_0.csv,1200.0,0.01,0,0.8,0.04,0.8,0,44.5,10.9076,0.0202808,0.00424816,10.9076,0.0,0.576869,499.952
1200_dose_0.01_gradient_0_VconcST_0.04_Vconc_0.8_run_0.csv,1200.0,0.01,0,0.8,0.04,0.8,0,44.75,10.9598,0.0198788,0.00426851,10.9598,0.0,0.578036,500.464
1200_dose_0.01_gradient_0_VconcST_0.04_Vconc_0.8_run_0.csv,1200.0,0.01,0,0.8,0.04,0.8,0,45.0,11.0108,0.0294849,0.00428837,11.0108,0.0,0.579151,509.223
1200_dose_0.01_gradient_0_VconcST_0.04_Vconc_0.8_run_0.csv,1200.0,0.01,0,0.8,0.04,0.8,0,45.25,11.1051,0.0289005,0.00432511,11.1051,0.0,0.581231,502.845
1200_dose_0.01_gradient_0_VconcST_0.04_Vconc_0.8_run_0.csv,1200.0,0.01,0,0.8,0.04,0.8,0,45.5,11.1964,0.0283277,0.00436067,11.1964,0.0,0.583224,511.128
1200_dose_0.01_gradient_0_VconcST_0.04_Vconc_0.8_run_0.csv,1200.0,0.01,0,0.8,0.04,0.8,0,45.75,11.2847,0.0277663,0.00439506,11.2847,0.0,0.585133,495.69
1200_dose_0.01_gradient_0_VconcST_0.04_Vconc_0.8_run_0.csv,1200.0,0.01,0,0.8,0.04,0.8,0,46.0,11.3701,0.027216,0.00442831,11.3701,0.0,0.586963,494.367
1200_dose_0.01_gradient_0_VconcST_0.04_Vconc_0.8_run_0.csv,1200.0,0.01,0,0.8,0.04,0.8,0,46.25,11.4526,0.0266766,0.00446044,11.4526,0.0,0.588716,493.912
1200_dose_0.01_gradient_0_VconcST_0.04_Vconc_0.8_run_0.csv,1200.0,0.01,0,0.8,0.04,0.8,0,46.5,11.5323,0.0261479,0.00449149,11.5323,0.0,0.590395,498.985
1200_dose_0.01_gradient_0_VconcST_0.04_Vconc_0.8_run_0.csv,1200.0,0.01,0,0.8,0.04,0.8,0,46.75,11.6093,0.0256297,0.00452146,11.6093,0.0,0.592004,498.496
1200_dose_0.01_gradient_0_VconcST_0.04_Vconc_0.8_run_0.csv,1200.0,0.01,0,0.8,0.04,0.8,0,47.0,11.6836,0.0251217,0.0045504,11.6836,0.0,0.593545,489.558
1200_dose_0.01_gradient_0_VconcST_0.04_Vconc_0.8_run_0.csv,1200.0,0.01,0,0.8,0.04,0.8,0,47.25,11.7552,0.0246239,0.0045783,11.7552,0.0,0.59502,483.656
1200_dose_0.01_gradient_0_VconcST_0.04_Vconc_0.8_run_0.csv,1200.0,0.01,0,0.8,0.04,0.8,0,47.5,11.8243,0.0241358,0.00460521,11.8243,0.0,0.596432,481.264
1200_dose_0.01_gradient_0_VconcST_0.04_Vconc_0.8_run_0.csv,1200.0,0.01,0,0.8,0.04,0.8,0,47.75,11.8909,0.0236575,0.00463114,11.8909,0.0,0.597784,481.311
1200_dose_0.01_gradient_0_VconcST_0.04_Vconc_0.8_run_0.csv,1200.0,0.01,0,0.8,0.04,0.8,0,48.0,11.955,0.0231886,0.00465611,11.955,0.0,0.599077,494.471
1200_dose_0.01_gradient_0_VconcST_0.04_Vconc_0.8_run_0.csv,1200.0,0.01,0,0.8,0.04,0.8,0,48.25,12.0167,0.0227291,0.00468014,12.0167,0.0,0.600314,472.168
1200_dose_0.01_gradient_0_VconcST_0.04_Vconc_0.8_run_0.csv,1200.0,0.01,0,0.8,0.04,0.8,0,48.5,12.0761,0.0222786,0.00470326,12.0761,0.0,0.601497,477.579
1200_dose_0.01_gradient_0_VconcST_0.04_Vconc_0.8_run_0.csv,1200.0,0.01,0,0.8,0.04,0.8,0,48.75,12.1331,0.0218371,0.00472548,12.1331,0.0,0.602626,476.836
1200_dose_0.01_gradient_0_VconcST_0.04_Vconc_0.8_run_0.csv,1200.0,0.01,0,0.8,0.04,0.8,0,49.0,12.1879,0.0214043,0.00474681,12.1879,0.0,0.603706,473.284
1200_dose_0.01_gradient_0_VconcST_0.04_Vconc_0.8_run_0.csv,1200.0,0.01,0,0.8,0.04,0.8,0,49.25,12.2405,0.0209801,0.00476729,12.2405,0.0,0.604736,478.817
1200_dose_0.01_gradient_0_VconcST_0.04_Vconc_0.8_run_0.csv,1200.0,0.01,0,0.8,0.04,0.8,0,49.5,12.2909,0.0205643,0.00478693,12.2909,0.0,0.605719,472.71
1200_dose_0.01_gradient_0_VconcST_0.04_Vconc_0.8_run_0.csv,1200.0,0.01,0,0.8,0.04,0.8,0,49.75,12.3392,0.0201567,0.00480575,12.3392,0.0,0.606656,473.166
1200_dose_0.01_gradient_0_VconcST_0.04_Vconc_0.8_run_0.csv,1200.0,0.01,0,0.8,0.04,0.8,0,50.0,12.3863,0.0297572,0.00482407,12.3863,0.0,0.60755,463.972
1200_dose_0.01_gradient_0_VconcST_0.04_Vconc_0.8_run_0.csv,1200.0,0.01,0,0.8,0.04,0.8,0,50.25,12.4767,0.0291675,0.00485927,12.4767,0.0,0.609283,471.088
1200_dose_0.01_gradient_0_VconcST_0.04_Vconc_0.8_run_0.csv,1200.0,0.01,0,0.8,0.04,0.8,0,50.5,12.564,0.0285894,0.00489328,12.564,0.0,0.610943,459.433
1200_dose_0.01_gradient_0_VconcST_0.04_Vconc_0.8_run_0.csv,1200.0,0.01,0,0.8,0.04,0.8,0,50.75,12.6483,0.0280228,0.00492612,12.6483,0.0,0.612533,461.124
1200_dose_0.01_gradient_0_VconcST_0.04_Vconc_0.8_run_0.csv,1200.0,0.01,0,0.8,0.04,0.8,0,51.0,12.7297,0.0274674,0.00495782,12.7297,0.0,0.614055,459.037
1200_dose_0.01_gradient_0_VconcST_0.04_Vconc_0.8_run_0.csv,1200.0,0.01,0,0.8,0.04,0.8,0,51.25,12.8082,0.026923,0.0049884,12.8082,0.0,0.615513,460.263
1200_dose_0.01_gradient_0_VconcST_0.04_Vconc_0.8_run_0.csv,1200.0,0.01,0,0.8,0.04,0.8,0,51.5,12.8839,0.0263895,0.00501789,12.8839,0.0,0.616907,467.551
1200_dose_0.01_gradient_0_VconcST_0.04_Vconc_0.8_run_0.csv,1200.0,0.01,0,0.8,0.04,0.8,0,51.75,12.9569,0.0258665,0.0050463,12.9569,0.0,0.618242,465.244
1200_dose_0.01_gradient_0_VconcST_0.04_Vconc_0.8_run_0.csv,1200.0,0.01,0,0.8,0.04,0.8,0,52.0,13.0271,0.0253538,0.00507367,13.0271,0.0,0.619519,452.087
1200_dose_0.01_gradient_0_VconcST_0.04_Vconc_0.8_run_0.csv,1200.0,0.01,0,0.8,0.04,0.8,0,52.25,13.0948,0.0248513,0.00510001,13.0948,0.0,0.620739,458.371
1200_dose_0.01_gradient_0_VconcST_0.04_Vconc_0.8_run_0.csv,1200.0,0.01,0,0.8,0.04,0.8,0,52.5,13.1598,0.0243588,0.00512535,13.1598,0.0,0.621906,462.92
1200_dose_0.01_gradient_0_VconcST_0.04_Vconc_0.8_run_0.csv,1200.0,0.01,0,0.8,0.04,0.8,0,52.75,13.2224,0.023876,0.0051497,13.2224,0.0,0.623021,456.298
1200_dose_0.01_gradient_0_VconcST_0.04_Vconc_0.8_run_0.csv,1200.0,0.01,0,0.8,0.04,0.8,0,53.0,13.2824,0.0234029,0.0051731,13.2824,0.0,0.624086,455.161
1200_dose_0.01_gradient_0_VconcST_0.04_Vconc_0.8_run_0.csv,1200.0,0.01,0,0.8,0.04,0.8,0,53.25,13.3401,0.022939,0.00519556,13.3401,0.0,0.625102,464.8
1200_dose_0.01_gradient_0_VconcST_0.04_Vconc_0.8_run_0.csv,1200.0,0.01,0,0.8,0.04,0.8,0,53.5,13.3954,0.0224844,0.00521709,13.3954,0.0,0.626072,461.634
1200_dose_0.01_gradient_0_VconcST_0.04_Vconc_0.8_run_0.csv,1200.0,0.01,0,0.8,0.04,0.8,0,53.75,13.4484,0.0220388,0.00523773,13.4484,0.0,0.626997,452.203
1200_dose_0.01_gradient_0_VconcST_0.04_Vconc_0.8_run_0.csv,1200.0,0.01,0,0.8,0.04,0.8,0,54.0,13.4991,0.021602,0.00525749,13.4991,0.0,0.627877,444.21
1200_dose_0.01_gradient_0_VconcST_0.04_Vconc_0.8_run_0.csv,1200.0,0.01,0,0.8,0.04,0.8,0,54.25,13.5476,0.0211739,0.00527639,13.5476,0.0,0.628716,465.031
1200_dose_0.01_gradient_0_VconcST_0.04_Vconc_0.8_run_0.csv,1200.0,0.01,0,0.8,0.04,0.8,0,54.5,13.594,0.0207542,0.00529444,13.594,0.0,0.629514,449.559
1200_dose_0.01_gradient_0_VconcST_0.04_Vconc_0.8_run_0.csv,1200.0,0.01,0,0.8,0.04,0.8,0,54.75,13.6383,0.0203429,0.00531168,13.6383,0.0,0.630272,443.243
1200_dose_0.01_gradient_0_VconcST_0.04_Vconc_0.8_run_0.csv,1200.0,0.01,0,0.8,0.04,0.8,0,55.0,13.6812,0.0299397,0.00532841,13.6812,0.0,0.630992,454.45
1200_dose_0.01_gradient_0_VconcST_0.04_Vconc_0.8_run_0.csv,1200.0,0.01,0,0.8,0.04,0.8,0,55.25,13.7675,0.0293464,0.00536203,13.7675,0.0,0.632457,451.457
1200_dose_0.01_gradient_0_VconcST_0.04_Vconc_0.8_run_0.csv,1200.0,0.01,0,0.8,0.04,0.8,0,55.5,13.8508,0.0287648,0.00539446,13.8508,0.0,0.633858,436.486
1200_dose_0.01_gradient_0_VconcST_0.04_Vconc_0.8_run_0.csv,1200.0,0.01,0,0.8,0.04,0.8,0,55.75,13.9311,0.0281947,0.00542571,13.9311,0.0,0.635199,445.603
1200_dose_0.01_gradient_0_VconcST_0.04_Vconc_0.8_run_0.csv,1200.0,0.01,0,0.8,0.04,0.8,0,56.0,14.0084,0.0276359,0.00545583,14.0084,0.0,0.636481,454.068
1200_dose_0.01_gradient_0_VconcST_0.04_Vconc_0.8_run_0.csv,1200.0,0.01,0,0.8,0.04,0.8,0,56.25,14.0828,0.0270882,0.00548482,14.0828,0.0,0.637708,442.987
1200_dose_0.01_gradient_0_VconcST_0.04_Vconc_0.8_run_0.csv,1200.0,0.01,0,0.8,0.04,0.8,0,56.5,14.1545,0.0265513,0.00551272,14.1545,0.0,0.63888,443.858
1200_dose_0.01_gradient_0_VconcST_0.04_Vconc_0.8_run_0.csv,1200.0,0.01,0,0.8,0.04,0.8,0,56.75,14.2233,0.0260251,0.00553955,14.2233,0.0,0.64,443.007
1200_dose_0.01_gradient_0_VconcST_0.04_Vconc_0.8_run_0.csv,1200.0,0.01,0,0.8,0.04,0.8,0,57.0,14.2895,0.0255093,0.00556533,14.2895,0.0,0.64107,432.263
1200_dose_0.01_gradient_0_VconcST_0.04_Vconc_0.8_run_0.csv,1200.0,0.01,0,0.8,0.04,0.8,0,57.25,14.3531,0.0250038,0.00559009,14.3531,0.0,0.642091,440.393
1200_dose_0.01_gradient_0_VconcST_0.04_Vconc_0.8_run_0.csv,1200.0,0.01,0,0.8,0.04,0.8,0,57.5,14.4141,0.0245082,0.00561384,14.4141,0.0,0.643066,433.474
1200_dose_0.01_gradient_0_VconcST_0.04_Vconc_0.8_run_0.csv,1200.0,0.01,0,0.8,0.04,0.8,0,57.75,14.4726,0.0240225,0.00563661,14.4726,0.0,0.643995,424.616
1200_dose_0.01_gradient_0_VconcST_0.04_Vconc_0.8_run_0.csv,1200.0,0.01,0,0.8,0.04,0.8,0,58.0,14.5286,0.0235464,0.00565843,14.5286,0.0,0.644881,439.599
1200_dose_0.01_gradient_0_VconcST_0.04_Vconc_0.8_run_0.csv,1200.0,0.01,0,0.8,0.04,0.8,0,58.25,14.5822,0.0230797,0.0056793,14.5822,0.0,0.645724,426.327
1200_dose_0.01_gradient_0_VconcST_0.04_Vconc_0.8_run_0.csv,1200.0,0.01,0,0.8,0.04,0.8,0,58.5,14.6334,0.0226223,0.00569927,14.6334,0.0,0.646527,435.781
1200_dose_0.01_gradient_0_VconcST_0.04_Vconc_0.8_run_0.csv,1200.0,0.01,0,0.8,0.04,0.8,0,58.75,14.6824,0.022174,0.00571832,14.6824,0.0,0.647291,432.207
1200_dose_0.01_gradient_0_VconcST_0.04_Vconc_0.8_run_0.csv,1200.0,0.01,0,0.8,0.04,0.8,0,59.0,14.729,0.0217345,0.0057365,14.729,0.0,0.648016,431.988
1200_dose_0.01_gradient_0_VconcST_0.04_Vconc_0.8_run_0.csv,1200.0,0.01,0,0.8,0.04,0.8,0,59.25,14.7735,0.0213038,0.00575382,14.7735,0.0,0.648704,421.846
1200_dose_0.01_gradient_0_VconcST_0.04_Vconc_0.8_run_0.csv,1200.0,0.01,0,0.8,0.04,0.8,0,59.5,14.8158,0.0208816,0.00577031,14.8158,0.0,0.649356,425.928
1200_dose_0.01_gradient_0_VconcST_0.04_Vconc_0.8_run_0.csv,1200.0,0.01,0,0.8,0.04,0.8,0,59.75,14.856,0.0204677,0.00578597,14.856,0.0,0.649973,429.304
1200_dose_0.01_gradient_0_VconcST_0.04_Vconc_0.8_run_0.csv,1200.0,0.01,0,0.8,0.04,0.8,0,60.0,14.895,0.0300621,0.00580112,14.895,0.0,0.650557,424.803
1200_dose_0.01_gradient_0_VconcST_0.04_Vconc_0.8_run_0.csv,1200.0,0.01,0,0.8,0.04,0.8,0,60.25,14.9772,0.0294663,0.00583317,14.9772,0.0,0.651809,416.189
1200_dose_0.01_gradient_0_VconcST_0.04_Vconc_0.8_run_0.csv,1200.0,0.01,0,0.8,0.04,0.8,0,60.5,15.0565,0.0288823,0.00586403,15.0565,0.0,0.653006,428.294
1200_dose_0.01_gradient_0_VconcST_0.04_Vconc_0.8_run_0.csv,1200.0,0.01,0,0.8,0.04,0.8,0,60.75,15.1327,0.0283099,0.00589371,15.1327,0.0,0.65415,414.875
1200_dose_0.01_gradient_0_VconcST_0.04_Vconc_0.8_run_0.csv,1200.0,0.01,0,0.8,0.04,0.8,0,61.0,15.206,0.0277488,0.00592226,15.206,0.0,0.655243,418.45
1200_dose_0.01_gradient_0_VconcST_0.04_Vconc_0.8_run_0.csv,1200.0,0.01,0,0.8,0.04,0.8,0,61.25,15.2764,0.0271989,0.00594968,15.2764,0.0,0.656287,414.337
1200_dose_0.01_gradient_0_VconcST_0.04_Vconc_0.8_run_0.csv,1200.0,0.01,0,0.8,0.04,0.8,0,61.5,15.344,0.0266598,0.00597602,15.344,0.0,0.657284,428.329
1200_dose_0.01_gradient_0_VconcST_0.04_Vconc_0.8_run_0.csv,1200.0,0.01,0,0.8,0.04,0.8,0,61.75,15.4089,0.0261314,0.00600129,15.4089,0.0,0.658234,420.564
1200_dose_0.01_gradient_0_VconcST_0.04_Vconc_0.8_run_0.csv,1200.0,0.01,0,0.8,0.04,0.8,0,62.0,15.4711,0.0256135,0.00602551,15.4711,0.0,0.65914,424.94
1200_dose_0.01_gradient_0_VconcST_0.04_Vconc_0.8_run_0.csv,1200.0,0.01,0,0.8,0.04,0.8,0,62.25,15.5307,0.0251059,0.00604871,15.5307,0.0,0.660004,410.035
1200_dose_0.01_gradient_0_VconcST_0.04_Vconc_3.2_run_0.csv,1200.0,0.01,0,3.2,0.04,3.2,0,0.0,0.0,0.0,0.0,0.0,0.0,0.0,0.0
1200_dose_0.01_gradient_0_VconcST_0.04_Vconc_3.2_run_0.csv,1200.0,0.01,0,3.2,0.04,3.2,0,0.25,0.0,0.0,0.0,0.0,0.0,0.0,7731.9
1200_dose_0.01_gradient_0_VconcST_0.04_Vconc_3.2_run_0.csv,1200.0,0.01,0,3.2,0.04,3.2,0,0.5,0.0,0.0,0.0,0.0,0.0,0.0,286.724
1200_dose_0.01_gradient_0_VconcST_0.04_Vconc_3.2_run_0.csv,1200.0,0.01,0,3.2,0.04,3.2,0,0.75,0.0,0.0,0.0,0.0,0.0,0.0,8575.64
1200_dose_0.01_gradient_0_VconcST_0.04_Vconc_3.2_run_0.csv,1200.0,0.01,0,3.2,0.04,3.2,0,1.0,0.0,0.0,0.0,0.0,0.0,0.0,292.189
1200_dose_0.01_gradient_0_VconcST_0.04_Vconc_3.2_run_0.csv,1200.0,0.01,0,3.2,0.04,3.2,0,1.25,0.0,0.0,0.0,0.0,0.0,0.0,8244.12
1200_dose_0.01_gradient_0_VconcST_0.04_Vconc_3.2_run_0.csv,1200.0,0.01,0,3.2,0.04,3.2,0,1.5,0.0,0.0,0.0,0.0,0.0,0.0,299.717
1200_dose_0.01_gradient_0_VconcST_0.04_Vconc_3.2_run_0.csv,1200.0,0.01,0,3.2,0.04,3.2,0,1.75,0.0,0.0,0.0,0.0,0.0,0.0,8013.59
1200_dose_0.01_gradient_0_VconcST_0.04_Vconc_3.2_run_0.csv,1200.0,0.01,0,3.2,0.04,3.2,0,2.0,0.0,0.0,0.0,0.0,0.0,0.0,287.28
1200_dose_0.01_gradient_0_VconcST_0.04_Vconc_3.2_run_0.csv,1200.0,0.01,0,3.2,0.04,3.2,0,2.25,0.0,0.0,0.0,0.0,0.0,0.0,8354.74
1200_dose_0.01_gradient_0_VconcST_0.04_Vconc_3.2_run_0.csv,1200.0,0.01,0,3.2,0.04,3.2,0,2.5,0.0,0.0,0.0,0.0,0.0,0.0,292.151
1200_dose_0.01_gradient_0_VconcST_0.04_Vconc_3.2_run_0.csv,1200.0,0.01,0,3.2,0.04,3.2,0,2.75,0.0,0.0,0.0,0.0,0.0,0.0,8446.66
1200_dose_0.01_gradient_0_VconcST_0.04_Vconc_3.2_run_0.csv,1200.0,0.01,0,3.2,0.04,3.2,0,3.0,0.0,0.0,0.0,0.0,0.0,0.0,277.725
1200_dose_0.01_gradient_0_VconcST_0.04_Vconc_3.2_run_0.csv,1200.0,0.01,0,3.2,0.04,3.2,0,3.25,0.0,0.0,0.0,0.0,0.0,0.0,8367.51
1200_dose_0.01_gradient_0_VconcST_0.04_Vconc_3.2_run_0.csv,1200.0,0.01,0,3.2,0.04,3.2,0,3.5,0.0,0.0,0.0,0.0,0.0,0.0,291.073
1200_dose_0.01_gradient_0_VconcST_0.04_Vconc_3.2_run_0.csv,1200.0,0.01,0,3.2,0.04,3.2,0,3.75,0.0,0.0,0.0,0.0,0.0,0.0,8707.45
1200_dose_0.01_gradient_0_VconcST_0.04_Vconc_3.2_run_0.csv,1200.0,0.01,0,3.2,0.04,3.2,0,4.0,0.0,0.0,0.0,0.0,0.0,0.0,290.119
1200_dose_0.01_gradient_0_VconcST_0.04_Vconc_3.2_run_0.csv,1200.0,0.01,0,3.2,0.04,3.2,0,4.25,0.0,0.0,0.0,0.0,0.0,0.0,8324.18
1200_dose_0.01_gradient_0_VconcST_0.04_Vconc_3.2_run_0.csv,1200.0,0.01,0,3.2,0.04,3.2,0,4.5,0.0,0.0,0.0,0.0,0.0,0.0,301.254
1200_dose_0.01_gradient_0_VconcST_0.04_Vconc_3.2_run_0.csv,1200.0,0.01,0,3.2,0.04,3.2,0,4.75,0.0,0.0,0.0,0.0,0.0,0.0,7943.22
1200_dose_0.01_gradient_0_VconcST_0.04_Vconc_3.2_run_0.csv,1200.0,0.01,0,3.2,0.04,3.2,0,5.0,0.000778625,0.01,3.0325e-07,0.000778625,0.0,0.0,291.019
1200_dose_0.01_gradient_0_VconcST_0.04_Vconc_3.2_run_0.csv,1200.0,0.01,0,3.2,0.04,3.2,0,5.25,0.0469344,0.00980181,1.82795e-05,0.0469344,0.0,0.00573865,8753.71
1200_dose_0.01_gradient_0_VconcST_0.04_Vconc_3.2_run_0.csv,1200.0,0.01,0,3.2,0.04,3.2,0,5.5,0.0920004,0.00960755,3.58313e-05,0.0920004,0.0,0.0112786,289.88
1200_dose_0.01_gradient_0_VconcST_0.04_Vconc_3.2_run_0.csv,1200.0,0.01,0,3.2,0.04,3.2,0,5.75,0.135999,0.00941714,5.29673e-05,0.135999,0.0,0.0166281,7899.69
1200_dose_0.01_gradient_0_VconcST_0.04_Vconc_3.2_run_0.csv,1200.0,0.01,0,3.2,0.04,3.2,0,6.0,0.178951,0.00923051,6.9696e-05,0.178951,0.0,0.0217949,279.277
1200_dose_0.01_gradient_0_VconcST_0.04_Vconc_3.2_run_0.csv,1200.0,0.01,0,3.2,0.04,3.2,0,6.25,0.22088,0.00904757,8.60258e-05,0.22088,0.0,0.0267864,7768.46
1200_dose_0.01_gradient_0_VconcST_0.04_Vconc_3.2_run_0.csv,1200.0,0.01,0,3.2,0.04,3.2,0,6.5,0.261805,0.00886825,0.000101965,0.261805,0.0,0.0316096,263.179
1200_dose_0.01_gradient_0_VconcST_0.04_Vconc_3.2_run_0.csv,1200.0,0.01,0,3.2,0.04,3.2,0,6.75,0.301747,0.00869249,0.000117521,0.301747,0.0,0.036271,8254.03
1200_dose_0.01_gradient_0_VconcST_0.04_Vconc_3.2_run_0.csv,1200.0,0.01,0,3.2,0.04,3.2,0,7.0,0.340726,0.00852022,0.000132702,0.340726,0.0,0.040777,261.538
1200_dose_0.01_gradient_0_VconcST_0.04_Vconc_3.2_run_0.csv,1200.0,0.01,0,3.2,0.04,3.2,0,7.25,0.378762,0.00835137,0.000147516,0.378762,0.0,0.0451337,7831.17
1200_dose_0.01_gradient_0_VconcST_0.04_Vconc_3.2_run_0.csv,1200.0,0.01,0,3.2,0.04,3.2,0,7.5,0.415875,0.00818586,0.00016197,0.415875,0.0,0.0493465,250.681
1200_dose_0.01_gradient_0_VconcST_0.04_Vconc_3.2_run_0.csv,1200.0,0.01,0,3.2,0.04,3.2,0,7.75,0.452083,0.00802362,0.000176072,0.452083,0.0,0.053421,7592.98
1200_dose_0.01_gradient_0_VconcST_0.04_Vconc_3.2_run_0.csv,1200.0,0.01,0,3.2,0.04,3.2,0,8.0,0.487405,0.0078646,0.000189829,0.487405,0.0,0.0573623,265.201
1200_dose_0.01_gradient_0_VconcST_0.04_Vconc_3.2_run_0.csv,1200.0,0.01,0,3.2,0.04,3.2,0,8.25,0.521859,0.00770874,0.000203248,0.521859,0.0,0.0611752,7288.77
1200_dose_0.01_gradient_0_VconcST_0.04_Vconc_3.2_run_0.csv,1200.0,0.01,0,3.2,0.04,3.2,0,8.5,0.555463,0.00755596,0.000216335,0.555463,0.0,0.0648644,263.411
1200_dose_0.01_gradient_0_VconcST_0.04_Vconc_3.2_run_0.csv,1200.0,0.01,0,3.2,0.04,3.2,0,8.75,0.588234,0.00740621,0.000229099,0.588234,0.0,0.0684345,7414.31
1200_dose_0.01_gradient_0_VconcST_0.04_Vconc_3.2_run_0.csv,1200.0,0.01,0,3.2,0.04,3.2,0,9.0,0.62019,0.00725943,0.000241545,0.62019,0.0,0.0718895,251.06
1200_dose_0.01_gradient_0_VconcST_0.04_Vconc_3.2_run_0.csv,1200.0,0.01,0,3.2,0.04,3.2,0,9.25,0.651347,0.00711555,0.000253679,0.651347,0.0,0.0752336,7387.11
1200_dose_0.01_gradient_0_VconcST_0.04_Vconc_3.2_run_0.csv,1200.0,0.01,0,3.2,0.04,3.2,0,9.5,0.681721,0.00697453,0.000265509,0.681721,0.0,0.0784707,250.357
1200_dose_0.01_gradient_0_VconcST_0.04_Vconc_3.2_run_0.csv,1200.0,0.01,0,3.2,0.04,3.2,0,9.75,0.71133,0.0068363,0.000277041,0.71133,0.0,0.0816043,7221.46
1200_dose_0.01_gradient_0_VconcST_0.04_Vconc_3.2_run_0.csv,1200.0,0.01,0,3.2,0.04,3.2,0,10.0,0.740967,0.0167008,0.000288584,0.740967,0.0,0.0846381,254.959
1200_dose_0.01_gradient_0_VconcST_0.04_Vconc_3.2_run_0.csv,1200.0,0.01,0,3.2,0.04,3.2,0,10.25,0.815246,0.0163698,0.000317513,0.815246,0.0,0.0923554,7440.12
1200_dose_0.01_gradient_0_VconcST_0.04_Vconc_3.2_run_0.csv,1200.0,0.01,0,3.2,0.04,3.2,0,10.5,0.887716,0.0160454,0.000345738,0.887716,0.0,0.0997604,239.73
1200_dose_0.01_gradient_0_VconcST_0.04_Vconc_3.2_run_0.csv,1200.0,0.01,0,3.2,0.04,3.2,0,10.75,0.958415,0.0157274,0.000373273,0.958415,0.0,0.106869,7195.04
1200_dose_0.01_gradient_0_VconcST_0.04_Vconc_3.2_run_0.csv,1200.0,0.01,0,3.2,0.04,3.2,0,11.0,1.02738,0.0154157,0.000400131,1.02738,0.0,0.113695,228.476
1200_dose_0.01_gradient_0_VconcST_0.04_Vconc_3.2_run_0.csv,1200.0,0.01,0,3.2,0.04,3.2,0,11.25,1.09464,0.0151102,0.000426327,1.09464,0.0,0.120254,6925.64
1200_dose_0.01_gradient_0_VconcST_0.04_Vconc_3.2_run_0.csv,1200.0,0.01,0,3.2,0.04,3.2,0,11.5,1.16023,0.0148107,0.000451875,1.16023,0.0,0.126557,230.28
1200_dose_0.01_gradient_0_VconcST_0.04_Vconc_3.2_run_0.csv,1200.0,0.01,0,3.2,0.04,3.2,0,11.75,1.2242,0.0145172,0.000476787,1.2242,0.0,0.132617,6665.07
1200_dose_0.01_gradient_0_VconcST_0.04_Vconc_3.2_run_0.csv,1200.0,0.01,0,3.2,0.04,3.2,0,12.0,1.28657,0.0142295,0.000501077,1.28657,0.0,0.138445,228.158
1200_dose_0.01_gradient_0_VconcST_0.04_Vconc_3.2_run_0.csv,1200.0,0.01,0,3.2,0.04,3.2,0,12.25,1.34737,0.0139475,0.000524758,1.34737,0.0,0.144053,6930.07
1200_dose_0.01_gradient_0_VconcST_0.04_Vconc_3.2_run_0.csv,1200.0,0.01,0,3.2,0.04,3.2,0,12.5,1.40664,0.013671,0.000547842,1.40664,0.0,0.149449,224.969
1200_dose_0.01_gradient_0_VconcST_0.04_Vconc_3.2_run_0.csv,1200.0,0.01,0,3.2,0.04,3.2,0,12.75,1.46441,0.0134001,0.000570342,1.46441,0.0,0.154643,6909.62
1200_dose_0.01_gradient_0_VconcST_0.04_Vconc_3.2_run_0.csv,1200.0,0.01,0,3.2,0.04,3.2,0,13.0,1.52071,0.0131345,0.000592269,1.52071,0.0,0.159645,221.506
1200_dose_0.01_gradient_0_VconcST_0.04_Vconc_3.2_run_0.csv,1200.0,0.01,0,3.2,0.04,3.2,0,13.25,1.57557,0.0128742,0.000613636,1.57557,0.0,0.164462,6476.67
1200_dose_0.01_gradient_0_VconcST_0.04_Vconc_3.2_run_0.csv,1200.0,0.01,0,3.2,0.04,3.2,0,13.5,1.62902,0.0126191,0.000634453,1.62902,0.0,0.169102,211.858
1200_dose_0.01_gradient_0_VconcST_0.04_Vconc_3.2_run_0.csv,1200.0,0.01,0,3.2,0.04,3.2,0,13.75,1.68109,0.012369,0.000654734,1.68109,0.0,0.173574,6208.17
1200_dose_0.01_gradient_0_VconcST_0.04_Vconc_3.2_run_0.csv,1200.0,0.01,0,3.2,0.04,3.2,0,14.0,1.73181,0.0121238,0.000674487,1.73181,0.0,0.177883,206.671
1200_dose_0.01_gradient_0_VconcST_0.04_Vconc_3.2_run_0.csv,1200.0,0.01,0,3.2,0.04,3.2,0,14.25,1.78121,0.0118835,0.000693725,1.78121,0.0,0.182037,6568.54
1200_dose_0.01_gradient_0_VconcST_0.04_Vconc_3.2_run_0.csv,1200.0,0.01,0,3.2,0.04,3.2,0,14.5,1.82931,0.011648,0.000712458,1.82931,0.0,0.186042,214.761
1200_dose_0.01_gradient_0_VconcST_0.04_Vconc_3.2_run_0.csv,1200.0,0.01,0,3.2,0.04,3.2,0,14.75,1.87613,0.0114172,0.000730696,1.87613,0.0,0.189903,6342.36
1200_dose_0.01_gradient_0_VconcST_0.04_Vconc_3.2_run_0.csv,1200.0,0.01,0,3.2,0.04,3.2,0,15.0,1.9225,0.0211909,0.000748754,1.9225,0.0,0.193627,204.53
1200_dose_0.01_gradient_0_VconcST_0.04_Vconc_3.2_run_0.csv,1200.0,0.01,0,3.2,0.04,3.2,0,15.25,2.01302,0.0207709,0.00078401,2.01302,0.00179688,0.200922,6035.06
1200_dose_0.01_gradient_0_VconcST_0.04_Vconc_3.2_run_0.csv,1200.0,0.01,0,3.2,0.04,3.2,0,15.5,2.10127,0.0203593,0.000818378,2.10127,0.0,0.207906,197.644
1200_dose_0.01_gradient_0_VconcST_0.04_Vconc_3.2_run_0.csv,1200.0,0.01,0,3.2,0.04,3.2,0,15.75,2.18727,0.0199558,0.000851876,2.18727,0.00171875,0.214597,5959.31
1200_dose_0.01_gradient_0_VconcST_0.04_Vconc_3.2_run_0.csv,1200.0,0.01,0,3.2,0.04,3.2,0,16.0,2.27109,0.0195603,0.000884521,2.27109,0.0,0.221011,190.945
1200_dose_0.01_gradient_0_VconcST_0.04_Vconc_3.2_run_0.csv,1200.0,0.01,0,3.2,0.04,3.2,0,16.25,2.35277,0.0191726,0.000916331,2.35277,0.0,0.22716,5963.21
1200_dose_0.01_gradient_0_VconcST_0.04_Vconc_3.2_run_0.csv,1200.0,0.01,0,3.2,0.04,3.2,0,16.5,2.43235,0.0187926,0.000947324,2.43235,0.0,0.233058,195.718
1200_dose_0.01_gradient_0_VconcST_0.04_Vconc_3.2_run_0.csv,1200.0,0.01,0,3.2,0.04,3.2,0,16.75,2.50987,0.0184202,0.000977516,2.50987,0.00152344,0.238718,6068.09
1200_dose_0.01_gradient_0_VconcST_0.04_Vconc_3.2_run_0.csv,1200.0,0.01,0,3.2,0.04,3.2,0,17.0,2.58538,0.0180551,0.00100692,2.58538,0.0,0.244152,196.976
1200_dose_0.01_gradient_0_VconcST_0.04_Vconc_3.2_run_0.csv,1200.0,0.01,0,3.2,0.04,3.2,0,17.25,2.65891,0.0176973,0.00103556,2.65891,0.0,0.249369,5826.52
1200_dose_0.01_gradient_0_VconcST_0.04_Vconc_3.2_run_0.csv,1200.0,0.01,0,3.2,0.04,3.2,0,17.5,2.73052,0.0173465,0.00106345,2.73052,0.0,0.254381,189.057
1200_dose_0.01_gradient_0_VconcST_0.04_Vconc_3.2_run_0.csv,1200.0,0.01,0,3.2,0.04,3.2,0,17.75,2.80024,0.0170028,0.00109061,2.80024,0.0,0.259197,5678.34
1200_dose_0.01_gradient_0_VconcST_0.04_Vconc_3.2_run_0.csv,1200.0,0.01,0,3.2,0.04,3.2,0,18.0,2.8681,0.0166657,0.00111704,2.8681,0.0,0.263825,186.259
1200_dose_0.01_gradient_0_VconcST_0.04_Vconc_3.2_run_0.csv,1200.0,0.01,0,3.2,0.04,3.2,0,18.25,2.93415,0.0163354,0.00114276,2.93415,0.0,0.268275,5353.59
1200_dose_0.01_gradient_0_VconcST_0.04_Vconc_3.2_run_0.csv,1200.0,0.01,0,3.2,0.04,3.2,0,18.5,2.99843,0.0160117,0.0011678,2.99843,0.0,0.272553,181.048
1200_dose_0.01_gradient_0_VconcST_0.04_Vconc_3.2_run_0.csv,1200.0,0.01,0,3.2,0.04,3.2,0,18.75,3.06097,0.0156944,0.00119215,3.06097,0.0,0.276669,5751.76
1200_dose_0.01_gradient_0_VconcST_0.04_Vconc_3.2_run_0.csv,1200.0,0.01,0,3.2,0.04,3.2,0,19.0,3.1218,0.0153833,0.00121585,3.1218,0.0,0.280627,180.602
1200_dose_0.01_gradient_0_VconcST_0.04_Vconc_3.2_run_0.csv,1200.0,0.01,0,3.2,0.04,3.2,0,19.25,3.18097,0.0150784,0.00123889,3.18097,0.00107205,0.284437,5572.94
1200_dose_0.01_gradient_0_VconcST_0.04_Vconc_3.2_run_0.csv,1200.0,0.01,0,3.2,0.04,3.2,0,19.5,3.23851,0.0147796,0.0012613,3.23851,0.0,0.288102,167.918
1200_dose_0.01_gradient_0_VconcST_0.04_Vconc_3.2_run_0.csv,1200.0,0.01,0,3.2,0.04,3.2,0,19.75,3.29445,0.0144867,0.00128309,3.29445,0.00115451,0.29163,5620.1
1200_dose_0.01_gradient_0_VconcST_0.04_Vconc_3.2_run_0.csv,1200.0,0.01,0,3.2,0.04,3.2,0,20.0,3.34961,0.0241996,0.00130457,3.34961,0.0,0.295026,169.97
1200_dose_0.01_gradient_0_VconcST_0.04_Vconc_3.2_run_0.csv,1200.0,0.01,0,3.2,0.04,3.2,0,20.25,3.44861,0.02372,0.00134313,3.44861,0.0,0.301126,5552.59
1200_dose_0.01_gradient_0_VconcST_0.04_Vconc_3.2_run_0.csv,1200.0,0.01,0,3.2,0.04,3.2,0,20.5,3.54502,0.0232499,0.00138068,3.54502,0.0,0.306965,167.062
1200_dose_0.01_gradient_0_VconcST_0.04_Vconc_3.2_run_0.csv,1200.0,0.01,0,3.2,0.04,3.2,0,20.75,3.63889,0.0227891,0.00141724,3.63889,0.00115451,0.312558,5145.9
1200_dose_0.01_gradient_0_VconcST_0.04_Vconc_3.2_run_0.csv,1200.0,0.01,0,3.2,0.04,3.2,0,21.0,3.73029,0.0223374,0.00145283,3.73029,0.0,0.317917,158.06
1200_dose_0.01_gradient_0_VconcST_0.04_Vconc_3.2_run_0.csv,1200.0,0.01,0,3.2,0.04,3.2,0,21.25,3.81925,0.0218947,0.00148748,3.81925,0.0,0.323054,5065.8
1200_dose_0.01_gradient_0_VconcST_0.04_Vconc_3.2_run_0.csv,1200.0,0.01,0,3.2,0.04,3.2,0,21.5,3.90583,0.0214608,0.0015212,3.90583,0.0,0.32798,156.722
1200_dose_0.01_gradient_0_VconcST_0.04_Vconc_3.2_run_0.csv,1200.0,0.01,0,3.2,0.04,3.2,0,21.75,3.99008,0.0210355,0.00155401,3.99008,0.00078342,0.332705,5038.03
1200_dose_0.01_gradient_0_VconcST_0.04_Vconc_3.2_run_0.csv,1200.0,0.01,0,3.2,0.04,3.2,0,22.0,4.07205,0.0206186,0.00158594,4.07205,0.0,0.337238,155.164
1200_dose_0.01_gradient_0_VconcST_0.04_Vconc_3.2_run_0.csv,1200.0,0.01,0,3.2,0.04,3.2,0,22.25,4.15178,0.0202099,0.00161699,4.15178,0.00061849,0.341589,5226.63
1200_dose_0.01_gradient_0_VconcST_0.04_Vconc_3.2_run_0.csv,1200.0,0.01,0,3.2,0.04,3.2,0,22.5,4.22932,0.0198094,0.00164719,4.22932,0.0,0.345766,151.0
1200_dose_0.01_gradient_0_VconcST_0.04_Vconc_3.2_run_0.csv,1200.0,0.01,0,3.2,0.04,3.2,0,22.75,4.30472,0.0194168,0.00167656,4.30472,0.0,0.349778,5074.09
1200_dose_0.01_gradient_0_VconcST_0.04_Vconc_3.2_run_0.csv,1200.0,0.01,0,3.2,0.04,3.2,0,23.0,4.37803,0.019032,0.00170511,4.37803,0.0,0.353631,152.707
1200_dose_0.01_gradient_0_VconcST_0.04_Vconc_3.2_run_0.csv,1200.0,0.01,0,3.2,0.04,3.2,0,23.25,4.44928,0.0186548,0.00173286,4.44928,0.0,0.357332,4823.14
1200_dose_0.01_gradient_0_VconcST_0.04_Vconc_3.2_run_0.csv,1200.0,0.01,0,3.2,0.04,3.2,0,23.5,4.51852,0.0182851,0.00175982,4.51852,0.0,0.360889,141.39
1200_dose_0.01_gradient_0_VconcST_0.04_Vconc_3.2_run_0.csv,1200.0,0.01,0,3.2,0.04,3.2,0,23.75,4.58578,0.0179227,0.00178602,4.58578,0.0,0.364306,4786.26
1200_dose_0.01_gradient_0_VconcST_0.04_Vconc_3.2_run_0.csv,1200.0,0.01,0,3.2,0.04,3.2,0,24.0,4.65112,0.0175675,0.00181147,4.65112,0.0,0.367591,133.365
1200_dose_0.01_gradient_0_VconcST_0.04_Vconc_3.2_run_0.csv,1200.0,0.01,0,3.2,0.04,3.2,0,24.25,4.71458,0.0172193,0.00183618,4.71458,0.0,0.370749,4900.17
1200_dose_0.01_gradient_0_VconcST_0.04_Vconc_3.2_run_0.csv,1200.0,0.01,0,3.2,0.04,3.2,0,24.5,4.77618,0.016878,0.00186017,4.77618,0.0,0.373785,136.52
1200_dose_0.01_gradient_0_VconcST_0.04_Vconc_3.2_run_0.csv,1200.0,0.01,0,3.2,0.04,3.2,0,24.75,4.83598,0.0165435,0.00188346,4.83598,0.0,0.376704,4547.8
1200_dose_0.01_gradient_0_VconcST_0.04_Vconc_3.2_run_0.csv,1200.0,0.01,0,3.2,0.04,3.2,0,25.0,4.89478,0.0262156,0.00190637,4.89478,0.0,0.379511,144.707
1200_dose_0.01_gradient_0_VconcST_0.04_Vconc_3.2_run_0.csv,1200.0,0.01,0,3.2,0.04,3.2,0,25.25,4.99723,0.025696,0.00194627,4.99723,0.0,0.384404,4461.19
1200_dose_0.01_gradient_0_VconcST_0.04_Vconc_3.2_run_0.csv,1200.0,0.01,0,3.2,0.04,3.2,0,25.5,5.09689,0.0251868,0.00198508,5.09689,0.0,0.389092,133.076
1200_dose_0.01_gradient_0_VconcST_0.04_Vconc_3.2_run_0.csv,1200.0,0.01,0,3.2,0.04,3.2,0,25.75,5.19382,0.0246876,0.00202283,5.19382,0.0,0.393582,4406.76
1200_dose_0.01_gradient_0_VconcST_0.04_Vconc_3.2_run_0.csv,1200.0,0.01,0,3.2,0.04,3.2,0,26.0,5.28808,0.0241983,0.00205954,5.28808,0.0,0.397887,132.567
1200_dose_0.01_gradient_0_VconcST_0.04_Vconc_3.2_run_0.csv,1200.0,0.01,0,3.2,0.04,3.2,0,26.25,5.37973,0.0237187,0.00209524,5.37973,0.0,0.402013,4407.39
1200_dose_0.01_gradient_0_VconcST_0.04_Vconc_3.2_run_0.csv,1200.0,0.01,0,3.2,0.04,3.2,0,26.5,5.46881,0.0232487,0.00212993,5.46881,0.0,0.405971,129.897
1200_dose_0.01_gradient_0_VconcST_0.04_Vconc_3.2_run_0.csv,1200.0,0.01,0,3.2,0.04,3.2,0,26.75,5.55539,0.0227879,0.00216365,5.55539,0.0,0.409767,4388.31
1200_dose_0.01_gradient_0_VconcST_0.04_Vconc_3.2_run_0.csv,1200.0,0.01,0,3.2,0.04,3.2,0,27.0,5.63951,0.0223363,0.00219641,5.63951,0.0,0.413409,127.538
1200_dose_0.01_gradient_0_VconcST_0.04_Vconc_3.2_run_0.csv,1200.0,0.01,0,3.2,0.04,3.2,0,27.25,5.72122,0.0218936,0.00222824,5.72122,0.0,0.416904,4225.39
1200_dose_0.01_gradient_0_VconcST_0.04_Vconc_3.2_run_0.csv,1200.0,0.01,0,3.2,0.04,3.2,0,27.5,5.80059,0.0214597,0.00225915,5.80059,0.0,0.42026,120.351
1200_dose_0.01_gradient_0_VconcST_0.04_Vconc_3.2_run_0.csv,1200.0,0.01,0,3.2,0.04,3.2,0,27.75,5.87765,0.0210344,0.00228916,5.87765,0.0,0.423481,4159.58
1200_dose_0.01_gradient_0_VconcST_0.04_Vconc_3.2_run_0.csv,1200.0,0.01,0,3.2,0.04,3.2,0,28.0,5.95245,0.0206175,0.0023183,5.95245,0.0,0.426574,118.576
1200_dose_0.01_gradient_0_VconcST_0.04_Vconc_3.2_run_0.csv,1200.0,0.01,0,3.2,0.04,3.2,0,28.25,6.02505,0.0202089,0.00234657,6.02505,0.0,0.429544,4149.31
1200_dose_0.01_gradient_0_VconcST_0.04_Vconc_3.2_run_0.csv,1200.0,0.01,0,3.2,0.04,3.2,0,28.5,6.09548,0.0198084,0.002374,6.09548,0.0,0.432396,118.479
1200_dose_0.01_gradient_0_VconcST_0.04_Vconc_3.2_run_0.csv,1200.0,0.01,0,3.2,0.04,3.2,0,28.75,6.1638,0.0194158,0.00240061,6.1638,0.0,0.435135,4093.51
1200_dose_0.01_gradient_0_VconcST_0.04_Vconc_3.2_run_0.csv,1200.0,0.01,0,3.2,0.04,3.2,0,29.0,6.23005,0.019031,0.00242641,6.23005,0.0,0.437767,117.358
1200_dose_0.01_gradient_0_VconcST_0.04_Vconc_3.2_run_0.csv,1200.0,0.01,0,3.2,0.04,3.2,0,29.25,6.29427,0.0186538,0.00245142,6.29427,0.0,0.440294,3862.4
1200_dose_0.01_gradient_0_VconcST_0.04_Vconc_3.2_run_0.csv,1200.0,0.01,0,3.2,0.04,3.2,0,29.5,6.35651,0.0182841,0.00247566,6.35651,0.0,0.442722,120.003
1200_dose_0.01_gradient_0_VconcST_0.04_Vconc_3.2_run_0.csv,1200.0,0.01,0,3.2,0.04,3.2,0,29.75,6.4168,0.0179218,0.00249915,6.4168,0.0,0.445054,3966.63
1200_dose_0.01_gradient_0_VconcST_0.04_Vconc_3.2_run_0.csv,1200.0,0.01,0,3.2,0.04,3.2,0,30.0,6.47597,0.0275666,0.00252219,6.47597,0.0,0.447294,113.28
1200_dose_0.01_gradient_0_VconcST_0.04_Vconc_3.2_run_0.csv,1200.0,0.01,0,3.2,0.04,3.2,0,30.25,6.57866,0.0270202,0.00256218,6.57866,0.0,0.451189,3977.46
1200_dose_0.01_gradient_0_VconcST_0.04_Vconc_3.2_run_0.csv,1200.0,0.01,0,3.2,0.04,3.2,0,30.5,6.67844,0.0264847,0.00260105,6.67844,0.0,0.454922,112.096
1200_dose_0.01_gradient_0_VconcST_0.04_Vconc_3.2_run_0.csv,1200.0,0.01,0,3.2,0.04,3.2,0,30.75,6.77537,0.0259598,0.00263879,6.77537,0.0,0.4585,3853.2
1200_dose_0.01_gradient_0_VconcST_0.04_Vconc_3.2_run_0.csv,1200.0,0.01,0,3.2,0.04,3.2,0,31.0,6.8695,0.0254453,0.00267546,6.8695,0.0,0.46193,111.595
1200_dose_0.01_gradient_0_VconcST_0.04_Vconc_3.2_run_0.csv,1200.0,0.01,0,3.2,0.04,3.2,0,31.25,6.96091,0.024941,0.00271106,6.96091,0.0,0.465219,3885.19
1200_dose_0.01_gradient_0_VconcST_0.04_Vconc_3.2_run_0.csv,1200.0,0.01,0,3.2,0.04,3.2,0,31.5,7.04964,0.0244467,0.00274562,7.04964,0.0,0.468374,112.445
1200_dose_0.01_gradient_0_VconcST_0.04_Vconc_3.2_run_0.csv,1200.0,0.01,0,3.2,0.04,3.2,0,31.75,7.13575,0.0239622,0.00277915,7.13575,0.0,0.471401,3681.05
1200_dose_0.01_gradient_0_VconcST_0.04_Vconc_3.2_run_0.csv,1200.0,0.01,0,3.2,0.04,3.2,0,32.0,7.2193,0.0234873,0.00281169,7.2193,0.0,0.474304,108.29
1200_dose_0.01_gradient_0_VconcST_0.04_Vconc_3.2_run_0.csv,1200.0,0.01,0,3.2,0.04,3.2,0,32.25,7.30034,0.0230218,0.00284326,7.30034,0.0,0.47709,3794.38
1200_dose_0.01_gradient_0_VconcST_0.04_Vconc_3.2_run_0.csv,1200.0,0.01,0,3.2,0.04,3.2,0,32.5,7.37893,0.0225656,0.00287386,7.37893,0.0,0.479764,109.828
1200_dose_0.01_gradient_0_VconcST_0.04_Vconc_3.2_run_0.csv,1200.0,0.01,0,3.2,0.04,3.2,0,32.75,7.45511,0.0221183,0.00290353,7.45511,0.0,0.48233,3778.48
1200_dose_0.01_gradient_0_VconcST_0.04_Vconc_3.2_run_0.csv,1200.0,0.01,0,3.2,0.04,3.2,0,33.0,7.52894,0.02168,0.00293229,7.52894,0.0,0.484793,107.993
1200_dose_0.01_gradient_0_VconcST_0.04_Vconc_3.2_run_0.csv,1200.0,0.01,0,3.2,0.04,3.2,0,33.25,7.60046,0.0212503,0.00296014,7.60046,0.0,0.487156,3714.49
1200_dose_0.01_gradient_0_VconcST_0.04_Vconc_3.2_run_0.csv,1200.0,0.01,0,3.2,0.04,3.2,0,33.5,7.66973,0.0208291,0.00298712,7.66973,0.0,0.489424,103.795
1200_dose_0.01_gradient_0_VconcST_0.04_Vconc_3.2_run_0.csv,1200.0,0.01,0,3.2,0.04,3.2,0,33.75,7.73679,0.0204163,0.00301324,7.73679,0.0,0.491602,3608.55
1200_dose_0.01_gradient_0_VconcST_0.04_Vconc_3.2_run_0.csv,1200.0,0.01,0,3.2,0.04,3.2,0,34.0,7.80169,0.0200117,0.00303852,7.80169,0.0,0.493691,102.665
1200_dose_0.01_gradient_0_VconcST_0.04_Vconc_3.2_run_0.csv,1200.0,0.01,0,3.2,0.04,3.2,0,34.25,7.86448,0.0196151,0.00306297,7.86448,0.0,0.495696,3533.3
1200_dose_0.01_gradient_0_VconcST_0.04_Vconc_3.2_run_0.csv,1200.0,0.01,0,3.2,0.04,3.2,0,34.5,7.9252,0.0192263,0.00308662,7.9252,0.0,0.49762,101.339
1200_dose_0.01_gradient_0_VconcST_0.04_Vconc_3.2_run_0.csv,1200.0,0.01,0,3.2,0.04,3.2,0,34.75,7.9839,0.0188453,0.00310948,7.9839,0.0,0.499466,3407.01
1200_dose_0.01_gradient_0_VconcST_0.04_Vconc_3.2_run_0.csv,1200.0,0.01,0,3.2,0.04,3.2,0,35.0,8.04139,0.0284718,0.00313187,8.04139,0.0,0.501237,101.799
1200_dose_0.01_gradient_0_VconcST_0.04_Vconc_3.2_run_0.csv,1200.0,0.01,0,3.2,0.04,3.2,0,35.25,8.14232,0.0279075,0.00317118,8.14232,0.0,0.504357,3470.54
1200_dose_0.01_gradient_0_VconcST_0.04_Vconc_3.2_run_0.csv,1200.0,0.01,0,3.2,0.04,3.2,0,35.5,8.24026,0.0273544,0.00320933,8.24026,0.0,0.507348,96.1187
1200_dose_0.01_gradient_0_VconcST_0.04_Vconc_3.2_run_0.csv,1200.0,0.01,0,3.2,0.04,3.2,0,35.75,8.33528,0.0268123,0.00324633,8.33528,0.0,0.510216,3390.37
1200_dose_0.01_gradient_0_VconcST_0.04_Vconc_3.2_run_0.csv,1200.0,0.01,0,3.2,0.04,3.2,0,36.0,8.42744,0.0262809,0.00328223,8.42744,0.0,0.512965,95.3878
1200_dose_0.01_gradient_0_VconcST_0.04_Vconc_3.2_run_0.csv,1200.0,0.01,0,3.2,0.04,3.2,0,36.25,8.51679,0.0257601,0.00331703,8.51679,0.0,0.515601,3379.08
1200_dose_0.01_gradient_0_VconcST_0.04_Vconc_3.2_run_0.csv,1200.0,0.01,0,3.2,0.04,3.2,0,36.5,8.6034,0.0252495,0.00335076,8.6034,0.0,0.51813,96.9128
1200_dose_0.01_gradient_0_VconcST_0.04_Vconc_3.2_run_0.csv,1200.0,0.01,0,3.2,0.04,3.2,0,36.75,8.68733,0.0247491,0.00338345,8.68733,0.0,0.520555,3406.58
1200_dose_0.01_gradient_0_VconcST_0.04_Vconc_3.2_run_0.csv,1200.0,0.01,0,3.2,0.04,3.2,0,37.0,8.76863,0.0242586,0.00341511,8.76863,0.0,0.522881,93.3835
1200_dose_0.01_gradient_0_VconcST_0.04_Vconc_3.2_run_0.csv,1200.0,0.01,0,3.2,0.04,3.2,0,37.25,8.84735,0.0237778,0.00344577,8.84735,0.0,0.525111,3339.55
1200_dose_0.01_gradient_0_VconcST_0.04_Vconc_3.2_run_0.csv,1200.0,0.01,0,3.2,0.04,3.2,0,37.5,8.92356,0.0233066,0.00347545,8.92356,0.0,0.527251,95.7624
1200_dose_0.01_gradient_0_VconcST_0.04_Vconc_3.2_run_0.csv,1200.0,0.01,0,3.2,0.04,3.2,0,37.75,8.99729,0.0228447,0.00350417,8.99729,0.0,0.529303,3266.42
1200_dose_0.01_gradient_0_VconcST_0.04_Vconc_3.2_run_0.csv,1200.0,0.01,0,3.2,0.04,3.2,0,38.0,9.06863,0.0223919,0.00353195,9.06863,0.0,0.531272,92.9458
1200_dose_0.01_gradient_0_VconcST_0.04_Vconc_3.2_run_0.csv,1200.0,0.01,0,3.2,0.04,3.2,0,38.25,9.1376,0.0219481,0.00355881,9.1376,0.0,0.533159,3333.91
1200_dose_0.01_gradient_0_VconcST_0.04_Vconc_3.2_run_0.csv,1200.0,0.01,0,3.2,0.04,3.2,0,38.5,9.20426,0.0215132,0.00358478,9.20426,0.0,0.534969,89.7928
1200_dose_0.01_gradient_0_VconcST_0.04_Vconc_3.2_run_0.csv,1200.0,0.01,0,3.2,0.04,3.2,0,38.75,9.26866,0.0210868,0.00360986,9.26866,0.0,0.536705,3295.8
1200_dose_0.01_gradient_0_VconcST_0.04_Vconc_3.2_run_0.csv,1200.0,0.01,0,3.2,0.04,3.2,0,39.0,9.33085,0.0206689,0.00363408,9.33085,0.0,0.538368,89.9999
1200_dose_0.01_gradient_0_VconcST_0.04_Vconc_3.2_run_0.csv,1200.0,0.01,0,3.2,0.04,3.2,0,39.25,9.39087,0.0202592,0.00365745,9.39087,0.0,0.539963,3134.33
1200_dose_0.01_gradient_0_VconcST_0.04_Vconc_3.2_run_0.csv,1200.0,0.01,0,3.2,0.04,3.2,0,39.5,9.44878,0.0198577,0.00368001,9.44878,0.0,0.54149,85.9258
1200_dose_0.01_gradient_0_VconcST_0.04_Vconc_3.2_run_0.csv,1200.0,0.01,0,3.2,0.04,3.2,0,39.75,9.50461,0.0194642,0.00370175,9.50461,0.0,0.542954,3313.9
1200_dose_0.01_gradient_0_VconcST_0.04_Vconc_3.2_run_0.csv,1200.0,0.01,0,3.2,0.04,3.2,0,40.0,9.55919,0.0290784,0.00372301,9.55919,0.0,0.544355,85.2516
1200_dose_0.01_gradient_0_VconcST_0.04_Vconc_3.2_run_0.csv,1200.0,0.01,0,3.2,0.04,3.2,0,40.25,9.65717,0.0285021,0.00376117,9.65717,0.0,0.546885,3150.91
1200_dose_0.01_gradient_0_VconcST_0.04_Vconc_3.2_run_0.csv,1200.0,0.01,0,3.2,0.04,3.2,0,40.5,9.75211,0.0279372,0.00379815,9.75211,0.0,0.54931,87.4938
1200_dose_0.01_gradient_0_VconcST_0.04_Vconc_3.2_run_0.csv,1200.0,0.01,0,3.2,0.04,3.2,0,40.75,9.84409,0.0273835,0.00383397,9.84409,0.0,0.551634,3169.29
1200_dose_0.01_gradient_0_VconcST_0.04_Vconc_3.2_run_0.csv,1200.0,0.01,0,3.2,0.04,3.2,0,41.0,9.93316,0.0268408,0.00386866,9.93316,0.0,0.553863,85.5726
1200_dose_0.01_gradient_0_VconcST_0.04_Vconc_3.2_run_0.csv,1200.0,0.01,0,3.2,0.04,3.2,0,41.25,10.0194,0.0263089,0.00390224,10.0194,0.0,0.555999,2942.7
1200_dose_0.01_gradient_0_VconcST_0.04_Vconc_3.2_run_0.csv,1200.0,0.01,0,3.2,0.04,3.2,0,41.5,10.1028,0.0257875,0.00393474,10.1028,0.0,0.558047,82.7345
1200_dose_0.01_gradient_0_VconcST_0.04_Vconc_3.2_run_0.csv,1200.0,0.01,0,3.2,0.04,3.2,0,41.75,10.1836,0.0252764,0.00396618,10.1836,0.0,0.56001,3075.0
1200_dose_0.01_gradient_0_VconcST_0.04_Vconc_3.2_run_0.csv,1200.0,0.01,0,3.2,0.04,3.2,0,42.0,10.2616,0.0247754,0.00399658,10.2616,0.0,0.561892,82.8011
1200_dose_0.01_gradient_0_VconcST_0.04_Vconc_3.2_run_0.csv,1200.0,0.01,0,3.2,0.04,3.2,0,42.25,10.3371,0.0242844,0.00402597,10.3371,0.0,0.563696,3048.38
1200_dose_0.01_gradient_0_VconcST_0.04_Vconc_3.2_run_0.csv,1200.0,0.01,0,3.2,0.04,3.2,0,42.5,10.41,0.0238031,0.00405436,10.41,0.0,0.565425,84.8334
1200_dose_0.01_gradient_0_VconcST_0.04_Vconc_3.2_run_0.csv,1200.0,0.01,0,3.2,0.04,3.2,0,42.75,10.4804,0.0233314,0.00408178,10.4804,0.0,0.567081,3020.0
1200_dose_0.01_gradient_0_VconcST_0.04_Vconc_3.2_run_0.csv,1200.0,0.01,0,3.2,0.04,3.2,0,43.0,10.5483,0.022869,0.00410824,10.5483,0.0,0.568668,81.8064
1200_dose_0.01_gradient_0_VconcST_0.04_Vconc_3.2_run_0.csv,1200.0,0.01,0,3.2,0.04,3.2,0,43.25,10.6139,0.0224157,0.00413378,10.6139,0.0,0.570188,2997.53
1200_dose_0.01_gradient_0_VconcST_0.04_Vconc_3.2_run_0.csv,1200.0,0.01,0,3.2,0.04,3.2,0,43.5,10.6771,0.0219715,0.0041584,10.6771,0.0,0.571644,79.989
1200_dose_0.01_gradient_0_VconcST_0.04_Vconc_3.2_run_0.csv,1200.0,0.01,0,3.2,0.04,3.2,0,43.75,10.738,0.021536,0.00418213,10.738,0.0,0.573038,2965.6
1200_dose_0.01_gradient_0_VconcST_0.04_Vconc_3.2_run_0.csv,1200.0,0.01,0,3.2,0.04,3.2,0,44.0,10.7967,0.0211092,0.00420499,10.7967,0.0,0.574372,79.1656
1200_dose_0.01_gradient_0_VconcST_0.04_Vconc_3.2_run_0.csv,1200.0,0.01,0,3.2,0.04,3.2,0,44.25,10.8532,0.0206909,0.00422699,10.8532,0.0,0.575648,2960.0
1200_dose_0.01_gradient_0_VconcST_0.04_Vconc_3.2_run_0.csv,1200.0,0.01,0,3.2,0.04,3.2,0,44.5,10.9076,0.0202808,0.00424816,10.9076,0.0,0.576869,80.8041
1200_dose_0.01_gradient_0_VconcST_0.04_Vconc_3.2_run_0.csv,1200.0,0.01,0,3.2,0.04,3.2,0,44.75,10.9598,0.0198788,0.00426851,10.9598,0.0,0.578036,2989.89
1200_dose_0.01_gradient_0_VconcST_0.04_Vconc_3.2_run_0.csv,1200.0,0.01,0,3.2,0.04,3.2,0,45.0,11.0108,0.0294849,0.00428837,11.0108,0.0,0.579151,78.1738
1200_dose_0.01_gradient_0_VconcST_0.04_Vconc_3.2_run_0.csv,1200.0,0.01,0,3.2,0.04,3.2,0,45.25,11.1051,0.0289005,0.00432511,11.1051,0.0,0.581231,2783.1
1200_dose_0.01_gradient_0_VconcST_0.04_Vconc_3.2_run_0.csv,1200.0,0.01,0,3.2,0.04,3.2,0,45.5,11.1964,0.0283277,0.00436067,11.1964,0.0,0.583224,78.4774
1200_dose_0.01_gradient_0_VconcST_0.04_Vconc_3.2_run_0.csv,1200.0,0.01,0,3.2,0.04,3.2,0,45.75,11.2847,0.0277663,0.00439506,11.2847,0.0,0.585133,2895.66
1200_dose_0.01_gradient_0_VconcST_0.04_Vconc_3.2_run_0.csv,1200.0,0.01,0,3.2,0.04,3.2,0,46.0,11.3701,0.027216,0.00442831,11.3701,0.0,0.586963,78.4955
1200_dose_0.01_gradient_0_VconcST_0.04_Vconc_3.2_run_0.csv,1200.0,0.01,0,3.2,0.04,3.2,0,46.25,11.4526,0.0266766,0.00446044,11.4526,0.0,0.588716,2796.3
1200_dose_0.01_gradient_0_VconcST_0.04_Vconc_3.2_run_0.csv,1200.0,0.01,0,3.2,0.04,3.2,0,46.5,11.5323,0.0261479,0.00449149,11.5323,0.0,0.590395,76.09
1200_dose_0.01_gradient_0_VconcST_0.04_Vconc_3.2_run_0.csv,1200.0,0.01,0,3.2,0.04,3.2,0,46.75,11.6093,0.0256297,0.00452146,11.6093,0.0,0.592004,2812.87
1200_dose_0.01_gradient_0_VconcST_0.04_Vconc_3.2_run_0.csv,1200.0,0.01,0,3.2,0.04,3.2,0,47.0,11.6836,0.0251217,0.0045504,11.6836,0.0,0.593545,76.6747
1200_dose_0.01_gradient_0_VconcST_0.04_Vconc_3.2_run_0.csv,1200.0,0.01,0,3.2,0.04,3.2,0,47.25,11.7552,0.0246239,0.0045783,11.7552,0.0,0.59502,2733.63
1200_dose_0.01_gradient_0_VconcST_0.04_Vconc_3.2_run_0.csv,1200.0,0.01,0,3.2,0.04,3.2,0,47.5,11.8243,0.0241358,0.00460521,11.8243,0.0,0.596432,73.1017
1200_dose_0.01_gradient_0_VconcST_0.04_Vconc_3.2_run_0.csv,1200.0,0.01,0,3.2,0.04,3.2,0,47.75,11.8909,0.0236575,0.00463114,11.8909,0.0,0.597784,2762.58
1200_dose_0.01_gradient_0_VconcST_0.04_Vconc_3.2_run_0.csv,1200.0,0.01,0,3.2,0.04,3.2,0,48.0,11.955,0.0231886,0.00465611,11.955,0.0,0.599077,72.8566
1200_dose_0.01_gradient_0_VconcST_0.04_Vconc_3.2_run_0.csv,1200.0,0.01,0,3.2,0.04,3.2,0,48.25,12.0167,0.0227291,0.00468014,12.0167,0.0,0.600314,2660.36
1200_dose_0.01_gradient_0_VconcST_0.04_Vconc_3.2_run_0.csv,1200.0,0.01,0,3.2,0.04,3.2,0,48.5,12.0761,0.0222786,0.00470326,12.0761,0.0,0.601497,71.8182
1200_dose_0.01_gradient_0_VconcST_0.04_Vconc_3.2_run_0.csv,1200.0,0.01,0,3.2,0.04,3.2,0,48.75,12.1331,0.0218371,0.00472548,12.1331,0.0,0.602626,2722.12
1200_dose_0.01_gradient_0_VconcST_0.04_Vconc_3.2_run_0.csv,1200.0,0.01,0,3.2,0.04,3.2,0,49.0,12.1879,0.0214043,0.00474681,12.1879,0.0,0.603706,73.209
1200_dose_0.01_gradient_0_VconcST_0.04_Vconc_3.2_run_0.csv,1200.0,0.01,0,3.2,0.04,3.2,0,49.25,12.2405,0.0209801,0.00476729,12.2405,0.0,0.604736,2649.23
1200_dose_0.01_gradient_0_VconcST_0.04_Vconc_3.2_run_0.csv,1200.0,0.01,0,3.2,0.04,3.2,0,49.5,12.2909,0.0205643,0.00478693,12.2909,0.0,0.605719,71.4559
1200_dose_0.01_gradient_0_VconcST_0.04_Vconc_3.2_run_0.csv,1200.0,0.01,0,3.2,0.04,3.2,0,49.75,12.3392,0.0201567,0.00480575,12.3392,0.0,0.606656,2624.05
1200_dose_0.01_gradient_0_VconcST_0.04_Vconc_3.2_run_0.csv,1200.0,0.01,0,3.2,0.04,3.2,0,50.0,12.3863,0.0297572,0.00482407,12.3863,0.0,0.60755,72.7597
1200_dose_0.01_gradient_0_VconcST_0.04_Vconc_3.2_run_0.csv,1200.0,0.01,0,3.2,0.04,3.2,0,50.25,12.4767,0.0291675,0.00485927,12.4767,0.0,0.609283,2621.87
1200_dose_0.01_gradient_0_VconcST_0.04_Vconc_3.2_run_0.csv,1200.0,0.01,0,3.2,0.04,3.2,0,50.5,12.564,0.0285894,0.00489328,12.564,0.0,0.610943,70.3852
1200_dose_0.01_gradient_0_VconcST_0.04_Vconc_3.2_run_0.csv,1200.0,0.01,0,3.2,0.04,3.2,0,50.75,12.6483,0.0280228,0.00492612,12.6483,0.0,0.612533,2559.5
1200_dose_0.01_gradient_0_VconcST_0.04_Vconc_3.2_run_0.csv,1200.0,0.01,0,3.2,0.04,3.2,0,51.0,12.7297,0.0274674,0.00495782,12.7297,0.0,0.614055,73.498
1200_dose_0.01_gradient_0_VconcST_0.04_Vconc_3.2_run_0.csv,1200.0,0.01,0,3.2,0.04,3.2,0,51.25,12.8082,0.026923,0.0049884,12.8082,0.0,0.615513,2465.56
1200_dose_0.01_gradient_0_VconcST_0.04_Vconc_3.2_run_0.csv,1200.0,0.01,0,3.2,0.04,3.2,0,51.5,12.8839,0.0263895,0.00501789,12.8839,0.0,0.616907,73.7628
1200_dose_0.01_gradient_0_VconcST_0.04_Vconc_3.2_run_0.csv,1200.0,0.01,0,3.2,0.04,3.2,0,51.75,12.9569,0.0258665,0.0050463,12.9569,0.0,0.618242,2399.04
1200_dose_0.01_gradient_0_VconcST_0.04_Vconc_3.2_run_0.csv,1200.0,0.01,0,3.2,0.04,3.2,0,52.0,13.0271,0.0253538,0.00507367,13.0271,0.0,0.619519,70.4901
1200_dose_0.01_gradient_0_VconcST_0.04_Vconc_3.2_run_0.csv,1200.0,0.01,0,3.2,0.04,3.2,0,52.25,13.0948,0.0248513,0.00510001,13.0948,0.0,0.620739,2348.36
1200_dose_0.01_gradient_0_VconcST_0.04_Vconc_3.2_run_0.csv,1200.0,0.01,0,3.2,0.04,3.2,0,52.5,13.1598,0.0243588,0.00512535,13.1598,0.0,0.621906,67.7554
1200_dose_0.01_gradient_0_VconcST_0.04_Vconc_3.2_run_0.csv,1200.0,0.01,0,3.2,0.04,3.2,0,52.75,13.2224,0.023876,0.0051497,13.2224,0.0,0.623021,2274.69
1200_dose_0.01_gradient_0_VconcST_0.04_Vconc_3.2_run_0.csv,1200.0,0.01,0,3.2,0.04,3.2,0,53.0,13.2824,0.0234029,0.0051731,13.2824,0.0,0.624086,67.8563
1200_dose_0.01_gradient_0_VconcST_0.04_Vconc_3.2_run_0.csv,1200.0,0.01,0,3.2,0.04,3.2,0,53.25,13.3401,0.022939,0.00519556,13.3401,0.0,0.625102,2199.71
1200_dose_0.01_gradient_0_VconcST_0.04_Vconc_3.2_run_0.csv,1200.0,0.01,0,3.2,0.04,3.2,0,53.5,13.3954,0.0224844,0.00521709,13.3954,0.0,0.626072,109.764
1200_dose_0.01_gradient_0_VconcST_0.04_Vconc_3.2_run_0.csv,1200.0,0.01,0,3.2,0.04,3.2,0,53.75,13.4484,0.0220388,0.00523773,13.4484,0.0,0.626997,1984.3
1200_dose_0.01_gradient_0_VconcST_0.04_Vconc_3.2_run_0.csv,1200.0,0.01,0,3.2,0.04,3.2,0,54.0,13.4991,0.021602,0.00525749,13.4991,0.0,0.627877,728.858
1200_dose_0.01_gradient_0_VconcST_0.04_Vconc_3.2_run_0.csv,1200.0,0.01,0,3.2,0.04,3.2,0,54.25,13.5476,0.0211739,0.00527639,13.5476,0.0,0.628716,1229.88
1200_dose_0.01_gradient_0_VconcST_0.04_Vconc_3.2_run_0.csv,1200.0,0.01,0,3.2,0.04,3.2,0,54.5,13.594,0.0207542,0.00529444,13.594,0.0,0.629514,1857.55
1200_dose_0.01_gradient_0_VconcST_0.04_Vconc_3.2_run_0.csv,1200.0,0.01,0,3.2,0.04,3.2,0,54.75,13.6383,0.0203429,0.00531168,13.6383,0.0,0.630272,1334.4
1200_dose_0.01_gradient_0_VconcST_0.04_Vconc_3.2_run_0.csv,1200.0,0.01,0,3.2,0.04,3.2,0,55.0,13.6812,0.0299397,0.00532841,13.6812,0.0,0.630992,1955.7
1200_dose_0.01_gradient_0_VconcST_0.04_Vconc_3.2_run_0.csv,1200.0,0.01,0,3.2,0.04,3.2,0,55.25,13.7675,0.0293464,0.00536203,13.7675,0.0,0.632457,1468.53
1200_dose_0.01_gradient_0_VconcST_0.04_Vconc_3.2_run_0.csv,1200.0,0.01,0,3.2,0.04,3.2,0,55.5,13.8508,0.0287648,0.00539446,13.8508,0.0,0.633858,1888.19
1200_dose_0.01_gradient_0_VconcST_0.04_Vconc_3.2_run_0.csv,1200.0,0.01,0,3.2,0.04,3.2,0,55.75,13.9311,0.0281947,0.00542571,13.9311,0.0,0.635199,1643.32
1200_dose_0.01_gradient_0_VconcST_0.04_Vconc_3.2_run_0.csv,1200.0,0.01,0,3.2,0.04,3.2,0,56.0,14.0084,0.0276359,0.00545583,14.0084,0.0,0.636481,2098.75
1200_dose_0.01_gradient_0_VconcST_0.04_Vconc_3.2_run_0.csv,1200.0,0.01,0,3.2,0.04,3.2,0,56.25,14.0828,0.0270882,0.00548482,14.0828,0.00419922,0.637708,2333.28
1200_dose_0.01_gradient_0_VconcST_0.04_Vconc_3.2_run_0.csv,1200.0,0.01,0,3.2,0.04,3.2,0,56.5,14.1545,0.0265513,0.00551272,14.1545,0.0,0.63888,3030.53
1200_dose_0.01_gradient_0_VconcST_0.04_Vconc_3.2_run_0.csv,1200.0,0.01,0,3.2,0.04,3.2,0,56.75,14.2233,0.0260251,0.00553955,14.2233,0.0108398,0.64,3202.0
1200_dose_0.01_gradient_0_VconcST_0.04_Vconc_3.2_run_0.csv,1200.0,0.01,0,3.2,0.04,3.2,0,57.0,14.2895,0.0255093,0.00556533,14.2895,0.033572,0.64107,3259.51
1200_dose_0.01_gradient_0_VconcST_0.04_Vconc_3.2_run_0.csv,1200.0,0.01,0,3.2,0.04,3.2,0,57.25,14.3531,0.0250038,0.00559009,14.3531,0.0668403,0.642091,3233.21
1200_dose_0.01_gradient_0_VconcST_0.04_Vconc_3.2_run_0.csv,1200.0,0.01,0,3.2,0.04,3.2,0,57.5,14.4141,0.0245082,0.00561384,14.4141,0.168207,0.643066,3242.31
1200_dose_0.01_gradient_0_VconcST_0.04_Vconc_3.2_run_0.csv,1200.0,0.01,0,3.2,0.04,3.2,0,57.75,14.4726,0.0240225,0.00563661,14.4726,0.300022,0.643995,3178.72
1200_dose_0.01_gradient_0_VconcST_0.04_Vconc_3.2_run_0.csv,1200.0,0.01,0,3.2,0.04,3.2,0,58.0,14.5286,0.0235464,0.00565843,14.5286,0.448785,0.644881,3143.29
1200_dose_0.01_gradient_0_VconcST_0.04_Vconc_3.2_run_0.csv,1200.0,0.01,0,3.2,0.04,3.2,0,58.25,14.5822,0.0230797,0.0056793,14.5822,0.586415,0.645724,3166.68
1200_dose_0.01_gradient_0_VconcST_0.04_Vconc_3.2_run_0.csv,1200.0,0.01,0,3.2,0.04,3.2,0,58.5,14.6334,0.0226223,0.00569927,14.6334,0.718012,0.646527,3162.7
1200_dose_0.01_gradient_0_VconcST_0.04_Vconc_3.2_run_0.csv,1200.0,0.01,0,3.2,0.04,3.2,0,58.75,14.6824,0.022174,0.00571832,14.6824,0.857378,0.647291,3098.29
1200_dose_0.01_gradient_0_VconcST_0.04_Vconc_3.2_run_0.csv,1200.0,0.01,0,3.2,0.04,3.2,0,59.0,14.729,0.0217345,0.0057365,14.729,0.987522,0.648016,3127.84
1200_dose_0.01_gradient_0_VconcST_0.04_Vconc_3.2_run_0.csv,1200.0,0.01,0,3.2,0.04,3.2,0,59.25,14.7735,0.0213038,0.00575382,14.7735,1.0,0.648704,3176.66
1200_dose_0.01_gradient_0_VconcST_0.04_Vconc_3.2_run_0.csv,1200.0,0.01,0,3.2,0.04,3.2,0,59.5,14.8158,0.0208816,0.00577031,14.8158,1.0,0.649356,3108.15
1200_dose_0.01_gradient_0_VconcST_0.04_Vconc_3.2_run_0.csv,1200.0,0.01,0,3.2,0.04,3.2,0,59.75,14.856,0.0204677,0.00578597,14.856,1.0,0.649973,3185.01
1200_dose_0.01_gradient_0_VconcST_0.04_Vconc_3.2_run_0.csv,1200.0,0.01,0,3.2,0.04,3.2,0,60.0,14.895,0.0300621,0.00580112,14.895,1.0,0.650557,3106.72
1200_dose_0.01_gradient_0_VconcST_0.04_Vconc_3.2_run_0.csv,1200.0,0.01,0,3.2,0.04,3.2,0,60.25,14.9772,0.0294663,0.00583317,14.9772,1.0,0.651809,3056.25
1200_dose_0.01_gradient_0_VconcST_0.04_Vconc_3.2_run_0.csv,1200.0,0.01,0,3.2,0.04,3.2,0,60.5,15.0565,0.0288823,0.00586403,15.0565,1.0,0.653006,3124.65
1200_dose_0.01_gradient_0_VconcST_0.04_Vconc_3.2_run_0.csv,1200.0,0.01,0,3.2,0.04,3.2,0,60.75,15.1327,0.0283099,0.00589371,15.1327,1.0,0.65415,3047.18
1200_dose_0.01_gradient_0_VconcST_0.04_Vconc_3.2_run_0.csv,1200.0,0.01,0,3.2,0.04,3.2,0,61.0,15.206,0.0277488,0.00592226,15.206,1.0,0.655243,3097.08
1200_dose_0.01_gradient_0_VconcST_0.04_Vconc_3.2_run_0.csv,1200.0,0.01,0,3.2,0.04,3.2,0,61.25,15.2764,0.0271989,0.00594968,15.2764,1.0,0.656287,3041.63
1200_dose_0.01_gradient_0_VconcST_0.04_Vconc_3.2_run_0.csv,1200.0,0.01,0,3.2,0.04,3.2,0,61.5,15.344,0.0266598,0.00597602,15.344,1.0,0.657284,3083.53
1200_dose_0.01_gradient_0_VconcST_0.04_Vconc_3.2_run_0.csv,1200.0,0.01,0,3.2,0.04,3.2,0,61.75,15.4089,0.0261314,0.00600129,15.4089,1.0,0.658234,3108.97
1200_dose_0.01_gradient_0_VconcST_0.04_Vconc_3.2_run_0.csv,1200.0,0.01,0,3.2,0.04,3.2,0,62.0,15.4711,0.0256135,0.00602551,15.4711,1.0,0.65914,3084.95
1200_dose_0.01_gradient_0_VconcST_0.04_Vconc_3.2_run_0.csv,1200.0,0.01,0,3.2,0.04,3.2,0,62.25,15.5307,0.0251059,0.00604871,15.5307,1.0,0.660004,3022.76
1200_dose_0.01_gradient_0_VconcST_0.04_Vconc_1.6_run_0.csv,1200.0,0.01,0,1.6,0.04,1.6,0,0.0,0.0,0.0,0.0,0.0,0.0,0.0,0.0
1200_dose_0.01_gradient_0_VconcST_0.04_Vconc_1.6_run_0.csv,1200.0,0.01,0,1.6,0.04,1.6,0,0.25,0.0,0.0,0.0,0.0,0.0,0.0,3671.84
1200_dose_0.01_gradient_0_VconcST_0.04_Vconc_1.6_run_0.csv,1200.0,0.01,0,1.6,0.04,1.6,0,0.5,0.0,0.0,0.0,0.0,0.0,0.0,98.1273
1200_dose_0.01_gradient_0_VconcST_0.04_Vconc_1.6_run_0.csv,1200.0,0.01,0,1.6,0.04,1.6,0,0.75,0.0,0.0,0.0,0.0,0.0,0.0,3462.78
1200_dose_0.01_gradient_0_VconcST_0.04_Vconc_1.6_run_0.csv,1200.0,0.01,0,1.6,0.04,1.6,0,1.0,0.0,0.0,0.0,0.0,0.0,0.0,98.307
1200_dose_0.01_gradient_0_VconcST_0.04_Vconc_1.6_run_0.csv,1200.0,0.01,0,1.6,0.04,1.6,0,1.25,0.0,0.0,0.0,0.0,0.0,0.0,3489.89
1200_dose_0.01_gradient_0_VconcST_0.04_Vconc_1.6_run_0.csv,1200.0,0.01,0,1.6,0.04,1.6,0,1.5,0.0,0.0,0.0,0.0,0.0,0.0,99.7553
1200_dose_0.01_gradient_0_VconcST_0.04_Vconc_1.6_run_0.csv,1200.0,0.01,0,1.6,0.04,1.6,0,1.75,0.0,0.0,0.0,0.0,0.0,0.0,3418.55
1200_dose_0.01_gradient_0_VconcST_0.04_Vconc_1.6_run_0.csv,1200.0,0.01,0,1.6,0.04,1.6,0,2.0,0.0,0.0,0.0,0.0,0.0,0.0,100.916
1200_dose_0.01_gradient_0_VconcST_0.04_Vconc_1.6_run_0.csv,1200.0,0.01,0,1.6,0.04,1.6,0,2.25,0.0,0.0,0.0,0.0,0.0,0.0,3583.48
1200_dose_0.01_gradient_0_VconcST_0.04_Vconc_1.6_run_0.csv,1200.0,0.01,0,1.6,0.04,1.6,0,2.5,0.0,0.0,0.0,0.0,0.0,0.0,100.788
1200_dose_0.01_gradient_0_VconcST_0.04_Vconc_1.6_run_0.csv,1200.0,0.01,0,1.6,0.04,1.6,0,2.75,0.0,0.0,0.0,0.0,0.0,0.0,3583.51
1200_dose_0.01_gradient_0_VconcST_0.04_Vconc_1.6_run_0.csv,1200.0,0.01,0,1.6,0.04,1.6,0,3.0,0.0,0.0,0.0,0.0,0.0,0.0,101.804
1200_dose_0.01_gradient_0_VconcST_0.04_Vconc_1.6_run_0.csv,1200.0,0.01,0,1.6,0.04,1.6,0,3.25,0.0,0.0,0.0,0.0,0.0,0.0,3518.47
1200_dose_0.01_gradient_0_VconcST_0.04_Vconc_1.6_run_0.csv,1200.0,0.01,0,1.6,0.04,1.6,0,3.5,0.0,0.0,0.0,0.0,0.0,0.0,102.584
1200_dose_0.01_gradient_0_VconcST_0.04_Vconc_1.6_run_0.csv,1200.0,0.01,0,1.6,0.04,1.6,0,3.75,0.0,0.0,0.0,0.0,0.0,0.0,3623.46
1200_dose_0.01_gradient_0_VconcST_0.04_Vconc_1.6_run_0.csv,1200.0,0.01,0,1.6,0.04,1.6,0,4.0,0.0,0.0,0.0,0.0,0.0,0.0,101.739
1200_dose_0.01_gradient_0_VconcST_0.04_Vconc_1.6_run_0.csv,1200.0,0.01,0,1.6,0.04,1.6,0,4.25,0.0,0.0,0.0,0.0,0.0,0.0,3596.43
1200_dose_0.01_gradient_0_VconcST_0.04_Vconc_1.6_run_0.csv,1200.0,0.01,0,1.6,0.04,1.6,0,4.5,0.0,0.0,0.0,0.0,0.0,0.0,97.438
1200_dose_0.01_gradient_0_VconcST_0.04_Vconc_1.6_run_0.csv,1200.0,0.01,0,1.6,0.04,1.6,0,4.75,0.0,0.0,0.0,0.0,0.0,0.0,3589.14
1200_dose_0.01_gradient_0_VconcST_0.04_Vconc_1.6_run_0.csv,1200.0,0.01,0,1.6,0.04,1.6,0,5.0,0.000778625,0.01,3.0325e-07,0.000778625,0.0,0.0,103.212
1200_dose_0.01_gradient_0_VconcST_0.04_Vconc_1.6_run_0.csv,1200.0,0.01,0,1.6,0.04,1.6,0,5.25,0.0469344,0.00980181,1.82795e-05,0.0469344,0.0,0.00573865,3498.56
1200_dose_0.01_gradient_0_VconcST_0.04_Vconc_1.6_run_0.csv,1200.0,0.01,0,1.6,0.04,1.6,0,5.5,0.0920004,0.00960755,3.58313e-05,0.0920004,0.0,0.0112786,97.1737
1200_dose_0.01_gradient_0_VconcST_0.04_Vconc_1.6_run_0.csv,1200.0,0.01,0,1.6,0.04,1.6,0,5.75,0.135999,0.00941714,5.29673e-05,0.135999,0.0,0.0166281,3459.0
1200_dose_0.01_gradient_0_VconcST_0.04_Vconc_1.6_run_0.csv,1200.0,0.01,0,1.6,0.04,1.6,0,6.0,0.178951,0.00923051,6.9696e-05,0.178951,0.0,0.0217949,96.9315
1200_dose_0.01_gradient_0_VconcST_0.04_Vconc_1.6_run_0.csv,1200.0,0.01,0,1.6,0.04,1.6,0,6.25,0.22088,0.00904757,8.60258e-05,0.22088,0.0,0.0267864,3498.06
1200_dose_0.01_gradient_0_VconcST_0.04_Vconc_1.6_run_0.csv,1200.0,0.01,0,1.6,0.04,1.6,0,6.5,0.261805,0.00886825,0.000101965,0.261805,0.0,0.0316096,96.7146
1200_dose_0.01_gradient_0_VconcST_0.04_Vconc_1.6_run_0.csv,1200.0,0.01,0,1.6,0.04,1.6,0,6.75,0.301747,0.00869249,0.000117521,0.301747,0.0,0.036271,3397.62
1200_dose_0.01_gradient_0_VconcST_0.04_Vconc_1.6_run_0.csv,1200.0,0.01,0,1.6,0.04,1.6,0,7.0,0.340726,0.00852022,0.000132702,0.340726,0.0,0.040777,94.5143
1200_dose_0.01_gradient_0_VconcST_0.04_Vconc_1.6_run_0.csv,1200.0,0.01,0,1.6,0.04,1.6,0,7.25,0.378762,0.00835137,0.000147516,0.378762,0.0,0.0451337,3362.62
1200_dose_0.01_gradient_0_VconcST_0.04_Vconc_1.6_run_0.csv,1200.0,0.01,0,1.6,0.04,1.6,0,7.5,0.415875,0.00818586,0.00016197,0.415875,0.0,0.0493465,91.6785
1200_dose_0.01_gradient_0_VconcST_0.04_Vconc_1.6_run_0.csv,1200.0,0.01,0,1.6,0.04,1.6,0,7.75,0.452083,0.00802362,0.000176072,0.452083,0.0,0.053421,3382.95
1200_dose_0.01_gradient_0_VconcST_0.04_Vconc_1.6_run_0.csv,1200.0,0.01,0,1.6,0.04,1.6,0,8.0,0.487405,0.0078646,0.000189829,0.487405,0.0,0.0573623,90.8297
1200_dose_0.01_gradient_0_VconcST_0.04_Vconc_1.6_run_0.csv,1200.0,0.01,0,1.6,0.04,1.6,0,8.25,0.521859,0.00770874,0.000203248,0.521859,0.0,0.0611752,3354.91
1200_dose_0.01_gradient_0_VconcST_0.04_Vconc_1.6_run_0.csv,1200.0,0.01,0,1.6,0.04,1.6,0,8.5,0.555463,0.00755596,0.000216335,0.555463,0.0,0.0648644,94.8785
1200_dose_0.01_gradient_0_VconcST_0.04_Vconc_1.6_run_0.csv,1200.0,0.01,0,1.6,0.04,1.6,0,8.75,0.588234,0.00740621,0.000229099,0.588234,0.0,0.0684345,3293.27
1200_dose_0.01_gradient_0_VconcST_0.04_Vconc_1.6_run_0.csv,1200.0,0.01,0,1.6,0.04,1.6,0,9.0,0.62019,0.00725943,0.000241545,0.62019,0.0,0.0718895,86.2691
1200_dose_0.01_gradient_0_VconcST_0.04_Vconc_1.6_run_0.csv,1200.0,0.01,0,1.6,0.04,1.6,0,9.25,0.651347,0.00711555,0.000253679,0.651347,0.0,0.0752336,3265.04
1200_dose_0.01_gradient_0_VconcST_0.04_Vconc_1.6_run_0.csv,1200.0,0.01,0,1.6,0.04,1.6,0,9.5,0.681721,0.00697453,0.000265509,0.681721,0.0,0.0784707,90.7963
1200_dose_0.01_gradient_0_VconcST_0.04_Vconc_1.6_run_0.csv,1200.0,0.01,0,1.6,0.04,1.6,0,9.75,0.71133,0.0068363,0.000277041,0.71133,0.0,0.0816043,3213.01
1200_dose_0.01_gradient_0_VconcST_0.04_Vconc_1.6_run_0.csv,1200.0,0.01,0,1.6,0.04,1.6,0,10.0,0.740967,0.0167008,0.000288584,0.740967,0.0,0.0846381,87.6288
1200_dose_0.01_gradient_0_VconcST_0.04_Vconc_1.6_run_0.csv,1200.0,0.01,0,1.6,0.04,1.6,0,10.25,0.815246,0.0163698,0.000317513,0.815246,0.0,0.0923554,3122.49
1200_dose_0.01_gradient_0_VconcST_0.04_Vconc_1.6_run_0.csv,1200.0,0.01,0,1.6,0.04,1.6,0,10.5,0.887716,0.0160454,0.000345738,0.887716,0.0,0.0997604,85.6482
1200_dose_0.01_gradient_0_VconcST_0.04_Vconc_1.6_run_0.csv,1200.0,0.01,0,1.6,0.04,1.6,0,10.75,0.958415,0.0157274,0.000373273,0.958415,0.0,0.106869,3053.85
1200_dose_0.01_gradient_0_VconcST_0.04_Vconc_1.6_run_0.csv,1200.0,0.01,0,1.6,0.04,1.6,0,11.0,1.02738,0.0154157,0.000400131,1.02738,0.0,0.113695,83.0
1200_dose_0.01_gradient_0_VconcST_0.04_Vconc_1.6_run_0.csv,1200.0,0.01,0,1.6,0.04,1.6,0,11.25,1.09464,0.0151102,0.000426327,1.09464,0.0,0.120254,3078.75
1200_dose_0.01_gradient_0_VconcST_0.04_Vconc_1.6_run_0.csv,1200.0,0.01,0,1.6,0.04,1.6,0,11.5,1.16023,0.0148107,0.000451875,1.16023,0.0,0.126557,82.5514
1200_dose_0.01_gradient_0_VconcST_0.04_Vconc_1.6_run_0.csv,1200.0,0.01,0,1.6,0.04,1.6,0,11.75,1.2242,0.0145172,0.000476787,1.2242,0.0,0.132617,3046.92
1200_dose_0.01_gradient_0_VconcST_0.04_Vconc_1.6_run_0.csv,1200.0,0.01,0,1.6,0.04,1.6,0,12.0,1.28657,0.0142295,0.000501077,1.28657,0.0,0.138445,79.3903
1200_dose_0.01_gradient_0_VconcST_0.04_Vconc_1.6_run_0.csv,1200.0,0.01,0,1.6,0.04,1.6,0,12.25,1.34737,0.0139475,0.000524758,1.34737,0.0,0.144053,2883.34
1200_dose_0.01_gradient_0_VconcST_0.04_Vconc_1.6_run_0.csv,1200.0,0.01,0,1.6,0.04,1.6,0,12.5,1.40664,0.013671,0.000547842,1.40664,0.0,0.149449,79.8149
1200_dose_0.01_gradient_0_VconcST_0.04_Vconc_1.6_run_0.csv,1200.0,0.01,0,1.6,0.04,1.6,0,12.75,1.46441,0.0134001,0.000570342,1.46441,0.0,0.154643,2855.1
1200_dose_0.01_gradient_0_VconcST_0.04_Vconc_1.6_run_0.csv,1200.0,0.01,0,1.6,0.04,1.6,0,13.0,1.52071,0.0131345,0.000592269,1.52071,0.0,0.159645,78.792
1200_dose_0.01_gradient_0_VconcST_0.04_Vconc_1.6_run_0.csv,1200.0,0.01,0,1.6,0.04,1.6,0,13.25,1.57557,0.0128742,0.000613636,1.57557,0.0,0.164462,2878.39
1200_dose_0.01_gradient_0_VconcST_0.04_Vconc_1.6_run_0.csv,1200.0,0.01,0,1.6,0.04,1.6,0,13.5,1.62902,0.0126191,0.000634453,1.62902,0.0,0.169102,78.2224
1200_dose_0.01_gradient_0_VconcST_0.04_Vconc_1.6_run_0.csv,1200.0,0.01,0,1.6,0.04,1.6,0,13.75,1.68109,0.012369,0.000654734,1.68109,0.0,0.173574,2854.66
1200_dose_0.01_gradient_0_VconcST_0.04_Vconc_1.6_run_0.csv,1200.0,0.01,0,1.6,0.04,1.6,0,14.0,1.73181,0.0121238,0.000674487,1.73181,0.0,0.177883,74.6459
1200_dose_0.01_gradient_0_VconcST_0.04_Vconc_1.6_run_0.csv,1200.0,0.01,0,1.6,0.04,1.6,0,14.25,1.78121,0.0118835,0.000693725,1.78121,0.0,0.182037,2796.28
1200_dose_0.01_gradient_0_VconcST_0.04_Vconc_1.6_run_0.csv,1200.0,0.01,0,1.6,0.04,1.6,0,14.5,1.82931,0.011648,0.000712458,1.82931,0.0,0.186042,72.6939
1200_dose_0.01_gradient_0_VconcST_0.04_Vconc_1.6_run_0.csv,1200.0,0.01,0,1.6,0.04,1.6,0,14.75,1.87613,0.0114172,0.000730696,1.87613,0.0,0.189903,2826.96
1200_dose_0.01_gradient_0_VconcST_0.04_Vconc_1.6_run_0.csv,1200.0,0.01,0,1.6,0.04,1.6,0,15.0,1.9225,0.0211909,0.000748754,1.9225,0.0,0.193627,73.491
1200_dose_0.01_gradient_0_VconcST_0.04_Vconc_1.6_run_0.csv,1200.0,0.01,0,1.6,0.04,1.6,0,15.25,2.01302,0.0207709,0.00078401,2.01302,0.0,0.200922,2656.94
1200_dose_0.01_gradient_0_VconcST_0.04_Vconc_1.6_run_0.csv,1200.0,0.01,0,1.6,0.04,1.6,0,15.5,2.10127,0.0203593,0.000818378,2.10127,0.0,0.207906,71.3204
1200_dose_0.01_gradient_0_VconcST_0.04_Vconc_1.6_run_0.csv,1200.0,0.01,0,1.6,0.04,1.6,0,15.75,2.18727,0.0199558,0.000851876,2.18727,0.0,0.214597,2668.04
1200_dose_0.01_gradient_0_VconcST_0.04_Vconc_1.6_run_0.csv,1200.0,0.01,0,1.6,0.04,1.6,0,16.0,2.27109,0.0195603,0.000884521,2.27109,0.0,0.221011,71.8745
1200_dose_0.01_gradient_0_VconcST_0.04_Vconc_1.6_run_0.csv,1200.0,0.01,0,1.6,0.04,1.6,0,16.25,2.35277,0.0191726,0.000916331,2.35277,0.0,0.22716,2610.23
1200_dose_0.01_gradient_0_VconcST_0.04_Vconc_1.6_run_0.csv,1200.0,0.01,0,1.6,0.04,1.6,0,16.5,2.43235,0.0187926,0.000947324,2.43235,0.0,0.233058,71.5044
1200_dose_0.01_gradient_0_VconcST_0.04_Vconc_1.6_run_0.csv,1200.0,0.01,0,1.6,0.04,1.6,0,16.75,2.50987,0.0184202,0.000977516,2.50987,0.0,0.238718,2493.82
1200_dose_0.01_gradient_0_VconcST_0.04_Vconc_1.6_run_0.csv,1200.0,0.01,0,1.6,0.04,1.6,0,17.0,2.58538,0.0180551,0.00100692,2.58538,0.0,0.244152,68.9731
1200_dose_0.01_gradient_0_VconcST_0.04_Vconc_1.6_run_0.csv,1200.0,0.01,0,1.6,0.04,1.6,0,17.25,2.65891,0.0176973,0.00103556,2.65891,0.0,0.249369,2410.3
1200_dose_0.01_gradient_0_VconcST_0.04_Vconc_1.6_run_0.csv,1200.0,0.01,0,1.6,0.04,1.6,0,17.5,2.73052,0.0173465,0.00106345,2.73052,0.0,0.254381,66.9769
1200_dose_0.01_gradient_0_VconcST_0.04_Vconc_1.6_run_0.csv,1200.0,0.01,0,1.6,0.04,1.6,0,17.75,2.80024,0.0170028,0.00109061,2.80024,0.0,0.259197,2368.07
1200_dose_0.01_gradient_0_VconcST_0.04_Vconc_1.6_run_0.csv,1200.0,0.01,0,1.6,0.04,1.6,0,18.0,2.8681,0.0166657,0.00111704,2.8681,0.0,0.263825,67.1432
1200_dose_0.01_gradient_0_VconcST_0.04_Vconc_1.6_run_0.csv,1200.0,0.01,0,1.6,0.04,1.6,0,18.25,2.93415,0.0163354,0.00114276,2.93415,0.0,0.268275,2205.07
1200_dose_0.01_gradient_0_VconcST_0.04_Vconc_1.6_run_0.csv,1200.0,0.01,0,1.6,0.04,1.6,0,18.5,2.99843,0.0160117,0.0011678,2.99843,0.0,0.272553,64.3329
1200_dose_0.01_gradient_0_VconcST_0.04_Vconc_1.6_run_0.csv,1200.0,0.01,0,1.6,0.04,1.6,0,18.75,3.06097,0.0156944,0.00119215,3.06097,0.0,0.276669,2167.1
1200_dose_0.01_gradient_0_VconcST_0.04_Vconc_1.6_run_0.csv,1200.0,0.01,0,1.6,0.04,1.6,0,19.0,3.1218,0.0153833,0.00121585,3.1218,0.0,0.280627,63.2927
1200_dose_0.01_gradient_0_VconcST_0.04_Vconc_1.6_run_0.csv,1200.0,0.01,0,1.6,0.04,1.6,0,19.25,3.18097,0.0150784,0.00123889,3.18097,0.0,0.284437,1938.46
1200_dose_0.01_gradient_0_VconcST_0.04_Vconc_1.6_run_0.csv,1200.0,0.01,0,1.6,0.04,1.6,0,19.5,3.23851,0.0147796,0.0012613,3.23851,0.0,0.288102,437.591
1200_dose_0.01_gradient_0_VconcST_0.04_Vconc_1.6_run_0.csv,1200.0,0.01,0,1.6,0.04,1.6,0,19.75,3.29445,0.0144867,0.00128309,3.29445,0.0,0.29163,1343.86
1200_dose_0.01_gradient_0_VconcST_0.04_Vconc_1.6_run_0.csv,1200.0,0.01,0,1.6,0.04,1.6,0,20.0,3.34961,0.0241996,0.00130457,3.34961,0.0,0.295026,1684.44
1200_dose_0.01_gradient_0_VconcST_0.04_Vconc_1.6_run_0.csv,1200.0,0.01,0,1.6,0.04,1.6,0,20.25,3.44861,0.02372,0.00134313,3.44861,0.0,0.301126,747.862
1200_dose_0.01_gradient_0_VconcST_0.04_Vconc_1.6_run_0.csv,1200.0,0.01,0,1.6,0.04,1.6,0,20.5,3.54502,0.0232499,0.00138068,3.54502,0.0,0.306965,1942.69
1200_dose_0.01_gradient_0_VconcST_0.04_Vconc_1.6_run_0.csv,1200.0,0.01,0,1.6,0.04,1.6,0,20.75,3.63889,0.0227891,0.00141724,3.63889,0.0,0.312558,507.906
1200_dose_0.01_gradient_0_VconcST_0.04_Vconc_1.6_run_0.csv,1200.0,0.01,0,1.6,0.04,1.6,0,21.0,3.73029,0.0223374,0.00145283,3.73029,0.0,0.317917,2184.46
1200_dose_0.01_gradient_0_VconcST_0.04_Vconc_1.6_run_0.csv,1200.0,0.01,0,1.6,0.04,1.6,0,21.25,3.81925,0.0218947,0.00148748,3.81925,0.0,0.323054,374.234
1200_dose_0.01_gradient_0_VconcST_0.04_Vconc_1.6_run_0.csv,1200.0,0.01,0,1.6,0.04,1.6,0,21.5,3.90583,0.0214608,0.0015212,3.90583,1.5191e-05,0.32798,2475.75
1200_dose_0.01_gradient_0_VconcST_0.04_Vconc_1.6_run_0.csv,1200.0,0.01,0,1.6,0.04,1.6,0,21.75,3.99008,0.0210355,0.00155401,3.99008,0.000651042,0.332705,788.273
1200_dose_0.01_gradient_0_VconcST_0.04_Vconc_1.6_run_0.csv,1200.0,0.01,0,1.6,0.04,1.6,0,22.0,4.07205,0.0206186,0.00158594,4.07205,0.00865885,0.337238,2149.35
1200_dose_0.01_gradient_0_VconcST_0.04_Vconc_1.6_run_0.csv,1200.0,0.01,0,1.6,0.04,1.6,0,22.25,4.15178,0.0202099,0.00161699,4.15178,0.00575304,0.341589,2871.68
1200_dose_0.01_gradient_0_VconcST_0.04_Vconc_1.6_run_0.csv,1200.0,0.01,0,1.6,0.04,1.6,0,22.5,4.22932,0.0198094,0.00164719,4.22932,0.0556228,0.345766,2877.8
1200_dose_0.01_gradient_0_VconcST_0.04_Vconc_1.6_run_0.csv,1200.0,0.01,0,1.6,0.04,1.6,0,22.75,4.30472,0.0194168,0.00167656,4.30472,0.136743,0.349778,2807.2
1200_dose_0.01_gradient_0_VconcST_0.04_Vconc_1.6_run_0.csv,1200.0,0.01,0,1.6,0.04,1.6,0,23.0,4.37803,0.019032,0.00170511,4.37803,0.249112,0.353631,2838.86
1200_dose_0.01_gradient_0_VconcST_0.04_Vconc_1.6_run_0.csv,1200.0,0.01,0,1.6,0.04,1.6,0,23.25,4.44928,0.0186548,0.00173286,4.44928,0.392732,0.357332,2862.61
1200_dose_0.01_gradient_0_VconcST_0.04_Vconc_1.6_run_0.csv,1200.0,0.01,0,1.6,0.04,1.6,0,23.5,4.51852,0.0182851,0.00175982,4.51852,0.562878,0.360889,2808.86
1200_dose_0.01_gradient_0_VconcST_0.04_Vconc_1.6_run_0.csv,1200.0,0.01,0,1.6,0.04,1.6,0,23.75,4.58578,0.0179227,0.00178602,4.58578,0.749568,0.364306,2860.84
1200_dose_0.01_gradient_0_VconcST_0.04_Vconc_1.6_run_0.csv,1200.0,0.01,0,1.6,0.04,1.6,0,24.0,4.65112,0.0175675,0.00181147,4.65112,0.886693,0.367591,2845.91
1200_dose_0.01_gradient_0_VconcST_0.04_Vconc_1.6_run_0.csv,1200.0,0.01,0,1.6,0.04,1.6,0,24.25,4.71458,0.0172193,0.00183618,4.71458,1.0,0.370749,2814.7
1200_dose_0.01_gradient_0_VconcST_0.04_Vconc_1.6_run_0.csv,1200.0,0.01,0,1.6,0.04,1.6,0,24.5,4.77618,0.016878,0.00186017,4.77618,1.0,0.373785,2794.99
1200_dose_0.01_gradient_0_VconcST_0.04_Vconc_1.6_run_0.csv,1200.0,0.01,0,1.6,0.04,1.6,0,24.75,4.83598,0.0165435,0.00188346,4.83598,1.0,0.376704,2836.76
1200_dose_0.01_gradient_0_VconcST_0.04_Vconc_1.6_run_0.csv,1200.0,0.01,0,1.6,0.04,1.6,0,25.0,4.89478,0.0262156,0.00190637,4.89478,1.0,0.379511,2835.74
1200_dose_0.01_gradient_0_VconcST_0.04_Vconc_1.6_run_0.csv,1200.0,0.01,0,1.6,0.04,1.6,0,25.25,4.99723,0.025696,0.00194627,4.99723,1.0,0.384404,2797.74
1200_dose_0.01_gradient_0_VconcST_0.04_Vconc_1.6_run_0.csv,1200.0,0.01,0,1.6,0.04,1.6,0,25.5,5.09689,0.0251868,0.00198508,5.09689,1.0,0.389092,2808.58
1200_dose_0.01_gradient_0_VconcST_0.04_Vconc_1.6_run_0.csv,1200.0,0.01,0,1.6,0.04,1.6,0,25.75,5.19382,0.0246876,0.00202283,5.19382,1.0,0.393582,2739.18
1200_dose_0.01_gradient_0_VconcST_0.04_Vconc_1.6_run_0.csv,1200.0,0.01,0,1.6,0.04,1.6,0,26.0,5.28808,0.0241983,0.00205954,5.28808,1.0,0.397887,2655.94
1200_dose_0.01_gradient_0_VconcST_0.04_Vconc_1.6_run_0.csv,1200.0,0.01,0,1.6,0.04,1.6,0,26.25,5.37973,0.0237187,0.00209524,5.37973,1.0,0.402013,2642.84
1200_dose_0.01_gradient_0_VconcST_0.04_Vconc_1.6_run_0.csv,1200.0,0.01,0,1.6,0.04,1.6,0,26.5,5.46881,0.0232487,0.00212993,5.46881,1.0,0.405971,2614.4
1200_dose_0.01_gradient_0_VconcST_0.04_Vconc_1.6_run_0.csv,1200.0,0.01,0,1.6,0.04,1.6,0,26.75,5.55539,0.0227879,0.00216365,5.55539,1.0,0.409767,2641.98
1200_dose_0.01_gradient_0_VconcST_0.04_Vconc_1.6_run_0.csv,1200.0,0.01,0,1.6,0.04,1.6,0,27.0,5.63951,0.0223363,0.00219641,5.63951,1.0,0.413409,2619.23
1200_dose_0.01_gradient_0_VconcST_0.04_Vconc_1.6_run_0.csv,1200.0,0.01,0,1.6,0.04,1.6,0,27.25,5.72122,0.0218936,0.00222824,5.72122,1.0,0.416904,2568.92
1200_dose_0.01_gradient_0_VconcST_0.04_Vconc_1.6_run_0.csv,1200.0,0.01,0,1.6,0.04,1.6,0,27.5,5.80059,0.0214597,0.00225915,5.80059,1.0,0.42026,2639.78
1200_dose_0.01_gradient_0_VconcST_0.04_Vconc_1.6_run_0.csv,1200.0,0.01,0,1.6,0.04,1.6,0,27.75,5.87765,0.0210344,0.00228916,5.87765,1.0,0.423481,2571.12
1200_dose_0.01_gradient_0_VconcST_0.04_Vconc_1.6_run_0.csv,1200.0,0.01,0,1.6,0.04,1.6,0,28.0,5.95245,0.0206175,0.0023183,5.95245,1.0,0.426574,2567.73
1200_dose_0.01_gradient_0_VconcST_0.04_Vconc_1.6_run_0.csv,1200.0,0.01,0,1.6,0.04,1.6,0,28.25,6.02505,0.0202089,0.00234657,6.02505,1.0,0.429544,2491.75
1200_dose_0.01_gradient_0_VconcST_0.04_Vconc_1.6_run_0.csv,1200.0,0.01,0,1.6,0.04,1.6,0,28.5,6.09548,0.0198084,0.002374,6.09548,1.0,0.432396,2566.58
1200_dose_0.01_gradient_0_VconcST_0.04_Vconc_1.6_run_0.csv,1200.0,0.01,0,1.6,0.04,1.6,0,28.75,6.1638,0.0194158,0.00240061,6.1638,1.0,0.435135,2480.29
1200_dose_0.01_gradient_0_VconcST_0.04_Vconc_1.6_run_0.csv,1200.0,0.01,0,1.6,0.04,1.6,0,29.0,6.23005,0.019031,0.00242641,6.23005,1.0,0.437767,2495.17
1200_dose_0.01_gradient_0_VconcST_0.04_Vconc_1.6_run_0.csv,1200.0,0.01,0,1.6,0.04,1.6,0,29.25,6.29427,0.0186538,0.00245142,6.29427,1.0,0.440294,2499.23
1200_dose_0.01_gradient_0_VconcST_0.04_Vconc_1.6_run_0.csv,1200.0,0.01,0,1.6,0.04,1.6,0,29.5,6.35651,0.0182841,0.00247566,6.35651,1.0,0.442722,2531.91
1200_dose_0.01_gradient_0_VconcST_0.04_Vconc_1.6_run_0.csv,1200.0,0.01,0,1.6,0.04,1.6,0,29.75,6.4168,0.0179218,0.00249915,6.4168,1.0,0.445054,2458.73
1200_dose_0.01_gradient_0_VconcST_0.04_Vconc_1.6_run_0.csv,1200.0,0.01,0,1.6,0.04,1.6,0,30.0,6.47597,0.0275666,0.00252219,6.47597,1.0,0.447294,2526.71
1200_dose_0.01_gradient_0_VconcST_0.04_Vconc_1.6_run_0.csv,1200.0,0.01,0,1.6,0.04,1.6,0,30.25,6.57866,0.0270202,0.00256218,6.57866,1.0,0.451189,2509.31
1200_dose_0.01_gradient_0_VconcST_0.04_Vconc_1.6_run_0.csv,1200.0,0.01,0,1.6,0.04,1.6,0,30.5,6.67844,0.0264847,0.00260105,6.67844,1.0,0.454922,2455.67
1200_dose_0.01_gradient_0_VconcST_0.04_Vconc_1.6_run_0.csv,1200.0,0.01,0,1.6,0.04,1.6,0,30.75,6.77537,0.0259598,0.00263879,6.77537,1.0,0.4585,2394.98
1200_dose_0.01_gradient_0_VconcST_0.04_Vconc_1.6_run_0.csv,1200.0,0.01,0,1.6,0.04,1.6,0,31.0,6.8695,0.0254453,0.00267546,6.8695,1.0,0.46193,2359.39
1200_dose_0.01_gradient_0_VconcST_0.04_Vconc_1.6_run_0.csv,1200.0,0.01,0,1.6,0.04,1.6,0,31.25,6.96091,0.024941,0.00271106,6.96091,1.0,0.465219,2318.48
1200_dose_0.01_gradient_0_VconcST_0.04_Vconc_1.6_run_0.csv,1200.0,0.01,0,1.6,0.04,1.6,0,31.5,7.04964,0.0244467,0.00274562,7.04964,1.0,0.468374,2330.55
1200_dose_0.01_gradient_0_VconcST_0.04_Vconc_1.6_run_0.csv,1200.0,0.01,0,1.6,0.04,1.6,0,31.75,7.13575,0.0239622,0.00277915,7.13575,1.0,0.471401,2307.98
1200_dose_0.01_gradient_0_VconcST_0.04_Vconc_1.6_run_0.csv,1200.0,0.01,0,1.6,0.04,1.6,0,32.0,7.2193,0.0234873,0.00281169,7.2193,1.0,0.474304,2310.86
1200_dose_0.01_gradient_0_VconcST_0.04_Vconc_1.6_run_0.csv,1200.0,0.01,0,1.6,0.04,1.6,0,32.25,7.30034,0.0230218,0.00284326,7.30034,1.0,0.47709,2250.83
1200_dose_0.01_gradient_0_VconcST_0.04_Vconc_1.6_run_0.csv,1200.0,0.01,0,1.6,0.04,1.6,0,32.5,7.37893,0.0225656,0.00287386,7.37893,1.0,0.479764,2271.86
1200_dose_0.01_gradient_0_VconcST_0.04_Vconc_1.6_run_0.csv,1200.0,0.01,0,1.6,0.04,1.6,0,32.75,7.45511,0.0221183,0.00290353,7.45511,1.0,0.48233,2285.64
1200_dose_0.01_gradient_0_VconcST_0.04_Vconc_1.6_run_0.csv,1200.0,0.01,0,1.6,0.04,1.6,0,33.0,7.52894,0.02168,0.00293229,7.52894,1.0,0.484793,2263.54
1200_dose_0.01_gradient_0_VconcST_0.04_Vconc_1.6_run_0.csv,1200.0,0.01,0,1.6,0.04,1.6,0,33.25,7.60046,0.0212503,0.00296014,7.60046,1.0,0.487156,2234.74
1200_dose_0.01_gradient_0_VconcST_0.04_Vconc_1.6_run_0.csv,1200.0,0.01,0,1.6,0.04,1.6,0,33.5,7.66973,0.0208291,0.00298712,7.66973,1.0,0.489424,2232.03
1200_dose_0.01_gradient_0_VconcST_0.04_Vconc_1.6_run_0.csv,1200.0,0.01,0,1.6,0.04,1.6,0,33.75,7.73679,0.0204163,0.00301324,7.73679,1.0,0.491602,2241.01
1200_dose_0.01_gradient_0_VconcST_0.04_Vconc_1.6_run_0.csv,1200.0,0.01,0,1.6,0.04,1.6,0,34.0,7.80169,0.0200117,0.00303852,7.80169,1.0,0.493691,2261.84
1200_dose_0.01_gradient_0_VconcST_0.04_Vconc_1.6_run_0.csv,1200.0,0.01,0,1.6,0.04,1.6,0,34.25,7.86448,0.0196151,0.00306297,7.86448,1.0,0.495696,2101.47
1200_dose_0.01_gradient_0_VconcST_0.04_Vconc_1.6_run_0.csv,1200.0,0.01,0,1.6,0.04,1.6,0,34.5,7.9252,0.0192263,0.00308662,7.9252,1.0,0.49762,2115.15
1200_dose_0.01_gradient_0_VconcST_0.04_Vconc_1.6_run_0.csv,1200.0,0.01,0,1.6,0.04,1.6,0,34.75,7.9839,0.0188453,0.00310948,7.9839,1.0,0.499466,2206.99
1200_dose_0.01_gradient_0_VconcST_0.04_Vconc_1.6_run_0.csv,1200.0,0.01,0,1.6,0.04,1.6,0,35.0,8.04139,0.0284718,0.00313187,8.04139,1.0,0.501237,2196.51
1200_dose_0.01_gradient_0_VconcST_0.04_Vconc_1.6_run_0.csv,1200.0,0.01,0,1.6,0.04,1.6,0,35.25,8.14232,0.0279075,0.00317118,8.14232,1.0,0.504357,2265.33
1200_dose_0.01_gradient_0_VconcST_0.04_Vconc_1.6_run_0.csv,1200.0,0.01,0,1.6,0.04,1.6,0,35.5,8.24026,0.0273544,0.00320933,8.24026,1.0,0.507348,2262.67
1200_dose_0.01_gradient_0_VconcST_0.04_Vconc_1.6_run_0.csv,1200.0,0.01,0,1.6,0.04,1.6,0,35.75,8.33528,0.0268123,0.00324633,8.33528,1.0,0.510216,2166.48
1200_dose_0.01_gradient_0_VconcST_0.04_Vconc_1.6_run_0.csv,1200.0,0.01,0,1.6,0.04,1.6,0,36.0,8.42744,0.0262809,0.00328223,8.42744,1.0,0.512965,2058.96
1200_dose_0.01_gradient_0_VconcST_0.04_Vconc_1.6_run_0.csv,1200.0,0.01,0,1.6,0.04,1.6,0,36.25,8.51679,0.0257601,0.00331703,8.51679,1.0,0.515601,2145.38
1200_dose_0.01_gradient_0_VconcST_0.04_Vconc_1.6_run_0.csv,1200.0,0.01,0,1.6,0.04,1.6,0,36.5,8.6034,0.0252495,0.00335076,8.6034,1.0,0.51813,2035.58
1200_dose_0.01_gradient_0_VconcST_0.04_Vconc_1.6_run_0.csv,1200.0,0.01,0,1.6,0.04,1.6,0,36.75,8.68733,0.0247491,0.00338345,8.68733,1.0,0.520555,2099.67
1200_dose_0.01_gradient_0_VconcST_0.04_Vconc_1.6_run_0.csv,1200.0,0.01,0,1.6,0.04,1.6,0,37.0,8.76863,0.0242586,0.00341511,8.76863,1.0,0.522881,2062.12
1200_dose_0.01_gradient_0_VconcST_0.04_Vconc_1.6_run_0.csv,1200.0,0.01,0,1.6,0.04,1.6,0,37.25,8.84735,0.0237778,0.00344577,8.84735,1.0,0.525111,1982.86
1200_dose_0.01_gradient_0_VconcST_0.04_Vconc_1.6_run_0.csv,1200.0,0.01,0,1.6,0.04,1.6,0,37.5,8.92356,0.0233066,0.00347545,8.92356,1.0,0.527251,2038.51
1200_dose_0.01_gradient_0_VconcST_0.04_Vconc_1.6_run_0.csv,1200.0,0.01,0,1.6,0.04,1.6,0,37.75,8.99729,0.0228447,0.00350417,8.99729,1.0,0.529303,1955.32
1200_dose_0.01_gradient_0_VconcST_0.04_Vconc_1.6_run_0.csv,1200.0,0.01,0,1.6,0.04,1.6,0,38.0,9.06863,0.0223919,0.00353195,9.06863,1.0,0.531272,1923.0
1200_dose_0.01_gradient_0_VconcST_0.04_Vconc_1.6_run_0.csv,1200.0,0.01,0,1.6,0.04,1.6,0,38.25,9.1376,0.0219481,0.00355881,9.1376,1.0,0.533159,2043.26
1200_dose_0.01_gradient_0_VconcST_0.04_Vconc_1.6_run_0.csv,1200.0,0.01,0,1.6,0.04,1.6,0,38.5,9.20426,0.0215132,0.00358478,9.20426,1.0,0.534969,2079.81
1200_dose_0.01_gradient_0_VconcST_0.04_Vconc_1.6_run_0.csv,1200.0,0.01,0,1.6,0.04,1.6,0,38.75,9.26866,0.0210868,0.00360986,9.26866,1.0,0.536705,2013.72
1200_dose_0.01_gradient_0_VconcST_0.04_Vconc_1.6_run_0.csv,1200.0,0.01,0,1.6,0.04,1.6,0,39.0,9.33085,0.0206689,0.00363408,9.33085,1.0,0.538368,2030.34
1200_dose_0.01_gradient_0_VconcST_0.04_Vconc_1.6_run_0.csv,1200.0,0.01,0,1.6,0.04,1.6,0,39.25,9.39087,0.0202592,0.00365745,9.39087,1.0,0.539963,1973.05
1200_dose_0.01_gradient_0_VconcST_0.04_Vconc_1.6_run_0.csv,1200.0,0.01,0,1.6,0.04,1.6,0,39.5,9.44878,0.0198577,0.00368001,9.44878,1.0,0.54149,1996.47
1200_dose_0.01_gradient_0_VconcST_0.04_Vconc_1.6_run_0.csv,1200.0,0.01,0,1.6,0.04,1.6,0,39.75,9.50461,0.0194642,0.00370175,9.50461,1.0,0.542954,1910.35
1200_dose_0.01_gradient_0_VconcST_0.04_Vconc_1.6_run_0.csv,1200.0,0.01,0,1.6,0.04,1.6,0,40.0,9.55919,0.0290784,0.00372301,9.55919,1.0,0.544355,2001.03
1200_dose_0.01_gradient_0_VconcST_0.04_Vconc_1.6_run_0.csv,1200.0,0.01,0,1.6,0.04,1.6,0,40.25,9.65717,0.0285021,0.00376117,9.65717,1.0,0.546885,1791.5
1200_dose_0.01_gradient_0_VconcST_0.04_Vconc_1.6_run_0.csv,1200.0,0.01,0,1.6,0.04,1.6,0,40.5,9.75211,0.0279372,0.00379815,9.75211,1.0,0.54931,1685.76
1200_dose_0.01_gradient_0_VconcST_0.04_Vconc_1.6_run_0.csv,1200.0,0.01,0,1.6,0.04,1.6,0,40.75,9.84409,0.0273835,0.00383397,9.84409,1.0,0.551634,1539.04
1200_dose_0.01_gradient_0_VconcST_0.04_Vconc_1.6_run_0.csv,1200.0,0.01,0,1.6,0.04,1.6,0,41.0,9.93316,0.0268408,0.00386866,9.93316,1.0,0.553863,1554.0
1200_dose_0.01_gradient_0_VconcST_0.04_Vconc_1.6_run_0.csv,1200.0,0.01,0,1.6,0.04,1.6,0,41.25,10.0194,0.0263089,0.00390224,10.0194,0.9875,0.555999,1385.57
1200_dose_0.01_gradient_0_VconcST_0.04_Vconc_1.6_run_0.csv,1200.0,0.01,0,1.6,0.04,1.6,0,41.5,10.1028,0.0257875,0.00393474,10.1028,0.9875,0.558047,1610.42
1200_dose_0.01_gradient_0_VconcST_0.04_Vconc_1.6_run_0.csv,1200.0,0.01,0,1.6,0.04,1.6,0,41.75,10.1836,0.0252764,0.00396618,10.1836,0.970833,0.56001,1577.35
1200_dose_0.01_gradient_0_VconcST_0.04_Vconc_1.6_run_0.csv,1200.0,0.01,0,1.6,0.04,1.6,0,42.0,10.2616,0.0247754,0.00399658,10.2616,0.970833,0.561892,1559.81
1200_dose_0.01_gradient_0_VconcST_0.04_Vconc_1.6_run_0.csv,1200.0,0.01,0,1.6,0.04,1.6,0,42.25,10.3371,0.0242844,0.00402597,10.3371,0.970833,0.563696,1423.02
1200_dose_0.01_gradient_0_VconcST_0.04_Vconc_1.6_run_0.csv,1200.0,0.01,0,1.6,0.04,1.6,0,42.5,10.41,0.0238031,0.00405436,10.41,0.970833,0.565425,1457.25
1200_dose_0.01_gradient_0_VconcST_0.04_Vconc_1.6_run_0.csv,1200.0,0.01,0,1.6,0.04,1.6,0,42.75,10.4804,0.0233314,0.00408178,10.4804,0.970833,0.567081,1621.38
1200_dose_0.01_gradient_0_VconcST_0.04_Vconc_1.6_run_0.csv,1200.0,0.01,0,1.6,0.04,1.6,0,43.0,10.5483,0.022869,0.00410824,10.5483,0.970833,0.568668,1847.0
1200_dose_0.01_gradient_0_VconcST_0.04_Vconc_1.6_run_0.csv,1200.0,0.01,0,1.6,0.04,1.6,0,43.25,10.6139,0.0224157,0.00413378,10.6139,0.983333,0.570188,1677.37
1200_dose_0.01_gradient_0_VconcST_0.04_Vconc_1.6_run_0.csv,1200.0,0.01,0,1.6,0.04,1.6,0,43.5,10.6771,0.0219715,0.0041584,10.6771,0.983333,0.571644,1562.17
1200_dose_0.01_gradient_0_VconcST_0.04_Vconc_1.6_run_0.csv,1200.0,0.01,0,1.6,0.04,1.6,0,43.75,10.738,0.021536,0.00418213,10.738,1.0,0.573038,1552.85
1200_dose_0.01_gradient_0_VconcST_0.04_Vconc_1.6_run_0.csv,1200.0,0.01,0,1.6,0.04,1.6,0,44.0,10.7967,0.0211092,0.00420499,10.7967,1.0,0.574372,1466.82
1200_dose_0.01_gradient_0_VconcST_0.04_Vconc_1.6_run_0.csv,1200.0,0.01,0,1.6,0.04,1.6,0,44.25,10.8532,0.0206909,0.00422699,10.8532,1.0,0.575648,1369.78
1200_dose_0.01_gradient_0_VconcST_0.04_Vconc_1.6_run_0.csv,1200.0,0.01,0,1.6,0.04,1.6,0,44.5,10.9076,0.0202808,0.00424816,10.9076,1.0,0.576869,1352.52
1200_dose_0.01_gradient_0_VconcST_0.04_Vconc_1.6_run_0.csv,1200.0,0.01,0,1.6,0.04,1.6,0,44.75,10.9598,0.0198788,0.00426851,10.9598,1.0,0.578036,1344.77
1200_dose_0.01_gradient_0_VconcST_0.04_Vconc_1.6_run_0.csv,1200.0,0.01,0,1.6,0.04,1.6,0,45.0,11.0108,0.0294849,0.00428837,11.0108,1.0,0.579151,1318.35
1200_dose_0.01_gradient_0_VconcST_0.04_Vconc_1.6_run_0.csv,1200.0,0.01,0,1.6,0.04,1.6,0,45.25,11.1051,0.0289005,0.00432511,11.1051,1.0,0.581231,1332.58
1200_dose_0.01_gradient_0_VconcST_0.04_Vconc_1.6_run_0.csv,1200.0,0.01,0,1.6,0.04,1.6,0,45.5,11.1964,0.0283277,0.00436067,11.1964,1.0,0.583224,1276.49
1200_dose_0.01_gradient_0_VconcST_0.04_Vconc_1.6_run_0.csv,1200.0,0.01,0,1.6,0.04,1.6,0,45.75,11.2847,0.0277663,0.00439506,11.2847,0.95,0.585133,1245.78
1200_dose_0.01_gradient_0_VconcST_0.04_Vconc_1.6_run_0.csv,1200.0,0.01,0,1.6,0.04,1.6,0,46.0,11.3701,0.027216,0.00442831,11.3701,0.894792,0.586963,1202.89
1200_dose_0.01_gradient_0_VconcST_0.04_Vconc_1.6_run_0.csv,1200.0,0.01,0,1.6,0.04,1.6,0,46.25,11.4526,0.0266766,0.00446044,11.4526,0.888542,0.588716,1196.15
1200_dose_0.01_gradient_0_VconcST_0.04_Vconc_1.6_run_0.csv,1200.0,0.01,0,1.6,0.04,1.6,0,46.5,11.5323,0.0261479,0.00449149,11.5323,0.83125,0.590395,1104.94
1200_dose_0.01_gradient_0_VconcST_0.04_Vconc_1.6_run_0.csv,1200.0,0.01,0,1.6,0.04,1.6,0,46.75,11.6093,0.0256297,0.00452146,11.6093,0.0,0.592004,1011.15
1200_dose_0.01_gradient_0_VconcST_0.04_Vconc_1.6_run_0.csv,1200.0,0.01,0,1.6,0.04,1.6,0,47.0,11.6836,0.0251217,0.0045504,11.6836,0.0,0.593545,1013.13
1200_dose_0.01_gradient_0_VconcST_0.04_Vconc_1.6_run_0.csv,1200.0,0.01,0,1.6,0.04,1.6,0,47.25,11.7552,0.0246239,0.0045783,11.7552,0.0,0.59502,998.432
1200_dose_0.01_gradient_0_VconcST_0.04_Vconc_1.6_run_0.csv,1200.0,0.01,0,1.6,0.04,1.6,0,47.5,11.8243,0.0241358,0.00460521,11.8243,0.0,0.596432,1054.5
1200_dose_0.01_gradient_0_VconcST_0.04_Vconc_1.6_run_0.csv,1200.0,0.01,0,1.6,0.04,1.6,0,47.75,11.8909,0.0236575,0.00463114,11.8909,0.0,0.597784,938.414
1200_dose_0.01_gradient_0_VconcST_0.04_Vconc_1.6_run_0.csv,1200.0,0.01,0,1.6,0.04,1.6,0,48.0,11.955,0.0231886,0.00465611,11.955,0.0,0.599077,912.295
1200_dose_0.01_gradient_0_VconcST_0.04_Vconc_1.6_run_0.csv,1200.0,0.01,0,1.6,0.04,1.6,0,48.25,12.0167,0.0227291,0.00468014,12.0167,0.0,0.600314,885.757
1200_dose_0.01_gradient_0_VconcST_0.04_Vconc_1.6_run_0.csv,1200.0,0.01,0,1.6,0.04,1.6,0,48.5,12.0761,0.0222786,0.00470326,12.0761,0.0,0.601497,834.364
1200_dose_0.01_gradient_0_VconcST_0.04_Vconc_1.6_run_0.csv,1200.0,0.01,0,1.6,0.04,1.6,0,48.75,12.1331,0.0218371,0.00472548,12.1331,0.0,0.602626,864.629
1200_dose_0.01_gradient_0_VconcST_0.04_Vconc_1.6_run_0.csv,1200.0,0.01,0,1.6,0.04,1.6,0,49.0,12.1879,0.0214043,0.00474681,12.1879,0.0,0.603706,815.41
1200_dose_0.01_gradient_0_VconcST_0.04_Vconc_1.6_run_0.csv,1200.0,0.01,0,1.6,0.04,1.6,0,49.25,12.2405,0.0209801,0.00476729,12.2405,0.0,0.604736,844.312
1200_dose_0.01_gradient_0_VconcST_0.04_Vconc_1.6_run_0.csv,1200.0,0.01,0,1.6,0.04,1.6,0,49.5,12.2909,0.0205643,0.00478693,12.2909,0.0,0.605719,798.508
1200_dose_0.01_gradient_0_VconcST_0.04_Vconc_1.6_run_0.csv,1200.0,0.01,0,1.6,0.04,1.6,0,49.75,12.3392,0.0201567,0.00480575,12.3392,0.0,0.606656,853.611
1200_dose_0.01_gradient_0_VconcST_0.04_Vconc_1.6_run_0.csv,1200.0,0.01,0,1.6,0.04,1.6,0,50.0,12.3863,0.0297572,0.00482407,12.3863,0.0,0.60755,799.106
1200_dose_0.01_gradient_0_VconcST_0.04_Vconc_1.6_run_0.csv,1200.0,0.01,0,1.6,0.04,1.6,0,50.25,12.4767,0.0291675,0.00485927,12.4767,0.0,0.609283,810.011
1200_dose_0.01_gradient_0_VconcST_0.04_Vconc_1.6_run_0.csv,1200.0,0.01,0,1.6,0.04,1.6,0,50.5,12.564,0.0285894,0.00489328,12.564,0.0,0.610943,801.436
1200_dose_0.01_gradient_0_VconcST_0.04_Vconc_1.6_run_0.csv,1200.0,0.01,0,1.6,0.04,1.6,0,50.75,12.6483,0.0280228,0.00492612,12.6483,0.0,0.612533,839.562
1200_dose_0.01_gradient_0_VconcST_0.04_Vconc_1.6_run_0.csv,1200.0,0.01,0,1.6,0.04,1.6,0,51.0,12.7297,0.0274674,0.00495782,12.7297,0.0,0.614055,814.716
1200_dose_0.01_gradient_0_VconcST_0.04_Vconc_1.6_run_0.csv,1200.0,0.01,0,1.6,0.04,1.6,0,51.25,12.8082,0.026923,0.0049884,12.8082,0.0,0.615513,788.843
1200_dose_0.01_gradient_0_VconcST_0.04_Vconc_1.6_run_0.csv,1200.0,0.01,0,1.6,0.04,1.6,0,51.5,12.8839,0.0263895,0.00501789,12.8839,0.0,0.616907,828.576
1200_dose_0.01_gradient_0_VconcST_0.04_Vconc_1.6_run_0.csv,1200.0,0.01,0,1.6,0.04,1.6,0,51.75,12.9569,0.0258665,0.0050463,12.9569,0.0,0.618242,814.509
1200_dose_0.01_gradient_0_VconcST_0.04_Vconc_1.6_run_0.csv,1200.0,0.01,0,1.6,0.04,1.6,0,52.0,13.0271,0.0253538,0.00507367,13.0271,0.0,0.619519,825.813
1200_dose_0.01_gradient_0_VconcST_0.04_Vconc_1.6_run_0.csv,1200.0,0.01,0,1.6,0.04,1.6,0,52.25,13.0948,0.0248513,0.00510001,13.0948,0.0,0.620739,789.782
1200_dose_0.01_gradient_0_VconcST_0.04_Vconc_1.6_run_0.csv,1200.0,0.01,0,1.6,0.04,1.6,0,52.5,13.1598,0.0243588,0.00512535,13.1598,0.0,0.621906,793.377
1200_dose_0.01_gradient_0_VconcST_0.04_Vconc_1.6_run_0.csv,1200.0,0.01,0,1.6,0.04,1.6,0,52.75,13.2224,0.023876,0.0051497,13.2224,0.0,0.623021,827.569
1200_dose_0.01_gradient_0_VconcST_0.04_Vconc_1.6_run_0.csv,1200.0,0.01,0,1.6,0.04,1.6,0,53.0,13.2824,0.0234029,0.0051731,13.2824,0.0,0.624086,775.044
1200_dose_0.01_gradient_0_VconcST_0.04_Vconc_1.6_run_0.csv,1200.0,0.01,0,1.6,0.04,1.6,0,53.25,13.3401,0.022939,0.00519556,13.3401,0.0,0.625102,821.952
1200_dose_0.01_gradient_0_VconcST_0.04_Vconc_1.6_run_0.csv,1200.0,0.01,0,1.6,0.04,1.6,0,53.5,13.3954,0.0224844,0.00521709,13.3954,0.0,0.626072,765.455
1200_dose_0.01_gradient_0_VconcST_0.04_Vconc_1.6_run_0.csv,1200.0,0.01,0,1.6,0.04,1.6,0,53.75,13.4484,0.0220388,0.00523773,13.4484,0.0,0.626997,800.39
1200_dose_0.01_gradient_0_VconcST_0.04_Vconc_1.6_run_0.csv,1200.0,0.01,0,1.6,0.04,1.6,0,54.0,13.4991,0.021602,0.00525749,13.4991,0.0,0.627877,793.16
1200_dose_0.01_gradient_0_VconcST_0.04_Vconc_1.6_run_0.csv,1200.0,0.01,0,1.6,0.04,1.6,0,54.25,13.5476,0.0211739,0.00527639,13.5476,0.0,0.628716,816.567
1200_dose_0.01_gradient_0_VconcST_0.04_Vconc_1.6_run_0.csv,1200.0,0.01,0,1.6,0.04,1.6,0,54.5,13.594,0.0207542,0.00529444,13.594,0.0,0.629514,802.721
1200_dose_0.01_gradient_0_VconcST_0.04_Vconc_1.6_run_0.csv,1200.0,0.01,0,1.6,0.04,1.6,0,54.75,13.6383,0.0203429,0.00531168,13.6383,0.0,0.630272,785.208
1200_dose_0.01_gradient_0_VconcST_0.04_Vconc_1.6_run_0.csv,1200.0,0.01,0,1.6,0.04,1.6,0,55.0,13.6812,0.0299397,0.00532841,13.6812,0.0,0.630992,781.286
1200_dose_0.01_gradient_0_VconcST_0.04_Vconc_1.6_run_0.csv,1200.0,0.01,0,1.6,0.04,1.6,0,55.25,13.7675,0.0293464,0.00536203,13.7675,0.0,0.632457,795.001
1200_dose_0.01_gradient_0_VconcST_0.04_Vconc_1.6_run_0.csv,1200.0,0.01,0,1.6,0.04,1.6,0,55.5,13.8508,0.0287648,0.00539446,13.8508,0.0,0.633858,793.166
1200_dose_0.01_gradient_0_VconcST_0.04_Vconc_1.6_run_0.csv,1200.0,0.01,0,1.6,0.04,1.6,0,55.75,13.9311,0.0281947,0.00542571,13.9311,0.0,0.635199,786.905
1200_dose_0.01_gradient_0_VconcST_0.04_Vconc_1.6_run_0.csv,1200.0,0.01,0,1.6,0.04,1.6,0,56.0,14.0084,0.0276359,0.00545583,14.0084,0.0,0.636481,799.229
1200_dose_0.01_gradient_0_VconcST_0.04_Vconc_1.6_run_0.csv,1200.0,0.01,0,1.6,0.04,1.6,0,56.25,14.0828,0.0270882,0.00548482,14.0828,0.0,0.637708,801.282
1200_dose_0.01_gradient_0_VconcST_0.04_Vconc_1.6_run_0.csv,1200.0,0.01,0,1.6,0.04,1.6,0,56.5,14.1545,0.0265513,0.00551272,14.1545,0.0,0.63888,825.316
1200_dose_0.01_gradient_0_VconcST_0.04_Vconc_1.6_run_0.csv,1200.0,0.01,0,1.6,0.04,1.6,0,56.75,14.2233,0.0260251,0.00553955,14.2233,0.0,0.64,755.128
1200_dose_0.01_gradient_0_VconcST_0.04_Vconc_1.6_run_0.csv,1200.0,0.01,0,1.6,0.04,1.6,0,57.0,14.2895,0.0255093,0.00556533,14.2895,0.0,0.64107,767.807
1200_dose_0.01_gradient_0_VconcST_0.04_Vconc_1.6_run_0.csv,1200.0,0.01,0,1.6,0.04,1.6,0,57.25,14.3531,0.0250038,0.00559009,14.3531,0.0,0.642091,812.972
1200_dose_0.01_gradient_0_VconcST_0.04_Vconc_1.6_run_0.csv,1200.0,0.01,0,1.6,0.04,1.6,0,57.5,14.4141,0.0245082,0.00561384,14.4141,0.0,0.643066,759.919
1200_dose_0.01_gradient_0_VconcST_0.04_Vconc_1.6_run_0.csv,1200.0,0.01,0,1.6,0.04,1.6,0,57.75,14.4726,0.0240225,0.00563661,14.4726,0.0,0.643995,777.303
1200_dose_0.01_gradient_0_VconcST_0.04_Vconc_1.6_run_0.csv,1200.0,0.01,0,1.6,0.04,1.6,0,58.0,14.5286,0.0235464,0.00565843,14.5286,0.0,0.644881,773.928
1200_dose_0.01_gradient_0_VconcST_0.04_Vconc_1.6_run_0.csv,1200.0,0.01,0,1.6,0.04,1.6,0,58.25,14.5822,0.0230797,0.0056793,14.5822,0.0,0.645724,770.524
1200_dose_0.01_gradient_0_VconcST_0.04_Vconc_1.6_run_0.csv,1200.0,0.01,0,1.6,0.04,1.6,0,58.5,14.6334,0.0226223,0.00569927,14.6334,0.0,0.646527,761.69
1200_dose_0.01_gradient_0_VconcST_0.04_Vconc_1.6_run_0.csv,1200.0,0.01,0,1.6,0.04,1.6,0,58.75,14.6824,0.022174,0.00571832,14.6824,0.0,0.647291,756.758
1200_dose_0.01_gradient_0_VconcST_0.04_Vconc_1.6_run_0.csv,1200.0,0.01,0,1.6,0.04,1.6,0,59.0,14.729,0.0217345,0.0057365,14.729,0.0,0.648016,770.393
1200_dose_0.01_gradient_0_VconcST_0.04_Vconc_1.6_run_0.csv,1200.0,0.01,0,1.6,0.04,1.6,0,59.25,14.7735,0.0213038,0.00575382,14.7735,0.0,0.648704,764.885
1200_dose_0.01_gradient_0_VconcST_0.04_Vconc_1.6_run_0.csv,1200.0,0.01,0,1.6,0.04,1.6,0,59.5,14.8158,0.0208816,0.00577031,14.8158,0.0,0.649356,753.262
1200_dose_0.01_gradient_0_VconcST_0.04_Vconc_1.6_run_0.csv,1200.0,0.01,0,1.6,0.04,1.6,0,59.75,14.856,0.0204677,0.00578597,14.856,0.0,0.649973,770.194
1200_dose_0.01_gradient_0_VconcST_0.04_Vconc_1.6_run_0.csv,1200.0,0.01,0,1.6,0.04,1.6,0,60.0,14.895,0.0300621,0.00580112,14.895,0.0,0.650557,765.277
1200_dose_0.01_gradient_0_VconcST_0.04_Vconc_1.6_run_0.csv,1200.0,0.01,0,1.6,0.04,1.6,0,60.25,14.9772,0.0294663,0.00583317,14.9772,0.0,0.651809,754.726
1200_dose_0.01_gradient_0_VconcST_0.04_Vconc_1.6_run_0.csv,1200.0,0.01,0,1.6,0.04,1.6,0,60.5,15.0565,0.0288823,0.00586403,15.0565,0.0,0.653006,759.325
1200_dose_0.01_gradient_0_VconcST_0.04_Vconc_1.6_run_0.csv,1200.0,0.01,0,1.6,0.04,1.6,0,60.75,15.1327,0.0283099,0.00589371,15.1327,0.0,0.65415,754.317
1200_dose_0.01_gradient_0_VconcST_0.04_Vconc_1.6_run_0.csv,1200.0,0.01,0,1.6,0.04,1.6,0,61.0,15.206,0.0277488,0.00592226,15.206,0.0,0.655243,787.083
1200_dose_0.01_gradient_0_VconcST_0.04_Vconc_1.6_run_0.csv,1200.0,0.01,0,1.6,0.04,1.6,0,61.25,15.2764,0.0271989,0.00594968,15.2764,0.0,0.656287,773.205
1200_dose_0.01_gradient_0_VconcST_0.04_Vconc_1.6_run_0.csv,1200.0,0.01,0,1.6,0.04,1.6,0,61.5,15.344,0.0266598,0.00597602,15.344,0.0,0.657284,752.939
1200_dose_0.01_gradient_0_VconcST_0.04_Vconc_1.6_run_0.csv,1200.0,0.01,0,1.6,0.04,1.6,0,61.75,15.4089,0.0261314,0.00600129,15.4089,0.0,0.658234,740.639
1200_dose_0.01_gradient_0_VconcST_0.04_Vconc_1.6_run_0.csv,1200.0,0.01,0,1.6,0.04,1.6,0,62.0,15.4711,0.0256135,0.00602551,15.4711,0.0,0.65914,772.365
1200_dose_0.01_gradient_0_VconcST_0.04_Vconc_1.6_run_0.csv,1200.0,0.01,0,1.6,0.04,1.6,0,62.25,15.5307,0.0251059,0.00604871,15.5307,0.0,0.660004,757.993
1200_dose_0.01_gradient_0_VconcST_0.04_Vconc_8_run_0.csv,1200.0,0.01,0,8.0,0.04,8.0,0,0.0,0.0,0.0,0.0,0.0,0.0,0.0,0.0
1200_dose_0.01_gradient_0_VconcST_0.04_Vconc_8_run_0.csv,1200.0,0.01,0,8.0,0.04,8.0,0,0.25,0.0,0.0,0.0,0.0,0.0,0.0,10000.0
1200_dose_0.01_gradient_0_VconcST_0.04_Vconc_8_run_0.csv,1200.0,0.01,0,8.0,0.04,8.0,0,0.5,0.0,0.0,0.0,0.0,0.0,0.0,899.073
1200_dose_0.01_gradient_0_VconcST_0.04_Vconc_8_run_0.csv,1200.0,0.01,0,8.0,0.04,8.0,0,0.75,0.0,0.0,0.0,0.0,0.0,0.0,10000.0
1200_dose_0.01_gradient_0_VconcST_0.04_Vconc_8_run_0.csv,1200.0,0.01,0,8.0,0.04,8.0,0,1.0,0.0,0.0,0.0,0.0,0.0,0.0,904.881
1200_dose_0.01_gradient_0_VconcST_0.04_Vconc_8_run_0.csv,1200.0,0.01,0,8.0,0.04,8.0,0,1.25,0.0,0.0,0.0,0.0,0.0,0.0,10000.0
1200_dose_0.01_gradient_0_VconcST_0.04_Vconc_8_run_0.csv,1200.0,0.01,0,8.0,0.04,8.0,0,1.5,0.0,0.0,0.0,0.0,0.0,0.0,897.834
1200_dose_0.01_gradient_0_VconcST_0.04_Vconc_8_run_0.csv,1200.0,0.01,0,8.0,0.04,8.0,0,1.75,0.0,0.0,0.0,0.0,0.0,0.0,10000.0
1200_dose_0.01_gradient_0_VconcST_0.04_Vconc_8_run_0.csv,1200.0,0.01,0,8.0,0.04,8.0,0,2.0,0.0,0.0,0.0,0.0,0.0,0.0,899.298
1200_dose_0.01_gradient_0_VconcST_0.04_Vconc_8_run_0.csv,1200.0,0.01,0,8.0,0.04,8.0,0,2.25,0.0,0.0,0.0,0.0,0.0,0.0,10000.0
1200_dose_0.01_gradient_0_VconcST_0.04_Vconc_8_run_0.csv,1200.0,0.01,0,8.0,0.04,8.0,0,2.5,0.0,0.0,0.0,0.0,0.0,0.0,887.865
1200_dose_0.01_gradient_0_VconcST_0.04_Vconc_8_run_0.csv,1200.0,0.01,0,8.0,0.04,8.0,0,2.75,0.0,0.0,0.0,0.0,0.0,0.0,10000.0
1200_dose_0.01_gradient_0_VconcST_0.04_Vconc_8_run_0.csv,1200.0,0.01,0,8.0,0.04,8.0,0,3.0,0.0,0.0,0.0,0.0,0.0,0.0,905.374
1200_dose_0.01_gradient_0_VconcST_0.04_Vconc_8_run_0.csv,1200.0,0.01,0,8.0,0.04,8.0,0,3.25,0.0,0.0,0.0,0.0,0.0,0.0,10000.0
1200_dose_0.01_gradient_0_VconcST_0.04_Vconc_8_run_0.csv,1200.0,0.01,0,8.0,0.04,8.0,0,3.5,0.0,0.0,0.0,0.0,0.0,0.0,904.391
1200_dose_0.01_gradient_0_VconcST_0.04_Vconc_8_run_0.csv,1200.0,0.01,0,8.0,0.04,8.0,0,3.75,0.0,0.0,0.0,0.0,0.0,0.0,10000.0
1200_dose_0.01_gradient_0_VconcST_0.04_Vconc_8_run_0.csv,1200.0,0.01,0,8.0,0.04,8.0,0,4.0,0.0,0.0,0.0,0.0,0.0,0.0,895.763
1200_dose_0.01_gradient_0_VconcST_0.04_Vconc_8_run_0.csv,1200.0,0.01,0,8.0,0.04,8.0,0,4.25,0.0,0.0,0.0,0.0,0.0,0.0,10000.0
1200_dose_0.01_gradient_0_VconcST_0.04_Vconc_8_run_0.csv,1200.0,0.01,0,8.0,0.04,8.0,0,4.5,0.0,0.0,0.0,0.0,0.0,0.0,912.59
1200_dose_0.01_gradient_0_VconcST_0.04_Vconc_8_run_0.csv,1200.0,0.01,0,8.0,0.04,8.0,0,4.75,0.0,0.0,0.0,0.0,0.0,0.0,10000.0
1200_dose_0.01_gradient_0_VconcST_0.04_Vconc_8_run_0.csv,1200.0,0.01,0,8.0,0.04,8.0,0,5.0,0.000778625,0.01,3.0325e-07,0.000778625,0.0,0.0,898.865
1200_dose_0.01_gradient_0_VconcST_0.04_Vconc_8_run_0.csv,1200.0,0.01,0,8.0,0.04,8.0,0,5.25,0.0469344,0.00980181,1.82795e-05,0.0469344,0.0,0.00573865,10000.0
1200_dose_0.01_gradient_0_VconcST_0.04_Vconc_8_run_0.csv,1200.0,0.01,0,8.0,0.04,8.0,0,5.5,0.0920004,0.00960755,3.58313e-05,0.0920004,0.0,0.0112786,895.341
1200_dose_0.01_gradient_0_VconcST_0.04_Vconc_8_run_0.csv,1200.0,0.01,0,8.0,0.04,8.0,0,5.75,0.135999,0.00941714,5.29673e-05,0.135999,0.0,0.0166281,10000.0
1200_dose_0.01_gradient_0_VconcST_0.04_Vconc_8_run_0.csv,1200.0,0.01,0,8.0,0.04,8.0,0,6.0,0.178951,0.00923051,6.9696e-05,0.178951,0.0,0.0217949,883.995
1200_dose_0.01_gradient_0_VconcST_0.04_Vconc_8_run_0.csv,1200.0,0.01,0,8.0,0.04,8.0,0,6.25,0.22088,0.00904757,8.60258e-05,0.22088,0.0,0.0267864,10000.0
1200_dose_0.01_gradient_0_VconcST_0.04_Vconc_8_run_0.csv,1200.0,0.01,0,8.0,0.04,8.0,0,6.5,0.261805,0.00886825,0.000101965,0.261805,0.0,0.0316096,891.209
1200_dose_0.01_gradient_0_VconcST_0.04_Vconc_8_run_0.csv,1200.0,0.01,0,8.0,0.04,8.0,0,6.75,0.301747,0.00869249,0.000117521,0.301747,0.0,0.036271,10000.0
1200_dose_0.01_gradient_0_VconcST_0.04_Vconc_8_run_0.csv,1200.0,0.01,0,8.0,0.04,8.0,0,7.0,0.340726,0.00852022,0.000132702,0.340726,0.0,0.040777,870.726
1200_dose_0.01_gradient_0_VconcST_0.04_Vconc_8_run_0.csv,1200.0,0.01,0,8.0,0.04,8.0,0,7.25,0.378762,0.00835137,0.000147516,0.378762,0.0,0.0451337,10000.0
1200_dose_0.01_gradient_0_VconcST_0.04_Vconc_8_run_0.csv,1200.0,0.01,0,8.0,0.04,8.0,0,7.5,0.415875,0.00818586,0.00016197,0.415875,0.0,0.0493465,876.776
1200_dose_0.01_gradient_0_VconcST_0.04_Vconc_8_run_0.csv,1200.0,0.01,0,8.0,0.04,8.0,0,7.75,0.452083,0.00802362,0.000176072,0.452083,0.0,0.053421,10000.0
1200_dose_0.01_gradient_0_VconcST_0.04_Vconc_8_run_0.csv,1200.0,0.01,0,8.0,0.04,8.0,0,8.0,0.487405,0.0078646,0.000189829,0.487405,0.0,0.0573623,852.726
1200_dose_0.01_gradient_0_VconcST_0.04_Vconc_8_run_0.csv,1200.0,0.01,0,8.0,0.04,8.0,0,8.25,0.521859,0.00770874,0.000203248,0.521859,0.0,0.0611752,10000.0
1200_dose_0.01_gradient_0_VconcST_0.04_Vconc_8_run_0.csv,1200.0,0.01,0,8.0,0.04,8.0,0,8.5,0.555463,0.00755596,0.000216335,0.555463,0.0,0.0648644,874.28
1200_dose_0.01_gradient_0_VconcST_0.04_Vconc_8_run_0.csv,1200.0,0.01,0,8.0,0.04,8.0,0,8.75,0.588234,0.00740621,0.000229099,0.588234,0.0,0.0684345,10000.0
1200_dose_0.01_gradient_0_VconcST_0.04_Vconc_8_run_0.csv,1200.0,0.01,0,8.0,0.04,8.0,0,9.0,0.62019,0.00725943,0.000241545,0.62019,0.0,0.0718895,855.566
1200_dose_0.01_gradient_0_VconcST_0.04_Vconc_8_run_0.csv,1200.0,0.01,0,8.0,0.04,8.0,0,9.25,0.651347,0.00711555,0.000253679,0.651347,0.0,0.0752336,10000.0
1200_dose_0.01_gradient_0_VconcST_0.04_Vconc_8_run_0.csv,1200.0,0.01,0,8.0,0.04,8.0,0,9.5,0.681721,0.00697453,0.000265509,0.681721,0.0,0.0784707,859.815
1200_dose_0.01_gradient_0_VconcST_0.04_Vconc_8_run_0.csv,1200.0,0.01,0,8.0,0.04,8.0,0,9.75,0.71133,0.0068363,0.000277041,0.71133,0.0,0.0816043,10000.0
1200_dose_0.01_gradient_0_VconcST_0.04_Vconc_8_run_0.csv,1200.0,0.01,0,8.0,0.04,8.0,0,10.0,0.740967,0.0167008,0.000288584,0.740967,0.0,0.0846381,853.318
1200_dose_0.01_gradient_0_VconcST_0.04_Vconc_8_run_0.csv,1200.0,0.01,0,8.0,0.04,8.0,0,10.25,0.815246,0.0163698,0.000317513,0.815246,0.0,0.0923554,10000.0
1200_dose_0.01_gradient_0_VconcST_0.04_Vconc_8_run_0.csv,1200.0,0.01,0,8.0,0.04,8.0,0,10.5,0.887716,0.0160454,0.000345738,0.887716,0.0,0.0997604,860.355
1200_dose_0.01_gradient_0_VconcST_0.04_Vconc_8_run_0.csv,1200.0,0.01,0,8.0,0.04,8.0,0,10.75,0.958415,0.0157274,0.000373273,0.958415,0.0,0.106869,10000.0
1200_dose_0.01_gradient_0_VconcST_0.04_Vconc_8_run_0.csv,1200.0,0.01,0,8.0,0.04,8.0,0,11.0,1.02738,0.0154157,0.000400131,1.02738,0.0,0.113695,839.545
1200_dose_0.01_gradient_0_VconcST_0.04_Vconc_8_run_0.csv,1200.0,0.01,0,8.0,0.04,8.0,0,11.25,1.09464,0.0151102,0.000426327,1.09464,0.0,0.120254,10000.0
1200_dose_0.01_gradient_0_VconcST_0.04_Vconc_8_run_0.csv,1200.0,0.01,0,8.0,0.04,8.0,0,11.5,1.16023,0.0148107,0.000451875,1.16023,0.0,0.126557,834.559
1200_dose_0.01_gradient_0_VconcST_0.04_Vconc_8_run_0.csv,1200.0,0.01,0,8.0,0.04,8.0,0,11.75,1.2242,0.0145172,0.000476787,1.2242,0.0,0.132617,10000.0
1200_dose_0.01_gradient_0_VconcST_0.04_Vconc_8_run_0.csv,1200.0,0.01,0,8.0,0.04,8.0,0,12.0,1.28657,0.0142295,0.000501077,1.28657,0.0,0.138445,821.847
1200_dose_0.01_gradient_0_VconcST_0.04_Vconc_8_run_0.csv,1200.0,0.01,0,8.0,0.04,8.0,0,12.25,1.34737,0.0139475,0.000524758,1.34737,0.0,0.144053,10000.0
1200_dose_0.01_gradient_0_VconcST_0.04_Vconc_8_run_0.csv,1200.0,0.01,0,8.0,0.04,8.0,0,12.5,1.40664,0.013671,0.000547842,1.40664,0.0,0.149449,815.995
1200_dose_0.01_gradient_0_VconcST_0.04_Vconc_8_run_0.csv,1200.0,0.01,0,8.0,0.04,8.0,0,12.75,1.46441,0.0134001,0.000570342,1.46441,0.0,0.154643,10000.0
1200_dose_0.01_gradient_0_VconcST_0.04_Vconc_8_run_0.csv,1200.0,0.01,0,8.0,0.04,8.0,0,13.0,1.52071,0.0131345,0.000592269,1.52071,0.0,0.159645,779.716
1200_dose_0.01_gradient_0_VconcST_0.04_Vconc_8_run_0.csv,1200.0,0.01,0,8.0,0.04,8.0,0,13.25,1.57557,0.0128742,0.000613636,1.57557,0.0,0.164462,10000.0
1200_dose_0.01_gradient_0_VconcST_0.04_Vconc_8_run_0.csv,1200.0,0.01,0,8.0,0.04,8.0,0,13.5,1.62902,0.0126191,0.000634453,1.62902,0.0,0.169102,796.502
1200_dose_0.01_gradient_0_VconcST_0.04_Vconc_8_run_0.csv,1200.0,0.01,0,8.0,0.04,8.0,0,13.75,1.68109,0.012369,0.000654734,1.68109,0.0,0.173574,10000.0
1200_dose_0.01_gradient_0_VconcST_0.04_Vconc_8_run_0.csv,1200.0,0.01,0,8.0,0.04,8.0,0,14.0,1.73181,0.0121238,0.000674487,1.73181,0.0,0.177883,771.135
1200_dose_0.01_gradient_0_VconcST_0.04_Vconc_8_run_0.csv,1200.0,0.01,0,8.0,0.04,8.0,0,14.25,1.78121,0.0118835,0.000693725,1.78121,0.0,0.182037,10000.0
1200_dose_0.01_gradient_0_VconcST_0.04_Vconc_8_run_0.csv,1200.0,0.01,0,8.0,0.04,8.0,0,14.5,1.82931,0.011648,0.000712458,1.82931,0.0,0.186042,764.6
1200_dose_0.01_gradient_0_VconcST_0.04_Vconc_8_run_0.csv,1200.0,0.01,0,8.0,0.04,8.0,0,14.75,1.87613,0.0114172,0.000730696,1.87613,0.0,0.189903,10000.0
1200_dose_0.01_gradient_0_VconcST_0.04_Vconc_8_run_0.csv,1200.0,0.01,0,8.0,0.04,8.0,0,15.0,1.9225,0.0211909,0.000748754,1.9225,0.0,0.193627,766.754
1200_dose_0.01_gradient_0_VconcST_0.04_Vconc_8_run_0.csv,1200.0,0.01,0,8.0,0.04,8.0,0,15.25,2.01302,0.0207709,0.00078401,2.01302,0.0,0.200922,10000.0
1200_dose_0.01_gradient_0_VconcST_0.04_Vconc_8_run_0.csv,1200.0,0.01,0,8.0,0.04,8.0,0,15.5,2.10127,0.0203593,0.000818378,2.10127,0.0,0.207906,764.652
1200_dose_0.01_gradient_0_VconcST_0.04_Vconc_8_run_0.csv,1200.0,0.01,0,8.0,0.04,8.0,0,15.75,2.18727,0.0199558,0.000851876,2.18727,0.0,0.214597,10000.0
1200_dose_0.01_gradient_0_VconcST_0.04_Vconc_8_run_0.csv,1200.0,0.01,0,8.0,0.04,8.0,0,16.0,2.27109,0.0195603,0.000884521,2.27109,0.0,0.221011,730.458
1200_dose_0.01_gradient_0_VconcST_0.04_Vconc_8_run_0.csv,1200.0,0.01,0,8.0,0.04,8.0,0,16.25,2.35277,0.0191726,0.000916331,2.35277,0.0,0.22716,10000.0
1200_dose_0.01_gradient_0_VconcST_0.04_Vconc_8_run_0.csv,1200.0,0.01,0,8.0,0.04,8.0,0,16.5,2.43235,0.0187926,0.000947324,2.43235,0.0,0.233058,735.275
1200_dose_0.01_gradient_0_VconcST_0.04_Vconc_8_run_0.csv,1200.0,0.01,0,8.0,0.04,8.0,0,16.75,2.50987,0.0184202,0.000977516,2.50987,0.0,0.238718,10000.0
1200_dose_0.01_gradient_0_VconcST_0.04_Vconc_8_run_0.csv,1200.0,0.01,0,8.0,0.04,8.0,0,17.0,2.58538,0.0180551,0.00100692,2.58538,0.0,0.244152,692.917
1200_dose_0.01_gradient_0_VconcST_0.04_Vconc_8_run_0.csv,1200.0,0.01,0,8.0,0.04,8.0,0,17.25,2.65891,0.0176973,0.00103556,2.65891,0.0,0.249369,10000.0
1200_dose_0.01_gradient_0_VconcST_0.04_Vconc_8_run_0.csv,1200.0,0.01,0,8.0,0.04,8.0,0,17.5,2.73052,0.0173465,0.00106345,2.73052,0.0,0.254381,684.065
1200_dose_0.01_gradient_0_VconcST_0.04_Vconc_8_run_0.csv,1200.0,0.01,0,8.0,0.04,8.0,0,17.75,2.80024,0.0170028,0.00109061,2.80024,0.0,0.259197,10000.0
1200_dose_0.01_gradient_0_VconcST_0.04_Vconc_8_run_0.csv,1200.0,0.01,0,8.0,0.04,8.0,0,18.0,2.8681,0.0166657,0.00111704,2.8681,0.0,0.263825,698.896
1200_dose_0.01_gradient_0_VconcST_0.04_Vconc_8_run_0.csv,1200.0,0.01,0,8.0,0.04,8.0,0,18.25,2.93415,0.0163354,0.00114276,2.93415,0.0,0.268275,10000.0
1200_dose_0.01_gradient_0_VconcST_0.04_Vconc_8_run_0.csv,1200.0,0.01,0,8.0,0.04,8.0,0,18.5,2.99843,0.0160117,0.0011678,2.99843,0.0,0.272553,683.113
1200_dose_0.01_gradient_0_VconcST_0.04_Vconc_8_run_0.csv,1200.0,0.01,0,8.0,0.04,8.0,0,18.75,3.06097,0.0156944,0.00119215,3.06097,0.0,0.276669,10000.0
1200_dose_0.01_gradient_0_VconcST_0.04_Vconc_8_run_0.csv,1200.0,0.01,0,8.0,0.04,8.0,0,19.0,3.1218,0.0153833,0.00121585,3.1218,0.0,0.280627,675.852
1200_dose_0.01_gradient_0_VconcST_0.04_Vconc_8_run_0.csv,1200.0,0.01,0,8.0,0.04,8.0,0,19.25,3.18097,0.0150784,0.00123889,3.18097,0.0,0.284437,10000.0
1200_dose_0.01_gradient_0_VconcST_0.04_Vconc_8_run_0.csv,1200.0,0.01,0,8.0,0.04,8.0,0,19.5,3.23851,0.0147796,0.0012613,3.23851,0.0,0.288102,687.344
1200_dose_0.01_gradient_0_VconcST_0.04_Vconc_8_run_0.csv,1200.0,0.01,0,8.0,0.04,8.0,0,19.75,3.29445,0.0144867,0.00128309,3.29445,0.0,0.29163,10000.0
1200_dose_0.01_gradient_0_VconcST_0.04_Vconc_8_run_0.csv,1200.0,0.01,0,8.0,0.04,8.0,0,20.0,3.34961,0.0241996,0.00130457,3.34961,0.0,0.295026,678.878
1200_dose_0.01_gradient_0_VconcST_0.04_Vconc_8_run_0.csv,1200.0,0.01,0,8.0,0.04,8.0,0,20.25,3.44861,0.02372,0.00134313,3.44861,0.0,0.301126,10000.0
1200_dose_0.01_gradient_0_VconcST_0.04_Vconc_8_run_0.csv,1200.0,0.01,0,8.0,0.04,8.0,0,20.5,3.54502,0.0232499,0.00138068,3.54502,0.0,0.306965,655.771
1200_dose_0.01_gradient_0_VconcST_0.04_Vconc_8_run_0.csv,1200.0,0.01,0,8.0,0.04,8.0,0,20.75,3.63889,0.0227891,0.00141724,3.63889,0.0,0.312558,10000.0
1200_dose_0.01_gradient_0_VconcST_0.04_Vconc_8_run_0.csv,1200.0,0.01,0,8.0,0.04,8.0,0,21.0,3.73029,0.0223374,0.00145283,3.73029,0.0,0.317917,647.889
1200_dose_0.01_gradient_0_VconcST_0.04_Vconc_8_run_0.csv,1200.0,0.01,0,8.0,0.04,8.0,0,21.25,3.81925,0.0218947,0.00148748,3.81925,0.0,0.323054,10000.0
1200_dose_0.01_gradient_0_VconcST_0.04_Vconc_8_run_0.csv,1200.0,0.01,0,8.0,0.04,8.0,0,21.5,3.90583,0.0214608,0.0015212,3.90583,0.0,0.32798,620.63
1200_dose_0.01_gradient_0_VconcST_0.04_Vconc_8_run_0.csv,1200.0,0.01,0,8.0,0.04,8.0,0,21.75,3.99008,0.0210355,0.00155401,3.99008,0.0,0.332705,10000.0
1200_dose_0.01_gradient_0_VconcST_0.04_Vconc_8_run_0.csv,1200.0,0.01,0,8.0,0.04,8.0,0,22.0,4.07205,0.0206186,0.00158594,4.07205,0.0,0.337238,589.731
1200_dose_0.01_gradient_0_VconcST_0.04_Vconc_8_run_0.csv,1200.0,0.01,0,8.0,0.04,8.0,0,22.25,4.15178,0.0202099,0.00161699,4.15178,0.0,0.341589,10000.0
1200_dose_0.01_gradient_0_VconcST_0.04_Vconc_8_run_0.csv,1200.0,0.01,0,8.0,0.04,8.0,0,22.5,4.22932,0.0198094,0.00164719,4.22932,0.0,0.345766,615.529
1200_dose_0.01_gradient_0_VconcST_0.04_Vconc_8_run_0.csv,1200.0,0.01,0,8.0,0.04,8.0,0,22.75,4.30472,0.0194168,0.00167656,4.30472,0.0,0.349778,10000.0
1200_dose_0.01_gradient_0_VconcST_0.04_Vconc_8_run_0.csv,1200.0,0.01,0,8.0,0.04,8.0,0,23.0,4.37803,0.019032,0.00170511,4.37803,0.0,0.353631,596.851
1200_dose_0.01_gradient_0_VconcST_0.04_Vconc_8_run_0.csv,1200.0,0.01,0,8.0,0.04,8.0,0,23.25,4.44928,0.0186548,0.00173286,4.44928,0.0,0.357332,10000.0
1200_dose_0.01_gradient_0_VconcST_0.04_Vconc_8_run_0.csv,1200.0,0.01,0,8.0,0.04,8.0,0,23.5,4.51852,0.0182851,0.00175982,4.51852,0.0,0.360889,590.735
1200_dose_0.01_gradient_0_VconcST_0.04_Vconc_8_run_0.csv,1200.0,0.01,0,8.0,0.04,8.0,0,23.75,4.58578,0.0179227,0.00178602,4.58578,0.0,0.364306,10000.0
1200_dose_0.01_gradient_0_VconcST_0.04_Vconc_8_run_0.csv,1200.0,0.01,0,8.0,0.04,8.0,0,24.0,4.65112,0.0175675,0.00181147,4.65112,0.0,0.367591,585.62
1200_dose_0.01_gradient_0_VconcST_0.04_Vconc_8_run_0.csv,1200.0,0.01,0,8.0,0.04,8.0,0,24.25,4.71458,0.0172193,0.00183618,4.71458,0.0,0.370749,10000.0
1200_dose_0.01_gradient_0_VconcST_0.04_Vconc_8_run_0.csv,1200.0,0.01,0,8.0,0.04,8.0,0,24.5,4.77618,0.016878,0.00186017,4.77618,0.0,0.373785,569.34
1200_dose_0.01_gradient_0_VconcST_0.04_Vconc_8_run_0.csv,1200.0,0.01,0,8.0,0.04,8.0,0,24.75,4.83598,0.0165435,0.00188346,4.83598,0.0,0.376704,10000.0
1200_dose_0.01_gradient_0_VconcST_0.04_Vconc_8_run_0.csv,1200.0,0.01,0,8.0,0.04,8.0,0,25.0,4.89478,0.0262156,0.00190637,4.89478,0.0,0.379511,598.948
1200_dose_0.01_gradient_0_VconcST_0.04_Vconc_8_run_0.csv,1200.0,0.01,0,8.0,0.04,8.0,0,25.25,4.99723,0.025696,0.00194627,4.99723,0.0,0.384404,10000.0
1200_dose_0.01_gradient_0_VconcST_0.04_Vconc_8_run_0.csv,1200.0,0.01,0,8.0,0.04,8.0,0,25.5,5.09689,0.0251868,0.00198508,5.09689,0.0,0.389092,560.667
1200_dose_0.01_gradient_0_VconcST_0.04_Vconc_8_run_0.csv,1200.0,0.01,0,8.0,0.04,8.0,0,25.75,5.19382,0.0246876,0.00202283,5.19382,0.0,0.393582,10000.0
1200_dose_0.01_gradient_0_VconcST_0.04_Vconc_8_run_0.csv,1200.0,0.01,0,8.0,0.04,8.0,0,26.0,5.28808,0.0241983,0.00205954,5.28808,0.0,0.397887,546.259
1200_dose_0.01_gradient_0_VconcST_0.04_Vconc_8_run_0.csv,1200.0,0.01,0,8.0,0.04,8.0,0,26.25,5.37973,0.0237187,0.00209524,5.37973,0.0,0.402013,10000.0
1200_dose_0.01_gradient_0_VconcST_0.04_Vconc_8_run_0.csv,1200.0,0.01,0,8.0,0.04,8.0,0,26.5,5.46881,0.0232487,0.00212993,5.46881,0.0,0.405971,540.634
1200_dose_0.01_gradient_0_VconcST_0.04_Vconc_8_run_0.csv,1200.0,0.01,0,8.0,0.04,8.0,0,26.75,5.55539,0.0227879,0.00216365,5.55539,0.0,0.409767,10000.0
1200_dose_0.01_gradient_0_VconcST_0.04_Vconc_8_run_0.csv,1200.0,0.01,0,8.0,0.04,8.0,0,27.0,5.63951,0.0223363,0.00219641,5.63951,0.0,0.413409,517.772
1200_dose_0.01_gradient_0_VconcST_0.04_Vconc_8_run_0.csv,1200.0,0.01,0,8.0,0.04,8.0,0,27.25,5.72122,0.0218936,0.00222824,5.72122,0.0,0.416904,10000.0
1200_dose_0.01_gradient_0_VconcST_0.04_Vconc_8_run_0.csv,1200.0,0.01,0,8.0,0.04,8.0,0,27.5,5.80059,0.0214597,0.00225915,5.80059,0.0,0.42026,529.362
1200_dose_0.01_gradient_0_VconcST_0.04_Vconc_8_run_0.csv,1200.0,0.01,0,8.0,0.04,8.0,0,27.75,5.87765,0.0210344,0.00228916,5.87765,0.0,0.423481,10000.0
1200_dose_0.01_gradient_0_VconcST_0.04_Vconc_8_run_0.csv,1200.0,0.01,0,8.0,0.04,8.0,0,28.0,5.95245,0.0206175,0.0023183,5.95245,0.0,0.426574,522.869
1200_dose_0.01_gradient_0_VconcST_0.04_Vconc_8_run_0.csv,1200.0,0.01,0,8.0,0.04,8.0,0,28.25,6.02505,0.0202089,0.00234657,6.02505,0.0,0.429544,10000.0
1200_dose_0.01_gradient_0_VconcST_0.04_Vconc_8_run_0.csv,1200.0,0.01,0,8.0,0.04,8.0,0,28.5,6.09548,0.0198084,0.002374,6.09548,0.0,0.432396,490.018
1200_dose_0.01_gradient_0_VconcST_0.04_Vconc_8_run_0.csv,1200.0,0.01,0,8.0,0.04,8.0,0,28.75,6.1638,0.0194158,0.00240061,6.1638,0.0,0.435135,9921.56
1200_dose_0.01_gradient_0_VconcST_0.04_Vconc_8_run_0.csv,1200.0,0.01,0,8.0,0.04,8.0,0,29.0,6.23005,0.019031,0.00242641,6.23005,0.0,0.437767,487.014
1200_dose_0.01_gradient_0_VconcST_0.04_Vconc_8_run_0.csv,1200.0,0.01,0,8.0,0.04,8.0,0,29.25,6.29427,0.0186538,0.00245142,6.29427,0.0,0.440294,9910.77
1200_dose_0.01_gradient_0_VconcST_0.04_Vconc_8_run_0.csv,1200.0,0.01,0,8.0,0.04,8.0,0,29.5,6.35651,0.0182841,0.00247566,6.35651,0.0,0.442722,486.582
1200_dose_0.01_gradient_0_VconcST_0.04_Vconc_8_run_0.csv,1200.0,0.01,0,8.0,0.04,8.0,0,29.75,6.4168,0.0179218,0.00249915,6.4168,0.0,0.445054,10000.0
1200_dose_0.01_gradient_0_VconcST_0.04_Vconc_8_run_0.csv,1200.0,0.01,0,8.0,0.04,8.0,0,30.0,6.47597,0.0275666,0.00252219,6.47597,0.0,0.447294,472.443
1200_dose_0.01_gradient_0_VconcST_0.04_Vconc_8_run_0.csv,1200.0,0.01,0,8.0,0.04,8.0,0,30.25,6.57866,0.0270202,0.00256218,6.57866,0.0,0.451189,10000.0
1200_dose_0.01_gradient_0_VconcST_0.04_Vconc_8_run_0.csv,1200.0,0.01,0,8.0,0.04,8.0,0,30.5,6.67844,0.0264847,0.00260105,6.67844,0.0,0.454922,457.506
1200_dose_0.01_gradient_0_VconcST_0.04_Vconc_8_run_0.csv,1200.0,0.01,0,8.0,0.04,8.0,0,30.75,6.77537,0.0259598,0.00263879,6.77537,0.0,0.4585,10000.0
1200_dose_0.01_gradient_0_VconcST_0.04_Vconc_8_run_0.csv,1200.0,0.01,0,8.0,0.04,8.0,0,31.0,6.8695,0.0254453,0.00267546,6.8695,0.0,0.46193,463.282
1200_dose_0.01_gradient_0_VconcST_0.04_Vconc_8_run_0.csv,1200.0,0.01,0,8.0,0.04,8.0,0,31.25,6.96091,0.024941,0.00271106,6.96091,0.0,0.465219,10000.0
1200_dose_0.01_gradient_0_VconcST_0.04_Vconc_8_run_0.csv,1200.0,0.01,0,8.0,0.04,8.0,0,31.5,7.04964,0.0244467,0.00274562,7.04964,0.0,0.468374,447.703
1200_dose_0.01_gradient_0_VconcST_0.04_Vconc_8_run_0.csv,1200.0,0.01,0,8.0,0.04,8.0,0,31.75,7.13575,0.0239622,0.00277915,7.13575,0.0,0.471401,10000.0
1200_dose_0.01_gradient_0_VconcST_0.04_Vconc_8_run_0.csv,1200.0,0.01,0,8.0,0.04,8.0,0,32.0,7.2193,0.0234873,0.00281169,7.2193,0.0,0.474304,446.962
1200_dose_0.01_gradient_0_VconcST_0.04_Vconc_8_run_0.csv,1200.0,0.01,0,8.0,0.04,8.0,0,32.25,7.30034,0.0230218,0.00284326,7.30034,0.0,0.47709,9497.75
1200_dose_0.01_gradient_0_VconcST_0.04_Vconc_8_run_0.csv,1200.0,0.01,0,8.0,0.04,8.0,0,32.5,7.37893,0.0225656,0.00287386,7.37893,0.0,0.479764,441.806
1200_dose_0.01_gradient_0_VconcST_0.04_Vconc_8_run_0.csv,1200.0,0.01,0,8.0,0.04,8.0,0,32.75,7.45511,0.0221183,0.00290353,7.45511,0.0,0.48233,9933.0
1200_dose_0.01_gradient_0_VconcST_0.04_Vconc_8_run_0.csv,1200.0,0.01,0,8.0,0.04,8.0,0,33.0,7.52894,0.02168,0.00293229,7.52894,0.0,0.484793,444.942
1200_dose_0.01_gradient_0_VconcST_0.04_Vconc_8_run_0.csv,1200.0,0.01,0,8.0,0.04,8.0,0,33.25,7.60046,0.0212503,0.00296014,7.60046,0.0,0.487156,9897.45
1200_dose_0.01_gradient_0_VconcST_0.04_Vconc_8_run_0.csv,1200.0,0.01,0,8.0,0.04,8.0,0,33.5,7.66973,0.0208291,0.00298712,7.66973,0.0,0.489424,413.439
1200_dose_0.01_gradient_0_VconcST_0.04_Vconc_8_run_0.csv,1200.0,0.01,0,8.0,0.04,8.0,0,33.75,7.73679,0.0204163,0.00301324,7.73679,0.0,0.491602,9720.29
1200_dose_0.01_gradient_0_VconcST_0.04_Vconc_8_run_0.csv,1200.0,0.01,0,8.0,0.04,8.0,0,34.0,7.80169,0.0200117,0.00303852,7.80169,0.0,0.493691,418.349
1200_dose_0.01_gradient_0_VconcST_0.04_Vconc_8_run_0.csv,1200.0,0.01,0,8.0,0.04,8.0,0,34.25,7.86448,0.0196151,0.00306297,7.86448,0.0,0.495696,9567.53
1200_dose_0.01_gradient_0_VconcST_0.04_Vconc_8_run_0.csv,1200.0,0.01,0,8.0,0.04,8.0,0,34.5,7.9252,0.0192263,0.00308662,7.9252,0.0,0.49762,428.909
1200_dose_0.01_gradient_0_VconcST_0.04_Vconc_8_run_0.csv,1200.0,0.01,0,8.0,0.04,8.0,0,34.75,7.9839,0.0188453,0.00310948,7.9839,0.0,0.499466,9430.24
1200_dose_0.01_gradient_0_VconcST_0.04_Vconc_8_run_0.csv,1200.0,0.01,0,8.0,0.04,8.0,0,35.0,8.04139,0.0284718,0.00313187,8.04139,0.0,0.501237,421.357
1200_dose_0.01_gradient_0_VconcST_0.04_Vconc_8_run_0.csv,1200.0,0.01,0,8.0,0.04,8.0,0,35.25,8.14232,0.0279075,0.00317118,8.14232,0.0,0.504357,9890.97
1200_dose_0.01_gradient_0_VconcST_0.04_Vconc_8_run_0.csv,1200.0,0.01,0,8.0,0.04,8.0,0,35.5,8.24026,0.0273544,0.00320933,8.24026,0.0,0.507348,421.276
1200_dose_0.01_gradient_0_VconcST_0.04_Vconc_8_run_0.csv,1200.0,0.01,0,8.0,0.04,8.0,0,35.75,8.33528,0.0268123,0.00324633,8.33528,0.0,0.510216,9171.38
1200_dose_0.01_gradient_0_VconcST_0.04_Vconc_8_run_0.csv,1200.0,0.01,0,8.0,0.04,8.0,0,36.0,8.42744,0.0262809,0.00328223,8.42744,0.0,0.512965,402.568
1200_dose_0.01_gradient_0_VconcST_0.04_Vconc_8_run_0.csv,1200.0,0.01,0,8.0,0.04,8.0,0,36.25,8.51679,0.0257601,0.00331703,8.51679,0.0,0.515601,9194.56
1200_dose_0.01_gradient_0_VconcST_0.04_Vconc_8_run_0.csv,1200.0,0.01,0,8.0,0.04,8.0,0,36.5,8.6034,0.0252495,0.00335076,8.6034,0.0,0.51813,404.995
1200_dose_0.01_gradient_0_VconcST_0.04_Vconc_8_run_0.csv,1200.0,0.01,0,8.0,0.04,8.0,0,36.75,8.68733,0.0247491,0.00338345,8.68733,0.0,0.520555,9556.0
1200_dose_0.01_gradient_0_VconcST_0.04_Vconc_8_run_0.csv,1200.0,0.01,0,8.0,0.04,8.0,0,37.0,8.76863,0.0242586,0.00341511,8.76863,0.0,0.522881,390.403
1200_dose_0.01_gradient_0_VconcST_0.04_Vconc_8_run_0.csv,1200.0,0.01,0,8.0,0.04,8.0,0,37.25,8.84735,0.0237778,0.00344577,8.84735,0.0,0.525111,8971.28
1200_dose_0.01_gradient_0_VconcST_0.04_Vconc_8_run_0.csv,1200.0,0.01,0,8.0,0.04,8.0,0,37.5,8.92356,0.0233066,0.00347545,8.92356,0.0,0.527251,401.081
1200_dose_0.01_gradient_0_VconcST_0.04_Vconc_8_run_0.csv,1200.0,0.01,0,8.0,0.04,8.0,0,37.75,8.99729,0.0228447,0.00350417,8.99729,0.0,0.529303,9045.18
1200_dose_0.01_gradient_0_VconcST_0.04_Vconc_8_run_0.csv,1200.0,0.01,0,8.0,0.04,8.0,0,38.0,9.06863,0.0223919,0.00353195,9.06863,0.0,0.531272,387.051
1200_dose_0.01_gradient_0_VconcST_0.04_Vconc_8_run_0.csv,1200.0,0.01,0,8.0,0.04,8.0,0,38.25,9.1376,0.0219481,0.00355881,9.1376,0.0,0.533159,9439.28
1200_dose_0.01_gradient_0_VconcST_0.04_Vconc_8_run_0.csv,1200.0,0.01,0,8.0,0.04,8.0,0,38.5,9.20426,0.0215132,0.00358478,9.20426,0.0,0.534969,382.859
1200_dose_0.01_gradient_0_VconcST_0.04_Vconc_8_run_0.csv,1200.0,0.01,0,8.0,0.04,8.0,0,38.75,9.26866,0.0210868,0.00360986,9.26866,0.0,0.536705,8878.36
1200_dose_0.01_gradient_0_VconcST_0.04_Vconc_8_run_0.csv,1200.0,0.01,0,8.0,0.04,8.0,0,39.0,9.33085,0.0206689,0.00363408,9.33085,0.0,0.538368,366.137
1200_dose_0.01_gradient_0_VconcST_0.04_Vconc_8_run_0.csv,1200.0,0.01,0,8.0,0.04,8.0,0,39.25,9.39087,0.0202592,0.00365745,9.39087,0.0,0.539963,9103.42
1200_dose_0.01_gradient_0_VconcST_0.04_Vconc_8_run_0.csv,1200.0,0.01,0,8.0,0.04,8.0,0,39.5,9.44878,0.0198577,0.00368001,9.44878,0.0,0.54149,348.038
1200_dose_0.01_gradient_0_VconcST_0.04_Vconc_8_run_0.csv,1200.0,0.01,0,8.0,0.04,8.0,0,39.75,9.50461,0.0194642,0.00370175,9.50461,0.0,0.542954,8880.28
1200_dose_0.01_gradient_0_VconcST_0.04_Vconc_8_run_0.csv,1200.0,0.01,0,8.0,0.04,8.0,0,40.0,9.55919,0.0290784,0.00372301,9.55919,0.0,0.544355,373.653
1200_dose_0.01_gradient_0_VconcST_0.04_Vconc_8_run_0.csv,1200.0,0.01,0,8.0,0.04,8.0,0,40.25,9.65717,0.0285021,0.00376117,9.65717,0.0,0.546885,9013.8
1200_dose_0.01_gradient_0_VconcST_0.04_Vconc_8_run_0.csv,1200.0,0.01,0,8.0,0.04,8.0,0,40.5,9.75211,0.0279372,0.00379815,9.75211,0.0,0.54931,370.406
1200_dose_0.01_gradient_0_VconcST_0.04_Vconc_8_run_0.csv,1200.0,0.01,0,8.0,0.04,8.0,0,40.75,9.84409,0.0273835,0.00383397,9.84409,0.0,0.551634,8933.96
1200_dose_0.01_gradient_0_VconcST_0.04_Vconc_8_run_0.csv,1200.0,0.01,0,8.0,0.04,8.0,0,41.0,9.93316,0.0268408,0.00386866,9.93316,0.0,0.553863,352.648
1200_dose_0.01_gradient_0_VconcST_0.04_Vconc_8_run_0.csv,1200.0,0.01,0,8.0,0.04,8.0,0,41.25,10.0194,0.0263089,0.00390224,10.0194,0.0,0.555999,8794.26
1200_dose_0.01_gradient_0_VconcST_0.04_Vconc_8_run_0.csv,1200.0,0.01,0,8.0,0.04,8.0,0,41.5,10.1028,0.0257875,0.00393474,10.1028,0.0,0.558047,347.116
1200_dose_0.01_gradient_0_VconcST_0.04_Vconc_8_run_0.csv,1200.0,0.01,0,8.0,0.04,8.0,0,41.75,10.1836,0.0252764,0.00396618,10.1836,0.0,0.56001,8904.02
1200_dose_0.01_gradient_0_VconcST_0.04_Vconc_8_run_0.csv,1200.0,0.01,0,8.0,0.04,8.0,0,42.0,10.2616,0.0247754,0.00399658,10.2616,0.0,0.561892,343.629
1200_dose_0.01_gradient_0_VconcST_0.04_Vconc_8_run_0.csv,1200.0,0.01,0,8.0,0.04,8.0,0,42.25,10.3371,0.0242844,0.00402597,10.3371,0.0,0.563696,8544.9
1200_dose_0.01_gradient_0_VconcST_0.04_Vconc_8_run_0.csv,1200.0,0.01,0,8.0,0.04,8.0,0,42.5,10.41,0.0238031,0.00405436,10.41,0.0,0.565425,360.555
1200_dose_0.01_gradient_0_VconcST_0.04_Vconc_8_run_0.csv,1200.0,0.01,0,8.0,0.04,8.0,0,42.75,10.4804,0.0233314,0.00408178,10.4804,0.0,0.567081,8748.01
1200_dose_0.01_gradient_0_VconcST_0.04_Vconc_8_run_0.csv,1200.0,0.01,0,8.0,0.04,8.0,0,43.0,10.5483,0.022869,0.00410824,10.5483,0.0,0.568668,343.736
1200_dose_0.01_gradient_0_VconcST_0.04_Vconc_8_run_0.csv,1200.0,0.01,0,8.0,0.04,8.0,0,43.25,10.6139,0.0224157,0.00413378,10.6139,0.0,0.570188,8938.61
1200_dose_0.01_gradient_0_VconcST_0.04_Vconc_8_run_0.csv,1200.0,0.01,0,8.0,0.04,8.0,0,43.5,10.6771,0.0219715,0.0041584,10.6771,0.0,0.571644,345.437
1200_dose_0.01_gradient_0_VconcST_0.04_Vconc_8_run_0.csv,1200.0,0.01,0,8.0,0.04,8.0,0,43.75,10.738,0.021536,0.00418213,10.738,0.0109375,0.573038,8407.23
1200_dose_0.01_gradient_0_VconcST_0.04_Vconc_8_run_0.csv,1200.0,0.01,0,8.0,0.04,8.0,0,44.0,10.7967,0.0211092,0.00420499,10.7967,0.0,0.574372,338.984
1200_dose_0.01_gradient_0_VconcST_0.04_Vconc_8_run_0.csv,1200.0,0.01,0,8.0,0.04,8.0,0,44.25,10.8532,0.0206909,0.00422699,10.8532,0.0,0.575648,8250.75
1200_dose_0.01_gradient_0_VconcST_0.04_Vconc_8_run_0.csv,1200.0,0.01,0,8.0,0.04,8.0,0,44.5,10.9076,0.0202808,0.00424816,10.9076,0.0,0.576869,331.581
1200_dose_0.01_gradient_0_VconcST_0.04_Vconc_8_run_0.csv,1200.0,0.01,0,8.0,0.04,8.0,0,44.75,10.9598,0.0198788,0.00426851,10.9598,0.0,0.578036,8509.56
1200_dose_0.01_gradient_0_VconcST_0.04_Vconc_8_run_0.csv,1200.0,0.01,0,8.0,0.04,8.0,0,45.0,11.0108,0.0294849,0.00428837,11.0108,0.0,0.579151,327.862
1200_dose_0.01_gradient_0_VconcST_0.04_Vconc_8_run_0.csv,1200.0,0.01,0,8.0,0.04,8.0,0,45.25,11.1051,0.0289005,0.00432511,11.1051,0.0,0.581231,8476.28
1200_dose_0.01_gradient_0_VconcST_0.04_Vconc_8_run_0.csv,1200.0,0.01,0,8.0,0.04,8.0,0,45.5,11.1964,0.0283277,0.00436067,11.1964,0.0,0.583224,315.018
1200_dose_0.01_gradient_0_VconcST_0.04_Vconc_8_run_0.csv,1200.0,0.01,0,8.0,0.04,8.0,0,45.75,11.2847,0.0277663,0.00439506,11.2847,0.0134375,0.585133,8143.24
1200_dose_0.01_gradient_0_VconcST_0.04_Vconc_8_run_0.csv,1200.0,0.01,0,8.0,0.04,8.0,0,46.0,11.3701,0.027216,0.00442831,11.3701,0.0,0.586963,316.409
1200_dose_0.01_gradient_0_VconcST_0.04_Vconc_8_run_0.csv,1200.0,0.01,0,8.0,0.04,8.0,0,46.25,11.4526,0.0266766,0.00446044,11.4526,0.0146484,0.588716,8182.94
1200_dose_0.01_gradient_0_VconcST_0.04_Vconc_8_run_0.csv,1200.0,0.01,0,8.0,0.04,8.0,0,46.5,11.5323,0.0261479,0.00449149,11.5323,0.0,0.590395,314.776
1200_dose_0.01_gradient_0_VconcST_0.04_Vconc_8_run_0.csv,1200.0,0.01,0,8.0,0.04,8.0,0,46.75,11.6093,0.0256297,0.00452146,11.6093,0.0159375,0.592004,7947.22
1200_dose_0.01_gradient_0_VconcST_0.04_Vconc_8_run_0.csv,1200.0,0.01,0,8.0,0.04,8.0,0,47.0,11.6836,0.0251217,0.0045504,11.6836,0.0,0.593545,309.146
1200_dose_0.01_gradient_0_VconcST_0.04_Vconc_8_run_0.csv,1200.0,0.01,0,8.0,0.04,8.0,0,47.25,11.7552,0.0246239,0.0045783,11.7552,0.0182248,0.59502,8254.92
1200_dose_0.01_gradient_0_VconcST_0.04_Vconc_8_run_0.csv,1200.0,0.01,0,8.0,0.04,8.0,0,47.5,11.8243,0.0241358,0.00460521,11.8243,0.0,0.596432,306.639
1200_dose_0.01_gradient_0_VconcST_0.04_Vconc_8_run_0.csv,1200.0,0.01,0,8.0,0.04,8.0,0,47.75,11.8909,0.0236575,0.00463114,11.8909,0.00205729,0.597784,7647.16
1200_dose_0.01_gradient_0_VconcST_0.04_Vconc_8_run_0.csv,1200.0,0.01,0,8.0,0.04,8.0,0,48.0,11.955,0.0231886,0.00465611,11.955,0.0,0.599077,300.12
1200_dose_0.01_gradient_0_VconcST_0.04_Vconc_8_run_0.csv,1200.0,0.01,0,8.0,0.04,8.0,0,48.25,12.0167,0.0227291,0.00468014,12.0167,0.0192969,0.600314,7962.6
1200_dose_0.01_gradient_0_VconcST_0.04_Vconc_8_run_0.csv,1200.0,0.01,0,8.0,0.04,8.0,0,48.5,12.0761,0.0222786,0.00470326,12.0761,0.0,0.601497,308.783
1200_dose_0.01_gradient_0_VconcST_0.04_Vconc_8_run_0.csv,1200.0,0.01,0,8.0,0.04,8.0,0,48.75,12.1331,0.0218371,0.00472548,12.1331,0.0203277,0.602626,7616.81
1200_dose_0.01_gradient_0_VconcST_0.04_Vconc_8_run_0.csv,1200.0,0.01,0,8.0,0.04,8.0,0,49.0,12.1879,0.0214043,0.00474681,12.1879,0.0,0.603706,295.448
1200_dose_0.01_gradient_0_VconcST_0.04_Vconc_8_run_0.csv,1200.0,0.01,0,8.0,0.04,8.0,0,49.25,12.2405,0.0209801,0.00476729,12.2405,0.00442708,0.604736,7827.49
1200_dose_0.01_gradient_0_VconcST_0.04_Vconc_8_run_0.csv,1200.0,0.01,0,8.0,0.04,8.0,0,49.5,12.2909,0.0205643,0.00478693,12.2909,0.0,0.605719,301.17
1200_dose_0.01_gradient_0_VconcST_0.04_Vconc_8_run_0.csv,1200.0,0.01,0,8.0,0.04,8.0,0,49.75,12.3392,0.0201567,0.00480575,12.3392,0.0223069,0.606656,7591.46
1200_dose_0.01_gradient_0_VconcST_0.04_Vconc_8_run_0.csv,1200.0,0.01,0,8.0,0.04,8.0,0,50.0,12.3863,0.0297572,0.00482407,12.3863,0.0,0.60755,285.069
1200_dose_0.01_gradient_0_VconcST_0.04_Vconc_8_run_0.csv,1200.0,0.01,0,8.0,0.04,8.0,0,50.25,12.4767,0.0291675,0.00485927,12.4767,0.0239974,0.609283,6603.12
1200_dose_0.01_gradient_0_VconcST_0.04_Vconc_8_run_0.csv,1200.0,0.01,0,8.0,0.04,8.0,0,50.5,12.564,0.0285894,0.00489328,12.564,0.0,0.610943,746.597
1200_dose_0.01_gradient_0_VconcST_0.04_Vconc_8_run_0.csv,1200.0,0.01,0,8.0,0.04,8.0,0,50.75,12.6483,0.0280228,0.00492612,12.6483,0.0261415,0.612533,5971.48
1200_dose_0.01_gradient_0_VconcST_0.04_Vconc_8_run_0.csv,1200.0,0.01,0,8.0,0.04,8.0,0,51.0,12.7297,0.0274674,0.00495782,12.7297,0.0,0.614055,5099.97
1200_dose_0.01_gradient_0_VconcST_0.04_Vconc_8_run_0.csv,1200.0,0.01,0,8.0,0.04,8.0,0,51.25,12.8082,0.026923,0.0049884,12.8082,0.0270486,0.615513,5057.82
1200_dose_0.01_gradient_0_VconcST_0.04_Vconc_8_run_0.csv,1200.0,0.01,0,8.0,0.04,8.0,0,51.5,12.8839,0.0263895,0.00501789,12.8839,0.0,0.616907,5090.75
1200_dose_0.01_gradient_0_VconcST_0.04_Vconc_8_run_0.csv,1200.0,0.01,0,8.0,0.04,8.0,0,51.75,12.9569,0.0258665,0.0050463,12.9569,0.0281207,0.618242,5059.17
1200_dose_0.01_gradient_0_VconcST_0.04_Vconc_8_run_0.csv,1200.0,0.01,0,8.0,0.04,8.0,0,52.0,13.0271,0.0253538,0.00507367,13.0271,0.0,0.619519,5087.98
1200_dose_0.01_gradient_0_VconcST_0.04_Vconc_8_run_0.csv,1200.0,0.01,0,8.0,0.04,8.0,0,52.25,13.0948,0.0248513,0.00510001,13.0948,0.0291927,0.620739,5057.93
1200_dose_0.01_gradient_0_VconcST_0.04_Vconc_8_run_0.csv,1200.0,0.01,0,8.0,0.04,8.0,0,52.5,13.1598,0.0243588,0.00512535,13.1598,0.0,0.621906,5079.16
1200_dose_0.01_gradient_0_VconcST_0.04_Vconc_8_run_0.csv,1200.0,0.01,0,8.0,0.04,8.0,0,52.75,13.2224,0.023876,0.0051497,13.2224,0.0302648,0.623021,5056.16
1200_dose_0.01_gradient_0_VconcST_0.04_Vconc_8_run_0.csv,1200.0,0.01,0,8.0,0.04,8.0,0,53.0,13.2824,0.0234029,0.0051731,13.2824,0.0,0.624086,5078.2
1200_dose_0.01_gradient_0_VconcST_0.04_Vconc_8_run_0.csv,1200.0,0.01,0,8.0,0.04,8.0,0,53.25,13.3401,0.022939,0.00519556,13.3401,0.0313368,0.625102,5057.05
1200_dose_0.01_gradient_0_VconcST_0.04_Vconc_8_run_0.csv,1200.0,0.01,0,8.0,0.04,8.0,0,53.5,13.3954,0.0224844,0.00521709,13.3954,0.0,0.626072,5077.37
1200_dose_0.01_gradient_0_VconcST_0.04_Vconc_8_run_0.csv,1200.0,0.01,0,8.0,0.04,8.0,0,53.75,13.4484,0.0220388,0.00523773,13.4484,0.0324089,0.626997,5058.32
1200_dose_0.01_gradient_0_VconcST_0.04_Vconc_8_run_0.csv,1200.0,0.01,0,8.0,0.04,8.0,0,54.0,13.4991,0.021602,0.00525749,13.4991,0.0,0.627877,5071.41
1200_dose_0.01_gradient_0_VconcST_0.04_Vconc_8_run_0.csv,1200.0,0.01,0,8.0,0.04,8.0,0,54.25,13.5476,0.0211739,0.00527639,13.5476,0.0334809,0.628716,5057.54
1200_dose_0.01_gradient_0_VconcST_0.04_Vconc_8_run_0.csv,1200.0,0.01,0,8.0,0.04,8.0,0,54.5,13.594,0.0207542,0.00529444,13.594,0.0,0.629514,5063.77
1200_dose_0.01_gradient_0_VconcST_0.04_Vconc_8_run_0.csv,1200.0,0.01,0,8.0,0.04,8.0,0,54.75,13.6383,0.0203429,0.00531168,13.6383,0.0347179,0.630272,5054.46
1200_dose_0.01_gradient_0_VconcST_0.04_Vconc_8_run_0.csv,1200.0,0.01,0,8.0,0.04,8.0,0,55.0,13.6812,0.0299397,0.00532841,13.6812,0.0,0.630992,5061.43
1200_dose_0.01_gradient_0_VconcST_0.04_Vconc_8_run_0.csv,1200.0,0.01,0,8.0,0.04,8.0,0,55.25,13.7675,0.0293464,0.00536203,13.7675,0.0359549,0.632457,5054.98
1200_dose_0.01_gradient_0_VconcST_0.04_Vconc_8_run_0.csv,1200.0,0.01,0,8.0,0.04,8.0,0,55.5,13.8508,0.0287648,0.00539446,13.8508,0.0754948,0.633858,5058.0
1200_dose_0.01_gradient_0_VconcST_0.04_Vconc_8_run_0.csv,1200.0,0.01,0,8.0,0.04,8.0,0,55.75,13.9311,0.0281947,0.00542571,13.9311,0.11549,0.635199,5053.31
1200_dose_0.01_gradient_0_VconcST_0.04_Vconc_8_run_0.csv,1200.0,0.01,0,8.0,0.04,8.0,0,56.0,14.0084,0.0276359,0.00545583,14.0084,0.23707,0.636481,5054.17
1200_dose_0.01_gradient_0_VconcST_0.04_Vconc_8_run_0.csv,1200.0,0.01,0,8.0,0.04,8.0,0,56.25,14.0828,0.0270882,0.00548482,14.0828,0.360486,0.637708,5053.54
1200_dose_0.01_gradient_0_VconcST_0.04_Vconc_8_run_0.csv,1200.0,0.01,0,8.0,0.04,8.0,0,56.5,14.1545,0.0265513,0.00551272,14.1545,0.486506,0.63888,5054.35
1200_dose_0.01_gradient_0_VconcST_0.04_Vconc_8_run_0.csv,1200.0,0.01,0,8.0,0.04,8.0,0,56.75,14.2233,0.0260251,0.00553955,14.2233,0.612535,0.64,5053.37
1200_dose_0.01_gradient_0_VconcST_0.04_Vconc_8_run_0.csv,1200.0,0.01,0,8.0,0.04,8.0,0,57.0,14.2895,0.0255093,0.00556533,14.2895,0.740126,0.64107,5054.11
1200_dose_0.01_gradient_0_VconcST_0.04_Vconc_8_run_0.csv,1200.0,0.01,0,8.0,0.04,8.0,0,57.25,14.3531,0.0250038,0.00559009,14.3531,0.86928,0.642091,5053.99
1200_dose_0.01_gradient_0_VconcST_0.04_Vconc_8_run_0.csv,1200.0,0.01,0,8.0,0.04,8.0,0,57.5,14.4141,0.0245082,0.00561384,14.4141,0.995838,0.643066,5053.11
1200_dose_0.01_gradient_0_VconcST_0.04_Vconc_8_run_0.csv,1200.0,0.01,0,8.0,0.04,8.0,0,57.75,14.4726,0.0240225,0.00563661,14.4726,1.0,0.643995,5054.25
1200_dose_0.01_gradient_0_VconcST_0.04_Vconc_8_run_0.csv,1200.0,0.01,0,8.0,0.04,8.0,0,58.0,14.5286,0.0235464,0.00565843,14.5286,1.0,0.644881,5052.43
1200_dose_0.01_gradient_0_VconcST_0.04_Vconc_8_run_0.csv,1200.0,0.01,0,8.0,0.04,8.0,0,58.25,14.5822,0.0230797,0.0056793,14.5822,1.0,0.645724,5053.26
1200_dose_0.01_gradient_0_VconcST_0.04_Vconc_8_run_0.csv,1200.0,0.01,0,8.0,0.04,8.0,0,58.5,14.6334,0.0226223,0.00569927,14.6334,1.0,0.646527,5052.72
1200_dose_0.01_gradient_0_VconcST_0.04_Vconc_8_run_0.csv,1200.0,0.01,0,8.0,0.04,8.0,0,58.75,14.6824,0.022174,0.00571832,14.6824,1.0,0.647291,5051.79
1200_dose_0.01_gradient_0_VconcST_0.04_Vconc_8_run_0.csv,1200.0,0.01,0,8.0,0.04,8.0,0,59.0,14.729,0.0217345,0.0057365,14.729,1.0,0.648016,5052.56
1200_dose_0.01_gradient_0_VconcST_0.04_Vconc_8_run_0.csv,1200.0,0.01,0,8.0,0.04,8.0,0,59.25,14.7735,0.0213038,0.00575382,14.7735,1.0,0.648704,5051.05
1200_dose_0.01_gradient_0_VconcST_0.04_Vconc_8_run_0.csv,1200.0,0.01,0,8.0,0.04,8.0,0,59.5,14.8158,0.0208816,0.00577031,14.8158,1.0,0.649356,5051.89
1200_dose_0.01_gradient_0_VconcST_0.04_Vconc_8_run_0.csv,1200.0,0.01,0,8.0,0.04,8.0,0,59.75,14.856,0.0204677,0.00578597,14.856,1.0,0.649973,5052.55
1200_dose_0.01_gradient_0_VconcST_0.04_Vconc_8_run_0.csv,1200.0,0.01,0,8.0,0.04,8.0,0,60.0,14.895,0.0300621,0.00580112,14.895,1.0,0.650557,5051.8
1200_dose_0.01_gradient_0_VconcST_0.04_Vconc_8_run_0.csv,1200.0,0.01,0,8.0,0.04,8.0,0,60.25,14.9772,0.0294663,0.00583317,14.9772,1.0,0.651809,5052.89
1200_dose_0.01_gradient_0_VconcST_0.04_Vconc_8_run_0.csv,1200.0,0.01,0,8.0,0.04,8.0,0,60.5,15.0565,0.0288823,0.00586403,15.0565,1.0,0.653006,5051.7
1200_dose_0.01_gradient_0_VconcST_0.04_Vconc_8_run_0.csv,1200.0,0.01,0,8.0,0.04,8.0,0,60.75,15.1327,0.0283099,0.00589371,15.1327,1.0,0.65415,5051.03
1200_dose_0.01_gradient_0_VconcST_0.04_Vconc_8_run_0.csv,1200.0,0.01,0,8.0,0.04,8.0,0,61.0,15.206,0.0277488,0.00592226,15.206,1.0,0.655243,5051.27
1200_dose_0.01_gradient_0_VconcST_0.04_Vconc_8_run_0.csv,1200.0,0.01,0,8.0,0.04,8.0,0,61.25,15.2764,0.0271989,0.00594968,15.2764,1.0,0.656287,5050.95
1200_dose_0.01_gradient_0_VconcST_0.04_Vconc_8_run_0.csv,1200.0,0.01,0,8.0,0.04,8.0,0,61.5,15.344,0.0266598,0.00597602,15.344,1.0,0.657284,5050.15
1200_dose_0.01_gradient_0_VconcST_0.04_Vconc_8_run_0.csv,1200.0,0.01,0,8.0,0.04,8.0,0,61.75,15.4089,0.0261314,0.00600129,15.4089,1.0,0.658234,5050.78
1200_dose_0.01_gradient_0_VconcST_0.04_Vconc_8_run_0.csv,1200.0,0.01,0,8.0,0.04,8.0,0,62.0,15.4711,0.0256135,0.00602551,15.4711,1.0,0.65914,5051.14
1200_dose_0.01_gradient_0_VconcST_0.04_Vconc_8_run_0.csv,1200.0,0.01,0,8.0,0.04,8.0,0,62.25,15.5307,0.0251059,0.00604871,15.5307,1.0,0.660004,5049.17
1200_dose_0.01_gradient_0_VconcST_0.04_Vconc_2.4_run_0.csv,1200.0,0.01,0,2.4,0.04,2.4,0,0.0,0.0,0.0,0.0,0.0,0.0,0.0,0.0
1200_dose_0.01_gradient_0_VconcST_0.04_Vconc_2.4_run_0.csv,1200.0,0.01,0,2.4,0.04,2.4,0,0.25,0.0,0.0,0.0,0.0,0.0,0.0,5630.61
1200_dose_0.01_gradient_0_VconcST_0.04_Vconc_2.4_run_0.csv,1200.0,0.01,0,2.4,0.04,2.4,0,0.5,0.0,0.0,0.0,0.0,0.0,0.0,182.281
1200_dose_0.01_gradient_0_VconcST_0.04_Vconc_2.4_run_0.csv,1200.0,0.01,0,2.4,0.04,2.4,0,0.75,0.0,0.0,0.0,0.0,2.17014e-05,0.0,5713.34
1200_dose_0.01_gradient_0_VconcST_0.04_Vconc_2.4_run_0.csv,1200.0,0.01,0,2.4,0.04,2.4,0,1.0,0.0,0.0,0.0,0.0,0.0,0.0,190.427
1200_dose_0.01_gradient_0_VconcST_0.04_Vconc_2.4_run_0.csv,1200.0,0.01,0,2.4,0.04,2.4,0,1.25,0.0,0.0,0.0,0.0,0.00061849,0.0,5743.68
1200_dose_0.01_gradient_0_VconcST_0.04_Vconc_2.4_run_0.csv,1200.0,0.01,0,2.4,0.04,2.4,0,1.5,0.0,0.0,0.0,0.0,0.0,0.0,183.008
1200_dose_0.01_gradient_0_VconcST_0.04_Vconc_2.4_run_0.csv,1200.0,0.01,0,2.4,0.04,2.4,0,1.75,0.0,0.0,0.0,0.0,0.000948351,0.0,5784.92
1200_dose_0.01_gradient_0_VconcST_0.04_Vconc_2.4_run_0.csv,1200.0,0.01,0,2.4,0.04,2.4,0,2.0,0.0,0.0,0.0,0.0,0.0,0.0,184.891
1200_dose_0.01_gradient_0_VconcST_0.04_Vconc_2.4_run_0.csv,1200.0,0.01,0,2.4,0.04,2.4,0,2.25,0.0,0.0,0.0,0.0,0.0,0.0,5759.76
1200_dose_0.01_gradient_0_VconcST_0.04_Vconc_2.4_run_0.csv,1200.0,0.01,0,2.4,0.04,2.4,0,2.5,0.0,0.0,0.0,0.0,0.0,0.0,177.901
1200_dose_0.01_gradient_0_VconcST_0.04_Vconc_2.4_run_0.csv,1200.0,0.01,0,2.4,0.04,2.4,0,2.75,0.0,0.0,0.0,0.0,0.00140191,0.0,5670.92
1200_dose_0.01_gradient_0_VconcST_0.04_Vconc_2.4_run_0.csv,1200.0,0.01,0,2.4,0.04,2.4,0,3.0,0.0,0.0,0.0,0.0,0.0,0.0,188.677
1200_dose_0.01_gradient_0_VconcST_0.04_Vconc_2.4_run_0.csv,1200.0,0.01,0,2.4,0.04,2.4,0,3.25,0.0,0.0,0.0,0.0,0.0,0.0,5628.36
1200_dose_0.01_gradient_0_VconcST_0.04_Vconc_2.4_run_0.csv,1200.0,0.01,0,2.4,0.04,2.4,0,3.5,0.0,0.0,0.0,0.0,0.0,0.0,183.02
1200_dose_0.01_gradient_0_VconcST_0.04_Vconc_2.4_run_0.csv,1200.0,0.01,0,2.4,0.04,2.4,0,3.75,0.0,0.0,0.0,0.0,0.00121094,0.0,5844.93
1200_dose_0.01_gradient_0_VconcST_0.04_Vconc_2.4_run_0.csv,1200.0,0.01,0,2.4,0.04,2.4,0,4.0,0.0,0.0,0.0,0.0,0.0,0.0,179.523
1200_dose_0.01_gradient_0_VconcST_0.04_Vconc_2.4_run_0.csv,1200.0,0.01,0,2.4,0.04,2.4,0,4.25,0.0,0.0,0.0,0.0,0.0,0.0,5994.8
1200_dose_0.01_gradient_0_VconcST_0.04_Vconc_2.4_run_0.csv,1200.0,0.01,0,2.4,0.04,2.4,0,4.5,0.0,0.0,0.0,0.0,0.0,0.0,181.832
1200_dose_0.01_gradient_0_VconcST_0.04_Vconc_2.4_run_0.csv,1200.0,0.01,0,2.4,0.04,2.4,0,4.75,0.0,0.0,0.0,0.0,0.00148438,0.0,5654.77
1200_dose_0.01_gradient_0_VconcST_0.04_Vconc_2.4_run_0.csv,1200.0,0.01,0,2.4,0.04,2.4,0,5.0,0.000778625,0.01,3.0325e-07,0.000778625,0.0,0.0,187.408
1200_dose_0.01_gradient_0_VconcST_0.04_Vconc_2.4_run_0.csv,1200.0,0.01,0,2.4,0.04,2.4,0,5.25,0.0469344,0.00980181,1.82795e-05,0.0469344,0.0,0.00573865,6031.65
1200_dose_0.01_gradient_0_VconcST_0.04_Vconc_2.4_run_0.csv,1200.0,0.01,0,2.4,0.04,2.4,0,5.5,0.0920004,0.00960755,3.58313e-05,0.0920004,0.0,0.0112786,186.716
1200_dose_0.01_gradient_0_VconcST_0.04_Vconc_2.4_run_0.csv,1200.0,0.01,0,2.4,0.04,2.4,0,5.75,0.135999,0.00941714,5.29673e-05,0.135999,0.00160807,0.0166281,5690.49
1200_dose_0.01_gradient_0_VconcST_0.04_Vconc_2.4_run_0.csv,1200.0,0.01,0,2.4,0.04,2.4,0,6.0,0.178951,0.00923051,6.9696e-05,0.178951,0.0,0.0217949,173.718
1200_dose_0.01_gradient_0_VconcST_0.04_Vconc_2.4_run_0.csv,1200.0,0.01,0,2.4,0.04,2.4,0,6.25,0.22088,0.00904757,8.60258e-05,0.22088,0.00144314,0.0267864,5610.81
1200_dose_0.01_gradient_0_VconcST_0.04_Vconc_2.4_run_0.csv,1200.0,0.01,0,2.4,0.04,2.4,0,6.5,0.261805,0.00886825,0.000101965,0.261805,0.0,0.0316096,182.924
1200_dose_0.01_gradient_0_VconcST_0.04_Vconc_2.4_run_0.csv,1200.0,0.01,0,2.4,0.04,2.4,0,6.75,0.301747,0.00869249,0.000117521,0.301747,0.00136068,0.036271,5534.72
1200_dose_0.01_gradient_0_VconcST_0.04_Vconc_2.4_run_0.csv,1200.0,0.01,0,2.4,0.04,2.4,0,7.0,0.340726,0.00852022,0.000132702,0.340726,0.0,0.040777,171.361
1200_dose_0.01_gradient_0_VconcST_0.04_Vconc_2.4_run_0.csv,1200.0,0.01,0,2.4,0.04,2.4,0,7.25,0.378762,0.00835137,0.000147516,0.378762,0.0,0.0451337,5534.54
1200_dose_0.01_gradient_0_VconcST_0.04_Vconc_2.4_run_0.csv,1200.0,0.01,0,2.4,0.04,2.4,0,7.5,0.415875,0.00818586,0.00016197,0.415875,0.0,0.0493465,164.973
1200_dose_0.01_gradient_0_VconcST_0.04_Vconc_2.4_run_0.csv,1200.0,0.01,0,2.4,0.04,2.4,0,7.75,0.452083,0.00802362,0.000176072,0.452083,0.0,0.053421,5438.4
1200_dose_0.01_gradient_0_VconcST_0.04_Vconc_2.4_run_0.csv,1200.0,0.01,0,2.4,0.04,2.4,0,8.0,0.487405,0.0078646,0.000189829,0.487405,0.0,0.0573623,170.063
1200_dose_0.01_gradient_0_VconcST_0.04_Vconc_2.4_run_0.csv,1200.0,0.01,0,2.4,0.04,2.4,0,8.25,0.521859,0.00770874,0.000203248,0.521859,0.0,0.0611752,5411.23
1200_dose_0.01_gradient_0_VconcST_0.04_Vconc_2.4_run_0.csv,1200.0,0.01,0,2.4,0.04,2.4,0,8.5,0.555463,0.00755596,0.000216335,0.555463,0.0,0.0648644,167.923
1200_dose_0.01_gradient_0_VconcST_0.04_Vconc_2.4_run_0.csv,1200.0,0.01,0,2.4,0.04,2.4,0,8.75,0.588234,0.00740621,0.000229099,0.588234,0.000577257,0.0684345,5386.6
1200_dose_0.01_gradient_0_VconcST_0.04_Vconc_2.4_run_0.csv,1200.0,0.01,0,2.4,0.04,2.4,0,9.0,0.62019,0.00725943,0.000241545,0.62019,0.0,0.0718895,162.455
1200_dose_0.01_gradient_0_VconcST_0.04_Vconc_2.4_run_0.csv,1200.0,0.01,0,2.4,0.04,2.4,0,9.25,0.651347,0.00711555,0.000253679,0.651347,0.0,0.0752336,5255.25
1200_dose_0.01_gradient_0_VconcST_0.04_Vconc_2.4_run_0.csv,1200.0,0.01,0,2.4,0.04,2.4,0,9.5,0.681721,0.00697453,0.000265509,0.681721,0.0,0.0784707,160.953
1200_dose_0.01_gradient_0_VconcST_0.04_Vconc_2.4_run_0.csv,1200.0,0.01,0,2.4,0.04,2.4,0,9.75,0.71133,0.0068363,0.000277041,0.71133,0.0,0.0816043,5273.6
1200_dose_0.01_gradient_0_VconcST_0.04_Vconc_2.4_run_0.csv,1200.0,0.01,0,2.4,0.04,2.4,0,10.0,0.740967,0.0167008,0.000288584,0.740967,0.0,0.0846381,154.881
1200_dose_0.01_gradient_0_VconcST_0.04_Vconc_2.4_run_0.csv,1200.0,0.01,0,2.4,0.04,2.4,0,10.25,0.815246,0.0163698,0.000317513,0.815246,0.0,0.0923554,5014.44
1200_dose_0.01_gradient_0_VconcST_0.04_Vconc_2.4_run_0.csv,1200.0,0.01,0,2.4,0.04,2.4,0,10.5,0.887716,0.0160454,0.000345738,0.887716,0.0,0.0997604,162.68
1200_dose_0.01_gradient_0_VconcST_0.04_Vconc_2.4_run_0.csv,1200.0,0.01,0,2.4,0.04,2.4,0,10.75,0.958415,0.0157274,0.000373273,0.958415,0.0,0.106869,5043.79
1200_dose_0.01_gradient_0_VconcST_0.04_Vconc_2.4_run_0.csv,1200.0,0.01,0,2.4,0.04,2.4,0,11.0,1.02738,0.0154157,0.000400131,1.02738,0.0,0.113695,144.211
1200_dose_0.01_gradient_0_VconcST_0.04_Vconc_2.4_run_0.csv,1200.0,0.01,0,2.4,0.04,2.4,0,11.25,1.09464,0.0151102,0.000426327,1.09464,0.00061849,0.120254,4998.15
1200_dose_0.01_gradient_0_VconcST_0.04_Vconc_2.4_run_0.csv,1200.0,0.01,0,2.4,0.04,2.4,0,11.5,1.16023,0.0148107,0.000451875,1.16023,0.0,0.126557,158.187
1200_dose_0.01_gradient_0_VconcST_0.04_Vconc_2.4_run_0.csv,1200.0,0.01,0,2.4,0.04,2.4,0,11.75,1.2242,0.0145172,0.000476787,1.2242,0.0,0.132617,4986.21
1200_dose_0.01_gradient_0_VconcST_0.04_Vconc_2.4_run_0.csv,1200.0,0.01,0,2.4,0.04,2.4,0,12.0,1.28657,0.0142295,0.000501077,1.28657,0.0,0.138445,150.405
1200_dose_0.01_gradient_0_VconcST_0.04_Vconc_2.4_run_0.csv,1200.0,0.01,0,2.4,0.04,2.4,0,12.25,1.34737,0.0139475,0.000524758,1.34737,0.0,0.144053,4706.63
1200_dose_0.01_gradient_0_VconcST_0.04_Vconc_2.4_run_0.csv,1200.0,0.01,0,2.4,0.04,2.4,0,12.5,1.40664,0.013671,0.000547842,1.40664,0.0,0.149449,143.833
1200_dose_0.01_gradient_0_VconcST_0.04_Vconc_2.4_run_0.csv,1200.0,0.01,0,2.4,0.04,2.4,0,12.75,1.46441,0.0134001,0.000570342,1.46441,0.0,0.154643,4722.09
1200_dose_0.01_gradient_0_VconcST_0.04_Vconc_2.4_run_0.csv,1200.0,0.01,0,2.4,0.04,2.4,0,13.0,1.52071,0.0131345,0.000592269,1.52071,0.0,0.159645,138.671
1200_dose_0.01_gradient_0_VconcST_0.04_Vconc_2.4_run_0.csv,1200.0,0.01,0,2.4,0.04,2.4,0,13.25,1.57557,0.0128742,0.000613636,1.57557,0.0,0.164462,4720.51
1200_dose_0.01_gradient_0_VconcST_0.04_Vconc_2.4_run_0.csv,1200.0,0.01,0,2.4,0.04,2.4,0,13.5,1.62902,0.0126191,0.000634453,1.62902,0.0,0.169102,138.078
1200_dose_0.01_gradient_0_VconcST_0.04_Vconc_2.4_run_0.csv,1200.0,0.01,0,2.4,0.04,2.4,0,13.75,1.68109,0.012369,0.000654734,1.68109,0.0,0.173574,4496.26
1200_dose_0.01_gradient_0_VconcST_0.04_Vconc_2.4_run_0.csv,1200.0,0.01,0,2.4,0.04,2.4,0,14.0,1.73181,0.0121238,0.000674487,1.73181,0.0,0.177883,136.608
1200_dose_0.01_gradient_0_VconcST_0.04_Vconc_2.4_run_0.csv,1200.0,0.01,0,2.4,0.04,2.4,0,14.25,1.78121,0.0118835,0.000693725,1.78121,0.0,0.182037,4434.69
1200_dose_0.01_gradient_0_VconcST_0.04_Vconc_2.4_run_0.csv,1200.0,0.01,0,2.4,0.04,2.4,0,14.5,1.82931,0.011648,0.000712458,1.82931,0.0,0.186042,136.088
1200_dose_0.01_gradient_0_VconcST_0.04_Vconc_2.4_run_0.csv,1200.0,0.01,0,2.4,0.04,2.4,0,14.75,1.87613,0.0114172,0.000730696,1.87613,0.0,0.189903,4642.58
1200_dose_0.01_gradient_0_VconcST_0.04_Vconc_2.4_run_0.csv,1200.0,0.01,0,2.4,0.04,2.4,0,15.0,1.9225,0.0211909,0.000748754,1.9225,0.0,0.193627,131.28
1200_dose_0.01_gradient_0_VconcST_0.04_Vconc_2.4_run_0.csv,1200.0,0.01,0,2.4,0.04,2.4,0,15.25,2.01302,0.0207709,0.00078401,2.01302,0.0,0.200922,4379.04
1200_dose_0.01_gradient_0_VconcST_0.04_Vconc_2.4_run_0.csv,1200.0,0.01,0,2.4,0.04,2.4,0,15.5,2.10127,0.0203593,0.000818378,2.10127,0.0,0.207906,126.468
1200_dose_0.01_gradient_0_VconcST_0.04_Vconc_2.4_run_0.csv,1200.0,0.01,0,2.4,0.04,2.4,0,15.75,2.18727,0.0199558,0.000851876,2.18727,0.0,0.214597,4278.22
1200_dose_0.01_gradient_0_VconcST_0.04_Vconc_2.4_run_0.csv,1200.0,0.01,0,2.4,0.04,2.4,0,16.0,2.27109,0.0195603,0.000884521,2.27109,0.0,0.221011,129.421
1200_dose_0.01_gradient_0_VconcST_0.04_Vconc_2.4_run_0.csv,1200.0,0.01,0,2.4,0.04,2.4,0,16.25,2.35277,0.0191726,0.000916331,2.35277,0.0,0.22716,4143.12
1200_dose_0.01_gradient_0_VconcST_0.04_Vconc_2.4_run_0.csv,1200.0,0.01,0,2.4,0.04,2.4,0,16.5,2.43235,0.0187926,0.000947324,2.43235,0.0,0.233058,122.252
1200_dose_0.01_gradient_0_VconcST_0.04_Vconc_2.4_run_0.csv,1200.0,0.01,0,2.4,0.04,2.4,0,16.75,2.50987,0.0184202,0.000977516,2.50987,0.0,0.238718,4347.63
1200_dose_0.01_gradient_0_VconcST_0.04_Vconc_2.4_run_0.csv,1200.0,0.01,0,2.4,0.04,2.4,0,17.0,2.58538,0.0180551,0.00100692,2.58538,0.0,0.244152,119.447
1200_dose_0.01_gradient_0_VconcST_0.04_Vconc_2.4_run_0.csv,1200.0,0.01,0,2.4,0.04,2.4,0,17.25,2.65891,0.0176973,0.00103556,2.65891,0.0,0.249369,4176.21
1200_dose_0.01_gradient_0_VconcST_0.04_Vconc_2.4_run_0.csv,1200.0,0.01,0,2.4,0.04,2.4,0,17.5,2.73052,0.0173465,0.00106345,2.73052,0.0,0.254381,120.192
1200_dose_0.01_gradient_0_VconcST_0.04_Vconc_2.4_run_0.csv,1200.0,0.01,0,2.4,0.04,2.4,0,17.75,2.80024,0.0170028,0.00109061,2.80024,0.0,0.259197,4056.48
1200_dose_0.01_gradient_0_VconcST_0.04_Vconc_2.4_run_0.csv,1200.0,0.01,0,2.4,0.04,2.4,0,18.0,2.8681,0.0166657,0.00111704,2.8681,0.0,0.263825,114.058
1200_dose_0.01_gradient_0_VconcST_0.04_Vconc_2.4_run_0.csv,1200.0,0.01,0,2.4,0.04,2.4,0,18.25,2.93415,0.0163354,0.00114276,2.93415,0.0,0.268275,3927.67
1200_dose_0.01_gradient_0_VconcST_0.04_Vconc_2.4_run_0.csv,1200.0,0.01,0,2.4,0.04,2.4,0,18.5,2.99843,0.0160117,0.0011678,2.99843,0.0,0.272553,109.476
1200_dose_0.01_gradient_0_VconcST_0.04_Vconc_2.4_run_0.csv,1200.0,0.01,0,2.4,0.04,2.4,0,18.75,3.06097,0.0156944,0.00119215,3.06097,0.0,0.276669,3914.91
1200_dose_0.01_gradient_0_VconcST_0.04_Vconc_2.4_run_0.csv,1200.0,0.01,0,2.4,0.04,2.4,0,19.0,3.1218,0.0153833,0.00121585,3.1218,0.0,0.280627,115.611
1200_dose_0.01_gradient_0_VconcST_0.04_Vconc_2.4_run_0.csv,1200.0,0.01,0,2.4,0.04,2.4,0,19.25,3.18097,0.0150784,0.00123889,3.18097,0.0,0.284437,3785.96
1200_dose_0.01_gradient_0_VconcST_0.04_Vconc_2.4_run_0.csv,1200.0,0.01,0,2.4,0.04,2.4,0,19.5,3.23851,0.0147796,0.0012613,3.23851,0.0,0.288102,105.846
1200_dose_0.01_gradient_0_VconcST_0.04_Vconc_2.4_run_0.csv,1200.0,0.01,0,2.4,0.04,2.4,0,19.75,3.29445,0.0144867,0.00128309,3.29445,0.0,0.29163,3724.22
1200_dose_0.01_gradient_0_VconcST_0.04_Vconc_2.4_run_0.csv,1200.0,0.01,0,2.4,0.04,2.4,0,20.0,3.34961,0.0241996,0.00130457,3.34961,0.0,0.295026,108.894
1200_dose_0.01_gradient_0_VconcST_0.04_Vconc_2.4_run_0.csv,1200.0,0.01,0,2.4,0.04,2.4,0,20.25,3.44861,0.02372,0.00134313,3.44861,0.0,0.301126,3842.08
1200_dose_0.01_gradient_0_VconcST_0.04_Vconc_2.4_run_0.csv,1200.0,0.01,0,2.4,0.04,2.4,0,20.5,3.54502,0.0232499,0.00138068,3.54502,0.0,0.306965,104.405
1200_dose_0.01_gradient_0_VconcST_0.04_Vconc_2.4_run_0.csv,1200.0,0.01,0,2.4,0.04,2.4,0,20.75,3.63889,0.0227891,0.00141724,3.63889,0.0,0.312558,3628.56
1200_dose_0.01_gradient_0_VconcST_0.04_Vconc_2.4_run_0.csv,1200.0,0.01,0,2.4,0.04,2.4,0,21.0,3.73029,0.0223374,0.00145283,3.73029,0.0,0.317917,103.696
1200_dose_0.01_gradient_0_VconcST_0.04_Vconc_2.4_run_0.csv,1200.0,0.01,0,2.4,0.04,2.4,0,21.25,3.81925,0.0218947,0.00148748,3.81925,0.0,0.323054,3666.36
1200_dose_0.01_gradient_0_VconcST_0.04_Vconc_2.4_run_0.csv,1200.0,0.01,0,2.4,0.04,2.4,0,21.5,3.90583,0.0214608,0.0015212,3.90583,0.0,0.32798,99.9828
1200_dose_0.01_gradient_0_VconcST_0.04_Vconc_2.4_run_0.csv,1200.0,0.01,0,2.4,0.04,2.4,0,21.75,3.99008,0.0210355,0.00155401,3.99008,0.0,0.332705,3476.92
1200_dose_0.01_gradient_0_VconcST_0.04_Vconc_2.4_run_0.csv,1200.0,0.01,0,2.4,0.04,2.4,0,22.0,4.07205,0.0206186,0.00158594,4.07205,0.0,0.337238,98.1814
1200_dose_0.01_gradient_0_VconcST_0.04_Vconc_2.4_run_0.csv,1200.0,0.01,0,2.4,0.04,2.4,0,22.25,4.15178,0.0202099,0.00161699,4.15178,0.0,0.341589,3519.61
1200_dose_0.01_gradient_0_VconcST_0.04_Vconc_2.4_run_0.csv,1200.0,0.01,0,2.4,0.04,2.4,0,22.5,4.22932,0.0198094,0.00164719,4.22932,0.0,0.345766,96.3028
1200_dose_0.01_gradient_0_VconcST_0.04_Vconc_2.4_run_0.csv,1200.0,0.01,0,2.4,0.04,2.4,0,22.75,4.30472,0.0194168,0.00167656,4.30472,0.0,0.349778,3414.59
1200_dose_0.01_gradient_0_VconcST_0.04_Vconc_2.4_run_0.csv,1200.0,0.01,0,2.4,0.04,2.4,0,23.0,4.37803,0.019032,0.00170511,4.37803,0.0,0.353631,96.3195
1200_dose_0.01_gradient_0_VconcST_0.04_Vconc_2.4_run_0.csv,1200.0,0.01,0,2.4,0.04,2.4,0,23.25,4.44928,0.0186548,0.00173286,4.44928,0.0,0.357332,3313.4
1200_dose_0.01_gradient_0_VconcST_0.04_Vconc_2.4_run_0.csv,1200.0,0.01,0,2.4,0.04,2.4,0,23.5,4.51852,0.0182851,0.00175982,4.51852,0.0,0.360889,91.6178
1200_dose_0.01_gradient_0_VconcST_0.04_Vconc_2.4_run_0.csv,1200.0,0.01,0,2.4,0.04,2.4,0,23.75,4.58578,0.0179227,0.00178602,4.58578,0.0,0.364306,3348.63
1200_dose_0.01_gradient_0_VconcST_0.04_Vconc_2.4_run_0.csv,1200.0,0.01,0,2.4,0.04,2.4,0,24.0,4.65112,0.0175675,0.00181147,4.65112,0.0,0.367591,91.2128
1200_dose_0.01_gradient_0_VconcST_0.04_Vconc_2.4_run_0.csv,1200.0,0.01,0,2.4,0.04,2.4,0,24.25,4.71458,0.0172193,0.00183618,4.71458,0.0,0.370749,3258.78
1200_dose_0.01_gradient_0_VconcST_0.04_Vconc_2.4_run_0.csv,1200.0,0.01,0,2.4,0.04,2.4,0,24.5,4.77618,0.016878,0.00186017,4.77618,0.0,0.373785,94.572
1200_dose_0.01_gradient_0_VconcST_0.04_Vconc_2.4_run_0.csv,1200.0,0.01,0,2.4,0.04,2.4,0,24.75,4.83598,0.0165435,0.00188346,4.83598,0.0,0.376704,3330.8
1200_dose_0.01_gradient_0_VconcST_0.04_Vconc_2.4_run_0.csv,1200.0,0.01,0,2.4,0.04,2.4,0,25.0,4.89478,0.0262156,0.00190637,4.89478,0.0,0.379511,89.7623
1200_dose_0.01_gradient_0_VconcST_0.04_Vconc_2.4_run_0.csv,1200.0,0.01,0,2.4,0.04,2.4,0,25.25,4.99723,0.025696,0.00194627,4.99723,0.0,0.384404,3163.29
1200_dose_0.01_gradient_0_VconcST_0.04_Vconc_2.4_run_0.csv,1200.0,0.01,0,2.4,0.04,2.4,0,25.5,5.09689,0.0251868,0.00198508,5.09689,0.0,0.389092,86.3279
1200_dose_0.01_gradient_0_VconcST_0.04_Vconc_2.4_run_0.csv,1200.0,0.01,0,2.4,0.04,2.4,0,25.75,5.19382,0.0246876,0.00202283,5.19382,0.0,0.393582,3136.57
1200_dose_0.01_gradient_0_VconcST_0.04_Vconc_2.4_run_0.csv,1200.0,0.01,0,2.4,0.04,2.4,0,26.0,5.28808,0.0241983,0.00205954,5.28808,0.0,0.397887,80.4485
1200_dose_0.01_gradient_0_VconcST_0.04_Vconc_2.4_run_0.csv,1200.0,0.01,0,2.4,0.04,2.4,0,26.25,5.37973,0.0237187,0.00209524,5.37973,0.0,0.402013,3172.96
1200_dose_0.01_gradient_0_VconcST_0.04_Vconc_2.4_run_0.csv,1200.0,0.01,0,2.4,0.04,2.4,0,26.5,5.46881,0.0232487,0.00212993,5.46881,0.0,0.405971,88.4346
1200_dose_0.01_gradient_0_VconcST_0.04_Vconc_2.4_run_0.csv,1200.0,0.01,0,2.4,0.04,2.4,0,26.75,5.55539,0.0227879,0.00216365,5.55539,0.0,0.409767,3103.17
1200_dose_0.01_gradient_0_VconcST_0.04_Vconc_2.4_run_0.csv,1200.0,0.01,0,2.4,0.04,2.4,0,27.0,5.63951,0.0223363,0.00219641,5.63951,0.0,0.413409,82.9233
1200_dose_0.01_gradient_0_VconcST_0.04_Vconc_2.4_run_0.csv,1200.0,0.01,0,2.4,0.04,2.4,0,27.25,5.72122,0.0218936,0.00222824,5.72122,0.0,0.416904,3057.94
1200_dose_0.01_gradient_0_VconcST_0.04_Vconc_2.4_run_0.csv,1200.0,0.01,0,2.4,0.04,2.4,0,27.5,5.80059,0.0214597,0.00225915,5.80059,0.0,0.42026,83.3485
1200_dose_0.01_gradient_0_VconcST_0.04_Vconc_2.4_run_0.csv,1200.0,0.01,0,2.4,0.04,2.4,0,27.75,5.87765,0.0210344,0.00228916,5.87765,0.0,0.423481,3010.64
1200_dose_0.01_gradient_0_VconcST_0.04_Vconc_2.4_run_0.csv,1200.0,0.01,0,2.4,0.04,2.4,0,28.0,5.95245,0.0206175,0.0023183,5.95245,0.0,0.426574,81.6545
1200_dose_0.01_gradient_0_VconcST_0.04_Vconc_2.4_run_0.csv,1200.0,0.01,0,2.4,0.04,2.4,0,28.25,6.02505,0.0202089,0.00234657,6.02505,0.0,0.429544,2923.6
1200_dose_0.01_gradient_0_VconcST_0.04_Vconc_2.4_run_0.csv,1200.0,0.01,0,2.4,0.04,2.4,0,28.5,6.09548,0.0198084,0.002374,6.09548,0.0,0.432396,82.466
1200_dose_0.01_gradient_0_VconcST_0.04_Vconc_2.4_run_0.csv,1200.0,0.01,0,2.4,0.04,2.4,0,28.75,6.1638,0.0194158,0.00240061,6.1638,0.0,0.435135,2945.0
1200_dose_0.01_gradient_0_VconcST_0.04_Vconc_2.4_run_0.csv,1200.0,0.01,0,2.4,0.04,2.4,0,29.0,6.23005,0.019031,0.00242641,6.23005,0.0,0.437767,75.3584
1200_dose_0.01_gradient_0_VconcST_0.04_Vconc_2.4_run_0.csv,1200.0,0.01,0,2.4,0.04,2.4,0,29.25,6.29427,0.0186538,0.00245142,6.29427,0.0,0.440294,2896.65
1200_dose_0.01_gradient_0_VconcST_0.04_Vconc_2.4_run_0.csv,1200.0,0.01,0,2.4,0.04,2.4,0,29.5,6.35651,0.0182841,0.00247566,6.35651,0.0,0.442722,77.1312
1200_dose_0.01_gradient_0_VconcST_0.04_Vconc_2.4_run_0.csv,1200.0,0.01,0,2.4,0.04,2.4,0,29.75,6.4168,0.0179218,0.00249915,6.4168,0.0,0.445054,2833.76
1200_dose_0.01_gradient_0_VconcST_0.04_Vconc_2.4_run_0.csv,1200.0,0.01,0,2.4,0.04,2.4,0,30.0,6.47597,0.0275666,0.00252219,6.47597,0.0,0.447294,75.5548
1200_dose_0.01_gradient_0_VconcST_0.04_Vconc_2.4_run_0.csv,1200.0,0.01,0,2.4,0.04,2.4,0,30.25,6.57866,0.0270202,0.00256218,6.57866,0.0,0.451189,2967.02
1200_dose_0.01_gradient_0_VconcST_0.04_Vconc_2.4_run_0.csv,1200.0,0.01,0,2.4,0.04,2.4,0,30.5,6.67844,0.0264847,0.00260105,6.67844,0.0,0.454922,76.2087
1200_dose_0.01_gradient_0_VconcST_0.04_Vconc_2.4_run_0.csv,1200.0,0.01,0,2.4,0.04,2.4,0,30.75,6.77537,0.0259598,0.00263879,6.77537,0.0,0.4585,2755.84
1200_dose_0.01_gradient_0_VconcST_0.04_Vconc_2.4_run_0.csv,1200.0,0.01,0,2.4,0.04,2.4,0,31.0,6.8695,0.0254453,0.00267546,6.8695,0.0,0.46193,72.2983
1200_dose_0.01_gradient_0_VconcST_0.04_Vconc_2.4_run_0.csv,1200.0,0.01,0,2.4,0.04,2.4,0,31.25,6.96091,0.024941,0.00271106,6.96091,0.0,0.465219,2688.38
1200_dose_0.01_gradient_0_VconcST_0.04_Vconc_2.4_run_0.csv,1200.0,0.01,0,2.4,0.04,2.4,0,31.5,7.04964,0.0244467,0.00274562,7.04964,0.0,0.468374,70.6525
1200_dose_0.01_gradient_0_VconcST_0.04_Vconc_2.4_run_0.csv,1200.0,0.01,0,2.4,0.04,2.4,0,31.75,7.13575,0.0239622,0.00277915,7.13575,0.0,0.471401,2662.83
1200_dose_0.01_gradient_0_VconcST_0.04_Vconc_2.4_run_0.csv,1200.0,0.01,0,2.4,0.04,2.4,0,32.0,7.2193,0.0234873,0.00281169,7.2193,0.0,0.474304,72.6387
1200_dose_0.01_gradient_0_VconcST_0.04_Vconc_2.4_run_0.csv,1200.0,0.01,0,2.4,0.04,2.4,0,32.25,7.30034,0.0230218,0.00284326,7.30034,0.0,0.47709,2618.32
1200_dose_0.01_gradient_0_VconcST_0.04_Vconc_2.4_run_0.csv,1200.0,0.01,0,2.4,0.04,2.4,0,32.5,7.37893,0.0225656,0.00287386,7.37893,0.0,0.479764,74.4665
1200_dose_0.01_gradient_0_VconcST_0.04_Vconc_2.4_run_0.csv,1200.0,0.01,0,2.4,0.04,2.4,0,32.75,7.45511,0.0221183,0.00290353,7.45511,0.0,0.48233,2543.08
1200_dose_0.01_gradient_0_VconcST_0.04_Vconc_2.4_run_0.csv,1200.0,0.01,0,2.4,0.04,2.4,0,33.0,7.52894,0.02168,0.00293229,7.52894,0.0,0.484793,70.5165
1200_dose_0.01_gradient_0_VconcST_0.04_Vconc_2.4_run_0.csv,1200.0,0.01,0,2.4,0.04,2.4,0,33.25,7.60046,0.0212503,0.00296014,7.60046,0.0,0.487156,2512.28
1200_dose_0.01_gradient_0_VconcST_0.04_Vconc_2.4_run_0.csv,1200.0,0.01,0,2.4,0.04,2.4,0,33.5,7.66973,0.0208291,0.00298712,7.66973,0.0,0.489424,74.1255
1200_dose_0.01_gradient_0_VconcST_0.04_Vconc_2.4_run_0.csv,1200.0,0.01,0,2.4,0.04,2.4,0,33.75,7.73679,0.0204163,0.00301324,7.73679,0.0,0.491602,2476.39
1200_dose_0.01_gradient_0_VconcST_0.04_Vconc_2.4_run_0.csv,1200.0,0.01,0,2.4,0.04,2.4,0,34.0,7.80169,0.0200117,0.00303852,7.80169,0.0,0.493691,66.7272
1200_dose_0.01_gradient_0_VconcST_0.04_Vconc_2.4_run_0.csv,1200.0,0.01,0,2.4,0.04,2.4,0,34.25,7.86448,0.0196151,0.00306297,7.86448,0.0,0.495696,2365.47
1200_dose_0.01_gradient_0_VconcST_0.04_Vconc_2.4_run_0.csv,1200.0,0.01,0,2.4,0.04,2.4,0,34.5,7.9252,0.0192263,0.00308662,7.9252,0.0,0.49762,68.1736
1200_dose_0.01_gradient_0_VconcST_0.04_Vconc_2.4_run_0.csv,1200.0,0.01,0,2.4,0.04,2.4,0,34.75,7.9839,0.0188453,0.00310948,7.9839,0.0,0.499466,2342.59
1200_dose_0.01_gradient_0_VconcST_0.04_Vconc_2.4_run_0.csv,1200.0,0.01,0,2.4,0.04,2.4,0,35.0,8.04139,0.0284718,0.00313187,8.04139,0.0,0.501237,68.8555
1200_dose_0.01_gradient_0_VconcST_0.04_Vconc_2.4_run_0.csv,1200.0,0.01,0,2.4,0.04,2.4,0,35.25,8.14232,0.0279075,0.00317118,8.14232,0.0,0.504357,2248.72
1200_dose_0.01_gradient_0_VconcST_0.04_Vconc_2.4_run_0.csv,1200.0,0.01,0,2.4,0.04,2.4,0,35.5,8.24026,0.0273544,0.00320933,8.24026,0.0,0.507348,68.8011
1200_dose_0.01_gradient_0_VconcST_0.04_Vconc_2.4_run_0.csv,1200.0,0.01,0,2.4,0.04,2.4,0,35.75,8.33528,0.0268123,0.00324633,8.33528,0.0,0.510216,2188.27
1200_dose_0.01_gradient_0_VconcST_0.04_Vconc_2.4_run_0.csv,1200.0,0.01,0,2.4,0.04,2.4,0,36.0,8.42744,0.0262809,0.00328223,8.42744,0.0,0.512965,147.519
1200_dose_0.01_gradient_0_VconcST_0.04_Vconc_2.4_run_0.csv,1200.0,0.01,0,2.4,0.04,2.4,0,36.25,8.51679,0.0257601,0.00331703,8.51679,0.0,0.515601,1867.82
1200_dose_0.01_gradient_0_VconcST_0.04_Vconc_2.4_run_0.csv,1200.0,0.01,0,2.4,0.04,2.4,0,36.5,8.6034,0.0252495,0.00335076,8.6034,0.0,0.51813,820.784
1200_dose_0.01_gradient_0_VconcST_0.04_Vconc_2.4_run_0.csv,1200.0,0.01,0,2.4,0.04,2.4,0,36.75,8.68733,0.0247491,0.00338345,8.68733,0.0,0.520555,1099.2
1200_dose_0.01_gradient_0_VconcST_0.04_Vconc_2.4_run_0.csv,1200.0,0.01,0,2.4,0.04,2.4,0,37.0,8.76863,0.0242586,0.00341511,8.76863,0.0,0.522881,1653.97
1200_dose_0.01_gradient_0_VconcST_0.04_Vconc_2.4_run_0.csv,1200.0,0.01,0,2.4,0.04,2.4,0,37.25,8.84735,0.0237778,0.00344577,8.84735,0.0,0.525111,1188.14
1200_dose_0.01_gradient_0_VconcST_0.04_Vconc_2.4_run_0.csv,1200.0,0.01,0,2.4,0.04,2.4,0,37.5,8.92356,0.0233066,0.00347545,8.92356,0.0,0.527251,1673.14
1200_dose_0.01_gradient_0_VconcST_0.04_Vconc_2.4_run_0.csv,1200.0,0.01,0,2.4,0.04,2.4,0,37.75,8.99729,0.0228447,0.00350417,8.99729,0.0,0.529303,1301.64
1200_dose_0.01_gradient_0_VconcST_0.04_Vconc_2.4_run_0.csv,1200.0,0.01,0,2.4,0.04,2.4,0,38.0,9.06863,0.0223919,0.00353195,9.06863,0.0,0.531272,1800.05
1200_dose_0.01_gradient_0_VconcST_0.04_Vconc_2.4_run_0.csv,1200.0,0.01,0,2.4,0.04,2.4,0,38.25,9.1376,0.0219481,0.00355881,9.1376,0.00103299,0.533159,2019.47
1200_dose_0.01_gradient_0_VconcST_0.04_Vconc_2.4_run_0.csv,1200.0,0.01,0,2.4,0.04,2.4,0,38.5,9.20426,0.0215132,0.00358478,9.20426,0.0,0.534969,2327.91
1200_dose_0.01_gradient_0_VconcST_0.04_Vconc_2.4_run_0.csv,1200.0,0.01,0,2.4,0.04,2.4,0,38.75,9.26866,0.0210868,0.00360986,9.26866,0.00707899,0.536705,2877.16
1200_dose_0.01_gradient_0_VconcST_0.04_Vconc_2.4_run_0.csv,1200.0,0.01,0,2.4,0.04,2.4,0,39.0,9.33085,0.0206689,0.00363408,9.33085,0.0256033,0.538368,3136.39
1200_dose_0.01_gradient_0_VconcST_0.04_Vconc_2.4_run_0.csv,1200.0,0.01,0,2.4,0.04,2.4,0,39.25,9.39087,0.0202592,0.00365745,9.39087,0.0544922,0.539963,3052.66
1200_dose_0.01_gradient_0_VconcST_0.04_Vconc_2.4_run_0.csv,1200.0,0.01,0,2.4,0.04,2.4,0,39.5,9.44878,0.0198577,0.00368001,9.44878,0.144727,0.54149,3081.2
1200_dose_0.01_gradient_0_VconcST_0.04_Vconc_2.4_run_0.csv,1200.0,0.01,0,2.4,0.04,2.4,0,39.75,9.50461,0.0194642,0.00370175,9.50461,0.266211,0.542954,2987.48
1200_dose_0.01_gradient_0_VconcST_0.04_Vconc_2.4_run_0.csv,1200.0,0.01,0,2.4,0.04,2.4,0,40.0,9.55919,0.0290784,0.00372301,9.55919,0.418438,0.544355,3022.15
1200_dose_0.01_gradient_0_VconcST_0.04_Vconc_2.4_run_0.csv,1200.0,0.01,0,2.4,0.04,2.4,0,40.25,9.65717,0.0285021,0.00376117,9.65717,0.581237,0.546885,2990.39
1200_dose_0.01_gradient_0_VconcST_0.04_Vconc_2.4_run_0.csv,1200.0,0.01,0,2.4,0.04,2.4,0,40.5,9.75211,0.0279372,0.00379815,9.75211,0.714453,0.54931,3032.18
1200_dose_0.01_gradient_0_VconcST_0.04_Vconc_2.4_run_0.csv,1200.0,0.01,0,2.4,0.04,2.4,0,40.75,9.84409,0.0273835,0.00383397,9.84409,0.855313,0.551634,2984.61
1200_dose_0.01_gradient_0_VconcST_0.04_Vconc_2.4_run_0.csv,1200.0,0.01,0,2.4,0.04,2.4,0,41.0,9.93316,0.0268408,0.00386866,9.93316,0.985443,0.553863,2942.18
1200_dose_0.01_gradient_0_VconcST_0.04_Vconc_2.4_run_0.csv,1200.0,0.01,0,2.4,0.04,2.4,0,41.25,10.0194,0.0263089,0.00390224,10.0194,1.0,0.555999,2986.69
1200_dose_0.01_gradient_0_VconcST_0.04_Vconc_2.4_run_0.csv,1200.0,0.01,0,2.4,0.04,2.4,0,41.5,10.1028,0.0257875,0.00393474,10.1028,1.0,0.558047,2975.65
1200_dose_0.01_gradient_0_VconcST_0.04_Vconc_2.4_run_0.csv,1200.0,0.01,0,2.4,0.04,2.4,0,41.75,10.1836,0.0252764,0.00396618,10.1836,1.0,0.56001,2937.12
1200_dose_0.01_gradient_0_VconcST_0.04_Vconc_2.4_run_0.csv,1200.0,0.01,0,2.4,0.04,2.4,0,42.0,10.2616,0.0247754,0.00399658,10.2616,1.0,0.561892,2944.56
1200_dose_0.01_gradient_0_VconcST_0.04_Vconc_2.4_run_0.csv,1200.0,0.01,0,2.4,0.04,2.4,0,42.25,10.3371,0.0242844,0.00402597,10.3371,1.0,0.563696,2937.89
1200_dose_0.01_gradient_0_VconcST_0.04_Vconc_2.4_run_0.csv,1200.0,0.01,0,2.4,0.04,2.4,0,42.5,10.41,0.0238031,0.00405436,10.41,1.0,0.565425,2940.25
1200_dose_0.01_gradient_0_VconcST_0.04_Vconc_2.4_run_0.csv,1200.0,0.01,0,2.4,0.04,2.4,0,42.75,10.4804,0.0233314,0.00408178,10.4804,1.0,0.567081,2874.51
1200_dose_0.01_gradient_0_VconcST_0.04_Vconc_2.4_run_0.csv,1200.0,0.01,0,2.4,0.04,2.4,0,43.0,10.5483,0.022869,0.00410824,10.5483,1.0,0.568668,2891.76
1200_dose_0.01_gradient_0_VconcST_0.04_Vconc_2.4_run_0.csv,1200.0,0.01,0,2.4,0.04,2.4,0,43.25,10.6139,0.0224157,0.00413378,10.6139,1.0,0.570188,2879.22
1200_dose_0.01_gradient_0_VconcST_0.04_Vconc_2.4_run_0.csv,1200.0,0.01,0,2.4,0.04,2.4,0,43.5,10.6771,0.0219715,0.0041584,10.6771,1.0,0.571644,2904.22
1200_dose_0.01_gradient_0_VconcST_0.04_Vconc_2.4_run_0.csv,1200.0,0.01,0,2.4,0.04,2.4,0,43.75,10.738,0.021536,0.00418213,10.738,1.0,0.573038,2840.19
1200_dose_0.01_gradient_0_VconcST_0.04_Vconc_2.4_run_0.csv,1200.0,0.01,0,2.4,0.04,2.4,0,44.0,10.7967,0.0211092,0.00420499,10.7967,1.0,0.574372,2795.08
1200_dose_0.01_gradient_0_VconcST_0.04_Vconc_2.4_run_0.csv,1200.0,0.01,0,2.4,0.04,2.4,0,44.25,10.8532,0.0206909,0.00422699,10.8532,1.0,0.575648,2821.11
1200_dose_0.01_gradient_0_VconcST_0.04_Vconc_2.4_run_0.csv,1200.0,0.01,0,2.4,0.04,2.4,0,44.5,10.9076,0.0202808,0.00424816,10.9076,1.0,0.576869,2831.54
1200_dose_0.01_gradient_0_VconcST_0.04_Vconc_2.4_run_0.csv,1200.0,0.01,0,2.4,0.04,2.4,0,44.75,10.9598,0.0198788,0.00426851,10.9598,1.0,0.578036,2825.21
1200_dose_0.01_gradient_0_VconcST_0.04_Vconc_2.4_run_0.csv,1200.0,0.01,0,2.4,0.04,2.4,0,45.0,11.0108,0.0294849,0.00428837,11.0108,1.0,0.579151,2782.83
1200_dose_0.01_gradient_0_VconcST_0.04_Vconc_2.4_run_0.csv,1200.0,0.01,0,2.4,0.04,2.4,0,45.25,11.1051,0.0289005,0.00432511,11.1051,1.0,0.581231,2749.25
1200_dose_0.01_gradient_0_VconcST_0.04_Vconc_2.4_run_0.csv,1200.0,0.01,0,2.4,0.04,2.4,0,45.5,11.1964,0.0283277,0.00436067,11.1964,1.0,0.583224,2821.6
1200_dose_0.01_gradient_0_VconcST_0.04_Vconc_2.4_run_0.csv,1200.0,0.01,0,2.4,0.04,2.4,0,45.75,11.2847,0.0277663,0.00439506,11.2847,1.0,0.585133,2811.74
1200_dose_0.01_gradient_0_VconcST_0.04_Vconc_2.4_run_0.csv,1200.0,0.01,0,2.4,0.04,2.4,0,46.0,11.3701,0.027216,0.00442831,11.3701,1.0,0.586963,2783.71
1200_dose_0.01_gradient_0_VconcST_0.04_Vconc_2.4_run_0.csv,1200.0,0.01,0,2.4,0.04,2.4,0,46.25,11.4526,0.0266766,0.00446044,11.4526,1.0,0.588716,2699.27
1200_dose_0.01_gradient_0_VconcST_0.04_Vconc_2.4_run_0.csv,1200.0,0.01,0,2.4,0.04,2.4,0,46.5,11.5323,0.0261479,0.00449149,11.5323,1.0,0.590395,2706.15
1200_dose_0.01_gradient_0_VconcST_0.04_Vconc_2.4_run_0.csv,1200.0,0.01,0,2.4,0.04,2.4,0,46.75,11.6093,0.0256297,0.00452146,11.6093,1.0,0.592004,2752.98
1200_dose_0.01_gradient_0_VconcST_0.04_Vconc_2.4_run_0.csv,1200.0,0.01,0,2.4,0.04,2.4,0,47.0,11.6836,0.0251217,0.0045504,11.6836,1.0,0.593545,2762.63
1200_dose_0.01_gradient_0_VconcST_0.04_Vconc_2.4_run_0.csv,1200.0,0.01,0,2.4,0.04,2.4,0,47.25,11.7552,0.0246239,0.0045783,11.7552,1.0,0.59502,2728.66
1200_dose_0.01_gradient_0_VconcST_0.04_Vconc_2.4_run_0.csv,1200.0,0.01,0,2.4,0.04,2.4,0,47.5,11.8243,0.0241358,0.00460521,11.8243,1.0,0.596432,2751.26
1200_dose_0.01_gradient_0_VconcST_0.04_Vconc_2.4_run_0.csv,1200.0,0.01,0,2.4,0.04,2.4,0,47.75,11.8909,0.0236575,0.00463114,11.8909,1.0,0.597784,2699.22
1200_dose_0.01_gradient_0_VconcST_0.04_Vconc_2.4_run_0.csv,1200.0,0.01,0,2.4,0.04,2.4,0,48.0,11.955,0.0231886,0.00465611,11.955,1.0,0.599077,2700.28
1200_dose_0.01_gradient_0_VconcST_0.04_Vconc_2.4_run_0.csv,1200.0,0.01,0,2.4,0.04,2.4,0,48.25,12.0167,0.0227291,0.00468014,12.0167,1.0,0.600314,2694.93
1200_dose_0.01_gradient_0_VconcST_0.04_Vconc_2.4_run_0.csv,1200.0,0.01,0,2.4,0.04,2.4,0,48.5,12.0761,0.0222786,0.00470326,12.0761,1.0,0.601497,2635.73
1200_dose_0.01_gradient_0_VconcST_0.04_Vconc_2.4_run_0.csv,1200.0,0.01,0,2.4,0.04,2.4,0,48.75,12.1331,0.0218371,0.00472548,12.1331,1.0,0.602626,2586.0
1200_dose_0.01_gradient_0_VconcST_0.04_Vconc_2.4_run_0.csv,1200.0,0.01,0,2.4,0.04,2.4,0,49.0,12.1879,0.0214043,0.00474681,12.1879,1.0,0.603706,2628.71
1200_dose_0.01_gradient_0_VconcST_0.04_Vconc_2.4_run_0.csv,1200.0,0.01,0,2.4,0.04,2.4,0,49.25,12.2405,0.0209801,0.00476729,12.2405,1.0,0.604736,2650.91
1200_dose_0.01_gradient_0_VconcST_0.04_Vconc_2.4_run_0.csv,1200.0,0.01,0,2.4,0.04,2.4,0,49.5,12.2909,0.0205643,0.00478693,12.2909,1.0,0.605719,2695.41
1200_dose_0.01_gradient_0_VconcST_0.04_Vconc_2.4_run_0.csv,1200.0,0.01,0,2.4,0.04,2.4,0,49.75,12.3392,0.0201567,0.00480575,12.3392,1.0,0.606656,2631.7
1200_dose_0.01_gradient_0_VconcST_0.04_Vconc_2.4_run_0.csv,1200.0,0.01,0,2.4,0.04,2.4,0,50.0,12.3863,0.0297572,0.00482407,12.3863,1.0,0.60755,2618.36
1200_dose_0.01_gradient_0_VconcST_0.04_Vconc_2.4_run_0.csv,1200.0,0.01,0,2.4,0.04,2.4,0,50.25,12.4767,0.0291675,0.00485927,12.4767,1.0,0.609283,2563.12
1200_dose_0.01_gradient_0_VconcST_0.04_Vconc_2.4_run_0.csv,1200.0,0.01,0,2.4,0.04,2.4,0,50.5,12.564,0.0285894,0.00489328,12.564,1.0,0.610943,2558.13
1200_dose_0.01_gradient_0_VconcST_0.04_Vconc_2.4_run_0.csv,1200.0,0.01,0,2.4,0.04,2.4,0,50.75,12.6483,0.0280228,0.00492612,12.6483,1.0,0.612533,2596.77
1200_dose_0.01_gradient_0_VconcST_0.04_Vconc_2.4_run_0.csv,1200.0,0.01,0,2.4,0.04,2.4,0,51.0,12.7297,0.0274674,0.00495782,12.7297,1.0,0.614055,2571.66
1200_dose_0.01_gradient_0_VconcST_0.04_Vconc_2.4_run_0.csv,1200.0,0.01,0,2.4,0.04,2.4,0,51.25,12.8082,0.026923,0.0049884,12.8082,1.0,0.615513,2570.22
1200_dose_0.01_gradient_0_VconcST_0.04_Vconc_2.4_run_0.csv,1200.0,0.01,0,2.4,0.04,2.4,0,51.5,12.8839,0.0263895,0.00501789,12.8839,1.0,0.616907,2561.71
1200_dose_0.01_gradient_0_VconcST_0.04_Vconc_2.4_run_0.csv,1200.0,0.01,0,2.4,0.04,2.4,0,51.75,12.9569,0.0258665,0.0050463,12.9569,1.0,0.618242,2502.26
1200_dose_0.01_gradient_0_VconcST_0.04_Vconc_2.4_run_0.csv,1200.0,0.01,0,2.4,0.04,2.4,0,52.0,13.0271,0.0253538,0.00507367,13.0271,1.0,0.619519,2509.6
1200_dose_0.01_gradient_0_VconcST_0.04_Vconc_2.4_run_0.csv,1200.0,0.01,0,2.4,0.04,2.4,0,52.25,13.0948,0.0248513,0.00510001,13.0948,1.0,0.620739,2498.34
1200_dose_0.01_gradient_0_VconcST_0.04_Vconc_2.4_run_0.csv,1200.0,0.01,0,2.4,0.04,2.4,0,52.5,13.1598,0.0243588,0.00512535,13.1598,1.0,0.621906,2473.15
1200_dose_0.01_gradient_0_VconcST_0.04_Vconc_2.4_run_0.csv,1200.0,0.01,0,2.4,0.04,2.4,0,52.75,13.2224,0.023876,0.0051497,13.2224,1.0,0.623021,2498.32
1200_dose_0.01_gradient_0_VconcST_0.04_Vconc_2.4_run_0.csv,1200.0,0.01,0,2.4,0.04,2.4,0,53.0,13.2824,0.0234029,0.0051731,13.2824,1.0,0.624086,2451.14
1200_dose_0.01_gradient_0_VconcST_0.04_Vconc_2.4_run_0.csv,1200.0,0.01,0,2.4,0.04,2.4,0,53.25,13.3401,0.022939,0.00519556,13.3401,1.0,0.625102,2481.5
1200_dose_0.01_gradient_0_VconcST_0.04_Vconc_2.4_run_0.csv,1200.0,0.01,0,2.4,0.04,2.4,0,53.5,13.3954,0.0224844,0.00521709,13.3954,1.0,0.626072,2512.65
1200_dose_0.01_gradient_0_VconcST_0.04_Vconc_2.4_run_0.csv,1200.0,0.01,0,2.4,0.04,2.4,0,53.75,13.4484,0.0220388,0.00523773,13.4484,1.0,0.626997,2495.78
1200_dose_0.01_gradient_0_VconcST_0.04_Vconc_2.4_run_0.csv,1200.0,0.01,0,2.4,0.04,2.4,0,54.0,13.4991,0.021602,0.00525749,13.4991,1.0,0.627877,2504.72
1200_dose_0.01_gradient_0_VconcST_0.04_Vconc_2.4_run_0.csv,1200.0,0.01,0,2.4,0.04,2.4,0,54.25,13.5476,0.0211739,0.00527639,13.5476,1.0,0.628716,2496.41
1200_dose_0.01_gradient_0_VconcST_0.04_Vconc_2.4_run_0.csv,1200.0,0.01,0,2.4,0.04,2.4,0,54.5,13.594,0.0207542,0.00529444,13.594,1.0,0.629514,2539.42
1200_dose_0.01_gradient_0_VconcST_0.04_Vconc_2.4_run_0.csv,1200.0,0.01,0,2.4,0.04,2.4,0,54.75,13.6383,0.0203429,0.00531168,13.6383,1.0,0.630272,2474.11
1200_dose_0.01_gradient_0_VconcST_0.04_Vconc_2.4_run_0.csv,1200.0,0.01,0,2.4,0.04,2.4,0,55.0,13.6812,0.0299397,0.00532841,13.6812,1.0,0.630992,2461.83
1200_dose_0.01_gradient_0_VconcST_0.04_Vconc_2.4_run_0.csv,1200.0,0.01,0,2.4,0.04,2.4,0,55.25,13.7675,0.0293464,0.00536203,13.7675,1.0,0.632457,2484.69
1200_dose_0.01_gradient_0_VconcST_0.04_Vconc_2.4_run_0.csv,1200.0,0.01,0,2.4,0.04,2.4,0,55.5,13.8508,0.0287648,0.00539446,13.8508,1.0,0.633858,2457.96
1200_dose_0.01_gradient_0_VconcST_0.04_Vconc_2.4_run_0.csv,1200.0,0.01,0,2.4,0.04,2.4,0,55.75,13.9311,0.0281947,0.00542571,13.9311,1.0,0.635199,2434.99
1200_dose_0.01_gradient_0_VconcST_0.04_Vconc_2.4_run_0.csv,1200.0,0.01,0,2.4,0.04,2.4,0,56.0,14.0084,0.0276359,0.00545583,14.0084,1.0,0.636481,2387.2
1200_dose_0.01_gradient_0_VconcST_0.04_Vconc_2.4_run_0.csv,1200.0,0.01,0,2.4,0.04,2.4,0,56.25,14.0828,0.0270882,0.00548482,14.0828,1.0,0.637708,2461.52
1200_dose_0.01_gradient_0_VconcST_0.04_Vconc_2.4_run_0.csv,1200.0,0.01,0,2.4,0.04,2.4,0,56.5,14.1545,0.0265513,0.00551272,14.1545,1.0,0.63888,2448.2
1200_dose_0.01_gradient_0_VconcST_0.04_Vconc_2.4_run_0.csv,1200.0,0.01,0,2.4,0.04,2.4,0,56.75,14.2233,0.0260251,0.00553955,14.2233,1.0,0.64,2361.83
1200_dose_0.01_gradient_0_VconcST_0.04_Vconc_2.4_run_0.csv,1200.0,0.01,0,2.4,0.04,2.4,0,57.0,14.2895,0.0255093,0.00556533,14.2895,1.0,0.64107,2414.16
1200_dose_0.01_gradient_0_VconcST_0.04_Vconc_2.4_run_0.csv,1200.0,0.01,0,2.4,0.04,2.4,0,57.25,14.3531,0.0250038,0.00559009,14.3531,1.0,0.642091,2392.92
1200_dose_0.01_gradient_0_VconcST_0.04_Vconc_2.4_run_0.csv,1200.0,0.01,0,2.4,0.04,2.4,0,57.5,14.4141,0.0245082,0.00561384,14.4141,1.0,0.643066,2429.46
1200_dose_0.01_gradient_0_VconcST_0.04_Vconc_2.4_run_0.csv,1200.0,0.01,0,2.4,0.04,2.4,0,57.75,14.4726,0.0240225,0.00563661,14.4726,1.0,0.643995,2381.94
1200_dose_0.01_gradient_0_VconcST_0.04_Vconc_2.4_run_0.csv,1200.0,0.01,0,2.4,0.04,2.4,0,58.0,14.5286,0.0235464,0.00565843,14.5286,1.0,0.644881,2342.43
1200_dose_0.01_gradient_0_VconcST_0.04_Vconc_2.4_run_0.csv,1200.0,0.01,0,2.4,0.04,2.4,0,58.25,14.5822,0.0230797,0.0056793,14.5822,1.0,0.645724,2309.33
1200_dose_0.01_gradient_0_VconcST_0.04_Vconc_2.4_run_0.csv,1200.0,0.01,0,2.4,0.04,2.4,0,58.5,14.6334,0.0226223,0.00569927,14.6334,1.0,0.646527,2374.38
1200_dose_0.01_gradient_0_VconcST_0.04_Vconc_2.4_run_0.csv,1200.0,0.01,0,2.4,0.04,2.4,0,58.75,14.6824,0.022174,0.00571832,14.6824,1.0,0.647291,2332.77
1200_dose_0.01_gradient_0_VconcST_0.04_Vconc_2.4_run_0.csv,1200.0,0.01,0,2.4,0.04,2.4,0,59.0,14.729,0.0217345,0.0057365,14.729,1.0,0.648016,2177.64
1200_dose_0.01_gradient_0_VconcST_0.04_Vconc_2.4_run_0.csv,1200.0,0.01,0,2.4,0.04,2.4,0,59.25,14.7735,0.0213038,0.00575382,14.7735,1.0,0.648704,2349.32
1200_dose_0.01_gradient_0_VconcST_0.04_Vconc_2.4_run_0.csv,1200.0,0.01,0,2.4,0.04,2.4,0,59.5,14.8158,0.0208816,0.00577031,14.8158,1.0,0.649356,2317.66
1200_dose_0.01_gradient_0_VconcST_0.04_Vconc_2.4_run_0.csv,1200.0,0.01,0,2.4,0.04,2.4,0,59.75,14.856,0.0204677,0.00578597,14.856,1.0,0.649973,2374.43
1200_dose_0.01_gradient_0_VconcST_0.04_Vconc_2.4_run_0.csv,1200.0,0.01,0,2.4,0.04,2.4,0,60.0,14.895,0.0300621,0.00580112,14.895,1.0,0.650557,2352.87
1200_dose_0.01_gradient_0_VconcST_0.04_Vconc_2.4_run_0.csv,1200.0,0.01,0,2.4,0.04,2.4,0,60.25,14.9772,0.0294663,0.00583317,14.9772,1.0,0.651809,2352.43
1200_dose_0.01_gradient_0_VconcST_0.04_Vconc_2.4_run_0.csv,1200.0,0.01,0,2.4,0.04,2.4,0,60.5,15.0565,0.0288823,0.00586403,15.0565,1.0,0.653006,2357.92
1200_dose_0.01_gradient_0_VconcST_0.04_Vconc_2.4_run_0.csv,1200.0,0.01,0,2.4,0.04,2.4,0,60.75,15.1327,0.0283099,0.00589371,15.1327,1.0,0.65415,2264.95
1200_dose_0.01_gradient_0_VconcST_0.04_Vconc_2.4_run_0.csv,1200.0,0.01,0,2.4,0.04,2.4,0,61.0,15.206,0.0277488,0.00592226,15.206,1.0,0.655243,2224.48
1200_dose_0.01_gradient_0_VconcST_0.04_Vconc_2.4_run_0.csv,1200.0,0.01,0,2.4,0.04,2.4,0,61.25,15.2764,0.0271989,0.00594968,15.2764,1.0,0.656287,2210.62
1200_dose_0.01_gradient_0_VconcST_0.04_Vconc_2.4_run_0.csv,1200.0,0.01,0,2.4,0.04,2.4,0,61.5,15.344,0.0266598,0.00597602,15.344,1.0,0.657284,2218.48
1200_dose_0.01_gradient_0_VconcST_0.04_Vconc_2.4_run_0.csv,1200.0,0.01,0,2.4,0.04,2.4,0,61.75,15.4089,0.0261314,0.00600129,15.4089,1.0,0.658234,2198.58
1200_dose_0.01_gradient_0_VconcST_0.04_Vconc_2.4_run_0.csv,1200.0,0.01,0,2.4,0.04,2.4,0,62.0,15.4711,0.0256135,0.00602551,15.4711,1.0,0.65914,2223.87
1200_dose_0.01_gradient_0_VconcST_0.04_Vconc_2.4_run_0.csv,1200.0,0.01,0,2.4,0.04,2.4,0,62.25,15.5307,0.0251059,0.00604871,15.5307,1.0,0.660004,2294.11
1200_dose_0.01_gradient_0_VconcST_0.04_Vconc_4.8_run_0.csv,1200.0,0.01,0,4.8,0.04,4.8,0,0.0,0.0,0.0,0.0,0.0,0.0,0.0,0.0
1200_dose_0.01_gradient_0_VconcST_0.04_Vconc_4.8_run_0.csv,1200.0,0.01,0,4.8,0.04,4.8,0,0.25,0.0,0.0,0.0,0.0,0.0,0.0,10000.0
1200_dose_0.01_gradient_0_VconcST_0.04_Vconc_4.8_run_0.csv,1200.0,0.01,0,4.8,0.04,4.8,0,0.5,0.0,0.0,0.0,0.0,0.0,0.0,568.364
1200_dose_0.01_gradient_0_VconcST_0.04_Vconc_4.8_run_0.csv,1200.0,0.01,0,4.8,0.04,4.8,0,0.75,0.0,0.0,0.0,0.0,0.0,0.0,10000.0
1200_dose_0.01_gradient_0_VconcST_0.04_Vconc_4.8_run_0.csv,1200.0,0.01,0,4.8,0.04,4.8,0,1.0,0.0,0.0,0.0,0.0,0.0,0.0,576.046
1200_dose_0.01_gradient_0_VconcST_0.04_Vconc_4.8_run_0.csv,1200.0,0.01,0,4.8,0.04,4.8,0,1.25,0.0,0.0,0.0,0.0,0.0,0.0,10000.0
1200_dose_0.01_gradient_0_VconcST_0.04_Vconc_4.8_run_0.csv,1200.0,0.01,0,4.8,0.04,4.8,0,1.5,0.0,0.0,0.0,0.0,0.0,0.0,552.745
1200_dose_0.01_gradient_0_VconcST_0.04_Vconc_4.8_run_0.csv,1200.0,0.01,0,4.8,0.04,4.8,0,1.75,0.0,0.0,0.0,0.0,0.0,0.0,10000.0
1200_dose_0.01_gradient_0_VconcST_0.04_Vconc_4.8_run_0.csv,1200.0,0.01,0,4.8,0.04,4.8,0,2.0,0.0,0.0,0.0,0.0,0.0,0.0,581.84
1200_dose_0.01_gradient_0_VconcST_0.04_Vconc_4.8_run_0.csv,1200.0,0.01,0,4.8,0.04,4.8,0,2.25,0.0,0.0,0.0,0.0,0.0,0.0,10000.0
1200_dose_0.01_gradient_0_VconcST_0.04_Vconc_4.8_run_0.csv,1200.0,0.01,0,4.8,0.04,4.8,0,2.5,0.0,0.0,0.0,0.0,0.0,0.0,567.57
1200_dose_0.01_gradient_0_VconcST_0.04_Vconc_4.8_run_0.csv,1200.0,0.01,0,4.8,0.04,4.8,0,2.75,0.0,0.0,0.0,0.0,0.0,0.0,10000.0
1200_dose_0.01_gradient_0_VconcST_0.04_Vconc_4.8_run_0.csv,1200.0,0.01,0,4.8,0.04,4.8,0,3.0,0.0,0.0,0.0,0.0,0.0,0.0,575.206
1200_dose_0.01_gradient_0_VconcST_0.04_Vconc_4.8_run_0.csv,1200.0,0.01,0,4.8,0.04,4.8,0,3.25,0.0,0.0,0.0,0.0,0.0,0.0,10000.0
1200_dose_0.01_gradient_0_VconcST_0.04_Vconc_4.8_run_0.csv,1200.0,0.01,0,4.8,0.04,4.8,0,3.5,0.0,0.0,0.0,0.0,0.0,0.0,570.763
1200_dose_0.01_gradient_0_VconcST_0.04_Vconc_4.8_run_0.csv,1200.0,0.01,0,4.8,0.04,4.8,0,3.75,0.0,0.0,0.0,0.0,0.0,0.0,10000.0
1200_dose_0.01_gradient_0_VconcST_0.04_Vconc_4.8_run_0.csv,1200.0,0.01,0,4.8,0.04,4.8,0,4.0,0.0,0.0,0.0,0.0,0.0,0.0,576.545
1200_dose_0.01_gradient_0_VconcST_0.04_Vconc_4.8_run_0.csv,1200.0,0.01,0,4.8,0.04,4.8,0,4.25,0.0,0.0,0.0,0.0,0.0,0.0,10000.0
1200_dose_0.01_gradient_0_VconcST_0.04_Vconc_4.8_run_0.csv,1200.0,0.01,0,4.8,0.04,4.8,0,4.5,0.0,0.0,0.0,0.0,0.0,0.0,577.107
1200_dose_0.01_gradient_0_VconcST_0.04_Vconc_4.8_run_0.csv,1200.0,0.01,0,4.8,0.04,4.8,0,4.75,0.0,0.0,0.0,0.0,0.0,0.0,10000.0
1200_dose_0.01_gradient_0_VconcST_0.04_Vconc_4.8_run_0.csv,1200.0,0.01,0,4.8,0.04,4.8,0,5.0,0.000778625,0.01,3.0325e-07,0.000778625,0.0,0.0,572.426
1200_dose_0.01_gradient_0_VconcST_0.04_Vconc_4.8_run_0.csv,1200.0,0.01,0,4.8,0.04,4.8,0,5.25,0.0469344,0.00980181,1.82795e-05,0.0469344,0.0,0.00573865,10000.0
1200_dose_0.01_gradient_0_VconcST_0.04_Vconc_4.8_run_0.csv,1200.0,0.01,0,4.8,0.04,4.8,0,5.5,0.0920004,0.00960755,3.58313e-05,0.0920004,0.0,0.0112786,561.859
1200_dose_0.01_gradient_0_VconcST_0.04_Vconc_4.8_run_0.csv,1200.0,0.01,0,4.8,0.04,4.8,0,5.75,0.135999,0.00941714,5.29673e-05,0.135999,0.0,0.0166281,10000.0
1200_dose_0.01_gradient_0_VconcST_0.04_Vconc_4.8_run_0.csv,1200.0,0.01,0,4.8,0.04,4.8,0,6.0,0.178951,0.00923051,6.9696e-05,0.178951,0.0,0.0217949,548.376
1200_dose_0.01_gradient_0_VconcST_0.04_Vconc_4.8_run_0.csv,1200.0,0.01,0,4.8,0.04,4.8,0,6.25,0.22088,0.00904757,8.60258e-05,0.22088,0.0,0.0267864,10000.0
1200_dose_0.01_gradient_0_VconcST_0.04_Vconc_4.8_run_0.csv,1200.0,0.01,0,4.8,0.04,4.8,0,6.5,0.261805,0.00886825,0.000101965,0.261805,0.0,0.0316096,520.976
1200_dose_0.01_gradient_0_VconcST_0.04_Vconc_4.8_run_0.csv,1200.0,0.01,0,4.8,0.04,4.8,0,6.75,0.301747,0.00869249,0.000117521,0.301747,0.0,0.036271,10000.0
1200_dose_0.01_gradient_0_VconcST_0.04_Vconc_4.8_run_0.csv,1200.0,0.01,0,4.8,0.04,4.8,0,7.0,0.340726,0.00852022,0.000132702,0.340726,0.0,0.040777,534.928
1200_dose_0.01_gradient_0_VconcST_0.04_Vconc_4.8_run_0.csv,1200.0,0.01,0,4.8,0.04,4.8,0,7.25,0.378762,0.00835137,0.000147516,0.378762,0.0,0.0451337,10000.0
1200_dose_0.01_gradient_0_VconcST_0.04_Vconc_4.8_run_0.csv,1200.0,0.01,0,4.8,0.04,4.8,0,7.5,0.415875,0.00818586,0.00016197,0.415875,0.0,0.0493465,535.815
1200_dose_0.01_gradient_0_VconcST_0.04_Vconc_4.8_run_0.csv,1200.0,0.01,0,4.8,0.04,4.8,0,7.75,0.452083,0.00802362,0.000176072,0.452083,0.0,0.053421,10000.0
1200_dose_0.01_gradient_0_VconcST_0.04_Vconc_4.8_run_0.csv,1200.0,0.01,0,4.8,0.04,4.8,0,8.0,0.487405,0.0078646,0.000189829,0.487405,0.0,0.0573623,544.295
1200_dose_0.01_gradient_0_VconcST_0.04_Vconc_4.8_run_0.csv,1200.0,0.01,0,4.8,0.04,4.8,0,8.25,0.521859,0.00770874,0.000203248,0.521859,0.0,0.0611752,10000.0
1200_dose_0.01_gradient_0_VconcST_0.04_Vconc_4.8_run_0.csv,1200.0,0.01,0,4.8,0.04,4.8,0,8.5,0.555463,0.00755596,0.000216335,0.555463,0.0,0.0648644,504.523
1200_dose_0.01_gradient_0_VconcST_0.04_Vconc_4.8_run_0.csv,1200.0,0.01,0,4.8,0.04,4.8,0,8.75,0.588234,0.00740621,0.000229099,0.588234,0.0,0.0684345,10000.0
1200_dose_0.01_gradient_0_VconcST_0.04_Vconc_4.8_run_0.csv,1200.0,0.01,0,4.8,0.04,4.8,0,9.0,0.62019,0.00725943,0.000241545,0.62019,0.0,0.0718895,514.353
1200_dose_0.01_gradient_0_VconcST_0.04_Vconc_4.8_run_0.csv,1200.0,0.01,0,4.8,0.04,4.8,0,9.25,0.651347,0.00711555,0.000253679,0.651347,0.0,0.0752336,10000.0
1200_dose_0.01_gradient_0_VconcST_0.04_Vconc_4.8_run_0.csv,1200.0,0.01,0,4.8,0.04,4.8,0,9.5,0.681721,0.00697453,0.000265509,0.681721,0.0,0.0784707,529.988
1200_dose_0.01_gradient_0_VconcST_0.04_Vconc_4.8_run_0.csv,1200.0,0.01,0,4.8,0.04,4.8,0,9.75,0.71133,0.0068363,0.000277041,0.71133,0.0,0.0816043,10000.0
1200_dose_0.01_gradient_0_VconcST_0.04_Vconc_4.8_run_0.csv,1200.0,0.01,0,4.8,0.04,4.8,0,10.0,0.740967,0.0167008,0.000288584,0.740967,0.0,0.0846381,505.775
1200_dose_0.01_gradient_0_VconcST_0.04_Vconc_4.8_run_0.csv,1200.0,0.01,0,4.8,0.04,4.8,0,10.25,0.815246,0.0163698,0.000317513,0.815246,0.0,0.0923554,10000.0
1200_dose_0.01_gradient_0_VconcST_0.04_Vconc_4.8_run_0.csv,1200.0,0.01,0,4.8,0.04,4.8,0,10.5,0.887716,0.0160454,0.000345738,0.887716,0.0,0.0997604,493.106
1200_dose_0.01_gradient_0_VconcST_0.04_Vconc_4.8_run_0.csv,1200.0,0.01,0,4.8,0.04,4.8,0,10.75,0.958415,0.0157274,0.000373273,0.958415,0.0,0.106869,10000.0
1200_dose_0.01_gradient_0_VconcST_0.04_Vconc_4.8_run_0.csv,1200.0,0.01,0,4.8,0.04,4.8,0,11.0,1.02738,0.0154157,0.000400131,1.02738,0.0,0.113695,504.693
1200_dose_0.01_gradient_0_VconcST_0.04_Vconc_4.8_run_0.csv,1200.0,0.01,0,4.8,0.04,4.8,0,11.25,1.09464,0.0151102,0.000426327,1.09464,0.0,0.120254,10000.0
1200_dose_0.01_gradient_0_VconcST_0.04_Vconc_4.8_run_0.csv,1200.0,0.01,0,4.8,0.04,4.8,0,11.5,1.16023,0.0148107,0.000451875,1.16023,0.0,0.126557,494.126
1200_dose_0.01_gradient_0_VconcST_0.04_Vconc_4.8_run_0.csv,1200.0,0.01,0,4.8,0.04,4.8,0,11.75,1.2242,0.0145172,0.000476787,1.2242,0.0,0.132617,10000.0
1200_dose_0.01_gradient_0_VconcST_0.04_Vconc_4.8_run_0.csv,1200.0,0.01,0,4.8,0.04,4.8,0,12.0,1.28657,0.0142295,0.000501077,1.28657,0.0,0.138445,452.016
1200_dose_0.01_gradient_0_VconcST_0.04_Vconc_4.8_run_0.csv,1200.0,0.01,0,4.8,0.04,4.8,0,12.25,1.34737,0.0139475,0.000524758,1.34737,0.0,0.144053,10000.0
1200_dose_0.01_gradient_0_VconcST_0.04_Vconc_4.8_run_0.csv,1200.0,0.01,0,4.8,0.04,4.8,0,12.5,1.40664,0.013671,0.000547842,1.40664,0.0,0.149449,471.064
1200_dose_0.01_gradient_0_VconcST_0.04_Vconc_4.8_run_0.csv,1200.0,0.01,0,4.8,0.04,4.8,0,12.75,1.46441,0.0134001,0.000570342,1.46441,0.0,0.154643,10000.0
1200_dose_0.01_gradient_0_VconcST_0.04_Vconc_4.8_run_0.csv,1200.0,0.01,0,4.8,0.04,4.8,0,13.0,1.52071,0.0131345,0.000592269,1.52071,0.0,0.159645,448.53
1200_dose_0.01_gradient_0_VconcST_0.04_Vconc_4.8_run_0.csv,1200.0,0.01,0,4.8,0.04,4.8,0,13.25,1.57557,0.0128742,0.000613636,1.57557,0.0,0.164462,10000.0
1200_dose_0.01_gradient_0_VconcST_0.04_Vconc_4.8_run_0.csv,1200.0,0.01,0,4.8,0.04,4.8,0,13.5,1.62902,0.0126191,0.000634453,1.62902,0.0,0.169102,411.24
1200_dose_0.01_gradient_0_VconcST_0.04_Vconc_4.8_run_0.csv,1200.0,0.01,0,4.8,0.04,4.8,0,13.75,1.68109,0.012369,0.000654734,1.68109,0.0,0.173574,10000.0
1200_dose_0.01_gradient_0_VconcST_0.04_Vconc_4.8_run_0.csv,1200.0,0.01,0,4.8,0.04,4.8,0,14.0,1.73181,0.0121238,0.000674487,1.73181,0.0,0.177883,407.411
1200_dose_0.01_gradient_0_VconcST_0.04_Vconc_4.8_run_0.csv,1200.0,0.01,0,4.8,0.04,4.8,0,14.25,1.78121,0.0118835,0.000693725,1.78121,0.0,0.182037,10000.0
1200_dose_0.01_gradient_0_VconcST_0.04_Vconc_4.8_run_0.csv,1200.0,0.01,0,4.8,0.04,4.8,0,14.5,1.82931,0.011648,0.000712458,1.82931,0.0,0.186042,445.342
1200_dose_0.01_gradient_0_VconcST_0.04_Vconc_4.8_run_0.csv,1200.0,0.01,0,4.8,0.04,4.8,0,14.75,1.87613,0.0114172,0.000730696,1.87613,0.0,0.189903,10000.0
1200_dose_0.01_gradient_0_VconcST_0.04_Vconc_4.8_run_0.csv,1200.0,0.01,0,4.8,0.04,4.8,0,15.0,1.9225,0.0211909,0.000748754,1.9225,0.0,0.193627,416.104
1200_dose_0.01_gradient_0_VconcST_0.04_Vconc_4.8_run_0.csv,1200.0,0.01,0,4.8,0.04,4.8,0,15.25,2.01302,0.0207709,0.00078401,2.01302,0.0,0.200922,10000.0
1200_dose_0.01_gradient_0_VconcST_0.04_Vconc_4.8_run_0.csv,1200.0,0.01,0,4.8,0.04,4.8,0,15.5,2.10127,0.0203593,0.000818378,2.10127,0.0,0.207906,421.308
1200_dose_0.01_gradient_0_VconcST_0.04_Vconc_4.8_run_0.csv,1200.0,0.01,0,4.8,0.04,4.8,0,15.75,2.18727,0.0199558,0.000851876,2.18727,0.0,0.214597,9556.23
1200_dose_0.01_gradient_0_VconcST_0.04_Vconc_4.8_run_0.csv,1200.0,0.01,0,4.8,0.04,4.8,0,16.0,2.27109,0.0195603,0.000884521,2.27109,0.0,0.221011,390.029
1200_dose_0.01_gradient_0_VconcST_0.04_Vconc_4.8_run_0.csv,1200.0,0.01,0,4.8,0.04,4.8,0,16.25,2.35277,0.0191726,0.000916331,2.35277,0.0,0.22716,9923.19
1200_dose_0.01_gradient_0_VconcST_0.04_Vconc_4.8_run_0.csv,1200.0,0.01,0,4.8,0.04,4.8,0,16.5,2.43235,0.0187926,0.000947324,2.43235,0.0,0.233058,368.44
1200_dose_0.01_gradient_0_VconcST_0.04_Vconc_4.8_run_0.csv,1200.0,0.01,0,4.8,0.04,4.8,0,16.75,2.50987,0.0184202,0.000977516,2.50987,0.0,0.238718,10000.0
1200_dose_0.01_gradient_0_VconcST_0.04_Vconc_4.8_run_0.csv,1200.0,0.01,0,4.8,0.04,4.8,0,17.0,2.58538,0.0180551,0.00100692,2.58538,0.0,0.244152,396.306
1200_dose_0.01_gradient_0_VconcST_0.04_Vconc_4.8_run_0.csv,1200.0,0.01,0,4.8,0.04,4.8,0,17.25,2.65891,0.0176973,0.00103556,2.65891,0.0,0.249369,9732.94
1200_dose_0.01_gradient_0_VconcST_0.04_Vconc_4.8_run_0.csv,1200.0,0.01,0,4.8,0.04,4.8,0,17.5,2.73052,0.0173465,0.00106345,2.73052,0.0,0.254381,347.525
1200_dose_0.01_gradient_0_VconcST_0.04_Vconc_4.8_run_0.csv,1200.0,0.01,0,4.8,0.04,4.8,0,17.75,2.80024,0.0170028,0.00109061,2.80024,0.0,0.259197,9627.52
1200_dose_0.01_gradient_0_VconcST_0.04_Vconc_4.8_run_0.csv,1200.0,0.01,0,4.8,0.04,4.8,0,18.0,2.8681,0.0166657,0.00111704,2.8681,0.0,0.263825,370.864
1200_dose_0.01_gradient_0_VconcST_0.04_Vconc_4.8_run_0.csv,1200.0,0.01,0,4.8,0.04,4.8,0,18.25,2.93415,0.0163354,0.00114276,2.93415,0.0,0.268275,9209.62
1200_dose_0.01_gradient_0_VconcST_0.04_Vconc_4.8_run_0.csv,1200.0,0.01,0,4.8,0.04,4.8,0,18.5,2.99843,0.0160117,0.0011678,2.99843,0.0,0.272553,351.481
1200_dose_0.01_gradient_0_VconcST_0.04_Vconc_4.8_run_0.csv,1200.0,0.01,0,4.8,0.04,4.8,0,18.75,3.06097,0.0156944,0.00119215,3.06097,0.0,0.276669,9660.29
1200_dose_0.01_gradient_0_VconcST_0.04_Vconc_4.8_run_0.csv,1200.0,0.01,0,4.8,0.04,4.8,0,19.0,3.1218,0.0153833,0.00121585,3.1218,0.0,0.280627,354.97
1200_dose_0.01_gradient_0_VconcST_0.04_Vconc_4.8_run_0.csv,1200.0,0.01,0,4.8,0.04,4.8,0,19.25,3.18097,0.0150784,0.00123889,3.18097,0.0,0.284437,9127.76
1200_dose_0.01_gradient_0_VconcST_0.04_Vconc_4.8_run_0.csv,1200.0,0.01,0,4.8,0.04,4.8,0,19.5,3.23851,0.0147796,0.0012613,3.23851,0.0,0.288102,333.205
1200_dose_0.01_gradient_0_VconcST_0.04_Vconc_4.8_run_0.csv,1200.0,0.01,0,4.8,0.04,4.8,0,19.75,3.29445,0.0144867,0.00128309,3.29445,0.0,0.29163,9321.94
1200_dose_0.01_gradient_0_VconcST_0.04_Vconc_4.8_run_0.csv,1200.0,0.01,0,4.8,0.04,4.8,0,20.0,3.34961,0.0241996,0.00130457,3.34961,0.0,0.295026,318.648
1200_dose_0.01_gradient_0_VconcST_0.04_Vconc_4.8_run_0.csv,1200.0,0.01,0,4.8,0.04,4.8,0,20.25,3.44861,0.02372,0.00134313,3.44861,0.0,0.301126,9034.67
1200_dose_0.01_gradient_0_VconcST_0.04_Vconc_4.8_run_0.csv,1200.0,0.01,0,4.8,0.04,4.8,0,20.5,3.54502,0.0232499,0.00138068,3.54502,0.0,0.306965,304.001
1200_dose_0.01_gradient_0_VconcST_0.04_Vconc_4.8_run_0.csv,1200.0,0.01,0,4.8,0.04,4.8,0,20.75,3.63889,0.0227891,0.00141724,3.63889,0.0,0.312558,8773.37
1200_dose_0.01_gradient_0_VconcST_0.04_Vconc_4.8_run_0.csv,1200.0,0.01,0,4.8,0.04,4.8,0,21.0,3.73029,0.0223374,0.00145283,3.73029,0.0,0.317917,304.966
1200_dose_0.01_gradient_0_VconcST_0.04_Vconc_4.8_run_0.csv,1200.0,0.01,0,4.8,0.04,4.8,0,21.25,3.81925,0.0218947,0.00148748,3.81925,0.0,0.323054,7919.4
1200_dose_0.01_gradient_0_VconcST_0.04_Vconc_4.8_run_0.csv,1200.0,0.01,0,4.8,0.04,4.8,0,21.5,3.90583,0.0214608,0.0015212,3.90583,0.0,0.32798,296.311
1200_dose_0.01_gradient_0_VconcST_0.04_Vconc_4.8_run_0.csv,1200.0,0.01,0,4.8,0.04,4.8,0,21.75,3.99008,0.0210355,0.00155401,3.99008,0.0,0.332705,8174.21
1200_dose_0.01_gradient_0_VconcST_0.04_Vconc_4.8_run_0.csv,1200.0,0.01,0,4.8,0.04,4.8,0,22.0,4.07205,0.0206186,0.00158594,4.07205,0.0,0.337238,301.318
1200_dose_0.01_gradient_0_VconcST_0.04_Vconc_4.8_run_0.csv,1200.0,0.01,0,4.8,0.04,4.8,0,22.25,4.15178,0.0202099,0.00161699,4.15178,0.0,0.341589,8500.88
1200_dose_0.01_gradient_0_VconcST_0.04_Vconc_4.8_run_0.csv,1200.0,0.01,0,4.8,0.04,4.8,0,22.5,4.22932,0.0198094,0.00164719,4.22932,0.0,0.345766,291.356
1200_dose_0.01_gradient_0_VconcST_0.04_Vconc_4.8_run_0.csv,1200.0,0.01,0,4.8,0.04,4.8,0,22.75,4.30472,0.0194168,0.00167656,4.30472,0.0,0.349778,8498.6
1200_dose_0.01_gradient_0_VconcST_0.04_Vconc_4.8_run_0.csv,1200.0,0.01,0,4.8,0.04,4.8,0,23.0,4.37803,0.019032,0.00170511,4.37803,0.0,0.353631,273.73
1200_dose_0.01_gradient_0_VconcST_0.04_Vconc_4.8_run_0.csv,1200.0,0.01,0,4.8,0.04,4.8,0,23.25,4.44928,0.0186548,0.00173286,4.44928,0.0,0.357332,8310.76
1200_dose_0.01_gradient_0_VconcST_0.04_Vconc_4.8_run_0.csv,1200.0,0.01,0,4.8,0.04,4.8,0,23.5,4.51852,0.0182851,0.00175982,4.51852,0.0,0.360889,275.207
1200_dose_0.01_gradient_0_VconcST_0.04_Vconc_4.8_run_0.csv,1200.0,0.01,0,4.8,0.04,4.8,0,23.75,4.58578,0.0179227,0.00178602,4.58578,0.0,0.364306,7428.79
1200_dose_0.01_gradient_0_VconcST_0.04_Vconc_4.8_run_0.csv,1200.0,0.01,0,4.8,0.04,4.8,0,24.0,4.65112,0.0175675,0.00181147,4.65112,0.0,0.367591,264.643
1200_dose_0.01_gradient_0_VconcST_0.04_Vconc_4.8_run_0.csv,1200.0,0.01,0,4.8,0.04,4.8,0,24.25,4.71458,0.0172193,0.00183618,4.71458,0.0,0.370749,7906.89
1200_dose_0.01_gradient_0_VconcST_0.04_Vconc_4.8_run_0.csv,1200.0,0.01,0,4.8,0.04,4.8,0,24.5,4.77618,0.016878,0.00186017,4.77618,0.0,0.373785,258.694
1200_dose_0.01_gradient_0_VconcST_0.04_Vconc_4.8_run_0.csv,1200.0,0.01,0,4.8,0.04,4.8,0,24.75,4.83598,0.0165435,0.00188346,4.83598,0.0,0.376704,7597.64
1200_dose_0.01_gradient_0_VconcST_0.04_Vconc_4.8_run_0.csv,1200.0,0.01,0,4.8,0.04,4.8,0,25.0,4.89478,0.0262156,0.00190637,4.89478,0.0,0.379511,260.658
1200_dose_0.01_gradient_0_VconcST_0.04_Vconc_4.8_run_0.csv,1200.0,0.01,0,4.8,0.04,4.8,0,25.25,4.99723,0.025696,0.00194627,4.99723,0.0,0.384404,7083.68
1200_dose_0.01_gradient_0_VconcST_0.04_Vconc_4.8_run_0.csv,1200.0,0.01,0,4.8,0.04,4.8,0,25.5,5.09689,0.0251868,0.00198508,5.09689,0.0,0.389092,244.329
1200_dose_0.01_gradient_0_VconcST_0.04_Vconc_4.8_run_0.csv,1200.0,0.01,0,4.8,0.04,4.8,0,25.75,5.19382,0.0246876,0.00202283,5.19382,0.0,0.393582,7000.98
1200_dose_0.01_gradient_0_VconcST_0.04_Vconc_4.8_run_0.csv,1200.0,0.01,0,4.8,0.04,4.8,0,26.0,5.28808,0.0241983,0.00205954,5.28808,0.0,0.397887,236.739
1200_dose_0.01_gradient_0_VconcST_0.04_Vconc_4.8_run_0.csv,1200.0,0.01,0,4.8,0.04,4.8,0,26.25,5.37973,0.0237187,0.00209524,5.37973,0.0,0.402013,6876.34
1200_dose_0.01_gradient_0_VconcST_0.04_Vconc_4.8_run_0.csv,1200.0,0.01,0,4.8,0.04,4.8,0,26.5,5.46881,0.0232487,0.00212993,5.46881,0.0,0.405971,230.333
1200_dose_0.01_gradient_0_VconcST_0.04_Vconc_4.8_run_0.csv,1200.0,0.01,0,4.8,0.04,4.8,0,26.75,5.55539,0.0227879,0.00216365,5.55539,0.0,0.409767,6793.91
1200_dose_0.01_gradient_0_VconcST_0.04_Vconc_4.8_run_0.csv,1200.0,0.01,0,4.8,0.04,4.8,0,27.0,5.63951,0.0223363,0.00219641,5.63951,0.0,0.413409,230.622
1200_dose_0.01_gradient_0_VconcST_0.04_Vconc_4.8_run_0.csv,1200.0,0.01,0,4.8,0.04,4.8,0,27.25,5.72122,0.0218936,0.00222824,5.72122,0.0,0.416904,6983.42
1200_dose_0.01_gradient_0_VconcST_0.04_Vconc_4.8_run_0.csv,1200.0,0.01,0,4.8,0.04,4.8,0,27.5,5.80059,0.0214597,0.00225915,5.80059,0.0,0.42026,230.911
1200_dose_0.01_gradient_0_VconcST_0.04_Vconc_4.8_run_0.csv,1200.0,0.01,0,4.8,0.04,4.8,0,27.75,5.87765,0.0210344,0.00228916,5.87765,0.0,0.423481,6942.42
1200_dose_0.01_gradient_0_VconcST_0.04_Vconc_4.8_run_0.csv,1200.0,0.01,0,4.8,0.04,4.8,0,28.0,5.95245,0.0206175,0.0023183,5.95245,0.0,0.426574,223.381
1200_dose_0.01_gradient_0_VconcST_0.04_Vconc_4.8_run_0.csv,1200.0,0.01,0,4.8,0.04,4.8,0,28.25,6.02505,0.0202089,0.00234657,6.02505,0.0,0.429544,6521.83
1200_dose_0.01_gradient_0_VconcST_0.04_Vconc_4.8_run_0.csv,1200.0,0.01,0,4.8,0.04,4.8,0,28.5,6.09548,0.0198084,0.002374,6.09548,0.0,0.432396,223.56
1200_dose_0.01_gradient_0_VconcST_0.04_Vconc_4.8_run_0.csv,1200.0,0.01,0,4.8,0.04,4.8,0,28.75,6.1638,0.0194158,0.00240061,6.1638,0.0,0.435135,6605.73
1200_dose_0.01_gradient_0_VconcST_0.04_Vconc_4.8_run_0.csv,1200.0,0.01,0,4.8,0.04,4.8,0,29.0,6.23005,0.019031,0.00242641,6.23005,0.0,0.437767,218.648
1200_dose_0.01_gradient_0_VconcST_0.04_Vconc_4.8_run_0.csv,1200.0,0.01,0,4.8,0.04,4.8,0,29.25,6.29427,0.0186538,0.00245142,6.29427,0.0,0.440294,6594.37
1200_dose_0.01_gradient_0_VconcST_0.04_Vconc_4.8_run_0.csv,1200.0,0.01,0,4.8,0.04,4.8,0,29.5,6.35651,0.0182841,0.00247566,6.35651,0.0,0.442722,225.998
1200_dose_0.01_gradient_0_VconcST_0.04_Vconc_4.8_run_0.csv,1200.0,0.01,0,4.8,0.04,4.8,0,29.75,6.4168,0.0179218,0.00249915,6.4168,0.0,0.445054,6372.6
1200_dose_0.01_gradient_0_VconcST_0.04_Vconc_4.8_run_0.csv,1200.0,0.01,0,4.8,0.04,4.8,0,30.0,6.47597,0.0275666,0.00252219,6.47597,0.0,0.447294,207.337
1200_dose_0.01_gradient_0_VconcST_0.04_Vconc_4.8_run_0.csv,1200.0,0.01,0,4.8,0.04,4.8,0,30.25,6.57866,0.0270202,0.00256218,6.57866,0.0,0.451189,6934.17
1200_dose_0.01_gradient_0_VconcST_0.04_Vconc_4.8_run_0.csv,1200.0,0.01,0,4.8,0.04,4.8,0,30.5,6.67844,0.0264847,0.00260105,6.67844,0.0,0.454922,211.504
1200_dose_0.01_gradient_0_VconcST_0.04_Vconc_4.8_run_0.csv,1200.0,0.01,0,4.8,0.04,4.8,0,30.75,6.77537,0.0259598,0.00263879,6.77537,0.0,0.4585,6633.5
1200_dose_0.01_gradient_0_VconcST_0.04_Vconc_4.8_run_0.csv,1200.0,0.01,0,4.8,0.04,4.8,0,31.0,6.8695,0.0254453,0.00267546,6.8695,0.0,0.46193,208.586
1200_dose_0.01_gradient_0_VconcST_0.04_Vconc_4.8_run_0.csv,1200.0,0.01,0,4.8,0.04,4.8,0,31.25,6.96091,0.024941,0.00271106,6.96091,0.00105469,0.465219,6180.89
1200_dose_0.01_gradient_0_VconcST_0.04_Vconc_4.8_run_0.csv,1200.0,0.01,0,4.8,0.04,4.8,0,31.5,7.04964,0.0244467,0.00274562,7.04964,0.0,0.468374,219.878
1200_dose_0.01_gradient_0_VconcST_0.04_Vconc_4.8_run_0.csv,1200.0,0.01,0,4.8,0.04,4.8,0,31.75,7.13575,0.0239622,0.00277915,7.13575,0.0,0.471401,6401.94
1200_dose_0.01_gradient_0_VconcST_0.04_Vconc_4.8_run_0.csv,1200.0,0.01,0,4.8,0.04,4.8,0,32.0,7.2193,0.0234873,0.00281169,7.2193,0.0,0.474304,205.858
1200_dose_0.01_gradient_0_VconcST_0.04_Vconc_4.8_run_0.csv,1200.0,0.01,0,4.8,0.04,4.8,0,32.25,7.30034,0.0230218,0.00284326,7.30034,0.0,0.47709,6447.7
1200_dose_0.01_gradient_0_VconcST_0.04_Vconc_4.8_run_0.csv,1200.0,0.01,0,4.8,0.04,4.8,0,32.5,7.37893,0.0225656,0.00287386,7.37893,0.0,0.479764,190.576
1200_dose_0.01_gradient_0_VconcST_0.04_Vconc_4.8_run_0.csv,1200.0,0.01,0,4.8,0.04,4.8,0,32.75,7.45511,0.0221183,0.00290353,7.45511,0.0,0.48233,5860.64
1200_dose_0.01_gradient_0_VconcST_0.04_Vconc_4.8_run_0.csv,1200.0,0.01,0,4.8,0.04,4.8,0,33.0,7.52894,0.02168,0.00293229,7.52894,0.0,0.484793,189.158
1200_dose_0.01_gradient_0_VconcST_0.04_Vconc_4.8_run_0.csv,1200.0,0.01,0,4.8,0.04,4.8,0,33.25,7.60046,0.0212503,0.00296014,7.60046,0.00119575,0.487156,5711.32
1200_dose_0.01_gradient_0_VconcST_0.04_Vconc_4.8_run_0.csv,1200.0,0.01,0,4.8,0.04,4.8,0,33.5,7.66973,0.0208291,0.00298712,7.66973,0.0,0.489424,194.438
1200_dose_0.01_gradient_0_VconcST_0.04_Vconc_4.8_run_0.csv,1200.0,0.01,0,4.8,0.04,4.8,0,33.75,7.73679,0.0204163,0.00301324,7.73679,0.000989583,0.491602,5644.28
1200_dose_0.01_gradient_0_VconcST_0.04_Vconc_4.8_run_0.csv,1200.0,0.01,0,4.8,0.04,4.8,0,34.0,7.80169,0.0200117,0.00303852,7.80169,0.0,0.493691,179.127
1200_dose_0.01_gradient_0_VconcST_0.04_Vconc_4.8_run_0.csv,1200.0,0.01,0,4.8,0.04,4.8,0,34.25,7.86448,0.0196151,0.00306297,7.86448,0.00111328,0.495696,5792.81
1200_dose_0.01_gradient_0_VconcST_0.04_Vconc_4.8_run_0.csv,1200.0,0.01,0,4.8,0.04,4.8,0,34.5,7.9252,0.0192263,0.00308662,7.9252,0.0,0.49762,182.225
1200_dose_0.01_gradient_0_VconcST_0.04_Vconc_4.8_run_0.csv,1200.0,0.01,0,4.8,0.04,4.8,0,34.75,7.9839,0.0188453,0.00310948,7.9839,0.00148438,0.499466,5891.14
1200_dose_0.01_gradient_0_VconcST_0.04_Vconc_4.8_run_0.csv,1200.0,0.01,0,4.8,0.04,4.8,0,35.0,8.04139,0.0284718,0.00313187,8.04139,0.0,0.501237,189.508
1200_dose_0.01_gradient_0_VconcST_0.04_Vconc_4.8_run_0.csv,1200.0,0.01,0,4.8,0.04,4.8,0,35.25,8.14232,0.0279075,0.00317118,8.14232,0.00115451,0.504357,5659.59
1200_dose_0.01_gradient_0_VconcST_0.04_Vconc_4.8_run_0.csv,1200.0,0.01,0,4.8,0.04,4.8,0,35.5,8.24026,0.0273544,0.00320933,8.24026,0.0,0.507348,178.551
1200_dose_0.01_gradient_0_VconcST_0.04_Vconc_4.8_run_0.csv,1200.0,0.01,0,4.8,0.04,4.8,0,35.75,8.33528,0.0268123,0.00324633,8.33528,0.0,0.510216,5340.27
1200_dose_0.01_gradient_0_VconcST_0.04_Vconc_4.8_run_0.csv,1200.0,0.01,0,4.8,0.04,4.8,0,36.0,8.42744,0.0262809,0.00328223,8.42744,0.0,0.512965,180.94
1200_dose_0.01_gradient_0_VconcST_0.04_Vconc_4.8_run_0.csv,1200.0,0.01,0,4.8,0.04,4.8,0,36.25,8.51679,0.0257601,0.00331703,8.51679,0.0,0.515601,5687.2
1200_dose_0.01_gradient_0_VconcST_0.04_Vconc_4.8_run_0.csv,1200.0,0.01,0,4.8,0.04,4.8,0,36.5,8.6034,0.0252495,0.00335076,8.6034,0.0,0.51813,182.731
1200_dose_0.01_gradient_0_VconcST_0.04_Vconc_4.8_run_0.csv,1200.0,0.01,0,4.8,0.04,4.8,0,36.75,8.68733,0.0247491,0.00338345,8.68733,0.00111328,0.520555,5537.47
1200_dose_0.01_gradient_0_VconcST_0.04_Vconc_4.8_run_0.csv,1200.0,0.01,0,4.8,0.04,4.8,0,37.0,8.76863,0.0242586,0.00341511,8.76863,0.0,0.522881,166.378
1200_dose_0.01_gradient_0_VconcST_0.04_Vconc_4.8_run_0.csv,1200.0,0.01,0,4.8,0.04,4.8,0,37.25,8.84735,0.0237778,0.00344577,8.84735,0.00115451,0.525111,5521.78
1200_dose_0.01_gradient_0_VconcST_0.04_Vconc_4.8_run_0.csv,1200.0,0.01,0,4.8,0.04,4.8,0,37.5,8.92356,0.0233066,0.00347545,8.92356,0.0,0.527251,175.792
1200_dose_0.01_gradient_0_VconcST_0.04_Vconc_4.8_run_0.csv,1200.0,0.01,0,4.8,0.04,4.8,0,37.75,8.99729,0.0228447,0.00350417,8.99729,0.00111328,0.529303,5466.79
1200_dose_0.01_gradient_0_VconcST_0.04_Vconc_4.8_run_0.csv,1200.0,0.01,0,4.8,0.04,4.8,0,38.0,9.06863,0.0223919,0.00353195,9.06863,0.0,0.531272,165.512
1200_dose_0.01_gradient_0_VconcST_0.04_Vconc_4.8_run_0.csv,1200.0,0.01,0,4.8,0.04,4.8,0,38.25,9.1376,0.0219481,0.00355881,9.1376,0.00115451,0.533159,5142.09
1200_dose_0.01_gradient_0_VconcST_0.04_Vconc_4.8_run_0.csv,1200.0,0.01,0,4.8,0.04,4.8,0,38.5,9.20426,0.0215132,0.00358478,9.20426,0.0,0.534969,166.315
1200_dose_0.01_gradient_0_VconcST_0.04_Vconc_4.8_run_0.csv,1200.0,0.01,0,4.8,0.04,4.8,0,38.75,9.26866,0.0210868,0.00360986,9.26866,0.000907118,0.536705,5229.18
1200_dose_0.01_gradient_0_VconcST_0.04_Vconc_4.8_run_0.csv,1200.0,0.01,0,4.8,0.04,4.8,0,39.0,9.33085,0.0206689,0.00363408,9.33085,0.0,0.538368,162.264
1200_dose_0.01_gradient_0_VconcST_0.04_Vconc_4.8_run_0.csv,1200.0,0.01,0,4.8,0.04,4.8,0,39.25,9.39087,0.0202592,0.00365745,9.39087,0.0,0.539963,5335.04
1200_dose_0.01_gradient_0_VconcST_0.04_Vconc_4.8_run_0.csv,1200.0,0.01,0,4.8,0.04,4.8,0,39.5,9.44878,0.0198577,0.00368001,9.44878,0.0,0.54149,154.867
1200_dose_0.01_gradient_0_VconcST_0.04_Vconc_4.8_run_0.csv,1200.0,0.01,0,4.8,0.04,4.8,0,39.75,9.50461,0.0194642,0.00370175,9.50461,0.0,0.542954,5256.3
1200_dose_0.01_gradient_0_VconcST_0.04_Vconc_4.8_run_0.csv,1200.0,0.01,0,4.8,0.04,4.8,0,40.0,9.55919,0.0290784,0.00372301,9.55919,0.0,0.544355,151.532
1200_dose_0.01_gradient_0_VconcST_0.04_Vconc_4.8_run_0.csv,1200.0,0.01,0,4.8,0.04,4.8,0,40.25,9.65717,0.0285021,0.00376117,9.65717,0.000494792,0.546885,5170.96
1200_dose_0.01_gradient_0_VconcST_0.04_Vconc_4.8_run_0.csv,1200.0,0.01,0,4.8,0.04,4.8,0,40.5,9.75211,0.0279372,0.00379815,9.75211,0.0,0.54931,150.165
1200_dose_0.01_gradient_0_VconcST_0.04_Vconc_4.8_run_0.csv,1200.0,0.01,0,4.8,0.04,4.8,0,40.75,9.84409,0.0273835,0.00383397,9.84409,0.0,0.551634,4856.21
1200_dose_0.01_gradient_0_VconcST_0.04_Vconc_4.8_run_0.csv,1200.0,0.01,0,4.8,0.04,4.8,0,41.0,9.93316,0.0268408,0.00386866,9.93316,0.0,0.553863,154.752
1200_dose_0.01_gradient_0_VconcST_0.04_Vconc_4.8_run_0.csv,1200.0,0.01,0,4.8,0.04,4.8,0,41.25,10.0194,0.0263089,0.00390224,10.0194,0.0,0.555999,5051.11
1200_dose_0.01_gradient_0_VconcST_0.04_Vconc_4.8_run_0.csv,1200.0,0.01,0,4.8,0.04,4.8,0,41.5,10.1028,0.0257875,0.00393474,10.1028,0.0,0.558047,152.016
1200_dose_0.01_gradient_0_VconcST_0.04_Vconc_4.8_run_0.csv,1200.0,0.01,0,4.8,0.04,4.8,0,41.75,10.1836,0.0252764,0.00396618,10.1836,0.000288628,0.56001,5107.45
1200_dose_0.01_gradient_0_VconcST_0.04_Vconc_4.8_run_0.csv,1200.0,0.01,0,4.8,0.04,4.8,0,42.0,10.2616,0.0247754,0.00399658,10.2616,0.0,0.561892,153.343
1200_dose_0.01_gradient_0_VconcST_0.04_Vconc_4.8_run_0.csv,1200.0,0.01,0,4.8,0.04,4.8,0,42.25,10.3371,0.0242844,0.00402597,10.3371,0.0,0.563696,4846.37
1200_dose_0.01_gradient_0_VconcST_0.04_Vconc_4.8_run_0.csv,1200.0,0.01,0,4.8,0.04,4.8,0,42.5,10.41,0.0238031,0.00405436,10.41,0.0,0.565425,143.927
1200_dose_0.01_gradient_0_VconcST_0.04_Vconc_4.8_run_0.csv,1200.0,0.01,0,4.8,0.04,4.8,0,42.75,10.4804,0.0233314,0.00408178,10.4804,0.0,0.567081,4934.97
1200_dose_0.01_gradient_0_VconcST_0.04_Vconc_4.8_run_0.csv,1200.0,0.01,0,4.8,0.04,4.8,0,43.0,10.5483,0.022869,0.00410824,10.5483,0.0,0.568668,145.044
1200_dose_0.01_gradient_0_VconcST_0.04_Vconc_4.8_run_0.csv,1200.0,0.01,0,4.8,0.04,4.8,0,43.25,10.6139,0.0224157,0.00413378,10.6139,0.0,0.570188,4775.47
1200_dose_0.01_gradient_0_VconcST_0.04_Vconc_4.8_run_0.csv,1200.0,0.01,0,4.8,0.04,4.8,0,43.5,10.6771,0.0219715,0.0041584,10.6771,0.0,0.571644,142.757
1200_dose_0.01_gradient_0_VconcST_0.04_Vconc_4.8_run_0.csv,1200.0,0.01,0,4.8,0.04,4.8,0,43.75,10.738,0.021536,0.00418213,10.738,0.0,0.573038,4786.31
1200_dose_0.01_gradient_0_VconcST_0.04_Vconc_4.8_run_0.csv,1200.0,0.01,0,4.8,0.04,4.8,0,44.0,10.7967,0.0211092,0.00420499,10.7967,0.0,0.574372,141.955
1200_dose_0.01_gradient_0_VconcST_0.04_Vconc_4.8_run_0.csv,1200.0,0.01,0,4.8,0.04,4.8,0,44.25,10.8532,0.0206909,0.00422699,10.8532,0.0,0.575648,4514.05
1200_dose_0.01_gradient_0_VconcST_0.04_Vconc_4.8_run_0.csv,1200.0,0.01,0,4.8,0.04,4.8,0,44.5,10.9076,0.0202808,0.00424816,10.9076,0.0,0.576869,142.096
1200_dose_0.01_gradient_0_VconcST_0.04_Vconc_4.8_run_0.csv,1200.0,0.01,0,4.8,0.04,4.8,0,44.75,10.9598,0.0198788,0.00426851,10.9598,0.0,0.578036,4740.16
1200_dose_0.01_gradient_0_VconcST_0.04_Vconc_4.8_run_0.csv,1200.0,0.01,0,4.8,0.04,4.8,0,45.0,11.0108,0.0294849,0.00428837,11.0108,0.0,0.579151,140.061
1200_dose_0.01_gradient_0_VconcST_0.04_Vconc_4.8_run_0.csv,1200.0,0.01,0,4.8,0.04,4.8,0,45.25,11.1051,0.0289005,0.00432511,11.1051,0.0,0.581231,4597.54
1200_dose_0.01_gradient_0_VconcST_0.04_Vconc_4.8_run_0.csv,1200.0,0.01,0,4.8,0.04,4.8,0,45.5,11.1964,0.0283277,0.00436067,11.1964,0.0,0.583224,136.068
1200_dose_0.01_gradient_0_VconcST_0.04_Vconc_4.8_run_0.csv,1200.0,0.01,0,4.8,0.04,4.8,0,45.75,11.2847,0.0277663,0.00439506,11.2847,0.0,0.585133,4548.77
1200_dose_0.01_gradient_0_VconcST_0.04_Vconc_4.8_run_0.csv,1200.0,0.01,0,4.8,0.04,4.8,0,46.0,11.3701,0.027216,0.00442831,11.3701,0.0,0.586963,140.503
1200_dose_0.01_gradient_0_VconcST_0.04_Vconc_4.8_run_0.csv,1200.0,0.01,0,4.8,0.04,4.8,0,46.25,11.4526,0.0266766,0.00446044,11.4526,0.0,0.588716,4601.47
1200_dose_0.01_gradient_0_VconcST_0.04_Vconc_4.8_run_0.csv,1200.0,0.01,0,4.8,0.04,4.8,0,46.5,11.5323,0.0261479,0.00449149,11.5323,0.0,0.590395,133.064
1200_dose_0.01_gradient_0_VconcST_0.04_Vconc_4.8_run_0.csv,1200.0,0.01,0,4.8,0.04,4.8,0,46.75,11.6093,0.0256297,0.00452146,11.6093,0.0,0.592004,4476.58
1200_dose_0.01_gradient_0_VconcST_0.04_Vconc_4.8_run_0.csv,1200.0,0.01,0,4.8,0.04,4.8,0,47.0,11.6836,0.0251217,0.0045504,11.6836,0.0,0.593545,132.473
1200_dose_0.01_gradient_0_VconcST_0.04_Vconc_4.8_run_0.csv,1200.0,0.01,0,4.8,0.04,4.8,0,47.25,11.7552,0.0246239,0.0045783,11.7552,0.0,0.59502,4387.3
1200_dose_0.01_gradient_0_VconcST_0.04_Vconc_4.8_run_0.csv,1200.0,0.01,0,4.8,0.04,4.8,0,47.5,11.8243,0.0241358,0.00460521,11.8243,0.0,0.596432,136.881
1200_dose_0.01_gradient_0_VconcST_0.04_Vconc_4.8_run_0.csv,1200.0,0.01,0,4.8,0.04,4.8,0,47.75,11.8909,0.0236575,0.00463114,11.8909,0.0,0.597784,4380.64
1200_dose_0.01_gradient_0_VconcST_0.04_Vconc_4.8_run_0.csv,1200.0,0.01,0,4.8,0.04,4.8,0,48.0,11.955,0.0231886,0.00465611,11.955,0.0,0.599077,128.301
1200_dose_0.01_gradient_0_VconcST_0.04_Vconc_4.8_run_0.csv,1200.0,0.01,0,4.8,0.04,4.8,0,48.25,12.0167,0.0227291,0.00468014,12.0167,0.0,0.600314,4306.51
1200_dose_0.01_gradient_0_VconcST_0.04_Vconc_4.8_run_0.csv,1200.0,0.01,0,4.8,0.04,4.8,0,48.5,12.0761,0.0222786,0.00470326,12.0761,0.0,0.601497,131.776
1200_dose_0.01_gradient_0_VconcST_0.04_Vconc_4.8_run_0.csv,1200.0,0.01,0,4.8,0.04,4.8,0,48.75,12.1331,0.0218371,0.00472548,12.1331,0.0,0.602626,4361.1
1200_dose_0.01_gradient_0_VconcST_0.04_Vconc_4.8_run_0.csv,1200.0,0.01,0,4.8,0.04,4.8,0,49.0,12.1879,0.0214043,0.00474681,12.1879,0.0,0.603706,132.917
1200_dose_0.01_gradient_0_VconcST_0.04_Vconc_4.8_run_0.csv,1200.0,0.01,0,4.8,0.04,4.8,0,49.25,12.2405,0.0209801,0.00476729,12.2405,0.0,0.604736,4349.34
1200_dose_0.01_gradient_0_VconcST_0.04_Vconc_4.8_run_0.csv,1200.0,0.01,0,4.8,0.04,4.8,0,49.5,12.2909,0.0205643,0.00478693,12.2909,0.0,0.605719,127.667
1200_dose_0.01_gradient_0_VconcST_0.04_Vconc_4.8_run_0.csv,1200.0,0.01,0,4.8,0.04,4.8,0,49.75,12.3392,0.0201567,0.00480575,12.3392,0.0,0.606656,4277.81
1200_dose_0.01_gradient_0_VconcST_0.04_Vconc_4.8_run_0.csv,1200.0,0.01,0,4.8,0.04,4.8,0,50.0,12.3863,0.0297572,0.00482407,12.3863,0.0,0.60755,122.967
1200_dose_0.01_gradient_0_VconcST_0.04_Vconc_4.8_run_0.csv,1200.0,0.01,0,4.8,0.04,4.8,0,50.25,12.4767,0.0291675,0.00485927,12.4767,0.0,0.609283,4300.14
1200_dose_0.01_gradient_0_VconcST_0.04_Vconc_4.8_run_0.csv,1200.0,0.01,0,4.8,0.04,4.8,0,50.5,12.564,0.0285894,0.00489328,12.564,0.0,0.610943,127.193
1200_dose_0.01_gradient_0_VconcST_0.04_Vconc_4.8_run_0.csv,1200.0,0.01,0,4.8,0.04,4.8,0,50.75,12.6483,0.0280228,0.00492612,12.6483,0.0,0.612533,4325.38
1200_dose_0.01_gradient_0_VconcST_0.04_Vconc_4.8_run_0.csv,1200.0,0.01,0,4.8,0.04,4.8,0,51.0,12.7297,0.0274674,0.00495782,12.7297,0.0,0.614055,119.259
1200_dose_0.01_gradient_0_VconcST_0.04_Vconc_4.8_run_0.csv,1200.0,0.01,0,4.8,0.04,4.8,0,51.25,12.8082,0.026923,0.0049884,12.8082,0.0,0.615513,4129.62
1200_dose_0.01_gradient_0_VconcST_0.04_Vconc_4.8_run_0.csv,1200.0,0.01,0,4.8,0.04,4.8,0,51.5,12.8839,0.0263895,0.00501789,12.8839,0.0,0.616907,123.752
1200_dose_0.01_gradient_0_VconcST_0.04_Vconc_4.8_run_0.csv,1200.0,0.01,0,4.8,0.04,4.8,0,51.75,12.9569,0.0258665,0.0050463,12.9569,0.0,0.618242,4300.18
1200_dose_0.01_gradient_0_VconcST_0.04_Vconc_4.8_run_0.csv,1200.0,0.01,0,4.8,0.04,4.8,0,52.0,13.0271,0.0253538,0.00507367,13.0271,0.0,0.619519,124.298
1200_dose_0.01_gradient_0_VconcST_0.04_Vconc_4.8_run_0.csv,1200.0,0.01,0,4.8,0.04,4.8,0,52.25,13.0948,0.0248513,0.00510001,13.0948,0.0,0.620739,4128.92
1200_dose_0.01_gradient_0_VconcST_0.04_Vconc_4.8_run_0.csv,1200.0,0.01,0,4.8,0.04,4.8,0,52.5,13.1598,0.0243588,0.00512535,13.1598,0.0,0.621906,112.86
1200_dose_0.01_gradient_0_VconcST_0.04_Vconc_4.8_run_0.csv,1200.0,0.01,0,4.8,0.04,4.8,0,52.75,13.2224,0.023876,0.0051497,13.2224,0.0,0.623021,4221.7
1200_dose_0.01_gradient_0_VconcST_0.04_Vconc_4.8_run_0.csv,1200.0,0.01,0,4.8,0.04,4.8,0,53.0,13.2824,0.0234029,0.0051731,13.2824,0.0,0.624086,115.16
1200_dose_0.01_gradient_0_VconcST_0.04_Vconc_4.8_run_0.csv,1200.0,0.01,0,4.8,0.04,4.8,0,53.25,13.3401,0.022939,0.00519556,13.3401,0.0,0.625102,4091.31
1200_dose_0.01_gradient_0_VconcST_0.04_Vconc_4.8_run_0.csv,1200.0,0.01,0,4.8,0.04,4.8,0,53.5,13.3954,0.0224844,0.00521709,13.3954,0.0,0.626072,119.337
1200_dose_0.01_gradient_0_VconcST_0.04_Vconc_4.8_run_0.csv,1200.0,0.01,0,4.8,0.04,4.8,0,53.75,13.4484,0.0220388,0.00523773,13.4484,0.0,0.626997,4005.3
1200_dose_0.01_gradient_0_VconcST_0.04_Vconc_4.8_run_0.csv,1200.0,0.01,0,4.8,0.04,4.8,0,54.0,13.4991,0.021602,0.00525749,13.4991,0.0,0.627877,116.143
1200_dose_0.01_gradient_0_VconcST_0.04_Vconc_4.8_run_0.csv,1200.0,0.01,0,4.8,0.04,4.8,0,54.25,13.5476,0.0211739,0.00527639,13.5476,0.0,0.628716,4158.74
1200_dose_0.01_gradient_0_VconcST_0.04_Vconc_4.8_run_0.csv,1200.0,0.01,0,4.8,0.04,4.8,0,54.5,13.594,0.0207542,0.00529444,13.594,0.0,0.629514,116.225
1200_dose_0.01_gradient_0_VconcST_0.04_Vconc_4.8_run_0.csv,1200.0,0.01,0,4.8,0.04,4.8,0,54.75,13.6383,0.0203429,0.00531168,13.6383,0.0,0.630272,4069.2
1200_dose_0.01_gradient_0_VconcST_0.04_Vconc_4.8_run_0.csv,1200.0,0.01,0,4.8,0.04,4.8,0,55.0,13.6812,0.0299397,0.00532841,13.6812,0.0,0.630992,118.406
1200_dose_0.01_gradient_0_VconcST_0.04_Vconc_4.8_run_0.csv,1200.0,0.01,0,4.8,0.04,4.8,0,55.25,13.7675,0.0293464,0.00536203,13.7675,0.0,0.632457,3967.8
1200_dose_0.01_gradient_0_VconcST_0.04_Vconc_4.8_run_0.csv,1200.0,0.01,0,4.8,0.04,4.8,0,55.5,13.8508,0.0287648,0.00539446,13.8508,0.0,0.633858,115.791
1200_dose_0.01_gradient_0_VconcST_0.04_Vconc_4.8_run_0.csv,1200.0,0.01,0,4.8,0.04,4.8,0,55.75,13.9311,0.0281947,0.00542571,13.9311,0.0,0.635199,3907.38
1200_dose_0.01_gradient_0_VconcST_0.04_Vconc_4.8_run_0.csv,1200.0,0.01,0,4.8,0.04,4.8,0,56.0,14.0084,0.0276359,0.00545583,14.0084,0.0,0.636481,111.701
1200_dose_0.01_gradient_0_VconcST_0.04_Vconc_4.8_run_0.csv,1200.0,0.01,0,4.8,0.04,4.8,0,56.25,14.0828,0.0270882,0.00548482,14.0828,0.0,0.637708,3764.55
1200_dose_0.01_gradient_0_VconcST_0.04_Vconc_4.8_run_0.csv,1200.0,0.01,0,4.8,0.04,4.8,0,56.5,14.1545,0.0265513,0.00551272,14.1545,0.0,0.63888,116.141
1200_dose_0.01_gradient_0_VconcST_0.04_Vconc_4.8_run_0.csv,1200.0,0.01,0,4.8,0.04,4.8,0,56.75,14.2233,0.0260251,0.00553955,14.2233,0.0,0.64,3917.37
1200_dose_0.01_gradient_0_VconcST_0.04_Vconc_4.8_run_0.csv,1200.0,0.01,0,4.8,0.04,4.8,0,57.0,14.2895,0.0255093,0.00556533,14.2895,0.0,0.64107,109.349
1200_dose_0.01_gradient_0_VconcST_0.04_Vconc_4.8_run_0.csv,1200.0,0.01,0,4.8,0.04,4.8,0,57.25,14.3531,0.0250038,0.00559009,14.3531,0.0,0.642091,3738.25
1200_dose_0.01_gradient_0_VconcST_0.04_Vconc_4.8_run_0.csv,1200.0,0.01,0,4.8,0.04,4.8,0,57.5,14.4141,0.0245082,0.00561384,14.4141,0.0,0.643066,109.445
1200_dose_0.01_gradient_0_VconcST_0.04_Vconc_4.8_run_0.csv,1200.0,0.01,0,4.8,0.04,4.8,0,57.75,14.4726,0.0240225,0.00563661,14.4726,0.0,0.643995,3802.29
1200_dose_0.01_gradient_0_VconcST_0.04_Vconc_4.8_run_0.csv,1200.0,0.01,0,4.8,0.04,4.8,0,58.0,14.5286,0.0235464,0.00565843,14.5286,0.0,0.644881,111.947
1200_dose_0.01_gradient_0_VconcST_0.04_Vconc_4.8_run_0.csv,1200.0,0.01,0,4.8,0.04,4.8,0,58.25,14.5822,0.0230797,0.0056793,14.5822,0.0,0.645724,3764.8
1200_dose_0.01_gradient_0_VconcST_0.04_Vconc_4.8_run_0.csv,1200.0,0.01,0,4.8,0.04,4.8,0,58.5,14.6334,0.0226223,0.00569927,14.6334,0.0,0.646527,112.255
1200_dose_0.01_gradient_0_VconcST_0.04_Vconc_4.8_run_0.csv,1200.0,0.01,0,4.8,0.04,4.8,0,58.75,14.6824,0.022174,0.00571832,14.6824,0.0,0.647291,3745.78
1200_dose_0.01_gradient_0_VconcST_0.04_Vconc_4.8_run_0.csv,1200.0,0.01,0,4.8,0.04,4.8,0,59.0,14.729,0.0217345,0.0057365,14.729,0.0,0.648016,106.02
1200_dose_0.01_gradient_0_VconcST_0.04_Vconc_4.8_run_0.csv,1200.0,0.01,0,4.8,0.04,4.8,0,59.25,14.7735,0.0213038,0.00575382,14.7735,0.0,0.648704,3810.04
1200_dose_0.01_gradient_0_VconcST_0.04_Vconc_4.8_run_0.csv,1200.0,0.01,0,4.8,0.04,4.8,0,59.5,14.8158,0.0208816,0.00577031,14.8158,0.0,0.649356,108.644
1200_dose_0.01_gradient_0_VconcST_0.04_Vconc_4.8_run_0.csv,1200.0,0.01,0,4.8,0.04,4.8,0,59.75,14.856,0.0204677,0.00578597,14.856,0.0,0.649973,3779.52
1200_dose_0.01_gradient_0_VconcST_0.04_Vconc_4.8_run_0.csv,1200.0,0.01,0,4.8,0.04,4.8,0,60.0,14.895,0.0300621,0.00580112,14.895,0.0,0.650557,104.656
1200_dose_0.01_gradient_0_VconcST_0.04_Vconc_4.8_run_0.csv,1200.0,0.01,0,4.8,0.04,4.8,0,60.25,14.9772,0.0294663,0.00583317,14.9772,0.0,0.651809,3655.22
1200_dose_0.01_gradient_0_VconcST_0.04_Vconc_4.8_run_0.csv,1200.0,0.01,0,4.8,0.04,4.8,0,60.5,15.0565,0.0288823,0.00586403,15.0565,0.0,0.653006,104.656
1200_dose_0.01_gradient_0_VconcST_0.04_Vconc_4.8_run_0.csv,1200.0,0.01,0,4.8,0.04,4.8,0,60.75,15.1327,0.0283099,0.00589371,15.1327,0.0,0.65415,3818.54
1200_dose_0.01_gradient_0_VconcST_0.04_Vconc_4.8_run_0.csv,1200.0,0.01,0,4.8,0.04,4.8,0,61.0,15.206,0.0277488,0.00592226,15.206,0.0,0.655243,108.224
1200_dose_0.01_gradient_0_VconcST_0.04_Vconc_4.8_run_0.csv,1200.0,0.01,0,4.8,0.04,4.8,0,61.25,15.2764,0.0271989,0.00594968,15.2764,0.0,0.656287,3735.2
1200_dose_0.01_gradient_0_VconcST_0.04_Vconc_4.8_run_0.csv,1200.0,0.01,0,4.8,0.04,4.8,0,61.5,15.344,0.0266598,0.00597602,15.344,0.0,0.657284,103.65
1200_dose_0.01_gradient_0_VconcST_0.04_Vconc_4.8_run_0.csv,1200.0,0.01,0,4.8,0.04,4.8,0,61.75,15.4089,0.0261314,0.00600129,15.4089,0.0,0.658234,3639.98
1200_dose_0.01_gradient_0_VconcST_0.04_Vconc_4.8_run_0.csv,1200.0,0.01,0,4.8,0.04,4.8,0,62.0,15.4711,0.0256135,0.00602551,15.4711,0.0,0.65914,101.022
1200_dose_0.01_gradient_0_VconcST_0.04_Vconc_4.8_run_0.csv,1200.0,0.01,0,4.8,0.04,4.8,0,62.25,15.5307,0.0251059,0.00604871,15.5307,0.0,0.660004,3575.0
1200_dose_0.01_gradient_0_VconcST_0.04_Vconc_7.2_run_0.csv,1200.0,0.01,0,7.2,0.04,7.2,0,0.0,0.0,0.0,0.0,0.0,0.0,0.0,0.0
1200_dose_0.01_gradient_0_VconcST_0.04_Vconc_7.2_run_0.csv,1200.0,0.01,0,7.2,0.04,7.2,0,0.25,0.0,0.0,0.0,0.0,0.0,0.0,10000.0
1200_dose_0.01_gradient_0_VconcST_0.04_Vconc_7.2_run_0.csv,1200.0,0.01,0,7.2,0.04,7.2,0,0.5,0.0,0.0,0.0,0.0,0.0,0.0,844.339
1200_dose_0.01_gradient_0_VconcST_0.04_Vconc_7.2_run_0.csv,1200.0,0.01,0,7.2,0.04,7.2,0,0.75,0.0,0.0,0.0,0.0,0.0,0.0,10000.0
1200_dose_0.01_gradient_0_VconcST_0.04_Vconc_7.2_run_0.csv,1200.0,0.01,0,7.2,0.04,7.2,0,1.0,0.0,0.0,0.0,0.0,0.0,0.0,843.617
1200_dose_0.01_gradient_0_VconcST_0.04_Vconc_7.2_run_0.csv,1200.0,0.01,0,7.2,0.04,7.2,0,1.25,0.0,0.0,0.0,0.0,0.0,0.0,10000.0
1200_dose_0.01_gradient_0_VconcST_0.04_Vconc_7.2_run_0.csv,1200.0,0.01,0,7.2,0.04,7.2,0,1.5,0.0,0.0,0.0,0.0,0.0,0.0,826.244
1200_dose_0.01_gradient_0_VconcST_0.04_Vconc_7.2_run_0.csv,1200.0,0.01,0,7.2,0.04,7.2,0,1.75,0.0,0.0,0.0,0.0,0.0,0.0,10000.0
1200_dose_0.01_gradient_0_VconcST_0.04_Vconc_7.2_run_0.csv,1200.0,0.01,0,7.2,0.04,7.2,0,2.0,0.0,0.0,0.0,0.0,0.0,0.0,843.875
1200_dose_0.01_gradient_0_VconcST_0.04_Vconc_7.2_run_0.csv,1200.0,0.01,0,7.2,0.04,7.2,0,2.25,0.0,0.0,0.0,0.0,0.0,0.0,10000.0
1200_dose_0.01_gradient_0_VconcST_0.04_Vconc_7.2_run_0.csv,1200.0,0.01,0,7.2,0.04,7.2,0,2.5,0.0,0.0,0.0,0.0,0.0,0.0,844.75
1200_dose_0.01_gradient_0_VconcST_0.04_Vconc_7.2_run_0.csv,1200.0,0.01,0,7.2,0.04,7.2,0,2.75,0.0,0.0,0.0,0.0,0.0,0.0,10000.0
1200_dose_0.01_gradient_0_VconcST_0.04_Vconc_7.2_run_0.csv,1200.0,0.01,0,7.2,0.04,7.2,0,3.0,0.0,0.0,0.0,0.0,0.0,0.0,842.901
1200_dose_0.01_gradient_0_VconcST_0.04_Vconc_7.2_run_0.csv,1200.0,0.01,0,7.2,0.04,7.2,0,3.25,0.0,0.0,0.0,0.0,0.0,0.0,10000.0
1200_dose_0.01_gradient_0_VconcST_0.04_Vconc_7.2_run_0.csv,1200.0,0.01,0,7.2,0.04,7.2,0,3.5,0.0,0.0,0.0,0.0,0.0,0.0,843.064
1200_dose_0.01_gradient_0_VconcST_0.04_Vconc_7.2_run_0.csv,1200.0,0.01,0,7.2,0.04,7.2,0,3.75,0.0,0.0,0.0,0.0,0.0,0.0,10000.0
1200_dose_0.01_gradient_0_VconcST_0.04_Vconc_7.2_run_0.csv,1200.0,0.01,0,7.2,0.04,7.2,0,4.0,0.0,0.0,0.0,0.0,0.0,0.0,841.026
1200_dose_0.01_gradient_0_VconcST_0.04_Vconc_7.2_run_0.csv,1200.0,0.01,0,7.2,0.04,7.2,0,4.25,0.0,0.0,0.0,0.0,0.0,0.0,10000.0
1200_dose_0.01_gradient_0_VconcST_0.04_Vconc_7.2_run_0.csv,1200.0,0.01,0,7.2,0.04,7.2,0,4.5,0.0,0.0,0.0,0.0,0.0,0.0,843.894
1200_dose_0.01_gradient_0_VconcST_0.04_Vconc_7.2_run_0.csv,1200.0,0.01,0,7.2,0.04,7.2,0,4.75,0.0,0.0,0.0,0.0,0.0,0.0,10000.0
1200_dose_0.01_gradient_0_VconcST_0.04_Vconc_7.2_run_0.csv,1200.0,0.01,0,7.2,0.04,7.2,0,5.0,0.000778625,0.01,3.0325e-07,0.000778625,0.0,0.0,858.331
1200_dose_0.01_gradient_0_VconcST_0.04_Vconc_7.2_run_0.csv,1200.0,0.01,0,7.2,0.04,7.2,0,5.25,0.0469344,0.00980181,1.82795e-05,0.0469344,0.0,0.00573865,10000.0
1200_dose_0.01_gradient_0_VconcST_0.04_Vconc_7.2_run_0.csv,1200.0,0.01,0,7.2,0.04,7.2,0,5.5,0.0920004,0.00960755,3.58313e-05,0.0920004,0.0,0.0112786,837.212
1200_dose_0.01_gradient_0_VconcST_0.04_Vconc_7.2_run_0.csv,1200.0,0.01,0,7.2,0.04,7.2,0,5.75,0.135999,0.00941714,5.29673e-05,0.135999,0.0,0.0166281,10000.0
1200_dose_0.01_gradient_0_VconcST_0.04_Vconc_7.2_run_0.csv,1200.0,0.01,0,7.2,0.04,7.2,0,6.0,0.178951,0.00923051,6.9696e-05,0.178951,0.0,0.0217949,835.774
1200_dose_0.01_gradient_0_VconcST_0.04_Vconc_7.2_run_0.csv,1200.0,0.01,0,7.2,0.04,7.2,0,6.25,0.22088,0.00904757,8.60258e-05,0.22088,0.0,0.0267864,10000.0
1200_dose_0.01_gradient_0_VconcST_0.04_Vconc_7.2_run_0.csv,1200.0,0.01,0,7.2,0.04,7.2,0,6.5,0.261805,0.00886825,0.000101965,0.261805,0.0,0.0316096,830.038
1200_dose_0.01_gradient_0_VconcST_0.04_Vconc_7.2_run_0.csv,1200.0,0.01,0,7.2,0.04,7.2,0,6.75,0.301747,0.00869249,0.000117521,0.301747,0.0,0.036271,10000.0
1200_dose_0.01_gradient_0_VconcST_0.04_Vconc_7.2_run_0.csv,1200.0,0.01,0,7.2,0.04,7.2,0,7.0,0.340726,0.00852022,0.000132702,0.340726,0.0,0.040777,830.734
1200_dose_0.01_gradient_0_VconcST_0.04_Vconc_7.2_run_0.csv,1200.0,0.01,0,7.2,0.04,7.2,0,7.25,0.378762,0.00835137,0.000147516,0.378762,0.0,0.0451337,10000.0
1200_dose_0.01_gradient_0_VconcST_0.04_Vconc_7.2_run_0.csv,1200.0,0.01,0,7.2,0.04,7.2,0,7.5,0.415875,0.00818586,0.00016197,0.415875,0.0,0.0493465,822.106
1200_dose_0.01_gradient_0_VconcST_0.04_Vconc_7.2_run_0.csv,1200.0,0.01,0,7.2,0.04,7.2,0,7.75,0.452083,0.00802362,0.000176072,0.452083,0.0,0.053421,10000.0
1200_dose_0.01_gradient_0_VconcST_0.04_Vconc_7.2_run_0.csv,1200.0,0.01,0,7.2,0.04,7.2,0,8.0,0.487405,0.0078646,0.000189829,0.487405,0.0,0.0573623,823.593
1200_dose_0.01_gradient_0_VconcST_0.04_Vconc_7.2_run_0.csv,1200.0,0.01,0,7.2,0.04,7.2,0,8.25,0.521859,0.00770874,0.000203248,0.521859,0.0,0.0611752,10000.0
1200_dose_0.01_gradient_0_VconcST_0.04_Vconc_7.2_run_0.csv,1200.0,0.01,0,7.2,0.04,7.2,0,8.5,0.555463,0.00755596,0.000216335,0.555463,0.0,0.0648644,814.096
1200_dose_0.01_gradient_0_VconcST_0.04_Vconc_7.2_run_0.csv,1200.0,0.01,0,7.2,0.04,7.2,0,8.75,0.588234,0.00740621,0.000229099,0.588234,0.0,0.0684345,10000.0
1200_dose_0.01_gradient_0_VconcST_0.04_Vconc_7.2_run_0.csv,1200.0,0.01,0,7.2,0.04,7.2,0,9.0,0.62019,0.00725943,0.000241545,0.62019,0.0,0.0718895,789.305
1200_dose_0.01_gradient_0_VconcST_0.04_Vconc_7.2_run_0.csv,1200.0,0.01,0,7.2,0.04,7.2,0,9.25,0.651347,0.00711555,0.000253679,0.651347,0.0,0.0752336,10000.0
1200_dose_0.01_gradient_0_VconcST_0.04_Vconc_7.2_run_0.csv,1200.0,0.01,0,7.2,0.04,7.2,0,9.5,0.681721,0.00697453,0.000265509,0.681721,0.0,0.0784707,789.698
1200_dose_0.01_gradient_0_VconcST_0.04_Vconc_7.2_run_0.csv,1200.0,0.01,0,7.2,0.04,7.2,0,9.75,0.71133,0.0068363,0.000277041,0.71133,0.0,0.0816043,10000.0
1200_dose_0.01_gradient_0_VconcST_0.04_Vconc_7.2_run_0.csv,1200.0,0.01,0,7.2,0.04,7.2,0,10.0,0.740967,0.0167008,0.000288584,0.740967,0.0,0.0846381,801.372
1200_dose_0.01_gradient_0_VconcST_0.04_Vconc_7.2_run_0.csv,1200.0,0.01,0,7.2,0.04,7.2,0,10.25,0.815246,0.0163698,0.000317513,0.815246,0.0,0.0923554,10000.0
1200_dose_0.01_gradient_0_VconcST_0.04_Vconc_7.2_run_0.csv,1200.0,0.01,0,7.2,0.04,7.2,0,10.5,0.887716,0.0160454,0.000345738,0.887716,0.0,0.0997604,770.727
1200_dose_0.01_gradient_0_VconcST_0.04_Vconc_7.2_run_0.csv,1200.0,0.01,0,7.2,0.04,7.2,0,10.75,0.958415,0.0157274,0.000373273,0.958415,0.0,0.106869,10000.0
1200_dose_0.01_gradient_0_VconcST_0.04_Vconc_7.2_run_0.csv,1200.0,0.01,0,7.2,0.04,7.2,0,11.0,1.02738,0.0154157,0.000400131,1.02738,0.0,0.113695,770.091
1200_dose_0.01_gradient_0_VconcST_0.04_Vconc_7.2_run_0.csv,1200.0,0.01,0,7.2,0.04,7.2,0,11.25,1.09464,0.0151102,0.000426327,1.09464,0.0,0.120254,10000.0
1200_dose_0.01_gradient_0_VconcST_0.04_Vconc_7.2_run_0.csv,1200.0,0.01,0,7.2,0.04,7.2,0,11.5,1.16023,0.0148107,0.000451875,1.16023,0.0,0.126557,743.02
1200_dose_0.01_gradient_0_VconcST_0.04_Vconc_7.2_run_0.csv,1200.0,0.01,0,7.2,0.04,7.2,0,11.75,1.2242,0.0145172,0.000476787,1.2242,0.0,0.132617,10000.0
1200_dose_0.01_gradient_0_VconcST_0.04_Vconc_7.2_run_0.csv,1200.0,0.01,0,7.2,0.04,7.2,0,12.0,1.28657,0.0142295,0.000501077,1.28657,0.0,0.138445,738.319
1200_dose_0.01_gradient_0_VconcST_0.04_Vconc_7.2_run_0.csv,1200.0,0.01,0,7.2,0.04,7.2,0,12.25,1.34737,0.0139475,0.000524758,1.34737,0.0,0.144053,10000.0
1200_dose_0.01_gradient_0_VconcST_0.04_Vconc_7.2_run_0.csv,1200.0,0.01,0,7.2,0.04,7.2,0,12.5,1.40664,0.013671,0.000547842,1.40664,0.0,0.149449,746.713
1200_dose_0.01_gradient_0_VconcST_0.04_Vconc_7.2_run_0.csv,1200.0,0.01,0,7.2,0.04,7.2,0,12.75,1.46441,0.0134001,0.000570342,1.46441,0.0,0.154643,10000.0
1200_dose_0.01_gradient_0_VconcST_0.04_Vconc_7.2_run_0.csv,1200.0,0.01,0,7.2,0.04,7.2,0,13.0,1.52071,0.0131345,0.000592269,1.52071,0.0,0.159645,723.871
1200_dose_0.01_gradient_0_VconcST_0.04_Vconc_7.2_run_0.csv,1200.0,0.01,0,7.2,0.04,7.2,0,13.25,1.57557,0.0128742,0.000613636,1.57557,0.0,0.164462,10000.0
1200_dose_0.01_gradient_0_VconcST_0.04_Vconc_7.2_run_0.csv,1200.0,0.01,0,7.2,0.04,7.2,0,13.5,1.62902,0.0126191,0.000634453,1.62902,0.0,0.169102,706.704
1200_dose_0.01_gradient_0_VconcST_0.04_Vconc_7.2_run_0.csv,1200.0,0.01,0,7.2,0.04,7.2,0,13.75,1.68109,0.012369,0.000654734,1.68109,0.0,0.173574,10000.0
1200_dose_0.01_gradient_0_VconcST_0.04_Vconc_7.2_run_0.csv,1200.0,0.01,0,7.2,0.04,7.2,0,14.0,1.73181,0.0121238,0.000674487,1.73181,0.0,0.177883,717.926
1200_dose_0.01_gradient_0_VconcST_0.04_Vconc_7.2_run_0.csv,1200.0,0.01,0,7.2,0.04,7.2,0,14.25,1.78121,0.0118835,0.000693725,1.78121,0.0,0.182037,10000.0
1200_dose_0.01_gradient_0_VconcST_0.04_Vconc_7.2_run_0.csv,1200.0,0.01,0,7.2,0.04,7.2,0,14.5,1.82931,0.011648,0.000712458,1.82931,0.0,0.186042,704.186
1200_dose_0.01_gradient_0_VconcST_0.04_Vconc_7.2_run_0.csv,1200.0,0.01,0,7.2,0.04,7.2,0,14.75,1.87613,0.0114172,0.000730696,1.87613,0.0,0.189903,10000.0
1200_dose_0.01_gradient_0_VconcST_0.04_Vconc_7.2_run_0.csv,1200.0,0.01,0,7.2,0.04,7.2,0,15.0,1.9225,0.0211909,0.000748754,1.9225,0.0,0.193627,695.838
1200_dose_0.01_gradient_0_VconcST_0.04_Vconc_7.2_run_0.csv,1200.0,0.01,0,7.2,0.04,7.2,0,15.25,2.01302,0.0207709,0.00078401,2.01302,0.0,0.200922,10000.0
1200_dose_0.01_gradient_0_VconcST_0.04_Vconc_7.2_run_0.csv,1200.0,0.01,0,7.2,0.04,7.2,0,15.5,2.10127,0.0203593,0.000818378,2.10127,0.0,0.207906,677.091
1200_dose_0.01_gradient_0_VconcST_0.04_Vconc_7.2_run_0.csv,1200.0,0.01,0,7.2,0.04,7.2,0,15.75,2.18727,0.0199558,0.000851876,2.18727,0.0,0.214597,10000.0
1200_dose_0.01_gradient_0_VconcST_0.04_Vconc_7.2_run_0.csv,1200.0,0.01,0,7.2,0.04,7.2,0,16.0,2.27109,0.0195603,0.000884521,2.27109,0.0,0.221011,682.343
1200_dose_0.01_gradient_0_VconcST_0.04_Vconc_7.2_run_0.csv,1200.0,0.01,0,7.2,0.04,7.2,0,16.25,2.35277,0.0191726,0.000916331,2.35277,0.0,0.22716,10000.0
1200_dose_0.01_gradient_0_VconcST_0.04_Vconc_7.2_run_0.csv,1200.0,0.01,0,7.2,0.04,7.2,0,16.5,2.43235,0.0187926,0.000947324,2.43235,0.0,0.233058,660.728
1200_dose_0.01_gradient_0_VconcST_0.04_Vconc_7.2_run_0.csv,1200.0,0.01,0,7.2,0.04,7.2,0,16.75,2.50987,0.0184202,0.000977516,2.50987,0.0,0.238718,10000.0
1200_dose_0.01_gradient_0_VconcST_0.04_Vconc_7.2_run_0.csv,1200.0,0.01,0,7.2,0.04,7.2,0,17.0,2.58538,0.0180551,0.00100692,2.58538,0.0,0.244152,643.401
1200_dose_0.01_gradient_0_VconcST_0.04_Vconc_7.2_run_0.csv,1200.0,0.01,0,7.2,0.04,7.2,0,17.25,2.65891,0.0176973,0.00103556,2.65891,0.0,0.249369,10000.0
1200_dose_0.01_gradient_0_VconcST_0.04_Vconc_7.2_run_0.csv,1200.0,0.01,0,7.2,0.04,7.2,0,17.5,2.73052,0.0173465,0.00106345,2.73052,0.0,0.254381,648.139
1200_dose_0.01_gradient_0_VconcST_0.04_Vconc_7.2_run_0.csv,1200.0,0.01,0,7.2,0.04,7.2,0,17.75,2.80024,0.0170028,0.00109061,2.80024,0.0,0.259197,10000.0
1200_dose_0.01_gradient_0_VconcST_0.04_Vconc_7.2_run_0.csv,1200.0,0.01,0,7.2,0.04,7.2,0,18.0,2.8681,0.0166657,0.00111704,2.8681,0.0,0.263825,640.437
1200_dose_0.01_gradient_0_VconcST_0.04_Vconc_7.2_run_0.csv,1200.0,0.01,0,7.2,0.04,7.2,0,18.25,2.93415,0.0163354,0.00114276,2.93415,0.0,0.268275,10000.0
1200_dose_0.01_gradient_0_VconcST_0.04_Vconc_7.2_run_0.csv,1200.0,0.01,0,7.2,0.04,7.2,0,18.5,2.99843,0.0160117,0.0011678,2.99843,0.0,0.272553,617.672
1200_dose_0.01_gradient_0_VconcST_0.04_Vconc_7.2_run_0.csv,1200.0,0.01,0,7.2,0.04,7.2,0,18.75,3.06097,0.0156944,0.00119215,3.06097,0.0,0.276669,10000.0
1200_dose_0.01_gradient_0_VconcST_0.04_Vconc_7.2_run_0.csv,1200.0,0.01,0,7.2,0.04,7.2,0,19.0,3.1218,0.0153833,0.00121585,3.1218,0.0,0.280627,626.467
1200_dose_0.01_gradient_0_VconcST_0.04_Vconc_7.2_run_0.csv,1200.0,0.01,0,7.2,0.04,7.2,0,19.25,3.18097,0.0150784,0.00123889,3.18097,0.0,0.284437,10000.0
1200_dose_0.01_gradient_0_VconcST_0.04_Vconc_7.2_run_0.csv,1200.0,0.01,0,7.2,0.04,7.2,0,19.5,3.23851,0.0147796,0.0012613,3.23851,0.0,0.288102,625.607
1200_dose_0.01_gradient_0_VconcST_0.04_Vconc_7.2_run_0.csv,1200.0,0.01,0,7.2,0.04,7.2,0,19.75,3.29445,0.0144867,0.00128309,3.29445,0.0,0.29163,10000.0
1200_dose_0.01_gradient_0_VconcST_0.04_Vconc_7.2_run_0.csv,1200.0,0.01,0,7.2,0.04,7.2,0,20.0,3.34961,0.0241996,0.00130457,3.34961,0.0,0.295026,593.753
1200_dose_0.01_gradient_0_VconcST_0.04_Vconc_7.2_run_0.csv,1200.0,0.01,0,7.2,0.04,7.2,0,20.25,3.44861,0.02372,0.00134313,3.44861,0.0,0.301126,10000.0
1200_dose_0.01_gradient_0_VconcST_0.04_Vconc_7.2_run_0.csv,1200.0,0.01,0,7.2,0.04,7.2,0,20.5,3.54502,0.0232499,0.00138068,3.54502,0.0,0.306965,603.555
1200_dose_0.01_gradient_0_VconcST_0.04_Vconc_7.2_run_0.csv,1200.0,0.01,0,7.2,0.04,7.2,0,20.75,3.63889,0.0227891,0.00141724,3.63889,0.0,0.312558,10000.0
1200_dose_0.01_gradient_0_VconcST_0.04_Vconc_7.2_run_0.csv,1200.0,0.01,0,7.2,0.04,7.2,0,21.0,3.73029,0.0223374,0.00145283,3.73029,0.0,0.317917,578.383
1200_dose_0.01_gradient_0_VconcST_0.04_Vconc_7.2_run_0.csv,1200.0,0.01,0,7.2,0.04,7.2,0,21.25,3.81925,0.0218947,0.00148748,3.81925,0.0,0.323054,10000.0
1200_dose_0.01_gradient_0_VconcST_0.04_Vconc_7.2_run_0.csv,1200.0,0.01,0,7.2,0.04,7.2,0,21.5,3.90583,0.0214608,0.0015212,3.90583,0.0,0.32798,582.834
1200_dose_0.01_gradient_0_VconcST_0.04_Vconc_7.2_run_0.csv,1200.0,0.01,0,7.2,0.04,7.2,0,21.75,3.99008,0.0210355,0.00155401,3.99008,0.0,0.332705,10000.0
1200_dose_0.01_gradient_0_VconcST_0.04_Vconc_7.2_run_0.csv,1200.0,0.01,0,7.2,0.04,7.2,0,22.0,4.07205,0.0206186,0.00158594,4.07205,0.0,0.337238,567.003
1200_dose_0.01_gradient_0_VconcST_0.04_Vconc_7.2_run_0.csv,1200.0,0.01,0,7.2,0.04,7.2,0,22.25,4.15178,0.0202099,0.00161699,4.15178,0.0,0.341589,10000.0
1200_dose_0.01_gradient_0_VconcST_0.04_Vconc_7.2_run_0.csv,1200.0,0.01,0,7.2,0.04,7.2,0,22.5,4.22932,0.0198094,0.00164719,4.22932,0.0,0.345766,538.476
1200_dose_0.01_gradient_0_VconcST_0.04_Vconc_7.2_run_0.csv,1200.0,0.01,0,7.2,0.04,7.2,0,22.75,4.30472,0.0194168,0.00167656,4.30472,0.0,0.349778,10000.0
1200_dose_0.01_gradient_0_VconcST_0.04_Vconc_7.2_run_0.csv,1200.0,0.01,0,7.2,0.04,7.2,0,23.0,4.37803,0.019032,0.00170511,4.37803,0.0,0.353631,564.366
1200_dose_0.01_gradient_0_VconcST_0.04_Vconc_7.2_run_0.csv,1200.0,0.01,0,7.2,0.04,7.2,0,23.25,4.44928,0.0186548,0.00173286,4.44928,0.0,0.357332,10000.0
1200_dose_0.01_gradient_0_VconcST_0.04_Vconc_7.2_run_0.csv,1200.0,0.01,0,7.2,0.04,7.2,0,23.5,4.51852,0.0182851,0.00175982,4.51852,0.0,0.360889,531.971
1200_dose_0.01_gradient_0_VconcST_0.04_Vconc_7.2_run_0.csv,1200.0,0.01,0,7.2,0.04,7.2,0,23.75,4.58578,0.0179227,0.00178602,4.58578,0.0,0.364306,10000.0
1200_dose_0.01_gradient_0_VconcST_0.04_Vconc_7.2_run_0.csv,1200.0,0.01,0,7.2,0.04,7.2,0,24.0,4.65112,0.0175675,0.00181147,4.65112,0.0,0.367591,557.59
1200_dose_0.01_gradient_0_VconcST_0.04_Vconc_7.2_run_0.csv,1200.0,0.01,0,7.2,0.04,7.2,0,24.25,4.71458,0.0172193,0.00183618,4.71458,0.0,0.370749,10000.0
1200_dose_0.01_gradient_0_VconcST_0.04_Vconc_7.2_run_0.csv,1200.0,0.01,0,7.2,0.04,7.2,0,24.5,4.77618,0.016878,0.00186017,4.77618,0.0,0.373785,530.93
1200_dose_0.01_gradient_0_VconcST_0.04_Vconc_7.2_run_0.csv,1200.0,0.01,0,7.2,0.04,7.2,0,24.75,4.83598,0.0165435,0.00188346,4.83598,0.0,0.376704,10000.0
1200_dose_0.01_gradient_0_VconcST_0.04_Vconc_7.2_run_0.csv,1200.0,0.01,0,7.2,0.04,7.2,0,25.0,4.89478,0.0262156,0.00190637,4.89478,0.0,0.379511,535.167
1200_dose_0.01_gradient_0_VconcST_0.04_Vconc_7.2_run_0.csv,1200.0,0.01,0,7.2,0.04,7.2,0,25.25,4.99723,0.025696,0.00194627,4.99723,0.0,0.384404,10000.0
1200_dose_0.01_gradient_0_VconcST_0.04_Vconc_7.2_run_0.csv,1200.0,0.01,0,7.2,0.04,7.2,0,25.5,5.09689,0.0251868,0.00198508,5.09689,0.0,0.389092,523.293
1200_dose_0.01_gradient_0_VconcST_0.04_Vconc_7.2_run_0.csv,1200.0,0.01,0,7.2,0.04,7.2,0,25.75,5.19382,0.0246876,0.00202283,5.19382,0.0,0.393582,10000.0
1200_dose_0.01_gradient_0_VconcST_0.04_Vconc_7.2_run_0.csv,1200.0,0.01,0,7.2,0.04,7.2,0,26.0,5.28808,0.0241983,0.00205954,5.28808,0.0,0.397887,508.925
1200_dose_0.01_gradient_0_VconcST_0.04_Vconc_7.2_run_0.csv,1200.0,0.01,0,7.2,0.04,7.2,0,26.25,5.37973,0.0237187,0.00209524,5.37973,0.0,0.402013,10000.0
1200_dose_0.01_gradient_0_VconcST_0.04_Vconc_7.2_run_0.csv,1200.0,0.01,0,7.2,0.04,7.2,0,26.5,5.46881,0.0232487,0.00212993,5.46881,0.0,0.405971,467.963
1200_dose_0.01_gradient_0_VconcST_0.04_Vconc_7.2_run_0.csv,1200.0,0.01,0,7.2,0.04,7.2,0,26.75,5.55539,0.0227879,0.00216365,5.55539,0.0,0.409767,10000.0
1200_dose_0.01_gradient_0_VconcST_0.04_Vconc_7.2_run_0.csv,1200.0,0.01,0,7.2,0.04,7.2,0,27.0,5.63951,0.0223363,0.00219641,5.63951,0.0,0.413409,514.078
1200_dose_0.01_gradient_0_VconcST_0.04_Vconc_7.2_run_0.csv,1200.0,0.01,0,7.2,0.04,7.2,0,27.25,5.72122,0.0218936,0.00222824,5.72122,0.0,0.416904,10000.0
1200_dose_0.01_gradient_0_VconcST_0.04_Vconc_7.2_run_0.csv,1200.0,0.01,0,7.2,0.04,7.2,0,27.5,5.80059,0.0214597,0.00225915,5.80059,0.0,0.42026,486.209
1200_dose_0.01_gradient_0_VconcST_0.04_Vconc_7.2_run_0.csv,1200.0,0.01,0,7.2,0.04,7.2,0,27.75,5.87765,0.0210344,0.00228916,5.87765,0.0,0.423481,10000.0
1200_dose_0.01_gradient_0_VconcST_0.04_Vconc_7.2_run_0.csv,1200.0,0.01,0,7.2,0.04,7.2,0,28.0,5.95245,0.0206175,0.0023183,5.95245,0.0,0.426574,443.691
1200_dose_0.01_gradient_0_VconcST_0.04_Vconc_7.2_run_0.csv,1200.0,0.01,0,7.2,0.04,7.2,0,28.25,6.02505,0.0202089,0.00234657,6.02505,0.0,0.429544,10000.0
1200_dose_0.01_gradient_0_VconcST_0.04_Vconc_7.2_run_0.csv,1200.0,0.01,0,7.2,0.04,7.2,0,28.5,6.09548,0.0198084,0.002374,6.09548,0.0,0.432396,479.218
1200_dose_0.01_gradient_0_VconcST_0.04_Vconc_7.2_run_0.csv,1200.0,0.01,0,7.2,0.04,7.2,0,28.75,6.1638,0.0194158,0.00240061,6.1638,0.0,0.435135,10000.0
1200_dose_0.01_gradient_0_VconcST_0.04_Vconc_7.2_run_0.csv,1200.0,0.01,0,7.2,0.04,7.2,0,29.0,6.23005,0.019031,0.00242641,6.23005,0.0,0.437767,455.107
1200_dose_0.01_gradient_0_VconcST_0.04_Vconc_7.2_run_0.csv,1200.0,0.01,0,7.2,0.04,7.2,0,29.25,6.29427,0.0186538,0.00245142,6.29427,0.0,0.440294,10000.0
1200_dose_0.01_gradient_0_VconcST_0.04_Vconc_7.2_run_0.csv,1200.0,0.01,0,7.2,0.04,7.2,0,29.5,6.35651,0.0182841,0.00247566,6.35651,0.0,0.442722,425.875
1200_dose_0.01_gradient_0_VconcST_0.04_Vconc_7.2_run_0.csv,1200.0,0.01,0,7.2,0.04,7.2,0,29.75,6.4168,0.0179218,0.00249915,6.4168,0.0,0.445054,10000.0
1200_dose_0.01_gradient_0_VconcST_0.04_Vconc_7.2_run_0.csv,1200.0,0.01,0,7.2,0.04,7.2,0,30.0,6.47597,0.0275666,0.00252219,6.47597,0.0,0.447294,448.901
1200_dose_0.01_gradient_0_VconcST_0.04_Vconc_7.2_run_0.csv,1200.0,0.01,0,7.2,0.04,7.2,0,30.25,6.57866,0.0270202,0.00256218,6.57866,0.0,0.451189,10000.0
1200_dose_0.01_gradient_0_VconcST_0.04_Vconc_7.2_run_0.csv,1200.0,0.01,0,7.2,0.04,7.2,0,30.5,6.67844,0.0264847,0.00260105,6.67844,0.0,0.454922,450.394
1200_dose_0.01_gradient_0_VconcST_0.04_Vconc_7.2_run_0.csv,1200.0,0.01,0,7.2,0.04,7.2,0,30.75,6.77537,0.0259598,0.00263879,6.77537,0.0,0.4585,10000.0
1200_dose_0.01_gradient_0_VconcST_0.04_Vconc_7.2_run_0.csv,1200.0,0.01,0,7.2,0.04,7.2,0,31.0,6.8695,0.0254453,0.00267546,6.8695,0.0,0.46193,384.465
1200_dose_0.01_gradient_0_VconcST_0.04_Vconc_7.2_run_0.csv,1200.0,0.01,0,7.2,0.04,7.2,0,31.25,6.96091,0.024941,0.00271106,6.96091,0.0,0.465219,10000.0
1200_dose_0.01_gradient_0_VconcST_0.04_Vconc_7.2_run_0.csv,1200.0,0.01,0,7.2,0.04,7.2,0,31.5,7.04964,0.0244467,0.00274562,7.04964,0.0,0.468374,424.009
1200_dose_0.01_gradient_0_VconcST_0.04_Vconc_7.2_run_0.csv,1200.0,0.01,0,7.2,0.04,7.2,0,31.75,7.13575,0.0239622,0.00277915,7.13575,0.0,0.471401,10000.0
1200_dose_0.01_gradient_0_VconcST_0.04_Vconc_7.2_run_0.csv,1200.0,0.01,0,7.2,0.04,7.2,0,32.0,7.2193,0.0234873,0.00281169,7.2193,0.0,0.474304,415.099
1200_dose_0.01_gradient_0_VconcST_0.04_Vconc_7.2_run_0.csv,1200.0,0.01,0,7.2,0.04,7.2,0,32.25,7.30034,0.0230218,0.00284326,7.30034,0.0,0.47709,9925.56
1200_dose_0.01_gradient_0_VconcST_0.04_Vconc_7.2_run_0.csv,1200.0,0.01,0,7.2,0.04,7.2,0,32.5,7.37893,0.0225656,0.00287386,7.37893,0.0,0.479764,388.843
1200_dose_0.01_gradient_0_VconcST_0.04_Vconc_7.2_run_0.csv,1200.0,0.01,0,7.2,0.04,7.2,0,32.75,7.45511,0.0221183,0.00290353,7.45511,0.0,0.48233,10000.0
1200_dose_0.01_gradient_0_VconcST_0.04_Vconc_7.2_run_0.csv,1200.0,0.01,0,7.2,0.04,7.2,0,33.0,7.52894,0.02168,0.00293229,7.52894,0.0,0.484793,400.598
1200_dose_0.01_gradient_0_VconcST_0.04_Vconc_7.2_run_0.csv,1200.0,0.01,0,7.2,0.04,7.2,0,33.25,7.60046,0.0212503,0.00296014,7.60046,0.0,0.487156,10000.0
1200_dose_0.01_gradient_0_VconcST_0.04_Vconc_7.2_run_0.csv,1200.0,0.01,0,7.2,0.04,7.2,0,33.5,7.66973,0.0208291,0.00298712,7.66973,0.0,0.489424,400.312
1200_dose_0.01_gradient_0_VconcST_0.04_Vconc_7.2_run_0.csv,1200.0,0.01,0,7.2,0.04,7.2,0,33.75,7.73679,0.0204163,0.00301324,7.73679,0.0,0.491602,9769.16
1200_dose_0.01_gradient_0_VconcST_0.04_Vconc_7.2_run_0.csv,1200.0,0.01,0,7.2,0.04,7.2,0,34.0,7.80169,0.0200117,0.00303852,7.80169,0.0,0.493691,373.491
1200_dose_0.01_gradient_0_VconcST_0.04_Vconc_7.2_run_0.csv,1200.0,0.01,0,7.2,0.04,7.2,0,34.25,7.86448,0.0196151,0.00306297,7.86448,0.0,0.495696,9234.17
1200_dose_0.01_gradient_0_VconcST_0.04_Vconc_7.2_run_0.csv,1200.0,0.01,0,7.2,0.04,7.2,0,34.5,7.9252,0.0192263,0.00308662,7.9252,0.0,0.49762,384.652
1200_dose_0.01_gradient_0_VconcST_0.04_Vconc_7.2_run_0.csv,1200.0,0.01,0,7.2,0.04,7.2,0,34.75,7.9839,0.0188453,0.00310948,7.9839,0.0,0.499466,9595.59
1200_dose_0.01_gradient_0_VconcST_0.04_Vconc_7.2_run_0.csv,1200.0,0.01,0,7.2,0.04,7.2,0,35.0,8.04139,0.0284718,0.00313187,8.04139,0.0,0.501237,381.338
1200_dose_0.01_gradient_0_VconcST_0.04_Vconc_7.2_run_0.csv,1200.0,0.01,0,7.2,0.04,7.2,0,35.25,8.14232,0.0279075,0.00317118,8.14232,0.0,0.504357,9606.89
1200_dose_0.01_gradient_0_VconcST_0.04_Vconc_7.2_run_0.csv,1200.0,0.01,0,7.2,0.04,7.2,0,35.5,8.24026,0.0273544,0.00320933,8.24026,0.0,0.507348,335.795
1200_dose_0.01_gradient_0_VconcST_0.04_Vconc_7.2_run_0.csv,1200.0,0.01,0,7.2,0.04,7.2,0,35.75,8.33528,0.0268123,0.00324633,8.33528,0.0,0.510216,9978.67
1200_dose_0.01_gradient_0_VconcST_0.04_Vconc_7.2_run_0.csv,1200.0,0.01,0,7.2,0.04,7.2,0,36.0,8.42744,0.0262809,0.00328223,8.42744,0.0,0.512965,362.67
1200_dose_0.01_gradient_0_VconcST_0.04_Vconc_7.2_run_0.csv,1200.0,0.01,0,7.2,0.04,7.2,0,36.25,8.51679,0.0257601,0.00331703,8.51679,0.0,0.515601,9714.4
1200_dose_0.01_gradient_0_VconcST_0.04_Vconc_7.2_run_0.csv,1200.0,0.01,0,7.2,0.04,7.2,0,36.5,8.6034,0.0252495,0.00335076,8.6034,0.0,0.51813,339.744
1200_dose_0.01_gradient_0_VconcST_0.04_Vconc_7.2_run_0.csv,1200.0,0.01,0,7.2,0.04,7.2,0,36.75,8.68733,0.0247491,0.00338345,8.68733,0.0,0.520555,9505.21
1200_dose_0.01_gradient_0_VconcST_0.04_Vconc_7.2_run_0.csv,1200.0,0.01,0,7.2,0.04,7.2,0,37.0,8.76863,0.0242586,0.00341511,8.76863,0.0,0.522881,327.25
1200_dose_0.01_gradient_0_VconcST_0.04_Vconc_7.2_run_0.csv,1200.0,0.01,0,7.2,0.04,7.2,0,37.25,8.84735,0.0237778,0.00344577,8.84735,0.0,0.525111,9489.92
1200_dose_0.01_gradient_0_VconcST_0.04_Vconc_7.2_run_0.csv,1200.0,0.01,0,7.2,0.04,7.2,0,37.5,8.92356,0.0233066,0.00347545,8.92356,0.0,0.527251,322.489
1200_dose_0.01_gradient_0_VconcST_0.04_Vconc_7.2_run_0.csv,1200.0,0.01,0,7.2,0.04,7.2,0,37.75,8.99729,0.0228447,0.00350417,8.99729,0.0,0.529303,9624.79
1200_dose_0.01_gradient_0_VconcST_0.04_Vconc_7.2_run_0.csv,1200.0,0.01,0,7.2,0.04,7.2,0,38.0,9.06863,0.0223919,0.00353195,9.06863,0.0,0.531272,327.063
1200_dose_0.01_gradient_0_VconcST_0.04_Vconc_7.2_run_0.csv,1200.0,0.01,0,7.2,0.04,7.2,0,38.25,9.1376,0.0219481,0.00355881,9.1376,0.0,0.533159,9080.21
1200_dose_0.01_gradient_0_VconcST_0.04_Vconc_7.2_run_0.csv,1200.0,0.01,0,7.2,0.04,7.2,0,38.5,9.20426,0.0215132,0.00358478,9.20426,0.0,0.534969,333.873
1200_dose_0.01_gradient_0_VconcST_0.04_Vconc_7.2_run_0.csv,1200.0,0.01,0,7.2,0.04,7.2,0,38.75,9.26866,0.0210868,0.00360986,9.26866,0.0,0.536705,8410.14
1200_dose_0.01_gradient_0_VconcST_0.04_Vconc_7.2_run_0.csv,1200.0,0.01,0,7.2,0.04,7.2,0,39.0,9.33085,0.0206689,0.00363408,9.33085,0.0,0.538368,321.113
1200_dose_0.01_gradient_0_VconcST_0.04_Vconc_7.2_run_0.csv,1200.0,0.01,0,7.2,0.04,7.2,0,39.25,9.39087,0.0202592,0.00365745,9.39087,0.0,0.539963,8729.95
1200_dose_0.01_gradient_0_VconcST_0.04_Vconc_7.2_run_0.csv,1200.0,0.01,0,7.2,0.04,7.2,0,39.5,9.44878,0.0198577,0.00368001,9.44878,0.0,0.54149,332.305
1200_dose_0.01_gradient_0_VconcST_0.04_Vconc_7.2_run_0.csv,1200.0,0.01,0,7.2,0.04,7.2,0,39.75,9.50461,0.0194642,0.00370175,9.50461,0.0,0.542954,8729.33
1200_dose_0.01_gradient_0_VconcST_0.04_Vconc_7.2_run_0.csv,1200.0,0.01,0,7.2,0.04,7.2,0,40.0,9.55919,0.0290784,0.00372301,9.55919,0.0,0.544355,307.26
1200_dose_0.01_gradient_0_VconcST_0.04_Vconc_7.2_run_0.csv,1200.0,0.01,0,7.2,0.04,7.2,0,40.25,9.65717,0.0285021,0.00376117,9.65717,0.0,0.546885,8647.75
1200_dose_0.01_gradient_0_VconcST_0.04_Vconc_7.2_run_0.csv,1200.0,0.01,0,7.2,0.04,7.2,0,40.5,9.75211,0.0279372,0.00379815,9.75211,0.0,0.54931,299.244
1200_dose_0.01_gradient_0_VconcST_0.04_Vconc_7.2_run_0.csv,1200.0,0.01,0,7.2,0.04,7.2,0,40.75,9.84409,0.0273835,0.00383397,9.84409,0.0,0.551634,8807.21
1200_dose_0.01_gradient_0_VconcST_0.04_Vconc_7.2_run_0.csv,1200.0,0.01,0,7.2,0.04,7.2,0,41.0,9.93316,0.0268408,0.00386866,9.93316,0.0,0.553863,316.91
1200_dose_0.01_gradient_0_VconcST_0.04_Vconc_7.2_run_0.csv,1200.0,0.01,0,7.2,0.04,7.2,0,41.25,10.0194,0.0263089,0.00390224,10.0194,0.0,0.555999,8652.46
1200_dose_0.01_gradient_0_VconcST_0.04_Vconc_7.2_run_0.csv,1200.0,0.01,0,7.2,0.04,7.2,0,41.5,10.1028,0.0257875,0.00393474,10.1028,0.0,0.558047,299.134
1200_dose_0.01_gradient_0_VconcST_0.04_Vconc_7.2_run_0.csv,1200.0,0.01,0,7.2,0.04,7.2,0,41.75,10.1836,0.0252764,0.00396618,10.1836,0.0,0.56001,8660.57
1200_dose_0.01_gradient_0_VconcST_0.04_Vconc_7.2_run_0.csv,1200.0,0.01,0,7.2,0.04,7.2,0,42.0,10.2616,0.0247754,0.00399658,10.2616,0.0,0.561892,295.564
1200_dose_0.01_gradient_0_VconcST_0.04_Vconc_7.2_run_0.csv,1200.0,0.01,0,7.2,0.04,7.2,0,42.25,10.3371,0.0242844,0.00402597,10.3371,0.0,0.563696,8085.61
1200_dose_0.01_gradient_0_VconcST_0.04_Vconc_7.2_run_0.csv,1200.0,0.01,0,7.2,0.04,7.2,0,42.5,10.41,0.0238031,0.00405436,10.41,0.0,0.565425,282.201
1200_dose_0.01_gradient_0_VconcST_0.04_Vconc_7.2_run_0.csv,1200.0,0.01,0,7.2,0.04,7.2,0,42.75,10.4804,0.0233314,0.00408178,10.4804,0.0,0.567081,8207.84
1200_dose_0.01_gradient_0_VconcST_0.04_Vconc_7.2_run_0.csv,1200.0,0.01,0,7.2,0.04,7.2,0,43.0,10.5483,0.022869,0.00410824,10.5483,0.0,0.568668,277.15
1200_dose_0.01_gradient_0_VconcST_0.04_Vconc_7.2_run_0.csv,1200.0,0.01,0,7.2,0.04,7.2,0,43.25,10.6139,0.0224157,0.00413378,10.6139,0.0,0.570188,8115.02
1200_dose_0.01_gradient_0_VconcST_0.04_Vconc_7.2_run_0.csv,1200.0,0.01,0,7.2,0.04,7.2,0,43.5,10.6771,0.0219715,0.0041584,10.6771,0.0,0.571644,276.845
1200_dose_0.01_gradient_0_VconcST_0.04_Vconc_7.2_run_0.csv,1200.0,0.01,0,7.2,0.04,7.2,0,43.75,10.738,0.021536,0.00418213,10.738,0.0,0.573038,7797.55
1200_dose_0.01_gradient_0_VconcST_0.04_Vconc_7.2_run_0.csv,1200.0,0.01,0,7.2,0.04,7.2,0,44.0,10.7967,0.0211092,0.00420499,10.7967,0.0,0.574372,264.501
1200_dose_0.01_gradient_0_VconcST_0.04_Vconc_7.2_run_0.csv,1200.0,0.01,0,7.2,0.04,7.2,0,44.25,10.8532,0.0206909,0.00422699,10.8532,0.0,0.575648,8416.51
1200_dose_0.01_gradient_0_VconcST_0.04_Vconc_7.2_run_0.csv,1200.0,0.01,0,7.2,0.04,7.2,0,44.5,10.9076,0.0202808,0.00424816,10.9076,0.0,0.576869,267.166
1200_dose_0.01_gradient_0_VconcST_0.04_Vconc_7.2_run_0.csv,1200.0,0.01,0,7.2,0.04,7.2,0,44.75,10.9598,0.0198788,0.00426851,10.9598,0.0,0.578036,7675.98
1200_dose_0.01_gradient_0_VconcST_0.04_Vconc_7.2_run_0.csv,1200.0,0.01,0,7.2,0.04,7.2,0,45.0,11.0108,0.0294849,0.00428837,11.0108,0.0,0.579151,266.085
1200_dose_0.01_gradient_0_VconcST_0.04_Vconc_7.2_run_0.csv,1200.0,0.01,0,7.2,0.04,7.2,0,45.25,11.1051,0.0289005,0.00432511,11.1051,0.0,0.581231,8022.58
1200_dose_0.01_gradient_0_VconcST_0.04_Vconc_7.2_run_0.csv,1200.0,0.01,0,7.2,0.04,7.2,0,45.5,11.1964,0.0283277,0.00436067,11.1964,0.0,0.583224,264.846
1200_dose_0.01_gradient_0_VconcST_0.04_Vconc_7.2_run_0.csv,1200.0,0.01,0,7.2,0.04,7.2,0,45.75,11.2847,0.0277663,0.00439506,11.2847,0.0,0.585133,7540.31
1200_dose_0.01_gradient_0_VconcST_0.04_Vconc_7.2_run_0.csv,1200.0,0.01,0,7.2,0.04,7.2,0,46.0,11.3701,0.027216,0.00442831,11.3701,0.0,0.586963,274.048
1200_dose_0.01_gradient_0_VconcST_0.04_Vconc_7.2_run_0.csv,1200.0,0.01,0,7.2,0.04,7.2,0,46.25,11.4526,0.0266766,0.00446044,11.4526,0.0,0.588716,7596.3
1200_dose_0.01_gradient_0_VconcST_0.04_Vconc_7.2_run_0.csv,1200.0,0.01,0,7.2,0.04,7.2,0,46.5,11.5323,0.0261479,0.00449149,11.5323,0.0,0.590395,250.005
1200_dose_0.01_gradient_0_VconcST_0.04_Vconc_7.2_run_0.csv,1200.0,0.01,0,7.2,0.04,7.2,0,46.75,11.6093,0.0256297,0.00452146,11.6093,0.0,0.592004,7461.73
1200_dose_0.01_gradient_0_VconcST_0.04_Vconc_7.2_run_0.csv,1200.0,0.01,0,7.2,0.04,7.2,0,47.0,11.6836,0.0251217,0.0045504,11.6836,0.0,0.593545,242.474
1200_dose_0.01_gradient_0_VconcST_0.04_Vconc_7.2_run_0.csv,1200.0,0.01,0,7.2,0.04,7.2,0,47.25,11.7552,0.0246239,0.0045783,11.7552,0.0,0.59502,7141.2
1200_dose_0.01_gradient_0_VconcST_0.04_Vconc_7.2_run_0.csv,1200.0,0.01,0,7.2,0.04,7.2,0,47.5,11.8243,0.0241358,0.00460521,11.8243,0.0,0.596432,247.078
1200_dose_0.01_gradient_0_VconcST_0.04_Vconc_7.2_run_0.csv,1200.0,0.01,0,7.2,0.04,7.2,0,47.75,11.8909,0.0236575,0.00463114,11.8909,0.0,0.597784,7107.27
1200_dose_0.01_gradient_0_VconcST_0.04_Vconc_7.2_run_0.csv,1200.0,0.01,0,7.2,0.04,7.2,0,48.0,11.955,0.0231886,0.00465611,11.955,0.0,0.599077,246.69
1200_dose_0.01_gradient_0_VconcST_0.04_Vconc_7.2_run_0.csv,1200.0,0.01,0,7.2,0.04,7.2,0,48.25,12.0167,0.0227291,0.00468014,12.0167,0.0,0.600314,7471.34
1200_dose_0.01_gradient_0_VconcST_0.04_Vconc_7.2_run_0.csv,1200.0,0.01,0,7.2,0.04,7.2,0,48.5,12.0761,0.0222786,0.00470326,12.0761,0.0,0.601497,243.612
1200_dose_0.01_gradient_0_VconcST_0.04_Vconc_7.2_run_0.csv,1200.0,0.01,0,7.2,0.04,7.2,0,48.75,12.1331,0.0218371,0.00472548,12.1331,0.0,0.602626,7087.42
1200_dose_0.01_gradient_0_VconcST_0.04_Vconc_7.2_run_0.csv,1200.0,0.01,0,7.2,0.04,7.2,0,49.0,12.1879,0.0214043,0.00474681,12.1879,0.0,0.603706,241.808
1200_dose_0.01_gradient_0_VconcST_0.04_Vconc_7.2_run_0.csv,1200.0,0.01,0,7.2,0.04,7.2,0,49.25,12.2405,0.0209801,0.00476729,12.2405,0.00117188,0.604736,6645.71
1200_dose_0.01_gradient_0_VconcST_0.04_Vconc_7.2_run_0.csv,1200.0,0.01,0,7.2,0.04,7.2,0,49.5,12.2909,0.0205643,0.00478693,12.2909,0.0,0.605719,246.615
1200_dose_0.01_gradient_0_VconcST_0.04_Vconc_7.2_run_0.csv,1200.0,0.01,0,7.2,0.04,7.2,0,49.75,12.3392,0.0201567,0.00480575,12.3392,0.0,0.606656,7078.5
1200_dose_0.01_gradient_0_VconcST_0.04_Vconc_7.2_run_0.csv,1200.0,0.01,0,7.2,0.04,7.2,0,50.0,12.3863,0.0297572,0.00482407,12.3863,0.0,0.60755,241.369
1200_dose_0.01_gradient_0_VconcST_0.04_Vconc_7.2_run_0.csv,1200.0,0.01,0,7.2,0.04,7.2,0,50.25,12.4767,0.0291675,0.00485927,12.4767,0.0,0.609283,7099.21
1200_dose_0.01_gradient_0_VconcST_0.04_Vconc_7.2_run_0.csv,1200.0,0.01,0,7.2,0.04,7.2,0,50.5,12.564,0.0285894,0.00489328,12.564,0.0,0.610943,231.096
1200_dose_0.01_gradient_0_VconcST_0.04_Vconc_7.2_run_0.csv,1200.0,0.01,0,7.2,0.04,7.2,0,50.75,12.6483,0.0280228,0.00492612,12.6483,0.0,0.612533,7052.86
1200_dose_0.01_gradient_0_VconcST_0.04_Vconc_7.2_run_0.csv,1200.0,0.01,0,7.2,0.04,7.2,0,51.0,12.7297,0.0274674,0.00495782,12.7297,0.0,0.614055,219.041
1200_dose_0.01_gradient_0_VconcST_0.04_Vconc_7.2_run_0.csv,1200.0,0.01,0,7.2,0.04,7.2,0,51.25,12.8082,0.026923,0.0049884,12.8082,0.0,0.615513,6807.34
1200_dose_0.01_gradient_0_VconcST_0.04_Vconc_7.2_run_0.csv,1200.0,0.01,0,7.2,0.04,7.2,0,51.5,12.8839,0.0263895,0.00501789,12.8839,0.0,0.616907,219.242
1200_dose_0.01_gradient_0_VconcST_0.04_Vconc_7.2_run_0.csv,1200.0,0.01,0,7.2,0.04,7.2,0,51.75,12.9569,0.0258665,0.0050463,12.9569,0.0,0.618242,6853.85
1200_dose_0.01_gradient_0_VconcST_0.04_Vconc_7.2_run_0.csv,1200.0,0.01,0,7.2,0.04,7.2,0,52.0,13.0271,0.0253538,0.00507367,13.0271,0.0,0.619519,226.305
1200_dose_0.01_gradient_0_VconcST_0.04_Vconc_7.2_run_0.csv,1200.0,0.01,0,7.2,0.04,7.2,0,52.25,13.0948,0.0248513,0.00510001,13.0948,0.0,0.620739,6547.15
1200_dose_0.01_gradient_0_VconcST_0.04_Vconc_7.2_run_0.csv,1200.0,0.01,0,7.2,0.04,7.2,0,52.5,13.1598,0.0243588,0.00512535,13.1598,0.0,0.621906,214.121
1200_dose_0.01_gradient_0_VconcST_0.04_Vconc_7.2_run_0.csv,1200.0,0.01,0,7.2,0.04,7.2,0,52.75,13.2224,0.023876,0.0051497,13.2224,0.0,0.623021,6640.68
1200_dose_0.01_gradient_0_VconcST_0.04_Vconc_7.2_run_0.csv,1200.0,0.01,0,7.2,0.04,7.2,0,53.0,13.2824,0.0234029,0.0051731,13.2824,0.0,0.624086,221.493
1200_dose_0.01_gradient_0_VconcST_0.04_Vconc_7.2_run_0.csv,1200.0,0.01,0,7.2,0.04,7.2,0,53.25,13.3401,0.022939,0.00519556,13.3401,0.0,0.625102,6416.29
1200_dose_0.01_gradient_0_VconcST_0.04_Vconc_7.2_run_0.csv,1200.0,0.01,0,7.2,0.04,7.2,0,53.5,13.3954,0.0224844,0.00521709,13.3954,0.0,0.626072,220.221
1200_dose_0.01_gradient_0_VconcST_0.04_Vconc_7.2_run_0.csv,1200.0,0.01,0,7.2,0.04,7.2,0,53.75,13.4484,0.0220388,0.00523773,13.4484,0.0,0.626997,6624.66
1200_dose_0.01_gradient_0_VconcST_0.04_Vconc_7.2_run_0.csv,1200.0,0.01,0,7.2,0.04,7.2,0,54.0,13.4991,0.021602,0.00525749,13.4991,0.0,0.627877,225.084
1200_dose_0.01_gradient_0_VconcST_0.04_Vconc_7.2_run_0.csv,1200.0,0.01,0,7.2,0.04,7.2,0,54.25,13.5476,0.0211739,0.00527639,13.5476,0.0,0.628716,6574.84
1200_dose_0.01_gradient_0_VconcST_0.04_Vconc_7.2_run_0.csv,1200.0,0.01,0,7.2,0.04,7.2,0,54.5,13.594,0.0207542,0.00529444,13.594,0.0,0.629514,214.801
1200_dose_0.01_gradient_0_VconcST_0.04_Vconc_7.2_run_0.csv,1200.0,0.01,0,7.2,0.04,7.2,0,54.75,13.6383,0.0203429,0.00531168,13.6383,0.0,0.630272,6697.18
1200_dose_0.01_gradient_0_VconcST_0.04_Vconc_7.2_run_0.csv,1200.0,0.01,0,7.2,0.04,7.2,0,55.0,13.6812,0.0299397,0.00532841,13.6812,0.0,0.630992,216.688
1200_dose_0.01_gradient_0_VconcST_0.04_Vconc_7.2_run_0.csv,1200.0,0.01,0,7.2,0.04,7.2,0,55.25,13.7675,0.0293464,0.00536203,13.7675,0.0,0.632457,6586.02
1200_dose_0.01_gradient_0_VconcST_0.04_Vconc_7.2_run_0.csv,1200.0,0.01,0,7.2,0.04,7.2,0,55.5,13.8508,0.0287648,0.00539446,13.8508,0.0,0.633858,213.043
1200_dose_0.01_gradient_0_VconcST_0.04_Vconc_7.2_run_0.csv,1200.0,0.01,0,7.2,0.04,7.2,0,55.75,13.9311,0.0281947,0.00542571,13.9311,0.00164063,0.635199,6415.38
1200_dose_0.01_gradient_0_VconcST_0.04_Vconc_7.2_run_0.csv,1200.0,0.01,0,7.2,0.04,7.2,0,56.0,14.0084,0.0276359,0.00545583,14.0084,0.0,0.636481,210.814
1200_dose_0.01_gradient_0_VconcST_0.04_Vconc_7.2_run_0.csv,1200.0,0.01,0,7.2,0.04,7.2,0,56.25,14.0828,0.0270882,0.00548482,14.0828,0.0,0.637708,6438.48
1200_dose_0.01_gradient_0_VconcST_0.04_Vconc_7.2_run_0.csv,1200.0,0.01,0,7.2,0.04,7.2,0,56.5,14.1545,0.0265513,0.00551272,14.1545,0.0,0.63888,199.113
1200_dose_0.01_gradient_0_VconcST_0.04_Vconc_7.2_run_0.csv,1200.0,0.01,0,7.2,0.04,7.2,0,56.75,14.2233,0.0260251,0.00553955,14.2233,0.0,0.64,6116.93
1200_dose_0.01_gradient_0_VconcST_0.04_Vconc_7.2_run_0.csv,1200.0,0.01,0,7.2,0.04,7.2,0,57.0,14.2895,0.0255093,0.00556533,14.2895,0.0,0.64107,200.741
1200_dose_0.01_gradient_0_VconcST_0.04_Vconc_7.2_run_0.csv,1200.0,0.01,0,7.2,0.04,7.2,0,57.25,14.3531,0.0250038,0.00559009,14.3531,0.0,0.642091,6477.52
1200_dose_0.01_gradient_0_VconcST_0.04_Vconc_7.2_run_0.csv,1200.0,0.01,0,7.2,0.04,7.2,0,57.5,14.4141,0.0245082,0.00561384,14.4141,0.0,0.643066,205.271
1200_dose_0.01_gradient_0_VconcST_0.04_Vconc_7.2_run_0.csv,1200.0,0.01,0,7.2,0.04,7.2,0,57.75,14.4726,0.0240225,0.00563661,14.4726,0.0,0.643995,6064.61
1200_dose_0.01_gradient_0_VconcST_0.04_Vconc_7.2_run_0.csv,1200.0,0.01,0,7.2,0.04,7.2,0,58.0,14.5286,0.0235464,0.00565843,14.5286,0.0,0.644881,200.404
1200_dose_0.01_gradient_0_VconcST_0.04_Vconc_7.2_run_0.csv,1200.0,0.01,0,7.2,0.04,7.2,0,58.25,14.5822,0.0230797,0.0056793,14.5822,0.00152561,0.645724,6103.48
1200_dose_0.01_gradient_0_VconcST_0.04_Vconc_7.2_run_0.csv,1200.0,0.01,0,7.2,0.04,7.2,0,58.5,14.6334,0.0226223,0.00569927,14.6334,0.0,0.646527,195.98
1200_dose_0.01_gradient_0_VconcST_0.04_Vconc_7.2_run_0.csv,1200.0,0.01,0,7.2,0.04,7.2,0,58.75,14.6824,0.022174,0.00571832,14.6824,0.00136719,0.647291,6043.89
1200_dose_0.01_gradient_0_VconcST_0.04_Vconc_7.2_run_0.csv,1200.0,0.01,0,7.2,0.04,7.2,0,59.0,14.729,0.0217345,0.0057365,14.729,0.0,0.648016,184.578
1200_dose_0.01_gradient_0_VconcST_0.04_Vconc_7.2_run_0.csv,1200.0,0.01,0,7.2,0.04,7.2,0,59.25,14.7735,0.0213038,0.00575382,14.7735,0.0,0.648704,6153.35
1200_dose_0.01_gradient_0_VconcST_0.04_Vconc_7.2_run_0.csv,1200.0,0.01,0,7.2,0.04,7.2,0,59.5,14.8158,0.0208816,0.00577031,14.8158,0.0,0.649356,199.02
1200_dose_0.01_gradient_0_VconcST_0.04_Vconc_7.2_run_0.csv,1200.0,0.01,0,7.2,0.04,7.2,0,59.75,14.856,0.0204677,0.00578597,14.856,0.0,0.649973,6328.53
1200_dose_0.01_gradient_0_VconcST_0.04_Vconc_7.2_run_0.csv,1200.0,0.01,0,7.2,0.04,7.2,0,60.0,14.895,0.0300621,0.00580112,14.895,0.0,0.650557,201.822
1200_dose_0.01_gradient_0_VconcST_0.04_Vconc_7.2_run_0.csv,1200.0,0.01,0,7.2,0.04,7.2,0,60.25,14.9772,0.0294663,0.00583317,14.9772,0.0,0.651809,6080.54
1200_dose_0.01_gradient_0_VconcST_0.04_Vconc_7.2_run_0.csv,1200.0,0.01,0,7.2,0.04,7.2,0,60.5,15.0565,0.0288823,0.00586403,15.0565,0.0,0.653006,198.529
1200_dose_0.01_gradient_0_VconcST_0.04_Vconc_7.2_run_0.csv,1200.0,0.01,0,7.2,0.04,7.2,0,60.75,15.1327,0.0283099,0.00589371,15.1327,0.00117188,0.65415,6098.95
1200_dose_0.01_gradient_0_VconcST_0.04_Vconc_7.2_run_0.csv,1200.0,0.01,0,7.2,0.04,7.2,0,61.0,15.206,0.0277488,0.00592226,15.206,0.0,0.655243,198.648
1200_dose_0.01_gradient_0_VconcST_0.04_Vconc_7.2_run_0.csv,1200.0,0.01,0,7.2,0.04,7.2,0,61.25,15.2764,0.0271989,0.00594968,15.2764,0.000134549,0.656287,6092.32
1200_dose_0.01_gradient_0_VconcST_0.04_Vconc_7.2_run_0.csv,1200.0,0.01,0,7.2,0.04,7.2,0,61.5,15.344,0.0266598,0.00597602,15.344,0.0,0.657284,189.216
1200_dose_0.01_gradient_0_VconcST_0.04_Vconc_7.2_run_0.csv,1200.0,0.01,0,7.2,0.04,7.2,0,61.75,15.4089,0.0261314,0.00600129,15.4089,0.0,0.658234,6339.97
1200_dose_0.01_gradient_0_VconcST_0.04_Vconc_7.2_run_0.csv,1200.0,0.01,0,7.2,0.04,7.2,0,62.0,15.4711,0.0256135,0.00602551,15.4711,0.0,0.65914,191.739
1200_dose_0.01_gradient_0_VconcST_0.04_Vconc_7.2_run_0.csv,1200.0,0.01,0,7.2,0.04,7.2,0,62.25,15.5307,0.0251059,0.00604871,15.5307,0.0,0.660004,5548.56
1200_dose_0.01_gradient_0_VconcST_0.04_Vconc_5.6_run_0.csv,1200.0,0.01,0,5.6,0.04,5.6,0,0.0,0.0,0.0,0.0,0.0,0.0,0.0,0.0
1200_dose_0.01_gradient_0_VconcST_0.04_Vconc_5.6_run_0.csv,1200.0,0.01,0,5.6,0.04,5.6,0,0.25,0.0,0.0,0.0,0.0,0.0,0.0,10000.0
1200_dose_0.01_gradient_0_VconcST_0.04_Vconc_5.6_run_0.csv,1200.0,0.01,0,5.6,0.04,5.6,0,0.5,0.0,0.0,0.0,0.0,0.0,0.0,672.092
1200_dose_0.01_gradient_0_VconcST_0.04_Vconc_5.6_run_0.csv,1200.0,0.01,0,5.6,0.04,5.6,0,0.75,0.0,0.0,0.0,0.0,0.0,0.0,10000.0
1200_dose_0.01_gradient_0_VconcST_0.04_Vconc_5.6_run_0.csv,1200.0,0.01,0,5.6,0.04,5.6,0,1.0,0.0,0.0,0.0,0.0,0.0,0.0,656.64
1200_dose_0.01_gradient_0_VconcST_0.04_Vconc_5.6_run_0.csv,1200.0,0.01,0,5.6,0.04,5.6,0,1.25,0.0,0.0,0.0,0.0,0.0,0.0,10000.0
1200_dose_0.01_gradient_0_VconcST_0.04_Vconc_5.6_run_0.csv,1200.0,0.01,0,5.6,0.04,5.6,0,1.5,0.0,0.0,0.0,0.0,0.0,0.0,663.636
1200_dose_0.01_gradient_0_VconcST_0.04_Vconc_5.6_run_0.csv,1200.0,0.01,0,5.6,0.04,5.6,0,1.75,0.0,0.0,0.0,0.0,0.0,0.0,10000.0
1200_dose_0.01_gradient_0_VconcST_0.04_Vconc_5.6_run_0.csv,1200.0,0.01,0,5.6,0.04,5.6,0,2.0,0.0,0.0,0.0,0.0,0.0,0.0,657.425
1200_dose_0.01_gradient_0_VconcST_0.04_Vconc_5.6_run_0.csv,1200.0,0.01,0,5.6,0.04,5.6,0,2.25,0.0,0.0,0.0,0.0,0.0,0.0,10000.0
1200_dose_0.01_gradient_0_VconcST_0.04_Vconc_5.6_run_0.csv,1200.0,0.01,0,5.6,0.04,5.6,0,2.5,0.0,0.0,0.0,0.0,0.0,0.0,679.378
1200_dose_0.01_gradient_0_VconcST_0.04_Vconc_5.6_run_0.csv,1200.0,0.01,0,5.6,0.04,5.6,0,2.75,0.0,0.0,0.0,0.0,0.0,0.0,10000.0
1200_dose_0.01_gradient_0_VconcST_0.04_Vconc_5.6_run_0.csv,1200.0,0.01,0,5.6,0.04,5.6,0,3.0,0.0,0.0,0.0,0.0,0.0,0.0,669.577
1200_dose_0.01_gradient_0_VconcST_0.04_Vconc_5.6_run_0.csv,1200.0,0.01,0,5.6,0.04,5.6,0,3.25,0.0,0.0,0.0,0.0,0.0,0.0,10000.0
1200_dose_0.01_gradient_0_VconcST_0.04_Vconc_5.6_run_0.csv,1200.0,0.01,0,5.6,0.04,5.6,0,3.5,0.0,0.0,0.0,0.0,0.0,0.0,672.355
1200_dose_0.01_gradient_0_VconcST_0.04_Vconc_5.6_run_0.csv,1200.0,0.01,0,5.6,0.04,5.6,0,3.75,0.0,0.0,0.0,0.0,0.0,0.0,10000.0
1200_dose_0.01_gradient_0_VconcST_0.04_Vconc_5.6_run_0.csv,1200.0,0.01,0,5.6,0.04,5.6,0,4.0,0.0,0.0,0.0,0.0,0.0,0.0,667.536
1200_dose_0.01_gradient_0_VconcST_0.04_Vconc_5.6_run_0.csv,1200.0,0.01,0,5.6,0.04,5.6,0,4.25,0.0,0.0,0.0,0.0,0.0,0.0,10000.0
1200_dose_0.01_gradient_0_VconcST_0.04_Vconc_5.6_run_0.csv,1200.0,0.01,0,5.6,0.04,5.6,0,4.5,0.0,0.0,0.0,0.0,0.0,0.0,659.993
1200_dose_0.01_gradient_0_VconcST_0.04_Vconc_5.6_run_0.csv,1200.0,0.01,0,5.6,0.04,5.6,0,4.75,0.0,0.0,0.0,0.0,0.0,0.0,10000.0
1200_dose_0.01_gradient_0_VconcST_0.04_Vconc_5.6_run_0.csv,1200.0,0.01,0,5.6,0.04,5.6,0,5.0,0.000778625,0.01,3.0325e-07,0.000778625,0.0,0.0,666.874
1200_dose_0.01_gradient_0_VconcST_0.04_Vconc_5.6_run_0.csv,1200.0,0.01,0,5.6,0.04,5.6,0,5.25,0.0469344,0.00980181,1.82795e-05,0.0469344,0.0,0.00573865,10000.0
1200_dose_0.01_gradient_0_VconcST_0.04_Vconc_5.6_run_0.csv,1200.0,0.01,0,5.6,0.04,5.6,0,5.5,0.0920004,0.00960755,3.58313e-05,0.0920004,0.0,0.0112786,660.724
1200_dose_0.01_gradient_0_VconcST_0.04_Vconc_5.6_run_0.csv,1200.0,0.01,0,5.6,0.04,5.6,0,5.75,0.135999,0.00941714,5.29673e-05,0.135999,0.0,0.0166281,10000.0
1200_dose_0.01_gradient_0_VconcST_0.04_Vconc_5.6_run_0.csv,1200.0,0.01,0,5.6,0.04,5.6,0,6.0,0.178951,0.00923051,6.9696e-05,0.178951,0.0,0.0217949,677.782
1200_dose_0.01_gradient_0_VconcST_0.04_Vconc_5.6_run_0.csv,1200.0,0.01,0,5.6,0.04,5.6,0,6.25,0.22088,0.00904757,8.60258e-05,0.22088,0.0,0.0267864,10000.0
1200_dose_0.01_gradient_0_VconcST_0.04_Vconc_5.6_run_0.csv,1200.0,0.01,0,5.6,0.04,5.6,0,6.5,0.261805,0.00886825,0.000101965,0.261805,0.0,0.0316096,645.859
1200_dose_0.01_gradient_0_VconcST_0.04_Vconc_5.6_run_0.csv,1200.0,0.01,0,5.6,0.04,5.6,0,6.75,0.301747,0.00869249,0.000117521,0.301747,0.0,0.036271,10000.0
1200_dose_0.01_gradient_0_VconcST_0.04_Vconc_5.6_run_0.csv,1200.0,0.01,0,5.6,0.04,5.6,0,7.0,0.340726,0.00852022,0.000132702,0.340726,0.0,0.040777,630.503
1200_dose_0.01_gradient_0_VconcST_0.04_Vconc_5.6_run_0.csv,1200.0,0.01,0,5.6,0.04,5.6,0,7.25,0.378762,0.00835137,0.000147516,0.378762,0.0,0.0451337,10000.0
1200_dose_0.01_gradient_0_VconcST_0.04_Vconc_5.6_run_0.csv,1200.0,0.01,0,5.6,0.04,5.6,0,7.5,0.415875,0.00818586,0.00016197,0.415875,0.0,0.0493465,639.535
1200_dose_0.01_gradient_0_VconcST_0.04_Vconc_5.6_run_0.csv,1200.0,0.01,0,5.6,0.04,5.6,0,7.75,0.452083,0.00802362,0.000176072,0.452083,0.0,0.053421,10000.0
1200_dose_0.01_gradient_0_VconcST_0.04_Vconc_5.6_run_0.csv,1200.0,0.01,0,5.6,0.04,5.6,0,8.0,0.487405,0.0078646,0.000189829,0.487405,0.0,0.0573623,632.857
1200_dose_0.01_gradient_0_VconcST_0.04_Vconc_5.6_run_0.csv,1200.0,0.01,0,5.6,0.04,5.6,0,8.25,0.521859,0.00770874,0.000203248,0.521859,0.0,0.0611752,10000.0
1200_dose_0.01_gradient_0_VconcST_0.04_Vconc_5.6_run_0.csv,1200.0,0.01,0,5.6,0.04,5.6,0,8.5,0.555463,0.00755596,0.000216335,0.555463,0.0,0.0648644,630.521
1200_dose_0.01_gradient_0_VconcST_0.04_Vconc_5.6_run_0.csv,1200.0,0.01,0,5.6,0.04,5.6,0,8.75,0.588234,0.00740621,0.000229099,0.588234,0.0,0.0684345,10000.0
1200_dose_0.01_gradient_0_VconcST_0.04_Vconc_5.6_run_0.csv,1200.0,0.01,0,5.6,0.04,5.6,0,9.0,0.62019,0.00725943,0.000241545,0.62019,0.0,0.0718895,614.292
1200_dose_0.01_gradient_0_VconcST_0.04_Vconc_5.6_run_0.csv,1200.0,0.01,0,5.6,0.04,5.6,0,9.25,0.651347,0.00711555,0.000253679,0.651347,0.0,0.0752336,10000.0
1200_dose_0.01_gradient_0_VconcST_0.04_Vconc_5.6_run_0.csv,1200.0,0.01,0,5.6,0.04,5.6,0,9.5,0.681721,0.00697453,0.000265509,0.681721,0.0,0.0784707,609.352
1200_dose_0.01_gradient_0_VconcST_0.04_Vconc_5.6_run_0.csv,1200.0,0.01,0,5.6,0.04,5.6,0,9.75,0.71133,0.0068363,0.000277041,0.71133,0.0,0.0816043,10000.0
1200_dose_0.01_gradient_0_VconcST_0.04_Vconc_5.6_run_0.csv,1200.0,0.01,0,5.6,0.04,5.6,0,10.0,0.740967,0.0167008,0.000288584,0.740967,0.0,0.0846381,619.518
1200_dose_0.01_gradient_0_VconcST_0.04_Vconc_5.6_run_0.csv,1200.0,0.01,0,5.6,0.04,5.6,0,10.25,0.815246,0.0163698,0.000317513,0.815246,0.0,0.0923554,10000.0
1200_dose_0.01_gradient_0_VconcST_0.04_Vconc_5.6_run_0.csv,1200.0,0.01,0,5.6,0.04,5.6,0,10.5,0.887716,0.0160454,0.000345738,0.887716,0.0,0.0997604,609.908
1200_dose_0.01_gradient_0_VconcST_0.04_Vconc_5.6_run_0.csv,1200.0,0.01,0,5.6,0.04,5.6,0,10.75,0.958415,0.0157274,0.000373273,0.958415,0.0,0.106869,10000.0
1200_dose_0.01_gradient_0_VconcST_0.04_Vconc_5.6_run_0.csv,1200.0,0.01,0,5.6,0.04,5.6,0,11.0,1.02738,0.0154157,0.000400131,1.02738,0.0,0.113695,584.128
1200_dose_0.01_gradient_0_VconcST_0.04_Vconc_5.6_run_0.csv,1200.0,0.01,0,5.6,0.04,5.6,0,11.25,1.09464,0.0151102,0.000426327,1.09464,0.0,0.120254,10000.0
1200_dose_0.01_gradient_0_VconcST_0.04_Vconc_5.6_run_0.csv,1200.0,0.01,0,5.6,0.04,5.6,0,11.5,1.16023,0.0148107,0.000451875,1.16023,0.0,0.126557,591.282
1200_dose_0.01_gradient_0_VconcST_0.04_Vconc_5.6_run_0.csv,1200.0,0.01,0,5.6,0.04,5.6,0,11.75,1.2242,0.0145172,0.000476787,1.2242,0.0,0.132617,10000.0
1200_dose_0.01_gradient_0_VconcST_0.04_Vconc_5.6_run_0.csv,1200.0,0.01,0,5.6,0.04,5.6,0,12.0,1.28657,0.0142295,0.000501077,1.28657,0.0,0.138445,574.716
1200_dose_0.01_gradient_0_VconcST_0.04_Vconc_5.6_run_0.csv,1200.0,0.01,0,5.6,0.04,5.6,0,12.25,1.34737,0.0139475,0.000524758,1.34737,0.0,0.144053,10000.0
1200_dose_0.01_gradient_0_VconcST_0.04_Vconc_5.6_run_0.csv,1200.0,0.01,0,5.6,0.04,5.6,0,12.5,1.40664,0.013671,0.000547842,1.40664,0.0,0.149449,575.878
1200_dose_0.01_gradient_0_VconcST_0.04_Vconc_5.6_run_0.csv,1200.0,0.01,0,5.6,0.04,5.6,0,12.75,1.46441,0.0134001,0.000570342,1.46441,0.0,0.154643,10000.0
1200_dose_0.01_gradient_0_VconcST_0.04_Vconc_5.6_run_0.csv,1200.0,0.01,0,5.6,0.04,5.6,0,13.0,1.52071,0.0131345,0.000592269,1.52071,0.0,0.159645,552.16
1200_dose_0.01_gradient_0_VconcST_0.04_Vconc_5.6_run_0.csv,1200.0,0.01,0,5.6,0.04,5.6,0,13.25,1.57557,0.0128742,0.000613636,1.57557,0.0,0.164462,10000.0
1200_dose_0.01_gradient_0_VconcST_0.04_Vconc_5.6_run_0.csv,1200.0,0.01,0,5.6,0.04,5.6,0,13.5,1.62902,0.0126191,0.000634453,1.62902,0.0,0.169102,563.805
1200_dose_0.01_gradient_0_VconcST_0.04_Vconc_5.6_run_0.csv,1200.0,0.01,0,5.6,0.04,5.6,0,13.75,1.68109,0.012369,0.000654734,1.68109,0.0,0.173574,10000.0
1200_dose_0.01_gradient_0_VconcST_0.04_Vconc_5.6_run_0.csv,1200.0,0.01,0,5.6,0.04,5.6,0,14.0,1.73181,0.0121238,0.000674487,1.73181,0.0,0.177883,544.455
1200_dose_0.01_gradient_0_VconcST_0.04_Vconc_5.6_run_0.csv,1200.0,0.01,0,5.6,0.04,5.6,0,14.25,1.78121,0.0118835,0.000693725,1.78121,0.0,0.182037,10000.0
1200_dose_0.01_gradient_0_VconcST_0.04_Vconc_5.6_run_0.csv,1200.0,0.01,0,5.6,0.04,5.6,0,14.5,1.82931,0.011648,0.000712458,1.82931,0.0,0.186042,556.062
1200_dose_0.01_gradient_0_VconcST_0.04_Vconc_5.6_run_0.csv,1200.0,0.01,0,5.6,0.04,5.6,0,14.75,1.87613,0.0114172,0.000730696,1.87613,0.0,0.189903,10000.0
1200_dose_0.01_gradient_0_VconcST_0.04_Vconc_5.6_run_0.csv,1200.0,0.01,0,5.6,0.04,5.6,0,15.0,1.9225,0.0211909,0.000748754,1.9225,0.0,0.193627,521.127
1200_dose_0.01_gradient_0_VconcST_0.04_Vconc_5.6_run_0.csv,1200.0,0.01,0,5.6,0.04,5.6,0,15.25,2.01302,0.0207709,0.00078401,2.01302,0.0,0.200922,10000.0
1200_dose_0.01_gradient_0_VconcST_0.04_Vconc_5.6_run_0.csv,1200.0,0.01,0,5.6,0.04,5.6,0,15.5,2.10127,0.0203593,0.000818378,2.10127,0.0,0.207906,527.917
1200_dose_0.01_gradient_0_VconcST_0.04_Vconc_5.6_run_0.csv,1200.0,0.01,0,5.6,0.04,5.6,0,15.75,2.18727,0.0199558,0.000851876,2.18727,0.0,0.214597,10000.0
1200_dose_0.01_gradient_0_VconcST_0.04_Vconc_5.6_run_0.csv,1200.0,0.01,0,5.6,0.04,5.6,0,16.0,2.27109,0.0195603,0.000884521,2.27109,0.0,0.221011,505.301
1200_dose_0.01_gradient_0_VconcST_0.04_Vconc_5.6_run_0.csv,1200.0,0.01,0,5.6,0.04,5.6,0,16.25,2.35277,0.0191726,0.000916331,2.35277,0.0,0.22716,10000.0
1200_dose_0.01_gradient_0_VconcST_0.04_Vconc_5.6_run_0.csv,1200.0,0.01,0,5.6,0.04,5.6,0,16.5,2.43235,0.0187926,0.000947324,2.43235,0.0,0.233058,496.916
1200_dose_0.01_gradient_0_VconcST_0.04_Vconc_5.6_run_0.csv,1200.0,0.01,0,5.6,0.04,5.6,0,16.75,2.50987,0.0184202,0.000977516,2.50987,0.0,0.238718,10000.0
1200_dose_0.01_gradient_0_VconcST_0.04_Vconc_5.6_run_0.csv,1200.0,0.01,0,5.6,0.04,5.6,0,17.0,2.58538,0.0180551,0.00100692,2.58538,0.0,0.244152,485.886
1200_dose_0.01_gradient_0_VconcST_0.04_Vconc_5.6_run_0.csv,1200.0,0.01,0,5.6,0.04,5.6,0,17.25,2.65891,0.0176973,0.00103556,2.65891,0.0,0.249369,10000.0
1200_dose_0.01_gradient_0_VconcST_0.04_Vconc_5.6_run_0.csv,1200.0,0.01,0,5.6,0.04,5.6,0,17.5,2.73052,0.0173465,0.00106345,2.73052,0.0,0.254381,469.056
1200_dose_0.01_gradient_0_VconcST_0.04_Vconc_5.6_run_0.csv,1200.0,0.01,0,5.6,0.04,5.6,0,17.75,2.80024,0.0170028,0.00109061,2.80024,0.0,0.259197,10000.0
1200_dose_0.01_gradient_0_VconcST_0.04_Vconc_5.6_run_0.csv,1200.0,0.01,0,5.6,0.04,5.6,0,18.0,2.8681,0.0166657,0.00111704,2.8681,0.0,0.263825,481.755
1200_dose_0.01_gradient_0_VconcST_0.04_Vconc_5.6_run_0.csv,1200.0,0.01,0,5.6,0.04,5.6,0,18.25,2.93415,0.0163354,0.00114276,2.93415,0.0,0.268275,10000.0
1200_dose_0.01_gradient_0_VconcST_0.04_Vconc_5.6_run_0.csv,1200.0,0.01,0,5.6,0.04,5.6,0,18.5,2.99843,0.0160117,0.0011678,2.99843,0.0,0.272553,452.406
1200_dose_0.01_gradient_0_VconcST_0.04_Vconc_5.6_run_0.csv,1200.0,0.01,0,5.6,0.04,5.6,0,18.75,3.06097,0.0156944,0.00119215,3.06097,0.0,0.276669,10000.0
1200_dose_0.01_gradient_0_VconcST_0.04_Vconc_5.6_run_0.csv,1200.0,0.01,0,5.6,0.04,5.6,0,19.0,3.1218,0.0153833,0.00121585,3.1218,0.0,0.280627,446.7
1200_dose_0.01_gradient_0_VconcST_0.04_Vconc_5.6_run_0.csv,1200.0,0.01,0,5.6,0.04,5.6,0,19.25,3.18097,0.0150784,0.00123889,3.18097,0.0,0.284437,10000.0
1200_dose_0.01_gradient_0_VconcST_0.04_Vconc_5.6_run_0.csv,1200.0,0.01,0,5.6,0.04,5.6,0,19.5,3.23851,0.0147796,0.0012613,3.23851,0.0,0.288102,444.689
1200_dose_0.01_gradient_0_VconcST_0.04_Vconc_5.6_run_0.csv,1200.0,0.01,0,5.6,0.04,5.6,0,19.75,3.29445,0.0144867,0.00128309,3.29445,0.0,0.29163,10000.0
1200_dose_0.01_gradient_0_VconcST_0.04_Vconc_5.6_run_0.csv,1200.0,0.01,0,5.6,0.04,5.6,0,20.0,3.34961,0.0241996,0.00130457,3.34961,0.0,0.295026,437.502
1200_dose_0.01_gradient_0_VconcST_0.04_Vconc_5.6_run_0.csv,1200.0,0.01,0,5.6,0.04,5.6,0,20.25,3.44861,0.02372,0.00134313,3.44861,0.0,0.301126,10000.0
1200_dose_0.01_gradient_0_VconcST_0.04_Vconc_5.6_run_0.csv,1200.0,0.01,0,5.6,0.04,5.6,0,20.5,3.54502,0.0232499,0.00138068,3.54502,0.0,0.306965,424.008
1200_dose_0.01_gradient_0_VconcST_0.04_Vconc_5.6_run_0.csv,1200.0,0.01,0,5.6,0.04,5.6,0,20.75,3.63889,0.0227891,0.00141724,3.63889,0.0,0.312558,10000.0
1200_dose_0.01_gradient_0_VconcST_0.04_Vconc_5.6_run_0.csv,1200.0,0.01,0,5.6,0.04,5.6,0,21.0,3.73029,0.0223374,0.00145283,3.73029,0.0,0.317917,394.313
1200_dose_0.01_gradient_0_VconcST_0.04_Vconc_5.6_run_0.csv,1200.0,0.01,0,5.6,0.04,5.6,0,21.25,3.81925,0.0218947,0.00148748,3.81925,0.0,0.323054,9999.47
1200_dose_0.01_gradient_0_VconcST_0.04_Vconc_5.6_run_0.csv,1200.0,0.01,0,5.6,0.04,5.6,0,21.5,3.90583,0.0214608,0.0015212,3.90583,0.0,0.32798,409.086
1200_dose_0.01_gradient_0_VconcST_0.04_Vconc_5.6_run_0.csv,1200.0,0.01,0,5.6,0.04,5.6,0,21.75,3.99008,0.0210355,0.00155401,3.99008,0.0,0.332705,10000.0
1200_dose_0.01_gradient_0_VconcST_0.04_Vconc_5.6_run_0.csv,1200.0,0.01,0,5.6,0.04,5.6,0,22.0,4.07205,0.0206186,0.00158594,4.07205,0.0,0.337238,398.849
1200_dose_0.01_gradient_0_VconcST_0.04_Vconc_5.6_run_0.csv,1200.0,0.01,0,5.6,0.04,5.6,0,22.25,4.15178,0.0202099,0.00161699,4.15178,0.0,0.341589,10000.0
1200_dose_0.01_gradient_0_VconcST_0.04_Vconc_5.6_run_0.csv,1200.0,0.01,0,5.6,0.04,5.6,0,22.5,4.22932,0.0198094,0.00164719,4.22932,0.0,0.345766,401.554
1200_dose_0.01_gradient_0_VconcST_0.04_Vconc_5.6_run_0.csv,1200.0,0.01,0,5.6,0.04,5.6,0,22.75,4.30472,0.0194168,0.00167656,4.30472,0.0,0.349778,10000.0
1200_dose_0.01_gradient_0_VconcST_0.04_Vconc_5.6_run_0.csv,1200.0,0.01,0,5.6,0.04,5.6,0,23.0,4.37803,0.019032,0.00170511,4.37803,0.0,0.353631,371.529
1200_dose_0.01_gradient_0_VconcST_0.04_Vconc_5.6_run_0.csv,1200.0,0.01,0,5.6,0.04,5.6,0,23.25,4.44928,0.0186548,0.00173286,4.44928,0.0,0.357332,9527.66
1200_dose_0.01_gradient_0_VconcST_0.04_Vconc_5.6_run_0.csv,1200.0,0.01,0,5.6,0.04,5.6,0,23.5,4.51852,0.0182851,0.00175982,4.51852,0.0,0.360889,358.614
1200_dose_0.01_gradient_0_VconcST_0.04_Vconc_5.6_run_0.csv,1200.0,0.01,0,5.6,0.04,5.6,0,23.75,4.58578,0.0179227,0.00178602,4.58578,0.0,0.364306,9560.2
1200_dose_0.01_gradient_0_VconcST_0.04_Vconc_5.6_run_0.csv,1200.0,0.01,0,5.6,0.04,5.6,0,24.0,4.65112,0.0175675,0.00181147,4.65112,0.0,0.367591,368.332
1200_dose_0.01_gradient_0_VconcST_0.04_Vconc_5.6_run_0.csv,1200.0,0.01,0,5.6,0.04,5.6,0,24.25,4.71458,0.0172193,0.00183618,4.71458,0.0,0.370749,9900.34
1200_dose_0.01_gradient_0_VconcST_0.04_Vconc_5.6_run_0.csv,1200.0,0.01,0,5.6,0.04,5.6,0,24.5,4.77618,0.016878,0.00186017,4.77618,0.0,0.373785,355.129
1200_dose_0.01_gradient_0_VconcST_0.04_Vconc_5.6_run_0.csv,1200.0,0.01,0,5.6,0.04,5.6,0,24.75,4.83598,0.0165435,0.00188346,4.83598,0.0,0.376704,9601.99
1200_dose_0.01_gradient_0_VconcST_0.04_Vconc_5.6_run_0.csv,1200.0,0.01,0,5.6,0.04,5.6,0,25.0,4.89478,0.0262156,0.00190637,4.89478,0.0,0.379511,335.565
1200_dose_0.01_gradient_0_VconcST_0.04_Vconc_5.6_run_0.csv,1200.0,0.01,0,5.6,0.04,5.6,0,25.25,4.99723,0.025696,0.00194627,4.99723,0.0,0.384404,8900.29
1200_dose_0.01_gradient_0_VconcST_0.04_Vconc_5.6_run_0.csv,1200.0,0.01,0,5.6,0.04,5.6,0,25.5,5.09689,0.0251868,0.00198508,5.09689,0.0,0.389092,342.237
1200_dose_0.01_gradient_0_VconcST_0.04_Vconc_5.6_run_0.csv,1200.0,0.01,0,5.6,0.04,5.6,0,25.75,5.19382,0.0246876,0.00202283,5.19382,0.0,0.393582,8807.67
1200_dose_0.01_gradient_0_VconcST_0.04_Vconc_5.6_run_0.csv,1200.0,0.01,0,5.6,0.04,5.6,0,26.0,5.28808,0.0241983,0.00205954,5.28808,0.0,0.397887,328.246
1200_dose_0.01_gradient_0_VconcST_0.04_Vconc_5.6_run_0.csv,1200.0,0.01,0,5.6,0.04,5.6,0,26.25,5.37973,0.0237187,0.00209524,5.37973,0.0,0.402013,9216.49
1200_dose_0.01_gradient_0_VconcST_0.04_Vconc_5.6_run_0.csv,1200.0,0.01,0,5.6,0.04,5.6,0,26.5,5.46881,0.0232487,0.00212993,5.46881,0.0,0.405971,341.556
1200_dose_0.01_gradient_0_VconcST_0.04_Vconc_5.6_run_0.csv,1200.0,0.01,0,5.6,0.04,5.6,0,26.75,5.55539,0.0227879,0.00216365,5.55539,0.0,0.409767,9172.53
1200_dose_0.01_gradient_0_VconcST_0.04_Vconc_5.6_run_0.csv,1200.0,0.01,0,5.6,0.04,5.6,0,27.0,5.63951,0.0223363,0.00219641,5.63951,0.0,0.413409,332.606
1200_dose_0.01_gradient_0_VconcST_0.04_Vconc_5.6_run_0.csv,1200.0,0.01,0,5.6,0.04,5.6,0,27.25,5.72122,0.0218936,0.00222824,5.72122,0.0,0.416904,8566.88
1200_dose_0.01_gradient_0_VconcST_0.04_Vconc_5.6_run_0.csv,1200.0,0.01,0,5.6,0.04,5.6,0,27.5,5.80059,0.0214597,0.00225915,5.80059,0.0,0.42026,300.983
1200_dose_0.01_gradient_0_VconcST_0.04_Vconc_5.6_run_0.csv,1200.0,0.01,0,5.6,0.04,5.6,0,27.75,5.87765,0.0210344,0.00228916,5.87765,0.0,0.423481,8733.32
1200_dose_0.01_gradient_0_VconcST_0.04_Vconc_5.6_run_0.csv,1200.0,0.01,0,5.6,0.04,5.6,0,28.0,5.95245,0.0206175,0.0023183,5.95245,0.0,0.426574,295.606
1200_dose_0.01_gradient_0_VconcST_0.04_Vconc_5.6_run_0.csv,1200.0,0.01,0,5.6,0.04,5.6,0,28.25,6.02505,0.0202089,0.00234657,6.02505,0.0,0.429544,8638.56
1200_dose_0.01_gradient_0_VconcST_0.04_Vconc_5.6_run_0.csv,1200.0,0.01,0,5.6,0.04,5.6,0,28.5,6.09548,0.0198084,0.002374,6.09548,0.0,0.432396,286.124
1200_dose_0.01_gradient_0_VconcST_0.04_Vconc_5.6_run_0.csv,1200.0,0.01,0,5.6,0.04,5.6,0,28.75,6.1638,0.0194158,0.00240061,6.1638,0.0,0.435135,8554.69
1200_dose_0.01_gradient_0_VconcST_0.04_Vconc_5.6_run_0.csv,1200.0,0.01,0,5.6,0.04,5.6,0,29.0,6.23005,0.019031,0.00242641,6.23005,0.0,0.437767,312.917
1200_dose_0.01_gradient_0_VconcST_0.04_Vconc_5.6_run_0.csv,1200.0,0.01,0,5.6,0.04,5.6,0,29.25,6.29427,0.0186538,0.00245142,6.29427,0.0,0.440294,8041.93
1200_dose_0.01_gradient_0_VconcST_0.04_Vconc_5.6_run_0.csv,1200.0,0.01,0,5.6,0.04,5.6,0,29.5,6.35651,0.0182841,0.00247566,6.35651,0.0,0.442722,284.935
1200_dose_0.01_gradient_0_VconcST_0.04_Vconc_5.6_run_0.csv,1200.0,0.01,0,5.6,0.04,5.6,0,29.75,6.4168,0.0179218,0.00249915,6.4168,0.0,0.445054,7881.46
1200_dose_0.01_gradient_0_VconcST_0.04_Vconc_5.6_run_0.csv,1200.0,0.01,0,5.6,0.04,5.6,0,30.0,6.47597,0.0275666,0.00252219,6.47597,0.0,0.447294,282.001
1200_dose_0.01_gradient_0_VconcST_0.04_Vconc_5.6_run_0.csv,1200.0,0.01,0,5.6,0.04,5.6,0,30.25,6.57866,0.0270202,0.00256218,6.57866,0.0,0.451189,7890.13
1200_dose_0.01_gradient_0_VconcST_0.04_Vconc_5.6_run_0.csv,1200.0,0.01,0,5.6,0.04,5.6,0,30.5,6.67844,0.0264847,0.00260105,6.67844,0.0,0.454922,271.257
1200_dose_0.01_gradient_0_VconcST_0.04_Vconc_5.6_run_0.csv,1200.0,0.01,0,5.6,0.04,5.6,0,30.75,6.77537,0.0259598,0.00263879,6.77537,0.0,0.4585,8126.55
1200_dose_0.01_gradient_0_VconcST_0.04_Vconc_5.6_run_0.csv,1200.0,0.01,0,5.6,0.04,5.6,0,31.0,6.8695,0.0254453,0.00267546,6.8695,0.0,0.46193,263.44
1200_dose_0.01_gradient_0_VconcST_0.04_Vconc_5.6_run_0.csv,1200.0,0.01,0,5.6,0.04,5.6,0,31.25,6.96091,0.024941,0.00271106,6.96091,0.0,0.465219,7903.57
1200_dose_0.01_gradient_0_VconcST_0.04_Vconc_5.6_run_0.csv,1200.0,0.01,0,5.6,0.04,5.6,0,31.5,7.04964,0.0244467,0.00274562,7.04964,0.0,0.468374,253.615
1200_dose_0.01_gradient_0_VconcST_0.04_Vconc_5.6_run_0.csv,1200.0,0.01,0,5.6,0.04,5.6,0,31.75,7.13575,0.0239622,0.00277915,7.13575,0.0,0.471401,7391.31
1200_dose_0.01_gradient_0_VconcST_0.04_Vconc_5.6_run_0.csv,1200.0,0.01,0,5.6,0.04,5.6,0,32.0,7.2193,0.0234873,0.00281169,7.2193,0.0,0.474304,257.011
1200_dose_0.01_gradient_0_VconcST_0.04_Vconc_5.6_run_0.csv,1200.0,0.01,0,5.6,0.04,5.6,0,32.25,7.30034,0.0230218,0.00284326,7.30034,0.0,0.47709,7452.64
1200_dose_0.01_gradient_0_VconcST_0.04_Vconc_5.6_run_0.csv,1200.0,0.01,0,5.6,0.04,5.6,0,32.5,7.37893,0.0225656,0.00287386,7.37893,0.0,0.479764,248.82
1200_dose_0.01_gradient_0_VconcST_0.04_Vconc_5.6_run_0.csv,1200.0,0.01,0,5.6,0.04,5.6,0,32.75,7.45511,0.0221183,0.00290353,7.45511,0.0,0.48233,7494.79
1200_dose_0.01_gradient_0_VconcST_0.04_Vconc_5.6_run_0.csv,1200.0,0.01,0,5.6,0.04,5.6,0,33.0,7.52894,0.02168,0.00293229,7.52894,0.0,0.484793,255.864
1200_dose_0.01_gradient_0_VconcST_0.04_Vconc_5.6_run_0.csv,1200.0,0.01,0,5.6,0.04,5.6,0,33.25,7.60046,0.0212503,0.00296014,7.60046,0.0,0.487156,7468.74
1200_dose_0.01_gradient_0_VconcST_0.04_Vconc_5.6_run_0.csv,1200.0,0.01,0,5.6,0.04,5.6,0,33.5,7.66973,0.0208291,0.00298712,7.66973,0.0,0.489424,238.966
1200_dose_0.01_gradient_0_VconcST_0.04_Vconc_5.6_run_0.csv,1200.0,0.01,0,5.6,0.04,5.6,0,33.75,7.73679,0.0204163,0.00301324,7.73679,0.0,0.491602,7180.94
1200_dose_0.01_gradient_0_VconcST_0.04_Vconc_5.6_run_0.csv,1200.0,0.01,0,5.6,0.04,5.6,0,34.0,7.80169,0.0200117,0.00303852,7.80169,0.0,0.493691,236.904
1200_dose_0.01_gradient_0_VconcST_0.04_Vconc_5.6_run_0.csv,1200.0,0.01,0,5.6,0.04,5.6,0,34.25,7.86448,0.0196151,0.00306297,7.86448,0.0,0.495696,7219.72
1200_dose_0.01_gradient_0_VconcST_0.04_Vconc_5.6_run_0.csv,1200.0,0.01,0,5.6,0.04,5.6,0,34.5,7.9252,0.0192263,0.00308662,7.9252,0.0,0.49762,232.442
1200_dose_0.01_gradient_0_VconcST_0.04_Vconc_5.6_run_0.csv,1200.0,0.01,0,5.6,0.04,5.6,0,34.75,7.9839,0.0188453,0.00310948,7.9839,0.0,0.499466,7080.89
1200_dose_0.01_gradient_0_VconcST_0.04_Vconc_5.6_run_0.csv,1200.0,0.01,0,5.6,0.04,5.6,0,35.0,8.04139,0.0284718,0.00313187,8.04139,0.0,0.501237,227.611
1200_dose_0.01_gradient_0_VconcST_0.04_Vconc_5.6_run_0.csv,1200.0,0.01,0,5.6,0.04,5.6,0,35.25,8.14232,0.0279075,0.00317118,8.14232,0.0,0.504357,6917.04
1200_dose_0.01_gradient_0_VconcST_0.04_Vconc_5.6_run_0.csv,1200.0,0.01,0,5.6,0.04,5.6,0,35.5,8.24026,0.0273544,0.00320933,8.24026,0.0,0.507348,226.173
1200_dose_0.01_gradient_0_VconcST_0.04_Vconc_5.6_run_0.csv,1200.0,0.01,0,5.6,0.04,5.6,0,35.75,8.33528,0.0268123,0.00324633,8.33528,0.0,0.510216,6728.17
1200_dose_0.01_gradient_0_VconcST_0.04_Vconc_5.6_run_0.csv,1200.0,0.01,0,5.6,0.04,5.6,0,36.0,8.42744,0.0262809,0.00328223,8.42744,0.0,0.512965,219.286
1200_dose_0.01_gradient_0_VconcST_0.04_Vconc_5.6_run_0.csv,1200.0,0.01,0,5.6,0.04,5.6,0,36.25,8.51679,0.0257601,0.00331703,8.51679,0.0,0.515601,6908.1
1200_dose_0.01_gradient_0_VconcST_0.04_Vconc_5.6_run_0.csv,1200.0,0.01,0,5.6,0.04,5.6,0,36.5,8.6034,0.0252495,0.00335076,8.6034,0.0,0.51813,216.26
1200_dose_0.01_gradient_0_VconcST_0.04_Vconc_5.6_run_0.csv,1200.0,0.01,0,5.6,0.04,5.6,0,36.75,8.68733,0.0247491,0.00338345,8.68733,0.0,0.520555,6569.46
1200_dose_0.01_gradient_0_VconcST_0.04_Vconc_5.6_run_0.csv,1200.0,0.01,0,5.6,0.04,5.6,0,37.0,8.76863,0.0242586,0.00341511,8.76863,0.0,0.522881,214.999
1200_dose_0.01_gradient_0_VconcST_0.04_Vconc_5.6_run_0.csv,1200.0,0.01,0,5.6,0.04,5.6,0,37.25,8.84735,0.0237778,0.00344577,8.84735,0.0,0.525111,6428.97
1200_dose_0.01_gradient_0_VconcST_0.04_Vconc_5.6_run_0.csv,1200.0,0.01,0,5.6,0.04,5.6,0,37.5,8.92356,0.0233066,0.00347545,8.92356,0.0,0.527251,217.551
1200_dose_0.01_gradient_0_VconcST_0.04_Vconc_5.6_run_0.csv,1200.0,0.01,0,5.6,0.04,5.6,0,37.75,8.99729,0.0228447,0.00350417,8.99729,0.00113281,0.529303,6488.05
1200_dose_0.01_gradient_0_VconcST_0.04_Vconc_5.6_run_0.csv,1200.0,0.01,0,5.6,0.04,5.6,0,38.0,9.06863,0.0223919,0.00353195,9.06863,0.0,0.531272,210.942
1200_dose_0.01_gradient_0_VconcST_0.04_Vconc_5.6_run_0.csv,1200.0,0.01,0,5.6,0.04,5.6,0,38.25,9.1376,0.0219481,0.00355881,9.1376,0.0,0.533159,6319.7
1200_dose_0.01_gradient_0_VconcST_0.04_Vconc_5.6_run_0.csv,1200.0,0.01,0,5.6,0.04,5.6,0,38.5,9.20426,0.0215132,0.00358478,9.20426,0.0,0.534969,206.334
1200_dose_0.01_gradient_0_VconcST_0.04_Vconc_5.6_run_0.csv,1200.0,0.01,0,5.6,0.04,5.6,0,38.75,9.26866,0.0210868,0.00360986,9.26866,0.0,0.536705,6324.58
1200_dose_0.01_gradient_0_VconcST_0.04_Vconc_5.6_run_0.csv,1200.0,0.01,0,5.6,0.04,5.6,0,39.0,9.33085,0.0206689,0.00363408,9.33085,0.0,0.538368,200.206
1200_dose_0.01_gradient_0_VconcST_0.04_Vconc_5.6_run_0.csv,1200.0,0.01,0,5.6,0.04,5.6,0,39.25,9.39087,0.0202592,0.00365745,9.39087,0.00109375,0.539963,6164.93
1200_dose_0.01_gradient_0_VconcST_0.04_Vconc_5.6_run_0.csv,1200.0,0.01,0,5.6,0.04,5.6,0,39.5,9.44878,0.0198577,0.00368001,9.44878,0.0,0.54149,205.604
1200_dose_0.01_gradient_0_VconcST_0.04_Vconc_5.6_run_0.csv,1200.0,0.01,0,5.6,0.04,5.6,0,39.75,9.50461,0.0194642,0.00370175,9.50461,0.0,0.542954,6365.63
1200_dose_0.01_gradient_0_VconcST_0.04_Vconc_5.6_run_0.csv,1200.0,0.01,0,5.6,0.04,5.6,0,40.0,9.55919,0.0290784,0.00372301,9.55919,0.0,0.544355,191.065
1200_dose_0.01_gradient_0_VconcST_0.04_Vconc_5.6_run_0.csv,1200.0,0.01,0,5.6,0.04,5.6,0,40.25,9.65717,0.0285021,0.00376117,9.65717,0.0,0.546885,6070.3
1200_dose_0.01_gradient_0_VconcST_0.04_Vconc_5.6_run_0.csv,1200.0,0.01,0,5.6,0.04,5.6,0,40.5,9.75211,0.0279372,0.00379815,9.75211,0.0,0.54931,199.768
1200_dose_0.01_gradient_0_VconcST_0.04_Vconc_5.6_run_0.csv,1200.0,0.01,0,5.6,0.04,5.6,0,40.75,9.84409,0.0273835,0.00383397,9.84409,0.00109375,0.551634,6039.75
1200_dose_0.01_gradient_0_VconcST_0.04_Vconc_5.6_run_0.csv,1200.0,0.01,0,5.6,0.04,5.6,0,41.0,9.93316,0.0268408,0.00386866,9.93316,0.0,0.553863,201.822
1200_dose_0.01_gradient_0_VconcST_0.04_Vconc_5.6_run_0.csv,1200.0,0.01,0,5.6,0.04,5.6,0,41.25,10.0194,0.0263089,0.00390224,10.0194,0.000217014,0.555999,5985.7
1200_dose_0.01_gradient_0_VconcST_0.04_Vconc_5.6_run_0.csv,1200.0,0.01,0,5.6,0.04,5.6,0,41.5,10.1028,0.0257875,0.00393474,10.1028,0.0,0.558047,183.02
1200_dose_0.01_gradient_0_VconcST_0.04_Vconc_5.6_run_0.csv,1200.0,0.01,0,5.6,0.04,5.6,0,41.75,10.1836,0.0252764,0.00396618,10.1836,0.000898438,0.56001,5888.42
1200_dose_0.01_gradient_0_VconcST_0.04_Vconc_5.6_run_0.csv,1200.0,0.01,0,5.6,0.04,5.6,0,42.0,10.2616,0.0247754,0.00399658,10.2616,0.0,0.561892,197.265
1200_dose_0.01_gradient_0_VconcST_0.04_Vconc_5.6_run_0.csv,1200.0,0.01,0,5.6,0.04,5.6,0,42.25,10.3371,0.0242844,0.00402597,10.3371,0.0,0.563696,6160.28
1200_dose_0.01_gradient_0_VconcST_0.04_Vconc_5.6_run_0.csv,1200.0,0.01,0,5.6,0.04,5.6,0,42.5,10.41,0.0238031,0.00405436,10.41,0.0,0.565425,188.809
1200_dose_0.01_gradient_0_VconcST_0.04_Vconc_5.6_run_0.csv,1200.0,0.01,0,5.6,0.04,5.6,0,42.75,10.4804,0.0233314,0.00408178,10.4804,0.0,0.567081,5928.06
1200_dose_0.01_gradient_0_VconcST_0.04_Vconc_5.6_run_0.csv,1200.0,0.01,0,5.6,0.04,5.6,0,43.0,10.5483,0.022869,0.00410824,10.5483,0.0,0.568668,191.207
1200_dose_0.01_gradient_0_VconcST_0.04_Vconc_5.6_run_0.csv,1200.0,0.01,0,5.6,0.04,5.6,0,43.25,10.6139,0.0224157,0.00413378,10.6139,0.0,0.570188,5894.81
1200_dose_0.01_gradient_0_VconcST_0.04_Vconc_5.6_run_0.csv,1200.0,0.01,0,5.6,0.04,5.6,0,43.5,10.6771,0.0219715,0.0041584,10.6771,0.0,0.571644,187.68
1200_dose_0.01_gradient_0_VconcST_0.04_Vconc_5.6_run_0.csv,1200.0,0.01,0,5.6,0.04,5.6,0,43.75,10.738,0.021536,0.00418213,10.738,0.00103082,0.573038,5692.19
1200_dose_0.01_gradient_0_VconcST_0.04_Vconc_5.6_run_0.csv,1200.0,0.01,0,5.6,0.04,5.6,0,44.0,10.7967,0.0211092,0.00420499,10.7967,0.0,0.574372,182.099
1200_dose_0.01_gradient_0_VconcST_0.04_Vconc_5.6_run_0.csv,1200.0,0.01,0,5.6,0.04,5.6,0,44.25,10.8532,0.0206909,0.00422699,10.8532,0.00103082,0.575648,5505.16
1200_dose_0.01_gradient_0_VconcST_0.04_Vconc_5.6_run_0.csv,1200.0,0.01,0,5.6,0.04,5.6,0,44.5,10.9076,0.0202808,0.00424816,10.9076,0.0,0.576869,176.102
1200_dose_0.01_gradient_0_VconcST_0.04_Vconc_5.6_run_0.csv,1200.0,0.01,0,5.6,0.04,5.6,0,44.75,10.9598,0.0198788,0.00426851,10.9598,0.0,0.578036,5873.24
1200_dose_0.01_gradient_0_VconcST_0.04_Vconc_5.6_run_0.csv,1200.0,0.01,0,5.6,0.04,5.6,0,45.0,11.0108,0.0294849,0.00428837,11.0108,0.0,0.579151,179.903
1200_dose_0.01_gradient_0_VconcST_0.04_Vconc_5.6_run_0.csv,1200.0,0.01,0,5.6,0.04,5.6,0,45.25,11.1051,0.0289005,0.00432511,11.1051,0.0,0.581231,5631.18
1200_dose_0.01_gradient_0_VconcST_0.04_Vconc_5.6_run_0.csv,1200.0,0.01,0,5.6,0.04,5.6,0,45.5,11.1964,0.0283277,0.00436067,11.1964,0.0,0.583224,171.643
1200_dose_0.01_gradient_0_VconcST_0.04_Vconc_5.6_run_0.csv,1200.0,0.01,0,5.6,0.04,5.6,0,45.75,11.2847,0.0277663,0.00439506,11.2847,0.0,0.585133,5557.04
1200_dose_0.01_gradient_0_VconcST_0.04_Vconc_5.6_run_0.csv,1200.0,0.01,0,5.6,0.04,5.6,0,46.0,11.3701,0.027216,0.00442831,11.3701,0.0,0.586963,181.192
1200_dose_0.01_gradient_0_VconcST_0.04_Vconc_5.6_run_0.csv,1200.0,0.01,0,5.6,0.04,5.6,0,46.25,11.4526,0.0266766,0.00446044,11.4526,0.00131944,0.588716,5488.87
1200_dose_0.01_gradient_0_VconcST_0.04_Vconc_5.6_run_0.csv,1200.0,0.01,0,5.6,0.04,5.6,0,46.5,11.5323,0.0261479,0.00449149,11.5323,0.0,0.590395,167.381
1200_dose_0.01_gradient_0_VconcST_0.04_Vconc_5.6_run_0.csv,1200.0,0.01,0,5.6,0.04,5.6,0,46.75,11.6093,0.0256297,0.00452146,11.6093,0.0,0.592004,5486.93
1200_dose_0.01_gradient_0_VconcST_0.04_Vconc_5.6_run_0.csv,1200.0,0.01,0,5.6,0.04,5.6,0,47.0,11.6836,0.0251217,0.0045504,11.6836,0.0,0.593545,166.617
1200_dose_0.01_gradient_0_VconcST_0.04_Vconc_5.6_run_0.csv,1200.0,0.01,0,5.6,0.04,5.6,0,47.25,11.7552,0.0246239,0.0045783,11.7552,0.000865885,0.59502,5465.71
1200_dose_0.01_gradient_0_VconcST_0.04_Vconc_5.6_run_0.csv,1200.0,0.01,0,5.6,0.04,5.6,0,47.5,11.8243,0.0241358,0.00460521,11.8243,0.0,0.596432,165.355
1200_dose_0.01_gradient_0_VconcST_0.04_Vconc_5.6_run_0.csv,1200.0,0.01,0,5.6,0.04,5.6,0,47.75,11.8909,0.0236575,0.00463114,11.8909,0.0,0.597784,5455.9
1200_dose_0.01_gradient_0_VconcST_0.04_Vconc_5.6_run_0.csv,1200.0,0.01,0,5.6,0.04,5.6,0,48.0,11.955,0.0231886,0.00465611,11.955,0.0,0.599077,170.727
1200_dose_0.01_gradient_0_VconcST_0.04_Vconc_5.6_run_0.csv,1200.0,0.01,0,5.6,0.04,5.6,0,48.25,12.0167,0.0227291,0.00468014,12.0167,0.0,0.600314,5256.92
1200_dose_0.01_gradient_0_VconcST_0.04_Vconc_5.6_run_0.csv,1200.0,0.01,0,5.6,0.04,5.6,0,48.5,12.0761,0.0222786,0.00470326,12.0761,0.0,0.601497,162.405
1200_dose_0.01_gradient_0_VconcST_0.04_Vconc_5.6_run_0.csv,1200.0,0.01,0,5.6,0.04,5.6,0,48.75,12.1331,0.0218371,0.00472548,12.1331,0.0,0.602626,5205.05
1200_dose_0.01_gradient_0_VconcST_0.04_Vconc_5.6_run_0.csv,1200.0,0.01,0,5.6,0.04,5.6,0,49.0,12.1879,0.0214043,0.00474681,12.1879,0.0,0.603706,164.393
1200_dose_0.01_gradient_0_VconcST_0.04_Vconc_5.6_run_0.csv,1200.0,0.01,0,5.6,0.04,5.6,0,49.25,12.2405,0.0209801,0.00476729,12.2405,0.00061849,0.604736,5166.53
1200_dose_0.01_gradient_0_VconcST_0.04_Vconc_5.6_run_0.csv,1200.0,0.01,0,5.6,0.04,5.6,0,49.5,12.2909,0.0205643,0.00478693,12.2909,0.0,0.605719,164.066
1200_dose_0.01_gradient_0_VconcST_0.04_Vconc_5.6_run_0.csv,1200.0,0.01,0,5.6,0.04,5.6,0,49.75,12.3392,0.0201567,0.00480575,12.3392,0.000742188,0.606656,5170.58
1200_dose_0.01_gradient_0_VconcST_0.04_Vconc_5.6_run_0.csv,1200.0,0.01,0,5.6,0.04,5.6,0,50.0,12.3863,0.0297572,0.00482407,12.3863,0.0,0.60755,157.104
1200_dose_0.01_gradient_0_VconcST_0.04_Vconc_5.6_run_0.csv,1200.0,0.01,0,5.6,0.04,5.6,0,50.25,12.4767,0.0291675,0.00485927,12.4767,0.0,0.609283,5244.67
1200_dose_0.01_gradient_0_VconcST_0.04_Vconc_5.6_run_0.csv,1200.0,0.01,0,5.6,0.04,5.6,0,50.5,12.564,0.0285894,0.00489328,12.564,0.0,0.610943,162.719
1200_dose_0.01_gradient_0_VconcST_0.04_Vconc_5.6_run_0.csv,1200.0,0.01,0,5.6,0.04,5.6,0,50.75,12.6483,0.0280228,0.00492612,12.6483,0.00061849,0.612533,5315.02
1200_dose_0.01_gradient_0_VconcST_0.04_Vconc_5.6_run_0.csv,1200.0,0.01,0,5.6,0.04,5.6,0,51.0,12.7297,0.0274674,0.00495782,12.7297,0.0,0.614055,154.678
1200_dose_0.01_gradient_0_VconcST_0.04_Vconc_5.6_run_0.csv,1200.0,0.01,0,5.6,0.04,5.6,0,51.25,12.8082,0.026923,0.0049884,12.8082,0.0,0.615513,4997.18
1200_dose_0.01_gradient_0_VconcST_0.04_Vconc_5.6_run_0.csv,1200.0,0.01,0,5.6,0.04,5.6,0,51.5,12.8839,0.0263895,0.00501789,12.8839,0.0,0.616907,148.868
1200_dose_0.01_gradient_0_VconcST_0.04_Vconc_5.6_run_0.csv,1200.0,0.01,0,5.6,0.04,5.6,0,51.75,12.9569,0.0258665,0.0050463,12.9569,0.0,0.618242,5006.88
1200_dose_0.01_gradient_0_VconcST_0.04_Vconc_5.6_run_0.csv,1200.0,0.01,0,5.6,0.04,5.6,0,52.0,13.0271,0.0253538,0.00507367,13.0271,0.0,0.619519,157.702
1200_dose_0.01_gradient_0_VconcST_0.04_Vconc_5.6_run_0.csv,1200.0,0.01,0,5.6,0.04,5.6,0,52.25,13.0948,0.0248513,0.00510001,13.0948,0.0,0.620739,4884.93
1200_dose_0.01_gradient_0_VconcST_0.04_Vconc_5.6_run_0.csv,1200.0,0.01,0,5.6,0.04,5.6,0,52.5,13.1598,0.0243588,0.00512535,13.1598,0.0,0.621906,146.89
1200_dose_0.01_gradient_0_VconcST_0.04_Vconc_5.6_run_0.csv,1200.0,0.01,0,5.6,0.04,5.6,0,52.75,13.2224,0.023876,0.0051497,13.2224,0.0,0.623021,4983.41
1200_dose_0.01_gradient_0_VconcST_0.04_Vconc_5.6_run_0.csv,1200.0,0.01,0,5.6,0.04,5.6,0,53.0,13.2824,0.0234029,0.0051731,13.2824,0.0,0.624086,153.793
1200_dose_0.01_gradient_0_VconcST_0.04_Vconc_5.6_run_0.csv,1200.0,0.01,0,5.6,0.04,5.6,0,53.25,13.3401,0.022939,0.00519556,13.3401,0.0,0.625102,4802.01
1200_dose_0.01_gradient_0_VconcST_0.04_Vconc_5.6_run_0.csv,1200.0,0.01,0,5.6,0.04,5.6,0,53.5,13.3954,0.0224844,0.00521709,13.3954,0.0,0.626072,150.308
1200_dose_0.01_gradient_0_VconcST_0.04_Vconc_5.6_run_0.csv,1200.0,0.01,0,5.6,0.04,5.6,0,53.75,13.4484,0.0220388,0.00523773,13.4484,0.0,0.626997,4858.5
1200_dose_0.01_gradient_0_VconcST_0.04_Vconc_5.6_run_0.csv,1200.0,0.01,0,5.6,0.04,5.6,0,54.0,13.4991,0.021602,0.00525749,13.4991,0.0,0.627877,148.294
1200_dose_0.01_gradient_0_VconcST_0.04_Vconc_5.6_run_0.csv,1200.0,0.01,0,5.6,0.04,5.6,0,54.25,13.5476,0.0211739,0.00527639,13.5476,0.0,0.628716,4849.93
1200_dose_0.01_gradient_0_VconcST_0.04_Vconc_5.6_run_0.csv,1200.0,0.01,0,5.6,0.04,5.6,0,54.5,13.594,0.0207542,0.00529444,13.594,0.0,0.629514,146.345
1200_dose_0.01_gradient_0_VconcST_0.04_Vconc_5.6_run_0.csv,1200.0,0.01,0,5.6,0.04,5.6,0,54.75,13.6383,0.0203429,0.00531168,13.6383,0.0,0.630272,4803.68
1200_dose_0.01_gradient_0_VconcST_0.04_Vconc_5.6_run_0.csv,1200.0,0.01,0,5.6,0.04,5.6,0,55.0,13.6812,0.0299397,0.00532841,13.6812,0.0,0.630992,140.463
1200_dose_0.01_gradient_0_VconcST_0.04_Vconc_5.6_run_0.csv,1200.0,0.01,0,5.6,0.04,5.6,0,55.25,13.7675,0.0293464,0.00536203,13.7675,0.0,0.632457,4813.98
1200_dose_0.01_gradient_0_VconcST_0.04_Vconc_5.6_run_0.csv,1200.0,0.01,0,5.6,0.04,5.6,0,55.5,13.8508,0.0287648,0.00539446,13.8508,0.0,0.633858,148.835
1200_dose_0.01_gradient_0_VconcST_0.04_Vconc_5.6_run_0.csv,1200.0,0.01,0,5.6,0.04,5.6,0,55.75,13.9311,0.0281947,0.00542571,13.9311,0.0,0.635199,4799.93
1200_dose_0.01_gradient_0_VconcST_0.04_Vconc_5.6_run_0.csv,1200.0,0.01,0,5.6,0.04,5.6,0,56.0,14.0084,0.0276359,0.00545583,14.0084,0.0,0.636481,143.223
1200_dose_0.01_gradient_0_VconcST_0.04_Vconc_5.6_run_0.csv,1200.0,0.01,0,5.6,0.04,5.6,0,56.25,14.0828,0.0270882,0.00548482,14.0828,0.0,0.637708,4600.14
1200_dose_0.01_gradient_0_VconcST_0.04_Vconc_5.6_run_0.csv,1200.0,0.01,0,5.6,0.04,5.6,0,56.5,14.1545,0.0265513,0.00551272,14.1545,0.0,0.63888,140.231
1200_dose_0.01_gradient_0_VconcST_0.04_Vconc_5.6_run_0.csv,1200.0,0.01,0,5.6,0.04,5.6,0,56.75,14.2233,0.0260251,0.00553955,14.2233,0.0,0.64,4638.35
1200_dose_0.01_gradient_0_VconcST_0.04_Vconc_5.6_run_0.csv,1200.0,0.01,0,5.6,0.04,5.6,0,57.0,14.2895,0.0255093,0.00556533,14.2895,0.0,0.64107,149.632
1200_dose_0.01_gradient_0_VconcST_0.04_Vconc_5.6_run_0.csv,1200.0,0.01,0,5.6,0.04,5.6,0,57.25,14.3531,0.0250038,0.00559009,14.3531,0.0,0.642091,4690.45
1200_dose_0.01_gradient_0_VconcST_0.04_Vconc_5.6_run_0.csv,1200.0,0.01,0,5.6,0.04,5.6,0,57.5,14.4141,0.0245082,0.00561384,14.4141,0.0,0.643066,143.593
1200_dose_0.01_gradient_0_VconcST_0.04_Vconc_5.6_run_0.csv,1200.0,0.01,0,5.6,0.04,5.6,0,57.75,14.4726,0.0240225,0.00563661,14.4726,0.0,0.643995,4493.05
1200_dose_0.01_gradient_0_VconcST_0.04_Vconc_5.6_run_0.csv,1200.0,0.01,0,5.6,0.04,5.6,0,58.0,14.5286,0.0235464,0.00565843,14.5286,0.0,0.644881,136.488
1200_dose_0.01_gradient_0_VconcST_0.04_Vconc_5.6_run_0.csv,1200.0,0.01,0,5.6,0.04,5.6,0,58.25,14.5822,0.0230797,0.0056793,14.5822,0.0,0.645724,4620.13
1200_dose_0.01_gradient_0_VconcST_0.04_Vconc_5.6_run_0.csv,1200.0,0.01,0,5.6,0.04,5.6,0,58.5,14.6334,0.0226223,0.00569927,14.6334,0.0,0.646527,134.762
1200_dose_0.01_gradient_0_VconcST_0.04_Vconc_5.6_run_0.csv,1200.0,0.01,0,5.6,0.04,5.6,0,58.75,14.6824,0.022174,0.00571832,14.6824,0.0,0.647291,4583.11
1200_dose_0.01_gradient_0_VconcST_0.04_Vconc_5.6_run_0.csv,1200.0,0.01,0,5.6,0.04,5.6,0,59.0,14.729,0.0217345,0.0057365,14.729,0.0,0.648016,136.231
1200_dose_0.01_gradient_0_VconcST_0.04_Vconc_5.6_run_0.csv,1200.0,0.01,0,5.6,0.04,5.6,0,59.25,14.7735,0.0213038,0.00575382,14.7735,0.0,0.648704,4631.73
1200_dose_0.01_gradient_0_VconcST_0.04_Vconc_5.6_run_0.csv,1200.0,0.01,0,5.6,0.04,5.6,0,59.5,14.8158,0.0208816,0.00577031,14.8158,0.0,0.649356,139.777
1200_dose_0.01_gradient_0_VconcST_0.04_Vconc_5.6_run_0.csv,1200.0,0.01,0,5.6,0.04,5.6,0,59.75,14.856,0.0204677,0.00578597,14.856,0.0,0.649973,4444.73
1200_dose_0.01_gradient_0_VconcST_0.04_Vconc_5.6_run_0.csv,1200.0,0.01,0,5.6,0.04,5.6,0,60.0,14.895,0.0300621,0.00580112,14.895,0.0,0.650557,134.02
1200_dose_0.01_gradient_0_VconcST_0.04_Vconc_5.6_run_0.csv,1200.0,0.01,0,5.6,0.04,5.6,0,60.25,14.9772,0.0294663,0.00583317,14.9772,0.0,0.651809,4521.67
1200_dose_0.01_gradient_0_VconcST_0.04_Vconc_5.6_run_0.csv,1200.0,0.01,0,5.6,0.04,5.6,0,60.5,15.0565,0.0288823,0.00586403,15.0565,0.0,0.653006,131.298
1200_dose_0.01_gradient_0_VconcST_0.04_Vconc_5.6_run_0.csv,1200.0,0.01,0,5.6,0.04,5.6,0,60.75,15.1327,0.0283099,0.00589371,15.1327,0.0,0.65415,4457.37
1200_dose_0.01_gradient_0_VconcST_0.04_Vconc_5.6_run_0.csv,1200.0,0.01,0,5.6,0.04,5.6,0,61.0,15.206,0.0277488,0.00592226,15.206,0.0,0.655243,133.996
1200_dose_0.01_gradient_0_VconcST_0.04_Vconc_5.6_run_0.csv,1200.0,0.01,0,5.6,0.04,5.6,0,61.25,15.2764,0.0271989,0.00594968,15.2764,0.0,0.656287,4500.38
1200_dose_0.01_gradient_0_VconcST_0.04_Vconc_5.6_run_0.csv,1200.0,0.01,0,5.6,0.04,5.6,0,61.5,15.344,0.0266598,0.00597602,15.344,0.0,0.657284,130.506
1200_dose_0.01_gradient_0_VconcST_0.04_Vconc_5.6_run_0.csv,1200.0,0.01,0,5.6,0.04,5.6,0,61.75,15.4089,0.0261314,0.00600129,15.4089,0.0,0.658234,4477.98
1200_dose_0.01_gradient_0_VconcST_0.04_Vconc_5.6_run_0.csv,1200.0,0.01,0,5.6,0.04,5.6,0,62.0,15.4711,0.0256135,0.00602551,15.4711,0.0,0.65914,132.02
1200_dose_0.01_gradient_0_VconcST_0.04_Vconc_5.6_run_0.csv,1200.0,0.01,0,5.6,0.04,5.6,0,62.25,15.5307,0.0251059,0.00604871,15.5307,0.0,0.660004,4342.65
